mountainId,name,region,lists,listLat,listLon,summitLat,summitLon,summitSource,summitNote,trailheadIds,adopted,provisional,candidate,notes
1,礼文岳,北海道,北海道百名山,45.37249,141.01611,45.372493,141.016111,osm:node/3337200036,,TH-n1279002967,0,1,0,
2,利尻山,北海道,日本百名山|日本二百名山|日本三百名山|北海道百名山,45.17861,141.24194,45.1804317,141.2413764,osm:node/1366603241,,TH-n1280146188 TH-n6585469510 TH-n1280133987 TH-n1280134796,1,2,1,
3,ピヤシリ山,北海道,北海道百名山,44.43369,142.58408,44.4337109,142.5840855,osm:node/8711015568,,TH-n2341774523,0,0,1,
4,ピッシリ山,北海道,北海道百名山,44.35556,142.03194,44.3556295,142.0320751,osm:node/2171773920,,TH-n1704618871,1,0,0,
5,ウエンシリ岳,北海道,北海道百名山,44.22889,142.87639,44.2288085,142.876306,osm:node/4308943538,,TH-n12815769706 TH-n1526599610,0,1,1,
6,硫黄山,北海道,北海道百名山,44.13333,145.16139,44.1332868,145.1612924,osm:node/4664981452,,TH-n9034016426 TH-n1425923561,2,0,0,
7,三頭山,北海道,北海道百名山,44.09139,142.08583,44.0915714,142.0860279,osm:node/7176798406,,TH-n3309557762 TH-n3308993355 TH-n1704582184 TH-n1704578298,1,3,0,
8,羅臼岳,北海道,日本百名山|日本二百名山|日本三百名山|北海道百名山,44.07583,145.12222,44.0759225,145.1222288,osm:node/1366603243,,TH-n9034016426 TH-n1425923561 TH-n5930815696 TH-n401625031,2,2,0,
9,天塩岳,北海道,日本二百名山|日本三百名山|北海道百名山,43.96433,142.88797,43.9643833,142.8880407,osm:node/1366603200,,TH-n1534987833 TH-n1648005929 TH-n1648005965,1,0,2,
10,ニセイカウシュッペ山,北海道,日本三百名山|北海道百名山,43.77997,142.98525,43.7796773,142.9843998,osm:node/5279704826,,TH-n2162749690,1,0,0,
11,斜里岳,北海道,日本百名山|日本二百名山|日本三百名山|北海道百名山,43.76556,144.71778,43.7657277,144.7176711,osm:node/1366603214,,TH-n8928803283 TH-n1449676336 TH-n2260578864 TH-gsi-seigakuso,1,1,2,
12,平山,北海道,北海道百名山,43.75998,143.00715,43.7599782,143.0071476,osm:node/4698999435,,TH-n9961342002 TH-n1449149468 TH-n1449178575 TH-gsi-hirayama-hk,0,2,2,
13,武利岳,北海道,北海道百名山,43.73297,143.17651,43.7329519,143.1764472,osm:node/4697546361,,TH-n1449129355,0,0,1,
14,暑寒別岳,北海道,日本二百名山|日本三百名山|北海道百名山,43.71583,141.52294,43.7158667,141.5229333,osm:node/1366603201,,TH-n1601949836 TH-n1601950392 TH-n1717912911 TH-gsi-hashibetsu,2,2,0,
15,愛別岳,北海道,北海道百名山,43.70778,142.85722,43.7079192,142.8571021,osm:node/5279704828,,TH-w28242117 TH-w28242117-2 TH-n4348502050 TH-n9916369521 TH-n8592209040 TH-n829834946 TH-n2162726227 TH-n829834936 TH-n10051073618 TH-n2162725333,2,8,0,
16,武華山,北海道,北海道百名山,43.70573,143.16049,43.7057602,143.1605095,osm:node/4697546362,,TH-n2193454757,0,0,1,
17,黒岳,北海道,北海道百名山,43.69746,142.92027,43.6975492,142.9202628,osm:node/2346969853,,TH-w28242117 TH-w28242117-2 TH-n4348502050 TH-n9916369521 TH-n8592209040 TH-n829834946 TH-n2162726227 TH-n829834936 TH-n8592031422 TH-n9918598718,2,8,0,
18,北鎮岳,北海道,北海道百名山,43.69279,142.87989,43.6927882,142.8798861,osm:node/5279704835,,TH-w28242117 TH-w28242117-2 TH-n4348502050 TH-n9916369521 TH-n8592209040 TH-n829834946 TH-n2162726227 TH-n829834936 TH-n10051073618 TH-n8592031422,3,7,0,
19,赤岳,北海道,北海道百名山,43.67288,142.92486,43.6728777,142.924793,osm:node/4352130165,,TH-w28242117 TH-w28242117-2 TH-n4348502050 TH-n9916369521 TH-n8592209040 TH-n829834946 TH-n2162726227 TH-n829834936 TH-n8592031422 TH-n9918598718,2,8,0,
20,小泉岳,北海道,北海道百名山,43.66669,142.92125,43.6667234,142.9212683,osm:node/4352130160,,TH-w28242117 TH-w28242117-2 TH-n4348502050 TH-n9916369521 TH-n8592209040 TH-n829834946 TH-n2162726227 TH-n829834936 TH-n8592031422 TH-n9918598718,2,8,0,
21,大雪山,北海道,日本百名山|日本二百名山|日本三百名山|北海道百名山,43.66358,142.85414,43.66358,142.85414,famous_mountains.json,,TH-w28242117 TH-w28242117-2 TH-n4348502050 TH-n9916369521 TH-n8592209040 TH-n829834946 TH-n2162726227 TH-n829834936 TH-n8592031422 TH-n9918598718,2,8,0,
22,白雲岳,北海道,北海道百名山,43.66121,142.90592,43.6612052,142.9059197,osm:node/4352130163,,TH-w28242117 TH-w28242117-2 TH-n4348502050 TH-n9916369521 TH-n8592209040 TH-n829834946 TH-n2162726227 TH-n829834936 TH-n8592031422 TH-n9918598718,2,8,0,
23,黄金山,北海道,北海道百名山,43.62409,141.47317,43.624085,141.4731681,osm:node/7755362343,,TH-n2258284128,1,0,0,
24,忠別岳,北海道,北海道百名山,43.59111,142.89444,43.5911197,142.8945223,osm:node/5279704850,,TH-n9916369521 TH-n8592031422 TH-n9918598718 TH-n7205407150,2,2,0,
25,カムイヌプリ,北海道,北海道百名山,43.57229,144.56091,43.5722877,144.5609109,osm:node/4392906940,,TH-n1485832641 TH-n1717737899,1,1,0,
26,ユニ石狩岳,北海道,北海道百名山,43.56451,143.07028,43.5645105,143.0702841,osm:node/5277663992,,TH-n2162687755 TH-n2336625936 TH-n2336625839,0,1,2,
27,音更山,北海道,北海道百名山,43.56167,143.03528,43.5617972,143.0352974,osm:node/5277663991,,TH-n7205407150 TH-n2162687755 TH-n2336625936 TH-n2336625839,1,1,2,
28,西別岳,北海道,北海道百名山,43.55354,144.58175,43.5535137,144.581804,osm:node/4392906941,,TH-n1485832641 TH-n1717737899,1,1,0,
29,石狩岳,北海道,日本二百名山|日本三百名山|北海道百名山,43.54653,143.02225,43.5465578,143.022304,osm:node/1366603202,,TH-n7205407150 TH-n2162687755 TH-n2336625936 TH-n2336625839,1,1,2,
30,トムラウシ,北海道,日本百名山|日本二百名山|日本三百名山|北海道百名山,43.52711,142.84878,43.52711,142.84878,famous_mountains.json,,TH-n1287140000 TH-n1287111683,2,0,0,
31,西クマネシリ岳,北海道,北海道百名山,43.51914,143.23333,43.5191159,143.2332659,osm:node/5277663995,,TH-n2336625566,0,0,1,
32,神居尻山,北海道,北海道百名山,43.50047,141.66253,43.5004716,141.662538,osm:node/10083167752,,TH-n4104232122 TH-n2350502194 TH-n2350503430 TH-n1727566242,0,1,3,
33,ピンネシリ,北海道,北海道百名山,43.49178,141.70674,43.4917817,141.7067409,osm:node/2350501881,,TH-n2350500163 TH-n2350500068 TH-n1727567055 TH-n1352357409 TH-gsi-pinneshiri-ichibangawa,0,2,3,
34,オプタテシケ山,北海道,日本三百名山|北海道百名山,43.47028,142.75167,43.4702614,142.7515411,osm:node/5279537070,,TH-n2109605325 TH-n5915584086 TH-n8266981427 TH-n8266981440 TH-n9928813417 TH-n9988497019 TH-n9928885617 TH-n1287132497 TH-n12652209569 TH-n725271185,3,7,0,
35,ニペソツ山,北海道,日本二百名山|日本三百名山|北海道百名山,43.45601,143.03223,43.4560129,143.0322316,osm:node/1366603222,,TH-n2336619883 TH-n2336621032 TH-n2336624917,1,0,2,
36,雄阿寒岳,北海道,北海道百名山,43.45399,144.16469,43.4540644,144.1645986,osm:node/4358208302,,TH-n2194006310 TH-n6669803188 TH-n5538048728 TH-n5553770843,0,4,0,
37,美瑛岳,北海道,北海道百名山,43.43992,142.70656,43.4399212,142.7065588,osm:node/5279537074,,TH-n2109605325 TH-n5915584086 TH-n8266981427 TH-n8266981440 TH-n9928813417 TH-n9988497019 TH-n9928885617 TH-n1287132497 TH-n12652209569 TH-n725271185,3,7,0,
38,十勝岳,北海道,日本百名山|日本二百名山|日本三百名山|北海道百名山,43.41783,142.68628,43.4178911,142.6862989,osm:node/1366603231,,TH-n2109605325 TH-n5915584086 TH-n8266981427 TH-n8266981440 TH-n9928813417 TH-n9988497019 TH-n9928885617 TH-n1287132497 TH-n12652209569 TH-n2150414225 TH-osm-w575545460,4,7,0,
39,上ホロカメットク山,北海道,北海道百名山,43.40479,142.67174,43.4048994,142.6717615,osm:node/5279537084,,TH-n2109605325 TH-n5915584086 TH-n8266981427 TH-n8266981440 TH-n9928813417 TH-n9988497019 TH-n9928885617 TH-n1287132497 TH-n12652209569 TH-n2150414225,4,6,0,
40,富良野岳,北海道,北海道百名山,43.39374,142.63498,43.3937383,142.634981,osm:node/5279537082,,TH-n2109605325 TH-n5915584086 TH-n8266981427 TH-n8266981440 TH-n9928813417 TH-n9928885617 TH-n1287132497 TH-n12652209569 TH-n725271185 TH-n2150414225,3,7,0,
41,ウペペサンケ山,北海道,北海道百名山,43.38955,143.08207,43.3895474,143.0820762,osm:node/5278612019,,TH-n8592349835 TH-n4930472830,0,0,2,
42,阿寒岳,北海道,日本百名山|日本二百名山|日本三百名山|北海道百名山,43.38632,144.00879,43.38632,144.00879,famous_mountains.json,,TH-n2105633349 TH-n2105631062 TH-n2193993826 TH-n2193994454,2,0,2,
43,富良野西岳,北海道,北海道百名山,43.309162,142.311664,43.3091623,142.3116644,osm:node/8198143800,,TH-n4691765707 TH-n4691765710 TH-n4691765709 TH-n4691634681 TH-n4691634679 TH-w507273148,0,6,0,
44,積丹岳,北海道,北海道百名山,43.270616,140.480338,43.2706164,140.4803379,osm:node/5603040061,,TH-n10708590966,0,1,0,
45,崕山,北海道,北海道百名山,43.285711,142.237676,43.2857105,142.237676,osm:node/8198146190,山頂から400m以内に登山道が無い（1.5km以内の登山道から探索。登山道の無い山・入山規制の可能性）,,0,0,0,
46,白雲山,北海道,北海道百名山,43.25878,143.11525,43.258784,143.1152487,osm:node/5279537105,,TH-n2343160022 TH-n5542694866 TH-gsi-nupuka,0,2,1,
47,芦別岳,北海道,日本二百名山|日本三百名山|北海道百名山,43.23572,142.28353,43.2358333,142.2836111,osm:node/1366603235,,TH-n2150377355 TH-n2150378853,1,1,0,
48,佐幌岳,北海道,北海道百名山,43.17339,142.78101,43.1733299,142.7810765,osm:node/2655256474,,TH-n1287143734 TH-w786502735,1,1,0,
49,手稲山,北海道,北海道百名山,43.076612,141.193194,43.0766117,141.1931943,osm:node/1803515982,,TH-w331945091 TH-n2350155605 TH-gsi-heiwanotaki,0,2,1,
50,夕張岳,北海道,日本二百名山|日本三百名山|北海道百名山,43.09967,142.25103,43.0997,142.2510167,osm:node/1366603218,,TH-n2051423123 TH-n1687289956,2,0,0,
51,余市岳,北海道,日本三百名山|北海道百名山,43.03278,141.01972,43.0327349,141.0197725,osm:node/3292335649,,TH-w264453834 TH-w278755624 TH-n2351005504 TH-n2350246576 TH-gsi-yoichi-kiroro,1,2,2,
52,藻岩山,北海道,北海道百名山,43.022395,141.322339,43.0223946,141.3223386,osm:node/3290130027,,TH-n13680489801 TH-n2320246543 TH-n3822085912 TH-n13540823696 TH-n2506331999 TH-n5727676687 TH-n8625641209 TH-n1781191908 TH-n6436452261 TH-n5781662153,0,10,0,
53,定山溪天狗岳,北海道,北海道百名山,43.01083,141.10853,43.01083,141.10853,famous_mountains.json,,TH-n2350248375 TH-n2350244225 TH-gsi-tengugoya,1,0,2,
54,神威岳,北海道,北海道百名山,43.004494,141.196026,43.0044944,141.1960264,osm:node/1433205471,,TH-n2696394661 TH-n1433186566 TH-n1433186492,0,2,1,
55,無意根山,北海道,北海道百名山,42.93064,141.04068,42.930801,141.0404883,osm:node/3292335667,,TH-n2350240000 TH-n2350231292,1,0,1,
56,雷電山,北海道,北海道百名山,42.90363,140.46964,42.9036335,140.4696392,osm:node/3292335673,,TH-w1030295081 TH-n6422704364 TH-n1304496938 TH-n1304498090,0,4,0,
57,札幌岳,北海道,北海道百名山,42.90028,141.20056,42.900218,141.2005554,osm:node/838386011,,TH-n2350229476 TH-n2350227190 TH-n2350220387 TH-n2350213895,0,1,3,
58,目国内岳,北海道,北海道百名山,42.89973,140.51528,42.8997348,140.5152845,osm:node/1436109896,,TH-w1030295081 TH-n6422704364 TH-n1304496938 TH-n1303312909 TH-gsi-niimitoge,0,4,1,
59,イワオヌプリ,北海道,北海道百名山,42.88464,140.63849,42.8853244,140.6404877,osm:node/7811796135,,TH-n9255414142 TH-w576668162 TH-n1303332760 TH-n1303302763,0,4,0,
60,芽室岳,北海道,北海道百名山,42.86884,142.78542,42.868837,142.785415,osm:node/2170429836,,TH-n2110440175,0,1,0,
61,空沼岳,北海道,北海道百名山,42.86498,141.25362,42.8649847,141.2536171,osm:node/3292335670,,TH-n2350229476 TH-n2350227190 TH-n2350220387 TH-n2350213895 TH-gsi-soranuma,0,2,3,
62,剣山,北海道,北海道百名山,42.848705,142.885057,42.8487115,142.8850586,osm:node/6508839470,,TH-n2110439543,0,1,0,
63,羊蹄山,北海道,日本百名山|日本二百名山|日本三百名山|北海道百名山,42.82667,140.81139,42.8269572,140.8067401,osm:node/204683948,,TH-n829831854 TH-n1266172859 TH-n13591297541 TH-n4283498467 TH-n13589065958 TH-n2350558039 TH-n4283498074 TH-n9430062075 TH-n2350558769,4,4,1,
64,チロロ岳,北海道,北海道百名山,42.82558,142.67539,42.825583,142.6753946,osm:node/5965513425,山頂から400m以内に登山道が無い（1.5km以内の登山道から探索。登山道の無い山・入山規制の可能性）,,0,0,0,
65,ニセコアンヌプリ,北海道,日本三百名山|北海道百名山,42.874996,140.658845,42.8749957,140.6588448,osm:node/10146401986,,TH-n1712230781 TH-n10151978719 TH-n4289785067 TH-n1712230791 TH-n2051053693 TH-n1712230789 TH-n242920762 TH-n242920660 TH-w22650107 TH-w22650110,1,9,0,
66,伏美岳,北海道,北海道百名山,42.775809,142.765592,42.7758091,142.765592,osm:node/2170365535,,TH-n8953416017 TH-n2109987156,0,1,1,
67,恵庭岳,北海道,北海道百名山,42.79333,141.28528,42.7933179,141.2853851,osm:node/3292335658,,TH-n7723111785,1,0,0,
68,ピパイロ岳,北海道,北海道百名山,42.77316,142.72758,42.7731924,142.7276165,osm:node/2109978448,,TH-n8953416017 TH-n2109987156 TH-n1729181933,0,1,2,
69,尻別岳,北海道,北海道百名山,42.77246,140.91055,42.7724622,140.910553,osm:node/3292335655,,TH-n2867871130 TH-n1272764797 TH-n2350556415 TH-n1272764122 TH-gsi-shiribetsu-rusutsu,0,2,3,
70,1967峰,北海道,北海道百名山,42.77228,142.70647,42.7722432,142.7064567,osm:node/12410047480,,TH-n8953416017 TH-n2109987156 TH-n1729181933,0,1,2,
71,北戸蔦別岳,北海道,北海道百名山,42.75056,142.68694,42.750441,142.687078,osm:node/2170342189,,TH-n8953416017 TH-n2109987156 TH-n1729181933,0,1,2,
72,戸蔦別岳,北海道,北海道百名山,42.738654,142.695052,42.738654,142.695052,osm:node/2170340047,,TH-n8953416017 TH-n2109987156 TH-n1729181933,0,1,2,
73,幌尻岳,北海道,日本百名山|日本二百名山|日本三百名山|北海道百名山,42.71944,142.68278,42.7199833,142.6827333,osm:node/1366603199,,TH-n8953416017 TH-n2109987156 TH-n1729181933 TH-osm-n7619799585 TH-osm-n7619799685,2,1,2,
74,風不死岳,北海道,北海道百名山,42.71686,141.35889,42.7168585,141.3588942,osm:node/3292335674,,TH-n829818694 TH-n7725686485 TH-n1633847796 TH-n2332938008,2,1,1,
75,昆布岳,北海道,北海道百名山,42.71028,140.65556,42.7103626,140.6554788,osm:node/3292335659,,TH-n1256542611 TH-osm-n7725309385,1,0,1,
76,十勝幌尻岳,北海道,北海道百名山,42.69556,142.85944,42.6954636,142.859384,osm:node/856764463,山頂から400m以内に登山道が無い（1.5km以内の登山道から探索。登山道の無い山・入山規制の可能性）,TH-gsi-opirinep,0,1,0,
77,樽前山,北海道,日本二百名山|日本三百名山|北海道百名山,42.69056,141.37669,42.6905477,141.376636,osm:node/829818724,山頂から400m以内に登山道が無い（1.5km以内の登山道から探索。登山道の無い山・入山規制の可能性）,TH-n829818694 TH-n7725686485 TH-n1633847796 TH-n2332938008,2,1,1,
78,黒松内岳,北海道,北海道百名山,42.619693,140.2441,42.6196934,140.2440998,osm:node/4305979785,,TH-n7730268385 TH-n2116249019,1,0,1,
79,大平山,北海道,北海道百名山,42.63583,140.13556,42.6359666,140.1355971,osm:node/3292335652,,TH-n7730277285,0,1,0,
80,徳舜瞥山,北海道,北海道百名山,42.63415,141.13129,42.6342192,141.1312723,osm:node/8907290245,,TH-n1257783309 TH-n10585568400 TH-gsi-tokushunbetsu,1,0,2,
81,イドンナップ岳,北海道,北海道百名山,42.63028,142.64889,42.630387,142.648837,osm:node/2170246982,山頂から400m以内に登山道が無い（1.5km以内の登山道から探索。登山道の無い山・入山規制の可能性）,TH-gsi-idonnappu-satsunai,0,1,0,
82,カムイエクウチカウシ山,北海道,日本二百名山|日本三百名山|北海道百名山,42.62506,142.76639,42.6251167,142.7664,osm:node/1366603246,山頂から400m以内に登山道が無い（1.5km以内の登山道から探索。登山道の無い山・入山規制の可能性）,,0,0,0,
83,狩場山,北海道,日本三百名山|北海道百名山,42.61333,139.94056,42.6133408,139.9406083,osm:node/3292335668,,TH-n7730232085 TH-n2005922716 TH-n1698717771 TH-n2005921403 TH-gsi-motta,1,2,2,
84,長万部岳,北海道,北海道百名山,42.58583,140.18944,42.5858826,140.1894639,osm:node/7732860585,,TH-osm-n7732860485,0,1,0,
85,コイカクシュサツナイ岳,北海道,北海道百名山,42.57096,142.82493,42.570935,142.824852,osm:node/2170166528,山頂から400m以内に登山道が無い（1.5km以内の登山道から探索。登山道の無い山・入山規制の可能性）,,0,0,0,
86,オロフレ山,北海道,北海道百名山,42.56594,141.08712,42.5659835,141.0870666,osm:node/7723136785,,TH-n2036532812,1,0,0,
87,1839峰,北海道,北海道百名山,42.53936,142.80811,42.5393734,142.8081035,osm:node/8198086212,山頂から400m以内に登山道が無い（1.5km以内の登山道から探索。登山道の無い山・入山規制の可能性）,,0,0,0,
88,ペテガリ岳,北海道,日本二百名山|日本三百名山|北海道百名山,42.49933,142.87102,42.4993333,142.8710167,osm:node/1366603225,,TH-n1722020927 TH-n2269604715,1,0,1,
89,鷲別岳,北海道,北海道百名山,42.43564,141.00307,42.4356397,141.0030741,osm:node/3257872599,,TH-n4609020292 TH-w999081284 TH-w999081284-2 TH-n3733261832 TH-gsi-muroran-sanroku,1,3,1,
90,神威岳,北海道,日本三百名山|北海道百名山,42.428333,142.906944,42.4284486,142.9068793,osm:node/8637283741,,TH-n1466220149,1,0,0,
91,ピセナイ山,北海道,北海道百名山,42.41361,142.63778,42.4136106,142.6377492,osm:node/1721984633,,TH-n1721986998,0,1,0,
92,楽古岳,北海道,北海道百名山,42.27251,143.11125,42.2725144,143.1111297,osm:node/273135100,,TH-n1739319601 TH-n2358352520,0,1,1,
93,遊楽部岳,北海道,北海道百名山,42.21889,140.01028,42.2190178,140.0103491,osm:node/3292335672,,,0,0,0,
94,雄鉾岳,北海道,北海道百名山,42.15396,140.11641,42.1539584,140.1164085,osm:node/8689027223,山頂から400m以内に登山道が無い（1.5km以内の登山道から探索。登山道の無い山・入山規制の可能性）,TH-gsi-oboko,0,1,0,
95,アポイ岳,北海道,北海道百名山,42.10789,143.02571,42.1078829,143.0256734,osm:node/4127168941,,TH-n1722888106 TH-n1722881734 TH-n1722913022,0,2,1,
96,駒ヶ岳,北海道,日本二百名山|日本三百名山|北海道百名山,42.063028,140.67722,42.0632712,140.6772408,osm:node/263099699,山頂から400m以内に登山道が無い（1.5km以内の登山道から探索。登山道の無い山・入山規制の可能性）,TH-n2630094848 TH-n9107370832 TH-n1501665343,1,0,2,
97,乙部岳,北海道,北海道百名山,42.039368,140.274583,42.0393683,140.2745832,osm:node/3154336235,,TH-n2068345286 TH-n2068343325,2,0,0,
98,恵山,北海道,北海道百名山,41.80468,141.16616,41.8046777,141.1661554,osm:node/3292335657,,TH-n4838816434 TH-kP11-22-01-bs13731 TH-n1625698675 TH-n1625696864 TH-kP11-22-01-bs14031,1,4,0,
99,函館山,北海道,北海道百名山,41.759319,140.703984,41.7593192,140.703984,osm:node/263002494,,TH-n326603235 TH-w454280224 TH-kP11-22-01-bs14241 TH-n757023195 TH-n263002325,0,5,0,
100,大千軒岳,北海道,日本三百名山|北海道百名山,41.57926,140.16112,41.5792634,140.1611222,osm:node/3292335651,,TH-n1261640379 TH-n1261751602 TH-n1261643568,1,0,2,
101,縫道石山,東北,東北百名山,41.31328,140.84711,41.3132818,140.8471083,osm:node/7053638404,,TH-n1249205903 TH-n1252434937 TH-n1250360650,1,0,2,
102,吹越烏帽子,東北,東北百名山,41.03745,141.31701,41.0374482,141.3170112,osm:node/3258247274,山頂から400m以内に登山道が無い（1.5km以内の登山道から探索。登山道の無い山・入山規制の可能性）,TH-n1229328660 TH-n1229290623 TH-n1244397980 TH-gsi-fukkoshi-eboshi,0,1,3,
103,袴腰岳,東北,東北百名山,40.995611,140.521611,40.9955771,140.5215955,osm:node/7055988685,,TH-n1308919749 TH-n1311486644 TH-gsi-hakamagoshi-c,1,0,2,
104,八甲田山,東北,日本百名山|日本二百名山|日本三百名山|東北百名山,40.65883,140.87725,40.6588874,140.8773381,osm:node/3258247280,,TH-n2417779397 TH-n2417845539 TH-n4383043606 TH-w233387602 TH-n6992606948,2,3,0,
105,岩木山,東北,日本百名山|日本二百名山|日本三百名山|東北百名山,40.65589,140.30308,40.6559087,140.3030679,osm:node/4382929357,,TH-n4382928682 TH-w505920494 TH-n4957498388 TH-n11276148207 TH-w505920496 TH-w505920494-2 TH-gsi-dake-iwaki,2,5,0,
106,南八甲田,東北,東北百名山,40.60319,140.84258,40.60319,140.84258,famous_mountains.json,,TH-n5052897434 TH-n1264430082 TH-n1266121495 TH-n1266143841 TH-gsi-sarukura,0,2,3,
107,天狗岳,東北,東北百名山,40.52722,140.08444,40.5271432,140.0843508,osm:node/7294285780,,TH-n1261702726,1,0,0,
108,白神岳,東北,日本二百名山|日本三百名山|東北百名山,40.50444,140.01944,40.5036242,140.0186679,osm:node/3258247284,,TH-n9053236356 TH-n1261689907,1,1,0,
109,戸来岳,東北,東北百名山,40.452929,141.001605,40.4529286,141.0016049,osm:node/3258247283,,TH-n1244497782 TH-n1266186673 TH-n1244481195 TH-n1244489015,0,2,2,
110,白地山,東北,東北百名山,40.44718,140.78817,40.4472043,140.7881534,osm:node/7056572670,,TH-n1281107766 TH-n1266073839 TH-n1281091550 TH-n1266232906 TH-gsi-namariyama,0,5,0,
111,小岳,東北,東北百名山,40.43279,140.19778,40.4327988,140.1977854,osm:node/7090457361,山頂から400m以内に登山道が無い（1.5km以内の登山道から探索。登山道の無い山・入山規制の可能性）,TH-gsi-kodake,1,0,0,
112,田代岳,東北,東北百名山,40.42861,140.40889,40.4284922,140.408833,osm:node/7090457350,,TH-n1262875705 TH-n9084135993 TH-n1262956619 TH-n1262710756,1,0,3,
113,十和利山,東北,東北百名山,40.42694,140.98514,40.4269569,140.9851563,osm:node/7052083796,,TH-n1244497782 TH-n1266186673 TH-n1244481195 TH-n1266200504,0,3,1,
114,藤里駒ヶ岳,東北,東北百名山,40.41278,140.25111,40.41278,140.25111,famous_mountains.json,,TH-n7226729756 TH-n1254911910 TH-n1254892620 TH-n1254903560,1,0,3,
115,竜ヶ森,東北,東北百名山,40.10386,140.59965,40.1039424,140.5995941,osm:node/7379972006,,TH-n12060324872 TH-kP11-22-05-bs1180 TH-n1262968888 TH-n1262726610 TH-gsi-ryugamori-higashinomata TH-gsi-ryugamori-kanzawa,2,2,2,
116,七時雨山,東北,東北百名山,40.07098,141.10836,40.0692699,141.10555,osm:node/3259131471,,TH-n1239960403 TH-n1239997296 TH-n1239965054 TH-n1240010051,0,1,3,
117,安家森,東北,東北百名山,40.03804,141.54092,40.0380426,141.5409154,osm:node/3259131472,,TH-n1233650389 TH-n1229289150 TH-n1233694463 TH-gsi-akkamori,1,0,3,
118,森吉山,東北,日本二百名山|日本三百名山|東北百名山,39.97675,140.54417,39.9767641,140.5441784,osm:node/3259131474,,TH-n3065036770 TH-n1254954609 TH-n1255022713 TH-n1254961228 TH-osm-n6847372150,1,2,2,
119,秋田焼山,東北,東北百名山,39.96389,140.75706,39.9638221,140.7570184,osm:node/3259131478,,TH-n7615424234 TH-n1289909030 TH-n1266268115 TH-n1266267413 TH-n1266222529,0,5,0,
120,八幡平,東北,日本百名山|日本二百名山|日本三百名山|東北百名山,39.95784,140.85417,39.9578354,140.8541734,osm:node/3259131479,,TH-n727644728 TH-n4386380396 TH-n1238744243 TH-n1238743957 TH-n1266282577 TH-n1289941185,1,5,0,
121,三ツ石山,東北,東北百名山,39.85128,140.89647,39.85128,140.89647,famous_mountains.json,,TH-kP11-22-03-bs1574 TH-n1238722938 TH-n727644496 TH-n1233746809,0,3,1,
122,岩手山,東北,日本百名山|日本二百名山|日本三百名山|東北百名山,39.852583,141.001092,39.8501526,141.0020918,osm:node/5214573299,,TH-n1269138920 TH-w519079942 TH-n6420623950 TH-w519079944 TH-n1266518348 TH-w519079943 TH-w519079944-2 TH-w519079942-2 TH-kP11-22-03-bs1529 TH-n1233747532,4,6,0,
123,姫神山,東北,日本二百名山|日本三百名山|東北百名山,39.84389,141.24691,39.8438888,141.2469069,osm:node/3259271869,,TH-n1270933093 TH-n1270994775 TH-n1270909814 TH-n1270923848,1,2,1,
124,大白森,東北,東北百名山,39.8424342,140.786801,39.8419483,140.7850635,osm:node/8440051577,,TH-n6813373061 TH-n1289981080 TH-n5093863435 TH-n1289976759,1,3,0,
125,烏帽子岳,東北,日本三百名山|東北百名山,39.80491,140.83853,39.804804,140.8386541,osm:node/3259131475,,TH-n6813373061 TH-n1289981080 TH-n5093863435 TH-n1289976759 TH-n2964285770 TH-n325588477 TH-n1297691475 TH-n1289990940,2,6,0,Wikipediaの表記は「乳頭山（烏帽子岳）」
126,太平山,東北,日本三百名山|東北百名山,39.79703,140.31064,39.7970347,140.3106442,osm:node/3259271868,,TH-n1386288556 TH-n8806898560 TH-w421373026 TH-kP11-22-05-bs2168 TH-n1386232108 TH-n1386202333,1,5,0,
127,秋田駒ヶ岳,東北,日本二百名山|日本三百名山|東北百名山,39.761133,140.799386,39.7530656,140.7956815,osm:node/3578270582,,TH-n5093863435 TH-n1289976759 TH-n2964285770 TH-n325588477 TH-n1297691475 TH-n7109234648,2,4,0,
128,兜明神岳,東北,東北百名山,39.65613,141.36975,39.65613,141.36975,famous_mountains.json,,TH-n1229711267 TH-n1229621122,1,1,0,
129,和賀岳,東北,日本二百名山|日本三百名山|東北百名山,39.57039,140.75425,39.5704314,140.7542664,osm:node/3259271865,,TH-n1246562659 TH-n1246566458 TH-n1304550580 TH-n1290011711,2,0,2,
130,早池峰山,東北,日本百名山|日本二百名山|日本三百名山|東北百名山,39.55835,141.48899,39.5583664,141.4890221,osm:node/3259271873,,TH-n7722369585 TH-n1232767082 TH-n1264897164 TH-n1264792134,2,2,0,
131,薬師岳,東北,東北百名山,39.52993,141.49574,39.5299342,141.49574,osm:node/3259271880,,TH-n1232767082 TH-n1229749210 TH-n1232811843,1,1,1,
132,真昼岳,東北,東北百名山,39.44778,140.67667,39.4478664,140.676541,osm:node/3259271878,,TH-n1304475952 TH-n1304456367 TH-n1304471013 TH-n1304445961,1,0,3,
133,女神山,東北,東北百名山,39.41696,140.67511,39.4169798,140.675113,osm:node/733883834,,TH-n1304475952 TH-n1304471013 TH-n1304445961 TH-n1246554066,1,1,2,
134,鯨山,東北,東北百名山,39.40126,141.92282,39.40126,141.92282,famous_mountains.json,山頂から400m以内に登山道が無い（1.5km以内の登山道から探索。登山道の無い山・入山規制の可能性）,TH-n1262169432 TH-n1262156295 TH-n1262158436 TH-osm-n264237096,1,0,3,
135,六角牛山,東北,東北百名山,39.31834,141.65019,39.318336,141.6501914,osm:node/3259271863,,TH-n1232563267 TH-n1232810449 TH-n1232629683,0,1,2,
136,五葉山,東北,日本三百名山|東北百名山,39.20398,141.72914,39.2054424,141.7321268,osm:node/3259271861,,TH-kP11-22-03-bs4827 TH-n1267108190 TH-n1260871223 TH-n1260865242 TH-gsi-akasakatoge,1,3,1,
137,牛形山,東北,東北百名山,39.20174,140.86031,39.2016968,140.8603109,osm:node/7216041198,,TH-n962950579 TH-n4704653795 TH-n4704648089 TH-w1130595118 TH-n1255659998 TH-n1259658043 TH-n1259693573 TH-n8702481681,1,7,0,
138,焼石岳,東北,日本二百名山|日本三百名山|東北百名山,39.16369,140.82883,39.1637016,140.8288204,osm:node/3259271876,,TH-n962950579 TH-n4704653795 TH-n4704648089 TH-w1130595118 TH-n1255659998 TH-n8702481681,1,5,0,
139,鳥海山,東北,日本百名山|日本二百名山|日本三百名山|東北百名山,39.09936,140.04889,39.0994118,140.0487232,osm:node/3740788022,,TH-n1383095118 TH-n7660189286 TH-n1360333032 TH-n1338701134 TH-n1338508454 TH-n1360351037,4,2,0,
140,氷上山,東北,東北百名山,39.05893,141.66055,39.058925,141.6605472,osm:node/8544404705,,TH-kP11-22-03-bs5378 TH-n1267022916 TH-n1257697710 TH-n1257697762 TH-gsi-hikami-chuo TH-gsi-hikami-suzuran,3,1,2,
141,丁岳,東北,東北百名山,39.03194,140.21944,39.0320319,140.2193541,osm:node/1358906879,,TH-n1338506547,0,0,1,
142,甑山,東北,東北百名山,39.012059,140.310582,39.012059,140.310582,famous_mountains.json,,TH-n1364064551 TH-n1364062918 TH-gsi-maemoriyama-rindo,1,0,2,
143,高松岳,東北,東北百名山,38.9678967,140.606112,38.9676923,140.6063183,osm:node/3259276213,,TH-n1364635771 TH-n1364609848 TH-n1364566463 TH-n1364613704,2,0,2,
144,栗駒山,東北,日本二百名山|日本三百名山|東北百名山,38.96107,140.78833,38.9609164,140.7884242,osm:node/861562982,,TH-n5094654422 TH-n863424499 TH-n2222996601 TH-n954201374 TH-n2236849629,2,2,1,
145,虎毛山,東北,東北百名山,38.90472,140.61889,38.904601,140.6188125,osm:node/3259276212,,TH-n1364635771 TH-n1364609848 TH-n1364566463 TH-n1364576655,2,0,2,
146,神室山,東北,日本二百名山|日本三百名山|東北百名山,38.90222,140.49231,38.9022527,140.4922998,osm:node/3259276208,,TH-n1448461654 TH-n1448460769 TH-n1361307746 TH-n1364564548 TH-gsi-nishinomata,1,2,2,
147,須金岳,東北,東北百名山,38.89216,140.65502,38.8921091,140.6550165,osm:node/8636748897,,TH-n2170616795 TH-n2170615516 TH-n2170615205 TH-n2170615281,0,0,4,
148,小又山,東北,東北百名山,38.86287,140.48568,38.862894,140.4856844,osm:node/1448459334,,TH-n1448461654 TH-n1448460769 TH-n1361307746 TH-n1448453066 TH-gsi-nishinomata-komata,1,2,2,
149,徳仙丈山,東北,東北百名山,38.84848,141.47001,38.8484238,141.4698431,osm:node/3259276204,,TH-n7594192514 TH-n7594192654,1,0,1,
150,禿岳,東北,東北百名山,38.81097,140.59522,38.8109461,140.5951271,osm:node/3259276209,,TH-n2170612201 TH-n2170613604 TH-n1448434001,1,0,2,
151,杢蔵山,東北,東北百名山,38.78944,140.40139,38.7895764,140.4013725,osm:node/3259293974,,TH-n1258428439 TH-n1258484195 TH-n1258454981 TH-n1448427112 TH-gsi-yamaya-mokuzo,1,0,4,
152,翁山,東北,東北百名山,38.65084,140.54483,38.6508447,140.5448269,osm:node/3259293980,,TH-n1259696209 TH-n1259786543,1,0,1,
153,薬萊山,東北,東北百名山,38.57556,140.70542,38.5755602,140.7052441,osm:node/3259276211,,TH-w484303394 TH-n2179921094,0,2,0,
154,月山,東北,日本百名山|日本二百名山|日本三百名山|東北百名山,38.54889,140.02694,38.5486934,140.0268363,osm:node/3259293973,,TH-n1253636523 TH-n3702974301 TH-n7254825526 TH-n1234505476,3,1,0,
155,葉山,東北,東北百名山,38.52917,140.21056,38.529285,140.2105386,osm:node/3259293981,,TH-n1251773518 TH-n1270931227 TH-n1270928677 TH-n1270974034,1,0,3,
156,摩耶山,東北,日本三百名山|東北百名山,38.52028,139.72778,38.5202376,139.7278379,osm:node/3259293972,,TH-n1253679469 TH-n7500078494 TH-n7500078345 TH-gsi-koshizawa TH-gsi-maya-kurasawa TH-gsi-maya-sekigawa,1,2,3,
157,甑岳,東北,東北百名山,38.48683,140.44743,38.4870188,140.4475048,osm:node/1259116019,,TH-n1259104319 TH-n1259112230 TH-n1259096246 TH-n1259118116 TH-osm-n2081644195,0,3,2,
158,船形山,東北,日本二百名山|日本三百名山|東北百名山,38.45548,140.61997,38.4554556,140.6198594,osm:node/3259286463,,TH-n11119841164 TH-w1065572765 TH-n4770318383 TH-n4769554741 TH-n4770318385 TH-n2081639740 TH-gsi-hatasaka TH-gsi-funagata-otaki,1,7,0,
159,黒伏山,東北,東北百名山,38.44717,140.53038,38.4471651,140.5303806,osm:node/8195995128,,TH-w1065572765 TH-n8711853009 TH-n1259736906 TH-n2081639740 TH-gsi-kurobushi,0,3,2,
160,七ッ森,東北,東北百名山,38.405295,140.812048,38.405295,140.812048,famous_mountains.json,,TH-n1275297658 TH-gsi-shingyoji,1,0,1,
161,泉ヶ岳,東北,日本三百名山|東北百名山,38.41194,140.70889,38.4115286,140.7100181,osm:node/3259286461,,TH-n11119841164 TH-n4770318383 TH-n4769554741 TH-n4770318385 TH-n1267266464 TH-n1267274052 TH-n1267256517,1,5,1,
162,面白山,東北,東北百名山,38.34864,140.52233,38.3486632,140.5223716,osm:node/8195947088,,TH-n1235806598 TH-w1487061488 TH-w1487061489 TH-n8712620168 TH-w1487061491 TH-w1487061490 TH-n1247242710,1,6,0,
163,以東岳,東北,日本二百名山|日本三百名山|東北百名山,38.34292,139.84898,38.3429755,139.8490589,osm:node/3259293970,,TH-n1253793279 TH-n1253647906 TH-n1234453937 TH-n1234475442,1,0,3,
164,大東岳,東北,東北百名山,38.30217,140.52356,38.3021603,140.523547,osm:node/3259286356,,TH-n1235806598 TH-w1487061488 TH-w1487061489 TH-n8712620168 TH-w1487061491 TH-w1487061490 TH-n1247242710,1,6,0,
165,朝日連峰,東北,日本百名山|日本二百名山|日本三百名山|東北百名山,38.26083,139.92222,38.26055,139.9223257,osm:node/3259293971,,TH-n1258595121 TH-n6504219904 TH-n1258604358 TH-n1234515663,2,0,2,
166,神室岳,東北,東北百名山,38.25564,140.48546,38.2556387,140.4854583,osm:node/8196010414,,TH-n1232577977 TH-n3766795533 TH-n1235806498 TH-n2360086777,0,1,3,
167,白鷹山,東北,東北百名山,38.22272,140.17306,38.2227179,140.1730633,osm:node/3259293977,,TH-n2359982458 TH-n2359985811 TH-n2359986212 TH-n2359902913 TH-gsi-takehara,1,2,2,
168,雁戸山,東北,東北百名山,38.19909,140.47741,38.1991162,140.4772679,osm:node/768713634,,TH-n1232577977 TH-n3702582422 TH-n4788919747 TH-n4788919748 TH-n3702582421 TH-n10074098044 TH-n3152528743 TH-kP11-22-06-bs2291 TH-n4788919745 TH-kP11-22-06-bs2294 TH-n957115735,0,11,0,
169,祝瓶山,東北,日本三百名山|東北百名山,38.19761,139.87961,38.1976234,139.8795969,osm:node/3259293978,,TH-n6504219904 TH-n2359962270 TH-gsi-hariudaira TH-gsi-iwaigame-sanso,1,1,2,
170,蔵王山,東北,日本百名山|日本二百名山|日本三百名山|東北百名山,38.1436,140.44,38.1438887,140.4397621,osm:node/3259286462,,TH-n3702582422 TH-n4788919747 TH-n4788919748 TH-n3702582421 TH-n10074098044 TH-n3152528743 TH-n4788919745 TH-n957115735 TH-n3152528745 TH-n3152528749 TH-gsi-karitasancho,1,10,0,
171,金北山,甲信越,日本三百名山|甲信越百名山,38.10382,138.34983,38.1038198,138.3498251,osm:node/860815283,,TH-n2017804273 TH-n2017804668 TH-n2017809218 TH-n860809661,1,0,3,
172,屏風岳,東北,東北百名山,38.09583,140.47611,38.095715,140.4761729,osm:node/3259286359,,TH-n4745195744 TH-n4747268831 TH-n4745195740 TH-n4747268519 TH-n4745195742 TH-n4747268515 TH-n4747268520 TH-n4747268828 TH-n4747268516 TH-n7688189865 TH-gsi-kattatoge,0,11,0,
173,青麻山,東北,東北百名山,38.08481,140.60761,38.0847547,140.607603,osm:node/3259286465,,TH-n1297880291 TH-n9747671760 TH-n1304373563 TH-n1304391887 TH-gsi-shimobetto,0,1,4,
174,杁差岳,甲信越,日本二百名山|日本三百名山|甲信越百名山,37.94261,139.60883,37.9426068,139.6088383,osm:node/3261275205,,TH-n4730366633 TH-n1249421618 TH-n1242870481 TH-n1249365167,1,1,2,Wikipediaの表記は「朳差岳」
175,二王子岳,甲信越,日本二百名山|日本三百名山|甲信越百名山,37.89964,139.49914,37.8996211,139.4991464,osm:node/3261275211,,TH-n1240612426,1,0,0,
176,北股岳,東北,東北百名山,37.87995,139.63859,37.8799523,139.638587,osm:node/3261275216,,TH-n4730366633 TH-n1242895861 TH-n1249446140 TH-n1240556944,0,2,2,
177,岩岳,東北,東北百名山,37.85583,140.76475,37.85583,140.76475,famous_mountains.json,山頂から400m以内に登山道が無い（1.5km以内の登山道から探索。登山道の無い山・入山規制の可能性）,TH-n1227615444 TH-n4339618977 TH-n1227755363 TH-n1227738099,0,3,1,
178,飯豊山,東北,日本百名山|日本二百名山|日本三百名山|東北百名山,37.85486,139.70712,37.8548599,139.7071198,osm:node/366103279,,TH-n4730366633 TH-n4359786398 TH-n1255044547 TH-n2352305005 TH-n1249395717,1,2,2,
179,栂峰,東北,東北百名山,37.82809,139.93737,37.8280882,139.937372,osm:node/7255003712,,TH-n1255526721 TH-n1257198412 TH-n1255497937 TH-n1255523122,0,2,2,
180,蒜場山,甲信越,甲信越百名山,37.79568,139.52795,37.795634,139.527902,osm:node/8639290308,山頂から400m以内に登山道が無い（1.5km以内の登山道から探索。登山道の無い山・入山規制の可能性）,TH-gsi-hirubayama,1,0,0,
181,霊山,東北,東北百名山,37.76865,140.68725,37.7687999,140.6873676,osm:node/3259600546,,TH-n5143106498 TH-n1227479506 TH-n5143106342 TH-n1227518965,1,1,2,
182,吾妻山,東北,日本百名山|日本二百名山|日本三百名山|東北百名山,37.73806,140.14056,37.7381894,140.1404111,osm:node/3259600542,,TH-n3676477965 TH-w254090114 TH-n2599117385 TH-w363485100 TH-n2599117640 TH-n2599117536 TH-w363485100-2 TH-w363485099 TH-n1236889281 TH-n1242751611,2,8,0,
183,一切経山,東北,日本三百名山|東北百名山,37.73528,140.24444,37.7354063,140.2443368,osm:node/311928802,,TH-n3676477965 TH-w363485100 TH-n2599117640 TH-w363485100-2 TH-w363485099 TH-n6544621375 TH-n1444062278 TH-n287002012 TH-n286911415 TH-n1236916769,2,8,0,
184,安達太良山,東北,日本百名山|日本二百名山|日本三百名山|東北百名山,37.62113,140.28786,37.6211118,140.2878724,osm:node/314604464,,TH-n286906542 TH-n3265050034 TH-n2599176528 TH-n3262686817 TH-n2599176494 TH-n2599175879 TH-n286906453 TH-n12338356513 TH-n2628060295 TH-n2599176228 TH-gsi-adatara-shiozawa TH-gsi-adatara-numajiri,1,11,0,
185,磐梯山,東北,日本百名山|日本二百名山|日本三百名山|東北百名山,37.60098,140.07224,37.6009797,140.0722448,osm:node/314604715,,TH-n3779984642 TH-n2359582246 TH-n2598459372 TH-n10065751315 TH-w253928745 TH-w253254420 TH-w253254420-2 TH-w253254419 TH-n2598459331 TH-w253928730 TH-gsi-inawashiro-ski,2,9,0,
186,粟ヶ岳,甲信越,日本三百名山,37.5552777,139.1886111,37.5552256,139.1887367,osm:node/3261275239,,TH-n1239382392 TH-n1239387771 TH-n1239383670 TH-n2358711229 TH-w957420554 TH-gsi-kitaioikawa,1,1,4,
187,御神楽岳,東北,日本二百名山|日本三百名山|東北百名山|甲信越百名山,37.52189,139.42586,37.5218876,139.4258733,osm:node/3261275224,,TH-n1234293387 TH-n1234237301 TH-n1235464889 TH-gsi-muroya,1,0,3,
188,鎌倉岳,東北,東北百名山,37.46701,140.68897,37.4670115,140.6889683,osm:node/3259600545,,TH-gsi-hagidaira,0,1,0,
189,額取山,東北,東北百名山,37.45026,140.22041,37.4502746,140.2204102,osm:node/3978881988,,TH-n6741760363 TH-n1229479815 TH-n1229474324 TH-n1229480426,1,0,3,
190,守門岳,甲信越,日本二百名山|日本三百名山|甲信越百名山,37.39767,139.13656,37.3977645,139.1365776,osm:node/3261275220,,TH-n8735634667 TH-n1385080421 TH-n1385131049 TH-n1385114935 TH-gsi-omata-ohara,1,2,2,
191,蒲生岳,東北,東北百名山,37.38854,139.33551,37.3885372,139.3355107,osm:node/4053501194,,TH-n1260472141 TH-n1260473581,1,0,1,
192,志津倉山,東北,東北百名山,37.368024,139.628585,37.368024,139.628585,famous_mountains.json,山頂から400m以内に登山道が無い（1.5km以内の登山道から探索。登山道の無い山・入山規制の可能性）,TH-n1236858525 TH-n1234378939,0,1,1,
193,博士山,東北,東北百名山,37.36319,139.71474,37.3631882,139.7147444,osm:node/3259600525,,TH-n1261167032 TH-n1261157004 TH-n3886716938,1,0,2,
194,大滝根山,東北,日本三百名山,37.355,140.7016666,37.3548739,140.701592,osm:node/3259600526,,TH-n1232794112 TH-n1232227179 TH-n1232334893 TH-n1232834689,1,1,2,
195,浅草岳,東北,日本三百名山|東北百名山|甲信越百名山,37.34365,139.23351,37.343603,139.2335809,osm:node/3259600535,,TH-n1260654071 TH-n300833252 TH-w549887859 TH-n1384995565 TH-n1260472773 TH-n1384771441,3,2,1,
196,小野岳,東北,東北百名山,37.32592,139.88658,37.3259113,139.8865745,osm:node/3259600527,,TH-n2359694593 TH-gsi-ono-kannon,2,0,0,
197,米山,甲信越,日本三百名山|甲信越百名山,37.289586,138.484006,37.2895863,138.4840057,osm:node/510188759,,TH-n2057216700 TH-n510188442 TH-n2057224211 TH-n2008596222 TH-gsi-yoneyama-ohira TH-gsi-shimomaki TH-gsi-mizuno-rindo,1,2,4,
198,蓬田岳,東北,東北百名山,37.26581,140.53471,37.2658128,140.534706,osm:node/3259600541,,TH-n3266608888 TH-n2359744864 TH-n2359744916 TH-n1310762940 TH-gsi-yomogitashinden,1,1,3,
199,二岐山,東北,日本三百名山|東北百名山,37.24639,139.96736,37.2464224,139.9673572,osm:node/5337415228,,TH-n1231900113 TH-n1231927910,1,0,1,
200,会津朝日岳,東北,日本二百名山|日本三百名山|東北百名山,37.22114,139.33964,37.2211735,139.3396702,osm:node/3259600531,,TH-n1260526432,1,0,0,
201,二ッ箭山,東北,東北百名山,37.17308,140.87039,37.17308,140.87039,famous_mountains.json,,TH-n4176914784 TH-n3772995966 TH-n4176914378 TH-gsi-futatsuya-nemoto,1,1,2,
202,三本槍岳,東北,関東百名山,37.15009,139.96146,37.1500927,139.9614591,osm:node/3259600522,,TH-n294052573 TH-kP11-22-09-bs2 TH-n6006711725 TH-w242825659 TH-kP11-22-07-bs4057 TH-kP11-22-07-bs3816 TH-n2086617518 TH-n1481331289 TH-n294051960 TH-n2086609514,2,8,0,
203,那須岳,東北,日本百名山|日本二百名山|日本三百名山|東北百名山|関東百名山,37.124918,139.962901,37.1249179,139.9629008,osm:node/3260851378,,TH-n294052573 TH-kP11-22-09-bs2 TH-n6006711725 TH-w242825659 TH-kP11-22-07-bs4057 TH-n2086617518 TH-n1481331289 TH-n294051960 TH-n2086609514 TH-n2359671735,2,7,1,
204,七ヶ岳,東北,日本三百名山|東北百名山,37.12439,139.65738,37.1243048,139.6574744,osm:node/3259600520,,TH-n1235678972 TH-n3263132867 TH-n1235491529 TH-n1235484161 TH-gsi-kuromorisawa,1,2,2,
205,越後駒ヶ岳,甲信越,日本百名山|日本二百名山|日本三百名山|甲信越百名山,37.12364,139.07525,37.12364,139.07525,famous_mountains.json,,TH-n301037600 TH-n5916378998 TH-n1384031608 TH-n2354159381,2,2,0,
206,八海山,甲信越,日本二百名山|日本三百名山|甲信越百名山,37.10392,139.02403,37.1039362,139.0241032,osm:node/3261275215,,TH-n5916378998 TH-n2354159381 TH-n11348362013 TH-n2354194882 TH-gsi-hakkai-byobu TH-ksj-P11-22-15-bs6515,1,4,1,
207,荒沢岳,甲信越,日本二百名山|甲信越百名山,37.10049,139.14819,37.10049,139.1481918,osm:node/3261275242,,TH-n2354159381 TH-n1383997763 TH-n1383997509 TH-n2354148542 TH-gsi-ginzandaira,1,3,1,
208,男鹿岳,東北,日本三百名山,37.0852777,139.8219444,37.0853092,139.822077,osm:node/3259600538,山頂から400m以内に登山道が無い（1.5km以内の登山道から探索。登山道の無い山・入山規制の可能性）,,0,0,0,
209,中ノ岳,甲信越,日本二百名山|日本三百名山|甲信越百名山,37.08525,139.07761,37.0852732,139.0775937,osm:node/3261275209,,TH-n301037600 TH-n5916378998 TH-n1384031608 TH-n2354159381,2,2,0,
210,三岩岳,東北,東北百名山,37.08187,139.37965,37.08187,139.37965,famous_mountains.json,,TH-n1235550830 TH-n1235628990 TH-n1235582494,2,1,0,
211,会津駒ヶ岳,東北,日本百名山|日本二百名山|日本三百名山|東北百名山,37.04759,139.35375,37.0475893,139.3537531,osm:node/3259600548,,TH-n1234429889 TH-n1234436981 TH-n1234425826 TH-n1234439482,3,1,0,
212,日留賀岳,関東,関東百名山,37.03885,139.79303,37.0388488,139.7930274,osm:node/4309380553,,TH-n1481318388 TH-n1481306753 TH-gsi-hiruga-shirato,0,1,2,
213,荒海山,東北,日本三百名山|東北百名山,37.03609,139.64376,37.0360884,139.643762,osm:node/3259600540,,TH-n1235651732 TH-gsi-arakaiyama,1,0,1,
214,平ヶ岳,甲信越,日本百名山|日本二百名山|日本三百名山|甲信越百名山,37.00223,139.17086,37.0022277,139.1708614,osm:node/3261275223,,TH-w1311703720 TH-n1383983940 TH-n1383982501,1,1,1,
215,巻機山,甲信越,日本百名山|日本二百名山|日本三百名山|甲信越百名山,36.97861,138.96417,36.9785898,138.9644241,osm:node/1275890209,,TH-kP11-22-15-bs7875 TH-kP11-22-15-bs7775 TH-kP11-22-15-bs7830 TH-n1275883841,1,3,0,
216,青海黒姫山,甲信越,日本三百名山,36.9766666,137.79,36.9766666,137.79,famous_mountains.json,,TH-n1249518859 TH-n1249486804,1,0,1,Wikipediaの表記は「黒姫山」
217,田代山,東北,東北百名山,36.97417,139.47976,36.9743976,139.4785403,osm:node/3259600537,,TH-n1235496959 TH-n1235623949 TH-n1235598850 TH-n2016679942,3,1,0,
218,帝釈山,東北,日本二百名山|日本三百名山|東北百名山,36.96981,139.45997,36.9698178,139.4599948,osm:node/3259600529,,TH-n1235496959 TH-n1235623949 TH-n1235598850 TH-n2016679942,3,1,0,
219,景鶴山,関東,日本三百名山,36.9569444,139.2105555,36.9568909,139.2106155,osm:node/3261275229,山頂から400m以内に登山道が無い（1.5km以内の登山道から探索。登山道の無い山・入山規制の可能性）,,0,0,0,
220,燧ヶ岳,東北,日本百名山|日本二百名山|日本三百名山|東北百名山,36.955131,139.285461,36.952958,139.2872596,osm:node/4360109215,,TH-n5312120311 TH-n1234430742 TH-n1234430032 TH-n1234432942 TH-n1412215988,3,1,1,
221,八溝山,関東,日本三百名山|関東百名山,36.93028,140.27306,36.9301636,140.2729807,osm:node/3259600524,,TH-n1270619330 TH-n1270636964 TH-n1270607565 TH-n1270656903 TH-ksj-P11-22-08-bs1,1,1,3,
222,火打山,甲信越,日本百名山|日本二百名山|日本三百名山|甲信越百名山,36.92271,138.06811,36.9227052,138.0681118,osm:node/3156235451,,TH-n13605119301 TH-n3786002487 TH-n12989301507 TH-kP11-22-15-bs8122 TH-n4517934822 TH-n3786002110,3,3,0,
223,焼山,甲信越,日本三百名山,36.9208333,138.0358333,36.9209573,138.0359508,osm:node/3261275234,,TH-n13605119301 TH-n3786002487 TH-n12989301507 TH-kP11-22-15-bs8122 TH-n4517934822 TH-n3786002110,3,3,0,
224,至仏山,関東,日本百名山|日本二百名山|日本三百名山|関東百名山,36.90345,139.17321,36.9034506,139.1732087,osm:node/1362332367,,TH-n5312120311 TH-n1412215990 TH-n6514548003,1,0,2,
225,雨飾山,甲信越,日本百名山|日本二百名山|日本三百名山|甲信越百名山,36.90211,137.96259,36.902028,137.9626039,osm:node/3261275250,,TH-n12989301507 TH-kP11-22-15-bs8044 TH-n1414015387 TH-n1414017157,1,2,1,
226,高原山,関東,日本三百名山|関東百名山,36.899999,139.776765,36.8999993,139.7767645,osm:node/3260851386,,TH-w446593237 TH-w1458424116 TH-w92606123 TH-n1308225840 TH-n2082319342 TH-n2082318771 TH-gsi-keichozan TH-gsi-komamadai,1,7,0,
227,妙高山,甲信越,日本百名山|日本二百名山|日本三百名山|甲信越百名山,36.89128,138.11342,36.8913042,138.1134761,osm:node/3156235450,,TH-n13605119301 TH-n3786002487 TH-kP11-22-15-bs8122 TH-n4517934822 TH-n3786002110 TH-n2353953845,3,3,0,
228,鬼怒沼山,関東,関東百名山,36.88278,139.37167,36.8827018,139.3716933,osm:node/3260851384,,TH-n1234430032 TH-n3168656610 TH-n6369605885 TH-n1412205934 TH-n837934989,2,3,0,
229,朝日岳,関東,日本三百名山|関東百名山,36.88067,138.97264,36.8806726,138.9726435,osm:node/3261275231,,TH-kP11-22-10-bs22 TH-n766785733 TH-n6360068823 TH-n766785409 TH-n8442139327,1,4,0,
230,笠ヶ岳,関東,関東百名山,36.87329,139.15335,36.8733469,139.1534221,osm:node/6514655730,,TH-n5312120311 TH-n1412215990 TH-n6514548003,1,0,2,
231,苗場山,甲信越,日本百名山|日本二百名山|日本三百名山|甲信越百名山,36.84599,138.69034,36.8459419,138.690323,osm:node/3261275240,,TH-w337518373 TH-w337518373-2 TH-w731032987 TH-w504305350 TH-w203603481 TH-w203603477 TH-w203603477-2 TH-n1392634877 TH-n1392559715,2,7,0,
232,鳥甲山,甲信越,日本二百名山|日本三百名山|甲信越百名山,36.83915,138.58404,36.8391779,138.5839788,osm:node/3261275256,,TH-n14135037534 TH-n7179014733 TH-gsi-mujinadaira TH-gsi-yashiki,2,1,1,
233,斑尾山,甲信越,日本三百名山|甲信越百名山,36.83747,138.27445,36.8374734,138.2744538,osm:node/3261275226,,TH-n9183225050 TH-kP11-22-20-bs203 TH-kP11-22-20-bs279 TH-kP11-22-20-bs174 TH-gsi-mansakatoge,1,4,0,
234,谷川岳,甲信越,日本百名山|日本二百名山|日本三百名山|関東百名山|甲信越百名山,36.83711,138.93018,36.83711,138.93018,famous_mountains.json,,TH-n2804972401 TH-n6360068823 TH-n8442139327 TH-n766785418 TH-n766785417 TH-n4934373550 TH-n6451198139 TH-n8901164320 TH-n4934387464 TH-n5327328468,2,8,0,
235,朝日岳,甲信越,日本三百名山|甲信越百名山,36.82676,137.72988,36.8267572,137.7298807,osm:node/3261275230,,TH-n1249472684 TH-n1411293892 TH-n1249491985 TH-n1668145511 TH-gsi-kitamata,1,2,2,
236,平標山,甲信越,甲信越百名山,36.81785,138.82189,36.8178545,138.8218918,osm:node/2352097096,,TH-n2804972401 TH-n8442139327 TH-n766785418 TH-n766785417 TH-n8901164320 TH-n5327328468 TH-n6537751083 TH-n303019092,2,6,0,
237,太郎山,関東,日本三百名山|関東百名山,36.81778,139.48278,36.8179036,139.4827967,osm:node/3260851380,,TH-n10688162492 TH-w1539045487 TH-n4092084371 TH-n1993106570 TH-n14014559291 TH-n14014559337,2,4,0,
238,仙ノ倉山,関東,日本二百名山|日本三百名山|関東百名山|甲信越百名山,36.81747,138.83951,36.8174691,138.8395122,osm:node/3261275213,,TH-n2804972401 TH-n8442139327 TH-n766785418 TH-n766785417 TH-n6451198139 TH-n8901164320 TH-n5327328468 TH-n6537751083 TH-n303019092,2,7,0,
239,黒姫山,甲信越,日本二百名山|日本三百名山|甲信越百名山,36.81333,138.12722,36.813376,138.1272028,osm:node/3261275257,,TH-kP11-22-20-bs302 TH-n4519172688 TH-n1781006389 TH-n1781006944 TH-gsi-ohashi TH-gsi-kurohime-kogen,1,5,0,
240,女峰山,関東,日本二百名山|日本三百名山|関東百名山,36.81144,139.53648,36.8114429,139.5364791,osm:node/4176834998,,TH-n4092072861 TH-w1215538128 TH-n6566210681 TH-n2015053735 TH-n2015053842,1,4,0,
241,武尊山,関東,日本百名山|日本二百名山|日本三百名山|関東百名山,36.805212,139.132599,36.8052074,139.1325919,osm:node/3261275233,,TH-n4934599158 TH-n1073977257 TH-n4934599157 TH-n4934599137 TH-n1073977265 TH-n4934599138 TH-n4934599155 TH-n1912226394 TH-n1912256429 TH-gsi-hotaka-jinja TH-gsi-kawaba-yaeijo TH-osm-w515718207,1,11,0,
242,高妻山,甲信越,日本百名山|日本二百名山|日本三百名山|甲信越百名山,36.79998,138.05193,36.8000965,138.0519346,osm:node/3261275255,,TH-n5217918522 TH-kP11-22-20-bs464 TH-n1878498136 TH-n6565299777 TH-n1870644130 TH-n14109822687 TH-n1878498738,3,4,0,
243,日光白根山,関東,日本百名山|日本二百名山|日本三百名山|関東百名山,36.79861,139.37592,36.798614,139.3759219,osm:node/3260851383,,TH-n6369605885 TH-n1412205934 TH-n837934989 TH-n4096475623 TH-w1422608873 TH-n10946212273 TH-w505776560 TH-n1412204718 TH-n1993910490,2,7,0,
244,雪倉岳,甲信越,日本二百名山|日本三百名山|甲信越百名山,36.79464,137.75403,36.7946607,137.7540299,osm:node/3261275251,,TH-n1249472684 TH-n1411293892 TH-n1668145511 TH-n3786355591,1,1,2,
245,戸隠山,甲信越,日本二百名山|日本三百名山|甲信越百名山,36.770437,138.055138,36.7704367,138.0551383,osm:node/3261275225,,TH-n5217918522 TH-kP11-22-20-bs464 TH-n1878498136 TH-n6565299777 TH-n1870644130 TH-n14109822687 TH-n1878498738 TH-n1870643813,3,5,0,
246,佐武流山,甲信越,日本二百名山|日本三百名山,36.77219,138.67061,36.7722868,138.6705689,osm:node/3261275214,,TH-w337518373 TH-w337518373-2 TH-w203603477 TH-n1392634877 TH-n448044859 TH-n8700638611 TH-n448064483,2,5,0,
247,男体山,関東,日本百名山|日本二百名山|日本三百名山|関東百名山,36.76521,139.49089,36.7651459,139.4908754,osm:node/3684227754,,TH-n4524687889 TH-n3684822016 TH-n4331627687 TH-n4157427572,2,1,1,
248,白馬岳,北陸,日本百名山|日本二百名山|日本三百名山|甲信越百名山,36.75847,137.75856,36.7584922,137.758539,osm:node/3268400982,,TH-n1249472684 TH-kP11-22-20-bs655 TH-w697290292 TH-w697290292-2 TH-gsi-tsugaike-shizenen,2,3,0,
249,吾妻耶山,関東,関東百名山,36.74639,138.92722,36.7464153,138.9273162,osm:node/3261275217,,TH-n1074166971 TH-n1074166959 TH-n1920968319,0,3,0,
250,岩菅山,甲信越,日本二百名山|日本三百名山|甲信越百名山,36.74206,138.55954,36.7420566,138.559543,osm:node/3261275222,,TH-n1070200092 TH-n1070200019 TH-n5209365502 TH-n3154319959 TH-n2612069122 TH-n8242713976 TH-n2612069147 TH-n1759063938 TH-n5209365501 TH-gsi-iwasuge,2,8,0,
251,飯縄山,甲信越,日本二百名山|日本三百名山|甲信越百名山,36.73944,138.13361,36.7394701,138.1336966,osm:node/1465160588,,TH-w1381632848 TH-w455535265 TH-kP11-22-20-bs899 TH-kP11-22-20-bs738 TH-kP11-22-20-bs463 TH-n4519567300 TH-gsi-iizuna-chusha,1,6,0,
252,白砂山,関東,日本二百名山|日本三百名山|関東百名山,36.73806,138.69333,36.7380755,138.693486,osm:node/3261275237,,TH-n448044859 TH-n8700638611 TH-n448064483 TH-n2352088189,1,2,1,
253,鑓ヶ岳,甲信越,甲信越百名山,36.73133,137.75537,36.731328,137.7553698,osm:node/6550847236,,TH-n1249472684 TH-kP11-22-20-bs655 TH-w697290292 TH-w697290292-2 TH-n3152446990 TH-w309911069 TH-w309911071,2,5,0,
254,奥久慈男体山,関東,関東百名山,36.72417,140.41972,36.72417,140.41972,famous_mountains.json,,TH-n2348857357 TH-n1270602180 TH-n1270623107 TH-n1270653668 TH-gsi-daienji,0,1,4,
255,竪破山,関東,関東百名山,36.71083,140.56222,36.7108336,140.5622708,osm:node/3259610768,,TH-n7572489121 TH-n2347761539 TH-n2347754489 TH-n2348845984 TH-n2347761790,0,5,0,
256,三峰山,関東,関東百名山,36.719528,139.018111,36.719528,139.018111,famous_mountains.json,,TH-kP11-22-10-bs268 TH-n2099892367 TH-n2099891038 TH-n1922659445,1,3,0,
257,毛勝山,北陸,日本二百名山|日本三百名山,36.70111,137.59082,36.701108,137.5908407,osm:node/3268400972,,TH-n1414061570 TH-gsi-abekidani,1,0,1,
258,志賀山,甲信越,甲信越百名山,36.70028,138.51583,36.6995182,138.5111984,osm:node/6288314565,,TH-n1070200019 TH-n5209365502 TH-n3154319959 TH-n2612069122 TH-n2612069147 TH-n1759063938 TH-n5209365501 TH-n484668276,1,7,0,
259,皇海山,関東,日本百名山|日本二百名山|日本三百名山|関東百名山,36.68988,139.33692,36.6898668,139.3369849,osm:node/3260851390,,TH-n7194641553 TH-n4091930874 TH-n1514615667 TH-n2238405718 TH-n4091978204 TH-n2098465911 TH-osm-w1426216293,3,4,0,
260,唐松岳,甲信越,日本三百名山|甲信越百名山,36.68724,137.75469,36.6872391,137.7546871,osm:node/3268400965,,TH-kP11-22-20-bs655 TH-w697290292 TH-w697290292-2 TH-n3152446990 TH-w309911069 TH-w309911071 TH-n3152446976 TH-n4511128182 TH-n3152446989 TH-n3152446978 TH-gsi-happoike-sanso,1,10,0,
261,笠ヶ岳,甲信越,日本三百名山,36.6766666,138.4813888,36.676565,138.4815402,osm:node/5368315890,,TH-n3154319958 TH-n3154320179 TH-n3154320181 TH-n3154320178 TH-n1032509159 TH-n1762618510 TH-n1758981051 TH-n1762618418 TH-gsi-kasadake-toge,1,8,0,
262,横手山,関東,日本三百名山,36.6688888,138.5258333,36.6687418,138.5261155,osm:node/1116318190,,TH-n3154320165 TH-n3154320166 TH-ksj-P11-22-20-bs1281,1,2,0,
263,五竜岳,北陸,日本百名山|日本二百名山|日本三百名山|甲信越百名山,36.65833,137.75278,36.6584312,137.7526913,osm:node/3268398655,,TH-w697290292 TH-w697290292-2 TH-n3152446990 TH-w309911069 TH-w309911071 TH-n3152446976 TH-n4511128182 TH-n3152446989 TH-n1596020186 TH-w244361104 TH-gsi-happoike-sanso,2,9,0,
264,草津白根山,関東,日本百名山|日本二百名山|日本三百名山|関東百名山,36.62295,138.531715,36.6229502,138.5317153,osm:node/1116288159,,TH-n5784845237 TH-n346613090 TH-w1086605963 TH-n346613111 TH-n346613115 TH-n1940688846 TH-n1353951750,1,6,0,
265,古峰ヶ原,関東,関東百名山,36.64068,139.50911,36.64068,139.50911,famous_mountains.json,,TH-n4928044499 TH-n1314849747 TH-n1314854382 TH-n6702246804 TH-n1314854342 TH-n1314843044,0,5,1,
266,袈裟丸山,関東,日本三百名山|関東百名山,36.6494,139.3272,36.6380837,139.3286962,osm:node/3260851389,,TH-n7194641553 TH-n4091930874 TH-n1514615667 TH-n2238405718 TH-n4091978204 TH-n2098465911 TH-n1514611896,3,3,1,
267,鹿島槍ヶ岳,北陸,日本百名山|日本二百名山|日本三百名山|甲信越百名山,36.62444,137.74694,36.6245664,137.7470544,osm:node/3268401000,,TH-w697290292 TH-w697290292-2 TH-n3152446990 TH-w309911069 TH-w309911071 TH-n3152446976 TH-n3152446989 TH-n3152446978 TH-n1596020186 TH-w244361104 TH-osm-n14053573621,2,9,0,
268,剱岳,北陸,日本百名山|日本二百名山|日本三百名山,36.62333,137.61694,36.6233432,137.6171558,osm:node/3268398660,,TH-n1412330520 TH-n2619428773 TH-n1276629190 TH-n1412324140 TH-n711976080 TH-n6698975485 TH-gsi-banbajima,1,5,1,
269,古賀志山,関東,関東百名山,36.62176,139.77146,36.62176,139.77146,famous_mountains.json,,TH-n2090609164 TH-n2090609036 TH-n1294291174,1,0,2,
270,奥大日岳,北陸,日本二百名山|日本三百名山,36.59833,137.58083,36.5996657,137.5763756,osm:node/9757995459,,TH-n1412330520 TH-n2619428773 TH-n1276629190 TH-n1412324140 TH-n711976080,1,4,0,
271,石裂山,関東,関東百名山,36.598049,139.580503,36.5980488,139.5805032,osm:node/4309380560,,TH-kP11-22-09-bs1597 TH-n4586351492 TH-n1314830464 TH-n1314839675 TH-gsi-kasoyama,1,3,1,
272,子持山,関東,関東百名山,36.59194,138.99778,36.5919403,138.9976137,osm:node/2250902736,,TH-n1828308683 TH-n2095065632 TH-n1940656394 TH-n2095064692 TH-gsi-komochi-6gobashi,1,1,3,
273,爺ヶ岳中峰,甲信越,日本三百名山|甲信越百名山,36.58833,137.75083,36.5883152,137.7509271,osm:node/3268400978,,TH-n1596020186 TH-w244361104 TH-n6548672568,2,0,1,Wikipediaの表記は「爺ヶ岳」
274,立山,北陸,日本百名山|日本二百名山|日本三百名山,36.57583,137.61972,36.5759969,137.619909,osm:node/1851379301,,TH-n1412330520 TH-n2619428773 TH-n1276629190 TH-n1412324140 TH-n711976080 TH-n1412327567 TH-n6698975485,1,5,1,
275,赤城山,関東,日本百名山|日本二百名山|日本三百名山|関東百名山,36.56083,139.19361,36.56083,139.19361,famous_mountains.json,,TH-n1759782280 TH-n5873991456 TH-n1759782556 TH-n12882477699 TH-n11309397337 TH-n1515457560,2,4,0,
276,根本山,関東,関東百名山,36.549779,139.451164,36.5497053,139.451083,osm:node/9387661730,,TH-n2084710653 TH-n8560640660 TH-n1514276879 TH-n6240838523 TH-osm-n11939006363,0,2,3,
277,四阿山,甲信越,日本百名山|日本二百名山|日本三百名山|甲信越百名山,36.54167,138.41306,36.54166,138.4127953,osm:node/3757330948,,TH-n1070117219 TH-w610873281 TH-w232347041 TH-n1070117230 TH-w92183472 TH-w610873284 TH-n6139740585 TH-w610873279 TH-w610873280 TH-n12064167906 TH-gsi-azumaya-kogen,2,9,0,
278,鍬崎山,北陸,日本三百名山,36.54,137.4780555,36.5399373,137.4780314,osm:node/3268400993,,TH-kP11-22-16-bs2352 TH-n4937569265 TH-n1332066765 TH-w627383022 TH-n1332066134 TH-gsi-awasuno,1,5,0,
279,針ノ木岳,北陸,日本二百名山|日本三百名山|甲信越百名山,36.53806,137.68444,36.5380685,137.6844345,osm:node/3268400992,,TH-n1596020186 TH-w244361104 TH-n1596195211 TH-n6549089208,3,1,0,
280,蓮華岳,甲信越,日本三百名山|甲信越百名山,36.53583,137.71056,36.5357669,137.7105382,osm:node/3268400985,,TH-n1596195211 TH-n6549089208 TH-ksj-P11-22-20-bs2536,1,2,0,
281,医王山,北陸,日本三百名山,36.5127777,136.7961111,36.5127777,136.7961111,famous_mountains.json,,TH-n2055503339 TH-n1587187667 TH-n1587179228 TH-gsi-yugiritoge,1,1,2,
282,鳴神山,関東,関東百名山,36.49022,139.36132,36.490027,139.3618961,osm:node/3484004899,,TH-w438892180 TH-kP11-22-10-bs1628 TH-kP11-22-10-bs1670 TH-kP11-22-10-bs1812 TH-kP11-22-10-bs1683 TH-kP11-22-10-bs1776 TH-n1515388489 TH-n2584544864 TH-n1515362172 TH-n1515421173 TH-gsi-komagata-narukami,0,10,1,
283,烏帽子岳,北陸,日本二百名山|日本三百名山|甲信越百名山,36.47946,137.65091,36.4794618,137.6509093,osm:node/3268400977,,TH-n1596195211 TH-n6549089208 TH-n1596176617 TH-gsi-takasedam,2,1,1,
284,榛名山,関東,日本二百名山|日本三百名山|関東百名山,36.477412,138.85088,36.477412,138.85088,famous_mountains.json,,TH-n13169771894 TH-n10132685217 TH-n2916163210 TH-kP11-22-10-bs1491 TH-n1931511185 TH-kP11-22-10-bs1665 TH-n10125908261 TH-n1931511249 TH-gsi-kohan-suzuri TH-gsi-kamonga-take,1,9,0,
285,薬師岳,北陸,日本百名山|日本二百名山|日本三百名山,36.46889,137.54472,36.4688619,137.5448066,osm:node/3268400986,,TH-n4730366636 TH-n1295320514,1,0,1,
286,赤牛岳,北陸,日本二百名山|日本三百名山,36.46159,137.60335,36.4615998,137.603293,osm:node/3268400988,,TH-n1596195211 TH-n4730366636 TH-n1385708256 TH-n1910978564,3,1,0,
287,浅間隠山,関東,日本二百名山|日本三百名山|関東百名山,36.45378,138.65254,36.4536952,138.6524931,osm:node/7276250571,,TH-n1982055890 TH-n1033931079 TH-n7276500064 TH-n1978733729 TH-gsi-nidoagetoge TH-gsi-asamakakushi-kurabuchi,1,1,4,
288,餓鬼岳,甲信越,日本二百名山|日本三百名山|甲信越百名山,36.44722,137.73604,36.4472229,137.7360387,osm:node/3268833204,,TH-n6813833556 TH-n1596169837,1,1,0,
289,湯ノ丸山,関東,関東百名山|甲信越百名山,36.43477,138.40087,36.43477,138.40087,famous_mountains.json,,TH-w886350416 TH-n2149129755 TH-w704133904 TH-w886350416-2 TH-kP11-22-20-bs3358 TH-kP11-22-20-bs3539 TH-kP11-22-20-bs3396 TH-kP11-22-20-bs3415 TH-n1680820866,1,8,0,
290,野口五郎岳,甲信越,日本三百名山|甲信越百名山,36.43278,137.63778,36.4326986,137.6378953,osm:node/3268400990,,TH-n1596176617 TH-n1596158973 TH-gsi-takasedam TH-osm-n1596195211,1,1,2,
291,水晶岳,北陸,日本百名山|日本二百名山|日本三百名山,36.42714,137.60249,36.426373,137.6028079,osm:node/3268400973,,TH-n4730366636 TH-n1596176617 TH-n1596158973 TH-gsi-takasedam TH-osm-n4015710861,3,0,2,
292,白木峰,北陸,日本三百名山,36.4155555,137.1122222,36.415548,137.1122035,osm:node/3268400981,,TH-n1328327727 TH-n5799563005 TH-n1328327942 TH-gsi-shirakimine8,1,0,3,
293,鼻曲山,関東,関東百名山,36.41093,138.64532,36.4108574,138.6453403,osm:node/1618684712,,TH-w1540156927 TH-kP11-22-20-bs3416 TH-n2039173801 TH-n2035546213 TH-gsi-nidoagetoge,1,4,0,
294,燕岳,甲信越,日本二百名山|日本三百名山|甲信越百名山|東海の百山,36.40674,137.71275,36.4068593,137.7127725,osm:node/1954346340,,TH-n6813833556 TH-n1596169837 TH-n1663309618 TH-osm-w184869656,2,1,1,
295,浅間山,関東,日本百名山|日本二百名山|日本三百名山|甲信越百名山,36.40639,138.52306,36.4065526,138.522952,osm:node/510162677,,TH-n2475107643 TH-n1244948578 TH-w412461990 TH-kP11-22-20-bs3583 TH-n1618683470,2,3,0,
296,黒斑山,関東,関東百名山,36.40523,138.48855,36.4052306,138.4885484,osm:node/3165880442,,TH-n2475107643 TH-n1244948578 TH-w412461990 TH-kP11-22-20-bs3583 TH-n1618683470,2,3,0,
297,鷲羽岳,北陸,日本百名山|日本二百名山|日本三百名山|甲信越百名山,36.40306,137.60528,36.4030236,137.6052448,osm:node/3268400999,,TH-n4730366636 TH-n1596176617 TH-n1596158973 TH-n1385714847 TH-gsi-takasedam TH-osm-n4015710861,3,0,3,
298,黒部五郎岳,北陸,日本百名山|日本二百名山|日本三百名山|東海の百山,36.39258,137.53994,36.3925845,137.5399433,osm:node/3268401001,,TH-n1295207226 TH-n4730366636 TH-n1385714847 TH-n1295373392 TH-osm-n4015710861,3,0,2,
299,有明山,甲信越,日本二百名山|日本三百名山|甲信越百名山,36.39105,137.77068,36.3911116,137.7706892,osm:node/5368241861,,TH-n1954467701 TH-n1954467705 TH-kP11-22-20-bs3544 TH-n1659666119,2,2,0,
300,三俣蓮華岳,甲信越,日本三百名山|甲信越百名山,36.39002,137.58773,36.3900199,137.5877286,osm:node/3268398651,,TH-n1385708256 TH-n1910978564 TH-n1385714847 TH-osm-n4015710861,2,1,1,
301,金剛堂山,北陸,日本二百名山|日本三百名山,36.37889,137.04889,36.3788495,137.0488355,osm:node/3268400991,,TH-n2052137540 TH-n2052127051 TH-gsi-higashimata,1,1,1,
302,行道山,関東,関東百名山,36.377477,139.4373,36.377477,139.4373,famous_mountains.json,,TH-n2210471432 TH-n2210470345 TH-n6356255348 TH-n6356255376 TH-n2213740679 TH-n8458050602 TH-n13189943608 TH-n2213740718 TH-n2210470781,1,7,1,
303,双六岳,東海,東海の百山,36.371824,137.587097,36.3718827,137.5871215,osm:node/4409159489,,TH-n1385708256 TH-n1910978564 TH-n1385714847 TH-osm-n4015710861,2,1,1,
304,大門山,北陸,日本三百名山,36.3652777,136.8036111,36.3652289,136.8036819,osm:node/8439743863,,TH-n2052131125 TH-n2349549730 TH-n2052124535,1,0,2,
305,大天井岳,甲信越,日本二百名山|日本三百名山|甲信越百名山|東海の百山,36.36499,137.70111,36.3649927,137.7011229,osm:node/1845028382,,TH-n1910978564 TH-n6813833556 TH-n1281064891 TH-n1281064799 TH-osm-w184869656 TH-osm-ichinosawa,4,2,0,
306,晃石山,関東,関東百名山,36.36028,139.67528,36.3603061,139.6753939,osm:node/2130317608,,TH-n4824166875 TH-kP11-22-09-bs3229 TH-n4824166915 TH-n2174281788 TH-n4067906042 TH-n2174281347 TH-n2086527438 TH-n2174283218 TH-n2086528132,0,7,2,
307,人形山,東海,日本三百名山,36.3488888,136.9397222,36.3492037,136.9397748,osm:node/3268398656,,TH-n2052132663 TH-n2052132786 TH-n2052130950,1,0,2,
308,槍ヶ岳,甲信越,日本百名山|日本二百名山|日本三百名山|甲信越百名山|東海の百山,36.34198,137.64763,36.34198,137.6476291,osm:node/582994395,,TH-n759471950 TH-n1910978564 TH-n1281064891 TH-n1281064799 TH-n2293340109 TH-n2483159337 TH-n5983076569 TH-n1385673200 TH-osm-n4015710861,6,2,1,
309,常念岳,甲信越,日本百名山|日本二百名山|日本三百名山|甲信越百名山|東海の百山,36.325534,137.727598,36.3255337,137.7275978,osm:node/1954353628,,TH-n6813833556 TH-n1281064891 TH-n1281064799 TH-n2483159337 TH-osm-ichinosawa TH-gsi-mitsumata-jonen,4,2,0,
310,吾国山,関東,関東百名山,36.32186,140.20111,36.3218834,140.2011107,osm:node/3259610766,,TH-kP11-22-08-bs3170 TH-kP11-22-08-bs3178 TH-n2088013695 TH-n2088014494 TH-n2088012191 TH-gsi-dosojintoge,0,6,0,
311,大笠山,北陸,日本三百名山,36.3205555,136.7897222,36.3203949,136.7895119,osm:node/3264473129,,TH-n2052131125 TH-n2349549730 TH-n2052124535,1,0,2,
312,三毳山,関東,関東百名山,36.31597,139.62925,36.3159082,139.6292607,osm:node/4149372823,,TH-n2086512890 TH-n7081737903 TH-n2084615709 TH-n2086513132,0,4,0,
313,笠ヶ岳,東海,日本百名山|日本二百名山|日本三百名山|東海の百山,36.31556,137.55028,36.3154851,137.5503901,osm:node/3786299727,,TH-n1385708256 TH-n5809125556 TH-n1385714847 TH-osm-n4015710861,2,1,1,
314,加波山,関東,関東百名山,36.29882,140.14368,36.2988248,140.1436758,osm:node/3259610765,,TH-n2088011994 TH-n2088010355 TH-n2091075168 TH-n2088012338 TH-gsi-kabasan-makabe,0,1,4,
315,笈ヶ岳,北陸,日本二百名山|日本三百名山,36.29851,136.79228,36.2985317,136.7922028,osm:node/3264473130,山頂から400m以内に登山道が無い（1.5km以内の登山道から探索。登山道の無い山・入山規制の可能性）,,0,0,0,
316,妙義山,関東,日本二百名山|日本三百名山|関東百名山,36.298692,138.748852,36.298692,138.748852,famous_mountains.json,,TH-n2065580749 TH-n1413439230 TH-n2065579463,2,0,1,
317,奥穂高岳,甲信越,日本百名山|日本二百名山|日本三百名山|甲信越百名山|東海の百山,36.28921,137.64798,36.289206,137.6479807,osm:node/165028676,,TH-n759471950 TH-n1910978564 TH-n1281064891 TH-n1281064799 TH-n2293340109 TH-n2483159337 TH-n297938948 TH-n6847884229 TH-kP11-22-21-bs209 TH-n1636024159 TH-osm-n4015710861,8,3,0,
318,蝶ヶ岳,甲信越,甲信越百名山|東海の百山,36.28748,137.72614,36.2874281,137.7260632,osm:node/5368253454,,TH-n1910978564 TH-n1281064891 TH-n1281064799 TH-n2293340109 TH-n2483159337 TH-n1636024364,4,1,1,
319,西穂独標,甲信越,東海の百山,36.272506,137.626394,36.2725353,137.626394,osm:node/1909957478,,TH-n759471950 TH-n1910978564 TH-n1281064891 TH-n2293340109 TH-n2483159337 TH-n297938948 TH-n6847884229 TH-kP11-22-21-bs209 TH-n1281064873 TH-n1636021155,5,5,0,
320,三方岩岳,北陸,日本三百名山,36.258181,136.844542,36.2581815,136.844542,osm:node/3264473131,,TH-n1294092512 TH-n294459369 TH-n294460444 TH-n10058800943 TH-gsi-togenokidai,1,4,0,
321,大満寺山,中国,中国百名山,36.25675,133.33053,36.2567374,133.3305349,osm:node/3274561406,,TH-n1286134024 TH-n1286130461,0,1,1,
322,籾糠山,東海,東海の百山,36.234227,136.953377,36.234227,136.953377,famous_mountains.json,,TH-n1295174890 TH-n1295220780,1,1,0,
323,美ヶ原,甲信越,日本百名山|日本二百名山|日本三百名山|甲信越百名山,36.225833,138.107444,36.225833,138.1074439,osm:node/1150839523,,TH-n1631963114 TH-n1150853443 TH-kP11-22-20-bs4857 TH-kP11-22-20-bs4883 TH-n1631968158 TH-n1631965358 TH-n1631967316 TH-n1150843773 TH-w117369478 TH-gsi-sanjiro,3,6,1,
324,焼岳,甲信越,日本百名山|日本二百名山|日本三百名山|甲信越百名山|東海の百山,36.228684,137.589537,36.2286844,137.5895366,osm:node/1372402681,,TH-n759471950 TH-n1910978564 TH-n2293340109 TH-n2483159337 TH-n5983076569 TH-n297938948 TH-n6847884229 TH-kP11-22-21-bs209 TH-n1636021155 TH-n1385673200,4,5,1,
325,猿ヶ馬場山,東海,日本三百名山,36.2258333,136.9427777,36.2259422,136.942903,osm:node/3268833189,山頂から400m以内に登山道が無い（1.5km以内の登山道から探索。登山道の無い山・入山規制の可能性）,TH-n1295174890 TH-n1295220780,1,1,0,
326,筑波山,関東,日本百名山|日本二百名山|日本三百名山|関東百名山,36.22533,140.10686,36.2253952,140.1067186,osm:node/3259610769,,TH-n4195411716 TH-n389746306 TH-w34014835 TH-w367074479 TH-n389739036 TH-w34014835-2 TH-n2091046820 TH-n2091046959 TH-n2091046652,2,7,0,
327,霞沢岳,甲信越,日本二百名山|日本三百名山|甲信越百名山,36.22111,137.64056,36.2212273,137.6405918,osm:node/5368274711,,TH-n1281064891 TH-n2293340109 TH-n2483159337 TH-n1281064873 TH-n1636024364,3,1,1,
328,荒船山,関東,日本二百名山|日本三百名山|関東百名山,36.204136,138.637142,36.2040304,138.637127,osm:node/8514428775,,TH-n1686477603 TH-n1686479875 TH-n2012966172 TH-n2012966851,2,1,1,
329,鹿岳,関東,関東百名山,36.206508,138.724659,36.2065079,138.724659,osm:node/9387345032,,TH-kP11-22-10-bs4917 TH-kP11-22-10-bs4954 TH-kP11-22-10-bs4929 TH-n2018857623 TH-gsi-shimotakahara,1,4,0,
330,立岩,関東,関東百名山,36.18646,138.64291,36.1864632,138.6429121,osm:node/9387618997,,TH-n1686477603 TH-n1686479875 TH-n2012966172 TH-n2012966851,2,1,1,
331,稲含山,関東,関東百名山,36.16944,138.82528,36.1694943,138.8252386,osm:node/9387637518,,TH-n1413365668 TH-gsi-mogakitoge,0,1,1,
332,鉢伏山,甲信越,日本三百名山|甲信越百名山,36.16304,138.05917,36.1630373,138.0591673,osm:node/5118826322,,TH-n1558789985 TH-n1558792783 TH-n1637096536 TH-n1545216572 TH-gsi-gofukuji TH-gsi-hachibuse-sanso,1,4,1,
333,白山,北陸,日本百名山|日本二百名山|日本三百名山|東海の百山,36.15479,136.77163,36.155046,136.7714668,osm:node/1821390107,,TH-n1294072731 TH-n2430652665 TH-n2349487826 TH-n2349511612,2,1,1,
334,御荷鉾山,関東,関東百名山,36.15228,138.91831,36.15228,138.91831,famous_mountains.json,,TH-n1413158811 TH-n1413159341 TH-n1413158855 TH-n1413158778,0,2,2,
335,鐘撞堂山,関東,関東百名山,36.13446,139.18068,36.134496,139.180902,osm:node/3718486520,,TH-n7384180537 TH-n7384180532 TH-n11822384924 TH-n1355533930 TH-n11829383615,0,5,0,
336,乗鞍岳,甲信越,日本百名山|日本二百名山|日本三百名山|甲信越百名山|東海の百山,36.106501,137.553633,36.1067649,137.5496858,osm:node/4317246954,,TH-kP11-22-21-bs590 TH-n1620906416 TH-n1620906347 TH-n4501354703 TH-osm-n13235073711,2,3,0,
337,蓼科山,甲信越,日本百名山|日本二百名山|日本三百名山|甲信越百名山,36.10373,138.29503,36.1037347,138.2950929,osm:node/2933768500,,TH-n4341357284 TH-n861177869 TH-n1552972129 TH-n1548420958 TH-n4507147817 TH-n4341357283 TH-n861177872 TH-n3136515207 TH-n13898147504 TH-n8448159070 TH-osm-n270632094,2,9,0,
338,霧ヶ峰,甲信越,日本百名山|日本二百名山|日本三百名山|甲信越百名山,36.10306,138.19667,36.1029241,138.1966158,osm:node/1140877707,,TH-n4508928681 TH-n14202220944 TH-w664581564 TH-kP11-22-20-bs5535 TH-n4508967258 TH-n4508928680 TH-w664629841 TH-n4509007130 TH-n2819578930 TH-n4508928679,2,8,0,
339,城峯山,関東,関東百名山,36.09758,139.00766,36.0975925,139.0076487,osm:node/3906044529,,TH-n1908610099 TH-n1908608285 TH-n1908603347 TH-gsi-jominesan-camp,0,1,3,
340,鉢盛山,甲信越,日本三百名山|甲信越百名山,36.08667,137.75472,36.086632,137.7548456,osm:node/5383422681,,TH-n1389164366 TH-n6780754191 TH-n1637067251,1,0,2,
341,北横岳,甲信越,甲信越百名山,36.08619,138.31942,36.0874927,138.320106,osm:node/2929016140,,TH-n4341357284 TH-n861177869 TH-n1552972129 TH-n1548420958 TH-n4507147817 TH-n4341357283 TH-n861177872 TH-n3136515207 TH-n8448159070 TH-n270628416,2,8,0,
342,二子山,関東,関東百名山,36.06972,138.86361,36.0696962,138.8637248,osm:node/3259820853,,TH-n365483447 TH-n1411947410 TH-n9202131258 TH-n365483492,0,2,2,
343,経ヶ岳,北陸,日本三百名山,36.0463888,136.6219444,36.0464179,136.621908,osm:node/3265266866,,TH-w686758229 TH-n4494151191 TH-n4494151189 TH-w686758229-2 TH-gsi-karatani,1,4,0,
344,諏訪山,関東,日本三百名山|関東百名山,36.04003,138.72958,36.0400471,138.7295772,osm:node/6815020034,,TH-n4964003857 TH-n7142403307 TH-n1412881604,1,1,1,
345,位山,東海,日本二百名山|日本三百名山|東海の百山,36.03825,137.19671,36.0382454,137.1967117,osm:node/5336898935,,TH-n4501266893 TH-n1384955378 TH-n1385029582 TH-n1294577314 TH-gsi-mondeus,1,1,3,
346,帳付山,関東,関東百名山,36.03448,138.75441,36.03448,138.75441,famous_mountains.json,,TH-n1412875001,1,0,0,
347,大霧山,関東,関東百名山,36.03431,139.15653,36.034458,139.1561883,osm:node/3905964201,,TH-n10869763552 TH-n1446542511 TH-n6547578092 TH-n2712077049 TH-n1908578981,1,3,1,
348,御座山,甲信越,日本二百名山|日本三百名山,36.03409,138.60678,36.0340904,138.6067818,osm:node/6815020030,,TH-n1413935254 TH-n1413939466 TH-n1413955572 TH-n1413935075 TH-gsi-kuryu TH-gsi-chojanomori,1,1,4,
349,両神山,関東,日本百名山|日本二百名山|日本三百名山|関東百名山,36.02333,138.84139,36.0234167,138.8413019,osm:node/3259820851,,TH-n8539065955 TH-n7747395164 TH-n1516621734 TH-n11368180968,2,2,0,
350,天狗岳,甲信越,日本二百名山|日本三百名山|甲信越百名山,36.01914,138.35547,36.019183,138.3554526,osm:node/3268833180,,TH-n1548420958 TH-n4346397970 TH-n4230308517 TH-n4398472649 TH-n638937236 TH-n1814376845 TH-kP11-22-20-bs6193 TH-n638937241 TH-kP11-22-20-bs5870 TH-n4507042341 TH-gsi-shibunoyu TH-gsi-sakuradaira,2,10,0,
351,笠山,関東,関東百名山,36.018778,139.188194,36.0184975,139.1898611,osm:node/3905950569,,TH-n7361660480 TH-n7361660465 TH-n7361660468 TH-n1407065342 TH-n13092026754 TH-n5466243385,0,6,0,
352,野伏ヶ岳,東海,日本三百名山,36.0127777,136.7325,36.012851,136.7323876,osm:node/3265266865,山頂から400m以内に登山道が無い（1.5km以内の登山道から探索。登山道の無い山・入山規制の可能性）,TH-n1380875437 TH-n1380903654,0,1,1,
353,川上岳,東海,日本三百名山|東海の百山,36.008139,137.1495,36.0082042,137.1495806,osm:node/5336888512,,TH-n4501266893 TH-n1385029582 TH-n1384835377 TH-n11687630067 TH-gsi-kawakamidake,1,1,3,
354,大日ヶ岳,東海,日本二百名山|日本三百名山|東海の百山,36.00139,136.83782,36.0013909,136.8378186,osm:node/3268833177,,TH-n3692714827 TH-n3692712917 TH-n3692714825 TH-n3692712924 TH-n3692714831 TH-n1380803797 TH-n1380805368 TH-n2631161342,1,7,0,
355,八ヶ岳,甲信越,日本百名山|日本二百名山|日本三百名山|甲信越百名山,35.97079,138.37006,35.9708075,138.3700707,osm:node/1827243160,,TH-n1548420958 TH-n4346397970 TH-n4230308517 TH-n4398472649 TH-n638937236 TH-n1814376845 TH-kP11-22-20-bs6193 TH-n638937241 TH-kP11-22-20-bs5870 TH-n2423502989 TH-osm-w181402991 TH-osm-n3752188725 TH-gsi-utsukushimori,1,12,0,
356,秩父御岳山,関東,関東百名山,35.96656,138.94261,35.9665805,138.94272,osm:node/1998588310,,TH-n6830029422 TH-kP11-22-11-bs4019 TH-kP11-22-11-bs3807 TH-n1998654930 TH-n7075291266,1,4,0,
357,武甲山,関東,日本二百名山|日本三百名山|関東百名山,35.95161,139.09778,35.9516121,139.0977764,osm:node/2723347374,,TH-n1806085121 TH-n9325891669 TH-n2267956609 TH-n1437450315 TH-n4869323163 TH-n1519051324 TH-n2548297354 TH-n7775766499,2,6,0,
358,荒島岳,北陸,日本百名山|日本二百名山|日本三百名山,35.934347,136.601263,35.9343471,136.6012627,osm:node/3265266871,,TH-kP11-22-18-bs2402 TH-kP11-22-18-bs2038 TH-n6480019634 TH-n1414594714 TH-n1414609605 TH-gsi-nakande,1,5,0,
359,鷲ヶ岳,東海,日本三百名山,35.9402777,136.9713888,35.940357,136.9714987,osm:node/3268833207,,TH-n1380729685 TH-n11652923803 TH-n11652933285 TH-gsi-kuwagatani,1,0,3,
360,武川岳,関東,関東百名山,35.93694,139.13032,35.9369418,139.1303228,osm:node/2725111829,,TH-n1806085121 TH-n9325891669 TH-n2267956609 TH-n1437450315 TH-n4869323163 TH-n1519051324 TH-n2548297354 TH-n7775766499 TH-n1519050587,2,7,0,
361,大持山,関東,関東百名山,35.92849,139.10066,35.9285241,139.1005499,osm:node/2725101434,,TH-n1806085121 TH-n2267956609 TH-n1437450315 TH-n4869323163 TH-n1519051324 TH-n2548297354 TH-n7775766499 TH-n1519050587 TH-n1516505989 TH-n1760779219,1,7,2,
362,伊豆ヶ岳,関東,関東百名山,35.92685,139.16063,35.926941,139.160641,osm:node/3076426421,,TH-n9325891669 TH-n1519051635 TH-n3925032164 TH-n1437450315 TH-w972438246 TH-w439496840 TH-n5773157785 TH-n3085981819,3,4,1,
363,妙法ヶ岳,関東,関東百名山,35.91923,138.94819,35.9192254,138.9481905,osm:node/5893731307,,TH-n1516511173 TH-n5893525083 TH-n1516506783 TH-n1516503348,2,1,1,
364,経ヶ岳,甲信越,日本二百名山|日本三百名山|甲信越百名山,35.91281,137.86267,35.9128433,137.8626361,osm:node/4581260134,,TH-n1587794760 TH-n1587796318 TH-n1538428717 TH-n1566567349,1,0,3,
365,甲武信ヶ岳,甲信越,日本百名山|日本二百名山|日本三百名山|関東百名山|甲信越百名山,35.90918,138.72887,35.9091833,138.728873,osm:node/625549447,,TH-n496230254 TH-n1282488629 TH-kP11-22-19-bs42 TH-n4395997041 TH-n11711795240 TH-kP11-22-19-bs84 TH-n1605392997 TH-n1282500225,3,4,1,
366,白石山,関東,日本二百名山|日本三百名山|関東百名山,35.89939,138.87797,35.8994231,138.8779958,osm:node/3259820850,,TH-n11711795240 TH-n1605392997 TH-n5792037484 TH-n1516527937 TH-gsi-chichibuko,0,5,0,
367,入笠山,甲信越,日本三百名山|甲信越百名山,35.89639,138.17167,35.8963311,138.1716176,osm:node/1555113969,,TH-n13933787263 TH-n1555113908 TH-n1555114010 TH-gsi-sawairi,2,0,2,
368,日和田山,関東,関東百名山,35.89378,139.30484,35.893764,139.3048509,osm:node/509903560,,TH-n13620100981 TH-n448723898 TH-n12669434912 TH-n12669434925,1,3,0,
369,瑞牆山,甲信越,日本百名山|日本二百名山|日本三百名山|甲信越百名山,35.89347,138.59209,35.8934876,138.5919868,osm:node/1738405858,,TH-n496230254 TH-n4406775661 TH-w571903209 TH-n1788958095 TH-n1789111563 TH-n1282487931 TH-gsi-mizugakiyama-shizenkoen,2,4,1,
370,御嶽山,甲信越,日本百名山|日本二百名山|日本三百名山|甲信越百名山|東海の百山,35.89278,137.48028,35.8929915,137.4804059,osm:node/1851342877,,TH-n3098691040 TH-n2653691547 TH-n1389094650 TH-n5445219642 TH-n1294549742 TH-n1294199557 TH-gsi-tanohara,2,5,0,
371,母袋烏帽子岳,東海,東海の百山,35.882822,136.96979,35.882822,136.96979,famous_mountains.json,山頂から400m以内に登山道が無い（1.5km以内の登山道から探索。登山道の無い山・入山規制の可能性）,TH-n1380454675 TH-n1380518423 TH-n1380536658 TH-n1380529585,0,1,3,
372,御前山,東海,東海の百山,35.876576,137.273175,35.8766006,137.2732781,osm:node/8684339693,,TH-n12996829261 TH-n1294704551 TH-n11502866565 TH-n1294311430,0,1,3,
373,金峰山,甲信越,日本百名山|日本二百名山|日本三百名山|甲信越百名山,35.87166,138.62551,35.8716612,138.6255109,osm:node/1738405873,,TH-n496230254 TH-n4406775661 TH-w571903209 TH-n1788958095 TH-n1789111563 TH-n1282487931,2,3,1,
374,国師ヶ岳,甲信越,日本三百名山,35.8708333,138.6730555,35.8708394,138.6729639,osm:node/1282506663,,TH-n496230254 TH-kP11-22-19-bs42 TH-n4395997041 TH-kP11-22-19-bs84 TH-n1986906470,2,3,0,
375,笠取山,関東,関東百名山,35.86545,138.81989,35.8653931,138.8199449,osm:node/6248373098,,TH-n11711795240 TH-n1605392997 TH-n5792037484 TH-n1516528135 TH-n1605402064,0,4,1,
376,棒ノ嶺,関東,関東百名山,35.85885,139.15514,35.8586784,139.1550986,osm:node/1593299747,,TH-n8415403962 TH-n5063893777 TH-n3879958501 TH-w972330066 TH-n4916080533 TH-n3879515013 TH-n6417446634 TH-w973524786 TH-w236177752 TH-w661124073 TH-gsi-shiratanisawa TH-osm-n4914197868,0,12,0,
377,雲取山,関東,日本百名山|日本二百名山|日本三百名山|関東百名山,35.85558,138.94393,35.8555351,138.9439287,osm:node/531000790,,TH-n1516511173 TH-n5893525083 TH-n5792037484 TH-n5064525085 TH-n3878401664 TH-n1593226791 TH-n2676671141 TH-n1597653318 TH-n305647302 TH-n1600941470 TH-osm-n2337907511,2,9,0,
378,川苔山,関東,関東百名山,35.85083,139.10694,35.8508058,139.1068845,osm:node/2467223772,,TH-n4869323163 TH-w972330066 TH-n4916080533 TH-n3879515013 TH-w973524786 TH-n2267956607 TH-n3993687001 TH-kP11-22-13-bs131 TH-n5064279909 TH-n1593292846 TH-osm-n2876922001,0,11,0,
379,飛龍山,関東,関東百名山,35.83972,138.89222,35.83972,138.89222,famous_mountains.json,,TH-n1516511173 TH-n5893525083 TH-n11711795240 TH-n1605392997 TH-n5792037484 TH-n2676671141 TH-n393155852 TH-n393146935,2,6,0,
380,簗谷山,東海,東海の百山,35.836566,137.123277,35.836566,137.123277,famous_mountains.json,,TH-n1294406833,1,0,0,
381,岩茸石山,関東,関東百名山,35.83056,139.17861,35.8307011,139.1788011,osm:node/2192073822,,TH-n8415403962 TH-n5063893777 TH-n3879958501 TH-w972330066 TH-n6417446634 TH-w973524786 TH-w236177752 TH-w661124073 TH-n2267956607 TH-n2190571169 TH-osm-n4351266486,1,10,0,
382,鷹ノ巣山,関東,関東百名山,35.82988,139.01232,35.82988,139.01232,famous_mountains.json,,TH-n5893525083 TH-n5064525085 TH-n3878401664 TH-n1593226791 TH-n1597653318 TH-n305647302 TH-kP11-22-13-bs191 TH-n5078550504 TH-n1593254082 TH-n3775113516,1,9,0,
383,乾徳山,甲信越,日本二百名山|日本三百名山|甲信越百名山,35.82278,138.71487,35.8228377,138.7149261,osm:node/611671758,,TH-n496230254 TH-kP11-22-19-bs42 TH-kP11-22-19-bs84 TH-n1986906470,2,2,0,
384,湯ヶ峰,東海,東海の百山,35.805841,137.280564,35.8059135,137.2805938,osm:node/8635465111,,TH-kP11-22-21-bs1294 TH-n12883289955,1,1,0,
385,白草山,東海,東海の百山,35.802274,137.33423,35.8023419,137.3343411,osm:node/4311322197,,TH-n1281038241 TH-n8618158979 TH-n1294548263 TH-n6357392945 TH-osm-n4789971021,0,1,4,
386,茅ヶ岳,甲信越,日本二百名山|日本三百名山|甲信越百名山,35.79497,138.51375,35.7950059,138.5137579,osm:node/9349788451,,TH-n9349788450 TH-n1788791919 TH-n1788804263 TH-n4352365248 TH-osm-n4178311239,1,3,1,
387,御岳山,関東,関東百名山,35.782814,139.149485,35.7828135,139.1494853,osm:node/2906613942,,TH-n1789703595 TH-n6312170293 TH-n13745210606 TH-n6690093272 TH-n2151460892 TH-n3053063744 TH-w252398431 TH-n6484951786 TH-n2838943208 TH-n1401028303 TH-n722188489,1,10,0,
388,黒川鶏冠山,甲信越,甲信越百名山,35.789556,138.839194,35.789556,138.839194,famous_mountains.json,,TH-kP11-22-19-bs524 TH-n11731599406 TH-kP11-22-19-bs536 TH-n2031835752 TH-n2031835771 TH-n1605369942 TH-n2383211464,3,4,0,
389,木曽駒ヶ岳,甲信越,日本百名山|日本二百名山|日本三百名山|甲信越百名山|東海の百山,35.78944,137.80444,35.78944,137.80444,famous_mountains.json,,TH-w41377981 TH-w41377981-2 TH-n1601877541 TH-n1389080099 TH-n1675293366 TH-n1575090879 TH-n1588993337 TH-n1389080782 TH-n1588959582 TH-n1588994641,3,7,0,
390,小秀山,甲信越,日本二百名山|日本三百名山,35.78556,137.39694,35.7854387,137.3970203,osm:node/5337109033,,TH-n8684295141 TH-n8684308390,1,0,1,
391,宝剣岳,甲信越,甲信越百名山,35.78139,137.80917,35.781388,137.8091818,osm:node/1985665379,,TH-w41377981 TH-w41377981-2 TH-n1601877541 TH-n1389080099 TH-n1675293366 TH-n1575090879 TH-n1588993337 TH-n1389080782 TH-n1588959582 TH-n1588994641,3,7,0,
392,冠山,東海,日本三百名山|東海の百山,35.779806,136.409306,35.7797915,136.409395,osm:node/3265266875,,TH-n1290439944,1,0,0,
393,鋸岳,甲信越,日本二百名山|日本三百名山,35.77899,138.21008,35.7789926,138.210081,osm:node/3268833200,,TH-n3050597003 TH-n4359906159 TH-n3076039066 TH-n3050597004 TH-n4865978352 TH-n3076039076 TH-n4349370418 TH-n823178474 TH-n1788813865 TH-n823179339,3,7,0,
394,御前山,関東,関東百名山,35.77008,139.08064,35.7701297,139.0805713,osm:node/1883283876,,TH-n1789703595 TH-n6690093272 TH-n2151460892 TH-n3053063744 TH-w252398431 TH-n2838943208 TH-n1401028303 TH-n4162269489 TH-kP11-22-13-bs3065 TH-kP11-22-13-bs3327 TH-gsi-ogochi-gozen,0,11,0,
395,能郷白山,北陸,日本二百名山|日本三百名山|東海の百山,35.76239,136.51406,35.7623897,136.5140589,osm:node/3268833193,,TH-n1293333983 TH-n1293368294 TH-n1293359333 TH-n1293357517,1,0,3,
396,大岳山,関東,日本二百名山|日本三百名山|関東百名山,35.765196,139.130365,35.7651956,139.1303653,osm:node/1629787990,,TH-n1789703595 TH-n6690093272 TH-n2151460892 TH-n3053063744 TH-w252398431 TH-n6484951786 TH-n2838943208 TH-n1401028303 TH-kP11-22-13-bs3065 TH-kP11-22-13-bs3327 TH-n722188489 TH-ksj-P11-22-13-bs2902 TH-ksj-P11-22-13-bs1946,1,12,0,
397,甲斐駒ヶ岳,甲信越,日本百名山|日本二百名山|日本三百名山|甲信越百名山,35.75778,138.23667,35.75778,138.23667,famous_mountains.json,,TH-n3050597003-2 TH-n4359906159 TH-n3076039066 TH-n3050597004 TH-n4865978352 TH-n3076039076 TH-n4349370418 TH-n823178474 TH-n823179339 TH-n2352239567,3,6,1,
398,大菩薩嶺,甲信越,日本百名山|日本二百名山|日本三百名山|甲信越百名山,35.74872,138.84548,35.7487175,138.8454802,osm:node/705063479,,TH-kP11-22-19-bs524 TH-n11731599406 TH-n1599604307 TH-kP11-22-19-bs536 TH-n2031835752 TH-n2031835771 TH-kP11-22-19-bs622 TH-n1605267173 TH-n2676914916 TH-osm-n2337845295,5,5,0,
399,三頭山,関東,日本三百名山|関東百名山,35.73857,139.01409,35.73857,139.01409,famous_mountains.json,,TH-n1401027949 TH-n5074855819 TH-kP11-22-13-bs1733 TH-kP11-22-13-bs4859 TH-n5071170173 TH-kP11-22-19-bs1035 TH-n1401020043 TH-kP11-22-13-bs5100 TH-kP11-22-19-bs1048 TH-n1401019929,1,9,0,
400,蕪山,東海,東海の百山,35.736593,136.799562,35.736703,136.7995244,osm:node/12227885858,山頂から400m以内に登山道が無い（1.5km以内の登山道から探索。登山道の無い山・入山規制の可能性）,TH-gsi-kabura-21seiki,0,1,0,
401,依遅ヶ尾山,関西,関西百名山,35.73425,135.13739,35.7340993,135.1374817,osm:node/7499857882,山頂から400m以内に登山道が無い（1.5km以内の登山道から探索。登山道の無い山・入山規制の可能性）,TH-n1681433101 TH-n1681431802 TH-n1681431113 TH-n1681430791 TH-gsi-yabata,0,2,3,
402,アサヨ峰,甲信越,日本三百名山,35.7316666,138.2413888,35.7317231,138.241307,osm:node/3050582611,,TH-n3050597003 TH-n4359906159 TH-n3076039066 TH-n3050597004 TH-n4865978352 TH-n3076039076 TH-n4349370418 TH-n823178474 TH-n823179339 TH-n13691610266,3,7,0,
403,仙丈ヶ岳,甲信越,日本百名山|日本二百名山|日本三百名山|甲信越百名山,35.72012,138.18359,35.7200776,138.1836017,osm:node/823252811,,TH-n3050597003-2 TH-n4359906159 TH-n3050597004 TH-n4865978352 TH-n4349370418 TH-n823178474 TH-n823179339 TH-n1587981086 TH-n2352239567,3,5,1,
404,浅間嶺,関東,関東百名山,35.72005,139.10226,35.7200537,139.1022591,osm:node/2169884485,,TH-n1401020043 TH-n1401019929 TH-kP11-22-13-bs3042 TH-n3451590593 TH-n1401020299 TH-kP11-22-13-bs3471 TH-kP11-22-13-bs3336 TH-n5710378480 TH-n1401016444,0,9,0,
405,空木岳,甲信越,日本百名山|日本二百名山|日本三百名山|甲信越百名山,35.71905,137.81712,35.7189925,137.8171028,osm:node/1280981687,,TH-w41377981 TH-w41377981-2 TH-n1601877541 TH-n1575090879 TH-n1601876774 TH-n2702675831,1,5,0,
406,鳳凰山,甲信越,日本百名山|日本二百名山|日本三百名山|甲信越百名山,35.70167,138.30472,35.70167,138.30472,famous_mountains.json,,TH-n3050597003 TH-n3050597004 TH-n823178474 TH-n823179339 TH-n13691610266 TH-n2287553101 TH-n4329408652 TH-n2352239567 TH-gsi-aokikosen,3,5,1,
407,南駒ヶ岳,甲信越,日本二百名山|日本三百名山,35.70139,137.81083,35.7013909,137.8107475,osm:node/2701216219,,TH-w41377981 TH-w41377981-2 TH-n1601877541 TH-n1601876774 TH-n2702675831 TH-n1576289385 TH-n1581930531,1,6,0,
408,三周ヶ岳,東海,東海の百山,35.683627,136.300163,35.6836295,136.3000979,osm:node/3268833167,,TH-n1290533009 TH-n1741681007 TH-n1685786028,0,1,2,
409,奥三界岳,東海,日本三百名山,35.6816666,137.5072222,35.681604,137.5072179,osm:node/5337103538,,TH-n1300838093 TH-gsi-yumori,1,0,1,
410,甘利山,甲信越,甲信越百名山,35.68139,138.37611,35.6811444,138.3765862,osm:node/3457796161,,TH-n2352138300 TH-n2352138715 TH-n2352135563 TH-n2352148726,1,1,2,
411,越百山,甲信越,日本三百名山|甲信越百名山,35.67944,137.80333,35.6794127,137.8032556,osm:node/2701216214,,TH-w41377981 TH-n1601877541 TH-n1601876774 TH-n2702675831 TH-n1576289385 TH-n1581930531 TH-n7947689641 TH-n9664782736 TH-n1643632588 TH-n1581928999,4,6,0,
412,北岳,甲信越,日本百名山|日本二百名山|日本三百名山|甲信越百名山,35.67432,138.23881,35.674321,138.238808,osm:node/1851312843,,TH-n823178474 TH-n2352231882 TH-n2352237356 TH-n5694545811 TH-osm-n4180096095 TH-ksj-P11-22-19-bs2257,1,2,3,
413,生藤山,関東,関東百名山,35.67245,139.13237,35.6724211,139.132394,osm:node/2417236751,,TH-n3053063744 TH-kP11-22-13-bs4859 TH-kP11-22-19-bs1035 TH-n7832874952 TH-n3451601393 TH-w1481993948 TH-kP11-22-13-bs4237 TH-kP11-22-13-bs5752 TH-n1457047556 TH-n4177407292,1,9,0,
414,高賀山,東海,東海の百山,35.671666,136.859462,35.6718169,136.8593008,osm:node/5383548487,,TH-n1380031091 TH-n1307833568 TH-gsi-koga-mori,0,1,2,
415,舟伏山,東海,東海の百山,35.658322,136.681507,35.658275,136.6814495,osm:node/10259674507,,TH-n1296144057 TH-n1296145011,1,1,0,
416,陣馬山,関東,関東百名山,35.65217,139.16651,35.6521695,139.1665125,osm:node/1727671797,,TH-w1426472128 TH-kP11-22-13-bs11043 TH-w258901933 TH-n2518547332 TH-kP11-22-13-bs11093 TH-w1426472158 TH-w527494157 TH-n2963604824 TH-n2963687484 TH-w223583522,2,8,0,
417,瓢ヶ岳,東海,東海の百山,35.651435,136.88963,35.6514643,136.8895409,osm:node/1380008432,,TH-n1378351464 TH-n1379980455 TH-n1378349856 TH-n10298544926 TH-gsi-fukubenomori,0,1,4,
418,夕森天然公園,東海,東海の百山,35.649452,137.548544,35.649452,137.548544,famous_mountains.json,,TH-n1370706611 TH-n1370703377 TH-n1301178846,0,0,3,
419,間ノ岳,甲信越,日本百名山|日本二百名山|日本三百名山|甲信越百名山,35.64604,138.22835,35.6460373,138.2283478,osm:node/3802063955,,TH-n3050597003-2 TH-n4359906159 TH-n3050597004 TH-n823178474,2,2,0,
420,安平路山,甲信越,日本二百名山|日本三百名山,35.63042,137.77437,35.6304249,137.7743708,osm:node/2744507340,,TH-n2702675831 TH-n1576289385 TH-n1581930531 TH-n7947689641 TH-n9664782736 TH-n1643632588 TH-n1581928999 TH-n8879060969,3,5,0,
421,滝子山,甲信越,甲信越百名山,35.63028,138.85083,35.6303537,138.8511716,osm:node/2328175902,,TH-n1599604307 TH-n6681152146 TH-n1605220276 TH-kP11-22-19-bs536 TH-n2031835752 TH-kP11-22-19-bs622 TH-n1605267173 TH-n6415978033 TH-n2697957197 TH-n1605227389,5,5,0,
422,高尾山,関東,関東百名山,35.62528,139.24361,35.6252267,139.2436878,osm:node/675449030,,TH-w1426472128 TH-kP11-22-13-bs11043 TH-n5716697592 TH-w258901933 TH-kP11-22-13-bs11093 TH-w1426472158 TH-w527494157 TH-n2963604824 TH-n2963687484 TH-n12247731401,3,7,0,
423,農鳥岳,甲信越,日本二百名山|日本三百名山|甲信越百名山,35.62479,138.23042,35.6211798,138.2368648,osm:node/1851346682,,TH-n823178474 TH-n7942187374 TH-n2352231882 TH-n5694545811 TH-osm-n4180096095 TH-ksj-P11-22-19-bs2257 TH-osm-n2855280705,1,4,2,
424,南木曽岳,甲信越,日本三百名山|甲信越百名山|東海の百山,35.59181,137.643626,35.5918103,137.6436255,osm:node/5337100626,,TH-n1370694050 TH-n1370688338 TH-gsi-araragi,1,1,1,
425,横山岳,関西,関西百名山,35.60155,136.26163,35.6015308,136.2616339,osm:node/4140852594,,TH-kP11-22-25-bs18 TH-n12169870404 TH-n12169870554,0,3,0,
426,小津権現山,東海,東海の百山,35.597503,136.494399,35.5974901,136.4943659,osm:node/12154563488,,TH-n12154868118 TH-n1290471184 TH-n1290430067 TH-n1290505351,0,2,2,
427,櫛形山,甲信越,日本二百名山|日本三百名山|甲信越百名山,35.59097,138.37066,35.5909672,138.3706649,osm:node/5368108482,,TH-w759535278 TH-n2352858196 TH-n8012544868 TH-n2352214614 TH-gsi-miharashidaira,1,4,0,
428,野坂岳,北陸,関西百名山,35.58965,136.02458,35.5896533,136.0245796,osm:node/3265266876,,TH-n2045559100,1,0,0,
429,七七頭ヶ岳,関西,関西百名山,35.58626,136.21732,35.58626,136.21732,famous_mountains.json,山頂から400m以内に登山道が無い（1.5km以内の登山道から探索。登山道の無い山・入山規制の可能性）,TH-gsi-kaminyu TH-gsi-suganami,0,2,0,
430,石老山,関東,関東百名山,35.58524,139.19063,35.5850709,139.190778,osm:node/1985909546,,TH-n3805310685 TH-w1126412466 TH-n3079551671 TH-n2012426296 TH-n1654497545 TH-n372546086 TH-n2305539805,1,4,2,
431,塩見岳,甲信越,日本百名山|日本二百名山|日本三百名山|甲信越百名山,35.57349,138.18336,35.57349,138.18336,famous_mountains.json,,TH-n1669426322 TH-n12072813843 TH-n12072857692 TH-n12072857706 TH-n1669425258 TH-n1669426870 TH-n12072895174 TH-n12072813844,1,7,0,
432,天王山,東海,東海の百山,35.561087,136.866906,35.561106,136.86686,osm:node/12659363098,,TH-n1378343289,0,1,0,
433,古城山,東海,東海の百山,35.563278,136.768667,35.5633287,136.7686062,osm:node/1296124739,,TH-kP11-22-21-bs2302 TH-n1296120705 TH-n1296152257 TH-n1296149089,1,1,2,
434,黒岳,甲信越,日本三百名山|甲信越百名山,35.55194,138.74944,35.5520497,138.7494224,osm:node/5368075499,,TH-n1608234173 TH-w829101191 TH-n10777607781 TH-w970892820 TH-n11282378965 TH-n1252490120 TH-kP11-22-19-bs2733 TH-n1252489717 TH-n10308432101 TH-n1252496763,1,9,0,
435,金糞岳,東海,関西百名山,35.55011,136.33714,35.5501872,136.3371696,osm:node/3268833199,,TH-n1685866088 TH-n1685868819 TH-gsi-kanakuso-torigoe,0,1,2,
436,風越山,甲信越,東海の百山,35.549419,137.78376,35.5494753,137.7838098,osm:node/2744507434,,TH-n1655375668 TH-n1642356464 TH-n11198843420,0,3,0,
437,三ッ峠山,甲信越,日本二百名山|日本三百名山|甲信越百名山,35.54916,138.80916,35.54916,138.80916,famous_mountains.json,,TH-n1608234173 TH-n11282378965 TH-n1252490120 TH-n1252489717 TH-n10308432101 TH-n1252496763 TH-n1610273547 TH-n12142430276 TH-n11541181625 TH-n1610329230,1,9,0,
438,納古山,東海,東海の百山,35.54498,137.094142,35.545105,137.0940936,osm:node/1294025402,,TH-n1294022331 TH-n11681493838 TH-n1294019976 TH-n1294024856 TH-gsi-noko-kiwadani,1,0,4,
439,二上山,中国,中国百名山,35.540361,134.318944,35.5404149,134.3190668,osm:node/5646552472,山頂から400m以内に登山道が無い（1.5km以内の登山道から探索。登山道の無い山・入山規制の可能性）,TH-n11244226341 TH-n11244226406 TH-n1417816361 TH-n1417817373,0,2,2,
440,由良ヶ岳,関西,関西百名山,35.507513,135.256666,35.5075133,135.2566657,osm:node/13787011411,,TH-n1667087137 TH-n1667082216 TH-n1659148356 TH-n1667076503,0,1,3,
441,赤坂山,関西,関西百名山,35.52008,136.02342,35.5201034,136.0234482,osm:node/7485874126,,TH-n1384051346 TH-n1384051118 TH-n1384044733 TH-n9388582959,0,2,2,
442,貝月山,東海,東海の百山,35.517785,136.422111,35.5179166,136.4220549,osm:node/1290432804,,TH-w875740804 TH-w875740803 TH-n1290452941 TH-n1290470598,0,2,2,
443,大室山,関東,関東百名山,35.51096,139.06853,35.510958,139.068526,osm:node/1598891630,,TH-kP11-22-14-bs4379 TH-w1456627918 TH-n6687931207 TH-n3076659834 TH-n1598896497 TH-kP11-22-14-bs5552 TH-n1598896130 TH-n1512982177 TH-n1512967297 TH-n1654435464,1,8,1,
444,笠置山,東海,東海の百山,35.510489,137.347794,35.5107831,137.347833,osm:node/2385742242,,TH-n1299935864 TH-n2385742167 TH-n11024151369,0,1,2,
445,久松山,中国,中国百名山,35.51031,134.24077,35.5103106,134.2407683,osm:node/6098406249,,TH-w595765812 TH-n4010659933 TH-w655303236 TH-n4579739116 TH-n4057395191,1,4,0,
446,朝日山,中国,中国百名山,35.50941,132.98078,35.509412,132.9807841,osm:node/6331963147,,TH-n1408170632 TH-n1408166532 TH-n1408167702,2,1,0,
447,賤ヶ岳,関西,関西百名山|東海の百山,35.50609,136.19312,35.5060988,136.1931002,osm:node/7789248632,,TH-n429910400 TH-w834429510 TH-n1686918549 TH-kP11-22-25-bs42 TH-n1686912330 TH-n1686914237 TH-gsi-oto-shizugatake,0,7,0,
448,青葉山,北陸,関西百名山,35.50599,135.47772,35.5051498,135.483777,osm:node/3265266881,,TH-n10012524956 TH-n1736024133 TH-n7537979674 TH-n1662266952 TH-gsi-aoba-nakayama,2,1,2,
449,悪沢岳,東海,日本百名山|日本二百名山|日本三百名山,35.50076,138.18242,35.50076,138.182417,osm:node/1851329514,,TH-n1669426322 TH-n12072813843 TH-n12072895174 TH-n12072813844 TH-gsi-hatanagi TH-gsi-sawarajima,2,4,0,
450,三十三間山,関西,関西百名山,35.49207,135.93006,35.4921035,135.9301022,osm:node/7485874120,,TH-n1742538233 TH-n7178446649 TH-n1742537825 TH-gsi-kurami,0,1,3,
451,御正体山,甲信越,日本二百名山|日本三百名山|甲信越百名山,35.48694,138.93167,35.486904,138.931697,osm:node/2441134639,,TH-kP11-22-19-bs3041 TH-n1512963944 TH-n5085703712 TH-w168737682 TH-n13479733854 TH-n2865760189 TH-kP11-22-19-bs2568 TH-n390873282 TH-n1610715190 TH-n1598889406,2,8,0,
452,嵩山,中国,中国百名山,35.48677,133.10774,35.48677,133.10774,famous_mountains.json,,TH-n5527703622 TH-n1416878383,0,2,0,
453,蛭ヶ岳,関東,関東百名山,35.48634,139.13893,35.4862312,139.1388014,osm:node/1654433338,,TH-kP11-22-14-bs5769 TH-w560444107 TH-n9570413360 TH-kP11-22-14-bs2030 TH-n4311235489 TH-n1447654825 TH-n6417515914 TH-kP11-22-14-bs1604 TH-n2207783502 TH-n2207693791,2,8,0,
454,奥茶臼山,甲信越,日本三百名山,35.485,138.0691666,35.4849686,138.0690746,osm:node/2744408225,,TH-n1647799291 TH-n1647798961 TH-n8523047203 TH-n8506047190,2,0,2,
455,富士見台高原,甲信越,東海の百山,35.483699,137.629726,35.483699,137.629726,famous_mountains.json,,TH-n12058453803 TH-n1301159600 TH-n9681906796 TH-n5325094157 TH-n12054128640 TH-n1280923462,2,4,0,
456,檜洞丸,関東,関東百名山,35.47901,139.10271,35.4789975,139.1027579,osm:node/1654433177,,TH-kP11-22-14-bs5769 TH-kP11-22-14-bs4379 TH-w1456627918 TH-n9570413360 TH-kP11-22-14-bs2030 TH-n4311235489 TH-n6417515914 TH-kP11-22-14-bs1604 TH-n2207783502 TH-n2207693791,2,8,0,
457,丹沢山,関東,日本百名山|日本二百名山|日本三百名山,35.47436,139.16269,35.4743625,139.1626918,osm:node/1512981907,,TH-kP11-22-14-bs5769 TH-w560444107 TH-n9570413360 TH-kP11-22-14-bs2030 TH-n4311235489 TH-n1447654825 TH-n6417515914 TH-kP11-22-14-bs1604 TH-n2207783502 TH-n2207693791 TH-osm-w623051654,2,9,0,
458,蘇武岳,関西,関西百名山,35.47079,134.63808,35.4707925,134.6380834,osm:node/3283370099,,TH-n1899649802 TH-n1899641156 TH-gsi-manba-sobu TH-gsi-kanayama-toge,0,2,2,
459,国見岳,東海,東海の百山,35.461798,136.421234,35.4617131,136.4211255,osm:node/12174089546,,TH-n12174119167,1,0,0,
460,赤石岳,甲信越,日本百名山|日本二百名山|日本三百名山|甲信越百名山,35.46122,138.15735,35.4612203,138.1573535,osm:node/10803747704,,TH-n1406668701 TH-n1647792596 TH-n1647804698 TH-n1647801918 TH-gsi-hatanagi,3,2,0,
461,塔ノ岳,関東,関東百名山,35.45407,139.16332,35.4540704,139.163317,osm:node/357416162,,TH-kP11-22-14-bs5769 TH-w560444107 TH-n9570413360 TH-kP11-22-14-bs2030 TH-n4311235489 TH-n1447654825 TH-n6417515914 TH-n2207783502 TH-n2207693791 TH-n363527827,2,8,0,
462,大江山,関西,関西百名山,35.45333,135.10667,35.4535447,135.1067479,osm:node/3265440966,,TH-n1670355603 TH-n1670354187 TH-n1669303052 TH-gsi-onitake-inari,0,1,3,
463,恵那山,甲信越,日本百名山|日本二百名山|日本三百名山|東海の百山,35.44361,137.59722,35.4431409,137.5978344,osm:node/3268833185,,TH-n12058453803 TH-n1280927489 TH-n10959521226 TH-n1280926336 TH-gsi-kuroisawa,2,2,1,
464,池田山,東海,東海の百山,35.440952,136.516964,35.4410743,136.5169373,osm:node/12170052484,,TH-n1291588152 TH-n1290448066 TH-n11917466308 TH-gsi-kamagadani,0,1,3,
465,大山,関東,日本三百名山|関東百名山,35.44083,139.23139,35.4408317,139.2313338,osm:node/648765094,,TH-kP11-22-14-bs5769 TH-w1175012984 TH-n2034663045 TH-w1486752465 TH-n935818265 TH-w1459216234 TH-n12811308676 TH-w422887664 TH-n1312647879 TH-w986173631,2,8,0,
466,扇ノ山,中国,日本三百名山|関西百名山|中国百名山,35.43972,134.44083,35.4398088,134.4408744,osm:node/3265178544,,TH-kP11-22-31-bs944 TH-n1470444176 TH-n1349878675 TH-n4585230573 TH-gsi-himeji TH-gsi-kawaidani TH-gsi-ueyama-kogen,1,3,3,
467,孝霊山,中国,中国百名山,35.43767,133.47942,35.4376958,133.4792639,osm:node/5963692181,,TH-n6260004476,0,1,0,
468,金華山,東海,東海の百山,35.433338,136.781438,35.4333427,136.7814811,osm:node/1948879990,,TH-n472450105 TH-n10069946755 TH-w387583649 TH-n472450106 TH-n6354608223 TH-kP11-22-21-bs4027 TH-n1314206732 TH-n1976220764,0,8,0,
469,船上山,中国,中国百名山,35.431083,133.598083,35.431083,133.598083,famous_mountains.json,,TH-n5594037175 TH-n4487687091 TH-n728157627 TH-n4487687089 TH-n1425865627 TH-n1425861797 TH-n1425864894,1,5,1,
470,金比羅山,東海,東海の百山,35.428244,136.945471,35.4280721,136.9455009,osm:node/5432843465,,TH-kP11-22-21-bs4233 TH-n1295070154 TH-n1309265565 TH-n13995391544 TH-n6267147021 TH-gsi-hazama-fudo,0,5,1,
471,打吹山,中国,中国百名山,35.42644,133.82197,35.42644,133.82197,famous_mountains.json,,TH-n4477921591 TH-n13666019967 TH-w449086406 TH-kP11-22-31-bs1230 TH-w449062557 TH-w399433718 TH-w449007642 TH-n4142568473,0,8,0,
472,聖岳,甲信越,日本百名山|日本二百名山|日本三百名山|甲信越百名山,35.422524,138.139639,35.4225239,138.1396386,osm:node/1851381054,,TH-n1647792596 TH-n1647804698 TH-n1647801918 TH-n8169740089 TH-n9566126317 TH-gsi-hatanagi,4,2,0,
473,笊ヶ岳,甲信越,日本二百名山|日本三百名山,35.42417,138.25944,35.4241641,138.259482,osm:node/5368126698,,TH-n1280882698 TH-n1280877849 TH-n5741018017 TH-n1406665926 TH-gsi-sawarajima,1,1,3,
474,鷲峰山,中国,中国百名山,35.42278,134.04444,35.4223603,134.0443356,osm:node/5963692176,,TH-n1450251643 TH-n1456408264 TH-n1456408965 TH-gsi-kobutsudani,2,1,1,
475,東床尾山,関西,関西百名山,35.42193,134.91582,35.4219332,134.9158191,osm:node/3283370089,,TH-n1909549503 TH-gsi-itoinokatsura,0,1,1,
476,鳩吹山,東海,東海の百山,35.418997,136.999028,35.4190496,136.9990304,osm:node/2292408546,,TH-n1304866751 TH-n2043575571 TH-kP11-22-23-bs1 TH-n10304735195 TH-n2506693737 TH-n1304864955,3,3,0,
477,伊吹山,関西,日本百名山|日本二百名山|日本三百名山|関西百名山|東海の百山,35.41777,136.40626,35.4177714,136.4062612,osm:node/1852020523,,TH-n1290426708 TH-n1376353782 TH-n1376353589,1,1,1,
478,毛無山,甲信越,日本二百名山|日本三百名山|甲信越百名山,35.41581,138.54387,35.415806,138.5438714,osm:node/1825237921,,TH-n7921759246 TH-w849065060 TH-n7921773422 TH-n9576361898 TH-w489699133 TH-w489699152 TH-n1670210820 TH-n1670202460 TH-n1670227675 TH-gsi-kenashi-fumoto,1,9,0,
479,八木山,東海,東海の百山,35.41508,136.929025,35.4150697,136.92906,osm:node/5360770892,,TH-w817980181 TH-kP11-22-21-bs4510 TH-n13997037060 TH-n1309274033 TH-n13995482585 TH-n13997036958 TH-n13519028463,0,7,0,
480,鼻高山,中国,中国百名山,35.41261,132.75262,35.4124324,132.7527415,osm:node/3274561401,,TH-n1391982317 TH-n1387135676 TH-n1387136869 TH-n1387129329 TH-n1387129843 TH-n1387135009 TH-n1387133695 TH-n1387132527 TH-n1387132664 TH-n1387129012,0,10,0,
481,三徳山,中国,中国百名山,35.385959,133.963485,35.3859585,133.9634848,osm:node/5963670454,山頂から400m以内に登山道が無い（1.5km以内の登山道から探索。登山道の無い山・入山規制の可能性）,TH-n1348948412 TH-n1348930252 TH-n1348929064,1,0,2,
482,継鹿尾山,東海,東海の百山,35.396042,136.970338,35.396042,136.970338,famous_mountains.json,,TH-kP11-22-23-bs7 TH-kP11-22-23-bs8 TH-n1362882245 TH-n1362883805 TH-n1362883077 TH-n1362883448 TH-n1304896995,0,6,1,
483,鉢伏山,関西,関西百名山,35.39539,134.53635,35.3953935,134.5363477,osm:node/2868036832,,TH-w97190003 TH-n4489493920 TH-w449142605 TH-n4489493922 TH-n4489493919 TH-n4489493921 TH-n1726178654,0,6,1,
484,甲ヶ山,中国,中国百名山,35.39368,133.58238,35.3936823,133.5824338,osm:node/5963692178,,TH-n5594037175 TH-n4487687091 TH-n728157627 TH-n4487687089 TH-n1425865627 TH-n1425861797 TH-n728158240 TH-n1425864894 TH-gsi-katori,1,7,1,
485,百里ヶ岳,関西,関西百名山,35.39179,135.81009,35.3917918,135.8100902,osm:node/3265266879,,TH-kP11-22-25-bs274 TH-n3735364653 TH-n3393771956 TH-n4467122946 TH-osm-n3735361545 TH-gsi-negorozaka,0,5,1,
486,弥仙山,関西,関西百名山,35.39109,135.37807,35.391094,135.3780706,osm:node/7466984978,,TH-n1677830109 TH-n1662169289,0,1,1,
487,上河内岳,甲信越,日本二百名山|日本三百名山,35.38962,138.15281,35.3896236,138.152806,osm:node/3268833168,,TH-n1647792596 TH-n8169740089 TH-n9566126317 TH-n1406664377 TH-gsi-hatanagi,4,0,1,
488,矢筈ヶ山,中国,中国百名山,35.38672,133.58086,35.3867704,133.5809053,osm:node/3265178549,,TH-n5594037175 TH-n4487687091 TH-n728157627 TH-n4487687089 TH-n1425865627 TH-n1425861797 TH-n728158240 TH-n1425864894 TH-n1462044005 TH-gsi-katori,1,7,2,
489,大野山,関東,関東百名山,35.38601,139.04879,35.3859758,139.0487323,osm:node/9085376445,,TH-n1512961767 TH-n4708874432 TH-osm-n8244080366,1,0,2,
490,大山,中国,日本百名山|日本二百名山|日本三百名山|中国百名山,35.371264,133.546352,35.3711876,133.5431666,osm:node/1852017245,,TH-n4487687091 TH-n728157627 TH-n4487687089 TH-n1425865627 TH-n1425861797 TH-n728158240 TH-n728157951 TH-gsi-natsuyama,2,5,1,
491,七面山,甲信越,日本二百名山|日本三百名山|甲信越百名山,35.37044,138.35058,35.3704526,138.3505055,osm:node/5368129966,,TH-n6416252197 TH-n1280892728 TH-n1280895239 TH-n5729287854,1,3,0,
492,茶臼岳,甲信越,日本三百名山,35.3691666,138.1405555,35.3691384,138.1403966,osm:node/3268833194,,TH-n1647792596 TH-n8169740089 TH-n9566126317 TH-n1406664377 TH-gsi-hatanagi,4,0,1,
493,氷ノ山,関西,日本二百名山|日本三百名山|関西百名山|中国百名山,35.353946,134.51385,35.353946,134.5138502,osm:node/2800566776,,TH-n4489398142 TH-n1726176706 TH-n1726148687 TH-n1726178654 TH-gsi-odangenaru TH-gsi-hyonosen-higashione TH-gsi-wakasa-camp,1,5,1,
494,富士山,甲信越,日本百名山|日本二百名山|日本三百名山|甲信越百名山,35.360681,138.727351,35.3628384,138.7307677,osm:node/714354378,,TH-kP11-22-22-bs157 TH-kP11-22-19-bs3165 TH-n3041092120 TH-n874172106 TH-n1402646541 TH-n888327858 TH-n888306887 TH-n888297730 TH-n890518714 TH-n880703238 TH-osm-n3042913544 TH-osm-n9122255504,4,8,0,
495,三森山,東海,東海の百山,35.358131,137.488374,35.358166,137.4884,osm:node/10266513299,,TH-n1299696838 TH-n1299745181 TH-n1299927459 TH-n1299809854,1,3,0,
496,八ヶ峰,北陸,関西百名山,35.35722,135.66806,35.3572581,135.6680234,osm:node/7466894755,,TH-n843225206 TH-n7033680852 TH-n7033680938 TH-n1742287772,0,2,2,
497,烏ヶ山,中国,中国百名山,35.35582,133.57044,35.3558211,133.5704642,osm:node/3265178550,,TH-n1348878618 TH-n934763163,1,1,0,
498,三国山,中国,中国百名山,35.344649,134.014994,35.3506653,134.0150786,osm:node/5972081702,山頂から400m以内に登山道が無い（1.5km以内の登山道から探索。登山道の無い山・入山規制の可能性）,TH-gsi-mikuniyama-sanno,0,1,0,
499,南宮山,東海,東海の百山,35.346689,136.509859,35.346828,136.5097833,osm:node/11885376351,,TH-kP11-22-21-bs5452 TH-kP11-22-21-bs5785 TH-n11881870614,0,3,0,
500,天狗山,中国,中国百名山,35.33988,133.08306,35.339879,133.0830632,osm:node/9894849428,山頂から400m以内に登山道が無い（1.5km以内の登山道から探索。登山道の無い山・入山規制の可能性）,TH-n1319809468 TH-n1319819423 TH-gsi-tengu-yasugi,0,1,2,
501,光岳,甲信越,日本百名山|日本二百名山|日本三百名山|甲信越百名山,35.33819,138.08379,35.3381873,138.0837932,osm:node/3268833172,,TH-n1647792596 TH-w958991575 TH-n1401708350 TH-n1401706173,2,0,2,
502,三角山,中国,中国百名山,35.33804,134.21882,35.3380431,134.218822,osm:node/5564608955,,TH-n3948287831 TH-kP11-22-31-bs2214 TH-n5564833611 TH-n4408968860 TH-n3952054607 TH-n5564663349 TH-n3915626331 TH-n5564663174,0,8,0,
503,天園,関東,関東百名山,35.33584,139.57636,35.33584,139.57636,famous_mountains.json,,TH-n9929390905 TH-n2405714184 TH-w463206616 TH-n3112663675 TH-n1791311832 TH-n4355233089 TH-n7875410444 TH-n3577095649 TH-n1771745315 TH-n1794218892,0,10,0,
504,皆ヶ山,中国,中国百名山,35.33579,133.62232,35.3357926,133.6223181,osm:node/5975794522,山頂から400m以内に登山道が無い（1.5km以内の登山道から探索。登山道の無い山・入山規制の可能性）,TH-gsi-minagasen,0,1,0,
505,池口岳,甲信越,日本二百名山|日本三百名山,35.33025,138.03836,35.3302546,138.0383615,osm:node/3268833187,,TH-n1647792596 TH-w958991575 TH-n1401708350 TH-n1401706173,2,0,2,
506,矢倉岳,関東,関東百名山,35.32861,139.03537,35.3286144,139.0353686,osm:node/4311322192,,TH-kP11-22-14-bs9204 TH-kP11-22-14-bs8793 TH-n1497992535 TH-n11898413727 TH-n1497996031 TH-n9152344607 TH-n1616967514 TH-gsi-yagurasawa,1,7,0,
507,上蒜山,中国,日本二百名山|日本三百名山|中国百名山,35.326688,133.662385,35.3266881,133.662385,osm:node/5386992373,,TH-n6435593028 TH-w1441615117 TH-n1315925134 TH-n1315920025 TH-n1926764663 TH-n1926766427,1,4,1,
509,蛇谷ヶ峰,関西,関西百名山,35.32042,135.92863,35.3204176,135.9286348,osm:node/6392004834,,TH-n12816030161 TH-n11848789126 TH-n6177995786 TH-n12816030160 TH-kP11-22-25-bs578 TH-n4491022844 TH-n4491022845 TH-n10564749945 TH-n1353602225 TH-n4942282381,1,9,0,
510,弥勒山,東海,東海の百山,35.314528,137.065328,35.3145873,137.0652596,osm:node/2356254947,,TH-n6187416185 TH-kP11-22-23-bs347 TH-kP11-22-23-bs628 TH-kP11-22-23-bs417 TH-kP11-22-23-bs364 TH-kP11-22-23-bs495 TH-kP11-22-23-bs389 TH-kP11-22-23-bs631 TH-n5374086024,0,9,0,
511,大谷山,東海,東海の百山,35.308962,137.066662,35.308945,137.0666534,osm:node/2356254946,,TH-n6187416185 TH-kP11-22-23-bs347 TH-kP11-22-23-bs628 TH-kP11-22-23-bs417 TH-kP11-22-23-bs364 TH-kP11-22-23-bs495 TH-kP11-22-23-bs389 TH-kP11-22-23-bs631 TH-n5374086024,0,9,0,
512,道樹山,東海,東海の百山,35.306473,137.071958,35.3065297,137.0718815,osm:node/5374086500,,TH-n6187416185 TH-kP11-22-23-bs347 TH-kP11-22-23-bs628 TH-kP11-22-23-bs417 TH-kP11-22-23-bs364 TH-kP11-22-23-bs495 TH-kP11-22-23-bs389 TH-kP11-22-23-bs631 TH-n5374086024,0,9,0,
513,山伏,甲信越,日本三百名山,35.3044444,138.2852777,35.3043577,138.285267,osm:node/3283376262,,TH-n5729287854 TH-n5123552990 TH-n1406662601 TH-n1406663111 TH-gsi-nishihikage TH-gsi-hyakujo,1,2,3,
514,長老ヶ岳,関西,関西百名山,35.30327,135.47399,35.3032171,135.4738848,osm:node/3265440971,,TH-n5267854837 TH-n1675648838 TH-n1657308487 TH-n1657309342 TH-gsi-chorosan-shinrin,1,4,0,
515,三原山,中国,中国百名山,35.30155,134.06472,35.30155,134.06472,famous_mountains.json,,TH-n1453398200 TH-n6252067417 TH-n2019798105,0,1,2,
516,金時山,関東,日本三百名山|関東百名山,35.289716,139.004904,35.2896965,139.0048479,osm:node/2270162192,,TH-n390300157 TH-kP11-22-22-bs486 TH-kP11-22-14-bs9485 TH-n6418977013 TH-n1497982105 TH-kP11-22-14-bs9806 TH-n6591898477 TH-kP11-22-14-bs10007 TH-n9121359081 TH-n1436527936,1,9,0,
517,若杉山,中国,中国百名山,35.28169,133.83767,35.2817315,133.837568,osm:node/5962647964,山頂から400m以内に登山道が無い（1.5km以内の登山道から探索。登山道の無い山・入山規制の可能性）,TH-n1348936785 TH-n1348935314 TH-n1348935976 TH-n1488113032 TH-gsi-wakasugi,0,1,4,
518,霊仙山,関西,関西百名山|東海の百山,35.27912,136.38122,35.2791228,136.3812183,osm:node/5385725632,,TH-kP11-22-21-bs6237 TH-n1378473192 TH-n1378472701 TH-gsi-kuregahata TH-osm-n3999594681 TH-gsi-imahata,3,1,2,
519,明神ヶ岳,関東,関東百名山,35.27794,139.05297,35.2794977,139.0525134,osm:node/9148441788,,TH-n390300157 TH-kP11-22-22-bs486 TH-kP11-22-14-bs9485 TH-n6418977013 TH-n1497982105 TH-kP11-22-14-bs9806 TH-n6591898477 TH-kP11-22-14-bs10007 TH-n1436527936 TH-n1436505569,1,9,0,
520,三平山,中国,中国百名山,35.27768,133.56889,35.277717,133.5689449,osm:node/13039267570,,TH-n1926753131,0,1,0,
521,三ヶ上,中国,中国百名山,35.269167,133.946944,35.2691851,133.9468225,osm:node/6287521082,山頂から400m以内に登山道が無い（1.5km以内の登山道から探索。登山道の無い山・入山規制の可能性）,TH-n1488115739,0,1,0,
522,武奈ヶ岳,関西,日本二百名山|日本三百名山|関西百名山,35.26462,135.89698,35.2646197,135.8969848,osm:node/3283370092,,TH-n12816030161 TH-n11848789126 TH-n6177995786 TH-n12816030160 TH-kP11-22-25-bs578 TH-n4491022844 TH-n4491022845 TH-n4491022840 TH-n4491022835 TH-kP11-22-25-bs862,1,9,0,
523,熊伏山,甲信越,日本三百名山,35.2633333,137.895,35.2632433,137.8949085,osm:node/3268833188,,TH-n1655296038 TH-n5204083684 TH-n14100998898 TH-n1280899243 TH-n2137374031,4,1,0,
524,鎌倉山,中国,中国百名山,35.26329722,133.3601556,35.2633098,133.3601549,osm:node/5975794531,山頂から400m以内に登山道が無い（1.5km以内の登山道から探索。登山道の無い山・入山規制の可能性）,TH-n1299296062 TH-n1348837520 TH-n1348841434 TH-gsi-kamakurayama-nanbu,0,1,3,
525,養老山,東海,東海の百山,35.263081,136.523312,35.2631515,136.5233276,osm:node/3268833203,,TH-n1285586565 TH-n1410041996 TH-n1284885147 TH-n1285600264 TH-gsi-yoro-taki,0,4,1,
526,東谷山,東海,東海の百山,35.256158,137.053203,35.2558744,137.052944,osm:node/1670567947,,TH-n1875870656 TH-n624184384 TH-n2098086456 TH-n1875870741 TH-n2057326145 TH-gsi-togokusan-sansakuro,0,6,0,
527,大無間山,東海,日本二百名山|日本三百名山,35.25599,138.16155,35.2559857,138.1615523,osm:node/3283376261,,TH-kP11-22-22-bs545 TH-n1406654111 TH-n6583072753 TH-n1406661438,1,2,1,
528,津黒山,中国,中国百名山,35.25175,133.81501,35.2517603,133.8149931,osm:node/3259798268,山頂から400m以内に登山道が無い（1.5km以内の登山道から探索。登山道の無い山・入山規制の可能性）,TH-n1348941471 TH-n1348929590 TH-n1488107720 TH-gsi-tsuguro-chuo,1,1,2,
529,大楠山,関東,関東百名山,35.25007,139.62808,35.2502062,139.6280609,osm:node/2303621064,,TH-w953059876 TH-kP11-22-14-bs10026 TH-n11647352407 TH-n2186695792 TH-n3623126323 TH-n12568301062 TH-n3309420781 TH-n3635053642 TH-n2186699576 TH-osm-n9908319286,1,9,0,
530,岩巣山,東海,東海の百山,35.248599,137.155568,35.2485973,137.1555885,osm:node/3279764075,,TH-n2098079430 TH-n2098084204,0,2,0,
531,篠井山,甲信越,甲信越百名山,35.24768,138.42633,35.2477154,138.4264603,osm:node/5368139208,,TH-n1784498498 TH-n1784501165 TH-n1784492408 TH-gsi-shinoi-okuyama,1,0,3,
532,金ヶ谷山,中国,中国百名山,35.245903,133.557822,35.2459144,133.5578044,osm:node/5962685475,,TH-n716682991 TH-n1488030014,0,1,1,
533,角ヶ仙,中国,中国百名山,35.24097,134.00408,35.2409195,134.0041129,osm:node/5963654982,,TH-n2019786000 TH-n1488102813 TH-gsi-tsunogasen,0,1,2,
534,毛無山,中国,中国百名山,35.23561,133.51469,35.2356113,133.5146902,osm:node/3259798270,,TH-n716682991 TH-n1488030014,0,1,1,
536,箱根山,関東,日本三百名山|関東百名山,35.23333,139.02083,35.2334784,139.0209682,osm:node/2407810960,,TH-w33077826 TH-w496653546 TH-kP11-22-14-bs10348 TH-n267161614 TH-n1436462135 TH-n1435663318,1,5,0,
537,宝仏山,中国,中国百名山,35.23152,133.46836,35.2298452,133.47014,osm:node/3265178551,山頂から400m以内に登山道が無い（1.5km以内の登山道から探索。登山道の無い山・入山規制の可能性）,TH-gsi-hobutsusan,1,0,0,
538,茶臼山,東海,東海の百山,35.227618,137.655539,35.2275686,137.6555967,osm:node/1013109555,,TH-n7825016871 TH-w142454860 TH-n1316220486 TH-n990014951 TH-n7867390145,0,5,0,
539,愛鷹山,東海,日本二百名山|日本三百名山,35.2381,138.7939,35.2269669,138.8032061,osm:node/5385452247,,TH-n6311814602 TH-n1648689568 TH-kP11-22-22-bs657 TH-kP11-22-22-bs616 TH-n1667128884 TH-n1648683301 TH-n1648683965 TH-n11295443658 TH-n1648682361 TH-n1667111796,1,9,0,
540,玉峰山,中国,中国百名山,35.215611,133.104679,35.215611,133.104679,famous_mountains.json,,TH-n9767753441 TH-n1324442972 TH-n1324441150 TH-gsi-tamamine-odaki,1,2,1,
541,夏焼城ヶ山,東海,東海の百山,35.214525,137.528679,35.2146228,137.5286631,osm:node/3282224303,,TH-kP11-22-23-bs1884 TH-n1320086031 TH-n13881571461 TH-n8535863505 TH-osm-n12874394301,0,4,1,
542,萩太郎山,東海,東海の百山,35.214071,137.657979,35.2142097,137.657758,osm:node/1692779750,,TH-n990014951 TH-n1192598332 TH-n1192598329,0,3,0,
544,蓬莱山,関西,日本三百名山|関西百名山,35.2094444,135.8858333,35.2095056,135.8857333,osm:node/3283370097,,TH-n11848789126 TH-n4491022844 TH-n1353602225 TH-kP11-22-25-bs862 TH-n4491022835-2 TH-n4491022836 TH-n4491022839 TH-kP11-22-25-bs944 TH-n4936269294 TH-n1759302993 TH-gsi-kitadaka TH-gsi-yakushinotaki,1,11,0,
545,猿投山,東海,東海の百山,35.205896,137.166753,35.205867,137.1667591,osm:node/3259303478,,TH-n1326547680 TH-n1320286625 TH-n2098067806 TH-gsi-sanage-jinja,0,1,3,
546,八嶽山,東海,東海の百山,35.205063,137.798502,35.2050954,137.7984694,osm:node/955626842,,TH-n1024226932 TH-n1060670388 TH-n1024226974,1,1,1,
547,皆子山,関西,関西百名山,35.20222,135.83528,35.2021588,135.8351716,osm:node/3265440973,,TH-kP11-22-25-bs862 TH-n3756753690 TH-n1369122616 TH-n10569706238 TH-gsi-taira-minako,0,2,3,
548,泉山,中国,中国百名山,35.20221,133.95964,35.2022227,133.9595629,osm:node/5972239833,,TH-n1488097579 TH-n1488092427 TH-n1488092229,0,1,2,
549,高宕山,関東,関東百名山,35.198278,139.9925,35.1982851,139.9924989,osm:node/6975381031,,TH-n3745996625 TH-kP11-22-12-bs10112 TH-n6344347800 TH-n1514029377,1,3,0,
550,黒法師岳,東海,日本三百名山,35.1961111,138.0294444,35.1961782,138.0293978,osm:node/3283376266,,TH-n2137364020 TH-n6574391368 TH-n1401693914 TH-n6112155090 TH-gsi-tochuyama,1,0,4,
551,段ヶ峰,関西,関西百名山,35.19159,134.72743,35.1915875,134.7274256,osm:node/5983104057,,TH-n1471774274 TH-n1862520437,1,1,0,
552,天狗棚,東海,東海の百山,35.190239,137.580995,35.1902106,137.5810297,osm:node/1013069885,,TH-n1013078396 TH-w156796687 TH-n1317315313 TH-n1317329996,0,2,2,
553,鈴北岳,東海,東海の百山,35.18717,136.408642,35.18717,136.408642,famous_mountains.json,,TH-n1423765193 TH-n4789841022 TH-w1122861027 TH-w1122682975 TH-n1409986302,2,3,0,
554,後山,関西,中国百名山,35.18686,134.41124,35.1868601,134.4112411,osm:node/3259798262,,TH-w166691796 TH-w179944053 TH-w300394411 TH-n5958156757,0,4,0,
555,御池岳,関西,関西百名山,35.17855,136.41474,35.1789478,136.4148597,osm:node/4607249131,,TH-n1423765193 TH-n4789841022 TH-w1122861027 TH-w1122682975 TH-n1409986302,2,3,0,
556,雲取山,関西,関西百名山,35.1784387,135.7647085,35.1784529,135.7647691,osm:node/10898715095,,TH-n9455348398 TH-n9455348397 TH-n1368926560 TH-n3780474361,0,4,0,
557,幕山,関東,関東百名山,35.17375,139.09138,35.1737119,139.0913236,osm:node/9271947292,,TH-kP11-22-14-bs10542 TH-kP11-22-14-bs10516 TH-n9289109673 TH-n1445598491 TH-n1445599969,0,5,0,
558,那岐山,中国,日本三百名山|中国百名山,35.17169,134.18028,35.1716731,134.1802724,osm:node/3259798263,,TH-n5870221557 TH-n5870240901 TH-n1349838084 TH-n6248782008,2,0,2,
559,滝山,中国,中国百名山,35.16747,134.15082,35.1674724,134.1508163,osm:node/5824901480,,TH-n1486594383 TH-gsi-takiyama-nagi,0,1,1,
560,爪ヶ城,中国,中国百名山,35.16209,134.12544,35.16209,134.12544,famous_mountains.json,,TH-n1486594383 TH-gsi-koegatawa,1,0,1,
561,鋸山,関東,関東百名山,35.16028,139.84098,35.1602802,139.8409776,osm:node/5590328222,,TH-n760291651 TH-n304026277 TH-n1450308235 TH-n1387059258 TH-n1450309169 TH-n1387059783 TH-n5590328296,0,6,1,
562,桟敷ヶ岳,関西,関西百名山,35.15918,135.71728,35.1592046,135.7172261,osm:node/3265440970,,TH-n1420111324 TH-n1420109237 TH-n1420110265,1,1,1,
563,藤原岳,関西,日本三百名山|関西百名山|東海の百山,35.15872,136.45282,35.158669,136.4528089,osm:node/5336405071,,TH-n1423765193 TH-n4789841022 TH-w1122861027 TH-w1122682975 TH-n1409986302 TH-n1410019845,2,4,0,
565,櫃ヶ山,中国,中国百名山,35.15843,133.70671,35.1584077,133.7067645,osm:node/5564391141,,TH-n1926902474 TH-n4713241149 TH-n1926890394,0,1,2,
566,船通山,中国,中国百名山,35.15593,133.17859,35.155953,133.1786287,osm:node/2786977808,,TH-n1324445989 TH-n1324443784 TH-n1326977395 TH-n1324441812,2,0,2,
567,日本ヶ塚山,東海,東海の百山,35.152816,137.790899,35.1528853,137.7909027,osm:node/3282224306,,TH-kP11-22-23-bs2967 TH-n1316216916 TH-gsi-furusato-tomiyama,0,3,0,
568,段戸山,東海,東海の百山,35.152543,137.494947,35.152543,137.494947,famous_mountains.json,,TH-n11329320149 TH-n1317324613 TH-n10298086666,0,1,2,
569,花見山,中国,中国百名山,35.15237,133.40123,35.1524469,133.4012034,osm:node/3259798272,山頂から400m以内に登山道が無い（1.5km以内の登山道から探索。登山道の無い山・入山規制の可能性）,TH-n1327004174 TH-n1494838211 TH-n1326997392 TH-n1326983537 TH-gsi-hanamiyama,0,1,4,
570,日名倉山,関西,関西百名山,35.14778,134.40861,35.1478891,134.4086355,osm:node/5565212578,山頂から400m以内に登山道が無い（1.5km以内の登山道から探索。登山道の無い山・入山規制の可能性）,TH-n1471492994 TH-n1471492588 TH-n1842207493 TH-n1471491969 TH-gsi-bellpeal,0,5,0,
571,千ヶ峰,関西,関西百名山,35.14473,134.88391,35.1447342,134.8839089,osm:node/2868036829,,TH-n1471771587 TH-n1471771416 TH-n14102481246 TH-n1358550110 TH-gsi-iwakura-sengamine TH-gsi-ichihara-sengamine,2,2,2,
572,星山,中国,中国百名山,35.14194,133.67722,35.1421127,133.6774548,osm:node/3259798271,,TH-n1926891934 TH-n1926891588 TH-n1926892949,0,1,2,
573,三坂山,中国,中国百名山,35.13893,133.74409,35.1389787,133.7440557,osm:node/5565056167,,TH-n1926892234 TH-n1926915144,1,0,1,
574,寧比曽岳,東海,東海の百山,35.137822,137.439142,35.1378781,137.4391203,osm:node/3282224329,,TH-kP11-22-23-bs4286 TH-n6449218736 TH-n1320081414 TH-n1317429687 TH-n6449218671 TH-n1317343330,0,4,2,
575,三瓶山,中国,日本二百名山|日本三百名山|中国百名山,35.140444,132.621583,35.1405548,132.621619,osm:node/3274561402,,TH-n11829365160 TH-n1381319052 TH-n1381321737 TH-n1381318168 TH-n1381317285 TH-n11829365161 TH-n1381321802 TH-n1381321343 TH-n1381321193,2,7,0,
576,三嶽,関西,関西百名山,35.12726,135.24488,35.1272821,135.2449035,osm:node/3283370078,,TH-kP11-22-28-bs1800 TH-n2023997327 TH-n2023997998 TH-n2023994945 TH-gsi-hiuchiiwa,0,4,1,
577,竜ヶ岳,東海,東海の百山,35.119265,136.445163,35.119304,136.4452288,osm:node/1423765628,,TH-n1423765193 TH-n4789841022 TH-w1122861027 TH-w1122682975 TH-n1409986302,2,3,0,
578,高塚山,東海,日本三百名山,35.1155555,138.0036111,35.1154737,138.0036649,osm:node/3283376265,,TH-n1401665211 TH-n1401659647 TH-n4854447521 TH-n4853638949,1,0,3,
579,鯛ノ巣山,中国,中国百名山,35.11394,132.91772,35.1139522,132.9177005,osm:node/2786977813,山頂から400m以内に登山道が無い（1.5km以内の登山道から探索。登山道の無い山・入山規制の可能性）,TH-n1324462093 TH-n1324458636 TH-n1394278930 TH-gsi-tainosu,0,2,2,
580,伊予ヶ岳,関東,関東百名山,35.10731,139.91399,35.1073072,139.9139877,osm:node/3259298034,,TH-w389811953 TH-n12676555879 TH-n1386859124,1,2,0,
581,富山,関東,関東百名山,35.09889,139.88139,35.0986879,139.8816004,osm:node/2936278337,,TH-kP11-22-12-bs10599 TH-n2936278316 TH-n1386844084 TH-n1386810488 TH-gsi-fukumanji,1,4,0,
582,御殿山,関東,関東百名山,35.08879,139.94774,35.0887532,139.9478368,osm:node/9313418000,,TH-kP11-22-12-bs10569 TH-kP11-22-12-bs10560 TH-n9749381278 TH-n1386760915 TH-gsi-gotenyama-yamada,1,4,0,
583,大万木山,中国,中国百名山,35.08759,132.85453,35.0875874,132.8545306,osm:node/2786977785,,TH-n1308352859 TH-n1308355343 TH-n9988619777 TH-n1325871007 TH-gsi-monzaka,1,0,4,
584,岩古谷山,東海,東海の百山,35.087423,137.600875,35.0872408,137.6004808,osm:node/664377242,,TH-kP11-22-23-bs4878 TH-n984959078 TH-n5801473189 TH-kP11-22-23-bs5063 TH-n1051156172 TH-w52561329 TH-n1416302949 TH-n1203909303 TH-n1014208640,0,9,0,
585,三池岳,東海,東海の百山,35.085947,136.442341,35.085947,136.442341,famous_mountains.json,,TH-n1411239752 TH-n1742841008 TH-n4213643454 TH-w1417487193 TH-n1742841043 TH-n6723664943 TH-kP11-22-24-bs636 TH-n1409943314,3,4,1,
586,猿政山,中国,中国百名山,35.08127,132.96774,35.0812662,132.9677429,osm:node/2786977802,山頂から400m以内に登山道が無い（1.5km以内の登山道から探索。登山道の無い山・入山規制の可能性）,TH-n1324469026 TH-n1324467389,0,0,2,
587,雪彦山,関西,関西百名山,35.07284,134.65129,35.0728135,134.6512124,osm:node/3085268009,,TH-n7368449785 TH-n1342764373 TH-n1471714535,1,0,2,
588,吾妻山,中国,日本三百名山|中国百名山,35.068278,133.033083,35.0683243,133.0331016,osm:node/2786977784,,TH-n1308357108 TH-n1308359781 TH-n1308355226 TH-gsi-otawa TH-gsi-azuma-camp,1,3,1,山頂座標がWikipediaと1.7km異なる（要確認）
589,釈迦ヶ岳,東海,東海の百山,35.06565,136.441544,35.0657115,136.4415038,osm:node/1735097559,,TH-n1411239752 TH-n1388441032 TH-n1742841008 TH-n4213643454 TH-w1417487193 TH-n1742841043 TH-n6723664943 TH-kP11-22-24-bs636,4,4,0,
590,比叡山,関西,日本三百名山|関西百名山,35.065805,135.834417,35.0658048,135.8344171,osm:node/6392004805,,TH-w572203656 TH-w55072277 TH-w356938602 TH-w24925988 TH-n4189739291 TH-n1355400817 TH-n10294782453 TH-n1355399585,1,7,0,
591,笠形山,関西,関西百名山,35.06415,134.83459,35.0641473,134.834586,osm:node/2787510517,,TH-n1471753350 TH-n1471752923 TH-n1312957502 TH-n1358528565 TH-osm-w278201423,0,4,1,
592,大江高山,中国,中国百名山,35.06393,132.42872,35.0639268,132.4287199,osm:node/3274561403,山頂から400m以内に登山道が無い（1.5km以内の登山道から探索。登山道の無い山・入山規制の可能性）,TH-n1382522580 TH-n11918686708 TH-n1382522643 TH-n1382522825 TH-gsi-iidani,0,4,1,
593,愛宕山,関西,日本三百名山|関西百名山,35.06028,135.63417,35.0600453,135.6342851,osm:node/3265440969,,TH-n3733870869 TH-n3733873420 TH-n1651261599 TH-n1651260849 TH-n1344185567 TH-n1344169034 TH-n765060402 TH-n3733871148 TH-gsi-tsukinowa TH-gsi-mizuo,1,6,3,
594,炮烙山,東海,東海の百山,35.060256,137.302894,35.0602913,137.3028588,osm:node/2380750492,,TH-n5150933055 TH-n1320401598 TH-n5146476923,1,1,1,
595,尾高山,東海,東海の百山,35.057073,136.466102,35.0572396,136.4660926,osm:node/1748377752,,TH-n1411239752 TH-n1388441032 TH-n1742841008 TH-n4213643454 TH-w1417487193 TH-n1742841043 TH-n6723664943 TH-kP11-22-24-bs636 TH-n1411260717,4,5,0,
596,六所山,東海,東海の百山,35.054921,137.284236,35.0550794,137.284016,osm:node/2380749589,,TH-n1320005584 TH-n2380749509 TH-n1320147539 TH-n2380749403 TH-gsi-matsudairago,0,2,3,
597,三上山,関西,関西百名山,35.05028,136.03778,35.0505175,136.0375777,osm:node/1352163428,,TH-n1352163563 TH-n1352164065 TH-n9465428222 TH-n4744108789 TH-n1352164046,1,4,0,
598,明神山,東海,東海の百山,35.049645,137.662479,35.0497346,137.6625484,osm:node/4311322191,,TH-n1315159335 TH-n1315163484 TH-n981858292 TH-n1315156863,0,3,1,
599,琴引山,中国,中国百名山,35.04817,132.78252,35.0483067,132.782518,osm:node/2786977803,,TH-n4486958101 TH-n4486958100 TH-n4486958103 TH-n1325867828,0,4,0,
600,白髪岳,関西,関西百名山,35.04612,135.13474,35.046116,135.1347363,osm:node/3283370096,,TH-kP11-22-28-bs2384 TH-n2023952324 TH-n2023952915 TH-n1560154171 TH-gsi-shiragadake-sumiyama,0,5,0,
601,雨乞岳,関西,東海の百山,35.021075,136.384118,35.0210866,136.3841707,osm:node/3283370101,,TH-n1411239752 TH-n1388441032 TH-n1742841008 TH-n4213643454 TH-w1417487193 TH-n1742841043 TH-n6723664943 TH-kP11-22-24-bs636 TH-n1742869063,4,5,0,
602,御在所岳,東海,日本二百名山|日本三百名山|関西百名山|東海の百山,35.02056,136.41778,35.02056,136.41778,famous_mountains.json,,TH-n1411239752 TH-n1388441032 TH-n1742841008 TH-n4213643454 TH-w1417487193 TH-n6723664943 TH-kP11-22-24-bs636 TH-w689696996 TH-n1742869063,4,5,0,Wikipediaの表記は「御在所山」
603,七種山,関西,関西百名山,35.01586,134.70369,35.0158611,134.703694,osm:node/2868036828,,TH-n1472585006 TH-n1472584763 TH-gsi-sakumonji TH-osm-n2246853541,3,0,1,
604,綿向山,関西,東海の百山,35.013691,136.341606,35.0136909,136.341756,osm:node/5792703354,,TH-n1352651635 TH-n1352647435 TH-gsi-miyukibashi,0,1,2,
605,道後山,中国,日本三百名山|中国百名山,35.069495,133.232846,35.0694953,133.2328459,osm:node/2786977811,,TH-n4487193098 TH-n1308622895 TH-n1308586347,1,0,2,
606,剣尾山,関西,関西百名山,35.00338,135.40386,35.0033568,135.4038438,osm:node/3283370080,,TH-n1550354177 TH-n10076853181 TH-n1550351888 TH-n1344188819 TH-n1550350033,0,5,0,
607,鎌ヶ岳,関西,関西百名山|東海の百山,35.00142,136.42132,35.0014189,136.4213202,osm:node/1735097560,,TH-n1411239752 TH-n1388441032 TH-n1742841008 TH-n4213643454 TH-n1742841043 TH-n6723664943 TH-kP11-22-24-bs636 TH-w689696996 TH-w1417487193-2,4,5,0,
608,鳳来寺山,東海,東海の百山,34.982815,137.582983,34.9839984,137.582759,osm:node/3259303479,,TH-n984959078 TH-w52561329 TH-n1014208640 TH-w83596330 TH-n1024190882 TH-n641106611 TH-n1416243924 TH-n646184981 TH-n653108770 TH-n1416279854,0,9,1,
609,入道ヶ岳,東海,東海の百山,34.973857,136.433842,34.9738905,136.4338116,osm:node/4607249127,,TH-n1411239752 TH-n1388441032 TH-n1742841008 TH-n4213643454 TH-n1742841043 TH-kP11-22-24-bs636 TH-w689696996 TH-w1417487193-2 TH-n1411243798,4,4,1,
610,比婆山,中国,中国百名山,35.064991,133.056412,35.0649907,133.0564117,osm:node/2786977796,,TH-n1308357108 TH-n1308359781 TH-n6959949889 TH-n1324428705 TH-gsi-tateeboshi TH-gsi-rokunohara,0,5,1,
611,宮指路岳,東海,東海の百山,34.965007,136.402135,34.965007,136.402135,famous_mountains.json,,TH-n1411239752 TH-n1388441032 TH-n1742841008 TH-n4213643454 TH-n1742841043 TH-kP11-22-24-bs636 TH-w689696996 TH-w1417487193-2 TH-n1411243798,4,4,1,
612,仙ヶ岳,東海,東海の百山,34.951834,136.395452,34.951842,136.395396,osm:node/4607249125,,TH-n1411239752 TH-n1388441032 TH-n1742841008 TH-n4213643454 TH-n1742841043 TH-w689696996 TH-w1417487193-2 TH-n2112184968 TH-n1411243798,4,4,1,
613,ポンポン山,関西,関西百名山,34.93528,135.62389,34.935213,135.623822,osm:node/12661997924,,TH-n6151228099 TH-n8088445204 TH-n4406941785 TH-n4899276205 TH-n1411236360 TH-n1478987248 TH-gsi-honzanji,0,7,0,
614,荒戸山,中国,中国百名山,34.933029,133.372465,34.9330293,133.3724646,osm:node/5975800484,,TH-n1494911161 TH-n1494882212 TH-n1494911054 TH-n1494914899 TH-gsi-aratoyama,0,5,0,
615,妙見山,関西,関西百名山,34.92889,135.46722,34.928907,135.4673394,osm:node/3058697802,,TH-w301750772 TH-w301750772-2 TH-n10032579370 TH-n1550334169 TH-n1264700814 TH-n11482107528 TH-n1629277061 TH-osm-n7829132218,0,8,0,
616,冠山,中国,中国百名山,34.919167,132.502778,34.9175227,132.5018396,osm:node/3274561404,山頂から400m以内に登山道が無い（1.5km以内の登山道から探索。登山道の無い山・入山規制の可能性）,TH-gsi-norodani,0,1,0,
617,太神山,関西,関西百名山,34.91679,135.98429,34.916728,135.9842837,osm:node/5792703846,,TH-n3930602895 TH-n1360490825 TH-n1360492477 TH-n1360490612 TH-ksj-P11-22-25-bs3396,0,1,4,
618,本宮山,東海,東海の百山,34.909734,137.42056,34.9097758,137.4205879,osm:node/666551871,,TH-n1421048173 TH-n1007806954 TH-n1421048191 TH-gsi-hongu-omote,0,4,0,
619,天城山,東海,日本百名山|日本二百名山|日本三百名山,34.86278,139.00167,34.86278,139.00167,famous_mountains.json,,TH-n771350770 TH-n419153758 TH-kP11-22-22-bs5809 TH-n7181070054,2,1,1,
620,天神山,中国,中国百名山,34.8574548,133.4288847,34.8574884,133.4288771,osm:node/5972636609,,TH-n2069520824 TH-n2069518331 TH-n1307373518,0,1,2,
621,宮路山,東海,東海の百山,34.848422,137.290838,34.8484502,137.2906826,osm:node/2128319837,,TH-n4539292438 TH-n1687338147 TH-n1687338004,0,3,0,
622,金木山,中国,中国百名山,34.83214167,132.1909639,34.8321417,132.1909639,famous_mountains.json,山頂から400m以内に登山道が無い（1.5km以内の登山道から探索。登山道の無い山・入山規制の可能性）,TH-kP11-22-32-bs3421 TH-n1316851812 TH-n12034858127 TH-n13784825952,0,3,1,
623,錫杖ヶ岳,東海,東海の百山,34.821317,136.355784,34.8213518,136.3557435,osm:node/12157187696,,TH-kP11-22-24-bs1673 TH-kP11-22-24-bs1557 TH-n1580610122 TH-n2112110339 TH-gsi-shakujo-shimonokaito,1,4,0,
624,高御位山,関西,関西百名山,34.81306,134.79278,34.8130573,134.7930961,osm:node/6298844990,,TH-kP11-22-28-bs5722 TH-w1150059209 TH-n10856110499 TH-n1668477701 TH-n1668477327 TH-n1342088505 TH-n1342310314 TH-n1342088597 TH-n1342305135,0,9,0,
625,雲月山,中国,中国百名山,34.80213,132.23876,34.8021143,132.238745,osm:node/2824421110,,TH-n1279993596,0,1,0,
626,阿佐山,中国,中国百名山,34.78586,132.38131,34.7858611,132.3813065,osm:node/3274561405,,TH-n4486910332 TH-n4486741552 TH-n1280011862 TH-n1316809155,0,3,1,
627,帝釈山,関西,関西百名山,34.787203,135.118465,34.7872026,135.1184651,osm:node/5806241529,山頂から400m以内に登山道が無い（1.5km以内の登山道から探索。登山道の無い山・入山規制の可能性）,TH-n11416798863 TH-kP11-22-28-bs5568 TH-n1842372536 TH-n1842675127 TH-n1842678695 TH-n1842678087 TH-ksj-P11-22-28-bs6776,0,7,0,
628,六甲最高峰,関西,日本三百名山|関西百名山,34.77798,135.26375,34.7779922,135.2637445,osm:node/1513935256,,TH-n12345111564 TH-n2921600660 TH-n2928687706 TH-n8487738855 TH-n1842381862 TH-n2215884840 TH-n2078640610,1,5,1,Wikipediaの表記は「六甲山」
629,経ヶ峰,東海,東海の百山,34.766455,136.374439,34.766455,136.374439,famous_mountains.json,,TH-kP11-22-24-bs2150 TH-kP11-22-24-bs2123 TH-kP11-22-24-bs2059 TH-n1580568856 TH-n1580570928 TH-n1580570954 TH-n1580573231 TH-n9438619411 TH-gsi-kyogamine-hirao,1,8,0,
630,熊山,中国,中国百名山,34.75804,134.12521,34.7579507,134.124919,osm:node/12171200660,,TH-n4787504891 TH-n1986899987 TH-n2071698361 TH-n2071701162 TH-osm-n8114995607,1,3,1,
631,神石山,東海,東海の百山,34.749902,137.474209,34.75021,137.4742975,osm:node/3281565999,,TH-n2013207104 TH-n13624288330 TH-n2000118610 TH-n2013206402 TH-n1862347941 TH-n5423920715 TH-n2013206446 TH-n2013207021 TH-n1998721180 TH-n1998471662 TH-gsi-fumonji,0,10,1,
632,座談山,東海,東海の百山,34.743651,137.463765,34.7437262,137.4639416,osm:node/9831051878,,TH-n2013207104 TH-n13624288330 TH-n2000118610 TH-n2013206402 TH-n1862347941 TH-n5423920715 TH-n2013206446 TH-n2013207021 TH-n1998721180 TH-n1998471662,0,9,1,
633,摩耶山,関西,関西百名山,34.73306,135.20417,34.7329839,135.2048816,osm:node/2802573680,,TH-w128992066 TH-n2873978519 TH-n2921600631 TH-n2921600634 TH-w283112929 TH-w183841007 TH-n1733817344 TH-n2921600635 TH-kP11-22-28-bs7073 TH-w457422879,2,8,0,
634,鬼ノ城山,中国,中国百名山,34.72647,133.76292,34.72647,133.76292,famous_mountains.json,,TH-n6721956938 TH-n7745446524 TH-n7745446390,1,0,2,
635,生駒山,関西,関西百名山,34.678466,135.678997,34.6784655,135.6789968,osm:node/2353191890,,TH-w30432381 TH-w30432374 TH-kP11-22-29-bs539 TH-kP11-22-29-bs447 TH-n1870789653 TH-n10285434199 TH-n1610311502 TH-n1610316417 TH-n7597052148,0,9,0,
636,臥龍山,中国,中国百名山,34.69015,132.19678,34.6901291,132.1967355,osm:node/2751573033,,TH-n1169115314 TH-n1279988429 TH-n1279986955 TH-n1279990109,0,2,2,
637,横尾山,関西,関西百名山,34.66558,135.10832,34.6655741,135.1083225,osm:node/6283028156,,TH-n11411017079 TH-n6881086223 TH-n13309695201 TH-n13255278248 TH-n5537346069 TH-n5588254995 TH-w1091185297 TH-n2117457129 TH-n11404334582 TH-n5564323742,0,10,0,
638,龍頭山,中国,中国百名山,34.66527222,132.4327556,34.6652906,132.4327151,osm:node/2824421111,山頂から400m以内に登山道が無い（1.5km以内の登山道から探索。登山道の無い山・入山規制の可能性）,TH-kP11-22-34-bs1773 TH-n1280864642 TH-n1280864103 TH-n1280863064 TH-osm-n9416854317,0,5,0,
639,深入山,中国,中国百名山,34.64994,132.20679,34.6499382,132.2067934,osm:node/2751572975,,TH-n1134791026 TH-n1134792829 TH-gsi-kuraza,0,2,1,
640,春日山,中国,中国百名山,34.62229,132.05474,34.6222975,132.0547149,osm:node/2751572917,山頂から400m以内に登山道が無い（1.5km以内の登山道から探索。登山道の無い山・入山規制の可能性）,TH-n1295541464 TH-n1295545974 TH-n1295557157 TH-n1295533141 TH-gsi-kasugayama-yao,0,1,4,
641,恐羅漢山,中国,中国百名山,34.59556,132.12972,34.5954777,132.1296478,osm:node/2751572894,,TH-n4486082116 TH-n4486081867 TH-n4486082083 TH-n4486082044 TH-n4486082104 TH-n4486082049 TH-gsi-ushigoya TH-gsi-nikengoya,0,8,0,
642,矢頭山,東海,東海の百山,34.573944,136.370083,34.5739659,136.3700523,osm:node/4607247391,山頂から400m以内に登山道が無い（1.5km以内の登山道から探索。登山道の無い山・入山規制の可能性）,TH-n14053146008 TH-n1582210996 TH-gsi-yazu-nakamiya,0,2,1,
643,鷹ノ巣山,中国,中国百名山,34.56611,132.74611,34.5660104,132.7460216,osm:node/2835105217,,TH-n1314772061 TH-n1314776379 TH-n1303488592 TH-n1303476368 TH-gsi-kenounomori,0,1,4,
644,十方山,中国,中国百名山,34.56505,132.14214,34.5615403,132.1432312,osm:node/2751572705,,TH-n1312629330 TH-n1312630011 TH-n1313742894 TH-n1312622960 TH-gsi-nikengoya,1,3,1,
645,額井岳,関西,関西百名山,34.55883,135.96899,34.5587549,135.9689571,osm:node/2381912109,,TH-n6649478843 TH-n1861007902 TH-n1861007952 TH-n1861008526 TH-gsi-isoha,0,5,0,
646,尼ヶ岳,東海,関西百名山|東海の百山,34.55756,136.21975,34.5573881,136.2196541,osm:node/5385637995,,TH-n1582201984 TH-n1582203148 TH-n2323082191 TH-n1582202031,0,1,3,
647,鎌倉寺山,中国,中国百名山,34.54667,132.68811,34.54667,132.68811,famous_mountains.json,,TH-kP11-22-34-bs2608 TH-n1314773087 TH-n1269979600 TH-n1314772568,0,3,1,
648,堀坂山,東海,東海の百山,34.546536,136.432892,34.5465528,136.4328519,osm:node/4607247086,山頂から400m以内に登山道が無い（1.5km以内の登山道から探索。登山道の無い山・入山規制の可能性）,TH-kP11-22-24-bs3666 TH-n1773743577 TH-n1773742653 TH-gsi-hossaka-toge,0,4,0,
649,三輪山,関西,関西百名山,34.53503,135.86681,34.5350347,135.8667982,osm:node/1428801193,,TH-n10879954436 TH-n930189627 TH-n1809530717 TH-n1816955443 TH-n1816954995 TH-gsi-saijinja,1,5,0,
650,大洞山,東海,関西百名山,34.53346,136.21837,34.533465,136.2183666,osm:node/6380255120,,TH-n1582201984 TH-n1582198563 TH-n1582196526 TH-n1582197631,0,2,2,
651,倶留尊山,東海,日本三百名山|関西百名山|東海の百山,34.53098,136.17036,34.5309043,136.1702984,osm:node/3264494633,,TH-n1423056904 TH-n1773393516 TH-n8484467824 TH-n8484467947 TH-n1582194399 TH-n1582193915 TH-ksj-P11-22-24-bs3753 TH-ksj-P11-22-29-bs1401,1,5,2,
652,鎧岳,関西,関西百名山,34.52875,136.13025,34.528769,136.1302319,osm:node/7611027892,,TH-n1773394020 TH-n1773395304,0,1,1,
653,二上山,関西,関西百名山,34.52563,135.67754,34.525731,135.677526,osm:node/5385817582,,TH-n10567856706 TH-kP11-22-29-bs1327 TH-kP11-22-29-bs1283 TH-n13182743474 TH-n1736314857 TH-n1769518978 TH-n1986431748 TH-n1986431468 TH-n1736315294 TH-n1736314207,2,8,0,
654,大神ヶ岳,中国,中国百名山,34.51507,132.03922,34.5150666,132.0392168,osm:node/2751572769,山頂から400m以内に登山道が無い（1.5km以内の登山道から探索。登山道の無い山・入山規制の可能性）,TH-gsi-daijingatake,0,1,0,
655,住塚山,関西,関西百名山,34.50967,136.08634,34.5096741,136.0863418,osm:node/7611027889,,TH-n1773391642 TH-n1773394014 TH-n1853754901,0,1,2,
656,古光山,関西,関西百名山,34.50522,136.15244,34.5052249,136.1524388,osm:node/7611027899,,TH-n8484467947 TH-n1773391887 TH-n1773390083 TH-n1773215910 TH-gsi-otoge-kogoyama,0,3,2,
657,白木山,中国,中国百名山,34.521244,132.57543,34.521244,132.5754295,osm:node/2749759220,,TH-n9415462873 TH-n9415462906 TH-n1269996145 TH-n1268379365 TH-n1269997142 TH-n1268376494 TH-n1268377139,0,7,0,
658,寒霞渓,四国,四国百名山,34.515333,134.317434,34.5153327,134.3174336,osm:node/3283370085,,TH-n261014455 TH-n10129303952 TH-osm-n261014454,0,3,0,
659,学能堂山,東海,関西百名山,34.49194,136.22977,34.491943,136.229768,osm:node/1582190113,,TH-kP11-22-24-bs3883 TH-kP11-22-24-bs3887 TH-n1582191547 TH-n1582190488,0,3,1,
660,冠山,中国,中国百名山,34.468738,132.07608,34.468738,132.0760798,osm:node/2751572689,,TH-n1329172215 TH-kP11-22-35-bs98 TH-kP11-22-35-bs166 TH-n1313741460 TH-n1329170931,1,4,0,
661,青野山,中国,中国百名山,34.462181,131.798091,34.4621807,131.7980915,osm:node/5405344815,,TH-n1287280857 TH-n1287234292 TH-n4061335498 TH-n1287245214,1,0,3,
662,安蔵寺山,中国,中国百名山,34.477183,131.967222,34.4771834,131.9672222,osm:node/3283370083,,TH-n1298182124 TH-n1287241283 TH-gsi-igendani,3,0,0,
663,音羽山,関西,関西百名山,34.47746,135.88712,34.4774631,135.8871666,osm:node/7505279117,,TH-n1852206186 TH-n1817019562 TH-n1817018304 TH-n3839323178 TH-gsi-otowasan-kannonji,0,1,4,
664,寂地山,中国,中国百名山,34.467362,132.054397,34.4673624,132.0543966,osm:node/2830423001,,TH-n1329172215 TH-kP11-22-35-bs98 TH-kP11-22-35-bs166 TH-n1329170931 TH-osm-n4306827291,1,4,0,
665,朝熊ヶ岳,東海,東海の百山,34.460853,136.78137,34.4610906,136.7815797,osm:node/3264494634,,TH-n1301957234 TH-n1301974213 TH-n1301954967,0,3,0,
666,局ヶ岳,東海,関西百名山|東海の百山,34.46049,136.32707,34.460524,136.3271188,osm:node/3264494631,,TH-n1774311069 TH-n1774312902 TH-gsi-tsubone-shin,0,1,2,
667,大和葛城山,関西,日本三百名山|関西百名山,34.45615,135.68231,34.4561473,135.6823122,osm:node/1158833770,,TH-n1158833778 TH-n9404409834 TH-n11514078257 TH-kP11-22-29-bs1625 TH-n1158833787 TH-n8057436631 TH-n1616752749 TH-n1736304783 TH-n1576487143 TH-n1576490101,2,8,0,Wikipediaの表記は「葛城山」
669,三峰山,東海,日本三百名山|関西百名山|東海の百山,34.44861,136.20639,34.4487017,136.2062574,osm:node/3491220000,,TH-n1773211982 TH-n1774305370 TH-n1773211354 TH-n1773211496 TH-gsi-mitsue-ryokomura,1,1,3,
670,竜門岳,関西,日本三百名山,34.4405555,135.8977777,34.4406061,135.8976815,osm:node/3376289234,,TH-n1496074870 TH-n1496076892 TH-n1496076646 TH-n1496075020 TH-gsi-ryumon-yamaguchi,0,2,3,
671,窓ヶ山,中国,中国百名山,34.43954,132.33624,34.4395762,132.3362704,osm:node/2751573014,,TH-n1291310827 TH-n1289826034 TH-n1291310558 TH-n1270346188,1,3,0,
672,十種ヶ峰,中国,中国百名山,34.43833,131.69528,34.4383019,131.695294,osm:node/1344154198,,TH-n1344143423 TH-n1344132656 TH-gsi-kozuno TH-gsi-tokusa8,0,2,2,
673,高見山,東海,日本三百名山|関西百名山|東海の百山,34.42861,136.08833,34.428712,136.0884284,osm:node/2382449974,,TH-n1774302310 TH-n1412945723 TH-n1412941933 TH-n1412945363 TH-ksj-P11-22-29-bs1954 TH-osm-n6642307639,1,5,0,
674,呉娑々宇山,中国,中国百名山,34.42291,132.54784,34.4229084,132.5478397,osm:node/2749759208,,TH-n1266357171 TH-n272201802 TH-n1276625283 TH-n1298395386 TH-n1276626721,2,3,0,
675,高山,中国,中国百名山,34.421847,131.176642,34.421859,131.1766398,osm:node/7637465020,,TH-n1281595589,0,1,0,
676,金剛山,関西,日本二百名山|日本三百名山|関西百名山,34.419041,135.672462,34.4194311,135.672935,osm:node/1158659401,,TH-n9404409834 TH-n11514078257 TH-n4006745560 TH-n3998533200 TH-n7023181823 TH-n1158659413 TH-w397570279 TH-n1576346874 TH-n1158659418 TH-n9499610363,1,9,0,
677,小五郎山,中国,中国百名山,34.41681,132.00856,34.416763,132.0085378,osm:node/1329172955,,TH-n1329175507 TH-gsi-kanayamadani,0,2,0,
678,大峯山,中国,中国百名山,34.41578,132.21695,34.41578,132.21695,famous_mountains.json,,TH-n1289718063 TH-n1313858453,0,1,1,
679,鬼ヶ城山,中国,中国百名山,34.40983056,132.0714639,34.4098459,132.0714433,osm:node/2751573118,,TH-n1329172215 TH-n1329173015 TH-n1313776393 TH-n1313778923 TH-n1329174594,1,4,0,
680,高岳山,中国,中国百名山,34.39996,131.78468,34.3999607,131.7846751,osm:node/5721454483,山頂から400m以内に登山道が無い（1.5km以内の登山道から探索。登山道の無い山・入山規制の可能性）,TH-n1344124263 TH-n1298189975 TH-n1344145285,0,1,2,
681,岩湧山,関西,関西百名山,34.37407,135.55103,34.3740897,135.5509713,osm:node/5386913654,,TH-n1576727511 TH-n7023256178 TH-kP11-22-27-bs5347 TH-n1576730240 TH-n1576728876 TH-n1576729669 TH-n1427144827,1,6,0,
682,桧塚,東海,関西百名山,34.365472,136.117167,34.365472,136.117167,famous_mountains.json,山頂から400m以内に登山道が無い（1.5km以内の登山道から探索。登山道の無い山・入山規制の可能性）,TH-n1774291429 TH-n1412930686 TH-gsi-kiyadani-uryo,1,0,2,
683,明神岳,東海,関西百名山,34.36093,136.094803,34.36093,136.094803,famous_mountains.json,山頂から400m以内に登山道が無い（1.5km以内の登山道から探索。登山道の無い山・入山規制の可能性）,TH-n1774302310 TH-n1412932737 TH-n1412934010 TH-n1412933608 TH-n1412930686,1,3,1,
684,吉野山,関西,関西百名山,34.341417,135.887917,34.3413894,135.8879455,osm:node/2487802303,,TH-n1496057185 TH-n1406062252 TH-n1406089885 TH-n1406066764,0,1,3,
685,馬山,東海,東海の百山,34.355973,136.712971,34.355973,136.712971,famous_mountains.json,山頂から400m以内に登山道が無い（1.5km以内の登山道から探索。登山道の無い山・入山規制の可能性）,TH-kP11-22-24-bs4690 TH-kP11-22-24-bs4758 TH-n1304299537 TH-n5581900602 TH-n1304305011 TH-n1304296132 TH-n1304322644 TH-n5582005181 TH-n6259979148,0,9,0,
686,羅漢山,中国,中国百名山,34.35556,132.06722,34.3555315,132.0671332,osm:node/5406548220,,TH-n1329177389 TH-n1329280807 TH-n1313767280 TH-n1313772887,0,1,3,
687,弟見山,中国,中国百名山,34.35339,131.77798,34.3535196,131.7779092,osm:node/2778545128,山頂から400m以内に登山道が無い（1.5km以内の登山道から探索。登山道の無い山・入山規制の可能性）,TH-n1298198172 TH-gsi-hotoketoge TH-gsi-yashikirindo,0,2,1,
688,迷岳,東海,関西百名山,34.35014,136.20749,34.3501406,136.2074943,osm:node/5385642417,山頂から400m以内に登山道が無い（1.5km以内の登山道から探索。登山道の無い山・入山規制の可能性）,TH-gsi-karatani-mayoi,1,0,0,
689,和泉葛城山,関西,関西百名山,34.34798,135.43435,34.3479808,135.4343472,osm:node/2509337512,,TH-n1429695326 TH-n13168619829 TH-n2360406678 TH-n2360406907 TH-ksj-P11-22-27-bs5379 TH-ksj-P11-22-27-bs5402 TH-ksj-P11-22-27-bs5382,0,5,2,
690,屋島,四国,四国百名山,34.355682,134.104313,34.355682,134.104313,famous_mountains.json,,TH-w422803842 TH-n10600658618 TH-n1488024378 TH-n1509587000 TH-n5474409217 TH-gsi-yashima-henro,1,5,0,
691,三倉岳,中国,中国百名山,34.31711,132.14812,34.3170565,132.1480035,osm:node/2751572613,,TH-n6207341825 TH-n1313770032 TH-n1313766697,1,0,2,
692,池木屋山,東海,関西百名山,34.31631,136.12959,34.3161159,136.1294476,osm:node/3264494629,,TH-n1774289574 TH-n1774289436,0,1,1,
693,白滝山,中国,中国百名山,34.303028,131.023278,34.3062886,131.0212379,osm:node/4685243571,山頂から400m以内に登山道が無い（1.5km以内の登山道から探索。登山道の無い山・入山規制の可能性）,TH-n1352113851 TH-gsi-nakayama-jinja,0,1,1,
694,花尾山,中国,中国百名山,34.28384,131.22102,34.2838424,131.2210151,osm:node/3274561411,,TH-n1350876666 TH-gsi-ichinoo,0,1,1,
695,天応烏帽子岩山,中国,中国百名山,34.27987,132.53054,34.27987,132.53054,famous_mountains.json,,TH-n2094305002 TH-n2094304170 TH-osm-n8070729303 TH-gsi-tenno-eboshi,0,3,1,
696,弥山,中国,中国百名山,34.27961,132.31967,34.279592,132.319611,osm:node/1702632098,,TH-n512124574 TH-n4312128696 TH-n4810662540 TH-n2367296947 TH-n512139532 TH-n512139526 TH-n1313717862,2,4,1,
697,飯野山,四国,四国百名山,34.27438,133.84584,34.2742992,133.8460318,osm:node/634339493,,TH-n8586606361 TH-n1951923044 TH-n8164150727 TH-n1986508880 TH-osm-n8586606354,0,5,0,
698,洲藻白岳,九州,九州百名山,34.263972,129.2495,34.2638758,129.2496329,osm:node/3283340616,,TH-n1288447212 TH-n1288420011 TH-n1288403000,0,1,2,
699,古鷹山,中国,中国百名山,34.25939,132.47472,34.2593942,132.4747185,osm:node/2751572732,,TH-n3966038281 TH-n3938915294 TH-n1297931988,0,2,1,
700,山上ヶ岳,関西,日本三百名山|関西百名山,34.25238,135.94093,34.2524146,135.9410475,osm:node/2396885491,,TH-n6703059403 TH-n1911377259 TH-n10020156947 TH-n1412886725 TH-kP11-22-29-bs2533 TH-kP11-22-29-bs2491 TH-n12292903156 TH-n1406045553 TH-n1406006804,2,7,0,
701,馬糞ヶ岳,中国,中国百名山,34.25064,131.89633,34.2506327,131.8963166,osm:node/2776639259,,TH-n1340724671 TH-n1340708547 TH-n1329219254 TH-n1329201236,0,1,3,
702,紫雲出山,四国,四国百名山,34.24364,133.59578,34.243653,133.5957631,osm:node/1099878371,,TH-n1099878327 TH-n2065633425 TH-n2065632017,0,3,0,
703,鷲ヶ頭山,四国,四国百名山,34.23911,133.02141,34.2391124,133.0214228,osm:node/3283370102,,TH-n6593592017 TH-gsi-oyamazumi,0,1,1,
704,龍門山,関西,関西百名山,34.23806,135.41139,34.2379984,135.4113328,osm:node/2536356187,,TH-n1429644308 TH-n12169219547 TH-n1429648911 TH-n1429642256 TH-n1429642536 TH-n1429644057 TH-gsi-ryumonzan-sugihara,0,7,0,
705,稲村ヶ岳,関西,関西百名山,34.23767,135.92361,34.23765,135.9236417,osm:node/1166161122,,TH-n6703059403 TH-n1911377259 TH-n10020156947 TH-kP11-22-29-bs2533 TH-kP11-22-29-bs2491 TH-n12292903156 TH-n1406045553 TH-n1406006804,1,7,0,
706,楊柳山,関西,関西百名山,34.23548,135.60676,34.2354825,135.6067602,osm:node/3858332736,,TH-n1398338431 TH-n1398333861 TH-n1398341897 TH-n1398344068 TH-ksj-P11-22-30-bs739,0,3,2,
707,諭鶴羽山,関西,関西百名山,34.23486,134.81409,34.2348478,134.8141926,osm:node/3788833960,,TH-n1678356596 TH-n1678366084 TH-n1678365110,0,2,1,
708,姫越山,東海,東海の百山,34.234249,136.417933,34.2340831,136.4178606,osm:node/4605772065,,TH-n1304300553 TH-n1307759074 TH-n1307764777 TH-gsi-himegoyama-kita,0,2,2,
709,龍護峰,中国,中国百名山,34.23298333,131.2807056,34.2329833,131.2807056,famous_mountains.json,,TH-n4331936737 TH-n6825793893 TH-n6387040885 TH-n1349981174 TH-n6825774963,0,5,0,
710,大普賢岳,関西,関西百名山,34.22778,135.96278,34.22787,135.96282,osm:node/2487802299,,TH-n6703059403 TH-n1911377259 TH-n10020156947 TH-n1412886725 TH-kP11-22-29-bs2533 TH-kP11-22-29-bs2491 TH-n12292903156 TH-n1406045553 TH-n1406006804,2,7,0,
711,東鳳翩山,中国,中国百名山,34.22195,131.44286,34.2219502,131.4428565,osm:node/4862967750,,TH-n1345408314 TH-n9248428858 TH-n1345408632 TH-n1345403804 TH-gsi-futatsudo,1,4,0,
712,天上山,関東,関東百名山,34.21944,139.15306,34.2156394,139.1568661,osm:node/8363057741,,TH-n6665139144 TH-n6665073914,2,0,0,
713,我拝師山,四国,四国百名山,34.21389,133.75472,34.21389,133.75472,famous_mountains.json,,TH-n4507394264 TH-n8930679197 TH-n2065619670,0,2,1,
714,行者還岳,関西,関西百名山,34.20467,135.94483,34.2046727,135.9447934,osm:node/4605797192,,TH-n1911377259 TH-n1412886725 TH-kP11-22-29-bs2533 TH-kP11-22-29-bs2491 TH-n1406045553 TH-n1406006804,1,5,0,
715,女体山,四国,四国百名山,34.19744,134.20133,34.1975656,134.2013825,osm:node/1882033898,,TH-n11416744269 TH-n1882033623,0,1,1,
716,大麻山,四国,四国百名山,34.19667,133.78861,34.1966943,133.7885076,osm:node/3267226281,,TH-w1371045038 TH-n2094258984 TH-n2061596030 TH-n266600700 TH-n2065201882 TH-n2061596176,0,6,0,
717,大麻山,四国,四国百名山,34.18628,134.49952,34.1864056,134.4996285,osm:node/7619155017,,TH-n1914942704 TH-n266827365,0,1,1,
718,大台ヶ原山,関西,日本百名山|日本二百名山|日本三百名山|関西百名山|東海の百山,34.18521,136.10919,34.18521,136.10919,famous_mountains.json,,TH-n474520284 TH-n1324998914 TH-n1405989005 TH-n1405976010,1,0,3,
719,大峰山,関西,日本百名山|日本二百名山|日本三百名山|関西百名山,34.17356,135.90757,34.1735866,135.9075495,osm:node/2487512590,,TH-n1412886725 TH-kP11-22-29-bs2533 TH-n6643037685 TH-n7023033537 TH-n10961407962,2,3,0,
720,大滝山,四国,四国百名山,34.12304,134.12682,34.1230378,134.1268221,osm:node/761147543,,TH-n1848157817 TH-n1848156070 TH-gsi-otakiji TH-osm-n763764009,0,2,2,
721,大川山,四国,四国百名山,34.11519,133.93972,34.1151854,133.9397199,osm:node/3267226284,,TH-n1698771762 TH-n2014459171 TH-n2014457916 TH-n2014460791 TH-gsi-kotonami-kominkan,1,0,4,
722,釈迦ヶ岳,関西,日本二百名山|日本三百名山|関西百名山,34.11433,135.90317,34.1143269,135.9031655,osm:node/2512868953,,TH-n1412886725 TH-n7023033537 TH-n11969925769 TH-n1405537126 TH-gsi-shaka-tao,1,4,0,
723,生石ヶ峰,関西,関西百名山,34.105073,135.334072,34.1050733,135.3340718,osm:node/3479466368,,TH-n1429527213 TH-n1398278759 TH-n4483264456 TH-n1398277431,0,2,2,
724,天狗倉山,東海,東海の百山,34.090413,136.20635,34.0905121,136.2062267,osm:node/2290302070,,TH-kP11-22-24-bs5100 TH-n11936184397 TH-n5872954378 TH-n1352528325 TH-n1352526574 TH-n1352509196,0,5,1,
725,烏帽子岳,中国,中国百名山,34.08707,131.96945,34.08707,131.96945,famous_mountains.json,,TH-n1340682297 TH-n1340678190 TH-n1340681494 TH-gsi-eboshi-yashiro,1,0,3,
726,右田ヶ岳,中国,中国百名山,34.08657,131.55695,34.0865456,131.5569619,osm:node/5327289740,,TH-n2929003397 TH-n5327285195 TH-n1346498166 TH-n1346481398 TH-n1345527101 TH-n1346493985 TH-n3906260323 TH-n1345515022 TH-n1346481203,3,6,0,
727,伯母子岳,関西,日本二百名山|日本三百名山|関西百名山,34.07749,135.65033,34.077488,135.650329,osm:node/2454838213,,TH-n1405525976 TH-n1406103440 TH-n1405535007 TH-n1405550744,1,1,2,
728,竜王山,中国,中国百名山,34.06833,130.93583,34.0683281,130.9357997,osm:node/3274561408,,TH-n1353409470 TH-n3924757199 TH-n1353413479 TH-n1353410274 TH-n1353416402 TH-gsi-yoshimitoge TH-gsi-misakatoge,0,7,0,
729,護摩壇山,関西,日本三百名山|関西百名山,34.05738,135.56709,34.057421,135.5671363,osm:node/3265351762,,TH-n1405543158 TH-n11279773266 TH-n1425828729,1,1,1,
730,雲辺寺山,四国,四国百名山,34.03513,133.72292,34.0351293,133.7229222,osm:node/3267226285,,TH-n4485944009 TH-n1810764607 TH-n1761413477 TH-osm-n3271844680,0,3,1,
731,八鬼山,東海,東海の百山,34.030229,136.216427,34.0302649,136.2163925,osm:node/10314706343,,TH-n11934169583 TH-n1352515758 TH-n1352515567 TH-n1352508491,0,1,3,
732,高越山,四国,四国百名山,34.01713,134.19594,34.0171326,134.1959416,osm:node/3267281324,,TH-n2067522216 TH-n2067528597,0,1,1,
733,銭壺山,中国,中国百名山,34.01111,132.19667,34.01111,132.19667,famous_mountains.json,,TH-n1287642845 TH-ksj-P11-22-35-bs3290,1,0,1,
734,石城山,中国,中国百名山,33.98762,132.03911,33.9887618,132.0342474,osm:node/4360880889,,TH-n4360881489 TH-n1282915558 TH-n1282914423 TH-n1282919927 TH-n1282919596,0,5,0,
735,笠捨山,関西,関西百名山,33.98278,135.89833,33.9828162,135.8983289,osm:node/5385758376,,TH-n11969925769 TH-n1405463611 TH-n1405459771 TH-n1405459503 TH-n1405459324,0,5,0,
736,琴石山,中国,中国百名山,33.97341,132.14915,33.9734094,132.1491475,osm:node/3412114581,,TH-n1287654775 TH-n1287638335 TH-n9957854344 TH-n1287652962,0,1,3,
737,中津峰山,四国,四国百名山,33.96244,134.50948,33.9624362,134.5094811,osm:node/415526507,,TH-n13255860501 TH-n415525939 TH-n415526414 TH-n1849324734,0,4,0,
738,東宮山,四国,四国百名山,33.95536,134.23428,33.955394,134.2342847,osm:node/9441554997,山頂から400m以内に登山道が無い（1.5km以内の登山道から探索。登山道の無い山・入山規制の可能性）,TH-kP11-22-36-bs1518 TH-n1853851050 TH-n1853850865 TH-n1847705204,0,4,0,
739,旭ヶ丸,四国,四国百名山,33.95143,134.40268,33.9514304,134.4026772,osm:node/3353614054,,TH-n1617280592 TH-n1563327410 TH-n1617283473 TH-n1617283097,0,2,2,
740,高縄山,四国,四国百名山,33.94574,132.84996,33.9458034,132.8501057,osm:node/3267313216,,TH-n1671972329 TH-n1671974333 TH-n11934704036 TH-gsi-innai,0,1,3,
741,翠波峰,四国,四国百名山,33.94325,133.53697,33.942659,133.5362139,osm:node/7635368296,,TH-n4074924301 TH-n4074896728 TH-n1755925053 TH-n1755922566,0,2,2,
742,楢原山,四国,四国百名山,33.94025,132.94444,33.9402488,132.9444353,osm:node/3258078122,,TH-n1664375987 TH-n1664375722 TH-gsi-narabara,0,1,2,
743,石堂山,四国,四国百名山,33.93849,133.96633,33.9384943,133.966333,osm:node/12159887295,,TH-n1698968348 TH-n1682796014 TH-n1811093493 TH-n1698971492,0,1,3,
744,矢筈岳,関西,関西百名山,33.932513,135.355468,33.932513,135.355468,famous_mountains.json,山頂から400m以内に登山道が無い（1.5km以内の登山道から探索。登山道の無い山・入山規制の可能性）,TH-n1398138276 TH-n1398128717 TH-n1398135329,0,2,1,
745,津志嶽,四国,四国百名山,33.931456,134.02894,33.931456,134.02894,famous_mountains.json,,TH-n1811085505 TH-n12684046286 TH-gsi-kuyabu,0,1,2,
746,豊受山,四国,四国百名山,33.929111,133.478944,33.9291986,133.478937,osm:node/4073547736,,TH-n4073536551 TH-n1757145412 TH-n1757192310,0,1,2,
747,烏帽子山,四国,四国百名山,33.92779722,133.9270833,33.9277948,133.9270812,osm:node/12159887300,,TH-n1698966501 TH-n1699094826 TH-n12137456818 TH-n6501170374,1,1,2,
748,玉置山,関西,関西百名山,33.92667,135.83167,33.9265887,135.8316121,osm:node/3076665064,,TH-n1405424336 TH-n1405413506 TH-n8308945821 TH-n1405416687,0,2,2,
749,塩塚峰,四国,四国百名山,33.92639,133.67583,33.9263148,133.675778,osm:node/4104099442,,TH-n1757079024 TH-n12163153286 TH-n1793310484 TH-n1757059145,0,1,3,
750,矢筈山,四国,四国百名山,33.92505,133.97491,33.9250509,133.9749048,osm:node/3267281328,,TH-n1698966501,1,0,0,
751,八面山,四国,四国百名山,33.92333,134.09972,33.9232571,134.0996825,osm:node/3267281325,,TH-n1811074951 TH-n1847677898 TH-n1811075662 TH-n1811075337,0,1,3,
752,赤星山,四国,四国百名山,33.91937,133.45795,33.9193733,133.4579532,osm:node/3267313211,,TH-n4073536551 TH-n1757191748 TH-n1757215354 TH-n1757047042 TH-gsi-nakao-akaboshi,0,4,1,
753,黒笠山,四国,四国百名山,33.91811,134.00342,33.91811,134.00342,famous_mountains.json,,TH-n1811083832 TH-gsi-shirai-kurokasa,0,1,1,
754,嘉納山,中国,中国百名山,33.91407,132.24531,33.9140733,132.2453056,osm:node/8465253052,,TH-n1282612546 TH-n1285488970 TH-n1285525504 TH-n1282610508 TH-gsi-monjudo,0,1,4,
755,国見山,四国,四国百名山,33.90753,133.78468,33.9075536,133.7846248,osm:node/3267281330,,TH-n13829937798 TH-n1793348226 TH-n1793344548 TH-n1793345107 TH-gsi-kunimi-toge TH-gsi-kunimi-rindo,0,6,0,
756,雲早山,四国,四国百名山,33.90572,134.29475,33.9058062,134.2947649,osm:node/3267281323,,TH-n1853841487,0,1,0,
757,東三方ヶ森,四国,四国百名山,33.90282,132.95973,33.902792,132.9598027,osm:node/3267313215,山頂から400m以内に登山道が無い（1.5km以内の登山道から探索。登山道の無い山・入山規制の可能性）,TH-n2096215331 TH-n2096216450,0,1,1,
758,寒峰,四国,四国百名山,33.90175,133.90399,33.9018216,133.903975,osm:node/12159887401,,TH-n1698966501 TH-n1699094826 TH-n12137456818 TH-n6501170374,1,1,2,
759,冷水山,関西,関西百名山,33.89917,135.65278,33.8990996,135.6528013,osm:node/3479138539,,TH-n5702262721 TH-kP11-22-29-bs2849 TH-kP11-22-29-bs2841 TH-n5429763201 TH-n1405422538 TH-n1425781203 TH-n1425772237 TH-n293830411 TH-n2266989683 TH-gsi-hiyamizu-rindo,1,9,0,
760,明神ヶ森,四国,四国百名山,33.8941667,132.9177778,33.8938471,132.9177744,osm:node/2935476995,,TH-n1679268977 TH-n1679267323 TH-gsi-fukumiji,0,1,2,
761,高城山,四国,四国百名山,33.89159,134.23964,33.8916229,134.2396766,osm:node/13242910859,山頂から400m以内に登山道が無い（1.5km以内の登山道から探索。登山道の無い山・入山規制の可能性）,TH-osm-n2617205699,0,1,0,
762,五大尊岳,関西,関西百名山,33.889806,135.802833,33.889806,135.802833,famous_mountains.json,,TH-n2266989683 TH-n1425775083 TH-n1425754828 TH-n1358994352,0,3,1,
763,二ッ岳,四国,四国百名山,33.88806,133.42278,33.88806,133.42278,famous_mountains.json,,TH-n1757002157 TH-n2097490007 TH-n2097494768 TH-n2097494953 TH-n2097497549 TH-n2097497778,0,6,0,
764,高丸山,四国,四国百名山,33.887001,134.325228,33.8869367,134.325156,osm:node/3353598035,,TH-n1617265411,0,1,0,
765,笹ヶ峰,四国,四国百名山,33.882601,133.6422443,33.882218,133.6418903,osm:node/8016516466,,TH-n308474599 TH-n1757051174,0,1,1,
766,佐々連尾山,四国,四国百名山,33.88199,133.55409,33.8818901,133.5540962,osm:node/8016516462,山頂から400m以内に登山道が無い（1.5km以内の登山道から探索。登山道の無い山・入山規制の可能性）,TH-n1756052042 TH-n1479927618 TH-n1756049572 TH-n1549782066 TH-gsi-shiragatunnel,0,2,3,
767,西赤石山,四国,四国百名山,33.87556,133.33972,33.8755688,133.3396268,osm:node/9813551011,,TH-n1295579034 TH-n2097490007 TH-n2097494768 TH-n2097494953 TH-n2097497549 TH-n2097497778 TH-n1541888765,1,6,0,
768,東赤石山,四国,日本二百名山|日本三百名山|四国百名山,33.87509,133.37503,33.8750914,133.37503,osm:node/3267313212,,TH-n1757002157 TH-n2097490007 TH-n2097494768 TH-n2097494953 TH-n2097497549 TH-n2097497778 TH-n3464901750,1,6,0,
769,丸笹山,四国,四国百名山,33.87427,134.08993,33.8742353,134.0898846,osm:node/3267281326,,TH-n1847686343 TH-n1811071147,1,0,1,
770,太竜寺山,四国,四国百名山,33.87406,134.51978,33.874087,134.5197325,osm:node/3267281322,,TH-n293935633 TH-n1890946778 TH-n388451477 TH-n388451518,0,4,0,
771,足立山,九州,九州百名山,33.859532,130.917218,33.8595321,130.9172176,osm:node/3283340623,,TH-kP11-22-40-bs581 TH-n1579493511 TH-n1579495691 TH-n1508615661 TH-n5434372794 TH-n1528386826,0,6,0,
772,塔ノ丸,四国,四国百名山,33.86676,134.03916,33.86676,134.03916,famous_mountains.json,,TH-n5893943539 TH-n1811071147,2,0,0,
773,竜王山,四国,四国百名山,34.115536,134.048156,34.1155363,134.0481562,osm:node/3267226283,,TH-n9402514371 TH-n1993045555 TH-n1993046131 TH-n2014461235 TH-osm-n763764009,0,4,1,
774,奥工石山,四国,四国百名山,33.85566,133.58003,33.85566,133.58003,famous_mountains.json,,TH-n1549778451,0,1,0,
775,一ノ森,四国,四国百名山,33.85174,134.111154,33.8517404,134.1111541,osm:node/1399350926,,TH-n11977956511 TH-n4238774020 TH-n11977956512 TH-n6315568142 TH-n278089427 TH-n278073861,3,3,0,
776,次郎笈,四国,四国百名山,33.84306,134.08611,33.8430525,134.0859575,osm:node/4238774041,,TH-n5893943539 TH-n11977956511 TH-n4238774020 TH-n11977956512 TH-n6315568142 TH-n278089427 TH-n278073861,4,3,0,
777,剣山,四国,日本百名山|日本二百名山|日本三百名山|四国百名山,33.853579,134.094286,33.8535794,134.0942858,osm:node/1399301405,,TH-n5893943539 TH-n11977956511 TH-n4238774020 TH-n11977956512 TH-n6315568142 TH-n278089427 TH-n278073861,4,3,0,
778,三嶺,四国,日本二百名山|日本三百名山|四国百名山,33.83941,133.98768,33.839407,133.9876786,osm:node/3267197629,,TH-n11977956511 TH-n4238774020 TH-n11977956512 TH-n278089427 TH-n5893943539-2 TH-n3718179777 TH-n1530344762 TH-n1553371346 TH-n1553370850 TH-n1553369681,3,7,0,
779,笹ヶ峰,四国,日本二百名山|日本三百名山|四国百名山,33.82811,133.27458,33.8281041,133.2746113,osm:node/3267197636,,TH-n1295579034 TH-n2097490007 TH-n2097494768 TH-n2097494953 TH-n1541888765 TH-n4140008388,1,5,0,
780,天狗塚,四国,四国百名山,33.82701,133.94332,33.8269146,133.9433068,osm:node/3267197630,,TH-n5893943539-2 TH-n3718179777 TH-n1530344762 TH-n1553371346 TH-n1553370850 TH-n1553369681 TH-n1699061277 TH-gsi-nishiyamarindo,1,7,0,
781,大塔山,関西,関西百名山,33.72692,135.713849,33.72692,135.7138491,osm:node/3265351763,,TH-n1425295276 TH-n8325407889 TH-n1425288596 TH-n1358971194,0,1,3,
782,大座礼山,四国,四国百名山,33.82111,133.39439,33.8211094,133.3943906,osm:node/8016516454,,TH-n1295579034 TH-n1295581740,1,0,1,
783,権田山,四国,四国百名山,33.82084,134.15486,33.8208362,134.1547497,osm:node/7992537110,,TH-n4238774020 TH-n10161845393,0,1,1,
784,白髪山,四国,四国百名山,33.81603,133.59075,33.8160249,133.5906928,osm:node/3267197632,,TH-n1479920383 TH-n1479921840 TH-n1479917136 TH-n1479921176,0,2,2,
785,平家平,四国,四国百名山,33.81477,133.32639,33.8147126,133.3263978,osm:node/9150174884,,TH-n1295579034 TH-n2097490007 TH-n2097494768 TH-n2097494953 TH-n1541888765 TH-n4140008388,1,5,0,
786,寒風山,四国,四国百名山,33.81163,133.26169,33.811678,133.2617873,osm:node/4231071394,,TH-n1295579034 TH-n2097490007 TH-n2097494768 TH-n2097494953 TH-n1541888765 TH-n4140008388,1,5,0,
787,白髪山,四国,四国百名山,33.81013333,133.992925,33.810116,133.9929158,osm:node/3267197628,,TH-n5893943539 TH-n11977956511 TH-n4238774020 TH-n11977956512 TH-n278089427 TH-n278073861 TH-n3718179777 TH-n1530344762 TH-n1553371346 TH-n1553370850,3,7,0,
788,土佐矢筈山,四国,四国百名山,33.80496,133.89336,33.80496,133.89336,famous_mountains.json,,TH-n1699059345 TH-n1553373444 TH-n1553375051 TH-n1553374553 TH-osm-n1616584513 TH-osm-n278170170,0,2,4,
789,綱附森,四国,四国百名山,33.79915,133.94122,33.7991247,133.9412459,osm:node/12169220365,山頂から400m以内に登山道が無い（1.5km以内の登山道から探索。登山道の無い山・入山規制の可能性）,TH-n1553371346 TH-n1553370850 TH-n1553369681 TH-n1553368679 TH-n1553368503 TH-osm-n1616584513,0,6,0,
790,瓶ヶ森,四国,日本三百名山|四国百名山,33.79472,133.19333,33.7946123,133.1932512,osm:node/3267197638,,TH-n945762371 TH-n945762544 TH-n2980392386 TH-n959249623 TH-gsi-kamegamori,1,3,1,
791,子ノ泊山,東海,関西百名山|東海の百山,33.79444,135.93056,33.7945534,135.930469,osm:node/5385707555,,TH-n1358794037 TH-n1358786599,1,0,1,
792,西黒森,四国,四国百名山,33.7943975,133.2059419,33.7943583,133.2059532,osm:node/6897056437,,TH-n945762371 TH-n945762544 TH-n2980392386 TH-n959249623 TH-gsi-kamegamori,1,3,1,
793,伊予富士,四国,日本三百名山|四国百名山,33.78801,133.24805,33.7880137,133.2480487,osm:node/3267197637,,TH-n1295579034 TH-n1541888765 TH-n1541886305 TH-n1541885947 TH-n9173740676,1,1,3,
794,石立山,四国,四国百名山,33.78485,134.05487,33.7848509,134.0548679,osm:node/3267197627,,TH-n1553370259 TH-n1592567555 TH-n1553368589,0,2,1,
795,貫山,九州,九州百名山,33.78075,130.90936,33.7807533,130.9093605,osm:node/1710746147,,TH-n1508565953 TH-n1508565083 TH-n1508566772 TH-n1508565830,0,2,2,
796,奥神賀山,四国,四国百名山,33.772994,133.839735,33.772994,133.839735,famous_mountains.json,,TH-n1549844754 TH-n1549843729 TH-n1553368363 TH-n1553367547,0,0,4,
797,梶ヶ森,四国,四国百名山,33.75904,133.75151,33.7592049,133.7515234,osm:node/3267197631,,TH-n13356997366 TH-n13357020942 TH-n1549828302 TH-n1549843846,0,4,0,
798,二ノ森,四国,四国百名山,33.75857,133.09386,33.75857,133.09386,famous_mountains.json,,TH-kP11-22-38-bs1245 TH-n1682153459 TH-n1954794489 TH-n4485819082 TH-n4485819043 TH-n2096162029,2,4,0,
799,堂ヶ森,四国,四国百名山,33.755968,133.066845,33.7559679,133.0668449,osm:node/2935476969,,TH-kP11-22-38-bs1245 TH-n1682153459 TH-n1954794489 TH-n4485819082 TH-n4485819043 TH-n2096162029 TH-n2483295949,2,5,0,
800,岩黒山,四国,四国百名山,33.75076,133.15699,33.7507578,133.1569836,osm:node/2941423947,,TH-n1682153459 TH-n1541873920 TH-n1543805597 TH-n1682126333,1,0,3,
801,稲叢山,四国,四国百名山,33.74702,133.35929,33.7470185,133.3592933,osm:node/3267197635,山頂から400m以内に登山道が無い（1.5km以内の登山道から探索。登山道の無い山・入山規制の可能性）,TH-n1541869196 TH-n1541875561 TH-n1541876484 TH-n1541870042 TH-gsi-inamuradam,1,1,3,
802,福智山,九州,九州百名山,33.74219,130.80389,33.7423131,130.8038447,osm:node/1249662767,,TH-n1451723499 TH-n1385918940 TH-n1385920144 TH-n1530701048 TH-gsi-masubuchi-dam TH-gsi-fukuchiyama-dam,3,0,3,
803,石鎚山,四国,日本百名山|日本二百名山|日本三百名山|四国百名山,33.76778,133.115104,33.7677799,133.1151038,osm:node/1851999692,,TH-kP11-22-38-bs1245 TH-n1682153459 TH-n1954794489 TH-n4485819043 TH-n2096162029 TH-n2483295949 TH-n4485819082-2,2,5,0,
804,石墨山,四国,四国百名山,33.73379,132.98465,33.7337858,132.9846475,osm:node/3267313214,,TH-n2932726461 TH-n1679223057 TH-n11893691691 TH-n1553802788,1,3,0,
805,筒上山,四国,四国百名山,33.73198,133.16118,33.7319435,133.1611035,osm:node/3267197640,,TH-n1682153459 TH-n1541873920 TH-n1543805597 TH-n1682126333,1,0,3,
806,手箱山,四国,四国百名山,33.72878,133.17832,33.7288004,133.178257,osm:node/2941440878,,TH-n1682153459 TH-n1541873920 TH-n1543805597 TH-n1682126333,1,0,3,
807,半作嶺,関西,関西百名山,33.72771,135.59725,33.7277394,135.5972421,osm:node/12135889073,山頂から400m以内に登山道が無い（1.5km以内の登山道から探索。登山道の無い山・入山規制の可能性）,TH-n1425285442 TH-n1425281815 TH-n1425292065 TH-n1425279843,0,1,3,
808,法師山,関西,関西百名山,33.72583,135.66528,33.7259825,135.665339,osm:node/3265351764,,TH-n1425278574 TH-n1425296299,0,1,1,
809,皿ヶ嶺,四国,四国百名山,33.71534,132.89518,33.71534,132.89518,famous_mountains.json,,TH-n2932726461 TH-n1679223057 TH-n11893691691 TH-n3812089527 TH-n1679205967 TH-n3811048090,1,5,0,
810,千羽ヶ岳,四国,四国百名山,33.708007,134.521186,33.708007,134.521186,famous_mountains.json,,TH-n1563309357 TH-gsi-senba-shirasawa,0,1,1,
811,御在所山,四国,四国百名山,33.70158056,133.8229333,33.7015806,133.8229333,famous_mountains.json,,TH-kP11-22-39-bs251 TH-kP11-22-39-bs273 TH-n1553314428 TH-n1553315015 TH-gsi-gozaisho-kochi,1,3,1,
812,湯桶丸,四国,四国百名山,33.69706,134.16086,33.6970744,134.1608763,osm:node/7992618553,山頂から400m以内に登山道が無い（1.5km以内の登山道から探索。登山道の無い山・入山規制の可能性）,TH-gsi-yutomaru-shita TH-gsi-yutomaru-ue,0,2,0,
813,烏帽子山,関西,関西百名山,33.69611,135.90084,33.69611,135.90084,famous_mountains.json,,TH-n1389504314 TH-n1389507854 TH-n1389512258 TH-n14016603363,0,2,2,
814,陣ヶ森,四国,四国百名山,33.69054722,133.4247417,33.6905472,133.4247417,famous_mountains.json,山頂から400m以内に登山道が無い（1.5km以内の登山道から探索。登山道の無い山・入山規制の可能性）,TH-n1533387270 TH-n1541756537 TH-n9776924587 TH-n1533387074 TH-gsi-mineishihara,0,1,4,
815,立花山,九州,九州百名山,33.67976,130.46824,33.6797613,130.4682377,osm:node/1268341721,,TH-kP11-22-40-bs3213 TH-n3941553147 TH-n1268341666 TH-n1864209676 TH-n1864211566 TH-n5789162378,0,6,0,
816,千本山,四国,四国百名山,33.674354,134.096106,33.6743543,134.0961063,osm:node/8349169954,,TH-n1528915096 TH-n1528921494 TH-n1524231670 TH-n1592648418 TH-gsi-senbonyama,1,0,4,
817,工石山,四国,四国百名山,33.669078,133.506855,33.6698762,133.5058975,osm:node/3267197634,,TH-n1557864581 TH-n1533490570,0,1,1,
818,雨ヶ森,四国,四国百名山,33.6626694,133.1697472,33.6626694,133.1697472,famous_mountains.json,,TH-n1543801962 TH-n1543801399 TH-n1543801652 TH-n1543795621 TH-gsi-iwagara,0,2,3,
819,国見山,四国,四国百名山,33.6392778,133.4268056,33.6392915,133.4268028,osm:node/4048243527,山頂から400m以内に登山道が無い（1.5km以内の登山道から探索。登山道の無い山・入山規制の可能性）,TH-n1557808522 TH-n1557807109 TH-n1557807847,0,1,2,
820,大川嶺,四国,四国百名山,33.564588,132.922691,33.564588,132.9226908,osm:node/9763384250,,TH-n1681795784,0,1,0,
821,壺神山,四国,四国百名山,33.60556667,132.5546111,33.6055609,132.5546282,osm:node/3267313222,,TH-n1685662539 TH-n1685657665 TH-gsi-shiratakikoen,0,1,2,
822,中津明神山,四国,四国百名山,33.57552,133.04661,33.5755151,133.0466148,osm:node/3267197641,,TH-n1681789165,0,1,0,
823,嶽ノ森山,関西,関西百名山,33.54522,135.71303,33.5451325,135.7129955,osm:node/7617795092,山頂から400m以内に登山道が無い（1.5km以内の登山道から探索。登山道の無い山・入山規制の可能性）,TH-n1392474379 TH-n1392474433 TH-n1392474911 TH-n1392475466 TH-n1392472963 TH-n1392473483 TH-n1392486345 TH-gsi-dakenomori-aise,0,8,0,
824,宝満山,九州,九州百名山,33.53977,130.56905,33.5398087,130.5691988,osm:node/1239463704,,TH-n1239456847 TH-kP11-22-40-bs5926 TH-n1820256255 TH-n1239457015 TH-n1852536132 TH-n12016517886 TH-n1852659934 TH-n1852535245 TH-n1239463344,1,7,1,
825,横倉山,四国,四国百名山,33.534972,133.208278,33.535653,133.1996303,osm:node/3920902039,,TH-n1493844827 TH-n5346573956 TH-kP11-22-39-bs785 TH-n1543750186 TH-n1493846014,2,3,0,
826,求菩提山,九州,九州百名山,33.540297,131.011454,33.5402967,131.0114543,osm:node/1708290838,,TH-n1498004046 TH-n1498004983 TH-n1498047328 TH-n1498002301,0,2,2,
827,津波戸山,九州,九州百名山,33.51376,131.44786,33.5137599,131.4478593,osm:node/1711174678,,TH-n1308739145,0,1,0,
828,犬ガ岳,九州,九州百名山,33.51241,131.00162,33.51241,131.00162,famous_mountains.json,,TH-n1299215025 TH-n1299211926 TH-n1368617809 TH-n1498000541 TH-gsi-inugatake-uguisu,1,2,2,
829,古処山,九州,九州百名山,33.48375,130.72546,33.483751,130.725464,osm:node/1551635130,,TH-n1554213416 TH-n1551641634 TH-n1554209476 TH-n1551636866 TH-gsi-kosho-akizuki,2,0,3,
830,天狗高原,四国,四国百名山,33.480686,133.015395,33.4806861,133.0153954,osm:node/6442420097,,TH-n330722543 TH-n330410678 TH-n1546642091 TH-n1543668479,1,1,2,
831,田原山,九州,九州百名山,33.47701,131.53542,33.4764048,131.5358972,osm:node/1711174495,,TH-n2027146038 TH-gsi-kumano-magaibutsu,0,2,0,
832,英彦山,九州,日本二百名山|日本三百名山|九州百名山,33.476253,130.92596,33.4762531,130.9259595,osm:node/1726312796,,TH-n1503560607 TH-n1503560223 TH-n1503562632 TH-n1503560439 TH-n1503562105 TH-n6295246647,1,5,0,
833,五段高原,四国,四国百名山,33.47284,132.98664,33.4728423,132.9866373,osm:node/9816416851,,TH-n8971963359 TH-n1545275610 TH-n330182109 TH-n1545260782,0,2,2,
834,大野ヶ原,四国,四国百名山,33.4722041,132.8658473,33.4722041,132.8658473,famous_mountains.json,,TH-n1545275775 TH-n1765055970 TH-n1765053396 TH-n1545273598,1,2,1,
835,野根山街道,四国,四国百名山,33.476262,134.130568,33.476262,134.130568,famous_mountains.json,,TH-n1532309824 TH-n1532060259 TH-n1532191023,0,1,2,
836,井原山,九州,九州百名山,33.47041,130.24975,33.4704102,130.2497503,osm:node/3499015483,,TH-n2075761749 TH-kP11-22-40-bs6759 TH-n2018810182 TH-n2018811368,1,3,0,
837,金山,九州,九州百名山,33.46354,130.30586,33.4635352,130.3058938,osm:node/5453732972,,TH-n2075761749 TH-n2014951264 TH-n1878628036 TH-n1878629962,2,0,2,
838,虚空蔵山,四国,四国百名山,33.459097,133.305475,33.459097,133.305475,famous_mountains.json,山頂から400m以内に登山道が無い（1.5km以内の登山道から探索。登山道の無い山・入山規制の可能性）,TH-n1543473685 TH-n1543475993 TH-n1543475304 TH-n1549557731,0,2,2,
839,蟠蛇森,四国,四国百名山,33.44117,133.25956,33.4411072,133.2595178,osm:node/3267197639,山頂から400m以内に登山道が無い（1.5km以内の登山道から探索。登山道の無い山・入山規制の可能性）,TH-kP11-22-39-bs2040 TH-n1546570385 TH-n1543473870,0,2,1,
840,不入山,四国,四国百名山,33.44083,133.06306,33.4407656,133.0631841,osm:node/3267197642,,TH-n1546634928,0,1,0,
842,鹿嵐山,九州,九州百名山,33.43471,131.25276,33.4347149,131.2527631,osm:node/3283340633,,TH-n2558335762 TH-n1301371344 TH-n1301389970 TH-n1299215174 TH-gsi-kanarase-2,2,2,1,
843,脊振山,九州,日本三百名山|九州百名山,33.436372,130.368659,33.4363722,130.3686585,osm:node/2382466965,,TH-n2014951264 TH-kP11-22-41-bs494 TH-kP11-22-41-bs563 TH-n1872094299 TH-ksj-P11-22-40-bs6944,1,4,0,
844,九千部山,九州,九州百名山,33.41673,130.44605,33.4166838,130.4460448,osm:node/8661159174,,TH-n11802268743 TH-n2293364309 TH-n1861221882 TH-n1852388739,0,3,1,
845,作礼山,九州,九州百名山,33.35698,130.06594,33.3569778,130.0659008,osm:node/3506224695,,TH-n1959303886 TH-n12165770982 TH-n1959306693,0,1,2,
846,天山,九州,九州百名山,33.33891,130.14293,33.3389126,130.1429252,osm:node/1877959894,,TH-w517533385 TH-n1959300997 TH-n5050235389 TH-n1877960293,2,1,1,
847,高森山,四国,四国百名山,33.32722,132.54194,33.3270698,132.5416151,osm:node/8195608892,,TH-n1764845782 TH-n2045547030 TH-n1764848754 TH-n2045548179 TH-gsi-hokezu-toge,0,1,4,
848,鶴見岳,九州,日本三百名山|九州百名山,33.28667,131.42972,33.2865838,131.4297433,osm:node/917959524,,TH-kP11-22-44-bs3148 TH-kP11-22-44-bs3480 TH-n1744178824 TH-w155561783 TH-n2193710763 TH-n1712254871 TH-n2148643377 TH-n4139393725 TH-gsi-mitake-gongen,1,8,0,
849,由布岳,九州,日本二百名山|日本三百名山|九州百名山,33.28229,131.39024,33.2822897,131.3902373,osm:node/2225067879,,TH-n1307439394 TH-n4217635605 TH-n3514844824 TH-n1307462353,1,2,1,
850,万年山,九州,九州百名山,33.23132,131.13053,33.2313231,131.1305349,osm:node/1724795532,,TH-n3540718051 TH-n1308422349 TH-n1308462267 TH-n1308456793 TH-osm-w347821396,1,0,4,
851,黒髪山,九州,九州百名山,33.21389,129.90222,33.2135407,129.9023379,osm:node/4800054192,,TH-n3471481867 TH-n1836184398 TH-w415761662 TH-n1744246490 TH-n4800054164 TH-n1815047592 TH-n1815444306 TH-n1744238597,1,7,0,
852,高月山,四国,四国百名山,33.20868056,132.6346417,33.2087324,132.6346438,osm:node/3267313220,山頂から400m以内に登山道が無い（1.5km以内の登山道から探索。登山道の無い山・入山規制の可能性）,TH-n2045618940 TH-n2045619674 TH-n2045619323 TH-n2045617573,1,0,3,
853,鬼ヶ城山,四国,四国百名山,33.19068,132.60939,33.19068,132.60939,famous_mountains.json,,TH-n2045619674 TH-n2045617573 TH-n2045614046 TH-n1378265466,0,1,3,
854,三本杭,四国,日本三百名山|四国百名山,33.18833,132.63528,33.1882521,132.6353895,osm:node/3267313219,,TH-n2045619674 TH-n2045617573 TH-n2045614046 TH-n1378265466 TH-gsi-mannenbashi,1,1,3,
855,釈迦ガ岳,九州,九州百名山,33.186876,130.886974,33.186876,130.886974,famous_mountains.json,,TH-n1679175724 TH-n1301611488 TH-n1301549225 TH-n1335238135 TH-gsi-shaka-minekoshi,1,1,3,
856,志々伎山,九州,九州百名山,33.17521,129.37269,33.175211,129.3726893,osm:node/6453495950,,TH-n6453495965,1,0,0,
857,障子岳,九州,九州百名山,32.810584,131.348101,32.8105837,131.3481013,osm:node/1692829665,,TH-n8666004158 TH-n1728530871 TH-n5506533421 TH-n1405196315,3,1,0,
859,涌蓋山,九州,日本三百名山|九州百名山,33.13994,131.16446,33.1399437,131.1644595,osm:node/1308446435,,TH-n1308442789 TH-n1308445304 TH-n1482919103 TH-n1728590066 TH-gsi-hizenyu TH-gsi-ichimokuyama,0,3,3,
860,譲ヶ葉森,四国,四国百名山,33.12333,132.62056,33.12333,132.62056,famous_mountains.json,山頂から400m以内に登山道が無い（1.5km以内の登山道から探索。登山道の無い山・入山規制の可能性）,TH-kP11-22-39-bs3000 TH-kP11-22-39-bs3001 TH-n2045596176 TH-gsi-yuzurigahamori,0,3,1,
861,黒岳,九州,九州百名山,33.10594,131.29294,33.1114711,131.3008181,osm:node/14041201801,,TH-n1308423597 TH-w214122999 TH-n1743984459 TH-w181708012 TH-n1306313847 TH-kP11-22-44-bs5015 TH-w447806830 TH-n1307462749 TH-n1307466695,1,8,0,
862,三俣山,九州,九州百名山,33.10403,131.24653,33.1040292,131.2465301,osm:node/1691773449,,TH-n1308423597 TH-w214122999 TH-n1743984459 TH-w181708012 TH-n1306313847 TH-kP11-22-44-bs5015 TH-w447806830 TH-n1307462749 TH-n1307466695,1,8,0,
863,大船山,九州,日本三百名山|九州百名山,33.09499,131.28064,33.095047,131.2806773,osm:node/1691773452,,TH-n1308423597 TH-w214122999 TH-n1743984459 TH-w181708012 TH-n1306313847 TH-kP11-22-44-bs5015 TH-w447806830 TH-n1307462749,1,7,0,
864,虚空蔵山,九州,九州百名山,33.09056,129.92139,33.0904713,129.9213852,osm:node/1956551935,,TH-kP11-22-41-bs2851 TH-n1291317350 TH-n1291322239 TH-n12085538741,2,2,0,
865,九重山,九州,日本百名山|日本二百名山|日本三百名山|九州百名山,33.085996,131.249067,33.0822026,131.2408919,osm:node/1691773451,,TH-n1308423597 TH-w214122999 TH-n1743984459 TH-w181708012 TH-n1306313847 TH-kP11-22-44-bs5015 TH-w447806830 TH-n1307462749 TH-osm-n5518618755,1,8,0,
866,八方ガ岳,九州,九州百名山,33.07042,130.83474,33.07042,130.83474,famous_mountains.json,,TH-n1478507327 TH-n1478510826 TH-n1473757634 TH-n1473762619 TH-gsi-happo-kamikoku,0,1,4,
867,篠山,四国,日本三百名山|四国百名山,33.05583,132.65917,33.0558032,132.6590785,osm:node/3267197645,,TH-n2045582818 TH-n2045579864 TH-n1332903481 TH-gsi-sasayama,1,1,2,
868,経ガ岳,九州,九州百名山,32.98747,130.07621,32.98747,130.07621,famous_mountains.json,,TH-n1344057897 TH-n1297005766 TH-n1752057933 TH-n1342876423 TH-n1342889184 TH-n1298965761 TH-n1298982872 TH-n5404816588 TH-n12096445226 TH-n2697734896,1,6,3,
869,多良岳,九州,日本三百名山|九州百名山,32.97561,130.09277,32.9756133,130.0927689,osm:node/1297008372,,TH-n1344057897 TH-n1297005766 TH-n1752057933 TH-n1342876423 TH-n1342889184 TH-n1298965761 TH-n1298982872 TH-n5404816588 TH-n12096445226 TH-n2697734896 TH-gsi-tara-nakayama,1,7,3,
870,小岱山,九州,九州百名山,32.984574,130.5273,32.984574,130.5273,famous_mountains.json,,TH-n1480909430 TH-n1480907277 TH-n1480911771 TH-n1473580249,1,1,2,
871,鞍岳,九州,九州百名山,32.953382,130.9339,32.9533817,130.9339005,osm:node/1702574783,,TH-n1473794509 TH-n1473793723 TH-n1473796739,0,2,1,
872,元越山,九州,九州百名山,32.90428,131.96332,32.9042794,131.963325,osm:node/1702601623,,TH-n1724765592 TH-n1292616766 TH-n1292680956 TH-n1720482527 TH-n1292658712,0,5,0,
873,阿蘇山,九州,日本百名山|日本二百名山|日本三百名山|九州百名山,32.88417,131.10389,32.8843653,131.1039104,osm:node/917987459,,TH-kP11-22-43-bs1011 TH-n585195466 TH-n849507180 TH-n849507201 TH-n8151194375 TH-n1977657973 TH-gsi-sensuikyo,1,5,1,
874,根子岳,九州,九州百名山,32.885361,131.150694,32.883948,131.1445928,osm:node/963259394,,TH-n1679059508 TH-gsi-tsurii-one,1,0,1,
875,烏帽子岳,九州,九州百名山,32.515356,131.007796,32.5153557,131.0077962,osm:node/1702610610,,TH-n1722371129 TH-n2027559085 TH-n2027559638 TH-n1395734075,1,0,3,
876,越敷岳,九州,九州百名山,32.85312,131.30444,32.8531044,131.3045282,osm:node/1721792518,,TH-n8666004158 TH-n1728530871 TH-n5506533421,3,0,0,
877,大障子,九州,九州百名山,32.847779,131.387265,32.847779,131.387265,famous_mountains.json,,TH-n8666004158 TH-n1728530871 TH-n5506533421 TH-n1299043704,3,1,0,
878,二ノ岳,九州,九州百名山,32.84445,130.62227,32.84445,130.62227,famous_mountains.json,,TH-w628930881 TH-n1480822506 TH-n1480821204,0,1,2,
879,傾山,九州,日本三百名山|九州百名山,32.83889,131.47583,32.8390075,131.4756054,osm:node/1692829642,,TH-n1394369779 TH-n1299109310 TH-n1299016693 TH-n3137551419 TH-gsi-sugigakoshi,1,1,3,
880,俵山,九州,九州百名山,32.83843,130.96923,32.8378569,130.9704952,osm:node/1702574758,,TH-kP11-22-43-bs1432 TH-n1759336711 TH-n11221795665 TH-n1385706065,0,4,0,
881,祖母山,九州,日本百名山|日本二百名山|日本三百名山|九州百名山,32.82816,131.34705,32.82816,131.3470533,osm:node/740635692,,TH-n8666004158 TH-n1728530871 TH-n5506533421 TH-n1405196315,3,1,0,
882,古祖母山,九州,九州百名山,32.80278,131.36444,32.8027598,131.36433,osm:node/1692829647,,TH-n8666004158 TH-n1728530871 TH-n5506533421 TH-n1405196315,3,1,0,
883,夏木山,九州,九州百名山,32.77654,131.50915,32.77654,131.5091523,osm:node/1648519416,,TH-n1394366337 TH-n1292711211 TH-n6418748841 TH-n1292702463,1,1,2,
884,九千部岳,九州,九州百名山,32.77546,130.26065,32.775459,130.2606457,osm:node/2347391200,,TH-n2347398499 TH-n1331911161 TH-n1331913577,0,2,1,
885,五葉岳,九州,九州百名山,32.77131,131.48806,32.7713143,131.4880605,osm:node/1740969065,,TH-n1394366337 TH-n1292711211 TH-n6418748841 TH-n1292702463,1,1,2,
886,雲仙岳,九州,日本二百名山|日本三百名山|九州百名山,32.759861,130.292056,32.759954,130.2922357,osm:node/936122402,,TH-w35601104 TH-w35601104-2 TH-w476226921 TH-n1331939699,1,3,0,
887,鹿納山,九州,九州百名山,32.764593,131.483225,32.7562609,131.4887291,osm:node/1740969067,,TH-n1394366337 TH-n1292711211 TH-n6418748841 TH-n1292702463,1,1,2,
888,二ツ岳,九州,九州百名山,32.754361,131.402067,32.754361,131.402067,famous_mountains.json,,TH-n2272837997,0,1,0,
889,大崩山,九州,日本二百名山|日本三百名山|九州百名山,32.73778,131.51307,32.7377706,131.513084,osm:node/1702474481,,TH-n1394366337 TH-n1292711211 TH-n10316129024 TH-n1388153151 TH-gsi-kamihouri,2,1,2,
890,妹背山,四国,四国百名山,32.72694,132.55417,32.7269608,132.5541986,osm:node/3928357066,,TH-n1332885272 TH-n13806150441 TH-n13805646026 TH-n1332908256,0,2,2,
891,鉾岳,九州,九州百名山,32.70328,131.51491,32.7031064,131.5144894,osm:node/2949928860,,TH-w291529793 TH-n2949948178 TH-n1388128991 TH-n1388128249,0,2,2,
892,七ツ岳,九州,九州百名山,32.68269,128.70574,32.68269,128.70574,famous_mountains.json,,TH-n1288683882 TH-n1288669624 TH-n12141204057 TH-n1288669420,0,4,0,
893,八郎岳,九州,九州百名山,32.670224,129.856528,32.6702238,129.8565278,osm:node/3283340588,,TH-n1818428593 TH-n8675501773 TH-gsi-hachiro-hirayama,0,1,2,
894,可愛岳,九州,九州百名山,32.65616,131.65604,32.6561382,131.6560507,osm:node/1721229437,,TH-n10316202019,0,1,0,
895,比叡山,九州,九州百名山,32.652196,131.462127,32.6529538,131.4478479,osm:node/1726281068,,TH-n1388096748 TH-n1388101061,1,0,1,
896,祇園山,九州,九州百名山,32.637496,131.18451,32.637496,131.18451,famous_mountains.json,山頂から400m以内に登山道が無い（1.5km以内の登山道から探索。登山道の無い山・入山規制の可能性）,TH-n1405118075 TH-n1405117728 TH-n1405118940 TH-n1405117204 TH-gsi-oishigoe,1,0,4,
897,諸塚山,九州,九州百名山,32.63459,131.28742,32.6346325,131.2874493,osm:node/1722511086,,TH-n1722516690,1,0,0,
898,行縢山,九州,九州百名山,32.62593,131.57227,32.6259455,131.5723034,osm:node/1388084542,,TH-n1388077944 TH-n1388082546 TH-n1388088313,0,3,0,
899,小川岳,九州,九州百名山,32.6053944,131.1206889,32.6053952,131.1206931,osm:node/1702497329,,TH-n4485720182 TH-n1405115589 TH-n1289734797 TH-n1289768358 TH-gsi-tenyabo TH-gsi-maidake,2,1,3,
900,天主山,九州,九州百名山,32.59967,131.02873,32.5996879,131.0287689,osm:node/1726276665,,TH-n1726386525,0,0,1,
901,京丈山,九州,九州百名山,32.5795528,130.9505972,32.5796423,130.9505812,osm:node/1736869174,,TH-n1741353352 TH-n1289732860 TH-n3494319915 TH-n2027586966 TH-gsi-hachikendani,1,0,4,
902,白岩山,九州,九州百名山,32.56575,131.11016,32.5657537,131.1101585,osm:node/1702497337,,TH-n1728615538 TH-n4485720154 TH-n8682310518 TH-n1395755245,1,2,1,
903,大金峰,九州,九州百名山,32.55201,130.91017,32.5520105,130.9101713,osm:node/1717842441,,TH-w160553915 TH-n2027583578 TH-n13317805243 TH-n2027592644,0,1,3,
904,国見岳,九州,日本三百名山|九州百名山,32.54722,131.01833,32.5470833,131.0184162,osm:node/1702610606,,TH-n1722371129 TH-n2027559085 TH-n1395734075 TH-n1395734789,1,0,3,
905,扇山,九州,九州百名山,32.517018,131.12755,32.5169315,131.127622,osm:node/1976438585,,TH-n1728615538 TH-n4485720154 TH-n8682310518 TH-n1395734755,1,2,1,
906,次郎丸岳,九州,九州百名山,32.47885,130.40665,32.47885,130.40665,famous_mountains.json,,TH-n1294631347 TH-n1294659948,0,2,0,
907,上福根山,九州,九州百名山,32.47333,130.94694,32.4727973,130.9478923,osm:node/1759388080,,TH-n1759527095 TH-gsi-iwaudo,0,1,1,
908,白鳥山,九州,九州百名山,32.46265,131.01383,32.4627321,131.0136938,osm:node/1702610615,,TH-n1722371129 TH-n1735992296 TH-n1395700474 TH-n1722371120,1,2,1,
909,倉岳,九州,九州百名山,32.42781,130.32699,32.4278032,130.3269941,osm:node/3283340587,,TH-n1292600846 TH-n1292655509 TH-n1292665304 TH-n5354452137 TH-n1292616296,0,4,1,
910,三方岳,九州,九州百名山,32.37471,131.19549,32.374712,131.1954928,osm:node/4831677526,,TH-n1395634586,0,1,0,
911,仰烏帽子山,九州,九州百名山,32.37149,130.77765,32.3714574,130.7777124,osm:node/1708226369,,TH-kP11-22-43-bs4283 TH-n1289867619 TH-n1289880648 TH-n1289893178,0,4,0,
912,市房山,九州,日本二百名山|日本三百名山|九州百名山,32.31167,131.10111,32.3117006,131.1010997,osm:node/10316775534,,TH-n2055391999 TH-n1395583678 TH-n1395590910 TH-n2055390323 TH-gsi-ichifusa,1,0,4,
913,石堂山,九州,九州百名山,32.30027,131.16779,32.3002733,131.1677872,osm:node/3283340620,,TH-n1395593382,0,1,0,
914,尾鈴山,九州,日本二百名山|日本三百名山|九州百名山,32.29917,131.42667,32.2993152,131.4265472,osm:node/1710001855,,TH-n1723528563 TH-n1884800689 TH-n1393216666 TH-n1893090725,0,1,3,
915,地蔵岳,九州,九州百名山,32.28113,131.29662,32.2811275,131.2966202,osm:node/1710004572,,TH-n1391981764 TH-n1726376559,0,1,1,
916,白髪岳,九州,九州百名山,32.15028,130.94333,32.1502794,130.9433398,osm:node/3283340617,,TH-n1410668737 TH-n1410668441 TH-n1410674371 TH-n1410672914 TH-gsi-shiragadake,1,0,4,
917,矢筈岳,九州,九州百名山,32.12278,130.40056,32.1229134,130.4006413,osm:node/3283340619,,TH-kP11-22-46-bs879 TH-n2054755515 TH-n1382721419 TH-n2054739627,0,3,1,
918,紫尾山,九州,九州百名山,31.98082,130.36764,31.9808161,130.3676407,osm:node/2192276600,,TH-n2049845512 TH-n2054674569 TH-n2193421320,0,1,2,
919,白鳥山（霧島山）,九州,九州百名山,31.95658,130.83811,31.9565943,130.8381088,osm:node/4238828807,,TH-n8148255443 TH-n1905402903 TH-n585187157 TH-n1764756909,1,3,0,
920,霧島山,九州,日本百名山|日本二百名山|日本三百名山|九州百名山,31.93417,130.86167,31.9342053,130.8615634,osm:node/1852101595,,TH-n8148255443 TH-n585187157 TH-n1929867191 TH-n11193529936 TH-n5323909139 TH-n1383946646,1,5,0,
921,高千穂峰,九州,日本二百名山|日本三百名山|九州百名山,31.88622,130.91892,31.8862961,130.9189302,osm:node/1852101604,,TH-kP11-22-46-bs2032 TH-kP11-22-45-bs2813 TH-n1870976363 TH-n1870975552 TH-n1870975951,1,4,0,
922,釈迦ガ岳,九州,九州百名山,32.058611,131.221806,32.058611,131.221806,famous_mountains.json,,TH-n1872200042 TH-n1871402879 TH-n1872195404 TH-n1871394873,1,0,3,
923,双石山,九州,九州百名山,31.79819,131.37589,31.7981885,131.3758897,osm:node/1709878786,,TH-n1722524782 TH-n1722524604 TH-gsi-otani-boroishi,3,0,0,
924,冠岳,九州,九州百名山,31.748662,130.331186,31.748662,130.3311864,osm:node/3283340590,,TH-n1292357623 TH-n1291185640 TH-n1292381547 TH-n1290053108 TH-gsi-kanmuri-tenbo,0,1,4,
925,牛ノ峠,九州,九州百名山,31.66925,131.158809,31.66925,131.158809,famous_mountains.json,山頂から400m以内に登山道が無い（1.5km以内の登山道から探索。登山道の無い山・入山規制の可能性）,TH-n1288376683 TH-n1288372984 TH-n1289641164,0,1,2,
926,桜島,九州,日本二百名山|日本三百名山,31.592596,130.656566,31.5805744,130.657984,osm:node/1280125814,山頂から400m以内に登山道が無い（1.5km以内の登山道から探索。登山道の無い山・入山規制の可能性）,,0,0,0,
927,大箆柄岳,九州,日本三百名山|九州百名山,31.48611,130.81861,31.4862193,130.8185364,osm:node/1721783332,,TH-n1381408701 TH-n1382470311 TH-n1381403428 TH-n1382474199 TH-gsi-osumiko,1,0,4,Wikipediaの表記は「高隈山」
928,金峰山,九州,九州百名山,31.46767,130.38294,31.46767,130.38294,famous_mountains.json,,TH-n1390531708 TH-n1390530356 TH-n1390531016 TH-n1390533463 TH-gsi-kinpo-summit-p,0,3,2,
929,野間岳,九州,九州百名山,31.40456,130.15821,31.4045602,130.1582091,osm:node/3283340626,,TH-n1390492908 TH-n1390499670 TH-n1390488846 TH-n5159789531 TH-gsi-noma-jinja TH-gsi-tarokoba,2,2,2,
930,甫与志岳,九州,九州百名山,31.26414,130.99011,31.2641412,130.9901095,osm:node/1727304555,,TH-n1727304554,1,0,0,
931,開聞岳,九州,日本百名山|日本二百名山|日本三百名山|九州百名山,31.17996,130.52844,31.1799612,130.5284404,osm:node/8050918563,,TH-n2480853863,1,0,0,
932,稲尾岳,九州,九州百名山,31.129618,130.880219,31.1234594,130.8846697,osm:node/1721785931,,TH-n2044372168 TH-n1727301756 TH-n1381338414 TH-n1727301730,0,1,3,
933,愛子岳,九州,九州百名山,30.3662029,130.6002478,30.3660253,130.6002116,osm:node/8317818388,,TH-n2044189905,1,0,0,
934,宮之浦岳,九州,日本百名山|日本二百名山|日本三百名山|九州百名山,30.33608,130.50411,30.3361156,130.5042064,osm:node/987483084,,TH-n588930233 TH-n4435165390 TH-n588973500 TH-n987482920,2,2,0,
935,黒味岳,九州,九州百名山,30.31742,130.50855,30.3174208,130.5085522,osm:node/1676549518,,TH-n588930233 TH-n4435165390 TH-n588973500 TH-n987482920,2,2,0,
936,モッチョム岳,九州,九州百名山,30.25667,130.56417,30.2566634,130.5641702,osm:node/3283340582,,TH-n589014748,1,0,0,
