id,kind,name,lat,lon,datum,mountainIds,mountainNames,lists,routes,entryType,trailKmToSummit,related,attributes,status,accuracyM,needsReview,sources,verifiedAt
BS-kP11-22-31-bs1162,bus_stop,上井町一丁目西,35.4513046,133.8493872,WGS84,471,打吹山,中国百名山,,,,TH-n4477921591(335m),operator=日ノ丸自動車（株）; busType=民間路線バス; busRoutes=高城　海田車庫/倉吉駅～桜/大立 / 社　倉吉駅～倉吉農高 / 上井・三朝　倉吉駅～三朝車庫前/三徳山/上吉原,adopted,10,運行状況（季節運行・休止・予約制）を要確認,"国土数値情報（バス停留所データ）令和4年度（国土交通省）P11-22-31-bs1162（35.451305, 133.849387、JGD2011）を加工して作成 ｜ OpenStreetMap（© OpenStreetMap contributors, ODbL 1.0）Geofabrik japan-latest.osm.pbf 2026-09-23T20:22:04Z node/2993323858",
BS-kP11-22-31-bs1200,bus_stop,山根パープルタウン前,35.4475081,133.8493318,WGS84,471,打吹山,中国百名山,,,,TH-n4477921591(96m) TH-kP11-22-31-bs1230(301m),operator=日ノ丸自動車（株）; busType=民間路線バス; busRoutes=高城　海田車庫/倉吉駅～桜/大立 / 社　倉吉駅～倉吉農高 / 上井・三朝　倉吉駅～三朝車庫前/三徳山/上吉原,adopted,10,運行状況（季節運行・休止・予約制）を要確認,"国土数値情報（バス停留所データ）令和4年度（国土交通省）P11-22-31-bs1200（35.447508, 133.849332、JGD2011）を加工して作成 ｜ OpenStreetMap（© OpenStreetMap contributors, ODbL 1.0）Geofabrik japan-latest.osm.pbf 2026-09-23T20:22:04Z node/2993323857",
BS-kP11-22-31-bs1201,bus_stop,山根パープルタウン前,35.4475081,133.8493318,WGS84,471,打吹山,中国百名山,,,,TH-n4477921591(96m),operator=日本交通（株）; busType=民間路線バス; busRoutes=市内線 / 北条線　R179・青山剛昌経由 / 北条線　R179・江北経由,adopted,10,運行状況（季節運行・休止・予約制）を要確認,"国土数値情報（バス停留所データ）令和4年度（国土交通省）P11-22-31-bs1201（35.447508, 133.849332、JGD2011）を加工して作成",
BS-kP11-22-31-bs1217,bus_stop,来日,35.4464733,134.0290481,WGS84,474,鷲峰山,中国百名山,,,,TH-n1456408264(781m),operator=鳥取市; busType=コミュニティバス; busRoutes=鳥取市気高循環バス宝木河内線 / 鳥取市気高循環バス逢坂線,adopted,10,運行状況（季節運行・休止・予約制）を要確認、登山口から離れている（徒歩アプローチを要確認）,"国土数値情報（バス停留所データ）令和4年度（国土交通省）P11-22-31-bs1217（35.446473, 134.029048、JGD2011）を加工して作成 ｜ OpenStreetMap（© OpenStreetMap contributors, ODbL 1.0）Geofabrik japan-latest.osm.pbf 2026-09-23T20:22:04Z node/7148030440",
BS-kP11-22-31-bs1230,bus_stop,伊木,35.4447823,133.8492818,WGS84,471,打吹山,中国百名山,,,,TH-kP11-22-31-bs1230(0m),operator=日ノ丸自動車（株）; busType=民間路線バス; busRoutes=高城　海田車庫/倉吉駅～桜/大立 / 社　倉吉駅～倉吉農高 / 上井・三朝　倉吉駅～三朝車庫前/三徳山/上吉原,adopted,10,運行状況（季節運行・休止・予約制）を要確認,"国土数値情報（バス停留所データ）令和4年度（国土交通省）P11-22-31-bs1230（35.444782, 133.849282、JGD2011）を加工して作成 ｜ OpenStreetMap（© OpenStreetMap contributors, ODbL 1.0）Geofabrik japan-latest.osm.pbf 2026-09-23T20:22:04Z node/2993323856",
BS-kP11-22-31-bs1231,bus_stop,伊木,35.4447823,133.8492818,WGS84,471,打吹山,中国百名山,,,,TH-kP11-22-31-bs1230(0m),operator=日本交通（株）; busType=民間路線バス; busRoutes=市内線 / 北条線　R179・青山剛昌経由 / 北条線　R179・江北経由,adopted,10,運行状況（季節運行・休止・予約制）を要確認,"国土数値情報（バス停留所データ）令和4年度（国土交通省）P11-22-31-bs1231（35.444782, 133.849282、JGD2011）を加工して作成",
BS-kP11-22-31-bs1242,bus_stop,鷲峰,35.4438355,134.0265209,WGS84,474,鷲峰山,中国百名山,,,,TH-n1456408264(450m),operator=鳥取市; busType=コミュニティバス; busRoutes=鳥取市気高循環バス宝木河内線 / 鳥取市気高循環バス逢坂線,adopted,10,運行状況（季節運行・休止・予約制）を要確認,"国土数値情報（バス停留所データ）令和4年度（国土交通省）P11-22-31-bs1242（35.443835, 134.026521、JGD2011）を加工して作成 ｜ OpenStreetMap（© OpenStreetMap contributors, ODbL 1.0）Geofabrik japan-latest.osm.pbf 2026-09-23T20:22:04Z node/7148030441",
BS-kP11-22-31-bs1373,bus_stop,倉吉パークスクエア北口,35.434108,133.8354588,WGS84,471,打吹山,中国百名山,,,,TH-w449007642(28m) TH-w449007642(28m),operator=日ノ丸自動車（株）; busType=民間路線バス; busRoutes=高城　海田車庫/倉吉駅～桜/大立 / 社　倉吉駅～倉吉農高 / 赤碕　倉吉駅～赤碕駅,adopted,10,運行状況（季節運行・休止・予約制）を要確認,"国土数値情報（バス停留所データ）令和4年度（国土交通省）P11-22-31-bs1373（35.434108, 133.835459、JGD2011）を加工して作成 ｜ OpenStreetMap（© OpenStreetMap contributors, ODbL 1.0）Geofabrik japan-latest.osm.pbf 2026-09-23T20:22:04Z node/4459728821",
BS-kP11-22-31-bs1374,bus_stop,倉吉パークスクエア北口,35.434108,133.8354588,WGS84,471,打吹山,中国百名山,,,,TH-w449007642(28m),operator=日本交通（株）; busType=民間路線バス; busRoutes=市内線 / 北条線　R179・青山剛昌経由 / 北条線　R179・江北経由,adopted,10,運行状況（季節運行・休止・予約制）を要確認,"国土数値情報（バス停留所データ）令和4年度（国土交通省）P11-22-31-bs1374（35.434108, 133.835459、JGD2011）を加工して作成",
BS-kP11-22-31-bs1376,bus_stop,矢原,35.4339382,134.0210365,WGS84,474,鷲峰山,中国百名山,,,,TH-n1456408264(804m),operator=鳥取市; busType=コミュニティバス; busRoutes=鳥取市気高循環バス宝木河内線 / 鳥取市気高循環バス逢坂線,adopted,10,運行状況（季節運行・休止・予約制）を要確認、登山口から離れている（徒歩アプローチを要確認）,"国土数値情報（バス停留所データ）令和4年度（国土交通省）P11-22-31-bs1376（35.433938, 134.021037、JGD2011）を加工して作成 ｜ OpenStreetMap（© OpenStreetMap contributors, ODbL 1.0）Geofabrik japan-latest.osm.pbf 2026-09-23T20:22:04Z node/7148030442",
BS-kP11-22-31-bs1381,bus_stop,新町,35.4335003,133.8206312,WGS84,471,打吹山,中国百名山,,,,TH-w449086406(201m),operator=日本交通（株）; busType=民間路線バス; busRoutes=市内線 / 北条線　R179・江北経由 / 橋津線　湯梨浜町役場前経由,adopted,10,運行状況（季節運行・休止・予約制）を要確認,"国土数値情報（バス停留所データ）令和4年度（国土交通省）P11-22-31-bs1381（35.433500, 133.820631、JGD2011）を加工して作成 ｜ OpenStreetMap（© OpenStreetMap contributors, ODbL 1.0）Geofabrik japan-latest.osm.pbf 2026-09-23T20:22:04Z node/2993323847",
BS-kP11-22-31-bs1382,bus_stop,新町（倉吉市）,35.4334881,133.8207146,WGS84,471,打吹山,中国百名山,,,,TH-n13666019967(192m) TH-w449086406(196m),operator=日ノ丸自動車（株）; busType=民間路線バス; busRoutes=高城　海田車庫/倉吉駅～桜/大立 / 社　倉吉駅～倉吉農高 / 赤碕　倉吉駅～赤碕駅,adopted,10,運行状況（季節運行・休止・予約制）を要確認,"国土数値情報（バス停留所データ）令和4年度（国土交通省）P11-22-31-bs1382（35.433488, 133.820715、JGD2011）を加工して作成",
BS-kP11-22-31-bs1383,bus_stop,新町（倉吉市）,35.4334881,133.8207146,WGS84,471,打吹山,中国百名山,,,,TH-w449086406(196m),operator=日本交通（株）; busType=民間路線バス; busRoutes=北条線　R179・青山剛昌経由 / 北条線　江北経由 / 北条線　江北・青山剛昌経由,adopted,10,運行状況（季節運行・休止・予約制）を要確認,"国土数値情報（バス停留所データ）令和4年度（国土交通省）P11-22-31-bs1383（35.433488, 133.820715、JGD2011）を加工して作成",
BS-kP11-22-31-bs1393,bus_stop,堺町,35.4330316,133.8281053,WGS84,471,打吹山,中国百名山,,,,TH-w449062557(109m),operator=日ノ丸自動車（株）; busType=民間路線バス; busRoutes=高城　海田車庫/倉吉駅～桜/大立 / 社　倉吉駅～倉吉農高 / 赤碕　倉吉駅～赤碕駅,adopted,10,運行状況（季節運行・休止・予約制）を要確認,"国土数値情報（バス停留所データ）令和4年度（国土交通省）P11-22-31-bs1393（35.433032, 133.828105、JGD2011）を加工して作成 ｜ OpenStreetMap（© OpenStreetMap contributors, ODbL 1.0）Geofabrik japan-latest.osm.pbf 2026-09-23T20:22:04Z node/2993323849",
BS-kP11-22-31-bs1394,bus_stop,堺町,35.4330316,133.8281053,WGS84,471,打吹山,中国百名山,,,,TH-w449062557(109m),operator=日本交通（株）; busType=民間路線バス; busRoutes=市内線 / 北条線　R179・青山剛昌経由 / 北条線　R179・江北経由,adopted,10,運行状況（季節運行・休止・予約制）を要確認,"国土数値情報（バス停留所データ）令和4年度（国土交通省）P11-22-31-bs1394（35.433032, 133.828105、JGD2011）を加工して作成",
BS-kP11-22-31-bs1396,bus_stop,宮川町,35.4328525,133.8309592,WGS84,471,打吹山,中国百名山,,,,TH-w449062557(168m),operator=日ノ丸自動車（株）; busType=民間路線バス; busRoutes=高城　海田車庫/倉吉駅～桜/大立 / 社　倉吉駅～倉吉農高 / 赤碕　倉吉駅～赤碕駅,adopted,10,運行状況（季節運行・休止・予約制）を要確認,"国土数値情報（バス停留所データ）令和4年度（国土交通省）P11-22-31-bs1396（35.432853, 133.830959、JGD2011）を加工して作成 ｜ OpenStreetMap（© OpenStreetMap contributors, ODbL 1.0）Geofabrik japan-latest.osm.pbf 2026-09-23T20:22:04Z node/2993323850",
BS-kP11-22-31-bs1409,bus_stop,住吉町,35.432436,133.8333001,WGS84,471,打吹山,中国百名山,,,,TH-w399433718(134m),operator=日ノ丸自動車（株）; busType=民間路線バス; busRoutes=三朝　生田車庫～三朝車庫/神倉,adopted,10,運行状況（季節運行・休止・予約制）を要確認,"国土数値情報（バス停留所データ）令和4年度（国土交通省）P11-22-31-bs1409（35.432436, 133.833300、JGD2011）を加工して作成",
BS-kP11-22-31-bs1410,bus_stop,住吉町,35.432436,133.8333001,WGS84,471,打吹山,中国百名山,,,,TH-w399433718(134m),operator=日本交通（株）; busType=民間路線バス; busRoutes=広瀬線　倉吉駅行,adopted,10,運行状況（季節運行・休止・予約制）を要確認,"国土数値情報（バス停留所データ）令和4年度（国土交通省）P11-22-31-bs1410（35.432436, 133.833300、JGD2011）を加工して作成",
BS-kP11-22-31-bs1437,bus_stop,白壁土蔵群前,35.4310329,133.8231058,WGS84,471,打吹山,中国百名山,,,,TH-n13666019967(160m) TH-n4142568473(228m),operator=日ノ丸自動車（株）; busType=民間路線バス; busRoutes=高城　海田車庫/倉吉駅～桜/大立 / 横田　海田車庫～久米中学校,adopted,10,運行状況（季節運行・休止・予約制）を要確認,"国土数値情報（バス停留所データ）令和4年度（国土交通省）P11-22-31-bs1437（35.431033, 133.823106、JGD2011）を加工して作成 ｜ OpenStreetMap（© OpenStreetMap contributors, ODbL 1.0）Geofabrik japan-latest.osm.pbf 2026-09-23T20:22:04Z node/2993281961",
BS-kP11-22-31-bs1438,bus_stop,白壁土蔵群前,35.4310329,133.8231058,WGS84,471,打吹山,中国百名山,,,,TH-n13666019967(160m),operator=日本交通（株）; busType=民間路線バス; busRoutes=パークスクエア線（広瀬）下り / 広瀬線　倉吉駅行 / パークスクエア線,adopted,10,運行状況（季節運行・休止・予約制）を要確認,"国土数値情報（バス停留所データ）令和4年度（国土交通省）P11-22-31-bs1438（35.431033, 133.823106、JGD2011）を加工して作成",
BS-kP11-22-31-bs1449,bus_stop,市役所打吹公園入口,35.4308218,133.825587,WGS84,471,打吹山,中国百名山,,,,TH-n4142568473(158m),operator=日本交通（株）; busType=民間路線バス; busRoutes=パークスクエア線（広瀬）下り / 広瀬線　倉吉駅行 / パークスクエア線,adopted,10,運行状況（季節運行・休止・予約制）を要確認,"国土数値情報（バス停留所データ）令和4年度（国土交通省）P11-22-31-bs1449（35.430822, 133.825587、JGD2011）を加工して作成 ｜ OpenStreetMap（© OpenStreetMap contributors, ODbL 1.0）Geofabrik japan-latest.osm.pbf 2026-09-23T20:22:04Z node/2993281974",
BS-kP11-22-31-bs1450,bus_stop,市役所・打吹公園入口,35.4308188,133.8256192,WGS84,471,打吹山,中国百名山,,,,TH-n4142568473(159m),operator=日ノ丸自動車（株）; busType=民間路線バス; busRoutes=高城　海田車庫/倉吉駅～桜/大立 / 横田　海田車庫～久米中学校,adopted,10,運行状況（季節運行・休止・予約制）を要確認,"国土数値情報（バス停留所データ）令和4年度（国土交通省）P11-22-31-bs1450（35.430819, 133.825619、JGD2011）を加工して作成 ｜ OpenStreetMap（© OpenStreetMap contributors, ODbL 1.0）Geofabrik japan-latest.osm.pbf 2026-09-23T20:22:04Z node/13665995616",
BS-kP11-22-31-bs1454,bus_stop,倉吉パークスクエア,35.4305307,133.8359196,WGS84,471,打吹山,中国百名山,,,,TH-w399433718(191m),operator=日ノ丸自動車（株）; busType=民間路線バス; busRoutes=高城　海田車庫/倉吉駅～桜/大立 / 社　倉吉駅～倉吉農高 / 横田　海田車庫～久米中学校,adopted,10,運行状況（季節運行・休止・予約制）を要確認,"国土数値情報（バス停留所データ）令和4年度（国土交通省）P11-22-31-bs1454（35.430531, 133.835920、JGD2011）を加工して作成",
BS-kP11-22-31-bs1469,bus_stop,少年自然の家,35.4300304,133.608394,WGS84,469 484 488 490,船上山、甲ヶ山、矢筈ヶ山、大山,中国百名山|日本百名山|日本二百名山|日本三百名山,,,,TH-n1425865627(577m),operator=琴浦町; busType=コミュニティバス; busRoutes=琴浦町営バス船上山線,adopted,10,運行状況（季節運行・休止・予約制）を要確認,"国土数値情報（バス停留所データ）令和4年度（国土交通省）P11-22-31-bs1469（35.430030, 133.608394、JGD2011）を加工して作成",
BS-kP11-22-31-bs1666,bus_stop,河内,35.4138353,134.0225486,WGS84,474,鷲峰山,中国百名山,,,,TH-n1450251643(653m),operator=鳥取市; busType=コミュニティバス; busRoutes=鳥取市気高循環バス宝木河内線 / 鳥取市気高循環バス逢坂線,adopted,10,運行状況（季節運行・休止・予約制）を要確認、登山口から離れている（徒歩アプローチを要確認）,"国土数値情報（バス停留所データ）令和4年度（国土交通省）P11-22-31-bs1666（35.413835, 134.022549、JGD2011）を加工して作成",
BS-kP11-22-31-bs1769,bus_stop,三徳山参道入口,35.4012462,133.9534737,WGS84,481,三徳山,中国百名山,,,,TH-n1348948412(157m),operator=日ノ丸自動車（株）; busType=民間路線バス; busRoutes=上井・三朝　倉吉駅～三朝車庫前/三徳山/上吉原,adopted,10,運行状況（季節運行・休止・予約制）を要確認,"国土数値情報（バス停留所データ）令和4年度（国土交通省）P11-22-31-bs1769（35.401246, 133.953474、JGD2011）を加工して作成",
BS-kP11-22-31-bs1776,bus_stop,三徳山駐車場,35.4007791,133.9593004,WGS84,481,三徳山,中国百名山,,,,TH-n1348948412(379m),operator=日ノ丸自動車（株）; busType=民間路線バス; busRoutes=上井・三朝　倉吉駅～三朝車庫前/三徳山/上吉原,adopted,10,運行状況（季節運行・休止・予約制）を要確認,"国土数値情報（バス停留所データ）令和4年度（国土交通省）P11-22-31-bs1776（35.400779, 133.959300、JGD2011）を加工して作成",
BS-kP11-22-31-bs1778,bus_stop,三徳,35.4006646,133.9563336,WGS84,481,三徳山,中国百名山,,,,TH-n1348948412(111m),operator=日ノ丸自動車（株）; busType=民間路線バス; busRoutes=上井・三朝　倉吉駅～三朝車庫前/三徳山/上吉原,adopted,10,運行状況（季節運行・休止・予約制）を要確認,"国土数値情報（バス停留所データ）令和4年度（国土交通省）P11-22-31-bs1778（35.400665, 133.956334、JGD2011）を加工して作成",
BS-kP11-22-31-bs1818,bus_stop,大山寺,35.3935287,133.5293289,WGS84,469 484 488 490,船上山、甲ヶ山、矢筈ヶ山、大山,中国百名山|日本百名山|日本二百名山|日本三百名山,,,,TH-n5594037175(534m) TH-n4487687091(739m) TH-n728157627(380m) TH-n728158240(460m),operator=日本交通（株）; busType=民間路線バス; busRoutes=52・53　淀江線 / 57　大山線 / 大山町内路線（大山線）,adopted,10,運行状況（季節運行・休止・予約制）を要確認、登山口から離れている（徒歩アプローチを要確認）,"国土数値情報（バス停留所データ）令和4年度（国土交通省）P11-22-31-bs1818（35.393529, 133.529329、JGD2011）を加工して作成",
BS-kP11-22-31-bs199,bus_stop,公園墓地入口,35.5179747,134.2390633,WGS84,445,久松山,中国百名山,,,,TH-n4057395191(396m),operator=日本交通（株）; busType=民間路線バス; busRoutes=38・38H　北園団地線,adopted,10,運行状況（季節運行・休止・予約制）を要確認,"国土数値情報（バス停留所データ）令和4年度（国土交通省）P11-22-31-bs199（35.517975, 134.239063、JGD2011）を加工して作成 ｜ OpenStreetMap（© OpenStreetMap contributors, ODbL 1.0）Geofabrik japan-latest.osm.pbf 2026-09-23T20:22:04Z node/7141562036",
BS-kP11-22-31-bs2093,bus_stop,用瀬駅前,35.3444575,134.205256,WGS84,502,三角山,中国百名山,,,,TH-n3952054607(591m) TH-n5564663349(465m) TH-n5564663349(465m),operator=日ノ丸自動車（株）; busType=民間路線バス; busRoutes=江波赤波　江波～赤波 / 佐治　用瀬駅～栃原 / 用瀬智頭　鳥取駅～栃原,adopted,10,運行状況（季節運行・休止・予約制）を要確認,"国土数値情報（バス停留所データ）令和4年度（国土交通省）P11-22-31-bs2093（35.344458, 134.205256、JGD2011）を加工して作成 ｜ OpenStreetMap（© OpenStreetMap contributors, ODbL 1.0）Geofabrik japan-latest.osm.pbf 2026-09-23T20:22:04Z node/3948343884",
BS-kP11-22-31-bs2102,bus_stop,用瀬,35.3422141,134.2029625,WGS84,502,三角山,中国百名山,,,,TH-n3948287831(25m) TH-n5564833611(295m) TH-n3952054607(568m),operator=日ノ丸自動車（株）; busType=民間路線バス; busRoutes=江波赤波　江波～赤波 / 佐治　用瀬駅～栃原 / 用瀬智頭　鳥取駅～栃原,adopted,10,運行状況（季節運行・休止・予約制）を要確認,"国土数値情報（バス停留所データ）令和4年度（国土交通省）P11-22-31-bs2102（35.342214, 134.202963、JGD2011）を加工して作成 ｜ OpenStreetMap（© OpenStreetMap contributors, ODbL 1.0）Geofabrik japan-latest.osm.pbf 2026-09-23T20:22:04Z node/3948287831",
BS-kP11-22-31-bs2126,bus_stop,用瀬小運動公園前,35.3361568,134.2007403,WGS84,502,三角山,中国百名山,,,,TH-n5564833611(423m),operator=日ノ丸自動車（株）; busType=民間路線バス; busRoutes=江波赤波　江波～赤波 / 用瀬智頭　鳥取駅～栃原,adopted,10,運行状況（季節運行・休止・予約制）を要確認,"国土数値情報（バス停留所データ）令和4年度（国土交通省）P11-22-31-bs2126（35.336157, 134.200740、JGD2011）を加工して作成 ｜ OpenStreetMap（© OpenStreetMap contributors, ODbL 1.0）Geofabrik japan-latest.osm.pbf 2026-09-23T20:22:04Z node/3948287829",
BS-kP11-22-31-bs2150,bus_stop,原,35.3294279,134.1986333,WGS84,502,三角山,中国百名山,,,,TH-n5564663174(709m),operator=日ノ丸自動車（株）; busType=民間路線バス; busRoutes=江波赤波　江波～赤波 / 用瀬智頭　鳥取駅～栃原,adopted,10,運行状況（季節運行・休止・予約制）を要確認、登山口から離れている（徒歩アプローチを要確認）,"国土数値情報（バス停留所データ）令和4年度（国土交通省）P11-22-31-bs2150（35.329428, 134.198633、JGD2011）を加工して作成",
BS-kP11-22-31-bs216,bus_stop,前田橋,35.5162944,134.241231,WGS84,445,久松山,中国百名山,,,,TH-n4579739116(658m) TH-n4057395191(362m),operator=日本交通（株）; busType=民間路線バス; busRoutes=38・38H　北園団地線,adopted,10,運行状況（季節運行・休止・予約制）を要確認、登山口から離れている（徒歩アプローチを要確認）,"国土数値情報（バス停留所データ）令和4年度（国土交通省）P11-22-31-bs216（35.516294, 134.241231、JGD2011）を加工して作成 ｜ OpenStreetMap（© OpenStreetMap contributors, ODbL 1.0）Geofabrik japan-latest.osm.pbf 2026-09-23T20:22:04Z node/7141562035",
BS-kP11-22-31-bs2164,bus_stop,金屋（用瀬町）,35.3253178,134.1973161,WGS84,502,三角山,中国百名山,,,,TH-n5564663174(406m) TH-n5564663174(406m),operator=日ノ丸自動車（株）; busType=民間路線バス; busRoutes=江波赤波　江波～赤波 / 用瀬智頭　鳥取駅～栃原,adopted,10,運行状況（季節運行・休止・予約制）を要確認,"国土数値情報（バス停留所データ）令和4年度（国土交通省）P11-22-31-bs2164（35.325318, 134.197316、JGD2011）を加工して作成 ｜ OpenStreetMap（© OpenStreetMap contributors, ODbL 1.0）Geofabrik japan-latest.osm.pbf 2026-09-23T20:22:04Z node/3948287796",
BS-kP11-22-31-bs2204,bus_stop,社駅前,35.3123955,134.1974617,WGS84,502,三角山,中国百名山,,,,TH-kP11-22-31-bs2214(667m),operator=日ノ丸自動車（株）; busType=民間路線バス; busRoutes=用瀬智頭　鳥取駅～栃原,adopted,10,運行状況（季節運行・休止・予約制）を要確認、登山口から離れている（徒歩アプローチを要確認）,"国土数値情報（バス停留所データ）令和4年度（国土交通省）P11-22-31-bs2204（35.312395, 134.197462、JGD2011）を加工して作成 ｜ OpenStreetMap（© OpenStreetMap contributors, ODbL 1.0）Geofabrik japan-latest.osm.pbf 2026-09-23T20:22:04Z node/3948194902",
BS-kP11-22-31-bs2214,bus_stop,川中橋,35.3072508,134.2012941,WGS84,502,三角山,中国百名山,,,,TH-kP11-22-31-bs2214(0m) TH-kP11-22-31-bs2214(0m),operator=日ノ丸自動車（株）; busType=民間路線バス; busRoutes=用瀬智頭　鳥取駅～栃原,adopted,10,運行状況（季節運行・休止・予約制）を要確認,"国土数値情報（バス停留所データ）令和4年度（国土交通省）P11-22-31-bs2214（35.307251, 134.201294、JGD2011）を加工して作成 ｜ OpenStreetMap（© OpenStreetMap contributors, ODbL 1.0）Geofabrik japan-latest.osm.pbf 2026-09-23T20:22:04Z node/3948139769",
BS-kP11-22-31-bs222,bus_stop,渡り上り橋,35.5154962,134.2433544,WGS84,445,久松山,中国百名山,,,,TH-n4579739116(542m) TH-n4057395191(508m),operator=日本交通（株）; busType=民間路線バス; busRoutes=38・38H　北園団地線,adopted,10,運行状況（季節運行・休止・予約制）を要確認,"国土数値情報（バス停留所データ）令和4年度（国土交通省）P11-22-31-bs222（35.515496, 134.243354、JGD2011）を加工して作成 ｜ OpenStreetMap（© OpenStreetMap contributors, ODbL 1.0）Geofabrik japan-latest.osm.pbf 2026-09-23T20:22:04Z node/7141562034",
BS-kP11-22-31-bs2261,bus_stop,湯屋,35.2799171,134.2295597,WGS84,502,三角山,中国百名山,,,,TH-n4408968860(571m),operator=日ノ丸自動車（株）; busType=民間路線バス; busRoutes=用瀬智頭　鳥取駅～栃原,adopted,10,運行状況（季節運行・休止・予約制）を要確認,"国土数値情報（バス停留所データ）令和4年度（国土交通省）P11-22-31-bs2261（35.279917, 134.229560、JGD2011）を加工して作成 ｜ OpenStreetMap（© OpenStreetMap contributors, ODbL 1.0）Geofabrik japan-latest.osm.pbf 2026-09-23T20:22:04Z node/3913791240",
BS-kP11-22-31-bs2268,bus_stop,下町（智頭町）,35.2740923,134.2240304,WGS84,502,三角山,中国百名山,,,,TH-n4408968860(249m) TH-n4408968860(249m),operator=日ノ丸自動車（株）; busType=民間路線バス; busRoutes=用瀬智頭　鳥取駅～栃原,adopted,10,運行状況（季節運行・休止・予約制）を要確認,"国土数値情報（バス停留所データ）令和4年度（国土交通省）P11-22-31-bs2268（35.274092, 134.224030、JGD2011）を加工して作成 ｜ OpenStreetMap（© OpenStreetMap contributors, ODbL 1.0）Geofabrik japan-latest.osm.pbf 2026-09-23T20:22:04Z node/3913796385",
BS-kP11-22-31-bs227,bus_stop,吉川公園前,35.5149849,134.2448932,WGS84,445,久松山,中国百名山,,,,TH-n4579739116(507m),operator=日本交通（株）; busType=民間路線バス; busRoutes=38・38H　北園団地線,adopted,10,運行状況（季節運行・休止・予約制）を要確認,"国土数値情報（バス停留所データ）令和4年度（国土交通省）P11-22-31-bs227（35.514985, 134.244893、JGD2011）を加工して作成 ｜ OpenStreetMap（© OpenStreetMap contributors, ODbL 1.0）Geofabrik japan-latest.osm.pbf 2026-09-23T20:22:04Z node/7141562033",
BS-kP11-22-31-bs2273,bus_stop,浅見,35.2697801,134.2807023,WGS84,502,三角山,中国百名山,,,,TH-n3915626331(318m),operator=智頭町; busType=コミュニティバス; busRoutes=智頭町民すぎっ子バス芦津線,adopted,10,運行状況（季節運行・休止・予約制）を要確認,"国土数値情報（バス停留所データ）令和4年度（国土交通省）P11-22-31-bs2273（35.269780, 134.280702、JGD2011）を加工して作成 ｜ OpenStreetMap（© OpenStreetMap contributors, ODbL 1.0）Geofabrik japan-latest.osm.pbf 2026-09-23T20:22:04Z node/8093318353",
BS-kP11-22-31-bs2274,bus_stop,西野,35.2697311,134.277685,WGS84,502,三角山,中国百名山,,,,TH-n3915626331(145m),operator=智頭町; busType=コミュニティバス; busRoutes=智頭町民すぎっ子バス芦津線,adopted,10,運行状況（季節運行・休止・予約制）を要確認,"国土数値情報（バス停留所データ）令和4年度（国土交通省）P11-22-31-bs2274（35.269731, 134.277685、JGD2011）を加工して作成 ｜ OpenStreetMap（© OpenStreetMap contributors, ODbL 1.0）Geofabrik japan-latest.osm.pbf 2026-09-23T20:22:04Z node/3915637776",
BS-kP11-22-31-bs2283,bus_stop,米原,35.2676104,134.277109,WGS84,502,三角山,中国百名山,,,,TH-n3915626331(381m),operator=智頭町; busType=コミュニティバス; busRoutes=智頭町民すぎっ子バス芦津線,adopted,10,運行状況（季節運行・休止・予約制）を要確認,"国土数値情報（バス停留所データ）令和4年度（国土交通省）P11-22-31-bs2283（35.267610, 134.277109、JGD2011）を加工して作成 ｜ OpenStreetMap（© OpenStreetMap contributors, ODbL 1.0）Geofabrik japan-latest.osm.pbf 2026-09-23T20:22:04Z node/8093297250",
BS-kP11-22-31-bs320,bus_stop,湯所,35.5091572,134.2311835,WGS84,445,久松山,中国百名山,,,,TH-w595765812(46m) TH-w595765812(46m),operator=日ノ丸自動車（株）; busType=民間路線バス; busRoutes=鳥取大学　鳥取駅～鳥大付属高校 / 白兎海岸線　鳥取駅～鹿野営業所 / 湖山池　鳥取駅～白兎養護学校,adopted,10,運行状況（季節運行・休止・予約制）を要確認,"国土数値情報（バス停留所データ）令和4年度（国土交通省）P11-22-31-bs320（35.509157, 134.231183、JGD2011）を加工して作成 ｜ OpenStreetMap（© OpenStreetMap contributors, ODbL 1.0）Geofabrik japan-latest.osm.pbf 2026-09-23T20:22:04Z node/5677301968",
BS-kP11-22-31-bs321,bus_stop,湯所,35.5091572,134.2311835,WGS84,445,久松山,中国百名山,,,,TH-w595765812(46m),operator=日本交通（株）; busType=民間路線バス; busRoutes=32　岩美岩井線 / 32H　岩美岩井線 / 33　岩美岩井線,adopted,10,運行状況（季節運行・休止・予約制）を要確認,"国土数値情報（バス停留所データ）令和4年度（国土交通省）P11-22-31-bs321（35.509157, 134.231183、JGD2011）を加工して作成",
BS-kP11-22-31-bs340,bus_stop,仁風閣・県立博物館,35.5071212,134.236069,WGS84,445,久松山,中国百名山,,,,TH-n4010659933(186m),operator=鳥取市・日本交通（株）・日ノ丸自動車（株）; busType=その他; busRoutes=100円循環バスくる梨（緑）,adopted,10,運行状況（季節運行・休止・予約制）を要確認,"国土数値情報（バス停留所データ）令和4年度（国土交通省）P11-22-31-bs340（35.507121, 134.236069、JGD2011）を加工して作成 ｜ OpenStreetMap（© OpenStreetMap contributors, ODbL 1.0）Geofabrik japan-latest.osm.pbf 2026-09-23T20:22:04Z node/7030465686",
BS-kP11-22-31-bs342,bus_stop,鳥取城跡,35.5069079,134.2362178,WGS84,445,久松山,中国百名山,,,,TH-n4010659933(195m),operator=日本交通（株）・日ノ丸自動車（株）; busType=民間路線バス; busRoutes=ループ麒麟獅子バス,adopted,10,運行状況（季節運行・休止・予約制）を要確認,"国土数値情報（バス停留所データ）令和4年度（国土交通省）P11-22-31-bs342（35.506908, 134.236218、JGD2011）を加工して作成",
BS-kP11-22-31-bs379,bus_stop,市立武道館,35.5051248,134.2374489,WGS84,445,久松山,中国百名山,,,,TH-n4010659933(352m) TH-w655303236(589m),operator=鳥取市・日本交通（株）・日ノ丸自動車（株）; busType=その他; busRoutes=100円循環バスくる梨（緑）,adopted,10,運行状況（季節運行・休止・予約制）を要確認,"国土数値情報（バス停留所データ）令和4年度（国土交通省）P11-22-31-bs379（35.505125, 134.237449、JGD2011）を加工して作成",
BS-kP11-22-31-bs406,bus_stop,鳥取県庁,35.5032872,134.2372279,WGS84,445,久松山,中国百名山,,,,TH-w655303236(640m),operator=鳥取市・日本交通（株）・日ノ丸自動車（株）; busType=その他; busRoutes=100円循環バスくる梨（緑）,adopted,10,運行状況（季節運行・休止・予約制）を要確認、登山口から離れている（徒歩アプローチを要確認）,"国土数値情報（バス停留所データ）令和4年度（国土交通省）P11-22-31-bs406（35.503287, 134.237228、JGD2011）を加工して作成",
BS-kP11-22-31-bs472,bus_stop,江崎町,35.50032,134.2387856,WGS84,445,久松山,中国百名山,,,,TH-w655303236(705m),operator=鳥取市・日本交通（株）・日ノ丸自動車（株）; busType=その他; busRoutes=100円循環バスくる梨（赤）,adopted,10,運行状況（季節運行・休止・予約制）を要確認、登山口から離れている（徒歩アプローチを要確認）,"国土数値情報（バス停留所データ）令和4年度（国土交通省）P11-22-31-bs472（35.500320, 134.238786、JGD2011）を加工して作成 ｜ OpenStreetMap（© OpenStreetMap contributors, ODbL 1.0）Geofabrik japan-latest.osm.pbf 2026-09-23T20:22:04Z node/2555202141",
BS-kP11-22-31-bs908,bus_stop,石井谷口,35.4692914,134.3779734,WGS84,466,扇ノ山,日本三百名山|関西百名山|中国百名山,,,,TH-kP11-22-31-bs944(396m),operator=日ノ丸自動車（株）; busType=民間路線バス; busRoutes=中河原　鳥取駅～山崎橋,adopted,10,運行状況（季節運行・休止・予約制）を要確認,"国土数値情報（バス停留所データ）令和4年度（国土交通省）P11-22-31-bs908（35.469291, 134.377973、JGD2011）を加工して作成",
BS-kP11-22-31-bs944,bus_stop,大石（国府町）,35.4659705,134.3796247,WGS84,466,扇ノ山,日本三百名山|関西百名山|中国百名山,,,,TH-kP11-22-31-bs944(0m),operator=日ノ丸自動車（株）; busType=民間路線バス; busRoutes=中河原　鳥取駅～山崎橋,adopted,10,運行状況（季節運行・休止・予約制）を要確認,"国土数値情報（バス停留所データ）令和4年度（国土交通省）P11-22-31-bs944（35.465970, 134.379625、JGD2011）を加工して作成",
BS-kP11-22-32-bs1009,bus_stop,唐川車庫,35.4249681,132.7301596,WGS84,480,鼻高山,中国百名山,,,,TH-n1387132664(843m),operator=出雲市; busType=コミュニティバス; busRoutes=平田生活バス　鰐淵線,adopted,10,運行状況（季節運行・休止・予約制）を要確認、登山口から離れている（徒歩アプローチを要確認）,"国土数値情報（バス停留所データ）令和4年度（国土交通省）P11-22-32-bs1009（35.424968, 132.730160、JGD2011）を加工して作成",
BS-kP11-22-32-bs1212,bus_stop,みせん広場前,35.3971361,132.693213,WGS84,480,鼻高山,中国百名山,,,,TH-n1387129843(329m),operator=一畑バス（株）; busType=民間路線バス; busRoutes=【出雲管内】大社線（上塩冶車庫～JR出雲市駅～ゆめタウン～島根ワイナリー～出雲大社バスターミナル）,adopted,10,運行状況（季節運行・休止・予約制）を要確認,"国土数値情報（バス停留所データ）令和4年度（国土交通省）P11-22-32-bs1212（35.397136, 132.693213、JGD2011）を加工して作成",
BS-kP11-22-32-bs1213,bus_stop,古代出雲歴史博物館前,35.3970258,132.687415,WGS84,480,鼻高山,中国百名山,,,,TH-n1387129843(698m),operator=一畑バス（株）; busType=民間路線バス; busRoutes=【出雲管内】大社線（上塩冶車庫～JR出雲市駅～ゆめタウン～島根ワイナリー～出雲大社バスターミナル）,adopted,10,運行状況（季節運行・休止・予約制）を要確認、登山口から離れている（徒歩アプローチを要確認）,"国土数値情報（バス停留所データ）令和4年度（国土交通省）P11-22-32-bs1213（35.397026, 132.687415、JGD2011）を加工して作成 ｜ OpenStreetMap（© OpenStreetMap contributors, ODbL 1.0）Geofabrik japan-latest.osm.pbf 2026-09-23T20:22:04Z node/10122674003",
BS-kP11-22-32-bs1222,bus_stop,阿須伎神社入口,35.3966131,132.717237,WGS84,480,鼻高山,中国百名山,,,,TH-n1387129329(196m),operator=一畑バス（株）; busType=民間路線バス; busRoutes=【出雲管内】大社線（上塩冶車庫～JR出雲市駅～ゆめタウン～島根ワイナリー～出雲大社バスターミナル）,adopted,10,運行状況（季節運行・休止・予約制）を要確認,"国土数値情報（バス停留所データ）令和4年度（国土交通省）P11-22-32-bs1222（35.396613, 132.717237、JGD2011）を加工して作成",
BS-kP11-22-32-bs1224,bus_stop,島根ワイナリー,35.3965915,132.7111725,WGS84,480,鼻高山,中国百名山,,,,TH-n1387129329(741m),operator=一畑バス（株）; busType=民間路線バス; busRoutes=【出雲管内】大社線（上塩冶車庫～JR出雲市駅～ゆめタウン～島根ワイナリー～出雲大社バスターミナル）,adopted,10,運行状況（季節運行・休止・予約制）を要確認、登山口から離れている（徒歩アプローチを要確認）,"国土数値情報（バス停留所データ）令和4年度（国土交通省）P11-22-32-bs1224（35.396591, 132.711173、JGD2011）を加工して作成 ｜ OpenStreetMap（© OpenStreetMap contributors, ODbL 1.0）Geofabrik japan-latest.osm.pbf 2026-09-23T20:22:04Z node/12709508845",
BS-kP11-22-32-bs1229,bus_stop,神門谷,35.3962587,132.7517499,WGS84,480,鼻高山,中国百名山,,,,TH-n1391982317(394m),operator=出雲市; busType=コミュニティバス; busRoutes=大寺線,adopted,10,運行状況（季節運行・休止・予約制）を要確認,"国土数値情報（バス停留所データ）令和4年度（国土交通省）P11-22-32-bs1229（35.396259, 132.751750、JGD2011）を加工して作成",
BS-kP11-22-32-bs1230,bus_stop,荘厳寺前,35.3957865,132.7257636,WGS84,480,鼻高山,中国百名山,,,,TH-n1387129329(603m) TH-n1387129012(433m),operator=一畑バス（株）; busType=民間路線バス; busRoutes=【出雲管内】大社線（上塩冶車庫～JR出雲市駅～ゆめタウン～島根ワイナリー～出雲大社バスターミナル）,adopted,10,運行状況（季節運行・休止・予約制）を要確認、登山口から離れている（徒歩アプローチを要確認）,"国土数値情報（バス停留所データ）令和4年度（国土交通省）P11-22-32-bs1230（35.395787, 132.725764、JGD2011）を加工して作成",
BS-kP11-22-32-bs1231,bus_stop,矢尾西,35.3957866,132.7431211,WGS84,480,鼻高山,中国百名山,,,,TH-n1391982317(426m),operator=出雲市; busType=コミュニティバス; busRoutes=大寺線,adopted,10,運行状況（季節運行・休止・予約制）を要確認,"国土数値情報（バス停留所データ）令和4年度（国土交通省）P11-22-32-bs1231（35.395787, 132.743121、JGD2011）を加工して作成",
BS-kP11-22-32-bs1232,bus_stop,矢尾町,35.3957845,132.7479745,WGS84,480,鼻高山,中国百名山,,,,TH-n1391982317(152m),operator=出雲市; busType=コミュニティバス; busRoutes=大寺線,adopted,10,運行状況（季節運行・休止・予約制）を要確認,"国土数値情報（バス停留所データ）令和4年度（国土交通省）P11-22-32-bs1232（35.395784, 132.747974、JGD2011）を加工して作成",
BS-kP11-22-32-bs1257,bus_stop,下平北,35.392646,132.7375166,WGS84,480,鼻高山,中国百名山,,,,TH-n1387129012(703m),operator=出雲市; busType=コミュニティバス; busRoutes=大寺線,adopted,10,運行状況（季節運行・休止・予約制）を要確認、登山口から離れている（徒歩アプローチを要確認）,"国土数値情報（バス停留所データ）令和4年度（国土交通省）P11-22-32-bs1257（35.392646, 132.737517、JGD2011）を加工して作成",
BS-kP11-22-32-bs1273,bus_stop,遙堪,35.3907132,132.7265865,WGS84,480,鼻高山,中国百名山,,,,TH-n1387129012(622m),operator=一畑バス（株）; busType=民間路線バス; busRoutes=【出雲管内】大社線（上塩冶車庫～JR出雲市駅～ゆめタウン～島根ワイナリー～出雲大社バスターミナル）,adopted,10,運行状況（季節運行・休止・予約制）を要確認、登山口から離れている（徒歩アプローチを要確認）,"国土数値情報（バス停留所データ）令和4年度（国土交通省）P11-22-32-bs1273（35.390713, 132.726587、JGD2011）を加工して作成",
BS-kP11-22-32-bs149,bus_stop,古浦海水浴場,35.521676,132.9765562,WGS84,446,朝日山,中国百名山,,,,TH-n1408170632(464m),operator=松江市; busType=コミュニティバス; busRoutes=鹿島コミュニティバス　循環線,adopted,10,運行状況（季節運行・休止・予約制）を要確認,"国土数値情報（バス停留所データ）令和4年度（国土交通省）P11-22-32-bs149（35.521676, 132.976556、JGD2011）を加工して作成 ｜ OpenStreetMap（© OpenStreetMap contributors, ODbL 1.0）Geofabrik japan-latest.osm.pbf 2026-09-23T20:22:04Z node/10087052577",
BS-kP11-22-32-bs160,bus_stop,根連木,35.519917,132.9845875,WGS84,446,朝日山,中国百名山,,,,TH-n1408170632(497m),operator=松江市; busType=コミュニティバス; busRoutes=鹿島コミュニティバス　循環線,adopted,10,運行状況（季節運行・休止・予約制）を要確認,"国土数値情報（バス停留所データ）令和4年度（国土交通省）P11-22-32-bs160（35.519917, 132.984588、JGD2011）を加工して作成 ｜ OpenStreetMap（© OpenStreetMap contributors, ODbL 1.0）Geofabrik japan-latest.osm.pbf 2026-09-23T20:22:04Z node/10095401725",
BS-kP11-22-32-bs165,bus_stop,廻谷,35.5192806,132.9791799,WGS84,446,朝日山,中国百名山,,,,TH-n1408170632(119m),operator=松江市; busType=コミュニティバス; busRoutes=鹿島コミュニティバス　循環線,adopted,10,運行状況（季節運行・休止・予約制）を要確認,"国土数値情報（バス停留所データ）令和4年度（国土交通省）P11-22-32-bs165（35.519281, 132.979180、JGD2011）を加工して作成 ｜ OpenStreetMap（© OpenStreetMap contributors, ODbL 1.0）Geofabrik japan-latest.osm.pbf 2026-09-23T20:22:04Z node/10095401724",
BS-kP11-22-32-bs234,bus_stop,畑谷入口,35.501257,132.9680877,WGS84,446,朝日山,中国百名山,,,,TH-n1408166532(130m),operator=松江市; busType=コミュニティバス; busRoutes=古江コミュニティバス　畑谷線,adopted,10,運行状況（季節運行・休止・予約制）を要確認,"国土数値情報（バス停留所データ）令和4年度（国土交通省）P11-22-32-bs234（35.501257, 132.968088、JGD2011）を加工して作成 ｜ OpenStreetMap（© OpenStreetMap contributors, ODbL 1.0）Geofabrik japan-latest.osm.pbf 2026-09-23T20:22:04Z node/10095391512",
BS-kP11-22-32-bs2500,bus_stop,三瓶自然館前,35.1529727,132.6216956,WGS84,575,三瓶山,日本二百名山|日本三百名山|中国百名山,,,,TH-n1381321737(491m) TH-n1381321802(204m) TH-n1381321343(995m),operator=石見交通（株）; busType=民間路線バス; busRoutes=三瓶線,adopted,10,運行状況（季節運行・休止・予約制）を要確認、登山口から離れている（徒歩アプローチを要確認）,"国土数値情報（バス停留所データ）令和4年度（国土交通省）P11-22-32-bs2500（35.152973, 132.621696、JGD2011）を加工して作成",
BS-kP11-22-32-bs2503,bus_stop,青少年交流の家,35.1518814,132.6247164,WGS84,575,三瓶山,日本二百名山|日本三百名山|中国百名山,,,,TH-n1381321737(193m) TH-n1381321802(393m) TH-n1381321343(703m),operator=石見交通（株）; busType=民間路線バス; busRoutes=三瓶線,adopted,10,運行状況（季節運行・休止・予約制）を要確認、登山口から離れている（徒歩アプローチを要確認）,"国土数値情報（バス停留所データ）令和4年度（国土交通省）P11-22-32-bs2503（35.151881, 132.624716、JGD2011）を加工して作成",
BS-kP11-22-32-bs2504,bus_stop,別荘入口,35.1518677,132.6348955,WGS84,575,三瓶山,日本二百名山|日本三百名山|中国百名山,,,,TH-n1381321737(777m) TH-n1381321343(590m) TH-n1381321193(598m),operator=石見交通（株）; busType=民間路線バス; busRoutes=三瓶線,adopted,10,運行状況（季節運行・休止・予約制）を要確認、登山口から離れている（徒歩アプローチを要確認）,"国土数値情報（バス停留所データ）令和4年度（国土交通省）P11-22-32-bs2504（35.151868, 132.634896、JGD2011）を加工して作成",
BS-kP11-22-32-bs2570,bus_stop,定の松,35.1307653,132.6017433,WGS84,575,三瓶山,日本二百名山|日本三百名山|中国百名山,,,,TH-n1381319052(44m) TH-n1381318168(523m),operator=石見交通（株）; busType=民間路線バス; busRoutes=三瓶線,adopted,10,運行状況（季節運行・休止・予約制）を要確認,"国土数値情報（バス停留所データ）令和4年度（国土交通省）P11-22-32-bs2570（35.130765, 132.601743、JGD2011）を加工して作成",
BS-kP11-22-32-bs2574,bus_stop,東の原,35.1285314,132.6459788,WGS84,575,三瓶山,日本二百名山|日本三百名山|中国百名山,,,,TH-n11829365160(443m),operator=石見交通（株）; busType=民間路線バス; busRoutes=三瓶線,adopted,10,運行状況（季節運行・休止・予約制）を要確認,"国土数値情報（バス停留所データ）令和4年度（国土交通省）P11-22-32-bs2574（35.128531, 132.645979、JGD2011）を加工して作成",
BS-kP11-22-32-bs2587,bus_stop,駕籠立の松,35.1257023,132.6062629,WGS84,575,三瓶山,日本二百名山|日本三百名山|中国百名山,,,,TH-n1381319052(737m) TH-n1381318168(173m),operator=石見交通（株）; busType=民間路線バス; busRoutes=三瓶線,adopted,10,運行状況（季節運行・休止・予約制）を要確認、登山口から離れている（徒歩アプローチを要確認）,"国土数値情報（バス停留所データ）令和4年度（国土交通省）P11-22-32-bs2587（35.125702, 132.606263、JGD2011）を加工して作成",
BS-kP11-22-32-bs2597,bus_stop,緑ヶ丘西口,35.1229679,132.6101828,WGS84,575,三瓶山,日本二百名山|日本三百名山|中国百名山,,,,TH-n1381318168(639m),operator=石見交通（株）; busType=民間路線バス; busRoutes=三瓶線,adopted,10,運行状況（季節運行・休止・予約制）を要確認、登山口から離れている（徒歩アプローチを要確認）,"国土数値情報（バス停留所データ）令和4年度（国土交通省）P11-22-32-bs2597（35.122968, 132.610183、JGD2011）を加工して作成",
BS-kP11-22-32-bs260,bus_stop,上組公民館,35.4964734,132.9682969,WGS84,446,朝日山,中国百名山,,,,TH-n1408166532(440m),operator=松江市; busType=コミュニティバス; busRoutes=古江コミュニティバス　畑谷線,adopted,10,運行状況（季節運行・休止・予約制）を要確認,"国土数値情報（バス停留所データ）令和4年度（国土交通省）P11-22-32-bs260（35.496473, 132.968297、JGD2011）を加工して作成 ｜ OpenStreetMap（© OpenStreetMap contributors, ODbL 1.0）Geofabrik japan-latest.osm.pbf 2026-09-23T20:22:04Z node/10095391511",
BS-kP11-22-32-bs2605,bus_stop,開拓農協入口,35.1195892,132.6405843,WGS84,575,三瓶山,日本二百名山|日本三百名山|中国百名山,,,,TH-n11829365160(987m),operator=石見交通（株）; busType=民間路線バス; busRoutes=三瓶線,adopted,10,運行状況（季節運行・休止・予約制）を要確認、登山口から離れている（徒歩アプローチを要確認）,"国土数値情報（バス停留所データ）令和4年度（国土交通省）P11-22-32-bs2605（35.119589, 132.640584、JGD2011）を加工して作成",
BS-kP11-22-32-bs2612,bus_stop,四季の宿さひめ野,35.1175142,132.6193894,WGS84,575,三瓶山,日本二百名山|日本三百名山|中国百名山,,,,TH-n1381317285(404m),operator=石見交通（株）; busType=民間路線バス; busRoutes=三瓶線,adopted,10,運行状況（季節運行・休止・予約制）を要確認,"国土数値情報（バス停留所データ）令和4年度（国土交通省）P11-22-32-bs2612（35.117514, 132.619389、JGD2011）を加工して作成",
BS-kP11-22-32-bs2615,bus_stop,奥の湯入口,35.1159601,132.6265022,WGS84,575,三瓶山,日本二百名山|日本三百名山|中国百名山,,,,TH-n1381317285(270m),operator=石見交通（株）; busType=民間路線バス; busRoutes=三瓶線,adopted,10,運行状況（季節運行・休止・予約制）を要確認,"国土数値情報（バス停留所データ）令和4年度（国土交通省）P11-22-32-bs2615（35.115960, 132.626502、JGD2011）を加工して作成",
BS-kP11-22-32-bs2616,bus_stop,国民宿舎さんべ荘前,35.1157806,132.6232401,WGS84,575,三瓶山,日本二百名山|日本三百名山|中国百名山,,,,TH-n1381317285(61m),operator=石見交通（株）; busType=民間路線バス; busRoutes=三瓶線,adopted,10,運行状況（季節運行・休止・予約制）を要確認,"国土数値情報（バス停留所データ）令和4年度（国土交通省）P11-22-32-bs2616（35.115781, 132.623240、JGD2011）を加工して作成",
BS-kP11-22-32-bs2665,bus_stop,木地谷,35.0924968,132.9137422,WGS84,579,鯛ノ巣山,中国百名山,,,,TH-n1324462093(531m),operator=奥出雲交通（株）; busType=民間路線バス; busRoutes=阿井・高野線,adopted,10,運行状況（季節運行・休止・予約制）を要確認,"国土数値情報（バス停留所データ）令和4年度（国土交通省）P11-22-32-bs2665（35.092497, 132.913742、JGD2011）を加工して作成",
BS-kP11-22-32-bs2744,bus_stop,瀬戸口,35.0675929,132.4584192,WGS84,592,大江高山,中国百名山,,,,TH-n1382522643(938m),operator=石見交通（株）; busType=民間路線バス; busRoutes=川本線 / 大森・大家線,adopted,10,運行状況（季節運行・休止・予約制）を要確認、登山口から離れている（徒歩アプローチを要確認）,"国土数値情報（バス停留所データ）令和4年度（国土交通省）P11-22-32-bs2744（35.067593, 132.458419、JGD2011）を加工して作成",
BS-kP11-22-32-bs2746,bus_stop,祖式,35.0656955,132.4517019,WGS84,592,大江高山,中国百名山,,,,TH-n1382522580(866m) TH-n1382522643(382m),operator=石見交通（株）; busType=民間路線バス; busRoutes=大森・大家線,adopted,10,運行状況（季節運行・休止・予約制）を要確認、登山口から離れている（徒歩アプローチを要確認）,"国土数値情報（バス停留所データ）令和4年度（国土交通省）P11-22-32-bs2746（35.065696, 132.451702、JGD2011）を加工して作成",
BS-kP11-22-32-bs2765,bus_stop,横谷口,35.059575,132.4507935,WGS84,592,大江高山,中国百名山,,,,TH-n1382522643(909m),operator=石見交通（株）; busType=民間路線バス; busRoutes=大森・大家線,adopted,10,運行状況（季節運行・休止・予約制）を要確認、登山口から離れている（徒歩アプローチを要確認）,"国土数値情報（バス停留所データ）令和4年度（国土交通省）P11-22-32-bs2765（35.059575, 132.450794、JGD2011）を加工して作成",
BS-kP11-22-32-bs2775,bus_stop,川上,35.055379,132.4072015,WGS84,592,大江高山,中国百名山,,,,TH-n11918686708(920m),operator=石見交通（株）; busType=民間路線バス; busRoutes=大森・大家線,adopted,10,運行状況（季節運行・休止・予約制）を要確認、登山口から離れている（徒歩アプローチを要確認）,"国土数値情報（バス停留所データ）令和4年度（国土交通省）P11-22-32-bs2775（35.055379, 132.407201、JGD2011）を加工して作成",
BS-kP11-22-32-bs2832,bus_stop,来島,35.0369616,132.7431921,WGS84,599,琴引山,中国百名山,,,,TH-n1325867828(938m),operator=飯南町; busType=コミュニティバス; busRoutes=飯南町生活路線バス　赤名・吉田線,adopted,10,運行状況（季節運行・休止・予約制）を要確認、登山口から離れている（徒歩アプローチを要確認）,"国土数値情報（バス停留所データ）令和4年度（国土交通省）P11-22-32-bs2832（35.036962, 132.743192、JGD2011）を加工して作成",
BS-kP11-22-32-bs2833,bus_stop,三日市,35.0368152,132.7427122,WGS84,599,琴引山,中国百名山,,,,TH-n1325867828(983m),operator=飯南町; busType=コミュニティバス; busRoutes=飯南町生活路線バス　谷・赤名・頓原線 / 飯南町生活路線バス　都加賀・奥畑線,adopted,10,運行状況（季節運行・休止・予約制）を要確認、登山口から離れている（徒歩アプローチを要確認）,"国土数値情報（バス停留所データ）令和4年度（国土交通省）P11-22-32-bs2833（35.036815, 132.742712、JGD2011）を加工して作成",
BS-kP11-22-32-bs2844,bus_stop,来島交流センター,35.0351465,132.7429975,WGS84,599,琴引山,中国百名山,,,,TH-n1325867828(988m),operator=飯南町; busType=コミュニティバス; busRoutes=飯南町生活路線バス　赤名・吉田線 / 飯南町生活路線バス　谷・赤名・頓原線 / 飯南町生活路線バス　都加賀・奥畑線,adopted,10,運行状況（季節運行・休止・予約制）を要確認、登山口から離れている（徒歩アプローチを要確認）,"国土数値情報（バス停留所データ）令和4年度（国土交通省）P11-22-32-bs2844（35.035147, 132.742997、JGD2011）を加工して作成",
BS-kP11-22-32-bs310,bus_stop,下組公民館前,35.491128,133.0940896,WGS84,452,嵩山,中国百名山,,,,TH-n5527703622(329m),operator=松江市; busType=公営路線バス; busRoutes=【市営2あじさい②】あじさい団地⇒養護学校⇒北田⇒松江駅⇒桧山⇒八重垣神社⇒平成町車庫 / 【市営2あじさい②】市立病院⇒墓地⇒八重垣神社⇒桧山⇒松江駅⇒北田⇒養護学校⇒あじさい団地 / 【市営2あじさい②】市立病院⇔八重垣神社⇔桧山⇔松江駅⇔北田⇔養護学校⇔あじさい団地,adopted,10,運行状況（季節運行・休止・予約制）を要確認,"国土数値情報（バス停留所データ）令和4年度（国土交通省）P11-22-32-bs310（35.491128, 133.094090、JGD2011）を加工して作成 ｜ OpenStreetMap（© OpenStreetMap contributors, ODbL 1.0）Geofabrik japan-latest.osm.pbf 2026-09-23T20:22:04Z node/10077557838",
BS-kP11-22-32-bs324,bus_stop,中組公民館前,35.4886184,133.0947147,WGS84,452,嵩山,中国百名山,,,,TH-n5527703622(114m),operator=松江市; busType=公営路線バス; busRoutes=【市営2あじさい②】あじさい団地⇒養護学校⇒北田⇒松江駅⇒桧山⇒八重垣神社⇒平成町車庫 / 【市営2あじさい②】市立病院⇒墓地⇒八重垣神社⇒桧山⇒松江駅⇒北田⇒養護学校⇒あじさい団地 / 【市営2あじさい②】市立病院⇔八重垣神社⇔桧山⇔松江駅⇔北田⇔養護学校⇔あじさい団地,adopted,10,運行状況（季節運行・休止・予約制）を要確認,"国土数値情報（バス停留所データ）令和4年度（国土交通省）P11-22-32-bs324（35.488618, 133.094715、JGD2011）を加工して作成 ｜ OpenStreetMap（© OpenStreetMap contributors, ODbL 1.0）Geofabrik japan-latest.osm.pbf 2026-09-23T20:22:04Z node/10077557823",
BS-kP11-22-32-bs3412,bus_stop,柚根口,34.8238774,132.2151136,WGS84,622,金木山,中国百名山,,,,TH-n1316851812(728m),operator=石見交通（株）; busType=民間路線バス; busRoutes=波佐線,adopted,10,運行状況（季節運行・休止・予約制）を要確認、登山口から離れている（徒歩アプローチを要確認）,"国土数値情報（バス停留所データ）令和4年度（国土交通省）P11-22-32-bs3412（34.823877, 132.215114、JGD2011）を加工して作成",
BS-kP11-22-32-bs3416,bus_stop,中徳田,34.8215208,132.2036473,WGS84,622,金木山,中国百名山,,,,TH-kP11-22-32-bs3421(463m) TH-n1316851812(367m),operator=石見交通（株）; busType=民間路線バス; busRoutes=波佐線,adopted,10,運行状況（季節運行・休止・予約制）を要確認,"国土数値情報（バス停留所データ）令和4年度（国土交通省）P11-22-32-bs3416（34.821521, 132.203647、JGD2011）を加工して作成",
BS-kP11-22-32-bs3420,bus_stop,上徳田,34.8208582,132.2104602,WGS84,622,金木山,中国百名山,,,,TH-n1316851812(384m),operator=石見交通（株）; busType=民間路線バス; busRoutes=波佐線,adopted,10,運行状況（季節運行・休止・予約制）を要確認,"国土数値情報（バス停留所データ）令和4年度（国土交通省）P11-22-32-bs3420（34.820858, 132.210460、JGD2011）を加工して作成",
BS-kP11-22-32-bs3421,bus_stop,下徳田,34.8182058,132.2005516,WGS84,622,金木山,中国百名山,,,,TH-kP11-22-32-bs3421(0m),operator=石見交通（株）; busType=民間路線バス; busRoutes=波佐線,adopted,10,運行状況（季節運行・休止・予約制）を要確認,"国土数値情報（バス停留所データ）令和4年度（国土交通省）P11-22-32-bs3421（34.818206, 132.200552、JGD2011）を加工して作成",
BS-kP11-22-32-bs3425,bus_stop,小国,34.8156283,132.1971642,WGS84,622,金木山,中国百名山,,,,TH-kP11-22-32-bs3421(421m),operator=石見交通（株）; busType=民間路線バス; busRoutes=波佐線,adopted,10,運行状況（季節運行・休止・予約制）を要確認,"国土数値情報（バス停留所データ）令和4年度（国土交通省）P11-22-32-bs3425（34.815628, 132.197164、JGD2011）を加工して作成",
BS-kP11-22-32-bs369,bus_stop,上組公民館前,35.4836936,133.0950186,WGS84,452,嵩山,中国百名山,,,,TH-n5527703622(547m) TH-n1416878383(983m),operator=松江市; busType=公営路線バス; busRoutes=【市営2あじさい②】あじさい団地⇒養護学校⇒北田⇒松江駅⇒桧山⇒八重垣神社⇒平成町車庫 / 【市営2あじさい②】市立病院⇒墓地⇒八重垣神社⇒桧山⇒松江駅⇒北田⇒養護学校⇒あじさい団地 / 【市営2あじさい②】市立病院⇔八重垣神社⇔桧山⇔松江駅⇔北田⇔養護学校⇔あじさい団地,adopted,10,運行状況（季節運行・休止・予約制）を要確認、登山口から離れている（徒歩アプローチを要確認）,"国土数値情報（バス停留所データ）令和4年度（国土交通省）P11-22-32-bs369（35.483694, 133.095019、JGD2011）を加工して作成 ｜ OpenStreetMap（© OpenStreetMap contributors, ODbL 1.0）Geofabrik japan-latest.osm.pbf 2026-09-23T20:22:04Z node/10077557822",
BS-kP11-22-32-bs431,bus_stop,一の原,35.4766674,133.1110428,WGS84,452,嵩山,中国百名山,,,,TH-n1416878383(810m),operator=松江市; busType=公営路線バス; busRoutes=【市営4八束②】八束町⇒上宇部尾⇒女子高⇒松江駅⇒乃木駅⇒商業高⇒市立病院 / 【市営4八束②】八束町⇒上宇部尾⇒女子高⇒松江駅⇒乃木駅⇒商業高⇒平成町車庫 / 【市営4八束②】八束町⇒江島⇒上宇部尾⇒松江駅⇒乃木駅⇒商業高⇒市立病院,adopted,10,運行状況（季節運行・休止・予約制）を要確認、登山口から離れている（徒歩アプローチを要確認）,"国土数値情報（バス停留所データ）令和4年度（国土交通省）P11-22-32-bs431（35.476667, 133.111043、JGD2011）を加工して作成 ｜ OpenStreetMap（© OpenStreetMap contributors, ODbL 1.0）Geofabrik japan-latest.osm.pbf 2026-09-23T20:22:04Z node/10084040896",
BS-kP11-22-32-bs830,bus_stop,徳雲寺橋,35.4346157,132.8008574,WGS84,480,鼻高山,中国百名山,,,,TH-n1387135676(931m) TH-n1387136869(508m),operator=出雲市; busType=コミュニティバス; busRoutes=平田生活バス　鰐淵線,adopted,10,運行状況（季節運行・休止・予約制）を要確認、登山口から離れている（徒歩アプローチを要確認）,"国土数値情報（バス停留所データ）令和4年度（国土交通省）P11-22-32-bs830（35.434616, 132.800857、JGD2011）を加工して作成",
BS-kP11-22-32-bs956,bus_stop,スイミングスクール前,35.4285386,132.8098044,WGS84,480,鼻高山,中国百名山,,,,TH-n1387135676(947m),operator=出雲市; busType=コミュニティバス; busRoutes=平田生活バス　鰐淵線,adopted,10,運行状況（季節運行・休止・予約制）を要確認、登山口から離れている（徒歩アプローチを要確認）,"国土数値情報（バス停留所データ）令和4年度（国土交通省）P11-22-32-bs956（35.428539, 132.809804、JGD2011）を加工して作成 ｜ OpenStreetMap（© OpenStreetMap contributors, ODbL 1.0）Geofabrik japan-latest.osm.pbf 2026-09-23T20:22:04Z node/10179091657",
BS-kP11-22-32-bs971,bus_stop,鰐淵寺駐車場,35.4280231,132.7490217,WGS84,480,鼻高山,中国百名山,,,,TH-n1387135009(526m) TH-n1387133695(787m),operator=出雲市; busType=コミュニティバス; busRoutes=平田生活バス　鰐淵線,adopted,10,運行状況（季節運行・休止・予約制）を要確認、登山口から離れている（徒歩アプローチを要確認）,"国土数値情報（バス停留所データ）令和4年度（国土交通省）P11-22-32-bs971（35.428023, 132.749022、JGD2011）を加工して作成",
BS-kP11-22-32-bs998,bus_stop,唐川坂中,35.4258681,132.7384711,WGS84,480,鼻高山,中国百名山,,,,TH-n1387133695(970m) TH-n1387132527(888m) TH-n1387132664(833m),operator=出雲市; busType=コミュニティバス; busRoutes=平田生活バス　鰐淵線,adopted,10,運行状況（季節運行・休止・予約制）を要確認、登山口から離れている（徒歩アプローチを要確認）,"国土数値情報（バス停留所データ）令和4年度（国土交通省）P11-22-32-bs998（35.425868, 132.738471、JGD2011）を加工して作成",
BS-kP11-22-33-bs1521,bus_stop,大山,34.9407858,133.3832073,WGS84,614,荒戸山,中国百名山,,,,TH-n1494911054(867m) TH-n1494914899(957m),operator=新見市; busType=コミュニティバス; busRoutes=市営バス　ふれあいバス　大谷線,adopted,10,運行状況（季節運行・休止・予約制）を要確認、登山口から離れている（徒歩アプローチを要確認）,"国土数値情報（バス停留所データ）令和4年度（国土交通省）P11-22-33-bs1521（34.940786, 133.383207、JGD2011）を加工して作成",
BS-kP11-22-33-bs1629,bus_stop,キャンプ場前,34.9258416,133.3801091,WGS84,614,荒戸山,中国百名山,,,,TH-n1494911161(984m) TH-n1494882212(613m) TH-n1494911054(841m),operator=新見市; busType=コミュニティバス; busRoutes=市営バス　新砥線,adopted,10,運行状況（季節運行・休止・予約制）を要確認、登山口から離れている（徒歩アプローチを要確認）,"国土数値情報（バス停留所データ）令和4年度（国土交通省）P11-22-33-bs1629（34.925842, 133.380109、JGD2011）を加工して作成",
BS-kP11-22-33-bs2013,bus_stop,坂本,34.8686747,133.4520004,WGS84,620,天神山,中国百名山,,,,TH-n2069520824(584m),operator=備北バス（株）; busType=民間路線バス; busRoutes=坂本～矢戸～新見駅 / 坂本～成羽～高梁駅 / 坂本～田原～川合,adopted,10,運行状況（季節運行・休止・予約制）を要確認,"国土数値情報（バス停留所データ）令和4年度（国土交通省）P11-22-33-bs2013（34.868675, 133.452000、JGD2011）を加工して作成",
BS-kP11-22-33-bs2060,bus_stop,天神山登山口,34.8618254,133.4508629,WGS84,620,天神山,中国百名山,,,,TH-n2069520824(189m),operator=備北バス（株）; busType=民間路線バス; busRoutes=坂本～成羽～高梁駅 / 坂本～田原～川合,adopted,10,運行状況（季節運行・休止・予約制）を要確認,"国土数値情報（バス停留所データ）令和4年度（国土交通省）P11-22-33-bs2060（34.861825, 133.450863、JGD2011）を加工して作成",
BS-kP11-22-33-bs2061,bus_stop,天神山登山口,34.8618254,133.4508629,WGS84,620,天神山,中国百名山,,,,TH-n2069520824(189m),operator=高梁市; busType=コミュニティバス; busRoutes=生活福祉バス（成羽地域）吹屋線,adopted,10,運行状況（季節運行・休止・予約制）を要確認,"国土数値情報（バス停留所データ）令和4年度（国土交通省）P11-22-33-bs2061（34.861825, 133.450863、JGD2011）を加工して作成",
BS-kP11-22-33-bs3,bus_stop,上斎原発電所前,35.2851576,133.9325786,WGS84,521,三ヶ上,中国百名山,,,,TH-n1488115739(996m),operator=中鉄北部バス（株）; busType=民間路線バス; busRoutes=奥津温泉・石越線,adopted,10,運行状況（季節運行・休止・予約制）を要確認、登山口から離れている（徒歩アプローチを要確認）,"国土数値情報（バス停留所データ）令和4年度（国土交通省）P11-22-33-bs3（35.285158, 133.932579、JGD2011）を加工して作成",
BS-kP11-22-33-bs3120,bus_stop,大内,34.7328963,134.1344652,WGS84,630,熊山,中国百名山,,,,TH-n1986899987(848m) TH-n1986899987(848m),operator=宇野自動車（株）; busType=民間路線バス; busRoutes=250号線,adopted,10,運行状況（季節運行・休止・予約制）を要確認、登山口から離れている（徒歩アプローチを要確認）,"国土数値情報（バス停留所データ）令和4年度（国土交通省）P11-22-33-bs3120（34.732896, 134.134465、JGD2011）を加工して作成 ｜ OpenStreetMap（© OpenStreetMap contributors, ODbL 1.0）Geofabrik japan-latest.osm.pbf 2026-09-23T20:22:04Z node/9933928532",
BS-kP11-22-33-bs3145,bus_stop,香登東,34.7299127,134.1246162,WGS84,630,熊山,中国百名山,,,,TH-n1986899987(873m),operator=宇野自動車（株）; busType=民間路線バス; busRoutes=250号線,adopted,10,運行状況（季節運行・休止・予約制）を要確認、登山口から離れている（徒歩アプローチを要確認）,"国土数値情報（バス停留所データ）令和4年度（国土交通省）P11-22-33-bs3145（34.729913, 134.124616、JGD2011）を加工して作成 ｜ OpenStreetMap（© OpenStreetMap contributors, ODbL 1.0）Geofabrik japan-latest.osm.pbf 2026-09-23T20:22:04Z node/9933928534",
BS-kP11-22-34-bs1302,bus_stop,二川橋,34.7180541,132.190313,WGS84,636,臥龍山,中国百名山,,,,TH-n1169115314(962m),operator=（有）総合企画コーポレーション; busType=民間路線バス; busRoutes=八幡線,adopted,10,運行状況（季節運行・休止・予約制）を要確認、登山口から離れている（徒歩アプローチを要確認）,"国土数値情報（バス停留所データ）令和4年度（国土交通省）P11-22-34-bs1302（34.718054, 132.190313、JGD2011）を加工して作成",
BS-kP11-22-34-bs1773,bus_stop,庄原宮,34.6632412,132.4098521,WGS84,638,龍頭山,中国百名山,,,,TH-kP11-22-34-bs1773(0m) TH-n1280863064(759m),operator=（有）豊平交通; busType=民間路線バス; busRoutes=下石線 / 吉木長笹線 / 今吉田線,adopted,10,運行状況（季節運行・休止・予約制）を要確認、登山口から離れている（徒歩アプローチを要確認）,"国土数値情報（バス停留所データ）令和4年度（国土交通省）P11-22-34-bs1773（34.663241, 132.409852、JGD2011）を加工して作成",
BS-kP11-22-34-bs1785,bus_stop,庄原口,34.6611239,132.4079287,WGS84,638,龍頭山,中国百名山,,,,TH-kP11-22-34-bs1773(293m) TH-kP11-22-34-bs1773(293m) TH-n1280863064(998m),operator=（有）豊平交通; busType=民間路線バス; busRoutes=豊平千代田線 / 吉木長笹線 / 今吉田線,adopted,10,運行状況（季節運行・休止・予約制）を要確認、登山口から離れている（徒歩アプローチを要確認）,"国土数値情報（バス停留所データ）令和4年度（国土交通省）P11-22-34-bs1785（34.661124, 132.407929、JGD2011）を加工して作成 ｜ OpenStreetMap（© OpenStreetMap contributors, ODbL 1.0）Geofabrik japan-latest.osm.pbf 2026-09-23T20:22:04Z node/9416854295",
BS-kP11-22-34-bs1786,bus_stop,庄原口,34.6611239,132.4079287,WGS84,638,龍頭山,中国百名山,,,,TH-n1280863064(998m),operator=広島電鉄（株）; busType=民間路線バス; busRoutes=豊平・琴谷線/今吉田線,adopted,10,運行状況（季節運行・休止・予約制）を要確認、登山口から離れている（徒歩アプローチを要確認）,"国土数値情報（バス停留所データ）令和4年度（国土交通省）P11-22-34-bs1786（34.661124, 132.407929、JGD2011）を加工して作成",
BS-kP11-22-34-bs1805,bus_stop,掛札,34.6541866,132.4225899,WGS84,638,龍頭山,中国百名山,,,,TH-n1280864103(579m) TH-n1280864103(579m),operator=（有）豊平交通; busType=民間路線バス; busRoutes=豊平千代田線 / 下石線 / 吉木長笹線,adopted,10,運行状況（季節運行・休止・予約制）を要確認,"国土数値情報（バス停留所データ）令和4年度（国土交通省）P11-22-34-bs1805（34.654187, 132.422590、JGD2011）を加工して作成 ｜ OpenStreetMap（© OpenStreetMap contributors, ODbL 1.0）Geofabrik japan-latest.osm.pbf 2026-09-23T20:22:04Z node/9416854309",
BS-kP11-22-34-bs1806,bus_stop,掛札,34.6541866,132.4225899,WGS84,638,龍頭山,中国百名山,,,,TH-n1280864103(579m),operator=広島電鉄（株）; busType=民間路線バス; busRoutes=豊平・琴谷線/今吉田線,adopted,10,運行状況（季節運行・休止・予約制）を要確認,"国土数値情報（バス停留所データ）令和4年度（国土交通省）P11-22-34-bs1806（34.654187, 132.422590、JGD2011）を加工して作成",
BS-kP11-22-34-bs1815,bus_stop,豊平学園下,34.653081,132.4242472,WGS84,638,龍頭山,中国百名山,,,,TH-n1280864642(253m),operator=（有）豊平交通; busType=民間路線バス; busRoutes=豊平千代田線 / 下石線 / 吉木長笹線,adopted,10,運行状況（季節運行・休止・予約制）を要確認,"国土数値情報（バス停留所データ）令和4年度（国土交通省）P11-22-34-bs1815（34.653081, 132.424247、JGD2011）を加工して作成 ｜ OpenStreetMap（© OpenStreetMap contributors, ODbL 1.0）Geofabrik japan-latest.osm.pbf 2026-09-23T20:22:04Z node/9416854238",
BS-kP11-22-34-bs1816,bus_stop,豊平学園下,34.653081,132.4242472,WGS84,638,龍頭山,中国百名山,,,,TH-n1280864642(253m),operator=広島電鉄（株）; busType=民間路線バス; busRoutes=豊平・琴谷線/今吉田線,adopted,10,運行状況（季節運行・休止・予約制）を要確認,"国土数値情報（バス停留所データ）令和4年度（国土交通省）P11-22-34-bs1816（34.653081, 132.424247、JGD2011）を加工して作成",
BS-kP11-22-34-bs1817,bus_stop,豊平学園下,34.653081,132.4242472,WGS84,638,龍頭山,中国百名山,,,,TH-n1280864642(253m),operator=（有）総合企画コーポレーション; busType=民間路線バス; busRoutes=芸北あき亀山線・溝口線,adopted,10,運行状況（季節運行・休止・予約制）を要確認,"国土数値情報（バス停留所データ）令和4年度（国土交通省）P11-22-34-bs1817（34.653081, 132.424247、JGD2011）を加工して作成",
BS-kP11-22-34-bs2491,bus_stop,土居迫入口,34.5763016,132.703044,WGS84,647,鎌倉寺山,中国百名山,,,,TH-n1314773087(998m),operator=安芸高田市; busType=コミュニティバス; busRoutes=上有留線（上有留～正力橋～吉田出張所）,adopted,10,運行状況（季節運行・休止・予約制）を要確認、登山口から離れている（徒歩アプローチを要確認）,"国土数値情報（バス停留所データ）令和4年度（国土交通省）P11-22-34-bs2491（34.576302, 132.703044、JGD2011）を加工して作成",
BS-kP11-22-34-bs2536,bus_stop,有保中組,34.5738077,132.6993673,WGS84,647,鎌倉寺山,中国百名山,,,,TH-kP11-22-34-bs2608(933m) TH-n1314773087(862m),operator=安芸高田市; busType=コミュニティバス; busRoutes=上有留線（上有留～正力橋～吉田出張所）,adopted,10,運行状況（季節運行・休止・予約制）を要確認、登山口から離れている（徒歩アプローチを要確認）,"国土数値情報（バス停留所データ）令和4年度（国土交通省）P11-22-34-bs2536（34.573808, 132.699367、JGD2011）を加工して作成",
BS-kP11-22-34-bs2573,bus_stop,有保車庫,34.5714972,132.6970338,WGS84,647,鎌倉寺山,中国百名山,,,,TH-kP11-22-34-bs2608(614m) TH-n1314773087(836m),operator=安芸高田市; busType=コミュニティバス; busRoutes=上有留線（上有留～正力橋～吉田出張所）,adopted,10,運行状況（季節運行・休止・予約制）を要確認、登山口から離れている（徒歩アプローチを要確認）,"国土数値情報（バス停留所データ）令和4年度（国土交通省）P11-22-34-bs2573（34.571497, 132.697034、JGD2011）を加工して作成",
BS-kP11-22-34-bs2608,bus_stop,上有留,34.5687467,132.6912159,WGS84,647,鎌倉寺山,中国百名山,,,,TH-kP11-22-34-bs2608(0m),operator=安芸高田市; busType=コミュニティバス; busRoutes=上有留線（上有留～正力橋～吉田出張所）,adopted,10,運行状況（季節運行・休止・予約制）を要確認,"国土数値情報（バス停留所データ）令和4年度（国土交通省）P11-22-34-bs2608（34.568747, 132.691216、JGD2011）を加工して作成",
BS-kP11-22-34-bs2875,bus_stop,白木分れ草田,34.5498951,132.5673876,WGS84,657,白木山,中国百名山,,,,TH-n1268376494(940m),operator=広島交通（株）; busType=民間路線バス; busRoutes=桧山線,adopted,10,運行状況（季節運行・休止・予約制）を要確認、登山口から離れている（徒歩アプローチを要確認）,"国土数値情報（バス停留所データ）令和4年度（国土交通省）P11-22-34-bs2875（34.549895, 132.567388、JGD2011）を加工して作成 ｜ OpenStreetMap（© OpenStreetMap contributors, ODbL 1.0）Geofabrik japan-latest.osm.pbf 2026-09-23T20:22:04Z node/9415463199",
BS-kP11-22-34-bs2936,bus_stop,白木分れ,34.5452198,132.5781021,WGS84,657,白木山,中国百名山,,,,TH-n1268376494(492m) TH-n1268376494(492m),operator=広島交通（株）; busType=民間路線バス; busRoutes=桧山線,adopted,10,運行状況（季節運行・休止・予約制）を要確認,"国土数値情報（バス停留所データ）令和4年度（国土交通省）P11-22-34-bs2936（34.545220, 132.578102、JGD2011）を加工して作成 ｜ OpenStreetMap（© OpenStreetMap contributors, ODbL 1.0）Geofabrik japan-latest.osm.pbf 2026-09-23T20:22:04Z node/9415463207",
BS-kP11-22-34-bs3139,bus_stop,柳原,34.5285354,132.6329074,WGS84,657,白木山,中国百名山,,,,TH-n1268379365(593m),operator=広交観光（株）; busType=民間路線バス; busRoutes=井原線,adopted,10,運行状況（季節運行・休止・予約制）を要確認,"国土数値情報（バス停留所データ）令和4年度（国土交通省）P11-22-34-bs3139（34.528535, 132.632907、JGD2011）を加工して作成 ｜ OpenStreetMap（© OpenStreetMap contributors, ODbL 1.0）Geofabrik japan-latest.osm.pbf 2026-09-23T20:22:04Z node/9415462901",
BS-kP11-22-34-bs3149,bus_stop,中司,34.5267052,132.6288031,WGS84,657,白木山,中国百名山,,,,TH-n9415462906(798m) TH-n1268379365(291m) TH-n1268379365(291m),operator=広交観光（株）; busType=民間路線バス; busRoutes=井原線,adopted,10,運行状況（季節運行・休止・予約制）を要確認、登山口から離れている（徒歩アプローチを要確認）,"国土数値情報（バス停留所データ）令和4年度（国土交通省）P11-22-34-bs3149（34.526705, 132.628803、JGD2011）を加工して作成 ｜ OpenStreetMap（© OpenStreetMap contributors, ODbL 1.0）Geofabrik japan-latest.osm.pbf 2026-09-23T20:22:04Z node/9415462904",
BS-kP11-22-34-bs3191,bus_stop,海戸,34.5225206,132.6217195,WGS84,657,白木山,中国百名山,,,,TH-n9415462906(2m) TH-n9415462906(2m) TH-n1268377139(335m) TH-n1268377139(335m),operator=広交観光（株）; busType=民間路線バス; busRoutes=井原線,adopted,10,運行状況（季節運行・休止・予約制）を要確認,"国土数値情報（バス停留所データ）令和4年度（国土交通省）P11-22-34-bs3191（34.522521, 132.621720、JGD2011）を加工して作成 ｜ OpenStreetMap（© OpenStreetMap contributors, ODbL 1.0）Geofabrik japan-latest.osm.pbf 2026-09-23T20:22:04Z node/9415462906",
BS-kP11-22-34-bs3235,bus_stop,下海戸,34.5180653,132.6142188,WGS84,657,白木山,中国百名山,,,,TH-n1268377139(512m),operator=広交観光（株）; busType=民間路線バス; busRoutes=井原線,adopted,10,運行状況（季節運行・休止・予約制）を要確認,"国土数値情報（バス停留所データ）令和4年度（国土交通省）P11-22-34-bs3235（34.518065, 132.614219、JGD2011）を加工して作成 ｜ OpenStreetMap（© OpenStreetMap contributors, ODbL 1.0）Geofabrik japan-latest.osm.pbf 2026-09-23T20:22:04Z node/9415462907",
BS-kP11-22-34-bs3372,bus_stop,下栗原,34.5093666,132.6014975,WGS84,657,白木山,中国百名山,,,,TH-n9415462873(349m),operator=広交観光（株）; busType=民間路線バス; busRoutes=井原線,adopted,10,運行状況（季節運行・休止・予約制）を要確認,"国土数値情報（バス停留所データ）令和4年度（国土交通省）P11-22-34-bs3372（34.509367, 132.601498、JGD2011）を加工して作成 ｜ OpenStreetMap（© OpenStreetMap contributors, ODbL 1.0）Geofabrik japan-latest.osm.pbf 2026-09-23T20:22:04Z node/9415462911",
BS-kP11-22-34-bs3409,bus_stop,上大椿,34.506596,132.5989524,WGS84,657,白木山,中国百名山,,,,TH-n9415462873(37m) TH-n9415462873(37m) TH-n1269997142(686m),operator=広交観光（株）; busType=民間路線バス; busRoutes=井原線,adopted,10,運行状況（季節運行・休止・予約制）を要確認、登山口から離れている（徒歩アプローチを要確認）,"国土数値情報（バス停留所データ）令和4年度（国土交通省）P11-22-34-bs3409（34.506596, 132.598952、JGD2011）を加工して作成 ｜ OpenStreetMap（© OpenStreetMap contributors, ODbL 1.0）Geofabrik japan-latest.osm.pbf 2026-09-23T20:22:04Z node/9415462873",
BS-kP11-22-34-bs3464,bus_stop,下大椿橋,34.503671,132.5948855,WGS84,657,白木山,中国百名山,,,,TH-n1269997142(652m) TH-n1269997142(652m),operator=広交観光（株）; busType=民間路線バス; busRoutes=井原線,adopted,10,運行状況（季節運行・休止・予約制）を要確認、登山口から離れている（徒歩アプローチを要確認）,"国土数値情報（バス停留所データ）令和4年度（国土交通省）P11-22-34-bs3464（34.503671, 132.594885、JGD2011）を加工して作成 ｜ OpenStreetMap（© OpenStreetMap contributors, ODbL 1.0）Geofabrik japan-latest.osm.pbf 2026-09-23T20:22:04Z node/9415462914",
BS-kP11-22-34-bs3511,bus_stop,小椿,34.5013281,132.5919979,WGS84,657,白木山,中国百名山,,,,TH-n1269996145(641m),operator=広交観光（株）; busType=民間路線バス; busRoutes=井原線,adopted,10,運行状況（季節運行・休止・予約制）を要確認、登山口から離れている（徒歩アプローチを要確認）,"国土数値情報（バス停留所データ）令和4年度（国土交通省）P11-22-34-bs3511（34.501328, 132.591998、JGD2011）を加工して作成 ｜ OpenStreetMap（© OpenStreetMap contributors, ODbL 1.0）Geofabrik japan-latest.osm.pbf 2026-09-23T20:22:04Z node/9415462916",
BS-kP11-22-34-bs3581,bus_stop,白木山口,34.497106,132.5879422,WGS84,657,白木山,中国百名山,,,,TH-n1269996145(408m) TH-n1269996145(408m),operator=広交観光（株）; busType=民間路線バス; busRoutes=井原線,adopted,10,運行状況（季節運行・休止・予約制）を要確認,"国土数値情報（バス停留所データ）令和4年度（国土交通省）P11-22-34-bs3581（34.497106, 132.587942、JGD2011）を加工して作成 ｜ OpenStreetMap（© OpenStreetMap contributors, ODbL 1.0）Geofabrik japan-latest.osm.pbf 2026-09-23T20:22:04Z node/9415462918",
BS-kP11-22-34-bs4362,bus_stop,潮原温泉,34.4673866,132.1150173,WGS84,660,冠山,中国百名山,,,,TH-n1313741460(624m) TH-n1313741460(624m),operator=廿日市市; busType=コミュニティバス; busRoutes=吉和さくらバス,adopted,10,運行状況（季節運行・休止・予約制）を要確認、登山口から離れている（徒歩アプローチを要確認）,"国土数値情報（バス停留所データ）令和4年度（国土交通省）P11-22-34-bs4362（34.467387, 132.115017、JGD2011）を加工して作成 ｜ OpenStreetMap（© OpenStreetMap contributors, ODbL 1.0）Geofabrik japan-latest.osm.pbf 2026-09-23T20:22:04Z node/9411549765",
BS-kP11-22-34-bs4444,bus_stop,魅惑の里入口,34.4644794,132.1115637,WGS84,660,冠山,中国百名山,,,,TH-n1313741460(711m),operator=廿日市市; busType=コミュニティバス; busRoutes=吉和さくらバス,adopted,10,運行状況（季節運行・休止・予約制）を要確認、登山口から離れている（徒歩アプローチを要確認）,"国土数値情報（バス停留所データ）令和4年度（国土交通省）P11-22-34-bs4444（34.464479, 132.111564、JGD2011）を加工して作成 ｜ OpenStreetMap（© OpenStreetMap contributors, ODbL 1.0）Geofabrik japan-latest.osm.pbf 2026-09-23T20:22:04Z node/2468973133",
BS-kP11-22-34-bs5115,bus_stop,白川上,34.4318628,132.3072217,WGS84,671,窓ヶ山,中国百名山,,,,TH-n1289826034(528m) TH-n1289826034(528m),operator=広島電鉄（株）; busType=民間路線バス; busRoutes=五日市駅南口発着,adopted,10,運行状況（季節運行・休止・予約制）を要確認,"国土数値情報（バス停留所データ）令和4年度（国土交通省）P11-22-34-bs5115（34.431863, 132.307222、JGD2011）を加工して作成 ｜ OpenStreetMap（© OpenStreetMap contributors, ODbL 1.0）Geofabrik japan-latest.osm.pbf 2026-09-23T20:22:04Z node/9416854143",
BS-kP11-22-34-bs5116,bus_stop,上白川,34.4318628,132.3072217,WGS84,671,窓ヶ山,中国百名山,,,,TH-n1289826034(528m),operator=広島市; busType=コミュニティバス; busRoutes=鹿の道線,adopted,10,運行状況（季節運行・休止・予約制）を要確認,"国土数値情報（バス停留所データ）令和4年度（国土交通省）P11-22-34-bs5116（34.431863, 132.307222、JGD2011）を加工して作成",
BS-kP11-22-34-bs5241,bus_stop,魚切上,34.4262474,132.3440101,WGS84,671,窓ヶ山,中国百名山,,,,TH-n1291310827(456m) TH-n1291310827(456m),operator=広島電鉄（株）; busType=民間路線バス; busRoutes=五日市駅南口発着,adopted,10,運行状況（季節運行・休止・予約制）を要確認,"国土数値情報（バス停留所データ）令和4年度（国土交通省）P11-22-34-bs5241（34.426247, 132.344010、JGD2011）を加工して作成 ｜ OpenStreetMap（© OpenStreetMap contributors, ODbL 1.0）Geofabrik japan-latest.osm.pbf 2026-09-23T20:22:04Z node/9416854079",
BS-kP11-22-34-bs5245,bus_stop,魚切,34.4260436,132.3478726,WGS84,671,窓ヶ山,中国百名山,,,,TH-n1291310827(554m),operator=広島電鉄（株）; busType=民間路線バス; busRoutes=五日市駅南口発着,adopted,10,運行状況（季節運行・休止・予約制）を要確認,"国土数値情報（バス停留所データ）令和4年度（国土交通省）P11-22-34-bs5245（34.426044, 132.347873、JGD2011）を加工して作成 ｜ OpenStreetMap（© OpenStreetMap contributors, ODbL 1.0）Geofabrik japan-latest.osm.pbf 2026-09-23T20:22:04Z node/9416854082",
BS-kP11-22-34-bs5265,bus_stop,藤の木団地,34.4251458,132.3635537,WGS84,671,窓ヶ山,中国百名山,,,,TH-n1291310558(860m) TH-n1291310558(860m),operator=広島電鉄（株）; busType=民間路線バス; busRoutes=五月が丘団地・免許センター・ジ　アウトレット広島・そらの線 / 五日市駅北口発着 / 西広島バイパス線,adopted,10,運行状況（季節運行・休止・予約制）を要確認、登山口から離れている（徒歩アプローチを要確認）,"国土数値情報（バス停留所データ）令和4年度（国土交通省）P11-22-34-bs5265（34.425146, 132.363554、JGD2011）を加工して作成 ｜ OpenStreetMap（© OpenStreetMap contributors, ODbL 1.0）Geofabrik japan-latest.osm.pbf 2026-09-23T20:22:04Z node/9416854217",
BS-kP11-22-34-bs5434,bus_stop,飯山集会所,34.418336,132.0878724,WGS84,679,鬼ヶ城山,中国百名山,,,,TH-n1313776393(348m) TH-n1313778923(560m) TH-n1313778923(560m),operator=廿日市市; busType=コミュニティバス; busRoutes=吉和さくらバス,adopted,10,運行状況（季節運行・休止・予約制）を要確認,"国土数値情報（バス停留所データ）令和4年度（国土交通省）P11-22-34-bs5434（34.418336, 132.087872、JGD2011）を加工して作成 ｜ OpenStreetMap（© OpenStreetMap contributors, ODbL 1.0）Geofabrik japan-latest.osm.pbf 2026-09-23T20:22:04Z node/9411549741",
BS-kP11-22-34-bs5490,bus_stop,下飯山,34.4160588,132.0888051,WGS84,679,鬼ヶ城山,中国百名山,,,,TH-n1313776393(154m) TH-n1313776393(154m) TH-n1313778923(582m),operator=廿日市市; busType=コミュニティバス; busRoutes=吉和さくらバス,adopted,10,運行状況（季節運行・休止・予約制）を要確認,"国土数値情報（バス停留所データ）令和4年度（国土交通省）P11-22-34-bs5490（34.416059, 132.088805、JGD2011）を加工して作成 ｜ OpenStreetMap（© OpenStreetMap contributors, ODbL 1.0）Geofabrik japan-latest.osm.pbf 2026-09-23T20:22:04Z node/2390765277",
BS-kP11-22-34-bs5890,bus_stop,奥畑,34.4018923,132.5505623,WGS84,674,呉娑々宇山,中国百名山,,,,TH-n1276625283(859m) TH-n1276625283(859m) TH-n1276626721(937m),operator=芸陽バス（株）; busType=民間路線バス; busRoutes=畑賀線 / 畑賀線（旧道経由）,adopted,10,運行状況（季節運行・休止・予約制）を要確認、登山口から離れている（徒歩アプローチを要確認）,"国土数値情報（バス停留所データ）令和4年度（国土交通省）P11-22-34-bs5890（34.401892, 132.550562、JGD2011）を加工して作成 ｜ OpenStreetMap（© OpenStreetMap contributors, ODbL 1.0）Geofabrik japan-latest.osm.pbf 2026-09-23T20:22:04Z node/9412844159",
BS-kP11-22-34-bs5998,bus_stop,随木屋橋,34.3988096,132.5484936,WGS84,674,呉娑々宇山,中国百名山,,,,TH-n1276625283(947m) TH-n1276626721(819m) TH-n1276626721(819m),operator=芸陽バス（株）; busType=民間路線バス; busRoutes=畑賀線 / 畑賀線（旧道経由）,adopted,10,運行状況（季節運行・休止・予約制）を要確認、登山口から離れている（徒歩アプローチを要確認）,"国土数値情報（バス停留所データ）令和4年度（国土交通省）P11-22-34-bs5998（34.398810, 132.548494、JGD2011）を加工して作成 ｜ OpenStreetMap（© OpenStreetMap contributors, ODbL 1.0）Geofabrik japan-latest.osm.pbf 2026-09-23T20:22:04Z node/9412844161",
BS-kP11-22-34-bs6392,bus_stop,府中ニュータウン上,34.3900972,132.5228484,WGS84,674,呉娑々宇山,中国百名山,,,,TH-n272201802(477m),operator=広島電鉄（株）; busType=民間路線バス; busRoutes=2号線,adopted,10,運行状況（季節運行・休止・予約制）を要確認,"国土数値情報（バス停留所データ）令和4年度（国土交通省）P11-22-34-bs6392（34.390097, 132.522848、JGD2011）を加工して作成 ｜ OpenStreetMap（© OpenStreetMap contributors, ODbL 1.0）Geofabrik japan-latest.osm.pbf 2026-09-23T20:22:04Z node/9418004680",
BS-kP11-22-34-bs6420,bus_stop,府中ニュータウン,34.3891345,132.5232476,WGS84,674,呉娑々宇山,中国百名山,,,,TH-n272201802(477m) TH-n272201802(477m),operator=広島電鉄（株）; busType=民間路線バス; busRoutes=2号線,adopted,10,運行状況（季節運行・休止・予約制）を要確認,"国土数値情報（バス停留所データ）令和4年度（国土交通省）P11-22-34-bs6420（34.389134, 132.523248、JGD2011）を加工して作成 ｜ OpenStreetMap（© OpenStreetMap contributors, ODbL 1.0）Geofabrik japan-latest.osm.pbf 2026-09-23T20:22:04Z node/9418004677",
BS-kP11-22-34-bs8306,bus_stop,奥小路,34.2501763,132.4745267,WGS84,699,古鷹山,中国百名山,,,,TH-n3938915294(113m),operator=江田島バス（株）; busType=民間路線バス; busRoutes=小用～大原～大原口～津久茂 / 津久茂・大原口・世上口・ゆめタウン,adopted,10,運行状況（季節運行・休止・予約制）を要確認,"国土数値情報（バス停留所データ）令和4年度（国土交通省）P11-22-34-bs8306（34.250176, 132.474527、JGD2011）を加工して作成 ｜ OpenStreetMap（© OpenStreetMap contributors, ODbL 1.0）Geofabrik japan-latest.osm.pbf 2026-09-23T20:22:04Z node/7206234029",
BS-kP11-22-34-bs8327,bus_stop,中郷公園,34.2490709,132.4766701,WGS84,699,古鷹山,中国百名山,,,,TH-n3938915294(239m) TH-n3938915294(239m),operator=江田島バス（株）; busType=民間路線バス; busRoutes=小用～大原～大原口～津久茂 / 津久茂・大原口・世上口・ゆめタウン,adopted,10,運行状況（季節運行・休止・予約制）を要確認,"国土数値情報（バス停留所データ）令和4年度（国土交通省）P11-22-34-bs8327（34.249071, 132.476670、JGD2011）を加工して作成 ｜ OpenStreetMap（© OpenStreetMap contributors, ODbL 1.0）Geofabrik japan-latest.osm.pbf 2026-09-23T20:22:04Z node/7206234030",
BS-kP11-22-34-bs8356,bus_stop,第一術科学校前,34.2466054,132.4773909,WGS84,699,古鷹山,中国百名山,,,,TH-n3966038281(19m) TH-n3966038281(19m),operator=江田島バス（株）; busType=民間路線バス; busRoutes=小用～術科学校 / 小用・市役所・深江 / 深江・市役所・小用,adopted,10,運行状況（季節運行・休止・予約制）を要確認,"国土数値情報（バス停留所データ）令和4年度（国土交通省）P11-22-34-bs8356（34.246605, 132.477391、JGD2011）を加工して作成 ｜ OpenStreetMap（© OpenStreetMap contributors, ODbL 1.0）Geofabrik japan-latest.osm.pbf 2026-09-23T20:22:04Z node/7207420771",
BS-kP11-22-34-bs8381,bus_stop,向側,34.2444024,132.4775287,WGS84,699,古鷹山,中国百名山,,,,TH-n3966038281(236m),operator=江田島バス（株）; busType=民間路線バス; busRoutes=小用・市役所・深江 / 深江・市役所・小用 / 小用・市役所・深江須野本,adopted,10,運行状況（季節運行・休止・予約制）を要確認,"国土数値情報（バス停留所データ）令和4年度（国土交通省）P11-22-34-bs8381（34.244402, 132.477529、JGD2011）を加工して作成 ｜ OpenStreetMap（© OpenStreetMap contributors, ODbL 1.0）Geofabrik japan-latest.osm.pbf 2026-09-23T20:22:04Z node/3461842596",
BS-kP11-22-34-bs9,bus_stop,越原,35.0492884,133.0409209,WGS84,588 610,吾妻山、比婆山,日本三百名山|中国百名山,,,,TH-n1308359781(931m),operator=庄原市; busType=コミュニティバス; busRoutes=森脇線（地域生活バス）,adopted,10,運行状況（季節運行・休止・予約制）を要確認、登山口から離れている（徒歩アプローチを要確認）,"国土数値情報（バス停留所データ）令和4年度（国土交通省）P11-22-34-bs9（35.049288, 133.040921、JGD2011）を加工して作成",
BS-kP11-22-35-bs106,bus_stop,的場,34.4338928,132.0633892,WGS84,660 664 679,冠山、寂地山、鬼ヶ城山,中国百名山,,,,TH-kP11-22-35-bs98(453m) TH-n1329170931(699m) TH-n1329174594(891m),operator=岩国市; busType=コミュニティバス; busRoutes=岩国生活交通バス：高根線 / 寂地線,adopted,10,運行状況（季節運行・休止・予約制）を要確認、登山口から離れている（徒歩アプローチを要確認）,"国土数値情報（バス停留所データ）令和4年度（国土交通省）P11-22-35-bs106（34.433893, 132.063389、JGD2011）を加工して作成",
BS-kP11-22-35-bs115,bus_stop,三和,34.4302608,132.0614284,WGS84,679,鬼ヶ城山,中国百名山,,,,TH-n1329173015(291m),operator=岩国市; busType=コミュニティバス; busRoutes=岩国生活交通バス：高根線 / 寂地線,adopted,10,運行状況（季節運行・休止・予約制）を要確認,"国土数値情報（バス停留所データ）令和4年度（国土交通省）P11-22-35-bs115（34.430261, 132.061428、JGD2011）を加工して作成",
BS-kP11-22-35-bs129,bus_stop,寂地峡入口,34.4254896,132.0580899,WGS84,679,鬼ヶ城山,中国百名山,,,,TH-n1329173015(377m),operator=岩国市; busType=コミュニティバス; busRoutes=岩国生活交通バス：高根線 / 寂地線,adopted,10,運行状況（季節運行・休止・予約制）を要確認,"国土数値情報（バス停留所データ）令和4年度（国土交通省）P11-22-35-bs129（34.425490, 132.058090、JGD2011）を加工して作成",
BS-kP11-22-35-bs143,bus_stop,神崎橋,34.4231456,132.0578952,WGS84,660 664 679,冠山、寂地山、鬼ヶ城山,中国百名山,,,,TH-kP11-22-35-bs166(761m) TH-n1329173015(585m),operator=岩国市; busType=コミュニティバス; busRoutes=岩国生活交通バス：高根線 / 寂地線,adopted,10,運行状況（季節運行・休止・予約制）を要確認、登山口から離れている（徒歩アプローチを要確認）,"国土数値情報（バス停留所データ）令和4年度（国土交通省）P11-22-35-bs143（34.423146, 132.057895、JGD2011）を加工して作成",
BS-kP11-22-35-bs166,bus_stop,澄坂,34.4185306,132.0517508,WGS84,660 664,冠山、寂地山,中国百名山,,,,TH-kP11-22-35-bs166(0m),operator=岩国市; busType=コミュニティバス; busRoutes=岩国生活交通バス：高根線 / 寂地線,adopted,10,運行状況（季節運行・休止・予約制）を要確認,"国土数値情報（バス停留所データ）令和4年度（国土交通省）P11-22-35-bs166（34.418531, 132.051751、JGD2011）を加工して作成",
BS-kP11-22-35-bs191,bus_stop,久保の畑,34.4143859,132.0500379,WGS84,660 664,冠山、寂地山,中国百名山,,,,TH-kP11-22-35-bs166(484m),operator=岩国市; busType=コミュニティバス; busRoutes=岩国生活交通バス：高根線 / 寂地線,adopted,10,運行状況（季節運行・休止・予約制）を要確認,"国土数値情報（バス停留所データ）令和4年度（国土交通省）P11-22-35-bs191（34.414386, 132.050038、JGD2011）を加工して作成",
BS-kP11-22-35-bs2049,bus_stop,禅昌寺前,34.1165416,131.5324159,WGS84,726,右田ヶ岳,中国百名山,,,,TH-n3906260323(805m),operator=中国ジェイアールバス（株）; busType=民間路線バス; busRoutes=防長線,adopted,10,運行状況（季節運行・休止・予約制）を要確認、登山口から離れている（徒歩アプローチを要確認）,"国土数値情報（バス停留所データ）令和4年度（国土交通省）P11-22-35-bs2049（34.116542, 131.532416、JGD2011）を加工して作成 ｜ OpenStreetMap（© OpenStreetMap contributors, ODbL 1.0）Geofabrik japan-latest.osm.pbf 2026-09-23T20:22:04Z node/9412086553",
BS-kP11-22-35-bs2101,bus_stop,上鯖山,34.1095247,131.5358598,WGS84,726,右田ヶ岳,中国百名山,,,,TH-n3906260323(148m) TH-n3906260323(148m),operator=中国ジェイアールバス（株）; busType=民間路線バス; busRoutes=防長線,adopted,10,運行状況（季節運行・休止・予約制）を要確認,"国土数値情報（バス停留所データ）令和4年度（国土交通省）P11-22-35-bs2101（34.109525, 131.535860、JGD2011）を加工して作成 ｜ OpenStreetMap（© OpenStreetMap contributors, ODbL 1.0）Geofabrik japan-latest.osm.pbf 2026-09-23T20:22:04Z node/9412086555",
BS-kP11-22-35-bs2182,bus_stop,洞道北口,34.10227,131.5396616,WGS84,726,右田ヶ岳,中国百名山,,,,TH-n1345527101(630m) TH-n1345527101(630m) TH-n1345515022(890m) TH-n1345515022(890m),operator=中国ジェイアールバス（株）; busType=民間路線バス; busRoutes=防長線,adopted,10,運行状況（季節運行・休止・予約制）を要確認、登山口から離れている（徒歩アプローチを要確認）,"国土数値情報（バス停留所データ）令和4年度（国土交通省）P11-22-35-bs2182（34.102270, 131.539662、JGD2011）を加工して作成 ｜ OpenStreetMap（© OpenStreetMap contributors, ODbL 1.0）Geofabrik japan-latest.osm.pbf 2026-09-23T20:22:04Z node/9412086556",
BS-kP11-22-35-bs2227,bus_stop,和田原,34.0984627,131.5836481,WGS84,726,右田ヶ岳,中国百名山,,,,TH-n1346481203(906m),operator=防長交通（株）; busType=民間路線バス; busRoutes=～堀・佐波分校正門（中山経由）,adopted,10,運行状況（季節運行・休止・予約制）を要確認、登山口から離れている（徒歩アプローチを要確認）,"国土数値情報（バス停留所データ）令和4年度（国土交通省）P11-22-35-bs2227（34.098463, 131.583648、JGD2011）を加工して作成",
BS-kP11-22-35-bs2267,bus_stop,ライフケア高砂,34.0950148,131.5800461,WGS84,726,右田ヶ岳,中国百名山,,,,TH-n1346481203(672m),operator=防長交通（株）; busType=民間路線バス; busRoutes=～堀・佐波分校正門（中山経由）,adopted,10,運行状況（季節運行・休止・予約制）を要確認、登山口から離れている（徒歩アプローチを要確認）,"国土数値情報（バス停留所データ）令和4年度（国土交通省）P11-22-35-bs2267（34.095015, 131.580046、JGD2011）を加工して作成",
BS-kP11-22-35-bs2284,bus_stop,田の口,34.0932656,131.5774754,WGS84,726,右田ヶ岳,中国百名山,,,,TH-n1346493985(502m) TH-n1346481203(639m),operator=防長交通（株）; busType=民間路線バス; busRoutes=～堀・佐波分校正門（中山経由）,adopted,10,運行状況（季節運行・休止・予約制）を要確認、登山口から離れている（徒歩アプローチを要確認）,"国土数値情報（バス停留所データ）令和4年度（国土交通省）P11-22-35-bs2284（34.093266, 131.577475、JGD2011）を加工して作成",
BS-kP11-22-35-bs2334,bus_stop,右田毛利邸前,34.0881008,131.5741413,WGS84,726,右田ヶ岳,中国百名山,,,,TH-n1346493985(291m),operator=防長交通（株）; busType=民間路線バス; busRoutes=～堀・佐波分校正門（中山経由）,adopted,10,運行状況（季節運行・休止・予約制）を要確認,"国土数値情報（バス停留所データ）令和4年度（国土交通省）P11-22-35-bs2334（34.088101, 131.574141、JGD2011）を加工して作成",
BS-kP11-22-35-bs2348,bus_stop,上勝坂,34.0871014,131.5475521,WGS84,726,右田ヶ岳,中国百名山,,,,TH-n2929003397(641m) TH-n1346481398(153m) TH-n1346481398(153m),operator=中国ジェイアールバス（株）; busType=民間路線バス; busRoutes=防長線,adopted,10,運行状況（季節運行・休止・予約制）を要確認、登山口から離れている（徒歩アプローチを要確認）,"国土数値情報（バス停留所データ）令和4年度（国土交通省）P11-22-35-bs2348（34.087101, 131.547552、JGD2011）を加工して作成 ｜ OpenStreetMap（© OpenStreetMap contributors, ODbL 1.0）Geofabrik japan-latest.osm.pbf 2026-09-23T20:22:04Z node/9412086559",
BS-kP11-22-35-bs2367,bus_stop,薬師前,34.0852687,131.5714407,WGS84,726,右田ヶ岳,中国百名山,,,,TH-n1346498166(758m) TH-n1346493985(607m),operator=防長交通（株）; busType=民間路線バス; busRoutes=～堀・佐波分校正門（中山経由）,adopted,10,運行状況（季節運行・休止・予約制）を要確認、登山口から離れている（徒歩アプローチを要確認）,"国土数値情報（バス停留所データ）令和4年度（国土交通省）P11-22-35-bs2367（34.085269, 131.571441、JGD2011）を加工して作成",
BS-kP11-22-35-bs2384,bus_stop,新町,34.0825643,131.5696209,WGS84,726,右田ヶ岳,中国百名山,,,,TH-n1346498166(426m),operator=防長交通（株）; busType=民間路線バス; busRoutes=～堀・佐波分校正門（中山経由）,adopted,10,運行状況（季節運行・休止・予約制）を要確認,"国土数値情報（バス停留所データ）令和4年度（国土交通省）P11-22-35-bs2384（34.082564, 131.569621、JGD2011）を加工して作成",
BS-kP11-22-35-bs2398,bus_stop,勝坂,34.0811848,131.550427,WGS84,726,右田ヶ岳,中国百名山,,,,TH-n2929003397(65m) TH-n2929003397(65m) TH-n1346481398(853m),operator=中国ジェイアールバス（株）; busType=民間路線バス; busRoutes=防長線,adopted,10,運行状況（季節運行・休止・予約制）を要確認、登山口から離れている（徒歩アプローチを要確認）,"国土数値情報（バス停留所データ）令和4年度（国土交通省）P11-22-35-bs2398（34.081185, 131.550427、JGD2011）を加工して作成 ｜ OpenStreetMap（© OpenStreetMap contributors, ODbL 1.0）Geofabrik japan-latest.osm.pbf 2026-09-23T20:22:04Z node/9412086560",
BS-kP11-22-35-bs2426,bus_stop,塚原,34.0784627,131.5668551,WGS84,726,右田ヶ岳,中国百名山,,,,TH-n5327285195(583m) TH-n1346498166(183m),operator=防長交通（株）; busType=民間路線バス; busRoutes=～堀・佐波分校正門（中山経由）,adopted,10,運行状況（季節運行・休止・予約制）を要確認,"国土数値情報（バス停留所データ）令和4年度（国土交通省）P11-22-35-bs2426（34.078463, 131.566855、JGD2011）を加工して作成",
BS-kP11-22-35-bs2545,bus_stop,右田,34.0707224,131.5547464,WGS84,726,右田ヶ岳,中国百名山,,,,TH-n5327285195(945m) TH-n5327285195(945m),operator=防長交通（株）; busType=民間路線バス; busRoutes=～総合医療センター・自由ヶ丘 / ～総合医療センター・秋穂漁港入口,adopted,10,運行状況（季節運行・休止・予約制）を要確認、登山口から離れている（徒歩アプローチを要確認）,"国土数値情報（バス停留所データ）令和4年度（国土交通省）P11-22-35-bs2545（34.070722, 131.554746、JGD2011）を加工して作成 ｜ OpenStreetMap（© OpenStreetMap contributors, ODbL 1.0）Geofabrik japan-latest.osm.pbf 2026-09-23T20:22:04Z node/9412086562",
BS-kP11-22-35-bs2624,bus_stop,古宿,34.0648202,130.9072995,WGS84,728,竜王山,中国百名山,,,,TH-n1353416402(986m),operator=サンデン交通（株）; busType=民間路線バス; busRoutes=吉母港→下関駅 / 川棚温泉→下関駅 / 川棚温泉→豊洋台団地→下関駅,adopted,10,運行状況（季節運行・休止・予約制）を要確認、登山口から離れている（徒歩アプローチを要確認）,"国土数値情報（バス停留所データ）令和4年度（国土交通省）P11-22-35-bs2624（34.064820, 130.907300、JGD2011）を加工して作成",
BS-kP11-22-35-bs3105,bus_stop,済生会病院,34.0308298,130.9315159,WGS84,728,竜王山,中国百名山,,,,TH-n1353409470(195m) TH-n1353410274(630m),operator=サンデン交通（株）; busType=民間路線バス; busRoutes=新下関駅→ゆめシティ→中山神社・松風町→済生会病院→新下関駅 / 新下関駅→済生会病院→松風町・中山神社→ゆめシティ→新下関駅 / 横野→済生会病院→新下関駅→城下町長府→関門医療センター→マリンランド,adopted,10,運行状況（季節運行・休止・予約制）を要確認、登山口から離れている（徒歩アプローチを要確認）,"国土数値情報（バス停留所データ）令和4年度（国土交通省）P11-22-35-bs3105（34.030830, 130.931516、JGD2011）を加工して作成",
BS-kP11-22-35-bs3156,bus_stop,妙蓮寺前,34.0268117,130.9329137,WGS84,728,竜王山,中国百名山,,,,TH-n1353409470(629m),operator=サンデン交通（株）; busType=民間路線バス; busRoutes=新下関駅→ゆめシティ→中山神社・松風町→済生会病院→新下関駅 / 新下関駅→済生会病院→松風町・中山神社→ゆめシティ→新下関駅 / 横野→済生会病院→新下関駅→城下町長府→関門医療センター→マリンランド,adopted,10,運行状況（季節運行・休止・予約制）を要確認、登山口から離れている（徒歩アプローチを要確認）,"国土数値情報（バス停留所データ）令和4年度（国土交通省）P11-22-35-bs3156（34.026812, 130.932914、JGD2011）を加工して作成",
BS-kP11-22-35-bs3184,bus_stop,富任,34.0242289,130.9288541,WGS84,728,竜王山,中国百名山,,,,TH-n1353409470(965m),operator=サンデン交通（株）; busType=民間路線バス; busRoutes=新下関駅→ゆめシティ→中山神社・松風町→済生会病院→新下関駅 / 新下関駅→済生会病院→松風町・中山神社→ゆめシティ→新下関駅 / 横野→済生会病院→新下関駅→城下町長府→関門医療センター→マリンランド,adopted,10,運行状況（季節運行・休止・予約制）を要確認、登山口から離れている（徒歩アプローチを要確認）,"国土数値情報（バス停留所データ）令和4年度（国土交通省）P11-22-35-bs3184（34.024229, 130.928854、JGD2011）を加工して作成",
BS-kP11-22-35-bs336,bus_stop,向峠,34.3894772,132.015868,WGS84,677,小五郎山,中国百名山,,,,TH-n1329175507(251m),operator=岩国市; busType=コミュニティバス; busRoutes=岩国生活交通バス：高根線 / 寂地線,adopted,10,運行状況（季節運行・休止・予約制）を要確認,"国土数値情報（バス停留所データ）令和4年度（国土交通省）P11-22-35-bs336（34.389477, 132.015868、JGD2011）を加工して作成",
BS-kP11-22-35-bs3534,bus_stop,十王,33.997729,132.0323365,WGS84,734,石城山,中国百名山,,,,TH-n1282915558(925m) TH-n1282914423(321m) TH-n1282919596(740m),operator=光市; busType=コミュニティバス; busRoutes=光市営バス　塩田線,adopted,10,運行状況（季節運行・休止・予約制）を要確認、登山口から離れている（徒歩アプローチを要確認）,"国土数値情報（バス停留所データ）令和4年度（国土交通省）P11-22-35-bs3534（33.997729, 132.032336、JGD2011）を加工して作成",
BS-kP11-22-35-bs3544,bus_stop,小倉,33.9966209,132.0261382,WGS84,734,石城山,中国百名山,,,,TH-n1282914423(710m) TH-n1282919927(917m) TH-n1282919596(394m),operator=光市; busType=コミュニティバス; busRoutes=光市営バス　塩田線,adopted,10,運行状況（季節運行・休止・予約制）を要確認、登山口から離れている（徒歩アプローチを要確認）,"国土数値情報（バス停留所データ）令和4年度（国土交通省）P11-22-35-bs3544（33.996621, 132.026138、JGD2011）を加工して作成",
BS-kP11-22-35-bs3550,bus_stop,佐田下,33.9960219,132.0420146,WGS84,734,石城山,中国百名山,,,,TH-n4360881489(944m) TH-n1282915558(617m) TH-n1282914423(785m),operator=光市; busType=コミュニティバス; busRoutes=光市営バス　塩田線,adopted,10,運行状況（季節運行・休止・予約制）を要確認、登山口から離れている（徒歩アプローチを要確認）,"国土数値情報（バス停留所データ）令和4年度（国土交通省）P11-22-35-bs3550（33.996022, 132.042015、JGD2011）を加工して作成",
BS-kP11-22-35-bs3555,bus_stop,佐田中,33.9952082,132.0473981,WGS84,734,石城山,中国百名山,,,,TH-n1282915558(923m),operator=光市; busType=コミュニティバス; busRoutes=光市営バス　塩田線,adopted,10,運行状況（季節運行・休止・予約制）を要確認、登山口から離れている（徒歩アプローチを要確認）,"国土数値情報（バス停留所データ）令和4年度（国土交通省）P11-22-35-bs3555（33.995208, 132.047398、JGD2011）を加工して作成",
BS-kP11-22-35-bs357,bus_stop,深谷パーキング前,34.3856463,132.0138355,WGS84,677,小五郎山,中国百名山,,,,TH-n1329175507(486m),operator=岩国市; busType=コミュニティバス; busRoutes=岩国生活交通バス：高根線 / 寂地線,adopted,10,運行状況（季節運行・休止・予約制）を要確認,"国土数値情報（バス停留所データ）令和4年度（国土交通省）P11-22-35-bs357（34.385646, 132.013836、JGD2011）を加工して作成",
BS-kP11-22-35-bs3599,bus_stop,須賀社,33.9928003,132.0198552,WGS84,734,石城山,中国百名山,,,,TH-n1282919927(742m) TH-n1282919596(620m),operator=光市; busType=コミュニティバス; busRoutes=光市営バス　塩田線,adopted,10,運行状況（季節運行・休止・予約制）を要確認、登山口から離れている（徒歩アプローチを要確認）,"国土数値情報（バス停留所データ）令和4年度（国土交通省）P11-22-35-bs3599（33.992800, 132.019855、JGD2011）を加工して作成",
BS-kP11-22-35-bs926,bus_stop,秋吉台,34.234443,131.3060362,WGS84,709,龍護峰,中国百名山,,,,TH-n6825793893(193m) TH-n6387040885(930m) TH-n6825774963(457m),operator=防長交通（株）; busType=民間路線バス; busRoutes=秋芳洞～萩BC～東萩駅前,adopted,10,運行状況（季節運行・休止・予約制）を要確認、登山口から離れている（徒歩アプローチを要確認）,"国土数値情報（バス停留所データ）令和4年度（国土交通省）P11-22-35-bs926（34.234443, 131.306036、JGD2011）を加工して作成 ｜ OpenStreetMap（© OpenStreetMap contributors, ODbL 1.0）Geofabrik japan-latest.osm.pbf 2026-09-23T20:22:04Z node/9412086347",
BS-kP11-22-35-bs927,bus_stop,秋吉台,34.234443,131.3060362,WGS84,709,龍護峰,中国百名山,,,,TH-n6825793893(193m) TH-n6387040885(930m) TH-n6825774963(457m),operator=中国ジェイアールバス（株）; busType=民間路線バス; busRoutes=秋芳洞循環バス,adopted,10,運行状況（季節運行・休止・予約制）を要確認、登山口から離れている（徒歩アプローチを要確認）,"国土数値情報（バス停留所データ）令和4年度（国土交通省）P11-22-35-bs927（34.234443, 131.306036、JGD2011）を加工して作成",
BS-kP11-22-35-bs933,bus_stop,黒谷口,34.2332792,131.2993083,WGS84,709,龍護峰,中国百名山,,,,TH-n6825793893(582m) TH-n6387040885(304m) TH-n6825774963(365m),operator=中国ジェイアールバス（株）; busType=民間路線バス; busRoutes=秋芳洞循環バス,adopted,10,運行状況（季節運行・休止・予約制）を要確認,"国土数値情報（バス停留所データ）令和4年度（国土交通省）P11-22-35-bs933（34.233279, 131.299308、JGD2011）を加工して作成 ｜ OpenStreetMap（© OpenStreetMap contributors, ODbL 1.0）Geofabrik japan-latest.osm.pbf 2026-09-23T20:22:04Z node/9412086348",
BS-kP11-22-35-bs95,bus_stop,寂地登山口,34.4379583,132.0681451,WGS84,660 664 679,冠山、寂地山、鬼ヶ城山,中国百名山,,,,TH-n1329172215(799m) TH-kP11-22-35-bs98(180m) TH-n1329170931(605m) TH-n1329174594(484m),operator=岩国市; busType=コミュニティバス; busRoutes=岩国生活交通バス：高根線 / 寂地線,adopted,10,運行状況（季節運行・休止・予約制）を要確認、登山口から離れている（徒歩アプローチを要確認）,"国土数値情報（バス停留所データ）令和4年度（国土交通省）P11-22-35-bs95（34.437958, 132.068145、JGD2011）を加工して作成",
BS-kP11-22-35-bs98,bus_stop,常国,34.4370758,132.066494,WGS84,660 664 679,冠山、寂地山、鬼ヶ城山,中国百名山,,,,TH-n1329172215(947m) TH-kP11-22-35-bs98(0m) TH-n1329170931(526m) TH-n1329174594(593m),operator=岩国市; busType=コミュニティバス; busRoutes=岩国生活交通バス：高根線 / 寂地線,adopted,10,運行状況（季節運行・休止・予約制）を要確認、登山口から離れている（徒歩アプローチを要確認）,"国土数値情報（バス停留所データ）令和4年度（国土交通省）P11-22-35-bs98（34.437076, 132.066494、JGD2011）を加工して作成",
BS-n12089958281,bus_stop,水族館,34.2952144,132.3151582,WGS84,696,弥山,中国百名山,,,,TH-n4312128696(32m) TH-n4810662540(612m) TH-n2367296947(427m),operator=メイプルライナー,provisional,20,運行状況（季節運行・休止・予約制）を要確認、公式情報または2情報源での確認が必要、登山口から離れている（徒歩アプローチを要確認）,"OpenStreetMap（© OpenStreetMap contributors, ODbL 1.0）Geofabrik japan-latest.osm.pbf 2026-09-23T20:22:04Z node/12089958281",
BS-n12709500577,bus_stop,（名称なし）バス停,35.3972732,132.6894923,WGS84,480,鼻高山,中国百名山,,,,TH-n1387129843(523m),,provisional,20,運行状況（季節運行・休止・予約制）を要確認、公式情報または2情報源での確認が必要,"OpenStreetMap（© OpenStreetMap contributors, ODbL 1.0）Geofabrik japan-latest.osm.pbf 2026-09-23T20:22:04Z node/12709500577",
BS-n3948287832,bus_stop,用瀬,35.3410609,134.2019866,WGS84,502,三角山,中国百名山,,,,TH-n3948287831(178m) TH-n5564833611(187m),,provisional,20,運行状況（季節運行・休止・予約制）を要確認、公式情報または2情報源での確認が必要,"OpenStreetMap（© OpenStreetMap contributors, ODbL 1.0）Geofabrik japan-latest.osm.pbf 2026-09-23T20:22:04Z node/3948287832",
BS-n5078224246,bus_stop,（名称なし）バス停,34.2937915,132.3257989,WGS84,696,弥山,中国百名山,,,,TH-n512124574(109m) TH-n4810662540(399m) TH-n2367296947(626m),,provisional,20,運行状況（季節運行・休止・予約制）を要確認、公式情報または2情報源での確認が必要、登山口から離れている（徒歩アプローチを要確認）,"OpenStreetMap（© OpenStreetMap contributors, ODbL 1.0）Geofabrik japan-latest.osm.pbf 2026-09-23T20:22:04Z node/5078224246",
BS-n9418177436,bus_stop,（名称なし）バス停,35.3436923,134.2048895,WGS84,502,三角山,中国百名山,,,,TH-n3948287831(215m) TH-n3952054607(539m) TH-n5564663349(500m),,provisional,20,運行状況（季節運行・休止・予約制）を要確認、公式情報または2情報源での確認が必要,"OpenStreetMap（© OpenStreetMap contributors, ODbL 1.0）Geofabrik japan-latest.osm.pbf 2026-09-23T20:22:04Z node/9418177436",
BS-n9699327056,bus_stop,深谷PAバス停待合所,34.386131,132.0145334,WGS84,677,小五郎山,中国百名山,,,,TH-n1329175507(445m),,provisional,20,運行状況（季節運行・休止・予約制）を要確認、公式情報または2情報源での確認が必要,"OpenStreetMap（© OpenStreetMap contributors, ODbL 1.0）Geofabrik japan-latest.osm.pbf 2026-09-23T20:22:04Z node/9699327056",
PK-n5414346174,parking,（名称なし）駐車場,34.2329791,131.2951688,WGS84,709,龍護峰,中国百名山,,,,TH-n6387040885(89m),,provisional,20,公式情報または2情報源での確認が必要、名称なし,"OpenStreetMap（© OpenStreetMap contributors, ODbL 1.0）Geofabrik japan-latest.osm.pbf 2026-09-23T20:22:04Z node/5414346174",
PK-n928289420,parking,（名称なし）駐車場,34.2341612,131.3047358,WGS84,709,龍護峰,中国百名山,,,,TH-n6825793893(188m) TH-n6825774963(367m),,provisional,20,公式情報または2情報源での確認が必要、名称なし、登山口から離れている（徒歩アプローチを要確認）,"OpenStreetMap（© OpenStreetMap contributors, ODbL 1.0）Geofabrik japan-latest.osm.pbf 2026-09-23T20:22:04Z node/928289420",
PK-w1002052698,parking,（名称なし）駐車場,34.2319561,131.4655951,WGS84,711,東鳳翩山,中国百名山,,,,TH-n9248428858(234m) TH-n1345408632(155m),,provisional,40,公式情報または2情報源での確認が必要、名称なし,"OpenStreetMap（© OpenStreetMap contributors, ODbL 1.0）Geofabrik japan-latest.osm.pbf 2026-09-23T20:22:04Z way/1002052698",
PK-w1021141011,parking,（名称なし）駐車場,35.3426296,134.2037383,WGS84,502,三角山,中国百名山,,,,TH-n3948287831(59m) TH-n5564833611(349m),,provisional,40,公式情報または2情報源での確認が必要、名称なし、登山口から離れている（徒歩アプローチを要確認）,"OpenStreetMap（© OpenStreetMap contributors, ODbL 1.0）Geofabrik japan-latest.osm.pbf 2026-09-23T20:22:04Z way/1021141011",
PK-w1180930785,parking,（名称なし）駐車場,35.4312313,133.8245386,WGS84,471,打吹山,中国百名山,,,,TH-n13666019967(264m) TH-n4142568473(190m),access=yes,provisional,40,公式情報または2情報源での確認が必要、名称なし,"OpenStreetMap（© OpenStreetMap contributors, ODbL 1.0）Geofabrik japan-latest.osm.pbf 2026-09-23T20:22:04Z way/1180930785",
PK-w1213658288,parking,（名称なし）駐車場,35.5417998,134.3330256,WGS84,439,二上山,中国百名山,,,,TH-n11244226341(57m) TH-n11244226406(284m),,provisional,40,公式情報または2情報源での確認が必要、名称なし,"OpenStreetMap（© OpenStreetMap contributors, ODbL 1.0）Geofabrik japan-latest.osm.pbf 2026-09-23T20:22:04Z way/1213658288",
PK-w1275340672,parking,（名称なし）駐車場,35.1286032,132.6427331,WGS84,575,三瓶山,日本二百名山|日本三百名山|中国百名山,,,,TH-n11829365160(148m),,provisional,40,公式情報または2情報源での確認が必要、名称なし,"OpenStreetMap（© OpenStreetMap contributors, ODbL 1.0）Geofabrik japan-latest.osm.pbf 2026-09-23T20:22:04Z way/1275340672",
PK-w1275340673,parking,（名称なし）駐車場,35.128221,132.6432914,WGS84,575,三瓶山,日本二百名山|日本三百名山|中国百名山,,,,TH-n11829365160(200m),,provisional,40,公式情報または2情報源での確認が必要、名称なし,"OpenStreetMap（© OpenStreetMap contributors, ODbL 1.0）Geofabrik japan-latest.osm.pbf 2026-09-23T20:22:04Z way/1275340673",
PK-w1281893372,parking,（名称なし）駐車場,35.394502,133.5292972,WGS84,469 484 488 490,船上山、甲ヶ山、矢筈ヶ山、大山,中国百名山|日本百名山|日本二百名山|日本三百名山,,,,TH-n5594037175(485m) TH-n728157627(487m),access=yes; operator=大山町,provisional,40,公式情報または2情報源での確認が必要、名称なし、登山口から離れている（徒歩アプローチを要確認）,"OpenStreetMap（© OpenStreetMap contributors, ODbL 1.0）Geofabrik japan-latest.osm.pbf 2026-09-23T20:22:04Z way/1281893372",
PK-w1284538671,parking,（名称なし）駐車場,35.3814228,133.6116744,WGS84,469 484 488 490,船上山、甲ヶ山、矢筈ヶ山、大山,中国百名山|日本百名山|日本二百名山|日本三百名山,,,,TH-n1425861797(134m),,provisional,40,公式情報または2情報源での確認が必要、名称なし,"OpenStreetMap（© OpenStreetMap contributors, ODbL 1.0）Geofabrik japan-latest.osm.pbf 2026-09-23T20:22:04Z way/1284538671",
PK-w1317085397,parking,（名称なし）駐車場,35.3459856,133.587616,WGS84,497,烏ヶ山,中国百名山,,,,TH-n934763163(204m),,provisional,40,公式情報または2情報源での確認が必要、名称なし,"OpenStreetMap（© OpenStreetMap contributors, ODbL 1.0）Geofabrik japan-latest.osm.pbf 2026-09-23T20:22:04Z way/1317085397",
PK-w1317085398,parking,（名称なし）駐車場,35.3458089,133.5888144,WGS84,497,烏ヶ山,中国百名山,,,,TH-n934763163(303m),,provisional,40,公式情報または2情報源での確認が必要、名称なし、登山口から離れている（徒歩アプローチを要確認）,"OpenStreetMap（© OpenStreetMap contributors, ODbL 1.0）Geofabrik japan-latest.osm.pbf 2026-09-23T20:22:04Z way/1317085398",
PK-w1363400834,parking,（名称なし）駐車場,35.1534529,132.6210632,WGS84,575,三瓶山,日本二百名山|日本三百名山|中国百名山,,,,TH-n1381321802(229m),,provisional,40,公式情報または2情報源での確認が必要、名称なし,"OpenStreetMap（© OpenStreetMap contributors, ODbL 1.0）Geofabrik japan-latest.osm.pbf 2026-09-23T20:22:04Z way/1363400834",
PK-w1363400835,parking,（名称なし）駐車場,35.1530075,132.6213666,WGS84,575,三瓶山,日本二百名山|日本三百名山|中国百名山,,,,TH-n1381321802(192m),,provisional,40,公式情報または2情報源での確認が必要、名称なし,"OpenStreetMap（© OpenStreetMap contributors, ODbL 1.0）Geofabrik japan-latest.osm.pbf 2026-09-23T20:22:04Z way/1363400835",
PK-w1363400837,parking,（名称なし）駐車場,35.1543988,132.62088,WGS84,575,三瓶山,日本二百名山|日本三百名山|中国百名山,,,,TH-n1381321802(329m),,provisional,40,公式情報または2情報源での確認が必要、名称なし、登山口から離れている（徒歩アプローチを要確認）,"OpenStreetMap（© OpenStreetMap contributors, ODbL 1.0）Geofabrik japan-latest.osm.pbf 2026-09-23T20:22:04Z way/1363400837",
PK-w1363405588,parking,（名称なし）駐車場,35.1513261,132.6252489,WGS84,575,三瓶山,日本二百名山|日本三百名山|中国百名山,,,,TH-n1381321737(120m),,provisional,40,公式情報または2情報源での確認が必要、名称なし,"OpenStreetMap（© OpenStreetMap contributors, ODbL 1.0）Geofabrik japan-latest.osm.pbf 2026-09-23T20:22:04Z way/1363405588",
PK-w1363405595,parking,（名称なし）駐車場,35.1515489,132.6294479,WGS84,575,三瓶山,日本二百名山|日本三百名山|中国百名山,,,,TH-n1381321737(283m) TH-n1381321343(426m),,provisional,40,公式情報または2情報源での確認が必要、名称なし、登山口から離れている（徒歩アプローチを要確認）,"OpenStreetMap（© OpenStreetMap contributors, ODbL 1.0）Geofabrik japan-latest.osm.pbf 2026-09-23T20:22:04Z way/1363405595",
PK-w1441615117,parking,上蒜山登山口駐車場,35.3103423,133.6386409,WGS84,507,上蒜山,日本二百名山|日本三百名山|中国百名山,,,,TH-w1441615117(0m) TH-n1315920025(367m),,provisional,40,公式情報または2情報源での確認が必要、登山口から離れている（徒歩アプローチを要確認）,"OpenStreetMap（© OpenStreetMap contributors, ODbL 1.0）Geofabrik japan-latest.osm.pbf 2026-09-23T20:22:04Z way/1441615117",
PK-w1443411382,parking,（名称なし）駐車場,34.2456989,132.4760973,WGS84,699,古鷹山,中国百名山,,,,TH-n3966038281(137m),,provisional,40,公式情報または2情報源での確認が必要、名称なし,"OpenStreetMap（© OpenStreetMap contributors, ODbL 1.0）Geofabrik japan-latest.osm.pbf 2026-09-23T20:22:04Z way/1443411382",
PK-w1480024941,parking,（名称なし）駐車場,34.7561937,134.1237761,WGS84,630,熊山,中国百名山,,,,TH-n4787504891(16m) TH-n2071698361(413m),,provisional,40,公式情報または2情報源での確認が必要、名称なし、登山口から離れている（徒歩アプローチを要確認）,"OpenStreetMap（© OpenStreetMap contributors, ODbL 1.0）Geofabrik japan-latest.osm.pbf 2026-09-23T20:22:04Z way/1480024941",
PK-w1504291004,parking,（名称なし）駐車場,35.5182409,132.9793809,WGS84,446,朝日山,中国百名山,,,,TH-n1408170632(11m),,provisional,40,公式情報または2情報源での確認が必要、名称なし,"OpenStreetMap（© OpenStreetMap contributors, ODbL 1.0）Geofabrik japan-latest.osm.pbf 2026-09-23T20:22:04Z way/1504291004",
PK-w1547483320,parking,（名称なし）駐車場,34.6669053,132.4071556,WGS84,638,龍頭山,中国百名山,,,,TH-kP11-22-34-bs1773(474m),access=customers,provisional,40,公式情報または2情報源での確認が必要、名称なし、登山口から離れている（徒歩アプローチを要確認）,"OpenStreetMap（© OpenStreetMap contributors, ODbL 1.0）Geofabrik japan-latest.osm.pbf 2026-09-23T20:22:04Z way/1547483320",
PK-w167425213,parking,（名称なし）駐車場,34.2560914,131.3170535,WGS84,709,龍護峰,中国百名山,,,,TH-n1349981174(240m),fee=no,provisional,40,公式情報または2情報源での確認が必要、名称なし,"OpenStreetMap（© OpenStreetMap contributors, ODbL 1.0）Geofabrik japan-latest.osm.pbf 2026-09-23T20:22:04Z way/167425213",
PK-w230627002,parking,（名称なし）駐車場,35.1178013,132.6190235,WGS84,575,三瓶山,日本二百名山|日本三百名山|中国百名山,,,,TH-n1381317285(447m),access=customers,provisional,40,公式情報または2情報源での確認が必要、名称なし、登山口から離れている（徒歩アプローチを要確認）,"OpenStreetMap（© OpenStreetMap contributors, ODbL 1.0）Geofabrik japan-latest.osm.pbf 2026-09-23T20:22:04Z way/230627002",
PK-w230838675,parking,（名称なし）駐車場,35.1297921,132.6009358,WGS84,575,三瓶山,日本二百名山|日本三百名山|中国百名山,,,,TH-n1381319052(160m) TH-n1381318168(491m),,provisional,40,公式情報または2情報源での確認が必要、名称なし、登山口から離れている（徒歩アプローチを要確認）,"OpenStreetMap（© OpenStreetMap contributors, ODbL 1.0）Geofabrik japan-latest.osm.pbf 2026-09-23T20:22:04Z way/230838675",
PK-w230838676,parking,（名称なし）駐車場,35.1299465,132.601527,WGS84,575,三瓶山,日本二百名山|日本三百名山|中国百名山,,,,TH-n1381319052(132m) TH-n1381318168(464m),,provisional,40,公式情報または2情報源での確認が必要、名称なし、登山口から離れている（徒歩アプローチを要確認）,"OpenStreetMap（© OpenStreetMap contributors, ODbL 1.0）Geofabrik japan-latest.osm.pbf 2026-09-23T20:22:04Z way/230838676",
PK-w251445871,parking,（名称なし）駐車場,35.3909326,133.5310664,WGS84,469 484 488 490,船上山、甲ヶ山、矢筈ヶ山、大山,中国百名山|日本百名山|日本二百名山|日本三百名山,,,,TH-n728157627(130m) TH-n728158240(237m),access=yes,provisional,40,公式情報または2情報源での確認が必要、名称なし,"OpenStreetMap（© OpenStreetMap contributors, ODbL 1.0）Geofabrik japan-latest.osm.pbf 2026-09-23T20:22:04Z way/251445871",
PK-w345046985,parking,（名称なし）駐車場,34.6455931,132.2163919,WGS84,639,深入山,中国百名山,,,,TH-n1134791026(34m),,provisional,40,公式情報または2情報源での確認が必要、名称なし,"OpenStreetMap（© OpenStreetMap contributors, ODbL 1.0）Geofabrik japan-latest.osm.pbf 2026-09-23T20:22:04Z way/345046985",
PK-w360989273,parking,（名称なし）駐車場,34.7262547,133.7591218,WGS84,634,鬼ノ城山,中国百名山,,,,TH-n6721956938(47m),,provisional,40,公式情報または2情報源での確認が必要、名称なし,"OpenStreetMap（© OpenStreetMap contributors, ODbL 1.0）Geofabrik japan-latest.osm.pbf 2026-09-23T20:22:04Z way/360989273",
PK-w387607701,parking,（名称なし）駐車場,35.2771329,134.2259907,WGS84,502,三角山,中国百名山,,,,TH-n4408968860(162m),access=private,provisional,40,公式情報または2情報源での確認が必要、名称なし,"OpenStreetMap（© OpenStreetMap contributors, ODbL 1.0）Geofabrik japan-latest.osm.pbf 2026-09-23T20:22:04Z way/387607701",
PK-w387694388,parking,ゴダイドラッグ駐車場,35.2780489,134.2262123,WGS84,502,三角山,中国百名山,,,,TH-n4408968860(264m),access=private,provisional,40,公式情報または2情報源での確認が必要,"OpenStreetMap（© OpenStreetMap contributors, ODbL 1.0）Geofabrik japan-latest.osm.pbf 2026-09-23T20:22:04Z way/387694388",
PK-w389323911,parking,（名称なし）駐車場,34.0453121,130.9426974,WGS84,728,竜王山,中国百名山,,,,TH-n3924757199(51m),fee=no,provisional,40,公式情報または2情報源での確認が必要、名称なし,"OpenStreetMap（© OpenStreetMap contributors, ODbL 1.0）Geofabrik japan-latest.osm.pbf 2026-09-23T20:22:04Z way/389323911",
PK-w389323924,parking,（名称なし）駐車場,34.050993,130.9433322,WGS84,728,竜王山,中国百名山,,,,TH-n1353413479(70m),fee=no,provisional,40,公式情報または2情報源での確認が必要、名称なし,"OpenStreetMap（© OpenStreetMap contributors, ODbL 1.0）Geofabrik japan-latest.osm.pbf 2026-09-23T20:22:04Z way/389323924",
PK-w389323931,parking,（名称なし）駐車場,34.0536927,130.9439861,WGS84,728,竜王山,中国百名山,,,,TH-n1353413479(371m),fee=no,provisional,40,公式情報または2情報源での確認が必要、名称なし、登山口から離れている（徒歩アプローチを要確認）,"OpenStreetMap（© OpenStreetMap contributors, ODbL 1.0）Geofabrik japan-latest.osm.pbf 2026-09-23T20:22:04Z way/389323931",
PK-w398298247,parking,（名称なし）駐車場,35.5085815,134.2364286,WGS84,445,久松山,中国百名山,,,,TH-n4010659933(104m),,provisional,40,公式情報または2情報源での確認が必要、名称なし,"OpenStreetMap（© OpenStreetMap contributors, ODbL 1.0）Geofabrik japan-latest.osm.pbf 2026-09-23T20:22:04Z way/398298247",
PK-w398300177,parking,（名称なし）駐車場,35.5070024,134.2361813,WGS84,445,久松山,中国百名山,,,,TH-n4010659933(189m),,provisional,40,公式情報または2情報源での確認が必要、名称なし,"OpenStreetMap（© OpenStreetMap contributors, ODbL 1.0）Geofabrik japan-latest.osm.pbf 2026-09-23T20:22:04Z way/398300177",
PK-w398325678,parking,（名称なし）駐車場,35.5117791,134.2346256,WGS84,445,久松山,中国百名山,,,,TH-n4057395191(423m),,provisional,40,公式情報または2情報源での確認が必要、名称なし、登山口から離れている（徒歩アプローチを要確認）,"OpenStreetMap（© OpenStreetMap contributors, ODbL 1.0）Geofabrik japan-latest.osm.pbf 2026-09-23T20:22:04Z way/398325678",
PK-w399433718,parking,第2駐車場,35.4314373,133.8341289,WGS84,471,打吹山,中国百名山,,,,TH-w399433718(0m),,provisional,40,公式情報または2情報源での確認が必要,"OpenStreetMap（© OpenStreetMap contributors, ODbL 1.0）Geofabrik japan-latest.osm.pbf 2026-09-23T20:22:04Z way/399433718",
PK-w428592736,parking,（名称なし）駐車場,35.5175305,134.2375173,WGS84,445,久松山,中国百名山,,,,TH-n4057395191(334m),,provisional,40,公式情報または2情報源での確認が必要、名称なし、登山口から離れている（徒歩アプローチを要確認）,"OpenStreetMap（© OpenStreetMap contributors, ODbL 1.0）Geofabrik japan-latest.osm.pbf 2026-09-23T20:22:04Z way/428592736",
PK-w443379040,parking,（名称なし）駐車場,34.3864154,132.0148259,WGS84,677,小五郎山,中国百名山,,,,TH-n1329175507(424m),,provisional,40,公式情報または2情報源での確認が必要、名称なし、登山口から離れている（徒歩アプローチを要確認）,"OpenStreetMap（© OpenStreetMap contributors, ODbL 1.0）Geofabrik japan-latest.osm.pbf 2026-09-23T20:22:04Z way/443379040",
PK-w449007642,parking,昭和町無料駐車場,35.4338599,133.8355012,WGS84,471,打吹山,中国百名山,,,,TH-w449007642(0m),,provisional,40,公式情報または2情報源での確認が必要,"OpenStreetMap（© OpenStreetMap contributors, ODbL 1.0）Geofabrik japan-latest.osm.pbf 2026-09-23T20:22:04Z way/449007642",
PK-w449022077,parking,（名称なし）駐車場,35.4348572,133.822832,WGS84,471,打吹山,中国百名山,,,,TH-w449086406(50m),,provisional,40,公式情報または2情報源での確認が必要、名称なし,"OpenStreetMap（© OpenStreetMap contributors, ODbL 1.0）Geofabrik japan-latest.osm.pbf 2026-09-23T20:22:04Z way/449022077",
PK-w449062557,parking,宮川町観光駐車場,35.4333892,133.829229,WGS84,471,打吹山,中国百名山,,,,TH-w449062557(0m),operator=倉吉市,provisional,40,公式情報または2情報源での確認が必要,"OpenStreetMap（© OpenStreetMap contributors, ODbL 1.0）Geofabrik japan-latest.osm.pbf 2026-09-23T20:22:04Z way/449062557",
PK-w449086406,parking,緑の彫刻プロムナード公園駐車場,35.4345365,133.8224505,WGS84,471,打吹山,中国百名山,,,,TH-n13666019967(289m) TH-w449086406(0m),capacity=45; operator=倉吉市,provisional,40,公式情報または2情報源での確認が必要,"OpenStreetMap（© OpenStreetMap contributors, ODbL 1.0）Geofabrik japan-latest.osm.pbf 2026-09-23T20:22:04Z way/449086406",
PK-w449105734,parking,（名称なし）駐車場,35.4337433,133.8317238,WGS84,471,打吹山,中国百名山,,,,TH-w449062557(230m),access=customers,provisional,40,公式情報または2情報源での確認が必要、名称なし,"OpenStreetMap（© OpenStreetMap contributors, ODbL 1.0）Geofabrik japan-latest.osm.pbf 2026-09-23T20:22:04Z way/449105734",
PK-w449105736,parking,（名称なし）駐車場,35.4339876,133.8327282,WGS84,471,打吹山,中国百名山,,,,TH-w449062557(324m),,provisional,40,公式情報または2情報源での確認が必要、名称なし、登山口から離れている（徒歩アプローチを要確認）,"OpenStreetMap（© OpenStreetMap contributors, ODbL 1.0）Geofabrik japan-latest.osm.pbf 2026-09-23T20:22:04Z way/449105736",
PK-w449307265,parking,第3駐車場,35.4325773,133.8342753,WGS84,471,打吹山,中国百名山,,,,TH-w399433718(127m),,provisional,40,公式情報または2情報源での確認が必要,"OpenStreetMap（© OpenStreetMap contributors, ODbL 1.0）Geofabrik japan-latest.osm.pbf 2026-09-23T20:22:04Z way/449307265",
PK-w449307266,parking,第1駐車場,35.4310354,133.8365748,WGS84,471,打吹山,中国百名山,,,,TH-w399433718(226m),,provisional,40,公式情報または2情報源での確認が必要,"OpenStreetMap（© OpenStreetMap contributors, ODbL 1.0）Geofabrik japan-latest.osm.pbf 2026-09-23T20:22:04Z way/449307266",
PK-w449307267,parking,第4駐車場,35.432736,133.8367234,WGS84,471,打吹山,中国百名山,,,,TH-w449007642(167m),,provisional,40,公式情報または2情報源での確認が必要,"OpenStreetMap（© OpenStreetMap contributors, ODbL 1.0）Geofabrik japan-latest.osm.pbf 2026-09-23T20:22:04Z way/449307267",
PK-w449705382,parking,（名称なし）駐車場,35.4352287,133.8365264,WGS84,471,打吹山,中国百名山,,,,TH-w449007642(178m),access=private,provisional,40,公式情報または2情報源での確認が必要、名称なし,"OpenStreetMap（© OpenStreetMap contributors, ODbL 1.0）Geofabrik japan-latest.osm.pbf 2026-09-23T20:22:04Z way/449705382",
PK-w450027436,parking,（名称なし）駐車場,35.3953467,133.5306313,WGS84,469 484 488,船上山、甲ヶ山、矢筈ヶ山,中国百名山,,,,TH-n5594037175(339m),fee=yes; access=yes,provisional,40,公式情報または2情報源での確認が必要、名称なし、登山口から離れている（徒歩アプローチを要確認）,"OpenStreetMap（© OpenStreetMap contributors, ODbL 1.0）Geofabrik japan-latest.osm.pbf 2026-09-23T20:22:04Z way/450027436",
PK-w450612820,parking,（名称なし）駐車場,35.4447798,133.8489399,WGS84,471,打吹山,中国百名山,,,,TH-kP11-22-31-bs1230(31m),,provisional,40,公式情報または2情報源での確認が必要、名称なし,"OpenStreetMap（© OpenStreetMap contributors, ODbL 1.0）Geofabrik japan-latest.osm.pbf 2026-09-23T20:22:04Z way/450612820",
PK-w451069713,parking,（名称なし）駐車場,35.4467175,133.847371,WGS84,471,打吹山,中国百名山,,,,TH-kP11-22-31-bs1230(275m),access=private,provisional,40,公式情報または2情報源での確認が必要、名称なし,"OpenStreetMap（© OpenStreetMap contributors, ODbL 1.0）Geofabrik japan-latest.osm.pbf 2026-09-23T20:22:04Z way/451069713",
PK-w451073249,parking,（名称なし）駐車場,35.4490317,133.8488985,WGS84,471,打吹山,中国百名山,,,,TH-n4477921591(81m),,provisional,40,公式情報または2情報源での確認が必要、名称なし,"OpenStreetMap（© OpenStreetMap contributors, ODbL 1.0）Geofabrik japan-latest.osm.pbf 2026-09-23T20:22:04Z way/451073249",
PK-w451073830,parking,（名称なし）駐車場,35.4488442,133.8491129,WGS84,471,打吹山,中国百名山,,,,TH-n4477921591(63m),,provisional,40,公式情報または2情報源での確認が必要、名称なし,"OpenStreetMap（© OpenStreetMap contributors, ODbL 1.0）Geofabrik japan-latest.osm.pbf 2026-09-23T20:22:04Z way/451073830",
PK-w451076487,parking,（名称なし）駐車場,35.4483806,133.8496017,WGS84,471,打吹山,中国百名山,,,,TH-n4477921591(64m),,provisional,40,公式情報または2情報源での確認が必要、名称なし,"OpenStreetMap（© OpenStreetMap contributors, ODbL 1.0）Geofabrik japan-latest.osm.pbf 2026-09-23T20:22:04Z way/451076487",
PK-w451337451,parking,（名称なし）駐車場,35.4459575,133.8490257,WGS84,471,打吹山,中国百名山,,,,TH-kP11-22-31-bs1230(132m),,provisional,40,公式情報または2情報源での確認が必要、名称なし,"OpenStreetMap（© OpenStreetMap contributors, ODbL 1.0）Geofabrik japan-latest.osm.pbf 2026-09-23T20:22:04Z way/451337451",
PK-w451734712,parking,（名称なし）駐車場,35.4342394,133.8230556,WGS84,471,打吹山,中国百名山,,,,TH-n13666019967(275m) TH-w449086406(64m),,provisional,40,公式情報または2情報源での確認が必要、名称なし,"OpenStreetMap（© OpenStreetMap contributors, ODbL 1.0）Geofabrik japan-latest.osm.pbf 2026-09-23T20:22:04Z way/451734712",
PK-w453887393,parking,（名称なし）駐車場,35.4286153,133.8260239,WGS84,471,打吹山,中国百名山,,,,TH-n4142568473(148m),,provisional,40,公式情報または2情報源での確認が必要、名称なし,"OpenStreetMap（© OpenStreetMap contributors, ODbL 1.0）Geofabrik japan-latest.osm.pbf 2026-09-23T20:22:04Z way/453887393",
PK-w454603872,parking,（名称なし）駐車場,35.2733812,134.2250735,WGS84,502,三角山,中国百名山,,,,TH-n4408968860(266m),access=private,provisional,40,公式情報または2情報源での確認が必要、名称なし,"OpenStreetMap（© OpenStreetMap contributors, ODbL 1.0）Geofabrik japan-latest.osm.pbf 2026-09-23T20:22:04Z way/454603872",
PK-w463428940,parking,（名称なし）駐車場,34.0314224,130.9328783,WGS84,728,竜王山,中国百名山,,,,TH-n1353409470(129m),access=customers,provisional,40,公式情報または2情報源での確認が必要、名称なし,"OpenStreetMap（© OpenStreetMap contributors, ODbL 1.0）Geofabrik japan-latest.osm.pbf 2026-09-23T20:22:04Z way/463428940",
PK-w463428958,parking,（名称なし）駐車場,34.0325138,130.9302308,WGS84,728,竜王山,中国百名山,,,,TH-n1353409470(188m) TH-n1353410274(410m),,provisional,40,公式情報または2情報源での確認が必要、名称なし、登山口から離れている（徒歩アプローチを要確認）,"OpenStreetMap（© OpenStreetMap contributors, ODbL 1.0）Geofabrik japan-latest.osm.pbf 2026-09-23T20:22:04Z way/463428958",
PK-w463428961,parking,（名称なし）駐車場,34.0316436,130.9303176,WGS84,728,竜王山,中国百名山,,,,TH-n1353409470(202m) TH-n1353410274(497m),,provisional,40,公式情報または2情報源での確認が必要、名称なし、登山口から離れている（徒歩アプローチを要確認）,"OpenStreetMap（© OpenStreetMap contributors, ODbL 1.0）Geofabrik japan-latest.osm.pbf 2026-09-23T20:22:04Z way/463428961",
PK-w470731128,parking,（名称なし）駐車場,35.3974025,132.6933245,WGS84,480,鼻高山,中国百名山,,,,TH-n1387129843(298m),,provisional,40,公式情報または2情報源での確認が必要、名称なし,"OpenStreetMap（© OpenStreetMap contributors, ODbL 1.0）Geofabrik japan-latest.osm.pbf 2026-09-23T20:22:04Z way/470731128",
PK-w473921648,parking,（名称なし）駐車場,34.100417,131.5412367,WGS84,726,右田ヶ岳,中国百名山,,,,TH-n1345527101(451m),,provisional,40,公式情報または2情報源での確認が必要、名称なし、登山口から離れている（徒歩アプローチを要確認）,"OpenStreetMap（© OpenStreetMap contributors, ODbL 1.0）Geofabrik japan-latest.osm.pbf 2026-09-23T20:22:04Z way/473921648",
PK-w483435716,parking,（名称なし）駐車場,34.4348186,132.5670254,WGS84,674,呉娑々宇山,中国百名山,,,,TH-n1298395386(481m),,provisional,40,公式情報または2情報源での確認が必要、名称なし、登山口から離れている（徒歩アプローチを要確認）,"OpenStreetMap（© OpenStreetMap contributors, ODbL 1.0）Geofabrik japan-latest.osm.pbf 2026-09-23T20:22:04Z way/483435716",
PK-w483435717,parking,（名称なし）駐車場,34.4342947,132.5650681,WGS84,674,呉娑々宇山,中国百名山,,,,TH-n1298395386(318m),,provisional,40,公式情報または2情報源での確認が必要、名称なし、登山口から離れている（徒歩アプローチを要確認）,"OpenStreetMap（© OpenStreetMap contributors, ODbL 1.0）Geofabrik japan-latest.osm.pbf 2026-09-23T20:22:04Z way/483435717",
PK-w490527152,parking,（名称なし）駐車場,35.3183842,133.7207972,WGS84,507,上蒜山,日本二百名山|日本三百名山|中国百名山,,,,TH-n1315925134(20m),,provisional,40,公式情報または2情報源での確認が必要、名称なし,"OpenStreetMap（© OpenStreetMap contributors, ODbL 1.0）Geofabrik japan-latest.osm.pbf 2026-09-23T20:22:04Z way/490527152",
PK-w493370635,parking,（名称なし）駐車場,35.3443048,134.2057452,WGS84,502,三角山,中国百名山,,,,TH-n3948287831(318m) TH-n5564663349(420m),access=permissive,provisional,40,公式情報または2情報源での確認が必要、名称なし、登山口から離れている（徒歩アプローチを要確認）,"OpenStreetMap（© OpenStreetMap contributors, ODbL 1.0）Geofabrik japan-latest.osm.pbf 2026-09-23T20:22:04Z way/493370635",
PK-w493371606,parking,（名称なし）駐車場,35.3432211,134.204854,WGS84,502,三角山,中国百名山,,,,TH-n3948287831(179m) TH-n5564833611(443m),access=permissive,provisional,40,公式情報または2情報源での確認が必要、名称なし、登山口から離れている（徒歩アプローチを要確認）,"OpenStreetMap（© OpenStreetMap contributors, ODbL 1.0）Geofabrik japan-latest.osm.pbf 2026-09-23T20:22:04Z way/493371606",
PK-w494573618,parking,（名称なし）駐車場,34.2334516,131.4637224,WGS84,711,東鳳翩山,中国百名山,,,,TH-n9248428858(17m) TH-n1345408632(331m),fee=no,provisional,40,公式情報または2情報源での確認が必要、名称なし、登山口から離れている（徒歩アプローチを要確認）,"OpenStreetMap（© OpenStreetMap contributors, ODbL 1.0）Geofabrik japan-latest.osm.pbf 2026-09-23T20:22:04Z way/494573618",
PK-w519764394,parking,（名称なし）駐車場,34.2986046,132.3222975,WGS84,696,弥山,中国百名山,,,,TH-n4810662540(376m),,provisional,40,公式情報または2情報源での確認が必要、名称なし、登山口から離れている（徒歩アプローチを要確認）,"OpenStreetMap（© OpenStreetMap contributors, ODbL 1.0）Geofabrik japan-latest.osm.pbf 2026-09-23T20:22:04Z way/519764394",
PK-w536218846,parking,（名称なし）駐車場,35.3900405,133.5276892,WGS84,469 484 488 490,船上山、甲ヶ山、矢筈ヶ山、大山,中国百名山|日本百名山|日本二百名山|日本三百名山,,,,TH-n728157627(212m),fee=no; access=yes,provisional,40,公式情報または2情報源での確認が必要、名称なし,"OpenStreetMap（© OpenStreetMap contributors, ODbL 1.0）Geofabrik japan-latest.osm.pbf 2026-09-23T20:22:04Z way/536218846",
PK-w541814244,parking,（名称なし）駐車場,35.0557418,132.7677231,WGS84,599,琴引山,中国百名山,,,,TH-n4486958101(442m) TH-n4486958100(201m),,provisional,40,公式情報または2情報源での確認が必要、名称なし、登山口から離れている（徒歩アプローチを要確認）,"OpenStreetMap（© OpenStreetMap contributors, ODbL 1.0）Geofabrik japan-latest.osm.pbf 2026-09-23T20:22:04Z way/541814244",
PK-w541814245,parking,（名称なし）駐車場,35.0567609,132.7668552,WGS84,599,琴引山,中国百名山,,,,TH-n4486958100(330m),,provisional,40,公式情報または2情報源での確認が必要、名称なし、登山口から離れている（徒歩アプローチを要確認）,"OpenStreetMap（© OpenStreetMap contributors, ODbL 1.0）Geofabrik japan-latest.osm.pbf 2026-09-23T20:22:04Z way/541814245",
PK-w541814246,parking,（名称なし）駐車場,35.057523,132.7668955,WGS84,599,琴引山,中国百名山,,,,TH-n4486958100(409m),,provisional,40,公式情報または2情報源での確認が必要、名称なし、登山口から離れている（徒歩アプローチを要確認）,"OpenStreetMap（© OpenStreetMap contributors, ODbL 1.0）Geofabrik japan-latest.osm.pbf 2026-09-23T20:22:04Z way/541814246",
PK-w553701056,parking,（名称なし）駐車場,35.4337216,132.7930692,WGS84,480,鼻高山,中国百名山,,,,TH-n1387136869(404m),,provisional,40,公式情報または2情報源での確認が必要、名称なし、登山口から離れている（徒歩アプローチを要確認）,"OpenStreetMap（© OpenStreetMap contributors, ODbL 1.0）Geofabrik japan-latest.osm.pbf 2026-09-23T20:22:04Z way/553701056",
PK-w560428299,parking,（名称なし）駐車場,35.4318553,132.7995602,WGS84,480,鼻高山,中国百名山,,,,TH-n1387136869(264m),,provisional,40,公式情報または2情報源での確認が必要、名称なし,"OpenStreetMap（© OpenStreetMap contributors, ODbL 1.0）Geofabrik japan-latest.osm.pbf 2026-09-23T20:22:04Z way/560428299",
PK-w560428300,parking,（名称なし）駐車場,35.4306816,132.7997166,WGS84,480,鼻高山,中国百名山,,,,TH-n1387135676(491m) TH-n1387136869(293m),,provisional,40,公式情報または2情報源での確認が必要、名称なし、登山口から離れている（徒歩アプローチを要確認）,"OpenStreetMap（© OpenStreetMap contributors, ODbL 1.0）Geofabrik japan-latest.osm.pbf 2026-09-23T20:22:04Z way/560428300",
PK-w563969753,parking,（名称なし）駐車場,34.0764721,131.5619706,WGS84,726,右田ヶ岳,中国百名山,,,,TH-n5327285195(190m),,provisional,40,公式情報または2情報源での確認が必要、名称なし,"OpenStreetMap（© OpenStreetMap contributors, ODbL 1.0）Geofabrik japan-latest.osm.pbf 2026-09-23T20:22:04Z way/563969753",
PK-w595765812,parking,市営住宅専用駐車場,35.5095411,134.2313647,WGS84,445,久松山,中国百名山,,,,TH-w595765812(0m),access=private,provisional,40,公式情報または2情報源での確認が必要,"OpenStreetMap（© OpenStreetMap contributors, ODbL 1.0）Geofabrik japan-latest.osm.pbf 2026-09-23T20:22:04Z way/595765812",
PK-w595765814,parking,（名称なし）駐車場,35.5088397,134.2317641,WGS84,445,久松山,中国百名山,,,,TH-w595765812(86m),access=permissive,provisional,40,公式情報または2情報源での確認が必要、名称なし,"OpenStreetMap（© OpenStreetMap contributors, ODbL 1.0）Geofabrik japan-latest.osm.pbf 2026-09-23T20:22:04Z way/595765814",
PK-w595765822,parking,（名称なし）駐車場,35.5071686,134.2345404,WGS84,445,久松山,中国百名山,,,,TH-n4010659933(298m),access=permissive,provisional,40,公式情報または2情報源での確認が必要、名称なし,"OpenStreetMap（© OpenStreetMap contributors, ODbL 1.0）Geofabrik japan-latest.osm.pbf 2026-09-23T20:22:04Z way/595765822",
PK-w595854856,parking,（名称なし）駐車場,35.5090172,134.2311799,WGS84,445,久松山,中国百名山,,,,TH-w595765812(60m),access=permissive,provisional,40,公式情報または2情報源での確認が必要、名称なし,"OpenStreetMap（© OpenStreetMap contributors, ODbL 1.0）Geofabrik japan-latest.osm.pbf 2026-09-23T20:22:04Z way/595854856",
PK-w621389842,parking,那岐山登山口第一駐車場,35.1523587,134.1930537,WGS84,558,那岐山,日本三百名山|中国百名山,,,,TH-n5870221557(164m) TH-n5870240901(477m),,provisional,40,公式情報または2情報源での確認が必要、登山口から離れている（徒歩アプローチを要確認）,"OpenStreetMap（© OpenStreetMap contributors, ODbL 1.0）Geofabrik japan-latest.osm.pbf 2026-09-23T20:22:04Z way/621389842",
PK-w624170877,parking,（名称なし）駐車場,34.2889799,132.539324,WGS84,695,天応烏帽子岩山,中国百名山,,,,TH-n2094305002(251m),,provisional,40,公式情報または2情報源での確認が必要、名称なし,"OpenStreetMap（© OpenStreetMap contributors, ODbL 1.0）Geofabrik japan-latest.osm.pbf 2026-09-23T20:22:04Z way/624170877",
PK-w627410831,parking,（名称なし）駐車場,35.4294095,133.6074648,WGS84,469 484 488 490,船上山、甲ヶ山、矢筈ヶ山、大山,中国百名山|日本百名山|日本二百名山|日本三百名山,,,,TH-n1425865627(498m),,provisional,40,公式情報または2情報源での確認が必要、名称なし、登山口から離れている（徒歩アプローチを要確認）,"OpenStreetMap（© OpenStreetMap contributors, ODbL 1.0）Geofabrik japan-latest.osm.pbf 2026-09-23T20:22:04Z way/627410831",
PK-w639993091,parking,（名称なし）駐車場,35.5213574,132.9758358,WGS84,446,朝日山,中国百名山,,,,TH-n1408170632(479m),,provisional,40,公式情報または2情報源での確認が必要、名称なし、登山口から離れている（徒歩アプローチを要確認）,"OpenStreetMap（© OpenStreetMap contributors, ODbL 1.0）Geofabrik japan-latest.osm.pbf 2026-09-23T20:22:04Z way/639993091",
PK-w655303236,parking,参拝者駐車場,35.5050897,134.2439444,WGS84,445,久松山,中国百名山,,,,TH-w655303236(0m),,provisional,40,公式情報または2情報源での確認が必要,"OpenStreetMap（© OpenStreetMap contributors, ODbL 1.0）Geofabrik japan-latest.osm.pbf 2026-09-23T20:22:04Z way/655303236",
PK-w671003049,parking,（名称なし）駐車場,34.5023342,132.5894814,WGS84,657,白木山,中国百名山,,,,TH-n1269996145(469m),,provisional,40,公式情報または2情報源での確認が必要、名称なし、登山口から離れている（徒歩アプローチを要確認）,"OpenStreetMap（© OpenStreetMap contributors, ODbL 1.0）Geofabrik japan-latest.osm.pbf 2026-09-23T20:22:04Z way/671003049",
PK-w686596994,parking,（名称なし）駐車場,35.3005186,133.6797621,WGS84,507,上蒜山,日本二百名山|日本三百名山|中国百名山,,,,TH-n6435593028(92m) TH-n1926764663(434m),,provisional,40,公式情報または2情報源での確認が必要、名称なし、登山口から離れている（徒歩アプローチを要確認）,"OpenStreetMap（© OpenStreetMap contributors, ODbL 1.0）Geofabrik japan-latest.osm.pbf 2026-09-23T20:22:04Z way/686596994",
PK-w686596995,parking,（名称なし）駐車場,35.3006194,133.6801398,WGS84,507,上蒜山,日本二百名山|日本三百名山|中国百名山,,,,TH-n6435593028(112m) TH-n1926764663(408m),,provisional,40,公式情報または2情報源での確認が必要、名称なし、登山口から離れている（徒歩アプローチを要確認）,"OpenStreetMap（© OpenStreetMap contributors, ODbL 1.0）Geofabrik japan-latest.osm.pbf 2026-09-23T20:22:04Z way/686596995",
PK-w705893583,parking,（名称なし）駐車場,34.2328048,131.2950431,WGS84,709,龍護峰,中国百名山,,,,TH-n6387040885(109m),,provisional,40,公式情報または2情報源での確認が必要、名称なし,"OpenStreetMap（© OpenStreetMap contributors, ODbL 1.0）Geofabrik japan-latest.osm.pbf 2026-09-23T20:22:04Z way/705893583",
PK-w705893584,parking,カルスト展望台 一般車駐車場,34.2341259,131.3047888,WGS84,709,龍護峰,中国百名山,,,,TH-n6825793893(192m),fee=no,provisional,40,公式情報または2情報源での確認が必要,"OpenStreetMap（© OpenStreetMap contributors, ODbL 1.0）Geofabrik japan-latest.osm.pbf 2026-09-23T20:22:04Z way/705893584",
PK-w705894808,parking,カルスト展望台 観光バス専用駐車場,34.2348121,131.3046031,WGS84,709,龍護峰,中国百名山,,,,TH-n6825793893(118m) TH-n6825774963(320m),,provisional,40,公式情報または2情報源での確認が必要、登山口から離れている（徒歩アプローチを要確認）,"OpenStreetMap（© OpenStreetMap contributors, ODbL 1.0）Geofabrik japan-latest.osm.pbf 2026-09-23T20:22:04Z way/705894808",
PK-w705895130,parking,（名称なし）駐車場,34.2329992,131.2988951,WGS84,709,龍護峰,中国百名山,,,,TH-n6387040885(269m),,provisional,40,公式情報または2情報源での確認が必要、名称なし,"OpenStreetMap（© OpenStreetMap contributors, ODbL 1.0）Geofabrik japan-latest.osm.pbf 2026-09-23T20:22:04Z way/705895130",
PK-w705895131,parking,（名称なし）駐車場,34.2337023,131.2994836,WGS84,709,龍護峰,中国百名山,,,,TH-n6825774963(317m),,provisional,40,公式情報または2情報源での確認が必要、名称なし、登山口から離れている（徒歩アプローチを要確認）,"OpenStreetMap（© OpenStreetMap contributors, ODbL 1.0）Geofabrik japan-latest.osm.pbf 2026-09-23T20:22:04Z way/705895131",
PK-w743624971,parking,（名称なし）駐車場,35.0627486,133.0260128,WGS84,588 610,吾妻山、比婆山,日本三百名山|中国百名山,,,,TH-n1308357108(358m) TH-n6959949889(45m),,provisional,40,公式情報または2情報源での確認が必要、名称なし、登山口から離れている（徒歩アプローチを要確認）,"OpenStreetMap（© OpenStreetMap contributors, ODbL 1.0）Geofabrik japan-latest.osm.pbf 2026-09-23T20:22:04Z way/743624971",
PK-w743624975,parking,（名称なし）駐車場,35.0651466,133.0278633,WGS84,588 610,吾妻山、比婆山,日本三百名山|中国百名山,,,,TH-n1308357108(46m) TH-n6959949889(321m),,provisional,40,公式情報または2情報源での確認が必要、名称なし、登山口から離れている（徒歩アプローチを要確認）,"OpenStreetMap（© OpenStreetMap contributors, ODbL 1.0）Geofabrik japan-latest.osm.pbf 2026-09-23T20:22:04Z way/743624975",
TH-gsi-himeji,trailhead,姫路登山口（扇ノ山）,35.430415,134.42873,WGS84,466,扇ノ山,日本三百名山|関西百名山|中国百名山,姫路コース,公式情報による登山口,,,course=姫路登山口から扇ノ山の頂上まで登り1時間10分、下り40分（鳥取県）,adopted,15,扇ノ山には姫路登山口・八東登山口・ふるさとの森登山口・畑ヶ平登山口がある（鳥取県）、頂上には避難小屋があり、360度の眺望が得られる（鳥取県）、上山高原方面から河合谷高原への林道は新温泉町、八頭方面から県道37号経由のふるさとの森登山口への林道は八頭町が窓口（鳥取市）,"国土地理院ベクトルタイル提供実験 地理院地図の徒歩道が林道から始まる位置（35.430415, 134.428730）、標高900.8m。鳥取県「氷ノ山・扇ノ山・那岐山登山概念図」の姫路登山口の図上位置（縮尺1:25,000、扇ノ山山頂を基準に算出）から123m 2026-09-23確認 ｜ 公式情報: https://www.pref.tottori.lg.jp/120061.htm ｜ 公式情報: https://www.pref.tottori.lg.jp/secure/413269/200603guide.pdf ｜ 公式情報: https://www.pref.tottori.lg.jp/93958.htm ｜ 公式情報: https://www.city.tottori.lg.jp/www/contents/1374043929350/index.html",2026-09-23
TH-gsi-otawa,trailhead,大峠駐車場（吾妻山 大峠コース登山口）,35.075317,133.040345,WGS84,588,吾妻山,日本三百名山|中国百名山,大峠コース,公式情報による登山口,,,course=大峠コースは中国自然歩道の一部で、大峠駐車場から歩いて約1時間登ると山頂東側の大膳原に出る（島根県）,adopted,15,吾妻山には避難小屋・休憩所と水洗トイレがある（島根県）、大膳原の歩道北側に大膳原野営場があるが、駐車場から遠く電気もない（島根県）、広島県側の吾妻山集団施設地区は、吾妻山キャンプ場が令和2年8月1日から当面の間休止、吾妻山ロッジは令和2年11月15日で営業終了（広島県）、登山口の正確な位置は公式情報では未確認,"国土地理院ベクトルタイル提供実験 地理院地図の車道の終点で徒歩道が始まる位置（35.075317, 133.040345）、標高804.6m。地理院地図の注記「大峠」から1,450m 2026-09-23確認 ｜ 公式情報: https://www.pref.shimane.lg.jp/infra/nature/shizen/shimane/minnademamoru/adumayama.html ｜ 公式情報: https://www.pref.shimane.lg.jp/infra/nature/shizen/shimane/shimane_kouen/kokuritu_kokutei/hibadogotaisyaku/azuma-yama.html",2026-09-23
TH-kP11-22-31-bs1230,trailhead,伊木,35.4447823,133.8492818,WGS84,471,打吹山,中国百名山,OSM登山道「倉吉線跡」,駐車場・バス停（林道・車道を経由して登山道へ）,打吹山:4.18km,PK-w450612820(31m) PK-w451337451(132m) PK-w451069713(275m) BS-kP11-22-31-bs1230(0m) BS-kP11-22-31-bs1231(0m) BS-kP11-22-31-bs1200(301m),,provisional,15,近くの道路にゲートあり（車両通行止め・季節閉鎖の可能性）、公式情報または2情報源での確認が必要,"国土数値情報（バス停留所データ）令和4年度（国土交通省）P11-22-31-bs1230（JGD2011）を加工して作成 ｜ OpenStreetMap（© OpenStreetMap contributors, ODbL 1.0）Geofabrik japan-latest.osm.pbf 2026-09-23T20:22:04Z node/9387910510（登山道と道路の接続点） ｜ 国土地理院 地名検索「鳥取県倉吉市伊木」（35.445118, 133.850784、JGD2011、141m差）2026-09-20確認",2026-09-20
TH-kP11-22-31-bs2214,trailhead,川中橋,35.3072508,134.2012941,WGS84,502,三角山,中国百名山,,駐車場・バス停（林道・車道を経由して登山道へ）,三角山:5.31km,BS-kP11-22-31-bs2214(0m) BS-kP11-22-31-bs2214(0m) BS-kP11-22-31-bs2204(667m),,provisional,15,公式情報または2情報源での確認が必要,"国土数値情報（バス停留所データ）令和4年度（国土交通省）P11-22-31-bs2214（JGD2011）を加工して作成 ｜ OpenStreetMap（© OpenStreetMap contributors, ODbL 1.0）Geofabrik japan-latest.osm.pbf 2026-09-23T20:22:04Z node/3952760792（登山道と道路の接続点）",
TH-kP11-22-31-bs944,trailhead,大石（国府町）,35.4659705,134.3796247,WGS84,466,扇ノ山,日本三百名山|関西百名山|中国百名山,,駐車場・バス停（林道・車道を経由して登山道へ）,扇ノ山:8.26km,BS-kP11-22-31-bs944(0m) BS-kP11-22-31-bs908(396m),,provisional,15,林道からの入口（マイカー進入可否を要確認）、公式情報または2情報源での確認が必要,"国土数値情報（バス停留所データ）令和4年度（国土交通省）P11-22-31-bs944（JGD2011）を加工して作成 ｜ OpenStreetMap（© OpenStreetMap contributors, ODbL 1.0）Geofabrik japan-latest.osm.pbf 2026-09-23T20:22:04Z node/1450193920（登山道と道路の接続点）",
TH-kP11-22-32-bs3421,trailhead,下徳田,34.8182058,132.2005516,WGS84,622,金木山,中国百名山,,駐車場・バス停（林道・車道を経由して登山道へ）,金木山:1.83km,BS-kP11-22-32-bs3421(0m) BS-kP11-22-32-bs3425(421m) BS-kP11-22-32-bs3416(463m),,provisional,15,林道からの入口（マイカー進入可否を要確認）、公式情報または2情報源での確認が必要,"国土数値情報（バス停留所データ）令和4年度（国土交通省）P11-22-32-bs3421（JGD2011）を加工して作成 ｜ OpenStreetMap（© OpenStreetMap contributors, ODbL 1.0）Geofabrik japan-latest.osm.pbf 2026-09-23T20:22:04Z node/13784825952（登山道と道路の接続点）",
TH-kP11-22-34-bs1773,trailhead,庄原宮,34.6632412,132.4098521,WGS84,638,龍頭山,中国百名山,,駐車場・バス停（林道・車道を経由して登山道へ）,龍頭山:2.11km,PK-w1547483320(474m) BS-kP11-22-34-bs1773(0m) BS-kP11-22-34-bs1785(293m) BS-kP11-22-34-bs1785(293m),,provisional,15,林道からの入口（マイカー進入可否を要確認）、公式情報または2情報源での確認が必要,"国土数値情報（バス停留所データ）令和4年度（国土交通省）P11-22-34-bs1773（JGD2011）を加工して作成 ｜ OpenStreetMap（© OpenStreetMap contributors, ODbL 1.0）Geofabrik japan-latest.osm.pbf 2026-09-23T20:22:04Z node/1280863064（登山道と道路の接続点）",
TH-kP11-22-34-bs2608,trailhead,上有留,34.5687467,132.6912159,WGS84,647,鎌倉寺山,中国百名山,,駐車場・バス停（林道・車道を経由して登山道へ）,鎌倉寺山:3.16km,BS-kP11-22-34-bs2608(0m) BS-kP11-22-34-bs2573(614m) BS-kP11-22-34-bs2536(933m),,provisional,15,林道からの入口（マイカー進入可否を要確認）、公式情報または2情報源での確認が必要,"国土数値情報（バス停留所データ）令和4年度（国土交通省）P11-22-34-bs2608（JGD2011）を加工して作成 ｜ OpenStreetMap（© OpenStreetMap contributors, ODbL 1.0）Geofabrik japan-latest.osm.pbf 2026-09-23T20:22:04Z node/1314772706（登山道と道路の接続点）",
TH-kP11-22-35-bs166,trailhead,澄坂,34.4185306,132.0517508,WGS84,660 664,冠山、寂地山,中国百名山,OSM登山道「右谷山林道」,駐車場・バス停（林道・車道を経由して登山道へ）,冠山:11.04km 寂地山:8.07km,BS-kP11-22-35-bs166(0m) BS-kP11-22-35-bs191(484m) BS-kP11-22-35-bs143(761m),,provisional,15,林道からの入口（マイカー進入可否を要確認）、公式情報または2情報源での確認が必要,"国土数値情報（バス停留所データ）令和4年度（国土交通省）P11-22-35-bs166（JGD2011）を加工して作成 ｜ OpenStreetMap（© OpenStreetMap contributors, ODbL 1.0）Geofabrik japan-latest.osm.pbf 2026-09-23T20:22:04Z node/1329175297（登山道と道路の接続点）",
TH-kP11-22-35-bs98,trailhead,常国,34.4370758,132.066494,WGS84,660 664,冠山、寂地山,中国百名山,OSM登山道「寂地林道」,駐車場・バス停（林道・車道を経由して登山道へ）,冠山:4.54km 寂地山:5.43km,BS-kP11-22-35-bs98(0m) BS-kP11-22-35-bs95(180m) BS-kP11-22-35-bs106(453m),,provisional,15,公式情報または2情報源での確認が必要,"国土数値情報（バス停留所データ）令和4年度（国土交通省）P11-22-35-bs98（JGD2011）を加工して作成 ｜ OpenStreetMap（© OpenStreetMap contributors, ODbL 1.0）Geofabrik japan-latest.osm.pbf 2026-09-23T20:22:04Z node/1329170931（登山道と道路の接続点） ｜ 国土地理院 地名検索「常国」（34.435783, 132.067322、JGD2011、162m差）2026-09-20確認",2026-09-20
TH-n11244226341,trailhead,（名称未確認）,35.5422177,134.3326655,WGS84,439,二上山,中国百名山,,一般道（県道以上）との接続,二上山:1.25km,PK-w1213658288(57m),,provisional,30,名称未確認、公式情報または2情報源での確認が必要,"OpenStreetMap（© OpenStreetMap contributors, ODbL 1.0）Geofabrik japan-latest.osm.pbf 2026-09-23T20:22:04Z node/11244226341（登山道と道路の接続点）",
TH-n11244226406,trailhead,（名称未確認）,35.5398264,134.3350397,WGS84,439,二上山,中国百名山,,一般道（県道以上）との接続,二上山:1.45km,PK-w1213658288(284m),,provisional,30,名称未確認、公式情報または2情報源での確認が必要,"OpenStreetMap（© OpenStreetMap contributors, ODbL 1.0）Geofabrik japan-latest.osm.pbf 2026-09-23T20:22:04Z node/11244226406（登山道と道路の接続点）",
TH-n1134791026,trailhead,（名称未確認）,34.6454826,132.2160424,WGS84,639,深入山,中国百名山,,一般道との接続,深入山:1.02km,PK-w345046985(34m),,provisional,30,名称未確認、公式情報または2情報源での確認が必要,"OpenStreetMap（© OpenStreetMap contributors, ODbL 1.0）Geofabrik japan-latest.osm.pbf 2026-09-23T20:22:04Z node/1134791026（登山道と道路の接続点）",
TH-n1134792829,trailhead,（名称未確認）,34.641167,132.2102027,WGS84,639,深入山,中国百名山,,一般道（県道以上）との接続,深入山:1.08km,,,candidate,30,名称未確認、公式情報または2情報源での確認が必要,"OpenStreetMap（© OpenStreetMap contributors, ODbL 1.0）Geofabrik japan-latest.osm.pbf 2026-09-23T20:22:04Z node/1134792829（登山道と道路の接続点）",
TH-n1169115314,trailhead,（名称未確認）二川橋バス停付近,34.70994,132.194123,WGS84,636,臥龍山,中国百名山,,一般道との接続,臥龍山:3.3km,BS-kP11-22-34-bs1302(962m),,provisional,30,名称未確認、公式情報または2情報源での確認が必要,"OpenStreetMap（© OpenStreetMap contributors, ODbL 1.0）Geofabrik japan-latest.osm.pbf 2026-09-23T20:22:04Z node/1169115314（登山道と道路の接続点）",
TH-n11829365160,trailhead,三瓶山 東の原（登山口・観光リフト）,35.1285031,132.6411172,WGS84,575,三瓶山,日本二百名山|日本三百名山|中国百名山,,索道駅（ロープウェイ・ゴンドラ）,三瓶山:3.31km,PK-w1275340672(148m) PK-w1275340673(200m) BS-kP11-22-32-bs2574(443m) BS-kP11-22-32-bs2605(987m),parking=東の原駐車場（大田市）; cable=観光リフトで大平山展望台へ上がれる（大田市）,adopted,15,東の原は女三瓶山・大平山・室内池へ向かうコースの起点（大田市）、三瓶山は大山隠岐国立公園に含まれる（島根県）,"OpenStreetMap（© OpenStreetMap contributors, ODbL 1.0）Geofabrik japan-latest.osm.pbf 2026-09-23T20:22:04Z node/11829365160 ｜ 公式情報: https://www.ginzan-wm.jp/purpose_post/sanbehigashinohara/ ｜ 公式情報: https://www.kankou-shimane.com/destination/20287",2026-09-20
TH-n11829365161,trailhead,（名称未確認）,35.132297,132.6335843,WGS84,575,三瓶山,日本二百名山|日本三百名山|中国百名山,,索道駅（ロープウェイ・ゴンドラ）,三瓶山:1.72km,,,provisional,15,名称未確認、公式情報または2情報源での確認が必要,"OpenStreetMap（© OpenStreetMap contributors, ODbL 1.0）Geofabrik japan-latest.osm.pbf 2026-09-23T20:22:04Z node/11829365161",
TH-n11918686708,trailhead,（名称未確認）川上バス停付近,35.0619709,132.4133594,WGS84,592,大江高山,中国百名山,,一般道との接続,大江高山:1.42km,BS-kP11-22-32-bs2775(920m),,provisional,30,名称未確認、公式情報または2情報源での確認が必要,"OpenStreetMap（© OpenStreetMap contributors, ODbL 1.0）Geofabrik japan-latest.osm.pbf 2026-09-23T20:22:04Z node/11918686708（登山道と道路の接続点）",
TH-n12034858127,trailhead,（名称未確認）,34.8411987,132.1887647,WGS84,622,金木山,中国百名山,,一般道との接続,金木山:1.02km,,,candidate,30,名称未確認、公式情報または2情報源での確認が必要,"OpenStreetMap（© OpenStreetMap contributors, ODbL 1.0）Geofabrik japan-latest.osm.pbf 2026-09-23T20:22:04Z node/12034858127（登山道と道路の接続点）",
TH-n1266357171,trailhead,笹ヶ峠,34.4015797,132.5298641,WGS84,674,呉娑々宇山,中国百名山,,峠（道路との接続）,呉娑々宇山:3.89km,,,adopted,30,,"OpenStreetMap（© OpenStreetMap contributors, ODbL 1.0）Geofabrik japan-latest.osm.pbf 2026-09-23T20:22:04Z node/1266357171（登山道と道路の接続点） ｜ 国土地理院 地名検索「笹ヶ峠」（34.401941, 132.532978、JGD2011、289m差）2026-09-20確認",2026-09-20
TH-n1268376494,trailhead,（名称未確認）白木分れバス停付近,34.543028,132.573428,WGS84,657,白木山,中国百名山,,一般道との接続,白木山:2.82km,BS-kP11-22-34-bs2936(492m) BS-kP11-22-34-bs2936(492m) BS-kP11-22-34-bs2875(940m),,provisional,30,名称未確認、公式情報または2情報源での確認が必要,"OpenStreetMap（© OpenStreetMap contributors, ODbL 1.0）Geofabrik japan-latest.osm.pbf 2026-09-23T20:22:04Z node/1268376494（登山道と道路の接続点）",
TH-n1268377139,trailhead,（名称未確認）海戸バス停付近,34.5208795,132.6186533,WGS84,657,白木山,中国百名山,,一般道との接続,白木山:4.87km,BS-kP11-22-34-bs3191(335m) BS-kP11-22-34-bs3191(335m) BS-kP11-22-34-bs3235(512m),,provisional,30,名称未確認、公式情報または2情報源での確認が必要,"OpenStreetMap（© OpenStreetMap contributors, ODbL 1.0）Geofabrik japan-latest.osm.pbf 2026-09-23T20:22:04Z node/1268377139（登山道と道路の接続点） ｜ 国土地理院 地名検索「海戸」（34.521564, 132.619028、JGD2011、83m差）2026-09-20確認",2026-09-20
TH-n1268379365,trailhead,（名称未確認）中司バス停付近,34.5284625,132.6264469,WGS84,657,白木山,中国百名山,,一般道との接続,白木山:6.16km,BS-kP11-22-34-bs3149(291m) BS-kP11-22-34-bs3149(291m) BS-kP11-22-34-bs3139(593m),,provisional,30,名称未確認、公式情報または2情報源での確認が必要,"OpenStreetMap（© OpenStreetMap contributors, ODbL 1.0）Geofabrik japan-latest.osm.pbf 2026-09-23T20:22:04Z node/1268379365（登山道と道路の接続点）",
TH-n1269979600,trailhead,（名称未確認）,34.550727,132.67851,WGS84,647,鎌倉寺山,中国百名山,OSM登山道「鷹山林道」,一般道との接続,鎌倉寺山:1.04km,,,candidate,30,名称未確認、公式情報または2情報源での確認が必要,"OpenStreetMap（© OpenStreetMap contributors, ODbL 1.0）Geofabrik japan-latest.osm.pbf 2026-09-23T20:22:04Z node/1269979600（登山道と道路の接続点）",
TH-n1269996145,trailhead,（名称未確認）白木山口バス停付近,34.500013,132.5851959,WGS84,657,白木山,中国百名山,,一般道との接続,白木山:2.97km,PK-w671003049(469m) BS-kP11-22-34-bs3581(408m) BS-kP11-22-34-bs3581(408m) BS-kP11-22-34-bs3511(641m),,provisional,30,名称未確認、公式情報または2情報源での確認が必要,"OpenStreetMap（© OpenStreetMap contributors, ODbL 1.0）Geofabrik japan-latest.osm.pbf 2026-09-23T20:22:04Z node/1269996145（登山道と道路の接続点） ｜ 国土地理院 地名検索「白木山駅」（34.500609, 132.585102、JGD2011、66m差）2026-09-20確認",2026-09-20
TH-n1269997142,trailhead,（名称未確認）下大椿橋バス停付近,34.5090955,132.5921076,WGS84,657,白木山,中国百名山,,一般道との接続,白木山:2.17km,BS-kP11-22-34-bs3464(652m) BS-kP11-22-34-bs3464(652m) BS-kP11-22-34-bs3409(686m),,provisional,30,名称未確認、公式情報または2情報源での確認が必要,"OpenStreetMap（© OpenStreetMap contributors, ODbL 1.0）Geofabrik japan-latest.osm.pbf 2026-09-23T20:22:04Z node/1269997142（登山道と道路の接続点）",
TH-n1270346188,trailhead,（名称未確認）,34.441587,132.345283,WGS84,671,窓ヶ山,中国百名山,,一般道との接続,窓ヶ山:0.92km,,,candidate,30,名称未確認、公式情報または2情報源での確認が必要,"OpenStreetMap（© OpenStreetMap contributors, ODbL 1.0）Geofabrik japan-latest.osm.pbf 2026-09-23T20:22:04Z node/1270346188（登山道と道路の接続点）",
TH-n1276625283,trailhead,（名称未確認）奥畑バス停付近,34.405748,132.54244,WGS84,674,呉娑々宇山,中国百名山,,一般道との接続,呉娑々宇山:2.26km,BS-kP11-22-34-bs5890(859m) BS-kP11-22-34-bs5890(859m) BS-kP11-22-34-bs5998(947m),,provisional,30,名称未確認、公式情報または2情報源での確認が必要,"OpenStreetMap（© OpenStreetMap contributors, ODbL 1.0）Geofabrik japan-latest.osm.pbf 2026-09-23T20:22:04Z node/1276625283（登山道と道路の接続点）",
TH-n1276626721,trailhead,（名称未確認）随木屋橋バス停付近,34.401855,132.540363,WGS84,674,呉娑々宇山,中国百名山,,一般道との接続,呉娑々宇山:4.29km,BS-kP11-22-34-bs5998(819m) BS-kP11-22-34-bs5998(819m) BS-kP11-22-34-bs5890(937m),,provisional,30,名称未確認、公式情報または2情報源での確認が必要,"OpenStreetMap（© OpenStreetMap contributors, ODbL 1.0）Geofabrik japan-latest.osm.pbf 2026-09-23T20:22:04Z node/1276626721（登山道と道路の接続点）",
TH-n1279986955,trailhead,（名称未確認）,34.691921,132.194577,WGS84,636,臥龍山,中国百名山,,林道との接続,臥龍山:0.28km,,,candidate,30,名称未確認、林道からの入口（マイカー進入可否を要確認）、公式情報または2情報源での確認が必要,"OpenStreetMap（© OpenStreetMap contributors, ODbL 1.0）Geofabrik japan-latest.osm.pbf 2026-09-23T20:22:04Z node/1279986955（登山道と道路の接続点）",
TH-n1279988429,trailhead,（名称未確認）,34.7024932,132.1802805,WGS84,636,臥龍山,中国百名山,,一般道との接続,臥龍山:2.13km,,,candidate,30,名称未確認、公式情報または2情報源での確認が必要,"OpenStreetMap（© OpenStreetMap contributors, ODbL 1.0）Geofabrik japan-latest.osm.pbf 2026-09-23T20:22:04Z node/1279988429（登山道と道路の接続点）",
TH-n1279990109,trailhead,（名称未確認）,34.684086,132.184101,WGS84,636,臥龍山,中国百名山,,道路の終点付近,臥龍山:1.46km,,,candidate,30,名称未確認、林道からの入口（マイカー進入可否を要確認）、公式情報または2情報源での確認が必要,"OpenStreetMap（© OpenStreetMap contributors, ODbL 1.0）Geofabrik japan-latest.osm.pbf 2026-09-23T20:22:04Z node/1279990109（登山道と道路の接続点）",
TH-n1279993596,trailhead,（名称未確認）,34.801931,132.245531,WGS84,625,雲月山,中国百名山,,林道との接続,雲月山:1.06km,,,candidate,30,名称未確認、林道からの入口（マイカー進入可否を要確認）、公式情報または2情報源での確認が必要,"OpenStreetMap（© OpenStreetMap contributors, ODbL 1.0）Geofabrik japan-latest.osm.pbf 2026-09-23T20:22:04Z node/1279993596（登山道と道路の接続点）",
TH-n1280011862,trailhead,（名称未確認）,34.78513,132.362551,WGS84,626,阿佐山,中国百名山,,道路の終点付近,阿佐山:2.65km,,,candidate,30,名称未確認、林道からの入口（マイカー進入可否を要確認）、公式情報または2情報源での確認が必要,"OpenStreetMap（© OpenStreetMap contributors, ODbL 1.0）Geofabrik japan-latest.osm.pbf 2026-09-23T20:22:04Z node/1280011862（登山道と道路の接続点）",
TH-n1280863064,trailhead,（名称未確認）庄原宮バス停付近,34.6646619,132.4179581,WGS84,638,龍頭山,中国百名山,,道路の終点付近,龍頭山:1.35km,BS-kP11-22-34-bs1773(759m) BS-kP11-22-34-bs1785(998m) BS-kP11-22-34-bs1786(998m),,provisional,30,名称未確認、公式情報または2情報源での確認が必要,"OpenStreetMap（© OpenStreetMap contributors, ODbL 1.0）Geofabrik japan-latest.osm.pbf 2026-09-23T20:22:04Z node/1280863064（登山道と道路の接続点）",
TH-n1280864103,trailhead,（名称未確認）掛札バス停付近,34.6588165,132.4255398,WGS84,638,龍頭山,中国百名山,,一般道との接続,龍頭山:0.97km,BS-kP11-22-34-bs1805(579m) BS-kP11-22-34-bs1805(579m) BS-kP11-22-34-bs1806(579m),,provisional,30,名称未確認、公式情報または2情報源での確認が必要,"OpenStreetMap（© OpenStreetMap contributors, ODbL 1.0）Geofabrik japan-latest.osm.pbf 2026-09-23T20:22:04Z node/1280864103（登山道と道路の接続点）",
TH-n1280864642,trailhead,（名称未確認）豊平学園下バス停付近,34.654942,132.4258539,WGS84,638,龍頭山,中国百名山,,一般道との接続,龍頭山:1.31km,BS-kP11-22-34-bs1815(253m) BS-kP11-22-34-bs1816(253m) BS-kP11-22-34-bs1817(253m),,provisional,30,名称未確認、公式情報または2情報源での確認が必要,"OpenStreetMap（© OpenStreetMap contributors, ODbL 1.0）Geofabrik japan-latest.osm.pbf 2026-09-23T20:22:04Z node/1280864642（登山道と道路の接続点）",
TH-n1281595589,trailhead,（名称未確認）,34.4175099,131.1753263,WGS84,675,高山,中国百名山,,一般道との接続,高山:0.54km,,,candidate,30,名称未確認、公式情報または2情報源での確認が必要,"OpenStreetMap（© OpenStreetMap contributors, ODbL 1.0）Geofabrik japan-latest.osm.pbf 2026-09-23T20:22:04Z node/1281595589（登山道と道路の接続点）",
TH-n1282610508,trailhead,（名称未確認）,33.911776,132.246174,WGS84,754,嘉納山,中国百名山,,林道との接続,嘉納山:0.27km,,,candidate,30,名称未確認、林道からの入口（マイカー進入可否を要確認）、公式情報または2情報源での確認が必要,"OpenStreetMap（© OpenStreetMap contributors, ODbL 1.0）Geofabrik japan-latest.osm.pbf 2026-09-23T20:22:04Z node/1282610508（登山道と道路の接続点）",
TH-n1282612546,trailhead,（名称未確認）,33.915054,132.24936,WGS84,754,嘉納山,中国百名山,,一般道との接続,嘉納山:0.39km,,,candidate,30,名称未確認、公式情報または2情報源での確認が必要,"OpenStreetMap（© OpenStreetMap contributors, ODbL 1.0）Geofabrik japan-latest.osm.pbf 2026-09-23T20:22:04Z node/1282612546（登山道と道路の接続点）",
TH-n1282914423,trailhead,（名称未確認）十王バス停付近,33.9950226,132.0335899,WGS84,734,石城山,中国百名山,,一般道（県道以上）との接続,石城山:0.76km,BS-kP11-22-35-bs3534(321m) BS-kP11-22-35-bs3544(710m) BS-kP11-22-35-bs3550(785m),,provisional,30,名称未確認、公式情報または2情報源での確認が必要,"OpenStreetMap（© OpenStreetMap contributors, ODbL 1.0）Geofabrik japan-latest.osm.pbf 2026-09-23T20:22:04Z node/1282914423（登山道と道路の接続点）",
TH-n1282915558,trailhead,（名称未確認）佐田下バス停付近,33.9912115,132.038618,WGS84,734,石城山,中国百名山,,一般道（県道以上）との接続,石城山:0.49km,BS-kP11-22-35-bs3550(617m) BS-kP11-22-35-bs3555(923m) BS-kP11-22-35-bs3534(925m),,provisional,30,名称未確認、公式情報または2情報源での確認が必要,"OpenStreetMap（© OpenStreetMap contributors, ODbL 1.0）Geofabrik japan-latest.osm.pbf 2026-09-23T20:22:04Z node/1282915558（登山道と道路の接続点）",
TH-n1282919596,trailhead,（名称未確認）小倉バス停付近,33.9930789,132.0265668,WGS84,734,石城山,中国百名山,,一般道（県道以上）との接続,石城山:0.94km,BS-kP11-22-35-bs3544(394m) BS-kP11-22-35-bs3599(620m) BS-kP11-22-35-bs3534(740m),,provisional,30,名称未確認、公式情報または2情報源での確認が必要,"OpenStreetMap（© OpenStreetMap contributors, ODbL 1.0）Geofabrik japan-latest.osm.pbf 2026-09-23T20:22:04Z node/1282919596（登山道と道路の接続点）",
TH-n1282919927,trailhead,（名称未確認）須賀社バス停付近,33.9883285,132.0258529,WGS84,734,石城山,中国百名山,,一般道（県道以上）との接続,石城山:0.85km,BS-kP11-22-35-bs3599(742m) BS-kP11-22-35-bs3544(917m),,provisional,30,名称未確認、公式情報または2情報源での確認が必要,"OpenStreetMap（© OpenStreetMap contributors, ODbL 1.0）Geofabrik japan-latest.osm.pbf 2026-09-23T20:22:04Z node/1282919927（登山道と道路の接続点）",
TH-n1285488970,trailhead,（名称未確認）,33.907857,132.229205,WGS84,754,嘉納山,中国百名山,,一般道（県道以上）との接続,嘉納山:1.79km,,,candidate,30,名称未確認、公式情報または2情報源での確認が必要,"OpenStreetMap（© OpenStreetMap contributors, ODbL 1.0）Geofabrik japan-latest.osm.pbf 2026-09-23T20:22:04Z node/1285488970（登山道と道路の接続点）",
TH-n1285525504,trailhead,（名称未確認）,33.8933908,132.2429389,WGS84,754,嘉納山,中国百名山,,一般道（県道以上）との接続,嘉納山:2.66km,,,candidate,30,名称未確認、公式情報または2情報源での確認が必要,"OpenStreetMap（© OpenStreetMap contributors, ODbL 1.0）Geofabrik japan-latest.osm.pbf 2026-09-23T20:22:04Z node/1285525504（登山道と道路の接続点）",
TH-n1286130461,trailhead,（名称未確認）,36.2426296,133.3272507,WGS84,321,大満寺山,中国百名山,,一般道との接続,大満寺山:2.02km,,,candidate,30,名称未確認、公式情報または2情報源での確認が必要,"OpenStreetMap（© OpenStreetMap contributors, ODbL 1.0）Geofabrik japan-latest.osm.pbf 2026-09-23T20:22:04Z node/1286130461（登山道と道路の接続点）",
TH-n1286134024,trailhead,（名称未確認）,36.247155,133.324808,WGS84,321,大満寺山,中国百名山,,一般道との接続,大満寺山:1.56km,,,candidate,30,名称未確認、公式情報または2情報源での確認が必要,"OpenStreetMap（© OpenStreetMap contributors, ODbL 1.0）Geofabrik japan-latest.osm.pbf 2026-09-23T20:22:04Z node/1286134024（登山道と道路の接続点）",
TH-n1287234292,trailhead,（名称未確認）,34.4680279,131.789624,WGS84,661,青野山,中国百名山,OSM登山道「中国自然歩道」,林道との接続,青野山:1.43km,,,candidate,30,名称未確認、林道からの入口（マイカー進入可否を要確認）、公式情報または2情報源での確認が必要,"OpenStreetMap（© OpenStreetMap contributors, ODbL 1.0）Geofabrik japan-latest.osm.pbf 2026-09-23T20:22:04Z node/1287234292（登山道と道路の接続点）",
TH-n1287241283,trailhead,（名称未確認）,34.5105549,131.961548,WGS84,662,安蔵寺山,中国百名山,,一般道（県道以上）との接続,安蔵寺山:4.25km,,,candidate,30,名称未確認、登山道が道路を横断する地点（途中の入口の可能性）、公式情報または2情報源での確認が必要,"OpenStreetMap（© OpenStreetMap contributors, ODbL 1.0）Geofabrik japan-latest.osm.pbf 2026-09-23T20:22:04Z node/1287241283（登山道と道路の接続点）",
TH-n1287245214,trailhead,（名称未確認）,34.4586715,131.7882314,WGS84,661,青野山,中国百名山,,一般道（県道以上）との接続,青野山:2.67km,,,candidate,30,名称未確認、公式情報または2情報源での確認が必要,"OpenStreetMap（© OpenStreetMap contributors, ODbL 1.0）Geofabrik japan-latest.osm.pbf 2026-09-23T20:22:04Z node/1287245214（登山道と道路の接続点）",
TH-n1287280857,trailhead,（名称未確認）,34.4560277,131.7919698,WGS84,661,青野山,中国百名山,OSM登山道「中国自然歩道」,一般道（県道以上）との接続,青野山:1.04km,,,candidate,30,名称未確認、公式情報または2情報源での確認が必要,"OpenStreetMap（© OpenStreetMap contributors, ODbL 1.0）Geofabrik japan-latest.osm.pbf 2026-09-23T20:22:04Z node/1287280857（登山道と道路の接続点）",
TH-n1287638335,trailhead,（名称未確認）,33.9724328,132.1528715,WGS84,736,琴石山,中国百名山,,一般道との接続,琴石山:0.36km,,,candidate,30,名称未確認、公式情報または2情報源での確認が必要,"OpenStreetMap（© OpenStreetMap contributors, ODbL 1.0）Geofabrik japan-latest.osm.pbf 2026-09-23T20:22:04Z node/1287638335（登山道と道路の接続点）",
TH-n1287642845,trailhead,（名称未確認）,34.0087197,132.1841203,WGS84,733,銭壺山,中国百名山,,一般道との接続,銭壺山:1.36km,,,candidate,30,名称未確認、公式情報または2情報源での確認が必要,"OpenStreetMap（© OpenStreetMap contributors, ODbL 1.0）Geofabrik japan-latest.osm.pbf 2026-09-23T20:22:04Z node/1287642845（登山道と道路の接続点）",
TH-n1287652962,trailhead,（名称未確認）,33.977431,132.152076,WGS84,736,琴石山,中国百名山,,一般道との接続,琴石山:0.57km,,,candidate,30,名称未確認、登山道が道路を横断する地点（途中の入口の可能性）、公式情報または2情報源での確認が必要,"OpenStreetMap（© OpenStreetMap contributors, ODbL 1.0）Geofabrik japan-latest.osm.pbf 2026-09-23T20:22:04Z node/1287652962（登山道と道路の接続点）",
TH-n1287654775,trailhead,（名称未確認）,33.975563,132.148427,WGS84,736,琴石山,中国百名山,,一般道との接続,琴石山:0.25km,,,candidate,30,名称未確認、公式情報または2情報源での確認が必要,"OpenStreetMap（© OpenStreetMap contributors, ODbL 1.0）Geofabrik japan-latest.osm.pbf 2026-09-23T20:22:04Z node/1287654775（登山道と道路の接続点）",
TH-n1289718063,trailhead,（名称未確認）,34.420211,132.215241,WGS84,678,大峯山,中国百名山,,一般道との接続,大峯山:0.52km,,,candidate,30,名称未確認、公式情報または2情報源での確認が必要,"OpenStreetMap（© OpenStreetMap contributors, ODbL 1.0）Geofabrik japan-latest.osm.pbf 2026-09-23T20:22:04Z node/1289718063（登山道と道路の接続点）",
TH-n1289826034,trailhead,（名称未確認）白川上バス停付近,34.4338108,132.3124675,WGS84,671,窓ヶ山,中国百名山,,一般道との接続,窓ヶ山:2.77km,BS-kP11-22-34-bs5115(528m) BS-kP11-22-34-bs5115(528m) BS-kP11-22-34-bs5116(528m),,provisional,30,名称未確認、公式情報または2情報源での確認が必要,"OpenStreetMap（© OpenStreetMap contributors, ODbL 1.0）Geofabrik japan-latest.osm.pbf 2026-09-23T20:22:04Z node/1289826034（登山道と道路の接続点）",
TH-n1291310558,trailhead,（名称未確認）藤の木団地バス停付近,34.4328524,132.3622473,WGS84,671,窓ヶ山,中国百名山,,一般道との接続,窓ヶ山:3.63km,BS-kP11-22-34-bs5265(860m) BS-kP11-22-34-bs5265(860m),,provisional,30,名称未確認、公式情報または2情報源での確認が必要,"OpenStreetMap（© OpenStreetMap contributors, ODbL 1.0）Geofabrik japan-latest.osm.pbf 2026-09-23T20:22:04Z node/1291310558（登山道と道路の接続点）",
TH-n1291310827,trailhead,（名称未確認）魚切上バス停付近,34.4303257,132.3447329,WGS84,671,窓ヶ山,中国百名山,,一般道との接続,窓ヶ山:1.37km,BS-kP11-22-34-bs5241(456m) BS-kP11-22-34-bs5241(456m) BS-kP11-22-34-bs5245(554m),,provisional,30,名称未確認、公式情報または2情報源での確認が必要,"OpenStreetMap（© OpenStreetMap contributors, ODbL 1.0）Geofabrik japan-latest.osm.pbf 2026-09-23T20:22:04Z node/1291310827（登山道と道路の接続点）",
TH-n1295533141,trailhead,（名称未確認）,34.63163,132.066899,WGS84,640,春日山,中国百名山,,一般道との接続,春日山:1.69km,,,candidate,30,名称未確認、登山道が道路を横断する地点（途中の入口の可能性）、公式情報または2情報源での確認が必要,"OpenStreetMap（© OpenStreetMap contributors, ODbL 1.0）Geofabrik japan-latest.osm.pbf 2026-09-23T20:22:04Z node/1295533141（登山道と道路の接続点）",
TH-n1295541464,trailhead,（名称未確認）,34.6091137,132.0624368,WGS84,640,春日山,中国百名山,,一般道（県道以上）との接続,春日山:1.75km,,,candidate,30,名称未確認、公式情報または2情報源での確認が必要,"OpenStreetMap（© OpenStreetMap contributors, ODbL 1.0）Geofabrik japan-latest.osm.pbf 2026-09-23T20:22:04Z node/1295541464（登山道と道路の接続点）",
TH-n1295545974,trailhead,（名称未確認）,34.6283869,132.075955,WGS84,640,春日山,中国百名山,,一般道との接続,春日山:2.21km,,,candidate,30,名称未確認、公式情報または2情報源での確認が必要,"OpenStreetMap（© OpenStreetMap contributors, ODbL 1.0）Geofabrik japan-latest.osm.pbf 2026-09-23T20:22:04Z node/1295545974（登山道と道路の接続点）",
TH-n1295557157,trailhead,（名称未確認）,34.636242,132.053153,WGS84,640,春日山,中国百名山,,道路の終点付近,春日山:1.55km,,,candidate,30,名称未確認、林道からの入口（マイカー進入可否を要確認）、公式情報または2情報源での確認が必要,"OpenStreetMap（© OpenStreetMap contributors, ODbL 1.0）Geofabrik japan-latest.osm.pbf 2026-09-23T20:22:04Z node/1295557157（登山道と道路の接続点）",
TH-n1297931988,trailhead,（名称未確認）,34.2637427,132.4745205,WGS84,699,古鷹山,中国百名山,,一般道との接続,古鷹山:0.55km,,,candidate,30,名称未確認、公式情報または2情報源での確認が必要,"OpenStreetMap（© OpenStreetMap contributors, ODbL 1.0）Geofabrik japan-latest.osm.pbf 2026-09-23T20:22:04Z node/1297931988（登山道と道路の接続点）",
TH-n1298182124,trailhead,（名称未確認）,34.462653,131.960216,WGS84,662,安蔵寺山,中国百名山,,一般道との接続,安蔵寺山:1.92km,,,candidate,30,名称未確認、公式情報または2情報源での確認が必要,"OpenStreetMap（© OpenStreetMap contributors, ODbL 1.0）Geofabrik japan-latest.osm.pbf 2026-09-23T20:22:04Z node/1298182124（登山道と道路の接続点）",
TH-n1298189975,trailhead,（名称未確認）,34.394867,131.778478,WGS84,680,高岳山,中国百名山,,道路の終点付近,高岳山:0.8km,,,candidate,30,名称未確認、林道からの入口（マイカー進入可否を要確認）、公式情報または2情報源での確認が必要,"OpenStreetMap（© OpenStreetMap contributors, ODbL 1.0）Geofabrik japan-latest.osm.pbf 2026-09-23T20:22:04Z node/1298189975（登山道と道路の接続点）",
TH-n1298198172,trailhead,（名称未確認）,34.364302,131.783243,WGS84,687,弟見山,中国百名山,,道路の終点付近,弟見山:1.29km,,,candidate,30,名称未確認、林道からの入口（マイカー進入可否を要確認）、公式情報または2情報源での確認が必要,"OpenStreetMap（© OpenStreetMap contributors, ODbL 1.0）Geofabrik japan-latest.osm.pbf 2026-09-23T20:22:04Z node/1298198172（登山道と道路の接続点）",
TH-n1298395386,trailhead,（名称未確認）,34.4352903,132.5618133,WGS84,674,呉娑々宇山,中国百名山,,一般道との接続,呉娑々宇山:2.27km,PK-w483435717(318m) PK-w483435716(481m),,provisional,30,名称未確認、登山道が道路を横断する地点（途中の入口の可能性）、公式情報または2情報源での確認が必要,"OpenStreetMap（© OpenStreetMap contributors, ODbL 1.0）Geofabrik japan-latest.osm.pbf 2026-09-23T20:22:04Z node/1298395386（登山道と道路の接続点）",
TH-n1299296062,trailhead,（名称未確認）,35.272968,133.366359,WGS84,524,鎌倉山,中国百名山,,一般道との接続,鎌倉山:1.21km,,,candidate,30,名称未確認、公式情報または2情報源での確認が必要,"OpenStreetMap（© OpenStreetMap contributors, ODbL 1.0）Geofabrik japan-latest.osm.pbf 2026-09-23T20:22:04Z node/1299296062（登山道と道路の接続点）",
TH-n1303476368,trailhead,（名称未確認）,34.555144,132.732595,WGS84,643,鷹ノ巣山,中国百名山,,一般道との接続,鷹ノ巣山:1.99km,,,candidate,30,名称未確認、登山道が道路を横断する地点（途中の入口の可能性）、公式情報または2情報源での確認が必要,"OpenStreetMap（© OpenStreetMap contributors, ODbL 1.0）Geofabrik japan-latest.osm.pbf 2026-09-23T20:22:04Z node/1303476368（登山道と道路の接続点）",
TH-n1303488592,trailhead,（名称未確認）,34.553799,132.746055,WGS84,643,鷹ノ巣山,中国百名山,,一般道との接続,鷹ノ巣山:1.59km,,,candidate,30,名称未確認、登山道が道路を横断する地点（途中の入口の可能性）、公式情報または2情報源での確認が必要,"OpenStreetMap（© OpenStreetMap contributors, ODbL 1.0）Geofabrik japan-latest.osm.pbf 2026-09-23T20:22:04Z node/1303488592（登山道と道路の接続点）",
TH-n1307373518,trailhead,（名称未確認）,34.852523,133.422289,WGS84,620,天神山,中国百名山,,一般道（県道以上）との接続,天神山:1.0km,,,candidate,30,名称未確認、公式情報または2情報源での確認が必要,"OpenStreetMap（© OpenStreetMap contributors, ODbL 1.0）Geofabrik japan-latest.osm.pbf 2026-09-23T20:22:04Z node/1307373518（登山道と道路の接続点）",
TH-n1308352859,trailhead,（名称未確認）,35.0942528,132.8656086,WGS84,583,大万木山,中国百名山,,一般道との接続,大万木山:1.99km,,,candidate,30,名称未確認、公式情報または2情報源での確認が必要,"OpenStreetMap（© OpenStreetMap contributors, ODbL 1.0）Geofabrik japan-latest.osm.pbf 2026-09-23T20:22:04Z node/1308352859（登山道と道路の接続点）",
TH-n1308355226,trailhead,（名称未確認）,35.057649,133.0305446,WGS84,588,吾妻山,日本三百名山|中国百名山,,一般道との接続,吾妻山:1.41km,,,candidate,30,名称未確認、公式情報または2情報源での確認が必要,"OpenStreetMap（© OpenStreetMap contributors, ODbL 1.0）Geofabrik japan-latest.osm.pbf 2026-09-23T20:22:04Z node/1308355226（登山道と道路の接続点）",
TH-n1308355343,trailhead,（名称未確認）,35.0997067,132.8708732,WGS84,583,大万木山,中国百名山,,一般道との接続,大万木山:2.59km,,,candidate,30,名称未確認、公式情報または2情報源での確認が必要,"OpenStreetMap（© OpenStreetMap contributors, ODbL 1.0）Geofabrik japan-latest.osm.pbf 2026-09-23T20:22:04Z node/1308355343（登山道と道路の接続点）",
TH-n1308357108,trailhead,（名称未確認）,35.0655568,133.027967,WGS84,588 610,吾妻山、比婆山,日本三百名山|中国百名山,,一般道との接続,吾妻山:1.19km 比婆山:3.8km,PK-w743624975(46m) PK-w743624971(358m),,provisional,30,名称未確認、公式情報または2情報源での確認が必要,"OpenStreetMap（© OpenStreetMap contributors, ODbL 1.0）Geofabrik japan-latest.osm.pbf 2026-09-23T20:22:04Z node/1308357108（登山道と道路の接続点）",
TH-n1308359781,trailhead,（名称未確認）越原バス停付近,35.0570836,133.0447957,WGS84,588 610,吾妻山、比婆山,日本三百名山|中国百名山,,一般道との接続,吾妻山:4.18km 比婆山:1.44km,BS-kP11-22-34-bs9(931m),,provisional,30,名称未確認、公式情報または2情報源での確認が必要,"OpenStreetMap（© OpenStreetMap contributors, ODbL 1.0）Geofabrik japan-latest.osm.pbf 2026-09-23T20:22:04Z node/1308359781（登山道と道路の接続点）",
TH-n1308586347,trailhead,（名称未確認）,35.057799,133.216733,WGS84,605,道後山,日本三百名山|中国百名山,,林道との接続,道後山:2.31km,,,candidate,30,名称未確認、林道からの入口（マイカー進入可否を要確認）、公式情報または2情報源での確認が必要,"OpenStreetMap（© OpenStreetMap contributors, ODbL 1.0）Geofabrik japan-latest.osm.pbf 2026-09-23T20:22:04Z node/1308586347（登山道と道路の接続点）",
TH-n1308622895,trailhead,（名称未確認）,35.079203,133.239095,WGS84,605,道後山,日本三百名山|中国百名山,,道路の終点付近,道後山:1.49km,,,candidate,30,名称未確認、林道からの入口（マイカー進入可否を要確認）、公式情報または2情報源での確認が必要,"OpenStreetMap（© OpenStreetMap contributors, ODbL 1.0）Geofabrik japan-latest.osm.pbf 2026-09-23T20:22:04Z node/1308622895（登山道と道路の接続点）",
TH-n1312622960,trailhead,（名称未確認）,34.596676,132.17708,WGS84,644,十方山,中国百名山,,一般道（県道以上）との接続,十方山:6.15km,,,candidate,30,名称未確認、登山道が道路を横断する地点（途中の入口の可能性）、公式情報または2情報源での確認が必要,"OpenStreetMap（© OpenStreetMap contributors, ODbL 1.0）Geofabrik japan-latest.osm.pbf 2026-09-23T20:22:04Z node/1312622960（登山道と道路の接続点）",
TH-n1312629330,trailhead,（名称未確認）,34.575969,132.135971,WGS84,644,十方山,中国百名山,,一般道との接続,十方山:1.9km,,,candidate,30,名称未確認、公式情報または2情報源での確認が必要,"OpenStreetMap（© OpenStreetMap contributors, ODbL 1.0）Geofabrik japan-latest.osm.pbf 2026-09-23T20:22:04Z node/1312629330（登山道と道路の接続点）",
TH-n1312630011,trailhead,（名称未確認）,34.579744,132.176909,WGS84,644,十方山,中国百名山,,一般道との接続,十方山:4.21km,,,candidate,30,名称未確認、公式情報または2情報源での確認が必要,"OpenStreetMap（© OpenStreetMap contributors, ODbL 1.0）Geofabrik japan-latest.osm.pbf 2026-09-23T20:22:04Z node/1312630011（登山道と道路の接続点）",
TH-n1313717862,trailhead,（名称未確認）,34.2888766,132.2988618,WGS84,696,弥山,中国百名山,OSM登山道「多々良奥の院線」,一般道との接続,弥山:3.37km,,,candidate,30,名称未確認、公式情報または2情報源での確認が必要,"OpenStreetMap（© OpenStreetMap contributors, ODbL 1.0）Geofabrik japan-latest.osm.pbf 2026-09-23T20:22:04Z node/1313717862（登山道と道路の接続点）",
TH-n1313741460,trailhead,（名称未確認）潮原温泉バス停付近,34.470675,132.109489,WGS84,660,冠山,中国百名山,,一般道（県道以上）との接続,冠山:3.61km,BS-kP11-22-34-bs4362(624m) BS-kP11-22-34-bs4362(624m) BS-kP11-22-34-bs4444(711m),,provisional,30,名称未確認、公式情報または2情報源での確認が必要,"OpenStreetMap（© OpenStreetMap contributors, ODbL 1.0）Geofabrik japan-latest.osm.pbf 2026-09-23T20:22:04Z node/1313741460（登山道と道路の接続点）",
TH-n1313742894,trailhead,（名称未確認）,34.5262023,132.1452709,WGS84,644,十方山,中国百名山,,一般道（県道以上）との接続,十方山:4.33km,,,candidate,30,名称未確認、公式情報または2情報源での確認が必要,"OpenStreetMap（© OpenStreetMap contributors, ODbL 1.0）Geofabrik japan-latest.osm.pbf 2026-09-23T20:22:04Z node/1313742894（登山道と道路の接続点）",
TH-n1313766697,trailhead,（名称未確認）,34.3179019,132.138725,WGS84,691,三倉岳,中国百名山,,一般道との接続,三倉岳:1.52km,,,candidate,30,名称未確認、登山道が道路を横断する地点（途中の入口の可能性）、公式情報または2情報源での確認が必要,"OpenStreetMap（© OpenStreetMap contributors, ODbL 1.0）Geofabrik japan-latest.osm.pbf 2026-09-23T20:22:04Z node/1313766697（登山道と道路の接続点）",
TH-n1313767280,trailhead,（名称未確認）,34.359884,132.080451,WGS84,686,羅漢山,中国百名山,,一般道との接続,羅漢山:1.55km,,,candidate,30,名称未確認、公式情報または2情報源での確認が必要,"OpenStreetMap（© OpenStreetMap contributors, ODbL 1.0）Geofabrik japan-latest.osm.pbf 2026-09-23T20:22:04Z node/1313767280（登山道と道路の接続点）",
TH-n1313770032,trailhead,（名称未確認）,34.321817,132.136054,WGS84,691,三倉岳,中国百名山,,一般道との接続,三倉岳:1.95km,,,candidate,30,名称未確認、公式情報または2情報源での確認が必要,"OpenStreetMap（© OpenStreetMap contributors, ODbL 1.0）Geofabrik japan-latest.osm.pbf 2026-09-23T20:22:04Z node/1313770032（登山道と道路の接続点）",
TH-n1313772887,trailhead,（名称未確認）,34.35593,132.086869,WGS84,686,羅漢山,中国百名山,,一般道との接続,羅漢山:2.0km,,,candidate,30,名称未確認、公式情報または2情報源での確認が必要,"OpenStreetMap（© OpenStreetMap contributors, ODbL 1.0）Geofabrik japan-latest.osm.pbf 2026-09-23T20:22:04Z node/1313772887（登山道と道路の接続点）",
TH-n1313776393,trailhead,（名称未確認）下飯山バス停付近,34.4152064,132.087483,WGS84,679,鬼ヶ城山,中国百名山,,一般道（県道以上）との接続,鬼ヶ城山:3.61km,BS-kP11-22-34-bs5490(154m) BS-kP11-22-34-bs5490(154m) BS-kP11-22-34-bs5434(348m),,provisional,30,名称未確認、公式情報または2情報源での確認が必要,"OpenStreetMap（© OpenStreetMap contributors, ODbL 1.0）Geofabrik japan-latest.osm.pbf 2026-09-23T20:22:04Z node/1313776393（登山道と道路の接続点）",
TH-n1313778923,trailhead,（名称未確認）飯山集会所バス停付近,34.41599,132.0824639,WGS84,679,鬼ヶ城山,中国百名山,,一般道との接続,鬼ヶ城山:1.6km,BS-kP11-22-34-bs5434(560m) BS-kP11-22-34-bs5434(560m) BS-kP11-22-34-bs5490(582m),,provisional,30,名称未確認、公式情報または2情報源での確認が必要,"OpenStreetMap（© OpenStreetMap contributors, ODbL 1.0）Geofabrik japan-latest.osm.pbf 2026-09-23T20:22:04Z node/1313778923（登山道と道路の接続点）",
TH-n1313858453,trailhead,（名称未確認）,34.407618,132.210895,WGS84,678,大峯山,中国百名山,,一般道との接続,大峯山:1.18km,,,candidate,30,名称未確認、公式情報または2情報源での確認が必要,"OpenStreetMap（© OpenStreetMap contributors, ODbL 1.0）Geofabrik japan-latest.osm.pbf 2026-09-23T20:22:04Z node/1313858453（登山道と道路の接続点）",
TH-n1314772061,trailhead,（名称未確認）,34.556401,132.724608,WGS84,643,鷹ノ巣山,中国百名山,,一般道との接続,鷹ノ巣山:2.86km,,,candidate,30,名称未確認、公式情報または2情報源での確認が必要,"OpenStreetMap（© OpenStreetMap contributors, ODbL 1.0）Geofabrik japan-latest.osm.pbf 2026-09-23T20:22:04Z node/1314772061（登山道と道路の接続点）",
TH-n1314772568,trailhead,（名称未確認）,34.541792,132.688427,WGS84,647,鎌倉寺山,中国百名山,,一般道との接続,鎌倉寺山:0.73km,,,candidate,30,名称未確認、公式情報または2情報源での確認が必要,"OpenStreetMap（© OpenStreetMap contributors, ODbL 1.0）Geofabrik japan-latest.osm.pbf 2026-09-23T20:22:04Z node/1314772568（登山道と道路の接続点）",
TH-n1314773087,trailhead,（名称未確認）有保車庫バス停付近,34.56738,132.704688,WGS84,647,鎌倉寺山,中国百名山,,一般道との接続,鎌倉寺山:3.44km,BS-kP11-22-34-bs2573(836m) BS-kP11-22-34-bs2536(862m) BS-kP11-22-34-bs2491(998m),,provisional,30,名称未確認、公式情報または2情報源での確認が必要,"OpenStreetMap（© OpenStreetMap contributors, ODbL 1.0）Geofabrik japan-latest.osm.pbf 2026-09-23T20:22:04Z node/1314773087（登山道と道路の接続点）",
TH-n1314776379,trailhead,（名称未確認）,34.569214,132.734838,WGS84,643,鷹ノ巣山,中国百名山,,一般道との接続,鷹ノ巣山:1.33km,,,candidate,30,名称未確認、登山道が道路を横断する地点（途中の入口の可能性）、公式情報または2情報源での確認が必要,"OpenStreetMap（© OpenStreetMap contributors, ODbL 1.0）Geofabrik japan-latest.osm.pbf 2026-09-23T20:22:04Z node/1314776379（登山道と道路の接続点）",
TH-n1315920025,trailhead,（名称未確認）上蒜山登山口駐車場付近,35.30718,133.6398813,WGS84,507,上蒜山,日本二百名山|日本三百名山|中国百名山,,一般道との接続,上蒜山:3.43km,PK-w1441615117(367m),,provisional,30,名称未確認、公式情報または2情報源での確認が必要,"OpenStreetMap（© OpenStreetMap contributors, ODbL 1.0）Geofabrik japan-latest.osm.pbf 2026-09-23T20:22:04Z node/1315920025（登山道と道路の接続点）",
TH-n1315925134,trailhead,（名称未確認）,35.3182117,133.7208552,WGS84,507,上蒜山,日本二百名山|日本三百名山|中国百名山,,一般道（県道以上）との接続,上蒜山:7.22km,PK-w490527152(20m),,provisional,30,名称未確認、公式情報または2情報源での確認が必要,"OpenStreetMap（© OpenStreetMap contributors, ODbL 1.0）Geofabrik japan-latest.osm.pbf 2026-09-23T20:22:04Z node/1315925134（登山道と道路の接続点）",
TH-n1316809155,trailhead,（名称未確認）,34.7957586,132.3489982,WGS84,626,阿佐山,中国百名山,,一般道との接続,阿佐山:4.66km,,,candidate,30,名称未確認、登山道が道路を横断する地点（途中の入口の可能性）、公式情報または2情報源での確認が必要,"OpenStreetMap（© OpenStreetMap contributors, ODbL 1.0）Geofabrik japan-latest.osm.pbf 2026-09-23T20:22:04Z node/1316809155（登山道と道路の接続点）",
TH-n1316851812,trailhead,（名称未確認）中徳田バス停付近,34.8230506,132.2072073,WGS84,622,金木山,中国百名山,,一般道との接続,金木山:1.96km,BS-kP11-22-32-bs3416(367m) BS-kP11-22-32-bs3420(384m) BS-kP11-22-32-bs3412(728m),,provisional,30,名称未確認、公式情報または2情報源での確認が必要,"OpenStreetMap（© OpenStreetMap contributors, ODbL 1.0）Geofabrik japan-latest.osm.pbf 2026-09-23T20:22:04Z node/1316851812（登山道と道路の接続点）",
TH-n1319809468,trailhead,（名称未確認）,35.326926,133.090117,WGS84,500,天狗山,中国百名山,,一般道との接続,天狗山:1.58km,,,candidate,30,名称未確認、公式情報または2情報源での確認が必要,"OpenStreetMap（© OpenStreetMap contributors, ODbL 1.0）Geofabrik japan-latest.osm.pbf 2026-09-23T20:22:04Z node/1319809468（登山道と道路の接続点）",
TH-n1319819423,trailhead,（名称未確認）,35.336478,133.0982689,WGS84,500,天狗山,中国百名山,,道路の終点付近,天狗山:1.43km,,,candidate,30,名称未確認、林道からの入口（マイカー進入可否を要確認）、公式情報または2情報源での確認が必要,"OpenStreetMap（© OpenStreetMap contributors, ODbL 1.0）Geofabrik japan-latest.osm.pbf 2026-09-23T20:22:04Z node/1319819423（登山道と道路の接続点）",
TH-n1324428705,trailhead,（名称未確認）,35.075315,133.040346,WGS84,610,比婆山,中国百名山,,一般道（県道以上）との接続,比婆山:2.37km,,,candidate,30,名称未確認、公式情報または2情報源での確認が必要,"OpenStreetMap（© OpenStreetMap contributors, ODbL 1.0）Geofabrik japan-latest.osm.pbf 2026-09-23T20:22:04Z node/1324428705（登山道と道路の接続点）",
TH-n1324441812,trailhead,（名称未確認）,35.165522,133.18646,WGS84,566,船通山,中国百名山,,林道との接続,船通山:1.5km,,,candidate,30,名称未確認、林道からの入口（マイカー進入可否を要確認）、公式情報または2情報源での確認が必要,"OpenStreetMap（© OpenStreetMap contributors, ODbL 1.0）Geofabrik japan-latest.osm.pbf 2026-09-23T20:22:04Z node/1324441812（登山道と道路の接続点）",
TH-n1324443784,trailhead,（名称未確認）,35.172827,133.168361,WGS84,566,船通山,中国百名山,,一般道との接続,船通山:2.47km,,,candidate,30,名称未確認、公式情報または2情報源での確認が必要,"OpenStreetMap（© OpenStreetMap contributors, ODbL 1.0）Geofabrik japan-latest.osm.pbf 2026-09-23T20:22:04Z node/1324443784（登山道と道路の接続点）",
TH-n1324445989,trailhead,（名称未確認）,35.170553,133.173238,WGS84,566,船通山,中国百名山,,一般道との接続,船通山:2.09km,,,candidate,30,名称未確認、公式情報または2情報源での確認が必要,"OpenStreetMap（© OpenStreetMap contributors, ODbL 1.0）Geofabrik japan-latest.osm.pbf 2026-09-23T20:22:04Z node/1324445989（登山道と道路の接続点）",
TH-n1324458636,trailhead,（名称未確認）,35.127347,132.923775,WGS84,579,鯛ノ巣山,中国百名山,,一般道との接続,鯛ノ巣山:2.03km,,,candidate,30,名称未確認、公式情報または2情報源での確認が必要,"OpenStreetMap（© OpenStreetMap contributors, ODbL 1.0）Geofabrik japan-latest.osm.pbf 2026-09-23T20:22:04Z node/1324458636（登山道と道路の接続点）",
TH-n1324462093,trailhead,（名称未確認）木地谷バス停付近,35.0958412,132.9179281,WGS84,579,鯛ノ巣山,中国百名山,,一般道（県道以上）との接続,鯛ノ巣山:2.91km,BS-kP11-22-32-bs2665(531m),,provisional,30,名称未確認、公式情報または2情報源での確認が必要,"OpenStreetMap（© OpenStreetMap contributors, ODbL 1.0）Geofabrik japan-latest.osm.pbf 2026-09-23T20:22:04Z node/1324462093（登山道と道路の接続点）",
TH-n1324467389,trailhead,（名称未確認）,35.090927,132.943515,WGS84,586,猿政山,中国百名山,,林道との接続,猿政山:2.94km,,,candidate,30,名称未確認、林道からの入口（マイカー進入可否を要確認）、公式情報または2情報源での確認が必要,"OpenStreetMap（© OpenStreetMap contributors, ODbL 1.0）Geofabrik japan-latest.osm.pbf 2026-09-23T20:22:04Z node/1324467389（登山道と道路の接続点）",
TH-n1324469026,trailhead,（名称未確認）,35.093879,132.958203,WGS84,586,猿政山,中国百名山,,道路の終点付近,猿政山:1.75km,,,candidate,30,名称未確認、林道からの入口（マイカー進入可否を要確認）、公式情報または2情報源での確認が必要,"OpenStreetMap（© OpenStreetMap contributors, ODbL 1.0）Geofabrik japan-latest.osm.pbf 2026-09-23T20:22:04Z node/1324469026（登山道と道路の接続点）",
TH-n1325867828,trailhead,（名称未確認）来島バス停付近,35.0374526,132.7534661,WGS84,599,琴引山,中国百名山,,一般道との接続,琴引山:3.65km,BS-kP11-22-32-bs2832(938m) BS-kP11-22-32-bs2833(983m) BS-kP11-22-32-bs2844(988m),,provisional,30,名称未確認、公式情報または2情報源での確認が必要,"OpenStreetMap（© OpenStreetMap contributors, ODbL 1.0）Geofabrik japan-latest.osm.pbf 2026-09-23T20:22:04Z node/1325867828（登山道と道路の接続点）",
TH-n1325871007,trailhead,（名称未確認）,35.0915105,132.8421934,WGS84,583,大万木山,中国百名山,,道路の終点付近,大万木山:1.96km,,,candidate,30,名称未確認、林道からの入口（マイカー進入可否を要確認）、公式情報または2情報源での確認が必要,"OpenStreetMap（© OpenStreetMap contributors, ODbL 1.0）Geofabrik japan-latest.osm.pbf 2026-09-23T20:22:04Z node/1325871007（登山道と道路の接続点）",
TH-n1326977395,trailhead,（名称未確認）,35.14847,133.176966,WGS84,566,船通山,中国百名山,,道路の終点付近,船通山:0.85km,,,candidate,30,名称未確認、林道からの入口（マイカー進入可否を要確認）、公式情報または2情報源での確認が必要,"OpenStreetMap（© OpenStreetMap contributors, ODbL 1.0）Geofabrik japan-latest.osm.pbf 2026-09-23T20:22:04Z node/1326977395（登山道と道路の接続点）",
TH-n1326983537,trailhead,（名称未確認）,35.164979,133.393766,WGS84,569,花見山,中国百名山,,一般道との接続,花見山:1.58km,,,candidate,30,名称未確認、登山道が道路を横断する地点（途中の入口の可能性）、公式情報または2情報源での確認が必要,"OpenStreetMap（© OpenStreetMap contributors, ODbL 1.0）Geofabrik japan-latest.osm.pbf 2026-09-23T20:22:04Z node/1326983537（登山道と道路の接続点）",
TH-n1326997392,trailhead,（名称未確認）,35.143107,133.383312,WGS84,569,花見山,中国百名山,,一般道との接続,花見山:2.06km,,,candidate,30,名称未確認、公式情報または2情報源での確認が必要,"OpenStreetMap（© OpenStreetMap contributors, ODbL 1.0）Geofabrik japan-latest.osm.pbf 2026-09-23T20:22:04Z node/1326997392（登山道と道路の接続点）",
TH-n1327004174,trailhead,（名称未確認）,35.1468149,133.39199,WGS84,569,花見山,中国百名山,,一般道との接続,花見山:1.04km,,,candidate,30,名称未確認、公式情報または2情報源での確認が必要,"OpenStreetMap（© OpenStreetMap contributors, ODbL 1.0）Geofabrik japan-latest.osm.pbf 2026-09-23T20:22:04Z node/1327004174（登山道と道路の接続点）",
TH-n1329170931,trailhead,（名称未確認）常国バス停付近,34.440126,132.062095,WGS84,660 664,冠山、寂地山,中国百名山,OSM登山道「寂地林道」,道路の終点付近,冠山:4.95km 寂地山:5.84km,BS-kP11-22-35-bs98(526m) BS-kP11-22-35-bs95(605m) BS-kP11-22-35-bs106(699m),,provisional,30,名称未確認、林道からの入口（マイカー進入可否を要確認）、公式情報または2情報源での確認が必要,"OpenStreetMap（© OpenStreetMap contributors, ODbL 1.0）Geofabrik japan-latest.osm.pbf 2026-09-23T20:22:04Z node/1329170931（登山道と道路の接続点）",
TH-n1329172215,trailhead,松の木峠,34.437247,132.0768074,WGS84,660 664 679,冠山、寂地山、鬼ヶ城山,中国百名山,,峠（道路との接続）,冠山:4.45km 寂地山:5.34km 鬼ヶ城山:3.7km,BS-kP11-22-35-bs95(799m) BS-kP11-22-35-bs98(947m),,adopted,30,登山道が道路を横断する地点（途中の入口の可能性）,"OpenStreetMap（© OpenStreetMap contributors, ODbL 1.0）Geofabrik japan-latest.osm.pbf 2026-09-23T20:22:04Z node/1329172215（登山道と道路の接続点） ｜ 国土地理院 地名検索「松の木峠」（34.437043, 132.076896、JGD2011、24m差）2026-09-20確認",2026-09-20
TH-n1329173015,trailhead,（名称未確認）三和バス停付近,34.427627,132.061286,WGS84,679,鬼ヶ城山,中国百名山,,一般道との接続,鬼ヶ城山:3.32km,BS-kP11-22-35-bs115(291m) BS-kP11-22-35-bs129(377m) BS-kP11-22-35-bs143(585m),,provisional,30,名称未確認、公式情報または2情報源での確認が必要,"OpenStreetMap（© OpenStreetMap contributors, ODbL 1.0）Geofabrik japan-latest.osm.pbf 2026-09-23T20:22:04Z node/1329173015（登山道と道路の接続点）",
TH-n1329174594,trailhead,（名称未確認）寂地登山口バス停付近,34.435888,132.072793,WGS84,679,鬼ヶ城山,中国百名山,,一般道（県道以上）との接続,鬼ヶ城山:3.84km,BS-kP11-22-35-bs95(484m) BS-kP11-22-35-bs98(593m) BS-kP11-22-35-bs106(891m),,provisional,30,名称未確認、公式情報または2情報源での確認が必要,"OpenStreetMap（© OpenStreetMap contributors, ODbL 1.0）Geofabrik japan-latest.osm.pbf 2026-09-23T20:22:04Z node/1329174594（登山道と道路の接続点）",
TH-n1329175507,trailhead,（名称未確認）向峠バス停付近,34.390009,132.013215,WGS84,677,小五郎山,中国百名山,,一般道との接続,小五郎山:3.18km,PK-w443379040(424m) BS-kP11-22-35-bs336(251m) BS-n9699327056(445m) BS-kP11-22-35-bs357(486m),,provisional,30,名称未確認、公式情報または2情報源での確認が必要,"OpenStreetMap（© OpenStreetMap contributors, ODbL 1.0）Geofabrik japan-latest.osm.pbf 2026-09-23T20:22:04Z node/1329175507（登山道と道路の接続点）",
TH-n1329177389,trailhead,（名称未確認）,34.359837,132.066098,WGS84,686,羅漢山,中国百名山,,一般道（県道以上）との接続,羅漢山:0.64km,,,candidate,30,名称未確認、公式情報または2情報源での確認が必要,"OpenStreetMap（© OpenStreetMap contributors, ODbL 1.0）Geofabrik japan-latest.osm.pbf 2026-09-23T20:22:04Z node/1329177389（登山道と道路の接続点）",
TH-n1329201236,trailhead,（名称未確認）,34.252518,131.9188519,WGS84,701,馬糞ヶ岳,中国百名山,,一般道との接続,馬糞ヶ岳:3.26km,,,candidate,30,名称未確認、公式情報または2情報源での確認が必要,"OpenStreetMap（© OpenStreetMap contributors, ODbL 1.0）Geofabrik japan-latest.osm.pbf 2026-09-23T20:22:04Z node/1329201236（登山道と道路の接続点）",
TH-n1329219254,trailhead,（名称未確認）,34.243032,131.91562,WGS84,701,馬糞ヶ岳,中国百名山,,一般道との接続,馬糞ヶ岳:3.15km,,,candidate,30,名称未確認、公式情報または2情報源での確認が必要,"OpenStreetMap（© OpenStreetMap contributors, ODbL 1.0）Geofabrik japan-latest.osm.pbf 2026-09-23T20:22:04Z node/1329219254（登山道と道路の接続点）",
TH-n1329280807,trailhead,（名称未確認）,34.3504438,132.0533936,WGS84,686,羅漢山,中国百名山,,一般道（県道以上）との接続,羅漢山:1.49km,,,candidate,30,名称未確認、公式情報または2情報源での確認が必要,"OpenStreetMap（© OpenStreetMap contributors, ODbL 1.0）Geofabrik japan-latest.osm.pbf 2026-09-23T20:22:04Z node/1329280807（登山道と道路の接続点）",
TH-n1340678190,trailhead,（名称未確認）,34.0725944,131.9799511,WGS84,725,烏帽子岳,中国百名山,,一般道との接続,烏帽子岳:2.65km,,,candidate,30,名称未確認、公式情報または2情報源での確認が必要,"OpenStreetMap（© OpenStreetMap contributors, ODbL 1.0）Geofabrik japan-latest.osm.pbf 2026-09-23T20:22:04Z node/1340678190（登山道と道路の接続点）",
TH-n1340681494,trailhead,（名称未確認）,34.085968,131.9633629,WGS84,725,烏帽子岳,中国百名山,,一般道との接続,烏帽子岳:0.69km,,,candidate,30,名称未確認、登山道が道路を横断する地点（途中の入口の可能性）、公式情報または2情報源での確認が必要,"OpenStreetMap（© OpenStreetMap contributors, ODbL 1.0）Geofabrik japan-latest.osm.pbf 2026-09-23T20:22:04Z node/1340681494（登山道と道路の接続点）",
TH-n1340682297,trailhead,（名称未確認）,34.0686179,131.9587438,WGS84,725,烏帽子岳,中国百名山,,一般道（県道以上）との接続,烏帽子岳:2.63km,,,candidate,30,名称未確認、公式情報または2情報源での確認が必要,"OpenStreetMap（© OpenStreetMap contributors, ODbL 1.0）Geofabrik japan-latest.osm.pbf 2026-09-23T20:22:04Z node/1340682297（登山道と道路の接続点）",
TH-n1340708547,trailhead,（名称未確認）,34.243289,131.8801985,WGS84,701,馬糞ヶ岳,中国百名山,,一般道との接続,馬糞ヶ岳:2.48km,,,candidate,30,名称未確認、公式情報または2情報源での確認が必要,"OpenStreetMap（© OpenStreetMap contributors, ODbL 1.0）Geofabrik japan-latest.osm.pbf 2026-09-23T20:22:04Z node/1340708547（登山道と道路の接続点）",
TH-n1340724671,trailhead,（名称未確認）,34.242341,131.8858103,WGS84,701,馬糞ヶ岳,中国百名山,,一般道との接続,馬糞ヶ岳:1.96km,,,candidate,30,名称未確認、公式情報または2情報源での確認が必要,"OpenStreetMap（© OpenStreetMap contributors, ODbL 1.0）Geofabrik japan-latest.osm.pbf 2026-09-23T20:22:04Z node/1340724671（登山道と道路の接続点）",
TH-n1344124263,trailhead,（名称未確認）,34.402467,131.76291,WGS84,680,高岳山,中国百名山,,一般道との接続,高岳山:2.2km,,,candidate,30,名称未確認、公式情報または2情報源での確認が必要,"OpenStreetMap（© OpenStreetMap contributors, ODbL 1.0）Geofabrik japan-latest.osm.pbf 2026-09-23T20:22:04Z node/1344124263（登山道と道路の接続点）",
TH-n1344132656,trailhead,（名称未確認）,34.4459019,131.694534,WGS84,672,十種ヶ峰,中国百名山,,一般道との接続,十種ヶ峰:0.88km,,,candidate,30,名称未確認、公式情報または2情報源での確認が必要,"OpenStreetMap（© OpenStreetMap contributors, ODbL 1.0）Geofabrik japan-latest.osm.pbf 2026-09-23T20:22:04Z node/1344132656（登山道と道路の接続点）",
TH-n1344143423,trailhead,（名称未確認）,34.4411672,131.6884411,WGS84,672,十種ヶ峰,中国百名山,,一般道との接続,十種ヶ峰:0.75km,,,candidate,30,名称未確認、公式情報または2情報源での確認が必要,"OpenStreetMap（© OpenStreetMap contributors, ODbL 1.0）Geofabrik japan-latest.osm.pbf 2026-09-23T20:22:04Z node/1344143423（登山道と道路の接続点）",
TH-n1344145285,trailhead,（名称未確認）,34.418895,131.769667,WGS84,680,高岳山,中国百名山,,一般道との接続,高岳山:2.62km,,,candidate,30,名称未確認、登山道が道路を横断する地点（途中の入口の可能性）、公式情報または2情報源での確認が必要,"OpenStreetMap（© OpenStreetMap contributors, ODbL 1.0）Geofabrik japan-latest.osm.pbf 2026-09-23T20:22:04Z node/1344145285（登山道と道路の接続点）",
TH-n1345403804,trailhead,（名称未確認）,34.2198112,131.4610267,WGS84,711,東鳳翩山,中国百名山,,一般道との接続,東鳳翩山:2.2km,,,candidate,30,名称未確認、公式情報または2情報源での確認が必要,"OpenStreetMap（© OpenStreetMap contributors, ODbL 1.0）Geofabrik japan-latest.osm.pbf 2026-09-23T20:22:04Z node/1345403804（登山道と道路の接続点）",
TH-n1345408314,trailhead,地蔵峠,34.218875,131.4304574,WGS84,711,東鳳翩山,中国百名山,,峠（道路との接続）,東鳳翩山:1.4km,,,adopted,30,登山道が道路を横断する地点（途中の入口の可能性）,"OpenStreetMap（© OpenStreetMap contributors, ODbL 1.0）Geofabrik japan-latest.osm.pbf 2026-09-23T20:22:04Z node/1345408314（登山道と道路の接続点） ｜ 国土地理院 地名検索「地蔵峠」（34.219130, 131.430467、JGD2011、28m差）2026-09-20確認",2026-09-20
TH-n1345408632,trailhead,（名称未確認）,34.2306488,131.4650007,WGS84,711,東鳳翩山,中国百名山,,一般道（県道以上）との接続,東鳳翩山:3.02km,PK-w1002052698(155m) PK-w494573618(331m),,provisional,30,名称未確認、登山道が道路を横断する地点（途中の入口の可能性）、公式情報または2情報源での確認が必要,"OpenStreetMap（© OpenStreetMap contributors, ODbL 1.0）Geofabrik japan-latest.osm.pbf 2026-09-23T20:22:04Z node/1345408632（登山道と道路の接続点）",
TH-n1345515022,trailhead,（名称未確認）洞道北口バス停付近,34.104256,131.54902,WGS84,726,右田ヶ岳,中国百名山,,一般道との接続,右田ヶ岳:3.06km,BS-kP11-22-35-bs2182(890m) BS-kP11-22-35-bs2182(890m),,provisional,30,名称未確認、公式情報または2情報源での確認が必要,"OpenStreetMap（© OpenStreetMap contributors, ODbL 1.0）Geofabrik japan-latest.osm.pbf 2026-09-23T20:22:04Z node/1345515022（登山道と道路の接続点）",
TH-n1345527101,trailhead,（名称未確認）洞道北口バス停付近,34.100428,131.5461259,WGS84,726,右田ヶ岳,中国百名山,,一般道との接続,右田ヶ岳:2.31km,PK-w473921648(451m) BS-kP11-22-35-bs2182(630m) BS-kP11-22-35-bs2182(630m),,provisional,30,名称未確認、公式情報または2情報源での確認が必要,"OpenStreetMap（© OpenStreetMap contributors, ODbL 1.0）Geofabrik japan-latest.osm.pbf 2026-09-23T20:22:04Z node/1345527101（登山道と道路の接続点）",
TH-n1346481203,trailhead,（名称未確認）田の口バス停付近,34.0981801,131.5738275,WGS84,726,右田ヶ岳,中国百名山,,一般道（県道以上）との接続,右田ヶ岳:3.31km,BS-kP11-22-35-bs2284(639m) BS-kP11-22-35-bs2267(672m) BS-kP11-22-35-bs2227(906m),,provisional,30,名称未確認、公式情報または2情報源での確認が必要,"OpenStreetMap（© OpenStreetMap contributors, ODbL 1.0）Geofabrik japan-latest.osm.pbf 2026-09-23T20:22:04Z node/1346481203（登山道と道路の接続点）",
TH-n1346481398,trailhead,（名称未確認）上勝坂バス停付近,34.0884791,131.5474077,WGS84,726,右田ヶ岳,中国百名山,,一般道との接続,右田ヶ岳:2.08km,BS-kP11-22-35-bs2348(153m) BS-kP11-22-35-bs2348(153m) BS-kP11-22-35-bs2398(853m),,provisional,30,名称未確認、公式情報または2情報源での確認が必要,"OpenStreetMap（© OpenStreetMap contributors, ODbL 1.0）Geofabrik japan-latest.osm.pbf 2026-09-23T20:22:04Z node/1346481398（登山道と道路の接続点）",
TH-n1346493985,trailhead,（名称未確認）右田毛利邸前バス停付近,34.0905832,131.5730778,WGS84,726,右田ヶ岳,中国百名山,,一般道との接続,右田ヶ岳:3.67km,BS-kP11-22-35-bs2334(291m) BS-kP11-22-35-bs2284(502m) BS-kP11-22-35-bs2367(607m),,provisional,30,名称未確認、公式情報または2情報源での確認が必要,"OpenStreetMap（© OpenStreetMap contributors, ODbL 1.0）Geofabrik japan-latest.osm.pbf 2026-09-23T20:22:04Z node/1346493985（登山道と道路の接続点）",
TH-n1346498166,trailhead,（名称未確認）塚原バス停付近,34.0800131,131.5661554,WGS84,726,右田ヶ岳,中国百名山,,一般道との接続,右田ヶ岳:1.3km,BS-kP11-22-35-bs2426(183m) BS-kP11-22-35-bs2384(426m) BS-kP11-22-35-bs2367(758m),,provisional,30,名称未確認、公式情報または2情報源での確認が必要,"OpenStreetMap（© OpenStreetMap contributors, ODbL 1.0）Geofabrik japan-latest.osm.pbf 2026-09-23T20:22:04Z node/1346498166（登山道と道路の接続点）",
TH-n1348837520,trailhead,（名称未確認）,35.2523101,133.3640321,WGS84,524,鎌倉山,中国百名山,,一般道との接続,鎌倉山:1.27km,,,candidate,30,名称未確認、公式情報または2情報源での確認が必要,"OpenStreetMap（© OpenStreetMap contributors, ODbL 1.0）Geofabrik japan-latest.osm.pbf 2026-09-23T20:22:04Z node/1348837520（登山道と道路の接続点）",
TH-n1348841434,trailhead,（名称未確認）,35.251842,133.358871,WGS84,524,鎌倉山,中国百名山,,一般道との接続,鎌倉山:1.27km,,,candidate,30,名称未確認、公式情報または2情報源での確認が必要,"OpenStreetMap（© OpenStreetMap contributors, ODbL 1.0）Geofabrik japan-latest.osm.pbf 2026-09-23T20:22:04Z node/1348841434（登山道と道路の接続点）",
TH-n1348878618,trailhead,新小屋峠,35.3513616,133.5866198,WGS84,497,烏ヶ山,中国百名山,,峠（道路との接続）,烏ヶ山:2.27km,,,adopted,30,登山道が道路を横断する地点（途中の入口の可能性）,"OpenStreetMap（© OpenStreetMap contributors, ODbL 1.0）Geofabrik japan-latest.osm.pbf 2026-09-23T20:22:04Z node/1348878618（登山道と道路の接続点） ｜ 国土地理院 地名検索「新小屋峠」（35.351732, 133.586550、JGD2011、41m差）2026-09-20確認",2026-09-20
TH-n1348929064,trailhead,（名称未確認）,35.371322,133.97366,WGS84,481,三徳山,中国百名山,,一般道（県道以上）との接続,三徳山:2.16km,,,candidate,30,名称未確認、公式情報または2情報源での確認が必要,"OpenStreetMap（© OpenStreetMap contributors, ODbL 1.0）Geofabrik japan-latest.osm.pbf 2026-09-23T20:22:04Z node/1348929064（登山道と道路の接続点）",
TH-n1348929590,trailhead,（名称未確認）,35.2655249,133.82169,WGS84,528,津黒山,中国百名山,,一般道との接続,津黒山:1.65km,,,candidate,30,名称未確認、公式情報または2情報源での確認が必要,"OpenStreetMap（© OpenStreetMap contributors, ODbL 1.0）Geofabrik japan-latest.osm.pbf 2026-09-23T20:22:04Z node/1348929590（登山道と道路の接続点）",
TH-n1348930252,trailhead,（名称未確認）,35.372306,133.967099,WGS84,481,三徳山,中国百名山,,一般道（県道以上）との接続,三徳山:1.61km,,,candidate,30,名称未確認、公式情報または2情報源での確認が必要,"OpenStreetMap（© OpenStreetMap contributors, ODbL 1.0）Geofabrik japan-latest.osm.pbf 2026-09-23T20:22:04Z node/1348930252（登山道と道路の接続点）",
TH-n1348935314,trailhead,（名称未確認）,35.286656,133.821645,WGS84,517,若杉山,中国百名山,,一般道との接続,若杉山:1.56km,,,candidate,30,名称未確認、公式情報または2情報源での確認が必要,"OpenStreetMap（© OpenStreetMap contributors, ODbL 1.0）Geofabrik japan-latest.osm.pbf 2026-09-23T20:22:04Z node/1348935314（登山道と道路の接続点）",
TH-n1348935976,trailhead,（名称未確認）,35.268292,133.828655,WGS84,517,若杉山,中国百名山,,一般道との接続,若杉山:1.89km,,,candidate,30,名称未確認、公式情報または2情報源での確認が必要,"OpenStreetMap（© OpenStreetMap contributors, ODbL 1.0）Geofabrik japan-latest.osm.pbf 2026-09-23T20:22:04Z node/1348935976（登山道と道路の接続点）",
TH-n1348936785,trailhead,（名称未確認）,35.285504,133.826774,WGS84,517,若杉山,中国百名山,,道路の終点付近,若杉山:1.07km,,,candidate,30,名称未確認、公式情報または2情報源での確認が必要,"OpenStreetMap（© OpenStreetMap contributors, ODbL 1.0）Geofabrik japan-latest.osm.pbf 2026-09-23T20:22:04Z node/1348936785（登山道と道路の接続点）",
TH-n1348941471,trailhead,大谷峠,35.249804,133.825868,WGS84,528,津黒山,中国百名山,,峠（道路との接続）,津黒山:1.01km,,,adopted,30,,"OpenStreetMap（© OpenStreetMap contributors, ODbL 1.0）Geofabrik japan-latest.osm.pbf 2026-09-23T20:22:04Z node/1348941471（登山道と道路の接続点） ｜ 国土地理院 地名検索「大谷峠」（35.250116, 133.825783、JGD2011、35m差）2026-09-20確認",2026-09-20
TH-n1348948412,trailhead,（名称未確認）三徳バス停付近,35.400823,133.9551277,WGS84,481,三徳山,中国百名山,,一般道（県道以上）との接続,三徳山:1.93km,BS-kP11-22-31-bs1778(111m) BS-kP11-22-31-bs1769(157m) BS-kP11-22-31-bs1776(379m),,provisional,30,名称未確認、公式情報または2情報源での確認が必要,"OpenStreetMap（© OpenStreetMap contributors, ODbL 1.0）Geofabrik japan-latest.osm.pbf 2026-09-23T20:22:04Z node/1348948412（登山道と道路の接続点）",
TH-n1349838084,trailhead,（名称未確認）,35.1874567,134.1743722,WGS84,558,那岐山,日本三百名山|中国百名山,,一般道との接続,那岐山:2.42km,,,candidate,30,名称未確認、公式情報または2情報源での確認が必要,"OpenStreetMap（© OpenStreetMap contributors, ODbL 1.0）Geofabrik japan-latest.osm.pbf 2026-09-23T20:22:04Z node/1349838084（登山道と道路の接続点）",
TH-n1349878675,trailhead,（名称未確認）,35.4304581,134.4287138,WGS84,466,扇ノ山,日本三百名山|関西百名山|中国百名山,,一般道との接続,扇ノ山:1.71km,,,candidate,30,名称未確認、公式情報または2情報源での確認が必要,"OpenStreetMap（© OpenStreetMap contributors, ODbL 1.0）Geofabrik japan-latest.osm.pbf 2026-09-23T20:22:04Z node/1349878675（登山道と道路の接続点）",
TH-n1349981174,trailhead,（名称未確認）,34.2545547,131.3152176,WGS84,709,龍護峰,中国百名山,,一般道（県道以上）との接続,龍護峰:5.28km,PK-w167425213(240m),,provisional,30,名称未確認、公式情報または2情報源での確認が必要,"OpenStreetMap（© OpenStreetMap contributors, ODbL 1.0）Geofabrik japan-latest.osm.pbf 2026-09-23T20:22:04Z node/1349981174（登山道と道路の接続点）",
TH-n1350876666,trailhead,（名称未確認）,34.270048,131.228249,WGS84,694,花尾山,中国百名山,,一般道との接続,花尾山:2.45km,,,candidate,30,名称未確認、公式情報または2情報源での確認が必要,"OpenStreetMap（© OpenStreetMap contributors, ODbL 1.0）Geofabrik japan-latest.osm.pbf 2026-09-23T20:22:04Z node/1350876666（登山道と道路の接続点）",
TH-n1352113851,trailhead,（名称未確認）,34.316691,131.0091459,WGS84,693,白滝山,中国百名山,,道路の終点付近,白滝山:2.58km,,,candidate,30,名称未確認、林道からの入口（マイカー進入可否を要確認）、公式情報または2情報源での確認が必要,"OpenStreetMap（© OpenStreetMap contributors, ODbL 1.0）Geofabrik japan-latest.osm.pbf 2026-09-23T20:22:04Z node/1352113851（登山道と道路の接続点）",
TH-n1353409470,trailhead,（名称未確認）済生会病院バス停付近,34.032478,130.93227,WGS84,728,竜王山,中国百名山,,一般道との接続,竜王山:4.24km,PK-w463428940(129m) PK-w463428958(188m) PK-w463428961(202m) BS-kP11-22-35-bs3105(195m) BS-kP11-22-35-bs3156(629m) BS-kP11-22-35-bs3184(965m),,provisional,30,名称未確認、公式情報または2情報源での確認が必要,"OpenStreetMap（© OpenStreetMap contributors, ODbL 1.0）Geofabrik japan-latest.osm.pbf 2026-09-23T20:22:04Z node/1353409470（登山道と道路の接続点）",
TH-n1353410274,trailhead,（名称未確認）済生会病院バス停付近,34.035635,130.927839,WGS84,728,竜王山,中国百名山,,一般道との接続,竜王山:4.09km,PK-w463428958(410m) PK-w463428961(497m) BS-kP11-22-35-bs3105(630m),,provisional,30,名称未確認、登山道が道路を横断する地点（途中の入口の可能性）、公式情報または2情報源での確認が必要,"OpenStreetMap（© OpenStreetMap contributors, ODbL 1.0）Geofabrik japan-latest.osm.pbf 2026-09-23T20:22:04Z node/1353410274（登山道と道路の接続点）",
TH-n1353413479,trailhead,（名称未確認）,34.0503645,130.9434422,WGS84,728,竜王山,中国百名山,,一般道との接続,竜王山:3.25km,PK-w389323924(70m) PK-w389323931(371m),,provisional,30,名称未確認、公式情報または2情報源での確認が必要,"OpenStreetMap（© OpenStreetMap contributors, ODbL 1.0）Geofabrik japan-latest.osm.pbf 2026-09-23T20:22:04Z node/1353413479（登山道と道路の接続点）",
TH-n1353416402,trailhead,（名称未確認）古宿バス停付近,34.070924,130.915104,WGS84,728,竜王山,中国百名山,,一般道（県道以上）との接続,竜王山:2.01km,BS-kP11-22-35-bs2624(986m),,provisional,30,名称未確認、公式情報または2情報源での確認が必要,"OpenStreetMap（© OpenStreetMap contributors, ODbL 1.0）Geofabrik japan-latest.osm.pbf 2026-09-23T20:22:04Z node/1353416402（登山道と道路の接続点）",
TH-n13666019967,trailhead,まきた,35.4319857,133.8217713,WGS84,471,打吹山,中国百名山,,施設（山小屋・宿・キャンプ場）からの入口,打吹山:0.41km,PK-w1180930785(264m) PK-w451734712(275m) PK-w449086406(289m) BS-kP11-22-31-bs1437(160m) BS-kP11-22-31-bs1438(160m) BS-kP11-22-31-bs1382(192m),,provisional,15,公式情報または2情報源での確認が必要,"OpenStreetMap（© OpenStreetMap contributors, ODbL 1.0）Geofabrik japan-latest.osm.pbf 2026-09-23T20:22:04Z node/13666019967",
TH-n13784825952,trailhead,（名称未確認）,34.8253859,132.1927482,WGS84,622,金木山,中国百名山,,道路の終点付近,金木山:0.76km,,,candidate,30,名称未確認、林道からの入口（マイカー進入可否を要確認）、公式情報または2情報源での確認が必要,"OpenStreetMap（© OpenStreetMap contributors, ODbL 1.0）Geofabrik japan-latest.osm.pbf 2026-09-23T20:22:04Z node/13784825952（登山道と道路の接続点）",
TH-n1381317285,trailhead,（名称未確認）国民宿舎さんべ荘前バス停付近,35.1162672,132.6235648,WGS84,575,三瓶山,日本二百名山|日本三百名山|中国百名山,,一般道（県道以上）との接続,三瓶山:3.59km,PK-w230627002(447m) BS-kP11-22-32-bs2616(61m) BS-kP11-22-32-bs2615(270m) BS-kP11-22-32-bs2612(404m),,provisional,30,名称未確認、公式情報または2情報源での確認が必要,"OpenStreetMap（© OpenStreetMap contributors, ODbL 1.0）Geofabrik japan-latest.osm.pbf 2026-09-23T20:22:04Z node/1381317285（登山道と道路の接続点）",
TH-n1381318168,trailhead,（名称未確認）駕籠立の松バス停付近,35.1268591,132.6049856,WGS84,575,三瓶山,日本二百名山|日本三百名山|中国百名山,,一般道（県道以上）との接続,三瓶山:2.9km,PK-w230838676(464m) PK-w230838675(491m) BS-kP11-22-32-bs2587(173m) BS-kP11-22-32-bs2570(523m) BS-kP11-22-32-bs2597(639m),,provisional,30,名称未確認、公式情報または2情報源での確認が必要,"OpenStreetMap（© OpenStreetMap contributors, ODbL 1.0）Geofabrik japan-latest.osm.pbf 2026-09-23T20:22:04Z node/1381318168（登山道と道路の接続点）",
TH-n1381319052,trailhead,（名称未確認）定の松バス停付近,35.1311355,132.6015758,WGS84,575,三瓶山,日本二百名山|日本三百名山|中国百名山,,一般道（県道以上）との接続,三瓶山:2.52km,PK-w230838676(132m) PK-w230838675(160m) BS-kP11-22-32-bs2570(44m) BS-kP11-22-32-bs2587(737m),,provisional,30,名称未確認、公式情報または2情報源での確認が必要,"OpenStreetMap（© OpenStreetMap contributors, ODbL 1.0）Geofabrik japan-latest.osm.pbf 2026-09-23T20:22:04Z node/1381319052（登山道と道路の接続点）",
TH-n1381321193,trailhead,（名称未確認）別荘入口バス停付近,35.146527,132.635932,WGS84,575,三瓶山,日本二百名山|日本三百名山|中国百名山,,一般道との接続,三瓶山:1.73km,BS-kP11-22-32-bs2504(598m),,provisional,30,名称未確認、公式情報または2情報源での確認が必要,"OpenStreetMap（© OpenStreetMap contributors, ODbL 1.0）Geofabrik japan-latest.osm.pbf 2026-09-23T20:22:04Z node/1381321193（登山道と道路の接続点）",
TH-n1381321343,trailhead,（名称未確認）別荘入口バス停付近,35.1478288,132.6306654,WGS84,575,三瓶山,日本二百名山|日本三百名山|中国百名山,,一般道との接続,三瓶山:1.66km,PK-w1363405595(426m) BS-kP11-22-32-bs2504(590m) BS-kP11-22-32-bs2503(703m) BS-kP11-22-32-bs2500(995m),,provisional,30,名称未確認、公式情報または2情報源での確認が必要,"OpenStreetMap（© OpenStreetMap contributors, ODbL 1.0）Geofabrik japan-latest.osm.pbf 2026-09-23T20:22:04Z node/1381321343（登山道と道路の接続点）",
TH-n1381321737,trailhead,（名称未確認）青少年交流の家バス停付近,35.1508726,132.6264468,WGS84,575,三瓶山,日本二百名山|日本三百名山|中国百名山,,一般道との接続,三瓶山:2.08km,PK-w1363405588(120m) PK-w1363405595(283m) BS-kP11-22-32-bs2503(193m) BS-kP11-22-32-bs2500(491m) BS-kP11-22-32-bs2504(777m),,provisional,30,名称未確認、登山道が道路を横断する地点（途中の入口の可能性）、公式情報または2情報源での確認が必要,"OpenStreetMap（© OpenStreetMap contributors, ODbL 1.0）Geofabrik japan-latest.osm.pbf 2026-09-23T20:22:04Z node/1381321737（登山道と道路の接続点）",
TH-n1381321802,trailhead,三瓶山 北の原（三瓶自然館サヒメル前）,35.1514458,132.6204356,WGS84,575,三瓶山,日本二百名山|日本三百名山|中国百名山,,一般道との接続,三瓶山:4.14km,PK-w1363400835(192m) PK-w1363400834(229m) PK-w1363400837(329m) BS-kP11-22-32-bs2500(204m) BS-kP11-22-32-bs2503(393m),,adopted,15,登山道が道路を横断する地点（途中の入口の可能性）、西の原駐車場は約88台・無料・トイレあり。登山道入口までは約0.5km（島根県）,"OpenStreetMap（© OpenStreetMap contributors, ODbL 1.0）Geofabrik japan-latest.osm.pbf 2026-09-23T20:22:04Z node/1381321802（登山道と道路の接続点） ｜ 公式情報: https://www.kankou-shimane.com/destination/20287 ｜ 公式情報: https://www.kankou-shimane.com/destination/20674",2026-09-20
TH-n1382522580,trailhead,（名称未確認）祖式バス停付近,35.0668111,132.4422992,WGS84,592,大江高山,中国百名山,,一般道との接続,大江高山:1.28km,BS-kP11-22-32-bs2746(866m),,provisional,30,名称未確認、公式情報または2情報源での確認が必要,"OpenStreetMap（© OpenStreetMap contributors, ODbL 1.0）Geofabrik japan-latest.osm.pbf 2026-09-23T20:22:04Z node/1382522580（登山道と道路の接続点）",
TH-n1382522643,trailhead,（名称未確認）祖式バス停付近,35.0675016,132.4481286,WGS84,592,大江高山,中国百名山,,一般道との接続,大江高山:1.86km,BS-kP11-22-32-bs2746(382m) BS-kP11-22-32-bs2765(909m) BS-kP11-22-32-bs2744(938m),,provisional,30,名称未確認、公式情報または2情報源での確認が必要,"OpenStreetMap（© OpenStreetMap contributors, ODbL 1.0）Geofabrik japan-latest.osm.pbf 2026-09-23T20:22:04Z node/1382522643（登山道と道路の接続点）",
TH-n1382522825,trailhead,（名称未確認）,35.0708399,132.4115172,WGS84,592,大江高山,中国百名山,,一般道との接続,大江高山:1.85km,,,candidate,30,名称未確認、公式情報または2情報源での確認が必要,"OpenStreetMap（© OpenStreetMap contributors, ODbL 1.0）Geofabrik japan-latest.osm.pbf 2026-09-23T20:22:04Z node/1382522825（登山道と道路の接続点）",
TH-n1387129012,trailhead,（名称未確認）荘厳寺前バス停付近,35.395333,132.7304983,WGS84,480,鼻高山,中国百名山,,一般道との接続,鼻高山:3.94km,BS-kP11-22-32-bs1230(433m) BS-kP11-22-32-bs1273(622m) BS-kP11-22-32-bs1257(703m),,provisional,30,名称未確認、公式情報または2情報源での確認が必要,"OpenStreetMap（© OpenStreetMap contributors, ODbL 1.0）Geofabrik japan-latest.osm.pbf 2026-09-23T20:22:04Z node/1387129012（登山道と道路の接続点）",
TH-n1387129329,trailhead,（名称未確認）阿須伎神社入口バス停付近,35.3970986,132.7193154,WGS84,480,鼻高山,中国百名山,,一般道との接続,鼻高山:6.14km,BS-kP11-22-32-bs1222(196m) BS-kP11-22-32-bs1230(603m) BS-kP11-22-32-bs1224(741m),,provisional,30,名称未確認、公式情報または2情報源での確認が必要,"OpenStreetMap（© OpenStreetMap contributors, ODbL 1.0）Geofabrik japan-latest.osm.pbf 2026-09-23T20:22:04Z node/1387129329（登山道と道路の接続点）",
TH-n1387129843,trailhead,（名称未確認）みせん広場前バス停付近,35.4000034,132.6942026,WGS84,480,鼻高山,中国百名山,,一般道との接続,鼻高山:7.13km,PK-w470731128(298m) BS-kP11-22-32-bs1212(329m) BS-n12709500577(523m) BS-kP11-22-32-bs1213(698m),,provisional,30,名称未確認、登山道が道路を横断する地点（途中の入口の可能性）、公式情報または2情報源での確認が必要,"OpenStreetMap（© OpenStreetMap contributors, ODbL 1.0）Geofabrik japan-latest.osm.pbf 2026-09-23T20:22:04Z node/1387129843（登山道と道路の接続点）",
TH-n1387132527,trailhead,（名称未確認）唐川坂中バス停付近,35.4181529,132.741214,WGS84,480,鼻高山,中国百名山,,一般道との接続,鼻高山:3.58km,BS-kP11-22-32-bs998(888m),,provisional,30,名称未確認、公式情報または2情報源での確認が必要,"OpenStreetMap（© OpenStreetMap contributors, ODbL 1.0）Geofabrik japan-latest.osm.pbf 2026-09-23T20:22:04Z node/1387132527（登山道と道路の接続点）",
TH-n1387132664,trailhead,（名称未確認）唐川坂中バス停付近,35.418738,132.735515,WGS84,480,鼻高山,中国百名山,,一般道との接続,鼻高山:3.87km,BS-kP11-22-32-bs998(833m) BS-kP11-22-32-bs1009(843m),,provisional,30,名称未確認、公式情報または2情報源での確認が必要,"OpenStreetMap（© OpenStreetMap contributors, ODbL 1.0）Geofabrik japan-latest.osm.pbf 2026-09-23T20:22:04Z node/1387132664（登山道と道路の接続点）",
TH-n1387133695,trailhead,（名称未確認）鰐淵寺駐車場バス停付近,35.4210272,132.7473912,WGS84,480,鼻高山,中国百名山,,一般道との接続,鼻高山:2.42km,BS-kP11-22-32-bs971(787m) BS-kP11-22-32-bs998(970m),,provisional,30,名称未確認、公式情報または2情報源での確認が必要,"OpenStreetMap（© OpenStreetMap contributors, ODbL 1.0）Geofabrik japan-latest.osm.pbf 2026-09-23T20:22:04Z node/1387133695（登山道と道路の接続点）",
TH-n1387135009,trailhead,（名称未確認）鰐淵寺駐車場バス停付近,35.4236275,132.7512475,WGS84,480,鼻高山,中国百名山,,一般道（県道以上）との接続,鼻高山:2.27km,BS-kP11-22-32-bs971(526m),,provisional,30,名称未確認、公式情報または2情報源での確認が必要,"OpenStreetMap（© OpenStreetMap contributors, ODbL 1.0）Geofabrik japan-latest.osm.pbf 2026-09-23T20:22:04Z node/1387135009（登山道と道路の接続点）",
TH-n1387135676,trailhead,（名称未確認）徳雲寺橋バス停付近,35.4262439,132.799747,WGS84,480,鼻高山,中国百名山,,一般道との接続,鼻高山:5.26km,PK-w560428300(491m) BS-kP11-22-32-bs830(931m) BS-kP11-22-32-bs956(947m),,provisional,30,名称未確認、公式情報または2情報源での確認が必要,"OpenStreetMap（© OpenStreetMap contributors, ODbL 1.0）Geofabrik japan-latest.osm.pbf 2026-09-23T20:22:04Z node/1387135676（登山道と道路の接続点）",
TH-n1387136869,trailhead,（名称未確認）徳雲寺橋バス停付近,35.4315703,132.7966687,WGS84,480,鼻高山,中国百名山,,一般道との接続,鼻高山:5.34km,PK-w560428299(264m) PK-w560428300(293m) PK-w553701056(404m) BS-kP11-22-32-bs830(508m),,provisional,30,名称未確認、公式情報または2情報源での確認が必要,"OpenStreetMap（© OpenStreetMap contributors, ODbL 1.0）Geofabrik japan-latest.osm.pbf 2026-09-23T20:22:04Z node/1387136869（登山道と道路の接続点）",
TH-n1391982317,trailhead,（名称未確認）矢尾町バス停付近,35.3971121,132.7475343,WGS84,480,鼻高山,中国百名山,,一般道との接続,鼻高山:2.46km,BS-kP11-22-32-bs1232(152m) BS-kP11-22-32-bs1229(394m) BS-kP11-22-32-bs1231(426m),,provisional,30,名称未確認、公式情報または2情報源での確認が必要,"OpenStreetMap（© OpenStreetMap contributors, ODbL 1.0）Geofabrik japan-latest.osm.pbf 2026-09-23T20:22:04Z node/1391982317（登山道と道路の接続点）",
TH-n1394278930,trailhead,（名称未確認）,35.1296544,132.9006737,WGS84,579,鯛ノ巣山,中国百名山,,一般道との接続,鯛ノ巣山:2.4km,,,candidate,30,名称未確認、公式情報または2情報源での確認が必要,"OpenStreetMap（© OpenStreetMap contributors, ODbL 1.0）Geofabrik japan-latest.osm.pbf 2026-09-23T20:22:04Z node/1394278930（登山道と道路の接続点）",
TH-n1408166532,trailhead,（名称未確認）畑谷入口バス停付近,35.500407,132.969072,WGS84,446,朝日山,中国百名山,,一般道（県道以上）との接続,朝日山:1.66km,BS-kP11-22-32-bs234(130m) BS-kP11-22-32-bs260(440m),,provisional,30,名称未確認、公式情報または2情報源での確認が必要,"OpenStreetMap（© OpenStreetMap contributors, ODbL 1.0）Geofabrik japan-latest.osm.pbf 2026-09-23T20:22:04Z node/1408166532（登山道と道路の接続点）",
TH-n1408167702,trailhead,（名称未確認）,35.507012,132.979243,WGS84,446,朝日山,中国百名山,,一般道との接続,朝日山:0.3km,,,candidate,30,名称未確認、公式情報または2情報源での確認が必要,"OpenStreetMap（© OpenStreetMap contributors, ODbL 1.0）Geofabrik japan-latest.osm.pbf 2026-09-23T20:22:04Z node/1408167702（登山道と道路の接続点）",
TH-n1408170632,trailhead,（名称未確認）廻谷バス停付近,35.5182355,132.9794986,WGS84,446,朝日山,中国百名山,,一般道との接続,朝日山:1.02km,PK-w1504291004(11m) PK-w639993091(479m) BS-kP11-22-32-bs165(119m) BS-kP11-22-32-bs149(464m) BS-kP11-22-32-bs160(497m),,provisional,30,名称未確認、公式情報または2情報源での確認が必要,"OpenStreetMap（© OpenStreetMap contributors, ODbL 1.0）Geofabrik japan-latest.osm.pbf 2026-09-23T20:22:04Z node/1408170632（登山道と道路の接続点）",
TH-n1416878383,trailhead,（名称未確認）一の原バス停付近,35.482586,133.105781,WGS84,452,嵩山,中国百名山,,一般道との接続,嵩山:0.66km,BS-kP11-22-32-bs431(810m) BS-kP11-22-32-bs369(983m),,provisional,30,名称未確認、近くの道路にゲートあり（車両通行止め・季節閉鎖の可能性）、公式情報または2情報源での確認が必要,"OpenStreetMap（© OpenStreetMap contributors, ODbL 1.0）Geofabrik japan-latest.osm.pbf 2026-09-23T20:22:04Z node/1416878383（登山道と道路の接続点）",
TH-n1417816361,trailhead,（名称未確認）,35.539821,134.324538,WGS84,439,二上山,中国百名山,,一般道（県道以上）との接続,二上山:0.5km,,,candidate,30,名称未確認、公式情報または2情報源での確認が必要,"OpenStreetMap（© OpenStreetMap contributors, ODbL 1.0）Geofabrik japan-latest.osm.pbf 2026-09-23T20:22:04Z node/1417816361（登山道と道路の接続点）",
TH-n1417817373,trailhead,（名称未確認）,35.548094,134.3262,WGS84,439,二上山,中国百名山,,一般道との接続,二上山:1.07km,,,candidate,30,名称未確認、公式情報または2情報源での確認が必要,"OpenStreetMap（© OpenStreetMap contributors, ODbL 1.0）Geofabrik japan-latest.osm.pbf 2026-09-23T20:22:04Z node/1417817373（登山道と道路の接続点）",
TH-n1425861797,trailhead,（名称未確認）,35.3812282,133.6102155,WGS84,469 484 488 490,船上山、甲ヶ山、矢筈ヶ山、大山,中国百名山|日本百名山|日本二百名山|日本三百名山,OSM登山道「中国自然歩道」,一般道との接続,船上山:11.87km 甲ヶ山:6.71km 矢筈ヶ山:5.83km 大山:11.4km,PK-w1284538671(134m),,provisional,30,名称未確認、公式情報または2情報源での確認が必要,"OpenStreetMap（© OpenStreetMap contributors, ODbL 1.0）Geofabrik japan-latest.osm.pbf 2026-09-23T20:22:04Z node/1425861797（登山道と道路の接続点）",
TH-n1425864894,trailhead,（名称未確認）,35.4200305,133.604329,WGS84,469 484 488,船上山、甲ヶ山、矢筈ヶ山,中国百名山,,一般道（県道以上）との接続,船上山:2.2km 甲ヶ山:7.18km 矢筈ヶ山:8.09km,,,candidate,30,名称未確認、公式情報または2情報源での確認が必要,"OpenStreetMap（© OpenStreetMap contributors, ODbL 1.0）Geofabrik japan-latest.osm.pbf 2026-09-23T20:22:04Z node/1425864894（登山道と道路の接続点）",
TH-n1425865627,trailhead,船上山少年自然の家（船上山登山口）,35.4300971,133.6020334,WGS84,469 484 488 490,船上山、甲ヶ山、矢筈ヶ山、大山,中国百名山|日本百名山|日本二百名山|日本三百名山,,一般道（県道以上）との接続,船上山:0.37km 甲ヶ山:5.7km 矢筈ヶ山:6.61km 大山:14.57km,PK-w627410831(498m) BS-kP11-22-31-bs1469(577m),,adopted,15,,"OpenStreetMap（© OpenStreetMap contributors, ODbL 1.0）Geofabrik japan-latest.osm.pbf 2026-09-23T20:22:04Z node/1425865627（登山道と道路の接続点） ｜ 公式情報: https://www.pref.tottori.lg.jp/senjyozan/ ｜ 公式情報: https://www.tottori-guide.jp/tourism/tour/view/766",2026-09-20
TH-n1450251643,trailhead,（名称未確認）河内バス停付近,35.4095175,134.0274665,WGS84,474,鷲峰山,中国百名山,,一般道との接続,鷲峰山:3.77km,BS-kP11-22-31-bs1666(653m),,provisional,30,名称未確認、公式情報または2情報源での確認が必要,"OpenStreetMap（© OpenStreetMap contributors, ODbL 1.0）Geofabrik japan-latest.osm.pbf 2026-09-23T20:22:04Z node/1450251643（登山道と道路の接続点）",
TH-n1453398200,trailhead,（名称未確認）,35.302681,134.073192,WGS84,515,三原山,中国百名山,,一般道（県道以上）との接続,三原山:0.84km,,,candidate,30,名称未確認、公式情報または2情報源での確認が必要,"OpenStreetMap（© OpenStreetMap contributors, ODbL 1.0）Geofabrik japan-latest.osm.pbf 2026-09-23T20:22:04Z node/1453398200（登山道と道路の接続点）",
TH-n1456408264,trailhead,（名称未確認）鷲峰バス停付近,35.439768,134.026345,WGS84,474,鷲峰山,中国百名山,,一般道との接続,鷲峰山:2.88km,BS-kP11-22-31-bs1242(450m) BS-kP11-22-31-bs1217(781m) BS-kP11-22-31-bs1376(804m),,provisional,30,名称未確認、登山道が道路を横断する地点（途中の入口の可能性）、公式情報または2情報源での確認が必要,"OpenStreetMap（© OpenStreetMap contributors, ODbL 1.0）Geofabrik japan-latest.osm.pbf 2026-09-23T20:22:04Z node/1456408264（登山道と道路の接続点）",
TH-n1456408965,trailhead,（名称未確認）,35.4437424,134.0468654,WGS84,474,鷲峰山,中国百名山,,道路の終点付近,鷲峰山:2.58km,,,candidate,30,名称未確認、公式情報または2情報源での確認が必要,"OpenStreetMap（© OpenStreetMap contributors, ODbL 1.0）Geofabrik japan-latest.osm.pbf 2026-09-23T20:22:04Z node/1456408965（登山道と道路の接続点）",
TH-n1462044005,trailhead,（名称未確認）,35.4001072,133.5500525,WGS84,488,矢筈ヶ山,中国百名山,OSM登山道「中国自然歩道」,一般道（県道以上）との接続,矢筈ヶ山:4.71km,,,candidate,30,名称未確認、公式情報または2情報源での確認が必要,"OpenStreetMap（© OpenStreetMap contributors, ODbL 1.0）Geofabrik japan-latest.osm.pbf 2026-09-23T20:22:04Z node/1462044005（登山道と道路の接続点）",
TH-n1470444176,trailhead,（名称未確認）,35.469584,134.451569,WGS84,466,扇ノ山,日本三百名山|関西百名山|中国百名山,,一般道との接続,扇ノ山:4.9km,,,candidate,30,名称未確認、登山道が道路を横断する地点（途中の入口の可能性）、公式情報または2情報源での確認が必要,"OpenStreetMap（© OpenStreetMap contributors, ODbL 1.0）Geofabrik japan-latest.osm.pbf 2026-09-23T20:22:04Z node/1470444176（登山道と道路の接続点）",
TH-n1486594383,trailhead,（名称未確認）,35.1517476,134.1547707,WGS84,559 560,滝山、爪ヶ城,中国百名山,,一般道との接続,滝山:2.04km 爪ヶ城:3.63km,,,candidate,30,名称未確認、公式情報または2情報源での確認が必要,"OpenStreetMap（© OpenStreetMap contributors, ODbL 1.0）Geofabrik japan-latest.osm.pbf 2026-09-23T20:22:04Z node/1486594383（登山道と道路の接続点）",
TH-n1488030014,trailhead,（名称未確認）,35.2231832,133.5270456,WGS84,532 534,金ヶ谷山、毛無山,中国百名山,,一般道との接続,金ヶ谷山:7.47km 毛無山:2.11km,,,candidate,30,名称未確認、公式情報または2情報源での確認が必要,"OpenStreetMap（© OpenStreetMap contributors, ODbL 1.0）Geofabrik japan-latest.osm.pbf 2026-09-23T20:22:04Z node/1488030014（登山道と道路の接続点）",
TH-n1488092229,trailhead,（名称未確認）,35.1872615,133.9342639,WGS84,548,泉山,中国百名山,,一般道との接続,泉山:3.76km,,,candidate,30,名称未確認、登山道が道路を横断する地点（途中の入口の可能性）、公式情報または2情報源での確認が必要,"OpenStreetMap（© OpenStreetMap contributors, ODbL 1.0）Geofabrik japan-latest.osm.pbf 2026-09-23T20:22:04Z node/1488092229（登山道と道路の接続点）",
TH-n1488092427,trailhead,（名称未確認）,35.1883587,133.9618374,WGS84,548,泉山,中国百名山,,道路の終点付近,泉山:2.3km,,,candidate,30,名称未確認、林道からの入口（マイカー進入可否を要確認）、公式情報または2情報源での確認が必要,"OpenStreetMap（© OpenStreetMap contributors, ODbL 1.0）Geofabrik japan-latest.osm.pbf 2026-09-23T20:22:04Z node/1488092427（登山道と道路の接続点）",
TH-n1488097579,trailhead,（名称未確認）,35.214975,133.966503,WGS84,548,泉山,中国百名山,,一般道との接続,泉山:1.8km,,,candidate,30,名称未確認、公式情報または2情報源での確認が必要,"OpenStreetMap（© OpenStreetMap contributors, ODbL 1.0）Geofabrik japan-latest.osm.pbf 2026-09-23T20:22:04Z node/1488097579（登山道と道路の接続点）",
TH-n1488102813,trailhead,（名称未確認）,35.22854,133.998908,WGS84,533,角ヶ仙,中国百名山,,一般道との接続,角ヶ仙:1.83km,,,candidate,30,名称未確認、公式情報または2情報源での確認が必要,"OpenStreetMap（© OpenStreetMap contributors, ODbL 1.0）Geofabrik japan-latest.osm.pbf 2026-09-23T20:22:04Z node/1488102813（登山道と道路の接続点）",
TH-n1488107720,trailhead,（名称未確認）,35.242402,133.831259,WGS84,528,津黒山,中国百名山,,一般道との接続,津黒山:1.84km,,,candidate,30,名称未確認、公式情報または2情報源での確認が必要,"OpenStreetMap（© OpenStreetMap contributors, ODbL 1.0）Geofabrik japan-latest.osm.pbf 2026-09-23T20:22:04Z node/1488107720（登山道と道路の接続点）",
TH-n1488113032,trailhead,（名称未確認）,35.2596476,133.8643814,WGS84,517,若杉山,中国百名山,,一般道との接続,若杉山:4.37km,,,candidate,30,名称未確認、登山道が道路を横断する地点（途中の入口の可能性）、公式情報または2情報源での確認が必要,"OpenStreetMap（© OpenStreetMap contributors, ODbL 1.0）Geofabrik japan-latest.osm.pbf 2026-09-23T20:22:04Z node/1488113032（登山道と道路の接続点）",
TH-n1488115739,trailhead,（名称未確認）上斎原発電所前バス停付近,35.277436,133.938235,WGS84,521,三ヶ上,中国百名山,,一般道との接続,三ヶ上:1.2km,BS-kP11-22-33-bs3(996m),,provisional,30,名称未確認、公式情報または2情報源での確認が必要,"OpenStreetMap（© OpenStreetMap contributors, ODbL 1.0）Geofabrik japan-latest.osm.pbf 2026-09-23T20:22:04Z node/1488115739（登山道と道路の接続点）",
TH-n1494838211,trailhead,（名称未確認）,35.167374,133.397668,WGS84,569,花見山,中国百名山,,一般道との接続,花見山:1.76km,,,candidate,30,名称未確認、公式情報または2情報源での確認が必要,"OpenStreetMap（© OpenStreetMap contributors, ODbL 1.0）Geofabrik japan-latest.osm.pbf 2026-09-23T20:22:04Z node/1494838211（登山道と道路の接続点）",
TH-n1494882212,trailhead,（名称未確認）キャンプ場前バス停付近,34.930504,133.376472,WGS84,614,荒戸山,中国百名山,,一般道との接続,荒戸山:0.52km,BS-kP11-22-33-bs1629(613m),,provisional,30,名称未確認、公式情報または2情報源での確認が必要,"OpenStreetMap（© OpenStreetMap contributors, ODbL 1.0）Geofabrik japan-latest.osm.pbf 2026-09-23T20:22:04Z node/1494882212（登山道と道路の接続点）",
TH-n1494911054,trailhead,（名称未確認）キャンプ場前バス停付近,34.933446,133.379858,WGS84,614,荒戸山,中国百名山,,一般道との接続,荒戸山:0.79km,BS-kP11-22-33-bs1629(841m) BS-kP11-22-33-bs1521(867m),,provisional,30,名称未確認、公式情報または2情報源での確認が必要,"OpenStreetMap（© OpenStreetMap contributors, ODbL 1.0）Geofabrik japan-latest.osm.pbf 2026-09-23T20:22:04Z node/1494911054（登山道と道路の接続点）",
TH-n1494911161,trailhead,（名称未確認）キャンプ場前バス停付近,34.933818,133.375322,WGS84,614,荒戸山,中国百名山,,一般道との接続,荒戸山:0.27km,BS-kP11-22-33-bs1629(984m),,provisional,30,名称未確認、公式情報または2情報源での確認が必要,"OpenStreetMap（© OpenStreetMap contributors, ODbL 1.0）Geofabrik japan-latest.osm.pbf 2026-09-23T20:22:04Z node/1494911161（登山道と道路の接続点）",
TH-n1494914899,trailhead,（名称未確認）大山バス停付近,34.94486,133.373952,WGS84,614,荒戸山,中国百名山,,一般道との接続,荒戸山:2.36km,BS-kP11-22-33-bs1521(957m),,provisional,30,名称未確認、公式情報または2情報源での確認が必要,"OpenStreetMap（© OpenStreetMap contributors, ODbL 1.0）Geofabrik japan-latest.osm.pbf 2026-09-23T20:22:04Z node/1494914899（登山道と道路の接続点）",
TH-n1926753131,trailhead,（名称未確認）,35.277886,133.576947,WGS84,520,三平山,中国百名山,,一般道との接続,三平山:1.58km,,,candidate,30,名称未確認、公式情報または2情報源での確認が必要,"OpenStreetMap（© OpenStreetMap contributors, ODbL 1.0）Geofabrik japan-latest.osm.pbf 2026-09-23T20:22:04Z node/1926753131（登山道と道路の接続点）",
TH-n1926764663,trailhead,（名称未確認）,35.303932,133.682128,WGS84,507,上蒜山,日本二百名山|日本三百名山|中国百名山,,一般道との接続,上蒜山:4.03km,PK-w686596995(408m) PK-w686596994(434m),,provisional,30,名称未確認、公式情報または2情報源での確認が必要,"OpenStreetMap（© OpenStreetMap contributors, ODbL 1.0）Geofabrik japan-latest.osm.pbf 2026-09-23T20:22:04Z node/1926764663（登山道と道路の接続点）",
TH-n1926766427,trailhead,（名称未確認）,35.3122867,133.6440988,WGS84,507,上蒜山,日本二百名山|日本三百名山|中国百名山,,林道との接続,上蒜山:2.72km,,,candidate,30,名称未確認、林道からの入口（マイカー進入可否を要確認）、公式情報または2情報源での確認が必要,"OpenStreetMap（© OpenStreetMap contributors, ODbL 1.0）Geofabrik japan-latest.osm.pbf 2026-09-23T20:22:04Z node/1926766427（登山道と道路の接続点）",
TH-n1926890394,trailhead,（名称未確認）,35.130825,133.702589,WGS84,565,櫃ヶ山,中国百名山,,一般道との接続,櫃ヶ山:5.18km,,,candidate,30,名称未確認、登山道が道路を横断する地点（途中の入口の可能性）、公式情報または2情報源での確認が必要,"OpenStreetMap（© OpenStreetMap contributors, ODbL 1.0）Geofabrik japan-latest.osm.pbf 2026-09-23T20:22:04Z node/1926890394（登山道と道路の接続点）",
TH-n1926891588,trailhead,（名称未確認）,35.133647,133.66607,WGS84,572,星山,中国百名山,,一般道との接続,星山:1.9km,,,candidate,30,名称未確認、公式情報または2情報源での確認が必要,"OpenStreetMap（© OpenStreetMap contributors, ODbL 1.0）Geofabrik japan-latest.osm.pbf 2026-09-23T20:22:04Z node/1926891588（登山道と道路の接続点）",
TH-n1926891934,trailhead,（名称未確認）,35.134104,133.670645,WGS84,572,星山,中国百名山,,一般道との接続,星山:1.32km,,,candidate,30,名称未確認、公式情報または2情報源での確認が必要,"OpenStreetMap（© OpenStreetMap contributors, ODbL 1.0）Geofabrik japan-latest.osm.pbf 2026-09-23T20:22:04Z node/1926891934（登山道と道路の接続点）",
TH-n1926892234,trailhead,（名称未確認）,35.13456,133.755798,WGS84,573,三坂山,中国百名山,,一般道との接続,三坂山:1.56km,,,candidate,30,名称未確認、公式情報または2情報源での確認が必要,"OpenStreetMap（© OpenStreetMap contributors, ODbL 1.0）Geofabrik japan-latest.osm.pbf 2026-09-23T20:22:04Z node/1926892234（登山道と道路の接続点）",
TH-n1926892949,trailhead,（名称未確認）,35.137102,133.658703,WGS84,572,星山,中国百名山,,一般道との接続,星山:2.4km,,,candidate,30,名称未確認、登山道が道路を横断する地点（途中の入口の可能性）、公式情報または2情報源での確認が必要,"OpenStreetMap（© OpenStreetMap contributors, ODbL 1.0）Geofabrik japan-latest.osm.pbf 2026-09-23T20:22:04Z node/1926892949（登山道と道路の接続点）",
TH-n1926902474,trailhead,（名称未確認）,35.151466,133.715271,WGS84,565,櫃ヶ山,中国百名山,,一般道との接続,櫃ヶ山:2.94km,,,candidate,30,名称未確認、公式情報または2情報源での確認が必要,"OpenStreetMap（© OpenStreetMap contributors, ODbL 1.0）Geofabrik japan-latest.osm.pbf 2026-09-23T20:22:04Z node/1926902474（登山道と道路の接続点）",
TH-n1926915144,trailhead,（名称未確認）,35.156433,133.7463579,WGS84,573,三坂山,中国百名山,,道路の終点付近,三坂山:2.49km,,,candidate,30,名称未確認、林道からの入口（マイカー進入可否を要確認）、公式情報または2情報源での確認が必要,"OpenStreetMap（© OpenStreetMap contributors, ODbL 1.0）Geofabrik japan-latest.osm.pbf 2026-09-23T20:22:04Z node/1926915144（登山道と道路の接続点）",
TH-n1986899987,trailhead,（名称未確認）大内バス停付近,34.7375422,134.1270886,WGS84,630,熊山,中国百名山,,一般道との接続,熊山:2.55km,BS-kP11-22-33-bs3120(848m) BS-kP11-22-33-bs3120(848m) BS-kP11-22-33-bs3145(873m),,provisional,30,名称未確認、公式情報または2情報源での確認が必要,"OpenStreetMap（© OpenStreetMap contributors, ODbL 1.0）Geofabrik japan-latest.osm.pbf 2026-09-23T20:22:04Z node/1986899987（登山道と道路の接続点）",
TH-n2019786000,trailhead,（名称未確認）,35.239557,134.017718,WGS84,533,角ヶ仙,中国百名山,,一般道との接続,角ヶ仙:1.33km,,,candidate,30,名称未確認、公式情報または2情報源での確認が必要,"OpenStreetMap（© OpenStreetMap contributors, ODbL 1.0）Geofabrik japan-latest.osm.pbf 2026-09-23T20:22:04Z node/2019786000（登山道と道路の接続点）",
TH-n2019798105,trailhead,（名称未確認）,35.292904,134.063967,WGS84,515,三原山,中国百名山,,道路の終点付近,三原山:1.06km,,,candidate,30,名称未確認、林道からの入口（マイカー進入可否を要確認）、公式情報または2情報源での確認が必要,"OpenStreetMap（© OpenStreetMap contributors, ODbL 1.0）Geofabrik japan-latest.osm.pbf 2026-09-23T20:22:04Z node/2019798105（登山道と道路の接続点）",
TH-n2069518331,trailhead,（名称未確認）,34.856032,133.432792,WGS84,620,天神山,中国百名山,,一般道との接続,天神山:0.39km,,,candidate,30,名称未確認、公式情報または2情報源での確認が必要,"OpenStreetMap（© OpenStreetMap contributors, ODbL 1.0）Geofabrik japan-latest.osm.pbf 2026-09-23T20:22:04Z node/2069518331（登山道と道路の接続点）",
TH-n2069520824,trailhead,（名称未確認）天神山登山口バス停付近,34.8635218,133.4505747,WGS84,620,天神山,中国百名山,,一般道（県道以上）との接続,天神山:2.66km,BS-kP11-22-33-bs2060(189m) BS-kP11-22-33-bs2061(189m) BS-kP11-22-33-bs2013(584m),,provisional,30,名称未確認、公式情報または2情報源での確認が必要,"OpenStreetMap（© OpenStreetMap contributors, ODbL 1.0）Geofabrik japan-latest.osm.pbf 2026-09-23T20:22:04Z node/2069520824（登山道と道路の接続点）",
TH-n2071698361,trailhead,（名称未確認）,34.7535601,134.1205671,WGS84,630,熊山,中国百名山,,道路の終点付近,熊山:0.74km,PK-w1480024941(413m),,provisional,30,名称未確認、公式情報または2情報源での確認が必要,"OpenStreetMap（© OpenStreetMap contributors, ODbL 1.0）Geofabrik japan-latest.osm.pbf 2026-09-23T20:22:04Z node/2071698361（登山道と道路の接続点）",
TH-n2071701162,trailhead,（名称未確認）,34.7695496,134.1161457,WGS84,630,熊山,中国百名山,,一般道との接続,熊山:1.97km,,,candidate,30,名称未確認、登山道が道路を横断する地点（途中の入口の可能性）、近くの道路にゲートあり（車両通行止め・季節閉鎖の可能性）、公式情報または2情報源での確認が必要,"OpenStreetMap（© OpenStreetMap contributors, ODbL 1.0）Geofabrik japan-latest.osm.pbf 2026-09-23T20:22:04Z node/2071701162（登山道と道路の接続点）",
TH-n2094304170,trailhead,（名称未確認）,34.27684,132.535325,WGS84,695,天応烏帽子岩山,中国百名山,,一般道との接続,天応烏帽子岩山:1.09km,,,candidate,30,名称未確認、公式情報または2情報源での確認が必要,"OpenStreetMap（© OpenStreetMap contributors, ODbL 1.0）Geofabrik japan-latest.osm.pbf 2026-09-23T20:22:04Z node/2094304170（登山道と道路の接続点）",
TH-n2094305002,trailhead,（名称未確認）,34.2896793,132.5367294,WGS84,695,天応烏帽子岩山,中国百名山,,一般道との接続,天応烏帽子岩山:1.95km,PK-w624170877(251m),,provisional,30,名称未確認、公式情報または2情報源での確認が必要,"OpenStreetMap（© OpenStreetMap contributors, ODbL 1.0）Geofabrik japan-latest.osm.pbf 2026-09-23T20:22:04Z node/2094305002（登山道と道路の接続点）",
TH-n2367296947,trailhead,渡辺旅館,34.293106,132.3190442,WGS84,696,弥山,中国百名山,OSM登山道「弥山登山道 大聖院ルート」,施設（山小屋・宿・キャンプ場）からの入口,弥山:1.85km,BS-n12089958281(427m) BS-n5078224246(626m),OSM登山ルート: 宮島の自然満喫コース,provisional,15,近くの道路にゲートあり（車両通行止め・季節閉鎖の可能性）、公式情報または2情報源での確認が必要,"OpenStreetMap（© OpenStreetMap contributors, ODbL 1.0）Geofabrik japan-latest.osm.pbf 2026-09-23T20:22:04Z node/2367296947",
TH-n272201802,trailhead,甲越峠,34.3910116,132.527918,WGS84,674,呉娑々宇山,中国百名山,,峠（道路との接続）,呉娑々宇山:5.06km,BS-kP11-22-34-bs6420(477m) BS-kP11-22-34-bs6420(477m) BS-kP11-22-34-bs6392(477m),,adopted,30,登山道が道路を横断する地点（途中の入口の可能性）,"OpenStreetMap（© OpenStreetMap contributors, ODbL 1.0）Geofabrik japan-latest.osm.pbf 2026-09-23T20:22:04Z node/272201802（登山道と道路の接続点） ｜ 国土地理院 地名検索「甲越峠」（34.391107, 132.527978、JGD2011、12m差）2026-09-20確認",2026-09-20
TH-n2929003397,trailhead,（名称未確認）勝坂バス停付近,34.0817046,131.5501077,WGS84,726,右田ヶ岳,中国百名山,,一般道（県道以上）との接続,右田ヶ岳:0.88km,BS-kP11-22-35-bs2398(65m) BS-kP11-22-35-bs2398(65m) BS-kP11-22-35-bs2348(641m),,provisional,30,名称未確認、公式情報または2情報源での確認が必要,"OpenStreetMap（© OpenStreetMap contributors, ODbL 1.0）Geofabrik japan-latest.osm.pbf 2026-09-23T20:22:04Z node/2929003397（登山道と道路の接続点）",
TH-n3906260323,trailhead,（名称未確認）上鯖山バス停付近,34.1103894,131.5370845,WGS84,726,右田ヶ岳,中国百名山,,一般道との接続,右田ヶ岳:5.34km,BS-kP11-22-35-bs2101(148m) BS-kP11-22-35-bs2101(148m) BS-kP11-22-35-bs2049(805m),,provisional,30,名称未確認、公式情報または2情報源での確認が必要,"OpenStreetMap（© OpenStreetMap contributors, ODbL 1.0）Geofabrik japan-latest.osm.pbf 2026-09-23T20:22:04Z node/3906260323（登山道と道路の接続点）",
TH-n3915626331,trailhead,（名称未確認）西野バス停付近,35.2710412,134.2775529,WGS84,502,三角山,中国百名山,,一般道との接続,三角山:13.52km,BS-kP11-22-31-bs2274(145m) BS-kP11-22-31-bs2273(318m) BS-kP11-22-31-bs2283(381m),,provisional,30,名称未確認、公式情報または2情報源での確認が必要,"OpenStreetMap（© OpenStreetMap contributors, ODbL 1.0）Geofabrik japan-latest.osm.pbf 2026-09-23T20:22:04Z node/3915626331（登山道と道路の接続点）",
TH-n3924757199,trailhead,（名称未確認）,34.0450943,130.9422141,WGS84,728,竜王山,中国百名山,,道路の終点付近,竜王山:3.14km,PK-w389323911(51m),,provisional,30,名称未確認、公式情報または2情報源での確認が必要,"OpenStreetMap（© OpenStreetMap contributors, ODbL 1.0）Geofabrik japan-latest.osm.pbf 2026-09-23T20:22:04Z node/3924757199（登山道と道路の接続点）",
TH-n3938915294,trailhead,（名称未確認）奥小路バス停付近,34.2509349,132.4753516,WGS84,699,古鷹山,中国百名山,,一般道との接続,古鷹山:1.64km,BS-kP11-22-34-bs8306(113m) BS-kP11-22-34-bs8327(239m) BS-kP11-22-34-bs8327(239m),,provisional,30,名称未確認、近くの道路にゲートあり（車両通行止め・季節閉鎖の可能性）、公式情報または2情報源での確認が必要,"OpenStreetMap（© OpenStreetMap contributors, ODbL 1.0）Geofabrik japan-latest.osm.pbf 2026-09-23T20:22:04Z node/3938915294（登山道と道路の接続点）",
TH-n3948287831,trailhead,用瀬,35.3423303,134.2032013,WGS84,502,三角山,中国百名山,OSM登山道「用瀬7-1号線」,駐車場・バス停（林道・車道を経由して登山道へ）,三角山:1.59km,PK-w1021141011(59m) PK-w493371606(179m) PK-w493370635(318m) BS-kP11-22-31-bs2102(25m) BS-n3948287832(178m) BS-n9418177436(215m),,provisional,15,林道からの入口（マイカー進入可否を要確認）、公式情報または2情報源での確認が必要,"OpenStreetMap（© OpenStreetMap contributors, ODbL 1.0）Geofabrik japan-latest.osm.pbf 2026-09-23T20:22:04Z node/3948287831 ｜ OpenStreetMap（© OpenStreetMap contributors, ODbL 1.0）Geofabrik japan-latest.osm.pbf 2026-09-23T20:22:04Z node/3952054607（登山道と道路の接続点） ｜ 国土地理院 地名検索「用瀬郵便局」（35.341605, 134.204242、JGD2011、124m差）2026-09-20確認",2026-09-20
TH-n3952054607,trailhead,（名称未確認）用瀬バス停付近,35.3398163,134.2084887,WGS84,502,三角山,中国百名山,OSM登山道「用瀬7-1号線」,一般道との接続,三角山:1.03km,BS-n9418177436(539m) BS-kP11-22-31-bs2102(568m) BS-kP11-22-31-bs2093(591m),,provisional,30,名称未確認、公式情報または2情報源での確認が必要,"OpenStreetMap（© OpenStreetMap contributors, ODbL 1.0）Geofabrik japan-latest.osm.pbf 2026-09-23T20:22:04Z node/3952054607（登山道と道路の接続点） ｜ 国土地理院 地名検索「用瀬町用瀬」（35.341277, 134.208331、JGD2011、162m差）2026-09-20確認",2026-09-20
TH-n3966038281,trailhead,（名称未確認）第一術科学校前バス停付近,34.2465248,132.4772108,WGS84,699,古鷹山,中国百名山,,一般道（県道以上）との接続,古鷹山:1.62km,PK-w1443411382(137m) BS-kP11-22-34-bs8356(19m) BS-kP11-22-34-bs8356(19m) BS-kP11-22-34-bs8381(236m),,provisional,30,名称未確認、登山道が道路を横断する地点（途中の入口の可能性）、近くの道路にゲートあり（車両通行止め・季節閉鎖の可能性）、公式情報または2情報源での確認が必要,"OpenStreetMap（© OpenStreetMap contributors, ODbL 1.0）Geofabrik japan-latest.osm.pbf 2026-09-23T20:22:04Z node/3966038281（登山道と道路の接続点）",
TH-n4010659933,trailhead,（名称未確認）エコールグループ駐車場付近,35.5083092,134.2375259,WGS84,445,久松山,中国百名山,,一般道との接続,久松山:0.37km,PK-w398298247(104m) PK-w398300177(189m) PK-w595765822(298m) BS-kP11-22-31-bs340(186m) BS-kP11-22-31-bs342(195m) BS-kP11-22-31-bs379(352m),,provisional,30,名称未確認、近くの道路にゲートあり（車両通行止め・季節閉鎖の可能性）、公式情報または2情報源での確認が必要,"OpenStreetMap（© OpenStreetMap contributors, ODbL 1.0）Geofabrik japan-latest.osm.pbf 2026-09-23T20:22:04Z node/4010659933（登山道と道路の接続点）",
TH-n4057395191,trailhead,（名称未確認）前田橋バス停付近,35.5145258,134.2378738,WGS84,445,久松山,中国百名山,,道路の終点付近,久松山:0.66km,PK-w428592736(334m) PK-w398325678(423m) BS-kP11-22-31-bs216(362m) BS-kP11-22-31-bs199(396m) BS-kP11-22-31-bs222(508m),,provisional,30,名称未確認、近くの道路にゲートあり（車両通行止め・季節閉鎖の可能性）、林道からの入口（マイカー進入可否を要確認）、公式情報または2情報源での確認が必要,"OpenStreetMap（© OpenStreetMap contributors, ODbL 1.0）Geofabrik japan-latest.osm.pbf 2026-09-23T20:22:04Z node/4057395191（登山道と道路の接続点）",
TH-n4061335498,trailhead,（名称未確認）,34.4656321,131.788051,WGS84,661,青野山,中国百名山,,一般道（県道以上）との接続,青野山:1.8km,,,candidate,30,名称未確認、公式情報または2情報源での確認が必要,"OpenStreetMap（© OpenStreetMap contributors, ODbL 1.0）Geofabrik japan-latest.osm.pbf 2026-09-23T20:22:04Z node/4061335498（登山道と道路の接続点）",
TH-n4142568473,trailhead,（名称未確認）市役所打吹公園入口バス停付近,35.4295313,133.8248276,WGS84,471,打吹山,中国百名山,,一般道との接続,打吹山:0.51km,PK-w453887393(148m) PK-w1180930785(190m) BS-kP11-22-31-bs1449(158m) BS-kP11-22-31-bs1450(159m) BS-kP11-22-31-bs1437(228m),,provisional,30,名称未確認、登山道が道路を横断する地点（途中の入口の可能性）、公式情報または2情報源での確認が必要,"OpenStreetMap（© OpenStreetMap contributors, ODbL 1.0）Geofabrik japan-latest.osm.pbf 2026-09-23T20:22:04Z node/4142568473（登山道と道路の接続点）",
TH-n4312128696,trailhead,ホテル,34.2951389,132.3148198,WGS84,696,弥山,中国百名山,OSM登山道「弥山登山道 大元ルート」,施設（山小屋・宿・キャンプ場）からの入口,弥山:2.75km,BS-n12089958281(32m),OSM登山ルート: 動植物観察コース、地形・地質観察コース,provisional,15,近くの道路にゲートあり（車両通行止め・季節閉鎖の可能性）、公式情報または2情報源での確認が必要,"OpenStreetMap（© OpenStreetMap contributors, ODbL 1.0）Geofabrik japan-latest.osm.pbf 2026-09-23T20:22:04Z node/4312128696",
TH-n4331936737,trailhead,山口県秋吉台 青少年自然の家,34.2655778,131.3227201,WGS84,709,龍護峰,中国百名山,,施設（山小屋・宿・キャンプ場）からの入口,龍護峰:7.4km,,,provisional,15,公式情報または2情報源での確認が必要,"OpenStreetMap（© OpenStreetMap contributors, ODbL 1.0）Geofabrik japan-latest.osm.pbf 2026-09-23T20:22:04Z node/4331936737",
TH-n4360881489,trailhead,石城山キャンプ場,33.9878585,132.0390204,WGS84,734,石城山,中国百名山,,施設（山小屋・宿・キャンプ場）からの入口,石城山:0.46km,BS-kP11-22-35-bs3550(944m),,provisional,15,公式情報または2情報源での確認が必要,"OpenStreetMap（© OpenStreetMap contributors, ODbL 1.0）Geofabrik japan-latest.osm.pbf 2026-09-23T20:22:04Z node/4360881489",
TH-n4408968860,trailhead,（名称未確認）ゴダイドラッグ駐車場付近,35.2756657,134.2259891,WGS84,502,三角山,中国百名山,,一般道（県道以上）との接続,三角山:10.78km,PK-w387607701(162m) PK-w387694388(264m) PK-w454603872(266m) BS-kP11-22-31-bs2268(249m) BS-kP11-22-31-bs2268(249m) BS-kP11-22-31-bs2261(571m),,provisional,30,名称未確認、登山道が道路を横断する地点（途中の入口の可能性）、近くの道路にゲートあり（車両通行止め・季節閉鎖の可能性）、公式情報または2情報源での確認が必要,"OpenStreetMap（© OpenStreetMap contributors, ODbL 1.0）Geofabrik japan-latest.osm.pbf 2026-09-23T20:22:04Z node/4408968860（登山道と道路の接続点）",
TH-n4477921591,trailhead,倉吉シティホテル,35.4483034,133.8489029,WGS84,471,打吹山,中国百名山,OSM登山道「倉吉線跡」,施設（山小屋・宿・キャンプ場）からの入口,打吹山:4.85km,PK-w451073830(63m) PK-w451076487(64m) PK-w451073249(81m) BS-kP11-22-31-bs1200(96m) BS-kP11-22-31-bs1201(96m) BS-kP11-22-31-bs1162(335m),,provisional,15,近くの道路にゲートあり（車両通行止め・季節閉鎖の可能性）、公式情報または2情報源での確認が必要,"OpenStreetMap（© OpenStreetMap contributors, ODbL 1.0）Geofabrik japan-latest.osm.pbf 2026-09-23T20:22:04Z node/4477921591",
TH-n4486081867,trailhead,ブナ坂第3ペアリフト,34.5954244,132.131516,WGS84,641,恐羅漢山,中国百名山,,索道駅（ロープウェイ・ゴンドラ）,恐羅漢山:0.34km,,,provisional,15,公式情報または2情報源での確認が必要,"OpenStreetMap（© OpenStreetMap contributors, ODbL 1.0）Geofabrik japan-latest.osm.pbf 2026-09-23T20:22:04Z node/4486081867",
TH-n4486082044,trailhead,立山第2ペアリフト,34.59843,132.1366914,WGS84,641,恐羅漢山,中国百名山,,索道駅（ロープウェイ・ゴンドラ）,恐羅漢山:0.81km,,,provisional,15,公式情報または2情報源での確認が必要,"OpenStreetMap（© OpenStreetMap contributors, ODbL 1.0）Geofabrik japan-latest.osm.pbf 2026-09-23T20:22:04Z node/4486082044",
TH-n4486082049,trailhead,立山第1Aペアリフト,34.5985768,132.1402211,WGS84,641,恐羅漢山,中国百名山,,索道駅（ロープウェイ・ゴンドラ）,恐羅漢山:1.2km,,,provisional,15,公式情報または2情報源での確認が必要,"OpenStreetMap（© OpenStreetMap contributors, ODbL 1.0）Geofabrik japan-latest.osm.pbf 2026-09-23T20:22:04Z node/4486082049",
TH-n4486082083,trailhead,かやばたAペアリフト,34.5994881,132.1340427,WGS84,641,恐羅漢山,中国百名山,,索道駅（ロープウェイ・ゴンドラ）,恐羅漢山:0.64km,,,provisional,15,公式情報または2情報源での確認が必要,"OpenStreetMap（© OpenStreetMap contributors, ODbL 1.0）Geofabrik japan-latest.osm.pbf 2026-09-23T20:22:04Z node/4486082083",
TH-n4486082104,trailhead,中間停留所,34.6005081,132.138125,WGS84,641,恐羅漢山,中国百名山,,索道駅（ロープウェイ・ゴンドラ）,恐羅漢山:1.08km,,,provisional,15,公式情報または2情報源での確認が必要,"OpenStreetMap（© OpenStreetMap contributors, ODbL 1.0）Geofabrik japan-latest.osm.pbf 2026-09-23T20:22:04Z node/4486082104",
TH-n4486082116,trailhead,かやばたAペアリフト,34.6013691,132.1419016,WGS84,641,恐羅漢山,中国百名山,,索道駅（ロープウェイ・ゴンドラ）,恐羅漢山:1.41km,,,provisional,15,公式情報または2情報源での確認が必要,"OpenStreetMap（© OpenStreetMap contributors, ODbL 1.0）Geofabrik japan-latest.osm.pbf 2026-09-23T20:22:04Z node/4486082116",
TH-n4486741552,trailhead,（名称未確認）,34.8013762,132.370981,WGS84,626,阿佐山,中国百名山,,索道駅（ロープウェイ・ゴンドラ）,阿佐山:2.38km,,,provisional,15,名称未確認、公式情報または2情報源での確認が必要,"OpenStreetMap（© OpenStreetMap contributors, ODbL 1.0）Geofabrik japan-latest.osm.pbf 2026-09-23T20:22:04Z node/4486741552",
TH-n4486910332,trailhead,（名称未確認）,34.7947944,132.3832172,WGS84,626,阿佐山,中国百名山,,索道駅（ロープウェイ・ゴンドラ）,阿佐山:1.03km,,,provisional,15,名称未確認、公式情報または2情報源での確認が必要,"OpenStreetMap（© OpenStreetMap contributors, ODbL 1.0）Geofabrik japan-latest.osm.pbf 2026-09-23T20:22:04Z node/4486910332",
TH-n4486958100,trailhead,（名称未確認）,35.0539382,132.7680225,WGS84,599,琴引山,中国百名山,,索道駅（ロープウェイ・ゴンドラ）,琴引山:1.64km,PK-w541814244(201m) PK-w541814245(330m) PK-w541814246(409m),,provisional,15,名称未確認、公式情報または2情報源での確認が必要,"OpenStreetMap（© OpenStreetMap contributors, ODbL 1.0）Geofabrik japan-latest.osm.pbf 2026-09-23T20:22:04Z node/4486958100",
TH-n4486958101,trailhead,（名称未確認）,35.0536311,132.7718423,WGS84,599,琴引山,中国百名山,,索道駅（ロープウェイ・ゴンドラ）,琴引山:1.19km,PK-w541814244(442m),,provisional,15,名称未確認、公式情報または2情報源での確認が必要,"OpenStreetMap（© OpenStreetMap contributors, ODbL 1.0）Geofabrik japan-latest.osm.pbf 2026-09-23T20:22:04Z node/4486958101",
TH-n4486958103,trailhead,（名称未確認）,35.0508274,132.7751053,WGS84,599,琴引山,中国百名山,,索道駅（ロープウェイ・ゴンドラ）,琴引山:0.75km,,,provisional,15,名称未確認、公式情報または2情報源での確認が必要,"OpenStreetMap（© OpenStreetMap contributors, ODbL 1.0）Geofabrik japan-latest.osm.pbf 2026-09-23T20:22:04Z node/4486958103",
TH-n4487193098,trailhead,月見ヶ丘駐車場（道後山登山口）,35.0669911,133.2130848,WGS84,605,道後山,日本三百名山|中国百名山,,索道駅（ロープウェイ・ゴンドラ）,道後山:2.19km,,parking=駐車場あり（庄原市）,adopted,15,公式情報の登山口と、地理院地図で徒歩道が道路から始まる位置（75m差）が一致,"OpenStreetMap（© OpenStreetMap contributors, ODbL 1.0）Geofabrik japan-latest.osm.pbf 2026-09-23T20:22:04Z node/4487193098 ｜ 公式情報: https://www.shobara-info.com/1102 ｜ 国土地理院ベクトルタイル提供実験 地理院地図の徒歩道の起点（35.066818, 133.213885、JGD2011、75m差）2026-09-21確認",2026-09-20
TH-n4487687089,trailhead,（名称未確認）,35.390275,133.5422497,WGS84,469 484 488 490,船上山、甲ヶ山、矢筈ヶ山、大山,中国百名山|日本百名山|日本二百名山|日本三百名山,OSM登山道「大山登山道ユートピアコース」,索道駅（ロープウェイ・ゴンドラ）,船上山:12.16km 甲ヶ山:7.0km 矢筈ヶ山:6.12km 大山:4.41km,,,provisional,15,名称未確認、公式情報または2情報源での確認が必要,"OpenStreetMap（© OpenStreetMap contributors, ODbL 1.0）Geofabrik japan-latest.osm.pbf 2026-09-23T20:22:04Z node/4487687089",
TH-n4487687091,trailhead,山の宿 中の原ぎんれい,35.3942728,133.5374201,WGS84,469 484 488 490,船上山、甲ヶ山、矢筈ヶ山、大山,中国百名山|日本百名山|日本二百名山|日本三百名山,OSM登山道「大山登山道ユートピアコース」,索道駅（ロープウェイ・ゴンドラ）,船上山:12.63km 甲ヶ山:7.47km 矢筈ヶ山:6.59km 大山:4.4km,BS-kP11-22-31-bs1818(739m),,provisional,15,名称未確認、公式情報または2情報源での確認が必要,"OpenStreetMap（© OpenStreetMap contributors, ODbL 1.0）Geofabrik japan-latest.osm.pbf 2026-09-23T20:22:04Z node/4487687091",
TH-n4579739116,trailhead,（名称未確認）吉川公園前バス停付近,35.5105908,134.2433054,WGS84,445,久松山,中国百名山,,道路の終点付近,久松山:0.23km,BS-kP11-22-31-bs227(507m) BS-kP11-22-31-bs222(542m) BS-kP11-22-31-bs216(658m),,provisional,30,名称未確認、近くの道路にゲートあり（車両通行止め・季節閉鎖の可能性）、林道からの入口（マイカー進入可否を要確認）、公式情報または2情報源での確認が必要,"OpenStreetMap（© OpenStreetMap contributors, ODbL 1.0）Geofabrik japan-latest.osm.pbf 2026-09-23T20:22:04Z node/4579739116（登山道と道路の接続点）",
TH-n4585230573,trailhead,（名称未確認）,35.4296206,134.4409236,WGS84,466,扇ノ山,日本三百名山|関西百名山|中国百名山,,一般道との接続,扇ノ山:1.86km,,,candidate,30,名称未確認、公式情報または2情報源での確認が必要,"OpenStreetMap（© OpenStreetMap contributors, ODbL 1.0）Geofabrik japan-latest.osm.pbf 2026-09-23T20:22:04Z node/4585230573（登山道と道路の接続点）",
TH-n4713241149,trailhead,（名称未確認）,35.1474021,133.7174649,WGS84,565,櫃ヶ山,中国百名山,,一般道（県道以上）との接続,櫃ヶ山:3.15km,,,candidate,30,名称未確認、公式情報または2情報源での確認が必要,"OpenStreetMap（© OpenStreetMap contributors, ODbL 1.0）Geofabrik japan-latest.osm.pbf 2026-09-23T20:22:04Z node/4713241149（登山道と道路の接続点）",
TH-n4787504891,trailhead,（名称未確認）,34.7560736,134.1238813,WGS84,630,熊山,中国百名山,,一般道との接続,熊山:0.23km,PK-w1480024941(16m),,provisional,30,名称未確認、公式情報または2情報源での確認が必要,"OpenStreetMap（© OpenStreetMap contributors, ODbL 1.0）Geofabrik japan-latest.osm.pbf 2026-09-23T20:22:04Z node/4787504891（登山道と道路の接続点）",
TH-n4810662540,trailhead,岩惣,34.2952261,132.3218172,WGS84,696,弥山,中国百名山,,施設（山小屋・宿・キャンプ場）からの入口,弥山:2.19km,PK-w519764394(376m) BS-n5078224246(399m) BS-n12089958281(612m),OSM登山ルート: 歴史文化体験コース,provisional,15,近くの道路にゲートあり（車両通行止め・季節閉鎖の可能性）、公式情報または2情報源での確認が必要,"OpenStreetMap（© OpenStreetMap contributors, ODbL 1.0）Geofabrik japan-latest.osm.pbf 2026-09-23T20:22:04Z node/4810662540 ｜ 国土地理院 地名検索「紅葉谷公園」（34.294770, 132.322667、JGD2011、93m差）2026-09-20確認",2026-09-20
TH-n512124574,trailhead,紅葉谷,34.2932285,132.3267776,WGS84,696,弥山,中国百名山,OSM登山道「包ヶ浦自然歩道」、OSM登山道「弥山登山道 紅葉谷ルート」,索道駅（ロープウェイ・ゴンドラ）,弥山:1.79km,BS-n5078224246(109m),OSM登山ルート: 動植物観察コース、地形・地質観察コース、宮島の自然満喫コース、弥山登山道 紅葉谷ルート、歴史文化体験コース,provisional,15,近くの道路にゲートあり（車両通行止め・季節閉鎖の可能性）、公式情報または2情報源での確認が必要,"OpenStreetMap（© OpenStreetMap contributors, ODbL 1.0）Geofabrik japan-latest.osm.pbf 2026-09-23T20:22:04Z node/512124574 ｜ 国土地理院 地名検索「紅葉谷駅」（34.293284, 132.326886、JGD2011、12m差）2026-09-20確認",2026-09-20
TH-n512139526,trailhead,榧谷,34.283472,132.3282698,WGS84,696,弥山,中国百名山,,索道駅（ロープウェイ・ゴンドラ）,弥山:1.12km,,,provisional,15,近くの道路にゲートあり（車両通行止め・季節閉鎖の可能性）、公式情報または2情報源での確認が必要,"OpenStreetMap（© OpenStreetMap contributors, ODbL 1.0）Geofabrik japan-latest.osm.pbf 2026-09-23T20:22:04Z node/512139526 ｜ 国土地理院 地名検索「榧谷駅」（34.283679, 132.328434、JGD2011、27m差）2026-09-20確認",2026-09-20
TH-n512139532,trailhead,獅子岩,34.2795786,132.3251865,WGS84,696,弥山,中国百名山,,索道駅（ロープウェイ・ゴンドラ）,弥山:0.51km,,OSM登山ルート: 宮島の自然満喫コース,provisional,15,近くの道路にゲートあり（車両通行止め・季節閉鎖の可能性）、公式情報または2情報源での確認が必要,"OpenStreetMap（© OpenStreetMap contributors, ODbL 1.0）Geofabrik japan-latest.osm.pbf 2026-09-23T20:22:04Z node/512139532 ｜ 国土地理院 地名検索「獅子岩駅」（34.279392, 132.325180、JGD2011、21m差）2026-09-20確認",2026-09-20
TH-n5327285195,trailhead,（名称未確認）塚原バス停付近,34.0777474,131.5605859,WGS84,726,右田ヶ岳,中国百名山,,一般道との接続,右田ヶ岳:1.2km,PK-w563969753(190m) BS-kP11-22-35-bs2426(583m) BS-kP11-22-35-bs2545(945m) BS-kP11-22-35-bs2545(945m),,provisional,30,名称未確認、公式情報または2情報源での確認が必要,"OpenStreetMap（© OpenStreetMap contributors, ODbL 1.0）Geofabrik japan-latest.osm.pbf 2026-09-23T20:22:04Z node/5327285195（登山道と道路の接続点）",
TH-n5527703622,trailhead,（名称未確認）中組公民館前バス停付近,35.4885789,133.0959684,WGS84,452,嵩山,中国百名山,,一般道との接続,嵩山:1.33km,BS-kP11-22-32-bs324(114m) BS-kP11-22-32-bs310(329m) BS-kP11-22-32-bs369(547m),,provisional,30,名称未確認、近くの道路にゲートあり（車両通行止め・季節閉鎖の可能性）、公式情報または2情報源での確認が必要,"OpenStreetMap（© OpenStreetMap contributors, ODbL 1.0）Geofabrik japan-latest.osm.pbf 2026-09-23T20:22:04Z node/5527703622（登山道と道路の接続点）",
TH-n5564663174,trailhead,（名称未確認）金屋（用瀬町）バス停付近,35.3233399,134.2010816,WGS84,502,三角山,中国百名山,,一般道との接続,三角山:4.94km,BS-kP11-22-31-bs2164(406m) BS-kP11-22-31-bs2164(406m) BS-kP11-22-31-bs2150(709m),,provisional,30,名称未確認、公式情報または2情報源での確認が必要,"OpenStreetMap（© OpenStreetMap contributors, ODbL 1.0）Geofabrik japan-latest.osm.pbf 2026-09-23T20:22:04Z node/5564663174（登山道と道路の接続点）",
TH-n5564663349,trailhead,（名称未確認）用瀬駅前バス停付近,35.344164,134.2103658,WGS84,502,三角山,中国百名山,,一般道との接続,三角山:1.4km,PK-w493370635(420m) BS-kP11-22-31-bs2093(465m) BS-kP11-22-31-bs2093(465m) BS-n9418177436(500m),,provisional,30,名称未確認、登山道が道路を横断する地点（途中の入口の可能性）、公式情報または2情報源での確認が必要,"OpenStreetMap（© OpenStreetMap contributors, ODbL 1.0）Geofabrik japan-latest.osm.pbf 2026-09-23T20:22:04Z node/5564663349（登山道と道路の接続点）",
TH-n5564833611,trailhead,（名称未確認）用瀬バス停付近,35.3395478,134.2029013,WGS84,502,三角山,中国百名山,OSM登山道「用瀬1号線」,一般道との接続,三角山:1.93km,PK-w1021141011(349m) PK-w493371606(443m) BS-n3948287832(187m) BS-kP11-22-31-bs2102(295m) BS-kP11-22-31-bs2126(423m),,provisional,30,名称未確認、登山道が道路を横断する地点（途中の入口の可能性）、公式情報または2情報源での確認が必要,"OpenStreetMap（© OpenStreetMap contributors, ODbL 1.0）Geofabrik japan-latest.osm.pbf 2026-09-23T20:22:04Z node/5564833611（登山道と道路の接続点） ｜ 国土地理院 地名検索「用瀬郵便局」（35.341605, 134.204242、JGD2011、258m差）2026-09-20確認",2026-09-20
TH-n5594037175,trailhead,山の宿 中の原ぎんれい,35.3962014,133.5342243,WGS84,469 484 488,船上山、甲ヶ山、矢筈ヶ山,中国百名山,,施設（山小屋・宿・キャンプ場）からの入口,船上山:15.18km 甲ヶ山:10.02km 矢筈ヶ山:9.14km,PK-w450027436(339m) PK-w1281893372(485m) BS-kP11-22-31-bs1818(534m),,provisional,15,公式情報または2情報源での確認が必要,"OpenStreetMap（© OpenStreetMap contributors, ODbL 1.0）Geofabrik japan-latest.osm.pbf 2026-09-23T20:22:04Z node/5594037175",
TH-n5870221557,trailhead,那岐山登山口 第二駐車場,35.1537791,134.1935903,WGS84,558,那岐山,日本三百名山|中国百名山,,登山口（OSMの登山口地物）,那岐山:3.61km,PK-w621389842(164m),,adopted,15,林道からの入口（マイカー進入可否を要確認）,"OpenStreetMap（© OpenStreetMap contributors, ODbL 1.0）Geofabrik japan-latest.osm.pbf 2026-09-23T20:22:04Z node/5870221557 ｜ 国土地理院ベクトルタイル提供実験 地理院地図の徒歩道の起点（35.153983, 134.193764、JGD2011、28m差）2026-09-24確認 ｜ 公式情報: https://www.town.nagi.okayama.jp/shared/documents/nagisan.pdf ｜ 公式情報: https://www.town.nagi.okayama.jp/yamanoeki/",2026-09-20
TH-n5870240901,trailhead,那岐山登山口 第三駐車場,35.1562677,134.1908316,WGS84,558,那岐山,日本三百名山|中国百名山,,登山口（OSMの登山口地物）,那岐山:3.22km,PK-w621389842(477m),parking=登山口に最も近い第3駐車場。繁忙時は満車になりやすい,adopted,15,奈義町側の登山ルートはA・B・Cコースの3本。B・Cコースの登山口は那岐山麓山の駅から車で約5分（奈義町・岡山県）,"OpenStreetMap（© OpenStreetMap contributors, ODbL 1.0）Geofabrik japan-latest.osm.pbf 2026-09-23T20:22:04Z node/5870240901 ｜ 国土地理院ベクトルタイル提供実験 地理院地図の徒歩道の起点（35.156383, 134.190677、JGD2011、19m差）2026-09-24確認 ｜ 公式情報: https://www.town.nagi.okayama.jp/shared/documents/nagisan.pdf ｜ 公式情報: https://www.town.nagi.okayama.jp/yamanoeki/ ｜ 公式情報: https://www.okayama-kanko.jp/okatabi/1048/page",2026-09-20
TH-n6207341825,trailhead,（名称未確認）,34.3093483,132.1568718,WGS84,691,三倉岳,中国百名山,,道路の終点付近,三倉岳:1.33km,,,candidate,30,名称未確認、公式情報または2情報源での確認が必要,"OpenStreetMap（© OpenStreetMap contributors, ODbL 1.0）Geofabrik japan-latest.osm.pbf 2026-09-23T20:22:04Z node/6207341825（登山道と道路の接続点）",
TH-n6248782008,trailhead,（名称未確認）,35.181634,134.1862187,WGS84,558,那岐山,日本三百名山|中国百名山,,林道との接続,那岐山:1.57km,,,candidate,30,名称未確認、林道からの入口（マイカー進入可否を要確認）、公式情報または2情報源での確認が必要,"OpenStreetMap（© OpenStreetMap contributors, ODbL 1.0）Geofabrik japan-latest.osm.pbf 2026-09-23T20:22:04Z node/6248782008（登山道と道路の接続点）",
TH-n6252067417,trailhead,（名称未確認）,35.2795558,134.0744435,WGS84,515,三原山,中国百名山,,一般道との接続,三原山:2.77km,,,candidate,30,名称未確認、公式情報または2情報源での確認が必要,"OpenStreetMap（© OpenStreetMap contributors, ODbL 1.0）Geofabrik japan-latest.osm.pbf 2026-09-23T20:22:04Z node/6252067417（登山道と道路の接続点）",
TH-n6260004476,trailhead,（名称未確認）,35.4399831,133.4713026,WGS84,467,孝霊山,中国百名山,,一般道との接続,孝霊山:0.83km,,,candidate,30,名称未確認、公式情報または2情報源での確認が必要,"OpenStreetMap（© OpenStreetMap contributors, ODbL 1.0）Geofabrik japan-latest.osm.pbf 2026-09-23T20:22:04Z node/6260004476（登山道と道路の接続点）",
TH-n6387040885,trailhead,（名称未確認）黒谷口バス停付近,34.2333744,131.2960095,WGS84,709,龍護峰,中国百名山,,一般道（県道以上）との接続,龍護峰:2.57km,PK-n5414346174(89m) PK-w705893583(109m) PK-w705895130(269m) BS-kP11-22-35-bs933(304m) BS-kP11-22-35-bs926(930m) BS-kP11-22-35-bs927(930m),,provisional,30,名称未確認、公式情報または2情報源での確認が必要,"OpenStreetMap（© OpenStreetMap contributors, ODbL 1.0）Geofabrik japan-latest.osm.pbf 2026-09-23T20:22:04Z node/6387040885（登山道と道路の接続点）",
TH-n6435593028,trailhead,ひるぜん塩釜キャンピングヴィレッジ,35.3011395,133.6790819,WGS84,507,上蒜山,日本二百名山|日本三百名山|中国百名山,,施設（山小屋・宿・キャンプ場）からの入口,上蒜山:4.43km,PK-w686596994(92m) PK-w686596995(112m),,provisional,15,公式情報または2情報源での確認が必要,"OpenStreetMap（© OpenStreetMap contributors, ODbL 1.0）Geofabrik japan-latest.osm.pbf 2026-09-23T20:22:04Z node/6435593028",
TH-n6721956938,trailhead,（名称未確認）,34.7260035,133.7587135,WGS84,634,鬼ノ城山,中国百名山,,一般道との接続,鬼ノ城山:0.39km,PK-w360989273(47m),,provisional,30,名称未確認、公式情報または2情報源での確認が必要,"OpenStreetMap（© OpenStreetMap contributors, ODbL 1.0）Geofabrik japan-latest.osm.pbf 2026-09-23T20:22:04Z node/6721956938（登山道と道路の接続点）",
TH-n6825774963,trailhead,（名称未確認）カルスト展望台 観光バス専用駐車場付近,34.2360513,131.3014628,WGS84,709,龍護峰,中国百名山,,一般道との接続,龍護峰:3.06km,PK-w705895131(317m) PK-w705894808(320m) PK-n928289420(367m) BS-kP11-22-35-bs933(365m) BS-kP11-22-35-bs926(457m) BS-kP11-22-35-bs927(457m),,provisional,30,名称未確認、登山道が道路を横断する地点（途中の入口の可能性）、公式情報または2情報源での確認が必要,"OpenStreetMap（© OpenStreetMap contributors, ODbL 1.0）Geofabrik japan-latest.osm.pbf 2026-09-23T20:22:04Z node/6825774963（登山道と道路の接続点）",
TH-n6825793893,trailhead,（名称未確認）カルスト展望台 観光バス専用駐車場付近,34.2358649,131.3048219,WGS84,709,龍護峰,中国百名山,,一般道との接続,龍護峰:4.05km,PK-w705894808(118m) PK-n928289420(188m) PK-w705893584(192m) BS-kP11-22-35-bs926(193m) BS-kP11-22-35-bs927(193m) BS-kP11-22-35-bs933(582m),,provisional,30,名称未確認、公式情報または2情報源での確認が必要,"OpenStreetMap（© OpenStreetMap contributors, ODbL 1.0）Geofabrik japan-latest.osm.pbf 2026-09-23T20:22:04Z node/6825793893（登山道と道路の接続点）",
TH-n6959949889,trailhead,（名称未確認）,35.0629415,133.0255783,WGS84,610,比婆山,中国百名山,,一般道との接続,比婆山:4.12km,PK-w743624971(45m) PK-w743624975(321m),,provisional,30,名称未確認、登山道が道路を横断する地点（途中の入口の可能性）、公式情報または2情報源での確認が必要,"OpenStreetMap（© OpenStreetMap contributors, ODbL 1.0）Geofabrik japan-latest.osm.pbf 2026-09-23T20:22:04Z node/6959949889（登山道と道路の接続点）",
TH-n716682991,trailhead,（名称未確認）,35.2554003,133.5668602,WGS84,532 534,金ヶ谷山、毛無山,中国百名山,,一般道との接続,金ヶ谷山:1.59km 毛無山:6.96km,,,candidate,30,名称未確認、公式情報または2情報源での確認が必要,"OpenStreetMap（© OpenStreetMap contributors, ODbL 1.0）Geofabrik japan-latest.osm.pbf 2026-09-23T20:22:04Z node/716682991（登山道と道路の接続点）",
TH-n728157627,trailhead,（名称未確認）下山キャンプ場付近,35.3901368,133.5300187,WGS84,469 484 488 490,船上山、甲ヶ山、矢筈ヶ山、大山,中国百名山|日本百名山|日本二百名山|日本三百名山,OSM登山道「大山登山道」,一般道との接続,船上山:13.61km 甲ヶ山:8.44km 矢筈ヶ山:7.57km 大山:3.09km,PK-w251445871(130m) PK-w536218846(212m) PK-w1281893372(487m) BS-kP11-22-31-bs1818(380m),,provisional,30,名称未確認、登山道が道路を横断する地点（途中の入口の可能性）、公式情報または2情報源での確認が必要,"OpenStreetMap（© OpenStreetMap contributors, ODbL 1.0）Geofabrik japan-latest.osm.pbf 2026-09-23T20:22:04Z node/728157627（登山道と道路の接続点）",
TH-n728157951,trailhead,（名称未確認）,35.3830219,133.5420284,WGS84,490,大山,日本百名山|日本二百名山|日本三百名山|中国百名山,OSM登山道「大山登山道　行者谷コース」,一般道との接続,大山:2.64km,,,candidate,30,名称未確認、公式情報または2情報源での確認が必要,"OpenStreetMap（© OpenStreetMap contributors, ODbL 1.0）Geofabrik japan-latest.osm.pbf 2026-09-23T20:22:04Z node/728157951（登山道と道路の接続点）",
TH-n728158240,trailhead,（名称未確認）大山寺バス停付近,35.391331,133.533634,WGS84,484 488 490,甲ヶ山、矢筈ヶ山、大山,中国百名山|日本百名山|日本二百名山|日本三百名山,,一般道との接続,甲ヶ山:9.43km 矢筈ヶ山:8.56km 大山:4.08km,PK-w251445871(237m) BS-kP11-22-31-bs1818(460m),,provisional,30,名称未確認、登山道が道路を横断する地点（途中の入口の可能性）、公式情報または2情報源での確認が必要,"OpenStreetMap（© OpenStreetMap contributors, ODbL 1.0）Geofabrik japan-latest.osm.pbf 2026-09-23T20:22:04Z node/728158240（登山道と道路の接続点）",
TH-n7745446390,trailhead,（名称未確認）,34.7381817,133.7576828,WGS84,634,鬼ノ城山,中国百名山,,一般道との接続,鬼ノ城山:2.62km,,,candidate,30,名称未確認、公式情報または2情報源での確認が必要,"OpenStreetMap（© OpenStreetMap contributors, ODbL 1.0）Geofabrik japan-latest.osm.pbf 2026-09-23T20:22:04Z node/7745446390（登山道と道路の接続点）",
TH-n7745446524,trailhead,（名称未確認）,34.7311464,133.7624006,WGS84,634,鬼ノ城山,中国百名山,,一般道との接続,鬼ノ城山:1.58km,,,candidate,30,名称未確認、公式情報または2情報源での確認が必要,"OpenStreetMap（© OpenStreetMap contributors, ODbL 1.0）Geofabrik japan-latest.osm.pbf 2026-09-23T20:22:04Z node/7745446524（登山道と道路の接続点）",
TH-n9248428858,trailhead,（名称未確認）,34.2333156,131.4636476,WGS84,711,東鳳翩山,中国百名山,,一般道（県道以上）との接続,東鳳翩山:2.84km,PK-w494573618(17m) PK-w1002052698(234m),,provisional,30,名称未確認、登山道が道路を横断する地点（途中の入口の可能性）、公式情報または2情報源での確認が必要,"OpenStreetMap（© OpenStreetMap contributors, ODbL 1.0）Geofabrik japan-latest.osm.pbf 2026-09-23T20:22:04Z node/9248428858（登山道と道路の接続点）",
TH-n934763163,trailhead,（名称未確認）,35.3452877,133.5855345,WGS84,497,烏ヶ山,中国百名山,,一般道（県道以上）との接続,烏ヶ山:1.94km,PK-w1317085397(204m) PK-w1317085398(303m),,provisional,30,名称未確認、公式情報または2情報源での確認が必要,"OpenStreetMap（© OpenStreetMap contributors, ODbL 1.0）Geofabrik japan-latest.osm.pbf 2026-09-23T20:22:04Z node/934763163（登山道と道路の接続点）",
TH-n9415462873,trailhead,上大椿,34.5068273,132.5992399,WGS84,657,白木山,中国百名山,,駐車場・バス停（林道・車道を経由して登山道へ）,白木山:3.63km,BS-kP11-22-34-bs3409(37m) BS-kP11-22-34-bs3409(37m) BS-kP11-22-34-bs3372(349m),,provisional,15,林道からの入口（マイカー進入可否を要確認）、公式情報または2情報源での確認が必要,"OpenStreetMap（© OpenStreetMap contributors, ODbL 1.0）Geofabrik japan-latest.osm.pbf 2026-09-23T20:22:04Z node/9415462873 ｜ OpenStreetMap（© OpenStreetMap contributors, ODbL 1.0）Geofabrik japan-latest.osm.pbf 2026-09-23T20:22:04Z node/1268381889（登山道と道路の接続点） ｜ 国土地理院 地名検索「上大椿」（34.506267, 132.599750、JGD2011、78m差）2026-09-20確認",2026-09-20
TH-n9415462906,trailhead,海戸,34.522526,132.6217039,WGS84,657,白木山,中国百名山,,駐車場・バス停（林道・車道を経由して登山道へ）,白木山:6.01km,BS-kP11-22-34-bs3191(2m) BS-kP11-22-34-bs3191(2m) BS-kP11-22-34-bs3149(798m),,provisional,15,林道からの入口（マイカー進入可否を要確認）、公式情報または2情報源での確認が必要,"OpenStreetMap（© OpenStreetMap contributors, ODbL 1.0）Geofabrik japan-latest.osm.pbf 2026-09-23T20:22:04Z node/9415462906 ｜ OpenStreetMap（© OpenStreetMap contributors, ODbL 1.0）Geofabrik japan-latest.osm.pbf 2026-09-23T20:22:04Z node/6354860060（登山道と道路の接続点） ｜ 国土地理院 地名検索「海戸」（34.521564, 132.619028、JGD2011、267m差）2026-09-20確認",2026-09-20
TH-n9957854344,trailhead,（名称未確認）,33.9670732,132.1414854,WGS84,736,琴石山,中国百名山,,一般道との接続,琴石山:1.48km,,,candidate,30,名称未確認、公式情報または2情報源での確認が必要,"OpenStreetMap（© OpenStreetMap contributors, ODbL 1.0）Geofabrik japan-latest.osm.pbf 2026-09-23T20:22:04Z node/9957854344（登山道と道路の接続点）",
TH-n9988619777,trailhead,（名称未確認）,35.095761,132.8555725,WGS84,583,大万木山,中国百名山,,道路の終点付近,大万木山:1.64km,,,candidate,30,名称未確認、林道からの入口（マイカー進入可否を要確認）、公式情報または2情報源での確認が必要,"OpenStreetMap（© OpenStreetMap contributors, ODbL 1.0）Geofabrik japan-latest.osm.pbf 2026-09-23T20:22:04Z node/9988619777（登山道と道路の接続点）",
TH-w1441615117,trailhead,上蒜山登山口駐車場,35.3103423,133.6386409,WGS84,507,上蒜山,日本二百名山|日本三百名山|中国百名山,,駐車場・バス停（林道・車道を経由して登山道へ）,上蒜山:3.26km,PK-w1441615117(0m),,adopted,15,"林道からの入口（マイカー進入可否を要確認）、蒜山三座は上蒜山（1,202m）・中蒜山（1,123m）・下蒜山（1,100m）（真庭観光局）","OpenStreetMap（© OpenStreetMap contributors, ODbL 1.0）Geofabrik japan-latest.osm.pbf 2026-09-23T20:22:04Z way/1441615117 ｜ OpenStreetMap（© OpenStreetMap contributors, ODbL 1.0）Geofabrik japan-latest.osm.pbf 2026-09-23T20:22:04Z node/1926766427（登山道と道路の接続点） ｜ 公式情報: https://www.maniwa.or.jp/web/?c=spot-2&pk=3021 ｜ 公式情報: https://www.maniwa.or.jp/web/?c=spot-2&pk=3057",2026-09-20
TH-w399433718,trailhead,第2駐車場,35.4314373,133.8341289,WGS84,471,打吹山,中国百名山,,駐車場・バス停（林道・車道を経由して登山道へ）,打吹山:1.76km,PK-w399433718(0m) PK-w449307265(127m) PK-w449307266(226m) BS-kP11-22-31-bs1409(134m) BS-kP11-22-31-bs1410(134m) BS-kP11-22-31-bs1454(191m),,provisional,15,公式情報または2情報源での確認が必要,"OpenStreetMap（© OpenStreetMap contributors, ODbL 1.0）Geofabrik japan-latest.osm.pbf 2026-09-23T20:22:04Z way/399433718 ｜ OpenStreetMap（© OpenStreetMap contributors, ODbL 1.0）Geofabrik japan-latest.osm.pbf 2026-09-23T20:22:04Z node/4462710902（登山道と道路の接続点）",
TH-w449007642,trailhead,昭和町無料駐車場,35.4338599,133.8355012,WGS84,471,打吹山,中国百名山,,駐車場・バス停（林道・車道を経由して登山道へ）,打吹山:1.89km,PK-w449007642(0m) PK-w449307267(167m) PK-w449705382(178m) BS-kP11-22-31-bs1373(28m) BS-kP11-22-31-bs1373(28m) BS-kP11-22-31-bs1374(28m),,provisional,15,公式情報または2情報源での確認が必要,"OpenStreetMap（© OpenStreetMap contributors, ODbL 1.0）Geofabrik japan-latest.osm.pbf 2026-09-23T20:22:04Z way/449007642 ｜ OpenStreetMap（© OpenStreetMap contributors, ODbL 1.0）Geofabrik japan-latest.osm.pbf 2026-09-23T20:22:04Z node/4461832253（登山道と道路の接続点）",
TH-w449062557,trailhead,宮川町観光駐車場,35.4333892,133.829229,WGS84,471,打吹山,中国百名山,,駐車場・バス停（林道・車道を経由して登山道へ）,打吹山:1.43km,PK-w449062557(0m) PK-w449105734(230m) PK-w449105736(324m) BS-kP11-22-31-bs1393(109m) BS-kP11-22-31-bs1394(109m) BS-kP11-22-31-bs1396(168m),,provisional,15,公式情報または2情報源での確認が必要,"OpenStreetMap（© OpenStreetMap contributors, ODbL 1.0）Geofabrik japan-latest.osm.pbf 2026-09-23T20:22:04Z way/449062557 ｜ OpenStreetMap（© OpenStreetMap contributors, ODbL 1.0）Geofabrik japan-latest.osm.pbf 2026-09-23T20:22:04Z node/4459985876（登山道と道路の接続点）",
TH-w449086406,trailhead,緑の彫刻プロムナード公園駐車場,35.4345365,133.8224505,WGS84,471,打吹山,中国百名山,,駐車場・バス停（林道・車道を経由して登山道へ）,打吹山:1.35km,PK-w449086406(0m) PK-w449022077(50m) PK-w451734712(64m) BS-kP11-22-31-bs1382(196m) BS-kP11-22-31-bs1383(196m) BS-kP11-22-31-bs1381(201m),,provisional,15,公式情報または2情報源での確認が必要,"OpenStreetMap（© OpenStreetMap contributors, ODbL 1.0）Geofabrik japan-latest.osm.pbf 2026-09-23T20:22:04Z way/449086406 ｜ OpenStreetMap（© OpenStreetMap contributors, ODbL 1.0）Geofabrik japan-latest.osm.pbf 2026-09-23T20:22:04Z node/4460507601（登山道と道路の接続点）",
TH-w595765812,trailhead,市営住宅専用駐車場,35.5095411,134.2313647,WGS84,445,久松山,中国百名山,,駐車場・バス停（林道・車道を経由して登山道へ）,久松山:1.46km,PK-w595765812(0m) PK-w595854856(60m) PK-w595765814(86m) BS-kP11-22-31-bs320(46m) BS-kP11-22-31-bs320(46m) BS-kP11-22-31-bs321(46m),,provisional,15,近くの道路にゲートあり（車両通行止め・季節閉鎖の可能性）、林道からの入口（マイカー進入可否を要確認）、公式情報または2情報源での確認が必要,"OpenStreetMap（© OpenStreetMap contributors, ODbL 1.0）Geofabrik japan-latest.osm.pbf 2026-09-23T20:22:04Z way/595765812 ｜ OpenStreetMap（© OpenStreetMap contributors, ODbL 1.0）Geofabrik japan-latest.osm.pbf 2026-09-23T20:22:04Z node/4057395191（登山道と道路の接続点）",
TH-w655303236,trailhead,参拝者駐車場,35.5050897,134.2439444,WGS84,445,久松山,中国百名山,,駐車場・バス停（林道・車道を経由して登山道へ）,久松山:0.84km,PK-w655303236(0m) BS-kP11-22-31-bs379(589m) BS-kP11-22-31-bs406(640m) BS-kP11-22-31-bs472(705m),,provisional,15,近くの道路にゲートあり（車両通行止め・季節閉鎖の可能性）、林道からの入口（マイカー進入可否を要確認）、公式情報または2情報源での確認が必要,"OpenStreetMap（© OpenStreetMap contributors, ODbL 1.0）Geofabrik japan-latest.osm.pbf 2026-09-23T20:22:04Z way/655303236 ｜ OpenStreetMap（© OpenStreetMap contributors, ODbL 1.0）Geofabrik japan-latest.osm.pbf 2026-09-23T20:22:04Z node/4579739116（登山道と道路の接続点）",
