{
 "type": "FeatureCollection",
 "name": "中国",
 "generatedAt": "2026-09-24",
 "osmData": "japan-latest.osm.pbf 2026-09-23T20:22:04Z",
 "attribution": "© OpenStreetMap contributors (ODbL 1.0) / 出典：国土地理院（地名検索）",
 "features": [
  {
   "type": "Feature",
   "geometry": {
    "type": "Point",
    "coordinates": [
     133.8493872,
     35.4513046
    ]
   },
   "properties": {
    "id": "BS-kP11-22-31-bs1162",
    "kind": "bus_stop",
    "name": "上井町一丁目西",
    "datum": "WGS84",
    "mountainIds": "471",
    "mountainNames": "打吹山",
    "lists": "中国百名山",
    "routes": "",
    "entryType": "",
    "trailKmToSummit": "",
    "related": "TH-n4477921591(335m)",
    "attributes": "operator=日ノ丸自動車（株）; busType=民間路線バス; busRoutes=高城　海田車庫/倉吉駅～桜/大立 / 社　倉吉駅～倉吉農高 / 上井・三朝　倉吉駅～三朝車庫前/三徳山/上吉原",
    "status": "adopted",
    "accuracyM": 10,
    "needsReview": "運行状況（季節運行・休止・予約制）を要確認",
    "sources": "国土数値情報（バス停留所データ）令和4年度（国土交通省）P11-22-31-bs1162（35.451305, 133.849387、JGD2011）を加工して作成 ｜ OpenStreetMap（© OpenStreetMap contributors, ODbL 1.0）Geofabrik japan-latest.osm.pbf 2026-09-23T20:22:04Z node/2993323858",
    "verifiedAt": ""
   }
  },
  {
   "type": "Feature",
   "geometry": {
    "type": "Point",
    "coordinates": [
     133.8493318,
     35.4475081
    ]
   },
   "properties": {
    "id": "BS-kP11-22-31-bs1200",
    "kind": "bus_stop",
    "name": "山根パープルタウン前",
    "datum": "WGS84",
    "mountainIds": "471",
    "mountainNames": "打吹山",
    "lists": "中国百名山",
    "routes": "",
    "entryType": "",
    "trailKmToSummit": "",
    "related": "TH-n4477921591(96m) TH-kP11-22-31-bs1230(301m)",
    "attributes": "operator=日ノ丸自動車（株）; busType=民間路線バス; busRoutes=高城　海田車庫/倉吉駅～桜/大立 / 社　倉吉駅～倉吉農高 / 上井・三朝　倉吉駅～三朝車庫前/三徳山/上吉原",
    "status": "adopted",
    "accuracyM": 10,
    "needsReview": "運行状況（季節運行・休止・予約制）を要確認",
    "sources": "国土数値情報（バス停留所データ）令和4年度（国土交通省）P11-22-31-bs1200（35.447508, 133.849332、JGD2011）を加工して作成 ｜ OpenStreetMap（© OpenStreetMap contributors, ODbL 1.0）Geofabrik japan-latest.osm.pbf 2026-09-23T20:22:04Z node/2993323857",
    "verifiedAt": ""
   }
  },
  {
   "type": "Feature",
   "geometry": {
    "type": "Point",
    "coordinates": [
     133.8493318,
     35.4475081
    ]
   },
   "properties": {
    "id": "BS-kP11-22-31-bs1201",
    "kind": "bus_stop",
    "name": "山根パープルタウン前",
    "datum": "WGS84",
    "mountainIds": "471",
    "mountainNames": "打吹山",
    "lists": "中国百名山",
    "routes": "",
    "entryType": "",
    "trailKmToSummit": "",
    "related": "TH-n4477921591(96m)",
    "attributes": "operator=日本交通（株）; busType=民間路線バス; busRoutes=市内線 / 北条線　R179・青山剛昌経由 / 北条線　R179・江北経由",
    "status": "adopted",
    "accuracyM": 10,
    "needsReview": "運行状況（季節運行・休止・予約制）を要確認",
    "sources": "国土数値情報（バス停留所データ）令和4年度（国土交通省）P11-22-31-bs1201（35.447508, 133.849332、JGD2011）を加工して作成",
    "verifiedAt": ""
   }
  },
  {
   "type": "Feature",
   "geometry": {
    "type": "Point",
    "coordinates": [
     134.0290481,
     35.4464733
    ]
   },
   "properties": {
    "id": "BS-kP11-22-31-bs1217",
    "kind": "bus_stop",
    "name": "来日",
    "datum": "WGS84",
    "mountainIds": "474",
    "mountainNames": "鷲峰山",
    "lists": "中国百名山",
    "routes": "",
    "entryType": "",
    "trailKmToSummit": "",
    "related": "TH-n1456408264(781m)",
    "attributes": "operator=鳥取市; busType=コミュニティバス; busRoutes=鳥取市気高循環バス宝木河内線 / 鳥取市気高循環バス逢坂線",
    "status": "adopted",
    "accuracyM": 10,
    "needsReview": "運行状況（季節運行・休止・予約制）を要確認、登山口から離れている（徒歩アプローチを要確認）",
    "sources": "国土数値情報（バス停留所データ）令和4年度（国土交通省）P11-22-31-bs1217（35.446473, 134.029048、JGD2011）を加工して作成 ｜ OpenStreetMap（© OpenStreetMap contributors, ODbL 1.0）Geofabrik japan-latest.osm.pbf 2026-09-23T20:22:04Z node/7148030440",
    "verifiedAt": ""
   }
  },
  {
   "type": "Feature",
   "geometry": {
    "type": "Point",
    "coordinates": [
     133.8492818,
     35.4447823
    ]
   },
   "properties": {
    "id": "BS-kP11-22-31-bs1230",
    "kind": "bus_stop",
    "name": "伊木",
    "datum": "WGS84",
    "mountainIds": "471",
    "mountainNames": "打吹山",
    "lists": "中国百名山",
    "routes": "",
    "entryType": "",
    "trailKmToSummit": "",
    "related": "TH-kP11-22-31-bs1230(0m)",
    "attributes": "operator=日ノ丸自動車（株）; busType=民間路線バス; busRoutes=高城　海田車庫/倉吉駅～桜/大立 / 社　倉吉駅～倉吉農高 / 上井・三朝　倉吉駅～三朝車庫前/三徳山/上吉原",
    "status": "adopted",
    "accuracyM": 10,
    "needsReview": "運行状況（季節運行・休止・予約制）を要確認",
    "sources": "国土数値情報（バス停留所データ）令和4年度（国土交通省）P11-22-31-bs1230（35.444782, 133.849282、JGD2011）を加工して作成 ｜ OpenStreetMap（© OpenStreetMap contributors, ODbL 1.0）Geofabrik japan-latest.osm.pbf 2026-09-23T20:22:04Z node/2993323856",
    "verifiedAt": ""
   }
  },
  {
   "type": "Feature",
   "geometry": {
    "type": "Point",
    "coordinates": [
     133.8492818,
     35.4447823
    ]
   },
   "properties": {
    "id": "BS-kP11-22-31-bs1231",
    "kind": "bus_stop",
    "name": "伊木",
    "datum": "WGS84",
    "mountainIds": "471",
    "mountainNames": "打吹山",
    "lists": "中国百名山",
    "routes": "",
    "entryType": "",
    "trailKmToSummit": "",
    "related": "TH-kP11-22-31-bs1230(0m)",
    "attributes": "operator=日本交通（株）; busType=民間路線バス; busRoutes=市内線 / 北条線　R179・青山剛昌経由 / 北条線　R179・江北経由",
    "status": "adopted",
    "accuracyM": 10,
    "needsReview": "運行状況（季節運行・休止・予約制）を要確認",
    "sources": "国土数値情報（バス停留所データ）令和4年度（国土交通省）P11-22-31-bs1231（35.444782, 133.849282、JGD2011）を加工して作成",
    "verifiedAt": ""
   }
  },
  {
   "type": "Feature",
   "geometry": {
    "type": "Point",
    "coordinates": [
     134.0265209,
     35.4438355
    ]
   },
   "properties": {
    "id": "BS-kP11-22-31-bs1242",
    "kind": "bus_stop",
    "name": "鷲峰",
    "datum": "WGS84",
    "mountainIds": "474",
    "mountainNames": "鷲峰山",
    "lists": "中国百名山",
    "routes": "",
    "entryType": "",
    "trailKmToSummit": "",
    "related": "TH-n1456408264(450m)",
    "attributes": "operator=鳥取市; busType=コミュニティバス; busRoutes=鳥取市気高循環バス宝木河内線 / 鳥取市気高循環バス逢坂線",
    "status": "adopted",
    "accuracyM": 10,
    "needsReview": "運行状況（季節運行・休止・予約制）を要確認",
    "sources": "国土数値情報（バス停留所データ）令和4年度（国土交通省）P11-22-31-bs1242（35.443835, 134.026521、JGD2011）を加工して作成 ｜ OpenStreetMap（© OpenStreetMap contributors, ODbL 1.0）Geofabrik japan-latest.osm.pbf 2026-09-23T20:22:04Z node/7148030441",
    "verifiedAt": ""
   }
  },
  {
   "type": "Feature",
   "geometry": {
    "type": "Point",
    "coordinates": [
     133.8354588,
     35.434108
    ]
   },
   "properties": {
    "id": "BS-kP11-22-31-bs1373",
    "kind": "bus_stop",
    "name": "倉吉パークスクエア北口",
    "datum": "WGS84",
    "mountainIds": "471",
    "mountainNames": "打吹山",
    "lists": "中国百名山",
    "routes": "",
    "entryType": "",
    "trailKmToSummit": "",
    "related": "TH-w449007642(28m) TH-w449007642(28m)",
    "attributes": "operator=日ノ丸自動車（株）; busType=民間路線バス; busRoutes=高城　海田車庫/倉吉駅～桜/大立 / 社　倉吉駅～倉吉農高 / 赤碕　倉吉駅～赤碕駅",
    "status": "adopted",
    "accuracyM": 10,
    "needsReview": "運行状況（季節運行・休止・予約制）を要確認",
    "sources": "国土数値情報（バス停留所データ）令和4年度（国土交通省）P11-22-31-bs1373（35.434108, 133.835459、JGD2011）を加工して作成 ｜ OpenStreetMap（© OpenStreetMap contributors, ODbL 1.0）Geofabrik japan-latest.osm.pbf 2026-09-23T20:22:04Z node/4459728821",
    "verifiedAt": ""
   }
  },
  {
   "type": "Feature",
   "geometry": {
    "type": "Point",
    "coordinates": [
     133.8354588,
     35.434108
    ]
   },
   "properties": {
    "id": "BS-kP11-22-31-bs1374",
    "kind": "bus_stop",
    "name": "倉吉パークスクエア北口",
    "datum": "WGS84",
    "mountainIds": "471",
    "mountainNames": "打吹山",
    "lists": "中国百名山",
    "routes": "",
    "entryType": "",
    "trailKmToSummit": "",
    "related": "TH-w449007642(28m)",
    "attributes": "operator=日本交通（株）; busType=民間路線バス; busRoutes=市内線 / 北条線　R179・青山剛昌経由 / 北条線　R179・江北経由",
    "status": "adopted",
    "accuracyM": 10,
    "needsReview": "運行状況（季節運行・休止・予約制）を要確認",
    "sources": "国土数値情報（バス停留所データ）令和4年度（国土交通省）P11-22-31-bs1374（35.434108, 133.835459、JGD2011）を加工して作成",
    "verifiedAt": ""
   }
  },
  {
   "type": "Feature",
   "geometry": {
    "type": "Point",
    "coordinates": [
     134.0210365,
     35.4339382
    ]
   },
   "properties": {
    "id": "BS-kP11-22-31-bs1376",
    "kind": "bus_stop",
    "name": "矢原",
    "datum": "WGS84",
    "mountainIds": "474",
    "mountainNames": "鷲峰山",
    "lists": "中国百名山",
    "routes": "",
    "entryType": "",
    "trailKmToSummit": "",
    "related": "TH-n1456408264(804m)",
    "attributes": "operator=鳥取市; busType=コミュニティバス; busRoutes=鳥取市気高循環バス宝木河内線 / 鳥取市気高循環バス逢坂線",
    "status": "adopted",
    "accuracyM": 10,
    "needsReview": "運行状況（季節運行・休止・予約制）を要確認、登山口から離れている（徒歩アプローチを要確認）",
    "sources": "国土数値情報（バス停留所データ）令和4年度（国土交通省）P11-22-31-bs1376（35.433938, 134.021037、JGD2011）を加工して作成 ｜ OpenStreetMap（© OpenStreetMap contributors, ODbL 1.0）Geofabrik japan-latest.osm.pbf 2026-09-23T20:22:04Z node/7148030442",
    "verifiedAt": ""
   }
  },
  {
   "type": "Feature",
   "geometry": {
    "type": "Point",
    "coordinates": [
     133.8206312,
     35.4335003
    ]
   },
   "properties": {
    "id": "BS-kP11-22-31-bs1381",
    "kind": "bus_stop",
    "name": "新町",
    "datum": "WGS84",
    "mountainIds": "471",
    "mountainNames": "打吹山",
    "lists": "中国百名山",
    "routes": "",
    "entryType": "",
    "trailKmToSummit": "",
    "related": "TH-w449086406(201m)",
    "attributes": "operator=日本交通（株）; busType=民間路線バス; busRoutes=市内線 / 北条線　R179・江北経由 / 橋津線　湯梨浜町役場前経由",
    "status": "adopted",
    "accuracyM": 10,
    "needsReview": "運行状況（季節運行・休止・予約制）を要確認",
    "sources": "国土数値情報（バス停留所データ）令和4年度（国土交通省）P11-22-31-bs1381（35.433500, 133.820631、JGD2011）を加工して作成 ｜ OpenStreetMap（© OpenStreetMap contributors, ODbL 1.0）Geofabrik japan-latest.osm.pbf 2026-09-23T20:22:04Z node/2993323847",
    "verifiedAt": ""
   }
  },
  {
   "type": "Feature",
   "geometry": {
    "type": "Point",
    "coordinates": [
     133.8207146,
     35.4334881
    ]
   },
   "properties": {
    "id": "BS-kP11-22-31-bs1382",
    "kind": "bus_stop",
    "name": "新町（倉吉市）",
    "datum": "WGS84",
    "mountainIds": "471",
    "mountainNames": "打吹山",
    "lists": "中国百名山",
    "routes": "",
    "entryType": "",
    "trailKmToSummit": "",
    "related": "TH-n13666019967(192m) TH-w449086406(196m)",
    "attributes": "operator=日ノ丸自動車（株）; busType=民間路線バス; busRoutes=高城　海田車庫/倉吉駅～桜/大立 / 社　倉吉駅～倉吉農高 / 赤碕　倉吉駅～赤碕駅",
    "status": "adopted",
    "accuracyM": 10,
    "needsReview": "運行状況（季節運行・休止・予約制）を要確認",
    "sources": "国土数値情報（バス停留所データ）令和4年度（国土交通省）P11-22-31-bs1382（35.433488, 133.820715、JGD2011）を加工して作成",
    "verifiedAt": ""
   }
  },
  {
   "type": "Feature",
   "geometry": {
    "type": "Point",
    "coordinates": [
     133.8207146,
     35.4334881
    ]
   },
   "properties": {
    "id": "BS-kP11-22-31-bs1383",
    "kind": "bus_stop",
    "name": "新町（倉吉市）",
    "datum": "WGS84",
    "mountainIds": "471",
    "mountainNames": "打吹山",
    "lists": "中国百名山",
    "routes": "",
    "entryType": "",
    "trailKmToSummit": "",
    "related": "TH-w449086406(196m)",
    "attributes": "operator=日本交通（株）; busType=民間路線バス; busRoutes=北条線　R179・青山剛昌経由 / 北条線　江北経由 / 北条線　江北・青山剛昌経由",
    "status": "adopted",
    "accuracyM": 10,
    "needsReview": "運行状況（季節運行・休止・予約制）を要確認",
    "sources": "国土数値情報（バス停留所データ）令和4年度（国土交通省）P11-22-31-bs1383（35.433488, 133.820715、JGD2011）を加工して作成",
    "verifiedAt": ""
   }
  },
  {
   "type": "Feature",
   "geometry": {
    "type": "Point",
    "coordinates": [
     133.8281053,
     35.4330316
    ]
   },
   "properties": {
    "id": "BS-kP11-22-31-bs1393",
    "kind": "bus_stop",
    "name": "堺町",
    "datum": "WGS84",
    "mountainIds": "471",
    "mountainNames": "打吹山",
    "lists": "中国百名山",
    "routes": "",
    "entryType": "",
    "trailKmToSummit": "",
    "related": "TH-w449062557(109m)",
    "attributes": "operator=日ノ丸自動車（株）; busType=民間路線バス; busRoutes=高城　海田車庫/倉吉駅～桜/大立 / 社　倉吉駅～倉吉農高 / 赤碕　倉吉駅～赤碕駅",
    "status": "adopted",
    "accuracyM": 10,
    "needsReview": "運行状況（季節運行・休止・予約制）を要確認",
    "sources": "国土数値情報（バス停留所データ）令和4年度（国土交通省）P11-22-31-bs1393（35.433032, 133.828105、JGD2011）を加工して作成 ｜ OpenStreetMap（© OpenStreetMap contributors, ODbL 1.0）Geofabrik japan-latest.osm.pbf 2026-09-23T20:22:04Z node/2993323849",
    "verifiedAt": ""
   }
  },
  {
   "type": "Feature",
   "geometry": {
    "type": "Point",
    "coordinates": [
     133.8281053,
     35.4330316
    ]
   },
   "properties": {
    "id": "BS-kP11-22-31-bs1394",
    "kind": "bus_stop",
    "name": "堺町",
    "datum": "WGS84",
    "mountainIds": "471",
    "mountainNames": "打吹山",
    "lists": "中国百名山",
    "routes": "",
    "entryType": "",
    "trailKmToSummit": "",
    "related": "TH-w449062557(109m)",
    "attributes": "operator=日本交通（株）; busType=民間路線バス; busRoutes=市内線 / 北条線　R179・青山剛昌経由 / 北条線　R179・江北経由",
    "status": "adopted",
    "accuracyM": 10,
    "needsReview": "運行状況（季節運行・休止・予約制）を要確認",
    "sources": "国土数値情報（バス停留所データ）令和4年度（国土交通省）P11-22-31-bs1394（35.433032, 133.828105、JGD2011）を加工して作成",
    "verifiedAt": ""
   }
  },
  {
   "type": "Feature",
   "geometry": {
    "type": "Point",
    "coordinates": [
     133.8309592,
     35.4328525
    ]
   },
   "properties": {
    "id": "BS-kP11-22-31-bs1396",
    "kind": "bus_stop",
    "name": "宮川町",
    "datum": "WGS84",
    "mountainIds": "471",
    "mountainNames": "打吹山",
    "lists": "中国百名山",
    "routes": "",
    "entryType": "",
    "trailKmToSummit": "",
    "related": "TH-w449062557(168m)",
    "attributes": "operator=日ノ丸自動車（株）; busType=民間路線バス; busRoutes=高城　海田車庫/倉吉駅～桜/大立 / 社　倉吉駅～倉吉農高 / 赤碕　倉吉駅～赤碕駅",
    "status": "adopted",
    "accuracyM": 10,
    "needsReview": "運行状況（季節運行・休止・予約制）を要確認",
    "sources": "国土数値情報（バス停留所データ）令和4年度（国土交通省）P11-22-31-bs1396（35.432853, 133.830959、JGD2011）を加工して作成 ｜ OpenStreetMap（© OpenStreetMap contributors, ODbL 1.0）Geofabrik japan-latest.osm.pbf 2026-09-23T20:22:04Z node/2993323850",
    "verifiedAt": ""
   }
  },
  {
   "type": "Feature",
   "geometry": {
    "type": "Point",
    "coordinates": [
     133.8333001,
     35.432436
    ]
   },
   "properties": {
    "id": "BS-kP11-22-31-bs1409",
    "kind": "bus_stop",
    "name": "住吉町",
    "datum": "WGS84",
    "mountainIds": "471",
    "mountainNames": "打吹山",
    "lists": "中国百名山",
    "routes": "",
    "entryType": "",
    "trailKmToSummit": "",
    "related": "TH-w399433718(134m)",
    "attributes": "operator=日ノ丸自動車（株）; busType=民間路線バス; busRoutes=三朝　生田車庫～三朝車庫/神倉",
    "status": "adopted",
    "accuracyM": 10,
    "needsReview": "運行状況（季節運行・休止・予約制）を要確認",
    "sources": "国土数値情報（バス停留所データ）令和4年度（国土交通省）P11-22-31-bs1409（35.432436, 133.833300、JGD2011）を加工して作成",
    "verifiedAt": ""
   }
  },
  {
   "type": "Feature",
   "geometry": {
    "type": "Point",
    "coordinates": [
     133.8333001,
     35.432436
    ]
   },
   "properties": {
    "id": "BS-kP11-22-31-bs1410",
    "kind": "bus_stop",
    "name": "住吉町",
    "datum": "WGS84",
    "mountainIds": "471",
    "mountainNames": "打吹山",
    "lists": "中国百名山",
    "routes": "",
    "entryType": "",
    "trailKmToSummit": "",
    "related": "TH-w399433718(134m)",
    "attributes": "operator=日本交通（株）; busType=民間路線バス; busRoutes=広瀬線　倉吉駅行",
    "status": "adopted",
    "accuracyM": 10,
    "needsReview": "運行状況（季節運行・休止・予約制）を要確認",
    "sources": "国土数値情報（バス停留所データ）令和4年度（国土交通省）P11-22-31-bs1410（35.432436, 133.833300、JGD2011）を加工して作成",
    "verifiedAt": ""
   }
  },
  {
   "type": "Feature",
   "geometry": {
    "type": "Point",
    "coordinates": [
     133.8231058,
     35.4310329
    ]
   },
   "properties": {
    "id": "BS-kP11-22-31-bs1437",
    "kind": "bus_stop",
    "name": "白壁土蔵群前",
    "datum": "WGS84",
    "mountainIds": "471",
    "mountainNames": "打吹山",
    "lists": "中国百名山",
    "routes": "",
    "entryType": "",
    "trailKmToSummit": "",
    "related": "TH-n13666019967(160m) TH-n4142568473(228m)",
    "attributes": "operator=日ノ丸自動車（株）; busType=民間路線バス; busRoutes=高城　海田車庫/倉吉駅～桜/大立 / 横田　海田車庫～久米中学校",
    "status": "adopted",
    "accuracyM": 10,
    "needsReview": "運行状況（季節運行・休止・予約制）を要確認",
    "sources": "国土数値情報（バス停留所データ）令和4年度（国土交通省）P11-22-31-bs1437（35.431033, 133.823106、JGD2011）を加工して作成 ｜ OpenStreetMap（© OpenStreetMap contributors, ODbL 1.0）Geofabrik japan-latest.osm.pbf 2026-09-23T20:22:04Z node/2993281961",
    "verifiedAt": ""
   }
  },
  {
   "type": "Feature",
   "geometry": {
    "type": "Point",
    "coordinates": [
     133.8231058,
     35.4310329
    ]
   },
   "properties": {
    "id": "BS-kP11-22-31-bs1438",
    "kind": "bus_stop",
    "name": "白壁土蔵群前",
    "datum": "WGS84",
    "mountainIds": "471",
    "mountainNames": "打吹山",
    "lists": "中国百名山",
    "routes": "",
    "entryType": "",
    "trailKmToSummit": "",
    "related": "TH-n13666019967(160m)",
    "attributes": "operator=日本交通（株）; busType=民間路線バス; busRoutes=パークスクエア線（広瀬）下り / 広瀬線　倉吉駅行 / パークスクエア線",
    "status": "adopted",
    "accuracyM": 10,
    "needsReview": "運行状況（季節運行・休止・予約制）を要確認",
    "sources": "国土数値情報（バス停留所データ）令和4年度（国土交通省）P11-22-31-bs1438（35.431033, 133.823106、JGD2011）を加工して作成",
    "verifiedAt": ""
   }
  },
  {
   "type": "Feature",
   "geometry": {
    "type": "Point",
    "coordinates": [
     133.825587,
     35.4308218
    ]
   },
   "properties": {
    "id": "BS-kP11-22-31-bs1449",
    "kind": "bus_stop",
    "name": "市役所打吹公園入口",
    "datum": "WGS84",
    "mountainIds": "471",
    "mountainNames": "打吹山",
    "lists": "中国百名山",
    "routes": "",
    "entryType": "",
    "trailKmToSummit": "",
    "related": "TH-n4142568473(158m)",
    "attributes": "operator=日本交通（株）; busType=民間路線バス; busRoutes=パークスクエア線（広瀬）下り / 広瀬線　倉吉駅行 / パークスクエア線",
    "status": "adopted",
    "accuracyM": 10,
    "needsReview": "運行状況（季節運行・休止・予約制）を要確認",
    "sources": "国土数値情報（バス停留所データ）令和4年度（国土交通省）P11-22-31-bs1449（35.430822, 133.825587、JGD2011）を加工して作成 ｜ OpenStreetMap（© OpenStreetMap contributors, ODbL 1.0）Geofabrik japan-latest.osm.pbf 2026-09-23T20:22:04Z node/2993281974",
    "verifiedAt": ""
   }
  },
  {
   "type": "Feature",
   "geometry": {
    "type": "Point",
    "coordinates": [
     133.8256192,
     35.4308188
    ]
   },
   "properties": {
    "id": "BS-kP11-22-31-bs1450",
    "kind": "bus_stop",
    "name": "市役所・打吹公園入口",
    "datum": "WGS84",
    "mountainIds": "471",
    "mountainNames": "打吹山",
    "lists": "中国百名山",
    "routes": "",
    "entryType": "",
    "trailKmToSummit": "",
    "related": "TH-n4142568473(159m)",
    "attributes": "operator=日ノ丸自動車（株）; busType=民間路線バス; busRoutes=高城　海田車庫/倉吉駅～桜/大立 / 横田　海田車庫～久米中学校",
    "status": "adopted",
    "accuracyM": 10,
    "needsReview": "運行状況（季節運行・休止・予約制）を要確認",
    "sources": "国土数値情報（バス停留所データ）令和4年度（国土交通省）P11-22-31-bs1450（35.430819, 133.825619、JGD2011）を加工して作成 ｜ OpenStreetMap（© OpenStreetMap contributors, ODbL 1.0）Geofabrik japan-latest.osm.pbf 2026-09-23T20:22:04Z node/13665995616",
    "verifiedAt": ""
   }
  },
  {
   "type": "Feature",
   "geometry": {
    "type": "Point",
    "coordinates": [
     133.8359196,
     35.4305307
    ]
   },
   "properties": {
    "id": "BS-kP11-22-31-bs1454",
    "kind": "bus_stop",
    "name": "倉吉パークスクエア",
    "datum": "WGS84",
    "mountainIds": "471",
    "mountainNames": "打吹山",
    "lists": "中国百名山",
    "routes": "",
    "entryType": "",
    "trailKmToSummit": "",
    "related": "TH-w399433718(191m)",
    "attributes": "operator=日ノ丸自動車（株）; busType=民間路線バス; busRoutes=高城　海田車庫/倉吉駅～桜/大立 / 社　倉吉駅～倉吉農高 / 横田　海田車庫～久米中学校",
    "status": "adopted",
    "accuracyM": 10,
    "needsReview": "運行状況（季節運行・休止・予約制）を要確認",
    "sources": "国土数値情報（バス停留所データ）令和4年度（国土交通省）P11-22-31-bs1454（35.430531, 133.835920、JGD2011）を加工して作成",
    "verifiedAt": ""
   }
  },
  {
   "type": "Feature",
   "geometry": {
    "type": "Point",
    "coordinates": [
     133.608394,
     35.4300304
    ]
   },
   "properties": {
    "id": "BS-kP11-22-31-bs1469",
    "kind": "bus_stop",
    "name": "少年自然の家",
    "datum": "WGS84",
    "mountainIds": "469 484 488 490",
    "mountainNames": "船上山、甲ヶ山、矢筈ヶ山、大山",
    "lists": "中国百名山|日本百名山|日本二百名山|日本三百名山",
    "routes": "",
    "entryType": "",
    "trailKmToSummit": "",
    "related": "TH-n1425865627(577m)",
    "attributes": "operator=琴浦町; busType=コミュニティバス; busRoutes=琴浦町営バス船上山線",
    "status": "adopted",
    "accuracyM": 10,
    "needsReview": "運行状況（季節運行・休止・予約制）を要確認",
    "sources": "国土数値情報（バス停留所データ）令和4年度（国土交通省）P11-22-31-bs1469（35.430030, 133.608394、JGD2011）を加工して作成",
    "verifiedAt": ""
   }
  },
  {
   "type": "Feature",
   "geometry": {
    "type": "Point",
    "coordinates": [
     134.0225486,
     35.4138353
    ]
   },
   "properties": {
    "id": "BS-kP11-22-31-bs1666",
    "kind": "bus_stop",
    "name": "河内",
    "datum": "WGS84",
    "mountainIds": "474",
    "mountainNames": "鷲峰山",
    "lists": "中国百名山",
    "routes": "",
    "entryType": "",
    "trailKmToSummit": "",
    "related": "TH-n1450251643(653m)",
    "attributes": "operator=鳥取市; busType=コミュニティバス; busRoutes=鳥取市気高循環バス宝木河内線 / 鳥取市気高循環バス逢坂線",
    "status": "adopted",
    "accuracyM": 10,
    "needsReview": "運行状況（季節運行・休止・予約制）を要確認、登山口から離れている（徒歩アプローチを要確認）",
    "sources": "国土数値情報（バス停留所データ）令和4年度（国土交通省）P11-22-31-bs1666（35.413835, 134.022549、JGD2011）を加工して作成",
    "verifiedAt": ""
   }
  },
  {
   "type": "Feature",
   "geometry": {
    "type": "Point",
    "coordinates": [
     133.9534737,
     35.4012462
    ]
   },
   "properties": {
    "id": "BS-kP11-22-31-bs1769",
    "kind": "bus_stop",
    "name": "三徳山参道入口",
    "datum": "WGS84",
    "mountainIds": "481",
    "mountainNames": "三徳山",
    "lists": "中国百名山",
    "routes": "",
    "entryType": "",
    "trailKmToSummit": "",
    "related": "TH-n1348948412(157m)",
    "attributes": "operator=日ノ丸自動車（株）; busType=民間路線バス; busRoutes=上井・三朝　倉吉駅～三朝車庫前/三徳山/上吉原",
    "status": "adopted",
    "accuracyM": 10,
    "needsReview": "運行状況（季節運行・休止・予約制）を要確認",
    "sources": "国土数値情報（バス停留所データ）令和4年度（国土交通省）P11-22-31-bs1769（35.401246, 133.953474、JGD2011）を加工して作成",
    "verifiedAt": ""
   }
  },
  {
   "type": "Feature",
   "geometry": {
    "type": "Point",
    "coordinates": [
     133.9593004,
     35.4007791
    ]
   },
   "properties": {
    "id": "BS-kP11-22-31-bs1776",
    "kind": "bus_stop",
    "name": "三徳山駐車場",
    "datum": "WGS84",
    "mountainIds": "481",
    "mountainNames": "三徳山",
    "lists": "中国百名山",
    "routes": "",
    "entryType": "",
    "trailKmToSummit": "",
    "related": "TH-n1348948412(379m)",
    "attributes": "operator=日ノ丸自動車（株）; busType=民間路線バス; busRoutes=上井・三朝　倉吉駅～三朝車庫前/三徳山/上吉原",
    "status": "adopted",
    "accuracyM": 10,
    "needsReview": "運行状況（季節運行・休止・予約制）を要確認",
    "sources": "国土数値情報（バス停留所データ）令和4年度（国土交通省）P11-22-31-bs1776（35.400779, 133.959300、JGD2011）を加工して作成",
    "verifiedAt": ""
   }
  },
  {
   "type": "Feature",
   "geometry": {
    "type": "Point",
    "coordinates": [
     133.9563336,
     35.4006646
    ]
   },
   "properties": {
    "id": "BS-kP11-22-31-bs1778",
    "kind": "bus_stop",
    "name": "三徳",
    "datum": "WGS84",
    "mountainIds": "481",
    "mountainNames": "三徳山",
    "lists": "中国百名山",
    "routes": "",
    "entryType": "",
    "trailKmToSummit": "",
    "related": "TH-n1348948412(111m)",
    "attributes": "operator=日ノ丸自動車（株）; busType=民間路線バス; busRoutes=上井・三朝　倉吉駅～三朝車庫前/三徳山/上吉原",
    "status": "adopted",
    "accuracyM": 10,
    "needsReview": "運行状況（季節運行・休止・予約制）を要確認",
    "sources": "国土数値情報（バス停留所データ）令和4年度（国土交通省）P11-22-31-bs1778（35.400665, 133.956334、JGD2011）を加工して作成",
    "verifiedAt": ""
   }
  },
  {
   "type": "Feature",
   "geometry": {
    "type": "Point",
    "coordinates": [
     133.5293289,
     35.3935287
    ]
   },
   "properties": {
    "id": "BS-kP11-22-31-bs1818",
    "kind": "bus_stop",
    "name": "大山寺",
    "datum": "WGS84",
    "mountainIds": "469 484 488 490",
    "mountainNames": "船上山、甲ヶ山、矢筈ヶ山、大山",
    "lists": "中国百名山|日本百名山|日本二百名山|日本三百名山",
    "routes": "",
    "entryType": "",
    "trailKmToSummit": "",
    "related": "TH-n5594037175(534m) TH-n4487687091(739m) TH-n728157627(380m) TH-n728158240(460m)",
    "attributes": "operator=日本交通（株）; busType=民間路線バス; busRoutes=52・53　淀江線 / 57　大山線 / 大山町内路線（大山線）",
    "status": "adopted",
    "accuracyM": 10,
    "needsReview": "運行状況（季節運行・休止・予約制）を要確認、登山口から離れている（徒歩アプローチを要確認）",
    "sources": "国土数値情報（バス停留所データ）令和4年度（国土交通省）P11-22-31-bs1818（35.393529, 133.529329、JGD2011）を加工して作成",
    "verifiedAt": ""
   }
  },
  {
   "type": "Feature",
   "geometry": {
    "type": "Point",
    "coordinates": [
     134.2390633,
     35.5179747
    ]
   },
   "properties": {
    "id": "BS-kP11-22-31-bs199",
    "kind": "bus_stop",
    "name": "公園墓地入口",
    "datum": "WGS84",
    "mountainIds": "445",
    "mountainNames": "久松山",
    "lists": "中国百名山",
    "routes": "",
    "entryType": "",
    "trailKmToSummit": "",
    "related": "TH-n4057395191(396m)",
    "attributes": "operator=日本交通（株）; busType=民間路線バス; busRoutes=38・38H　北園団地線",
    "status": "adopted",
    "accuracyM": 10,
    "needsReview": "運行状況（季節運行・休止・予約制）を要確認",
    "sources": "国土数値情報（バス停留所データ）令和4年度（国土交通省）P11-22-31-bs199（35.517975, 134.239063、JGD2011）を加工して作成 ｜ OpenStreetMap（© OpenStreetMap contributors, ODbL 1.0）Geofabrik japan-latest.osm.pbf 2026-09-23T20:22:04Z node/7141562036",
    "verifiedAt": ""
   }
  },
  {
   "type": "Feature",
   "geometry": {
    "type": "Point",
    "coordinates": [
     134.205256,
     35.3444575
    ]
   },
   "properties": {
    "id": "BS-kP11-22-31-bs2093",
    "kind": "bus_stop",
    "name": "用瀬駅前",
    "datum": "WGS84",
    "mountainIds": "502",
    "mountainNames": "三角山",
    "lists": "中国百名山",
    "routes": "",
    "entryType": "",
    "trailKmToSummit": "",
    "related": "TH-n3952054607(591m) TH-n5564663349(465m) TH-n5564663349(465m)",
    "attributes": "operator=日ノ丸自動車（株）; busType=民間路線バス; busRoutes=江波赤波　江波～赤波 / 佐治　用瀬駅～栃原 / 用瀬智頭　鳥取駅～栃原",
    "status": "adopted",
    "accuracyM": 10,
    "needsReview": "運行状況（季節運行・休止・予約制）を要確認",
    "sources": "国土数値情報（バス停留所データ）令和4年度（国土交通省）P11-22-31-bs2093（35.344458, 134.205256、JGD2011）を加工して作成 ｜ OpenStreetMap（© OpenStreetMap contributors, ODbL 1.0）Geofabrik japan-latest.osm.pbf 2026-09-23T20:22:04Z node/3948343884",
    "verifiedAt": ""
   }
  },
  {
   "type": "Feature",
   "geometry": {
    "type": "Point",
    "coordinates": [
     134.2029625,
     35.3422141
    ]
   },
   "properties": {
    "id": "BS-kP11-22-31-bs2102",
    "kind": "bus_stop",
    "name": "用瀬",
    "datum": "WGS84",
    "mountainIds": "502",
    "mountainNames": "三角山",
    "lists": "中国百名山",
    "routes": "",
    "entryType": "",
    "trailKmToSummit": "",
    "related": "TH-n3948287831(25m) TH-n5564833611(295m) TH-n3952054607(568m)",
    "attributes": "operator=日ノ丸自動車（株）; busType=民間路線バス; busRoutes=江波赤波　江波～赤波 / 佐治　用瀬駅～栃原 / 用瀬智頭　鳥取駅～栃原",
    "status": "adopted",
    "accuracyM": 10,
    "needsReview": "運行状況（季節運行・休止・予約制）を要確認",
    "sources": "国土数値情報（バス停留所データ）令和4年度（国土交通省）P11-22-31-bs2102（35.342214, 134.202963、JGD2011）を加工して作成 ｜ OpenStreetMap（© OpenStreetMap contributors, ODbL 1.0）Geofabrik japan-latest.osm.pbf 2026-09-23T20:22:04Z node/3948287831",
    "verifiedAt": ""
   }
  },
  {
   "type": "Feature",
   "geometry": {
    "type": "Point",
    "coordinates": [
     134.2007403,
     35.3361568
    ]
   },
   "properties": {
    "id": "BS-kP11-22-31-bs2126",
    "kind": "bus_stop",
    "name": "用瀬小運動公園前",
    "datum": "WGS84",
    "mountainIds": "502",
    "mountainNames": "三角山",
    "lists": "中国百名山",
    "routes": "",
    "entryType": "",
    "trailKmToSummit": "",
    "related": "TH-n5564833611(423m)",
    "attributes": "operator=日ノ丸自動車（株）; busType=民間路線バス; busRoutes=江波赤波　江波～赤波 / 用瀬智頭　鳥取駅～栃原",
    "status": "adopted",
    "accuracyM": 10,
    "needsReview": "運行状況（季節運行・休止・予約制）を要確認",
    "sources": "国土数値情報（バス停留所データ）令和4年度（国土交通省）P11-22-31-bs2126（35.336157, 134.200740、JGD2011）を加工して作成 ｜ OpenStreetMap（© OpenStreetMap contributors, ODbL 1.0）Geofabrik japan-latest.osm.pbf 2026-09-23T20:22:04Z node/3948287829",
    "verifiedAt": ""
   }
  },
  {
   "type": "Feature",
   "geometry": {
    "type": "Point",
    "coordinates": [
     134.1986333,
     35.3294279
    ]
   },
   "properties": {
    "id": "BS-kP11-22-31-bs2150",
    "kind": "bus_stop",
    "name": "原",
    "datum": "WGS84",
    "mountainIds": "502",
    "mountainNames": "三角山",
    "lists": "中国百名山",
    "routes": "",
    "entryType": "",
    "trailKmToSummit": "",
    "related": "TH-n5564663174(709m)",
    "attributes": "operator=日ノ丸自動車（株）; busType=民間路線バス; busRoutes=江波赤波　江波～赤波 / 用瀬智頭　鳥取駅～栃原",
    "status": "adopted",
    "accuracyM": 10,
    "needsReview": "運行状況（季節運行・休止・予約制）を要確認、登山口から離れている（徒歩アプローチを要確認）",
    "sources": "国土数値情報（バス停留所データ）令和4年度（国土交通省）P11-22-31-bs2150（35.329428, 134.198633、JGD2011）を加工して作成",
    "verifiedAt": ""
   }
  },
  {
   "type": "Feature",
   "geometry": {
    "type": "Point",
    "coordinates": [
     134.241231,
     35.5162944
    ]
   },
   "properties": {
    "id": "BS-kP11-22-31-bs216",
    "kind": "bus_stop",
    "name": "前田橋",
    "datum": "WGS84",
    "mountainIds": "445",
    "mountainNames": "久松山",
    "lists": "中国百名山",
    "routes": "",
    "entryType": "",
    "trailKmToSummit": "",
    "related": "TH-n4579739116(658m) TH-n4057395191(362m)",
    "attributes": "operator=日本交通（株）; busType=民間路線バス; busRoutes=38・38H　北園団地線",
    "status": "adopted",
    "accuracyM": 10,
    "needsReview": "運行状況（季節運行・休止・予約制）を要確認、登山口から離れている（徒歩アプローチを要確認）",
    "sources": "国土数値情報（バス停留所データ）令和4年度（国土交通省）P11-22-31-bs216（35.516294, 134.241231、JGD2011）を加工して作成 ｜ OpenStreetMap（© OpenStreetMap contributors, ODbL 1.0）Geofabrik japan-latest.osm.pbf 2026-09-23T20:22:04Z node/7141562035",
    "verifiedAt": ""
   }
  },
  {
   "type": "Feature",
   "geometry": {
    "type": "Point",
    "coordinates": [
     134.1973161,
     35.3253178
    ]
   },
   "properties": {
    "id": "BS-kP11-22-31-bs2164",
    "kind": "bus_stop",
    "name": "金屋（用瀬町）",
    "datum": "WGS84",
    "mountainIds": "502",
    "mountainNames": "三角山",
    "lists": "中国百名山",
    "routes": "",
    "entryType": "",
    "trailKmToSummit": "",
    "related": "TH-n5564663174(406m) TH-n5564663174(406m)",
    "attributes": "operator=日ノ丸自動車（株）; busType=民間路線バス; busRoutes=江波赤波　江波～赤波 / 用瀬智頭　鳥取駅～栃原",
    "status": "adopted",
    "accuracyM": 10,
    "needsReview": "運行状況（季節運行・休止・予約制）を要確認",
    "sources": "国土数値情報（バス停留所データ）令和4年度（国土交通省）P11-22-31-bs2164（35.325318, 134.197316、JGD2011）を加工して作成 ｜ OpenStreetMap（© OpenStreetMap contributors, ODbL 1.0）Geofabrik japan-latest.osm.pbf 2026-09-23T20:22:04Z node/3948287796",
    "verifiedAt": ""
   }
  },
  {
   "type": "Feature",
   "geometry": {
    "type": "Point",
    "coordinates": [
     134.1974617,
     35.3123955
    ]
   },
   "properties": {
    "id": "BS-kP11-22-31-bs2204",
    "kind": "bus_stop",
    "name": "社駅前",
    "datum": "WGS84",
    "mountainIds": "502",
    "mountainNames": "三角山",
    "lists": "中国百名山",
    "routes": "",
    "entryType": "",
    "trailKmToSummit": "",
    "related": "TH-kP11-22-31-bs2214(667m)",
    "attributes": "operator=日ノ丸自動車（株）; busType=民間路線バス; busRoutes=用瀬智頭　鳥取駅～栃原",
    "status": "adopted",
    "accuracyM": 10,
    "needsReview": "運行状況（季節運行・休止・予約制）を要確認、登山口から離れている（徒歩アプローチを要確認）",
    "sources": "国土数値情報（バス停留所データ）令和4年度（国土交通省）P11-22-31-bs2204（35.312395, 134.197462、JGD2011）を加工して作成 ｜ OpenStreetMap（© OpenStreetMap contributors, ODbL 1.0）Geofabrik japan-latest.osm.pbf 2026-09-23T20:22:04Z node/3948194902",
    "verifiedAt": ""
   }
  },
  {
   "type": "Feature",
   "geometry": {
    "type": "Point",
    "coordinates": [
     134.2012941,
     35.3072508
    ]
   },
   "properties": {
    "id": "BS-kP11-22-31-bs2214",
    "kind": "bus_stop",
    "name": "川中橋",
    "datum": "WGS84",
    "mountainIds": "502",
    "mountainNames": "三角山",
    "lists": "中国百名山",
    "routes": "",
    "entryType": "",
    "trailKmToSummit": "",
    "related": "TH-kP11-22-31-bs2214(0m) TH-kP11-22-31-bs2214(0m)",
    "attributes": "operator=日ノ丸自動車（株）; busType=民間路線バス; busRoutes=用瀬智頭　鳥取駅～栃原",
    "status": "adopted",
    "accuracyM": 10,
    "needsReview": "運行状況（季節運行・休止・予約制）を要確認",
    "sources": "国土数値情報（バス停留所データ）令和4年度（国土交通省）P11-22-31-bs2214（35.307251, 134.201294、JGD2011）を加工して作成 ｜ OpenStreetMap（© OpenStreetMap contributors, ODbL 1.0）Geofabrik japan-latest.osm.pbf 2026-09-23T20:22:04Z node/3948139769",
    "verifiedAt": ""
   }
  },
  {
   "type": "Feature",
   "geometry": {
    "type": "Point",
    "coordinates": [
     134.2433544,
     35.5154962
    ]
   },
   "properties": {
    "id": "BS-kP11-22-31-bs222",
    "kind": "bus_stop",
    "name": "渡り上り橋",
    "datum": "WGS84",
    "mountainIds": "445",
    "mountainNames": "久松山",
    "lists": "中国百名山",
    "routes": "",
    "entryType": "",
    "trailKmToSummit": "",
    "related": "TH-n4579739116(542m) TH-n4057395191(508m)",
    "attributes": "operator=日本交通（株）; busType=民間路線バス; busRoutes=38・38H　北園団地線",
    "status": "adopted",
    "accuracyM": 10,
    "needsReview": "運行状況（季節運行・休止・予約制）を要確認",
    "sources": "国土数値情報（バス停留所データ）令和4年度（国土交通省）P11-22-31-bs222（35.515496, 134.243354、JGD2011）を加工して作成 ｜ OpenStreetMap（© OpenStreetMap contributors, ODbL 1.0）Geofabrik japan-latest.osm.pbf 2026-09-23T20:22:04Z node/7141562034",
    "verifiedAt": ""
   }
  },
  {
   "type": "Feature",
   "geometry": {
    "type": "Point",
    "coordinates": [
     134.2295597,
     35.2799171
    ]
   },
   "properties": {
    "id": "BS-kP11-22-31-bs2261",
    "kind": "bus_stop",
    "name": "湯屋",
    "datum": "WGS84",
    "mountainIds": "502",
    "mountainNames": "三角山",
    "lists": "中国百名山",
    "routes": "",
    "entryType": "",
    "trailKmToSummit": "",
    "related": "TH-n4408968860(571m)",
    "attributes": "operator=日ノ丸自動車（株）; busType=民間路線バス; busRoutes=用瀬智頭　鳥取駅～栃原",
    "status": "adopted",
    "accuracyM": 10,
    "needsReview": "運行状況（季節運行・休止・予約制）を要確認",
    "sources": "国土数値情報（バス停留所データ）令和4年度（国土交通省）P11-22-31-bs2261（35.279917, 134.229560、JGD2011）を加工して作成 ｜ OpenStreetMap（© OpenStreetMap contributors, ODbL 1.0）Geofabrik japan-latest.osm.pbf 2026-09-23T20:22:04Z node/3913791240",
    "verifiedAt": ""
   }
  },
  {
   "type": "Feature",
   "geometry": {
    "type": "Point",
    "coordinates": [
     134.2240304,
     35.2740923
    ]
   },
   "properties": {
    "id": "BS-kP11-22-31-bs2268",
    "kind": "bus_stop",
    "name": "下町（智頭町）",
    "datum": "WGS84",
    "mountainIds": "502",
    "mountainNames": "三角山",
    "lists": "中国百名山",
    "routes": "",
    "entryType": "",
    "trailKmToSummit": "",
    "related": "TH-n4408968860(249m) TH-n4408968860(249m)",
    "attributes": "operator=日ノ丸自動車（株）; busType=民間路線バス; busRoutes=用瀬智頭　鳥取駅～栃原",
    "status": "adopted",
    "accuracyM": 10,
    "needsReview": "運行状況（季節運行・休止・予約制）を要確認",
    "sources": "国土数値情報（バス停留所データ）令和4年度（国土交通省）P11-22-31-bs2268（35.274092, 134.224030、JGD2011）を加工して作成 ｜ OpenStreetMap（© OpenStreetMap contributors, ODbL 1.0）Geofabrik japan-latest.osm.pbf 2026-09-23T20:22:04Z node/3913796385",
    "verifiedAt": ""
   }
  },
  {
   "type": "Feature",
   "geometry": {
    "type": "Point",
    "coordinates": [
     134.2448932,
     35.5149849
    ]
   },
   "properties": {
    "id": "BS-kP11-22-31-bs227",
    "kind": "bus_stop",
    "name": "吉川公園前",
    "datum": "WGS84",
    "mountainIds": "445",
    "mountainNames": "久松山",
    "lists": "中国百名山",
    "routes": "",
    "entryType": "",
    "trailKmToSummit": "",
    "related": "TH-n4579739116(507m)",
    "attributes": "operator=日本交通（株）; busType=民間路線バス; busRoutes=38・38H　北園団地線",
    "status": "adopted",
    "accuracyM": 10,
    "needsReview": "運行状況（季節運行・休止・予約制）を要確認",
    "sources": "国土数値情報（バス停留所データ）令和4年度（国土交通省）P11-22-31-bs227（35.514985, 134.244893、JGD2011）を加工して作成 ｜ OpenStreetMap（© OpenStreetMap contributors, ODbL 1.0）Geofabrik japan-latest.osm.pbf 2026-09-23T20:22:04Z node/7141562033",
    "verifiedAt": ""
   }
  },
  {
   "type": "Feature",
   "geometry": {
    "type": "Point",
    "coordinates": [
     134.2807023,
     35.2697801
    ]
   },
   "properties": {
    "id": "BS-kP11-22-31-bs2273",
    "kind": "bus_stop",
    "name": "浅見",
    "datum": "WGS84",
    "mountainIds": "502",
    "mountainNames": "三角山",
    "lists": "中国百名山",
    "routes": "",
    "entryType": "",
    "trailKmToSummit": "",
    "related": "TH-n3915626331(318m)",
    "attributes": "operator=智頭町; busType=コミュニティバス; busRoutes=智頭町民すぎっ子バス芦津線",
    "status": "adopted",
    "accuracyM": 10,
    "needsReview": "運行状況（季節運行・休止・予約制）を要確認",
    "sources": "国土数値情報（バス停留所データ）令和4年度（国土交通省）P11-22-31-bs2273（35.269780, 134.280702、JGD2011）を加工して作成 ｜ OpenStreetMap（© OpenStreetMap contributors, ODbL 1.0）Geofabrik japan-latest.osm.pbf 2026-09-23T20:22:04Z node/8093318353",
    "verifiedAt": ""
   }
  },
  {
   "type": "Feature",
   "geometry": {
    "type": "Point",
    "coordinates": [
     134.277685,
     35.2697311
    ]
   },
   "properties": {
    "id": "BS-kP11-22-31-bs2274",
    "kind": "bus_stop",
    "name": "西野",
    "datum": "WGS84",
    "mountainIds": "502",
    "mountainNames": "三角山",
    "lists": "中国百名山",
    "routes": "",
    "entryType": "",
    "trailKmToSummit": "",
    "related": "TH-n3915626331(145m)",
    "attributes": "operator=智頭町; busType=コミュニティバス; busRoutes=智頭町民すぎっ子バス芦津線",
    "status": "adopted",
    "accuracyM": 10,
    "needsReview": "運行状況（季節運行・休止・予約制）を要確認",
    "sources": "国土数値情報（バス停留所データ）令和4年度（国土交通省）P11-22-31-bs2274（35.269731, 134.277685、JGD2011）を加工して作成 ｜ OpenStreetMap（© OpenStreetMap contributors, ODbL 1.0）Geofabrik japan-latest.osm.pbf 2026-09-23T20:22:04Z node/3915637776",
    "verifiedAt": ""
   }
  },
  {
   "type": "Feature",
   "geometry": {
    "type": "Point",
    "coordinates": [
     134.277109,
     35.2676104
    ]
   },
   "properties": {
    "id": "BS-kP11-22-31-bs2283",
    "kind": "bus_stop",
    "name": "米原",
    "datum": "WGS84",
    "mountainIds": "502",
    "mountainNames": "三角山",
    "lists": "中国百名山",
    "routes": "",
    "entryType": "",
    "trailKmToSummit": "",
    "related": "TH-n3915626331(381m)",
    "attributes": "operator=智頭町; busType=コミュニティバス; busRoutes=智頭町民すぎっ子バス芦津線",
    "status": "adopted",
    "accuracyM": 10,
    "needsReview": "運行状況（季節運行・休止・予約制）を要確認",
    "sources": "国土数値情報（バス停留所データ）令和4年度（国土交通省）P11-22-31-bs2283（35.267610, 134.277109、JGD2011）を加工して作成 ｜ OpenStreetMap（© OpenStreetMap contributors, ODbL 1.0）Geofabrik japan-latest.osm.pbf 2026-09-23T20:22:04Z node/8093297250",
    "verifiedAt": ""
   }
  },
  {
   "type": "Feature",
   "geometry": {
    "type": "Point",
    "coordinates": [
     134.2311835,
     35.5091572
    ]
   },
   "properties": {
    "id": "BS-kP11-22-31-bs320",
    "kind": "bus_stop",
    "name": "湯所",
    "datum": "WGS84",
    "mountainIds": "445",
    "mountainNames": "久松山",
    "lists": "中国百名山",
    "routes": "",
    "entryType": "",
    "trailKmToSummit": "",
    "related": "TH-w595765812(46m) TH-w595765812(46m)",
    "attributes": "operator=日ノ丸自動車（株）; busType=民間路線バス; busRoutes=鳥取大学　鳥取駅～鳥大付属高校 / 白兎海岸線　鳥取駅～鹿野営業所 / 湖山池　鳥取駅～白兎養護学校",
    "status": "adopted",
    "accuracyM": 10,
    "needsReview": "運行状況（季節運行・休止・予約制）を要確認",
    "sources": "国土数値情報（バス停留所データ）令和4年度（国土交通省）P11-22-31-bs320（35.509157, 134.231183、JGD2011）を加工して作成 ｜ OpenStreetMap（© OpenStreetMap contributors, ODbL 1.0）Geofabrik japan-latest.osm.pbf 2026-09-23T20:22:04Z node/5677301968",
    "verifiedAt": ""
   }
  },
  {
   "type": "Feature",
   "geometry": {
    "type": "Point",
    "coordinates": [
     134.2311835,
     35.5091572
    ]
   },
   "properties": {
    "id": "BS-kP11-22-31-bs321",
    "kind": "bus_stop",
    "name": "湯所",
    "datum": "WGS84",
    "mountainIds": "445",
    "mountainNames": "久松山",
    "lists": "中国百名山",
    "routes": "",
    "entryType": "",
    "trailKmToSummit": "",
    "related": "TH-w595765812(46m)",
    "attributes": "operator=日本交通（株）; busType=民間路線バス; busRoutes=32　岩美岩井線 / 32H　岩美岩井線 / 33　岩美岩井線",
    "status": "adopted",
    "accuracyM": 10,
    "needsReview": "運行状況（季節運行・休止・予約制）を要確認",
    "sources": "国土数値情報（バス停留所データ）令和4年度（国土交通省）P11-22-31-bs321（35.509157, 134.231183、JGD2011）を加工して作成",
    "verifiedAt": ""
   }
  },
  {
   "type": "Feature",
   "geometry": {
    "type": "Point",
    "coordinates": [
     134.236069,
     35.5071212
    ]
   },
   "properties": {
    "id": "BS-kP11-22-31-bs340",
    "kind": "bus_stop",
    "name": "仁風閣・県立博物館",
    "datum": "WGS84",
    "mountainIds": "445",
    "mountainNames": "久松山",
    "lists": "中国百名山",
    "routes": "",
    "entryType": "",
    "trailKmToSummit": "",
    "related": "TH-n4010659933(186m)",
    "attributes": "operator=鳥取市・日本交通（株）・日ノ丸自動車（株）; busType=その他; busRoutes=100円循環バスくる梨（緑）",
    "status": "adopted",
    "accuracyM": 10,
    "needsReview": "運行状況（季節運行・休止・予約制）を要確認",
    "sources": "国土数値情報（バス停留所データ）令和4年度（国土交通省）P11-22-31-bs340（35.507121, 134.236069、JGD2011）を加工して作成 ｜ OpenStreetMap（© OpenStreetMap contributors, ODbL 1.0）Geofabrik japan-latest.osm.pbf 2026-09-23T20:22:04Z node/7030465686",
    "verifiedAt": ""
   }
  },
  {
   "type": "Feature",
   "geometry": {
    "type": "Point",
    "coordinates": [
     134.2362178,
     35.5069079
    ]
   },
   "properties": {
    "id": "BS-kP11-22-31-bs342",
    "kind": "bus_stop",
    "name": "鳥取城跡",
    "datum": "WGS84",
    "mountainIds": "445",
    "mountainNames": "久松山",
    "lists": "中国百名山",
    "routes": "",
    "entryType": "",
    "trailKmToSummit": "",
    "related": "TH-n4010659933(195m)",
    "attributes": "operator=日本交通（株）・日ノ丸自動車（株）; busType=民間路線バス; busRoutes=ループ麒麟獅子バス",
    "status": "adopted",
    "accuracyM": 10,
    "needsReview": "運行状況（季節運行・休止・予約制）を要確認",
    "sources": "国土数値情報（バス停留所データ）令和4年度（国土交通省）P11-22-31-bs342（35.506908, 134.236218、JGD2011）を加工して作成",
    "verifiedAt": ""
   }
  },
  {
   "type": "Feature",
   "geometry": {
    "type": "Point",
    "coordinates": [
     134.2374489,
     35.5051248
    ]
   },
   "properties": {
    "id": "BS-kP11-22-31-bs379",
    "kind": "bus_stop",
    "name": "市立武道館",
    "datum": "WGS84",
    "mountainIds": "445",
    "mountainNames": "久松山",
    "lists": "中国百名山",
    "routes": "",
    "entryType": "",
    "trailKmToSummit": "",
    "related": "TH-n4010659933(352m) TH-w655303236(589m)",
    "attributes": "operator=鳥取市・日本交通（株）・日ノ丸自動車（株）; busType=その他; busRoutes=100円循環バスくる梨（緑）",
    "status": "adopted",
    "accuracyM": 10,
    "needsReview": "運行状況（季節運行・休止・予約制）を要確認",
    "sources": "国土数値情報（バス停留所データ）令和4年度（国土交通省）P11-22-31-bs379（35.505125, 134.237449、JGD2011）を加工して作成",
    "verifiedAt": ""
   }
  },
  {
   "type": "Feature",
   "geometry": {
    "type": "Point",
    "coordinates": [
     134.2372279,
     35.5032872
    ]
   },
   "properties": {
    "id": "BS-kP11-22-31-bs406",
    "kind": "bus_stop",
    "name": "鳥取県庁",
    "datum": "WGS84",
    "mountainIds": "445",
    "mountainNames": "久松山",
    "lists": "中国百名山",
    "routes": "",
    "entryType": "",
    "trailKmToSummit": "",
    "related": "TH-w655303236(640m)",
    "attributes": "operator=鳥取市・日本交通（株）・日ノ丸自動車（株）; busType=その他; busRoutes=100円循環バスくる梨（緑）",
    "status": "adopted",
    "accuracyM": 10,
    "needsReview": "運行状況（季節運行・休止・予約制）を要確認、登山口から離れている（徒歩アプローチを要確認）",
    "sources": "国土数値情報（バス停留所データ）令和4年度（国土交通省）P11-22-31-bs406（35.503287, 134.237228、JGD2011）を加工して作成",
    "verifiedAt": ""
   }
  },
  {
   "type": "Feature",
   "geometry": {
    "type": "Point",
    "coordinates": [
     134.2387856,
     35.50032
    ]
   },
   "properties": {
    "id": "BS-kP11-22-31-bs472",
    "kind": "bus_stop",
    "name": "江崎町",
    "datum": "WGS84",
    "mountainIds": "445",
    "mountainNames": "久松山",
    "lists": "中国百名山",
    "routes": "",
    "entryType": "",
    "trailKmToSummit": "",
    "related": "TH-w655303236(705m)",
    "attributes": "operator=鳥取市・日本交通（株）・日ノ丸自動車（株）; busType=その他; busRoutes=100円循環バスくる梨（赤）",
    "status": "adopted",
    "accuracyM": 10,
    "needsReview": "運行状況（季節運行・休止・予約制）を要確認、登山口から離れている（徒歩アプローチを要確認）",
    "sources": "国土数値情報（バス停留所データ）令和4年度（国土交通省）P11-22-31-bs472（35.500320, 134.238786、JGD2011）を加工して作成 ｜ OpenStreetMap（© OpenStreetMap contributors, ODbL 1.0）Geofabrik japan-latest.osm.pbf 2026-09-23T20:22:04Z node/2555202141",
    "verifiedAt": ""
   }
  },
  {
   "type": "Feature",
   "geometry": {
    "type": "Point",
    "coordinates": [
     134.3779734,
     35.4692914
    ]
   },
   "properties": {
    "id": "BS-kP11-22-31-bs908",
    "kind": "bus_stop",
    "name": "石井谷口",
    "datum": "WGS84",
    "mountainIds": "466",
    "mountainNames": "扇ノ山",
    "lists": "日本三百名山|関西百名山|中国百名山",
    "routes": "",
    "entryType": "",
    "trailKmToSummit": "",
    "related": "TH-kP11-22-31-bs944(396m)",
    "attributes": "operator=日ノ丸自動車（株）; busType=民間路線バス; busRoutes=中河原　鳥取駅～山崎橋",
    "status": "adopted",
    "accuracyM": 10,
    "needsReview": "運行状況（季節運行・休止・予約制）を要確認",
    "sources": "国土数値情報（バス停留所データ）令和4年度（国土交通省）P11-22-31-bs908（35.469291, 134.377973、JGD2011）を加工して作成",
    "verifiedAt": ""
   }
  },
  {
   "type": "Feature",
   "geometry": {
    "type": "Point",
    "coordinates": [
     134.3796247,
     35.4659705
    ]
   },
   "properties": {
    "id": "BS-kP11-22-31-bs944",
    "kind": "bus_stop",
    "name": "大石（国府町）",
    "datum": "WGS84",
    "mountainIds": "466",
    "mountainNames": "扇ノ山",
    "lists": "日本三百名山|関西百名山|中国百名山",
    "routes": "",
    "entryType": "",
    "trailKmToSummit": "",
    "related": "TH-kP11-22-31-bs944(0m)",
    "attributes": "operator=日ノ丸自動車（株）; busType=民間路線バス; busRoutes=中河原　鳥取駅～山崎橋",
    "status": "adopted",
    "accuracyM": 10,
    "needsReview": "運行状況（季節運行・休止・予約制）を要確認",
    "sources": "国土数値情報（バス停留所データ）令和4年度（国土交通省）P11-22-31-bs944（35.465970, 134.379625、JGD2011）を加工して作成",
    "verifiedAt": ""
   }
  },
  {
   "type": "Feature",
   "geometry": {
    "type": "Point",
    "coordinates": [
     132.7301596,
     35.4249681
    ]
   },
   "properties": {
    "id": "BS-kP11-22-32-bs1009",
    "kind": "bus_stop",
    "name": "唐川車庫",
    "datum": "WGS84",
    "mountainIds": "480",
    "mountainNames": "鼻高山",
    "lists": "中国百名山",
    "routes": "",
    "entryType": "",
    "trailKmToSummit": "",
    "related": "TH-n1387132664(843m)",
    "attributes": "operator=出雲市; busType=コミュニティバス; busRoutes=平田生活バス　鰐淵線",
    "status": "adopted",
    "accuracyM": 10,
    "needsReview": "運行状況（季節運行・休止・予約制）を要確認、登山口から離れている（徒歩アプローチを要確認）",
    "sources": "国土数値情報（バス停留所データ）令和4年度（国土交通省）P11-22-32-bs1009（35.424968, 132.730160、JGD2011）を加工して作成",
    "verifiedAt": ""
   }
  },
  {
   "type": "Feature",
   "geometry": {
    "type": "Point",
    "coordinates": [
     132.693213,
     35.3971361
    ]
   },
   "properties": {
    "id": "BS-kP11-22-32-bs1212",
    "kind": "bus_stop",
    "name": "みせん広場前",
    "datum": "WGS84",
    "mountainIds": "480",
    "mountainNames": "鼻高山",
    "lists": "中国百名山",
    "routes": "",
    "entryType": "",
    "trailKmToSummit": "",
    "related": "TH-n1387129843(329m)",
    "attributes": "operator=一畑バス（株）; busType=民間路線バス; busRoutes=【出雲管内】大社線（上塩冶車庫～JR出雲市駅～ゆめタウン～島根ワイナリー～出雲大社バスターミナル）",
    "status": "adopted",
    "accuracyM": 10,
    "needsReview": "運行状況（季節運行・休止・予約制）を要確認",
    "sources": "国土数値情報（バス停留所データ）令和4年度（国土交通省）P11-22-32-bs1212（35.397136, 132.693213、JGD2011）を加工して作成",
    "verifiedAt": ""
   }
  },
  {
   "type": "Feature",
   "geometry": {
    "type": "Point",
    "coordinates": [
     132.687415,
     35.3970258
    ]
   },
   "properties": {
    "id": "BS-kP11-22-32-bs1213",
    "kind": "bus_stop",
    "name": "古代出雲歴史博物館前",
    "datum": "WGS84",
    "mountainIds": "480",
    "mountainNames": "鼻高山",
    "lists": "中国百名山",
    "routes": "",
    "entryType": "",
    "trailKmToSummit": "",
    "related": "TH-n1387129843(698m)",
    "attributes": "operator=一畑バス（株）; busType=民間路線バス; busRoutes=【出雲管内】大社線（上塩冶車庫～JR出雲市駅～ゆめタウン～島根ワイナリー～出雲大社バスターミナル）",
    "status": "adopted",
    "accuracyM": 10,
    "needsReview": "運行状況（季節運行・休止・予約制）を要確認、登山口から離れている（徒歩アプローチを要確認）",
    "sources": "国土数値情報（バス停留所データ）令和4年度（国土交通省）P11-22-32-bs1213（35.397026, 132.687415、JGD2011）を加工して作成 ｜ OpenStreetMap（© OpenStreetMap contributors, ODbL 1.0）Geofabrik japan-latest.osm.pbf 2026-09-23T20:22:04Z node/10122674003",
    "verifiedAt": ""
   }
  },
  {
   "type": "Feature",
   "geometry": {
    "type": "Point",
    "coordinates": [
     132.717237,
     35.3966131
    ]
   },
   "properties": {
    "id": "BS-kP11-22-32-bs1222",
    "kind": "bus_stop",
    "name": "阿須伎神社入口",
    "datum": "WGS84",
    "mountainIds": "480",
    "mountainNames": "鼻高山",
    "lists": "中国百名山",
    "routes": "",
    "entryType": "",
    "trailKmToSummit": "",
    "related": "TH-n1387129329(196m)",
    "attributes": "operator=一畑バス（株）; busType=民間路線バス; busRoutes=【出雲管内】大社線（上塩冶車庫～JR出雲市駅～ゆめタウン～島根ワイナリー～出雲大社バスターミナル）",
    "status": "adopted",
    "accuracyM": 10,
    "needsReview": "運行状況（季節運行・休止・予約制）を要確認",
    "sources": "国土数値情報（バス停留所データ）令和4年度（国土交通省）P11-22-32-bs1222（35.396613, 132.717237、JGD2011）を加工して作成",
    "verifiedAt": ""
   }
  },
  {
   "type": "Feature",
   "geometry": {
    "type": "Point",
    "coordinates": [
     132.7111725,
     35.3965915
    ]
   },
   "properties": {
    "id": "BS-kP11-22-32-bs1224",
    "kind": "bus_stop",
    "name": "島根ワイナリー",
    "datum": "WGS84",
    "mountainIds": "480",
    "mountainNames": "鼻高山",
    "lists": "中国百名山",
    "routes": "",
    "entryType": "",
    "trailKmToSummit": "",
    "related": "TH-n1387129329(741m)",
    "attributes": "operator=一畑バス（株）; busType=民間路線バス; busRoutes=【出雲管内】大社線（上塩冶車庫～JR出雲市駅～ゆめタウン～島根ワイナリー～出雲大社バスターミナル）",
    "status": "adopted",
    "accuracyM": 10,
    "needsReview": "運行状況（季節運行・休止・予約制）を要確認、登山口から離れている（徒歩アプローチを要確認）",
    "sources": "国土数値情報（バス停留所データ）令和4年度（国土交通省）P11-22-32-bs1224（35.396591, 132.711173、JGD2011）を加工して作成 ｜ OpenStreetMap（© OpenStreetMap contributors, ODbL 1.0）Geofabrik japan-latest.osm.pbf 2026-09-23T20:22:04Z node/12709508845",
    "verifiedAt": ""
   }
  },
  {
   "type": "Feature",
   "geometry": {
    "type": "Point",
    "coordinates": [
     132.7517499,
     35.3962587
    ]
   },
   "properties": {
    "id": "BS-kP11-22-32-bs1229",
    "kind": "bus_stop",
    "name": "神門谷",
    "datum": "WGS84",
    "mountainIds": "480",
    "mountainNames": "鼻高山",
    "lists": "中国百名山",
    "routes": "",
    "entryType": "",
    "trailKmToSummit": "",
    "related": "TH-n1391982317(394m)",
    "attributes": "operator=出雲市; busType=コミュニティバス; busRoutes=大寺線",
    "status": "adopted",
    "accuracyM": 10,
    "needsReview": "運行状況（季節運行・休止・予約制）を要確認",
    "sources": "国土数値情報（バス停留所データ）令和4年度（国土交通省）P11-22-32-bs1229（35.396259, 132.751750、JGD2011）を加工して作成",
    "verifiedAt": ""
   }
  },
  {
   "type": "Feature",
   "geometry": {
    "type": "Point",
    "coordinates": [
     132.7257636,
     35.3957865
    ]
   },
   "properties": {
    "id": "BS-kP11-22-32-bs1230",
    "kind": "bus_stop",
    "name": "荘厳寺前",
    "datum": "WGS84",
    "mountainIds": "480",
    "mountainNames": "鼻高山",
    "lists": "中国百名山",
    "routes": "",
    "entryType": "",
    "trailKmToSummit": "",
    "related": "TH-n1387129329(603m) TH-n1387129012(433m)",
    "attributes": "operator=一畑バス（株）; busType=民間路線バス; busRoutes=【出雲管内】大社線（上塩冶車庫～JR出雲市駅～ゆめタウン～島根ワイナリー～出雲大社バスターミナル）",
    "status": "adopted",
    "accuracyM": 10,
    "needsReview": "運行状況（季節運行・休止・予約制）を要確認、登山口から離れている（徒歩アプローチを要確認）",
    "sources": "国土数値情報（バス停留所データ）令和4年度（国土交通省）P11-22-32-bs1230（35.395787, 132.725764、JGD2011）を加工して作成",
    "verifiedAt": ""
   }
  },
  {
   "type": "Feature",
   "geometry": {
    "type": "Point",
    "coordinates": [
     132.7431211,
     35.3957866
    ]
   },
   "properties": {
    "id": "BS-kP11-22-32-bs1231",
    "kind": "bus_stop",
    "name": "矢尾西",
    "datum": "WGS84",
    "mountainIds": "480",
    "mountainNames": "鼻高山",
    "lists": "中国百名山",
    "routes": "",
    "entryType": "",
    "trailKmToSummit": "",
    "related": "TH-n1391982317(426m)",
    "attributes": "operator=出雲市; busType=コミュニティバス; busRoutes=大寺線",
    "status": "adopted",
    "accuracyM": 10,
    "needsReview": "運行状況（季節運行・休止・予約制）を要確認",
    "sources": "国土数値情報（バス停留所データ）令和4年度（国土交通省）P11-22-32-bs1231（35.395787, 132.743121、JGD2011）を加工して作成",
    "verifiedAt": ""
   }
  },
  {
   "type": "Feature",
   "geometry": {
    "type": "Point",
    "coordinates": [
     132.7479745,
     35.3957845
    ]
   },
   "properties": {
    "id": "BS-kP11-22-32-bs1232",
    "kind": "bus_stop",
    "name": "矢尾町",
    "datum": "WGS84",
    "mountainIds": "480",
    "mountainNames": "鼻高山",
    "lists": "中国百名山",
    "routes": "",
    "entryType": "",
    "trailKmToSummit": "",
    "related": "TH-n1391982317(152m)",
    "attributes": "operator=出雲市; busType=コミュニティバス; busRoutes=大寺線",
    "status": "adopted",
    "accuracyM": 10,
    "needsReview": "運行状況（季節運行・休止・予約制）を要確認",
    "sources": "国土数値情報（バス停留所データ）令和4年度（国土交通省）P11-22-32-bs1232（35.395784, 132.747974、JGD2011）を加工して作成",
    "verifiedAt": ""
   }
  },
  {
   "type": "Feature",
   "geometry": {
    "type": "Point",
    "coordinates": [
     132.7375166,
     35.392646
    ]
   },
   "properties": {
    "id": "BS-kP11-22-32-bs1257",
    "kind": "bus_stop",
    "name": "下平北",
    "datum": "WGS84",
    "mountainIds": "480",
    "mountainNames": "鼻高山",
    "lists": "中国百名山",
    "routes": "",
    "entryType": "",
    "trailKmToSummit": "",
    "related": "TH-n1387129012(703m)",
    "attributes": "operator=出雲市; busType=コミュニティバス; busRoutes=大寺線",
    "status": "adopted",
    "accuracyM": 10,
    "needsReview": "運行状況（季節運行・休止・予約制）を要確認、登山口から離れている（徒歩アプローチを要確認）",
    "sources": "国土数値情報（バス停留所データ）令和4年度（国土交通省）P11-22-32-bs1257（35.392646, 132.737517、JGD2011）を加工して作成",
    "verifiedAt": ""
   }
  },
  {
   "type": "Feature",
   "geometry": {
    "type": "Point",
    "coordinates": [
     132.7265865,
     35.3907132
    ]
   },
   "properties": {
    "id": "BS-kP11-22-32-bs1273",
    "kind": "bus_stop",
    "name": "遙堪",
    "datum": "WGS84",
    "mountainIds": "480",
    "mountainNames": "鼻高山",
    "lists": "中国百名山",
    "routes": "",
    "entryType": "",
    "trailKmToSummit": "",
    "related": "TH-n1387129012(622m)",
    "attributes": "operator=一畑バス（株）; busType=民間路線バス; busRoutes=【出雲管内】大社線（上塩冶車庫～JR出雲市駅～ゆめタウン～島根ワイナリー～出雲大社バスターミナル）",
    "status": "adopted",
    "accuracyM": 10,
    "needsReview": "運行状況（季節運行・休止・予約制）を要確認、登山口から離れている（徒歩アプローチを要確認）",
    "sources": "国土数値情報（バス停留所データ）令和4年度（国土交通省）P11-22-32-bs1273（35.390713, 132.726587、JGD2011）を加工して作成",
    "verifiedAt": ""
   }
  },
  {
   "type": "Feature",
   "geometry": {
    "type": "Point",
    "coordinates": [
     132.9765562,
     35.521676
    ]
   },
   "properties": {
    "id": "BS-kP11-22-32-bs149",
    "kind": "bus_stop",
    "name": "古浦海水浴場",
    "datum": "WGS84",
    "mountainIds": "446",
    "mountainNames": "朝日山",
    "lists": "中国百名山",
    "routes": "",
    "entryType": "",
    "trailKmToSummit": "",
    "related": "TH-n1408170632(464m)",
    "attributes": "operator=松江市; busType=コミュニティバス; busRoutes=鹿島コミュニティバス　循環線",
    "status": "adopted",
    "accuracyM": 10,
    "needsReview": "運行状況（季節運行・休止・予約制）を要確認",
    "sources": "国土数値情報（バス停留所データ）令和4年度（国土交通省）P11-22-32-bs149（35.521676, 132.976556、JGD2011）を加工して作成 ｜ OpenStreetMap（© OpenStreetMap contributors, ODbL 1.0）Geofabrik japan-latest.osm.pbf 2026-09-23T20:22:04Z node/10087052577",
    "verifiedAt": ""
   }
  },
  {
   "type": "Feature",
   "geometry": {
    "type": "Point",
    "coordinates": [
     132.9845875,
     35.519917
    ]
   },
   "properties": {
    "id": "BS-kP11-22-32-bs160",
    "kind": "bus_stop",
    "name": "根連木",
    "datum": "WGS84",
    "mountainIds": "446",
    "mountainNames": "朝日山",
    "lists": "中国百名山",
    "routes": "",
    "entryType": "",
    "trailKmToSummit": "",
    "related": "TH-n1408170632(497m)",
    "attributes": "operator=松江市; busType=コミュニティバス; busRoutes=鹿島コミュニティバス　循環線",
    "status": "adopted",
    "accuracyM": 10,
    "needsReview": "運行状況（季節運行・休止・予約制）を要確認",
    "sources": "国土数値情報（バス停留所データ）令和4年度（国土交通省）P11-22-32-bs160（35.519917, 132.984588、JGD2011）を加工して作成 ｜ OpenStreetMap（© OpenStreetMap contributors, ODbL 1.0）Geofabrik japan-latest.osm.pbf 2026-09-23T20:22:04Z node/10095401725",
    "verifiedAt": ""
   }
  },
  {
   "type": "Feature",
   "geometry": {
    "type": "Point",
    "coordinates": [
     132.9791799,
     35.5192806
    ]
   },
   "properties": {
    "id": "BS-kP11-22-32-bs165",
    "kind": "bus_stop",
    "name": "廻谷",
    "datum": "WGS84",
    "mountainIds": "446",
    "mountainNames": "朝日山",
    "lists": "中国百名山",
    "routes": "",
    "entryType": "",
    "trailKmToSummit": "",
    "related": "TH-n1408170632(119m)",
    "attributes": "operator=松江市; busType=コミュニティバス; busRoutes=鹿島コミュニティバス　循環線",
    "status": "adopted",
    "accuracyM": 10,
    "needsReview": "運行状況（季節運行・休止・予約制）を要確認",
    "sources": "国土数値情報（バス停留所データ）令和4年度（国土交通省）P11-22-32-bs165（35.519281, 132.979180、JGD2011）を加工して作成 ｜ OpenStreetMap（© OpenStreetMap contributors, ODbL 1.0）Geofabrik japan-latest.osm.pbf 2026-09-23T20:22:04Z node/10095401724",
    "verifiedAt": ""
   }
  },
  {
   "type": "Feature",
   "geometry": {
    "type": "Point",
    "coordinates": [
     132.9680877,
     35.501257
    ]
   },
   "properties": {
    "id": "BS-kP11-22-32-bs234",
    "kind": "bus_stop",
    "name": "畑谷入口",
    "datum": "WGS84",
    "mountainIds": "446",
    "mountainNames": "朝日山",
    "lists": "中国百名山",
    "routes": "",
    "entryType": "",
    "trailKmToSummit": "",
    "related": "TH-n1408166532(130m)",
    "attributes": "operator=松江市; busType=コミュニティバス; busRoutes=古江コミュニティバス　畑谷線",
    "status": "adopted",
    "accuracyM": 10,
    "needsReview": "運行状況（季節運行・休止・予約制）を要確認",
    "sources": "国土数値情報（バス停留所データ）令和4年度（国土交通省）P11-22-32-bs234（35.501257, 132.968088、JGD2011）を加工して作成 ｜ OpenStreetMap（© OpenStreetMap contributors, ODbL 1.0）Geofabrik japan-latest.osm.pbf 2026-09-23T20:22:04Z node/10095391512",
    "verifiedAt": ""
   }
  },
  {
   "type": "Feature",
   "geometry": {
    "type": "Point",
    "coordinates": [
     132.6216956,
     35.1529727
    ]
   },
   "properties": {
    "id": "BS-kP11-22-32-bs2500",
    "kind": "bus_stop",
    "name": "三瓶自然館前",
    "datum": "WGS84",
    "mountainIds": "575",
    "mountainNames": "三瓶山",
    "lists": "日本二百名山|日本三百名山|中国百名山",
    "routes": "",
    "entryType": "",
    "trailKmToSummit": "",
    "related": "TH-n1381321737(491m) TH-n1381321802(204m) TH-n1381321343(995m)",
    "attributes": "operator=石見交通（株）; busType=民間路線バス; busRoutes=三瓶線",
    "status": "adopted",
    "accuracyM": 10,
    "needsReview": "運行状況（季節運行・休止・予約制）を要確認、登山口から離れている（徒歩アプローチを要確認）",
    "sources": "国土数値情報（バス停留所データ）令和4年度（国土交通省）P11-22-32-bs2500（35.152973, 132.621696、JGD2011）を加工して作成",
    "verifiedAt": ""
   }
  },
  {
   "type": "Feature",
   "geometry": {
    "type": "Point",
    "coordinates": [
     132.6247164,
     35.1518814
    ]
   },
   "properties": {
    "id": "BS-kP11-22-32-bs2503",
    "kind": "bus_stop",
    "name": "青少年交流の家",
    "datum": "WGS84",
    "mountainIds": "575",
    "mountainNames": "三瓶山",
    "lists": "日本二百名山|日本三百名山|中国百名山",
    "routes": "",
    "entryType": "",
    "trailKmToSummit": "",
    "related": "TH-n1381321737(193m) TH-n1381321802(393m) TH-n1381321343(703m)",
    "attributes": "operator=石見交通（株）; busType=民間路線バス; busRoutes=三瓶線",
    "status": "adopted",
    "accuracyM": 10,
    "needsReview": "運行状況（季節運行・休止・予約制）を要確認、登山口から離れている（徒歩アプローチを要確認）",
    "sources": "国土数値情報（バス停留所データ）令和4年度（国土交通省）P11-22-32-bs2503（35.151881, 132.624716、JGD2011）を加工して作成",
    "verifiedAt": ""
   }
  },
  {
   "type": "Feature",
   "geometry": {
    "type": "Point",
    "coordinates": [
     132.6348955,
     35.1518677
    ]
   },
   "properties": {
    "id": "BS-kP11-22-32-bs2504",
    "kind": "bus_stop",
    "name": "別荘入口",
    "datum": "WGS84",
    "mountainIds": "575",
    "mountainNames": "三瓶山",
    "lists": "日本二百名山|日本三百名山|中国百名山",
    "routes": "",
    "entryType": "",
    "trailKmToSummit": "",
    "related": "TH-n1381321737(777m) TH-n1381321343(590m) TH-n1381321193(598m)",
    "attributes": "operator=石見交通（株）; busType=民間路線バス; busRoutes=三瓶線",
    "status": "adopted",
    "accuracyM": 10,
    "needsReview": "運行状況（季節運行・休止・予約制）を要確認、登山口から離れている（徒歩アプローチを要確認）",
    "sources": "国土数値情報（バス停留所データ）令和4年度（国土交通省）P11-22-32-bs2504（35.151868, 132.634896、JGD2011）を加工して作成",
    "verifiedAt": ""
   }
  },
  {
   "type": "Feature",
   "geometry": {
    "type": "Point",
    "coordinates": [
     132.6017433,
     35.1307653
    ]
   },
   "properties": {
    "id": "BS-kP11-22-32-bs2570",
    "kind": "bus_stop",
    "name": "定の松",
    "datum": "WGS84",
    "mountainIds": "575",
    "mountainNames": "三瓶山",
    "lists": "日本二百名山|日本三百名山|中国百名山",
    "routes": "",
    "entryType": "",
    "trailKmToSummit": "",
    "related": "TH-n1381319052(44m) TH-n1381318168(523m)",
    "attributes": "operator=石見交通（株）; busType=民間路線バス; busRoutes=三瓶線",
    "status": "adopted",
    "accuracyM": 10,
    "needsReview": "運行状況（季節運行・休止・予約制）を要確認",
    "sources": "国土数値情報（バス停留所データ）令和4年度（国土交通省）P11-22-32-bs2570（35.130765, 132.601743、JGD2011）を加工して作成",
    "verifiedAt": ""
   }
  },
  {
   "type": "Feature",
   "geometry": {
    "type": "Point",
    "coordinates": [
     132.6459788,
     35.1285314
    ]
   },
   "properties": {
    "id": "BS-kP11-22-32-bs2574",
    "kind": "bus_stop",
    "name": "東の原",
    "datum": "WGS84",
    "mountainIds": "575",
    "mountainNames": "三瓶山",
    "lists": "日本二百名山|日本三百名山|中国百名山",
    "routes": "",
    "entryType": "",
    "trailKmToSummit": "",
    "related": "TH-n11829365160(443m)",
    "attributes": "operator=石見交通（株）; busType=民間路線バス; busRoutes=三瓶線",
    "status": "adopted",
    "accuracyM": 10,
    "needsReview": "運行状況（季節運行・休止・予約制）を要確認",
    "sources": "国土数値情報（バス停留所データ）令和4年度（国土交通省）P11-22-32-bs2574（35.128531, 132.645979、JGD2011）を加工して作成",
    "verifiedAt": ""
   }
  },
  {
   "type": "Feature",
   "geometry": {
    "type": "Point",
    "coordinates": [
     132.6062629,
     35.1257023
    ]
   },
   "properties": {
    "id": "BS-kP11-22-32-bs2587",
    "kind": "bus_stop",
    "name": "駕籠立の松",
    "datum": "WGS84",
    "mountainIds": "575",
    "mountainNames": "三瓶山",
    "lists": "日本二百名山|日本三百名山|中国百名山",
    "routes": "",
    "entryType": "",
    "trailKmToSummit": "",
    "related": "TH-n1381319052(737m) TH-n1381318168(173m)",
    "attributes": "operator=石見交通（株）; busType=民間路線バス; busRoutes=三瓶線",
    "status": "adopted",
    "accuracyM": 10,
    "needsReview": "運行状況（季節運行・休止・予約制）を要確認、登山口から離れている（徒歩アプローチを要確認）",
    "sources": "国土数値情報（バス停留所データ）令和4年度（国土交通省）P11-22-32-bs2587（35.125702, 132.606263、JGD2011）を加工して作成",
    "verifiedAt": ""
   }
  },
  {
   "type": "Feature",
   "geometry": {
    "type": "Point",
    "coordinates": [
     132.6101828,
     35.1229679
    ]
   },
   "properties": {
    "id": "BS-kP11-22-32-bs2597",
    "kind": "bus_stop",
    "name": "緑ヶ丘西口",
    "datum": "WGS84",
    "mountainIds": "575",
    "mountainNames": "三瓶山",
    "lists": "日本二百名山|日本三百名山|中国百名山",
    "routes": "",
    "entryType": "",
    "trailKmToSummit": "",
    "related": "TH-n1381318168(639m)",
    "attributes": "operator=石見交通（株）; busType=民間路線バス; busRoutes=三瓶線",
    "status": "adopted",
    "accuracyM": 10,
    "needsReview": "運行状況（季節運行・休止・予約制）を要確認、登山口から離れている（徒歩アプローチを要確認）",
    "sources": "国土数値情報（バス停留所データ）令和4年度（国土交通省）P11-22-32-bs2597（35.122968, 132.610183、JGD2011）を加工して作成",
    "verifiedAt": ""
   }
  },
  {
   "type": "Feature",
   "geometry": {
    "type": "Point",
    "coordinates": [
     132.9682969,
     35.4964734
    ]
   },
   "properties": {
    "id": "BS-kP11-22-32-bs260",
    "kind": "bus_stop",
    "name": "上組公民館",
    "datum": "WGS84",
    "mountainIds": "446",
    "mountainNames": "朝日山",
    "lists": "中国百名山",
    "routes": "",
    "entryType": "",
    "trailKmToSummit": "",
    "related": "TH-n1408166532(440m)",
    "attributes": "operator=松江市; busType=コミュニティバス; busRoutes=古江コミュニティバス　畑谷線",
    "status": "adopted",
    "accuracyM": 10,
    "needsReview": "運行状況（季節運行・休止・予約制）を要確認",
    "sources": "国土数値情報（バス停留所データ）令和4年度（国土交通省）P11-22-32-bs260（35.496473, 132.968297、JGD2011）を加工して作成 ｜ OpenStreetMap（© OpenStreetMap contributors, ODbL 1.0）Geofabrik japan-latest.osm.pbf 2026-09-23T20:22:04Z node/10095391511",
    "verifiedAt": ""
   }
  },
  {
   "type": "Feature",
   "geometry": {
    "type": "Point",
    "coordinates": [
     132.6405843,
     35.1195892
    ]
   },
   "properties": {
    "id": "BS-kP11-22-32-bs2605",
    "kind": "bus_stop",
    "name": "開拓農協入口",
    "datum": "WGS84",
    "mountainIds": "575",
    "mountainNames": "三瓶山",
    "lists": "日本二百名山|日本三百名山|中国百名山",
    "routes": "",
    "entryType": "",
    "trailKmToSummit": "",
    "related": "TH-n11829365160(987m)",
    "attributes": "operator=石見交通（株）; busType=民間路線バス; busRoutes=三瓶線",
    "status": "adopted",
    "accuracyM": 10,
    "needsReview": "運行状況（季節運行・休止・予約制）を要確認、登山口から離れている（徒歩アプローチを要確認）",
    "sources": "国土数値情報（バス停留所データ）令和4年度（国土交通省）P11-22-32-bs2605（35.119589, 132.640584、JGD2011）を加工して作成",
    "verifiedAt": ""
   }
  },
  {
   "type": "Feature",
   "geometry": {
    "type": "Point",
    "coordinates": [
     132.6193894,
     35.1175142
    ]
   },
   "properties": {
    "id": "BS-kP11-22-32-bs2612",
    "kind": "bus_stop",
    "name": "四季の宿さひめ野",
    "datum": "WGS84",
    "mountainIds": "575",
    "mountainNames": "三瓶山",
    "lists": "日本二百名山|日本三百名山|中国百名山",
    "routes": "",
    "entryType": "",
    "trailKmToSummit": "",
    "related": "TH-n1381317285(404m)",
    "attributes": "operator=石見交通（株）; busType=民間路線バス; busRoutes=三瓶線",
    "status": "adopted",
    "accuracyM": 10,
    "needsReview": "運行状況（季節運行・休止・予約制）を要確認",
    "sources": "国土数値情報（バス停留所データ）令和4年度（国土交通省）P11-22-32-bs2612（35.117514, 132.619389、JGD2011）を加工して作成",
    "verifiedAt": ""
   }
  },
  {
   "type": "Feature",
   "geometry": {
    "type": "Point",
    "coordinates": [
     132.6265022,
     35.1159601
    ]
   },
   "properties": {
    "id": "BS-kP11-22-32-bs2615",
    "kind": "bus_stop",
    "name": "奥の湯入口",
    "datum": "WGS84",
    "mountainIds": "575",
    "mountainNames": "三瓶山",
    "lists": "日本二百名山|日本三百名山|中国百名山",
    "routes": "",
    "entryType": "",
    "trailKmToSummit": "",
    "related": "TH-n1381317285(270m)",
    "attributes": "operator=石見交通（株）; busType=民間路線バス; busRoutes=三瓶線",
    "status": "adopted",
    "accuracyM": 10,
    "needsReview": "運行状況（季節運行・休止・予約制）を要確認",
    "sources": "国土数値情報（バス停留所データ）令和4年度（国土交通省）P11-22-32-bs2615（35.115960, 132.626502、JGD2011）を加工して作成",
    "verifiedAt": ""
   }
  },
  {
   "type": "Feature",
   "geometry": {
    "type": "Point",
    "coordinates": [
     132.6232401,
     35.1157806
    ]
   },
   "properties": {
    "id": "BS-kP11-22-32-bs2616",
    "kind": "bus_stop",
    "name": "国民宿舎さんべ荘前",
    "datum": "WGS84",
    "mountainIds": "575",
    "mountainNames": "三瓶山",
    "lists": "日本二百名山|日本三百名山|中国百名山",
    "routes": "",
    "entryType": "",
    "trailKmToSummit": "",
    "related": "TH-n1381317285(61m)",
    "attributes": "operator=石見交通（株）; busType=民間路線バス; busRoutes=三瓶線",
    "status": "adopted",
    "accuracyM": 10,
    "needsReview": "運行状況（季節運行・休止・予約制）を要確認",
    "sources": "国土数値情報（バス停留所データ）令和4年度（国土交通省）P11-22-32-bs2616（35.115781, 132.623240、JGD2011）を加工して作成",
    "verifiedAt": ""
   }
  },
  {
   "type": "Feature",
   "geometry": {
    "type": "Point",
    "coordinates": [
     132.9137422,
     35.0924968
    ]
   },
   "properties": {
    "id": "BS-kP11-22-32-bs2665",
    "kind": "bus_stop",
    "name": "木地谷",
    "datum": "WGS84",
    "mountainIds": "579",
    "mountainNames": "鯛ノ巣山",
    "lists": "中国百名山",
    "routes": "",
    "entryType": "",
    "trailKmToSummit": "",
    "related": "TH-n1324462093(531m)",
    "attributes": "operator=奥出雲交通（株）; busType=民間路線バス; busRoutes=阿井・高野線",
    "status": "adopted",
    "accuracyM": 10,
    "needsReview": "運行状況（季節運行・休止・予約制）を要確認",
    "sources": "国土数値情報（バス停留所データ）令和4年度（国土交通省）P11-22-32-bs2665（35.092497, 132.913742、JGD2011）を加工して作成",
    "verifiedAt": ""
   }
  },
  {
   "type": "Feature",
   "geometry": {
    "type": "Point",
    "coordinates": [
     132.4584192,
     35.0675929
    ]
   },
   "properties": {
    "id": "BS-kP11-22-32-bs2744",
    "kind": "bus_stop",
    "name": "瀬戸口",
    "datum": "WGS84",
    "mountainIds": "592",
    "mountainNames": "大江高山",
    "lists": "中国百名山",
    "routes": "",
    "entryType": "",
    "trailKmToSummit": "",
    "related": "TH-n1382522643(938m)",
    "attributes": "operator=石見交通（株）; busType=民間路線バス; busRoutes=川本線 / 大森・大家線",
    "status": "adopted",
    "accuracyM": 10,
    "needsReview": "運行状況（季節運行・休止・予約制）を要確認、登山口から離れている（徒歩アプローチを要確認）",
    "sources": "国土数値情報（バス停留所データ）令和4年度（国土交通省）P11-22-32-bs2744（35.067593, 132.458419、JGD2011）を加工して作成",
    "verifiedAt": ""
   }
  },
  {
   "type": "Feature",
   "geometry": {
    "type": "Point",
    "coordinates": [
     132.4517019,
     35.0656955
    ]
   },
   "properties": {
    "id": "BS-kP11-22-32-bs2746",
    "kind": "bus_stop",
    "name": "祖式",
    "datum": "WGS84",
    "mountainIds": "592",
    "mountainNames": "大江高山",
    "lists": "中国百名山",
    "routes": "",
    "entryType": "",
    "trailKmToSummit": "",
    "related": "TH-n1382522580(866m) TH-n1382522643(382m)",
    "attributes": "operator=石見交通（株）; busType=民間路線バス; busRoutes=大森・大家線",
    "status": "adopted",
    "accuracyM": 10,
    "needsReview": "運行状況（季節運行・休止・予約制）を要確認、登山口から離れている（徒歩アプローチを要確認）",
    "sources": "国土数値情報（バス停留所データ）令和4年度（国土交通省）P11-22-32-bs2746（35.065696, 132.451702、JGD2011）を加工して作成",
    "verifiedAt": ""
   }
  },
  {
   "type": "Feature",
   "geometry": {
    "type": "Point",
    "coordinates": [
     132.4507935,
     35.059575
    ]
   },
   "properties": {
    "id": "BS-kP11-22-32-bs2765",
    "kind": "bus_stop",
    "name": "横谷口",
    "datum": "WGS84",
    "mountainIds": "592",
    "mountainNames": "大江高山",
    "lists": "中国百名山",
    "routes": "",
    "entryType": "",
    "trailKmToSummit": "",
    "related": "TH-n1382522643(909m)",
    "attributes": "operator=石見交通（株）; busType=民間路線バス; busRoutes=大森・大家線",
    "status": "adopted",
    "accuracyM": 10,
    "needsReview": "運行状況（季節運行・休止・予約制）を要確認、登山口から離れている（徒歩アプローチを要確認）",
    "sources": "国土数値情報（バス停留所データ）令和4年度（国土交通省）P11-22-32-bs2765（35.059575, 132.450794、JGD2011）を加工して作成",
    "verifiedAt": ""
   }
  },
  {
   "type": "Feature",
   "geometry": {
    "type": "Point",
    "coordinates": [
     132.4072015,
     35.055379
    ]
   },
   "properties": {
    "id": "BS-kP11-22-32-bs2775",
    "kind": "bus_stop",
    "name": "川上",
    "datum": "WGS84",
    "mountainIds": "592",
    "mountainNames": "大江高山",
    "lists": "中国百名山",
    "routes": "",
    "entryType": "",
    "trailKmToSummit": "",
    "related": "TH-n11918686708(920m)",
    "attributes": "operator=石見交通（株）; busType=民間路線バス; busRoutes=大森・大家線",
    "status": "adopted",
    "accuracyM": 10,
    "needsReview": "運行状況（季節運行・休止・予約制）を要確認、登山口から離れている（徒歩アプローチを要確認）",
    "sources": "国土数値情報（バス停留所データ）令和4年度（国土交通省）P11-22-32-bs2775（35.055379, 132.407201、JGD2011）を加工して作成",
    "verifiedAt": ""
   }
  },
  {
   "type": "Feature",
   "geometry": {
    "type": "Point",
    "coordinates": [
     132.7431921,
     35.0369616
    ]
   },
   "properties": {
    "id": "BS-kP11-22-32-bs2832",
    "kind": "bus_stop",
    "name": "来島",
    "datum": "WGS84",
    "mountainIds": "599",
    "mountainNames": "琴引山",
    "lists": "中国百名山",
    "routes": "",
    "entryType": "",
    "trailKmToSummit": "",
    "related": "TH-n1325867828(938m)",
    "attributes": "operator=飯南町; busType=コミュニティバス; busRoutes=飯南町生活路線バス　赤名・吉田線",
    "status": "adopted",
    "accuracyM": 10,
    "needsReview": "運行状況（季節運行・休止・予約制）を要確認、登山口から離れている（徒歩アプローチを要確認）",
    "sources": "国土数値情報（バス停留所データ）令和4年度（国土交通省）P11-22-32-bs2832（35.036962, 132.743192、JGD2011）を加工して作成",
    "verifiedAt": ""
   }
  },
  {
   "type": "Feature",
   "geometry": {
    "type": "Point",
    "coordinates": [
     132.7427122,
     35.0368152
    ]
   },
   "properties": {
    "id": "BS-kP11-22-32-bs2833",
    "kind": "bus_stop",
    "name": "三日市",
    "datum": "WGS84",
    "mountainIds": "599",
    "mountainNames": "琴引山",
    "lists": "中国百名山",
    "routes": "",
    "entryType": "",
    "trailKmToSummit": "",
    "related": "TH-n1325867828(983m)",
    "attributes": "operator=飯南町; busType=コミュニティバス; busRoutes=飯南町生活路線バス　谷・赤名・頓原線 / 飯南町生活路線バス　都加賀・奥畑線",
    "status": "adopted",
    "accuracyM": 10,
    "needsReview": "運行状況（季節運行・休止・予約制）を要確認、登山口から離れている（徒歩アプローチを要確認）",
    "sources": "国土数値情報（バス停留所データ）令和4年度（国土交通省）P11-22-32-bs2833（35.036815, 132.742712、JGD2011）を加工して作成",
    "verifiedAt": ""
   }
  },
  {
   "type": "Feature",
   "geometry": {
    "type": "Point",
    "coordinates": [
     132.7429975,
     35.0351465
    ]
   },
   "properties": {
    "id": "BS-kP11-22-32-bs2844",
    "kind": "bus_stop",
    "name": "来島交流センター",
    "datum": "WGS84",
    "mountainIds": "599",
    "mountainNames": "琴引山",
    "lists": "中国百名山",
    "routes": "",
    "entryType": "",
    "trailKmToSummit": "",
    "related": "TH-n1325867828(988m)",
    "attributes": "operator=飯南町; busType=コミュニティバス; busRoutes=飯南町生活路線バス　赤名・吉田線 / 飯南町生活路線バス　谷・赤名・頓原線 / 飯南町生活路線バス　都加賀・奥畑線",
    "status": "adopted",
    "accuracyM": 10,
    "needsReview": "運行状況（季節運行・休止・予約制）を要確認、登山口から離れている（徒歩アプローチを要確認）",
    "sources": "国土数値情報（バス停留所データ）令和4年度（国土交通省）P11-22-32-bs2844（35.035147, 132.742997、JGD2011）を加工して作成",
    "verifiedAt": ""
   }
  },
  {
   "type": "Feature",
   "geometry": {
    "type": "Point",
    "coordinates": [
     133.0940896,
     35.491128
    ]
   },
   "properties": {
    "id": "BS-kP11-22-32-bs310",
    "kind": "bus_stop",
    "name": "下組公民館前",
    "datum": "WGS84",
    "mountainIds": "452",
    "mountainNames": "嵩山",
    "lists": "中国百名山",
    "routes": "",
    "entryType": "",
    "trailKmToSummit": "",
    "related": "TH-n5527703622(329m)",
    "attributes": "operator=松江市; busType=公営路線バス; busRoutes=【市営2あじさい②】あじさい団地⇒養護学校⇒北田⇒松江駅⇒桧山⇒八重垣神社⇒平成町車庫 / 【市営2あじさい②】市立病院⇒墓地⇒八重垣神社⇒桧山⇒松江駅⇒北田⇒養護学校⇒あじさい団地 / 【市営2あじさい②】市立病院⇔八重垣神社⇔桧山⇔松江駅⇔北田⇔養護学校⇔あじさい団地",
    "status": "adopted",
    "accuracyM": 10,
    "needsReview": "運行状況（季節運行・休止・予約制）を要確認",
    "sources": "国土数値情報（バス停留所データ）令和4年度（国土交通省）P11-22-32-bs310（35.491128, 133.094090、JGD2011）を加工して作成 ｜ OpenStreetMap（© OpenStreetMap contributors, ODbL 1.0）Geofabrik japan-latest.osm.pbf 2026-09-23T20:22:04Z node/10077557838",
    "verifiedAt": ""
   }
  },
  {
   "type": "Feature",
   "geometry": {
    "type": "Point",
    "coordinates": [
     133.0947147,
     35.4886184
    ]
   },
   "properties": {
    "id": "BS-kP11-22-32-bs324",
    "kind": "bus_stop",
    "name": "中組公民館前",
    "datum": "WGS84",
    "mountainIds": "452",
    "mountainNames": "嵩山",
    "lists": "中国百名山",
    "routes": "",
    "entryType": "",
    "trailKmToSummit": "",
    "related": "TH-n5527703622(114m)",
    "attributes": "operator=松江市; busType=公営路線バス; busRoutes=【市営2あじさい②】あじさい団地⇒養護学校⇒北田⇒松江駅⇒桧山⇒八重垣神社⇒平成町車庫 / 【市営2あじさい②】市立病院⇒墓地⇒八重垣神社⇒桧山⇒松江駅⇒北田⇒養護学校⇒あじさい団地 / 【市営2あじさい②】市立病院⇔八重垣神社⇔桧山⇔松江駅⇔北田⇔養護学校⇔あじさい団地",
    "status": "adopted",
    "accuracyM": 10,
    "needsReview": "運行状況（季節運行・休止・予約制）を要確認",
    "sources": "国土数値情報（バス停留所データ）令和4年度（国土交通省）P11-22-32-bs324（35.488618, 133.094715、JGD2011）を加工して作成 ｜ OpenStreetMap（© OpenStreetMap contributors, ODbL 1.0）Geofabrik japan-latest.osm.pbf 2026-09-23T20:22:04Z node/10077557823",
    "verifiedAt": ""
   }
  },
  {
   "type": "Feature",
   "geometry": {
    "type": "Point",
    "coordinates": [
     132.2151136,
     34.8238774
    ]
   },
   "properties": {
    "id": "BS-kP11-22-32-bs3412",
    "kind": "bus_stop",
    "name": "柚根口",
    "datum": "WGS84",
    "mountainIds": "622",
    "mountainNames": "金木山",
    "lists": "中国百名山",
    "routes": "",
    "entryType": "",
    "trailKmToSummit": "",
    "related": "TH-n1316851812(728m)",
    "attributes": "operator=石見交通（株）; busType=民間路線バス; busRoutes=波佐線",
    "status": "adopted",
    "accuracyM": 10,
    "needsReview": "運行状況（季節運行・休止・予約制）を要確認、登山口から離れている（徒歩アプローチを要確認）",
    "sources": "国土数値情報（バス停留所データ）令和4年度（国土交通省）P11-22-32-bs3412（34.823877, 132.215114、JGD2011）を加工して作成",
    "verifiedAt": ""
   }
  },
  {
   "type": "Feature",
   "geometry": {
    "type": "Point",
    "coordinates": [
     132.2036473,
     34.8215208
    ]
   },
   "properties": {
    "id": "BS-kP11-22-32-bs3416",
    "kind": "bus_stop",
    "name": "中徳田",
    "datum": "WGS84",
    "mountainIds": "622",
    "mountainNames": "金木山",
    "lists": "中国百名山",
    "routes": "",
    "entryType": "",
    "trailKmToSummit": "",
    "related": "TH-kP11-22-32-bs3421(463m) TH-n1316851812(367m)",
    "attributes": "operator=石見交通（株）; busType=民間路線バス; busRoutes=波佐線",
    "status": "adopted",
    "accuracyM": 10,
    "needsReview": "運行状況（季節運行・休止・予約制）を要確認",
    "sources": "国土数値情報（バス停留所データ）令和4年度（国土交通省）P11-22-32-bs3416（34.821521, 132.203647、JGD2011）を加工して作成",
    "verifiedAt": ""
   }
  },
  {
   "type": "Feature",
   "geometry": {
    "type": "Point",
    "coordinates": [
     132.2104602,
     34.8208582
    ]
   },
   "properties": {
    "id": "BS-kP11-22-32-bs3420",
    "kind": "bus_stop",
    "name": "上徳田",
    "datum": "WGS84",
    "mountainIds": "622",
    "mountainNames": "金木山",
    "lists": "中国百名山",
    "routes": "",
    "entryType": "",
    "trailKmToSummit": "",
    "related": "TH-n1316851812(384m)",
    "attributes": "operator=石見交通（株）; busType=民間路線バス; busRoutes=波佐線",
    "status": "adopted",
    "accuracyM": 10,
    "needsReview": "運行状況（季節運行・休止・予約制）を要確認",
    "sources": "国土数値情報（バス停留所データ）令和4年度（国土交通省）P11-22-32-bs3420（34.820858, 132.210460、JGD2011）を加工して作成",
    "verifiedAt": ""
   }
  },
  {
   "type": "Feature",
   "geometry": {
    "type": "Point",
    "coordinates": [
     132.2005516,
     34.8182058
    ]
   },
   "properties": {
    "id": "BS-kP11-22-32-bs3421",
    "kind": "bus_stop",
    "name": "下徳田",
    "datum": "WGS84",
    "mountainIds": "622",
    "mountainNames": "金木山",
    "lists": "中国百名山",
    "routes": "",
    "entryType": "",
    "trailKmToSummit": "",
    "related": "TH-kP11-22-32-bs3421(0m)",
    "attributes": "operator=石見交通（株）; busType=民間路線バス; busRoutes=波佐線",
    "status": "adopted",
    "accuracyM": 10,
    "needsReview": "運行状況（季節運行・休止・予約制）を要確認",
    "sources": "国土数値情報（バス停留所データ）令和4年度（国土交通省）P11-22-32-bs3421（34.818206, 132.200552、JGD2011）を加工して作成",
    "verifiedAt": ""
   }
  },
  {
   "type": "Feature",
   "geometry": {
    "type": "Point",
    "coordinates": [
     132.1971642,
     34.8156283
    ]
   },
   "properties": {
    "id": "BS-kP11-22-32-bs3425",
    "kind": "bus_stop",
    "name": "小国",
    "datum": "WGS84",
    "mountainIds": "622",
    "mountainNames": "金木山",
    "lists": "中国百名山",
    "routes": "",
    "entryType": "",
    "trailKmToSummit": "",
    "related": "TH-kP11-22-32-bs3421(421m)",
    "attributes": "operator=石見交通（株）; busType=民間路線バス; busRoutes=波佐線",
    "status": "adopted",
    "accuracyM": 10,
    "needsReview": "運行状況（季節運行・休止・予約制）を要確認",
    "sources": "国土数値情報（バス停留所データ）令和4年度（国土交通省）P11-22-32-bs3425（34.815628, 132.197164、JGD2011）を加工して作成",
    "verifiedAt": ""
   }
  },
  {
   "type": "Feature",
   "geometry": {
    "type": "Point",
    "coordinates": [
     133.0950186,
     35.4836936
    ]
   },
   "properties": {
    "id": "BS-kP11-22-32-bs369",
    "kind": "bus_stop",
    "name": "上組公民館前",
    "datum": "WGS84",
    "mountainIds": "452",
    "mountainNames": "嵩山",
    "lists": "中国百名山",
    "routes": "",
    "entryType": "",
    "trailKmToSummit": "",
    "related": "TH-n5527703622(547m) TH-n1416878383(983m)",
    "attributes": "operator=松江市; busType=公営路線バス; busRoutes=【市営2あじさい②】あじさい団地⇒養護学校⇒北田⇒松江駅⇒桧山⇒八重垣神社⇒平成町車庫 / 【市営2あじさい②】市立病院⇒墓地⇒八重垣神社⇒桧山⇒松江駅⇒北田⇒養護学校⇒あじさい団地 / 【市営2あじさい②】市立病院⇔八重垣神社⇔桧山⇔松江駅⇔北田⇔養護学校⇔あじさい団地",
    "status": "adopted",
    "accuracyM": 10,
    "needsReview": "運行状況（季節運行・休止・予約制）を要確認、登山口から離れている（徒歩アプローチを要確認）",
    "sources": "国土数値情報（バス停留所データ）令和4年度（国土交通省）P11-22-32-bs369（35.483694, 133.095019、JGD2011）を加工して作成 ｜ OpenStreetMap（© OpenStreetMap contributors, ODbL 1.0）Geofabrik japan-latest.osm.pbf 2026-09-23T20:22:04Z node/10077557822",
    "verifiedAt": ""
   }
  },
  {
   "type": "Feature",
   "geometry": {
    "type": "Point",
    "coordinates": [
     133.1110428,
     35.4766674
    ]
   },
   "properties": {
    "id": "BS-kP11-22-32-bs431",
    "kind": "bus_stop",
    "name": "一の原",
    "datum": "WGS84",
    "mountainIds": "452",
    "mountainNames": "嵩山",
    "lists": "中国百名山",
    "routes": "",
    "entryType": "",
    "trailKmToSummit": "",
    "related": "TH-n1416878383(810m)",
    "attributes": "operator=松江市; busType=公営路線バス; busRoutes=【市営4八束②】八束町⇒上宇部尾⇒女子高⇒松江駅⇒乃木駅⇒商業高⇒市立病院 / 【市営4八束②】八束町⇒上宇部尾⇒女子高⇒松江駅⇒乃木駅⇒商業高⇒平成町車庫 / 【市営4八束②】八束町⇒江島⇒上宇部尾⇒松江駅⇒乃木駅⇒商業高⇒市立病院",
    "status": "adopted",
    "accuracyM": 10,
    "needsReview": "運行状況（季節運行・休止・予約制）を要確認、登山口から離れている（徒歩アプローチを要確認）",
    "sources": "国土数値情報（バス停留所データ）令和4年度（国土交通省）P11-22-32-bs431（35.476667, 133.111043、JGD2011）を加工して作成 ｜ OpenStreetMap（© OpenStreetMap contributors, ODbL 1.0）Geofabrik japan-latest.osm.pbf 2026-09-23T20:22:04Z node/10084040896",
    "verifiedAt": ""
   }
  },
  {
   "type": "Feature",
   "geometry": {
    "type": "Point",
    "coordinates": [
     132.8008574,
     35.4346157
    ]
   },
   "properties": {
    "id": "BS-kP11-22-32-bs830",
    "kind": "bus_stop",
    "name": "徳雲寺橋",
    "datum": "WGS84",
    "mountainIds": "480",
    "mountainNames": "鼻高山",
    "lists": "中国百名山",
    "routes": "",
    "entryType": "",
    "trailKmToSummit": "",
    "related": "TH-n1387135676(931m) TH-n1387136869(508m)",
    "attributes": "operator=出雲市; busType=コミュニティバス; busRoutes=平田生活バス　鰐淵線",
    "status": "adopted",
    "accuracyM": 10,
    "needsReview": "運行状況（季節運行・休止・予約制）を要確認、登山口から離れている（徒歩アプローチを要確認）",
    "sources": "国土数値情報（バス停留所データ）令和4年度（国土交通省）P11-22-32-bs830（35.434616, 132.800857、JGD2011）を加工して作成",
    "verifiedAt": ""
   }
  },
  {
   "type": "Feature",
   "geometry": {
    "type": "Point",
    "coordinates": [
     132.8098044,
     35.4285386
    ]
   },
   "properties": {
    "id": "BS-kP11-22-32-bs956",
    "kind": "bus_stop",
    "name": "スイミングスクール前",
    "datum": "WGS84",
    "mountainIds": "480",
    "mountainNames": "鼻高山",
    "lists": "中国百名山",
    "routes": "",
    "entryType": "",
    "trailKmToSummit": "",
    "related": "TH-n1387135676(947m)",
    "attributes": "operator=出雲市; busType=コミュニティバス; busRoutes=平田生活バス　鰐淵線",
    "status": "adopted",
    "accuracyM": 10,
    "needsReview": "運行状況（季節運行・休止・予約制）を要確認、登山口から離れている（徒歩アプローチを要確認）",
    "sources": "国土数値情報（バス停留所データ）令和4年度（国土交通省）P11-22-32-bs956（35.428539, 132.809804、JGD2011）を加工して作成 ｜ OpenStreetMap（© OpenStreetMap contributors, ODbL 1.0）Geofabrik japan-latest.osm.pbf 2026-09-23T20:22:04Z node/10179091657",
    "verifiedAt": ""
   }
  },
  {
   "type": "Feature",
   "geometry": {
    "type": "Point",
    "coordinates": [
     132.7490217,
     35.4280231
    ]
   },
   "properties": {
    "id": "BS-kP11-22-32-bs971",
    "kind": "bus_stop",
    "name": "鰐淵寺駐車場",
    "datum": "WGS84",
    "mountainIds": "480",
    "mountainNames": "鼻高山",
    "lists": "中国百名山",
    "routes": "",
    "entryType": "",
    "trailKmToSummit": "",
    "related": "TH-n1387135009(526m) TH-n1387133695(787m)",
    "attributes": "operator=出雲市; busType=コミュニティバス; busRoutes=平田生活バス　鰐淵線",
    "status": "adopted",
    "accuracyM": 10,
    "needsReview": "運行状況（季節運行・休止・予約制）を要確認、登山口から離れている（徒歩アプローチを要確認）",
    "sources": "国土数値情報（バス停留所データ）令和4年度（国土交通省）P11-22-32-bs971（35.428023, 132.749022、JGD2011）を加工して作成",
    "verifiedAt": ""
   }
  },
  {
   "type": "Feature",
   "geometry": {
    "type": "Point",
    "coordinates": [
     132.7384711,
     35.4258681
    ]
   },
   "properties": {
    "id": "BS-kP11-22-32-bs998",
    "kind": "bus_stop",
    "name": "唐川坂中",
    "datum": "WGS84",
    "mountainIds": "480",
    "mountainNames": "鼻高山",
    "lists": "中国百名山",
    "routes": "",
    "entryType": "",
    "trailKmToSummit": "",
    "related": "TH-n1387133695(970m) TH-n1387132527(888m) TH-n1387132664(833m)",
    "attributes": "operator=出雲市; busType=コミュニティバス; busRoutes=平田生活バス　鰐淵線",
    "status": "adopted",
    "accuracyM": 10,
    "needsReview": "運行状況（季節運行・休止・予約制）を要確認、登山口から離れている（徒歩アプローチを要確認）",
    "sources": "国土数値情報（バス停留所データ）令和4年度（国土交通省）P11-22-32-bs998（35.425868, 132.738471、JGD2011）を加工して作成",
    "verifiedAt": ""
   }
  },
  {
   "type": "Feature",
   "geometry": {
    "type": "Point",
    "coordinates": [
     133.3832073,
     34.9407858
    ]
   },
   "properties": {
    "id": "BS-kP11-22-33-bs1521",
    "kind": "bus_stop",
    "name": "大山",
    "datum": "WGS84",
    "mountainIds": "614",
    "mountainNames": "荒戸山",
    "lists": "中国百名山",
    "routes": "",
    "entryType": "",
    "trailKmToSummit": "",
    "related": "TH-n1494911054(867m) TH-n1494914899(957m)",
    "attributes": "operator=新見市; busType=コミュニティバス; busRoutes=市営バス　ふれあいバス　大谷線",
    "status": "adopted",
    "accuracyM": 10,
    "needsReview": "運行状況（季節運行・休止・予約制）を要確認、登山口から離れている（徒歩アプローチを要確認）",
    "sources": "国土数値情報（バス停留所データ）令和4年度（国土交通省）P11-22-33-bs1521（34.940786, 133.383207、JGD2011）を加工して作成",
    "verifiedAt": ""
   }
  },
  {
   "type": "Feature",
   "geometry": {
    "type": "Point",
    "coordinates": [
     133.3801091,
     34.9258416
    ]
   },
   "properties": {
    "id": "BS-kP11-22-33-bs1629",
    "kind": "bus_stop",
    "name": "キャンプ場前",
    "datum": "WGS84",
    "mountainIds": "614",
    "mountainNames": "荒戸山",
    "lists": "中国百名山",
    "routes": "",
    "entryType": "",
    "trailKmToSummit": "",
    "related": "TH-n1494911161(984m) TH-n1494882212(613m) TH-n1494911054(841m)",
    "attributes": "operator=新見市; busType=コミュニティバス; busRoutes=市営バス　新砥線",
    "status": "adopted",
    "accuracyM": 10,
    "needsReview": "運行状況（季節運行・休止・予約制）を要確認、登山口から離れている（徒歩アプローチを要確認）",
    "sources": "国土数値情報（バス停留所データ）令和4年度（国土交通省）P11-22-33-bs1629（34.925842, 133.380109、JGD2011）を加工して作成",
    "verifiedAt": ""
   }
  },
  {
   "type": "Feature",
   "geometry": {
    "type": "Point",
    "coordinates": [
     133.4520004,
     34.8686747
    ]
   },
   "properties": {
    "id": "BS-kP11-22-33-bs2013",
    "kind": "bus_stop",
    "name": "坂本",
    "datum": "WGS84",
    "mountainIds": "620",
    "mountainNames": "天神山",
    "lists": "中国百名山",
    "routes": "",
    "entryType": "",
    "trailKmToSummit": "",
    "related": "TH-n2069520824(584m)",
    "attributes": "operator=備北バス（株）; busType=民間路線バス; busRoutes=坂本～矢戸～新見駅 / 坂本～成羽～高梁駅 / 坂本～田原～川合",
    "status": "adopted",
    "accuracyM": 10,
    "needsReview": "運行状況（季節運行・休止・予約制）を要確認",
    "sources": "国土数値情報（バス停留所データ）令和4年度（国土交通省）P11-22-33-bs2013（34.868675, 133.452000、JGD2011）を加工して作成",
    "verifiedAt": ""
   }
  },
  {
   "type": "Feature",
   "geometry": {
    "type": "Point",
    "coordinates": [
     133.4508629,
     34.8618254
    ]
   },
   "properties": {
    "id": "BS-kP11-22-33-bs2060",
    "kind": "bus_stop",
    "name": "天神山登山口",
    "datum": "WGS84",
    "mountainIds": "620",
    "mountainNames": "天神山",
    "lists": "中国百名山",
    "routes": "",
    "entryType": "",
    "trailKmToSummit": "",
    "related": "TH-n2069520824(189m)",
    "attributes": "operator=備北バス（株）; busType=民間路線バス; busRoutes=坂本～成羽～高梁駅 / 坂本～田原～川合",
    "status": "adopted",
    "accuracyM": 10,
    "needsReview": "運行状況（季節運行・休止・予約制）を要確認",
    "sources": "国土数値情報（バス停留所データ）令和4年度（国土交通省）P11-22-33-bs2060（34.861825, 133.450863、JGD2011）を加工して作成",
    "verifiedAt": ""
   }
  },
  {
   "type": "Feature",
   "geometry": {
    "type": "Point",
    "coordinates": [
     133.4508629,
     34.8618254
    ]
   },
   "properties": {
    "id": "BS-kP11-22-33-bs2061",
    "kind": "bus_stop",
    "name": "天神山登山口",
    "datum": "WGS84",
    "mountainIds": "620",
    "mountainNames": "天神山",
    "lists": "中国百名山",
    "routes": "",
    "entryType": "",
    "trailKmToSummit": "",
    "related": "TH-n2069520824(189m)",
    "attributes": "operator=高梁市; busType=コミュニティバス; busRoutes=生活福祉バス（成羽地域）吹屋線",
    "status": "adopted",
    "accuracyM": 10,
    "needsReview": "運行状況（季節運行・休止・予約制）を要確認",
    "sources": "国土数値情報（バス停留所データ）令和4年度（国土交通省）P11-22-33-bs2061（34.861825, 133.450863、JGD2011）を加工して作成",
    "verifiedAt": ""
   }
  },
  {
   "type": "Feature",
   "geometry": {
    "type": "Point",
    "coordinates": [
     133.9325786,
     35.2851576
    ]
   },
   "properties": {
    "id": "BS-kP11-22-33-bs3",
    "kind": "bus_stop",
    "name": "上斎原発電所前",
    "datum": "WGS84",
    "mountainIds": "521",
    "mountainNames": "三ヶ上",
    "lists": "中国百名山",
    "routes": "",
    "entryType": "",
    "trailKmToSummit": "",
    "related": "TH-n1488115739(996m)",
    "attributes": "operator=中鉄北部バス（株）; busType=民間路線バス; busRoutes=奥津温泉・石越線",
    "status": "adopted",
    "accuracyM": 10,
    "needsReview": "運行状況（季節運行・休止・予約制）を要確認、登山口から離れている（徒歩アプローチを要確認）",
    "sources": "国土数値情報（バス停留所データ）令和4年度（国土交通省）P11-22-33-bs3（35.285158, 133.932579、JGD2011）を加工して作成",
    "verifiedAt": ""
   }
  },
  {
   "type": "Feature",
   "geometry": {
    "type": "Point",
    "coordinates": [
     134.1344652,
     34.7328963
    ]
   },
   "properties": {
    "id": "BS-kP11-22-33-bs3120",
    "kind": "bus_stop",
    "name": "大内",
    "datum": "WGS84",
    "mountainIds": "630",
    "mountainNames": "熊山",
    "lists": "中国百名山",
    "routes": "",
    "entryType": "",
    "trailKmToSummit": "",
    "related": "TH-n1986899987(848m) TH-n1986899987(848m)",
    "attributes": "operator=宇野自動車（株）; busType=民間路線バス; busRoutes=250号線",
    "status": "adopted",
    "accuracyM": 10,
    "needsReview": "運行状況（季節運行・休止・予約制）を要確認、登山口から離れている（徒歩アプローチを要確認）",
    "sources": "国土数値情報（バス停留所データ）令和4年度（国土交通省）P11-22-33-bs3120（34.732896, 134.134465、JGD2011）を加工して作成 ｜ OpenStreetMap（© OpenStreetMap contributors, ODbL 1.0）Geofabrik japan-latest.osm.pbf 2026-09-23T20:22:04Z node/9933928532",
    "verifiedAt": ""
   }
  },
  {
   "type": "Feature",
   "geometry": {
    "type": "Point",
    "coordinates": [
     134.1246162,
     34.7299127
    ]
   },
   "properties": {
    "id": "BS-kP11-22-33-bs3145",
    "kind": "bus_stop",
    "name": "香登東",
    "datum": "WGS84",
    "mountainIds": "630",
    "mountainNames": "熊山",
    "lists": "中国百名山",
    "routes": "",
    "entryType": "",
    "trailKmToSummit": "",
    "related": "TH-n1986899987(873m)",
    "attributes": "operator=宇野自動車（株）; busType=民間路線バス; busRoutes=250号線",
    "status": "adopted",
    "accuracyM": 10,
    "needsReview": "運行状況（季節運行・休止・予約制）を要確認、登山口から離れている（徒歩アプローチを要確認）",
    "sources": "国土数値情報（バス停留所データ）令和4年度（国土交通省）P11-22-33-bs3145（34.729913, 134.124616、JGD2011）を加工して作成 ｜ OpenStreetMap（© OpenStreetMap contributors, ODbL 1.0）Geofabrik japan-latest.osm.pbf 2026-09-23T20:22:04Z node/9933928534",
    "verifiedAt": ""
   }
  },
  {
   "type": "Feature",
   "geometry": {
    "type": "Point",
    "coordinates": [
     132.190313,
     34.7180541
    ]
   },
   "properties": {
    "id": "BS-kP11-22-34-bs1302",
    "kind": "bus_stop",
    "name": "二川橋",
    "datum": "WGS84",
    "mountainIds": "636",
    "mountainNames": "臥龍山",
    "lists": "中国百名山",
    "routes": "",
    "entryType": "",
    "trailKmToSummit": "",
    "related": "TH-n1169115314(962m)",
    "attributes": "operator=（有）総合企画コーポレーション; busType=民間路線バス; busRoutes=八幡線",
    "status": "adopted",
    "accuracyM": 10,
    "needsReview": "運行状況（季節運行・休止・予約制）を要確認、登山口から離れている（徒歩アプローチを要確認）",
    "sources": "国土数値情報（バス停留所データ）令和4年度（国土交通省）P11-22-34-bs1302（34.718054, 132.190313、JGD2011）を加工して作成",
    "verifiedAt": ""
   }
  },
  {
   "type": "Feature",
   "geometry": {
    "type": "Point",
    "coordinates": [
     132.4098521,
     34.6632412
    ]
   },
   "properties": {
    "id": "BS-kP11-22-34-bs1773",
    "kind": "bus_stop",
    "name": "庄原宮",
    "datum": "WGS84",
    "mountainIds": "638",
    "mountainNames": "龍頭山",
    "lists": "中国百名山",
    "routes": "",
    "entryType": "",
    "trailKmToSummit": "",
    "related": "TH-kP11-22-34-bs1773(0m) TH-n1280863064(759m)",
    "attributes": "operator=（有）豊平交通; busType=民間路線バス; busRoutes=下石線 / 吉木長笹線 / 今吉田線",
    "status": "adopted",
    "accuracyM": 10,
    "needsReview": "運行状況（季節運行・休止・予約制）を要確認、登山口から離れている（徒歩アプローチを要確認）",
    "sources": "国土数値情報（バス停留所データ）令和4年度（国土交通省）P11-22-34-bs1773（34.663241, 132.409852、JGD2011）を加工して作成",
    "verifiedAt": ""
   }
  },
  {
   "type": "Feature",
   "geometry": {
    "type": "Point",
    "coordinates": [
     132.4079287,
     34.6611239
    ]
   },
   "properties": {
    "id": "BS-kP11-22-34-bs1785",
    "kind": "bus_stop",
    "name": "庄原口",
    "datum": "WGS84",
    "mountainIds": "638",
    "mountainNames": "龍頭山",
    "lists": "中国百名山",
    "routes": "",
    "entryType": "",
    "trailKmToSummit": "",
    "related": "TH-kP11-22-34-bs1773(293m) TH-kP11-22-34-bs1773(293m) TH-n1280863064(998m)",
    "attributes": "operator=（有）豊平交通; busType=民間路線バス; busRoutes=豊平千代田線 / 吉木長笹線 / 今吉田線",
    "status": "adopted",
    "accuracyM": 10,
    "needsReview": "運行状況（季節運行・休止・予約制）を要確認、登山口から離れている（徒歩アプローチを要確認）",
    "sources": "国土数値情報（バス停留所データ）令和4年度（国土交通省）P11-22-34-bs1785（34.661124, 132.407929、JGD2011）を加工して作成 ｜ OpenStreetMap（© OpenStreetMap contributors, ODbL 1.0）Geofabrik japan-latest.osm.pbf 2026-09-23T20:22:04Z node/9416854295",
    "verifiedAt": ""
   }
  },
  {
   "type": "Feature",
   "geometry": {
    "type": "Point",
    "coordinates": [
     132.4079287,
     34.6611239
    ]
   },
   "properties": {
    "id": "BS-kP11-22-34-bs1786",
    "kind": "bus_stop",
    "name": "庄原口",
    "datum": "WGS84",
    "mountainIds": "638",
    "mountainNames": "龍頭山",
    "lists": "中国百名山",
    "routes": "",
    "entryType": "",
    "trailKmToSummit": "",
    "related": "TH-n1280863064(998m)",
    "attributes": "operator=広島電鉄（株）; busType=民間路線バス; busRoutes=豊平・琴谷線/今吉田線",
    "status": "adopted",
    "accuracyM": 10,
    "needsReview": "運行状況（季節運行・休止・予約制）を要確認、登山口から離れている（徒歩アプローチを要確認）",
    "sources": "国土数値情報（バス停留所データ）令和4年度（国土交通省）P11-22-34-bs1786（34.661124, 132.407929、JGD2011）を加工して作成",
    "verifiedAt": ""
   }
  },
  {
   "type": "Feature",
   "geometry": {
    "type": "Point",
    "coordinates": [
     132.4225899,
     34.6541866
    ]
   },
   "properties": {
    "id": "BS-kP11-22-34-bs1805",
    "kind": "bus_stop",
    "name": "掛札",
    "datum": "WGS84",
    "mountainIds": "638",
    "mountainNames": "龍頭山",
    "lists": "中国百名山",
    "routes": "",
    "entryType": "",
    "trailKmToSummit": "",
    "related": "TH-n1280864103(579m) TH-n1280864103(579m)",
    "attributes": "operator=（有）豊平交通; busType=民間路線バス; busRoutes=豊平千代田線 / 下石線 / 吉木長笹線",
    "status": "adopted",
    "accuracyM": 10,
    "needsReview": "運行状況（季節運行・休止・予約制）を要確認",
    "sources": "国土数値情報（バス停留所データ）令和4年度（国土交通省）P11-22-34-bs1805（34.654187, 132.422590、JGD2011）を加工して作成 ｜ OpenStreetMap（© OpenStreetMap contributors, ODbL 1.0）Geofabrik japan-latest.osm.pbf 2026-09-23T20:22:04Z node/9416854309",
    "verifiedAt": ""
   }
  },
  {
   "type": "Feature",
   "geometry": {
    "type": "Point",
    "coordinates": [
     132.4225899,
     34.6541866
    ]
   },
   "properties": {
    "id": "BS-kP11-22-34-bs1806",
    "kind": "bus_stop",
    "name": "掛札",
    "datum": "WGS84",
    "mountainIds": "638",
    "mountainNames": "龍頭山",
    "lists": "中国百名山",
    "routes": "",
    "entryType": "",
    "trailKmToSummit": "",
    "related": "TH-n1280864103(579m)",
    "attributes": "operator=広島電鉄（株）; busType=民間路線バス; busRoutes=豊平・琴谷線/今吉田線",
    "status": "adopted",
    "accuracyM": 10,
    "needsReview": "運行状況（季節運行・休止・予約制）を要確認",
    "sources": "国土数値情報（バス停留所データ）令和4年度（国土交通省）P11-22-34-bs1806（34.654187, 132.422590、JGD2011）を加工して作成",
    "verifiedAt": ""
   }
  },
  {
   "type": "Feature",
   "geometry": {
    "type": "Point",
    "coordinates": [
     132.4242472,
     34.653081
    ]
   },
   "properties": {
    "id": "BS-kP11-22-34-bs1815",
    "kind": "bus_stop",
    "name": "豊平学園下",
    "datum": "WGS84",
    "mountainIds": "638",
    "mountainNames": "龍頭山",
    "lists": "中国百名山",
    "routes": "",
    "entryType": "",
    "trailKmToSummit": "",
    "related": "TH-n1280864642(253m)",
    "attributes": "operator=（有）豊平交通; busType=民間路線バス; busRoutes=豊平千代田線 / 下石線 / 吉木長笹線",
    "status": "adopted",
    "accuracyM": 10,
    "needsReview": "運行状況（季節運行・休止・予約制）を要確認",
    "sources": "国土数値情報（バス停留所データ）令和4年度（国土交通省）P11-22-34-bs1815（34.653081, 132.424247、JGD2011）を加工して作成 ｜ OpenStreetMap（© OpenStreetMap contributors, ODbL 1.0）Geofabrik japan-latest.osm.pbf 2026-09-23T20:22:04Z node/9416854238",
    "verifiedAt": ""
   }
  },
  {
   "type": "Feature",
   "geometry": {
    "type": "Point",
    "coordinates": [
     132.4242472,
     34.653081
    ]
   },
   "properties": {
    "id": "BS-kP11-22-34-bs1816",
    "kind": "bus_stop",
    "name": "豊平学園下",
    "datum": "WGS84",
    "mountainIds": "638",
    "mountainNames": "龍頭山",
    "lists": "中国百名山",
    "routes": "",
    "entryType": "",
    "trailKmToSummit": "",
    "related": "TH-n1280864642(253m)",
    "attributes": "operator=広島電鉄（株）; busType=民間路線バス; busRoutes=豊平・琴谷線/今吉田線",
    "status": "adopted",
    "accuracyM": 10,
    "needsReview": "運行状況（季節運行・休止・予約制）を要確認",
    "sources": "国土数値情報（バス停留所データ）令和4年度（国土交通省）P11-22-34-bs1816（34.653081, 132.424247、JGD2011）を加工して作成",
    "verifiedAt": ""
   }
  },
  {
   "type": "Feature",
   "geometry": {
    "type": "Point",
    "coordinates": [
     132.4242472,
     34.653081
    ]
   },
   "properties": {
    "id": "BS-kP11-22-34-bs1817",
    "kind": "bus_stop",
    "name": "豊平学園下",
    "datum": "WGS84",
    "mountainIds": "638",
    "mountainNames": "龍頭山",
    "lists": "中国百名山",
    "routes": "",
    "entryType": "",
    "trailKmToSummit": "",
    "related": "TH-n1280864642(253m)",
    "attributes": "operator=（有）総合企画コーポレーション; busType=民間路線バス; busRoutes=芸北あき亀山線・溝口線",
    "status": "adopted",
    "accuracyM": 10,
    "needsReview": "運行状況（季節運行・休止・予約制）を要確認",
    "sources": "国土数値情報（バス停留所データ）令和4年度（国土交通省）P11-22-34-bs1817（34.653081, 132.424247、JGD2011）を加工して作成",
    "verifiedAt": ""
   }
  },
  {
   "type": "Feature",
   "geometry": {
    "type": "Point",
    "coordinates": [
     132.703044,
     34.5763016
    ]
   },
   "properties": {
    "id": "BS-kP11-22-34-bs2491",
    "kind": "bus_stop",
    "name": "土居迫入口",
    "datum": "WGS84",
    "mountainIds": "647",
    "mountainNames": "鎌倉寺山",
    "lists": "中国百名山",
    "routes": "",
    "entryType": "",
    "trailKmToSummit": "",
    "related": "TH-n1314773087(998m)",
    "attributes": "operator=安芸高田市; busType=コミュニティバス; busRoutes=上有留線（上有留～正力橋～吉田出張所）",
    "status": "adopted",
    "accuracyM": 10,
    "needsReview": "運行状況（季節運行・休止・予約制）を要確認、登山口から離れている（徒歩アプローチを要確認）",
    "sources": "国土数値情報（バス停留所データ）令和4年度（国土交通省）P11-22-34-bs2491（34.576302, 132.703044、JGD2011）を加工して作成",
    "verifiedAt": ""
   }
  },
  {
   "type": "Feature",
   "geometry": {
    "type": "Point",
    "coordinates": [
     132.6993673,
     34.5738077
    ]
   },
   "properties": {
    "id": "BS-kP11-22-34-bs2536",
    "kind": "bus_stop",
    "name": "有保中組",
    "datum": "WGS84",
    "mountainIds": "647",
    "mountainNames": "鎌倉寺山",
    "lists": "中国百名山",
    "routes": "",
    "entryType": "",
    "trailKmToSummit": "",
    "related": "TH-kP11-22-34-bs2608(933m) TH-n1314773087(862m)",
    "attributes": "operator=安芸高田市; busType=コミュニティバス; busRoutes=上有留線（上有留～正力橋～吉田出張所）",
    "status": "adopted",
    "accuracyM": 10,
    "needsReview": "運行状況（季節運行・休止・予約制）を要確認、登山口から離れている（徒歩アプローチを要確認）",
    "sources": "国土数値情報（バス停留所データ）令和4年度（国土交通省）P11-22-34-bs2536（34.573808, 132.699367、JGD2011）を加工して作成",
    "verifiedAt": ""
   }
  },
  {
   "type": "Feature",
   "geometry": {
    "type": "Point",
    "coordinates": [
     132.6970338,
     34.5714972
    ]
   },
   "properties": {
    "id": "BS-kP11-22-34-bs2573",
    "kind": "bus_stop",
    "name": "有保車庫",
    "datum": "WGS84",
    "mountainIds": "647",
    "mountainNames": "鎌倉寺山",
    "lists": "中国百名山",
    "routes": "",
    "entryType": "",
    "trailKmToSummit": "",
    "related": "TH-kP11-22-34-bs2608(614m) TH-n1314773087(836m)",
    "attributes": "operator=安芸高田市; busType=コミュニティバス; busRoutes=上有留線（上有留～正力橋～吉田出張所）",
    "status": "adopted",
    "accuracyM": 10,
    "needsReview": "運行状況（季節運行・休止・予約制）を要確認、登山口から離れている（徒歩アプローチを要確認）",
    "sources": "国土数値情報（バス停留所データ）令和4年度（国土交通省）P11-22-34-bs2573（34.571497, 132.697034、JGD2011）を加工して作成",
    "verifiedAt": ""
   }
  },
  {
   "type": "Feature",
   "geometry": {
    "type": "Point",
    "coordinates": [
     132.6912159,
     34.5687467
    ]
   },
   "properties": {
    "id": "BS-kP11-22-34-bs2608",
    "kind": "bus_stop",
    "name": "上有留",
    "datum": "WGS84",
    "mountainIds": "647",
    "mountainNames": "鎌倉寺山",
    "lists": "中国百名山",
    "routes": "",
    "entryType": "",
    "trailKmToSummit": "",
    "related": "TH-kP11-22-34-bs2608(0m)",
    "attributes": "operator=安芸高田市; busType=コミュニティバス; busRoutes=上有留線（上有留～正力橋～吉田出張所）",
    "status": "adopted",
    "accuracyM": 10,
    "needsReview": "運行状況（季節運行・休止・予約制）を要確認",
    "sources": "国土数値情報（バス停留所データ）令和4年度（国土交通省）P11-22-34-bs2608（34.568747, 132.691216、JGD2011）を加工して作成",
    "verifiedAt": ""
   }
  },
  {
   "type": "Feature",
   "geometry": {
    "type": "Point",
    "coordinates": [
     132.5673876,
     34.5498951
    ]
   },
   "properties": {
    "id": "BS-kP11-22-34-bs2875",
    "kind": "bus_stop",
    "name": "白木分れ草田",
    "datum": "WGS84",
    "mountainIds": "657",
    "mountainNames": "白木山",
    "lists": "中国百名山",
    "routes": "",
    "entryType": "",
    "trailKmToSummit": "",
    "related": "TH-n1268376494(940m)",
    "attributes": "operator=広島交通（株）; busType=民間路線バス; busRoutes=桧山線",
    "status": "adopted",
    "accuracyM": 10,
    "needsReview": "運行状況（季節運行・休止・予約制）を要確認、登山口から離れている（徒歩アプローチを要確認）",
    "sources": "国土数値情報（バス停留所データ）令和4年度（国土交通省）P11-22-34-bs2875（34.549895, 132.567388、JGD2011）を加工して作成 ｜ OpenStreetMap（© OpenStreetMap contributors, ODbL 1.0）Geofabrik japan-latest.osm.pbf 2026-09-23T20:22:04Z node/9415463199",
    "verifiedAt": ""
   }
  },
  {
   "type": "Feature",
   "geometry": {
    "type": "Point",
    "coordinates": [
     132.5781021,
     34.5452198
    ]
   },
   "properties": {
    "id": "BS-kP11-22-34-bs2936",
    "kind": "bus_stop",
    "name": "白木分れ",
    "datum": "WGS84",
    "mountainIds": "657",
    "mountainNames": "白木山",
    "lists": "中国百名山",
    "routes": "",
    "entryType": "",
    "trailKmToSummit": "",
    "related": "TH-n1268376494(492m) TH-n1268376494(492m)",
    "attributes": "operator=広島交通（株）; busType=民間路線バス; busRoutes=桧山線",
    "status": "adopted",
    "accuracyM": 10,
    "needsReview": "運行状況（季節運行・休止・予約制）を要確認",
    "sources": "国土数値情報（バス停留所データ）令和4年度（国土交通省）P11-22-34-bs2936（34.545220, 132.578102、JGD2011）を加工して作成 ｜ OpenStreetMap（© OpenStreetMap contributors, ODbL 1.0）Geofabrik japan-latest.osm.pbf 2026-09-23T20:22:04Z node/9415463207",
    "verifiedAt": ""
   }
  },
  {
   "type": "Feature",
   "geometry": {
    "type": "Point",
    "coordinates": [
     132.6329074,
     34.5285354
    ]
   },
   "properties": {
    "id": "BS-kP11-22-34-bs3139",
    "kind": "bus_stop",
    "name": "柳原",
    "datum": "WGS84",
    "mountainIds": "657",
    "mountainNames": "白木山",
    "lists": "中国百名山",
    "routes": "",
    "entryType": "",
    "trailKmToSummit": "",
    "related": "TH-n1268379365(593m)",
    "attributes": "operator=広交観光（株）; busType=民間路線バス; busRoutes=井原線",
    "status": "adopted",
    "accuracyM": 10,
    "needsReview": "運行状況（季節運行・休止・予約制）を要確認",
    "sources": "国土数値情報（バス停留所データ）令和4年度（国土交通省）P11-22-34-bs3139（34.528535, 132.632907、JGD2011）を加工して作成 ｜ OpenStreetMap（© OpenStreetMap contributors, ODbL 1.0）Geofabrik japan-latest.osm.pbf 2026-09-23T20:22:04Z node/9415462901",
    "verifiedAt": ""
   }
  },
  {
   "type": "Feature",
   "geometry": {
    "type": "Point",
    "coordinates": [
     132.6288031,
     34.5267052
    ]
   },
   "properties": {
    "id": "BS-kP11-22-34-bs3149",
    "kind": "bus_stop",
    "name": "中司",
    "datum": "WGS84",
    "mountainIds": "657",
    "mountainNames": "白木山",
    "lists": "中国百名山",
    "routes": "",
    "entryType": "",
    "trailKmToSummit": "",
    "related": "TH-n9415462906(798m) TH-n1268379365(291m) TH-n1268379365(291m)",
    "attributes": "operator=広交観光（株）; busType=民間路線バス; busRoutes=井原線",
    "status": "adopted",
    "accuracyM": 10,
    "needsReview": "運行状況（季節運行・休止・予約制）を要確認、登山口から離れている（徒歩アプローチを要確認）",
    "sources": "国土数値情報（バス停留所データ）令和4年度（国土交通省）P11-22-34-bs3149（34.526705, 132.628803、JGD2011）を加工して作成 ｜ OpenStreetMap（© OpenStreetMap contributors, ODbL 1.0）Geofabrik japan-latest.osm.pbf 2026-09-23T20:22:04Z node/9415462904",
    "verifiedAt": ""
   }
  },
  {
   "type": "Feature",
   "geometry": {
    "type": "Point",
    "coordinates": [
     132.6217195,
     34.5225206
    ]
   },
   "properties": {
    "id": "BS-kP11-22-34-bs3191",
    "kind": "bus_stop",
    "name": "海戸",
    "datum": "WGS84",
    "mountainIds": "657",
    "mountainNames": "白木山",
    "lists": "中国百名山",
    "routes": "",
    "entryType": "",
    "trailKmToSummit": "",
    "related": "TH-n9415462906(2m) TH-n9415462906(2m) TH-n1268377139(335m) TH-n1268377139(335m)",
    "attributes": "operator=広交観光（株）; busType=民間路線バス; busRoutes=井原線",
    "status": "adopted",
    "accuracyM": 10,
    "needsReview": "運行状況（季節運行・休止・予約制）を要確認",
    "sources": "国土数値情報（バス停留所データ）令和4年度（国土交通省）P11-22-34-bs3191（34.522521, 132.621720、JGD2011）を加工して作成 ｜ OpenStreetMap（© OpenStreetMap contributors, ODbL 1.0）Geofabrik japan-latest.osm.pbf 2026-09-23T20:22:04Z node/9415462906",
    "verifiedAt": ""
   }
  },
  {
   "type": "Feature",
   "geometry": {
    "type": "Point",
    "coordinates": [
     132.6142188,
     34.5180653
    ]
   },
   "properties": {
    "id": "BS-kP11-22-34-bs3235",
    "kind": "bus_stop",
    "name": "下海戸",
    "datum": "WGS84",
    "mountainIds": "657",
    "mountainNames": "白木山",
    "lists": "中国百名山",
    "routes": "",
    "entryType": "",
    "trailKmToSummit": "",
    "related": "TH-n1268377139(512m)",
    "attributes": "operator=広交観光（株）; busType=民間路線バス; busRoutes=井原線",
    "status": "adopted",
    "accuracyM": 10,
    "needsReview": "運行状況（季節運行・休止・予約制）を要確認",
    "sources": "国土数値情報（バス停留所データ）令和4年度（国土交通省）P11-22-34-bs3235（34.518065, 132.614219、JGD2011）を加工して作成 ｜ OpenStreetMap（© OpenStreetMap contributors, ODbL 1.0）Geofabrik japan-latest.osm.pbf 2026-09-23T20:22:04Z node/9415462907",
    "verifiedAt": ""
   }
  },
  {
   "type": "Feature",
   "geometry": {
    "type": "Point",
    "coordinates": [
     132.6014975,
     34.5093666
    ]
   },
   "properties": {
    "id": "BS-kP11-22-34-bs3372",
    "kind": "bus_stop",
    "name": "下栗原",
    "datum": "WGS84",
    "mountainIds": "657",
    "mountainNames": "白木山",
    "lists": "中国百名山",
    "routes": "",
    "entryType": "",
    "trailKmToSummit": "",
    "related": "TH-n9415462873(349m)",
    "attributes": "operator=広交観光（株）; busType=民間路線バス; busRoutes=井原線",
    "status": "adopted",
    "accuracyM": 10,
    "needsReview": "運行状況（季節運行・休止・予約制）を要確認",
    "sources": "国土数値情報（バス停留所データ）令和4年度（国土交通省）P11-22-34-bs3372（34.509367, 132.601498、JGD2011）を加工して作成 ｜ OpenStreetMap（© OpenStreetMap contributors, ODbL 1.0）Geofabrik japan-latest.osm.pbf 2026-09-23T20:22:04Z node/9415462911",
    "verifiedAt": ""
   }
  },
  {
   "type": "Feature",
   "geometry": {
    "type": "Point",
    "coordinates": [
     132.5989524,
     34.506596
    ]
   },
   "properties": {
    "id": "BS-kP11-22-34-bs3409",
    "kind": "bus_stop",
    "name": "上大椿",
    "datum": "WGS84",
    "mountainIds": "657",
    "mountainNames": "白木山",
    "lists": "中国百名山",
    "routes": "",
    "entryType": "",
    "trailKmToSummit": "",
    "related": "TH-n9415462873(37m) TH-n9415462873(37m) TH-n1269997142(686m)",
    "attributes": "operator=広交観光（株）; busType=民間路線バス; busRoutes=井原線",
    "status": "adopted",
    "accuracyM": 10,
    "needsReview": "運行状況（季節運行・休止・予約制）を要確認、登山口から離れている（徒歩アプローチを要確認）",
    "sources": "国土数値情報（バス停留所データ）令和4年度（国土交通省）P11-22-34-bs3409（34.506596, 132.598952、JGD2011）を加工して作成 ｜ OpenStreetMap（© OpenStreetMap contributors, ODbL 1.0）Geofabrik japan-latest.osm.pbf 2026-09-23T20:22:04Z node/9415462873",
    "verifiedAt": ""
   }
  },
  {
   "type": "Feature",
   "geometry": {
    "type": "Point",
    "coordinates": [
     132.5948855,
     34.503671
    ]
   },
   "properties": {
    "id": "BS-kP11-22-34-bs3464",
    "kind": "bus_stop",
    "name": "下大椿橋",
    "datum": "WGS84",
    "mountainIds": "657",
    "mountainNames": "白木山",
    "lists": "中国百名山",
    "routes": "",
    "entryType": "",
    "trailKmToSummit": "",
    "related": "TH-n1269997142(652m) TH-n1269997142(652m)",
    "attributes": "operator=広交観光（株）; busType=民間路線バス; busRoutes=井原線",
    "status": "adopted",
    "accuracyM": 10,
    "needsReview": "運行状況（季節運行・休止・予約制）を要確認、登山口から離れている（徒歩アプローチを要確認）",
    "sources": "国土数値情報（バス停留所データ）令和4年度（国土交通省）P11-22-34-bs3464（34.503671, 132.594885、JGD2011）を加工して作成 ｜ OpenStreetMap（© OpenStreetMap contributors, ODbL 1.0）Geofabrik japan-latest.osm.pbf 2026-09-23T20:22:04Z node/9415462914",
    "verifiedAt": ""
   }
  },
  {
   "type": "Feature",
   "geometry": {
    "type": "Point",
    "coordinates": [
     132.5919979,
     34.5013281
    ]
   },
   "properties": {
    "id": "BS-kP11-22-34-bs3511",
    "kind": "bus_stop",
    "name": "小椿",
    "datum": "WGS84",
    "mountainIds": "657",
    "mountainNames": "白木山",
    "lists": "中国百名山",
    "routes": "",
    "entryType": "",
    "trailKmToSummit": "",
    "related": "TH-n1269996145(641m)",
    "attributes": "operator=広交観光（株）; busType=民間路線バス; busRoutes=井原線",
    "status": "adopted",
    "accuracyM": 10,
    "needsReview": "運行状況（季節運行・休止・予約制）を要確認、登山口から離れている（徒歩アプローチを要確認）",
    "sources": "国土数値情報（バス停留所データ）令和4年度（国土交通省）P11-22-34-bs3511（34.501328, 132.591998、JGD2011）を加工して作成 ｜ OpenStreetMap（© OpenStreetMap contributors, ODbL 1.0）Geofabrik japan-latest.osm.pbf 2026-09-23T20:22:04Z node/9415462916",
    "verifiedAt": ""
   }
  },
  {
   "type": "Feature",
   "geometry": {
    "type": "Point",
    "coordinates": [
     132.5879422,
     34.497106
    ]
   },
   "properties": {
    "id": "BS-kP11-22-34-bs3581",
    "kind": "bus_stop",
    "name": "白木山口",
    "datum": "WGS84",
    "mountainIds": "657",
    "mountainNames": "白木山",
    "lists": "中国百名山",
    "routes": "",
    "entryType": "",
    "trailKmToSummit": "",
    "related": "TH-n1269996145(408m) TH-n1269996145(408m)",
    "attributes": "operator=広交観光（株）; busType=民間路線バス; busRoutes=井原線",
    "status": "adopted",
    "accuracyM": 10,
    "needsReview": "運行状況（季節運行・休止・予約制）を要確認",
    "sources": "国土数値情報（バス停留所データ）令和4年度（国土交通省）P11-22-34-bs3581（34.497106, 132.587942、JGD2011）を加工して作成 ｜ OpenStreetMap（© OpenStreetMap contributors, ODbL 1.0）Geofabrik japan-latest.osm.pbf 2026-09-23T20:22:04Z node/9415462918",
    "verifiedAt": ""
   }
  },
  {
   "type": "Feature",
   "geometry": {
    "type": "Point",
    "coordinates": [
     132.1150173,
     34.4673866
    ]
   },
   "properties": {
    "id": "BS-kP11-22-34-bs4362",
    "kind": "bus_stop",
    "name": "潮原温泉",
    "datum": "WGS84",
    "mountainIds": "660",
    "mountainNames": "冠山",
    "lists": "中国百名山",
    "routes": "",
    "entryType": "",
    "trailKmToSummit": "",
    "related": "TH-n1313741460(624m) TH-n1313741460(624m)",
    "attributes": "operator=廿日市市; busType=コミュニティバス; busRoutes=吉和さくらバス",
    "status": "adopted",
    "accuracyM": 10,
    "needsReview": "運行状況（季節運行・休止・予約制）を要確認、登山口から離れている（徒歩アプローチを要確認）",
    "sources": "国土数値情報（バス停留所データ）令和4年度（国土交通省）P11-22-34-bs4362（34.467387, 132.115017、JGD2011）を加工して作成 ｜ OpenStreetMap（© OpenStreetMap contributors, ODbL 1.0）Geofabrik japan-latest.osm.pbf 2026-09-23T20:22:04Z node/9411549765",
    "verifiedAt": ""
   }
  },
  {
   "type": "Feature",
   "geometry": {
    "type": "Point",
    "coordinates": [
     132.1115637,
     34.4644794
    ]
   },
   "properties": {
    "id": "BS-kP11-22-34-bs4444",
    "kind": "bus_stop",
    "name": "魅惑の里入口",
    "datum": "WGS84",
    "mountainIds": "660",
    "mountainNames": "冠山",
    "lists": "中国百名山",
    "routes": "",
    "entryType": "",
    "trailKmToSummit": "",
    "related": "TH-n1313741460(711m)",
    "attributes": "operator=廿日市市; busType=コミュニティバス; busRoutes=吉和さくらバス",
    "status": "adopted",
    "accuracyM": 10,
    "needsReview": "運行状況（季節運行・休止・予約制）を要確認、登山口から離れている（徒歩アプローチを要確認）",
    "sources": "国土数値情報（バス停留所データ）令和4年度（国土交通省）P11-22-34-bs4444（34.464479, 132.111564、JGD2011）を加工して作成 ｜ OpenStreetMap（© OpenStreetMap contributors, ODbL 1.0）Geofabrik japan-latest.osm.pbf 2026-09-23T20:22:04Z node/2468973133",
    "verifiedAt": ""
   }
  },
  {
   "type": "Feature",
   "geometry": {
    "type": "Point",
    "coordinates": [
     132.3072217,
     34.4318628
    ]
   },
   "properties": {
    "id": "BS-kP11-22-34-bs5115",
    "kind": "bus_stop",
    "name": "白川上",
    "datum": "WGS84",
    "mountainIds": "671",
    "mountainNames": "窓ヶ山",
    "lists": "中国百名山",
    "routes": "",
    "entryType": "",
    "trailKmToSummit": "",
    "related": "TH-n1289826034(528m) TH-n1289826034(528m)",
    "attributes": "operator=広島電鉄（株）; busType=民間路線バス; busRoutes=五日市駅南口発着",
    "status": "adopted",
    "accuracyM": 10,
    "needsReview": "運行状況（季節運行・休止・予約制）を要確認",
    "sources": "国土数値情報（バス停留所データ）令和4年度（国土交通省）P11-22-34-bs5115（34.431863, 132.307222、JGD2011）を加工して作成 ｜ OpenStreetMap（© OpenStreetMap contributors, ODbL 1.0）Geofabrik japan-latest.osm.pbf 2026-09-23T20:22:04Z node/9416854143",
    "verifiedAt": ""
   }
  },
  {
   "type": "Feature",
   "geometry": {
    "type": "Point",
    "coordinates": [
     132.3072217,
     34.4318628
    ]
   },
   "properties": {
    "id": "BS-kP11-22-34-bs5116",
    "kind": "bus_stop",
    "name": "上白川",
    "datum": "WGS84",
    "mountainIds": "671",
    "mountainNames": "窓ヶ山",
    "lists": "中国百名山",
    "routes": "",
    "entryType": "",
    "trailKmToSummit": "",
    "related": "TH-n1289826034(528m)",
    "attributes": "operator=広島市; busType=コミュニティバス; busRoutes=鹿の道線",
    "status": "adopted",
    "accuracyM": 10,
    "needsReview": "運行状況（季節運行・休止・予約制）を要確認",
    "sources": "国土数値情報（バス停留所データ）令和4年度（国土交通省）P11-22-34-bs5116（34.431863, 132.307222、JGD2011）を加工して作成",
    "verifiedAt": ""
   }
  },
  {
   "type": "Feature",
   "geometry": {
    "type": "Point",
    "coordinates": [
     132.3440101,
     34.4262474
    ]
   },
   "properties": {
    "id": "BS-kP11-22-34-bs5241",
    "kind": "bus_stop",
    "name": "魚切上",
    "datum": "WGS84",
    "mountainIds": "671",
    "mountainNames": "窓ヶ山",
    "lists": "中国百名山",
    "routes": "",
    "entryType": "",
    "trailKmToSummit": "",
    "related": "TH-n1291310827(456m) TH-n1291310827(456m)",
    "attributes": "operator=広島電鉄（株）; busType=民間路線バス; busRoutes=五日市駅南口発着",
    "status": "adopted",
    "accuracyM": 10,
    "needsReview": "運行状況（季節運行・休止・予約制）を要確認",
    "sources": "国土数値情報（バス停留所データ）令和4年度（国土交通省）P11-22-34-bs5241（34.426247, 132.344010、JGD2011）を加工して作成 ｜ OpenStreetMap（© OpenStreetMap contributors, ODbL 1.0）Geofabrik japan-latest.osm.pbf 2026-09-23T20:22:04Z node/9416854079",
    "verifiedAt": ""
   }
  },
  {
   "type": "Feature",
   "geometry": {
    "type": "Point",
    "coordinates": [
     132.3478726,
     34.4260436
    ]
   },
   "properties": {
    "id": "BS-kP11-22-34-bs5245",
    "kind": "bus_stop",
    "name": "魚切",
    "datum": "WGS84",
    "mountainIds": "671",
    "mountainNames": "窓ヶ山",
    "lists": "中国百名山",
    "routes": "",
    "entryType": "",
    "trailKmToSummit": "",
    "related": "TH-n1291310827(554m)",
    "attributes": "operator=広島電鉄（株）; busType=民間路線バス; busRoutes=五日市駅南口発着",
    "status": "adopted",
    "accuracyM": 10,
    "needsReview": "運行状況（季節運行・休止・予約制）を要確認",
    "sources": "国土数値情報（バス停留所データ）令和4年度（国土交通省）P11-22-34-bs5245（34.426044, 132.347873、JGD2011）を加工して作成 ｜ OpenStreetMap（© OpenStreetMap contributors, ODbL 1.0）Geofabrik japan-latest.osm.pbf 2026-09-23T20:22:04Z node/9416854082",
    "verifiedAt": ""
   }
  },
  {
   "type": "Feature",
   "geometry": {
    "type": "Point",
    "coordinates": [
     132.3635537,
     34.4251458
    ]
   },
   "properties": {
    "id": "BS-kP11-22-34-bs5265",
    "kind": "bus_stop",
    "name": "藤の木団地",
    "datum": "WGS84",
    "mountainIds": "671",
    "mountainNames": "窓ヶ山",
    "lists": "中国百名山",
    "routes": "",
    "entryType": "",
    "trailKmToSummit": "",
    "related": "TH-n1291310558(860m) TH-n1291310558(860m)",
    "attributes": "operator=広島電鉄（株）; busType=民間路線バス; busRoutes=五月が丘団地・免許センター・ジ　アウトレット広島・そらの線 / 五日市駅北口発着 / 西広島バイパス線",
    "status": "adopted",
    "accuracyM": 10,
    "needsReview": "運行状況（季節運行・休止・予約制）を要確認、登山口から離れている（徒歩アプローチを要確認）",
    "sources": "国土数値情報（バス停留所データ）令和4年度（国土交通省）P11-22-34-bs5265（34.425146, 132.363554、JGD2011）を加工して作成 ｜ OpenStreetMap（© OpenStreetMap contributors, ODbL 1.0）Geofabrik japan-latest.osm.pbf 2026-09-23T20:22:04Z node/9416854217",
    "verifiedAt": ""
   }
  },
  {
   "type": "Feature",
   "geometry": {
    "type": "Point",
    "coordinates": [
     132.0878724,
     34.418336
    ]
   },
   "properties": {
    "id": "BS-kP11-22-34-bs5434",
    "kind": "bus_stop",
    "name": "飯山集会所",
    "datum": "WGS84",
    "mountainIds": "679",
    "mountainNames": "鬼ヶ城山",
    "lists": "中国百名山",
    "routes": "",
    "entryType": "",
    "trailKmToSummit": "",
    "related": "TH-n1313776393(348m) TH-n1313778923(560m) TH-n1313778923(560m)",
    "attributes": "operator=廿日市市; busType=コミュニティバス; busRoutes=吉和さくらバス",
    "status": "adopted",
    "accuracyM": 10,
    "needsReview": "運行状況（季節運行・休止・予約制）を要確認",
    "sources": "国土数値情報（バス停留所データ）令和4年度（国土交通省）P11-22-34-bs5434（34.418336, 132.087872、JGD2011）を加工して作成 ｜ OpenStreetMap（© OpenStreetMap contributors, ODbL 1.0）Geofabrik japan-latest.osm.pbf 2026-09-23T20:22:04Z node/9411549741",
    "verifiedAt": ""
   }
  },
  {
   "type": "Feature",
   "geometry": {
    "type": "Point",
    "coordinates": [
     132.0888051,
     34.4160588
    ]
   },
   "properties": {
    "id": "BS-kP11-22-34-bs5490",
    "kind": "bus_stop",
    "name": "下飯山",
    "datum": "WGS84",
    "mountainIds": "679",
    "mountainNames": "鬼ヶ城山",
    "lists": "中国百名山",
    "routes": "",
    "entryType": "",
    "trailKmToSummit": "",
    "related": "TH-n1313776393(154m) TH-n1313776393(154m) TH-n1313778923(582m)",
    "attributes": "operator=廿日市市; busType=コミュニティバス; busRoutes=吉和さくらバス",
    "status": "adopted",
    "accuracyM": 10,
    "needsReview": "運行状況（季節運行・休止・予約制）を要確認",
    "sources": "国土数値情報（バス停留所データ）令和4年度（国土交通省）P11-22-34-bs5490（34.416059, 132.088805、JGD2011）を加工して作成 ｜ OpenStreetMap（© OpenStreetMap contributors, ODbL 1.0）Geofabrik japan-latest.osm.pbf 2026-09-23T20:22:04Z node/2390765277",
    "verifiedAt": ""
   }
  },
  {
   "type": "Feature",
   "geometry": {
    "type": "Point",
    "coordinates": [
     132.5505623,
     34.4018923
    ]
   },
   "properties": {
    "id": "BS-kP11-22-34-bs5890",
    "kind": "bus_stop",
    "name": "奥畑",
    "datum": "WGS84",
    "mountainIds": "674",
    "mountainNames": "呉娑々宇山",
    "lists": "中国百名山",
    "routes": "",
    "entryType": "",
    "trailKmToSummit": "",
    "related": "TH-n1276625283(859m) TH-n1276625283(859m) TH-n1276626721(937m)",
    "attributes": "operator=芸陽バス（株）; busType=民間路線バス; busRoutes=畑賀線 / 畑賀線（旧道経由）",
    "status": "adopted",
    "accuracyM": 10,
    "needsReview": "運行状況（季節運行・休止・予約制）を要確認、登山口から離れている（徒歩アプローチを要確認）",
    "sources": "国土数値情報（バス停留所データ）令和4年度（国土交通省）P11-22-34-bs5890（34.401892, 132.550562、JGD2011）を加工して作成 ｜ OpenStreetMap（© OpenStreetMap contributors, ODbL 1.0）Geofabrik japan-latest.osm.pbf 2026-09-23T20:22:04Z node/9412844159",
    "verifiedAt": ""
   }
  },
  {
   "type": "Feature",
   "geometry": {
    "type": "Point",
    "coordinates": [
     132.5484936,
     34.3988096
    ]
   },
   "properties": {
    "id": "BS-kP11-22-34-bs5998",
    "kind": "bus_stop",
    "name": "随木屋橋",
    "datum": "WGS84",
    "mountainIds": "674",
    "mountainNames": "呉娑々宇山",
    "lists": "中国百名山",
    "routes": "",
    "entryType": "",
    "trailKmToSummit": "",
    "related": "TH-n1276625283(947m) TH-n1276626721(819m) TH-n1276626721(819m)",
    "attributes": "operator=芸陽バス（株）; busType=民間路線バス; busRoutes=畑賀線 / 畑賀線（旧道経由）",
    "status": "adopted",
    "accuracyM": 10,
    "needsReview": "運行状況（季節運行・休止・予約制）を要確認、登山口から離れている（徒歩アプローチを要確認）",
    "sources": "国土数値情報（バス停留所データ）令和4年度（国土交通省）P11-22-34-bs5998（34.398810, 132.548494、JGD2011）を加工して作成 ｜ OpenStreetMap（© OpenStreetMap contributors, ODbL 1.0）Geofabrik japan-latest.osm.pbf 2026-09-23T20:22:04Z node/9412844161",
    "verifiedAt": ""
   }
  },
  {
   "type": "Feature",
   "geometry": {
    "type": "Point",
    "coordinates": [
     132.5228484,
     34.3900972
    ]
   },
   "properties": {
    "id": "BS-kP11-22-34-bs6392",
    "kind": "bus_stop",
    "name": "府中ニュータウン上",
    "datum": "WGS84",
    "mountainIds": "674",
    "mountainNames": "呉娑々宇山",
    "lists": "中国百名山",
    "routes": "",
    "entryType": "",
    "trailKmToSummit": "",
    "related": "TH-n272201802(477m)",
    "attributes": "operator=広島電鉄（株）; busType=民間路線バス; busRoutes=2号線",
    "status": "adopted",
    "accuracyM": 10,
    "needsReview": "運行状況（季節運行・休止・予約制）を要確認",
    "sources": "国土数値情報（バス停留所データ）令和4年度（国土交通省）P11-22-34-bs6392（34.390097, 132.522848、JGD2011）を加工して作成 ｜ OpenStreetMap（© OpenStreetMap contributors, ODbL 1.0）Geofabrik japan-latest.osm.pbf 2026-09-23T20:22:04Z node/9418004680",
    "verifiedAt": ""
   }
  },
  {
   "type": "Feature",
   "geometry": {
    "type": "Point",
    "coordinates": [
     132.5232476,
     34.3891345
    ]
   },
   "properties": {
    "id": "BS-kP11-22-34-bs6420",
    "kind": "bus_stop",
    "name": "府中ニュータウン",
    "datum": "WGS84",
    "mountainIds": "674",
    "mountainNames": "呉娑々宇山",
    "lists": "中国百名山",
    "routes": "",
    "entryType": "",
    "trailKmToSummit": "",
    "related": "TH-n272201802(477m) TH-n272201802(477m)",
    "attributes": "operator=広島電鉄（株）; busType=民間路線バス; busRoutes=2号線",
    "status": "adopted",
    "accuracyM": 10,
    "needsReview": "運行状況（季節運行・休止・予約制）を要確認",
    "sources": "国土数値情報（バス停留所データ）令和4年度（国土交通省）P11-22-34-bs6420（34.389134, 132.523248、JGD2011）を加工して作成 ｜ OpenStreetMap（© OpenStreetMap contributors, ODbL 1.0）Geofabrik japan-latest.osm.pbf 2026-09-23T20:22:04Z node/9418004677",
    "verifiedAt": ""
   }
  },
  {
   "type": "Feature",
   "geometry": {
    "type": "Point",
    "coordinates": [
     132.4745267,
     34.2501763
    ]
   },
   "properties": {
    "id": "BS-kP11-22-34-bs8306",
    "kind": "bus_stop",
    "name": "奥小路",
    "datum": "WGS84",
    "mountainIds": "699",
    "mountainNames": "古鷹山",
    "lists": "中国百名山",
    "routes": "",
    "entryType": "",
    "trailKmToSummit": "",
    "related": "TH-n3938915294(113m)",
    "attributes": "operator=江田島バス（株）; busType=民間路線バス; busRoutes=小用～大原～大原口～津久茂 / 津久茂・大原口・世上口・ゆめタウン",
    "status": "adopted",
    "accuracyM": 10,
    "needsReview": "運行状況（季節運行・休止・予約制）を要確認",
    "sources": "国土数値情報（バス停留所データ）令和4年度（国土交通省）P11-22-34-bs8306（34.250176, 132.474527、JGD2011）を加工して作成 ｜ OpenStreetMap（© OpenStreetMap contributors, ODbL 1.0）Geofabrik japan-latest.osm.pbf 2026-09-23T20:22:04Z node/7206234029",
    "verifiedAt": ""
   }
  },
  {
   "type": "Feature",
   "geometry": {
    "type": "Point",
    "coordinates": [
     132.4766701,
     34.2490709
    ]
   },
   "properties": {
    "id": "BS-kP11-22-34-bs8327",
    "kind": "bus_stop",
    "name": "中郷公園",
    "datum": "WGS84",
    "mountainIds": "699",
    "mountainNames": "古鷹山",
    "lists": "中国百名山",
    "routes": "",
    "entryType": "",
    "trailKmToSummit": "",
    "related": "TH-n3938915294(239m) TH-n3938915294(239m)",
    "attributes": "operator=江田島バス（株）; busType=民間路線バス; busRoutes=小用～大原～大原口～津久茂 / 津久茂・大原口・世上口・ゆめタウン",
    "status": "adopted",
    "accuracyM": 10,
    "needsReview": "運行状況（季節運行・休止・予約制）を要確認",
    "sources": "国土数値情報（バス停留所データ）令和4年度（国土交通省）P11-22-34-bs8327（34.249071, 132.476670、JGD2011）を加工して作成 ｜ OpenStreetMap（© OpenStreetMap contributors, ODbL 1.0）Geofabrik japan-latest.osm.pbf 2026-09-23T20:22:04Z node/7206234030",
    "verifiedAt": ""
   }
  },
  {
   "type": "Feature",
   "geometry": {
    "type": "Point",
    "coordinates": [
     132.4773909,
     34.2466054
    ]
   },
   "properties": {
    "id": "BS-kP11-22-34-bs8356",
    "kind": "bus_stop",
    "name": "第一術科学校前",
    "datum": "WGS84",
    "mountainIds": "699",
    "mountainNames": "古鷹山",
    "lists": "中国百名山",
    "routes": "",
    "entryType": "",
    "trailKmToSummit": "",
    "related": "TH-n3966038281(19m) TH-n3966038281(19m)",
    "attributes": "operator=江田島バス（株）; busType=民間路線バス; busRoutes=小用～術科学校 / 小用・市役所・深江 / 深江・市役所・小用",
    "status": "adopted",
    "accuracyM": 10,
    "needsReview": "運行状況（季節運行・休止・予約制）を要確認",
    "sources": "国土数値情報（バス停留所データ）令和4年度（国土交通省）P11-22-34-bs8356（34.246605, 132.477391、JGD2011）を加工して作成 ｜ OpenStreetMap（© OpenStreetMap contributors, ODbL 1.0）Geofabrik japan-latest.osm.pbf 2026-09-23T20:22:04Z node/7207420771",
    "verifiedAt": ""
   }
  },
  {
   "type": "Feature",
   "geometry": {
    "type": "Point",
    "coordinates": [
     132.4775287,
     34.2444024
    ]
   },
   "properties": {
    "id": "BS-kP11-22-34-bs8381",
    "kind": "bus_stop",
    "name": "向側",
    "datum": "WGS84",
    "mountainIds": "699",
    "mountainNames": "古鷹山",
    "lists": "中国百名山",
    "routes": "",
    "entryType": "",
    "trailKmToSummit": "",
    "related": "TH-n3966038281(236m)",
    "attributes": "operator=江田島バス（株）; busType=民間路線バス; busRoutes=小用・市役所・深江 / 深江・市役所・小用 / 小用・市役所・深江須野本",
    "status": "adopted",
    "accuracyM": 10,
    "needsReview": "運行状況（季節運行・休止・予約制）を要確認",
    "sources": "国土数値情報（バス停留所データ）令和4年度（国土交通省）P11-22-34-bs8381（34.244402, 132.477529、JGD2011）を加工して作成 ｜ OpenStreetMap（© OpenStreetMap contributors, ODbL 1.0）Geofabrik japan-latest.osm.pbf 2026-09-23T20:22:04Z node/3461842596",
    "verifiedAt": ""
   }
  },
  {
   "type": "Feature",
   "geometry": {
    "type": "Point",
    "coordinates": [
     133.0409209,
     35.0492884
    ]
   },
   "properties": {
    "id": "BS-kP11-22-34-bs9",
    "kind": "bus_stop",
    "name": "越原",
    "datum": "WGS84",
    "mountainIds": "588 610",
    "mountainNames": "吾妻山、比婆山",
    "lists": "日本三百名山|中国百名山",
    "routes": "",
    "entryType": "",
    "trailKmToSummit": "",
    "related": "TH-n1308359781(931m)",
    "attributes": "operator=庄原市; busType=コミュニティバス; busRoutes=森脇線（地域生活バス）",
    "status": "adopted",
    "accuracyM": 10,
    "needsReview": "運行状況（季節運行・休止・予約制）を要確認、登山口から離れている（徒歩アプローチを要確認）",
    "sources": "国土数値情報（バス停留所データ）令和4年度（国土交通省）P11-22-34-bs9（35.049288, 133.040921、JGD2011）を加工して作成",
    "verifiedAt": ""
   }
  },
  {
   "type": "Feature",
   "geometry": {
    "type": "Point",
    "coordinates": [
     132.0633892,
     34.4338928
    ]
   },
   "properties": {
    "id": "BS-kP11-22-35-bs106",
    "kind": "bus_stop",
    "name": "的場",
    "datum": "WGS84",
    "mountainIds": "660 664 679",
    "mountainNames": "冠山、寂地山、鬼ヶ城山",
    "lists": "中国百名山",
    "routes": "",
    "entryType": "",
    "trailKmToSummit": "",
    "related": "TH-kP11-22-35-bs98(453m) TH-n1329170931(699m) TH-n1329174594(891m)",
    "attributes": "operator=岩国市; busType=コミュニティバス; busRoutes=岩国生活交通バス：高根線 / 寂地線",
    "status": "adopted",
    "accuracyM": 10,
    "needsReview": "運行状況（季節運行・休止・予約制）を要確認、登山口から離れている（徒歩アプローチを要確認）",
    "sources": "国土数値情報（バス停留所データ）令和4年度（国土交通省）P11-22-35-bs106（34.433893, 132.063389、JGD2011）を加工して作成",
    "verifiedAt": ""
   }
  },
  {
   "type": "Feature",
   "geometry": {
    "type": "Point",
    "coordinates": [
     132.0614284,
     34.4302608
    ]
   },
   "properties": {
    "id": "BS-kP11-22-35-bs115",
    "kind": "bus_stop",
    "name": "三和",
    "datum": "WGS84",
    "mountainIds": "679",
    "mountainNames": "鬼ヶ城山",
    "lists": "中国百名山",
    "routes": "",
    "entryType": "",
    "trailKmToSummit": "",
    "related": "TH-n1329173015(291m)",
    "attributes": "operator=岩国市; busType=コミュニティバス; busRoutes=岩国生活交通バス：高根線 / 寂地線",
    "status": "adopted",
    "accuracyM": 10,
    "needsReview": "運行状況（季節運行・休止・予約制）を要確認",
    "sources": "国土数値情報（バス停留所データ）令和4年度（国土交通省）P11-22-35-bs115（34.430261, 132.061428、JGD2011）を加工して作成",
    "verifiedAt": ""
   }
  },
  {
   "type": "Feature",
   "geometry": {
    "type": "Point",
    "coordinates": [
     132.0580899,
     34.4254896
    ]
   },
   "properties": {
    "id": "BS-kP11-22-35-bs129",
    "kind": "bus_stop",
    "name": "寂地峡入口",
    "datum": "WGS84",
    "mountainIds": "679",
    "mountainNames": "鬼ヶ城山",
    "lists": "中国百名山",
    "routes": "",
    "entryType": "",
    "trailKmToSummit": "",
    "related": "TH-n1329173015(377m)",
    "attributes": "operator=岩国市; busType=コミュニティバス; busRoutes=岩国生活交通バス：高根線 / 寂地線",
    "status": "adopted",
    "accuracyM": 10,
    "needsReview": "運行状況（季節運行・休止・予約制）を要確認",
    "sources": "国土数値情報（バス停留所データ）令和4年度（国土交通省）P11-22-35-bs129（34.425490, 132.058090、JGD2011）を加工して作成",
    "verifiedAt": ""
   }
  },
  {
   "type": "Feature",
   "geometry": {
    "type": "Point",
    "coordinates": [
     132.0578952,
     34.4231456
    ]
   },
   "properties": {
    "id": "BS-kP11-22-35-bs143",
    "kind": "bus_stop",
    "name": "神崎橋",
    "datum": "WGS84",
    "mountainIds": "660 664 679",
    "mountainNames": "冠山、寂地山、鬼ヶ城山",
    "lists": "中国百名山",
    "routes": "",
    "entryType": "",
    "trailKmToSummit": "",
    "related": "TH-kP11-22-35-bs166(761m) TH-n1329173015(585m)",
    "attributes": "operator=岩国市; busType=コミュニティバス; busRoutes=岩国生活交通バス：高根線 / 寂地線",
    "status": "adopted",
    "accuracyM": 10,
    "needsReview": "運行状況（季節運行・休止・予約制）を要確認、登山口から離れている（徒歩アプローチを要確認）",
    "sources": "国土数値情報（バス停留所データ）令和4年度（国土交通省）P11-22-35-bs143（34.423146, 132.057895、JGD2011）を加工して作成",
    "verifiedAt": ""
   }
  },
  {
   "type": "Feature",
   "geometry": {
    "type": "Point",
    "coordinates": [
     132.0517508,
     34.4185306
    ]
   },
   "properties": {
    "id": "BS-kP11-22-35-bs166",
    "kind": "bus_stop",
    "name": "澄坂",
    "datum": "WGS84",
    "mountainIds": "660 664",
    "mountainNames": "冠山、寂地山",
    "lists": "中国百名山",
    "routes": "",
    "entryType": "",
    "trailKmToSummit": "",
    "related": "TH-kP11-22-35-bs166(0m)",
    "attributes": "operator=岩国市; busType=コミュニティバス; busRoutes=岩国生活交通バス：高根線 / 寂地線",
    "status": "adopted",
    "accuracyM": 10,
    "needsReview": "運行状況（季節運行・休止・予約制）を要確認",
    "sources": "国土数値情報（バス停留所データ）令和4年度（国土交通省）P11-22-35-bs166（34.418531, 132.051751、JGD2011）を加工して作成",
    "verifiedAt": ""
   }
  },
  {
   "type": "Feature",
   "geometry": {
    "type": "Point",
    "coordinates": [
     132.0500379,
     34.4143859
    ]
   },
   "properties": {
    "id": "BS-kP11-22-35-bs191",
    "kind": "bus_stop",
    "name": "久保の畑",
    "datum": "WGS84",
    "mountainIds": "660 664",
    "mountainNames": "冠山、寂地山",
    "lists": "中国百名山",
    "routes": "",
    "entryType": "",
    "trailKmToSummit": "",
    "related": "TH-kP11-22-35-bs166(484m)",
    "attributes": "operator=岩国市; busType=コミュニティバス; busRoutes=岩国生活交通バス：高根線 / 寂地線",
    "status": "adopted",
    "accuracyM": 10,
    "needsReview": "運行状況（季節運行・休止・予約制）を要確認",
    "sources": "国土数値情報（バス停留所データ）令和4年度（国土交通省）P11-22-35-bs191（34.414386, 132.050038、JGD2011）を加工して作成",
    "verifiedAt": ""
   }
  },
  {
   "type": "Feature",
   "geometry": {
    "type": "Point",
    "coordinates": [
     131.5324159,
     34.1165416
    ]
   },
   "properties": {
    "id": "BS-kP11-22-35-bs2049",
    "kind": "bus_stop",
    "name": "禅昌寺前",
    "datum": "WGS84",
    "mountainIds": "726",
    "mountainNames": "右田ヶ岳",
    "lists": "中国百名山",
    "routes": "",
    "entryType": "",
    "trailKmToSummit": "",
    "related": "TH-n3906260323(805m)",
    "attributes": "operator=中国ジェイアールバス（株）; busType=民間路線バス; busRoutes=防長線",
    "status": "adopted",
    "accuracyM": 10,
    "needsReview": "運行状況（季節運行・休止・予約制）を要確認、登山口から離れている（徒歩アプローチを要確認）",
    "sources": "国土数値情報（バス停留所データ）令和4年度（国土交通省）P11-22-35-bs2049（34.116542, 131.532416、JGD2011）を加工して作成 ｜ OpenStreetMap（© OpenStreetMap contributors, ODbL 1.0）Geofabrik japan-latest.osm.pbf 2026-09-23T20:22:04Z node/9412086553",
    "verifiedAt": ""
   }
  },
  {
   "type": "Feature",
   "geometry": {
    "type": "Point",
    "coordinates": [
     131.5358598,
     34.1095247
    ]
   },
   "properties": {
    "id": "BS-kP11-22-35-bs2101",
    "kind": "bus_stop",
    "name": "上鯖山",
    "datum": "WGS84",
    "mountainIds": "726",
    "mountainNames": "右田ヶ岳",
    "lists": "中国百名山",
    "routes": "",
    "entryType": "",
    "trailKmToSummit": "",
    "related": "TH-n3906260323(148m) TH-n3906260323(148m)",
    "attributes": "operator=中国ジェイアールバス（株）; busType=民間路線バス; busRoutes=防長線",
    "status": "adopted",
    "accuracyM": 10,
    "needsReview": "運行状況（季節運行・休止・予約制）を要確認",
    "sources": "国土数値情報（バス停留所データ）令和4年度（国土交通省）P11-22-35-bs2101（34.109525, 131.535860、JGD2011）を加工して作成 ｜ OpenStreetMap（© OpenStreetMap contributors, ODbL 1.0）Geofabrik japan-latest.osm.pbf 2026-09-23T20:22:04Z node/9412086555",
    "verifiedAt": ""
   }
  },
  {
   "type": "Feature",
   "geometry": {
    "type": "Point",
    "coordinates": [
     131.5396616,
     34.10227
    ]
   },
   "properties": {
    "id": "BS-kP11-22-35-bs2182",
    "kind": "bus_stop",
    "name": "洞道北口",
    "datum": "WGS84",
    "mountainIds": "726",
    "mountainNames": "右田ヶ岳",
    "lists": "中国百名山",
    "routes": "",
    "entryType": "",
    "trailKmToSummit": "",
    "related": "TH-n1345527101(630m) TH-n1345527101(630m) TH-n1345515022(890m) TH-n1345515022(890m)",
    "attributes": "operator=中国ジェイアールバス（株）; busType=民間路線バス; busRoutes=防長線",
    "status": "adopted",
    "accuracyM": 10,
    "needsReview": "運行状況（季節運行・休止・予約制）を要確認、登山口から離れている（徒歩アプローチを要確認）",
    "sources": "国土数値情報（バス停留所データ）令和4年度（国土交通省）P11-22-35-bs2182（34.102270, 131.539662、JGD2011）を加工して作成 ｜ OpenStreetMap（© OpenStreetMap contributors, ODbL 1.0）Geofabrik japan-latest.osm.pbf 2026-09-23T20:22:04Z node/9412086556",
    "verifiedAt": ""
   }
  },
  {
   "type": "Feature",
   "geometry": {
    "type": "Point",
    "coordinates": [
     131.5836481,
     34.0984627
    ]
   },
   "properties": {
    "id": "BS-kP11-22-35-bs2227",
    "kind": "bus_stop",
    "name": "和田原",
    "datum": "WGS84",
    "mountainIds": "726",
    "mountainNames": "右田ヶ岳",
    "lists": "中国百名山",
    "routes": "",
    "entryType": "",
    "trailKmToSummit": "",
    "related": "TH-n1346481203(906m)",
    "attributes": "operator=防長交通（株）; busType=民間路線バス; busRoutes=～堀・佐波分校正門（中山経由）",
    "status": "adopted",
    "accuracyM": 10,
    "needsReview": "運行状況（季節運行・休止・予約制）を要確認、登山口から離れている（徒歩アプローチを要確認）",
    "sources": "国土数値情報（バス停留所データ）令和4年度（国土交通省）P11-22-35-bs2227（34.098463, 131.583648、JGD2011）を加工して作成",
    "verifiedAt": ""
   }
  },
  {
   "type": "Feature",
   "geometry": {
    "type": "Point",
    "coordinates": [
     131.5800461,
     34.0950148
    ]
   },
   "properties": {
    "id": "BS-kP11-22-35-bs2267",
    "kind": "bus_stop",
    "name": "ライフケア高砂",
    "datum": "WGS84",
    "mountainIds": "726",
    "mountainNames": "右田ヶ岳",
    "lists": "中国百名山",
    "routes": "",
    "entryType": "",
    "trailKmToSummit": "",
    "related": "TH-n1346481203(672m)",
    "attributes": "operator=防長交通（株）; busType=民間路線バス; busRoutes=～堀・佐波分校正門（中山経由）",
    "status": "adopted",
    "accuracyM": 10,
    "needsReview": "運行状況（季節運行・休止・予約制）を要確認、登山口から離れている（徒歩アプローチを要確認）",
    "sources": "国土数値情報（バス停留所データ）令和4年度（国土交通省）P11-22-35-bs2267（34.095015, 131.580046、JGD2011）を加工して作成",
    "verifiedAt": ""
   }
  },
  {
   "type": "Feature",
   "geometry": {
    "type": "Point",
    "coordinates": [
     131.5774754,
     34.0932656
    ]
   },
   "properties": {
    "id": "BS-kP11-22-35-bs2284",
    "kind": "bus_stop",
    "name": "田の口",
    "datum": "WGS84",
    "mountainIds": "726",
    "mountainNames": "右田ヶ岳",
    "lists": "中国百名山",
    "routes": "",
    "entryType": "",
    "trailKmToSummit": "",
    "related": "TH-n1346493985(502m) TH-n1346481203(639m)",
    "attributes": "operator=防長交通（株）; busType=民間路線バス; busRoutes=～堀・佐波分校正門（中山経由）",
    "status": "adopted",
    "accuracyM": 10,
    "needsReview": "運行状況（季節運行・休止・予約制）を要確認、登山口から離れている（徒歩アプローチを要確認）",
    "sources": "国土数値情報（バス停留所データ）令和4年度（国土交通省）P11-22-35-bs2284（34.093266, 131.577475、JGD2011）を加工して作成",
    "verifiedAt": ""
   }
  },
  {
   "type": "Feature",
   "geometry": {
    "type": "Point",
    "coordinates": [
     131.5741413,
     34.0881008
    ]
   },
   "properties": {
    "id": "BS-kP11-22-35-bs2334",
    "kind": "bus_stop",
    "name": "右田毛利邸前",
    "datum": "WGS84",
    "mountainIds": "726",
    "mountainNames": "右田ヶ岳",
    "lists": "中国百名山",
    "routes": "",
    "entryType": "",
    "trailKmToSummit": "",
    "related": "TH-n1346493985(291m)",
    "attributes": "operator=防長交通（株）; busType=民間路線バス; busRoutes=～堀・佐波分校正門（中山経由）",
    "status": "adopted",
    "accuracyM": 10,
    "needsReview": "運行状況（季節運行・休止・予約制）を要確認",
    "sources": "国土数値情報（バス停留所データ）令和4年度（国土交通省）P11-22-35-bs2334（34.088101, 131.574141、JGD2011）を加工して作成",
    "verifiedAt": ""
   }
  },
  {
   "type": "Feature",
   "geometry": {
    "type": "Point",
    "coordinates": [
     131.5475521,
     34.0871014
    ]
   },
   "properties": {
    "id": "BS-kP11-22-35-bs2348",
    "kind": "bus_stop",
    "name": "上勝坂",
    "datum": "WGS84",
    "mountainIds": "726",
    "mountainNames": "右田ヶ岳",
    "lists": "中国百名山",
    "routes": "",
    "entryType": "",
    "trailKmToSummit": "",
    "related": "TH-n2929003397(641m) TH-n1346481398(153m) TH-n1346481398(153m)",
    "attributes": "operator=中国ジェイアールバス（株）; busType=民間路線バス; busRoutes=防長線",
    "status": "adopted",
    "accuracyM": 10,
    "needsReview": "運行状況（季節運行・休止・予約制）を要確認、登山口から離れている（徒歩アプローチを要確認）",
    "sources": "国土数値情報（バス停留所データ）令和4年度（国土交通省）P11-22-35-bs2348（34.087101, 131.547552、JGD2011）を加工して作成 ｜ OpenStreetMap（© OpenStreetMap contributors, ODbL 1.0）Geofabrik japan-latest.osm.pbf 2026-09-23T20:22:04Z node/9412086559",
    "verifiedAt": ""
   }
  },
  {
   "type": "Feature",
   "geometry": {
    "type": "Point",
    "coordinates": [
     131.5714407,
     34.0852687
    ]
   },
   "properties": {
    "id": "BS-kP11-22-35-bs2367",
    "kind": "bus_stop",
    "name": "薬師前",
    "datum": "WGS84",
    "mountainIds": "726",
    "mountainNames": "右田ヶ岳",
    "lists": "中国百名山",
    "routes": "",
    "entryType": "",
    "trailKmToSummit": "",
    "related": "TH-n1346498166(758m) TH-n1346493985(607m)",
    "attributes": "operator=防長交通（株）; busType=民間路線バス; busRoutes=～堀・佐波分校正門（中山経由）",
    "status": "adopted",
    "accuracyM": 10,
    "needsReview": "運行状況（季節運行・休止・予約制）を要確認、登山口から離れている（徒歩アプローチを要確認）",
    "sources": "国土数値情報（バス停留所データ）令和4年度（国土交通省）P11-22-35-bs2367（34.085269, 131.571441、JGD2011）を加工して作成",
    "verifiedAt": ""
   }
  },
  {
   "type": "Feature",
   "geometry": {
    "type": "Point",
    "coordinates": [
     131.5696209,
     34.0825643
    ]
   },
   "properties": {
    "id": "BS-kP11-22-35-bs2384",
    "kind": "bus_stop",
    "name": "新町",
    "datum": "WGS84",
    "mountainIds": "726",
    "mountainNames": "右田ヶ岳",
    "lists": "中国百名山",
    "routes": "",
    "entryType": "",
    "trailKmToSummit": "",
    "related": "TH-n1346498166(426m)",
    "attributes": "operator=防長交通（株）; busType=民間路線バス; busRoutes=～堀・佐波分校正門（中山経由）",
    "status": "adopted",
    "accuracyM": 10,
    "needsReview": "運行状況（季節運行・休止・予約制）を要確認",
    "sources": "国土数値情報（バス停留所データ）令和4年度（国土交通省）P11-22-35-bs2384（34.082564, 131.569621、JGD2011）を加工して作成",
    "verifiedAt": ""
   }
  },
  {
   "type": "Feature",
   "geometry": {
    "type": "Point",
    "coordinates": [
     131.550427,
     34.0811848
    ]
   },
   "properties": {
    "id": "BS-kP11-22-35-bs2398",
    "kind": "bus_stop",
    "name": "勝坂",
    "datum": "WGS84",
    "mountainIds": "726",
    "mountainNames": "右田ヶ岳",
    "lists": "中国百名山",
    "routes": "",
    "entryType": "",
    "trailKmToSummit": "",
    "related": "TH-n2929003397(65m) TH-n2929003397(65m) TH-n1346481398(853m)",
    "attributes": "operator=中国ジェイアールバス（株）; busType=民間路線バス; busRoutes=防長線",
    "status": "adopted",
    "accuracyM": 10,
    "needsReview": "運行状況（季節運行・休止・予約制）を要確認、登山口から離れている（徒歩アプローチを要確認）",
    "sources": "国土数値情報（バス停留所データ）令和4年度（国土交通省）P11-22-35-bs2398（34.081185, 131.550427、JGD2011）を加工して作成 ｜ OpenStreetMap（© OpenStreetMap contributors, ODbL 1.0）Geofabrik japan-latest.osm.pbf 2026-09-23T20:22:04Z node/9412086560",
    "verifiedAt": ""
   }
  },
  {
   "type": "Feature",
   "geometry": {
    "type": "Point",
    "coordinates": [
     131.5668551,
     34.0784627
    ]
   },
   "properties": {
    "id": "BS-kP11-22-35-bs2426",
    "kind": "bus_stop",
    "name": "塚原",
    "datum": "WGS84",
    "mountainIds": "726",
    "mountainNames": "右田ヶ岳",
    "lists": "中国百名山",
    "routes": "",
    "entryType": "",
    "trailKmToSummit": "",
    "related": "TH-n5327285195(583m) TH-n1346498166(183m)",
    "attributes": "operator=防長交通（株）; busType=民間路線バス; busRoutes=～堀・佐波分校正門（中山経由）",
    "status": "adopted",
    "accuracyM": 10,
    "needsReview": "運行状況（季節運行・休止・予約制）を要確認",
    "sources": "国土数値情報（バス停留所データ）令和4年度（国土交通省）P11-22-35-bs2426（34.078463, 131.566855、JGD2011）を加工して作成",
    "verifiedAt": ""
   }
  },
  {
   "type": "Feature",
   "geometry": {
    "type": "Point",
    "coordinates": [
     131.5547464,
     34.0707224
    ]
   },
   "properties": {
    "id": "BS-kP11-22-35-bs2545",
    "kind": "bus_stop",
    "name": "右田",
    "datum": "WGS84",
    "mountainIds": "726",
    "mountainNames": "右田ヶ岳",
    "lists": "中国百名山",
    "routes": "",
    "entryType": "",
    "trailKmToSummit": "",
    "related": "TH-n5327285195(945m) TH-n5327285195(945m)",
    "attributes": "operator=防長交通（株）; busType=民間路線バス; busRoutes=～総合医療センター・自由ヶ丘 / ～総合医療センター・秋穂漁港入口",
    "status": "adopted",
    "accuracyM": 10,
    "needsReview": "運行状況（季節運行・休止・予約制）を要確認、登山口から離れている（徒歩アプローチを要確認）",
    "sources": "国土数値情報（バス停留所データ）令和4年度（国土交通省）P11-22-35-bs2545（34.070722, 131.554746、JGD2011）を加工して作成 ｜ OpenStreetMap（© OpenStreetMap contributors, ODbL 1.0）Geofabrik japan-latest.osm.pbf 2026-09-23T20:22:04Z node/9412086562",
    "verifiedAt": ""
   }
  },
  {
   "type": "Feature",
   "geometry": {
    "type": "Point",
    "coordinates": [
     130.9072995,
     34.0648202
    ]
   },
   "properties": {
    "id": "BS-kP11-22-35-bs2624",
    "kind": "bus_stop",
    "name": "古宿",
    "datum": "WGS84",
    "mountainIds": "728",
    "mountainNames": "竜王山",
    "lists": "中国百名山",
    "routes": "",
    "entryType": "",
    "trailKmToSummit": "",
    "related": "TH-n1353416402(986m)",
    "attributes": "operator=サンデン交通（株）; busType=民間路線バス; busRoutes=吉母港→下関駅 / 川棚温泉→下関駅 / 川棚温泉→豊洋台団地→下関駅",
    "status": "adopted",
    "accuracyM": 10,
    "needsReview": "運行状況（季節運行・休止・予約制）を要確認、登山口から離れている（徒歩アプローチを要確認）",
    "sources": "国土数値情報（バス停留所データ）令和4年度（国土交通省）P11-22-35-bs2624（34.064820, 130.907300、JGD2011）を加工して作成",
    "verifiedAt": ""
   }
  },
  {
   "type": "Feature",
   "geometry": {
    "type": "Point",
    "coordinates": [
     130.9315159,
     34.0308298
    ]
   },
   "properties": {
    "id": "BS-kP11-22-35-bs3105",
    "kind": "bus_stop",
    "name": "済生会病院",
    "datum": "WGS84",
    "mountainIds": "728",
    "mountainNames": "竜王山",
    "lists": "中国百名山",
    "routes": "",
    "entryType": "",
    "trailKmToSummit": "",
    "related": "TH-n1353409470(195m) TH-n1353410274(630m)",
    "attributes": "operator=サンデン交通（株）; busType=民間路線バス; busRoutes=新下関駅→ゆめシティ→中山神社・松風町→済生会病院→新下関駅 / 新下関駅→済生会病院→松風町・中山神社→ゆめシティ→新下関駅 / 横野→済生会病院→新下関駅→城下町長府→関門医療センター→マリンランド",
    "status": "adopted",
    "accuracyM": 10,
    "needsReview": "運行状況（季節運行・休止・予約制）を要確認、登山口から離れている（徒歩アプローチを要確認）",
    "sources": "国土数値情報（バス停留所データ）令和4年度（国土交通省）P11-22-35-bs3105（34.030830, 130.931516、JGD2011）を加工して作成",
    "verifiedAt": ""
   }
  },
  {
   "type": "Feature",
   "geometry": {
    "type": "Point",
    "coordinates": [
     130.9329137,
     34.0268117
    ]
   },
   "properties": {
    "id": "BS-kP11-22-35-bs3156",
    "kind": "bus_stop",
    "name": "妙蓮寺前",
    "datum": "WGS84",
    "mountainIds": "728",
    "mountainNames": "竜王山",
    "lists": "中国百名山",
    "routes": "",
    "entryType": "",
    "trailKmToSummit": "",
    "related": "TH-n1353409470(629m)",
    "attributes": "operator=サンデン交通（株）; busType=民間路線バス; busRoutes=新下関駅→ゆめシティ→中山神社・松風町→済生会病院→新下関駅 / 新下関駅→済生会病院→松風町・中山神社→ゆめシティ→新下関駅 / 横野→済生会病院→新下関駅→城下町長府→関門医療センター→マリンランド",
    "status": "adopted",
    "accuracyM": 10,
    "needsReview": "運行状況（季節運行・休止・予約制）を要確認、登山口から離れている（徒歩アプローチを要確認）",
    "sources": "国土数値情報（バス停留所データ）令和4年度（国土交通省）P11-22-35-bs3156（34.026812, 130.932914、JGD2011）を加工して作成",
    "verifiedAt": ""
   }
  },
  {
   "type": "Feature",
   "geometry": {
    "type": "Point",
    "coordinates": [
     130.9288541,
     34.0242289
    ]
   },
   "properties": {
    "id": "BS-kP11-22-35-bs3184",
    "kind": "bus_stop",
    "name": "富任",
    "datum": "WGS84",
    "mountainIds": "728",
    "mountainNames": "竜王山",
    "lists": "中国百名山",
    "routes": "",
    "entryType": "",
    "trailKmToSummit": "",
    "related": "TH-n1353409470(965m)",
    "attributes": "operator=サンデン交通（株）; busType=民間路線バス; busRoutes=新下関駅→ゆめシティ→中山神社・松風町→済生会病院→新下関駅 / 新下関駅→済生会病院→松風町・中山神社→ゆめシティ→新下関駅 / 横野→済生会病院→新下関駅→城下町長府→関門医療センター→マリンランド",
    "status": "adopted",
    "accuracyM": 10,
    "needsReview": "運行状況（季節運行・休止・予約制）を要確認、登山口から離れている（徒歩アプローチを要確認）",
    "sources": "国土数値情報（バス停留所データ）令和4年度（国土交通省）P11-22-35-bs3184（34.024229, 130.928854、JGD2011）を加工して作成",
    "verifiedAt": ""
   }
  },
  {
   "type": "Feature",
   "geometry": {
    "type": "Point",
    "coordinates": [
     132.015868,
     34.3894772
    ]
   },
   "properties": {
    "id": "BS-kP11-22-35-bs336",
    "kind": "bus_stop",
    "name": "向峠",
    "datum": "WGS84",
    "mountainIds": "677",
    "mountainNames": "小五郎山",
    "lists": "中国百名山",
    "routes": "",
    "entryType": "",
    "trailKmToSummit": "",
    "related": "TH-n1329175507(251m)",
    "attributes": "operator=岩国市; busType=コミュニティバス; busRoutes=岩国生活交通バス：高根線 / 寂地線",
    "status": "adopted",
    "accuracyM": 10,
    "needsReview": "運行状況（季節運行・休止・予約制）を要確認",
    "sources": "国土数値情報（バス停留所データ）令和4年度（国土交通省）P11-22-35-bs336（34.389477, 132.015868、JGD2011）を加工して作成",
    "verifiedAt": ""
   }
  },
  {
   "type": "Feature",
   "geometry": {
    "type": "Point",
    "coordinates": [
     132.0323365,
     33.997729
    ]
   },
   "properties": {
    "id": "BS-kP11-22-35-bs3534",
    "kind": "bus_stop",
    "name": "十王",
    "datum": "WGS84",
    "mountainIds": "734",
    "mountainNames": "石城山",
    "lists": "中国百名山",
    "routes": "",
    "entryType": "",
    "trailKmToSummit": "",
    "related": "TH-n1282915558(925m) TH-n1282914423(321m) TH-n1282919596(740m)",
    "attributes": "operator=光市; busType=コミュニティバス; busRoutes=光市営バス　塩田線",
    "status": "adopted",
    "accuracyM": 10,
    "needsReview": "運行状況（季節運行・休止・予約制）を要確認、登山口から離れている（徒歩アプローチを要確認）",
    "sources": "国土数値情報（バス停留所データ）令和4年度（国土交通省）P11-22-35-bs3534（33.997729, 132.032336、JGD2011）を加工して作成",
    "verifiedAt": ""
   }
  },
  {
   "type": "Feature",
   "geometry": {
    "type": "Point",
    "coordinates": [
     132.0261382,
     33.9966209
    ]
   },
   "properties": {
    "id": "BS-kP11-22-35-bs3544",
    "kind": "bus_stop",
    "name": "小倉",
    "datum": "WGS84",
    "mountainIds": "734",
    "mountainNames": "石城山",
    "lists": "中国百名山",
    "routes": "",
    "entryType": "",
    "trailKmToSummit": "",
    "related": "TH-n1282914423(710m) TH-n1282919927(917m) TH-n1282919596(394m)",
    "attributes": "operator=光市; busType=コミュニティバス; busRoutes=光市営バス　塩田線",
    "status": "adopted",
    "accuracyM": 10,
    "needsReview": "運行状況（季節運行・休止・予約制）を要確認、登山口から離れている（徒歩アプローチを要確認）",
    "sources": "国土数値情報（バス停留所データ）令和4年度（国土交通省）P11-22-35-bs3544（33.996621, 132.026138、JGD2011）を加工して作成",
    "verifiedAt": ""
   }
  },
  {
   "type": "Feature",
   "geometry": {
    "type": "Point",
    "coordinates": [
     132.0420146,
     33.9960219
    ]
   },
   "properties": {
    "id": "BS-kP11-22-35-bs3550",
    "kind": "bus_stop",
    "name": "佐田下",
    "datum": "WGS84",
    "mountainIds": "734",
    "mountainNames": "石城山",
    "lists": "中国百名山",
    "routes": "",
    "entryType": "",
    "trailKmToSummit": "",
    "related": "TH-n4360881489(944m) TH-n1282915558(617m) TH-n1282914423(785m)",
    "attributes": "operator=光市; busType=コミュニティバス; busRoutes=光市営バス　塩田線",
    "status": "adopted",
    "accuracyM": 10,
    "needsReview": "運行状況（季節運行・休止・予約制）を要確認、登山口から離れている（徒歩アプローチを要確認）",
    "sources": "国土数値情報（バス停留所データ）令和4年度（国土交通省）P11-22-35-bs3550（33.996022, 132.042015、JGD2011）を加工して作成",
    "verifiedAt": ""
   }
  },
  {
   "type": "Feature",
   "geometry": {
    "type": "Point",
    "coordinates": [
     132.0473981,
     33.9952082
    ]
   },
   "properties": {
    "id": "BS-kP11-22-35-bs3555",
    "kind": "bus_stop",
    "name": "佐田中",
    "datum": "WGS84",
    "mountainIds": "734",
    "mountainNames": "石城山",
    "lists": "中国百名山",
    "routes": "",
    "entryType": "",
    "trailKmToSummit": "",
    "related": "TH-n1282915558(923m)",
    "attributes": "operator=光市; busType=コミュニティバス; busRoutes=光市営バス　塩田線",
    "status": "adopted",
    "accuracyM": 10,
    "needsReview": "運行状況（季節運行・休止・予約制）を要確認、登山口から離れている（徒歩アプローチを要確認）",
    "sources": "国土数値情報（バス停留所データ）令和4年度（国土交通省）P11-22-35-bs3555（33.995208, 132.047398、JGD2011）を加工して作成",
    "verifiedAt": ""
   }
  },
  {
   "type": "Feature",
   "geometry": {
    "type": "Point",
    "coordinates": [
     132.0138355,
     34.3856463
    ]
   },
   "properties": {
    "id": "BS-kP11-22-35-bs357",
    "kind": "bus_stop",
    "name": "深谷パーキング前",
    "datum": "WGS84",
    "mountainIds": "677",
    "mountainNames": "小五郎山",
    "lists": "中国百名山",
    "routes": "",
    "entryType": "",
    "trailKmToSummit": "",
    "related": "TH-n1329175507(486m)",
    "attributes": "operator=岩国市; busType=コミュニティバス; busRoutes=岩国生活交通バス：高根線 / 寂地線",
    "status": "adopted",
    "accuracyM": 10,
    "needsReview": "運行状況（季節運行・休止・予約制）を要確認",
    "sources": "国土数値情報（バス停留所データ）令和4年度（国土交通省）P11-22-35-bs357（34.385646, 132.013836、JGD2011）を加工して作成",
    "verifiedAt": ""
   }
  },
  {
   "type": "Feature",
   "geometry": {
    "type": "Point",
    "coordinates": [
     132.0198552,
     33.9928003
    ]
   },
   "properties": {
    "id": "BS-kP11-22-35-bs3599",
    "kind": "bus_stop",
    "name": "須賀社",
    "datum": "WGS84",
    "mountainIds": "734",
    "mountainNames": "石城山",
    "lists": "中国百名山",
    "routes": "",
    "entryType": "",
    "trailKmToSummit": "",
    "related": "TH-n1282919927(742m) TH-n1282919596(620m)",
    "attributes": "operator=光市; busType=コミュニティバス; busRoutes=光市営バス　塩田線",
    "status": "adopted",
    "accuracyM": 10,
    "needsReview": "運行状況（季節運行・休止・予約制）を要確認、登山口から離れている（徒歩アプローチを要確認）",
    "sources": "国土数値情報（バス停留所データ）令和4年度（国土交通省）P11-22-35-bs3599（33.992800, 132.019855、JGD2011）を加工して作成",
    "verifiedAt": ""
   }
  },
  {
   "type": "Feature",
   "geometry": {
    "type": "Point",
    "coordinates": [
     131.3060362,
     34.234443
    ]
   },
   "properties": {
    "id": "BS-kP11-22-35-bs926",
    "kind": "bus_stop",
    "name": "秋吉台",
    "datum": "WGS84",
    "mountainIds": "709",
    "mountainNames": "龍護峰",
    "lists": "中国百名山",
    "routes": "",
    "entryType": "",
    "trailKmToSummit": "",
    "related": "TH-n6825793893(193m) TH-n6387040885(930m) TH-n6825774963(457m)",
    "attributes": "operator=防長交通（株）; busType=民間路線バス; busRoutes=秋芳洞～萩BC～東萩駅前",
    "status": "adopted",
    "accuracyM": 10,
    "needsReview": "運行状況（季節運行・休止・予約制）を要確認、登山口から離れている（徒歩アプローチを要確認）",
    "sources": "国土数値情報（バス停留所データ）令和4年度（国土交通省）P11-22-35-bs926（34.234443, 131.306036、JGD2011）を加工して作成 ｜ OpenStreetMap（© OpenStreetMap contributors, ODbL 1.0）Geofabrik japan-latest.osm.pbf 2026-09-23T20:22:04Z node/9412086347",
    "verifiedAt": ""
   }
  },
  {
   "type": "Feature",
   "geometry": {
    "type": "Point",
    "coordinates": [
     131.3060362,
     34.234443
    ]
   },
   "properties": {
    "id": "BS-kP11-22-35-bs927",
    "kind": "bus_stop",
    "name": "秋吉台",
    "datum": "WGS84",
    "mountainIds": "709",
    "mountainNames": "龍護峰",
    "lists": "中国百名山",
    "routes": "",
    "entryType": "",
    "trailKmToSummit": "",
    "related": "TH-n6825793893(193m) TH-n6387040885(930m) TH-n6825774963(457m)",
    "attributes": "operator=中国ジェイアールバス（株）; busType=民間路線バス; busRoutes=秋芳洞循環バス",
    "status": "adopted",
    "accuracyM": 10,
    "needsReview": "運行状況（季節運行・休止・予約制）を要確認、登山口から離れている（徒歩アプローチを要確認）",
    "sources": "国土数値情報（バス停留所データ）令和4年度（国土交通省）P11-22-35-bs927（34.234443, 131.306036、JGD2011）を加工して作成",
    "verifiedAt": ""
   }
  },
  {
   "type": "Feature",
   "geometry": {
    "type": "Point",
    "coordinates": [
     131.2993083,
     34.2332792
    ]
   },
   "properties": {
    "id": "BS-kP11-22-35-bs933",
    "kind": "bus_stop",
    "name": "黒谷口",
    "datum": "WGS84",
    "mountainIds": "709",
    "mountainNames": "龍護峰",
    "lists": "中国百名山",
    "routes": "",
    "entryType": "",
    "trailKmToSummit": "",
    "related": "TH-n6825793893(582m) TH-n6387040885(304m) TH-n6825774963(365m)",
    "attributes": "operator=中国ジェイアールバス（株）; busType=民間路線バス; busRoutes=秋芳洞循環バス",
    "status": "adopted",
    "accuracyM": 10,
    "needsReview": "運行状況（季節運行・休止・予約制）を要確認",
    "sources": "国土数値情報（バス停留所データ）令和4年度（国土交通省）P11-22-35-bs933（34.233279, 131.299308、JGD2011）を加工して作成 ｜ OpenStreetMap（© OpenStreetMap contributors, ODbL 1.0）Geofabrik japan-latest.osm.pbf 2026-09-23T20:22:04Z node/9412086348",
    "verifiedAt": ""
   }
  },
  {
   "type": "Feature",
   "geometry": {
    "type": "Point",
    "coordinates": [
     132.0681451,
     34.4379583
    ]
   },
   "properties": {
    "id": "BS-kP11-22-35-bs95",
    "kind": "bus_stop",
    "name": "寂地登山口",
    "datum": "WGS84",
    "mountainIds": "660 664 679",
    "mountainNames": "冠山、寂地山、鬼ヶ城山",
    "lists": "中国百名山",
    "routes": "",
    "entryType": "",
    "trailKmToSummit": "",
    "related": "TH-n1329172215(799m) TH-kP11-22-35-bs98(180m) TH-n1329170931(605m) TH-n1329174594(484m)",
    "attributes": "operator=岩国市; busType=コミュニティバス; busRoutes=岩国生活交通バス：高根線 / 寂地線",
    "status": "adopted",
    "accuracyM": 10,
    "needsReview": "運行状況（季節運行・休止・予約制）を要確認、登山口から離れている（徒歩アプローチを要確認）",
    "sources": "国土数値情報（バス停留所データ）令和4年度（国土交通省）P11-22-35-bs95（34.437958, 132.068145、JGD2011）を加工して作成",
    "verifiedAt": ""
   }
  },
  {
   "type": "Feature",
   "geometry": {
    "type": "Point",
    "coordinates": [
     132.066494,
     34.4370758
    ]
   },
   "properties": {
    "id": "BS-kP11-22-35-bs98",
    "kind": "bus_stop",
    "name": "常国",
    "datum": "WGS84",
    "mountainIds": "660 664 679",
    "mountainNames": "冠山、寂地山、鬼ヶ城山",
    "lists": "中国百名山",
    "routes": "",
    "entryType": "",
    "trailKmToSummit": "",
    "related": "TH-n1329172215(947m) TH-kP11-22-35-bs98(0m) TH-n1329170931(526m) TH-n1329174594(593m)",
    "attributes": "operator=岩国市; busType=コミュニティバス; busRoutes=岩国生活交通バス：高根線 / 寂地線",
    "status": "adopted",
    "accuracyM": 10,
    "needsReview": "運行状況（季節運行・休止・予約制）を要確認、登山口から離れている（徒歩アプローチを要確認）",
    "sources": "国土数値情報（バス停留所データ）令和4年度（国土交通省）P11-22-35-bs98（34.437076, 132.066494、JGD2011）を加工して作成",
    "verifiedAt": ""
   }
  },
  {
   "type": "Feature",
   "geometry": {
    "type": "Point",
    "coordinates": [
     132.3151582,
     34.2952144
    ]
   },
   "properties": {
    "id": "BS-n12089958281",
    "kind": "bus_stop",
    "name": "水族館",
    "datum": "WGS84",
    "mountainIds": "696",
    "mountainNames": "弥山",
    "lists": "中国百名山",
    "routes": "",
    "entryType": "",
    "trailKmToSummit": "",
    "related": "TH-n4312128696(32m) TH-n4810662540(612m) TH-n2367296947(427m)",
    "attributes": "operator=メイプルライナー",
    "status": "provisional",
    "accuracyM": 20,
    "needsReview": "運行状況（季節運行・休止・予約制）を要確認、公式情報または2情報源での確認が必要、登山口から離れている（徒歩アプローチを要確認）",
    "sources": "OpenStreetMap（© OpenStreetMap contributors, ODbL 1.0）Geofabrik japan-latest.osm.pbf 2026-09-23T20:22:04Z node/12089958281",
    "verifiedAt": ""
   }
  },
  {
   "type": "Feature",
   "geometry": {
    "type": "Point",
    "coordinates": [
     132.6894923,
     35.3972732
    ]
   },
   "properties": {
    "id": "BS-n12709500577",
    "kind": "bus_stop",
    "name": "（名称なし）バス停",
    "datum": "WGS84",
    "mountainIds": "480",
    "mountainNames": "鼻高山",
    "lists": "中国百名山",
    "routes": "",
    "entryType": "",
    "trailKmToSummit": "",
    "related": "TH-n1387129843(523m)",
    "attributes": "",
    "status": "provisional",
    "accuracyM": 20,
    "needsReview": "運行状況（季節運行・休止・予約制）を要確認、公式情報または2情報源での確認が必要",
    "sources": "OpenStreetMap（© OpenStreetMap contributors, ODbL 1.0）Geofabrik japan-latest.osm.pbf 2026-09-23T20:22:04Z node/12709500577",
    "verifiedAt": ""
   }
  },
  {
   "type": "Feature",
   "geometry": {
    "type": "Point",
    "coordinates": [
     134.2019866,
     35.3410609
    ]
   },
   "properties": {
    "id": "BS-n3948287832",
    "kind": "bus_stop",
    "name": "用瀬",
    "datum": "WGS84",
    "mountainIds": "502",
    "mountainNames": "三角山",
    "lists": "中国百名山",
    "routes": "",
    "entryType": "",
    "trailKmToSummit": "",
    "related": "TH-n3948287831(178m) TH-n5564833611(187m)",
    "attributes": "",
    "status": "provisional",
    "accuracyM": 20,
    "needsReview": "運行状況（季節運行・休止・予約制）を要確認、公式情報または2情報源での確認が必要",
    "sources": "OpenStreetMap（© OpenStreetMap contributors, ODbL 1.0）Geofabrik japan-latest.osm.pbf 2026-09-23T20:22:04Z node/3948287832",
    "verifiedAt": ""
   }
  },
  {
   "type": "Feature",
   "geometry": {
    "type": "Point",
    "coordinates": [
     132.3257989,
     34.2937915
    ]
   },
   "properties": {
    "id": "BS-n5078224246",
    "kind": "bus_stop",
    "name": "（名称なし）バス停",
    "datum": "WGS84",
    "mountainIds": "696",
    "mountainNames": "弥山",
    "lists": "中国百名山",
    "routes": "",
    "entryType": "",
    "trailKmToSummit": "",
    "related": "TH-n512124574(109m) TH-n4810662540(399m) TH-n2367296947(626m)",
    "attributes": "",
    "status": "provisional",
    "accuracyM": 20,
    "needsReview": "運行状況（季節運行・休止・予約制）を要確認、公式情報または2情報源での確認が必要、登山口から離れている（徒歩アプローチを要確認）",
    "sources": "OpenStreetMap（© OpenStreetMap contributors, ODbL 1.0）Geofabrik japan-latest.osm.pbf 2026-09-23T20:22:04Z node/5078224246",
    "verifiedAt": ""
   }
  },
  {
   "type": "Feature",
   "geometry": {
    "type": "Point",
    "coordinates": [
     134.2048895,
     35.3436923
    ]
   },
   "properties": {
    "id": "BS-n9418177436",
    "kind": "bus_stop",
    "name": "（名称なし）バス停",
    "datum": "WGS84",
    "mountainIds": "502",
    "mountainNames": "三角山",
    "lists": "中国百名山",
    "routes": "",
    "entryType": "",
    "trailKmToSummit": "",
    "related": "TH-n3948287831(215m) TH-n3952054607(539m) TH-n5564663349(500m)",
    "attributes": "",
    "status": "provisional",
    "accuracyM": 20,
    "needsReview": "運行状況（季節運行・休止・予約制）を要確認、公式情報または2情報源での確認が必要",
    "sources": "OpenStreetMap（© OpenStreetMap contributors, ODbL 1.0）Geofabrik japan-latest.osm.pbf 2026-09-23T20:22:04Z node/9418177436",
    "verifiedAt": ""
   }
  },
  {
   "type": "Feature",
   "geometry": {
    "type": "Point",
    "coordinates": [
     132.0145334,
     34.386131
    ]
   },
   "properties": {
    "id": "BS-n9699327056",
    "kind": "bus_stop",
    "name": "深谷PAバス停待合所",
    "datum": "WGS84",
    "mountainIds": "677",
    "mountainNames": "小五郎山",
    "lists": "中国百名山",
    "routes": "",
    "entryType": "",
    "trailKmToSummit": "",
    "related": "TH-n1329175507(445m)",
    "attributes": "",
    "status": "provisional",
    "accuracyM": 20,
    "needsReview": "運行状況（季節運行・休止・予約制）を要確認、公式情報または2情報源での確認が必要",
    "sources": "OpenStreetMap（© OpenStreetMap contributors, ODbL 1.0）Geofabrik japan-latest.osm.pbf 2026-09-23T20:22:04Z node/9699327056",
    "verifiedAt": ""
   }
  },
  {
   "type": "Feature",
   "geometry": {
    "type": "Point",
    "coordinates": [
     131.2951688,
     34.2329791
    ]
   },
   "properties": {
    "id": "PK-n5414346174",
    "kind": "parking",
    "name": "（名称なし）駐車場",
    "datum": "WGS84",
    "mountainIds": "709",
    "mountainNames": "龍護峰",
    "lists": "中国百名山",
    "routes": "",
    "entryType": "",
    "trailKmToSummit": "",
    "related": "TH-n6387040885(89m)",
    "attributes": "",
    "status": "provisional",
    "accuracyM": 20,
    "needsReview": "公式情報または2情報源での確認が必要、名称なし",
    "sources": "OpenStreetMap（© OpenStreetMap contributors, ODbL 1.0）Geofabrik japan-latest.osm.pbf 2026-09-23T20:22:04Z node/5414346174",
    "verifiedAt": ""
   }
  },
  {
   "type": "Feature",
   "geometry": {
    "type": "Point",
    "coordinates": [
     131.3047358,
     34.2341612
    ]
   },
   "properties": {
    "id": "PK-n928289420",
    "kind": "parking",
    "name": "（名称なし）駐車場",
    "datum": "WGS84",
    "mountainIds": "709",
    "mountainNames": "龍護峰",
    "lists": "中国百名山",
    "routes": "",
    "entryType": "",
    "trailKmToSummit": "",
    "related": "TH-n6825793893(188m) TH-n6825774963(367m)",
    "attributes": "",
    "status": "provisional",
    "accuracyM": 20,
    "needsReview": "公式情報または2情報源での確認が必要、名称なし、登山口から離れている（徒歩アプローチを要確認）",
    "sources": "OpenStreetMap（© OpenStreetMap contributors, ODbL 1.0）Geofabrik japan-latest.osm.pbf 2026-09-23T20:22:04Z node/928289420",
    "verifiedAt": ""
   }
  },
  {
   "type": "Feature",
   "geometry": {
    "type": "Point",
    "coordinates": [
     131.4655951,
     34.2319561
    ]
   },
   "properties": {
    "id": "PK-w1002052698",
    "kind": "parking",
    "name": "（名称なし）駐車場",
    "datum": "WGS84",
    "mountainIds": "711",
    "mountainNames": "東鳳翩山",
    "lists": "中国百名山",
    "routes": "",
    "entryType": "",
    "trailKmToSummit": "",
    "related": "TH-n9248428858(234m) TH-n1345408632(155m)",
    "attributes": "",
    "status": "provisional",
    "accuracyM": 40,
    "needsReview": "公式情報または2情報源での確認が必要、名称なし",
    "sources": "OpenStreetMap（© OpenStreetMap contributors, ODbL 1.0）Geofabrik japan-latest.osm.pbf 2026-09-23T20:22:04Z way/1002052698",
    "verifiedAt": ""
   }
  },
  {
   "type": "Feature",
   "geometry": {
    "type": "Point",
    "coordinates": [
     134.2037383,
     35.3426296
    ]
   },
   "properties": {
    "id": "PK-w1021141011",
    "kind": "parking",
    "name": "（名称なし）駐車場",
    "datum": "WGS84",
    "mountainIds": "502",
    "mountainNames": "三角山",
    "lists": "中国百名山",
    "routes": "",
    "entryType": "",
    "trailKmToSummit": "",
    "related": "TH-n3948287831(59m) TH-n5564833611(349m)",
    "attributes": "",
    "status": "provisional",
    "accuracyM": 40,
    "needsReview": "公式情報または2情報源での確認が必要、名称なし、登山口から離れている（徒歩アプローチを要確認）",
    "sources": "OpenStreetMap（© OpenStreetMap contributors, ODbL 1.0）Geofabrik japan-latest.osm.pbf 2026-09-23T20:22:04Z way/1021141011",
    "verifiedAt": ""
   }
  },
  {
   "type": "Feature",
   "geometry": {
    "type": "Point",
    "coordinates": [
     133.8245386,
     35.4312313
    ]
   },
   "properties": {
    "id": "PK-w1180930785",
    "kind": "parking",
    "name": "（名称なし）駐車場",
    "datum": "WGS84",
    "mountainIds": "471",
    "mountainNames": "打吹山",
    "lists": "中国百名山",
    "routes": "",
    "entryType": "",
    "trailKmToSummit": "",
    "related": "TH-n13666019967(264m) TH-n4142568473(190m)",
    "attributes": "access=yes",
    "status": "provisional",
    "accuracyM": 40,
    "needsReview": "公式情報または2情報源での確認が必要、名称なし",
    "sources": "OpenStreetMap（© OpenStreetMap contributors, ODbL 1.0）Geofabrik japan-latest.osm.pbf 2026-09-23T20:22:04Z way/1180930785",
    "verifiedAt": ""
   }
  },
  {
   "type": "Feature",
   "geometry": {
    "type": "Point",
    "coordinates": [
     134.3330256,
     35.5417998
    ]
   },
   "properties": {
    "id": "PK-w1213658288",
    "kind": "parking",
    "name": "（名称なし）駐車場",
    "datum": "WGS84",
    "mountainIds": "439",
    "mountainNames": "二上山",
    "lists": "中国百名山",
    "routes": "",
    "entryType": "",
    "trailKmToSummit": "",
    "related": "TH-n11244226341(57m) TH-n11244226406(284m)",
    "attributes": "",
    "status": "provisional",
    "accuracyM": 40,
    "needsReview": "公式情報または2情報源での確認が必要、名称なし",
    "sources": "OpenStreetMap（© OpenStreetMap contributors, ODbL 1.0）Geofabrik japan-latest.osm.pbf 2026-09-23T20:22:04Z way/1213658288",
    "verifiedAt": ""
   }
  },
  {
   "type": "Feature",
   "geometry": {
    "type": "Point",
    "coordinates": [
     132.6427331,
     35.1286032
    ]
   },
   "properties": {
    "id": "PK-w1275340672",
    "kind": "parking",
    "name": "（名称なし）駐車場",
    "datum": "WGS84",
    "mountainIds": "575",
    "mountainNames": "三瓶山",
    "lists": "日本二百名山|日本三百名山|中国百名山",
    "routes": "",
    "entryType": "",
    "trailKmToSummit": "",
    "related": "TH-n11829365160(148m)",
    "attributes": "",
    "status": "provisional",
    "accuracyM": 40,
    "needsReview": "公式情報または2情報源での確認が必要、名称なし",
    "sources": "OpenStreetMap（© OpenStreetMap contributors, ODbL 1.0）Geofabrik japan-latest.osm.pbf 2026-09-23T20:22:04Z way/1275340672",
    "verifiedAt": ""
   }
  },
  {
   "type": "Feature",
   "geometry": {
    "type": "Point",
    "coordinates": [
     132.6432914,
     35.128221
    ]
   },
   "properties": {
    "id": "PK-w1275340673",
    "kind": "parking",
    "name": "（名称なし）駐車場",
    "datum": "WGS84",
    "mountainIds": "575",
    "mountainNames": "三瓶山",
    "lists": "日本二百名山|日本三百名山|中国百名山",
    "routes": "",
    "entryType": "",
    "trailKmToSummit": "",
    "related": "TH-n11829365160(200m)",
    "attributes": "",
    "status": "provisional",
    "accuracyM": 40,
    "needsReview": "公式情報または2情報源での確認が必要、名称なし",
    "sources": "OpenStreetMap（© OpenStreetMap contributors, ODbL 1.0）Geofabrik japan-latest.osm.pbf 2026-09-23T20:22:04Z way/1275340673",
    "verifiedAt": ""
   }
  },
  {
   "type": "Feature",
   "geometry": {
    "type": "Point",
    "coordinates": [
     133.5292972,
     35.394502
    ]
   },
   "properties": {
    "id": "PK-w1281893372",
    "kind": "parking",
    "name": "（名称なし）駐車場",
    "datum": "WGS84",
    "mountainIds": "469 484 488 490",
    "mountainNames": "船上山、甲ヶ山、矢筈ヶ山、大山",
    "lists": "中国百名山|日本百名山|日本二百名山|日本三百名山",
    "routes": "",
    "entryType": "",
    "trailKmToSummit": "",
    "related": "TH-n5594037175(485m) TH-n728157627(487m)",
    "attributes": "access=yes; operator=大山町",
    "status": "provisional",
    "accuracyM": 40,
    "needsReview": "公式情報または2情報源での確認が必要、名称なし、登山口から離れている（徒歩アプローチを要確認）",
    "sources": "OpenStreetMap（© OpenStreetMap contributors, ODbL 1.0）Geofabrik japan-latest.osm.pbf 2026-09-23T20:22:04Z way/1281893372",
    "verifiedAt": ""
   }
  },
  {
   "type": "Feature",
   "geometry": {
    "type": "Point",
    "coordinates": [
     133.6116744,
     35.3814228
    ]
   },
   "properties": {
    "id": "PK-w1284538671",
    "kind": "parking",
    "name": "（名称なし）駐車場",
    "datum": "WGS84",
    "mountainIds": "469 484 488 490",
    "mountainNames": "船上山、甲ヶ山、矢筈ヶ山、大山",
    "lists": "中国百名山|日本百名山|日本二百名山|日本三百名山",
    "routes": "",
    "entryType": "",
    "trailKmToSummit": "",
    "related": "TH-n1425861797(134m)",
    "attributes": "",
    "status": "provisional",
    "accuracyM": 40,
    "needsReview": "公式情報または2情報源での確認が必要、名称なし",
    "sources": "OpenStreetMap（© OpenStreetMap contributors, ODbL 1.0）Geofabrik japan-latest.osm.pbf 2026-09-23T20:22:04Z way/1284538671",
    "verifiedAt": ""
   }
  },
  {
   "type": "Feature",
   "geometry": {
    "type": "Point",
    "coordinates": [
     133.587616,
     35.3459856
    ]
   },
   "properties": {
    "id": "PK-w1317085397",
    "kind": "parking",
    "name": "（名称なし）駐車場",
    "datum": "WGS84",
    "mountainIds": "497",
    "mountainNames": "烏ヶ山",
    "lists": "中国百名山",
    "routes": "",
    "entryType": "",
    "trailKmToSummit": "",
    "related": "TH-n934763163(204m)",
    "attributes": "",
    "status": "provisional",
    "accuracyM": 40,
    "needsReview": "公式情報または2情報源での確認が必要、名称なし",
    "sources": "OpenStreetMap（© OpenStreetMap contributors, ODbL 1.0）Geofabrik japan-latest.osm.pbf 2026-09-23T20:22:04Z way/1317085397",
    "verifiedAt": ""
   }
  },
  {
   "type": "Feature",
   "geometry": {
    "type": "Point",
    "coordinates": [
     133.5888144,
     35.3458089
    ]
   },
   "properties": {
    "id": "PK-w1317085398",
    "kind": "parking",
    "name": "（名称なし）駐車場",
    "datum": "WGS84",
    "mountainIds": "497",
    "mountainNames": "烏ヶ山",
    "lists": "中国百名山",
    "routes": "",
    "entryType": "",
    "trailKmToSummit": "",
    "related": "TH-n934763163(303m)",
    "attributes": "",
    "status": "provisional",
    "accuracyM": 40,
    "needsReview": "公式情報または2情報源での確認が必要、名称なし、登山口から離れている（徒歩アプローチを要確認）",
    "sources": "OpenStreetMap（© OpenStreetMap contributors, ODbL 1.0）Geofabrik japan-latest.osm.pbf 2026-09-23T20:22:04Z way/1317085398",
    "verifiedAt": ""
   }
  },
  {
   "type": "Feature",
   "geometry": {
    "type": "Point",
    "coordinates": [
     132.6210632,
     35.1534529
    ]
   },
   "properties": {
    "id": "PK-w1363400834",
    "kind": "parking",
    "name": "（名称なし）駐車場",
    "datum": "WGS84",
    "mountainIds": "575",
    "mountainNames": "三瓶山",
    "lists": "日本二百名山|日本三百名山|中国百名山",
    "routes": "",
    "entryType": "",
    "trailKmToSummit": "",
    "related": "TH-n1381321802(229m)",
    "attributes": "",
    "status": "provisional",
    "accuracyM": 40,
    "needsReview": "公式情報または2情報源での確認が必要、名称なし",
    "sources": "OpenStreetMap（© OpenStreetMap contributors, ODbL 1.0）Geofabrik japan-latest.osm.pbf 2026-09-23T20:22:04Z way/1363400834",
    "verifiedAt": ""
   }
  },
  {
   "type": "Feature",
   "geometry": {
    "type": "Point",
    "coordinates": [
     132.6213666,
     35.1530075
    ]
   },
   "properties": {
    "id": "PK-w1363400835",
    "kind": "parking",
    "name": "（名称なし）駐車場",
    "datum": "WGS84",
    "mountainIds": "575",
    "mountainNames": "三瓶山",
    "lists": "日本二百名山|日本三百名山|中国百名山",
    "routes": "",
    "entryType": "",
    "trailKmToSummit": "",
    "related": "TH-n1381321802(192m)",
    "attributes": "",
    "status": "provisional",
    "accuracyM": 40,
    "needsReview": "公式情報または2情報源での確認が必要、名称なし",
    "sources": "OpenStreetMap（© OpenStreetMap contributors, ODbL 1.0）Geofabrik japan-latest.osm.pbf 2026-09-23T20:22:04Z way/1363400835",
    "verifiedAt": ""
   }
  },
  {
   "type": "Feature",
   "geometry": {
    "type": "Point",
    "coordinates": [
     132.62088,
     35.1543988
    ]
   },
   "properties": {
    "id": "PK-w1363400837",
    "kind": "parking",
    "name": "（名称なし）駐車場",
    "datum": "WGS84",
    "mountainIds": "575",
    "mountainNames": "三瓶山",
    "lists": "日本二百名山|日本三百名山|中国百名山",
    "routes": "",
    "entryType": "",
    "trailKmToSummit": "",
    "related": "TH-n1381321802(329m)",
    "attributes": "",
    "status": "provisional",
    "accuracyM": 40,
    "needsReview": "公式情報または2情報源での確認が必要、名称なし、登山口から離れている（徒歩アプローチを要確認）",
    "sources": "OpenStreetMap（© OpenStreetMap contributors, ODbL 1.0）Geofabrik japan-latest.osm.pbf 2026-09-23T20:22:04Z way/1363400837",
    "verifiedAt": ""
   }
  },
  {
   "type": "Feature",
   "geometry": {
    "type": "Point",
    "coordinates": [
     132.6252489,
     35.1513261
    ]
   },
   "properties": {
    "id": "PK-w1363405588",
    "kind": "parking",
    "name": "（名称なし）駐車場",
    "datum": "WGS84",
    "mountainIds": "575",
    "mountainNames": "三瓶山",
    "lists": "日本二百名山|日本三百名山|中国百名山",
    "routes": "",
    "entryType": "",
    "trailKmToSummit": "",
    "related": "TH-n1381321737(120m)",
    "attributes": "",
    "status": "provisional",
    "accuracyM": 40,
    "needsReview": "公式情報または2情報源での確認が必要、名称なし",
    "sources": "OpenStreetMap（© OpenStreetMap contributors, ODbL 1.0）Geofabrik japan-latest.osm.pbf 2026-09-23T20:22:04Z way/1363405588",
    "verifiedAt": ""
   }
  },
  {
   "type": "Feature",
   "geometry": {
    "type": "Point",
    "coordinates": [
     132.6294479,
     35.1515489
    ]
   },
   "properties": {
    "id": "PK-w1363405595",
    "kind": "parking",
    "name": "（名称なし）駐車場",
    "datum": "WGS84",
    "mountainIds": "575",
    "mountainNames": "三瓶山",
    "lists": "日本二百名山|日本三百名山|中国百名山",
    "routes": "",
    "entryType": "",
    "trailKmToSummit": "",
    "related": "TH-n1381321737(283m) TH-n1381321343(426m)",
    "attributes": "",
    "status": "provisional",
    "accuracyM": 40,
    "needsReview": "公式情報または2情報源での確認が必要、名称なし、登山口から離れている（徒歩アプローチを要確認）",
    "sources": "OpenStreetMap（© OpenStreetMap contributors, ODbL 1.0）Geofabrik japan-latest.osm.pbf 2026-09-23T20:22:04Z way/1363405595",
    "verifiedAt": ""
   }
  },
  {
   "type": "Feature",
   "geometry": {
    "type": "Point",
    "coordinates": [
     133.6386409,
     35.3103423
    ]
   },
   "properties": {
    "id": "PK-w1441615117",
    "kind": "parking",
    "name": "上蒜山登山口駐車場",
    "datum": "WGS84",
    "mountainIds": "507",
    "mountainNames": "上蒜山",
    "lists": "日本二百名山|日本三百名山|中国百名山",
    "routes": "",
    "entryType": "",
    "trailKmToSummit": "",
    "related": "TH-w1441615117(0m) TH-n1315920025(367m)",
    "attributes": "",
    "status": "provisional",
    "accuracyM": 40,
    "needsReview": "公式情報または2情報源での確認が必要、登山口から離れている（徒歩アプローチを要確認）",
    "sources": "OpenStreetMap（© OpenStreetMap contributors, ODbL 1.0）Geofabrik japan-latest.osm.pbf 2026-09-23T20:22:04Z way/1441615117",
    "verifiedAt": ""
   }
  },
  {
   "type": "Feature",
   "geometry": {
    "type": "Point",
    "coordinates": [
     132.4760973,
     34.2456989
    ]
   },
   "properties": {
    "id": "PK-w1443411382",
    "kind": "parking",
    "name": "（名称なし）駐車場",
    "datum": "WGS84",
    "mountainIds": "699",
    "mountainNames": "古鷹山",
    "lists": "中国百名山",
    "routes": "",
    "entryType": "",
    "trailKmToSummit": "",
    "related": "TH-n3966038281(137m)",
    "attributes": "",
    "status": "provisional",
    "accuracyM": 40,
    "needsReview": "公式情報または2情報源での確認が必要、名称なし",
    "sources": "OpenStreetMap（© OpenStreetMap contributors, ODbL 1.0）Geofabrik japan-latest.osm.pbf 2026-09-23T20:22:04Z way/1443411382",
    "verifiedAt": ""
   }
  },
  {
   "type": "Feature",
   "geometry": {
    "type": "Point",
    "coordinates": [
     134.1237761,
     34.7561937
    ]
   },
   "properties": {
    "id": "PK-w1480024941",
    "kind": "parking",
    "name": "（名称なし）駐車場",
    "datum": "WGS84",
    "mountainIds": "630",
    "mountainNames": "熊山",
    "lists": "中国百名山",
    "routes": "",
    "entryType": "",
    "trailKmToSummit": "",
    "related": "TH-n4787504891(16m) TH-n2071698361(413m)",
    "attributes": "",
    "status": "provisional",
    "accuracyM": 40,
    "needsReview": "公式情報または2情報源での確認が必要、名称なし、登山口から離れている（徒歩アプローチを要確認）",
    "sources": "OpenStreetMap（© OpenStreetMap contributors, ODbL 1.0）Geofabrik japan-latest.osm.pbf 2026-09-23T20:22:04Z way/1480024941",
    "verifiedAt": ""
   }
  },
  {
   "type": "Feature",
   "geometry": {
    "type": "Point",
    "coordinates": [
     132.9793809,
     35.5182409
    ]
   },
   "properties": {
    "id": "PK-w1504291004",
    "kind": "parking",
    "name": "（名称なし）駐車場",
    "datum": "WGS84",
    "mountainIds": "446",
    "mountainNames": "朝日山",
    "lists": "中国百名山",
    "routes": "",
    "entryType": "",
    "trailKmToSummit": "",
    "related": "TH-n1408170632(11m)",
    "attributes": "",
    "status": "provisional",
    "accuracyM": 40,
    "needsReview": "公式情報または2情報源での確認が必要、名称なし",
    "sources": "OpenStreetMap（© OpenStreetMap contributors, ODbL 1.0）Geofabrik japan-latest.osm.pbf 2026-09-23T20:22:04Z way/1504291004",
    "verifiedAt": ""
   }
  },
  {
   "type": "Feature",
   "geometry": {
    "type": "Point",
    "coordinates": [
     132.4071556,
     34.6669053
    ]
   },
   "properties": {
    "id": "PK-w1547483320",
    "kind": "parking",
    "name": "（名称なし）駐車場",
    "datum": "WGS84",
    "mountainIds": "638",
    "mountainNames": "龍頭山",
    "lists": "中国百名山",
    "routes": "",
    "entryType": "",
    "trailKmToSummit": "",
    "related": "TH-kP11-22-34-bs1773(474m)",
    "attributes": "access=customers",
    "status": "provisional",
    "accuracyM": 40,
    "needsReview": "公式情報または2情報源での確認が必要、名称なし、登山口から離れている（徒歩アプローチを要確認）",
    "sources": "OpenStreetMap（© OpenStreetMap contributors, ODbL 1.0）Geofabrik japan-latest.osm.pbf 2026-09-23T20:22:04Z way/1547483320",
    "verifiedAt": ""
   }
  },
  {
   "type": "Feature",
   "geometry": {
    "type": "Point",
    "coordinates": [
     131.3170535,
     34.2560914
    ]
   },
   "properties": {
    "id": "PK-w167425213",
    "kind": "parking",
    "name": "（名称なし）駐車場",
    "datum": "WGS84",
    "mountainIds": "709",
    "mountainNames": "龍護峰",
    "lists": "中国百名山",
    "routes": "",
    "entryType": "",
    "trailKmToSummit": "",
    "related": "TH-n1349981174(240m)",
    "attributes": "fee=no",
    "status": "provisional",
    "accuracyM": 40,
    "needsReview": "公式情報または2情報源での確認が必要、名称なし",
    "sources": "OpenStreetMap（© OpenStreetMap contributors, ODbL 1.0）Geofabrik japan-latest.osm.pbf 2026-09-23T20:22:04Z way/167425213",
    "verifiedAt": ""
   }
  },
  {
   "type": "Feature",
   "geometry": {
    "type": "Point",
    "coordinates": [
     132.6190235,
     35.1178013
    ]
   },
   "properties": {
    "id": "PK-w230627002",
    "kind": "parking",
    "name": "（名称なし）駐車場",
    "datum": "WGS84",
    "mountainIds": "575",
    "mountainNames": "三瓶山",
    "lists": "日本二百名山|日本三百名山|中国百名山",
    "routes": "",
    "entryType": "",
    "trailKmToSummit": "",
    "related": "TH-n1381317285(447m)",
    "attributes": "access=customers",
    "status": "provisional",
    "accuracyM": 40,
    "needsReview": "公式情報または2情報源での確認が必要、名称なし、登山口から離れている（徒歩アプローチを要確認）",
    "sources": "OpenStreetMap（© OpenStreetMap contributors, ODbL 1.0）Geofabrik japan-latest.osm.pbf 2026-09-23T20:22:04Z way/230627002",
    "verifiedAt": ""
   }
  },
  {
   "type": "Feature",
   "geometry": {
    "type": "Point",
    "coordinates": [
     132.6009358,
     35.1297921
    ]
   },
   "properties": {
    "id": "PK-w230838675",
    "kind": "parking",
    "name": "（名称なし）駐車場",
    "datum": "WGS84",
    "mountainIds": "575",
    "mountainNames": "三瓶山",
    "lists": "日本二百名山|日本三百名山|中国百名山",
    "routes": "",
    "entryType": "",
    "trailKmToSummit": "",
    "related": "TH-n1381319052(160m) TH-n1381318168(491m)",
    "attributes": "",
    "status": "provisional",
    "accuracyM": 40,
    "needsReview": "公式情報または2情報源での確認が必要、名称なし、登山口から離れている（徒歩アプローチを要確認）",
    "sources": "OpenStreetMap（© OpenStreetMap contributors, ODbL 1.0）Geofabrik japan-latest.osm.pbf 2026-09-23T20:22:04Z way/230838675",
    "verifiedAt": ""
   }
  },
  {
   "type": "Feature",
   "geometry": {
    "type": "Point",
    "coordinates": [
     132.601527,
     35.1299465
    ]
   },
   "properties": {
    "id": "PK-w230838676",
    "kind": "parking",
    "name": "（名称なし）駐車場",
    "datum": "WGS84",
    "mountainIds": "575",
    "mountainNames": "三瓶山",
    "lists": "日本二百名山|日本三百名山|中国百名山",
    "routes": "",
    "entryType": "",
    "trailKmToSummit": "",
    "related": "TH-n1381319052(132m) TH-n1381318168(464m)",
    "attributes": "",
    "status": "provisional",
    "accuracyM": 40,
    "needsReview": "公式情報または2情報源での確認が必要、名称なし、登山口から離れている（徒歩アプローチを要確認）",
    "sources": "OpenStreetMap（© OpenStreetMap contributors, ODbL 1.0）Geofabrik japan-latest.osm.pbf 2026-09-23T20:22:04Z way/230838676",
    "verifiedAt": ""
   }
  },
  {
   "type": "Feature",
   "geometry": {
    "type": "Point",
    "coordinates": [
     133.5310664,
     35.3909326
    ]
   },
   "properties": {
    "id": "PK-w251445871",
    "kind": "parking",
    "name": "（名称なし）駐車場",
    "datum": "WGS84",
    "mountainIds": "469 484 488 490",
    "mountainNames": "船上山、甲ヶ山、矢筈ヶ山、大山",
    "lists": "中国百名山|日本百名山|日本二百名山|日本三百名山",
    "routes": "",
    "entryType": "",
    "trailKmToSummit": "",
    "related": "TH-n728157627(130m) TH-n728158240(237m)",
    "attributes": "access=yes",
    "status": "provisional",
    "accuracyM": 40,
    "needsReview": "公式情報または2情報源での確認が必要、名称なし",
    "sources": "OpenStreetMap（© OpenStreetMap contributors, ODbL 1.0）Geofabrik japan-latest.osm.pbf 2026-09-23T20:22:04Z way/251445871",
    "verifiedAt": ""
   }
  },
  {
   "type": "Feature",
   "geometry": {
    "type": "Point",
    "coordinates": [
     132.2163919,
     34.6455931
    ]
   },
   "properties": {
    "id": "PK-w345046985",
    "kind": "parking",
    "name": "（名称なし）駐車場",
    "datum": "WGS84",
    "mountainIds": "639",
    "mountainNames": "深入山",
    "lists": "中国百名山",
    "routes": "",
    "entryType": "",
    "trailKmToSummit": "",
    "related": "TH-n1134791026(34m)",
    "attributes": "",
    "status": "provisional",
    "accuracyM": 40,
    "needsReview": "公式情報または2情報源での確認が必要、名称なし",
    "sources": "OpenStreetMap（© OpenStreetMap contributors, ODbL 1.0）Geofabrik japan-latest.osm.pbf 2026-09-23T20:22:04Z way/345046985",
    "verifiedAt": ""
   }
  },
  {
   "type": "Feature",
   "geometry": {
    "type": "Point",
    "coordinates": [
     133.7591218,
     34.7262547
    ]
   },
   "properties": {
    "id": "PK-w360989273",
    "kind": "parking",
    "name": "（名称なし）駐車場",
    "datum": "WGS84",
    "mountainIds": "634",
    "mountainNames": "鬼ノ城山",
    "lists": "中国百名山",
    "routes": "",
    "entryType": "",
    "trailKmToSummit": "",
    "related": "TH-n6721956938(47m)",
    "attributes": "",
    "status": "provisional",
    "accuracyM": 40,
    "needsReview": "公式情報または2情報源での確認が必要、名称なし",
    "sources": "OpenStreetMap（© OpenStreetMap contributors, ODbL 1.0）Geofabrik japan-latest.osm.pbf 2026-09-23T20:22:04Z way/360989273",
    "verifiedAt": ""
   }
  },
  {
   "type": "Feature",
   "geometry": {
    "type": "Point",
    "coordinates": [
     134.2259907,
     35.2771329
    ]
   },
   "properties": {
    "id": "PK-w387607701",
    "kind": "parking",
    "name": "（名称なし）駐車場",
    "datum": "WGS84",
    "mountainIds": "502",
    "mountainNames": "三角山",
    "lists": "中国百名山",
    "routes": "",
    "entryType": "",
    "trailKmToSummit": "",
    "related": "TH-n4408968860(162m)",
    "attributes": "access=private",
    "status": "provisional",
    "accuracyM": 40,
    "needsReview": "公式情報または2情報源での確認が必要、名称なし",
    "sources": "OpenStreetMap（© OpenStreetMap contributors, ODbL 1.0）Geofabrik japan-latest.osm.pbf 2026-09-23T20:22:04Z way/387607701",
    "verifiedAt": ""
   }
  },
  {
   "type": "Feature",
   "geometry": {
    "type": "Point",
    "coordinates": [
     134.2262123,
     35.2780489
    ]
   },
   "properties": {
    "id": "PK-w387694388",
    "kind": "parking",
    "name": "ゴダイドラッグ駐車場",
    "datum": "WGS84",
    "mountainIds": "502",
    "mountainNames": "三角山",
    "lists": "中国百名山",
    "routes": "",
    "entryType": "",
    "trailKmToSummit": "",
    "related": "TH-n4408968860(264m)",
    "attributes": "access=private",
    "status": "provisional",
    "accuracyM": 40,
    "needsReview": "公式情報または2情報源での確認が必要",
    "sources": "OpenStreetMap（© OpenStreetMap contributors, ODbL 1.0）Geofabrik japan-latest.osm.pbf 2026-09-23T20:22:04Z way/387694388",
    "verifiedAt": ""
   }
  },
  {
   "type": "Feature",
   "geometry": {
    "type": "Point",
    "coordinates": [
     130.9426974,
     34.0453121
    ]
   },
   "properties": {
    "id": "PK-w389323911",
    "kind": "parking",
    "name": "（名称なし）駐車場",
    "datum": "WGS84",
    "mountainIds": "728",
    "mountainNames": "竜王山",
    "lists": "中国百名山",
    "routes": "",
    "entryType": "",
    "trailKmToSummit": "",
    "related": "TH-n3924757199(51m)",
    "attributes": "fee=no",
    "status": "provisional",
    "accuracyM": 40,
    "needsReview": "公式情報または2情報源での確認が必要、名称なし",
    "sources": "OpenStreetMap（© OpenStreetMap contributors, ODbL 1.0）Geofabrik japan-latest.osm.pbf 2026-09-23T20:22:04Z way/389323911",
    "verifiedAt": ""
   }
  },
  {
   "type": "Feature",
   "geometry": {
    "type": "Point",
    "coordinates": [
     130.9433322,
     34.050993
    ]
   },
   "properties": {
    "id": "PK-w389323924",
    "kind": "parking",
    "name": "（名称なし）駐車場",
    "datum": "WGS84",
    "mountainIds": "728",
    "mountainNames": "竜王山",
    "lists": "中国百名山",
    "routes": "",
    "entryType": "",
    "trailKmToSummit": "",
    "related": "TH-n1353413479(70m)",
    "attributes": "fee=no",
    "status": "provisional",
    "accuracyM": 40,
    "needsReview": "公式情報または2情報源での確認が必要、名称なし",
    "sources": "OpenStreetMap（© OpenStreetMap contributors, ODbL 1.0）Geofabrik japan-latest.osm.pbf 2026-09-23T20:22:04Z way/389323924",
    "verifiedAt": ""
   }
  },
  {
   "type": "Feature",
   "geometry": {
    "type": "Point",
    "coordinates": [
     130.9439861,
     34.0536927
    ]
   },
   "properties": {
    "id": "PK-w389323931",
    "kind": "parking",
    "name": "（名称なし）駐車場",
    "datum": "WGS84",
    "mountainIds": "728",
    "mountainNames": "竜王山",
    "lists": "中国百名山",
    "routes": "",
    "entryType": "",
    "trailKmToSummit": "",
    "related": "TH-n1353413479(371m)",
    "attributes": "fee=no",
    "status": "provisional",
    "accuracyM": 40,
    "needsReview": "公式情報または2情報源での確認が必要、名称なし、登山口から離れている（徒歩アプローチを要確認）",
    "sources": "OpenStreetMap（© OpenStreetMap contributors, ODbL 1.0）Geofabrik japan-latest.osm.pbf 2026-09-23T20:22:04Z way/389323931",
    "verifiedAt": ""
   }
  },
  {
   "type": "Feature",
   "geometry": {
    "type": "Point",
    "coordinates": [
     134.2364286,
     35.5085815
    ]
   },
   "properties": {
    "id": "PK-w398298247",
    "kind": "parking",
    "name": "（名称なし）駐車場",
    "datum": "WGS84",
    "mountainIds": "445",
    "mountainNames": "久松山",
    "lists": "中国百名山",
    "routes": "",
    "entryType": "",
    "trailKmToSummit": "",
    "related": "TH-n4010659933(104m)",
    "attributes": "",
    "status": "provisional",
    "accuracyM": 40,
    "needsReview": "公式情報または2情報源での確認が必要、名称なし",
    "sources": "OpenStreetMap（© OpenStreetMap contributors, ODbL 1.0）Geofabrik japan-latest.osm.pbf 2026-09-23T20:22:04Z way/398298247",
    "verifiedAt": ""
   }
  },
  {
   "type": "Feature",
   "geometry": {
    "type": "Point",
    "coordinates": [
     134.2361813,
     35.5070024
    ]
   },
   "properties": {
    "id": "PK-w398300177",
    "kind": "parking",
    "name": "（名称なし）駐車場",
    "datum": "WGS84",
    "mountainIds": "445",
    "mountainNames": "久松山",
    "lists": "中国百名山",
    "routes": "",
    "entryType": "",
    "trailKmToSummit": "",
    "related": "TH-n4010659933(189m)",
    "attributes": "",
    "status": "provisional",
    "accuracyM": 40,
    "needsReview": "公式情報または2情報源での確認が必要、名称なし",
    "sources": "OpenStreetMap（© OpenStreetMap contributors, ODbL 1.0）Geofabrik japan-latest.osm.pbf 2026-09-23T20:22:04Z way/398300177",
    "verifiedAt": ""
   }
  },
  {
   "type": "Feature",
   "geometry": {
    "type": "Point",
    "coordinates": [
     134.2346256,
     35.5117791
    ]
   },
   "properties": {
    "id": "PK-w398325678",
    "kind": "parking",
    "name": "（名称なし）駐車場",
    "datum": "WGS84",
    "mountainIds": "445",
    "mountainNames": "久松山",
    "lists": "中国百名山",
    "routes": "",
    "entryType": "",
    "trailKmToSummit": "",
    "related": "TH-n4057395191(423m)",
    "attributes": "",
    "status": "provisional",
    "accuracyM": 40,
    "needsReview": "公式情報または2情報源での確認が必要、名称なし、登山口から離れている（徒歩アプローチを要確認）",
    "sources": "OpenStreetMap（© OpenStreetMap contributors, ODbL 1.0）Geofabrik japan-latest.osm.pbf 2026-09-23T20:22:04Z way/398325678",
    "verifiedAt": ""
   }
  },
  {
   "type": "Feature",
   "geometry": {
    "type": "Point",
    "coordinates": [
     133.8341289,
     35.4314373
    ]
   },
   "properties": {
    "id": "PK-w399433718",
    "kind": "parking",
    "name": "第2駐車場",
    "datum": "WGS84",
    "mountainIds": "471",
    "mountainNames": "打吹山",
    "lists": "中国百名山",
    "routes": "",
    "entryType": "",
    "trailKmToSummit": "",
    "related": "TH-w399433718(0m)",
    "attributes": "",
    "status": "provisional",
    "accuracyM": 40,
    "needsReview": "公式情報または2情報源での確認が必要",
    "sources": "OpenStreetMap（© OpenStreetMap contributors, ODbL 1.0）Geofabrik japan-latest.osm.pbf 2026-09-23T20:22:04Z way/399433718",
    "verifiedAt": ""
   }
  },
  {
   "type": "Feature",
   "geometry": {
    "type": "Point",
    "coordinates": [
     134.2375173,
     35.5175305
    ]
   },
   "properties": {
    "id": "PK-w428592736",
    "kind": "parking",
    "name": "（名称なし）駐車場",
    "datum": "WGS84",
    "mountainIds": "445",
    "mountainNames": "久松山",
    "lists": "中国百名山",
    "routes": "",
    "entryType": "",
    "trailKmToSummit": "",
    "related": "TH-n4057395191(334m)",
    "attributes": "",
    "status": "provisional",
    "accuracyM": 40,
    "needsReview": "公式情報または2情報源での確認が必要、名称なし、登山口から離れている（徒歩アプローチを要確認）",
    "sources": "OpenStreetMap（© OpenStreetMap contributors, ODbL 1.0）Geofabrik japan-latest.osm.pbf 2026-09-23T20:22:04Z way/428592736",
    "verifiedAt": ""
   }
  },
  {
   "type": "Feature",
   "geometry": {
    "type": "Point",
    "coordinates": [
     132.0148259,
     34.3864154
    ]
   },
   "properties": {
    "id": "PK-w443379040",
    "kind": "parking",
    "name": "（名称なし）駐車場",
    "datum": "WGS84",
    "mountainIds": "677",
    "mountainNames": "小五郎山",
    "lists": "中国百名山",
    "routes": "",
    "entryType": "",
    "trailKmToSummit": "",
    "related": "TH-n1329175507(424m)",
    "attributes": "",
    "status": "provisional",
    "accuracyM": 40,
    "needsReview": "公式情報または2情報源での確認が必要、名称なし、登山口から離れている（徒歩アプローチを要確認）",
    "sources": "OpenStreetMap（© OpenStreetMap contributors, ODbL 1.0）Geofabrik japan-latest.osm.pbf 2026-09-23T20:22:04Z way/443379040",
    "verifiedAt": ""
   }
  },
  {
   "type": "Feature",
   "geometry": {
    "type": "Point",
    "coordinates": [
     133.8355012,
     35.4338599
    ]
   },
   "properties": {
    "id": "PK-w449007642",
    "kind": "parking",
    "name": "昭和町無料駐車場",
    "datum": "WGS84",
    "mountainIds": "471",
    "mountainNames": "打吹山",
    "lists": "中国百名山",
    "routes": "",
    "entryType": "",
    "trailKmToSummit": "",
    "related": "TH-w449007642(0m)",
    "attributes": "",
    "status": "provisional",
    "accuracyM": 40,
    "needsReview": "公式情報または2情報源での確認が必要",
    "sources": "OpenStreetMap（© OpenStreetMap contributors, ODbL 1.0）Geofabrik japan-latest.osm.pbf 2026-09-23T20:22:04Z way/449007642",
    "verifiedAt": ""
   }
  },
  {
   "type": "Feature",
   "geometry": {
    "type": "Point",
    "coordinates": [
     133.822832,
     35.4348572
    ]
   },
   "properties": {
    "id": "PK-w449022077",
    "kind": "parking",
    "name": "（名称なし）駐車場",
    "datum": "WGS84",
    "mountainIds": "471",
    "mountainNames": "打吹山",
    "lists": "中国百名山",
    "routes": "",
    "entryType": "",
    "trailKmToSummit": "",
    "related": "TH-w449086406(50m)",
    "attributes": "",
    "status": "provisional",
    "accuracyM": 40,
    "needsReview": "公式情報または2情報源での確認が必要、名称なし",
    "sources": "OpenStreetMap（© OpenStreetMap contributors, ODbL 1.0）Geofabrik japan-latest.osm.pbf 2026-09-23T20:22:04Z way/449022077",
    "verifiedAt": ""
   }
  },
  {
   "type": "Feature",
   "geometry": {
    "type": "Point",
    "coordinates": [
     133.829229,
     35.4333892
    ]
   },
   "properties": {
    "id": "PK-w449062557",
    "kind": "parking",
    "name": "宮川町観光駐車場",
    "datum": "WGS84",
    "mountainIds": "471",
    "mountainNames": "打吹山",
    "lists": "中国百名山",
    "routes": "",
    "entryType": "",
    "trailKmToSummit": "",
    "related": "TH-w449062557(0m)",
    "attributes": "operator=倉吉市",
    "status": "provisional",
    "accuracyM": 40,
    "needsReview": "公式情報または2情報源での確認が必要",
    "sources": "OpenStreetMap（© OpenStreetMap contributors, ODbL 1.0）Geofabrik japan-latest.osm.pbf 2026-09-23T20:22:04Z way/449062557",
    "verifiedAt": ""
   }
  },
  {
   "type": "Feature",
   "geometry": {
    "type": "Point",
    "coordinates": [
     133.8224505,
     35.4345365
    ]
   },
   "properties": {
    "id": "PK-w449086406",
    "kind": "parking",
    "name": "緑の彫刻プロムナード公園駐車場",
    "datum": "WGS84",
    "mountainIds": "471",
    "mountainNames": "打吹山",
    "lists": "中国百名山",
    "routes": "",
    "entryType": "",
    "trailKmToSummit": "",
    "related": "TH-n13666019967(289m) TH-w449086406(0m)",
    "attributes": "capacity=45; operator=倉吉市",
    "status": "provisional",
    "accuracyM": 40,
    "needsReview": "公式情報または2情報源での確認が必要",
    "sources": "OpenStreetMap（© OpenStreetMap contributors, ODbL 1.0）Geofabrik japan-latest.osm.pbf 2026-09-23T20:22:04Z way/449086406",
    "verifiedAt": ""
   }
  },
  {
   "type": "Feature",
   "geometry": {
    "type": "Point",
    "coordinates": [
     133.8317238,
     35.4337433
    ]
   },
   "properties": {
    "id": "PK-w449105734",
    "kind": "parking",
    "name": "（名称なし）駐車場",
    "datum": "WGS84",
    "mountainIds": "471",
    "mountainNames": "打吹山",
    "lists": "中国百名山",
    "routes": "",
    "entryType": "",
    "trailKmToSummit": "",
    "related": "TH-w449062557(230m)",
    "attributes": "access=customers",
    "status": "provisional",
    "accuracyM": 40,
    "needsReview": "公式情報または2情報源での確認が必要、名称なし",
    "sources": "OpenStreetMap（© OpenStreetMap contributors, ODbL 1.0）Geofabrik japan-latest.osm.pbf 2026-09-23T20:22:04Z way/449105734",
    "verifiedAt": ""
   }
  },
  {
   "type": "Feature",
   "geometry": {
    "type": "Point",
    "coordinates": [
     133.8327282,
     35.4339876
    ]
   },
   "properties": {
    "id": "PK-w449105736",
    "kind": "parking",
    "name": "（名称なし）駐車場",
    "datum": "WGS84",
    "mountainIds": "471",
    "mountainNames": "打吹山",
    "lists": "中国百名山",
    "routes": "",
    "entryType": "",
    "trailKmToSummit": "",
    "related": "TH-w449062557(324m)",
    "attributes": "",
    "status": "provisional",
    "accuracyM": 40,
    "needsReview": "公式情報または2情報源での確認が必要、名称なし、登山口から離れている（徒歩アプローチを要確認）",
    "sources": "OpenStreetMap（© OpenStreetMap contributors, ODbL 1.0）Geofabrik japan-latest.osm.pbf 2026-09-23T20:22:04Z way/449105736",
    "verifiedAt": ""
   }
  },
  {
   "type": "Feature",
   "geometry": {
    "type": "Point",
    "coordinates": [
     133.8342753,
     35.4325773
    ]
   },
   "properties": {
    "id": "PK-w449307265",
    "kind": "parking",
    "name": "第3駐車場",
    "datum": "WGS84",
    "mountainIds": "471",
    "mountainNames": "打吹山",
    "lists": "中国百名山",
    "routes": "",
    "entryType": "",
    "trailKmToSummit": "",
    "related": "TH-w399433718(127m)",
    "attributes": "",
    "status": "provisional",
    "accuracyM": 40,
    "needsReview": "公式情報または2情報源での確認が必要",
    "sources": "OpenStreetMap（© OpenStreetMap contributors, ODbL 1.0）Geofabrik japan-latest.osm.pbf 2026-09-23T20:22:04Z way/449307265",
    "verifiedAt": ""
   }
  },
  {
   "type": "Feature",
   "geometry": {
    "type": "Point",
    "coordinates": [
     133.8365748,
     35.4310354
    ]
   },
   "properties": {
    "id": "PK-w449307266",
    "kind": "parking",
    "name": "第1駐車場",
    "datum": "WGS84",
    "mountainIds": "471",
    "mountainNames": "打吹山",
    "lists": "中国百名山",
    "routes": "",
    "entryType": "",
    "trailKmToSummit": "",
    "related": "TH-w399433718(226m)",
    "attributes": "",
    "status": "provisional",
    "accuracyM": 40,
    "needsReview": "公式情報または2情報源での確認が必要",
    "sources": "OpenStreetMap（© OpenStreetMap contributors, ODbL 1.0）Geofabrik japan-latest.osm.pbf 2026-09-23T20:22:04Z way/449307266",
    "verifiedAt": ""
   }
  },
  {
   "type": "Feature",
   "geometry": {
    "type": "Point",
    "coordinates": [
     133.8367234,
     35.432736
    ]
   },
   "properties": {
    "id": "PK-w449307267",
    "kind": "parking",
    "name": "第4駐車場",
    "datum": "WGS84",
    "mountainIds": "471",
    "mountainNames": "打吹山",
    "lists": "中国百名山",
    "routes": "",
    "entryType": "",
    "trailKmToSummit": "",
    "related": "TH-w449007642(167m)",
    "attributes": "",
    "status": "provisional",
    "accuracyM": 40,
    "needsReview": "公式情報または2情報源での確認が必要",
    "sources": "OpenStreetMap（© OpenStreetMap contributors, ODbL 1.0）Geofabrik japan-latest.osm.pbf 2026-09-23T20:22:04Z way/449307267",
    "verifiedAt": ""
   }
  },
  {
   "type": "Feature",
   "geometry": {
    "type": "Point",
    "coordinates": [
     133.8365264,
     35.4352287
    ]
   },
   "properties": {
    "id": "PK-w449705382",
    "kind": "parking",
    "name": "（名称なし）駐車場",
    "datum": "WGS84",
    "mountainIds": "471",
    "mountainNames": "打吹山",
    "lists": "中国百名山",
    "routes": "",
    "entryType": "",
    "trailKmToSummit": "",
    "related": "TH-w449007642(178m)",
    "attributes": "access=private",
    "status": "provisional",
    "accuracyM": 40,
    "needsReview": "公式情報または2情報源での確認が必要、名称なし",
    "sources": "OpenStreetMap（© OpenStreetMap contributors, ODbL 1.0）Geofabrik japan-latest.osm.pbf 2026-09-23T20:22:04Z way/449705382",
    "verifiedAt": ""
   }
  },
  {
   "type": "Feature",
   "geometry": {
    "type": "Point",
    "coordinates": [
     133.5306313,
     35.3953467
    ]
   },
   "properties": {
    "id": "PK-w450027436",
    "kind": "parking",
    "name": "（名称なし）駐車場",
    "datum": "WGS84",
    "mountainIds": "469 484 488",
    "mountainNames": "船上山、甲ヶ山、矢筈ヶ山",
    "lists": "中国百名山",
    "routes": "",
    "entryType": "",
    "trailKmToSummit": "",
    "related": "TH-n5594037175(339m)",
    "attributes": "fee=yes; access=yes",
    "status": "provisional",
    "accuracyM": 40,
    "needsReview": "公式情報または2情報源での確認が必要、名称なし、登山口から離れている（徒歩アプローチを要確認）",
    "sources": "OpenStreetMap（© OpenStreetMap contributors, ODbL 1.0）Geofabrik japan-latest.osm.pbf 2026-09-23T20:22:04Z way/450027436",
    "verifiedAt": ""
   }
  },
  {
   "type": "Feature",
   "geometry": {
    "type": "Point",
    "coordinates": [
     133.8489399,
     35.4447798
    ]
   },
   "properties": {
    "id": "PK-w450612820",
    "kind": "parking",
    "name": "（名称なし）駐車場",
    "datum": "WGS84",
    "mountainIds": "471",
    "mountainNames": "打吹山",
    "lists": "中国百名山",
    "routes": "",
    "entryType": "",
    "trailKmToSummit": "",
    "related": "TH-kP11-22-31-bs1230(31m)",
    "attributes": "",
    "status": "provisional",
    "accuracyM": 40,
    "needsReview": "公式情報または2情報源での確認が必要、名称なし",
    "sources": "OpenStreetMap（© OpenStreetMap contributors, ODbL 1.0）Geofabrik japan-latest.osm.pbf 2026-09-23T20:22:04Z way/450612820",
    "verifiedAt": ""
   }
  },
  {
   "type": "Feature",
   "geometry": {
    "type": "Point",
    "coordinates": [
     133.847371,
     35.4467175
    ]
   },
   "properties": {
    "id": "PK-w451069713",
    "kind": "parking",
    "name": "（名称なし）駐車場",
    "datum": "WGS84",
    "mountainIds": "471",
    "mountainNames": "打吹山",
    "lists": "中国百名山",
    "routes": "",
    "entryType": "",
    "trailKmToSummit": "",
    "related": "TH-kP11-22-31-bs1230(275m)",
    "attributes": "access=private",
    "status": "provisional",
    "accuracyM": 40,
    "needsReview": "公式情報または2情報源での確認が必要、名称なし",
    "sources": "OpenStreetMap（© OpenStreetMap contributors, ODbL 1.0）Geofabrik japan-latest.osm.pbf 2026-09-23T20:22:04Z way/451069713",
    "verifiedAt": ""
   }
  },
  {
   "type": "Feature",
   "geometry": {
    "type": "Point",
    "coordinates": [
     133.8488985,
     35.4490317
    ]
   },
   "properties": {
    "id": "PK-w451073249",
    "kind": "parking",
    "name": "（名称なし）駐車場",
    "datum": "WGS84",
    "mountainIds": "471",
    "mountainNames": "打吹山",
    "lists": "中国百名山",
    "routes": "",
    "entryType": "",
    "trailKmToSummit": "",
    "related": "TH-n4477921591(81m)",
    "attributes": "",
    "status": "provisional",
    "accuracyM": 40,
    "needsReview": "公式情報または2情報源での確認が必要、名称なし",
    "sources": "OpenStreetMap（© OpenStreetMap contributors, ODbL 1.0）Geofabrik japan-latest.osm.pbf 2026-09-23T20:22:04Z way/451073249",
    "verifiedAt": ""
   }
  },
  {
   "type": "Feature",
   "geometry": {
    "type": "Point",
    "coordinates": [
     133.8491129,
     35.4488442
    ]
   },
   "properties": {
    "id": "PK-w451073830",
    "kind": "parking",
    "name": "（名称なし）駐車場",
    "datum": "WGS84",
    "mountainIds": "471",
    "mountainNames": "打吹山",
    "lists": "中国百名山",
    "routes": "",
    "entryType": "",
    "trailKmToSummit": "",
    "related": "TH-n4477921591(63m)",
    "attributes": "",
    "status": "provisional",
    "accuracyM": 40,
    "needsReview": "公式情報または2情報源での確認が必要、名称なし",
    "sources": "OpenStreetMap（© OpenStreetMap contributors, ODbL 1.0）Geofabrik japan-latest.osm.pbf 2026-09-23T20:22:04Z way/451073830",
    "verifiedAt": ""
   }
  },
  {
   "type": "Feature",
   "geometry": {
    "type": "Point",
    "coordinates": [
     133.8496017,
     35.4483806
    ]
   },
   "properties": {
    "id": "PK-w451076487",
    "kind": "parking",
    "name": "（名称なし）駐車場",
    "datum": "WGS84",
    "mountainIds": "471",
    "mountainNames": "打吹山",
    "lists": "中国百名山",
    "routes": "",
    "entryType": "",
    "trailKmToSummit": "",
    "related": "TH-n4477921591(64m)",
    "attributes": "",
    "status": "provisional",
    "accuracyM": 40,
    "needsReview": "公式情報または2情報源での確認が必要、名称なし",
    "sources": "OpenStreetMap（© OpenStreetMap contributors, ODbL 1.0）Geofabrik japan-latest.osm.pbf 2026-09-23T20:22:04Z way/451076487",
    "verifiedAt": ""
   }
  },
  {
   "type": "Feature",
   "geometry": {
    "type": "Point",
    "coordinates": [
     133.8490257,
     35.4459575
    ]
   },
   "properties": {
    "id": "PK-w451337451",
    "kind": "parking",
    "name": "（名称なし）駐車場",
    "datum": "WGS84",
    "mountainIds": "471",
    "mountainNames": "打吹山",
    "lists": "中国百名山",
    "routes": "",
    "entryType": "",
    "trailKmToSummit": "",
    "related": "TH-kP11-22-31-bs1230(132m)",
    "attributes": "",
    "status": "provisional",
    "accuracyM": 40,
    "needsReview": "公式情報または2情報源での確認が必要、名称なし",
    "sources": "OpenStreetMap（© OpenStreetMap contributors, ODbL 1.0）Geofabrik japan-latest.osm.pbf 2026-09-23T20:22:04Z way/451337451",
    "verifiedAt": ""
   }
  },
  {
   "type": "Feature",
   "geometry": {
    "type": "Point",
    "coordinates": [
     133.8230556,
     35.4342394
    ]
   },
   "properties": {
    "id": "PK-w451734712",
    "kind": "parking",
    "name": "（名称なし）駐車場",
    "datum": "WGS84",
    "mountainIds": "471",
    "mountainNames": "打吹山",
    "lists": "中国百名山",
    "routes": "",
    "entryType": "",
    "trailKmToSummit": "",
    "related": "TH-n13666019967(275m) TH-w449086406(64m)",
    "attributes": "",
    "status": "provisional",
    "accuracyM": 40,
    "needsReview": "公式情報または2情報源での確認が必要、名称なし",
    "sources": "OpenStreetMap（© OpenStreetMap contributors, ODbL 1.0）Geofabrik japan-latest.osm.pbf 2026-09-23T20:22:04Z way/451734712",
    "verifiedAt": ""
   }
  },
  {
   "type": "Feature",
   "geometry": {
    "type": "Point",
    "coordinates": [
     133.8260239,
     35.4286153
    ]
   },
   "properties": {
    "id": "PK-w453887393",
    "kind": "parking",
    "name": "（名称なし）駐車場",
    "datum": "WGS84",
    "mountainIds": "471",
    "mountainNames": "打吹山",
    "lists": "中国百名山",
    "routes": "",
    "entryType": "",
    "trailKmToSummit": "",
    "related": "TH-n4142568473(148m)",
    "attributes": "",
    "status": "provisional",
    "accuracyM": 40,
    "needsReview": "公式情報または2情報源での確認が必要、名称なし",
    "sources": "OpenStreetMap（© OpenStreetMap contributors, ODbL 1.0）Geofabrik japan-latest.osm.pbf 2026-09-23T20:22:04Z way/453887393",
    "verifiedAt": ""
   }
  },
  {
   "type": "Feature",
   "geometry": {
    "type": "Point",
    "coordinates": [
     134.2250735,
     35.2733812
    ]
   },
   "properties": {
    "id": "PK-w454603872",
    "kind": "parking",
    "name": "（名称なし）駐車場",
    "datum": "WGS84",
    "mountainIds": "502",
    "mountainNames": "三角山",
    "lists": "中国百名山",
    "routes": "",
    "entryType": "",
    "trailKmToSummit": "",
    "related": "TH-n4408968860(266m)",
    "attributes": "access=private",
    "status": "provisional",
    "accuracyM": 40,
    "needsReview": "公式情報または2情報源での確認が必要、名称なし",
    "sources": "OpenStreetMap（© OpenStreetMap contributors, ODbL 1.0）Geofabrik japan-latest.osm.pbf 2026-09-23T20:22:04Z way/454603872",
    "verifiedAt": ""
   }
  },
  {
   "type": "Feature",
   "geometry": {
    "type": "Point",
    "coordinates": [
     130.9328783,
     34.0314224
    ]
   },
   "properties": {
    "id": "PK-w463428940",
    "kind": "parking",
    "name": "（名称なし）駐車場",
    "datum": "WGS84",
    "mountainIds": "728",
    "mountainNames": "竜王山",
    "lists": "中国百名山",
    "routes": "",
    "entryType": "",
    "trailKmToSummit": "",
    "related": "TH-n1353409470(129m)",
    "attributes": "access=customers",
    "status": "provisional",
    "accuracyM": 40,
    "needsReview": "公式情報または2情報源での確認が必要、名称なし",
    "sources": "OpenStreetMap（© OpenStreetMap contributors, ODbL 1.0）Geofabrik japan-latest.osm.pbf 2026-09-23T20:22:04Z way/463428940",
    "verifiedAt": ""
   }
  },
  {
   "type": "Feature",
   "geometry": {
    "type": "Point",
    "coordinates": [
     130.9302308,
     34.0325138
    ]
   },
   "properties": {
    "id": "PK-w463428958",
    "kind": "parking",
    "name": "（名称なし）駐車場",
    "datum": "WGS84",
    "mountainIds": "728",
    "mountainNames": "竜王山",
    "lists": "中国百名山",
    "routes": "",
    "entryType": "",
    "trailKmToSummit": "",
    "related": "TH-n1353409470(188m) TH-n1353410274(410m)",
    "attributes": "",
    "status": "provisional",
    "accuracyM": 40,
    "needsReview": "公式情報または2情報源での確認が必要、名称なし、登山口から離れている（徒歩アプローチを要確認）",
    "sources": "OpenStreetMap（© OpenStreetMap contributors, ODbL 1.0）Geofabrik japan-latest.osm.pbf 2026-09-23T20:22:04Z way/463428958",
    "verifiedAt": ""
   }
  },
  {
   "type": "Feature",
   "geometry": {
    "type": "Point",
    "coordinates": [
     130.9303176,
     34.0316436
    ]
   },
   "properties": {
    "id": "PK-w463428961",
    "kind": "parking",
    "name": "（名称なし）駐車場",
    "datum": "WGS84",
    "mountainIds": "728",
    "mountainNames": "竜王山",
    "lists": "中国百名山",
    "routes": "",
    "entryType": "",
    "trailKmToSummit": "",
    "related": "TH-n1353409470(202m) TH-n1353410274(497m)",
    "attributes": "",
    "status": "provisional",
    "accuracyM": 40,
    "needsReview": "公式情報または2情報源での確認が必要、名称なし、登山口から離れている（徒歩アプローチを要確認）",
    "sources": "OpenStreetMap（© OpenStreetMap contributors, ODbL 1.0）Geofabrik japan-latest.osm.pbf 2026-09-23T20:22:04Z way/463428961",
    "verifiedAt": ""
   }
  },
  {
   "type": "Feature",
   "geometry": {
    "type": "Point",
    "coordinates": [
     132.6933245,
     35.3974025
    ]
   },
   "properties": {
    "id": "PK-w470731128",
    "kind": "parking",
    "name": "（名称なし）駐車場",
    "datum": "WGS84",
    "mountainIds": "480",
    "mountainNames": "鼻高山",
    "lists": "中国百名山",
    "routes": "",
    "entryType": "",
    "trailKmToSummit": "",
    "related": "TH-n1387129843(298m)",
    "attributes": "",
    "status": "provisional",
    "accuracyM": 40,
    "needsReview": "公式情報または2情報源での確認が必要、名称なし",
    "sources": "OpenStreetMap（© OpenStreetMap contributors, ODbL 1.0）Geofabrik japan-latest.osm.pbf 2026-09-23T20:22:04Z way/470731128",
    "verifiedAt": ""
   }
  },
  {
   "type": "Feature",
   "geometry": {
    "type": "Point",
    "coordinates": [
     131.5412367,
     34.100417
    ]
   },
   "properties": {
    "id": "PK-w473921648",
    "kind": "parking",
    "name": "（名称なし）駐車場",
    "datum": "WGS84",
    "mountainIds": "726",
    "mountainNames": "右田ヶ岳",
    "lists": "中国百名山",
    "routes": "",
    "entryType": "",
    "trailKmToSummit": "",
    "related": "TH-n1345527101(451m)",
    "attributes": "",
    "status": "provisional",
    "accuracyM": 40,
    "needsReview": "公式情報または2情報源での確認が必要、名称なし、登山口から離れている（徒歩アプローチを要確認）",
    "sources": "OpenStreetMap（© OpenStreetMap contributors, ODbL 1.0）Geofabrik japan-latest.osm.pbf 2026-09-23T20:22:04Z way/473921648",
    "verifiedAt": ""
   }
  },
  {
   "type": "Feature",
   "geometry": {
    "type": "Point",
    "coordinates": [
     132.5670254,
     34.4348186
    ]
   },
   "properties": {
    "id": "PK-w483435716",
    "kind": "parking",
    "name": "（名称なし）駐車場",
    "datum": "WGS84",
    "mountainIds": "674",
    "mountainNames": "呉娑々宇山",
    "lists": "中国百名山",
    "routes": "",
    "entryType": "",
    "trailKmToSummit": "",
    "related": "TH-n1298395386(481m)",
    "attributes": "",
    "status": "provisional",
    "accuracyM": 40,
    "needsReview": "公式情報または2情報源での確認が必要、名称なし、登山口から離れている（徒歩アプローチを要確認）",
    "sources": "OpenStreetMap（© OpenStreetMap contributors, ODbL 1.0）Geofabrik japan-latest.osm.pbf 2026-09-23T20:22:04Z way/483435716",
    "verifiedAt": ""
   }
  },
  {
   "type": "Feature",
   "geometry": {
    "type": "Point",
    "coordinates": [
     132.5650681,
     34.4342947
    ]
   },
   "properties": {
    "id": "PK-w483435717",
    "kind": "parking",
    "name": "（名称なし）駐車場",
    "datum": "WGS84",
    "mountainIds": "674",
    "mountainNames": "呉娑々宇山",
    "lists": "中国百名山",
    "routes": "",
    "entryType": "",
    "trailKmToSummit": "",
    "related": "TH-n1298395386(318m)",
    "attributes": "",
    "status": "provisional",
    "accuracyM": 40,
    "needsReview": "公式情報または2情報源での確認が必要、名称なし、登山口から離れている（徒歩アプローチを要確認）",
    "sources": "OpenStreetMap（© OpenStreetMap contributors, ODbL 1.0）Geofabrik japan-latest.osm.pbf 2026-09-23T20:22:04Z way/483435717",
    "verifiedAt": ""
   }
  },
  {
   "type": "Feature",
   "geometry": {
    "type": "Point",
    "coordinates": [
     133.7207972,
     35.3183842
    ]
   },
   "properties": {
    "id": "PK-w490527152",
    "kind": "parking",
    "name": "（名称なし）駐車場",
    "datum": "WGS84",
    "mountainIds": "507",
    "mountainNames": "上蒜山",
    "lists": "日本二百名山|日本三百名山|中国百名山",
    "routes": "",
    "entryType": "",
    "trailKmToSummit": "",
    "related": "TH-n1315925134(20m)",
    "attributes": "",
    "status": "provisional",
    "accuracyM": 40,
    "needsReview": "公式情報または2情報源での確認が必要、名称なし",
    "sources": "OpenStreetMap（© OpenStreetMap contributors, ODbL 1.0）Geofabrik japan-latest.osm.pbf 2026-09-23T20:22:04Z way/490527152",
    "verifiedAt": ""
   }
  },
  {
   "type": "Feature",
   "geometry": {
    "type": "Point",
    "coordinates": [
     134.2057452,
     35.3443048
    ]
   },
   "properties": {
    "id": "PK-w493370635",
    "kind": "parking",
    "name": "（名称なし）駐車場",
    "datum": "WGS84",
    "mountainIds": "502",
    "mountainNames": "三角山",
    "lists": "中国百名山",
    "routes": "",
    "entryType": "",
    "trailKmToSummit": "",
    "related": "TH-n3948287831(318m) TH-n5564663349(420m)",
    "attributes": "access=permissive",
    "status": "provisional",
    "accuracyM": 40,
    "needsReview": "公式情報または2情報源での確認が必要、名称なし、登山口から離れている（徒歩アプローチを要確認）",
    "sources": "OpenStreetMap（© OpenStreetMap contributors, ODbL 1.0）Geofabrik japan-latest.osm.pbf 2026-09-23T20:22:04Z way/493370635",
    "verifiedAt": ""
   }
  },
  {
   "type": "Feature",
   "geometry": {
    "type": "Point",
    "coordinates": [
     134.204854,
     35.3432211
    ]
   },
   "properties": {
    "id": "PK-w493371606",
    "kind": "parking",
    "name": "（名称なし）駐車場",
    "datum": "WGS84",
    "mountainIds": "502",
    "mountainNames": "三角山",
    "lists": "中国百名山",
    "routes": "",
    "entryType": "",
    "trailKmToSummit": "",
    "related": "TH-n3948287831(179m) TH-n5564833611(443m)",
    "attributes": "access=permissive",
    "status": "provisional",
    "accuracyM": 40,
    "needsReview": "公式情報または2情報源での確認が必要、名称なし、登山口から離れている（徒歩アプローチを要確認）",
    "sources": "OpenStreetMap（© OpenStreetMap contributors, ODbL 1.0）Geofabrik japan-latest.osm.pbf 2026-09-23T20:22:04Z way/493371606",
    "verifiedAt": ""
   }
  },
  {
   "type": "Feature",
   "geometry": {
    "type": "Point",
    "coordinates": [
     131.4637224,
     34.2334516
    ]
   },
   "properties": {
    "id": "PK-w494573618",
    "kind": "parking",
    "name": "（名称なし）駐車場",
    "datum": "WGS84",
    "mountainIds": "711",
    "mountainNames": "東鳳翩山",
    "lists": "中国百名山",
    "routes": "",
    "entryType": "",
    "trailKmToSummit": "",
    "related": "TH-n9248428858(17m) TH-n1345408632(331m)",
    "attributes": "fee=no",
    "status": "provisional",
    "accuracyM": 40,
    "needsReview": "公式情報または2情報源での確認が必要、名称なし、登山口から離れている（徒歩アプローチを要確認）",
    "sources": "OpenStreetMap（© OpenStreetMap contributors, ODbL 1.0）Geofabrik japan-latest.osm.pbf 2026-09-23T20:22:04Z way/494573618",
    "verifiedAt": ""
   }
  },
  {
   "type": "Feature",
   "geometry": {
    "type": "Point",
    "coordinates": [
     132.3222975,
     34.2986046
    ]
   },
   "properties": {
    "id": "PK-w519764394",
    "kind": "parking",
    "name": "（名称なし）駐車場",
    "datum": "WGS84",
    "mountainIds": "696",
    "mountainNames": "弥山",
    "lists": "中国百名山",
    "routes": "",
    "entryType": "",
    "trailKmToSummit": "",
    "related": "TH-n4810662540(376m)",
    "attributes": "",
    "status": "provisional",
    "accuracyM": 40,
    "needsReview": "公式情報または2情報源での確認が必要、名称なし、登山口から離れている（徒歩アプローチを要確認）",
    "sources": "OpenStreetMap（© OpenStreetMap contributors, ODbL 1.0）Geofabrik japan-latest.osm.pbf 2026-09-23T20:22:04Z way/519764394",
    "verifiedAt": ""
   }
  },
  {
   "type": "Feature",
   "geometry": {
    "type": "Point",
    "coordinates": [
     133.5276892,
     35.3900405
    ]
   },
   "properties": {
    "id": "PK-w536218846",
    "kind": "parking",
    "name": "（名称なし）駐車場",
    "datum": "WGS84",
    "mountainIds": "469 484 488 490",
    "mountainNames": "船上山、甲ヶ山、矢筈ヶ山、大山",
    "lists": "中国百名山|日本百名山|日本二百名山|日本三百名山",
    "routes": "",
    "entryType": "",
    "trailKmToSummit": "",
    "related": "TH-n728157627(212m)",
    "attributes": "fee=no; access=yes",
    "status": "provisional",
    "accuracyM": 40,
    "needsReview": "公式情報または2情報源での確認が必要、名称なし",
    "sources": "OpenStreetMap（© OpenStreetMap contributors, ODbL 1.0）Geofabrik japan-latest.osm.pbf 2026-09-23T20:22:04Z way/536218846",
    "verifiedAt": ""
   }
  },
  {
   "type": "Feature",
   "geometry": {
    "type": "Point",
    "coordinates": [
     132.7677231,
     35.0557418
    ]
   },
   "properties": {
    "id": "PK-w541814244",
    "kind": "parking",
    "name": "（名称なし）駐車場",
    "datum": "WGS84",
    "mountainIds": "599",
    "mountainNames": "琴引山",
    "lists": "中国百名山",
    "routes": "",
    "entryType": "",
    "trailKmToSummit": "",
    "related": "TH-n4486958101(442m) TH-n4486958100(201m)",
    "attributes": "",
    "status": "provisional",
    "accuracyM": 40,
    "needsReview": "公式情報または2情報源での確認が必要、名称なし、登山口から離れている（徒歩アプローチを要確認）",
    "sources": "OpenStreetMap（© OpenStreetMap contributors, ODbL 1.0）Geofabrik japan-latest.osm.pbf 2026-09-23T20:22:04Z way/541814244",
    "verifiedAt": ""
   }
  },
  {
   "type": "Feature",
   "geometry": {
    "type": "Point",
    "coordinates": [
     132.7668552,
     35.0567609
    ]
   },
   "properties": {
    "id": "PK-w541814245",
    "kind": "parking",
    "name": "（名称なし）駐車場",
    "datum": "WGS84",
    "mountainIds": "599",
    "mountainNames": "琴引山",
    "lists": "中国百名山",
    "routes": "",
    "entryType": "",
    "trailKmToSummit": "",
    "related": "TH-n4486958100(330m)",
    "attributes": "",
    "status": "provisional",
    "accuracyM": 40,
    "needsReview": "公式情報または2情報源での確認が必要、名称なし、登山口から離れている（徒歩アプローチを要確認）",
    "sources": "OpenStreetMap（© OpenStreetMap contributors, ODbL 1.0）Geofabrik japan-latest.osm.pbf 2026-09-23T20:22:04Z way/541814245",
    "verifiedAt": ""
   }
  },
  {
   "type": "Feature",
   "geometry": {
    "type": "Point",
    "coordinates": [
     132.7668955,
     35.057523
    ]
   },
   "properties": {
    "id": "PK-w541814246",
    "kind": "parking",
    "name": "（名称なし）駐車場",
    "datum": "WGS84",
    "mountainIds": "599",
    "mountainNames": "琴引山",
    "lists": "中国百名山",
    "routes": "",
    "entryType": "",
    "trailKmToSummit": "",
    "related": "TH-n4486958100(409m)",
    "attributes": "",
    "status": "provisional",
    "accuracyM": 40,
    "needsReview": "公式情報または2情報源での確認が必要、名称なし、登山口から離れている（徒歩アプローチを要確認）",
    "sources": "OpenStreetMap（© OpenStreetMap contributors, ODbL 1.0）Geofabrik japan-latest.osm.pbf 2026-09-23T20:22:04Z way/541814246",
    "verifiedAt": ""
   }
  },
  {
   "type": "Feature",
   "geometry": {
    "type": "Point",
    "coordinates": [
     132.7930692,
     35.4337216
    ]
   },
   "properties": {
    "id": "PK-w553701056",
    "kind": "parking",
    "name": "（名称なし）駐車場",
    "datum": "WGS84",
    "mountainIds": "480",
    "mountainNames": "鼻高山",
    "lists": "中国百名山",
    "routes": "",
    "entryType": "",
    "trailKmToSummit": "",
    "related": "TH-n1387136869(404m)",
    "attributes": "",
    "status": "provisional",
    "accuracyM": 40,
    "needsReview": "公式情報または2情報源での確認が必要、名称なし、登山口から離れている（徒歩アプローチを要確認）",
    "sources": "OpenStreetMap（© OpenStreetMap contributors, ODbL 1.0）Geofabrik japan-latest.osm.pbf 2026-09-23T20:22:04Z way/553701056",
    "verifiedAt": ""
   }
  },
  {
   "type": "Feature",
   "geometry": {
    "type": "Point",
    "coordinates": [
     132.7995602,
     35.4318553
    ]
   },
   "properties": {
    "id": "PK-w560428299",
    "kind": "parking",
    "name": "（名称なし）駐車場",
    "datum": "WGS84",
    "mountainIds": "480",
    "mountainNames": "鼻高山",
    "lists": "中国百名山",
    "routes": "",
    "entryType": "",
    "trailKmToSummit": "",
    "related": "TH-n1387136869(264m)",
    "attributes": "",
    "status": "provisional",
    "accuracyM": 40,
    "needsReview": "公式情報または2情報源での確認が必要、名称なし",
    "sources": "OpenStreetMap（© OpenStreetMap contributors, ODbL 1.0）Geofabrik japan-latest.osm.pbf 2026-09-23T20:22:04Z way/560428299",
    "verifiedAt": ""
   }
  },
  {
   "type": "Feature",
   "geometry": {
    "type": "Point",
    "coordinates": [
     132.7997166,
     35.4306816
    ]
   },
   "properties": {
    "id": "PK-w560428300",
    "kind": "parking",
    "name": "（名称なし）駐車場",
    "datum": "WGS84",
    "mountainIds": "480",
    "mountainNames": "鼻高山",
    "lists": "中国百名山",
    "routes": "",
    "entryType": "",
    "trailKmToSummit": "",
    "related": "TH-n1387135676(491m) TH-n1387136869(293m)",
    "attributes": "",
    "status": "provisional",
    "accuracyM": 40,
    "needsReview": "公式情報または2情報源での確認が必要、名称なし、登山口から離れている（徒歩アプローチを要確認）",
    "sources": "OpenStreetMap（© OpenStreetMap contributors, ODbL 1.0）Geofabrik japan-latest.osm.pbf 2026-09-23T20:22:04Z way/560428300",
    "verifiedAt": ""
   }
  },
  {
   "type": "Feature",
   "geometry": {
    "type": "Point",
    "coordinates": [
     131.5619706,
     34.0764721
    ]
   },
   "properties": {
    "id": "PK-w563969753",
    "kind": "parking",
    "name": "（名称なし）駐車場",
    "datum": "WGS84",
    "mountainIds": "726",
    "mountainNames": "右田ヶ岳",
    "lists": "中国百名山",
    "routes": "",
    "entryType": "",
    "trailKmToSummit": "",
    "related": "TH-n5327285195(190m)",
    "attributes": "",
    "status": "provisional",
    "accuracyM": 40,
    "needsReview": "公式情報または2情報源での確認が必要、名称なし",
    "sources": "OpenStreetMap（© OpenStreetMap contributors, ODbL 1.0）Geofabrik japan-latest.osm.pbf 2026-09-23T20:22:04Z way/563969753",
    "verifiedAt": ""
   }
  },
  {
   "type": "Feature",
   "geometry": {
    "type": "Point",
    "coordinates": [
     134.2313647,
     35.5095411
    ]
   },
   "properties": {
    "id": "PK-w595765812",
    "kind": "parking",
    "name": "市営住宅専用駐車場",
    "datum": "WGS84",
    "mountainIds": "445",
    "mountainNames": "久松山",
    "lists": "中国百名山",
    "routes": "",
    "entryType": "",
    "trailKmToSummit": "",
    "related": "TH-w595765812(0m)",
    "attributes": "access=private",
    "status": "provisional",
    "accuracyM": 40,
    "needsReview": "公式情報または2情報源での確認が必要",
    "sources": "OpenStreetMap（© OpenStreetMap contributors, ODbL 1.0）Geofabrik japan-latest.osm.pbf 2026-09-23T20:22:04Z way/595765812",
    "verifiedAt": ""
   }
  },
  {
   "type": "Feature",
   "geometry": {
    "type": "Point",
    "coordinates": [
     134.2317641,
     35.5088397
    ]
   },
   "properties": {
    "id": "PK-w595765814",
    "kind": "parking",
    "name": "（名称なし）駐車場",
    "datum": "WGS84",
    "mountainIds": "445",
    "mountainNames": "久松山",
    "lists": "中国百名山",
    "routes": "",
    "entryType": "",
    "trailKmToSummit": "",
    "related": "TH-w595765812(86m)",
    "attributes": "access=permissive",
    "status": "provisional",
    "accuracyM": 40,
    "needsReview": "公式情報または2情報源での確認が必要、名称なし",
    "sources": "OpenStreetMap（© OpenStreetMap contributors, ODbL 1.0）Geofabrik japan-latest.osm.pbf 2026-09-23T20:22:04Z way/595765814",
    "verifiedAt": ""
   }
  },
  {
   "type": "Feature",
   "geometry": {
    "type": "Point",
    "coordinates": [
     134.2345404,
     35.5071686
    ]
   },
   "properties": {
    "id": "PK-w595765822",
    "kind": "parking",
    "name": "（名称なし）駐車場",
    "datum": "WGS84",
    "mountainIds": "445",
    "mountainNames": "久松山",
    "lists": "中国百名山",
    "routes": "",
    "entryType": "",
    "trailKmToSummit": "",
    "related": "TH-n4010659933(298m)",
    "attributes": "access=permissive",
    "status": "provisional",
    "accuracyM": 40,
    "needsReview": "公式情報または2情報源での確認が必要、名称なし",
    "sources": "OpenStreetMap（© OpenStreetMap contributors, ODbL 1.0）Geofabrik japan-latest.osm.pbf 2026-09-23T20:22:04Z way/595765822",
    "verifiedAt": ""
   }
  },
  {
   "type": "Feature",
   "geometry": {
    "type": "Point",
    "coordinates": [
     134.2311799,
     35.5090172
    ]
   },
   "properties": {
    "id": "PK-w595854856",
    "kind": "parking",
    "name": "（名称なし）駐車場",
    "datum": "WGS84",
    "mountainIds": "445",
    "mountainNames": "久松山",
    "lists": "中国百名山",
    "routes": "",
    "entryType": "",
    "trailKmToSummit": "",
    "related": "TH-w595765812(60m)",
    "attributes": "access=permissive",
    "status": "provisional",
    "accuracyM": 40,
    "needsReview": "公式情報または2情報源での確認が必要、名称なし",
    "sources": "OpenStreetMap（© OpenStreetMap contributors, ODbL 1.0）Geofabrik japan-latest.osm.pbf 2026-09-23T20:22:04Z way/595854856",
    "verifiedAt": ""
   }
  },
  {
   "type": "Feature",
   "geometry": {
    "type": "Point",
    "coordinates": [
     134.1930537,
     35.1523587
    ]
   },
   "properties": {
    "id": "PK-w621389842",
    "kind": "parking",
    "name": "那岐山登山口第一駐車場",
    "datum": "WGS84",
    "mountainIds": "558",
    "mountainNames": "那岐山",
    "lists": "日本三百名山|中国百名山",
    "routes": "",
    "entryType": "",
    "trailKmToSummit": "",
    "related": "TH-n5870221557(164m) TH-n5870240901(477m)",
    "attributes": "",
    "status": "provisional",
    "accuracyM": 40,
    "needsReview": "公式情報または2情報源での確認が必要、登山口から離れている（徒歩アプローチを要確認）",
    "sources": "OpenStreetMap（© OpenStreetMap contributors, ODbL 1.0）Geofabrik japan-latest.osm.pbf 2026-09-23T20:22:04Z way/621389842",
    "verifiedAt": ""
   }
  },
  {
   "type": "Feature",
   "geometry": {
    "type": "Point",
    "coordinates": [
     132.539324,
     34.2889799
    ]
   },
   "properties": {
    "id": "PK-w624170877",
    "kind": "parking",
    "name": "（名称なし）駐車場",
    "datum": "WGS84",
    "mountainIds": "695",
    "mountainNames": "天応烏帽子岩山",
    "lists": "中国百名山",
    "routes": "",
    "entryType": "",
    "trailKmToSummit": "",
    "related": "TH-n2094305002(251m)",
    "attributes": "",
    "status": "provisional",
    "accuracyM": 40,
    "needsReview": "公式情報または2情報源での確認が必要、名称なし",
    "sources": "OpenStreetMap（© OpenStreetMap contributors, ODbL 1.0）Geofabrik japan-latest.osm.pbf 2026-09-23T20:22:04Z way/624170877",
    "verifiedAt": ""
   }
  },
  {
   "type": "Feature",
   "geometry": {
    "type": "Point",
    "coordinates": [
     133.6074648,
     35.4294095
    ]
   },
   "properties": {
    "id": "PK-w627410831",
    "kind": "parking",
    "name": "（名称なし）駐車場",
    "datum": "WGS84",
    "mountainIds": "469 484 488 490",
    "mountainNames": "船上山、甲ヶ山、矢筈ヶ山、大山",
    "lists": "中国百名山|日本百名山|日本二百名山|日本三百名山",
    "routes": "",
    "entryType": "",
    "trailKmToSummit": "",
    "related": "TH-n1425865627(498m)",
    "attributes": "",
    "status": "provisional",
    "accuracyM": 40,
    "needsReview": "公式情報または2情報源での確認が必要、名称なし、登山口から離れている（徒歩アプローチを要確認）",
    "sources": "OpenStreetMap（© OpenStreetMap contributors, ODbL 1.0）Geofabrik japan-latest.osm.pbf 2026-09-23T20:22:04Z way/627410831",
    "verifiedAt": ""
   }
  },
  {
   "type": "Feature",
   "geometry": {
    "type": "Point",
    "coordinates": [
     132.9758358,
     35.5213574
    ]
   },
   "properties": {
    "id": "PK-w639993091",
    "kind": "parking",
    "name": "（名称なし）駐車場",
    "datum": "WGS84",
    "mountainIds": "446",
    "mountainNames": "朝日山",
    "lists": "中国百名山",
    "routes": "",
    "entryType": "",
    "trailKmToSummit": "",
    "related": "TH-n1408170632(479m)",
    "attributes": "",
    "status": "provisional",
    "accuracyM": 40,
    "needsReview": "公式情報または2情報源での確認が必要、名称なし、登山口から離れている（徒歩アプローチを要確認）",
    "sources": "OpenStreetMap（© OpenStreetMap contributors, ODbL 1.0）Geofabrik japan-latest.osm.pbf 2026-09-23T20:22:04Z way/639993091",
    "verifiedAt": ""
   }
  },
  {
   "type": "Feature",
   "geometry": {
    "type": "Point",
    "coordinates": [
     134.2439444,
     35.5050897
    ]
   },
   "properties": {
    "id": "PK-w655303236",
    "kind": "parking",
    "name": "参拝者駐車場",
    "datum": "WGS84",
    "mountainIds": "445",
    "mountainNames": "久松山",
    "lists": "中国百名山",
    "routes": "",
    "entryType": "",
    "trailKmToSummit": "",
    "related": "TH-w655303236(0m)",
    "attributes": "",
    "status": "provisional",
    "accuracyM": 40,
    "needsReview": "公式情報または2情報源での確認が必要",
    "sources": "OpenStreetMap（© OpenStreetMap contributors, ODbL 1.0）Geofabrik japan-latest.osm.pbf 2026-09-23T20:22:04Z way/655303236",
    "verifiedAt": ""
   }
  },
  {
   "type": "Feature",
   "geometry": {
    "type": "Point",
    "coordinates": [
     132.5894814,
     34.5023342
    ]
   },
   "properties": {
    "id": "PK-w671003049",
    "kind": "parking",
    "name": "（名称なし）駐車場",
    "datum": "WGS84",
    "mountainIds": "657",
    "mountainNames": "白木山",
    "lists": "中国百名山",
    "routes": "",
    "entryType": "",
    "trailKmToSummit": "",
    "related": "TH-n1269996145(469m)",
    "attributes": "",
    "status": "provisional",
    "accuracyM": 40,
    "needsReview": "公式情報または2情報源での確認が必要、名称なし、登山口から離れている（徒歩アプローチを要確認）",
    "sources": "OpenStreetMap（© OpenStreetMap contributors, ODbL 1.0）Geofabrik japan-latest.osm.pbf 2026-09-23T20:22:04Z way/671003049",
    "verifiedAt": ""
   }
  },
  {
   "type": "Feature",
   "geometry": {
    "type": "Point",
    "coordinates": [
     133.6797621,
     35.3005186
    ]
   },
   "properties": {
    "id": "PK-w686596994",
    "kind": "parking",
    "name": "（名称なし）駐車場",
    "datum": "WGS84",
    "mountainIds": "507",
    "mountainNames": "上蒜山",
    "lists": "日本二百名山|日本三百名山|中国百名山",
    "routes": "",
    "entryType": "",
    "trailKmToSummit": "",
    "related": "TH-n6435593028(92m) TH-n1926764663(434m)",
    "attributes": "",
    "status": "provisional",
    "accuracyM": 40,
    "needsReview": "公式情報または2情報源での確認が必要、名称なし、登山口から離れている（徒歩アプローチを要確認）",
    "sources": "OpenStreetMap（© OpenStreetMap contributors, ODbL 1.0）Geofabrik japan-latest.osm.pbf 2026-09-23T20:22:04Z way/686596994",
    "verifiedAt": ""
   }
  },
  {
   "type": "Feature",
   "geometry": {
    "type": "Point",
    "coordinates": [
     133.6801398,
     35.3006194
    ]
   },
   "properties": {
    "id": "PK-w686596995",
    "kind": "parking",
    "name": "（名称なし）駐車場",
    "datum": "WGS84",
    "mountainIds": "507",
    "mountainNames": "上蒜山",
    "lists": "日本二百名山|日本三百名山|中国百名山",
    "routes": "",
    "entryType": "",
    "trailKmToSummit": "",
    "related": "TH-n6435593028(112m) TH-n1926764663(408m)",
    "attributes": "",
    "status": "provisional",
    "accuracyM": 40,
    "needsReview": "公式情報または2情報源での確認が必要、名称なし、登山口から離れている（徒歩アプローチを要確認）",
    "sources": "OpenStreetMap（© OpenStreetMap contributors, ODbL 1.0）Geofabrik japan-latest.osm.pbf 2026-09-23T20:22:04Z way/686596995",
    "verifiedAt": ""
   }
  },
  {
   "type": "Feature",
   "geometry": {
    "type": "Point",
    "coordinates": [
     131.2950431,
     34.2328048
    ]
   },
   "properties": {
    "id": "PK-w705893583",
    "kind": "parking",
    "name": "（名称なし）駐車場",
    "datum": "WGS84",
    "mountainIds": "709",
    "mountainNames": "龍護峰",
    "lists": "中国百名山",
    "routes": "",
    "entryType": "",
    "trailKmToSummit": "",
    "related": "TH-n6387040885(109m)",
    "attributes": "",
    "status": "provisional",
    "accuracyM": 40,
    "needsReview": "公式情報または2情報源での確認が必要、名称なし",
    "sources": "OpenStreetMap（© OpenStreetMap contributors, ODbL 1.0）Geofabrik japan-latest.osm.pbf 2026-09-23T20:22:04Z way/705893583",
    "verifiedAt": ""
   }
  },
  {
   "type": "Feature",
   "geometry": {
    "type": "Point",
    "coordinates": [
     131.3047888,
     34.2341259
    ]
   },
   "properties": {
    "id": "PK-w705893584",
    "kind": "parking",
    "name": "カルスト展望台 一般車駐車場",
    "datum": "WGS84",
    "mountainIds": "709",
    "mountainNames": "龍護峰",
    "lists": "中国百名山",
    "routes": "",
    "entryType": "",
    "trailKmToSummit": "",
    "related": "TH-n6825793893(192m)",
    "attributes": "fee=no",
    "status": "provisional",
    "accuracyM": 40,
    "needsReview": "公式情報または2情報源での確認が必要",
    "sources": "OpenStreetMap（© OpenStreetMap contributors, ODbL 1.0）Geofabrik japan-latest.osm.pbf 2026-09-23T20:22:04Z way/705893584",
    "verifiedAt": ""
   }
  },
  {
   "type": "Feature",
   "geometry": {
    "type": "Point",
    "coordinates": [
     131.3046031,
     34.2348121
    ]
   },
   "properties": {
    "id": "PK-w705894808",
    "kind": "parking",
    "name": "カルスト展望台 観光バス専用駐車場",
    "datum": "WGS84",
    "mountainIds": "709",
    "mountainNames": "龍護峰",
    "lists": "中国百名山",
    "routes": "",
    "entryType": "",
    "trailKmToSummit": "",
    "related": "TH-n6825793893(118m) TH-n6825774963(320m)",
    "attributes": "",
    "status": "provisional",
    "accuracyM": 40,
    "needsReview": "公式情報または2情報源での確認が必要、登山口から離れている（徒歩アプローチを要確認）",
    "sources": "OpenStreetMap（© OpenStreetMap contributors, ODbL 1.0）Geofabrik japan-latest.osm.pbf 2026-09-23T20:22:04Z way/705894808",
    "verifiedAt": ""
   }
  },
  {
   "type": "Feature",
   "geometry": {
    "type": "Point",
    "coordinates": [
     131.2988951,
     34.2329992
    ]
   },
   "properties": {
    "id": "PK-w705895130",
    "kind": "parking",
    "name": "（名称なし）駐車場",
    "datum": "WGS84",
    "mountainIds": "709",
    "mountainNames": "龍護峰",
    "lists": "中国百名山",
    "routes": "",
    "entryType": "",
    "trailKmToSummit": "",
    "related": "TH-n6387040885(269m)",
    "attributes": "",
    "status": "provisional",
    "accuracyM": 40,
    "needsReview": "公式情報または2情報源での確認が必要、名称なし",
    "sources": "OpenStreetMap（© OpenStreetMap contributors, ODbL 1.0）Geofabrik japan-latest.osm.pbf 2026-09-23T20:22:04Z way/705895130",
    "verifiedAt": ""
   }
  },
  {
   "type": "Feature",
   "geometry": {
    "type": "Point",
    "coordinates": [
     131.2994836,
     34.2337023
    ]
   },
   "properties": {
    "id": "PK-w705895131",
    "kind": "parking",
    "name": "（名称なし）駐車場",
    "datum": "WGS84",
    "mountainIds": "709",
    "mountainNames": "龍護峰",
    "lists": "中国百名山",
    "routes": "",
    "entryType": "",
    "trailKmToSummit": "",
    "related": "TH-n6825774963(317m)",
    "attributes": "",
    "status": "provisional",
    "accuracyM": 40,
    "needsReview": "公式情報または2情報源での確認が必要、名称なし、登山口から離れている（徒歩アプローチを要確認）",
    "sources": "OpenStreetMap（© OpenStreetMap contributors, ODbL 1.0）Geofabrik japan-latest.osm.pbf 2026-09-23T20:22:04Z way/705895131",
    "verifiedAt": ""
   }
  },
  {
   "type": "Feature",
   "geometry": {
    "type": "Point",
    "coordinates": [
     133.0260128,
     35.0627486
    ]
   },
   "properties": {
    "id": "PK-w743624971",
    "kind": "parking",
    "name": "（名称なし）駐車場",
    "datum": "WGS84",
    "mountainIds": "588 610",
    "mountainNames": "吾妻山、比婆山",
    "lists": "日本三百名山|中国百名山",
    "routes": "",
    "entryType": "",
    "trailKmToSummit": "",
    "related": "TH-n1308357108(358m) TH-n6959949889(45m)",
    "attributes": "",
    "status": "provisional",
    "accuracyM": 40,
    "needsReview": "公式情報または2情報源での確認が必要、名称なし、登山口から離れている（徒歩アプローチを要確認）",
    "sources": "OpenStreetMap（© OpenStreetMap contributors, ODbL 1.0）Geofabrik japan-latest.osm.pbf 2026-09-23T20:22:04Z way/743624971",
    "verifiedAt": ""
   }
  },
  {
   "type": "Feature",
   "geometry": {
    "type": "Point",
    "coordinates": [
     133.0278633,
     35.0651466
    ]
   },
   "properties": {
    "id": "PK-w743624975",
    "kind": "parking",
    "name": "（名称なし）駐車場",
    "datum": "WGS84",
    "mountainIds": "588 610",
    "mountainNames": "吾妻山、比婆山",
    "lists": "日本三百名山|中国百名山",
    "routes": "",
    "entryType": "",
    "trailKmToSummit": "",
    "related": "TH-n1308357108(46m) TH-n6959949889(321m)",
    "attributes": "",
    "status": "provisional",
    "accuracyM": 40,
    "needsReview": "公式情報または2情報源での確認が必要、名称なし、登山口から離れている（徒歩アプローチを要確認）",
    "sources": "OpenStreetMap（© OpenStreetMap contributors, ODbL 1.0）Geofabrik japan-latest.osm.pbf 2026-09-23T20:22:04Z way/743624975",
    "verifiedAt": ""
   }
  },
  {
   "type": "Feature",
   "geometry": {
    "type": "Point",
    "coordinates": [
     134.42873,
     35.430415
    ]
   },
   "properties": {
    "id": "TH-gsi-himeji",
    "kind": "trailhead",
    "name": "姫路登山口（扇ノ山）",
    "datum": "WGS84",
    "mountainIds": "466",
    "mountainNames": "扇ノ山",
    "lists": "日本三百名山|関西百名山|中国百名山",
    "routes": "姫路コース",
    "entryType": "公式情報による登山口",
    "trailKmToSummit": "",
    "related": "",
    "attributes": "course=姫路登山口から扇ノ山の頂上まで登り1時間10分、下り40分（鳥取県）",
    "status": "adopted",
    "accuracyM": 15,
    "needsReview": "扇ノ山には姫路登山口・八東登山口・ふるさとの森登山口・畑ヶ平登山口がある（鳥取県）、頂上には避難小屋があり、360度の眺望が得られる（鳥取県）、上山高原方面から河合谷高原への林道は新温泉町、八頭方面から県道37号経由のふるさとの森登山口への林道は八頭町が窓口（鳥取市）",
    "sources": "国土地理院ベクトルタイル提供実験 地理院地図の徒歩道が林道から始まる位置（35.430415, 134.428730）、標高900.8m。鳥取県「氷ノ山・扇ノ山・那岐山登山概念図」の姫路登山口の図上位置（縮尺1:25,000、扇ノ山山頂を基準に算出）から123m 2026-09-23確認 ｜ 公式情報: https://www.pref.tottori.lg.jp/120061.htm ｜ 公式情報: https://www.pref.tottori.lg.jp/secure/413269/200603guide.pdf ｜ 公式情報: https://www.pref.tottori.lg.jp/93958.htm ｜ 公式情報: https://www.city.tottori.lg.jp/www/contents/1374043929350/index.html",
    "verifiedAt": "2026-09-23"
   }
  },
  {
   "type": "Feature",
   "geometry": {
    "type": "Point",
    "coordinates": [
     133.040345,
     35.075317
    ]
   },
   "properties": {
    "id": "TH-gsi-otawa",
    "kind": "trailhead",
    "name": "大峠駐車場（吾妻山 大峠コース登山口）",
    "datum": "WGS84",
    "mountainIds": "588",
    "mountainNames": "吾妻山",
    "lists": "日本三百名山|中国百名山",
    "routes": "大峠コース",
    "entryType": "公式情報による登山口",
    "trailKmToSummit": "",
    "related": "",
    "attributes": "course=大峠コースは中国自然歩道の一部で、大峠駐車場から歩いて約1時間登ると山頂東側の大膳原に出る（島根県）",
    "status": "adopted",
    "accuracyM": 15,
    "needsReview": "吾妻山には避難小屋・休憩所と水洗トイレがある（島根県）、大膳原の歩道北側に大膳原野営場があるが、駐車場から遠く電気もない（島根県）、広島県側の吾妻山集団施設地区は、吾妻山キャンプ場が令和2年8月1日から当面の間休止、吾妻山ロッジは令和2年11月15日で営業終了（広島県）、登山口の正確な位置は公式情報では未確認",
    "sources": "国土地理院ベクトルタイル提供実験 地理院地図の車道の終点で徒歩道が始まる位置（35.075317, 133.040345）、標高804.6m。地理院地図の注記「大峠」から1,450m 2026-09-23確認 ｜ 公式情報: https://www.pref.shimane.lg.jp/infra/nature/shizen/shimane/minnademamoru/adumayama.html ｜ 公式情報: https://www.pref.shimane.lg.jp/infra/nature/shizen/shimane/shimane_kouen/kokuritu_kokutei/hibadogotaisyaku/azuma-yama.html",
    "verifiedAt": "2026-09-23"
   }
  },
  {
   "type": "Feature",
   "geometry": {
    "type": "Point",
    "coordinates": [
     133.8492818,
     35.4447823
    ]
   },
   "properties": {
    "id": "TH-kP11-22-31-bs1230",
    "kind": "trailhead",
    "name": "伊木",
    "datum": "WGS84",
    "mountainIds": "471",
    "mountainNames": "打吹山",
    "lists": "中国百名山",
    "routes": "OSM登山道「倉吉線跡」",
    "entryType": "駐車場・バス停（林道・車道を経由して登山道へ）",
    "trailKmToSummit": "打吹山:4.18km",
    "related": "PK-w450612820(31m) PK-w451337451(132m) PK-w451069713(275m) BS-kP11-22-31-bs1230(0m) BS-kP11-22-31-bs1231(0m) BS-kP11-22-31-bs1200(301m)",
    "attributes": "",
    "status": "provisional",
    "accuracyM": 15,
    "needsReview": "近くの道路にゲートあり（車両通行止め・季節閉鎖の可能性）、公式情報または2情報源での確認が必要",
    "sources": "国土数値情報（バス停留所データ）令和4年度（国土交通省）P11-22-31-bs1230（JGD2011）を加工して作成 ｜ OpenStreetMap（© OpenStreetMap contributors, ODbL 1.0）Geofabrik japan-latest.osm.pbf 2026-09-23T20:22:04Z node/9387910510（登山道と道路の接続点） ｜ 国土地理院 地名検索「鳥取県倉吉市伊木」（35.445118, 133.850784、JGD2011、141m差）2026-09-20確認",
    "verifiedAt": "2026-09-20"
   }
  },
  {
   "type": "Feature",
   "geometry": {
    "type": "Point",
    "coordinates": [
     134.2012941,
     35.3072508
    ]
   },
   "properties": {
    "id": "TH-kP11-22-31-bs2214",
    "kind": "trailhead",
    "name": "川中橋",
    "datum": "WGS84",
    "mountainIds": "502",
    "mountainNames": "三角山",
    "lists": "中国百名山",
    "routes": "",
    "entryType": "駐車場・バス停（林道・車道を経由して登山道へ）",
    "trailKmToSummit": "三角山:5.31km",
    "related": "BS-kP11-22-31-bs2214(0m) BS-kP11-22-31-bs2214(0m) BS-kP11-22-31-bs2204(667m)",
    "attributes": "",
    "status": "provisional",
    "accuracyM": 15,
    "needsReview": "公式情報または2情報源での確認が必要",
    "sources": "国土数値情報（バス停留所データ）令和4年度（国土交通省）P11-22-31-bs2214（JGD2011）を加工して作成 ｜ OpenStreetMap（© OpenStreetMap contributors, ODbL 1.0）Geofabrik japan-latest.osm.pbf 2026-09-23T20:22:04Z node/3952760792（登山道と道路の接続点）",
    "verifiedAt": ""
   }
  },
  {
   "type": "Feature",
   "geometry": {
    "type": "Point",
    "coordinates": [
     134.3796247,
     35.4659705
    ]
   },
   "properties": {
    "id": "TH-kP11-22-31-bs944",
    "kind": "trailhead",
    "name": "大石（国府町）",
    "datum": "WGS84",
    "mountainIds": "466",
    "mountainNames": "扇ノ山",
    "lists": "日本三百名山|関西百名山|中国百名山",
    "routes": "",
    "entryType": "駐車場・バス停（林道・車道を経由して登山道へ）",
    "trailKmToSummit": "扇ノ山:8.26km",
    "related": "BS-kP11-22-31-bs944(0m) BS-kP11-22-31-bs908(396m)",
    "attributes": "",
    "status": "provisional",
    "accuracyM": 15,
    "needsReview": "林道からの入口（マイカー進入可否を要確認）、公式情報または2情報源での確認が必要",
    "sources": "国土数値情報（バス停留所データ）令和4年度（国土交通省）P11-22-31-bs944（JGD2011）を加工して作成 ｜ OpenStreetMap（© OpenStreetMap contributors, ODbL 1.0）Geofabrik japan-latest.osm.pbf 2026-09-23T20:22:04Z node/1450193920（登山道と道路の接続点）",
    "verifiedAt": ""
   }
  },
  {
   "type": "Feature",
   "geometry": {
    "type": "Point",
    "coordinates": [
     132.2005516,
     34.8182058
    ]
   },
   "properties": {
    "id": "TH-kP11-22-32-bs3421",
    "kind": "trailhead",
    "name": "下徳田",
    "datum": "WGS84",
    "mountainIds": "622",
    "mountainNames": "金木山",
    "lists": "中国百名山",
    "routes": "",
    "entryType": "駐車場・バス停（林道・車道を経由して登山道へ）",
    "trailKmToSummit": "金木山:1.83km",
    "related": "BS-kP11-22-32-bs3421(0m) BS-kP11-22-32-bs3425(421m) BS-kP11-22-32-bs3416(463m)",
    "attributes": "",
    "status": "provisional",
    "accuracyM": 15,
    "needsReview": "林道からの入口（マイカー進入可否を要確認）、公式情報または2情報源での確認が必要",
    "sources": "国土数値情報（バス停留所データ）令和4年度（国土交通省）P11-22-32-bs3421（JGD2011）を加工して作成 ｜ OpenStreetMap（© OpenStreetMap contributors, ODbL 1.0）Geofabrik japan-latest.osm.pbf 2026-09-23T20:22:04Z node/13784825952（登山道と道路の接続点）",
    "verifiedAt": ""
   }
  },
  {
   "type": "Feature",
   "geometry": {
    "type": "Point",
    "coordinates": [
     132.4098521,
     34.6632412
    ]
   },
   "properties": {
    "id": "TH-kP11-22-34-bs1773",
    "kind": "trailhead",
    "name": "庄原宮",
    "datum": "WGS84",
    "mountainIds": "638",
    "mountainNames": "龍頭山",
    "lists": "中国百名山",
    "routes": "",
    "entryType": "駐車場・バス停（林道・車道を経由して登山道へ）",
    "trailKmToSummit": "龍頭山:2.11km",
    "related": "PK-w1547483320(474m) BS-kP11-22-34-bs1773(0m) BS-kP11-22-34-bs1785(293m) BS-kP11-22-34-bs1785(293m)",
    "attributes": "",
    "status": "provisional",
    "accuracyM": 15,
    "needsReview": "林道からの入口（マイカー進入可否を要確認）、公式情報または2情報源での確認が必要",
    "sources": "国土数値情報（バス停留所データ）令和4年度（国土交通省）P11-22-34-bs1773（JGD2011）を加工して作成 ｜ OpenStreetMap（© OpenStreetMap contributors, ODbL 1.0）Geofabrik japan-latest.osm.pbf 2026-09-23T20:22:04Z node/1280863064（登山道と道路の接続点）",
    "verifiedAt": ""
   }
  },
  {
   "type": "Feature",
   "geometry": {
    "type": "Point",
    "coordinates": [
     132.6912159,
     34.5687467
    ]
   },
   "properties": {
    "id": "TH-kP11-22-34-bs2608",
    "kind": "trailhead",
    "name": "上有留",
    "datum": "WGS84",
    "mountainIds": "647",
    "mountainNames": "鎌倉寺山",
    "lists": "中国百名山",
    "routes": "",
    "entryType": "駐車場・バス停（林道・車道を経由して登山道へ）",
    "trailKmToSummit": "鎌倉寺山:3.16km",
    "related": "BS-kP11-22-34-bs2608(0m) BS-kP11-22-34-bs2573(614m) BS-kP11-22-34-bs2536(933m)",
    "attributes": "",
    "status": "provisional",
    "accuracyM": 15,
    "needsReview": "林道からの入口（マイカー進入可否を要確認）、公式情報または2情報源での確認が必要",
    "sources": "国土数値情報（バス停留所データ）令和4年度（国土交通省）P11-22-34-bs2608（JGD2011）を加工して作成 ｜ OpenStreetMap（© OpenStreetMap contributors, ODbL 1.0）Geofabrik japan-latest.osm.pbf 2026-09-23T20:22:04Z node/1314772706（登山道と道路の接続点）",
    "verifiedAt": ""
   }
  },
  {
   "type": "Feature",
   "geometry": {
    "type": "Point",
    "coordinates": [
     132.0517508,
     34.4185306
    ]
   },
   "properties": {
    "id": "TH-kP11-22-35-bs166",
    "kind": "trailhead",
    "name": "澄坂",
    "datum": "WGS84",
    "mountainIds": "660 664",
    "mountainNames": "冠山、寂地山",
    "lists": "中国百名山",
    "routes": "OSM登山道「右谷山林道」",
    "entryType": "駐車場・バス停（林道・車道を経由して登山道へ）",
    "trailKmToSummit": "冠山:11.04km 寂地山:8.07km",
    "related": "BS-kP11-22-35-bs166(0m) BS-kP11-22-35-bs191(484m) BS-kP11-22-35-bs143(761m)",
    "attributes": "",
    "status": "provisional",
    "accuracyM": 15,
    "needsReview": "林道からの入口（マイカー進入可否を要確認）、公式情報または2情報源での確認が必要",
    "sources": "国土数値情報（バス停留所データ）令和4年度（国土交通省）P11-22-35-bs166（JGD2011）を加工して作成 ｜ OpenStreetMap（© OpenStreetMap contributors, ODbL 1.0）Geofabrik japan-latest.osm.pbf 2026-09-23T20:22:04Z node/1329175297（登山道と道路の接続点）",
    "verifiedAt": ""
   }
  },
  {
   "type": "Feature",
   "geometry": {
    "type": "Point",
    "coordinates": [
     132.066494,
     34.4370758
    ]
   },
   "properties": {
    "id": "TH-kP11-22-35-bs98",
    "kind": "trailhead",
    "name": "常国",
    "datum": "WGS84",
    "mountainIds": "660 664",
    "mountainNames": "冠山、寂地山",
    "lists": "中国百名山",
    "routes": "OSM登山道「寂地林道」",
    "entryType": "駐車場・バス停（林道・車道を経由して登山道へ）",
    "trailKmToSummit": "冠山:4.54km 寂地山:5.43km",
    "related": "BS-kP11-22-35-bs98(0m) BS-kP11-22-35-bs95(180m) BS-kP11-22-35-bs106(453m)",
    "attributes": "",
    "status": "provisional",
    "accuracyM": 15,
    "needsReview": "公式情報または2情報源での確認が必要",
    "sources": "国土数値情報（バス停留所データ）令和4年度（国土交通省）P11-22-35-bs98（JGD2011）を加工して作成 ｜ OpenStreetMap（© OpenStreetMap contributors, ODbL 1.0）Geofabrik japan-latest.osm.pbf 2026-09-23T20:22:04Z node/1329170931（登山道と道路の接続点） ｜ 国土地理院 地名検索「常国」（34.435783, 132.067322、JGD2011、162m差）2026-09-20確認",
    "verifiedAt": "2026-09-20"
   }
  },
  {
   "type": "Feature",
   "geometry": {
    "type": "Point",
    "coordinates": [
     134.3326655,
     35.5422177
    ]
   },
   "properties": {
    "id": "TH-n11244226341",
    "kind": "trailhead",
    "name": "（名称未確認）",
    "datum": "WGS84",
    "mountainIds": "439",
    "mountainNames": "二上山",
    "lists": "中国百名山",
    "routes": "",
    "entryType": "一般道（県道以上）との接続",
    "trailKmToSummit": "二上山:1.25km",
    "related": "PK-w1213658288(57m)",
    "attributes": "",
    "status": "provisional",
    "accuracyM": 30,
    "needsReview": "名称未確認、公式情報または2情報源での確認が必要",
    "sources": "OpenStreetMap（© OpenStreetMap contributors, ODbL 1.0）Geofabrik japan-latest.osm.pbf 2026-09-23T20:22:04Z node/11244226341（登山道と道路の接続点）",
    "verifiedAt": ""
   }
  },
  {
   "type": "Feature",
   "geometry": {
    "type": "Point",
    "coordinates": [
     134.3350397,
     35.5398264
    ]
   },
   "properties": {
    "id": "TH-n11244226406",
    "kind": "trailhead",
    "name": "（名称未確認）",
    "datum": "WGS84",
    "mountainIds": "439",
    "mountainNames": "二上山",
    "lists": "中国百名山",
    "routes": "",
    "entryType": "一般道（県道以上）との接続",
    "trailKmToSummit": "二上山:1.45km",
    "related": "PK-w1213658288(284m)",
    "attributes": "",
    "status": "provisional",
    "accuracyM": 30,
    "needsReview": "名称未確認、公式情報または2情報源での確認が必要",
    "sources": "OpenStreetMap（© OpenStreetMap contributors, ODbL 1.0）Geofabrik japan-latest.osm.pbf 2026-09-23T20:22:04Z node/11244226406（登山道と道路の接続点）",
    "verifiedAt": ""
   }
  },
  {
   "type": "Feature",
   "geometry": {
    "type": "Point",
    "coordinates": [
     132.2160424,
     34.6454826
    ]
   },
   "properties": {
    "id": "TH-n1134791026",
    "kind": "trailhead",
    "name": "（名称未確認）",
    "datum": "WGS84",
    "mountainIds": "639",
    "mountainNames": "深入山",
    "lists": "中国百名山",
    "routes": "",
    "entryType": "一般道との接続",
    "trailKmToSummit": "深入山:1.02km",
    "related": "PK-w345046985(34m)",
    "attributes": "",
    "status": "provisional",
    "accuracyM": 30,
    "needsReview": "名称未確認、公式情報または2情報源での確認が必要",
    "sources": "OpenStreetMap（© OpenStreetMap contributors, ODbL 1.0）Geofabrik japan-latest.osm.pbf 2026-09-23T20:22:04Z node/1134791026（登山道と道路の接続点）",
    "verifiedAt": ""
   }
  },
  {
   "type": "Feature",
   "geometry": {
    "type": "Point",
    "coordinates": [
     132.2102027,
     34.641167
    ]
   },
   "properties": {
    "id": "TH-n1134792829",
    "kind": "trailhead",
    "name": "（名称未確認）",
    "datum": "WGS84",
    "mountainIds": "639",
    "mountainNames": "深入山",
    "lists": "中国百名山",
    "routes": "",
    "entryType": "一般道（県道以上）との接続",
    "trailKmToSummit": "深入山:1.08km",
    "related": "",
    "attributes": "",
    "status": "candidate",
    "accuracyM": 30,
    "needsReview": "名称未確認、公式情報または2情報源での確認が必要",
    "sources": "OpenStreetMap（© OpenStreetMap contributors, ODbL 1.0）Geofabrik japan-latest.osm.pbf 2026-09-23T20:22:04Z node/1134792829（登山道と道路の接続点）",
    "verifiedAt": ""
   }
  },
  {
   "type": "Feature",
   "geometry": {
    "type": "Point",
    "coordinates": [
     132.194123,
     34.70994
    ]
   },
   "properties": {
    "id": "TH-n1169115314",
    "kind": "trailhead",
    "name": "（名称未確認）二川橋バス停付近",
    "datum": "WGS84",
    "mountainIds": "636",
    "mountainNames": "臥龍山",
    "lists": "中国百名山",
    "routes": "",
    "entryType": "一般道との接続",
    "trailKmToSummit": "臥龍山:3.3km",
    "related": "BS-kP11-22-34-bs1302(962m)",
    "attributes": "",
    "status": "provisional",
    "accuracyM": 30,
    "needsReview": "名称未確認、公式情報または2情報源での確認が必要",
    "sources": "OpenStreetMap（© OpenStreetMap contributors, ODbL 1.0）Geofabrik japan-latest.osm.pbf 2026-09-23T20:22:04Z node/1169115314（登山道と道路の接続点）",
    "verifiedAt": ""
   }
  },
  {
   "type": "Feature",
   "geometry": {
    "type": "Point",
    "coordinates": [
     132.6411172,
     35.1285031
    ]
   },
   "properties": {
    "id": "TH-n11829365160",
    "kind": "trailhead",
    "name": "三瓶山 東の原（登山口・観光リフト）",
    "datum": "WGS84",
    "mountainIds": "575",
    "mountainNames": "三瓶山",
    "lists": "日本二百名山|日本三百名山|中国百名山",
    "routes": "",
    "entryType": "索道駅（ロープウェイ・ゴンドラ）",
    "trailKmToSummit": "三瓶山:3.31km",
    "related": "PK-w1275340672(148m) PK-w1275340673(200m) BS-kP11-22-32-bs2574(443m) BS-kP11-22-32-bs2605(987m)",
    "attributes": "parking=東の原駐車場（大田市）; cable=観光リフトで大平山展望台へ上がれる（大田市）",
    "status": "adopted",
    "accuracyM": 15,
    "needsReview": "東の原は女三瓶山・大平山・室内池へ向かうコースの起点（大田市）、三瓶山は大山隠岐国立公園に含まれる（島根県）",
    "sources": "OpenStreetMap（© OpenStreetMap contributors, ODbL 1.0）Geofabrik japan-latest.osm.pbf 2026-09-23T20:22:04Z node/11829365160 ｜ 公式情報: https://www.ginzan-wm.jp/purpose_post/sanbehigashinohara/ ｜ 公式情報: https://www.kankou-shimane.com/destination/20287",
    "verifiedAt": "2026-09-20"
   }
  },
  {
   "type": "Feature",
   "geometry": {
    "type": "Point",
    "coordinates": [
     132.6335843,
     35.132297
    ]
   },
   "properties": {
    "id": "TH-n11829365161",
    "kind": "trailhead",
    "name": "（名称未確認）",
    "datum": "WGS84",
    "mountainIds": "575",
    "mountainNames": "三瓶山",
    "lists": "日本二百名山|日本三百名山|中国百名山",
    "routes": "",
    "entryType": "索道駅（ロープウェイ・ゴンドラ）",
    "trailKmToSummit": "三瓶山:1.72km",
    "related": "",
    "attributes": "",
    "status": "provisional",
    "accuracyM": 15,
    "needsReview": "名称未確認、公式情報または2情報源での確認が必要",
    "sources": "OpenStreetMap（© OpenStreetMap contributors, ODbL 1.0）Geofabrik japan-latest.osm.pbf 2026-09-23T20:22:04Z node/11829365161",
    "verifiedAt": ""
   }
  },
  {
   "type": "Feature",
   "geometry": {
    "type": "Point",
    "coordinates": [
     132.4133594,
     35.0619709
    ]
   },
   "properties": {
    "id": "TH-n11918686708",
    "kind": "trailhead",
    "name": "（名称未確認）川上バス停付近",
    "datum": "WGS84",
    "mountainIds": "592",
    "mountainNames": "大江高山",
    "lists": "中国百名山",
    "routes": "",
    "entryType": "一般道との接続",
    "trailKmToSummit": "大江高山:1.42km",
    "related": "BS-kP11-22-32-bs2775(920m)",
    "attributes": "",
    "status": "provisional",
    "accuracyM": 30,
    "needsReview": "名称未確認、公式情報または2情報源での確認が必要",
    "sources": "OpenStreetMap（© OpenStreetMap contributors, ODbL 1.0）Geofabrik japan-latest.osm.pbf 2026-09-23T20:22:04Z node/11918686708（登山道と道路の接続点）",
    "verifiedAt": ""
   }
  },
  {
   "type": "Feature",
   "geometry": {
    "type": "Point",
    "coordinates": [
     132.1887647,
     34.8411987
    ]
   },
   "properties": {
    "id": "TH-n12034858127",
    "kind": "trailhead",
    "name": "（名称未確認）",
    "datum": "WGS84",
    "mountainIds": "622",
    "mountainNames": "金木山",
    "lists": "中国百名山",
    "routes": "",
    "entryType": "一般道との接続",
    "trailKmToSummit": "金木山:1.02km",
    "related": "",
    "attributes": "",
    "status": "candidate",
    "accuracyM": 30,
    "needsReview": "名称未確認、公式情報または2情報源での確認が必要",
    "sources": "OpenStreetMap（© OpenStreetMap contributors, ODbL 1.0）Geofabrik japan-latest.osm.pbf 2026-09-23T20:22:04Z node/12034858127（登山道と道路の接続点）",
    "verifiedAt": ""
   }
  },
  {
   "type": "Feature",
   "geometry": {
    "type": "Point",
    "coordinates": [
     132.5298641,
     34.4015797
    ]
   },
   "properties": {
    "id": "TH-n1266357171",
    "kind": "trailhead",
    "name": "笹ヶ峠",
    "datum": "WGS84",
    "mountainIds": "674",
    "mountainNames": "呉娑々宇山",
    "lists": "中国百名山",
    "routes": "",
    "entryType": "峠（道路との接続）",
    "trailKmToSummit": "呉娑々宇山:3.89km",
    "related": "",
    "attributes": "",
    "status": "adopted",
    "accuracyM": 30,
    "needsReview": "",
    "sources": "OpenStreetMap（© OpenStreetMap contributors, ODbL 1.0）Geofabrik japan-latest.osm.pbf 2026-09-23T20:22:04Z node/1266357171（登山道と道路の接続点） ｜ 国土地理院 地名検索「笹ヶ峠」（34.401941, 132.532978、JGD2011、289m差）2026-09-20確認",
    "verifiedAt": "2026-09-20"
   }
  },
  {
   "type": "Feature",
   "geometry": {
    "type": "Point",
    "coordinates": [
     132.573428,
     34.543028
    ]
   },
   "properties": {
    "id": "TH-n1268376494",
    "kind": "trailhead",
    "name": "（名称未確認）白木分れバス停付近",
    "datum": "WGS84",
    "mountainIds": "657",
    "mountainNames": "白木山",
    "lists": "中国百名山",
    "routes": "",
    "entryType": "一般道との接続",
    "trailKmToSummit": "白木山:2.82km",
    "related": "BS-kP11-22-34-bs2936(492m) BS-kP11-22-34-bs2936(492m) BS-kP11-22-34-bs2875(940m)",
    "attributes": "",
    "status": "provisional",
    "accuracyM": 30,
    "needsReview": "名称未確認、公式情報または2情報源での確認が必要",
    "sources": "OpenStreetMap（© OpenStreetMap contributors, ODbL 1.0）Geofabrik japan-latest.osm.pbf 2026-09-23T20:22:04Z node/1268376494（登山道と道路の接続点）",
    "verifiedAt": ""
   }
  },
  {
   "type": "Feature",
   "geometry": {
    "type": "Point",
    "coordinates": [
     132.6186533,
     34.5208795
    ]
   },
   "properties": {
    "id": "TH-n1268377139",
    "kind": "trailhead",
    "name": "（名称未確認）海戸バス停付近",
    "datum": "WGS84",
    "mountainIds": "657",
    "mountainNames": "白木山",
    "lists": "中国百名山",
    "routes": "",
    "entryType": "一般道との接続",
    "trailKmToSummit": "白木山:4.87km",
    "related": "BS-kP11-22-34-bs3191(335m) BS-kP11-22-34-bs3191(335m) BS-kP11-22-34-bs3235(512m)",
    "attributes": "",
    "status": "provisional",
    "accuracyM": 30,
    "needsReview": "名称未確認、公式情報または2情報源での確認が必要",
    "sources": "OpenStreetMap（© OpenStreetMap contributors, ODbL 1.0）Geofabrik japan-latest.osm.pbf 2026-09-23T20:22:04Z node/1268377139（登山道と道路の接続点） ｜ 国土地理院 地名検索「海戸」（34.521564, 132.619028、JGD2011、83m差）2026-09-20確認",
    "verifiedAt": "2026-09-20"
   }
  },
  {
   "type": "Feature",
   "geometry": {
    "type": "Point",
    "coordinates": [
     132.6264469,
     34.5284625
    ]
   },
   "properties": {
    "id": "TH-n1268379365",
    "kind": "trailhead",
    "name": "（名称未確認）中司バス停付近",
    "datum": "WGS84",
    "mountainIds": "657",
    "mountainNames": "白木山",
    "lists": "中国百名山",
    "routes": "",
    "entryType": "一般道との接続",
    "trailKmToSummit": "白木山:6.16km",
    "related": "BS-kP11-22-34-bs3149(291m) BS-kP11-22-34-bs3149(291m) BS-kP11-22-34-bs3139(593m)",
    "attributes": "",
    "status": "provisional",
    "accuracyM": 30,
    "needsReview": "名称未確認、公式情報または2情報源での確認が必要",
    "sources": "OpenStreetMap（© OpenStreetMap contributors, ODbL 1.0）Geofabrik japan-latest.osm.pbf 2026-09-23T20:22:04Z node/1268379365（登山道と道路の接続点）",
    "verifiedAt": ""
   }
  },
  {
   "type": "Feature",
   "geometry": {
    "type": "Point",
    "coordinates": [
     132.67851,
     34.550727
    ]
   },
   "properties": {
    "id": "TH-n1269979600",
    "kind": "trailhead",
    "name": "（名称未確認）",
    "datum": "WGS84",
    "mountainIds": "647",
    "mountainNames": "鎌倉寺山",
    "lists": "中国百名山",
    "routes": "OSM登山道「鷹山林道」",
    "entryType": "一般道との接続",
    "trailKmToSummit": "鎌倉寺山:1.04km",
    "related": "",
    "attributes": "",
    "status": "candidate",
    "accuracyM": 30,
    "needsReview": "名称未確認、公式情報または2情報源での確認が必要",
    "sources": "OpenStreetMap（© OpenStreetMap contributors, ODbL 1.0）Geofabrik japan-latest.osm.pbf 2026-09-23T20:22:04Z node/1269979600（登山道と道路の接続点）",
    "verifiedAt": ""
   }
  },
  {
   "type": "Feature",
   "geometry": {
    "type": "Point",
    "coordinates": [
     132.5851959,
     34.500013
    ]
   },
   "properties": {
    "id": "TH-n1269996145",
    "kind": "trailhead",
    "name": "（名称未確認）白木山口バス停付近",
    "datum": "WGS84",
    "mountainIds": "657",
    "mountainNames": "白木山",
    "lists": "中国百名山",
    "routes": "",
    "entryType": "一般道との接続",
    "trailKmToSummit": "白木山:2.97km",
    "related": "PK-w671003049(469m) BS-kP11-22-34-bs3581(408m) BS-kP11-22-34-bs3581(408m) BS-kP11-22-34-bs3511(641m)",
    "attributes": "",
    "status": "provisional",
    "accuracyM": 30,
    "needsReview": "名称未確認、公式情報または2情報源での確認が必要",
    "sources": "OpenStreetMap（© OpenStreetMap contributors, ODbL 1.0）Geofabrik japan-latest.osm.pbf 2026-09-23T20:22:04Z node/1269996145（登山道と道路の接続点） ｜ 国土地理院 地名検索「白木山駅」（34.500609, 132.585102、JGD2011、66m差）2026-09-20確認",
    "verifiedAt": "2026-09-20"
   }
  },
  {
   "type": "Feature",
   "geometry": {
    "type": "Point",
    "coordinates": [
     132.5921076,
     34.5090955
    ]
   },
   "properties": {
    "id": "TH-n1269997142",
    "kind": "trailhead",
    "name": "（名称未確認）下大椿橋バス停付近",
    "datum": "WGS84",
    "mountainIds": "657",
    "mountainNames": "白木山",
    "lists": "中国百名山",
    "routes": "",
    "entryType": "一般道との接続",
    "trailKmToSummit": "白木山:2.17km",
    "related": "BS-kP11-22-34-bs3464(652m) BS-kP11-22-34-bs3464(652m) BS-kP11-22-34-bs3409(686m)",
    "attributes": "",
    "status": "provisional",
    "accuracyM": 30,
    "needsReview": "名称未確認、公式情報または2情報源での確認が必要",
    "sources": "OpenStreetMap（© OpenStreetMap contributors, ODbL 1.0）Geofabrik japan-latest.osm.pbf 2026-09-23T20:22:04Z node/1269997142（登山道と道路の接続点）",
    "verifiedAt": ""
   }
  },
  {
   "type": "Feature",
   "geometry": {
    "type": "Point",
    "coordinates": [
     132.345283,
     34.441587
    ]
   },
   "properties": {
    "id": "TH-n1270346188",
    "kind": "trailhead",
    "name": "（名称未確認）",
    "datum": "WGS84",
    "mountainIds": "671",
    "mountainNames": "窓ヶ山",
    "lists": "中国百名山",
    "routes": "",
    "entryType": "一般道との接続",
    "trailKmToSummit": "窓ヶ山:0.92km",
    "related": "",
    "attributes": "",
    "status": "candidate",
    "accuracyM": 30,
    "needsReview": "名称未確認、公式情報または2情報源での確認が必要",
    "sources": "OpenStreetMap（© OpenStreetMap contributors, ODbL 1.0）Geofabrik japan-latest.osm.pbf 2026-09-23T20:22:04Z node/1270346188（登山道と道路の接続点）",
    "verifiedAt": ""
   }
  },
  {
   "type": "Feature",
   "geometry": {
    "type": "Point",
    "coordinates": [
     132.54244,
     34.405748
    ]
   },
   "properties": {
    "id": "TH-n1276625283",
    "kind": "trailhead",
    "name": "（名称未確認）奥畑バス停付近",
    "datum": "WGS84",
    "mountainIds": "674",
    "mountainNames": "呉娑々宇山",
    "lists": "中国百名山",
    "routes": "",
    "entryType": "一般道との接続",
    "trailKmToSummit": "呉娑々宇山:2.26km",
    "related": "BS-kP11-22-34-bs5890(859m) BS-kP11-22-34-bs5890(859m) BS-kP11-22-34-bs5998(947m)",
    "attributes": "",
    "status": "provisional",
    "accuracyM": 30,
    "needsReview": "名称未確認、公式情報または2情報源での確認が必要",
    "sources": "OpenStreetMap（© OpenStreetMap contributors, ODbL 1.0）Geofabrik japan-latest.osm.pbf 2026-09-23T20:22:04Z node/1276625283（登山道と道路の接続点）",
    "verifiedAt": ""
   }
  },
  {
   "type": "Feature",
   "geometry": {
    "type": "Point",
    "coordinates": [
     132.540363,
     34.401855
    ]
   },
   "properties": {
    "id": "TH-n1276626721",
    "kind": "trailhead",
    "name": "（名称未確認）随木屋橋バス停付近",
    "datum": "WGS84",
    "mountainIds": "674",
    "mountainNames": "呉娑々宇山",
    "lists": "中国百名山",
    "routes": "",
    "entryType": "一般道との接続",
    "trailKmToSummit": "呉娑々宇山:4.29km",
    "related": "BS-kP11-22-34-bs5998(819m) BS-kP11-22-34-bs5998(819m) BS-kP11-22-34-bs5890(937m)",
    "attributes": "",
    "status": "provisional",
    "accuracyM": 30,
    "needsReview": "名称未確認、公式情報または2情報源での確認が必要",
    "sources": "OpenStreetMap（© OpenStreetMap contributors, ODbL 1.0）Geofabrik japan-latest.osm.pbf 2026-09-23T20:22:04Z node/1276626721（登山道と道路の接続点）",
    "verifiedAt": ""
   }
  },
  {
   "type": "Feature",
   "geometry": {
    "type": "Point",
    "coordinates": [
     132.194577,
     34.691921
    ]
   },
   "properties": {
    "id": "TH-n1279986955",
    "kind": "trailhead",
    "name": "（名称未確認）",
    "datum": "WGS84",
    "mountainIds": "636",
    "mountainNames": "臥龍山",
    "lists": "中国百名山",
    "routes": "",
    "entryType": "林道との接続",
    "trailKmToSummit": "臥龍山:0.28km",
    "related": "",
    "attributes": "",
    "status": "candidate",
    "accuracyM": 30,
    "needsReview": "名称未確認、林道からの入口（マイカー進入可否を要確認）、公式情報または2情報源での確認が必要",
    "sources": "OpenStreetMap（© OpenStreetMap contributors, ODbL 1.0）Geofabrik japan-latest.osm.pbf 2026-09-23T20:22:04Z node/1279986955（登山道と道路の接続点）",
    "verifiedAt": ""
   }
  },
  {
   "type": "Feature",
   "geometry": {
    "type": "Point",
    "coordinates": [
     132.1802805,
     34.7024932
    ]
   },
   "properties": {
    "id": "TH-n1279988429",
    "kind": "trailhead",
    "name": "（名称未確認）",
    "datum": "WGS84",
    "mountainIds": "636",
    "mountainNames": "臥龍山",
    "lists": "中国百名山",
    "routes": "",
    "entryType": "一般道との接続",
    "trailKmToSummit": "臥龍山:2.13km",
    "related": "",
    "attributes": "",
    "status": "candidate",
    "accuracyM": 30,
    "needsReview": "名称未確認、公式情報または2情報源での確認が必要",
    "sources": "OpenStreetMap（© OpenStreetMap contributors, ODbL 1.0）Geofabrik japan-latest.osm.pbf 2026-09-23T20:22:04Z node/1279988429（登山道と道路の接続点）",
    "verifiedAt": ""
   }
  },
  {
   "type": "Feature",
   "geometry": {
    "type": "Point",
    "coordinates": [
     132.184101,
     34.684086
    ]
   },
   "properties": {
    "id": "TH-n1279990109",
    "kind": "trailhead",
    "name": "（名称未確認）",
    "datum": "WGS84",
    "mountainIds": "636",
    "mountainNames": "臥龍山",
    "lists": "中国百名山",
    "routes": "",
    "entryType": "道路の終点付近",
    "trailKmToSummit": "臥龍山:1.46km",
    "related": "",
    "attributes": "",
    "status": "candidate",
    "accuracyM": 30,
    "needsReview": "名称未確認、林道からの入口（マイカー進入可否を要確認）、公式情報または2情報源での確認が必要",
    "sources": "OpenStreetMap（© OpenStreetMap contributors, ODbL 1.0）Geofabrik japan-latest.osm.pbf 2026-09-23T20:22:04Z node/1279990109（登山道と道路の接続点）",
    "verifiedAt": ""
   }
  },
  {
   "type": "Feature",
   "geometry": {
    "type": "Point",
    "coordinates": [
     132.245531,
     34.801931
    ]
   },
   "properties": {
    "id": "TH-n1279993596",
    "kind": "trailhead",
    "name": "（名称未確認）",
    "datum": "WGS84",
    "mountainIds": "625",
    "mountainNames": "雲月山",
    "lists": "中国百名山",
    "routes": "",
    "entryType": "林道との接続",
    "trailKmToSummit": "雲月山:1.06km",
    "related": "",
    "attributes": "",
    "status": "candidate",
    "accuracyM": 30,
    "needsReview": "名称未確認、林道からの入口（マイカー進入可否を要確認）、公式情報または2情報源での確認が必要",
    "sources": "OpenStreetMap（© OpenStreetMap contributors, ODbL 1.0）Geofabrik japan-latest.osm.pbf 2026-09-23T20:22:04Z node/1279993596（登山道と道路の接続点）",
    "verifiedAt": ""
   }
  },
  {
   "type": "Feature",
   "geometry": {
    "type": "Point",
    "coordinates": [
     132.362551,
     34.78513
    ]
   },
   "properties": {
    "id": "TH-n1280011862",
    "kind": "trailhead",
    "name": "（名称未確認）",
    "datum": "WGS84",
    "mountainIds": "626",
    "mountainNames": "阿佐山",
    "lists": "中国百名山",
    "routes": "",
    "entryType": "道路の終点付近",
    "trailKmToSummit": "阿佐山:2.65km",
    "related": "",
    "attributes": "",
    "status": "candidate",
    "accuracyM": 30,
    "needsReview": "名称未確認、林道からの入口（マイカー進入可否を要確認）、公式情報または2情報源での確認が必要",
    "sources": "OpenStreetMap（© OpenStreetMap contributors, ODbL 1.0）Geofabrik japan-latest.osm.pbf 2026-09-23T20:22:04Z node/1280011862（登山道と道路の接続点）",
    "verifiedAt": ""
   }
  },
  {
   "type": "Feature",
   "geometry": {
    "type": "Point",
    "coordinates": [
     132.4179581,
     34.6646619
    ]
   },
   "properties": {
    "id": "TH-n1280863064",
    "kind": "trailhead",
    "name": "（名称未確認）庄原宮バス停付近",
    "datum": "WGS84",
    "mountainIds": "638",
    "mountainNames": "龍頭山",
    "lists": "中国百名山",
    "routes": "",
    "entryType": "道路の終点付近",
    "trailKmToSummit": "龍頭山:1.35km",
    "related": "BS-kP11-22-34-bs1773(759m) BS-kP11-22-34-bs1785(998m) BS-kP11-22-34-bs1786(998m)",
    "attributes": "",
    "status": "provisional",
    "accuracyM": 30,
    "needsReview": "名称未確認、公式情報または2情報源での確認が必要",
    "sources": "OpenStreetMap（© OpenStreetMap contributors, ODbL 1.0）Geofabrik japan-latest.osm.pbf 2026-09-23T20:22:04Z node/1280863064（登山道と道路の接続点）",
    "verifiedAt": ""
   }
  },
  {
   "type": "Feature",
   "geometry": {
    "type": "Point",
    "coordinates": [
     132.4255398,
     34.6588165
    ]
   },
   "properties": {
    "id": "TH-n1280864103",
    "kind": "trailhead",
    "name": "（名称未確認）掛札バス停付近",
    "datum": "WGS84",
    "mountainIds": "638",
    "mountainNames": "龍頭山",
    "lists": "中国百名山",
    "routes": "",
    "entryType": "一般道との接続",
    "trailKmToSummit": "龍頭山:0.97km",
    "related": "BS-kP11-22-34-bs1805(579m) BS-kP11-22-34-bs1805(579m) BS-kP11-22-34-bs1806(579m)",
    "attributes": "",
    "status": "provisional",
    "accuracyM": 30,
    "needsReview": "名称未確認、公式情報または2情報源での確認が必要",
    "sources": "OpenStreetMap（© OpenStreetMap contributors, ODbL 1.0）Geofabrik japan-latest.osm.pbf 2026-09-23T20:22:04Z node/1280864103（登山道と道路の接続点）",
    "verifiedAt": ""
   }
  },
  {
   "type": "Feature",
   "geometry": {
    "type": "Point",
    "coordinates": [
     132.4258539,
     34.654942
    ]
   },
   "properties": {
    "id": "TH-n1280864642",
    "kind": "trailhead",
    "name": "（名称未確認）豊平学園下バス停付近",
    "datum": "WGS84",
    "mountainIds": "638",
    "mountainNames": "龍頭山",
    "lists": "中国百名山",
    "routes": "",
    "entryType": "一般道との接続",
    "trailKmToSummit": "龍頭山:1.31km",
    "related": "BS-kP11-22-34-bs1815(253m) BS-kP11-22-34-bs1816(253m) BS-kP11-22-34-bs1817(253m)",
    "attributes": "",
    "status": "provisional",
    "accuracyM": 30,
    "needsReview": "名称未確認、公式情報または2情報源での確認が必要",
    "sources": "OpenStreetMap（© OpenStreetMap contributors, ODbL 1.0）Geofabrik japan-latest.osm.pbf 2026-09-23T20:22:04Z node/1280864642（登山道と道路の接続点）",
    "verifiedAt": ""
   }
  },
  {
   "type": "Feature",
   "geometry": {
    "type": "Point",
    "coordinates": [
     131.1753263,
     34.4175099
    ]
   },
   "properties": {
    "id": "TH-n1281595589",
    "kind": "trailhead",
    "name": "（名称未確認）",
    "datum": "WGS84",
    "mountainIds": "675",
    "mountainNames": "高山",
    "lists": "中国百名山",
    "routes": "",
    "entryType": "一般道との接続",
    "trailKmToSummit": "高山:0.54km",
    "related": "",
    "attributes": "",
    "status": "candidate",
    "accuracyM": 30,
    "needsReview": "名称未確認、公式情報または2情報源での確認が必要",
    "sources": "OpenStreetMap（© OpenStreetMap contributors, ODbL 1.0）Geofabrik japan-latest.osm.pbf 2026-09-23T20:22:04Z node/1281595589（登山道と道路の接続点）",
    "verifiedAt": ""
   }
  },
  {
   "type": "Feature",
   "geometry": {
    "type": "Point",
    "coordinates": [
     132.246174,
     33.911776
    ]
   },
   "properties": {
    "id": "TH-n1282610508",
    "kind": "trailhead",
    "name": "（名称未確認）",
    "datum": "WGS84",
    "mountainIds": "754",
    "mountainNames": "嘉納山",
    "lists": "中国百名山",
    "routes": "",
    "entryType": "林道との接続",
    "trailKmToSummit": "嘉納山:0.27km",
    "related": "",
    "attributes": "",
    "status": "candidate",
    "accuracyM": 30,
    "needsReview": "名称未確認、林道からの入口（マイカー進入可否を要確認）、公式情報または2情報源での確認が必要",
    "sources": "OpenStreetMap（© OpenStreetMap contributors, ODbL 1.0）Geofabrik japan-latest.osm.pbf 2026-09-23T20:22:04Z node/1282610508（登山道と道路の接続点）",
    "verifiedAt": ""
   }
  },
  {
   "type": "Feature",
   "geometry": {
    "type": "Point",
    "coordinates": [
     132.24936,
     33.915054
    ]
   },
   "properties": {
    "id": "TH-n1282612546",
    "kind": "trailhead",
    "name": "（名称未確認）",
    "datum": "WGS84",
    "mountainIds": "754",
    "mountainNames": "嘉納山",
    "lists": "中国百名山",
    "routes": "",
    "entryType": "一般道との接続",
    "trailKmToSummit": "嘉納山:0.39km",
    "related": "",
    "attributes": "",
    "status": "candidate",
    "accuracyM": 30,
    "needsReview": "名称未確認、公式情報または2情報源での確認が必要",
    "sources": "OpenStreetMap（© OpenStreetMap contributors, ODbL 1.0）Geofabrik japan-latest.osm.pbf 2026-09-23T20:22:04Z node/1282612546（登山道と道路の接続点）",
    "verifiedAt": ""
   }
  },
  {
   "type": "Feature",
   "geometry": {
    "type": "Point",
    "coordinates": [
     132.0335899,
     33.9950226
    ]
   },
   "properties": {
    "id": "TH-n1282914423",
    "kind": "trailhead",
    "name": "（名称未確認）十王バス停付近",
    "datum": "WGS84",
    "mountainIds": "734",
    "mountainNames": "石城山",
    "lists": "中国百名山",
    "routes": "",
    "entryType": "一般道（県道以上）との接続",
    "trailKmToSummit": "石城山:0.76km",
    "related": "BS-kP11-22-35-bs3534(321m) BS-kP11-22-35-bs3544(710m) BS-kP11-22-35-bs3550(785m)",
    "attributes": "",
    "status": "provisional",
    "accuracyM": 30,
    "needsReview": "名称未確認、公式情報または2情報源での確認が必要",
    "sources": "OpenStreetMap（© OpenStreetMap contributors, ODbL 1.0）Geofabrik japan-latest.osm.pbf 2026-09-23T20:22:04Z node/1282914423（登山道と道路の接続点）",
    "verifiedAt": ""
   }
  },
  {
   "type": "Feature",
   "geometry": {
    "type": "Point",
    "coordinates": [
     132.038618,
     33.9912115
    ]
   },
   "properties": {
    "id": "TH-n1282915558",
    "kind": "trailhead",
    "name": "（名称未確認）佐田下バス停付近",
    "datum": "WGS84",
    "mountainIds": "734",
    "mountainNames": "石城山",
    "lists": "中国百名山",
    "routes": "",
    "entryType": "一般道（県道以上）との接続",
    "trailKmToSummit": "石城山:0.49km",
    "related": "BS-kP11-22-35-bs3550(617m) BS-kP11-22-35-bs3555(923m) BS-kP11-22-35-bs3534(925m)",
    "attributes": "",
    "status": "provisional",
    "accuracyM": 30,
    "needsReview": "名称未確認、公式情報または2情報源での確認が必要",
    "sources": "OpenStreetMap（© OpenStreetMap contributors, ODbL 1.0）Geofabrik japan-latest.osm.pbf 2026-09-23T20:22:04Z node/1282915558（登山道と道路の接続点）",
    "verifiedAt": ""
   }
  },
  {
   "type": "Feature",
   "geometry": {
    "type": "Point",
    "coordinates": [
     132.0265668,
     33.9930789
    ]
   },
   "properties": {
    "id": "TH-n1282919596",
    "kind": "trailhead",
    "name": "（名称未確認）小倉バス停付近",
    "datum": "WGS84",
    "mountainIds": "734",
    "mountainNames": "石城山",
    "lists": "中国百名山",
    "routes": "",
    "entryType": "一般道（県道以上）との接続",
    "trailKmToSummit": "石城山:0.94km",
    "related": "BS-kP11-22-35-bs3544(394m) BS-kP11-22-35-bs3599(620m) BS-kP11-22-35-bs3534(740m)",
    "attributes": "",
    "status": "provisional",
    "accuracyM": 30,
    "needsReview": "名称未確認、公式情報または2情報源での確認が必要",
    "sources": "OpenStreetMap（© OpenStreetMap contributors, ODbL 1.0）Geofabrik japan-latest.osm.pbf 2026-09-23T20:22:04Z node/1282919596（登山道と道路の接続点）",
    "verifiedAt": ""
   }
  },
  {
   "type": "Feature",
   "geometry": {
    "type": "Point",
    "coordinates": [
     132.0258529,
     33.9883285
    ]
   },
   "properties": {
    "id": "TH-n1282919927",
    "kind": "trailhead",
    "name": "（名称未確認）須賀社バス停付近",
    "datum": "WGS84",
    "mountainIds": "734",
    "mountainNames": "石城山",
    "lists": "中国百名山",
    "routes": "",
    "entryType": "一般道（県道以上）との接続",
    "trailKmToSummit": "石城山:0.85km",
    "related": "BS-kP11-22-35-bs3599(742m) BS-kP11-22-35-bs3544(917m)",
    "attributes": "",
    "status": "provisional",
    "accuracyM": 30,
    "needsReview": "名称未確認、公式情報または2情報源での確認が必要",
    "sources": "OpenStreetMap（© OpenStreetMap contributors, ODbL 1.0）Geofabrik japan-latest.osm.pbf 2026-09-23T20:22:04Z node/1282919927（登山道と道路の接続点）",
    "verifiedAt": ""
   }
  },
  {
   "type": "Feature",
   "geometry": {
    "type": "Point",
    "coordinates": [
     132.229205,
     33.907857
    ]
   },
   "properties": {
    "id": "TH-n1285488970",
    "kind": "trailhead",
    "name": "（名称未確認）",
    "datum": "WGS84",
    "mountainIds": "754",
    "mountainNames": "嘉納山",
    "lists": "中国百名山",
    "routes": "",
    "entryType": "一般道（県道以上）との接続",
    "trailKmToSummit": "嘉納山:1.79km",
    "related": "",
    "attributes": "",
    "status": "candidate",
    "accuracyM": 30,
    "needsReview": "名称未確認、公式情報または2情報源での確認が必要",
    "sources": "OpenStreetMap（© OpenStreetMap contributors, ODbL 1.0）Geofabrik japan-latest.osm.pbf 2026-09-23T20:22:04Z node/1285488970（登山道と道路の接続点）",
    "verifiedAt": ""
   }
  },
  {
   "type": "Feature",
   "geometry": {
    "type": "Point",
    "coordinates": [
     132.2429389,
     33.8933908
    ]
   },
   "properties": {
    "id": "TH-n1285525504",
    "kind": "trailhead",
    "name": "（名称未確認）",
    "datum": "WGS84",
    "mountainIds": "754",
    "mountainNames": "嘉納山",
    "lists": "中国百名山",
    "routes": "",
    "entryType": "一般道（県道以上）との接続",
    "trailKmToSummit": "嘉納山:2.66km",
    "related": "",
    "attributes": "",
    "status": "candidate",
    "accuracyM": 30,
    "needsReview": "名称未確認、公式情報または2情報源での確認が必要",
    "sources": "OpenStreetMap（© OpenStreetMap contributors, ODbL 1.0）Geofabrik japan-latest.osm.pbf 2026-09-23T20:22:04Z node/1285525504（登山道と道路の接続点）",
    "verifiedAt": ""
   }
  },
  {
   "type": "Feature",
   "geometry": {
    "type": "Point",
    "coordinates": [
     133.3272507,
     36.2426296
    ]
   },
   "properties": {
    "id": "TH-n1286130461",
    "kind": "trailhead",
    "name": "（名称未確認）",
    "datum": "WGS84",
    "mountainIds": "321",
    "mountainNames": "大満寺山",
    "lists": "中国百名山",
    "routes": "",
    "entryType": "一般道との接続",
    "trailKmToSummit": "大満寺山:2.02km",
    "related": "",
    "attributes": "",
    "status": "candidate",
    "accuracyM": 30,
    "needsReview": "名称未確認、公式情報または2情報源での確認が必要",
    "sources": "OpenStreetMap（© OpenStreetMap contributors, ODbL 1.0）Geofabrik japan-latest.osm.pbf 2026-09-23T20:22:04Z node/1286130461（登山道と道路の接続点）",
    "verifiedAt": ""
   }
  },
  {
   "type": "Feature",
   "geometry": {
    "type": "Point",
    "coordinates": [
     133.324808,
     36.247155
    ]
   },
   "properties": {
    "id": "TH-n1286134024",
    "kind": "trailhead",
    "name": "（名称未確認）",
    "datum": "WGS84",
    "mountainIds": "321",
    "mountainNames": "大満寺山",
    "lists": "中国百名山",
    "routes": "",
    "entryType": "一般道との接続",
    "trailKmToSummit": "大満寺山:1.56km",
    "related": "",
    "attributes": "",
    "status": "candidate",
    "accuracyM": 30,
    "needsReview": "名称未確認、公式情報または2情報源での確認が必要",
    "sources": "OpenStreetMap（© OpenStreetMap contributors, ODbL 1.0）Geofabrik japan-latest.osm.pbf 2026-09-23T20:22:04Z node/1286134024（登山道と道路の接続点）",
    "verifiedAt": ""
   }
  },
  {
   "type": "Feature",
   "geometry": {
    "type": "Point",
    "coordinates": [
     131.789624,
     34.4680279
    ]
   },
   "properties": {
    "id": "TH-n1287234292",
    "kind": "trailhead",
    "name": "（名称未確認）",
    "datum": "WGS84",
    "mountainIds": "661",
    "mountainNames": "青野山",
    "lists": "中国百名山",
    "routes": "OSM登山道「中国自然歩道」",
    "entryType": "林道との接続",
    "trailKmToSummit": "青野山:1.43km",
    "related": "",
    "attributes": "",
    "status": "candidate",
    "accuracyM": 30,
    "needsReview": "名称未確認、林道からの入口（マイカー進入可否を要確認）、公式情報または2情報源での確認が必要",
    "sources": "OpenStreetMap（© OpenStreetMap contributors, ODbL 1.0）Geofabrik japan-latest.osm.pbf 2026-09-23T20:22:04Z node/1287234292（登山道と道路の接続点）",
    "verifiedAt": ""
   }
  },
  {
   "type": "Feature",
   "geometry": {
    "type": "Point",
    "coordinates": [
     131.961548,
     34.5105549
    ]
   },
   "properties": {
    "id": "TH-n1287241283",
    "kind": "trailhead",
    "name": "（名称未確認）",
    "datum": "WGS84",
    "mountainIds": "662",
    "mountainNames": "安蔵寺山",
    "lists": "中国百名山",
    "routes": "",
    "entryType": "一般道（県道以上）との接続",
    "trailKmToSummit": "安蔵寺山:4.25km",
    "related": "",
    "attributes": "",
    "status": "candidate",
    "accuracyM": 30,
    "needsReview": "名称未確認、登山道が道路を横断する地点（途中の入口の可能性）、公式情報または2情報源での確認が必要",
    "sources": "OpenStreetMap（© OpenStreetMap contributors, ODbL 1.0）Geofabrik japan-latest.osm.pbf 2026-09-23T20:22:04Z node/1287241283（登山道と道路の接続点）",
    "verifiedAt": ""
   }
  },
  {
   "type": "Feature",
   "geometry": {
    "type": "Point",
    "coordinates": [
     131.7882314,
     34.4586715
    ]
   },
   "properties": {
    "id": "TH-n1287245214",
    "kind": "trailhead",
    "name": "（名称未確認）",
    "datum": "WGS84",
    "mountainIds": "661",
    "mountainNames": "青野山",
    "lists": "中国百名山",
    "routes": "",
    "entryType": "一般道（県道以上）との接続",
    "trailKmToSummit": "青野山:2.67km",
    "related": "",
    "attributes": "",
    "status": "candidate",
    "accuracyM": 30,
    "needsReview": "名称未確認、公式情報または2情報源での確認が必要",
    "sources": "OpenStreetMap（© OpenStreetMap contributors, ODbL 1.0）Geofabrik japan-latest.osm.pbf 2026-09-23T20:22:04Z node/1287245214（登山道と道路の接続点）",
    "verifiedAt": ""
   }
  },
  {
   "type": "Feature",
   "geometry": {
    "type": "Point",
    "coordinates": [
     131.7919698,
     34.4560277
    ]
   },
   "properties": {
    "id": "TH-n1287280857",
    "kind": "trailhead",
    "name": "（名称未確認）",
    "datum": "WGS84",
    "mountainIds": "661",
    "mountainNames": "青野山",
    "lists": "中国百名山",
    "routes": "OSM登山道「中国自然歩道」",
    "entryType": "一般道（県道以上）との接続",
    "trailKmToSummit": "青野山:1.04km",
    "related": "",
    "attributes": "",
    "status": "candidate",
    "accuracyM": 30,
    "needsReview": "名称未確認、公式情報または2情報源での確認が必要",
    "sources": "OpenStreetMap（© OpenStreetMap contributors, ODbL 1.0）Geofabrik japan-latest.osm.pbf 2026-09-23T20:22:04Z node/1287280857（登山道と道路の接続点）",
    "verifiedAt": ""
   }
  },
  {
   "type": "Feature",
   "geometry": {
    "type": "Point",
    "coordinates": [
     132.1528715,
     33.9724328
    ]
   },
   "properties": {
    "id": "TH-n1287638335",
    "kind": "trailhead",
    "name": "（名称未確認）",
    "datum": "WGS84",
    "mountainIds": "736",
    "mountainNames": "琴石山",
    "lists": "中国百名山",
    "routes": "",
    "entryType": "一般道との接続",
    "trailKmToSummit": "琴石山:0.36km",
    "related": "",
    "attributes": "",
    "status": "candidate",
    "accuracyM": 30,
    "needsReview": "名称未確認、公式情報または2情報源での確認が必要",
    "sources": "OpenStreetMap（© OpenStreetMap contributors, ODbL 1.0）Geofabrik japan-latest.osm.pbf 2026-09-23T20:22:04Z node/1287638335（登山道と道路の接続点）",
    "verifiedAt": ""
   }
  },
  {
   "type": "Feature",
   "geometry": {
    "type": "Point",
    "coordinates": [
     132.1841203,
     34.0087197
    ]
   },
   "properties": {
    "id": "TH-n1287642845",
    "kind": "trailhead",
    "name": "（名称未確認）",
    "datum": "WGS84",
    "mountainIds": "733",
    "mountainNames": "銭壺山",
    "lists": "中国百名山",
    "routes": "",
    "entryType": "一般道との接続",
    "trailKmToSummit": "銭壺山:1.36km",
    "related": "",
    "attributes": "",
    "status": "candidate",
    "accuracyM": 30,
    "needsReview": "名称未確認、公式情報または2情報源での確認が必要",
    "sources": "OpenStreetMap（© OpenStreetMap contributors, ODbL 1.0）Geofabrik japan-latest.osm.pbf 2026-09-23T20:22:04Z node/1287642845（登山道と道路の接続点）",
    "verifiedAt": ""
   }
  },
  {
   "type": "Feature",
   "geometry": {
    "type": "Point",
    "coordinates": [
     132.152076,
     33.977431
    ]
   },
   "properties": {
    "id": "TH-n1287652962",
    "kind": "trailhead",
    "name": "（名称未確認）",
    "datum": "WGS84",
    "mountainIds": "736",
    "mountainNames": "琴石山",
    "lists": "中国百名山",
    "routes": "",
    "entryType": "一般道との接続",
    "trailKmToSummit": "琴石山:0.57km",
    "related": "",
    "attributes": "",
    "status": "candidate",
    "accuracyM": 30,
    "needsReview": "名称未確認、登山道が道路を横断する地点（途中の入口の可能性）、公式情報または2情報源での確認が必要",
    "sources": "OpenStreetMap（© OpenStreetMap contributors, ODbL 1.0）Geofabrik japan-latest.osm.pbf 2026-09-23T20:22:04Z node/1287652962（登山道と道路の接続点）",
    "verifiedAt": ""
   }
  },
  {
   "type": "Feature",
   "geometry": {
    "type": "Point",
    "coordinates": [
     132.148427,
     33.975563
    ]
   },
   "properties": {
    "id": "TH-n1287654775",
    "kind": "trailhead",
    "name": "（名称未確認）",
    "datum": "WGS84",
    "mountainIds": "736",
    "mountainNames": "琴石山",
    "lists": "中国百名山",
    "routes": "",
    "entryType": "一般道との接続",
    "trailKmToSummit": "琴石山:0.25km",
    "related": "",
    "attributes": "",
    "status": "candidate",
    "accuracyM": 30,
    "needsReview": "名称未確認、公式情報または2情報源での確認が必要",
    "sources": "OpenStreetMap（© OpenStreetMap contributors, ODbL 1.0）Geofabrik japan-latest.osm.pbf 2026-09-23T20:22:04Z node/1287654775（登山道と道路の接続点）",
    "verifiedAt": ""
   }
  },
  {
   "type": "Feature",
   "geometry": {
    "type": "Point",
    "coordinates": [
     132.215241,
     34.420211
    ]
   },
   "properties": {
    "id": "TH-n1289718063",
    "kind": "trailhead",
    "name": "（名称未確認）",
    "datum": "WGS84",
    "mountainIds": "678",
    "mountainNames": "大峯山",
    "lists": "中国百名山",
    "routes": "",
    "entryType": "一般道との接続",
    "trailKmToSummit": "大峯山:0.52km",
    "related": "",
    "attributes": "",
    "status": "candidate",
    "accuracyM": 30,
    "needsReview": "名称未確認、公式情報または2情報源での確認が必要",
    "sources": "OpenStreetMap（© OpenStreetMap contributors, ODbL 1.0）Geofabrik japan-latest.osm.pbf 2026-09-23T20:22:04Z node/1289718063（登山道と道路の接続点）",
    "verifiedAt": ""
   }
  },
  {
   "type": "Feature",
   "geometry": {
    "type": "Point",
    "coordinates": [
     132.3124675,
     34.4338108
    ]
   },
   "properties": {
    "id": "TH-n1289826034",
    "kind": "trailhead",
    "name": "（名称未確認）白川上バス停付近",
    "datum": "WGS84",
    "mountainIds": "671",
    "mountainNames": "窓ヶ山",
    "lists": "中国百名山",
    "routes": "",
    "entryType": "一般道との接続",
    "trailKmToSummit": "窓ヶ山:2.77km",
    "related": "BS-kP11-22-34-bs5115(528m) BS-kP11-22-34-bs5115(528m) BS-kP11-22-34-bs5116(528m)",
    "attributes": "",
    "status": "provisional",
    "accuracyM": 30,
    "needsReview": "名称未確認、公式情報または2情報源での確認が必要",
    "sources": "OpenStreetMap（© OpenStreetMap contributors, ODbL 1.0）Geofabrik japan-latest.osm.pbf 2026-09-23T20:22:04Z node/1289826034（登山道と道路の接続点）",
    "verifiedAt": ""
   }
  },
  {
   "type": "Feature",
   "geometry": {
    "type": "Point",
    "coordinates": [
     132.3622473,
     34.4328524
    ]
   },
   "properties": {
    "id": "TH-n1291310558",
    "kind": "trailhead",
    "name": "（名称未確認）藤の木団地バス停付近",
    "datum": "WGS84",
    "mountainIds": "671",
    "mountainNames": "窓ヶ山",
    "lists": "中国百名山",
    "routes": "",
    "entryType": "一般道との接続",
    "trailKmToSummit": "窓ヶ山:3.63km",
    "related": "BS-kP11-22-34-bs5265(860m) BS-kP11-22-34-bs5265(860m)",
    "attributes": "",
    "status": "provisional",
    "accuracyM": 30,
    "needsReview": "名称未確認、公式情報または2情報源での確認が必要",
    "sources": "OpenStreetMap（© OpenStreetMap contributors, ODbL 1.0）Geofabrik japan-latest.osm.pbf 2026-09-23T20:22:04Z node/1291310558（登山道と道路の接続点）",
    "verifiedAt": ""
   }
  },
  {
   "type": "Feature",
   "geometry": {
    "type": "Point",
    "coordinates": [
     132.3447329,
     34.4303257
    ]
   },
   "properties": {
    "id": "TH-n1291310827",
    "kind": "trailhead",
    "name": "（名称未確認）魚切上バス停付近",
    "datum": "WGS84",
    "mountainIds": "671",
    "mountainNames": "窓ヶ山",
    "lists": "中国百名山",
    "routes": "",
    "entryType": "一般道との接続",
    "trailKmToSummit": "窓ヶ山:1.37km",
    "related": "BS-kP11-22-34-bs5241(456m) BS-kP11-22-34-bs5241(456m) BS-kP11-22-34-bs5245(554m)",
    "attributes": "",
    "status": "provisional",
    "accuracyM": 30,
    "needsReview": "名称未確認、公式情報または2情報源での確認が必要",
    "sources": "OpenStreetMap（© OpenStreetMap contributors, ODbL 1.0）Geofabrik japan-latest.osm.pbf 2026-09-23T20:22:04Z node/1291310827（登山道と道路の接続点）",
    "verifiedAt": ""
   }
  },
  {
   "type": "Feature",
   "geometry": {
    "type": "Point",
    "coordinates": [
     132.066899,
     34.63163
    ]
   },
   "properties": {
    "id": "TH-n1295533141",
    "kind": "trailhead",
    "name": "（名称未確認）",
    "datum": "WGS84",
    "mountainIds": "640",
    "mountainNames": "春日山",
    "lists": "中国百名山",
    "routes": "",
    "entryType": "一般道との接続",
    "trailKmToSummit": "春日山:1.69km",
    "related": "",
    "attributes": "",
    "status": "candidate",
    "accuracyM": 30,
    "needsReview": "名称未確認、登山道が道路を横断する地点（途中の入口の可能性）、公式情報または2情報源での確認が必要",
    "sources": "OpenStreetMap（© OpenStreetMap contributors, ODbL 1.0）Geofabrik japan-latest.osm.pbf 2026-09-23T20:22:04Z node/1295533141（登山道と道路の接続点）",
    "verifiedAt": ""
   }
  },
  {
   "type": "Feature",
   "geometry": {
    "type": "Point",
    "coordinates": [
     132.0624368,
     34.6091137
    ]
   },
   "properties": {
    "id": "TH-n1295541464",
    "kind": "trailhead",
    "name": "（名称未確認）",
    "datum": "WGS84",
    "mountainIds": "640",
    "mountainNames": "春日山",
    "lists": "中国百名山",
    "routes": "",
    "entryType": "一般道（県道以上）との接続",
    "trailKmToSummit": "春日山:1.75km",
    "related": "",
    "attributes": "",
    "status": "candidate",
    "accuracyM": 30,
    "needsReview": "名称未確認、公式情報または2情報源での確認が必要",
    "sources": "OpenStreetMap（© OpenStreetMap contributors, ODbL 1.0）Geofabrik japan-latest.osm.pbf 2026-09-23T20:22:04Z node/1295541464（登山道と道路の接続点）",
    "verifiedAt": ""
   }
  },
  {
   "type": "Feature",
   "geometry": {
    "type": "Point",
    "coordinates": [
     132.075955,
     34.6283869
    ]
   },
   "properties": {
    "id": "TH-n1295545974",
    "kind": "trailhead",
    "name": "（名称未確認）",
    "datum": "WGS84",
    "mountainIds": "640",
    "mountainNames": "春日山",
    "lists": "中国百名山",
    "routes": "",
    "entryType": "一般道との接続",
    "trailKmToSummit": "春日山:2.21km",
    "related": "",
    "attributes": "",
    "status": "candidate",
    "accuracyM": 30,
    "needsReview": "名称未確認、公式情報または2情報源での確認が必要",
    "sources": "OpenStreetMap（© OpenStreetMap contributors, ODbL 1.0）Geofabrik japan-latest.osm.pbf 2026-09-23T20:22:04Z node/1295545974（登山道と道路の接続点）",
    "verifiedAt": ""
   }
  },
  {
   "type": "Feature",
   "geometry": {
    "type": "Point",
    "coordinates": [
     132.053153,
     34.636242
    ]
   },
   "properties": {
    "id": "TH-n1295557157",
    "kind": "trailhead",
    "name": "（名称未確認）",
    "datum": "WGS84",
    "mountainIds": "640",
    "mountainNames": "春日山",
    "lists": "中国百名山",
    "routes": "",
    "entryType": "道路の終点付近",
    "trailKmToSummit": "春日山:1.55km",
    "related": "",
    "attributes": "",
    "status": "candidate",
    "accuracyM": 30,
    "needsReview": "名称未確認、林道からの入口（マイカー進入可否を要確認）、公式情報または2情報源での確認が必要",
    "sources": "OpenStreetMap（© OpenStreetMap contributors, ODbL 1.0）Geofabrik japan-latest.osm.pbf 2026-09-23T20:22:04Z node/1295557157（登山道と道路の接続点）",
    "verifiedAt": ""
   }
  },
  {
   "type": "Feature",
   "geometry": {
    "type": "Point",
    "coordinates": [
     132.4745205,
     34.2637427
    ]
   },
   "properties": {
    "id": "TH-n1297931988",
    "kind": "trailhead",
    "name": "（名称未確認）",
    "datum": "WGS84",
    "mountainIds": "699",
    "mountainNames": "古鷹山",
    "lists": "中国百名山",
    "routes": "",
    "entryType": "一般道との接続",
    "trailKmToSummit": "古鷹山:0.55km",
    "related": "",
    "attributes": "",
    "status": "candidate",
    "accuracyM": 30,
    "needsReview": "名称未確認、公式情報または2情報源での確認が必要",
    "sources": "OpenStreetMap（© OpenStreetMap contributors, ODbL 1.0）Geofabrik japan-latest.osm.pbf 2026-09-23T20:22:04Z node/1297931988（登山道と道路の接続点）",
    "verifiedAt": ""
   }
  },
  {
   "type": "Feature",
   "geometry": {
    "type": "Point",
    "coordinates": [
     131.960216,
     34.462653
    ]
   },
   "properties": {
    "id": "TH-n1298182124",
    "kind": "trailhead",
    "name": "（名称未確認）",
    "datum": "WGS84",
    "mountainIds": "662",
    "mountainNames": "安蔵寺山",
    "lists": "中国百名山",
    "routes": "",
    "entryType": "一般道との接続",
    "trailKmToSummit": "安蔵寺山:1.92km",
    "related": "",
    "attributes": "",
    "status": "candidate",
    "accuracyM": 30,
    "needsReview": "名称未確認、公式情報または2情報源での確認が必要",
    "sources": "OpenStreetMap（© OpenStreetMap contributors, ODbL 1.0）Geofabrik japan-latest.osm.pbf 2026-09-23T20:22:04Z node/1298182124（登山道と道路の接続点）",
    "verifiedAt": ""
   }
  },
  {
   "type": "Feature",
   "geometry": {
    "type": "Point",
    "coordinates": [
     131.778478,
     34.394867
    ]
   },
   "properties": {
    "id": "TH-n1298189975",
    "kind": "trailhead",
    "name": "（名称未確認）",
    "datum": "WGS84",
    "mountainIds": "680",
    "mountainNames": "高岳山",
    "lists": "中国百名山",
    "routes": "",
    "entryType": "道路の終点付近",
    "trailKmToSummit": "高岳山:0.8km",
    "related": "",
    "attributes": "",
    "status": "candidate",
    "accuracyM": 30,
    "needsReview": "名称未確認、林道からの入口（マイカー進入可否を要確認）、公式情報または2情報源での確認が必要",
    "sources": "OpenStreetMap（© OpenStreetMap contributors, ODbL 1.0）Geofabrik japan-latest.osm.pbf 2026-09-23T20:22:04Z node/1298189975（登山道と道路の接続点）",
    "verifiedAt": ""
   }
  },
  {
   "type": "Feature",
   "geometry": {
    "type": "Point",
    "coordinates": [
     131.783243,
     34.364302
    ]
   },
   "properties": {
    "id": "TH-n1298198172",
    "kind": "trailhead",
    "name": "（名称未確認）",
    "datum": "WGS84",
    "mountainIds": "687",
    "mountainNames": "弟見山",
    "lists": "中国百名山",
    "routes": "",
    "entryType": "道路の終点付近",
    "trailKmToSummit": "弟見山:1.29km",
    "related": "",
    "attributes": "",
    "status": "candidate",
    "accuracyM": 30,
    "needsReview": "名称未確認、林道からの入口（マイカー進入可否を要確認）、公式情報または2情報源での確認が必要",
    "sources": "OpenStreetMap（© OpenStreetMap contributors, ODbL 1.0）Geofabrik japan-latest.osm.pbf 2026-09-23T20:22:04Z node/1298198172（登山道と道路の接続点）",
    "verifiedAt": ""
   }
  },
  {
   "type": "Feature",
   "geometry": {
    "type": "Point",
    "coordinates": [
     132.5618133,
     34.4352903
    ]
   },
   "properties": {
    "id": "TH-n1298395386",
    "kind": "trailhead",
    "name": "（名称未確認）",
    "datum": "WGS84",
    "mountainIds": "674",
    "mountainNames": "呉娑々宇山",
    "lists": "中国百名山",
    "routes": "",
    "entryType": "一般道との接続",
    "trailKmToSummit": "呉娑々宇山:2.27km",
    "related": "PK-w483435717(318m) PK-w483435716(481m)",
    "attributes": "",
    "status": "provisional",
    "accuracyM": 30,
    "needsReview": "名称未確認、登山道が道路を横断する地点（途中の入口の可能性）、公式情報または2情報源での確認が必要",
    "sources": "OpenStreetMap（© OpenStreetMap contributors, ODbL 1.0）Geofabrik japan-latest.osm.pbf 2026-09-23T20:22:04Z node/1298395386（登山道と道路の接続点）",
    "verifiedAt": ""
   }
  },
  {
   "type": "Feature",
   "geometry": {
    "type": "Point",
    "coordinates": [
     133.366359,
     35.272968
    ]
   },
   "properties": {
    "id": "TH-n1299296062",
    "kind": "trailhead",
    "name": "（名称未確認）",
    "datum": "WGS84",
    "mountainIds": "524",
    "mountainNames": "鎌倉山",
    "lists": "中国百名山",
    "routes": "",
    "entryType": "一般道との接続",
    "trailKmToSummit": "鎌倉山:1.21km",
    "related": "",
    "attributes": "",
    "status": "candidate",
    "accuracyM": 30,
    "needsReview": "名称未確認、公式情報または2情報源での確認が必要",
    "sources": "OpenStreetMap（© OpenStreetMap contributors, ODbL 1.0）Geofabrik japan-latest.osm.pbf 2026-09-23T20:22:04Z node/1299296062（登山道と道路の接続点）",
    "verifiedAt": ""
   }
  },
  {
   "type": "Feature",
   "geometry": {
    "type": "Point",
    "coordinates": [
     132.732595,
     34.555144
    ]
   },
   "properties": {
    "id": "TH-n1303476368",
    "kind": "trailhead",
    "name": "（名称未確認）",
    "datum": "WGS84",
    "mountainIds": "643",
    "mountainNames": "鷹ノ巣山",
    "lists": "中国百名山",
    "routes": "",
    "entryType": "一般道との接続",
    "trailKmToSummit": "鷹ノ巣山:1.99km",
    "related": "",
    "attributes": "",
    "status": "candidate",
    "accuracyM": 30,
    "needsReview": "名称未確認、登山道が道路を横断する地点（途中の入口の可能性）、公式情報または2情報源での確認が必要",
    "sources": "OpenStreetMap（© OpenStreetMap contributors, ODbL 1.0）Geofabrik japan-latest.osm.pbf 2026-09-23T20:22:04Z node/1303476368（登山道と道路の接続点）",
    "verifiedAt": ""
   }
  },
  {
   "type": "Feature",
   "geometry": {
    "type": "Point",
    "coordinates": [
     132.746055,
     34.553799
    ]
   },
   "properties": {
    "id": "TH-n1303488592",
    "kind": "trailhead",
    "name": "（名称未確認）",
    "datum": "WGS84",
    "mountainIds": "643",
    "mountainNames": "鷹ノ巣山",
    "lists": "中国百名山",
    "routes": "",
    "entryType": "一般道との接続",
    "trailKmToSummit": "鷹ノ巣山:1.59km",
    "related": "",
    "attributes": "",
    "status": "candidate",
    "accuracyM": 30,
    "needsReview": "名称未確認、登山道が道路を横断する地点（途中の入口の可能性）、公式情報または2情報源での確認が必要",
    "sources": "OpenStreetMap（© OpenStreetMap contributors, ODbL 1.0）Geofabrik japan-latest.osm.pbf 2026-09-23T20:22:04Z node/1303488592（登山道と道路の接続点）",
    "verifiedAt": ""
   }
  },
  {
   "type": "Feature",
   "geometry": {
    "type": "Point",
    "coordinates": [
     133.422289,
     34.852523
    ]
   },
   "properties": {
    "id": "TH-n1307373518",
    "kind": "trailhead",
    "name": "（名称未確認）",
    "datum": "WGS84",
    "mountainIds": "620",
    "mountainNames": "天神山",
    "lists": "中国百名山",
    "routes": "",
    "entryType": "一般道（県道以上）との接続",
    "trailKmToSummit": "天神山:1.0km",
    "related": "",
    "attributes": "",
    "status": "candidate",
    "accuracyM": 30,
    "needsReview": "名称未確認、公式情報または2情報源での確認が必要",
    "sources": "OpenStreetMap（© OpenStreetMap contributors, ODbL 1.0）Geofabrik japan-latest.osm.pbf 2026-09-23T20:22:04Z node/1307373518（登山道と道路の接続点）",
    "verifiedAt": ""
   }
  },
  {
   "type": "Feature",
   "geometry": {
    "type": "Point",
    "coordinates": [
     132.8656086,
     35.0942528
    ]
   },
   "properties": {
    "id": "TH-n1308352859",
    "kind": "trailhead",
    "name": "（名称未確認）",
    "datum": "WGS84",
    "mountainIds": "583",
    "mountainNames": "大万木山",
    "lists": "中国百名山",
    "routes": "",
    "entryType": "一般道との接続",
    "trailKmToSummit": "大万木山:1.99km",
    "related": "",
    "attributes": "",
    "status": "candidate",
    "accuracyM": 30,
    "needsReview": "名称未確認、公式情報または2情報源での確認が必要",
    "sources": "OpenStreetMap（© OpenStreetMap contributors, ODbL 1.0）Geofabrik japan-latest.osm.pbf 2026-09-23T20:22:04Z node/1308352859（登山道と道路の接続点）",
    "verifiedAt": ""
   }
  },
  {
   "type": "Feature",
   "geometry": {
    "type": "Point",
    "coordinates": [
     133.0305446,
     35.057649
    ]
   },
   "properties": {
    "id": "TH-n1308355226",
    "kind": "trailhead",
    "name": "（名称未確認）",
    "datum": "WGS84",
    "mountainIds": "588",
    "mountainNames": "吾妻山",
    "lists": "日本三百名山|中国百名山",
    "routes": "",
    "entryType": "一般道との接続",
    "trailKmToSummit": "吾妻山:1.41km",
    "related": "",
    "attributes": "",
    "status": "candidate",
    "accuracyM": 30,
    "needsReview": "名称未確認、公式情報または2情報源での確認が必要",
    "sources": "OpenStreetMap（© OpenStreetMap contributors, ODbL 1.0）Geofabrik japan-latest.osm.pbf 2026-09-23T20:22:04Z node/1308355226（登山道と道路の接続点）",
    "verifiedAt": ""
   }
  },
  {
   "type": "Feature",
   "geometry": {
    "type": "Point",
    "coordinates": [
     132.8708732,
     35.0997067
    ]
   },
   "properties": {
    "id": "TH-n1308355343",
    "kind": "trailhead",
    "name": "（名称未確認）",
    "datum": "WGS84",
    "mountainIds": "583",
    "mountainNames": "大万木山",
    "lists": "中国百名山",
    "routes": "",
    "entryType": "一般道との接続",
    "trailKmToSummit": "大万木山:2.59km",
    "related": "",
    "attributes": "",
    "status": "candidate",
    "accuracyM": 30,
    "needsReview": "名称未確認、公式情報または2情報源での確認が必要",
    "sources": "OpenStreetMap（© OpenStreetMap contributors, ODbL 1.0）Geofabrik japan-latest.osm.pbf 2026-09-23T20:22:04Z node/1308355343（登山道と道路の接続点）",
    "verifiedAt": ""
   }
  },
  {
   "type": "Feature",
   "geometry": {
    "type": "Point",
    "coordinates": [
     133.027967,
     35.0655568
    ]
   },
   "properties": {
    "id": "TH-n1308357108",
    "kind": "trailhead",
    "name": "（名称未確認）",
    "datum": "WGS84",
    "mountainIds": "588 610",
    "mountainNames": "吾妻山、比婆山",
    "lists": "日本三百名山|中国百名山",
    "routes": "",
    "entryType": "一般道との接続",
    "trailKmToSummit": "吾妻山:1.19km 比婆山:3.8km",
    "related": "PK-w743624975(46m) PK-w743624971(358m)",
    "attributes": "",
    "status": "provisional",
    "accuracyM": 30,
    "needsReview": "名称未確認、公式情報または2情報源での確認が必要",
    "sources": "OpenStreetMap（© OpenStreetMap contributors, ODbL 1.0）Geofabrik japan-latest.osm.pbf 2026-09-23T20:22:04Z node/1308357108（登山道と道路の接続点）",
    "verifiedAt": ""
   }
  },
  {
   "type": "Feature",
   "geometry": {
    "type": "Point",
    "coordinates": [
     133.0447957,
     35.0570836
    ]
   },
   "properties": {
    "id": "TH-n1308359781",
    "kind": "trailhead",
    "name": "（名称未確認）越原バス停付近",
    "datum": "WGS84",
    "mountainIds": "588 610",
    "mountainNames": "吾妻山、比婆山",
    "lists": "日本三百名山|中国百名山",
    "routes": "",
    "entryType": "一般道との接続",
    "trailKmToSummit": "吾妻山:4.18km 比婆山:1.44km",
    "related": "BS-kP11-22-34-bs9(931m)",
    "attributes": "",
    "status": "provisional",
    "accuracyM": 30,
    "needsReview": "名称未確認、公式情報または2情報源での確認が必要",
    "sources": "OpenStreetMap（© OpenStreetMap contributors, ODbL 1.0）Geofabrik japan-latest.osm.pbf 2026-09-23T20:22:04Z node/1308359781（登山道と道路の接続点）",
    "verifiedAt": ""
   }
  },
  {
   "type": "Feature",
   "geometry": {
    "type": "Point",
    "coordinates": [
     133.216733,
     35.057799
    ]
   },
   "properties": {
    "id": "TH-n1308586347",
    "kind": "trailhead",
    "name": "（名称未確認）",
    "datum": "WGS84",
    "mountainIds": "605",
    "mountainNames": "道後山",
    "lists": "日本三百名山|中国百名山",
    "routes": "",
    "entryType": "林道との接続",
    "trailKmToSummit": "道後山:2.31km",
    "related": "",
    "attributes": "",
    "status": "candidate",
    "accuracyM": 30,
    "needsReview": "名称未確認、林道からの入口（マイカー進入可否を要確認）、公式情報または2情報源での確認が必要",
    "sources": "OpenStreetMap（© OpenStreetMap contributors, ODbL 1.0）Geofabrik japan-latest.osm.pbf 2026-09-23T20:22:04Z node/1308586347（登山道と道路の接続点）",
    "verifiedAt": ""
   }
  },
  {
   "type": "Feature",
   "geometry": {
    "type": "Point",
    "coordinates": [
     133.239095,
     35.079203
    ]
   },
   "properties": {
    "id": "TH-n1308622895",
    "kind": "trailhead",
    "name": "（名称未確認）",
    "datum": "WGS84",
    "mountainIds": "605",
    "mountainNames": "道後山",
    "lists": "日本三百名山|中国百名山",
    "routes": "",
    "entryType": "道路の終点付近",
    "trailKmToSummit": "道後山:1.49km",
    "related": "",
    "attributes": "",
    "status": "candidate",
    "accuracyM": 30,
    "needsReview": "名称未確認、林道からの入口（マイカー進入可否を要確認）、公式情報または2情報源での確認が必要",
    "sources": "OpenStreetMap（© OpenStreetMap contributors, ODbL 1.0）Geofabrik japan-latest.osm.pbf 2026-09-23T20:22:04Z node/1308622895（登山道と道路の接続点）",
    "verifiedAt": ""
   }
  },
  {
   "type": "Feature",
   "geometry": {
    "type": "Point",
    "coordinates": [
     132.17708,
     34.596676
    ]
   },
   "properties": {
    "id": "TH-n1312622960",
    "kind": "trailhead",
    "name": "（名称未確認）",
    "datum": "WGS84",
    "mountainIds": "644",
    "mountainNames": "十方山",
    "lists": "中国百名山",
    "routes": "",
    "entryType": "一般道（県道以上）との接続",
    "trailKmToSummit": "十方山:6.15km",
    "related": "",
    "attributes": "",
    "status": "candidate",
    "accuracyM": 30,
    "needsReview": "名称未確認、登山道が道路を横断する地点（途中の入口の可能性）、公式情報または2情報源での確認が必要",
    "sources": "OpenStreetMap（© OpenStreetMap contributors, ODbL 1.0）Geofabrik japan-latest.osm.pbf 2026-09-23T20:22:04Z node/1312622960（登山道と道路の接続点）",
    "verifiedAt": ""
   }
  },
  {
   "type": "Feature",
   "geometry": {
    "type": "Point",
    "coordinates": [
     132.135971,
     34.575969
    ]
   },
   "properties": {
    "id": "TH-n1312629330",
    "kind": "trailhead",
    "name": "（名称未確認）",
    "datum": "WGS84",
    "mountainIds": "644",
    "mountainNames": "十方山",
    "lists": "中国百名山",
    "routes": "",
    "entryType": "一般道との接続",
    "trailKmToSummit": "十方山:1.9km",
    "related": "",
    "attributes": "",
    "status": "candidate",
    "accuracyM": 30,
    "needsReview": "名称未確認、公式情報または2情報源での確認が必要",
    "sources": "OpenStreetMap（© OpenStreetMap contributors, ODbL 1.0）Geofabrik japan-latest.osm.pbf 2026-09-23T20:22:04Z node/1312629330（登山道と道路の接続点）",
    "verifiedAt": ""
   }
  },
  {
   "type": "Feature",
   "geometry": {
    "type": "Point",
    "coordinates": [
     132.176909,
     34.579744
    ]
   },
   "properties": {
    "id": "TH-n1312630011",
    "kind": "trailhead",
    "name": "（名称未確認）",
    "datum": "WGS84",
    "mountainIds": "644",
    "mountainNames": "十方山",
    "lists": "中国百名山",
    "routes": "",
    "entryType": "一般道との接続",
    "trailKmToSummit": "十方山:4.21km",
    "related": "",
    "attributes": "",
    "status": "candidate",
    "accuracyM": 30,
    "needsReview": "名称未確認、公式情報または2情報源での確認が必要",
    "sources": "OpenStreetMap（© OpenStreetMap contributors, ODbL 1.0）Geofabrik japan-latest.osm.pbf 2026-09-23T20:22:04Z node/1312630011（登山道と道路の接続点）",
    "verifiedAt": ""
   }
  },
  {
   "type": "Feature",
   "geometry": {
    "type": "Point",
    "coordinates": [
     132.2988618,
     34.2888766
    ]
   },
   "properties": {
    "id": "TH-n1313717862",
    "kind": "trailhead",
    "name": "（名称未確認）",
    "datum": "WGS84",
    "mountainIds": "696",
    "mountainNames": "弥山",
    "lists": "中国百名山",
    "routes": "OSM登山道「多々良奥の院線」",
    "entryType": "一般道との接続",
    "trailKmToSummit": "弥山:3.37km",
    "related": "",
    "attributes": "",
    "status": "candidate",
    "accuracyM": 30,
    "needsReview": "名称未確認、公式情報または2情報源での確認が必要",
    "sources": "OpenStreetMap（© OpenStreetMap contributors, ODbL 1.0）Geofabrik japan-latest.osm.pbf 2026-09-23T20:22:04Z node/1313717862（登山道と道路の接続点）",
    "verifiedAt": ""
   }
  },
  {
   "type": "Feature",
   "geometry": {
    "type": "Point",
    "coordinates": [
     132.109489,
     34.470675
    ]
   },
   "properties": {
    "id": "TH-n1313741460",
    "kind": "trailhead",
    "name": "（名称未確認）潮原温泉バス停付近",
    "datum": "WGS84",
    "mountainIds": "660",
    "mountainNames": "冠山",
    "lists": "中国百名山",
    "routes": "",
    "entryType": "一般道（県道以上）との接続",
    "trailKmToSummit": "冠山:3.61km",
    "related": "BS-kP11-22-34-bs4362(624m) BS-kP11-22-34-bs4362(624m) BS-kP11-22-34-bs4444(711m)",
    "attributes": "",
    "status": "provisional",
    "accuracyM": 30,
    "needsReview": "名称未確認、公式情報または2情報源での確認が必要",
    "sources": "OpenStreetMap（© OpenStreetMap contributors, ODbL 1.0）Geofabrik japan-latest.osm.pbf 2026-09-23T20:22:04Z node/1313741460（登山道と道路の接続点）",
    "verifiedAt": ""
   }
  },
  {
   "type": "Feature",
   "geometry": {
    "type": "Point",
    "coordinates": [
     132.1452709,
     34.5262023
    ]
   },
   "properties": {
    "id": "TH-n1313742894",
    "kind": "trailhead",
    "name": "（名称未確認）",
    "datum": "WGS84",
    "mountainIds": "644",
    "mountainNames": "十方山",
    "lists": "中国百名山",
    "routes": "",
    "entryType": "一般道（県道以上）との接続",
    "trailKmToSummit": "十方山:4.33km",
    "related": "",
    "attributes": "",
    "status": "candidate",
    "accuracyM": 30,
    "needsReview": "名称未確認、公式情報または2情報源での確認が必要",
    "sources": "OpenStreetMap（© OpenStreetMap contributors, ODbL 1.0）Geofabrik japan-latest.osm.pbf 2026-09-23T20:22:04Z node/1313742894（登山道と道路の接続点）",
    "verifiedAt": ""
   }
  },
  {
   "type": "Feature",
   "geometry": {
    "type": "Point",
    "coordinates": [
     132.138725,
     34.3179019
    ]
   },
   "properties": {
    "id": "TH-n1313766697",
    "kind": "trailhead",
    "name": "（名称未確認）",
    "datum": "WGS84",
    "mountainIds": "691",
    "mountainNames": "三倉岳",
    "lists": "中国百名山",
    "routes": "",
    "entryType": "一般道との接続",
    "trailKmToSummit": "三倉岳:1.52km",
    "related": "",
    "attributes": "",
    "status": "candidate",
    "accuracyM": 30,
    "needsReview": "名称未確認、登山道が道路を横断する地点（途中の入口の可能性）、公式情報または2情報源での確認が必要",
    "sources": "OpenStreetMap（© OpenStreetMap contributors, ODbL 1.0）Geofabrik japan-latest.osm.pbf 2026-09-23T20:22:04Z node/1313766697（登山道と道路の接続点）",
    "verifiedAt": ""
   }
  },
  {
   "type": "Feature",
   "geometry": {
    "type": "Point",
    "coordinates": [
     132.080451,
     34.359884
    ]
   },
   "properties": {
    "id": "TH-n1313767280",
    "kind": "trailhead",
    "name": "（名称未確認）",
    "datum": "WGS84",
    "mountainIds": "686",
    "mountainNames": "羅漢山",
    "lists": "中国百名山",
    "routes": "",
    "entryType": "一般道との接続",
    "trailKmToSummit": "羅漢山:1.55km",
    "related": "",
    "attributes": "",
    "status": "candidate",
    "accuracyM": 30,
    "needsReview": "名称未確認、公式情報または2情報源での確認が必要",
    "sources": "OpenStreetMap（© OpenStreetMap contributors, ODbL 1.0）Geofabrik japan-latest.osm.pbf 2026-09-23T20:22:04Z node/1313767280（登山道と道路の接続点）",
    "verifiedAt": ""
   }
  },
  {
   "type": "Feature",
   "geometry": {
    "type": "Point",
    "coordinates": [
     132.136054,
     34.321817
    ]
   },
   "properties": {
    "id": "TH-n1313770032",
    "kind": "trailhead",
    "name": "（名称未確認）",
    "datum": "WGS84",
    "mountainIds": "691",
    "mountainNames": "三倉岳",
    "lists": "中国百名山",
    "routes": "",
    "entryType": "一般道との接続",
    "trailKmToSummit": "三倉岳:1.95km",
    "related": "",
    "attributes": "",
    "status": "candidate",
    "accuracyM": 30,
    "needsReview": "名称未確認、公式情報または2情報源での確認が必要",
    "sources": "OpenStreetMap（© OpenStreetMap contributors, ODbL 1.0）Geofabrik japan-latest.osm.pbf 2026-09-23T20:22:04Z node/1313770032（登山道と道路の接続点）",
    "verifiedAt": ""
   }
  },
  {
   "type": "Feature",
   "geometry": {
    "type": "Point",
    "coordinates": [
     132.086869,
     34.35593
    ]
   },
   "properties": {
    "id": "TH-n1313772887",
    "kind": "trailhead",
    "name": "（名称未確認）",
    "datum": "WGS84",
    "mountainIds": "686",
    "mountainNames": "羅漢山",
    "lists": "中国百名山",
    "routes": "",
    "entryType": "一般道との接続",
    "trailKmToSummit": "羅漢山:2.0km",
    "related": "",
    "attributes": "",
    "status": "candidate",
    "accuracyM": 30,
    "needsReview": "名称未確認、公式情報または2情報源での確認が必要",
    "sources": "OpenStreetMap（© OpenStreetMap contributors, ODbL 1.0）Geofabrik japan-latest.osm.pbf 2026-09-23T20:22:04Z node/1313772887（登山道と道路の接続点）",
    "verifiedAt": ""
   }
  },
  {
   "type": "Feature",
   "geometry": {
    "type": "Point",
    "coordinates": [
     132.087483,
     34.4152064
    ]
   },
   "properties": {
    "id": "TH-n1313776393",
    "kind": "trailhead",
    "name": "（名称未確認）下飯山バス停付近",
    "datum": "WGS84",
    "mountainIds": "679",
    "mountainNames": "鬼ヶ城山",
    "lists": "中国百名山",
    "routes": "",
    "entryType": "一般道（県道以上）との接続",
    "trailKmToSummit": "鬼ヶ城山:3.61km",
    "related": "BS-kP11-22-34-bs5490(154m) BS-kP11-22-34-bs5490(154m) BS-kP11-22-34-bs5434(348m)",
    "attributes": "",
    "status": "provisional",
    "accuracyM": 30,
    "needsReview": "名称未確認、公式情報または2情報源での確認が必要",
    "sources": "OpenStreetMap（© OpenStreetMap contributors, ODbL 1.0）Geofabrik japan-latest.osm.pbf 2026-09-23T20:22:04Z node/1313776393（登山道と道路の接続点）",
    "verifiedAt": ""
   }
  },
  {
   "type": "Feature",
   "geometry": {
    "type": "Point",
    "coordinates": [
     132.0824639,
     34.41599
    ]
   },
   "properties": {
    "id": "TH-n1313778923",
    "kind": "trailhead",
    "name": "（名称未確認）飯山集会所バス停付近",
    "datum": "WGS84",
    "mountainIds": "679",
    "mountainNames": "鬼ヶ城山",
    "lists": "中国百名山",
    "routes": "",
    "entryType": "一般道との接続",
    "trailKmToSummit": "鬼ヶ城山:1.6km",
    "related": "BS-kP11-22-34-bs5434(560m) BS-kP11-22-34-bs5434(560m) BS-kP11-22-34-bs5490(582m)",
    "attributes": "",
    "status": "provisional",
    "accuracyM": 30,
    "needsReview": "名称未確認、公式情報または2情報源での確認が必要",
    "sources": "OpenStreetMap（© OpenStreetMap contributors, ODbL 1.0）Geofabrik japan-latest.osm.pbf 2026-09-23T20:22:04Z node/1313778923（登山道と道路の接続点）",
    "verifiedAt": ""
   }
  },
  {
   "type": "Feature",
   "geometry": {
    "type": "Point",
    "coordinates": [
     132.210895,
     34.407618
    ]
   },
   "properties": {
    "id": "TH-n1313858453",
    "kind": "trailhead",
    "name": "（名称未確認）",
    "datum": "WGS84",
    "mountainIds": "678",
    "mountainNames": "大峯山",
    "lists": "中国百名山",
    "routes": "",
    "entryType": "一般道との接続",
    "trailKmToSummit": "大峯山:1.18km",
    "related": "",
    "attributes": "",
    "status": "candidate",
    "accuracyM": 30,
    "needsReview": "名称未確認、公式情報または2情報源での確認が必要",
    "sources": "OpenStreetMap（© OpenStreetMap contributors, ODbL 1.0）Geofabrik japan-latest.osm.pbf 2026-09-23T20:22:04Z node/1313858453（登山道と道路の接続点）",
    "verifiedAt": ""
   }
  },
  {
   "type": "Feature",
   "geometry": {
    "type": "Point",
    "coordinates": [
     132.724608,
     34.556401
    ]
   },
   "properties": {
    "id": "TH-n1314772061",
    "kind": "trailhead",
    "name": "（名称未確認）",
    "datum": "WGS84",
    "mountainIds": "643",
    "mountainNames": "鷹ノ巣山",
    "lists": "中国百名山",
    "routes": "",
    "entryType": "一般道との接続",
    "trailKmToSummit": "鷹ノ巣山:2.86km",
    "related": "",
    "attributes": "",
    "status": "candidate",
    "accuracyM": 30,
    "needsReview": "名称未確認、公式情報または2情報源での確認が必要",
    "sources": "OpenStreetMap（© OpenStreetMap contributors, ODbL 1.0）Geofabrik japan-latest.osm.pbf 2026-09-23T20:22:04Z node/1314772061（登山道と道路の接続点）",
    "verifiedAt": ""
   }
  },
  {
   "type": "Feature",
   "geometry": {
    "type": "Point",
    "coordinates": [
     132.688427,
     34.541792
    ]
   },
   "properties": {
    "id": "TH-n1314772568",
    "kind": "trailhead",
    "name": "（名称未確認）",
    "datum": "WGS84",
    "mountainIds": "647",
    "mountainNames": "鎌倉寺山",
    "lists": "中国百名山",
    "routes": "",
    "entryType": "一般道との接続",
    "trailKmToSummit": "鎌倉寺山:0.73km",
    "related": "",
    "attributes": "",
    "status": "candidate",
    "accuracyM": 30,
    "needsReview": "名称未確認、公式情報または2情報源での確認が必要",
    "sources": "OpenStreetMap（© OpenStreetMap contributors, ODbL 1.0）Geofabrik japan-latest.osm.pbf 2026-09-23T20:22:04Z node/1314772568（登山道と道路の接続点）",
    "verifiedAt": ""
   }
  },
  {
   "type": "Feature",
   "geometry": {
    "type": "Point",
    "coordinates": [
     132.704688,
     34.56738
    ]
   },
   "properties": {
    "id": "TH-n1314773087",
    "kind": "trailhead",
    "name": "（名称未確認）有保車庫バス停付近",
    "datum": "WGS84",
    "mountainIds": "647",
    "mountainNames": "鎌倉寺山",
    "lists": "中国百名山",
    "routes": "",
    "entryType": "一般道との接続",
    "trailKmToSummit": "鎌倉寺山:3.44km",
    "related": "BS-kP11-22-34-bs2573(836m) BS-kP11-22-34-bs2536(862m) BS-kP11-22-34-bs2491(998m)",
    "attributes": "",
    "status": "provisional",
    "accuracyM": 30,
    "needsReview": "名称未確認、公式情報または2情報源での確認が必要",
    "sources": "OpenStreetMap（© OpenStreetMap contributors, ODbL 1.0）Geofabrik japan-latest.osm.pbf 2026-09-23T20:22:04Z node/1314773087（登山道と道路の接続点）",
    "verifiedAt": ""
   }
  },
  {
   "type": "Feature",
   "geometry": {
    "type": "Point",
    "coordinates": [
     132.734838,
     34.569214
    ]
   },
   "properties": {
    "id": "TH-n1314776379",
    "kind": "trailhead",
    "name": "（名称未確認）",
    "datum": "WGS84",
    "mountainIds": "643",
    "mountainNames": "鷹ノ巣山",
    "lists": "中国百名山",
    "routes": "",
    "entryType": "一般道との接続",
    "trailKmToSummit": "鷹ノ巣山:1.33km",
    "related": "",
    "attributes": "",
    "status": "candidate",
    "accuracyM": 30,
    "needsReview": "名称未確認、登山道が道路を横断する地点（途中の入口の可能性）、公式情報または2情報源での確認が必要",
    "sources": "OpenStreetMap（© OpenStreetMap contributors, ODbL 1.0）Geofabrik japan-latest.osm.pbf 2026-09-23T20:22:04Z node/1314776379（登山道と道路の接続点）",
    "verifiedAt": ""
   }
  },
  {
   "type": "Feature",
   "geometry": {
    "type": "Point",
    "coordinates": [
     133.6398813,
     35.30718
    ]
   },
   "properties": {
    "id": "TH-n1315920025",
    "kind": "trailhead",
    "name": "（名称未確認）上蒜山登山口駐車場付近",
    "datum": "WGS84",
    "mountainIds": "507",
    "mountainNames": "上蒜山",
    "lists": "日本二百名山|日本三百名山|中国百名山",
    "routes": "",
    "entryType": "一般道との接続",
    "trailKmToSummit": "上蒜山:3.43km",
    "related": "PK-w1441615117(367m)",
    "attributes": "",
    "status": "provisional",
    "accuracyM": 30,
    "needsReview": "名称未確認、公式情報または2情報源での確認が必要",
    "sources": "OpenStreetMap（© OpenStreetMap contributors, ODbL 1.0）Geofabrik japan-latest.osm.pbf 2026-09-23T20:22:04Z node/1315920025（登山道と道路の接続点）",
    "verifiedAt": ""
   }
  },
  {
   "type": "Feature",
   "geometry": {
    "type": "Point",
    "coordinates": [
     133.7208552,
     35.3182117
    ]
   },
   "properties": {
    "id": "TH-n1315925134",
    "kind": "trailhead",
    "name": "（名称未確認）",
    "datum": "WGS84",
    "mountainIds": "507",
    "mountainNames": "上蒜山",
    "lists": "日本二百名山|日本三百名山|中国百名山",
    "routes": "",
    "entryType": "一般道（県道以上）との接続",
    "trailKmToSummit": "上蒜山:7.22km",
    "related": "PK-w490527152(20m)",
    "attributes": "",
    "status": "provisional",
    "accuracyM": 30,
    "needsReview": "名称未確認、公式情報または2情報源での確認が必要",
    "sources": "OpenStreetMap（© OpenStreetMap contributors, ODbL 1.0）Geofabrik japan-latest.osm.pbf 2026-09-23T20:22:04Z node/1315925134（登山道と道路の接続点）",
    "verifiedAt": ""
   }
  },
  {
   "type": "Feature",
   "geometry": {
    "type": "Point",
    "coordinates": [
     132.3489982,
     34.7957586
    ]
   },
   "properties": {
    "id": "TH-n1316809155",
    "kind": "trailhead",
    "name": "（名称未確認）",
    "datum": "WGS84",
    "mountainIds": "626",
    "mountainNames": "阿佐山",
    "lists": "中国百名山",
    "routes": "",
    "entryType": "一般道との接続",
    "trailKmToSummit": "阿佐山:4.66km",
    "related": "",
    "attributes": "",
    "status": "candidate",
    "accuracyM": 30,
    "needsReview": "名称未確認、登山道が道路を横断する地点（途中の入口の可能性）、公式情報または2情報源での確認が必要",
    "sources": "OpenStreetMap（© OpenStreetMap contributors, ODbL 1.0）Geofabrik japan-latest.osm.pbf 2026-09-23T20:22:04Z node/1316809155（登山道と道路の接続点）",
    "verifiedAt": ""
   }
  },
  {
   "type": "Feature",
   "geometry": {
    "type": "Point",
    "coordinates": [
     132.2072073,
     34.8230506
    ]
   },
   "properties": {
    "id": "TH-n1316851812",
    "kind": "trailhead",
    "name": "（名称未確認）中徳田バス停付近",
    "datum": "WGS84",
    "mountainIds": "622",
    "mountainNames": "金木山",
    "lists": "中国百名山",
    "routes": "",
    "entryType": "一般道との接続",
    "trailKmToSummit": "金木山:1.96km",
    "related": "BS-kP11-22-32-bs3416(367m) BS-kP11-22-32-bs3420(384m) BS-kP11-22-32-bs3412(728m)",
    "attributes": "",
    "status": "provisional",
    "accuracyM": 30,
    "needsReview": "名称未確認、公式情報または2情報源での確認が必要",
    "sources": "OpenStreetMap（© OpenStreetMap contributors, ODbL 1.0）Geofabrik japan-latest.osm.pbf 2026-09-23T20:22:04Z node/1316851812（登山道と道路の接続点）",
    "verifiedAt": ""
   }
  },
  {
   "type": "Feature",
   "geometry": {
    "type": "Point",
    "coordinates": [
     133.090117,
     35.326926
    ]
   },
   "properties": {
    "id": "TH-n1319809468",
    "kind": "trailhead",
    "name": "（名称未確認）",
    "datum": "WGS84",
    "mountainIds": "500",
    "mountainNames": "天狗山",
    "lists": "中国百名山",
    "routes": "",
    "entryType": "一般道との接続",
    "trailKmToSummit": "天狗山:1.58km",
    "related": "",
    "attributes": "",
    "status": "candidate",
    "accuracyM": 30,
    "needsReview": "名称未確認、公式情報または2情報源での確認が必要",
    "sources": "OpenStreetMap（© OpenStreetMap contributors, ODbL 1.0）Geofabrik japan-latest.osm.pbf 2026-09-23T20:22:04Z node/1319809468（登山道と道路の接続点）",
    "verifiedAt": ""
   }
  },
  {
   "type": "Feature",
   "geometry": {
    "type": "Point",
    "coordinates": [
     133.0982689,
     35.336478
    ]
   },
   "properties": {
    "id": "TH-n1319819423",
    "kind": "trailhead",
    "name": "（名称未確認）",
    "datum": "WGS84",
    "mountainIds": "500",
    "mountainNames": "天狗山",
    "lists": "中国百名山",
    "routes": "",
    "entryType": "道路の終点付近",
    "trailKmToSummit": "天狗山:1.43km",
    "related": "",
    "attributes": "",
    "status": "candidate",
    "accuracyM": 30,
    "needsReview": "名称未確認、林道からの入口（マイカー進入可否を要確認）、公式情報または2情報源での確認が必要",
    "sources": "OpenStreetMap（© OpenStreetMap contributors, ODbL 1.0）Geofabrik japan-latest.osm.pbf 2026-09-23T20:22:04Z node/1319819423（登山道と道路の接続点）",
    "verifiedAt": ""
   }
  },
  {
   "type": "Feature",
   "geometry": {
    "type": "Point",
    "coordinates": [
     133.040346,
     35.075315
    ]
   },
   "properties": {
    "id": "TH-n1324428705",
    "kind": "trailhead",
    "name": "（名称未確認）",
    "datum": "WGS84",
    "mountainIds": "610",
    "mountainNames": "比婆山",
    "lists": "中国百名山",
    "routes": "",
    "entryType": "一般道（県道以上）との接続",
    "trailKmToSummit": "比婆山:2.37km",
    "related": "",
    "attributes": "",
    "status": "candidate",
    "accuracyM": 30,
    "needsReview": "名称未確認、公式情報または2情報源での確認が必要",
    "sources": "OpenStreetMap（© OpenStreetMap contributors, ODbL 1.0）Geofabrik japan-latest.osm.pbf 2026-09-23T20:22:04Z node/1324428705（登山道と道路の接続点）",
    "verifiedAt": ""
   }
  },
  {
   "type": "Feature",
   "geometry": {
    "type": "Point",
    "coordinates": [
     133.18646,
     35.165522
    ]
   },
   "properties": {
    "id": "TH-n1324441812",
    "kind": "trailhead",
    "name": "（名称未確認）",
    "datum": "WGS84",
    "mountainIds": "566",
    "mountainNames": "船通山",
    "lists": "中国百名山",
    "routes": "",
    "entryType": "林道との接続",
    "trailKmToSummit": "船通山:1.5km",
    "related": "",
    "attributes": "",
    "status": "candidate",
    "accuracyM": 30,
    "needsReview": "名称未確認、林道からの入口（マイカー進入可否を要確認）、公式情報または2情報源での確認が必要",
    "sources": "OpenStreetMap（© OpenStreetMap contributors, ODbL 1.0）Geofabrik japan-latest.osm.pbf 2026-09-23T20:22:04Z node/1324441812（登山道と道路の接続点）",
    "verifiedAt": ""
   }
  },
  {
   "type": "Feature",
   "geometry": {
    "type": "Point",
    "coordinates": [
     133.168361,
     35.172827
    ]
   },
   "properties": {
    "id": "TH-n1324443784",
    "kind": "trailhead",
    "name": "（名称未確認）",
    "datum": "WGS84",
    "mountainIds": "566",
    "mountainNames": "船通山",
    "lists": "中国百名山",
    "routes": "",
    "entryType": "一般道との接続",
    "trailKmToSummit": "船通山:2.47km",
    "related": "",
    "attributes": "",
    "status": "candidate",
    "accuracyM": 30,
    "needsReview": "名称未確認、公式情報または2情報源での確認が必要",
    "sources": "OpenStreetMap（© OpenStreetMap contributors, ODbL 1.0）Geofabrik japan-latest.osm.pbf 2026-09-23T20:22:04Z node/1324443784（登山道と道路の接続点）",
    "verifiedAt": ""
   }
  },
  {
   "type": "Feature",
   "geometry": {
    "type": "Point",
    "coordinates": [
     133.173238,
     35.170553
    ]
   },
   "properties": {
    "id": "TH-n1324445989",
    "kind": "trailhead",
    "name": "（名称未確認）",
    "datum": "WGS84",
    "mountainIds": "566",
    "mountainNames": "船通山",
    "lists": "中国百名山",
    "routes": "",
    "entryType": "一般道との接続",
    "trailKmToSummit": "船通山:2.09km",
    "related": "",
    "attributes": "",
    "status": "candidate",
    "accuracyM": 30,
    "needsReview": "名称未確認、公式情報または2情報源での確認が必要",
    "sources": "OpenStreetMap（© OpenStreetMap contributors, ODbL 1.0）Geofabrik japan-latest.osm.pbf 2026-09-23T20:22:04Z node/1324445989（登山道と道路の接続点）",
    "verifiedAt": ""
   }
  },
  {
   "type": "Feature",
   "geometry": {
    "type": "Point",
    "coordinates": [
     132.923775,
     35.127347
    ]
   },
   "properties": {
    "id": "TH-n1324458636",
    "kind": "trailhead",
    "name": "（名称未確認）",
    "datum": "WGS84",
    "mountainIds": "579",
    "mountainNames": "鯛ノ巣山",
    "lists": "中国百名山",
    "routes": "",
    "entryType": "一般道との接続",
    "trailKmToSummit": "鯛ノ巣山:2.03km",
    "related": "",
    "attributes": "",
    "status": "candidate",
    "accuracyM": 30,
    "needsReview": "名称未確認、公式情報または2情報源での確認が必要",
    "sources": "OpenStreetMap（© OpenStreetMap contributors, ODbL 1.0）Geofabrik japan-latest.osm.pbf 2026-09-23T20:22:04Z node/1324458636（登山道と道路の接続点）",
    "verifiedAt": ""
   }
  },
  {
   "type": "Feature",
   "geometry": {
    "type": "Point",
    "coordinates": [
     132.9179281,
     35.0958412
    ]
   },
   "properties": {
    "id": "TH-n1324462093",
    "kind": "trailhead",
    "name": "（名称未確認）木地谷バス停付近",
    "datum": "WGS84",
    "mountainIds": "579",
    "mountainNames": "鯛ノ巣山",
    "lists": "中国百名山",
    "routes": "",
    "entryType": "一般道（県道以上）との接続",
    "trailKmToSummit": "鯛ノ巣山:2.91km",
    "related": "BS-kP11-22-32-bs2665(531m)",
    "attributes": "",
    "status": "provisional",
    "accuracyM": 30,
    "needsReview": "名称未確認、公式情報または2情報源での確認が必要",
    "sources": "OpenStreetMap（© OpenStreetMap contributors, ODbL 1.0）Geofabrik japan-latest.osm.pbf 2026-09-23T20:22:04Z node/1324462093（登山道と道路の接続点）",
    "verifiedAt": ""
   }
  },
  {
   "type": "Feature",
   "geometry": {
    "type": "Point",
    "coordinates": [
     132.943515,
     35.090927
    ]
   },
   "properties": {
    "id": "TH-n1324467389",
    "kind": "trailhead",
    "name": "（名称未確認）",
    "datum": "WGS84",
    "mountainIds": "586",
    "mountainNames": "猿政山",
    "lists": "中国百名山",
    "routes": "",
    "entryType": "林道との接続",
    "trailKmToSummit": "猿政山:2.94km",
    "related": "",
    "attributes": "",
    "status": "candidate",
    "accuracyM": 30,
    "needsReview": "名称未確認、林道からの入口（マイカー進入可否を要確認）、公式情報または2情報源での確認が必要",
    "sources": "OpenStreetMap（© OpenStreetMap contributors, ODbL 1.0）Geofabrik japan-latest.osm.pbf 2026-09-23T20:22:04Z node/1324467389（登山道と道路の接続点）",
    "verifiedAt": ""
   }
  },
  {
   "type": "Feature",
   "geometry": {
    "type": "Point",
    "coordinates": [
     132.958203,
     35.093879
    ]
   },
   "properties": {
    "id": "TH-n1324469026",
    "kind": "trailhead",
    "name": "（名称未確認）",
    "datum": "WGS84",
    "mountainIds": "586",
    "mountainNames": "猿政山",
    "lists": "中国百名山",
    "routes": "",
    "entryType": "道路の終点付近",
    "trailKmToSummit": "猿政山:1.75km",
    "related": "",
    "attributes": "",
    "status": "candidate",
    "accuracyM": 30,
    "needsReview": "名称未確認、林道からの入口（マイカー進入可否を要確認）、公式情報または2情報源での確認が必要",
    "sources": "OpenStreetMap（© OpenStreetMap contributors, ODbL 1.0）Geofabrik japan-latest.osm.pbf 2026-09-23T20:22:04Z node/1324469026（登山道と道路の接続点）",
    "verifiedAt": ""
   }
  },
  {
   "type": "Feature",
   "geometry": {
    "type": "Point",
    "coordinates": [
     132.7534661,
     35.0374526
    ]
   },
   "properties": {
    "id": "TH-n1325867828",
    "kind": "trailhead",
    "name": "（名称未確認）来島バス停付近",
    "datum": "WGS84",
    "mountainIds": "599",
    "mountainNames": "琴引山",
    "lists": "中国百名山",
    "routes": "",
    "entryType": "一般道との接続",
    "trailKmToSummit": "琴引山:3.65km",
    "related": "BS-kP11-22-32-bs2832(938m) BS-kP11-22-32-bs2833(983m) BS-kP11-22-32-bs2844(988m)",
    "attributes": "",
    "status": "provisional",
    "accuracyM": 30,
    "needsReview": "名称未確認、公式情報または2情報源での確認が必要",
    "sources": "OpenStreetMap（© OpenStreetMap contributors, ODbL 1.0）Geofabrik japan-latest.osm.pbf 2026-09-23T20:22:04Z node/1325867828（登山道と道路の接続点）",
    "verifiedAt": ""
   }
  },
  {
   "type": "Feature",
   "geometry": {
    "type": "Point",
    "coordinates": [
     132.8421934,
     35.0915105
    ]
   },
   "properties": {
    "id": "TH-n1325871007",
    "kind": "trailhead",
    "name": "（名称未確認）",
    "datum": "WGS84",
    "mountainIds": "583",
    "mountainNames": "大万木山",
    "lists": "中国百名山",
    "routes": "",
    "entryType": "道路の終点付近",
    "trailKmToSummit": "大万木山:1.96km",
    "related": "",
    "attributes": "",
    "status": "candidate",
    "accuracyM": 30,
    "needsReview": "名称未確認、林道からの入口（マイカー進入可否を要確認）、公式情報または2情報源での確認が必要",
    "sources": "OpenStreetMap（© OpenStreetMap contributors, ODbL 1.0）Geofabrik japan-latest.osm.pbf 2026-09-23T20:22:04Z node/1325871007（登山道と道路の接続点）",
    "verifiedAt": ""
   }
  },
  {
   "type": "Feature",
   "geometry": {
    "type": "Point",
    "coordinates": [
     133.176966,
     35.14847
    ]
   },
   "properties": {
    "id": "TH-n1326977395",
    "kind": "trailhead",
    "name": "（名称未確認）",
    "datum": "WGS84",
    "mountainIds": "566",
    "mountainNames": "船通山",
    "lists": "中国百名山",
    "routes": "",
    "entryType": "道路の終点付近",
    "trailKmToSummit": "船通山:0.85km",
    "related": "",
    "attributes": "",
    "status": "candidate",
    "accuracyM": 30,
    "needsReview": "名称未確認、林道からの入口（マイカー進入可否を要確認）、公式情報または2情報源での確認が必要",
    "sources": "OpenStreetMap（© OpenStreetMap contributors, ODbL 1.0）Geofabrik japan-latest.osm.pbf 2026-09-23T20:22:04Z node/1326977395（登山道と道路の接続点）",
    "verifiedAt": ""
   }
  },
  {
   "type": "Feature",
   "geometry": {
    "type": "Point",
    "coordinates": [
     133.393766,
     35.164979
    ]
   },
   "properties": {
    "id": "TH-n1326983537",
    "kind": "trailhead",
    "name": "（名称未確認）",
    "datum": "WGS84",
    "mountainIds": "569",
    "mountainNames": "花見山",
    "lists": "中国百名山",
    "routes": "",
    "entryType": "一般道との接続",
    "trailKmToSummit": "花見山:1.58km",
    "related": "",
    "attributes": "",
    "status": "candidate",
    "accuracyM": 30,
    "needsReview": "名称未確認、登山道が道路を横断する地点（途中の入口の可能性）、公式情報または2情報源での確認が必要",
    "sources": "OpenStreetMap（© OpenStreetMap contributors, ODbL 1.0）Geofabrik japan-latest.osm.pbf 2026-09-23T20:22:04Z node/1326983537（登山道と道路の接続点）",
    "verifiedAt": ""
   }
  },
  {
   "type": "Feature",
   "geometry": {
    "type": "Point",
    "coordinates": [
     133.383312,
     35.143107
    ]
   },
   "properties": {
    "id": "TH-n1326997392",
    "kind": "trailhead",
    "name": "（名称未確認）",
    "datum": "WGS84",
    "mountainIds": "569",
    "mountainNames": "花見山",
    "lists": "中国百名山",
    "routes": "",
    "entryType": "一般道との接続",
    "trailKmToSummit": "花見山:2.06km",
    "related": "",
    "attributes": "",
    "status": "candidate",
    "accuracyM": 30,
    "needsReview": "名称未確認、公式情報または2情報源での確認が必要",
    "sources": "OpenStreetMap（© OpenStreetMap contributors, ODbL 1.0）Geofabrik japan-latest.osm.pbf 2026-09-23T20:22:04Z node/1326997392（登山道と道路の接続点）",
    "verifiedAt": ""
   }
  },
  {
   "type": "Feature",
   "geometry": {
    "type": "Point",
    "coordinates": [
     133.39199,
     35.1468149
    ]
   },
   "properties": {
    "id": "TH-n1327004174",
    "kind": "trailhead",
    "name": "（名称未確認）",
    "datum": "WGS84",
    "mountainIds": "569",
    "mountainNames": "花見山",
    "lists": "中国百名山",
    "routes": "",
    "entryType": "一般道との接続",
    "trailKmToSummit": "花見山:1.04km",
    "related": "",
    "attributes": "",
    "status": "candidate",
    "accuracyM": 30,
    "needsReview": "名称未確認、公式情報または2情報源での確認が必要",
    "sources": "OpenStreetMap（© OpenStreetMap contributors, ODbL 1.0）Geofabrik japan-latest.osm.pbf 2026-09-23T20:22:04Z node/1327004174（登山道と道路の接続点）",
    "verifiedAt": ""
   }
  },
  {
   "type": "Feature",
   "geometry": {
    "type": "Point",
    "coordinates": [
     132.062095,
     34.440126
    ]
   },
   "properties": {
    "id": "TH-n1329170931",
    "kind": "trailhead",
    "name": "（名称未確認）常国バス停付近",
    "datum": "WGS84",
    "mountainIds": "660 664",
    "mountainNames": "冠山、寂地山",
    "lists": "中国百名山",
    "routes": "OSM登山道「寂地林道」",
    "entryType": "道路の終点付近",
    "trailKmToSummit": "冠山:4.95km 寂地山:5.84km",
    "related": "BS-kP11-22-35-bs98(526m) BS-kP11-22-35-bs95(605m) BS-kP11-22-35-bs106(699m)",
    "attributes": "",
    "status": "provisional",
    "accuracyM": 30,
    "needsReview": "名称未確認、林道からの入口（マイカー進入可否を要確認）、公式情報または2情報源での確認が必要",
    "sources": "OpenStreetMap（© OpenStreetMap contributors, ODbL 1.0）Geofabrik japan-latest.osm.pbf 2026-09-23T20:22:04Z node/1329170931（登山道と道路の接続点）",
    "verifiedAt": ""
   }
  },
  {
   "type": "Feature",
   "geometry": {
    "type": "Point",
    "coordinates": [
     132.0768074,
     34.437247
    ]
   },
   "properties": {
    "id": "TH-n1329172215",
    "kind": "trailhead",
    "name": "松の木峠",
    "datum": "WGS84",
    "mountainIds": "660 664 679",
    "mountainNames": "冠山、寂地山、鬼ヶ城山",
    "lists": "中国百名山",
    "routes": "",
    "entryType": "峠（道路との接続）",
    "trailKmToSummit": "冠山:4.45km 寂地山:5.34km 鬼ヶ城山:3.7km",
    "related": "BS-kP11-22-35-bs95(799m) BS-kP11-22-35-bs98(947m)",
    "attributes": "",
    "status": "adopted",
    "accuracyM": 30,
    "needsReview": "登山道が道路を横断する地点（途中の入口の可能性）",
    "sources": "OpenStreetMap（© OpenStreetMap contributors, ODbL 1.0）Geofabrik japan-latest.osm.pbf 2026-09-23T20:22:04Z node/1329172215（登山道と道路の接続点） ｜ 国土地理院 地名検索「松の木峠」（34.437043, 132.076896、JGD2011、24m差）2026-09-20確認",
    "verifiedAt": "2026-09-20"
   }
  },
  {
   "type": "Feature",
   "geometry": {
    "type": "Point",
    "coordinates": [
     132.061286,
     34.427627
    ]
   },
   "properties": {
    "id": "TH-n1329173015",
    "kind": "trailhead",
    "name": "（名称未確認）三和バス停付近",
    "datum": "WGS84",
    "mountainIds": "679",
    "mountainNames": "鬼ヶ城山",
    "lists": "中国百名山",
    "routes": "",
    "entryType": "一般道との接続",
    "trailKmToSummit": "鬼ヶ城山:3.32km",
    "related": "BS-kP11-22-35-bs115(291m) BS-kP11-22-35-bs129(377m) BS-kP11-22-35-bs143(585m)",
    "attributes": "",
    "status": "provisional",
    "accuracyM": 30,
    "needsReview": "名称未確認、公式情報または2情報源での確認が必要",
    "sources": "OpenStreetMap（© OpenStreetMap contributors, ODbL 1.0）Geofabrik japan-latest.osm.pbf 2026-09-23T20:22:04Z node/1329173015（登山道と道路の接続点）",
    "verifiedAt": ""
   }
  },
  {
   "type": "Feature",
   "geometry": {
    "type": "Point",
    "coordinates": [
     132.072793,
     34.435888
    ]
   },
   "properties": {
    "id": "TH-n1329174594",
    "kind": "trailhead",
    "name": "（名称未確認）寂地登山口バス停付近",
    "datum": "WGS84",
    "mountainIds": "679",
    "mountainNames": "鬼ヶ城山",
    "lists": "中国百名山",
    "routes": "",
    "entryType": "一般道（県道以上）との接続",
    "trailKmToSummit": "鬼ヶ城山:3.84km",
    "related": "BS-kP11-22-35-bs95(484m) BS-kP11-22-35-bs98(593m) BS-kP11-22-35-bs106(891m)",
    "attributes": "",
    "status": "provisional",
    "accuracyM": 30,
    "needsReview": "名称未確認、公式情報または2情報源での確認が必要",
    "sources": "OpenStreetMap（© OpenStreetMap contributors, ODbL 1.0）Geofabrik japan-latest.osm.pbf 2026-09-23T20:22:04Z node/1329174594（登山道と道路の接続点）",
    "verifiedAt": ""
   }
  },
  {
   "type": "Feature",
   "geometry": {
    "type": "Point",
    "coordinates": [
     132.013215,
     34.390009
    ]
   },
   "properties": {
    "id": "TH-n1329175507",
    "kind": "trailhead",
    "name": "（名称未確認）向峠バス停付近",
    "datum": "WGS84",
    "mountainIds": "677",
    "mountainNames": "小五郎山",
    "lists": "中国百名山",
    "routes": "",
    "entryType": "一般道との接続",
    "trailKmToSummit": "小五郎山:3.18km",
    "related": "PK-w443379040(424m) BS-kP11-22-35-bs336(251m) BS-n9699327056(445m) BS-kP11-22-35-bs357(486m)",
    "attributes": "",
    "status": "provisional",
    "accuracyM": 30,
    "needsReview": "名称未確認、公式情報または2情報源での確認が必要",
    "sources": "OpenStreetMap（© OpenStreetMap contributors, ODbL 1.0）Geofabrik japan-latest.osm.pbf 2026-09-23T20:22:04Z node/1329175507（登山道と道路の接続点）",
    "verifiedAt": ""
   }
  },
  {
   "type": "Feature",
   "geometry": {
    "type": "Point",
    "coordinates": [
     132.066098,
     34.359837
    ]
   },
   "properties": {
    "id": "TH-n1329177389",
    "kind": "trailhead",
    "name": "（名称未確認）",
    "datum": "WGS84",
    "mountainIds": "686",
    "mountainNames": "羅漢山",
    "lists": "中国百名山",
    "routes": "",
    "entryType": "一般道（県道以上）との接続",
    "trailKmToSummit": "羅漢山:0.64km",
    "related": "",
    "attributes": "",
    "status": "candidate",
    "accuracyM": 30,
    "needsReview": "名称未確認、公式情報または2情報源での確認が必要",
    "sources": "OpenStreetMap（© OpenStreetMap contributors, ODbL 1.0）Geofabrik japan-latest.osm.pbf 2026-09-23T20:22:04Z node/1329177389（登山道と道路の接続点）",
    "verifiedAt": ""
   }
  },
  {
   "type": "Feature",
   "geometry": {
    "type": "Point",
    "coordinates": [
     131.9188519,
     34.252518
    ]
   },
   "properties": {
    "id": "TH-n1329201236",
    "kind": "trailhead",
    "name": "（名称未確認）",
    "datum": "WGS84",
    "mountainIds": "701",
    "mountainNames": "馬糞ヶ岳",
    "lists": "中国百名山",
    "routes": "",
    "entryType": "一般道との接続",
    "trailKmToSummit": "馬糞ヶ岳:3.26km",
    "related": "",
    "attributes": "",
    "status": "candidate",
    "accuracyM": 30,
    "needsReview": "名称未確認、公式情報または2情報源での確認が必要",
    "sources": "OpenStreetMap（© OpenStreetMap contributors, ODbL 1.0）Geofabrik japan-latest.osm.pbf 2026-09-23T20:22:04Z node/1329201236（登山道と道路の接続点）",
    "verifiedAt": ""
   }
  },
  {
   "type": "Feature",
   "geometry": {
    "type": "Point",
    "coordinates": [
     131.91562,
     34.243032
    ]
   },
   "properties": {
    "id": "TH-n1329219254",
    "kind": "trailhead",
    "name": "（名称未確認）",
    "datum": "WGS84",
    "mountainIds": "701",
    "mountainNames": "馬糞ヶ岳",
    "lists": "中国百名山",
    "routes": "",
    "entryType": "一般道との接続",
    "trailKmToSummit": "馬糞ヶ岳:3.15km",
    "related": "",
    "attributes": "",
    "status": "candidate",
    "accuracyM": 30,
    "needsReview": "名称未確認、公式情報または2情報源での確認が必要",
    "sources": "OpenStreetMap（© OpenStreetMap contributors, ODbL 1.0）Geofabrik japan-latest.osm.pbf 2026-09-23T20:22:04Z node/1329219254（登山道と道路の接続点）",
    "verifiedAt": ""
   }
  },
  {
   "type": "Feature",
   "geometry": {
    "type": "Point",
    "coordinates": [
     132.0533936,
     34.3504438
    ]
   },
   "properties": {
    "id": "TH-n1329280807",
    "kind": "trailhead",
    "name": "（名称未確認）",
    "datum": "WGS84",
    "mountainIds": "686",
    "mountainNames": "羅漢山",
    "lists": "中国百名山",
    "routes": "",
    "entryType": "一般道（県道以上）との接続",
    "trailKmToSummit": "羅漢山:1.49km",
    "related": "",
    "attributes": "",
    "status": "candidate",
    "accuracyM": 30,
    "needsReview": "名称未確認、公式情報または2情報源での確認が必要",
    "sources": "OpenStreetMap（© OpenStreetMap contributors, ODbL 1.0）Geofabrik japan-latest.osm.pbf 2026-09-23T20:22:04Z node/1329280807（登山道と道路の接続点）",
    "verifiedAt": ""
   }
  },
  {
   "type": "Feature",
   "geometry": {
    "type": "Point",
    "coordinates": [
     131.9799511,
     34.0725944
    ]
   },
   "properties": {
    "id": "TH-n1340678190",
    "kind": "trailhead",
    "name": "（名称未確認）",
    "datum": "WGS84",
    "mountainIds": "725",
    "mountainNames": "烏帽子岳",
    "lists": "中国百名山",
    "routes": "",
    "entryType": "一般道との接続",
    "trailKmToSummit": "烏帽子岳:2.65km",
    "related": "",
    "attributes": "",
    "status": "candidate",
    "accuracyM": 30,
    "needsReview": "名称未確認、公式情報または2情報源での確認が必要",
    "sources": "OpenStreetMap（© OpenStreetMap contributors, ODbL 1.0）Geofabrik japan-latest.osm.pbf 2026-09-23T20:22:04Z node/1340678190（登山道と道路の接続点）",
    "verifiedAt": ""
   }
  },
  {
   "type": "Feature",
   "geometry": {
    "type": "Point",
    "coordinates": [
     131.9633629,
     34.085968
    ]
   },
   "properties": {
    "id": "TH-n1340681494",
    "kind": "trailhead",
    "name": "（名称未確認）",
    "datum": "WGS84",
    "mountainIds": "725",
    "mountainNames": "烏帽子岳",
    "lists": "中国百名山",
    "routes": "",
    "entryType": "一般道との接続",
    "trailKmToSummit": "烏帽子岳:0.69km",
    "related": "",
    "attributes": "",
    "status": "candidate",
    "accuracyM": 30,
    "needsReview": "名称未確認、登山道が道路を横断する地点（途中の入口の可能性）、公式情報または2情報源での確認が必要",
    "sources": "OpenStreetMap（© OpenStreetMap contributors, ODbL 1.0）Geofabrik japan-latest.osm.pbf 2026-09-23T20:22:04Z node/1340681494（登山道と道路の接続点）",
    "verifiedAt": ""
   }
  },
  {
   "type": "Feature",
   "geometry": {
    "type": "Point",
    "coordinates": [
     131.9587438,
     34.0686179
    ]
   },
   "properties": {
    "id": "TH-n1340682297",
    "kind": "trailhead",
    "name": "（名称未確認）",
    "datum": "WGS84",
    "mountainIds": "725",
    "mountainNames": "烏帽子岳",
    "lists": "中国百名山",
    "routes": "",
    "entryType": "一般道（県道以上）との接続",
    "trailKmToSummit": "烏帽子岳:2.63km",
    "related": "",
    "attributes": "",
    "status": "candidate",
    "accuracyM": 30,
    "needsReview": "名称未確認、公式情報または2情報源での確認が必要",
    "sources": "OpenStreetMap（© OpenStreetMap contributors, ODbL 1.0）Geofabrik japan-latest.osm.pbf 2026-09-23T20:22:04Z node/1340682297（登山道と道路の接続点）",
    "verifiedAt": ""
   }
  },
  {
   "type": "Feature",
   "geometry": {
    "type": "Point",
    "coordinates": [
     131.8801985,
     34.243289
    ]
   },
   "properties": {
    "id": "TH-n1340708547",
    "kind": "trailhead",
    "name": "（名称未確認）",
    "datum": "WGS84",
    "mountainIds": "701",
    "mountainNames": "馬糞ヶ岳",
    "lists": "中国百名山",
    "routes": "",
    "entryType": "一般道との接続",
    "trailKmToSummit": "馬糞ヶ岳:2.48km",
    "related": "",
    "attributes": "",
    "status": "candidate",
    "accuracyM": 30,
    "needsReview": "名称未確認、公式情報または2情報源での確認が必要",
    "sources": "OpenStreetMap（© OpenStreetMap contributors, ODbL 1.0）Geofabrik japan-latest.osm.pbf 2026-09-23T20:22:04Z node/1340708547（登山道と道路の接続点）",
    "verifiedAt": ""
   }
  },
  {
   "type": "Feature",
   "geometry": {
    "type": "Point",
    "coordinates": [
     131.8858103,
     34.242341
    ]
   },
   "properties": {
    "id": "TH-n1340724671",
    "kind": "trailhead",
    "name": "（名称未確認）",
    "datum": "WGS84",
    "mountainIds": "701",
    "mountainNames": "馬糞ヶ岳",
    "lists": "中国百名山",
    "routes": "",
    "entryType": "一般道との接続",
    "trailKmToSummit": "馬糞ヶ岳:1.96km",
    "related": "",
    "attributes": "",
    "status": "candidate",
    "accuracyM": 30,
    "needsReview": "名称未確認、公式情報または2情報源での確認が必要",
    "sources": "OpenStreetMap（© OpenStreetMap contributors, ODbL 1.0）Geofabrik japan-latest.osm.pbf 2026-09-23T20:22:04Z node/1340724671（登山道と道路の接続点）",
    "verifiedAt": ""
   }
  },
  {
   "type": "Feature",
   "geometry": {
    "type": "Point",
    "coordinates": [
     131.76291,
     34.402467
    ]
   },
   "properties": {
    "id": "TH-n1344124263",
    "kind": "trailhead",
    "name": "（名称未確認）",
    "datum": "WGS84",
    "mountainIds": "680",
    "mountainNames": "高岳山",
    "lists": "中国百名山",
    "routes": "",
    "entryType": "一般道との接続",
    "trailKmToSummit": "高岳山:2.2km",
    "related": "",
    "attributes": "",
    "status": "candidate",
    "accuracyM": 30,
    "needsReview": "名称未確認、公式情報または2情報源での確認が必要",
    "sources": "OpenStreetMap（© OpenStreetMap contributors, ODbL 1.0）Geofabrik japan-latest.osm.pbf 2026-09-23T20:22:04Z node/1344124263（登山道と道路の接続点）",
    "verifiedAt": ""
   }
  },
  {
   "type": "Feature",
   "geometry": {
    "type": "Point",
    "coordinates": [
     131.694534,
     34.4459019
    ]
   },
   "properties": {
    "id": "TH-n1344132656",
    "kind": "trailhead",
    "name": "（名称未確認）",
    "datum": "WGS84",
    "mountainIds": "672",
    "mountainNames": "十種ヶ峰",
    "lists": "中国百名山",
    "routes": "",
    "entryType": "一般道との接続",
    "trailKmToSummit": "十種ヶ峰:0.88km",
    "related": "",
    "attributes": "",
    "status": "candidate",
    "accuracyM": 30,
    "needsReview": "名称未確認、公式情報または2情報源での確認が必要",
    "sources": "OpenStreetMap（© OpenStreetMap contributors, ODbL 1.0）Geofabrik japan-latest.osm.pbf 2026-09-23T20:22:04Z node/1344132656（登山道と道路の接続点）",
    "verifiedAt": ""
   }
  },
  {
   "type": "Feature",
   "geometry": {
    "type": "Point",
    "coordinates": [
     131.6884411,
     34.4411672
    ]
   },
   "properties": {
    "id": "TH-n1344143423",
    "kind": "trailhead",
    "name": "（名称未確認）",
    "datum": "WGS84",
    "mountainIds": "672",
    "mountainNames": "十種ヶ峰",
    "lists": "中国百名山",
    "routes": "",
    "entryType": "一般道との接続",
    "trailKmToSummit": "十種ヶ峰:0.75km",
    "related": "",
    "attributes": "",
    "status": "candidate",
    "accuracyM": 30,
    "needsReview": "名称未確認、公式情報または2情報源での確認が必要",
    "sources": "OpenStreetMap（© OpenStreetMap contributors, ODbL 1.0）Geofabrik japan-latest.osm.pbf 2026-09-23T20:22:04Z node/1344143423（登山道と道路の接続点）",
    "verifiedAt": ""
   }
  },
  {
   "type": "Feature",
   "geometry": {
    "type": "Point",
    "coordinates": [
     131.769667,
     34.418895
    ]
   },
   "properties": {
    "id": "TH-n1344145285",
    "kind": "trailhead",
    "name": "（名称未確認）",
    "datum": "WGS84",
    "mountainIds": "680",
    "mountainNames": "高岳山",
    "lists": "中国百名山",
    "routes": "",
    "entryType": "一般道との接続",
    "trailKmToSummit": "高岳山:2.62km",
    "related": "",
    "attributes": "",
    "status": "candidate",
    "accuracyM": 30,
    "needsReview": "名称未確認、登山道が道路を横断する地点（途中の入口の可能性）、公式情報または2情報源での確認が必要",
    "sources": "OpenStreetMap（© OpenStreetMap contributors, ODbL 1.0）Geofabrik japan-latest.osm.pbf 2026-09-23T20:22:04Z node/1344145285（登山道と道路の接続点）",
    "verifiedAt": ""
   }
  },
  {
   "type": "Feature",
   "geometry": {
    "type": "Point",
    "coordinates": [
     131.4610267,
     34.2198112
    ]
   },
   "properties": {
    "id": "TH-n1345403804",
    "kind": "trailhead",
    "name": "（名称未確認）",
    "datum": "WGS84",
    "mountainIds": "711",
    "mountainNames": "東鳳翩山",
    "lists": "中国百名山",
    "routes": "",
    "entryType": "一般道との接続",
    "trailKmToSummit": "東鳳翩山:2.2km",
    "related": "",
    "attributes": "",
    "status": "candidate",
    "accuracyM": 30,
    "needsReview": "名称未確認、公式情報または2情報源での確認が必要",
    "sources": "OpenStreetMap（© OpenStreetMap contributors, ODbL 1.0）Geofabrik japan-latest.osm.pbf 2026-09-23T20:22:04Z node/1345403804（登山道と道路の接続点）",
    "verifiedAt": ""
   }
  },
  {
   "type": "Feature",
   "geometry": {
    "type": "Point",
    "coordinates": [
     131.4304574,
     34.218875
    ]
   },
   "properties": {
    "id": "TH-n1345408314",
    "kind": "trailhead",
    "name": "地蔵峠",
    "datum": "WGS84",
    "mountainIds": "711",
    "mountainNames": "東鳳翩山",
    "lists": "中国百名山",
    "routes": "",
    "entryType": "峠（道路との接続）",
    "trailKmToSummit": "東鳳翩山:1.4km",
    "related": "",
    "attributes": "",
    "status": "adopted",
    "accuracyM": 30,
    "needsReview": "登山道が道路を横断する地点（途中の入口の可能性）",
    "sources": "OpenStreetMap（© OpenStreetMap contributors, ODbL 1.0）Geofabrik japan-latest.osm.pbf 2026-09-23T20:22:04Z node/1345408314（登山道と道路の接続点） ｜ 国土地理院 地名検索「地蔵峠」（34.219130, 131.430467、JGD2011、28m差）2026-09-20確認",
    "verifiedAt": "2026-09-20"
   }
  },
  {
   "type": "Feature",
   "geometry": {
    "type": "Point",
    "coordinates": [
     131.4650007,
     34.2306488
    ]
   },
   "properties": {
    "id": "TH-n1345408632",
    "kind": "trailhead",
    "name": "（名称未確認）",
    "datum": "WGS84",
    "mountainIds": "711",
    "mountainNames": "東鳳翩山",
    "lists": "中国百名山",
    "routes": "",
    "entryType": "一般道（県道以上）との接続",
    "trailKmToSummit": "東鳳翩山:3.02km",
    "related": "PK-w1002052698(155m) PK-w494573618(331m)",
    "attributes": "",
    "status": "provisional",
    "accuracyM": 30,
    "needsReview": "名称未確認、登山道が道路を横断する地点（途中の入口の可能性）、公式情報または2情報源での確認が必要",
    "sources": "OpenStreetMap（© OpenStreetMap contributors, ODbL 1.0）Geofabrik japan-latest.osm.pbf 2026-09-23T20:22:04Z node/1345408632（登山道と道路の接続点）",
    "verifiedAt": ""
   }
  },
  {
   "type": "Feature",
   "geometry": {
    "type": "Point",
    "coordinates": [
     131.54902,
     34.104256
    ]
   },
   "properties": {
    "id": "TH-n1345515022",
    "kind": "trailhead",
    "name": "（名称未確認）洞道北口バス停付近",
    "datum": "WGS84",
    "mountainIds": "726",
    "mountainNames": "右田ヶ岳",
    "lists": "中国百名山",
    "routes": "",
    "entryType": "一般道との接続",
    "trailKmToSummit": "右田ヶ岳:3.06km",
    "related": "BS-kP11-22-35-bs2182(890m) BS-kP11-22-35-bs2182(890m)",
    "attributes": "",
    "status": "provisional",
    "accuracyM": 30,
    "needsReview": "名称未確認、公式情報または2情報源での確認が必要",
    "sources": "OpenStreetMap（© OpenStreetMap contributors, ODbL 1.0）Geofabrik japan-latest.osm.pbf 2026-09-23T20:22:04Z node/1345515022（登山道と道路の接続点）",
    "verifiedAt": ""
   }
  },
  {
   "type": "Feature",
   "geometry": {
    "type": "Point",
    "coordinates": [
     131.5461259,
     34.100428
    ]
   },
   "properties": {
    "id": "TH-n1345527101",
    "kind": "trailhead",
    "name": "（名称未確認）洞道北口バス停付近",
    "datum": "WGS84",
    "mountainIds": "726",
    "mountainNames": "右田ヶ岳",
    "lists": "中国百名山",
    "routes": "",
    "entryType": "一般道との接続",
    "trailKmToSummit": "右田ヶ岳:2.31km",
    "related": "PK-w473921648(451m) BS-kP11-22-35-bs2182(630m) BS-kP11-22-35-bs2182(630m)",
    "attributes": "",
    "status": "provisional",
    "accuracyM": 30,
    "needsReview": "名称未確認、公式情報または2情報源での確認が必要",
    "sources": "OpenStreetMap（© OpenStreetMap contributors, ODbL 1.0）Geofabrik japan-latest.osm.pbf 2026-09-23T20:22:04Z node/1345527101（登山道と道路の接続点）",
    "verifiedAt": ""
   }
  },
  {
   "type": "Feature",
   "geometry": {
    "type": "Point",
    "coordinates": [
     131.5738275,
     34.0981801
    ]
   },
   "properties": {
    "id": "TH-n1346481203",
    "kind": "trailhead",
    "name": "（名称未確認）田の口バス停付近",
    "datum": "WGS84",
    "mountainIds": "726",
    "mountainNames": "右田ヶ岳",
    "lists": "中国百名山",
    "routes": "",
    "entryType": "一般道（県道以上）との接続",
    "trailKmToSummit": "右田ヶ岳:3.31km",
    "related": "BS-kP11-22-35-bs2284(639m) BS-kP11-22-35-bs2267(672m) BS-kP11-22-35-bs2227(906m)",
    "attributes": "",
    "status": "provisional",
    "accuracyM": 30,
    "needsReview": "名称未確認、公式情報または2情報源での確認が必要",
    "sources": "OpenStreetMap（© OpenStreetMap contributors, ODbL 1.0）Geofabrik japan-latest.osm.pbf 2026-09-23T20:22:04Z node/1346481203（登山道と道路の接続点）",
    "verifiedAt": ""
   }
  },
  {
   "type": "Feature",
   "geometry": {
    "type": "Point",
    "coordinates": [
     131.5474077,
     34.0884791
    ]
   },
   "properties": {
    "id": "TH-n1346481398",
    "kind": "trailhead",
    "name": "（名称未確認）上勝坂バス停付近",
    "datum": "WGS84",
    "mountainIds": "726",
    "mountainNames": "右田ヶ岳",
    "lists": "中国百名山",
    "routes": "",
    "entryType": "一般道との接続",
    "trailKmToSummit": "右田ヶ岳:2.08km",
    "related": "BS-kP11-22-35-bs2348(153m) BS-kP11-22-35-bs2348(153m) BS-kP11-22-35-bs2398(853m)",
    "attributes": "",
    "status": "provisional",
    "accuracyM": 30,
    "needsReview": "名称未確認、公式情報または2情報源での確認が必要",
    "sources": "OpenStreetMap（© OpenStreetMap contributors, ODbL 1.0）Geofabrik japan-latest.osm.pbf 2026-09-23T20:22:04Z node/1346481398（登山道と道路の接続点）",
    "verifiedAt": ""
   }
  },
  {
   "type": "Feature",
   "geometry": {
    "type": "Point",
    "coordinates": [
     131.5730778,
     34.0905832
    ]
   },
   "properties": {
    "id": "TH-n1346493985",
    "kind": "trailhead",
    "name": "（名称未確認）右田毛利邸前バス停付近",
    "datum": "WGS84",
    "mountainIds": "726",
    "mountainNames": "右田ヶ岳",
    "lists": "中国百名山",
    "routes": "",
    "entryType": "一般道との接続",
    "trailKmToSummit": "右田ヶ岳:3.67km",
    "related": "BS-kP11-22-35-bs2334(291m) BS-kP11-22-35-bs2284(502m) BS-kP11-22-35-bs2367(607m)",
    "attributes": "",
    "status": "provisional",
    "accuracyM": 30,
    "needsReview": "名称未確認、公式情報または2情報源での確認が必要",
    "sources": "OpenStreetMap（© OpenStreetMap contributors, ODbL 1.0）Geofabrik japan-latest.osm.pbf 2026-09-23T20:22:04Z node/1346493985（登山道と道路の接続点）",
    "verifiedAt": ""
   }
  },
  {
   "type": "Feature",
   "geometry": {
    "type": "Point",
    "coordinates": [
     131.5661554,
     34.0800131
    ]
   },
   "properties": {
    "id": "TH-n1346498166",
    "kind": "trailhead",
    "name": "（名称未確認）塚原バス停付近",
    "datum": "WGS84",
    "mountainIds": "726",
    "mountainNames": "右田ヶ岳",
    "lists": "中国百名山",
    "routes": "",
    "entryType": "一般道との接続",
    "trailKmToSummit": "右田ヶ岳:1.3km",
    "related": "BS-kP11-22-35-bs2426(183m) BS-kP11-22-35-bs2384(426m) BS-kP11-22-35-bs2367(758m)",
    "attributes": "",
    "status": "provisional",
    "accuracyM": 30,
    "needsReview": "名称未確認、公式情報または2情報源での確認が必要",
    "sources": "OpenStreetMap（© OpenStreetMap contributors, ODbL 1.0）Geofabrik japan-latest.osm.pbf 2026-09-23T20:22:04Z node/1346498166（登山道と道路の接続点）",
    "verifiedAt": ""
   }
  },
  {
   "type": "Feature",
   "geometry": {
    "type": "Point",
    "coordinates": [
     133.3640321,
     35.2523101
    ]
   },
   "properties": {
    "id": "TH-n1348837520",
    "kind": "trailhead",
    "name": "（名称未確認）",
    "datum": "WGS84",
    "mountainIds": "524",
    "mountainNames": "鎌倉山",
    "lists": "中国百名山",
    "routes": "",
    "entryType": "一般道との接続",
    "trailKmToSummit": "鎌倉山:1.27km",
    "related": "",
    "attributes": "",
    "status": "candidate",
    "accuracyM": 30,
    "needsReview": "名称未確認、公式情報または2情報源での確認が必要",
    "sources": "OpenStreetMap（© OpenStreetMap contributors, ODbL 1.0）Geofabrik japan-latest.osm.pbf 2026-09-23T20:22:04Z node/1348837520（登山道と道路の接続点）",
    "verifiedAt": ""
   }
  },
  {
   "type": "Feature",
   "geometry": {
    "type": "Point",
    "coordinates": [
     133.358871,
     35.251842
    ]
   },
   "properties": {
    "id": "TH-n1348841434",
    "kind": "trailhead",
    "name": "（名称未確認）",
    "datum": "WGS84",
    "mountainIds": "524",
    "mountainNames": "鎌倉山",
    "lists": "中国百名山",
    "routes": "",
    "entryType": "一般道との接続",
    "trailKmToSummit": "鎌倉山:1.27km",
    "related": "",
    "attributes": "",
    "status": "candidate",
    "accuracyM": 30,
    "needsReview": "名称未確認、公式情報または2情報源での確認が必要",
    "sources": "OpenStreetMap（© OpenStreetMap contributors, ODbL 1.0）Geofabrik japan-latest.osm.pbf 2026-09-23T20:22:04Z node/1348841434（登山道と道路の接続点）",
    "verifiedAt": ""
   }
  },
  {
   "type": "Feature",
   "geometry": {
    "type": "Point",
    "coordinates": [
     133.5866198,
     35.3513616
    ]
   },
   "properties": {
    "id": "TH-n1348878618",
    "kind": "trailhead",
    "name": "新小屋峠",
    "datum": "WGS84",
    "mountainIds": "497",
    "mountainNames": "烏ヶ山",
    "lists": "中国百名山",
    "routes": "",
    "entryType": "峠（道路との接続）",
    "trailKmToSummit": "烏ヶ山:2.27km",
    "related": "",
    "attributes": "",
    "status": "adopted",
    "accuracyM": 30,
    "needsReview": "登山道が道路を横断する地点（途中の入口の可能性）",
    "sources": "OpenStreetMap（© OpenStreetMap contributors, ODbL 1.0）Geofabrik japan-latest.osm.pbf 2026-09-23T20:22:04Z node/1348878618（登山道と道路の接続点） ｜ 国土地理院 地名検索「新小屋峠」（35.351732, 133.586550、JGD2011、41m差）2026-09-20確認",
    "verifiedAt": "2026-09-20"
   }
  },
  {
   "type": "Feature",
   "geometry": {
    "type": "Point",
    "coordinates": [
     133.97366,
     35.371322
    ]
   },
   "properties": {
    "id": "TH-n1348929064",
    "kind": "trailhead",
    "name": "（名称未確認）",
    "datum": "WGS84",
    "mountainIds": "481",
    "mountainNames": "三徳山",
    "lists": "中国百名山",
    "routes": "",
    "entryType": "一般道（県道以上）との接続",
    "trailKmToSummit": "三徳山:2.16km",
    "related": "",
    "attributes": "",
    "status": "candidate",
    "accuracyM": 30,
    "needsReview": "名称未確認、公式情報または2情報源での確認が必要",
    "sources": "OpenStreetMap（© OpenStreetMap contributors, ODbL 1.0）Geofabrik japan-latest.osm.pbf 2026-09-23T20:22:04Z node/1348929064（登山道と道路の接続点）",
    "verifiedAt": ""
   }
  },
  {
   "type": "Feature",
   "geometry": {
    "type": "Point",
    "coordinates": [
     133.82169,
     35.2655249
    ]
   },
   "properties": {
    "id": "TH-n1348929590",
    "kind": "trailhead",
    "name": "（名称未確認）",
    "datum": "WGS84",
    "mountainIds": "528",
    "mountainNames": "津黒山",
    "lists": "中国百名山",
    "routes": "",
    "entryType": "一般道との接続",
    "trailKmToSummit": "津黒山:1.65km",
    "related": "",
    "attributes": "",
    "status": "candidate",
    "accuracyM": 30,
    "needsReview": "名称未確認、公式情報または2情報源での確認が必要",
    "sources": "OpenStreetMap（© OpenStreetMap contributors, ODbL 1.0）Geofabrik japan-latest.osm.pbf 2026-09-23T20:22:04Z node/1348929590（登山道と道路の接続点）",
    "verifiedAt": ""
   }
  },
  {
   "type": "Feature",
   "geometry": {
    "type": "Point",
    "coordinates": [
     133.967099,
     35.372306
    ]
   },
   "properties": {
    "id": "TH-n1348930252",
    "kind": "trailhead",
    "name": "（名称未確認）",
    "datum": "WGS84",
    "mountainIds": "481",
    "mountainNames": "三徳山",
    "lists": "中国百名山",
    "routes": "",
    "entryType": "一般道（県道以上）との接続",
    "trailKmToSummit": "三徳山:1.61km",
    "related": "",
    "attributes": "",
    "status": "candidate",
    "accuracyM": 30,
    "needsReview": "名称未確認、公式情報または2情報源での確認が必要",
    "sources": "OpenStreetMap（© OpenStreetMap contributors, ODbL 1.0）Geofabrik japan-latest.osm.pbf 2026-09-23T20:22:04Z node/1348930252（登山道と道路の接続点）",
    "verifiedAt": ""
   }
  },
  {
   "type": "Feature",
   "geometry": {
    "type": "Point",
    "coordinates": [
     133.821645,
     35.286656
    ]
   },
   "properties": {
    "id": "TH-n1348935314",
    "kind": "trailhead",
    "name": "（名称未確認）",
    "datum": "WGS84",
    "mountainIds": "517",
    "mountainNames": "若杉山",
    "lists": "中国百名山",
    "routes": "",
    "entryType": "一般道との接続",
    "trailKmToSummit": "若杉山:1.56km",
    "related": "",
    "attributes": "",
    "status": "candidate",
    "accuracyM": 30,
    "needsReview": "名称未確認、公式情報または2情報源での確認が必要",
    "sources": "OpenStreetMap（© OpenStreetMap contributors, ODbL 1.0）Geofabrik japan-latest.osm.pbf 2026-09-23T20:22:04Z node/1348935314（登山道と道路の接続点）",
    "verifiedAt": ""
   }
  },
  {
   "type": "Feature",
   "geometry": {
    "type": "Point",
    "coordinates": [
     133.828655,
     35.268292
    ]
   },
   "properties": {
    "id": "TH-n1348935976",
    "kind": "trailhead",
    "name": "（名称未確認）",
    "datum": "WGS84",
    "mountainIds": "517",
    "mountainNames": "若杉山",
    "lists": "中国百名山",
    "routes": "",
    "entryType": "一般道との接続",
    "trailKmToSummit": "若杉山:1.89km",
    "related": "",
    "attributes": "",
    "status": "candidate",
    "accuracyM": 30,
    "needsReview": "名称未確認、公式情報または2情報源での確認が必要",
    "sources": "OpenStreetMap（© OpenStreetMap contributors, ODbL 1.0）Geofabrik japan-latest.osm.pbf 2026-09-23T20:22:04Z node/1348935976（登山道と道路の接続点）",
    "verifiedAt": ""
   }
  },
  {
   "type": "Feature",
   "geometry": {
    "type": "Point",
    "coordinates": [
     133.826774,
     35.285504
    ]
   },
   "properties": {
    "id": "TH-n1348936785",
    "kind": "trailhead",
    "name": "（名称未確認）",
    "datum": "WGS84",
    "mountainIds": "517",
    "mountainNames": "若杉山",
    "lists": "中国百名山",
    "routes": "",
    "entryType": "道路の終点付近",
    "trailKmToSummit": "若杉山:1.07km",
    "related": "",
    "attributes": "",
    "status": "candidate",
    "accuracyM": 30,
    "needsReview": "名称未確認、公式情報または2情報源での確認が必要",
    "sources": "OpenStreetMap（© OpenStreetMap contributors, ODbL 1.0）Geofabrik japan-latest.osm.pbf 2026-09-23T20:22:04Z node/1348936785（登山道と道路の接続点）",
    "verifiedAt": ""
   }
  },
  {
   "type": "Feature",
   "geometry": {
    "type": "Point",
    "coordinates": [
     133.825868,
     35.249804
    ]
   },
   "properties": {
    "id": "TH-n1348941471",
    "kind": "trailhead",
    "name": "大谷峠",
    "datum": "WGS84",
    "mountainIds": "528",
    "mountainNames": "津黒山",
    "lists": "中国百名山",
    "routes": "",
    "entryType": "峠（道路との接続）",
    "trailKmToSummit": "津黒山:1.01km",
    "related": "",
    "attributes": "",
    "status": "adopted",
    "accuracyM": 30,
    "needsReview": "",
    "sources": "OpenStreetMap（© OpenStreetMap contributors, ODbL 1.0）Geofabrik japan-latest.osm.pbf 2026-09-23T20:22:04Z node/1348941471（登山道と道路の接続点） ｜ 国土地理院 地名検索「大谷峠」（35.250116, 133.825783、JGD2011、35m差）2026-09-20確認",
    "verifiedAt": "2026-09-20"
   }
  },
  {
   "type": "Feature",
   "geometry": {
    "type": "Point",
    "coordinates": [
     133.9551277,
     35.400823
    ]
   },
   "properties": {
    "id": "TH-n1348948412",
    "kind": "trailhead",
    "name": "（名称未確認）三徳バス停付近",
    "datum": "WGS84",
    "mountainIds": "481",
    "mountainNames": "三徳山",
    "lists": "中国百名山",
    "routes": "",
    "entryType": "一般道（県道以上）との接続",
    "trailKmToSummit": "三徳山:1.93km",
    "related": "BS-kP11-22-31-bs1778(111m) BS-kP11-22-31-bs1769(157m) BS-kP11-22-31-bs1776(379m)",
    "attributes": "",
    "status": "provisional",
    "accuracyM": 30,
    "needsReview": "名称未確認、公式情報または2情報源での確認が必要",
    "sources": "OpenStreetMap（© OpenStreetMap contributors, ODbL 1.0）Geofabrik japan-latest.osm.pbf 2026-09-23T20:22:04Z node/1348948412（登山道と道路の接続点）",
    "verifiedAt": ""
   }
  },
  {
   "type": "Feature",
   "geometry": {
    "type": "Point",
    "coordinates": [
     134.1743722,
     35.1874567
    ]
   },
   "properties": {
    "id": "TH-n1349838084",
    "kind": "trailhead",
    "name": "（名称未確認）",
    "datum": "WGS84",
    "mountainIds": "558",
    "mountainNames": "那岐山",
    "lists": "日本三百名山|中国百名山",
    "routes": "",
    "entryType": "一般道との接続",
    "trailKmToSummit": "那岐山:2.42km",
    "related": "",
    "attributes": "",
    "status": "candidate",
    "accuracyM": 30,
    "needsReview": "名称未確認、公式情報または2情報源での確認が必要",
    "sources": "OpenStreetMap（© OpenStreetMap contributors, ODbL 1.0）Geofabrik japan-latest.osm.pbf 2026-09-23T20:22:04Z node/1349838084（登山道と道路の接続点）",
    "verifiedAt": ""
   }
  },
  {
   "type": "Feature",
   "geometry": {
    "type": "Point",
    "coordinates": [
     134.4287138,
     35.4304581
    ]
   },
   "properties": {
    "id": "TH-n1349878675",
    "kind": "trailhead",
    "name": "（名称未確認）",
    "datum": "WGS84",
    "mountainIds": "466",
    "mountainNames": "扇ノ山",
    "lists": "日本三百名山|関西百名山|中国百名山",
    "routes": "",
    "entryType": "一般道との接続",
    "trailKmToSummit": "扇ノ山:1.71km",
    "related": "",
    "attributes": "",
    "status": "candidate",
    "accuracyM": 30,
    "needsReview": "名称未確認、公式情報または2情報源での確認が必要",
    "sources": "OpenStreetMap（© OpenStreetMap contributors, ODbL 1.0）Geofabrik japan-latest.osm.pbf 2026-09-23T20:22:04Z node/1349878675（登山道と道路の接続点）",
    "verifiedAt": ""
   }
  },
  {
   "type": "Feature",
   "geometry": {
    "type": "Point",
    "coordinates": [
     131.3152176,
     34.2545547
    ]
   },
   "properties": {
    "id": "TH-n1349981174",
    "kind": "trailhead",
    "name": "（名称未確認）",
    "datum": "WGS84",
    "mountainIds": "709",
    "mountainNames": "龍護峰",
    "lists": "中国百名山",
    "routes": "",
    "entryType": "一般道（県道以上）との接続",
    "trailKmToSummit": "龍護峰:5.28km",
    "related": "PK-w167425213(240m)",
    "attributes": "",
    "status": "provisional",
    "accuracyM": 30,
    "needsReview": "名称未確認、公式情報または2情報源での確認が必要",
    "sources": "OpenStreetMap（© OpenStreetMap contributors, ODbL 1.0）Geofabrik japan-latest.osm.pbf 2026-09-23T20:22:04Z node/1349981174（登山道と道路の接続点）",
    "verifiedAt": ""
   }
  },
  {
   "type": "Feature",
   "geometry": {
    "type": "Point",
    "coordinates": [
     131.228249,
     34.270048
    ]
   },
   "properties": {
    "id": "TH-n1350876666",
    "kind": "trailhead",
    "name": "（名称未確認）",
    "datum": "WGS84",
    "mountainIds": "694",
    "mountainNames": "花尾山",
    "lists": "中国百名山",
    "routes": "",
    "entryType": "一般道との接続",
    "trailKmToSummit": "花尾山:2.45km",
    "related": "",
    "attributes": "",
    "status": "candidate",
    "accuracyM": 30,
    "needsReview": "名称未確認、公式情報または2情報源での確認が必要",
    "sources": "OpenStreetMap（© OpenStreetMap contributors, ODbL 1.0）Geofabrik japan-latest.osm.pbf 2026-09-23T20:22:04Z node/1350876666（登山道と道路の接続点）",
    "verifiedAt": ""
   }
  },
  {
   "type": "Feature",
   "geometry": {
    "type": "Point",
    "coordinates": [
     131.0091459,
     34.316691
    ]
   },
   "properties": {
    "id": "TH-n1352113851",
    "kind": "trailhead",
    "name": "（名称未確認）",
    "datum": "WGS84",
    "mountainIds": "693",
    "mountainNames": "白滝山",
    "lists": "中国百名山",
    "routes": "",
    "entryType": "道路の終点付近",
    "trailKmToSummit": "白滝山:2.58km",
    "related": "",
    "attributes": "",
    "status": "candidate",
    "accuracyM": 30,
    "needsReview": "名称未確認、林道からの入口（マイカー進入可否を要確認）、公式情報または2情報源での確認が必要",
    "sources": "OpenStreetMap（© OpenStreetMap contributors, ODbL 1.0）Geofabrik japan-latest.osm.pbf 2026-09-23T20:22:04Z node/1352113851（登山道と道路の接続点）",
    "verifiedAt": ""
   }
  },
  {
   "type": "Feature",
   "geometry": {
    "type": "Point",
    "coordinates": [
     130.93227,
     34.032478
    ]
   },
   "properties": {
    "id": "TH-n1353409470",
    "kind": "trailhead",
    "name": "（名称未確認）済生会病院バス停付近",
    "datum": "WGS84",
    "mountainIds": "728",
    "mountainNames": "竜王山",
    "lists": "中国百名山",
    "routes": "",
    "entryType": "一般道との接続",
    "trailKmToSummit": "竜王山:4.24km",
    "related": "PK-w463428940(129m) PK-w463428958(188m) PK-w463428961(202m) BS-kP11-22-35-bs3105(195m) BS-kP11-22-35-bs3156(629m) BS-kP11-22-35-bs3184(965m)",
    "attributes": "",
    "status": "provisional",
    "accuracyM": 30,
    "needsReview": "名称未確認、公式情報または2情報源での確認が必要",
    "sources": "OpenStreetMap（© OpenStreetMap contributors, ODbL 1.0）Geofabrik japan-latest.osm.pbf 2026-09-23T20:22:04Z node/1353409470（登山道と道路の接続点）",
    "verifiedAt": ""
   }
  },
  {
   "type": "Feature",
   "geometry": {
    "type": "Point",
    "coordinates": [
     130.927839,
     34.035635
    ]
   },
   "properties": {
    "id": "TH-n1353410274",
    "kind": "trailhead",
    "name": "（名称未確認）済生会病院バス停付近",
    "datum": "WGS84",
    "mountainIds": "728",
    "mountainNames": "竜王山",
    "lists": "中国百名山",
    "routes": "",
    "entryType": "一般道との接続",
    "trailKmToSummit": "竜王山:4.09km",
    "related": "PK-w463428958(410m) PK-w463428961(497m) BS-kP11-22-35-bs3105(630m)",
    "attributes": "",
    "status": "provisional",
    "accuracyM": 30,
    "needsReview": "名称未確認、登山道が道路を横断する地点（途中の入口の可能性）、公式情報または2情報源での確認が必要",
    "sources": "OpenStreetMap（© OpenStreetMap contributors, ODbL 1.0）Geofabrik japan-latest.osm.pbf 2026-09-23T20:22:04Z node/1353410274（登山道と道路の接続点）",
    "verifiedAt": ""
   }
  },
  {
   "type": "Feature",
   "geometry": {
    "type": "Point",
    "coordinates": [
     130.9434422,
     34.0503645
    ]
   },
   "properties": {
    "id": "TH-n1353413479",
    "kind": "trailhead",
    "name": "（名称未確認）",
    "datum": "WGS84",
    "mountainIds": "728",
    "mountainNames": "竜王山",
    "lists": "中国百名山",
    "routes": "",
    "entryType": "一般道との接続",
    "trailKmToSummit": "竜王山:3.25km",
    "related": "PK-w389323924(70m) PK-w389323931(371m)",
    "attributes": "",
    "status": "provisional",
    "accuracyM": 30,
    "needsReview": "名称未確認、公式情報または2情報源での確認が必要",
    "sources": "OpenStreetMap（© OpenStreetMap contributors, ODbL 1.0）Geofabrik japan-latest.osm.pbf 2026-09-23T20:22:04Z node/1353413479（登山道と道路の接続点）",
    "verifiedAt": ""
   }
  },
  {
   "type": "Feature",
   "geometry": {
    "type": "Point",
    "coordinates": [
     130.915104,
     34.070924
    ]
   },
   "properties": {
    "id": "TH-n1353416402",
    "kind": "trailhead",
    "name": "（名称未確認）古宿バス停付近",
    "datum": "WGS84",
    "mountainIds": "728",
    "mountainNames": "竜王山",
    "lists": "中国百名山",
    "routes": "",
    "entryType": "一般道（県道以上）との接続",
    "trailKmToSummit": "竜王山:2.01km",
    "related": "BS-kP11-22-35-bs2624(986m)",
    "attributes": "",
    "status": "provisional",
    "accuracyM": 30,
    "needsReview": "名称未確認、公式情報または2情報源での確認が必要",
    "sources": "OpenStreetMap（© OpenStreetMap contributors, ODbL 1.0）Geofabrik japan-latest.osm.pbf 2026-09-23T20:22:04Z node/1353416402（登山道と道路の接続点）",
    "verifiedAt": ""
   }
  },
  {
   "type": "Feature",
   "geometry": {
    "type": "Point",
    "coordinates": [
     133.8217713,
     35.4319857
    ]
   },
   "properties": {
    "id": "TH-n13666019967",
    "kind": "trailhead",
    "name": "まきた",
    "datum": "WGS84",
    "mountainIds": "471",
    "mountainNames": "打吹山",
    "lists": "中国百名山",
    "routes": "",
    "entryType": "施設（山小屋・宿・キャンプ場）からの入口",
    "trailKmToSummit": "打吹山:0.41km",
    "related": "PK-w1180930785(264m) PK-w451734712(275m) PK-w449086406(289m) BS-kP11-22-31-bs1437(160m) BS-kP11-22-31-bs1438(160m) BS-kP11-22-31-bs1382(192m)",
    "attributes": "",
    "status": "provisional",
    "accuracyM": 15,
    "needsReview": "公式情報または2情報源での確認が必要",
    "sources": "OpenStreetMap（© OpenStreetMap contributors, ODbL 1.0）Geofabrik japan-latest.osm.pbf 2026-09-23T20:22:04Z node/13666019967",
    "verifiedAt": ""
   }
  },
  {
   "type": "Feature",
   "geometry": {
    "type": "Point",
    "coordinates": [
     132.1927482,
     34.8253859
    ]
   },
   "properties": {
    "id": "TH-n13784825952",
    "kind": "trailhead",
    "name": "（名称未確認）",
    "datum": "WGS84",
    "mountainIds": "622",
    "mountainNames": "金木山",
    "lists": "中国百名山",
    "routes": "",
    "entryType": "道路の終点付近",
    "trailKmToSummit": "金木山:0.76km",
    "related": "",
    "attributes": "",
    "status": "candidate",
    "accuracyM": 30,
    "needsReview": "名称未確認、林道からの入口（マイカー進入可否を要確認）、公式情報または2情報源での確認が必要",
    "sources": "OpenStreetMap（© OpenStreetMap contributors, ODbL 1.0）Geofabrik japan-latest.osm.pbf 2026-09-23T20:22:04Z node/13784825952（登山道と道路の接続点）",
    "verifiedAt": ""
   }
  },
  {
   "type": "Feature",
   "geometry": {
    "type": "Point",
    "coordinates": [
     132.6235648,
     35.1162672
    ]
   },
   "properties": {
    "id": "TH-n1381317285",
    "kind": "trailhead",
    "name": "（名称未確認）国民宿舎さんべ荘前バス停付近",
    "datum": "WGS84",
    "mountainIds": "575",
    "mountainNames": "三瓶山",
    "lists": "日本二百名山|日本三百名山|中国百名山",
    "routes": "",
    "entryType": "一般道（県道以上）との接続",
    "trailKmToSummit": "三瓶山:3.59km",
    "related": "PK-w230627002(447m) BS-kP11-22-32-bs2616(61m) BS-kP11-22-32-bs2615(270m) BS-kP11-22-32-bs2612(404m)",
    "attributes": "",
    "status": "provisional",
    "accuracyM": 30,
    "needsReview": "名称未確認、公式情報または2情報源での確認が必要",
    "sources": "OpenStreetMap（© OpenStreetMap contributors, ODbL 1.0）Geofabrik japan-latest.osm.pbf 2026-09-23T20:22:04Z node/1381317285（登山道と道路の接続点）",
    "verifiedAt": ""
   }
  },
  {
   "type": "Feature",
   "geometry": {
    "type": "Point",
    "coordinates": [
     132.6049856,
     35.1268591
    ]
   },
   "properties": {
    "id": "TH-n1381318168",
    "kind": "trailhead",
    "name": "（名称未確認）駕籠立の松バス停付近",
    "datum": "WGS84",
    "mountainIds": "575",
    "mountainNames": "三瓶山",
    "lists": "日本二百名山|日本三百名山|中国百名山",
    "routes": "",
    "entryType": "一般道（県道以上）との接続",
    "trailKmToSummit": "三瓶山:2.9km",
    "related": "PK-w230838676(464m) PK-w230838675(491m) BS-kP11-22-32-bs2587(173m) BS-kP11-22-32-bs2570(523m) BS-kP11-22-32-bs2597(639m)",
    "attributes": "",
    "status": "provisional",
    "accuracyM": 30,
    "needsReview": "名称未確認、公式情報または2情報源での確認が必要",
    "sources": "OpenStreetMap（© OpenStreetMap contributors, ODbL 1.0）Geofabrik japan-latest.osm.pbf 2026-09-23T20:22:04Z node/1381318168（登山道と道路の接続点）",
    "verifiedAt": ""
   }
  },
  {
   "type": "Feature",
   "geometry": {
    "type": "Point",
    "coordinates": [
     132.6015758,
     35.1311355
    ]
   },
   "properties": {
    "id": "TH-n1381319052",
    "kind": "trailhead",
    "name": "（名称未確認）定の松バス停付近",
    "datum": "WGS84",
    "mountainIds": "575",
    "mountainNames": "三瓶山",
    "lists": "日本二百名山|日本三百名山|中国百名山",
    "routes": "",
    "entryType": "一般道（県道以上）との接続",
    "trailKmToSummit": "三瓶山:2.52km",
    "related": "PK-w230838676(132m) PK-w230838675(160m) BS-kP11-22-32-bs2570(44m) BS-kP11-22-32-bs2587(737m)",
    "attributes": "",
    "status": "provisional",
    "accuracyM": 30,
    "needsReview": "名称未確認、公式情報または2情報源での確認が必要",
    "sources": "OpenStreetMap（© OpenStreetMap contributors, ODbL 1.0）Geofabrik japan-latest.osm.pbf 2026-09-23T20:22:04Z node/1381319052（登山道と道路の接続点）",
    "verifiedAt": ""
   }
  },
  {
   "type": "Feature",
   "geometry": {
    "type": "Point",
    "coordinates": [
     132.635932,
     35.146527
    ]
   },
   "properties": {
    "id": "TH-n1381321193",
    "kind": "trailhead",
    "name": "（名称未確認）別荘入口バス停付近",
    "datum": "WGS84",
    "mountainIds": "575",
    "mountainNames": "三瓶山",
    "lists": "日本二百名山|日本三百名山|中国百名山",
    "routes": "",
    "entryType": "一般道との接続",
    "trailKmToSummit": "三瓶山:1.73km",
    "related": "BS-kP11-22-32-bs2504(598m)",
    "attributes": "",
    "status": "provisional",
    "accuracyM": 30,
    "needsReview": "名称未確認、公式情報または2情報源での確認が必要",
    "sources": "OpenStreetMap（© OpenStreetMap contributors, ODbL 1.0）Geofabrik japan-latest.osm.pbf 2026-09-23T20:22:04Z node/1381321193（登山道と道路の接続点）",
    "verifiedAt": ""
   }
  },
  {
   "type": "Feature",
   "geometry": {
    "type": "Point",
    "coordinates": [
     132.6306654,
     35.1478288
    ]
   },
   "properties": {
    "id": "TH-n1381321343",
    "kind": "trailhead",
    "name": "（名称未確認）別荘入口バス停付近",
    "datum": "WGS84",
    "mountainIds": "575",
    "mountainNames": "三瓶山",
    "lists": "日本二百名山|日本三百名山|中国百名山",
    "routes": "",
    "entryType": "一般道との接続",
    "trailKmToSummit": "三瓶山:1.66km",
    "related": "PK-w1363405595(426m) BS-kP11-22-32-bs2504(590m) BS-kP11-22-32-bs2503(703m) BS-kP11-22-32-bs2500(995m)",
    "attributes": "",
    "status": "provisional",
    "accuracyM": 30,
    "needsReview": "名称未確認、公式情報または2情報源での確認が必要",
    "sources": "OpenStreetMap（© OpenStreetMap contributors, ODbL 1.0）Geofabrik japan-latest.osm.pbf 2026-09-23T20:22:04Z node/1381321343（登山道と道路の接続点）",
    "verifiedAt": ""
   }
  },
  {
   "type": "Feature",
   "geometry": {
    "type": "Point",
    "coordinates": [
     132.6264468,
     35.1508726
    ]
   },
   "properties": {
    "id": "TH-n1381321737",
    "kind": "trailhead",
    "name": "（名称未確認）青少年交流の家バス停付近",
    "datum": "WGS84",
    "mountainIds": "575",
    "mountainNames": "三瓶山",
    "lists": "日本二百名山|日本三百名山|中国百名山",
    "routes": "",
    "entryType": "一般道との接続",
    "trailKmToSummit": "三瓶山:2.08km",
    "related": "PK-w1363405588(120m) PK-w1363405595(283m) BS-kP11-22-32-bs2503(193m) BS-kP11-22-32-bs2500(491m) BS-kP11-22-32-bs2504(777m)",
    "attributes": "",
    "status": "provisional",
    "accuracyM": 30,
    "needsReview": "名称未確認、登山道が道路を横断する地点（途中の入口の可能性）、公式情報または2情報源での確認が必要",
    "sources": "OpenStreetMap（© OpenStreetMap contributors, ODbL 1.0）Geofabrik japan-latest.osm.pbf 2026-09-23T20:22:04Z node/1381321737（登山道と道路の接続点）",
    "verifiedAt": ""
   }
  },
  {
   "type": "Feature",
   "geometry": {
    "type": "Point",
    "coordinates": [
     132.6204356,
     35.1514458
    ]
   },
   "properties": {
    "id": "TH-n1381321802",
    "kind": "trailhead",
    "name": "三瓶山 北の原（三瓶自然館サヒメル前）",
    "datum": "WGS84",
    "mountainIds": "575",
    "mountainNames": "三瓶山",
    "lists": "日本二百名山|日本三百名山|中国百名山",
    "routes": "",
    "entryType": "一般道との接続",
    "trailKmToSummit": "三瓶山:4.14km",
    "related": "PK-w1363400835(192m) PK-w1363400834(229m) PK-w1363400837(329m) BS-kP11-22-32-bs2500(204m) BS-kP11-22-32-bs2503(393m)",
    "attributes": "",
    "status": "adopted",
    "accuracyM": 15,
    "needsReview": "登山道が道路を横断する地点（途中の入口の可能性）、西の原駐車場は約88台・無料・トイレあり。登山道入口までは約0.5km（島根県）",
    "sources": "OpenStreetMap（© OpenStreetMap contributors, ODbL 1.0）Geofabrik japan-latest.osm.pbf 2026-09-23T20:22:04Z node/1381321802（登山道と道路の接続点） ｜ 公式情報: https://www.kankou-shimane.com/destination/20287 ｜ 公式情報: https://www.kankou-shimane.com/destination/20674",
    "verifiedAt": "2026-09-20"
   }
  },
  {
   "type": "Feature",
   "geometry": {
    "type": "Point",
    "coordinates": [
     132.4422992,
     35.0668111
    ]
   },
   "properties": {
    "id": "TH-n1382522580",
    "kind": "trailhead",
    "name": "（名称未確認）祖式バス停付近",
    "datum": "WGS84",
    "mountainIds": "592",
    "mountainNames": "大江高山",
    "lists": "中国百名山",
    "routes": "",
    "entryType": "一般道との接続",
    "trailKmToSummit": "大江高山:1.28km",
    "related": "BS-kP11-22-32-bs2746(866m)",
    "attributes": "",
    "status": "provisional",
    "accuracyM": 30,
    "needsReview": "名称未確認、公式情報または2情報源での確認が必要",
    "sources": "OpenStreetMap（© OpenStreetMap contributors, ODbL 1.0）Geofabrik japan-latest.osm.pbf 2026-09-23T20:22:04Z node/1382522580（登山道と道路の接続点）",
    "verifiedAt": ""
   }
  },
  {
   "type": "Feature",
   "geometry": {
    "type": "Point",
    "coordinates": [
     132.4481286,
     35.0675016
    ]
   },
   "properties": {
    "id": "TH-n1382522643",
    "kind": "trailhead",
    "name": "（名称未確認）祖式バス停付近",
    "datum": "WGS84",
    "mountainIds": "592",
    "mountainNames": "大江高山",
    "lists": "中国百名山",
    "routes": "",
    "entryType": "一般道との接続",
    "trailKmToSummit": "大江高山:1.86km",
    "related": "BS-kP11-22-32-bs2746(382m) BS-kP11-22-32-bs2765(909m) BS-kP11-22-32-bs2744(938m)",
    "attributes": "",
    "status": "provisional",
    "accuracyM": 30,
    "needsReview": "名称未確認、公式情報または2情報源での確認が必要",
    "sources": "OpenStreetMap（© OpenStreetMap contributors, ODbL 1.0）Geofabrik japan-latest.osm.pbf 2026-09-23T20:22:04Z node/1382522643（登山道と道路の接続点）",
    "verifiedAt": ""
   }
  },
  {
   "type": "Feature",
   "geometry": {
    "type": "Point",
    "coordinates": [
     132.4115172,
     35.0708399
    ]
   },
   "properties": {
    "id": "TH-n1382522825",
    "kind": "trailhead",
    "name": "（名称未確認）",
    "datum": "WGS84",
    "mountainIds": "592",
    "mountainNames": "大江高山",
    "lists": "中国百名山",
    "routes": "",
    "entryType": "一般道との接続",
    "trailKmToSummit": "大江高山:1.85km",
    "related": "",
    "attributes": "",
    "status": "candidate",
    "accuracyM": 30,
    "needsReview": "名称未確認、公式情報または2情報源での確認が必要",
    "sources": "OpenStreetMap（© OpenStreetMap contributors, ODbL 1.0）Geofabrik japan-latest.osm.pbf 2026-09-23T20:22:04Z node/1382522825（登山道と道路の接続点）",
    "verifiedAt": ""
   }
  },
  {
   "type": "Feature",
   "geometry": {
    "type": "Point",
    "coordinates": [
     132.7304983,
     35.395333
    ]
   },
   "properties": {
    "id": "TH-n1387129012",
    "kind": "trailhead",
    "name": "（名称未確認）荘厳寺前バス停付近",
    "datum": "WGS84",
    "mountainIds": "480",
    "mountainNames": "鼻高山",
    "lists": "中国百名山",
    "routes": "",
    "entryType": "一般道との接続",
    "trailKmToSummit": "鼻高山:3.94km",
    "related": "BS-kP11-22-32-bs1230(433m) BS-kP11-22-32-bs1273(622m) BS-kP11-22-32-bs1257(703m)",
    "attributes": "",
    "status": "provisional",
    "accuracyM": 30,
    "needsReview": "名称未確認、公式情報または2情報源での確認が必要",
    "sources": "OpenStreetMap（© OpenStreetMap contributors, ODbL 1.0）Geofabrik japan-latest.osm.pbf 2026-09-23T20:22:04Z node/1387129012（登山道と道路の接続点）",
    "verifiedAt": ""
   }
  },
  {
   "type": "Feature",
   "geometry": {
    "type": "Point",
    "coordinates": [
     132.7193154,
     35.3970986
    ]
   },
   "properties": {
    "id": "TH-n1387129329",
    "kind": "trailhead",
    "name": "（名称未確認）阿須伎神社入口バス停付近",
    "datum": "WGS84",
    "mountainIds": "480",
    "mountainNames": "鼻高山",
    "lists": "中国百名山",
    "routes": "",
    "entryType": "一般道との接続",
    "trailKmToSummit": "鼻高山:6.14km",
    "related": "BS-kP11-22-32-bs1222(196m) BS-kP11-22-32-bs1230(603m) BS-kP11-22-32-bs1224(741m)",
    "attributes": "",
    "status": "provisional",
    "accuracyM": 30,
    "needsReview": "名称未確認、公式情報または2情報源での確認が必要",
    "sources": "OpenStreetMap（© OpenStreetMap contributors, ODbL 1.0）Geofabrik japan-latest.osm.pbf 2026-09-23T20:22:04Z node/1387129329（登山道と道路の接続点）",
    "verifiedAt": ""
   }
  },
  {
   "type": "Feature",
   "geometry": {
    "type": "Point",
    "coordinates": [
     132.6942026,
     35.4000034
    ]
   },
   "properties": {
    "id": "TH-n1387129843",
    "kind": "trailhead",
    "name": "（名称未確認）みせん広場前バス停付近",
    "datum": "WGS84",
    "mountainIds": "480",
    "mountainNames": "鼻高山",
    "lists": "中国百名山",
    "routes": "",
    "entryType": "一般道との接続",
    "trailKmToSummit": "鼻高山:7.13km",
    "related": "PK-w470731128(298m) BS-kP11-22-32-bs1212(329m) BS-n12709500577(523m) BS-kP11-22-32-bs1213(698m)",
    "attributes": "",
    "status": "provisional",
    "accuracyM": 30,
    "needsReview": "名称未確認、登山道が道路を横断する地点（途中の入口の可能性）、公式情報または2情報源での確認が必要",
    "sources": "OpenStreetMap（© OpenStreetMap contributors, ODbL 1.0）Geofabrik japan-latest.osm.pbf 2026-09-23T20:22:04Z node/1387129843（登山道と道路の接続点）",
    "verifiedAt": ""
   }
  },
  {
   "type": "Feature",
   "geometry": {
    "type": "Point",
    "coordinates": [
     132.741214,
     35.4181529
    ]
   },
   "properties": {
    "id": "TH-n1387132527",
    "kind": "trailhead",
    "name": "（名称未確認）唐川坂中バス停付近",
    "datum": "WGS84",
    "mountainIds": "480",
    "mountainNames": "鼻高山",
    "lists": "中国百名山",
    "routes": "",
    "entryType": "一般道との接続",
    "trailKmToSummit": "鼻高山:3.58km",
    "related": "BS-kP11-22-32-bs998(888m)",
    "attributes": "",
    "status": "provisional",
    "accuracyM": 30,
    "needsReview": "名称未確認、公式情報または2情報源での確認が必要",
    "sources": "OpenStreetMap（© OpenStreetMap contributors, ODbL 1.0）Geofabrik japan-latest.osm.pbf 2026-09-23T20:22:04Z node/1387132527（登山道と道路の接続点）",
    "verifiedAt": ""
   }
  },
  {
   "type": "Feature",
   "geometry": {
    "type": "Point",
    "coordinates": [
     132.735515,
     35.418738
    ]
   },
   "properties": {
    "id": "TH-n1387132664",
    "kind": "trailhead",
    "name": "（名称未確認）唐川坂中バス停付近",
    "datum": "WGS84",
    "mountainIds": "480",
    "mountainNames": "鼻高山",
    "lists": "中国百名山",
    "routes": "",
    "entryType": "一般道との接続",
    "trailKmToSummit": "鼻高山:3.87km",
    "related": "BS-kP11-22-32-bs998(833m) BS-kP11-22-32-bs1009(843m)",
    "attributes": "",
    "status": "provisional",
    "accuracyM": 30,
    "needsReview": "名称未確認、公式情報または2情報源での確認が必要",
    "sources": "OpenStreetMap（© OpenStreetMap contributors, ODbL 1.0）Geofabrik japan-latest.osm.pbf 2026-09-23T20:22:04Z node/1387132664（登山道と道路の接続点）",
    "verifiedAt": ""
   }
  },
  {
   "type": "Feature",
   "geometry": {
    "type": "Point",
    "coordinates": [
     132.7473912,
     35.4210272
    ]
   },
   "properties": {
    "id": "TH-n1387133695",
    "kind": "trailhead",
    "name": "（名称未確認）鰐淵寺駐車場バス停付近",
    "datum": "WGS84",
    "mountainIds": "480",
    "mountainNames": "鼻高山",
    "lists": "中国百名山",
    "routes": "",
    "entryType": "一般道との接続",
    "trailKmToSummit": "鼻高山:2.42km",
    "related": "BS-kP11-22-32-bs971(787m) BS-kP11-22-32-bs998(970m)",
    "attributes": "",
    "status": "provisional",
    "accuracyM": 30,
    "needsReview": "名称未確認、公式情報または2情報源での確認が必要",
    "sources": "OpenStreetMap（© OpenStreetMap contributors, ODbL 1.0）Geofabrik japan-latest.osm.pbf 2026-09-23T20:22:04Z node/1387133695（登山道と道路の接続点）",
    "verifiedAt": ""
   }
  },
  {
   "type": "Feature",
   "geometry": {
    "type": "Point",
    "coordinates": [
     132.7512475,
     35.4236275
    ]
   },
   "properties": {
    "id": "TH-n1387135009",
    "kind": "trailhead",
    "name": "（名称未確認）鰐淵寺駐車場バス停付近",
    "datum": "WGS84",
    "mountainIds": "480",
    "mountainNames": "鼻高山",
    "lists": "中国百名山",
    "routes": "",
    "entryType": "一般道（県道以上）との接続",
    "trailKmToSummit": "鼻高山:2.27km",
    "related": "BS-kP11-22-32-bs971(526m)",
    "attributes": "",
    "status": "provisional",
    "accuracyM": 30,
    "needsReview": "名称未確認、公式情報または2情報源での確認が必要",
    "sources": "OpenStreetMap（© OpenStreetMap contributors, ODbL 1.0）Geofabrik japan-latest.osm.pbf 2026-09-23T20:22:04Z node/1387135009（登山道と道路の接続点）",
    "verifiedAt": ""
   }
  },
  {
   "type": "Feature",
   "geometry": {
    "type": "Point",
    "coordinates": [
     132.799747,
     35.4262439
    ]
   },
   "properties": {
    "id": "TH-n1387135676",
    "kind": "trailhead",
    "name": "（名称未確認）徳雲寺橋バス停付近",
    "datum": "WGS84",
    "mountainIds": "480",
    "mountainNames": "鼻高山",
    "lists": "中国百名山",
    "routes": "",
    "entryType": "一般道との接続",
    "trailKmToSummit": "鼻高山:5.26km",
    "related": "PK-w560428300(491m) BS-kP11-22-32-bs830(931m) BS-kP11-22-32-bs956(947m)",
    "attributes": "",
    "status": "provisional",
    "accuracyM": 30,
    "needsReview": "名称未確認、公式情報または2情報源での確認が必要",
    "sources": "OpenStreetMap（© OpenStreetMap contributors, ODbL 1.0）Geofabrik japan-latest.osm.pbf 2026-09-23T20:22:04Z node/1387135676（登山道と道路の接続点）",
    "verifiedAt": ""
   }
  },
  {
   "type": "Feature",
   "geometry": {
    "type": "Point",
    "coordinates": [
     132.7966687,
     35.4315703
    ]
   },
   "properties": {
    "id": "TH-n1387136869",
    "kind": "trailhead",
    "name": "（名称未確認）徳雲寺橋バス停付近",
    "datum": "WGS84",
    "mountainIds": "480",
    "mountainNames": "鼻高山",
    "lists": "中国百名山",
    "routes": "",
    "entryType": "一般道との接続",
    "trailKmToSummit": "鼻高山:5.34km",
    "related": "PK-w560428299(264m) PK-w560428300(293m) PK-w553701056(404m) BS-kP11-22-32-bs830(508m)",
    "attributes": "",
    "status": "provisional",
    "accuracyM": 30,
    "needsReview": "名称未確認、公式情報または2情報源での確認が必要",
    "sources": "OpenStreetMap（© OpenStreetMap contributors, ODbL 1.0）Geofabrik japan-latest.osm.pbf 2026-09-23T20:22:04Z node/1387136869（登山道と道路の接続点）",
    "verifiedAt": ""
   }
  },
  {
   "type": "Feature",
   "geometry": {
    "type": "Point",
    "coordinates": [
     132.7475343,
     35.3971121
    ]
   },
   "properties": {
    "id": "TH-n1391982317",
    "kind": "trailhead",
    "name": "（名称未確認）矢尾町バス停付近",
    "datum": "WGS84",
    "mountainIds": "480",
    "mountainNames": "鼻高山",
    "lists": "中国百名山",
    "routes": "",
    "entryType": "一般道との接続",
    "trailKmToSummit": "鼻高山:2.46km",
    "related": "BS-kP11-22-32-bs1232(152m) BS-kP11-22-32-bs1229(394m) BS-kP11-22-32-bs1231(426m)",
    "attributes": "",
    "status": "provisional",
    "accuracyM": 30,
    "needsReview": "名称未確認、公式情報または2情報源での確認が必要",
    "sources": "OpenStreetMap（© OpenStreetMap contributors, ODbL 1.0）Geofabrik japan-latest.osm.pbf 2026-09-23T20:22:04Z node/1391982317（登山道と道路の接続点）",
    "verifiedAt": ""
   }
  },
  {
   "type": "Feature",
   "geometry": {
    "type": "Point",
    "coordinates": [
     132.9006737,
     35.1296544
    ]
   },
   "properties": {
    "id": "TH-n1394278930",
    "kind": "trailhead",
    "name": "（名称未確認）",
    "datum": "WGS84",
    "mountainIds": "579",
    "mountainNames": "鯛ノ巣山",
    "lists": "中国百名山",
    "routes": "",
    "entryType": "一般道との接続",
    "trailKmToSummit": "鯛ノ巣山:2.4km",
    "related": "",
    "attributes": "",
    "status": "candidate",
    "accuracyM": 30,
    "needsReview": "名称未確認、公式情報または2情報源での確認が必要",
    "sources": "OpenStreetMap（© OpenStreetMap contributors, ODbL 1.0）Geofabrik japan-latest.osm.pbf 2026-09-23T20:22:04Z node/1394278930（登山道と道路の接続点）",
    "verifiedAt": ""
   }
  },
  {
   "type": "Feature",
   "geometry": {
    "type": "Point",
    "coordinates": [
     132.969072,
     35.500407
    ]
   },
   "properties": {
    "id": "TH-n1408166532",
    "kind": "trailhead",
    "name": "（名称未確認）畑谷入口バス停付近",
    "datum": "WGS84",
    "mountainIds": "446",
    "mountainNames": "朝日山",
    "lists": "中国百名山",
    "routes": "",
    "entryType": "一般道（県道以上）との接続",
    "trailKmToSummit": "朝日山:1.66km",
    "related": "BS-kP11-22-32-bs234(130m) BS-kP11-22-32-bs260(440m)",
    "attributes": "",
    "status": "provisional",
    "accuracyM": 30,
    "needsReview": "名称未確認、公式情報または2情報源での確認が必要",
    "sources": "OpenStreetMap（© OpenStreetMap contributors, ODbL 1.0）Geofabrik japan-latest.osm.pbf 2026-09-23T20:22:04Z node/1408166532（登山道と道路の接続点）",
    "verifiedAt": ""
   }
  },
  {
   "type": "Feature",
   "geometry": {
    "type": "Point",
    "coordinates": [
     132.979243,
     35.507012
    ]
   },
   "properties": {
    "id": "TH-n1408167702",
    "kind": "trailhead",
    "name": "（名称未確認）",
    "datum": "WGS84",
    "mountainIds": "446",
    "mountainNames": "朝日山",
    "lists": "中国百名山",
    "routes": "",
    "entryType": "一般道との接続",
    "trailKmToSummit": "朝日山:0.3km",
    "related": "",
    "attributes": "",
    "status": "candidate",
    "accuracyM": 30,
    "needsReview": "名称未確認、公式情報または2情報源での確認が必要",
    "sources": "OpenStreetMap（© OpenStreetMap contributors, ODbL 1.0）Geofabrik japan-latest.osm.pbf 2026-09-23T20:22:04Z node/1408167702（登山道と道路の接続点）",
    "verifiedAt": ""
   }
  },
  {
   "type": "Feature",
   "geometry": {
    "type": "Point",
    "coordinates": [
     132.9794986,
     35.5182355
    ]
   },
   "properties": {
    "id": "TH-n1408170632",
    "kind": "trailhead",
    "name": "（名称未確認）廻谷バス停付近",
    "datum": "WGS84",
    "mountainIds": "446",
    "mountainNames": "朝日山",
    "lists": "中国百名山",
    "routes": "",
    "entryType": "一般道との接続",
    "trailKmToSummit": "朝日山:1.02km",
    "related": "PK-w1504291004(11m) PK-w639993091(479m) BS-kP11-22-32-bs165(119m) BS-kP11-22-32-bs149(464m) BS-kP11-22-32-bs160(497m)",
    "attributes": "",
    "status": "provisional",
    "accuracyM": 30,
    "needsReview": "名称未確認、公式情報または2情報源での確認が必要",
    "sources": "OpenStreetMap（© OpenStreetMap contributors, ODbL 1.0）Geofabrik japan-latest.osm.pbf 2026-09-23T20:22:04Z node/1408170632（登山道と道路の接続点）",
    "verifiedAt": ""
   }
  },
  {
   "type": "Feature",
   "geometry": {
    "type": "Point",
    "coordinates": [
     133.105781,
     35.482586
    ]
   },
   "properties": {
    "id": "TH-n1416878383",
    "kind": "trailhead",
    "name": "（名称未確認）一の原バス停付近",
    "datum": "WGS84",
    "mountainIds": "452",
    "mountainNames": "嵩山",
    "lists": "中国百名山",
    "routes": "",
    "entryType": "一般道との接続",
    "trailKmToSummit": "嵩山:0.66km",
    "related": "BS-kP11-22-32-bs431(810m) BS-kP11-22-32-bs369(983m)",
    "attributes": "",
    "status": "provisional",
    "accuracyM": 30,
    "needsReview": "名称未確認、近くの道路にゲートあり（車両通行止め・季節閉鎖の可能性）、公式情報または2情報源での確認が必要",
    "sources": "OpenStreetMap（© OpenStreetMap contributors, ODbL 1.0）Geofabrik japan-latest.osm.pbf 2026-09-23T20:22:04Z node/1416878383（登山道と道路の接続点）",
    "verifiedAt": ""
   }
  },
  {
   "type": "Feature",
   "geometry": {
    "type": "Point",
    "coordinates": [
     134.324538,
     35.539821
    ]
   },
   "properties": {
    "id": "TH-n1417816361",
    "kind": "trailhead",
    "name": "（名称未確認）",
    "datum": "WGS84",
    "mountainIds": "439",
    "mountainNames": "二上山",
    "lists": "中国百名山",
    "routes": "",
    "entryType": "一般道（県道以上）との接続",
    "trailKmToSummit": "二上山:0.5km",
    "related": "",
    "attributes": "",
    "status": "candidate",
    "accuracyM": 30,
    "needsReview": "名称未確認、公式情報または2情報源での確認が必要",
    "sources": "OpenStreetMap（© OpenStreetMap contributors, ODbL 1.0）Geofabrik japan-latest.osm.pbf 2026-09-23T20:22:04Z node/1417816361（登山道と道路の接続点）",
    "verifiedAt": ""
   }
  },
  {
   "type": "Feature",
   "geometry": {
    "type": "Point",
    "coordinates": [
     134.3262,
     35.548094
    ]
   },
   "properties": {
    "id": "TH-n1417817373",
    "kind": "trailhead",
    "name": "（名称未確認）",
    "datum": "WGS84",
    "mountainIds": "439",
    "mountainNames": "二上山",
    "lists": "中国百名山",
    "routes": "",
    "entryType": "一般道との接続",
    "trailKmToSummit": "二上山:1.07km",
    "related": "",
    "attributes": "",
    "status": "candidate",
    "accuracyM": 30,
    "needsReview": "名称未確認、公式情報または2情報源での確認が必要",
    "sources": "OpenStreetMap（© OpenStreetMap contributors, ODbL 1.0）Geofabrik japan-latest.osm.pbf 2026-09-23T20:22:04Z node/1417817373（登山道と道路の接続点）",
    "verifiedAt": ""
   }
  },
  {
   "type": "Feature",
   "geometry": {
    "type": "Point",
    "coordinates": [
     133.6102155,
     35.3812282
    ]
   },
   "properties": {
    "id": "TH-n1425861797",
    "kind": "trailhead",
    "name": "（名称未確認）",
    "datum": "WGS84",
    "mountainIds": "469 484 488 490",
    "mountainNames": "船上山、甲ヶ山、矢筈ヶ山、大山",
    "lists": "中国百名山|日本百名山|日本二百名山|日本三百名山",
    "routes": "OSM登山道「中国自然歩道」",
    "entryType": "一般道との接続",
    "trailKmToSummit": "船上山:11.87km 甲ヶ山:6.71km 矢筈ヶ山:5.83km 大山:11.4km",
    "related": "PK-w1284538671(134m)",
    "attributes": "",
    "status": "provisional",
    "accuracyM": 30,
    "needsReview": "名称未確認、公式情報または2情報源での確認が必要",
    "sources": "OpenStreetMap（© OpenStreetMap contributors, ODbL 1.0）Geofabrik japan-latest.osm.pbf 2026-09-23T20:22:04Z node/1425861797（登山道と道路の接続点）",
    "verifiedAt": ""
   }
  },
  {
   "type": "Feature",
   "geometry": {
    "type": "Point",
    "coordinates": [
     133.604329,
     35.4200305
    ]
   },
   "properties": {
    "id": "TH-n1425864894",
    "kind": "trailhead",
    "name": "（名称未確認）",
    "datum": "WGS84",
    "mountainIds": "469 484 488",
    "mountainNames": "船上山、甲ヶ山、矢筈ヶ山",
    "lists": "中国百名山",
    "routes": "",
    "entryType": "一般道（県道以上）との接続",
    "trailKmToSummit": "船上山:2.2km 甲ヶ山:7.18km 矢筈ヶ山:8.09km",
    "related": "",
    "attributes": "",
    "status": "candidate",
    "accuracyM": 30,
    "needsReview": "名称未確認、公式情報または2情報源での確認が必要",
    "sources": "OpenStreetMap（© OpenStreetMap contributors, ODbL 1.0）Geofabrik japan-latest.osm.pbf 2026-09-23T20:22:04Z node/1425864894（登山道と道路の接続点）",
    "verifiedAt": ""
   }
  },
  {
   "type": "Feature",
   "geometry": {
    "type": "Point",
    "coordinates": [
     133.6020334,
     35.4300971
    ]
   },
   "properties": {
    "id": "TH-n1425865627",
    "kind": "trailhead",
    "name": "船上山少年自然の家（船上山登山口）",
    "datum": "WGS84",
    "mountainIds": "469 484 488 490",
    "mountainNames": "船上山、甲ヶ山、矢筈ヶ山、大山",
    "lists": "中国百名山|日本百名山|日本二百名山|日本三百名山",
    "routes": "",
    "entryType": "一般道（県道以上）との接続",
    "trailKmToSummit": "船上山:0.37km 甲ヶ山:5.7km 矢筈ヶ山:6.61km 大山:14.57km",
    "related": "PK-w627410831(498m) BS-kP11-22-31-bs1469(577m)",
    "attributes": "",
    "status": "adopted",
    "accuracyM": 15,
    "needsReview": "",
    "sources": "OpenStreetMap（© OpenStreetMap contributors, ODbL 1.0）Geofabrik japan-latest.osm.pbf 2026-09-23T20:22:04Z node/1425865627（登山道と道路の接続点） ｜ 公式情報: https://www.pref.tottori.lg.jp/senjyozan/ ｜ 公式情報: https://www.tottori-guide.jp/tourism/tour/view/766",
    "verifiedAt": "2026-09-20"
   }
  },
  {
   "type": "Feature",
   "geometry": {
    "type": "Point",
    "coordinates": [
     134.0274665,
     35.4095175
    ]
   },
   "properties": {
    "id": "TH-n1450251643",
    "kind": "trailhead",
    "name": "（名称未確認）河内バス停付近",
    "datum": "WGS84",
    "mountainIds": "474",
    "mountainNames": "鷲峰山",
    "lists": "中国百名山",
    "routes": "",
    "entryType": "一般道との接続",
    "trailKmToSummit": "鷲峰山:3.77km",
    "related": "BS-kP11-22-31-bs1666(653m)",
    "attributes": "",
    "status": "provisional",
    "accuracyM": 30,
    "needsReview": "名称未確認、公式情報または2情報源での確認が必要",
    "sources": "OpenStreetMap（© OpenStreetMap contributors, ODbL 1.0）Geofabrik japan-latest.osm.pbf 2026-09-23T20:22:04Z node/1450251643（登山道と道路の接続点）",
    "verifiedAt": ""
   }
  },
  {
   "type": "Feature",
   "geometry": {
    "type": "Point",
    "coordinates": [
     134.073192,
     35.302681
    ]
   },
   "properties": {
    "id": "TH-n1453398200",
    "kind": "trailhead",
    "name": "（名称未確認）",
    "datum": "WGS84",
    "mountainIds": "515",
    "mountainNames": "三原山",
    "lists": "中国百名山",
    "routes": "",
    "entryType": "一般道（県道以上）との接続",
    "trailKmToSummit": "三原山:0.84km",
    "related": "",
    "attributes": "",
    "status": "candidate",
    "accuracyM": 30,
    "needsReview": "名称未確認、公式情報または2情報源での確認が必要",
    "sources": "OpenStreetMap（© OpenStreetMap contributors, ODbL 1.0）Geofabrik japan-latest.osm.pbf 2026-09-23T20:22:04Z node/1453398200（登山道と道路の接続点）",
    "verifiedAt": ""
   }
  },
  {
   "type": "Feature",
   "geometry": {
    "type": "Point",
    "coordinates": [
     134.026345,
     35.439768
    ]
   },
   "properties": {
    "id": "TH-n1456408264",
    "kind": "trailhead",
    "name": "（名称未確認）鷲峰バス停付近",
    "datum": "WGS84",
    "mountainIds": "474",
    "mountainNames": "鷲峰山",
    "lists": "中国百名山",
    "routes": "",
    "entryType": "一般道との接続",
    "trailKmToSummit": "鷲峰山:2.88km",
    "related": "BS-kP11-22-31-bs1242(450m) BS-kP11-22-31-bs1217(781m) BS-kP11-22-31-bs1376(804m)",
    "attributes": "",
    "status": "provisional",
    "accuracyM": 30,
    "needsReview": "名称未確認、登山道が道路を横断する地点（途中の入口の可能性）、公式情報または2情報源での確認が必要",
    "sources": "OpenStreetMap（© OpenStreetMap contributors, ODbL 1.0）Geofabrik japan-latest.osm.pbf 2026-09-23T20:22:04Z node/1456408264（登山道と道路の接続点）",
    "verifiedAt": ""
   }
  },
  {
   "type": "Feature",
   "geometry": {
    "type": "Point",
    "coordinates": [
     134.0468654,
     35.4437424
    ]
   },
   "properties": {
    "id": "TH-n1456408965",
    "kind": "trailhead",
    "name": "（名称未確認）",
    "datum": "WGS84",
    "mountainIds": "474",
    "mountainNames": "鷲峰山",
    "lists": "中国百名山",
    "routes": "",
    "entryType": "道路の終点付近",
    "trailKmToSummit": "鷲峰山:2.58km",
    "related": "",
    "attributes": "",
    "status": "candidate",
    "accuracyM": 30,
    "needsReview": "名称未確認、公式情報または2情報源での確認が必要",
    "sources": "OpenStreetMap（© OpenStreetMap contributors, ODbL 1.0）Geofabrik japan-latest.osm.pbf 2026-09-23T20:22:04Z node/1456408965（登山道と道路の接続点）",
    "verifiedAt": ""
   }
  },
  {
   "type": "Feature",
   "geometry": {
    "type": "Point",
    "coordinates": [
     133.5500525,
     35.4001072
    ]
   },
   "properties": {
    "id": "TH-n1462044005",
    "kind": "trailhead",
    "name": "（名称未確認）",
    "datum": "WGS84",
    "mountainIds": "488",
    "mountainNames": "矢筈ヶ山",
    "lists": "中国百名山",
    "routes": "OSM登山道「中国自然歩道」",
    "entryType": "一般道（県道以上）との接続",
    "trailKmToSummit": "矢筈ヶ山:4.71km",
    "related": "",
    "attributes": "",
    "status": "candidate",
    "accuracyM": 30,
    "needsReview": "名称未確認、公式情報または2情報源での確認が必要",
    "sources": "OpenStreetMap（© OpenStreetMap contributors, ODbL 1.0）Geofabrik japan-latest.osm.pbf 2026-09-23T20:22:04Z node/1462044005（登山道と道路の接続点）",
    "verifiedAt": ""
   }
  },
  {
   "type": "Feature",
   "geometry": {
    "type": "Point",
    "coordinates": [
     134.451569,
     35.469584
    ]
   },
   "properties": {
    "id": "TH-n1470444176",
    "kind": "trailhead",
    "name": "（名称未確認）",
    "datum": "WGS84",
    "mountainIds": "466",
    "mountainNames": "扇ノ山",
    "lists": "日本三百名山|関西百名山|中国百名山",
    "routes": "",
    "entryType": "一般道との接続",
    "trailKmToSummit": "扇ノ山:4.9km",
    "related": "",
    "attributes": "",
    "status": "candidate",
    "accuracyM": 30,
    "needsReview": "名称未確認、登山道が道路を横断する地点（途中の入口の可能性）、公式情報または2情報源での確認が必要",
    "sources": "OpenStreetMap（© OpenStreetMap contributors, ODbL 1.0）Geofabrik japan-latest.osm.pbf 2026-09-23T20:22:04Z node/1470444176（登山道と道路の接続点）",
    "verifiedAt": ""
   }
  },
  {
   "type": "Feature",
   "geometry": {
    "type": "Point",
    "coordinates": [
     134.1547707,
     35.1517476
    ]
   },
   "properties": {
    "id": "TH-n1486594383",
    "kind": "trailhead",
    "name": "（名称未確認）",
    "datum": "WGS84",
    "mountainIds": "559 560",
    "mountainNames": "滝山、爪ヶ城",
    "lists": "中国百名山",
    "routes": "",
    "entryType": "一般道との接続",
    "trailKmToSummit": "滝山:2.04km 爪ヶ城:3.63km",
    "related": "",
    "attributes": "",
    "status": "candidate",
    "accuracyM": 30,
    "needsReview": "名称未確認、公式情報または2情報源での確認が必要",
    "sources": "OpenStreetMap（© OpenStreetMap contributors, ODbL 1.0）Geofabrik japan-latest.osm.pbf 2026-09-23T20:22:04Z node/1486594383（登山道と道路の接続点）",
    "verifiedAt": ""
   }
  },
  {
   "type": "Feature",
   "geometry": {
    "type": "Point",
    "coordinates": [
     133.5270456,
     35.2231832
    ]
   },
   "properties": {
    "id": "TH-n1488030014",
    "kind": "trailhead",
    "name": "（名称未確認）",
    "datum": "WGS84",
    "mountainIds": "532 534",
    "mountainNames": "金ヶ谷山、毛無山",
    "lists": "中国百名山",
    "routes": "",
    "entryType": "一般道との接続",
    "trailKmToSummit": "金ヶ谷山:7.47km 毛無山:2.11km",
    "related": "",
    "attributes": "",
    "status": "candidate",
    "accuracyM": 30,
    "needsReview": "名称未確認、公式情報または2情報源での確認が必要",
    "sources": "OpenStreetMap（© OpenStreetMap contributors, ODbL 1.0）Geofabrik japan-latest.osm.pbf 2026-09-23T20:22:04Z node/1488030014（登山道と道路の接続点）",
    "verifiedAt": ""
   }
  },
  {
   "type": "Feature",
   "geometry": {
    "type": "Point",
    "coordinates": [
     133.9342639,
     35.1872615
    ]
   },
   "properties": {
    "id": "TH-n1488092229",
    "kind": "trailhead",
    "name": "（名称未確認）",
    "datum": "WGS84",
    "mountainIds": "548",
    "mountainNames": "泉山",
    "lists": "中国百名山",
    "routes": "",
    "entryType": "一般道との接続",
    "trailKmToSummit": "泉山:3.76km",
    "related": "",
    "attributes": "",
    "status": "candidate",
    "accuracyM": 30,
    "needsReview": "名称未確認、登山道が道路を横断する地点（途中の入口の可能性）、公式情報または2情報源での確認が必要",
    "sources": "OpenStreetMap（© OpenStreetMap contributors, ODbL 1.0）Geofabrik japan-latest.osm.pbf 2026-09-23T20:22:04Z node/1488092229（登山道と道路の接続点）",
    "verifiedAt": ""
   }
  },
  {
   "type": "Feature",
   "geometry": {
    "type": "Point",
    "coordinates": [
     133.9618374,
     35.1883587
    ]
   },
   "properties": {
    "id": "TH-n1488092427",
    "kind": "trailhead",
    "name": "（名称未確認）",
    "datum": "WGS84",
    "mountainIds": "548",
    "mountainNames": "泉山",
    "lists": "中国百名山",
    "routes": "",
    "entryType": "道路の終点付近",
    "trailKmToSummit": "泉山:2.3km",
    "related": "",
    "attributes": "",
    "status": "candidate",
    "accuracyM": 30,
    "needsReview": "名称未確認、林道からの入口（マイカー進入可否を要確認）、公式情報または2情報源での確認が必要",
    "sources": "OpenStreetMap（© OpenStreetMap contributors, ODbL 1.0）Geofabrik japan-latest.osm.pbf 2026-09-23T20:22:04Z node/1488092427（登山道と道路の接続点）",
    "verifiedAt": ""
   }
  },
  {
   "type": "Feature",
   "geometry": {
    "type": "Point",
    "coordinates": [
     133.966503,
     35.214975
    ]
   },
   "properties": {
    "id": "TH-n1488097579",
    "kind": "trailhead",
    "name": "（名称未確認）",
    "datum": "WGS84",
    "mountainIds": "548",
    "mountainNames": "泉山",
    "lists": "中国百名山",
    "routes": "",
    "entryType": "一般道との接続",
    "trailKmToSummit": "泉山:1.8km",
    "related": "",
    "attributes": "",
    "status": "candidate",
    "accuracyM": 30,
    "needsReview": "名称未確認、公式情報または2情報源での確認が必要",
    "sources": "OpenStreetMap（© OpenStreetMap contributors, ODbL 1.0）Geofabrik japan-latest.osm.pbf 2026-09-23T20:22:04Z node/1488097579（登山道と道路の接続点）",
    "verifiedAt": ""
   }
  },
  {
   "type": "Feature",
   "geometry": {
    "type": "Point",
    "coordinates": [
     133.998908,
     35.22854
    ]
   },
   "properties": {
    "id": "TH-n1488102813",
    "kind": "trailhead",
    "name": "（名称未確認）",
    "datum": "WGS84",
    "mountainIds": "533",
    "mountainNames": "角ヶ仙",
    "lists": "中国百名山",
    "routes": "",
    "entryType": "一般道との接続",
    "trailKmToSummit": "角ヶ仙:1.83km",
    "related": "",
    "attributes": "",
    "status": "candidate",
    "accuracyM": 30,
    "needsReview": "名称未確認、公式情報または2情報源での確認が必要",
    "sources": "OpenStreetMap（© OpenStreetMap contributors, ODbL 1.0）Geofabrik japan-latest.osm.pbf 2026-09-23T20:22:04Z node/1488102813（登山道と道路の接続点）",
    "verifiedAt": ""
   }
  },
  {
   "type": "Feature",
   "geometry": {
    "type": "Point",
    "coordinates": [
     133.831259,
     35.242402
    ]
   },
   "properties": {
    "id": "TH-n1488107720",
    "kind": "trailhead",
    "name": "（名称未確認）",
    "datum": "WGS84",
    "mountainIds": "528",
    "mountainNames": "津黒山",
    "lists": "中国百名山",
    "routes": "",
    "entryType": "一般道との接続",
    "trailKmToSummit": "津黒山:1.84km",
    "related": "",
    "attributes": "",
    "status": "candidate",
    "accuracyM": 30,
    "needsReview": "名称未確認、公式情報または2情報源での確認が必要",
    "sources": "OpenStreetMap（© OpenStreetMap contributors, ODbL 1.0）Geofabrik japan-latest.osm.pbf 2026-09-23T20:22:04Z node/1488107720（登山道と道路の接続点）",
    "verifiedAt": ""
   }
  },
  {
   "type": "Feature",
   "geometry": {
    "type": "Point",
    "coordinates": [
     133.8643814,
     35.2596476
    ]
   },
   "properties": {
    "id": "TH-n1488113032",
    "kind": "trailhead",
    "name": "（名称未確認）",
    "datum": "WGS84",
    "mountainIds": "517",
    "mountainNames": "若杉山",
    "lists": "中国百名山",
    "routes": "",
    "entryType": "一般道との接続",
    "trailKmToSummit": "若杉山:4.37km",
    "related": "",
    "attributes": "",
    "status": "candidate",
    "accuracyM": 30,
    "needsReview": "名称未確認、登山道が道路を横断する地点（途中の入口の可能性）、公式情報または2情報源での確認が必要",
    "sources": "OpenStreetMap（© OpenStreetMap contributors, ODbL 1.0）Geofabrik japan-latest.osm.pbf 2026-09-23T20:22:04Z node/1488113032（登山道と道路の接続点）",
    "verifiedAt": ""
   }
  },
  {
   "type": "Feature",
   "geometry": {
    "type": "Point",
    "coordinates": [
     133.938235,
     35.277436
    ]
   },
   "properties": {
    "id": "TH-n1488115739",
    "kind": "trailhead",
    "name": "（名称未確認）上斎原発電所前バス停付近",
    "datum": "WGS84",
    "mountainIds": "521",
    "mountainNames": "三ヶ上",
    "lists": "中国百名山",
    "routes": "",
    "entryType": "一般道との接続",
    "trailKmToSummit": "三ヶ上:1.2km",
    "related": "BS-kP11-22-33-bs3(996m)",
    "attributes": "",
    "status": "provisional",
    "accuracyM": 30,
    "needsReview": "名称未確認、公式情報または2情報源での確認が必要",
    "sources": "OpenStreetMap（© OpenStreetMap contributors, ODbL 1.0）Geofabrik japan-latest.osm.pbf 2026-09-23T20:22:04Z node/1488115739（登山道と道路の接続点）",
    "verifiedAt": ""
   }
  },
  {
   "type": "Feature",
   "geometry": {
    "type": "Point",
    "coordinates": [
     133.397668,
     35.167374
    ]
   },
   "properties": {
    "id": "TH-n1494838211",
    "kind": "trailhead",
    "name": "（名称未確認）",
    "datum": "WGS84",
    "mountainIds": "569",
    "mountainNames": "花見山",
    "lists": "中国百名山",
    "routes": "",
    "entryType": "一般道との接続",
    "trailKmToSummit": "花見山:1.76km",
    "related": "",
    "attributes": "",
    "status": "candidate",
    "accuracyM": 30,
    "needsReview": "名称未確認、公式情報または2情報源での確認が必要",
    "sources": "OpenStreetMap（© OpenStreetMap contributors, ODbL 1.0）Geofabrik japan-latest.osm.pbf 2026-09-23T20:22:04Z node/1494838211（登山道と道路の接続点）",
    "verifiedAt": ""
   }
  },
  {
   "type": "Feature",
   "geometry": {
    "type": "Point",
    "coordinates": [
     133.376472,
     34.930504
    ]
   },
   "properties": {
    "id": "TH-n1494882212",
    "kind": "trailhead",
    "name": "（名称未確認）キャンプ場前バス停付近",
    "datum": "WGS84",
    "mountainIds": "614",
    "mountainNames": "荒戸山",
    "lists": "中国百名山",
    "routes": "",
    "entryType": "一般道との接続",
    "trailKmToSummit": "荒戸山:0.52km",
    "related": "BS-kP11-22-33-bs1629(613m)",
    "attributes": "",
    "status": "provisional",
    "accuracyM": 30,
    "needsReview": "名称未確認、公式情報または2情報源での確認が必要",
    "sources": "OpenStreetMap（© OpenStreetMap contributors, ODbL 1.0）Geofabrik japan-latest.osm.pbf 2026-09-23T20:22:04Z node/1494882212（登山道と道路の接続点）",
    "verifiedAt": ""
   }
  },
  {
   "type": "Feature",
   "geometry": {
    "type": "Point",
    "coordinates": [
     133.379858,
     34.933446
    ]
   },
   "properties": {
    "id": "TH-n1494911054",
    "kind": "trailhead",
    "name": "（名称未確認）キャンプ場前バス停付近",
    "datum": "WGS84",
    "mountainIds": "614",
    "mountainNames": "荒戸山",
    "lists": "中国百名山",
    "routes": "",
    "entryType": "一般道との接続",
    "trailKmToSummit": "荒戸山:0.79km",
    "related": "BS-kP11-22-33-bs1629(841m) BS-kP11-22-33-bs1521(867m)",
    "attributes": "",
    "status": "provisional",
    "accuracyM": 30,
    "needsReview": "名称未確認、公式情報または2情報源での確認が必要",
    "sources": "OpenStreetMap（© OpenStreetMap contributors, ODbL 1.0）Geofabrik japan-latest.osm.pbf 2026-09-23T20:22:04Z node/1494911054（登山道と道路の接続点）",
    "verifiedAt": ""
   }
  },
  {
   "type": "Feature",
   "geometry": {
    "type": "Point",
    "coordinates": [
     133.375322,
     34.933818
    ]
   },
   "properties": {
    "id": "TH-n1494911161",
    "kind": "trailhead",
    "name": "（名称未確認）キャンプ場前バス停付近",
    "datum": "WGS84",
    "mountainIds": "614",
    "mountainNames": "荒戸山",
    "lists": "中国百名山",
    "routes": "",
    "entryType": "一般道との接続",
    "trailKmToSummit": "荒戸山:0.27km",
    "related": "BS-kP11-22-33-bs1629(984m)",
    "attributes": "",
    "status": "provisional",
    "accuracyM": 30,
    "needsReview": "名称未確認、公式情報または2情報源での確認が必要",
    "sources": "OpenStreetMap（© OpenStreetMap contributors, ODbL 1.0）Geofabrik japan-latest.osm.pbf 2026-09-23T20:22:04Z node/1494911161（登山道と道路の接続点）",
    "verifiedAt": ""
   }
  },
  {
   "type": "Feature",
   "geometry": {
    "type": "Point",
    "coordinates": [
     133.373952,
     34.94486
    ]
   },
   "properties": {
    "id": "TH-n1494914899",
    "kind": "trailhead",
    "name": "（名称未確認）大山バス停付近",
    "datum": "WGS84",
    "mountainIds": "614",
    "mountainNames": "荒戸山",
    "lists": "中国百名山",
    "routes": "",
    "entryType": "一般道との接続",
    "trailKmToSummit": "荒戸山:2.36km",
    "related": "BS-kP11-22-33-bs1521(957m)",
    "attributes": "",
    "status": "provisional",
    "accuracyM": 30,
    "needsReview": "名称未確認、公式情報または2情報源での確認が必要",
    "sources": "OpenStreetMap（© OpenStreetMap contributors, ODbL 1.0）Geofabrik japan-latest.osm.pbf 2026-09-23T20:22:04Z node/1494914899（登山道と道路の接続点）",
    "verifiedAt": ""
   }
  },
  {
   "type": "Feature",
   "geometry": {
    "type": "Point",
    "coordinates": [
     133.576947,
     35.277886
    ]
   },
   "properties": {
    "id": "TH-n1926753131",
    "kind": "trailhead",
    "name": "（名称未確認）",
    "datum": "WGS84",
    "mountainIds": "520",
    "mountainNames": "三平山",
    "lists": "中国百名山",
    "routes": "",
    "entryType": "一般道との接続",
    "trailKmToSummit": "三平山:1.58km",
    "related": "",
    "attributes": "",
    "status": "candidate",
    "accuracyM": 30,
    "needsReview": "名称未確認、公式情報または2情報源での確認が必要",
    "sources": "OpenStreetMap（© OpenStreetMap contributors, ODbL 1.0）Geofabrik japan-latest.osm.pbf 2026-09-23T20:22:04Z node/1926753131（登山道と道路の接続点）",
    "verifiedAt": ""
   }
  },
  {
   "type": "Feature",
   "geometry": {
    "type": "Point",
    "coordinates": [
     133.682128,
     35.303932
    ]
   },
   "properties": {
    "id": "TH-n1926764663",
    "kind": "trailhead",
    "name": "（名称未確認）",
    "datum": "WGS84",
    "mountainIds": "507",
    "mountainNames": "上蒜山",
    "lists": "日本二百名山|日本三百名山|中国百名山",
    "routes": "",
    "entryType": "一般道との接続",
    "trailKmToSummit": "上蒜山:4.03km",
    "related": "PK-w686596995(408m) PK-w686596994(434m)",
    "attributes": "",
    "status": "provisional",
    "accuracyM": 30,
    "needsReview": "名称未確認、公式情報または2情報源での確認が必要",
    "sources": "OpenStreetMap（© OpenStreetMap contributors, ODbL 1.0）Geofabrik japan-latest.osm.pbf 2026-09-23T20:22:04Z node/1926764663（登山道と道路の接続点）",
    "verifiedAt": ""
   }
  },
  {
   "type": "Feature",
   "geometry": {
    "type": "Point",
    "coordinates": [
     133.6440988,
     35.3122867
    ]
   },
   "properties": {
    "id": "TH-n1926766427",
    "kind": "trailhead",
    "name": "（名称未確認）",
    "datum": "WGS84",
    "mountainIds": "507",
    "mountainNames": "上蒜山",
    "lists": "日本二百名山|日本三百名山|中国百名山",
    "routes": "",
    "entryType": "林道との接続",
    "trailKmToSummit": "上蒜山:2.72km",
    "related": "",
    "attributes": "",
    "status": "candidate",
    "accuracyM": 30,
    "needsReview": "名称未確認、林道からの入口（マイカー進入可否を要確認）、公式情報または2情報源での確認が必要",
    "sources": "OpenStreetMap（© OpenStreetMap contributors, ODbL 1.0）Geofabrik japan-latest.osm.pbf 2026-09-23T20:22:04Z node/1926766427（登山道と道路の接続点）",
    "verifiedAt": ""
   }
  },
  {
   "type": "Feature",
   "geometry": {
    "type": "Point",
    "coordinates": [
     133.702589,
     35.130825
    ]
   },
   "properties": {
    "id": "TH-n1926890394",
    "kind": "trailhead",
    "name": "（名称未確認）",
    "datum": "WGS84",
    "mountainIds": "565",
    "mountainNames": "櫃ヶ山",
    "lists": "中国百名山",
    "routes": "",
    "entryType": "一般道との接続",
    "trailKmToSummit": "櫃ヶ山:5.18km",
    "related": "",
    "attributes": "",
    "status": "candidate",
    "accuracyM": 30,
    "needsReview": "名称未確認、登山道が道路を横断する地点（途中の入口の可能性）、公式情報または2情報源での確認が必要",
    "sources": "OpenStreetMap（© OpenStreetMap contributors, ODbL 1.0）Geofabrik japan-latest.osm.pbf 2026-09-23T20:22:04Z node/1926890394（登山道と道路の接続点）",
    "verifiedAt": ""
   }
  },
  {
   "type": "Feature",
   "geometry": {
    "type": "Point",
    "coordinates": [
     133.66607,
     35.133647
    ]
   },
   "properties": {
    "id": "TH-n1926891588",
    "kind": "trailhead",
    "name": "（名称未確認）",
    "datum": "WGS84",
    "mountainIds": "572",
    "mountainNames": "星山",
    "lists": "中国百名山",
    "routes": "",
    "entryType": "一般道との接続",
    "trailKmToSummit": "星山:1.9km",
    "related": "",
    "attributes": "",
    "status": "candidate",
    "accuracyM": 30,
    "needsReview": "名称未確認、公式情報または2情報源での確認が必要",
    "sources": "OpenStreetMap（© OpenStreetMap contributors, ODbL 1.0）Geofabrik japan-latest.osm.pbf 2026-09-23T20:22:04Z node/1926891588（登山道と道路の接続点）",
    "verifiedAt": ""
   }
  },
  {
   "type": "Feature",
   "geometry": {
    "type": "Point",
    "coordinates": [
     133.670645,
     35.134104
    ]
   },
   "properties": {
    "id": "TH-n1926891934",
    "kind": "trailhead",
    "name": "（名称未確認）",
    "datum": "WGS84",
    "mountainIds": "572",
    "mountainNames": "星山",
    "lists": "中国百名山",
    "routes": "",
    "entryType": "一般道との接続",
    "trailKmToSummit": "星山:1.32km",
    "related": "",
    "attributes": "",
    "status": "candidate",
    "accuracyM": 30,
    "needsReview": "名称未確認、公式情報または2情報源での確認が必要",
    "sources": "OpenStreetMap（© OpenStreetMap contributors, ODbL 1.0）Geofabrik japan-latest.osm.pbf 2026-09-23T20:22:04Z node/1926891934（登山道と道路の接続点）",
    "verifiedAt": ""
   }
  },
  {
   "type": "Feature",
   "geometry": {
    "type": "Point",
    "coordinates": [
     133.755798,
     35.13456
    ]
   },
   "properties": {
    "id": "TH-n1926892234",
    "kind": "trailhead",
    "name": "（名称未確認）",
    "datum": "WGS84",
    "mountainIds": "573",
    "mountainNames": "三坂山",
    "lists": "中国百名山",
    "routes": "",
    "entryType": "一般道との接続",
    "trailKmToSummit": "三坂山:1.56km",
    "related": "",
    "attributes": "",
    "status": "candidate",
    "accuracyM": 30,
    "needsReview": "名称未確認、公式情報または2情報源での確認が必要",
    "sources": "OpenStreetMap（© OpenStreetMap contributors, ODbL 1.0）Geofabrik japan-latest.osm.pbf 2026-09-23T20:22:04Z node/1926892234（登山道と道路の接続点）",
    "verifiedAt": ""
   }
  },
  {
   "type": "Feature",
   "geometry": {
    "type": "Point",
    "coordinates": [
     133.658703,
     35.137102
    ]
   },
   "properties": {
    "id": "TH-n1926892949",
    "kind": "trailhead",
    "name": "（名称未確認）",
    "datum": "WGS84",
    "mountainIds": "572",
    "mountainNames": "星山",
    "lists": "中国百名山",
    "routes": "",
    "entryType": "一般道との接続",
    "trailKmToSummit": "星山:2.4km",
    "related": "",
    "attributes": "",
    "status": "candidate",
    "accuracyM": 30,
    "needsReview": "名称未確認、登山道が道路を横断する地点（途中の入口の可能性）、公式情報または2情報源での確認が必要",
    "sources": "OpenStreetMap（© OpenStreetMap contributors, ODbL 1.0）Geofabrik japan-latest.osm.pbf 2026-09-23T20:22:04Z node/1926892949（登山道と道路の接続点）",
    "verifiedAt": ""
   }
  },
  {
   "type": "Feature",
   "geometry": {
    "type": "Point",
    "coordinates": [
     133.715271,
     35.151466
    ]
   },
   "properties": {
    "id": "TH-n1926902474",
    "kind": "trailhead",
    "name": "（名称未確認）",
    "datum": "WGS84",
    "mountainIds": "565",
    "mountainNames": "櫃ヶ山",
    "lists": "中国百名山",
    "routes": "",
    "entryType": "一般道との接続",
    "trailKmToSummit": "櫃ヶ山:2.94km",
    "related": "",
    "attributes": "",
    "status": "candidate",
    "accuracyM": 30,
    "needsReview": "名称未確認、公式情報または2情報源での確認が必要",
    "sources": "OpenStreetMap（© OpenStreetMap contributors, ODbL 1.0）Geofabrik japan-latest.osm.pbf 2026-09-23T20:22:04Z node/1926902474（登山道と道路の接続点）",
    "verifiedAt": ""
   }
  },
  {
   "type": "Feature",
   "geometry": {
    "type": "Point",
    "coordinates": [
     133.7463579,
     35.156433
    ]
   },
   "properties": {
    "id": "TH-n1926915144",
    "kind": "trailhead",
    "name": "（名称未確認）",
    "datum": "WGS84",
    "mountainIds": "573",
    "mountainNames": "三坂山",
    "lists": "中国百名山",
    "routes": "",
    "entryType": "道路の終点付近",
    "trailKmToSummit": "三坂山:2.49km",
    "related": "",
    "attributes": "",
    "status": "candidate",
    "accuracyM": 30,
    "needsReview": "名称未確認、林道からの入口（マイカー進入可否を要確認）、公式情報または2情報源での確認が必要",
    "sources": "OpenStreetMap（© OpenStreetMap contributors, ODbL 1.0）Geofabrik japan-latest.osm.pbf 2026-09-23T20:22:04Z node/1926915144（登山道と道路の接続点）",
    "verifiedAt": ""
   }
  },
  {
   "type": "Feature",
   "geometry": {
    "type": "Point",
    "coordinates": [
     134.1270886,
     34.7375422
    ]
   },
   "properties": {
    "id": "TH-n1986899987",
    "kind": "trailhead",
    "name": "（名称未確認）大内バス停付近",
    "datum": "WGS84",
    "mountainIds": "630",
    "mountainNames": "熊山",
    "lists": "中国百名山",
    "routes": "",
    "entryType": "一般道との接続",
    "trailKmToSummit": "熊山:2.55km",
    "related": "BS-kP11-22-33-bs3120(848m) BS-kP11-22-33-bs3120(848m) BS-kP11-22-33-bs3145(873m)",
    "attributes": "",
    "status": "provisional",
    "accuracyM": 30,
    "needsReview": "名称未確認、公式情報または2情報源での確認が必要",
    "sources": "OpenStreetMap（© OpenStreetMap contributors, ODbL 1.0）Geofabrik japan-latest.osm.pbf 2026-09-23T20:22:04Z node/1986899987（登山道と道路の接続点）",
    "verifiedAt": ""
   }
  },
  {
   "type": "Feature",
   "geometry": {
    "type": "Point",
    "coordinates": [
     134.017718,
     35.239557
    ]
   },
   "properties": {
    "id": "TH-n2019786000",
    "kind": "trailhead",
    "name": "（名称未確認）",
    "datum": "WGS84",
    "mountainIds": "533",
    "mountainNames": "角ヶ仙",
    "lists": "中国百名山",
    "routes": "",
    "entryType": "一般道との接続",
    "trailKmToSummit": "角ヶ仙:1.33km",
    "related": "",
    "attributes": "",
    "status": "candidate",
    "accuracyM": 30,
    "needsReview": "名称未確認、公式情報または2情報源での確認が必要",
    "sources": "OpenStreetMap（© OpenStreetMap contributors, ODbL 1.0）Geofabrik japan-latest.osm.pbf 2026-09-23T20:22:04Z node/2019786000（登山道と道路の接続点）",
    "verifiedAt": ""
   }
  },
  {
   "type": "Feature",
   "geometry": {
    "type": "Point",
    "coordinates": [
     134.063967,
     35.292904
    ]
   },
   "properties": {
    "id": "TH-n2019798105",
    "kind": "trailhead",
    "name": "（名称未確認）",
    "datum": "WGS84",
    "mountainIds": "515",
    "mountainNames": "三原山",
    "lists": "中国百名山",
    "routes": "",
    "entryType": "道路の終点付近",
    "trailKmToSummit": "三原山:1.06km",
    "related": "",
    "attributes": "",
    "status": "candidate",
    "accuracyM": 30,
    "needsReview": "名称未確認、林道からの入口（マイカー進入可否を要確認）、公式情報または2情報源での確認が必要",
    "sources": "OpenStreetMap（© OpenStreetMap contributors, ODbL 1.0）Geofabrik japan-latest.osm.pbf 2026-09-23T20:22:04Z node/2019798105（登山道と道路の接続点）",
    "verifiedAt": ""
   }
  },
  {
   "type": "Feature",
   "geometry": {
    "type": "Point",
    "coordinates": [
     133.432792,
     34.856032
    ]
   },
   "properties": {
    "id": "TH-n2069518331",
    "kind": "trailhead",
    "name": "（名称未確認）",
    "datum": "WGS84",
    "mountainIds": "620",
    "mountainNames": "天神山",
    "lists": "中国百名山",
    "routes": "",
    "entryType": "一般道との接続",
    "trailKmToSummit": "天神山:0.39km",
    "related": "",
    "attributes": "",
    "status": "candidate",
    "accuracyM": 30,
    "needsReview": "名称未確認、公式情報または2情報源での確認が必要",
    "sources": "OpenStreetMap（© OpenStreetMap contributors, ODbL 1.0）Geofabrik japan-latest.osm.pbf 2026-09-23T20:22:04Z node/2069518331（登山道と道路の接続点）",
    "verifiedAt": ""
   }
  },
  {
   "type": "Feature",
   "geometry": {
    "type": "Point",
    "coordinates": [
     133.4505747,
     34.8635218
    ]
   },
   "properties": {
    "id": "TH-n2069520824",
    "kind": "trailhead",
    "name": "（名称未確認）天神山登山口バス停付近",
    "datum": "WGS84",
    "mountainIds": "620",
    "mountainNames": "天神山",
    "lists": "中国百名山",
    "routes": "",
    "entryType": "一般道（県道以上）との接続",
    "trailKmToSummit": "天神山:2.66km",
    "related": "BS-kP11-22-33-bs2060(189m) BS-kP11-22-33-bs2061(189m) BS-kP11-22-33-bs2013(584m)",
    "attributes": "",
    "status": "provisional",
    "accuracyM": 30,
    "needsReview": "名称未確認、公式情報または2情報源での確認が必要",
    "sources": "OpenStreetMap（© OpenStreetMap contributors, ODbL 1.0）Geofabrik japan-latest.osm.pbf 2026-09-23T20:22:04Z node/2069520824（登山道と道路の接続点）",
    "verifiedAt": ""
   }
  },
  {
   "type": "Feature",
   "geometry": {
    "type": "Point",
    "coordinates": [
     134.1205671,
     34.7535601
    ]
   },
   "properties": {
    "id": "TH-n2071698361",
    "kind": "trailhead",
    "name": "（名称未確認）",
    "datum": "WGS84",
    "mountainIds": "630",
    "mountainNames": "熊山",
    "lists": "中国百名山",
    "routes": "",
    "entryType": "道路の終点付近",
    "trailKmToSummit": "熊山:0.74km",
    "related": "PK-w1480024941(413m)",
    "attributes": "",
    "status": "provisional",
    "accuracyM": 30,
    "needsReview": "名称未確認、公式情報または2情報源での確認が必要",
    "sources": "OpenStreetMap（© OpenStreetMap contributors, ODbL 1.0）Geofabrik japan-latest.osm.pbf 2026-09-23T20:22:04Z node/2071698361（登山道と道路の接続点）",
    "verifiedAt": ""
   }
  },
  {
   "type": "Feature",
   "geometry": {
    "type": "Point",
    "coordinates": [
     134.1161457,
     34.7695496
    ]
   },
   "properties": {
    "id": "TH-n2071701162",
    "kind": "trailhead",
    "name": "（名称未確認）",
    "datum": "WGS84",
    "mountainIds": "630",
    "mountainNames": "熊山",
    "lists": "中国百名山",
    "routes": "",
    "entryType": "一般道との接続",
    "trailKmToSummit": "熊山:1.97km",
    "related": "",
    "attributes": "",
    "status": "candidate",
    "accuracyM": 30,
    "needsReview": "名称未確認、登山道が道路を横断する地点（途中の入口の可能性）、近くの道路にゲートあり（車両通行止め・季節閉鎖の可能性）、公式情報または2情報源での確認が必要",
    "sources": "OpenStreetMap（© OpenStreetMap contributors, ODbL 1.0）Geofabrik japan-latest.osm.pbf 2026-09-23T20:22:04Z node/2071701162（登山道と道路の接続点）",
    "verifiedAt": ""
   }
  },
  {
   "type": "Feature",
   "geometry": {
    "type": "Point",
    "coordinates": [
     132.535325,
     34.27684
    ]
   },
   "properties": {
    "id": "TH-n2094304170",
    "kind": "trailhead",
    "name": "（名称未確認）",
    "datum": "WGS84",
    "mountainIds": "695",
    "mountainNames": "天応烏帽子岩山",
    "lists": "中国百名山",
    "routes": "",
    "entryType": "一般道との接続",
    "trailKmToSummit": "天応烏帽子岩山:1.09km",
    "related": "",
    "attributes": "",
    "status": "candidate",
    "accuracyM": 30,
    "needsReview": "名称未確認、公式情報または2情報源での確認が必要",
    "sources": "OpenStreetMap（© OpenStreetMap contributors, ODbL 1.0）Geofabrik japan-latest.osm.pbf 2026-09-23T20:22:04Z node/2094304170（登山道と道路の接続点）",
    "verifiedAt": ""
   }
  },
  {
   "type": "Feature",
   "geometry": {
    "type": "Point",
    "coordinates": [
     132.5367294,
     34.2896793
    ]
   },
   "properties": {
    "id": "TH-n2094305002",
    "kind": "trailhead",
    "name": "（名称未確認）",
    "datum": "WGS84",
    "mountainIds": "695",
    "mountainNames": "天応烏帽子岩山",
    "lists": "中国百名山",
    "routes": "",
    "entryType": "一般道との接続",
    "trailKmToSummit": "天応烏帽子岩山:1.95km",
    "related": "PK-w624170877(251m)",
    "attributes": "",
    "status": "provisional",
    "accuracyM": 30,
    "needsReview": "名称未確認、公式情報または2情報源での確認が必要",
    "sources": "OpenStreetMap（© OpenStreetMap contributors, ODbL 1.0）Geofabrik japan-latest.osm.pbf 2026-09-23T20:22:04Z node/2094305002（登山道と道路の接続点）",
    "verifiedAt": ""
   }
  },
  {
   "type": "Feature",
   "geometry": {
    "type": "Point",
    "coordinates": [
     132.3190442,
     34.293106
    ]
   },
   "properties": {
    "id": "TH-n2367296947",
    "kind": "trailhead",
    "name": "渡辺旅館",
    "datum": "WGS84",
    "mountainIds": "696",
    "mountainNames": "弥山",
    "lists": "中国百名山",
    "routes": "OSM登山道「弥山登山道 大聖院ルート」",
    "entryType": "施設（山小屋・宿・キャンプ場）からの入口",
    "trailKmToSummit": "弥山:1.85km",
    "related": "BS-n12089958281(427m) BS-n5078224246(626m)",
    "attributes": "OSM登山ルート: 宮島の自然満喫コース",
    "status": "provisional",
    "accuracyM": 15,
    "needsReview": "近くの道路にゲートあり（車両通行止め・季節閉鎖の可能性）、公式情報または2情報源での確認が必要",
    "sources": "OpenStreetMap（© OpenStreetMap contributors, ODbL 1.0）Geofabrik japan-latest.osm.pbf 2026-09-23T20:22:04Z node/2367296947",
    "verifiedAt": ""
   }
  },
  {
   "type": "Feature",
   "geometry": {
    "type": "Point",
    "coordinates": [
     132.527918,
     34.3910116
    ]
   },
   "properties": {
    "id": "TH-n272201802",
    "kind": "trailhead",
    "name": "甲越峠",
    "datum": "WGS84",
    "mountainIds": "674",
    "mountainNames": "呉娑々宇山",
    "lists": "中国百名山",
    "routes": "",
    "entryType": "峠（道路との接続）",
    "trailKmToSummit": "呉娑々宇山:5.06km",
    "related": "BS-kP11-22-34-bs6420(477m) BS-kP11-22-34-bs6420(477m) BS-kP11-22-34-bs6392(477m)",
    "attributes": "",
    "status": "adopted",
    "accuracyM": 30,
    "needsReview": "登山道が道路を横断する地点（途中の入口の可能性）",
    "sources": "OpenStreetMap（© OpenStreetMap contributors, ODbL 1.0）Geofabrik japan-latest.osm.pbf 2026-09-23T20:22:04Z node/272201802（登山道と道路の接続点） ｜ 国土地理院 地名検索「甲越峠」（34.391107, 132.527978、JGD2011、12m差）2026-09-20確認",
    "verifiedAt": "2026-09-20"
   }
  },
  {
   "type": "Feature",
   "geometry": {
    "type": "Point",
    "coordinates": [
     131.5501077,
     34.0817046
    ]
   },
   "properties": {
    "id": "TH-n2929003397",
    "kind": "trailhead",
    "name": "（名称未確認）勝坂バス停付近",
    "datum": "WGS84",
    "mountainIds": "726",
    "mountainNames": "右田ヶ岳",
    "lists": "中国百名山",
    "routes": "",
    "entryType": "一般道（県道以上）との接続",
    "trailKmToSummit": "右田ヶ岳:0.88km",
    "related": "BS-kP11-22-35-bs2398(65m) BS-kP11-22-35-bs2398(65m) BS-kP11-22-35-bs2348(641m)",
    "attributes": "",
    "status": "provisional",
    "accuracyM": 30,
    "needsReview": "名称未確認、公式情報または2情報源での確認が必要",
    "sources": "OpenStreetMap（© OpenStreetMap contributors, ODbL 1.0）Geofabrik japan-latest.osm.pbf 2026-09-23T20:22:04Z node/2929003397（登山道と道路の接続点）",
    "verifiedAt": ""
   }
  },
  {
   "type": "Feature",
   "geometry": {
    "type": "Point",
    "coordinates": [
     131.5370845,
     34.1103894
    ]
   },
   "properties": {
    "id": "TH-n3906260323",
    "kind": "trailhead",
    "name": "（名称未確認）上鯖山バス停付近",
    "datum": "WGS84",
    "mountainIds": "726",
    "mountainNames": "右田ヶ岳",
    "lists": "中国百名山",
    "routes": "",
    "entryType": "一般道との接続",
    "trailKmToSummit": "右田ヶ岳:5.34km",
    "related": "BS-kP11-22-35-bs2101(148m) BS-kP11-22-35-bs2101(148m) BS-kP11-22-35-bs2049(805m)",
    "attributes": "",
    "status": "provisional",
    "accuracyM": 30,
    "needsReview": "名称未確認、公式情報または2情報源での確認が必要",
    "sources": "OpenStreetMap（© OpenStreetMap contributors, ODbL 1.0）Geofabrik japan-latest.osm.pbf 2026-09-23T20:22:04Z node/3906260323（登山道と道路の接続点）",
    "verifiedAt": ""
   }
  },
  {
   "type": "Feature",
   "geometry": {
    "type": "Point",
    "coordinates": [
     134.2775529,
     35.2710412
    ]
   },
   "properties": {
    "id": "TH-n3915626331",
    "kind": "trailhead",
    "name": "（名称未確認）西野バス停付近",
    "datum": "WGS84",
    "mountainIds": "502",
    "mountainNames": "三角山",
    "lists": "中国百名山",
    "routes": "",
    "entryType": "一般道との接続",
    "trailKmToSummit": "三角山:13.52km",
    "related": "BS-kP11-22-31-bs2274(145m) BS-kP11-22-31-bs2273(318m) BS-kP11-22-31-bs2283(381m)",
    "attributes": "",
    "status": "provisional",
    "accuracyM": 30,
    "needsReview": "名称未確認、公式情報または2情報源での確認が必要",
    "sources": "OpenStreetMap（© OpenStreetMap contributors, ODbL 1.0）Geofabrik japan-latest.osm.pbf 2026-09-23T20:22:04Z node/3915626331（登山道と道路の接続点）",
    "verifiedAt": ""
   }
  },
  {
   "type": "Feature",
   "geometry": {
    "type": "Point",
    "coordinates": [
     130.9422141,
     34.0450943
    ]
   },
   "properties": {
    "id": "TH-n3924757199",
    "kind": "trailhead",
    "name": "（名称未確認）",
    "datum": "WGS84",
    "mountainIds": "728",
    "mountainNames": "竜王山",
    "lists": "中国百名山",
    "routes": "",
    "entryType": "道路の終点付近",
    "trailKmToSummit": "竜王山:3.14km",
    "related": "PK-w389323911(51m)",
    "attributes": "",
    "status": "provisional",
    "accuracyM": 30,
    "needsReview": "名称未確認、公式情報または2情報源での確認が必要",
    "sources": "OpenStreetMap（© OpenStreetMap contributors, ODbL 1.0）Geofabrik japan-latest.osm.pbf 2026-09-23T20:22:04Z node/3924757199（登山道と道路の接続点）",
    "verifiedAt": ""
   }
  },
  {
   "type": "Feature",
   "geometry": {
    "type": "Point",
    "coordinates": [
     132.4753516,
     34.2509349
    ]
   },
   "properties": {
    "id": "TH-n3938915294",
    "kind": "trailhead",
    "name": "（名称未確認）奥小路バス停付近",
    "datum": "WGS84",
    "mountainIds": "699",
    "mountainNames": "古鷹山",
    "lists": "中国百名山",
    "routes": "",
    "entryType": "一般道との接続",
    "trailKmToSummit": "古鷹山:1.64km",
    "related": "BS-kP11-22-34-bs8306(113m) BS-kP11-22-34-bs8327(239m) BS-kP11-22-34-bs8327(239m)",
    "attributes": "",
    "status": "provisional",
    "accuracyM": 30,
    "needsReview": "名称未確認、近くの道路にゲートあり（車両通行止め・季節閉鎖の可能性）、公式情報または2情報源での確認が必要",
    "sources": "OpenStreetMap（© OpenStreetMap contributors, ODbL 1.0）Geofabrik japan-latest.osm.pbf 2026-09-23T20:22:04Z node/3938915294（登山道と道路の接続点）",
    "verifiedAt": ""
   }
  },
  {
   "type": "Feature",
   "geometry": {
    "type": "Point",
    "coordinates": [
     134.2032013,
     35.3423303
    ]
   },
   "properties": {
    "id": "TH-n3948287831",
    "kind": "trailhead",
    "name": "用瀬",
    "datum": "WGS84",
    "mountainIds": "502",
    "mountainNames": "三角山",
    "lists": "中国百名山",
    "routes": "OSM登山道「用瀬7-1号線」",
    "entryType": "駐車場・バス停（林道・車道を経由して登山道へ）",
    "trailKmToSummit": "三角山:1.59km",
    "related": "PK-w1021141011(59m) PK-w493371606(179m) PK-w493370635(318m) BS-kP11-22-31-bs2102(25m) BS-n3948287832(178m) BS-n9418177436(215m)",
    "attributes": "",
    "status": "provisional",
    "accuracyM": 15,
    "needsReview": "林道からの入口（マイカー進入可否を要確認）、公式情報または2情報源での確認が必要",
    "sources": "OpenStreetMap（© OpenStreetMap contributors, ODbL 1.0）Geofabrik japan-latest.osm.pbf 2026-09-23T20:22:04Z node/3948287831 ｜ OpenStreetMap（© OpenStreetMap contributors, ODbL 1.0）Geofabrik japan-latest.osm.pbf 2026-09-23T20:22:04Z node/3952054607（登山道と道路の接続点） ｜ 国土地理院 地名検索「用瀬郵便局」（35.341605, 134.204242、JGD2011、124m差）2026-09-20確認",
    "verifiedAt": "2026-09-20"
   }
  },
  {
   "type": "Feature",
   "geometry": {
    "type": "Point",
    "coordinates": [
     134.2084887,
     35.3398163
    ]
   },
   "properties": {
    "id": "TH-n3952054607",
    "kind": "trailhead",
    "name": "（名称未確認）用瀬バス停付近",
    "datum": "WGS84",
    "mountainIds": "502",
    "mountainNames": "三角山",
    "lists": "中国百名山",
    "routes": "OSM登山道「用瀬7-1号線」",
    "entryType": "一般道との接続",
    "trailKmToSummit": "三角山:1.03km",
    "related": "BS-n9418177436(539m) BS-kP11-22-31-bs2102(568m) BS-kP11-22-31-bs2093(591m)",
    "attributes": "",
    "status": "provisional",
    "accuracyM": 30,
    "needsReview": "名称未確認、公式情報または2情報源での確認が必要",
    "sources": "OpenStreetMap（© OpenStreetMap contributors, ODbL 1.0）Geofabrik japan-latest.osm.pbf 2026-09-23T20:22:04Z node/3952054607（登山道と道路の接続点） ｜ 国土地理院 地名検索「用瀬町用瀬」（35.341277, 134.208331、JGD2011、162m差）2026-09-20確認",
    "verifiedAt": "2026-09-20"
   }
  },
  {
   "type": "Feature",
   "geometry": {
    "type": "Point",
    "coordinates": [
     132.4772108,
     34.2465248
    ]
   },
   "properties": {
    "id": "TH-n3966038281",
    "kind": "trailhead",
    "name": "（名称未確認）第一術科学校前バス停付近",
    "datum": "WGS84",
    "mountainIds": "699",
    "mountainNames": "古鷹山",
    "lists": "中国百名山",
    "routes": "",
    "entryType": "一般道（県道以上）との接続",
    "trailKmToSummit": "古鷹山:1.62km",
    "related": "PK-w1443411382(137m) BS-kP11-22-34-bs8356(19m) BS-kP11-22-34-bs8356(19m) BS-kP11-22-34-bs8381(236m)",
    "attributes": "",
    "status": "provisional",
    "accuracyM": 30,
    "needsReview": "名称未確認、登山道が道路を横断する地点（途中の入口の可能性）、近くの道路にゲートあり（車両通行止め・季節閉鎖の可能性）、公式情報または2情報源での確認が必要",
    "sources": "OpenStreetMap（© OpenStreetMap contributors, ODbL 1.0）Geofabrik japan-latest.osm.pbf 2026-09-23T20:22:04Z node/3966038281（登山道と道路の接続点）",
    "verifiedAt": ""
   }
  },
  {
   "type": "Feature",
   "geometry": {
    "type": "Point",
    "coordinates": [
     134.2375259,
     35.5083092
    ]
   },
   "properties": {
    "id": "TH-n4010659933",
    "kind": "trailhead",
    "name": "（名称未確認）エコールグループ駐車場付近",
    "datum": "WGS84",
    "mountainIds": "445",
    "mountainNames": "久松山",
    "lists": "中国百名山",
    "routes": "",
    "entryType": "一般道との接続",
    "trailKmToSummit": "久松山:0.37km",
    "related": "PK-w398298247(104m) PK-w398300177(189m) PK-w595765822(298m) BS-kP11-22-31-bs340(186m) BS-kP11-22-31-bs342(195m) BS-kP11-22-31-bs379(352m)",
    "attributes": "",
    "status": "provisional",
    "accuracyM": 30,
    "needsReview": "名称未確認、近くの道路にゲートあり（車両通行止め・季節閉鎖の可能性）、公式情報または2情報源での確認が必要",
    "sources": "OpenStreetMap（© OpenStreetMap contributors, ODbL 1.0）Geofabrik japan-latest.osm.pbf 2026-09-23T20:22:04Z node/4010659933（登山道と道路の接続点）",
    "verifiedAt": ""
   }
  },
  {
   "type": "Feature",
   "geometry": {
    "type": "Point",
    "coordinates": [
     134.2378738,
     35.5145258
    ]
   },
   "properties": {
    "id": "TH-n4057395191",
    "kind": "trailhead",
    "name": "（名称未確認）前田橋バス停付近",
    "datum": "WGS84",
    "mountainIds": "445",
    "mountainNames": "久松山",
    "lists": "中国百名山",
    "routes": "",
    "entryType": "道路の終点付近",
    "trailKmToSummit": "久松山:0.66km",
    "related": "PK-w428592736(334m) PK-w398325678(423m) BS-kP11-22-31-bs216(362m) BS-kP11-22-31-bs199(396m) BS-kP11-22-31-bs222(508m)",
    "attributes": "",
    "status": "provisional",
    "accuracyM": 30,
    "needsReview": "名称未確認、近くの道路にゲートあり（車両通行止め・季節閉鎖の可能性）、林道からの入口（マイカー進入可否を要確認）、公式情報または2情報源での確認が必要",
    "sources": "OpenStreetMap（© OpenStreetMap contributors, ODbL 1.0）Geofabrik japan-latest.osm.pbf 2026-09-23T20:22:04Z node/4057395191（登山道と道路の接続点）",
    "verifiedAt": ""
   }
  },
  {
   "type": "Feature",
   "geometry": {
    "type": "Point",
    "coordinates": [
     131.788051,
     34.4656321
    ]
   },
   "properties": {
    "id": "TH-n4061335498",
    "kind": "trailhead",
    "name": "（名称未確認）",
    "datum": "WGS84",
    "mountainIds": "661",
    "mountainNames": "青野山",
    "lists": "中国百名山",
    "routes": "",
    "entryType": "一般道（県道以上）との接続",
    "trailKmToSummit": "青野山:1.8km",
    "related": "",
    "attributes": "",
    "status": "candidate",
    "accuracyM": 30,
    "needsReview": "名称未確認、公式情報または2情報源での確認が必要",
    "sources": "OpenStreetMap（© OpenStreetMap contributors, ODbL 1.0）Geofabrik japan-latest.osm.pbf 2026-09-23T20:22:04Z node/4061335498（登山道と道路の接続点）",
    "verifiedAt": ""
   }
  },
  {
   "type": "Feature",
   "geometry": {
    "type": "Point",
    "coordinates": [
     133.8248276,
     35.4295313
    ]
   },
   "properties": {
    "id": "TH-n4142568473",
    "kind": "trailhead",
    "name": "（名称未確認）市役所打吹公園入口バス停付近",
    "datum": "WGS84",
    "mountainIds": "471",
    "mountainNames": "打吹山",
    "lists": "中国百名山",
    "routes": "",
    "entryType": "一般道との接続",
    "trailKmToSummit": "打吹山:0.51km",
    "related": "PK-w453887393(148m) PK-w1180930785(190m) BS-kP11-22-31-bs1449(158m) BS-kP11-22-31-bs1450(159m) BS-kP11-22-31-bs1437(228m)",
    "attributes": "",
    "status": "provisional",
    "accuracyM": 30,
    "needsReview": "名称未確認、登山道が道路を横断する地点（途中の入口の可能性）、公式情報または2情報源での確認が必要",
    "sources": "OpenStreetMap（© OpenStreetMap contributors, ODbL 1.0）Geofabrik japan-latest.osm.pbf 2026-09-23T20:22:04Z node/4142568473（登山道と道路の接続点）",
    "verifiedAt": ""
   }
  },
  {
   "type": "Feature",
   "geometry": {
    "type": "Point",
    "coordinates": [
     132.3148198,
     34.2951389
    ]
   },
   "properties": {
    "id": "TH-n4312128696",
    "kind": "trailhead",
    "name": "ホテル",
    "datum": "WGS84",
    "mountainIds": "696",
    "mountainNames": "弥山",
    "lists": "中国百名山",
    "routes": "OSM登山道「弥山登山道 大元ルート」",
    "entryType": "施設（山小屋・宿・キャンプ場）からの入口",
    "trailKmToSummit": "弥山:2.75km",
    "related": "BS-n12089958281(32m)",
    "attributes": "OSM登山ルート: 動植物観察コース、地形・地質観察コース",
    "status": "provisional",
    "accuracyM": 15,
    "needsReview": "近くの道路にゲートあり（車両通行止め・季節閉鎖の可能性）、公式情報または2情報源での確認が必要",
    "sources": "OpenStreetMap（© OpenStreetMap contributors, ODbL 1.0）Geofabrik japan-latest.osm.pbf 2026-09-23T20:22:04Z node/4312128696",
    "verifiedAt": ""
   }
  },
  {
   "type": "Feature",
   "geometry": {
    "type": "Point",
    "coordinates": [
     131.3227201,
     34.2655778
    ]
   },
   "properties": {
    "id": "TH-n4331936737",
    "kind": "trailhead",
    "name": "山口県秋吉台 青少年自然の家",
    "datum": "WGS84",
    "mountainIds": "709",
    "mountainNames": "龍護峰",
    "lists": "中国百名山",
    "routes": "",
    "entryType": "施設（山小屋・宿・キャンプ場）からの入口",
    "trailKmToSummit": "龍護峰:7.4km",
    "related": "",
    "attributes": "",
    "status": "provisional",
    "accuracyM": 15,
    "needsReview": "公式情報または2情報源での確認が必要",
    "sources": "OpenStreetMap（© OpenStreetMap contributors, ODbL 1.0）Geofabrik japan-latest.osm.pbf 2026-09-23T20:22:04Z node/4331936737",
    "verifiedAt": ""
   }
  },
  {
   "type": "Feature",
   "geometry": {
    "type": "Point",
    "coordinates": [
     132.0390204,
     33.9878585
    ]
   },
   "properties": {
    "id": "TH-n4360881489",
    "kind": "trailhead",
    "name": "石城山キャンプ場",
    "datum": "WGS84",
    "mountainIds": "734",
    "mountainNames": "石城山",
    "lists": "中国百名山",
    "routes": "",
    "entryType": "施設（山小屋・宿・キャンプ場）からの入口",
    "trailKmToSummit": "石城山:0.46km",
    "related": "BS-kP11-22-35-bs3550(944m)",
    "attributes": "",
    "status": "provisional",
    "accuracyM": 15,
    "needsReview": "公式情報または2情報源での確認が必要",
    "sources": "OpenStreetMap（© OpenStreetMap contributors, ODbL 1.0）Geofabrik japan-latest.osm.pbf 2026-09-23T20:22:04Z node/4360881489",
    "verifiedAt": ""
   }
  },
  {
   "type": "Feature",
   "geometry": {
    "type": "Point",
    "coordinates": [
     134.2259891,
     35.2756657
    ]
   },
   "properties": {
    "id": "TH-n4408968860",
    "kind": "trailhead",
    "name": "（名称未確認）ゴダイドラッグ駐車場付近",
    "datum": "WGS84",
    "mountainIds": "502",
    "mountainNames": "三角山",
    "lists": "中国百名山",
    "routes": "",
    "entryType": "一般道（県道以上）との接続",
    "trailKmToSummit": "三角山:10.78km",
    "related": "PK-w387607701(162m) PK-w387694388(264m) PK-w454603872(266m) BS-kP11-22-31-bs2268(249m) BS-kP11-22-31-bs2268(249m) BS-kP11-22-31-bs2261(571m)",
    "attributes": "",
    "status": "provisional",
    "accuracyM": 30,
    "needsReview": "名称未確認、登山道が道路を横断する地点（途中の入口の可能性）、近くの道路にゲートあり（車両通行止め・季節閉鎖の可能性）、公式情報または2情報源での確認が必要",
    "sources": "OpenStreetMap（© OpenStreetMap contributors, ODbL 1.0）Geofabrik japan-latest.osm.pbf 2026-09-23T20:22:04Z node/4408968860（登山道と道路の接続点）",
    "verifiedAt": ""
   }
  },
  {
   "type": "Feature",
   "geometry": {
    "type": "Point",
    "coordinates": [
     133.8489029,
     35.4483034
    ]
   },
   "properties": {
    "id": "TH-n4477921591",
    "kind": "trailhead",
    "name": "倉吉シティホテル",
    "datum": "WGS84",
    "mountainIds": "471",
    "mountainNames": "打吹山",
    "lists": "中国百名山",
    "routes": "OSM登山道「倉吉線跡」",
    "entryType": "施設（山小屋・宿・キャンプ場）からの入口",
    "trailKmToSummit": "打吹山:4.85km",
    "related": "PK-w451073830(63m) PK-w451076487(64m) PK-w451073249(81m) BS-kP11-22-31-bs1200(96m) BS-kP11-22-31-bs1201(96m) BS-kP11-22-31-bs1162(335m)",
    "attributes": "",
    "status": "provisional",
    "accuracyM": 15,
    "needsReview": "近くの道路にゲートあり（車両通行止め・季節閉鎖の可能性）、公式情報または2情報源での確認が必要",
    "sources": "OpenStreetMap（© OpenStreetMap contributors, ODbL 1.0）Geofabrik japan-latest.osm.pbf 2026-09-23T20:22:04Z node/4477921591",
    "verifiedAt": ""
   }
  },
  {
   "type": "Feature",
   "geometry": {
    "type": "Point",
    "coordinates": [
     132.131516,
     34.5954244
    ]
   },
   "properties": {
    "id": "TH-n4486081867",
    "kind": "trailhead",
    "name": "ブナ坂第3ペアリフト",
    "datum": "WGS84",
    "mountainIds": "641",
    "mountainNames": "恐羅漢山",
    "lists": "中国百名山",
    "routes": "",
    "entryType": "索道駅（ロープウェイ・ゴンドラ）",
    "trailKmToSummit": "恐羅漢山:0.34km",
    "related": "",
    "attributes": "",
    "status": "provisional",
    "accuracyM": 15,
    "needsReview": "公式情報または2情報源での確認が必要",
    "sources": "OpenStreetMap（© OpenStreetMap contributors, ODbL 1.0）Geofabrik japan-latest.osm.pbf 2026-09-23T20:22:04Z node/4486081867",
    "verifiedAt": ""
   }
  },
  {
   "type": "Feature",
   "geometry": {
    "type": "Point",
    "coordinates": [
     132.1366914,
     34.59843
    ]
   },
   "properties": {
    "id": "TH-n4486082044",
    "kind": "trailhead",
    "name": "立山第2ペアリフト",
    "datum": "WGS84",
    "mountainIds": "641",
    "mountainNames": "恐羅漢山",
    "lists": "中国百名山",
    "routes": "",
    "entryType": "索道駅（ロープウェイ・ゴンドラ）",
    "trailKmToSummit": "恐羅漢山:0.81km",
    "related": "",
    "attributes": "",
    "status": "provisional",
    "accuracyM": 15,
    "needsReview": "公式情報または2情報源での確認が必要",
    "sources": "OpenStreetMap（© OpenStreetMap contributors, ODbL 1.0）Geofabrik japan-latest.osm.pbf 2026-09-23T20:22:04Z node/4486082044",
    "verifiedAt": ""
   }
  },
  {
   "type": "Feature",
   "geometry": {
    "type": "Point",
    "coordinates": [
     132.1402211,
     34.5985768
    ]
   },
   "properties": {
    "id": "TH-n4486082049",
    "kind": "trailhead",
    "name": "立山第1Aペアリフト",
    "datum": "WGS84",
    "mountainIds": "641",
    "mountainNames": "恐羅漢山",
    "lists": "中国百名山",
    "routes": "",
    "entryType": "索道駅（ロープウェイ・ゴンドラ）",
    "trailKmToSummit": "恐羅漢山:1.2km",
    "related": "",
    "attributes": "",
    "status": "provisional",
    "accuracyM": 15,
    "needsReview": "公式情報または2情報源での確認が必要",
    "sources": "OpenStreetMap（© OpenStreetMap contributors, ODbL 1.0）Geofabrik japan-latest.osm.pbf 2026-09-23T20:22:04Z node/4486082049",
    "verifiedAt": ""
   }
  },
  {
   "type": "Feature",
   "geometry": {
    "type": "Point",
    "coordinates": [
     132.1340427,
     34.5994881
    ]
   },
   "properties": {
    "id": "TH-n4486082083",
    "kind": "trailhead",
    "name": "かやばたAペアリフト",
    "datum": "WGS84",
    "mountainIds": "641",
    "mountainNames": "恐羅漢山",
    "lists": "中国百名山",
    "routes": "",
    "entryType": "索道駅（ロープウェイ・ゴンドラ）",
    "trailKmToSummit": "恐羅漢山:0.64km",
    "related": "",
    "attributes": "",
    "status": "provisional",
    "accuracyM": 15,
    "needsReview": "公式情報または2情報源での確認が必要",
    "sources": "OpenStreetMap（© OpenStreetMap contributors, ODbL 1.0）Geofabrik japan-latest.osm.pbf 2026-09-23T20:22:04Z node/4486082083",
    "verifiedAt": ""
   }
  },
  {
   "type": "Feature",
   "geometry": {
    "type": "Point",
    "coordinates": [
     132.138125,
     34.6005081
    ]
   },
   "properties": {
    "id": "TH-n4486082104",
    "kind": "trailhead",
    "name": "中間停留所",
    "datum": "WGS84",
    "mountainIds": "641",
    "mountainNames": "恐羅漢山",
    "lists": "中国百名山",
    "routes": "",
    "entryType": "索道駅（ロープウェイ・ゴンドラ）",
    "trailKmToSummit": "恐羅漢山:1.08km",
    "related": "",
    "attributes": "",
    "status": "provisional",
    "accuracyM": 15,
    "needsReview": "公式情報または2情報源での確認が必要",
    "sources": "OpenStreetMap（© OpenStreetMap contributors, ODbL 1.0）Geofabrik japan-latest.osm.pbf 2026-09-23T20:22:04Z node/4486082104",
    "verifiedAt": ""
   }
  },
  {
   "type": "Feature",
   "geometry": {
    "type": "Point",
    "coordinates": [
     132.1419016,
     34.6013691
    ]
   },
   "properties": {
    "id": "TH-n4486082116",
    "kind": "trailhead",
    "name": "かやばたAペアリフト",
    "datum": "WGS84",
    "mountainIds": "641",
    "mountainNames": "恐羅漢山",
    "lists": "中国百名山",
    "routes": "",
    "entryType": "索道駅（ロープウェイ・ゴンドラ）",
    "trailKmToSummit": "恐羅漢山:1.41km",
    "related": "",
    "attributes": "",
    "status": "provisional",
    "accuracyM": 15,
    "needsReview": "公式情報または2情報源での確認が必要",
    "sources": "OpenStreetMap（© OpenStreetMap contributors, ODbL 1.0）Geofabrik japan-latest.osm.pbf 2026-09-23T20:22:04Z node/4486082116",
    "verifiedAt": ""
   }
  },
  {
   "type": "Feature",
   "geometry": {
    "type": "Point",
    "coordinates": [
     132.370981,
     34.8013762
    ]
   },
   "properties": {
    "id": "TH-n4486741552",
    "kind": "trailhead",
    "name": "（名称未確認）",
    "datum": "WGS84",
    "mountainIds": "626",
    "mountainNames": "阿佐山",
    "lists": "中国百名山",
    "routes": "",
    "entryType": "索道駅（ロープウェイ・ゴンドラ）",
    "trailKmToSummit": "阿佐山:2.38km",
    "related": "",
    "attributes": "",
    "status": "provisional",
    "accuracyM": 15,
    "needsReview": "名称未確認、公式情報または2情報源での確認が必要",
    "sources": "OpenStreetMap（© OpenStreetMap contributors, ODbL 1.0）Geofabrik japan-latest.osm.pbf 2026-09-23T20:22:04Z node/4486741552",
    "verifiedAt": ""
   }
  },
  {
   "type": "Feature",
   "geometry": {
    "type": "Point",
    "coordinates": [
     132.3832172,
     34.7947944
    ]
   },
   "properties": {
    "id": "TH-n4486910332",
    "kind": "trailhead",
    "name": "（名称未確認）",
    "datum": "WGS84",
    "mountainIds": "626",
    "mountainNames": "阿佐山",
    "lists": "中国百名山",
    "routes": "",
    "entryType": "索道駅（ロープウェイ・ゴンドラ）",
    "trailKmToSummit": "阿佐山:1.03km",
    "related": "",
    "attributes": "",
    "status": "provisional",
    "accuracyM": 15,
    "needsReview": "名称未確認、公式情報または2情報源での確認が必要",
    "sources": "OpenStreetMap（© OpenStreetMap contributors, ODbL 1.0）Geofabrik japan-latest.osm.pbf 2026-09-23T20:22:04Z node/4486910332",
    "verifiedAt": ""
   }
  },
  {
   "type": "Feature",
   "geometry": {
    "type": "Point",
    "coordinates": [
     132.7680225,
     35.0539382
    ]
   },
   "properties": {
    "id": "TH-n4486958100",
    "kind": "trailhead",
    "name": "（名称未確認）",
    "datum": "WGS84",
    "mountainIds": "599",
    "mountainNames": "琴引山",
    "lists": "中国百名山",
    "routes": "",
    "entryType": "索道駅（ロープウェイ・ゴンドラ）",
    "trailKmToSummit": "琴引山:1.64km",
    "related": "PK-w541814244(201m) PK-w541814245(330m) PK-w541814246(409m)",
    "attributes": "",
    "status": "provisional",
    "accuracyM": 15,
    "needsReview": "名称未確認、公式情報または2情報源での確認が必要",
    "sources": "OpenStreetMap（© OpenStreetMap contributors, ODbL 1.0）Geofabrik japan-latest.osm.pbf 2026-09-23T20:22:04Z node/4486958100",
    "verifiedAt": ""
   }
  },
  {
   "type": "Feature",
   "geometry": {
    "type": "Point",
    "coordinates": [
     132.7718423,
     35.0536311
    ]
   },
   "properties": {
    "id": "TH-n4486958101",
    "kind": "trailhead",
    "name": "（名称未確認）",
    "datum": "WGS84",
    "mountainIds": "599",
    "mountainNames": "琴引山",
    "lists": "中国百名山",
    "routes": "",
    "entryType": "索道駅（ロープウェイ・ゴンドラ）",
    "trailKmToSummit": "琴引山:1.19km",
    "related": "PK-w541814244(442m)",
    "attributes": "",
    "status": "provisional",
    "accuracyM": 15,
    "needsReview": "名称未確認、公式情報または2情報源での確認が必要",
    "sources": "OpenStreetMap（© OpenStreetMap contributors, ODbL 1.0）Geofabrik japan-latest.osm.pbf 2026-09-23T20:22:04Z node/4486958101",
    "verifiedAt": ""
   }
  },
  {
   "type": "Feature",
   "geometry": {
    "type": "Point",
    "coordinates": [
     132.7751053,
     35.0508274
    ]
   },
   "properties": {
    "id": "TH-n4486958103",
    "kind": "trailhead",
    "name": "（名称未確認）",
    "datum": "WGS84",
    "mountainIds": "599",
    "mountainNames": "琴引山",
    "lists": "中国百名山",
    "routes": "",
    "entryType": "索道駅（ロープウェイ・ゴンドラ）",
    "trailKmToSummit": "琴引山:0.75km",
    "related": "",
    "attributes": "",
    "status": "provisional",
    "accuracyM": 15,
    "needsReview": "名称未確認、公式情報または2情報源での確認が必要",
    "sources": "OpenStreetMap（© OpenStreetMap contributors, ODbL 1.0）Geofabrik japan-latest.osm.pbf 2026-09-23T20:22:04Z node/4486958103",
    "verifiedAt": ""
   }
  },
  {
   "type": "Feature",
   "geometry": {
    "type": "Point",
    "coordinates": [
     133.2130848,
     35.0669911
    ]
   },
   "properties": {
    "id": "TH-n4487193098",
    "kind": "trailhead",
    "name": "月見ヶ丘駐車場（道後山登山口）",
    "datum": "WGS84",
    "mountainIds": "605",
    "mountainNames": "道後山",
    "lists": "日本三百名山|中国百名山",
    "routes": "",
    "entryType": "索道駅（ロープウェイ・ゴンドラ）",
    "trailKmToSummit": "道後山:2.19km",
    "related": "",
    "attributes": "parking=駐車場あり（庄原市）",
    "status": "adopted",
    "accuracyM": 15,
    "needsReview": "公式情報の登山口と、地理院地図で徒歩道が道路から始まる位置（75m差）が一致",
    "sources": "OpenStreetMap（© OpenStreetMap contributors, ODbL 1.0）Geofabrik japan-latest.osm.pbf 2026-09-23T20:22:04Z node/4487193098 ｜ 公式情報: https://www.shobara-info.com/1102 ｜ 国土地理院ベクトルタイル提供実験 地理院地図の徒歩道の起点（35.066818, 133.213885、JGD2011、75m差）2026-09-21確認",
    "verifiedAt": "2026-09-20"
   }
  },
  {
   "type": "Feature",
   "geometry": {
    "type": "Point",
    "coordinates": [
     133.5422497,
     35.390275
    ]
   },
   "properties": {
    "id": "TH-n4487687089",
    "kind": "trailhead",
    "name": "（名称未確認）",
    "datum": "WGS84",
    "mountainIds": "469 484 488 490",
    "mountainNames": "船上山、甲ヶ山、矢筈ヶ山、大山",
    "lists": "中国百名山|日本百名山|日本二百名山|日本三百名山",
    "routes": "OSM登山道「大山登山道ユートピアコース」",
    "entryType": "索道駅（ロープウェイ・ゴンドラ）",
    "trailKmToSummit": "船上山:12.16km 甲ヶ山:7.0km 矢筈ヶ山:6.12km 大山:4.41km",
    "related": "",
    "attributes": "",
    "status": "provisional",
    "accuracyM": 15,
    "needsReview": "名称未確認、公式情報または2情報源での確認が必要",
    "sources": "OpenStreetMap（© OpenStreetMap contributors, ODbL 1.0）Geofabrik japan-latest.osm.pbf 2026-09-23T20:22:04Z node/4487687089",
    "verifiedAt": ""
   }
  },
  {
   "type": "Feature",
   "geometry": {
    "type": "Point",
    "coordinates": [
     133.5374201,
     35.3942728
    ]
   },
   "properties": {
    "id": "TH-n4487687091",
    "kind": "trailhead",
    "name": "山の宿 中の原ぎんれい",
    "datum": "WGS84",
    "mountainIds": "469 484 488 490",
    "mountainNames": "船上山、甲ヶ山、矢筈ヶ山、大山",
    "lists": "中国百名山|日本百名山|日本二百名山|日本三百名山",
    "routes": "OSM登山道「大山登山道ユートピアコース」",
    "entryType": "索道駅（ロープウェイ・ゴンドラ）",
    "trailKmToSummit": "船上山:12.63km 甲ヶ山:7.47km 矢筈ヶ山:6.59km 大山:4.4km",
    "related": "BS-kP11-22-31-bs1818(739m)",
    "attributes": "",
    "status": "provisional",
    "accuracyM": 15,
    "needsReview": "名称未確認、公式情報または2情報源での確認が必要",
    "sources": "OpenStreetMap（© OpenStreetMap contributors, ODbL 1.0）Geofabrik japan-latest.osm.pbf 2026-09-23T20:22:04Z node/4487687091",
    "verifiedAt": ""
   }
  },
  {
   "type": "Feature",
   "geometry": {
    "type": "Point",
    "coordinates": [
     134.2433054,
     35.5105908
    ]
   },
   "properties": {
    "id": "TH-n4579739116",
    "kind": "trailhead",
    "name": "（名称未確認）吉川公園前バス停付近",
    "datum": "WGS84",
    "mountainIds": "445",
    "mountainNames": "久松山",
    "lists": "中国百名山",
    "routes": "",
    "entryType": "道路の終点付近",
    "trailKmToSummit": "久松山:0.23km",
    "related": "BS-kP11-22-31-bs227(507m) BS-kP11-22-31-bs222(542m) BS-kP11-22-31-bs216(658m)",
    "attributes": "",
    "status": "provisional",
    "accuracyM": 30,
    "needsReview": "名称未確認、近くの道路にゲートあり（車両通行止め・季節閉鎖の可能性）、林道からの入口（マイカー進入可否を要確認）、公式情報または2情報源での確認が必要",
    "sources": "OpenStreetMap（© OpenStreetMap contributors, ODbL 1.0）Geofabrik japan-latest.osm.pbf 2026-09-23T20:22:04Z node/4579739116（登山道と道路の接続点）",
    "verifiedAt": ""
   }
  },
  {
   "type": "Feature",
   "geometry": {
    "type": "Point",
    "coordinates": [
     134.4409236,
     35.4296206
    ]
   },
   "properties": {
    "id": "TH-n4585230573",
    "kind": "trailhead",
    "name": "（名称未確認）",
    "datum": "WGS84",
    "mountainIds": "466",
    "mountainNames": "扇ノ山",
    "lists": "日本三百名山|関西百名山|中国百名山",
    "routes": "",
    "entryType": "一般道との接続",
    "trailKmToSummit": "扇ノ山:1.86km",
    "related": "",
    "attributes": "",
    "status": "candidate",
    "accuracyM": 30,
    "needsReview": "名称未確認、公式情報または2情報源での確認が必要",
    "sources": "OpenStreetMap（© OpenStreetMap contributors, ODbL 1.0）Geofabrik japan-latest.osm.pbf 2026-09-23T20:22:04Z node/4585230573（登山道と道路の接続点）",
    "verifiedAt": ""
   }
  },
  {
   "type": "Feature",
   "geometry": {
    "type": "Point",
    "coordinates": [
     133.7174649,
     35.1474021
    ]
   },
   "properties": {
    "id": "TH-n4713241149",
    "kind": "trailhead",
    "name": "（名称未確認）",
    "datum": "WGS84",
    "mountainIds": "565",
    "mountainNames": "櫃ヶ山",
    "lists": "中国百名山",
    "routes": "",
    "entryType": "一般道（県道以上）との接続",
    "trailKmToSummit": "櫃ヶ山:3.15km",
    "related": "",
    "attributes": "",
    "status": "candidate",
    "accuracyM": 30,
    "needsReview": "名称未確認、公式情報または2情報源での確認が必要",
    "sources": "OpenStreetMap（© OpenStreetMap contributors, ODbL 1.0）Geofabrik japan-latest.osm.pbf 2026-09-23T20:22:04Z node/4713241149（登山道と道路の接続点）",
    "verifiedAt": ""
   }
  },
  {
   "type": "Feature",
   "geometry": {
    "type": "Point",
    "coordinates": [
     134.1238813,
     34.7560736
    ]
   },
   "properties": {
    "id": "TH-n4787504891",
    "kind": "trailhead",
    "name": "（名称未確認）",
    "datum": "WGS84",
    "mountainIds": "630",
    "mountainNames": "熊山",
    "lists": "中国百名山",
    "routes": "",
    "entryType": "一般道との接続",
    "trailKmToSummit": "熊山:0.23km",
    "related": "PK-w1480024941(16m)",
    "attributes": "",
    "status": "provisional",
    "accuracyM": 30,
    "needsReview": "名称未確認、公式情報または2情報源での確認が必要",
    "sources": "OpenStreetMap（© OpenStreetMap contributors, ODbL 1.0）Geofabrik japan-latest.osm.pbf 2026-09-23T20:22:04Z node/4787504891（登山道と道路の接続点）",
    "verifiedAt": ""
   }
  },
  {
   "type": "Feature",
   "geometry": {
    "type": "Point",
    "coordinates": [
     132.3218172,
     34.2952261
    ]
   },
   "properties": {
    "id": "TH-n4810662540",
    "kind": "trailhead",
    "name": "岩惣",
    "datum": "WGS84",
    "mountainIds": "696",
    "mountainNames": "弥山",
    "lists": "中国百名山",
    "routes": "",
    "entryType": "施設（山小屋・宿・キャンプ場）からの入口",
    "trailKmToSummit": "弥山:2.19km",
    "related": "PK-w519764394(376m) BS-n5078224246(399m) BS-n12089958281(612m)",
    "attributes": "OSM登山ルート: 歴史文化体験コース",
    "status": "provisional",
    "accuracyM": 15,
    "needsReview": "近くの道路にゲートあり（車両通行止め・季節閉鎖の可能性）、公式情報または2情報源での確認が必要",
    "sources": "OpenStreetMap（© OpenStreetMap contributors, ODbL 1.0）Geofabrik japan-latest.osm.pbf 2026-09-23T20:22:04Z node/4810662540 ｜ 国土地理院 地名検索「紅葉谷公園」（34.294770, 132.322667、JGD2011、93m差）2026-09-20確認",
    "verifiedAt": "2026-09-20"
   }
  },
  {
   "type": "Feature",
   "geometry": {
    "type": "Point",
    "coordinates": [
     132.3267776,
     34.2932285
    ]
   },
   "properties": {
    "id": "TH-n512124574",
    "kind": "trailhead",
    "name": "紅葉谷",
    "datum": "WGS84",
    "mountainIds": "696",
    "mountainNames": "弥山",
    "lists": "中国百名山",
    "routes": "OSM登山道「包ヶ浦自然歩道」、OSM登山道「弥山登山道 紅葉谷ルート」",
    "entryType": "索道駅（ロープウェイ・ゴンドラ）",
    "trailKmToSummit": "弥山:1.79km",
    "related": "BS-n5078224246(109m)",
    "attributes": "OSM登山ルート: 動植物観察コース、地形・地質観察コース、宮島の自然満喫コース、弥山登山道 紅葉谷ルート、歴史文化体験コース",
    "status": "provisional",
    "accuracyM": 15,
    "needsReview": "近くの道路にゲートあり（車両通行止め・季節閉鎖の可能性）、公式情報または2情報源での確認が必要",
    "sources": "OpenStreetMap（© OpenStreetMap contributors, ODbL 1.0）Geofabrik japan-latest.osm.pbf 2026-09-23T20:22:04Z node/512124574 ｜ 国土地理院 地名検索「紅葉谷駅」（34.293284, 132.326886、JGD2011、12m差）2026-09-20確認",
    "verifiedAt": "2026-09-20"
   }
  },
  {
   "type": "Feature",
   "geometry": {
    "type": "Point",
    "coordinates": [
     132.3282698,
     34.283472
    ]
   },
   "properties": {
    "id": "TH-n512139526",
    "kind": "trailhead",
    "name": "榧谷",
    "datum": "WGS84",
    "mountainIds": "696",
    "mountainNames": "弥山",
    "lists": "中国百名山",
    "routes": "",
    "entryType": "索道駅（ロープウェイ・ゴンドラ）",
    "trailKmToSummit": "弥山:1.12km",
    "related": "",
    "attributes": "",
    "status": "provisional",
    "accuracyM": 15,
    "needsReview": "近くの道路にゲートあり（車両通行止め・季節閉鎖の可能性）、公式情報または2情報源での確認が必要",
    "sources": "OpenStreetMap（© OpenStreetMap contributors, ODbL 1.0）Geofabrik japan-latest.osm.pbf 2026-09-23T20:22:04Z node/512139526 ｜ 国土地理院 地名検索「榧谷駅」（34.283679, 132.328434、JGD2011、27m差）2026-09-20確認",
    "verifiedAt": "2026-09-20"
   }
  },
  {
   "type": "Feature",
   "geometry": {
    "type": "Point",
    "coordinates": [
     132.3251865,
     34.2795786
    ]
   },
   "properties": {
    "id": "TH-n512139532",
    "kind": "trailhead",
    "name": "獅子岩",
    "datum": "WGS84",
    "mountainIds": "696",
    "mountainNames": "弥山",
    "lists": "中国百名山",
    "routes": "",
    "entryType": "索道駅（ロープウェイ・ゴンドラ）",
    "trailKmToSummit": "弥山:0.51km",
    "related": "",
    "attributes": "OSM登山ルート: 宮島の自然満喫コース",
    "status": "provisional",
    "accuracyM": 15,
    "needsReview": "近くの道路にゲートあり（車両通行止め・季節閉鎖の可能性）、公式情報または2情報源での確認が必要",
    "sources": "OpenStreetMap（© OpenStreetMap contributors, ODbL 1.0）Geofabrik japan-latest.osm.pbf 2026-09-23T20:22:04Z node/512139532 ｜ 国土地理院 地名検索「獅子岩駅」（34.279392, 132.325180、JGD2011、21m差）2026-09-20確認",
    "verifiedAt": "2026-09-20"
   }
  },
  {
   "type": "Feature",
   "geometry": {
    "type": "Point",
    "coordinates": [
     131.5605859,
     34.0777474
    ]
   },
   "properties": {
    "id": "TH-n5327285195",
    "kind": "trailhead",
    "name": "（名称未確認）塚原バス停付近",
    "datum": "WGS84",
    "mountainIds": "726",
    "mountainNames": "右田ヶ岳",
    "lists": "中国百名山",
    "routes": "",
    "entryType": "一般道との接続",
    "trailKmToSummit": "右田ヶ岳:1.2km",
    "related": "PK-w563969753(190m) BS-kP11-22-35-bs2426(583m) BS-kP11-22-35-bs2545(945m) BS-kP11-22-35-bs2545(945m)",
    "attributes": "",
    "status": "provisional",
    "accuracyM": 30,
    "needsReview": "名称未確認、公式情報または2情報源での確認が必要",
    "sources": "OpenStreetMap（© OpenStreetMap contributors, ODbL 1.0）Geofabrik japan-latest.osm.pbf 2026-09-23T20:22:04Z node/5327285195（登山道と道路の接続点）",
    "verifiedAt": ""
   }
  },
  {
   "type": "Feature",
   "geometry": {
    "type": "Point",
    "coordinates": [
     133.0959684,
     35.4885789
    ]
   },
   "properties": {
    "id": "TH-n5527703622",
    "kind": "trailhead",
    "name": "（名称未確認）中組公民館前バス停付近",
    "datum": "WGS84",
    "mountainIds": "452",
    "mountainNames": "嵩山",
    "lists": "中国百名山",
    "routes": "",
    "entryType": "一般道との接続",
    "trailKmToSummit": "嵩山:1.33km",
    "related": "BS-kP11-22-32-bs324(114m) BS-kP11-22-32-bs310(329m) BS-kP11-22-32-bs369(547m)",
    "attributes": "",
    "status": "provisional",
    "accuracyM": 30,
    "needsReview": "名称未確認、近くの道路にゲートあり（車両通行止め・季節閉鎖の可能性）、公式情報または2情報源での確認が必要",
    "sources": "OpenStreetMap（© OpenStreetMap contributors, ODbL 1.0）Geofabrik japan-latest.osm.pbf 2026-09-23T20:22:04Z node/5527703622（登山道と道路の接続点）",
    "verifiedAt": ""
   }
  },
  {
   "type": "Feature",
   "geometry": {
    "type": "Point",
    "coordinates": [
     134.2010816,
     35.3233399
    ]
   },
   "properties": {
    "id": "TH-n5564663174",
    "kind": "trailhead",
    "name": "（名称未確認）金屋（用瀬町）バス停付近",
    "datum": "WGS84",
    "mountainIds": "502",
    "mountainNames": "三角山",
    "lists": "中国百名山",
    "routes": "",
    "entryType": "一般道との接続",
    "trailKmToSummit": "三角山:4.94km",
    "related": "BS-kP11-22-31-bs2164(406m) BS-kP11-22-31-bs2164(406m) BS-kP11-22-31-bs2150(709m)",
    "attributes": "",
    "status": "provisional",
    "accuracyM": 30,
    "needsReview": "名称未確認、公式情報または2情報源での確認が必要",
    "sources": "OpenStreetMap（© OpenStreetMap contributors, ODbL 1.0）Geofabrik japan-latest.osm.pbf 2026-09-23T20:22:04Z node/5564663174（登山道と道路の接続点）",
    "verifiedAt": ""
   }
  },
  {
   "type": "Feature",
   "geometry": {
    "type": "Point",
    "coordinates": [
     134.2103658,
     35.344164
    ]
   },
   "properties": {
    "id": "TH-n5564663349",
    "kind": "trailhead",
    "name": "（名称未確認）用瀬駅前バス停付近",
    "datum": "WGS84",
    "mountainIds": "502",
    "mountainNames": "三角山",
    "lists": "中国百名山",
    "routes": "",
    "entryType": "一般道との接続",
    "trailKmToSummit": "三角山:1.4km",
    "related": "PK-w493370635(420m) BS-kP11-22-31-bs2093(465m) BS-kP11-22-31-bs2093(465m) BS-n9418177436(500m)",
    "attributes": "",
    "status": "provisional",
    "accuracyM": 30,
    "needsReview": "名称未確認、登山道が道路を横断する地点（途中の入口の可能性）、公式情報または2情報源での確認が必要",
    "sources": "OpenStreetMap（© OpenStreetMap contributors, ODbL 1.0）Geofabrik japan-latest.osm.pbf 2026-09-23T20:22:04Z node/5564663349（登山道と道路の接続点）",
    "verifiedAt": ""
   }
  },
  {
   "type": "Feature",
   "geometry": {
    "type": "Point",
    "coordinates": [
     134.2029013,
     35.3395478
    ]
   },
   "properties": {
    "id": "TH-n5564833611",
    "kind": "trailhead",
    "name": "（名称未確認）用瀬バス停付近",
    "datum": "WGS84",
    "mountainIds": "502",
    "mountainNames": "三角山",
    "lists": "中国百名山",
    "routes": "OSM登山道「用瀬1号線」",
    "entryType": "一般道との接続",
    "trailKmToSummit": "三角山:1.93km",
    "related": "PK-w1021141011(349m) PK-w493371606(443m) BS-n3948287832(187m) BS-kP11-22-31-bs2102(295m) BS-kP11-22-31-bs2126(423m)",
    "attributes": "",
    "status": "provisional",
    "accuracyM": 30,
    "needsReview": "名称未確認、登山道が道路を横断する地点（途中の入口の可能性）、公式情報または2情報源での確認が必要",
    "sources": "OpenStreetMap（© OpenStreetMap contributors, ODbL 1.0）Geofabrik japan-latest.osm.pbf 2026-09-23T20:22:04Z node/5564833611（登山道と道路の接続点） ｜ 国土地理院 地名検索「用瀬郵便局」（35.341605, 134.204242、JGD2011、258m差）2026-09-20確認",
    "verifiedAt": "2026-09-20"
   }
  },
  {
   "type": "Feature",
   "geometry": {
    "type": "Point",
    "coordinates": [
     133.5342243,
     35.3962014
    ]
   },
   "properties": {
    "id": "TH-n5594037175",
    "kind": "trailhead",
    "name": "山の宿 中の原ぎんれい",
    "datum": "WGS84",
    "mountainIds": "469 484 488",
    "mountainNames": "船上山、甲ヶ山、矢筈ヶ山",
    "lists": "中国百名山",
    "routes": "",
    "entryType": "施設（山小屋・宿・キャンプ場）からの入口",
    "trailKmToSummit": "船上山:15.18km 甲ヶ山:10.02km 矢筈ヶ山:9.14km",
    "related": "PK-w450027436(339m) PK-w1281893372(485m) BS-kP11-22-31-bs1818(534m)",
    "attributes": "",
    "status": "provisional",
    "accuracyM": 15,
    "needsReview": "公式情報または2情報源での確認が必要",
    "sources": "OpenStreetMap（© OpenStreetMap contributors, ODbL 1.0）Geofabrik japan-latest.osm.pbf 2026-09-23T20:22:04Z node/5594037175",
    "verifiedAt": ""
   }
  },
  {
   "type": "Feature",
   "geometry": {
    "type": "Point",
    "coordinates": [
     134.1935903,
     35.1537791
    ]
   },
   "properties": {
    "id": "TH-n5870221557",
    "kind": "trailhead",
    "name": "那岐山登山口 第二駐車場",
    "datum": "WGS84",
    "mountainIds": "558",
    "mountainNames": "那岐山",
    "lists": "日本三百名山|中国百名山",
    "routes": "",
    "entryType": "登山口（OSMの登山口地物）",
    "trailKmToSummit": "那岐山:3.61km",
    "related": "PK-w621389842(164m)",
    "attributes": "",
    "status": "adopted",
    "accuracyM": 15,
    "needsReview": "林道からの入口（マイカー進入可否を要確認）",
    "sources": "OpenStreetMap（© OpenStreetMap contributors, ODbL 1.0）Geofabrik japan-latest.osm.pbf 2026-09-23T20:22:04Z node/5870221557 ｜ 国土地理院ベクトルタイル提供実験 地理院地図の徒歩道の起点（35.153983, 134.193764、JGD2011、28m差）2026-09-24確認 ｜ 公式情報: https://www.town.nagi.okayama.jp/shared/documents/nagisan.pdf ｜ 公式情報: https://www.town.nagi.okayama.jp/yamanoeki/",
    "verifiedAt": "2026-09-20"
   }
  },
  {
   "type": "Feature",
   "geometry": {
    "type": "Point",
    "coordinates": [
     134.1908316,
     35.1562677
    ]
   },
   "properties": {
    "id": "TH-n5870240901",
    "kind": "trailhead",
    "name": "那岐山登山口 第三駐車場",
    "datum": "WGS84",
    "mountainIds": "558",
    "mountainNames": "那岐山",
    "lists": "日本三百名山|中国百名山",
    "routes": "",
    "entryType": "登山口（OSMの登山口地物）",
    "trailKmToSummit": "那岐山:3.22km",
    "related": "PK-w621389842(477m)",
    "attributes": "parking=登山口に最も近い第3駐車場。繁忙時は満車になりやすい",
    "status": "adopted",
    "accuracyM": 15,
    "needsReview": "奈義町側の登山ルートはA・B・Cコースの3本。B・Cコースの登山口は那岐山麓山の駅から車で約5分（奈義町・岡山県）",
    "sources": "OpenStreetMap（© OpenStreetMap contributors, ODbL 1.0）Geofabrik japan-latest.osm.pbf 2026-09-23T20:22:04Z node/5870240901 ｜ 国土地理院ベクトルタイル提供実験 地理院地図の徒歩道の起点（35.156383, 134.190677、JGD2011、19m差）2026-09-24確認 ｜ 公式情報: https://www.town.nagi.okayama.jp/shared/documents/nagisan.pdf ｜ 公式情報: https://www.town.nagi.okayama.jp/yamanoeki/ ｜ 公式情報: https://www.okayama-kanko.jp/okatabi/1048/page",
    "verifiedAt": "2026-09-20"
   }
  },
  {
   "type": "Feature",
   "geometry": {
    "type": "Point",
    "coordinates": [
     132.1568718,
     34.3093483
    ]
   },
   "properties": {
    "id": "TH-n6207341825",
    "kind": "trailhead",
    "name": "（名称未確認）",
    "datum": "WGS84",
    "mountainIds": "691",
    "mountainNames": "三倉岳",
    "lists": "中国百名山",
    "routes": "",
    "entryType": "道路の終点付近",
    "trailKmToSummit": "三倉岳:1.33km",
    "related": "",
    "attributes": "",
    "status": "candidate",
    "accuracyM": 30,
    "needsReview": "名称未確認、公式情報または2情報源での確認が必要",
    "sources": "OpenStreetMap（© OpenStreetMap contributors, ODbL 1.0）Geofabrik japan-latest.osm.pbf 2026-09-23T20:22:04Z node/6207341825（登山道と道路の接続点）",
    "verifiedAt": ""
   }
  },
  {
   "type": "Feature",
   "geometry": {
    "type": "Point",
    "coordinates": [
     134.1862187,
     35.181634
    ]
   },
   "properties": {
    "id": "TH-n6248782008",
    "kind": "trailhead",
    "name": "（名称未確認）",
    "datum": "WGS84",
    "mountainIds": "558",
    "mountainNames": "那岐山",
    "lists": "日本三百名山|中国百名山",
    "routes": "",
    "entryType": "林道との接続",
    "trailKmToSummit": "那岐山:1.57km",
    "related": "",
    "attributes": "",
    "status": "candidate",
    "accuracyM": 30,
    "needsReview": "名称未確認、林道からの入口（マイカー進入可否を要確認）、公式情報または2情報源での確認が必要",
    "sources": "OpenStreetMap（© OpenStreetMap contributors, ODbL 1.0）Geofabrik japan-latest.osm.pbf 2026-09-23T20:22:04Z node/6248782008（登山道と道路の接続点）",
    "verifiedAt": ""
   }
  },
  {
   "type": "Feature",
   "geometry": {
    "type": "Point",
    "coordinates": [
     134.0744435,
     35.2795558
    ]
   },
   "properties": {
    "id": "TH-n6252067417",
    "kind": "trailhead",
    "name": "（名称未確認）",
    "datum": "WGS84",
    "mountainIds": "515",
    "mountainNames": "三原山",
    "lists": "中国百名山",
    "routes": "",
    "entryType": "一般道との接続",
    "trailKmToSummit": "三原山:2.77km",
    "related": "",
    "attributes": "",
    "status": "candidate",
    "accuracyM": 30,
    "needsReview": "名称未確認、公式情報または2情報源での確認が必要",
    "sources": "OpenStreetMap（© OpenStreetMap contributors, ODbL 1.0）Geofabrik japan-latest.osm.pbf 2026-09-23T20:22:04Z node/6252067417（登山道と道路の接続点）",
    "verifiedAt": ""
   }
  },
  {
   "type": "Feature",
   "geometry": {
    "type": "Point",
    "coordinates": [
     133.4713026,
     35.4399831
    ]
   },
   "properties": {
    "id": "TH-n6260004476",
    "kind": "trailhead",
    "name": "（名称未確認）",
    "datum": "WGS84",
    "mountainIds": "467",
    "mountainNames": "孝霊山",
    "lists": "中国百名山",
    "routes": "",
    "entryType": "一般道との接続",
    "trailKmToSummit": "孝霊山:0.83km",
    "related": "",
    "attributes": "",
    "status": "candidate",
    "accuracyM": 30,
    "needsReview": "名称未確認、公式情報または2情報源での確認が必要",
    "sources": "OpenStreetMap（© OpenStreetMap contributors, ODbL 1.0）Geofabrik japan-latest.osm.pbf 2026-09-23T20:22:04Z node/6260004476（登山道と道路の接続点）",
    "verifiedAt": ""
   }
  },
  {
   "type": "Feature",
   "geometry": {
    "type": "Point",
    "coordinates": [
     131.2960095,
     34.2333744
    ]
   },
   "properties": {
    "id": "TH-n6387040885",
    "kind": "trailhead",
    "name": "（名称未確認）黒谷口バス停付近",
    "datum": "WGS84",
    "mountainIds": "709",
    "mountainNames": "龍護峰",
    "lists": "中国百名山",
    "routes": "",
    "entryType": "一般道（県道以上）との接続",
    "trailKmToSummit": "龍護峰:2.57km",
    "related": "PK-n5414346174(89m) PK-w705893583(109m) PK-w705895130(269m) BS-kP11-22-35-bs933(304m) BS-kP11-22-35-bs926(930m) BS-kP11-22-35-bs927(930m)",
    "attributes": "",
    "status": "provisional",
    "accuracyM": 30,
    "needsReview": "名称未確認、公式情報または2情報源での確認が必要",
    "sources": "OpenStreetMap（© OpenStreetMap contributors, ODbL 1.0）Geofabrik japan-latest.osm.pbf 2026-09-23T20:22:04Z node/6387040885（登山道と道路の接続点）",
    "verifiedAt": ""
   }
  },
  {
   "type": "Feature",
   "geometry": {
    "type": "Point",
    "coordinates": [
     133.6790819,
     35.3011395
    ]
   },
   "properties": {
    "id": "TH-n6435593028",
    "kind": "trailhead",
    "name": "ひるぜん塩釜キャンピングヴィレッジ",
    "datum": "WGS84",
    "mountainIds": "507",
    "mountainNames": "上蒜山",
    "lists": "日本二百名山|日本三百名山|中国百名山",
    "routes": "",
    "entryType": "施設（山小屋・宿・キャンプ場）からの入口",
    "trailKmToSummit": "上蒜山:4.43km",
    "related": "PK-w686596994(92m) PK-w686596995(112m)",
    "attributes": "",
    "status": "provisional",
    "accuracyM": 15,
    "needsReview": "公式情報または2情報源での確認が必要",
    "sources": "OpenStreetMap（© OpenStreetMap contributors, ODbL 1.0）Geofabrik japan-latest.osm.pbf 2026-09-23T20:22:04Z node/6435593028",
    "verifiedAt": ""
   }
  },
  {
   "type": "Feature",
   "geometry": {
    "type": "Point",
    "coordinates": [
     133.7587135,
     34.7260035
    ]
   },
   "properties": {
    "id": "TH-n6721956938",
    "kind": "trailhead",
    "name": "（名称未確認）",
    "datum": "WGS84",
    "mountainIds": "634",
    "mountainNames": "鬼ノ城山",
    "lists": "中国百名山",
    "routes": "",
    "entryType": "一般道との接続",
    "trailKmToSummit": "鬼ノ城山:0.39km",
    "related": "PK-w360989273(47m)",
    "attributes": "",
    "status": "provisional",
    "accuracyM": 30,
    "needsReview": "名称未確認、公式情報または2情報源での確認が必要",
    "sources": "OpenStreetMap（© OpenStreetMap contributors, ODbL 1.0）Geofabrik japan-latest.osm.pbf 2026-09-23T20:22:04Z node/6721956938（登山道と道路の接続点）",
    "verifiedAt": ""
   }
  },
  {
   "type": "Feature",
   "geometry": {
    "type": "Point",
    "coordinates": [
     131.3014628,
     34.2360513
    ]
   },
   "properties": {
    "id": "TH-n6825774963",
    "kind": "trailhead",
    "name": "（名称未確認）カルスト展望台 観光バス専用駐車場付近",
    "datum": "WGS84",
    "mountainIds": "709",
    "mountainNames": "龍護峰",
    "lists": "中国百名山",
    "routes": "",
    "entryType": "一般道との接続",
    "trailKmToSummit": "龍護峰:3.06km",
    "related": "PK-w705895131(317m) PK-w705894808(320m) PK-n928289420(367m) BS-kP11-22-35-bs933(365m) BS-kP11-22-35-bs926(457m) BS-kP11-22-35-bs927(457m)",
    "attributes": "",
    "status": "provisional",
    "accuracyM": 30,
    "needsReview": "名称未確認、登山道が道路を横断する地点（途中の入口の可能性）、公式情報または2情報源での確認が必要",
    "sources": "OpenStreetMap（© OpenStreetMap contributors, ODbL 1.0）Geofabrik japan-latest.osm.pbf 2026-09-23T20:22:04Z node/6825774963（登山道と道路の接続点）",
    "verifiedAt": ""
   }
  },
  {
   "type": "Feature",
   "geometry": {
    "type": "Point",
    "coordinates": [
     131.3048219,
     34.2358649
    ]
   },
   "properties": {
    "id": "TH-n6825793893",
    "kind": "trailhead",
    "name": "（名称未確認）カルスト展望台 観光バス専用駐車場付近",
    "datum": "WGS84",
    "mountainIds": "709",
    "mountainNames": "龍護峰",
    "lists": "中国百名山",
    "routes": "",
    "entryType": "一般道との接続",
    "trailKmToSummit": "龍護峰:4.05km",
    "related": "PK-w705894808(118m) PK-n928289420(188m) PK-w705893584(192m) BS-kP11-22-35-bs926(193m) BS-kP11-22-35-bs927(193m) BS-kP11-22-35-bs933(582m)",
    "attributes": "",
    "status": "provisional",
    "accuracyM": 30,
    "needsReview": "名称未確認、公式情報または2情報源での確認が必要",
    "sources": "OpenStreetMap（© OpenStreetMap contributors, ODbL 1.0）Geofabrik japan-latest.osm.pbf 2026-09-23T20:22:04Z node/6825793893（登山道と道路の接続点）",
    "verifiedAt": ""
   }
  },
  {
   "type": "Feature",
   "geometry": {
    "type": "Point",
    "coordinates": [
     133.0255783,
     35.0629415
    ]
   },
   "properties": {
    "id": "TH-n6959949889",
    "kind": "trailhead",
    "name": "（名称未確認）",
    "datum": "WGS84",
    "mountainIds": "610",
    "mountainNames": "比婆山",
    "lists": "中国百名山",
    "routes": "",
    "entryType": "一般道との接続",
    "trailKmToSummit": "比婆山:4.12km",
    "related": "PK-w743624971(45m) PK-w743624975(321m)",
    "attributes": "",
    "status": "provisional",
    "accuracyM": 30,
    "needsReview": "名称未確認、登山道が道路を横断する地点（途中の入口の可能性）、公式情報または2情報源での確認が必要",
    "sources": "OpenStreetMap（© OpenStreetMap contributors, ODbL 1.0）Geofabrik japan-latest.osm.pbf 2026-09-23T20:22:04Z node/6959949889（登山道と道路の接続点）",
    "verifiedAt": ""
   }
  },
  {
   "type": "Feature",
   "geometry": {
    "type": "Point",
    "coordinates": [
     133.5668602,
     35.2554003
    ]
   },
   "properties": {
    "id": "TH-n716682991",
    "kind": "trailhead",
    "name": "（名称未確認）",
    "datum": "WGS84",
    "mountainIds": "532 534",
    "mountainNames": "金ヶ谷山、毛無山",
    "lists": "中国百名山",
    "routes": "",
    "entryType": "一般道との接続",
    "trailKmToSummit": "金ヶ谷山:1.59km 毛無山:6.96km",
    "related": "",
    "attributes": "",
    "status": "candidate",
    "accuracyM": 30,
    "needsReview": "名称未確認、公式情報または2情報源での確認が必要",
    "sources": "OpenStreetMap（© OpenStreetMap contributors, ODbL 1.0）Geofabrik japan-latest.osm.pbf 2026-09-23T20:22:04Z node/716682991（登山道と道路の接続点）",
    "verifiedAt": ""
   }
  },
  {
   "type": "Feature",
   "geometry": {
    "type": "Point",
    "coordinates": [
     133.5300187,
     35.3901368
    ]
   },
   "properties": {
    "id": "TH-n728157627",
    "kind": "trailhead",
    "name": "（名称未確認）下山キャンプ場付近",
    "datum": "WGS84",
    "mountainIds": "469 484 488 490",
    "mountainNames": "船上山、甲ヶ山、矢筈ヶ山、大山",
    "lists": "中国百名山|日本百名山|日本二百名山|日本三百名山",
    "routes": "OSM登山道「大山登山道」",
    "entryType": "一般道との接続",
    "trailKmToSummit": "船上山:13.61km 甲ヶ山:8.44km 矢筈ヶ山:7.57km 大山:3.09km",
    "related": "PK-w251445871(130m) PK-w536218846(212m) PK-w1281893372(487m) BS-kP11-22-31-bs1818(380m)",
    "attributes": "",
    "status": "provisional",
    "accuracyM": 30,
    "needsReview": "名称未確認、登山道が道路を横断する地点（途中の入口の可能性）、公式情報または2情報源での確認が必要",
    "sources": "OpenStreetMap（© OpenStreetMap contributors, ODbL 1.0）Geofabrik japan-latest.osm.pbf 2026-09-23T20:22:04Z node/728157627（登山道と道路の接続点）",
    "verifiedAt": ""
   }
  },
  {
   "type": "Feature",
   "geometry": {
    "type": "Point",
    "coordinates": [
     133.5420284,
     35.3830219
    ]
   },
   "properties": {
    "id": "TH-n728157951",
    "kind": "trailhead",
    "name": "（名称未確認）",
    "datum": "WGS84",
    "mountainIds": "490",
    "mountainNames": "大山",
    "lists": "日本百名山|日本二百名山|日本三百名山|中国百名山",
    "routes": "OSM登山道「大山登山道　行者谷コース」",
    "entryType": "一般道との接続",
    "trailKmToSummit": "大山:2.64km",
    "related": "",
    "attributes": "",
    "status": "candidate",
    "accuracyM": 30,
    "needsReview": "名称未確認、公式情報または2情報源での確認が必要",
    "sources": "OpenStreetMap（© OpenStreetMap contributors, ODbL 1.0）Geofabrik japan-latest.osm.pbf 2026-09-23T20:22:04Z node/728157951（登山道と道路の接続点）",
    "verifiedAt": ""
   }
  },
  {
   "type": "Feature",
   "geometry": {
    "type": "Point",
    "coordinates": [
     133.533634,
     35.391331
    ]
   },
   "properties": {
    "id": "TH-n728158240",
    "kind": "trailhead",
    "name": "（名称未確認）大山寺バス停付近",
    "datum": "WGS84",
    "mountainIds": "484 488 490",
    "mountainNames": "甲ヶ山、矢筈ヶ山、大山",
    "lists": "中国百名山|日本百名山|日本二百名山|日本三百名山",
    "routes": "",
    "entryType": "一般道との接続",
    "trailKmToSummit": "甲ヶ山:9.43km 矢筈ヶ山:8.56km 大山:4.08km",
    "related": "PK-w251445871(237m) BS-kP11-22-31-bs1818(460m)",
    "attributes": "",
    "status": "provisional",
    "accuracyM": 30,
    "needsReview": "名称未確認、登山道が道路を横断する地点（途中の入口の可能性）、公式情報または2情報源での確認が必要",
    "sources": "OpenStreetMap（© OpenStreetMap contributors, ODbL 1.0）Geofabrik japan-latest.osm.pbf 2026-09-23T20:22:04Z node/728158240（登山道と道路の接続点）",
    "verifiedAt": ""
   }
  },
  {
   "type": "Feature",
   "geometry": {
    "type": "Point",
    "coordinates": [
     133.7576828,
     34.7381817
    ]
   },
   "properties": {
    "id": "TH-n7745446390",
    "kind": "trailhead",
    "name": "（名称未確認）",
    "datum": "WGS84",
    "mountainIds": "634",
    "mountainNames": "鬼ノ城山",
    "lists": "中国百名山",
    "routes": "",
    "entryType": "一般道との接続",
    "trailKmToSummit": "鬼ノ城山:2.62km",
    "related": "",
    "attributes": "",
    "status": "candidate",
    "accuracyM": 30,
    "needsReview": "名称未確認、公式情報または2情報源での確認が必要",
    "sources": "OpenStreetMap（© OpenStreetMap contributors, ODbL 1.0）Geofabrik japan-latest.osm.pbf 2026-09-23T20:22:04Z node/7745446390（登山道と道路の接続点）",
    "verifiedAt": ""
   }
  },
  {
   "type": "Feature",
   "geometry": {
    "type": "Point",
    "coordinates": [
     133.7624006,
     34.7311464
    ]
   },
   "properties": {
    "id": "TH-n7745446524",
    "kind": "trailhead",
    "name": "（名称未確認）",
    "datum": "WGS84",
    "mountainIds": "634",
    "mountainNames": "鬼ノ城山",
    "lists": "中国百名山",
    "routes": "",
    "entryType": "一般道との接続",
    "trailKmToSummit": "鬼ノ城山:1.58km",
    "related": "",
    "attributes": "",
    "status": "candidate",
    "accuracyM": 30,
    "needsReview": "名称未確認、公式情報または2情報源での確認が必要",
    "sources": "OpenStreetMap（© OpenStreetMap contributors, ODbL 1.0）Geofabrik japan-latest.osm.pbf 2026-09-23T20:22:04Z node/7745446524（登山道と道路の接続点）",
    "verifiedAt": ""
   }
  },
  {
   "type": "Feature",
   "geometry": {
    "type": "Point",
    "coordinates": [
     131.4636476,
     34.2333156
    ]
   },
   "properties": {
    "id": "TH-n9248428858",
    "kind": "trailhead",
    "name": "（名称未確認）",
    "datum": "WGS84",
    "mountainIds": "711",
    "mountainNames": "東鳳翩山",
    "lists": "中国百名山",
    "routes": "",
    "entryType": "一般道（県道以上）との接続",
    "trailKmToSummit": "東鳳翩山:2.84km",
    "related": "PK-w494573618(17m) PK-w1002052698(234m)",
    "attributes": "",
    "status": "provisional",
    "accuracyM": 30,
    "needsReview": "名称未確認、登山道が道路を横断する地点（途中の入口の可能性）、公式情報または2情報源での確認が必要",
    "sources": "OpenStreetMap（© OpenStreetMap contributors, ODbL 1.0）Geofabrik japan-latest.osm.pbf 2026-09-23T20:22:04Z node/9248428858（登山道と道路の接続点）",
    "verifiedAt": ""
   }
  },
  {
   "type": "Feature",
   "geometry": {
    "type": "Point",
    "coordinates": [
     133.5855345,
     35.3452877
    ]
   },
   "properties": {
    "id": "TH-n934763163",
    "kind": "trailhead",
    "name": "（名称未確認）",
    "datum": "WGS84",
    "mountainIds": "497",
    "mountainNames": "烏ヶ山",
    "lists": "中国百名山",
    "routes": "",
    "entryType": "一般道（県道以上）との接続",
    "trailKmToSummit": "烏ヶ山:1.94km",
    "related": "PK-w1317085397(204m) PK-w1317085398(303m)",
    "attributes": "",
    "status": "provisional",
    "accuracyM": 30,
    "needsReview": "名称未確認、公式情報または2情報源での確認が必要",
    "sources": "OpenStreetMap（© OpenStreetMap contributors, ODbL 1.0）Geofabrik japan-latest.osm.pbf 2026-09-23T20:22:04Z node/934763163（登山道と道路の接続点）",
    "verifiedAt": ""
   }
  },
  {
   "type": "Feature",
   "geometry": {
    "type": "Point",
    "coordinates": [
     132.5992399,
     34.5068273
    ]
   },
   "properties": {
    "id": "TH-n9415462873",
    "kind": "trailhead",
    "name": "上大椿",
    "datum": "WGS84",
    "mountainIds": "657",
    "mountainNames": "白木山",
    "lists": "中国百名山",
    "routes": "",
    "entryType": "駐車場・バス停（林道・車道を経由して登山道へ）",
    "trailKmToSummit": "白木山:3.63km",
    "related": "BS-kP11-22-34-bs3409(37m) BS-kP11-22-34-bs3409(37m) BS-kP11-22-34-bs3372(349m)",
    "attributes": "",
    "status": "provisional",
    "accuracyM": 15,
    "needsReview": "林道からの入口（マイカー進入可否を要確認）、公式情報または2情報源での確認が必要",
    "sources": "OpenStreetMap（© OpenStreetMap contributors, ODbL 1.0）Geofabrik japan-latest.osm.pbf 2026-09-23T20:22:04Z node/9415462873 ｜ OpenStreetMap（© OpenStreetMap contributors, ODbL 1.0）Geofabrik japan-latest.osm.pbf 2026-09-23T20:22:04Z node/1268381889（登山道と道路の接続点） ｜ 国土地理院 地名検索「上大椿」（34.506267, 132.599750、JGD2011、78m差）2026-09-20確認",
    "verifiedAt": "2026-09-20"
   }
  },
  {
   "type": "Feature",
   "geometry": {
    "type": "Point",
    "coordinates": [
     132.6217039,
     34.522526
    ]
   },
   "properties": {
    "id": "TH-n9415462906",
    "kind": "trailhead",
    "name": "海戸",
    "datum": "WGS84",
    "mountainIds": "657",
    "mountainNames": "白木山",
    "lists": "中国百名山",
    "routes": "",
    "entryType": "駐車場・バス停（林道・車道を経由して登山道へ）",
    "trailKmToSummit": "白木山:6.01km",
    "related": "BS-kP11-22-34-bs3191(2m) BS-kP11-22-34-bs3191(2m) BS-kP11-22-34-bs3149(798m)",
    "attributes": "",
    "status": "provisional",
    "accuracyM": 15,
    "needsReview": "林道からの入口（マイカー進入可否を要確認）、公式情報または2情報源での確認が必要",
    "sources": "OpenStreetMap（© OpenStreetMap contributors, ODbL 1.0）Geofabrik japan-latest.osm.pbf 2026-09-23T20:22:04Z node/9415462906 ｜ OpenStreetMap（© OpenStreetMap contributors, ODbL 1.0）Geofabrik japan-latest.osm.pbf 2026-09-23T20:22:04Z node/6354860060（登山道と道路の接続点） ｜ 国土地理院 地名検索「海戸」（34.521564, 132.619028、JGD2011、267m差）2026-09-20確認",
    "verifiedAt": "2026-09-20"
   }
  },
  {
   "type": "Feature",
   "geometry": {
    "type": "Point",
    "coordinates": [
     132.1414854,
     33.9670732
    ]
   },
   "properties": {
    "id": "TH-n9957854344",
    "kind": "trailhead",
    "name": "（名称未確認）",
    "datum": "WGS84",
    "mountainIds": "736",
    "mountainNames": "琴石山",
    "lists": "中国百名山",
    "routes": "",
    "entryType": "一般道との接続",
    "trailKmToSummit": "琴石山:1.48km",
    "related": "",
    "attributes": "",
    "status": "candidate",
    "accuracyM": 30,
    "needsReview": "名称未確認、公式情報または2情報源での確認が必要",
    "sources": "OpenStreetMap（© OpenStreetMap contributors, ODbL 1.0）Geofabrik japan-latest.osm.pbf 2026-09-23T20:22:04Z node/9957854344（登山道と道路の接続点）",
    "verifiedAt": ""
   }
  },
  {
   "type": "Feature",
   "geometry": {
    "type": "Point",
    "coordinates": [
     132.8555725,
     35.095761
    ]
   },
   "properties": {
    "id": "TH-n9988619777",
    "kind": "trailhead",
    "name": "（名称未確認）",
    "datum": "WGS84",
    "mountainIds": "583",
    "mountainNames": "大万木山",
    "lists": "中国百名山",
    "routes": "",
    "entryType": "道路の終点付近",
    "trailKmToSummit": "大万木山:1.64km",
    "related": "",
    "attributes": "",
    "status": "candidate",
    "accuracyM": 30,
    "needsReview": "名称未確認、林道からの入口（マイカー進入可否を要確認）、公式情報または2情報源での確認が必要",
    "sources": "OpenStreetMap（© OpenStreetMap contributors, ODbL 1.0）Geofabrik japan-latest.osm.pbf 2026-09-23T20:22:04Z node/9988619777（登山道と道路の接続点）",
    "verifiedAt": ""
   }
  },
  {
   "type": "Feature",
   "geometry": {
    "type": "Point",
    "coordinates": [
     133.6386409,
     35.3103423
    ]
   },
   "properties": {
    "id": "TH-w1441615117",
    "kind": "trailhead",
    "name": "上蒜山登山口駐車場",
    "datum": "WGS84",
    "mountainIds": "507",
    "mountainNames": "上蒜山",
    "lists": "日本二百名山|日本三百名山|中国百名山",
    "routes": "",
    "entryType": "駐車場・バス停（林道・車道を経由して登山道へ）",
    "trailKmToSummit": "上蒜山:3.26km",
    "related": "PK-w1441615117(0m)",
    "attributes": "",
    "status": "adopted",
    "accuracyM": 15,
    "needsReview": "林道からの入口（マイカー進入可否を要確認）、蒜山三座は上蒜山（1,202m）・中蒜山（1,123m）・下蒜山（1,100m）（真庭観光局）",
    "sources": "OpenStreetMap（© OpenStreetMap contributors, ODbL 1.0）Geofabrik japan-latest.osm.pbf 2026-09-23T20:22:04Z way/1441615117 ｜ OpenStreetMap（© OpenStreetMap contributors, ODbL 1.0）Geofabrik japan-latest.osm.pbf 2026-09-23T20:22:04Z node/1926766427（登山道と道路の接続点） ｜ 公式情報: https://www.maniwa.or.jp/web/?c=spot-2&pk=3021 ｜ 公式情報: https://www.maniwa.or.jp/web/?c=spot-2&pk=3057",
    "verifiedAt": "2026-09-20"
   }
  },
  {
   "type": "Feature",
   "geometry": {
    "type": "Point",
    "coordinates": [
     133.8341289,
     35.4314373
    ]
   },
   "properties": {
    "id": "TH-w399433718",
    "kind": "trailhead",
    "name": "第2駐車場",
    "datum": "WGS84",
    "mountainIds": "471",
    "mountainNames": "打吹山",
    "lists": "中国百名山",
    "routes": "",
    "entryType": "駐車場・バス停（林道・車道を経由して登山道へ）",
    "trailKmToSummit": "打吹山:1.76km",
    "related": "PK-w399433718(0m) PK-w449307265(127m) PK-w449307266(226m) BS-kP11-22-31-bs1409(134m) BS-kP11-22-31-bs1410(134m) BS-kP11-22-31-bs1454(191m)",
    "attributes": "",
    "status": "provisional",
    "accuracyM": 15,
    "needsReview": "公式情報または2情報源での確認が必要",
    "sources": "OpenStreetMap（© OpenStreetMap contributors, ODbL 1.0）Geofabrik japan-latest.osm.pbf 2026-09-23T20:22:04Z way/399433718 ｜ OpenStreetMap（© OpenStreetMap contributors, ODbL 1.0）Geofabrik japan-latest.osm.pbf 2026-09-23T20:22:04Z node/4462710902（登山道と道路の接続点）",
    "verifiedAt": ""
   }
  },
  {
   "type": "Feature",
   "geometry": {
    "type": "Point",
    "coordinates": [
     133.8355012,
     35.4338599
    ]
   },
   "properties": {
    "id": "TH-w449007642",
    "kind": "trailhead",
    "name": "昭和町無料駐車場",
    "datum": "WGS84",
    "mountainIds": "471",
    "mountainNames": "打吹山",
    "lists": "中国百名山",
    "routes": "",
    "entryType": "駐車場・バス停（林道・車道を経由して登山道へ）",
    "trailKmToSummit": "打吹山:1.89km",
    "related": "PK-w449007642(0m) PK-w449307267(167m) PK-w449705382(178m) BS-kP11-22-31-bs1373(28m) BS-kP11-22-31-bs1373(28m) BS-kP11-22-31-bs1374(28m)",
    "attributes": "",
    "status": "provisional",
    "accuracyM": 15,
    "needsReview": "公式情報または2情報源での確認が必要",
    "sources": "OpenStreetMap（© OpenStreetMap contributors, ODbL 1.0）Geofabrik japan-latest.osm.pbf 2026-09-23T20:22:04Z way/449007642 ｜ OpenStreetMap（© OpenStreetMap contributors, ODbL 1.0）Geofabrik japan-latest.osm.pbf 2026-09-23T20:22:04Z node/4461832253（登山道と道路の接続点）",
    "verifiedAt": ""
   }
  },
  {
   "type": "Feature",
   "geometry": {
    "type": "Point",
    "coordinates": [
     133.829229,
     35.4333892
    ]
   },
   "properties": {
    "id": "TH-w449062557",
    "kind": "trailhead",
    "name": "宮川町観光駐車場",
    "datum": "WGS84",
    "mountainIds": "471",
    "mountainNames": "打吹山",
    "lists": "中国百名山",
    "routes": "",
    "entryType": "駐車場・バス停（林道・車道を経由して登山道へ）",
    "trailKmToSummit": "打吹山:1.43km",
    "related": "PK-w449062557(0m) PK-w449105734(230m) PK-w449105736(324m) BS-kP11-22-31-bs1393(109m) BS-kP11-22-31-bs1394(109m) BS-kP11-22-31-bs1396(168m)",
    "attributes": "",
    "status": "provisional",
    "accuracyM": 15,
    "needsReview": "公式情報または2情報源での確認が必要",
    "sources": "OpenStreetMap（© OpenStreetMap contributors, ODbL 1.0）Geofabrik japan-latest.osm.pbf 2026-09-23T20:22:04Z way/449062557 ｜ OpenStreetMap（© OpenStreetMap contributors, ODbL 1.0）Geofabrik japan-latest.osm.pbf 2026-09-23T20:22:04Z node/4459985876（登山道と道路の接続点）",
    "verifiedAt": ""
   }
  },
  {
   "type": "Feature",
   "geometry": {
    "type": "Point",
    "coordinates": [
     133.8224505,
     35.4345365
    ]
   },
   "properties": {
    "id": "TH-w449086406",
    "kind": "trailhead",
    "name": "緑の彫刻プロムナード公園駐車場",
    "datum": "WGS84",
    "mountainIds": "471",
    "mountainNames": "打吹山",
    "lists": "中国百名山",
    "routes": "",
    "entryType": "駐車場・バス停（林道・車道を経由して登山道へ）",
    "trailKmToSummit": "打吹山:1.35km",
    "related": "PK-w449086406(0m) PK-w449022077(50m) PK-w451734712(64m) BS-kP11-22-31-bs1382(196m) BS-kP11-22-31-bs1383(196m) BS-kP11-22-31-bs1381(201m)",
    "attributes": "",
    "status": "provisional",
    "accuracyM": 15,
    "needsReview": "公式情報または2情報源での確認が必要",
    "sources": "OpenStreetMap（© OpenStreetMap contributors, ODbL 1.0）Geofabrik japan-latest.osm.pbf 2026-09-23T20:22:04Z way/449086406 ｜ OpenStreetMap（© OpenStreetMap contributors, ODbL 1.0）Geofabrik japan-latest.osm.pbf 2026-09-23T20:22:04Z node/4460507601（登山道と道路の接続点）",
    "verifiedAt": ""
   }
  },
  {
   "type": "Feature",
   "geometry": {
    "type": "Point",
    "coordinates": [
     134.2313647,
     35.5095411
    ]
   },
   "properties": {
    "id": "TH-w595765812",
    "kind": "trailhead",
    "name": "市営住宅専用駐車場",
    "datum": "WGS84",
    "mountainIds": "445",
    "mountainNames": "久松山",
    "lists": "中国百名山",
    "routes": "",
    "entryType": "駐車場・バス停（林道・車道を経由して登山道へ）",
    "trailKmToSummit": "久松山:1.46km",
    "related": "PK-w595765812(0m) PK-w595854856(60m) PK-w595765814(86m) BS-kP11-22-31-bs320(46m) BS-kP11-22-31-bs320(46m) BS-kP11-22-31-bs321(46m)",
    "attributes": "",
    "status": "provisional",
    "accuracyM": 15,
    "needsReview": "近くの道路にゲートあり（車両通行止め・季節閉鎖の可能性）、林道からの入口（マイカー進入可否を要確認）、公式情報または2情報源での確認が必要",
    "sources": "OpenStreetMap（© OpenStreetMap contributors, ODbL 1.0）Geofabrik japan-latest.osm.pbf 2026-09-23T20:22:04Z way/595765812 ｜ OpenStreetMap（© OpenStreetMap contributors, ODbL 1.0）Geofabrik japan-latest.osm.pbf 2026-09-23T20:22:04Z node/4057395191（登山道と道路の接続点）",
    "verifiedAt": ""
   }
  },
  {
   "type": "Feature",
   "geometry": {
    "type": "Point",
    "coordinates": [
     134.2439444,
     35.5050897
    ]
   },
   "properties": {
    "id": "TH-w655303236",
    "kind": "trailhead",
    "name": "参拝者駐車場",
    "datum": "WGS84",
    "mountainIds": "445",
    "mountainNames": "久松山",
    "lists": "中国百名山",
    "routes": "",
    "entryType": "駐車場・バス停（林道・車道を経由して登山道へ）",
    "trailKmToSummit": "久松山:0.84km",
    "related": "PK-w655303236(0m) BS-kP11-22-31-bs379(589m) BS-kP11-22-31-bs406(640m) BS-kP11-22-31-bs472(705m)",
    "attributes": "",
    "status": "provisional",
    "accuracyM": 15,
    "needsReview": "近くの道路にゲートあり（車両通行止め・季節閉鎖の可能性）、林道からの入口（マイカー進入可否を要確認）、公式情報または2情報源での確認が必要",
    "sources": "OpenStreetMap（© OpenStreetMap contributors, ODbL 1.0）Geofabrik japan-latest.osm.pbf 2026-09-23T20:22:04Z way/655303236 ｜ OpenStreetMap（© OpenStreetMap contributors, ODbL 1.0）Geofabrik japan-latest.osm.pbf 2026-09-23T20:22:04Z node/4579739116（登山道と道路の接続点）",
    "verifiedAt": ""
   }
  }
 ]
}