{
 "type": "FeatureCollection",
 "name": "九州",
 "generatedAt": "2026-09-24",
 "osmData": "japan-latest.osm.pbf 2026-09-23T20:22:04Z",
 "attribution": "© OpenStreetMap contributors (ODbL 1.0) / 出典：国土地理院（地名検索）",
 "features": [
  {
   "type": "Feature",
   "geometry": {
    "type": "Point",
    "coordinates": [
     130.9094617,
     33.8496699
    ]
   },
   "properties": {
    "id": "BS-kP11-22-40-bs1224",
    "kind": "bus_stop",
    "name": "安部山公園",
    "datum": "WGS84",
    "mountainIds": "771",
    "mountainNames": "足立山",
    "lists": "九州百名山",
    "routes": "",
    "entryType": "",
    "trailKmToSummit": "",
    "related": "TH-n1508615661(307m)",
    "attributes": "operator=西鉄バス北九州（株）; busType=民間路線バス; busRoutes=3系統-3; network=西鉄バス",
    "status": "adopted",
    "accuracyM": 10,
    "needsReview": "運行状況（季節運行・休止・予約制）を要確認",
    "sources": "国土数値情報（バス停留所データ）令和4年度（国土交通省）P11-22-40-bs1224（33.849670, 130.909462、JGD2011）を加工して作成 ｜ OpenStreetMap（© OpenStreetMap contributors, ODbL 1.0）Geofabrik japan-latest.osm.pbf 2026-09-23T20:22:04Z node/12409474105",
    "verifiedAt": ""
   }
  },
  {
   "type": "Feature",
   "geometry": {
    "type": "Point",
    "coordinates": [
     130.908882,
     33.8486608
    ]
   },
   "properties": {
    "id": "BS-kP11-22-40-bs1252",
    "kind": "bus_stop",
    "name": "湯川四丁目",
    "datum": "WGS84",
    "mountainIds": "771",
    "mountainNames": "足立山",
    "lists": "九州百名山",
    "routes": "",
    "entryType": "",
    "trailKmToSummit": "",
    "related": "TH-n1508615661(425m) TH-n1508615661(425m)",
    "attributes": "operator=西鉄バス北九州（株）; busType=民間路線バス; busRoutes=3系統-3; network=西鉄バス",
    "status": "adopted",
    "accuracyM": 10,
    "needsReview": "運行状況（季節運行・休止・予約制）を要確認",
    "sources": "国土数値情報（バス停留所データ）令和4年度（国土交通省）P11-22-40-bs1252（33.848661, 130.908882、JGD2011）を加工して作成 ｜ OpenStreetMap（© OpenStreetMap contributors, ODbL 1.0）Geofabrik japan-latest.osm.pbf 2026-09-23T20:22:04Z node/12409462600",
    "verifiedAt": ""
   }
  },
  {
   "type": "Feature",
   "geometry": {
    "type": "Point",
    "coordinates": [
     130.949149,
     33.9040634
    ]
   },
   "properties": {
    "id": "BS-kP11-22-40-bs240",
    "kind": "bus_stop",
    "name": "戸ノ上中学校前",
    "datum": "WGS84",
    "mountainIds": "771",
    "mountainNames": "足立山",
    "lists": "九州百名山",
    "routes": "",
    "entryType": "",
    "trailKmToSummit": "",
    "related": "TH-n1528386826(319m)",
    "attributes": "operator=西鉄バス北九州（株）; busType=民間路線バス; busRoutes=急行恒見営循環 / 47循環",
    "status": "adopted",
    "accuracyM": 10,
    "needsReview": "運行状況（季節運行・休止・予約制）を要確認",
    "sources": "国土数値情報（バス停留所データ）令和4年度（国土交通省）P11-22-40-bs240（33.904063, 130.949149、JGD2011）を加工して作成",
    "verifiedAt": ""
   }
  },
  {
   "type": "Feature",
   "geometry": {
    "type": "Point",
    "coordinates": [
     130.9472242,
     33.903539
    ]
   },
   "properties": {
    "id": "BS-kP11-22-40-bs245",
    "kind": "bus_stop",
    "name": "寺内",
    "datum": "WGS84",
    "mountainIds": "771",
    "mountainNames": "足立山",
    "lists": "九州百名山",
    "routes": "",
    "entryType": "",
    "trailKmToSummit": "",
    "related": "TH-n1528386826(206m)",
    "attributes": "operator=西鉄バス北九州（株）; busType=民間路線バス; busRoutes=急行恒見営循環 / 47循環",
    "status": "adopted",
    "accuracyM": 10,
    "needsReview": "運行状況（季節運行・休止・予約制）を要確認",
    "sources": "国土数値情報（バス停留所データ）令和4年度（国土交通省）P11-22-40-bs245（33.903539, 130.947224、JGD2011）を加工して作成",
    "verifiedAt": ""
   }
  },
  {
   "type": "Feature",
   "geometry": {
    "type": "Point",
    "coordinates": [
     130.9516036,
     33.9025636
    ]
   },
   "properties": {
    "id": "BS-kP11-22-40-bs259",
    "kind": "bus_stop",
    "name": "大久保",
    "datum": "WGS84",
    "mountainIds": "771",
    "mountainNames": "足立山",
    "lists": "九州百名山",
    "routes": "",
    "entryType": "",
    "trailKmToSummit": "",
    "related": "TH-n1528386826(417m)",
    "attributes": "operator=西鉄バス北九州（株）; busType=民間路線バス; busRoutes=急行恒見営循環 / 47循環",
    "status": "adopted",
    "accuracyM": 10,
    "needsReview": "運行状況（季節運行・休止・予約制）を要確認",
    "sources": "国土数値情報（バス停留所データ）令和4年度（国土交通省）P11-22-40-bs259（33.902564, 130.951604、JGD2011）を加工して作成",
    "verifiedAt": ""
   }
  },
  {
   "type": "Feature",
   "geometry": {
    "type": "Point",
    "coordinates": [
     130.4668661,
     33.6902535
    ]
   },
   "properties": {
    "id": "BS-kP11-22-40-bs3056",
    "kind": "bus_stop",
    "name": "立花小学校前",
    "datum": "WGS84",
    "mountainIds": "815",
    "mountainNames": "立花山",
    "lists": "九州百名山",
    "routes": "",
    "entryType": "",
    "trailKmToSummit": "",
    "related": "TH-n1268341666(820m)",
    "attributes": "operator=新宮町; busType=コミュニティバス; busRoutes=マリンクス「山らいず線」",
    "status": "adopted",
    "accuracyM": 10,
    "needsReview": "運行状況（季節運行・休止・予約制）を要確認、登山口から離れている（徒歩アプローチを要確認）",
    "sources": "国土数値情報（バス停留所データ）令和4年度（国土交通省）P11-22-40-bs3056（33.690253, 130.466866、JGD2011）を加工して作成",
    "verifiedAt": ""
   }
  },
  {
   "type": "Feature",
   "geometry": {
    "type": "Point",
    "coordinates": [
     130.4731829,
     33.6899354
    ]
   },
   "properties": {
    "id": "BS-kP11-22-40-bs3058",
    "kind": "bus_stop",
    "name": "立花口",
    "datum": "WGS84",
    "mountainIds": "815",
    "mountainNames": "立花山",
    "lists": "九州百名山",
    "routes": "",
    "entryType": "",
    "trailKmToSummit": "",
    "related": "TH-n1268341666(681m)",
    "attributes": "operator=新宮町; busType=コミュニティバス; busRoutes=マリンクス「山らいず線」",
    "status": "adopted",
    "accuracyM": 10,
    "needsReview": "運行状況（季節運行・休止・予約制）を要確認、登山口から離れている（徒歩アプローチを要確認）",
    "sources": "国土数値情報（バス停留所データ）令和4年度（国土交通省）P11-22-40-bs3058（33.689935, 130.473183、JGD2011）を加工して作成",
    "verifiedAt": ""
   }
  },
  {
   "type": "Feature",
   "geometry": {
    "type": "Point",
    "coordinates": [
     130.4844672,
     33.6764312
    ]
   },
   "properties": {
    "id": "BS-kP11-22-40-bs3175",
    "kind": "bus_stop",
    "name": "佐屋",
    "datum": "WGS84",
    "mountainIds": "815",
    "mountainNames": "立花山",
    "lists": "九州百名山",
    "routes": "",
    "entryType": "",
    "trailKmToSummit": "",
    "related": "TH-kP11-22-40-bs3213(553m)",
    "attributes": "operator=新宮町; busType=コミュニティバス; busRoutes=マリンクス「山らいず線」",
    "status": "adopted",
    "accuracyM": 10,
    "needsReview": "運行状況（季節運行・休止・予約制）を要確認",
    "sources": "国土数値情報（バス停留所データ）令和4年度（国土交通省）P11-22-40-bs3175（33.676431, 130.484467、JGD2011）を加工して作成",
    "verifiedAt": ""
   }
  },
  {
   "type": "Feature",
   "geometry": {
    "type": "Point",
    "coordinates": [
     130.4536149,
     33.6739187
    ]
   },
   "properties": {
    "id": "BS-kP11-22-40-bs3196",
    "kind": "bus_stop",
    "name": "下原中央",
    "datum": "WGS84",
    "mountainIds": "815",
    "mountainNames": "立花山",
    "lists": "九州百名山",
    "routes": "",
    "entryType": "",
    "trailKmToSummit": "",
    "related": "TH-n1864211566(801m) TH-n5789162378(743m)",
    "attributes": "operator=西日本鉄道（株）; busType=民間路線バス; busRoutes=急行天神郵便局・新宮中央駅循環 / 急行新宮中央駅～大濠公園 / 急行新宮中央駅～天神",
    "status": "adopted",
    "accuracyM": 10,
    "needsReview": "運行状況（季節運行・休止・予約制）を要確認、登山口から離れている（徒歩アプローチを要確認）",
    "sources": "国土数値情報（バス停留所データ）令和4年度（国土交通省）P11-22-40-bs3196（33.673919, 130.453615、JGD2011）を加工して作成",
    "verifiedAt": ""
   }
  },
  {
   "type": "Feature",
   "geometry": {
    "type": "Point",
    "coordinates": [
     130.4536149,
     33.6739187
    ]
   },
   "properties": {
    "id": "BS-kP11-22-40-bs3197",
    "kind": "bus_stop",
    "name": "下原中央",
    "datum": "WGS84",
    "mountainIds": "815",
    "mountainNames": "立花山",
    "lists": "九州百名山",
    "routes": "",
    "entryType": "",
    "trailKmToSummit": "",
    "related": "TH-n1864211566(801m)",
    "attributes": "operator=西鉄バス宗像（株）; busType=民間路線バス; busRoutes=急行天神～広陵台 / 急行天神～舞の里 / 急行天神～赤間営",
    "status": "adopted",
    "accuracyM": 10,
    "needsReview": "運行状況（季節運行・休止・予約制）を要確認、登山口から離れている（徒歩アプローチを要確認）",
    "sources": "国土数値情報（バス停留所データ）令和4年度（国土交通省）P11-22-40-bs3197（33.673919, 130.453615、JGD2011）を加工して作成",
    "verifiedAt": ""
   }
  },
  {
   "type": "Feature",
   "geometry": {
    "type": "Point",
    "coordinates": [
     130.4802092,
     33.6729206
    ]
   },
   "properties": {
    "id": "BS-kP11-22-40-bs3213",
    "kind": "bus_stop",
    "name": "大谷川",
    "datum": "WGS84",
    "mountainIds": "815",
    "mountainNames": "立花山",
    "lists": "九州百名山",
    "routes": "",
    "entryType": "",
    "trailKmToSummit": "",
    "related": "TH-kP11-22-40-bs3213(0m)",
    "attributes": "operator=久山町; busType=コミュニティバス; busRoutes=イコバス「町内巡回」",
    "status": "adopted",
    "accuracyM": 10,
    "needsReview": "運行状況（季節運行・休止・予約制）を要確認",
    "sources": "国土数値情報（バス停留所データ）令和4年度（国土交通省）P11-22-40-bs3213（33.672921, 130.480209、JGD2011）を加工して作成",
    "verifiedAt": ""
   }
  },
  {
   "type": "Feature",
   "geometry": {
    "type": "Point",
    "coordinates": [
     130.4553676,
     33.6726337
    ]
   },
   "properties": {
    "id": "BS-kP11-22-40-bs3216",
    "kind": "bus_stop",
    "name": "下原",
    "datum": "WGS84",
    "mountainIds": "815",
    "mountainNames": "立花山",
    "lists": "九州百名山",
    "routes": "",
    "entryType": "",
    "trailKmToSummit": "",
    "related": "TH-n1864209676(899m) TH-n1864211566(765m) TH-n5789162378(606m)",
    "attributes": "operator=西日本鉄道（株）; busType=民間路線バス; busRoutes=下原～香椎浜 / 23B系統 / 23; network=西鉄バス",
    "status": "adopted",
    "accuracyM": 10,
    "needsReview": "運行状況（季節運行・休止・予約制）を要確認、登山口から離れている（徒歩アプローチを要確認）",
    "sources": "国土数値情報（バス停留所データ）令和4年度（国土交通省）P11-22-40-bs3216（33.672634, 130.455368、JGD2011）を加工して作成 ｜ OpenStreetMap（© OpenStreetMap contributors, ODbL 1.0）Geofabrik japan-latest.osm.pbf 2026-09-23T20:22:04Z node/3780284373",
    "verifiedAt": ""
   }
  },
  {
   "type": "Feature",
   "geometry": {
    "type": "Point",
    "coordinates": [
     130.4557724,
     33.6697768
    ]
   },
   "properties": {
    "id": "BS-kP11-22-40-bs3248",
    "kind": "bus_stop",
    "name": "グリーンタウン入口",
    "datum": "WGS84",
    "mountainIds": "815",
    "mountainNames": "立花山",
    "lists": "九州百名山",
    "routes": "",
    "entryType": "",
    "trailKmToSummit": "",
    "related": "TH-n3941553147(881m) TH-n1864209676(775m) TH-n5789162378(732m)",
    "attributes": "operator=西日本鉄道（株）; busType=民間路線バス; busRoutes=下原～香椎浜 / 23B系統 / 23",
    "status": "adopted",
    "accuracyM": 10,
    "needsReview": "運行状況（季節運行・休止・予約制）を要確認、登山口から離れている（徒歩アプローチを要確認）",
    "sources": "国土数値情報（バス停留所データ）令和4年度（国土交通省）P11-22-40-bs3248（33.669777, 130.455772、JGD2011）を加工して作成",
    "verifiedAt": ""
   }
  },
  {
   "type": "Feature",
   "geometry": {
    "type": "Point",
    "coordinates": [
     130.4842288,
     33.6693034
    ]
   },
   "properties": {
    "id": "BS-kP11-22-40-bs3251",
    "kind": "bus_stop",
    "name": "大谷",
    "datum": "WGS84",
    "mountainIds": "815",
    "mountainNames": "立花山",
    "lists": "九州百名山",
    "routes": "",
    "entryType": "",
    "trailKmToSummit": "",
    "related": "TH-kP11-22-40-bs3213(546m)",
    "attributes": "operator=久山町; busType=コミュニティバス; busRoutes=イコバス「町内巡回」",
    "status": "adopted",
    "accuracyM": 10,
    "needsReview": "運行状況（季節運行・休止・予約制）を要確認",
    "sources": "国土数値情報（バス停留所データ）令和4年度（国土交通省）P11-22-40-bs3251（33.669303, 130.484229、JGD2011）を加工して作成",
    "verifiedAt": ""
   }
  },
  {
   "type": "Feature",
   "geometry": {
    "type": "Point",
    "coordinates": [
     130.4541965,
     33.6685883
    ]
   },
   "properties": {
    "id": "BS-kP11-22-40-bs3263",
    "kind": "bus_stop",
    "name": "八尻",
    "datum": "WGS84",
    "mountainIds": "815",
    "mountainNames": "立花山",
    "lists": "九州百名山",
    "routes": "",
    "entryType": "",
    "trailKmToSummit": "",
    "related": "TH-n3941553147(958m) TH-n1864209676(919m)",
    "attributes": "operator=西日本鉄道（株）; busType=民間路線バス; busRoutes=下原～香椎浜 / 23B系統 / 23",
    "status": "adopted",
    "accuracyM": 10,
    "needsReview": "運行状況（季節運行・休止・予約制）を要確認、登山口から離れている（徒歩アプローチを要確認）",
    "sources": "国土数値情報（バス停留所データ）令和4年度（国土交通省）P11-22-40-bs3263（33.668588, 130.454196、JGD2011）を加工して作成",
    "verifiedAt": ""
   }
  },
  {
   "type": "Feature",
   "geometry": {
    "type": "Point",
    "coordinates": [
     130.9309201,
     33.8854934
    ]
   },
   "properties": {
    "id": "BS-kP11-22-40-bs531",
    "kind": "bus_stop",
    "name": "緑ヶ丘中学校下",
    "datum": "WGS84",
    "mountainIds": "771",
    "mountainNames": "足立山",
    "lists": "九州百名山",
    "routes": "",
    "entryType": "",
    "trailKmToSummit": "",
    "related": "TH-kP11-22-40-bs581(354m)",
    "attributes": "operator=西鉄バス北九州（株）; busType=民間路線バス; busRoutes=47循環 / 49系統",
    "status": "adopted",
    "accuracyM": 10,
    "needsReview": "運行状況（季節運行・休止・予約制）を要確認",
    "sources": "国土数値情報（バス停留所データ）令和4年度（国土交通省）P11-22-40-bs531（33.885493, 130.930920、JGD2011）を加工して作成",
    "verifiedAt": ""
   }
  },
  {
   "type": "Feature",
   "geometry": {
    "type": "Point",
    "coordinates": [
     130.9263228,
     33.8837591
    ]
   },
   "properties": {
    "id": "BS-kP11-22-40-bs562",
    "kind": "bus_stop",
    "name": "藤松二丁目",
    "datum": "WGS84",
    "mountainIds": "771",
    "mountainNames": "足立山",
    "lists": "九州百名山",
    "routes": "",
    "entryType": "",
    "trailKmToSummit": "",
    "related": "TH-kP11-22-40-bs581(255m)",
    "attributes": "operator=西鉄バス北九州（株）; busType=民間路線バス; busRoutes=47循環 / 49系統",
    "status": "adopted",
    "accuracyM": 10,
    "needsReview": "運行状況（季節運行・休止・予約制）を要確認",
    "sources": "国土数値情報（バス停留所データ）令和4年度（国土交通省）P11-22-40-bs562（33.883759, 130.926323、JGD2011）を加工して作成",
    "verifiedAt": ""
   }
  },
  {
   "type": "Feature",
   "geometry": {
    "type": "Point",
    "coordinates": [
     130.5488742,
     33.54792
    ]
   },
   "properties": {
    "id": "BS-kP11-22-40-bs5773",
    "kind": "bus_stop",
    "name": "北谷運動公園前",
    "datum": "WGS84",
    "mountainIds": "824",
    "mountainNames": "宝満山",
    "lists": "九州百名山",
    "routes": "",
    "entryType": "",
    "trailKmToSummit": "",
    "related": "TH-kP11-22-40-bs5926(719m)",
    "attributes": "operator=太宰府市; busType=コミュニティバス; busRoutes=まほろば号「北谷回り」",
    "status": "adopted",
    "accuracyM": 10,
    "needsReview": "運行状況（季節運行・休止・予約制）を要確認、登山口から離れている（徒歩アプローチを要確認）",
    "sources": "国土数値情報（バス停留所データ）令和4年度（国土交通省）P11-22-40-bs5773（33.547920, 130.548874、JGD2011）を加工して作成",
    "verifiedAt": ""
   }
  },
  {
   "type": "Feature",
   "geometry": {
    "type": "Point",
    "coordinates": [
     130.928834,
     33.8828059
    ]
   },
   "properties": {
    "id": "BS-kP11-22-40-bs581",
    "kind": "bus_stop",
    "name": "上藤松一丁目",
    "datum": "WGS84",
    "mountainIds": "771",
    "mountainNames": "足立山",
    "lists": "九州百名山",
    "routes": "",
    "entryType": "",
    "trailKmToSummit": "",
    "related": "TH-kP11-22-40-bs581(0m)",
    "attributes": "operator=西鉄バス北九州（株）; busType=民間路線バス; busRoutes=47循環 / 49系統",
    "status": "adopted",
    "accuracyM": 10,
    "needsReview": "運行状況（季節運行・休止・予約制）を要確認",
    "sources": "国土数値情報（バス停留所データ）令和4年度（国土交通省）P11-22-40-bs581（33.882806, 130.928834、JGD2011）を加工して作成",
    "verifiedAt": ""
   }
  },
  {
   "type": "Feature",
   "geometry": {
    "type": "Point",
    "coordinates": [
     130.542592,
     33.5448761
    ]
   },
   "properties": {
    "id": "BS-kP11-22-40-bs5847",
    "kind": "bus_stop",
    "name": "只越集会所前",
    "datum": "WGS84",
    "mountainIds": "824",
    "mountainNames": "宝満山",
    "lists": "九州百名山",
    "routes": "",
    "entryType": "",
    "trailKmToSummit": "",
    "related": "TH-kP11-22-40-bs5926(586m)",
    "attributes": "operator=太宰府市; busType=コミュニティバス; busRoutes=まほろば号「北谷回り」",
    "status": "adopted",
    "accuracyM": 10,
    "needsReview": "運行状況（季節運行・休止・予約制）を要確認",
    "sources": "国土数値情報（バス停留所データ）令和4年度（国土交通省）P11-22-40-bs5847（33.544876, 130.542592、JGD2011）を加工して作成",
    "verifiedAt": ""
   }
  },
  {
   "type": "Feature",
   "geometry": {
    "type": "Point",
    "coordinates": [
     130.547477,
     33.5415204
    ]
   },
   "properties": {
    "id": "BS-kP11-22-40-bs5926",
    "kind": "bus_stop",
    "name": "北谷公民館前",
    "datum": "WGS84",
    "mountainIds": "824",
    "mountainNames": "宝満山",
    "lists": "九州百名山",
    "routes": "",
    "entryType": "",
    "trailKmToSummit": "",
    "related": "TH-kP11-22-40-bs5926(0m)",
    "attributes": "operator=太宰府市; busType=コミュニティバス; busRoutes=まほろば号「北谷回り」",
    "status": "adopted",
    "accuracyM": 10,
    "needsReview": "運行状況（季節運行・休止・予約制）を要確認",
    "sources": "国土数値情報（バス停留所データ）令和4年度（国土交通省）P11-22-40-bs5926（33.541520, 130.547477、JGD2011）を加工して作成",
    "verifiedAt": ""
   }
  },
  {
   "type": "Feature",
   "geometry": {
    "type": "Point",
    "coordinates": [
     131.0171657,
     33.5371411
    ]
   },
   "properties": {
    "id": "BS-kP11-22-40-bs6018",
    "kind": "bus_stop",
    "name": "求菩提資料館前",
    "datum": "WGS84",
    "mountainIds": "826",
    "mountainNames": "求菩提山",
    "lists": "九州百名山",
    "routes": "",
    "entryType": "",
    "trailKmToSummit": "",
    "related": "TH-n1498004046(138m) TH-n1498004983(902m)",
    "attributes": "operator=豊前市; busType=公営路線バス; busRoutes=岩屋線",
    "status": "adopted",
    "accuracyM": 10,
    "needsReview": "運行状況（季節運行・休止・予約制）を要確認、登山口から離れている（徒歩アプローチを要確認）",
    "sources": "国土数値情報（バス停留所データ）令和4年度（国土交通省）P11-22-40-bs6018（33.537141, 131.017166、JGD2011）を加工して作成",
    "verifiedAt": ""
   }
  },
  {
   "type": "Feature",
   "geometry": {
    "type": "Point",
    "coordinates": [
     130.9073696,
     33.8812695
    ]
   },
   "properties": {
    "id": "BS-kP11-22-40-bs608",
    "kind": "bus_stop",
    "name": "須賀町",
    "datum": "WGS84",
    "mountainIds": "771",
    "mountainNames": "足立山",
    "lists": "九州百名山",
    "routes": "",
    "entryType": "",
    "trailKmToSummit": "",
    "related": "TH-n1579495691(392m)",
    "attributes": "operator=西鉄バス北九州（株）; busType=民間路線バス; busRoutes=5・92系統 / 7・92系統",
    "status": "adopted",
    "accuracyM": 10,
    "needsReview": "運行状況（季節運行・休止・予約制）を要確認",
    "sources": "国土数値情報（バス停留所データ）令和4年度（国土交通省）P11-22-40-bs608（33.881269, 130.907370、JGD2011）を加工して作成",
    "verifiedAt": ""
   }
  },
  {
   "type": "Feature",
   "geometry": {
    "type": "Point",
    "coordinates": [
     130.5502851,
     33.5284296
    ]
   },
   "properties": {
    "id": "BS-kP11-22-40-bs6198",
    "kind": "bus_stop",
    "name": "内山（鼈門神社前）",
    "datum": "WGS84",
    "mountainIds": "824",
    "mountainNames": "宝満山",
    "lists": "九州百名山",
    "routes": "",
    "entryType": "",
    "trailKmToSummit": "",
    "related": "TH-n1239456847(237m) TH-n1820256255(196m) TH-n1239457015(932m)",
    "attributes": "operator=太宰府市; busType=コミュニティバス; busRoutes=まほろば号「内山線」",
    "status": "adopted",
    "accuracyM": 10,
    "needsReview": "運行状況（季節運行・休止・予約制）を要確認、登山口から離れている（徒歩アプローチを要確認）",
    "sources": "国土数値情報（バス停留所データ）令和4年度（国土交通省）P11-22-40-bs6198（33.528430, 130.550285、JGD2011）を加工して作成 ｜ OpenStreetMap（© OpenStreetMap contributors, ODbL 1.0）Geofabrik japan-latest.osm.pbf 2026-09-23T20:22:04Z node/10716669699",
    "verifiedAt": ""
   }
  },
  {
   "type": "Feature",
   "geometry": {
    "type": "Point",
    "coordinates": [
     130.546865,
     33.5278769
    ]
   },
   "properties": {
    "id": "BS-kP11-22-40-bs6204",
    "kind": "bus_stop",
    "name": "豆塚山前",
    "datum": "WGS84",
    "mountainIds": "824",
    "mountainNames": "宝満山",
    "lists": "九州百名山",
    "routes": "",
    "entryType": "",
    "trailKmToSummit": "",
    "related": "TH-n1239456847(553m) TH-n1820256255(428m)",
    "attributes": "operator=太宰府市; busType=コミュニティバス; busRoutes=まほろば号「内山線」",
    "status": "adopted",
    "accuracyM": 10,
    "needsReview": "運行状況（季節運行・休止・予約制）を要確認",
    "sources": "国土数値情報（バス停留所データ）令和4年度（国土交通省）P11-22-40-bs6204（33.527877, 130.546865、JGD2011）を加工して作成",
    "verifiedAt": ""
   }
  },
  {
   "type": "Feature",
   "geometry": {
    "type": "Point",
    "coordinates": [
     130.5433456,
     33.5268815
    ]
   },
   "properties": {
    "id": "BS-kP11-22-40-bs6225",
    "kind": "bus_stop",
    "name": "梅林アスレチック公園前",
    "datum": "WGS84",
    "mountainIds": "824",
    "mountainNames": "宝満山",
    "lists": "九州百名山",
    "routes": "",
    "entryType": "",
    "trailKmToSummit": "",
    "related": "TH-n1239456847(897m) TH-n1820256255(741m)",
    "attributes": "operator=太宰府市; busType=コミュニティバス; busRoutes=まほろば号「内山線」",
    "status": "adopted",
    "accuracyM": 10,
    "needsReview": "運行状況（季節運行・休止・予約制）を要確認、登山口から離れている（徒歩アプローチを要確認）",
    "sources": "国土数値情報（バス停留所データ）令和4年度（国土交通省）P11-22-40-bs6225（33.526881, 130.543346、JGD2011）を加工して作成",
    "verifiedAt": ""
   }
  },
  {
   "type": "Feature",
   "geometry": {
    "type": "Point",
    "coordinates": [
     130.5693881,
     33.5207923
    ]
   },
   "properties": {
    "id": "BS-kP11-22-40-bs6335",
    "kind": "bus_stop",
    "name": "大石記念碑",
    "datum": "WGS84",
    "mountainIds": "824",
    "mountainNames": "宝満山",
    "lists": "九州百名山",
    "routes": "",
    "entryType": "",
    "trailKmToSummit": "",
    "related": "TH-n1852536132(483m) TH-n1852659934(486m)",
    "attributes": "operator=筑紫野市; busType=コミュニティバス; busRoutes=御笠自治会バス「宝満川東ルート」",
    "status": "adopted",
    "accuracyM": 10,
    "needsReview": "運行状況（季節運行・休止・予約制）を要確認",
    "sources": "国土数値情報（バス停留所データ）令和4年度（国土交通省）P11-22-40-bs6335（33.520792, 130.569388、JGD2011）を加工して作成",
    "verifiedAt": ""
   }
  },
  {
   "type": "Feature",
   "geometry": {
    "type": "Point",
    "coordinates": [
     130.5663168,
     33.520614
    ]
   },
   "properties": {
    "id": "BS-kP11-22-40-bs6337",
    "kind": "bus_stop",
    "name": "大石公民館",
    "datum": "WGS84",
    "mountainIds": "824",
    "mountainNames": "宝満山",
    "lists": "九州百名山",
    "routes": "",
    "entryType": "",
    "trailKmToSummit": "",
    "related": "TH-n1852536132(198m) TH-n1852659934(515m)",
    "attributes": "operator=筑紫野市; busType=コミュニティバス; busRoutes=御笠自治会バス「宝満川東ルート」",
    "status": "adopted",
    "accuracyM": 10,
    "needsReview": "運行状況（季節運行・休止・予約制）を要確認",
    "sources": "国土数値情報（バス停留所データ）令和4年度（国土交通省）P11-22-40-bs6337（33.520614, 130.566317、JGD2011）を加工して作成",
    "verifiedAt": ""
   }
  },
  {
   "type": "Feature",
   "geometry": {
    "type": "Point",
    "coordinates": [
     130.9086548,
     33.879788
    ]
   },
   "properties": {
    "id": "BS-kP11-22-40-bs635",
    "kind": "bus_stop",
    "name": "大谷池",
    "datum": "WGS84",
    "mountainIds": "771",
    "mountainNames": "足立山",
    "lists": "九州百名山",
    "routes": "",
    "entryType": "",
    "trailKmToSummit": "",
    "related": "TH-n1579495691(268m)",
    "attributes": "operator=西鉄バス北九州（株）; busType=民間路線バス; busRoutes=5・92系統 / 7・92系統",
    "status": "adopted",
    "accuracyM": 10,
    "needsReview": "運行状況（季節運行・休止・予約制）を要確認",
    "sources": "国土数値情報（バス停留所データ）令和4年度（国土交通省）P11-22-40-bs635（33.879788, 130.908655、JGD2011）を加工して作成",
    "verifiedAt": ""
   }
  },
  {
   "type": "Feature",
   "geometry": {
    "type": "Point",
    "coordinates": [
     130.5642784,
     33.5193491
    ]
   },
   "properties": {
    "id": "BS-kP11-22-40-bs6357",
    "kind": "bus_stop",
    "name": "大石",
    "datum": "WGS84",
    "mountainIds": "824",
    "mountainNames": "宝満山",
    "lists": "九州百名山",
    "routes": "",
    "entryType": "",
    "trailKmToSummit": "",
    "related": "TH-n1852536132(149m) TH-n1852659934(720m)",
    "attributes": "operator=筑紫野市; busType=コミュニティバス; busRoutes=御笠自治会バス「宝満川東ルート」",
    "status": "adopted",
    "accuracyM": 10,
    "needsReview": "運行状況（季節運行・休止・予約制）を要確認、登山口から離れている（徒歩アプローチを要確認）",
    "sources": "国土数値情報（バス停留所データ）令和4年度（国土交通省）P11-22-40-bs6357（33.519349, 130.564278、JGD2011）を加工して作成",
    "verifiedAt": ""
   }
  },
  {
   "type": "Feature",
   "geometry": {
    "type": "Point",
    "coordinates": [
     130.5502726,
     33.51781
    ]
   },
   "properties": {
    "id": "BS-kP11-22-40-bs6386",
    "kind": "bus_stop",
    "name": "都坂団地上",
    "datum": "WGS84",
    "mountainIds": "824",
    "mountainNames": "宝満山",
    "lists": "九州百名山",
    "routes": "",
    "entryType": "",
    "trailKmToSummit": "",
    "related": "TH-n1852535245(304m)",
    "attributes": "operator=筑紫野市; busType=コミュニティバス; busRoutes=御笠自治会バス「宝満川西ルート」",
    "status": "adopted",
    "accuracyM": 10,
    "needsReview": "運行状況（季節運行・休止・予約制）を要確認",
    "sources": "国土数値情報（バス停留所データ）令和4年度（国土交通省）P11-22-40-bs6386（33.517810, 130.550273、JGD2011）を加工して作成",
    "verifiedAt": ""
   }
  },
  {
   "type": "Feature",
   "geometry": {
    "type": "Point",
    "coordinates": [
     130.5497549,
     33.516902
    ]
   },
   "properties": {
    "id": "BS-kP11-22-40-bs6412",
    "kind": "bus_stop",
    "name": "都坂団地中央",
    "datum": "WGS84",
    "mountainIds": "824",
    "mountainNames": "宝満山",
    "lists": "九州百名山",
    "routes": "",
    "entryType": "",
    "trailKmToSummit": "",
    "related": "TH-n1852535245(349m)",
    "attributes": "operator=筑紫野市; busType=コミュニティバス; busRoutes=御笠自治会バス「宝満川西ルート」",
    "status": "adopted",
    "accuracyM": 10,
    "needsReview": "運行状況（季節運行・休止・予約制）を要確認",
    "sources": "国土数値情報（バス停留所データ）令和4年度（国土交通省）P11-22-40-bs6412（33.516902, 130.549755、JGD2011）を加工して作成",
    "verifiedAt": ""
   }
  },
  {
   "type": "Feature",
   "geometry": {
    "type": "Point",
    "coordinates": [
     130.5624762,
     33.5164125
    ]
   },
   "properties": {
    "id": "BS-kP11-22-40-bs6418",
    "kind": "bus_stop",
    "name": "葉光ケ丘東",
    "datum": "WGS84",
    "mountainIds": "824",
    "mountainNames": "宝満山",
    "lists": "九州百名山",
    "routes": "",
    "entryType": "",
    "trailKmToSummit": "",
    "related": "TH-n12016517886(283m)",
    "attributes": "operator=西鉄バス二日市（株）; busType=民間路線バス; busRoutes=1-1系統",
    "status": "adopted",
    "accuracyM": 10,
    "needsReview": "運行状況（季節運行・休止・予約制）を要確認",
    "sources": "国土数値情報（バス停留所データ）令和4年度（国土交通省）P11-22-40-bs6418（33.516412, 130.562476、JGD2011）を加工して作成",
    "verifiedAt": ""
   }
  },
  {
   "type": "Feature",
   "geometry": {
    "type": "Point",
    "coordinates": [
     130.5632372,
     33.5163753
    ]
   },
   "properties": {
    "id": "BS-kP11-22-40-bs6420",
    "kind": "bus_stop",
    "name": "葉光ヶ丘1",
    "datum": "WGS84",
    "mountainIds": "824",
    "mountainNames": "宝満山",
    "lists": "九州百名山",
    "routes": "",
    "entryType": "",
    "trailKmToSummit": "",
    "related": "TH-n12016517886(344m)",
    "attributes": "operator=筑紫野市; busType=コミュニティバス; busRoutes=御笠自治会バス「宝満川東ルート」",
    "status": "adopted",
    "accuracyM": 10,
    "needsReview": "運行状況（季節運行・休止・予約制）を要確認",
    "sources": "国土数値情報（バス停留所データ）令和4年度（国土交通省）P11-22-40-bs6420（33.516375, 130.563237、JGD2011）を加工して作成",
    "verifiedAt": ""
   }
  },
  {
   "type": "Feature",
   "geometry": {
    "type": "Point",
    "coordinates": [
     130.5584005,
     33.5145646
    ]
   },
   "properties": {
    "id": "BS-kP11-22-40-bs6456",
    "kind": "bus_stop",
    "name": "吉木",
    "datum": "WGS84",
    "mountainIds": "824",
    "mountainNames": "宝満山",
    "lists": "九州百名山",
    "routes": "",
    "entryType": "",
    "trailKmToSummit": "",
    "related": "TH-n12016517886(403m)",
    "attributes": "operator=西鉄バス二日市（株）; busType=民間路線バス; busRoutes=1-1系統",
    "status": "adopted",
    "accuracyM": 10,
    "needsReview": "運行状況（季節運行・休止・予約制）を要確認",
    "sources": "国土数値情報（バス停留所データ）令和4年度（国土交通省）P11-22-40-bs6456（33.514565, 130.558400、JGD2011）を加工して作成",
    "verifiedAt": ""
   }
  },
  {
   "type": "Feature",
   "geometry": {
    "type": "Point",
    "coordinates": [
     130.5502235,
     33.5142387
    ]
   },
   "properties": {
    "id": "BS-kP11-22-40-bs6470",
    "kind": "bus_stop",
    "name": "三笠台前",
    "datum": "WGS84",
    "mountainIds": "824",
    "mountainNames": "宝満山",
    "lists": "九州百名山",
    "routes": "",
    "entryType": "",
    "trailKmToSummit": "",
    "related": "TH-n1852535245(453m)",
    "attributes": "operator=西鉄バス二日市（株）; busType=民間路線バス; busRoutes=1-1系統 / 1-2系統",
    "status": "adopted",
    "accuracyM": 10,
    "needsReview": "運行状況（季節運行・休止・予約制）を要確認",
    "sources": "国土数値情報（バス停留所データ）令和4年度（国土交通省）P11-22-40-bs6470（33.514239, 130.550223、JGD2011）を加工して作成",
    "verifiedAt": ""
   }
  },
  {
   "type": "Feature",
   "geometry": {
    "type": "Point",
    "coordinates": [
     130.2478973,
     33.5089819
    ]
   },
   "properties": {
    "id": "BS-kP11-22-40-bs6582",
    "kind": "bus_stop",
    "name": "辰ヶ橋",
    "datum": "WGS84",
    "mountainIds": "836",
    "mountainNames": "井原山",
    "lists": "九州百名山",
    "routes": "",
    "entryType": "",
    "trailKmToSummit": "",
    "related": "TH-n2018811368(455m)",
    "attributes": "operator=昭和自動車（株）; busType=民間路線バス; busRoutes=井原山線（糸島コミュニティバス）",
    "status": "adopted",
    "accuracyM": 10,
    "needsReview": "運行状況（季節運行・休止・予約制）を要確認",
    "sources": "国土数値情報（バス停留所データ）令和4年度（国土交通省）P11-22-40-bs6582（33.508982, 130.247897、JGD2011）を加工して作成",
    "verifiedAt": ""
   }
  },
  {
   "type": "Feature",
   "geometry": {
    "type": "Point",
    "coordinates": [
     130.2253206,
     33.5051209
    ]
   },
   "properties": {
    "id": "BS-kP11-22-40-bs6624",
    "kind": "bus_stop",
    "name": "藤坂橋",
    "datum": "WGS84",
    "mountainIds": "836",
    "mountainNames": "井原山",
    "lists": "九州百名山",
    "routes": "",
    "entryType": "",
    "trailKmToSummit": "",
    "related": "TH-n2018810182(372m)",
    "attributes": "operator=昭和自動車（株）; busType=民間路線バス; busRoutes=雷山線（糸島コミュニティバス）",
    "status": "adopted",
    "accuracyM": 10,
    "needsReview": "運行状況（季節運行・休止・予約制）を要確認",
    "sources": "国土数値情報（バス停留所データ）令和4年度（国土交通省）P11-22-40-bs6624（33.505121, 130.225321、JGD2011）を加工して作成",
    "verifiedAt": ""
   }
  },
  {
   "type": "Feature",
   "geometry": {
    "type": "Point",
    "coordinates": [
     130.2491399,
     33.5043774
    ]
   },
   "properties": {
    "id": "BS-kP11-22-40-bs6639",
    "kind": "bus_stop",
    "name": "瑞梅寺ダム",
    "datum": "WGS84",
    "mountainIds": "836",
    "mountainNames": "井原山",
    "lists": "九州百名山",
    "routes": "",
    "entryType": "",
    "trailKmToSummit": "",
    "related": "TH-n2018811368(139m)",
    "attributes": "operator=昭和自動車（株）; busType=民間路線バス; busRoutes=井原山線（糸島コミュニティバス）",
    "status": "adopted",
    "accuracyM": 10,
    "needsReview": "運行状況（季節運行・休止・予約制）を要確認",
    "sources": "国土数値情報（バス停留所データ）令和4年度（国土交通省）P11-22-40-bs6639（33.504377, 130.249140、JGD2011）を加工して作成",
    "verifiedAt": ""
   }
  },
  {
   "type": "Feature",
   "geometry": {
    "type": "Point",
    "coordinates": [
     130.2280704,
     33.5026026
    ]
   },
   "properties": {
    "id": "BS-kP11-22-40-bs6660",
    "kind": "bus_stop",
    "name": "迎野",
    "datum": "WGS84",
    "mountainIds": "836",
    "mountainNames": "井原山",
    "lists": "九州百名山",
    "routes": "",
    "entryType": "",
    "trailKmToSummit": "",
    "related": "TH-kP11-22-40-bs6759(808m) TH-n2018810182(103m)",
    "attributes": "operator=昭和自動車（株）; busType=民間路線バス; busRoutes=雷山線（糸島コミュニティバス）",
    "status": "adopted",
    "accuracyM": 10,
    "needsReview": "運行状況（季節運行・休止・予約制）を要確認、登山口から離れている（徒歩アプローチを要確認）",
    "sources": "国土数値情報（バス停留所データ）令和4年度（国土交通省）P11-22-40-bs6660（33.502603, 130.228070、JGD2011）を加工して作成",
    "verifiedAt": ""
   }
  },
  {
   "type": "Feature",
   "geometry": {
    "type": "Point",
    "coordinates": [
     130.9008364,
     33.8778152
    ]
   },
   "properties": {
    "id": "BS-kP11-22-40-bs667",
    "kind": "bus_stop",
    "name": "小文字一丁目",
    "datum": "WGS84",
    "mountainIds": "771",
    "mountainNames": "足立山",
    "lists": "九州百名山",
    "routes": "",
    "entryType": "",
    "trailKmToSummit": "",
    "related": "TH-n1579493511(497m) TH-n1579495691(580m)",
    "attributes": "operator=西鉄バス北九州（株）; busType=民間路線バス; busRoutes=5・93系統 / 93系統",
    "status": "adopted",
    "accuracyM": 10,
    "needsReview": "運行状況（季節運行・休止・予約制）を要確認",
    "sources": "国土数値情報（バス停留所データ）令和4年度（国土交通省）P11-22-40-bs667（33.877815, 130.900836、JGD2011）を加工して作成",
    "verifiedAt": ""
   }
  },
  {
   "type": "Feature",
   "geometry": {
    "type": "Point",
    "coordinates": [
     130.2482967,
     33.4985362
    ]
   },
   "properties": {
    "id": "BS-kP11-22-40-bs6723",
    "kind": "bus_stop",
    "name": "井原山入口",
    "datum": "WGS84",
    "mountainIds": "836",
    "mountainNames": "井原山",
    "lists": "九州百名山",
    "routes": "",
    "entryType": "",
    "trailKmToSummit": "",
    "related": "TH-n2018811368(702m)",
    "attributes": "operator=昭和自動車（株）; busType=民間路線バス; busRoutes=井原山線（糸島コミュニティバス）",
    "status": "adopted",
    "accuracyM": 10,
    "needsReview": "運行状況（季節運行・休止・予約制）を要確認、登山口から離れている（徒歩アプローチを要確認）",
    "sources": "国土数値情報（バス停留所データ）令和4年度（国土交通省）P11-22-40-bs6723（33.498536, 130.248297、JGD2011）を加工して作成",
    "verifiedAt": ""
   }
  },
  {
   "type": "Feature",
   "geometry": {
    "type": "Point",
    "coordinates": [
     130.2303777,
     33.4955526
    ]
   },
   "properties": {
    "id": "BS-kP11-22-40-bs6759",
    "kind": "bus_stop",
    "name": "雷山観音前",
    "datum": "WGS84",
    "mountainIds": "836",
    "mountainNames": "井原山",
    "lists": "九州百名山",
    "routes": "",
    "entryType": "",
    "trailKmToSummit": "",
    "related": "TH-kP11-22-40-bs6759(0m) TH-n2018810182(875m)",
    "attributes": "operator=昭和自動車（株）; busType=民間路線バス; busRoutes=雷山線（糸島コミュニティバス）",
    "status": "adopted",
    "accuracyM": 10,
    "needsReview": "運行状況（季節運行・休止・予約制）を要確認、登山口から離れている（徒歩アプローチを要確認）",
    "sources": "国土数値情報（バス停留所データ）令和4年度（国土交通省）P11-22-40-bs6759（33.495553, 130.230378、JGD2011）を加工して作成",
    "verifiedAt": ""
   }
  },
  {
   "type": "Feature",
   "geometry": {
    "type": "Point",
    "coordinates": [
     130.90961,
     33.4896694
    ]
   },
   "properties": {
    "id": "BS-kP11-22-40-bs6815",
    "kind": "bus_stop",
    "name": "ひこさんホテル入口",
    "datum": "WGS84",
    "mountainIds": "832",
    "mountainNames": "英彦山",
    "lists": "日本二百名山|日本三百名山|九州百名山",
    "routes": "",
    "entryType": "",
    "trailKmToSummit": "",
    "related": "TH-n1503562632(247m)",
    "attributes": "operator=添田町; busType=コミュニティバス; busRoutes=添田町バス",
    "status": "adopted",
    "accuracyM": 10,
    "needsReview": "運行状況（季節運行・休止・予約制）を要確認",
    "sources": "国土数値情報（バス停留所データ）令和4年度（国土交通省）P11-22-40-bs6815（33.489669, 130.909610、JGD2011）を加工して作成",
    "verifiedAt": ""
   }
  },
  {
   "type": "Feature",
   "geometry": {
    "type": "Point",
    "coordinates": [
     130.913221,
     33.4894418
    ]
   },
   "properties": {
    "id": "BS-kP11-22-40-bs6817",
    "kind": "bus_stop",
    "name": "野営場",
    "datum": "WGS84",
    "mountainIds": "832",
    "mountainNames": "英彦山",
    "lists": "日本二百名山|日本三百名山|九州百名山",
    "routes": "",
    "entryType": "",
    "trailKmToSummit": "",
    "related": "TH-n1503562105(688m)",
    "attributes": "operator=添田町; busType=コミュニティバス; busRoutes=添田町バス",
    "status": "adopted",
    "accuracyM": 10,
    "needsReview": "運行状況（季節運行・休止・予約制）を要確認、登山口から離れている（徒歩アプローチを要確認）",
    "sources": "国土数値情報（バス停留所データ）令和4年度（国土交通省）P11-22-40-bs6817（33.489442, 130.913221、JGD2011）を加工して作成",
    "verifiedAt": ""
   }
  },
  {
   "type": "Feature",
   "geometry": {
    "type": "Point",
    "coordinates": [
     130.9258324,
     33.4892147
    ]
   },
   "properties": {
    "id": "BS-kP11-22-40-bs6818",
    "kind": "bus_stop",
    "name": "青年の家入口",
    "datum": "WGS84",
    "mountainIds": "832",
    "mountainNames": "英彦山",
    "lists": "日本二百名山|日本三百名山|九州百名山",
    "routes": "",
    "entryType": "",
    "trailKmToSummit": "",
    "related": "TH-n1503560439(781m) TH-n1503562105(497m) TH-n6295246647(484m)",
    "attributes": "operator=添田町; busType=コミュニティバス; busRoutes=添田町バス",
    "status": "adopted",
    "accuracyM": 10,
    "needsReview": "運行状況（季節運行・休止・予約制）を要確認、登山口から離れている（徒歩アプローチを要確認）",
    "sources": "国土数値情報（バス停留所データ）令和4年度（国土交通省）P11-22-40-bs6818（33.489215, 130.925832、JGD2011）を加工して作成",
    "verifiedAt": ""
   }
  },
  {
   "type": "Feature",
   "geometry": {
    "type": "Point",
    "coordinates": [
     130.9051712,
     33.4887755
    ]
   },
   "properties": {
    "id": "BS-kP11-22-40-bs6820",
    "kind": "bus_stop",
    "name": "別所駐車場",
    "datum": "WGS84",
    "mountainIds": "832",
    "mountainNames": "英彦山",
    "lists": "日本二百名山|日本三百名山|九州百名山",
    "routes": "",
    "entryType": "",
    "trailKmToSummit": "",
    "related": "TH-n1503560607(451m) TH-n1503562632(177m)",
    "attributes": "operator=添田町; busType=コミュニティバス; busRoutes=添田町バス",
    "status": "adopted",
    "accuracyM": 10,
    "needsReview": "運行状況（季節運行・休止・予約制）を要確認",
    "sources": "国土数値情報（バス停留所データ）令和4年度（国土交通省）P11-22-40-bs6820（33.488775, 130.905171、JGD2011）を加工して作成",
    "verifiedAt": ""
   }
  },
  {
   "type": "Feature",
   "geometry": {
    "type": "Point",
    "coordinates": [
     130.9052539,
     33.4873323
    ]
   },
   "properties": {
    "id": "BS-kP11-22-40-bs6836",
    "kind": "bus_stop",
    "name": "下の谷",
    "datum": "WGS84",
    "mountainIds": "832",
    "mountainNames": "英彦山",
    "lists": "日本二百名山|日本三百名山|九州百名山",
    "routes": "",
    "entryType": "",
    "trailKmToSummit": "",
    "related": "TH-n1503560607(307m) TH-n1503560223(686m) TH-n1503562632(263m)",
    "attributes": "operator=添田町; busType=コミュニティバス; busRoutes=添田町バス",
    "status": "adopted",
    "accuracyM": 10,
    "needsReview": "運行状況（季節運行・休止・予約制）を要確認、登山口から離れている（徒歩アプローチを要確認）",
    "sources": "国土数値情報（バス停留所データ）令和4年度（国土交通省）P11-22-40-bs6836（33.487332, 130.905254、JGD2011）を加工して作成",
    "verifiedAt": ""
   }
  },
  {
   "type": "Feature",
   "geometry": {
    "type": "Point",
    "coordinates": [
     130.892575,
     33.4855696
    ]
   },
   "properties": {
    "id": "BS-kP11-22-40-bs6845",
    "kind": "bus_stop",
    "name": "唐ヶ谷",
    "datum": "WGS84",
    "mountainIds": "832",
    "mountainNames": "英彦山",
    "lists": "日本二百名山|日本三百名山|九州百名山",
    "routes": "",
    "entryType": "",
    "trailKmToSummit": "",
    "related": "TH-n1503560223(674m)",
    "attributes": "operator=添田町; busType=コミュニティバス; busRoutes=添田町バス",
    "status": "adopted",
    "accuracyM": 10,
    "needsReview": "運行状況（季節運行・休止・予約制）を要確認、登山口から離れている（徒歩アプローチを要確認）",
    "sources": "国土数値情報（バス停留所データ）令和4年度（国土交通省）P11-22-40-bs6845（33.485570, 130.892575、JGD2011）を加工して作成",
    "verifiedAt": ""
   }
  },
  {
   "type": "Feature",
   "geometry": {
    "type": "Point",
    "coordinates": [
     130.9071636,
     33.4855416
    ]
   },
   "properties": {
    "id": "BS-kP11-22-40-bs6848",
    "kind": "bus_stop",
    "name": "神宮下",
    "datum": "WGS84",
    "mountainIds": "832",
    "mountainNames": "英彦山",
    "lists": "日本二百名山|日本三百名山|九州百名山",
    "routes": "",
    "entryType": "",
    "trailKmToSummit": "",
    "related": "TH-n1503560607(57m)",
    "attributes": "operator=添田町; busType=コミュニティバス; busRoutes=添田町バス",
    "status": "adopted",
    "accuracyM": 10,
    "needsReview": "運行状況（季節運行・休止・予約制）を要確認",
    "sources": "国土数値情報（バス停留所データ）令和4年度（国土交通省）P11-22-40-bs6848（33.485542, 130.907164、JGD2011）を加工して作成",
    "verifiedAt": ""
   }
  },
  {
   "type": "Feature",
   "geometry": {
    "type": "Point",
    "coordinates": [
     130.9012928,
     33.4853359
    ]
   },
   "properties": {
    "id": "BS-kP11-22-40-bs6851",
    "kind": "bus_stop",
    "name": "銅の鳥居",
    "datum": "WGS84",
    "mountainIds": "832",
    "mountainNames": "英彦山",
    "lists": "日本二百名山|日本三百名山|九州百名山",
    "routes": "",
    "entryType": "",
    "trailKmToSummit": "",
    "related": "TH-n1503560223(265m)",
    "attributes": "operator=添田町; busType=コミュニティバス; busRoutes=添田町バス",
    "status": "adopted",
    "accuracyM": 10,
    "needsReview": "運行状況（季節運行・休止・予約制）を要確認",
    "sources": "国土数値情報（バス停留所データ）令和4年度（国土交通省）P11-22-40-bs6851（33.485336, 130.901293、JGD2011）を加工して作成",
    "verifiedAt": ""
   }
  },
  {
   "type": "Feature",
   "geometry": {
    "type": "Point",
    "coordinates": [
     130.9322038,
     33.4846591
    ]
   },
   "properties": {
    "id": "BS-kP11-22-40-bs6857",
    "kind": "bus_stop",
    "name": "豊前坊",
    "datum": "WGS84",
    "mountainIds": "832",
    "mountainNames": "英彦山",
    "lists": "日本二百名山|日本三百名山|九州百名山",
    "routes": "",
    "entryType": "",
    "trailKmToSummit": "",
    "related": "TH-n1503560439(15m) TH-n6295246647(304m)",
    "attributes": "operator=添田町; busType=コミュニティバス; busRoutes=添田町バス",
    "status": "adopted",
    "accuracyM": 10,
    "needsReview": "運行状況（季節運行・休止・予約制）を要確認",
    "sources": "国土数値情報（バス停留所データ）令和4年度（国土交通省）P11-22-40-bs6857（33.484659, 130.932204、JGD2011）を加工して作成",
    "verifiedAt": ""
   }
  },
  {
   "type": "Feature",
   "geometry": {
    "type": "Point",
    "coordinates": [
     130.9003593,
     33.8752049
    ]
   },
   "properties": {
    "id": "BS-kP11-22-40-bs717",
    "kind": "bus_stop",
    "name": "小文字二丁目",
    "datum": "WGS84",
    "mountainIds": "771",
    "mountainNames": "足立山",
    "lists": "九州百名山",
    "routes": "",
    "entryType": "",
    "trailKmToSummit": "",
    "related": "TH-n1579493511(461m)",
    "attributes": "operator=西鉄バス北九州（株）; busType=民間路線バス; busRoutes=5・93系統 / 93系統",
    "status": "adopted",
    "accuracyM": 10,
    "needsReview": "運行状況（季節運行・休止・予約制）を要確認",
    "sources": "国土数値情報（バス停留所データ）令和4年度（国土交通省）P11-22-40-bs717（33.875205, 130.900359、JGD2011）を加工して作成",
    "verifiedAt": ""
   }
  },
  {
   "type": "Feature",
   "geometry": {
    "type": "Point",
    "coordinates": [
     130.899873,
     33.8730115
    ]
   },
   "properties": {
    "id": "BS-kP11-22-40-bs751",
    "kind": "bus_stop",
    "name": "山門町",
    "datum": "WGS84",
    "mountainIds": "771",
    "mountainNames": "足立山",
    "lists": "九州百名山",
    "routes": "",
    "entryType": "",
    "trailKmToSummit": "",
    "related": "TH-n1579493511(569m)",
    "attributes": "operator=西鉄バス北九州（株）; busType=民間路線バス; busRoutes=5・93系統 / 93系統",
    "status": "adopted",
    "accuracyM": 10,
    "needsReview": "運行状況（季節運行・休止・予約制）を要確認",
    "sources": "国土数値情報（バス停留所データ）令和4年度（国土交通省）P11-22-40-bs751（33.873012, 130.899873、JGD2011）を加工して作成",
    "verifiedAt": ""
   }
  },
  {
   "type": "Feature",
   "geometry": {
    "type": "Point",
    "coordinates": [
     130.898895,
     33.8653623
    ]
   },
   "properties": {
    "id": "BS-kP11-22-40-bs924",
    "kind": "bus_stop",
    "name": "森林公園入口",
    "datum": "WGS84",
    "mountainIds": "771",
    "mountainNames": "足立山",
    "lists": "九州百名山",
    "routes": "",
    "entryType": "",
    "trailKmToSummit": "",
    "related": "TH-n5434372794(472m)",
    "attributes": "operator=西鉄バス北九州（株）; busType=民間路線バス; busRoutes=5・93系統 / 93系統",
    "status": "adopted",
    "accuracyM": 10,
    "needsReview": "運行状況（季節運行・休止・予約制）を要確認",
    "sources": "国土数値情報（バス停留所データ）令和4年度（国土交通省）P11-22-40-bs924（33.865362, 130.898895、JGD2011）を加工して作成",
    "verifiedAt": ""
   }
  },
  {
   "type": "Feature",
   "geometry": {
    "type": "Point",
    "coordinates": [
     130.897962,
     33.8649182
    ]
   },
   "properties": {
    "id": "BS-kP11-22-40-bs939",
    "kind": "bus_stop",
    "name": "第一黒原",
    "datum": "WGS84",
    "mountainIds": "771",
    "mountainNames": "足立山",
    "lists": "九州百名山",
    "routes": "",
    "entryType": "",
    "trailKmToSummit": "",
    "related": "TH-n5434372794(529m)",
    "attributes": "operator=西鉄バス北九州（株）; busType=民間路線バス; busRoutes=27系統 / 28系統",
    "status": "adopted",
    "accuracyM": 10,
    "needsReview": "運行状況（季節運行・休止・予約制）を要確認",
    "sources": "国土数値情報（バス停留所データ）令和4年度（国土交通省）P11-22-40-bs939（33.864918, 130.897962、JGD2011）を加工して作成",
    "verifiedAt": ""
   }
  },
  {
   "type": "Feature",
   "geometry": {
    "type": "Point",
    "coordinates": [
     130.8979171,
     33.8634275
    ]
   },
   "properties": {
    "id": "BS-kP11-22-40-bs975",
    "kind": "bus_stop",
    "name": "黒原一丁目",
    "datum": "WGS84",
    "mountainIds": "771",
    "mountainNames": "足立山",
    "lists": "九州百名山",
    "routes": "",
    "entryType": "",
    "trailKmToSummit": "",
    "related": "TH-n5434372794(501m)",
    "attributes": "operator=西鉄バス北九州（株）; busType=民間路線バス; busRoutes=27系統 / 28系統 / 5・93系統",
    "status": "adopted",
    "accuracyM": 10,
    "needsReview": "運行状況（季節運行・休止・予約制）を要確認",
    "sources": "国土数値情報（バス停留所データ）令和4年度（国土交通省）P11-22-40-bs975（33.863428, 130.897917、JGD2011）を加工して作成",
    "verifiedAt": ""
   }
  },
  {
   "type": "Feature",
   "geometry": {
    "type": "Point",
    "coordinates": [
     129.8928107,
     33.2363195
    ]
   },
   "properties": {
    "id": "BS-kP11-22-41-bs2142",
    "kind": "bus_stop",
    "name": "大川内山",
    "datum": "WGS84",
    "mountainIds": "851",
    "mountainNames": "黒髪山",
    "lists": "九州百名山",
    "routes": "",
    "entryType": "",
    "trailKmToSummit": "",
    "related": "TH-n1836184398(714m)",
    "attributes": "operator=西肥自動車（株）; busType=民間路線バス; busRoutes=1024　大川内山",
    "status": "adopted",
    "accuracyM": 10,
    "needsReview": "運行状況（季節運行・休止・予約制）を要確認、登山口から離れている（徒歩アプローチを要確認）",
    "sources": "国土数値情報（バス停留所データ）令和4年度（国土交通省）P11-22-41-bs2142（33.236319, 129.892811、JGD2011）を加工して作成",
    "verifiedAt": ""
   }
  },
  {
   "type": "Feature",
   "geometry": {
    "type": "Point",
    "coordinates": [
     129.8959711,
     33.1964335
    ]
   },
   "properties": {
    "id": "BS-kP11-22-41-bs2480",
    "kind": "bus_stop",
    "name": "有田ダム入口",
    "datum": "WGS84",
    "mountainIds": "851",
    "mountainNames": "黒髪山",
    "lists": "九州百名山",
    "routes": "",
    "entryType": "",
    "trailKmToSummit": "",
    "related": "TH-w415761662(31m)",
    "attributes": "operator=有田町; busType=コミュニティバス; busRoutes=有田町コミュニティバス東西線",
    "status": "adopted",
    "accuracyM": 10,
    "needsReview": "運行状況（季節運行・休止・予約制）を要確認",
    "sources": "国土数値情報（バス停留所データ）令和4年度（国土交通省）P11-22-41-bs2480（33.196434, 129.895971、JGD2011）を加工して作成",
    "verifiedAt": ""
   }
  },
  {
   "type": "Feature",
   "geometry": {
    "type": "Point",
    "coordinates": [
     129.8941371,
     33.19506
    ]
   },
   "properties": {
    "id": "BS-kP11-22-41-bs2495",
    "kind": "bus_stop",
    "name": "為朝橋",
    "datum": "WGS84",
    "mountainIds": "851",
    "mountainNames": "黒髪山",
    "lists": "九州百名山",
    "routes": "",
    "entryType": "",
    "trailKmToSummit": "",
    "related": "TH-w415761662(233m)",
    "attributes": "operator=有田町; busType=コミュニティバス; busRoutes=有田町コミュニティバス東西線",
    "status": "adopted",
    "accuracyM": 10,
    "needsReview": "運行状況（季節運行・休止・予約制）を要確認",
    "sources": "国土数値情報（バス停留所データ）令和4年度（国土交通省）P11-22-41-bs2495（33.195060, 129.894137、JGD2011）を加工して作成",
    "verifiedAt": ""
   }
  },
  {
   "type": "Feature",
   "geometry": {
    "type": "Point",
    "coordinates": [
     129.9070336,
     33.1943206
    ]
   },
   "properties": {
    "id": "BS-kP11-22-41-bs2503",
    "kind": "bus_stop",
    "name": "石場前",
    "datum": "WGS84",
    "mountainIds": "851",
    "mountainNames": "黒髪山",
    "lists": "九州百名山",
    "routes": "",
    "entryType": "",
    "trailKmToSummit": "",
    "related": "TH-n1744238597(435m)",
    "attributes": "operator=有田町; busType=コミュニティバス; busRoutes=有田町コミュニティバス東西線 / 有田町コミュニティバス東方線",
    "status": "adopted",
    "accuracyM": 10,
    "needsReview": "運行状況（季節運行・休止・予約制）を要確認",
    "sources": "国土数値情報（バス停留所データ）令和4年度（国土交通省）P11-22-41-bs2503（33.194321, 129.907034、JGD2011）を加工して作成",
    "verifiedAt": ""
   }
  },
  {
   "type": "Feature",
   "geometry": {
    "type": "Point",
    "coordinates": [
     129.904265,
     33.1917202
    ]
   },
   "properties": {
    "id": "BS-kP11-22-41-bs2536",
    "kind": "bus_stop",
    "name": "上有田駅入口",
    "datum": "WGS84",
    "mountainIds": "851",
    "mountainNames": "黒髪山",
    "lists": "九州百名山",
    "routes": "",
    "entryType": "",
    "trailKmToSummit": "",
    "related": "TH-n1744238597(549m)",
    "attributes": "operator=有田町; busType=コミュニティバス; busRoutes=有田町コミュニティバス東西線 / 有田町コミュニティバス東方線",
    "status": "adopted",
    "accuracyM": 10,
    "needsReview": "運行状況（季節運行・休止・予約制）を要確認",
    "sources": "国土数値情報（バス停留所データ）令和4年度（国土交通省）P11-22-41-bs2536（33.191720, 129.904265、JGD2011）を加工して作成",
    "verifiedAt": ""
   }
  },
  {
   "type": "Feature",
   "geometry": {
    "type": "Point",
    "coordinates": [
     129.9018102,
     33.191423
    ]
   },
   "properties": {
    "id": "BS-kP11-22-41-bs2540",
    "kind": "bus_stop",
    "name": "上幸平",
    "datum": "WGS84",
    "mountainIds": "851",
    "mountainNames": "黒髪山",
    "lists": "九州百名山",
    "routes": "",
    "entryType": "",
    "trailKmToSummit": "",
    "related": "TH-n1744238597(588m)",
    "attributes": "operator=有田町; busType=コミュニティバス; busRoutes=有田町コミュニティバス東西線 / 有田町コミュニティバス東方線",
    "status": "adopted",
    "accuracyM": 10,
    "needsReview": "運行状況（季節運行・休止・予約制）を要確認",
    "sources": "国土数値情報（バス停留所データ）令和4年度（国土交通省）P11-22-41-bs2540（33.191423, 129.901810、JGD2011）を加工して作成 ｜ OpenStreetMap（© OpenStreetMap contributors, ODbL 1.0）Geofabrik japan-latest.osm.pbf 2026-09-23T20:22:04Z node/3960852158",
    "verifiedAt": ""
   }
  },
  {
   "type": "Feature",
   "geometry": {
    "type": "Point",
    "coordinates": [
     129.895271,
     33.191004
    ]
   },
   "properties": {
    "id": "BS-kP11-22-41-bs2546",
    "kind": "bus_stop",
    "name": "有田小学校前",
    "datum": "WGS84",
    "mountainIds": "851",
    "mountainNames": "黒髪山",
    "lists": "九州百名山",
    "routes": "",
    "entryType": "",
    "trailKmToSummit": "",
    "related": "TH-w415761662(585m)",
    "attributes": "operator=有田町; busType=コミュニティバス; busRoutes=有田町コミュニティバス東西線 / 有田町コミュニティバス東方線",
    "status": "adopted",
    "accuracyM": 10,
    "needsReview": "運行状況（季節運行・休止・予約制）を要確認",
    "sources": "国土数値情報（バス停留所データ）令和4年度（国土交通省）P11-22-41-bs2546（33.191004, 129.895271、JGD2011）を加工して作成",
    "verifiedAt": ""
   }
  },
  {
   "type": "Feature",
   "geometry": {
    "type": "Point",
    "coordinates": [
     129.9338557,
     33.1032012
    ]
   },
   "properties": {
    "id": "BS-kP11-22-41-bs2805",
    "kind": "bus_stop",
    "name": "牛の岳",
    "datum": "WGS84",
    "mountainIds": "864",
    "mountainNames": "虚空蔵山",
    "lists": "九州百名山",
    "routes": "",
    "entryType": "",
    "trailKmToSummit": "",
    "related": "TH-kP11-22-41-bs2851(544m)",
    "attributes": "operator=JR九州バス（株）; busType=民間路線バス; busRoutes=嬉野線　牛の岳線",
    "status": "adopted",
    "accuracyM": 10,
    "needsReview": "運行状況（季節運行・休止・予約制）を要確認",
    "sources": "国土数値情報（バス停留所データ）令和4年度（国土交通省）P11-22-41-bs2805（33.103201, 129.933856、JGD2011）を加工して作成",
    "verifiedAt": ""
   }
  },
  {
   "type": "Feature",
   "geometry": {
    "type": "Point",
    "coordinates": [
     129.9342437,
     33.0982945
    ]
   },
   "properties": {
    "id": "BS-kP11-22-41-bs2851",
    "kind": "bus_stop",
    "name": "大茶樹入口",
    "datum": "WGS84",
    "mountainIds": "864",
    "mountainNames": "虚空蔵山",
    "lists": "九州百名山",
    "routes": "",
    "entryType": "",
    "trailKmToSummit": "",
    "related": "TH-kP11-22-41-bs2851(0m)",
    "attributes": "operator=JR九州バス（株）; busType=民間路線バス; busRoutes=嬉野線　牛の岳線",
    "status": "adopted",
    "accuracyM": 10,
    "needsReview": "運行状況（季節運行・休止・予約制）を要確認",
    "sources": "国土数値情報（バス停留所データ）令和4年度（国土交通省）P11-22-41-bs2851（33.098295, 129.934244、JGD2011）を加工して作成",
    "verifiedAt": ""
   }
  },
  {
   "type": "Feature",
   "geometry": {
    "type": "Point",
    "coordinates": [
     129.9370246,
     33.0964521
    ]
   },
   "properties": {
    "id": "BS-kP11-22-41-bs2860",
    "kind": "bus_stop",
    "name": "不動山",
    "datum": "WGS84",
    "mountainIds": "864",
    "mountainNames": "虚空蔵山",
    "lists": "九州百名山",
    "routes": "",
    "entryType": "",
    "trailKmToSummit": "",
    "related": "TH-kP11-22-41-bs2851(330m)",
    "attributes": "operator=JR九州バス（株）; busType=民間路線バス; busRoutes=嬉野線　牛の岳線",
    "status": "adopted",
    "accuracyM": 10,
    "needsReview": "運行状況（季節運行・休止・予約制）を要確認",
    "sources": "国土数値情報（バス停留所データ）令和4年度（国土交通省）P11-22-41-bs2860（33.096452, 129.937025、JGD2011）を加工して作成",
    "verifiedAt": ""
   }
  },
  {
   "type": "Feature",
   "geometry": {
    "type": "Point",
    "coordinates": [
     130.4730528,
     33.4174584
    ]
   },
   "properties": {
    "id": "BS-kP11-22-41-bs453",
    "kind": "bus_stop",
    "name": "河内",
    "datum": "WGS84",
    "mountainIds": "844",
    "mountainNames": "九千部山",
    "lists": "九州百名山",
    "routes": "",
    "entryType": "",
    "trailKmToSummit": "",
    "related": "TH-n1861221882(579m)",
    "attributes": "operator=西鉄バス佐賀（株）; busType=民間路線バス; busRoutes=1［河内～鳥栖駅］ / 2系統",
    "status": "adopted",
    "accuracyM": 10,
    "needsReview": "運行状況（季節運行・休止・予約制）を要確認",
    "sources": "国土数値情報（バス停留所データ）令和4年度（国土交通省）P11-22-41-bs453（33.417458, 130.473053、JGD2011）を加工して作成",
    "verifiedAt": ""
   }
  },
  {
   "type": "Feature",
   "geometry": {
    "type": "Point",
    "coordinates": [
     130.3550645,
     33.4169271
    ]
   },
   "properties": {
    "id": "BS-kP11-22-41-bs459",
    "kind": "bus_stop",
    "name": "脊振神社前",
    "datum": "WGS84",
    "mountainIds": "843",
    "mountainNames": "脊振山",
    "lists": "日本三百名山|九州百名山",
    "routes": "",
    "entryType": "",
    "trailKmToSummit": "",
    "related": "TH-kP11-22-41-bs494(579m)",
    "attributes": "operator=神埼市; busType=公営路線バス; busRoutes=脊振町通学バス（脊振山麓線）",
    "status": "adopted",
    "accuracyM": 10,
    "needsReview": "運行状況（季節運行・休止・予約制）を要確認",
    "sources": "国土数値情報（バス停留所データ）令和4年度（国土交通省）P11-22-41-bs459（33.416927, 130.355064、JGD2011）を加工して作成",
    "verifiedAt": ""
   }
  },
  {
   "type": "Feature",
   "geometry": {
    "type": "Point",
    "coordinates": [
     130.3523709,
     33.4125859
    ]
   },
   "properties": {
    "id": "BS-kP11-22-41-bs487",
    "kind": "bus_stop",
    "name": "脊振山麓",
    "datum": "WGS84",
    "mountainIds": "843",
    "mountainNames": "脊振山",
    "lists": "日本三百名山|九州百名山",
    "routes": "",
    "entryType": "",
    "trailKmToSummit": "",
    "related": "TH-kP11-22-41-bs494(371m)",
    "attributes": "operator=神埼市; busType=公営路線バス; busRoutes=脊振町通学バス（脊振山麓線）",
    "status": "adopted",
    "accuracyM": 10,
    "needsReview": "運行状況（季節運行・休止・予約制）を要確認",
    "sources": "国土数値情報（バス停留所データ）令和4年度（国土交通省）P11-22-41-bs487（33.412586, 130.352371、JGD2011）を加工して作成",
    "verifiedAt": ""
   }
  },
  {
   "type": "Feature",
   "geometry": {
    "type": "Point",
    "coordinates": [
     130.3562457,
     33.41178
    ]
   },
   "properties": {
    "id": "BS-kP11-22-41-bs494",
    "kind": "bus_stop",
    "name": "古賀の尾",
    "datum": "WGS84",
    "mountainIds": "843",
    "mountainNames": "脊振山",
    "lists": "日本三百名山|九州百名山",
    "routes": "",
    "entryType": "",
    "trailKmToSummit": "",
    "related": "TH-kP11-22-41-bs494(0m)",
    "attributes": "operator=神埼市; busType=公営路線バス; busRoutes=脊振町通学バス（脊振山麓線）",
    "status": "adopted",
    "accuracyM": 10,
    "needsReview": "運行状況（季節運行・休止・予約制）を要確認",
    "sources": "国土数値情報（バス停留所データ）令和4年度（国土交通省）P11-22-41-bs494（33.411780, 130.356246、JGD2011）を加工して作成",
    "verifiedAt": ""
   }
  },
  {
   "type": "Feature",
   "geometry": {
    "type": "Point",
    "coordinates": [
     130.3732555,
     33.3985971
    ]
   },
   "properties": {
    "id": "BS-kP11-22-41-bs563",
    "kind": "bus_stop",
    "name": "犬井谷",
    "datum": "WGS84",
    "mountainIds": "843",
    "mountainNames": "脊振山",
    "lists": "日本三百名山|九州百名山",
    "routes": "",
    "entryType": "",
    "trailKmToSummit": "",
    "related": "TH-kP11-22-41-bs563(0m)",
    "attributes": "operator=神埼市; busType=公営路線バス; busRoutes=脊振町通学バス（脊振山麓線）",
    "status": "adopted",
    "accuracyM": 10,
    "needsReview": "運行状況（季節運行・休止・予約制）を要確認",
    "sources": "国土数値情報（バス停留所データ）令和4年度（国土交通省）P11-22-41-bs563（33.398597, 130.373255、JGD2011）を加工して作成",
    "verifiedAt": ""
   }
  },
  {
   "type": "Feature",
   "geometry": {
    "type": "Point",
    "coordinates": [
     128.7097151,
     32.6746068
    ]
   },
   "properties": {
    "id": "BS-kP11-22-42-bs120",
    "kind": "bus_stop",
    "name": "七岳口",
    "datum": "WGS84",
    "mountainIds": "892",
    "mountainNames": "七ツ岳",
    "lists": "九州百名山",
    "routes": "",
    "entryType": "",
    "trailKmToSummit": "",
    "related": "TH-n1288683882(13m) TH-n1288669624(798m) TH-n12141204057(374m)",
    "attributes": "operator=五島自動車（株）; busType=民間路線バス; busRoutes=福江（二本楠）荒川 / 福江（荒川）布浦 / 福江（荒川）玉之浦",
    "status": "adopted",
    "accuracyM": 10,
    "needsReview": "運行状況（季節運行・休止・予約制）を要確認、登山口から離れている（徒歩アプローチを要確認）",
    "sources": "国土数値情報（バス停留所データ）令和4年度（国土交通省）P11-22-42-bs120（32.674607, 128.709715、JGD2011）を加工して作成",
    "verifiedAt": ""
   }
  },
  {
   "type": "Feature",
   "geometry": {
    "type": "Point",
    "coordinates": [
     128.7181034,
     32.674337
    ]
   },
   "properties": {
    "id": "BS-kP11-22-42-bs123",
    "kind": "bus_stop",
    "name": "一軒家",
    "datum": "WGS84",
    "mountainIds": "892",
    "mountainNames": "七ツ岳",
    "lists": "九州百名山",
    "routes": "",
    "entryType": "",
    "trailKmToSummit": "",
    "related": "TH-n1288683882(780m) TH-n12141204057(552m)",
    "attributes": "operator=五島自動車（株）; busType=民間路線バス; busRoutes=福江（二本楠）荒川 / 福江（荒川）布浦 / 福江（荒川）玉之浦",
    "status": "adopted",
    "accuracyM": 10,
    "needsReview": "運行状況（季節運行・休止・予約制）を要確認、登山口から離れている（徒歩アプローチを要確認）",
    "sources": "国土数値情報（バス停留所データ）令和4年度（国土交通省）P11-22-42-bs123（32.674337, 128.718103、JGD2011）を加工して作成",
    "verifiedAt": ""
   }
  },
  {
   "type": "Feature",
   "geometry": {
    "type": "Point",
    "coordinates": [
     129.3648939,
     33.1860732
    ]
   },
   "properties": {
    "id": "BS-kP11-22-42-bs1770",
    "kind": "bus_stop",
    "name": "福良",
    "datum": "WGS84",
    "mountainIds": "856",
    "mountainNames": "志々伎山",
    "lists": "九州百名山",
    "routes": "",
    "entryType": "",
    "trailKmToSummit": "",
    "related": "TH-n6453495965(889m)",
    "attributes": "operator=平戸市; busType=コミュニティバス; busRoutes=紐差・宮の浦線",
    "status": "adopted",
    "accuracyM": 10,
    "needsReview": "運行状況（季節運行・休止・予約制）を要確認、登山口から離れている（徒歩アプローチを要確認）",
    "sources": "国土数値情報（バス停留所データ）令和4年度（国土交通省）P11-22-42-bs1770（33.186073, 129.364894、JGD2011）を加工して作成",
    "verifiedAt": ""
   }
  },
  {
   "type": "Feature",
   "geometry": {
    "type": "Point",
    "coordinates": [
     129.3695934,
     33.1854901
    ]
   },
   "properties": {
    "id": "BS-kP11-22-42-bs1773",
    "kind": "bus_stop",
    "name": "野子",
    "datum": "WGS84",
    "mountainIds": "856",
    "mountainNames": "志々伎山",
    "lists": "九州百名山",
    "routes": "",
    "entryType": "",
    "trailKmToSummit": "",
    "related": "TH-n6453495965(752m)",
    "attributes": "operator=平戸市; busType=コミュニティバス; busRoutes=紐差・宮の浦線",
    "status": "adopted",
    "accuracyM": 10,
    "needsReview": "運行状況（季節運行・休止・予約制）を要確認、登山口から離れている（徒歩アプローチを要確認）",
    "sources": "国土数値情報（バス停留所データ）令和4年度（国土交通省）P11-22-42-bs1773（33.185490, 129.369593、JGD2011）を加工して作成",
    "verifiedAt": ""
   }
  },
  {
   "type": "Feature",
   "geometry": {
    "type": "Point",
    "coordinates": [
     130.0573611,
     32.9770864
    ]
   },
   "properties": {
    "id": "BS-kP11-22-42-bs2490",
    "kind": "bus_stop",
    "name": "黒木",
    "datum": "WGS84",
    "mountainIds": "868 869",
    "mountainNames": "経ガ岳、多良岳",
    "lists": "九州百名山|日本三百名山",
    "routes": "",
    "entryType": "",
    "trailKmToSummit": "",
    "related": "TH-n1344057897(59m) TH-n1344057897(59m) TH-n1344057897(59m)",
    "attributes": "operator=長崎県; busType=公営路線バス; busRoutes=3大村ターミナル大村インター / 3向木場大村インター / 3向木場大村インター・イオン大村",
    "status": "adopted",
    "accuracyM": 10,
    "needsReview": "運行状況（季節運行・休止・予約制）を要確認",
    "sources": "国土数値情報（バス停留所データ）令和4年度（国土交通省）P11-22-42-bs2490（32.977086, 130.057361、JGD2011）を加工して作成 ｜ OpenStreetMap（© OpenStreetMap contributors, ODbL 1.0）Geofabrik japan-latest.osm.pbf 2026-09-23T20:22:04Z node/12156167874",
    "verifiedAt": ""
   }
  },
  {
   "type": "Feature",
   "geometry": {
    "type": "Point",
    "coordinates": [
     131.0844941,
     32.8803153
    ]
   },
   "properties": {
    "id": "BS-kP11-22-43-bs1011",
    "kind": "bus_stop",
    "name": "火口",
    "datum": "WGS84",
    "mountainIds": "873",
    "mountainNames": "阿蘇山",
    "lists": "日本百名山|日本二百名山|日本三百名山|九州百名山",
    "routes": "",
    "entryType": "",
    "trailKmToSummit": "",
    "related": "TH-kP11-22-43-bs1011(0m) TH-n585195466(924m) TH-n849507201(717m)",
    "attributes": "operator=産交バス（株）; busType=民間路線バス; busRoutes=阿蘇山上ターミナル～火口",
    "status": "adopted",
    "accuracyM": 10,
    "needsReview": "運行状況（季節運行・休止・予約制）を要確認、登山口から離れている（徒歩アプローチを要確認）",
    "sources": "国土数値情報（バス停留所データ）令和4年度（国土交通省）P11-22-43-bs1011（32.880315, 131.084494、JGD2011）を加工して作成",
    "verifiedAt": ""
   }
  },
  {
   "type": "Feature",
   "geometry": {
    "type": "Point",
    "coordinates": [
     131.0738692,
     32.8801569
    ]
   },
   "properties": {
    "id": "BS-kP11-22-43-bs1016",
    "kind": "bus_stop",
    "name": "阿蘇山上ターミナル",
    "datum": "WGS84",
    "mountainIds": "873",
    "mountainNames": "阿蘇山",
    "lists": "日本百名山|日本二百名山|日本三百名山|九州百名山",
    "routes": "",
    "entryType": "",
    "trailKmToSummit": "",
    "related": "TH-kP11-22-43-bs1011(993m) TH-n585195466(182m)",
    "attributes": "operator=産交バス（株）; busType=民間路線バス; busRoutes=8：阿蘇駅前～野営場前～草千里～阿蘇山上ターミナル / 阿蘇山上ターミナル～火口",
    "status": "adopted",
    "accuracyM": 10,
    "needsReview": "運行状況（季節運行・休止・予約制）を要確認、登山口から離れている（徒歩アプローチを要確認）",
    "sources": "国土数値情報（バス停留所データ）令和4年度（国土交通省）P11-22-43-bs1016（32.880157, 131.073869、JGD2011）を加工して作成",
    "verifiedAt": ""
   }
  },
  {
   "type": "Feature",
   "geometry": {
    "type": "Point",
    "coordinates": [
     130.9376926,
     32.8425154
    ]
   },
   "properties": {
    "id": "BS-kP11-22-43-bs1432",
    "kind": "bus_stop",
    "name": "萌の里・俵山登山口",
    "datum": "WGS84",
    "mountainIds": "880",
    "mountainNames": "俵山",
    "lists": "九州百名山",
    "routes": "",
    "entryType": "",
    "trailKmToSummit": "",
    "related": "TH-kP11-22-43-bs1432(0m) TH-n11221795665(420m)",
    "attributes": "operator=産交バス（株）; busType=民間路線バス; busRoutes=TM：西部車庫→空港～県庁→高森中央 / TM：高森中央→空港→西部車庫",
    "status": "adopted",
    "accuracyM": 10,
    "needsReview": "運行状況（季節運行・休止・予約制）を要確認",
    "sources": "国土数値情報（バス停留所データ）令和4年度（国土交通省）P11-22-43-bs1432（32.842515, 130.937693、JGD2011）を加工して作成",
    "verifiedAt": ""
   }
  },
  {
   "type": "Feature",
   "geometry": {
    "type": "Point",
    "coordinates": [
     130.4169612,
     32.4928378
    ]
   },
   "properties": {
    "id": "BS-kP11-22-43-bs3833",
    "kind": "bus_stop",
    "name": "今泉三差路",
    "datum": "WGS84",
    "mountainIds": "906",
    "mountainNames": "次郎丸岳",
    "lists": "九州百名山",
    "routes": "",
    "entryType": "",
    "trailKmToSummit": "",
    "related": "TH-n1294659948(900m)",
    "attributes": "operator=産交バス（株）; busType=民間路線バス; busRoutes=松島→大浦旧道～上津浦旧道→本渡バスセンター / 本渡バスセンター→上津浦旧道～有明温泉～大浦旧道→松島 / 松島→大浦新道～上津浦新道→本渡バスセンター",
    "status": "adopted",
    "accuracyM": 10,
    "needsReview": "運行状況（季節運行・休止・予約制）を要確認、登山口から離れている（徒歩アプローチを要確認）",
    "sources": "国土数値情報（バス停留所データ）令和4年度（国土交通省）P11-22-43-bs3833（32.492838, 130.416961、JGD2011）を加工して作成",
    "verifiedAt": ""
   }
  },
  {
   "type": "Feature",
   "geometry": {
    "type": "Point",
    "coordinates": [
     130.3926477,
     32.4891296
    ]
   },
   "properties": {
    "id": "BS-kP11-22-43-bs3850",
    "kind": "bus_stop",
    "name": "長尾",
    "datum": "WGS84",
    "mountainIds": "906",
    "mountainNames": "次郎丸岳",
    "lists": "九州百名山",
    "routes": "",
    "entryType": "",
    "trailKmToSummit": "",
    "related": "TH-n1294631347(103m)",
    "attributes": "operator=産交バス（株）; busType=民間路線バス; busRoutes=教良木～知十～上天草高校前～さんぱーる / 本渡バスセンター～浦～教良木～松島 / 松島～内野河内～竜ヶ岳～倉岳校前",
    "status": "adopted",
    "accuracyM": 10,
    "needsReview": "運行状況（季節運行・休止・予約制）を要確認",
    "sources": "国土数値情報（バス停留所データ）令和4年度（国土交通省）P11-22-43-bs3850（32.489130, 130.392648、JGD2011）を加工して作成",
    "verifiedAt": ""
   }
  },
  {
   "type": "Feature",
   "geometry": {
    "type": "Point",
    "coordinates": [
     130.3927034,
     32.4850599
    ]
   },
   "properties": {
    "id": "BS-kP11-22-43-bs3869",
    "kind": "bus_stop",
    "name": "後山",
    "datum": "WGS84",
    "mountainIds": "906",
    "mountainNames": "次郎丸岳",
    "lists": "九州百名山",
    "routes": "",
    "entryType": "",
    "trailKmToSummit": "",
    "related": "TH-n1294631347(350m)",
    "attributes": "operator=産交バス（株）; busType=民間路線バス; busRoutes=教良木～知十～上天草高校前～さんぱーる / 本渡バスセンター～浦～教良木～松島 / 松島～内野河内～竜ヶ岳～倉岳校前",
    "status": "adopted",
    "accuracyM": 10,
    "needsReview": "運行状況（季節運行・休止・予約制）を要確認",
    "sources": "国土数値情報（バス停留所データ）令和4年度（国土交通省）P11-22-43-bs3869（32.485060, 130.392703、JGD2011）を加工して作成",
    "verifiedAt": ""
   }
  },
  {
   "type": "Feature",
   "geometry": {
    "type": "Point",
    "coordinates": [
     130.3897599,
     32.4808677
    ]
   },
   "properties": {
    "id": "BS-kP11-22-43-bs3891",
    "kind": "bus_stop",
    "name": "倉江",
    "datum": "WGS84",
    "mountainIds": "906",
    "mountainNames": "次郎丸岳",
    "lists": "九州百名山",
    "routes": "",
    "entryType": "",
    "trailKmToSummit": "",
    "related": "TH-n1294631347(850m)",
    "attributes": "operator=産交バス（株）; busType=民間路線バス; busRoutes=教良木～知十～上天草高校前～さんぱーる / 本渡バスセンター～浦～教良木～松島 / 松島～内野河内～竜ヶ岳～倉岳校前",
    "status": "adopted",
    "accuracyM": 10,
    "needsReview": "運行状況（季節運行・休止・予約制）を要確認、登山口から離れている（徒歩アプローチを要確認）",
    "sources": "国土数値情報（バス停留所データ）令和4年度（国土交通省）P11-22-43-bs3891（32.480868, 130.389760、JGD2011）を加工して作成",
    "verifiedAt": ""
   }
  },
  {
   "type": "Feature",
   "geometry": {
    "type": "Point",
    "coordinates": [
     130.3439342,
     32.4171497
    ]
   },
   "properties": {
    "id": "BS-kP11-22-43-bs4115",
    "kind": "bus_stop",
    "name": "南平（天草）",
    "datum": "WGS84",
    "mountainIds": "909",
    "mountainNames": "倉岳",
    "lists": "九州百名山",
    "routes": "",
    "entryType": "",
    "trailKmToSummit": "",
    "related": "TH-n5354452137(981m)",
    "attributes": "operator=産交バス（株）; busType=民間路線バス; busRoutes=本渡バスセンター～下浦～下柿塚～新町団地 / 本渡バスセンター～浦～教良木～松島 / 松島～内野河内～竜ヶ岳～倉岳校前",
    "status": "adopted",
    "accuracyM": 10,
    "needsReview": "運行状況（季節運行・休止・予約制）を要確認、登山口から離れている（徒歩アプローチを要確認）",
    "sources": "国土数値情報（バス停留所データ）令和4年度（国土交通省）P11-22-43-bs4115（32.417150, 130.343934、JGD2011）を加工して作成",
    "verifiedAt": ""
   }
  },
  {
   "type": "Feature",
   "geometry": {
    "type": "Point",
    "coordinates": [
     130.8266193,
     32.3973403
    ]
   },
   "properties": {
    "id": "BS-kP11-22-43-bs4181",
    "kind": "bus_stop",
    "name": "温泉センター前（五木）",
    "datum": "WGS84",
    "mountainIds": "911",
    "mountainNames": "仰烏帽子山",
    "lists": "九州百名山",
    "routes": "",
    "entryType": "",
    "trailKmToSummit": "",
    "related": "TH-n1289867619(539m) TH-n1289893178(474m)",
    "attributes": "operator=産交バス（株）; busType=民間路線バス; busRoutes=人吉産交～変電所～大谷～頭地",
    "status": "adopted",
    "accuracyM": 10,
    "needsReview": "運行状況（季節運行・休止・予約制）を要確認",
    "sources": "国土数値情報（バス停留所データ）令和4年度（国土交通省）P11-22-43-bs4181（32.397340, 130.826619、JGD2011）を加工して作成",
    "verifiedAt": ""
   }
  },
  {
   "type": "Feature",
   "geometry": {
    "type": "Point",
    "coordinates": [
     130.8275965,
     32.397095
    ]
   },
   "properties": {
    "id": "BS-kP11-22-43-bs4182",
    "kind": "bus_stop",
    "name": "五木役場前",
    "datum": "WGS84",
    "mountainIds": "911",
    "mountainNames": "仰烏帽子山",
    "lists": "九州百名山",
    "routes": "",
    "entryType": "",
    "trailKmToSummit": "",
    "related": "TH-n1289867619(609m) TH-n1289893178(482m)",
    "attributes": "operator=産交バス（株）; busType=民間路線バス; busRoutes=人吉産交～変電所～大谷～頭地",
    "status": "adopted",
    "accuracyM": 10,
    "needsReview": "運行状況（季節運行・休止・予約制）を要確認、登山口から離れている（徒歩アプローチを要確認）",
    "sources": "国土数値情報（バス停留所データ）令和4年度（国土交通省）P11-22-43-bs4182（32.397095, 130.827596、JGD2011）を加工して作成",
    "verifiedAt": ""
   }
  },
  {
   "type": "Feature",
   "geometry": {
    "type": "Point",
    "coordinates": [
     130.8270107,
     32.3959054
    ]
   },
   "properties": {
    "id": "BS-kP11-22-43-bs4190",
    "kind": "bus_stop",
    "name": "頭地代替地",
    "datum": "WGS84",
    "mountainIds": "911",
    "mountainNames": "仰烏帽子山",
    "lists": "九州百名山",
    "routes": "",
    "entryType": "",
    "trailKmToSummit": "",
    "related": "TH-n1289867619(515m) TH-n1289893178(340m)",
    "attributes": "operator=産交バス（株）; busType=民間路線バス; busRoutes=人吉産交～変電所～大谷～頭地",
    "status": "adopted",
    "accuracyM": 10,
    "needsReview": "運行状況（季節運行・休止・予約制）を要確認",
    "sources": "国土数値情報（バス停留所データ）令和4年度（国土交通省）P11-22-43-bs4190（32.395905, 130.827011、JGD2011）を加工して作成",
    "verifiedAt": ""
   }
  },
  {
   "type": "Feature",
   "geometry": {
    "type": "Point",
    "coordinates": [
     130.8350739,
     32.3851119
    ]
   },
   "properties": {
    "id": "BS-kP11-22-43-bs4229",
    "kind": "bus_stop",
    "name": "下谷（国道）",
    "datum": "WGS84",
    "mountainIds": "911",
    "mountainNames": "仰烏帽子山",
    "lists": "九州百名山",
    "routes": "",
    "entryType": "",
    "trailKmToSummit": "",
    "related": "TH-n1289880648(982m)",
    "attributes": "operator=産交バス（株）; busType=民間路線バス; busRoutes=人吉産交～変電所～大谷～頭地",
    "status": "adopted",
    "accuracyM": 10,
    "needsReview": "運行状況（季節運行・休止・予約制）を要確認、登山口から離れている（徒歩アプローチを要確認）",
    "sources": "国土数値情報（バス停留所データ）令和4年度（国土交通省）P11-22-43-bs4229（32.385112, 130.835074、JGD2011）を加工して作成",
    "verifiedAt": ""
   }
  },
  {
   "type": "Feature",
   "geometry": {
    "type": "Point",
    "coordinates": [
     130.8381142,
     32.3763778
    ]
   },
   "properties": {
    "id": "BS-kP11-22-43-bs4248",
    "kind": "bus_stop",
    "name": "三方谷（国道五木）",
    "datum": "WGS84",
    "mountainIds": "911",
    "mountainNames": "仰烏帽子山",
    "lists": "九州百名山",
    "routes": "",
    "entryType": "",
    "trailKmToSummit": "",
    "related": "TH-n1289880648(242m)",
    "attributes": "operator=産交バス（株）; busType=民間路線バス; busRoutes=人吉産交～変電所～大谷～頭地",
    "status": "adopted",
    "accuracyM": 10,
    "needsReview": "運行状況（季節運行・休止・予約制）を要確認",
    "sources": "国土数値情報（バス停留所データ）令和4年度（国土交通省）P11-22-43-bs4248（32.376378, 130.838114、JGD2011）を加工して作成",
    "verifiedAt": ""
   }
  },
  {
   "type": "Feature",
   "geometry": {
    "type": "Point",
    "coordinates": [
     130.8361144,
     32.3704985
    ]
   },
   "properties": {
    "id": "BS-kP11-22-43-bs4260",
    "kind": "bus_stop",
    "name": "大平（国道五木）",
    "datum": "WGS84",
    "mountainIds": "911",
    "mountainNames": "仰烏帽子山",
    "lists": "九州百名山",
    "routes": "",
    "entryType": "",
    "trailKmToSummit": "",
    "related": "TH-kP11-22-43-bs4283(773m) TH-n1289880648(637m)",
    "attributes": "operator=産交バス（株）; busType=民間路線バス; busRoutes=人吉産交～変電所～大谷～頭地",
    "status": "adopted",
    "accuracyM": 10,
    "needsReview": "運行状況（季節運行・休止・予約制）を要確認、登山口から離れている（徒歩アプローチを要確認）",
    "sources": "国土数値情報（バス停留所データ）令和4年度（国土交通省）P11-22-43-bs4260（32.370498, 130.836114、JGD2011）を加工して作成",
    "verifiedAt": ""
   }
  },
  {
   "type": "Feature",
   "geometry": {
    "type": "Point",
    "coordinates": [
     130.8378716,
     32.3636701
    ]
   },
   "properties": {
    "id": "BS-kP11-22-43-bs4283",
    "kind": "bus_stop",
    "name": "野々脇",
    "datum": "WGS84",
    "mountainIds": "911",
    "mountainNames": "仰烏帽子山",
    "lists": "九州百名山",
    "routes": "",
    "entryType": "",
    "trailKmToSummit": "",
    "related": "TH-kP11-22-43-bs4283(0m)",
    "attributes": "operator=産交バス（株）; busType=民間路線バス; busRoutes=人吉産交～変電所～大谷～頭地",
    "status": "adopted",
    "accuracyM": 10,
    "needsReview": "運行状況（季節運行・休止・予約制）を要確認",
    "sources": "国土数値情報（バス停留所データ）令和4年度（国土交通省）P11-22-43-bs4283（32.363670, 130.837872、JGD2011）を加工して作成",
    "verifiedAt": ""
   }
  },
  {
   "type": "Feature",
   "geometry": {
    "type": "Point",
    "coordinates": [
     130.8433705,
     32.3622784
    ]
   },
   "properties": {
    "id": "BS-kP11-22-43-bs4290",
    "kind": "bus_stop",
    "name": "野々脇住宅前",
    "datum": "WGS84",
    "mountainIds": "911",
    "mountainNames": "仰烏帽子山",
    "lists": "九州百名山",
    "routes": "",
    "entryType": "",
    "trailKmToSummit": "",
    "related": "TH-kP11-22-43-bs4283(539m)",
    "attributes": "operator=産交バス（株）; busType=民間路線バス; busRoutes=人吉産交～変電所～大谷～頭地",
    "status": "adopted",
    "accuracyM": 10,
    "needsReview": "運行状況（季節運行・休止・予約制）を要確認",
    "sources": "国土数値情報（バス停留所データ）令和4年度（国土交通省）P11-22-43-bs4290（32.362278, 130.843370、JGD2011）を加工して作成",
    "verifiedAt": ""
   }
  },
  {
   "type": "Feature",
   "geometry": {
    "type": "Point",
    "coordinates": [
     130.4197905,
     32.1276986
    ]
   },
   "properties": {
    "id": "BS-kP11-22-43-bs5215",
    "kind": "bus_stop",
    "name": "招川内",
    "datum": "WGS84",
    "mountainIds": "917",
    "mountainNames": "矢筈岳",
    "lists": "九州百名山",
    "routes": "",
    "entryType": "",
    "trailKmToSummit": "",
    "related": "TH-n1382721419(468m)",
    "attributes": "operator=水俣市; busType=コミュニティバス; busRoutes=茂道・湯の鶴線",
    "status": "adopted",
    "accuracyM": 10,
    "needsReview": "運行状況（季節運行・休止・予約制）を要確認",
    "sources": "国土数値情報（バス停留所データ）令和4年度（国土交通省）P11-22-43-bs5215（32.127699, 130.419790、JGD2011）を加工して作成",
    "verifiedAt": ""
   }
  },
  {
   "type": "Feature",
   "geometry": {
    "type": "Point",
    "coordinates": [
     131.4410852,
     33.5008583
    ]
   },
   "properties": {
    "id": "BS-kP11-22-44-bs1167",
    "kind": "bus_stop",
    "name": "松尾",
    "datum": "WGS84",
    "mountainIds": "827",
    "mountainNames": "津波戸山",
    "lists": "九州百名山",
    "routes": "",
    "entryType": "",
    "trailKmToSummit": "",
    "related": "TH-n1308739145(735m)",
    "attributes": "operator=杵築市; busType=コミュニティバス; busRoutes=立石向野線",
    "status": "adopted",
    "accuracyM": 10,
    "needsReview": "運行状況（季節運行・休止・予約制）を要確認、登山口から離れている（徒歩アプローチを要確認）",
    "sources": "国土数値情報（バス停留所データ）令和4年度（国土交通省）P11-22-44-bs1167（33.500858, 131.441085、JGD2011）を加工して作成",
    "verifiedAt": ""
   }
  },
  {
   "type": "Feature",
   "geometry": {
    "type": "Point",
    "coordinates": [
     131.4502096,
     33.500506
    ]
   },
   "properties": {
    "id": "BS-kP11-22-44-bs1170",
    "kind": "bus_stop",
    "name": "仏供",
    "datum": "WGS84",
    "mountainIds": "827",
    "mountainNames": "津波戸山",
    "lists": "九州百名山",
    "routes": "",
    "entryType": "",
    "trailKmToSummit": "",
    "related": "TH-n1308739145(642m)",
    "attributes": "operator=杵築市; busType=コミュニティバス; busRoutes=立石向野線",
    "status": "adopted",
    "accuracyM": 10,
    "needsReview": "運行状況（季節運行・休止・予約制）を要確認、登山口から離れている（徒歩アプローチを要確認）",
    "sources": "国土数値情報（バス停留所データ）令和4年度（国土交通省）P11-22-44-bs1170（33.500506, 131.450210、JGD2011）を加工して作成",
    "verifiedAt": ""
   }
  },
  {
   "type": "Feature",
   "geometry": {
    "type": "Point",
    "coordinates": [
     131.0392404,
     33.499717
    ]
   },
   "properties": {
    "id": "BS-kP11-22-44-bs1181",
    "kind": "bus_stop",
    "name": "森の木",
    "datum": "WGS84",
    "mountainIds": "828",
    "mountainNames": "犬ガ岳",
    "lists": "九州百名山",
    "routes": "",
    "entryType": "",
    "trailKmToSummit": "",
    "related": "TH-n1299215025(88m)",
    "attributes": "operator=大分交通（株）; busType=民間路線バス; busRoutes=津民",
    "status": "adopted",
    "accuracyM": 10,
    "needsReview": "運行状況（季節運行・休止・予約制）を要確認",
    "sources": "国土数値情報（バス停留所データ）令和4年度（国土交通省）P11-22-44-bs1181（33.499717, 131.039240、JGD2011）を加工して作成",
    "verifiedAt": ""
   }
  },
  {
   "type": "Feature",
   "geometry": {
    "type": "Point",
    "coordinates": [
     131.0392404,
     33.499717
    ]
   },
   "properties": {
    "id": "BS-kP11-22-44-bs1182",
    "kind": "bus_stop",
    "name": "森の木",
    "datum": "WGS84",
    "mountainIds": "828",
    "mountainNames": "犬ガ岳",
    "lists": "九州百名山",
    "routes": "",
    "entryType": "",
    "trailKmToSummit": "",
    "related": "TH-n1299215025(88m)",
    "attributes": "operator=中津市; busType=コミュニティバス; busRoutes=中津市コミュニティバス　耶馬溪・川原口線 / 中津市コミュニティバス　耶馬溪・津民線",
    "status": "adopted",
    "accuracyM": 10,
    "needsReview": "運行状況（季節運行・休止・予約制）を要確認",
    "sources": "国土数値情報（バス停留所データ）令和4年度（国土交通省）P11-22-44-bs1182（33.499717, 131.039240、JGD2011）を加工して作成",
    "verifiedAt": ""
   }
  },
  {
   "type": "Feature",
   "geometry": {
    "type": "Point",
    "coordinates": [
     131.0416205,
     33.4994907
    ]
   },
   "properties": {
    "id": "BS-kP11-22-44-bs1186",
    "kind": "bus_stop",
    "name": "小屋の原",
    "datum": "WGS84",
    "mountainIds": "828",
    "mountainNames": "犬ガ岳",
    "lists": "九州百名山",
    "routes": "",
    "entryType": "",
    "trailKmToSummit": "",
    "related": "TH-n1299215025(176m)",
    "attributes": "operator=大分交通（株）; busType=民間路線バス; busRoutes=津民",
    "status": "adopted",
    "accuracyM": 10,
    "needsReview": "運行状況（季節運行・休止・予約制）を要確認",
    "sources": "国土数値情報（バス停留所データ）令和4年度（国土交通省）P11-22-44-bs1186（33.499491, 131.041620、JGD2011）を加工して作成",
    "verifiedAt": ""
   }
  },
  {
   "type": "Feature",
   "geometry": {
    "type": "Point",
    "coordinates": [
     131.0275976,
     33.4992741
    ]
   },
   "properties": {
    "id": "BS-kP11-22-44-bs1188",
    "kind": "bus_stop",
    "name": "相の原",
    "datum": "WGS84",
    "mountainIds": "828",
    "mountainNames": "犬ガ岳",
    "lists": "九州百名山",
    "routes": "",
    "entryType": "",
    "trailKmToSummit": "",
    "related": "TH-n1299211926(598m)",
    "attributes": "operator=大分交通（株）; busType=民間路線バス; busRoutes=津民",
    "status": "adopted",
    "accuracyM": 10,
    "needsReview": "運行状況（季節運行・休止・予約制）を要確認",
    "sources": "国土数値情報（バス停留所データ）令和4年度（国土交通省）P11-22-44-bs1188（33.499274, 131.027598、JGD2011）を加工して作成",
    "verifiedAt": ""
   }
  },
  {
   "type": "Feature",
   "geometry": {
    "type": "Point",
    "coordinates": [
     131.0275976,
     33.4992741
    ]
   },
   "properties": {
    "id": "BS-kP11-22-44-bs1189",
    "kind": "bus_stop",
    "name": "相の原",
    "datum": "WGS84",
    "mountainIds": "828",
    "mountainNames": "犬ガ岳",
    "lists": "九州百名山",
    "routes": "",
    "entryType": "",
    "trailKmToSummit": "",
    "related": "TH-n1299211926(598m)",
    "attributes": "operator=中津市; busType=コミュニティバス; busRoutes=中津市コミュニティバス　耶馬溪・川原口線 / 中津市コミュニティバス　耶馬溪・津民線",
    "status": "adopted",
    "accuracyM": 10,
    "needsReview": "運行状況（季節運行・休止・予約制）を要確認",
    "sources": "国土数値情報（バス停留所データ）令和4年度（国土交通省）P11-22-44-bs1189（33.499274, 131.027598、JGD2011）を加工して作成",
    "verifiedAt": ""
   }
  },
  {
   "type": "Feature",
   "geometry": {
    "type": "Point",
    "coordinates": [
     131.5310351,
     33.466696
    ]
   },
   "properties": {
    "id": "BS-kP11-22-44-bs1511",
    "kind": "bus_stop",
    "name": "柚ノ迫",
    "datum": "WGS84",
    "mountainIds": "831",
    "mountainNames": "田原山",
    "lists": "九州百名山",
    "routes": "",
    "entryType": "",
    "trailKmToSummit": "",
    "related": "TH-n2027146038(829m)",
    "attributes": "operator=杵築市; busType=コミュニティバス; busRoutes=上畑・小武線",
    "status": "adopted",
    "accuracyM": 10,
    "needsReview": "運行状況（季節運行・休止・予約制）を要確認、登山口から離れている（徒歩アプローチを要確認）",
    "sources": "国土数値情報（バス停留所データ）令和4年度（国土交通省）P11-22-44-bs1511（33.466696, 131.531035、JGD2011）を加工して作成",
    "verifiedAt": ""
   }
  },
  {
   "type": "Feature",
   "geometry": {
    "type": "Point",
    "coordinates": [
     131.2616347,
     33.4535182
    ]
   },
   "properties": {
    "id": "BS-kP11-22-44-bs1634",
    "kind": "bus_stop",
    "name": "仙人入口",
    "datum": "WGS84",
    "mountainIds": "842",
    "mountainNames": "鹿嵐山",
    "lists": "九州百名山",
    "routes": "",
    "entryType": "",
    "trailKmToSummit": "",
    "related": "TH-n1301389970(826m)",
    "attributes": "operator=宇佐市; busType=コミュニティバス; busRoutes=上麻生線",
    "status": "adopted",
    "accuracyM": 10,
    "needsReview": "運行状況（季節運行・休止・予約制）を要確認、登山口から離れている（徒歩アプローチを要確認）",
    "sources": "国土数値情報（バス停留所データ）令和4年度（国土交通省）P11-22-44-bs1634（33.453518, 131.261635、JGD2011）を加工して作成",
    "verifiedAt": ""
   }
  },
  {
   "type": "Feature",
   "geometry": {
    "type": "Point",
    "coordinates": [
     131.2593544,
     33.4410282
    ]
   },
   "properties": {
    "id": "BS-kP11-22-44-bs1772",
    "kind": "bus_stop",
    "name": "小野川内田平",
    "datum": "WGS84",
    "mountainIds": "842",
    "mountainNames": "鹿嵐山",
    "lists": "九州百名山",
    "routes": "",
    "entryType": "",
    "trailKmToSummit": "",
    "related": "TH-n2558335762(568m) TH-n1301371344(527m)",
    "attributes": "operator=宇佐市; busType=コミュニティバス; busRoutes=高並線",
    "status": "adopted",
    "accuracyM": 10,
    "needsReview": "運行状況（季節運行・休止・予約制）を要確認",
    "sources": "国土数値情報（バス停留所データ）令和4年度（国土交通省）P11-22-44-bs1772（33.441028, 131.259354、JGD2011）を加工して作成",
    "verifiedAt": ""
   }
  },
  {
   "type": "Feature",
   "geometry": {
    "type": "Point",
    "coordinates": [
     131.2735469,
     33.4375064
    ]
   },
   "properties": {
    "id": "BS-kP11-22-44-bs1821",
    "kind": "bus_stop",
    "name": "落合橋",
    "datum": "WGS84",
    "mountainIds": "842",
    "mountainNames": "鹿嵐山",
    "lists": "九州百名山",
    "routes": "",
    "entryType": "",
    "trailKmToSummit": "",
    "related": "TH-n2558335762(831m)",
    "attributes": "operator=宇佐市; busType=コミュニティバス; busRoutes=高並線",
    "status": "adopted",
    "accuracyM": 10,
    "needsReview": "運行状況（季節運行・休止・予約制）を要確認、登山口から離れている（徒歩アプローチを要確認）",
    "sources": "国土数値情報（バス停留所データ）令和4年度（国土交通省）P11-22-44-bs1821（33.437506, 131.273547、JGD2011）を加工して作成",
    "verifiedAt": ""
   }
  },
  {
   "type": "Feature",
   "geometry": {
    "type": "Point",
    "coordinates": [
     131.461658,
     33.3098946
    ]
   },
   "properties": {
    "id": "BS-kP11-22-44-bs3047",
    "kind": "bus_stop",
    "name": "照湯",
    "datum": "WGS84",
    "mountainIds": "848",
    "mountainNames": "鶴見岳",
    "lists": "日本三百名山|九州百名山",
    "routes": "",
    "entryType": "",
    "trailKmToSummit": "",
    "related": "TH-n4139393725(984m)",
    "attributes": "operator=亀の井バス（株）; busType=民間路線バス; busRoutes=5　野口原経由APU線 / 24　新港町経由APU線 / 41　サファリ線",
    "status": "adopted",
    "accuracyM": 10,
    "needsReview": "運行状況（季節運行・休止・予約制）を要確認、登山口から離れている（徒歩アプローチを要確認）",
    "sources": "国土数値情報（バス停留所データ）令和4年度（国土交通省）P11-22-44-bs3047（33.309895, 131.461658、JGD2011）を加工して作成 ｜ OpenStreetMap（© OpenStreetMap contributors, ODbL 1.0）Geofabrik japan-latest.osm.pbf 2026-09-23T20:22:04Z node/3742393600",
    "verifiedAt": ""
   }
  },
  {
   "type": "Feature",
   "geometry": {
    "type": "Point",
    "coordinates": [
     131.4650102,
     33.3032846
    ]
   },
   "properties": {
    "id": "BS-kP11-22-44-bs3121",
    "kind": "bus_stop",
    "name": "扇山団地",
    "datum": "WGS84",
    "mountainIds": "848",
    "mountainNames": "鶴見岳",
    "lists": "日本三百名山|九州百名山",
    "routes": "",
    "entryType": "",
    "trailKmToSummit": "",
    "related": "TH-kP11-22-44-bs3148(430m)",
    "attributes": "operator=亀の井バス（株）; busType=民間路線バス; busRoutes=3扇山線",
    "status": "adopted",
    "accuracyM": 10,
    "needsReview": "運行状況（季節運行・休止・予約制）を要確認",
    "sources": "国土数値情報（バス停留所データ）令和4年度（国土交通省）P11-22-44-bs3121（33.303285, 131.465010、JGD2011）を加工して作成",
    "verifiedAt": ""
   }
  },
  {
   "type": "Feature",
   "geometry": {
    "type": "Point",
    "coordinates": [
     131.4619991,
     33.3016285
    ]
   },
   "properties": {
    "id": "BS-kP11-22-44-bs3141",
    "kind": "bus_stop",
    "name": "扇山団地入口",
    "datum": "WGS84",
    "mountainIds": "848",
    "mountainNames": "鶴見岳",
    "lists": "日本三百名山|九州百名山",
    "routes": "",
    "entryType": "",
    "trailKmToSummit": "",
    "related": "TH-kP11-22-44-bs3148(99m) TH-n2148643377(581m) TH-n4139393725(994m)",
    "attributes": "operator=亀の井バス（株）; busType=民間路線バス; busRoutes=3扇山線",
    "status": "adopted",
    "accuracyM": 10,
    "needsReview": "運行状況（季節運行・休止・予約制）を要確認、登山口から離れている（徒歩アプローチを要確認）",
    "sources": "国土数値情報（バス停留所データ）令和4年度（国土交通省）P11-22-44-bs3141（33.301629, 131.461999、JGD2011）を加工して作成",
    "verifiedAt": ""
   }
  },
  {
   "type": "Feature",
   "geometry": {
    "type": "Point",
    "coordinates": [
     131.4613056,
     33.3009517
    ]
   },
   "properties": {
    "id": "BS-kP11-22-44-bs3148",
    "kind": "bus_stop",
    "name": "ゴルフ場入口",
    "datum": "WGS84",
    "mountainIds": "848",
    "mountainNames": "鶴見岳",
    "lists": "日本三百名山|九州百名山",
    "routes": "",
    "entryType": "",
    "trailKmToSummit": "",
    "related": "TH-kP11-22-44-bs3148(0m) TH-n2148643377(503m) TH-n4139393725(973m)",
    "attributes": "operator=亀の井バス（株）; busType=民間路線バス; busRoutes=3扇山線",
    "status": "adopted",
    "accuracyM": 10,
    "needsReview": "運行状況（季節運行・休止・予約制）を要確認、登山口から離れている（徒歩アプローチを要確認）",
    "sources": "国土数値情報（バス停留所データ）令和4年度（国土交通省）P11-22-44-bs3148（33.300952, 131.461306、JGD2011）を加工して作成",
    "verifiedAt": ""
   }
  },
  {
   "type": "Feature",
   "geometry": {
    "type": "Point",
    "coordinates": [
     131.4609406,
     33.2962771
    ]
   },
   "properties": {
    "id": "BS-kP11-22-44-bs3194",
    "kind": "bus_stop",
    "name": "自衛隊前",
    "datum": "WGS84",
    "mountainIds": "848",
    "mountainNames": "鶴見岳",
    "lists": "日本三百名山|九州百名山",
    "routes": "",
    "entryType": "",
    "trailKmToSummit": "",
    "related": "TH-n1712254871(830m) TH-n2148643377(645m)",
    "attributes": "operator=亀の井バス（株）; busType=民間路線バス; busRoutes=3扇山線",
    "status": "adopted",
    "accuracyM": 10,
    "needsReview": "運行状況（季節運行・休止・予約制）を要確認、登山口から離れている（徒歩アプローチを要確認）",
    "sources": "国土数値情報（バス停留所データ）令和4年度（国土交通省）P11-22-44-bs3194（33.296277, 131.460941、JGD2011）を加工して作成 ｜ OpenStreetMap（© OpenStreetMap contributors, ODbL 1.0）Geofabrik japan-latest.osm.pbf 2026-09-23T20:22:04Z node/7018657290",
    "verifiedAt": ""
   }
  },
  {
   "type": "Feature",
   "geometry": {
    "type": "Point",
    "coordinates": [
     131.4562886,
     33.2898625
    ]
   },
   "properties": {
    "id": "BS-kP11-22-44-bs3265",
    "kind": "bus_stop",
    "name": "恵下",
    "datum": "WGS84",
    "mountainIds": "848",
    "mountainNames": "鶴見岳",
    "lists": "日本三百名山|九州百名山",
    "routes": "",
    "entryType": "",
    "trailKmToSummit": "",
    "related": "TH-n1712254871(913m)",
    "attributes": "operator=亀の井バス（株）; busType=民間路線バス; busRoutes=36　湯布院線",
    "status": "adopted",
    "accuracyM": 10,
    "needsReview": "運行状況（季節運行・休止・予約制）を要確認、登山口から離れている（徒歩アプローチを要確認）",
    "sources": "国土数値情報（バス停留所データ）令和4年度（国土交通省）P11-22-44-bs3265（33.289862, 131.456289、JGD2011）を加工して作成",
    "verifiedAt": ""
   }
  },
  {
   "type": "Feature",
   "geometry": {
    "type": "Point",
    "coordinates": [
     131.4482627,
     33.2778499
    ]
   },
   "properties": {
    "id": "BS-kP11-22-44-bs3411",
    "kind": "bus_stop",
    "name": "別府ロープウェイ",
    "datum": "WGS84",
    "mountainIds": "848",
    "mountainNames": "鶴見岳",
    "lists": "日本三百名山|九州百名山",
    "routes": "",
    "entryType": "",
    "trailKmToSummit": "",
    "related": "TH-n2193710763(480m)",
    "attributes": "operator=亀の井バス（株）; busType=民間路線バス; busRoutes=36　湯布院線",
    "status": "adopted",
    "accuracyM": 10,
    "needsReview": "運行状況（季節運行・休止・予約制）を要確認",
    "sources": "国土数値情報（バス停留所データ）令和4年度（国土交通省）P11-22-44-bs3411（33.277850, 131.448263、JGD2011）を加工して作成",
    "verifiedAt": ""
   }
  },
  {
   "type": "Feature",
   "geometry": {
    "type": "Point",
    "coordinates": [
     131.4448168,
     33.2746716
    ]
   },
   "properties": {
    "id": "BS-kP11-22-44-bs3443",
    "kind": "bus_stop",
    "name": "旗の台",
    "datum": "WGS84",
    "mountainIds": "848",
    "mountainNames": "鶴見岳",
    "lists": "日本三百名山|九州百名山",
    "routes": "",
    "entryType": "",
    "trailKmToSummit": "",
    "related": "TH-n1744178824(580m) TH-n2193710763(5m)",
    "attributes": "operator=亀の井バス（株）; busType=民間路線バス; busRoutes=36　湯布院線",
    "status": "adopted",
    "accuracyM": 10,
    "needsReview": "運行状況（季節運行・休止・予約制）を要確認",
    "sources": "国土数値情報（バス停留所データ）令和4年度（国土交通省）P11-22-44-bs3443（33.274672, 131.444817、JGD2011）を加工して作成",
    "verifiedAt": ""
   }
  },
  {
   "type": "Feature",
   "geometry": {
    "type": "Point",
    "coordinates": [
     131.3628018,
     33.2710637
    ]
   },
   "properties": {
    "id": "BS-kP11-22-44-bs3474",
    "kind": "bus_stop",
    "name": "佐土原",
    "datum": "WGS84",
    "mountainIds": "849",
    "mountainNames": "由布岳",
    "lists": "日本二百名山|日本三百名山|九州百名山",
    "routes": "",
    "entryType": "",
    "trailKmToSummit": "",
    "related": "TH-n1307439394(628m) TH-n1307439394(628m)",
    "attributes": "operator=由布市; busType=コミュニティバス; busRoutes=スクールバス塚原コース / 塚原コース",
    "status": "adopted",
    "accuracyM": 10,
    "needsReview": "運行状況（季節運行・休止・予約制）を要確認、登山口から離れている（徒歩アプローチを要確認）",
    "sources": "国土数値情報（バス停留所データ）令和4年度（国土交通省）P11-22-44-bs3474（33.271064, 131.362802、JGD2011）を加工して作成 ｜ OpenStreetMap（© OpenStreetMap contributors, ODbL 1.0）Geofabrik japan-latest.osm.pbf 2026-09-23T20:22:04Z node/9892437622",
    "verifiedAt": ""
   }
  },
  {
   "type": "Feature",
   "geometry": {
    "type": "Point",
    "coordinates": [
     131.4352499,
     33.2700457
    ]
   },
   "properties": {
    "id": "BS-kP11-22-44-bs3480",
    "kind": "bus_stop",
    "name": "トンネル口",
    "datum": "WGS84",
    "mountainIds": "848",
    "mountainNames": "鶴見岳",
    "lists": "日本三百名山|九州百名山",
    "routes": "",
    "entryType": "",
    "trailKmToSummit": "",
    "related": "TH-kP11-22-44-bs3480(0m) TH-n1744178824(457m)",
    "attributes": "operator=亀の井バス（株）; busType=民間路線バス; busRoutes=36　湯布院線",
    "status": "adopted",
    "accuracyM": 10,
    "needsReview": "運行状況（季節運行・休止・予約制）を要確認",
    "sources": "国土数値情報（バス停留所データ）令和4年度（国土交通省）P11-22-44-bs3480（33.270046, 131.435250、JGD2011）を加工して作成",
    "verifiedAt": ""
   }
  },
  {
   "type": "Feature",
   "geometry": {
    "type": "Point",
    "coordinates": [
     131.4424094,
     33.2699625
    ]
   },
   "properties": {
    "id": "BS-kP11-22-44-bs3481",
    "kind": "bus_stop",
    "name": "鳥居",
    "datum": "WGS84",
    "mountainIds": "848",
    "mountainNames": "鶴見岳",
    "lists": "日本三百名山|九州百名山",
    "routes": "",
    "entryType": "",
    "trailKmToSummit": "",
    "related": "TH-kP11-22-44-bs3480(666m) TH-n1744178824(431m) TH-n2193710763(563m)",
    "attributes": "operator=亀の井バス（株）; busType=民間路線バス; busRoutes=36　湯布院線",
    "status": "adopted",
    "accuracyM": 10,
    "needsReview": "運行状況（季節運行・休止・予約制）を要確認、登山口から離れている（徒歩アプローチを要確認）",
    "sources": "国土数値情報（バス停留所データ）令和4年度（国土交通省）P11-22-44-bs3481（33.269963, 131.442409、JGD2011）を加工して作成",
    "verifiedAt": ""
   }
  },
  {
   "type": "Feature",
   "geometry": {
    "type": "Point",
    "coordinates": [
     131.4303814,
     33.2697703
    ]
   },
   "properties": {
    "id": "BS-kP11-22-44-bs3482",
    "kind": "bus_stop",
    "name": "片山",
    "datum": "WGS84",
    "mountainIds": "848",
    "mountainNames": "鶴見岳",
    "lists": "日本三百名山|九州百名山",
    "routes": "",
    "entryType": "",
    "trailKmToSummit": "",
    "related": "TH-kP11-22-44-bs3480(454m)",
    "attributes": "operator=亀の井バス（株）; busType=民間路線バス; busRoutes=36　湯布院線",
    "status": "adopted",
    "accuracyM": 10,
    "needsReview": "運行状況（季節運行・休止・予約制）を要確認",
    "sources": "国土数値情報（バス停留所データ）令和4年度（国土交通省）P11-22-44-bs3482（33.269770, 131.430381、JGD2011）を加工して作成",
    "verifiedAt": ""
   }
  },
  {
   "type": "Feature",
   "geometry": {
    "type": "Point",
    "coordinates": [
     131.3667465,
     33.268853
    ]
   },
   "properties": {
    "id": "BS-kP11-22-44-bs3487",
    "kind": "bus_stop",
    "name": "岳本",
    "datum": "WGS84",
    "mountainIds": "849",
    "mountainNames": "由布岳",
    "lists": "日本二百名山|日本三百名山|九州百名山",
    "routes": "",
    "entryType": "",
    "trailKmToSummit": "",
    "related": "TH-n1307439394(216m)",
    "attributes": "operator=亀の井バス（株）; busType=民間路線バス; busRoutes=36　湯布院線",
    "status": "adopted",
    "accuracyM": 10,
    "needsReview": "運行状況（季節運行・休止・予約制）を要確認",
    "sources": "国土数値情報（バス停留所データ）令和4年度（国土交通省）P11-22-44-bs3487（33.268853, 131.366747、JGD2011）を加工して作成",
    "verifiedAt": ""
   }
  },
  {
   "type": "Feature",
   "geometry": {
    "type": "Point",
    "coordinates": [
     131.3967977,
     33.2650936
    ]
   },
   "properties": {
    "id": "BS-kP11-22-44-bs3506",
    "kind": "bus_stop",
    "name": "由布登山口",
    "datum": "WGS84",
    "mountainIds": "849",
    "mountainNames": "由布岳",
    "lists": "日本二百名山|日本三百名山|九州百名山",
    "routes": "",
    "entryType": "",
    "trailKmToSummit": "",
    "related": "TH-n4217635605(78m)",
    "attributes": "operator=亀の井バス（株）; busType=民間路線バス; busRoutes=36　湯布院線",
    "status": "adopted",
    "accuracyM": 10,
    "needsReview": "運行状況（季節運行・休止・予約制）を要確認",
    "sources": "国土数値情報（バス停留所データ）令和4年度（国土交通省）P11-22-44-bs3506（33.265094, 131.396798、JGD2011）を加工して作成 ｜ OpenStreetMap（© OpenStreetMap contributors, ODbL 1.0）Geofabrik japan-latest.osm.pbf 2026-09-23T20:22:04Z node/7247702685",
    "verifiedAt": ""
   }
  },
  {
   "type": "Feature",
   "geometry": {
    "type": "Point",
    "coordinates": [
     131.3235012,
     33.1250209
    ]
   },
   "properties": {
    "id": "BS-kP11-22-44-bs5001",
    "kind": "bus_stop",
    "name": "高津原［庄内町阿蘇野］",
    "datum": "WGS84",
    "mountainIds": "861 862 863 865",
    "mountainNames": "黒岳、三俣山、大船山、九重山",
    "lists": "九州百名山|日本三百名山|日本百名山|日本二百名山",
    "routes": "",
    "entryType": "",
    "trailKmToSummit": "",
    "related": "TH-kP11-22-44-bs5015(609m)",
    "attributes": "operator=由布市; busType=コミュニティバス; busRoutes=スクールバス阿蘇野コース / 阿蘇野コース",
    "status": "adopted",
    "accuracyM": 10,
    "needsReview": "運行状況（季節運行・休止・予約制）を要確認、登山口から離れている（徒歩アプローチを要確認）",
    "sources": "国土数値情報（バス停留所データ）令和4年度（国土交通省）P11-22-44-bs5001（33.125021, 131.323501、JGD2011）を加工して作成",
    "verifiedAt": ""
   }
  },
  {
   "type": "Feature",
   "geometry": {
    "type": "Point",
    "coordinates": [
     131.3276598,
     33.1235308
    ]
   },
   "properties": {
    "id": "BS-kP11-22-44-bs5014",
    "kind": "bus_stop",
    "name": "阿蘇野",
    "datum": "WGS84",
    "mountainIds": "861 862 863 865",
    "mountainNames": "黒岳、三俣山、大船山、九重山",
    "lists": "九州百名山|日本三百名山|日本百名山|日本二百名山",
    "routes": "",
    "entryType": "",
    "trailKmToSummit": "",
    "related": "TH-kP11-22-44-bs5015(972m)",
    "attributes": "operator=由布市; busType=コミュニティバス; busRoutes=スクールバス阿蘇野コース / 阿蘇野コース",
    "status": "adopted",
    "accuracyM": 10,
    "needsReview": "運行状況（季節運行・休止・予約制）を要確認、登山口から離れている（徒歩アプローチを要確認）",
    "sources": "国土数値情報（バス停留所データ）令和4年度（国土交通省）P11-22-44-bs5014（33.123531, 131.327660、JGD2011）を加工して作成",
    "verifiedAt": ""
   }
  },
  {
   "type": "Feature",
   "geometry": {
    "type": "Point",
    "coordinates": [
     131.3172335,
     33.1234823
    ]
   },
   "properties": {
    "id": "BS-kP11-22-44-bs5015",
    "kind": "bus_stop",
    "name": "所小野",
    "datum": "WGS84",
    "mountainIds": "861 862 863 865",
    "mountainNames": "黒岳、三俣山、大船山、九重山",
    "lists": "九州百名山|日本三百名山|日本百名山|日本二百名山",
    "routes": "",
    "entryType": "",
    "trailKmToSummit": "",
    "related": "TH-kP11-22-44-bs5015(0m)",
    "attributes": "operator=由布市; busType=コミュニティバス; busRoutes=スクールバス阿蘇野コース / 阿蘇野コース",
    "status": "adopted",
    "accuracyM": 10,
    "needsReview": "運行状況（季節運行・休止・予約制）を要確認",
    "sources": "国土数値情報（バス停留所データ）令和4年度（国土交通省）P11-22-44-bs5015（33.123482, 131.317233、JGD2011）を加工して作成",
    "verifiedAt": ""
   }
  },
  {
   "type": "Feature",
   "geometry": {
    "type": "Point",
    "coordinates": [
     131.2228128,
     33.1093901
    ]
   },
   "properties": {
    "id": "BS-kP11-22-44-bs5151",
    "kind": "bus_stop",
    "name": "くじゅう温泉やまなみ荘前",
    "datum": "WGS84",
    "mountainIds": "861 862 863 865",
    "mountainNames": "黒岳、三俣山、大船山、九重山",
    "lists": "九州百名山|日本三百名山|日本百名山|日本二百名山",
    "routes": "",
    "entryType": "",
    "trailKmToSummit": "",
    "related": "TH-n1743984459(964m)",
    "attributes": "operator=亀の井バス（株）; busType=民間路線バス; busRoutes=37　牧の戸峠線",
    "status": "adopted",
    "accuracyM": 10,
    "needsReview": "運行状況（季節運行・休止・予約制）を要確認、登山口から離れている（徒歩アプローチを要確認）",
    "sources": "国土数値情報（バス停留所データ）令和4年度（国土交通省）P11-22-44-bs5151（33.109390, 131.222813、JGD2011）を加工して作成",
    "verifiedAt": ""
   }
  },
  {
   "type": "Feature",
   "geometry": {
    "type": "Point",
    "coordinates": [
     131.2082956,
     33.0962705
    ]
   },
   "properties": {
    "id": "BS-kP11-22-44-bs5197",
    "kind": "bus_stop",
    "name": "牧の戸峠",
    "datum": "WGS84",
    "mountainIds": "861 862 863 865",
    "mountainNames": "黒岳、三俣山、大船山、九重山",
    "lists": "九州百名山|日本三百名山|日本百名山|日本二百名山",
    "routes": "",
    "entryType": "",
    "trailKmToSummit": "",
    "related": "TH-n1308423597(16m)",
    "attributes": "operator=亀の井バス（株）; busType=民間路線バス; busRoutes=37　牧の戸峠線",
    "status": "adopted",
    "accuracyM": 10,
    "needsReview": "運行状況（季節運行・休止・予約制）を要確認",
    "sources": "国土数値情報（バス停留所データ）令和4年度（国土交通省）P11-22-44-bs5197（33.096271, 131.208296、JGD2011）を加工して作成",
    "verifiedAt": ""
   }
  },
  {
   "type": "Feature",
   "geometry": {
    "type": "Point",
    "coordinates": [
     131.9501124,
     32.9266418
    ]
   },
   "properties": {
    "id": "BS-kP11-22-44-bs6688",
    "kind": "bus_stop",
    "name": "松浦越",
    "datum": "WGS84",
    "mountainIds": "872",
    "mountainNames": "元越山",
    "lists": "九州百名山",
    "routes": "",
    "entryType": "",
    "trailKmToSummit": "",
    "related": "TH-n1292658712(326m) TH-n1292658712(326m)",
    "attributes": "operator=佐伯市; busType=コミュニティバス; busRoutes=米水津線; network=佐伯市コミュニティバス",
    "status": "adopted",
    "accuracyM": 10,
    "needsReview": "運行状況（季節運行・休止・予約制）を要確認",
    "sources": "国土数値情報（バス停留所データ）令和4年度（国土交通省）P11-22-44-bs6688（32.926642, 131.950112、JGD2011）を加工して作成 ｜ OpenStreetMap（© OpenStreetMap contributors, ODbL 1.0）Geofabrik japan-latest.osm.pbf 2026-09-23T20:22:04Z node/9129587252",
    "verifiedAt": ""
   }
  },
  {
   "type": "Feature",
   "geometry": {
    "type": "Point",
    "coordinates": [
     131.9434493,
     32.9252814
    ]
   },
   "properties": {
    "id": "BS-kP11-22-44-bs6696",
    "kind": "bus_stop",
    "name": "大野",
    "datum": "WGS84",
    "mountainIds": "872",
    "mountainNames": "元越山",
    "lists": "九州百名山",
    "routes": "",
    "entryType": "",
    "trailKmToSummit": "",
    "related": "TH-n1724765592(899m)",
    "attributes": "operator=佐伯市; busType=コミュニティバス; busRoutes=米水津線 / 青山経由浦江線",
    "status": "adopted",
    "accuracyM": 10,
    "needsReview": "運行状況（季節運行・休止・予約制）を要確認、登山口から離れている（徒歩アプローチを要確認）",
    "sources": "国土数値情報（バス停留所データ）令和4年度（国土交通省）P11-22-44-bs6696（32.925281, 131.943449、JGD2011）を加工して作成",
    "verifiedAt": ""
   }
  },
  {
   "type": "Feature",
   "geometry": {
    "type": "Point",
    "coordinates": [
     131.9399307,
     32.9250488
    ]
   },
   "properties": {
    "id": "BS-kP11-22-44-bs6699",
    "kind": "bus_stop",
    "name": "原",
    "datum": "WGS84",
    "mountainIds": "872",
    "mountainNames": "元越山",
    "lists": "九州百名山",
    "routes": "",
    "entryType": "",
    "trailKmToSummit": "",
    "related": "TH-n1724765592(815m)",
    "attributes": "operator=佐伯市; busType=コミュニティバス; busRoutes=米水津線",
    "status": "adopted",
    "accuracyM": 10,
    "needsReview": "運行状況（季節運行・休止・予約制）を要確認、登山口から離れている（徒歩アプローチを要確認）",
    "sources": "国土数値情報（バス停留所データ）令和4年度（国土交通省）P11-22-44-bs6699（32.925049, 131.939931、JGD2011）を加工して作成",
    "verifiedAt": ""
   }
  },
  {
   "type": "Feature",
   "geometry": {
    "type": "Point",
    "coordinates": [
     131.9725955,
     32.9219248
    ]
   },
   "properties": {
    "id": "BS-kP11-22-44-bs6720",
    "kind": "bus_stop",
    "name": "木場",
    "datum": "WGS84",
    "mountainIds": "872",
    "mountainNames": "元越山",
    "lists": "九州百名山",
    "routes": "",
    "entryType": "",
    "trailKmToSummit": "",
    "related": "TH-n1292680956(986m)",
    "attributes": "operator=佐伯市; busType=コミュニティバス; busRoutes=米水津線 / 米水津・鶴見線",
    "status": "adopted",
    "accuracyM": 10,
    "needsReview": "運行状況（季節運行・休止・予約制）を要確認、登山口から離れている（徒歩アプローチを要確認）",
    "sources": "国土数値情報（バス停留所データ）令和4年度（国土交通省）P11-22-44-bs6720（32.921925, 131.972596、JGD2011）を加工して作成",
    "verifiedAt": ""
   }
  },
  {
   "type": "Feature",
   "geometry": {
    "type": "Point",
    "coordinates": [
     131.9754228,
     32.9209866
    ]
   },
   "properties": {
    "id": "BS-kP11-22-44-bs6727",
    "kind": "bus_stop",
    "name": "米水津振興局",
    "datum": "WGS84",
    "mountainIds": "872",
    "mountainNames": "元越山",
    "lists": "九州百名山",
    "routes": "",
    "entryType": "",
    "trailKmToSummit": "",
    "related": "TH-n1292616766(651m)",
    "attributes": "operator=佐伯市; busType=コミュニティバス; busRoutes=米水津線 / 米水津・鶴見線",
    "status": "adopted",
    "accuracyM": 10,
    "needsReview": "運行状況（季節運行・休止・予約制）を要確認、登山口から離れている（徒歩アプローチを要確認）",
    "sources": "国土数値情報（バス停留所データ）令和4年度（国土交通省）P11-22-44-bs6727（32.920987, 131.975423、JGD2011）を加工して作成",
    "verifiedAt": ""
   }
  },
  {
   "type": "Feature",
   "geometry": {
    "type": "Point",
    "coordinates": [
     131.9786379,
     32.9174471
    ]
   },
   "properties": {
    "id": "BS-kP11-22-44-bs6736",
    "kind": "bus_stop",
    "name": "田鶴音",
    "datum": "WGS84",
    "mountainIds": "872",
    "mountainNames": "元越山",
    "lists": "九州百名山",
    "routes": "",
    "entryType": "",
    "trailKmToSummit": "",
    "related": "TH-n1292616766(161m)",
    "attributes": "operator=佐伯市; busType=コミュニティバス; busRoutes=米水津線 / 米水津・鶴見線",
    "status": "adopted",
    "accuracyM": 10,
    "needsReview": "運行状況（季節運行・休止・予約制）を要確認",
    "sources": "国土数値情報（バス停留所データ）令和4年度（国土交通省）P11-22-44-bs6736（32.917447, 131.978638、JGD2011）を加工して作成",
    "verifiedAt": ""
   }
  },
  {
   "type": "Feature",
   "geometry": {
    "type": "Point",
    "coordinates": [
     131.9804389,
     32.9157829
    ]
   },
   "properties": {
    "id": "BS-kP11-22-44-bs6745",
    "kind": "bus_stop",
    "name": "米水津中学校前",
    "datum": "WGS84",
    "mountainIds": "872",
    "mountainNames": "元越山",
    "lists": "九州百名山",
    "routes": "",
    "entryType": "",
    "trailKmToSummit": "",
    "related": "TH-n1292616766(108m)",
    "attributes": "operator=佐伯市; busType=コミュニティバス; busRoutes=米水津線 / 米水津・鶴見線",
    "status": "adopted",
    "accuracyM": 10,
    "needsReview": "運行状況（季節運行・休止・予約制）を要確認",
    "sources": "国土数値情報（バス停留所データ）令和4年度（国土交通省）P11-22-44-bs6745（32.915783, 131.980439、JGD2011）を加工して作成",
    "verifiedAt": ""
   }
  },
  {
   "type": "Feature",
   "geometry": {
    "type": "Point",
    "coordinates": [
     131.9845308,
     32.8941557
    ]
   },
   "properties": {
    "id": "BS-kP11-22-44-bs6802",
    "kind": "bus_stop",
    "name": "宮の下",
    "datum": "WGS84",
    "mountainIds": "872",
    "mountainNames": "元越山",
    "lists": "九州百名山",
    "routes": "",
    "entryType": "",
    "trailKmToSummit": "",
    "related": "TH-n1720482527(367m)",
    "attributes": "operator=佐伯市; busType=コミュニティバス; busRoutes=米水津線 / 米水津・鶴見線",
    "status": "adopted",
    "accuracyM": 10,
    "needsReview": "運行状況（季節運行・休止・予約制）を要確認",
    "sources": "国土数値情報（バス停留所データ）令和4年度（国土交通省）P11-22-44-bs6802（32.894156, 131.984531、JGD2011）を加工して作成",
    "verifiedAt": ""
   }
  },
  {
   "type": "Feature",
   "geometry": {
    "type": "Point",
    "coordinates": [
     131.984667,
     32.8920631
    ]
   },
   "properties": {
    "id": "BS-kP11-22-44-bs6806",
    "kind": "bus_stop",
    "name": "色利",
    "datum": "WGS84",
    "mountainIds": "872",
    "mountainNames": "元越山",
    "lists": "九州百名山",
    "routes": "",
    "entryType": "",
    "trailKmToSummit": "",
    "related": "TH-n1720482527(445m)",
    "attributes": "operator=佐伯市; busType=コミュニティバス; busRoutes=米水津線 / 米水津・鶴見線",
    "status": "adopted",
    "accuracyM": 10,
    "needsReview": "運行状況（季節運行・休止・予約制）を要確認",
    "sources": "国土数値情報（バス停留所データ）令和4年度（国土交通省）P11-22-44-bs6806（32.892063, 131.984667、JGD2011）を加工して作成",
    "verifiedAt": ""
   }
  },
  {
   "type": "Feature",
   "geometry": {
    "type": "Point",
    "coordinates": [
     131.9846095,
     32.8904438
    ]
   },
   "properties": {
    "id": "BS-kP11-22-44-bs6809",
    "kind": "bus_stop",
    "name": "古庵",
    "datum": "WGS84",
    "mountainIds": "872",
    "mountainNames": "元越山",
    "lists": "九州百名山",
    "routes": "",
    "entryType": "",
    "trailKmToSummit": "",
    "related": "TH-n1720482527(556m)",
    "attributes": "operator=佐伯市; busType=コミュニティバス; busRoutes=米水津線 / 米水津・鶴見線",
    "status": "adopted",
    "accuracyM": 10,
    "needsReview": "運行状況（季節運行・休止・予約制）を要確認",
    "sources": "国土数値情報（バス停留所データ）令和4年度（国土交通省）P11-22-44-bs6809（32.890444, 131.984610、JGD2011）を加工して作成",
    "verifiedAt": ""
   }
  },
  {
   "type": "Feature",
   "geometry": {
    "type": "Point",
    "coordinates": [
     131.4304357,
     32.8673691
    ]
   },
   "properties": {
    "id": "BS-kP11-22-44-bs6842",
    "kind": "bus_stop",
    "name": "傾山登山口",
    "datum": "WGS84",
    "mountainIds": "877",
    "mountainNames": "大障子",
    "lists": "九州百名山",
    "routes": "",
    "entryType": "",
    "trailKmToSummit": "",
    "related": "TH-n1299043704(354m)",
    "attributes": "operator=豊後大野市; busType=公営路線バス; busRoutes=長谷川線",
    "status": "adopted",
    "accuracyM": 10,
    "needsReview": "運行状況（季節運行・休止・予約制）を要確認",
    "sources": "国土数値情報（バス停留所データ）令和4年度（国土交通省）P11-22-44-bs6842（32.867369, 131.430436、JGD2011）を加工して作成",
    "verifiedAt": ""
   }
  },
  {
   "type": "Feature",
   "geometry": {
    "type": "Point",
    "coordinates": [
     131.4297759,
     32.8625489
    ]
   },
   "properties": {
    "id": "BS-kP11-22-44-bs6850",
    "kind": "bus_stop",
    "name": "上畑",
    "datum": "WGS84",
    "mountainIds": "877",
    "mountainNames": "大障子",
    "lists": "九州百名山",
    "routes": "",
    "entryType": "",
    "trailKmToSummit": "",
    "related": "TH-n1299043704(676m)",
    "attributes": "operator=豊後大野市; busType=公営路線バス; busRoutes=長谷川線",
    "status": "adopted",
    "accuracyM": 10,
    "needsReview": "運行状況（季節運行・休止・予約制）を要確認、登山口から離れている（徒歩アプローチを要確認）",
    "sources": "国土数値情報（バス停留所データ）令和4年度（国土交通省）P11-22-44-bs6850（32.862549, 131.429776、JGD2011）を加工して作成",
    "verifiedAt": ""
   }
  },
  {
   "type": "Feature",
   "geometry": {
    "type": "Point",
    "coordinates": [
     131.3880731,
     32.8216353
    ]
   },
   "properties": {
    "id": "BS-kP11-22-44-bs6920",
    "kind": "bus_stop",
    "name": "尾平鉱山",
    "datum": "WGS84",
    "mountainIds": "857 876 877 881 882",
    "mountainNames": "障子岳、越敷岳、大障子、祖母山、古祖母山",
    "lists": "九州百名山|日本百名山|日本二百名山|日本三百名山",
    "routes": "",
    "entryType": "",
    "trailKmToSummit": "",
    "related": "TH-n5506533421(7m)",
    "attributes": "operator=豊後大野市; busType=公営路線バス; busRoutes=長谷川線",
    "status": "adopted",
    "accuracyM": 10,
    "needsReview": "運行状況（季節運行・休止・予約制）を要確認",
    "sources": "国土数値情報（バス停留所データ）令和4年度（国土交通省）P11-22-44-bs6920（32.821635, 131.388073、JGD2011）を加工して作成 ｜ OpenStreetMap（© OpenStreetMap contributors, ODbL 1.0）Geofabrik japan-latest.osm.pbf 2026-09-23T20:22:04Z node/5506533421",
    "verifiedAt": ""
   }
  },
  {
   "type": "Feature",
   "geometry": {
    "type": "Point",
    "coordinates": [
     130.843048,
     31.9455805
    ]
   },
   "properties": {
    "id": "BS-kP11-22-45-bs2406",
    "kind": "bus_stop",
    "name": "えびの高原",
    "datum": "WGS84",
    "mountainIds": "919 920",
    "mountainNames": "白鳥山（霧島山）、霧島山",
    "lists": "九州百名山|日本百名山|日本二百名山|日本三百名山",
    "routes": "",
    "entryType": "",
    "trailKmToSummit": "",
    "related": "TH-n8148255443(125m) TH-n1905402903(187m) TH-n585187157(932m) TH-n11193529936(295m) TH-n5323909139(726m)",
    "attributes": "operator=鹿児島交通（株）; busType=民間路線バス; busRoutes=丸尾～高千穂河原～丸尾",
    "status": "adopted",
    "accuracyM": 10,
    "needsReview": "運行状況（季節運行・休止・予約制）を要確認、登山口から離れている（徒歩アプローチを要確認）",
    "sources": "国土数値情報（バス停留所データ）令和4年度（国土交通省）P11-22-45-bs2406（31.945580, 130.843048、JGD2011）を加工して作成",
    "verifiedAt": ""
   }
  },
  {
   "type": "Feature",
   "geometry": {
    "type": "Point",
    "coordinates": [
     130.8422082,
     31.9437865
    ]
   },
   "properties": {
    "id": "BS-kP11-22-45-bs2418",
    "kind": "bus_stop",
    "name": "つつじケ丘",
    "datum": "WGS84",
    "mountainIds": "919 920",
    "mountainNames": "白鳥山（霧島山）、霧島山",
    "lists": "九州百名山|日本百名山|日本二百名山|日本三百名山",
    "routes": "",
    "entryType": "",
    "trailKmToSummit": "",
    "related": "TH-n8148255443(264m) TH-n1905402903(319m) TH-n11193529936(84m) TH-n5323909139(841m)",
    "attributes": "operator=鹿児島交通（株）; busType=民間路線バス; busRoutes=丸尾～高千穂河原～丸尾",
    "status": "adopted",
    "accuracyM": 10,
    "needsReview": "運行状況（季節運行・休止・予約制）を要確認、登山口から離れている（徒歩アプローチを要確認）",
    "sources": "国土数値情報（バス停留所データ）令和4年度（国土交通省）P11-22-45-bs2418（31.943786, 130.842208、JGD2011）を加工して作成 ｜ OpenStreetMap（© OpenStreetMap contributors, ODbL 1.0）Geofabrik japan-latest.osm.pbf 2026-09-23T20:22:04Z node/8153434054",
    "verifiedAt": ""
   }
  },
  {
   "type": "Feature",
   "geometry": {
    "type": "Point",
    "coordinates": [
     130.9688322,
     31.8966878
    ]
   },
   "properties": {
    "id": "BS-kP11-22-45-bs2794",
    "kind": "bus_stop",
    "name": "後原",
    "datum": "WGS84",
    "mountainIds": "921",
    "mountainNames": "高千穂峰",
    "lists": "日本二百名山|日本三百名山|九州百名山",
    "routes": "",
    "entryType": "",
    "trailKmToSummit": "",
    "related": "TH-kP11-22-45-bs2813(381m) TH-n1870976363(614m)",
    "attributes": "operator=宮崎交通（株）; busType=民間路線バス; busRoutes=祓川～広原・前野～小林駅",
    "status": "adopted",
    "accuracyM": 10,
    "needsReview": "運行状況（季節運行・休止・予約制）を要確認、登山口から離れている（徒歩アプローチを要確認）",
    "sources": "国土数値情報（バス停留所データ）令和4年度（国土交通省）P11-22-45-bs2794（31.896688, 130.968832、JGD2011）を加工して作成",
    "verifiedAt": ""
   }
  },
  {
   "type": "Feature",
   "geometry": {
    "type": "Point",
    "coordinates": [
     130.9679302,
     31.8933312
    ]
   },
   "properties": {
    "id": "BS-kP11-22-45-bs2813",
    "kind": "bus_stop",
    "name": "祓川",
    "datum": "WGS84",
    "mountainIds": "921",
    "mountainNames": "高千穂峰",
    "lists": "日本二百名山|日本三百名山|九州百名山",
    "routes": "",
    "entryType": "",
    "trailKmToSummit": "",
    "related": "TH-kP11-22-45-bs2813(0m) TH-n1870976363(400m) TH-n1870975552(751m) TH-n1870975951(686m)",
    "attributes": "operator=宮崎交通（株）; busType=民間路線バス; busRoutes=祓川～広原・前野～小林駅",
    "status": "adopted",
    "accuracyM": 10,
    "needsReview": "運行状況（季節運行・休止・予約制）を要確認、登山口から離れている（徒歩アプローチを要確認）",
    "sources": "国土数値情報（バス停留所データ）令和4年度（国土交通省）P11-22-45-bs2813（31.893331, 130.967930、JGD2011）を加工して作成",
    "verifiedAt": ""
   }
  },
  {
   "type": "Feature",
   "geometry": {
    "type": "Point",
    "coordinates": [
     130.9679302,
     31.8933312
    ]
   },
   "properties": {
    "id": "BS-kP11-22-45-bs2814",
    "kind": "bus_stop",
    "name": "祓川",
    "datum": "WGS84",
    "mountainIds": "921",
    "mountainNames": "高千穂峰",
    "lists": "日本二百名山|日本三百名山|九州百名山",
    "routes": "",
    "entryType": "",
    "trailKmToSummit": "",
    "related": "TH-kP11-22-45-bs2813(0m) TH-n1870976363(400m) TH-n1870975552(751m) TH-n1870975951(686m)",
    "attributes": "operator=高原町; busType=コミュニティバス; busRoutes=祓川線",
    "status": "adopted",
    "accuracyM": 10,
    "needsReview": "運行状況（季節運行・休止・予約制）を要確認、登山口から離れている（徒歩アプローチを要確認）",
    "sources": "国土数値情報（バス停留所データ）令和4年度（国土交通省）P11-22-45-bs2814（31.893331, 130.967930、JGD2011）を加工して作成",
    "verifiedAt": ""
   }
  },
  {
   "type": "Feature",
   "geometry": {
    "type": "Point",
    "coordinates": [
     131.6896667,
     32.6571341
    ]
   },
   "properties": {
    "id": "BS-kP11-22-45-bs315",
    "kind": "bus_stop",
    "name": "可愛",
    "datum": "WGS84",
    "mountainIds": "894",
    "mountainNames": "可愛岳",
    "lists": "九州百名山",
    "routes": "",
    "entryType": "",
    "trailKmToSummit": "",
    "related": "TH-n10316202019(447m)",
    "attributes": "operator=宮崎交通（株）; busType=民間路線バス; busRoutes=延岡駅～熊田",
    "status": "adopted",
    "accuracyM": 10,
    "needsReview": "運行状況（季節運行・休止・予約制）を要確認",
    "sources": "国土数値情報（バス停留所データ）令和4年度（国土交通省）P11-22-45-bs315（32.657134, 131.689667、JGD2011）を加工して作成",
    "verifiedAt": ""
   }
  },
  {
   "type": "Feature",
   "geometry": {
    "type": "Point",
    "coordinates": [
     131.6907103,
     32.6507038
    ]
   },
   "properties": {
    "id": "BS-kP11-22-45-bs326",
    "kind": "bus_stop",
    "name": "俵野",
    "datum": "WGS84",
    "mountainIds": "894",
    "mountainNames": "可愛岳",
    "lists": "九州百名山",
    "routes": "",
    "entryType": "",
    "trailKmToSummit": "",
    "related": "TH-n10316202019(376m)",
    "attributes": "operator=宮崎交通（株）; busType=民間路線バス; busRoutes=延岡駅～熊田",
    "status": "adopted",
    "accuracyM": 10,
    "needsReview": "運行状況（季節運行・休止・予約制）を要確認",
    "sources": "国土数値情報（バス停留所データ）令和4年度（国土交通省）P11-22-45-bs326（32.650704, 131.690710、JGD2011）を加工して作成",
    "verifiedAt": ""
   }
  },
  {
   "type": "Feature",
   "geometry": {
    "type": "Point",
    "coordinates": [
     131.6890135,
     32.6444389
    ]
   },
   "properties": {
    "id": "BS-kP11-22-45-bs336",
    "kind": "bus_stop",
    "name": "三足",
    "datum": "WGS84",
    "mountainIds": "894",
    "mountainNames": "可愛岳",
    "lists": "九州百名山",
    "routes": "",
    "entryType": "",
    "trailKmToSummit": "",
    "related": "TH-n10316202019(984m)",
    "attributes": "operator=宮崎交通（株）; busType=民間路線バス; busRoutes=延岡駅～熊田",
    "status": "adopted",
    "accuracyM": 10,
    "needsReview": "運行状況（季節運行・休止・予約制）を要確認、登山口から離れている（徒歩アプローチを要確認）",
    "sources": "国土数値情報（バス停留所データ）令和4年度（国土交通省）P11-22-45-bs336（32.644439, 131.689014、JGD2011）を加工して作成",
    "verifiedAt": ""
   }
  },
  {
   "type": "Feature",
   "geometry": {
    "type": "Point",
    "coordinates": [
     131.6263655,
     32.6371698
    ]
   },
   "properties": {
    "id": "BS-kP11-22-45-bs345",
    "kind": "bus_stop",
    "name": "桑平",
    "datum": "WGS84",
    "mountainIds": "898",
    "mountainNames": "行縢山",
    "lists": "九州百名山",
    "routes": "",
    "entryType": "",
    "trailKmToSummit": "",
    "related": "TH-n1388088313(977m)",
    "attributes": "operator=宮崎交通（株）; busType=民間路線バス; busRoutes=延岡駅～延岡共立病院・鹿狩瀬・桑平～祝子川温泉",
    "status": "adopted",
    "accuracyM": 10,
    "needsReview": "運行状況（季節運行・休止・予約制）を要確認、登山口から離れている（徒歩アプローチを要確認）",
    "sources": "国土数値情報（バス停留所データ）令和4年度（国土交通省）P11-22-45-bs345（32.637170, 131.626365、JGD2011）を加工して作成",
    "verifiedAt": ""
   }
  },
  {
   "type": "Feature",
   "geometry": {
    "type": "Point",
    "coordinates": [
     131.6264671,
     32.6314299
    ]
   },
   "properties": {
    "id": "BS-kP11-22-45-bs350",
    "kind": "bus_stop",
    "name": "妙",
    "datum": "WGS84",
    "mountainIds": "898",
    "mountainNames": "行縢山",
    "lists": "九州百名山",
    "routes": "",
    "entryType": "",
    "trailKmToSummit": "",
    "related": "TH-n1388088313(945m)",
    "attributes": "operator=宮崎交通（株）; busType=民間路線バス; busRoutes=延岡駅～延岡共立病院・鹿狩瀬・桑平～祝子川温泉",
    "status": "adopted",
    "accuracyM": 10,
    "needsReview": "運行状況（季節運行・休止・予約制）を要確認、登山口から離れている（徒歩アプローチを要確認）",
    "sources": "国土数値情報（バス停留所データ）令和4年度（国土交通省）P11-22-45-bs350（32.631430, 131.626467、JGD2011）を加工して作成",
    "verifiedAt": ""
   }
  },
  {
   "type": "Feature",
   "geometry": {
    "type": "Point",
    "coordinates": [
     131.6235923,
     32.6282088
    ]
   },
   "properties": {
    "id": "BS-kP11-22-45-bs356",
    "kind": "bus_stop",
    "name": "学校下",
    "datum": "WGS84",
    "mountainIds": "898",
    "mountainNames": "行縢山",
    "lists": "九州百名山",
    "routes": "",
    "entryType": "",
    "trailKmToSummit": "",
    "related": "TH-n1388088313(885m)",
    "attributes": "operator=宮崎交通（株）; busType=民間路線バス; busRoutes=延岡駅～延岡共立病院・鹿狩瀬・桑平～祝子川温泉",
    "status": "adopted",
    "accuracyM": 10,
    "needsReview": "運行状況（季節運行・休止・予約制）を要確認、登山口から離れている（徒歩アプローチを要確認）",
    "sources": "国土数値情報（バス停留所データ）令和4年度（国土交通省）P11-22-45-bs356（32.628209, 131.623592、JGD2011）を加工して作成",
    "verifiedAt": ""
   }
  },
  {
   "type": "Feature",
   "geometry": {
    "type": "Point",
    "coordinates": [
     131.5783815,
     32.6175959
    ]
   },
   "properties": {
    "id": "BS-kP11-22-45-bs375",
    "kind": "bus_stop",
    "name": "行縢山登山口",
    "datum": "WGS84",
    "mountainIds": "898",
    "mountainNames": "行縢山",
    "lists": "九州百名山",
    "routes": "",
    "entryType": "",
    "trailKmToSummit": "",
    "related": "TH-n1388077944(200m) TH-n1388082546(569m)",
    "attributes": "operator=宮崎交通（株）; busType=民間路線バス; busRoutes=延岡駅～行縢山登山口",
    "status": "adopted",
    "accuracyM": 10,
    "needsReview": "運行状況（季節運行・休止・予約制）を要確認",
    "sources": "国土数値情報（バス停留所データ）令和4年度（国土交通省）P11-22-45-bs375（32.617596, 131.578382、JGD2011）を加工して作成",
    "verifiedAt": ""
   }
  },
  {
   "type": "Feature",
   "geometry": {
    "type": "Point",
    "coordinates": [
     130.8404604,
     31.915045
    ]
   },
   "properties": {
    "id": "BS-kP11-22-46-bs1813",
    "kind": "bus_stop",
    "name": "大浪池登山口",
    "datum": "WGS84",
    "mountainIds": "920",
    "mountainNames": "霧島山",
    "lists": "日本百名山|日本二百名山|日本三百名山|九州百名山",
    "routes": "",
    "entryType": "",
    "trailKmToSummit": "",
    "related": "TH-n1929867191(78m)",
    "attributes": "operator=鹿児島交通（株）; busType=民間路線バス; busRoutes=丸尾～高千穂河原～丸尾",
    "status": "adopted",
    "accuracyM": 10,
    "needsReview": "運行状況（季節運行・休止・予約制）を要確認",
    "sources": "国土数値情報（バス停留所データ）令和4年度（国土交通省）P11-22-46-bs1813（31.915045, 130.840460、JGD2011）を加工して作成",
    "verifiedAt": ""
   }
  },
  {
   "type": "Feature",
   "geometry": {
    "type": "Point",
    "coordinates": [
     130.8513977,
     31.9031177
    ]
   },
   "properties": {
    "id": "BS-kP11-22-46-bs1895",
    "kind": "bus_stop",
    "name": "新湯展望台",
    "datum": "WGS84",
    "mountainIds": "920",
    "mountainNames": "霧島山",
    "lists": "日本百名山|日本二百名山|日本三百名山|九州百名山",
    "routes": "",
    "entryType": "",
    "trailKmToSummit": "",
    "related": "TH-n1383946646(228m)",
    "attributes": "operator=鹿児島交通（株）; busType=民間路線バス; busRoutes=丸尾～高千穂河原～丸尾",
    "status": "adopted",
    "accuracyM": 10,
    "needsReview": "運行状況（季節運行・休止・予約制）を要確認",
    "sources": "国土数値情報（バス停留所データ）令和4年度（国土交通省）P11-22-46-bs1895（31.903118, 130.851398、JGD2011）を加工して作成",
    "verifiedAt": ""
   }
  },
  {
   "type": "Feature",
   "geometry": {
    "type": "Point",
    "coordinates": [
     130.8541876,
     31.8997696
    ]
   },
   "properties": {
    "id": "BS-kP11-22-46-bs1931",
    "kind": "bus_stop",
    "name": "新湯温泉",
    "datum": "WGS84",
    "mountainIds": "920",
    "mountainNames": "霧島山",
    "lists": "日本百名山|日本二百名山|日本三百名山|九州百名山",
    "routes": "",
    "entryType": "",
    "trailKmToSummit": "",
    "related": "TH-n1383946646(681m)",
    "attributes": "operator=鹿児島交通（株）; busType=民間路線バス; busRoutes=丸尾～高千穂河原～丸尾",
    "status": "adopted",
    "accuracyM": 10,
    "needsReview": "運行状況（季節運行・休止・予約制）を要確認、登山口から離れている（徒歩アプローチを要確認）",
    "sources": "国土数値情報（バス停留所データ）令和4年度（国土交通省）P11-22-46-bs1931（31.899770, 130.854188、JGD2011）を加工して作成",
    "verifiedAt": ""
   }
  },
  {
   "type": "Feature",
   "geometry": {
    "type": "Point",
    "coordinates": [
     130.8522196,
     31.899716
    ]
   },
   "properties": {
    "id": "BS-kP11-22-46-bs1932",
    "kind": "bus_stop",
    "name": "新湯温泉入口",
    "datum": "WGS84",
    "mountainIds": "920",
    "mountainNames": "霧島山",
    "lists": "日本百名山|日本二百名山|日本三百名山|九州百名山",
    "routes": "",
    "entryType": "",
    "trailKmToSummit": "",
    "related": "TH-n1383946646(606m)",
    "attributes": "operator=鹿児島交通（株）; busType=民間路線バス; busRoutes=丸尾～高千穂河原～丸尾",
    "status": "adopted",
    "accuracyM": 10,
    "needsReview": "運行状況（季節運行・休止・予約制）を要確認、登山口から離れている（徒歩アプローチを要確認）",
    "sources": "国土数値情報（バス停留所データ）令和4年度（国土交通省）P11-22-46-bs1932（31.899716, 130.852220、JGD2011）を加工して作成",
    "verifiedAt": ""
   }
  },
  {
   "type": "Feature",
   "geometry": {
    "type": "Point",
    "coordinates": [
     130.8954102,
     31.8850576
    ]
   },
   "properties": {
    "id": "BS-kP11-22-46-bs2032",
    "kind": "bus_stop",
    "name": "高千穂河原",
    "datum": "WGS84",
    "mountainIds": "921",
    "mountainNames": "高千穂峰",
    "lists": "日本二百名山|日本三百名山|九州百名山",
    "routes": "",
    "entryType": "",
    "trailKmToSummit": "",
    "related": "TH-kP11-22-46-bs2032(0m)",
    "attributes": "operator=鹿児島交通（株）; busType=民間路線バス; busRoutes=丸尾～高千穂河原～丸尾",
    "status": "adopted",
    "accuracyM": 10,
    "needsReview": "運行状況（季節運行・休止・予約制）を要確認",
    "sources": "国土数値情報（バス停留所データ）令和4年度（国土交通省）P11-22-46-bs2032（31.885058, 130.895410、JGD2011）を加工して作成",
    "verifiedAt": ""
   }
  },
  {
   "type": "Feature",
   "geometry": {
    "type": "Point",
    "coordinates": [
     130.5741197,
     30.38001
    ]
   },
   "properties": {
    "id": "BS-kP11-22-46-bs621",
    "kind": "bus_stop",
    "name": "白谷雲水峡",
    "datum": "WGS84",
    "mountainIds": "934 935",
    "mountainNames": "宮之浦岳、黒味岳",
    "lists": "日本百名山|日本二百名山|日本三百名山|九州百名山",
    "routes": "",
    "entryType": "",
    "trailKmToSummit": "",
    "related": "TH-n588973500(8m)",
    "attributes": "operator=種子島・屋久島交通（株）; busType=民間路線バス; busRoutes=屋久島（宮之浦港～白谷雲水峡）",
    "status": "adopted",
    "accuracyM": 10,
    "needsReview": "運行状況（季節運行・休止・予約制）を要確認",
    "sources": "国土数値情報（バス停留所データ）令和4年度（国土交通省）P11-22-46-bs621（30.380010, 130.574120、JGD2011）を加工して作成 ｜ OpenStreetMap（© OpenStreetMap contributors, ODbL 1.0）Geofabrik japan-latest.osm.pbf 2026-09-23T20:22:04Z node/13747757928",
    "verifiedAt": ""
   }
  },
  {
   "type": "Feature",
   "geometry": {
    "type": "Point",
    "coordinates": [
     130.5741197,
     30.38001
    ]
   },
   "properties": {
    "id": "BS-kP11-22-46-bs622",
    "kind": "bus_stop",
    "name": "白谷雲水峡",
    "datum": "WGS84",
    "mountainIds": "934 935",
    "mountainNames": "宮之浦岳、黒味岳",
    "lists": "日本百名山|日本二百名山|日本三百名山|九州百名山",
    "routes": "",
    "entryType": "",
    "trailKmToSummit": "",
    "related": "TH-n588973500(8m)",
    "attributes": "operator=まつばんだ交通バス（株）; busType=民間路線バス; busRoutes=宮之浦港⇔白谷雲水峡",
    "status": "adopted",
    "accuracyM": 10,
    "needsReview": "運行状況（季節運行・休止・予約制）を要確認",
    "sources": "国土数値情報（バス停留所データ）令和4年度（国土交通省）P11-22-46-bs622（30.380010, 130.574120、JGD2011）を加工して作成",
    "verifiedAt": ""
   }
  },
  {
   "type": "Feature",
   "geometry": {
    "type": "Point",
    "coordinates": [
     130.594941,
     30.3404619
    ]
   },
   "properties": {
    "id": "BS-kP11-22-46-bs635",
    "kind": "bus_stop",
    "name": "荒川登山口",
    "datum": "WGS84",
    "mountainIds": "934 935",
    "mountainNames": "宮之浦岳、黒味岳",
    "lists": "日本百名山|日本二百名山|日本三百名山|九州百名山",
    "routes": "",
    "entryType": "",
    "trailKmToSummit": "",
    "related": "TH-n4435165390(65m)",
    "attributes": "operator=まつばんだ交通バス（株）; busType=民間路線バス; busRoutes=宮之浦港⇔空港⇔安房港⇔屋久杉自然館",
    "status": "adopted",
    "accuracyM": 10,
    "needsReview": "運行状況（季節運行・休止・予約制）を要確認",
    "sources": "国土数値情報（バス停留所データ）令和4年度（国土交通省）P11-22-46-bs635（30.340462, 130.594941、JGD2011）を加工して作成",
    "verifiedAt": ""
   }
  },
  {
   "type": "Feature",
   "geometry": {
    "type": "Point",
    "coordinates": [
     130.594941,
     30.3404619
    ]
   },
   "properties": {
    "id": "BS-kP11-22-46-bs636",
    "kind": "bus_stop",
    "name": "荒川登山口",
    "datum": "WGS84",
    "mountainIds": "934 935",
    "mountainNames": "宮之浦岳、黒味岳",
    "lists": "日本百名山|日本二百名山|日本三百名山|九州百名山",
    "routes": "",
    "entryType": "",
    "trailKmToSummit": "",
    "related": "TH-n4435165390(65m)",
    "attributes": "operator=種子島・屋久島交通（株）; busType=民間路線バス; busRoutes=屋久島（屋久杉自然館～荒川登山口）",
    "status": "adopted",
    "accuracyM": 10,
    "needsReview": "運行状況（季節運行・休止・予約制）を要確認",
    "sources": "国土数値情報（バス停留所データ）令和4年度（国土交通省）P11-22-46-bs636（30.340462, 130.594941、JGD2011）を加工して作成",
    "verifiedAt": ""
   }
  },
  {
   "type": "Feature",
   "geometry": {
    "type": "Point",
    "coordinates": [
     130.5755157,
     30.3046076
    ]
   },
   "properties": {
    "id": "BS-kP11-22-46-bs660",
    "kind": "bus_stop",
    "name": "屋久杉ランド",
    "datum": "WGS84",
    "mountainIds": "934 935",
    "mountainNames": "宮之浦岳、黒味岳",
    "lists": "日本百名山|日本二百名山|日本三百名山|九州百名山",
    "routes": "",
    "entryType": "",
    "trailKmToSummit": "",
    "related": "TH-n588930233(20m)",
    "attributes": "operator=種子島・屋久島交通（株）; busType=民間路線バス; busRoutes=屋久島（合庁前～紀元杉）",
    "status": "adopted",
    "accuracyM": 10,
    "needsReview": "運行状況（季節運行・休止・予約制）を要確認",
    "sources": "国土数値情報（バス停留所データ）令和4年度（国土交通省）P11-22-46-bs660（30.304608, 130.575516、JGD2011）を加工して作成 ｜ OpenStreetMap（© OpenStreetMap contributors, ODbL 1.0）Geofabrik japan-latest.osm.pbf 2026-09-23T20:22:04Z node/6054689753",
    "verifiedAt": ""
   }
  },
  {
   "type": "Feature",
   "geometry": {
    "type": "Point",
    "coordinates": [
     130.1695016,
     31.4199029
    ]
   },
   "properties": {
    "id": "BS-kP11-22-46-bs7247",
    "kind": "bus_stop",
    "name": "大当",
    "datum": "WGS84",
    "mountainIds": "929",
    "mountainNames": "野間岳",
    "lists": "九州百名山",
    "routes": "",
    "entryType": "",
    "trailKmToSummit": "",
    "related": "TH-n1390499670(899m)",
    "attributes": "operator=南さつま市; busType=コミュニティバス; busRoutes=のまんたけ号（笠沙地域）",
    "status": "adopted",
    "accuracyM": 10,
    "needsReview": "運行状況（季節運行・休止・予約制）を要確認、登山口から離れている（徒歩アプローチを要確認）",
    "sources": "国土数値情報（バス停留所データ）令和4年度（国土交通省）P11-22-46-bs7247（31.419903, 130.169502、JGD2011）を加工して作成 ｜ OpenStreetMap（© OpenStreetMap contributors, ODbL 1.0）Geofabrik japan-latest.osm.pbf 2026-09-23T20:22:04Z node/9388073281",
    "verifiedAt": ""
   }
  },
  {
   "type": "Feature",
   "geometry": {
    "type": "Point",
    "coordinates": [
     130.1695016,
     31.4199029
    ]
   },
   "properties": {
    "id": "BS-kP11-22-46-bs7248",
    "kind": "bus_stop",
    "name": "大当",
    "datum": "WGS84",
    "mountainIds": "929",
    "mountainNames": "野間岳",
    "lists": "九州百名山",
    "routes": "",
    "entryType": "",
    "trailKmToSummit": "",
    "related": "TH-n1390499670(899m)",
    "attributes": "operator=鹿児島交通（株）; busType=民間路線バス; busRoutes=加世田～野間池",
    "status": "adopted",
    "accuracyM": 10,
    "needsReview": "運行状況（季節運行・休止・予約制）を要確認、登山口から離れている（徒歩アプローチを要確認）",
    "sources": "国土数値情報（バス停留所データ）令和4年度（国土交通省）P11-22-46-bs7248（31.419903, 130.169502、JGD2011）を加工して作成",
    "verifiedAt": ""
   }
  },
  {
   "type": "Feature",
   "geometry": {
    "type": "Point",
    "coordinates": [
     130.1442597,
     31.4103424
    ]
   },
   "properties": {
    "id": "BS-kP11-22-46-bs7320",
    "kind": "bus_stop",
    "name": "福戸山",
    "datum": "WGS84",
    "mountainIds": "929",
    "mountainNames": "野間岳",
    "lists": "九州百名山",
    "routes": "",
    "entryType": "",
    "trailKmToSummit": "",
    "related": "TH-n1390492908(685m)",
    "attributes": "operator=南さつま市; busType=コミュニティバス; busRoutes=のまんたけ号（笠沙地域）",
    "status": "adopted",
    "accuracyM": 10,
    "needsReview": "運行状況（季節運行・休止・予約制）を要確認、登山口から離れている（徒歩アプローチを要確認）",
    "sources": "国土数値情報（バス停留所データ）令和4年度（国土交通省）P11-22-46-bs7320（31.410342, 130.144260、JGD2011）を加工して作成",
    "verifiedAt": ""
   }
  },
  {
   "type": "Feature",
   "geometry": {
    "type": "Point",
    "coordinates": [
     130.1455121,
     31.4077384
    ]
   },
   "properties": {
    "id": "BS-kP11-22-46-bs7340",
    "kind": "bus_stop",
    "name": "石間伏",
    "datum": "WGS84",
    "mountainIds": "929",
    "mountainNames": "野間岳",
    "lists": "九州百名山",
    "routes": "",
    "entryType": "",
    "trailKmToSummit": "",
    "related": "TH-n1390492908(735m)",
    "attributes": "operator=南さつま市; busType=コミュニティバス; busRoutes=のまんたけ号（笠沙地域）",
    "status": "adopted",
    "accuracyM": 10,
    "needsReview": "運行状況（季節運行・休止・予約制）を要確認、登山口から離れている（徒歩アプローチを要確認）",
    "sources": "国土数値情報（バス停留所データ）令和4年度（国土交通省）P11-22-46-bs7340（31.407738, 130.145512、JGD2011）を加工して作成 ｜ OpenStreetMap（© OpenStreetMap contributors, ODbL 1.0）Geofabrik japan-latest.osm.pbf 2026-09-23T20:22:04Z node/10302310883",
    "verifiedAt": ""
   }
  },
  {
   "type": "Feature",
   "geometry": {
    "type": "Point",
    "coordinates": [
     130.3554324,
     32.142326
    ]
   },
   "properties": {
    "id": "BS-kP11-22-46-bs864",
    "kind": "bus_stop",
    "name": "櫓木",
    "datum": "WGS84",
    "mountainIds": "917",
    "mountainNames": "矢筈岳",
    "lists": "九州百名山",
    "routes": "",
    "entryType": "",
    "trailKmToSummit": "",
    "related": "TH-n2054755515(370m)",
    "attributes": "operator=南国交通（株）; busType=民間路線バス; busRoutes=【出水市・長島町】4　水俣車庫⇔出水駅⇔高尾野駅前⇔阿久根駅前⇔佐潟口",
    "status": "adopted",
    "accuracyM": 10,
    "needsReview": "運行状況（季節運行・休止・予約制）を要確認",
    "sources": "国土数値情報（バス停留所データ）令和4年度（国土交通省）P11-22-46-bs864（32.142326, 130.355432、JGD2011）を加工して作成",
    "verifiedAt": ""
   }
  },
  {
   "type": "Feature",
   "geometry": {
    "type": "Point",
    "coordinates": [
     130.3571536,
     32.1420505
    ]
   },
   "properties": {
    "id": "BS-kP11-22-46-bs865",
    "kind": "bus_stop",
    "name": "櫓木",
    "datum": "WGS84",
    "mountainIds": "917",
    "mountainNames": "矢筈岳",
    "lists": "九州百名山",
    "routes": "",
    "entryType": "",
    "trailKmToSummit": "",
    "related": "TH-n2054755515(250m)",
    "attributes": "operator=出水市; busType=コミュニティバス; busRoutes=針原・切通便",
    "status": "adopted",
    "accuracyM": 10,
    "needsReview": "運行状況（季節運行・休止・予約制）を要確認",
    "sources": "国土数値情報（バス停留所データ）令和4年度（国土交通省）P11-22-46-bs865（32.142050, 130.357154、JGD2011）を加工して作成",
    "verifiedAt": ""
   }
  },
  {
   "type": "Feature",
   "geometry": {
    "type": "Point",
    "coordinates": [
     130.3560241,
     32.138329
    ]
   },
   "properties": {
    "id": "BS-kP11-22-46-bs871",
    "kind": "bus_stop",
    "name": "針原",
    "datum": "WGS84",
    "mountainIds": "917",
    "mountainNames": "矢筈岳",
    "lists": "九州百名山",
    "routes": "",
    "entryType": "",
    "trailKmToSummit": "",
    "related": "TH-n2054755515(278m)",
    "attributes": "operator=出水市; busType=コミュニティバス; busRoutes=針原・切通便",
    "status": "adopted",
    "accuracyM": 10,
    "needsReview": "運行状況（季節運行・休止・予約制）を要確認",
    "sources": "国土数値情報（バス停留所データ）令和4年度（国土交通省）P11-22-46-bs871（32.138329, 130.356024、JGD2011）を加工して作成",
    "verifiedAt": ""
   }
  },
  {
   "type": "Feature",
   "geometry": {
    "type": "Point",
    "coordinates": [
     130.3491834,
     32.1319008
    ]
   },
   "properties": {
    "id": "BS-kP11-22-46-bs876",
    "kind": "bus_stop",
    "name": "中塩屋",
    "datum": "WGS84",
    "mountainIds": "917",
    "mountainNames": "矢筈岳",
    "lists": "九州百名山",
    "routes": "",
    "entryType": "",
    "trailKmToSummit": "",
    "related": "TH-kP11-22-46-bs879(438m)",
    "attributes": "operator=南国交通（株）; busType=民間路線バス; busRoutes=【出水市・長島町】4　水俣車庫⇔出水駅⇔高尾野駅前⇔阿久根駅前⇔佐潟口",
    "status": "adopted",
    "accuracyM": 10,
    "needsReview": "運行状況（季節運行・休止・予約制）を要確認",
    "sources": "国土数値情報（バス停留所データ）令和4年度（国土交通省）P11-22-46-bs876（32.131901, 130.349183、JGD2011）を加工して作成",
    "verifiedAt": ""
   }
  },
  {
   "type": "Feature",
   "geometry": {
    "type": "Point",
    "coordinates": [
     130.3530359,
     32.1296788
    ]
   },
   "properties": {
    "id": "BS-kP11-22-46-bs879",
    "kind": "bus_stop",
    "name": "関外",
    "datum": "WGS84",
    "mountainIds": "917",
    "mountainNames": "矢筈岳",
    "lists": "九州百名山",
    "routes": "",
    "entryType": "",
    "trailKmToSummit": "",
    "related": "TH-kP11-22-46-bs879(0m)",
    "attributes": "operator=出水市; busType=コミュニティバス; busRoutes=針原・切通便",
    "status": "adopted",
    "accuracyM": 10,
    "needsReview": "運行状況（季節運行・休止・予約制）を要確認",
    "sources": "国土数値情報（バス停留所データ）令和4年度（国土交通省）P11-22-46-bs879（32.129679, 130.353036、JGD2011）を加工して作成",
    "verifiedAt": ""
   }
  },
  {
   "type": "Feature",
   "geometry": {
    "type": "Point",
    "coordinates": [
     130.3495638,
     32.1264428
    ]
   },
   "properties": {
    "id": "BS-kP11-22-46-bs890",
    "kind": "bus_stop",
    "name": "野間之関",
    "datum": "WGS84",
    "mountainIds": "917",
    "mountainNames": "矢筈岳",
    "lists": "九州百名山",
    "routes": "",
    "entryType": "",
    "trailKmToSummit": "",
    "related": "TH-kP11-22-46-bs879(485m)",
    "attributes": "operator=出水市; busType=コミュニティバス; busRoutes=針原・切通便",
    "status": "adopted",
    "accuracyM": 10,
    "needsReview": "運行状況（季節運行・休止・予約制）を要確認",
    "sources": "国土数値情報（バス停留所データ）令和4年度（国土交通省）P11-22-46-bs890（32.126443, 130.349564、JGD2011）を加工して作成",
    "verifiedAt": ""
   }
  },
  {
   "type": "Feature",
   "geometry": {
    "type": "Point",
    "coordinates": [
     130.0609884,
     32.9743307
    ]
   },
   "properties": {
    "id": "BS-n12176267592",
    "kind": "bus_stop",
    "name": "黒木キャンプ場",
    "datum": "WGS84",
    "mountainIds": "868 869",
    "mountainNames": "経ガ岳、多良岳",
    "lists": "九州百名山|日本三百名山",
    "routes": "",
    "entryType": "",
    "trailKmToSummit": "",
    "related": "TH-n1752057933(541m)",
    "attributes": "busRoutes=萱瀬地区乗合タクシー: 竹松駅前 -> 黒木キャンプ場",
    "status": "provisional",
    "accuracyM": 20,
    "needsReview": "運行状況（季節運行・休止・予約制）を要確認、公式情報または2情報源での確認が必要",
    "sources": "OpenStreetMap（© OpenStreetMap contributors, ODbL 1.0）Geofabrik japan-latest.osm.pbf 2026-09-23T20:22:04Z node/12176267592",
    "verifiedAt": ""
   }
  },
  {
   "type": "Feature",
   "geometry": {
    "type": "Point",
    "coordinates": [
     130.0609414,
     32.9743217
    ]
   },
   "properties": {
    "id": "BS-n1344041207",
    "kind": "bus_stop",
    "name": "黒木キャンプ場",
    "datum": "WGS84",
    "mountainIds": "868 869",
    "mountainNames": "経ガ岳、多良岳",
    "lists": "九州百名山|日本三百名山",
    "routes": "",
    "entryType": "",
    "trailKmToSummit": "",
    "related": "TH-n1752057933(545m)",
    "attributes": "",
    "status": "provisional",
    "accuracyM": 20,
    "needsReview": "運行状況（季節運行・休止・予約制）を要確認、公式情報または2情報源での確認が必要",
    "sources": "OpenStreetMap（© OpenStreetMap contributors, ODbL 1.0）Geofabrik japan-latest.osm.pbf 2026-09-23T20:22:04Z node/1344041207",
    "verifiedAt": ""
   }
  },
  {
   "type": "Feature",
   "geometry": {
    "type": "Point",
    "coordinates": [
     130.0608436,
     32.974441
    ]
   },
   "properties": {
    "id": "BS-n1344053205",
    "kind": "bus_stop",
    "name": "黒木キャンプ場",
    "datum": "WGS84",
    "mountainIds": "868 869",
    "mountainNames": "経ガ岳、多良岳",
    "lists": "九州百名山|日本三百名山",
    "routes": "",
    "entryType": "",
    "trailKmToSummit": "",
    "related": "TH-n1752057933(545m)",
    "attributes": "",
    "status": "provisional",
    "accuracyM": 20,
    "needsReview": "運行状況（季節運行・休止・予約制）を要確認、公式情報または2情報源での確認が必要",
    "sources": "OpenStreetMap（© OpenStreetMap contributors, ODbL 1.0）Geofabrik japan-latest.osm.pbf 2026-09-23T20:22:04Z node/1344053205",
    "verifiedAt": ""
   }
  },
  {
   "type": "Feature",
   "geometry": {
    "type": "Point",
    "coordinates": [
     130.5749978,
     30.3805805
    ]
   },
   "properties": {
    "id": "BS-n2579982418",
    "kind": "bus_stop",
    "name": "白谷雲水峽",
    "datum": "WGS84",
    "mountainIds": "934 935",
    "mountainNames": "宮之浦岳、黒味岳",
    "lists": "日本百名山|日本二百名山|日本三百名山|九州百名山",
    "routes": "",
    "entryType": "",
    "trailKmToSummit": "",
    "related": "TH-n588973500(101m)",
    "attributes": "",
    "status": "provisional",
    "accuracyM": 20,
    "needsReview": "運行状況（季節運行・休止・予約制）を要確認、公式情報または2情報源での確認が必要",
    "sources": "OpenStreetMap（© OpenStreetMap contributors, ODbL 1.0）Geofabrik japan-latest.osm.pbf 2026-09-23T20:22:04Z node/2579982418",
    "verifiedAt": ""
   }
  },
  {
   "type": "Feature",
   "geometry": {
    "type": "Point",
    "coordinates": [
     129.8924804,
     33.2363482
    ]
   },
   "properties": {
    "id": "BS-n4378744090",
    "kind": "bus_stop",
    "name": "Okawachiyama",
    "datum": "WGS84",
    "mountainIds": "851",
    "mountainNames": "黒髪山",
    "lists": "九州百名山",
    "routes": "",
    "entryType": "",
    "trailKmToSummit": "",
    "related": "TH-n1836184398(709m)",
    "attributes": "",
    "status": "provisional",
    "accuracyM": 20,
    "needsReview": "運行状況（季節運行・休止・予約制）を要確認、公式情報または2情報源での確認が必要、登山口から離れている（徒歩アプローチを要確認）",
    "sources": "OpenStreetMap（© OpenStreetMap contributors, ODbL 1.0）Geofabrik japan-latest.osm.pbf 2026-09-23T20:22:04Z node/4378744090",
    "verifiedAt": ""
   }
  },
  {
   "type": "Feature",
   "geometry": {
    "type": "Point",
    "coordinates": [
     131.2073269,
     33.0957729
    ]
   },
   "properties": {
    "id": "BS-n4817665083",
    "kind": "bus_stop",
    "name": "牧ノ戸峠",
    "datum": "WGS84",
    "mountainIds": "861 862 863 865",
    "mountainNames": "黒岳、三俣山、大船山、九重山",
    "lists": "九州百名山|日本三百名山|日本百名山|日本二百名山",
    "routes": "",
    "entryType": "",
    "trailKmToSummit": "",
    "related": "TH-n1308423597(113m)",
    "attributes": "",
    "status": "provisional",
    "accuracyM": 20,
    "needsReview": "運行状況（季節運行・休止・予約制）を要確認、公式情報または2情報源での確認が必要",
    "sources": "OpenStreetMap（© OpenStreetMap contributors, ODbL 1.0）Geofabrik japan-latest.osm.pbf 2026-09-23T20:22:04Z node/4817665083",
    "verifiedAt": ""
   }
  },
  {
   "type": "Feature",
   "geometry": {
    "type": "Point",
    "coordinates": [
     131.4610651,
     33.2960059
    ]
   },
   "properties": {
    "id": "BS-n7018661887",
    "kind": "bus_stop",
    "name": "（名称なし）バス停",
    "datum": "WGS84",
    "mountainIds": "848",
    "mountainNames": "鶴見岳",
    "lists": "日本三百名山|九州百名山",
    "routes": "",
    "entryType": "",
    "trailKmToSummit": "",
    "related": "TH-n1712254871(846m)",
    "attributes": "",
    "status": "provisional",
    "accuracyM": 20,
    "needsReview": "運行状況（季節運行・休止・予約制）を要確認、公式情報または2情報源での確認が必要、登山口から離れている（徒歩アプローチを要確認）",
    "sources": "OpenStreetMap（© OpenStreetMap contributors, ODbL 1.0）Geofabrik japan-latest.osm.pbf 2026-09-23T20:22:04Z node/7018661887",
    "verifiedAt": ""
   }
  },
  {
   "type": "Feature",
   "geometry": {
    "type": "Point",
    "coordinates": [
     131.9366182,
     32.9255486
    ]
   },
   "properties": {
    "id": "BS-n9129587248",
    "kind": "bus_stop",
    "name": "原",
    "datum": "WGS84",
    "mountainIds": "872",
    "mountainNames": "元越山",
    "lists": "九州百名山",
    "routes": "",
    "entryType": "",
    "trailKmToSummit": "",
    "related": "TH-n1724765592(926m)",
    "attributes": "operator=佐伯市; network=佐伯市コミュニティバス",
    "status": "provisional",
    "accuracyM": 20,
    "needsReview": "運行状況（季節運行・休止・予約制）を要確認、公式情報または2情報源での確認が必要、登山口から離れている（徒歩アプローチを要確認）",
    "sources": "OpenStreetMap（© OpenStreetMap contributors, ODbL 1.0）Geofabrik japan-latest.osm.pbf 2026-09-23T20:22:04Z node/9129587248",
    "verifiedAt": ""
   }
  },
  {
   "type": "Feature",
   "geometry": {
    "type": "Point",
    "coordinates": [
     131.9454532,
     32.925456
    ]
   },
   "properties": {
    "id": "BS-n9129587250",
    "kind": "bus_stop",
    "name": "大野",
    "datum": "WGS84",
    "mountainIds": "872",
    "mountainNames": "元越山",
    "lists": "九州百名山",
    "routes": "",
    "entryType": "",
    "trailKmToSummit": "",
    "related": "TH-n1292658712(712m)",
    "attributes": "operator=佐伯市; network=佐伯市コミュニティバス",
    "status": "provisional",
    "accuracyM": 20,
    "needsReview": "運行状況（季節運行・休止・予約制）を要確認、公式情報または2情報源での確認が必要、登山口から離れている（徒歩アプローチを要確認）",
    "sources": "OpenStreetMap（© OpenStreetMap contributors, ODbL 1.0）Geofabrik japan-latest.osm.pbf 2026-09-23T20:22:04Z node/9129587250",
    "verifiedAt": ""
   }
  },
  {
   "type": "Feature",
   "geometry": {
    "type": "Point",
    "coordinates": [
     130.5338684,
     30.2998134
    ]
   },
   "properties": {
    "id": "PK-n1139547021",
    "kind": "parking",
    "name": "（名称なし）駐車場",
    "datum": "WGS84",
    "mountainIds": "934 935",
    "mountainNames": "宮之浦岳、黒味岳",
    "lists": "日本百名山|日本二百名山|日本三百名山|九州百名山",
    "routes": "",
    "entryType": "",
    "trailKmToSummit": "",
    "related": "TH-n987482920(18m)",
    "attributes": "",
    "status": "provisional",
    "accuracyM": 20,
    "needsReview": "公式情報または2情報源での確認が必要、名称なし",
    "sources": "OpenStreetMap（© OpenStreetMap contributors, ODbL 1.0）Geofabrik japan-latest.osm.pbf 2026-09-23T20:22:04Z node/1139547021",
    "verifiedAt": ""
   }
  },
  {
   "type": "Feature",
   "geometry": {
    "type": "Point",
    "coordinates": [
     130.6245651,
     30.3837723
    ]
   },
   "properties": {
    "id": "PK-n11612795176",
    "kind": "parking",
    "name": "（名称なし）駐車場",
    "datum": "WGS84",
    "mountainIds": "933",
    "mountainNames": "愛子岳",
    "lists": "九州百名山",
    "routes": "",
    "entryType": "",
    "trailKmToSummit": "",
    "related": "TH-n2044189905(55m)",
    "attributes": "access=yes",
    "status": "provisional",
    "accuracyM": 20,
    "needsReview": "公式情報または2情報源での確認が必要、名称なし",
    "sources": "OpenStreetMap（© OpenStreetMap contributors, ODbL 1.0）Geofabrik japan-latest.osm.pbf 2026-09-23T20:22:04Z node/11612795176",
    "verifiedAt": ""
   }
  },
  {
   "type": "Feature",
   "geometry": {
    "type": "Point",
    "coordinates": [
     130.5861324,
     30.2555735
    ]
   },
   "properties": {
    "id": "PK-n12105307536",
    "kind": "parking",
    "name": "竜神の滝　駐車場",
    "datum": "WGS84",
    "mountainIds": "936",
    "mountainNames": "モッチョム岳",
    "lists": "九州百名山",
    "routes": "",
    "entryType": "",
    "trailKmToSummit": "",
    "related": "TH-n589014748(484m)",
    "attributes": "capacity=2",
    "status": "provisional",
    "accuracyM": 20,
    "needsReview": "公式情報または2情報源での確認が必要、登山口から離れている（徒歩アプローチを要確認）",
    "sources": "OpenStreetMap（© OpenStreetMap contributors, ODbL 1.0）Geofabrik japan-latest.osm.pbf 2026-09-23T20:22:04Z node/12105307536",
    "verifiedAt": ""
   }
  },
  {
   "type": "Feature",
   "geometry": {
    "type": "Point",
    "coordinates": [
     130.9636656,
     31.8932935
    ]
   },
   "properties": {
    "id": "PK-n12768632262",
    "kind": "parking",
    "name": "（名称なし）駐車場",
    "datum": "WGS84",
    "mountainIds": "921",
    "mountainNames": "高千穂峰",
    "lists": "日本二百名山|日本三百名山|九州百名山",
    "routes": "",
    "entryType": "",
    "trailKmToSummit": "",
    "related": "TH-kP11-22-45-bs2813(403m) TH-n1870976363(3m)",
    "attributes": "",
    "status": "provisional",
    "accuracyM": 20,
    "needsReview": "公式情報または2情報源での確認が必要、名称なし、登山口から離れている（徒歩アプローチを要確認）",
    "sources": "OpenStreetMap（© OpenStreetMap contributors, ODbL 1.0）Geofabrik japan-latest.osm.pbf 2026-09-23T20:22:04Z node/12768632262",
    "verifiedAt": ""
   }
  },
  {
   "type": "Feature",
   "geometry": {
    "type": "Point",
    "coordinates": [
     130.9635105,
     31.8923246
    ]
   },
   "properties": {
    "id": "PK-n12768632263",
    "kind": "parking",
    "name": "（名称なし）駐車場",
    "datum": "WGS84",
    "mountainIds": "921",
    "mountainNames": "高千穂峰",
    "lists": "日本二百名山|日本三百名山|九州百名山",
    "routes": "",
    "entryType": "",
    "trailKmToSummit": "",
    "related": "TH-kP11-22-45-bs2813(432m) TH-n1870976363(107m) TH-n1870975951(444m)",
    "attributes": "",
    "status": "provisional",
    "accuracyM": 20,
    "needsReview": "公式情報または2情報源での確認が必要、名称なし、登山口から離れている（徒歩アプローチを要確認）",
    "sources": "OpenStreetMap（© OpenStreetMap contributors, ODbL 1.0）Geofabrik japan-latest.osm.pbf 2026-09-23T20:22:04Z node/12768632263",
    "verifiedAt": ""
   }
  },
  {
   "type": "Feature",
   "geometry": {
    "type": "Point",
    "coordinates": [
     129.2628679,
     34.2621772
    ]
   },
   "properties": {
    "id": "PK-n1288447212",
    "kind": "parking",
    "name": "（名称なし）駐車場",
    "datum": "WGS84",
    "mountainIds": "698",
    "mountainNames": "洲藻白岳",
    "lists": "九州百名山",
    "routes": "",
    "entryType": "",
    "trailKmToSummit": "",
    "related": "TH-n1288447212(0m)",
    "attributes": "",
    "status": "provisional",
    "accuracyM": 20,
    "needsReview": "公式情報または2情報源での確認が必要、名称なし",
    "sources": "OpenStreetMap（© OpenStreetMap contributors, ODbL 1.0）Geofabrik japan-latest.osm.pbf 2026-09-23T20:22:04Z node/1288447212",
    "verifiedAt": ""
   }
  },
  {
   "type": "Feature",
   "geometry": {
    "type": "Point",
    "coordinates": [
     131.5444164,
     32.7845567
    ]
   },
   "properties": {
    "id": "PK-n1658400499",
    "kind": "parking",
    "name": "藤河内渓谷第2駐車場",
    "datum": "WGS84",
    "mountainIds": "883 885 887 889",
    "mountainNames": "夏木山、五葉岳、鹿納山、大崩山",
    "lists": "九州百名山|日本二百名山|日本三百名山",
    "routes": "",
    "entryType": "",
    "trailKmToSummit": "",
    "related": "TH-n1292711211(157m)",
    "attributes": "",
    "status": "provisional",
    "accuracyM": 20,
    "needsReview": "公式情報または2情報源での確認が必要",
    "sources": "OpenStreetMap（© OpenStreetMap contributors, ODbL 1.0）Geofabrik japan-latest.osm.pbf 2026-09-23T20:22:04Z node/1658400499",
    "verifiedAt": ""
   }
  },
  {
   "type": "Feature",
   "geometry": {
    "type": "Point",
    "coordinates": [
     130.8843705,
     33.1975961
    ]
   },
   "properties": {
    "id": "PK-n1679175728",
    "kind": "parking",
    "name": "（名称なし）駐車場",
    "datum": "WGS84",
    "mountainIds": "855",
    "mountainNames": "釈迦ガ岳",
    "lists": "九州百名山",
    "routes": "",
    "entryType": "",
    "trailKmToSummit": "",
    "related": "TH-n1679175724(74m)",
    "attributes": "",
    "status": "provisional",
    "accuracyM": 20,
    "needsReview": "公式情報または2情報源での確認が必要、名称なし",
    "sources": "OpenStreetMap（© OpenStreetMap contributors, ODbL 1.0）Geofabrik japan-latest.osm.pbf 2026-09-23T20:22:04Z node/1679175728",
    "verifiedAt": ""
   }
  },
  {
   "type": "Feature",
   "geometry": {
    "type": "Point",
    "coordinates": [
     131.0120292,
     32.4816635
    ]
   },
   "properties": {
    "id": "PK-n1722371079",
    "kind": "parking",
    "name": "（名称なし）駐車場",
    "datum": "WGS84",
    "mountainIds": "875 904 908",
    "mountainNames": "烏帽子岳、国見岳、白鳥山",
    "lists": "九州百名山|日本三百名山",
    "routes": "",
    "entryType": "",
    "trailKmToSummit": "",
    "related": "TH-n1722371129(13m)",
    "attributes": "",
    "status": "provisional",
    "accuracyM": 20,
    "needsReview": "公式情報または2情報源での確認が必要、名称なし",
    "sources": "OpenStreetMap（© OpenStreetMap contributors, ODbL 1.0）Geofabrik japan-latest.osm.pbf 2026-09-23T20:22:04Z node/1722371079",
    "verifiedAt": ""
   }
  },
  {
   "type": "Feature",
   "geometry": {
    "type": "Point",
    "coordinates": [
     131.6887572,
     32.652315
    ]
   },
   "properties": {
    "id": "PK-n1722506581",
    "kind": "parking",
    "name": "（名称なし）駐車場",
    "datum": "WGS84",
    "mountainIds": "894",
    "mountainNames": "可愛岳",
    "lists": "九州百名山",
    "routes": "",
    "entryType": "",
    "trailKmToSummit": "",
    "related": "TH-n10316202019(125m)",
    "attributes": "",
    "status": "provisional",
    "accuracyM": 20,
    "needsReview": "公式情報または2情報源での確認が必要、名称なし",
    "sources": "OpenStreetMap（© OpenStreetMap contributors, ODbL 1.0）Geofabrik japan-latest.osm.pbf 2026-09-23T20:22:04Z node/1722506581",
    "verifiedAt": ""
   }
  },
  {
   "type": "Feature",
   "geometry": {
    "type": "Point",
    "coordinates": [
     131.4430322,
     32.6485458
    ]
   },
   "properties": {
    "id": "PK-n1726463377",
    "kind": "parking",
    "name": "（名称なし）駐車場",
    "datum": "WGS84",
    "mountainIds": "895",
    "mountainNames": "比叡山",
    "lists": "九州百名山",
    "routes": "",
    "entryType": "",
    "trailKmToSummit": "",
    "related": "TH-n1388096748(269m)",
    "attributes": "",
    "status": "provisional",
    "accuracyM": 20,
    "needsReview": "公式情報または2情報源での確認が必要、名称なし",
    "sources": "OpenStreetMap（© OpenStreetMap contributors, ODbL 1.0）Geofabrik japan-latest.osm.pbf 2026-09-23T20:22:04Z node/1726463377",
    "verifiedAt": ""
   }
  },
  {
   "type": "Feature",
   "geometry": {
    "type": "Point",
    "coordinates": [
     131.3370931,
     32.778268
    ]
   },
   "properties": {
    "id": "PK-n1740966433",
    "kind": "parking",
    "name": "（名称なし）駐車場",
    "datum": "WGS84",
    "mountainIds": "857 881 882",
    "mountainNames": "障子岳、祖母山、古祖母山",
    "lists": "九州百名山|日本百名山|日本二百名山|日本三百名山",
    "routes": "",
    "entryType": "",
    "trailKmToSummit": "",
    "related": "TH-n1405196315(159m)",
    "attributes": "",
    "status": "provisional",
    "accuracyM": 20,
    "needsReview": "公式情報または2情報源での確認が必要、名称なし",
    "sources": "OpenStreetMap（© OpenStreetMap contributors, ODbL 1.0）Geofabrik japan-latest.osm.pbf 2026-09-23T20:22:04Z node/1740966433",
    "verifiedAt": ""
   }
  },
  {
   "type": "Feature",
   "geometry": {
    "type": "Point",
    "coordinates": [
     131.4756323,
     32.7720708
    ]
   },
   "properties": {
    "id": "PK-n1741088700",
    "kind": "parking",
    "name": "（名称なし）駐車場",
    "datum": "WGS84",
    "mountainIds": "883 885 887 889",
    "mountainNames": "夏木山、五葉岳、鹿納山、大崩山",
    "lists": "九州百名山|日本二百名山|日本三百名山",
    "routes": "",
    "entryType": "",
    "trailKmToSummit": "",
    "related": "TH-n1394366337(85m)",
    "attributes": "",
    "status": "provisional",
    "accuracyM": 20,
    "needsReview": "公式情報または2情報源での確認が必要、名称なし",
    "sources": "OpenStreetMap（© OpenStreetMap contributors, ODbL 1.0）Geofabrik japan-latest.osm.pbf 2026-09-23T20:22:04Z node/1741088700",
    "verifiedAt": ""
   }
  },
  {
   "type": "Feature",
   "geometry": {
    "type": "Point",
    "coordinates": [
     131.2264731,
     33.101236
    ]
   },
   "properties": {
    "id": "PK-n1743984459",
    "kind": "parking",
    "name": "大曲",
    "datum": "WGS84",
    "mountainIds": "861 862 863 865",
    "mountainNames": "黒岳、三俣山、大船山、九重山",
    "lists": "九州百名山|日本三百名山|日本百名山|日本二百名山",
    "routes": "",
    "entryType": "",
    "trailKmToSummit": "",
    "related": "TH-n1743984459(0m)",
    "attributes": "",
    "status": "provisional",
    "accuracyM": 20,
    "needsReview": "公式情報または2情報源での確認が必要",
    "sources": "OpenStreetMap（© OpenStreetMap contributors, ODbL 1.0）Geofabrik japan-latest.osm.pbf 2026-09-23T20:22:04Z node/1743984459",
    "verifiedAt": ""
   }
  },
  {
   "type": "Feature",
   "geometry": {
    "type": "Point",
    "coordinates": [
     130.06341,
     32.9760984
    ]
   },
   "properties": {
    "id": "PK-n1752049254",
    "kind": "parking",
    "name": "黒木林道駐車場",
    "datum": "WGS84",
    "mountainIds": "868 869",
    "mountainNames": "経ガ岳、多良岳",
    "lists": "九州百名山|日本三百名山",
    "routes": "",
    "entryType": "",
    "trailKmToSummit": "",
    "related": "TH-n1752057933(246m)",
    "attributes": "",
    "status": "provisional",
    "accuracyM": 20,
    "needsReview": "公式情報または2情報源での確認が必要",
    "sources": "OpenStreetMap（© OpenStreetMap contributors, ODbL 1.0）Geofabrik japan-latest.osm.pbf 2026-09-23T20:22:04Z node/1752049254",
    "verifiedAt": ""
   }
  },
  {
   "type": "Feature",
   "geometry": {
    "type": "Point",
    "coordinates": [
     130.0556475,
     32.9778571
    ]
   },
   "properties": {
    "id": "PK-n1752057906",
    "kind": "parking",
    "name": "（名称なし）駐車場",
    "datum": "WGS84",
    "mountainIds": "868 869",
    "mountainNames": "経ガ岳、多良岳",
    "lists": "九州百名山|日本三百名山",
    "routes": "",
    "entryType": "",
    "trailKmToSummit": "",
    "related": "TH-n1344057897(133m)",
    "attributes": "",
    "status": "provisional",
    "accuracyM": 20,
    "needsReview": "公式情報または2情報源での確認が必要、名称なし",
    "sources": "OpenStreetMap（© OpenStreetMap contributors, ODbL 1.0）Geofabrik japan-latest.osm.pbf 2026-09-23T20:22:04Z node/1752057906",
    "verifiedAt": ""
   }
  },
  {
   "type": "Feature",
   "geometry": {
    "type": "Point",
    "coordinates": [
     129.8910083,
     33.2313353
    ]
   },
   "properties": {
    "id": "PK-n1837539371",
    "kind": "parking",
    "name": "（名称なし）駐車場",
    "datum": "WGS84",
    "mountainIds": "851",
    "mountainNames": "黒髪山",
    "lists": "九州百名山",
    "routes": "",
    "entryType": "",
    "trailKmToSummit": "",
    "related": "TH-n1836184398(138m)",
    "attributes": "access=customers",
    "status": "provisional",
    "accuracyM": 20,
    "needsReview": "公式情報または2情報源での確認が必要、名称なし",
    "sources": "OpenStreetMap（© OpenStreetMap contributors, ODbL 1.0）Geofabrik japan-latest.osm.pbf 2026-09-23T20:22:04Z node/1837539371",
    "verifiedAt": ""
   }
  },
  {
   "type": "Feature",
   "geometry": {
    "type": "Point",
    "coordinates": [
     129.8943151,
     33.1927268
    ]
   },
   "properties": {
    "id": "PK-n1842236273",
    "kind": "parking",
    "name": "（名称なし）駐車場",
    "datum": "WGS84",
    "mountainIds": "851",
    "mountainNames": "黒髪山",
    "lists": "九州百名山",
    "routes": "",
    "entryType": "",
    "trailKmToSummit": "",
    "related": "TH-w415761662(427m)",
    "attributes": "",
    "status": "provisional",
    "accuracyM": 20,
    "needsReview": "公式情報または2情報源での確認が必要、名称なし、登山口から離れている（徒歩アプローチを要確認）",
    "sources": "OpenStreetMap（© OpenStreetMap contributors, ODbL 1.0）Geofabrik japan-latest.osm.pbf 2026-09-23T20:22:04Z node/1842236273",
    "verifiedAt": ""
   }
  },
  {
   "type": "Feature",
   "geometry": {
    "type": "Point",
    "coordinates": [
     129.8953498,
     33.1950654
    ]
   },
   "properties": {
    "id": "PK-n1842236782",
    "kind": "parking",
    "name": "（名称なし）駐車場",
    "datum": "WGS84",
    "mountainIds": "851",
    "mountainNames": "黒髪山",
    "lists": "九州百名山",
    "routes": "",
    "entryType": "",
    "trailKmToSummit": "",
    "related": "TH-w415761662(153m)",
    "attributes": "",
    "status": "provisional",
    "accuracyM": 20,
    "needsReview": "公式情報または2情報源での確認が必要、名称なし",
    "sources": "OpenStreetMap（© OpenStreetMap contributors, ODbL 1.0）Geofabrik japan-latest.osm.pbf 2026-09-23T20:22:04Z node/1842236782",
    "verifiedAt": ""
   }
  },
  {
   "type": "Feature",
   "geometry": {
    "type": "Point",
    "coordinates": [
     129.9203409,
     33.0948677
    ]
   },
   "properties": {
    "id": "PK-n1956551940",
    "kind": "parking",
    "name": "（名称なし）駐車場",
    "datum": "WGS84",
    "mountainIds": "864",
    "mountainNames": "虚空蔵山",
    "lists": "九州百名山",
    "routes": "",
    "entryType": "",
    "trailKmToSummit": "",
    "related": "TH-n1291322239(25m)",
    "attributes": "",
    "status": "provisional",
    "accuracyM": 20,
    "needsReview": "公式情報または2情報源での確認が必要、名称なし",
    "sources": "OpenStreetMap（© OpenStreetMap contributors, ODbL 1.0）Geofabrik japan-latest.osm.pbf 2026-09-23T20:22:04Z node/1956551940",
    "verifiedAt": ""
   }
  },
  {
   "type": "Feature",
   "geometry": {
    "type": "Point",
    "coordinates": [
     130.272472,
     32.785011
    ]
   },
   "properties": {
    "id": "PK-n2160627633",
    "kind": "parking",
    "name": "（名称なし）駐車場",
    "datum": "WGS84",
    "mountainIds": "884",
    "mountainNames": "九千部岳",
    "lists": "九州百名山",
    "routes": "",
    "entryType": "",
    "trailKmToSummit": "",
    "related": "TH-n1331911161(298m)",
    "attributes": "",
    "status": "provisional",
    "accuracyM": 20,
    "needsReview": "公式情報または2情報源での確認が必要、名称なし",
    "sources": "OpenStreetMap（© OpenStreetMap contributors, ODbL 1.0）Geofabrik japan-latest.osm.pbf 2026-09-23T20:22:04Z node/2160627633",
    "verifiedAt": ""
   }
  },
  {
   "type": "Feature",
   "geometry": {
    "type": "Point",
    "coordinates": [
     129.919317,
     33.0860183
    ]
   },
   "properties": {
    "id": "PK-n3269360741",
    "kind": "parking",
    "name": "（名称なし）駐車場",
    "datum": "WGS84",
    "mountainIds": "864",
    "mountainNames": "虚空蔵山",
    "lists": "九州百名山",
    "routes": "",
    "entryType": "",
    "trailKmToSummit": "",
    "related": "TH-n1291317350(9m) TH-n12085538741(485m)",
    "attributes": "",
    "status": "provisional",
    "accuracyM": 20,
    "needsReview": "公式情報または2情報源での確認が必要、名称なし、登山口から離れている（徒歩アプローチを要確認）",
    "sources": "OpenStreetMap（© OpenStreetMap contributors, ODbL 1.0）Geofabrik japan-latest.osm.pbf 2026-09-23T20:22:04Z node/3269360741",
    "verifiedAt": ""
   }
  },
  {
   "type": "Feature",
   "geometry": {
    "type": "Point",
    "coordinates": [
     131.3675015,
     33.2678121
    ]
   },
   "properties": {
    "id": "PK-n5510227221",
    "kind": "parking",
    "name": "駐車場",
    "datum": "WGS84",
    "mountainIds": "849",
    "mountainNames": "由布岳",
    "lists": "日本二百名山|日本三百名山|九州百名山",
    "routes": "",
    "entryType": "",
    "trailKmToSummit": "",
    "related": "TH-n1307439394(191m)",
    "attributes": "",
    "status": "provisional",
    "accuracyM": 20,
    "needsReview": "公式情報または2情報源での確認が必要",
    "sources": "OpenStreetMap（© OpenStreetMap contributors, ODbL 1.0）Geofabrik japan-latest.osm.pbf 2026-09-23T20:22:04Z node/5510227221",
    "verifiedAt": ""
   }
  },
  {
   "type": "Feature",
   "geometry": {
    "type": "Point",
    "coordinates": [
     130.9049907,
     33.8777726
    ]
   },
   "properties": {
    "id": "PK-n7675882690",
    "kind": "parking",
    "name": "（名称なし）駐車場",
    "datum": "WGS84",
    "mountainIds": "771",
    "mountainNames": "足立山",
    "lists": "九州百名山",
    "routes": "",
    "entryType": "",
    "trailKmToSummit": "",
    "related": "TH-n1579493511(268m) TH-n1579495691(196m)",
    "attributes": "",
    "status": "provisional",
    "accuracyM": 20,
    "needsReview": "公式情報または2情報源での確認が必要、名称なし",
    "sources": "OpenStreetMap（© OpenStreetMap contributors, ODbL 1.0）Geofabrik japan-latest.osm.pbf 2026-09-23T20:22:04Z node/7675882690",
    "verifiedAt": ""
   }
  },
  {
   "type": "Feature",
   "geometry": {
    "type": "Point",
    "coordinates": [
     130.4734951,
     33.6848334
    ]
   },
   "properties": {
    "id": "PK-n8689689978",
    "kind": "parking",
    "name": "（名称なし）駐車場",
    "datum": "WGS84",
    "mountainIds": "815",
    "mountainNames": "立花山",
    "lists": "九州百名山",
    "routes": "",
    "entryType": "",
    "trailKmToSummit": "",
    "related": "TH-n1268341666(209m)",
    "attributes": "",
    "status": "provisional",
    "accuracyM": 20,
    "needsReview": "公式情報または2情報源での確認が必要、名称なし",
    "sources": "OpenStreetMap（© OpenStreetMap contributors, ODbL 1.0）Geofabrik japan-latest.osm.pbf 2026-09-23T20:22:04Z node/8689689978",
    "verifiedAt": ""
   }
  },
  {
   "type": "Feature",
   "geometry": {
    "type": "Point",
    "coordinates": [
     130.9659879,
     31.8869356
    ]
   },
   "properties": {
    "id": "PK-w1051263213",
    "kind": "parking",
    "name": "（名称なし）駐車場",
    "datum": "WGS84",
    "mountainIds": "921",
    "mountainNames": "高千穂峰",
    "lists": "日本二百名山|日本三百名山|九州百名山",
    "routes": "",
    "entryType": "",
    "trailKmToSummit": "",
    "related": "TH-n1870975552(71m) TH-n1870975951(267m)",
    "attributes": "",
    "status": "provisional",
    "accuracyM": 40,
    "needsReview": "公式情報または2情報源での確認が必要、名称なし",
    "sources": "OpenStreetMap（© OpenStreetMap contributors, ODbL 1.0）Geofabrik japan-latest.osm.pbf 2026-09-23T20:22:04Z way/1051263213",
    "verifiedAt": ""
   }
  },
  {
   "type": "Feature",
   "geometry": {
    "type": "Point",
    "coordinates": [
     130.9392687,
     32.9506947
    ]
   },
   "properties": {
    "id": "PK-w1057569638",
    "kind": "parking",
    "name": "（名称なし）駐車場",
    "datum": "WGS84",
    "mountainIds": "871",
    "mountainNames": "鞍岳",
    "lists": "九州百名山",
    "routes": "",
    "entryType": "",
    "trailKmToSummit": "",
    "related": "TH-n1473794509(35m)",
    "attributes": "",
    "status": "provisional",
    "accuracyM": 40,
    "needsReview": "公式情報または2情報源での確認が必要、名称なし",
    "sources": "OpenStreetMap（© OpenStreetMap contributors, ODbL 1.0）Geofabrik japan-latest.osm.pbf 2026-09-23T20:22:04Z way/1057569638",
    "verifiedAt": ""
   }
  },
  {
   "type": "Feature",
   "geometry": {
    "type": "Point",
    "coordinates": [
     131.3675691,
     33.2685476
    ]
   },
   "properties": {
    "id": "PK-w1079120458",
    "kind": "parking",
    "name": "（名称なし）駐車場",
    "datum": "WGS84",
    "mountainIds": "849",
    "mountainNames": "由布岳",
    "lists": "日本二百名山|日本三百名山|九州百名山",
    "routes": "",
    "entryType": "",
    "trailKmToSummit": "",
    "related": "TH-n1307439394(145m)",
    "attributes": "",
    "status": "provisional",
    "accuracyM": 40,
    "needsReview": "公式情報または2情報源での確認が必要、名称なし",
    "sources": "OpenStreetMap（© OpenStreetMap contributors, ODbL 1.0）Geofabrik japan-latest.osm.pbf 2026-09-23T20:22:04Z way/1079120458",
    "verifiedAt": ""
   }
  },
  {
   "type": "Feature",
   "geometry": {
    "type": "Point",
    "coordinates": [
     130.5504696,
     33.5283679
    ]
   },
   "properties": {
    "id": "PK-w110010781",
    "kind": "parking",
    "name": "かまど神社駐車場",
    "datum": "WGS84",
    "mountainIds": "824",
    "mountainNames": "宝満山",
    "lists": "九州百名山",
    "routes": "",
    "entryType": "",
    "trailKmToSummit": "",
    "related": "TH-n1239456847(226m) TH-n1820256255(182m)",
    "attributes": "",
    "status": "provisional",
    "accuracyM": 40,
    "needsReview": "公式情報または2情報源での確認が必要",
    "sources": "OpenStreetMap（© OpenStreetMap contributors, ODbL 1.0）Geofabrik japan-latest.osm.pbf 2026-09-23T20:22:04Z way/110010781",
    "verifiedAt": ""
   }
  },
  {
   "type": "Feature",
   "geometry": {
    "type": "Point",
    "coordinates": [
     130.5501882,
     33.5282231
    ]
   },
   "properties": {
    "id": "PK-w110010783",
    "kind": "parking",
    "name": "かまど神社駐車場",
    "datum": "WGS84",
    "mountainIds": "824",
    "mountainNames": "宝満山",
    "lists": "九州百名山",
    "routes": "",
    "entryType": "",
    "trailKmToSummit": "",
    "related": "TH-n1239456847(257m) TH-n1820256255(181m)",
    "attributes": "",
    "status": "provisional",
    "accuracyM": 40,
    "needsReview": "公式情報または2情報源での確認が必要",
    "sources": "OpenStreetMap（© OpenStreetMap contributors, ODbL 1.0）Geofabrik japan-latest.osm.pbf 2026-09-23T20:22:04Z way/110010783",
    "verifiedAt": ""
   }
  },
  {
   "type": "Feature",
   "geometry": {
    "type": "Point",
    "coordinates": [
     130.9029458,
     33.8663564
    ]
   },
   "properties": {
    "id": "PK-w1106985357",
    "kind": "parking",
    "name": "（名称なし）駐車場",
    "datum": "WGS84",
    "mountainIds": "771",
    "mountainNames": "足立山",
    "lists": "九州百名山",
    "routes": "",
    "entryType": "",
    "trailKmToSummit": "",
    "related": "TH-n5434372794(344m)",
    "attributes": "",
    "status": "provisional",
    "accuracyM": 40,
    "needsReview": "公式情報または2情報源での確認が必要、名称なし、登山口から離れている（徒歩アプローチを要確認）",
    "sources": "OpenStreetMap（© OpenStreetMap contributors, ODbL 1.0）Geofabrik japan-latest.osm.pbf 2026-09-23T20:22:04Z way/1106985357",
    "verifiedAt": ""
   }
  },
  {
   "type": "Feature",
   "geometry": {
    "type": "Point",
    "coordinates": [
     130.9026119,
     33.8657429
    ]
   },
   "properties": {
    "id": "PK-w1106985359",
    "kind": "parking",
    "name": "（名称なし）駐車場",
    "datum": "WGS84",
    "mountainIds": "771",
    "mountainNames": "足立山",
    "lists": "九州百名山",
    "routes": "",
    "entryType": "",
    "trailKmToSummit": "",
    "related": "TH-n5434372794(283m)",
    "attributes": "",
    "status": "provisional",
    "accuracyM": 40,
    "needsReview": "公式情報または2情報源での確認が必要、名称なし",
    "sources": "OpenStreetMap（© OpenStreetMap contributors, ODbL 1.0）Geofabrik japan-latest.osm.pbf 2026-09-23T20:22:04Z way/1106985359",
    "verifiedAt": ""
   }
  },
  {
   "type": "Feature",
   "geometry": {
    "type": "Point",
    "coordinates": [
     130.9017508,
     33.865067
    ]
   },
   "properties": {
    "id": "PK-w1106985363",
    "kind": "parking",
    "name": "（名称なし）駐車場",
    "datum": "WGS84",
    "mountainIds": "771",
    "mountainNames": "足立山",
    "lists": "九州百名山",
    "routes": "",
    "entryType": "",
    "trailKmToSummit": "",
    "related": "TH-n5434372794(248m)",
    "attributes": "",
    "status": "provisional",
    "accuracyM": 40,
    "needsReview": "公式情報または2情報源での確認が必要、名称なし",
    "sources": "OpenStreetMap（© OpenStreetMap contributors, ODbL 1.0）Geofabrik japan-latest.osm.pbf 2026-09-23T20:22:04Z way/1106985363",
    "verifiedAt": ""
   }
  },
  {
   "type": "Feature",
   "geometry": {
    "type": "Point",
    "coordinates": [
     130.4258713,
     33.4157242
    ]
   },
   "properties": {
    "id": "PK-w1207443616",
    "kind": "parking",
    "name": "（名称なし）駐車場",
    "datum": "WGS84",
    "mountainIds": "844",
    "mountainNames": "九千部山",
    "lists": "九州百名山",
    "routes": "",
    "entryType": "",
    "trailKmToSummit": "",
    "related": "TH-n2293364309(302m)",
    "attributes": "access=customers",
    "status": "provisional",
    "accuracyM": 40,
    "needsReview": "公式情報または2情報源での確認が必要、名称なし、登山口から離れている（徒歩アプローチを要確認）",
    "sources": "OpenStreetMap（© OpenStreetMap contributors, ODbL 1.0）Geofabrik japan-latest.osm.pbf 2026-09-23T20:22:04Z way/1207443616",
    "verifiedAt": ""
   }
  },
  {
   "type": "Feature",
   "geometry": {
    "type": "Point",
    "coordinates": [
     130.4236706,
     33.414331
    ]
   },
   "properties": {
    "id": "PK-w1207443658",
    "kind": "parking",
    "name": "（名称なし）駐車場",
    "datum": "WGS84",
    "mountainIds": "844",
    "mountainNames": "九千部山",
    "lists": "九州百名山",
    "routes": "",
    "entryType": "",
    "trailKmToSummit": "",
    "related": "TH-n2293364309(473m)",
    "attributes": "access=customers",
    "status": "provisional",
    "accuracyM": 40,
    "needsReview": "公式情報または2情報源での確認が必要、名称なし、登山口から離れている（徒歩アプローチを要確認）",
    "sources": "OpenStreetMap（© OpenStreetMap contributors, ODbL 1.0）Geofabrik japan-latest.osm.pbf 2026-09-23T20:22:04Z way/1207443658",
    "verifiedAt": ""
   }
  },
  {
   "type": "Feature",
   "geometry": {
    "type": "Point",
    "coordinates": [
     130.8430344,
     31.9454797
    ]
   },
   "properties": {
    "id": "PK-w1208038110",
    "kind": "parking",
    "name": "（名称なし）駐車場",
    "datum": "WGS84",
    "mountainIds": "919 920",
    "mountainNames": "白鳥山（霧島山）、霧島山",
    "lists": "九州百名山|日本百名山|日本二百名山|日本三百名山",
    "routes": "",
    "entryType": "",
    "trailKmToSummit": "",
    "related": "TH-n8148255443(125m) TH-n1905402903(193m) TH-n11193529936(284m)",
    "attributes": "",
    "status": "provisional",
    "accuracyM": 40,
    "needsReview": "公式情報または2情報源での確認が必要、名称なし",
    "sources": "OpenStreetMap（© OpenStreetMap contributors, ODbL 1.0）Geofabrik japan-latest.osm.pbf 2026-09-23T20:22:04Z way/1208038110",
    "verifiedAt": ""
   }
  },
  {
   "type": "Feature",
   "geometry": {
    "type": "Point",
    "coordinates": [
     129.9075937,
     33.2192239
    ]
   },
   "properties": {
    "id": "PK-w1222291576",
    "kind": "parking",
    "name": "（名称なし）駐車場",
    "datum": "WGS84",
    "mountainIds": "851",
    "mountainNames": "黒髪山",
    "lists": "九州百名山",
    "routes": "",
    "entryType": "",
    "trailKmToSummit": "",
    "related": "TH-n1815444306(399m)",
    "attributes": "access=customers",
    "status": "provisional",
    "accuracyM": 40,
    "needsReview": "公式情報または2情報源での確認が必要、名称なし、登山口から離れている（徒歩アプローチを要確認）",
    "sources": "OpenStreetMap（© OpenStreetMap contributors, ODbL 1.0）Geofabrik japan-latest.osm.pbf 2026-09-23T20:22:04Z way/1222291576",
    "verifiedAt": ""
   }
  },
  {
   "type": "Feature",
   "geometry": {
    "type": "Point",
    "coordinates": [
     130.0942979,
     32.985419
    ]
   },
   "properties": {
    "id": "PK-w1234092487",
    "kind": "parking",
    "name": "（名称なし）駐車場",
    "datum": "WGS84",
    "mountainIds": "868 869",
    "mountainNames": "経ガ岳、多良岳",
    "lists": "九州百名山|日本三百名山",
    "routes": "",
    "entryType": "",
    "trailKmToSummit": "",
    "related": "TH-n1297005766(31m)",
    "attributes": "access=customers",
    "status": "provisional",
    "accuracyM": 40,
    "needsReview": "公式情報または2情報源での確認が必要、名称なし",
    "sources": "OpenStreetMap（© OpenStreetMap contributors, ODbL 1.0）Geofabrik japan-latest.osm.pbf 2026-09-23T20:22:04Z way/1234092487",
    "verifiedAt": ""
   }
  },
  {
   "type": "Feature",
   "geometry": {
    "type": "Point",
    "coordinates": [
     130.5290613,
     32.9655349
    ]
   },
   "properties": {
    "id": "PK-w1238773863",
    "kind": "parking",
    "name": "（名称なし）駐車場",
    "datum": "WGS84",
    "mountainIds": "870",
    "mountainNames": "小岱山",
    "lists": "九州百名山",
    "routes": "",
    "entryType": "",
    "trailKmToSummit": "",
    "related": "TH-n1480909430(300m) TH-n1480907277(200m)",
    "attributes": "",
    "status": "provisional",
    "accuracyM": 40,
    "needsReview": "公式情報または2情報源での確認が必要、名称なし",
    "sources": "OpenStreetMap（© OpenStreetMap contributors, ODbL 1.0）Geofabrik japan-latest.osm.pbf 2026-09-23T20:22:04Z way/1238773863",
    "verifiedAt": ""
   }
  },
  {
   "type": "Feature",
   "geometry": {
    "type": "Point",
    "coordinates": [
     130.5299328,
     32.9679913
    ]
   },
   "properties": {
    "id": "PK-w1246222069",
    "kind": "parking",
    "name": "（名称なし）駐車場",
    "datum": "WGS84",
    "mountainIds": "870",
    "mountainNames": "小岱山",
    "lists": "九州百名山",
    "routes": "",
    "entryType": "",
    "trailKmToSummit": "",
    "related": "TH-n1480909430(47m) TH-n1480907277(404m)",
    "attributes": "",
    "status": "provisional",
    "accuracyM": 40,
    "needsReview": "公式情報または2情報源での確認が必要、名称なし、登山口から離れている（徒歩アプローチを要確認）",
    "sources": "OpenStreetMap（© OpenStreetMap contributors, ODbL 1.0）Geofabrik japan-latest.osm.pbf 2026-09-23T20:22:04Z way/1246222069",
    "verifiedAt": ""
   }
  },
  {
   "type": "Feature",
   "geometry": {
    "type": "Point",
    "coordinates": [
     130.063144,
     32.9995831
    ]
   },
   "properties": {
    "id": "PK-w1306078548",
    "kind": "parking",
    "name": "（名称なし）駐車場",
    "datum": "WGS84",
    "mountainIds": "868 869",
    "mountainNames": "経ガ岳、多良岳",
    "lists": "九州百名山|日本三百名山",
    "routes": "",
    "entryType": "",
    "trailKmToSummit": "",
    "related": "TH-n1298965761(493m) TH-n1298982872(198m)",
    "attributes": "fee=no; access=yes",
    "status": "provisional",
    "accuracyM": 40,
    "needsReview": "公式情報または2情報源での確認が必要、名称なし、登山口から離れている（徒歩アプローチを要確認）",
    "sources": "OpenStreetMap（© OpenStreetMap contributors, ODbL 1.0）Geofabrik japan-latest.osm.pbf 2026-09-23T20:22:04Z way/1306078548",
    "verifiedAt": ""
   }
  },
  {
   "type": "Feature",
   "geometry": {
    "type": "Point",
    "coordinates": [
     130.5817541,
     30.2574916
    ]
   },
   "properties": {
    "id": "PK-w1357100468",
    "kind": "parking",
    "name": "（名称なし）駐車場",
    "datum": "WGS84",
    "mountainIds": "936",
    "mountainNames": "モッチョム岳",
    "lists": "九州百名山",
    "routes": "",
    "entryType": "",
    "trailKmToSummit": "",
    "related": "TH-n589014748(17m)",
    "attributes": "",
    "status": "provisional",
    "accuracyM": 40,
    "needsReview": "公式情報または2情報源での確認が必要、名称なし",
    "sources": "OpenStreetMap（© OpenStreetMap contributors, ODbL 1.0）Geofabrik japan-latest.osm.pbf 2026-09-23T20:22:04Z way/1357100468",
    "verifiedAt": ""
   }
  },
  {
   "type": "Feature",
   "geometry": {
    "type": "Point",
    "coordinates": [
     130.0629822,
     33.0023422
    ]
   },
   "properties": {
    "id": "PK-w1387992105",
    "kind": "parking",
    "name": "（名称なし）駐車場",
    "datum": "WGS84",
    "mountainIds": "868 869",
    "mountainNames": "経ガ岳、多良岳",
    "lists": "九州百名山|日本三百名山",
    "routes": "",
    "entryType": "",
    "trailKmToSummit": "",
    "related": "TH-n1298982872(472m)",
    "attributes": "",
    "status": "provisional",
    "accuracyM": 40,
    "needsReview": "公式情報または2情報源での確認が必要、名称なし、登山口から離れている（徒歩アプローチを要確認）",
    "sources": "OpenStreetMap（© OpenStreetMap contributors, ODbL 1.0）Geofabrik japan-latest.osm.pbf 2026-09-23T20:22:04Z way/1387992105",
    "verifiedAt": ""
   }
  },
  {
   "type": "Feature",
   "geometry": {
    "type": "Point",
    "coordinates": [
     131.0841748,
     32.878768
    ]
   },
   "properties": {
    "id": "PK-w1426203561",
    "kind": "parking",
    "name": "（名称なし）駐車場",
    "datum": "WGS84",
    "mountainIds": "873",
    "mountainNames": "阿蘇山",
    "lists": "日本百名山|日本二百名山|日本三百名山|九州百名山",
    "routes": "",
    "entryType": "",
    "trailKmToSummit": "",
    "related": "TH-kP11-22-43-bs1011(174m)",
    "attributes": "operator=砂千里ヶ浜駐車場",
    "status": "provisional",
    "accuracyM": 40,
    "needsReview": "公式情報または2情報源での確認が必要、名称なし",
    "sources": "OpenStreetMap（© OpenStreetMap contributors, ODbL 1.0）Geofabrik japan-latest.osm.pbf 2026-09-23T20:22:04Z way/1426203561",
    "verifiedAt": ""
   }
  },
  {
   "type": "Feature",
   "geometry": {
    "type": "Point",
    "coordinates": [
     130.5952598,
     30.3396743
    ]
   },
   "properties": {
    "id": "PK-w1455712627",
    "kind": "parking",
    "name": "（名称なし）駐車場",
    "datum": "WGS84",
    "mountainIds": "934 935",
    "mountainNames": "宮之浦岳、黒味岳",
    "lists": "日本百名山|日本二百名山|日本三百名山|九州百名山",
    "routes": "",
    "entryType": "",
    "trailKmToSummit": "",
    "related": "TH-n4435165390(28m)",
    "attributes": "fee=no",
    "status": "provisional",
    "accuracyM": 40,
    "needsReview": "公式情報または2情報源での確認が必要、名称なし",
    "sources": "OpenStreetMap（© OpenStreetMap contributors, ODbL 1.0）Geofabrik japan-latest.osm.pbf 2026-09-23T20:22:04Z way/1455712627",
    "verifiedAt": ""
   }
  },
  {
   "type": "Feature",
   "geometry": {
    "type": "Point",
    "coordinates": [
     130.5755649,
     30.3045745
    ]
   },
   "properties": {
    "id": "PK-w1455714469",
    "kind": "parking",
    "name": "Yakusugiland Parking",
    "datum": "WGS84",
    "mountainIds": "934 935",
    "mountainNames": "宮之浦岳、黒味岳",
    "lists": "日本百名山|日本二百名山|日本三百名山|九州百名山",
    "routes": "",
    "entryType": "",
    "trailKmToSummit": "",
    "related": "TH-n588930233(26m)",
    "attributes": "fee=no",
    "status": "provisional",
    "accuracyM": 40,
    "needsReview": "公式情報または2情報源での確認が必要",
    "sources": "OpenStreetMap（© OpenStreetMap contributors, ODbL 1.0）Geofabrik japan-latest.osm.pbf 2026-09-23T20:22:04Z way/1455714469",
    "verifiedAt": ""
   }
  },
  {
   "type": "Feature",
   "geometry": {
    "type": "Point",
    "coordinates": [
     129.8864202,
     33.2172694
    ]
   },
   "properties": {
    "id": "PK-w1469991471",
    "kind": "parking",
    "name": "（名称なし）駐車場",
    "datum": "WGS84",
    "mountainIds": "851",
    "mountainNames": "黒髪山",
    "lists": "九州百名山",
    "routes": "",
    "entryType": "",
    "trailKmToSummit": "",
    "related": "TH-n1815047592(25m)",
    "attributes": "",
    "status": "provisional",
    "accuracyM": 40,
    "needsReview": "公式情報または2情報源での確認が必要、名称なし",
    "sources": "OpenStreetMap（© OpenStreetMap contributors, ODbL 1.0）Geofabrik japan-latest.osm.pbf 2026-09-23T20:22:04Z way/1469991471",
    "verifiedAt": ""
   }
  },
  {
   "type": "Feature",
   "geometry": {
    "type": "Point",
    "coordinates": [
     129.905513,
     33.220569
    ]
   },
   "properties": {
    "id": "PK-w1497653750",
    "kind": "parking",
    "name": "（名称なし）駐車場",
    "datum": "WGS84",
    "mountainIds": "851",
    "mountainNames": "黒髪山",
    "lists": "九州百名山",
    "routes": "",
    "entryType": "",
    "trailKmToSummit": "",
    "related": "TH-n1815444306(322m)",
    "attributes": "",
    "status": "provisional",
    "accuracyM": 40,
    "needsReview": "公式情報または2情報源での確認が必要、名称なし、登山口から離れている（徒歩アプローチを要確認）",
    "sources": "OpenStreetMap（© OpenStreetMap contributors, ODbL 1.0）Geofabrik japan-latest.osm.pbf 2026-09-23T20:22:04Z way/1497653750",
    "verifiedAt": ""
   }
  },
  {
   "type": "Feature",
   "geometry": {
    "type": "Point",
    "coordinates": [
     130.3268167,
     32.4279706
    ]
   },
   "properties": {
    "id": "PK-w1506802814",
    "kind": "parking",
    "name": "（名称なし）駐車場",
    "datum": "WGS84",
    "mountainIds": "909",
    "mountainNames": "倉岳",
    "lists": "九州百名山",
    "routes": "",
    "entryType": "",
    "trailKmToSummit": "",
    "related": "TH-n1292600846(355m) TH-n1292655509(299m)",
    "attributes": "",
    "status": "provisional",
    "accuracyM": 40,
    "needsReview": "公式情報または2情報源での確認が必要、名称なし、登山口から離れている（徒歩アプローチを要確認）",
    "sources": "OpenStreetMap（© OpenStreetMap contributors, ODbL 1.0）Geofabrik japan-latest.osm.pbf 2026-09-23T20:22:04Z way/1506802814",
    "verifiedAt": ""
   }
  },
  {
   "type": "Feature",
   "geometry": {
    "type": "Point",
    "coordinates": [
     130.3247805,
     32.427327
    ]
   },
   "properties": {
    "id": "PK-w1506802816",
    "kind": "parking",
    "name": "（名称なし）駐車場",
    "datum": "WGS84",
    "mountainIds": "909",
    "mountainNames": "倉岳",
    "lists": "九州百名山",
    "routes": "",
    "entryType": "",
    "trailKmToSummit": "",
    "related": "TH-n1292600846(176m) TH-n1292655509(446m) TH-n1292665304(464m)",
    "attributes": "",
    "status": "provisional",
    "accuracyM": 40,
    "needsReview": "公式情報または2情報源での確認が必要、名称なし、登山口から離れている（徒歩アプローチを要確認）",
    "sources": "OpenStreetMap（© OpenStreetMap contributors, ODbL 1.0）Geofabrik japan-latest.osm.pbf 2026-09-23T20:22:04Z way/1506802816",
    "verifiedAt": ""
   }
  },
  {
   "type": "Feature",
   "geometry": {
    "type": "Point",
    "coordinates": [
     130.3235728,
     32.4260737
    ]
   },
   "properties": {
    "id": "PK-w1506802821",
    "kind": "parking",
    "name": "（名称なし）駐車場",
    "datum": "WGS84",
    "mountainIds": "909",
    "mountainNames": "倉岳",
    "lists": "九州百名山",
    "routes": "",
    "entryType": "",
    "trailKmToSummit": "",
    "related": "TH-n1292600846(39m) TH-n1292665304(339m)",
    "attributes": "",
    "status": "provisional",
    "accuracyM": 40,
    "needsReview": "公式情報または2情報源での確認が必要、名称なし、登山口から離れている（徒歩アプローチを要確認）",
    "sources": "OpenStreetMap（© OpenStreetMap contributors, ODbL 1.0）Geofabrik japan-latest.osm.pbf 2026-09-23T20:22:04Z way/1506802821",
    "verifiedAt": ""
   }
  },
  {
   "type": "Feature",
   "geometry": {
    "type": "Point",
    "coordinates": [
     131.0732713,
     32.8796985
    ]
   },
   "properties": {
    "id": "PK-w156307388",
    "kind": "parking",
    "name": "阿蘇山上駐車場",
    "datum": "WGS84",
    "mountainIds": "873",
    "mountainNames": "阿蘇山",
    "lists": "日本百名山|日本二百名山|日本三百名山|九州百名山",
    "routes": "",
    "entryType": "",
    "trailKmToSummit": "",
    "related": "TH-n585195466(180m)",
    "attributes": "fee=yes; access=yes; operator=自然公園財団 　阿蘇支部",
    "status": "provisional",
    "accuracyM": 40,
    "needsReview": "公式情報または2情報源での確認が必要",
    "sources": "OpenStreetMap（© OpenStreetMap contributors, ODbL 1.0）Geofabrik japan-latest.osm.pbf 2026-09-23T20:22:04Z way/156307388",
    "verifiedAt": ""
   }
  },
  {
   "type": "Feature",
   "geometry": {
    "type": "Point",
    "coordinates": [
     130.9082057,
     32.5670834
    ]
   },
   "properties": {
    "id": "PK-w160553915",
    "kind": "parking",
    "name": "大金峰登山口前",
    "datum": "WGS84",
    "mountainIds": "903",
    "mountainNames": "大金峰",
    "lists": "九州百名山",
    "routes": "",
    "entryType": "",
    "trailKmToSummit": "",
    "related": "TH-w160553915(0m)",
    "attributes": "",
    "status": "provisional",
    "accuracyM": 40,
    "needsReview": "公式情報または2情報源での確認が必要",
    "sources": "OpenStreetMap（© OpenStreetMap contributors, ODbL 1.0）Geofabrik japan-latest.osm.pbf 2026-09-23T20:22:04Z way/160553915",
    "verifiedAt": ""
   }
  },
  {
   "type": "Feature",
   "geometry": {
    "type": "Point",
    "coordinates": [
     130.9053806,
     33.4889004
    ]
   },
   "properties": {
    "id": "PK-w160579519",
    "kind": "parking",
    "name": "別所駐車場",
    "datum": "WGS84",
    "mountainIds": "832",
    "mountainNames": "英彦山",
    "lists": "日本二百名山|日本三百名山|九州百名山",
    "routes": "",
    "entryType": "",
    "trailKmToSummit": "",
    "related": "TH-n1503560607(456m) TH-n1503562632(154m)",
    "attributes": "",
    "status": "provisional",
    "accuracyM": 40,
    "needsReview": "公式情報または2情報源での確認が必要、登山口から離れている（徒歩アプローチを要確認）",
    "sources": "OpenStreetMap（© OpenStreetMap contributors, ODbL 1.0）Geofabrik japan-latest.osm.pbf 2026-09-23T20:22:04Z way/160579519",
    "verifiedAt": ""
   }
  },
  {
   "type": "Feature",
   "geometry": {
    "type": "Point",
    "coordinates": [
     130.8263966,
     32.3965413
    ]
   },
   "properties": {
    "id": "PK-w160691881",
    "kind": "parking",
    "name": "（名称なし）駐車場",
    "datum": "WGS84",
    "mountainIds": "911",
    "mountainNames": "仰烏帽子山",
    "lists": "九州百名山",
    "routes": "",
    "entryType": "",
    "trailKmToSummit": "",
    "related": "TH-n1289867619(481m) TH-n1289893178(383m)",
    "attributes": "",
    "status": "provisional",
    "accuracyM": 40,
    "needsReview": "公式情報または2情報源での確認が必要、名称なし、登山口から離れている（徒歩アプローチを要確認）",
    "sources": "OpenStreetMap（© OpenStreetMap contributors, ODbL 1.0）Geofabrik japan-latest.osm.pbf 2026-09-23T20:22:04Z way/160691881",
    "verifiedAt": ""
   }
  },
  {
   "type": "Feature",
   "geometry": {
    "type": "Point",
    "coordinates": [
     131.1026266,
     32.9003951
    ]
   },
   "properties": {
    "id": "PK-w160714125",
    "kind": "parking",
    "name": "（名称なし）駐車場",
    "datum": "WGS84",
    "mountainIds": "873",
    "mountainNames": "阿蘇山",
    "lists": "日本百名山|日本二百名山|日本三百名山|九州百名山",
    "routes": "",
    "entryType": "",
    "trailKmToSummit": "",
    "related": "TH-n849507180(182m)",
    "attributes": "",
    "status": "provisional",
    "accuracyM": 40,
    "needsReview": "公式情報または2情報源での確認が必要、名称なし",
    "sources": "OpenStreetMap（© OpenStreetMap contributors, ODbL 1.0）Geofabrik japan-latest.osm.pbf 2026-09-23T20:22:04Z way/160714125",
    "verifiedAt": ""
   }
  },
  {
   "type": "Feature",
   "geometry": {
    "type": "Point",
    "coordinates": [
     131.1032234,
     32.9007212
    ]
   },
   "properties": {
    "id": "PK-w160714132",
    "kind": "parking",
    "name": "（名称なし）駐車場",
    "datum": "WGS84",
    "mountainIds": "873",
    "mountainNames": "阿蘇山",
    "lists": "日本百名山|日本二百名山|日本三百名山|九州百名山",
    "routes": "",
    "entryType": "",
    "trailKmToSummit": "",
    "related": "TH-n849507180(229m)",
    "attributes": "",
    "status": "provisional",
    "accuracyM": 40,
    "needsReview": "公式情報または2情報源での確認が必要、名称なし",
    "sources": "OpenStreetMap（© OpenStreetMap contributors, ODbL 1.0）Geofabrik japan-latest.osm.pbf 2026-09-23T20:22:04Z way/160714132",
    "verifiedAt": ""
   }
  },
  {
   "type": "Feature",
   "geometry": {
    "type": "Point",
    "coordinates": [
     131.1027359,
     32.8990335
    ]
   },
   "properties": {
    "id": "PK-w160714134",
    "kind": "parking",
    "name": "（名称なし）駐車場",
    "datum": "WGS84",
    "mountainIds": "873",
    "mountainNames": "阿蘇山",
    "lists": "日本百名山|日本二百名山|日本三百名山|九州百名山",
    "routes": "",
    "entryType": "",
    "trailKmToSummit": "",
    "related": "TH-n849507180(40m) TH-n8151194375(475m)",
    "attributes": "",
    "status": "provisional",
    "accuracyM": 40,
    "needsReview": "公式情報または2情報源での確認が必要、名称なし、登山口から離れている（徒歩アプローチを要確認）",
    "sources": "OpenStreetMap（© OpenStreetMap contributors, ODbL 1.0）Geofabrik japan-latest.osm.pbf 2026-09-23T20:22:04Z way/160714134",
    "verifiedAt": ""
   }
  },
  {
   "type": "Feature",
   "geometry": {
    "type": "Point",
    "coordinates": [
     131.3964852,
     33.2648726
    ]
   },
   "properties": {
    "id": "PK-w160898589",
    "kind": "parking",
    "name": "由布岳登山口前",
    "datum": "WGS84",
    "mountainIds": "849",
    "mountainNames": "由布岳",
    "lists": "日本二百名山|日本三百名山|九州百名山",
    "routes": "",
    "entryType": "",
    "trailKmToSummit": "",
    "related": "TH-n4217635605(49m)",
    "attributes": "",
    "status": "provisional",
    "accuracyM": 40,
    "needsReview": "公式情報または2情報源での確認が必要",
    "sources": "OpenStreetMap（© OpenStreetMap contributors, ODbL 1.0）Geofabrik japan-latest.osm.pbf 2026-09-23T20:22:04Z way/160898589",
    "verifiedAt": ""
   }
  },
  {
   "type": "Feature",
   "geometry": {
    "type": "Point",
    "coordinates": [
     130.8948943,
     31.8850197
    ]
   },
   "properties": {
    "id": "PK-w161003980",
    "kind": "parking",
    "name": "（名称なし）駐車場",
    "datum": "WGS84",
    "mountainIds": "921",
    "mountainNames": "高千穂峰",
    "lists": "日本二百名山|日本三百名山|九州百名山",
    "routes": "",
    "entryType": "",
    "trailKmToSummit": "",
    "related": "TH-kP11-22-46-bs2032(49m)",
    "attributes": "",
    "status": "provisional",
    "accuracyM": 40,
    "needsReview": "公式情報または2情報源での確認が必要、名称なし",
    "sources": "OpenStreetMap（© OpenStreetMap contributors, ODbL 1.0）Geofabrik japan-latest.osm.pbf 2026-09-23T20:22:04Z way/161003980",
    "verifiedAt": ""
   }
  },
  {
   "type": "Feature",
   "geometry": {
    "type": "Point",
    "coordinates": [
     130.8957364,
     31.884928
    ]
   },
   "properties": {
    "id": "PK-w161003981",
    "kind": "parking",
    "name": "（名称なし）駐車場",
    "datum": "WGS84",
    "mountainIds": "921",
    "mountainNames": "高千穂峰",
    "lists": "日本二百名山|日本三百名山|九州百名山",
    "routes": "",
    "entryType": "",
    "trailKmToSummit": "",
    "related": "TH-kP11-22-46-bs2032(34m)",
    "attributes": "",
    "status": "provisional",
    "accuracyM": 40,
    "needsReview": "公式情報または2情報源での確認が必要、名称なし",
    "sources": "OpenStreetMap（© OpenStreetMap contributors, ODbL 1.0）Geofabrik japan-latest.osm.pbf 2026-09-23T20:22:04Z way/161003981",
    "verifiedAt": ""
   }
  },
  {
   "type": "Feature",
   "geometry": {
    "type": "Point",
    "coordinates": [
     130.8405963,
     31.9150663
    ]
   },
   "properties": {
    "id": "PK-w161003983",
    "kind": "parking",
    "name": "（名称なし）駐車場",
    "datum": "WGS84",
    "mountainIds": "920",
    "mountainNames": "霧島山",
    "lists": "日本百名山|日本二百名山|日本三百名山|九州百名山",
    "routes": "",
    "entryType": "",
    "trailKmToSummit": "",
    "related": "TH-n1929867191(75m)",
    "attributes": "",
    "status": "provisional",
    "accuracyM": 40,
    "needsReview": "公式情報または2情報源での確認が必要、名称なし",
    "sources": "OpenStreetMap（© OpenStreetMap contributors, ODbL 1.0）Geofabrik japan-latest.osm.pbf 2026-09-23T20:22:04Z way/161003983",
    "verifiedAt": ""
   }
  },
  {
   "type": "Feature",
   "geometry": {
    "type": "Point",
    "coordinates": [
     130.2565968,
     32.7865436
    ]
   },
   "properties": {
    "id": "PK-w162142876",
    "kind": "parking",
    "name": "（名称なし）駐車場",
    "datum": "WGS84",
    "mountainIds": "884",
    "mountainNames": "九千部岳",
    "lists": "九州百名山",
    "routes": "",
    "entryType": "",
    "trailKmToSummit": "",
    "related": "TH-n2347398499(232m)",
    "attributes": "",
    "status": "provisional",
    "accuracyM": 40,
    "needsReview": "公式情報または2情報源での確認が必要、名称なし",
    "sources": "OpenStreetMap（© OpenStreetMap contributors, ODbL 1.0）Geofabrik japan-latest.osm.pbf 2026-09-23T20:22:04Z way/162142876",
    "verifiedAt": ""
   }
  },
  {
   "type": "Feature",
   "geometry": {
    "type": "Point",
    "coordinates": [
     131.4471565,
     33.2779158
    ]
   },
   "properties": {
    "id": "PK-w162552684",
    "kind": "parking",
    "name": "（名称なし）駐車場",
    "datum": "WGS84",
    "mountainIds": "848",
    "mountainNames": "鶴見岳",
    "lists": "日本三百名山|九州百名山",
    "routes": "",
    "entryType": "",
    "trailKmToSummit": "",
    "related": "TH-n2193710763(424m)",
    "attributes": "fee=no; access=customers",
    "status": "provisional",
    "accuracyM": 40,
    "needsReview": "公式情報または2情報源での確認が必要、名称なし、登山口から離れている（徒歩アプローチを要確認）",
    "sources": "OpenStreetMap（© OpenStreetMap contributors, ODbL 1.0）Geofabrik japan-latest.osm.pbf 2026-09-23T20:22:04Z way/162552684",
    "verifiedAt": ""
   }
  },
  {
   "type": "Feature",
   "geometry": {
    "type": "Point",
    "coordinates": [
     131.4395155,
     33.2724859
    ]
   },
   "properties": {
    "id": "PK-w162552685",
    "kind": "parking",
    "name": "（名称なし）駐車場",
    "datum": "WGS84",
    "mountainIds": "848",
    "mountainNames": "鶴見岳",
    "lists": "日本三百名山|九州百名山",
    "routes": "",
    "entryType": "",
    "trailKmToSummit": "",
    "related": "TH-kP11-22-44-bs3480(480m) TH-n1744178824(47m)",
    "attributes": "",
    "status": "provisional",
    "accuracyM": 40,
    "needsReview": "公式情報または2情報源での確認が必要、名称なし、登山口から離れている（徒歩アプローチを要確認）",
    "sources": "OpenStreetMap（© OpenStreetMap contributors, ODbL 1.0）Geofabrik japan-latest.osm.pbf 2026-09-23T20:22:04Z way/162552685",
    "verifiedAt": ""
   }
  },
  {
   "type": "Feature",
   "geometry": {
    "type": "Point",
    "coordinates": [
     130.8501694,
     31.9484226
    ]
   },
   "properties": {
    "id": "PK-w164878530",
    "kind": "parking",
    "name": "（名称なし）駐車場",
    "datum": "WGS84",
    "mountainIds": "919 920",
    "mountainNames": "白鳥山（霧島山）、霧島山",
    "lists": "九州百名山|日本百名山|日本二百名山|日本三百名山",
    "routes": "",
    "entryType": "",
    "trailKmToSummit": "",
    "related": "TH-n585187157(194m) TH-n5323909139(269m)",
    "attributes": "",
    "status": "provisional",
    "accuracyM": 40,
    "needsReview": "公式情報または2情報源での確認が必要、名称なし",
    "sources": "OpenStreetMap（© OpenStreetMap contributors, ODbL 1.0）Geofabrik japan-latest.osm.pbf 2026-09-23T20:22:04Z way/164878530",
    "verifiedAt": ""
   }
  },
  {
   "type": "Feature",
   "geometry": {
    "type": "Point",
    "coordinates": [
     131.2078937,
     33.0959461
    ]
   },
   "properties": {
    "id": "PK-w181689270",
    "kind": "parking",
    "name": "（名称なし）駐車場",
    "datum": "WGS84",
    "mountainIds": "861 862 863 865",
    "mountainNames": "黒岳、三俣山、大船山、九重山",
    "lists": "九州百名山|日本三百名山|日本百名山|日本二百名山",
    "routes": "",
    "entryType": "",
    "trailKmToSummit": "",
    "related": "TH-n1308423597(63m)",
    "attributes": "",
    "status": "provisional",
    "accuracyM": 40,
    "needsReview": "公式情報または2情報源での確認が必要、名称なし",
    "sources": "OpenStreetMap（© OpenStreetMap contributors, ODbL 1.0）Geofabrik japan-latest.osm.pbf 2026-09-23T20:22:04Z way/181689270",
    "verifiedAt": ""
   }
  },
  {
   "type": "Feature",
   "geometry": {
    "type": "Point",
    "coordinates": [
     131.2940123,
     33.1253687
    ]
   },
   "properties": {
    "id": "PK-w181699025",
    "kind": "parking",
    "name": "（名称なし）駐車場",
    "datum": "WGS84",
    "mountainIds": "861 862 863 865",
    "mountainNames": "黒岳、三俣山、大船山、九重山",
    "lists": "九州百名山|日本三百名山|日本百名山|日本二百名山",
    "routes": "",
    "entryType": "",
    "trailKmToSummit": "",
    "related": "TH-n1307462749(113m) TH-n1307466695(458m)",
    "attributes": "",
    "status": "provisional",
    "accuracyM": 40,
    "needsReview": "公式情報または2情報源での確認が必要、名称なし、登山口から離れている（徒歩アプローチを要確認）",
    "sources": "OpenStreetMap（© OpenStreetMap contributors, ODbL 1.0）Geofabrik japan-latest.osm.pbf 2026-09-23T20:22:04Z way/181699025",
    "verifiedAt": ""
   }
  },
  {
   "type": "Feature",
   "geometry": {
    "type": "Point",
    "coordinates": [
     131.2949776,
     33.1255839
    ]
   },
   "properties": {
    "id": "PK-w181699026",
    "kind": "parking",
    "name": "（名称なし）駐車場",
    "datum": "WGS84",
    "mountainIds": "861 862 863 865",
    "mountainNames": "黒岳、三俣山、大船山、九重山",
    "lists": "九州百名山|日本三百名山|日本百名山|日本二百名山",
    "routes": "",
    "entryType": "",
    "trailKmToSummit": "",
    "related": "TH-n1307462749(206m) TH-n1307466695(365m)",
    "attributes": "",
    "status": "provisional",
    "accuracyM": 40,
    "needsReview": "公式情報または2情報源での確認が必要、名称なし、登山口から離れている（徒歩アプローチを要確認）",
    "sources": "OpenStreetMap（© OpenStreetMap contributors, ODbL 1.0）Geofabrik japan-latest.osm.pbf 2026-09-23T20:22:04Z way/181699026",
    "verifiedAt": ""
   }
  },
  {
   "type": "Feature",
   "geometry": {
    "type": "Point",
    "coordinates": [
     131.2315646,
     33.0661527
    ]
   },
   "properties": {
    "id": "PK-w181708012",
    "kind": "parking",
    "name": "赤川登山口",
    "datum": "WGS84",
    "mountainIds": "861 862 863 865",
    "mountainNames": "黒岳、三俣山、大船山、九重山",
    "lists": "九州百名山|日本三百名山|日本百名山|日本二百名山",
    "routes": "",
    "entryType": "",
    "trailKmToSummit": "",
    "related": "TH-w181708012(0m)",
    "attributes": "",
    "status": "provisional",
    "accuracyM": 40,
    "needsReview": "公式情報または2情報源での確認が必要",
    "sources": "OpenStreetMap（© OpenStreetMap contributors, ODbL 1.0）Geofabrik japan-latest.osm.pbf 2026-09-23T20:22:04Z way/181708012",
    "verifiedAt": ""
   }
  },
  {
   "type": "Feature",
   "geometry": {
    "type": "Point",
    "coordinates": [
     131.2313039,
     33.0661119
    ]
   },
   "properties": {
    "id": "PK-w181708014",
    "kind": "parking",
    "name": "赤川登山口",
    "datum": "WGS84",
    "mountainIds": "861 862 863 865",
    "mountainNames": "黒岳、三俣山、大船山、九重山",
    "lists": "九州百名山|日本三百名山|日本百名山|日本二百名山",
    "routes": "",
    "entryType": "",
    "trailKmToSummit": "",
    "related": "TH-w181708012(25m)",
    "attributes": "",
    "status": "provisional",
    "accuracyM": 40,
    "needsReview": "公式情報または2情報源での確認が必要",
    "sources": "OpenStreetMap（© OpenStreetMap contributors, ODbL 1.0）Geofabrik japan-latest.osm.pbf 2026-09-23T20:22:04Z way/181708014",
    "verifiedAt": ""
   }
  },
  {
   "type": "Feature",
   "geometry": {
    "type": "Point",
    "coordinates": [
     130.8436223,
     31.9457109
    ]
   },
   "properties": {
    "id": "PK-w182584467",
    "kind": "parking",
    "name": "（名称なし）駐車場",
    "datum": "WGS84",
    "mountainIds": "919 920",
    "mountainNames": "白鳥山（霧島山）、霧島山",
    "lists": "九州百名山|日本百名山|日本二百名山|日本三百名山",
    "routes": "",
    "entryType": "",
    "trailKmToSummit": "",
    "related": "TH-n8148255443(80m) TH-n1905402903(226m) TH-n11193529936(328m)",
    "attributes": "",
    "status": "provisional",
    "accuracyM": 40,
    "needsReview": "公式情報または2情報源での確認が必要、名称なし、登山口から離れている（徒歩アプローチを要確認）",
    "sources": "OpenStreetMap（© OpenStreetMap contributors, ODbL 1.0）Geofabrik japan-latest.osm.pbf 2026-09-23T20:22:04Z way/182584467",
    "verifiedAt": ""
   }
  },
  {
   "type": "Feature",
   "geometry": {
    "type": "Point",
    "coordinates": [
     130.8448006,
     31.9461563
    ]
   },
   "properties": {
    "id": "PK-w182584469",
    "kind": "parking",
    "name": "（名称なし）駐車場",
    "datum": "WGS84",
    "mountainIds": "919 920",
    "mountainNames": "白鳥山（霧島山）、霧島山",
    "lists": "九州百名山|日本百名山|日本二百名山|日本三百名山",
    "routes": "",
    "entryType": "",
    "trailKmToSummit": "",
    "related": "TH-n8148255443(101m) TH-n1905402903(319m)",
    "attributes": "",
    "status": "provisional",
    "accuracyM": 40,
    "needsReview": "公式情報または2情報源での確認が必要、名称なし、登山口から離れている（徒歩アプローチを要確認）",
    "sources": "OpenStreetMap（© OpenStreetMap contributors, ODbL 1.0）Geofabrik japan-latest.osm.pbf 2026-09-23T20:22:04Z way/182584469",
    "verifiedAt": ""
   }
  },
  {
   "type": "Feature",
   "geometry": {
    "type": "Point",
    "coordinates": [
     131.3683743,
     33.2672808
    ]
   },
   "properties": {
    "id": "PK-w188180679",
    "kind": "parking",
    "name": "（名称なし）駐車場",
    "datum": "WGS84",
    "mountainIds": "849",
    "mountainNames": "由布岳",
    "lists": "日本二百名山|日本三百名山|九州百名山",
    "routes": "",
    "entryType": "",
    "trailKmToSummit": "",
    "related": "TH-n1307439394(194m)",
    "attributes": "fee=yes",
    "status": "provisional",
    "accuracyM": 40,
    "needsReview": "公式情報または2情報源での確認が必要、名称なし",
    "sources": "OpenStreetMap（© OpenStreetMap contributors, ODbL 1.0）Geofabrik japan-latest.osm.pbf 2026-09-23T20:22:04Z way/188180679",
    "verifiedAt": ""
   }
  },
  {
   "type": "Feature",
   "geometry": {
    "type": "Point",
    "coordinates": [
     131.3968829,
     33.2653607
    ]
   },
   "properties": {
    "id": "PK-w188462611",
    "kind": "parking",
    "name": "（名称なし）駐車場",
    "datum": "WGS84",
    "mountainIds": "849",
    "mountainNames": "由布岳",
    "lists": "日本二百名山|日本三百名山|九州百名山",
    "routes": "",
    "entryType": "",
    "trailKmToSummit": "",
    "related": "TH-n4217635605(95m)",
    "attributes": "",
    "status": "provisional",
    "accuracyM": 40,
    "needsReview": "公式情報または2情報源での確認が必要、名称なし",
    "sources": "OpenStreetMap（© OpenStreetMap contributors, ODbL 1.0）Geofabrik japan-latest.osm.pbf 2026-09-23T20:22:04Z way/188462611",
    "verifiedAt": ""
   }
  },
  {
   "type": "Feature",
   "geometry": {
    "type": "Point",
    "coordinates": [
     131.527241,
     33.4731478
    ]
   },
   "properties": {
    "id": "PK-w192154049",
    "kind": "parking",
    "name": "（名称なし）駐車場",
    "datum": "WGS84",
    "mountainIds": "831",
    "mountainNames": "田原山",
    "lists": "九州百名山",
    "routes": "",
    "entryType": "",
    "trailKmToSummit": "",
    "related": "TH-n2027146038(48m)",
    "attributes": "",
    "status": "provisional",
    "accuracyM": 40,
    "needsReview": "公式情報または2情報源での確認が必要、名称なし",
    "sources": "OpenStreetMap（© OpenStreetMap contributors, ODbL 1.0）Geofabrik japan-latest.osm.pbf 2026-09-23T20:22:04Z way/192154049",
    "verifiedAt": ""
   }
  },
  {
   "type": "Feature",
   "geometry": {
    "type": "Point",
    "coordinates": [
     131.4528164,
     33.303998
    ]
   },
   "properties": {
    "id": "PK-w204997131",
    "kind": "parking",
    "name": "（名称なし）駐車場",
    "datum": "WGS84",
    "mountainIds": "848",
    "mountainNames": "鶴見岳",
    "lists": "日本三百名山|九州百名山",
    "routes": "",
    "entryType": "",
    "trailKmToSummit": "",
    "related": "TH-n4139393725(179m)",
    "attributes": "",
    "status": "provisional",
    "accuracyM": 40,
    "needsReview": "公式情報または2情報源での確認が必要、名称なし",
    "sources": "OpenStreetMap（© OpenStreetMap contributors, ODbL 1.0）Geofabrik japan-latest.osm.pbf 2026-09-23T20:22:04Z way/204997131",
    "verifiedAt": ""
   }
  },
  {
   "type": "Feature",
   "geometry": {
    "type": "Point",
    "coordinates": [
     131.4525147,
     33.3037565
    ]
   },
   "properties": {
    "id": "PK-w204997134",
    "kind": "parking",
    "name": "（名称なし）駐車場",
    "datum": "WGS84",
    "mountainIds": "848",
    "mountainNames": "鶴見岳",
    "lists": "日本三百名山|九州百名山",
    "routes": "",
    "entryType": "",
    "trailKmToSummit": "",
    "related": "TH-n4139393725(202m)",
    "attributes": "",
    "status": "provisional",
    "accuracyM": 40,
    "needsReview": "公式情報または2情報源での確認が必要、名称なし",
    "sources": "OpenStreetMap（© OpenStreetMap contributors, ODbL 1.0）Geofabrik japan-latest.osm.pbf 2026-09-23T20:22:04Z way/204997134",
    "verifiedAt": ""
   }
  },
  {
   "type": "Feature",
   "geometry": {
    "type": "Point",
    "coordinates": [
     131.280751,
     33.0670266
    ]
   },
   "properties": {
    "id": "PK-w214122999",
    "kind": "parking",
    "name": "レゾネイト駐車場",
    "datum": "WGS84",
    "mountainIds": "861 862 863 865",
    "mountainNames": "黒岳、三俣山、大船山、九重山",
    "lists": "九州百名山|日本三百名山|日本百名山|日本二百名山",
    "routes": "",
    "entryType": "",
    "trailKmToSummit": "",
    "related": "TH-w214122999(0m)",
    "attributes": "",
    "status": "provisional",
    "accuracyM": 40,
    "needsReview": "公式情報または2情報源での確認が必要",
    "sources": "OpenStreetMap（© OpenStreetMap contributors, ODbL 1.0）Geofabrik japan-latest.osm.pbf 2026-09-23T20:22:04Z way/214122999",
    "verifiedAt": ""
   }
  },
  {
   "type": "Feature",
   "geometry": {
    "type": "Point",
    "coordinates": [
     130.9091974,
     33.4889501
    ]
   },
   "properties": {
    "id": "PK-w238085928",
    "kind": "parking",
    "name": "（名称なし）駐車場",
    "datum": "WGS84",
    "mountainIds": "832",
    "mountainNames": "英彦山",
    "lists": "日本二百名山|日本三百名山|九州百名山",
    "routes": "",
    "entryType": "",
    "trailKmToSummit": "",
    "related": "TH-n1503560607(475m) TH-n1503562632(206m)",
    "attributes": "",
    "status": "provisional",
    "accuracyM": 40,
    "needsReview": "公式情報または2情報源での確認が必要、名称なし、登山口から離れている（徒歩アプローチを要確認）",
    "sources": "OpenStreetMap（© OpenStreetMap contributors, ODbL 1.0）Geofabrik japan-latest.osm.pbf 2026-09-23T20:22:04Z way/238085928",
    "verifiedAt": ""
   }
  },
  {
   "type": "Feature",
   "geometry": {
    "type": "Point",
    "coordinates": [
     131.266591,
     33.4375065
    ]
   },
   "properties": {
    "id": "PK-w249179055",
    "kind": "parking",
    "name": "（名称なし）駐車場",
    "datum": "WGS84",
    "mountainIds": "842",
    "mountainNames": "鹿嵐山",
    "lists": "九州百名山",
    "routes": "",
    "entryType": "",
    "trailKmToSummit": "",
    "related": "TH-n2558335762(209m)",
    "attributes": "",
    "status": "provisional",
    "accuracyM": 40,
    "needsReview": "公式情報または2情報源での確認が必要、名称なし",
    "sources": "OpenStreetMap（© OpenStreetMap contributors, ODbL 1.0）Geofabrik japan-latest.osm.pbf 2026-09-23T20:22:04Z way/249179055",
    "verifiedAt": ""
   }
  },
  {
   "type": "Feature",
   "geometry": {
    "type": "Point",
    "coordinates": [
     130.8390918,
     31.9440186
    ]
   },
   "properties": {
    "id": "PK-w279477369",
    "kind": "parking",
    "name": "（名称なし）駐車場",
    "datum": "WGS84",
    "mountainIds": "920",
    "mountainNames": "霧島山",
    "lists": "日本百名山|日本二百名山|日本三百名山|九州百名山",
    "routes": "",
    "entryType": "",
    "trailKmToSummit": "",
    "related": "TH-n11193529936(308m)",
    "attributes": "",
    "status": "provisional",
    "accuracyM": 40,
    "needsReview": "公式情報または2情報源での確認が必要、名称なし、登山口から離れている（徒歩アプローチを要確認）",
    "sources": "OpenStreetMap（© OpenStreetMap contributors, ODbL 1.0）Geofabrik japan-latest.osm.pbf 2026-09-23T20:22:04Z way/279477369",
    "verifiedAt": ""
   }
  },
  {
   "type": "Feature",
   "geometry": {
    "type": "Point",
    "coordinates": [
     130.8519611,
     31.9497043
    ]
   },
   "properties": {
    "id": "PK-w279648825",
    "kind": "parking",
    "name": "（名称なし）駐車場",
    "datum": "WGS84",
    "mountainIds": "919 920",
    "mountainNames": "白鳥山（霧島山）、霧島山",
    "lists": "九州百名山|日本百名山|日本二百名山|日本三百名山",
    "routes": "",
    "entryType": "",
    "trailKmToSummit": "",
    "related": "TH-n585187157(27m) TH-n1764756909(419m) TH-n5323909139(423m)",
    "attributes": "",
    "status": "provisional",
    "accuracyM": 40,
    "needsReview": "公式情報または2情報源での確認が必要、名称なし、登山口から離れている（徒歩アプローチを要確認）",
    "sources": "OpenStreetMap（© OpenStreetMap contributors, ODbL 1.0）Geofabrik japan-latest.osm.pbf 2026-09-23T20:22:04Z way/279648825",
    "verifiedAt": ""
   }
  },
  {
   "type": "Feature",
   "geometry": {
    "type": "Point",
    "coordinates": [
     131.0223641,
     32.4658986
    ]
   },
   "properties": {
    "id": "PK-w281013451",
    "kind": "parking",
    "name": "唐谷登山口駐車場",
    "datum": "WGS84",
    "mountainIds": "908",
    "mountainNames": "白鳥山",
    "lists": "九州百名山",
    "routes": "",
    "entryType": "",
    "trailKmToSummit": "",
    "related": "TH-n1395700474(30m)",
    "attributes": "",
    "status": "provisional",
    "accuracyM": 40,
    "needsReview": "公式情報または2情報源での確認が必要",
    "sources": "OpenStreetMap（© OpenStreetMap contributors, ODbL 1.0）Geofabrik japan-latest.osm.pbf 2026-09-23T20:22:04Z way/281013451",
    "verifiedAt": ""
   }
  },
  {
   "type": "Feature",
   "geometry": {
    "type": "Point",
    "coordinates": [
     131.5017897,
     32.7066378
    ]
   },
   "properties": {
    "id": "PK-w291529793",
    "kind": "parking",
    "name": "矛岳登山口駐車場",
    "datum": "WGS84",
    "mountainIds": "891",
    "mountainNames": "鉾岳",
    "lists": "九州百名山",
    "routes": "",
    "entryType": "",
    "trailKmToSummit": "",
    "related": "TH-w291529793(0m) TH-n2949948178(409m)",
    "attributes": "fee=200円",
    "status": "provisional",
    "accuracyM": 40,
    "needsReview": "公式情報または2情報源での確認が必要、登山口から離れている（徒歩アプローチを要確認）",
    "sources": "OpenStreetMap（© OpenStreetMap contributors, ODbL 1.0）Geofabrik japan-latest.osm.pbf 2026-09-23T20:22:04Z way/291529793",
    "verifiedAt": ""
   }
  },
  {
   "type": "Feature",
   "geometry": {
    "type": "Point",
    "coordinates": [
     130.229361,
     33.495263
    ]
   },
   "properties": {
    "id": "PK-w303422733",
    "kind": "parking",
    "name": "（名称なし）駐車場",
    "datum": "WGS84",
    "mountainIds": "836",
    "mountainNames": "井原山",
    "lists": "九州百名山",
    "routes": "",
    "entryType": "",
    "trailKmToSummit": "",
    "related": "TH-kP11-22-40-bs6759(100m)",
    "attributes": "",
    "status": "provisional",
    "accuracyM": 40,
    "needsReview": "公式情報または2情報源での確認が必要、名称なし",
    "sources": "OpenStreetMap（© OpenStreetMap contributors, ODbL 1.0）Geofabrik japan-latest.osm.pbf 2026-09-23T20:22:04Z way/303422733",
    "verifiedAt": ""
   }
  },
  {
   "type": "Feature",
   "geometry": {
    "type": "Point",
    "coordinates": [
     130.2836394,
     32.751068
    ]
   },
   "properties": {
    "id": "PK-w35893901",
    "kind": "parking",
    "name": "第一展望所駐車場",
    "datum": "WGS84",
    "mountainIds": "886",
    "mountainNames": "雲仙岳",
    "lists": "日本二百名山|日本三百名山|九州百名山",
    "routes": "",
    "entryType": "",
    "trailKmToSummit": "",
    "related": "TH-w35601104(185m) TH-w35601104-2(445m)",
    "attributes": "fee=no; access=yes",
    "status": "provisional",
    "accuracyM": 40,
    "needsReview": "公式情報または2情報源での確認が必要、登山口から離れている（徒歩アプローチを要確認）",
    "sources": "OpenStreetMap（© OpenStreetMap contributors, ODbL 1.0）Geofabrik japan-latest.osm.pbf 2026-09-23T20:22:04Z way/35893901",
    "verifiedAt": ""
   }
  },
  {
   "type": "Feature",
   "geometry": {
    "type": "Point",
    "coordinates": [
     130.9805795,
     32.8545981
    ]
   },
   "properties": {
    "id": "PK-w410855099",
    "kind": "parking",
    "name": "（名称なし）駐車場",
    "datum": "WGS84",
    "mountainIds": "880",
    "mountainNames": "俵山",
    "lists": "九州百名山",
    "routes": "",
    "entryType": "",
    "trailKmToSummit": "",
    "related": "TH-n1759336711(35m)",
    "attributes": "",
    "status": "provisional",
    "accuracyM": 40,
    "needsReview": "公式情報または2情報源での確認が必要、名称なし",
    "sources": "OpenStreetMap（© OpenStreetMap contributors, ODbL 1.0）Geofabrik japan-latest.osm.pbf 2026-09-23T20:22:04Z way/410855099",
    "verifiedAt": ""
   }
  },
  {
   "type": "Feature",
   "geometry": {
    "type": "Point",
    "coordinates": [
     131.4602661,
     33.3030448
    ]
   },
   "properties": {
    "id": "PK-w412570578",
    "kind": "parking",
    "name": "（名称なし）駐車場",
    "datum": "WGS84",
    "mountainIds": "848",
    "mountainNames": "鶴見岳",
    "lists": "日本三百名山|九州百名山",
    "routes": "",
    "entryType": "",
    "trailKmToSummit": "",
    "related": "TH-kP11-22-44-bs3148(251m)",
    "attributes": "",
    "status": "provisional",
    "accuracyM": 40,
    "needsReview": "公式情報または2情報源での確認が必要、名称なし",
    "sources": "OpenStreetMap（© OpenStreetMap contributors, ODbL 1.0）Geofabrik japan-latest.osm.pbf 2026-09-23T20:22:04Z way/412570578",
    "verifiedAt": ""
   }
  },
  {
   "type": "Feature",
   "geometry": {
    "type": "Point",
    "coordinates": [
     131.4611217,
     33.3028645
    ]
   },
   "properties": {
    "id": "PK-w412570582",
    "kind": "parking",
    "name": "（名称なし）駐車場",
    "datum": "WGS84",
    "mountainIds": "848",
    "mountainNames": "鶴見岳",
    "lists": "日本三百名山|九州百名山",
    "routes": "",
    "entryType": "",
    "trailKmToSummit": "",
    "related": "TH-kP11-22-44-bs3148(212m)",
    "attributes": "",
    "status": "provisional",
    "accuracyM": 40,
    "needsReview": "公式情報または2情報源での確認が必要、名称なし",
    "sources": "OpenStreetMap（© OpenStreetMap contributors, ODbL 1.0）Geofabrik japan-latest.osm.pbf 2026-09-23T20:22:04Z way/412570582",
    "verifiedAt": ""
   }
  },
  {
   "type": "Feature",
   "geometry": {
    "type": "Point",
    "coordinates": [
     130.9449954,
     32.849469
    ]
   },
   "properties": {
    "id": "PK-w412618199",
    "kind": "parking",
    "name": "（名称なし）駐車場",
    "datum": "WGS84",
    "mountainIds": "880",
    "mountainNames": "俵山",
    "lists": "九州百名山",
    "routes": "",
    "entryType": "",
    "trailKmToSummit": "",
    "related": "TH-n1385706065(263m)",
    "attributes": "",
    "status": "provisional",
    "accuracyM": 40,
    "needsReview": "公式情報または2情報源での確認が必要、名称なし",
    "sources": "OpenStreetMap（© OpenStreetMap contributors, ODbL 1.0）Geofabrik japan-latest.osm.pbf 2026-09-23T20:22:04Z way/412618199",
    "verifiedAt": ""
   }
  },
  {
   "type": "Feature",
   "geometry": {
    "type": "Point",
    "coordinates": [
     130.9391455,
     32.843136
    ]
   },
   "properties": {
    "id": "PK-w413046503",
    "kind": "parking",
    "name": "（名称なし）駐車場",
    "datum": "WGS84",
    "mountainIds": "880",
    "mountainNames": "俵山",
    "lists": "九州百名山",
    "routes": "",
    "entryType": "",
    "trailKmToSummit": "",
    "related": "TH-n11221795665(276m)",
    "attributes": "",
    "status": "provisional",
    "accuracyM": 40,
    "needsReview": "公式情報または2情報源での確認が必要、名称なし",
    "sources": "OpenStreetMap（© OpenStreetMap contributors, ODbL 1.0）Geofabrik japan-latest.osm.pbf 2026-09-23T20:22:04Z way/413046503",
    "verifiedAt": ""
   }
  },
  {
   "type": "Feature",
   "geometry": {
    "type": "Point",
    "coordinates": [
     130.9381738,
     32.8431463
    ]
   },
   "properties": {
    "id": "PK-w413046504",
    "kind": "parking",
    "name": "（名称なし）駐車場",
    "datum": "WGS84",
    "mountainIds": "880",
    "mountainNames": "俵山",
    "lists": "九州百名山",
    "routes": "",
    "entryType": "",
    "trailKmToSummit": "",
    "related": "TH-kP11-22-43-bs1432(83m)",
    "attributes": "",
    "status": "provisional",
    "accuracyM": 40,
    "needsReview": "公式情報または2情報源での確認が必要、名称なし",
    "sources": "OpenStreetMap（© OpenStreetMap contributors, ODbL 1.0）Geofabrik japan-latest.osm.pbf 2026-09-23T20:22:04Z way/413046504",
    "verifiedAt": ""
   }
  },
  {
   "type": "Feature",
   "geometry": {
    "type": "Point",
    "coordinates": [
     130.9383083,
     32.8425711
    ]
   },
   "properties": {
    "id": "PK-w413046506",
    "kind": "parking",
    "name": "（名称なし）駐車場",
    "datum": "WGS84",
    "mountainIds": "880",
    "mountainNames": "俵山",
    "lists": "九州百名山",
    "routes": "",
    "entryType": "",
    "trailKmToSummit": "",
    "related": "TH-kP11-22-43-bs1432(58m) TH-n11221795665(362m)",
    "attributes": "",
    "status": "provisional",
    "accuracyM": 40,
    "needsReview": "公式情報または2情報源での確認が必要、名称なし、登山口から離れている（徒歩アプローチを要確認）",
    "sources": "OpenStreetMap（© OpenStreetMap contributors, ODbL 1.0）Geofabrik japan-latest.osm.pbf 2026-09-23T20:22:04Z way/413046506",
    "verifiedAt": ""
   }
  },
  {
   "type": "Feature",
   "geometry": {
    "type": "Point",
    "coordinates": [
     130.9387708,
     32.842248
    ]
   },
   "properties": {
    "id": "PK-w413046507",
    "kind": "parking",
    "name": "（名称なし）駐車場",
    "datum": "WGS84",
    "mountainIds": "880",
    "mountainNames": "俵山",
    "lists": "九州百名山",
    "routes": "",
    "entryType": "",
    "trailKmToSummit": "",
    "related": "TH-kP11-22-43-bs1432(105m) TH-n11221795665(330m)",
    "attributes": "",
    "status": "provisional",
    "accuracyM": 40,
    "needsReview": "公式情報または2情報源での確認が必要、名称なし、登山口から離れている（徒歩アプローチを要確認）",
    "sources": "OpenStreetMap（© OpenStreetMap contributors, ODbL 1.0）Geofabrik japan-latest.osm.pbf 2026-09-23T20:22:04Z way/413046507",
    "verifiedAt": ""
   }
  },
  {
   "type": "Feature",
   "geometry": {
    "type": "Point",
    "coordinates": [
     130.9446533,
     32.8506993
    ]
   },
   "properties": {
    "id": "PK-w413052850",
    "kind": "parking",
    "name": "（名称なし）駐車場",
    "datum": "WGS84",
    "mountainIds": "880",
    "mountainNames": "俵山",
    "lists": "九州百名山",
    "routes": "",
    "entryType": "",
    "trailKmToSummit": "",
    "related": "TH-n1385706065(324m)",
    "attributes": "",
    "status": "provisional",
    "accuracyM": 40,
    "needsReview": "公式情報または2情報源での確認が必要、名称なし、登山口から離れている（徒歩アプローチを要確認）",
    "sources": "OpenStreetMap（© OpenStreetMap contributors, ODbL 1.0）Geofabrik japan-latest.osm.pbf 2026-09-23T20:22:04Z way/413052850",
    "verifiedAt": ""
   }
  },
  {
   "type": "Feature",
   "geometry": {
    "type": "Point",
    "coordinates": [
     129.8962102,
     33.1962401
    ]
   },
   "properties": {
    "id": "PK-w415761662",
    "kind": "parking",
    "name": "有田ダム駐車場",
    "datum": "WGS84",
    "mountainIds": "851",
    "mountainNames": "黒髪山",
    "lists": "九州百名山",
    "routes": "",
    "entryType": "",
    "trailKmToSummit": "",
    "related": "TH-w415761662(0m)",
    "attributes": "",
    "status": "provisional",
    "accuracyM": 40,
    "needsReview": "公式情報または2情報源での確認が必要",
    "sources": "OpenStreetMap（© OpenStreetMap contributors, ODbL 1.0）Geofabrik japan-latest.osm.pbf 2026-09-23T20:22:04Z way/415761662",
    "verifiedAt": ""
   }
  },
  {
   "type": "Feature",
   "geometry": {
    "type": "Point",
    "coordinates": [
     131.4569748,
     33.2985534
    ]
   },
   "properties": {
    "id": "PK-w418394376",
    "kind": "parking",
    "name": "（名称なし）駐車場",
    "datum": "WGS84",
    "mountainIds": "848",
    "mountainNames": "鶴見岳",
    "lists": "日本三百名山|九州百名山",
    "routes": "",
    "entryType": "",
    "trailKmToSummit": "",
    "related": "TH-n1712254871(472m) TH-n2148643377(218m)",
    "attributes": "",
    "status": "provisional",
    "accuracyM": 40,
    "needsReview": "公式情報または2情報源での確認が必要、名称なし、登山口から離れている（徒歩アプローチを要確認）",
    "sources": "OpenStreetMap（© OpenStreetMap contributors, ODbL 1.0）Geofabrik japan-latest.osm.pbf 2026-09-23T20:22:04Z way/418394376",
    "verifiedAt": ""
   }
  },
  {
   "type": "Feature",
   "geometry": {
    "type": "Point",
    "coordinates": [
     131.4572666,
     33.299055
    ]
   },
   "properties": {
    "id": "PK-w418394377",
    "kind": "parking",
    "name": "（名称なし）駐車場",
    "datum": "WGS84",
    "mountainIds": "848",
    "mountainNames": "鶴見岳",
    "lists": "日本三百名山|九州百名山",
    "routes": "",
    "entryType": "",
    "trailKmToSummit": "",
    "related": "TH-n2148643377(187m)",
    "attributes": "",
    "status": "provisional",
    "accuracyM": 40,
    "needsReview": "公式情報または2情報源での確認が必要、名称なし",
    "sources": "OpenStreetMap（© OpenStreetMap contributors, ODbL 1.0）Geofabrik japan-latest.osm.pbf 2026-09-23T20:22:04Z way/418394377",
    "verifiedAt": ""
   }
  },
  {
   "type": "Feature",
   "geometry": {
    "type": "Point",
    "coordinates": [
     131.4575777,
     33.2998319
    ]
   },
   "properties": {
    "id": "PK-w418394378",
    "kind": "parking",
    "name": "（名称なし）駐車場",
    "datum": "WGS84",
    "mountainIds": "848",
    "mountainNames": "鶴見岳",
    "lists": "日本三百名山|九州百名山",
    "routes": "",
    "entryType": "",
    "trailKmToSummit": "",
    "related": "TH-n2148643377(161m)",
    "attributes": "",
    "status": "provisional",
    "accuracyM": 40,
    "needsReview": "公式情報または2情報源での確認が必要、名称なし",
    "sources": "OpenStreetMap（© OpenStreetMap contributors, ODbL 1.0）Geofabrik japan-latest.osm.pbf 2026-09-23T20:22:04Z way/418394378",
    "verifiedAt": ""
   }
  },
  {
   "type": "Feature",
   "geometry": {
    "type": "Point",
    "coordinates": [
     131.4610665,
     33.3016406
    ]
   },
   "properties": {
    "id": "PK-w418397013",
    "kind": "parking",
    "name": "（名称なし）駐車場",
    "datum": "WGS84",
    "mountainIds": "848",
    "mountainNames": "鶴見岳",
    "lists": "日本三百名山|九州百名山",
    "routes": "",
    "entryType": "",
    "trailKmToSummit": "",
    "related": "TH-kP11-22-44-bs3148(79m)",
    "attributes": "",
    "status": "provisional",
    "accuracyM": 40,
    "needsReview": "公式情報または2情報源での確認が必要、名称なし",
    "sources": "OpenStreetMap（© OpenStreetMap contributors, ODbL 1.0）Geofabrik japan-latest.osm.pbf 2026-09-23T20:22:04Z way/418397013",
    "verifiedAt": ""
   }
  },
  {
   "type": "Feature",
   "geometry": {
    "type": "Point",
    "coordinates": [
     130.3698203,
     33.4340885
    ]
   },
   "properties": {
    "id": "PK-w421633813",
    "kind": "parking",
    "name": "脊振山頂駐車場",
    "datum": "WGS84",
    "mountainIds": "843",
    "mountainNames": "脊振山",
    "lists": "日本三百名山|九州百名山",
    "routes": "",
    "entryType": "",
    "trailKmToSummit": "",
    "related": "TH-n1872094299(64m)",
    "attributes": "fee=no; access=yes",
    "status": "provisional",
    "accuracyM": 40,
    "needsReview": "公式情報または2情報源での確認が必要",
    "sources": "OpenStreetMap（© OpenStreetMap contributors, ODbL 1.0）Geofabrik japan-latest.osm.pbf 2026-09-23T20:22:04Z way/421633813",
    "verifiedAt": ""
   }
  },
  {
   "type": "Feature",
   "geometry": {
    "type": "Point",
    "coordinates": [
     131.2593816,
     33.0588075
    ]
   },
   "properties": {
    "id": "PK-w447806830",
    "kind": "parking",
    "name": "駐車場",
    "datum": "WGS84",
    "mountainIds": "861 862 863 865",
    "mountainNames": "黒岳、三俣山、大船山、九重山",
    "lists": "九州百名山|日本三百名山|日本百名山|日本二百名山",
    "routes": "",
    "entryType": "",
    "trailKmToSummit": "",
    "related": "TH-w447806830(0m)",
    "attributes": "",
    "status": "provisional",
    "accuracyM": 40,
    "needsReview": "公式情報または2情報源での確認が必要",
    "sources": "OpenStreetMap（© OpenStreetMap contributors, ODbL 1.0）Geofabrik japan-latest.osm.pbf 2026-09-23T20:22:04Z way/447806830",
    "verifiedAt": ""
   }
  },
  {
   "type": "Feature",
   "geometry": {
    "type": "Point",
    "coordinates": [
     131.2593624,
     33.0586262
    ]
   },
   "properties": {
    "id": "PK-w447806905",
    "kind": "parking",
    "name": "駐車場",
    "datum": "WGS84",
    "mountainIds": "861 862 863 865",
    "mountainNames": "黒岳、三俣山、大船山、九重山",
    "lists": "九州百名山|日本三百名山|日本百名山|日本二百名山",
    "routes": "",
    "entryType": "",
    "trailKmToSummit": "",
    "related": "TH-w447806830(20m)",
    "attributes": "",
    "status": "provisional",
    "accuracyM": 40,
    "needsReview": "公式情報または2情報源での確認が必要",
    "sources": "OpenStreetMap（© OpenStreetMap contributors, ODbL 1.0）Geofabrik japan-latest.osm.pbf 2026-09-23T20:22:04Z way/447806905",
    "verifiedAt": ""
   }
  },
  {
   "type": "Feature",
   "geometry": {
    "type": "Point",
    "coordinates": [
     131.0838667,
     32.8811777
    ]
   },
   "properties": {
    "id": "PK-w476214778",
    "kind": "parking",
    "name": "（名称なし）駐車場",
    "datum": "WGS84",
    "mountainIds": "873",
    "mountainNames": "阿蘇山",
    "lists": "日本百名山|日本二百名山|日本三百名山|九州百名山",
    "routes": "",
    "entryType": "",
    "trailKmToSummit": "",
    "related": "TH-kP11-22-43-bs1011(112m)",
    "attributes": "",
    "status": "provisional",
    "accuracyM": 40,
    "needsReview": "公式情報または2情報源での確認が必要、名称なし",
    "sources": "OpenStreetMap（© OpenStreetMap contributors, ODbL 1.0）Geofabrik japan-latest.osm.pbf 2026-09-23T20:22:04Z way/476214778",
    "verifiedAt": ""
   }
  },
  {
   "type": "Feature",
   "geometry": {
    "type": "Point",
    "coordinates": [
     131.0841037,
     32.8805063
    ]
   },
   "properties": {
    "id": "PK-w476214779",
    "kind": "parking",
    "name": "（名称なし）駐車場",
    "datum": "WGS84",
    "mountainIds": "873",
    "mountainNames": "阿蘇山",
    "lists": "日本百名山|日本二百名山|日本三百名山|九州百名山",
    "routes": "",
    "entryType": "",
    "trailKmToSummit": "",
    "related": "TH-kP11-22-43-bs1011(42m)",
    "attributes": "",
    "status": "provisional",
    "accuracyM": 40,
    "needsReview": "公式情報または2情報源での確認が必要、名称なし",
    "sources": "OpenStreetMap（© OpenStreetMap contributors, ODbL 1.0）Geofabrik japan-latest.osm.pbf 2026-09-23T20:22:04Z way/476214779",
    "verifiedAt": ""
   }
  },
  {
   "type": "Feature",
   "geometry": {
    "type": "Point",
    "coordinates": [
     131.0739705,
     32.8804295
    ]
   },
   "properties": {
    "id": "PK-w476214796",
    "kind": "parking",
    "name": "（名称なし）駐車場",
    "datum": "WGS84",
    "mountainIds": "873",
    "mountainNames": "阿蘇山",
    "lists": "日本百名山|日本二百名山|日本三百名山|九州百名山",
    "routes": "",
    "entryType": "",
    "trailKmToSummit": "",
    "related": "TH-n585195466(205m)",
    "attributes": "fee=no; access=yes",
    "status": "provisional",
    "accuracyM": 40,
    "needsReview": "公式情報または2情報源での確認が必要、名称なし",
    "sources": "OpenStreetMap（© OpenStreetMap contributors, ODbL 1.0）Geofabrik japan-latest.osm.pbf 2026-09-23T20:22:04Z way/476214796",
    "verifiedAt": ""
   }
  },
  {
   "type": "Feature",
   "geometry": {
    "type": "Point",
    "coordinates": [
     130.2921486,
     32.7414102
    ]
   },
   "properties": {
    "id": "PK-w476226921",
    "kind": "parking",
    "name": "第二展望所駐車場",
    "datum": "WGS84",
    "mountainIds": "886",
    "mountainNames": "雲仙岳",
    "lists": "日本二百名山|日本三百名山|九州百名山",
    "routes": "",
    "entryType": "",
    "trailKmToSummit": "",
    "related": "TH-w476226921(0m)",
    "attributes": "",
    "status": "provisional",
    "accuracyM": 40,
    "needsReview": "公式情報または2情報源での確認が必要",
    "sources": "OpenStreetMap（© OpenStreetMap contributors, ODbL 1.0）Geofabrik japan-latest.osm.pbf 2026-09-23T20:22:04Z way/476226921",
    "verifiedAt": ""
   }
  },
  {
   "type": "Feature",
   "geometry": {
    "type": "Point",
    "coordinates": [
     129.9056429,
     33.2101193
    ]
   },
   "properties": {
    "id": "PK-w487549490",
    "kind": "parking",
    "name": "（名称なし）駐車場",
    "datum": "WGS84",
    "mountainIds": "851",
    "mountainNames": "黒髪山",
    "lists": "九州百名山",
    "routes": "",
    "entryType": "",
    "trailKmToSummit": "",
    "related": "TH-n1744246490(374m) TH-n4800054164(4m)",
    "attributes": "fee=no; access=yes",
    "status": "provisional",
    "accuracyM": 40,
    "needsReview": "公式情報または2情報源での確認が必要、名称なし、登山口から離れている（徒歩アプローチを要確認）",
    "sources": "OpenStreetMap（© OpenStreetMap contributors, ODbL 1.0）Geofabrik japan-latest.osm.pbf 2026-09-23T20:22:04Z way/487549490",
    "verifiedAt": ""
   }
  },
  {
   "type": "Feature",
   "geometry": {
    "type": "Point",
    "coordinates": [
     129.9046683,
     33.2132637
    ]
   },
   "properties": {
    "id": "PK-w487549493",
    "kind": "parking",
    "name": "（名称なし）駐車場",
    "datum": "WGS84",
    "mountainIds": "851",
    "mountainNames": "黒髪山",
    "lists": "九州百名山",
    "routes": "",
    "entryType": "",
    "trailKmToSummit": "",
    "related": "TH-n1744246490(20m) TH-n4800054164(356m)",
    "attributes": "fee=no; access=yes",
    "status": "provisional",
    "accuracyM": 40,
    "needsReview": "公式情報または2情報源での確認が必要、名称なし、登山口から離れている（徒歩アプローチを要確認）",
    "sources": "OpenStreetMap（© OpenStreetMap contributors, ODbL 1.0）Geofabrik japan-latest.osm.pbf 2026-09-23T20:22:04Z way/487549493",
    "verifiedAt": ""
   }
  },
  {
   "type": "Feature",
   "geometry": {
    "type": "Point",
    "coordinates": [
     129.9038675,
     33.2118261
    ]
   },
   "properties": {
    "id": "PK-w487549497",
    "kind": "parking",
    "name": "（名称なし）駐車場",
    "datum": "WGS84",
    "mountainIds": "851",
    "mountainNames": "黒髪山",
    "lists": "九州百名山",
    "routes": "",
    "entryType": "",
    "trailKmToSummit": "",
    "related": "TH-n1744246490(179m) TH-n4800054164(249m)",
    "attributes": "fee=no; access=yes",
    "status": "provisional",
    "accuracyM": 40,
    "needsReview": "公式情報または2情報源での確認が必要、名称なし",
    "sources": "OpenStreetMap（© OpenStreetMap contributors, ODbL 1.0）Geofabrik japan-latest.osm.pbf 2026-09-23T20:22:04Z way/487549497",
    "verifiedAt": ""
   }
  },
  {
   "type": "Feature",
   "geometry": {
    "type": "Point",
    "coordinates": [
     130.1421707,
     33.343151
    ]
   },
   "properties": {
    "id": "PK-w517184154",
    "kind": "parking",
    "name": "天川駐車場",
    "datum": "WGS84",
    "mountainIds": "846",
    "mountainNames": "天山",
    "lists": "九州百名山",
    "routes": "",
    "entryType": "",
    "trailKmToSummit": "",
    "related": "TH-n1959300997(36m)",
    "attributes": "fee=no; capacity=20; access=yes; opening_hours=24/7; operator=小城市",
    "status": "provisional",
    "accuracyM": 40,
    "needsReview": "公式情報または2情報源での確認が必要",
    "sources": "OpenStreetMap（© OpenStreetMap contributors, ODbL 1.0）Geofabrik japan-latest.osm.pbf 2026-09-23T20:22:04Z way/517184154",
    "verifiedAt": ""
   }
  },
  {
   "type": "Feature",
   "geometry": {
    "type": "Point",
    "coordinates": [
     130.1410876,
     33.3322336
    ]
   },
   "properties": {
    "id": "PK-w517533385",
    "kind": "parking",
    "name": "天山上宮駐車場",
    "datum": "WGS84",
    "mountainIds": "846",
    "mountainNames": "天山",
    "lists": "九州百名山",
    "routes": "",
    "entryType": "",
    "trailKmToSummit": "",
    "related": "TH-w517533385(0m) TH-n5050235389(406m)",
    "attributes": "fee=no; capacity=25; access=yes; opening_hours=24/7",
    "status": "provisional",
    "accuracyM": 40,
    "needsReview": "公式情報または2情報源での確認が必要、登山口から離れている（徒歩アプローチを要確認）",
    "sources": "OpenStreetMap（© OpenStreetMap contributors, ODbL 1.0）Geofabrik japan-latest.osm.pbf 2026-09-23T20:22:04Z way/517533385",
    "verifiedAt": ""
   }
  },
  {
   "type": "Feature",
   "geometry": {
    "type": "Point",
    "coordinates": [
     130.4549508,
     33.3812008
    ]
   },
   "properties": {
    "id": "PK-w538384663",
    "kind": "parking",
    "name": "（名称なし）駐車場",
    "datum": "WGS84",
    "mountainIds": "844",
    "mountainNames": "九千部山",
    "lists": "九州百名山",
    "routes": "",
    "entryType": "",
    "trailKmToSummit": "",
    "related": "TH-n11802268743(9m)",
    "attributes": "",
    "status": "provisional",
    "accuracyM": 40,
    "needsReview": "公式情報または2情報源での確認が必要、名称なし",
    "sources": "OpenStreetMap（© OpenStreetMap contributors, ODbL 1.0）Geofabrik japan-latest.osm.pbf 2026-09-23T20:22:04Z way/538384663",
    "verifiedAt": ""
   }
  },
  {
   "type": "Feature",
   "geometry": {
    "type": "Point",
    "coordinates": [
     130.0889088,
     32.9562083
    ]
   },
   "properties": {
    "id": "PK-w540105707",
    "kind": "parking",
    "name": "（名称なし）駐車場",
    "datum": "WGS84",
    "mountainIds": "868 869",
    "mountainNames": "経ガ岳、多良岳",
    "lists": "九州百名山|日本三百名山",
    "routes": "",
    "entryType": "",
    "trailKmToSummit": "",
    "related": "TH-n1342889184(494m)",
    "attributes": "fee=no; access=yes",
    "status": "provisional",
    "accuracyM": 40,
    "needsReview": "公式情報または2情報源での確認が必要、名称なし、登山口から離れている（徒歩アプローチを要確認）",
    "sources": "OpenStreetMap（© OpenStreetMap contributors, ODbL 1.0）Geofabrik japan-latest.osm.pbf 2026-09-23T20:22:04Z way/540105707",
    "verifiedAt": ""
   }
  },
  {
   "type": "Feature",
   "geometry": {
    "type": "Point",
    "coordinates": [
     130.464093,
     33.6648162
    ]
   },
   "properties": {
    "id": "PK-w559962732",
    "kind": "parking",
    "name": "（名称なし）駐車場",
    "datum": "WGS84",
    "mountainIds": "815",
    "mountainNames": "立花山",
    "lists": "九州百名山",
    "routes": "",
    "entryType": "",
    "trailKmToSummit": "",
    "related": "TH-n3941553147(99m) TH-n1864209676(473m)",
    "attributes": "",
    "status": "provisional",
    "accuracyM": 40,
    "needsReview": "公式情報または2情報源での確認が必要、名称なし、登山口から離れている（徒歩アプローチを要確認）",
    "sources": "OpenStreetMap（© OpenStreetMap contributors, ODbL 1.0）Geofabrik japan-latest.osm.pbf 2026-09-23T20:22:04Z way/559962732",
    "verifiedAt": ""
   }
  },
  {
   "type": "Feature",
   "geometry": {
    "type": "Point",
    "coordinates": [
     130.4649284,
     33.6670163
    ]
   },
   "properties": {
    "id": "PK-w559962733",
    "kind": "parking",
    "name": "（名称なし）駐車場",
    "datum": "WGS84",
    "mountainIds": "815",
    "mountainNames": "立花山",
    "lists": "九州百名山",
    "routes": "",
    "entryType": "",
    "trailKmToSummit": "",
    "related": "TH-n3941553147(171m) TH-n1864209676(242m)",
    "attributes": "",
    "status": "provisional",
    "accuracyM": 40,
    "needsReview": "公式情報または2情報源での確認が必要、名称なし",
    "sources": "OpenStreetMap（© OpenStreetMap contributors, ODbL 1.0）Geofabrik japan-latest.osm.pbf 2026-09-23T20:22:04Z way/559962733",
    "verifiedAt": ""
   }
  },
  {
   "type": "Feature",
   "geometry": {
    "type": "Point",
    "coordinates": [
     130.9053161,
     33.8751928
    ]
   },
   "properties": {
    "id": "PK-w563973261",
    "kind": "parking",
    "name": "（名称なし）駐車場",
    "datum": "WGS84",
    "mountainIds": "771",
    "mountainNames": "足立山",
    "lists": "九州百名山",
    "routes": "",
    "entryType": "",
    "trailKmToSummit": "",
    "related": "TH-n1579493511(20m) TH-n1579495691(326m)",
    "attributes": "",
    "status": "provisional",
    "accuracyM": 40,
    "needsReview": "公式情報または2情報源での確認が必要、名称なし、登山口から離れている（徒歩アプローチを要確認）",
    "sources": "OpenStreetMap（© OpenStreetMap contributors, ODbL 1.0）Geofabrik japan-latest.osm.pbf 2026-09-23T20:22:04Z way/563973261",
    "verifiedAt": ""
   }
  },
  {
   "type": "Feature",
   "geometry": {
    "type": "Point",
    "coordinates": [
     130.3520996,
     33.4546016
    ]
   },
   "properties": {
    "id": "PK-w566304460",
    "kind": "parking",
    "name": "（名称なし）駐車場",
    "datum": "WGS84",
    "mountainIds": "837",
    "mountainNames": "金山",
    "lists": "九州百名山",
    "routes": "",
    "entryType": "",
    "trailKmToSummit": "",
    "related": "TH-n2014951264(302m)",
    "attributes": "",
    "status": "provisional",
    "accuracyM": 40,
    "needsReview": "公式情報または2情報源での確認が必要、名称なし、登山口から離れている（徒歩アプローチを要確認）",
    "sources": "OpenStreetMap（© OpenStreetMap contributors, ODbL 1.0）Geofabrik japan-latest.osm.pbf 2026-09-23T20:22:04Z way/566304460",
    "verifiedAt": ""
   }
  },
  {
   "type": "Feature",
   "geometry": {
    "type": "Point",
    "coordinates": [
     130.3829741,
     31.4692596
    ]
   },
   "properties": {
    "id": "PK-w600299578",
    "kind": "parking",
    "name": "（名称なし）駐車場",
    "datum": "WGS84",
    "mountainIds": "928",
    "mountainNames": "金峰山",
    "lists": "九州百名山",
    "routes": "",
    "entryType": "",
    "trailKmToSummit": "",
    "related": "TH-n1390531708(288m) TH-n1390530356(452m)",
    "attributes": "",
    "status": "provisional",
    "accuracyM": 40,
    "needsReview": "公式情報または2情報源での確認が必要、名称なし、登山口から離れている（徒歩アプローチを要確認）",
    "sources": "OpenStreetMap（© OpenStreetMap contributors, ODbL 1.0）Geofabrik japan-latest.osm.pbf 2026-09-23T20:22:04Z way/600299578",
    "verifiedAt": ""
   }
  },
  {
   "type": "Feature",
   "geometry": {
    "type": "Point",
    "coordinates": [
     130.574998,
     30.3807815
    ]
   },
   "properties": {
    "id": "PK-w611777528",
    "kind": "parking",
    "name": "白谷雲水峡の駐車場 (Shiratani Unsuikyō Parking)",
    "datum": "WGS84",
    "mountainIds": "934 935",
    "mountainNames": "宮之浦岳、黒味岳",
    "lists": "日本百名山|日本二百名山|日本三百名山|九州百名山",
    "routes": "",
    "entryType": "",
    "trailKmToSummit": "",
    "related": "TH-n588973500(117m)",
    "attributes": "fee=no",
    "status": "provisional",
    "accuracyM": 40,
    "needsReview": "公式情報または2情報源での確認が必要",
    "sources": "OpenStreetMap（© OpenStreetMap contributors, ODbL 1.0）Geofabrik japan-latest.osm.pbf 2026-09-23T20:22:04Z way/611777528",
    "verifiedAt": ""
   }
  },
  {
   "type": "Feature",
   "geometry": {
    "type": "Point",
    "coordinates": [
     130.5758545,
     30.3817734
    ]
   },
   "properties": {
    "id": "PK-w611777529",
    "kind": "parking",
    "name": "（名称なし）駐車場",
    "datum": "WGS84",
    "mountainIds": "934 935",
    "mountainNames": "宮之浦岳、黒味岳",
    "lists": "日本百名山|日本二百名山|日本三百名山|九州百名山",
    "routes": "",
    "entryType": "",
    "trailKmToSummit": "",
    "related": "TH-n588973500(254m)",
    "attributes": "fee=no",
    "status": "provisional",
    "accuracyM": 40,
    "needsReview": "公式情報または2情報源での確認が必要、名称なし",
    "sources": "OpenStreetMap（© OpenStreetMap contributors, ODbL 1.0）Geofabrik japan-latest.osm.pbf 2026-09-23T20:22:04Z way/611777529",
    "verifiedAt": ""
   }
  },
  {
   "type": "Feature",
   "geometry": {
    "type": "Point",
    "coordinates": [
     130.6210882,
     32.8356405
    ]
   },
   "properties": {
    "id": "PK-w628930881",
    "kind": "parking",
    "name": "二の岳登山駐車場",
    "datum": "WGS84",
    "mountainIds": "878",
    "mountainNames": "二ノ岳",
    "lists": "九州百名山",
    "routes": "",
    "entryType": "",
    "trailKmToSummit": "",
    "related": "TH-w628930881(0m)",
    "attributes": "fee=no; capacity=10",
    "status": "provisional",
    "accuracyM": 40,
    "needsReview": "公式情報または2情報源での確認が必要",
    "sources": "OpenStreetMap（© OpenStreetMap contributors, ODbL 1.0）Geofabrik japan-latest.osm.pbf 2026-09-23T20:22:04Z way/628930881",
    "verifiedAt": ""
   }
  },
  {
   "type": "Feature",
   "geometry": {
    "type": "Point",
    "coordinates": [
     130.2752638,
     32.7629751
    ]
   },
   "properties": {
    "id": "PK-w642067710",
    "kind": "parking",
    "name": "国見岳・妙見岳登山口 駐車場",
    "datum": "WGS84",
    "mountainIds": "886",
    "mountainNames": "雲仙岳",
    "lists": "日本二百名山|日本三百名山|九州百名山",
    "routes": "",
    "entryType": "",
    "trailKmToSummit": "",
    "related": "TH-n1331939699(19m)",
    "attributes": "",
    "status": "provisional",
    "accuracyM": 40,
    "needsReview": "公式情報または2情報源での確認が必要",
    "sources": "OpenStreetMap（© OpenStreetMap contributors, ODbL 1.0）Geofabrik japan-latest.osm.pbf 2026-09-23T20:22:04Z way/642067710",
    "verifiedAt": ""
   }
  },
  {
   "type": "Feature",
   "geometry": {
    "type": "Point",
    "coordinates": [
     129.3676942,
     33.1779035
    ]
   },
   "properties": {
    "id": "PK-w688265326",
    "kind": "parking",
    "name": "志々伎山登山口駐車場",
    "datum": "WGS84",
    "mountainIds": "856",
    "mountainNames": "志々伎山",
    "lists": "九州百名山",
    "routes": "",
    "entryType": "",
    "trailKmToSummit": "",
    "related": "TH-n6453495965(134m)",
    "attributes": "fee=no; access=yes",
    "status": "provisional",
    "accuracyM": 40,
    "needsReview": "公式情報または2情報源での確認が必要",
    "sources": "OpenStreetMap（© OpenStreetMap contributors, ODbL 1.0）Geofabrik japan-latest.osm.pbf 2026-09-23T20:22:04Z way/688265326",
    "verifiedAt": ""
   }
  },
  {
   "type": "Feature",
   "geometry": {
    "type": "Point",
    "coordinates": [
     130.3540646,
     32.139705
    ]
   },
   "properties": {
    "id": "PK-w691715111",
    "kind": "parking",
    "name": "（名称なし）駐車場",
    "datum": "WGS84",
    "mountainIds": "917",
    "mountainNames": "矢筈岳",
    "lists": "九州百名山",
    "routes": "",
    "entryType": "",
    "trailKmToSummit": "",
    "related": "TH-n2054755515(395m)",
    "attributes": "",
    "status": "provisional",
    "accuracyM": 40,
    "needsReview": "公式情報または2情報源での確認が必要、名称なし、登山口から離れている（徒歩アプローチを要確認）",
    "sources": "OpenStreetMap（© OpenStreetMap contributors, ODbL 1.0）Geofabrik japan-latest.osm.pbf 2026-09-23T20:22:04Z way/691715111",
    "verifiedAt": ""
   }
  },
  {
   "type": "Feature",
   "geometry": {
    "type": "Point",
    "coordinates": [
     130.8264743,
     32.3974235
    ]
   },
   "properties": {
    "id": "PK-w694447754",
    "kind": "parking",
    "name": "（名称なし）駐車場",
    "datum": "WGS84",
    "mountainIds": "911",
    "mountainNames": "仰烏帽子山",
    "lists": "九州百名山",
    "routes": "",
    "entryType": "",
    "trailKmToSummit": "",
    "related": "TH-n1289893178(479m)",
    "attributes": "",
    "status": "provisional",
    "accuracyM": 40,
    "needsReview": "公式情報または2情報源での確認が必要、名称なし、登山口から離れている（徒歩アプローチを要確認）",
    "sources": "OpenStreetMap（© OpenStreetMap contributors, ODbL 1.0）Geofabrik japan-latest.osm.pbf 2026-09-23T20:22:04Z way/694447754",
    "verifiedAt": ""
   }
  },
  {
   "type": "Feature",
   "geometry": {
    "type": "Point",
    "coordinates": [
     130.9046711,
     33.7619439
    ]
   },
   "properties": {
    "id": "PK-w742071364",
    "kind": "parking",
    "name": "茶ヶ床園地駐車場",
    "datum": "WGS84",
    "mountainIds": "795",
    "mountainNames": "貫山",
    "lists": "九州百名山",
    "routes": "",
    "entryType": "",
    "trailKmToSummit": "",
    "related": "TH-n1508565953(40m)",
    "attributes": "",
    "status": "provisional",
    "accuracyM": 40,
    "needsReview": "公式情報または2情報源での確認が必要",
    "sources": "OpenStreetMap（© OpenStreetMap contributors, ODbL 1.0）Geofabrik japan-latest.osm.pbf 2026-09-23T20:22:04Z way/742071364",
    "verifiedAt": ""
   }
  },
  {
   "type": "Feature",
   "geometry": {
    "type": "Point",
    "coordinates": [
     130.8942649,
     33.7570976
    ]
   },
   "properties": {
    "id": "PK-w877408193",
    "kind": "parking",
    "name": "（名称なし）駐車場",
    "datum": "WGS84",
    "mountainIds": "795",
    "mountainNames": "貫山",
    "lists": "九州百名山",
    "routes": "",
    "entryType": "",
    "trailKmToSummit": "",
    "related": "TH-n1508565083(281m)",
    "attributes": "",
    "status": "provisional",
    "accuracyM": 40,
    "needsReview": "公式情報または2情報源での確認が必要、名称なし",
    "sources": "OpenStreetMap（© OpenStreetMap contributors, ODbL 1.0）Geofabrik japan-latest.osm.pbf 2026-09-23T20:22:04Z way/877408193",
    "verifiedAt": ""
   }
  },
  {
   "type": "Feature",
   "geometry": {
    "type": "Point",
    "coordinates": [
     131.3397575,
     32.8540897
    ]
   },
   "properties": {
    "id": "PK-w935159530",
    "kind": "parking",
    "name": "（名称なし）駐車場",
    "datum": "WGS84",
    "mountainIds": "857 876 877 881 882",
    "mountainNames": "障子岳、越敷岳、大障子、祖母山、古祖母山",
    "lists": "九州百名山|日本百名山|日本二百名山|日本三百名山",
    "routes": "",
    "entryType": "",
    "trailKmToSummit": "",
    "related": "TH-n8666004158(12m)",
    "attributes": "",
    "status": "provisional",
    "accuracyM": 40,
    "needsReview": "公式情報または2情報源での確認が必要、名称なし",
    "sources": "OpenStreetMap（© OpenStreetMap contributors, ODbL 1.0）Geofabrik japan-latest.osm.pbf 2026-09-23T20:22:04Z way/935159530",
    "verifiedAt": ""
   }
  },
  {
   "type": "Feature",
   "geometry": {
    "type": "Point",
    "coordinates": [
     129.9340747,
     33.0984096
    ]
   },
   "properties": {
    "id": "PK-w978745544",
    "kind": "parking",
    "name": "（名称なし）駐車場",
    "datum": "WGS84",
    "mountainIds": "864",
    "mountainNames": "虚空蔵山",
    "lists": "九州百名山",
    "routes": "",
    "entryType": "",
    "trailKmToSummit": "",
    "related": "TH-kP11-22-41-bs2851(20m)",
    "attributes": "",
    "status": "provisional",
    "accuracyM": 40,
    "needsReview": "公式情報または2情報源での確認が必要、名称なし",
    "sources": "OpenStreetMap（© OpenStreetMap contributors, ODbL 1.0）Geofabrik japan-latest.osm.pbf 2026-09-23T20:22:04Z way/978745544",
    "verifiedAt": ""
   }
  },
  {
   "type": "Feature",
   "geometry": {
    "type": "Point",
    "coordinates": [
     130.0765353,
     32.9578669
    ]
   },
   "properties": {
    "id": "PK-w999071944",
    "kind": "parking",
    "name": "（名称なし）駐車場",
    "datum": "WGS84",
    "mountainIds": "868 869",
    "mountainNames": "経ガ岳、多良岳",
    "lists": "九州百名山|日本三百名山",
    "routes": "",
    "entryType": "",
    "trailKmToSummit": "",
    "related": "TH-n1342876423(11m)",
    "attributes": "",
    "status": "provisional",
    "accuracyM": 40,
    "needsReview": "公式情報または2情報源での確認が必要、名称なし",
    "sources": "OpenStreetMap（© OpenStreetMap contributors, ODbL 1.0）Geofabrik japan-latest.osm.pbf 2026-09-23T20:22:04Z way/999071944",
    "verifiedAt": ""
   }
  },
  {
   "type": "Feature",
   "geometry": {
    "type": "Point",
    "coordinates": [
     131.07271,
     32.318233
    ]
   },
   "properties": {
    "id": "TH-gsi-ichifusa",
    "kind": "trailhead",
    "name": "市房山登山口（祓川橋・市房山キャンプ場）",
    "datum": "WGS84",
    "mountainIds": "912",
    "mountainNames": "市房山",
    "lists": "日本二百名山|日本三百名山|九州百名山",
    "routes": "市房神社参道コース",
    "entryType": "公式情報による登山口",
    "trailKmToSummit": "",
    "related": "",
    "attributes": "restriction=令和2年7月豪雨で登山口の祓川橋が流出し、工事用の仮設道は関係者以外利用できない（水上村）",
    "status": "adopted",
    "accuracyM": 15,
    "needsReview": "水上村は市房山への登山を積極的に推奨しておらず、事故については村は責任を負わないとしている（水上村）、登山者記録簿に必ず記入すること。山頂からの縦走は山腹崩壊の危険があるため禁止されている（水上村）、入山前に水上村へ最新の状況を確認すること",
    "sources": "国土地理院ベクトルタイル提供実験 地理院地図の徒歩道が道路から始まる位置（32.318233, 131.072710）。地理院地図の注記「キャンプ場」（32.318446, 131.070101）から250m、標高597.8m 2026-09-23確認 ｜ 公式情報: https://www.vill.mizukami.lg.jp/kiji003680/index.html",
    "verifiedAt": "2026-09-23"
   }
  },
  {
   "type": "Feature",
   "geometry": {
    "type": "Point",
    "coordinates": [
     131.54287,
     32.743672
    ]
   },
   "properties": {
    "id": "TH-gsi-kamihouri",
    "kind": "trailhead",
    "name": "上祝子登山口（大崩山）",
    "datum": "WGS84",
    "mountainIds": "889",
    "mountainNames": "大崩山",
    "lists": "日本二百名山|日本三百名山|九州百名山",
    "routes": "ワク塚コース、坊主尾根コース",
    "entryType": "公式情報による登山口",
    "trailKmToSummit": "",
    "related": "",
    "attributes": "course=大崩山（上祝子登山口）のワク塚コースは往復で体力度4・技術的難易度C、コースタイム9.7時間、距離10.5km、登り下りとも累積1,230m、起点の標高625m、大崩山1,644m（祖母・傾・大崩ユネスコエコパーク 山のグレーディング）",
    "status": "adopted",
    "accuracyM": 15,
    "needsReview": "上祝子登山口からは三里河原コース・ワク塚コース・坊主尾根コースがある（祖母・傾・大崩ユネスコエコパーク）",
    "sources": "国土地理院ベクトルタイル提供実験 地理院地図の徒歩道が道路から始まる位置（32.743672, 131.542870）。国土地理院 標高API 617.4mで、祖母・傾・大崩ユネスコエコパーク 山のグレーディングの起点標高625mに近い。地理院地図の注記「大崩山荘」（32.748396, 131.536163）から817m 2026-09-23確認 ｜ 公式情報: https://sobokatamuki-br-council.org/news-event/%E7%A5%96%E6%AF%8D%E3%83%BB%E5%82%BE%E3%83%BB%E5%A4%A7%E5%B4%A9%E5%B1%B1%E7%B3%BB%E3%80%80%E5%B1%B1%E3%81%AE%E3%82%B0%E3%83%AC%E3%83%BC%E3%83%87%E3%82%A3%E3%83%B3%E3%82%B0%E3%82%92%E4%BD%9C%E6%88%90/ ｜ 公式情報: https://sobokatamuki-br-council.org/wp-content/uploads/2026/04/bedd4d54274923af333c2f67117a722f.pdf",
    "verifiedAt": "2026-09-23"
   }
  },
  {
   "type": "Feature",
   "geometry": {
    "type": "Point",
    "coordinates": [
     130.852097,
     31.520251
    ]
   },
   "properties": {
    "id": "TH-gsi-osumiko",
    "kind": "trailhead",
    "name": "大隅湖登山口（大箆柄岳）",
    "datum": "WGS84",
    "mountainIds": "927",
    "mountainNames": "大箆柄岳",
    "lists": "日本三百名山|九州百名山",
    "routes": "大隅湖コース",
    "entryType": "公式情報による登山口",
    "trailKmToSummit": "",
    "related": "",
    "attributes": "course=大箆柄岳は登り約5時間・下り約4時間、高低差約1,072m、難易度★★★。早朝に出発し昼過ぎに山頂へ着く計画にする（鹿屋市）",
    "status": "adopted",
    "accuracyM": 15,
    "needsReview": "大箆柄岳には大隅湖登山口のほか、大箆柄岳東登山口と峰越林道からの登山口がある（鹿屋市）、長時間の登山のため水分を多めに用意すること（鹿屋市）、大隅湖のほとりに徒歩道の起点が複数あり、登山口の正確な位置は公式情報では未確認",
    "sources": "国土地理院ベクトルタイル提供実験 地理院地図の徒歩道が道路から始まる位置（31.520251, 130.852097）。国土地理院 標高API 165.1mで、鹿屋市の高低差約1,072m（山頂1,236.8m）から求めた起点標高約165mと一致。国土地理院 地名検索「大隅湖」（31.517336, 130.852664）から327m 2026-09-23確認 ｜ 公式情報: https://www.city.kanoya.lg.jp/documents/1285/04_05p.pdf ｜ 公式情報: https://www.city.kanoya.lg.jp/kankou/bunka/kanko/event/10.html",
    "verifiedAt": "2026-09-23"
   }
  },
  {
   "type": "Feature",
   "geometry": {
    "type": "Point",
    "coordinates": [
     130.4802092,
     33.6729206
    ]
   },
   "properties": {
    "id": "TH-kP11-22-40-bs3213",
    "kind": "trailhead",
    "name": "大谷川",
    "datum": "WGS84",
    "mountainIds": "815",
    "mountainNames": "立花山",
    "lists": "九州百名山",
    "routes": "",
    "entryType": "駐車場・バス停（林道・車道を経由して登山道へ）",
    "trailKmToSummit": "立花山:2.15km",
    "related": "BS-kP11-22-40-bs3213(0m) BS-kP11-22-40-bs3251(546m) BS-kP11-22-40-bs3175(553m)",
    "attributes": "",
    "status": "provisional",
    "accuracyM": 15,
    "needsReview": "林道からの入口（マイカー進入可否を要確認）、公式情報または2情報源での確認が必要",
    "sources": "国土数値情報（バス停留所データ）令和4年度（国土交通省）P11-22-40-bs3213（JGD2011）を加工して作成 ｜ OpenStreetMap（© OpenStreetMap contributors, ODbL 1.0）Geofabrik japan-latest.osm.pbf 2026-09-23T20:22:04Z node/1864210151（登山道と道路の接続点）",
    "verifiedAt": ""
   }
  },
  {
   "type": "Feature",
   "geometry": {
    "type": "Point",
    "coordinates": [
     130.928834,
     33.8828059
    ]
   },
   "properties": {
    "id": "TH-kP11-22-40-bs581",
    "kind": "trailhead",
    "name": "上藤松一丁目",
    "datum": "WGS84",
    "mountainIds": "771",
    "mountainNames": "足立山",
    "lists": "九州百名山",
    "routes": "",
    "entryType": "駐車場・バス停（林道・車道を経由して登山道へ）",
    "trailKmToSummit": "足立山:4.81km",
    "related": "BS-kP11-22-40-bs581(0m) BS-kP11-22-40-bs562(255m) BS-kP11-22-40-bs531(354m)",
    "attributes": "",
    "status": "provisional",
    "accuracyM": 15,
    "needsReview": "林道からの入口（マイカー進入可否を要確認）、公式情報または2情報源での確認が必要",
    "sources": "国土数値情報（バス停留所データ）令和4年度（国土交通省）P11-22-40-bs581（JGD2011）を加工して作成 ｜ OpenStreetMap（© OpenStreetMap contributors, ODbL 1.0）Geofabrik japan-latest.osm.pbf 2026-09-23T20:22:04Z node/1528378237（登山道と道路の接続点） ｜ 国土地理院 地名検索「福岡県北九州市門司区上藤松一丁目」（33.881981, 130.929779、JGD2011、126m差）2026-09-20確認",
    "verifiedAt": "2026-09-20"
   }
  },
  {
   "type": "Feature",
   "geometry": {
    "type": "Point",
    "coordinates": [
     130.547477,
     33.5415204
    ]
   },
   "properties": {
    "id": "TH-kP11-22-40-bs5926",
    "kind": "trailhead",
    "name": "北谷公民館前",
    "datum": "WGS84",
    "mountainIds": "824",
    "mountainNames": "宝満山",
    "lists": "九州百名山",
    "routes": "OSM登山道「うさぎ道」",
    "entryType": "駐車場・バス停（林道・車道を経由して登山道へ）",
    "trailKmToSummit": "宝満山:3.36km",
    "related": "BS-kP11-22-40-bs5926(0m) BS-kP11-22-40-bs5847(586m) BS-kP11-22-40-bs5773(719m)",
    "attributes": "",
    "status": "provisional",
    "accuracyM": 15,
    "needsReview": "林道からの入口（マイカー進入可否を要確認）、公式情報または2情報源での確認が必要",
    "sources": "国土数値情報（バス停留所データ）令和4年度（国土交通省）P11-22-40-bs5926（JGD2011）を加工して作成 ｜ OpenStreetMap（© OpenStreetMap contributors, ODbL 1.0）Geofabrik japan-latest.osm.pbf 2026-09-23T20:22:04Z node/1257870601（登山道と道路の接続点）",
    "verifiedAt": ""
   }
  },
  {
   "type": "Feature",
   "geometry": {
    "type": "Point",
    "coordinates": [
     130.2303777,
     33.4955526
    ]
   },
   "properties": {
    "id": "TH-kP11-22-40-bs6759",
    "kind": "trailhead",
    "name": "雷山観音前",
    "datum": "WGS84",
    "mountainIds": "836",
    "mountainNames": "井原山",
    "lists": "九州百名山",
    "routes": "OSM登山道「Hiking trail to Mt. Raizan」",
    "entryType": "駐車場・バス停（林道・車道を経由して登山道へ）",
    "trailKmToSummit": "井原山:5.34km",
    "related": "PK-w303422733(100m) BS-kP11-22-40-bs6759(0m) BS-kP11-22-40-bs6660(808m)",
    "attributes": "",
    "status": "provisional",
    "accuracyM": 15,
    "needsReview": "公式情報または2情報源での確認が必要",
    "sources": "国土数値情報（バス停留所データ）令和4年度（国土交通省）P11-22-40-bs6759（JGD2011）を加工して作成 ｜ OpenStreetMap（© OpenStreetMap contributors, ODbL 1.0）Geofabrik japan-latest.osm.pbf 2026-09-23T20:22:04Z node/5662898546（登山道と道路の接続点）",
    "verifiedAt": ""
   }
  },
  {
   "type": "Feature",
   "geometry": {
    "type": "Point",
    "coordinates": [
     129.9342437,
     33.0982945
    ]
   },
   "properties": {
    "id": "TH-kP11-22-41-bs2851",
    "kind": "trailhead",
    "name": "大茶樹入口",
    "datum": "WGS84",
    "mountainIds": "864",
    "mountainNames": "虚空蔵山",
    "lists": "九州百名山",
    "routes": "",
    "entryType": "駐車場・バス停（林道・車道を経由して登山道へ）",
    "trailKmToSummit": "虚空蔵山:1.51km",
    "related": "PK-w978745544(20m) BS-kP11-22-41-bs2851(0m) BS-kP11-22-41-bs2860(330m) BS-kP11-22-41-bs2805(544m)",
    "attributes": "",
    "status": "provisional",
    "accuracyM": 15,
    "needsReview": "林道からの入口（マイカー進入可否を要確認）、公式情報または2情報源での確認が必要",
    "sources": "国土数値情報（バス停留所データ）令和4年度（国土交通省）P11-22-41-bs2851（JGD2011）を加工して作成 ｜ OpenStreetMap（© OpenStreetMap contributors, ODbL 1.0）Geofabrik japan-latest.osm.pbf 2026-09-23T20:22:04Z node/3269988413（登山道と道路の接続点）",
    "verifiedAt": ""
   }
  },
  {
   "type": "Feature",
   "geometry": {
    "type": "Point",
    "coordinates": [
     130.3562457,
     33.41178
    ]
   },
   "properties": {
    "id": "TH-kP11-22-41-bs494",
    "kind": "trailhead",
    "name": "古賀の尾",
    "datum": "WGS84",
    "mountainIds": "843",
    "mountainNames": "脊振山",
    "lists": "日本三百名山|九州百名山",
    "routes": "",
    "entryType": "駐車場・バス停（林道・車道を経由して登山道へ）",
    "trailKmToSummit": "脊振山:5.5km",
    "related": "BS-kP11-22-41-bs494(0m) BS-kP11-22-41-bs487(371m) BS-kP11-22-41-bs459(579m)",
    "attributes": "",
    "status": "provisional",
    "accuracyM": 15,
    "needsReview": "林道からの入口（マイカー進入可否を要確認）、公式情報または2情報源での確認が必要",
    "sources": "国土数値情報（バス停留所データ）令和4年度（国土交通省）P11-22-41-bs494（JGD2011）を加工して作成 ｜ OpenStreetMap（© OpenStreetMap contributors, ODbL 1.0）Geofabrik japan-latest.osm.pbf 2026-09-23T20:22:04Z node/1872078722（登山道と道路の接続点）",
    "verifiedAt": ""
   }
  },
  {
   "type": "Feature",
   "geometry": {
    "type": "Point",
    "coordinates": [
     130.3732555,
     33.3985971
    ]
   },
   "properties": {
    "id": "TH-kP11-22-41-bs563",
    "kind": "trailhead",
    "name": "犬井谷",
    "datum": "WGS84",
    "mountainIds": "843",
    "mountainNames": "脊振山",
    "lists": "日本三百名山|九州百名山",
    "routes": "",
    "entryType": "駐車場・バス停（林道・車道を経由して登山道へ）",
    "trailKmToSummit": "脊振山:5.7km",
    "related": "BS-kP11-22-41-bs563(0m)",
    "attributes": "",
    "status": "provisional",
    "accuracyM": 15,
    "needsReview": "林道からの入口（マイカー進入可否を要確認）、公式情報または2情報源での確認が必要",
    "sources": "国土数値情報（バス停留所データ）令和4年度（国土交通省）P11-22-41-bs563（JGD2011）を加工して作成 ｜ OpenStreetMap（© OpenStreetMap contributors, ODbL 1.0）Geofabrik japan-latest.osm.pbf 2026-09-23T20:22:04Z node/1872074839（登山道と道路の接続点） ｜ 国土地理院 地名検索「犬井谷」（33.399175, 130.373289、JGD2011、64m差）2026-09-20確認",
    "verifiedAt": "2026-09-20"
   }
  },
  {
   "type": "Feature",
   "geometry": {
    "type": "Point",
    "coordinates": [
     131.0844941,
     32.8803153
    ]
   },
   "properties": {
    "id": "TH-kP11-22-43-bs1011",
    "kind": "trailhead",
    "name": "火口",
    "datum": "WGS84",
    "mountainIds": "873",
    "mountainNames": "阿蘇山",
    "lists": "日本百名山|日本二百名山|日本三百名山|九州百名山",
    "routes": "",
    "entryType": "駐車場・バス停（林道・車道を経由して登山道へ）",
    "trailKmToSummit": "阿蘇山:2.18km",
    "related": "PK-w476214779(42m) PK-w476214778(112m) PK-w1426203561(174m) BS-kP11-22-43-bs1011(0m) BS-kP11-22-43-bs1016(993m)",
    "attributes": "OSM登山ルート: Sensuikyo Gorge Trail",
    "status": "provisional",
    "accuracyM": 15,
    "needsReview": "近くの道路にゲートあり（車両通行止め・季節閉鎖の可能性）、公式情報または2情報源での確認が必要",
    "sources": "国土数値情報（バス停留所データ）令和4年度（国土交通省）P11-22-43-bs1011（JGD2011）を加工して作成 ｜ OpenStreetMap（© OpenStreetMap contributors, ODbL 1.0）Geofabrik japan-latest.osm.pbf 2026-09-23T20:22:04Z node/849507201（登山道と道路の接続点）",
    "verifiedAt": ""
   }
  },
  {
   "type": "Feature",
   "geometry": {
    "type": "Point",
    "coordinates": [
     130.9376926,
     32.8425154
    ]
   },
   "properties": {
    "id": "TH-kP11-22-43-bs1432",
    "kind": "trailhead",
    "name": "萌の里・俵山登山口",
    "datum": "WGS84",
    "mountainIds": "880",
    "mountainNames": "俵山",
    "lists": "九州百名山",
    "routes": "",
    "entryType": "駐車場・バス停（林道・車道を経由して登山道へ）",
    "trailKmToSummit": "俵山:4.5km",
    "related": "PK-w413046506(58m) PK-w413046504(83m) PK-w413046507(105m) BS-kP11-22-43-bs1432(0m)",
    "attributes": "",
    "status": "provisional",
    "accuracyM": 15,
    "needsReview": "林道からの入口（マイカー進入可否を要確認）、公式情報または2情報源での確認が必要",
    "sources": "国土数値情報（バス停留所データ）令和4年度（国土交通省）P11-22-43-bs1432（JGD2011）を加工して作成 ｜ OpenStreetMap（© OpenStreetMap contributors, ODbL 1.0）Geofabrik japan-latest.osm.pbf 2026-09-23T20:22:04Z node/11221795665（登山道と道路の接続点）",
    "verifiedAt": ""
   }
  },
  {
   "type": "Feature",
   "geometry": {
    "type": "Point",
    "coordinates": [
     130.8378716,
     32.3636701
    ]
   },
   "properties": {
    "id": "TH-kP11-22-43-bs4283",
    "kind": "trailhead",
    "name": "野々脇",
    "datum": "WGS84",
    "mountainIds": "911",
    "mountainNames": "仰烏帽子山",
    "lists": "九州百名山",
    "routes": "",
    "entryType": "駐車場・バス停（林道・車道を経由して登山道へ）",
    "trailKmToSummit": "仰烏帽子山:9.51km",
    "related": "BS-kP11-22-43-bs4283(0m) BS-kP11-22-43-bs4290(539m) BS-kP11-22-43-bs4260(773m)",
    "attributes": "",
    "status": "provisional",
    "accuracyM": 15,
    "needsReview": "公式情報または2情報源での確認が必要",
    "sources": "国土数値情報（バス停留所データ）令和4年度（国土交通省）P11-22-43-bs4283（JGD2011）を加工して作成 ｜ OpenStreetMap（© OpenStreetMap contributors, ODbL 1.0）Geofabrik japan-latest.osm.pbf 2026-09-23T20:22:04Z node/1289900262（登山道と道路の接続点）",
    "verifiedAt": ""
   }
  },
  {
   "type": "Feature",
   "geometry": {
    "type": "Point",
    "coordinates": [
     131.4613056,
     33.3009517
    ]
   },
   "properties": {
    "id": "TH-kP11-22-44-bs3148",
    "kind": "trailhead",
    "name": "ゴルフ場入口",
    "datum": "WGS84",
    "mountainIds": "848",
    "mountainNames": "鶴見岳",
    "lists": "日本三百名山|九州百名山",
    "routes": "",
    "entryType": "駐車場・バス停（林道・車道を経由して登山道へ）",
    "trailKmToSummit": "鶴見岳:8.27km",
    "related": "PK-w418397013(79m) PK-w412570582(212m) PK-w412570578(251m) BS-kP11-22-44-bs3148(0m) BS-kP11-22-44-bs3141(99m) BS-kP11-22-44-bs3121(430m)",
    "attributes": "",
    "status": "provisional",
    "accuracyM": 15,
    "needsReview": "公式情報または2情報源での確認が必要",
    "sources": "国土数値情報（バス停留所データ）令和4年度（国土交通省）P11-22-44-bs3148（JGD2011）を加工して作成 ｜ OpenStreetMap（© OpenStreetMap contributors, ODbL 1.0）Geofabrik japan-latest.osm.pbf 2026-09-23T20:22:04Z node/4139393725（登山道と道路の接続点）",
    "verifiedAt": ""
   }
  },
  {
   "type": "Feature",
   "geometry": {
    "type": "Point",
    "coordinates": [
     131.4352499,
     33.2700457
    ]
   },
   "properties": {
    "id": "TH-kP11-22-44-bs3480",
    "kind": "trailhead",
    "name": "トンネル口",
    "datum": "WGS84",
    "mountainIds": "848",
    "mountainNames": "鶴見岳",
    "lists": "日本三百名山|九州百名山",
    "routes": "",
    "entryType": "駐車場・バス停（林道・車道を経由して登山道へ）",
    "trailKmToSummit": "鶴見岳:2.2km",
    "related": "PK-w162552685(480m) BS-kP11-22-44-bs3480(0m) BS-kP11-22-44-bs3482(454m) BS-kP11-22-44-bs3481(666m)",
    "attributes": "",
    "status": "provisional",
    "accuracyM": 15,
    "needsReview": "林道からの入口（マイカー進入可否を要確認）、公式情報または2情報源での確認が必要",
    "sources": "国土数値情報（バス停留所データ）令和4年度（国土交通省）P11-22-44-bs3480（JGD2011）を加工して作成 ｜ OpenStreetMap（© OpenStreetMap contributors, ODbL 1.0）Geofabrik japan-latest.osm.pbf 2026-09-23T20:22:04Z node/1744175240（登山道と道路の接続点）",
    "verifiedAt": ""
   }
  },
  {
   "type": "Feature",
   "geometry": {
    "type": "Point",
    "coordinates": [
     131.3172335,
     33.1234823
    ]
   },
   "properties": {
    "id": "TH-kP11-22-44-bs5015",
    "kind": "trailhead",
    "name": "所小野",
    "datum": "WGS84",
    "mountainIds": "861 862 863 865",
    "mountainNames": "黒岳、三俣山、大船山、九重山",
    "lists": "九州百名山|日本三百名山|日本百名山|日本二百名山",
    "routes": "",
    "entryType": "駐車場・バス停（林道・車道を経由して登山道へ）",
    "trailKmToSummit": "黒岳:6.37km 三俣山:9.46km 大船山:6.2km 九重山:11.21km",
    "related": "BS-kP11-22-44-bs5015(0m) BS-kP11-22-44-bs5001(609m) BS-kP11-22-44-bs5014(972m)",
    "attributes": "",
    "status": "provisional",
    "accuracyM": 15,
    "needsReview": "林道からの入口（マイカー進入可否を要確認）、公式情報または2情報源での確認が必要",
    "sources": "国土数値情報（バス停留所データ）令和4年度（国土交通省）P11-22-44-bs5015（JGD2011）を加工して作成 ｜ OpenStreetMap（© OpenStreetMap contributors, ODbL 1.0）Geofabrik japan-latest.osm.pbf 2026-09-23T20:22:04Z node/1307434741（登山道と道路の接続点）",
    "verifiedAt": ""
   }
  },
  {
   "type": "Feature",
   "geometry": {
    "type": "Point",
    "coordinates": [
     130.9679302,
     31.8933312
    ]
   },
   "properties": {
    "id": "TH-kP11-22-45-bs2813",
    "kind": "trailhead",
    "name": "祓川",
    "datum": "WGS84",
    "mountainIds": "921",
    "mountainNames": "高千穂峰",
    "lists": "日本二百名山|日本三百名山|九州百名山",
    "routes": "",
    "entryType": "駐車場・バス停（林道・車道を経由して登山道へ）",
    "trailKmToSummit": "高千穂峰:8.27km",
    "related": "PK-n12768632262(403m) PK-n12768632263(432m) BS-kP11-22-45-bs2813(0m) BS-kP11-22-45-bs2814(0m) BS-kP11-22-45-bs2794(381m)",
    "attributes": "",
    "status": "provisional",
    "accuracyM": 15,
    "needsReview": "林道からの入口（マイカー進入可否を要確認）、公式情報または2情報源での確認が必要",
    "sources": "国土数値情報（バス停留所データ）令和4年度（国土交通省）P11-22-45-bs2813（JGD2011）を加工して作成 ｜ OpenStreetMap（© OpenStreetMap contributors, ODbL 1.0）Geofabrik japan-latest.osm.pbf 2026-09-23T20:22:04Z node/1870975951（登山道と道路の接続点）",
    "verifiedAt": ""
   }
  },
  {
   "type": "Feature",
   "geometry": {
    "type": "Point",
    "coordinates": [
     130.8954102,
     31.8850576
    ]
   },
   "properties": {
    "id": "TH-kP11-22-46-bs2032",
    "kind": "trailhead",
    "name": "高千穂河原（高千穂峰登山口）",
    "datum": "WGS84",
    "mountainIds": "921",
    "mountainNames": "高千穂峰",
    "lists": "日本二百名山|日本三百名山|九州百名山",
    "routes": "",
    "entryType": "駐車場・バス停（林道・車道を経由して登山道へ）",
    "trailKmToSummit": "高千穂峰:2.36km",
    "related": "PK-w161003981(34m) PK-w161003980(49m) BS-kP11-22-46-bs2032(0m)",
    "attributes": "restriction=霧島山（新燃岳）の噴火警戒レベル2。火口から概ね2kmが警戒範囲",
    "status": "adopted",
    "accuracyM": 15,
    "needsReview": "火山活動により中岳・新燃岳方面の登山道が規制される。入山前に霧島市・宮崎県と気象庁の情報を確認すること",
    "sources": "国土数値情報（バス停留所データ）令和4年度（国土交通省）P11-22-46-bs2032（JGD2011）を加工して作成 ｜ OpenStreetMap（© OpenStreetMap contributors, ODbL 1.0）Geofabrik japan-latest.osm.pbf 2026-09-23T20:22:04Z node/1383929755（登山道と道路の接続点） ｜ 国土地理院 地名検索「高千穂河原ビジターセンター」（31.885754, 130.896008、JGD2011、96m差）2026-09-20確認 ｜ 公式情報: https://www.city-kirishima.jp/kirikan/kanko/shizen/tozando.html ｜ 公式情報: https://www.pref.miyazaki.lg.jp/kiki-kikikanri/bosai/saigai/kirisima.html ｜ 国土地理院 地名検索「高千穂河原ビジターセンター」（31.885754, 130.896008、JGD2011、96m差）2026-09-20確認",
    "verifiedAt": "2026-09-20"
   }
  },
  {
   "type": "Feature",
   "geometry": {
    "type": "Point",
    "coordinates": [
     130.3530359,
     32.1296788
    ]
   },
   "properties": {
    "id": "TH-kP11-22-46-bs879",
    "kind": "trailhead",
    "name": "関外",
    "datum": "WGS84",
    "mountainIds": "917",
    "mountainNames": "矢筈岳",
    "lists": "九州百名山",
    "routes": "OSM登山道「矢筈林道」",
    "entryType": "駐車場・バス停（林道・車道を経由して登山道へ）",
    "trailKmToSummit": "矢筈岳:4.82km",
    "related": "BS-kP11-22-46-bs879(0m) BS-kP11-22-46-bs876(438m) BS-kP11-22-46-bs890(485m)",
    "attributes": "",
    "status": "provisional",
    "accuracyM": 15,
    "needsReview": "林道からの入口（マイカー進入可否を要確認）、公式情報または2情報源での確認が必要",
    "sources": "国土数値情報（バス停留所データ）令和4年度（国土交通省）P11-22-46-bs879（JGD2011）を加工して作成 ｜ OpenStreetMap（© OpenStreetMap contributors, ODbL 1.0）Geofabrik japan-latest.osm.pbf 2026-09-23T20:22:04Z node/2054753405（登山道と道路の接続点）",
    "verifiedAt": ""
   }
  },
  {
   "type": "Feature",
   "geometry": {
    "type": "Point",
    "coordinates": [
     131.5299645,
     32.7386389
    ]
   },
   "properties": {
    "id": "TH-n10316129024",
    "kind": "trailhead",
    "name": "（名称未確認）",
    "datum": "WGS84",
    "mountainIds": "889",
    "mountainNames": "大崩山",
    "lists": "日本二百名山|日本三百名山|九州百名山",
    "routes": "",
    "entryType": "林道との接続",
    "trailKmToSummit": "大崩山:1.74km",
    "related": "",
    "attributes": "",
    "status": "candidate",
    "accuracyM": 30,
    "needsReview": "名称未確認、林道からの入口（マイカー進入可否を要確認）、公式情報または2情報源での確認が必要",
    "sources": "OpenStreetMap（© OpenStreetMap contributors, ODbL 1.0）Geofabrik japan-latest.osm.pbf 2026-09-23T20:22:04Z node/10316129024（登山道と道路の接続点）",
    "verifiedAt": ""
   }
  },
  {
   "type": "Feature",
   "geometry": {
    "type": "Point",
    "coordinates": [
     131.6881263,
     32.6533096
    ]
   },
   "properties": {
    "id": "TH-n10316202019",
    "kind": "trailhead",
    "name": "（名称未確認）俵野バス停付近",
    "datum": "WGS84",
    "mountainIds": "894",
    "mountainNames": "可愛岳",
    "lists": "九州百名山",
    "routes": "",
    "entryType": "一般道との接続",
    "trailKmToSummit": "可愛岳:4.14km",
    "related": "PK-n1722506581(125m) BS-kP11-22-45-bs326(376m) BS-kP11-22-45-bs315(447m) BS-kP11-22-45-bs336(984m)",
    "attributes": "",
    "status": "provisional",
    "accuracyM": 30,
    "needsReview": "名称未確認、登山道が道路を横断する地点（途中の入口の可能性）、公式情報または2情報源での確認が必要",
    "sources": "OpenStreetMap（© OpenStreetMap contributors, ODbL 1.0）Geofabrik japan-latest.osm.pbf 2026-09-23T20:22:04Z node/10316202019（登山道と道路の接続点）",
    "verifiedAt": ""
   }
  },
  {
   "type": "Feature",
   "geometry": {
    "type": "Point",
    "coordinates": [
     130.8421381,
     31.9430276
    ]
   },
   "properties": {
    "id": "TH-n11193529936",
    "kind": "trailhead",
    "name": "（名称未確認）つつじケ丘バス停付近",
    "datum": "WGS84",
    "mountainIds": "920",
    "mountainNames": "霧島山",
    "lists": "日本百名山|日本二百名山|日本三百名山|九州百名山",
    "routes": "",
    "entryType": "一般道との接続",
    "trailKmToSummit": "霧島山:2.79km",
    "related": "PK-w1208038110(284m) PK-w279477369(308m) PK-w182584467(328m) BS-kP11-22-45-bs2418(84m) BS-kP11-22-45-bs2406(295m)",
    "attributes": "",
    "status": "provisional",
    "accuracyM": 30,
    "needsReview": "名称未確認、登山道が道路を横断する地点（途中の入口の可能性）、近くの道路にゲートあり（車両通行止め・季節閉鎖の可能性）、公式情報または2情報源での確認が必要",
    "sources": "OpenStreetMap（© OpenStreetMap contributors, ODbL 1.0）Geofabrik japan-latest.osm.pbf 2026-09-23T20:22:04Z node/11193529936（登山道と道路の接続点）",
    "verifiedAt": ""
   }
  },
  {
   "type": "Feature",
   "geometry": {
    "type": "Point",
    "coordinates": [
     130.9420982,
     32.8432488
    ]
   },
   "properties": {
    "id": "TH-n11221795665",
    "kind": "trailhead",
    "name": "（名称未確認）萌の里・俵山登山口バス停付近",
    "datum": "WGS84",
    "mountainIds": "880",
    "mountainNames": "俵山",
    "lists": "九州百名山",
    "routes": "",
    "entryType": "道路の終点付近",
    "trailKmToSummit": "俵山:4.08km",
    "related": "PK-w413046503(276m) PK-w413046507(330m) PK-w413046506(362m) BS-kP11-22-43-bs1432(420m)",
    "attributes": "",
    "status": "provisional",
    "accuracyM": 30,
    "needsReview": "名称未確認、林道からの入口（マイカー進入可否を要確認）、公式情報または2情報源での確認が必要",
    "sources": "OpenStreetMap（© OpenStreetMap contributors, ODbL 1.0）Geofabrik japan-latest.osm.pbf 2026-09-23T20:22:04Z node/11221795665（登山道と道路の接続点）",
    "verifiedAt": ""
   }
  },
  {
   "type": "Feature",
   "geometry": {
    "type": "Point",
    "coordinates": [
     130.4550401,
     33.3812268
    ]
   },
   "properties": {
    "id": "TH-n11802268743",
    "kind": "trailhead",
    "name": "（名称未確認）",
    "datum": "WGS84",
    "mountainIds": "844",
    "mountainNames": "九千部山",
    "lists": "九州百名山",
    "routes": "",
    "entryType": "一般道との接続",
    "trailKmToSummit": "九千部山:5.63km",
    "related": "PK-w538384663(9m)",
    "attributes": "",
    "status": "provisional",
    "accuracyM": 30,
    "needsReview": "名称未確認、公式情報または2情報源での確認が必要",
    "sources": "OpenStreetMap（© OpenStreetMap contributors, ODbL 1.0）Geofabrik japan-latest.osm.pbf 2026-09-23T20:22:04Z node/11802268743（登山道と道路の接続点）",
    "verifiedAt": ""
   }
  },
  {
   "type": "Feature",
   "geometry": {
    "type": "Point",
    "coordinates": [
     130.5600363,
     33.5179455
    ]
   },
   "properties": {
    "id": "TH-n12016517886",
    "kind": "trailhead",
    "name": "（名称未確認）葉光ケ丘東バス停付近",
    "datum": "WGS84",
    "mountainIds": "824",
    "mountainNames": "宝満山",
    "lists": "九州百名山",
    "routes": "",
    "entryType": "一般道との接続",
    "trailKmToSummit": "宝満山:3.44km",
    "related": "BS-kP11-22-40-bs6418(283m) BS-kP11-22-40-bs6420(344m) BS-kP11-22-40-bs6456(403m)",
    "attributes": "",
    "status": "provisional",
    "accuracyM": 30,
    "needsReview": "名称未確認、公式情報または2情報源での確認が必要",
    "sources": "OpenStreetMap（© OpenStreetMap contributors, ODbL 1.0）Geofabrik japan-latest.osm.pbf 2026-09-23T20:22:04Z node/12016517886（登山道と道路の接続点）",
    "verifiedAt": ""
   }
  },
  {
   "type": "Feature",
   "geometry": {
    "type": "Point",
    "coordinates": [
     129.9209502,
     33.0818558
    ]
   },
   "properties": {
    "id": "TH-n12085538741",
    "kind": "trailhead",
    "name": "（名称未確認）",
    "datum": "WGS84",
    "mountainIds": "864",
    "mountainNames": "虚空蔵山",
    "lists": "九州百名山",
    "routes": "",
    "entryType": "道路の終点付近",
    "trailKmToSummit": "虚空蔵山:1.09km",
    "related": "PK-n3269360741(485m)",
    "attributes": "",
    "status": "provisional",
    "accuracyM": 30,
    "needsReview": "名称未確認、林道からの入口（マイカー進入可否を要確認）、公式情報または2情報源での確認が必要",
    "sources": "OpenStreetMap（© OpenStreetMap contributors, ODbL 1.0）Geofabrik japan-latest.osm.pbf 2026-09-23T20:22:04Z node/12085538741（登山道と道路の接続点）",
    "verifiedAt": ""
   }
  },
  {
   "type": "Feature",
   "geometry": {
    "type": "Point",
    "coordinates": [
     130.0719898,
     32.9954907
    ]
   },
   "properties": {
    "id": "TH-n12096445226",
    "kind": "trailhead",
    "name": "（名称未確認）",
    "datum": "WGS84",
    "mountainIds": "868 869",
    "mountainNames": "経ガ岳、多良岳",
    "lists": "九州百名山|日本三百名山",
    "routes": "",
    "entryType": "林道との接続",
    "trailKmToSummit": "経ガ岳:1.26km 多良岳:3.6km",
    "related": "",
    "attributes": "",
    "status": "candidate",
    "accuracyM": 30,
    "needsReview": "名称未確認、林道からの入口（マイカー進入可否を要確認）、公式情報または2情報源での確認が必要",
    "sources": "OpenStreetMap（© OpenStreetMap contributors, ODbL 1.0）Geofabrik japan-latest.osm.pbf 2026-09-23T20:22:04Z node/12096445226（登山道と道路の接続点）",
    "verifiedAt": ""
   }
  },
  {
   "type": "Feature",
   "geometry": {
    "type": "Point",
    "coordinates": [
     128.7128846,
     32.6766572
    ]
   },
   "properties": {
    "id": "TH-n12141204057",
    "kind": "trailhead",
    "name": "（名称未確認）七岳口バス停付近",
    "datum": "WGS84",
    "mountainIds": "892",
    "mountainNames": "七ツ岳",
    "lists": "九州百名山",
    "routes": "",
    "entryType": "一般道との接続",
    "trailKmToSummit": "七ツ岳:1.14km",
    "related": "BS-kP11-22-42-bs120(374m) BS-kP11-22-42-bs123(552m)",
    "attributes": "",
    "status": "provisional",
    "accuracyM": 30,
    "needsReview": "名称未確認、登山道が道路を横断する地点（途中の入口の可能性）、公式情報または2情報源での確認が必要",
    "sources": "OpenStreetMap（© OpenStreetMap contributors, ODbL 1.0）Geofabrik japan-latest.osm.pbf 2026-09-23T20:22:04Z node/12141204057（登山道と道路の接続点）",
    "verifiedAt": ""
   }
  },
  {
   "type": "Feature",
   "geometry": {
    "type": "Point",
    "coordinates": [
     130.0724414,
     33.3604139
    ]
   },
   "properties": {
    "id": "TH-n12165770982",
    "kind": "trailhead",
    "name": "（名称未確認）",
    "datum": "WGS84",
    "mountainIds": "845",
    "mountainNames": "作礼山",
    "lists": "九州百名山",
    "routes": "",
    "entryType": "一般道との接続",
    "trailKmToSummit": "作礼山:0.78km",
    "related": "",
    "attributes": "",
    "status": "candidate",
    "accuracyM": 30,
    "needsReview": "名称未確認、登山道が道路を横断する地点（途中の入口の可能性）、公式情報または2情報源での確認が必要",
    "sources": "OpenStreetMap（© OpenStreetMap contributors, ODbL 1.0）Geofabrik japan-latest.osm.pbf 2026-09-23T20:22:04Z node/12165770982（登山道と道路の接続点）",
    "verifiedAt": ""
   }
  },
  {
   "type": "Feature",
   "geometry": {
    "type": "Point",
    "coordinates": [
     130.5524961,
     33.5295091
    ]
   },
   "properties": {
    "id": "TH-n1239456847",
    "kind": "trailhead",
    "name": "（名称未確認）かまど神社駐車場付近",
    "datum": "WGS84",
    "mountainIds": "824",
    "mountainNames": "宝満山",
    "lists": "九州百名山",
    "routes": "",
    "entryType": "一般道との接続",
    "trailKmToSummit": "宝満山:3.06km",
    "related": "PK-w110010781(226m) PK-w110010783(257m) BS-kP11-22-40-bs6198(237m) BS-kP11-22-40-bs6204(553m) BS-kP11-22-40-bs6225(897m)",
    "attributes": "",
    "status": "provisional",
    "accuracyM": 30,
    "needsReview": "名称未確認、公式情報または2情報源での確認が必要",
    "sources": "OpenStreetMap（© OpenStreetMap contributors, ODbL 1.0）Geofabrik japan-latest.osm.pbf 2026-09-23T20:22:04Z node/1239456847（登山道と道路の接続点）",
    "verifiedAt": ""
   }
  },
  {
   "type": "Feature",
   "geometry": {
    "type": "Point",
    "coordinates": [
     130.5579936,
     33.5338292
    ]
   },
   "properties": {
    "id": "TH-n1239457015",
    "kind": "trailhead",
    "name": "（名称未確認）内山（鼈門神社前）バス停付近",
    "datum": "WGS84",
    "mountainIds": "824",
    "mountainNames": "宝満山",
    "lists": "九州百名山",
    "routes": "OSM登山道「うさぎ道」、OSM登山道「九州自然歩道」",
    "entryType": "一般道との接続",
    "trailKmToSummit": "宝満山:1.83km",
    "related": "BS-kP11-22-40-bs6198(932m)",
    "attributes": "OSM登山ルート: 九州自然歩道 (Kyushu Nature Trail)",
    "status": "provisional",
    "accuracyM": 30,
    "needsReview": "名称未確認、登山道が道路を横断する地点（途中の入口の可能性）、公式情報または2情報源での確認が必要",
    "sources": "OpenStreetMap（© OpenStreetMap contributors, ODbL 1.0）Geofabrik japan-latest.osm.pbf 2026-09-23T20:22:04Z node/1239457015（登山道と道路の接続点）",
    "verifiedAt": ""
   }
  },
  {
   "type": "Feature",
   "geometry": {
    "type": "Point",
    "coordinates": [
     130.5838642,
     33.5545843
    ]
   },
   "properties": {
    "id": "TH-n1239463344",
    "kind": "trailhead",
    "name": "（名称未確認）",
    "datum": "WGS84",
    "mountainIds": "824",
    "mountainNames": "宝満山",
    "lists": "九州百名山",
    "routes": "OSM登山道「九州自然歩道」",
    "entryType": "一般道との接続",
    "trailKmToSummit": "宝満山:2.33km",
    "related": "",
    "attributes": "OSM登山ルート: 九州自然歩道 (Kyushu Nature Trail)",
    "status": "candidate",
    "accuracyM": 30,
    "needsReview": "名称未確認、公式情報または2情報源での確認が必要",
    "sources": "OpenStreetMap（© OpenStreetMap contributors, ODbL 1.0）Geofabrik japan-latest.osm.pbf 2026-09-23T20:22:04Z node/1239463344（登山道と道路の接続点）",
    "verifiedAt": ""
   }
  },
  {
   "type": "Feature",
   "geometry": {
    "type": "Point",
    "coordinates": [
     130.4715046,
     33.683936
    ]
   },
   "properties": {
    "id": "TH-n1268341666",
    "kind": "trailhead",
    "name": "（名称未確認）立花口バス停付近",
    "datum": "WGS84",
    "mountainIds": "815",
    "mountainNames": "立花山",
    "lists": "九州百名山",
    "routes": "",
    "entryType": "一般道との接続",
    "trailKmToSummit": "立花山:0.57km",
    "related": "PK-n8689689978(209m) BS-kP11-22-40-bs3058(681m) BS-kP11-22-40-bs3056(820m)",
    "attributes": "",
    "status": "provisional",
    "accuracyM": 30,
    "needsReview": "名称未確認、公式情報または2情報源での確認が必要",
    "sources": "OpenStreetMap（© OpenStreetMap contributors, ODbL 1.0）Geofabrik japan-latest.osm.pbf 2026-09-23T20:22:04Z node/1268341666（登山道と道路の接続点）",
    "verifiedAt": ""
   }
  },
  {
   "type": "Feature",
   "geometry": {
    "type": "Point",
    "coordinates": [
     131.143519,
     31.669209
    ]
   },
   "properties": {
    "id": "TH-n1288372984",
    "kind": "trailhead",
    "name": "（名称未確認）",
    "datum": "WGS84",
    "mountainIds": "925",
    "mountainNames": "牛ノ峠",
    "lists": "九州百名山",
    "routes": "",
    "entryType": "一般道との接続",
    "trailKmToSummit": "牛ノ峠:1.45km",
    "related": "",
    "attributes": "",
    "status": "candidate",
    "accuracyM": 30,
    "needsReview": "名称未確認、公式情報または2情報源での確認が必要",
    "sources": "OpenStreetMap（© OpenStreetMap contributors, ODbL 1.0）Geofabrik japan-latest.osm.pbf 2026-09-23T20:22:04Z node/1288372984（登山道と道路の接続点）",
    "verifiedAt": ""
   }
  },
  {
   "type": "Feature",
   "geometry": {
    "type": "Point",
    "coordinates": [
     131.156725,
     31.663475
    ]
   },
   "properties": {
    "id": "TH-n1288376683",
    "kind": "trailhead",
    "name": "（名称未確認）",
    "datum": "WGS84",
    "mountainIds": "925",
    "mountainNames": "牛ノ峠",
    "lists": "九州百名山",
    "routes": "",
    "entryType": "一般道との接続",
    "trailKmToSummit": "牛ノ峠:0.84km",
    "related": "",
    "attributes": "",
    "status": "candidate",
    "accuracyM": 30,
    "needsReview": "名称未確認、公式情報または2情報源での確認が必要",
    "sources": "OpenStreetMap（© OpenStreetMap contributors, ODbL 1.0）Geofabrik japan-latest.osm.pbf 2026-09-23T20:22:04Z node/1288376683（登山道と道路の接続点）",
    "verifiedAt": ""
   }
  },
  {
   "type": "Feature",
   "geometry": {
    "type": "Point",
    "coordinates": [
     129.263013,
     34.238888
    ]
   },
   "properties": {
    "id": "TH-n1288403000",
    "kind": "trailhead",
    "name": "（名称未確認）",
    "datum": "WGS84",
    "mountainIds": "698",
    "mountainNames": "洲藻白岳",
    "lists": "九州百名山",
    "routes": "",
    "entryType": "一般道との接続",
    "trailKmToSummit": "洲藻白岳:6.01km",
    "related": "",
    "attributes": "",
    "status": "candidate",
    "accuracyM": 30,
    "needsReview": "名称未確認、公式情報または2情報源での確認が必要",
    "sources": "OpenStreetMap（© OpenStreetMap contributors, ODbL 1.0）Geofabrik japan-latest.osm.pbf 2026-09-23T20:22:04Z node/1288403000（登山道と道路の接続点）",
    "verifiedAt": ""
   }
  },
  {
   "type": "Feature",
   "geometry": {
    "type": "Point",
    "coordinates": [
     129.2773634,
     34.2403594
    ]
   },
   "properties": {
    "id": "TH-n1288420011",
    "kind": "trailhead",
    "name": "（名称未確認）",
    "datum": "WGS84",
    "mountainIds": "698",
    "mountainNames": "洲藻白岳",
    "lists": "九州百名山",
    "routes": "",
    "entryType": "一般道（県道以上）との接続",
    "trailKmToSummit": "洲藻白岳:4.87km",
    "related": "",
    "attributes": "",
    "status": "candidate",
    "accuracyM": 30,
    "needsReview": "名称未確認、公式情報または2情報源での確認が必要",
    "sources": "OpenStreetMap（© OpenStreetMap contributors, ODbL 1.0）Geofabrik japan-latest.osm.pbf 2026-09-23T20:22:04Z node/1288420011（登山道と道路の接続点）",
    "verifiedAt": ""
   }
  },
  {
   "type": "Feature",
   "geometry": {
    "type": "Point",
    "coordinates": [
     129.2628679,
     34.2621772
    ]
   },
   "properties": {
    "id": "TH-n1288447212",
    "kind": "trailhead",
    "name": "（名称未確認）",
    "datum": "WGS84",
    "mountainIds": "698",
    "mountainNames": "洲藻白岳",
    "lists": "九州百名山",
    "routes": "",
    "entryType": "一般道との接続",
    "trailKmToSummit": "洲藻白岳:1.5km",
    "related": "PK-n1288447212(0m)",
    "attributes": "",
    "status": "provisional",
    "accuracyM": 30,
    "needsReview": "名称未確認、公式情報または2情報源での確認が必要",
    "sources": "OpenStreetMap（© OpenStreetMap contributors, ODbL 1.0）Geofabrik japan-latest.osm.pbf 2026-09-23T20:22:04Z node/1288447212（登山道と道路の接続点）",
    "verifiedAt": ""
   }
  },
  {
   "type": "Feature",
   "geometry": {
    "type": "Point",
    "coordinates": [
     128.6929989,
     32.688529
    ]
   },
   "properties": {
    "id": "TH-n1288669420",
    "kind": "trailhead",
    "name": "（名称未確認）",
    "datum": "WGS84",
    "mountainIds": "892",
    "mountainNames": "七ツ岳",
    "lists": "九州百名山",
    "routes": "",
    "entryType": "一般道との接続",
    "trailKmToSummit": "七ツ岳:1.85km",
    "related": "",
    "attributes": "",
    "status": "candidate",
    "accuracyM": 30,
    "needsReview": "名称未確認、公式情報または2情報源での確認が必要",
    "sources": "OpenStreetMap（© OpenStreetMap contributors, ODbL 1.0）Geofabrik japan-latest.osm.pbf 2026-09-23T20:22:04Z node/1288669420（登山道と道路の接続点）",
    "verifiedAt": ""
   }
  },
  {
   "type": "Feature",
   "geometry": {
    "type": "Point",
    "coordinates": [
     128.701708,
     32.677076
    ]
   },
   "properties": {
    "id": "TH-n1288669624",
    "kind": "trailhead",
    "name": "（名称未確認）七岳口バス停付近",
    "datum": "WGS84",
    "mountainIds": "892",
    "mountainNames": "七ツ岳",
    "lists": "九州百名山",
    "routes": "",
    "entryType": "一般道との接続",
    "trailKmToSummit": "七ツ岳:1.37km",
    "related": "BS-kP11-22-42-bs120(798m)",
    "attributes": "",
    "status": "provisional",
    "accuracyM": 30,
    "needsReview": "名称未確認、公式情報または2情報源での確認が必要",
    "sources": "OpenStreetMap（© OpenStreetMap contributors, ODbL 1.0）Geofabrik japan-latest.osm.pbf 2026-09-23T20:22:04Z node/1288669624（登山道と道路の接続点）",
    "verifiedAt": ""
   }
  },
  {
   "type": "Feature",
   "geometry": {
    "type": "Point",
    "coordinates": [
     128.709784,
     32.6745
    ]
   },
   "properties": {
    "id": "TH-n1288683882",
    "kind": "trailhead",
    "name": "（名称未確認）七岳口バス停付近",
    "datum": "WGS84",
    "mountainIds": "892",
    "mountainNames": "七ツ岳",
    "lists": "九州百名山",
    "routes": "",
    "entryType": "一般道（県道以上）との接続",
    "trailKmToSummit": "七ツ岳:1.11km",
    "related": "BS-kP11-22-42-bs120(13m) BS-kP11-22-42-bs123(780m)",
    "attributes": "",
    "status": "provisional",
    "accuracyM": 30,
    "needsReview": "名称未確認、公式情報または2情報源での確認が必要",
    "sources": "OpenStreetMap（© OpenStreetMap contributors, ODbL 1.0）Geofabrik japan-latest.osm.pbf 2026-09-23T20:22:04Z node/1288683882（登山道と道路の接続点）",
    "verifiedAt": ""
   }
  },
  {
   "type": "Feature",
   "geometry": {
    "type": "Point",
    "coordinates": [
     131.161638,
     31.679715
    ]
   },
   "properties": {
    "id": "TH-n1289641164",
    "kind": "trailhead",
    "name": "（名称未確認）",
    "datum": "WGS84",
    "mountainIds": "925",
    "mountainNames": "牛ノ峠",
    "lists": "九州百名山",
    "routes": "",
    "entryType": "道路の終点付近",
    "trailKmToSummit": "牛ノ峠:1.19km",
    "related": "",
    "attributes": "",
    "status": "candidate",
    "accuracyM": 30,
    "needsReview": "名称未確認、林道からの入口（マイカー進入可否を要確認）、公式情報または2情報源での確認が必要",
    "sources": "OpenStreetMap（© OpenStreetMap contributors, ODbL 1.0）Geofabrik japan-latest.osm.pbf 2026-09-23T20:22:04Z node/1289641164（登山道と道路の接続点）",
    "verifiedAt": ""
   }
  },
  {
   "type": "Feature",
   "geometry": {
    "type": "Point",
    "coordinates": [
     130.979129,
     32.615487
    ]
   },
   "properties": {
    "id": "TH-n1289732860",
    "kind": "trailhead",
    "name": "（名称未確認）",
    "datum": "WGS84",
    "mountainIds": "901",
    "mountainNames": "京丈山",
    "lists": "九州百名山",
    "routes": "",
    "entryType": "一般道との接続",
    "trailKmToSummit": "京丈山:5.82km",
    "related": "",
    "attributes": "",
    "status": "candidate",
    "accuracyM": 30,
    "needsReview": "名称未確認、公式情報または2情報源での確認が必要",
    "sources": "OpenStreetMap（© OpenStreetMap contributors, ODbL 1.0）Geofabrik japan-latest.osm.pbf 2026-09-23T20:22:04Z node/1289732860（登山道と道路の接続点）",
    "verifiedAt": ""
   }
  },
  {
   "type": "Feature",
   "geometry": {
    "type": "Point",
    "coordinates": [
     131.1034635,
     32.6265056
    ]
   },
   "properties": {
    "id": "TH-n1289734797",
    "kind": "trailhead",
    "name": "（名称未確認）",
    "datum": "WGS84",
    "mountainIds": "899",
    "mountainNames": "小川岳",
    "lists": "九州百名山",
    "routes": "",
    "entryType": "一般道との接続",
    "trailKmToSummit": "小川岳:4.13km",
    "related": "",
    "attributes": "",
    "status": "candidate",
    "accuracyM": 30,
    "needsReview": "名称未確認、公式情報または2情報源での確認が必要",
    "sources": "OpenStreetMap（© OpenStreetMap contributors, ODbL 1.0）Geofabrik japan-latest.osm.pbf 2026-09-23T20:22:04Z node/1289734797（登山道と道路の接続点）",
    "verifiedAt": ""
   }
  },
  {
   "type": "Feature",
   "geometry": {
    "type": "Point",
    "coordinates": [
     131.098489,
     32.636722
    ]
   },
   "properties": {
    "id": "TH-n1289768358",
    "kind": "trailhead",
    "name": "（名称未確認）",
    "datum": "WGS84",
    "mountainIds": "899",
    "mountainNames": "小川岳",
    "lists": "九州百名山",
    "routes": "",
    "entryType": "一般道との接続",
    "trailKmToSummit": "小川岳:7.13km",
    "related": "",
    "attributes": "",
    "status": "candidate",
    "accuracyM": 30,
    "needsReview": "名称未確認、公式情報または2情報源での確認が必要",
    "sources": "OpenStreetMap（© OpenStreetMap contributors, ODbL 1.0）Geofabrik japan-latest.osm.pbf 2026-09-23T20:22:04Z node/1289768358（登山道と道路の接続点）",
    "verifiedAt": ""
   }
  },
  {
   "type": "Feature",
   "geometry": {
    "type": "Point",
    "coordinates": [
     130.821655,
     32.394905
    ]
   },
   "properties": {
    "id": "TH-n1289867619",
    "kind": "trailhead",
    "name": "（名称未確認）頭地代替地バス停付近",
    "datum": "WGS84",
    "mountainIds": "911",
    "mountainNames": "仰烏帽子山",
    "lists": "九州百名山",
    "routes": "",
    "entryType": "一般道との接続",
    "trailKmToSummit": "仰烏帽子山:7.09km",
    "related": "PK-w160691881(481m) BS-kP11-22-43-bs4190(515m) BS-kP11-22-43-bs4181(539m) BS-kP11-22-43-bs4182(609m)",
    "attributes": "",
    "status": "provisional",
    "accuracyM": 30,
    "needsReview": "名称未確認、公式情報または2情報源での確認が必要",
    "sources": "OpenStreetMap（© OpenStreetMap contributors, ODbL 1.0）Geofabrik japan-latest.osm.pbf 2026-09-23T20:22:04Z node/1289867619（登山道と道路の接続点）",
    "verifiedAt": ""
   }
  },
  {
   "type": "Feature",
   "geometry": {
    "type": "Point",
    "coordinates": [
     130.835544,
     32.376238
    ]
   },
   "properties": {
    "id": "TH-n1289880648",
    "kind": "trailhead",
    "name": "（名称未確認）三方谷（国道五木）バス停付近",
    "datum": "WGS84",
    "mountainIds": "911",
    "mountainNames": "仰烏帽子山",
    "lists": "九州百名山",
    "routes": "",
    "entryType": "一般道との接続",
    "trailKmToSummit": "仰烏帽子山:7.31km",
    "related": "BS-kP11-22-43-bs4248(242m) BS-kP11-22-43-bs4260(637m) BS-kP11-22-43-bs4229(982m)",
    "attributes": "",
    "status": "provisional",
    "accuracyM": 30,
    "needsReview": "名称未確認、公式情報または2情報源での確認が必要",
    "sources": "OpenStreetMap（© OpenStreetMap contributors, ODbL 1.0）Geofabrik japan-latest.osm.pbf 2026-09-23T20:22:04Z node/1289880648（登山道と道路の接続点）",
    "verifiedAt": ""
   }
  },
  {
   "type": "Feature",
   "geometry": {
    "type": "Point",
    "coordinates": [
     130.8252728,
     32.3932104
    ]
   },
   "properties": {
    "id": "TH-n1289893178",
    "kind": "trailhead",
    "name": "（名称未確認）頭地代替地バス停付近",
    "datum": "WGS84",
    "mountainIds": "911",
    "mountainNames": "仰烏帽子山",
    "lists": "九州百名山",
    "routes": "",
    "entryType": "一般道との接続",
    "trailKmToSummit": "仰烏帽子山:8.24km",
    "related": "PK-w160691881(383m) PK-w694447754(479m) BS-kP11-22-43-bs4190(340m) BS-kP11-22-43-bs4181(474m) BS-kP11-22-43-bs4182(482m)",
    "attributes": "",
    "status": "provisional",
    "accuracyM": 30,
    "needsReview": "名称未確認、公式情報または2情報源での確認が必要",
    "sources": "OpenStreetMap（© OpenStreetMap contributors, ODbL 1.0）Geofabrik japan-latest.osm.pbf 2026-09-23T20:22:04Z node/1289893178（登山道と道路の接続点）",
    "verifiedAt": ""
   }
  },
  {
   "type": "Feature",
   "geometry": {
    "type": "Point",
    "coordinates": [
     130.325317,
     31.756673
    ]
   },
   "properties": {
    "id": "TH-n1290053108",
    "kind": "trailhead",
    "name": "（名称未確認）",
    "datum": "WGS84",
    "mountainIds": "924",
    "mountainNames": "冠岳",
    "lists": "九州百名山",
    "routes": "",
    "entryType": "一般道との接続",
    "trailKmToSummit": "冠岳:1.88km",
    "related": "",
    "attributes": "",
    "status": "candidate",
    "accuracyM": 30,
    "needsReview": "名称未確認、公式情報または2情報源での確認が必要",
    "sources": "OpenStreetMap（© OpenStreetMap contributors, ODbL 1.0）Geofabrik japan-latest.osm.pbf 2026-09-23T20:22:04Z node/1290053108（登山道と道路の接続点）",
    "verifiedAt": ""
   }
  },
  {
   "type": "Feature",
   "geometry": {
    "type": "Point",
    "coordinates": [
     130.328906,
     31.761292
    ]
   },
   "properties": {
    "id": "TH-n1291185640",
    "kind": "trailhead",
    "name": "（名称未確認）",
    "datum": "WGS84",
    "mountainIds": "924",
    "mountainNames": "冠岳",
    "lists": "九州百名山",
    "routes": "",
    "entryType": "一般道との接続",
    "trailKmToSummit": "冠岳:1.79km",
    "related": "",
    "attributes": "",
    "status": "candidate",
    "accuracyM": 30,
    "needsReview": "名称未確認、公式情報または2情報源での確認が必要",
    "sources": "OpenStreetMap（© OpenStreetMap contributors, ODbL 1.0）Geofabrik japan-latest.osm.pbf 2026-09-23T20:22:04Z node/1291185640（登山道と道路の接続点）",
    "verifiedAt": ""
   }
  },
  {
   "type": "Feature",
   "geometry": {
    "type": "Point",
    "coordinates": [
     129.9193943,
     33.0859754
    ]
   },
   "properties": {
    "id": "TH-n1291317350",
    "kind": "trailhead",
    "name": "（名称未確認）",
    "datum": "WGS84",
    "mountainIds": "864",
    "mountainNames": "虚空蔵山",
    "lists": "九州百名山",
    "routes": "OSM登山道「虚空蔵山登山道」",
    "entryType": "一般道との接続",
    "trailKmToSummit": "虚空蔵山:0.54km",
    "related": "PK-n3269360741(9m)",
    "attributes": "",
    "status": "provisional",
    "accuracyM": 30,
    "needsReview": "名称未確認、公式情報または2情報源での確認が必要",
    "sources": "OpenStreetMap（© OpenStreetMap contributors, ODbL 1.0）Geofabrik japan-latest.osm.pbf 2026-09-23T20:22:04Z node/1291317350（登山道と道路の接続点）",
    "verifiedAt": ""
   }
  },
  {
   "type": "Feature",
   "geometry": {
    "type": "Point",
    "coordinates": [
     129.9202159,
     33.0946725
    ]
   },
   "properties": {
    "id": "TH-n1291322239",
    "kind": "trailhead",
    "name": "（名称未確認）",
    "datum": "WGS84",
    "mountainIds": "864",
    "mountainNames": "虚空蔵山",
    "lists": "九州百名山",
    "routes": "",
    "entryType": "一般道（県道以上）との接続",
    "trailKmToSummit": "虚空蔵山:0.48km",
    "related": "PK-n1956551940(25m)",
    "attributes": "",
    "status": "provisional",
    "accuracyM": 30,
    "needsReview": "名称未確認、公式情報または2情報源での確認が必要",
    "sources": "OpenStreetMap（© OpenStreetMap contributors, ODbL 1.0）Geofabrik japan-latest.osm.pbf 2026-09-23T20:22:04Z node/1291322239（登山道と道路の接続点）",
    "verifiedAt": ""
   }
  },
  {
   "type": "Feature",
   "geometry": {
    "type": "Point",
    "coordinates": [
     130.3377659,
     31.749362
    ]
   },
   "properties": {
    "id": "TH-n1292357623",
    "kind": "trailhead",
    "name": "（名称未確認）",
    "datum": "WGS84",
    "mountainIds": "924",
    "mountainNames": "冠岳",
    "lists": "九州百名山",
    "routes": "",
    "entryType": "一般道との接続",
    "trailKmToSummit": "冠岳:0.86km",
    "related": "",
    "attributes": "",
    "status": "candidate",
    "accuracyM": 30,
    "needsReview": "名称未確認、公式情報または2情報源での確認が必要",
    "sources": "OpenStreetMap（© OpenStreetMap contributors, ODbL 1.0）Geofabrik japan-latest.osm.pbf 2026-09-23T20:22:04Z node/1292357623（登山道と道路の接続点）",
    "verifiedAt": ""
   }
  },
  {
   "type": "Feature",
   "geometry": {
    "type": "Point",
    "coordinates": [
     130.315889,
     31.753968
    ]
   },
   "properties": {
    "id": "TH-n1292381547",
    "kind": "trailhead",
    "name": "（名称未確認）",
    "datum": "WGS84",
    "mountainIds": "924",
    "mountainNames": "冠岳",
    "lists": "九州百名山",
    "routes": "",
    "entryType": "一般道との接続",
    "trailKmToSummit": "冠岳:1.81km",
    "related": "",
    "attributes": "",
    "status": "candidate",
    "accuracyM": 30,
    "needsReview": "名称未確認、公式情報または2情報源での確認が必要",
    "sources": "OpenStreetMap（© OpenStreetMap contributors, ODbL 1.0）Geofabrik japan-latest.osm.pbf 2026-09-23T20:22:04Z node/1292381547（登山道と道路の接続点）",
    "verifiedAt": ""
   }
  },
  {
   "type": "Feature",
   "geometry": {
    "type": "Point",
    "coordinates": [
     130.3239306,
     32.4259038
    ]
   },
   "properties": {
    "id": "TH-n1292600846",
    "kind": "trailhead",
    "name": "（名称未確認）",
    "datum": "WGS84",
    "mountainIds": "909",
    "mountainNames": "倉岳",
    "lists": "九州百名山",
    "routes": "",
    "entryType": "一般道との接続",
    "trailKmToSummit": "倉岳:0.36km",
    "related": "PK-w1506802821(39m) PK-w1506802816(176m) PK-w1506802814(355m)",
    "attributes": "",
    "status": "provisional",
    "accuracyM": 30,
    "needsReview": "名称未確認、公式情報または2情報源での確認が必要",
    "sources": "OpenStreetMap（© OpenStreetMap contributors, ODbL 1.0）Geofabrik japan-latest.osm.pbf 2026-09-23T20:22:04Z node/1292600846（登山道と道路の接続点）",
    "verifiedAt": ""
   }
  },
  {
   "type": "Feature",
   "geometry": {
    "type": "Point",
    "coordinates": [
     130.3303727,
     32.4225391
    ]
   },
   "properties": {
    "id": "TH-n1292616296",
    "kind": "trailhead",
    "name": "（名称未確認）",
    "datum": "WGS84",
    "mountainIds": "909",
    "mountainNames": "倉岳",
    "lists": "九州百名山",
    "routes": "OSM登山道「遠望・飛羅トレイル」",
    "entryType": "道路の終点付近",
    "trailKmToSummit": "倉岳:1.78km",
    "related": "",
    "attributes": "",
    "status": "candidate",
    "accuracyM": 30,
    "needsReview": "名称未確認、公式情報または2情報源での確認が必要",
    "sources": "OpenStreetMap（© OpenStreetMap contributors, ODbL 1.0）Geofabrik japan-latest.osm.pbf 2026-09-23T20:22:04Z node/1292616296（登山道と道路の接続点）",
    "verifiedAt": ""
   }
  },
  {
   "type": "Feature",
   "geometry": {
    "type": "Point",
    "coordinates": [
     131.9793478,
     32.916117
    ]
   },
   "properties": {
    "id": "TH-n1292616766",
    "kind": "trailhead",
    "name": "（名称未確認）米水津中学校前バス停付近",
    "datum": "WGS84",
    "mountainIds": "872",
    "mountainNames": "元越山",
    "lists": "九州百名山",
    "routes": "",
    "entryType": "一般道との接続",
    "trailKmToSummit": "元越山:2.84km",
    "related": "BS-kP11-22-44-bs6745(108m) BS-kP11-22-44-bs6736(161m) BS-kP11-22-44-bs6727(651m)",
    "attributes": "",
    "status": "provisional",
    "accuracyM": 30,
    "needsReview": "名称未確認、公式情報または2情報源での確認が必要",
    "sources": "OpenStreetMap（© OpenStreetMap contributors, ODbL 1.0）Geofabrik japan-latest.osm.pbf 2026-09-23T20:22:04Z node/1292616766（登山道と道路の接続点）",
    "verifiedAt": ""
   }
  },
  {
   "type": "Feature",
   "geometry": {
    "type": "Point",
    "coordinates": [
     130.3294018,
     32.4263967
    ]
   },
   "properties": {
    "id": "TH-n1292655509",
    "kind": "trailhead",
    "name": "（名称未確認）",
    "datum": "WGS84",
    "mountainIds": "909",
    "mountainNames": "倉岳",
    "lists": "九州百名山",
    "routes": "OSM登山道「延命登山道」、OSM登山道「遠望・飛羅トレイル」",
    "entryType": "道路の終点付近",
    "trailKmToSummit": "倉岳:0.27km",
    "related": "PK-w1506802814(299m) PK-w1506802816(446m)",
    "attributes": "",
    "status": "provisional",
    "accuracyM": 30,
    "needsReview": "名称未確認、公式情報または2情報源での確認が必要",
    "sources": "OpenStreetMap（© OpenStreetMap contributors, ODbL 1.0）Geofabrik japan-latest.osm.pbf 2026-09-23T20:22:04Z node/1292655509（登山道と道路の接続点）",
    "verifiedAt": ""
   }
  },
  {
   "type": "Feature",
   "geometry": {
    "type": "Point",
    "coordinates": [
     131.9530624,
     32.9250677
    ]
   },
   "properties": {
    "id": "TH-n1292658712",
    "kind": "trailhead",
    "name": "（名称未確認）松浦越バス停付近",
    "datum": "WGS84",
    "mountainIds": "872",
    "mountainNames": "元越山",
    "lists": "九州百名山",
    "routes": "",
    "entryType": "一般道（県道以上）との接続",
    "trailKmToSummit": "元越山:3.3km",
    "related": "BS-kP11-22-44-bs6688(326m) BS-kP11-22-44-bs6688(326m) BS-n9129587250(712m)",
    "attributes": "",
    "status": "provisional",
    "accuracyM": 30,
    "needsReview": "名称未確認、公式情報または2情報源での確認が必要",
    "sources": "OpenStreetMap（© OpenStreetMap contributors, ODbL 1.0）Geofabrik japan-latest.osm.pbf 2026-09-23T20:22:04Z node/1292658712（登山道と道路の接続点）",
    "verifiedAt": ""
   }
  },
  {
   "type": "Feature",
   "geometry": {
    "type": "Point",
    "coordinates": [
     130.3199777,
     32.4263386
    ]
   },
   "properties": {
    "id": "TH-n1292665304",
    "kind": "trailhead",
    "name": "（名称未確認）",
    "datum": "WGS84",
    "mountainIds": "909",
    "mountainNames": "倉岳",
    "lists": "九州百名山",
    "routes": "",
    "entryType": "道路の終点付近",
    "trailKmToSummit": "倉岳:0.79km",
    "related": "PK-w1506802821(339m) PK-w1506802816(464m)",
    "attributes": "",
    "status": "provisional",
    "accuracyM": 30,
    "needsReview": "名称未確認、林道からの入口（マイカー進入可否を要確認）、公式情報または2情報源での確認が必要",
    "sources": "OpenStreetMap（© OpenStreetMap contributors, ODbL 1.0）Geofabrik japan-latest.osm.pbf 2026-09-23T20:22:04Z node/1292665304（登山道と道路の接続点）",
    "verifiedAt": ""
   }
  },
  {
   "type": "Feature",
   "geometry": {
    "type": "Point",
    "coordinates": [
     131.9622459,
     32.9201891
    ]
   },
   "properties": {
    "id": "TH-n1292680956",
    "kind": "trailhead",
    "name": "（名称未確認）木場バス停付近",
    "datum": "WGS84",
    "mountainIds": "872",
    "mountainNames": "元越山",
    "lists": "九州百名山",
    "routes": "",
    "entryType": "一般道（県道以上）との接続",
    "trailKmToSummit": "元越山:2.25km",
    "related": "BS-kP11-22-44-bs6720(986m)",
    "attributes": "",
    "status": "provisional",
    "accuracyM": 30,
    "needsReview": "名称未確認、公式情報または2情報源での確認が必要",
    "sources": "OpenStreetMap（© OpenStreetMap contributors, ODbL 1.0）Geofabrik japan-latest.osm.pbf 2026-09-23T20:22:04Z node/1292680956（登山道と道路の接続点）",
    "verifiedAt": ""
   }
  },
  {
   "type": "Feature",
   "geometry": {
    "type": "Point",
    "coordinates": [
     131.518195,
     32.78558
    ]
   },
   "properties": {
    "id": "TH-n1292702463",
    "kind": "trailhead",
    "name": "（名称未確認）",
    "datum": "WGS84",
    "mountainIds": "883 885 887",
    "mountainNames": "夏木山、五葉岳、鹿納山",
    "lists": "九州百名山",
    "routes": "",
    "entryType": "道路の終点付近",
    "trailKmToSummit": "夏木山:2.28km 五葉岳:5.02km 鹿納山:7.71km",
    "related": "",
    "attributes": "",
    "status": "candidate",
    "accuracyM": 30,
    "needsReview": "名称未確認、林道からの入口（マイカー進入可否を要確認）、公式情報または2情報源での確認が必要",
    "sources": "OpenStreetMap（© OpenStreetMap contributors, ODbL 1.0）Geofabrik japan-latest.osm.pbf 2026-09-23T20:22:04Z node/1292702463（登山道と道路の接続点）",
    "verifiedAt": ""
   }
  },
  {
   "type": "Feature",
   "geometry": {
    "type": "Point",
    "coordinates": [
     131.545424,
     32.783416
    ]
   },
   "properties": {
    "id": "TH-n1292711211",
    "kind": "trailhead",
    "name": "（名称未確認）藤河内渓谷第2駐車場付近",
    "datum": "WGS84",
    "mountainIds": "883 885 887 889",
    "mountainNames": "夏木山、五葉岳、鹿納山、大崩山",
    "lists": "九州百名山|日本二百名山|日本三百名山",
    "routes": "",
    "entryType": "一般道との接続",
    "trailKmToSummit": "夏木山:6.48km 五葉岳:8.54km 鹿納山:10.99km 大崩山:8.87km",
    "related": "PK-n1658400499(157m)",
    "attributes": "",
    "status": "provisional",
    "accuracyM": 30,
    "needsReview": "名称未確認、公式情報または2情報源での確認が必要",
    "sources": "OpenStreetMap（© OpenStreetMap contributors, ODbL 1.0）Geofabrik japan-latest.osm.pbf 2026-09-23T20:22:04Z node/1292711211（登山道と道路の接続点）",
    "verifiedAt": ""
   }
  },
  {
   "type": "Feature",
   "geometry": {
    "type": "Point",
    "coordinates": [
     130.3924255,
     32.4882142
    ]
   },
   "properties": {
    "id": "TH-n1294631347",
    "kind": "trailhead",
    "name": "（名称未確認）長尾バス停付近",
    "datum": "WGS84",
    "mountainIds": "906",
    "mountainNames": "次郎丸岳",
    "lists": "九州百名山",
    "routes": "",
    "entryType": "一般道（県道以上）との接続",
    "trailKmToSummit": "次郎丸岳:1.86km",
    "related": "BS-kP11-22-43-bs3850(103m) BS-kP11-22-43-bs3869(350m) BS-kP11-22-43-bs3891(850m)",
    "attributes": "",
    "status": "provisional",
    "accuracyM": 30,
    "needsReview": "名称未確認、近くの道路にゲートあり（車両通行止め・季節閉鎖の可能性）、公式情報または2情報源での確認が必要",
    "sources": "OpenStreetMap（© OpenStreetMap contributors, ODbL 1.0）Geofabrik japan-latest.osm.pbf 2026-09-23T20:22:04Z node/1294631347（登山道と道路の接続点）",
    "verifiedAt": ""
   }
  },
  {
   "type": "Feature",
   "geometry": {
    "type": "Point",
    "coordinates": [
     130.4176306,
     32.4847137
    ]
   },
   "properties": {
    "id": "TH-n1294659948",
    "kind": "trailhead",
    "name": "（名称未確認）今泉三差路バス停付近",
    "datum": "WGS84",
    "mountainIds": "906",
    "mountainNames": "次郎丸岳",
    "lists": "九州百名山",
    "routes": "",
    "entryType": "一般道との接続",
    "trailKmToSummit": "次郎丸岳:1.67km",
    "related": "BS-kP11-22-43-bs3833(900m)",
    "attributes": "",
    "status": "provisional",
    "accuracyM": 30,
    "needsReview": "名称未確認、公式情報または2情報源での確認が必要",
    "sources": "OpenStreetMap（© OpenStreetMap contributors, ODbL 1.0）Geofabrik japan-latest.osm.pbf 2026-09-23T20:22:04Z node/1294659948（登山道と道路の接続点）",
    "verifiedAt": ""
   }
  },
  {
   "type": "Feature",
   "geometry": {
    "type": "Point",
    "coordinates": [
     130.0944143,
     32.985152
    ]
   },
   "properties": {
    "id": "TH-n1297005766",
    "kind": "trailhead",
    "name": "（名称未確認）",
    "datum": "WGS84",
    "mountainIds": "868 869",
    "mountainNames": "経ガ岳、多良岳",
    "lists": "九州百名山|日本三百名山",
    "routes": "",
    "entryType": "一般道（県道以上）との接続",
    "trailKmToSummit": "経ガ岳:3.91km 多良岳:1.76km",
    "related": "PK-w1234092487(31m)",
    "attributes": "",
    "status": "provisional",
    "accuracyM": 30,
    "needsReview": "名称未確認、公式情報または2情報源での確認が必要",
    "sources": "OpenStreetMap（© OpenStreetMap contributors, ODbL 1.0）Geofabrik japan-latest.osm.pbf 2026-09-23T20:22:04Z node/1297005766（登山道と道路の接続点）",
    "verifiedAt": ""
   }
  },
  {
   "type": "Feature",
   "geometry": {
    "type": "Point",
    "coordinates": [
     130.0684197,
     32.9998105
    ]
   },
   "properties": {
    "id": "TH-n1298965761",
    "kind": "trailhead",
    "name": "（名称未確認）",
    "datum": "WGS84",
    "mountainIds": "868 869",
    "mountainNames": "経ガ岳、多良岳",
    "lists": "九州百名山|日本三百名山",
    "routes": "",
    "entryType": "道路の終点付近",
    "trailKmToSummit": "経ガ岳:1.96km 多良岳:4.3km",
    "related": "PK-w1306078548(493m)",
    "attributes": "",
    "status": "provisional",
    "accuracyM": 30,
    "needsReview": "名称未確認、林道からの入口（マイカー進入可否を要確認）、公式情報または2情報源での確認が必要",
    "sources": "OpenStreetMap（© OpenStreetMap contributors, ODbL 1.0）Geofabrik japan-latest.osm.pbf 2026-09-23T20:22:04Z node/1298965761（登山道と道路の接続点）",
    "verifiedAt": ""
   }
  },
  {
   "type": "Feature",
   "geometry": {
    "type": "Point",
    "coordinates": [
     130.0618129,
     32.9981839
    ]
   },
   "properties": {
    "id": "TH-n1298982872",
    "kind": "trailhead",
    "name": "（名称未確認）",
    "datum": "WGS84",
    "mountainIds": "868 869",
    "mountainNames": "経ガ岳、多良岳",
    "lists": "九州百名山|日本三百名山",
    "routes": "",
    "entryType": "一般道との接続",
    "trailKmToSummit": "経ガ岳:2.47km 多良岳:4.82km",
    "related": "PK-w1306078548(198m) PK-w1387992105(472m)",
    "attributes": "",
    "status": "provisional",
    "accuracyM": 30,
    "needsReview": "名称未確認、登山道が道路を横断する地点（途中の入口の可能性）、公式情報または2情報源での確認が必要",
    "sources": "OpenStreetMap（© OpenStreetMap contributors, ODbL 1.0）Geofabrik japan-latest.osm.pbf 2026-09-23T20:22:04Z node/1298982872（登山道と道路の接続点）",
    "verifiedAt": ""
   }
  },
  {
   "type": "Feature",
   "geometry": {
    "type": "Point",
    "coordinates": [
     131.4474941,
     32.852151
    ]
   },
   "properties": {
    "id": "TH-n1299016693",
    "kind": "trailhead",
    "name": "九折（傾山登山口）",
    "datum": "WGS84",
    "mountainIds": "879",
    "mountainNames": "傾山",
    "lists": "日本三百名山|九州百名山",
    "routes": "",
    "entryType": "一般道との接続",
    "trailKmToSummit": "傾山:5.13km",
    "related": "",
    "attributes": "",
    "status": "adopted",
    "accuracyM": 15,
    "needsReview": "九折は傾山の登山口、国土地理院の地名「九折川」とOSMの登山道の接続点の位置が一致（独立した2情報源）",
    "sources": "OpenStreetMap（© OpenStreetMap contributors, ODbL 1.0）Geofabrik japan-latest.osm.pbf 2026-09-23T20:22:04Z node/1299016693（登山道と道路の接続点） ｜ 国土地理院 地名検索「九折川」（32.852569, 131.447969、JGD2011、64m差）2026-09-20確認",
    "verifiedAt": "2026-09-20"
   }
  },
  {
   "type": "Feature",
   "geometry": {
    "type": "Point",
    "coordinates": [
     131.426755,
     32.868105
    ]
   },
   "properties": {
    "id": "TH-n1299043704",
    "kind": "trailhead",
    "name": "（名称未確認）傾山登山口バス停付近",
    "datum": "WGS84",
    "mountainIds": "877",
    "mountainNames": "大障子",
    "lists": "九州百名山",
    "routes": "",
    "entryType": "一般道との接続",
    "trailKmToSummit": "大障子:5.34km",
    "related": "BS-kP11-22-44-bs6842(354m) BS-kP11-22-44-bs6850(676m)",
    "attributes": "",
    "status": "provisional",
    "accuracyM": 30,
    "needsReview": "名称未確認、公式情報または2情報源での確認が必要",
    "sources": "OpenStreetMap（© OpenStreetMap contributors, ODbL 1.0）Geofabrik japan-latest.osm.pbf 2026-09-23T20:22:04Z node/1299043704（登山道と道路の接続点）",
    "verifiedAt": ""
   }
  },
  {
   "type": "Feature",
   "geometry": {
    "type": "Point",
    "coordinates": [
     131.505664,
     32.857738
    ]
   },
   "properties": {
    "id": "TH-n1299109310",
    "kind": "trailhead",
    "name": "（名称未確認）",
    "datum": "WGS84",
    "mountainIds": "879",
    "mountainNames": "傾山",
    "lists": "日本三百名山|九州百名山",
    "routes": "",
    "entryType": "一般道との接続",
    "trailKmToSummit": "傾山:4.3km",
    "related": "",
    "attributes": "",
    "status": "candidate",
    "accuracyM": 30,
    "needsReview": "名称未確認、公式情報または2情報源での確認が必要",
    "sources": "OpenStreetMap（© OpenStreetMap contributors, ODbL 1.0）Geofabrik japan-latest.osm.pbf 2026-09-23T20:22:04Z node/1299109310（登山道と道路の接続点）",
    "verifiedAt": ""
   }
  },
  {
   "type": "Feature",
   "geometry": {
    "type": "Point",
    "coordinates": [
     131.0252329,
     33.504307
    ]
   },
   "properties": {
    "id": "TH-n1299211926",
    "kind": "trailhead",
    "name": "（名称未確認）相の原バス停付近",
    "datum": "WGS84",
    "mountainIds": "828",
    "mountainNames": "犬ガ岳",
    "lists": "九州百名山",
    "routes": "",
    "entryType": "一般道との接続",
    "trailKmToSummit": "犬ガ岳:3.78km",
    "related": "BS-kP11-22-44-bs1188(598m) BS-kP11-22-44-bs1189(598m)",
    "attributes": "",
    "status": "provisional",
    "accuracyM": 30,
    "needsReview": "名称未確認、公式情報または2情報源での確認が必要",
    "sources": "OpenStreetMap（© OpenStreetMap contributors, ODbL 1.0）Geofabrik japan-latest.osm.pbf 2026-09-23T20:22:04Z node/1299211926（登山道と道路の接続点）",
    "verifiedAt": ""
   }
  },
  {
   "type": "Feature",
   "geometry": {
    "type": "Point",
    "coordinates": [
     131.0399517,
     33.5002457
    ]
   },
   "properties": {
    "id": "TH-n1299215025",
    "kind": "trailhead",
    "name": "（名称未確認）森の木バス停付近",
    "datum": "WGS84",
    "mountainIds": "828",
    "mountainNames": "犬ガ岳",
    "lists": "九州百名山",
    "routes": "",
    "entryType": "一般道（県道以上）との接続",
    "trailKmToSummit": "犬ガ岳:5.08km",
    "related": "BS-kP11-22-44-bs1181(88m) BS-kP11-22-44-bs1182(88m) BS-kP11-22-44-bs1186(176m)",
    "attributes": "",
    "status": "provisional",
    "accuracyM": 30,
    "needsReview": "名称未確認、公式情報または2情報源での確認が必要",
    "sources": "OpenStreetMap（© OpenStreetMap contributors, ODbL 1.0）Geofabrik japan-latest.osm.pbf 2026-09-23T20:22:04Z node/1299215025（登山道と道路の接続点）",
    "verifiedAt": ""
   }
  },
  {
   "type": "Feature",
   "geometry": {
    "type": "Point",
    "coordinates": [
     131.239588,
     33.442773
    ]
   },
   "properties": {
    "id": "TH-n1299215174",
    "kind": "trailhead",
    "name": "（名称未確認）",
    "datum": "WGS84",
    "mountainIds": "842",
    "mountainNames": "鹿嵐山",
    "lists": "九州百名山",
    "routes": "",
    "entryType": "一般道との接続",
    "trailKmToSummit": "鹿嵐山:2.19km",
    "related": "",
    "attributes": "",
    "status": "candidate",
    "accuracyM": 30,
    "needsReview": "名称未確認、公式情報または2情報源での確認が必要",
    "sources": "OpenStreetMap（© OpenStreetMap contributors, ODbL 1.0）Geofabrik japan-latest.osm.pbf 2026-09-23T20:22:04Z node/1299215174（登山道と道路の接続点）",
    "verifiedAt": ""
   }
  },
  {
   "type": "Feature",
   "geometry": {
    "type": "Point",
    "coordinates": [
     131.253786,
     33.441936
    ]
   },
   "properties": {
    "id": "TH-n1301371344",
    "kind": "trailhead",
    "name": "（名称未確認）小野川内田平バス停付近",
    "datum": "WGS84",
    "mountainIds": "842",
    "mountainNames": "鹿嵐山",
    "lists": "九州百名山",
    "routes": "",
    "entryType": "一般道（県道以上）との接続",
    "trailKmToSummit": "鹿嵐山:2.0km",
    "related": "BS-kP11-22-44-bs1772(527m)",
    "attributes": "",
    "status": "provisional",
    "accuracyM": 30,
    "needsReview": "名称未確認、公式情報または2情報源での確認が必要",
    "sources": "OpenStreetMap（© OpenStreetMap contributors, ODbL 1.0）Geofabrik japan-latest.osm.pbf 2026-09-23T20:22:04Z node/1301371344（登山道と道路の接続点）",
    "verifiedAt": ""
   }
  },
  {
   "type": "Feature",
   "geometry": {
    "type": "Point",
    "coordinates": [
     131.2527399,
     33.453733
    ]
   },
   "properties": {
    "id": "TH-n1301389970",
    "kind": "trailhead",
    "name": "（名称未確認）仙人入口バス停付近",
    "datum": "WGS84",
    "mountainIds": "842",
    "mountainNames": "鹿嵐山",
    "lists": "九州百名山",
    "routes": "",
    "entryType": "一般道（県道以上）との接続",
    "trailKmToSummit": "鹿嵐山:2.83km",
    "related": "BS-kP11-22-44-bs1634(826m)",
    "attributes": "",
    "status": "provisional",
    "accuracyM": 30,
    "needsReview": "名称未確認、登山道が道路を横断する地点（途中の入口の可能性）、公式情報または2情報源での確認が必要",
    "sources": "OpenStreetMap（© OpenStreetMap contributors, ODbL 1.0）Geofabrik japan-latest.osm.pbf 2026-09-23T20:22:04Z node/1301389970（登山道と道路の接続点）",
    "verifiedAt": ""
   }
  },
  {
   "type": "Feature",
   "geometry": {
    "type": "Point",
    "coordinates": [
     130.87896,
     33.200812
    ]
   },
   "properties": {
    "id": "TH-n1301549225",
    "kind": "trailhead",
    "name": "（名称未確認）",
    "datum": "WGS84",
    "mountainIds": "855",
    "mountainNames": "釈迦ガ岳",
    "lists": "九州百名山",
    "routes": "",
    "entryType": "一般道との接続",
    "trailKmToSummit": "釈迦ガ岳:3.08km",
    "related": "",
    "attributes": "",
    "status": "candidate",
    "accuracyM": 30,
    "needsReview": "名称未確認、公式情報または2情報源での確認が必要",
    "sources": "OpenStreetMap（© OpenStreetMap contributors, ODbL 1.0）Geofabrik japan-latest.osm.pbf 2026-09-23T20:22:04Z node/1301549225（登山道と道路の接続点）",
    "verifiedAt": ""
   }
  },
  {
   "type": "Feature",
   "geometry": {
    "type": "Point",
    "coordinates": [
     130.889198,
     33.187213
    ]
   },
   "properties": {
    "id": "TH-n1301611488",
    "kind": "trailhead",
    "name": "（名称未確認）",
    "datum": "WGS84",
    "mountainIds": "855",
    "mountainNames": "釈迦ガ岳",
    "lists": "九州百名山",
    "routes": "",
    "entryType": "一般道との接続",
    "trailKmToSummit": "釈迦ガ岳:0.21km",
    "related": "",
    "attributes": "",
    "status": "candidate",
    "accuracyM": 30,
    "needsReview": "名称未確認、公式情報または2情報源での確認が必要",
    "sources": "OpenStreetMap（© OpenStreetMap contributors, ODbL 1.0）Geofabrik japan-latest.osm.pbf 2026-09-23T20:22:04Z node/1301611488（登山道と道路の接続点）",
    "verifiedAt": ""
   }
  },
  {
   "type": "Feature",
   "geometry": {
    "type": "Point",
    "coordinates": [
     131.261263,
     33.099444
    ]
   },
   "properties": {
    "id": "TH-n1306313847",
    "kind": "trailhead",
    "name": "Bokketsuru Camping Ground",
    "datum": "WGS84",
    "mountainIds": "861 862 863 865",
    "mountainNames": "黒岳、三俣山、大船山、九重山",
    "lists": "九州百名山|日本三百名山|日本百名山|日本二百名山",
    "routes": "OSM登山道「南峰直登コース」",
    "entryType": "施設（山小屋・宿・キャンプ場）からの入口",
    "trailKmToSummit": "黒岳:5.87km 三俣山:1.32km 大船山:2.54km 九重山:4.34km",
    "related": "",
    "attributes": "",
    "status": "provisional",
    "accuracyM": 15,
    "needsReview": "公式情報または2情報源での確認が必要",
    "sources": "OpenStreetMap（© OpenStreetMap contributors, ODbL 1.0）Geofabrik japan-latest.osm.pbf 2026-09-23T20:22:04Z node/1306313847",
    "verifiedAt": ""
   }
  },
  {
   "type": "Feature",
   "geometry": {
    "type": "Point",
    "coordinates": [
     131.3690603,
     33.26894
    ]
   },
   "properties": {
    "id": "TH-n1307439394",
    "kind": "trailhead",
    "name": "（名称未確認）下ん湯付近",
    "datum": "WGS84",
    "mountainIds": "849",
    "mountainNames": "由布岳",
    "lists": "日本二百名山|日本三百名山|九州百名山",
    "routes": "",
    "entryType": "一般道（県道以上）との接続",
    "trailKmToSummit": "由布岳:4.22km",
    "related": "PK-w1079120458(145m) PK-n5510227221(191m) PK-w188180679(194m) BS-kP11-22-44-bs3487(216m) BS-kP11-22-44-bs3474(628m) BS-kP11-22-44-bs3474(628m)",
    "attributes": "",
    "status": "provisional",
    "accuracyM": 30,
    "needsReview": "名称未確認、公式情報または2情報源での確認が必要",
    "sources": "OpenStreetMap（© OpenStreetMap contributors, ODbL 1.0）Geofabrik japan-latest.osm.pbf 2026-09-23T20:22:04Z node/1307439394（登山道と道路の接続点）",
    "verifiedAt": ""
   }
  },
  {
   "type": "Feature",
   "geometry": {
    "type": "Point",
    "coordinates": [
     131.4107549,
     33.2855824
    ]
   },
   "properties": {
    "id": "TH-n1307462353",
    "kind": "trailhead",
    "name": "（名称未確認）",
    "datum": "WGS84",
    "mountainIds": "849",
    "mountainNames": "由布岳",
    "lists": "日本二百名山|日本三百名山|九州百名山",
    "routes": "",
    "entryType": "一般道（県道以上）との接続",
    "trailKmToSummit": "由布岳:2.67km",
    "related": "",
    "attributes": "",
    "status": "candidate",
    "accuracyM": 30,
    "needsReview": "名称未確認、公式情報または2情報源での確認が必要",
    "sources": "OpenStreetMap（© OpenStreetMap contributors, ODbL 1.0）Geofabrik japan-latest.osm.pbf 2026-09-23T20:22:04Z node/1307462353（登山道と道路の接続点）",
    "verifiedAt": ""
   }
  },
  {
   "type": "Feature",
   "geometry": {
    "type": "Point",
    "coordinates": [
     131.2928834,
     33.1249945
    ]
   },
   "properties": {
    "id": "TH-n1307462749",
    "kind": "trailhead",
    "name": "（名称未確認）",
    "datum": "WGS84",
    "mountainIds": "861 862 863 865",
    "mountainNames": "黒岳、三俣山、大船山、九重山",
    "lists": "九州百名山|日本三百名山|日本百名山|日本二百名山",
    "routes": "",
    "entryType": "一般道（県道以上）との接続",
    "trailKmToSummit": "黒岳:5.33km 三俣山:6.39km 大船山:4.9km 九重山:9.41km",
    "related": "PK-w181699025(113m) PK-w181699026(206m)",
    "attributes": "",
    "status": "provisional",
    "accuracyM": 30,
    "needsReview": "名称未確認、公式情報または2情報源での確認が必要",
    "sources": "OpenStreetMap（© OpenStreetMap contributors, ODbL 1.0）Geofabrik japan-latest.osm.pbf 2026-09-23T20:22:04Z node/1307462749（登山道と道路の接続点）",
    "verifiedAt": ""
   }
  },
  {
   "type": "Feature",
   "geometry": {
    "type": "Point",
    "coordinates": [
     131.2988544,
     33.126057
    ]
   },
   "properties": {
    "id": "TH-n1307466695",
    "kind": "trailhead",
    "name": "（名称未確認）",
    "datum": "WGS84",
    "mountainIds": "861 862",
    "mountainNames": "黒岳、三俣山",
    "lists": "九州百名山",
    "routes": "",
    "entryType": "一般道（県道以上）との接続",
    "trailKmToSummit": "黒岳:5.83km 三俣山:6.9km",
    "related": "PK-w181699026(365m) PK-w181699025(458m)",
    "attributes": "",
    "status": "provisional",
    "accuracyM": 30,
    "needsReview": "名称未確認、公式情報または2情報源での確認が必要",
    "sources": "OpenStreetMap（© OpenStreetMap contributors, ODbL 1.0）Geofabrik japan-latest.osm.pbf 2026-09-23T20:22:04Z node/1307466695（登山道と道路の接続点）",
    "verifiedAt": ""
   }
  },
  {
   "type": "Feature",
   "geometry": {
    "type": "Point",
    "coordinates": [
     131.140661,
     33.226838
    ]
   },
   "properties": {
    "id": "TH-n1308422349",
    "kind": "trailhead",
    "name": "（名称未確認）",
    "datum": "WGS84",
    "mountainIds": "850",
    "mountainNames": "万年山",
    "lists": "九州百名山",
    "routes": "",
    "entryType": "一般道との接続",
    "trailKmToSummit": "万年山:1.63km",
    "related": "",
    "attributes": "",
    "status": "candidate",
    "accuracyM": 30,
    "needsReview": "名称未確認、公式情報または2情報源での確認が必要",
    "sources": "OpenStreetMap（© OpenStreetMap contributors, ODbL 1.0）Geofabrik japan-latest.osm.pbf 2026-09-23T20:22:04Z node/1308422349（登山道と道路の接続点）",
    "verifiedAt": ""
   }
  },
  {
   "type": "Feature",
   "geometry": {
    "type": "Point",
    "coordinates": [
     131.2082747,
     33.096414
    ]
   },
   "properties": {
    "id": "TH-n1308423597",
    "kind": "trailhead",
    "name": "牧ノ戸峠",
    "datum": "WGS84",
    "mountainIds": "861 862 863 865",
    "mountainNames": "黒岳、三俣山、大船山、九重山",
    "lists": "九州百名山|日本三百名山|日本百名山|日本二百名山",
    "routes": "牧ノ戸峠コース",
    "entryType": "登山口（OSMの登山口地物）",
    "trailKmToSummit": "黒岳:12.93km 三俣山:6.32km 大船山:9.25km 九重山:4.2km",
    "related": "PK-w181689270(63m) BS-kP11-22-44-bs5197(16m) BS-n4817665083(113m)",
    "attributes": "",
    "status": "adopted",
    "accuracyM": 15,
    "needsReview": "",
    "sources": "OpenStreetMap（© OpenStreetMap contributors, ODbL 1.0）Geofabrik japan-latest.osm.pbf 2026-09-23T20:22:04Z node/1308423597 ｜ 国土地理院 地名検索「牧ノ戸峠」（33.096510, 131.208322、JGD2011、11m差）2026-09-24確認",
    "verifiedAt": "2026-09-24"
   }
  },
  {
   "type": "Feature",
   "geometry": {
    "type": "Point",
    "coordinates": [
     131.17328,
     33.1490409
    ]
   },
   "properties": {
    "id": "TH-n1308442789",
    "kind": "trailhead",
    "name": "（名称未確認）",
    "datum": "WGS84",
    "mountainIds": "859",
    "mountainNames": "涌蓋山",
    "lists": "日本三百名山|九州百名山",
    "routes": "",
    "entryType": "一般道との接続",
    "trailKmToSummit": "涌蓋山:1.69km",
    "related": "",
    "attributes": "",
    "status": "candidate",
    "accuracyM": 30,
    "needsReview": "名称未確認、公式情報または2情報源での確認が必要",
    "sources": "OpenStreetMap（© OpenStreetMap contributors, ODbL 1.0）Geofabrik japan-latest.osm.pbf 2026-09-23T20:22:04Z node/1308442789（登山道と道路の接続点）",
    "verifiedAt": ""
   }
  },
  {
   "type": "Feature",
   "geometry": {
    "type": "Point",
    "coordinates": [
     131.1696734,
     33.1431444
    ]
   },
   "properties": {
    "id": "TH-n1308445304",
    "kind": "trailhead",
    "name": "（名称未確認）",
    "datum": "WGS84",
    "mountainIds": "859",
    "mountainNames": "涌蓋山",
    "lists": "日本三百名山|九州百名山",
    "routes": "",
    "entryType": "林道との接続",
    "trailKmToSummit": "涌蓋山:0.92km",
    "related": "",
    "attributes": "",
    "status": "candidate",
    "accuracyM": 30,
    "needsReview": "名称未確認、林道からの入口（マイカー進入可否を要確認）、公式情報または2情報源での確認が必要",
    "sources": "OpenStreetMap（© OpenStreetMap contributors, ODbL 1.0）Geofabrik japan-latest.osm.pbf 2026-09-23T20:22:04Z node/1308445304（登山道と道路の接続点）",
    "verifiedAt": ""
   }
  },
  {
   "type": "Feature",
   "geometry": {
    "type": "Point",
    "coordinates": [
     131.145467,
     33.223885
    ]
   },
   "properties": {
    "id": "TH-n1308456793",
    "kind": "trailhead",
    "name": "（名称未確認）",
    "datum": "WGS84",
    "mountainIds": "850",
    "mountainNames": "万年山",
    "lists": "九州百名山",
    "routes": "",
    "entryType": "一般道との接続",
    "trailKmToSummit": "万年山:2.11km",
    "related": "",
    "attributes": "",
    "status": "candidate",
    "accuracyM": 30,
    "needsReview": "名称未確認、公式情報または2情報源での確認が必要",
    "sources": "OpenStreetMap（© OpenStreetMap contributors, ODbL 1.0）Geofabrik japan-latest.osm.pbf 2026-09-23T20:22:04Z node/1308456793（登山道と道路の接続点）",
    "verifiedAt": ""
   }
  },
  {
   "type": "Feature",
   "geometry": {
    "type": "Point",
    "coordinates": [
     131.13255,
     33.217243
    ]
   },
   "properties": {
    "id": "TH-n1308462267",
    "kind": "trailhead",
    "name": "（名称未確認）",
    "datum": "WGS84",
    "mountainIds": "850",
    "mountainNames": "万年山",
    "lists": "九州百名山",
    "routes": "",
    "entryType": "一般道との接続",
    "trailKmToSummit": "万年山:1.67km",
    "related": "",
    "attributes": "",
    "status": "candidate",
    "accuracyM": 30,
    "needsReview": "名称未確認、公式情報または2情報源での確認が必要",
    "sources": "OpenStreetMap（© OpenStreetMap contributors, ODbL 1.0）Geofabrik japan-latest.osm.pbf 2026-09-23T20:22:04Z node/1308462267（登山道と道路の接続点）",
    "verifiedAt": ""
   }
  },
  {
   "type": "Feature",
   "geometry": {
    "type": "Point",
    "coordinates": [
     131.4467249,
     33.5055247
    ]
   },
   "properties": {
    "id": "TH-n1308739145",
    "kind": "trailhead",
    "name": "（名称未確認）仏供バス停付近",
    "datum": "WGS84",
    "mountainIds": "827",
    "mountainNames": "津波戸山",
    "lists": "九州百名山",
    "routes": "",
    "entryType": "一般道との接続",
    "trailKmToSummit": "津波戸山:1.3km",
    "related": "BS-kP11-22-44-bs1170(642m) BS-kP11-22-44-bs1167(735m)",
    "attributes": "",
    "status": "provisional",
    "accuracyM": 30,
    "needsReview": "名称未確認、公式情報または2情報源での確認が必要",
    "sources": "OpenStreetMap（© OpenStreetMap contributors, ODbL 1.0）Geofabrik japan-latest.osm.pbf 2026-09-23T20:22:04Z node/1308739145（登山道と道路の接続点）",
    "verifiedAt": ""
   }
  },
  {
   "type": "Feature",
   "geometry": {
    "type": "Point",
    "coordinates": [
     130.9030043,
     32.558126
    ]
   },
   "properties": {
    "id": "TH-n13317805243",
    "kind": "trailhead",
    "name": "（名称未確認）",
    "datum": "WGS84",
    "mountainIds": "903",
    "mountainNames": "大金峰",
    "lists": "九州百名山",
    "routes": "",
    "entryType": "一般道との接続",
    "trailKmToSummit": "大金峰:2.2km",
    "related": "",
    "attributes": "",
    "status": "candidate",
    "accuracyM": 30,
    "needsReview": "名称未確認、公式情報または2情報源での確認が必要",
    "sources": "OpenStreetMap（© OpenStreetMap contributors, ODbL 1.0）Geofabrik japan-latest.osm.pbf 2026-09-23T20:22:04Z node/13317805243（登山道と道路の接続点）",
    "verifiedAt": ""
   }
  },
  {
   "type": "Feature",
   "geometry": {
    "type": "Point",
    "coordinates": [
     130.2697101,
     32.7863595
    ]
   },
   "properties": {
    "id": "TH-n1331911161",
    "kind": "trailhead",
    "name": "（名称未確認）",
    "datum": "WGS84",
    "mountainIds": "884",
    "mountainNames": "九千部岳",
    "lists": "九州百名山",
    "routes": "",
    "entryType": "一般道（県道以上）との接続",
    "trailKmToSummit": "九千部岳:2.12km",
    "related": "PK-n2160627633(298m)",
    "attributes": "",
    "status": "provisional",
    "accuracyM": 30,
    "needsReview": "名称未確認、公式情報または2情報源での確認が必要",
    "sources": "OpenStreetMap（© OpenStreetMap contributors, ODbL 1.0）Geofabrik japan-latest.osm.pbf 2026-09-23T20:22:04Z node/1331911161（登山道と道路の接続点）",
    "verifiedAt": ""
   }
  },
  {
   "type": "Feature",
   "geometry": {
    "type": "Point",
    "coordinates": [
     130.2714899,
     32.7665438
    ]
   },
   "properties": {
    "id": "TH-n1331913577",
    "kind": "trailhead",
    "name": "（名称未確認）",
    "datum": "WGS84",
    "mountainIds": "884",
    "mountainNames": "九千部岳",
    "lists": "九州百名山",
    "routes": "",
    "entryType": "一般道（県道以上）との接続",
    "trailKmToSummit": "九千部岳:1.82km",
    "related": "",
    "attributes": "",
    "status": "candidate",
    "accuracyM": 30,
    "needsReview": "名称未確認、公式情報または2情報源での確認が必要",
    "sources": "OpenStreetMap（© OpenStreetMap contributors, ODbL 1.0）Geofabrik japan-latest.osm.pbf 2026-09-23T20:22:04Z node/1331913577（登山道と道路の接続点）",
    "verifiedAt": ""
   }
  },
  {
   "type": "Feature",
   "geometry": {
    "type": "Point",
    "coordinates": [
     130.2754667,
     32.762949
    ]
   },
   "properties": {
    "id": "TH-n1331939699",
    "kind": "trailhead",
    "name": "（名称未確認）国見岳・妙見岳登山口 駐車場付近",
    "datum": "WGS84",
    "mountainIds": "886",
    "mountainNames": "雲仙岳",
    "lists": "日本二百名山|日本三百名山|九州百名山",
    "routes": "",
    "entryType": "一般道との接続",
    "trailKmToSummit": "雲仙岳:2.01km",
    "related": "PK-w642067710(19m)",
    "attributes": "",
    "status": "provisional",
    "accuracyM": 30,
    "needsReview": "名称未確認、公式情報または2情報源での確認が必要",
    "sources": "OpenStreetMap（© OpenStreetMap contributors, ODbL 1.0）Geofabrik japan-latest.osm.pbf 2026-09-23T20:22:04Z node/1331939699（登山道と道路の接続点）",
    "verifiedAt": ""
   }
  },
  {
   "type": "Feature",
   "geometry": {
    "type": "Point",
    "coordinates": [
     130.8686559,
     33.18798
    ]
   },
   "properties": {
    "id": "TH-n1335238135",
    "kind": "trailhead",
    "name": "（名称未確認）",
    "datum": "WGS84",
    "mountainIds": "855",
    "mountainNames": "釈迦ガ岳",
    "lists": "九州百名山",
    "routes": "",
    "entryType": "一般道との接続",
    "trailKmToSummit": "釈迦ガ岳:2.22km",
    "related": "",
    "attributes": "",
    "status": "candidate",
    "accuracyM": 30,
    "needsReview": "名称未確認、登山道が道路を横断する地点（途中の入口の可能性）、公式情報または2情報源での確認が必要",
    "sources": "OpenStreetMap（© OpenStreetMap contributors, ODbL 1.0）Geofabrik japan-latest.osm.pbf 2026-09-23T20:22:04Z node/1335238135（登山道と道路の接続点）",
    "verifiedAt": ""
   }
  },
  {
   "type": "Feature",
   "geometry": {
    "type": "Point",
    "coordinates": [
     130.0766487,
     32.9579043
    ]
   },
   "properties": {
    "id": "TH-n1342876423",
    "kind": "trailhead",
    "name": "（名称未確認）",
    "datum": "WGS84",
    "mountainIds": "868 869",
    "mountainNames": "経ガ岳、多良岳",
    "lists": "九州百名山|日本三百名山",
    "routes": "",
    "entryType": "一般道（県道以上）との接続",
    "trailKmToSummit": "経ガ岳:4.37km 多良岳:3.05km",
    "related": "PK-w999071944(11m)",
    "attributes": "",
    "status": "provisional",
    "accuracyM": 30,
    "needsReview": "名称未確認、登山道が道路を横断する地点（途中の入口の可能性）、公式情報または2情報源での確認が必要",
    "sources": "OpenStreetMap（© OpenStreetMap contributors, ODbL 1.0）Geofabrik japan-latest.osm.pbf 2026-09-23T20:22:04Z node/1342876423（登山道と道路の接続点）",
    "verifiedAt": ""
   }
  },
  {
   "type": "Feature",
   "geometry": {
    "type": "Point",
    "coordinates": [
     130.0844326,
     32.9585918
    ]
   },
   "properties": {
    "id": "TH-n1342889184",
    "kind": "trailhead",
    "name": "（名称未確認）",
    "datum": "WGS84",
    "mountainIds": "868 869",
    "mountainNames": "経ガ岳、多良岳",
    "lists": "九州百名山|日本三百名山",
    "routes": "",
    "entryType": "一般道との接続",
    "trailKmToSummit": "経ガ岳:4.69km 多良岳:3.36km",
    "related": "PK-w540105707(494m)",
    "attributes": "",
    "status": "provisional",
    "accuracyM": 30,
    "needsReview": "名称未確認、公式情報または2情報源での確認が必要",
    "sources": "OpenStreetMap（© OpenStreetMap contributors, ODbL 1.0）Geofabrik japan-latest.osm.pbf 2026-09-23T20:22:04Z node/1342889184（登山道と道路の接続点）",
    "verifiedAt": ""
   }
  },
  {
   "type": "Feature",
   "geometry": {
    "type": "Point",
    "coordinates": [
     130.057013,
     32.9775285
    ]
   },
   "properties": {
    "id": "TH-n1344057897",
    "kind": "trailhead",
    "name": "黒木（多良岳・経ヶ岳登山口）",
    "datum": "WGS84",
    "mountainIds": "868 869",
    "mountainNames": "経ガ岳、多良岳",
    "lists": "九州百名山|日本三百名山",
    "routes": "",
    "entryType": "一般道（県道以上）との接続",
    "trailKmToSummit": "経ガ岳:2.48km 多良岳:4.87km",
    "related": "PK-n1752057906(133m) BS-kP11-22-42-bs2490(59m) BS-kP11-22-42-bs2490(59m) BS-kP11-22-42-bs2490(59m)",
    "attributes": "",
    "status": "adopted",
    "accuracyM": 15,
    "needsReview": "黒木は多良岳・経ヶ岳の登山口、国土地理院の地名とOSMの登山道の接続点の位置が一致（独立した2情報源）",
    "sources": "OpenStreetMap（© OpenStreetMap contributors, ODbL 1.0）Geofabrik japan-latest.osm.pbf 2026-09-23T20:22:04Z node/1344057897（登山道と道路の接続点） ｜ 国土地理院 地名検索「黒木」（32.976875, 130.057747、JGD2011、100m差）2026-09-20確認",
    "verifiedAt": "2026-09-20"
   }
  },
  {
   "type": "Feature",
   "geometry": {
    "type": "Point",
    "coordinates": [
     130.9621448,
     33.4967155
    ]
   },
   "properties": {
    "id": "TH-n1368617809",
    "kind": "trailhead",
    "name": "（名称未確認）",
    "datum": "WGS84",
    "mountainIds": "828",
    "mountainNames": "犬ガ岳",
    "lists": "九州百名山",
    "routes": "",
    "entryType": "一般道（県道以上）との接続",
    "trailKmToSummit": "犬ガ岳:4.81km",
    "related": "",
    "attributes": "",
    "status": "candidate",
    "accuracyM": 30,
    "needsReview": "名称未確認、公式情報または2情報源での確認が必要",
    "sources": "OpenStreetMap（© OpenStreetMap contributors, ODbL 1.0）Geofabrik japan-latest.osm.pbf 2026-09-23T20:22:04Z node/1368617809（登山道と道路の接続点）",
    "verifiedAt": ""
   }
  },
  {
   "type": "Feature",
   "geometry": {
    "type": "Point",
    "coordinates": [
     130.8829388,
     31.1374807
    ]
   },
   "properties": {
    "id": "TH-n1381338414",
    "kind": "trailhead",
    "name": "（名称未確認）",
    "datum": "WGS84",
    "mountainIds": "932",
    "mountainNames": "稲尾岳",
    "lists": "九州百名山",
    "routes": "",
    "entryType": "道路の終点付近",
    "trailKmToSummit": "稲尾岳:1.77km",
    "related": "",
    "attributes": "",
    "status": "candidate",
    "accuracyM": 30,
    "needsReview": "名称未確認、林道からの入口（マイカー進入可否を要確認）、公式情報または2情報源での確認が必要",
    "sources": "OpenStreetMap（© OpenStreetMap contributors, ODbL 1.0）Geofabrik japan-latest.osm.pbf 2026-09-23T20:22:04Z node/1381338414（登山道と道路の接続点）",
    "verifiedAt": ""
   }
  },
  {
   "type": "Feature",
   "geometry": {
    "type": "Point",
    "coordinates": [
     130.784145,
     31.488538
    ]
   },
   "properties": {
    "id": "TH-n1381403428",
    "kind": "trailhead",
    "name": "（名称未確認）",
    "datum": "WGS84",
    "mountainIds": "927",
    "mountainNames": "大箆柄岳",
    "lists": "日本三百名山|九州百名山",
    "routes": "",
    "entryType": "一般道との接続",
    "trailKmToSummit": "大箆柄岳:5.25km",
    "related": "",
    "attributes": "",
    "status": "candidate",
    "accuracyM": 30,
    "needsReview": "名称未確認、公式情報または2情報源での確認が必要",
    "sources": "OpenStreetMap（© OpenStreetMap contributors, ODbL 1.0）Geofabrik japan-latest.osm.pbf 2026-09-23T20:22:04Z node/1381403428（登山道と道路の接続点）",
    "verifiedAt": ""
   }
  },
  {
   "type": "Feature",
   "geometry": {
    "type": "Point",
    "coordinates": [
     130.784179,
     31.499995
    ]
   },
   "properties": {
    "id": "TH-n1381408701",
    "kind": "trailhead",
    "name": "（名称未確認）",
    "datum": "WGS84",
    "mountainIds": "927",
    "mountainNames": "大箆柄岳",
    "lists": "日本三百名山|九州百名山",
    "routes": "",
    "entryType": "一般道との接続",
    "trailKmToSummit": "大箆柄岳:4.76km",
    "related": "",
    "attributes": "",
    "status": "candidate",
    "accuracyM": 30,
    "needsReview": "名称未確認、公式情報または2情報源での確認が必要",
    "sources": "OpenStreetMap（© OpenStreetMap contributors, ODbL 1.0）Geofabrik japan-latest.osm.pbf 2026-09-23T20:22:04Z node/1381408701（登山道と道路の接続点）",
    "verifiedAt": ""
   }
  },
  {
   "type": "Feature",
   "geometry": {
    "type": "Point",
    "coordinates": [
     130.819355,
     31.450844
    ]
   },
   "properties": {
    "id": "TH-n1382470311",
    "kind": "trailhead",
    "name": "（名称未確認）",
    "datum": "WGS84",
    "mountainIds": "927",
    "mountainNames": "大箆柄岳",
    "lists": "日本三百名山|九州百名山",
    "routes": "",
    "entryType": "一般道との接続",
    "trailKmToSummit": "大箆柄岳:5.08km",
    "related": "",
    "attributes": "",
    "status": "candidate",
    "accuracyM": 30,
    "needsReview": "名称未確認、公式情報または2情報源での確認が必要",
    "sources": "OpenStreetMap（© OpenStreetMap contributors, ODbL 1.0）Geofabrik japan-latest.osm.pbf 2026-09-23T20:22:04Z node/1382470311（登山道と道路の接続点）",
    "verifiedAt": ""
   }
  },
  {
   "type": "Feature",
   "geometry": {
    "type": "Point",
    "coordinates": [
     130.835683,
     31.46746
    ]
   },
   "properties": {
    "id": "TH-n1382474199",
    "kind": "trailhead",
    "name": "（名称未確認）",
    "datum": "WGS84",
    "mountainIds": "927",
    "mountainNames": "大箆柄岳",
    "lists": "日本三百名山|九州百名山",
    "routes": "",
    "entryType": "一般道との接続",
    "trailKmToSummit": "大箆柄岳:5.45km",
    "related": "",
    "attributes": "",
    "status": "candidate",
    "accuracyM": 30,
    "needsReview": "名称未確認、公式情報または2情報源での確認が必要",
    "sources": "OpenStreetMap（© OpenStreetMap contributors, ODbL 1.0）Geofabrik japan-latest.osm.pbf 2026-09-23T20:22:04Z node/1382474199（登山道と道路の接続点）",
    "verifiedAt": ""
   }
  },
  {
   "type": "Feature",
   "geometry": {
    "type": "Point",
    "coordinates": [
     130.4156795,
     32.1253199
    ]
   },
   "properties": {
    "id": "TH-n1382721419",
    "kind": "trailhead",
    "name": "（名称未確認）招川内バス停付近",
    "datum": "WGS84",
    "mountainIds": "917",
    "mountainNames": "矢筈岳",
    "lists": "九州百名山",
    "routes": "",
    "entryType": "一般道（県道以上）との接続",
    "trailKmToSummit": "矢筈岳:1.59km",
    "related": "BS-kP11-22-43-bs5215(468m)",
    "attributes": "",
    "status": "provisional",
    "accuracyM": 30,
    "needsReview": "名称未確認、公式情報または2情報源での確認が必要",
    "sources": "OpenStreetMap（© OpenStreetMap contributors, ODbL 1.0）Geofabrik japan-latest.osm.pbf 2026-09-23T20:22:04Z node/1382721419（登山道と道路の接続点）",
    "verifiedAt": ""
   }
  },
  {
   "type": "Feature",
   "geometry": {
    "type": "Point",
    "coordinates": [
     130.8502472,
     31.9049298
    ]
   },
   "properties": {
    "id": "TH-n1383946646",
    "kind": "trailhead",
    "name": "（名称未確認）新湯展望台バス停付近",
    "datum": "WGS84",
    "mountainIds": "920",
    "mountainNames": "霧島山",
    "lists": "日本百名山|日本二百名山|日本三百名山|九州百名山",
    "routes": "",
    "entryType": "一般道（県道以上）との接続",
    "trailKmToSummit": "霧島山:3.96km",
    "related": "BS-kP11-22-46-bs1895(228m) BS-kP11-22-46-bs1932(606m) BS-kP11-22-46-bs1931(681m)",
    "attributes": "",
    "status": "provisional",
    "accuracyM": 30,
    "needsReview": "名称未確認、登山道が道路を横断する地点（途中の入口の可能性）、近くの道路にゲートあり（車両通行止め・季節閉鎖の可能性）、公式情報または2情報源での確認が必要",
    "sources": "OpenStreetMap（© OpenStreetMap contributors, ODbL 1.0）Geofabrik japan-latest.osm.pbf 2026-09-23T20:22:04Z node/1383946646（登山道と道路の接続点）",
    "verifiedAt": ""
   }
  },
  {
   "type": "Feature",
   "geometry": {
    "type": "Point",
    "coordinates": [
     130.947803,
     32.849478
    ]
   },
   "properties": {
    "id": "TH-n1385706065",
    "kind": "trailhead",
    "name": "（名称未確認）",
    "datum": "WGS84",
    "mountainIds": "880",
    "mountainNames": "俵山",
    "lists": "九州百名山",
    "routes": "",
    "entryType": "道路の終点付近",
    "trailKmToSummit": "俵山:3.75km",
    "related": "PK-w412618199(263m) PK-w413052850(324m)",
    "attributes": "",
    "status": "provisional",
    "accuracyM": 30,
    "needsReview": "名称未確認、林道からの入口（マイカー進入可否を要確認）、公式情報または2情報源での確認が必要",
    "sources": "OpenStreetMap（© OpenStreetMap contributors, ODbL 1.0）Geofabrik japan-latest.osm.pbf 2026-09-23T20:22:04Z node/1385706065（登山道と道路の接続点）",
    "verifiedAt": ""
   }
  },
  {
   "type": "Feature",
   "geometry": {
    "type": "Point",
    "coordinates": [
     130.7889025,
     33.7301446
    ]
   },
   "properties": {
    "id": "TH-n1385918940",
    "kind": "trailhead",
    "name": "（名称未確認）",
    "datum": "WGS84",
    "mountainIds": "802",
    "mountainNames": "福智山",
    "lists": "九州百名山",
    "routes": "",
    "entryType": "一般道との接続",
    "trailKmToSummit": "福智山:2.11km",
    "related": "",
    "attributes": "",
    "status": "candidate",
    "accuracyM": 30,
    "needsReview": "名称未確認、公式情報または2情報源での確認が必要",
    "sources": "OpenStreetMap（© OpenStreetMap contributors, ODbL 1.0）Geofabrik japan-latest.osm.pbf 2026-09-23T20:22:04Z node/1385918940（登山道と道路の接続点）",
    "verifiedAt": ""
   }
  },
  {
   "type": "Feature",
   "geometry": {
    "type": "Point",
    "coordinates": [
     130.7858527,
     33.7336626
    ]
   },
   "properties": {
    "id": "TH-n1385920144",
    "kind": "trailhead",
    "name": "（名称未確認）",
    "datum": "WGS84",
    "mountainIds": "802",
    "mountainNames": "福智山",
    "lists": "九州百名山",
    "routes": "",
    "entryType": "一般道（県道以上）との接続",
    "trailKmToSummit": "福智山:2.32km",
    "related": "",
    "attributes": "",
    "status": "candidate",
    "accuracyM": 30,
    "needsReview": "名称未確認、公式情報または2情報源での確認が必要",
    "sources": "OpenStreetMap（© OpenStreetMap contributors, ODbL 1.0）Geofabrik japan-latest.osm.pbf 2026-09-23T20:22:04Z node/1385920144（登山道と道路の接続点）",
    "verifiedAt": ""
   }
  },
  {
   "type": "Feature",
   "geometry": {
    "type": "Point",
    "coordinates": [
     131.577253,
     32.619134
    ]
   },
   "properties": {
    "id": "TH-n1388077944",
    "kind": "trailhead",
    "name": "（名称未確認）行縢山登山口バス停付近",
    "datum": "WGS84",
    "mountainIds": "898",
    "mountainNames": "行縢山",
    "lists": "九州百名山",
    "routes": "",
    "entryType": "一般道との接続",
    "trailKmToSummit": "行縢山:2.66km",
    "related": "BS-kP11-22-45-bs375(200m)",
    "attributes": "",
    "status": "provisional",
    "accuracyM": 30,
    "needsReview": "名称未確認、公式情報または2情報源での確認が必要",
    "sources": "OpenStreetMap（© OpenStreetMap contributors, ODbL 1.0）Geofabrik japan-latest.osm.pbf 2026-09-23T20:22:04Z node/1388077944（登山道と道路の接続点）",
    "verifiedAt": ""
   }
  },
  {
   "type": "Feature",
   "geometry": {
    "type": "Point",
    "coordinates": [
     131.579173,
     32.622696
    ]
   },
   "properties": {
    "id": "TH-n1388082546",
    "kind": "trailhead",
    "name": "（名称未確認）行縢山登山口バス停付近",
    "datum": "WGS84",
    "mountainIds": "898",
    "mountainNames": "行縢山",
    "lists": "九州百名山",
    "routes": "",
    "entryType": "一般道との接続",
    "trailKmToSummit": "行縢山:2.21km",
    "related": "BS-kP11-22-45-bs375(569m)",
    "attributes": "",
    "status": "provisional",
    "accuracyM": 30,
    "needsReview": "名称未確認、公式情報または2情報源での確認が必要",
    "sources": "OpenStreetMap（© OpenStreetMap contributors, ODbL 1.0）Geofabrik japan-latest.osm.pbf 2026-09-23T20:22:04Z node/1388082546（登山道と道路の接続点）",
    "verifiedAt": ""
   }
  },
  {
   "type": "Feature",
   "geometry": {
    "type": "Point",
    "coordinates": [
     131.616759,
     32.633738
    ]
   },
   "properties": {
    "id": "TH-n1388088313",
    "kind": "trailhead",
    "name": "（名称未確認）学校下バス停付近",
    "datum": "WGS84",
    "mountainIds": "898",
    "mountainNames": "行縢山",
    "lists": "九州百名山",
    "routes": "",
    "entryType": "一般道との接続",
    "trailKmToSummit": "行縢山:6.26km",
    "related": "BS-kP11-22-45-bs356(885m) BS-kP11-22-45-bs350(945m) BS-kP11-22-45-bs345(977m)",
    "attributes": "",
    "status": "provisional",
    "accuracyM": 30,
    "needsReview": "名称未確認、公式情報または2情報源での確認が必要",
    "sources": "OpenStreetMap（© OpenStreetMap contributors, ODbL 1.0）Geofabrik japan-latest.osm.pbf 2026-09-23T20:22:04Z node/1388088313（登山道と道路の接続点）",
    "verifiedAt": ""
   }
  },
  {
   "type": "Feature",
   "geometry": {
    "type": "Point",
    "coordinates": [
     131.441552,
     32.650628
    ]
   },
   "properties": {
    "id": "TH-n1388096748",
    "kind": "trailhead",
    "name": "（名称未確認）",
    "datum": "WGS84",
    "mountainIds": "895",
    "mountainNames": "比叡山",
    "lists": "九州百名山",
    "routes": "",
    "entryType": "一般道（県道以上）との接続",
    "trailKmToSummit": "比叡山:0.87km",
    "related": "PK-n1726463377(269m)",
    "attributes": "",
    "status": "provisional",
    "accuracyM": 30,
    "needsReview": "名称未確認、公式情報または2情報源での確認が必要",
    "sources": "OpenStreetMap（© OpenStreetMap contributors, ODbL 1.0）Geofabrik japan-latest.osm.pbf 2026-09-23T20:22:04Z node/1388096748（登山道と道路の接続点）",
    "verifiedAt": ""
   }
  },
  {
   "type": "Feature",
   "geometry": {
    "type": "Point",
    "coordinates": [
     131.459156,
     32.659813
    ]
   },
   "properties": {
    "id": "TH-n1388101061",
    "kind": "trailhead",
    "name": "（名称未確認）",
    "datum": "WGS84",
    "mountainIds": "895",
    "mountainNames": "比叡山",
    "lists": "九州百名山",
    "routes": "",
    "entryType": "一般道との接続",
    "trailKmToSummit": "比叡山:2.24km",
    "related": "",
    "attributes": "",
    "status": "candidate",
    "accuracyM": 30,
    "needsReview": "名称未確認、公式情報または2情報源での確認が必要",
    "sources": "OpenStreetMap（© OpenStreetMap contributors, ODbL 1.0）Geofabrik japan-latest.osm.pbf 2026-09-23T20:22:04Z node/1388101061（登山道と道路の接続点）",
    "verifiedAt": ""
   }
  },
  {
   "type": "Feature",
   "geometry": {
    "type": "Point",
    "coordinates": [
     131.520724,
     32.7010549
    ]
   },
   "properties": {
    "id": "TH-n1388128249",
    "kind": "trailhead",
    "name": "（名称未確認）",
    "datum": "WGS84",
    "mountainIds": "891",
    "mountainNames": "鉾岳",
    "lists": "九州百名山",
    "routes": "",
    "entryType": "林道との接続",
    "trailKmToSummit": "鉾岳:0.81km",
    "related": "",
    "attributes": "",
    "status": "candidate",
    "accuracyM": 30,
    "needsReview": "名称未確認、林道からの入口（マイカー進入可否を要確認）、公式情報または2情報源での確認が必要",
    "sources": "OpenStreetMap（© OpenStreetMap contributors, ODbL 1.0）Geofabrik japan-latest.osm.pbf 2026-09-23T20:22:04Z node/1388128249（登山道と道路の接続点）",
    "verifiedAt": ""
   }
  },
  {
   "type": "Feature",
   "geometry": {
    "type": "Point",
    "coordinates": [
     131.517034,
     32.70216
    ]
   },
   "properties": {
    "id": "TH-n1388128991",
    "kind": "trailhead",
    "name": "（名称未確認）",
    "datum": "WGS84",
    "mountainIds": "891",
    "mountainNames": "鉾岳",
    "lists": "九州百名山",
    "routes": "OSM登山道「矛岳登山道」、OSM登山道「鉾岳登山道」",
    "entryType": "道路の終点付近",
    "trailKmToSummit": "鉾岳:0.26km",
    "related": "",
    "attributes": "",
    "status": "candidate",
    "accuracyM": 30,
    "needsReview": "名称未確認、林道からの入口（マイカー進入可否を要確認）、公式情報または2情報源での確認が必要",
    "sources": "OpenStreetMap（© OpenStreetMap contributors, ODbL 1.0）Geofabrik japan-latest.osm.pbf 2026-09-23T20:22:04Z node/1388128991（登山道と道路の接続点）",
    "verifiedAt": ""
   }
  },
  {
   "type": "Feature",
   "geometry": {
    "type": "Point",
    "coordinates": [
     131.53266,
     32.7356585
    ]
   },
   "properties": {
    "id": "TH-n1388153151",
    "kind": "trailhead",
    "name": "（名称未確認）",
    "datum": "WGS84",
    "mountainIds": "889",
    "mountainNames": "大崩山",
    "lists": "日本二百名山|日本三百名山|九州百名山",
    "routes": "",
    "entryType": "道路の終点付近",
    "trailKmToSummit": "大崩山:2.4km",
    "related": "",
    "attributes": "",
    "status": "candidate",
    "accuracyM": 30,
    "needsReview": "名称未確認、林道からの入口（マイカー進入可否を要確認）、公式情報または2情報源での確認が必要",
    "sources": "OpenStreetMap（© OpenStreetMap contributors, ODbL 1.0）Geofabrik japan-latest.osm.pbf 2026-09-23T20:22:04Z node/1388153151（登山道と道路の接続点）",
    "verifiedAt": ""
   }
  },
  {
   "type": "Feature",
   "geometry": {
    "type": "Point",
    "coordinates": [
     130.157185,
     31.407836
    ]
   },
   "properties": {
    "id": "TH-n1390488846",
    "kind": "trailhead",
    "name": "（名称未確認）",
    "datum": "WGS84",
    "mountainIds": "929",
    "mountainNames": "野間岳",
    "lists": "九州百名山",
    "routes": "",
    "entryType": "一般道との接続",
    "trailKmToSummit": "野間岳:0.37km",
    "related": "",
    "attributes": "",
    "status": "candidate",
    "accuracyM": 30,
    "needsReview": "名称未確認、公式情報または2情報源での確認が必要",
    "sources": "OpenStreetMap（© OpenStreetMap contributors, ODbL 1.0）Geofabrik japan-latest.osm.pbf 2026-09-23T20:22:04Z node/1390488846（登山道と道路の接続点）",
    "verifiedAt": ""
   }
  },
  {
   "type": "Feature",
   "geometry": {
    "type": "Point",
    "coordinates": [
     130.151084,
     31.412354
    ]
   },
   "properties": {
    "id": "TH-n1390492908",
    "kind": "trailhead",
    "name": "（名称未確認）福戸山バス停付近",
    "datum": "WGS84",
    "mountainIds": "929",
    "mountainNames": "野間岳",
    "lists": "九州百名山",
    "routes": "",
    "entryType": "一般道との接続",
    "trailKmToSummit": "野間岳:1.18km",
    "related": "BS-kP11-22-46-bs7320(685m) BS-kP11-22-46-bs7340(735m)",
    "attributes": "",
    "status": "provisional",
    "accuracyM": 30,
    "needsReview": "名称未確認、登山道が道路を横断する地点（途中の入口の可能性）、公式情報または2情報源での確認が必要",
    "sources": "OpenStreetMap（© OpenStreetMap contributors, ODbL 1.0）Geofabrik japan-latest.osm.pbf 2026-09-23T20:22:04Z node/1390492908（登山道と道路の接続点）",
    "verifiedAt": ""
   }
  },
  {
   "type": "Feature",
   "geometry": {
    "type": "Point",
    "coordinates": [
     130.161337,
     31.415791
    ]
   },
   "properties": {
    "id": "TH-n1390499670",
    "kind": "trailhead",
    "name": "（名称未確認）大当バス停付近",
    "datum": "WGS84",
    "mountainIds": "929",
    "mountainNames": "野間岳",
    "lists": "九州百名山",
    "routes": "",
    "entryType": "一般道との接続",
    "trailKmToSummit": "野間岳:1.48km",
    "related": "BS-kP11-22-46-bs7247(899m) BS-kP11-22-46-bs7248(899m)",
    "attributes": "",
    "status": "provisional",
    "accuracyM": 30,
    "needsReview": "名称未確認、登山道が道路を横断する地点（途中の入口の可能性）、公式情報または2情報源での確認が必要",
    "sources": "OpenStreetMap（© OpenStreetMap contributors, ODbL 1.0）Geofabrik japan-latest.osm.pbf 2026-09-23T20:22:04Z node/1390499670（登山道と道路の接続点）",
    "verifiedAt": ""
   }
  },
  {
   "type": "Feature",
   "geometry": {
    "type": "Point",
    "coordinates": [
     130.379232,
     31.466737
    ]
   },
   "properties": {
    "id": "TH-n1390530356",
    "kind": "trailhead",
    "name": "（名称未確認）",
    "datum": "WGS84",
    "mountainIds": "928",
    "mountainNames": "金峰山",
    "lists": "九州百名山",
    "routes": "",
    "entryType": "一般道との接続",
    "trailKmToSummit": "金峰山:0.37km",
    "related": "PK-w600299578(452m)",
    "attributes": "",
    "status": "provisional",
    "accuracyM": 30,
    "needsReview": "名称未確認、登山道が道路を横断する地点（途中の入口の可能性）、公式情報または2情報源での確認が必要",
    "sources": "OpenStreetMap（© OpenStreetMap contributors, ODbL 1.0）Geofabrik japan-latest.osm.pbf 2026-09-23T20:22:04Z node/1390530356（登山道と道路の接続点）",
    "verifiedAt": ""
   }
  },
  {
   "type": "Feature",
   "geometry": {
    "type": "Point",
    "coordinates": [
     130.373926,
     31.467269
    ]
   },
   "properties": {
    "id": "TH-n1390531016",
    "kind": "trailhead",
    "name": "（名称未確認）",
    "datum": "WGS84",
    "mountainIds": "928",
    "mountainNames": "金峰山",
    "lists": "九州百名山",
    "routes": "",
    "entryType": "一般道との接続",
    "trailKmToSummit": "金峰山:1.31km",
    "related": "",
    "attributes": "",
    "status": "candidate",
    "accuracyM": 30,
    "needsReview": "名称未確認、公式情報または2情報源での確認が必要",
    "sources": "OpenStreetMap（© OpenStreetMap contributors, ODbL 1.0）Geofabrik japan-latest.osm.pbf 2026-09-23T20:22:04Z node/1390531016（登山道と道路の接続点）",
    "verifiedAt": ""
   }
  },
  {
   "type": "Feature",
   "geometry": {
    "type": "Point",
    "coordinates": [
     130.385917,
     31.468618
    ]
   },
   "properties": {
    "id": "TH-n1390531708",
    "kind": "trailhead",
    "name": "（名称未確認）",
    "datum": "WGS84",
    "mountainIds": "928",
    "mountainNames": "金峰山",
    "lists": "九州百名山",
    "routes": "",
    "entryType": "一般道との接続",
    "trailKmToSummit": "金峰山:0.3km",
    "related": "PK-w600299578(288m)",
    "attributes": "",
    "status": "provisional",
    "accuracyM": 30,
    "needsReview": "名称未確認、公式情報または2情報源での確認が必要",
    "sources": "OpenStreetMap（© OpenStreetMap contributors, ODbL 1.0）Geofabrik japan-latest.osm.pbf 2026-09-23T20:22:04Z node/1390531708（登山道と道路の接続点）",
    "verifiedAt": ""
   }
  },
  {
   "type": "Feature",
   "geometry": {
    "type": "Point",
    "coordinates": [
     130.388219,
     31.472224
    ]
   },
   "properties": {
    "id": "TH-n1390533463",
    "kind": "trailhead",
    "name": "（名称未確認）",
    "datum": "WGS84",
    "mountainIds": "928",
    "mountainNames": "金峰山",
    "lists": "九州百名山",
    "routes": "",
    "entryType": "一般道との接続",
    "trailKmToSummit": "金峰山:0.95km",
    "related": "",
    "attributes": "",
    "status": "candidate",
    "accuracyM": 30,
    "needsReview": "名称未確認、登山道が道路を横断する地点（途中の入口の可能性）、公式情報または2情報源での確認が必要",
    "sources": "OpenStreetMap（© OpenStreetMap contributors, ODbL 1.0）Geofabrik japan-latest.osm.pbf 2026-09-23T20:22:04Z node/1390533463（登山道と道路の接続点）",
    "verifiedAt": ""
   }
  },
  {
   "type": "Feature",
   "geometry": {
    "type": "Point",
    "coordinates": [
     131.295001,
     32.30206
    ]
   },
   "properties": {
    "id": "TH-n1391981764",
    "kind": "trailhead",
    "name": "（名称未確認）",
    "datum": "WGS84",
    "mountainIds": "915",
    "mountainNames": "地蔵岳",
    "lists": "九州百名山",
    "routes": "",
    "entryType": "一般道との接続",
    "trailKmToSummit": "地蔵岳:4.63km",
    "related": "",
    "attributes": "",
    "status": "candidate",
    "accuracyM": 30,
    "needsReview": "名称未確認、公式情報または2情報源での確認が必要",
    "sources": "OpenStreetMap（© OpenStreetMap contributors, ODbL 1.0）Geofabrik japan-latest.osm.pbf 2026-09-23T20:22:04Z node/1391981764（登山道と道路の接続点）",
    "verifiedAt": ""
   }
  },
  {
   "type": "Feature",
   "geometry": {
    "type": "Point",
    "coordinates": [
     131.420073,
     32.31752
    ]
   },
   "properties": {
    "id": "TH-n1393216666",
    "kind": "trailhead",
    "name": "（名称未確認）",
    "datum": "WGS84",
    "mountainIds": "914",
    "mountainNames": "尾鈴山",
    "lists": "日本二百名山|日本三百名山|九州百名山",
    "routes": "",
    "entryType": "道路の終点付近",
    "trailKmToSummit": "尾鈴山:2.31km",
    "related": "",
    "attributes": "",
    "status": "candidate",
    "accuracyM": 30,
    "needsReview": "名称未確認、林道からの入口（マイカー進入可否を要確認）、公式情報または2情報源での確認が必要",
    "sources": "OpenStreetMap（© OpenStreetMap contributors, ODbL 1.0）Geofabrik japan-latest.osm.pbf 2026-09-23T20:22:04Z node/1393216666（登山道と道路の接続点）",
    "verifiedAt": ""
   }
  },
  {
   "type": "Feature",
   "geometry": {
    "type": "Point",
    "coordinates": [
     131.475106,
     32.7726941
    ]
   },
   "properties": {
    "id": "TH-n1394366337",
    "kind": "trailhead",
    "name": "（名称未確認）",
    "datum": "WGS84",
    "mountainIds": "883 885 887 889",
    "mountainNames": "夏木山、五葉岳、鹿納山、大崩山",
    "lists": "九州百名山|日本二百名山|日本三百名山",
    "routes": "",
    "entryType": "道路の終点付近",
    "trailKmToSummit": "夏木山:4.19km 五葉岳:2.25km 鹿納山:2.78km 大崩山:12.88km",
    "related": "PK-n1741088700(85m)",
    "attributes": "",
    "status": "provisional",
    "accuracyM": 30,
    "needsReview": "名称未確認、林道からの入口（マイカー進入可否を要確認）、公式情報または2情報源での確認が必要",
    "sources": "OpenStreetMap（© OpenStreetMap contributors, ODbL 1.0）Geofabrik japan-latest.osm.pbf 2026-09-23T20:22:04Z node/1394366337（登山道と道路の接続点）",
    "verifiedAt": ""
   }
  },
  {
   "type": "Feature",
   "geometry": {
    "type": "Point",
    "coordinates": [
     131.501324,
     32.814326
    ]
   },
   "properties": {
    "id": "TH-n1394369779",
    "kind": "trailhead",
    "name": "（名称未確認）杉ヶ越付近",
    "datum": "WGS84",
    "mountainIds": "879",
    "mountainNames": "傾山",
    "lists": "日本三百名山|九州百名山",
    "routes": "",
    "entryType": "峠（道路との接続）",
    "trailKmToSummit": "傾山:7.25km",
    "related": "",
    "attributes": "",
    "status": "candidate",
    "accuracyM": 30,
    "needsReview": "名称未確認、公式情報または2情報源での確認が必要",
    "sources": "OpenStreetMap（© OpenStreetMap contributors, ODbL 1.0）Geofabrik japan-latest.osm.pbf 2026-09-23T20:22:04Z node/1394369779（登山道と道路の接続点） ｜ 国土地理院 地名検索「杉ヶ越」（32.813974, 131.502989、JGD2011、161m差）2026-09-20確認",
    "verifiedAt": "2026-09-20"
   }
  },
  {
   "type": "Feature",
   "geometry": {
    "type": "Point",
    "coordinates": [
     131.093803,
     32.272799
    ]
   },
   "properties": {
    "id": "TH-n1395583678",
    "kind": "trailhead",
    "name": "（名称未確認）",
    "datum": "WGS84",
    "mountainIds": "912",
    "mountainNames": "市房山",
    "lists": "日本二百名山|日本三百名山|九州百名山",
    "routes": "",
    "entryType": "一般道との接続",
    "trailKmToSummit": "市房山:6.31km",
    "related": "",
    "attributes": "",
    "status": "candidate",
    "accuracyM": 30,
    "needsReview": "名称未確認、公式情報または2情報源での確認が必要",
    "sources": "OpenStreetMap（© OpenStreetMap contributors, ODbL 1.0）Geofabrik japan-latest.osm.pbf 2026-09-23T20:22:04Z node/1395583678（登山道と道路の接続点）",
    "verifiedAt": ""
   }
  },
  {
   "type": "Feature",
   "geometry": {
    "type": "Point",
    "coordinates": [
     131.0910767,
     32.2855277
    ]
   },
   "properties": {
    "id": "TH-n1395590910",
    "kind": "trailhead",
    "name": "（名称未確認）",
    "datum": "WGS84",
    "mountainIds": "912",
    "mountainNames": "市房山",
    "lists": "日本二百名山|日本三百名山|九州百名山",
    "routes": "",
    "entryType": "一般道との接続",
    "trailKmToSummit": "市房山:7.39km",
    "related": "",
    "attributes": "",
    "status": "candidate",
    "accuracyM": 30,
    "needsReview": "名称未確認、公式情報または2情報源での確認が必要",
    "sources": "OpenStreetMap（© OpenStreetMap contributors, ODbL 1.0）Geofabrik japan-latest.osm.pbf 2026-09-23T20:22:04Z node/1395590910（登山道と道路の接続点）",
    "verifiedAt": ""
   }
  },
  {
   "type": "Feature",
   "geometry": {
    "type": "Point",
    "coordinates": [
     131.1683229,
     32.29066
    ]
   },
   "properties": {
    "id": "TH-n1395593382",
    "kind": "trailhead",
    "name": "（名称未確認）",
    "datum": "WGS84",
    "mountainIds": "913",
    "mountainNames": "石堂山",
    "lists": "九州百名山",
    "routes": "",
    "entryType": "一般道との接続",
    "trailKmToSummit": "石堂山:1.07km",
    "related": "",
    "attributes": "",
    "status": "candidate",
    "accuracyM": 30,
    "needsReview": "名称未確認、公式情報または2情報源での確認が必要",
    "sources": "OpenStreetMap（© OpenStreetMap contributors, ODbL 1.0）Geofabrik japan-latest.osm.pbf 2026-09-23T20:22:04Z node/1395593382（登山道と道路の接続点）",
    "verifiedAt": ""
   }
  },
  {
   "type": "Feature",
   "geometry": {
    "type": "Point",
    "coordinates": [
     131.188436,
     32.399884
    ]
   },
   "properties": {
    "id": "TH-n1395634586",
    "kind": "trailhead",
    "name": "（名称未確認）",
    "datum": "WGS84",
    "mountainIds": "910",
    "mountainNames": "三方岳",
    "lists": "九州百名山",
    "routes": "",
    "entryType": "一般道（県道以上）との接続",
    "trailKmToSummit": "三方岳:3.49km",
    "related": "",
    "attributes": "",
    "status": "candidate",
    "accuracyM": 30,
    "needsReview": "名称未確認、登山道が道路を横断する地点（途中の入口の可能性）、公式情報または2情報源での確認が必要",
    "sources": "OpenStreetMap（© OpenStreetMap contributors, ODbL 1.0）Geofabrik japan-latest.osm.pbf 2026-09-23T20:22:04Z node/1395634586（登山道と道路の接続点）",
    "verifiedAt": ""
   }
  },
  {
   "type": "Feature",
   "geometry": {
    "type": "Point",
    "coordinates": [
     131.0220828,
     32.4657621
    ]
   },
   "properties": {
    "id": "TH-n1395700474",
    "kind": "trailhead",
    "name": "（名称未確認）唐谷登山口駐車場付近",
    "datum": "WGS84",
    "mountainIds": "908",
    "mountainNames": "白鳥山",
    "lists": "九州百名山",
    "routes": "",
    "entryType": "一般道との接続",
    "trailKmToSummit": "白鳥山:1.02km",
    "related": "PK-w281013451(30m)",
    "attributes": "",
    "status": "provisional",
    "accuracyM": 30,
    "needsReview": "名称未確認、登山道が道路を横断する地点（途中の入口の可能性）、公式情報または2情報源での確認が必要",
    "sources": "OpenStreetMap（© OpenStreetMap contributors, ODbL 1.0）Geofabrik japan-latest.osm.pbf 2026-09-23T20:22:04Z node/1395700474（登山道と道路の接続点）",
    "verifiedAt": ""
   }
  },
  {
   "type": "Feature",
   "geometry": {
    "type": "Point",
    "coordinates": [
     131.038658,
     32.5000799
    ]
   },
   "properties": {
    "id": "TH-n1395734075",
    "kind": "trailhead",
    "name": "（名称未確認）",
    "datum": "WGS84",
    "mountainIds": "875 904",
    "mountainNames": "烏帽子岳、国見岳",
    "lists": "九州百名山|日本三百名山",
    "routes": "",
    "entryType": "一般道との接続",
    "trailKmToSummit": "烏帽子岳:5.71km 国見岳:6.85km",
    "related": "",
    "attributes": "",
    "status": "candidate",
    "accuracyM": 30,
    "needsReview": "名称未確認、公式情報または2情報源での確認が必要",
    "sources": "OpenStreetMap（© OpenStreetMap contributors, ODbL 1.0）Geofabrik japan-latest.osm.pbf 2026-09-23T20:22:04Z node/1395734075（登山道と道路の接続点）",
    "verifiedAt": ""
   }
  },
  {
   "type": "Feature",
   "geometry": {
    "type": "Point",
    "coordinates": [
     131.124171,
     32.501014
    ]
   },
   "properties": {
    "id": "TH-n1395734755",
    "kind": "trailhead",
    "name": "（名称未確認）",
    "datum": "WGS84",
    "mountainIds": "905",
    "mountainNames": "扇山",
    "lists": "九州百名山",
    "routes": "",
    "entryType": "一般道との接続",
    "trailKmToSummit": "扇山:4.28km",
    "related": "",
    "attributes": "",
    "status": "candidate",
    "accuracyM": 30,
    "needsReview": "名称未確認、公式情報または2情報源での確認が必要",
    "sources": "OpenStreetMap（© OpenStreetMap contributors, ODbL 1.0）Geofabrik japan-latest.osm.pbf 2026-09-23T20:22:04Z node/1395734755（登山道と道路の接続点）",
    "verifiedAt": ""
   }
  },
  {
   "type": "Feature",
   "geometry": {
    "type": "Point",
    "coordinates": [
     131.023655,
     32.5010679
    ]
   },
   "properties": {
    "id": "TH-n1395734789",
    "kind": "trailhead",
    "name": "（名称未確認）",
    "datum": "WGS84",
    "mountainIds": "904",
    "mountainNames": "国見岳",
    "lists": "日本三百名山|九州百名山",
    "routes": "",
    "entryType": "一般道との接続",
    "trailKmToSummit": "国見岳:7.07km",
    "related": "",
    "attributes": "",
    "status": "candidate",
    "accuracyM": 30,
    "needsReview": "名称未確認、公式情報または2情報源での確認が必要",
    "sources": "OpenStreetMap（© OpenStreetMap contributors, ODbL 1.0）Geofabrik japan-latest.osm.pbf 2026-09-23T20:22:04Z node/1395734789（登山道と道路の接続点）",
    "verifiedAt": ""
   }
  },
  {
   "type": "Feature",
   "geometry": {
    "type": "Point",
    "coordinates": [
     131.131907,
     32.543807
    ]
   },
   "properties": {
    "id": "TH-n1395755245",
    "kind": "trailhead",
    "name": "（名称未確認）",
    "datum": "WGS84",
    "mountainIds": "902",
    "mountainNames": "白岩山",
    "lists": "九州百名山",
    "routes": "",
    "entryType": "一般道との接続",
    "trailKmToSummit": "白岩山:6.42km",
    "related": "",
    "attributes": "",
    "status": "candidate",
    "accuracyM": 30,
    "needsReview": "名称未確認、公式情報または2情報源での確認が必要",
    "sources": "OpenStreetMap（© OpenStreetMap contributors, ODbL 1.0）Geofabrik japan-latest.osm.pbf 2026-09-23T20:22:04Z node/1395755245（登山道と道路の接続点）",
    "verifiedAt": ""
   }
  },
  {
   "type": "Feature",
   "geometry": {
    "type": "Point",
    "coordinates": [
     131.120956,
     32.621706
    ]
   },
   "properties": {
    "id": "TH-n1405115589",
    "kind": "trailhead",
    "name": "（名称未確認）",
    "datum": "WGS84",
    "mountainIds": "899",
    "mountainNames": "小川岳",
    "lists": "九州百名山",
    "routes": "",
    "entryType": "一般道との接続",
    "trailKmToSummit": "小川岳:2.92km",
    "related": "",
    "attributes": "",
    "status": "candidate",
    "accuracyM": 30,
    "needsReview": "名称未確認、公式情報または2情報源での確認が必要",
    "sources": "OpenStreetMap（© OpenStreetMap contributors, ODbL 1.0）Geofabrik japan-latest.osm.pbf 2026-09-23T20:22:04Z node/1405115589（登山道と道路の接続点）",
    "verifiedAt": ""
   }
  },
  {
   "type": "Feature",
   "geometry": {
    "type": "Point",
    "coordinates": [
     131.169803,
     32.62809
    ]
   },
   "properties": {
    "id": "TH-n1405117204",
    "kind": "trailhead",
    "name": "（名称未確認）",
    "datum": "WGS84",
    "mountainIds": "896",
    "mountainNames": "祇園山",
    "lists": "九州百名山",
    "routes": "",
    "entryType": "一般道との接続",
    "trailKmToSummit": "祇園山:1.78km",
    "related": "",
    "attributes": "",
    "status": "candidate",
    "accuracyM": 30,
    "needsReview": "名称未確認、公式情報または2情報源での確認が必要",
    "sources": "OpenStreetMap（© OpenStreetMap contributors, ODbL 1.0）Geofabrik japan-latest.osm.pbf 2026-09-23T20:22:04Z node/1405117204（登山道と道路の接続点）",
    "verifiedAt": ""
   }
  },
  {
   "type": "Feature",
   "geometry": {
    "type": "Point",
    "coordinates": [
     131.182762,
     32.62952
    ]
   },
   "properties": {
    "id": "TH-n1405117728",
    "kind": "trailhead",
    "name": "（名称未確認）",
    "datum": "WGS84",
    "mountainIds": "896",
    "mountainNames": "祇園山",
    "lists": "九州百名山",
    "routes": "",
    "entryType": "一般道との接続",
    "trailKmToSummit": "祇園山:0.9km",
    "related": "",
    "attributes": "",
    "status": "candidate",
    "accuracyM": 30,
    "needsReview": "名称未確認、公式情報または2情報源での確認が必要",
    "sources": "OpenStreetMap（© OpenStreetMap contributors, ODbL 1.0）Geofabrik japan-latest.osm.pbf 2026-09-23T20:22:04Z node/1405117728（登山道と道路の接続点）",
    "verifiedAt": ""
   }
  },
  {
   "type": "Feature",
   "geometry": {
    "type": "Point",
    "coordinates": [
     131.188869,
     32.630636
    ]
   },
   "properties": {
    "id": "TH-n1405118075",
    "kind": "trailhead",
    "name": "（名称未確認）",
    "datum": "WGS84",
    "mountainIds": "896",
    "mountainNames": "祇園山",
    "lists": "九州百名山",
    "routes": "",
    "entryType": "一般道との接続",
    "trailKmToSummit": "祇園山:0.86km",
    "related": "",
    "attributes": "",
    "status": "candidate",
    "accuracyM": 30,
    "needsReview": "名称未確認、公式情報または2情報源での確認が必要",
    "sources": "OpenStreetMap（© OpenStreetMap contributors, ODbL 1.0）Geofabrik japan-latest.osm.pbf 2026-09-23T20:22:04Z node/1405118075（登山道と道路の接続点）",
    "verifiedAt": ""
   }
  },
  {
   "type": "Feature",
   "geometry": {
    "type": "Point",
    "coordinates": [
     131.1955089,
     32.633666
    ]
   },
   "properties": {
    "id": "TH-n1405118940",
    "kind": "trailhead",
    "name": "（名称未確認）",
    "datum": "WGS84",
    "mountainIds": "896",
    "mountainNames": "祇園山",
    "lists": "九州百名山",
    "routes": "",
    "entryType": "一般道との接続",
    "trailKmToSummit": "祇園山:1.11km",
    "related": "",
    "attributes": "",
    "status": "candidate",
    "accuracyM": 30,
    "needsReview": "名称未確認、公式情報または2情報源での確認が必要",
    "sources": "OpenStreetMap（© OpenStreetMap contributors, ODbL 1.0）Geofabrik japan-latest.osm.pbf 2026-09-23T20:22:04Z node/1405118940（登山道と道路の接続点）",
    "verifiedAt": ""
   }
  },
  {
   "type": "Feature",
   "geometry": {
    "type": "Point",
    "coordinates": [
     131.3373269,
     32.779694
    ]
   },
   "properties": {
    "id": "TH-n1405196315",
    "kind": "trailhead",
    "name": "（名称未確認）",
    "datum": "WGS84",
    "mountainIds": "857 881 882",
    "mountainNames": "障子岳、祖母山、古祖母山",
    "lists": "九州百名山|日本百名山|日本二百名山|日本三百名山",
    "routes": "",
    "entryType": "一般道との接続",
    "trailKmToSummit": "障子岳:4.95km 祖母山:7.25km 古祖母山:7.0km",
    "related": "PK-n1740966433(159m)",
    "attributes": "",
    "status": "provisional",
    "accuracyM": 30,
    "needsReview": "名称未確認、公式情報または2情報源での確認が必要",
    "sources": "OpenStreetMap（© OpenStreetMap contributors, ODbL 1.0）Geofabrik japan-latest.osm.pbf 2026-09-23T20:22:04Z node/1405196315（登山道と道路の接続点）",
    "verifiedAt": ""
   }
  },
  {
   "type": "Feature",
   "geometry": {
    "type": "Point",
    "coordinates": [
     130.9645899,
     32.131808
    ]
   },
   "properties": {
    "id": "TH-n1410668441",
    "kind": "trailhead",
    "name": "（名称未確認）",
    "datum": "WGS84",
    "mountainIds": "916",
    "mountainNames": "白髪岳",
    "lists": "九州百名山",
    "routes": "",
    "entryType": "一般道との接続",
    "trailKmToSummit": "白髪岳:3.27km",
    "related": "",
    "attributes": "",
    "status": "candidate",
    "accuracyM": 30,
    "needsReview": "名称未確認、公式情報または2情報源での確認が必要",
    "sources": "OpenStreetMap（© OpenStreetMap contributors, ODbL 1.0）Geofabrik japan-latest.osm.pbf 2026-09-23T20:22:04Z node/1410668441（登山道と道路の接続点）",
    "verifiedAt": ""
   }
  },
  {
   "type": "Feature",
   "geometry": {
    "type": "Point",
    "coordinates": [
     130.94986,
     32.133255
    ]
   },
   "properties": {
    "id": "TH-n1410668737",
    "kind": "trailhead",
    "name": "（名称未確認）",
    "datum": "WGS84",
    "mountainIds": "916",
    "mountainNames": "白髪岳",
    "lists": "九州百名山",
    "routes": "",
    "entryType": "一般道との接続",
    "trailKmToSummit": "白髪岳:2.5km",
    "related": "",
    "attributes": "",
    "status": "candidate",
    "accuracyM": 30,
    "needsReview": "名称未確認、公式情報または2情報源での確認が必要",
    "sources": "OpenStreetMap（© OpenStreetMap contributors, ODbL 1.0）Geofabrik japan-latest.osm.pbf 2026-09-23T20:22:04Z node/1410668737（登山道と道路の接続点）",
    "verifiedAt": ""
   }
  },
  {
   "type": "Feature",
   "geometry": {
    "type": "Point",
    "coordinates": [
     130.9450139,
     32.162021
    ]
   },
   "properties": {
    "id": "TH-n1410672914",
    "kind": "trailhead",
    "name": "（名称未確認）",
    "datum": "WGS84",
    "mountainIds": "916",
    "mountainNames": "白髪岳",
    "lists": "九州百名山",
    "routes": "",
    "entryType": "一般道との接続",
    "trailKmToSummit": "白髪岳:1.97km",
    "related": "",
    "attributes": "",
    "status": "candidate",
    "accuracyM": 30,
    "needsReview": "名称未確認、登山道が道路を横断する地点（途中の入口の可能性）、公式情報または2情報源での確認が必要",
    "sources": "OpenStreetMap（© OpenStreetMap contributors, ODbL 1.0）Geofabrik japan-latest.osm.pbf 2026-09-23T20:22:04Z node/1410672914（登山道と道路の接続点）",
    "verifiedAt": ""
   }
  },
  {
   "type": "Feature",
   "geometry": {
    "type": "Point",
    "coordinates": [
     130.919506,
     32.168749
    ]
   },
   "properties": {
    "id": "TH-n1410674371",
    "kind": "trailhead",
    "name": "（名称未確認）",
    "datum": "WGS84",
    "mountainIds": "916",
    "mountainNames": "白髪岳",
    "lists": "九州百名山",
    "routes": "",
    "entryType": "一般道との接続",
    "trailKmToSummit": "白髪岳:3.69km",
    "related": "",
    "attributes": "",
    "status": "candidate",
    "accuracyM": 30,
    "needsReview": "名称未確認、公式情報または2情報源での確認が必要",
    "sources": "OpenStreetMap（© OpenStreetMap contributors, ODbL 1.0）Geofabrik japan-latest.osm.pbf 2026-09-23T20:22:04Z node/1410674371（登山道と道路の接続点）",
    "verifiedAt": ""
   }
  },
  {
   "type": "Feature",
   "geometry": {
    "type": "Point",
    "coordinates": [
     130.7824832,
     33.8221413
    ]
   },
   "properties": {
    "id": "TH-n1451723499",
    "kind": "trailhead",
    "name": "（名称未確認）",
    "datum": "WGS84",
    "mountainIds": "802",
    "mountainNames": "福智山",
    "lists": "九州百名山",
    "routes": "OSM登山道「九州自然歩道」",
    "entryType": "一般道との接続",
    "trailKmToSummit": "福智山:11.31km",
    "related": "",
    "attributes": "OSM登山ルート: 九州自然歩道 (Kyushu Nature Trail)",
    "status": "candidate",
    "accuracyM": 30,
    "needsReview": "名称未確認、登山道が道路を横断する地点（途中の入口の可能性）、公式情報または2情報源での確認が必要",
    "sources": "OpenStreetMap（© OpenStreetMap contributors, ODbL 1.0）Geofabrik japan-latest.osm.pbf 2026-09-23T20:22:04Z node/1451723499（登山道と道路の接続点）",
    "verifiedAt": ""
   }
  },
  {
   "type": "Feature",
   "geometry": {
    "type": "Point",
    "coordinates": [
     130.5278128,
     32.979586
    ]
   },
   "properties": {
    "id": "TH-n1473580249",
    "kind": "trailhead",
    "name": "（名称未確認）",
    "datum": "WGS84",
    "mountainIds": "870",
    "mountainNames": "小岱山",
    "lists": "九州百名山",
    "routes": "",
    "entryType": "道路の終点付近",
    "trailKmToSummit": "小岱山:0.56km",
    "related": "",
    "attributes": "",
    "status": "candidate",
    "accuracyM": 30,
    "needsReview": "名称未確認、林道からの入口（マイカー進入可否を要確認）、公式情報または2情報源での確認が必要",
    "sources": "OpenStreetMap（© OpenStreetMap contributors, ODbL 1.0）Geofabrik japan-latest.osm.pbf 2026-09-23T20:22:04Z node/1473580249（登山道と道路の接続点）",
    "verifiedAt": ""
   }
  },
  {
   "type": "Feature",
   "geometry": {
    "type": "Point",
    "coordinates": [
     130.833435,
     33.061708
    ]
   },
   "properties": {
    "id": "TH-n1473757634",
    "kind": "trailhead",
    "name": "（名称未確認）",
    "datum": "WGS84",
    "mountainIds": "866",
    "mountainNames": "八方ガ岳",
    "lists": "九州百名山",
    "routes": "",
    "entryType": "一般道との接続",
    "trailKmToSummit": "八方ガ岳:1.18km",
    "related": "",
    "attributes": "",
    "status": "candidate",
    "accuracyM": 30,
    "needsReview": "名称未確認、登山道が道路を横断する地点（途中の入口の可能性）、公式情報または2情報源での確認が必要",
    "sources": "OpenStreetMap（© OpenStreetMap contributors, ODbL 1.0）Geofabrik japan-latest.osm.pbf 2026-09-23T20:22:04Z node/1473757634（登山道と道路の接続点）",
    "verifiedAt": ""
   }
  },
  {
   "type": "Feature",
   "geometry": {
    "type": "Point",
    "coordinates": [
     130.848719,
     33.072642
    ]
   },
   "properties": {
    "id": "TH-n1473762619",
    "kind": "trailhead",
    "name": "（名称未確認）",
    "datum": "WGS84",
    "mountainIds": "866",
    "mountainNames": "八方ガ岳",
    "lists": "九州百名山",
    "routes": "",
    "entryType": "林道との接続",
    "trailKmToSummit": "八方ガ岳:1.54km",
    "related": "",
    "attributes": "",
    "status": "candidate",
    "accuracyM": 30,
    "needsReview": "名称未確認、林道からの入口（マイカー進入可否を要確認）、公式情報または2情報源での確認が必要",
    "sources": "OpenStreetMap（© OpenStreetMap contributors, ODbL 1.0）Geofabrik japan-latest.osm.pbf 2026-09-23T20:22:04Z node/1473762619（登山道と道路の接続点）",
    "verifiedAt": ""
   }
  },
  {
   "type": "Feature",
   "geometry": {
    "type": "Point",
    "coordinates": [
     130.917089,
     32.948979
    ]
   },
   "properties": {
    "id": "TH-n1473793723",
    "kind": "trailhead",
    "name": "（名称未確認）",
    "datum": "WGS84",
    "mountainIds": "871",
    "mountainNames": "鞍岳",
    "lists": "九州百名山",
    "routes": "OSM登山道「森林コース」",
    "entryType": "一般道との接続",
    "trailKmToSummit": "鞍岳:1.77km",
    "related": "",
    "attributes": "",
    "status": "candidate",
    "accuracyM": 30,
    "needsReview": "名称未確認、公式情報または2情報源での確認が必要",
    "sources": "OpenStreetMap（© OpenStreetMap contributors, ODbL 1.0）Geofabrik japan-latest.osm.pbf 2026-09-23T20:22:04Z node/1473793723（登山道と道路の接続点）",
    "verifiedAt": ""
   }
  },
  {
   "type": "Feature",
   "geometry": {
    "type": "Point",
    "coordinates": [
     130.9395685,
     32.950503
    ]
   },
   "properties": {
    "id": "TH-n1473794509",
    "kind": "trailhead",
    "name": "（名称未確認）",
    "datum": "WGS84",
    "mountainIds": "871",
    "mountainNames": "鞍岳",
    "lists": "九州百名山",
    "routes": "",
    "entryType": "一般道との接続",
    "trailKmToSummit": "鞍岳:0.52km",
    "related": "PK-w1057569638(35m)",
    "attributes": "",
    "status": "provisional",
    "accuracyM": 30,
    "needsReview": "名称未確認、公式情報または2情報源での確認が必要",
    "sources": "OpenStreetMap（© OpenStreetMap contributors, ODbL 1.0）Geofabrik japan-latest.osm.pbf 2026-09-23T20:22:04Z node/1473794509（登山道と道路の接続点）",
    "verifiedAt": ""
   }
  },
  {
   "type": "Feature",
   "geometry": {
    "type": "Point",
    "coordinates": [
     130.913927,
     32.951522
    ]
   },
   "properties": {
    "id": "TH-n1473796739",
    "kind": "trailhead",
    "name": "（名称未確認）",
    "datum": "WGS84",
    "mountainIds": "871",
    "mountainNames": "鞍岳",
    "lists": "九州百名山",
    "routes": "OSM登山道「パノラマコース」",
    "entryType": "一般道との接続",
    "trailKmToSummit": "鞍岳:2.4km",
    "related": "",
    "attributes": "",
    "status": "candidate",
    "accuracyM": 30,
    "needsReview": "名称未確認、公式情報または2情報源での確認が必要",
    "sources": "OpenStreetMap（© OpenStreetMap contributors, ODbL 1.0）Geofabrik japan-latest.osm.pbf 2026-09-23T20:22:04Z node/1473796739（登山道と道路の接続点）",
    "verifiedAt": ""
   }
  },
  {
   "type": "Feature",
   "geometry": {
    "type": "Point",
    "coordinates": [
     130.811348,
     33.077601
    ]
   },
   "properties": {
    "id": "TH-n1478507327",
    "kind": "trailhead",
    "name": "（名称未確認）",
    "datum": "WGS84",
    "mountainIds": "866",
    "mountainNames": "八方ガ岳",
    "lists": "九州百名山",
    "routes": "",
    "entryType": "一般道との接続",
    "trailKmToSummit": "八方ガ岳:3.18km",
    "related": "",
    "attributes": "",
    "status": "candidate",
    "accuracyM": 30,
    "needsReview": "名称未確認、公式情報または2情報源での確認が必要",
    "sources": "OpenStreetMap（© OpenStreetMap contributors, ODbL 1.0）Geofabrik japan-latest.osm.pbf 2026-09-23T20:22:04Z node/1478507327（登山道と道路の接続点）",
    "verifiedAt": ""
   }
  },
  {
   "type": "Feature",
   "geometry": {
    "type": "Point",
    "coordinates": [
     130.814855,
     33.080987
    ]
   },
   "properties": {
    "id": "TH-n1478510826",
    "kind": "trailhead",
    "name": "（名称未確認）",
    "datum": "WGS84",
    "mountainIds": "866",
    "mountainNames": "八方ガ岳",
    "lists": "九州百名山",
    "routes": "",
    "entryType": "一般道との接続",
    "trailKmToSummit": "八方ガ岳:3.54km",
    "related": "",
    "attributes": "",
    "status": "candidate",
    "accuracyM": 30,
    "needsReview": "名称未確認、公式情報または2情報源での確認が必要",
    "sources": "OpenStreetMap（© OpenStreetMap contributors, ODbL 1.0）Geofabrik japan-latest.osm.pbf 2026-09-23T20:22:04Z node/1478510826（登山道と道路の接続点）",
    "verifiedAt": ""
   }
  },
  {
   "type": "Feature",
   "geometry": {
    "type": "Point",
    "coordinates": [
     130.613043,
     32.844278
    ]
   },
   "properties": {
    "id": "TH-n1480821204",
    "kind": "trailhead",
    "name": "（名称未確認）",
    "datum": "WGS84",
    "mountainIds": "878",
    "mountainNames": "二ノ岳",
    "lists": "九州百名山",
    "routes": "",
    "entryType": "一般道との接続",
    "trailKmToSummit": "二ノ岳:0.97km",
    "related": "",
    "attributes": "",
    "status": "candidate",
    "accuracyM": 30,
    "needsReview": "名称未確認、公式情報または2情報源での確認が必要",
    "sources": "OpenStreetMap（© OpenStreetMap contributors, ODbL 1.0）Geofabrik japan-latest.osm.pbf 2026-09-23T20:22:04Z node/1480821204（登山道と道路の接続点）",
    "verifiedAt": ""
   }
  },
  {
   "type": "Feature",
   "geometry": {
    "type": "Point",
    "coordinates": [
     130.6245352,
     32.850976
    ]
   },
   "properties": {
    "id": "TH-n1480822506",
    "kind": "trailhead",
    "name": "（名称未確認）",
    "datum": "WGS84",
    "mountainIds": "878",
    "mountainNames": "二ノ岳",
    "lists": "九州百名山",
    "routes": "",
    "entryType": "一般道との接続",
    "trailKmToSummit": "二ノ岳:0.79km",
    "related": "",
    "attributes": "",
    "status": "candidate",
    "accuracyM": 30,
    "needsReview": "名称未確認、公式情報または2情報源での確認が必要",
    "sources": "OpenStreetMap（© OpenStreetMap contributors, ODbL 1.0）Geofabrik japan-latest.osm.pbf 2026-09-23T20:22:04Z node/1480822506（登山道と道路の接続点）",
    "verifiedAt": ""
   }
  },
  {
   "type": "Feature",
   "geometry": {
    "type": "Point",
    "coordinates": [
     130.5307371,
     32.9644019
    ]
   },
   "properties": {
    "id": "TH-n1480907277",
    "kind": "trailhead",
    "name": "（名称未確認）",
    "datum": "WGS84",
    "mountainIds": "870",
    "mountainNames": "小岱山",
    "lists": "九州百名山",
    "routes": "",
    "entryType": "一般道（県道以上）との接続",
    "trailKmToSummit": "小岱山:3.5km",
    "related": "PK-w1238773863(200m) PK-w1246222069(404m)",
    "attributes": "",
    "status": "provisional",
    "accuracyM": 30,
    "needsReview": "名称未確認、登山道が道路を横断する地点（途中の入口の可能性）、公式情報または2情報源での確認が必要",
    "sources": "OpenStreetMap（© OpenStreetMap contributors, ODbL 1.0）Geofabrik japan-latest.osm.pbf 2026-09-23T20:22:04Z node/1480907277（登山道と道路の接続点）",
    "verifiedAt": ""
   }
  },
  {
   "type": "Feature",
   "geometry": {
    "type": "Point",
    "coordinates": [
     130.5295042,
     32.9682187
    ]
   },
   "properties": {
    "id": "TH-n1480909430",
    "kind": "trailhead",
    "name": "（名称未確認）",
    "datum": "WGS84",
    "mountainIds": "870",
    "mountainNames": "小岱山",
    "lists": "九州百名山",
    "routes": "",
    "entryType": "一般道との接続",
    "trailKmToSummit": "小岱山:2.29km",
    "related": "PK-w1246222069(47m) PK-w1238773863(300m)",
    "attributes": "",
    "status": "provisional",
    "accuracyM": 30,
    "needsReview": "名称未確認、公式情報または2情報源での確認が必要",
    "sources": "OpenStreetMap（© OpenStreetMap contributors, ODbL 1.0）Geofabrik japan-latest.osm.pbf 2026-09-23T20:22:04Z node/1480909430（登山道と道路の接続点）",
    "verifiedAt": ""
   }
  },
  {
   "type": "Feature",
   "geometry": {
    "type": "Point",
    "coordinates": [
     130.544259,
     32.976704
    ]
   },
   "properties": {
    "id": "TH-n1480911771",
    "kind": "trailhead",
    "name": "（名称未確認）",
    "datum": "WGS84",
    "mountainIds": "870",
    "mountainNames": "小岱山",
    "lists": "九州百名山",
    "routes": "",
    "entryType": "一般道との接続",
    "trailKmToSummit": "小岱山:2.31km",
    "related": "",
    "attributes": "",
    "status": "candidate",
    "accuracyM": 30,
    "needsReview": "名称未確認、公式情報または2情報源での確認が必要",
    "sources": "OpenStreetMap（© OpenStreetMap contributors, ODbL 1.0）Geofabrik japan-latest.osm.pbf 2026-09-23T20:22:04Z node/1480911771（登山道と道路の接続点）",
    "verifiedAt": ""
   }
  },
  {
   "type": "Feature",
   "geometry": {
    "type": "Point",
    "coordinates": [
     131.153562,
     33.142105
    ]
   },
   "properties": {
    "id": "TH-n1482919103",
    "kind": "trailhead",
    "name": "（名称未確認）",
    "datum": "WGS84",
    "mountainIds": "859",
    "mountainNames": "涌蓋山",
    "lists": "日本三百名山|九州百名山",
    "routes": "",
    "entryType": "道路の終点付近",
    "trailKmToSummit": "涌蓋山:1.06km",
    "related": "",
    "attributes": "",
    "status": "candidate",
    "accuracyM": 30,
    "needsReview": "名称未確認、林道からの入口（マイカー進入可否を要確認）、公式情報または2情報源での確認が必要",
    "sources": "OpenStreetMap（© OpenStreetMap contributors, ODbL 1.0）Geofabrik japan-latest.osm.pbf 2026-09-23T20:22:04Z node/1482919103（登山道と道路の接続点）",
    "verifiedAt": ""
   }
  },
  {
   "type": "Feature",
   "geometry": {
    "type": "Point",
    "coordinates": [
     130.9941217,
     33.5120263
    ]
   },
   "properties": {
    "id": "TH-n1498000541",
    "kind": "trailhead",
    "name": "（名称未確認）",
    "datum": "WGS84",
    "mountainIds": "828",
    "mountainNames": "犬ガ岳",
    "lists": "九州百名山",
    "routes": "",
    "entryType": "道路の終点付近",
    "trailKmToSummit": "犬ガ岳:1.16km",
    "related": "",
    "attributes": "",
    "status": "candidate",
    "accuracyM": 30,
    "needsReview": "名称未確認、林道からの入口（マイカー進入可否を要確認）、公式情報または2情報源での確認が必要",
    "sources": "OpenStreetMap（© OpenStreetMap contributors, ODbL 1.0）Geofabrik japan-latest.osm.pbf 2026-09-23T20:22:04Z node/1498000541（登山道と道路の接続点）",
    "verifiedAt": ""
   }
  },
  {
   "type": "Feature",
   "geometry": {
    "type": "Point",
    "coordinates": [
     130.991669,
     33.520942
    ]
   },
   "properties": {
    "id": "TH-n1498002301",
    "kind": "trailhead",
    "name": "（名称未確認）",
    "datum": "WGS84",
    "mountainIds": "826",
    "mountainNames": "求菩提山",
    "lists": "九州百名山",
    "routes": "",
    "entryType": "道路の終点付近",
    "trailKmToSummit": "求菩提山:3.04km",
    "related": "",
    "attributes": "",
    "status": "candidate",
    "accuracyM": 30,
    "needsReview": "名称未確認、林道からの入口（マイカー進入可否を要確認）、公式情報または2情報源での確認が必要",
    "sources": "OpenStreetMap（© OpenStreetMap contributors, ODbL 1.0）Geofabrik japan-latest.osm.pbf 2026-09-23T20:22:04Z node/1498002301（登山道と道路の接続点）",
    "verifiedAt": ""
   }
  },
  {
   "type": "Feature",
   "geometry": {
    "type": "Point",
    "coordinates": [
     131.016205,
     33.536191
    ]
   },
   "properties": {
    "id": "TH-n1498004046",
    "kind": "trailhead",
    "name": "（名称未確認）求菩提資料館前バス停付近",
    "datum": "WGS84",
    "mountainIds": "826",
    "mountainNames": "求菩提山",
    "lists": "九州百名山",
    "routes": "",
    "entryType": "一般道との接続",
    "trailKmToSummit": "求菩提山:0.78km",
    "related": "BS-kP11-22-40-bs6018(138m)",
    "attributes": "",
    "status": "provisional",
    "accuracyM": 30,
    "needsReview": "名称未確認、公式情報または2情報源での確認が必要",
    "sources": "OpenStreetMap（© OpenStreetMap contributors, ODbL 1.0）Geofabrik japan-latest.osm.pbf 2026-09-23T20:22:04Z node/1498004046（登山道と道路の接続点）",
    "verifiedAt": ""
   }
  },
  {
   "type": "Feature",
   "geometry": {
    "type": "Point",
    "coordinates": [
     131.011525,
     33.543783
    ]
   },
   "properties": {
    "id": "TH-n1498004983",
    "kind": "trailhead",
    "name": "（名称未確認）求菩提資料館前バス停付近",
    "datum": "WGS84",
    "mountainIds": "826",
    "mountainNames": "求菩提山",
    "lists": "九州百名山",
    "routes": "",
    "entryType": "一般道との接続",
    "trailKmToSummit": "求菩提山:0.39km",
    "related": "BS-kP11-22-40-bs6018(902m)",
    "attributes": "",
    "status": "provisional",
    "accuracyM": 30,
    "needsReview": "名称未確認、公式情報または2情報源での確認が必要",
    "sources": "OpenStreetMap（© OpenStreetMap contributors, ODbL 1.0）Geofabrik japan-latest.osm.pbf 2026-09-23T20:22:04Z node/1498004983（登山道と道路の接続点）",
    "verifiedAt": ""
   }
  },
  {
   "type": "Feature",
   "geometry": {
    "type": "Point",
    "coordinates": [
     131.0045279,
     33.5448922
    ]
   },
   "properties": {
    "id": "TH-n1498047328",
    "kind": "trailhead",
    "name": "（名称未確認）",
    "datum": "WGS84",
    "mountainIds": "826",
    "mountainNames": "求菩提山",
    "lists": "九州百名山",
    "routes": "",
    "entryType": "一般道（県道以上）との接続",
    "trailKmToSummit": "求菩提山:0.88km",
    "related": "",
    "attributes": "",
    "status": "candidate",
    "accuracyM": 30,
    "needsReview": "名称未確認、登山道が道路を横断する地点（途中の入口の可能性）、公式情報または2情報源での確認が必要",
    "sources": "OpenStreetMap（© OpenStreetMap contributors, ODbL 1.0）Geofabrik japan-latest.osm.pbf 2026-09-23T20:22:04Z node/1498047328（登山道と道路の接続点）",
    "verifiedAt": ""
   }
  },
  {
   "type": "Feature",
   "geometry": {
    "type": "Point",
    "coordinates": [
     130.899416,
     33.483524
    ]
   },
   "properties": {
    "id": "TH-n1503560223",
    "kind": "trailhead",
    "name": "（名称未確認）銅の鳥居バス停付近",
    "datum": "WGS84",
    "mountainIds": "832",
    "mountainNames": "英彦山",
    "lists": "日本二百名山|日本三百名山|九州百名山",
    "routes": "",
    "entryType": "一般道（県道以上）との接続",
    "trailKmToSummit": "英彦山:4.74km",
    "related": "BS-kP11-22-40-bs6851(265m) BS-kP11-22-40-bs6845(674m) BS-kP11-22-40-bs6836(686m)",
    "attributes": "",
    "status": "provisional",
    "accuracyM": 30,
    "needsReview": "名称未確認、公式情報または2情報源での確認が必要",
    "sources": "OpenStreetMap（© OpenStreetMap contributors, ODbL 1.0）Geofabrik japan-latest.osm.pbf 2026-09-23T20:22:04Z node/1503560223（登山道と道路の接続点）",
    "verifiedAt": ""
   }
  },
  {
   "type": "Feature",
   "geometry": {
    "type": "Point",
    "coordinates": [
     130.932137,
     33.484535
    ]
   },
   "properties": {
    "id": "TH-n1503560439",
    "kind": "trailhead",
    "name": "（名称未確認）豊前坊バス停付近",
    "datum": "WGS84",
    "mountainIds": "832",
    "mountainNames": "英彦山",
    "lists": "日本二百名山|日本三百名山|九州百名山",
    "routes": "",
    "entryType": "一般道との接続",
    "trailKmToSummit": "英彦山:1.79km",
    "related": "BS-kP11-22-40-bs6857(15m) BS-kP11-22-40-bs6818(781m)",
    "attributes": "",
    "status": "provisional",
    "accuracyM": 30,
    "needsReview": "名称未確認、公式情報または2情報源での確認が必要",
    "sources": "OpenStreetMap（© OpenStreetMap contributors, ODbL 1.0）Geofabrik japan-latest.osm.pbf 2026-09-23T20:22:04Z node/1503560439（登山道と道路の接続点）",
    "verifiedAt": ""
   }
  },
  {
   "type": "Feature",
   "geometry": {
    "type": "Point",
    "coordinates": [
     130.9070991,
     33.4850322
    ]
   },
   "properties": {
    "id": "TH-n1503560607",
    "kind": "trailhead",
    "name": "別所駐車場（英彦山 奉幣殿方面）",
    "datum": "WGS84",
    "mountainIds": "832",
    "mountainNames": "英彦山",
    "lists": "日本二百名山|日本三百名山|九州百名山",
    "routes": "",
    "entryType": "一般道（県道以上）との接続",
    "trailKmToSummit": "英彦山:2.52km",
    "related": "PK-w160579519(456m) PK-w238085928(475m) BS-kP11-22-40-bs6848(57m) BS-kP11-22-40-bs6836(307m) BS-kP11-22-40-bs6820(451m)",
    "attributes": "cable=英彦山スロープカー（銅の鳥居〜奉幣殿、469m・約15分）",
    "status": "adopted",
    "accuracyM": 15,
    "needsReview": "登山道が道路を横断する地点（途中の入口の可能性）、添田町が英彦山・鷹ノ巣山・岳滅鬼山の登山マップを公開している（添田町）",
    "sources": "OpenStreetMap（© OpenStreetMap contributors, ODbL 1.0）Geofabrik japan-latest.osm.pbf 2026-09-23T20:22:04Z node/1503560607（登山道と道路の接続点） ｜ 公式情報: https://www.town.soeda.fukuoka.jp/site/kankou/1032.html ｜ 公式情報: https://www.town.soeda.fukuoka.jp/hikosan-slopecar/ ｜ 公式情報: https://hikosan-slopecar.net/",
    "verifiedAt": "2026-09-20"
   }
  },
  {
   "type": "Feature",
   "geometry": {
    "type": "Point",
    "coordinates": [
     130.920547,
     33.488508
    ]
   },
   "properties": {
    "id": "TH-n1503562105",
    "kind": "trailhead",
    "name": "（名称未確認）青年の家入口バス停付近",
    "datum": "WGS84",
    "mountainIds": "832",
    "mountainNames": "英彦山",
    "lists": "日本二百名山|日本三百名山|九州百名山",
    "routes": "OSM登山道「九州自然歩道」",
    "entryType": "一般道との接続",
    "trailKmToSummit": "英彦山:2.0km",
    "related": "BS-kP11-22-40-bs6818(497m) BS-kP11-22-40-bs6817(688m)",
    "attributes": "",
    "status": "provisional",
    "accuracyM": 30,
    "needsReview": "名称未確認、公式情報または2情報源での確認が必要",
    "sources": "OpenStreetMap（© OpenStreetMap contributors, ODbL 1.0）Geofabrik japan-latest.osm.pbf 2026-09-23T20:22:04Z node/1503562105（登山道と道路の接続点）",
    "verifiedAt": ""
   }
  },
  {
   "type": "Feature",
   "geometry": {
    "type": "Point",
    "coordinates": [
     130.9070019,
     33.4892081
    ]
   },
   "properties": {
    "id": "TH-n1503562632",
    "kind": "trailhead",
    "name": "（名称未確認）別所駐車場付近",
    "datum": "WGS84",
    "mountainIds": "832",
    "mountainNames": "英彦山",
    "lists": "日本二百名山|日本三百名山|九州百名山",
    "routes": "",
    "entryType": "一般道（県道以上）との接続",
    "trailKmToSummit": "英彦山:3.0km",
    "related": "PK-w160579519(154m) PK-w238085928(206m) BS-kP11-22-40-bs6820(177m) BS-kP11-22-40-bs6815(247m) BS-kP11-22-40-bs6836(263m)",
    "attributes": "",
    "status": "provisional",
    "accuracyM": 30,
    "needsReview": "名称未確認、登山道が道路を横断する地点（途中の入口の可能性）、公式情報または2情報源での確認が必要",
    "sources": "OpenStreetMap（© OpenStreetMap contributors, ODbL 1.0）Geofabrik japan-latest.osm.pbf 2026-09-23T20:22:04Z node/1503562632（登山道と道路の接続点）",
    "verifiedAt": ""
   }
  },
  {
   "type": "Feature",
   "geometry": {
    "type": "Point",
    "coordinates": [
     130.8963553,
     33.7589467
    ]
   },
   "properties": {
    "id": "TH-n1508565083",
    "kind": "trailhead",
    "name": "（名称未確認）",
    "datum": "WGS84",
    "mountainIds": "795",
    "mountainNames": "貫山",
    "lists": "九州百名山",
    "routes": "",
    "entryType": "一般道との接続",
    "trailKmToSummit": "貫山:3.3km",
    "related": "PK-w877408193(281m)",
    "attributes": "",
    "status": "provisional",
    "accuracyM": 30,
    "needsReview": "名称未確認、登山道が道路を横断する地点（途中の入口の可能性）、近くの道路にゲートあり（車両通行止め・季節閉鎖の可能性）、公式情報または2情報源での確認が必要",
    "sources": "OpenStreetMap（© OpenStreetMap contributors, ODbL 1.0）Geofabrik japan-latest.osm.pbf 2026-09-23T20:22:04Z node/1508565083（登山道と道路の接続点）",
    "verifiedAt": ""
   }
  },
  {
   "type": "Feature",
   "geometry": {
    "type": "Point",
    "coordinates": [
     130.8917052,
     33.7617825
    ]
   },
   "properties": {
    "id": "TH-n1508565830",
    "kind": "trailhead",
    "name": "（名称未確認）",
    "datum": "WGS84",
    "mountainIds": "795",
    "mountainNames": "貫山",
    "lists": "九州百名山",
    "routes": "",
    "entryType": "一般道（県道以上）との接続",
    "trailKmToSummit": "貫山:3.64km",
    "related": "",
    "attributes": "",
    "status": "candidate",
    "accuracyM": 30,
    "needsReview": "名称未確認、近くの道路にゲートあり（車両通行止め・季節閉鎖の可能性）、公式情報または2情報源での確認が必要",
    "sources": "OpenStreetMap（© OpenStreetMap contributors, ODbL 1.0）Geofabrik japan-latest.osm.pbf 2026-09-23T20:22:04Z node/1508565830（登山道と道路の接続点）",
    "verifiedAt": ""
   }
  },
  {
   "type": "Feature",
   "geometry": {
    "type": "Point",
    "coordinates": [
     130.9043958,
     33.7622215
    ]
   },
   "properties": {
    "id": "TH-n1508565953",
    "kind": "trailhead",
    "name": "（名称未確認）茶ヶ床園地駐車場付近",
    "datum": "WGS84",
    "mountainIds": "795",
    "mountainNames": "貫山",
    "lists": "九州百名山",
    "routes": "",
    "entryType": "林道との接続",
    "trailKmToSummit": "貫山:2.77km",
    "related": "PK-w742071364(40m)",
    "attributes": "",
    "status": "provisional",
    "accuracyM": 30,
    "needsReview": "名称未確認、近くの道路にゲートあり（車両通行止め・季節閉鎖の可能性）、林道からの入口（マイカー進入可否を要確認）、公式情報または2情報源での確認が必要",
    "sources": "OpenStreetMap（© OpenStreetMap contributors, ODbL 1.0）Geofabrik japan-latest.osm.pbf 2026-09-23T20:22:04Z node/1508565953（登山道と道路の接続点）",
    "verifiedAt": ""
   }
  },
  {
   "type": "Feature",
   "geometry": {
    "type": "Point",
    "coordinates": [
     130.8899231,
     33.7650441
    ]
   },
   "properties": {
    "id": "TH-n1508566772",
    "kind": "trailhead",
    "name": "（名称未確認）",
    "datum": "WGS84",
    "mountainIds": "795",
    "mountainNames": "貫山",
    "lists": "九州百名山",
    "routes": "",
    "entryType": "一般道（県道以上）との接続",
    "trailKmToSummit": "貫山:3.15km",
    "related": "",
    "attributes": "",
    "status": "candidate",
    "accuracyM": 30,
    "needsReview": "名称未確認、近くの道路にゲートあり（車両通行止め・季節閉鎖の可能性）、公式情報または2情報源での確認が必要",
    "sources": "OpenStreetMap（© OpenStreetMap contributors, ODbL 1.0）Geofabrik japan-latest.osm.pbf 2026-09-23T20:22:04Z node/1508566772（登山道と道路の接続点）",
    "verifiedAt": ""
   }
  },
  {
   "type": "Feature",
   "geometry": {
    "type": "Point",
    "coordinates": [
     130.90977,
     33.852433
    ]
   },
   "properties": {
    "id": "TH-n1508615661",
    "kind": "trailhead",
    "name": "（名称未確認）安部山公園バス停付近",
    "datum": "WGS84",
    "mountainIds": "771",
    "mountainNames": "足立山",
    "lists": "九州百名山",
    "routes": "",
    "entryType": "一般道との接続",
    "trailKmToSummit": "足立山:1.57km",
    "related": "BS-kP11-22-40-bs1224(307m) BS-kP11-22-40-bs1252(425m) BS-kP11-22-40-bs1252(425m)",
    "attributes": "",
    "status": "provisional",
    "accuracyM": 30,
    "needsReview": "名称未確認、公式情報または2情報源での確認が必要",
    "sources": "OpenStreetMap（© OpenStreetMap contributors, ODbL 1.0）Geofabrik japan-latest.osm.pbf 2026-09-23T20:22:04Z node/1508615661（登山道と道路の接続点）",
    "verifiedAt": ""
   }
  },
  {
   "type": "Feature",
   "geometry": {
    "type": "Point",
    "coordinates": [
     130.947217,
     33.901676
    ]
   },
   "properties": {
    "id": "TH-n1528386826",
    "kind": "trailhead",
    "name": "（名称未確認）寺内バス停付近",
    "datum": "WGS84",
    "mountainIds": "771",
    "mountainNames": "足立山",
    "lists": "九州百名山",
    "routes": "",
    "entryType": "一般道との接続",
    "trailKmToSummit": "足立山:7.5km",
    "related": "BS-kP11-22-40-bs245(206m) BS-kP11-22-40-bs240(319m) BS-kP11-22-40-bs259(417m)",
    "attributes": "",
    "status": "provisional",
    "accuracyM": 30,
    "needsReview": "名称未確認、公式情報または2情報源での確認が必要",
    "sources": "OpenStreetMap（© OpenStreetMap contributors, ODbL 1.0）Geofabrik japan-latest.osm.pbf 2026-09-23T20:22:04Z node/1528386826（登山道と道路の接続点）",
    "verifiedAt": ""
   }
  },
  {
   "type": "Feature",
   "geometry": {
    "type": "Point",
    "coordinates": [
     130.791621,
     33.74951
    ]
   },
   "properties": {
    "id": "TH-n1530701048",
    "kind": "trailhead",
    "name": "（名称未確認）",
    "datum": "WGS84",
    "mountainIds": "802",
    "mountainNames": "福智山",
    "lists": "九州百名山",
    "routes": "OSM登山道「頓野林道85支線」",
    "entryType": "道路の終点付近",
    "trailKmToSummit": "福智山:2.37km",
    "related": "",
    "attributes": "",
    "status": "candidate",
    "accuracyM": 30,
    "needsReview": "名称未確認、林道からの入口（マイカー進入可否を要確認）、公式情報または2情報源での確認が必要",
    "sources": "OpenStreetMap（© OpenStreetMap contributors, ODbL 1.0）Geofabrik japan-latest.osm.pbf 2026-09-23T20:22:04Z node/1530701048（登山道と道路の接続点）",
    "verifiedAt": ""
   }
  },
  {
   "type": "Feature",
   "geometry": {
    "type": "Point",
    "coordinates": [
     130.726033,
     33.489525
    ]
   },
   "properties": {
    "id": "TH-n1551636866",
    "kind": "trailhead",
    "name": "（名称未確認）",
    "datum": "WGS84",
    "mountainIds": "829",
    "mountainNames": "古処山",
    "lists": "九州百名山",
    "routes": "",
    "entryType": "林道との接続",
    "trailKmToSummit": "古処山:0.8km",
    "related": "",
    "attributes": "",
    "status": "candidate",
    "accuracyM": 30,
    "needsReview": "名称未確認、林道からの入口（マイカー進入可否を要確認）、公式情報または2情報源での確認が必要",
    "sources": "OpenStreetMap（© OpenStreetMap contributors, ODbL 1.0）Geofabrik japan-latest.osm.pbf 2026-09-23T20:22:04Z node/1551636866（登山道と道路の接続点）",
    "verifiedAt": ""
   }
  },
  {
   "type": "Feature",
   "geometry": {
    "type": "Point",
    "coordinates": [
     130.755606,
     33.5003389
    ]
   },
   "properties": {
    "id": "TH-n1551641634",
    "kind": "trailhead",
    "name": "（名称未確認）",
    "datum": "WGS84",
    "mountainIds": "829",
    "mountainNames": "古処山",
    "lists": "九州百名山",
    "routes": "",
    "entryType": "一般道との接続",
    "trailKmToSummit": "古処山:4.94km",
    "related": "",
    "attributes": "",
    "status": "candidate",
    "accuracyM": 30,
    "needsReview": "名称未確認、公式情報または2情報源での確認が必要",
    "sources": "OpenStreetMap（© OpenStreetMap contributors, ODbL 1.0）Geofabrik japan-latest.osm.pbf 2026-09-23T20:22:04Z node/1551641634（登山道と道路の接続点）",
    "verifiedAt": ""
   }
  },
  {
   "type": "Feature",
   "geometry": {
    "type": "Point",
    "coordinates": [
     130.7189349,
     33.480874
    ]
   },
   "properties": {
    "id": "TH-n1554209476",
    "kind": "trailhead",
    "name": "（名称未確認）",
    "datum": "WGS84",
    "mountainIds": "829",
    "mountainNames": "古処山",
    "lists": "九州百名山",
    "routes": "",
    "entryType": "一般道との接続",
    "trailKmToSummit": "古処山:0.69km",
    "related": "",
    "attributes": "",
    "status": "candidate",
    "accuracyM": 30,
    "needsReview": "名称未確認、登山道が道路を横断する地点（途中の入口の可能性）、公式情報または2情報源での確認が必要",
    "sources": "OpenStreetMap（© OpenStreetMap contributors, ODbL 1.0）Geofabrik japan-latest.osm.pbf 2026-09-23T20:22:04Z node/1554209476（登山道と道路の接続点）",
    "verifiedAt": ""
   }
  },
  {
   "type": "Feature",
   "geometry": {
    "type": "Point",
    "coordinates": [
     130.713188,
     33.4877589
    ]
   },
   "properties": {
    "id": "TH-n1554213416",
    "kind": "trailhead",
    "name": "（名称未確認）",
    "datum": "WGS84",
    "mountainIds": "829",
    "mountainNames": "古処山",
    "lists": "九州百名山",
    "routes": "",
    "entryType": "一般道との接続",
    "trailKmToSummit": "古処山:1.36km",
    "related": "",
    "attributes": "",
    "status": "candidate",
    "accuracyM": 30,
    "needsReview": "名称未確認、公式情報または2情報源での確認が必要",
    "sources": "OpenStreetMap（© OpenStreetMap contributors, ODbL 1.0）Geofabrik japan-latest.osm.pbf 2026-09-23T20:22:04Z node/1554213416（登山道と道路の接続点）",
    "verifiedAt": ""
   }
  },
  {
   "type": "Feature",
   "geometry": {
    "type": "Point",
    "coordinates": [
     130.9053466,
     33.8753707
    ]
   },
   "properties": {
    "id": "TH-n1579493511",
    "kind": "trailhead",
    "name": "（名称未確認）小文字二丁目バス停付近",
    "datum": "WGS84",
    "mountainIds": "771",
    "mountainNames": "足立山",
    "lists": "九州百名山",
    "routes": "",
    "entryType": "一般道との接続",
    "trailKmToSummit": "足立山:2.52km",
    "related": "PK-w563973261(20m) PK-n7675882690(268m) BS-kP11-22-40-bs717(461m) BS-kP11-22-40-bs667(497m) BS-kP11-22-40-bs751(569m)",
    "attributes": "",
    "status": "provisional",
    "accuracyM": 30,
    "needsReview": "名称未確認、公式情報または2情報源での確認が必要",
    "sources": "OpenStreetMap（© OpenStreetMap contributors, ODbL 1.0）Geofabrik japan-latest.osm.pbf 2026-09-23T20:22:04Z node/1579493511（登山道と道路の接続点）",
    "verifiedAt": ""
   }
  },
  {
   "type": "Feature",
   "geometry": {
    "type": "Point",
    "coordinates": [
     130.907112,
     33.87773
    ]
   },
   "properties": {
    "id": "TH-n1579495691",
    "kind": "trailhead",
    "name": "（名称未確認）大谷池バス停付近",
    "datum": "WGS84",
    "mountainIds": "771",
    "mountainNames": "足立山",
    "lists": "九州百名山",
    "routes": "",
    "entryType": "一般道との接続",
    "trailKmToSummit": "足立山:2.61km",
    "related": "PK-n7675882690(196m) PK-w563973261(326m) BS-kP11-22-40-bs635(268m) BS-kP11-22-40-bs608(392m) BS-kP11-22-40-bs667(580m)",
    "attributes": "",
    "status": "provisional",
    "accuracyM": 30,
    "needsReview": "名称未確認、公式情報または2情報源での確認が必要",
    "sources": "OpenStreetMap（© OpenStreetMap contributors, ODbL 1.0）Geofabrik japan-latest.osm.pbf 2026-09-23T20:22:04Z node/1579495691（登山道と道路の接続点）",
    "verifiedAt": ""
   }
  },
  {
   "type": "Feature",
   "geometry": {
    "type": "Point",
    "coordinates": [
     131.1341603,
     32.8943661
    ]
   },
   "properties": {
    "id": "TH-n1679059508",
    "kind": "trailhead",
    "name": "（名称未確認）",
    "datum": "WGS84",
    "mountainIds": "874",
    "mountainNames": "根子岳",
    "lists": "九州百名山",
    "routes": "",
    "entryType": "道路の終点付近",
    "trailKmToSummit": "根子岳:1.71km",
    "related": "",
    "attributes": "",
    "status": "candidate",
    "accuracyM": 30,
    "needsReview": "名称未確認、林道からの入口（マイカー進入可否を要確認）、公式情報または2情報源での確認が必要",
    "sources": "OpenStreetMap（© OpenStreetMap contributors, ODbL 1.0）Geofabrik japan-latest.osm.pbf 2026-09-23T20:22:04Z node/1679059508（登山道と道路の接続点）",
    "verifiedAt": ""
   }
  },
  {
   "type": "Feature",
   "geometry": {
    "type": "Point",
    "coordinates": [
     130.8836006,
     33.1974323
    ]
   },
   "properties": {
    "id": "TH-n1679175724",
    "kind": "trailhead",
    "name": "（名称未確認）",
    "datum": "WGS84",
    "mountainIds": "855",
    "mountainNames": "釈迦ガ岳",
    "lists": "九州百名山",
    "routes": "OSM登山道「御前岳登山道」",
    "entryType": "一般道との接続",
    "trailKmToSummit": "釈迦ガ岳:3.13km",
    "related": "PK-n1679175728(74m)",
    "attributes": "",
    "status": "provisional",
    "accuracyM": 30,
    "needsReview": "名称未確認、公式情報または2情報源での確認が必要",
    "sources": "OpenStreetMap（© OpenStreetMap contributors, ODbL 1.0）Geofabrik japan-latest.osm.pbf 2026-09-23T20:22:04Z node/1679175724（登山道と道路の接続点）",
    "verifiedAt": ""
   }
  },
  {
   "type": "Feature",
   "geometry": {
    "type": "Point",
    "coordinates": [
     131.4521153,
     33.2973419
    ]
   },
   "properties": {
    "id": "TH-n1712254871",
    "kind": "trailhead",
    "name": "（名称未確認）自衛隊前バス停付近",
    "datum": "WGS84",
    "mountainIds": "848",
    "mountainNames": "鶴見岳",
    "lists": "日本三百名山|九州百名山",
    "routes": "",
    "entryType": "一般道との接続",
    "trailKmToSummit": "鶴見岳:5.93km",
    "related": "PK-w418394376(472m) BS-kP11-22-44-bs3194(830m) BS-n7018661887(846m) BS-kP11-22-44-bs3265(913m)",
    "attributes": "",
    "status": "provisional",
    "accuracyM": 30,
    "needsReview": "名称未確認、公式情報または2情報源での確認が必要",
    "sources": "OpenStreetMap（© OpenStreetMap contributors, ODbL 1.0）Geofabrik japan-latest.osm.pbf 2026-09-23T20:22:04Z node/1712254871（登山道と道路の接続点）",
    "verifiedAt": ""
   }
  },
  {
   "type": "Feature",
   "geometry": {
    "type": "Point",
    "coordinates": [
     131.9806025,
     32.8941668
    ]
   },
   "properties": {
    "id": "TH-n1720482527",
    "kind": "trailhead",
    "name": "（名称未確認）宮の下バス停付近",
    "datum": "WGS84",
    "mountainIds": "872",
    "mountainNames": "元越山",
    "lists": "九州百名山",
    "routes": "",
    "entryType": "一般道との接続",
    "trailKmToSummit": "元越山:2.32km",
    "related": "BS-kP11-22-44-bs6802(367m) BS-kP11-22-44-bs6806(445m) BS-kP11-22-44-bs6809(556m)",
    "attributes": "",
    "status": "provisional",
    "accuracyM": 30,
    "needsReview": "名称未確認、公式情報または2情報源での確認が必要",
    "sources": "OpenStreetMap（© OpenStreetMap contributors, ODbL 1.0）Geofabrik japan-latest.osm.pbf 2026-09-23T20:22:04Z node/1720482527（登山道と道路の接続点）",
    "verifiedAt": ""
   }
  },
  {
   "type": "Feature",
   "geometry": {
    "type": "Point",
    "coordinates": [
     131.0043868,
     32.4800041
    ]
   },
   "properties": {
    "id": "TH-n1722371120",
    "kind": "trailhead",
    "name": "（名称未確認）",
    "datum": "WGS84",
    "mountainIds": "908",
    "mountainNames": "白鳥山",
    "lists": "九州百名山",
    "routes": "",
    "entryType": "一般道との接続",
    "trailKmToSummit": "白鳥山:2.71km",
    "related": "",
    "attributes": "",
    "status": "candidate",
    "accuracyM": 30,
    "needsReview": "名称未確認、公式情報または2情報源での確認が必要",
    "sources": "OpenStreetMap（© OpenStreetMap contributors, ODbL 1.0）Geofabrik japan-latest.osm.pbf 2026-09-23T20:22:04Z node/1722371120（登山道と道路の接続点）",
    "verifiedAt": ""
   }
  },
  {
   "type": "Feature",
   "geometry": {
    "type": "Point",
    "coordinates": [
     131.0119299,
     32.4817482
    ]
   },
   "properties": {
    "id": "TH-n1722371129",
    "kind": "trailhead",
    "name": "（名称未確認）",
    "datum": "WGS84",
    "mountainIds": "875 904 908",
    "mountainNames": "烏帽子岳、国見岳、白鳥山",
    "lists": "九州百名山|日本三百名山",
    "routes": "",
    "entryType": "一般道との接続",
    "trailKmToSummit": "烏帽子岳:4.07km 国見岳:9.33km 白鳥山:2.59km",
    "related": "PK-n1722371079(13m)",
    "attributes": "",
    "status": "provisional",
    "accuracyM": 30,
    "needsReview": "名称未確認、登山道が道路を横断する地点（途中の入口の可能性）、公式情報または2情報源での確認が必要",
    "sources": "OpenStreetMap（© OpenStreetMap contributors, ODbL 1.0）Geofabrik japan-latest.osm.pbf 2026-09-23T20:22:04Z node/1722371129（登山道と道路の接続点）",
    "verifiedAt": ""
   }
  },
  {
   "type": "Feature",
   "geometry": {
    "type": "Point",
    "coordinates": [
     131.272648,
     32.6399328
    ]
   },
   "properties": {
    "id": "TH-n1722516690",
    "kind": "trailhead",
    "name": "諸塚山登山口前",
    "datum": "WGS84",
    "mountainIds": "897",
    "mountainNames": "諸塚山",
    "lists": "九州百名山",
    "routes": "",
    "entryType": "登山口（OSMの登山口地物）",
    "trailKmToSummit": "諸塚山:1.58km",
    "related": "",
    "attributes": "",
    "status": "adopted",
    "accuracyM": 15,
    "needsReview": "採用の根拠: OSMの登山口名と、地理院地図の徒歩道が道路から始まる位置の一致（公式情報では未確認）",
    "sources": "OpenStreetMap（© OpenStreetMap contributors, ODbL 1.0）Geofabrik japan-latest.osm.pbf 2026-09-23T20:22:04Z node/1722516690 ｜ 国土地理院ベクトルタイル提供実験 地理院地図の徒歩道の起点（32.639694, 131.272510、JGD2011、29m差）2026-09-24確認",
    "verifiedAt": ""
   }
  },
  {
   "type": "Feature",
   "geometry": {
    "type": "Point",
    "coordinates": [
     131.3826647,
     31.8139336
    ]
   },
   "properties": {
    "id": "TH-n1722524604",
    "kind": "trailhead",
    "name": "（名称未確認）",
    "datum": "WGS84",
    "mountainIds": "923",
    "mountainNames": "双石山",
    "lists": "九州百名山",
    "routes": "",
    "entryType": "一般道（県道以上）との接続",
    "trailKmToSummit": "双石山:2.45km",
    "related": "",
    "attributes": "",
    "status": "candidate",
    "accuracyM": 30,
    "needsReview": "名称未確認、公式情報または2情報源での確認が必要",
    "sources": "OpenStreetMap（© OpenStreetMap contributors, ODbL 1.0）Geofabrik japan-latest.osm.pbf 2026-09-23T20:22:04Z node/1722524604（登山道と道路の接続点）",
    "verifiedAt": ""
   }
  },
  {
   "type": "Feature",
   "geometry": {
    "type": "Point",
    "coordinates": [
     131.3697525,
     31.7974249
    ]
   },
   "properties": {
    "id": "TH-n1722524782",
    "kind": "trailhead",
    "name": "（名称未確認）",
    "datum": "WGS84",
    "mountainIds": "923",
    "mountainNames": "双石山",
    "lists": "九州百名山",
    "routes": "",
    "entryType": "一般道（県道以上）との接続",
    "trailKmToSummit": "双石山:0.9km",
    "related": "",
    "attributes": "",
    "status": "candidate",
    "accuracyM": 30,
    "needsReview": "名称未確認、公式情報または2情報源での確認が必要",
    "sources": "OpenStreetMap（© OpenStreetMap contributors, ODbL 1.0）Geofabrik japan-latest.osm.pbf 2026-09-23T20:22:04Z node/1722524782（登山道と道路の接続点）",
    "verifiedAt": ""
   }
  },
  {
   "type": "Feature",
   "geometry": {
    "type": "Point",
    "coordinates": [
     131.4420136,
     32.2983193
    ]
   },
   "properties": {
    "id": "TH-n1723528563",
    "kind": "trailhead",
    "name": "（名称未確認）",
    "datum": "WGS84",
    "mountainIds": "914",
    "mountainNames": "尾鈴山",
    "lists": "日本二百名山|日本三百名山|九州百名山",
    "routes": "",
    "entryType": "道路の終点付近",
    "trailKmToSummit": "尾鈴山:1.6km",
    "related": "",
    "attributes": "",
    "status": "candidate",
    "accuracyM": 30,
    "needsReview": "名称未確認、林道からの入口（マイカー進入可否を要確認）、公式情報または2情報源での確認が必要",
    "sources": "OpenStreetMap（© OpenStreetMap contributors, ODbL 1.0）Geofabrik japan-latest.osm.pbf 2026-09-23T20:22:04Z node/1723528563（登山道と道路の接続点）",
    "verifiedAt": ""
   }
  },
  {
   "type": "Feature",
   "geometry": {
    "type": "Point",
    "coordinates": [
     131.940018,
     32.9176804
    ]
   },
   "properties": {
    "id": "TH-n1724765592",
    "kind": "trailhead",
    "name": "元越山登山口前",
    "datum": "WGS84",
    "mountainIds": "872",
    "mountainNames": "元越山",
    "lists": "九州百名山",
    "routes": "",
    "entryType": "登山口（OSMの登山口地物）",
    "trailKmToSummit": "元越山:3.01km",
    "related": "BS-kP11-22-44-bs6699(815m) BS-kP11-22-44-bs6696(899m) BS-n9129587248(926m)",
    "attributes": "",
    "status": "provisional",
    "accuracyM": 15,
    "needsReview": "公式情報または2情報源での確認が必要",
    "sources": "OpenStreetMap（© OpenStreetMap contributors, ODbL 1.0）Geofabrik japan-latest.osm.pbf 2026-09-23T20:22:04Z node/1724765592",
    "verifiedAt": ""
   }
  },
  {
   "type": "Feature",
   "geometry": {
    "type": "Point",
    "coordinates": [
     131.3070916,
     32.2760893
    ]
   },
   "properties": {
    "id": "TH-n1726376559",
    "kind": "trailhead",
    "name": "（名称未確認）",
    "datum": "WGS84",
    "mountainIds": "915",
    "mountainNames": "地蔵岳",
    "lists": "九州百名山",
    "routes": "",
    "entryType": "道路の終点付近",
    "trailKmToSummit": "地蔵岳:1.51km",
    "related": "",
    "attributes": "",
    "status": "candidate",
    "accuracyM": 30,
    "needsReview": "名称未確認、公式情報または2情報源での確認が必要",
    "sources": "OpenStreetMap（© OpenStreetMap contributors, ODbL 1.0）Geofabrik japan-latest.osm.pbf 2026-09-23T20:22:04Z node/1726376559（登山道と道路の接続点）",
    "verifiedAt": ""
   }
  },
  {
   "type": "Feature",
   "geometry": {
    "type": "Point",
    "coordinates": [
     131.0266721,
     32.6212702
    ]
   },
   "properties": {
    "id": "TH-n1726386525",
    "kind": "trailhead",
    "name": "（名称未確認）",
    "datum": "WGS84",
    "mountainIds": "900",
    "mountainNames": "天主山",
    "lists": "九州百名山",
    "routes": "",
    "entryType": "道路の終点付近",
    "trailKmToSummit": "天主山:2.57km",
    "related": "",
    "attributes": "",
    "status": "candidate",
    "accuracyM": 30,
    "needsReview": "名称未確認、林道からの入口（マイカー進入可否を要確認）、公式情報または2情報源での確認が必要",
    "sources": "OpenStreetMap（© OpenStreetMap contributors, ODbL 1.0）Geofabrik japan-latest.osm.pbf 2026-09-23T20:22:04Z node/1726386525（登山道と道路の接続点）",
    "verifiedAt": ""
   }
  },
  {
   "type": "Feature",
   "geometry": {
    "type": "Point",
    "coordinates": [
     130.8785986,
     31.1374339
    ]
   },
   "properties": {
    "id": "TH-n1727301730",
    "kind": "trailhead",
    "name": "（名称未確認）",
    "datum": "WGS84",
    "mountainIds": "932",
    "mountainNames": "稲尾岳",
    "lists": "九州百名山",
    "routes": "",
    "entryType": "道路の終点付近",
    "trailKmToSummit": "稲尾岳:5.2km",
    "related": "",
    "attributes": "",
    "status": "candidate",
    "accuracyM": 30,
    "needsReview": "名称未確認、林道からの入口（マイカー進入可否を要確認）、公式情報または2情報源での確認が必要",
    "sources": "OpenStreetMap（© OpenStreetMap contributors, ODbL 1.0）Geofabrik japan-latest.osm.pbf 2026-09-23T20:22:04Z node/1727301730（登山道と道路の接続点）",
    "verifiedAt": ""
   }
  },
  {
   "type": "Feature",
   "geometry": {
    "type": "Point",
    "coordinates": [
     130.861475,
     31.1272901
    ]
   },
   "properties": {
    "id": "TH-n1727301756",
    "kind": "trailhead",
    "name": "（名称未確認）",
    "datum": "WGS84",
    "mountainIds": "932",
    "mountainNames": "稲尾岳",
    "lists": "九州百名山",
    "routes": "",
    "entryType": "一般道との接続",
    "trailKmToSummit": "稲尾岳:3.46km",
    "related": "",
    "attributes": "",
    "status": "candidate",
    "accuracyM": 30,
    "needsReview": "名称未確認、公式情報または2情報源での確認が必要",
    "sources": "OpenStreetMap（© OpenStreetMap contributors, ODbL 1.0）Geofabrik japan-latest.osm.pbf 2026-09-23T20:22:04Z node/1727301756（登山道と道路の接続点）",
    "verifiedAt": ""
   }
  },
  {
   "type": "Feature",
   "geometry": {
    "type": "Point",
    "coordinates": [
     130.9779195,
     31.2567367
    ]
   },
   "properties": {
    "id": "TH-n1727304554",
    "kind": "trailhead",
    "name": "甫与志岳登山口前",
    "datum": "WGS84",
    "mountainIds": "930",
    "mountainNames": "甫与志岳",
    "lists": "九州百名山",
    "routes": "",
    "entryType": "登山口（OSMの登山口地物）",
    "trailKmToSummit": "甫与志岳:1.51km",
    "related": "",
    "attributes": "",
    "status": "adopted",
    "accuracyM": 15,
    "needsReview": "採用の根拠: OSMの登山口名と、地理院地図の徒歩道が道路から始まる位置の一致（公式情報では未確認）",
    "sources": "OpenStreetMap（© OpenStreetMap contributors, ODbL 1.0）Geofabrik japan-latest.osm.pbf 2026-09-23T20:22:04Z node/1727304554 ｜ 国土地理院ベクトルタイル提供実験 地理院地図の徒歩道の起点（31.256756, 130.977750、JGD2011、16m差）2026-09-24確認",
    "verifiedAt": ""
   }
  },
  {
   "type": "Feature",
   "geometry": {
    "type": "Point",
    "coordinates": [
     131.325259,
     32.8204687
    ]
   },
   "properties": {
    "id": "TH-n1728530871",
    "kind": "trailhead",
    "name": "北谷登山口（祖母山）",
    "datum": "WGS84",
    "mountainIds": "857 876 877 881 882",
    "mountainNames": "障子岳、越敷岳、大障子、祖母山、古祖母山",
    "lists": "九州百名山|日本百名山|日本二百名山|日本三百名山",
    "routes": "北谷登山口（千間平）コース",
    "entryType": "登山口（OSMの登山口地物）",
    "trailKmToSummit": "障子岳:3.86km 越敷岳:6.31km 大障子:7.59km 祖母山:2.66km 古祖母山:5.92km",
    "related": "",
    "attributes": "restriction=登山口までのアクセス道路で道路改良工事による交通制限・迂回がある",
    "status": "adopted",
    "accuracyM": 15,
    "needsReview": "祖母山北谷登山口へのアクセス道路は工事のため通行止め・迂回となる期間がある（祖母・傾・大崩ユネスコエコパーク）、入山前に高千穂町・エコパーク協議会の道路情報を確認すること",
    "sources": "OpenStreetMap（© OpenStreetMap contributors, ODbL 1.0）Geofabrik japan-latest.osm.pbf 2026-09-23T20:22:04Z node/1728530871 ｜ 国土地理院ベクトルタイル提供実験 地理院地図の徒歩道の起点（32.820569, 131.325364、JGD2011、15m差）2026-09-24確認 ｜ 公式情報: https://sobokatamuki-br-council.org/information/%E7%A5%96%E6%AF%8D%E5%B1%B1%E5%8C%97%E8%B0%B7%E7%99%BB%E5%B1%B1%E5%8F%A3%E3%80%80%E9%81%93%E8%B7%AF%E6%94%B9%E8%89%AF%E5%B7%A5%E4%BA%8B%E3%81%AB%E3%82%88%E3%82%8B%E8%BF%82%E5%9B%9E%E8%B7%AF%E3%81%AE ｜ 公式情報: https://takachiho-kanko.info/sightseeing/26/",
    "verifiedAt": "2026-09-20"
   }
  },
  {
   "type": "Feature",
   "geometry": {
    "type": "Point",
    "coordinates": [
     131.165836,
     33.1299637
    ]
   },
   "properties": {
    "id": "TH-n1728590066",
    "kind": "trailhead",
    "name": "（名称未確認）",
    "datum": "WGS84",
    "mountainIds": "859",
    "mountainNames": "涌蓋山",
    "lists": "日本三百名山|九州百名山",
    "routes": "",
    "entryType": "林道との接続",
    "trailKmToSummit": "涌蓋山:1.21km",
    "related": "",
    "attributes": "",
    "status": "candidate",
    "accuracyM": 30,
    "needsReview": "名称未確認、林道からの入口（マイカー進入可否を要確認）、公式情報または2情報源での確認が必要",
    "sources": "OpenStreetMap（© OpenStreetMap contributors, ODbL 1.0）Geofabrik japan-latest.osm.pbf 2026-09-23T20:22:04Z node/1728590066（登山道と道路の接続点）",
    "verifiedAt": ""
   }
  },
  {
   "type": "Feature",
   "geometry": {
    "type": "Point",
    "coordinates": [
     131.1129637,
     32.5765948
    ]
   },
   "properties": {
    "id": "TH-n1728615538",
    "kind": "trailhead",
    "name": "ゴボウ畠登山口前",
    "datum": "WGS84",
    "mountainIds": "902 905",
    "mountainNames": "白岩山、扇山",
    "lists": "九州百名山",
    "routes": "",
    "entryType": "登山口（OSMの登山口地物）",
    "trailKmToSummit": "白岩山:1.5km 扇山:9.54km",
    "related": "",
    "attributes": "",
    "status": "provisional",
    "accuracyM": 15,
    "needsReview": "公式情報または2情報源での確認が必要",
    "sources": "OpenStreetMap（© OpenStreetMap contributors, ODbL 1.0）Geofabrik japan-latest.osm.pbf 2026-09-23T20:22:04Z node/1728615538",
    "verifiedAt": ""
   }
  },
  {
   "type": "Feature",
   "geometry": {
    "type": "Point",
    "coordinates": [
     130.939425,
     32.4405658
    ]
   },
   "properties": {
    "id": "TH-n1735992296",
    "kind": "trailhead",
    "name": "トンネル登山口駐車場",
    "datum": "WGS84",
    "mountainIds": "908",
    "mountainNames": "白鳥山",
    "lists": "九州百名山",
    "routes": "",
    "entryType": "登山口（OSMの登山口地物）",
    "trailKmToSummit": "白鳥山:9.3km",
    "related": "",
    "attributes": "",
    "status": "provisional",
    "accuracyM": 15,
    "needsReview": "公式情報または2情報源での確認が必要",
    "sources": "OpenStreetMap（© OpenStreetMap contributors, ODbL 1.0）Geofabrik japan-latest.osm.pbf 2026-09-23T20:22:04Z node/1735992296",
    "verifiedAt": ""
   }
  },
  {
   "type": "Feature",
   "geometry": {
    "type": "Point",
    "coordinates": [
     130.9156495,
     32.5791287
    ]
   },
   "properties": {
    "id": "TH-n1741353352",
    "kind": "trailhead",
    "name": "（名称未確認）",
    "datum": "WGS84",
    "mountainIds": "901",
    "mountainNames": "京丈山",
    "lists": "九州百名山",
    "routes": "",
    "entryType": "道路の終点付近",
    "trailKmToSummit": "京丈山:4.12km",
    "related": "",
    "attributes": "",
    "status": "candidate",
    "accuracyM": 30,
    "needsReview": "名称未確認、公式情報または2情報源での確認が必要",
    "sources": "OpenStreetMap（© OpenStreetMap contributors, ODbL 1.0）Geofabrik japan-latest.osm.pbf 2026-09-23T20:22:04Z node/1741353352（登山道と道路の接続点）",
    "verifiedAt": ""
   }
  },
  {
   "type": "Feature",
   "geometry": {
    "type": "Point",
    "coordinates": [
     131.2264731,
     33.101236
    ]
   },
   "properties": {
    "id": "TH-n1743984459",
    "kind": "trailhead",
    "name": "大曲",
    "datum": "WGS84",
    "mountainIds": "861 862 863 865",
    "mountainNames": "黒岳、三俣山、大船山、九重山",
    "lists": "九州百名山|日本三百名山|日本百名山|日本二百名山",
    "routes": "",
    "entryType": "駐車場・バス停（林道・車道を経由して登山道へ）",
    "trailKmToSummit": "黒岳:9.85km 三俣山:2.69km 大船山:6.52km 九重山:3.52km",
    "related": "PK-n1743984459(0m) BS-kP11-22-44-bs5151(964m)",
    "attributes": "",
    "status": "provisional",
    "accuracyM": 15,
    "needsReview": "林道からの入口（マイカー進入可否を要確認）、公式情報または2情報源での確認が必要",
    "sources": "OpenStreetMap（© OpenStreetMap contributors, ODbL 1.0）Geofabrik japan-latest.osm.pbf 2026-09-23T20:22:04Z node/1743984459 ｜ OpenStreetMap（© OpenStreetMap contributors, ODbL 1.0）Geofabrik japan-latest.osm.pbf 2026-09-23T20:22:04Z node/1308423314（登山道と道路の接続点）",
    "verifiedAt": ""
   }
  },
  {
   "type": "Feature",
   "geometry": {
    "type": "Point",
    "coordinates": [
     131.4390586,
     33.272658
    ]
   },
   "properties": {
    "id": "TH-n1744178824",
    "kind": "trailhead",
    "name": "（名称未確認）鳥居バス停付近",
    "datum": "WGS84",
    "mountainIds": "848",
    "mountainNames": "鶴見岳",
    "lists": "日本三百名山|九州百名山",
    "routes": "",
    "entryType": "一般道との接続",
    "trailKmToSummit": "鶴見岳:2.24km",
    "related": "PK-w162552685(47m) BS-kP11-22-44-bs3481(431m) BS-kP11-22-44-bs3480(457m) BS-kP11-22-44-bs3443(580m)",
    "attributes": "",
    "status": "provisional",
    "accuracyM": 30,
    "needsReview": "名称未確認、公式情報または2情報源での確認が必要",
    "sources": "OpenStreetMap（© OpenStreetMap contributors, ODbL 1.0）Geofabrik japan-latest.osm.pbf 2026-09-23T20:22:04Z node/1744178824（登山道と道路の接続点）",
    "verifiedAt": ""
   }
  },
  {
   "type": "Feature",
   "geometry": {
    "type": "Point",
    "coordinates": [
     129.903235,
     33.1966082
    ]
   },
   "properties": {
    "id": "TH-n1744238597",
    "kind": "trailhead",
    "name": "（名称未確認）石場前バス停付近",
    "datum": "WGS84",
    "mountainIds": "851",
    "mountainNames": "黒髪山",
    "lists": "九州百名山",
    "routes": "",
    "entryType": "一般道との接続",
    "trailKmToSummit": "黒髪山:2.5km",
    "related": "BS-kP11-22-41-bs2503(435m) BS-kP11-22-41-bs2536(549m) BS-kP11-22-41-bs2540(588m)",
    "attributes": "",
    "status": "provisional",
    "accuracyM": 30,
    "needsReview": "名称未確認、近くの道路にゲートあり（車両通行止め・季節閉鎖の可能性）、公式情報または2情報源での確認が必要",
    "sources": "OpenStreetMap（© OpenStreetMap contributors, ODbL 1.0）Geofabrik japan-latest.osm.pbf 2026-09-23T20:22:04Z node/1744238597（登山道と道路の接続点）",
    "verifiedAt": ""
   }
  },
  {
   "type": "Feature",
   "geometry": {
    "type": "Point",
    "coordinates": [
     129.9044896,
     33.2133619
    ]
   },
   "properties": {
    "id": "TH-n1744246490",
    "kind": "trailhead",
    "name": "（名称未確認）",
    "datum": "WGS84",
    "mountainIds": "851",
    "mountainNames": "黒髪山",
    "lists": "九州百名山",
    "routes": "",
    "entryType": "一般道との接続",
    "trailKmToSummit": "黒髪山:0.2km",
    "related": "PK-w487549493(20m) PK-w487549497(179m) PK-w487549490(374m)",
    "attributes": "",
    "status": "provisional",
    "accuracyM": 30,
    "needsReview": "名称未確認、近くの道路にゲートあり（車両通行止め・季節閉鎖の可能性）、公式情報または2情報源での確認が必要",
    "sources": "OpenStreetMap（© OpenStreetMap contributors, ODbL 1.0）Geofabrik japan-latest.osm.pbf 2026-09-23T20:22:04Z node/1744246490（登山道と道路の接続点）",
    "verifiedAt": ""
   }
  },
  {
   "type": "Feature",
   "geometry": {
    "type": "Point",
    "coordinates": [
     130.0657487,
     32.9771145
    ]
   },
   "properties": {
    "id": "TH-n1752057933",
    "kind": "trailhead",
    "name": "（名称未確認）黒木林道駐車場付近",
    "datum": "WGS84",
    "mountainIds": "868 869",
    "mountainNames": "経ガ岳、多良岳",
    "lists": "九州百名山|日本三百名山",
    "routes": "",
    "entryType": "一般道との接続",
    "trailKmToSummit": "経ガ岳:2.08km 多良岳:3.72km",
    "related": "PK-n1752049254(246m) BS-n12176267592(541m) BS-n1344041207(545m) BS-n1344053205(545m)",
    "attributes": "",
    "status": "provisional",
    "accuracyM": 30,
    "needsReview": "名称未確認、公式情報または2情報源での確認が必要",
    "sources": "OpenStreetMap（© OpenStreetMap contributors, ODbL 1.0）Geofabrik japan-latest.osm.pbf 2026-09-23T20:22:04Z node/1752057933（登山道と道路の接続点）",
    "verifiedAt": ""
   }
  },
  {
   "type": "Feature",
   "geometry": {
    "type": "Point",
    "coordinates": [
     130.9809329,
     32.8546982
    ]
   },
   "properties": {
    "id": "TH-n1759336711",
    "kind": "trailhead",
    "name": "（名称未確認）",
    "datum": "WGS84",
    "mountainIds": "880",
    "mountainNames": "俵山",
    "lists": "九州百名山",
    "routes": "",
    "entryType": "一般道との接続",
    "trailKmToSummit": "俵山:2.86km",
    "related": "PK-w410855099(35m)",
    "attributes": "",
    "status": "provisional",
    "accuracyM": 30,
    "needsReview": "名称未確認、公式情報または2情報源での確認が必要",
    "sources": "OpenStreetMap（© OpenStreetMap contributors, ODbL 1.0）Geofabrik japan-latest.osm.pbf 2026-09-23T20:22:04Z node/1759336711（登山道と道路の接続点）",
    "verifiedAt": ""
   }
  },
  {
   "type": "Feature",
   "geometry": {
    "type": "Point",
    "coordinates": [
     130.9259422,
     32.4846517
    ]
   },
   "properties": {
    "id": "TH-n1759527095",
    "kind": "trailhead",
    "name": "（名称未確認）",
    "datum": "WGS84",
    "mountainIds": "907",
    "mountainNames": "上福根山",
    "lists": "九州百名山",
    "routes": "",
    "entryType": "一般道との接続",
    "trailKmToSummit": "上福根山:3.14km",
    "related": "",
    "attributes": "",
    "status": "candidate",
    "accuracyM": 30,
    "needsReview": "名称未確認、登山道が道路を横断する地点（途中の入口の可能性）、公式情報または2情報源での確認が必要",
    "sources": "OpenStreetMap（© OpenStreetMap contributors, ODbL 1.0）Geofabrik japan-latest.osm.pbf 2026-09-23T20:22:04Z node/1759527095（登山道と道路の接続点）",
    "verifiedAt": ""
   }
  },
  {
   "type": "Feature",
   "geometry": {
    "type": "Point",
    "coordinates": [
     130.8547706,
     31.9526338
    ]
   },
   "properties": {
    "id": "TH-n1764756909",
    "kind": "trailhead",
    "name": "（名称未確認）",
    "datum": "WGS84",
    "mountainIds": "919",
    "mountainNames": "白鳥山（霧島山）",
    "lists": "九州百名山",
    "routes": "",
    "entryType": "一般道（県道以上）との接続",
    "trailKmToSummit": "白鳥山（霧島山）:3.06km",
    "related": "PK-w279648825(419m)",
    "attributes": "",
    "status": "provisional",
    "accuracyM": 30,
    "needsReview": "名称未確認、近くの道路にゲートあり（車両通行止め・季節閉鎖の可能性）、公式情報または2情報源での確認が必要",
    "sources": "OpenStreetMap（© OpenStreetMap contributors, ODbL 1.0）Geofabrik japan-latest.osm.pbf 2026-09-23T20:22:04Z node/1764756909（登山道と道路の接続点）",
    "verifiedAt": ""
   }
  },
  {
   "type": "Feature",
   "geometry": {
    "type": "Point",
    "coordinates": [
     129.8866794,
     33.2173277
    ]
   },
   "properties": {
    "id": "TH-n1815047592",
    "kind": "trailhead",
    "name": "（名称未確認）",
    "datum": "WGS84",
    "mountainIds": "851",
    "mountainNames": "黒髪山",
    "lists": "九州百名山",
    "routes": "",
    "entryType": "一般道との接続",
    "trailKmToSummit": "黒髪山:2.04km",
    "related": "PK-w1469991471(25m)",
    "attributes": "",
    "status": "provisional",
    "accuracyM": 30,
    "needsReview": "名称未確認、公式情報または2情報源での確認が必要",
    "sources": "OpenStreetMap（© OpenStreetMap contributors, ODbL 1.0）Geofabrik japan-latest.osm.pbf 2026-09-23T20:22:04Z node/1815047592（登山道と道路の接続点）",
    "verifiedAt": ""
   }
  },
  {
   "type": "Feature",
   "geometry": {
    "type": "Point",
    "coordinates": [
     129.9034733,
     33.2182221
    ]
   },
   "properties": {
    "id": "TH-n1815444306",
    "kind": "trailhead",
    "name": "（名称未確認）",
    "datum": "WGS84",
    "mountainIds": "851",
    "mountainNames": "黒髪山",
    "lists": "九州百名山",
    "routes": "",
    "entryType": "道路の終点付近",
    "trailKmToSummit": "黒髪山:0.76km",
    "related": "PK-w1497653750(322m) PK-w1222291576(399m)",
    "attributes": "",
    "status": "provisional",
    "accuracyM": 30,
    "needsReview": "名称未確認、近くの道路にゲートあり（車両通行止め・季節閉鎖の可能性）、林道からの入口（マイカー進入可否を要確認）、公式情報または2情報源での確認が必要",
    "sources": "OpenStreetMap（© OpenStreetMap contributors, ODbL 1.0）Geofabrik japan-latest.osm.pbf 2026-09-23T20:22:04Z node/1815444306（登山道と道路の接続点）",
    "verifiedAt": ""
   }
  },
  {
   "type": "Feature",
   "geometry": {
    "type": "Point",
    "coordinates": [
     129.8588979,
     32.6684596
    ]
   },
   "properties": {
    "id": "TH-n1818428593",
    "kind": "trailhead",
    "name": "（名称未確認）",
    "datum": "WGS84",
    "mountainIds": "893",
    "mountainNames": "八郎岳",
    "lists": "九州百名山",
    "routes": "",
    "entryType": "道路の終点付近",
    "trailKmToSummit": "八郎岳:0.3km",
    "related": "",
    "attributes": "",
    "status": "candidate",
    "accuracyM": 30,
    "needsReview": "名称未確認、林道からの入口（マイカー進入可否を要確認）、公式情報または2情報源での確認が必要",
    "sources": "OpenStreetMap（© OpenStreetMap contributors, ODbL 1.0）Geofabrik japan-latest.osm.pbf 2026-09-23T20:22:04Z node/1818428593（登山道と道路の接続点）",
    "verifiedAt": ""
   }
  },
  {
   "type": "Feature",
   "geometry": {
    "type": "Point",
    "coordinates": [
     130.5513278,
     33.5268909
    ]
   },
   "properties": {
    "id": "TH-n1820256255",
    "kind": "trailhead",
    "name": "（名称未確認）かまど神社駐車場付近",
    "datum": "WGS84",
    "mountainIds": "824",
    "mountainNames": "宝満山",
    "lists": "九州百名山",
    "routes": "",
    "entryType": "一般道との接続",
    "trailKmToSummit": "宝満山:4.25km",
    "related": "PK-w110010783(181m) PK-w110010781(182m) BS-kP11-22-40-bs6198(196m) BS-kP11-22-40-bs6204(428m) BS-kP11-22-40-bs6225(741m)",
    "attributes": "",
    "status": "provisional",
    "accuracyM": 30,
    "needsReview": "名称未確認、公式情報または2情報源での確認が必要",
    "sources": "OpenStreetMap（© OpenStreetMap contributors, ODbL 1.0）Geofabrik japan-latest.osm.pbf 2026-09-23T20:22:04Z node/1820256255（登山道と道路の接続点）",
    "verifiedAt": ""
   }
  },
  {
   "type": "Feature",
   "geometry": {
    "type": "Point",
    "coordinates": [
     129.8906893,
     33.2301127
    ]
   },
   "properties": {
    "id": "TH-n1836184398",
    "kind": "trailhead",
    "name": "大川内山キャンプ場",
    "datum": "WGS84",
    "mountainIds": "851",
    "mountainNames": "黒髪山",
    "lists": "九州百名山",
    "routes": "",
    "entryType": "施設（山小屋・宿・キャンプ場）からの入口",
    "trailKmToSummit": "黒髪山:2.84km",
    "related": "PK-n1837539371(138m) BS-n4378744090(709m) BS-kP11-22-41-bs2142(714m)",
    "attributes": "",
    "status": "provisional",
    "accuracyM": 15,
    "needsReview": "公式情報または2情報源での確認が必要",
    "sources": "OpenStreetMap（© OpenStreetMap contributors, ODbL 1.0）Geofabrik japan-latest.osm.pbf 2026-09-23T20:22:04Z node/1836184398",
    "verifiedAt": ""
   }
  },
  {
   "type": "Feature",
   "geometry": {
    "type": "Point",
    "coordinates": [
     130.4458713,
     33.4188861
    ]
   },
   "properties": {
    "id": "TH-n1852388739",
    "kind": "trailhead",
    "name": "（名称未確認）",
    "datum": "WGS84",
    "mountainIds": "844",
    "mountainNames": "九千部山",
    "lists": "九州百名山",
    "routes": "",
    "entryType": "一般道との接続",
    "trailKmToSummit": "九千部山:0.24km",
    "related": "",
    "attributes": "",
    "status": "candidate",
    "accuracyM": 30,
    "needsReview": "名称未確認、公式情報または2情報源での確認が必要",
    "sources": "OpenStreetMap（© OpenStreetMap contributors, ODbL 1.0）Geofabrik japan-latest.osm.pbf 2026-09-23T20:22:04Z node/1852388739（登山道と道路の接続点）",
    "verifiedAt": ""
   }
  },
  {
   "type": "Feature",
   "geometry": {
    "type": "Point",
    "coordinates": [
     130.5534916,
     33.5172858
    ]
   },
   "properties": {
    "id": "TH-n1852535245",
    "kind": "trailhead",
    "name": "（名称未確認）都坂団地上バス停付近",
    "datum": "WGS84",
    "mountainIds": "824",
    "mountainNames": "宝満山",
    "lists": "九州百名山",
    "routes": "",
    "entryType": "一般道との接続",
    "trailKmToSummit": "宝満山:4.02km",
    "related": "BS-kP11-22-40-bs6386(304m) BS-kP11-22-40-bs6412(349m) BS-kP11-22-40-bs6470(453m)",
    "attributes": "",
    "status": "provisional",
    "accuracyM": 30,
    "needsReview": "名称未確認、公式情報または2情報源での確認が必要",
    "sources": "OpenStreetMap（© OpenStreetMap contributors, ODbL 1.0）Geofabrik japan-latest.osm.pbf 2026-09-23T20:22:04Z node/1852535245（登山道と道路の接続点）",
    "verifiedAt": ""
   }
  },
  {
   "type": "Feature",
   "geometry": {
    "type": "Point",
    "coordinates": [
     130.5641891,
     33.5206922
    ]
   },
   "properties": {
    "id": "TH-n1852536132",
    "kind": "trailhead",
    "name": "（名称未確認）大石バス停付近",
    "datum": "WGS84",
    "mountainIds": "824",
    "mountainNames": "宝満山",
    "lists": "九州百名山",
    "routes": "",
    "entryType": "一般道との接続",
    "trailKmToSummit": "宝満山:3.15km",
    "related": "BS-kP11-22-40-bs6357(149m) BS-kP11-22-40-bs6337(198m) BS-kP11-22-40-bs6335(483m)",
    "attributes": "",
    "status": "provisional",
    "accuracyM": 30,
    "needsReview": "名称未確認、公式情報または2情報源での確認が必要",
    "sources": "OpenStreetMap（© OpenStreetMap contributors, ODbL 1.0）Geofabrik japan-latest.osm.pbf 2026-09-23T20:22:04Z node/1852536132（登山道と道路の接続点）",
    "verifiedAt": ""
   }
  },
  {
   "type": "Feature",
   "geometry": {
    "type": "Point",
    "coordinates": [
     130.568046,
     33.525041
    ]
   },
   "properties": {
    "id": "TH-n1852659934",
    "kind": "trailhead",
    "name": "（名称未確認）大石記念碑バス停付近",
    "datum": "WGS84",
    "mountainIds": "824",
    "mountainNames": "宝満山",
    "lists": "九州百名山",
    "routes": "",
    "entryType": "一般道との接続",
    "trailKmToSummit": "宝満山:2.67km",
    "related": "BS-kP11-22-40-bs6335(486m) BS-kP11-22-40-bs6337(515m) BS-kP11-22-40-bs6357(720m)",
    "attributes": "",
    "status": "provisional",
    "accuracyM": 30,
    "needsReview": "名称未確認、公式情報または2情報源での確認が必要",
    "sources": "OpenStreetMap（© OpenStreetMap contributors, ODbL 1.0）Geofabrik japan-latest.osm.pbf 2026-09-23T20:22:04Z node/1852659934（登山道と道路の接続点）",
    "verifiedAt": ""
   }
  },
  {
   "type": "Feature",
   "geometry": {
    "type": "Point",
    "coordinates": [
     130.4669906,
     33.4186805
    ]
   },
   "properties": {
    "id": "TH-n1861221882",
    "kind": "trailhead",
    "name": "（名称未確認）河内バス停付近",
    "datum": "WGS84",
    "mountainIds": "844",
    "mountainNames": "九千部山",
    "lists": "九州百名山",
    "routes": "",
    "entryType": "一般道との接続",
    "trailKmToSummit": "九千部山:2.25km",
    "related": "BS-kP11-22-41-bs453(579m)",
    "attributes": "",
    "status": "provisional",
    "accuracyM": 30,
    "needsReview": "名称未確認、公式情報または2情報源での確認が必要",
    "sources": "OpenStreetMap（© OpenStreetMap contributors, ODbL 1.0）Geofabrik japan-latest.osm.pbf 2026-09-23T20:22:04Z node/1861221882（登山道と道路の接続点）",
    "verifiedAt": ""
   }
  },
  {
   "type": "Feature",
   "geometry": {
    "type": "Point",
    "coordinates": [
     130.4641003,
     33.6690943
    ]
   },
   "properties": {
    "id": "TH-n1864209676",
    "kind": "trailhead",
    "name": "（名称未確認）グリーンタウン入口バス停付近",
    "datum": "WGS84",
    "mountainIds": "815",
    "mountainNames": "立花山",
    "lists": "九州百名山",
    "routes": "",
    "entryType": "一般道（県道以上）との接続",
    "trailKmToSummit": "立花山:1.71km",
    "related": "PK-w559962733(242m) PK-w559962732(473m) BS-kP11-22-40-bs3248(775m) BS-kP11-22-40-bs3216(899m) BS-kP11-22-40-bs3263(919m)",
    "attributes": "",
    "status": "provisional",
    "accuracyM": 30,
    "needsReview": "名称未確認、登山道が道路を横断する地点（途中の入口の可能性）、近くの道路にゲートあり（車両通行止め・季節閉鎖の可能性）、公式情報または2情報源での確認が必要",
    "sources": "OpenStreetMap（© OpenStreetMap contributors, ODbL 1.0）Geofabrik japan-latest.osm.pbf 2026-09-23T20:22:04Z node/1864209676（登山道と道路の接続点）",
    "verifiedAt": ""
   }
  },
  {
   "type": "Feature",
   "geometry": {
    "type": "Point",
    "coordinates": [
     130.4609755,
     33.6777182
    ]
   },
   "properties": {
    "id": "TH-n1864211566",
    "kind": "trailhead",
    "name": "（名称未確認）下原バス停付近",
    "datum": "WGS84",
    "mountainIds": "815",
    "mountainNames": "立花山",
    "lists": "九州百名山",
    "routes": "",
    "entryType": "一般道との接続",
    "trailKmToSummit": "立花山:0.81km",
    "related": "BS-kP11-22-40-bs3216(765m) BS-kP11-22-40-bs3196(801m) BS-kP11-22-40-bs3197(801m)",
    "attributes": "",
    "status": "provisional",
    "accuracyM": 30,
    "needsReview": "名称未確認、公式情報または2情報源での確認が必要",
    "sources": "OpenStreetMap（© OpenStreetMap contributors, ODbL 1.0）Geofabrik japan-latest.osm.pbf 2026-09-23T20:22:04Z node/1864211566（登山道と道路の接続点）",
    "verifiedAt": ""
   }
  },
  {
   "type": "Feature",
   "geometry": {
    "type": "Point",
    "coordinates": [
     130.9666529,
     31.8866293
    ]
   },
   "properties": {
    "id": "TH-n1870975552",
    "kind": "trailhead",
    "name": "（名称未確認）祓川バス停付近",
    "datum": "WGS84",
    "mountainIds": "921",
    "mountainNames": "高千穂峰",
    "lists": "日本二百名山|日本三百名山|九州百名山",
    "routes": "",
    "entryType": "林道との接続",
    "trailKmToSummit": "高千穂峰:7.81km",
    "related": "PK-w1051263213(71m) BS-kP11-22-45-bs2813(751m) BS-kP11-22-45-bs2814(751m)",
    "attributes": "",
    "status": "provisional",
    "accuracyM": 30,
    "needsReview": "名称未確認、林道からの入口（マイカー進入可否を要確認）、公式情報または2情報源での確認が必要",
    "sources": "OpenStreetMap（© OpenStreetMap contributors, ODbL 1.0）Geofabrik japan-latest.osm.pbf 2026-09-23T20:22:04Z node/1870975552（登山道と道路の接続点）",
    "verifiedAt": ""
   }
  },
  {
   "type": "Feature",
   "geometry": {
    "type": "Point",
    "coordinates": [
     130.9636688,
     31.8883075
    ]
   },
   "properties": {
    "id": "TH-n1870975951",
    "kind": "trailhead",
    "name": "（名称未確認）祓川バス停付近",
    "datum": "WGS84",
    "mountainIds": "921",
    "mountainNames": "高千穂峰",
    "lists": "日本二百名山|日本三百名山|九州百名山",
    "routes": "",
    "entryType": "道路の終点付近",
    "trailKmToSummit": "高千穂峰:7.59km",
    "related": "PK-w1051263213(267m) PK-n12768632263(444m) BS-kP11-22-45-bs2813(686m) BS-kP11-22-45-bs2814(686m)",
    "attributes": "",
    "status": "provisional",
    "accuracyM": 30,
    "needsReview": "名称未確認、林道からの入口（マイカー進入可否を要確認）、公式情報または2情報源での確認が必要",
    "sources": "OpenStreetMap（© OpenStreetMap contributors, ODbL 1.0）Geofabrik japan-latest.osm.pbf 2026-09-23T20:22:04Z node/1870975951（登山道と道路の接続点）",
    "verifiedAt": ""
   }
  },
  {
   "type": "Feature",
   "geometry": {
    "type": "Point",
    "coordinates": [
     130.9636975,
     31.8932797
    ]
   },
   "properties": {
    "id": "TH-n1870976363",
    "kind": "trailhead",
    "name": "（名称未確認）祓川バス停付近",
    "datum": "WGS84",
    "mountainIds": "921",
    "mountainNames": "高千穂峰",
    "lists": "日本二百名山|日本三百名山|九州百名山",
    "routes": "",
    "entryType": "一般道との接続",
    "trailKmToSummit": "高千穂峰:4.9km",
    "related": "PK-n12768632262(3m) PK-n12768632263(107m) BS-kP11-22-45-bs2813(400m) BS-kP11-22-45-bs2814(400m) BS-kP11-22-45-bs2794(614m)",
    "attributes": "",
    "status": "provisional",
    "accuracyM": 30,
    "needsReview": "名称未確認、公式情報または2情報源での確認が必要",
    "sources": "OpenStreetMap（© OpenStreetMap contributors, ODbL 1.0）Geofabrik japan-latest.osm.pbf 2026-09-23T20:22:04Z node/1870976363（登山道と道路の接続点）",
    "verifiedAt": ""
   }
  },
  {
   "type": "Feature",
   "geometry": {
    "type": "Point",
    "coordinates": [
     131.245155,
     32.034393
    ]
   },
   "properties": {
    "id": "TH-n1871394873",
    "kind": "trailhead",
    "name": "（名称未確認）",
    "datum": "WGS84",
    "mountainIds": "922",
    "mountainNames": "釈迦ガ岳",
    "lists": "九州百名山",
    "routes": "",
    "entryType": "道路の終点付近",
    "trailKmToSummit": "釈迦ガ岳:3.72km",
    "related": "",
    "attributes": "",
    "status": "candidate",
    "accuracyM": 30,
    "needsReview": "名称未確認、林道からの入口（マイカー進入可否を要確認）、公式情報または2情報源での確認が必要",
    "sources": "OpenStreetMap（© OpenStreetMap contributors, ODbL 1.0）Geofabrik japan-latest.osm.pbf 2026-09-23T20:22:04Z node/1871394873（登山道と道路の接続点）",
    "verifiedAt": ""
   }
  },
  {
   "type": "Feature",
   "geometry": {
    "type": "Point",
    "coordinates": [
     131.249019,
     32.045431
    ]
   },
   "properties": {
    "id": "TH-n1871402879",
    "kind": "trailhead",
    "name": "（名称未確認）",
    "datum": "WGS84",
    "mountainIds": "922",
    "mountainNames": "釈迦ガ岳",
    "lists": "九州百名山",
    "routes": "",
    "entryType": "一般道との接続",
    "trailKmToSummit": "釈迦ガ岳:3.52km",
    "related": "",
    "attributes": "",
    "status": "candidate",
    "accuracyM": 30,
    "needsReview": "名称未確認、公式情報または2情報源での確認が必要",
    "sources": "OpenStreetMap（© OpenStreetMap contributors, ODbL 1.0）Geofabrik japan-latest.osm.pbf 2026-09-23T20:22:04Z node/1871402879（登山道と道路の接続点）",
    "verifiedAt": ""
   }
  },
  {
   "type": "Feature",
   "geometry": {
    "type": "Point",
    "coordinates": [
     130.3698158,
     33.4346632
    ]
   },
   "properties": {
    "id": "TH-n1872094299",
    "kind": "trailhead",
    "name": "（名称未確認）脊振山頂駐車場付近",
    "datum": "WGS84",
    "mountainIds": "843",
    "mountainNames": "脊振山",
    "lists": "日本三百名山|九州百名山",
    "routes": "",
    "entryType": "一般道との接続",
    "trailKmToSummit": "脊振山:0.29km",
    "related": "PK-w421633813(64m)",
    "attributes": "",
    "status": "provisional",
    "accuracyM": 30,
    "needsReview": "名称未確認、近くの道路にゲートあり（車両通行止め・季節閉鎖の可能性）、公式情報または2情報源での確認が必要",
    "sources": "OpenStreetMap（© OpenStreetMap contributors, ODbL 1.0）Geofabrik japan-latest.osm.pbf 2026-09-23T20:22:04Z node/1872094299（登山道と道路の接続点）",
    "verifiedAt": ""
   }
  },
  {
   "type": "Feature",
   "geometry": {
    "type": "Point",
    "coordinates": [
     131.2411414,
     32.0184828
    ]
   },
   "properties": {
    "id": "TH-n1872195404",
    "kind": "trailhead",
    "name": "（名称未確認）",
    "datum": "WGS84",
    "mountainIds": "922",
    "mountainNames": "釈迦ガ岳",
    "lists": "九州百名山",
    "routes": "",
    "entryType": "一般道（県道以上）との接続",
    "trailKmToSummit": "釈迦ガ岳:5.69km",
    "related": "",
    "attributes": "",
    "status": "candidate",
    "accuracyM": 30,
    "needsReview": "名称未確認、公式情報または2情報源での確認が必要",
    "sources": "OpenStreetMap（© OpenStreetMap contributors, ODbL 1.0）Geofabrik japan-latest.osm.pbf 2026-09-23T20:22:04Z node/1872195404（登山道と道路の接続点）",
    "verifiedAt": ""
   }
  },
  {
   "type": "Feature",
   "geometry": {
    "type": "Point",
    "coordinates": [
     131.209791,
     32.0375889
    ]
   },
   "properties": {
    "id": "TH-n1872200042",
    "kind": "trailhead",
    "name": "（名称未確認）",
    "datum": "WGS84",
    "mountainIds": "922",
    "mountainNames": "釈迦ガ岳",
    "lists": "九州百名山",
    "routes": "",
    "entryType": "一般道（県道以上）との接続",
    "trailKmToSummit": "釈迦ガ岳:3.5km",
    "related": "",
    "attributes": "",
    "status": "candidate",
    "accuracyM": 30,
    "needsReview": "名称未確認、公式情報または2情報源での確認が必要",
    "sources": "OpenStreetMap（© OpenStreetMap contributors, ODbL 1.0）Geofabrik japan-latest.osm.pbf 2026-09-23T20:22:04Z node/1872200042（登山道と道路の接続点）",
    "verifiedAt": ""
   }
  },
  {
   "type": "Feature",
   "geometry": {
    "type": "Point",
    "coordinates": [
     130.1767378,
     33.3387078
    ]
   },
   "properties": {
    "id": "TH-n1877960293",
    "kind": "trailhead",
    "name": "（名称未確認）七曲峠付近",
    "datum": "WGS84",
    "mountainIds": "846",
    "mountainNames": "天山",
    "lists": "九州百名山",
    "routes": "OSM登山道「九州自然歩道」",
    "entryType": "峠（道路との接続）",
    "trailKmToSummit": "天山:3.57km",
    "related": "",
    "attributes": "",
    "status": "candidate",
    "accuracyM": 30,
    "needsReview": "名称未確認、登山道が道路を横断する地点（途中の入口の可能性）、公式情報または2情報源での確認が必要",
    "sources": "OpenStreetMap（© OpenStreetMap contributors, ODbL 1.0）Geofabrik japan-latest.osm.pbf 2026-09-23T20:22:04Z node/1877960293（登山道と道路の接続点）",
    "verifiedAt": ""
   }
  },
  {
   "type": "Feature",
   "geometry": {
    "type": "Point",
    "coordinates": [
     130.289213,
     33.454697
    ]
   },
   "properties": {
    "id": "TH-n1878628036",
    "kind": "trailhead",
    "name": "（名称未確認）",
    "datum": "WGS84",
    "mountainIds": "837",
    "mountainNames": "金山",
    "lists": "九州百名山",
    "routes": "",
    "entryType": "一般道との接続",
    "trailKmToSummit": "金山:2.53km",
    "related": "",
    "attributes": "",
    "status": "candidate",
    "accuracyM": 30,
    "needsReview": "名称未確認、公式情報または2情報源での確認が必要",
    "sources": "OpenStreetMap（© OpenStreetMap contributors, ODbL 1.0）Geofabrik japan-latest.osm.pbf 2026-09-23T20:22:04Z node/1878628036（登山道と道路の接続点）",
    "verifiedAt": ""
   }
  },
  {
   "type": "Feature",
   "geometry": {
    "type": "Point",
    "coordinates": [
     130.285599,
     33.457851
    ]
   },
   "properties": {
    "id": "TH-n1878629962",
    "kind": "trailhead",
    "name": "（名称未確認）",
    "datum": "WGS84",
    "mountainIds": "837",
    "mountainNames": "金山",
    "lists": "九州百名山",
    "routes": "",
    "entryType": "一般道との接続",
    "trailKmToSummit": "金山:2.74km",
    "related": "",
    "attributes": "",
    "status": "candidate",
    "accuracyM": 30,
    "needsReview": "名称未確認、公式情報または2情報源での確認が必要",
    "sources": "OpenStreetMap（© OpenStreetMap contributors, ODbL 1.0）Geofabrik japan-latest.osm.pbf 2026-09-23T20:22:04Z node/1878629962（登山道と道路の接続点）",
    "verifiedAt": ""
   }
  },
  {
   "type": "Feature",
   "geometry": {
    "type": "Point",
    "coordinates": [
     131.411459,
     32.30362
    ]
   },
   "properties": {
    "id": "TH-n1884800689",
    "kind": "trailhead",
    "name": "（名称未確認）",
    "datum": "WGS84",
    "mountainIds": "914",
    "mountainNames": "尾鈴山",
    "lists": "日本二百名山|日本三百名山|九州百名山",
    "routes": "",
    "entryType": "道路の終点付近",
    "trailKmToSummit": "尾鈴山:1.72km",
    "related": "",
    "attributes": "",
    "status": "candidate",
    "accuracyM": 30,
    "needsReview": "名称未確認、林道からの入口（マイカー進入可否を要確認）、公式情報または2情報源での確認が必要",
    "sources": "OpenStreetMap（© OpenStreetMap contributors, ODbL 1.0）Geofabrik japan-latest.osm.pbf 2026-09-23T20:22:04Z node/1884800689（登山道と道路の接続点）",
    "verifiedAt": ""
   }
  },
  {
   "type": "Feature",
   "geometry": {
    "type": "Point",
    "coordinates": [
     131.434499,
     32.281793
    ]
   },
   "properties": {
    "id": "TH-n1893090725",
    "kind": "trailhead",
    "name": "（名称未確認）",
    "datum": "WGS84",
    "mountainIds": "914",
    "mountainNames": "尾鈴山",
    "lists": "日本二百名山|日本三百名山|九州百名山",
    "routes": "",
    "entryType": "道路の終点付近",
    "trailKmToSummit": "尾鈴山:2.98km",
    "related": "",
    "attributes": "",
    "status": "candidate",
    "accuracyM": 30,
    "needsReview": "名称未確認、林道からの入口（マイカー進入可否を要確認）、公式情報または2情報源での確認が必要",
    "sources": "OpenStreetMap（© OpenStreetMap contributors, ODbL 1.0）Geofabrik japan-latest.osm.pbf 2026-09-23T20:22:04Z node/1893090725（登山道と道路の接続点）",
    "verifiedAt": ""
   }
  },
  {
   "type": "Feature",
   "geometry": {
    "type": "Point",
    "coordinates": [
     130.8414613,
     31.9465982
    ]
   },
   "properties": {
    "id": "TH-n1905402903",
    "kind": "trailhead",
    "name": "（名称未確認）えびの高原バス停付近",
    "datum": "WGS84",
    "mountainIds": "919",
    "mountainNames": "白鳥山（霧島山）",
    "lists": "九州百名山",
    "routes": "",
    "entryType": "一般道（県道以上）との接続",
    "trailKmToSummit": "白鳥山（霧島山）:1.85km",
    "related": "PK-w1208038110(193m) PK-w182584467(226m) PK-w182584469(319m) BS-kP11-22-45-bs2406(187m) BS-kP11-22-45-bs2418(319m)",
    "attributes": "",
    "status": "provisional",
    "accuracyM": 30,
    "needsReview": "名称未確認、近くの道路にゲートあり（車両通行止め・季節閉鎖の可能性）、公式情報または2情報源での確認が必要",
    "sources": "OpenStreetMap（© OpenStreetMap contributors, ODbL 1.0）Geofabrik japan-latest.osm.pbf 2026-09-23T20:22:04Z node/1905402903（登山道と道路の接続点）",
    "verifiedAt": ""
   }
  },
  {
   "type": "Feature",
   "geometry": {
    "type": "Point",
    "coordinates": [
     130.8408386,
     31.9144188
    ]
   },
   "properties": {
    "id": "TH-n1929867191",
    "kind": "trailhead",
    "name": "（名称未確認）大浪池登山口バス停付近",
    "datum": "WGS84",
    "mountainIds": "920",
    "mountainNames": "霧島山",
    "lists": "日本百名山|日本二百名山|日本三百名山|九州百名山",
    "routes": "",
    "entryType": "一般道（県道以上）との接続",
    "trailKmToSummit": "霧島山:3.89km",
    "related": "PK-w161003983(75m) BS-kP11-22-46-bs1813(78m)",
    "attributes": "",
    "status": "provisional",
    "accuracyM": 30,
    "needsReview": "名称未確認、登山道が道路を横断する地点（途中の入口の可能性）、近くの道路にゲートあり（車両通行止め・季節閉鎖の可能性）、公式情報または2情報源での確認が必要",
    "sources": "OpenStreetMap（© OpenStreetMap contributors, ODbL 1.0）Geofabrik japan-latest.osm.pbf 2026-09-23T20:22:04Z node/1929867191（登山道と道路の接続点）",
    "verifiedAt": ""
   }
  },
  {
   "type": "Feature",
   "geometry": {
    "type": "Point",
    "coordinates": [
     130.1418756,
     33.343368
    ]
   },
   "properties": {
    "id": "TH-n1959300997",
    "kind": "trailhead",
    "name": "（名称未確認）天川駐車場付近",
    "datum": "WGS84",
    "mountainIds": "846",
    "mountainNames": "天山",
    "lists": "九州百名山",
    "routes": "OSM登山道「天川口登山道」",
    "entryType": "一般道との接続",
    "trailKmToSummit": "天山:0.55km",
    "related": "PK-w517184154(36m)",
    "attributes": "",
    "status": "provisional",
    "accuracyM": 30,
    "needsReview": "名称未確認、登山道が道路を横断する地点（途中の入口の可能性）、公式情報または2情報源での確認が必要",
    "sources": "OpenStreetMap（© OpenStreetMap contributors, ODbL 1.0）Geofabrik japan-latest.osm.pbf 2026-09-23T20:22:04Z node/1959300997（登山道と道路の接続点）",
    "verifiedAt": ""
   }
  },
  {
   "type": "Feature",
   "geometry": {
    "type": "Point",
    "coordinates": [
     130.0699844,
     33.3458507
    ]
   },
   "properties": {
    "id": "TH-n1959303886",
    "kind": "trailhead",
    "name": "（名称未確認）",
    "datum": "WGS84",
    "mountainIds": "845",
    "mountainNames": "作礼山",
    "lists": "九州百名山",
    "routes": "",
    "entryType": "道路の終点付近",
    "trailKmToSummit": "作礼山:1.61km",
    "related": "",
    "attributes": "",
    "status": "candidate",
    "accuracyM": 30,
    "needsReview": "名称未確認、公式情報または2情報源での確認が必要",
    "sources": "OpenStreetMap（© OpenStreetMap contributors, ODbL 1.0）Geofabrik japan-latest.osm.pbf 2026-09-23T20:22:04Z node/1959303886（登山道と道路の接続点）",
    "verifiedAt": ""
   }
  },
  {
   "type": "Feature",
   "geometry": {
    "type": "Point",
    "coordinates": [
     130.063482,
     33.348508
    ]
   },
   "properties": {
    "id": "TH-n1959306693",
    "kind": "trailhead",
    "name": "（名称未確認）",
    "datum": "WGS84",
    "mountainIds": "845",
    "mountainNames": "作礼山",
    "lists": "九州百名山",
    "routes": "",
    "entryType": "一般道との接続",
    "trailKmToSummit": "作礼山:1.05km",
    "related": "",
    "attributes": "",
    "status": "candidate",
    "accuracyM": 30,
    "needsReview": "名称未確認、登山道が道路を横断する地点（途中の入口の可能性）、公式情報または2情報源での確認が必要",
    "sources": "OpenStreetMap（© OpenStreetMap contributors, ODbL 1.0）Geofabrik japan-latest.osm.pbf 2026-09-23T20:22:04Z node/1959306693（登山道と道路の接続点）",
    "verifiedAt": ""
   }
  },
  {
   "type": "Feature",
   "geometry": {
    "type": "Point",
    "coordinates": [
     131.1311948,
     32.8859462
    ]
   },
   "properties": {
    "id": "TH-n1977657973",
    "kind": "trailhead",
    "name": "日ノ尾峠",
    "datum": "WGS84",
    "mountainIds": "873",
    "mountainNames": "阿蘇山",
    "lists": "日本百名山|日本二百名山|日本三百名山|九州百名山",
    "routes": "",
    "entryType": "峠（道路との接続）",
    "trailKmToSummit": "阿蘇山:2.86km",
    "related": "",
    "attributes": "",
    "status": "candidate",
    "accuracyM": 30,
    "needsReview": "林道上の地点（尾根上の峠・山小屋の可能性。登山口かどうか要確認）、林道からの入口（マイカー進入可否を要確認）、公式情報または2情報源での確認が必要",
    "sources": "OpenStreetMap（© OpenStreetMap contributors, ODbL 1.0）Geofabrik japan-latest.osm.pbf 2026-09-23T20:22:04Z node/1977657973（登山道と道路の接続点） ｜ 国土地理院 地名検索「日ノ尾峠」（32.885674, 131.131611、JGD2011、49m差）2026-09-20確認",
    "verifiedAt": "2026-09-20"
   }
  },
  {
   "type": "Feature",
   "geometry": {
    "type": "Point",
    "coordinates": [
     130.3489612,
     33.4552989
    ]
   },
   "properties": {
    "id": "TH-n2014951264",
    "kind": "trailhead",
    "name": "椎原登山口（脊振山）",
    "datum": "WGS84",
    "mountainIds": "837 843",
    "mountainNames": "金山、脊振山",
    "lists": "九州百名山|日本三百名山",
    "routes": "",
    "entryType": "道路の終点付近",
    "trailKmToSummit": "金山:6.06km",
    "related": "PK-w566304460(302m)",
    "attributes": "course=椎原バス停を起点に、車谷ルート登山口〜脊振山頂〜唐人の舞〜鬼ヶ鼻岩〜椎原峠を巡るコースは7時間30分・中級〜上級（福岡市）",
    "status": "adopted",
    "accuracyM": 15,
    "needsReview": "林道からの入口（マイカー進入可否を要確認）、福岡市の山登りマップには椎原登山口と車谷ルート登山口が近接して記されており、この地点がどちらかは未確認、車谷ルートは谷沿いで、矢筈峠の手前が急な地形。椎原峠の道は比較的歩きやすい（福岡市）、福岡市の図上位置（縮尺1:25,000、脊振山山頂と椎原峠を基準に算出）から145m",
    "sources": "OpenStreetMap（© OpenStreetMap contributors, ODbL 1.0）Geofabrik japan-latest.osm.pbf 2026-09-23T20:22:04Z node/2014951264（登山道と道路の接続点） ｜ 公式情報: https://www.city.fukuoka.lg.jp/sawaraku/sawaraku-tamatebako/sizen/route.html ｜ 公式情報: https://www.city.fukuoka.lg.jp/sawaraku/sawaraku-tamatebako/sizen/sefurisankeiivento/documents/map.pdf ｜ 公式情報: https://www.city.fukuoka.lg.jp/sawaraku/sawaraku-tamatebako/sizen/sefurisankeiivento/Dcourse.html",
    "verifiedAt": "2026-09-23"
   }
  },
  {
   "type": "Feature",
   "geometry": {
    "type": "Point",
    "coordinates": [
     130.228733,
     33.5033485
    ]
   },
   "properties": {
    "id": "TH-n2018810182",
    "kind": "trailhead",
    "name": "（名称未確認）迎野バス停付近",
    "datum": "WGS84",
    "mountainIds": "836",
    "mountainNames": "井原山",
    "lists": "九州百名山",
    "routes": "",
    "entryType": "一般道との接続",
    "trailKmToSummit": "井原山:5.95km",
    "related": "BS-kP11-22-40-bs6660(103m) BS-kP11-22-40-bs6624(372m) BS-kP11-22-40-bs6759(875m)",
    "attributes": "",
    "status": "provisional",
    "accuracyM": 30,
    "needsReview": "名称未確認、公式情報または2情報源での確認が必要",
    "sources": "OpenStreetMap（© OpenStreetMap contributors, ODbL 1.0）Geofabrik japan-latest.osm.pbf 2026-09-23T20:22:04Z node/2018810182（登山道と道路の接続点）",
    "verifiedAt": ""
   }
  },
  {
   "type": "Feature",
   "geometry": {
    "type": "Point",
    "coordinates": [
     130.247756,
     33.504869
    ]
   },
   "properties": {
    "id": "TH-n2018811368",
    "kind": "trailhead",
    "name": "（名称未確認）瑞梅寺ダムバス停付近",
    "datum": "WGS84",
    "mountainIds": "836",
    "mountainNames": "井原山",
    "lists": "九州百名山",
    "routes": "",
    "entryType": "一般道との接続",
    "trailKmToSummit": "井原山:6.46km",
    "related": "BS-kP11-22-40-bs6639(139m) BS-kP11-22-40-bs6582(455m) BS-kP11-22-40-bs6723(702m)",
    "attributes": "",
    "status": "provisional",
    "accuracyM": 30,
    "needsReview": "名称未確認、公式情報または2情報源での確認が必要",
    "sources": "OpenStreetMap（© OpenStreetMap contributors, ODbL 1.0）Geofabrik japan-latest.osm.pbf 2026-09-23T20:22:04Z node/2018811368（登山道と道路の接続点）",
    "verifiedAt": ""
   }
  },
  {
   "type": "Feature",
   "geometry": {
    "type": "Point",
    "coordinates": [
     131.5274229,
     33.4735512
    ]
   },
   "properties": {
    "id": "TH-n2027146038",
    "kind": "trailhead",
    "name": "（名称未確認）柚ノ迫バス停付近",
    "datum": "WGS84",
    "mountainIds": "831",
    "mountainNames": "田原山",
    "lists": "九州百名山",
    "routes": "",
    "entryType": "一般道（県道以上）との接続",
    "trailKmToSummit": "田原山:0.91km",
    "related": "PK-w192154049(48m) BS-kP11-22-44-bs1511(829m)",
    "attributes": "",
    "status": "provisional",
    "accuracyM": 30,
    "needsReview": "名称未確認、公式情報または2情報源での確認が必要",
    "sources": "OpenStreetMap（© OpenStreetMap contributors, ODbL 1.0）Geofabrik japan-latest.osm.pbf 2026-09-23T20:22:04Z node/2027146038（登山道と道路の接続点）",
    "verifiedAt": ""
   }
  },
  {
   "type": "Feature",
   "geometry": {
    "type": "Point",
    "coordinates": [
     131.007855,
     32.489021
    ]
   },
   "properties": {
    "id": "TH-n2027559085",
    "kind": "trailhead",
    "name": "（名称未確認）椎葉越付近",
    "datum": "WGS84",
    "mountainIds": "875 904",
    "mountainNames": "烏帽子岳、国見岳",
    "lists": "九州百名山|日本三百名山",
    "routes": "",
    "entryType": "峠（道路との接続）",
    "trailKmToSummit": "烏帽子岳:3.15km 国見岳:8.4km",
    "related": "",
    "attributes": "",
    "status": "candidate",
    "accuracyM": 30,
    "needsReview": "名称未確認、林道からの入口（マイカー進入可否を要確認）、公式情報または2情報源での確認が必要",
    "sources": "OpenStreetMap（© OpenStreetMap contributors, ODbL 1.0）Geofabrik japan-latest.osm.pbf 2026-09-23T20:22:04Z node/2027559085（登山道と道路の接続点） ｜ 国土地理院 地名検索「椎葉越」（32.489105, 131.007683、JGD2011、19m差）2026-09-20確認",
    "verifiedAt": "2026-09-20"
   }
  },
  {
   "type": "Feature",
   "geometry": {
    "type": "Point",
    "coordinates": [
     131.0048807,
     32.4906165
    ]
   },
   "properties": {
    "id": "TH-n2027559638",
    "kind": "trailhead",
    "name": "（名称未確認）",
    "datum": "WGS84",
    "mountainIds": "875",
    "mountainNames": "烏帽子岳",
    "lists": "九州百名山",
    "routes": "",
    "entryType": "一般道との接続",
    "trailKmToSummit": "烏帽子岳:3.72km",
    "related": "",
    "attributes": "",
    "status": "candidate",
    "accuracyM": 30,
    "needsReview": "名称未確認、公式情報または2情報源での確認が必要",
    "sources": "OpenStreetMap（© OpenStreetMap contributors, ODbL 1.0）Geofabrik japan-latest.osm.pbf 2026-09-23T20:22:04Z node/2027559638（登山道と道路の接続点）",
    "verifiedAt": ""
   }
  },
  {
   "type": "Feature",
   "geometry": {
    "type": "Point",
    "coordinates": [
     130.9042845,
     32.548554
    ]
   },
   "properties": {
    "id": "TH-n2027583578",
    "kind": "trailhead",
    "name": "（名称未確認）",
    "datum": "WGS84",
    "mountainIds": "903",
    "mountainNames": "大金峰",
    "lists": "九州百名山",
    "routes": "",
    "entryType": "一般道との接続",
    "trailKmToSummit": "大金峰:0.7km",
    "related": "",
    "attributes": "",
    "status": "candidate",
    "accuracyM": 30,
    "needsReview": "名称未確認、公式情報または2情報源での確認が必要",
    "sources": "OpenStreetMap（© OpenStreetMap contributors, ODbL 1.0）Geofabrik japan-latest.osm.pbf 2026-09-23T20:22:04Z node/2027583578（登山道と道路の接続点）",
    "verifiedAt": ""
   }
  },
  {
   "type": "Feature",
   "geometry": {
    "type": "Point",
    "coordinates": [
     130.9693951,
     32.5584045
    ]
   },
   "properties": {
    "id": "TH-n2027586966",
    "kind": "trailhead",
    "name": "（名称未確認）",
    "datum": "WGS84",
    "mountainIds": "901",
    "mountainNames": "京丈山",
    "lists": "九州百名山",
    "routes": "",
    "entryType": "一般道との接続",
    "trailKmToSummit": "京丈山:6.46km",
    "related": "",
    "attributes": "",
    "status": "candidate",
    "accuracyM": 30,
    "needsReview": "名称未確認、公式情報または2情報源での確認が必要",
    "sources": "OpenStreetMap（© OpenStreetMap contributors, ODbL 1.0）Geofabrik japan-latest.osm.pbf 2026-09-23T20:22:04Z node/2027586966（登山道と道路の接続点）",
    "verifiedAt": ""
   }
  },
  {
   "type": "Feature",
   "geometry": {
    "type": "Point",
    "coordinates": [
     130.9025369,
     32.5683824
    ]
   },
   "properties": {
    "id": "TH-n2027592644",
    "kind": "trailhead",
    "name": "（名称未確認）",
    "datum": "WGS84",
    "mountainIds": "903",
    "mountainNames": "大金峰",
    "lists": "九州百名山",
    "routes": "",
    "entryType": "一般道との接続",
    "trailKmToSummit": "大金峰:2.29km",
    "related": "",
    "attributes": "",
    "status": "candidate",
    "accuracyM": 30,
    "needsReview": "名称未確認、公式情報または2情報源での確認が必要",
    "sources": "OpenStreetMap（© OpenStreetMap contributors, ODbL 1.0）Geofabrik japan-latest.osm.pbf 2026-09-23T20:22:04Z node/2027592644（登山道と道路の接続点）",
    "verifiedAt": ""
   }
  },
  {
   "type": "Feature",
   "geometry": {
    "type": "Point",
    "coordinates": [
     130.624407,
     30.383295
    ]
   },
   "properties": {
    "id": "TH-n2044189905",
    "kind": "trailhead",
    "name": "（名称未確認）",
    "datum": "WGS84",
    "mountainIds": "933",
    "mountainNames": "愛子岳",
    "lists": "九州百名山",
    "routes": "",
    "entryType": "道路の終点付近",
    "trailKmToSummit": "愛子岳:3.69km",
    "related": "PK-n11612795176(55m)",
    "attributes": "",
    "status": "provisional",
    "accuracyM": 30,
    "needsReview": "名称未確認、林道からの入口（マイカー進入可否を要確認）、公式情報または2情報源での確認が必要",
    "sources": "OpenStreetMap（© OpenStreetMap contributors, ODbL 1.0）Geofabrik japan-latest.osm.pbf 2026-09-23T20:22:04Z node/2044189905（登山道と道路の接続点）",
    "verifiedAt": ""
   }
  },
  {
   "type": "Feature",
   "geometry": {
    "type": "Point",
    "coordinates": [
     130.875562,
     31.105114
    ]
   },
   "properties": {
    "id": "TH-n2044372168",
    "kind": "trailhead",
    "name": "（名称未確認）",
    "datum": "WGS84",
    "mountainIds": "932",
    "mountainNames": "稲尾岳",
    "lists": "九州百名山",
    "routes": "",
    "entryType": "一般道との接続",
    "trailKmToSummit": "稲尾岳:2.56km",
    "related": "",
    "attributes": "",
    "status": "candidate",
    "accuracyM": 30,
    "needsReview": "名称未確認、公式情報または2情報源での確認が必要",
    "sources": "OpenStreetMap（© OpenStreetMap contributors, ODbL 1.0）Geofabrik japan-latest.osm.pbf 2026-09-23T20:22:04Z node/2044372168（登山道と道路の接続点）",
    "verifiedAt": ""
   }
  },
  {
   "type": "Feature",
   "geometry": {
    "type": "Point",
    "coordinates": [
     130.3693486,
     31.9819205
    ]
   },
   "properties": {
    "id": "TH-n2049845512",
    "kind": "trailhead",
    "name": "（名称未確認）",
    "datum": "WGS84",
    "mountainIds": "918",
    "mountainNames": "紫尾山",
    "lists": "九州百名山",
    "routes": "OSM登山道「東尾根コース」",
    "entryType": "一般道との接続",
    "trailKmToSummit": "紫尾山:0.24km",
    "related": "",
    "attributes": "",
    "status": "candidate",
    "accuracyM": 30,
    "needsReview": "名称未確認、公式情報または2情報源での確認が必要",
    "sources": "OpenStreetMap（© OpenStreetMap contributors, ODbL 1.0）Geofabrik japan-latest.osm.pbf 2026-09-23T20:22:04Z node/2049845512（登山道と道路の接続点）",
    "verifiedAt": ""
   }
  },
  {
   "type": "Feature",
   "geometry": {
    "type": "Point",
    "coordinates": [
     130.3679285,
     31.9860495
    ]
   },
   "properties": {
    "id": "TH-n2054674569",
    "kind": "trailhead",
    "name": "（名称未確認）",
    "datum": "WGS84",
    "mountainIds": "918",
    "mountainNames": "紫尾山",
    "lists": "九州百名山",
    "routes": "OSM登山道「登尾コース」",
    "entryType": "林道との接続",
    "trailKmToSummit": "紫尾山:0.59km",
    "related": "",
    "attributes": "",
    "status": "candidate",
    "accuracyM": 30,
    "needsReview": "名称未確認、林道からの入口（マイカー進入可否を要確認）、公式情報または2情報源での確認が必要",
    "sources": "OpenStreetMap（© OpenStreetMap contributors, ODbL 1.0）Geofabrik japan-latest.osm.pbf 2026-09-23T20:22:04Z node/2054674569（登山道と道路の接続点）",
    "verifiedAt": ""
   }
  },
  {
   "type": "Feature",
   "geometry": {
    "type": "Point",
    "coordinates": [
     130.378377,
     32.1006519
    ]
   },
   "properties": {
    "id": "TH-n2054739627",
    "kind": "trailhead",
    "name": "（名称未確認）",
    "datum": "WGS84",
    "mountainIds": "917",
    "mountainNames": "矢筈岳",
    "lists": "九州百名山",
    "routes": "",
    "entryType": "一般道との接続",
    "trailKmToSummit": "矢筈岳:3.79km",
    "related": "",
    "attributes": "",
    "status": "candidate",
    "accuracyM": 30,
    "needsReview": "名称未確認、公式情報または2情報源での確認が必要",
    "sources": "OpenStreetMap（© OpenStreetMap contributors, ODbL 1.0）Geofabrik japan-latest.osm.pbf 2026-09-23T20:22:04Z node/2054739627（登山道と道路の接続点）",
    "verifiedAt": ""
   }
  },
  {
   "type": "Feature",
   "geometry": {
    "type": "Point",
    "coordinates": [
     130.358241,
     32.139983
    ]
   },
   "properties": {
    "id": "TH-n2054755515",
    "kind": "trailhead",
    "name": "（名称未確認）櫓木バス停付近",
    "datum": "WGS84",
    "mountainIds": "917",
    "mountainNames": "矢筈岳",
    "lists": "九州百名山",
    "routes": "",
    "entryType": "一般道との接続",
    "trailKmToSummit": "矢筈岳:5.27km",
    "related": "PK-w691715111(395m) BS-kP11-22-46-bs865(250m) BS-kP11-22-46-bs871(278m) BS-kP11-22-46-bs864(370m)",
    "attributes": "",
    "status": "provisional",
    "accuracyM": 30,
    "needsReview": "名称未確認、公式情報または2情報源での確認が必要",
    "sources": "OpenStreetMap（© OpenStreetMap contributors, ODbL 1.0）Geofabrik japan-latest.osm.pbf 2026-09-23T20:22:04Z node/2054755515（登山道と道路の接続点）",
    "verifiedAt": ""
   }
  },
  {
   "type": "Feature",
   "geometry": {
    "type": "Point",
    "coordinates": [
     131.0809669,
     32.314312
    ]
   },
   "properties": {
    "id": "TH-n2055390323",
    "kind": "trailhead",
    "name": "（名称未確認）",
    "datum": "WGS84",
    "mountainIds": "912",
    "mountainNames": "市房山",
    "lists": "日本二百名山|日本三百名山|九州百名山",
    "routes": "",
    "entryType": "道路の終点付近",
    "trailKmToSummit": "市房山:2.82km",
    "related": "",
    "attributes": "",
    "status": "candidate",
    "accuracyM": 30,
    "needsReview": "名称未確認、公式情報または2情報源での確認が必要",
    "sources": "OpenStreetMap（© OpenStreetMap contributors, ODbL 1.0）Geofabrik japan-latest.osm.pbf 2026-09-23T20:22:04Z node/2055390323（登山道と道路の接続点）",
    "verifiedAt": ""
   }
  },
  {
   "type": "Feature",
   "geometry": {
    "type": "Point",
    "coordinates": [
     131.07271,
     32.318232
    ]
   },
   "properties": {
    "id": "TH-n2055391999",
    "kind": "trailhead",
    "name": "（名称未確認）市房キャンプ場付近",
    "datum": "WGS84",
    "mountainIds": "912",
    "mountainNames": "市房山",
    "lists": "日本二百名山|日本三百名山|九州百名山",
    "routes": "",
    "entryType": "一般道との接続",
    "trailKmToSummit": "市房山:3.55km",
    "related": "",
    "attributes": "",
    "status": "candidate",
    "accuracyM": 30,
    "needsReview": "名称未確認、登山道が道路を横断する地点（途中の入口の可能性）、公式情報または2情報源での確認が必要",
    "sources": "OpenStreetMap（© OpenStreetMap contributors, ODbL 1.0）Geofabrik japan-latest.osm.pbf 2026-09-23T20:22:04Z node/2055391999（登山道と道路の接続点）",
    "verifiedAt": ""
   }
  },
  {
   "type": "Feature",
   "geometry": {
    "type": "Point",
    "coordinates": [
     130.2816267,
     33.4745313
    ]
   },
   "properties": {
    "id": "TH-n2075761749",
    "kind": "trailhead",
    "name": "三瀬峠",
    "datum": "WGS84",
    "mountainIds": "836 837",
    "mountainNames": "井原山、金山",
    "lists": "九州百名山",
    "routes": "",
    "entryType": "峠（道路との接続）",
    "trailKmToSummit": "井原山:3.73km 金山:3.2km",
    "related": "",
    "attributes": "",
    "status": "adopted",
    "accuracyM": 30,
    "needsReview": "登山道が道路を横断する地点（途中の入口の可能性）",
    "sources": "OpenStreetMap（© OpenStreetMap contributors, ODbL 1.0）Geofabrik japan-latest.osm.pbf 2026-09-23T20:22:04Z node/2075761749（登山道と道路の接続点） ｜ 国土地理院 地名検索「三瀬峠」（33.474616, 130.281736、JGD2011、14m差）2026-09-20確認",
    "verifiedAt": "2026-09-20"
   }
  },
  {
   "type": "Feature",
   "geometry": {
    "type": "Point",
    "coordinates": [
     131.455953,
     33.3003305
    ]
   },
   "properties": {
    "id": "TH-n2148643377",
    "kind": "trailhead",
    "name": "（名称未確認）ゴルフ場入口バス停付近",
    "datum": "WGS84",
    "mountainIds": "848",
    "mountainNames": "鶴見岳",
    "lists": "日本三百名山|九州百名山",
    "routes": "",
    "entryType": "一般道との接続",
    "trailKmToSummit": "鶴見岳:6.43km",
    "related": "PK-w418394378(161m) PK-w418394377(187m) PK-w418394376(218m) BS-kP11-22-44-bs3148(503m) BS-kP11-22-44-bs3141(581m) BS-kP11-22-44-bs3194(645m)",
    "attributes": "",
    "status": "provisional",
    "accuracyM": 30,
    "needsReview": "名称未確認、公式情報または2情報源での確認が必要",
    "sources": "OpenStreetMap（© OpenStreetMap contributors, ODbL 1.0）Geofabrik japan-latest.osm.pbf 2026-09-23T20:22:04Z node/2148643377（登山道と道路の接続点）",
    "verifiedAt": ""
   }
  },
  {
   "type": "Feature",
   "geometry": {
    "type": "Point",
    "coordinates": [
     130.3807239,
     31.9855171
    ]
   },
   "properties": {
    "id": "TH-n2193421320",
    "kind": "trailhead",
    "name": "（名称未確認）",
    "datum": "WGS84",
    "mountainIds": "918",
    "mountainNames": "紫尾山",
    "lists": "九州百名山",
    "routes": "OSM登山道「登尾コース」",
    "entryType": "道路の終点付近",
    "trailKmToSummit": "紫尾山:2.07km",
    "related": "",
    "attributes": "",
    "status": "candidate",
    "accuracyM": 30,
    "needsReview": "名称未確認、林道からの入口（マイカー進入可否を要確認）、公式情報または2情報源での確認が必要",
    "sources": "OpenStreetMap（© OpenStreetMap contributors, ODbL 1.0）Geofabrik japan-latest.osm.pbf 2026-09-23T20:22:04Z node/2193421320（登山道と道路の接続点）",
    "verifiedAt": ""
   }
  },
  {
   "type": "Feature",
   "geometry": {
    "type": "Point",
    "coordinates": [
     131.444768,
     33.2746536
    ]
   },
   "properties": {
    "id": "TH-n2193710763",
    "kind": "trailhead",
    "name": "（名称未確認）旗の台バス停付近",
    "datum": "WGS84",
    "mountainIds": "848",
    "mountainNames": "鶴見岳",
    "lists": "日本三百名山|九州百名山",
    "routes": "",
    "entryType": "一般道（県道以上）との接続",
    "trailKmToSummit": "鶴見岳:2.88km",
    "related": "PK-w162552684(424m) BS-kP11-22-44-bs3443(5m) BS-kP11-22-44-bs3411(480m) BS-kP11-22-44-bs3481(563m)",
    "attributes": "",
    "status": "provisional",
    "accuracyM": 30,
    "needsReview": "名称未確認、公式情報または2情報源での確認が必要",
    "sources": "OpenStreetMap（© OpenStreetMap contributors, ODbL 1.0）Geofabrik japan-latest.osm.pbf 2026-09-23T20:22:04Z node/2193710763（登山道と道路の接続点）",
    "verifiedAt": ""
   }
  },
  {
   "type": "Feature",
   "geometry": {
    "type": "Point",
    "coordinates": [
     131.4026269,
     32.7592448
    ]
   },
   "properties": {
    "id": "TH-n2272837997",
    "kind": "trailhead",
    "name": "（名称未確認）",
    "datum": "WGS84",
    "mountainIds": "888",
    "mountainNames": "二ツ岳",
    "lists": "九州百名山",
    "routes": "",
    "entryType": "道路の終点付近",
    "trailKmToSummit": "二ツ岳:0.59km",
    "related": "",
    "attributes": "",
    "status": "candidate",
    "accuracyM": 30,
    "needsReview": "名称未確認、林道からの入口（マイカー進入可否を要確認）、公式情報または2情報源での確認が必要",
    "sources": "OpenStreetMap（© OpenStreetMap contributors, ODbL 1.0）Geofabrik japan-latest.osm.pbf 2026-09-23T20:22:04Z node/2272837997（登山道と道路の接続点）",
    "verifiedAt": ""
   }
  },
  {
   "type": "Feature",
   "geometry": {
    "type": "Point",
    "coordinates": [
     130.4252421,
     33.4184056
    ]
   },
   "properties": {
    "id": "TH-n2293364309",
    "kind": "trailhead",
    "name": "（名称未確認）",
    "datum": "WGS84",
    "mountainIds": "844",
    "mountainNames": "九千部山",
    "lists": "九州百名山",
    "routes": "",
    "entryType": "一般道（県道以上）との接続",
    "trailKmToSummit": "九千部山:2.32km",
    "related": "PK-w1207443616(302m) PK-w1207443658(473m)",
    "attributes": "",
    "status": "provisional",
    "accuracyM": 30,
    "needsReview": "名称未確認、公式情報または2情報源での確認が必要",
    "sources": "OpenStreetMap（© OpenStreetMap contributors, ODbL 1.0）Geofabrik japan-latest.osm.pbf 2026-09-23T20:22:04Z node/2293364309（登山道と道路の接続点）",
    "verifiedAt": ""
   }
  },
  {
   "type": "Feature",
   "geometry": {
    "type": "Point",
    "coordinates": [
     130.2542142,
     32.7859545
    ]
   },
   "properties": {
    "id": "TH-n2347398499",
    "kind": "trailhead",
    "name": "（名称未確認）",
    "datum": "WGS84",
    "mountainIds": "884",
    "mountainNames": "九千部岳",
    "lists": "九州百名山",
    "routes": "OSM登山道「田代原118林道」",
    "entryType": "一般道（県道以上）との接続",
    "trailKmToSummit": "九千部岳:1.48km",
    "related": "PK-w162142876(232m)",
    "attributes": "",
    "status": "provisional",
    "accuracyM": 30,
    "needsReview": "名称未確認、登山道が道路を横断する地点（途中の入口の可能性）、近くの道路にゲートあり（車両通行止め・季節閉鎖の可能性）、公式情報または2情報源での確認が必要",
    "sources": "OpenStreetMap（© OpenStreetMap contributors, ODbL 1.0）Geofabrik japan-latest.osm.pbf 2026-09-23T20:22:04Z node/2347398499（登山道と道路の接続点）",
    "verifiedAt": ""
   }
  },
  {
   "type": "Feature",
   "geometry": {
    "type": "Point",
    "coordinates": [
     130.535624,
     31.1891409
    ]
   },
   "properties": {
    "id": "TH-n2480853863",
    "kind": "trailhead",
    "name": "かいもん山麓ふれあい公園（開聞岳登山口）",
    "datum": "WGS84",
    "mountainIds": "931",
    "mountainNames": "開聞岳",
    "lists": "日本百名山|日本二百名山|日本三百名山|九州百名山",
    "routes": "OSM登山道「開聞岳登山路」",
    "entryType": "一般道との接続",
    "trailKmToSummit": "開聞岳:2.31km",
    "related": "",
    "attributes": "parking=駐車場あり（鹿児島県）",
    "status": "adopted",
    "accuracyM": 15,
    "needsReview": "登山道が道路を横断する地点（途中の入口の可能性）、近くの道路にゲートあり（車両通行止め・季節閉鎖の可能性）、公式情報の登山口と、地理院地図で徒歩道が道路から始まる位置（1m差）が一致、かいもん山麓ふれあい公園は開聞岳の麓にある登山者の玄関口（国土交通省・鹿児島県）、JR開聞駅から車で3分・徒歩20分（鹿児島県）",
    "sources": "OpenStreetMap（© OpenStreetMap contributors, ODbL 1.0）Geofabrik japan-latest.osm.pbf 2026-09-23T20:22:04Z node/2480853863（登山道と道路の接続点） ｜ 公式情報: https://www.mlit.go.jp/sogoseisaku/kanminrenkei/content/001767812.pdf ｜ 公式情報: https://www.kagoshima-kankou.com/guide/10693 ｜ 国土地理院ベクトルタイル提供実験 地理院地図の徒歩道の起点（31.189132, 130.535625、JGD2011、1m差）2026-09-21確認",
    "verifiedAt": "2026-09-20"
   }
  },
  {
   "type": "Feature",
   "geometry": {
    "type": "Point",
    "coordinates": [
     131.264681,
     33.4385095
    ]
   },
   "properties": {
    "id": "TH-n2558335762",
    "kind": "trailhead",
    "name": "（名称未確認）小野川内田平バス停付近",
    "datum": "WGS84",
    "mountainIds": "842",
    "mountainNames": "鹿嵐山",
    "lists": "九州百名山",
    "routes": "",
    "entryType": "一般道（県道以上）との接続",
    "trailKmToSummit": "鹿嵐山:1.63km",
    "related": "PK-w249179055(209m) BS-kP11-22-44-bs1772(568m) BS-kP11-22-44-bs1821(831m)",
    "attributes": "",
    "status": "provisional",
    "accuracyM": 30,
    "needsReview": "名称未確認、公式情報または2情報源での確認が必要",
    "sources": "OpenStreetMap（© OpenStreetMap contributors, ODbL 1.0）Geofabrik japan-latest.osm.pbf 2026-09-23T20:22:04Z node/2558335762（登山道と道路の接続点）",
    "verifiedAt": ""
   }
  },
  {
   "type": "Feature",
   "geometry": {
    "type": "Point",
    "coordinates": [
     130.0687783,
     32.9936768
    ]
   },
   "properties": {
    "id": "TH-n2697734896",
    "kind": "trailhead",
    "name": "（名称未確認）",
    "datum": "WGS84",
    "mountainIds": "868 869",
    "mountainNames": "経ガ岳、多良岳",
    "lists": "九州百名山|日本三百名山",
    "routes": "",
    "entryType": "林道との接続",
    "trailKmToSummit": "経ガ岳:1.41km 多良岳:3.75km",
    "related": "",
    "attributes": "",
    "status": "candidate",
    "accuracyM": 30,
    "needsReview": "名称未確認、林道からの入口（マイカー進入可否を要確認）、公式情報または2情報源での確認が必要",
    "sources": "OpenStreetMap（© OpenStreetMap contributors, ODbL 1.0）Geofabrik japan-latest.osm.pbf 2026-09-23T20:22:04Z node/2697734896（登山道と道路の接続点）",
    "verifiedAt": ""
   }
  },
  {
   "type": "Feature",
   "geometry": {
    "type": "Point",
    "coordinates": [
     131.5052294,
     32.7043581
    ]
   },
   "properties": {
    "id": "TH-n2949948178",
    "kind": "trailhead",
    "name": "（名称未確認）矛岳登山口駐車場付近",
    "datum": "WGS84",
    "mountainIds": "891",
    "mountainNames": "鉾岳",
    "lists": "九州百名山",
    "routes": "OSM登山道「矛岳登山道」",
    "entryType": "道路の終点付近",
    "trailKmToSummit": "鉾岳:1.06km",
    "related": "PK-w291529793(409m)",
    "attributes": "",
    "status": "provisional",
    "accuracyM": 30,
    "needsReview": "名称未確認、林道からの入口（マイカー進入可否を要確認）、公式情報または2情報源での確認が必要",
    "sources": "OpenStreetMap（© OpenStreetMap contributors, ODbL 1.0）Geofabrik japan-latest.osm.pbf 2026-09-23T20:22:04Z node/2949948178（登山道と道路の接続点）",
    "verifiedAt": ""
   }
  },
  {
   "type": "Feature",
   "geometry": {
    "type": "Point",
    "coordinates": [
     131.4834199,
     32.8696239
    ]
   },
   "properties": {
    "id": "TH-n3137551419",
    "kind": "trailhead",
    "name": "（名称未確認）",
    "datum": "WGS84",
    "mountainIds": "879",
    "mountainNames": "傾山",
    "lists": "日本三百名山|九州百名山",
    "routes": "OSM登山道「官行コース」",
    "entryType": "道路の終点付近",
    "trailKmToSummit": "傾山:5.44km",
    "related": "",
    "attributes": "",
    "status": "candidate",
    "accuracyM": 30,
    "needsReview": "名称未確認、林道からの入口（マイカー進入可否を要確認）、公式情報または2情報源での確認が必要",
    "sources": "OpenStreetMap（© OpenStreetMap contributors, ODbL 1.0）Geofabrik japan-latest.osm.pbf 2026-09-23T20:22:04Z node/3137551419（登山道と道路の接続点）",
    "verifiedAt": ""
   }
  },
  {
   "type": "Feature",
   "geometry": {
    "type": "Point",
    "coordinates": [
     129.8706722,
     33.2355626
    ]
   },
   "properties": {
    "id": "TH-n3471481867",
    "kind": "trailhead",
    "name": "越ノ峠",
    "datum": "WGS84",
    "mountainIds": "851",
    "mountainNames": "黒髪山",
    "lists": "九州百名山",
    "routes": "",
    "entryType": "峠（道路との接続）",
    "trailKmToSummit": "黒髪山:4.7km",
    "related": "",
    "attributes": "",
    "status": "adopted",
    "accuracyM": 30,
    "needsReview": "登山道が道路を横断する地点（途中の入口の可能性）",
    "sources": "OpenStreetMap（© OpenStreetMap contributors, ODbL 1.0）Geofabrik japan-latest.osm.pbf 2026-09-23T20:22:04Z node/3471481867（登山道と道路の接続点） ｜ 国土地理院 地名検索「越ノ峠」（33.235705, 129.870317、JGD2011、37m差）2026-09-20確認",
    "verifiedAt": "2026-09-20"
   }
  },
  {
   "type": "Feature",
   "geometry": {
    "type": "Point",
    "coordinates": [
     130.9420858,
     32.576626
    ]
   },
   "properties": {
    "id": "TH-n3494319915",
    "kind": "trailhead",
    "name": "（名称未確認）",
    "datum": "WGS84",
    "mountainIds": "901",
    "mountainNames": "京丈山",
    "lists": "九州百名山",
    "routes": "",
    "entryType": "林道との接続",
    "trailKmToSummit": "京丈山:1.01km",
    "related": "",
    "attributes": "",
    "status": "candidate",
    "accuracyM": 30,
    "needsReview": "名称未確認、林道からの入口（マイカー進入可否を要確認）、公式情報または2情報源での確認が必要",
    "sources": "OpenStreetMap（© OpenStreetMap contributors, ODbL 1.0）Geofabrik japan-latest.osm.pbf 2026-09-23T20:22:04Z node/3494319915（登山道と道路の接続点）",
    "verifiedAt": ""
   }
  },
  {
   "type": "Feature",
   "geometry": {
    "type": "Point",
    "coordinates": [
     131.4002614,
     33.2897408
    ]
   },
   "properties": {
    "id": "TH-n3514844824",
    "kind": "trailhead",
    "name": "（名称未確認）",
    "datum": "WGS84",
    "mountainIds": "849",
    "mountainNames": "由布岳",
    "lists": "日本二百名山|日本三百名山|九州百名山",
    "routes": "",
    "entryType": "一般道との接続",
    "trailKmToSummit": "由布岳:2.06km",
    "related": "",
    "attributes": "",
    "status": "candidate",
    "accuracyM": 30,
    "needsReview": "名称未確認、公式情報または2情報源での確認が必要",
    "sources": "OpenStreetMap（© OpenStreetMap contributors, ODbL 1.0）Geofabrik japan-latest.osm.pbf 2026-09-23T20:22:04Z node/3514844824（登山道と道路の接続点）",
    "verifiedAt": ""
   }
  },
  {
   "type": "Feature",
   "geometry": {
    "type": "Point",
    "coordinates": [
     131.1328183,
     33.2338079
    ]
   },
   "properties": {
    "id": "TH-n3540718051",
    "kind": "trailhead",
    "name": "（名称未確認）",
    "datum": "WGS84",
    "mountainIds": "850",
    "mountainNames": "万年山",
    "lists": "九州百名山",
    "routes": "",
    "entryType": "一般道との接続",
    "trailKmToSummit": "万年山:0.35km",
    "related": "",
    "attributes": "",
    "status": "candidate",
    "accuracyM": 30,
    "needsReview": "名称未確認、公式情報または2情報源での確認が必要",
    "sources": "OpenStreetMap（© OpenStreetMap contributors, ODbL 1.0）Geofabrik japan-latest.osm.pbf 2026-09-23T20:22:04Z node/3540718051（登山道と道路の接続点）",
    "verifiedAt": ""
   }
  },
  {
   "type": "Feature",
   "geometry": {
    "type": "Point",
    "coordinates": [
     130.4639476,
     33.6657032
    ]
   },
   "properties": {
    "id": "TH-n3941553147",
    "kind": "trailhead",
    "name": "（名称未確認）グリーンタウン入口バス停付近",
    "datum": "WGS84",
    "mountainIds": "815",
    "mountainNames": "立花山",
    "lists": "九州百名山",
    "routes": "",
    "entryType": "一般道（県道以上）との接続",
    "trailKmToSummit": "立花山:2.48km",
    "related": "PK-w559962732(99m) PK-w559962733(171m) BS-kP11-22-40-bs3248(881m) BS-kP11-22-40-bs3263(958m)",
    "attributes": "",
    "status": "provisional",
    "accuracyM": 30,
    "needsReview": "名称未確認、近くの道路にゲートあり（車両通行止め・季節閉鎖の可能性）、公式情報または2情報源での確認が必要",
    "sources": "OpenStreetMap（© OpenStreetMap contributors, ODbL 1.0）Geofabrik japan-latest.osm.pbf 2026-09-23T20:22:04Z node/3941553147（登山道と道路の接続点）",
    "verifiedAt": ""
   }
  },
  {
   "type": "Feature",
   "geometry": {
    "type": "Point",
    "coordinates": [
     131.4524096,
     33.3055841
    ]
   },
   "properties": {
    "id": "TH-n4139393725",
    "kind": "trailhead",
    "name": "（名称未確認）ゴルフ場入口バス停付近",
    "datum": "WGS84",
    "mountainIds": "848",
    "mountainNames": "鶴見岳",
    "lists": "日本三百名山|九州百名山",
    "routes": "",
    "entryType": "道路の終点付近",
    "trailKmToSummit": "鶴見岳:7.3km",
    "related": "PK-w204997131(179m) PK-w204997134(202m) BS-kP11-22-44-bs3148(973m) BS-kP11-22-44-bs3047(984m) BS-kP11-22-44-bs3141(994m)",
    "attributes": "",
    "status": "provisional",
    "accuracyM": 30,
    "needsReview": "名称未確認、公式情報または2情報源での確認が必要",
    "sources": "OpenStreetMap（© OpenStreetMap contributors, ODbL 1.0）Geofabrik japan-latest.osm.pbf 2026-09-23T20:22:04Z node/4139393725（登山道と道路の接続点）",
    "verifiedAt": ""
   }
  },
  {
   "type": "Feature",
   "geometry": {
    "type": "Point",
    "coordinates": [
     131.3959739,
     33.2649715
    ]
   },
   "properties": {
    "id": "TH-n4217635605",
    "kind": "trailhead",
    "name": "由布岳正面登山口",
    "datum": "WGS84",
    "mountainIds": "849",
    "mountainNames": "由布岳",
    "lists": "日本二百名山|日本三百名山|九州百名山",
    "routes": "",
    "entryType": "一般道（県道以上）との接続",
    "trailKmToSummit": "由布岳:3.27km",
    "related": "PK-w160898589(49m) PK-w188462611(95m) BS-kP11-22-44-bs3506(78m)",
    "attributes": "parking=正面登山口 無料駐車場30台（トイレあり）と有料駐車場70台; bus=亀の井バス 由布院駅前バスセンターから約10分「由布登山口」下車（由布市）",
    "status": "adopted",
    "accuracyM": 15,
    "needsReview": "登山道が道路を横断する地点（途中の入口の可能性）、由布岳（1,584m）の代表的な登山口。由布市が登山マップを公開している（由布市）、正面登山口から山頂まで平均約2時間30分。西峰には鎖場などの難所がある（由布市）",
    "sources": "OpenStreetMap（© OpenStreetMap contributors, ODbL 1.0）Geofabrik japan-latest.osm.pbf 2026-09-23T20:22:04Z node/4217635605（登山道と道路の接続点） ｜ 公式情報: https://www.city.yufu.oita.jp/wp-content/uploads/2019/11/mtyufumapjp.pdf",
    "verifiedAt": "2026-09-20"
   }
  },
  {
   "type": "Feature",
   "geometry": {
    "type": "Point",
    "coordinates": [
     130.5951974,
     30.3399211
    ]
   },
   "properties": {
    "id": "TH-n4435165390",
    "kind": "trailhead",
    "name": "荒川登山口",
    "datum": "WGS84",
    "mountainIds": "934 935",
    "mountainNames": "宮之浦岳、黒味岳",
    "lists": "日本百名山|日本二百名山|日本三百名山|九州百名山",
    "routes": "",
    "entryType": "登山口（OSMの登山口地物）",
    "trailKmToSummit": "宮之浦岳:14.5km 黒味岳:13.36km",
    "related": "PK-w1455712627(28m) BS-kP11-22-46-bs635(65m) BS-kP11-22-46-bs636(65m)",
    "attributes": "restriction=3月〜11月は町道荒川線が終日車両乗入れ規制。荒川登山バスで入る; bus=屋久杉自然館前駐車場〜荒川登山口（約40分）の登山バス; fee=世界自然遺産屋久島山岳部環境保全協力金の対象区域",
    "status": "adopted",
    "accuracyM": 15,
    "needsReview": "山岳部への過剰な車両乗入れによる環境負荷の軽減と混雑緩和のため、荒川線への乗入れが規制されている（屋久島町・環境省）、マイカー・レンタカー・二輪車・自転車は屋久杉自然館前駐車場で登山バスに乗り換える（環境省）",
    "sources": "OpenStreetMap（© OpenStreetMap contributors, ODbL 1.0）Geofabrik japan-latest.osm.pbf 2026-09-23T20:22:04Z node/4435165390 ｜ 国土地理院ベクトルタイル提供実験 地理院地図の徒歩道の起点（30.339915, 130.595173、JGD2011、2m差）2026-09-24確認 ｜ 公式情報: https://www.env.go.jp/park/yakushima/topics/data/090729a_1.pdf ｜ 公式情報: http://yakushima-tozan.com/bus/ ｜ 公式情報: https://yakushima-kuchinoerabu-br.com/activities/noriire-kisei/ ｜ 公式情報: https://www.town.yakushima.kagoshima.jp/soshiki/kanko_machizukuri/kankosushin/kankospot/yama/856.html",
    "verifiedAt": "2026-09-20"
   }
  },
  {
   "type": "Feature",
   "geometry": {
    "type": "Point",
    "coordinates": [
     131.1084397,
     32.5822477
    ]
   },
   "properties": {
    "id": "TH-n4485720154",
    "kind": "trailhead",
    "name": "（名称未確認）",
    "datum": "WGS84",
    "mountainIds": "902 905",
    "mountainNames": "白岩山、扇山",
    "lists": "九州百名山",
    "routes": "",
    "entryType": "索道駅（ロープウェイ・ゴンドラ）",
    "trailKmToSummit": "白岩山:2.18km 扇山:10.22km",
    "related": "",
    "attributes": "",
    "status": "provisional",
    "accuracyM": 15,
    "needsReview": "名称未確認、公式情報または2情報源での確認が必要",
    "sources": "OpenStreetMap（© OpenStreetMap contributors, ODbL 1.0）Geofabrik japan-latest.osm.pbf 2026-09-23T20:22:04Z node/4485720154",
    "verifiedAt": ""
   }
  },
  {
   "type": "Feature",
   "geometry": {
    "type": "Point",
    "coordinates": [
     131.1065085,
     32.5861384
    ]
   },
   "properties": {
    "id": "TH-n4485720182",
    "kind": "trailhead",
    "name": "（名称未確認）",
    "datum": "WGS84",
    "mountainIds": "899",
    "mountainNames": "小川岳",
    "lists": "九州百名山",
    "routes": "",
    "entryType": "索道駅（ロープウェイ・ゴンドラ）",
    "trailKmToSummit": "小川岳:3.04km",
    "related": "",
    "attributes": "",
    "status": "provisional",
    "accuracyM": 15,
    "needsReview": "名称未確認、公式情報または2情報源での確認が必要",
    "sources": "OpenStreetMap（© OpenStreetMap contributors, ODbL 1.0）Geofabrik japan-latest.osm.pbf 2026-09-23T20:22:04Z node/4485720182",
    "verifiedAt": ""
   }
  },
  {
   "type": "Feature",
   "geometry": {
    "type": "Point",
    "coordinates": [
     129.9056581,
     33.2101556
    ]
   },
   "properties": {
    "id": "TH-n4800054164",
    "kind": "trailhead",
    "name": "（名称未確認）",
    "datum": "WGS84",
    "mountainIds": "851",
    "mountainNames": "黒髪山",
    "lists": "九州百名山",
    "routes": "",
    "entryType": "道路の終点付近",
    "trailKmToSummit": "黒髪山:0.49km",
    "related": "PK-w487549490(4m) PK-w487549497(249m) PK-w487549493(356m)",
    "attributes": "",
    "status": "provisional",
    "accuracyM": 30,
    "needsReview": "名称未確認、近くの道路にゲートあり（車両通行止め・季節閉鎖の可能性）、公式情報または2情報源での確認が必要",
    "sources": "OpenStreetMap（© OpenStreetMap contributors, ODbL 1.0）Geofabrik japan-latest.osm.pbf 2026-09-23T20:22:04Z node/4800054164（登山道と道路の接続点）",
    "verifiedAt": ""
   }
  },
  {
   "type": "Feature",
   "geometry": {
    "type": "Point",
    "coordinates": [
     130.1369949,
     33.3309448
    ]
   },
   "properties": {
    "id": "TH-n5050235389",
    "kind": "trailhead",
    "name": "（名称未確認）天山上宮駐車場付近",
    "datum": "WGS84",
    "mountainIds": "846",
    "mountainNames": "天山",
    "lists": "九州百名山",
    "routes": "",
    "entryType": "一般道との接続",
    "trailKmToSummit": "天山:1.12km",
    "related": "PK-w517533385(406m)",
    "attributes": "",
    "status": "provisional",
    "accuracyM": 30,
    "needsReview": "名称未確認、公式情報または2情報源での確認が必要",
    "sources": "OpenStreetMap（© OpenStreetMap contributors, ODbL 1.0）Geofabrik japan-latest.osm.pbf 2026-09-23T20:22:04Z node/5050235389（登山道と道路の接続点）",
    "verifiedAt": ""
   }
  },
  {
   "type": "Feature",
   "geometry": {
    "type": "Point",
    "coordinates": [
     130.1680073,
     31.404073
    ]
   },
   "properties": {
    "id": "TH-n5159789531",
    "kind": "trailhead",
    "name": "（名称未確認）",
    "datum": "WGS84",
    "mountainIds": "929",
    "mountainNames": "野間岳",
    "lists": "九州百名山",
    "routes": "",
    "entryType": "一般道との接続",
    "trailKmToSummit": "野間岳:0.98km",
    "related": "",
    "attributes": "",
    "status": "candidate",
    "accuracyM": 30,
    "needsReview": "名称未確認、公式情報または2情報源での確認が必要",
    "sources": "OpenStreetMap（© OpenStreetMap contributors, ODbL 1.0）Geofabrik japan-latest.osm.pbf 2026-09-23T20:22:04Z node/5159789531（登山道と道路の接続点）",
    "verifiedAt": ""
   }
  },
  {
   "type": "Feature",
   "geometry": {
    "type": "Point",
    "coordinates": [
     130.850717,
     31.9460313
    ]
   },
   "properties": {
    "id": "TH-n5323909139",
    "kind": "trailhead",
    "name": "（名称未確認）えびの高原バス停付近",
    "datum": "WGS84",
    "mountainIds": "920",
    "mountainNames": "霧島山",
    "lists": "日本百名山|日本二百名山|日本三百名山|九州百名山",
    "routes": "",
    "entryType": "一般道（県道以上）との接続",
    "trailKmToSummit": "霧島山:1.83km",
    "related": "PK-w164878530(269m) PK-w279648825(423m) BS-kP11-22-45-bs2406(726m) BS-kP11-22-45-bs2418(841m)",
    "attributes": "",
    "status": "provisional",
    "accuracyM": 30,
    "needsReview": "名称未確認、登山道が道路を横断する地点（途中の入口の可能性）、近くの道路にゲートあり（車両通行止め・季節閉鎖の可能性）、公式情報または2情報源での確認が必要",
    "sources": "OpenStreetMap（© OpenStreetMap contributors, ODbL 1.0）Geofabrik japan-latest.osm.pbf 2026-09-23T20:22:04Z node/5323909139（登山道と道路の接続点）",
    "verifiedAt": ""
   }
  },
  {
   "type": "Feature",
   "geometry": {
    "type": "Point",
    "coordinates": [
     130.3345575,
     32.4210488
    ]
   },
   "properties": {
    "id": "TH-n5354452137",
    "kind": "trailhead",
    "name": "（名称未確認）南平（天草）バス停付近",
    "datum": "WGS84",
    "mountainIds": "909",
    "mountainNames": "倉岳",
    "lists": "九州百名山",
    "routes": "OSM登山道「延命登山道」",
    "entryType": "一般道との接続",
    "trailKmToSummit": "倉岳:1.45km",
    "related": "BS-kP11-22-43-bs4115(981m)",
    "attributes": "",
    "status": "provisional",
    "accuracyM": 30,
    "needsReview": "名称未確認、登山道が道路を横断する地点（途中の入口の可能性）、公式情報または2情報源での確認が必要",
    "sources": "OpenStreetMap（© OpenStreetMap contributors, ODbL 1.0）Geofabrik japan-latest.osm.pbf 2026-09-23T20:22:04Z node/5354452137（登山道と道路の接続点）",
    "verifiedAt": ""
   }
  },
  {
   "type": "Feature",
   "geometry": {
    "type": "Point",
    "coordinates": [
     130.0810448,
     32.9834713
    ]
   },
   "properties": {
    "id": "TH-n5404816588",
    "kind": "trailhead",
    "name": "（名称未確認）",
    "datum": "WGS84",
    "mountainIds": "868 869",
    "mountainNames": "経ガ岳、多良岳",
    "lists": "九州百名山|日本三百名山",
    "routes": "",
    "entryType": "道路の終点付近",
    "trailKmToSummit": "経ガ岳:0.74km 多良岳:1.69km",
    "related": "",
    "attributes": "",
    "status": "candidate",
    "accuracyM": 30,
    "needsReview": "名称未確認、林道からの入口（マイカー進入可否を要確認）、公式情報または2情報源での確認が必要",
    "sources": "OpenStreetMap（© OpenStreetMap contributors, ODbL 1.0）Geofabrik japan-latest.osm.pbf 2026-09-23T20:22:04Z node/5404816588（登山道と道路の接続点）",
    "verifiedAt": ""
   }
  },
  {
   "type": "Feature",
   "geometry": {
    "type": "Point",
    "coordinates": [
     130.9033345,
     33.8632569
    ]
   },
   "properties": {
    "id": "TH-n5434372794",
    "kind": "trailhead",
    "name": "（名称未確認）森林公園入口バス停付近",
    "datum": "WGS84",
    "mountainIds": "771",
    "mountainNames": "足立山",
    "lists": "九州百名山",
    "routes": "",
    "entryType": "一般道との接続",
    "trailKmToSummit": "足立山:1.92km",
    "related": "PK-w1106985363(248m) PK-w1106985359(283m) PK-w1106985357(344m) BS-kP11-22-40-bs924(472m) BS-kP11-22-40-bs975(501m) BS-kP11-22-40-bs939(529m)",
    "attributes": "",
    "status": "provisional",
    "accuracyM": 30,
    "needsReview": "名称未確認、公式情報または2情報源での確認が必要",
    "sources": "OpenStreetMap（© OpenStreetMap contributors, ODbL 1.0）Geofabrik japan-latest.osm.pbf 2026-09-23T20:22:04Z node/5434372794（登山道と道路の接続点）",
    "verifiedAt": ""
   }
  },
  {
   "type": "Feature",
   "geometry": {
    "type": "Point",
    "coordinates": [
     131.3879995,
     32.8216462
    ]
   },
   "properties": {
    "id": "TH-n5506533421",
    "kind": "trailhead",
    "name": "尾平（祖母山・傾山登山口）",
    "datum": "WGS84",
    "mountainIds": "857 876 877 881 882",
    "mountainNames": "障子岳、越敷岳、大障子、祖母山、古祖母山",
    "lists": "九州百名山|日本百名山|日本二百名山|日本三百名山",
    "routes": "尾平コース",
    "entryType": "駐車場・バス停（林道・車道を経由して登山道へ）",
    "trailKmToSummit": "障子岳:4.79km 越敷岳:11.35km 大障子:10.25km 祖母山:5.29km 古祖母山:6.85km",
    "related": "BS-kP11-22-44-bs6920(7m)",
    "attributes": "",
    "status": "adopted",
    "accuracyM": 15,
    "needsReview": "林道からの入口（マイカー進入可否を要確認）、尾平は祖母山・傾山の登山口（祖母・傾・大崩ユネスコエコパーク）",
    "sources": "OpenStreetMap（© OpenStreetMap contributors, ODbL 1.0）Geofabrik japan-latest.osm.pbf 2026-09-23T20:22:04Z node/5506533421 ｜ OpenStreetMap（© OpenStreetMap contributors, ODbL 1.0）Geofabrik japan-latest.osm.pbf 2026-09-23T20:22:04Z node/1299012258（登山道と道路の接続点） ｜ 公式情報: https://sobokatamuki-br-council.org/information/%E7%A5%9E%E5%8E%9F%E7%99%BB%E5%B1%B1%E5%8F%A3%EF%BC%95%E5%8F%B7%E7%9B%AE%E5%B0%8F%E5%B1%8B%E3%80%81%EF%BC%99%E5%90%88%E7%9B%AE%E5%B0%8F%E5%B1%8B%E3%83%88%E3%82%A4%E3%83%AC%E3%81%AB%E3%81%A4%E3%81%84 ｜ 公式情報: https://takachiho-kanko.info/sightseeing/26/",
    "verifiedAt": "2026-09-20"
   }
  },
  {
   "type": "Feature",
   "geometry": {
    "type": "Point",
    "coordinates": [
     130.4616313,
     33.6742228
    ]
   },
   "properties": {
    "id": "TH-n5789162378",
    "kind": "trailhead",
    "name": "（名称未確認）下原バス停付近",
    "datum": "WGS84",
    "mountainIds": "815",
    "mountainNames": "立花山",
    "lists": "九州百名山",
    "routes": "",
    "entryType": "一般道との接続",
    "trailKmToSummit": "立花山:1.19km",
    "related": "BS-kP11-22-40-bs3216(606m) BS-kP11-22-40-bs3248(732m) BS-kP11-22-40-bs3196(743m)",
    "attributes": "",
    "status": "provisional",
    "accuracyM": 30,
    "needsReview": "名称未確認、近くの道路にゲートあり（車両通行止め・季節閉鎖の可能性）、公式情報または2情報源での確認が必要",
    "sources": "OpenStreetMap（© OpenStreetMap contributors, ODbL 1.0）Geofabrik japan-latest.osm.pbf 2026-09-23T20:22:04Z node/5789162378（登山道と道路の接続点）",
    "verifiedAt": ""
   }
  },
  {
   "type": "Feature",
   "geometry": {
    "type": "Point",
    "coordinates": [
     130.8517644,
     31.9495286
    ]
   },
   "properties": {
    "id": "TH-n585187157",
    "kind": "trailhead",
    "name": "（名称未確認）えびの高原バス停付近",
    "datum": "WGS84",
    "mountainIds": "919 920",
    "mountainNames": "白鳥山（霧島山）、霧島山",
    "lists": "九州百名山|日本百名山|日本二百名山|日本三百名山",
    "routes": "",
    "entryType": "一般道（県道以上）との接続",
    "trailKmToSummit": "白鳥山（霧島山）:2.56km 霧島山:2.29km",
    "related": "PK-w279648825(27m) PK-w164878530(194m) BS-kP11-22-45-bs2406(932m)",
    "attributes": "",
    "status": "provisional",
    "accuracyM": 30,
    "needsReview": "名称未確認、近くの道路にゲートあり（車両通行止め・季節閉鎖の可能性）、公式情報または2情報源での確認が必要",
    "sources": "OpenStreetMap（© OpenStreetMap contributors, ODbL 1.0）Geofabrik japan-latest.osm.pbf 2026-09-23T20:22:04Z node/585187157（登山道と道路の接続点）",
    "verifiedAt": ""
   }
  },
  {
   "type": "Feature",
   "geometry": {
    "type": "Point",
    "coordinates": [
     131.074795,
     32.878708
    ]
   },
   "properties": {
    "id": "TH-n585195466",
    "kind": "trailhead",
    "name": "阿蘇山上広場",
    "datum": "WGS84",
    "mountainIds": "873",
    "mountainNames": "阿蘇山",
    "lists": "日本百名山|日本二百名山|日本三百名山|九州百名山",
    "routes": "阿蘇山上（皿山迂回ルート）",
    "entryType": "一般道との接続",
    "trailKmToSummit": "阿蘇山:4.34km",
    "related": "PK-w156307388(180m) PK-w476214796(205m) BS-kP11-22-43-bs1016(182m) BS-kP11-22-43-bs1011(924m)",
    "attributes": "restriction=噴火警戒レベル2（火口周辺規制）。中岳第一火口から概ね1km以内は立入禁止（2026年9月1日16時発表）; OSM登山ルート: Sunasenri Trail、Sunasenri-ga-hama Course",
    "status": "adopted",
    "accuracyM": 15,
    "needsReview": "近くの道路にゲートあり（車両通行止め・季節閉鎖の可能性）、阿蘇山は2026年8月14日に噴火警戒レベル3（入山規制）へ引き上げられ（環境省）、9月1日16時にレベル2へ引き下げられた（気象庁）、火口から概ね1kmの範囲では大きな噴石と火砕流に警戒が必要（気象庁）、火口規制の状況は日々変わるため、入山前に最新の火口規制情報を確認すること、対象市町村は熊本県阿蘇市・南阿蘇村（気象庁）",
    "sources": "OpenStreetMap（© OpenStreetMap contributors, ODbL 1.0）Geofabrik japan-latest.osm.pbf 2026-09-23T20:22:04Z node/585195466（登山道と道路の接続点） ｜ 公式情報: https://www.data.jma.go.jp/vois/data/report/activity_info/503.html ｜ 公式情報: https://kyushu.env.go.jp/emergency/emergency_00041.html ｜ 公式情報: https://www.aso-volcano.jp/info/",
    "verifiedAt": "2026-09-20"
   }
  },
  {
   "type": "Feature",
   "geometry": {
    "type": "Point",
    "coordinates": [
     130.5753927,
     30.3047517
    ]
   },
   "properties": {
    "id": "TH-n588930233",
    "kind": "trailhead",
    "name": "Yakusugiland trail entry",
    "datum": "WGS84",
    "mountainIds": "934 935",
    "mountainNames": "宮之浦岳、黒味岳",
    "lists": "日本百名山|日本二百名山|日本三百名山|九州百名山",
    "routes": "OSM登山道「150-minute course」",
    "entryType": "登山口（OSMの登山口地物）",
    "trailKmToSummit": "宮之浦岳:11.64km 黒味岳:9.19km",
    "related": "PK-w1455714469(26m) BS-kP11-22-46-bs660(20m)",
    "attributes": "",
    "status": "provisional",
    "accuracyM": 15,
    "needsReview": "公式情報または2情報源での確認が必要",
    "sources": "OpenStreetMap（© OpenStreetMap contributors, ODbL 1.0）Geofabrik japan-latest.osm.pbf 2026-09-23T20:22:04Z node/588930233",
    "verifiedAt": ""
   }
  },
  {
   "type": "Feature",
   "geometry": {
    "type": "Point",
    "coordinates": [
     130.5741989,
     30.3799862
    ]
   },
   "properties": {
    "id": "TH-n588973500",
    "kind": "trailhead",
    "name": "（名称未確認）白谷雲水峡の駐車場 (Shiratani Unsuikyō Parking)付近",
    "datum": "WGS84",
    "mountainIds": "934 935",
    "mountainNames": "宮之浦岳、黒味岳",
    "lists": "日本百名山|日本二百名山|日本三百名山|九州百名山",
    "routes": "OSM登山道「Genseirin (primeval forest) course」",
    "entryType": "一般道との接続",
    "trailKmToSummit": "宮之浦岳:13.95km 黒味岳:15.97km",
    "related": "PK-w611777528(117m) PK-w611777529(254m) BS-kP11-22-46-bs621(8m) BS-kP11-22-46-bs622(8m) BS-n2579982418(101m)",
    "attributes": "",
    "status": "provisional",
    "accuracyM": 30,
    "needsReview": "名称未確認、公式情報または2情報源での確認が必要",
    "sources": "OpenStreetMap（© OpenStreetMap contributors, ODbL 1.0）Geofabrik japan-latest.osm.pbf 2026-09-23T20:22:04Z node/588973500（登山道と道路の接続点）",
    "verifiedAt": ""
   }
  },
  {
   "type": "Feature",
   "geometry": {
    "type": "Point",
    "coordinates": [
     130.581696,
     30.2576392
    ]
   },
   "properties": {
    "id": "TH-n589014748",
    "kind": "trailhead",
    "name": "（名称未確認）竜神の滝　駐車場付近",
    "datum": "WGS84",
    "mountainIds": "936",
    "mountainNames": "モッチョム岳",
    "lists": "九州百名山",
    "routes": "",
    "entryType": "一般道との接続",
    "trailKmToSummit": "モッチョム岳:2.45km",
    "related": "PK-w1357100468(17m) PK-n12105307536(484m)",
    "attributes": "",
    "status": "provisional",
    "accuracyM": 30,
    "needsReview": "名称未確認、公式情報または2情報源での確認が必要",
    "sources": "OpenStreetMap（© OpenStreetMap contributors, ODbL 1.0）Geofabrik japan-latest.osm.pbf 2026-09-23T20:22:04Z node/589014748（登山道と道路の接続点）",
    "verifiedAt": ""
   }
  },
  {
   "type": "Feature",
   "geometry": {
    "type": "Point",
    "coordinates": [
     130.9293176,
     33.4859584
    ]
   },
   "properties": {
    "id": "TH-n6295246647",
    "kind": "trailhead",
    "name": "（名称未確認）豊前坊バス停付近",
    "datum": "WGS84",
    "mountainIds": "832",
    "mountainNames": "英彦山",
    "lists": "日本二百名山|日本三百名山|九州百名山",
    "routes": "OSM登山道「九州自然歩道」",
    "entryType": "一般道（県道以上）との接続",
    "trailKmToSummit": "英彦山:2.79km",
    "related": "BS-kP11-22-40-bs6857(304m) BS-kP11-22-40-bs6818(484m)",
    "attributes": "",
    "status": "provisional",
    "accuracyM": 30,
    "needsReview": "名称未確認、公式情報または2情報源での確認が必要",
    "sources": "OpenStreetMap（© OpenStreetMap contributors, ODbL 1.0）Geofabrik japan-latest.osm.pbf 2026-09-23T20:22:04Z node/6295246647（登山道と道路の接続点）",
    "verifiedAt": ""
   }
  },
  {
   "type": "Feature",
   "geometry": {
    "type": "Point",
    "coordinates": [
     131.5228832,
     32.7826219
    ]
   },
   "properties": {
    "id": "TH-n6418748841",
    "kind": "trailhead",
    "name": "（名称未確認）",
    "datum": "WGS84",
    "mountainIds": "883 885 887",
    "mountainNames": "夏木山、五葉岳、鹿納山",
    "lists": "九州百名山",
    "routes": "",
    "entryType": "道路の終点付近",
    "trailKmToSummit": "夏木山:1.64km 五葉岳:4.19km 鹿納山:6.89km",
    "related": "",
    "attributes": "",
    "status": "candidate",
    "accuracyM": 30,
    "needsReview": "名称未確認、林道からの入口（マイカー進入可否を要確認）、公式情報または2情報源での確認が必要",
    "sources": "OpenStreetMap（© OpenStreetMap contributors, ODbL 1.0）Geofabrik japan-latest.osm.pbf 2026-09-23T20:22:04Z node/6418748841（登山道と道路の接続点）",
    "verifiedAt": ""
   }
  },
  {
   "type": "Feature",
   "geometry": {
    "type": "Point",
    "coordinates": [
     129.368762,
     33.1787191
    ]
   },
   "properties": {
    "id": "TH-n6453495965",
    "kind": "trailhead",
    "name": "（名称未確認）志々伎山登山口駐車場付近",
    "datum": "WGS84",
    "mountainIds": "856",
    "mountainNames": "志々伎山",
    "lists": "九州百名山",
    "routes": "",
    "entryType": "一般道との接続",
    "trailKmToSummit": "志々伎山:0.55km",
    "related": "PK-w688265326(134m) BS-kP11-22-42-bs1773(752m) BS-kP11-22-42-bs1770(889m)",
    "attributes": "",
    "status": "provisional",
    "accuracyM": 30,
    "needsReview": "名称未確認、登山道が道路を横断する地点（途中の入口の可能性）、公式情報または2情報源での確認が必要",
    "sources": "OpenStreetMap（© OpenStreetMap contributors, ODbL 1.0）Geofabrik japan-latest.osm.pbf 2026-09-23T20:22:04Z node/6453495965（登山道と道路の接続点）",
    "verifiedAt": ""
   }
  },
  {
   "type": "Feature",
   "geometry": {
    "type": "Point",
    "coordinates": [
     130.8443423,
     31.9453288
    ]
   },
   "properties": {
    "id": "TH-n8148255443",
    "kind": "trailhead",
    "name": "韓国岳登山口",
    "datum": "WGS84",
    "mountainIds": "919 920",
    "mountainNames": "白鳥山（霧島山）、霧島山",
    "lists": "九州百名山|日本百名山|日本二百名山|日本三百名山",
    "routes": "えびの高原コース",
    "entryType": "登山口（OSMの登山口地物）",
    "trailKmToSummit": "白鳥山（霧島山）:1.89km 霧島山:2.44km",
    "related": "PK-w182584467(80m) PK-w182584469(101m) PK-w1208038110(125m) BS-kP11-22-45-bs2406(125m) BS-kP11-22-45-bs2418(264m)",
    "attributes": "restriction=新燃岳の噴火警戒レベル2（火口周辺規制）。火口から概ね2kmが警戒範囲",
    "status": "adopted",
    "accuracyM": 15,
    "needsReview": "近くの道路にゲートあり（車両通行止め・季節閉鎖の可能性）、2025年10月17日にレベル3からレベル2へ引き下げられ、道路や登山道の立入規制が一部解除された（霧島市）、えびの市が霧島山（新燃岳・硫黄山）周辺の登山道と県道の規制状況を公開している（えびの市）、えびの高原〜硫黄山付近の県道は火山ガスの影響で通行時間が限られることがある（えびの市）、入山前に霧島市・えびの市の登山道規制情報と気象庁の噴火警戒レベルを確認すること",
    "sources": "OpenStreetMap（© OpenStreetMap contributors, ODbL 1.0）Geofabrik japan-latest.osm.pbf 2026-09-23T20:22:04Z node/8148255443 ｜ 国土地理院ベクトルタイル提供実験 地理院地図の徒歩道の起点（31.945408, 130.844267、JGD2011、11m差）2026-09-24確認 ｜ 公式情報: https://www.city-kirishima.jp/kirikan/kanko/shizen/tozando.html ｜ 公式情報: https://www.city.ebino.lg.jp/soshiki/kankoshoko/3/5234.html ｜ 公式情報: https://www.data.jma.go.jp/vois/data/report/activity_info/551.html ｜ 公式情報: https://www.pref.miyazaki.lg.jp/kiki-kikikanri/bosai/saigai/kirisima.html",
    "verifiedAt": "2026-09-20"
   }
  },
  {
   "type": "Feature",
   "geometry": {
    "type": "Point",
    "coordinates": [
     131.1070419,
     32.8967575
    ]
   },
   "properties": {
    "id": "TH-n8151194375",
    "kind": "trailhead",
    "name": "（名称未確認）",
    "datum": "WGS84",
    "mountainIds": "873",
    "mountainNames": "阿蘇山",
    "lists": "日本百名山|日本二百名山|日本三百名山|九州百名山",
    "routes": "",
    "entryType": "道路の終点付近",
    "trailKmToSummit": "阿蘇山:2.02km",
    "related": "PK-w160714134(475m)",
    "attributes": "",
    "status": "provisional",
    "accuracyM": 30,
    "needsReview": "名称未確認、近くの道路にゲートあり（車両通行止め・季節閉鎖の可能性）、林道からの入口（マイカー進入可否を要確認）、公式情報または2情報源での確認が必要",
    "sources": "OpenStreetMap（© OpenStreetMap contributors, ODbL 1.0）Geofabrik japan-latest.osm.pbf 2026-09-23T20:22:04Z node/8151194375（登山道と道路の接続点）",
    "verifiedAt": ""
   }
  },
  {
   "type": "Feature",
   "geometry": {
    "type": "Point",
    "coordinates": [
     131.102469,
     32.8987497
    ]
   },
   "properties": {
    "id": "TH-n849507180",
    "kind": "trailhead",
    "name": "（名称未確認）",
    "datum": "WGS84",
    "mountainIds": "873",
    "mountainNames": "阿蘇山",
    "lists": "日本百名山|日本二百名山|日本三百名山|九州百名山",
    "routes": "",
    "entryType": "一般道（県道以上）との接続",
    "trailKmToSummit": "阿蘇山:1.95km",
    "related": "PK-w160714134(40m) PK-w160714125(182m) PK-w160714132(229m)",
    "attributes": "OSM登山ルート: Sensuikyo Gorge Trail",
    "status": "provisional",
    "accuracyM": 30,
    "needsReview": "名称未確認、近くの道路にゲートあり（車両通行止め・季節閉鎖の可能性）、公式情報または2情報源での確認が必要",
    "sources": "OpenStreetMap（© OpenStreetMap contributors, ODbL 1.0）Geofabrik japan-latest.osm.pbf 2026-09-23T20:22:04Z node/849507180（登山道と道路の接続点）",
    "verifiedAt": ""
   }
  },
  {
   "type": "Feature",
   "geometry": {
    "type": "Point",
    "coordinates": [
     131.0901408,
     32.8847063
    ]
   },
   "properties": {
    "id": "TH-n849507201",
    "kind": "trailhead",
    "name": "（名称未確認）火口バス停付近",
    "datum": "WGS84",
    "mountainIds": "873",
    "mountainNames": "阿蘇山",
    "lists": "日本百名山|日本二百名山|日本三百名山|九州百名山",
    "routes": "",
    "entryType": "道路の終点付近",
    "trailKmToSummit": "阿蘇山:1.46km",
    "related": "BS-kP11-22-43-bs1011(717m)",
    "attributes": "OSM登山ルート: Sensuikyo Gorge Trail",
    "status": "provisional",
    "accuracyM": 30,
    "needsReview": "名称未確認、林道からの入口（マイカー進入可否を要確認）、公式情報または2情報源での確認が必要",
    "sources": "OpenStreetMap（© OpenStreetMap contributors, ODbL 1.0）Geofabrik japan-latest.osm.pbf 2026-09-23T20:22:04Z node/849507201（登山道と道路の接続点）",
    "verifiedAt": ""
   }
  },
  {
   "type": "Feature",
   "geometry": {
    "type": "Point",
    "coordinates": [
     131.3397731,
     32.8541931
    ]
   },
   "properties": {
    "id": "TH-n8666004158",
    "kind": "trailhead",
    "name": "神原登山口（祖母山）",
    "datum": "WGS84",
    "mountainIds": "857 876 877 881 882",
    "mountainNames": "障子岳、越敷岳、大障子、祖母山、古祖母山",
    "lists": "九州百名山|日本百名山|日本二百名山|日本三百名山",
    "routes": "",
    "entryType": "登山口（OSMの登山口地物）",
    "trailKmToSummit": "障子岳:7.07km 越敷岳:7.26km 大障子:8.29km 祖母山:3.31km 古祖母山:9.13km",
    "related": "PK-w935159530(12m)",
    "attributes": "",
    "status": "adopted",
    "accuracyM": 15,
    "needsReview": "神原登山口は豊後竹田駅から車で約35分（祖母・傾・大崩ユネスコエコパーク）、5合目小屋・9合目小屋のトイレの状況はエコパーク協議会が公開している",
    "sources": "OpenStreetMap（© OpenStreetMap contributors, ODbL 1.0）Geofabrik japan-latest.osm.pbf 2026-09-23T20:22:04Z node/8666004158 ｜ 国土地理院ベクトルタイル提供実験 地理院地図の徒歩道の起点（32.854166, 131.339829、JGD2011、6m差）2026-09-24確認 ｜ 公式情報: https://sobokatamuki-br-council.org/information/%E7%A5%9E%E5%8E%9F%E7%99%BB%E5%B1%B1%E5%8F%A3%EF%BC%95%E5%8F%B7%E7%9B%AE%E5%B0%8F%E5%B1%8B%E3%80%81%EF%BC%99%E5%90%88%E7%9B%AE%E5%B0%8F%E5%B1%8B%E3%83%88%E3%82%A4%E3%83%AC%E3%81%AB%E3%81%A4%E3%81%84 ｜ 公式情報: https://takachiho-kanko.info/sightseeing/26/",
    "verifiedAt": "2026-09-20"
   }
  },
  {
   "type": "Feature",
   "geometry": {
    "type": "Point",
    "coordinates": [
     129.8599207,
     32.673917
    ]
   },
   "properties": {
    "id": "TH-n8675501773",
    "kind": "trailhead",
    "name": "（名称未確認）",
    "datum": "WGS84",
    "mountainIds": "893",
    "mountainNames": "八郎岳",
    "lists": "九州百名山",
    "routes": "",
    "entryType": "道路の終点付近",
    "trailKmToSummit": "八郎岳:0.54km",
    "related": "",
    "attributes": "",
    "status": "candidate",
    "accuracyM": 30,
    "needsReview": "名称未確認、林道からの入口（マイカー進入可否を要確認）、公式情報または2情報源での確認が必要",
    "sources": "OpenStreetMap（© OpenStreetMap contributors, ODbL 1.0）Geofabrik japan-latest.osm.pbf 2026-09-23T20:22:04Z node/8675501773（登山道と道路の接続点）",
    "verifiedAt": ""
   }
  },
  {
   "type": "Feature",
   "geometry": {
    "type": "Point",
    "coordinates": [
     131.117334,
     32.498992
    ]
   },
   "properties": {
    "id": "TH-n8682310518",
    "kind": "trailhead",
    "name": "松木登山口",
    "datum": "WGS84",
    "mountainIds": "902 905",
    "mountainNames": "白岩山、扇山",
    "lists": "九州百名山",
    "routes": "",
    "entryType": "登山口（OSMの登山口地物）",
    "trailKmToSummit": "白岩山:9.34km 扇山:2.81km",
    "related": "",
    "attributes": "",
    "status": "adopted",
    "accuracyM": 15,
    "needsReview": "採用の根拠: OSMの登山口名と、地理院地図の徒歩道が道路から始まる位置の一致（公式情報では未確認）",
    "sources": "OpenStreetMap（© OpenStreetMap contributors, ODbL 1.0）Geofabrik japan-latest.osm.pbf 2026-09-23T20:22:04Z node/8682310518 ｜ 国土地理院ベクトルタイル提供実験 地理院地図の徒歩道の起点（32.499222, 131.117307、JGD2011、26m差）2026-09-24確認",
    "verifiedAt": ""
   }
  },
  {
   "type": "Feature",
   "geometry": {
    "type": "Point",
    "coordinates": [
     130.5338645,
     30.2996492
    ]
   },
   "properties": {
    "id": "TH-n987482920",
    "kind": "trailhead",
    "name": "淀川登山口",
    "datum": "WGS84",
    "mountainIds": "934 935",
    "mountainNames": "宮之浦岳、黒味岳",
    "lists": "日本百名山|日本二百名山|日本三百名山|九州百名山",
    "routes": "淀川〜縄文杉〜白谷雲水峡縦走、淀川登山口コース",
    "entryType": "一般道との接続",
    "trailKmToSummit": "宮之浦岳:6.78km 黒味岳:4.33km",
    "related": "PK-n1139547021(18m)",
    "attributes": "parking=登山口の駐車台数は5〜6台と少ない",
    "status": "adopted",
    "accuracyM": 15,
    "needsReview": "登山道が道路を横断する地点（途中の入口の可能性）、淀川登山口から宮之浦岳までは片道約8km、往復9〜10時間（屋久島町）、世界自然遺産屋久島山岳部環境保全協力金の対象区域",
    "sources": "OpenStreetMap（© OpenStreetMap contributors, ODbL 1.0）Geofabrik japan-latest.osm.pbf 2026-09-23T20:22:04Z node/987482920（登山道と道路の接続点） ｜ 国土地理院ベクトルタイル提供実験 地理院地図の徒歩道の起点（30.299633, 130.533901、JGD2011、4m差）2026-09-24確認 ｜ 公式情報: https://www.town.yakushima.kagoshima.jp/soshiki/kanko_machizukuri/kankosushin/kankospot/yama/856.html ｜ 公式情報: http://yakushima-tozan.com/bus/",
    "verifiedAt": "2026-09-20"
   }
  },
  {
   "type": "Feature",
   "geometry": {
    "type": "Point",
    "coordinates": [
     131.4334522,
     33.2851555
    ]
   },
   "properties": {
    "id": "TH-w155561783",
    "kind": "trailhead",
    "name": "別府ロープウェイ（鶴見岳）",
    "datum": "WGS84",
    "mountainIds": "848",
    "mountainNames": "鶴見岳",
    "lists": "日本三百名山|九州百名山",
    "routes": "",
    "entryType": "索道駅（ロープウェイ・ゴンドラ）",
    "trailKmToSummit": "鶴見岳:0.38km",
    "related": "",
    "attributes": "",
    "status": "adopted",
    "accuracyM": 15,
    "needsReview": "別府ロープウェイは鶴見岳の山上へ通じる、国土地理院の地名との差が439mあり、乗り場の正確な位置は目視未確認",
    "sources": "OpenStreetMap（© OpenStreetMap contributors, ODbL 1.0）Geofabrik japan-latest.osm.pbf 2026-09-23T20:22:04Z way/155561783（索道の端点 node/1679558228） ｜ 国土地理院 地名検索「別府ロープウェイ」（33.283607, 131.437794、JGD2011、439m差）2026-09-20確認",
    "verifiedAt": "2026-09-20"
   }
  },
  {
   "type": "Feature",
   "geometry": {
    "type": "Point",
    "coordinates": [
     130.9082057,
     32.5670834
    ]
   },
   "properties": {
    "id": "TH-w160553915",
    "kind": "trailhead",
    "name": "大金峰登山口前",
    "datum": "WGS84",
    "mountainIds": "903",
    "mountainNames": "大金峰",
    "lists": "九州百名山",
    "routes": "",
    "entryType": "駐車場・バス停（林道・車道を経由して登山道へ）",
    "trailKmToSummit": "大金峰:1.75km",
    "related": "PK-w160553915(0m)",
    "attributes": "",
    "status": "provisional",
    "accuracyM": 15,
    "needsReview": "公式情報または2情報源での確認が必要",
    "sources": "OpenStreetMap（© OpenStreetMap contributors, ODbL 1.0）Geofabrik japan-latest.osm.pbf 2026-09-23T20:22:04Z way/160553915 ｜ OpenStreetMap（© OpenStreetMap contributors, ODbL 1.0）Geofabrik japan-latest.osm.pbf 2026-09-23T20:22:04Z node/1719040542（登山道と道路の接続点）",
    "verifiedAt": ""
   }
  },
  {
   "type": "Feature",
   "geometry": {
    "type": "Point",
    "coordinates": [
     131.2315646,
     33.0661527
    ]
   },
   "properties": {
    "id": "TH-w181708012",
    "kind": "trailhead",
    "name": "赤川登山口",
    "datum": "WGS84",
    "mountainIds": "861 862 863 865",
    "mountainNames": "黒岳、三俣山、大船山、九重山",
    "lists": "九州百名山|日本三百名山|日本百名山|日本二百名山",
    "routes": "",
    "entryType": "駐車場・バス停（林道・車道を経由して登山道へ）",
    "trailKmToSummit": "黒岳:11.21km 三俣山:5.6km 大船山:7.53km 九重山:2.04km",
    "related": "PK-w181708012(0m) PK-w181708014(25m)",
    "attributes": "",
    "status": "provisional",
    "accuracyM": 15,
    "needsReview": "公式情報または2情報源での確認が必要",
    "sources": "OpenStreetMap（© OpenStreetMap contributors, ODbL 1.0）Geofabrik japan-latest.osm.pbf 2026-09-23T20:22:04Z way/181708012 ｜ OpenStreetMap（© OpenStreetMap contributors, ODbL 1.0）Geofabrik japan-latest.osm.pbf 2026-09-23T20:22:04Z node/1306374644（登山道と道路の接続点）",
    "verifiedAt": ""
   }
  },
  {
   "type": "Feature",
   "geometry": {
    "type": "Point",
    "coordinates": [
     131.280751,
     33.0670266
    ]
   },
   "properties": {
    "id": "TH-w214122999",
    "kind": "trailhead",
    "name": "レゾネイト駐車場",
    "datum": "WGS84",
    "mountainIds": "861 862 863 865",
    "mountainNames": "黒岳、三俣山、大船山、九重山",
    "lists": "九州百名山|日本三百名山|日本百名山|日本二百名山",
    "routes": "OSM登山道「九州自然歩道」",
    "entryType": "駐車場・バス停（林道・車道を経由して登山道へ）",
    "trailKmToSummit": "黒岳:8.59km 三俣山:7.24km 大船山:4.11km 九重山:6.26km",
    "related": "PK-w214122999(0m)",
    "attributes": "",
    "status": "provisional",
    "accuracyM": 15,
    "needsReview": "公式情報または2情報源での確認が必要",
    "sources": "OpenStreetMap（© OpenStreetMap contributors, ODbL 1.0）Geofabrik japan-latest.osm.pbf 2026-09-23T20:22:04Z way/214122999 ｜ OpenStreetMap（© OpenStreetMap contributors, ODbL 1.0）Geofabrik japan-latest.osm.pbf 2026-09-23T20:22:04Z node/1306369480（登山道と道路の接続点）",
    "verifiedAt": ""
   }
  },
  {
   "type": "Feature",
   "geometry": {
    "type": "Point",
    "coordinates": [
     131.5017897,
     32.7066378
    ]
   },
   "properties": {
    "id": "TH-w291529793",
    "kind": "trailhead",
    "name": "矛岳登山口駐車場",
    "datum": "WGS84",
    "mountainIds": "891",
    "mountainNames": "鉾岳",
    "lists": "九州百名山",
    "routes": "OSM登山道「矛岳登山道」",
    "entryType": "駐車場・バス停（林道・車道を経由して登山道へ）",
    "trailKmToSummit": "鉾岳:1.47km",
    "related": "PK-w291529793(0m)",
    "attributes": "",
    "status": "provisional",
    "accuracyM": 15,
    "needsReview": "林道からの入口（マイカー進入可否を要確認）、公式情報または2情報源での確認が必要",
    "sources": "OpenStreetMap（© OpenStreetMap contributors, ODbL 1.0）Geofabrik japan-latest.osm.pbf 2026-09-23T20:22:04Z way/291529793 ｜ OpenStreetMap（© OpenStreetMap contributors, ODbL 1.0）Geofabrik japan-latest.osm.pbf 2026-09-23T20:22:04Z node/2949948178（登山道と道路の接続点）",
    "verifiedAt": ""
   }
  },
  {
   "type": "Feature",
   "geometry": {
    "type": "Point",
    "coordinates": [
     130.2855981,
     32.7508271
    ]
   },
   "properties": {
    "id": "TH-w35601104",
    "kind": "trailhead",
    "name": "雲仙ロープウェイ",
    "datum": "WGS84",
    "mountainIds": "886",
    "mountainNames": "雲仙岳",
    "lists": "日本二百名山|日本三百名山|九州百名山",
    "routes": "",
    "entryType": "索道駅（ロープウェイ・ゴンドラ）",
    "trailKmToSummit": "雲仙岳:1.34km",
    "related": "PK-w35893901(185m)",
    "attributes": "",
    "status": "provisional",
    "accuracyM": 15,
    "needsReview": "公式情報または2情報源での確認が必要",
    "sources": "OpenStreetMap（© OpenStreetMap contributors, ODbL 1.0）Geofabrik japan-latest.osm.pbf 2026-09-23T20:22:04Z way/35601104（索道の端点 node/417252143）",
    "verifiedAt": ""
   }
  },
  {
   "type": "Feature",
   "geometry": {
    "type": "Point",
    "coordinates": [
     130.2858472,
     32.7546345
    ]
   },
   "properties": {
    "id": "TH-w35601104-2",
    "kind": "trailhead",
    "name": "仁田峠（雲仙ロープウェイ 仁田峠駅）",
    "datum": "WGS84",
    "mountainIds": "886",
    "mountainNames": "雲仙岳",
    "lists": "日本二百名山|日本三百名山|九州百名山",
    "routes": "",
    "entryType": "索道駅（ロープウェイ・ゴンドラ）",
    "trailKmToSummit": "雲仙岳:1.38km",
    "related": "PK-w35893901(445m)",
    "attributes": "restriction=平成新山は警戒区域で立入禁止。紅葉茶屋〜あざみ谷は土砂崩れで通行止め（仁田峠からは妙見岳経由）",
    "status": "adopted",
    "accuracyM": 15,
    "needsReview": "平成新山は現在も警戒区域として立入禁止で、一般に登れる長崎県の最高峰は普賢岳（長崎県観光連盟）、紅葉茶屋〜あざみ谷は土砂崩れにより通行止め。仁田峠から普賢岳へは妙見岳経由の登山道を使う（島原半島観光連盟）、春のミヤマキリシマや秋の紅葉の時期は仁田峠駐車場が混雑する（雲仙観光局）",
    "sources": "OpenStreetMap（© OpenStreetMap contributors, ODbL 1.0）Geofabrik japan-latest.osm.pbf 2026-09-23T20:22:04Z way/35601104（索道の端点 node/417252144） ｜ 公式情報: https://www.nagasaki-tabinet.com/guide/62928 ｜ 公式情報: https://www.shimakanren.com/spot/detail_10104.html",
    "verifiedAt": "2026-09-20"
   }
  },
  {
   "type": "Feature",
   "geometry": {
    "type": "Point",
    "coordinates": [
     129.8962102,
     33.1962401
    ]
   },
   "properties": {
    "id": "TH-w415761662",
    "kind": "trailhead",
    "name": "有田ダム駐車場",
    "datum": "WGS84",
    "mountainIds": "851",
    "mountainNames": "黒髪山",
    "lists": "九州百名山",
    "routes": "",
    "entryType": "駐車場・バス停（林道・車道を経由して登山道へ）",
    "trailKmToSummit": "黒髪山:2.1km",
    "related": "PK-w415761662(0m) PK-n1842236782(153m) PK-n1842236273(427m) BS-kP11-22-41-bs2480(31m) BS-kP11-22-41-bs2495(233m) BS-kP11-22-41-bs2546(585m)",
    "attributes": "",
    "status": "provisional",
    "accuracyM": 15,
    "needsReview": "近くの道路にゲートあり（車両通行止め・季節閉鎖の可能性）、林道からの入口（マイカー進入可否を要確認）、公式情報または2情報源での確認が必要",
    "sources": "OpenStreetMap（© OpenStreetMap contributors, ODbL 1.0）Geofabrik japan-latest.osm.pbf 2026-09-23T20:22:04Z way/415761662 ｜ OpenStreetMap（© OpenStreetMap contributors, ODbL 1.0）Geofabrik japan-latest.osm.pbf 2026-09-23T20:22:04Z node/1744242893（登山道と道路の接続点）",
    "verifiedAt": ""
   }
  },
  {
   "type": "Feature",
   "geometry": {
    "type": "Point",
    "coordinates": [
     131.2593816,
     33.0588075
    ]
   },
   "properties": {
    "id": "TH-w447806830",
    "kind": "trailhead",
    "name": "駐車場",
    "datum": "WGS84",
    "mountainIds": "861 862 863 865",
    "mountainNames": "黒岳、三俣山、大船山、九重山",
    "lists": "九州百名山|日本三百名山|日本百名山|日本二百名山",
    "routes": "",
    "entryType": "駐車場・バス停（林道・車道を経由して登山道へ）",
    "trailKmToSummit": "黒岳:9.79km 三俣山:7.5km 大船山:5.38km 九重山:4.66km",
    "related": "PK-w447806830(0m) PK-w447806905(20m)",
    "attributes": "",
    "status": "provisional",
    "accuracyM": 15,
    "needsReview": "公式情報または2情報源での確認が必要",
    "sources": "OpenStreetMap（© OpenStreetMap contributors, ODbL 1.0）Geofabrik japan-latest.osm.pbf 2026-09-23T20:22:04Z way/447806830 ｜ OpenStreetMap（© OpenStreetMap contributors, ODbL 1.0）Geofabrik japan-latest.osm.pbf 2026-09-23T20:22:04Z node/1306318743（登山道と道路の接続点）",
    "verifiedAt": ""
   }
  },
  {
   "type": "Feature",
   "geometry": {
    "type": "Point",
    "coordinates": [
     130.2921486,
     32.7414102
    ]
   },
   "properties": {
    "id": "TH-w476226921",
    "kind": "trailhead",
    "name": "第二展望所駐車場",
    "datum": "WGS84",
    "mountainIds": "886",
    "mountainNames": "雲仙岳",
    "lists": "日本二百名山|日本三百名山|九州百名山",
    "routes": "",
    "entryType": "駐車場・バス停（林道・車道を経由して登山道へ）",
    "trailKmToSummit": "雲仙岳:4.86km",
    "related": "PK-w476226921(0m)",
    "attributes": "",
    "status": "provisional",
    "accuracyM": 15,
    "needsReview": "近くの道路にゲートあり（車両通行止め・季節閉鎖の可能性）、林道からの入口（マイカー進入可否を要確認）、公式情報または2情報源での確認が必要",
    "sources": "OpenStreetMap（© OpenStreetMap contributors, ODbL 1.0）Geofabrik japan-latest.osm.pbf 2026-09-23T20:22:04Z way/476226921 ｜ OpenStreetMap（© OpenStreetMap contributors, ODbL 1.0）Geofabrik japan-latest.osm.pbf 2026-09-23T20:22:04Z node/936122179（登山道と道路の接続点）",
    "verifiedAt": ""
   }
  },
  {
   "type": "Feature",
   "geometry": {
    "type": "Point",
    "coordinates": [
     130.1410876,
     33.3322336
    ]
   },
   "properties": {
    "id": "TH-w517533385",
    "kind": "trailhead",
    "name": "天山上宮駐車場",
    "datum": "WGS84",
    "mountainIds": "846",
    "mountainNames": "天山",
    "lists": "九州百名山",
    "routes": "OSM登山道「天山上宮口登山道」",
    "entryType": "駐車場・バス停（林道・車道を経由して登山道へ）",
    "trailKmToSummit": "天山:0.94km",
    "related": "PK-w517533385(0m)",
    "attributes": "",
    "status": "provisional",
    "accuracyM": 15,
    "needsReview": "公式情報または2情報源での確認が必要",
    "sources": "OpenStreetMap（© OpenStreetMap contributors, ODbL 1.0）Geofabrik japan-latest.osm.pbf 2026-09-23T20:22:04Z way/517533385 ｜ OpenStreetMap（© OpenStreetMap contributors, ODbL 1.0）Geofabrik japan-latest.osm.pbf 2026-09-23T20:22:04Z node/3516285375（登山道と道路の接続点）",
    "verifiedAt": ""
   }
  },
  {
   "type": "Feature",
   "geometry": {
    "type": "Point",
    "coordinates": [
     130.6210882,
     32.8356405
    ]
   },
   "properties": {
    "id": "TH-w628930881",
    "kind": "trailhead",
    "name": "二の岳登山駐車場",
    "datum": "WGS84",
    "mountainIds": "878",
    "mountainNames": "二ノ岳",
    "lists": "九州百名山",
    "routes": "",
    "entryType": "駐車場・バス停（林道・車道を経由して登山道へ）",
    "trailKmToSummit": "二ノ岳:0.82km",
    "related": "PK-w628930881(0m)",
    "attributes": "",
    "status": "provisional",
    "accuracyM": 15,
    "needsReview": "林道からの入口（マイカー進入可否を要確認）、公式情報または2情報源での確認が必要",
    "sources": "OpenStreetMap（© OpenStreetMap contributors, ODbL 1.0）Geofabrik japan-latest.osm.pbf 2026-09-23T20:22:04Z way/628930881 ｜ OpenStreetMap（© OpenStreetMap contributors, ODbL 1.0）Geofabrik japan-latest.osm.pbf 2026-09-23T20:22:04Z node/1514825573（登山道と道路の接続点）",
    "verifiedAt": ""
   }
  }
 ]
}