id,kind,name,lat,lon,datum,mountainIds,mountainNames,otherMountainNames,lists,routes,entryType,trailKmToSummit,related,attributes,status,accuracyM,needsReview,sources,verifiedAt
BS-kP11-22-40-bs1055,bus_stop,帆柱登山口,33.8591018,130.7969372,WGS84,10364,,皿倉山,,,,,TH-osm-w941168876(257m),operator=西鉄バス北九州（株）; busType=民間路線バス; busRoutes=42系統,adopted,10,運行状況（季節運行・休止・予約制）を要確認,"国土数値情報（バス停留所データ）令和4年度（国土交通省）P11-22-40-bs1055（33.859102, 130.796937、JGD2011）を加工して作成",
BS-kP11-22-40-bs1091,bus_stop,高速皿倉山ケーブル,33.8575128,130.7957376,WGS84,10364,,皿倉山,,,,,TH-osm-w941168876(56m) TH-osm-w941168876(56m),operator=西鉄バス北九州（株）; busType=民間路線バス; busRoutes=快速星ヶ丘～砂津 / 143・43系統 / 150系統; network=西鉄バス,adopted,10,運行状況（季節運行・休止・予約制）を要確認,"国土数値情報（バス停留所データ）令和4年度（国土交通省）P11-22-40-bs1091（33.857513, 130.795738、JGD2011）を加工して作成 ｜ OpenStreetMap（© OpenStreetMap contributors, ODbL 1.0）Geofabrik japan-latest.osm.pbf 2026-09-30T20:22:42Z node/14028782295",
BS-kP11-22-40-bs1224,bus_stop,安部山公園,33.8496699,130.9094617,WGS84,771,足立山,,九州百名山,,,,TH-n1508615661(307m),operator=西鉄バス北九州（株）; busType=民間路線バス; busRoutes=3系統-3; network=西鉄バス,adopted,10,運行状況（季節運行・休止・予約制）を要確認,"国土数値情報（バス停留所データ）令和4年度（国土交通省）P11-22-40-bs1224（33.849670, 130.909462、JGD2011）を加工して作成 ｜ OpenStreetMap（© OpenStreetMap contributors, ODbL 1.0）Geofabrik japan-latest.osm.pbf 2026-09-30T20:22:42Z node/12409474105",
BS-kP11-22-40-bs1252,bus_stop,湯川四丁目,33.8486608,130.908882,WGS84,771,足立山,,九州百名山,,,,TH-n1508615661(425m) TH-n1508615661(425m),operator=西鉄バス北九州（株）; busType=民間路線バス; busRoutes=3系統-3; network=西鉄バス,adopted,10,運行状況（季節運行・休止・予約制）を要確認,"国土数値情報（バス停留所データ）令和4年度（国土交通省）P11-22-40-bs1252（33.848661, 130.908882、JGD2011）を加工して作成 ｜ OpenStreetMap（© OpenStreetMap contributors, ODbL 1.0）Geofabrik japan-latest.osm.pbf 2026-09-30T20:22:42Z node/12409462600",
BS-kP11-22-40-bs240,bus_stop,戸ノ上中学校前,33.9040634,130.949149,WGS84,771,足立山,,九州百名山,,,,TH-n1528386826(319m),operator=西鉄バス北九州（株）; busType=民間路線バス; busRoutes=急行恒見営循環 / 47循環,adopted,10,運行状況（季節運行・休止・予約制）を要確認,"国土数値情報（バス停留所データ）令和4年度（国土交通省）P11-22-40-bs240（33.904063, 130.949149、JGD2011）を加工して作成",
BS-kP11-22-40-bs245,bus_stop,寺内,33.903539,130.9472242,WGS84,771,足立山,,九州百名山,,,,TH-n1528386826(206m),operator=西鉄バス北九州（株）; busType=民間路線バス; busRoutes=急行恒見営循環 / 47循環,adopted,10,運行状況（季節運行・休止・予約制）を要確認,"国土数値情報（バス停留所データ）令和4年度（国土交通省）P11-22-40-bs245（33.903539, 130.947224、JGD2011）を加工して作成",
BS-kP11-22-40-bs259,bus_stop,大久保,33.9025636,130.9516036,WGS84,771,足立山,,九州百名山,,,,TH-n1528386826(417m),operator=西鉄バス北九州（株）; busType=民間路線バス; busRoutes=急行恒見営循環 / 47循環,adopted,10,運行状況（季節運行・休止・予約制）を要確認,"国土数値情報（バス停留所データ）令和4年度（国土交通省）P11-22-40-bs259（33.902564, 130.951604、JGD2011）を加工して作成",
BS-kP11-22-40-bs3056,bus_stop,立花小学校前,33.6902535,130.4668661,WGS84,815,立花山,,九州百名山,,,,TH-n1268341666(820m),operator=新宮町; busType=コミュニティバス; busRoutes=マリンクス「山らいず線」,adopted,10,運行状況（季節運行・休止・予約制）を要確認、登山口から離れている（徒歩アプローチを要確認）,"国土数値情報（バス停留所データ）令和4年度（国土交通省）P11-22-40-bs3056（33.690253, 130.466866、JGD2011）を加工して作成",
BS-kP11-22-40-bs3058,bus_stop,立花口,33.6899354,130.4731829,WGS84,815,立花山,,九州百名山,,,,TH-n1268341666(681m),operator=新宮町; busType=コミュニティバス; busRoutes=マリンクス「山らいず線」,adopted,10,運行状況（季節運行・休止・予約制）を要確認、登山口から離れている（徒歩アプローチを要確認）,"国土数値情報（バス停留所データ）令和4年度（国土交通省）P11-22-40-bs3058（33.689935, 130.473183、JGD2011）を加工して作成",
BS-kP11-22-40-bs3175,bus_stop,佐屋,33.6764312,130.4844672,WGS84,815,立花山,,九州百名山,,,,TH-kP11-22-40-bs3213(553m),operator=新宮町; busType=コミュニティバス; busRoutes=マリンクス「山らいず線」,adopted,10,運行状況（季節運行・休止・予約制）を要確認,"国土数値情報（バス停留所データ）令和4年度（国土交通省）P11-22-40-bs3175（33.676431, 130.484467、JGD2011）を加工して作成",
BS-kP11-22-40-bs3196,bus_stop,下原中央,33.6739187,130.4536149,WGS84,815,立花山,,九州百名山,,,,TH-n1864211566(801m) TH-n5789162378(743m),operator=西日本鉄道（株）; busType=民間路線バス; busRoutes=急行天神郵便局・新宮中央駅循環 / 急行新宮中央駅～大濠公園 / 急行新宮中央駅～天神,adopted,10,運行状況（季節運行・休止・予約制）を要確認、登山口から離れている（徒歩アプローチを要確認）,"国土数値情報（バス停留所データ）令和4年度（国土交通省）P11-22-40-bs3196（33.673919, 130.453615、JGD2011）を加工して作成",
BS-kP11-22-40-bs3197,bus_stop,下原中央,33.6739187,130.4536149,WGS84,815,立花山,,九州百名山,,,,TH-n1864211566(801m),operator=西鉄バス宗像（株）; busType=民間路線バス; busRoutes=急行天神～広陵台 / 急行天神～舞の里 / 急行天神～赤間営,adopted,10,運行状況（季節運行・休止・予約制）を要確認、登山口から離れている（徒歩アプローチを要確認）,"国土数値情報（バス停留所データ）令和4年度（国土交通省）P11-22-40-bs3197（33.673919, 130.453615、JGD2011）を加工して作成",
BS-kP11-22-40-bs3213,bus_stop,大谷川,33.6729206,130.4802092,WGS84,815,立花山,,九州百名山,,,,TH-kP11-22-40-bs3213(0m),operator=久山町; busType=コミュニティバス; busRoutes=イコバス「町内巡回」,adopted,10,運行状況（季節運行・休止・予約制）を要確認,"国土数値情報（バス停留所データ）令和4年度（国土交通省）P11-22-40-bs3213（33.672921, 130.480209、JGD2011）を加工して作成",
BS-kP11-22-40-bs3216,bus_stop,下原,33.6726337,130.4553676,WGS84,815,立花山,,九州百名山,,,,TH-n1864209676(899m) TH-n1864211566(765m) TH-n5789162378(606m),operator=西日本鉄道（株）; busType=民間路線バス; busRoutes=下原～香椎浜 / 23B系統 / 23; network=西鉄バス,adopted,10,運行状況（季節運行・休止・予約制）を要確認、登山口から離れている（徒歩アプローチを要確認）,"国土数値情報（バス停留所データ）令和4年度（国土交通省）P11-22-40-bs3216（33.672634, 130.455368、JGD2011）を加工して作成 ｜ OpenStreetMap（© OpenStreetMap contributors, ODbL 1.0）Geofabrik japan-latest.osm.pbf 2026-09-30T20:22:42Z node/3780284373",
BS-kP11-22-40-bs3248,bus_stop,グリーンタウン入口,33.6697768,130.4557724,WGS84,815,立花山,,九州百名山,,,,TH-n3941553147(881m) TH-n1864209676(775m) TH-n5789162378(732m),operator=西日本鉄道（株）; busType=民間路線バス; busRoutes=下原～香椎浜 / 23B系統 / 23,adopted,10,運行状況（季節運行・休止・予約制）を要確認、登山口から離れている（徒歩アプローチを要確認）,"国土数値情報（バス停留所データ）令和4年度（国土交通省）P11-22-40-bs3248（33.669777, 130.455772、JGD2011）を加工して作成",
BS-kP11-22-40-bs3251,bus_stop,大谷,33.6693034,130.4842288,WGS84,815,立花山,,九州百名山,,,,TH-kP11-22-40-bs3213(546m),operator=久山町; busType=コミュニティバス; busRoutes=イコバス「町内巡回」,adopted,10,運行状況（季節運行・休止・予約制）を要確認,"国土数値情報（バス停留所データ）令和4年度（国土交通省）P11-22-40-bs3251（33.669303, 130.484229、JGD2011）を加工して作成",
BS-kP11-22-40-bs3263,bus_stop,八尻,33.6685883,130.4541965,WGS84,815,立花山,,九州百名山,,,,TH-n3941553147(958m) TH-n1864209676(919m),operator=西日本鉄道（株）; busType=民間路線バス; busRoutes=下原～香椎浜 / 23B系統 / 23,adopted,10,運行状況（季節運行・休止・予約制）を要確認、登山口から離れている（徒歩アプローチを要確認）,"国土数値情報（バス停留所データ）令和4年度（国土交通省）P11-22-40-bs3263（33.668588, 130.454196、JGD2011）を加工して作成",
BS-kP11-22-40-bs5007,bus_stop,師吉公民館,33.5769807,130.178415,WGS84,10367,,可也山,,,,,TH-gsi-kayasan-moroyoshi(343m),operator=昭和自動車（株）; busType=民間路線バス; busRoutes=船越線 / 野北線,adopted,10,運行状況（季節運行・休止・予約制）を要確認,"国土数値情報（バス停留所データ）令和4年度（国土交通省）P11-22-40-bs5007（33.576981, 130.178415、JGD2011）を加工して作成",
BS-kP11-22-40-bs5053,bus_stop,師吉中,33.5751104,130.1793236,WGS84,10367,,可也山,,,,,TH-gsi-kayasan-moroyoshi(330m),operator=昭和自動車（株）; busType=民間路線バス; busRoutes=船越線 / 野北線,adopted,10,運行状況（季節運行・休止・予約制）を要確認,"国土数値情報（バス停留所データ）令和4年度（国土交通省）P11-22-40-bs5053（33.575110, 130.179324、JGD2011）を加工して作成",
BS-kP11-22-40-bs5090,bus_stop,師吉東,33.5736615,130.1817435,WGS84,10367,,可也山,,,,,TH-gsi-kayasan-moroyoshi(567m),operator=昭和自動車（株）; busType=民間路線バス; busRoutes=船越線 / 野北線,adopted,10,運行状況（季節運行・休止・予約制）を要確認,"国土数値情報（バス停留所データ）令和4年度（国土交通省）P11-22-40-bs5090（33.573662, 130.181744、JGD2011）を加工して作成",
BS-kP11-22-40-bs531,bus_stop,緑ヶ丘中学校下,33.8854934,130.9309201,WGS84,771,足立山,,九州百名山,,,,TH-kP11-22-40-bs581(354m),operator=西鉄バス北九州（株）; busType=民間路線バス; busRoutes=47循環 / 49系統,adopted,10,運行状況（季節運行・休止・予約制）を要確認,"国土数値情報（バス停留所データ）令和4年度（国土交通省）P11-22-40-bs531（33.885493, 130.930920、JGD2011）を加工して作成",
BS-kP11-22-40-bs562,bus_stop,藤松二丁目,33.8837591,130.9263228,WGS84,771,足立山,,九州百名山,,,,TH-kP11-22-40-bs581(255m),operator=西鉄バス北九州（株）; busType=民間路線バス; busRoutes=47循環 / 49系統,adopted,10,運行状況（季節運行・休止・予約制）を要確認,"国土数値情報（バス停留所データ）令和4年度（国土交通省）P11-22-40-bs562（33.883759, 130.926323、JGD2011）を加工して作成",
BS-kP11-22-40-bs5773,bus_stop,北谷運動公園前,33.54792,130.5488742,WGS84,824,宝満山,,九州百名山,,,,TH-kP11-22-40-bs5926(719m),operator=太宰府市; busType=コミュニティバス; busRoutes=まほろば号「北谷回り」,adopted,10,運行状況（季節運行・休止・予約制）を要確認、登山口から離れている（徒歩アプローチを要確認）,"国土数値情報（バス停留所データ）令和4年度（国土交通省）P11-22-40-bs5773（33.547920, 130.548874、JGD2011）を加工して作成",
BS-kP11-22-40-bs581,bus_stop,上藤松一丁目,33.8828059,130.928834,WGS84,771,足立山,,九州百名山,,,,TH-kP11-22-40-bs581(0m),operator=西鉄バス北九州（株）; busType=民間路線バス; busRoutes=47循環 / 49系統,adopted,10,運行状況（季節運行・休止・予約制）を要確認,"国土数値情報（バス停留所データ）令和4年度（国土交通省）P11-22-40-bs581（33.882806, 130.928834、JGD2011）を加工して作成",
BS-kP11-22-40-bs5847,bus_stop,只越集会所前,33.5448761,130.542592,WGS84,824,宝満山,,九州百名山,,,,TH-kP11-22-40-bs5926(586m),operator=太宰府市; busType=コミュニティバス; busRoutes=まほろば号「北谷回り」,adopted,10,運行状況（季節運行・休止・予約制）を要確認,"国土数値情報（バス停留所データ）令和4年度（国土交通省）P11-22-40-bs5847（33.544876, 130.542592、JGD2011）を加工して作成",
BS-kP11-22-40-bs5926,bus_stop,北谷公民館前,33.5415204,130.547477,WGS84,824,宝満山,,九州百名山,,,,TH-kP11-22-40-bs5926(0m),operator=太宰府市; busType=コミュニティバス; busRoutes=まほろば号「北谷回り」,adopted,10,運行状況（季節運行・休止・予約制）を要確認,"国土数値情報（バス停留所データ）令和4年度（国土交通省）P11-22-40-bs5926（33.541520, 130.547477、JGD2011）を加工して作成",
BS-kP11-22-40-bs5977,bus_stop,飯盛保育園前,33.5391958,130.3124422,WGS84,10370,,飯盛山,,,,,TH-gsi-iimoriyama-nakamiya(798m),operator=西日本鉄道（株）; busType=民間路線バス; busRoutes=1［姪浜駅～金武営］ / 1［金武営～医療C］,adopted,10,運行状況（季節運行・休止・予約制）を要確認、登山口から離れている（徒歩アプローチを要確認）,"国土数値情報（バス停留所データ）令和4年度（国土交通省）P11-22-40-bs5977（33.539196, 130.312442、JGD2011）を加工して作成 ｜ OpenStreetMap（© OpenStreetMap contributors, ODbL 1.0）Geofabrik japan-latest.osm.pbf 2026-09-30T20:22:42Z node/10302811340",
BS-kP11-22-40-bs5996,bus_stop,飯盛神社前,33.5377945,130.3119511,WGS84,10370,,飯盛山,,,,,TH-gsi-iimoriyama-nakamiya(742m),operator=西日本鉄道（株）; busType=民間路線バス; busRoutes=1［姪浜駅～金武営］ / 1［金武営～医療C］,adopted,10,運行状況（季節運行・休止・予約制）を要確認、登山口から離れている（徒歩アプローチを要確認）,"国土数値情報（バス停留所データ）令和4年度（国土交通省）P11-22-40-bs5996（33.537795, 130.311951、JGD2011）を加工して作成",
BS-kP11-22-40-bs6018,bus_stop,求菩提資料館前,33.5371411,131.0171657,WGS84,826,求菩提山,,九州百名山,,,,TH-n1498004046(138m) TH-n1498004983(902m),operator=豊前市; busType=公営路線バス; busRoutes=岩屋線,adopted,10,運行状況（季節運行・休止・予約制）を要確認、登山口から離れている（徒歩アプローチを要確認）,"国土数値情報（バス停留所データ）令和4年度（国土交通省）P11-22-40-bs6018（33.537141, 131.017166、JGD2011）を加工して作成",
BS-kP11-22-40-bs6043,bus_stop,吉武,33.5360824,130.3128273,WGS84,10370,,飯盛山,,,,,TH-gsi-iimoriyama-nakamiya(849m),operator=西日本鉄道（株）; busType=民間路線バス; busRoutes=1［姪浜駅～金武営］ / 1［金武営～医療C］,adopted,10,運行状況（季節運行・休止・予約制）を要確認、登山口から離れている（徒歩アプローチを要確認）,"国土数値情報（バス停留所データ）令和4年度（国土交通省）P11-22-40-bs6043（33.536082, 130.312827、JGD2011）を加工して作成",
BS-kP11-22-40-bs608,bus_stop,須賀町,33.8812695,130.9073696,WGS84,771,足立山,,九州百名山,,,,TH-n1579495691(392m),operator=西鉄バス北九州（株）; busType=民間路線バス; busRoutes=5・92系統 / 7・92系統,adopted,10,運行状況（季節運行・休止・予約制）を要確認,"国土数値情報（バス停留所データ）令和4年度（国土交通省）P11-22-40-bs608（33.881269, 130.907370、JGD2011）を加工して作成",
BS-kP11-22-40-bs6198,bus_stop,内山（鼈門神社前）,33.5284296,130.5502851,WGS84,824,宝満山,,九州百名山,,,,TH-n1239456847(237m) TH-n1820256255(196m) TH-n1239457015(932m),operator=太宰府市; busType=コミュニティバス; busRoutes=まほろば号「内山線」,adopted,10,運行状況（季節運行・休止・予約制）を要確認、登山口から離れている（徒歩アプローチを要確認）,"国土数値情報（バス停留所データ）令和4年度（国土交通省）P11-22-40-bs6198（33.528430, 130.550285、JGD2011）を加工して作成 ｜ OpenStreetMap（© OpenStreetMap contributors, ODbL 1.0）Geofabrik japan-latest.osm.pbf 2026-09-30T20:22:42Z node/10716669699",
BS-kP11-22-40-bs6204,bus_stop,豆塚山前,33.5278769,130.546865,WGS84,824,宝満山,,九州百名山,,,,TH-n1239456847(553m) TH-n1820256255(428m),operator=太宰府市; busType=コミュニティバス; busRoutes=まほろば号「内山線」,adopted,10,運行状況（季節運行・休止・予約制）を要確認,"国土数値情報（バス停留所データ）令和4年度（国土交通省）P11-22-40-bs6204（33.527877, 130.546865、JGD2011）を加工して作成",
BS-kP11-22-40-bs6225,bus_stop,梅林アスレチック公園前,33.5268815,130.5433456,WGS84,824,宝満山,,九州百名山,,,,TH-n1239456847(897m) TH-n1820256255(741m),operator=太宰府市; busType=コミュニティバス; busRoutes=まほろば号「内山線」,adopted,10,運行状況（季節運行・休止・予約制）を要確認、登山口から離れている（徒歩アプローチを要確認）,"国土数値情報（バス停留所データ）令和4年度（国土交通省）P11-22-40-bs6225（33.526881, 130.543346、JGD2011）を加工して作成",
BS-kP11-22-40-bs6335,bus_stop,大石記念碑,33.5207923,130.5693881,WGS84,824,宝満山,,九州百名山,,,,TH-n1852536132(483m) TH-n1852659934(486m),operator=筑紫野市; busType=コミュニティバス; busRoutes=御笠自治会バス「宝満川東ルート」,adopted,10,運行状況（季節運行・休止・予約制）を要確認,"国土数値情報（バス停留所データ）令和4年度（国土交通省）P11-22-40-bs6335（33.520792, 130.569388、JGD2011）を加工して作成",
BS-kP11-22-40-bs6337,bus_stop,大石公民館,33.520614,130.5663168,WGS84,824,宝満山,,九州百名山,,,,TH-n1852536132(198m) TH-n1852659934(515m),operator=筑紫野市; busType=コミュニティバス; busRoutes=御笠自治会バス「宝満川東ルート」,adopted,10,運行状況（季節運行・休止・予約制）を要確認,"国土数値情報（バス停留所データ）令和4年度（国土交通省）P11-22-40-bs6337（33.520614, 130.566317、JGD2011）を加工して作成",
BS-kP11-22-40-bs635,bus_stop,大谷池,33.879788,130.9086548,WGS84,771,足立山,,九州百名山,,,,TH-n1579495691(268m),operator=西鉄バス北九州（株）; busType=民間路線バス; busRoutes=5・92系統 / 7・92系統,adopted,10,運行状況（季節運行・休止・予約制）を要確認,"国土数値情報（バス停留所データ）令和4年度（国土交通省）P11-22-40-bs635（33.879788, 130.908655、JGD2011）を加工して作成",
BS-kP11-22-40-bs6357,bus_stop,大石,33.5193491,130.5642784,WGS84,824,宝満山,,九州百名山,,,,TH-n1852536132(149m) TH-n1852659934(720m),operator=筑紫野市; busType=コミュニティバス; busRoutes=御笠自治会バス「宝満川東ルート」,adopted,10,運行状況（季節運行・休止・予約制）を要確認、登山口から離れている（徒歩アプローチを要確認）,"国土数値情報（バス停留所データ）令和4年度（国土交通省）P11-22-40-bs6357（33.519349, 130.564278、JGD2011）を加工して作成",
BS-kP11-22-40-bs6386,bus_stop,都坂団地上,33.51781,130.5502726,WGS84,824,宝満山,,九州百名山,,,,TH-n1852535245(304m),operator=筑紫野市; busType=コミュニティバス; busRoutes=御笠自治会バス「宝満川西ルート」,adopted,10,運行状況（季節運行・休止・予約制）を要確認,"国土数値情報（バス停留所データ）令和4年度（国土交通省）P11-22-40-bs6386（33.517810, 130.550273、JGD2011）を加工して作成",
BS-kP11-22-40-bs6412,bus_stop,都坂団地中央,33.516902,130.5497549,WGS84,824,宝満山,,九州百名山,,,,TH-n1852535245(349m),operator=筑紫野市; busType=コミュニティバス; busRoutes=御笠自治会バス「宝満川西ルート」,adopted,10,運行状況（季節運行・休止・予約制）を要確認,"国土数値情報（バス停留所データ）令和4年度（国土交通省）P11-22-40-bs6412（33.516902, 130.549755、JGD2011）を加工して作成",
BS-kP11-22-40-bs6418,bus_stop,葉光ケ丘東,33.5164125,130.5624762,WGS84,824,宝満山,,九州百名山,,,,TH-n12016517886(283m),operator=西鉄バス二日市（株）; busType=民間路線バス; busRoutes=1-1系統,adopted,10,運行状況（季節運行・休止・予約制）を要確認,"国土数値情報（バス停留所データ）令和4年度（国土交通省）P11-22-40-bs6418（33.516412, 130.562476、JGD2011）を加工して作成",
BS-kP11-22-40-bs6420,bus_stop,葉光ヶ丘1,33.5163753,130.5632372,WGS84,824,宝満山,,九州百名山,,,,TH-n12016517886(344m),operator=筑紫野市; busType=コミュニティバス; busRoutes=御笠自治会バス「宝満川東ルート」,adopted,10,運行状況（季節運行・休止・予約制）を要確認,"国土数値情報（バス停留所データ）令和4年度（国土交通省）P11-22-40-bs6420（33.516375, 130.563237、JGD2011）を加工して作成",
BS-kP11-22-40-bs6456,bus_stop,吉木,33.5145646,130.5584005,WGS84,824,宝満山,,九州百名山,,,,TH-n12016517886(403m),operator=西鉄バス二日市（株）; busType=民間路線バス; busRoutes=1-1系統,adopted,10,運行状況（季節運行・休止・予約制）を要確認,"国土数値情報（バス停留所データ）令和4年度（国土交通省）P11-22-40-bs6456（33.514565, 130.558400、JGD2011）を加工して作成",
BS-kP11-22-40-bs6470,bus_stop,三笠台前,33.5142387,130.5502235,WGS84,824,宝満山,,九州百名山,,,,TH-n1852535245(453m),operator=西鉄バス二日市（株）; busType=民間路線バス; busRoutes=1-1系統 / 1-2系統,adopted,10,運行状況（季節運行・休止・予約制）を要確認,"国土数値情報（バス停留所データ）令和4年度（国土交通省）P11-22-40-bs6470（33.514239, 130.550223、JGD2011）を加工して作成",
BS-kP11-22-40-bs6582,bus_stop,辰ヶ橋,33.5089819,130.2478973,WGS84,836,井原山,,九州百名山,,,,TH-n2018811368(455m),operator=昭和自動車（株）; busType=民間路線バス; busRoutes=井原山線（糸島コミュニティバス）,adopted,10,運行状況（季節運行・休止・予約制）を要確認,"国土数値情報（バス停留所データ）令和4年度（国土交通省）P11-22-40-bs6582（33.508982, 130.247897、JGD2011）を加工して作成",
BS-kP11-22-40-bs6624,bus_stop,藤坂橋,33.5051209,130.2253206,WGS84,836,井原山,,九州百名山,,,,TH-n2018810182(372m),operator=昭和自動車（株）; busType=民間路線バス; busRoutes=雷山線（糸島コミュニティバス）,adopted,10,運行状況（季節運行・休止・予約制）を要確認,"国土数値情報（バス停留所データ）令和4年度（国土交通省）P11-22-40-bs6624（33.505121, 130.225321、JGD2011）を加工して作成",
BS-kP11-22-40-bs6639,bus_stop,瑞梅寺ダム,33.5043774,130.2491399,WGS84,836,井原山,,九州百名山,,,,TH-n2018811368(139m),operator=昭和自動車（株）; busType=民間路線バス; busRoutes=井原山線（糸島コミュニティバス）,adopted,10,運行状況（季節運行・休止・予約制）を要確認,"国土数値情報（バス停留所データ）令和4年度（国土交通省）P11-22-40-bs6639（33.504377, 130.249140、JGD2011）を加工して作成",
BS-kP11-22-40-bs6660,bus_stop,迎野,33.5026026,130.2280704,WGS84,836,井原山,,九州百名山,,,,TH-kP11-22-40-bs6759(808m) TH-n2018810182(103m),operator=昭和自動車（株）; busType=民間路線バス; busRoutes=雷山線（糸島コミュニティバス）,adopted,10,運行状況（季節運行・休止・予約制）を要確認、登山口から離れている（徒歩アプローチを要確認）,"国土数値情報（バス停留所データ）令和4年度（国土交通省）P11-22-40-bs6660（33.502603, 130.228070、JGD2011）を加工して作成",
BS-kP11-22-40-bs667,bus_stop,小文字一丁目,33.8778152,130.9008364,WGS84,771,足立山,,九州百名山,,,,TH-n1579493511(497m) TH-n1579495691(580m),operator=西鉄バス北九州（株）; busType=民間路線バス; busRoutes=5・93系統 / 93系統,adopted,10,運行状況（季節運行・休止・予約制）を要確認,"国土数値情報（バス停留所データ）令和4年度（国土交通省）P11-22-40-bs667（33.877815, 130.900836、JGD2011）を加工して作成",
BS-kP11-22-40-bs6723,bus_stop,井原山入口,33.4985362,130.2482967,WGS84,836,井原山,,九州百名山,,,,TH-n2018811368(702m),operator=昭和自動車（株）; busType=民間路線バス; busRoutes=井原山線（糸島コミュニティバス）,adopted,10,運行状況（季節運行・休止・予約制）を要確認、登山口から離れている（徒歩アプローチを要確認）,"国土数値情報（バス停留所データ）令和4年度（国土交通省）P11-22-40-bs6723（33.498536, 130.248297、JGD2011）を加工して作成",
BS-kP11-22-40-bs6759,bus_stop,雷山観音前,33.4955526,130.2303777,WGS84,836,井原山,,九州百名山,,,,TH-kP11-22-40-bs6759(0m) TH-n2018810182(875m),operator=昭和自動車（株）; busType=民間路線バス; busRoutes=雷山線（糸島コミュニティバス）,adopted,10,運行状況（季節運行・休止・予約制）を要確認、登山口から離れている（徒歩アプローチを要確認）,"国土数値情報（バス停留所データ）令和4年度（国土交通省）P11-22-40-bs6759（33.495553, 130.230378、JGD2011）を加工して作成",
BS-kP11-22-40-bs6815,bus_stop,ひこさんホテル入口,33.4896694,130.90961,WGS84,832,英彦山,,日本二百名山|日本三百名山|九州百名山,,,,TH-n1503562632(247m),operator=添田町; busType=コミュニティバス; busRoutes=添田町バス,adopted,10,運行状況（季節運行・休止・予約制）を要確認,"国土数値情報（バス停留所データ）令和4年度（国土交通省）P11-22-40-bs6815（33.489669, 130.909610、JGD2011）を加工して作成",
BS-kP11-22-40-bs6817,bus_stop,野営場,33.4894418,130.913221,WGS84,832,英彦山,,日本二百名山|日本三百名山|九州百名山,,,,TH-n1503562105(688m),operator=添田町; busType=コミュニティバス; busRoutes=添田町バス,adopted,10,運行状況（季節運行・休止・予約制）を要確認、登山口から離れている（徒歩アプローチを要確認）,"国土数値情報（バス停留所データ）令和4年度（国土交通省）P11-22-40-bs6817（33.489442, 130.913221、JGD2011）を加工して作成",
BS-kP11-22-40-bs6818,bus_stop,青年の家入口,33.4892147,130.9258324,WGS84,832,英彦山,,日本二百名山|日本三百名山|九州百名山,,,,TH-n1503560439(781m) TH-n1503562105(497m) TH-n6295246647(484m),operator=添田町; busType=コミュニティバス; busRoutes=添田町バス,adopted,10,運行状況（季節運行・休止・予約制）を要確認、登山口から離れている（徒歩アプローチを要確認）,"国土数値情報（バス停留所データ）令和4年度（国土交通省）P11-22-40-bs6818（33.489215, 130.925832、JGD2011）を加工して作成",
BS-kP11-22-40-bs6820,bus_stop,別所駐車場,33.4887755,130.9051712,WGS84,832,英彦山,,日本二百名山|日本三百名山|九州百名山,,,,TH-n1503560607(451m) TH-n1503562632(177m),operator=添田町; busType=コミュニティバス; busRoutes=添田町バス,adopted,10,運行状況（季節運行・休止・予約制）を要確認,"国土数値情報（バス停留所データ）令和4年度（国土交通省）P11-22-40-bs6820（33.488775, 130.905171、JGD2011）を加工して作成",
BS-kP11-22-40-bs6836,bus_stop,下の谷,33.4873323,130.9052539,WGS84,832,英彦山,,日本二百名山|日本三百名山|九州百名山,,,,TH-n1503560607(307m) TH-n1503560223(686m) TH-n1503562632(263m),operator=添田町; busType=コミュニティバス; busRoutes=添田町バス,adopted,10,運行状況（季節運行・休止・予約制）を要確認、登山口から離れている（徒歩アプローチを要確認）,"国土数値情報（バス停留所データ）令和4年度（国土交通省）P11-22-40-bs6836（33.487332, 130.905254、JGD2011）を加工して作成",
BS-kP11-22-40-bs6845,bus_stop,唐ヶ谷,33.4855696,130.892575,WGS84,832,英彦山,,日本二百名山|日本三百名山|九州百名山,,,,TH-n1503560223(674m),operator=添田町; busType=コミュニティバス; busRoutes=添田町バス,adopted,10,運行状況（季節運行・休止・予約制）を要確認、登山口から離れている（徒歩アプローチを要確認）,"国土数値情報（バス停留所データ）令和4年度（国土交通省）P11-22-40-bs6845（33.485570, 130.892575、JGD2011）を加工して作成",
BS-kP11-22-40-bs6848,bus_stop,神宮下,33.4855416,130.9071636,WGS84,832,英彦山,,日本二百名山|日本三百名山|九州百名山,,,,TH-n1503560607(57m),operator=添田町; busType=コミュニティバス; busRoutes=添田町バス,adopted,10,運行状況（季節運行・休止・予約制）を要確認,"国土数値情報（バス停留所データ）令和4年度（国土交通省）P11-22-40-bs6848（33.485542, 130.907164、JGD2011）を加工して作成",
BS-kP11-22-40-bs6851,bus_stop,銅の鳥居,33.4853359,130.9012928,WGS84,832,英彦山,,日本二百名山|日本三百名山|九州百名山,,,,TH-n1503560223(265m),operator=添田町; busType=コミュニティバス; busRoutes=添田町バス,adopted,10,運行状況（季節運行・休止・予約制）を要確認,"国土数値情報（バス停留所データ）令和4年度（国土交通省）P11-22-40-bs6851（33.485336, 130.901293、JGD2011）を加工して作成",
BS-kP11-22-40-bs6857,bus_stop,豊前坊,33.4846591,130.9322038,WGS84,832,英彦山,,日本二百名山|日本三百名山|九州百名山,,,,TH-n1503560439(15m) TH-n6295246647(304m),operator=添田町; busType=コミュニティバス; busRoutes=添田町バス,adopted,10,運行状況（季節運行・休止・予約制）を要確認,"国土数値情報（バス停留所データ）令和4年度（国土交通省）P11-22-40-bs6857（33.484659, 130.932204、JGD2011）を加工して作成",
BS-kP11-22-40-bs6892,bus_stop,だんごあん,33.4768152,130.7022607,WGS84,829,古処山,,九州百名山,,,,TH-gsi-kosho-akizuki(463m),operator=（株）甘木観光バス; busType=民間路線バス; busRoutes=秋月線,adopted,10,運行状況（季節運行・休止・予約制）を要確認,"国土数値情報（バス停留所データ）令和4年度（国土交通省）P11-22-40-bs6892（33.476815, 130.702261、JGD2011）を加工して作成",
BS-kP11-22-40-bs6900,bus_stop,古処山入口,33.4753384,130.7029234,WGS84,829,古処山,,九州百名山,,,,TH-gsi-kosho-akizuki(422m),operator=（株）甘木観光バス; busType=民間路線バス; busRoutes=秋月線,adopted,10,運行状況（季節運行・休止・予約制）を要確認,"国土数値情報（バス停留所データ）令和4年度（国土交通省）P11-22-40-bs6900（33.475338, 130.702923、JGD2011）を加工して作成",
BS-kP11-22-40-bs6916,bus_stop,一ツ田,33.473044,130.3476908,WGS84,843,脊振山,,日本三百名山|九州百名山,,,,TH-ksj-P11-22-40-bs6944(669m),operator=西日本鉄道（株）; busType=民間路線バス; busRoutes=3［早良営～椎原］,adopted,10,運行状況（季節運行・休止・予約制）を要確認、登山口から離れている（徒歩アプローチを要確認）,"国土数値情報（バス停留所データ）令和4年度（国土交通省）P11-22-40-bs6916（33.473044, 130.347691、JGD2011）を加工して作成",
BS-kP11-22-40-bs6922,bus_stop,白山神社前,33.4716341,130.6990528,WGS84,829,古処山,,九州百名山,,,,TH-gsi-kosho-akizuki(933m),operator=（株）甘木観光バス; busType=民間路線バス; busRoutes=秋月線,adopted,10,運行状況（季節運行・休止・予約制）を要確認、登山口から離れている（徒歩アプローチを要確認）,"国土数値情報（バス停留所データ）令和4年度（国土交通省）P11-22-40-bs6922（33.471634, 130.699053、JGD2011）を加工して作成",
BS-kP11-22-40-bs6927,bus_stop,湯の野,33.4710414,130.3496193,WGS84,843,脊振山,,日本三百名山|九州百名山,,,,TH-ksj-P11-22-40-bs6944(396m),operator=西日本鉄道（株）; busType=民間路線バス; busRoutes=3［早良営～椎原］,adopted,10,運行状況（季節運行・休止・予約制）を要確認,"国土数値情報（バス停留所データ）令和4年度（国土交通省）P11-22-40-bs6927（33.471041, 130.349619、JGD2011）を加工して作成",
BS-kP11-22-40-bs6944,bus_stop,椎原,33.4693019,130.3533518,WGS84,843,脊振山,,日本三百名山|九州百名山,,,,TH-ksj-P11-22-40-bs6944(0m),operator=西日本鉄道（株）; busType=民間路線バス; busRoutes=3［早良営～椎原］,adopted,10,運行状況（季節運行・休止・予約制）を要確認,"国土数値情報（バス停留所データ）令和4年度（国土交通省）P11-22-40-bs6944（33.469302, 130.353352、JGD2011）を加工して作成",
BS-kP11-22-40-bs717,bus_stop,小文字二丁目,33.8752049,130.9003593,WGS84,771,足立山,,九州百名山,,,,TH-n1579493511(461m),operator=西鉄バス北九州（株）; busType=民間路線バス; busRoutes=5・93系統 / 93系統,adopted,10,運行状況（季節運行・休止・予約制）を要確認,"国土数値情報（バス停留所データ）令和4年度（国土交通省）P11-22-40-bs717（33.875205, 130.900359、JGD2011）を加工して作成",
BS-kP11-22-40-bs751,bus_stop,山門町,33.8730115,130.899873,WGS84,771,足立山,,九州百名山,,,,TH-n1579493511(569m),operator=西鉄バス北九州（株）; busType=民間路線バス; busRoutes=5・93系統 / 93系統,adopted,10,運行状況（季節運行・休止・予約制）を要確認,"国土数値情報（バス停留所データ）令和4年度（国土交通省）P11-22-40-bs751（33.873012, 130.899873、JGD2011）を加工して作成",
BS-kP11-22-40-bs7761,bus_stop,道堀,33.2966371,130.5575036,WGS84,10378,,高良山,,,,,TH-osm-w715203220(858m),operator=西鉄バス久留米（株）; busType=民間路線バス; busRoutes=9系統,adopted,10,運行状況（季節運行・休止・予約制）を要確認、登山口から離れている（徒歩アプローチを要確認）,"国土数値情報（バス停留所データ）令和4年度（国土交通省）P11-22-40-bs7761（33.296637, 130.557504、JGD2011）を加工して作成",
BS-kP11-22-40-bs7766,bus_stop,横馬場,33.2952054,130.559777,WGS84,10378,,高良山,,,,,TH-osm-w715203220(838m),operator=西鉄バス久留米（株）; busType=民間路線バス; busRoutes=9系統,adopted,10,運行状況（季節運行・休止・予約制）を要確認、登山口から離れている（徒歩アプローチを要確認）,"国土数値情報（バス停留所データ）令和4年度（国土交通省）P11-22-40-bs7766（33.295205, 130.559777、JGD2011）を加工して作成",
BS-kP11-22-40-bs7772,bus_stop,下谷,33.2939155,130.561367,WGS84,10378,,高良山,,,,,TH-osm-w715203220(902m),operator=西鉄バス久留米（株）; busType=民間路線バス; busRoutes=9系統,adopted,10,運行状況（季節運行・休止・予約制）を要確認、登山口から離れている（徒歩アプローチを要確認）,"国土数値情報（バス停留所データ）令和4年度（国土交通省）P11-22-40-bs7772（33.293916, 130.561367、JGD2011）を加工して作成",
BS-kP11-22-40-bs924,bus_stop,森林公園入口,33.8653623,130.898895,WGS84,771,足立山,,九州百名山,,,,TH-n5434372794(472m),operator=西鉄バス北九州（株）; busType=民間路線バス; busRoutes=5・93系統 / 93系統,adopted,10,運行状況（季節運行・休止・予約制）を要確認,"国土数値情報（バス停留所データ）令和4年度（国土交通省）P11-22-40-bs924（33.865362, 130.898895、JGD2011）を加工して作成",
BS-kP11-22-40-bs939,bus_stop,第一黒原,33.8649182,130.897962,WGS84,771,足立山,,九州百名山,,,,TH-n5434372794(529m),operator=西鉄バス北九州（株）; busType=民間路線バス; busRoutes=27系統 / 28系統,adopted,10,運行状況（季節運行・休止・予約制）を要確認,"国土数値情報（バス停留所データ）令和4年度（国土交通省）P11-22-40-bs939（33.864918, 130.897962、JGD2011）を加工して作成",
BS-kP11-22-40-bs975,bus_stop,黒原一丁目,33.8634275,130.8979171,WGS84,771,足立山,,九州百名山,,,,TH-n5434372794(501m),operator=西鉄バス北九州（株）; busType=民間路線バス; busRoutes=27系統 / 28系統 / 5・93系統,adopted,10,運行状況（季節運行・休止・予約制）を要確認,"国土数値情報（バス停留所データ）令和4年度（国土交通省）P11-22-40-bs975（33.863428, 130.897917、JGD2011）を加工して作成",
BS-kP11-22-41-bs2142,bus_stop,大川内山,33.2363195,129.8928107,WGS84,851,黒髪山,,九州百名山,,,,TH-n1836184398(714m),operator=西肥自動車（株）; busType=民間路線バス; busRoutes=1024　大川内山,adopted,10,運行状況（季節運行・休止・予約制）を要確認、登山口から離れている（徒歩アプローチを要確認）,"国土数値情報（バス停留所データ）令和4年度（国土交通省）P11-22-41-bs2142（33.236319, 129.892811、JGD2011）を加工して作成",
BS-kP11-22-41-bs2480,bus_stop,有田ダム入口,33.1964335,129.8959711,WGS84,851,黒髪山,,九州百名山,,,,TH-w415761662(31m),operator=有田町; busType=コミュニティバス; busRoutes=有田町コミュニティバス東西線,adopted,10,運行状況（季節運行・休止・予約制）を要確認,"国土数値情報（バス停留所データ）令和4年度（国土交通省）P11-22-41-bs2480（33.196434, 129.895971、JGD2011）を加工して作成",
BS-kP11-22-41-bs2495,bus_stop,為朝橋,33.19506,129.8941371,WGS84,851,黒髪山,,九州百名山,,,,TH-w415761662(233m),operator=有田町; busType=コミュニティバス; busRoutes=有田町コミュニティバス東西線,adopted,10,運行状況（季節運行・休止・予約制）を要確認,"国土数値情報（バス停留所データ）令和4年度（国土交通省）P11-22-41-bs2495（33.195060, 129.894137、JGD2011）を加工して作成",
BS-kP11-22-41-bs2503,bus_stop,石場前,33.1943206,129.9070336,WGS84,851,黒髪山,,九州百名山,,,,TH-n1744238597(435m),operator=有田町; busType=コミュニティバス; busRoutes=有田町コミュニティバス東西線 / 有田町コミュニティバス東方線,adopted,10,運行状況（季節運行・休止・予約制）を要確認,"国土数値情報（バス停留所データ）令和4年度（国土交通省）P11-22-41-bs2503（33.194321, 129.907034、JGD2011）を加工して作成",
BS-kP11-22-41-bs2536,bus_stop,上有田駅入口,33.1917202,129.904265,WGS84,851,黒髪山,,九州百名山,,,,TH-n1744238597(549m),operator=有田町; busType=コミュニティバス; busRoutes=有田町コミュニティバス東西線 / 有田町コミュニティバス東方線,adopted,10,運行状況（季節運行・休止・予約制）を要確認,"国土数値情報（バス停留所データ）令和4年度（国土交通省）P11-22-41-bs2536（33.191720, 129.904265、JGD2011）を加工して作成",
BS-kP11-22-41-bs2540,bus_stop,上幸平,33.191423,129.9018102,WGS84,851,黒髪山,,九州百名山,,,,TH-n1744238597(588m),operator=有田町; busType=コミュニティバス; busRoutes=有田町コミュニティバス東西線 / 有田町コミュニティバス東方線,adopted,10,運行状況（季節運行・休止・予約制）を要確認,"国土数値情報（バス停留所データ）令和4年度（国土交通省）P11-22-41-bs2540（33.191423, 129.901810、JGD2011）を加工して作成 ｜ OpenStreetMap（© OpenStreetMap contributors, ODbL 1.0）Geofabrik japan-latest.osm.pbf 2026-09-30T20:22:42Z node/3960852158",
BS-kP11-22-41-bs2546,bus_stop,有田小学校前,33.191004,129.895271,WGS84,851,黒髪山,,九州百名山,,,,TH-w415761662(585m),operator=有田町; busType=コミュニティバス; busRoutes=有田町コミュニティバス東西線 / 有田町コミュニティバス東方線,adopted,10,運行状況（季節運行・休止・予約制）を要確認,"国土数値情報（バス停留所データ）令和4年度（国土交通省）P11-22-41-bs2546（33.191004, 129.895271、JGD2011）を加工して作成",
BS-kP11-22-41-bs2805,bus_stop,牛の岳,33.1032012,129.9338557,WGS84,864,虚空蔵山,,九州百名山,,,,TH-kP11-22-41-bs2851(544m),operator=JR九州バス（株）; busType=民間路線バス; busRoutes=嬉野線　牛の岳線,adopted,10,運行状況（季節運行・休止・予約制）を要確認,"国土数値情報（バス停留所データ）令和4年度（国土交通省）P11-22-41-bs2805（33.103201, 129.933856、JGD2011）を加工して作成",
BS-kP11-22-41-bs2851,bus_stop,大茶樹入口,33.0982945,129.9342437,WGS84,864,虚空蔵山,,九州百名山,,,,TH-kP11-22-41-bs2851(0m),operator=JR九州バス（株）; busType=民間路線バス; busRoutes=嬉野線　牛の岳線,adopted,10,運行状況（季節運行・休止・予約制）を要確認,"国土数値情報（バス停留所データ）令和4年度（国土交通省）P11-22-41-bs2851（33.098295, 129.934244、JGD2011）を加工して作成",
BS-kP11-22-41-bs2860,bus_stop,不動山,33.0964521,129.9370246,WGS84,864,虚空蔵山,,九州百名山,,,,TH-kP11-22-41-bs2851(330m),operator=JR九州バス（株）; busType=民間路線バス; busRoutes=嬉野線　牛の岳線,adopted,10,運行状況（季節運行・休止・予約制）を要確認,"国土数値情報（バス停留所データ）令和4年度（国土交通省）P11-22-41-bs2860（33.096452, 129.937025、JGD2011）を加工して作成",
BS-kP11-22-41-bs453,bus_stop,河内,33.4174584,130.4730528,WGS84,844,九千部山,,九州百名山,,,,TH-n1861221882(579m),operator=西鉄バス佐賀（株）; busType=民間路線バス; busRoutes=1［河内～鳥栖駅］ / 2系統,adopted,10,運行状況（季節運行・休止・予約制）を要確認,"国土数値情報（バス停留所データ）令和4年度（国土交通省）P11-22-41-bs453（33.417458, 130.473053、JGD2011）を加工して作成",
BS-kP11-22-41-bs459,bus_stop,脊振神社前,33.4169271,130.3550645,WGS84,843,脊振山,,日本三百名山|九州百名山,,,,TH-kP11-22-41-bs494(579m),operator=神埼市; busType=公営路線バス; busRoutes=脊振町通学バス（脊振山麓線）,adopted,10,運行状況（季節運行・休止・予約制）を要確認,"国土数値情報（バス停留所データ）令和4年度（国土交通省）P11-22-41-bs459（33.416927, 130.355064、JGD2011）を加工して作成",
BS-kP11-22-41-bs487,bus_stop,脊振山麓,33.4125859,130.3523709,WGS84,843,脊振山,,日本三百名山|九州百名山,,,,TH-kP11-22-41-bs494(371m),operator=神埼市; busType=公営路線バス; busRoutes=脊振町通学バス（脊振山麓線）,adopted,10,運行状況（季節運行・休止・予約制）を要確認,"国土数値情報（バス停留所データ）令和4年度（国土交通省）P11-22-41-bs487（33.412586, 130.352371、JGD2011）を加工して作成",
BS-kP11-22-41-bs494,bus_stop,古賀の尾,33.41178,130.3562457,WGS84,843,脊振山,,日本三百名山|九州百名山,,,,TH-kP11-22-41-bs494(0m),operator=神埼市; busType=公営路線バス; busRoutes=脊振町通学バス（脊振山麓線）,adopted,10,運行状況（季節運行・休止・予約制）を要確認,"国土数値情報（バス停留所データ）令和4年度（国土交通省）P11-22-41-bs494（33.411780, 130.356246、JGD2011）を加工して作成",
BS-kP11-22-41-bs563,bus_stop,犬井谷,33.3985971,130.3732555,WGS84,843,脊振山,,日本三百名山|九州百名山,,,,TH-kP11-22-41-bs563(0m),operator=神埼市; busType=公営路線バス; busRoutes=脊振町通学バス（脊振山麓線）,adopted,10,運行状況（季節運行・休止・予約制）を要確認,"国土数値情報（バス停留所データ）令和4年度（国土交通省）P11-22-41-bs563（33.398597, 130.373255、JGD2011）を加工して作成",
BS-kP11-22-42-bs120,bus_stop,七岳口,32.6746068,128.7097151,WGS84,892,七ツ岳,,九州百名山,,,,TH-n1288683882(16m) TH-n1288669624(798m) TH-n12141204057(374m),operator=五島自動車（株）; busType=民間路線バス; busRoutes=福江（二本楠）荒川 / 福江（荒川）布浦 / 福江（荒川）玉之浦,adopted,10,運行状況（季節運行・休止・予約制）を要確認、登山口から離れている（徒歩アプローチを要確認）,"国土数値情報（バス停留所データ）令和4年度（国土交通省）P11-22-42-bs120（32.674607, 128.709715、JGD2011）を加工して作成",
BS-kP11-22-42-bs123,bus_stop,一軒家,32.674337,128.7181034,WGS84,892,七ツ岳,,九州百名山,,,,TH-n1288683882(777m) TH-n12141204057(552m),operator=五島自動車（株）; busType=民間路線バス; busRoutes=福江（二本楠）荒川 / 福江（荒川）布浦 / 福江（荒川）玉之浦,adopted,10,運行状況（季節運行・休止・予約制）を要確認、登山口から離れている（徒歩アプローチを要確認）,"国土数値情報（バス停留所データ）令和4年度（国土交通省）P11-22-42-bs123（32.674337, 128.718103、JGD2011）を加工して作成",
BS-kP11-22-42-bs1770,bus_stop,福良,33.1860732,129.3648939,WGS84,856,志々伎山,,九州百名山,,,,TH-n6453495965(889m),operator=平戸市; busType=コミュニティバス; busRoutes=紐差・宮の浦線,adopted,10,運行状況（季節運行・休止・予約制）を要確認、登山口から離れている（徒歩アプローチを要確認）,"国土数値情報（バス停留所データ）令和4年度（国土交通省）P11-22-42-bs1770（33.186073, 129.364894、JGD2011）を加工して作成",
BS-kP11-22-42-bs1773,bus_stop,野子,33.1854901,129.3695934,WGS84,856,志々伎山,,九州百名山,,,,TH-n6453495965(752m),operator=平戸市; busType=コミュニティバス; busRoutes=紐差・宮の浦線,adopted,10,運行状況（季節運行・休止・予約制）を要確認、登山口から離れている（徒歩アプローチを要確認）,"国土数値情報（バス停留所データ）令和4年度（国土交通省）P11-22-42-bs1773（33.185490, 129.369593、JGD2011）を加工して作成",
BS-kP11-22-42-bs2490,bus_stop,黒木,32.9770864,130.0573611,WGS84,868 869,経ガ岳、多良岳,,九州百名山|日本三百名山,,,,TH-n1344057897(59m) TH-n1344057897(59m) TH-n1344057897(59m),operator=長崎県; busType=公営路線バス; busRoutes=3大村ターミナル大村インター / 3向木場大村インター / 3向木場大村インター・イオン大村,adopted,10,運行状況（季節運行・休止・予約制）を要確認,"国土数値情報（バス停留所データ）令和4年度（国土交通省）P11-22-42-bs2490（32.977086, 130.057361、JGD2011）を加工して作成 ｜ OpenStreetMap（© OpenStreetMap contributors, ODbL 1.0）Geofabrik japan-latest.osm.pbf 2026-09-30T20:22:42Z node/12156167874",
BS-kP11-22-42-bs3699,bus_stop,井の下,32.8020976,129.8371445,WGS84,10392,,岩屋山,,,,,TH-gsi-iwayasan-iwayajinja(675m),operator=長崎県; busType=公営路線バス; busRoutes=長崎東高大波止・中央橋 / 滑石団地中央橋・大波止・道の尾,adopted,10,運行状況（季節運行・休止・予約制）を要確認、登山口から離れている（徒歩アプローチを要確認）,"国土数値情報（バス停留所データ）令和4年度（国土交通省）P11-22-42-bs3699（32.802098, 129.837144、JGD2011）を加工して作成",
BS-kP11-22-42-bs3740,bus_stop,虹が丘,32.7990613,129.8415429,WGS84,10392,,岩屋山,,,,,TH-gsi-iwayasan-iwayajinja(525m),operator=長崎自動車（株）; busType=民間路線バス; busRoutes=1：長崎駅前-住吉方面 / 2：長崎駅前-西町-虹が丘 / 20：市役所・中央橋行き,adopted,10,運行状況（季節運行・休止・予約制）を要確認,"国土数値情報（バス停留所データ）令和4年度（国土交通省）P11-22-42-bs3740（32.799061, 129.841543、JGD2011）を加工して作成",
BS-kP11-22-42-bs3741,bus_stop,虹が丘,32.7990613,129.8415429,WGS84,10392,,岩屋山,,,,,TH-gsi-iwayasan-iwayajinja(525m),operator=さいかい交通（株）・長崎自動車（株）; busType=民間路線バス; busRoutes=20：大波止・中央橋・長崎新地行き［長崎バス・さいかい交通］,adopted,10,運行状況（季節運行・休止・予約制）を要確認,"国土数値情報（バス停留所データ）令和4年度（国土交通省）P11-22-42-bs3741（32.799061, 129.841543、JGD2011）を加工して作成",
BS-kP11-22-42-bs5006,bus_stop,南竿の浦,32.6708631,129.8391329,WGS84,893,八郎岳,,九州百名山,,,,TH-gsi-hachiro-hirayama(433m),operator=長崎自動車（株）; busType=民間路線バス; busRoutes=100：ココウォーク茂里町行き / 30：長崎駅前-戸町-香焼・三和・野母崎 / 30：長崎駅前-二本松口-香焼・三和・野母崎,adopted,10,運行状況（季節運行・休止・予約制）を要確認,"国土数値情報（バス停留所データ）令和4年度（国土交通省）P11-22-42-bs5006（32.670863, 129.839133、JGD2011）を加工して作成",
BS-kP11-22-42-bs5011,bus_stop,平山,32.667317,129.8372778,WGS84,893,八郎岳,,九州百名山,,,,TH-gsi-hachiro-hirayama(211m),operator=長崎自動車（株）; busType=民間路線バス; busRoutes=100：ココウォーク茂里町行き / 30：長崎駅前-戸町-香焼・三和・野母崎 / 30：長崎駅前-二本松口-香焼・三和・野母崎,adopted,10,運行状況（季節運行・休止・予約制）を要確認,"国土数値情報（バス停留所データ）令和4年度（国土交通省）P11-22-42-bs5011（32.667317, 129.837278、JGD2011）を加工して作成",
BS-kP11-22-42-bs5023,bus_stop,平山台入口,32.6625457,129.835172,WGS84,893,八郎岳,,九州百名山,,,,TH-gsi-hachiro-hirayama(634m),operator=長崎自動車（株）; busType=民間路線バス; busRoutes=100：ココウォーク茂里町行き / 30：長崎駅前-戸町-香焼・三和・野母崎 / 30：長崎駅前-二本松口-香焼・三和・野母崎,adopted,10,運行状況（季節運行・休止・予約制）を要確認、登山口から離れている（徒歩アプローチを要確認）,"国土数値情報（バス停留所データ）令和4年度（国土交通省）P11-22-42-bs5023（32.662546, 129.835172、JGD2011）を加工して作成",
BS-kP11-22-43-bs1011,bus_stop,火口,32.8803153,131.0844941,WGS84,873,阿蘇山,,日本百名山|日本二百名山|日本三百名山|九州百名山,,,,TH-kP11-22-43-bs1011(0m) TH-n585195466(924m) TH-n849507201(717m),operator=産交バス（株）; busType=民間路線バス; busRoutes=阿蘇山上ターミナル～火口,adopted,10,運行状況（季節運行・休止・予約制）を要確認、登山口から離れている（徒歩アプローチを要確認）,"国土数値情報（バス停留所データ）令和4年度（国土交通省）P11-22-43-bs1011（32.880315, 131.084494、JGD2011）を加工して作成",
BS-kP11-22-43-bs1016,bus_stop,阿蘇山上ターミナル,32.8801569,131.0738692,WGS84,873,阿蘇山,,日本百名山|日本二百名山|日本三百名山|九州百名山,,,,TH-kP11-22-43-bs1011(993m) TH-n585195466(182m),operator=産交バス（株）; busType=民間路線バス; busRoutes=8：阿蘇駅前～野営場前～草千里～阿蘇山上ターミナル / 阿蘇山上ターミナル～火口,adopted,10,運行状況（季節運行・休止・予約制）を要確認、登山口から離れている（徒歩アプローチを要確認）,"国土数値情報（バス停留所データ）令和4年度（国土交通省）P11-22-43-bs1016（32.880157, 131.073869、JGD2011）を加工して作成",
BS-kP11-22-43-bs1432,bus_stop,萌の里・俵山登山口,32.8425154,130.9376926,WGS84,880,俵山,,九州百名山,,,,TH-kP11-22-43-bs1432(0m) TH-n11221795665(420m),operator=産交バス（株）; busType=民間路線バス; busRoutes=TM：西部車庫→空港～県庁→高森中央 / TM：高森中央→空港→西部車庫,adopted,10,運行状況（季節運行・休止・予約制）を要確認,"国土数値情報（バス停留所データ）令和4年度（国土交通省）P11-22-43-bs1432（32.842515, 130.937693、JGD2011）を加工して作成",
BS-kP11-22-43-bs1705,bus_stop,峠の茶屋公園前（芳野）,32.8188102,130.6563494,WGS84,10391,,金峰山,,,,,TH-gsi-kinpozan-kumamoto(972m),operator=産交バス（株）; busType=民間路線バス; busRoutes=桜町バスターミナル～芳野～河内～河内温泉センター,adopted,10,運行状況（季節運行・休止・予約制）を要確認、登山口から離れている（徒歩アプローチを要確認）,"国土数値情報（バス停留所データ）令和4年度（国土交通省）P11-22-43-bs1705（32.818810, 130.656349、JGD2011）を加工して作成 ｜ OpenStreetMap（© OpenStreetMap contributors, ODbL 1.0）Geofabrik japan-latest.osm.pbf 2026-09-30T20:22:42Z node/12397794701",
BS-kP11-22-43-bs1712,bus_stop,峠の茶屋,32.8184546,130.6539852,WGS84,10391,,金峰山,,,,,TH-gsi-kinpozan-kumamoto(759m),operator=産交バス（株）; busType=民間路線バス; busRoutes=桜町バスターミナル～芳野～河内～河内温泉センター,adopted,10,運行状況（季節運行・休止・予約制）を要確認、登山口から離れている（徒歩アプローチを要確認）,"国土数値情報（バス停留所データ）令和4年度（国土交通省）P11-22-43-bs1712（32.818455, 130.653985、JGD2011）を加工して作成 ｜ OpenStreetMap（© OpenStreetMap contributors, ODbL 1.0）Geofabrik japan-latest.osm.pbf 2026-09-30T20:22:42Z node/12397794702",
BS-kP11-22-43-bs3833,bus_stop,今泉三差路,32.4928378,130.4169612,WGS84,906,次郎丸岳,,九州百名山,,,,TH-n1294659948(900m),operator=産交バス（株）; busType=民間路線バス; busRoutes=松島→大浦旧道～上津浦旧道→本渡バスセンター / 本渡バスセンター→上津浦旧道～有明温泉～大浦旧道→松島 / 松島→大浦新道～上津浦新道→本渡バスセンター,adopted,10,運行状況（季節運行・休止・予約制）を要確認、登山口から離れている（徒歩アプローチを要確認）,"国土数値情報（バス停留所データ）令和4年度（国土交通省）P11-22-43-bs3833（32.492838, 130.416961、JGD2011）を加工して作成",
BS-kP11-22-43-bs3850,bus_stop,長尾,32.4891296,130.3926477,WGS84,906,次郎丸岳,,九州百名山,,,,TH-n1294631347(103m),operator=産交バス（株）; busType=民間路線バス; busRoutes=教良木～知十～上天草高校前～さんぱーる / 本渡バスセンター～浦～教良木～松島 / 松島～内野河内～竜ヶ岳～倉岳校前,adopted,10,運行状況（季節運行・休止・予約制）を要確認,"国土数値情報（バス停留所データ）令和4年度（国土交通省）P11-22-43-bs3850（32.489130, 130.392648、JGD2011）を加工して作成",
BS-kP11-22-43-bs3869,bus_stop,後山,32.4850599,130.3927034,WGS84,906,次郎丸岳,,九州百名山,,,,TH-n1294631347(350m),operator=産交バス（株）; busType=民間路線バス; busRoutes=教良木～知十～上天草高校前～さんぱーる / 本渡バスセンター～浦～教良木～松島 / 松島～内野河内～竜ヶ岳～倉岳校前,adopted,10,運行状況（季節運行・休止・予約制）を要確認,"国土数値情報（バス停留所データ）令和4年度（国土交通省）P11-22-43-bs3869（32.485060, 130.392703、JGD2011）を加工して作成",
BS-kP11-22-43-bs3891,bus_stop,倉江,32.4808677,130.3897599,WGS84,906,次郎丸岳,,九州百名山,,,,TH-n1294631347(850m),operator=産交バス（株）; busType=民間路線バス; busRoutes=教良木～知十～上天草高校前～さんぱーる / 本渡バスセンター～浦～教良木～松島 / 松島～内野河内～竜ヶ岳～倉岳校前,adopted,10,運行状況（季節運行・休止・予約制）を要確認、登山口から離れている（徒歩アプローチを要確認）,"国土数値情報（バス停留所データ）令和4年度（国土交通省）P11-22-43-bs3891（32.480868, 130.389760、JGD2011）を加工して作成",
BS-kP11-22-43-bs4115,bus_stop,南平（天草）,32.4171497,130.3439342,WGS84,909,倉岳,,九州百名山,,,,TH-n5354452137(981m),operator=産交バス（株）; busType=民間路線バス; busRoutes=本渡バスセンター～下浦～下柿塚～新町団地 / 本渡バスセンター～浦～教良木～松島 / 松島～内野河内～竜ヶ岳～倉岳校前,adopted,10,運行状況（季節運行・休止・予約制）を要確認、登山口から離れている（徒歩アプローチを要確認）,"国土数値情報（バス停留所データ）令和4年度（国土交通省）P11-22-43-bs4115（32.417150, 130.343934、JGD2011）を加工して作成",
BS-kP11-22-43-bs4181,bus_stop,温泉センター前（五木）,32.3973403,130.8266193,WGS84,911,仰烏帽子山,,九州百名山,,,,TH-n1289867619(539m) TH-n1289893178(474m),operator=産交バス（株）; busType=民間路線バス; busRoutes=人吉産交～変電所～大谷～頭地,adopted,10,運行状況（季節運行・休止・予約制）を要確認,"国土数値情報（バス停留所データ）令和4年度（国土交通省）P11-22-43-bs4181（32.397340, 130.826619、JGD2011）を加工して作成",
BS-kP11-22-43-bs4182,bus_stop,五木役場前,32.397095,130.8275965,WGS84,911,仰烏帽子山,,九州百名山,,,,TH-n1289867619(609m) TH-n1289893178(482m),operator=産交バス（株）; busType=民間路線バス; busRoutes=人吉産交～変電所～大谷～頭地,adopted,10,運行状況（季節運行・休止・予約制）を要確認、登山口から離れている（徒歩アプローチを要確認）,"国土数値情報（バス停留所データ）令和4年度（国土交通省）P11-22-43-bs4182（32.397095, 130.827596、JGD2011）を加工して作成",
BS-kP11-22-43-bs4190,bus_stop,頭地代替地,32.3959054,130.8270107,WGS84,911,仰烏帽子山,,九州百名山,,,,TH-n1289867619(515m) TH-n1289893178(340m),operator=産交バス（株）; busType=民間路線バス; busRoutes=人吉産交～変電所～大谷～頭地,adopted,10,運行状況（季節運行・休止・予約制）を要確認,"国土数値情報（バス停留所データ）令和4年度（国土交通省）P11-22-43-bs4190（32.395905, 130.827011、JGD2011）を加工して作成",
BS-kP11-22-43-bs4229,bus_stop,下谷（国道）,32.3851119,130.8350739,WGS84,911,仰烏帽子山,,九州百名山,,,,TH-n1289880648(982m),operator=産交バス（株）; busType=民間路線バス; busRoutes=人吉産交～変電所～大谷～頭地,adopted,10,運行状況（季節運行・休止・予約制）を要確認、登山口から離れている（徒歩アプローチを要確認）,"国土数値情報（バス停留所データ）令和4年度（国土交通省）P11-22-43-bs4229（32.385112, 130.835074、JGD2011）を加工して作成",
BS-kP11-22-43-bs4248,bus_stop,三方谷（国道五木）,32.3763778,130.8381142,WGS84,911,仰烏帽子山,,九州百名山,,,,TH-n1289880648(242m),operator=産交バス（株）; busType=民間路線バス; busRoutes=人吉産交～変電所～大谷～頭地,adopted,10,運行状況（季節運行・休止・予約制）を要確認,"国土数値情報（バス停留所データ）令和4年度（国土交通省）P11-22-43-bs4248（32.376378, 130.838114、JGD2011）を加工して作成",
BS-kP11-22-43-bs4260,bus_stop,大平（国道五木）,32.3704985,130.8361144,WGS84,911,仰烏帽子山,,九州百名山,,,,TH-kP11-22-43-bs4283(773m) TH-n1289880648(637m),operator=産交バス（株）; busType=民間路線バス; busRoutes=人吉産交～変電所～大谷～頭地,adopted,10,運行状況（季節運行・休止・予約制）を要確認、登山口から離れている（徒歩アプローチを要確認）,"国土数値情報（バス停留所データ）令和4年度（国土交通省）P11-22-43-bs4260（32.370498, 130.836114、JGD2011）を加工して作成",
BS-kP11-22-43-bs4283,bus_stop,野々脇,32.3636701,130.8378716,WGS84,911,仰烏帽子山,,九州百名山,,,,TH-kP11-22-43-bs4283(0m),operator=産交バス（株）; busType=民間路線バス; busRoutes=人吉産交～変電所～大谷～頭地,adopted,10,運行状況（季節運行・休止・予約制）を要確認,"国土数値情報（バス停留所データ）令和4年度（国土交通省）P11-22-43-bs4283（32.363670, 130.837872、JGD2011）を加工して作成",
BS-kP11-22-43-bs4290,bus_stop,野々脇住宅前,32.3622784,130.8433705,WGS84,911,仰烏帽子山,,九州百名山,,,,TH-kP11-22-43-bs4283(539m),operator=産交バス（株）; busType=民間路線バス; busRoutes=人吉産交～変電所～大谷～頭地,adopted,10,運行状況（季節運行・休止・予約制）を要確認,"国土数値情報（バス停留所データ）令和4年度（国土交通省）P11-22-43-bs4290（32.362278, 130.843370、JGD2011）を加工して作成",
BS-kP11-22-43-bs5215,bus_stop,招川内,32.1276986,130.4197905,WGS84,917,矢筈岳,,九州百名山,,,,TH-n1382721419(468m),operator=水俣市; busType=コミュニティバス; busRoutes=茂道・湯の鶴線,adopted,10,運行状況（季節運行・休止・予約制）を要確認,"国土数値情報（バス停留所データ）令和4年度（国土交通省）P11-22-43-bs5215（32.127699, 130.419790、JGD2011）を加工して作成",
BS-kP11-22-43-bs978,bus_stop,草千里阿蘇火山博物館前,32.8851299,131.0528246,WGS84,10390 10389,,杵島岳、往生岳,,,,,TH-gsi-kishimadake-kusasenri(238m),operator=産交バス（株）; busType=民間路線バス; busRoutes=8：阿蘇駅前～野営場前～草千里～阿蘇山上ターミナル,adopted,10,運行状況（季節運行・休止・予約制）を要確認,"国土数値情報（バス停留所データ）令和4年度（国土交通省）P11-22-43-bs978（32.885130, 131.052825、JGD2011）を加工して作成",
BS-kP11-22-43-bs981,bus_stop,ヘリポート前,32.8842977,131.0641909,WGS84,10390 10389,,杵島岳、往生岳,,,,,TH-gsi-kishimadake-kusasenri(882m),operator=産交バス（株）; busType=民間路線バス; busRoutes=8：阿蘇駅前～野営場前～草千里～阿蘇山上ターミナル,adopted,10,運行状況（季節運行・休止・予約制）を要確認、登山口から離れている（徒歩アプローチを要確認）,"国土数値情報（バス停留所データ）令和4年度（国土交通省）P11-22-43-bs981（32.884298, 131.064191、JGD2011）を加工して作成 ｜ OpenStreetMap（© OpenStreetMap contributors, ODbL 1.0）Geofabrik japan-latest.osm.pbf 2026-09-30T20:22:42Z node/12729598391",
BS-kP11-22-44-bs1167,bus_stop,松尾,33.5008583,131.4410852,WGS84,827,津波戸山,,九州百名山,,,,TH-n1308739145(735m),operator=杵築市; busType=コミュニティバス; busRoutes=立石向野線,adopted,10,運行状況（季節運行・休止・予約制）を要確認、登山口から離れている（徒歩アプローチを要確認）,"国土数値情報（バス停留所データ）令和4年度（国土交通省）P11-22-44-bs1167（33.500858, 131.441085、JGD2011）を加工して作成",
BS-kP11-22-44-bs1170,bus_stop,仏供,33.500506,131.4502096,WGS84,827,津波戸山,,九州百名山,,,,TH-n1308739145(642m),operator=杵築市; busType=コミュニティバス; busRoutes=立石向野線,adopted,10,運行状況（季節運行・休止・予約制）を要確認、登山口から離れている（徒歩アプローチを要確認）,"国土数値情報（バス停留所データ）令和4年度（国土交通省）P11-22-44-bs1170（33.500506, 131.450210、JGD2011）を加工して作成",
BS-kP11-22-44-bs1181,bus_stop,森の木,33.499717,131.0392404,WGS84,828,犬ガ岳,,九州百名山,,,,TH-n1299215025(88m),operator=大分交通（株）; busType=民間路線バス; busRoutes=津民,adopted,10,運行状況（季節運行・休止・予約制）を要確認,"国土数値情報（バス停留所データ）令和4年度（国土交通省）P11-22-44-bs1181（33.499717, 131.039240、JGD2011）を加工して作成",
BS-kP11-22-44-bs1182,bus_stop,森の木,33.499717,131.0392404,WGS84,828,犬ガ岳,,九州百名山,,,,TH-n1299215025(88m),operator=中津市; busType=コミュニティバス; busRoutes=中津市コミュニティバス　耶馬溪・川原口線 / 中津市コミュニティバス　耶馬溪・津民線,adopted,10,運行状況（季節運行・休止・予約制）を要確認,"国土数値情報（バス停留所データ）令和4年度（国土交通省）P11-22-44-bs1182（33.499717, 131.039240、JGD2011）を加工して作成",
BS-kP11-22-44-bs1186,bus_stop,小屋の原,33.4994907,131.0416205,WGS84,828,犬ガ岳,,九州百名山,,,,TH-n1299215025(176m),operator=大分交通（株）; busType=民間路線バス; busRoutes=津民,adopted,10,運行状況（季節運行・休止・予約制）を要確認,"国土数値情報（バス停留所データ）令和4年度（国土交通省）P11-22-44-bs1186（33.499491, 131.041620、JGD2011）を加工して作成",
BS-kP11-22-44-bs1188,bus_stop,相の原,33.4992741,131.0275976,WGS84,828,犬ガ岳,,九州百名山,,,,TH-n1299211926(598m),operator=大分交通（株）; busType=民間路線バス; busRoutes=津民,adopted,10,運行状況（季節運行・休止・予約制）を要確認,"国土数値情報（バス停留所データ）令和4年度（国土交通省）P11-22-44-bs1188（33.499274, 131.027598、JGD2011）を加工して作成",
BS-kP11-22-44-bs1189,bus_stop,相の原,33.4992741,131.0275976,WGS84,828,犬ガ岳,,九州百名山,,,,TH-n1299211926(598m),operator=中津市; busType=コミュニティバス; busRoutes=中津市コミュニティバス　耶馬溪・川原口線 / 中津市コミュニティバス　耶馬溪・津民線,adopted,10,運行状況（季節運行・休止・予約制）を要確認,"国土数値情報（バス停留所データ）令和4年度（国土交通省）P11-22-44-bs1189（33.499274, 131.027598、JGD2011）を加工して作成",
BS-kP11-22-44-bs1511,bus_stop,柚ノ迫,33.466696,131.5310351,WGS84,831,田原山,,九州百名山,,,,TH-n2027146038(829m),operator=杵築市; busType=コミュニティバス; busRoutes=上畑・小武線,adopted,10,運行状況（季節運行・休止・予約制）を要確認、登山口から離れている（徒歩アプローチを要確認）,"国土数値情報（バス停留所データ）令和4年度（国土交通省）P11-22-44-bs1511（33.466696, 131.531035、JGD2011）を加工して作成",
BS-kP11-22-44-bs1634,bus_stop,仙人入口,33.4535182,131.2616347,WGS84,842,鹿嵐山,,九州百名山,,,,TH-n1301389970(826m),operator=宇佐市; busType=コミュニティバス; busRoutes=上麻生線,adopted,10,運行状況（季節運行・休止・予約制）を要確認、登山口から離れている（徒歩アプローチを要確認）,"国土数値情報（バス停留所データ）令和4年度（国土交通省）P11-22-44-bs1634（33.453518, 131.261635、JGD2011）を加工して作成",
BS-kP11-22-44-bs1772,bus_stop,小野川内田平,33.4410282,131.2593544,WGS84,842,鹿嵐山,,九州百名山,,,,TH-n2558335762(568m) TH-n1301371344(527m) TH-gsi-kanarase-2(114m),operator=宇佐市; busType=コミュニティバス; busRoutes=高並線,adopted,10,運行状況（季節運行・休止・予約制）を要確認,"国土数値情報（バス停留所データ）令和4年度（国土交通省）P11-22-44-bs1772（33.441028, 131.259354、JGD2011）を加工して作成",
BS-kP11-22-44-bs1821,bus_stop,落合橋,33.4375064,131.2735469,WGS84,842,鹿嵐山,,九州百名山,,,,TH-n2558335762(831m),operator=宇佐市; busType=コミュニティバス; busRoutes=高並線,adopted,10,運行状況（季節運行・休止・予約制）を要確認、登山口から離れている（徒歩アプローチを要確認）,"国土数値情報（バス停留所データ）令和4年度（国土交通省）P11-22-44-bs1821（33.437506, 131.273547、JGD2011）を加工して作成",
BS-kP11-22-44-bs3047,bus_stop,照湯,33.3098946,131.461658,WGS84,848,鶴見岳,,日本三百名山|九州百名山,,,,TH-n4139393725(984m),operator=亀の井バス（株）; busType=民間路線バス; busRoutes=5　野口原経由APU線 / 24　新港町経由APU線 / 41　サファリ線,adopted,10,運行状況（季節運行・休止・予約制）を要確認、登山口から離れている（徒歩アプローチを要確認）,"国土数値情報（バス停留所データ）令和4年度（国土交通省）P11-22-44-bs3047（33.309895, 131.461658、JGD2011）を加工して作成 ｜ OpenStreetMap（© OpenStreetMap contributors, ODbL 1.0）Geofabrik japan-latest.osm.pbf 2026-09-30T20:22:42Z node/3742393600",
BS-kP11-22-44-bs3121,bus_stop,扇山団地,33.3032846,131.4650102,WGS84,848,鶴見岳,,日本三百名山|九州百名山,,,,TH-kP11-22-44-bs3148(430m),operator=亀の井バス（株）; busType=民間路線バス; busRoutes=3扇山線,adopted,10,運行状況（季節運行・休止・予約制）を要確認,"国土数値情報（バス停留所データ）令和4年度（国土交通省）P11-22-44-bs3121（33.303285, 131.465010、JGD2011）を加工して作成",
BS-kP11-22-44-bs3141,bus_stop,扇山団地入口,33.3016285,131.4619991,WGS84,848,鶴見岳,,日本三百名山|九州百名山,,,,TH-kP11-22-44-bs3148(99m) TH-n2148643377(581m) TH-n4139393725(994m),operator=亀の井バス（株）; busType=民間路線バス; busRoutes=3扇山線,adopted,10,運行状況（季節運行・休止・予約制）を要確認、登山口から離れている（徒歩アプローチを要確認）,"国土数値情報（バス停留所データ）令和4年度（国土交通省）P11-22-44-bs3141（33.301629, 131.461999、JGD2011）を加工して作成",
BS-kP11-22-44-bs3148,bus_stop,ゴルフ場入口,33.3009517,131.4613056,WGS84,848,鶴見岳,,日本三百名山|九州百名山,,,,TH-kP11-22-44-bs3148(0m) TH-n2148643377(503m) TH-n4139393725(973m),operator=亀の井バス（株）; busType=民間路線バス; busRoutes=3扇山線,adopted,10,運行状況（季節運行・休止・予約制）を要確認、登山口から離れている（徒歩アプローチを要確認）,"国土数値情報（バス停留所データ）令和4年度（国土交通省）P11-22-44-bs3148（33.300952, 131.461306、JGD2011）を加工して作成",
BS-kP11-22-44-bs3194,bus_stop,自衛隊前,33.2962771,131.4609406,WGS84,848,鶴見岳,,日本三百名山|九州百名山,,,,TH-n1712254871(830m) TH-n2148643377(645m),operator=亀の井バス（株）; busType=民間路線バス; busRoutes=3扇山線,adopted,10,運行状況（季節運行・休止・予約制）を要確認、登山口から離れている（徒歩アプローチを要確認）,"国土数値情報（バス停留所データ）令和4年度（国土交通省）P11-22-44-bs3194（33.296277, 131.460941、JGD2011）を加工して作成 ｜ OpenStreetMap（© OpenStreetMap contributors, ODbL 1.0）Geofabrik japan-latest.osm.pbf 2026-09-30T20:22:42Z node/7018657290",
BS-kP11-22-44-bs3265,bus_stop,恵下,33.2898625,131.4562886,WGS84,848,鶴見岳,,日本三百名山|九州百名山,,,,TH-n1712254871(913m),operator=亀の井バス（株）; busType=民間路線バス; busRoutes=36　湯布院線,adopted,10,運行状況（季節運行・休止・予約制）を要確認、登山口から離れている（徒歩アプローチを要確認）,"国土数値情報（バス停留所データ）令和4年度（国土交通省）P11-22-44-bs3265（33.289862, 131.456289、JGD2011）を加工して作成",
BS-kP11-22-44-bs3411,bus_stop,別府ロープウェイ,33.2778499,131.4482627,WGS84,848,鶴見岳,,日本三百名山|九州百名山,,,,TH-n2193710763(480m),operator=亀の井バス（株）; busType=民間路線バス; busRoutes=36　湯布院線,adopted,10,運行状況（季節運行・休止・予約制）を要確認,"国土数値情報（バス停留所データ）令和4年度（国土交通省）P11-22-44-bs3411（33.277850, 131.448263、JGD2011）を加工して作成",
BS-kP11-22-44-bs3443,bus_stop,旗の台,33.2746716,131.4448168,WGS84,848,鶴見岳,,日本三百名山|九州百名山,,,,TH-n1744178824(580m) TH-n2193710763(5m) TH-gsi-mitake-gongen(986m),operator=亀の井バス（株）; busType=民間路線バス; busRoutes=36　湯布院線,adopted,10,運行状況（季節運行・休止・予約制）を要確認、登山口から離れている（徒歩アプローチを要確認）,"国土数値情報（バス停留所データ）令和4年度（国土交通省）P11-22-44-bs3443（33.274672, 131.444817、JGD2011）を加工して作成",
BS-kP11-22-44-bs3474,bus_stop,佐土原,33.2710637,131.3628018,WGS84,849,由布岳,,日本二百名山|日本三百名山|九州百名山,,,,TH-n1307439394(628m) TH-n1307439394(628m),operator=由布市; busType=コミュニティバス; busRoutes=スクールバス塚原コース / 塚原コース,adopted,10,運行状況（季節運行・休止・予約制）を要確認、登山口から離れている（徒歩アプローチを要確認）,"国土数値情報（バス停留所データ）令和4年度（国土交通省）P11-22-44-bs3474（33.271064, 131.362802、JGD2011）を加工して作成 ｜ OpenStreetMap（© OpenStreetMap contributors, ODbL 1.0）Geofabrik japan-latest.osm.pbf 2026-09-30T20:22:42Z node/9892437622",
BS-kP11-22-44-bs3480,bus_stop,トンネル口,33.2700457,131.4352499,WGS84,848,鶴見岳,,日本三百名山|九州百名山,,,,TH-kP11-22-44-bs3480(0m) TH-n1744178824(457m) TH-gsi-mitake-gongen(661m),operator=亀の井バス（株）; busType=民間路線バス; busRoutes=36　湯布院線,adopted,10,運行状況（季節運行・休止・予約制）を要確認、登山口から離れている（徒歩アプローチを要確認）,"国土数値情報（バス停留所データ）令和4年度（国土交通省）P11-22-44-bs3480（33.270046, 131.435250、JGD2011）を加工して作成",
BS-kP11-22-44-bs3481,bus_stop,鳥居,33.2699625,131.4424094,WGS84,848,鶴見岳,,日本三百名山|九州百名山,,,,TH-kP11-22-44-bs3480(666m) TH-n1744178824(431m) TH-n2193710763(563m),operator=亀の井バス（株）; busType=民間路線バス; busRoutes=36　湯布院線,adopted,10,運行状況（季節運行・休止・予約制）を要確認、登山口から離れている（徒歩アプローチを要確認）,"国土数値情報（バス停留所データ）令和4年度（国土交通省）P11-22-44-bs3481（33.269963, 131.442409、JGD2011）を加工して作成",
BS-kP11-22-44-bs3482,bus_stop,片山,33.2697703,131.4303814,WGS84,848,鶴見岳,,日本三百名山|九州百名山,,,,TH-kP11-22-44-bs3480(454m) TH-gsi-mitake-gongen(778m),operator=亀の井バス（株）; busType=民間路線バス; busRoutes=36　湯布院線,adopted,10,運行状況（季節運行・休止・予約制）を要確認、登山口から離れている（徒歩アプローチを要確認）,"国土数値情報（バス停留所データ）令和4年度（国土交通省）P11-22-44-bs3482（33.269770, 131.430381、JGD2011）を加工して作成",
BS-kP11-22-44-bs3487,bus_stop,岳本,33.268853,131.3667465,WGS84,849,由布岳,,日本二百名山|日本三百名山|九州百名山,,,,TH-n1307439394(216m),operator=亀の井バス（株）; busType=民間路線バス; busRoutes=36　湯布院線,adopted,10,運行状況（季節運行・休止・予約制）を要確認,"国土数値情報（バス停留所データ）令和4年度（国土交通省）P11-22-44-bs3487（33.268853, 131.366747、JGD2011）を加工して作成",
BS-kP11-22-44-bs3506,bus_stop,由布登山口,33.2650936,131.3967977,WGS84,849,由布岳,,日本二百名山|日本三百名山|九州百名山,,,,TH-n4217635605(78m),operator=亀の井バス（株）; busType=民間路線バス; busRoutes=36　湯布院線,adopted,10,運行状況（季節運行・休止・予約制）を要確認,"国土数値情報（バス停留所データ）令和4年度（国土交通省）P11-22-44-bs3506（33.265094, 131.396798、JGD2011）を加工して作成 ｜ OpenStreetMap（© OpenStreetMap contributors, ODbL 1.0）Geofabrik japan-latest.osm.pbf 2026-09-30T20:22:42Z node/7247702685",
BS-kP11-22-44-bs3621,bus_stop,中台入口,33.2491975,131.5050741,WGS84,10379,,高崎山,,,,,TH-osm-w1421346967(923m),operator=由布市; busType=コミュニティバス; busRoutes=七蔵司コース,adopted,10,運行状況（季節運行・休止・予約制）を要確認、登山口から離れている（徒歩アプローチを要確認）,"国土数値情報（バス停留所データ）令和4年度（国土交通省）P11-22-44-bs3621（33.249198, 131.505074、JGD2011）を加工して作成",
BS-kP11-22-44-bs3718,bus_stop,米山,33.2432439,131.5220277,WGS84,10379,,高崎山,,,,,TH-osm-w1421346967(849m),operator=由布市; busType=コミュニティバス; busRoutes=七蔵司コース,adopted,10,運行状況（季節運行・休止・予約制）を要確認、登山口から離れている（徒歩アプローチを要確認）,"国土数値情報（バス停留所データ）令和4年度（国土交通省）P11-22-44-bs3718（33.243244, 131.522028、JGD2011）を加工して作成",
BS-kP11-22-44-bs5001,bus_stop,高津原［庄内町阿蘇野］,33.1250209,131.3235012,WGS84,861 862 863 865,黒岳、三俣山、大船山、九重山,,九州百名山|日本三百名山|日本百名山|日本二百名山,,,,TH-kP11-22-44-bs5015(609m),operator=由布市; busType=コミュニティバス; busRoutes=スクールバス阿蘇野コース / 阿蘇野コース,adopted,10,運行状況（季節運行・休止・予約制）を要確認、登山口から離れている（徒歩アプローチを要確認）,"国土数値情報（バス停留所データ）令和4年度（国土交通省）P11-22-44-bs5001（33.125021, 131.323501、JGD2011）を加工して作成",
BS-kP11-22-44-bs5014,bus_stop,阿蘇野,33.1235308,131.3276598,WGS84,861 862 863 865,黒岳、三俣山、大船山、九重山,,九州百名山|日本三百名山|日本百名山|日本二百名山,,,,TH-kP11-22-44-bs5015(972m),operator=由布市; busType=コミュニティバス; busRoutes=スクールバス阿蘇野コース / 阿蘇野コース,adopted,10,運行状況（季節運行・休止・予約制）を要確認、登山口から離れている（徒歩アプローチを要確認）,"国土数値情報（バス停留所データ）令和4年度（国土交通省）P11-22-44-bs5014（33.123531, 131.327660、JGD2011）を加工して作成",
BS-kP11-22-44-bs5015,bus_stop,所小野,33.1234823,131.3172335,WGS84,861 862 863 865,黒岳、三俣山、大船山、九重山,,九州百名山|日本三百名山|日本百名山|日本二百名山,,,,TH-kP11-22-44-bs5015(0m),operator=由布市; busType=コミュニティバス; busRoutes=スクールバス阿蘇野コース / 阿蘇野コース,adopted,10,運行状況（季節運行・休止・予約制）を要確認,"国土数値情報（バス停留所データ）令和4年度（国土交通省）P11-22-44-bs5015（33.123482, 131.317233、JGD2011）を加工して作成",
BS-kP11-22-44-bs5085,bus_stop,くじゅう登山口,33.1180156,131.2288977,WGS84,865 862 863 10386 10384 10387 10382,九重山、三俣山、大船山,中岳、星生山、扇ヶ鼻、平治岳,日本百名山|日本二百名山|日本三百名山|九州百名山,,,,TH-osm-n5518618755(17m),operator=亀の井バス（株）; busType=民間路線バス; busRoutes=37　牧の戸峠線,adopted,10,運行状況（季節運行・休止・予約制）を要確認,"国土数値情報（バス停留所データ）令和4年度（国土交通省）P11-22-44-bs5085（33.118016, 131.228898、JGD2011）を加工して作成",
BS-kP11-22-44-bs5096,bus_stop,九重登山口花山酔前,33.1169111,131.22814,WGS84,865 862 863 10386 10384 10387 10382,九重山、三俣山、大船山,中岳、星生山、扇ヶ鼻、平治岳,日本百名山|日本二百名山|日本三百名山|九州百名山,,,,TH-osm-n5518618755(126m),operator=亀の井バス（株）; busType=民間路線バス; busRoutes=37　牧の戸峠線,adopted,10,運行状況（季節運行・休止・予約制）を要確認,"国土数値情報（バス停留所データ）令和4年度（国土交通省）P11-22-44-bs5096（33.116911, 131.228140、JGD2011）を加工して作成",
BS-kP11-22-44-bs5123,bus_stop,寒の地獄,33.1136271,131.2269881,WGS84,865 862 863 10386 10384 10387 10382,九重山、三俣山、大船山,中岳、星生山、扇ヶ鼻、平治岳,日本百名山|日本二百名山|日本三百名山|九州百名山,,,,TH-osm-n5518618755(503m),operator=亀の井バス（株）; busType=民間路線バス; busRoutes=37　牧の戸峠線,adopted,10,運行状況（季節運行・休止・予約制）を要確認,"国土数値情報（バス停留所データ）令和4年度（国土交通省）P11-22-44-bs5123（33.113627, 131.226988、JGD2011）を加工して作成",
BS-kP11-22-44-bs5151,bus_stop,くじゅう温泉やまなみ荘前,33.1093901,131.2228128,WGS84,861 862 863 865,黒岳、三俣山、大船山、九重山,,九州百名山|日本三百名山|日本百名山|日本二百名山,,,,TH-n1743984459(964m),operator=亀の井バス（株）; busType=民間路線バス; busRoutes=37　牧の戸峠線,adopted,10,運行状況（季節運行・休止・予約制）を要確認、登山口から離れている（徒歩アプローチを要確認）,"国土数値情報（バス停留所データ）令和4年度（国土交通省）P11-22-44-bs5151（33.109390, 131.222813、JGD2011）を加工して作成",
BS-kP11-22-44-bs5197,bus_stop,牧の戸峠,33.0962705,131.2082956,WGS84,861 862 863 865 10385 10383,黒岳、三俣山、大船山、九重山,猟師山、合頭山,九州百名山|日本三百名山|日本百名山|日本二百名山,,,,TH-n1308423597(16m) TH-gsi-ryoshiyama-aitozan(754m),operator=亀の井バス（株）; busType=民間路線バス; busRoutes=37　牧の戸峠線,adopted,10,運行状況（季節運行・休止・予約制）を要確認、登山口から離れている（徒歩アプローチを要確認）,"国土数値情報（バス停留所データ）令和4年度（国土交通省）P11-22-44-bs5197（33.096271, 131.208296、JGD2011）を加工して作成",
BS-kP11-22-44-bs6688,bus_stop,松浦越,32.9266418,131.9501124,WGS84,872,元越山,,九州百名山,,,,TH-n1292658712(326m) TH-n1292658712(326m),operator=佐伯市; busType=コミュニティバス; busRoutes=米水津線; network=佐伯市コミュニティバス,adopted,10,運行状況（季節運行・休止・予約制）を要確認,"国土数値情報（バス停留所データ）令和4年度（国土交通省）P11-22-44-bs6688（32.926642, 131.950112、JGD2011）を加工して作成 ｜ OpenStreetMap（© OpenStreetMap contributors, ODbL 1.0）Geofabrik japan-latest.osm.pbf 2026-09-30T20:22:42Z node/9129587252",
BS-kP11-22-44-bs6696,bus_stop,大野,32.9252814,131.9434493,WGS84,872,元越山,,九州百名山,,,,TH-n1724765592(899m),operator=佐伯市; busType=コミュニティバス; busRoutes=米水津線 / 青山経由浦江線,adopted,10,運行状況（季節運行・休止・予約制）を要確認、登山口から離れている（徒歩アプローチを要確認）,"国土数値情報（バス停留所データ）令和4年度（国土交通省）P11-22-44-bs6696（32.925281, 131.943449、JGD2011）を加工して作成",
BS-kP11-22-44-bs6699,bus_stop,原,32.9250488,131.9399307,WGS84,872,元越山,,九州百名山,,,,TH-n1724765592(815m),operator=佐伯市; busType=コミュニティバス; busRoutes=米水津線,adopted,10,運行状況（季節運行・休止・予約制）を要確認、登山口から離れている（徒歩アプローチを要確認）,"国土数値情報（バス停留所データ）令和4年度（国土交通省）P11-22-44-bs6699（32.925049, 131.939931、JGD2011）を加工して作成",
BS-kP11-22-44-bs6720,bus_stop,木場,32.9219248,131.9725955,WGS84,872,元越山,,九州百名山,,,,TH-n1292680956(986m),operator=佐伯市; busType=コミュニティバス; busRoutes=米水津線 / 米水津・鶴見線,adopted,10,運行状況（季節運行・休止・予約制）を要確認、登山口から離れている（徒歩アプローチを要確認）,"国土数値情報（バス停留所データ）令和4年度（国土交通省）P11-22-44-bs6720（32.921925, 131.972596、JGD2011）を加工して作成",
BS-kP11-22-44-bs6727,bus_stop,米水津振興局,32.9209866,131.9754228,WGS84,872,元越山,,九州百名山,,,,TH-n1292616766(651m),operator=佐伯市; busType=コミュニティバス; busRoutes=米水津線 / 米水津・鶴見線,adopted,10,運行状況（季節運行・休止・予約制）を要確認、登山口から離れている（徒歩アプローチを要確認）,"国土数値情報（バス停留所データ）令和4年度（国土交通省）P11-22-44-bs6727（32.920987, 131.975423、JGD2011）を加工して作成",
BS-kP11-22-44-bs6736,bus_stop,田鶴音,32.9174471,131.9786379,WGS84,872,元越山,,九州百名山,,,,TH-n1292616766(161m),operator=佐伯市; busType=コミュニティバス; busRoutes=米水津線 / 米水津・鶴見線,adopted,10,運行状況（季節運行・休止・予約制）を要確認,"国土数値情報（バス停留所データ）令和4年度（国土交通省）P11-22-44-bs6736（32.917447, 131.978638、JGD2011）を加工して作成",
BS-kP11-22-44-bs6745,bus_stop,米水津中学校前,32.9157829,131.9804389,WGS84,872,元越山,,九州百名山,,,,TH-n1292616766(108m),operator=佐伯市; busType=コミュニティバス; busRoutes=米水津線 / 米水津・鶴見線,adopted,10,運行状況（季節運行・休止・予約制）を要確認,"国土数値情報（バス停留所データ）令和4年度（国土交通省）P11-22-44-bs6745（32.915783, 131.980439、JGD2011）を加工して作成",
BS-kP11-22-44-bs6802,bus_stop,宮の下,32.8941557,131.9845308,WGS84,872,元越山,,九州百名山,,,,TH-n1720482527(367m),operator=佐伯市; busType=コミュニティバス; busRoutes=米水津線 / 米水津・鶴見線,adopted,10,運行状況（季節運行・休止・予約制）を要確認,"国土数値情報（バス停留所データ）令和4年度（国土交通省）P11-22-44-bs6802（32.894156, 131.984531、JGD2011）を加工して作成",
BS-kP11-22-44-bs6806,bus_stop,色利,32.8920631,131.984667,WGS84,872,元越山,,九州百名山,,,,TH-n1720482527(445m),operator=佐伯市; busType=コミュニティバス; busRoutes=米水津線 / 米水津・鶴見線,adopted,10,運行状況（季節運行・休止・予約制）を要確認,"国土数値情報（バス停留所データ）令和4年度（国土交通省）P11-22-44-bs6806（32.892063, 131.984667、JGD2011）を加工して作成",
BS-kP11-22-44-bs6809,bus_stop,古庵,32.8904438,131.9846095,WGS84,872,元越山,,九州百名山,,,,TH-n1720482527(556m),operator=佐伯市; busType=コミュニティバス; busRoutes=米水津線 / 米水津・鶴見線,adopted,10,運行状況（季節運行・休止・予約制）を要確認,"国土数値情報（バス停留所データ）令和4年度（国土交通省）P11-22-44-bs6809（32.890444, 131.984610、JGD2011）を加工して作成",
BS-kP11-22-44-bs6842,bus_stop,傾山登山口,32.8673691,131.4304357,WGS84,877,大障子,,九州百名山,,,,TH-n1299043704(354m),operator=豊後大野市; busType=公営路線バス; busRoutes=長谷川線,adopted,10,運行状況（季節運行・休止・予約制）を要確認,"国土数値情報（バス停留所データ）令和4年度（国土交通省）P11-22-44-bs6842（32.867369, 131.430436、JGD2011）を加工して作成",
BS-kP11-22-44-bs6850,bus_stop,上畑,32.8625489,131.4297759,WGS84,877,大障子,,九州百名山,,,,TH-n1299043704(676m),operator=豊後大野市; busType=公営路線バス; busRoutes=長谷川線,adopted,10,運行状況（季節運行・休止・予約制）を要確認、登山口から離れている（徒歩アプローチを要確認）,"国土数値情報（バス停留所データ）令和4年度（国土交通省）P11-22-44-bs6850（32.862549, 131.429776、JGD2011）を加工して作成",
BS-kP11-22-44-bs6920,bus_stop,尾平鉱山,32.8216353,131.3880731,WGS84,857 876 877 881 882,障子岳、越敷岳、大障子、祖母山、古祖母山,,九州百名山|日本百名山|日本二百名山|日本三百名山,,,,TH-n5506533421(7m),operator=豊後大野市; busType=公営路線バス; busRoutes=長谷川線,adopted,10,運行状況（季節運行・休止・予約制）を要確認,"国土数値情報（バス停留所データ）令和4年度（国土交通省）P11-22-44-bs6920（32.821635, 131.388073、JGD2011）を加工して作成 ｜ OpenStreetMap（© OpenStreetMap contributors, ODbL 1.0）Geofabrik japan-latest.osm.pbf 2026-09-30T20:22:42Z node/5506533421",
BS-kP11-22-45-bs2406,bus_stop,えびの高原,31.9455805,130.843048,WGS84,919 920,白鳥山（霧島山）、霧島山,,九州百名山|日本百名山|日本二百名山|日本三百名山,,,,TH-n8148255443(125m) TH-n1905402903(187m) TH-n585187157(932m) TH-n11193529936(295m) TH-n5323909139(726m),operator=鹿児島交通（株）; busType=民間路線バス; busRoutes=丸尾～高千穂河原～丸尾,adopted,10,運行状況（季節運行・休止・予約制）を要確認、登山口から離れている（徒歩アプローチを要確認）,"国土数値情報（バス停留所データ）令和4年度（国土交通省）P11-22-45-bs2406（31.945580, 130.843048、JGD2011）を加工して作成",
BS-kP11-22-45-bs2418,bus_stop,つつじケ丘,31.9437865,130.8422082,WGS84,919 920,白鳥山（霧島山）、霧島山,,九州百名山|日本百名山|日本二百名山|日本三百名山,,,,TH-n8148255443(264m) TH-n1905402903(319m) TH-n11193529936(84m) TH-n5323909139(841m),operator=鹿児島交通（株）; busType=民間路線バス; busRoutes=丸尾～高千穂河原～丸尾,adopted,10,運行状況（季節運行・休止・予約制）を要確認、登山口から離れている（徒歩アプローチを要確認）,"国土数値情報（バス停留所データ）令和4年度（国土交通省）P11-22-45-bs2418（31.943786, 130.842208、JGD2011）を加工して作成 ｜ OpenStreetMap（© OpenStreetMap contributors, ODbL 1.0）Geofabrik japan-latest.osm.pbf 2026-09-30T20:22:42Z node/8153434054",
BS-kP11-22-45-bs2794,bus_stop,後原,31.8966878,130.9688322,WGS84,921,高千穂峰,,日本二百名山|日本三百名山|九州百名山,,,,TH-kP11-22-45-bs2813(381m) TH-n1870976363(614m),operator=宮崎交通（株）; busType=民間路線バス; busRoutes=祓川～広原・前野～小林駅,adopted,10,運行状況（季節運行・休止・予約制）を要確認、登山口から離れている（徒歩アプローチを要確認）,"国土数値情報（バス停留所データ）令和4年度（国土交通省）P11-22-45-bs2794（31.896688, 130.968832、JGD2011）を加工して作成",
BS-kP11-22-45-bs2813,bus_stop,祓川,31.8933312,130.9679302,WGS84,921,高千穂峰,,日本二百名山|日本三百名山|九州百名山,,,,TH-kP11-22-45-bs2813(0m) TH-n1870976363(400m) TH-n1870975552(751m) TH-n1870975951(686m),operator=宮崎交通（株）; busType=民間路線バス; busRoutes=祓川～広原・前野～小林駅,adopted,10,運行状況（季節運行・休止・予約制）を要確認、登山口から離れている（徒歩アプローチを要確認）,"国土数値情報（バス停留所データ）令和4年度（国土交通省）P11-22-45-bs2813（31.893331, 130.967930、JGD2011）を加工して作成",
BS-kP11-22-45-bs2814,bus_stop,祓川,31.8933312,130.9679302,WGS84,921,高千穂峰,,日本二百名山|日本三百名山|九州百名山,,,,TH-kP11-22-45-bs2813(0m) TH-n1870976363(400m) TH-n1870975552(751m) TH-n1870975951(686m),operator=高原町; busType=コミュニティバス; busRoutes=祓川線,adopted,10,運行状況（季節運行・休止・予約制）を要確認、登山口から離れている（徒歩アプローチを要確認）,"国土数値情報（バス停留所データ）令和4年度（国土交通省）P11-22-45-bs2814（31.893331, 130.967930、JGD2011）を加工して作成",
BS-kP11-22-45-bs315,bus_stop,可愛,32.6571341,131.6896667,WGS84,894,可愛岳,,九州百名山,,,,TH-n10316202019(447m),operator=宮崎交通（株）; busType=民間路線バス; busRoutes=延岡駅～熊田,adopted,10,運行状況（季節運行・休止・予約制）を要確認,"国土数値情報（バス停留所データ）令和4年度（国土交通省）P11-22-45-bs315（32.657134, 131.689667、JGD2011）を加工して作成",
BS-kP11-22-45-bs326,bus_stop,俵野,32.6507038,131.6907103,WGS84,894,可愛岳,,九州百名山,,,,TH-n10316202019(376m),operator=宮崎交通（株）; busType=民間路線バス; busRoutes=延岡駅～熊田,adopted,10,運行状況（季節運行・休止・予約制）を要確認,"国土数値情報（バス停留所データ）令和4年度（国土交通省）P11-22-45-bs326（32.650704, 131.690710、JGD2011）を加工して作成",
BS-kP11-22-45-bs336,bus_stop,三足,32.6444389,131.6890135,WGS84,894,可愛岳,,九州百名山,,,,TH-n10316202019(984m),operator=宮崎交通（株）; busType=民間路線バス; busRoutes=延岡駅～熊田,adopted,10,運行状況（季節運行・休止・予約制）を要確認、登山口から離れている（徒歩アプローチを要確認）,"国土数値情報（バス停留所データ）令和4年度（国土交通省）P11-22-45-bs336（32.644439, 131.689014、JGD2011）を加工して作成",
BS-kP11-22-45-bs345,bus_stop,桑平,32.6371698,131.6263655,WGS84,898,行縢山,,九州百名山,,,,TH-n1388088313(977m),operator=宮崎交通（株）; busType=民間路線バス; busRoutes=延岡駅～延岡共立病院・鹿狩瀬・桑平～祝子川温泉,adopted,10,運行状況（季節運行・休止・予約制）を要確認、登山口から離れている（徒歩アプローチを要確認）,"国土数値情報（バス停留所データ）令和4年度（国土交通省）P11-22-45-bs345（32.637170, 131.626365、JGD2011）を加工して作成",
BS-kP11-22-45-bs350,bus_stop,妙,32.6314299,131.6264671,WGS84,898,行縢山,,九州百名山,,,,TH-n1388088313(945m),operator=宮崎交通（株）; busType=民間路線バス; busRoutes=延岡駅～延岡共立病院・鹿狩瀬・桑平～祝子川温泉,adopted,10,運行状況（季節運行・休止・予約制）を要確認、登山口から離れている（徒歩アプローチを要確認）,"国土数値情報（バス停留所データ）令和4年度（国土交通省）P11-22-45-bs350（32.631430, 131.626467、JGD2011）を加工して作成",
BS-kP11-22-45-bs356,bus_stop,学校下,32.6282088,131.6235923,WGS84,898,行縢山,,九州百名山,,,,TH-n1388088313(885m),operator=宮崎交通（株）; busType=民間路線バス; busRoutes=延岡駅～延岡共立病院・鹿狩瀬・桑平～祝子川温泉,adopted,10,運行状況（季節運行・休止・予約制）を要確認、登山口から離れている（徒歩アプローチを要確認）,"国土数値情報（バス停留所データ）令和4年度（国土交通省）P11-22-45-bs356（32.628209, 131.623592、JGD2011）を加工して作成",
BS-kP11-22-45-bs375,bus_stop,行縢山登山口,32.6175959,131.5783815,WGS84,898,行縢山,,九州百名山,,,,TH-n1388077944(200m) TH-n1388082546(569m),operator=宮崎交通（株）; busType=民間路線バス; busRoutes=延岡駅～行縢山登山口,adopted,10,運行状況（季節運行・休止・予約制）を要確認,"国土数値情報（バス停留所データ）令和4年度（国土交通省）P11-22-45-bs375（32.617596, 131.578382、JGD2011）を加工して作成",
BS-kP11-22-46-bs1813,bus_stop,大浪池登山口,31.915045,130.8404604,WGS84,920,霧島山,,日本百名山|日本二百名山|日本三百名山|九州百名山,,,,TH-n1929867191(78m),operator=鹿児島交通（株）; busType=民間路線バス; busRoutes=丸尾～高千穂河原～丸尾,adopted,10,運行状況（季節運行・休止・予約制）を要確認,"国土数値情報（バス停留所データ）令和4年度（国土交通省）P11-22-46-bs1813（31.915045, 130.840460、JGD2011）を加工して作成",
BS-kP11-22-46-bs1895,bus_stop,新湯展望台,31.9031177,130.8513977,WGS84,920,霧島山,,日本百名山|日本二百名山|日本三百名山|九州百名山,,,,TH-n1383946646(228m),operator=鹿児島交通（株）; busType=民間路線バス; busRoutes=丸尾～高千穂河原～丸尾,adopted,10,運行状況（季節運行・休止・予約制）を要確認,"国土数値情報（バス停留所データ）令和4年度（国土交通省）P11-22-46-bs1895（31.903118, 130.851398、JGD2011）を加工して作成",
BS-kP11-22-46-bs1931,bus_stop,新湯温泉,31.8997696,130.8541876,WGS84,920,霧島山,,日本百名山|日本二百名山|日本三百名山|九州百名山,,,,TH-n1383946646(681m),operator=鹿児島交通（株）; busType=民間路線バス; busRoutes=丸尾～高千穂河原～丸尾,adopted,10,運行状況（季節運行・休止・予約制）を要確認、登山口から離れている（徒歩アプローチを要確認）,"国土数値情報（バス停留所データ）令和4年度（国土交通省）P11-22-46-bs1931（31.899770, 130.854188、JGD2011）を加工して作成",
BS-kP11-22-46-bs1932,bus_stop,新湯温泉入口,31.899716,130.8522196,WGS84,920,霧島山,,日本百名山|日本二百名山|日本三百名山|九州百名山,,,,TH-n1383946646(606m),operator=鹿児島交通（株）; busType=民間路線バス; busRoutes=丸尾～高千穂河原～丸尾,adopted,10,運行状況（季節運行・休止・予約制）を要確認、登山口から離れている（徒歩アプローチを要確認）,"国土数値情報（バス停留所データ）令和4年度（国土交通省）P11-22-46-bs1932（31.899716, 130.852220、JGD2011）を加工して作成",
BS-kP11-22-46-bs2032,bus_stop,高千穂河原,31.8850576,130.8954102,WGS84,921,高千穂峰,,日本二百名山|日本三百名山|九州百名山,,,,TH-kP11-22-46-bs2032(0m),operator=鹿児島交通（株）; busType=民間路線バス; busRoutes=丸尾～高千穂河原～丸尾,adopted,10,運行状況（季節運行・休止・予約制）を要確認,"国土数値情報（バス停留所データ）令和4年度（国土交通省）P11-22-46-bs2032（31.885058, 130.895410、JGD2011）を加工して作成",
BS-kP11-22-46-bs3701,bus_stop,入来峠,31.7278068,130.4727115,WGS84,10397,,八重山,,,,,TH-gsi-yaeyama-koen(621m),operator=JR九州バス（株）; busType=民間路線バス; busRoutes=北薩線,adopted,10,運行状況（季節運行・休止・予約制）を要確認、登山口から離れている（徒歩アプローチを要確認）,"国土数値情報（バス停留所データ）令和4年度（国土交通省）P11-22-46-bs3701（31.727807, 130.472712、JGD2011）を加工して作成",
BS-kP11-22-46-bs3722,bus_stop,八重山公園,31.7260826,130.4689792,WGS84,10397,,八重山,,,,,TH-gsi-yaeyama-koen(485m),operator=鹿児島市; busType=コミュニティバス; busRoutes=コミュニティバス「あいばす」　郡山地域　（火・木・土）西俣・中心部コース,adopted,10,運行状況（季節運行・休止・予約制）を要確認,"国土数値情報（バス停留所データ）令和4年度（国土交通省）P11-22-46-bs3722（31.726083, 130.468979、JGD2011）を加工して作成",
BS-kP11-22-46-bs621,bus_stop,白谷雲水峡,30.38001,130.5741197,WGS84,934 935,宮之浦岳、黒味岳,,日本百名山|日本二百名山|日本三百名山|九州百名山,,,,TH-n588973500(8m),operator=種子島・屋久島交通（株）; busType=民間路線バス; busRoutes=屋久島（宮之浦港～白谷雲水峡）,adopted,10,運行状況（季節運行・休止・予約制）を要確認,"国土数値情報（バス停留所データ）令和4年度（国土交通省）P11-22-46-bs621（30.380010, 130.574120、JGD2011）を加工して作成 ｜ OpenStreetMap（© OpenStreetMap contributors, ODbL 1.0）Geofabrik japan-latest.osm.pbf 2026-09-30T20:22:42Z node/13747757928",
BS-kP11-22-46-bs622,bus_stop,白谷雲水峡,30.38001,130.5741197,WGS84,934 935,宮之浦岳、黒味岳,,日本百名山|日本二百名山|日本三百名山|九州百名山,,,,TH-n588973500(8m),operator=まつばんだ交通バス（株）; busType=民間路線バス; busRoutes=宮之浦港⇔白谷雲水峡,adopted,10,運行状況（季節運行・休止・予約制）を要確認,"国土数値情報（バス停留所データ）令和4年度（国土交通省）P11-22-46-bs622（30.380010, 130.574120、JGD2011）を加工して作成",
BS-kP11-22-46-bs635,bus_stop,荒川登山口,30.3404619,130.594941,WGS84,934 935,宮之浦岳、黒味岳,,日本百名山|日本二百名山|日本三百名山|九州百名山,,,,TH-n4435165390(65m),operator=まつばんだ交通バス（株）; busType=民間路線バス; busRoutes=宮之浦港⇔空港⇔安房港⇔屋久杉自然館,adopted,10,運行状況（季節運行・休止・予約制）を要確認,"国土数値情報（バス停留所データ）令和4年度（国土交通省）P11-22-46-bs635（30.340462, 130.594941、JGD2011）を加工して作成",
BS-kP11-22-46-bs636,bus_stop,荒川登山口,30.3404619,130.594941,WGS84,934 935,宮之浦岳、黒味岳,,日本百名山|日本二百名山|日本三百名山|九州百名山,,,,TH-n4435165390(65m),operator=種子島・屋久島交通（株）; busType=民間路線バス; busRoutes=屋久島（屋久杉自然館～荒川登山口）,adopted,10,運行状況（季節運行・休止・予約制）を要確認,"国土数値情報（バス停留所データ）令和4年度（国土交通省）P11-22-46-bs636（30.340462, 130.594941、JGD2011）を加工して作成",
BS-kP11-22-46-bs660,bus_stop,屋久杉ランド,30.3046076,130.5755157,WGS84,934 935,宮之浦岳、黒味岳,,日本百名山|日本二百名山|日本三百名山|九州百名山,,,,TH-n588930233(20m),operator=種子島・屋久島交通（株）; busType=民間路線バス; busRoutes=屋久島（合庁前～紀元杉）,adopted,10,運行状況（季節運行・休止・予約制）を要確認,"国土数値情報（バス停留所データ）令和4年度（国土交通省）P11-22-46-bs660（30.304608, 130.575516、JGD2011）を加工して作成 ｜ OpenStreetMap（© OpenStreetMap contributors, ODbL 1.0）Geofabrik japan-latest.osm.pbf 2026-09-30T20:22:42Z node/6054689753",
BS-kP11-22-46-bs7247,bus_stop,大当,31.4199029,130.1695016,WGS84,929,野間岳,,九州百名山,,,,TH-n1390499670(899m),operator=南さつま市; busType=コミュニティバス; busRoutes=のまんたけ号（笠沙地域）,adopted,10,運行状況（季節運行・休止・予約制）を要確認、登山口から離れている（徒歩アプローチを要確認）,"国土数値情報（バス停留所データ）令和4年度（国土交通省）P11-22-46-bs7247（31.419903, 130.169502、JGD2011）を加工して作成 ｜ OpenStreetMap（© OpenStreetMap contributors, ODbL 1.0）Geofabrik japan-latest.osm.pbf 2026-09-30T20:22:42Z node/9388073281",
BS-kP11-22-46-bs7248,bus_stop,大当,31.4199029,130.1695016,WGS84,929,野間岳,,九州百名山,,,,TH-n1390499670(899m),operator=鹿児島交通（株）; busType=民間路線バス; busRoutes=加世田～野間池,adopted,10,運行状況（季節運行・休止・予約制）を要確認、登山口から離れている（徒歩アプローチを要確認）,"国土数値情報（バス停留所データ）令和4年度（国土交通省）P11-22-46-bs7248（31.419903, 130.169502、JGD2011）を加工して作成",
BS-kP11-22-46-bs7320,bus_stop,福戸山,31.4103424,130.1442597,WGS84,929,野間岳,,九州百名山,,,,TH-n1390492908(685m),operator=南さつま市; busType=コミュニティバス; busRoutes=のまんたけ号（笠沙地域）,adopted,10,運行状況（季節運行・休止・予約制）を要確認、登山口から離れている（徒歩アプローチを要確認）,"国土数値情報（バス停留所データ）令和4年度（国土交通省）P11-22-46-bs7320（31.410342, 130.144260、JGD2011）を加工して作成",
BS-kP11-22-46-bs7340,bus_stop,石間伏,31.4077384,130.1455121,WGS84,929,野間岳,,九州百名山,,,,TH-n1390492908(735m),operator=南さつま市; busType=コミュニティバス; busRoutes=のまんたけ号（笠沙地域）,adopted,10,運行状況（季節運行・休止・予約制）を要確認、登山口から離れている（徒歩アプローチを要確認）,"国土数値情報（バス停留所データ）令和4年度（国土交通省）P11-22-46-bs7340（31.407738, 130.145512、JGD2011）を加工して作成 ｜ OpenStreetMap（© OpenStreetMap contributors, ODbL 1.0）Geofabrik japan-latest.osm.pbf 2026-09-30T20:22:42Z node/10302310883",
BS-kP11-22-46-bs7374,bus_stop,倉狩,31.4035103,130.1458919,WGS84,929,野間岳,,九州百名山,,,,TH-gsi-tarokoba(544m),operator=南さつま市; busType=コミュニティバス; busRoutes=のまんたけ号（笠沙地域）,adopted,10,運行状況（季節運行・休止・予約制）を要確認,"国土数値情報（バス停留所データ）令和4年度（国土交通省）P11-22-46-bs7374（31.403510, 130.145892、JGD2011）を加工して作成",
BS-kP11-22-46-bs7410,bus_stop,笠沙診療所前,31.3997476,130.1478597,WGS84,929,野間岳,,九州百名山,,,,TH-gsi-tarokoba(343m),operator=南さつま市; busType=コミュニティバス; busRoutes=のまんたけ号（笠沙地域）,adopted,10,運行状況（季節運行・休止・予約制）を要確認,"国土数値情報（バス停留所データ）令和4年度（国土交通省）P11-22-46-bs7410（31.399748, 130.147860、JGD2011）を加工して作成",
BS-kP11-22-46-bs7428,bus_stop,姥,31.3975766,130.1509621,WGS84,929,野間岳,,九州百名山,,,,TH-gsi-noma-jinja(867m) TH-gsi-tarokoba(410m),operator=南さつま市; busType=コミュニティバス; busRoutes=のまんたけ号（笠沙地域）,adopted,10,運行状況（季節運行・休止・予約制）を要確認、登山口から離れている（徒歩アプローチを要確認）,"国土数値情報（バス停留所データ）令和4年度（国土交通省）P11-22-46-bs7428（31.397577, 130.150962、JGD2011）を加工して作成 ｜ OpenStreetMap（© OpenStreetMap contributors, ODbL 1.0）Geofabrik japan-latest.osm.pbf 2026-09-30T20:22:42Z node/10302310884",
BS-kP11-22-46-bs864,bus_stop,櫓木,32.142326,130.3554324,WGS84,917,矢筈岳,,九州百名山,,,,TH-n2054755515(370m),operator=南国交通（株）; busType=民間路線バス; busRoutes=【出水市・長島町】4　水俣車庫⇔出水駅⇔高尾野駅前⇔阿久根駅前⇔佐潟口,adopted,10,運行状況（季節運行・休止・予約制）を要確認,"国土数値情報（バス停留所データ）令和4年度（国土交通省）P11-22-46-bs864（32.142326, 130.355432、JGD2011）を加工して作成",
BS-kP11-22-46-bs865,bus_stop,櫓木,32.1420505,130.3571536,WGS84,917,矢筈岳,,九州百名山,,,,TH-n2054755515(250m),operator=出水市; busType=コミュニティバス; busRoutes=針原・切通便,adopted,10,運行状況（季節運行・休止・予約制）を要確認,"国土数値情報（バス停留所データ）令和4年度（国土交通省）P11-22-46-bs865（32.142050, 130.357154、JGD2011）を加工して作成",
BS-kP11-22-46-bs871,bus_stop,針原,32.138329,130.3560241,WGS84,917,矢筈岳,,九州百名山,,,,TH-n2054755515(278m),operator=出水市; busType=コミュニティバス; busRoutes=針原・切通便,adopted,10,運行状況（季節運行・休止・予約制）を要確認,"国土数値情報（バス停留所データ）令和4年度（国土交通省）P11-22-46-bs871（32.138329, 130.356024、JGD2011）を加工して作成",
BS-kP11-22-46-bs876,bus_stop,中塩屋,32.1319008,130.3491834,WGS84,917,矢筈岳,,九州百名山,,,,TH-kP11-22-46-bs879(438m),operator=南国交通（株）; busType=民間路線バス; busRoutes=【出水市・長島町】4　水俣車庫⇔出水駅⇔高尾野駅前⇔阿久根駅前⇔佐潟口,adopted,10,運行状況（季節運行・休止・予約制）を要確認,"国土数値情報（バス停留所データ）令和4年度（国土交通省）P11-22-46-bs876（32.131901, 130.349183、JGD2011）を加工して作成",
BS-kP11-22-46-bs879,bus_stop,関外,32.1296788,130.3530359,WGS84,917,矢筈岳,,九州百名山,,,,TH-kP11-22-46-bs879(0m),operator=出水市; busType=コミュニティバス; busRoutes=針原・切通便,adopted,10,運行状況（季節運行・休止・予約制）を要確認,"国土数値情報（バス停留所データ）令和4年度（国土交通省）P11-22-46-bs879（32.129679, 130.353036、JGD2011）を加工して作成",
BS-kP11-22-46-bs890,bus_stop,野間之関,32.1264428,130.3495638,WGS84,917,矢筈岳,,九州百名山,,,,TH-kP11-22-46-bs879(485m),operator=出水市; busType=コミュニティバス; busRoutes=針原・切通便,adopted,10,運行状況（季節運行・休止・予約制）を要確認,"国土数値情報（バス停留所データ）令和4年度（国土交通省）P11-22-46-bs890（32.126443, 130.349564、JGD2011）を加工して作成",
BS-n12176267592,bus_stop,黒木キャンプ場,32.9743307,130.0609884,WGS84,868 869,経ガ岳、多良岳,,九州百名山|日本三百名山,,,,TH-n1752057933(541m),busRoutes=萱瀬地区乗合タクシー: 竹松駅前 -> 黒木キャンプ場,provisional,20,運行状況（季節運行・休止・予約制）を要確認、公式情報または2情報源での確認が必要,"OpenStreetMap（© OpenStreetMap contributors, ODbL 1.0）Geofabrik japan-latest.osm.pbf 2026-09-30T20:22:42Z node/12176267592",
BS-n12728604201,bus_stop,Bus from/to Aso Station stop,32.8854003,131.0525962,WGS84,10390 10389,,杵島岳、往生岳,,,,,TH-gsi-kishimadake-kusasenri(244m),,provisional,20,運行状況（季節運行・休止・予約制）を要確認、公式情報または2情報源での確認が必要,"OpenStreetMap（© OpenStreetMap contributors, ODbL 1.0）Geofabrik japan-latest.osm.pbf 2026-09-30T20:22:42Z node/12728604201",
BS-n1344041207,bus_stop,黒木キャンプ場,32.9743217,130.0609414,WGS84,868 869,経ガ岳、多良岳,,九州百名山|日本三百名山,,,,TH-n1752057933(545m),,provisional,20,運行状況（季節運行・休止・予約制）を要確認、公式情報または2情報源での確認が必要,"OpenStreetMap（© OpenStreetMap contributors, ODbL 1.0）Geofabrik japan-latest.osm.pbf 2026-09-30T20:22:42Z node/1344041207",
BS-n1344053205,bus_stop,黒木キャンプ場,32.974441,130.0608436,WGS84,868 869,経ガ岳、多良岳,,九州百名山|日本三百名山,,,,TH-n1752057933(545m),,provisional,20,運行状況（季節運行・休止・予約制）を要確認、公式情報または2情報源での確認が必要,"OpenStreetMap（© OpenStreetMap contributors, ODbL 1.0）Geofabrik japan-latest.osm.pbf 2026-09-30T20:22:42Z node/1344053205",
BS-n2579982418,bus_stop,白谷雲水峽,30.3805805,130.5749978,WGS84,934 935,宮之浦岳、黒味岳,,日本百名山|日本二百名山|日本三百名山|九州百名山,,,,TH-n588973500(101m),,provisional,20,運行状況（季節運行・休止・予約制）を要確認、公式情報または2情報源での確認が必要,"OpenStreetMap（© OpenStreetMap contributors, ODbL 1.0）Geofabrik japan-latest.osm.pbf 2026-09-30T20:22:42Z node/2579982418",
BS-n4378744090,bus_stop,Okawachiyama,33.2363482,129.8924804,WGS84,851,黒髪山,,九州百名山,,,,TH-n1836184398(709m),,provisional,20,運行状況（季節運行・休止・予約制）を要確認、公式情報または2情報源での確認が必要、登山口から離れている（徒歩アプローチを要確認）,"OpenStreetMap（© OpenStreetMap contributors, ODbL 1.0）Geofabrik japan-latest.osm.pbf 2026-09-30T20:22:42Z node/4378744090",
BS-n4817665083,bus_stop,牧ノ戸峠,33.0957729,131.2073269,WGS84,861 862 863 865 10385 10383,黒岳、三俣山、大船山、九重山,猟師山、合頭山,九州百名山|日本三百名山|日本百名山|日本二百名山,,,,TH-n1308423597(113m) TH-gsi-ryoshiyama-aitozan(654m),,provisional,20,運行状況（季節運行・休止・予約制）を要確認、公式情報または2情報源での確認が必要、登山口から離れている（徒歩アプローチを要確認）,"OpenStreetMap（© OpenStreetMap contributors, ODbL 1.0）Geofabrik japan-latest.osm.pbf 2026-09-30T20:22:42Z node/4817665083",
BS-n7018661887,bus_stop,（名称なし）バス停,33.2960059,131.4610651,WGS84,848,鶴見岳,,日本三百名山|九州百名山,,,,TH-n1712254871(846m),,provisional,20,運行状況（季節運行・休止・予約制）を要確認、公式情報または2情報源での確認が必要、登山口から離れている（徒歩アプローチを要確認）,"OpenStreetMap（© OpenStreetMap contributors, ODbL 1.0）Geofabrik japan-latest.osm.pbf 2026-09-30T20:22:42Z node/7018661887",
BS-n8917489439,bus_stop,油山市民の森,33.5167326,130.3751203,WGS84,10371,,油山,,,,,TH-gsi-aburayama-shiminnomori(554m),,provisional,20,運行状況（季節運行・休止・予約制）を要確認、公式情報または2情報源での確認が必要,"OpenStreetMap（© OpenStreetMap contributors, ODbL 1.0）Geofabrik japan-latest.osm.pbf 2026-09-30T20:22:42Z node/8917489439",
BS-n9129587248,bus_stop,原,32.9255486,131.9366182,WGS84,872,元越山,,九州百名山,,,,TH-n1724765592(926m),operator=佐伯市; network=佐伯市コミュニティバス,provisional,20,運行状況（季節運行・休止・予約制）を要確認、公式情報または2情報源での確認が必要、登山口から離れている（徒歩アプローチを要確認）,"OpenStreetMap（© OpenStreetMap contributors, ODbL 1.0）Geofabrik japan-latest.osm.pbf 2026-09-30T20:22:42Z node/9129587248",
BS-n9129587250,bus_stop,大野,32.925456,131.9454532,WGS84,872,元越山,,九州百名山,,,,TH-n1292658712(712m),operator=佐伯市; network=佐伯市コミュニティバス,provisional,20,運行状況（季節運行・休止・予約制）を要確認、公式情報または2情報源での確認が必要、登山口から離れている（徒歩アプローチを要確認）,"OpenStreetMap（© OpenStreetMap contributors, ODbL 1.0）Geofabrik japan-latest.osm.pbf 2026-09-30T20:22:42Z node/9129587250",
PK-g2828749_12931552,parking,湯湾岳展望公園駐車場,28.28749,129.315519,WGS84,10399,,湯湾岳,,,,,TH-gsi-yuwandake-tenbo(0m),,adopted,100,,公式情報: https://kyushu.env.go.jp/okinawa/awcc/tourism-management-about-yuwandake.html,
PK-g3112729_13086148,parking,照葉樹の森 稲尾岳ビジターセンター駐車場,31.1272901,130.861475,WGS84,932,稲尾岳,,九州百名山,,,,TH-n1727301756(0m),,provisional,100,公式情報では未確認（登山記録で使われている駐車場）,登山記録で使われている駐車場（登山記録・登山情報サイトで確認。公式情報では未確認）,
PK-g3146957_13038284,parking,金峰山駐車場,31.469567,130.38284,WGS84,928,金峰山,,九州百名山,,,,TH-gsi-kinpo-summit-p(0m),,provisional,100,公式情報では未確認（登山記録で使われている駐車場）,登山記録で使われている駐車場（登山記録・登山情報サイトで確認。公式情報では未確認）,
PK-g3172999_13046666,parking,八重山公園駐車場,31.729992,130.466664,WGS84,10397,,八重山,,,,,TH-gsi-yaeyama-koen(0m),,provisional,100,公式情報では未確認（登山記録で使われている駐車場）,登山記録で使われている駐車場（登山記録・登山情報サイトで確認。公式情報では未確認）,
PK-g3174467_13033387,parking,冠岳展望公園駐車場,31.744674,130.333874,WGS84,924,冠岳,,九州百名山,,,,TH-gsi-kanmuri-tenbo(0m),,provisional,100,公式情報では未確認（登山記録で使われている駐車場）,登山記録で使われている駐車場（登山記録・登山情報サイトで確認。公式情報では未確認）,
PK-g3182027_13139842,parking,丸野駐車場,31.82027,131.398421,WGS84,10396,,斟鉢山,,,,,TH-osm-w160206663(0m),,adopted,100,,公式情報: https://www.kanko-miyazaki.jp/spot/1239,
PK-g3198552_13038072,parking,ふれあいの森駐車場,31.9855171,130.3807239,WGS84,918,紫尾山,,九州百名山,,,,TH-n2193421320(0m),,provisional,100,公式情報では未確認（登山記録で使われている駐車場）,登山記録で使われている駐車場（登山記録・登山情報サイトで確認。公式情報では未確認）,
PK-g3212532_13041568,parking,矢筈岳登山口駐車場,32.1253199,130.4156795,WGS84,917,矢筈岳,,九州百名山,,,,TH-n1382721419(0m),,provisional,100,公式情報では未確認（登山記録で使われている駐車場）,登山記録で使われている駐車場（登山記録・登山情報サイトで確認。公式情報では未確認）,
PK-g3239988_13118844,parking,三方岳登山口駐車場,32.399884,131.188436,WGS84,910,三方岳,,九州百名山,,,,TH-n1395634586(0m),,provisional,100,公式情報では未確認（登山記録で使われている駐車場）,登山記録で使われている駐車場（登山記録・登山情報サイトで確認。公式情報では未確認）,
PK-g324259_13032393,parking,倉岳9合目駐車場,32.4259038,130.3239306,WGS84,909,倉岳,,九州百名山,,,,TH-n1292600846(0m),,provisional,100,公式情報では未確認（登山記録で使われている駐車場）,登山記録で使われている駐車場（登山記録・登山情報サイトで確認。公式情報では未確認）,
PK-g3246258_13092865,parking,岩宇土山登山口駐車場,32.46258,130.928653,WGS84,907,上福根山,,九州百名山,,,,TH-gsi-iwaudo(0m),,provisional,100,公式情報では未確認（登山記録で使われている駐車場）,登山記録で使われている駐車場（登山記録・登山情報サイトで確認。公式情報では未確認）,
PK-g3248471_13041763,parking,太郎丸嶽・次郎丸嶽登山口 市営無料駐車場,32.4847137,130.4176306,WGS84,906,次郎丸岳,,九州百名山,,,,TH-n1294659948(0m),,provisional,100,公式情報では未確認（登山記録で使われている駐車場）,登山記録で使われている駐車場（登山記録・登山情報サイトで確認。公式情報では未確認）,
PK-g3261913_13157725,parking,行縢神社登山口駐車場,32.619134,131.577253,WGS84,898,行縢山,,九州百名山,,,,TH-n1388077944(0m),,provisional,100,公式情報では未確認（登山記録で使われている駐車場）,登山記録で使われている駐車場（登山記録・登山情報サイトで確認。公式情報では未確認）,
PK-g3263993_13127265,parking,諸塚山西登山口駐車場,32.6399328,131.272648,WGS84,897,諸塚山,,九州百名山,,,,TH-n1722516690(0m),,provisional,100,公式情報では未確認（登山記録で使われている駐車場）,登山記録で使われている駐車場（登山記録・登山情報サイトで確認。公式情報では未確認）,
PK-g3265331_13168813,parking,西郷隆盛宿陣跡資料館駐車場,32.6533096,131.6881263,WGS84,894,可愛岳,,九州百名山,,,,TH-n10316202019(0m),,provisional,100,公式情報では未確認（登山記録で使われている駐車場）,登山記録で使われている駐車場（登山記録・登山情報サイトで確認。公式情報では未確認）,
PK-g3278595_13025421,parking,田代原トレイルセンター駐車場,32.7859545,130.2542142,WGS84,884,九千部岳,,九州百名山,,,,TH-n2347398499(0m),,provisional,100,公式情報では未確認（登山記録で使われている駐車場）,登山記録で使われている駐車場（登山記録・登山情報サイトで確認。公式情報では未確認）,
PK-g3279599_12983726,parking,岩屋神社駐車場,32.79599,129.83726,WGS84,10392,,岩屋山,,,,,TH-gsi-iwayasan-iwayajinja(0m),,provisional,100,公式情報では未確認（登山記録で使われている駐車場）,登山記録で使われている駐車場（登山記録・登山情報サイトで確認。公式情報では未確認）,
PK-g3281492_13064703,parking,金峰山 第1駐車場,32.814922,130.647026,WGS84,10391,,金峰山,,,,,TH-gsi-kinpozan-kumamoto(0m),,provisional,100,公式情報では未確認（登山記録で使われている駐車場）,登山記録で使われている駐車場（登山記録・登山情報サイトで確認。公式情報では未確認）,
PK-g3288621_13105503,parking,草千里駐車場,32.886209,131.055028,WGS84,10390 10389,,杵島岳、往生岳,,,,,TH-gsi-kishimadake-kusasenri(0m),,provisional,100,公式情報では未確認（登山記録で使われている駐車場）,登山記録で使われている駐車場（登山記録・登山情報サイトで確認。公式情報では未確認）,
PK-g3291768_13194002,parking,木立登山口駐車場,32.9176804,131.940018,WGS84,872,元越山,,九州百名山,,,,TH-n1724765592(0m),,provisional,100,公式情報では未確認（登山記録で使われている駐車場）,登山記録で使われている駐車場（登山記録・登山情報サイトで確認。公式情報では未確認）,
PK-g329505_13093957,parking,鞍岳山頂第一駐車場,32.950503,130.9395685,WGS84,871,鞍岳,,九州百名山,,,,TH-n1473794509(0m),,provisional,100,公式情報では未確認（登山記録で使われている駐車場）,登山記録で使われている駐車場（登山記録・登山情報サイトで確認。公式情報では未確認）,
PK-g3299818_13006181,parking,平谷登山口駐車場,32.9981839,130.0618129,WGS84,868 869,経ガ岳、多良岳,,九州百名山|日本三百名山,,,,TH-n1298982872(0m),,provisional,100,公式情報では未確認（登山記録で使われている駐車場）,登山記録で使われている駐車場（登山記録・登山情報サイトで確認。公式情報では未確認）,
PK-g3299818_13006181-2,parking,奥平谷キャンプ場駐車場,32.9981839,130.0618129,WGS84,868 869,経ガ岳、多良岳,,九州百名山|日本三百名山,,,,TH-n1298982872(0m),,provisional,100,公式情報では未確認（登山記録で使われている駐車場）,登山記録で使われている駐車場（登山記録・登山情報サイトで確認。公式情報では未確認）,
PK-g3309473_13120042,parking,猟師山・合頭山登山口駐車場,33.094732,131.20042,WGS84,10385 10383,,猟師山、合頭山,,,,,TH-gsi-ryoshiyama-aitozan(0m),,adopted,100,,公式情報: https://oita-osoto.jp/spot/236/,
PK-g3310124_13122647,parking,大曲駐車場,33.101236,131.2264731,WGS84,861 862 863 865,黒岳、三俣山、大船山、九重山,,九州百名山|日本三百名山|日本百名山|日本二百名山,,,,TH-n1743984459(0m),,provisional,100,公式情報では未確認（登山記録で使われている駐車場）,登山記録で使われている駐車場（登山記録・登山情報サイトで確認。公式情報では未確認）,
PK-g3324802_13151489,parking,銭瓶峠駐車場,33.248017,131.514889,WGS84,10379,,高崎山,,,,,TH-osm-w1421346967(0m),,adopted,100,,公式情報: https://www.oita-foresttherapy.jp/roads/detail/2,
PK-g3330162_13056458,parking,高良大社駐車場,33.301616,130.56458,WGS84,10378,,高良山,,,,,TH-osm-w715203220(0m),,adopted,100,,公式情報: https://welcome-kurume.com/spots/detail/8b8be88c-7e83-4b47-ad84-382e5d64b622,
PK-g3336041_13007244,parking,作礼山9合目駐車場（作礼山登山口駐車場）,33.3604139,130.0724414,WGS84,845,作礼山,,九州百名山,,,,TH-n12165770982(0m),,provisional,100,公式情報では未確認（登山記録で使われている駐車場）,登山記録で使われている駐車場（登山記録・登山情報サイトで確認。公式情報では未確認）,
PK-g3338123_13045504,parking,御手洗の滝駐車場,33.3812268,130.4550401,WGS84,844,九千部山,,九州百名山,,,,TH-n11802268743(0m),,provisional,100,公式情報では未確認（登山記録で使われている駐車場）,登山記録で使われている駐車場（登山記録・登山情報サイトで確認。公式情報では未確認）,
PK-g3347568_13070436,parking,古処山登山口の駐車場（本覚寺の先）,33.475684,130.704362,WGS84,829,古処山,,九州百名山,,,,TH-gsi-kosho-akizuki(283m),,adopted,100,,"公式情報: 朝倉市の観光情報「古処山」の地図1（33.4756842, 130.704362）。OSMの駐車場 node/1726574699 から10m 2026-09-26確認",
PK-g3347909_13152232,parking,熊野磨崖仏駐車場,33.479093,131.522318,WGS84,831,田原山,,九州百名山,,,,TH-gsi-kumano-magaibutsu(0m),,provisional,100,公式情報では未確認（登山記録で使われている駐車場）,登山記録で使われている駐車場（登山記録・登山情報サイトで確認。公式情報では未確認）,
PK-g3348954_13007488,parking,まむしの湯 登山者駐車場,33.489537,130.074885,WGS84,10373 10374,,十坊山、浮嶽,,,,,TH-osm-n6505765696(0m),,provisional,100,公式情報では未確認（登山記録で使われている駐車場）,登山記録で使われている駐車場（登山記録・登山情報サイトで確認。公式情報では未確認）,
PK-g3349555_13023038,parking,雷山観音前 登山者駐車場,33.4955526,130.2303777,WGS84,836,井原山,,九州百名山,,,,TH-kP11-22-40-bs6759(0m),,provisional,100,公式情報では未確認（登山記録で使われている駐車場）,登山記録で使われている駐車場（登山記録・登山情報サイトで確認。公式情報では未確認）,
PK-g3350552_13144672,parking,津波戸山登山口駐車場,33.5055247,131.4467249,WGS84,827,津波戸山,,九州百名山,,,,TH-n1308739145(0m),,provisional,100,公式情報では未確認（登山記録で使われている駐車場）,登山記録で使われている駐車場（登山記録・登山情報サイトで確認。公式情報では未確認）,
PK-g3351211_13037281,parking,油山市民の森駐車場,33.512108,130.372809,WGS84,10371,,油山,,,,,TH-gsi-aburayama-shiminnomori(0m),,provisional,100,公式情報では未確認（登山記録で使われている駐車場）,登山記録で使われている駐車場（登山記録・登山情報サイトで確認。公式情報では未確認）,
PK-g3353045_13101184,parking,犬ヶ岳登山口駐車場,33.530452,131.011838,WGS84,828,犬ガ岳,,九州百名山,,,,TH-gsi-inugatake-uguisu(161m),,adopted,100,,公式情報: 豊前市の登山コース案内の「犬ヶ岳登山口駐車場」（標高約420m、求菩提山公共駐車場から15分）。位置はOSMの駐車場 way/310933496 2026-09-26確認,
PK-g3353619_13101621,parking,求菩提山公共駐車場,33.536191,131.016205,WGS84,826,求菩提山,,九州百名山,,,,TH-n1498004046(0m),,provisional,100,公式情報では未確認（登山記録で使われている駐車場）,登山記録で使われている駐車場（登山記録・登山情報サイトで確認。公式情報では未確認）,
PK-g3353619_13101621-2,parking,座主坊園地駐車場（求菩提山第一駐車場）,33.536191,131.016205,WGS84,826,求菩提山,,九州百名山,,,,TH-n1498004046(0m),,provisional,100,公式情報では未確認（登山記録で使われている駐車場）,登山記録で使われている駐車場（登山記録・登山情報サイトで確認。公式情報では未確認）,
PK-g33538_13030396,parking,飯盛神社駐車場,33.537997,130.303963,WGS84,10370,,飯盛山,,,,,TH-gsi-iimoriyama-nakamiya(0m),,provisional,100,公式情報では未確認（登山記録で使われている駐車場）,登山記録で使われている駐車場（登山記録・登山情報サイトで確認。公式情報では未確認）,
PK-g3355904_13055815,parking,欅谷駐車場,33.559035,130.558154,WGS84,824 10368 10369 10366,宝満山,三郡山、頭巾山、砥石山,九州百名山,,,,TH-osm-n2655156314(0m),,provisional,100,公式情報では未確認（登山記録で使われている駐車場）,登山記録で使われている駐車場（登山記録・登山情報サイトで確認。公式情報では未確認）,
PK-g3357481_13017578,parking,糸島市役所志摩庁舎駐車場,33.574806,130.175784,WGS84,10367,,可也山,,,,,TH-gsi-kayasan-moroyoshi(0m),,provisional,100,公式情報では未確認（登山記録で使われている駐車場）,登山記録で使われている駐車場（登山記録・登山情報サイトで確認。公式情報では未確認）,
PK-g3360116_13053587,parking,若杉楽園キャンプ場駐車場,33.601159,130.535868,WGS84,10365,,若杉山,,,,,TH-osm-w301902989(0m),,provisional,100,公式情報では未確認（登山記録で使われている駐車場）,登山記録で使われている駐車場（登山記録・登山情報サイトで確認。公式情報では未確認）,
PK-g3368394_1304715,parking,立花口登山口駐車場,33.683936,130.4715046,WGS84,815,立花山,,九州百名山,,,,TH-n1268341666(0m),,provisional,100,公式情報では未確認（登山記録で使われている駐車場）,登山記録で使われている駐車場（登山記録・登山情報サイトで確認。公式情報では未確認）,
PK-g3376222_1309044,parking,茶ヶ床園地駐車場,33.7622215,130.9043958,WGS84,795,貫山,,九州百名山,,,,TH-n1508565953(0m),,provisional,100,公式情報では未確認（登山記録で使われている駐車場）,登山記録で使われている駐車場（登山記録・登山情報サイトで確認。公式情報では未確認）,
PK-g33857_13079574,parking,帆柱公園駐車場（市営立体駐車場）,33.857003,130.795737,WGS84,10364,,皿倉山,,,,,TH-osm-w941168876(0m),,adopted,100,,公式情報: https://www.city.kitakyushu.lg.jp/yahatahigashi/w5100149.html,
PK-g3386326_13090333,parking,妙見宮駐車場,33.8632569,130.9033345,WGS84,771,足立山,,九州百名山,,,,TH-n5434372794(0m),,provisional,100,公式情報では未確認（登山記録で使われている駐車場）,登山記録で使われている駐車場（登山記録・登山情報サイトで確認。公式情報では未確認）,
PK-g3387537_13090535,parking,小文字山登山口駐車場,33.8753707,130.9053466,WGS84,771,足立山,,九州百名山,,,,TH-n1579493511(0m),,provisional,100,公式情報では未確認（登山記録で使われている駐車場）,登山記録で使われている駐車場（登山記録・登山情報サイトで確認。公式情報では未確認）,
PK-g3426218_12926287,parking,白嶽登山者用駐車場（第二駐車場）,34.2621772,129.2628679,WGS84,698,洲藻白岳,,九州百名山,,,,TH-n1288447212(0m),,provisional,100,公式情報では未確認（登山記録で使われている駐車場）,登山記録で使われている駐車場（登山記録・登山情報サイトで確認。公式情報では未確認）,
PK-n1139547021,parking,（名称なし）駐車場,30.2998134,130.5338684,WGS84,934 935,宮之浦岳、黒味岳,,日本百名山|日本二百名山|日本三百名山|九州百名山,,,,TH-n987482920(18m),,provisional,20,公式情報または2情報源での確認が必要、名称なし,"OpenStreetMap（© OpenStreetMap contributors, ODbL 1.0）Geofabrik japan-latest.osm.pbf 2026-09-30T20:22:42Z node/1139547021",
PK-n11612795176,parking,（名称なし）駐車場,30.3837723,130.6245651,WGS84,933,愛子岳,,九州百名山,,,,TH-n2044189905(55m),access=yes,provisional,20,公式情報または2情報源での確認が必要、名称なし,"OpenStreetMap（© OpenStreetMap contributors, ODbL 1.0）Geofabrik japan-latest.osm.pbf 2026-09-30T20:22:42Z node/11612795176",
PK-n12105307536,parking,竜神の滝　駐車場,30.2555735,130.5861324,WGS84,936,モッチョム岳,,九州百名山,,,,TH-n589014748(484m),capacity=2,provisional,20,公式情報または2情報源での確認が必要、登山口から離れている（徒歩アプローチを要確認）,"OpenStreetMap（© OpenStreetMap contributors, ODbL 1.0）Geofabrik japan-latest.osm.pbf 2026-09-30T20:22:42Z node/12105307536",
PK-n12768632262,parking,（名称なし）駐車場,31.8932935,130.9636656,WGS84,921,高千穂峰,,日本二百名山|日本三百名山|九州百名山,,,,TH-kP11-22-45-bs2813(403m) TH-n1870976363(3m),,provisional,20,公式情報または2情報源での確認が必要、名称なし、登山口から離れている（徒歩アプローチを要確認）,"OpenStreetMap（© OpenStreetMap contributors, ODbL 1.0）Geofabrik japan-latest.osm.pbf 2026-09-30T20:22:42Z node/12768632262",
PK-n12768632263,parking,（名称なし）駐車場,31.8923246,130.9635105,WGS84,921,高千穂峰,,日本二百名山|日本三百名山|九州百名山,,,,TH-kP11-22-45-bs2813(432m) TH-n1870976363(107m) TH-n1870975951(444m),,provisional,20,公式情報または2情報源での確認が必要、名称なし、登山口から離れている（徒歩アプローチを要確認）,"OpenStreetMap（© OpenStreetMap contributors, ODbL 1.0）Geofabrik japan-latest.osm.pbf 2026-09-30T20:22:42Z node/12768632263",
PK-n1288447212,parking,（名称なし）駐車場,34.2621772,129.2628679,WGS84,698,洲藻白岳,,九州百名山,,,,TH-n1288447212(0m),,provisional,20,公式情報または2情報源での確認が必要、名称なし,"OpenStreetMap（© OpenStreetMap contributors, ODbL 1.0）Geofabrik japan-latest.osm.pbf 2026-09-30T20:22:42Z node/1288447212",
PK-n1633250264,parking,（名称なし）駐車場,33.1183006,131.2294887,WGS84,865 862 863 10386 10384 10387 10382,九重山、三俣山、大船山,中岳、星生山、扇ヶ鼻、平治岳,日本百名山|日本二百名山|日本三百名山|九州百名山,,,,TH-osm-n5518618755(80m),fee=no; capacity=20; operator=長者原ヘルスセンター,provisional,20,公式情報または2情報源での確認が必要、名称なし,"OpenStreetMap（© OpenStreetMap contributors, ODbL 1.0）Geofabrik japan-latest.osm.pbf 2026-09-30T20:22:42Z node/1633250264",
PK-n1658400499,parking,藤河内渓谷第2駐車場,32.7845567,131.5444164,WGS84,883 885 887 889,夏木山、五葉岳、鹿納山、大崩山,,九州百名山|日本二百名山|日本三百名山,,,,TH-n1292711211(157m),,provisional,20,公式情報または2情報源での確認が必要,"OpenStreetMap（© OpenStreetMap contributors, ODbL 1.0）Geofabrik japan-latest.osm.pbf 2026-09-30T20:22:42Z node/1658400499",
PK-n1679175728,parking,（名称なし）駐車場,33.1975961,130.8843705,WGS84,855,釈迦ガ岳,,九州百名山,,,,TH-n1679175724(74m),,provisional,20,公式情報または2情報源での確認が必要、名称なし,"OpenStreetMap（© OpenStreetMap contributors, ODbL 1.0）Geofabrik japan-latest.osm.pbf 2026-09-30T20:22:42Z node/1679175728",
PK-n1712258419,parking,（名称なし）駐車場,33.0947102,131.2006026,WGS84,10385 10383,,猟師山、合頭山,,,,,TH-gsi-ryoshiyama-aitozan(17m),,provisional,20,公式情報または2情報源での確認が必要、名称なし,"OpenStreetMap（© OpenStreetMap contributors, ODbL 1.0）Geofabrik japan-latest.osm.pbf 2026-09-30T20:22:42Z node/1712258419",
PK-n1722371079,parking,（名称なし）駐車場,32.4816635,131.0120292,WGS84,875 904 908,烏帽子岳、国見岳、白鳥山,,九州百名山|日本三百名山,,,,TH-n1722371129(13m),,provisional,20,公式情報または2情報源での確認が必要、名称なし,"OpenStreetMap（© OpenStreetMap contributors, ODbL 1.0）Geofabrik japan-latest.osm.pbf 2026-09-30T20:22:42Z node/1722371079",
PK-n1722506581,parking,（名称なし）駐車場,32.652315,131.6887572,WGS84,894,可愛岳,,九州百名山,,,,TH-n10316202019(125m),,provisional,20,公式情報または2情報源での確認が必要、名称なし,"OpenStreetMap（© OpenStreetMap contributors, ODbL 1.0）Geofabrik japan-latest.osm.pbf 2026-09-30T20:22:42Z node/1722506581",
PK-n1726463377,parking,（名称なし）駐車場,32.6485458,131.4430322,WGS84,895,比叡山,,九州百名山,,,,TH-n1388096748(269m),,provisional,20,公式情報または2情報源での確認が必要、名称なし,"OpenStreetMap（© OpenStreetMap contributors, ODbL 1.0）Geofabrik japan-latest.osm.pbf 2026-09-30T20:22:42Z node/1726463377",
PK-n1726574699,parking,（名称なし）駐車場,33.4755983,130.7044031,WGS84,829,古処山,,九州百名山,,,,TH-gsi-kosho-akizuki(283m),,provisional,20,公式情報または2情報源での確認が必要、名称なし,"OpenStreetMap（© OpenStreetMap contributors, ODbL 1.0）Geofabrik japan-latest.osm.pbf 2026-09-30T20:22:42Z node/1726574699",
PK-n1740966433,parking,（名称なし）駐車場,32.778268,131.3370931,WGS84,857 881 882,障子岳、祖母山、古祖母山,,九州百名山|日本百名山|日本二百名山|日本三百名山,,,,TH-n1405196315(159m),,provisional,20,公式情報または2情報源での確認が必要、名称なし,"OpenStreetMap（© OpenStreetMap contributors, ODbL 1.0）Geofabrik japan-latest.osm.pbf 2026-09-30T20:22:42Z node/1740966433",
PK-n1741088700,parking,（名称なし）駐車場,32.7720708,131.4756323,WGS84,883 885 887 889,夏木山、五葉岳、鹿納山、大崩山,,九州百名山|日本二百名山|日本三百名山,,,,TH-n1394366337(85m),,provisional,20,公式情報または2情報源での確認が必要、名称なし,"OpenStreetMap（© OpenStreetMap contributors, ODbL 1.0）Geofabrik japan-latest.osm.pbf 2026-09-30T20:22:42Z node/1741088700",
PK-n1743984459,parking,大曲,33.101236,131.2264731,WGS84,861 862 863 865,黒岳、三俣山、大船山、九重山,,九州百名山|日本三百名山|日本百名山|日本二百名山,,,,TH-n1743984459(0m),,provisional,20,公式情報または2情報源での確認が必要,"OpenStreetMap（© OpenStreetMap contributors, ODbL 1.0）Geofabrik japan-latest.osm.pbf 2026-09-30T20:22:42Z node/1743984459",
PK-n1752049254,parking,黒木林道駐車場,32.9760984,130.06341,WGS84,868 869,経ガ岳、多良岳,,九州百名山|日本三百名山,,,,TH-n1752057933(246m),,provisional,20,公式情報または2情報源での確認が必要,"OpenStreetMap（© OpenStreetMap contributors, ODbL 1.0）Geofabrik japan-latest.osm.pbf 2026-09-30T20:22:42Z node/1752049254",
PK-n1752057906,parking,（名称なし）駐車場,32.9778571,130.0556475,WGS84,868 869,経ガ岳、多良岳,,九州百名山|日本三百名山,,,,TH-n1344057897(133m),,provisional,20,公式情報または2情報源での確認が必要、名称なし,"OpenStreetMap（© OpenStreetMap contributors, ODbL 1.0）Geofabrik japan-latest.osm.pbf 2026-09-30T20:22:42Z node/1752057906",
PK-n1837539371,parking,（名称なし）駐車場,33.2313353,129.8910083,WGS84,851,黒髪山,,九州百名山,,,,TH-n1836184398(138m),access=customers,provisional,20,公式情報または2情報源での確認が必要、名称なし,"OpenStreetMap（© OpenStreetMap contributors, ODbL 1.0）Geofabrik japan-latest.osm.pbf 2026-09-30T20:22:42Z node/1837539371",
PK-n1842236273,parking,（名称なし）駐車場,33.1927268,129.8943151,WGS84,851,黒髪山,,九州百名山,,,,TH-w415761662(427m),,provisional,20,公式情報または2情報源での確認が必要、名称なし、登山口から離れている（徒歩アプローチを要確認）,"OpenStreetMap（© OpenStreetMap contributors, ODbL 1.0）Geofabrik japan-latest.osm.pbf 2026-09-30T20:22:42Z node/1842236273",
PK-n1842236782,parking,（名称なし）駐車場,33.1950654,129.8953498,WGS84,851,黒髪山,,九州百名山,,,,TH-w415761662(153m),,provisional,20,公式情報または2情報源での確認が必要、名称なし,"OpenStreetMap（© OpenStreetMap contributors, ODbL 1.0）Geofabrik japan-latest.osm.pbf 2026-09-30T20:22:42Z node/1842236782",
PK-n1956551940,parking,（名称なし）駐車場,33.0948677,129.9203409,WGS84,864,虚空蔵山,,九州百名山,,,,TH-n1291322239(25m),,provisional,20,公式情報または2情報源での確認が必要、名称なし,"OpenStreetMap（© OpenStreetMap contributors, ODbL 1.0）Geofabrik japan-latest.osm.pbf 2026-09-30T20:22:42Z node/1956551940",
PK-n2160627633,parking,（名称なし）駐車場,32.785011,130.272472,WGS84,884,九千部岳,,九州百名山,,,,TH-n1331911161(298m),,provisional,20,公式情報または2情報源での確認が必要、名称なし,"OpenStreetMap（© OpenStreetMap contributors, ODbL 1.0）Geofabrik japan-latest.osm.pbf 2026-09-30T20:22:42Z node/2160627633",
PK-n3269360741,parking,（名称なし）駐車場,33.0860183,129.919317,WGS84,864,虚空蔵山,,九州百名山,,,,TH-n1291317350(9m) TH-n12085538741(485m),,provisional,20,公式情報または2情報源での確認が必要、名称なし、登山口から離れている（徒歩アプローチを要確認）,"OpenStreetMap（© OpenStreetMap contributors, ODbL 1.0）Geofabrik japan-latest.osm.pbf 2026-09-30T20:22:42Z node/3269360741",
PK-n5510227221,parking,駐車場,33.2678121,131.3675015,WGS84,849,由布岳,,日本二百名山|日本三百名山|九州百名山,,,,TH-n1307439394(191m),,provisional,20,公式情報または2情報源での確認が必要,"OpenStreetMap（© OpenStreetMap contributors, ODbL 1.0）Geofabrik japan-latest.osm.pbf 2026-09-30T20:22:42Z node/5510227221",
PK-n7675882690,parking,（名称なし）駐車場,33.8777726,130.9049907,WGS84,771,足立山,,九州百名山,,,,TH-n1579493511(268m) TH-n1579495691(196m),,provisional,20,公式情報または2情報源での確認が必要、名称なし,"OpenStreetMap（© OpenStreetMap contributors, ODbL 1.0）Geofabrik japan-latest.osm.pbf 2026-09-30T20:22:42Z node/7675882690",
PK-n8689689978,parking,（名称なし）駐車場,33.6848334,130.4734951,WGS84,815,立花山,,九州百名山,,,,TH-n1268341666(209m),,provisional,20,公式情報または2情報源での確認が必要、名称なし,"OpenStreetMap（© OpenStreetMap contributors, ODbL 1.0）Geofabrik japan-latest.osm.pbf 2026-09-30T20:22:42Z node/8689689978",
PK-w1019589528,parking,（名称なし）駐車場,33.5380812,130.3045464,WGS84,10370,,飯盛山,,,,,TH-gsi-iimoriyama-nakamiya(55m),fee=no,provisional,40,公式情報または2情報源での確認が必要、名称なし,"OpenStreetMap（© OpenStreetMap contributors, ODbL 1.0）Geofabrik japan-latest.osm.pbf 2026-09-30T20:22:42Z way/1019589528",
PK-w1051263213,parking,（名称なし）駐車場,31.8869356,130.9659879,WGS84,921,高千穂峰,,日本二百名山|日本三百名山|九州百名山,,,,TH-n1870975552(71m) TH-n1870975951(267m),,provisional,40,公式情報または2情報源での確認が必要、名称なし,"OpenStreetMap（© OpenStreetMap contributors, ODbL 1.0）Geofabrik japan-latest.osm.pbf 2026-09-30T20:22:42Z way/1051263213",
PK-w1057511020,parking,（名称なし）駐車場,33.3011018,130.5643899,WGS84,10378,,高良山,,,,,TH-osm-w715203220(60m),,provisional,40,公式情報または2情報源での確認が必要、名称なし,"OpenStreetMap（© OpenStreetMap contributors, ODbL 1.0）Geofabrik japan-latest.osm.pbf 2026-09-30T20:22:42Z way/1057511020",
PK-w1057569638,parking,（名称なし）駐車場,32.9506947,130.9392687,WGS84,871,鞍岳,,九州百名山,,,,TH-n1473794509(35m),,provisional,40,公式情報または2情報源での確認が必要、名称なし,"OpenStreetMap（© OpenStreetMap contributors, ODbL 1.0）Geofabrik japan-latest.osm.pbf 2026-09-30T20:22:42Z way/1057569638",
PK-w1079120458,parking,（名称なし）駐車場,33.2685476,131.3675691,WGS84,849,由布岳,,日本二百名山|日本三百名山|九州百名山,,,,TH-n1307439394(145m),,provisional,40,公式情報または2情報源での確認が必要、名称なし,"OpenStreetMap（© OpenStreetMap contributors, ODbL 1.0）Geofabrik japan-latest.osm.pbf 2026-09-30T20:22:42Z way/1079120458",
PK-w110010781,parking,かまど神社駐車場,33.5283679,130.5504696,WGS84,824,宝満山,,九州百名山,,,,TH-n1239456847(226m) TH-n1820256255(182m),,provisional,40,公式情報または2情報源での確認が必要,"OpenStreetMap（© OpenStreetMap contributors, ODbL 1.0）Geofabrik japan-latest.osm.pbf 2026-09-30T20:22:42Z way/110010781",
PK-w110010783,parking,かまど神社駐車場,33.5282231,130.5501882,WGS84,824,宝満山,,九州百名山,,,,TH-n1239456847(257m) TH-n1820256255(181m),,provisional,40,公式情報または2情報源での確認が必要,"OpenStreetMap（© OpenStreetMap contributors, ODbL 1.0）Geofabrik japan-latest.osm.pbf 2026-09-30T20:22:42Z way/110010783",
PK-w1106985359,parking,（名称なし）駐車場,33.8657429,130.9026119,WGS84,771,足立山,,九州百名山,,,,TH-n5434372794(283m),,provisional,40,公式情報または2情報源での確認が必要、名称なし,"OpenStreetMap（© OpenStreetMap contributors, ODbL 1.0）Geofabrik japan-latest.osm.pbf 2026-09-30T20:22:42Z way/1106985359",
PK-w1106985363,parking,（名称なし）駐車場,33.865067,130.9017508,WGS84,771,足立山,,九州百名山,,,,TH-n5434372794(248m),,provisional,40,公式情報または2情報源での確認が必要、名称なし,"OpenStreetMap（© OpenStreetMap contributors, ODbL 1.0）Geofabrik japan-latest.osm.pbf 2026-09-30T20:22:42Z way/1106985363",
PK-w1207443616,parking,（名称なし）駐車場,33.4157242,130.4258713,WGS84,844,九千部山,,九州百名山,,,,TH-n2293364309(302m),access=customers,provisional,40,公式情報または2情報源での確認が必要、名称なし、登山口から離れている（徒歩アプローチを要確認）,"OpenStreetMap（© OpenStreetMap contributors, ODbL 1.0）Geofabrik japan-latest.osm.pbf 2026-09-30T20:22:42Z way/1207443616",
PK-w1207443658,parking,（名称なし）駐車場,33.414331,130.4236706,WGS84,844,九千部山,,九州百名山,,,,TH-n2293364309(473m),access=customers,provisional,40,公式情報または2情報源での確認が必要、名称なし、登山口から離れている（徒歩アプローチを要確認）,"OpenStreetMap（© OpenStreetMap contributors, ODbL 1.0）Geofabrik japan-latest.osm.pbf 2026-09-30T20:22:42Z way/1207443658",
PK-w1208038110,parking,（名称なし）駐車場,31.9454797,130.8430344,WGS84,919 920,白鳥山（霧島山）、霧島山,,九州百名山|日本百名山|日本二百名山|日本三百名山,,,,TH-n8148255443(125m) TH-n1905402903(193m) TH-n11193529936(284m),,provisional,40,公式情報または2情報源での確認が必要、名称なし,"OpenStreetMap（© OpenStreetMap contributors, ODbL 1.0）Geofabrik japan-latest.osm.pbf 2026-09-30T20:22:42Z way/1208038110",
PK-w1210346104,parking,（名称なし）駐車場,33.5770801,130.1781121,WGS84,10367,,可也山,,,,,TH-gsi-kayasan-moroyoshi(331m),,provisional,40,公式情報または2情報源での確認が必要、名称なし、登山口から離れている（徒歩アプローチを要確認）,"OpenStreetMap（© OpenStreetMap contributors, ODbL 1.0）Geofabrik japan-latest.osm.pbf 2026-09-30T20:22:42Z way/1210346104",
PK-w1222291576,parking,（名称なし）駐車場,33.2192239,129.9075937,WGS84,851,黒髪山,,九州百名山,,,,TH-n1815444306(399m),access=customers,provisional,40,公式情報または2情報源での確認が必要、名称なし、登山口から離れている（徒歩アプローチを要確認）,"OpenStreetMap（© OpenStreetMap contributors, ODbL 1.0）Geofabrik japan-latest.osm.pbf 2026-09-30T20:22:42Z way/1222291576",
PK-w1234092487,parking,（名称なし）駐車場,32.985419,130.0942979,WGS84,868 869 10388,経ガ岳、多良岳,五家原岳,九州百名山|日本三百名山,,,,TH-n1297005766(31m) TH-gsi-tara-nakayama(27m),access=customers,provisional,40,公式情報または2情報源での確認が必要、名称なし,"OpenStreetMap（© OpenStreetMap contributors, ODbL 1.0）Geofabrik japan-latest.osm.pbf 2026-09-30T20:22:42Z way/1234092487",
PK-w1238773863,parking,（名称なし）駐車場,32.9655349,130.5290613,WGS84,870,小岱山,,九州百名山,,,,TH-n1480909430(300m) TH-n1480907277(200m),,provisional,40,公式情報または2情報源での確認が必要、名称なし,"OpenStreetMap（© OpenStreetMap contributors, ODbL 1.0）Geofabrik japan-latest.osm.pbf 2026-09-30T20:22:42Z way/1238773863",
PK-w1246222069,parking,（名称なし）駐車場,32.9679913,130.5299328,WGS84,870,小岱山,,九州百名山,,,,TH-n1480909430(47m) TH-n1480907277(404m),,provisional,40,公式情報または2情報源での確認が必要、名称なし、登山口から離れている（徒歩アプローチを要確認）,"OpenStreetMap（© OpenStreetMap contributors, ODbL 1.0）Geofabrik japan-latest.osm.pbf 2026-09-30T20:22:42Z way/1246222069",
PK-w1282034082,parking,（名称なし）駐車場,33.115562,131.1865856,WGS84,859,涌蓋山,,日本三百名山|九州百名山,,,,TH-gsi-hizenyu(495m),,provisional,40,公式情報または2情報源での確認が必要、名称なし、登山口から離れている（徒歩アプローチを要確認）,"OpenStreetMap（© OpenStreetMap contributors, ODbL 1.0）Geofabrik japan-latest.osm.pbf 2026-09-30T20:22:42Z way/1282034082",
PK-w1306078548,parking,（名称なし）駐車場,32.9995831,130.063144,WGS84,868 869,経ガ岳、多良岳,,九州百名山|日本三百名山,,,,TH-n1298965761(493m) TH-n1298982872(198m),fee=no; access=yes,provisional,40,公式情報または2情報源での確認が必要、名称なし、登山口から離れている（徒歩アプローチを要確認）,"OpenStreetMap（© OpenStreetMap contributors, ODbL 1.0）Geofabrik japan-latest.osm.pbf 2026-09-30T20:22:42Z way/1306078548",
PK-w1357100468,parking,（名称なし）駐車場,30.2574916,130.5817541,WGS84,936,モッチョム岳,,九州百名山,,,,TH-n589014748(17m),,provisional,40,公式情報または2情報源での確認が必要、名称なし,"OpenStreetMap（© OpenStreetMap contributors, ODbL 1.0）Geofabrik japan-latest.osm.pbf 2026-09-30T20:22:42Z way/1357100468",
PK-w1389852494,parking,（名称なし）駐車場,33.8578498,130.7927933,WGS84,10364,,皿倉山,,,,,TH-osm-w941168876(288m),,provisional,40,公式情報または2情報源での確認が必要、名称なし,"OpenStreetMap（© OpenStreetMap contributors, ODbL 1.0）Geofabrik japan-latest.osm.pbf 2026-09-30T20:22:42Z way/1389852494",
PK-w1421346967,parking,高崎山南登山口駐車場,33.2480165,131.5148888,WGS84,10379,,高崎山,,,,,TH-osm-w1421346967(0m),,provisional,40,公式情報または2情報源での確認が必要,"OpenStreetMap（© OpenStreetMap contributors, ODbL 1.0）Geofabrik japan-latest.osm.pbf 2026-09-30T20:22:42Z way/1421346967",
PK-w1426203561,parking,（名称なし）駐車場,32.878768,131.0841748,WGS84,873,阿蘇山,,日本百名山|日本二百名山|日本三百名山|九州百名山,,,,TH-kP11-22-43-bs1011(174m),operator=砂千里ヶ浜駐車場,provisional,40,公式情報または2情報源での確認が必要、名称なし,"OpenStreetMap（© OpenStreetMap contributors, ODbL 1.0）Geofabrik japan-latest.osm.pbf 2026-09-30T20:22:42Z way/1426203561",
PK-w1455712627,parking,（名称なし）駐車場,30.3396743,130.5952598,WGS84,934 935,宮之浦岳、黒味岳,,日本百名山|日本二百名山|日本三百名山|九州百名山,,,,TH-n4435165390(28m),fee=no,provisional,40,公式情報または2情報源での確認が必要、名称なし,"OpenStreetMap（© OpenStreetMap contributors, ODbL 1.0）Geofabrik japan-latest.osm.pbf 2026-09-30T20:22:42Z way/1455712627",
PK-w1455714469,parking,Yakusugiland Parking,30.3045745,130.5755649,WGS84,934 935,宮之浦岳、黒味岳,,日本百名山|日本二百名山|日本三百名山|九州百名山,,,,TH-n588930233(26m),fee=no,provisional,40,公式情報または2情報源での確認が必要,"OpenStreetMap（© OpenStreetMap contributors, ODbL 1.0）Geofabrik japan-latest.osm.pbf 2026-09-30T20:22:42Z way/1455714469",
PK-w1469991471,parking,（名称なし）駐車場,33.2172694,129.8864202,WGS84,851,黒髪山,,九州百名山,,,,TH-n1815047592(25m),,provisional,40,公式情報または2情報源での確認が必要、名称なし,"OpenStreetMap（© OpenStreetMap contributors, ODbL 1.0）Geofabrik japan-latest.osm.pbf 2026-09-30T20:22:42Z way/1469991471",
PK-w1497653750,parking,（名称なし）駐車場,33.220569,129.905513,WGS84,851,黒髪山,,九州百名山,,,,TH-n1815444306(322m),,provisional,40,公式情報または2情報源での確認が必要、名称なし、登山口から離れている（徒歩アプローチを要確認）,"OpenStreetMap（© OpenStreetMap contributors, ODbL 1.0）Geofabrik japan-latest.osm.pbf 2026-09-30T20:22:42Z way/1497653750",
PK-w1506802814,parking,（名称なし）駐車場,32.4279706,130.3268167,WGS84,909,倉岳,,九州百名山,,,,TH-n1292655509(299m),,provisional,40,公式情報または2情報源での確認が必要、名称なし,"OpenStreetMap（© OpenStreetMap contributors, ODbL 1.0）Geofabrik japan-latest.osm.pbf 2026-09-30T20:22:42Z way/1506802814",
PK-w1506802816,parking,（名称なし）駐車場,32.427327,130.3247805,WGS84,909,倉岳,,九州百名山,,,,TH-n1292600846(176m) TH-n1292655509(446m) TH-n1292665304(464m),,provisional,40,公式情報または2情報源での確認が必要、名称なし、登山口から離れている（徒歩アプローチを要確認）,"OpenStreetMap（© OpenStreetMap contributors, ODbL 1.0）Geofabrik japan-latest.osm.pbf 2026-09-30T20:22:42Z way/1506802816",
PK-w1506802821,parking,（名称なし）駐車場,32.4260737,130.3235728,WGS84,909,倉岳,,九州百名山,,,,TH-n1292600846(39m) TH-n1292665304(339m),,provisional,40,公式情報または2情報源での確認が必要、名称なし、登山口から離れている（徒歩アプローチを要確認）,"OpenStreetMap（© OpenStreetMap contributors, ODbL 1.0）Geofabrik japan-latest.osm.pbf 2026-09-30T20:22:42Z way/1506802821",
PK-w156307388,parking,阿蘇山上駐車場,32.8796985,131.0732713,WGS84,873,阿蘇山,,日本百名山|日本二百名山|日本三百名山|九州百名山,,,,TH-n585195466(180m),fee=yes; access=yes; operator=自然公園財団 　阿蘇支部,provisional,40,公式情報または2情報源での確認が必要,"OpenStreetMap（© OpenStreetMap contributors, ODbL 1.0）Geofabrik japan-latest.osm.pbf 2026-09-30T20:22:42Z way/156307388",
PK-w160206663,parking,（名称なし）駐車場,31.82027,131.3984214,WGS84,10396,,斟鉢山,,,,,TH-osm-w160206663(0m),,provisional,40,公式情報または2情報源での確認が必要、名称なし,"OpenStreetMap（© OpenStreetMap contributors, ODbL 1.0）Geofabrik japan-latest.osm.pbf 2026-09-30T20:22:42Z way/160206663",
PK-w160553915,parking,大金峰登山口前,32.5670834,130.9082057,WGS84,903,大金峰,,九州百名山,,,,TH-w160553915(0m),,provisional,40,公式情報または2情報源での確認が必要,"OpenStreetMap（© OpenStreetMap contributors, ODbL 1.0）Geofabrik japan-latest.osm.pbf 2026-09-30T20:22:42Z way/160553915",
PK-w160579519,parking,別所駐車場,33.4889004,130.9053806,WGS84,832,英彦山,,日本二百名山|日本三百名山|九州百名山,,,,TH-n1503560607(456m) TH-n1503562632(154m),,provisional,40,公式情報または2情報源での確認が必要、登山口から離れている（徒歩アプローチを要確認）,"OpenStreetMap（© OpenStreetMap contributors, ODbL 1.0）Geofabrik japan-latest.osm.pbf 2026-09-30T20:22:42Z way/160579519",
PK-w160691881,parking,（名称なし）駐車場,32.3965413,130.8263966,WGS84,911,仰烏帽子山,,九州百名山,,,,TH-n1289867619(481m) TH-n1289893178(383m),,provisional,40,公式情報または2情報源での確認が必要、名称なし、登山口から離れている（徒歩アプローチを要確認）,"OpenStreetMap（© OpenStreetMap contributors, ODbL 1.0）Geofabrik japan-latest.osm.pbf 2026-09-30T20:22:42Z way/160691881",
PK-w160714125,parking,（名称なし）駐車場,32.9003951,131.1026266,WGS84,873,阿蘇山,,日本百名山|日本二百名山|日本三百名山|九州百名山,,,,TH-n849507180(182m) TH-gsi-sensuikyo(167m),,provisional,40,公式情報または2情報源での確認が必要、名称なし,"OpenStreetMap（© OpenStreetMap contributors, ODbL 1.0）Geofabrik japan-latest.osm.pbf 2026-09-30T20:22:42Z way/160714125",
PK-w160714132,parking,（名称なし）駐車場,32.9007212,131.1032234,WGS84,873,阿蘇山,,日本百名山|日本二百名山|日本三百名山|九州百名山,,,,TH-n849507180(229m) TH-gsi-sensuikyo(101m),,provisional,40,公式情報または2情報源での確認が必要、名称なし,"OpenStreetMap（© OpenStreetMap contributors, ODbL 1.0）Geofabrik japan-latest.osm.pbf 2026-09-30T20:22:42Z way/160714132",
PK-w160714134,parking,（名称なし）駐車場,32.8990335,131.1027359,WGS84,873,阿蘇山,,日本百名山|日本二百名山|日本三百名山|九州百名山,,,,TH-n849507180(40m) TH-n8151194375(475m) TH-gsi-sensuikyo(275m),,provisional,40,公式情報または2情報源での確認が必要、名称なし、登山口から離れている（徒歩アプローチを要確認）,"OpenStreetMap（© OpenStreetMap contributors, ODbL 1.0）Geofabrik japan-latest.osm.pbf 2026-09-30T20:22:42Z way/160714134",
PK-w160898589,parking,由布岳登山口前,33.2648726,131.3964852,WGS84,849,由布岳,,日本二百名山|日本三百名山|九州百名山,,,,TH-n4217635605(49m),,provisional,40,公式情報または2情報源での確認が必要,"OpenStreetMap（© OpenStreetMap contributors, ODbL 1.0）Geofabrik japan-latest.osm.pbf 2026-09-30T20:22:42Z way/160898589",
PK-w161003980,parking,（名称なし）駐車場,31.8850197,130.8948943,WGS84,921,高千穂峰,,日本二百名山|日本三百名山|九州百名山,,,,TH-kP11-22-46-bs2032(49m),,provisional,40,公式情報または2情報源での確認が必要、名称なし,"OpenStreetMap（© OpenStreetMap contributors, ODbL 1.0）Geofabrik japan-latest.osm.pbf 2026-09-30T20:22:42Z way/161003980",
PK-w161003981,parking,（名称なし）駐車場,31.884928,130.8957364,WGS84,921,高千穂峰,,日本二百名山|日本三百名山|九州百名山,,,,TH-kP11-22-46-bs2032(34m),,provisional,40,公式情報または2情報源での確認が必要、名称なし,"OpenStreetMap（© OpenStreetMap contributors, ODbL 1.0）Geofabrik japan-latest.osm.pbf 2026-09-30T20:22:42Z way/161003981",
PK-w161003983,parking,（名称なし）駐車場,31.9150663,130.8405963,WGS84,920,霧島山,,日本百名山|日本二百名山|日本三百名山|九州百名山,,,,TH-n1929867191(75m),,provisional,40,公式情報または2情報源での確認が必要、名称なし,"OpenStreetMap（© OpenStreetMap contributors, ODbL 1.0）Geofabrik japan-latest.osm.pbf 2026-09-30T20:22:42Z way/161003983",
PK-w162142876,parking,（名称なし）駐車場,32.7865436,130.2565968,WGS84,884,九千部岳,,九州百名山,,,,TH-n2347398499(232m),,provisional,40,公式情報または2情報源での確認が必要、名称なし,"OpenStreetMap（© OpenStreetMap contributors, ODbL 1.0）Geofabrik japan-latest.osm.pbf 2026-09-30T20:22:42Z way/162142876",
PK-w162552684,parking,（名称なし）駐車場,33.2779158,131.4471565,WGS84,848,鶴見岳,,日本三百名山|九州百名山,,,,TH-n2193710763(424m),fee=no; access=customers,provisional,40,公式情報または2情報源での確認が必要、名称なし、登山口から離れている（徒歩アプローチを要確認）,"OpenStreetMap（© OpenStreetMap contributors, ODbL 1.0）Geofabrik japan-latest.osm.pbf 2026-09-30T20:22:42Z way/162552684",
PK-w162552685,parking,（名称なし）駐車場,33.2724859,131.4395155,WGS84,848,鶴見岳,,日本三百名山|九州百名山,,,,TH-kP11-22-44-bs3480(480m) TH-n1744178824(47m),,provisional,40,公式情報または2情報源での確認が必要、名称なし、登山口から離れている（徒歩アプローチを要確認）,"OpenStreetMap（© OpenStreetMap contributors, ODbL 1.0）Geofabrik japan-latest.osm.pbf 2026-09-30T20:22:42Z way/162552685",
PK-w164878530,parking,（名称なし）駐車場,31.9484226,130.8501694,WGS84,919 920,白鳥山（霧島山）、霧島山,,九州百名山|日本百名山|日本二百名山|日本三百名山,,,,TH-n585187157(194m) TH-n5323909139(269m),,provisional,40,公式情報または2情報源での確認が必要、名称なし,"OpenStreetMap（© OpenStreetMap contributors, ODbL 1.0）Geofabrik japan-latest.osm.pbf 2026-09-30T20:22:42Z way/164878530",
PK-w181689270,parking,（名称なし）駐車場,33.0959461,131.2078937,WGS84,861 862 863 865,黒岳、三俣山、大船山、九重山,,九州百名山|日本三百名山|日本百名山|日本二百名山,,,,TH-n1308423597(63m),,provisional,40,公式情報または2情報源での確認が必要、名称なし,"OpenStreetMap（© OpenStreetMap contributors, ODbL 1.0）Geofabrik japan-latest.osm.pbf 2026-09-30T20:22:42Z way/181689270",
PK-w181699025,parking,（名称なし）駐車場,33.1253687,131.2940123,WGS84,861 862 863 865,黒岳、三俣山、大船山、九重山,,九州百名山|日本三百名山|日本百名山|日本二百名山,,,,TH-n1307462749(113m) TH-n1307466695(458m),,provisional,40,公式情報または2情報源での確認が必要、名称なし、登山口から離れている（徒歩アプローチを要確認）,"OpenStreetMap（© OpenStreetMap contributors, ODbL 1.0）Geofabrik japan-latest.osm.pbf 2026-09-30T20:22:42Z way/181699025",
PK-w181699026,parking,（名称なし）駐車場,33.1255839,131.2949776,WGS84,861 862 863 865,黒岳、三俣山、大船山、九重山,,九州百名山|日本三百名山|日本百名山|日本二百名山,,,,TH-n1307462749(206m) TH-n1307466695(365m),,provisional,40,公式情報または2情報源での確認が必要、名称なし、登山口から離れている（徒歩アプローチを要確認）,"OpenStreetMap（© OpenStreetMap contributors, ODbL 1.0）Geofabrik japan-latest.osm.pbf 2026-09-30T20:22:42Z way/181699026",
PK-w181708012,parking,赤川登山口,33.0661527,131.2315646,WGS84,861 862 863 865,黒岳、三俣山、大船山、九重山,,九州百名山|日本三百名山|日本百名山|日本二百名山,,,,TH-w181708012(0m),,provisional,40,公式情報または2情報源での確認が必要,"OpenStreetMap（© OpenStreetMap contributors, ODbL 1.0）Geofabrik japan-latest.osm.pbf 2026-09-30T20:22:42Z way/181708012",
PK-w181708014,parking,赤川登山口,33.0661119,131.2313039,WGS84,861 862 863 865,黒岳、三俣山、大船山、九重山,,九州百名山|日本三百名山|日本百名山|日本二百名山,,,,TH-w181708012(25m),,provisional,40,公式情報または2情報源での確認が必要,"OpenStreetMap（© OpenStreetMap contributors, ODbL 1.0）Geofabrik japan-latest.osm.pbf 2026-09-30T20:22:42Z way/181708014",
PK-w182584467,parking,（名称なし）駐車場,31.9457109,130.8436223,WGS84,919 920,白鳥山（霧島山）、霧島山,,九州百名山|日本百名山|日本二百名山|日本三百名山,,,,TH-n8148255443(80m) TH-n1905402903(226m) TH-n11193529936(328m),,provisional,40,公式情報または2情報源での確認が必要、名称なし、登山口から離れている（徒歩アプローチを要確認）,"OpenStreetMap（© OpenStreetMap contributors, ODbL 1.0）Geofabrik japan-latest.osm.pbf 2026-09-30T20:22:42Z way/182584467",
PK-w182584469,parking,（名称なし）駐車場,31.9461563,130.8448006,WGS84,919 920,白鳥山（霧島山）、霧島山,,九州百名山|日本百名山|日本二百名山|日本三百名山,,,,TH-n8148255443(101m) TH-n1905402903(319m),,provisional,40,公式情報または2情報源での確認が必要、名称なし、登山口から離れている（徒歩アプローチを要確認）,"OpenStreetMap（© OpenStreetMap contributors, ODbL 1.0）Geofabrik japan-latest.osm.pbf 2026-09-30T20:22:42Z way/182584469",
PK-w188180679,parking,（名称なし）駐車場,33.2672808,131.3683743,WGS84,849,由布岳,,日本二百名山|日本三百名山|九州百名山,,,,TH-n1307439394(194m),fee=yes,provisional,40,公式情報または2情報源での確認が必要、名称なし,"OpenStreetMap（© OpenStreetMap contributors, ODbL 1.0）Geofabrik japan-latest.osm.pbf 2026-09-30T20:22:42Z way/188180679",
PK-w188462611,parking,（名称なし）駐車場,33.2653607,131.3968829,WGS84,849,由布岳,,日本二百名山|日本三百名山|九州百名山,,,,TH-n4217635605(95m),,provisional,40,公式情報または2情報源での確認が必要、名称なし,"OpenStreetMap（© OpenStreetMap contributors, ODbL 1.0）Geofabrik japan-latest.osm.pbf 2026-09-30T20:22:42Z way/188462611",
PK-w192154049,parking,（名称なし）駐車場,33.4731478,131.527241,WGS84,831,田原山,,九州百名山,,,,TH-n2027146038(48m),,provisional,40,公式情報または2情報源での確認が必要、名称なし,"OpenStreetMap（© OpenStreetMap contributors, ODbL 1.0）Geofabrik japan-latest.osm.pbf 2026-09-30T20:22:42Z way/192154049",
PK-w204997131,parking,（名称なし）駐車場,33.303998,131.4528164,WGS84,848,鶴見岳,,日本三百名山|九州百名山,,,,TH-n4139393725(179m),,provisional,40,公式情報または2情報源での確認が必要、名称なし,"OpenStreetMap（© OpenStreetMap contributors, ODbL 1.0）Geofabrik japan-latest.osm.pbf 2026-09-30T20:22:42Z way/204997131",
PK-w204997134,parking,（名称なし）駐車場,33.3037565,131.4525147,WGS84,848,鶴見岳,,日本三百名山|九州百名山,,,,TH-n4139393725(202m),,provisional,40,公式情報または2情報源での確認が必要、名称なし,"OpenStreetMap（© OpenStreetMap contributors, ODbL 1.0）Geofabrik japan-latest.osm.pbf 2026-09-30T20:22:42Z way/204997134",
PK-w214122999,parking,レゾネイト駐車場,33.0670266,131.280751,WGS84,861 862 863 865,黒岳、三俣山、大船山、九重山,,九州百名山|日本三百名山|日本百名山|日本二百名山,,,,TH-w214122999(0m),,provisional,40,公式情報または2情報源での確認が必要,"OpenStreetMap（© OpenStreetMap contributors, ODbL 1.0）Geofabrik japan-latest.osm.pbf 2026-09-30T20:22:42Z way/214122999",
PK-w226948091,parking,（名称なし）駐車場,33.1019459,131.177757,WGS84,859,涌蓋山,,日本三百名山|九州百名山,,,,TH-gsi-ichimokuyama(98m),,provisional,40,公式情報または2情報源での確認が必要、名称なし,"OpenStreetMap（© OpenStreetMap contributors, ODbL 1.0）Geofabrik japan-latest.osm.pbf 2026-09-30T20:22:42Z way/226948091",
PK-w226948094,parking,（名称なし）駐車場,33.1002915,131.1779612,WGS84,859,涌蓋山,,日本三百名山|九州百名山,,,,TH-gsi-ichimokuyama(93m),,provisional,40,公式情報または2情報源での確認が必要、名称なし,"OpenStreetMap（© OpenStreetMap contributors, ODbL 1.0）Geofabrik japan-latest.osm.pbf 2026-09-30T20:22:42Z way/226948094",
PK-w238085928,parking,（名称なし）駐車場,33.4889501,130.9091974,WGS84,832,英彦山,,日本二百名山|日本三百名山|九州百名山,,,,TH-n1503560607(475m) TH-n1503562632(206m),,provisional,40,公式情報または2情報源での確認が必要、名称なし、登山口から離れている（徒歩アプローチを要確認）,"OpenStreetMap（© OpenStreetMap contributors, ODbL 1.0）Geofabrik japan-latest.osm.pbf 2026-09-30T20:22:42Z way/238085928",
PK-w249179055,parking,（名称なし）駐車場,33.4375065,131.266591,WGS84,842,鹿嵐山,,九州百名山,,,,TH-n2558335762(209m),,provisional,40,公式情報または2情報源での確認が必要、名称なし,"OpenStreetMap（© OpenStreetMap contributors, ODbL 1.0）Geofabrik japan-latest.osm.pbf 2026-09-30T20:22:42Z way/249179055",
PK-w279477369,parking,（名称なし）駐車場,31.9440186,130.8390918,WGS84,920,霧島山,,日本百名山|日本二百名山|日本三百名山|九州百名山,,,,TH-n11193529936(308m),,provisional,40,公式情報または2情報源での確認が必要、名称なし、登山口から離れている（徒歩アプローチを要確認）,"OpenStreetMap（© OpenStreetMap contributors, ODbL 1.0）Geofabrik japan-latest.osm.pbf 2026-09-30T20:22:42Z way/279477369",
PK-w279648825,parking,（名称なし）駐車場,31.9497043,130.8519611,WGS84,919 920,白鳥山（霧島山）、霧島山,,九州百名山|日本百名山|日本二百名山|日本三百名山,,,,TH-n585187157(27m) TH-n1764756909(419m) TH-n5323909139(423m),,provisional,40,公式情報または2情報源での確認が必要、名称なし、登山口から離れている（徒歩アプローチを要確認）,"OpenStreetMap（© OpenStreetMap contributors, ODbL 1.0）Geofabrik japan-latest.osm.pbf 2026-09-30T20:22:42Z way/279648825",
PK-w281013451,parking,唐谷登山口駐車場,32.4658986,131.0223641,WGS84,908,白鳥山,,九州百名山,,,,TH-n1395700474(30m),,provisional,40,公式情報または2情報源での確認が必要,"OpenStreetMap（© OpenStreetMap contributors, ODbL 1.0）Geofabrik japan-latest.osm.pbf 2026-09-30T20:22:42Z way/281013451",
PK-w291529793,parking,矛岳登山口駐車場,32.7066378,131.5017897,WGS84,891,鉾岳,,九州百名山,,,,TH-w291529793(0m) TH-n2949948178(409m),fee=200円,provisional,40,公式情報または2情報源での確認が必要、登山口から離れている（徒歩アプローチを要確認）,"OpenStreetMap（© OpenStreetMap contributors, ODbL 1.0）Geofabrik japan-latest.osm.pbf 2026-09-30T20:22:42Z way/291529793",
PK-w301902989,parking,（名称なし）駐車場,33.601159,130.5358684,WGS84,10365,,若杉山,,,,,TH-osm-w301902989(0m),,provisional,40,公式情報または2情報源での確認が必要、名称なし,"OpenStreetMap（© OpenStreetMap contributors, ODbL 1.0）Geofabrik japan-latest.osm.pbf 2026-09-30T20:22:42Z way/301902989",
PK-w303422733,parking,（名称なし）駐車場,33.495263,130.229361,WGS84,836,井原山,,九州百名山,,,,TH-kP11-22-40-bs6759(100m),,provisional,40,公式情報または2情報源での確認が必要、名称なし,"OpenStreetMap（© OpenStreetMap contributors, ODbL 1.0）Geofabrik japan-latest.osm.pbf 2026-09-30T20:22:42Z way/303422733",
PK-w310933496,parking,（名称なし）駐車場,33.5304524,131.0118378,WGS84,828,犬ガ岳,,九州百名山,,,,TH-gsi-inugatake-uguisu(161m),,provisional,40,公式情報または2情報源での確認が必要、名称なし,"OpenStreetMap（© OpenStreetMap contributors, ODbL 1.0）Geofabrik japan-latest.osm.pbf 2026-09-30T20:22:42Z way/310933496",
PK-w347821396,parking,（名称なし）駐車場,33.2354023,131.1439852,WGS84,850,万年山,,九州百名山,,,,TH-osm-w347821396(0m),,provisional,40,公式情報または2情報源での確認が必要、名称なし,"OpenStreetMap（© OpenStreetMap contributors, ODbL 1.0）Geofabrik japan-latest.osm.pbf 2026-09-30T20:22:42Z way/347821396",
PK-w35893901,parking,第一展望所駐車場,32.751068,130.2836394,WGS84,886,雲仙岳,,日本二百名山|日本三百名山|九州百名山,,,,TH-w35601104(185m) TH-w35601104-2(445m),fee=no; access=yes,provisional,40,公式情報または2情報源での確認が必要、登山口から離れている（徒歩アプローチを要確認）,"OpenStreetMap（© OpenStreetMap contributors, ODbL 1.0）Geofabrik japan-latest.osm.pbf 2026-09-30T20:22:42Z way/35893901",
PK-w410855099,parking,（名称なし）駐車場,32.8545981,130.9805795,WGS84,880,俵山,,九州百名山,,,,TH-n1759336711(35m),,provisional,40,公式情報または2情報源での確認が必要、名称なし,"OpenStreetMap（© OpenStreetMap contributors, ODbL 1.0）Geofabrik japan-latest.osm.pbf 2026-09-30T20:22:42Z way/410855099",
PK-w412570578,parking,（名称なし）駐車場,33.3030448,131.4602661,WGS84,848,鶴見岳,,日本三百名山|九州百名山,,,,TH-kP11-22-44-bs3148(251m),,provisional,40,公式情報または2情報源での確認が必要、名称なし,"OpenStreetMap（© OpenStreetMap contributors, ODbL 1.0）Geofabrik japan-latest.osm.pbf 2026-09-30T20:22:42Z way/412570578",
PK-w412570582,parking,（名称なし）駐車場,33.3028645,131.4611217,WGS84,848,鶴見岳,,日本三百名山|九州百名山,,,,TH-kP11-22-44-bs3148(212m),,provisional,40,公式情報または2情報源での確認が必要、名称なし,"OpenStreetMap（© OpenStreetMap contributors, ODbL 1.0）Geofabrik japan-latest.osm.pbf 2026-09-30T20:22:42Z way/412570582",
PK-w412618199,parking,（名称なし）駐車場,32.849469,130.9449954,WGS84,880,俵山,,九州百名山,,,,TH-n1385706065(263m),,provisional,40,公式情報または2情報源での確認が必要、名称なし,"OpenStreetMap（© OpenStreetMap contributors, ODbL 1.0）Geofabrik japan-latest.osm.pbf 2026-09-30T20:22:42Z way/412618199",
PK-w413046503,parking,（名称なし）駐車場,32.843136,130.9391455,WGS84,880,俵山,,九州百名山,,,,TH-n11221795665(276m),,provisional,40,公式情報または2情報源での確認が必要、名称なし,"OpenStreetMap（© OpenStreetMap contributors, ODbL 1.0）Geofabrik japan-latest.osm.pbf 2026-09-30T20:22:42Z way/413046503",
PK-w413046504,parking,（名称なし）駐車場,32.8431463,130.9381738,WGS84,880,俵山,,九州百名山,,,,TH-kP11-22-43-bs1432(83m),,provisional,40,公式情報または2情報源での確認が必要、名称なし,"OpenStreetMap（© OpenStreetMap contributors, ODbL 1.0）Geofabrik japan-latest.osm.pbf 2026-09-30T20:22:42Z way/413046504",
PK-w413046506,parking,（名称なし）駐車場,32.8425711,130.9383083,WGS84,880,俵山,,九州百名山,,,,TH-kP11-22-43-bs1432(58m) TH-n11221795665(362m),,provisional,40,公式情報または2情報源での確認が必要、名称なし、登山口から離れている（徒歩アプローチを要確認）,"OpenStreetMap（© OpenStreetMap contributors, ODbL 1.0）Geofabrik japan-latest.osm.pbf 2026-09-30T20:22:42Z way/413046506",
PK-w413046507,parking,（名称なし）駐車場,32.842248,130.9387708,WGS84,880,俵山,,九州百名山,,,,TH-kP11-22-43-bs1432(105m) TH-n11221795665(330m),,provisional,40,公式情報または2情報源での確認が必要、名称なし、登山口から離れている（徒歩アプローチを要確認）,"OpenStreetMap（© OpenStreetMap contributors, ODbL 1.0）Geofabrik japan-latest.osm.pbf 2026-09-30T20:22:42Z way/413046507",
PK-w413052850,parking,（名称なし）駐車場,32.8506993,130.9446533,WGS84,880,俵山,,九州百名山,,,,TH-n1385706065(324m),,provisional,40,公式情報または2情報源での確認が必要、名称なし、登山口から離れている（徒歩アプローチを要確認）,"OpenStreetMap（© OpenStreetMap contributors, ODbL 1.0）Geofabrik japan-latest.osm.pbf 2026-09-30T20:22:42Z way/413052850",
PK-w415761662,parking,有田ダム駐車場,33.1962401,129.8962102,WGS84,851,黒髪山,,九州百名山,,,,TH-w415761662(0m),,provisional,40,公式情報または2情報源での確認が必要,"OpenStreetMap（© OpenStreetMap contributors, ODbL 1.0）Geofabrik japan-latest.osm.pbf 2026-09-30T20:22:42Z way/415761662",
PK-w418394376,parking,（名称なし）駐車場,33.2985534,131.4569748,WGS84,848,鶴見岳,,日本三百名山|九州百名山,,,,TH-n1712254871(472m) TH-n2148643377(218m),,provisional,40,公式情報または2情報源での確認が必要、名称なし、登山口から離れている（徒歩アプローチを要確認）,"OpenStreetMap（© OpenStreetMap contributors, ODbL 1.0）Geofabrik japan-latest.osm.pbf 2026-09-30T20:22:42Z way/418394376",
PK-w418394377,parking,（名称なし）駐車場,33.299055,131.4572666,WGS84,848,鶴見岳,,日本三百名山|九州百名山,,,,TH-n2148643377(187m),,provisional,40,公式情報または2情報源での確認が必要、名称なし,"OpenStreetMap（© OpenStreetMap contributors, ODbL 1.0）Geofabrik japan-latest.osm.pbf 2026-09-30T20:22:42Z way/418394377",
PK-w418394378,parking,（名称なし）駐車場,33.2998319,131.4575777,WGS84,848,鶴見岳,,日本三百名山|九州百名山,,,,TH-n2148643377(161m),,provisional,40,公式情報または2情報源での確認が必要、名称なし,"OpenStreetMap（© OpenStreetMap contributors, ODbL 1.0）Geofabrik japan-latest.osm.pbf 2026-09-30T20:22:42Z way/418394378",
PK-w418397013,parking,（名称なし）駐車場,33.3016406,131.4610665,WGS84,848,鶴見岳,,日本三百名山|九州百名山,,,,TH-kP11-22-44-bs3148(79m),,provisional,40,公式情報または2情報源での確認が必要、名称なし,"OpenStreetMap（© OpenStreetMap contributors, ODbL 1.0）Geofabrik japan-latest.osm.pbf 2026-09-30T20:22:42Z way/418397013",
PK-w421633813,parking,脊振山頂駐車場,33.4340885,130.3698203,WGS84,843,脊振山,,日本三百名山|九州百名山,,,,TH-n1872094299(64m),fee=no; access=yes,provisional,40,公式情報または2情報源での確認が必要,"OpenStreetMap（© OpenStreetMap contributors, ODbL 1.0）Geofabrik japan-latest.osm.pbf 2026-09-30T20:22:42Z way/421633813",
PK-w447806830,parking,駐車場,33.0588075,131.2593816,WGS84,861 862 863 865,黒岳、三俣山、大船山、九重山,,九州百名山|日本三百名山|日本百名山|日本二百名山,,,,TH-w447806830(0m),,provisional,40,公式情報または2情報源での確認が必要,"OpenStreetMap（© OpenStreetMap contributors, ODbL 1.0）Geofabrik japan-latest.osm.pbf 2026-09-30T20:22:42Z way/447806830",
PK-w447806905,parking,駐車場,33.0586262,131.2593624,WGS84,861 862 863 865,黒岳、三俣山、大船山、九重山,,九州百名山|日本三百名山|日本百名山|日本二百名山,,,,TH-w447806830(20m),,provisional,40,公式情報または2情報源での確認が必要,"OpenStreetMap（© OpenStreetMap contributors, ODbL 1.0）Geofabrik japan-latest.osm.pbf 2026-09-30T20:22:42Z way/447806905",
PK-w475982845,parking,草千里展望駐車場,32.8851444,131.0504547,WGS84,10390 10389,,杵島岳、往生岳,,,,,TH-gsi-kishimadake-kusasenri(443m),fee=no; access=yes; opening_hours=24/7; operator=阿蘇市,provisional,40,公式情報または2情報源での確認が必要、登山口から離れている（徒歩アプローチを要確認）,"OpenStreetMap（© OpenStreetMap contributors, ODbL 1.0）Geofabrik japan-latest.osm.pbf 2026-09-30T20:22:42Z way/475982845",
PK-w476005644,parking,（名称なし）駐車場,32.8859259,131.0534736,WGS84,10390 10389,,杵島岳、往生岳,,,,,TH-gsi-kishimadake-kusasenri(149m),access=private,provisional,40,公式情報または2情報源での確認が必要、名称なし,"OpenStreetMap（© OpenStreetMap contributors, ODbL 1.0）Geofabrik japan-latest.osm.pbf 2026-09-30T20:22:42Z way/476005644",
PK-w476214778,parking,（名称なし）駐車場,32.8811777,131.0838667,WGS84,873,阿蘇山,,日本百名山|日本二百名山|日本三百名山|九州百名山,,,,TH-kP11-22-43-bs1011(112m),,provisional,40,公式情報または2情報源での確認が必要、名称なし,"OpenStreetMap（© OpenStreetMap contributors, ODbL 1.0）Geofabrik japan-latest.osm.pbf 2026-09-30T20:22:42Z way/476214778",
PK-w476214779,parking,（名称なし）駐車場,32.8805063,131.0841037,WGS84,873,阿蘇山,,日本百名山|日本二百名山|日本三百名山|九州百名山,,,,TH-kP11-22-43-bs1011(42m),,provisional,40,公式情報または2情報源での確認が必要、名称なし,"OpenStreetMap（© OpenStreetMap contributors, ODbL 1.0）Geofabrik japan-latest.osm.pbf 2026-09-30T20:22:42Z way/476214779",
PK-w476214796,parking,（名称なし）駐車場,32.8804295,131.0739705,WGS84,873,阿蘇山,,日本百名山|日本二百名山|日本三百名山|九州百名山,,,,TH-n585195466(205m),fee=no; access=yes,provisional,40,公式情報または2情報源での確認が必要、名称なし,"OpenStreetMap（© OpenStreetMap contributors, ODbL 1.0）Geofabrik japan-latest.osm.pbf 2026-09-30T20:22:42Z way/476214796",
PK-w476226921,parking,第二展望所駐車場,32.7414102,130.2921486,WGS84,886,雲仙岳,,日本二百名山|日本三百名山|九州百名山,,,,TH-w476226921(0m),,provisional,40,公式情報または2情報源での確認が必要,"OpenStreetMap（© OpenStreetMap contributors, ODbL 1.0）Geofabrik japan-latest.osm.pbf 2026-09-30T20:22:42Z way/476226921",
PK-w487549490,parking,（名称なし）駐車場,33.2101193,129.9056429,WGS84,851,黒髪山,,九州百名山,,,,TH-n1744246490(374m) TH-n4800054164(4m),fee=no; access=yes,provisional,40,公式情報または2情報源での確認が必要、名称なし、登山口から離れている（徒歩アプローチを要確認）,"OpenStreetMap（© OpenStreetMap contributors, ODbL 1.0）Geofabrik japan-latest.osm.pbf 2026-09-30T20:22:42Z way/487549490",
PK-w487549493,parking,（名称なし）駐車場,33.2132637,129.9046683,WGS84,851,黒髪山,,九州百名山,,,,TH-n1744246490(20m) TH-n4800054164(356m),fee=no; access=yes,provisional,40,公式情報または2情報源での確認が必要、名称なし、登山口から離れている（徒歩アプローチを要確認）,"OpenStreetMap（© OpenStreetMap contributors, ODbL 1.0）Geofabrik japan-latest.osm.pbf 2026-09-30T20:22:42Z way/487549493",
PK-w487549497,parking,（名称なし）駐車場,33.2118261,129.9038675,WGS84,851,黒髪山,,九州百名山,,,,TH-n1744246490(179m) TH-n4800054164(249m),fee=no; access=yes,provisional,40,公式情報または2情報源での確認が必要、名称なし,"OpenStreetMap（© OpenStreetMap contributors, ODbL 1.0）Geofabrik japan-latest.osm.pbf 2026-09-30T20:22:42Z way/487549497",
PK-w517184154,parking,天川駐車場,33.343151,130.1421707,WGS84,846,天山,,九州百名山,,,,TH-n1959300997(36m),fee=no; capacity=20; access=yes; opening_hours=24/7; operator=小城市,provisional,40,公式情報または2情報源での確認が必要,"OpenStreetMap（© OpenStreetMap contributors, ODbL 1.0）Geofabrik japan-latest.osm.pbf 2026-09-30T20:22:42Z way/517184154",
PK-w517533385,parking,天山上宮駐車場,33.3322336,130.1410876,WGS84,846,天山,,九州百名山,,,,TH-w517533385(0m) TH-n5050235389(406m),fee=no; capacity=25; access=yes; opening_hours=24/7,provisional,40,公式情報または2情報源での確認が必要、登山口から離れている（徒歩アプローチを要確認）,"OpenStreetMap（© OpenStreetMap contributors, ODbL 1.0）Geofabrik japan-latest.osm.pbf 2026-09-30T20:22:42Z way/517533385",
PK-w538384663,parking,（名称なし）駐車場,33.3812008,130.4549508,WGS84,844,九千部山,,九州百名山,,,,TH-n11802268743(9m),,provisional,40,公式情報または2情報源での確認が必要、名称なし,"OpenStreetMap（© OpenStreetMap contributors, ODbL 1.0）Geofabrik japan-latest.osm.pbf 2026-09-30T20:22:42Z way/538384663",
PK-w540105707,parking,（名称なし）駐車場,32.9562083,130.0889088,WGS84,868 869,経ガ岳、多良岳,,九州百名山|日本三百名山,,,,TH-n1342889184(494m),fee=no; access=yes,provisional,40,公式情報または2情報源での確認が必要、名称なし、登山口から離れている（徒歩アプローチを要確認）,"OpenStreetMap（© OpenStreetMap contributors, ODbL 1.0）Geofabrik japan-latest.osm.pbf 2026-09-30T20:22:42Z way/540105707",
PK-w559962732,parking,（名称なし）駐車場,33.6648162,130.464093,WGS84,815,立花山,,九州百名山,,,,TH-n3941553147(99m) TH-n1864209676(473m),,provisional,40,公式情報または2情報源での確認が必要、名称なし、登山口から離れている（徒歩アプローチを要確認）,"OpenStreetMap（© OpenStreetMap contributors, ODbL 1.0）Geofabrik japan-latest.osm.pbf 2026-09-30T20:22:42Z way/559962732",
PK-w559962733,parking,（名称なし）駐車場,33.6670163,130.4649284,WGS84,815,立花山,,九州百名山,,,,TH-n3941553147(171m) TH-n1864209676(242m),,provisional,40,公式情報または2情報源での確認が必要、名称なし,"OpenStreetMap（© OpenStreetMap contributors, ODbL 1.0）Geofabrik japan-latest.osm.pbf 2026-09-30T20:22:42Z way/559962733",
PK-w563973261,parking,（名称なし）駐車場,33.8751928,130.9053161,WGS84,771,足立山,,九州百名山,,,,TH-n1579493511(20m) TH-n1579495691(326m),,provisional,40,公式情報または2情報源での確認が必要、名称なし、登山口から離れている（徒歩アプローチを要確認）,"OpenStreetMap（© OpenStreetMap contributors, ODbL 1.0）Geofabrik japan-latest.osm.pbf 2026-09-30T20:22:42Z way/563973261",
PK-w566304460,parking,（名称なし）駐車場,33.4546016,130.3520996,WGS84,837,金山,,九州百名山,,,,TH-n2014951264(302m),,provisional,40,公式情報または2情報源での確認が必要、名称なし、登山口から離れている（徒歩アプローチを要確認）,"OpenStreetMap（© OpenStreetMap contributors, ODbL 1.0）Geofabrik japan-latest.osm.pbf 2026-09-30T20:22:42Z way/566304460",
PK-w600299578,parking,（名称なし）駐車場,31.4692596,130.3829741,WGS84,928,金峰山,,九州百名山,,,,TH-n1390531708(288m) TH-n1390530356(452m) TH-gsi-kinpo-summit-p(36m),,provisional,40,公式情報または2情報源での確認が必要、名称なし、登山口から離れている（徒歩アプローチを要確認）,"OpenStreetMap（© OpenStreetMap contributors, ODbL 1.0）Geofabrik japan-latest.osm.pbf 2026-09-30T20:22:42Z way/600299578",
PK-w611777528,parking,白谷雲水峡の駐車場 (Shiratani Unsuikyō Parking),30.3807815,130.574998,WGS84,934 935,宮之浦岳、黒味岳,,日本百名山|日本二百名山|日本三百名山|九州百名山,,,,TH-n588973500(117m),fee=no,provisional,40,公式情報または2情報源での確認が必要,"OpenStreetMap（© OpenStreetMap contributors, ODbL 1.0）Geofabrik japan-latest.osm.pbf 2026-09-30T20:22:42Z way/611777528",
PK-w611777529,parking,（名称なし）駐車場,30.3817734,130.5758545,WGS84,934 935,宮之浦岳、黒味岳,,日本百名山|日本二百名山|日本三百名山|九州百名山,,,,TH-n588973500(254m),fee=no,provisional,40,公式情報または2情報源での確認が必要、名称なし,"OpenStreetMap（© OpenStreetMap contributors, ODbL 1.0）Geofabrik japan-latest.osm.pbf 2026-09-30T20:22:42Z way/611777529",
PK-w628930881,parking,二の岳登山駐車場,32.8356405,130.6210882,WGS84,878,二ノ岳,,九州百名山,,,,TH-w628930881(0m),fee=no; capacity=10,provisional,40,公式情報または2情報源での確認が必要,"OpenStreetMap（© OpenStreetMap contributors, ODbL 1.0）Geofabrik japan-latest.osm.pbf 2026-09-30T20:22:42Z way/628930881",
PK-w642067710,parking,国見岳・妙見岳登山口 駐車場,32.7629751,130.2752638,WGS84,886,雲仙岳,,日本二百名山|日本三百名山|九州百名山,,,,TH-n1331939699(19m),,provisional,40,公式情報または2情報源での確認が必要,"OpenStreetMap（© OpenStreetMap contributors, ODbL 1.0）Geofabrik japan-latest.osm.pbf 2026-09-30T20:22:42Z way/642067710",
PK-w688265326,parking,志々伎山登山口駐車場,33.1779035,129.3676942,WGS84,856,志々伎山,,九州百名山,,,,TH-n6453495965(134m),fee=no; access=yes,provisional,40,公式情報または2情報源での確認が必要,"OpenStreetMap（© OpenStreetMap contributors, ODbL 1.0）Geofabrik japan-latest.osm.pbf 2026-09-30T20:22:42Z way/688265326",
PK-w691715111,parking,（名称なし）駐車場,32.139705,130.3540646,WGS84,917,矢筈岳,,九州百名山,,,,TH-n2054755515(395m),,provisional,40,公式情報または2情報源での確認が必要、名称なし、登山口から離れている（徒歩アプローチを要確認）,"OpenStreetMap（© OpenStreetMap contributors, ODbL 1.0）Geofabrik japan-latest.osm.pbf 2026-09-30T20:22:42Z way/691715111",
PK-w692965346,parking,（名称なし）駐車場,33.4892383,130.0748536,WGS84,10373 10374,,十坊山、浮嶽,,,,,TH-osm-n6505765696(33m),fee=no; access=customers,provisional,40,公式情報または2情報源での確認が必要、名称なし,"OpenStreetMap（© OpenStreetMap contributors, ODbL 1.0）Geofabrik japan-latest.osm.pbf 2026-09-30T20:22:42Z way/692965346",
PK-w693680104,parking,（名称なし）駐車場,31.7272158,130.4700946,WGS84,10397,,八重山,,,,,TH-gsi-yaeyama-koen(447m),access=customers,provisional,40,公式情報または2情報源での確認が必要、名称なし、登山口から離れている（徒歩アプローチを要確認）,"OpenStreetMap（© OpenStreetMap contributors, ODbL 1.0）Geofabrik japan-latest.osm.pbf 2026-09-30T20:22:42Z way/693680104",
PK-w694447754,parking,（名称なし）駐車場,32.3974235,130.8264743,WGS84,911,仰烏帽子山,,九州百名山,,,,TH-n1289893178(479m),,provisional,40,公式情報または2情報源での確認が必要、名称なし、登山口から離れている（徒歩アプローチを要確認）,"OpenStreetMap（© OpenStreetMap contributors, ODbL 1.0）Geofabrik japan-latest.osm.pbf 2026-09-30T20:22:42Z way/694447754",
PK-w710459473,parking,（名称なし）駐車場,33.5090894,130.3763517,WGS84,10371,,油山,,,,,TH-gsi-aburayama-shiminnomori(468m),,provisional,40,公式情報または2情報源での確認が必要、名称なし、登山口から離れている（徒歩アプローチを要確認）,"OpenStreetMap（© OpenStreetMap contributors, ODbL 1.0）Geofabrik japan-latest.osm.pbf 2026-09-30T20:22:42Z way/710459473",
PK-w715203220,parking,高良神社 駐車場,33.3016159,130.5645803,WGS84,10378,,高良山,,,,,TH-osm-w715203220(0m),,provisional,40,公式情報または2情報源での確認が必要,"OpenStreetMap（© OpenStreetMap contributors, ODbL 1.0）Geofabrik japan-latest.osm.pbf 2026-09-30T20:22:42Z way/715203220",
PK-w723349896,parking,（名称なし）駐車場,33.479365,131.5220751,WGS84,831,田原山,,九州百名山,,,,TH-gsi-kumano-magaibutsu(38m),access=customers,provisional,40,公式情報または2情報源での確認が必要、名称なし,"OpenStreetMap（© OpenStreetMap contributors, ODbL 1.0）Geofabrik japan-latest.osm.pbf 2026-09-30T20:22:42Z way/723349896",
PK-w758168715,parking,（名称なし）駐車場,33.1179998,131.2290029,WGS84,865 862 863 10386 10384 10387 10382,九重山、三俣山、大船山,中岳、星生山、扇ヶ鼻、平治岳,日本百名山|日本二百名山|日本三百名山|九州百名山,,,,TH-osm-n5518618755(24m),fee=no; access=customers,provisional,40,公式情報または2情報源での確認が必要、名称なし,"OpenStreetMap（© OpenStreetMap contributors, ODbL 1.0）Geofabrik japan-latest.osm.pbf 2026-09-30T20:22:42Z way/758168715",
PK-w845838130,parking,飯盛神社宮ノ後駐車場,33.5382856,130.3088129,WGS84,10370,,飯盛山,,,,,TH-gsi-iimoriyama-nakamiya(451m),,provisional,40,公式情報または2情報源での確認が必要、登山口から離れている（徒歩アプローチを要確認）,"OpenStreetMap（© OpenStreetMap contributors, ODbL 1.0）Geofabrik japan-latest.osm.pbf 2026-09-30T20:22:42Z way/845838130",
PK-w877408193,parking,（名称なし）駐車場,33.7570976,130.8942649,WGS84,795,貫山,,九州百名山,,,,TH-n1508565083(281m),,provisional,40,公式情報または2情報源での確認が必要、名称なし,"OpenStreetMap（© OpenStreetMap contributors, ODbL 1.0）Geofabrik japan-latest.osm.pbf 2026-09-30T20:22:42Z way/877408193",
PK-w935159530,parking,（名称なし）駐車場,32.8540897,131.3397575,WGS84,857 876 877 881 882,障子岳、越敷岳、大障子、祖母山、古祖母山,,九州百名山|日本百名山|日本二百名山|日本三百名山,,,,TH-n8666004158(12m),,provisional,40,公式情報または2情報源での確認が必要、名称なし,"OpenStreetMap（© OpenStreetMap contributors, ODbL 1.0）Geofabrik japan-latest.osm.pbf 2026-09-30T20:22:42Z way/935159530",
PK-w941168876,parking,（名称なし）駐車場,33.8570029,130.7957369,WGS84,10364,,皿倉山,,,,,TH-osm-w941168876(0m),,provisional,40,公式情報または2情報源での確認が必要、名称なし,"OpenStreetMap（© OpenStreetMap contributors, ODbL 1.0）Geofabrik japan-latest.osm.pbf 2026-09-30T20:22:42Z way/941168876",
PK-w978745544,parking,（名称なし）駐車場,33.0984096,129.9340747,WGS84,864,虚空蔵山,,九州百名山,,,,TH-kP11-22-41-bs2851(20m),,provisional,40,公式情報または2情報源での確認が必要、名称なし,"OpenStreetMap（© OpenStreetMap contributors, ODbL 1.0）Geofabrik japan-latest.osm.pbf 2026-09-30T20:22:42Z way/978745544",
PK-w986104544,parking,（名称なし）駐車場,33.1183168,131.2294427,WGS84,865 862 863 10386 10384 10387 10382,九重山、三俣山、大船山,中岳、星生山、扇ヶ鼻、平治岳,日本百名山|日本二百名山|日本三百名山|九州百名山,,,,TH-osm-n5518618755(77m),,provisional,40,公式情報または2情報源での確認が必要、名称なし,"OpenStreetMap（© OpenStreetMap contributors, ODbL 1.0）Geofabrik japan-latest.osm.pbf 2026-09-30T20:22:42Z way/986104544",
PK-w995835766,parking,（名称なし）駐車場,33.4691546,130.3575191,WGS84,843,脊振山,,日本三百名山|九州百名山,,,,TH-ksj-P11-22-40-bs6944(387m),,provisional,40,公式情報または2情報源での確認が必要、名称なし、登山口から離れている（徒歩アプローチを要確認）,"OpenStreetMap（© OpenStreetMap contributors, ODbL 1.0）Geofabrik japan-latest.osm.pbf 2026-09-30T20:22:42Z way/995835766",
PK-w999071944,parking,（名称なし）駐車場,32.9578669,130.0765353,WGS84,868 869,経ガ岳、多良岳,,九州百名山|日本三百名山,,,,TH-n1342876423(11m),,provisional,40,公式情報または2情報源での確認が必要、名称なし,"OpenStreetMap（© OpenStreetMap contributors, ODbL 1.0）Geofabrik japan-latest.osm.pbf 2026-09-30T20:22:42Z way/999071944",
TH-gsi-aburayama-shiminnomori,trailhead,油山市民の森 登山口（油山）,33.512108,130.372809,WGS84,10371,,油山,,,登山記録で広く使われている登山口,,PK-g3351211_13037281(0m) PK-w710459473(468m) BS-n8917489439(554m),,provisional,150,市民の森の駐車場は有料（3時間まで300円、以後1時間ごとに100円）。入口駐車場は繁忙期を除き無料。駐車場の利用は午前9時〜午後6時（福岡市）、毎月第1・第3水曜日は休園日（福岡市）,"国土地理院ベクトルタイル提供実験 地理院地図の車道の終点で徒歩道が始まる位置（33.512108, 130.372809）、標高337.8m。地理院地図の注記「市民の森」から384m、国土数値情報のバス停「油山市民の森」から554m。地理院地図の徒歩道で山頂まで約0.9km 2026-09-30確認 ｜ 登山記録で広く使われている登山口（登山記録・登山情報サイトで名称と利用を確認。公式情報では未確認） 2026-09-30確認",
TH-gsi-fukuchiyama-dam,trailhead,福智山ダム登山口,33.757652,130.787254,WGS84,802,福智山,,九州百名山,福智山ダムコース,公式情報による登山口,,,parking=内ヶ磯ダム駐車場 約12台（福智町）; access=ガードレールの脇から福智山ダム登山口が始まる（福智町）,adopted,400,福智山ダムコースの駐車場近くにはトイレがない（福智町）、登山口の正確な位置は公式情報では未確認,"国土地理院ベクトルタイル提供実験 地理院地図の徒歩道が車道から始まる位置（33.757652, 130.787254）、標高176.5m。地理院地図の注記「福智山ダム」から377m 2026-09-26確認 ｜ 公式情報: https://www.town.fukuchi.lg.jp/material/files/group/1/fukuchiyama_P49_P70_20241130.pdf",2026-09-26
TH-gsi-hachikendani,trailhead,ハチケン谷登山口（京丈山）,32.555047,130.954655,WGS84,901,京丈山,,九州百名山,,公式情報による登山口,,,,adopted,200,林道はハチケン谷の入口まで通行可、その先は危険（五ヶ瀬町、2023年10月30日時点）、登山口の正確な位置は公式情報では未確認,"国土地理院ベクトルタイル提供実験 地理院地図の徒歩道が車道から始まる位置（32.555047, 130.954655）、標高832.2m。地理院地図の徒歩道で山頂まで約4.2km 2026-09-24確認 ｜ 公式情報: https://www.town.gokase.miyazaki.jp/kakuka/kikaku/1704.html",2026-09-24
TH-gsi-hachiro-hirayama,trailhead,平山登山口（八郎岳）,32.666958,129.839494,WGS84,893,八郎岳,,九州百名山,,登山記録で広く使われている登山口,,BS-kP11-22-42-bs5011(211m) BS-kP11-22-42-bs5006(433m) BS-kP11-22-42-bs5023(634m),,provisional,250,八郎岳登山口近辺には駐車場がない。少し離れた駐車場か公共交通機関の利用を求めている（長崎市）,"国土地理院ベクトルタイル提供実験 地理院地図の徒歩道が車道から始まる位置（32.666958, 129.839494）、標高56.7m。地理院地図の注記「平山町」から241m。地理院地図の徒歩道で山頂まで約1.9km 2026-09-24確認 ｜ 登山記録で広く使われている登山口（登山記録・登山情報サイトで名称と利用を確認。公式情報では未確認） 2026-09-24確認",
TH-gsi-happo-kamikoku,trailhead,上虎口登山口（八方ヶ岳）,33.059873,130.832003,WGS84,866,八方ガ岳,,九州百名山,,登山記録で広く使われている登山口,,,,provisional,250,,"国土地理院ベクトルタイル提供実験 地理院地図の徒歩道が車道から始まる位置（33.059873, 130.832003）、標高526m。地理院地図の注記「上虎口」から420m。地理院地図の徒歩道で山頂まで約1.5km 2026-09-24確認 ｜ 登山記録で広く使われている登山口（登山記録・登山情報サイトで名称と利用を確認。公式情報では未確認） 2026-09-24確認",
TH-gsi-hizenyu,trailhead,ひぜん湯登山口（疥癬湯・涌蓋山）,33.119834,131.184991,WGS84,859,涌蓋山,,日本三百名山|九州百名山,,登山記録で広く使われている登山口,,PK-w1282034082(495m),,provisional,300,,"国土地理院ベクトルタイル提供実験 地理院地図の注記「疥癬湯」の位置（33.119834, 131.184991）、標高943.7m 2026-09-26確認 ｜ 登山記録で広く使われている登山口（登山記録・登山情報サイトで名称と利用を確認。公式情報では未確認） 2026-09-24確認",
TH-gsi-ichifusa,trailhead,市房山登山口（祓川橋・市房山キャンプ場）,32.318233,131.07271,WGS84,912,市房山,,日本二百名山|日本三百名山|九州百名山,市房神社参道コース,公式情報による登山口,,,restriction=令和2年7月豪雨で登山口の祓川橋が流出し、工事用の仮設道は関係者以外利用できない（水上村）,adopted,200,水上村は市房山への登山を積極的に推奨しておらず、事故については村は責任を負わないとしている（水上村）、登山者記録簿に必ず記入すること。山頂からの縦走は山腹崩壊の危険があるため禁止されている（水上村）、入山前に水上村へ最新の状況を確認すること,"国土地理院ベクトルタイル提供実験 地理院地図の徒歩道が道路から始まる位置（32.318233, 131.072710）。地理院地図の注記「キャンプ場」（32.318446, 131.070101）から250m、標高597.8m 2026-09-23確認 ｜ 公式情報: https://www.vill.mizukami.lg.jp/kiji003680/index.html",2026-09-23
TH-gsi-ichimokuyama,trailhead,一目山登山口（八丁原・涌蓋山）,33.101075,131.177587,WGS84,859,涌蓋山,,日本三百名山|九州百名山,,登山記録で広く使われている登山口,,PK-w226948094(93m) PK-w226948091(98m),,provisional,200,,"国土地理院ベクトルタイル提供実験 地理院地図の徒歩道が車道から始まる位置（33.101075, 131.177587）、標高1,151.6m。地理院地図の注記「一目山」の南東約0.5km 2026-09-26確認 ｜ 登山記録で広く使われている登山口（登山記録・登山情報サイトで名称と利用を確認。公式情報では未確認） 2026-09-24確認",
TH-gsi-iimoriyama-nakamiya,trailhead,飯盛神社 中宮登山口（飯盛山）,33.537997,130.303963,WGS84,10370,,飯盛山,,,登山記録で広く使われている登山口,,PK-g33538_13030396(0m) PK-w1019589528(55m) PK-w845838130(451m) BS-kP11-22-40-bs5996(742m) BS-kP11-22-40-bs5977(798m) BS-kP11-22-40-bs6043(849m),,provisional,200,,"国土地理院ベクトルタイル提供実験 地理院地図の車道の終点で徒歩道が始まる位置（33.537997, 130.303963）、標高128.5m。地理院地図の注記「大字飯盛」から241m、OSM の駐車場（way/1019589528）から55m、OSM の「飯盛神社第一駐車場」（way/1126730133）から約580m。地理院地図の徒歩道で山頂まで約0.5km 2026-09-30確認 ｜ 登山記録で広く使われている登山口（登山記録・登山情報サイトで名称と利用を確認。公式情報では未確認） 2026-09-30確認",
TH-gsi-inugatake-uguisu,trailhead,犬ヶ岳登山口（うぐいす谷コース）,33.529702,131.010347,WGS84,828,犬ガ岳,,九州百名山,うぐいす谷コース,公式情報による登山口,,PK-g3353045_13101184(161m) PK-w310933496(161m),course=犬ヶ岳登山口駐車場→船石（20分）→うぐいす谷（20分）→笈吊峠（20分）→犬ヶ岳（1時間10分）。求菩提山公共駐車場から犬ヶ岳登山口駐車場まで15分（豊前市、下りの目安）,adopted,250,登山口の正確な位置は公式情報では未確認,"国土地理院ベクトルタイル提供実験 地理院地図の徒歩道が車道から始まる位置（33.529702, 131.010347）、標高423.1m。地理院地図の注記「大字求菩提」から238m。OSMの駐車場 way/310933496 から約170m 2026-09-26確認 ｜ 公式情報: https://www.city.buzen.lg.jp/kanko/asobu/tozan/kuboteinugatake.html ｜ 公式情報: https://www.city.buzen.lg.jp/kanko/asobu/tozan/documents/pdf_kuboteinugatake.pdf",2026-09-26
TH-gsi-iwaudo,trailhead,岩宇土山登山口（上福根山）,32.46258,130.928653,WGS84,907,上福根山,,九州百名山,,登山記録で広く使われている登山口,,PK-g3246258_13092865(0m),,provisional,250,,"国土地理院ベクトルタイル提供実験 地理院地図の徒歩道が車道から始まる位置（32.462580, 130.928653）、標高786.6m。地理院地図の注記「泉町久連子」から470m、注記「岩宇土山」の西約1.0km。地理院地図の徒歩道で山頂まで約3.0km 2026-09-24確認 ｜ 登山記録で広く使われている登山口（登山記録・登山情報サイトで名称と利用を確認。公式情報では未確認） 2026-09-24確認",
TH-gsi-iwayasan-iwayajinja,trailhead,岩屋神社登山口（岩屋山）,32.79599,129.83726,WGS84,10392,,岩屋山,,,登山記録で広く使われている登山口,,PK-g3279599_12983726(0m) BS-kP11-22-42-bs3740(525m) BS-kP11-22-42-bs3741(525m) BS-kP11-22-42-bs3699(675m),,provisional,200,,"国土地理院ベクトルタイル提供実験 地理院地図の車道の終点で徒歩道が始まる位置（32.795990, 129.837260）、標高178.2m。地理院地図の注記「市立虹が丘小学校」の西318m。地理院地図の徒歩道で山頂まで約0.7km 2026-09-30確認 ｜ 登山記録で広く使われている登山口（登山記録・登山情報サイトで名称と利用を確認。公式情報では未確認） 2026-09-30確認",
TH-gsi-kamihouri,trailhead,上祝子登山口（大崩山）,32.743672,131.54287,WGS84,889,大崩山,,日本二百名山|日本三百名山|九州百名山,ワク塚コース、坊主尾根コース,公式情報による登山口,,,"course=大崩山（上祝子登山口）のワク塚コースは往復で体力度4・技術的難易度C、コースタイム9.7時間、距離10.5km、登り下りとも累積1,230m、起点の標高625m、大崩山1,644m（祖母・傾・大崩ユネスコエコパーク 山のグレーディング）",adopted,150,上祝子登山口からは三里河原コース・ワク塚コース・坊主尾根コースがある（祖母・傾・大崩ユネスコエコパーク）,"国土地理院ベクトルタイル提供実験 地理院地図の徒歩道が道路から始まる位置（32.743672, 131.542870）。国土地理院 標高API 617.4mで、祖母・傾・大崩ユネスコエコパーク 山のグレーディングの起点標高625mに近い。地理院地図の注記「大崩山荘」（32.748396, 131.536163）から817m 2026-09-23確認 ｜ 公式情報: https://sobokatamuki-br-council.org/news-event/%E7%A5%96%E6%AF%8D%E3%83%BB%E5%82%BE%E3%83%BB%E5%A4%A7%E5%B4%A9%E5%B1%B1%E7%B3%BB%E3%80%80%E5%B1%B1%E3%81%AE%E3%82%B0%E3%83%AC%E3%83%BC%E3%83%87%E3%82%A3%E3%83%B3%E3%82%B0%E3%82%92%E4%BD%9C%E6%88%90/ ｜ 公式情報: https://sobokatamuki-br-council.org/wp-content/uploads/2026/04/bedd4d54274923af333c2f67117a722f.pdf",2026-09-23
TH-gsi-kanarase-2,trailhead,鹿嵐山 第2登山口,33.440466,131.258324,WGS84,842,鹿嵐山,,九州百名山,,公式情報による登山口,,BS-kP11-22-44-bs1772(114m),course=第2登山口から第1登山口まで20分（宇佐市）,adopted,400,登山口の正確な位置は公式情報では未確認,"国土地理院ベクトルタイル提供実験 地理院地図の車道の終点で徒歩道が始まる位置（33.440466, 131.258324）、標高358m。地理院地図の注記「田ノ平」から314m。地理院地図の徒歩道で山頂まで約1.0km 2026-09-26確認 ｜ 公式情報: https://www.city.usa.oita.jp/tourist/touristspot/touristspot2/touristspot3/10165.html",2026-09-26
TH-gsi-kanmuri-tenbo,trailhead,冠岳展望公園（冠岳登山口）,31.744674,130.333874,WGS84,924,冠岳,,九州百名山,,登山記録で広く使われている登山口,,PK-g3174467_13033387(0m),,provisional,200,,"国土地理院ベクトルタイル提供実験 地理院地図の車道の終点で徒歩道が始まる位置（31.744674, 130.333874）、標高291.4m。地理院地図の注記「冠岳」（西岳）の南東約0.5km 2026-09-24確認 ｜ 登山記録で広く使われている登山口（登山記録・登山情報サイトで名称と利用を確認。公式情報では未確認） 2026-09-24確認",
TH-gsi-kayasan-moroyoshi,trailhead,可也山 師吉登山口,33.574806,130.175784,WGS84,10367,,可也山,,,登山記録で広く使われている登山口,,PK-g3357481_13017578(0m) PK-w1210346104(331m) BS-kP11-22-40-bs5053(330m) BS-kP11-22-40-bs5007(343m) BS-kP11-22-40-bs5090(567m),,provisional,150,,"国土地理院ベクトルタイル提供実験 地理院地図の徒歩道が車道から始まる位置（33.574806, 130.175784）、標高39.8m。地理院地図の注記「志摩師吉」から251m、OSM の案内板「山頂展望所まで1,850m」（node/11896496769）から13m、国土数値情報のバス停「師吉中」から330m。地理院地図の徒歩道で山頂まで約1.6km 2026-09-30確認 ｜ 登山記録で広く使われている登山口（登山記録・登山情報サイトで名称と利用を確認。公式情報では未確認） 2026-09-30確認",
TH-gsi-kinpo-summit-p,trailhead,金峰山 山頂駐車場（金峰神社経由）,31.469567,130.38284,WGS84,928,金峰山,,九州百名山,,登山記録で広く使われている登山口,,PK-g3146957_13038284(0m) PK-w600299578(36m),,provisional,100,山頂近くまで車で行くことができ、駐車場から金峰神社を経て約20分で頂上。駐車場は約50台（南さつま市観光協会）,"国土地理院ベクトルタイル提供実験 地理院地図の徒歩道が車道から始まる位置（31.469567, 130.382840）、標高547.7m。地理院地図の注記「金峯山」から208m。地理院地図の徒歩道で山頂まで約0.2km 2026-09-24確認 ｜ 登山記録で広く使われている登山口（登山記録・登山情報サイトで名称と利用を確認。公式情報では未確認） 2026-09-24確認",
TH-gsi-kinpozan-kumamoto,trailhead,金峰山 登山道入口（第1駐車場・さるすべり）,32.814922,130.647026,WGS84,10391,,金峰山,,,登山記録で広く使われている登山口,,PK-g3281492_13064703(0m) BS-kP11-22-43-bs1712(759m) BS-kP11-22-43-bs1705(972m),,provisional,300,峠の茶屋バス停から徒歩10分で登山口入口、山頂まで約30分。さるすべりと呼ばれる急坂と、それを迂回するゆるやかな登山道がある（熊本市西区）、山頂近くにも駐車場があり、駐車場から山頂まで約5分（熊本県観光サイト）,"国土地理院ベクトルタイル提供実験 地理院地図の車道の終点で徒歩道が始まる位置（32.814922, 130.647026）、標高333.2m。地理院地図の注記「大将陣三」から265m、国土数値情報のバス停「峠の茶屋」から約760m。山頂の東0.8km（地理院地図の徒歩道は山頂の徒歩道と直接はつながらない） 2026-09-30確認 ｜ 登山記録で広く使われている登山口（登山記録・登山情報サイトで名称と利用を確認。公式情報では未確認） 2026-09-30確認",
TH-gsi-kishimadake-kusasenri,trailhead,草千里駐車場東登山口（杵島岳・往生岳）,32.886209,131.055028,WGS84,10390 10389,,杵島岳、往生岳,,,登山記録で広く使われている登山口,,PK-g3288621_13105503(0m) PK-w476005644(149m) PK-w475982845(443m) BS-kP11-22-43-bs978(238m) BS-n12728604201(244m) BS-kP11-22-43-bs981(882m),,provisional,150,草千里駐車場を抜けて登山道入口へ。杵島岳往復で約1時間半（阿蘇山上ビジターセンター）、阿蘇山（中岳）の火口規制の状況は日々変わるため、入山前に最新の情報を確認すること,"国土地理院ベクトルタイル提供実験 地理院地図の徒歩道が車道から始まる位置（32.886209, 131.055028）、標高1,137.7m。地理院地図の注記「阿蘇火山博物館」から261m、OSM の「草千里駐車場」（way/411200785）から139m、国土数値情報のバス停「草千里阿蘇火山博物館前」から238m。地理院地図の徒歩道で山頂まで約1.3km 2026-09-30確認 ｜ 登山記録で広く使われている登山口（登山記録・登山情報サイトで名称と利用を確認。公式情報では未確認） 2026-09-30確認",
TH-gsi-kosho-akizuki,trailhead,古処山登山口（秋月野鳥）,33.476529,130.707237,WGS84,829,古処山,,九州百名山,,公式情報による登山口,,PK-g3347568_13070436(283m) PK-n1726574699(283m) BS-kP11-22-40-bs6900(422m) BS-kP11-22-40-bs6892(463m) BS-kP11-22-40-bs6922(933m),course=古処山登山口から山頂まで約2時間30分（朝倉市）; access=甘木観光バス秋月線「野鳥」から九州自然歩道を徒歩約17分。7月〜9月はだんごあん行で「古処山入口」まで行け、登山口まで徒歩5分（朝倉市）,adopted,200,登山口の正確な位置は公式情報では未確認,"国土地理院ベクトルタイル提供実験 地理院地図の徒歩道が車道から始まる位置（33.476529, 130.707237）、標高236.3m。朝倉市の案内の古処山登山口の駐車場の地図（33.475684, 130.704362）から283m。地理院地図の徒歩道で山頂まで約2.4km 2026-09-26確認 ｜ 公式情報: https://www.city.asakura.lg.jp/site/kanko/1746.html",2026-09-26
TH-gsi-kumano-magaibutsu,trailhead,熊野磨崖仏駐車場（田原山登山口）,33.479093,131.522318,WGS84,831,田原山,,九州百名山,,登山記録で広く使われている登山口,,PK-g3347909_13152232(0m) PK-w723349896(38m),,provisional,250,,"国土地理院ベクトルタイル提供実験 地理院地図の徒歩道が車道から始まる位置（33.479093, 131.522318）、標高256.4m。地理院地図の注記「熊野」から327m 2026-09-24確認 ｜ 登山記録で広く使われている登山口（登山記録・登山情報サイトで名称と利用を確認。公式情報では未確認） 2026-09-24確認",
TH-gsi-maidake,trailhead,舞岳登山口（小川岳）,32.617048,131.102471,WGS84,899,小川岳,,九州百名山,,公式情報による登山口,,,,adopted,250,令和8年熊本地震の影響で落石や崩土があり、道路状況が非常に悪い。舞岳登山口は注意箇所あり（山都町、2026年8月7日時点）、登山口の正確な位置は公式情報では未確認,"国土地理院ベクトルタイル提供実験 地理院地図の車道の終点で徒歩道が始まる位置（32.617048, 131.102471）、標高904.5m。地理院地図の注記「舞岳」から725m。地理院地図の徒歩道で山頂まで約3.1km 2026-09-24確認 ｜ 公式情報: https://www.town.kumamoto-yamato.lg.jp/kankou/kiji0037959/index.html",2026-09-24
TH-gsi-masubuchi-dam,trailhead,鱒淵ダム登山口（福智山）,33.755125,130.817992,WGS84,802,福智山,,九州百名山,七重の滝コース、鈴ヶ岩屋コース,公式情報による登山口,,,parking=鱒淵公園駐車場 23台・鱒淵ダム東公園駐車場 20台（いずれもトイレあり）（福智町）; access=頂吉バス停から鱒淵ダムまで約900m（福智町）,adopted,300,登山口の正確な位置は公式情報では未確認,"国土地理院ベクトルタイル提供実験 地理院地図の車道の終点で徒歩道が始まる位置（33.755125, 130.817992）、標高234.5m。地理院地図の注記「七重の滝」から240m。地理院地図の徒歩道で山頂まで約3.9km 2026-09-26確認 ｜ 公式情報: https://www.town.fukuchi.lg.jp/material/files/group/1/fukuchiyama_P49_P70_20241130.pdf",2026-09-26
TH-gsi-mitake-gongen,trailhead,御嶽権現社（鶴見岳登山口）,33.275974,131.434336,WGS84,848,鶴見岳,,日本三百名山|九州百名山,,登山記録で広く使われている登山口,,BS-kP11-22-44-bs3480(661m) BS-kP11-22-44-bs3482(778m) BS-kP11-22-44-bs3443(986m),,provisional,300,,"国土地理院ベクトルタイル提供実験 地理院地図の徒歩道が車道から始まる位置（33.275974, 131.434336）。地理院地図の注記「鳥居」の北西約0.3km。地理院地図の徒歩道で山頂まで約1.5km 2026-09-26確認 ｜ 登山記録で広く使われている登山口（登山記録・登山情報サイトで名称と利用を確認。公式情報では未確認） 2026-09-26確認",
TH-gsi-noma-jinja,trailhead,野間神社（野間岳登山口）,31.399253,130.159873,WGS84,929,野間岳,,九州百名山,,公式情報による登山口,,BS-kP11-22-46-bs7428(867m),parking=あり（約8台）（南さつま市観光協会）; course=野間神社から山頂まで歩いて約40分（南さつま市観光協会）,adopted,100,,"国土地理院ベクトルタイル提供実験 地理院地図の徒歩道が車道から始まる位置（31.399253, 130.159873）、標高348.8m。地理院地図の注記「野間神社」から16m。地理院地図の徒歩道で山頂まで約0.7km 2026-09-24確認 ｜ 公式情報: https://kanko-minamisatsuma.jp/spot/7557/",2026-09-24
TH-gsi-oishigoe,trailhead,大石峠登山口（大石越・祇園山）,32.630412,131.185952,WGS84,896,祇園山,,九州百名山,,公式情報による登山口,,,,adopted,200,鞍岡側からの道は全面通行止め、坂本側からは通行可（五ヶ瀬町、2023年10月30日時点）、登山口の正確な位置は公式情報では未確認,"国土地理院ベクトルタイル提供実験 地理院地図の徒歩道が車道から始まる位置（32.630412, 131.185952）、標高1,018.7m。地理院地図の注記「大石越」から134m。地理院地図の徒歩道で山頂まで約0.9km 2026-09-24確認 ｜ 公式情報: https://www.town.gokase.miyazaki.jp/kakuka/kikaku/1704.html",2026-09-24
TH-gsi-omotodake,trailhead,於茂登岳登山口,24.417469,124.189201,WGS84,10401,,於茂登岳,,,登山記録で広く使われている登山口,,,,provisional,200,整備された駐車場は無く、登山口までの道は未舗装で狭いとの情報がある。入山前に最新情報を確認すること,"国土地理院ベクトルタイル提供実験 地理院地図の徒歩道が車道から始まる位置（24.417469, 124.189201）、標高154m。国土数値情報のバス停「おもと」から約1.4km。地理院地図の徒歩道で山頂まで約2.1km 2026-09-30確認 ｜ 登山記録で広く使われている登山口（登山記録・登山情報サイトで名称と利用を確認。公式情報では未確認） 2026-09-30確認",
TH-gsi-osumiko,trailhead,大隅湖登山口（大箆柄岳）,31.520251,130.852097,WGS84,927,大箆柄岳,,日本三百名山|九州百名山,大隅湖コース,公式情報による登山口,,,"course=大箆柄岳は登り約5時間・下り約4時間、高低差約1,072m、難易度★★★。早朝に出発し昼過ぎに山頂へ着く計画にする（鹿屋市）",adopted,400,大箆柄岳には大隅湖登山口のほか、大箆柄岳東登山口と峰越林道からの登山口がある（鹿屋市）、長時間の登山のため水分を多めに用意すること（鹿屋市）、大隅湖のほとりに徒歩道の起点が複数あり、登山口の正確な位置は公式情報では未確認,"国土地理院ベクトルタイル提供実験 地理院地図の徒歩道が道路から始まる位置（31.520251, 130.852097）。国土地理院 標高API 165.1mで、鹿屋市の高低差約1,072m（山頂1,236.8m）から求めた起点標高約165mと一致。国土地理院 地名検索「大隅湖」（31.517336, 130.852664）から327m 2026-09-23確認 ｜ 公式情報: https://www.city.kanoya.lg.jp/documents/1285/04_05p.pdf ｜ 公式情報: https://www.city.kanoya.lg.jp/kankou/bunka/kanko/event/10.html",2026-09-23
TH-gsi-otani-boroishi,trailhead,小谷登山口（双石山）,31.81088,131.381207,WGS84,923,双石山,,九州百名山,,公式情報による登山口,,,course=小谷登山口から山頂まで目安2.7km、95分～（宮崎市）,adopted,250,登山口の正確な位置は公式情報では未確認,"国土地理院ベクトルタイル提供実験 地理院地図の徒歩道が車道から始まる位置（31.810880, 131.381207）、標高85.4m。地理院地図の注記「塩鶴」から632m。地理院地図の徒歩道で山頂まで約2.1km 2026-09-24確認 ｜ 公式情報: https://faq.miyazaki-city-callcenter.jp/faq/detail.aspx?id=1525",2026-09-24
TH-gsi-ryoshiyama-aitozan,trailhead,猟師山・合頭山登山口,33.094732,131.20042,WGS84,10385 10383,,猟師山、合頭山,,,公式情報による登山口,,PK-g3309473_13120042(0m) PK-n1712258419(17m) BS-n4817665083(654m) BS-kP11-22-44-bs5197(754m),parking=猟師山・合頭山登山口に10台、九重森林公園スキー場に40台（おおいたアウトドア）; course=牧ノ戸峠から瀬の本方向へ800mの登山口から、合頭山を経て猟師山へ（おおいたアウトドア）,adopted,100,合頭山登山口ルート・九重森林公園スキー場登山口ルートともにトイレは無い（おおいたアウトドア）,"国土地理院ベクトルタイル提供実験 地理院地図の徒歩道が車道から始まる位置（33.094732, 131.200420）、標高1,286.6m。地理院地図の注記「牧ノ戸峠」の西約760m、OSM の駐車場から17m。地理院地図の徒歩道で猟師山の山頂まで約1.5km 2026-09-30確認 ｜ 公式情報: https://oita-osoto.jp/spot/236/",2026-09-30
TH-gsi-sensuikyo,trailhead,仙酔峡（阿蘇山 高岳方面）,32.901235,131.104113,WGS84,873,阿蘇山,,日本百名山|日本二百名山|日本三百名山|九州百名山,仙酔峡（すずめ岩迂回ルート）,登山記録で広く使われている登山口,,PK-w160714132(101m) PK-w160714125(167m) PK-w160714134(275m),,provisional,150,火口から概ね1kmの範囲では大きな噴石と火砕流に警戒が必要。火口規制の状況は日々変わるため、入山前に最新の火口規制情報を確認すること（気象庁）,"国土地理院ベクトルタイル提供実験 地理院地図の注記「仙酔峡」の位置（32.901235, 131.104113）、標高853.6m 2026-09-25確認 ｜ 登山記録で広く使われている登山口（登山記録・登山情報サイトで名称と利用を確認。公式情報では未確認） 2026-09-25確認",
TH-gsi-shaka-minekoshi,trailhead,釈迦岳登山口（峰越林道の県境）,33.180268,130.885835,WGS84,855,釈迦ガ岳,,九州百名山,,公式情報による登山口,,,parking=5～6台程度が駐車可能（八女市）; access=国道442号経由で八女市矢部村に入り、矢部支所手前の点滅信号機を左折。御側川沿いに約6km北上して秘境杣の里渓流公園を過ぎ、さらに上ると福岡県と大分県の県境に登山口（八女市）; course=難易度:初級、距離2.0km（往復）。登山口から山頂40分、山頂から登山口30分（八女市）,adopted,300,登山口の正確な位置は公式情報では未確認,"国土地理院ベクトルタイル提供実験 地理院地図の徒歩道が車道から始まる位置（33.180268, 130.885835）、標高1,005.1m。地理院地図の注記「八女市」から703m。地理院地図の徒歩道で山頂まで約0.8km 2026-09-24確認 ｜ 公式情報: https://www.city.yame.fukuoka.jp/soshiki/15/y01/2/1454653520518.html",2026-09-24
TH-gsi-shiragadake,trailhead,白髪岳登山口,32.164274,130.91874,WGS84,916,白髪岳,,九州百名山,,公式情報による登山口,,,parking=駐車場は白髪岳登山口前を利用（あさぎり町）; access=人吉スマートインターから県道43号線（県道錦湯前線）を通って約80分（あさぎり町）; season=林道夫婦岩線・林道榎田大川筋線は冬季に通行を規制する可能性があるため、登山前に問い合わせること（あさぎり町）,adopted,300,登山口の正確な位置は公式情報では未確認,"国土地理院ベクトルタイル提供実験 地理院地図の徒歩道が車道から始まる位置（32.164274, 130.918740）、標高1,118.2m。地理院地図の注記「猪ノ子伏」から565m。地理院地図の徒歩道で山頂まで約3.5km 2026-09-24確認 ｜ 公式情報: https://www.town.asagiri.lg.jp/kiji0034601/index.html",2026-09-24
TH-gsi-sugigakoshi,trailhead,杉ヶ越登山口（傾山）,32.814221,131.503226,WGS84,879,傾山,,日本三百名山|九州百名山,,登山記録で広く使われている登山口,,,,provisional,250,,"国土地理院ベクトルタイル提供実験 地理院地図の徒歩道が車道から始まる位置（32.814221, 131.503226）、標高896.8m。地理院地図の注記「杉ヶ越」から35m。地理院地図の徒歩道で山頂まで約4.5km 2026-09-26確認 ｜ 登山記録で広く使われている登山口（登山記録・登山情報サイトで名称と利用を確認。公式情報では未確認） 2026-09-26確認",
TH-gsi-tara-nakayama,trailhead,中山キャンプ場（多良岳 中山登山口）,32.985201,130.094417,WGS84,869 10388,多良岳,五家原岳,日本三百名山|九州百名山,,登山記録で広く使われている登山口,,PK-w1234092487(27m),,provisional,400,,"国土地理院ベクトルタイル提供実験 地理院地図の徒歩道が車道から始まる位置（32.985201, 130.094417）、標高541.6m。地理院地図の徒歩道で山頂まで約1.8km 2026-09-26確認 ｜ 登山記録で広く使われている登山口（登山記録・登山情報サイトで名称と利用を確認。公式情報では未確認） 2026-09-26確認",
TH-gsi-tarokoba,trailhead,太郎木場登山口（野間岳）,31.401286,130.150995,WGS84,929,野間岳,,九州百名山,,公式情報による登山口,,BS-kP11-22-46-bs7410(343m) BS-kP11-22-46-bs7428(410m) BS-kP11-22-46-bs7374(544m),course=太郎木場登山口から約2時間で山頂（南さつま市観光協会）,adopted,300,登山口の正確な位置は公式情報では未確認,"国土地理院ベクトルタイル提供実験 地理院地図の徒歩道が車道から始まる位置（31.401286, 130.150995）、標高183.2m。地理院地図の注記「太郎木場」から381m。地理院地図の徒歩道で山頂まで約1.6km 2026-09-24確認 ｜ 公式情報: https://kanko-minamisatsuma.jp/spot/7557/",2026-09-24
TH-gsi-tenyabo,trailhead,テンヤボ登山口（小川岳）,32.598715,131.141508,WGS84,899,小川岳,,九州百名山,,公式情報による登山口,,,,adopted,400,登山口までの道は悪路（五ヶ瀬町、2023年10月30日時点）、登山口の正確な位置は公式情報では未確認,"国土地理院ベクトルタイル提供実験 地理院地図の徒歩道が車道から始まる位置（32.598715, 131.141508）、標高1,100.7m。地理院地図の注記「波帰」の北約0.8km 2026-09-24確認 ｜ 公式情報: https://www.town.gokase.miyazaki.jp/kakuka/kikaku/1704.html",2026-09-24
TH-gsi-tsurii-one,trailhead,箱石釣井尾根ルート登山口（根子岳東峰）,32.903632,131.143036,WGS84,874,根子岳,,九州百名山,箱石釣井尾根ルート,公式情報による登山口,,,access=登山口は国道265号沿いで、記帳箱がある（環境省）,adopted,400,高森町側から登る大戸尾根ルート・前原牧野ルートは、ルート上に滑落箇所があり令和5年7月18日から通行不可（高森町）、登山口の正確な位置は公式情報では未確認,"国土地理院ベクトルタイル提供実験 地理院地図の徒歩道が車道から始まる位置（32.903632, 131.143036）、標高754.8m。地理院地図の注記「箱石峠」の西約1.2km 2026-09-26確認 ｜ 公式情報: https://kyushu.env.go.jp/blog/page_00208.html ｜ 公式情報: https://www.town.kumamoto-takamori.lg.jp/page/2003.html",2026-09-26
TH-gsi-yaeyama-koen,trailhead,八重山公園 登山口（八重山）,31.729992,130.466664,WGS84,10397,,八重山,,,登山記録で広く使われている登山口,,PK-g3172999_13046666(0m) PK-w693680104(447m) BS-kP11-22-46-bs3722(485m) BS-kP11-22-46-bs3701(621m),,provisional,250,,"国土地理院ベクトルタイル提供実験 地理院地図の徒歩道が車道から始まる位置（31.729992, 130.466664）、標高464.9m。地理院地図の注記「笹之段」から298m、注記「八重山公園」から約680m、国土数値情報のバス停「八重山公園」から485m。地理院地図の徒歩道で山頂まで約2.2km 2026-09-30確認 ｜ 登山記録で広く使われている登山口（登山記録・登山情報サイトで名称と利用を確認。公式情報では未確認） 2026-09-30確認",
TH-gsi-yoshibu,trailhead,吉部登山口（大船山・平治岳 坊ガツル方面）,33.133306,131.238772,WGS84,863 10382,大船山,平治岳,日本三百名山|九州百名山,,登山記録で広く使われている登山口,,,,provisional,150,,"国土地理院ベクトルタイル提供実験 地理院地図の徒歩道が車道から始まる位置（33.133306, 131.238772）、標高980.2m。地理院地図の注記「吉部」から223m 2026-09-29確認 ｜ 登山記録で広く使われている登山口（登山記録・登山情報サイトで名称と利用を確認。公式情報では未確認） 2026-09-29確認",
TH-gsi-yuwandake-tenbo,trailhead,湯湾岳展望公園（湯湾岳 宇検村側登山口）,28.28749,129.315519,WGS84,10399,,湯湾岳,,,公式情報による登山口,,PK-g2828749_12931552(0m),parking=展望公園に駐車場・トイレがある（環境省）; course=宇検村側登山道は湯湾岳展望公園内に入口があり、1時間程度で山頂付近まで。大和村側はボードウォーク（木道）で15分程度（環境省）,adopted,200,宇検村側の登山道は未舗装で険しく、ガイドの同行が推奨されている（環境省）、ほぼ全域が奄美群島国立公園の特別保護地区で、動植物の捕獲等や開発行為等が厳しく制限されている（環境省）、ハブの目撃例は少ないが、山中に大きな個体が生息している可能性がある（環境省）,"国土地理院ベクトルタイル提供実験 地理院地図の車道の終点で徒歩道が始まる位置（28.287490, 129.315519）、標高472.2m。地理院地図の徒歩道で山頂まで約1.3km 2026-09-30確認 ｜ 公式情報: https://kyushu.env.go.jp/okinawa/awcc/tourism-management-about-yuwandake.html",2026-09-30
TH-kP11-22-40-bs3213,trailhead,大谷川,33.6729206,130.4802092,WGS84,815,立花山,,九州百名山,,駐車場・バス停（林道・車道を経由して登山道へ）,立花山:2.15km,BS-kP11-22-40-bs3213(0m) BS-kP11-22-40-bs3251(546m) BS-kP11-22-40-bs3175(553m),,provisional,15,林道からの入口（マイカー進入可否を要確認）、公式情報または2情報源での確認が必要,"国土数値情報（バス停留所データ）令和4年度（国土交通省）P11-22-40-bs3213（JGD2011）を加工して作成 ｜ OpenStreetMap（© OpenStreetMap contributors, ODbL 1.0）Geofabrik japan-latest.osm.pbf 2026-09-30T20:22:42Z node/1864210151（登山道と道路の接続点）",
TH-kP11-22-40-bs581,trailhead,上藤松一丁目,33.8828059,130.928834,WGS84,771,足立山,,九州百名山,,駐車場・バス停（林道・車道を経由して登山道へ）,足立山:4.81km,BS-kP11-22-40-bs581(0m) BS-kP11-22-40-bs562(255m) BS-kP11-22-40-bs531(354m),,provisional,15,林道からの入口（マイカー進入可否を要確認）、公式情報または2情報源での確認が必要,"国土数値情報（バス停留所データ）令和4年度（国土交通省）P11-22-40-bs581（JGD2011）を加工して作成 ｜ OpenStreetMap（© OpenStreetMap contributors, ODbL 1.0）Geofabrik japan-latest.osm.pbf 2026-09-30T20:22:42Z node/1528378237（登山道と道路の接続点） ｜ 国土地理院 地名検索「福岡県北九州市門司区上藤松一丁目」（33.881981, 130.929779、JGD2011、126m差）2026-09-20確認",2026-09-20
TH-kP11-22-40-bs5926,trailhead,北谷公民館前,33.5415204,130.547477,WGS84,824,宝満山,,九州百名山,OSM登山道「うさぎ道」,駐車場・バス停（林道・車道を経由して登山道へ）,宝満山:3.36km,BS-kP11-22-40-bs5926(0m) BS-kP11-22-40-bs5847(586m) BS-kP11-22-40-bs5773(719m),,provisional,15,林道からの入口（マイカー進入可否を要確認）、公式情報または2情報源での確認が必要,"国土数値情報（バス停留所データ）令和4年度（国土交通省）P11-22-40-bs5926（JGD2011）を加工して作成 ｜ OpenStreetMap（© OpenStreetMap contributors, ODbL 1.0）Geofabrik japan-latest.osm.pbf 2026-09-30T20:22:42Z node/1257870601（登山道と道路の接続点）",
TH-kP11-22-40-bs6759,trailhead,雷山観音前 登山者駐車場（雷山・井原山）,33.4955526,130.2303777,WGS84,836 10372,井原山,雷山,九州百名山,OSM登山道「Hiking trail to Mt. Raizan」,駐車場・バス停（林道・車道を経由して登山道へ）,井原山:5.34km,PK-g3349555_13023038(0m) PK-w303422733(100m) BS-kP11-22-40-bs6759(0m) BS-kP11-22-40-bs6660(808m),,provisional,15,公式情報または2情報源での確認が必要、バス停「雷山観音前」から千如寺まで徒歩約7分。千如寺の駐車場は約120台で、紅葉シーズンは混雑する（糸島市観光協会）,"国土数値情報（バス停留所データ）令和4年度（国土交通省）P11-22-40-bs6759（JGD2011）を加工して作成 ｜ OpenStreetMap（© OpenStreetMap contributors, ODbL 1.0）Geofabrik japan-latest.osm.pbf 2026-09-30T20:22:42Z node/5662898546（登山道と道路の接続点） ｜ 登山記録で広く使われている登山口（登山記録・登山情報サイトで名称と利用を確認。公式情報では未確認） 2026-09-30確認",
TH-kP11-22-41-bs2851,trailhead,大茶樹入口,33.0982945,129.9342437,WGS84,864,虚空蔵山,,九州百名山,,駐車場・バス停（林道・車道を経由して登山道へ）,虚空蔵山:1.51km,PK-w978745544(20m) BS-kP11-22-41-bs2851(0m) BS-kP11-22-41-bs2860(330m) BS-kP11-22-41-bs2805(544m),,provisional,15,林道からの入口（マイカー進入可否を要確認）、公式情報または2情報源での確認が必要,"国土数値情報（バス停留所データ）令和4年度（国土交通省）P11-22-41-bs2851（JGD2011）を加工して作成 ｜ OpenStreetMap（© OpenStreetMap contributors, ODbL 1.0）Geofabrik japan-latest.osm.pbf 2026-09-30T20:22:42Z node/3269988413（登山道と道路の接続点）",
TH-kP11-22-41-bs494,trailhead,古賀の尾,33.41178,130.3562457,WGS84,843,脊振山,,日本三百名山|九州百名山,,駐車場・バス停（林道・車道を経由して登山道へ）,脊振山:5.5km,BS-kP11-22-41-bs494(0m) BS-kP11-22-41-bs487(371m) BS-kP11-22-41-bs459(579m),,provisional,15,林道からの入口（マイカー進入可否を要確認）、公式情報または2情報源での確認が必要,"国土数値情報（バス停留所データ）令和4年度（国土交通省）P11-22-41-bs494（JGD2011）を加工して作成 ｜ OpenStreetMap（© OpenStreetMap contributors, ODbL 1.0）Geofabrik japan-latest.osm.pbf 2026-09-30T20:22:42Z node/1872078722（登山道と道路の接続点）",
TH-kP11-22-41-bs563,trailhead,犬井谷,33.3985971,130.3732555,WGS84,843,脊振山,,日本三百名山|九州百名山,,駐車場・バス停（林道・車道を経由して登山道へ）,脊振山:5.7km,BS-kP11-22-41-bs563(0m),,provisional,15,林道からの入口（マイカー進入可否を要確認）、公式情報または2情報源での確認が必要,"国土数値情報（バス停留所データ）令和4年度（国土交通省）P11-22-41-bs563（JGD2011）を加工して作成 ｜ OpenStreetMap（© OpenStreetMap contributors, ODbL 1.0）Geofabrik japan-latest.osm.pbf 2026-09-30T20:22:42Z node/1872074839（登山道と道路の接続点） ｜ 国土地理院 地名検索「犬井谷」（33.399175, 130.373289、JGD2011、64m差）2026-09-20確認",2026-09-20
TH-kP11-22-43-bs1011,trailhead,火口,32.8803153,131.0844941,WGS84,873,阿蘇山,,日本百名山|日本二百名山|日本三百名山|九州百名山,,駐車場・バス停（林道・車道を経由して登山道へ）,阿蘇山:2.18km,PK-w476214779(42m) PK-w476214778(112m) PK-w1426203561(174m) BS-kP11-22-43-bs1011(0m) BS-kP11-22-43-bs1016(993m),OSM登山ルート: Sensuikyo Gorge Trail,provisional,15,近くの道路にゲートあり（車両通行止め・季節閉鎖の可能性）、公式情報または2情報源での確認が必要,"国土数値情報（バス停留所データ）令和4年度（国土交通省）P11-22-43-bs1011（JGD2011）を加工して作成 ｜ OpenStreetMap（© OpenStreetMap contributors, ODbL 1.0）Geofabrik japan-latest.osm.pbf 2026-09-30T20:22:42Z node/849507201（登山道と道路の接続点）",
TH-kP11-22-43-bs1432,trailhead,萌の里・俵山登山口,32.8425154,130.9376926,WGS84,880,俵山,,九州百名山,,駐車場・バス停（林道・車道を経由して登山道へ）,俵山:4.5km,PK-w413046506(58m) PK-w413046504(83m) PK-w413046507(105m) BS-kP11-22-43-bs1432(0m),,provisional,15,林道からの入口（マイカー進入可否を要確認）、公式情報または2情報源での確認が必要,"国土数値情報（バス停留所データ）令和4年度（国土交通省）P11-22-43-bs1432（JGD2011）を加工して作成 ｜ OpenStreetMap（© OpenStreetMap contributors, ODbL 1.0）Geofabrik japan-latest.osm.pbf 2026-09-30T20:22:42Z node/11221795665（登山道と道路の接続点）",
TH-kP11-22-43-bs4283,trailhead,野々脇,32.3636701,130.8378716,WGS84,911,仰烏帽子山,,九州百名山,,駐車場・バス停（林道・車道を経由して登山道へ）,仰烏帽子山:9.51km,BS-kP11-22-43-bs4283(0m) BS-kP11-22-43-bs4290(539m) BS-kP11-22-43-bs4260(773m),,provisional,15,公式情報または2情報源での確認が必要,"国土数値情報（バス停留所データ）令和4年度（国土交通省）P11-22-43-bs4283（JGD2011）を加工して作成 ｜ OpenStreetMap（© OpenStreetMap contributors, ODbL 1.0）Geofabrik japan-latest.osm.pbf 2026-09-30T20:22:42Z node/1289900262（登山道と道路の接続点）",
TH-kP11-22-44-bs3148,trailhead,ゴルフ場入口,33.3009517,131.4613056,WGS84,848,鶴見岳,,日本三百名山|九州百名山,,駐車場・バス停（林道・車道を経由して登山道へ）,鶴見岳:8.27km,PK-w418397013(79m) PK-w412570582(212m) PK-w412570578(251m) BS-kP11-22-44-bs3148(0m) BS-kP11-22-44-bs3141(99m) BS-kP11-22-44-bs3121(430m),,provisional,15,公式情報または2情報源での確認が必要,"国土数値情報（バス停留所データ）令和4年度（国土交通省）P11-22-44-bs3148（JGD2011）を加工して作成 ｜ OpenStreetMap（© OpenStreetMap contributors, ODbL 1.0）Geofabrik japan-latest.osm.pbf 2026-09-30T20:22:42Z node/4139393725（登山道と道路の接続点）",
TH-kP11-22-44-bs3480,trailhead,トンネル口,33.2700457,131.4352499,WGS84,848,鶴見岳,,日本三百名山|九州百名山,,駐車場・バス停（林道・車道を経由して登山道へ）,鶴見岳:2.2km,PK-w162552685(480m) BS-kP11-22-44-bs3480(0m) BS-kP11-22-44-bs3482(454m) BS-kP11-22-44-bs3481(666m),,provisional,15,林道からの入口（マイカー進入可否を要確認）、公式情報または2情報源での確認が必要,"国土数値情報（バス停留所データ）令和4年度（国土交通省）P11-22-44-bs3480（JGD2011）を加工して作成 ｜ OpenStreetMap（© OpenStreetMap contributors, ODbL 1.0）Geofabrik japan-latest.osm.pbf 2026-09-30T20:22:42Z node/1744175240（登山道と道路の接続点）",
TH-kP11-22-44-bs5015,trailhead,所小野,33.1234823,131.3172335,WGS84,861 862 863 865,黒岳、三俣山、大船山、九重山,,九州百名山|日本三百名山|日本百名山|日本二百名山,,駐車場・バス停（林道・車道を経由して登山道へ）,黒岳:6.37km 三俣山:9.46km 大船山:6.2km 九重山:11.21km,BS-kP11-22-44-bs5015(0m) BS-kP11-22-44-bs5001(609m) BS-kP11-22-44-bs5014(972m),,provisional,15,林道からの入口（マイカー進入可否を要確認）、公式情報または2情報源での確認が必要,"国土数値情報（バス停留所データ）令和4年度（国土交通省）P11-22-44-bs5015（JGD2011）を加工して作成 ｜ OpenStreetMap（© OpenStreetMap contributors, ODbL 1.0）Geofabrik japan-latest.osm.pbf 2026-09-30T20:22:42Z node/1307434741（登山道と道路の接続点）",
TH-kP11-22-45-bs2813,trailhead,祓川,31.8933312,130.9679302,WGS84,921,高千穂峰,,日本二百名山|日本三百名山|九州百名山,,駐車場・バス停（林道・車道を経由して登山道へ）,高千穂峰:8.27km,PK-n12768632262(403m) PK-n12768632263(432m) BS-kP11-22-45-bs2813(0m) BS-kP11-22-45-bs2814(0m) BS-kP11-22-45-bs2794(381m),,provisional,15,林道からの入口（マイカー進入可否を要確認）、公式情報または2情報源での確認が必要,"国土数値情報（バス停留所データ）令和4年度（国土交通省）P11-22-45-bs2813（JGD2011）を加工して作成 ｜ OpenStreetMap（© OpenStreetMap contributors, ODbL 1.0）Geofabrik japan-latest.osm.pbf 2026-09-30T20:22:42Z node/1870975951（登山道と道路の接続点）",
TH-kP11-22-46-bs2032,trailhead,高千穂河原（高千穂峰登山口）,31.8850576,130.8954102,WGS84,921,高千穂峰,,日本二百名山|日本三百名山|九州百名山,,駐車場・バス停（林道・車道を経由して登山道へ）,高千穂峰:2.36km,PK-w161003981(34m) PK-w161003980(49m) BS-kP11-22-46-bs2032(0m),restriction=霧島山（新燃岳）の噴火警戒レベル2。火口から概ね2kmが警戒範囲,adopted,15,火山活動により中岳・新燃岳方面の登山道が規制される。入山前に霧島市・宮崎県と気象庁の情報を確認すること,"国土数値情報（バス停留所データ）令和4年度（国土交通省）P11-22-46-bs2032（JGD2011）を加工して作成 ｜ OpenStreetMap（© OpenStreetMap contributors, ODbL 1.0）Geofabrik japan-latest.osm.pbf 2026-09-30T20:22:42Z node/1383929755（登山道と道路の接続点） ｜ 国土地理院 地名検索「高千穂河原ビジターセンター」（31.885754, 130.896008、JGD2011、96m差）2026-09-20確認 ｜ 公式情報: https://www.city-kirishima.jp/kirikan/kanko/shizen/tozando.html ｜ 公式情報: https://www.pref.miyazaki.lg.jp/kiki-kikikanri/bosai/saigai/kirisima.html ｜ 国土地理院 地名検索「高千穂河原ビジターセンター」（31.885754, 130.896008、JGD2011、96m差）2026-09-20確認",2026-09-20
TH-kP11-22-46-bs879,trailhead,関外,32.1296788,130.3530359,WGS84,917,矢筈岳,,九州百名山,OSM登山道「矢筈林道」,駐車場・バス停（林道・車道を経由して登山道へ）,矢筈岳:4.82km,BS-kP11-22-46-bs879(0m) BS-kP11-22-46-bs876(438m) BS-kP11-22-46-bs890(485m),,provisional,15,林道からの入口（マイカー進入可否を要確認）、公式情報または2情報源での確認が必要,"国土数値情報（バス停留所データ）令和4年度（国土交通省）P11-22-46-bs879（JGD2011）を加工して作成 ｜ OpenStreetMap（© OpenStreetMap contributors, ODbL 1.0）Geofabrik japan-latest.osm.pbf 2026-09-30T20:22:42Z node/2054753405（登山道と道路の接続点）",
TH-ksj-P11-22-40-bs6944,trailhead,椎原（脊振山 車谷登山口方面）,33.469302,130.353352,WGS84,843,脊振山,,日本三百名山|九州百名山,,登山記録で広く使われている登山口,,PK-w995835766(387m) BS-kP11-22-40-bs6944(0m) BS-kP11-22-40-bs6927(396m) BS-kP11-22-40-bs6916(669m),,provisional,100,,"国土数値情報（バス停留所データ）令和4年度（国土交通省）P11-22-40-bs6944（33.469302, 130.353352、JGD2011）を加工して作成。バス停「椎原」 ｜ 登山記録で広く使われている登山口（登山記録・登山情報サイトで名称と利用を確認。公式情報では未確認） 2026-09-26確認",
TH-n10316129024,trailhead,（名称未確認）,32.7386389,131.5299645,WGS84,889,大崩山,,日本二百名山|日本三百名山|九州百名山,,林道との接続,大崩山:1.74km,,,candidate,30,名称未確認、林道からの入口（マイカー進入可否を要確認）、公式情報または2情報源での確認が必要,"OpenStreetMap（© OpenStreetMap contributors, ODbL 1.0）Geofabrik japan-latest.osm.pbf 2026-09-30T20:22:42Z node/10316129024（登山道と道路の接続点）",
TH-n10316202019,trailhead,西郷隆盛宿陣跡資料館（可愛岳登山口）,32.6533096,131.6881263,WGS84,894,可愛岳,,九州百名山,,一般道との接続,可愛岳:4.14km,PK-g3265331_13168813(0m) PK-n1722506581(125m) BS-kP11-22-45-bs326(376m) BS-kP11-22-45-bs315(447m) BS-kP11-22-45-bs336(984m),,provisional,30,登山道が道路を横断する地点（途中の入口の可能性）、公式情報または2情報源での確認が必要,"OpenStreetMap（© OpenStreetMap contributors, ODbL 1.0）Geofabrik japan-latest.osm.pbf 2026-09-30T20:22:42Z node/10316202019（登山道と道路の接続点） ｜ 登山記録で広く使われている登山口（登山記録・登山情報サイトで名称と利用を確認。公式情報では未確認） 2026-09-24確認",
TH-n11193529936,trailhead,（名称未確認）つつじケ丘バス停付近,31.9430276,130.8421381,WGS84,920,霧島山,,日本百名山|日本二百名山|日本三百名山|九州百名山,,一般道との接続,霧島山:2.79km,PK-w1208038110(284m) PK-w279477369(308m) PK-w182584467(328m) BS-kP11-22-45-bs2418(84m) BS-kP11-22-45-bs2406(295m),,provisional,30,名称未確認、登山道が道路を横断する地点（途中の入口の可能性）、近くの道路にゲートあり（車両通行止め・季節閉鎖の可能性）、公式情報または2情報源での確認が必要,"OpenStreetMap（© OpenStreetMap contributors, ODbL 1.0）Geofabrik japan-latest.osm.pbf 2026-09-30T20:22:42Z node/11193529936（登山道と道路の接続点）",
TH-n11221795665,trailhead,（名称未確認）萌の里・俵山登山口バス停付近,32.8432488,130.9420982,WGS84,880,俵山,,九州百名山,,道路の終点付近,俵山:4.08km,PK-w413046503(276m) PK-w413046507(330m) PK-w413046506(362m) BS-kP11-22-43-bs1432(420m),,provisional,30,名称未確認、林道からの入口（マイカー進入可否を要確認）、公式情報または2情報源での確認が必要,"OpenStreetMap（© OpenStreetMap contributors, ODbL 1.0）Geofabrik japan-latest.osm.pbf 2026-09-30T20:22:42Z node/11221795665（登山道と道路の接続点）",
TH-n11802268743,trailhead,御手洗の滝駐車場（九千部山登山口）,33.3812268,130.4550401,WGS84,844,九千部山,,九州百名山,,一般道との接続,九千部山:5.63km,PK-g3338123_13045504(0m) PK-w538384663(9m),,provisional,30,公式情報または2情報源での確認が必要,"OpenStreetMap（© OpenStreetMap contributors, ODbL 1.0）Geofabrik japan-latest.osm.pbf 2026-09-30T20:22:42Z node/11802268743（登山道と道路の接続点） ｜ 登山記録で広く使われている登山口（登山記録・登山情報サイトで名称と利用を確認。公式情報では未確認） 2026-09-24確認",
TH-n12016517886,trailhead,（名称未確認）葉光ケ丘東バス停付近,33.5179455,130.5600363,WGS84,824,宝満山,,九州百名山,,一般道との接続,宝満山:3.44km,BS-kP11-22-40-bs6418(283m) BS-kP11-22-40-bs6420(344m) BS-kP11-22-40-bs6456(403m),,provisional,30,名称未確認、公式情報または2情報源での確認が必要,"OpenStreetMap（© OpenStreetMap contributors, ODbL 1.0）Geofabrik japan-latest.osm.pbf 2026-09-30T20:22:42Z node/12016517886（登山道と道路の接続点）",
TH-n12085538741,trailhead,（名称未確認）,33.0818558,129.9209502,WGS84,864,虚空蔵山,,九州百名山,,道路の終点付近,虚空蔵山:1.09km,PK-n3269360741(485m),,provisional,30,名称未確認、林道からの入口（マイカー進入可否を要確認）、公式情報または2情報源での確認が必要,"OpenStreetMap（© OpenStreetMap contributors, ODbL 1.0）Geofabrik japan-latest.osm.pbf 2026-09-30T20:22:42Z node/12085538741（登山道と道路の接続点）",
TH-n12096445226,trailhead,（名称未確認）,32.9954907,130.0719898,WGS84,868 869,経ガ岳、多良岳,,九州百名山|日本三百名山,,林道との接続,経ガ岳:1.26km 多良岳:3.6km,,,candidate,30,名称未確認、林道からの入口（マイカー進入可否を要確認）、公式情報または2情報源での確認が必要,"OpenStreetMap（© OpenStreetMap contributors, ODbL 1.0）Geofabrik japan-latest.osm.pbf 2026-09-30T20:22:42Z node/12096445226（登山道と道路の接続点）",
TH-n12141204057,trailhead,（名称未確認）七岳口バス停付近,32.6766572,128.7128846,WGS84,892,七ツ岳,,九州百名山,,一般道との接続,七ツ岳:1.14km,BS-kP11-22-42-bs120(374m) BS-kP11-22-42-bs123(552m),,provisional,30,名称未確認、登山道が道路を横断する地点（途中の入口の可能性）、公式情報または2情報源での確認が必要,"OpenStreetMap（© OpenStreetMap contributors, ODbL 1.0）Geofabrik japan-latest.osm.pbf 2026-09-30T20:22:42Z node/12141204057（登山道と道路の接続点）",
TH-n12165770982,trailhead,作礼山9合目駐車場,33.3604139,130.0724414,WGS84,845,作礼山,,九州百名山,,一般道との接続,作礼山:0.78km,PK-g3336041_13007244(0m),,provisional,30,登山道が道路を横断する地点（途中の入口の可能性）、公式情報または2情報源での確認が必要,"OpenStreetMap（© OpenStreetMap contributors, ODbL 1.0）Geofabrik japan-latest.osm.pbf 2026-09-30T20:22:42Z node/12165770982（登山道と道路の接続点） ｜ 登山記録で広く使われている登山口（登山記録・登山情報サイトで名称と利用を確認。公式情報では未確認） 2026-09-24確認",
TH-n1239456847,trailhead,（名称未確認）かまど神社駐車場付近,33.5295091,130.5524961,WGS84,824,宝満山,,九州百名山,,一般道との接続,宝満山:3.06km,PK-w110010781(226m) PK-w110010783(257m) BS-kP11-22-40-bs6198(237m) BS-kP11-22-40-bs6204(553m) BS-kP11-22-40-bs6225(897m),,provisional,30,名称未確認、公式情報または2情報源での確認が必要,"OpenStreetMap（© OpenStreetMap contributors, ODbL 1.0）Geofabrik japan-latest.osm.pbf 2026-09-30T20:22:42Z node/1239456847（登山道と道路の接続点）",
TH-n1239457015,trailhead,宝満宮竈門神社（宝満山 正面登山道）,33.5338292,130.5579936,WGS84,824,宝満山,,九州百名山,OSM登山道「うさぎ道」、OSM登山道「九州自然歩道」,一般道との接続,宝満山:1.83km,BS-kP11-22-40-bs6198(932m),parking=宝満宮竈門神社駐車場を利用（約100台、1回400円）（太宰府市）; course=竈門神社→一の鳥居→100段ガンギ→中宮跡→山頂。上りは一般の方で約2時間、下りは約1時間30分（太宰府市）; OSM登山ルート: 九州自然歩道 (Kyushu Nature Trail),adopted,15,登山道が道路を横断する地点（途中の入口の可能性）、急斜面が続く険しい山。水分補給用の水やスポーツドリンク、レインコートなどを用意すること（太宰府市）、登山口の正確な位置は公式情報では未確認,"OpenStreetMap（© OpenStreetMap contributors, ODbL 1.0）Geofabrik japan-latest.osm.pbf 2026-09-30T20:22:42Z node/1239457015（登山道と道路の接続点） ｜ 公式情報: https://www.city.dazaifu.lg.jp/site/kanko/15851.html",2026-09-24
TH-n1239463344,trailhead,（名称未確認）,33.5545843,130.5838642,WGS84,824,宝満山,,九州百名山,OSM登山道「九州自然歩道」,一般道との接続,宝満山:2.33km,,OSM登山ルート: 九州自然歩道 (Kyushu Nature Trail),candidate,30,名称未確認、公式情報または2情報源での確認が必要,"OpenStreetMap（© OpenStreetMap contributors, ODbL 1.0）Geofabrik japan-latest.osm.pbf 2026-09-30T20:22:42Z node/1239463344（登山道と道路の接続点）",
TH-n1268341666,trailhead,立花口登山口（立花山）,33.683936,130.4715046,WGS84,815,立花山,,九州百名山,,一般道との接続,立花山:0.57km,PK-g3368394_1304715(0m) PK-n8689689978(209m) BS-kP11-22-40-bs3058(681m) BS-kP11-22-40-bs3056(820m),,provisional,30,公式情報または2情報源での確認が必要,"OpenStreetMap（© OpenStreetMap contributors, ODbL 1.0）Geofabrik japan-latest.osm.pbf 2026-09-30T20:22:42Z node/1268341666（登山道と道路の接続点） ｜ 登山記録で広く使われている登山口（登山記録・登山情報サイトで名称と利用を確認。公式情報では未確認） 2026-09-24確認",
TH-n1288372984,trailhead,（名称未確認）,31.669209,131.143519,WGS84,925,牛ノ峠,,九州百名山,,一般道との接続,牛ノ峠:1.45km,,,candidate,30,名称未確認、公式情報または2情報源での確認が必要,"OpenStreetMap（© OpenStreetMap contributors, ODbL 1.0）Geofabrik japan-latest.osm.pbf 2026-09-30T20:22:42Z node/1288372984（登山道と道路の接続点）",
TH-n1288376683,trailhead,（名称未確認）,31.663475,131.156725,WGS84,925,牛ノ峠,,九州百名山,,一般道との接続,牛ノ峠:0.84km,,,candidate,30,名称未確認、公式情報または2情報源での確認が必要,"OpenStreetMap（© OpenStreetMap contributors, ODbL 1.0）Geofabrik japan-latest.osm.pbf 2026-09-30T20:22:42Z node/1288376683（登山道と道路の接続点）",
TH-n1288403000,trailhead,（名称未確認）,34.238888,129.263013,WGS84,698,洲藻白岳,,九州百名山,,一般道との接続,洲藻白岳:6.01km,,,candidate,30,名称未確認、公式情報または2情報源での確認が必要,"OpenStreetMap（© OpenStreetMap contributors, ODbL 1.0）Geofabrik japan-latest.osm.pbf 2026-09-30T20:22:42Z node/1288403000（登山道と道路の接続点）",
TH-n1288420011,trailhead,（名称未確認）,34.2403594,129.2773634,WGS84,698,洲藻白岳,,九州百名山,,一般道（県道以上）との接続,洲藻白岳:4.87km,,,candidate,30,名称未確認、公式情報または2情報源での確認が必要,"OpenStreetMap（© OpenStreetMap contributors, ODbL 1.0）Geofabrik japan-latest.osm.pbf 2026-09-30T20:22:42Z node/1288420011（登山道と道路の接続点）",
TH-n1288447212,trailhead,白嶽登山口（洲藻白岳）,34.2621772,129.2628679,WGS84,698,洲藻白岳,,九州百名山,,一般道との接続,洲藻白岳:1.5km,PK-g3426218_12926287(0m) PK-n1288447212(0m),,provisional,30,公式情報または2情報源での確認が必要,"OpenStreetMap（© OpenStreetMap contributors, ODbL 1.0）Geofabrik japan-latest.osm.pbf 2026-09-30T20:22:42Z node/1288447212（登山道と道路の接続点） ｜ 登山記録で広く使われている登山口（登山記録・登山情報サイトで名称と利用を確認。公式情報では未確認） 2026-09-24確認",
TH-n1288669420,trailhead,七嶽神社（七ツ岳登山口）,32.688529,128.6929989,WGS84,892,七ツ岳,,九州百名山,,一般道との接続,七ツ岳:1.85km,,,provisional,30,公式情報または2情報源での確認が必要,"OpenStreetMap（© OpenStreetMap contributors, ODbL 1.0）Geofabrik japan-latest.osm.pbf 2026-09-30T20:22:42Z node/1288669420（登山道と道路の接続点） ｜ 登山記録で広く使われている登山口（登山記録・登山情報サイトで名称と利用を確認。公式情報では未確認） 2026-09-24確認",
TH-n1288669624,trailhead,（名称未確認）七岳口バス停付近,32.677076,128.701708,WGS84,892,七ツ岳,,九州百名山,,一般道との接続,七ツ岳:1.37km,BS-kP11-22-42-bs120(798m),,provisional,30,名称未確認、公式情報または2情報源での確認が必要,"OpenStreetMap（© OpenStreetMap contributors, ODbL 1.0）Geofabrik japan-latest.osm.pbf 2026-09-30T20:22:42Z node/1288669624（登山道と道路の接続点）",
TH-n1288683882,trailhead,七岳登山口公園（七ツ岳）,32.6744889,128.7098149,WGS84,892,七ツ岳,,九州百名山,,一般道（県道以上）との接続,七ツ岳:1.11km,BS-kP11-22-42-bs120(16m) BS-kP11-22-42-bs123(777m),,provisional,30,公式情報または2情報源での確認が必要,"OpenStreetMap（© OpenStreetMap contributors, ODbL 1.0）Geofabrik japan-latest.osm.pbf 2026-09-30T20:22:42Z node/1288683882（登山道と道路の接続点） ｜ 登山記録で広く使われている登山口（登山記録・登山情報サイトで名称と利用を確認。公式情報では未確認） 2026-09-24確認",
TH-n1289641164,trailhead,牛の峠登山口（高畑林道終点）,31.679715,131.161638,WGS84,925,牛ノ峠,,九州百名山,,道路の終点付近,牛ノ峠:1.19km,,,provisional,30,林道からの入口（マイカー進入可否を要確認）、公式情報または2情報源での確認が必要、牛の峠付近へ向かう町道高畑13号線（林道）は一部落石があるが登山口まで通行できる（三股町 2022年3月）、狩猟期間（11月1日〜3月15日）の利用は注意（三股町）,"OpenStreetMap（© OpenStreetMap contributors, ODbL 1.0）Geofabrik japan-latest.osm.pbf 2026-09-30T20:22:42Z node/1289641164（登山道と道路の接続点） ｜ 登山記録で広く使われている登山口（登山記録・登山情報サイトで名称と利用を確認。公式情報では未確認） 2026-09-26確認",
TH-n1289732860,trailhead,（名称未確認）,32.615487,130.979129,WGS84,901,京丈山,,九州百名山,,一般道との接続,京丈山:5.82km,,,candidate,30,名称未確認、公式情報または2情報源での確認が必要,"OpenStreetMap（© OpenStreetMap contributors, ODbL 1.0）Geofabrik japan-latest.osm.pbf 2026-09-30T20:22:42Z node/1289732860（登山道と道路の接続点）",
TH-n1289734797,trailhead,（名称未確認）,32.6265056,131.1034635,WGS84,899,小川岳,,九州百名山,,一般道との接続,小川岳:4.13km,,,candidate,30,名称未確認、公式情報または2情報源での確認が必要,"OpenStreetMap（© OpenStreetMap contributors, ODbL 1.0）Geofabrik japan-latest.osm.pbf 2026-09-30T20:22:42Z node/1289734797（登山道と道路の接続点）",
TH-n1289768358,trailhead,（名称未確認）,32.636722,131.098489,WGS84,899,小川岳,,九州百名山,,一般道との接続,小川岳:7.13km,,,candidate,30,名称未確認、公式情報または2情報源での確認が必要,"OpenStreetMap（© OpenStreetMap contributors, ODbL 1.0）Geofabrik japan-latest.osm.pbf 2026-09-30T20:22:42Z node/1289768358（登山道と道路の接続点）",
TH-n1289867619,trailhead,（名称未確認）頭地代替地バス停付近,32.394905,130.821655,WGS84,911,仰烏帽子山,,九州百名山,,一般道との接続,仰烏帽子山:7.09km,PK-w160691881(481m) BS-kP11-22-43-bs4190(515m) BS-kP11-22-43-bs4181(539m) BS-kP11-22-43-bs4182(609m),,provisional,30,名称未確認、公式情報または2情報源での確認が必要,"OpenStreetMap（© OpenStreetMap contributors, ODbL 1.0）Geofabrik japan-latest.osm.pbf 2026-09-30T20:22:42Z node/1289867619（登山道と道路の接続点）",
TH-n1289880648,trailhead,（名称未確認）三方谷（国道五木）バス停付近,32.376238,130.835544,WGS84,911,仰烏帽子山,,九州百名山,,一般道との接続,仰烏帽子山:7.31km,BS-kP11-22-43-bs4248(242m) BS-kP11-22-43-bs4260(637m) BS-kP11-22-43-bs4229(982m),,provisional,30,名称未確認、公式情報または2情報源での確認が必要,"OpenStreetMap（© OpenStreetMap contributors, ODbL 1.0）Geofabrik japan-latest.osm.pbf 2026-09-30T20:22:42Z node/1289880648（登山道と道路の接続点）",
TH-n1289893178,trailhead,（名称未確認）頭地代替地バス停付近,32.3932104,130.8252728,WGS84,911,仰烏帽子山,,九州百名山,,一般道との接続,仰烏帽子山:8.24km,PK-w160691881(383m) PK-w694447754(479m) BS-kP11-22-43-bs4190(340m) BS-kP11-22-43-bs4181(474m) BS-kP11-22-43-bs4182(482m),,provisional,30,名称未確認、公式情報または2情報源での確認が必要,"OpenStreetMap（© OpenStreetMap contributors, ODbL 1.0）Geofabrik japan-latest.osm.pbf 2026-09-30T20:22:42Z node/1289893178（登山道と道路の接続点）",
TH-n1290053108,trailhead,（名称未確認）,31.756673,130.325317,WGS84,924,冠岳,,九州百名山,,一般道との接続,冠岳:1.88km,,,candidate,30,名称未確認、公式情報または2情報源での確認が必要,"OpenStreetMap（© OpenStreetMap contributors, ODbL 1.0）Geofabrik japan-latest.osm.pbf 2026-09-30T20:22:42Z node/1290053108（登山道と道路の接続点）",
TH-n1291185640,trailhead,（名称未確認）,31.761292,130.328906,WGS84,924,冠岳,,九州百名山,,一般道との接続,冠岳:1.79km,,,candidate,30,名称未確認、公式情報または2情報源での確認が必要,"OpenStreetMap（© OpenStreetMap contributors, ODbL 1.0）Geofabrik japan-latest.osm.pbf 2026-09-30T20:22:42Z node/1291185640（登山道と道路の接続点）",
TH-n1291317350,trailhead,岩屋登山口（虚空蔵山）,33.0859754,129.9193943,WGS84,864,虚空蔵山,,九州百名山,OSM登山道「虚空蔵山登山道」,一般道との接続,虚空蔵山:0.54km,PK-n3269360741(9m),course=岩屋登山口と木場登山口から30〜40分ほどで山頂（川棚町）,adopted,15,登山口の正確な位置は公式情報では未確認,"OpenStreetMap（© OpenStreetMap contributors, ODbL 1.0）Geofabrik japan-latest.osm.pbf 2026-09-30T20:22:42Z node/1291317350（登山道と道路の接続点） ｜ 公式情報: https://www.kawatana.jp/kankou/pickup/trekking.html",2026-09-24
TH-n1291322239,trailhead,木場登山口（虚空蔵山）,33.0946725,129.9202159,WGS84,864,虚空蔵山,,九州百名山,,一般道（県道以上）との接続,虚空蔵山:0.48km,PK-n1956551940(25m),course=岩屋登山口と木場登山口から30〜40分ほどで山頂（川棚町）,adopted,15,登山口の正確な位置は公式情報では未確認,"OpenStreetMap（© OpenStreetMap contributors, ODbL 1.0）Geofabrik japan-latest.osm.pbf 2026-09-30T20:22:42Z node/1291322239（登山道と道路の接続点） ｜ 公式情報: https://www.kawatana.jp/kankou/pickup/trekking.html",2026-09-24
TH-n1292357623,trailhead,（名称未確認）,31.749362,130.3377659,WGS84,924,冠岳,,九州百名山,,一般道との接続,冠岳:0.86km,,,candidate,30,名称未確認、公式情報または2情報源での確認が必要,"OpenStreetMap（© OpenStreetMap contributors, ODbL 1.0）Geofabrik japan-latest.osm.pbf 2026-09-30T20:22:42Z node/1292357623（登山道と道路の接続点）",
TH-n1292381547,trailhead,（名称未確認）,31.753968,130.315889,WGS84,924,冠岳,,九州百名山,,一般道との接続,冠岳:1.81km,,,candidate,30,名称未確認、公式情報または2情報源での確認が必要,"OpenStreetMap（© OpenStreetMap contributors, ODbL 1.0）Geofabrik japan-latest.osm.pbf 2026-09-30T20:22:42Z node/1292381547（登山道と道路の接続点）",
TH-n1292600846,trailhead,倉岳登山口（9合目駐車場）,32.4259038,130.3239306,WGS84,909,倉岳,,九州百名山,,一般道との接続,倉岳:0.36km,PK-g324259_13032393(0m) PK-w1506802821(39m) PK-w1506802816(176m),,provisional,30,公式情報または2情報源での確認が必要,"OpenStreetMap（© OpenStreetMap contributors, ODbL 1.0）Geofabrik japan-latest.osm.pbf 2026-09-30T20:22:42Z node/1292600846（登山道と道路の接続点） ｜ 登山記録で広く使われている登山口（登山記録・登山情報サイトで名称と利用を確認。公式情報では未確認） 2026-09-24確認",
TH-n1292616296,trailhead,（名称未確認）,32.4225391,130.3303727,WGS84,909,倉岳,,九州百名山,OSM登山道「遠望・飛羅トレイル」,道路の終点付近,倉岳:1.78km,,,candidate,30,名称未確認、公式情報または2情報源での確認が必要,"OpenStreetMap（© OpenStreetMap contributors, ODbL 1.0）Geofabrik japan-latest.osm.pbf 2026-09-30T20:22:42Z node/1292616296（登山道と道路の接続点）",
TH-n1292616766,trailhead,（名称未確認）米水津中学校前バス停付近,32.916117,131.9793478,WGS84,872,元越山,,九州百名山,,一般道との接続,元越山:2.84km,BS-kP11-22-44-bs6745(108m) BS-kP11-22-44-bs6736(161m) BS-kP11-22-44-bs6727(651m),,provisional,30,名称未確認、公式情報または2情報源での確認が必要,"OpenStreetMap（© OpenStreetMap contributors, ODbL 1.0）Geofabrik japan-latest.osm.pbf 2026-09-30T20:22:42Z node/1292616766（登山道と道路の接続点）",
TH-n1292655509,trailhead,（名称未確認）,32.4263967,130.3294018,WGS84,909,倉岳,,九州百名山,OSM登山道「延命登山道」、OSM登山道「遠望・飛羅トレイル」,道路の終点付近,倉岳:0.27km,PK-w1506802814(299m) PK-w1506802816(446m),,provisional,30,名称未確認、公式情報または2情報源での確認が必要,"OpenStreetMap（© OpenStreetMap contributors, ODbL 1.0）Geofabrik japan-latest.osm.pbf 2026-09-30T20:22:42Z node/1292655509（登山道と道路の接続点）",
TH-n1292658712,trailhead,（名称未確認）松浦越バス停付近,32.9250677,131.9530624,WGS84,872,元越山,,九州百名山,,一般道（県道以上）との接続,元越山:3.3km,BS-kP11-22-44-bs6688(326m) BS-kP11-22-44-bs6688(326m) BS-n9129587250(712m),,provisional,30,名称未確認、公式情報または2情報源での確認が必要,"OpenStreetMap（© OpenStreetMap contributors, ODbL 1.0）Geofabrik japan-latest.osm.pbf 2026-09-30T20:22:42Z node/1292658712（登山道と道路の接続点）",
TH-n1292665304,trailhead,（名称未確認）,32.4263386,130.3199777,WGS84,909,倉岳,,九州百名山,,道路の終点付近,倉岳:0.79km,PK-w1506802821(339m) PK-w1506802816(464m),,provisional,30,名称未確認、林道からの入口（マイカー進入可否を要確認）、公式情報または2情報源での確認が必要,"OpenStreetMap（© OpenStreetMap contributors, ODbL 1.0）Geofabrik japan-latest.osm.pbf 2026-09-30T20:22:42Z node/1292665304（登山道と道路の接続点）",
TH-n1292680956,trailhead,（名称未確認）木場バス停付近,32.9201891,131.9622459,WGS84,872,元越山,,九州百名山,,一般道（県道以上）との接続,元越山:2.25km,BS-kP11-22-44-bs6720(986m),,provisional,30,名称未確認、公式情報または2情報源での確認が必要,"OpenStreetMap（© OpenStreetMap contributors, ODbL 1.0）Geofabrik japan-latest.osm.pbf 2026-09-30T20:22:42Z node/1292680956（登山道と道路の接続点）",
TH-n1292702463,trailhead,（名称未確認）,32.78558,131.518195,WGS84,883 885 887,夏木山、五葉岳、鹿納山,,九州百名山,,道路の終点付近,夏木山:2.28km 五葉岳:5.02km 鹿納山:7.71km,,,candidate,30,名称未確認、林道からの入口（マイカー進入可否を要確認）、公式情報または2情報源での確認が必要,"OpenStreetMap（© OpenStreetMap contributors, ODbL 1.0）Geofabrik japan-latest.osm.pbf 2026-09-30T20:22:42Z node/1292702463（登山道と道路の接続点）",
TH-n1292711211,trailhead,（名称未確認）藤河内渓谷第2駐車場付近,32.783416,131.545424,WGS84,883 885 887 889,夏木山、五葉岳、鹿納山、大崩山,,九州百名山|日本二百名山|日本三百名山,,一般道との接続,夏木山:6.48km 五葉岳:8.54km 鹿納山:10.99km 大崩山:8.87km,PK-n1658400499(157m),,provisional,30,名称未確認、公式情報または2情報源での確認が必要,"OpenStreetMap（© OpenStreetMap contributors, ODbL 1.0）Geofabrik japan-latest.osm.pbf 2026-09-30T20:22:42Z node/1292711211（登山道と道路の接続点）",
TH-n1294631347,trailhead,（名称未確認）長尾バス停付近,32.4882142,130.3924255,WGS84,906,次郎丸岳,,九州百名山,,一般道（県道以上）との接続,次郎丸岳:1.86km,BS-kP11-22-43-bs3850(103m) BS-kP11-22-43-bs3869(350m) BS-kP11-22-43-bs3891(850m),,provisional,30,名称未確認、近くの道路にゲートあり（車両通行止め・季節閉鎖の可能性）、公式情報または2情報源での確認が必要,"OpenStreetMap（© OpenStreetMap contributors, ODbL 1.0）Geofabrik japan-latest.osm.pbf 2026-09-30T20:22:42Z node/1294631347（登山道と道路の接続点）",
TH-n1294659948,trailhead,今泉登山口（次郎丸岳・太郎丸岳）,32.4847137,130.4176306,WGS84,906,次郎丸岳,,九州百名山,,一般道との接続,次郎丸岳:1.67km,PK-g3248471_13041763(0m) BS-kP11-22-43-bs3833(900m),,provisional,30,公式情報または2情報源での確認が必要,"OpenStreetMap（© OpenStreetMap contributors, ODbL 1.0）Geofabrik japan-latest.osm.pbf 2026-09-30T20:22:42Z node/1294659948（登山道と道路の接続点） ｜ 登山記録で広く使われている登山口（登山記録・登山情報サイトで名称と利用を確認。公式情報では未確認） 2026-09-24確認",
TH-n1297005766,trailhead,（名称未確認）,32.985152,130.0944143,WGS84,868 869,経ガ岳、多良岳,,九州百名山|日本三百名山,,一般道（県道以上）との接続,経ガ岳:3.91km 多良岳:1.76km,PK-w1234092487(31m),,provisional,30,名称未確認、公式情報または2情報源での確認が必要,"OpenStreetMap（© OpenStreetMap contributors, ODbL 1.0）Geofabrik japan-latest.osm.pbf 2026-09-30T20:22:42Z node/1297005766（登山道と道路の接続点）",
TH-n1298965761,trailhead,（名称未確認）,32.9998105,130.0684197,WGS84,868 869,経ガ岳、多良岳,,九州百名山|日本三百名山,,道路の終点付近,経ガ岳:1.96km 多良岳:4.3km,PK-w1306078548(493m),,provisional,30,名称未確認、林道からの入口（マイカー進入可否を要確認）、公式情報または2情報源での確認が必要,"OpenStreetMap（© OpenStreetMap contributors, ODbL 1.0）Geofabrik japan-latest.osm.pbf 2026-09-30T20:22:42Z node/1298965761（登山道と道路の接続点）",
TH-n1298982872,trailhead,平谷登山口（経ヶ岳）,32.9981839,130.0618129,WGS84,868 869,経ガ岳、多良岳,,九州百名山|日本三百名山,,一般道との接続,経ガ岳:2.47km 多良岳:4.82km,PK-g3299818_13006181-2(0m) PK-g3299818_13006181(0m) PK-w1306078548(198m),,provisional,30,登山道が道路を横断する地点（途中の入口の可能性）、公式情報または2情報源での確認が必要,"OpenStreetMap（© OpenStreetMap contributors, ODbL 1.0）Geofabrik japan-latest.osm.pbf 2026-09-30T20:22:42Z node/1298982872（登山道と道路の接続点） ｜ 登山記録で広く使われている登山口（登山記録・登山情報サイトで名称と利用を確認。公式情報では未確認） 2026-09-29確認",
TH-n1299016693,trailhead,九折（傾山登山口）,32.852151,131.4474941,WGS84,879,傾山,,日本三百名山|九州百名山,,一般道との接続,傾山:5.13km,,,adopted,15,九折は傾山の登山口、国土地理院の地名「九折川」とOSMの登山道の接続点の位置が一致（独立した2情報源）,"OpenStreetMap（© OpenStreetMap contributors, ODbL 1.0）Geofabrik japan-latest.osm.pbf 2026-09-30T20:22:42Z node/1299016693（登山道と道路の接続点） ｜ 国土地理院 地名検索「九折川」（32.852569, 131.447969、JGD2011、64m差）2026-09-20確認",2026-09-20
TH-n1299043704,trailhead,（名称未確認）傾山登山口バス停付近,32.868105,131.426755,WGS84,877,大障子,,九州百名山,,一般道との接続,大障子:5.34km,BS-kP11-22-44-bs6842(354m) BS-kP11-22-44-bs6850(676m),,provisional,30,名称未確認、公式情報または2情報源での確認が必要,"OpenStreetMap（© OpenStreetMap contributors, ODbL 1.0）Geofabrik japan-latest.osm.pbf 2026-09-30T20:22:42Z node/1299043704（登山道と道路の接続点）",
TH-n1299109310,trailhead,（名称未確認）,32.857738,131.505664,WGS84,879,傾山,,日本三百名山|九州百名山,,一般道との接続,傾山:4.3km,,,candidate,30,名称未確認、公式情報または2情報源での確認が必要,"OpenStreetMap（© OpenStreetMap contributors, ODbL 1.0）Geofabrik japan-latest.osm.pbf 2026-09-30T20:22:42Z node/1299109310（登山道と道路の接続点）",
TH-n1299211926,trailhead,（名称未確認）相の原バス停付近,33.504307,131.0252329,WGS84,828,犬ガ岳,,九州百名山,,一般道との接続,犬ガ岳:3.78km,BS-kP11-22-44-bs1188(598m) BS-kP11-22-44-bs1189(598m),,provisional,30,名称未確認、公式情報または2情報源での確認が必要,"OpenStreetMap（© OpenStreetMap contributors, ODbL 1.0）Geofabrik japan-latest.osm.pbf 2026-09-30T20:22:42Z node/1299211926（登山道と道路の接続点）",
TH-n1299215025,trailhead,（名称未確認）森の木バス停付近,33.5002457,131.0399517,WGS84,828,犬ガ岳,,九州百名山,,一般道（県道以上）との接続,犬ガ岳:5.08km,BS-kP11-22-44-bs1181(88m) BS-kP11-22-44-bs1182(88m) BS-kP11-22-44-bs1186(176m),,provisional,30,名称未確認、公式情報または2情報源での確認が必要,"OpenStreetMap（© OpenStreetMap contributors, ODbL 1.0）Geofabrik japan-latest.osm.pbf 2026-09-30T20:22:42Z node/1299215025（登山道と道路の接続点）",
TH-n1299215174,trailhead,（名称未確認）,33.442773,131.239588,WGS84,842,鹿嵐山,,九州百名山,,一般道との接続,鹿嵐山:2.19km,,,candidate,30,名称未確認、公式情報または2情報源での確認が必要,"OpenStreetMap（© OpenStreetMap contributors, ODbL 1.0）Geofabrik japan-latest.osm.pbf 2026-09-30T20:22:42Z node/1299215174（登山道と道路の接続点）",
TH-n1301371344,trailhead,（名称未確認）小野川内田平バス停付近,33.441936,131.253786,WGS84,842,鹿嵐山,,九州百名山,,一般道（県道以上）との接続,鹿嵐山:2.0km,BS-kP11-22-44-bs1772(527m),,provisional,30,名称未確認、公式情報または2情報源での確認が必要,"OpenStreetMap（© OpenStreetMap contributors, ODbL 1.0）Geofabrik japan-latest.osm.pbf 2026-09-30T20:22:42Z node/1301371344（登山道と道路の接続点）",
TH-n1301389970,trailhead,（名称未確認）仙人入口バス停付近,33.453733,131.2527399,WGS84,842,鹿嵐山,,九州百名山,,一般道（県道以上）との接続,鹿嵐山:2.83km,BS-kP11-22-44-bs1634(826m),,provisional,30,名称未確認、登山道が道路を横断する地点（途中の入口の可能性）、公式情報または2情報源での確認が必要,"OpenStreetMap（© OpenStreetMap contributors, ODbL 1.0）Geofabrik japan-latest.osm.pbf 2026-09-30T20:22:42Z node/1301389970（登山道と道路の接続点）",
TH-n1301549225,trailhead,（名称未確認）,33.200812,130.87896,WGS84,855,釈迦ガ岳,,九州百名山,,一般道との接続,釈迦ガ岳:3.08km,,,candidate,30,名称未確認、公式情報または2情報源での確認が必要,"OpenStreetMap（© OpenStreetMap contributors, ODbL 1.0）Geofabrik japan-latest.osm.pbf 2026-09-30T20:22:42Z node/1301549225（登山道と道路の接続点）",
TH-n1301611488,trailhead,（名称未確認）,33.187213,130.889198,WGS84,855,釈迦ガ岳,,九州百名山,,一般道との接続,釈迦ガ岳:0.21km,,,candidate,30,名称未確認、公式情報または2情報源での確認が必要,"OpenStreetMap（© OpenStreetMap contributors, ODbL 1.0）Geofabrik japan-latest.osm.pbf 2026-09-30T20:22:42Z node/1301611488（登山道と道路の接続点）",
TH-n1306313847,trailhead,Bokketsuru Camping Ground,33.099444,131.261263,WGS84,861 862 863 865,黒岳、三俣山、大船山、九重山,,九州百名山|日本三百名山|日本百名山|日本二百名山,OSM登山道「南峰直登コース」,施設（山小屋・宿・キャンプ場）からの入口,黒岳:5.87km 三俣山:1.32km 大船山:2.54km 九重山:4.34km,,,provisional,15,公式情報または2情報源での確認が必要,"OpenStreetMap（© OpenStreetMap contributors, ODbL 1.0）Geofabrik japan-latest.osm.pbf 2026-09-30T20:22:42Z node/1306313847",
TH-n1307439394,trailhead,（名称未確認）下ん湯付近,33.26894,131.3690603,WGS84,849,由布岳,,日本二百名山|日本三百名山|九州百名山,,一般道（県道以上）との接続,由布岳:4.22km,PK-w1079120458(145m) PK-n5510227221(191m) PK-w188180679(194m) BS-kP11-22-44-bs3487(216m) BS-kP11-22-44-bs3474(628m) BS-kP11-22-44-bs3474(628m),,provisional,30,名称未確認、公式情報または2情報源での確認が必要,"OpenStreetMap（© OpenStreetMap contributors, ODbL 1.0）Geofabrik japan-latest.osm.pbf 2026-09-30T20:22:42Z node/1307439394（登山道と道路の接続点）",
TH-n1307462353,trailhead,由布岳東登山口,33.2855824,131.4107549,WGS84,849,由布岳,,日本二百名山|日本三百名山|九州百名山,,一般道（県道以上）との接続,由布岳:2.67km,,,provisional,30,公式情報または2情報源での確認が必要,"OpenStreetMap（© OpenStreetMap contributors, ODbL 1.0）Geofabrik japan-latest.osm.pbf 2026-09-30T20:22:42Z node/1307462353（登山道と道路の接続点） ｜ 登山記録で広く使われている登山口（登山記録・登山情報サイトで名称と利用を確認。公式情報では未確認） 2026-09-26確認",
TH-n1307462749,trailhead,（名称未確認）,33.1249945,131.2928834,WGS84,861 862 863 865,黒岳、三俣山、大船山、九重山,,九州百名山|日本三百名山|日本百名山|日本二百名山,,一般道（県道以上）との接続,黒岳:5.33km 三俣山:6.39km 大船山:4.9km 九重山:9.41km,PK-w181699025(113m) PK-w181699026(206m),,provisional,30,名称未確認、公式情報または2情報源での確認が必要,"OpenStreetMap（© OpenStreetMap contributors, ODbL 1.0）Geofabrik japan-latest.osm.pbf 2026-09-30T20:22:42Z node/1307462749（登山道と道路の接続点）",
TH-n1307466695,trailhead,（名称未確認）,33.126057,131.2988544,WGS84,861 862,黒岳、三俣山,,九州百名山,,一般道（県道以上）との接続,黒岳:5.83km 三俣山:6.9km,PK-w181699026(365m) PK-w181699025(458m),,provisional,30,名称未確認、公式情報または2情報源での確認が必要,"OpenStreetMap（© OpenStreetMap contributors, ODbL 1.0）Geofabrik japan-latest.osm.pbf 2026-09-30T20:22:42Z node/1307466695（登山道と道路の接続点）",
TH-n1308422349,trailhead,（名称未確認）,33.226838,131.140661,WGS84,850,万年山,,九州百名山,,一般道との接続,万年山:1.63km,,,candidate,30,名称未確認、公式情報または2情報源での確認が必要,"OpenStreetMap（© OpenStreetMap contributors, ODbL 1.0）Geofabrik japan-latest.osm.pbf 2026-09-30T20:22:42Z node/1308422349（登山道と道路の接続点）",
TH-n1308423597,trailhead,牧ノ戸峠（九重山・中岳登山口）,33.096414,131.2082747,WGS84,861 862 863 865 10386 10384 10387,黒岳、三俣山、大船山、九重山,中岳、星生山、扇ヶ鼻,九州百名山|日本三百名山|日本百名山|日本二百名山,牧ノ戸峠コース,登山口（OSMの登山口地物）,黒岳:12.93km 三俣山:6.32km 大船山:9.25km 九重山:4.2km,PK-w181689270(63m) BS-kP11-22-44-bs5197(16m) BS-n4817665083(113m),,adopted,15,,"OpenStreetMap（© OpenStreetMap contributors, ODbL 1.0）Geofabrik japan-latest.osm.pbf 2026-09-30T20:22:42Z node/1308423597 ｜ 国土地理院 地名検索「牧ノ戸峠」（33.096510, 131.208322、JGD2011、11m差）2026-09-24確認 ｜ 登山記録で広く使われている登山口（登山記録・登山情報サイトで名称と利用を確認。公式情報では未確認） 2026-09-30確認",2026-09-24
TH-n1308442789,trailhead,（名称未確認）,33.1490409,131.17328,WGS84,859,涌蓋山,,日本三百名山|九州百名山,,一般道との接続,涌蓋山:1.69km,,,candidate,30,名称未確認、公式情報または2情報源での確認が必要,"OpenStreetMap（© OpenStreetMap contributors, ODbL 1.0）Geofabrik japan-latest.osm.pbf 2026-09-30T20:22:42Z node/1308442789（登山道と道路の接続点）",
TH-n1308445304,trailhead,（名称未確認）,33.1431444,131.1696734,WGS84,859,涌蓋山,,日本三百名山|九州百名山,,林道との接続,涌蓋山:0.92km,,,candidate,30,名称未確認、林道からの入口（マイカー進入可否を要確認）、公式情報または2情報源での確認が必要,"OpenStreetMap（© OpenStreetMap contributors, ODbL 1.0）Geofabrik japan-latest.osm.pbf 2026-09-30T20:22:42Z node/1308445304（登山道と道路の接続点）",
TH-n1308456793,trailhead,（名称未確認）,33.223885,131.145467,WGS84,850,万年山,,九州百名山,,一般道との接続,万年山:2.11km,,,candidate,30,名称未確認、公式情報または2情報源での確認が必要,"OpenStreetMap（© OpenStreetMap contributors, ODbL 1.0）Geofabrik japan-latest.osm.pbf 2026-09-30T20:22:42Z node/1308456793（登山道と道路の接続点）",
TH-n1308462267,trailhead,（名称未確認）,33.217243,131.13255,WGS84,850,万年山,,九州百名山,,一般道との接続,万年山:1.67km,,,candidate,30,名称未確認、公式情報または2情報源での確認が必要,"OpenStreetMap（© OpenStreetMap contributors, ODbL 1.0）Geofabrik japan-latest.osm.pbf 2026-09-30T20:22:42Z node/1308462267（登山道と道路の接続点）",
TH-n1308739145,trailhead,津波戸山登山口（松尾）,33.5055247,131.4467249,WGS84,827,津波戸山,,九州百名山,,一般道との接続,津波戸山:1.3km,PK-g3350552_13144672(0m) BS-kP11-22-44-bs1170(642m) BS-kP11-22-44-bs1167(735m),,provisional,30,公式情報または2情報源での確認が必要,"OpenStreetMap（© OpenStreetMap contributors, ODbL 1.0）Geofabrik japan-latest.osm.pbf 2026-09-30T20:22:42Z node/1308739145（登山道と道路の接続点） ｜ 登山記録で広く使われている登山口（登山記録・登山情報サイトで名称と利用を確認。公式情報では未確認） 2026-09-24確認",
TH-n13317805243,trailhead,（名称未確認）,32.558126,130.9030043,WGS84,903,大金峰,,九州百名山,,一般道との接続,大金峰:2.2km,,,candidate,30,名称未確認、公式情報または2情報源での確認が必要,"OpenStreetMap（© OpenStreetMap contributors, ODbL 1.0）Geofabrik japan-latest.osm.pbf 2026-09-30T20:22:42Z node/13317805243（登山道と道路の接続点）",
TH-n1331911161,trailhead,（名称未確認）,32.7863595,130.2697101,WGS84,884,九千部岳,,九州百名山,,一般道（県道以上）との接続,九千部岳:2.12km,PK-n2160627633(298m),,provisional,30,名称未確認、公式情報または2情報源での確認が必要,"OpenStreetMap（© OpenStreetMap contributors, ODbL 1.0）Geofabrik japan-latest.osm.pbf 2026-09-30T20:22:42Z node/1331911161（登山道と道路の接続点）",
TH-n1331913577,trailhead,（名称未確認）,32.7665438,130.2714899,WGS84,884,九千部岳,,九州百名山,,一般道（県道以上）との接続,九千部岳:1.82km,,,candidate,30,名称未確認、公式情報または2情報源での確認が必要,"OpenStreetMap（© OpenStreetMap contributors, ODbL 1.0）Geofabrik japan-latest.osm.pbf 2026-09-30T20:22:42Z node/1331913577（登山道と道路の接続点）",
TH-n1331939699,trailhead,（名称未確認）国見岳・妙見岳登山口 駐車場付近,32.762949,130.2754667,WGS84,886,雲仙岳,,日本二百名山|日本三百名山|九州百名山,,一般道との接続,雲仙岳:2.01km,PK-w642067710(19m),,provisional,30,名称未確認、公式情報または2情報源での確認が必要,"OpenStreetMap（© OpenStreetMap contributors, ODbL 1.0）Geofabrik japan-latest.osm.pbf 2026-09-30T20:22:42Z node/1331939699（登山道と道路の接続点）",
TH-n1335238135,trailhead,（名称未確認）,33.18798,130.8686559,WGS84,855,釈迦ガ岳,,九州百名山,,一般道との接続,釈迦ガ岳:2.22km,,,candidate,30,名称未確認、登山道が道路を横断する地点（途中の入口の可能性）、公式情報または2情報源での確認が必要,"OpenStreetMap（© OpenStreetMap contributors, ODbL 1.0）Geofabrik japan-latest.osm.pbf 2026-09-30T20:22:42Z node/1335238135（登山道と道路の接続点）",
TH-n1342876423,trailhead,（名称未確認）,32.9579043,130.0766487,WGS84,868 869,経ガ岳、多良岳,,九州百名山|日本三百名山,,一般道（県道以上）との接続,経ガ岳:4.37km 多良岳:3.05km,PK-w999071944(11m),,provisional,30,名称未確認、登山道が道路を横断する地点（途中の入口の可能性）、公式情報または2情報源での確認が必要,"OpenStreetMap（© OpenStreetMap contributors, ODbL 1.0）Geofabrik japan-latest.osm.pbf 2026-09-30T20:22:42Z node/1342876423（登山道と道路の接続点）",
TH-n1342889184,trailhead,（名称未確認）,32.9585918,130.0844326,WGS84,868 869,経ガ岳、多良岳,,九州百名山|日本三百名山,,一般道との接続,経ガ岳:4.69km 多良岳:3.36km,PK-w540105707(494m),,provisional,30,名称未確認、公式情報または2情報源での確認が必要,"OpenStreetMap（© OpenStreetMap contributors, ODbL 1.0）Geofabrik japan-latest.osm.pbf 2026-09-30T20:22:42Z node/1342889184（登山道と道路の接続点）",
TH-n1344057897,trailhead,黒木（多良岳・経ヶ岳登山口）,32.9775285,130.057013,WGS84,868 869,経ガ岳、多良岳,,九州百名山|日本三百名山,,一般道（県道以上）との接続,経ガ岳:2.48km 多良岳:4.87km,PK-n1752057906(133m) BS-kP11-22-42-bs2490(59m) BS-kP11-22-42-bs2490(59m) BS-kP11-22-42-bs2490(59m),,adopted,15,黒木は多良岳・経ヶ岳の登山口、国土地理院の地名とOSMの登山道の接続点の位置が一致（独立した2情報源）,"OpenStreetMap（© OpenStreetMap contributors, ODbL 1.0）Geofabrik japan-latest.osm.pbf 2026-09-30T20:22:42Z node/1344057897（登山道と道路の接続点） ｜ 国土地理院 地名検索「黒木」（32.976875, 130.057747、JGD2011、100m差）2026-09-20確認",2026-09-20
TH-n1368617809,trailhead,（名称未確認）,33.4967155,130.9621448,WGS84,828,犬ガ岳,,九州百名山,,一般道（県道以上）との接続,犬ガ岳:4.81km,,,candidate,30,名称未確認、公式情報または2情報源での確認が必要,"OpenStreetMap（© OpenStreetMap contributors, ODbL 1.0）Geofabrik japan-latest.osm.pbf 2026-09-30T20:22:42Z node/1368617809（登山道と道路の接続点）",
TH-n1381338414,trailhead,（名称未確認）,31.1374807,130.8829388,WGS84,932,稲尾岳,,九州百名山,,道路の終点付近,稲尾岳:1.77km,,,candidate,30,名称未確認、林道からの入口（マイカー進入可否を要確認）、公式情報または2情報源での確認が必要,"OpenStreetMap（© OpenStreetMap contributors, ODbL 1.0）Geofabrik japan-latest.osm.pbf 2026-09-30T20:22:42Z node/1381338414（登山道と道路の接続点）",
TH-n1381403428,trailhead,（名称未確認）,31.488538,130.784145,WGS84,927,大箆柄岳,,日本三百名山|九州百名山,,一般道との接続,大箆柄岳:5.25km,,,candidate,30,名称未確認、公式情報または2情報源での確認が必要,"OpenStreetMap（© OpenStreetMap contributors, ODbL 1.0）Geofabrik japan-latest.osm.pbf 2026-09-30T20:22:42Z node/1381403428（登山道と道路の接続点）",
TH-n1381408701,trailhead,（名称未確認）,31.499995,130.784179,WGS84,927,大箆柄岳,,日本三百名山|九州百名山,,一般道との接続,大箆柄岳:4.76km,,,candidate,30,名称未確認、公式情報または2情報源での確認が必要,"OpenStreetMap（© OpenStreetMap contributors, ODbL 1.0）Geofabrik japan-latest.osm.pbf 2026-09-30T20:22:42Z node/1381408701（登山道と道路の接続点）",
TH-n1382470311,trailhead,（名称未確認）,31.450844,130.819355,WGS84,927,大箆柄岳,,日本三百名山|九州百名山,,一般道との接続,大箆柄岳:5.08km,,,candidate,30,名称未確認、公式情報または2情報源での確認が必要,"OpenStreetMap（© OpenStreetMap contributors, ODbL 1.0）Geofabrik japan-latest.osm.pbf 2026-09-30T20:22:42Z node/1382470311（登山道と道路の接続点）",
TH-n1382474199,trailhead,（名称未確認）,31.46746,130.835683,WGS84,927,大箆柄岳,,日本三百名山|九州百名山,,一般道との接続,大箆柄岳:5.45km,,,candidate,30,名称未確認、公式情報または2情報源での確認が必要,"OpenStreetMap（© OpenStreetMap contributors, ODbL 1.0）Geofabrik japan-latest.osm.pbf 2026-09-30T20:22:42Z node/1382474199（登山道と道路の接続点）",
TH-n1382721419,trailhead,矢筈岳登山口（矢筈峠手前・招川内）,32.1253199,130.4156795,WGS84,917,矢筈岳,,九州百名山,,一般道（県道以上）との接続,矢筈岳:1.59km,PK-g3212532_13041568(0m) BS-kP11-22-43-bs5215(468m),,provisional,30,公式情報または2情報源での確認が必要,"OpenStreetMap（© OpenStreetMap contributors, ODbL 1.0）Geofabrik japan-latest.osm.pbf 2026-09-30T20:22:42Z node/1382721419（登山道と道路の接続点） ｜ 登山記録で広く使われている登山口（登山記録・登山情報サイトで名称と利用を確認。公式情報では未確認） 2026-09-24確認",
TH-n1383946646,trailhead,（名称未確認）新湯展望台バス停付近,31.9049298,130.8502472,WGS84,920,霧島山,,日本百名山|日本二百名山|日本三百名山|九州百名山,,一般道（県道以上）との接続,霧島山:3.96km,BS-kP11-22-46-bs1895(228m) BS-kP11-22-46-bs1932(606m) BS-kP11-22-46-bs1931(681m),,provisional,30,名称未確認、登山道が道路を横断する地点（途中の入口の可能性）、近くの道路にゲートあり（車両通行止め・季節閉鎖の可能性）、公式情報または2情報源での確認が必要,"OpenStreetMap（© OpenStreetMap contributors, ODbL 1.0）Geofabrik japan-latest.osm.pbf 2026-09-30T20:22:42Z node/1383946646（登山道と道路の接続点）",
TH-n1385706065,trailhead,（名称未確認）,32.849478,130.947803,WGS84,880,俵山,,九州百名山,,道路の終点付近,俵山:3.75km,PK-w412618199(263m) PK-w413052850(324m),,provisional,30,名称未確認、林道からの入口（マイカー進入可否を要確認）、公式情報または2情報源での確認が必要,"OpenStreetMap（© OpenStreetMap contributors, ODbL 1.0）Geofabrik japan-latest.osm.pbf 2026-09-30T20:22:42Z node/1385706065（登山道と道路の接続点）",
TH-n1385918940,trailhead,上野登山口（福智山）,33.7301446,130.7889025,WGS84,802,福智山,,九州百名山,,一般道との接続,福智山:2.11km,,parking=上野登山口の周辺に駐車場4か所（P1 7台・トイレあり、P2 約33台、P3 約10台、P4 約12台）（福智町）; course=看板の横から上野越ルートが始まる。白糸の滝を経る白糸の滝ルートは上級コース（福智町）,adopted,15,登山口の正確な位置は公式情報では未確認,"OpenStreetMap（© OpenStreetMap contributors, ODbL 1.0）Geofabrik japan-latest.osm.pbf 2026-09-30T20:22:42Z node/1385918940（登山道と道路の接続点） ｜ 公式情報: https://www.town.fukuchi.lg.jp/material/files/group/1/fukuchiyama_P49_P70_20241130.pdf",2026-09-26
TH-n1385920144,trailhead,（名称未確認）,33.7336626,130.7858527,WGS84,802,福智山,,九州百名山,,一般道（県道以上）との接続,福智山:2.32km,,,candidate,30,名称未確認、公式情報または2情報源での確認が必要,"OpenStreetMap（© OpenStreetMap contributors, ODbL 1.0）Geofabrik japan-latest.osm.pbf 2026-09-30T20:22:42Z node/1385920144（登山道と道路の接続点）",
TH-n1388077944,trailhead,行縢神社登山口（行縢山）,32.619134,131.577253,WGS84,898,行縢山,,九州百名山,,一般道との接続,行縢山:2.66km,PK-g3261913_13157725(0m) BS-kP11-22-45-bs375(200m),,provisional,30,公式情報または2情報源での確認が必要,"OpenStreetMap（© OpenStreetMap contributors, ODbL 1.0）Geofabrik japan-latest.osm.pbf 2026-09-30T20:22:42Z node/1388077944（登山道と道路の接続点） ｜ 登山記録で広く使われている登山口（登山記録・登山情報サイトで名称と利用を確認。公式情報では未確認） 2026-09-24確認",
TH-n1388082546,trailhead,（名称未確認）行縢山登山口バス停付近,32.622696,131.579173,WGS84,898,行縢山,,九州百名山,,一般道との接続,行縢山:2.21km,BS-kP11-22-45-bs375(569m),,provisional,30,名称未確認、公式情報または2情報源での確認が必要,"OpenStreetMap（© OpenStreetMap contributors, ODbL 1.0）Geofabrik japan-latest.osm.pbf 2026-09-30T20:22:42Z node/1388082546（登山道と道路の接続点）",
TH-n1388088313,trailhead,（名称未確認）学校下バス停付近,32.633738,131.616759,WGS84,898,行縢山,,九州百名山,,一般道との接続,行縢山:6.26km,BS-kP11-22-45-bs356(885m) BS-kP11-22-45-bs350(945m) BS-kP11-22-45-bs345(977m),,provisional,30,名称未確認、公式情報または2情報源での確認が必要,"OpenStreetMap（© OpenStreetMap contributors, ODbL 1.0）Geofabrik japan-latest.osm.pbf 2026-09-30T20:22:42Z node/1388088313（登山道と道路の接続点）",
TH-n1388096748,trailhead,比叡山登山口（千畳敷）,32.650628,131.441552,WGS84,895,比叡山,,九州百名山,,一般道（県道以上）との接続,比叡山:0.87km,PK-n1726463377(269m),parking=あり（25台）、無料（延岡観光協会）; access=北方延岡道路蔵田交差点から県道214号線を通り約35分（延岡観光協会）,adopted,15,千畳敷展望所は比叡山の登山口から登ったすぐの場所にある（延岡観光協会）、登山口の正確な位置は公式情報では未確認,"OpenStreetMap（© OpenStreetMap contributors, ODbL 1.0）Geofabrik japan-latest.osm.pbf 2026-09-30T20:22:42Z node/1388096748（登山道と道路の接続点） ｜ 公式情報: https://nobekan.jp/spot/index.php?p=69",2026-09-24
TH-n1388101061,trailhead,（名称未確認）,32.659813,131.459156,WGS84,895,比叡山,,九州百名山,,一般道との接続,比叡山:2.24km,,,candidate,30,名称未確認、公式情報または2情報源での確認が必要,"OpenStreetMap（© OpenStreetMap contributors, ODbL 1.0）Geofabrik japan-latest.osm.pbf 2026-09-30T20:22:42Z node/1388101061（登山道と道路の接続点）",
TH-n1388128249,trailhead,（名称未確認）,32.7010549,131.520724,WGS84,891,鉾岳,,九州百名山,,林道との接続,鉾岳:0.81km,,,candidate,30,名称未確認、林道からの入口（マイカー進入可否を要確認）、公式情報または2情報源での確認が必要,"OpenStreetMap（© OpenStreetMap contributors, ODbL 1.0）Geofabrik japan-latest.osm.pbf 2026-09-30T20:22:42Z node/1388128249（登山道と道路の接続点）",
TH-n1388128991,trailhead,（名称未確認）,32.70216,131.517034,WGS84,891,鉾岳,,九州百名山,OSM登山道「矛岳登山道」、OSM登山道「鉾岳登山道」,道路の終点付近,鉾岳:0.26km,,,candidate,30,名称未確認、林道からの入口（マイカー進入可否を要確認）、公式情報または2情報源での確認が必要,"OpenStreetMap（© OpenStreetMap contributors, ODbL 1.0）Geofabrik japan-latest.osm.pbf 2026-09-30T20:22:42Z node/1388128991（登山道と道路の接続点）",
TH-n1388153151,trailhead,（名称未確認）,32.7356585,131.53266,WGS84,889,大崩山,,日本二百名山|日本三百名山|九州百名山,,道路の終点付近,大崩山:2.4km,,,candidate,30,名称未確認、林道からの入口（マイカー進入可否を要確認）、公式情報または2情報源での確認が必要,"OpenStreetMap（© OpenStreetMap contributors, ODbL 1.0）Geofabrik japan-latest.osm.pbf 2026-09-30T20:22:42Z node/1388153151（登山道と道路の接続点）",
TH-n1390488846,trailhead,（名称未確認）,31.407836,130.157185,WGS84,929,野間岳,,九州百名山,,一般道との接続,野間岳:0.37km,,,candidate,30,名称未確認、公式情報または2情報源での確認が必要,"OpenStreetMap（© OpenStreetMap contributors, ODbL 1.0）Geofabrik japan-latest.osm.pbf 2026-09-30T20:22:42Z node/1390488846（登山道と道路の接続点）",
TH-n1390492908,trailhead,（名称未確認）福戸山バス停付近,31.412354,130.151084,WGS84,929,野間岳,,九州百名山,,一般道との接続,野間岳:1.18km,BS-kP11-22-46-bs7320(685m) BS-kP11-22-46-bs7340(735m),,provisional,30,名称未確認、登山道が道路を横断する地点（途中の入口の可能性）、公式情報または2情報源での確認が必要,"OpenStreetMap（© OpenStreetMap contributors, ODbL 1.0）Geofabrik japan-latest.osm.pbf 2026-09-30T20:22:42Z node/1390492908（登山道と道路の接続点）",
TH-n1390499670,trailhead,（名称未確認）大当バス停付近,31.415791,130.161337,WGS84,929,野間岳,,九州百名山,,一般道との接続,野間岳:1.48km,BS-kP11-22-46-bs7247(899m) BS-kP11-22-46-bs7248(899m),,provisional,30,名称未確認、登山道が道路を横断する地点（途中の入口の可能性）、公式情報または2情報源での確認が必要,"OpenStreetMap（© OpenStreetMap contributors, ODbL 1.0）Geofabrik japan-latest.osm.pbf 2026-09-30T20:22:42Z node/1390499670（登山道と道路の接続点）",
TH-n1390530356,trailhead,（名称未確認）,31.466737,130.379232,WGS84,928,金峰山,,九州百名山,,一般道との接続,金峰山:0.37km,PK-w600299578(452m),,provisional,30,名称未確認、登山道が道路を横断する地点（途中の入口の可能性）、公式情報または2情報源での確認が必要,"OpenStreetMap（© OpenStreetMap contributors, ODbL 1.0）Geofabrik japan-latest.osm.pbf 2026-09-30T20:22:42Z node/1390530356（登山道と道路の接続点）",
TH-n1390531016,trailhead,（名称未確認）,31.467269,130.373926,WGS84,928,金峰山,,九州百名山,,一般道との接続,金峰山:1.31km,,,candidate,30,名称未確認、公式情報または2情報源での確認が必要,"OpenStreetMap（© OpenStreetMap contributors, ODbL 1.0）Geofabrik japan-latest.osm.pbf 2026-09-30T20:22:42Z node/1390531016（登山道と道路の接続点）",
TH-n1390531708,trailhead,（名称未確認）,31.468618,130.385917,WGS84,928,金峰山,,九州百名山,,一般道との接続,金峰山:0.3km,PK-w600299578(288m),,provisional,30,名称未確認、公式情報または2情報源での確認が必要,"OpenStreetMap（© OpenStreetMap contributors, ODbL 1.0）Geofabrik japan-latest.osm.pbf 2026-09-30T20:22:42Z node/1390531708（登山道と道路の接続点）",
TH-n1390533463,trailhead,（名称未確認）,31.472224,130.388219,WGS84,928,金峰山,,九州百名山,,一般道との接続,金峰山:0.95km,,,candidate,30,名称未確認、登山道が道路を横断する地点（途中の入口の可能性）、公式情報または2情報源での確認が必要,"OpenStreetMap（© OpenStreetMap contributors, ODbL 1.0）Geofabrik japan-latest.osm.pbf 2026-09-30T20:22:42Z node/1390533463（登山道と道路の接続点）",
TH-n1391981764,trailhead,（名称未確認）,32.30206,131.295001,WGS84,915,地蔵岳,,九州百名山,,一般道との接続,地蔵岳:4.63km,,,candidate,30,名称未確認、公式情報または2情報源での確認が必要,"OpenStreetMap（© OpenStreetMap contributors, ODbL 1.0）Geofabrik japan-latest.osm.pbf 2026-09-30T20:22:42Z node/1391981764（登山道と道路の接続点）",
TH-n1393216666,trailhead,（名称未確認）,32.31752,131.420073,WGS84,914,尾鈴山,,日本二百名山|日本三百名山|九州百名山,,道路の終点付近,尾鈴山:2.31km,,,candidate,30,名称未確認、林道からの入口（マイカー進入可否を要確認）、公式情報または2情報源での確認が必要,"OpenStreetMap（© OpenStreetMap contributors, ODbL 1.0）Geofabrik japan-latest.osm.pbf 2026-09-30T20:22:42Z node/1393216666（登山道と道路の接続点）",
TH-n1394366337,trailhead,大吹鉱山跡登山口（五葉岳・鹿納山）,32.7726941,131.475106,WGS84,883 885 887 889,夏木山、五葉岳、鹿納山、大崩山,,九州百名山|日本二百名山|日本三百名山,,道路の終点付近,夏木山:4.19km 五葉岳:2.25km 鹿納山:2.78km 大崩山:12.88km,PK-n1741088700(85m),access=県道6号線を日之影から30分、見立赤川の仲村橋を右折すると日隠林道が始まる（マイクロバスの走行は事前確認が必要）。仲村橋から50分程度で五葉登山口、そこから更に2km進んだところが大吹鉱山跡（日之影町）; course=大吹鉱山跡からトッキン岳まで60分。ブナの三叉路から鹿納山まで片道60分（日之影町）,adopted,15,林道からの入口（マイカー進入可否を要確認）、アップダウンのコースなので気をつけて入ること。全て国有林なので森林管理署の指導を守り、ゴミは必ず持ち帰ること（日之影町）、登山口の正確な位置は公式情報では未確認,"OpenStreetMap（© OpenStreetMap contributors, ODbL 1.0）Geofabrik japan-latest.osm.pbf 2026-09-30T20:22:42Z node/1394366337（登山道と道路の接続点） ｜ 公式情報: https://www.town.hinokage.lg.jp/docs/2016020400018/",2026-09-24
TH-n1394369779,trailhead,（名称未確認）杉ヶ越付近,32.814326,131.501324,WGS84,879,傾山,,日本三百名山|九州百名山,,峠（道路との接続）,傾山:7.25km,,,candidate,30,名称未確認、公式情報または2情報源での確認が必要,"OpenStreetMap（© OpenStreetMap contributors, ODbL 1.0）Geofabrik japan-latest.osm.pbf 2026-09-30T20:22:42Z node/1394369779（登山道と道路の接続点） ｜ 国土地理院 地名検索「杉ヶ越」（32.813974, 131.502989、JGD2011、161m差）2026-09-20確認",2026-09-20
TH-n1395583678,trailhead,（名称未確認）,32.272799,131.093803,WGS84,912,市房山,,日本二百名山|日本三百名山|九州百名山,,一般道との接続,市房山:6.31km,,,candidate,30,名称未確認、公式情報または2情報源での確認が必要,"OpenStreetMap（© OpenStreetMap contributors, ODbL 1.0）Geofabrik japan-latest.osm.pbf 2026-09-30T20:22:42Z node/1395583678（登山道と道路の接続点）",
TH-n1395590910,trailhead,（名称未確認）,32.2855277,131.0910767,WGS84,912,市房山,,日本二百名山|日本三百名山|九州百名山,,一般道との接続,市房山:7.39km,,,candidate,30,名称未確認、公式情報または2情報源での確認が必要,"OpenStreetMap（© OpenStreetMap contributors, ODbL 1.0）Geofabrik japan-latest.osm.pbf 2026-09-30T20:22:42Z node/1395590910（登山道と道路の接続点）",
TH-n1395593382,trailhead,石堂山6合目登山口,32.29066,131.1683229,WGS84,913,石堂山,,九州百名山,,一般道との接続,石堂山:1.07km,,,provisional,30,公式情報または2情報源での確認が必要,"OpenStreetMap（© OpenStreetMap contributors, ODbL 1.0）Geofabrik japan-latest.osm.pbf 2026-09-30T20:22:42Z node/1395593382（登山道と道路の接続点） ｜ 登山記録で広く使われている登山口（登山記録・登山情報サイトで名称と利用を確認。公式情報では未確認） 2026-09-24確認",
TH-n1395634586,trailhead,大河内越（三方岳登山口）,32.399884,131.188436,WGS84,910,三方岳,,九州百名山,,一般道（県道以上）との接続,三方岳:3.49km,PK-g3239988_13118844(0m),,provisional,30,登山道が道路を横断する地点（途中の入口の可能性）、公式情報または2情報源での確認が必要,"OpenStreetMap（© OpenStreetMap contributors, ODbL 1.0）Geofabrik japan-latest.osm.pbf 2026-09-30T20:22:42Z node/1395634586（登山道と道路の接続点） ｜ 登山記録で広く使われている登山口（登山記録・登山情報サイトで名称と利用を確認。公式情報では未確認） 2026-09-24確認",
TH-n1395700474,trailhead,（名称未確認）唐谷登山口駐車場付近,32.4657621,131.0220828,WGS84,908,白鳥山,,九州百名山,,一般道との接続,白鳥山:1.02km,PK-w281013451(30m),,provisional,30,名称未確認、登山道が道路を横断する地点（途中の入口の可能性）、公式情報または2情報源での確認が必要,"OpenStreetMap（© OpenStreetMap contributors, ODbL 1.0）Geofabrik japan-latest.osm.pbf 2026-09-30T20:22:42Z node/1395700474（登山道と道路の接続点）",
TH-n1395734075,trailhead,（名称未確認）,32.5000799,131.038658,WGS84,875 904,烏帽子岳、国見岳,,九州百名山|日本三百名山,,一般道との接続,烏帽子岳:5.71km 国見岳:6.85km,,,candidate,30,名称未確認、公式情報または2情報源での確認が必要,"OpenStreetMap（© OpenStreetMap contributors, ODbL 1.0）Geofabrik japan-latest.osm.pbf 2026-09-30T20:22:42Z node/1395734075（登山道と道路の接続点）",
TH-n1395734755,trailhead,（名称未確認）,32.501014,131.124171,WGS84,905,扇山,,九州百名山,,一般道との接続,扇山:4.28km,,,candidate,30,名称未確認、公式情報または2情報源での確認が必要,"OpenStreetMap（© OpenStreetMap contributors, ODbL 1.0）Geofabrik japan-latest.osm.pbf 2026-09-30T20:22:42Z node/1395734755（登山道と道路の接続点）",
TH-n1395734789,trailhead,（名称未確認）,32.5010679,131.023655,WGS84,904,国見岳,,日本三百名山|九州百名山,,一般道との接続,国見岳:7.07km,,,candidate,30,名称未確認、公式情報または2情報源での確認が必要,"OpenStreetMap（© OpenStreetMap contributors, ODbL 1.0）Geofabrik japan-latest.osm.pbf 2026-09-30T20:22:42Z node/1395734789（登山道と道路の接続点）",
TH-n1395755245,trailhead,（名称未確認）,32.543807,131.131907,WGS84,902,白岩山,,九州百名山,,一般道との接続,白岩山:6.42km,,,candidate,30,名称未確認、公式情報または2情報源での確認が必要,"OpenStreetMap（© OpenStreetMap contributors, ODbL 1.0）Geofabrik japan-latest.osm.pbf 2026-09-30T20:22:42Z node/1395755245（登山道と道路の接続点）",
TH-n1405115589,trailhead,（名称未確認）,32.621706,131.120956,WGS84,899,小川岳,,九州百名山,,一般道との接続,小川岳:2.92km,,,candidate,30,名称未確認、公式情報または2情報源での確認が必要,"OpenStreetMap（© OpenStreetMap contributors, ODbL 1.0）Geofabrik japan-latest.osm.pbf 2026-09-30T20:22:42Z node/1405115589（登山道と道路の接続点）",
TH-n1405117204,trailhead,（名称未確認）,32.62809,131.169803,WGS84,896,祇園山,,九州百名山,,一般道との接続,祇園山:1.78km,,,candidate,30,名称未確認、公式情報または2情報源での確認が必要,"OpenStreetMap（© OpenStreetMap contributors, ODbL 1.0）Geofabrik japan-latest.osm.pbf 2026-09-30T20:22:42Z node/1405117204（登山道と道路の接続点）",
TH-n1405117728,trailhead,（名称未確認）,32.62952,131.182762,WGS84,896,祇園山,,九州百名山,,一般道との接続,祇園山:0.9km,,,candidate,30,名称未確認、公式情報または2情報源での確認が必要,"OpenStreetMap（© OpenStreetMap contributors, ODbL 1.0）Geofabrik japan-latest.osm.pbf 2026-09-30T20:22:42Z node/1405117728（登山道と道路の接続点）",
TH-n1405118075,trailhead,（名称未確認）,32.630636,131.188869,WGS84,896,祇園山,,九州百名山,,一般道との接続,祇園山:0.86km,,,candidate,30,名称未確認、公式情報または2情報源での確認が必要,"OpenStreetMap（© OpenStreetMap contributors, ODbL 1.0）Geofabrik japan-latest.osm.pbf 2026-09-30T20:22:42Z node/1405118075（登山道と道路の接続点）",
TH-n1405118940,trailhead,（名称未確認）,32.633666,131.1955089,WGS84,896,祇園山,,九州百名山,,一般道との接続,祇園山:1.11km,,,candidate,30,名称未確認、公式情報または2情報源での確認が必要,"OpenStreetMap（© OpenStreetMap contributors, ODbL 1.0）Geofabrik japan-latest.osm.pbf 2026-09-30T20:22:42Z node/1405118940（登山道と道路の接続点）",
TH-n1405196315,trailhead,（名称未確認）,32.779694,131.3373269,WGS84,857 881 882,障子岳、祖母山、古祖母山,,九州百名山|日本百名山|日本二百名山|日本三百名山,,一般道との接続,障子岳:4.95km 祖母山:7.25km 古祖母山:7.0km,PK-n1740966433(159m),,provisional,30,名称未確認、公式情報または2情報源での確認が必要,"OpenStreetMap（© OpenStreetMap contributors, ODbL 1.0）Geofabrik japan-latest.osm.pbf 2026-09-30T20:22:42Z node/1405196315（登山道と道路の接続点）",
TH-n1410668441,trailhead,（名称未確認）,32.131808,130.9645899,WGS84,916,白髪岳,,九州百名山,,一般道との接続,白髪岳:3.27km,,,candidate,30,名称未確認、公式情報または2情報源での確認が必要,"OpenStreetMap（© OpenStreetMap contributors, ODbL 1.0）Geofabrik japan-latest.osm.pbf 2026-09-30T20:22:42Z node/1410668441（登山道と道路の接続点）",
TH-n1410668737,trailhead,（名称未確認）,32.133255,130.94986,WGS84,916,白髪岳,,九州百名山,,一般道との接続,白髪岳:2.5km,,,candidate,30,名称未確認、公式情報または2情報源での確認が必要,"OpenStreetMap（© OpenStreetMap contributors, ODbL 1.0）Geofabrik japan-latest.osm.pbf 2026-09-30T20:22:42Z node/1410668737（登山道と道路の接続点）",
TH-n1410672914,trailhead,（名称未確認）,32.162021,130.9450139,WGS84,916,白髪岳,,九州百名山,,一般道との接続,白髪岳:1.97km,,,candidate,30,名称未確認、登山道が道路を横断する地点（途中の入口の可能性）、公式情報または2情報源での確認が必要,"OpenStreetMap（© OpenStreetMap contributors, ODbL 1.0）Geofabrik japan-latest.osm.pbf 2026-09-30T20:22:42Z node/1410672914（登山道と道路の接続点）",
TH-n1410674371,trailhead,（名称未確認）,32.168749,130.919506,WGS84,916,白髪岳,,九州百名山,,一般道との接続,白髪岳:3.69km,,,candidate,30,名称未確認、公式情報または2情報源での確認が必要,"OpenStreetMap（© OpenStreetMap contributors, ODbL 1.0）Geofabrik japan-latest.osm.pbf 2026-09-30T20:22:42Z node/1410674371（登山道と道路の接続点）",
TH-n1451723499,trailhead,（名称未確認）,33.8221413,130.7824832,WGS84,802,福智山,,九州百名山,OSM登山道「九州自然歩道」,一般道との接続,福智山:11.31km,,OSM登山ルート: 九州自然歩道 (Kyushu Nature Trail),candidate,30,名称未確認、登山道が道路を横断する地点（途中の入口の可能性）、公式情報または2情報源での確認が必要,"OpenStreetMap（© OpenStreetMap contributors, ODbL 1.0）Geofabrik japan-latest.osm.pbf 2026-09-30T20:22:42Z node/1451723499（登山道と道路の接続点）",
TH-n1473580249,trailhead,（名称未確認）,32.979586,130.5278128,WGS84,870,小岱山,,九州百名山,,道路の終点付近,小岱山:0.56km,,,candidate,30,名称未確認、林道からの入口（マイカー進入可否を要確認）、公式情報または2情報源での確認が必要,"OpenStreetMap（© OpenStreetMap contributors, ODbL 1.0）Geofabrik japan-latest.osm.pbf 2026-09-30T20:22:42Z node/1473580249（登山道と道路の接続点）",
TH-n1473757634,trailhead,（名称未確認）,33.061708,130.833435,WGS84,866,八方ガ岳,,九州百名山,,一般道との接続,八方ガ岳:1.18km,,,candidate,30,名称未確認、登山道が道路を横断する地点（途中の入口の可能性）、公式情報または2情報源での確認が必要,"OpenStreetMap（© OpenStreetMap contributors, ODbL 1.0）Geofabrik japan-latest.osm.pbf 2026-09-30T20:22:42Z node/1473757634（登山道と道路の接続点）",
TH-n1473762619,trailhead,班蛇口登山口（八方ヶ岳）,33.072642,130.848719,WGS84,866,八方ガ岳,,九州百名山,,林道との接続,八方ガ岳:1.54km,,,provisional,30,林道からの入口（マイカー進入可否を要確認）、公式情報または2情報源での確認が必要,"OpenStreetMap（© OpenStreetMap contributors, ODbL 1.0）Geofabrik japan-latest.osm.pbf 2026-09-30T20:22:42Z node/1473762619（登山道と道路の接続点） ｜ 登山記録で広く使われている登山口（登山記録・登山情報サイトで名称と利用を確認。公式情報では未確認） 2026-09-29確認",
TH-n1473793723,trailhead,鞍岳 森林コース登山口,32.948979,130.917089,WGS84,871,鞍岳,,九州百名山,OSM登山道「森林コース」,一般道との接続,鞍岳:1.77km,,,provisional,30,公式情報または2情報源での確認が必要,"OpenStreetMap（© OpenStreetMap contributors, ODbL 1.0）Geofabrik japan-latest.osm.pbf 2026-09-30T20:22:42Z node/1473793723（登山道と道路の接続点） ｜ 登山記録で広く使われている登山口（登山記録・登山情報サイトで名称と利用を確認。公式情報では未確認） 2026-09-24確認",
TH-n1473794509,trailhead,鞍岳東登山口（山頂第一駐車場）,32.950503,130.9395685,WGS84,871,鞍岳,,九州百名山,,一般道との接続,鞍岳:0.52km,PK-g329505_13093957(0m) PK-w1057569638(35m),,provisional,30,公式情報または2情報源での確認が必要,"OpenStreetMap（© OpenStreetMap contributors, ODbL 1.0）Geofabrik japan-latest.osm.pbf 2026-09-30T20:22:42Z node/1473794509（登山道と道路の接続点） ｜ 登山記録で広く使われている登山口（登山記録・登山情報サイトで名称と利用を確認。公式情報では未確認） 2026-09-24確認",
TH-n1473796739,trailhead,（名称未確認）,32.951522,130.913927,WGS84,871,鞍岳,,九州百名山,OSM登山道「パノラマコース」,一般道との接続,鞍岳:2.4km,,,candidate,30,名称未確認、公式情報または2情報源での確認が必要,"OpenStreetMap（© OpenStreetMap contributors, ODbL 1.0）Geofabrik japan-latest.osm.pbf 2026-09-30T20:22:42Z node/1473796739（登山道と道路の接続点）",
TH-n1478507327,trailhead,（名称未確認）,33.077601,130.811348,WGS84,866,八方ガ岳,,九州百名山,,一般道との接続,八方ガ岳:3.18km,,,candidate,30,名称未確認、公式情報または2情報源での確認が必要,"OpenStreetMap（© OpenStreetMap contributors, ODbL 1.0）Geofabrik japan-latest.osm.pbf 2026-09-30T20:22:42Z node/1478507327（登山道と道路の接続点）",
TH-n1478510826,trailhead,（名称未確認）,33.080987,130.814855,WGS84,866,八方ガ岳,,九州百名山,,一般道との接続,八方ガ岳:3.54km,,,candidate,30,名称未確認、公式情報または2情報源での確認が必要,"OpenStreetMap（© OpenStreetMap contributors, ODbL 1.0）Geofabrik japan-latest.osm.pbf 2026-09-30T20:22:42Z node/1478510826（登山道と道路の接続点）",
TH-n1480821204,trailhead,（名称未確認）,32.844278,130.613043,WGS84,878,二ノ岳,,九州百名山,,一般道との接続,二ノ岳:0.97km,,,candidate,30,名称未確認、公式情報または2情報源での確認が必要,"OpenStreetMap（© OpenStreetMap contributors, ODbL 1.0）Geofabrik japan-latest.osm.pbf 2026-09-30T20:22:42Z node/1480821204（登山道と道路の接続点）",
TH-n1480822506,trailhead,（名称未確認）,32.850976,130.6245352,WGS84,878,二ノ岳,,九州百名山,,一般道との接続,二ノ岳:0.79km,,,candidate,30,名称未確認、公式情報または2情報源での確認が必要,"OpenStreetMap（© OpenStreetMap contributors, ODbL 1.0）Geofabrik japan-latest.osm.pbf 2026-09-30T20:22:42Z node/1480822506（登山道と道路の接続点）",
TH-n1480907277,trailhead,（名称未確認）,32.9644019,130.5307371,WGS84,870,小岱山,,九州百名山,,一般道（県道以上）との接続,小岱山:3.5km,PK-w1238773863(200m) PK-w1246222069(404m),,provisional,30,名称未確認、登山道が道路を横断する地点（途中の入口の可能性）、公式情報または2情報源での確認が必要,"OpenStreetMap（© OpenStreetMap contributors, ODbL 1.0）Geofabrik japan-latest.osm.pbf 2026-09-30T20:22:42Z node/1480907277（登山道と道路の接続点）",
TH-n1480909430,trailhead,丸山キャンプ場（小岱山 観音岳サークルコース起点）,32.9682187,130.5295042,WGS84,870,小岱山,,九州百名山,,一般道との接続,小岱山:2.29km,PK-w1246222069(47m) PK-w1238773863(300m),course=観音岳サークルコース：丸山キャンプ場→丸山展望所→観音岳、約3.8km（回遊型、約90分）（玉名市）,adopted,15,丸山キャンプ場は小岱山ふるさと自然公園の拠点で、ハイキングコースや九州自然遊歩道、小岱山八十八ヶ所巡りの起点（玉名市）、登山口の正確な位置は公式情報では未確認。OSMの「丸山キャンプ場」から約190m,"OpenStreetMap（© OpenStreetMap contributors, ODbL 1.0）Geofabrik japan-latest.osm.pbf 2026-09-30T20:22:42Z node/1480909430（登山道と道路の接続点） ｜ 公式情報: https://www.city.tamana.lg.jp/q/aview/407/2109.html ｜ 公式情報: https://www.city.tamana.lg.jp/q/aview/407/2100.html ｜ 地理院地図の徒歩道が車道から始まる位置（32.968203, 130.529552）から2m、地理院地図の注記「誕生寺」から411m 2026-09-26確認",2026-09-26
TH-n1480911771,trailhead,（名称未確認）,32.976704,130.544259,WGS84,870,小岱山,,九州百名山,,一般道との接続,小岱山:2.31km,,,candidate,30,名称未確認、公式情報または2情報源での確認が必要,"OpenStreetMap（© OpenStreetMap contributors, ODbL 1.0）Geofabrik japan-latest.osm.pbf 2026-09-30T20:22:42Z node/1480911771（登山道と道路の接続点）",
TH-n1482919103,trailhead,はげの湯登山口（涌蓋山）,33.142105,131.153562,WGS84,859,涌蓋山,,日本三百名山|九州百名山,,道路の終点付近,涌蓋山:1.06km,,,provisional,30,林道からの入口（マイカー進入可否を要確認）、公式情報または2情報源での確認が必要,"OpenStreetMap（© OpenStreetMap contributors, ODbL 1.0）Geofabrik japan-latest.osm.pbf 2026-09-30T20:22:42Z node/1482919103（登山道と道路の接続点） ｜ 登山記録で広く使われている登山口（登山記録・登山情報サイトで名称と利用を確認。公式情報では未確認） 2026-09-24確認",
TH-n1498000541,trailhead,（名称未確認）,33.5120263,130.9941217,WGS84,828,犬ガ岳,,九州百名山,,道路の終点付近,犬ガ岳:1.16km,,,candidate,30,名称未確認、林道からの入口（マイカー進入可否を要確認）、公式情報または2情報源での確認が必要,"OpenStreetMap（© OpenStreetMap contributors, ODbL 1.0）Geofabrik japan-latest.osm.pbf 2026-09-30T20:22:42Z node/1498000541（登山道と道路の接続点）",
TH-n1498002301,trailhead,（名称未確認）,33.520942,130.991669,WGS84,826,求菩提山,,九州百名山,,道路の終点付近,求菩提山:3.04km,,,candidate,30,名称未確認、林道からの入口（マイカー進入可否を要確認）、公式情報または2情報源での確認が必要,"OpenStreetMap（© OpenStreetMap contributors, ODbL 1.0）Geofabrik japan-latest.osm.pbf 2026-09-30T20:22:42Z node/1498002301（登山道と道路の接続点）",
TH-n1498004046,trailhead,求菩提資料館前（求菩提山登山口）,33.536191,131.016205,WGS84,826,求菩提山,,九州百名山,,一般道との接続,求菩提山:0.78km,PK-g3353619_13101621-2(0m) PK-g3353619_13101621(0m) BS-kP11-22-40-bs6018(138m),,provisional,30,公式情報または2情報源での確認が必要,"OpenStreetMap（© OpenStreetMap contributors, ODbL 1.0）Geofabrik japan-latest.osm.pbf 2026-09-30T20:22:42Z node/1498004046（登山道と道路の接続点） ｜ 登山記録で広く使われている登山口（登山記録・登山情報サイトで名称と利用を確認。公式情報では未確認） 2026-09-24確認",
TH-n1498004983,trailhead,（名称未確認）求菩提資料館前バス停付近,33.543783,131.011525,WGS84,826,求菩提山,,九州百名山,,一般道との接続,求菩提山:0.39km,BS-kP11-22-40-bs6018(902m),,provisional,30,名称未確認、公式情報または2情報源での確認が必要,"OpenStreetMap（© OpenStreetMap contributors, ODbL 1.0）Geofabrik japan-latest.osm.pbf 2026-09-30T20:22:42Z node/1498004983（登山道と道路の接続点）",
TH-n1498047328,trailhead,（名称未確認）,33.5448922,131.0045279,WGS84,826,求菩提山,,九州百名山,,一般道（県道以上）との接続,求菩提山:0.88km,,,candidate,30,名称未確認、登山道が道路を横断する地点（途中の入口の可能性）、公式情報または2情報源での確認が必要,"OpenStreetMap（© OpenStreetMap contributors, ODbL 1.0）Geofabrik japan-latest.osm.pbf 2026-09-30T20:22:42Z node/1498047328（登山道と道路の接続点）",
TH-n1503560223,trailhead,（名称未確認）銅の鳥居バス停付近,33.483524,130.899416,WGS84,832,英彦山,,日本二百名山|日本三百名山|九州百名山,,一般道（県道以上）との接続,英彦山:4.74km,BS-kP11-22-40-bs6851(265m) BS-kP11-22-40-bs6845(674m) BS-kP11-22-40-bs6836(686m),,provisional,30,名称未確認、公式情報または2情報源での確認が必要,"OpenStreetMap（© OpenStreetMap contributors, ODbL 1.0）Geofabrik japan-latest.osm.pbf 2026-09-30T20:22:42Z node/1503560223（登山道と道路の接続点）",
TH-n1503560439,trailhead,豊前坊（高住神社・英彦山登山口）,33.484535,130.932137,WGS84,832,英彦山,,日本二百名山|日本三百名山|九州百名山,,一般道との接続,英彦山:1.79km,BS-kP11-22-40-bs6857(15m) BS-kP11-22-40-bs6818(781m),,provisional,30,公式情報または2情報源での確認が必要,"OpenStreetMap（© OpenStreetMap contributors, ODbL 1.0）Geofabrik japan-latest.osm.pbf 2026-09-30T20:22:42Z node/1503560439（登山道と道路の接続点） ｜ 登山記録で広く使われている登山口（登山記録・登山情報サイトで名称と利用を確認。公式情報では未確認） 2026-09-26確認",
TH-n1503560607,trailhead,別所駐車場（英彦山 奉幣殿方面）,33.4850322,130.9070991,WGS84,832,英彦山,,日本二百名山|日本三百名山|九州百名山,,一般道（県道以上）との接続,英彦山:2.52km,PK-w160579519(456m) PK-w238085928(475m) BS-kP11-22-40-bs6848(57m) BS-kP11-22-40-bs6836(307m) BS-kP11-22-40-bs6820(451m),cable=英彦山スロープカー（銅の鳥居〜奉幣殿、469m・約15分）,adopted,15,登山道が道路を横断する地点（途中の入口の可能性）、添田町が英彦山・鷹ノ巣山・岳滅鬼山の登山マップを公開している（添田町）,"OpenStreetMap（© OpenStreetMap contributors, ODbL 1.0）Geofabrik japan-latest.osm.pbf 2026-09-30T20:22:42Z node/1503560607（登山道と道路の接続点） ｜ 公式情報: https://www.town.soeda.fukuoka.jp/site/kankou/1032.html ｜ 公式情報: https://www.town.soeda.fukuoka.jp/hikosan-slopecar/ ｜ 公式情報: https://hikosan-slopecar.net/",2026-09-20
TH-n1503562105,trailhead,（名称未確認）青年の家入口バス停付近,33.488508,130.920547,WGS84,832,英彦山,,日本二百名山|日本三百名山|九州百名山,OSM登山道「九州自然歩道」,一般道との接続,英彦山:2.0km,BS-kP11-22-40-bs6818(497m) BS-kP11-22-40-bs6817(688m),,provisional,30,名称未確認、公式情報または2情報源での確認が必要,"OpenStreetMap（© OpenStreetMap contributors, ODbL 1.0）Geofabrik japan-latest.osm.pbf 2026-09-30T20:22:42Z node/1503562105（登山道と道路の接続点）",
TH-n1503562632,trailhead,（名称未確認）別所駐車場付近,33.4892081,130.9070019,WGS84,832,英彦山,,日本二百名山|日本三百名山|九州百名山,,一般道（県道以上）との接続,英彦山:3.0km,PK-w160579519(154m) PK-w238085928(206m) BS-kP11-22-40-bs6820(177m) BS-kP11-22-40-bs6815(247m) BS-kP11-22-40-bs6836(263m),,provisional,30,名称未確認、登山道が道路を横断する地点（途中の入口の可能性）、公式情報または2情報源での確認が必要,"OpenStreetMap（© OpenStreetMap contributors, ODbL 1.0）Geofabrik japan-latest.osm.pbf 2026-09-30T20:22:42Z node/1503562632（登山道と道路の接続点）",
TH-n1508565083,trailhead,（名称未確認）,33.7589467,130.8963553,WGS84,795,貫山,,九州百名山,,一般道との接続,貫山:3.3km,PK-w877408193(281m),,provisional,30,名称未確認、登山道が道路を横断する地点（途中の入口の可能性）、近くの道路にゲートあり（車両通行止め・季節閉鎖の可能性）、公式情報または2情報源での確認が必要,"OpenStreetMap（© OpenStreetMap contributors, ODbL 1.0）Geofabrik japan-latest.osm.pbf 2026-09-30T20:22:42Z node/1508565083（登山道と道路の接続点）",
TH-n1508565830,trailhead,（名称未確認）,33.7617825,130.8917052,WGS84,795,貫山,,九州百名山,,一般道（県道以上）との接続,貫山:3.64km,,,candidate,30,名称未確認、近くの道路にゲートあり（車両通行止め・季節閉鎖の可能性）、公式情報または2情報源での確認が必要,"OpenStreetMap（© OpenStreetMap contributors, ODbL 1.0）Geofabrik japan-latest.osm.pbf 2026-09-30T20:22:42Z node/1508565830（登山道と道路の接続点）",
TH-n1508565953,trailhead,茶ヶ床園地（貫山登山口）,33.7622215,130.9043958,WGS84,795,貫山,,九州百名山,,林道との接続,貫山:2.77km,PK-g3376222_1309044(0m),,provisional,30,近くの道路にゲートあり（車両通行止め・季節閉鎖の可能性）、林道からの入口（マイカー進入可否を要確認）、公式情報または2情報源での確認が必要,"OpenStreetMap（© OpenStreetMap contributors, ODbL 1.0）Geofabrik japan-latest.osm.pbf 2026-09-30T20:22:42Z node/1508565953（登山道と道路の接続点） ｜ 登山記録で広く使われている登山口（登山記録・登山情報サイトで名称と利用を確認。公式情報では未確認） 2026-09-24確認",
TH-n1508566772,trailhead,（名称未確認）,33.7650441,130.8899231,WGS84,795,貫山,,九州百名山,,一般道（県道以上）との接続,貫山:3.15km,,,candidate,30,名称未確認、近くの道路にゲートあり（車両通行止め・季節閉鎖の可能性）、公式情報または2情報源での確認が必要,"OpenStreetMap（© OpenStreetMap contributors, ODbL 1.0）Geofabrik japan-latest.osm.pbf 2026-09-30T20:22:42Z node/1508566772（登山道と道路の接続点）",
TH-n1508615661,trailhead,（名称未確認）安部山公園バス停付近,33.852433,130.90977,WGS84,771,足立山,,九州百名山,,一般道との接続,足立山:1.57km,BS-kP11-22-40-bs1224(307m) BS-kP11-22-40-bs1252(425m) BS-kP11-22-40-bs1252(425m),,provisional,30,名称未確認、公式情報または2情報源での確認が必要,"OpenStreetMap（© OpenStreetMap contributors, ODbL 1.0）Geofabrik japan-latest.osm.pbf 2026-09-30T20:22:42Z node/1508615661（登山道と道路の接続点）",
TH-n1528386826,trailhead,（名称未確認）寺内バス停付近,33.901676,130.947217,WGS84,771,足立山,,九州百名山,,一般道との接続,足立山:7.5km,BS-kP11-22-40-bs245(206m) BS-kP11-22-40-bs240(319m) BS-kP11-22-40-bs259(417m),,provisional,30,名称未確認、公式情報または2情報源での確認が必要,"OpenStreetMap（© OpenStreetMap contributors, ODbL 1.0）Geofabrik japan-latest.osm.pbf 2026-09-30T20:22:42Z node/1528386826（登山道と道路の接続点）",
TH-n1530701048,trailhead,（名称未確認）,33.74951,130.791621,WGS84,802,福智山,,九州百名山,OSM登山道「頓野林道85支線」,道路の終点付近,福智山:2.37km,,,candidate,30,名称未確認、林道からの入口（マイカー進入可否を要確認）、公式情報または2情報源での確認が必要,"OpenStreetMap（© OpenStreetMap contributors, ODbL 1.0）Geofabrik japan-latest.osm.pbf 2026-09-30T20:22:42Z node/1530701048（登山道と道路の接続点）",
TH-n1551636866,trailhead,（名称未確認）,33.489525,130.726033,WGS84,829,古処山,,九州百名山,,林道との接続,古処山:0.8km,,,candidate,30,名称未確認、林道からの入口（マイカー進入可否を要確認）、公式情報または2情報源での確認が必要,"OpenStreetMap（© OpenStreetMap contributors, ODbL 1.0）Geofabrik japan-latest.osm.pbf 2026-09-30T20:22:42Z node/1551636866（登山道と道路の接続点）",
TH-n1551641634,trailhead,（名称未確認）,33.5003389,130.755606,WGS84,829,古処山,,九州百名山,,一般道との接続,古処山:4.94km,,,candidate,30,名称未確認、公式情報または2情報源での確認が必要,"OpenStreetMap（© OpenStreetMap contributors, ODbL 1.0）Geofabrik japan-latest.osm.pbf 2026-09-30T20:22:42Z node/1551641634（登山道と道路の接続点）",
TH-n1554209476,trailhead,古処林道終点（5合目）駐車場,33.480874,130.7189349,WGS84,829,古処山,,九州百名山,,一般道との接続,古処山:0.69km,,course=古処林道終点（5合目）から山頂まで約1時間30分（朝倉市）,adopted,15,登山道が道路を横断する地点（途中の入口の可能性）、令和5年7月の豪雨により古処林道は通行止め（朝倉市）,"OpenStreetMap（© OpenStreetMap contributors, ODbL 1.0）Geofabrik japan-latest.osm.pbf 2026-09-30T20:22:42Z node/1554209476（登山道と道路の接続点） ｜ 公式情報: https://www.city.asakura.lg.jp/site/kanko/1746.html ｜ 朝倉市の観光情報「古処山」の地図2 古処林道終点の駐車場（33.4808456, 130.7188658）。地理院地図の車道の終点（33.480802, 130.718921）から7m 2026-09-26確認",2026-09-26
TH-n1554213416,trailhead,（名称未確認）,33.4877589,130.713188,WGS84,829,古処山,,九州百名山,,一般道との接続,古処山:1.36km,,,candidate,30,名称未確認、公式情報または2情報源での確認が必要,"OpenStreetMap（© OpenStreetMap contributors, ODbL 1.0）Geofabrik japan-latest.osm.pbf 2026-09-30T20:22:42Z node/1554213416（登山道と道路の接続点）",
TH-n1579493511,trailhead,小文字山登山口（足立山）,33.8753707,130.9053466,WGS84,771,足立山,,九州百名山,,一般道との接続,足立山:2.52km,PK-g3387537_13090535(0m) PK-w563973261(20m) PK-n7675882690(268m) BS-kP11-22-40-bs717(461m) BS-kP11-22-40-bs667(497m) BS-kP11-22-40-bs751(569m),,provisional,30,公式情報または2情報源での確認が必要,"OpenStreetMap（© OpenStreetMap contributors, ODbL 1.0）Geofabrik japan-latest.osm.pbf 2026-09-30T20:22:42Z node/1579493511（登山道と道路の接続点） ｜ 登山記録で広く使われている登山口（登山記録・登山情報サイトで名称と利用を確認。公式情報では未確認） 2026-09-29確認",
TH-n1579495691,trailhead,（名称未確認）大谷池バス停付近,33.87773,130.907112,WGS84,771,足立山,,九州百名山,,一般道との接続,足立山:2.61km,PK-n7675882690(196m) PK-w563973261(326m) BS-kP11-22-40-bs635(268m) BS-kP11-22-40-bs608(392m) BS-kP11-22-40-bs667(580m),,provisional,30,名称未確認、公式情報または2情報源での確認が必要,"OpenStreetMap（© OpenStreetMap contributors, ODbL 1.0）Geofabrik japan-latest.osm.pbf 2026-09-30T20:22:42Z node/1579495691（登山道と道路の接続点）",
TH-n1679059508,trailhead,（名称未確認）,32.8943661,131.1341603,WGS84,874,根子岳,,九州百名山,,道路の終点付近,根子岳:1.71km,,,candidate,30,名称未確認、林道からの入口（マイカー進入可否を要確認）、公式情報または2情報源での確認が必要,"OpenStreetMap（© OpenStreetMap contributors, ODbL 1.0）Geofabrik japan-latest.osm.pbf 2026-09-30T20:22:42Z node/1679059508（登山道と道路の接続点）",
TH-n1679175724,trailhead,（名称未確認）,33.1974323,130.8836006,WGS84,855,釈迦ガ岳,,九州百名山,OSM登山道「御前岳登山道」,一般道との接続,釈迦ガ岳:3.13km,PK-n1679175728(74m),,provisional,30,名称未確認、公式情報または2情報源での確認が必要,"OpenStreetMap（© OpenStreetMap contributors, ODbL 1.0）Geofabrik japan-latest.osm.pbf 2026-09-30T20:22:42Z node/1679175724（登山道と道路の接続点）",
TH-n1712254871,trailhead,（名称未確認）自衛隊前バス停付近,33.2973419,131.4521153,WGS84,848,鶴見岳,,日本三百名山|九州百名山,,一般道との接続,鶴見岳:5.93km,PK-w418394376(472m) BS-kP11-22-44-bs3194(830m) BS-n7018661887(846m) BS-kP11-22-44-bs3265(913m),,provisional,30,名称未確認、公式情報または2情報源での確認が必要,"OpenStreetMap（© OpenStreetMap contributors, ODbL 1.0）Geofabrik japan-latest.osm.pbf 2026-09-30T20:22:42Z node/1712254871（登山道と道路の接続点）",
TH-n1720482527,trailhead,色利登山口（元越山）,32.8941668,131.9806025,WGS84,872,元越山,,九州百名山,,一般道との接続,元越山:2.32km,BS-kP11-22-44-bs6802(367m) BS-kP11-22-44-bs6806(445m) BS-kP11-22-44-bs6809(556m),,provisional,30,公式情報または2情報源での確認が必要,"OpenStreetMap（© OpenStreetMap contributors, ODbL 1.0）Geofabrik japan-latest.osm.pbf 2026-09-30T20:22:42Z node/1720482527（登山道と道路の接続点） ｜ 登山記録で広く使われている登山口（登山記録・登山情報サイトで名称と利用を確認。公式情報では未確認） 2026-09-29確認",
TH-n1722371120,trailhead,（名称未確認）,32.4800041,131.0043868,WGS84,908,白鳥山,,九州百名山,,一般道との接続,白鳥山:2.71km,,,candidate,30,名称未確認、公式情報または2情報源での確認が必要,"OpenStreetMap（© OpenStreetMap contributors, ODbL 1.0）Geofabrik japan-latest.osm.pbf 2026-09-30T20:22:42Z node/1722371120（登山道と道路の接続点）",
TH-n1722371129,trailhead,峰越登山口（峰越峠）,32.4817482,131.0119299,WGS84,875 904 908,烏帽子岳、国見岳、白鳥山,,九州百名山|日本三百名山,,一般道との接続,烏帽子岳:4.07km 国見岳:9.33km 白鳥山:2.59km,PK-n1722371079(13m),,adopted,15,登山道が道路を横断する地点（途中の入口の可能性）、熊本県側は道路決壊（五ヶ瀬町、2023年10月30日時点）、登山口の正確な位置は公式情報では未確認,"OpenStreetMap（© OpenStreetMap contributors, ODbL 1.0）Geofabrik japan-latest.osm.pbf 2026-09-30T20:22:42Z node/1722371129（登山道と道路の接続点） ｜ 公式情報: https://www.town.gokase.miyazaki.jp/kakuka/kikaku/1704.html",2026-09-24
TH-n1722516690,trailhead,諸塚山登山口前,32.6399328,131.272648,WGS84,897,諸塚山,,九州百名山,,登山口（OSMの登山口地物）,諸塚山:1.58km,PK-g3263993_13127265(0m),,adopted,15,採用の根拠: OSMの登山口名と、地理院地図の徒歩道が道路から始まる位置の一致（公式情報では未確認）,"OpenStreetMap（© OpenStreetMap contributors, ODbL 1.0）Geofabrik japan-latest.osm.pbf 2026-09-30T20:22:42Z node/1722516690 ｜ 国土地理院ベクトルタイル提供実験 地理院地図の徒歩道の起点（32.639694, 131.272510、JGD2011、29m差）2026-10-01確認 ｜ 登山記録で広く使われている登山口（登山記録・登山情報サイトで名称と利用を確認。公式情報では未確認） 2026-09-29確認",
TH-n1722524604,trailhead,塩鶴登山口（双石山）,31.8139336,131.3826647,WGS84,923,双石山,,九州百名山,,一般道（県道以上）との接続,双石山:2.45km,,course=塩鶴登山口から山頂まで目安2.8km、100分～（宮崎市）,adopted,15,登山口の正確な位置は公式情報では未確認,"OpenStreetMap（© OpenStreetMap contributors, ODbL 1.0）Geofabrik japan-latest.osm.pbf 2026-09-30T20:22:42Z node/1722524604（登山道と道路の接続点） ｜ 公式情報: https://faq.miyazaki-city-callcenter.jp/faq/detail.aspx?id=1525",2026-09-24
TH-n1722524782,trailhead,九平登山口（双石山）,31.7974249,131.3697525,WGS84,923,双石山,,九州百名山,,一般道（県道以上）との接続,双石山:0.9km,,course=九平登山口から山頂まで目安1.5km、45分～（宮崎市）,adopted,15,登山口の正確な位置は公式情報では未確認,"OpenStreetMap（© OpenStreetMap contributors, ODbL 1.0）Geofabrik japan-latest.osm.pbf 2026-09-30T20:22:42Z node/1722524782（登山道と道路の接続点） ｜ 公式情報: https://faq.miyazaki-city-callcenter.jp/faq/detail.aspx?id=1525",2026-09-24
TH-n1723528563,trailhead,正面登山口（甘茶谷登山口・尾鈴山）,32.2983193,131.4420136,WGS84,914,尾鈴山,,日本二百名山|日本三百名山|九州百名山,甘茶谷コース,道路の終点付近,尾鈴山:1.6km,,,provisional,30,林道からの入口（マイカー進入可否を要確認）、公式情報または2情報源での確認が必要,"OpenStreetMap（© OpenStreetMap contributors, ODbL 1.0）Geofabrik japan-latest.osm.pbf 2026-09-30T20:22:42Z node/1723528563（登山道と道路の接続点） ｜ 登山記録で広く使われている登山口（登山記録・登山情報サイトで名称と利用を確認。公式情報では未確認） 2026-09-24確認",
TH-n1724765592,trailhead,元越山登山口前,32.9176804,131.940018,WGS84,872,元越山,,九州百名山,,登山口（OSMの登山口地物）,元越山:3.01km,PK-g3291768_13194002(0m) BS-kP11-22-44-bs6699(815m) BS-kP11-22-44-bs6696(899m) BS-n9129587248(926m),,provisional,15,公式情報または2情報源での確認が必要,"OpenStreetMap（© OpenStreetMap contributors, ODbL 1.0）Geofabrik japan-latest.osm.pbf 2026-09-30T20:22:42Z node/1724765592 ｜ 登山記録で広く使われている登山口（登山記録・登山情報サイトで名称と利用を確認。公式情報では未確認） 2026-09-29確認",
TH-n1726376559,trailhead,地蔵岳登山口（尾八重）,32.2760893,131.3070916,WGS84,915,地蔵岳,,九州百名山,,道路の終点付近,地蔵岳:1.51km,,,provisional,30,公式情報または2情報源での確認が必要,"OpenStreetMap（© OpenStreetMap contributors, ODbL 1.0）Geofabrik japan-latest.osm.pbf 2026-09-30T20:22:42Z node/1726376559（登山道と道路の接続点） ｜ 登山記録で広く使われている登山口（登山記録・登山情報サイトで名称と利用を確認。公式情報では未確認） 2026-09-24確認",
TH-n1726386525,trailhead,（名称未確認）,32.6212702,131.0266721,WGS84,900,天主山,,九州百名山,,道路の終点付近,天主山:2.57km,,,candidate,30,名称未確認、林道からの入口（マイカー進入可否を要確認）、公式情報または2情報源での確認が必要,"OpenStreetMap（© OpenStreetMap contributors, ODbL 1.0）Geofabrik japan-latest.osm.pbf 2026-09-30T20:22:42Z node/1726386525（登山道と道路の接続点）",
TH-n1727301730,trailhead,（名称未確認）,31.1374339,130.8785986,WGS84,932,稲尾岳,,九州百名山,,道路の終点付近,稲尾岳:5.2km,,,candidate,30,名称未確認、林道からの入口（マイカー進入可否を要確認）、公式情報または2情報源での確認が必要,"OpenStreetMap（© OpenStreetMap contributors, ODbL 1.0）Geofabrik japan-latest.osm.pbf 2026-09-30T20:22:42Z node/1727301730（登山道と道路の接続点）",
TH-n1727301756,trailhead,照葉樹の森ビジターセンター（稲尾岳登山口）,31.1272901,130.861475,WGS84,932,稲尾岳,,九州百名山,,一般道との接続,稲尾岳:3.46km,PK-g3112729_13086148(0m),,provisional,30,公式情報または2情報源での確認が必要,"OpenStreetMap（© OpenStreetMap contributors, ODbL 1.0）Geofabrik japan-latest.osm.pbf 2026-09-30T20:22:42Z node/1727301756（登山道と道路の接続点） ｜ 登山記録で広く使われている登山口（登山記録・登山情報サイトで名称と利用を確認。公式情報では未確認） 2026-09-24確認",
TH-n1727304554,trailhead,甫与志岳登山口前,31.2567367,130.9779195,WGS84,930,甫与志岳,,九州百名山,,登山口（OSMの登山口地物）,甫与志岳:1.51km,,,adopted,15,採用の根拠: OSMの登山口名と、地理院地図の徒歩道が道路から始まる位置の一致（公式情報では未確認）,"OpenStreetMap（© OpenStreetMap contributors, ODbL 1.0）Geofabrik japan-latest.osm.pbf 2026-09-30T20:22:42Z node/1727304554 ｜ 国土地理院ベクトルタイル提供実験 地理院地図の徒歩道の起点（31.256756, 130.977750、JGD2011、16m差）2026-10-01確認",
TH-n1728530871,trailhead,北谷登山口（祖母山）,32.8204687,131.325259,WGS84,857 876 877 881 882,障子岳、越敷岳、大障子、祖母山、古祖母山,,九州百名山|日本百名山|日本二百名山|日本三百名山,北谷登山口（千間平）コース,登山口（OSMの登山口地物）,障子岳:3.86km 越敷岳:6.31km 大障子:7.59km 祖母山:2.66km 古祖母山:5.92km,,restriction=登山口までのアクセス道路で道路改良工事による交通制限・迂回がある,adopted,15,祖母山北谷登山口へのアクセス道路は工事のため通行止め・迂回となる期間がある（祖母・傾・大崩ユネスコエコパーク）、入山前に高千穂町・エコパーク協議会の道路情報を確認すること,"OpenStreetMap（© OpenStreetMap contributors, ODbL 1.0）Geofabrik japan-latest.osm.pbf 2026-09-30T20:22:42Z node/1728530871 ｜ 国土地理院ベクトルタイル提供実験 地理院地図の徒歩道の起点（32.820569, 131.325364、JGD2011、15m差）2026-10-01確認 ｜ 公式情報: https://sobokatamuki-br-council.org/information/%E7%A5%96%E6%AF%8D%E5%B1%B1%E5%8C%97%E8%B0%B7%E7%99%BB%E5%B1%B1%E5%8F%A3%E3%80%80%E9%81%93%E8%B7%AF%E6%94%B9%E8%89%AF%E5%B7%A5%E4%BA%8B%E3%81%AB%E3%82%88%E3%82%8B%E8%BF%82%E5%9B%9E%E8%B7%AF%E3%81%AE ｜ 公式情報: https://takachiho-kanko.info/sightseeing/26/",2026-09-20
TH-n1728590066,trailhead,（名称未確認）,33.1299637,131.165836,WGS84,859,涌蓋山,,日本三百名山|九州百名山,,林道との接続,涌蓋山:1.21km,,,candidate,30,名称未確認、林道からの入口（マイカー進入可否を要確認）、公式情報または2情報源での確認が必要,"OpenStreetMap（© OpenStreetMap contributors, ODbL 1.0）Geofabrik japan-latest.osm.pbf 2026-09-30T20:22:42Z node/1728590066（登山道と道路の接続点）",
TH-n1728615538,trailhead,ゴボウ畠登山口前,32.5765948,131.1129637,WGS84,902 905,白岩山、扇山,,九州百名山,,登山口（OSMの登山口地物）,白岩山:1.5km 扇山:9.54km,,,provisional,15,公式情報または2情報源での確認が必要,"OpenStreetMap（© OpenStreetMap contributors, ODbL 1.0）Geofabrik japan-latest.osm.pbf 2026-09-30T20:22:42Z node/1728615538",
TH-n1735992296,trailhead,トンネル登山口駐車場,32.4405658,130.939425,WGS84,908,白鳥山,,九州百名山,,登山口（OSMの登山口地物）,白鳥山:9.3km,,,provisional,15,公式情報または2情報源での確認が必要,"OpenStreetMap（© OpenStreetMap contributors, ODbL 1.0）Geofabrik japan-latest.osm.pbf 2026-09-30T20:22:42Z node/1735992296",
TH-n1741353352,trailhead,（名称未確認）,32.5791287,130.9156495,WGS84,901,京丈山,,九州百名山,,道路の終点付近,京丈山:4.12km,,,candidate,30,名称未確認、公式情報または2情報源での確認が必要,"OpenStreetMap（© OpenStreetMap contributors, ODbL 1.0）Geofabrik japan-latest.osm.pbf 2026-09-30T20:22:42Z node/1741353352（登山道と道路の接続点）",
TH-n1743984459,trailhead,大曲登山口（三俣山・九重山 すがもり越方面）,33.101236,131.2264731,WGS84,861 862 863 865,黒岳、三俣山、大船山、九重山,,九州百名山|日本三百名山|日本百名山|日本二百名山,,駐車場・バス停（林道・車道を経由して登山道へ）,黒岳:9.85km 三俣山:2.69km 大船山:6.52km 九重山:3.52km,PK-g3310124_13122647(0m) PK-n1743984459(0m) BS-kP11-22-44-bs5151(964m),,provisional,15,林道からの入口（マイカー進入可否を要確認）、公式情報または2情報源での確認が必要,"OpenStreetMap（© OpenStreetMap contributors, ODbL 1.0）Geofabrik japan-latest.osm.pbf 2026-09-30T20:22:42Z node/1743984459 ｜ OpenStreetMap（© OpenStreetMap contributors, ODbL 1.0）Geofabrik japan-latest.osm.pbf 2026-09-30T20:22:42Z node/1308423314（登山道と道路の接続点） ｜ 登山記録で広く使われている登山口（登山記録・登山情報サイトで名称と利用を確認。公式情報では未確認） 2026-09-29確認",
TH-n1744178824,trailhead,（名称未確認）鳥居バス停付近,33.272658,131.4390586,WGS84,848,鶴見岳,,日本三百名山|九州百名山,,一般道との接続,鶴見岳:2.24km,PK-w162552685(47m) BS-kP11-22-44-bs3481(431m) BS-kP11-22-44-bs3480(457m) BS-kP11-22-44-bs3443(580m),,provisional,30,名称未確認、公式情報または2情報源での確認が必要,"OpenStreetMap（© OpenStreetMap contributors, ODbL 1.0）Geofabrik japan-latest.osm.pbf 2026-09-30T20:22:42Z node/1744178824（登山道と道路の接続点）",
TH-n1744238597,trailhead,（名称未確認）石場前バス停付近,33.1966082,129.903235,WGS84,851,黒髪山,,九州百名山,,一般道との接続,黒髪山:2.5km,BS-kP11-22-41-bs2503(435m) BS-kP11-22-41-bs2536(549m) BS-kP11-22-41-bs2540(588m),,provisional,30,名称未確認、近くの道路にゲートあり（車両通行止め・季節閉鎖の可能性）、公式情報または2情報源での確認が必要,"OpenStreetMap（© OpenStreetMap contributors, ODbL 1.0）Geofabrik japan-latest.osm.pbf 2026-09-30T20:22:42Z node/1744238597（登山道と道路の接続点）",
TH-n1744246490,trailhead,（名称未確認）,33.2133619,129.9044896,WGS84,851,黒髪山,,九州百名山,,一般道との接続,黒髪山:0.2km,PK-w487549493(20m) PK-w487549497(179m) PK-w487549490(374m),,provisional,30,名称未確認、近くの道路にゲートあり（車両通行止め・季節閉鎖の可能性）、公式情報または2情報源での確認が必要,"OpenStreetMap（© OpenStreetMap contributors, ODbL 1.0）Geofabrik japan-latest.osm.pbf 2026-09-30T20:22:42Z node/1744246490（登山道と道路の接続点）",
TH-n1752057933,trailhead,（名称未確認）黒木林道駐車場付近,32.9771145,130.0657487,WGS84,868 869,経ガ岳、多良岳,,九州百名山|日本三百名山,,一般道との接続,経ガ岳:2.08km 多良岳:3.72km,PK-n1752049254(246m) BS-n12176267592(541m) BS-n1344041207(545m) BS-n1344053205(545m),,provisional,30,名称未確認、公式情報または2情報源での確認が必要,"OpenStreetMap（© OpenStreetMap contributors, ODbL 1.0）Geofabrik japan-latest.osm.pbf 2026-09-30T20:22:42Z node/1752057933（登山道と道路の接続点）",
TH-n1759336711,trailhead,（名称未確認）,32.8546982,130.9809329,WGS84,880,俵山,,九州百名山,,一般道との接続,俵山:2.86km,PK-w410855099(35m),,provisional,30,名称未確認、公式情報または2情報源での確認が必要,"OpenStreetMap（© OpenStreetMap contributors, ODbL 1.0）Geofabrik japan-latest.osm.pbf 2026-09-30T20:22:42Z node/1759336711（登山道と道路の接続点）",
TH-n1759527095,trailhead,（名称未確認）,32.4846517,130.9259422,WGS84,907,上福根山,,九州百名山,,一般道との接続,上福根山:3.14km,,,candidate,30,名称未確認、登山道が道路を横断する地点（途中の入口の可能性）、公式情報または2情報源での確認が必要,"OpenStreetMap（© OpenStreetMap contributors, ODbL 1.0）Geofabrik japan-latest.osm.pbf 2026-09-30T20:22:42Z node/1759527095（登山道と道路の接続点）",
TH-n1764756909,trailhead,（名称未確認）,31.9526338,130.8547706,WGS84,919,白鳥山（霧島山）,,九州百名山,,一般道（県道以上）との接続,白鳥山（霧島山）:3.06km,PK-w279648825(419m),,provisional,30,名称未確認、近くの道路にゲートあり（車両通行止め・季節閉鎖の可能性）、公式情報または2情報源での確認が必要,"OpenStreetMap（© OpenStreetMap contributors, ODbL 1.0）Geofabrik japan-latest.osm.pbf 2026-09-30T20:22:42Z node/1764756909（登山道と道路の接続点）",
TH-n1815047592,trailhead,（名称未確認）,33.2173277,129.8866794,WGS84,851,黒髪山,,九州百名山,,一般道との接続,黒髪山:2.04km,PK-w1469991471(25m),,provisional,30,名称未確認、公式情報または2情報源での確認が必要,"OpenStreetMap（© OpenStreetMap contributors, ODbL 1.0）Geofabrik japan-latest.osm.pbf 2026-09-30T20:22:42Z node/1815047592（登山道と道路の接続点）",
TH-n1815444306,trailhead,（名称未確認）,33.2182221,129.9034733,WGS84,851,黒髪山,,九州百名山,,道路の終点付近,黒髪山:0.76km,PK-w1497653750(322m) PK-w1222291576(399m),,provisional,30,名称未確認、近くの道路にゲートあり（車両通行止め・季節閉鎖の可能性）、林道からの入口（マイカー進入可否を要確認）、公式情報または2情報源での確認が必要,"OpenStreetMap（© OpenStreetMap contributors, ODbL 1.0）Geofabrik japan-latest.osm.pbf 2026-09-30T20:22:42Z node/1815444306（登山道と道路の接続点）",
TH-n1818428593,trailhead,（名称未確認）,32.6684596,129.8588979,WGS84,893,八郎岳,,九州百名山,,道路の終点付近,八郎岳:0.3km,,,candidate,30,名称未確認、林道からの入口（マイカー進入可否を要確認）、公式情報または2情報源での確認が必要,"OpenStreetMap（© OpenStreetMap contributors, ODbL 1.0）Geofabrik japan-latest.osm.pbf 2026-09-30T20:22:42Z node/1818428593（登山道と道路の接続点）",
TH-n1820256255,trailhead,（名称未確認）かまど神社駐車場付近,33.5268909,130.5513278,WGS84,824,宝満山,,九州百名山,,一般道との接続,宝満山:4.25km,PK-w110010783(181m) PK-w110010781(182m) BS-kP11-22-40-bs6198(196m) BS-kP11-22-40-bs6204(428m) BS-kP11-22-40-bs6225(741m),,provisional,30,名称未確認、公式情報または2情報源での確認が必要,"OpenStreetMap（© OpenStreetMap contributors, ODbL 1.0）Geofabrik japan-latest.osm.pbf 2026-09-30T20:22:42Z node/1820256255（登山道と道路の接続点）",
TH-n1836184398,trailhead,大川内山キャンプ場,33.2301127,129.8906893,WGS84,851,黒髪山,,九州百名山,,施設（山小屋・宿・キャンプ場）からの入口,黒髪山:2.84km,PK-n1837539371(138m) BS-n4378744090(709m) BS-kP11-22-41-bs2142(714m),,provisional,15,公式情報または2情報源での確認が必要,"OpenStreetMap（© OpenStreetMap contributors, ODbL 1.0）Geofabrik japan-latest.osm.pbf 2026-09-30T20:22:42Z node/1836184398",
TH-n1852388739,trailhead,（名称未確認）,33.4188861,130.4458713,WGS84,844,九千部山,,九州百名山,,一般道との接続,九千部山:0.24km,,,candidate,30,名称未確認、公式情報または2情報源での確認が必要,"OpenStreetMap（© OpenStreetMap contributors, ODbL 1.0）Geofabrik japan-latest.osm.pbf 2026-09-30T20:22:42Z node/1852388739（登山道と道路の接続点）",
TH-n1852535245,trailhead,（名称未確認）都坂団地上バス停付近,33.5172858,130.5534916,WGS84,824,宝満山,,九州百名山,,一般道との接続,宝満山:4.02km,BS-kP11-22-40-bs6386(304m) BS-kP11-22-40-bs6412(349m) BS-kP11-22-40-bs6470(453m),,provisional,30,名称未確認、公式情報または2情報源での確認が必要,"OpenStreetMap（© OpenStreetMap contributors, ODbL 1.0）Geofabrik japan-latest.osm.pbf 2026-09-30T20:22:42Z node/1852535245（登山道と道路の接続点）",
TH-n1852536132,trailhead,（名称未確認）大石バス停付近,33.5206922,130.5641891,WGS84,824,宝満山,,九州百名山,,一般道との接続,宝満山:3.15km,BS-kP11-22-40-bs6357(149m) BS-kP11-22-40-bs6337(198m) BS-kP11-22-40-bs6335(483m),,provisional,30,名称未確認、公式情報または2情報源での確認が必要,"OpenStreetMap（© OpenStreetMap contributors, ODbL 1.0）Geofabrik japan-latest.osm.pbf 2026-09-30T20:22:42Z node/1852536132（登山道と道路の接続点）",
TH-n1852659934,trailhead,（名称未確認）大石記念碑バス停付近,33.525041,130.568046,WGS84,824,宝満山,,九州百名山,,一般道との接続,宝満山:2.67km,BS-kP11-22-40-bs6335(486m) BS-kP11-22-40-bs6337(515m) BS-kP11-22-40-bs6357(720m),,provisional,30,名称未確認、公式情報または2情報源での確認が必要,"OpenStreetMap（© OpenStreetMap contributors, ODbL 1.0）Geofabrik japan-latest.osm.pbf 2026-09-30T20:22:42Z node/1852659934（登山道と道路の接続点）",
TH-n1861221882,trailhead,（名称未確認）河内バス停付近,33.4186805,130.4669906,WGS84,844,九千部山,,九州百名山,,一般道との接続,九千部山:2.25km,BS-kP11-22-41-bs453(579m),,provisional,30,名称未確認、公式情報または2情報源での確認が必要,"OpenStreetMap（© OpenStreetMap contributors, ODbL 1.0）Geofabrik japan-latest.osm.pbf 2026-09-30T20:22:42Z node/1861221882（登山道と道路の接続点）",
TH-n1864209676,trailhead,（名称未確認）グリーンタウン入口バス停付近,33.6690943,130.4641003,WGS84,815,立花山,,九州百名山,,一般道（県道以上）との接続,立花山:1.71km,PK-w559962733(242m) PK-w559962732(473m) BS-kP11-22-40-bs3248(775m) BS-kP11-22-40-bs3216(899m) BS-kP11-22-40-bs3263(919m),,provisional,30,名称未確認、登山道が道路を横断する地点（途中の入口の可能性）、近くの道路にゲートあり（車両通行止め・季節閉鎖の可能性）、公式情報または2情報源での確認が必要,"OpenStreetMap（© OpenStreetMap contributors, ODbL 1.0）Geofabrik japan-latest.osm.pbf 2026-09-30T20:22:42Z node/1864209676（登山道と道路の接続点）",
TH-n1864211566,trailhead,下原登山口（立花山）,33.6777182,130.4609755,WGS84,815,立花山,,九州百名山,,一般道との接続,立花山:0.81km,BS-kP11-22-40-bs3216(765m) BS-kP11-22-40-bs3196(801m) BS-kP11-22-40-bs3197(801m),,provisional,30,公式情報または2情報源での確認が必要,"OpenStreetMap（© OpenStreetMap contributors, ODbL 1.0）Geofabrik japan-latest.osm.pbf 2026-09-30T20:22:42Z node/1864211566（登山道と道路の接続点） ｜ 登山記録で広く使われている登山口（登山記録・登山情報サイトで名称と利用を確認。公式情報では未確認） 2026-09-24確認",
TH-n1870975552,trailhead,（名称未確認）祓川バス停付近,31.8866293,130.9666529,WGS84,921,高千穂峰,,日本二百名山|日本三百名山|九州百名山,,林道との接続,高千穂峰:7.81km,PK-w1051263213(71m) BS-kP11-22-45-bs2813(751m) BS-kP11-22-45-bs2814(751m),,provisional,30,名称未確認、林道からの入口（マイカー進入可否を要確認）、公式情報または2情報源での確認が必要,"OpenStreetMap（© OpenStreetMap contributors, ODbL 1.0）Geofabrik japan-latest.osm.pbf 2026-09-30T20:22:42Z node/1870975552（登山道と道路の接続点）",
TH-n1870975951,trailhead,（名称未確認）祓川バス停付近,31.8883075,130.9636688,WGS84,921,高千穂峰,,日本二百名山|日本三百名山|九州百名山,,道路の終点付近,高千穂峰:7.59km,PK-w1051263213(267m) PK-n12768632263(444m) BS-kP11-22-45-bs2813(686m) BS-kP11-22-45-bs2814(686m),,provisional,30,名称未確認、林道からの入口（マイカー進入可否を要確認）、公式情報または2情報源での確認が必要,"OpenStreetMap（© OpenStreetMap contributors, ODbL 1.0）Geofabrik japan-latest.osm.pbf 2026-09-30T20:22:42Z node/1870975951（登山道と道路の接続点）",
TH-n1870976363,trailhead,霧島東神社（高千穂峰 東側登山口）,31.8932797,130.9636975,WGS84,921,高千穂峰,,日本二百名山|日本三百名山|九州百名山,,一般道との接続,高千穂峰:4.9km,PK-n12768632262(3m) PK-n12768632263(107m) BS-kP11-22-45-bs2813(400m) BS-kP11-22-45-bs2814(400m) BS-kP11-22-45-bs2794(614m),,provisional,30,公式情報または2情報源での確認が必要,"OpenStreetMap（© OpenStreetMap contributors, ODbL 1.0）Geofabrik japan-latest.osm.pbf 2026-09-30T20:22:42Z node/1870976363（登山道と道路の接続点） ｜ 登山記録で広く使われている登山口（登山記録・登山情報サイトで名称と利用を確認。公式情報では未確認） 2026-09-26確認",
TH-n1871394873,trailhead,（名称未確認）,32.034393,131.245155,WGS84,922,釈迦ガ岳,,九州百名山,,道路の終点付近,釈迦ガ岳:3.72km,,,candidate,30,名称未確認、林道からの入口（マイカー進入可否を要確認）、公式情報または2情報源での確認が必要,"OpenStreetMap（© OpenStreetMap contributors, ODbL 1.0）Geofabrik japan-latest.osm.pbf 2026-09-30T20:22:42Z node/1871394873（登山道と道路の接続点）",
TH-n1871402879,trailhead,釈迦ヶ岳登山口（法華嶽公園）,32.045431,131.249019,WGS84,922,釈迦ガ岳,,九州百名山,,一般道との接続,釈迦ガ岳:3.52km,,access=宮崎市から県道宮崎須木線に沿って、本庄十日町で県道法華岳本庄線を通り法華嶽公園へ（国富町）; course=登山口から頂上まで3.6km。途中まで林道が伸び、林道を抜けると整備された登山道で急な登りが続く。約2時間で頂上（国富町）,adopted,15,登山口の正確な位置は公式情報では未確認,"OpenStreetMap（© OpenStreetMap contributors, ODbL 1.0）Geofabrik japan-latest.osm.pbf 2026-09-30T20:22:42Z node/1871402879（登山道と道路の接続点） ｜ 公式情報: http://www.town.kunitomi.miyazaki.jp/main/tourism/tourism_nature/page000505.html",2026-09-24
TH-n1872094299,trailhead,（名称未確認）脊振山頂駐車場付近,33.4346632,130.3698158,WGS84,843,脊振山,,日本三百名山|九州百名山,,一般道との接続,脊振山:0.29km,PK-w421633813(64m),,provisional,30,名称未確認、近くの道路にゲートあり（車両通行止め・季節閉鎖の可能性）、公式情報または2情報源での確認が必要,"OpenStreetMap（© OpenStreetMap contributors, ODbL 1.0）Geofabrik japan-latest.osm.pbf 2026-09-30T20:22:42Z node/1872094299（登山道と道路の接続点）",
TH-n1872195404,trailhead,（名称未確認）,32.0184828,131.2411414,WGS84,922,釈迦ガ岳,,九州百名山,,一般道（県道以上）との接続,釈迦ガ岳:5.69km,,,candidate,30,名称未確認、公式情報または2情報源での確認が必要,"OpenStreetMap（© OpenStreetMap contributors, ODbL 1.0）Geofabrik japan-latest.osm.pbf 2026-09-30T20:22:42Z node/1872195404（登山道と道路の接続点）",
TH-n1872200042,trailhead,（名称未確認）,32.0375889,131.209791,WGS84,922,釈迦ガ岳,,九州百名山,,一般道（県道以上）との接続,釈迦ガ岳:3.5km,,,candidate,30,名称未確認、公式情報または2情報源での確認が必要,"OpenStreetMap（© OpenStreetMap contributors, ODbL 1.0）Geofabrik japan-latest.osm.pbf 2026-09-30T20:22:42Z node/1872200042（登山道と道路の接続点）",
TH-n1877960293,trailhead,（名称未確認）七曲峠付近,33.3387078,130.1767378,WGS84,846,天山,,九州百名山,OSM登山道「九州自然歩道」,峠（道路との接続）,天山:3.57km,,,candidate,30,名称未確認、登山道が道路を横断する地点（途中の入口の可能性）、公式情報または2情報源での確認が必要,"OpenStreetMap（© OpenStreetMap contributors, ODbL 1.0）Geofabrik japan-latest.osm.pbf 2026-09-30T20:22:42Z node/1877960293（登山道と道路の接続点）",
TH-n1878628036,trailhead,（名称未確認）,33.454697,130.289213,WGS84,837,金山,,九州百名山,,一般道との接続,金山:2.53km,,,candidate,30,名称未確認、公式情報または2情報源での確認が必要,"OpenStreetMap（© OpenStreetMap contributors, ODbL 1.0）Geofabrik japan-latest.osm.pbf 2026-09-30T20:22:42Z node/1878628036（登山道と道路の接続点）",
TH-n1878629962,trailhead,（名称未確認）,33.457851,130.285599,WGS84,837,金山,,九州百名山,,一般道との接続,金山:2.74km,,,candidate,30,名称未確認、公式情報または2情報源での確認が必要,"OpenStreetMap（© OpenStreetMap contributors, ODbL 1.0）Geofabrik japan-latest.osm.pbf 2026-09-30T20:22:42Z node/1878629962（登山道と道路の接続点）",
TH-n1884800689,trailhead,（名称未確認）,32.30362,131.411459,WGS84,914,尾鈴山,,日本二百名山|日本三百名山|九州百名山,,道路の終点付近,尾鈴山:1.72km,,,candidate,30,名称未確認、林道からの入口（マイカー進入可否を要確認）、公式情報または2情報源での確認が必要,"OpenStreetMap（© OpenStreetMap contributors, ODbL 1.0）Geofabrik japan-latest.osm.pbf 2026-09-30T20:22:42Z node/1884800689（登山道と道路の接続点）",
TH-n1893090725,trailhead,（名称未確認）,32.281793,131.434499,WGS84,914,尾鈴山,,日本二百名山|日本三百名山|九州百名山,,道路の終点付近,尾鈴山:2.98km,,,candidate,30,名称未確認、林道からの入口（マイカー進入可否を要確認）、公式情報または2情報源での確認が必要,"OpenStreetMap（© OpenStreetMap contributors, ODbL 1.0）Geofabrik japan-latest.osm.pbf 2026-09-30T20:22:42Z node/1893090725（登山道と道路の接続点）",
TH-n1905402903,trailhead,（名称未確認）えびの高原バス停付近,31.9465982,130.8414613,WGS84,919,白鳥山（霧島山）,,九州百名山,,一般道（県道以上）との接続,白鳥山（霧島山）:1.85km,PK-w1208038110(193m) PK-w182584467(226m) PK-w182584469(319m) BS-kP11-22-45-bs2406(187m) BS-kP11-22-45-bs2418(319m),,provisional,30,名称未確認、近くの道路にゲートあり（車両通行止め・季節閉鎖の可能性）、公式情報または2情報源での確認が必要,"OpenStreetMap（© OpenStreetMap contributors, ODbL 1.0）Geofabrik japan-latest.osm.pbf 2026-09-30T20:22:42Z node/1905402903（登山道と道路の接続点）",
TH-n1929867191,trailhead,大浪池登山口（霧島山）,31.9144188,130.8408386,WGS84,920,霧島山,,日本百名山|日本二百名山|日本三百名山|九州百名山,大浪池コース,一般道（県道以上）との接続,霧島山:3.89km,PK-w161003983(75m) BS-kP11-22-46-bs1813(78m),,provisional,30,登山道が道路を横断する地点（途中の入口の可能性）、近くの道路にゲートあり（車両通行止め・季節閉鎖の可能性）、公式情報または2情報源での確認が必要,"OpenStreetMap（© OpenStreetMap contributors, ODbL 1.0）Geofabrik japan-latest.osm.pbf 2026-09-30T20:22:42Z node/1929867191（登山道と道路の接続点） ｜ 登山記録で広く使われている登山口（登山記録・登山情報サイトで名称と利用を確認。公式情報では未確認） 2026-09-25確認",
TH-n1959300997,trailhead,天川駐車場（天山 厳木ルート）,33.343368,130.1418756,WGS84,846,天山,,九州百名山,OSM登山道「天川口登山道」,一般道との接続,天山:0.55km,PK-w517184154(36m),course=天川駐車場から歩いて約30分で山頂（小城市）; access=道の駅厳木から厳木ダム、厳木小学校天川分校、天山ダムを通って天川駐車場へ。道幅が広く、離合に困ることがない（小城市）,adopted,15,登山道が道路を横断する地点（途中の入口の可能性）,"OpenStreetMap（© OpenStreetMap contributors, ODbL 1.0）Geofabrik japan-latest.osm.pbf 2026-09-30T20:22:42Z node/1959300997（登山道と道路の接続点） ｜ 公式情報: https://www.city.ogi.lg.jp/main/33246.html",2026-09-24
TH-n1959303886,trailhead,（名称未確認）,33.3458507,130.0699844,WGS84,845,作礼山,,九州百名山,,道路の終点付近,作礼山:1.61km,,,candidate,30,名称未確認、公式情報または2情報源での確認が必要,"OpenStreetMap（© OpenStreetMap contributors, ODbL 1.0）Geofabrik japan-latest.osm.pbf 2026-09-30T20:22:42Z node/1959303886（登山道と道路の接続点）",
TH-n1959306693,trailhead,（名称未確認）,33.348508,130.063482,WGS84,845,作礼山,,九州百名山,,一般道との接続,作礼山:1.05km,,,candidate,30,名称未確認、登山道が道路を横断する地点（途中の入口の可能性）、公式情報または2情報源での確認が必要,"OpenStreetMap（© OpenStreetMap contributors, ODbL 1.0）Geofabrik japan-latest.osm.pbf 2026-09-30T20:22:42Z node/1959306693（登山道と道路の接続点）",
TH-n1977657973,trailhead,日ノ尾峠,32.8859462,131.1311948,WGS84,873,阿蘇山,,日本百名山|日本二百名山|日本三百名山|九州百名山,,峠（道路との接続）,阿蘇山:2.86km,,,candidate,30,林道上の地点（尾根上の峠・山小屋の可能性。登山口かどうか要確認）、林道からの入口（マイカー進入可否を要確認）、公式情報または2情報源での確認が必要,"OpenStreetMap（© OpenStreetMap contributors, ODbL 1.0）Geofabrik japan-latest.osm.pbf 2026-09-30T20:22:42Z node/1977657973（登山道と道路の接続点） ｜ 国土地理院 地名検索「日ノ尾峠」（32.885674, 131.131611、JGD2011、49m差）2026-09-20確認",2026-09-20
TH-n2014951264,trailhead,椎原登山口（脊振山）,33.4552989,130.3489612,WGS84,837 843,金山、脊振山,,九州百名山|日本三百名山,,道路の終点付近,金山:6.06km,PK-w566304460(302m),course=椎原バス停を起点に、車谷ルート登山口〜脊振山頂〜唐人の舞〜鬼ヶ鼻岩〜椎原峠を巡るコースは7時間30分・中級〜上級（福岡市）,adopted,15,"林道からの入口（マイカー進入可否を要確認）、福岡市の山登りマップには椎原登山口と車谷ルート登山口が近接して記されており、この地点がどちらかは未確認、車谷ルートは谷沿いで、矢筈峠の手前が急な地形。椎原峠の道は比較的歩きやすい（福岡市）、福岡市の図上位置（縮尺1:25,000、脊振山山頂と椎原峠を基準に算出）から145m","OpenStreetMap（© OpenStreetMap contributors, ODbL 1.0）Geofabrik japan-latest.osm.pbf 2026-09-30T20:22:42Z node/2014951264（登山道と道路の接続点） ｜ 公式情報: https://www.city.fukuoka.lg.jp/sawaraku/sawaraku-tamatebako/sizen/route.html ｜ 公式情報: https://www.city.fukuoka.lg.jp/sawaraku/sawaraku-tamatebako/sizen/sefurisankeiivento/documents/map.pdf ｜ 公式情報: https://www.city.fukuoka.lg.jp/sawaraku/sawaraku-tamatebako/sizen/sefurisankeiivento/Dcourse.html",2026-09-23
TH-n2018810182,trailhead,（名称未確認）迎野バス停付近,33.5033485,130.228733,WGS84,836,井原山,,九州百名山,,一般道との接続,井原山:5.95km,BS-kP11-22-40-bs6660(103m) BS-kP11-22-40-bs6624(372m) BS-kP11-22-40-bs6759(875m),,provisional,30,名称未確認、公式情報または2情報源での確認が必要,"OpenStreetMap（© OpenStreetMap contributors, ODbL 1.0）Geofabrik japan-latest.osm.pbf 2026-09-30T20:22:42Z node/2018810182（登山道と道路の接続点）",
TH-n2018811368,trailhead,（名称未確認）瑞梅寺ダムバス停付近,33.504869,130.247756,WGS84,836,井原山,,九州百名山,,一般道との接続,井原山:6.46km,BS-kP11-22-40-bs6639(139m) BS-kP11-22-40-bs6582(455m) BS-kP11-22-40-bs6723(702m),,provisional,30,名称未確認、公式情報または2情報源での確認が必要,"OpenStreetMap（© OpenStreetMap contributors, ODbL 1.0）Geofabrik japan-latest.osm.pbf 2026-09-30T20:22:42Z node/2018811368（登山道と道路の接続点）",
TH-n2027146038,trailhead,鋸山登山口（田原山・妙善坊側）,33.4735512,131.5274229,WGS84,831,田原山,,九州百名山,,一般道（県道以上）との接続,田原山:0.91km,PK-w192154049(48m) BS-kP11-22-44-bs1511(829m),,provisional,30,公式情報または2情報源での確認が必要,"OpenStreetMap（© OpenStreetMap contributors, ODbL 1.0）Geofabrik japan-latest.osm.pbf 2026-09-30T20:22:42Z node/2027146038（登山道と道路の接続点） ｜ 登山記録で広く使われている登山口（登山記録・登山情報サイトで名称と利用を確認。公式情報では未確認） 2026-09-24確認",
TH-n2027559085,trailhead,（名称未確認）椎葉越付近,32.489021,131.007855,WGS84,875 904,烏帽子岳、国見岳,,九州百名山|日本三百名山,,峠（道路との接続）,烏帽子岳:3.15km 国見岳:8.4km,,,candidate,30,名称未確認、林道からの入口（マイカー進入可否を要確認）、公式情報または2情報源での確認が必要,"OpenStreetMap（© OpenStreetMap contributors, ODbL 1.0）Geofabrik japan-latest.osm.pbf 2026-09-30T20:22:42Z node/2027559085（登山道と道路の接続点） ｜ 国土地理院 地名検索「椎葉越」（32.489105, 131.007683、JGD2011、19m差）2026-09-20確認",2026-09-20
TH-n2027559638,trailhead,（名称未確認）,32.4906165,131.0048807,WGS84,875,烏帽子岳,,九州百名山,,一般道との接続,烏帽子岳:3.72km,,,candidate,30,名称未確認、公式情報または2情報源での確認が必要,"OpenStreetMap（© OpenStreetMap contributors, ODbL 1.0）Geofabrik japan-latest.osm.pbf 2026-09-30T20:22:42Z node/2027559638（登山道と道路の接続点）",
TH-n2027583578,trailhead,（名称未確認）,32.548554,130.9042845,WGS84,903,大金峰,,九州百名山,,一般道との接続,大金峰:0.7km,,,candidate,30,名称未確認、公式情報または2情報源での確認が必要,"OpenStreetMap（© OpenStreetMap contributors, ODbL 1.0）Geofabrik japan-latest.osm.pbf 2026-09-30T20:22:42Z node/2027583578（登山道と道路の接続点）",
TH-n2027586966,trailhead,（名称未確認）,32.5584045,130.9693951,WGS84,901,京丈山,,九州百名山,,一般道との接続,京丈山:6.46km,,,candidate,30,名称未確認、公式情報または2情報源での確認が必要,"OpenStreetMap（© OpenStreetMap contributors, ODbL 1.0）Geofabrik japan-latest.osm.pbf 2026-09-30T20:22:42Z node/2027586966（登山道と道路の接続点）",
TH-n2027592644,trailhead,（名称未確認）,32.5683824,130.9025369,WGS84,903,大金峰,,九州百名山,,一般道との接続,大金峰:2.29km,,,candidate,30,名称未確認、公式情報または2情報源での確認が必要,"OpenStreetMap（© OpenStreetMap contributors, ODbL 1.0）Geofabrik japan-latest.osm.pbf 2026-09-30T20:22:42Z node/2027592644（登山道と道路の接続点）",
TH-n2044189905,trailhead,愛子岳登山口（小瀬田）,30.383295,130.624407,WGS84,933,愛子岳,,九州百名山,,道路の終点付近,愛子岳:3.69km,PK-n11612795176(55m),parking=2〜3台（屋久島観光協会）; access=路線バス「小瀬田」下車、徒歩40分。車は小瀬田から10分（屋久島観光協会）; course=所要時間6〜7時間（屋久島観光協会）,adopted,15,林道からの入口（マイカー進入可否を要確認）、トイレ・携帯トイレブースはない。道迷い・急登に注意。登山初心者には不向きで、積雪時は登山に向かない（屋久島観光協会）、登山口の正確な位置は公式情報では未確認,"OpenStreetMap（© OpenStreetMap contributors, ODbL 1.0）Geofabrik japan-latest.osm.pbf 2026-09-30T20:22:42Z node/2044189905（登山道と道路の接続点） ｜ 公式情報: https://yakukan.jp/feature/aikodake-course.html",2026-09-24
TH-n2044372168,trailhead,（名称未確認）,31.105114,130.875562,WGS84,932,稲尾岳,,九州百名山,,一般道との接続,稲尾岳:2.56km,,,candidate,30,名称未確認、公式情報または2情報源での確認が必要,"OpenStreetMap（© OpenStreetMap contributors, ODbL 1.0）Geofabrik japan-latest.osm.pbf 2026-09-30T20:22:42Z node/2044372168（登山道と道路の接続点）",
TH-n2049845512,trailhead,（名称未確認）,31.9819205,130.3693486,WGS84,918,紫尾山,,九州百名山,OSM登山道「東尾根コース」,一般道との接続,紫尾山:0.24km,,,candidate,30,名称未確認、公式情報または2情報源での確認が必要,"OpenStreetMap（© OpenStreetMap contributors, ODbL 1.0）Geofabrik japan-latest.osm.pbf 2026-09-30T20:22:42Z node/2049845512（登山道と道路の接続点）",
TH-n2054674569,trailhead,（名称未確認）,31.9860495,130.3679285,WGS84,918,紫尾山,,九州百名山,OSM登山道「登尾コース」,林道との接続,紫尾山:0.59km,,,candidate,30,名称未確認、林道からの入口（マイカー進入可否を要確認）、公式情報または2情報源での確認が必要,"OpenStreetMap（© OpenStreetMap contributors, ODbL 1.0）Geofabrik japan-latest.osm.pbf 2026-09-30T20:22:42Z node/2054674569（登山道と道路の接続点）",
TH-n2054739627,trailhead,（名称未確認）,32.1006519,130.378377,WGS84,917,矢筈岳,,九州百名山,,一般道との接続,矢筈岳:3.79km,,,candidate,30,名称未確認、公式情報または2情報源での確認が必要,"OpenStreetMap（© OpenStreetMap contributors, ODbL 1.0）Geofabrik japan-latest.osm.pbf 2026-09-30T20:22:42Z node/2054739627（登山道と道路の接続点）",
TH-n2054755515,trailhead,（名称未確認）櫓木バス停付近,32.139983,130.358241,WGS84,917,矢筈岳,,九州百名山,,一般道との接続,矢筈岳:5.27km,PK-w691715111(395m) BS-kP11-22-46-bs865(250m) BS-kP11-22-46-bs871(278m) BS-kP11-22-46-bs864(370m),,provisional,30,名称未確認、公式情報または2情報源での確認が必要,"OpenStreetMap（© OpenStreetMap contributors, ODbL 1.0）Geofabrik japan-latest.osm.pbf 2026-09-30T20:22:42Z node/2054755515（登山道と道路の接続点）",
TH-n2055390323,trailhead,（名称未確認）,32.314312,131.0809669,WGS84,912,市房山,,日本二百名山|日本三百名山|九州百名山,,道路の終点付近,市房山:2.82km,,,candidate,30,名称未確認、公式情報または2情報源での確認が必要,"OpenStreetMap（© OpenStreetMap contributors, ODbL 1.0）Geofabrik japan-latest.osm.pbf 2026-09-30T20:22:42Z node/2055390323（登山道と道路の接続点）",
TH-n2055391999,trailhead,（名称未確認）市房キャンプ場付近,32.318232,131.07271,WGS84,912,市房山,,日本二百名山|日本三百名山|九州百名山,,一般道との接続,市房山:3.55km,,,candidate,30,名称未確認、登山道が道路を横断する地点（途中の入口の可能性）、公式情報または2情報源での確認が必要,"OpenStreetMap（© OpenStreetMap contributors, ODbL 1.0）Geofabrik japan-latest.osm.pbf 2026-09-30T20:22:42Z node/2055391999（登山道と道路の接続点）",
TH-n2075761749,trailhead,三瀬峠,33.4745313,130.2816267,WGS84,836 837,井原山、金山,,九州百名山,,峠（道路との接続）,井原山:3.73km 金山:3.2km,,,adopted,30,登山道が道路を横断する地点（途中の入口の可能性）,"OpenStreetMap（© OpenStreetMap contributors, ODbL 1.0）Geofabrik japan-latest.osm.pbf 2026-09-30T20:22:42Z node/2075761749（登山道と道路の接続点） ｜ 国土地理院 地名検索「三瀬峠」（33.474616, 130.281736、JGD2011、14m差）2026-09-20確認",2026-09-20
TH-n2148643377,trailhead,（名称未確認）ゴルフ場入口バス停付近,33.3003305,131.455953,WGS84,848,鶴見岳,,日本三百名山|九州百名山,,一般道との接続,鶴見岳:6.43km,PK-w418394378(161m) PK-w418394377(187m) PK-w418394376(218m) BS-kP11-22-44-bs3148(503m) BS-kP11-22-44-bs3141(581m) BS-kP11-22-44-bs3194(645m),,provisional,30,名称未確認、公式情報または2情報源での確認が必要,"OpenStreetMap（© OpenStreetMap contributors, ODbL 1.0）Geofabrik japan-latest.osm.pbf 2026-09-30T20:22:42Z node/2148643377（登山道と道路の接続点）",
TH-n2193421320,trailhead,紫尾山登山口（登尾コース・東尾根コース）,31.9855171,130.3807239,WGS84,918,紫尾山,,九州百名山,OSM登山道「登尾コース」、東尾根コース、登尾コース,道路の終点付近,紫尾山:2.07km,PK-g3198552_13038072(0m),,provisional,30,林道からの入口（マイカー進入可否を要確認）、公式情報または2情報源での確認が必要,"OpenStreetMap（© OpenStreetMap contributors, ODbL 1.0）Geofabrik japan-latest.osm.pbf 2026-09-30T20:22:42Z node/2193421320（登山道と道路の接続点） ｜ 登山記録で広く使われている登山口（登山記録・登山情報サイトで名称と利用を確認。公式情報では未確認） 2026-09-24確認",
TH-n2193710763,trailhead,（名称未確認）旗の台バス停付近,33.2746536,131.444768,WGS84,848,鶴見岳,,日本三百名山|九州百名山,,一般道（県道以上）との接続,鶴見岳:2.88km,PK-w162552684(424m) BS-kP11-22-44-bs3443(5m) BS-kP11-22-44-bs3411(480m) BS-kP11-22-44-bs3481(563m),,provisional,30,名称未確認、公式情報または2情報源での確認が必要,"OpenStreetMap（© OpenStreetMap contributors, ODbL 1.0）Geofabrik japan-latest.osm.pbf 2026-09-30T20:22:42Z node/2193710763（登山道と道路の接続点）",
TH-n2272837997,trailhead,二ツ岳登山口,32.7592448,131.4026269,WGS84,888,二ツ岳,,九州百名山,,道路の終点付近,二ツ岳:0.59km,,,provisional,30,林道からの入口（マイカー進入可否を要確認）、公式情報または2情報源での確認が必要,"OpenStreetMap（© OpenStreetMap contributors, ODbL 1.0）Geofabrik japan-latest.osm.pbf 2026-09-30T20:22:42Z node/2272837997（登山道と道路の接続点） ｜ 登山記録で広く使われている登山口（登山記録・登山情報サイトで名称と利用を確認。公式情報では未確認） 2026-09-24確認",
TH-n2293364309,trailhead,（名称未確認）,33.4184056,130.4252421,WGS84,844,九千部山,,九州百名山,,一般道（県道以上）との接続,九千部山:2.32km,PK-w1207443616(302m) PK-w1207443658(473m),,provisional,30,名称未確認、公式情報または2情報源での確認が必要,"OpenStreetMap（© OpenStreetMap contributors, ODbL 1.0）Geofabrik japan-latest.osm.pbf 2026-09-30T20:22:42Z node/2293364309（登山道と道路の接続点）",
TH-n2347398499,trailhead,田代原トレイルセンター（九千部岳登山口）,32.7859545,130.2542142,WGS84,884,九千部岳,,九州百名山,OSM登山道「田代原118林道」,一般道（県道以上）との接続,九千部岳:1.48km,PK-g3278595_13025421(0m) PK-w162142876(232m),,provisional,30,登山道が道路を横断する地点（途中の入口の可能性）、近くの道路にゲートあり（車両通行止め・季節閉鎖の可能性）、公式情報または2情報源での確認が必要,"OpenStreetMap（© OpenStreetMap contributors, ODbL 1.0）Geofabrik japan-latest.osm.pbf 2026-09-30T20:22:42Z node/2347398499（登山道と道路の接続点） ｜ 登山記録で広く使われている登山口（登山記録・登山情報サイトで名称と利用を確認。公式情報では未確認） 2026-09-24確認",
TH-n2480853863,trailhead,かいもん山麓ふれあい公園（開聞岳登山口）,31.1891409,130.535624,WGS84,931,開聞岳,,日本百名山|日本二百名山|日本三百名山|九州百名山,OSM登山道「開聞岳登山路」,一般道との接続,開聞岳:2.31km,,parking=駐車場あり（鹿児島県）,adopted,15,登山道が道路を横断する地点（途中の入口の可能性）、近くの道路にゲートあり（車両通行止め・季節閉鎖の可能性）、公式情報の登山口と、地理院地図で徒歩道が道路から始まる位置（1m差）が一致、かいもん山麓ふれあい公園は開聞岳の麓にある登山者の玄関口（国土交通省・鹿児島県）、JR開聞駅から車で3分・徒歩20分（鹿児島県）,"OpenStreetMap（© OpenStreetMap contributors, ODbL 1.0）Geofabrik japan-latest.osm.pbf 2026-09-30T20:22:42Z node/2480853863（登山道と道路の接続点） ｜ 公式情報: https://www.mlit.go.jp/sogoseisaku/kanminrenkei/content/001767812.pdf ｜ 公式情報: https://www.kagoshima-kankou.com/guide/10693 ｜ 国土地理院ベクトルタイル提供実験 地理院地図の徒歩道の起点（31.189132, 130.535625、JGD2011、1m差）2026-09-21確認",2026-09-20
TH-n2558335762,trailhead,鹿嵐山 第1登山口,33.4385095,131.264681,WGS84,842,鹿嵐山,,九州百名山,,一般道（県道以上）との接続,鹿嵐山:1.63km,PK-w249179055(209m) BS-kP11-22-44-bs1772(568m) BS-kP11-22-44-bs1821(831m),parking=あり・無料（マイクロバス駐車可能）（宇佐市）; course=第1登山口駐車場→雌岳（1時間20分）→雄岳（30分）→万里の長城（1時間30分）→地蔵峠分岐（15分）→第2登山口（20分）→第1登山口（20分）（宇佐市）; toilet=中央登山口にある（宇佐市）,adopted,15,登山口の正確な位置は公式情報では未確認,"OpenStreetMap（© OpenStreetMap contributors, ODbL 1.0）Geofabrik japan-latest.osm.pbf 2026-09-30T20:22:42Z node/2558335762（登山道と道路の接続点） ｜ 公式情報: https://www.city.usa.oita.jp/tourist/touristspot/touristspot2/touristspot3/10165.html ｜ 宇佐市の案内の地図 鹿嵐山登山者用駐車場（33.4375973, 131.2665669）。OSMの駐車場 way/249179055 から10m、地理院地図の徒歩道の起点（33.438294, 131.265642）から115m 2026-09-26確認",2026-09-26
TH-n2697734896,trailhead,（名称未確認）,32.9936768,130.0687783,WGS84,868 869,経ガ岳、多良岳,,九州百名山|日本三百名山,,林道との接続,経ガ岳:1.41km 多良岳:3.75km,,,candidate,30,名称未確認、林道からの入口（マイカー進入可否を要確認）、公式情報または2情報源での確認が必要,"OpenStreetMap（© OpenStreetMap contributors, ODbL 1.0）Geofabrik japan-latest.osm.pbf 2026-09-30T20:22:42Z node/2697734896（登山道と道路の接続点）",
TH-n2949948178,trailhead,（名称未確認）矛岳登山口駐車場付近,32.7043581,131.5052294,WGS84,891,鉾岳,,九州百名山,OSM登山道「矛岳登山道」,道路の終点付近,鉾岳:1.06km,PK-w291529793(409m),,provisional,30,名称未確認、林道からの入口（マイカー進入可否を要確認）、公式情報または2情報源での確認が必要,"OpenStreetMap（© OpenStreetMap contributors, ODbL 1.0）Geofabrik japan-latest.osm.pbf 2026-09-30T20:22:42Z node/2949948178（登山道と道路の接続点）",
TH-n3137551419,trailhead,（名称未確認）,32.8696239,131.4834199,WGS84,879,傾山,,日本三百名山|九州百名山,OSM登山道「官行コース」,道路の終点付近,傾山:5.44km,,,candidate,30,名称未確認、林道からの入口（マイカー進入可否を要確認）、公式情報または2情報源での確認が必要,"OpenStreetMap（© OpenStreetMap contributors, ODbL 1.0）Geofabrik japan-latest.osm.pbf 2026-09-30T20:22:42Z node/3137551419（登山道と道路の接続点）",
TH-n3471481867,trailhead,越ノ峠,33.2355626,129.8706722,WGS84,851,黒髪山,,九州百名山,,峠（道路との接続）,黒髪山:4.7km,,,adopted,30,登山道が道路を横断する地点（途中の入口の可能性）,"OpenStreetMap（© OpenStreetMap contributors, ODbL 1.0）Geofabrik japan-latest.osm.pbf 2026-09-30T20:22:42Z node/3471481867（登山道と道路の接続点） ｜ 国土地理院 地名検索「越ノ峠」（33.235705, 129.870317、JGD2011、37m差）2026-09-20確認",2026-09-20
TH-n3494319915,trailhead,（名称未確認）,32.576626,130.9420858,WGS84,901,京丈山,,九州百名山,,林道との接続,京丈山:1.01km,,,candidate,30,名称未確認、林道からの入口（マイカー進入可否を要確認）、公式情報または2情報源での確認が必要,"OpenStreetMap（© OpenStreetMap contributors, ODbL 1.0）Geofabrik japan-latest.osm.pbf 2026-09-30T20:22:42Z node/3494319915（登山道と道路の接続点）",
TH-n3514844824,trailhead,（名称未確認）,33.2897408,131.4002614,WGS84,849,由布岳,,日本二百名山|日本三百名山|九州百名山,,一般道との接続,由布岳:2.06km,,,candidate,30,名称未確認、公式情報または2情報源での確認が必要,"OpenStreetMap（© OpenStreetMap contributors, ODbL 1.0）Geofabrik japan-latest.osm.pbf 2026-09-30T20:22:42Z node/3514844824（登山道と道路の接続点）",
TH-n3540718051,trailhead,（名称未確認）,33.2338079,131.1328183,WGS84,850,万年山,,九州百名山,,一般道との接続,万年山:0.35km,,,candidate,30,名称未確認、公式情報または2情報源での確認が必要,"OpenStreetMap（© OpenStreetMap contributors, ODbL 1.0）Geofabrik japan-latest.osm.pbf 2026-09-30T20:22:42Z node/3540718051（登山道と道路の接続点）",
TH-n3941553147,trailhead,（名称未確認）グリーンタウン入口バス停付近,33.6657032,130.4639476,WGS84,815,立花山,,九州百名山,,一般道（県道以上）との接続,立花山:2.48km,PK-w559962732(99m) PK-w559962733(171m) BS-kP11-22-40-bs3248(881m) BS-kP11-22-40-bs3263(958m),,provisional,30,名称未確認、近くの道路にゲートあり（車両通行止め・季節閉鎖の可能性）、公式情報または2情報源での確認が必要,"OpenStreetMap（© OpenStreetMap contributors, ODbL 1.0）Geofabrik japan-latest.osm.pbf 2026-09-30T20:22:42Z node/3941553147（登山道と道路の接続点）",
TH-n4139393725,trailhead,（名称未確認）ゴルフ場入口バス停付近,33.3055841,131.4524096,WGS84,848,鶴見岳,,日本三百名山|九州百名山,,道路の終点付近,鶴見岳:7.3km,PK-w204997131(179m) PK-w204997134(202m) BS-kP11-22-44-bs3148(973m) BS-kP11-22-44-bs3047(984m) BS-kP11-22-44-bs3141(994m),,provisional,30,名称未確認、公式情報または2情報源での確認が必要,"OpenStreetMap（© OpenStreetMap contributors, ODbL 1.0）Geofabrik japan-latest.osm.pbf 2026-09-30T20:22:42Z node/4139393725（登山道と道路の接続点）",
TH-n4217635605,trailhead,由布岳正面登山口,33.2649715,131.3959739,WGS84,849,由布岳,,日本二百名山|日本三百名山|九州百名山,,一般道（県道以上）との接続,由布岳:3.27km,PK-w160898589(49m) PK-w188462611(95m) BS-kP11-22-44-bs3506(78m),parking=正面登山口 無料駐車場30台（トイレあり）と有料駐車場70台; bus=亀の井バス 由布院駅前バスセンターから約10分「由布登山口」下車（由布市）,adopted,15,"登山道が道路を横断する地点（途中の入口の可能性）、由布岳（1,584m）の代表的な登山口。由布市が登山マップを公開している（由布市）、正面登山口から山頂まで平均約2時間30分。西峰には鎖場などの難所がある（由布市）","OpenStreetMap（© OpenStreetMap contributors, ODbL 1.0）Geofabrik japan-latest.osm.pbf 2026-09-30T20:22:42Z node/4217635605（登山道と道路の接続点） ｜ 公式情報: https://www.city.yufu.oita.jp/wp-content/uploads/2019/11/mtyufumapjp.pdf",2026-09-20
TH-n4435165390,trailhead,荒川登山口,30.3399211,130.5951974,WGS84,934 935,宮之浦岳、黒味岳,,日本百名山|日本二百名山|日本三百名山|九州百名山,,登山口（OSMの登山口地物）,宮之浦岳:14.5km 黒味岳:13.36km,PK-w1455712627(28m) BS-kP11-22-46-bs635(65m) BS-kP11-22-46-bs636(65m),restriction=3月〜11月は町道荒川線が終日車両乗入れ規制。荒川登山バスで入る; bus=屋久杉自然館前駐車場〜荒川登山口（約40分）の登山バス; fee=世界自然遺産屋久島山岳部環境保全協力金の対象区域,adopted,15,山岳部への過剰な車両乗入れによる環境負荷の軽減と混雑緩和のため、荒川線への乗入れが規制されている（屋久島町・環境省）、マイカー・レンタカー・二輪車・自転車は屋久杉自然館前駐車場で登山バスに乗り換える（環境省）,"OpenStreetMap（© OpenStreetMap contributors, ODbL 1.0）Geofabrik japan-latest.osm.pbf 2026-09-30T20:22:42Z node/4435165390 ｜ 国土地理院ベクトルタイル提供実験 地理院地図の徒歩道の起点（30.339915, 130.595173、JGD2011、2m差）2026-10-01確認 ｜ 公式情報: https://www.env.go.jp/park/yakushima/topics/data/090729a_1.pdf ｜ 公式情報: http://yakushima-tozan.com/bus/ ｜ 公式情報: https://yakushima-kuchinoerabu-br.com/activities/noriire-kisei/ ｜ 公式情報: https://www.town.yakushima.kagoshima.jp/soshiki/kanko_machizukuri/kankosushin/kankospot/yama/856.html",2026-09-20
TH-n4485720154,trailhead,（名称未確認）,32.5822477,131.1084397,WGS84,902 905,白岩山、扇山,,九州百名山,,索道駅（ロープウェイ・ゴンドラ）,白岩山:2.18km 扇山:10.22km,,,provisional,15,名称未確認、公式情報または2情報源での確認が必要,"OpenStreetMap（© OpenStreetMap contributors, ODbL 1.0）Geofabrik japan-latest.osm.pbf 2026-09-30T20:22:42Z node/4485720154",
TH-n4485720182,trailhead,（名称未確認）,32.5861384,131.1065085,WGS84,899,小川岳,,九州百名山,,索道駅（ロープウェイ・ゴンドラ）,小川岳:3.04km,,,provisional,15,名称未確認、公式情報または2情報源での確認が必要,"OpenStreetMap（© OpenStreetMap contributors, ODbL 1.0）Geofabrik japan-latest.osm.pbf 2026-09-30T20:22:42Z node/4485720182",
TH-n4800054164,trailhead,（名称未確認）,33.2101556,129.9056581,WGS84,851,黒髪山,,九州百名山,,道路の終点付近,黒髪山:0.49km,PK-w487549490(4m) PK-w487549497(249m) PK-w487549493(356m),,provisional,30,名称未確認、近くの道路にゲートあり（車両通行止め・季節閉鎖の可能性）、公式情報または2情報源での確認が必要,"OpenStreetMap（© OpenStreetMap contributors, ODbL 1.0）Geofabrik japan-latest.osm.pbf 2026-09-30T20:22:42Z node/4800054164（登山道と道路の接続点）",
TH-n5050235389,trailhead,（名称未確認）天山上宮駐車場付近,33.3309448,130.1369949,WGS84,846,天山,,九州百名山,,一般道との接続,天山:1.12km,PK-w517533385(406m),,provisional,30,名称未確認、公式情報または2情報源での確認が必要,"OpenStreetMap（© OpenStreetMap contributors, ODbL 1.0）Geofabrik japan-latest.osm.pbf 2026-09-30T20:22:42Z node/5050235389（登山道と道路の接続点）",
TH-n5159789531,trailhead,（名称未確認）,31.404073,130.1680073,WGS84,929,野間岳,,九州百名山,,一般道との接続,野間岳:0.98km,,,candidate,30,名称未確認、公式情報または2情報源での確認が必要,"OpenStreetMap（© OpenStreetMap contributors, ODbL 1.0）Geofabrik japan-latest.osm.pbf 2026-09-30T20:22:42Z node/5159789531（登山道と道路の接続点）",
TH-n5323909139,trailhead,（名称未確認）えびの高原バス停付近,31.9460313,130.850717,WGS84,920,霧島山,,日本百名山|日本二百名山|日本三百名山|九州百名山,,一般道（県道以上）との接続,霧島山:1.83km,PK-w164878530(269m) PK-w279648825(423m) BS-kP11-22-45-bs2406(726m) BS-kP11-22-45-bs2418(841m),,provisional,30,名称未確認、登山道が道路を横断する地点（途中の入口の可能性）、近くの道路にゲートあり（車両通行止め・季節閉鎖の可能性）、公式情報または2情報源での確認が必要,"OpenStreetMap（© OpenStreetMap contributors, ODbL 1.0）Geofabrik japan-latest.osm.pbf 2026-09-30T20:22:42Z node/5323909139（登山道と道路の接続点）",
TH-n5354452137,trailhead,（名称未確認）南平（天草）バス停付近,32.4210488,130.3345575,WGS84,909,倉岳,,九州百名山,OSM登山道「延命登山道」,一般道との接続,倉岳:1.45km,BS-kP11-22-43-bs4115(981m),,provisional,30,名称未確認、登山道が道路を横断する地点（途中の入口の可能性）、公式情報または2情報源での確認が必要,"OpenStreetMap（© OpenStreetMap contributors, ODbL 1.0）Geofabrik japan-latest.osm.pbf 2026-09-30T20:22:42Z node/5354452137（登山道と道路の接続点）",
TH-n5404816588,trailhead,（名称未確認）,32.9834713,130.0810448,WGS84,868 869,経ガ岳、多良岳,,九州百名山|日本三百名山,,道路の終点付近,経ガ岳:0.74km 多良岳:1.69km,,,candidate,30,名称未確認、林道からの入口（マイカー進入可否を要確認）、公式情報または2情報源での確認が必要,"OpenStreetMap（© OpenStreetMap contributors, ODbL 1.0）Geofabrik japan-latest.osm.pbf 2026-09-30T20:22:42Z node/5404816588（登山道と道路の接続点）",
TH-n5434372794,trailhead,足立山妙見宮（足立山登山口）,33.8632569,130.9033345,WGS84,771,足立山,,九州百名山,,一般道との接続,足立山:1.92km,PK-g3386326_13090333(0m) PK-w1106985363(248m) PK-w1106985359(283m) BS-kP11-22-40-bs924(472m) BS-kP11-22-40-bs975(501m) BS-kP11-22-40-bs939(529m),,provisional,30,公式情報または2情報源での確認が必要,"OpenStreetMap（© OpenStreetMap contributors, ODbL 1.0）Geofabrik japan-latest.osm.pbf 2026-09-30T20:22:42Z node/5434372794（登山道と道路の接続点） ｜ 登山記録で広く使われている登山口（登山記録・登山情報サイトで名称と利用を確認。公式情報では未確認） 2026-09-24確認",
TH-n5506533421,trailhead,尾平（祖母山・傾山登山口）,32.8216462,131.3879995,WGS84,857 876 877 881 882,障子岳、越敷岳、大障子、祖母山、古祖母山,,九州百名山|日本百名山|日本二百名山|日本三百名山,尾平コース,駐車場・バス停（林道・車道を経由して登山道へ）,障子岳:4.79km 越敷岳:11.35km 大障子:10.25km 祖母山:5.29km 古祖母山:6.85km,BS-kP11-22-44-bs6920(7m),,adopted,15,林道からの入口（マイカー進入可否を要確認）、尾平は祖母山・傾山の登山口（祖母・傾・大崩ユネスコエコパーク）,"OpenStreetMap（© OpenStreetMap contributors, ODbL 1.0）Geofabrik japan-latest.osm.pbf 2026-09-30T20:22:42Z node/5506533421 ｜ OpenStreetMap（© OpenStreetMap contributors, ODbL 1.0）Geofabrik japan-latest.osm.pbf 2026-09-30T20:22:42Z node/1299012258（登山道と道路の接続点） ｜ 公式情報: https://sobokatamuki-br-council.org/information/%E7%A5%9E%E5%8E%9F%E7%99%BB%E5%B1%B1%E5%8F%A3%EF%BC%95%E5%8F%B7%E7%9B%AE%E5%B0%8F%E5%B1%8B%E3%80%81%EF%BC%99%E5%90%88%E7%9B%AE%E5%B0%8F%E5%B1%8B%E3%83%88%E3%82%A4%E3%83%AC%E3%81%AB%E3%81%A4%E3%81%84 ｜ 公式情報: https://takachiho-kanko.info/sightseeing/26/",2026-09-20
TH-n5789162378,trailhead,（名称未確認）下原バス停付近,33.6742228,130.4616313,WGS84,815,立花山,,九州百名山,,一般道との接続,立花山:1.19km,BS-kP11-22-40-bs3216(606m) BS-kP11-22-40-bs3248(732m) BS-kP11-22-40-bs3196(743m),,provisional,30,名称未確認、近くの道路にゲートあり（車両通行止め・季節閉鎖の可能性）、公式情報または2情報源での確認が必要,"OpenStreetMap（© OpenStreetMap contributors, ODbL 1.0）Geofabrik japan-latest.osm.pbf 2026-09-30T20:22:42Z node/5789162378（登山道と道路の接続点）",
TH-n585187157,trailhead,（名称未確認）えびの高原バス停付近,31.9495286,130.8517644,WGS84,919 920,白鳥山（霧島山）、霧島山,,九州百名山|日本百名山|日本二百名山|日本三百名山,,一般道（県道以上）との接続,白鳥山（霧島山）:2.56km 霧島山:2.29km,PK-w279648825(27m) PK-w164878530(194m) BS-kP11-22-45-bs2406(932m),,provisional,30,名称未確認、近くの道路にゲートあり（車両通行止め・季節閉鎖の可能性）、公式情報または2情報源での確認が必要,"OpenStreetMap（© OpenStreetMap contributors, ODbL 1.0）Geofabrik japan-latest.osm.pbf 2026-09-30T20:22:42Z node/585187157（登山道と道路の接続点）",
TH-n585195466,trailhead,阿蘇山上広場,32.878708,131.074795,WGS84,873,阿蘇山,,日本百名山|日本二百名山|日本三百名山|九州百名山,阿蘇山上（皿山迂回ルート）,一般道との接続,阿蘇山:4.34km,PK-w156307388(180m) PK-w476214796(205m) BS-kP11-22-43-bs1016(182m) BS-kP11-22-43-bs1011(924m),restriction=噴火警戒レベル2（火口周辺規制）。中岳第一火口から概ね1km以内は立入禁止（2026年9月1日16時発表）; OSM登山ルート: Sunasenri Trail、Sunasenri-ga-hama Course,adopted,15,近くの道路にゲートあり（車両通行止め・季節閉鎖の可能性）、阿蘇山は2026年8月14日に噴火警戒レベル3（入山規制）へ引き上げられ（環境省）、9月1日16時にレベル2へ引き下げられた（気象庁）、火口から概ね1kmの範囲では大きな噴石と火砕流に警戒が必要（気象庁）、火口規制の状況は日々変わるため、入山前に最新の火口規制情報を確認すること、対象市町村は熊本県阿蘇市・南阿蘇村（気象庁）,"OpenStreetMap（© OpenStreetMap contributors, ODbL 1.0）Geofabrik japan-latest.osm.pbf 2026-09-30T20:22:42Z node/585195466（登山道と道路の接続点） ｜ 公式情報: https://www.data.jma.go.jp/vois/data/report/activity_info/503.html ｜ 公式情報: https://kyushu.env.go.jp/emergency/emergency_00041.html ｜ 公式情報: https://www.aso-volcano.jp/info/",2026-09-20
TH-n588930233,trailhead,ヤクスギランド入口,30.3047517,130.5753927,WGS84,934 935 10398,宮之浦岳、黒味岳,太忠岳,日本百名山|日本二百名山|日本三百名山|九州百名山,OSM登山道「150-minute course」,登山口（OSMの登山口地物）,宮之浦岳:11.64km 黒味岳:9.19km,PK-w1455714469(26m) BS-kP11-22-46-bs660(20m),,provisional,15,公式情報または2情報源での確認が必要,"OpenStreetMap（© OpenStreetMap contributors, ODbL 1.0）Geofabrik japan-latest.osm.pbf 2026-09-30T20:22:42Z node/588930233 ｜ 登山記録で広く使われている登山口（登山記録・登山情報サイトで名称と利用を確認。公式情報では未確認） 2026-09-30確認 ｜ OSM のバス停「ヤクスギランド」（node/6054689753）から15m 2026-09-29確認",
TH-n588973500,trailhead,（名称未確認）白谷雲水峡の駐車場 (Shiratani Unsuikyō Parking)付近,30.3799862,130.5741989,WGS84,934 935,宮之浦岳、黒味岳,,日本百名山|日本二百名山|日本三百名山|九州百名山,OSM登山道「Genseirin (primeval forest) course」,一般道との接続,宮之浦岳:13.95km 黒味岳:15.97km,PK-w611777528(117m) PK-w611777529(254m) BS-kP11-22-46-bs621(8m) BS-kP11-22-46-bs622(8m) BS-n2579982418(101m),,provisional,30,名称未確認、公式情報または2情報源での確認が必要,"OpenStreetMap（© OpenStreetMap contributors, ODbL 1.0）Geofabrik japan-latest.osm.pbf 2026-09-30T20:22:42Z node/588973500（登山道と道路の接続点）",
TH-n589014748,trailhead,モッチョム岳登山口（千尋の滝展望台横）,30.2576392,130.581696,WGS84,936,モッチョム岳,,九州百名山,,一般道との接続,モッチョム岳:2.45km,PK-w1357100468(17m) PK-n12105307536(484m),parking=15台（屋久島観光協会）; access=路線バス「鯛之川」下車、徒歩40〜50分。車は原から15分（屋久島観光協会）; course=距離約5.5km、所要時間7〜9時間（屋久島観光協会）,adopted,15,トイレ・携帯トイレブースはない。道迷い・急登に注意し、雨天時は渡渉箇所に注意。登山初心者には不向き（屋久島観光協会）、登山口の正確な位置は公式情報では未確認,"OpenStreetMap（© OpenStreetMap contributors, ODbL 1.0）Geofabrik japan-latest.osm.pbf 2026-09-30T20:22:42Z node/589014748（登山道と道路の接続点） ｜ 公式情報: https://yakukan.jp/feature/mocchomudake-course.html",2026-09-24
TH-n6295246647,trailhead,（名称未確認）豊前坊バス停付近,33.4859584,130.9293176,WGS84,832,英彦山,,日本二百名山|日本三百名山|九州百名山,OSM登山道「九州自然歩道」,一般道（県道以上）との接続,英彦山:2.79km,BS-kP11-22-40-bs6857(304m) BS-kP11-22-40-bs6818(484m),,provisional,30,名称未確認、公式情報または2情報源での確認が必要,"OpenStreetMap（© OpenStreetMap contributors, ODbL 1.0）Geofabrik japan-latest.osm.pbf 2026-09-30T20:22:42Z node/6295246647（登山道と道路の接続点）",
TH-n6418748841,trailhead,（名称未確認）,32.7826219,131.5228832,WGS84,883 885 887,夏木山、五葉岳、鹿納山,,九州百名山,,道路の終点付近,夏木山:1.64km 五葉岳:4.19km 鹿納山:6.89km,,,candidate,30,名称未確認、林道からの入口（マイカー進入可否を要確認）、公式情報または2情報源での確認が必要,"OpenStreetMap（© OpenStreetMap contributors, ODbL 1.0）Geofabrik japan-latest.osm.pbf 2026-09-30T20:22:42Z node/6418748841（登山道と道路の接続点）",
TH-n6453495965,trailhead,志々伎山登山口（阿弥陀寺の先）,33.1787191,129.368762,WGS84,856,志々伎山,,九州百名山,,一般道との接続,志々伎山:0.55km,PK-w688265326(134m) BS-kP11-22-42-bs1773(752m) BS-kP11-22-42-bs1770(889m),access=県道19号の野子集落付近から志々伎神社の案内標に従って左折し、約500mで阿弥陀寺。十字路を左（南）に分岐して林道を上りつめると広い駐車スペースがあり、ここが登山口（平戸観光協会）; course=距離：3.1km、所要時間：約 2時間30分（平戸観光協会）,adopted,15,登山道が道路を横断する地点（途中の入口の可能性）、トイレは県道19号の志々伎浦漁港公園トイレを案内している（平戸観光協会）,"OpenStreetMap（© OpenStreetMap contributors, ODbL 1.0）Geofabrik japan-latest.osm.pbf 2026-09-30T20:22:42Z node/6453495965（登山道と道路の接続点） ｜ 公式情報: https://www.hirado-net.com/hirado_trekking/plan04.html",2026-09-24
TH-n8148255443,trailhead,韓国岳登山口,31.9453288,130.8443423,WGS84,919 920,白鳥山（霧島山）、霧島山,,九州百名山|日本百名山|日本二百名山|日本三百名山,えびの高原コース,登山口（OSMの登山口地物）,白鳥山（霧島山）:1.89km 霧島山:2.44km,PK-w182584467(80m) PK-w182584469(101m) PK-w1208038110(125m) BS-kP11-22-45-bs2406(125m) BS-kP11-22-45-bs2418(264m),restriction=新燃岳の噴火警戒レベル2（火口周辺規制）。火口から概ね2kmが警戒範囲,adopted,15,近くの道路にゲートあり（車両通行止め・季節閉鎖の可能性）、2025年10月17日にレベル3からレベル2へ引き下げられ、道路や登山道の立入規制が一部解除された（霧島市）、えびの市が霧島山（新燃岳・硫黄山）周辺の登山道と県道の規制状況を公開している（えびの市）、えびの高原〜硫黄山付近の県道は火山ガスの影響で通行時間が限られることがある（えびの市）、入山前に霧島市・えびの市の登山道規制情報と気象庁の噴火警戒レベルを確認すること,"OpenStreetMap（© OpenStreetMap contributors, ODbL 1.0）Geofabrik japan-latest.osm.pbf 2026-09-30T20:22:42Z node/8148255443 ｜ 国土地理院ベクトルタイル提供実験 地理院地図の徒歩道の起点（31.945408, 130.844267、JGD2011、11m差）2026-10-01確認 ｜ 公式情報: https://www.city-kirishima.jp/kirikan/kanko/shizen/tozando.html ｜ 公式情報: https://www.city.ebino.lg.jp/soshiki/kankoshoko/3/5234.html ｜ 公式情報: https://www.data.jma.go.jp/vois/data/report/activity_info/551.html ｜ 公式情報: https://www.pref.miyazaki.lg.jp/kiki-kikikanri/bosai/saigai/kirisima.html",2026-09-20
TH-n8151194375,trailhead,（名称未確認）,32.8967575,131.1070419,WGS84,873,阿蘇山,,日本百名山|日本二百名山|日本三百名山|九州百名山,,道路の終点付近,阿蘇山:2.02km,PK-w160714134(475m),,provisional,30,名称未確認、近くの道路にゲートあり（車両通行止め・季節閉鎖の可能性）、林道からの入口（マイカー進入可否を要確認）、公式情報または2情報源での確認が必要,"OpenStreetMap（© OpenStreetMap contributors, ODbL 1.0）Geofabrik japan-latest.osm.pbf 2026-09-30T20:22:42Z node/8151194375（登山道と道路の接続点）",
TH-n849507180,trailhead,（名称未確認）,32.8987497,131.102469,WGS84,873,阿蘇山,,日本百名山|日本二百名山|日本三百名山|九州百名山,,一般道（県道以上）との接続,阿蘇山:1.95km,PK-w160714134(40m) PK-w160714125(182m) PK-w160714132(229m),OSM登山ルート: Sensuikyo Gorge Trail,provisional,30,名称未確認、近くの道路にゲートあり（車両通行止め・季節閉鎖の可能性）、公式情報または2情報源での確認が必要,"OpenStreetMap（© OpenStreetMap contributors, ODbL 1.0）Geofabrik japan-latest.osm.pbf 2026-09-30T20:22:42Z node/849507180（登山道と道路の接続点）",
TH-n849507201,trailhead,（名称未確認）火口バス停付近,32.8847063,131.0901408,WGS84,873,阿蘇山,,日本百名山|日本二百名山|日本三百名山|九州百名山,,道路の終点付近,阿蘇山:1.46km,BS-kP11-22-43-bs1011(717m),OSM登山ルート: Sensuikyo Gorge Trail,provisional,30,名称未確認、林道からの入口（マイカー進入可否を要確認）、公式情報または2情報源での確認が必要,"OpenStreetMap（© OpenStreetMap contributors, ODbL 1.0）Geofabrik japan-latest.osm.pbf 2026-09-30T20:22:42Z node/849507201（登山道と道路の接続点）",
TH-n8666004158,trailhead,神原登山口（祖母山）,32.8541931,131.3397731,WGS84,857 876 877 881 882,障子岳、越敷岳、大障子、祖母山、古祖母山,,九州百名山|日本百名山|日本二百名山|日本三百名山,,登山口（OSMの登山口地物）,障子岳:7.07km 越敷岳:7.26km 大障子:8.29km 祖母山:3.31km 古祖母山:9.13km,PK-w935159530(12m),,adopted,15,神原登山口は豊後竹田駅から車で約35分（祖母・傾・大崩ユネスコエコパーク）、5合目小屋・9合目小屋のトイレの状況はエコパーク協議会が公開している,"OpenStreetMap（© OpenStreetMap contributors, ODbL 1.0）Geofabrik japan-latest.osm.pbf 2026-09-30T20:22:42Z node/8666004158 ｜ 国土地理院ベクトルタイル提供実験 地理院地図の徒歩道の起点（32.854166, 131.339829、JGD2011、6m差）2026-10-01確認 ｜ 公式情報: https://sobokatamuki-br-council.org/information/%E7%A5%9E%E5%8E%9F%E7%99%BB%E5%B1%B1%E5%8F%A3%EF%BC%95%E5%8F%B7%E7%9B%AE%E5%B0%8F%E5%B1%8B%E3%80%81%EF%BC%99%E5%90%88%E7%9B%AE%E5%B0%8F%E5%B1%8B%E3%83%88%E3%82%A4%E3%83%AC%E3%81%AB%E3%81%A4%E3%81%84 ｜ 公式情報: https://takachiho-kanko.info/sightseeing/26/",2026-09-20
TH-n8675501773,trailhead,（名称未確認）,32.673917,129.8599207,WGS84,893,八郎岳,,九州百名山,,道路の終点付近,八郎岳:0.54km,,,candidate,30,名称未確認、林道からの入口（マイカー進入可否を要確認）、公式情報または2情報源での確認が必要,"OpenStreetMap（© OpenStreetMap contributors, ODbL 1.0）Geofabrik japan-latest.osm.pbf 2026-09-30T20:22:42Z node/8675501773（登山道と道路の接続点）",
TH-n8682310518,trailhead,松木登山口,32.498992,131.117334,WGS84,902 905,白岩山、扇山,,九州百名山,,登山口（OSMの登山口地物）,白岩山:9.34km 扇山:2.81km,,,adopted,15,採用の根拠: OSMの登山口名と、地理院地図の徒歩道が道路から始まる位置の一致（公式情報では未確認）,"OpenStreetMap（© OpenStreetMap contributors, ODbL 1.0）Geofabrik japan-latest.osm.pbf 2026-09-30T20:22:42Z node/8682310518 ｜ 国土地理院ベクトルタイル提供実験 地理院地図の徒歩道の起点（32.499222, 131.117307、JGD2011、26m差）2026-10-01確認",
TH-n987482920,trailhead,淀川登山口,30.2996492,130.5338645,WGS84,934 935,宮之浦岳、黒味岳,,日本百名山|日本二百名山|日本三百名山|九州百名山,淀川〜縄文杉〜白谷雲水峡縦走、淀川登山口コース,一般道との接続,宮之浦岳:6.78km 黒味岳:4.33km,PK-n1139547021(18m),parking=登山口の駐車台数は5〜6台と少ない,adopted,15,登山道が道路を横断する地点（途中の入口の可能性）、淀川登山口から宮之浦岳までは片道約8km、往復9〜10時間（屋久島町）、世界自然遺産屋久島山岳部環境保全協力金の対象区域,"OpenStreetMap（© OpenStreetMap contributors, ODbL 1.0）Geofabrik japan-latest.osm.pbf 2026-09-30T20:22:42Z node/987482920（登山道と道路の接続点） ｜ 国土地理院ベクトルタイル提供実験 地理院地図の徒歩道の起点（30.299633, 130.533901、JGD2011、4m差）2026-10-01確認 ｜ 公式情報: https://www.town.yakushima.kagoshima.jp/soshiki/kanko_machizukuri/kankosushin/kankospot/yama/856.html ｜ 公式情報: http://yakushima-tozan.com/bus/",2026-09-20
TH-osm-n2655156314,trailhead,欅谷駐車場（三郡山・頭巾山 昭和の森）,33.559035,130.558154,WGS84,824 10368 10369 10366,宝満山,三郡山、頭巾山、砥石山,九州百名山,,登山記録で広く使われている登山口,,PK-g3355904_13055815(0m),,provisional,150,宇美町は一本松公園を起点とする三郡山の登山道コース（河原谷・頭巾山・つき谷・砥石山コースなど）を案内している（宇美町）,"OpenStreetMap（© OpenStreetMap contributors, ODbL 1.0）node/2655156314（駐車場「欅谷駐車場」）、標高267.6m（国土地理院）。地理院地図の注記「欅谷」から549m。165m西（33.557708, 130.558975）で地理院地図の徒歩道が車道から始まり、三郡山まで約2.8km 2026-09-30確認 ｜ 登山記録で広く使われている登山口（登山記録・登山情報サイトで名称と利用を確認。公式情報では未確認） 2026-09-30確認",
TH-osm-n5518618755,trailhead,長者原（九重登山口）,33.117927,131.228755,WGS84,865 862 863 10386 10384 10387 10382,九重山、三俣山、大船山,中岳、星生山、扇ヶ鼻、平治岳,日本百名山|日本二百名山|日本三百名山|九州百名山,長者原（すがもり越）コース,登山記録で広く使われている登山口,,PK-w758168715(24m) PK-w986104544(77m) PK-n1633250264(80m) BS-kP11-22-44-bs5085(17m) BS-kP11-22-44-bs5096(126m) BS-kP11-22-44-bs5123(503m),,provisional,50,,"OpenStreetMap（© OpenStreetMap contributors, ODbL 1.0）node/5518618755（バス停「九重登山口」） 2026-09-25確認。地理院地図の注記「長者原」から130m ｜ 登山記録で広く使われている登山口（登山記録・登山情報サイトで名称と利用を確認。公式情報では未確認） 2026-09-25確認",
TH-osm-n6505765696,trailhead,まむしの湯（十坊山・浮嶽 登山口）,33.489537,130.074885,WGS84,10373 10374,,十坊山、浮嶽,,,登山記録で広く使われている登山口,,PK-g3348954_13007488(0m) PK-w692965346(33m),,provisional,250,まむしの湯の駐車場（OSM）は利用者用。登山者は登山者用の駐車場を使うとの情報がある。入山前に最新情報を確認すること,"OpenStreetMap（© OpenStreetMap contributors, ODbL 1.0）node/6505765696（日帰り温泉「まむしの湯」）、標高26.3m（国土地理院）。地理院地図の注記「中村」から295m、注記「二丈吉井」から306m。山頂の北1.9km 2026-09-30確認 ｜ 登山記録で広く使われている登山口（登山記録・登山情報サイトで名称と利用を確認。公式情報では未確認） 2026-09-30確認",
TH-osm-w1421346967,trailhead,銭瓶峠駐車場（高崎山 銭瓶ルート）,33.248017,131.514889,WGS84,10379,,高崎山,,,公式情報による登山口,,PK-g3324802_13151489(0m) PK-w1421346967(0m) BS-kP11-22-44-bs3718(849m) BS-kP11-22-44-bs3621(923m),parking=銭瓶峠駐車場（由布市狭間町1175-4）（大分県森林セラピー基地推進協議会）; course=銭瓶峠駐車場から南登山口へ至る林道（車道）を約15分進むと南登山口。銭瓶ルートは片道約1時間15分。田ノ浦ルート・柞原ルートは各約2時間15分,adopted,100,南登山口にバイオトイレ2基がある（大分県森林セラピー基地推進協議会）、登山道に猿よけのゲートがある（開けたら閉める）との情報がある。入山前に最新情報を確認すること,"OpenStreetMap（© OpenStreetMap contributors, ODbL 1.0）way/1421346967（駐車場「高崎山南登山口駐車場」）、標高342.7m（国土地理院）。地理院地図の注記「銭瓶峠」から120m。山頂の南西1.0km 2026-09-30確認 ｜ 公式情報: https://www.oita-foresttherapy.jp/roads/detail/2",2026-09-30
TH-osm-w160206663,trailhead,丸野駐車場（加江田渓谷・斟鉢山）,31.82027,131.398421,WGS84,10396,,斟鉢山,,,公式情報による登山口,,PK-g3182027_13139842(0m) PK-w160206663(0m),parking=加江田渓谷 丸野駐車場（無料）（みやざき観光ナビ）; course=加江田渓谷沿いの遊歩道は昔トロッコが走ったほぼ平坦な道（みやざき観光ナビ）,adopted,100,,"OpenStreetMap（© OpenStreetMap contributors, ODbL 1.0）way/160206663（駐車場）、標高18.3m（国土地理院）。地理院地図の注記「丸野」から77m。南約440m（31.816517, 131.396745）で地理院地図の徒歩道（加江田渓谷の遊歩道）が始まる。山頂の北西2.9km 2026-09-30確認 ｜ 公式情報: https://www.kanko-miyazaki.jp/spot/1239",2026-09-30
TH-osm-w301902989,trailhead,若杉楽園キャンプ場駐車場（若杉山）,33.601159,130.535868,WGS84,10365,,若杉山,,,登山記録で広く使われている登山口,,PK-g3360116_13053587(0m) PK-w301902989(0m),,provisional,200,,"OpenStreetMap（© OpenStreetMap contributors, ODbL 1.0）way/301902989（駐車場）、標高402.6m（国土地理院）。OSM の「楽園キャンプ場」（node/1239463735）から198m、地理院地図の注記「古堂」から130m。山頂の北西0.9km 2026-09-30確認 ｜ 登山記録で広く使われている登山口（登山記録・登山情報サイトで名称と利用を確認。公式情報では未確認） 2026-09-30確認",
TH-osm-w347821396,trailhead,吉武台登山口（万年山）,33.235402,131.143985,WGS84,850,万年山,,九州百名山,,公式情報による登山口,,PK-w347821396(0m),parking=八合目まで車で上がれ、駐車場は牧草地（玖珠町観光協会）,adopted,150,登山口は吉武台登山口と、はなぐり登山口（山浦側）（玖珠町観光協会）、登山口の正確な位置は公式情報では未確認,"OpenStreetMap（© OpenStreetMap contributors, ODbL 1.0）way/347821396（駐車場）。地理院地図の注記「吉武台牧場」から195m ｜ 公式情報: https://kusumachi.jp/%E3%83%9F%E3%83%A4%E3%83%9E%E3%82%AD%E3%83%AA%E3%82%B7%E3%83%9E%E3%81%8C%E7%B6%BA%E9%BA%97%E3%81%AA%E3%80%8C%E4%B8%87%E5%B9%B4%E5%B1%B1%E3%80%8D/",2026-09-24
TH-osm-w715203220,trailhead,高良大社駐車場（高良山）,33.301616,130.56458,WGS84,10378,,高良山,,,公式情報による登山口,,PK-g3330162_13056458(0m) PK-w715203220(0m) PK-w1057511020(60m) BS-kP11-22-40-bs7766(838m) BS-kP11-22-40-bs7761(858m) BS-kP11-22-40-bs7772(902m),parking=自家用車約300台（無料）、バス5台（無料）（久留米観光コンベンション国際交流協会）,adopted,100,,"OpenStreetMap（© OpenStreetMap contributors, ODbL 1.0）way/715203220（駐車場「高良神社 駐車場」）、標高205.9m（国土地理院）。地理院地図の注記「高良大社」から125m。東72m（33.300807, 130.565080）で地理院地図の徒歩道が車道から始まり、山頂まで約1.2km 2026-09-30確認 ｜ 公式情報: https://welcome-kurume.com/spots/detail/8b8be88c-7e83-4b47-ad84-382e5d64b622",2026-09-30
TH-osm-w941168876,trailhead,帆柱公園駐車場（皿倉山 ケーブル山麓駅）,33.857003,130.795737,WGS84,10364,,皿倉山,,,公式情報による登山口,,PK-g33857_13079574(0m) PK-w941168876(0m) PK-w1389852494(288m) BS-kP11-22-40-bs1091(56m) BS-kP11-22-40-bs1091(56m) BS-kP11-22-40-bs1055(257m),parking=帆柱公園駐車場（市営立体駐車場）。北九州都市高速道路「大谷ランプ」より5分（北九州市）; access=JR八幡駅から表登山道起点まで徒歩25分。西鉄バス42番で「帆柱登山口」下車、山麓駅まで徒歩10分（北九州市）; course=山麓駅からケーブルカーとスロープカーを乗り継ぐと約10分で山頂（北九州市）,adopted,100,皿倉平に駐車場は無い。山麓の立体駐車場を利用する（北九州市）、平成29年12月1日から、皿倉平（8合目）より先は終日、関係車両以外は通行できない（北九州市）,"OpenStreetMap（© OpenStreetMap contributors, ODbL 1.0）way/941168876（駐車場）、標高114.4m（国土地理院）。地理院地図の注記「山麓駅」から87m。南東の（33.856132, 130.797274）で地理院地図の徒歩道が始まり、山頂まで約1.6km 2026-09-30確認 ｜ 公式情報: https://www.city.kitakyushu.lg.jp/yahatahigashi/w5100149.html",2026-09-30
TH-w155561783,trailhead,別府ロープウェイ（鶴見岳）,33.2851555,131.4334522,WGS84,848,鶴見岳,,日本三百名山|九州百名山,,索道駅（ロープウェイ・ゴンドラ）,鶴見岳:0.38km,,,adopted,15,別府ロープウェイは鶴見岳の山上へ通じる、国土地理院の地名との差が439mあり、乗り場の正確な位置は目視未確認,"OpenStreetMap（© OpenStreetMap contributors, ODbL 1.0）Geofabrik japan-latest.osm.pbf 2026-09-30T20:22:42Z way/155561783（索道の端点 node/1679558228） ｜ 国土地理院 地名検索「別府ロープウェイ」（33.283607, 131.437794、JGD2011、439m差）2026-09-20確認",2026-09-20
TH-w160553915,trailhead,大金峰登山口前,32.5670834,130.9082057,WGS84,903,大金峰,,九州百名山,,駐車場・バス停（林道・車道を経由して登山道へ）,大金峰:1.75km,PK-w160553915(0m),,provisional,15,公式情報または2情報源での確認が必要,"OpenStreetMap（© OpenStreetMap contributors, ODbL 1.0）Geofabrik japan-latest.osm.pbf 2026-09-30T20:22:42Z way/160553915 ｜ OpenStreetMap（© OpenStreetMap contributors, ODbL 1.0）Geofabrik japan-latest.osm.pbf 2026-09-30T20:22:42Z node/1719040542（登山道と道路の接続点）",
TH-w181708012,trailhead,赤川登山口,33.0661527,131.2315646,WGS84,861 862 863 865,黒岳、三俣山、大船山、九重山,,九州百名山|日本三百名山|日本百名山|日本二百名山,,駐車場・バス停（林道・車道を経由して登山道へ）,黒岳:11.21km 三俣山:5.6km 大船山:7.53km 九重山:2.04km,PK-w181708012(0m) PK-w181708014(25m),,provisional,15,公式情報または2情報源での確認が必要,"OpenStreetMap（© OpenStreetMap contributors, ODbL 1.0）Geofabrik japan-latest.osm.pbf 2026-09-30T20:22:42Z way/181708012 ｜ OpenStreetMap（© OpenStreetMap contributors, ODbL 1.0）Geofabrik japan-latest.osm.pbf 2026-09-30T20:22:42Z node/1306374644（登山道と道路の接続点）",
TH-w214122999,trailhead,レゾネイト駐車場,33.0670266,131.280751,WGS84,861 862 863 865,黒岳、三俣山、大船山、九重山,,九州百名山|日本三百名山|日本百名山|日本二百名山,OSM登山道「九州自然歩道」,駐車場・バス停（林道・車道を経由して登山道へ）,黒岳:8.59km 三俣山:7.24km 大船山:4.11km 九重山:6.26km,PK-w214122999(0m),,provisional,15,公式情報または2情報源での確認が必要,"OpenStreetMap（© OpenStreetMap contributors, ODbL 1.0）Geofabrik japan-latest.osm.pbf 2026-09-30T20:22:42Z way/214122999 ｜ OpenStreetMap（© OpenStreetMap contributors, ODbL 1.0）Geofabrik japan-latest.osm.pbf 2026-09-30T20:22:42Z node/1306369480（登山道と道路の接続点）",
TH-w291529793,trailhead,矛岳登山口駐車場,32.7066378,131.5017897,WGS84,891,鉾岳,,九州百名山,OSM登山道「矛岳登山道」,駐車場・バス停（林道・車道を経由して登山道へ）,鉾岳:1.47km,PK-w291529793(0m),,provisional,15,林道からの入口（マイカー進入可否を要確認）、公式情報または2情報源での確認が必要,"OpenStreetMap（© OpenStreetMap contributors, ODbL 1.0）Geofabrik japan-latest.osm.pbf 2026-09-30T20:22:42Z way/291529793 ｜ OpenStreetMap（© OpenStreetMap contributors, ODbL 1.0）Geofabrik japan-latest.osm.pbf 2026-09-30T20:22:42Z node/2949948178（登山道と道路の接続点）",
TH-w35601104,trailhead,雲仙ロープウェイ,32.7508271,130.2855981,WGS84,886,雲仙岳,,日本二百名山|日本三百名山|九州百名山,,索道駅（ロープウェイ・ゴンドラ）,雲仙岳:1.34km,PK-w35893901(185m),,provisional,15,公式情報または2情報源での確認が必要,"OpenStreetMap（© OpenStreetMap contributors, ODbL 1.0）Geofabrik japan-latest.osm.pbf 2026-09-30T20:22:42Z way/35601104（索道の端点 node/417252143）",
TH-w35601104-2,trailhead,仁田峠（雲仙ロープウェイ 仁田峠駅）,32.7546345,130.2858472,WGS84,886,雲仙岳,,日本二百名山|日本三百名山|九州百名山,,索道駅（ロープウェイ・ゴンドラ）,雲仙岳:1.38km,PK-w35893901(445m),restriction=平成新山は警戒区域で立入禁止。紅葉茶屋〜あざみ谷は土砂崩れで通行止め（仁田峠からは妙見岳経由）,adopted,15,平成新山は現在も警戒区域として立入禁止で、一般に登れる長崎県の最高峰は普賢岳（長崎県観光連盟）、紅葉茶屋〜あざみ谷は土砂崩れにより通行止め。仁田峠から普賢岳へは妙見岳経由の登山道を使う（島原半島観光連盟）、春のミヤマキリシマや秋の紅葉の時期は仁田峠駐車場が混雑する（雲仙観光局）,"OpenStreetMap（© OpenStreetMap contributors, ODbL 1.0）Geofabrik japan-latest.osm.pbf 2026-09-30T20:22:42Z way/35601104（索道の端点 node/417252144） ｜ 公式情報: https://www.nagasaki-tabinet.com/guide/62928 ｜ 公式情報: https://www.shimakanren.com/spot/detail_10104.html",2026-09-20
TH-w415761662,trailhead,有田ダム駐車場,33.1962401,129.8962102,WGS84,851,黒髪山,,九州百名山,,駐車場・バス停（林道・車道を経由して登山道へ）,黒髪山:2.1km,PK-w415761662(0m) PK-n1842236782(153m) PK-n1842236273(427m) BS-kP11-22-41-bs2480(31m) BS-kP11-22-41-bs2495(233m) BS-kP11-22-41-bs2546(585m),,provisional,15,近くの道路にゲートあり（車両通行止め・季節閉鎖の可能性）、林道からの入口（マイカー進入可否を要確認）、公式情報または2情報源での確認が必要,"OpenStreetMap（© OpenStreetMap contributors, ODbL 1.0）Geofabrik japan-latest.osm.pbf 2026-09-30T20:22:42Z way/415761662 ｜ OpenStreetMap（© OpenStreetMap contributors, ODbL 1.0）Geofabrik japan-latest.osm.pbf 2026-09-30T20:22:42Z node/1744242893（登山道と道路の接続点）",
TH-w447806830,trailhead,駐車場,33.0588075,131.2593816,WGS84,861 862 863 865,黒岳、三俣山、大船山、九重山,,九州百名山|日本三百名山|日本百名山|日本二百名山,,駐車場・バス停（林道・車道を経由して登山道へ）,黒岳:9.79km 三俣山:7.5km 大船山:5.38km 九重山:4.66km,PK-w447806830(0m) PK-w447806905(20m),,provisional,15,公式情報または2情報源での確認が必要,"OpenStreetMap（© OpenStreetMap contributors, ODbL 1.0）Geofabrik japan-latest.osm.pbf 2026-09-30T20:22:42Z way/447806830 ｜ OpenStreetMap（© OpenStreetMap contributors, ODbL 1.0）Geofabrik japan-latest.osm.pbf 2026-09-30T20:22:42Z node/1306318743（登山道と道路の接続点）",
TH-w476226921,trailhead,第二展望所駐車場,32.7414102,130.2921486,WGS84,886,雲仙岳,,日本二百名山|日本三百名山|九州百名山,,駐車場・バス停（林道・車道を経由して登山道へ）,雲仙岳:4.86km,PK-w476226921(0m),,provisional,15,近くの道路にゲートあり（車両通行止め・季節閉鎖の可能性）、林道からの入口（マイカー進入可否を要確認）、公式情報または2情報源での確認が必要,"OpenStreetMap（© OpenStreetMap contributors, ODbL 1.0）Geofabrik japan-latest.osm.pbf 2026-09-30T20:22:42Z way/476226921 ｜ OpenStreetMap（© OpenStreetMap contributors, ODbL 1.0）Geofabrik japan-latest.osm.pbf 2026-09-30T20:22:42Z node/936122179（登山道と道路の接続点）",
TH-w517533385,trailhead,上宮駐車場（天山 小城ルート）,33.3322336,130.1410876,WGS84,846,天山,,九州百名山,OSM登山道「天山上宮口登山道」,駐車場・バス停（林道・車道を経由して登山道へ）,天山:0.94km,PK-w517533385(0m),course=上宮駐車場から歩いて約30分で山頂（小城市）; access=旧川内分校を通るか川内集落を通って天山神社上宮駐車場へ。道が狭く、普通車では離合がとても難しい場所がいくつもある（小城市）,adopted,15,,"OpenStreetMap（© OpenStreetMap contributors, ODbL 1.0）Geofabrik japan-latest.osm.pbf 2026-09-30T20:22:42Z way/517533385 ｜ OpenStreetMap（© OpenStreetMap contributors, ODbL 1.0）Geofabrik japan-latest.osm.pbf 2026-09-30T20:22:42Z node/3516285375（登山道と道路の接続点） ｜ 公式情報: https://www.city.ogi.lg.jp/main/33246.html",2026-09-24
TH-w628930881,trailhead,二の岳登山駐車場（野出登山口）,32.8356405,130.6210882,WGS84,878,二ノ岳,,九州百名山,,駐車場・バス停（林道・車道を経由して登山道へ）,二ノ岳:0.82km,PK-w628930881(0m),,provisional,15,林道からの入口（マイカー進入可否を要確認）、公式情報または2情報源での確認が必要,"OpenStreetMap（© OpenStreetMap contributors, ODbL 1.0）Geofabrik japan-latest.osm.pbf 2026-09-30T20:22:42Z way/628930881 ｜ OpenStreetMap（© OpenStreetMap contributors, ODbL 1.0）Geofabrik japan-latest.osm.pbf 2026-09-30T20:22:42Z node/1514825573（登山道と道路の接続点） ｜ 登山記録で広く使われている登山口（登山記録・登山情報サイトで名称と利用を確認。公式情報では未確認） 2026-09-24確認",
