{
 "type": "FeatureCollection",
 "name": "北海道",
 "generatedAt": "2026-10-01",
 "osmData": "japan-latest.osm.pbf 2026-09-30T20:22:42Z",
 "attribution": "© OpenStreetMap contributors (ODbL 1.0) / 出典：国土地理院（地名検索）",
 "features": [
  {
   "type": "Feature",
   "geometry": {
    "type": "Point",
    "coordinates": [
     140.7714209,
     42.7855862
    ]
   },
   "properties": {
    "id": "BS-kP11-22-01-bs11471",
    "kind": "bus_stop",
    "name": "石割",
    "datum": "WGS84",
    "mountainIds": "63",
    "mountainNames": "羊蹄山",
    "otherMountainNames": "",
    "lists": "日本百名山|日本二百名山|日本三百名山|北海道百名山",
    "routes": "",
    "entryType": "",
    "trailKmToSummit": "",
    "related": "TH-n13591297541(720m) TH-n9430062075(576m)",
    "attributes": "operator=道南バス（株）; busType=民間路線バス; busRoutes=倶知安～真狩～留寿都～洞爺湖温泉",
    "status": "adopted",
    "accuracyM": 10,
    "needsReview": "運行状況（季節運行・休止・予約制）を要確認、登山口から離れている（徒歩アプローチを要確認）",
    "sources": "国土数値情報（バス停留所データ）令和4年度（国土交通省）P11-22-01-bs11471（42.785586, 140.771421、JGD2011）を加工して作成",
    "verifiedAt": ""
   }
  },
  {
   "type": "Feature",
   "geometry": {
    "type": "Point",
    "coordinates": [
     140.7791815,
     42.7813836
    ]
   },
   "properties": {
    "id": "BS-kP11-22-01-bs11491",
    "kind": "bus_stop",
    "name": "羊蹄自然公園入口",
    "datum": "WGS84",
    "mountainIds": "63",
    "mountainNames": "羊蹄山",
    "otherMountainNames": "",
    "lists": "日本百名山|日本二百名山|日本三百名山|北海道百名山",
    "routes": "",
    "entryType": "",
    "trailKmToSummit": "",
    "related": "TH-n13591297541(68m) TH-n4283498074(881m) TH-n9430062075(396m)",
    "attributes": "operator=道南バス（株）; busType=民間路線バス; busRoutes=倶知安～真狩～留寿都～洞爺湖温泉",
    "status": "adopted",
    "accuracyM": 10,
    "needsReview": "運行状況（季節運行・休止・予約制）を要確認、登山口から離れている（徒歩アプローチを要確認）",
    "sources": "国土数値情報（バス停留所データ）令和4年度（国土交通省）P11-22-01-bs11491（42.781384, 140.779182、JGD2011）を加工して作成 ｜ OpenStreetMap（© OpenStreetMap contributors, ODbL 1.0）Geofabrik japan-latest.osm.pbf 2026-09-30T20:22:42Z node/13591297541",
    "verifiedAt": ""
   }
  },
  {
   "type": "Feature",
   "geometry": {
    "type": "Point",
    "coordinates": [
     141.4052919,
     42.7734777
    ]
   },
   "properties": {
    "id": "BS-kP11-22-01-bs11514",
    "kind": "bus_stop",
    "name": "支笏湖",
    "datum": "WGS84",
    "mountainIds": "10014",
    "mountainNames": "",
    "otherMountainNames": "紋別岳",
    "lists": "",
    "routes": "",
    "entryType": "",
    "trailKmToSummit": "",
    "related": "TH-gsi-monbetsudake(458m)",
    "attributes": "operator=北海道中央バス（株）; busType=民間路線バス; busRoutes=空4",
    "status": "adopted",
    "accuracyM": 10,
    "needsReview": "運行状況（季節運行・休止・予約制）を要確認",
    "sources": "国土数値情報（バス停留所データ）令和4年度（国土交通省）P11-22-01-bs11514（42.773478, 141.405292、JGD2011）を加工して作成",
    "verifiedAt": ""
   }
  },
  {
   "type": "Feature",
   "geometry": {
    "type": "Point",
    "coordinates": [
     145.1288793,
     44.1539692
    ]
   },
   "properties": {
    "id": "BS-kP11-22-01-bs1279",
    "kind": "bus_stop",
    "name": "カムイワッカ湯の滝",
    "datum": "WGS84",
    "mountainIds": "6 8",
    "mountainNames": "硫黄山、羅臼岳",
    "otherMountainNames": "",
    "lists": "北海道百名山|日本百名山|日本二百名山|日本三百名山",
    "routes": "",
    "entryType": "",
    "trailKmToSummit": "",
    "related": "TH-n9034016426(513m)",
    "attributes": "operator=斜里バス（株）; busType=民間路線バス; busRoutes=知床線",
    "status": "adopted",
    "accuracyM": 10,
    "needsReview": "運行状況（季節運行・休止・予約制）を要確認",
    "sources": "国土数値情報（バス停留所データ）令和4年度（国土交通省）P11-22-01-bs1279（44.153969, 145.128879、JGD2011）を加工して作成",
    "verifiedAt": ""
   }
  },
  {
   "type": "Feature",
   "geometry": {
    "type": "Point",
    "coordinates": [
     141.0536181,
     45.3895402
    ]
   },
   "properties": {
    "id": "BS-kP11-22-01-bs128",
    "kind": "bus_stop",
    "name": "内路",
    "datum": "WGS84",
    "mountainIds": "1",
    "mountainNames": "礼文岳",
    "otherMountainNames": "",
    "lists": "北海道百名山",
    "routes": "",
    "entryType": "",
    "trailKmToSummit": "",
    "related": "TH-n1279002967(16m)",
    "attributes": "operator=宗谷バス（株）; busType=民間路線バス; busRoutes=礼文線②",
    "status": "adopted",
    "accuracyM": 10,
    "needsReview": "運行状況（季節運行・休止・予約制）を要確認",
    "sources": "国土数値情報（バス停留所データ）令和4年度（国土交通省）P11-22-01-bs128（45.389540, 141.053618、JGD2011）を加工して作成",
    "verifiedAt": ""
   }
  },
  {
   "type": "Feature",
   "geometry": {
    "type": "Point",
    "coordinates": [
     141.1424852,
     41.8330848
    ]
   },
   "properties": {
    "id": "BS-kP11-22-01-bs13698",
    "kind": "bus_stop",
    "name": "椴法華支所前",
    "datum": "WGS84",
    "mountainIds": "98",
    "mountainNames": "恵山",
    "otherMountainNames": "",
    "lists": "北海道百名山",
    "routes": "",
    "entryType": "",
    "trailKmToSummit": "",
    "related": "TH-kP11-22-01-bs13731(801m)",
    "attributes": "operator=函館バス（株）; busType=民間路線バス; busRoutes=91E系統 / 99A系統",
    "status": "adopted",
    "accuracyM": 10,
    "needsReview": "運行状況（季節運行・休止・予約制）を要確認、登山口から離れている（徒歩アプローチを要確認）",
    "sources": "国土数値情報（バス停留所データ）令和4年度（国土交通省）P11-22-01-bs13698（41.833085, 141.142485、JGD2011）を加工して作成",
    "verifiedAt": ""
   }
  },
  {
   "type": "Feature",
   "geometry": {
    "type": "Point",
    "coordinates": [
     141.1419541,
     41.8300102
    ]
   },
   "properties": {
    "id": "BS-kP11-22-01-bs13712",
    "kind": "bus_stop",
    "name": "椴法華小学校前",
    "datum": "WGS84",
    "mountainIds": "98",
    "mountainNames": "恵山",
    "otherMountainNames": "",
    "lists": "北海道百名山",
    "routes": "",
    "entryType": "",
    "trailKmToSummit": "",
    "related": "TH-kP11-22-01-bs13731(519m)",
    "attributes": "operator=函館バス（株）; busType=民間路線バス; busRoutes=91E系統",
    "status": "adopted",
    "accuracyM": 10,
    "needsReview": "運行状況（季節運行・休止・予約制）を要確認",
    "sources": "国土数値情報（バス停留所データ）令和4年度（国土交通省）P11-22-01-bs13712（41.830010, 141.141954、JGD2011）を加工して作成",
    "verifiedAt": ""
   }
  },
  {
   "type": "Feature",
   "geometry": {
    "type": "Point",
    "coordinates": [
     141.1370533,
     41.8270938
    ]
   },
   "properties": {
    "id": "BS-kP11-22-01-bs13731",
    "kind": "bus_stop",
    "name": "海向山",
    "datum": "WGS84",
    "mountainIds": "98",
    "mountainNames": "恵山",
    "otherMountainNames": "",
    "lists": "北海道百名山",
    "routes": "",
    "entryType": "",
    "trailKmToSummit": "",
    "related": "TH-kP11-22-01-bs13731(0m)",
    "attributes": "operator=函館バス（株）; busType=民間路線バス; busRoutes=91E系統",
    "status": "adopted",
    "accuracyM": 10,
    "needsReview": "運行状況（季節運行・休止・予約制）を要確認",
    "sources": "国土数値情報（バス停留所データ）令和4年度（国土交通省）P11-22-01-bs13731（41.827094, 141.137053、JGD2011）を加工して作成",
    "verifiedAt": ""
   }
  },
  {
   "type": "Feature",
   "geometry": {
    "type": "Point",
    "coordinates": [
     141.1636314,
     41.7916101
    ]
   },
   "properties": {
    "id": "BS-kP11-22-01-bs13975",
    "kind": "bus_stop",
    "name": "上御崎",
    "datum": "WGS84",
    "mountainIds": "98",
    "mountainNames": "恵山",
    "otherMountainNames": "",
    "lists": "北海道百名山",
    "routes": "",
    "entryType": "",
    "trailKmToSummit": "",
    "related": "TH-n1625698675(842m) TH-osm-w986843571(932m)",
    "attributes": "operator=函館バス（株）; busType=民間路線バス; busRoutes=91系統 / 91A系統 / 91F系統",
    "status": "adopted",
    "accuracyM": 10,
    "needsReview": "運行状況（季節運行・休止・予約制）を要確認、登山口から離れている（徒歩アプローチを要確認）",
    "sources": "国土数値情報（バス停留所データ）令和4年度（国土交通省）P11-22-01-bs13975（41.791610, 141.163631、JGD2011）を加工して作成",
    "verifiedAt": ""
   }
  },
  {
   "type": "Feature",
   "geometry": {
    "type": "Point",
    "coordinates": [
     141.1500677,
     41.7851453
    ]
   },
   "properties": {
    "id": "BS-kP11-22-01-bs14029",
    "kind": "bus_stop",
    "name": "恵山",
    "datum": "WGS84",
    "mountainIds": "98",
    "mountainNames": "恵山",
    "otherMountainNames": "",
    "lists": "北海道百名山",
    "routes": "",
    "entryType": "",
    "trailKmToSummit": "",
    "related": "TH-n1625696864(986m) TH-kP11-22-01-bs14031(337m)",
    "attributes": "operator=函館バス（株）; busType=民間路線バス; busRoutes=91系統 / 91A系統 / 91F系統",
    "status": "adopted",
    "accuracyM": 10,
    "needsReview": "運行状況（季節運行・休止・予約制）を要確認、登山口から離れている（徒歩アプローチを要確認）",
    "sources": "国土数値情報（バス停留所データ）令和4年度（国土交通省）P11-22-01-bs14029（41.785145, 141.150068、JGD2011）を加工して作成",
    "verifiedAt": ""
   }
  },
  {
   "type": "Feature",
   "geometry": {
    "type": "Point",
    "coordinates": [
     141.1460102,
     41.7849599
    ]
   },
   "properties": {
    "id": "BS-kP11-22-01-bs14031",
    "kind": "bus_stop",
    "name": "恵山登山口",
    "datum": "WGS84",
    "mountainIds": "98",
    "mountainNames": "恵山",
    "otherMountainNames": "",
    "lists": "北海道百名山",
    "routes": "",
    "entryType": "",
    "trailKmToSummit": "",
    "related": "TH-kP11-22-01-bs14031(0m)",
    "attributes": "operator=函館バス（株）; busType=民間路線バス; busRoutes=91系統 / 91A系統 / 91F系統",
    "status": "adopted",
    "accuracyM": 10,
    "needsReview": "運行状況（季節運行・休止・予約制）を要確認",
    "sources": "国土数値情報（バス停留所データ）令和4年度（国土交通省）P11-22-01-bs14031（41.784960, 141.146010、JGD2011）を加工して作成",
    "verifiedAt": ""
   }
  },
  {
   "type": "Feature",
   "geometry": {
    "type": "Point",
    "coordinates": [
     141.1400781,
     41.7842037
    ]
   },
   "properties": {
    "id": "BS-kP11-22-01-bs14035",
    "kind": "bus_stop",
    "name": "恵山中学校前",
    "datum": "WGS84",
    "mountainIds": "98",
    "mountainNames": "恵山",
    "otherMountainNames": "",
    "lists": "北海道百名山",
    "routes": "",
    "entryType": "",
    "trailKmToSummit": "",
    "related": "TH-kP11-22-01-bs14031(499m)",
    "attributes": "operator=函館バス（株）; busType=民間路線バス; busRoutes=91系統 / 91A系統 / 91F系統",
    "status": "adopted",
    "accuracyM": 10,
    "needsReview": "運行状況（季節運行・休止・予約制）を要確認",
    "sources": "国土数値情報（バス停留所データ）令和4年度（国土交通省）P11-22-01-bs14035（41.784204, 141.140078、JGD2011）を加工して作成",
    "verifiedAt": ""
   }
  },
  {
   "type": "Feature",
   "geometry": {
    "type": "Point",
    "coordinates": [
     140.7136649,
     41.7647465
    ]
   },
   "properties": {
    "id": "BS-kP11-22-01-bs14202",
    "kind": "bus_stop",
    "name": "元町",
    "datum": "WGS84",
    "mountainIds": "99",
    "mountainNames": "函館山",
    "otherMountainNames": "",
    "lists": "北海道百名山",
    "routes": "",
    "entryType": "",
    "trailKmToSummit": "",
    "related": "TH-w454280224(346m)",
    "attributes": "operator=函館バス（株）; busType=民間路線バス; busRoutes=60B系統 / 3系統/3系統（冬） / 36A系統",
    "status": "adopted",
    "accuracyM": 10,
    "needsReview": "運行状況（季節運行・休止・予約制）を要確認",
    "sources": "国土数値情報（バス停留所データ）令和4年度（国土交通省）P11-22-01-bs14202（41.764746, 140.713665、JGD2011）を加工して作成",
    "verifiedAt": ""
   }
  },
  {
   "type": "Feature",
   "geometry": {
    "type": "Point",
    "coordinates": [
     140.7123309,
     41.7644023
    ]
   },
   "properties": {
    "id": "BS-kP11-22-01-bs14204",
    "kind": "bus_stop",
    "name": "西高校前",
    "datum": "WGS84",
    "mountainIds": "99",
    "mountainNames": "函館山",
    "otherMountainNames": "",
    "lists": "北海道百名山",
    "routes": "",
    "entryType": "",
    "trailKmToSummit": "",
    "related": "TH-n326603235(840m) TH-w454280224(335m)",
    "attributes": "operator=函館バス（株）; busType=民間路線バス; busRoutes=60B系統 / 36A系統 / 43C系統",
    "status": "adopted",
    "accuracyM": 10,
    "needsReview": "運行状況（季節運行・休止・予約制）を要確認、登山口から離れている（徒歩アプローチを要確認）",
    "sources": "国土数値情報（バス停留所データ）令和4年度（国土交通省）P11-22-01-bs14204（41.764402, 140.712331、JGD2011）を加工して作成",
    "verifiedAt": ""
   }
  },
  {
   "type": "Feature",
   "geometry": {
    "type": "Point",
    "coordinates": [
     140.7139437,
     41.7609305
    ]
   },
   "properties": {
    "id": "BS-kP11-22-01-bs14223",
    "kind": "bus_stop",
    "name": "ロープウェイ前",
    "datum": "WGS84",
    "mountainIds": "99",
    "mountainNames": "函館山",
    "otherMountainNames": "",
    "lists": "北海道百名山",
    "routes": "",
    "entryType": "",
    "trailKmToSummit": "",
    "related": "TH-n326603235(773m) TH-w454280224(77m) TH-n263002325(495m)",
    "attributes": "operator=函館バス（株）; busType=民間路線バス; busRoutes=3系統/3系統（冬）",
    "status": "adopted",
    "accuracyM": 10,
    "needsReview": "運行状況（季節運行・休止・予約制）を要確認、登山口から離れている（徒歩アプローチを要確認）",
    "sources": "国土数値情報（バス停留所データ）令和4年度（国土交通省）P11-22-01-bs14223（41.760931, 140.713944、JGD2011）を加工して作成",
    "verifiedAt": ""
   }
  },
  {
   "type": "Feature",
   "geometry": {
    "type": "Point",
    "coordinates": [
     140.7169216,
     41.757496
    ]
   },
   "properties": {
    "id": "BS-kP11-22-01-bs14234",
    "kind": "bus_stop",
    "name": "函館公園",
    "datum": "WGS84",
    "mountainIds": "99",
    "mountainNames": "函館山",
    "otherMountainNames": "",
    "lists": "北海道百名山",
    "routes": "",
    "entryType": "",
    "trailKmToSummit": "",
    "related": "TH-n263002325(657m)",
    "attributes": "operator=函館バス（株）; busType=民間路線バス; busRoutes=53系統",
    "status": "adopted",
    "accuracyM": 10,
    "needsReview": "運行状況（季節運行・休止・予約制）を要確認、登山口から離れている（徒歩アプローチを要確認）",
    "sources": "国土数値情報（バス停留所データ）令和4年度（国土交通省）P11-22-01-bs14234（41.757496, 140.716922、JGD2011）を加工して作成",
    "verifiedAt": ""
   }
  },
  {
   "type": "Feature",
   "geometry": {
    "type": "Point",
    "coordinates": [
     140.7166155,
     41.7538666
    ]
   },
   "properties": {
    "id": "BS-kP11-22-01-bs14239",
    "kind": "bus_stop",
    "name": "谷地頭",
    "datum": "WGS84",
    "mountainIds": "99",
    "mountainNames": "函館山",
    "otherMountainNames": "",
    "lists": "北海道百名山",
    "routes": "",
    "entryType": "",
    "trailKmToSummit": "",
    "related": "TH-kP11-22-01-bs14241(241m) TH-kP11-22-01-bs14241(241m)",
    "attributes": "operator=函館バス（株）; busType=民間路線バス; busRoutes=9系統 / 53系統",
    "status": "adopted",
    "accuracyM": 10,
    "needsReview": "運行状況（季節運行・休止・予約制）を要確認",
    "sources": "国土数値情報（バス停留所データ）令和4年度（国土交通省）P11-22-01-bs14239（41.753867, 140.716615、JGD2011）を加工して作成 ｜ OpenStreetMap（© OpenStreetMap contributors, ODbL 1.0）Geofabrik japan-latest.osm.pbf 2026-09-30T20:22:42Z node/6785096901",
    "verifiedAt": ""
   }
  },
  {
   "type": "Feature",
   "geometry": {
    "type": "Point",
    "coordinates": [
     140.7141944,
     41.7526651
    ]
   },
   "properties": {
    "id": "BS-kP11-22-01-bs14241",
    "kind": "bus_stop",
    "name": "谷地頭温泉",
    "datum": "WGS84",
    "mountainIds": "99",
    "mountainNames": "函館山",
    "otherMountainNames": "",
    "lists": "北海道百名山",
    "routes": "",
    "entryType": "",
    "trailKmToSummit": "",
    "related": "TH-kP11-22-01-bs14241(0m)",
    "attributes": "operator=函館バス（株）; busType=民間路線バス; busRoutes=9系統 / 53系統",
    "status": "adopted",
    "accuracyM": 10,
    "needsReview": "運行状況（季節運行・休止・予約制）を要確認",
    "sources": "国土数値情報（バス停留所データ）令和4年度（国土交通省）P11-22-01-bs14241（41.752665, 140.714194、JGD2011）を加工して作成",
    "verifiedAt": ""
   }
  },
  {
   "type": "Feature",
   "geometry": {
    "type": "Point",
    "coordinates": [
     141.0574149,
     45.3837089
    ]
   },
   "properties": {
    "id": "BS-kP11-22-01-bs149",
    "kind": "bus_stop",
    "name": "第2内路",
    "datum": "WGS84",
    "mountainIds": "1",
    "mountainNames": "礼文岳",
    "otherMountainNames": "",
    "lists": "北海道百名山",
    "routes": "",
    "entryType": "",
    "trailKmToSummit": "",
    "related": "TH-n1279002967(722m)",
    "attributes": "operator=宗谷バス（株）; busType=民間路線バス; busRoutes=礼文線②",
    "status": "adopted",
    "accuracyM": 10,
    "needsReview": "運行状況（季節運行・休止・予約制）を要確認、登山口から離れている（徒歩アプローチを要確認）",
    "sources": "国土数値情報（バス停留所データ）令和4年度（国土交通省）P11-22-01-bs149（45.383709, 141.057415、JGD2011）を加工して作成",
    "verifiedAt": ""
   }
  },
  {
   "type": "Feature",
   "geometry": {
    "type": "Point",
    "coordinates": [
     145.1662451,
     44.0301591
    ]
   },
   "properties": {
    "id": "BS-kP11-22-01-bs1549",
    "kind": "bus_stop",
    "name": "羅臼温泉",
    "datum": "WGS84",
    "mountainIds": "8",
    "mountainNames": "羅臼岳",
    "otherMountainNames": "",
    "lists": "日本百名山|日本二百名山|日本三百名山|北海道百名山",
    "routes": "",
    "entryType": "",
    "trailKmToSummit": "",
    "related": "TH-n5930815696(906m) TH-n401625031(474m)",
    "attributes": "operator=羅臼町; busType=コミュニティバス; busRoutes=ウトロ線",
    "status": "adopted",
    "accuracyM": 10,
    "needsReview": "運行状況（季節運行・休止・予約制）を要確認、登山口から離れている（徒歩アプローチを要確認）",
    "sources": "国土数値情報（バス停留所データ）令和4年度（国土交通省）P11-22-01-bs1549（44.030159, 145.166245、JGD2011）を加工して作成",
    "verifiedAt": ""
   }
  },
  {
   "type": "Feature",
   "geometry": {
    "type": "Point",
    "coordinates": [
     145.1662451,
     44.0301591
    ]
   },
   "properties": {
    "id": "BS-kP11-22-01-bs1550",
    "kind": "bus_stop",
    "name": "羅臼温泉",
    "datum": "WGS84",
    "mountainIds": "8",
    "mountainNames": "羅臼岳",
    "otherMountainNames": "",
    "lists": "日本百名山|日本二百名山|日本三百名山|北海道百名山",
    "routes": "",
    "entryType": "",
    "trailKmToSummit": "",
    "related": "TH-n5930815696(906m) TH-n401625031(474m)",
    "attributes": "operator=斜里バス（株）; busType=民間路線バス; busRoutes=羅臼線",
    "status": "adopted",
    "accuracyM": 10,
    "needsReview": "運行状況（季節運行・休止・予約制）を要確認、登山口から離れている（徒歩アプローチを要確認）",
    "sources": "国土数値情報（バス停留所データ）令和4年度（国土交通省）P11-22-01-bs1550（44.030159, 145.166245、JGD2011）を加工して作成",
    "verifiedAt": ""
   }
  },
  {
   "type": "Feature",
   "geometry": {
    "type": "Point",
    "coordinates": [
     141.2161712,
     45.2392534
    ]
   },
   "properties": {
    "id": "BS-kP11-22-01-bs207",
    "kind": "bus_stop",
    "name": "利尻富士温泉",
    "datum": "WGS84",
    "mountainIds": "2",
    "mountainNames": "利尻山",
    "otherMountainNames": "",
    "lists": "日本百名山|日本二百名山|日本三百名山|北海道百名山",
    "routes": "",
    "entryType": "",
    "trailKmToSummit": "",
    "related": "TH-n6585469510(587m)",
    "attributes": "operator=宗谷バス（株）; busType=民間路線バス; busRoutes=利尻線",
    "status": "adopted",
    "accuracyM": 10,
    "needsReview": "運行状況（季節運行・休止・予約制）を要確認",
    "sources": "国土数値情報（バス停留所データ）令和4年度（国土交通省）P11-22-01-bs207（45.239253, 141.216171、JGD2011）を加工して作成",
    "verifiedAt": ""
   }
  },
  {
   "type": "Feature",
   "geometry": {
    "type": "Point",
    "coordinates": [
     142.9480124,
     43.7266984
    ]
   },
   "properties": {
    "id": "BS-kP11-22-01-bs3542",
    "kind": "bus_stop",
    "name": "層雲峡",
    "datum": "WGS84",
    "mountainIds": "15 17 18 19 20 21 22",
    "mountainNames": "愛別岳、黒岳、北鎮岳、赤岳、小泉岳、大雪山、白雲岳",
    "otherMountainNames": "",
    "lists": "北海道百名山|日本百名山|日本二百名山|日本三百名山",
    "routes": "",
    "entryType": "",
    "trailKmToSummit": "",
    "related": "TH-n4348502050(160m) TH-n2162726227(480m)",
    "attributes": "operator=道北バス（株）; busType=民間路線バス; busRoutes=81-層雲峡線 / 83-上川層雲峡線 / 86-大雪湖線",
    "status": "adopted",
    "accuracyM": 10,
    "needsReview": "運行状況（季節運行・休止・予約制）を要確認",
    "sources": "国土数値情報（バス停留所データ）令和4年度（国土交通省）P11-22-01-bs3542（43.726698, 142.948012、JGD2011）を加工して作成 ｜ OpenStreetMap（© OpenStreetMap contributors, ODbL 1.0）Geofabrik japan-latest.osm.pbf 2026-09-30T20:22:42Z node/6038070085",
    "verifiedAt": ""
   }
  },
  {
   "type": "Feature",
   "geometry": {
    "type": "Point",
    "coordinates": [
     142.7982307,
     43.6525041
    ]
   },
   "properties": {
    "id": "BS-kP11-22-01-bs3818",
    "kind": "bus_stop",
    "name": "旭岳",
    "datum": "WGS84",
    "mountainIds": "15 17 18 19 20 21 22",
    "mountainNames": "愛別岳、黒岳、北鎮岳、赤岳、小泉岳、大雪山、白雲岳",
    "otherMountainNames": "",
    "lists": "北海道百名山|日本百名山|日本二百名山|日本三百名山",
    "routes": "",
    "entryType": "",
    "trailKmToSummit": "",
    "related": "TH-w28242117-2(81m) TH-w28242117-2(81m)",
    "attributes": "operator=旭川電気軌道（株）; busType=民間路線バス; busRoutes=旭岳線（空港経由）",
    "status": "adopted",
    "accuracyM": 10,
    "needsReview": "運行状況（季節運行・休止・予約制）を要確認",
    "sources": "国土数値情報（バス停留所データ）令和4年度（国土交通省）P11-22-01-bs3818（43.652504, 142.798231、JGD2011）を加工して作成 ｜ OpenStreetMap（© OpenStreetMap contributors, ODbL 1.0）Geofabrik japan-latest.osm.pbf 2026-09-30T20:22:42Z node/4794861248",
    "verifiedAt": ""
   }
  },
  {
   "type": "Feature",
   "geometry": {
    "type": "Point",
    "coordinates": [
     142.7985979,
     43.6518044
    ]
   },
   "properties": {
    "id": "BS-kP11-22-01-bs3821",
    "kind": "bus_stop",
    "name": "ホテルベアモンテ前",
    "datum": "WGS84",
    "mountainIds": "15 17 18 19 20 21 22",
    "mountainNames": "愛別岳、黒岳、北鎮岳、赤岳、小泉岳、大雪山、白雲岳",
    "otherMountainNames": "",
    "lists": "北海道百名山|日本百名山|日本二百名山|日本三百名山",
    "routes": "",
    "entryType": "",
    "trailKmToSummit": "",
    "related": "TH-w28242117-2(141m)",
    "attributes": "operator=旭川電気軌道（株）; busType=民間路線バス; busRoutes=旭岳線（空港経由）",
    "status": "adopted",
    "accuracyM": 10,
    "needsReview": "運行状況（季節運行・休止・予約制）を要確認",
    "sources": "国土数値情報（バス停留所データ）令和4年度（国土交通省）P11-22-01-bs3821（43.651804, 142.798598、JGD2011）を加工して作成",
    "verifiedAt": ""
   }
  },
  {
   "type": "Feature",
   "geometry": {
    "type": "Point",
    "coordinates": [
     144.5066794,
     43.5567158
    ]
   },
   "properties": {
    "id": "BS-kP11-22-01-bs4035",
    "kind": "bus_stop",
    "name": "摩周湖第1展望台",
    "datum": "WGS84",
    "mountainIds": "25 28",
    "mountainNames": "カムイヌプリ、西別岳",
    "otherMountainNames": "",
    "lists": "北海道百名山",
    "routes": "",
    "entryType": "",
    "trailKmToSummit": "",
    "related": "TH-n1485832641(163m)",
    "attributes": "operator=阿寒バス（株）; busType=民間路線バス; busRoutes=摩周線",
    "status": "adopted",
    "accuracyM": 10,
    "needsReview": "運行状況（季節運行・休止・予約制）を要確認",
    "sources": "国土数値情報（バス停留所データ）令和4年度（国土交通省）P11-22-01-bs4035（43.556716, 144.506679、JGD2011）を加工して作成",
    "verifiedAt": ""
   }
  },
  {
   "type": "Feature",
   "geometry": {
    "type": "Point",
    "coordinates": [
     144.0969741,
     43.4312533
    ]
   },
   "properties": {
    "id": "BS-kP11-22-01-bs4385",
    "kind": "bus_stop",
    "name": "阿寒湖バスセンター",
    "datum": "WGS84",
    "mountainIds": "36",
    "mountainNames": "雄阿寒岳",
    "otherMountainNames": "",
    "lists": "北海道百名山",
    "routes": "",
    "entryType": "",
    "trailKmToSummit": "",
    "related": "TH-n6669803188(337m) TH-n5538048728(261m)",
    "attributes": "operator=阿寒バス（株）; busType=民間路線バス; busRoutes=定期バス（釧路駅前～たんちょう釧路空港～阿寒胡バスセンター） / 阿寒線（夏）",
    "status": "adopted",
    "accuracyM": 10,
    "needsReview": "運行状況（季節運行・休止・予約制）を要確認",
    "sources": "国土数値情報（バス停留所データ）令和4年度（国土交通省）P11-22-01-bs4385（43.431253, 144.096974、JGD2011）を加工して作成 ｜ OpenStreetMap（© OpenStreetMap contributors, ODbL 1.0）Geofabrik japan-latest.osm.pbf 2026-09-30T20:22:42Z node/5542901481",
    "verifiedAt": ""
   }
  },
  {
   "type": "Feature",
   "geometry": {
    "type": "Point",
    "coordinates": [
     144.1359821,
     43.4310975
    ]
   },
   "properties": {
    "id": "BS-kP11-22-01-bs4388",
    "kind": "bus_stop",
    "name": "滝口",
    "datum": "WGS84",
    "mountainIds": "36",
    "mountainNames": "雄阿寒岳",
    "otherMountainNames": "",
    "lists": "北海道百名山",
    "routes": "",
    "entryType": "",
    "trailKmToSummit": "",
    "related": "TH-n2194006310(110m) TH-n2194006310(110m) TH-n2194006310(110m) TH-n5553770843(817m) TH-n5553770843(817m) TH-n5553770843(817m)",
    "attributes": "operator=阿寒バス（株）; busType=民間路線バス; busRoutes=阿寒線（夏）",
    "status": "adopted",
    "accuracyM": 10,
    "needsReview": "運行状況（季節運行・休止・予約制）を要確認、登山口から離れている（徒歩アプローチを要確認）",
    "sources": "国土数値情報（バス停留所データ）令和4年度（国土交通省）P11-22-01-bs4388（43.431097, 144.135982、JGD2011）を加工して作成 ｜ OpenStreetMap（© OpenStreetMap contributors, ODbL 1.0）Geofabrik japan-latest.osm.pbf 2026-09-30T20:22:42Z node/13934966201",
    "verifiedAt": ""
   }
  },
  {
   "type": "Feature",
   "geometry": {
    "type": "Point",
    "coordinates": [
     143.1052282,
     43.2736306
    ]
   },
   "properties": {
    "id": "BS-kP11-22-01-bs4987",
    "kind": "bus_stop",
    "name": "然別湖（然別湖畔温泉）",
    "datum": "WGS84",
    "mountainIds": "46",
    "mountainNames": "白雲山",
    "otherMountainNames": "",
    "lists": "北海道百名山",
    "routes": "",
    "entryType": "",
    "trailKmToSummit": "",
    "related": "TH-n2343160022(996m)",
    "attributes": "operator=北海道拓殖バス（株）; busType=民間路線バス; busRoutes=然別湖線",
    "status": "adopted",
    "accuracyM": 10,
    "needsReview": "運行状況（季節運行・休止・予約制）を要確認、登山口から離れている（徒歩アプローチを要確認）",
    "sources": "国土数値情報（バス停留所データ）令和4年度（国土交通省）P11-22-01-bs4987（43.273631, 143.105228、JGD2011）を加工して作成",
    "verifiedAt": ""
   }
  },
  {
   "type": "Feature",
   "geometry": {
    "type": "Point",
    "coordinates": [
     143.1013288,
     43.2658764
    ]
   },
   "properties": {
    "id": "BS-kP11-22-01-bs5004",
    "kind": "bus_stop",
    "name": "白雲橋（白雲山登山口）",
    "datum": "WGS84",
    "mountainIds": "46",
    "mountainNames": "白雲山",
    "otherMountainNames": "",
    "lists": "北海道百名山",
    "routes": "",
    "entryType": "",
    "trailKmToSummit": "",
    "related": "TH-n2343160022(134m)",
    "attributes": "operator=北海道拓殖バス（株）; busType=民間路線バス; busRoutes=然別湖線",
    "status": "adopted",
    "accuracyM": 10,
    "needsReview": "運行状況（季節運行・休止・予約制）を要確認",
    "sources": "国土数値情報（バス停留所データ）令和4年度（国土交通省）P11-22-01-bs5004（43.265876, 143.101329、JGD2011）を加工して作成",
    "verifiedAt": ""
   }
  },
  {
   "type": "Feature",
   "geometry": {
    "type": "Point",
    "coordinates": [
     140.9774051,
     43.1827445
    ]
   },
   "properties": {
    "id": "BS-kP11-22-01-bs5657",
    "kind": "bus_stop",
    "name": "最上橋",
    "datum": "WGS84",
    "mountainIds": "10005",
    "mountainNames": "",
    "otherMountainNames": "天狗山",
    "lists": "",
    "routes": "",
    "entryType": "",
    "trailKmToSummit": "",
    "related": "TH-osm-n6057324224(565m)",
    "attributes": "operator=北海道中央バス（株）; busType=民間路線バス; busRoutes=37 / 7",
    "status": "adopted",
    "accuracyM": 10,
    "needsReview": "運行状況（季節運行・休止・予約制）を要確認",
    "sources": "国土数値情報（バス停留所データ）令和4年度（国土交通省）P11-22-01-bs5657（43.182744, 140.977405、JGD2011）を加工して作成",
    "verifiedAt": ""
   }
  },
  {
   "type": "Feature",
   "geometry": {
    "type": "Point",
    "coordinates": [
     140.9780364,
     43.1795939
    ]
   },
   "properties": {
    "id": "BS-kP11-22-01-bs5693",
    "kind": "bus_stop",
    "name": "最上団地",
    "datum": "WGS84",
    "mountainIds": "10005",
    "mountainNames": "",
    "otherMountainNames": "天狗山",
    "lists": "",
    "routes": "",
    "entryType": "",
    "trailKmToSummit": "",
    "related": "TH-osm-n6057324224(299m)",
    "attributes": "operator=北海道中央バス（株）; busType=民間路線バス; busRoutes=9",
    "status": "adopted",
    "accuracyM": 10,
    "needsReview": "運行状況（季節運行・休止・予約制）を要確認",
    "sources": "国土数値情報（バス停留所データ）令和4年度（国土交通省）P11-22-01-bs5693（43.179594, 140.978036、JGD2011）を加工して作成 ｜ OpenStreetMap（© OpenStreetMap contributors, ODbL 1.0）Geofabrik japan-latest.osm.pbf 2026-09-30T20:22:42Z node/3104852576",
    "verifiedAt": ""
   }
  },
  {
   "type": "Feature",
   "geometry": {
    "type": "Point",
    "coordinates": [
     140.9746777,
     43.1783833
    ]
   },
   "properties": {
    "id": "BS-kP11-22-01-bs5701",
    "kind": "bus_stop",
    "name": "天狗山",
    "datum": "WGS84",
    "mountainIds": "10005",
    "mountainNames": "",
    "otherMountainNames": "天狗山",
    "lists": "",
    "routes": "",
    "entryType": "",
    "trailKmToSummit": "",
    "related": "TH-osm-n6057324224(67m)",
    "attributes": "operator=北海道中央バス（株）; busType=民間路線バス; busRoutes=9",
    "status": "adopted",
    "accuracyM": 10,
    "needsReview": "運行状況（季節運行・休止・予約制）を要確認",
    "sources": "国土数値情報（バス停留所データ）令和4年度（国土交通省）P11-22-01-bs5701（43.178383, 140.974678、JGD2011）を加工して作成",
    "verifiedAt": ""
   }
  },
  {
   "type": "Feature",
   "geometry": {
    "type": "Point",
    "coordinates": [
     141.2889074,
     43.0655358
    ]
   },
   "properties": {
    "id": "BS-kP11-22-01-bs7449",
    "kind": "bus_stop",
    "name": "山の手4条11丁目",
    "datum": "WGS84",
    "mountainIds": "10006",
    "mountainNames": "",
    "otherMountainNames": "三角山",
    "lists": "",
    "routes": "",
    "entryType": "",
    "trailKmToSummit": "",
    "related": "TH-osm-n4412494508(243m) TH-osm-n4412494508(243m)",
    "attributes": "operator=ジェイ・アール北海道バス（株）; busType=民間路線バス; busRoutes=琴似西野線［琴29］ / 山の手線［循環西20・21］; network=ジェイ・アール北海道バス",
    "status": "adopted",
    "accuracyM": 10,
    "needsReview": "運行状況（季節運行・休止・予約制）を要確認",
    "sources": "国土数値情報（バス停留所データ）令和4年度（国土交通省）P11-22-01-bs7449（43.065536, 141.288907、JGD2011）を加工して作成 ｜ OpenStreetMap（© OpenStreetMap contributors, ODbL 1.0）Geofabrik japan-latest.osm.pbf 2026-09-30T20:22:42Z node/9877786190",
    "verifiedAt": ""
   }
  },
  {
   "type": "Feature",
   "geometry": {
    "type": "Point",
    "coordinates": [
     141.3364381,
     43.0648423
    ]
   },
   "properties": {
    "id": "BS-kP11-22-01-bs7478",
    "kind": "bus_stop",
    "name": "北5条西13丁目",
    "datum": "WGS84",
    "mountainIds": "52",
    "mountainNames": "藻岩山",
    "otherMountainNames": "",
    "lists": "北海道百名山",
    "routes": "",
    "entryType": "",
    "trailKmToSummit": "",
    "related": "TH-n2320246543(51m) TH-n2320246543(51m) TH-n2320246543(51m)",
    "attributes": "operator=ジェイ・アール北海道バス（株）; busType=民間路線バス; busRoutes=北7条線［31］ / 南新川線［37］ / 北5条線［54］; network=ジェイ・アール北海道バス",
    "status": "adopted",
    "accuracyM": 10,
    "needsReview": "運行状況（季節運行・休止・予約制）を要確認",
    "sources": "国土数値情報（バス停留所データ）令和4年度（国土交通省）P11-22-01-bs7478（43.064842, 141.336438、JGD2011）を加工して作成 ｜ OpenStreetMap（© OpenStreetMap contributors, ODbL 1.0）Geofabrik japan-latest.osm.pbf 2026-09-30T20:22:42Z node/2303687281",
    "verifiedAt": ""
   }
  },
  {
   "type": "Feature",
   "geometry": {
    "type": "Point",
    "coordinates": [
     141.2935544,
     43.0624896
    ]
   },
   "properties": {
    "id": "BS-kP11-22-01-bs7553",
    "kind": "bus_stop",
    "name": "山の手1条11丁目",
    "datum": "WGS84",
    "mountainIds": "10006",
    "mountainNames": "",
    "otherMountainNames": "三角山",
    "lists": "",
    "routes": "",
    "entryType": "",
    "trailKmToSummit": "",
    "related": "TH-osm-n4412494508(466m)",
    "attributes": "operator=ジェイ・アール北海道バス（株）; busType=民間路線バス; busRoutes=山の手線［循環西20・21］; network=ジェイ・アール北海道バス",
    "status": "adopted",
    "accuracyM": 10,
    "needsReview": "運行状況（季節運行・休止・予約制）を要確認",
    "sources": "国土数値情報（バス停留所データ）令和4年度（国土交通省）P11-22-01-bs7553（43.062490, 141.293554、JGD2011）を加工して作成 ｜ OpenStreetMap（© OpenStreetMap contributors, ODbL 1.0）Geofabrik japan-latest.osm.pbf 2026-09-30T20:22:42Z node/9877786189",
    "verifiedAt": ""
   }
  },
  {
   "type": "Feature",
   "geometry": {
    "type": "Point",
    "coordinates": [
     141.3556181,
     43.0594275
    ]
   },
   "properties": {
    "id": "BS-kP11-22-01-bs7650",
    "kind": "bus_stop",
    "name": "南1条",
    "datum": "WGS84",
    "mountainIds": "52",
    "mountainNames": "藻岩山",
    "otherMountainNames": "",
    "lists": "北海道百名山",
    "routes": "",
    "entryType": "",
    "trailKmToSummit": "",
    "related": "TH-n13540823696(151m)",
    "attributes": "operator=北海道中央バス（株）; busType=民間路線バス; busRoutes=100 / 113 / 61; network=北海道中央バス",
    "status": "adopted",
    "accuracyM": 10,
    "needsReview": "運行状況（季節運行・休止・予約制）を要確認",
    "sources": "国土数値情報（バス停留所データ）令和4年度（国土交通省）P11-22-01-bs7650（43.059428, 141.355618、JGD2011）を加工して作成 ｜ OpenStreetMap（© OpenStreetMap contributors, ODbL 1.0）Geofabrik japan-latest.osm.pbf 2026-09-30T20:22:42Z node/2287712222",
    "verifiedAt": ""
   }
  },
  {
   "type": "Feature",
   "geometry": {
    "type": "Point",
    "coordinates": [
     141.3153826,
     43.0577032
    ]
   },
   "properties": {
    "id": "BS-kP11-22-01-bs7701",
    "kind": "bus_stop",
    "name": "北1条西27丁目",
    "datum": "WGS84",
    "mountainIds": "52",
    "mountainNames": "藻岩山",
    "otherMountainNames": "",
    "lists": "北海道百名山",
    "routes": "",
    "entryType": "",
    "trailKmToSummit": "",
    "related": "TH-n6436452261(296m) TH-n6436452261(296m)",
    "attributes": "operator=ジェイ・アール北海道バス（株）; busType=民間路線バス; busRoutes=荒井山線［円14・循環円14］ / 動物園線［円15・循環円15］ / 動物園線［円16・循環円16］",
    "status": "adopted",
    "accuracyM": 10,
    "needsReview": "運行状況（季節運行・休止・予約制）を要確認",
    "sources": "国土数値情報（バス停留所データ）令和4年度（国土交通省）P11-22-01-bs7701（43.057703, 141.315383、JGD2011）を加工して作成 ｜ OpenStreetMap（© OpenStreetMap contributors, ODbL 1.0）Geofabrik japan-latest.osm.pbf 2026-09-30T20:22:42Z node/3719471078",
    "verifiedAt": ""
   }
  },
  {
   "type": "Feature",
   "geometry": {
    "type": "Point",
    "coordinates": [
     141.356072,
     43.0576955
    ]
   },
   "properties": {
    "id": "BS-kP11-22-01-bs7703",
    "kind": "bus_stop",
    "name": "南2条西一丁目",
    "datum": "WGS84",
    "mountainIds": "52",
    "mountainNames": "藻岩山",
    "otherMountainNames": "",
    "lists": "北海道百名山",
    "routes": "",
    "entryType": "",
    "trailKmToSummit": "",
    "related": "TH-n13540823696(52m)",
    "attributes": "operator=（株）じょうてつ; busType=民間路線バス; busRoutes=南55; network=じょうてつバス",
    "status": "adopted",
    "accuracyM": 10,
    "needsReview": "運行状況（季節運行・休止・予約制）を要確認",
    "sources": "国土数値情報（バス停留所データ）令和4年度（国土交通省）P11-22-01-bs7703（43.057696, 141.356072、JGD2011）を加工して作成 ｜ OpenStreetMap（© OpenStreetMap contributors, ODbL 1.0）Geofabrik japan-latest.osm.pbf 2026-09-30T20:22:42Z node/10601490216",
    "verifiedAt": ""
   }
  },
  {
   "type": "Feature",
   "geometry": {
    "type": "Point",
    "coordinates": [
     141.3546186,
     43.0569186
    ]
   },
   "properties": {
    "id": "BS-kP11-22-01-bs7718",
    "kind": "bus_stop",
    "name": "南3条",
    "datum": "WGS84",
    "mountainIds": "52",
    "mountainNames": "藻岩山",
    "otherMountainNames": "",
    "lists": "北海道百名山",
    "routes": "",
    "entryType": "",
    "trailKmToSummit": "",
    "related": "TH-n3822085912(83m)",
    "attributes": "operator=北海道中央バス（株）; busType=民間路線バス; busRoutes=100 / 113 / 61",
    "status": "adopted",
    "accuracyM": 10,
    "needsReview": "運行状況（季節運行・休止・予約制）を要確認",
    "sources": "国土数値情報（バス停留所データ）令和4年度（国土交通省）P11-22-01-bs7718（43.056919, 141.354619、JGD2011）を加工して作成",
    "verifiedAt": ""
   }
  },
  {
   "type": "Feature",
   "geometry": {
    "type": "Point",
    "coordinates": [
     141.309472,
     43.0568592
    ]
   },
   "properties": {
    "id": "BS-kP11-22-01-bs7719",
    "kind": "bus_stop",
    "name": "北海道神宮",
    "datum": "WGS84",
    "mountainIds": "10007",
    "mountainNames": "",
    "otherMountainNames": "円山",
    "lists": "",
    "routes": "",
    "entryType": "",
    "trailKmToSummit": "",
    "related": "TH-gsi-maruyama-88(441m) TH-gsi-maruyama-88(441m)",
    "attributes": "operator=ジェイ・アール北海道バス（株）; busType=民間路線バス; busRoutes=荒井山線［円14・循環円14］ / 動物園線［円15・循環円15］ / 動物園線［円16・循環円16］",
    "status": "adopted",
    "accuracyM": 10,
    "needsReview": "運行状況（季節運行・休止・予約制）を要確認",
    "sources": "国土数値情報（バス停留所データ）令和4年度（国土交通省）P11-22-01-bs7719（43.056859, 141.309472、JGD2011）を加工して作成 ｜ OpenStreetMap（© OpenStreetMap contributors, ODbL 1.0）Geofabrik japan-latest.osm.pbf 2026-09-30T20:22:42Z node/12021433160",
    "verifiedAt": ""
   }
  },
  {
   "type": "Feature",
   "geometry": {
    "type": "Point",
    "coordinates": [
     141.3548797,
     43.0558079
    ]
   },
   "properties": {
    "id": "BS-kP11-22-01-bs7753",
    "kind": "bus_stop",
    "name": "南4条",
    "datum": "WGS84",
    "mountainIds": "52",
    "mountainNames": "藻岩山",
    "otherMountainNames": "",
    "lists": "北海道百名山",
    "routes": "",
    "entryType": "",
    "trailKmToSummit": "",
    "related": "TH-n3822085912(52m)",
    "attributes": "operator=北海道中央バス（株）; busType=民間路線バス; busRoutes=79 / 89",
    "status": "adopted",
    "accuracyM": 10,
    "needsReview": "運行状況（季節運行・休止・予約制）を要確認",
    "sources": "国土数値情報（バス停留所データ）令和4年度（国土交通省）P11-22-01-bs7753（43.055808, 141.354880、JGD2011）を加工して作成",
    "verifiedAt": ""
   }
  },
  {
   "type": "Feature",
   "geometry": {
    "type": "Point",
    "coordinates": [
     141.3548797,
     43.0558079
    ]
   },
   "properties": {
    "id": "BS-kP11-22-01-bs7754",
    "kind": "bus_stop",
    "name": "すすきの南4西3",
    "datum": "WGS84",
    "mountainIds": "52",
    "mountainNames": "藻岩山",
    "otherMountainNames": "",
    "lists": "北海道百名山",
    "routes": "",
    "entryType": "",
    "trailKmToSummit": "",
    "related": "TH-n3822085912(52m)",
    "attributes": "operator=北都交通（株）・北海道中央バス（株）; busType=民間路線バス; busRoutes=札幌都心線",
    "status": "adopted",
    "accuracyM": 10,
    "needsReview": "運行状況（季節運行・休止・予約制）を要確認",
    "sources": "国土数値情報（バス停留所データ）令和4年度（国土交通省）P11-22-01-bs7754（43.055808, 141.354880、JGD2011）を加工して作成",
    "verifiedAt": ""
   }
  },
  {
   "type": "Feature",
   "geometry": {
    "type": "Point",
    "coordinates": [
     141.3081491,
     43.051692
    ]
   },
   "properties": {
    "id": "BS-kP11-22-01-bs7827",
    "kind": "bus_stop",
    "name": "円山動物園正門",
    "datum": "WGS84",
    "mountainIds": "10007",
    "mountainNames": "",
    "otherMountainNames": "円山",
    "lists": "",
    "routes": "",
    "entryType": "",
    "trailKmToSummit": "",
    "related": "TH-gsi-maruyama-88(318m)",
    "attributes": "operator=ジェイ・アール北海道バス（株）; busType=民間路線バス; busRoutes=大倉山線［くらまる号］; network=ジェイ・アール北海道バス",
    "status": "adopted",
    "accuracyM": 10,
    "needsReview": "運行状況（季節運行・休止・予約制）を要確認",
    "sources": "国土数値情報（バス停留所データ）令和4年度（国土交通省）P11-22-01-bs7827（43.051692, 141.308149、JGD2011）を加工して作成 ｜ OpenStreetMap（© OpenStreetMap contributors, ODbL 1.0）Geofabrik japan-latest.osm.pbf 2026-09-30T20:22:42Z node/9946202188",
    "verifiedAt": ""
   }
  },
  {
   "type": "Feature",
   "geometry": {
    "type": "Point",
    "coordinates": [
     141.3228592,
     43.0501135
    ]
   },
   "properties": {
    "id": "BS-kP11-22-01-bs7859",
    "kind": "bus_stop",
    "name": "南6条西24丁目",
    "datum": "WGS84",
    "mountainIds": "52",
    "mountainNames": "藻岩山",
    "otherMountainNames": "",
    "lists": "北海道百名山",
    "routes": "",
    "entryType": "",
    "trailKmToSummit": "",
    "related": "TH-n5727676687(134m) TH-n5727676687(134m)",
    "attributes": "operator=ジェイ・アール北海道バス（株）; busType=民間路線バス; busRoutes=啓明線［53］ / 啓明線［50］; network=ジェイ・アール北海道バス",
    "status": "adopted",
    "accuracyM": 10,
    "needsReview": "運行状況（季節運行・休止・予約制）を要確認",
    "sources": "国土数値情報（バス停留所データ）令和4年度（国土交通省）P11-22-01-bs7859（43.050114, 141.322859、JGD2011）を加工して作成 ｜ OpenStreetMap（© OpenStreetMap contributors, ODbL 1.0）Geofabrik japan-latest.osm.pbf 2026-09-30T20:22:42Z node/3854423343",
    "verifiedAt": ""
   }
  },
  {
   "type": "Feature",
   "geometry": {
    "type": "Point",
    "coordinates": [
     141.3738895,
     43.049855
    ]
   },
   "properties": {
    "id": "BS-kP11-22-01-bs7860",
    "kind": "bus_stop",
    "name": "豊平3条8丁目",
    "datum": "WGS84",
    "mountainIds": "52",
    "mountainNames": "藻岩山",
    "otherMountainNames": "",
    "lists": "北海道百名山",
    "routes": "",
    "entryType": "",
    "trailKmToSummit": "",
    "related": "TH-n2506331999(364m)",
    "attributes": "operator=北海道中央バス（株）; busType=民間路線バス; busRoutes=113 / 61 / 64; network=北海道中央バス",
    "status": "adopted",
    "accuracyM": 10,
    "needsReview": "運行状況（季節運行・休止・予約制）を要確認",
    "sources": "国土数値情報（バス停留所データ）令和4年度（国土交通省）P11-22-01-bs7860（43.049855, 141.373890、JGD2011）を加工して作成 ｜ OpenStreetMap（© OpenStreetMap contributors, ODbL 1.0）Geofabrik japan-latest.osm.pbf 2026-09-30T20:22:42Z node/4472131762",
    "verifiedAt": ""
   }
  },
  {
   "type": "Feature",
   "geometry": {
    "type": "Point",
    "coordinates": [
     141.3221466,
     43.0486095
    ]
   },
   "properties": {
    "id": "BS-kP11-22-01-bs7883",
    "kind": "bus_stop",
    "name": "南7条西25丁目",
    "datum": "WGS84",
    "mountainIds": "52",
    "mountainNames": "藻岩山",
    "otherMountainNames": "",
    "lists": "北海道百名山",
    "routes": "",
    "entryType": "",
    "trailKmToSummit": "",
    "related": "TH-n5727676687(212m)",
    "attributes": "operator=ジェイ・アール北海道バス（株）; busType=民間路線バス; busRoutes=桑園円山線［桑8］ / 西25丁目線［円9］ / ロープウェイ線［循環円10・12］; network=ジェイ・アール北海道バス",
    "status": "adopted",
    "accuracyM": 10,
    "needsReview": "運行状況（季節運行・休止・予約制）を要確認",
    "sources": "国土数値情報（バス停留所データ）令和4年度（国土交通省）P11-22-01-bs7883（43.048609, 141.322147、JGD2011）を加工して作成 ｜ OpenStreetMap（© OpenStreetMap contributors, ODbL 1.0）Geofabrik japan-latest.osm.pbf 2026-09-30T20:22:42Z node/3864208757",
    "verifiedAt": ""
   }
  },
  {
   "type": "Feature",
   "geometry": {
    "type": "Point",
    "coordinates": [
     141.3691515,
     43.046976
    ]
   },
   "properties": {
    "id": "BS-kP11-22-01-bs7916",
    "kind": "bus_stop",
    "name": "学園前駅",
    "datum": "WGS84",
    "mountainIds": "52",
    "mountainNames": "藻岩山",
    "otherMountainNames": "",
    "lists": "北海道百名山",
    "routes": "",
    "entryType": "",
    "trailKmToSummit": "",
    "related": "TH-n2506331999(139m) TH-n2506331999(139m)",
    "attributes": "operator=（株）じょうてつ; busType=民間路線バス; busRoutes=環56; network=じょうてつバス",
    "status": "adopted",
    "accuracyM": 10,
    "needsReview": "運行状況（季節運行・休止・予約制）を要確認",
    "sources": "国土数値情報（バス停留所データ）令和4年度（国土交通省）P11-22-01-bs7916（43.046976, 141.369151、JGD2011）を加工して作成 ｜ OpenStreetMap（© OpenStreetMap contributors, ODbL 1.0）Geofabrik japan-latest.osm.pbf 2026-09-30T20:22:42Z node/4461183402",
    "verifiedAt": ""
   }
  },
  {
   "type": "Feature",
   "geometry": {
    "type": "Point",
    "coordinates": [
     141.3429599,
     43.0458175
    ]
   },
   "properties": {
    "id": "BS-kP11-22-01-bs7939",
    "kind": "bus_stop",
    "name": "南11条西十一丁目",
    "datum": "WGS84",
    "mountainIds": "52",
    "mountainNames": "藻岩山",
    "otherMountainNames": "",
    "lists": "北海道百名山",
    "routes": "",
    "entryType": "",
    "trailKmToSummit": "",
    "related": "TH-n5781662153(194m)",
    "attributes": "operator=（株）じょうてつ; busType=民間路線バス; busRoutes=南4 / 南54 / 南55; network=じょうてつバス",
    "status": "adopted",
    "accuracyM": 10,
    "needsReview": "運行状況（季節運行・休止・予約制）を要確認",
    "sources": "国土数値情報（バス停留所データ）令和4年度（国土交通省）P11-22-01-bs7939（43.045817, 141.342960、JGD2011）を加工して作成 ｜ OpenStreetMap（© OpenStreetMap contributors, ODbL 1.0）Geofabrik japan-latest.osm.pbf 2026-09-30T20:22:42Z node/3910100583",
    "verifiedAt": ""
   }
  },
  {
   "type": "Feature",
   "geometry": {
    "type": "Point",
    "coordinates": [
     141.3563018,
     43.0409513
    ]
   },
   "properties": {
    "id": "BS-kP11-22-01-bs8024",
    "kind": "bus_stop",
    "name": "幌平橋",
    "datum": "WGS84",
    "mountainIds": "52",
    "mountainNames": "藻岩山",
    "otherMountainNames": "",
    "lists": "北海道百名山",
    "routes": "",
    "entryType": "",
    "trailKmToSummit": "",
    "related": "TH-n13680489801(218m)",
    "attributes": "operator=北海道中央バス（株）; busType=民間路線バス; busRoutes=79 / 89",
    "status": "adopted",
    "accuracyM": 10,
    "needsReview": "運行状況（季節運行・休止・予約制）を要確認",
    "sources": "国土数値情報（バス停留所データ）令和4年度（国土交通省）P11-22-01-bs8024（43.040951, 141.356302、JGD2011）を加工して作成",
    "verifiedAt": ""
   }
  },
  {
   "type": "Feature",
   "geometry": {
    "type": "Point",
    "coordinates": [
     141.3553878,
     43.0392812
    ]
   },
   "properties": {
    "id": "BS-kP11-22-01-bs8062",
    "kind": "bus_stop",
    "name": "幌平橋駅前",
    "datum": "WGS84",
    "mountainIds": "52",
    "mountainNames": "藻岩山",
    "otherMountainNames": "",
    "lists": "北海道百名山",
    "routes": "",
    "entryType": "",
    "trailKmToSummit": "",
    "related": "TH-n13680489801(156m) TH-n13680489801(156m)",
    "attributes": "operator=ジェイ・アール北海道バス（株）; busType=民間路線バス; busRoutes=山鼻線［循環啓55・56］ / 山鼻線［循環啓65・66］; network=ジェイ・アール北海道バス",
    "status": "adopted",
    "accuracyM": 10,
    "needsReview": "運行状況（季節運行・休止・予約制）を要確認",
    "sources": "国土数値情報（バス停留所データ）令和4年度（国土交通省）P11-22-01-bs8062（43.039281, 141.355388、JGD2011）を加工して作成 ｜ OpenStreetMap（© OpenStreetMap contributors, ODbL 1.0）Geofabrik japan-latest.osm.pbf 2026-09-30T20:22:42Z node/3924688876",
    "verifiedAt": ""
   }
  },
  {
   "type": "Feature",
   "geometry": {
    "type": "Point",
    "coordinates": [
     141.3325503,
     43.0358788
    ]
   },
   "properties": {
    "id": "BS-kP11-22-01-bs8134",
    "kind": "bus_stop",
    "name": "南17条西十八丁目",
    "datum": "WGS84",
    "mountainIds": "52",
    "mountainNames": "藻岩山",
    "otherMountainNames": "",
    "lists": "北海道百名山",
    "routes": "",
    "entryType": "",
    "trailKmToSummit": "",
    "related": "TH-n8625641209(103m)",
    "attributes": "operator=（株）じょうてつ; busType=民間路線バス; busRoutes=南4; network=ジェイ・アール北海道バス",
    "status": "adopted",
    "accuracyM": 10,
    "needsReview": "運行状況（季節運行・休止・予約制）を要確認",
    "sources": "国土数値情報（バス停留所データ）令和4年度（国土交通省）P11-22-01-bs8134（43.035879, 141.332550、JGD2011）を加工して作成 ｜ OpenStreetMap（© OpenStreetMap contributors, ODbL 1.0）Geofabrik japan-latest.osm.pbf 2026-09-30T20:22:42Z node/3935427548",
    "verifiedAt": ""
   }
  },
  {
   "type": "Feature",
   "geometry": {
    "type": "Point",
    "coordinates": [
     141.3326415,
     43.0358063
    ]
   },
   "properties": {
    "id": "BS-kP11-22-01-bs8138",
    "kind": "bus_stop",
    "name": "南17条西18丁目",
    "datum": "WGS84",
    "mountainIds": "52",
    "mountainNames": "藻岩山",
    "otherMountainNames": "",
    "lists": "北海道百名山",
    "routes": "",
    "entryType": "",
    "trailKmToSummit": "",
    "related": "TH-n8625641209(95m)",
    "attributes": "operator=ジェイ・アール北海道バス（株）; busType=民間路線バス; busRoutes=ロープウェイ線［循環円10・12］ / ロープウェイ線［循環円11］ / 山鼻線［循環啓55・56］; network=ジェイ・アール北海道バス",
    "status": "adopted",
    "accuracyM": 10,
    "needsReview": "運行状況（季節運行・休止・予約制）を要確認",
    "sources": "国土数値情報（バス停留所データ）令和4年度（国土交通省）P11-22-01-bs8138（43.035806, 141.332641、JGD2011）を加工して作成 ｜ OpenStreetMap（© OpenStreetMap contributors, ODbL 1.0）Geofabrik japan-latest.osm.pbf 2026-09-30T20:22:42Z node/3935427549",
    "verifiedAt": ""
   }
  },
  {
   "type": "Feature",
   "geometry": {
    "type": "Point",
    "coordinates": [
     141.3347228,
     43.0334386
    ]
   },
   "properties": {
    "id": "BS-kP11-22-01-bs8183",
    "kind": "bus_stop",
    "name": "南19条西16丁目",
    "datum": "WGS84",
    "mountainIds": "52",
    "mountainNames": "藻岩山",
    "otherMountainNames": "",
    "lists": "北海道百名山",
    "routes": "",
    "entryType": "",
    "trailKmToSummit": "",
    "related": "TH-n8625641209(275m) TH-n1781191908(250m)",
    "attributes": "operator=ジェイ・アール北海道バス（株）; busType=民間路線バス; busRoutes=ロープウェイ線［循環円10・12］ / ロープウェイ線［循環円11］ / 山鼻線［循環啓55・56］; network=ジェイ・アール北海道バス",
    "status": "adopted",
    "accuracyM": 10,
    "needsReview": "運行状況（季節運行・休止・予約制）を要確認",
    "sources": "国土数値情報（バス停留所データ）令和4年度（国土交通省）P11-22-01-bs8183（43.033439, 141.334723、JGD2011）を加工して作成 ｜ OpenStreetMap（© OpenStreetMap contributors, ODbL 1.0）Geofabrik japan-latest.osm.pbf 2026-09-30T20:22:42Z node/3936991012",
    "verifiedAt": ""
   }
  },
  {
   "type": "Feature",
   "geometry": {
    "type": "Point",
    "coordinates": [
     141.3333827,
     43.0317079
    ]
   },
   "properties": {
    "id": "BS-kP11-22-01-bs8215",
    "kind": "bus_stop",
    "name": "もいわ山ロープウェイ",
    "datum": "WGS84",
    "mountainIds": "52",
    "mountainNames": "藻岩山",
    "otherMountainNames": "",
    "lists": "北海道百名山",
    "routes": "",
    "entryType": "",
    "trailKmToSummit": "",
    "related": "TH-n1781191908(32m)",
    "attributes": "operator=ジェイ・アール北海道バス（株）; busType=民間路線バス; busRoutes=ロープウェイ線［循環円11］ / 啓明線［50］; network=ジェイ・アール北海道バス",
    "status": "adopted",
    "accuracyM": 10,
    "needsReview": "運行状況（季節運行・休止・予約制）を要確認",
    "sources": "国土数値情報（バス停留所データ）令和4年度（国土交通省）P11-22-01-bs8215（43.031708, 141.333383、JGD2011）を加工して作成 ｜ OpenStreetMap（© OpenStreetMap contributors, ODbL 1.0）Geofabrik japan-latest.osm.pbf 2026-09-30T20:22:42Z node/3939201101",
    "verifiedAt": ""
   }
  },
  {
   "type": "Feature",
   "geometry": {
    "type": "Point",
    "coordinates": [
     141.288683,
     43.0274749
    ]
   },
   "properties": {
    "id": "BS-kP11-22-01-bs8301",
    "kind": "bus_stop",
    "name": "幌見峠入口",
    "datum": "WGS84",
    "mountainIds": "52 10008",
    "mountainNames": "藻岩山",
    "otherMountainNames": "砥石山",
    "lists": "北海道百名山",
    "routes": "",
    "entryType": "",
    "trailKmToSummit": "",
    "related": "TH-gsi-kobayashitoge(930m)",
    "attributes": "operator=札幌ばんけい（株）; busType=民間路線バス; busRoutes=円山線 / 真駒内線; network=ばんけいバス",
    "status": "adopted",
    "accuracyM": 10,
    "needsReview": "運行状況（季節運行・休止・予約制）を要確認、登山口から離れている（徒歩アプローチを要確認）",
    "sources": "国土数値情報（バス停留所データ）令和4年度（国土交通省）P11-22-01-bs8301（43.027475, 141.288683、JGD2011）を加工して作成 ｜ OpenStreetMap（© OpenStreetMap contributors, ODbL 1.0）Geofabrik japan-latest.osm.pbf 2026-09-30T20:22:42Z node/10593637343",
    "verifiedAt": ""
   }
  },
  {
   "type": "Feature",
   "geometry": {
    "type": "Point",
    "coordinates": [
     141.2889744,
     43.0246039
    ]
   },
   "properties": {
    "id": "BS-kP11-22-01-bs8361",
    "kind": "bus_stop",
    "name": "盤渓",
    "datum": "WGS84",
    "mountainIds": "52 10008",
    "mountainNames": "藻岩山",
    "otherMountainNames": "砥石山",
    "lists": "北海道百名山",
    "routes": "",
    "entryType": "",
    "trailKmToSummit": "",
    "related": "TH-gsi-kobayashitoge(642m)",
    "attributes": "operator=札幌ばんけい（株）; busType=民間路線バス; busRoutes=円山線 / 真駒内線; network=ばんけいバス",
    "status": "adopted",
    "accuracyM": 10,
    "needsReview": "運行状況（季節運行・休止・予約制）を要確認、登山口から離れている（徒歩アプローチを要確認）",
    "sources": "国土数値情報（バス停留所データ）令和4年度（国土交通省）P11-22-01-bs8361（43.024604, 141.288974、JGD2011）を加工して作成 ｜ OpenStreetMap（© OpenStreetMap contributors, ODbL 1.0）Geofabrik japan-latest.osm.pbf 2026-09-30T20:22:42Z node/10593637345",
    "verifiedAt": ""
   }
  },
  {
   "type": "Feature",
   "geometry": {
    "type": "Point",
    "coordinates": [
     141.2989886,
     43.018042
    ]
   },
   "properties": {
    "id": "BS-kP11-22-01-bs8520",
    "kind": "bus_stop",
    "name": "山水団地前",
    "datum": "WGS84",
    "mountainIds": "52 10008",
    "mountainNames": "藻岩山",
    "otherMountainNames": "砥石山",
    "lists": "北海道百名山",
    "routes": "",
    "entryType": "",
    "trailKmToSummit": "",
    "related": "TH-gsi-kobayashitoge(489m)",
    "attributes": "operator=（株）じょうてつ; busType=民間路線バス; busRoutes=南97; network=じょうてつバス",
    "status": "adopted",
    "accuracyM": 10,
    "needsReview": "運行状況（季節運行・休止・予約制）を要確認",
    "sources": "国土数値情報（バス停留所データ）令和4年度（国土交通省）P11-22-01-bs8520（43.018042, 141.298989、JGD2011）を加工して作成 ｜ OpenStreetMap（© OpenStreetMap contributors, ODbL 1.0）Geofabrik japan-latest.osm.pbf 2026-09-30T20:22:42Z node/4347177282",
    "verifiedAt": ""
   }
  },
  {
   "type": "Feature",
   "geometry": {
    "type": "Point",
    "coordinates": [
     141.212226,
     42.9688497
    ]
   },
   "properties": {
    "id": "BS-kP11-22-01-bs9654",
    "kind": "bus_stop",
    "name": "一の沢",
    "datum": "WGS84",
    "mountainIds": "54",
    "mountainNames": "神威岳",
    "otherMountainNames": "",
    "lists": "北海道百名山",
    "routes": "",
    "entryType": "",
    "trailKmToSummit": "",
    "related": "TH-n2696394661(573m) TH-n1433186566(807m) TH-n1433186566(807m)",
    "attributes": "operator=（株）じょうてつ; busType=民間路線バス; busRoutes=12 / 7・快速7 / 8; network=じょうてつバス",
    "status": "adopted",
    "accuracyM": 10,
    "needsReview": "運行状況（季節運行・休止・予約制）を要確認、登山口から離れている（徒歩アプローチを要確認）",
    "sources": "国土数値情報（バス停留所データ）令和4年度（国土交通省）P11-22-01-bs9654（42.968850, 141.212226、JGD2011）を加工して作成 ｜ OpenStreetMap（© OpenStreetMap contributors, ODbL 1.0）Geofabrik japan-latest.osm.pbf 2026-09-30T20:22:42Z node/4403591297",
    "verifiedAt": ""
   }
  },
  {
   "type": "Feature",
   "geometry": {
    "type": "Point",
    "coordinates": [
     141.2182819,
     42.9662396
    ]
   },
   "properties": {
    "id": "BS-kP11-22-01-bs9695",
    "kind": "bus_stop",
    "name": "小金湯",
    "datum": "WGS84",
    "mountainIds": "54",
    "mountainNames": "神威岳",
    "otherMountainNames": "",
    "lists": "北海道百名山",
    "routes": "",
    "entryType": "",
    "trailKmToSummit": "",
    "related": "TH-n2696394661(188m) TH-n2696394661(188m)",
    "attributes": "operator=（株）じょうてつ; busType=民間路線バス; busRoutes=12 / 7・快速7 / 8; network=じょうてつバス",
    "status": "adopted",
    "accuracyM": 10,
    "needsReview": "運行状況（季節運行・休止・予約制）を要確認",
    "sources": "国土数値情報（バス停留所データ）令和4年度（国土交通省）P11-22-01-bs9695（42.966240, 141.218282、JGD2011）を加工して作成 ｜ OpenStreetMap（© OpenStreetMap contributors, ODbL 1.0）Geofabrik japan-latest.osm.pbf 2026-09-30T20:22:42Z node/4403591303",
    "verifiedAt": ""
   }
  },
  {
   "type": "Feature",
   "geometry": {
    "type": "Point",
    "coordinates": [
     141.0580313,
     45.3972214
    ]
   },
   "properties": {
    "id": "BS-kP11-22-01-bs98",
    "kind": "bus_stop",
    "name": "高校前",
    "datum": "WGS84",
    "mountainIds": "1",
    "mountainNames": "礼文岳",
    "otherMountainNames": "",
    "lists": "北海道百名山",
    "routes": "",
    "entryType": "",
    "trailKmToSummit": "",
    "related": "TH-n1279002967(901m)",
    "attributes": "operator=宗谷バス（株）; busType=民間路線バス; busRoutes=礼文線②",
    "status": "adopted",
    "accuracyM": 10,
    "needsReview": "運行状況（季節運行・休止・予約制）を要確認、登山口から離れている（徒歩アプローチを要確認）",
    "sources": "国土数値情報（バス停留所データ）令和4年度（国土交通省）P11-22-01-bs98（45.397221, 141.058031、JGD2011）を加工して作成",
    "verifiedAt": ""
   }
  },
  {
   "type": "Feature",
   "geometry": {
    "type": "Point",
    "coordinates": [
     141.2306764,
     42.9576752
    ]
   },
   "properties": {
    "id": "BS-kP11-22-01-bs9830",
    "kind": "bus_stop",
    "name": "豊滝会館前",
    "datum": "WGS84",
    "mountainIds": "10009",
    "mountainNames": "",
    "otherMountainNames": "観音岩山",
    "lists": "",
    "routes": "",
    "entryType": "",
    "trailKmToSummit": "",
    "related": "TH-gsi-hakkenzan-chuo(827m)",
    "attributes": "operator=（株）じょうてつ; busType=民間路線バス; busRoutes=12 / 7・快速7 / 8; network=じょうてつバス",
    "status": "adopted",
    "accuracyM": 10,
    "needsReview": "運行状況（季節運行・休止・予約制）を要確認、登山口から離れている（徒歩アプローチを要確認）",
    "sources": "国土数値情報（バス停留所データ）令和4年度（国土交通省）P11-22-01-bs9830（42.957675, 141.230676、JGD2011）を加工して作成 ｜ OpenStreetMap（© OpenStreetMap contributors, ODbL 1.0）Geofabrik japan-latest.osm.pbf 2026-09-30T20:22:42Z node/4403591055",
    "verifiedAt": ""
   }
  },
  {
   "type": "Feature",
   "geometry": {
    "type": "Point",
    "coordinates": [
     141.3132475,
     43.0614559
    ]
   },
   "properties": {
    "id": "BS-n10053736968",
    "kind": "bus_stop",
    "name": "西28丁目BT",
    "datum": "WGS84",
    "mountainIds": "52",
    "mountainNames": "藻岩山",
    "otherMountainNames": "",
    "lists": "北海道百名山",
    "routes": "",
    "entryType": "",
    "trailKmToSummit": "",
    "related": "TH-n6436452261(256m)",
    "attributes": "busRoutes=ジェイ・アール北海道バス｜ジェイ・アール北海道バス｜Bus 54 : 札幌駅前 => 北5条西20丁目 => 西28丁目駅前 / ジェイ・アール北海道バス｜ジェイ・アール北海道バス｜Bus 循環西20 / ジェイ・アール北海道バス｜ジェイ・アール北海道バス｜Bus 西21 : 宮の沢駅前 => 西野3条2丁目 => 西28丁目駅前",
    "status": "provisional",
    "accuracyM": 20,
    "needsReview": "運行状況（季節運行・休止・予約制）を要確認、公式情報または2情報源での確認が必要",
    "sources": "OpenStreetMap（© OpenStreetMap contributors, ODbL 1.0）Geofabrik japan-latest.osm.pbf 2026-09-30T20:22:42Z node/10053736968",
    "verifiedAt": ""
   }
  },
  {
   "type": "Feature",
   "geometry": {
    "type": "Point",
    "coordinates": [
     140.6441925,
     42.8501494
    ]
   },
   "properties": {
    "id": "BS-n10151978719",
    "kind": "bus_stop",
    "name": "Northen Resort Annupuri",
    "datum": "WGS84",
    "mountainIds": "65",
    "mountainNames": "ニセコアンヌプリ",
    "otherMountainNames": "",
    "lists": "日本三百名山|北海道百名山",
    "routes": "",
    "entryType": "",
    "trailKmToSummit": "",
    "related": "TH-n10151978719(0m)",
    "attributes": "busRoutes=Bus Niseko United Shuttle Bus: Hanazono → Ikoi-no Yuyado Iroha / Bus Niseko United Shuttle Bus: Ikoi-no Yuyado Iroha → Hanazono",
    "status": "provisional",
    "accuracyM": 20,
    "needsReview": "運行状況（季節運行・休止・予約制）を要確認、公式情報または2情報源での確認が必要",
    "sources": "OpenStreetMap（© OpenStreetMap contributors, ODbL 1.0）Geofabrik japan-latest.osm.pbf 2026-09-30T20:22:42Z node/10151978719",
    "verifiedAt": ""
   }
  },
  {
   "type": "Feature",
   "geometry": {
    "type": "Point",
    "coordinates": [
     140.6441738,
     42.8501199
    ]
   },
   "properties": {
    "id": "BS-n10151978720",
    "kind": "bus_stop",
    "name": "Northen Resort Annupuri",
    "datum": "WGS84",
    "mountainIds": "65",
    "mountainNames": "ニセコアンヌプリ",
    "otherMountainNames": "",
    "lists": "日本三百名山|北海道百名山",
    "routes": "",
    "entryType": "",
    "trailKmToSummit": "",
    "related": "TH-n1712230781(376m) TH-n10151978719(4m)",
    "attributes": "busRoutes=Bus Niseko United Shuttle Bus: Hanazono → Ikoi-no Yuyado Iroha / Bus Niseko United Shuttle Bus: Ikoi-no Yuyado Iroha → Hanazono",
    "status": "provisional",
    "accuracyM": 20,
    "needsReview": "運行状況（季節運行・休止・予約制）を要確認、公式情報または2情報源での確認が必要",
    "sources": "OpenStreetMap（© OpenStreetMap contributors, ODbL 1.0）Geofabrik japan-latest.osm.pbf 2026-09-30T20:22:42Z node/10151978720",
    "verifiedAt": ""
   }
  },
  {
   "type": "Feature",
   "geometry": {
    "type": "Point",
    "coordinates": [
     140.6454826,
     42.8490049
    ]
   },
   "properties": {
    "id": "BS-n10151978722",
    "kind": "bus_stop",
    "name": "Annupuri Ski Resort",
    "datum": "WGS84",
    "mountainIds": "65",
    "mountainNames": "ニセコアンヌプリ",
    "otherMountainNames": "",
    "lists": "日本三百名山|北海道百名山",
    "routes": "",
    "entryType": "",
    "trailKmToSummit": "",
    "related": "TH-n1712230781(220m) TH-n10151978719(165m)",
    "attributes": "busRoutes=Bus Niseko United Shuttle Bus: Hanazono → Ikoi-no Yuyado Iroha / Bus Niseko United Shuttle Bus: Ikoi-no Yuyado Iroha → Hanazono",
    "status": "provisional",
    "accuracyM": 20,
    "needsReview": "運行状況（季節運行・休止・予約制）を要確認、公式情報または2情報源での確認が必要",
    "sources": "OpenStreetMap（© OpenStreetMap contributors, ODbL 1.0）Geofabrik japan-latest.osm.pbf 2026-09-30T20:22:42Z node/10151978722",
    "verifiedAt": ""
   }
  },
  {
   "type": "Feature",
   "geometry": {
    "type": "Point",
    "coordinates": [
     141.2354505,
     42.9618494
    ]
   },
   "properties": {
    "id": "BS-n10648858044",
    "kind": "bus_stop",
    "name": "八剣山中央口",
    "datum": "WGS84",
    "mountainIds": "10009",
    "mountainNames": "",
    "otherMountainNames": "観音岩山",
    "lists": "",
    "routes": "",
    "entryType": "",
    "trailKmToSummit": "",
    "related": "TH-gsi-hakkenzan-chuo(225m)",
    "attributes": "operator=じょうてつ; network=じょうてつバス",
    "status": "provisional",
    "accuracyM": 20,
    "needsReview": "運行状況（季節運行・休止・予約制）を要確認、公式情報または2情報源での確認が必要",
    "sources": "OpenStreetMap（© OpenStreetMap contributors, ODbL 1.0）Geofabrik japan-latest.osm.pbf 2026-09-30T20:22:42Z node/10648858044",
    "verifiedAt": ""
   }
  },
  {
   "type": "Feature",
   "geometry": {
    "type": "Point",
    "coordinates": [
     141.2356765,
     42.9621626
    ]
   },
   "properties": {
    "id": "BS-n10648858046",
    "kind": "bus_stop",
    "name": "八剣山中央口",
    "datum": "WGS84",
    "mountainIds": "10009",
    "mountainNames": "",
    "otherMountainNames": "観音岩山",
    "lists": "",
    "routes": "",
    "entryType": "",
    "trailKmToSummit": "",
    "related": "TH-gsi-hakkenzan-chuo(189m)",
    "attributes": "operator=じょうてつ; network=じょうてつバス",
    "status": "provisional",
    "accuracyM": 20,
    "needsReview": "運行状況（季節運行・休止・予約制）を要確認、公式情報または2情報源での確認が必要",
    "sources": "OpenStreetMap（© OpenStreetMap contributors, ODbL 1.0）Geofabrik japan-latest.osm.pbf 2026-09-30T20:22:42Z node/10648858046",
    "verifiedAt": ""
   }
  },
  {
   "type": "Feature",
   "geometry": {
    "type": "Point",
    "coordinates": [
     140.5154362,
     42.9530095
    ]
   },
   "properties": {
    "id": "BS-n10657168543",
    "kind": "bus_stop",
    "name": "（名称なし）バス停",
    "datum": "WGS84",
    "mountainIds": "56 58",
    "mountainNames": "雷電山、目国内岳",
    "otherMountainNames": "",
    "lists": "北海道百名山",
    "routes": "",
    "entryType": "",
    "trailKmToSummit": "",
    "related": "TH-w1030295081(719m) TH-n6422704364(550m) TH-n1304496938(960m)",
    "attributes": "",
    "status": "provisional",
    "accuracyM": 20,
    "needsReview": "運行状況（季節運行・休止・予約制）を要確認、公式情報または2情報源での確認が必要、登山口から離れている（徒歩アプローチを要確認）",
    "sources": "OpenStreetMap（© OpenStreetMap contributors, ODbL 1.0）Geofabrik japan-latest.osm.pbf 2026-09-30T20:22:42Z node/10657168543",
    "verifiedAt": ""
   }
  },
  {
   "type": "Feature",
   "geometry": {
    "type": "Point",
    "coordinates": [
     140.6454947,
     42.8489553
    ]
   },
   "properties": {
    "id": "BS-n1256535660",
    "kind": "bus_stop",
    "name": "Annupuri Ski Resort",
    "datum": "WGS84",
    "mountainIds": "65",
    "mountainNames": "ニセコアンヌプリ",
    "otherMountainNames": "",
    "lists": "日本三百名山|北海道百名山",
    "routes": "",
    "entryType": "",
    "trailKmToSummit": "",
    "related": "TH-n1712230781(217m)",
    "attributes": "busRoutes=Bus Niseko United Shuttle Bus: Hanazono → Ikoi-no Yuyado Iroha / Bus Niseko United Shuttle Bus: Ikoi-no Yuyado Iroha → Hanazono",
    "status": "provisional",
    "accuracyM": 20,
    "needsReview": "運行状況（季節運行・休止・予約制）を要確認、公式情報または2情報源での確認が必要",
    "sources": "OpenStreetMap（© OpenStreetMap contributors, ODbL 1.0）Geofabrik japan-latest.osm.pbf 2026-09-30T20:22:42Z node/1256535660",
    "verifiedAt": ""
   }
  },
  {
   "type": "Feature",
   "geometry": {
    "type": "Point",
    "coordinates": [
     143.0356765,
     42.0761563
    ]
   },
   "properties": {
    "id": "BS-n12874950220",
    "kind": "bus_stop",
    "name": "幌満",
    "datum": "WGS84",
    "mountainIds": "95",
    "mountainNames": "アポイ岳",
    "otherMountainNames": "",
    "lists": "北海道百名山",
    "routes": "",
    "entryType": "",
    "trailKmToSummit": "",
    "related": "TH-n1722881734(629m)",
    "attributes": "operator=ジェイ・アール北海道バス; network=ジェイ・アール北海道バス",
    "status": "provisional",
    "accuracyM": 20,
    "needsReview": "運行状況（季節運行・休止・予約制）を要確認、公式情報または2情報源での確認が必要、登山口から離れている（徒歩アプローチを要確認）",
    "sources": "OpenStreetMap（© OpenStreetMap contributors, ODbL 1.0）Geofabrik japan-latest.osm.pbf 2026-09-30T20:22:42Z node/12874950220",
    "verifiedAt": ""
   }
  },
  {
   "type": "Feature",
   "geometry": {
    "type": "Point",
    "coordinates": [
     143.035419,
     42.0761394
    ]
   },
   "properties": {
    "id": "BS-n12874950221",
    "kind": "bus_stop",
    "name": "幌満",
    "datum": "WGS84",
    "mountainIds": "95",
    "mountainNames": "アポイ岳",
    "otherMountainNames": "",
    "lists": "北海道百名山",
    "routes": "",
    "entryType": "",
    "trailKmToSummit": "",
    "related": "TH-n1722881734(644m)",
    "attributes": "operator=ジェイ・アール北海道バス; network=ジェイ・アール北海道バス",
    "status": "provisional",
    "accuracyM": 20,
    "needsReview": "運行状況（季節運行・休止・予約制）を要確認、公式情報または2情報源での確認が必要、登山口から離れている（徒歩アプローチを要確認）",
    "sources": "OpenStreetMap（© OpenStreetMap contributors, ODbL 1.0）Geofabrik japan-latest.osm.pbf 2026-09-30T20:22:42Z node/12874950221",
    "verifiedAt": ""
   }
  },
  {
   "type": "Feature",
   "geometry": {
    "type": "Point",
    "coordinates": [
     142.6380087,
     43.4306834
    ]
   },
   "properties": {
    "id": "BS-n13915704601",
    "kind": "bus_stop",
    "name": "（名称なし）バス停",
    "datum": "WGS84",
    "mountainIds": "34 37 38 39 40",
    "mountainNames": "オプタテシケ山、美瑛岳、十勝岳、上ホロカメットク山、富良野岳",
    "otherMountainNames": "",
    "lists": "日本三百名山|北海道百名山|日本百名山|日本二百名山",
    "routes": "",
    "entryType": "",
    "trailKmToSummit": "",
    "related": "TH-n2109605325(363m) TH-n5915584086(121m)",
    "attributes": "",
    "status": "provisional",
    "accuracyM": 20,
    "needsReview": "運行状況（季節運行・休止・予約制）を要確認、公式情報または2情報源での確認が必要",
    "sources": "OpenStreetMap（© OpenStreetMap contributors, ODbL 1.0）Geofabrik japan-latest.osm.pbf 2026-09-30T20:22:42Z node/13915704601",
    "verifiedAt": ""
   }
  },
  {
   "type": "Feature",
   "geometry": {
    "type": "Point",
    "coordinates": [
     142.6419357,
     43.4313947
    ]
   },
   "properties": {
    "id": "BS-n13915830701",
    "kind": "bus_stop",
    "name": "Bus to Kamifurano station",
    "datum": "WGS84",
    "mountainIds": "34 37 38 39 40",
    "mountainNames": "オプタテシケ山、美瑛岳、十勝岳、上ホロカメットク山、富良野岳",
    "otherMountainNames": "",
    "lists": "日本三百名山|北海道百名山|日本百名山|日本二百名山",
    "routes": "",
    "entryType": "",
    "trailKmToSummit": "",
    "related": "TH-n2109605325(39m) TH-n5915584086(420m)",
    "attributes": "",
    "status": "provisional",
    "accuracyM": 20,
    "needsReview": "運行状況（季節運行・休止・予約制）を要確認、公式情報または2情報源での確認が必要",
    "sources": "OpenStreetMap（© OpenStreetMap contributors, ODbL 1.0）Geofabrik japan-latest.osm.pbf 2026-09-30T20:22:42Z node/13915830701",
    "verifiedAt": ""
   }
  },
  {
   "type": "Feature",
   "geometry": {
    "type": "Point",
    "coordinates": [
     140.703609,
     41.7590389
    ]
   },
   "properties": {
    "id": "BS-n13917289602",
    "kind": "bus_stop",
    "name": "バス停",
    "datum": "WGS84",
    "mountainIds": "99",
    "mountainNames": "函館山",
    "otherMountainNames": "",
    "lists": "北海道百名山",
    "routes": "",
    "entryType": "",
    "trailKmToSummit": "",
    "related": "TH-n326603235(111m) TH-n757023195(209m) TH-n263002325(461m)",
    "attributes": "",
    "status": "provisional",
    "accuracyM": 20,
    "needsReview": "運行状況（季節運行・休止・予約制）を要確認、公式情報または2情報源での確認が必要",
    "sources": "OpenStreetMap（© OpenStreetMap contributors, ODbL 1.0）Geofabrik japan-latest.osm.pbf 2026-09-30T20:22:42Z node/13917289602",
    "verifiedAt": ""
   }
  },
  {
   "type": "Feature",
   "geometry": {
    "type": "Point",
    "coordinates": [
     144.5070795,
     43.5567073
    ]
   },
   "properties": {
    "id": "BS-n13927699401",
    "kind": "bus_stop",
    "name": "（名称なし）バス停",
    "datum": "WGS84",
    "mountainIds": "25 28",
    "mountainNames": "カムイヌプリ、西別岳",
    "otherMountainNames": "",
    "lists": "北海道百名山",
    "routes": "",
    "entryType": "",
    "trailKmToSummit": "",
    "related": "TH-n1485832641(155m)",
    "attributes": "",
    "status": "provisional",
    "accuracyM": 20,
    "needsReview": "運行状況（季節運行・休止・予約制）を要確認、公式情報または2情報源での確認が必要",
    "sources": "OpenStreetMap（© OpenStreetMap contributors, ODbL 1.0）Geofabrik japan-latest.osm.pbf 2026-09-30T20:22:42Z node/13927699401",
    "verifiedAt": ""
   }
  },
  {
   "type": "Feature",
   "geometry": {
    "type": "Point",
    "coordinates": [
     141.3352147,
     43.0329364
    ]
   },
   "properties": {
    "id": "BS-n13973366290",
    "kind": "bus_stop",
    "name": "（名称なし）バス停",
    "datum": "WGS84",
    "mountainIds": "52",
    "mountainNames": "藻岩山",
    "otherMountainNames": "",
    "lists": "北海道百名山",
    "routes": "",
    "entryType": "",
    "trailKmToSummit": "",
    "related": "TH-n1781191908(233m)",
    "attributes": "",
    "status": "provisional",
    "accuracyM": 20,
    "needsReview": "運行状況（季節運行・休止・予約制）を要確認、公式情報または2情報源での確認が必要",
    "sources": "OpenStreetMap（© OpenStreetMap contributors, ODbL 1.0）Geofabrik japan-latest.osm.pbf 2026-09-30T20:22:42Z node/13973366290",
    "verifiedAt": ""
   }
  },
  {
   "type": "Feature",
   "geometry": {
    "type": "Point",
    "coordinates": [
     141.3558991,
     43.0587508
    ]
   },
   "properties": {
    "id": "BS-n2287712225",
    "kind": "bus_stop",
    "name": "南1西1",
    "datum": "WGS84",
    "mountainIds": "52",
    "mountainNames": "藻岩山",
    "otherMountainNames": "",
    "lists": "北海道百名山",
    "routes": "",
    "entryType": "",
    "trailKmToSummit": "",
    "related": "TH-n13540823696(73m)",
    "attributes": "",
    "status": "provisional",
    "accuracyM": 20,
    "needsReview": "運行状況（季節運行・休止・予約制）を要確認、公式情報または2情報源での確認が必要",
    "sources": "OpenStreetMap（© OpenStreetMap contributors, ODbL 1.0）Geofabrik japan-latest.osm.pbf 2026-09-30T20:22:42Z node/2287712225",
    "verifiedAt": ""
   }
  },
  {
   "type": "Feature",
   "geometry": {
    "type": "Point",
    "coordinates": [
     142.1410213,
     44.0689125
    ]
   },
   "properties": {
    "id": "BS-n3308993355",
    "kind": "bus_stop",
    "name": "雨煙別",
    "datum": "WGS84",
    "mountainIds": "7",
    "mountainNames": "三頭山",
    "otherMountainNames": "",
    "lists": "北海道百名山",
    "routes": "",
    "entryType": "",
    "trailKmToSummit": "",
    "related": "TH-n3308993355(0m) TH-n1704578298(625m)",
    "attributes": "operator=ＪＲ北海道バス",
    "status": "provisional",
    "accuracyM": 20,
    "needsReview": "運行状況（季節運行・休止・予約制）を要確認、公式情報または2情報源での確認が必要、登山口から離れている（徒歩アプローチを要確認）",
    "sources": "OpenStreetMap（© OpenStreetMap contributors, ODbL 1.0）Geofabrik japan-latest.osm.pbf 2026-09-30T20:22:42Z node/3308993355",
    "verifiedAt": ""
   }
  },
  {
   "type": "Feature",
   "geometry": {
    "type": "Point",
    "coordinates": [
     142.1408496,
     44.0683883
    ]
   },
   "properties": {
    "id": "BS-n3308993356",
    "kind": "bus_stop",
    "name": "雨煙別",
    "datum": "WGS84",
    "mountainIds": "7",
    "mountainNames": "三頭山",
    "otherMountainNames": "",
    "lists": "北海道百名山",
    "routes": "",
    "entryType": "",
    "trailKmToSummit": "",
    "related": "TH-n3308993355(60m) TH-n1704578298(640m)",
    "attributes": "operator=ＪＲ北海道バス",
    "status": "provisional",
    "accuracyM": 20,
    "needsReview": "運行状況（季節運行・休止・予約制）を要確認、公式情報または2情報源での確認が必要、登山口から離れている（徒歩アプローチを要確認）",
    "sources": "OpenStreetMap（© OpenStreetMap contributors, ODbL 1.0）Geofabrik japan-latest.osm.pbf 2026-09-30T20:22:42Z node/3308993356",
    "verifiedAt": ""
   }
  },
  {
   "type": "Feature",
   "geometry": {
    "type": "Point",
    "coordinates": [
     142.139478,
     44.1151984
    ]
   },
   "properties": {
    "id": "BS-n3309557762",
    "kind": "bus_stop",
    "name": "ルオント前",
    "datum": "WGS84",
    "mountainIds": "7",
    "mountainNames": "三頭山",
    "otherMountainNames": "",
    "lists": "北海道百名山",
    "routes": "",
    "entryType": "",
    "trailKmToSummit": "",
    "related": "TH-n3309557762(0m) TH-n1704582184(381m)",
    "attributes": "operator=ＪＲ北海道バス",
    "status": "provisional",
    "accuracyM": 20,
    "needsReview": "運行状況（季節運行・休止・予約制）を要確認、公式情報または2情報源での確認が必要",
    "sources": "OpenStreetMap（© OpenStreetMap contributors, ODbL 1.0）Geofabrik japan-latest.osm.pbf 2026-09-30T20:22:42Z node/3309557762",
    "verifiedAt": ""
   }
  },
  {
   "type": "Feature",
   "geometry": {
    "type": "Point",
    "coordinates": [
     141.345,
     43.0451931
    ]
   },
   "properties": {
    "id": "BS-n7577232236",
    "kind": "bus_stop",
    "name": "資生館小学校 スクールバス 南11条西9丁目",
    "datum": "WGS84",
    "mountainIds": "52",
    "mountainNames": "藻岩山",
    "otherMountainNames": "",
    "lists": "北海道百名山",
    "routes": "",
    "entryType": "",
    "trailKmToSummit": "",
    "related": "TH-n5781662153(64m)",
    "attributes": "network=資生館小学校 スクールバス",
    "status": "provisional",
    "accuracyM": 20,
    "needsReview": "運行状況（季節運行・休止・予約制）を要確認、公式情報または2情報源での確認が必要",
    "sources": "OpenStreetMap（© OpenStreetMap contributors, ODbL 1.0）Geofabrik japan-latest.osm.pbf 2026-09-30T20:22:42Z node/7577232236",
    "verifiedAt": ""
   }
  },
  {
   "type": "Feature",
   "geometry": {
    "type": "Point",
    "coordinates": [
     142.5865473,
     42.7705635
    ]
   },
   "properties": {
    "id": "BS-n7619799685",
    "kind": "bus_stop",
    "name": "第二ゲート",
    "datum": "WGS84",
    "mountainIds": "73",
    "mountainNames": "幌尻岳",
    "otherMountainNames": "",
    "lists": "日本百名山|日本二百名山|日本三百名山|北海道百名山",
    "routes": "",
    "entryType": "",
    "trailKmToSummit": "",
    "related": "TH-osm-n7619799685(0m)",
    "attributes": "",
    "status": "provisional",
    "accuracyM": 20,
    "needsReview": "運行状況（季節運行・休止・予約制）を要確認、公式情報または2情報源での確認が必要",
    "sources": "OpenStreetMap（© OpenStreetMap contributors, ODbL 1.0）Geofabrik japan-latest.osm.pbf 2026-09-30T20:22:42Z node/7619799685",
    "verifiedAt": ""
   }
  },
  {
   "type": "Feature",
   "geometry": {
    "type": "Point",
    "coordinates": [
     141.3448357,
     43.0453067
    ]
   },
   "properties": {
    "id": "BS-n7687282114",
    "kind": "bus_stop",
    "name": "資生館小学校 スクールバス 南11条西9丁目",
    "datum": "WGS84",
    "mountainIds": "52",
    "mountainNames": "藻岩山",
    "otherMountainNames": "",
    "lists": "北海道百名山",
    "routes": "",
    "entryType": "",
    "trailKmToSummit": "",
    "related": "TH-n5781662153(61m)",
    "attributes": "network=資生館小学校 スクールバス",
    "status": "provisional",
    "accuracyM": 20,
    "needsReview": "運行状況（季節運行・休止・予約制）を要確認、公式情報または2情報源での確認が必要",
    "sources": "OpenStreetMap（© OpenStreetMap contributors, ODbL 1.0）Geofabrik japan-latest.osm.pbf 2026-09-30T20:22:42Z node/7687282114",
    "verifiedAt": ""
   }
  },
  {
   "type": "Feature",
   "geometry": {
    "type": "Point",
    "coordinates": [
     142.9617719,
     43.6700753
    ]
   },
   "properties": {
    "id": "BS-n9916369619",
    "kind": "bus_stop",
    "name": "バス停　銀泉台",
    "datum": "WGS84",
    "mountainIds": "15 17 18 19 20 21 22 24",
    "mountainNames": "愛別岳、黒岳、北鎮岳、赤岳、小泉岳、大雪山、白雲岳、忠別岳",
    "otherMountainNames": "",
    "lists": "北海道百名山|日本百名山|日本二百名山|日本三百名山",
    "routes": "",
    "entryType": "",
    "trailKmToSummit": "",
    "related": "TH-n9916369521(449m) TH-n8592031422(62m)",
    "attributes": "",
    "status": "provisional",
    "accuracyM": 20,
    "needsReview": "運行状況（季節運行・休止・予約制）を要確認、公式情報または2情報源での確認が必要",
    "sources": "OpenStreetMap（© OpenStreetMap contributors, ODbL 1.0）Geofabrik japan-latest.osm.pbf 2026-09-30T20:22:42Z node/9916369619",
    "verifiedAt": ""
   }
  },
  {
   "type": "Feature",
   "geometry": {
    "type": "Point",
    "coordinates": [
     141.153151,
     41.794651
    ]
   },
   "properties": {
    "id": "PK-g4179465_14115315",
    "kind": "parking",
    "name": "火口原駐車場",
    "datum": "WGS84",
    "mountainIds": "98",
    "mountainNames": "恵山",
    "otherMountainNames": "",
    "lists": "北海道百名山",
    "routes": "",
    "entryType": "",
    "trailKmToSummit": "",
    "related": "TH-osm-w986843571(0m)",
    "attributes": "",
    "status": "provisional",
    "accuracyM": 100,
    "needsReview": "公式情報では未確認（登山記録で使われている駐車場）",
    "sources": "登山記録で使われている駐車場（登山記録・登山情報サイトで確認。公式情報では未確認）",
    "verifiedAt": ""
   }
  },
  {
   "type": "Feature",
   "geometry": {
    "type": "Point",
    "coordinates": [
     140.767443,
     41.921822
    ]
   },
   "properties": {
    "id": "PK-g4192182_14076744",
    "kind": "parking",
    "name": "ばんだい号遭難碑の駐車場",
    "datum": "WGS84",
    "mountainIds": "10017",
    "mountainNames": "",
    "otherMountainNames": "横津岳",
    "lists": "",
    "routes": "",
    "entryType": "",
    "trailKmToSummit": "",
    "related": "TH-gsi-yokotsudake-gate(0m)",
    "attributes": "",
    "status": "provisional",
    "accuracyM": 100,
    "needsReview": "公式情報では未確認（登山記録で使われている駐車場）",
    "sources": "登山記録で使われている駐車場（登山記録・登山情報サイトで確認。公式情報では未確認）",
    "verifiedAt": ""
   }
  },
  {
   "type": "Feature",
   "geometry": {
    "type": "Point",
    "coordinates": [
     142.9884001,
     42.1114807
    ]
   },
   "properties": {
    "id": "PK-g4211148_1429884",
    "kind": "parking",
    "name": "アポイ岳ジオパークビジターセンター駐車場",
    "datum": "WGS84",
    "mountainIds": "95",
    "mountainNames": "アポイ岳",
    "otherMountainNames": "",
    "lists": "北海道百名山",
    "routes": "",
    "entryType": "",
    "trailKmToSummit": "",
    "related": "TH-n1722888106(0m)",
    "attributes": "",
    "status": "provisional",
    "accuracyM": 100,
    "needsReview": "公式情報では未確認（登山記録で使われている駐車場）",
    "sources": "登山記録で使われている駐車場（登山記録・登山情報サイトで確認。公式情報では未確認）",
    "verifiedAt": ""
   }
  },
  {
   "type": "Feature",
   "geometry": {
    "type": "Point",
    "coordinates": [
     140.131238,
     42.172572
    ]
   },
   "properties": {
    "id": "PK-g4217257_14013124",
    "kind": "parking",
    "name": "オボコ山の家 駐車スペース",
    "datum": "WGS84",
    "mountainIds": "94",
    "mountainNames": "雄鉾岳",
    "otherMountainNames": "",
    "lists": "北海道百名山",
    "routes": "",
    "entryType": "",
    "trailKmToSummit": "",
    "related": "TH-gsi-oboko(0m)",
    "attributes": "",
    "status": "provisional",
    "accuracyM": 100,
    "needsReview": "公式情報では未確認（登山記録で使われている駐車場）",
    "sources": "登山記録で使われている駐車場（登山記録・登山情報サイトで確認。公式情報では未確認）",
    "verifiedAt": ""
   }
  },
  {
   "type": "Feature",
   "geometry": {
    "type": "Point",
    "coordinates": [
     140.803871,
     42.52763
    ]
   },
   "properties": {
    "id": "PK-g4252763_14080387",
    "kind": "parking",
    "name": "有珠山 登山者用駐車場",
    "datum": "WGS84",
    "mountainIds": "10016",
    "mountainNames": "",
    "otherMountainNames": "有珠山",
    "lists": "",
    "routes": "",
    "entryType": "",
    "trailKmToSummit": "",
    "related": "TH-osm-n12248086861(0m)",
    "attributes": "",
    "status": "adopted",
    "accuracyM": 100,
    "needsReview": "",
    "sources": "公式情報: https://www.iburi.pref.hokkaido.lg.jp/ss/srk/yama/mountain/usu.html https://usuzan.hokkaido.jp/ja/trekking",
    "verifiedAt": ""
   }
  },
  {
   "type": "Feature",
   "geometry": {
    "type": "Point",
    "coordinates": [
     140.2573187,
     42.6094021
    ]
   },
   "properties": {
    "id": "PK-g426094_14025732",
    "kind": "parking",
    "name": "黒松内岳登山口 駐車スペース",
    "datum": "WGS84",
    "mountainIds": "78",
    "mountainNames": "黒松内岳",
    "otherMountainNames": "",
    "lists": "北海道百名山",
    "routes": "",
    "entryType": "",
    "trailKmToSummit": "",
    "related": "TH-n7730268385(0m)",
    "attributes": "",
    "status": "provisional",
    "accuracyM": 100,
    "needsReview": "公式情報では未確認（登山記録で使われている駐車場）",
    "sources": "登山記録で使われている駐車場（登山記録・登山情報サイトで確認。公式情報では未確認）",
    "verifiedAt": ""
   }
  },
  {
   "type": "Feature",
   "geometry": {
    "type": "Point",
    "coordinates": [
     142.585566,
     42.640602
    ]
   },
   "properties": {
    "id": "PK-g426406_14258557",
    "kind": "parking",
    "name": "イドンナップ岳登山道入口 駐車スペース",
    "datum": "WGS84",
    "mountainIds": "81",
    "mountainNames": "イドンナップ岳",
    "otherMountainNames": "",
    "lists": "北海道百名山",
    "routes": "",
    "entryType": "",
    "trailKmToSummit": "",
    "related": "TH-gsi-idonnappu-satsunai(0m)",
    "attributes": "",
    "status": "provisional",
    "accuracyM": 100,
    "needsReview": "公式情報では未確認（登山記録で使われている駐車場）",
    "sources": "登山記録で使われている駐車場（登山記録・登山情報サイトで確認。公式情報では未確認）",
    "verifiedAt": ""
   }
  },
  {
   "type": "Feature",
   "geometry": {
    "type": "Point",
    "coordinates": [
     142.880647,
     42.721389
    ]
   },
   "properties": {
    "id": "PK-g4272139_14288065",
    "kind": "parking",
    "name": "十勝幌尻岳登山口 駐車スペース（土場）",
    "datum": "WGS84",
    "mountainIds": "76",
    "mountainNames": "十勝幌尻岳",
    "otherMountainNames": "",
    "lists": "北海道百名山",
    "routes": "",
    "entryType": "",
    "trailKmToSummit": "",
    "related": "TH-gsi-opirinep(0m)",
    "attributes": "",
    "status": "provisional",
    "accuracyM": 100,
    "needsReview": "公式情報では未確認（登山記録で使われている駐車場）",
    "sources": "登山記録で使われている駐車場（登山記録・登山情報サイトで確認。公式情報では未確認）",
    "verifiedAt": ""
   }
  },
  {
   "type": "Feature",
   "geometry": {
    "type": "Point",
    "coordinates": [
     140.887787,
     42.755147
    ]
   },
   "properties": {
    "id": "PK-g4275515_14088779",
    "kind": "parking",
    "name": "尻別岳登山口駐車場",
    "datum": "WGS84",
    "mountainIds": "69",
    "mountainNames": "尻別岳",
    "otherMountainNames": "",
    "lists": "北海道百名山",
    "routes": "",
    "entryType": "",
    "trailKmToSummit": "",
    "related": "TH-gsi-shiribetsu-rusutsu(0m)",
    "attributes": "",
    "status": "provisional",
    "accuracyM": 100,
    "needsReview": "公式情報では未確認（登山記録で使われている駐車場）",
    "sources": "登山記録で使われている駐車場（登山記録・登山情報サイトで確認。公式情報では未確認）",
    "verifiedAt": ""
   }
  },
  {
   "type": "Feature",
   "geometry": {
    "type": "Point",
    "coordinates": [
     140.597121,
     42.868165
    ]
   },
   "properties": {
    "id": "PK-g4286816_14059712",
    "kind": "parking",
    "name": "チセヌプリスキー場駐車場",
    "datum": "WGS84",
    "mountainIds": "10012 10011",
    "mountainNames": "",
    "otherMountainNames": "チセヌプリ、シャクナゲ岳",
    "lists": "",
    "routes": "",
    "entryType": "",
    "trailKmToSummit": "",
    "related": "TH-gsi-chisenupuri-yumoto(0m)",
    "attributes": "",
    "status": "provisional",
    "accuracyM": 100,
    "needsReview": "公式情報では未確認（登山記録で使われている駐車場）",
    "sources": "登山記録で使われている駐車場（登山記録・登山情報サイトで確認。公式情報では未確認）",
    "verifiedAt": ""
   }
  },
  {
   "type": "Feature",
   "geometry": {
    "type": "Point",
    "coordinates": [
     140.548074,
     42.895739
    ]
   },
   "properties": {
    "id": "PK-g4289574_14054807",
    "kind": "parking",
    "name": "新見峠駐車場",
    "datum": "WGS84",
    "mountainIds": "58",
    "mountainNames": "目国内岳",
    "otherMountainNames": "",
    "lists": "北海道百名山",
    "routes": "",
    "entryType": "",
    "trailKmToSummit": "",
    "related": "TH-gsi-niimitoge(0m)",
    "attributes": "",
    "status": "provisional",
    "accuracyM": 100,
    "needsReview": "公式情報では未確認（登山記録で使われている駐車場）",
    "sources": "登山記録で使われている駐車場（登山記録・登山情報サイトで確認。公式情報では未確認）",
    "verifiedAt": ""
   }
  },
  {
   "type": "Feature",
   "geometry": {
    "type": "Point",
    "coordinates": [
     141.237505,
     42.963208
    ]
   },
   "properties": {
    "id": "PK-g4296321_1412375",
    "kind": "parking",
    "name": "八剣山果樹園駐車場",
    "datum": "WGS84",
    "mountainIds": "10009",
    "mountainNames": "",
    "otherMountainNames": "観音岩山",
    "lists": "",
    "routes": "",
    "entryType": "",
    "trailKmToSummit": "",
    "related": "TH-gsi-hakkenzan-chuo(0m)",
    "attributes": "",
    "status": "provisional",
    "accuracyM": 100,
    "needsReview": "公式情報では未確認（登山記録で使われている駐車場）",
    "sources": "登山記録で使われている駐車場（登山記録・登山情報サイトで確認。公式情報では未確認）",
    "verifiedAt": ""
   }
  },
  {
   "type": "Feature",
   "geometry": {
    "type": "Point",
    "coordinates": [
     142.7974386,
     42.9000043
    ]
   },
   "properties": {
    "id": "PK-g429_14279744",
    "kind": "parking",
    "name": "芽室岳登山口駐車場",
    "datum": "WGS84",
    "mountainIds": "60",
    "mountainNames": "芽室岳",
    "otherMountainNames": "",
    "lists": "北海道百名山",
    "routes": "",
    "entryType": "",
    "trailKmToSummit": "",
    "related": "TH-n2110440175(0m)",
    "attributes": "",
    "status": "provisional",
    "accuracyM": 100,
    "needsReview": "公式情報では未確認（登山記録で使われている駐車場）",
    "sources": "登山記録で使われている駐車場（登山記録・登山情報サイトで確認。公式情報では未確認）",
    "verifiedAt": ""
   }
  },
  {
   "type": "Feature",
   "geometry": {
    "type": "Point",
    "coordinates": [
     141.293498,
     43.019842
    ]
   },
   "properties": {
    "id": "PK-g4301984_1412935",
    "kind": "parking",
    "name": "小林峠駐車場",
    "datum": "WGS84",
    "mountainIds": "52 10008",
    "mountainNames": "藻岩山",
    "otherMountainNames": "砥石山",
    "lists": "北海道百名山",
    "routes": "",
    "entryType": "",
    "trailKmToSummit": "",
    "related": "TH-gsi-kobayashitoge(0m)",
    "attributes": "",
    "status": "provisional",
    "accuracyM": 100,
    "needsReview": "公式情報では未確認（登山記録で使われている駐車場）",
    "sources": "登山記録で使われている駐車場（登山記録・登山情報サイトで確認。公式情報では未確認）",
    "verifiedAt": ""
   }
  },
  {
   "type": "Feature",
   "geometry": {
    "type": "Point",
    "coordinates": [
     141.311506,
     43.053158
    ]
   },
   "properties": {
    "id": "PK-g4305316_14131151",
    "kind": "parking",
    "name": "円山公園第二駐車場",
    "datum": "WGS84",
    "mountainIds": "10007",
    "mountainNames": "",
    "otherMountainNames": "円山",
    "lists": "",
    "routes": "",
    "entryType": "",
    "trailKmToSummit": "",
    "related": "TH-gsi-maruyama-88(0m)",
    "attributes": "",
    "status": "provisional",
    "accuracyM": 100,
    "needsReview": "公式情報では未確認（登山記録で使われている駐車場）",
    "sources": "登山記録で使われている駐車場（登山記録・登山情報サイトで確認。公式情報では未確認）",
    "verifiedAt": ""
   }
  },
  {
   "type": "Feature",
   "geometry": {
    "type": "Point",
    "coordinates": [
     141.221923,
     43.054317
    ]
   },
   "properties": {
    "id": "PK-g4305432_14122192",
    "kind": "parking",
    "name": "平和の滝駐車場",
    "datum": "WGS84",
    "mountainIds": "49",
    "mountainNames": "手稲山",
    "otherMountainNames": "",
    "lists": "北海道百名山",
    "routes": "",
    "entryType": "",
    "trailKmToSummit": "",
    "related": "TH-gsi-heiwanotaki(0m)",
    "attributes": "",
    "status": "provisional",
    "accuracyM": 100,
    "needsReview": "公式情報では未確認（登山記録で使われている駐車場）",
    "sources": "登山記録で使われている駐車場（登山記録・登山情報サイトで確認。公式情報では未確認）",
    "verifiedAt": ""
   }
  },
  {
   "type": "Feature",
   "geometry": {
    "type": "Point",
    "coordinates": [
     141.287974,
     43.063447
    ]
   },
   "properties": {
    "id": "PK-g4306345_14128797",
    "kind": "parking",
    "name": "三角山 山の手入口の駐車場",
    "datum": "WGS84",
    "mountainIds": "10006",
    "mountainNames": "",
    "otherMountainNames": "三角山",
    "lists": "",
    "routes": "",
    "entryType": "",
    "trailKmToSummit": "",
    "related": "TH-osm-n4412494508(0m)",
    "attributes": "",
    "status": "provisional",
    "accuracyM": 100,
    "needsReview": "公式情報では未確認（登山記録で使われている駐車場）",
    "sources": "登山記録で使われている駐車場（登山記録・登山情報サイトで確認。公式情報では未確認）",
    "verifiedAt": ""
   }
  },
  {
   "type": "Feature",
   "geometry": {
    "type": "Point",
    "coordinates": [
     140.97517,
     43.1779
    ]
   },
   "properties": {
    "id": "PK-g431779_14097517",
    "kind": "parking",
    "name": "小樽天狗山ロープウエイ 山麓駐車場",
    "datum": "WGS84",
    "mountainIds": "10005",
    "mountainNames": "",
    "otherMountainNames": "天狗山",
    "lists": "",
    "routes": "",
    "entryType": "",
    "trailKmToSummit": "",
    "related": "TH-osm-n6057324224(0m)",
    "attributes": "",
    "status": "adopted",
    "accuracyM": 100,
    "needsReview": "",
    "sources": "公式情報: https://tenguyama.ckk.chuo-bus.co.jp/access/",
    "verifiedAt": ""
   }
  },
  {
   "type": "Feature",
   "geometry": {
    "type": "Point",
    "coordinates": [
     140.915114,
     43.196961
    ]
   },
   "properties": {
    "id": "PK-g4319696_14091511",
    "kind": "parking",
    "name": "塩谷丸山 登山者用駐車場",
    "datum": "WGS84",
    "mountainIds": "10004",
    "mountainNames": "",
    "otherMountainNames": "塩谷丸山",
    "lists": "",
    "routes": "",
    "entryType": "",
    "trailKmToSummit": "",
    "related": "TH-gsi-shioyamaruyama(0m)",
    "attributes": "",
    "status": "provisional",
    "accuracyM": 100,
    "needsReview": "公式情報では未確認（登山記録で使われている駐車場）",
    "sources": "登山記録で使われている駐車場（登山記録・登山情報サイトで確認。公式情報では未確認）",
    "verifiedAt": ""
   }
  },
  {
   "type": "Feature",
   "geometry": {
    "type": "Point",
    "coordinates": [
     140.5300518,
     43.2896558
    ]
   },
   "properties": {
    "id": "PK-g4328966_14053005",
    "kind": "parking",
    "name": "積丹岳休憩所駐車場",
    "datum": "WGS84",
    "mountainIds": "44",
    "mountainNames": "積丹岳",
    "otherMountainNames": "",
    "lists": "北海道百名山",
    "routes": "",
    "entryType": "",
    "trailKmToSummit": "",
    "related": "TH-n10708590966(0m)",
    "attributes": "",
    "status": "provisional",
    "accuracyM": 100,
    "needsReview": "公式情報では未確認（登山記録で使われている駐車場）",
    "sources": "登山記録で使われている駐車場（登山記録・登山情報サイトで確認。公式情報では未確認）",
    "verifiedAt": ""
   }
  },
  {
   "type": "Feature",
   "geometry": {
    "type": "Point",
    "coordinates": [
     143.0635196,
     43.5289815
    ]
   },
   "properties": {
    "id": "PK-g4352898_14306352",
    "kind": "parking",
    "name": "音更川二十一ノ沢出合登山口駐車場",
    "datum": "WGS84",
    "mountainIds": "26 27 29",
    "mountainNames": "ユニ石狩岳、音更山、石狩岳",
    "otherMountainNames": "",
    "lists": "北海道百名山|日本二百名山|日本三百名山",
    "routes": "",
    "entryType": "",
    "trailKmToSummit": "",
    "related": "TH-n2336625839(0m)",
    "attributes": "",
    "status": "provisional",
    "accuracyM": 100,
    "needsReview": "公式情報では未確認（登山記録で使われている駐車場）",
    "sources": "登山記録で使われている駐車場（登山記録・登山情報サイトで確認。公式情報では未確認）",
    "verifiedAt": ""
   }
  },
  {
   "type": "Feature",
   "geometry": {
    "type": "Point",
    "coordinates": [
     143.0864654,
     43.5293199
    ]
   },
   "properties": {
    "id": "PK-g4352932_14308647",
    "kind": "parking",
    "name": "ユニ石狩岳登山口駐車場",
    "datum": "WGS84",
    "mountainIds": "26 27 29",
    "mountainNames": "ユニ石狩岳、音更山、石狩岳",
    "otherMountainNames": "",
    "lists": "北海道百名山|日本二百名山|日本三百名山",
    "routes": "",
    "entryType": "",
    "trailKmToSummit": "",
    "related": "TH-n2336625936(0m)",
    "attributes": "",
    "status": "provisional",
    "accuracyM": 100,
    "needsReview": "公式情報では未確認（登山記録で使われている駐車場）",
    "sources": "登山記録で使われている駐車場（登山記録・登山情報サイトで確認。公式情報では未確認）",
    "verifiedAt": ""
   }
  },
  {
   "type": "Feature",
   "geometry": {
    "type": "Point",
    "coordinates": [
     141.4569424,
     43.6225957
    ]
   },
   "properties": {
    "id": "PK-g436226_14145694",
    "kind": "parking",
    "name": "黄金山登山口駐車場",
    "datum": "WGS84",
    "mountainIds": "23",
    "mountainNames": "黄金山",
    "otherMountainNames": "",
    "lists": "北海道百名山",
    "routes": "",
    "entryType": "",
    "trailKmToSummit": "",
    "related": "TH-n2258284128(0m)",
    "attributes": "",
    "status": "provisional",
    "accuracyM": 100,
    "needsReview": "公式情報では未確認（登山記録で使われている駐車場）",
    "sources": "登山記録で使われている駐車場（登山記録・登山情報サイトで確認。公式情報では未確認）",
    "verifiedAt": ""
   }
  },
  {
   "type": "Feature",
   "geometry": {
    "type": "Point",
    "coordinates": [
     144.353139,
     43.703431
    ]
   },
   "properties": {
    "id": "PK-g4370343_14435314",
    "kind": "parking",
    "name": "ハイランド小清水725駐車場",
    "datum": "WGS84",
    "mountainIds": "10001",
    "mountainNames": "",
    "otherMountainNames": "藻琴山",
    "lists": "",
    "routes": "",
    "entryType": "",
    "trailKmToSummit": "",
    "related": "TH-osm-w477217552(0m)",
    "attributes": "",
    "status": "adopted",
    "accuracyM": 100,
    "needsReview": "",
    "sources": "公式情報: https://www.kawayu-eco-museum.com/mtmokototrail/",
    "verifiedAt": ""
   }
  },
  {
   "type": "Feature",
   "geometry": {
    "type": "Point",
    "coordinates": [
     143.042078,
     43.772213
    ]
   },
   "properties": {
    "id": "PK-g4377221_14304208",
    "kind": "parking",
    "name": "平山登山口駐車場",
    "datum": "WGS84",
    "mountainIds": "12",
    "mountainNames": "平山",
    "otherMountainNames": "",
    "lists": "北海道百名山",
    "routes": "",
    "entryType": "",
    "trailKmToSummit": "",
    "related": "TH-gsi-hirayama-hk(0m)",
    "attributes": "",
    "status": "provisional",
    "accuracyM": 100,
    "needsReview": "公式情報では未確認（登山記録で使われている駐車場）",
    "sources": "登山記録で使われている駐車場（登山記録・登山情報サイトで確認。公式情報では未確認）",
    "verifiedAt": ""
   }
  },
  {
   "type": "Feature",
   "geometry": {
    "type": "Point",
    "coordinates": [
     142.9071971,
     44.2399757
    ]
   },
   "properties": {
    "id": "PK-g4423998_1429072",
    "kind": "parking",
    "name": "ウエンシリキャンプ場駐車場",
    "datum": "WGS84",
    "mountainIds": "5",
    "mountainNames": "ウエンシリ岳",
    "otherMountainNames": "",
    "lists": "北海道百名山",
    "routes": "",
    "entryType": "",
    "trailKmToSummit": "",
    "related": "TH-n12815769706(0m)",
    "attributes": "",
    "status": "provisional",
    "accuracyM": 100,
    "needsReview": "公式情報では未確認（登山記録で使われている駐車場）",
    "sources": "登山記録で使われている駐車場（登山記録・登山情報サイトで確認。公式情報では未確認）",
    "verifiedAt": ""
   }
  },
  {
   "type": "Feature",
   "geometry": {
    "type": "Point",
    "coordinates": [
     141.0536615,
     45.3896781
    ]
   },
   "properties": {
    "id": "PK-g4538968_14105366",
    "kind": "parking",
    "name": "礼文岳 内路登山口駐車場",
    "datum": "WGS84",
    "mountainIds": "1",
    "mountainNames": "礼文岳",
    "otherMountainNames": "",
    "lists": "北海道百名山",
    "routes": "",
    "entryType": "",
    "trailKmToSummit": "",
    "related": "TH-n1279002967(0m)",
    "attributes": "",
    "status": "provisional",
    "accuracyM": 100,
    "needsReview": "公式情報では未確認（登山記録で使われている駐車場）",
    "sources": "登山記録で使われている駐車場（登山記録・登山情報サイトで確認。公式情報では未確認）",
    "verifiedAt": ""
   }
  },
  {
   "type": "Feature",
   "geometry": {
    "type": "Point",
    "coordinates": [
     140.5091053,
     42.946401
    ]
   },
   "properties": {
    "id": "PK-n10595534883",
    "kind": "parking",
    "name": "（名称なし）駐車場",
    "datum": "WGS84",
    "mountainIds": "56 58",
    "mountainNames": "雷電山、目国内岳",
    "otherMountainNames": "",
    "lists": "北海道百名山",
    "routes": "",
    "entryType": "",
    "trailKmToSummit": "",
    "related": "TH-n1304496938(84m)",
    "attributes": "",
    "status": "provisional",
    "accuracyM": 20,
    "needsReview": "公式情報または2情報源での確認が必要、名称なし",
    "sources": "OpenStreetMap（© OpenStreetMap contributors, ODbL 1.0）Geofabrik japan-latest.osm.pbf 2026-09-30T20:22:42Z node/10595534883",
    "verifiedAt": ""
   }
  },
  {
   "type": "Feature",
   "geometry": {
    "type": "Point",
    "coordinates": [
     140.5108448,
     42.9476499
    ]
   },
   "properties": {
    "id": "PK-n10595590223",
    "kind": "parking",
    "name": "（名称なし）駐車場",
    "datum": "WGS84",
    "mountainIds": "56 58",
    "mountainNames": "雷電山、目国内岳",
    "otherMountainNames": "",
    "lists": "北海道百名山",
    "routes": "",
    "entryType": "",
    "trailKmToSummit": "",
    "related": "TH-w1030295081(417m)",
    "attributes": "",
    "status": "provisional",
    "accuracyM": 20,
    "needsReview": "公式情報または2情報源での確認が必要、名称なし、登山口から離れている（徒歩アプローチを要確認）",
    "sources": "OpenStreetMap（© OpenStreetMap contributors, ODbL 1.0）Geofabrik japan-latest.osm.pbf 2026-09-30T20:22:42Z node/10595590223",
    "verifiedAt": ""
   }
  },
  {
   "type": "Feature",
   "geometry": {
    "type": "Point",
    "coordinates": [
     144.1362379,
     43.4317814
    ]
   },
   "properties": {
    "id": "PK-n14048829055",
    "kind": "parking",
    "name": "（名称なし）駐車場",
    "datum": "WGS84",
    "mountainIds": "36",
    "mountainNames": "雄阿寒岳",
    "otherMountainNames": "",
    "lists": "北海道百名山",
    "routes": "",
    "entryType": "",
    "trailKmToSummit": "",
    "related": "TH-n2194006310(57m)",
    "attributes": "",
    "status": "provisional",
    "accuracyM": 20,
    "needsReview": "公式情報または2情報源での確認が必要、名称なし",
    "sources": "OpenStreetMap（© OpenStreetMap contributors, ODbL 1.0）Geofabrik japan-latest.osm.pbf 2026-09-30T20:22:42Z node/14048829055",
    "verifiedAt": ""
   }
  },
  {
   "type": "Feature",
   "geometry": {
    "type": "Point",
    "coordinates": [
     142.6377189,
     43.4307474
    ]
   },
   "properties": {
    "id": "PK-n1774886019",
    "kind": "parking",
    "name": "（名称なし）駐車場",
    "datum": "WGS84",
    "mountainIds": "34 37 38 39 40",
    "mountainNames": "オプタテシケ山、美瑛岳、十勝岳、上ホロカメットク山、富良野岳",
    "otherMountainNames": "",
    "lists": "日本三百名山|北海道百名山|日本百名山|日本二百名山",
    "routes": "",
    "entryType": "",
    "trailKmToSummit": "",
    "related": "TH-n2109605325(385m) TH-n5915584086(118m)",
    "attributes": "",
    "status": "provisional",
    "accuracyM": 20,
    "needsReview": "公式情報または2情報源での確認が必要、名称なし、登山口から離れている（徒歩アプローチを要確認）",
    "sources": "OpenStreetMap（© OpenStreetMap contributors, ODbL 1.0）Geofabrik japan-latest.osm.pbf 2026-09-30T20:22:42Z node/1774886019",
    "verifiedAt": ""
   }
  },
  {
   "type": "Feature",
   "geometry": {
    "type": "Point",
    "coordinates": [
     141.2191275,
     42.9678251
    ]
   },
   "properties": {
    "id": "PK-n2696394661",
    "kind": "parking",
    "name": "湯元;小金湯",
    "datum": "WGS84",
    "mountainIds": "54",
    "mountainNames": "神威岳",
    "otherMountainNames": "",
    "lists": "北海道百名山",
    "routes": "",
    "entryType": "",
    "trailKmToSummit": "",
    "related": "TH-n2696394661(0m)",
    "attributes": "",
    "status": "provisional",
    "accuracyM": 20,
    "needsReview": "公式情報または2情報源での確認が必要",
    "sources": "OpenStreetMap（© OpenStreetMap contributors, ODbL 1.0）Geofabrik japan-latest.osm.pbf 2026-09-30T20:22:42Z node/2696394661",
    "verifiedAt": ""
   }
  },
  {
   "type": "Feature",
   "geometry": {
    "type": "Point",
    "coordinates": [
     142.9463382,
     43.7259136
    ]
   },
   "properties": {
    "id": "PK-n4348502050",
    "kind": "parking",
    "name": "大雪山バーデハウス 層雲峡;黒岳の湯",
    "datum": "WGS84",
    "mountainIds": "15 17 18 19 20 21 22",
    "mountainNames": "愛別岳、黒岳、北鎮岳、赤岳、小泉岳、大雪山、白雲岳",
    "otherMountainNames": "",
    "lists": "北海道百名山|日本百名山|日本二百名山|日本三百名山",
    "routes": "",
    "entryType": "",
    "trailKmToSummit": "",
    "related": "TH-n4348502050(0m)",
    "attributes": "",
    "status": "provisional",
    "accuracyM": 20,
    "needsReview": "公式情報または2情報源での確認が必要",
    "sources": "OpenStreetMap（© OpenStreetMap contributors, ODbL 1.0）Geofabrik japan-latest.osm.pbf 2026-09-30T20:22:42Z node/4348502050",
    "verifiedAt": ""
   }
  },
  {
   "type": "Feature",
   "geometry": {
    "type": "Point",
    "coordinates": [
     140.5151582,
     42.9478003
    ]
   },
   "properties": {
    "id": "PK-n5564066675",
    "kind": "parking",
    "name": "（名称なし）駐車場",
    "datum": "WGS84",
    "mountainIds": "56 58",
    "mountainNames": "雷電山、目国内岳",
    "otherMountainNames": "",
    "lists": "北海道百名山",
    "routes": "",
    "entryType": "",
    "trailKmToSummit": "",
    "related": "TH-w1030295081(150m)",
    "attributes": "",
    "status": "provisional",
    "accuracyM": 20,
    "needsReview": "公式情報または2情報源での確認が必要、名称なし",
    "sources": "OpenStreetMap（© OpenStreetMap contributors, ODbL 1.0）Geofabrik japan-latest.osm.pbf 2026-09-30T20:22:42Z node/5564066675",
    "verifiedAt": ""
   }
  },
  {
   "type": "Feature",
   "geometry": {
    "type": "Point",
    "coordinates": [
     140.5087382,
     42.9524074
    ]
   },
   "properties": {
    "id": "PK-n6422704364",
    "kind": "parking",
    "name": "サンサンの湯",
    "datum": "WGS84",
    "mountainIds": "56 58",
    "mountainNames": "雷電山、目国内岳",
    "otherMountainNames": "",
    "lists": "北海道百名山",
    "routes": "",
    "entryType": "",
    "trailKmToSummit": "",
    "related": "TH-n6422704364(0m)",
    "attributes": "",
    "status": "provisional",
    "accuracyM": 20,
    "needsReview": "公式情報または2情報源での確認が必要",
    "sources": "OpenStreetMap（© OpenStreetMap contributors, ODbL 1.0）Geofabrik japan-latest.osm.pbf 2026-09-30T20:22:42Z node/6422704364",
    "verifiedAt": ""
   }
  },
  {
   "type": "Feature",
   "geometry": {
    "type": "Point",
    "coordinates": [
     140.8022974,
     42.5264935
    ]
   },
   "properties": {
    "id": "PK-n6904781997",
    "kind": "parking",
    "name": "（名称なし）駐車場",
    "datum": "WGS84",
    "mountainIds": "10016",
    "mountainNames": "",
    "otherMountainNames": "有珠山",
    "lists": "",
    "routes": "",
    "entryType": "",
    "trailKmToSummit": "",
    "related": "TH-osm-n12248086861(180m)",
    "attributes": "",
    "status": "provisional",
    "accuracyM": 20,
    "needsReview": "公式情報または2情報源での確認が必要、名称なし",
    "sources": "OpenStreetMap（© OpenStreetMap contributors, ODbL 1.0）Geofabrik japan-latest.osm.pbf 2026-09-30T20:22:42Z node/6904781997",
    "verifiedAt": ""
   }
  },
  {
   "type": "Feature",
   "geometry": {
    "type": "Point",
    "coordinates": [
     142.637504,
     43.4306548
    ]
   },
   "properties": {
    "id": "PK-n8720866944",
    "kind": "parking",
    "name": "（名称なし）駐車場",
    "datum": "WGS84",
    "mountainIds": "34 37 38 39 40",
    "mountainNames": "オプタテシケ山、美瑛岳、十勝岳、上ホロカメットク山、富良野岳",
    "otherMountainNames": "",
    "lists": "日本三百名山|北海道百名山|日本百名山|日本二百名山",
    "routes": "",
    "entryType": "",
    "trailKmToSummit": "",
    "related": "TH-n2109605325(404m) TH-n5915584086(103m)",
    "attributes": "",
    "status": "provisional",
    "accuracyM": 20,
    "needsReview": "公式情報または2情報源での確認が必要、名称なし、登山口から離れている（徒歩アプローチを要確認）",
    "sources": "OpenStreetMap（© OpenStreetMap contributors, ODbL 1.0）Geofabrik japan-latest.osm.pbf 2026-09-30T20:22:42Z node/8720866944",
    "verifiedAt": ""
   }
  },
  {
   "type": "Feature",
   "geometry": {
    "type": "Point",
    "coordinates": [
     142.5955266,
     43.3545576
    ]
   },
   "properties": {
    "id": "PK-n8721054339",
    "kind": "parking",
    "name": "（名称なし）駐車場",
    "datum": "WGS84",
    "mountainIds": "38 39 40",
    "mountainNames": "十勝岳、上ホロカメットク山、富良野岳",
    "otherMountainNames": "",
    "lists": "日本百名山|日本二百名山|日本三百名山|北海道百名山",
    "routes": "",
    "entryType": "",
    "trailKmToSummit": "",
    "related": "TH-n2150414225(29m)",
    "attributes": "",
    "status": "provisional",
    "accuracyM": 20,
    "needsReview": "公式情報または2情報源での確認が必要、名称なし",
    "sources": "OpenStreetMap（© OpenStreetMap contributors, ODbL 1.0）Geofabrik japan-latest.osm.pbf 2026-09-30T20:22:42Z node/8721054339",
    "verifiedAt": ""
   }
  },
  {
   "type": "Feature",
   "geometry": {
    "type": "Point",
    "coordinates": [
     144.1362085,
     43.4318714
    ]
   },
   "properties": {
    "id": "PK-n8833661417",
    "kind": "parking",
    "name": "（名称なし）駐車場",
    "datum": "WGS84",
    "mountainIds": "36",
    "mountainNames": "雄阿寒岳",
    "otherMountainNames": "",
    "lists": "北海道百名山",
    "routes": "",
    "entryType": "",
    "trailKmToSummit": "",
    "related": "TH-n2194006310(60m)",
    "attributes": "",
    "status": "provisional",
    "accuracyM": 20,
    "needsReview": "公式情報または2情報源での確認が必要、名称なし",
    "sources": "OpenStreetMap（© OpenStreetMap contributors, ODbL 1.0）Geofabrik japan-latest.osm.pbf 2026-09-30T20:22:42Z node/8833661417",
    "verifiedAt": ""
   }
  },
  {
   "type": "Feature",
   "geometry": {
    "type": "Point",
    "coordinates": [
     142.9620791,
     43.6698234
    ]
   },
   "properties": {
    "id": "PK-n9916394317",
    "kind": "parking",
    "name": "銀泉台駐車場",
    "datum": "WGS84",
    "mountainIds": "15 17 18 19 20 21 22 24",
    "mountainNames": "愛別岳、黒岳、北鎮岳、赤岳、小泉岳、大雪山、白雲岳、忠別岳",
    "otherMountainNames": "",
    "lists": "北海道百名山|日本百名山|日本二百名山|日本三百名山",
    "routes": "",
    "entryType": "",
    "trailKmToSummit": "",
    "related": "TH-n9916369521(485m) TH-n8592031422(97m)",
    "attributes": "",
    "status": "provisional",
    "accuracyM": 20,
    "needsReview": "公式情報または2情報源での確認が必要、登山口から離れている（徒歩アプローチを要確認）",
    "sources": "OpenStreetMap（© OpenStreetMap contributors, ODbL 1.0）Geofabrik japan-latest.osm.pbf 2026-09-30T20:22:42Z node/9916394317",
    "verifiedAt": ""
   }
  },
  {
   "type": "Feature",
   "geometry": {
    "type": "Point",
    "coordinates": [
     140.5962452,
     42.8676455
    ]
   },
   "properties": {
    "id": "PK-w1003080461",
    "kind": "parking",
    "name": "（名称なし）駐車場",
    "datum": "WGS84",
    "mountainIds": "10012 10011",
    "mountainNames": "",
    "otherMountainNames": "チセヌプリ、シャクナゲ岳",
    "lists": "",
    "routes": "",
    "entryType": "",
    "trailKmToSummit": "",
    "related": "TH-gsi-chisenupuri-yumoto(92m)",
    "attributes": "",
    "status": "provisional",
    "accuracyM": 40,
    "needsReview": "公式情報または2情報源での確認が必要、名称なし",
    "sources": "OpenStreetMap（© OpenStreetMap contributors, ODbL 1.0）Geofabrik japan-latest.osm.pbf 2026-09-30T20:22:42Z way/1003080461",
    "verifiedAt": ""
   }
  },
  {
   "type": "Feature",
   "geometry": {
    "type": "Point",
    "coordinates": [
     140.6069636,
     42.8885866
    ]
   },
   "properties": {
    "id": "PK-w1003080477",
    "kind": "parking",
    "name": "（名称なし）駐車場",
    "datum": "WGS84",
    "mountainIds": "59",
    "mountainNames": "イワオヌプリ",
    "otherMountainNames": "",
    "lists": "北海道百名山",
    "routes": "",
    "entryType": "",
    "trailKmToSummit": "",
    "related": "TH-n1303302763(114m)",
    "attributes": "",
    "status": "provisional",
    "accuracyM": 40,
    "needsReview": "公式情報または2情報源での確認が必要、名称なし",
    "sources": "OpenStreetMap（© OpenStreetMap contributors, ODbL 1.0）Geofabrik japan-latest.osm.pbf 2026-09-30T20:22:42Z way/1003080477",
    "verifiedAt": ""
   }
  },
  {
   "type": "Feature",
   "geometry": {
    "type": "Point",
    "coordinates": [
     141.2331447,
     42.9637804
    ]
   },
   "properties": {
    "id": "PK-w1021882188",
    "kind": "parking",
    "name": "（名称なし）駐車場",
    "datum": "WGS84",
    "mountainIds": "10009",
    "mountainNames": "",
    "otherMountainNames": "観音岩山",
    "lists": "",
    "routes": "",
    "entryType": "",
    "trailKmToSummit": "",
    "related": "TH-gsi-hakkenzan-chuo(361m)",
    "attributes": "",
    "status": "provisional",
    "accuracyM": 40,
    "needsReview": "公式情報または2情報源での確認が必要、名称なし、登山口から離れている（徒歩アプローチを要確認）",
    "sources": "OpenStreetMap（© OpenStreetMap contributors, ODbL 1.0）Geofabrik japan-latest.osm.pbf 2026-09-30T20:22:42Z way/1021882188",
    "verifiedAt": ""
   }
  },
  {
   "type": "Feature",
   "geometry": {
    "type": "Point",
    "coordinates": [
     140.7861938,
     42.7942393
    ]
   },
   "properties": {
    "id": "PK-w1022480686",
    "kind": "parking",
    "name": "（名称なし）駐車場",
    "datum": "WGS84",
    "mountainIds": "63",
    "mountainNames": "羊蹄山",
    "otherMountainNames": "",
    "lists": "日本百名山|日本二百名山|日本三百名山|北海道百名山",
    "routes": "",
    "entryType": "",
    "trailKmToSummit": "",
    "related": "TH-n1266172859(391m) TH-n4283498467(109m)",
    "attributes": "",
    "status": "provisional",
    "accuracyM": 40,
    "needsReview": "公式情報または2情報源での確認が必要、名称なし、登山口から離れている（徒歩アプローチを要確認）",
    "sources": "OpenStreetMap（© OpenStreetMap contributors, ODbL 1.0）Geofabrik japan-latest.osm.pbf 2026-09-30T20:22:42Z way/1022480686",
    "verifiedAt": ""
   }
  },
  {
   "type": "Feature",
   "geometry": {
    "type": "Point",
    "coordinates": [
     143.0859676,
     43.8507157
    ]
   },
   "properties": {
    "id": "PK-w1030906074",
    "kind": "parking",
    "name": "（名称なし）駐車場",
    "datum": "WGS84",
    "mountainIds": "12",
    "mountainNames": "平山",
    "otherMountainNames": "",
    "lists": "北海道百名山",
    "routes": "",
    "entryType": "",
    "trailKmToSummit": "",
    "related": "TH-n9961342002(430m)",
    "attributes": "",
    "status": "provisional",
    "accuracyM": 40,
    "needsReview": "公式情報または2情報源での確認が必要、名称なし、登山口から離れている（徒歩アプローチを要確認）",
    "sources": "OpenStreetMap（© OpenStreetMap contributors, ODbL 1.0）Geofabrik japan-latest.osm.pbf 2026-09-30T20:22:42Z way/1030906074",
    "verifiedAt": ""
   }
  },
  {
   "type": "Feature",
   "geometry": {
    "type": "Point",
    "coordinates": [
     141.2354386,
     42.961915
    ]
   },
   "properties": {
    "id": "PK-w1037882024",
    "kind": "parking",
    "name": "（名称なし）駐車場",
    "datum": "WGS84",
    "mountainIds": "10009",
    "mountainNames": "",
    "otherMountainNames": "観音岩山",
    "lists": "",
    "routes": "",
    "entryType": "",
    "trailKmToSummit": "",
    "related": "TH-gsi-hakkenzan-chuo(221m)",
    "attributes": "",
    "status": "provisional",
    "accuracyM": 40,
    "needsReview": "公式情報または2情報源での確認が必要、名称なし",
    "sources": "OpenStreetMap（© OpenStreetMap contributors, ODbL 1.0）Geofabrik japan-latest.osm.pbf 2026-09-30T20:22:42Z way/1037882024",
    "verifiedAt": ""
   }
  },
  {
   "type": "Feature",
   "geometry": {
    "type": "Point",
    "coordinates": [
     141.0012788,
     42.4126904
    ]
   },
   "properties": {
    "id": "PK-w106202051",
    "kind": "parking",
    "name": "（名称なし）駐車場",
    "datum": "WGS84",
    "mountainIds": "89",
    "mountainNames": "鷲別岳",
    "otherMountainNames": "",
    "lists": "北海道百名山",
    "routes": "",
    "entryType": "",
    "trailKmToSummit": "",
    "related": "TH-n4609020292(65m) TH-w999081284(370m)",
    "attributes": "",
    "status": "provisional",
    "accuracyM": 40,
    "needsReview": "公式情報または2情報源での確認が必要、名称なし、登山口から離れている（徒歩アプローチを要確認）",
    "sources": "OpenStreetMap（© OpenStreetMap contributors, ODbL 1.0）Geofabrik japan-latest.osm.pbf 2026-09-30T20:22:42Z way/106202051",
    "verifiedAt": ""
   }
  },
  {
   "type": "Feature",
   "geometry": {
    "type": "Point",
    "coordinates": [
     141.0024767,
     42.4136527
    ]
   },
   "properties": {
    "id": "PK-w106205300",
    "kind": "parking",
    "name": "（名称なし）駐車場",
    "datum": "WGS84",
    "mountainIds": "89",
    "mountainNames": "鷲別岳",
    "otherMountainNames": "",
    "lists": "北海道百名山",
    "routes": "",
    "entryType": "",
    "trailKmToSummit": "",
    "related": "TH-n4609020292(83m) TH-w999081284(250m)",
    "attributes": "",
    "status": "provisional",
    "accuracyM": 40,
    "needsReview": "公式情報または2情報源での確認が必要、名称なし",
    "sources": "OpenStreetMap（© OpenStreetMap contributors, ODbL 1.0）Geofabrik japan-latest.osm.pbf 2026-09-30T20:22:42Z way/106205300",
    "verifiedAt": ""
   }
  },
  {
   "type": "Feature",
   "geometry": {
    "type": "Point",
    "coordinates": [
     141.334535,
     43.0302668
    ]
   },
   "properties": {
    "id": "PK-w1064734542",
    "kind": "parking",
    "name": "（名称なし）駐車場",
    "datum": "WGS84",
    "mountainIds": "52",
    "mountainNames": "藻岩山",
    "otherMountainNames": "",
    "lists": "北海道百名山",
    "routes": "",
    "entryType": "",
    "trailKmToSummit": "",
    "related": "TH-n1781191908(185m)",
    "attributes": "access=customers",
    "status": "provisional",
    "accuracyM": 40,
    "needsReview": "公式情報または2情報源での確認が必要、名称なし",
    "sources": "OpenStreetMap（© OpenStreetMap contributors, ODbL 1.0）Geofabrik japan-latest.osm.pbf 2026-09-30T20:22:42Z way/1064734542",
    "verifiedAt": ""
   }
  },
  {
   "type": "Feature",
   "geometry": {
    "type": "Point",
    "coordinates": [
     141.3342253,
     43.0346825
    ]
   },
   "properties": {
    "id": "PK-w1081315803",
    "kind": "parking",
    "name": "（名称なし）駐車場",
    "datum": "WGS84",
    "mountainIds": "52",
    "mountainNames": "藻岩山",
    "otherMountainNames": "",
    "lists": "北海道百名山",
    "routes": "",
    "entryType": "",
    "trailKmToSummit": "",
    "related": "TH-n8625641209(132m)",
    "attributes": "fee=no; capacity=7; access=customers; operator=マカリイズマーケット",
    "status": "provisional",
    "accuracyM": 40,
    "needsReview": "公式情報または2情報源での確認が必要、名称なし",
    "sources": "OpenStreetMap（© OpenStreetMap contributors, ODbL 1.0）Geofabrik japan-latest.osm.pbf 2026-09-30T20:22:42Z way/1081315803",
    "verifiedAt": ""
   }
  },
  {
   "type": "Feature",
   "geometry": {
    "type": "Point",
    "coordinates": [
     141.3341198,
     43.0347998
    ]
   },
   "properties": {
    "id": "PK-w1081315804",
    "kind": "parking",
    "name": "（名称なし）駐車場",
    "datum": "WGS84",
    "mountainIds": "52",
    "mountainNames": "藻岩山",
    "otherMountainNames": "",
    "lists": "北海道百名山",
    "routes": "",
    "entryType": "",
    "trailKmToSummit": "",
    "related": "TH-n8625641209(117m)",
    "attributes": "capacity=2; access=private; operator=Gufo伏見",
    "status": "provisional",
    "accuracyM": 40,
    "needsReview": "公式情報または2情報源での確認が必要、名称なし",
    "sources": "OpenStreetMap（© OpenStreetMap contributors, ODbL 1.0）Geofabrik japan-latest.osm.pbf 2026-09-30T20:22:42Z way/1081315804",
    "verifiedAt": ""
   }
  },
  {
   "type": "Feature",
   "geometry": {
    "type": "Point",
    "coordinates": [
     142.8744143,
     43.4602507
    ]
   },
   "properties": {
    "id": "PK-w1090639091",
    "kind": "parking",
    "name": "（名称なし）駐車場",
    "datum": "WGS84",
    "mountainIds": "30",
    "mountainNames": "トムラウシ",
    "otherMountainNames": "",
    "lists": "日本百名山|日本二百名山|日本三百名山|北海道百名山",
    "routes": "",
    "entryType": "",
    "trailKmToSummit": "",
    "related": "TH-n1287111683(96m)",
    "attributes": "",
    "status": "provisional",
    "accuracyM": 40,
    "needsReview": "公式情報または2情報源での確認が必要、名称なし",
    "sources": "OpenStreetMap（© OpenStreetMap contributors, ODbL 1.0）Geofabrik japan-latest.osm.pbf 2026-09-30T20:22:42Z way/1090639091",
    "verifiedAt": ""
   }
  },
  {
   "type": "Feature",
   "geometry": {
    "type": "Point",
    "coordinates": [
     142.8726769,
     43.4603651
    ]
   },
   "properties": {
    "id": "PK-w1090639092",
    "kind": "parking",
    "name": "（名称なし）駐車場",
    "datum": "WGS84",
    "mountainIds": "30",
    "mountainNames": "トムラウシ",
    "otherMountainNames": "",
    "lists": "日本百名山|日本二百名山|日本三百名山|北海道百名山",
    "routes": "",
    "entryType": "",
    "trailKmToSummit": "",
    "related": "TH-n1287111683(45m)",
    "attributes": "",
    "status": "provisional",
    "accuracyM": 40,
    "needsReview": "公式情報または2情報源での確認が必要、名称なし",
    "sources": "OpenStreetMap（© OpenStreetMap contributors, ODbL 1.0）Geofabrik japan-latest.osm.pbf 2026-09-30T20:22:42Z way/1090639092",
    "verifiedAt": ""
   }
  },
  {
   "type": "Feature",
   "geometry": {
    "type": "Point",
    "coordinates": [
     141.6335786,
     43.5028645
    ]
   },
   "properties": {
    "id": "PK-w1094712247",
    "kind": "parking",
    "name": "（名称なし）駐車場",
    "datum": "WGS84",
    "mountainIds": "32",
    "mountainNames": "神居尻山",
    "otherMountainNames": "",
    "lists": "北海道百名山",
    "routes": "",
    "entryType": "",
    "trailKmToSummit": "",
    "related": "TH-n4104232122(492m)",
    "attributes": "",
    "status": "provisional",
    "accuracyM": 40,
    "needsReview": "公式情報または2情報源での確認が必要、名称なし、登山口から離れている（徒歩アプローチを要確認）",
    "sources": "OpenStreetMap（© OpenStreetMap contributors, ODbL 1.0）Geofabrik japan-latest.osm.pbf 2026-09-30T20:22:42Z way/1094712247",
    "verifiedAt": ""
   }
  },
  {
   "type": "Feature",
   "geometry": {
    "type": "Point",
    "coordinates": [
     142.8150243,
     43.7194135
    ]
   },
   "properties": {
    "id": "PK-w1097029608",
    "kind": "parking",
    "name": "（名称なし）駐車場",
    "datum": "WGS84",
    "mountainIds": "15",
    "mountainNames": "愛別岳",
    "otherMountainNames": "",
    "lists": "北海道百名山",
    "routes": "",
    "entryType": "",
    "trailKmToSummit": "",
    "related": "TH-n2162725333(130m)",
    "attributes": "",
    "status": "provisional",
    "accuracyM": 40,
    "needsReview": "公式情報または2情報源での確認が必要、名称なし",
    "sources": "OpenStreetMap（© OpenStreetMap contributors, ODbL 1.0）Geofabrik japan-latest.osm.pbf 2026-09-30T20:22:42Z way/1097029608",
    "verifiedAt": ""
   }
  },
  {
   "type": "Feature",
   "geometry": {
    "type": "Point",
    "coordinates": [
     143.9830774,
     43.3945814
    ]
   },
   "properties": {
    "id": "PK-w1100662532",
    "kind": "parking",
    "name": "（名称なし）駐車場",
    "datum": "WGS84",
    "mountainIds": "42",
    "mountainNames": "阿寒岳",
    "otherMountainNames": "",
    "lists": "日本百名山|日本二百名山|日本三百名山|北海道百名山",
    "routes": "",
    "entryType": "",
    "trailKmToSummit": "",
    "related": "TH-n2105633349(230m)",
    "attributes": "fee=no",
    "status": "provisional",
    "accuracyM": 40,
    "needsReview": "公式情報または2情報源での確認が必要、名称なし",
    "sources": "OpenStreetMap（© OpenStreetMap contributors, ODbL 1.0）Geofabrik japan-latest.osm.pbf 2026-09-30T20:22:42Z way/1100662532",
    "verifiedAt": ""
   }
  },
  {
   "type": "Feature",
   "geometry": {
    "type": "Point",
    "coordinates": [
     143.9834819,
     43.3958152
    ]
   },
   "properties": {
    "id": "PK-w1101376007",
    "kind": "parking",
    "name": "（名称なし）駐車場",
    "datum": "WGS84",
    "mountainIds": "42",
    "mountainNames": "阿寒岳",
    "otherMountainNames": "",
    "lists": "日本百名山|日本二百名山|日本三百名山|北海道百名山",
    "routes": "",
    "entryType": "",
    "trailKmToSummit": "",
    "related": "TH-n2105633349(93m)",
    "attributes": "",
    "status": "provisional",
    "accuracyM": 40,
    "needsReview": "公式情報または2情報源での確認が必要、名称なし",
    "sources": "OpenStreetMap（© OpenStreetMap contributors, ODbL 1.0）Geofabrik japan-latest.osm.pbf 2026-09-30T20:22:42Z way/1101376007",
    "verifiedAt": ""
   }
  },
  {
   "type": "Feature",
   "geometry": {
    "type": "Point",
    "coordinates": [
     140.6439842,
     42.8498884
    ]
   },
   "properties": {
    "id": "PK-w1108831064",
    "kind": "parking",
    "name": "（名称なし）駐車場",
    "datum": "WGS84",
    "mountainIds": "65",
    "mountainNames": "ニセコアンヌプリ",
    "otherMountainNames": "",
    "lists": "日本三百名山|北海道百名山",
    "routes": "",
    "entryType": "",
    "trailKmToSummit": "",
    "related": "TH-n10151978719(33m)",
    "attributes": "",
    "status": "provisional",
    "accuracyM": 40,
    "needsReview": "公式情報または2情報源での確認が必要、名称なし",
    "sources": "OpenStreetMap（© OpenStreetMap contributors, ODbL 1.0）Geofabrik japan-latest.osm.pbf 2026-09-30T20:22:42Z way/1108831064",
    "verifiedAt": ""
   }
  },
  {
   "type": "Feature",
   "geometry": {
    "type": "Point",
    "coordinates": [
     141.3129411,
     43.05766
    ]
   },
   "properties": {
    "id": "PK-w1109043227",
    "kind": "parking",
    "name": "（名称なし）駐車場",
    "datum": "WGS84",
    "mountainIds": "52",
    "mountainNames": "藻岩山",
    "otherMountainNames": "",
    "lists": "北海道百名山",
    "routes": "",
    "entryType": "",
    "trailKmToSummit": "",
    "related": "TH-n6436452261(179m)",
    "attributes": "access=customers",
    "status": "provisional",
    "accuracyM": 40,
    "needsReview": "公式情報または2情報源での確認が必要、名称なし",
    "sources": "OpenStreetMap（© OpenStreetMap contributors, ODbL 1.0）Geofabrik japan-latest.osm.pbf 2026-09-30T20:22:42Z way/1109043227",
    "verifiedAt": ""
   }
  },
  {
   "type": "Feature",
   "geometry": {
    "type": "Point",
    "coordinates": [
     144.6111116,
     43.552696
    ]
   },
   "properties": {
    "id": "PK-w1110673636",
    "kind": "parking",
    "name": "（名称なし）駐車場",
    "datum": "WGS84",
    "mountainIds": "25 28",
    "mountainNames": "カムイヌプリ、西別岳",
    "otherMountainNames": "",
    "lists": "北海道百名山",
    "routes": "",
    "entryType": "",
    "trailKmToSummit": "",
    "related": "TH-n1717737899(24m)",
    "attributes": "",
    "status": "provisional",
    "accuracyM": 40,
    "needsReview": "公式情報または2情報源での確認が必要、名称なし",
    "sources": "OpenStreetMap（© OpenStreetMap contributors, ODbL 1.0）Geofabrik japan-latest.osm.pbf 2026-09-30T20:22:42Z way/1110673636",
    "verifiedAt": ""
   }
  },
  {
   "type": "Feature",
   "geometry": {
    "type": "Point",
    "coordinates": [
     144.6107367,
     43.5528069
    ]
   },
   "properties": {
    "id": "PK-w1110673637",
    "kind": "parking",
    "name": "（名称なし）駐車場",
    "datum": "WGS84",
    "mountainIds": "25 28",
    "mountainNames": "カムイヌプリ、西別岳",
    "otherMountainNames": "",
    "lists": "北海道百名山",
    "routes": "",
    "entryType": "",
    "trailKmToSummit": "",
    "related": "TH-n1717737899(29m)",
    "attributes": "",
    "status": "provisional",
    "accuracyM": 40,
    "needsReview": "公式情報または2情報源での確認が必要、名称なし",
    "sources": "OpenStreetMap（© OpenStreetMap contributors, ODbL 1.0）Geofabrik japan-latest.osm.pbf 2026-09-30T20:22:42Z way/1110673637",
    "verifiedAt": ""
   }
  },
  {
   "type": "Feature",
   "geometry": {
    "type": "Point",
    "coordinates": [
     145.156543,
     44.0327999
    ]
   },
   "properties": {
    "id": "PK-w1209638915",
    "kind": "parking",
    "name": "（名称なし）駐車場",
    "datum": "WGS84",
    "mountainIds": "8",
    "mountainNames": "羅臼岳",
    "otherMountainNames": "",
    "lists": "日本百名山|日本二百名山|日本三百名山|北海道百名山",
    "routes": "",
    "entryType": "",
    "trailKmToSummit": "",
    "related": "TH-n5930815696(134m) TH-n401625031(356m)",
    "attributes": "access=customers",
    "status": "provisional",
    "accuracyM": 40,
    "needsReview": "公式情報または2情報源での確認が必要、名称なし、登山口から離れている（徒歩アプローチを要確認）",
    "sources": "OpenStreetMap（© OpenStreetMap contributors, ODbL 1.0）Geofabrik japan-latest.osm.pbf 2026-09-30T20:22:42Z way/1209638915",
    "verifiedAt": ""
   }
  },
  {
   "type": "Feature",
   "geometry": {
    "type": "Point",
    "coordinates": [
     140.6802539,
     42.0429589
    ]
   },
   "properties": {
    "id": "PK-w1210288973",
    "kind": "parking",
    "name": "6号目駐車場",
    "datum": "WGS84",
    "mountainIds": "96",
    "mountainNames": "駒ヶ岳",
    "otherMountainNames": "",
    "lists": "日本二百名山|日本三百名山|北海道百名山",
    "routes": "",
    "entryType": "",
    "trailKmToSummit": "",
    "related": "TH-n2630094848(20m)",
    "attributes": "",
    "status": "provisional",
    "accuracyM": 40,
    "needsReview": "公式情報または2情報源での確認が必要",
    "sources": "OpenStreetMap（© OpenStreetMap contributors, ODbL 1.0）Geofabrik japan-latest.osm.pbf 2026-09-30T20:22:42Z way/1210288973",
    "verifiedAt": ""
   }
  },
  {
   "type": "Feature",
   "geometry": {
    "type": "Point",
    "coordinates": [
     145.1291567,
     44.1542098
    ]
   },
   "properties": {
    "id": "PK-w1218638341",
    "kind": "parking",
    "name": "（名称なし）駐車場",
    "datum": "WGS84",
    "mountainIds": "6 8",
    "mountainNames": "硫黄山、羅臼岳",
    "otherMountainNames": "",
    "lists": "北海道百名山|日本百名山|日本二百名山|日本三百名山",
    "routes": "",
    "entryType": "",
    "trailKmToSummit": "",
    "related": "TH-n9034016426(492m)",
    "attributes": "fee=no; capacity=10",
    "status": "provisional",
    "accuracyM": 40,
    "needsReview": "公式情報または2情報源での確認が必要、名称なし、登山口から離れている（徒歩アプローチを要確認）",
    "sources": "OpenStreetMap（© OpenStreetMap contributors, ODbL 1.0）Geofabrik japan-latest.osm.pbf 2026-09-30T20:22:42Z way/1218638341",
    "verifiedAt": ""
   }
  },
  {
   "type": "Feature",
   "geometry": {
    "type": "Point",
    "coordinates": [
     140.6482869,
     42.8476337
    ]
   },
   "properties": {
    "id": "PK-w1232171803",
    "kind": "parking",
    "name": "（名称なし）駐車場",
    "datum": "WGS84",
    "mountainIds": "65",
    "mountainNames": "ニセコアンヌプリ",
    "otherMountainNames": "",
    "lists": "日本三百名山|北海道百名山",
    "routes": "",
    "entryType": "",
    "trailKmToSummit": "",
    "related": "TH-n1712230781(62m)",
    "attributes": "",
    "status": "provisional",
    "accuracyM": 40,
    "needsReview": "公式情報または2情報源での確認が必要、名称なし",
    "sources": "OpenStreetMap（© OpenStreetMap contributors, ODbL 1.0）Geofabrik japan-latest.osm.pbf 2026-09-30T20:22:42Z way/1232171803",
    "verifiedAt": ""
   }
  },
  {
   "type": "Feature",
   "geometry": {
    "type": "Point",
    "coordinates": [
     140.6477163,
     42.8476345
    ]
   },
   "properties": {
    "id": "PK-w1232171805",
    "kind": "parking",
    "name": "（名称なし）駐車場",
    "datum": "WGS84",
    "mountainIds": "65",
    "mountainNames": "ニセコアンヌプリ",
    "otherMountainNames": "",
    "lists": "日本三百名山|北海道百名山",
    "routes": "",
    "entryType": "",
    "trailKmToSummit": "",
    "related": "TH-n1712230781(56m)",
    "attributes": "",
    "status": "provisional",
    "accuracyM": 40,
    "needsReview": "公式情報または2情報源での確認が必要、名称なし",
    "sources": "OpenStreetMap（© OpenStreetMap contributors, ODbL 1.0）Geofabrik japan-latest.osm.pbf 2026-09-30T20:22:42Z way/1232171805",
    "verifiedAt": ""
   }
  },
  {
   "type": "Feature",
   "geometry": {
    "type": "Point",
    "coordinates": [
     140.6436841,
     42.8488405
    ]
   },
   "properties": {
    "id": "PK-w1232173356",
    "kind": "parking",
    "name": "（名称なし）駐車場",
    "datum": "WGS84",
    "mountainIds": "65",
    "mountainNames": "ニセコアンヌプリ",
    "otherMountainNames": "",
    "lists": "日本三百名山|北海道百名山",
    "routes": "",
    "entryType": "",
    "trailKmToSummit": "",
    "related": "TH-n10151978719(151m)",
    "attributes": "",
    "status": "provisional",
    "accuracyM": 40,
    "needsReview": "公式情報または2情報源での確認が必要、名称なし",
    "sources": "OpenStreetMap（© OpenStreetMap contributors, ODbL 1.0）Geofabrik japan-latest.osm.pbf 2026-09-30T20:22:42Z way/1232173356",
    "verifiedAt": ""
   }
  },
  {
   "type": "Feature",
   "geometry": {
    "type": "Point",
    "coordinates": [
     140.6442887,
     42.8486197
    ]
   },
   "properties": {
    "id": "PK-w1232173357",
    "kind": "parking",
    "name": "（名称なし）駐車場",
    "datum": "WGS84",
    "mountainIds": "65",
    "mountainNames": "ニセコアンヌプリ",
    "otherMountainNames": "",
    "lists": "日本三百名山|北海道百名山",
    "routes": "",
    "entryType": "",
    "trailKmToSummit": "",
    "related": "TH-n10151978719(169m)",
    "attributes": "",
    "status": "provisional",
    "accuracyM": 40,
    "needsReview": "公式情報または2情報源での確認が必要、名称なし",
    "sources": "OpenStreetMap（© OpenStreetMap contributors, ODbL 1.0）Geofabrik japan-latest.osm.pbf 2026-09-30T20:22:42Z way/1232173357",
    "verifiedAt": ""
   }
  },
  {
   "type": "Feature",
   "geometry": {
    "type": "Point",
    "coordinates": [
     140.6450834,
     42.8483438
    ]
   },
   "properties": {
    "id": "PK-w1232173358",
    "kind": "parking",
    "name": "（名称なし）駐車場",
    "datum": "WGS84",
    "mountainIds": "65",
    "mountainNames": "ニセコアンヌプリ",
    "otherMountainNames": "",
    "lists": "日本三百名山|北海道百名山",
    "routes": "",
    "entryType": "",
    "trailKmToSummit": "",
    "related": "TH-n1712230781(231m)",
    "attributes": "",
    "status": "provisional",
    "accuracyM": 40,
    "needsReview": "公式情報または2情報源での確認が必要、名称なし",
    "sources": "OpenStreetMap（© OpenStreetMap contributors, ODbL 1.0）Geofabrik japan-latest.osm.pbf 2026-09-30T20:22:42Z way/1232173358",
    "verifiedAt": ""
   }
  },
  {
   "type": "Feature",
   "geometry": {
    "type": "Point",
    "coordinates": [
     141.310863,
     43.054008
    ]
   },
   "properties": {
    "id": "PK-w1296663049",
    "kind": "parking",
    "name": "（名称なし）駐車場",
    "datum": "WGS84",
    "mountainIds": "10007",
    "mountainNames": "",
    "otherMountainNames": "円山",
    "lists": "",
    "routes": "",
    "entryType": "",
    "trailKmToSummit": "",
    "related": "TH-gsi-maruyama-88(108m)",
    "attributes": "",
    "status": "provisional",
    "accuracyM": 40,
    "needsReview": "公式情報または2情報源での確認が必要、名称なし",
    "sources": "OpenStreetMap（© OpenStreetMap contributors, ODbL 1.0）Geofabrik japan-latest.osm.pbf 2026-09-30T20:22:42Z way/1296663049",
    "verifiedAt": ""
   }
  },
  {
   "type": "Feature",
   "geometry": {
    "type": "Point",
    "coordinates": [
     141.357036,
     43.0589377
    ]
   },
   "properties": {
    "id": "PK-w1300908241",
    "kind": "parking",
    "name": "（名称なし）駐車場",
    "datum": "WGS84",
    "mountainIds": "52",
    "mountainNames": "藻岩山",
    "otherMountainNames": "",
    "lists": "北海道百名山",
    "routes": "",
    "entryType": "",
    "trailKmToSummit": "",
    "related": "TH-n13540823696(108m)",
    "attributes": "fee=yes; access=yes",
    "status": "provisional",
    "accuracyM": 40,
    "needsReview": "公式情報または2情報源での確認が必要、名称なし",
    "sources": "OpenStreetMap（© OpenStreetMap contributors, ODbL 1.0）Geofabrik japan-latest.osm.pbf 2026-09-30T20:22:42Z way/1300908241",
    "verifiedAt": ""
   }
  },
  {
   "type": "Feature",
   "geometry": {
    "type": "Point",
    "coordinates": [
     142.3404141,
     43.2485151
    ]
   },
   "properties": {
    "id": "PK-w1333367432",
    "kind": "parking",
    "name": "（名称なし）駐車場",
    "datum": "WGS84",
    "mountainIds": "47",
    "mountainNames": "芦別岳",
    "otherMountainNames": "",
    "lists": "日本二百名山|日本三百名山|北海道百名山",
    "routes": "",
    "entryType": "",
    "trailKmToSummit": "",
    "related": "TH-n2150377355(492m) TH-n2150378853(438m)",
    "attributes": "",
    "status": "provisional",
    "accuracyM": 40,
    "needsReview": "公式情報または2情報源での確認が必要、名称なし、登山口から離れている（徒歩アプローチを要確認）",
    "sources": "OpenStreetMap（© OpenStreetMap contributors, ODbL 1.0）Geofabrik japan-latest.osm.pbf 2026-09-30T20:22:42Z way/1333367432",
    "verifiedAt": ""
   }
  },
  {
   "type": "Feature",
   "geometry": {
    "type": "Point",
    "coordinates": [
     142.3428803,
     43.2462628
    ]
   },
   "properties": {
    "id": "PK-w1333367440",
    "kind": "parking",
    "name": "（名称なし）駐車場",
    "datum": "WGS84",
    "mountainIds": "47",
    "mountainNames": "芦別岳",
    "otherMountainNames": "",
    "lists": "日本二百名山|日本三百名山|北海道百名山",
    "routes": "",
    "entryType": "",
    "trailKmToSummit": "",
    "related": "TH-n2150377355(183m)",
    "attributes": "",
    "status": "provisional",
    "accuracyM": 40,
    "needsReview": "公式情報または2情報源での確認が必要、名称なし",
    "sources": "OpenStreetMap（© OpenStreetMap contributors, ODbL 1.0）Geofabrik japan-latest.osm.pbf 2026-09-30T20:22:42Z way/1333367440",
    "verifiedAt": ""
   }
  },
  {
   "type": "Feature",
   "geometry": {
    "type": "Point",
    "coordinates": [
     142.3429241,
     43.2465176
    ]
   },
   "properties": {
    "id": "PK-w1333367441",
    "kind": "parking",
    "name": "（名称なし）駐車場",
    "datum": "WGS84",
    "mountainIds": "47",
    "mountainNames": "芦別岳",
    "otherMountainNames": "",
    "lists": "日本二百名山|日本三百名山|北海道百名山",
    "routes": "",
    "entryType": "",
    "trailKmToSummit": "",
    "related": "TH-n2150377355(210m)",
    "attributes": "",
    "status": "provisional",
    "accuracyM": 40,
    "needsReview": "公式情報または2情報源での確認が必要、名称なし",
    "sources": "OpenStreetMap（© OpenStreetMap contributors, ODbL 1.0）Geofabrik japan-latest.osm.pbf 2026-09-30T20:22:42Z way/1333367441",
    "verifiedAt": ""
   }
  },
  {
   "type": "Feature",
   "geometry": {
    "type": "Point",
    "coordinates": [
     143.0745255,
     42.257778
    ]
   },
   "properties": {
    "id": "PK-w1386278976",
    "kind": "parking",
    "name": "（名称なし）駐車場",
    "datum": "WGS84",
    "mountainIds": "92",
    "mountainNames": "楽古岳",
    "otherMountainNames": "",
    "lists": "北海道百名山",
    "routes": "",
    "entryType": "",
    "trailKmToSummit": "",
    "related": "TH-n1739319601(32m)",
    "attributes": "access=yes",
    "status": "provisional",
    "accuracyM": 40,
    "needsReview": "公式情報または2情報源での確認が必要、名称なし",
    "sources": "OpenStreetMap（© OpenStreetMap contributors, ODbL 1.0）Geofabrik japan-latest.osm.pbf 2026-09-30T20:22:42Z way/1386278976",
    "verifiedAt": ""
   }
  },
  {
   "type": "Feature",
   "geometry": {
    "type": "Point",
    "coordinates": [
     141.2222418,
     43.0538808
    ]
   },
   "properties": {
    "id": "PK-w1388135435",
    "kind": "parking",
    "name": "（名称なし）駐車場",
    "datum": "WGS84",
    "mountainIds": "49",
    "mountainNames": "手稲山",
    "otherMountainNames": "",
    "lists": "北海道百名山",
    "routes": "",
    "entryType": "",
    "trailKmToSummit": "",
    "related": "TH-gsi-heiwanotaki(55m)",
    "attributes": "",
    "status": "provisional",
    "accuracyM": 40,
    "needsReview": "公式情報または2情報源での確認が必要、名称なし",
    "sources": "OpenStreetMap（© OpenStreetMap contributors, ODbL 1.0）Geofabrik japan-latest.osm.pbf 2026-09-30T20:22:42Z way/1388135435",
    "verifiedAt": ""
   }
  },
  {
   "type": "Feature",
   "geometry": {
    "type": "Point",
    "coordinates": [
     141.2260322,
     43.0566984
    ]
   },
   "properties": {
    "id": "PK-w1388135444",
    "kind": "parking",
    "name": "（名称なし）駐車場",
    "datum": "WGS84",
    "mountainIds": "49",
    "mountainNames": "手稲山",
    "otherMountainNames": "",
    "lists": "北海道百名山",
    "routes": "",
    "entryType": "",
    "trailKmToSummit": "",
    "related": "TH-gsi-heiwanotaki(425m)",
    "attributes": "",
    "status": "provisional",
    "accuracyM": 40,
    "needsReview": "公式情報または2情報源での確認が必要、名称なし、登山口から離れている（徒歩アプローチを要確認）",
    "sources": "OpenStreetMap（© OpenStreetMap contributors, ODbL 1.0）Geofabrik japan-latest.osm.pbf 2026-09-30T20:22:42Z way/1388135444",
    "verifiedAt": ""
   }
  },
  {
   "type": "Feature",
   "geometry": {
    "type": "Point",
    "coordinates": [
     145.162003,
     44.0320106
    ]
   },
   "properties": {
    "id": "PK-w1396847092",
    "kind": "parking",
    "name": "（名称なし）駐車場",
    "datum": "WGS84",
    "mountainIds": "8",
    "mountainNames": "羅臼岳",
    "otherMountainNames": "",
    "lists": "日本百名山|日本二百名山|日本三百名山|北海道百名山",
    "routes": "",
    "entryType": "",
    "trailKmToSummit": "",
    "related": "TH-n401625031(118m)",
    "attributes": "",
    "status": "provisional",
    "accuracyM": 40,
    "needsReview": "公式情報または2情報源での確認が必要、名称なし",
    "sources": "OpenStreetMap（© OpenStreetMap contributors, ODbL 1.0）Geofabrik japan-latest.osm.pbf 2026-09-30T20:22:42Z way/1396847092",
    "verifiedAt": ""
   }
  },
  {
   "type": "Feature",
   "geometry": {
    "type": "Point",
    "coordinates": [
     145.1614703,
     44.0319822
    ]
   },
   "properties": {
    "id": "PK-w1396847094",
    "kind": "parking",
    "name": "（名称なし）駐車場",
    "datum": "WGS84",
    "mountainIds": "8",
    "mountainNames": "羅臼岳",
    "otherMountainNames": "",
    "lists": "日本百名山|日本二百名山|日本三百名山|北海道百名山",
    "routes": "",
    "entryType": "",
    "trailKmToSummit": "",
    "related": "TH-n5930815696(500m) TH-n401625031(79m)",
    "attributes": "",
    "status": "provisional",
    "accuracyM": 40,
    "needsReview": "公式情報または2情報源での確認が必要、名称なし、登山口から離れている（徒歩アプローチを要確認）",
    "sources": "OpenStreetMap（© OpenStreetMap contributors, ODbL 1.0）Geofabrik japan-latest.osm.pbf 2026-09-30T20:22:42Z way/1396847094",
    "verifiedAt": ""
   }
  },
  {
   "type": "Feature",
   "geometry": {
    "type": "Point",
    "coordinates": [
     142.987995,
     42.111787
    ]
   },
   "properties": {
    "id": "PK-w1415005921",
    "kind": "parking",
    "name": "（名称なし）駐車場",
    "datum": "WGS84",
    "mountainIds": "95",
    "mountainNames": "アポイ岳",
    "otherMountainNames": "",
    "lists": "北海道百名山",
    "routes": "",
    "entryType": "",
    "trailKmToSummit": "",
    "related": "TH-n1722888106(48m)",
    "attributes": "",
    "status": "provisional",
    "accuracyM": 40,
    "needsReview": "公式情報または2情報源での確認が必要、名称なし",
    "sources": "OpenStreetMap（© OpenStreetMap contributors, ODbL 1.0）Geofabrik japan-latest.osm.pbf 2026-09-30T20:22:42Z way/1415005921",
    "verifiedAt": ""
   }
  },
  {
   "type": "Feature",
   "geometry": {
    "type": "Point",
    "coordinates": [
     142.9873807,
     42.1096833
    ]
   },
   "properties": {
    "id": "PK-w1415006545",
    "kind": "parking",
    "name": "（名称なし）駐車場",
    "datum": "WGS84",
    "mountainIds": "95",
    "mountainNames": "アポイ岳",
    "otherMountainNames": "",
    "lists": "北海道百名山",
    "routes": "",
    "entryType": "",
    "trailKmToSummit": "",
    "related": "TH-n1722888106(216m)",
    "attributes": "",
    "status": "provisional",
    "accuracyM": 40,
    "needsReview": "公式情報または2情報源での確認が必要、名称なし",
    "sources": "OpenStreetMap（© OpenStreetMap contributors, ODbL 1.0）Geofabrik japan-latest.osm.pbf 2026-09-30T20:22:42Z way/1415006545",
    "verifiedAt": ""
   }
  },
  {
   "type": "Feature",
   "geometry": {
    "type": "Point",
    "coordinates": [
     142.885785,
     42.8770473
    ]
   },
   "properties": {
    "id": "PK-w1416631808",
    "kind": "parking",
    "name": "（名称なし）駐車場",
    "datum": "WGS84",
    "mountainIds": "62",
    "mountainNames": "剣山",
    "otherMountainNames": "",
    "lists": "北海道百名山",
    "routes": "",
    "entryType": "",
    "trailKmToSummit": "",
    "related": "TH-n2110439543(403m)",
    "attributes": "",
    "status": "provisional",
    "accuracyM": 40,
    "needsReview": "公式情報または2情報源での確認が必要、名称なし、登山口から離れている（徒歩アプローチを要確認）",
    "sources": "OpenStreetMap（© OpenStreetMap contributors, ODbL 1.0）Geofabrik japan-latest.osm.pbf 2026-09-30T20:22:42Z way/1416631808",
    "verifiedAt": ""
   }
  },
  {
   "type": "Feature",
   "geometry": {
    "type": "Point",
    "coordinates": [
     141.3534381,
     43.0392135
    ]
   },
   "properties": {
    "id": "PK-w1429486295",
    "kind": "parking",
    "name": "（名称なし）駐車場",
    "datum": "WGS84",
    "mountainIds": "52",
    "mountainNames": "藻岩山",
    "otherMountainNames": "",
    "lists": "北海道百名山",
    "routes": "",
    "entryType": "",
    "trailKmToSummit": "",
    "related": "TH-n13680489801(107m)",
    "attributes": "capacity=2; access=customers; operator=とくびー",
    "status": "provisional",
    "accuracyM": 40,
    "needsReview": "公式情報または2情報源での確認が必要、名称なし",
    "sources": "OpenStreetMap（© OpenStreetMap contributors, ODbL 1.0）Geofabrik japan-latest.osm.pbf 2026-09-30T20:22:42Z way/1429486295",
    "verifiedAt": ""
   }
  },
  {
   "type": "Feature",
   "geometry": {
    "type": "Point",
    "coordinates": [
     142.7645287,
     43.1361937
    ]
   },
   "properties": {
    "id": "PK-w1431709542",
    "kind": "parking",
    "name": "（名称なし）駐車場",
    "datum": "WGS84",
    "mountainIds": "48",
    "mountainNames": "佐幌岳",
    "otherMountainNames": "",
    "lists": "北海道百名山",
    "routes": "",
    "entryType": "",
    "trailKmToSummit": "",
    "related": "TH-n1287143734(43m)",
    "attributes": "",
    "status": "provisional",
    "accuracyM": 40,
    "needsReview": "公式情報または2情報源での確認が必要、名称なし",
    "sources": "OpenStreetMap（© OpenStreetMap contributors, ODbL 1.0）Geofabrik japan-latest.osm.pbf 2026-09-30T20:22:42Z way/1431709542",
    "verifiedAt": ""
   }
  },
  {
   "type": "Feature",
   "geometry": {
    "type": "Point",
    "coordinates": [
     141.3716001,
     43.0465308
    ]
   },
   "properties": {
    "id": "PK-w1442740016",
    "kind": "parking",
    "name": "（名称なし）駐車場",
    "datum": "WGS84",
    "mountainIds": "52",
    "mountainNames": "藻岩山",
    "otherMountainNames": "",
    "lists": "北海道百名山",
    "routes": "",
    "entryType": "",
    "trailKmToSummit": "",
    "related": "TH-n2506331999(143m)",
    "attributes": "capacity=8",
    "status": "provisional",
    "accuracyM": 40,
    "needsReview": "公式情報または2情報源での確認が必要、名称なし",
    "sources": "OpenStreetMap（© OpenStreetMap contributors, ODbL 1.0）Geofabrik japan-latest.osm.pbf 2026-09-30T20:22:42Z way/1442740016",
    "verifiedAt": ""
   }
  },
  {
   "type": "Feature",
   "geometry": {
    "type": "Point",
    "coordinates": [
     141.3225161,
     43.0497371
    ]
   },
   "properties": {
    "id": "PK-w1454806970",
    "kind": "parking",
    "name": "（名称なし）駐車場",
    "datum": "WGS84",
    "mountainIds": "52",
    "mountainNames": "藻岩山",
    "otherMountainNames": "",
    "lists": "北海道百名山",
    "routes": "",
    "entryType": "",
    "trailKmToSummit": "",
    "related": "TH-n5727676687(151m)",
    "attributes": "fee=no; capacity=4; access=private",
    "status": "provisional",
    "accuracyM": 40,
    "needsReview": "公式情報または2情報源での確認が必要、名称なし",
    "sources": "OpenStreetMap（© OpenStreetMap contributors, ODbL 1.0）Geofabrik japan-latest.osm.pbf 2026-09-30T20:22:42Z way/1454806970",
    "verifiedAt": ""
   }
  },
  {
   "type": "Feature",
   "geometry": {
    "type": "Point",
    "coordinates": [
     142.3542631,
     43.3252612
    ]
   },
   "properties": {
    "id": "PK-w1465801953",
    "kind": "parking",
    "name": "（名称なし）駐車場",
    "datum": "WGS84",
    "mountainIds": "43",
    "mountainNames": "富良野西岳",
    "otherMountainNames": "",
    "lists": "北海道百名山",
    "routes": "",
    "entryType": "",
    "trailKmToSummit": "",
    "related": "TH-n4691765707(70m)",
    "attributes": "",
    "status": "provisional",
    "accuracyM": 40,
    "needsReview": "公式情報または2情報源での確認が必要、名称なし",
    "sources": "OpenStreetMap（© OpenStreetMap contributors, ODbL 1.0）Geofabrik japan-latest.osm.pbf 2026-09-30T20:22:42Z way/1465801953",
    "verifiedAt": ""
   }
  },
  {
   "type": "Feature",
   "geometry": {
    "type": "Point",
    "coordinates": [
     140.7123585,
     41.7582817
    ]
   },
   "properties": {
    "id": "PK-w1465801955",
    "kind": "parking",
    "name": "（名称なし）駐車場",
    "datum": "WGS84",
    "mountainIds": "99",
    "mountainNames": "函館山",
    "otherMountainNames": "",
    "lists": "北海道百名山",
    "routes": "",
    "entryType": "",
    "trailKmToSummit": "",
    "related": "TH-n263002325(272m)",
    "attributes": "",
    "status": "provisional",
    "accuracyM": 40,
    "needsReview": "公式情報または2情報源での確認が必要、名称なし",
    "sources": "OpenStreetMap（© OpenStreetMap contributors, ODbL 1.0）Geofabrik japan-latest.osm.pbf 2026-09-30T20:22:42Z way/1465801955",
    "verifiedAt": ""
   }
  },
  {
   "type": "Feature",
   "geometry": {
    "type": "Point",
    "coordinates": [
     140.7799939,
     42.784038
    ]
   },
   "properties": {
    "id": "PK-w1481689812",
    "kind": "parking",
    "name": "（名称なし）駐車場",
    "datum": "WGS84",
    "mountainIds": "63",
    "mountainNames": "羊蹄山",
    "otherMountainNames": "",
    "lists": "日本百名山|日本二百名山|日本三百名山|北海道百名山",
    "routes": "",
    "entryType": "",
    "trailKmToSummit": "",
    "related": "TH-n13591297541(265m) TH-n9430062075(162m)",
    "attributes": "",
    "status": "provisional",
    "accuracyM": 40,
    "needsReview": "公式情報または2情報源での確認が必要、名称なし",
    "sources": "OpenStreetMap（© OpenStreetMap contributors, ODbL 1.0）Geofabrik japan-latest.osm.pbf 2026-09-30T20:22:42Z way/1481689812",
    "verifiedAt": ""
   }
  },
  {
   "type": "Feature",
   "geometry": {
    "type": "Point",
    "coordinates": [
     141.3548588,
     43.0586015
    ]
   },
   "properties": {
    "id": "PK-w199759697",
    "kind": "parking",
    "name": "タイムズ",
    "datum": "WGS84",
    "mountainIds": "52",
    "mountainNames": "藻岩山",
    "otherMountainNames": "",
    "lists": "北海道百名山",
    "routes": "",
    "entryType": "",
    "trailKmToSummit": "",
    "related": "TH-n13540823696(124m)",
    "attributes": "fee=yes; capacity=6; operator=タイムズ24",
    "status": "provisional",
    "accuracyM": 40,
    "needsReview": "公式情報または2情報源での確認が必要",
    "sources": "OpenStreetMap（© OpenStreetMap contributors, ODbL 1.0）Geofabrik japan-latest.osm.pbf 2026-09-30T20:22:42Z way/199759697",
    "verifiedAt": ""
   }
  },
  {
   "type": "Feature",
   "geometry": {
    "type": "Point",
    "coordinates": [
     141.3563347,
     43.0591296
    ]
   },
   "properties": {
    "id": "PK-w201063386",
    "kind": "parking",
    "name": "カービスパーク 1・1",
    "datum": "WGS84",
    "mountainIds": "52",
    "mountainNames": "藻岩山",
    "otherMountainNames": "",
    "lists": "北海道百名山",
    "routes": "",
    "entryType": "",
    "trailKmToSummit": "",
    "related": "TH-n13540823696(109m)",
    "attributes": "fee=yes; capacity=43; access=customers; operator=株式会社 カービス ネオ",
    "status": "provisional",
    "accuracyM": 40,
    "needsReview": "公式情報または2情報源での確認が必要",
    "sources": "OpenStreetMap（© OpenStreetMap contributors, ODbL 1.0）Geofabrik japan-latest.osm.pbf 2026-09-30T20:22:42Z way/201063386",
    "verifiedAt": ""
   }
  },
  {
   "type": "Feature",
   "geometry": {
    "type": "Point",
    "coordinates": [
     142.7990667,
     43.6518387
    ]
   },
   "properties": {
    "id": "PK-w233365968",
    "kind": "parking",
    "name": "旭岳公共駐車場",
    "datum": "WGS84",
    "mountainIds": "15 17 18 19 20 21 22",
    "mountainNames": "愛別岳、黒岳、北鎮岳、赤岳、小泉岳、大雪山、白雲岳",
    "otherMountainNames": "",
    "lists": "北海道百名山|日本百名山|日本二百名山|日本三百名山",
    "routes": "",
    "entryType": "",
    "trailKmToSummit": "",
    "related": "TH-w28242117-2(136m)",
    "attributes": "fee=no; access=yes",
    "status": "provisional",
    "accuracyM": 40,
    "needsReview": "公式情報または2情報源での確認が必要",
    "sources": "OpenStreetMap（© OpenStreetMap contributors, ODbL 1.0）Geofabrik japan-latest.osm.pbf 2026-09-30T20:22:42Z way/233365968",
    "verifiedAt": ""
   }
  },
  {
   "type": "Feature",
   "geometry": {
    "type": "Point",
    "coordinates": [
     142.7982238,
     43.6527975
    ]
   },
   "properties": {
    "id": "PK-w233365969",
    "kind": "parking",
    "name": "（名称なし）駐車場",
    "datum": "WGS84",
    "mountainIds": "15 17 18 19 20 21 22",
    "mountainNames": "愛別岳、黒岳、北鎮岳、赤岳、小泉岳、大雪山、白雲岳",
    "otherMountainNames": "",
    "lists": "北海道百名山|日本百名山|日本二百名山|日本三百名山",
    "routes": "",
    "entryType": "",
    "trailKmToSummit": "",
    "related": "TH-w28242117-2(61m)",
    "attributes": "fee=yes; access=yes",
    "status": "provisional",
    "accuracyM": 40,
    "needsReview": "公式情報または2情報源での確認が必要、名称なし",
    "sources": "OpenStreetMap（© OpenStreetMap contributors, ODbL 1.0）Geofabrik japan-latest.osm.pbf 2026-09-30T20:22:42Z way/233365969",
    "verifiedAt": ""
   }
  },
  {
   "type": "Feature",
   "geometry": {
    "type": "Point",
    "coordinates": [
     140.7034982,
     41.7590816
    ]
   },
   "properties": {
    "id": "PK-w24294890",
    "kind": "parking",
    "name": "（名称なし）駐車場",
    "datum": "WGS84",
    "mountainIds": "99",
    "mountainNames": "函館山",
    "otherMountainNames": "",
    "lists": "北海道百名山",
    "routes": "",
    "entryType": "",
    "trailKmToSummit": "",
    "related": "TH-n326603235(119m) TH-n757023195(206m)",
    "attributes": "",
    "status": "provisional",
    "accuracyM": 40,
    "needsReview": "公式情報または2情報源での確認が必要、名称なし",
    "sources": "OpenStreetMap（© OpenStreetMap contributors, ODbL 1.0）Geofabrik japan-latest.osm.pbf 2026-09-30T20:22:42Z way/24294890",
    "verifiedAt": ""
   }
  },
  {
   "type": "Feature",
   "geometry": {
    "type": "Point",
    "coordinates": [
     140.7040505,
     41.7588312
    ]
   },
   "properties": {
    "id": "PK-w24294891",
    "kind": "parking",
    "name": "（名称なし）駐車場",
    "datum": "WGS84",
    "mountainIds": "99",
    "mountainNames": "函館山",
    "otherMountainNames": "",
    "lists": "北海道百名山",
    "routes": "",
    "entryType": "",
    "trailKmToSummit": "",
    "related": "TH-n326603235(84m) TH-n757023195(222m) TH-n263002325(422m)",
    "attributes": "",
    "status": "provisional",
    "accuracyM": 40,
    "needsReview": "公式情報または2情報源での確認が必要、名称なし、登山口から離れている（徒歩アプローチを要確認）",
    "sources": "OpenStreetMap（© OpenStreetMap contributors, ODbL 1.0）Geofabrik japan-latest.osm.pbf 2026-09-30T20:22:42Z way/24294891",
    "verifiedAt": ""
   }
  },
  {
   "type": "Feature",
   "geometry": {
    "type": "Point",
    "coordinates": [
     141.3241976,
     43.0493224
    ]
   },
   "properties": {
    "id": "PK-w260596639",
    "kind": "parking",
    "name": "かねひろ亭駐車場",
    "datum": "WGS84",
    "mountainIds": "52",
    "mountainNames": "藻岩山",
    "otherMountainNames": "",
    "lists": "北海道百名山",
    "routes": "",
    "entryType": "",
    "trailKmToSummit": "",
    "related": "TH-n5727676687(35m)",
    "attributes": "fee=no; capacity=10; access=customers",
    "status": "provisional",
    "accuracyM": 40,
    "needsReview": "公式情報または2情報源での確認が必要",
    "sources": "OpenStreetMap（© OpenStreetMap contributors, ODbL 1.0）Geofabrik japan-latest.osm.pbf 2026-09-30T20:22:42Z way/260596639",
    "verifiedAt": ""
   }
  },
  {
   "type": "Feature",
   "geometry": {
    "type": "Point",
    "coordinates": [
     140.7144297,
     41.7521081
    ]
   },
   "properties": {
    "id": "PK-w263921816",
    "kind": "parking",
    "name": "（名称なし）駐車場",
    "datum": "WGS84",
    "mountainIds": "99",
    "mountainNames": "函館山",
    "otherMountainNames": "",
    "lists": "北海道百名山",
    "routes": "",
    "entryType": "",
    "trailKmToSummit": "",
    "related": "TH-kP11-22-01-bs14241(65m)",
    "attributes": "access=customers; operator=谷地頭温泉",
    "status": "provisional",
    "accuracyM": 40,
    "needsReview": "公式情報または2情報源での確認が必要、名称なし",
    "sources": "OpenStreetMap（© OpenStreetMap contributors, ODbL 1.0）Geofabrik japan-latest.osm.pbf 2026-09-30T20:22:42Z way/263921816",
    "verifiedAt": ""
   }
  },
  {
   "type": "Feature",
   "geometry": {
    "type": "Point",
    "coordinates": [
     141.3111499,
     43.0536936
    ]
   },
   "properties": {
    "id": "PK-w263954233",
    "kind": "parking",
    "name": "（名称なし）駐車場",
    "datum": "WGS84",
    "mountainIds": "10007",
    "mountainNames": "",
    "otherMountainNames": "円山",
    "lists": "",
    "routes": "",
    "entryType": "",
    "trailKmToSummit": "",
    "related": "TH-gsi-maruyama-88(66m)",
    "attributes": "",
    "status": "provisional",
    "accuracyM": 40,
    "needsReview": "公式情報または2情報源での確認が必要、名称なし",
    "sources": "OpenStreetMap（© OpenStreetMap contributors, ODbL 1.0）Geofabrik japan-latest.osm.pbf 2026-09-30T20:22:42Z way/263954233",
    "verifiedAt": ""
   }
  },
  {
   "type": "Feature",
   "geometry": {
    "type": "Point",
    "coordinates": [
     142.9461244,
     43.7260829
    ]
   },
   "properties": {
    "id": "PK-w282998224",
    "kind": "parking",
    "name": "（名称なし）駐車場",
    "datum": "WGS84",
    "mountainIds": "15 17 18 19 20 21 22",
    "mountainNames": "愛別岳、黒岳、北鎮岳、赤岳、小泉岳、大雪山、白雲岳",
    "otherMountainNames": "",
    "lists": "北海道百名山|日本百名山|日本二百名山|日本三百名山",
    "routes": "",
    "entryType": "",
    "trailKmToSummit": "",
    "related": "TH-n4348502050(25m)",
    "attributes": "",
    "status": "provisional",
    "accuracyM": 40,
    "needsReview": "公式情報または2情報源での確認が必要、名称なし",
    "sources": "OpenStreetMap（© OpenStreetMap contributors, ODbL 1.0）Geofabrik japan-latest.osm.pbf 2026-09-30T20:22:42Z way/282998224",
    "verifiedAt": ""
   }
  },
  {
   "type": "Feature",
   "geometry": {
    "type": "Point",
    "coordinates": [
     140.7143467,
     41.7619141
    ]
   },
   "properties": {
    "id": "PK-w283051893",
    "kind": "parking",
    "name": "（名称なし）駐車場",
    "datum": "WGS84",
    "mountainIds": "99",
    "mountainNames": "函館山",
    "otherMountainNames": "",
    "lists": "北海道百名山",
    "routes": "",
    "entryType": "",
    "trailKmToSummit": "",
    "related": "TH-w454280224(47m)",
    "attributes": "",
    "status": "provisional",
    "accuracyM": 40,
    "needsReview": "公式情報または2情報源での確認が必要、名称なし",
    "sources": "OpenStreetMap（© OpenStreetMap contributors, ODbL 1.0）Geofabrik japan-latest.osm.pbf 2026-09-30T20:22:42Z way/283051893",
    "verifiedAt": ""
   }
  },
  {
   "type": "Feature",
   "geometry": {
    "type": "Point",
    "coordinates": [
     142.9460688,
     43.72731
    ]
   },
   "properties": {
    "id": "PK-w294442469",
    "kind": "parking",
    "name": "（名称なし）駐車場",
    "datum": "WGS84",
    "mountainIds": "15 17 18 19 20 21 22",
    "mountainNames": "愛別岳、黒岳、北鎮岳、赤岳、小泉岳、大雪山、白雲岳",
    "otherMountainNames": "",
    "lists": "北海道百名山|日本百名山|日本二百名山|日本三百名山",
    "routes": "",
    "entryType": "",
    "trailKmToSummit": "",
    "related": "TH-n4348502050(156m)",
    "attributes": "",
    "status": "provisional",
    "accuracyM": 40,
    "needsReview": "公式情報または2情報源での確認が必要、名称なし",
    "sources": "OpenStreetMap（© OpenStreetMap contributors, ODbL 1.0）Geofabrik japan-latest.osm.pbf 2026-09-30T20:22:42Z way/294442469",
    "verifiedAt": ""
   }
  },
  {
   "type": "Feature",
   "geometry": {
    "type": "Point",
    "coordinates": [
     142.1397389,
     44.1157166
    ]
   },
   "properties": {
    "id": "PK-w324228295",
    "kind": "parking",
    "name": "（名称なし）駐車場",
    "datum": "WGS84",
    "mountainIds": "7",
    "mountainNames": "三頭山",
    "otherMountainNames": "",
    "lists": "北海道百名山",
    "routes": "",
    "entryType": "",
    "trailKmToSummit": "",
    "related": "TH-n3309557762(61m) TH-n1704582184(440m)",
    "attributes": "",
    "status": "provisional",
    "accuracyM": 40,
    "needsReview": "公式情報または2情報源での確認が必要、名称なし、登山口から離れている（徒歩アプローチを要確認）",
    "sources": "OpenStreetMap（© OpenStreetMap contributors, ODbL 1.0）Geofabrik japan-latest.osm.pbf 2026-09-30T20:22:42Z way/324228295",
    "verifiedAt": ""
   }
  },
  {
   "type": "Feature",
   "geometry": {
    "type": "Point",
    "coordinates": [
     142.1388251,
     44.1146557
    ]
   },
   "properties": {
    "id": "PK-w324228297",
    "kind": "parking",
    "name": "（名称なし）駐車場",
    "datum": "WGS84",
    "mountainIds": "7",
    "mountainNames": "三頭山",
    "otherMountainNames": "",
    "lists": "北海道百名山",
    "routes": "",
    "entryType": "",
    "trailKmToSummit": "",
    "related": "TH-n3309557762(80m) TH-n1704582184(302m)",
    "attributes": "",
    "status": "provisional",
    "accuracyM": 40,
    "needsReview": "公式情報または2情報源での確認が必要、名称なし、登山口から離れている（徒歩アプローチを要確認）",
    "sources": "OpenStreetMap（© OpenStreetMap contributors, ODbL 1.0）Geofabrik japan-latest.osm.pbf 2026-09-30T20:22:42Z way/324228297",
    "verifiedAt": ""
   }
  },
  {
   "type": "Feature",
   "geometry": {
    "type": "Point",
    "coordinates": [
     142.1396875,
     44.1148232
    ]
   },
   "properties": {
    "id": "PK-w324228300",
    "kind": "parking",
    "name": "（名称なし）駐車場",
    "datum": "WGS84",
    "mountainIds": "7",
    "mountainNames": "三頭山",
    "otherMountainNames": "",
    "lists": "北海道百名山",
    "routes": "",
    "entryType": "",
    "trailKmToSummit": "",
    "related": "TH-n3309557762(45m) TH-n1704582184(357m)",
    "attributes": "",
    "status": "provisional",
    "accuracyM": 40,
    "needsReview": "公式情報または2情報源での確認が必要、名称なし、登山口から離れている（徒歩アプローチを要確認）",
    "sources": "OpenStreetMap（© OpenStreetMap contributors, ODbL 1.0）Geofabrik japan-latest.osm.pbf 2026-09-30T20:22:42Z way/324228300",
    "verifiedAt": ""
   }
  },
  {
   "type": "Feature",
   "geometry": {
    "type": "Point",
    "coordinates": [
     140.7587765,
     42.846094
    ]
   },
   "properties": {
    "id": "PK-w342421428",
    "kind": "parking",
    "name": "（名称なし）駐車場",
    "datum": "WGS84",
    "mountainIds": "63",
    "mountainNames": "羊蹄山",
    "otherMountainNames": "",
    "lists": "日本百名山|日本二百名山|日本三百名山|北海道百名山",
    "routes": "",
    "entryType": "",
    "trailKmToSummit": "",
    "related": "TH-n829831854(89m)",
    "attributes": "",
    "status": "provisional",
    "accuracyM": 40,
    "needsReview": "公式情報または2情報源での確認が必要、名称なし",
    "sources": "OpenStreetMap（© OpenStreetMap contributors, ODbL 1.0）Geofabrik japan-latest.osm.pbf 2026-09-30T20:22:42Z way/342421428",
    "verifiedAt": ""
   }
  },
  {
   "type": "Feature",
   "geometry": {
    "type": "Point",
    "coordinates": [
     141.3443973,
     43.0457211
    ]
   },
   "properties": {
    "id": "PK-w346583977",
    "kind": "parking",
    "name": "あけぼのアート＆コミュニティセンター パーキング",
    "datum": "WGS84",
    "mountainIds": "52",
    "mountainNames": "藻岩山",
    "otherMountainNames": "",
    "lists": "北海道百名山",
    "routes": "",
    "entryType": "",
    "trailKmToSummit": "",
    "related": "TH-n5781662153(76m)",
    "attributes": "access=customers; operator=NPO法人コンカリーニョ",
    "status": "provisional",
    "accuracyM": 40,
    "needsReview": "公式情報または2情報源での確認が必要",
    "sources": "OpenStreetMap（© OpenStreetMap contributors, ODbL 1.0）Geofabrik japan-latest.osm.pbf 2026-09-30T20:22:42Z way/346583977",
    "verifiedAt": ""
   }
  },
  {
   "type": "Feature",
   "geometry": {
    "type": "Point",
    "coordinates": [
     141.335557,
     43.065528
    ]
   },
   "properties": {
    "id": "PK-w346583979",
    "kind": "parking",
    "name": "（名称なし）駐車場",
    "datum": "WGS84",
    "mountainIds": "52",
    "mountainNames": "藻岩山",
    "otherMountainNames": "",
    "lists": "北海道百名山",
    "routes": "",
    "entryType": "",
    "trailKmToSummit": "",
    "related": "TH-n2320246543(108m)",
    "attributes": "fee=yes; access=private",
    "status": "provisional",
    "accuracyM": 40,
    "needsReview": "公式情報または2情報源での確認が必要、名称なし",
    "sources": "OpenStreetMap（© OpenStreetMap contributors, ODbL 1.0）Geofabrik japan-latest.osm.pbf 2026-09-30T20:22:42Z way/346583979",
    "verifiedAt": ""
   }
  },
  {
   "type": "Feature",
   "geometry": {
    "type": "Point",
    "coordinates": [
     141.3465457,
     43.0460963
    ]
   },
   "properties": {
    "id": "PK-w352442632",
    "kind": "parking",
    "name": "スカイパーク 南10条西8丁目",
    "datum": "WGS84",
    "mountainIds": "52",
    "mountainNames": "藻岩山",
    "otherMountainNames": "",
    "lists": "北海道百名山",
    "routes": "",
    "entryType": "",
    "trailKmToSummit": "",
    "related": "TH-n5781662153(107m)",
    "attributes": "access=customers",
    "status": "provisional",
    "accuracyM": 40,
    "needsReview": "公式情報または2情報源での確認が必要",
    "sources": "OpenStreetMap（© OpenStreetMap contributors, ODbL 1.0）Geofabrik japan-latest.osm.pbf 2026-09-30T20:22:42Z way/352442632",
    "verifiedAt": ""
   }
  },
  {
   "type": "Feature",
   "geometry": {
    "type": "Point",
    "coordinates": [
     141.5105428,
     43.7707324
    ]
   },
   "properties": {
    "id": "PK-w366427872",
    "kind": "parking",
    "name": "（名称なし）駐車場",
    "datum": "WGS84",
    "mountainIds": "14",
    "mountainNames": "暑寒別岳",
    "otherMountainNames": "",
    "lists": "日本二百名山|日本三百名山|北海道百名山",
    "routes": "",
    "entryType": "",
    "trailKmToSummit": "",
    "related": "TH-n1601949836(33m)",
    "attributes": "fee=no; access=yes",
    "status": "provisional",
    "accuracyM": 40,
    "needsReview": "公式情報または2情報源での確認が必要、名称なし",
    "sources": "OpenStreetMap（© OpenStreetMap contributors, ODbL 1.0）Geofabrik japan-latest.osm.pbf 2026-09-30T20:22:42Z way/366427872",
    "verifiedAt": ""
   }
  },
  {
   "type": "Feature",
   "geometry": {
    "type": "Point",
    "coordinates": [
     141.3902829,
     42.6989926
    ]
   },
   "properties": {
    "id": "PK-w366430158",
    "kind": "parking",
    "name": "（名称なし）駐車場",
    "datum": "WGS84",
    "mountainIds": "74 77",
    "mountainNames": "風不死岳、樽前山",
    "otherMountainNames": "",
    "lists": "北海道百名山|日本二百名山|日本三百名山",
    "routes": "",
    "entryType": "",
    "trailKmToSummit": "",
    "related": "TH-n829818694(20m)",
    "attributes": "fee=no; access=yes",
    "status": "provisional",
    "accuracyM": 40,
    "needsReview": "公式情報または2情報源での確認が必要、名称なし",
    "sources": "OpenStreetMap（© OpenStreetMap contributors, ODbL 1.0）Geofabrik japan-latest.osm.pbf 2026-09-30T20:22:42Z way/366430158",
    "verifiedAt": ""
   }
  },
  {
   "type": "Feature",
   "geometry": {
    "type": "Point",
    "coordinates": [
     141.4047883,
     42.775215
    ]
   },
   "properties": {
    "id": "PK-w366433246",
    "kind": "parking",
    "name": "（名称なし）駐車場",
    "datum": "WGS84",
    "mountainIds": "10014",
    "mountainNames": "",
    "otherMountainNames": "紋別岳",
    "lists": "",
    "routes": "",
    "entryType": "",
    "trailKmToSummit": "",
    "related": "TH-gsi-monbetsudake(303m)",
    "attributes": "fee=yes; access=yes",
    "status": "provisional",
    "accuracyM": 40,
    "needsReview": "公式情報または2情報源での確認が必要、名称なし、登山口から離れている（徒歩アプローチを要確認）",
    "sources": "OpenStreetMap（© OpenStreetMap contributors, ODbL 1.0）Geofabrik japan-latest.osm.pbf 2026-09-30T20:22:42Z way/366433246",
    "verifiedAt": ""
   }
  },
  {
   "type": "Feature",
   "geometry": {
    "type": "Point",
    "coordinates": [
     141.403411,
     42.775191
    ]
   },
   "properties": {
    "id": "PK-w366899131",
    "kind": "parking",
    "name": "（名称なし）駐車場",
    "datum": "WGS84",
    "mountainIds": "10014",
    "mountainNames": "",
    "otherMountainNames": "紋別岳",
    "lists": "",
    "routes": "",
    "entryType": "",
    "trailKmToSummit": "",
    "related": "TH-gsi-monbetsudake(215m)",
    "attributes": "fee=no; access=customers",
    "status": "provisional",
    "accuracyM": 40,
    "needsReview": "公式情報または2情報源での確認が必要、名称なし",
    "sources": "OpenStreetMap（© OpenStreetMap contributors, ODbL 1.0）Geofabrik japan-latest.osm.pbf 2026-09-30T20:22:42Z way/366899131",
    "verifiedAt": ""
   }
  },
  {
   "type": "Feature",
   "geometry": {
    "type": "Point",
    "coordinates": [
     141.4043864,
     42.7747388
    ]
   },
   "properties": {
    "id": "PK-w366899134",
    "kind": "parking",
    "name": "（名称なし）駐車場",
    "datum": "WGS84",
    "mountainIds": "10014",
    "mountainNames": "",
    "otherMountainNames": "紋別岳",
    "lists": "",
    "routes": "",
    "entryType": "",
    "trailKmToSummit": "",
    "related": "TH-gsi-monbetsudake(307m)",
    "attributes": "fee=yes; access=yes",
    "status": "provisional",
    "accuracyM": 40,
    "needsReview": "公式情報または2情報源での確認が必要、名称なし、登山口から離れている（徒歩アプローチを要確認）",
    "sources": "OpenStreetMap（© OpenStreetMap contributors, ODbL 1.0）Geofabrik japan-latest.osm.pbf 2026-09-30T20:22:42Z way/366899134",
    "verifiedAt": ""
   }
  },
  {
   "type": "Feature",
   "geometry": {
    "type": "Point",
    "coordinates": [
     141.3448919,
     43.0466667
    ]
   },
   "properties": {
    "id": "PK-w384391972",
    "kind": "parking",
    "name": "（名称なし）駐車場",
    "datum": "WGS84",
    "mountainIds": "52",
    "mountainNames": "藻岩山",
    "otherMountainNames": "",
    "lists": "北海道百名山",
    "routes": "",
    "entryType": "",
    "trailKmToSummit": "",
    "related": "TH-n5781662153(111m)",
    "attributes": "access=customers",
    "status": "provisional",
    "accuracyM": 40,
    "needsReview": "公式情報または2情報源での確認が必要、名称なし",
    "sources": "OpenStreetMap（© OpenStreetMap contributors, ODbL 1.0）Geofabrik japan-latest.osm.pbf 2026-09-30T20:22:42Z way/384391972",
    "verifiedAt": ""
   }
  },
  {
   "type": "Feature",
   "geometry": {
    "type": "Point",
    "coordinates": [
     141.3340874,
     43.0363689
    ]
   },
   "properties": {
    "id": "PK-w390374520",
    "kind": "parking",
    "name": "（名称なし）駐車場",
    "datum": "WGS84",
    "mountainIds": "52",
    "mountainNames": "藻岩山",
    "otherMountainNames": "",
    "lists": "北海道百名山",
    "routes": "",
    "entryType": "",
    "trailKmToSummit": "",
    "related": "TH-n8625641209(63m)",
    "attributes": "fee=yes",
    "status": "provisional",
    "accuracyM": 40,
    "needsReview": "公式情報または2情報源での確認が必要、名称なし",
    "sources": "OpenStreetMap（© OpenStreetMap contributors, ODbL 1.0）Geofabrik japan-latest.osm.pbf 2026-09-30T20:22:42Z way/390374520",
    "verifiedAt": ""
   }
  },
  {
   "type": "Feature",
   "geometry": {
    "type": "Point",
    "coordinates": [
     141.3333472,
     43.0324139
    ]
   },
   "properties": {
    "id": "PK-w390785224",
    "kind": "parking",
    "name": "（名称なし）駐車場",
    "datum": "WGS84",
    "mountainIds": "52",
    "mountainNames": "藻岩山",
    "otherMountainNames": "",
    "lists": "北海道百名山",
    "routes": "",
    "entryType": "",
    "trailKmToSummit": "",
    "related": "TH-n1781191908(99m)",
    "attributes": "access=customers",
    "status": "provisional",
    "accuracyM": 40,
    "needsReview": "公式情報または2情報源での確認が必要、名称なし",
    "sources": "OpenStreetMap（© OpenStreetMap contributors, ODbL 1.0）Geofabrik japan-latest.osm.pbf 2026-09-30T20:22:42Z way/390785224",
    "verifiedAt": ""
   }
  },
  {
   "type": "Feature",
   "geometry": {
    "type": "Point",
    "coordinates": [
     141.5691294,
     43.7806525
    ]
   },
   "properties": {
    "id": "PK-w419724332",
    "kind": "parking",
    "name": "（名称なし）駐車場",
    "datum": "WGS84",
    "mountainIds": "14",
    "mountainNames": "暑寒別岳",
    "otherMountainNames": "",
    "lists": "日本二百名山|日本三百名山|北海道百名山",
    "routes": "",
    "entryType": "",
    "trailKmToSummit": "",
    "related": "TH-n1601950392(93m) TH-gsi-hashibetsu(83m)",
    "attributes": "",
    "status": "provisional",
    "accuracyM": 40,
    "needsReview": "公式情報または2情報源での確認が必要、名称なし",
    "sources": "OpenStreetMap（© OpenStreetMap contributors, ODbL 1.0）Geofabrik japan-latest.osm.pbf 2026-09-30T20:22:42Z way/419724332",
    "verifiedAt": ""
   }
  },
  {
   "type": "Feature",
   "geometry": {
    "type": "Point",
    "coordinates": [
     140.7783677,
     42.7830846
    ]
   },
   "properties": {
    "id": "PK-w429221848",
    "kind": "parking",
    "name": "（名称なし）駐車場",
    "datum": "WGS84",
    "mountainIds": "63",
    "mountainNames": "羊蹄山",
    "otherMountainNames": "",
    "lists": "日本百名山|日本二百名山|日本三百名山|北海道百名山",
    "routes": "",
    "entryType": "",
    "trailKmToSummit": "",
    "related": "TH-n13591297541(137m) TH-n9430062075(203m)",
    "attributes": "",
    "status": "provisional",
    "accuracyM": 40,
    "needsReview": "公式情報または2情報源での確認が必要、名称なし",
    "sources": "OpenStreetMap（© OpenStreetMap contributors, ODbL 1.0）Geofabrik japan-latest.osm.pbf 2026-09-30T20:22:42Z way/429221848",
    "verifiedAt": ""
   }
  },
  {
   "type": "Feature",
   "geometry": {
    "type": "Point",
    "coordinates": [
     140.7791921,
     42.7817573
    ]
   },
   "properties": {
    "id": "PK-w429221850",
    "kind": "parking",
    "name": "（名称なし）駐車場",
    "datum": "WGS84",
    "mountainIds": "63",
    "mountainNames": "羊蹄山",
    "otherMountainNames": "",
    "lists": "日本百名山|日本二百名山|日本三百名山|北海道百名山",
    "routes": "",
    "entryType": "",
    "trailKmToSummit": "",
    "related": "TH-n13591297541(45m)",
    "attributes": "",
    "status": "provisional",
    "accuracyM": 40,
    "needsReview": "公式情報または2情報源での確認が必要、名称なし",
    "sources": "OpenStreetMap（© OpenStreetMap contributors, ODbL 1.0）Geofabrik japan-latest.osm.pbf 2026-09-30T20:22:42Z way/429221850",
    "verifiedAt": ""
   }
  },
  {
   "type": "Feature",
   "geometry": {
    "type": "Point",
    "coordinates": [
     140.7779926,
     42.7852272
    ]
   },
   "properties": {
    "id": "PK-w429221854",
    "kind": "parking",
    "name": "（名称なし）駐車場",
    "datum": "WGS84",
    "mountainIds": "63",
    "mountainNames": "羊蹄山",
    "otherMountainNames": "",
    "lists": "日本百名山|日本二百名山|日本三百名山|北海道百名山",
    "routes": "",
    "entryType": "",
    "trailKmToSummit": "",
    "related": "TH-n9430062075(49m)",
    "attributes": "",
    "status": "provisional",
    "accuracyM": 40,
    "needsReview": "公式情報または2情報源での確認が必要、名称なし",
    "sources": "OpenStreetMap（© OpenStreetMap contributors, ODbL 1.0）Geofabrik japan-latest.osm.pbf 2026-09-30T20:22:42Z way/429221854",
    "verifiedAt": ""
   }
  },
  {
   "type": "Feature",
   "geometry": {
    "type": "Point",
    "coordinates": [
     140.7823665,
     42.7890825
    ]
   },
   "properties": {
    "id": "PK-w429221857",
    "kind": "parking",
    "name": "（名称なし）駐車場",
    "datum": "WGS84",
    "mountainIds": "63",
    "mountainNames": "羊蹄山",
    "otherMountainNames": "",
    "lists": "日本百名山|日本二百名山|日本三百名山|北海道百名山",
    "routes": "",
    "entryType": "",
    "trailKmToSummit": "",
    "related": "TH-n4283498074(48m)",
    "attributes": "",
    "status": "provisional",
    "accuracyM": 40,
    "needsReview": "公式情報または2情報源での確認が必要、名称なし",
    "sources": "OpenStreetMap（© OpenStreetMap contributors, ODbL 1.0）Geofabrik japan-latest.osm.pbf 2026-09-30T20:22:42Z way/429221857",
    "verifiedAt": ""
   }
  },
  {
   "type": "Feature",
   "geometry": {
    "type": "Point",
    "coordinates": [
     140.7851818,
     42.7947024
    ]
   },
   "properties": {
    "id": "PK-w429221871",
    "kind": "parking",
    "name": "（名称なし）駐車場",
    "datum": "WGS84",
    "mountainIds": "63",
    "mountainNames": "羊蹄山",
    "otherMountainNames": "",
    "lists": "日本百名山|日本二百名山|日本三百名山|北海道百名山",
    "routes": "",
    "entryType": "",
    "trailKmToSummit": "",
    "related": "TH-n1266172859(364m) TH-n4283498467(13m)",
    "attributes": "",
    "status": "provisional",
    "accuracyM": 40,
    "needsReview": "公式情報または2情報源での確認が必要、名称なし、登山口から離れている（徒歩アプローチを要確認）",
    "sources": "OpenStreetMap（© OpenStreetMap contributors, ODbL 1.0）Geofabrik japan-latest.osm.pbf 2026-09-30T20:22:42Z way/429221871",
    "verifiedAt": ""
   }
  },
  {
   "type": "Feature",
   "geometry": {
    "type": "Point",
    "coordinates": [
     140.6391534,
     42.8740225
    ]
   },
   "properties": {
    "id": "PK-w429788796",
    "kind": "parking",
    "name": "（名称なし）駐車場",
    "datum": "WGS84",
    "mountainIds": "59 65",
    "mountainNames": "イワオヌプリ、ニセコアンヌプリ",
    "otherMountainNames": "",
    "lists": "北海道百名山|日本三百名山",
    "routes": "",
    "entryType": "",
    "trailKmToSummit": "",
    "related": "TH-n9255414142(28m) TH-n1303332760(340m) TH-n4289785067(99m)",
    "attributes": "",
    "status": "provisional",
    "accuracyM": 40,
    "needsReview": "公式情報または2情報源での確認が必要、名称なし、登山口から離れている（徒歩アプローチを要確認）",
    "sources": "OpenStreetMap（© OpenStreetMap contributors, ODbL 1.0）Geofabrik japan-latest.osm.pbf 2026-09-30T20:22:42Z way/429788796",
    "verifiedAt": ""
   }
  },
  {
   "type": "Feature",
   "geometry": {
    "type": "Point",
    "coordinates": [
     140.6388994,
     42.8730609
    ]
   },
   "properties": {
    "id": "PK-w429788804",
    "kind": "parking",
    "name": "（名称なし）駐車場",
    "datum": "WGS84",
    "mountainIds": "59 65",
    "mountainNames": "イワオヌプリ、ニセコアンヌプリ",
    "otherMountainNames": "",
    "lists": "北海道百名山|日本三百名山",
    "routes": "",
    "entryType": "",
    "trailKmToSummit": "",
    "related": "TH-n9255414142(118m) TH-n1303332760(440m) TH-n4289785067(38m)",
    "attributes": "",
    "status": "provisional",
    "accuracyM": 40,
    "needsReview": "公式情報または2情報源での確認が必要、名称なし、登山口から離れている（徒歩アプローチを要確認）",
    "sources": "OpenStreetMap（© OpenStreetMap contributors, ODbL 1.0）Geofabrik japan-latest.osm.pbf 2026-09-30T20:22:42Z way/429788804",
    "verifiedAt": ""
   }
  },
  {
   "type": "Feature",
   "geometry": {
    "type": "Point",
    "coordinates": [
     140.6379075,
     42.873226
    ]
   },
   "properties": {
    "id": "PK-w429788824",
    "kind": "parking",
    "name": "（名称なし）駐車場",
    "datum": "WGS84",
    "mountainIds": "59 65",
    "mountainNames": "イワオヌプリ、ニセコアンヌプリ",
    "otherMountainNames": "",
    "lists": "北海道百名山|日本三百名山",
    "routes": "",
    "entryType": "",
    "trailKmToSummit": "",
    "related": "TH-n9255414142(126m) TH-n4289785067(118m)",
    "attributes": "",
    "status": "provisional",
    "accuracyM": 40,
    "needsReview": "公式情報または2情報源での確認が必要、名称なし",
    "sources": "OpenStreetMap（© OpenStreetMap contributors, ODbL 1.0）Geofabrik japan-latest.osm.pbf 2026-09-30T20:22:42Z way/429788824",
    "verifiedAt": ""
   }
  },
  {
   "type": "Feature",
   "geometry": {
    "type": "Point",
    "coordinates": [
     140.6002537,
     42.8688599
    ]
   },
   "properties": {
    "id": "PK-w429788831",
    "kind": "parking",
    "name": "（名称なし）駐車場",
    "datum": "WGS84",
    "mountainIds": "59",
    "mountainNames": "イワオヌプリ",
    "otherMountainNames": "",
    "lists": "北海道百名山",
    "routes": "",
    "entryType": "",
    "trailKmToSummit": "",
    "related": "TH-w576668162(162m)",
    "attributes": "",
    "status": "provisional",
    "accuracyM": 40,
    "needsReview": "公式情報または2情報源での確認が必要、名称なし",
    "sources": "OpenStreetMap（© OpenStreetMap contributors, ODbL 1.0）Geofabrik japan-latest.osm.pbf 2026-09-30T20:22:42Z way/429788831",
    "verifiedAt": ""
   }
  },
  {
   "type": "Feature",
   "geometry": {
    "type": "Point",
    "coordinates": [
     140.598439,
     42.8685266
    ]
   },
   "properties": {
    "id": "PK-w429788837",
    "kind": "parking",
    "name": "（名称なし）駐車場",
    "datum": "WGS84",
    "mountainIds": "59 10012 10011",
    "mountainNames": "イワオヌプリ",
    "otherMountainNames": "チセヌプリ、シャクナゲ岳",
    "lists": "北海道百名山",
    "routes": "",
    "entryType": "",
    "trailKmToSummit": "",
    "related": "TH-w576668162(131m) TH-gsi-chisenupuri-yumoto(115m)",
    "attributes": "",
    "status": "provisional",
    "accuracyM": 40,
    "needsReview": "公式情報または2情報源での確認が必要、名称なし",
    "sources": "OpenStreetMap（© OpenStreetMap contributors, ODbL 1.0）Geofabrik japan-latest.osm.pbf 2026-09-30T20:22:42Z way/429788837",
    "verifiedAt": ""
   }
  },
  {
   "type": "Feature",
   "geometry": {
    "type": "Point",
    "coordinates": [
     139.8306891,
     42.6097235
    ]
   },
   "properties": {
    "id": "PK-w430481056",
    "kind": "parking",
    "name": "（名称なし）駐車場",
    "datum": "WGS84",
    "mountainIds": "83",
    "mountainNames": "狩場山",
    "otherMountainNames": "",
    "lists": "日本三百名山|北海道百名山",
    "routes": "",
    "entryType": "",
    "trailKmToSummit": "",
    "related": "TH-n2005922716(29m) TH-gsi-motta(38m)",
    "attributes": "",
    "status": "provisional",
    "accuracyM": 40,
    "needsReview": "公式情報または2情報源での確認が必要、名称なし",
    "sources": "OpenStreetMap（© OpenStreetMap contributors, ODbL 1.0）Geofabrik japan-latest.osm.pbf 2026-09-30T20:22:42Z way/430481056",
    "verifiedAt": ""
   }
  },
  {
   "type": "Feature",
   "geometry": {
    "type": "Point",
    "coordinates": [
     142.9466802,
     43.7241092
    ]
   },
   "properties": {
    "id": "PK-w430672073",
    "kind": "parking",
    "name": "（名称なし）駐車場",
    "datum": "WGS84",
    "mountainIds": "15 17 18 19 20 21 22",
    "mountainNames": "愛別岳、黒岳、北鎮岳、赤岳、小泉岳、大雪山、白雲岳",
    "otherMountainNames": "",
    "lists": "北海道百名山|日本百名山|日本二百名山|日本三百名山",
    "routes": "",
    "entryType": "",
    "trailKmToSummit": "",
    "related": "TH-n2162726227(191m)",
    "attributes": "",
    "status": "provisional",
    "accuracyM": 40,
    "needsReview": "公式情報または2情報源での確認が必要、名称なし",
    "sources": "OpenStreetMap（© OpenStreetMap contributors, ODbL 1.0）Geofabrik japan-latest.osm.pbf 2026-09-30T20:22:42Z way/430672073",
    "verifiedAt": ""
   }
  },
  {
   "type": "Feature",
   "geometry": {
    "type": "Point",
    "coordinates": [
     142.9469147,
     43.7237816
    ]
   },
   "properties": {
    "id": "PK-w430672076",
    "kind": "parking",
    "name": "（名称なし）駐車場",
    "datum": "WGS84",
    "mountainIds": "15 17 18 19 20 21 22",
    "mountainNames": "愛別岳、黒岳、北鎮岳、赤岳、小泉岳、大雪山、白雲岳",
    "otherMountainNames": "",
    "lists": "北海道百名山|日本百名山|日本二百名山|日本三百名山",
    "routes": "",
    "entryType": "",
    "trailKmToSummit": "",
    "related": "TH-n2162726227(153m)",
    "attributes": "",
    "status": "provisional",
    "accuracyM": 40,
    "needsReview": "公式情報または2情報源での確認が必要、名称なし",
    "sources": "OpenStreetMap（© OpenStreetMap contributors, ODbL 1.0）Geofabrik japan-latest.osm.pbf 2026-09-30T20:22:42Z way/430672076",
    "verifiedAt": ""
   }
  },
  {
   "type": "Feature",
   "geometry": {
    "type": "Point",
    "coordinates": [
     144.5069574,
     43.5562623
    ]
   },
   "properties": {
    "id": "PK-w430702351",
    "kind": "parking",
    "name": "（名称なし）駐車場",
    "datum": "WGS84",
    "mountainIds": "25 28",
    "mountainNames": "カムイヌプリ、西別岳",
    "otherMountainNames": "",
    "lists": "北海道百名山",
    "routes": "",
    "entryType": "",
    "trailKmToSummit": "",
    "related": "TH-n1485832641(109m)",
    "attributes": "",
    "status": "provisional",
    "accuracyM": 40,
    "needsReview": "公式情報または2情報源での確認が必要、名称なし",
    "sources": "OpenStreetMap（© OpenStreetMap contributors, ODbL 1.0）Geofabrik japan-latest.osm.pbf 2026-09-30T20:22:42Z way/430702351",
    "verifiedAt": ""
   }
  },
  {
   "type": "Feature",
   "geometry": {
    "type": "Point",
    "coordinates": [
     144.096104,
     43.4332582
    ]
   },
   "properties": {
    "id": "PK-w430715743",
    "kind": "parking",
    "name": "（名称なし）駐車場",
    "datum": "WGS84",
    "mountainIds": "36",
    "mountainNames": "雄阿寒岳",
    "otherMountainNames": "",
    "lists": "北海道百名山",
    "routes": "",
    "entryType": "",
    "trailKmToSummit": "",
    "related": "TH-n5538048728(29m)",
    "attributes": "",
    "status": "provisional",
    "accuracyM": 40,
    "needsReview": "公式情報または2情報源での確認が必要、名称なし",
    "sources": "OpenStreetMap（© OpenStreetMap contributors, ODbL 1.0）Geofabrik japan-latest.osm.pbf 2026-09-30T20:22:42Z way/430715743",
    "verifiedAt": ""
   }
  },
  {
   "type": "Feature",
   "geometry": {
    "type": "Point",
    "coordinates": [
     144.0961023,
     43.4322891
    ]
   },
   "properties": {
    "id": "PK-w430715744",
    "kind": "parking",
    "name": "（名称なし）駐車場",
    "datum": "WGS84",
    "mountainIds": "36",
    "mountainNames": "雄阿寒岳",
    "otherMountainNames": "",
    "lists": "北海道百名山",
    "routes": "",
    "entryType": "",
    "trailKmToSummit": "",
    "related": "TH-n5538048728(136m)",
    "attributes": "",
    "status": "provisional",
    "accuracyM": 40,
    "needsReview": "公式情報または2情報源での確認が必要、名称なし",
    "sources": "OpenStreetMap（© OpenStreetMap contributors, ODbL 1.0）Geofabrik japan-latest.osm.pbf 2026-09-30T20:22:42Z way/430715744",
    "verifiedAt": ""
   }
  },
  {
   "type": "Feature",
   "geometry": {
    "type": "Point",
    "coordinates": [
     144.1022493,
     43.4336363
    ]
   },
   "properties": {
    "id": "PK-w430715774",
    "kind": "parking",
    "name": "（名称なし）駐車場",
    "datum": "WGS84",
    "mountainIds": "36",
    "mountainNames": "雄阿寒岳",
    "otherMountainNames": "",
    "lists": "北海道百名山",
    "routes": "",
    "entryType": "",
    "trailKmToSummit": "",
    "related": "TH-n6669803188(187m)",
    "attributes": "",
    "status": "provisional",
    "accuracyM": 40,
    "needsReview": "公式情報または2情報源での確認が必要、名称なし",
    "sources": "OpenStreetMap（© OpenStreetMap contributors, ODbL 1.0）Geofabrik japan-latest.osm.pbf 2026-09-30T20:22:42Z way/430715774",
    "verifiedAt": ""
   }
  },
  {
   "type": "Feature",
   "geometry": {
    "type": "Point",
    "coordinates": [
     144.1016254,
     43.4334001
    ]
   },
   "properties": {
    "id": "PK-w430715777",
    "kind": "parking",
    "name": "（名称なし）駐車場",
    "datum": "WGS84",
    "mountainIds": "36",
    "mountainNames": "雄阿寒岳",
    "otherMountainNames": "",
    "lists": "北海道百名山",
    "routes": "",
    "entryType": "",
    "trailKmToSummit": "",
    "related": "TH-n6669803188(135m)",
    "attributes": "",
    "status": "provisional",
    "accuracyM": 40,
    "needsReview": "公式情報または2情報源での確認が必要、名称なし",
    "sources": "OpenStreetMap（© OpenStreetMap contributors, ODbL 1.0）Geofabrik japan-latest.osm.pbf 2026-09-30T20:22:42Z way/430715777",
    "verifiedAt": ""
   }
  },
  {
   "type": "Feature",
   "geometry": {
    "type": "Point",
    "coordinates": [
     144.0994834,
     43.4344889
    ]
   },
   "properties": {
    "id": "PK-w430715786",
    "kind": "parking",
    "name": "（名称なし）駐車場",
    "datum": "WGS84",
    "mountainIds": "36",
    "mountainNames": "雄阿寒岳",
    "otherMountainNames": "",
    "lists": "北海道百名山",
    "routes": "",
    "entryType": "",
    "trailKmToSummit": "",
    "related": "TH-n6669803188(128m)",
    "attributes": "",
    "status": "provisional",
    "accuracyM": 40,
    "needsReview": "公式情報または2情報源での確認が必要、名称なし",
    "sources": "OpenStreetMap（© OpenStreetMap contributors, ODbL 1.0）Geofabrik japan-latest.osm.pbf 2026-09-30T20:22:42Z way/430715786",
    "verifiedAt": ""
   }
  },
  {
   "type": "Feature",
   "geometry": {
    "type": "Point",
    "coordinates": [
     143.9726856,
     43.3807763
    ]
   },
   "properties": {
    "id": "PK-w430721881",
    "kind": "parking",
    "name": "（名称なし）駐車場",
    "datum": "WGS84",
    "mountainIds": "42",
    "mountainNames": "阿寒岳",
    "otherMountainNames": "",
    "lists": "日本百名山|日本二百名山|日本三百名山|北海道百名山",
    "routes": "",
    "entryType": "",
    "trailKmToSummit": "",
    "related": "TH-n2105631062(50m)",
    "attributes": "",
    "status": "provisional",
    "accuracyM": 40,
    "needsReview": "公式情報または2情報源での確認が必要、名称なし",
    "sources": "OpenStreetMap（© OpenStreetMap contributors, ODbL 1.0）Geofabrik japan-latest.osm.pbf 2026-09-30T20:22:42Z way/430721881",
    "verifiedAt": ""
   }
  },
  {
   "type": "Feature",
   "geometry": {
    "type": "Point",
    "coordinates": [
     143.9707382,
     43.3787728
    ]
   },
   "properties": {
    "id": "PK-w430721885",
    "kind": "parking",
    "name": "（名称なし）駐車場",
    "datum": "WGS84",
    "mountainIds": "42",
    "mountainNames": "阿寒岳",
    "otherMountainNames": "",
    "lists": "日本百名山|日本二百名山|日本三百名山|北海道百名山",
    "routes": "",
    "entryType": "",
    "trailKmToSummit": "",
    "related": "TH-n2105631062(221m)",
    "attributes": "",
    "status": "provisional",
    "accuracyM": 40,
    "needsReview": "公式情報または2情報源での確認が必要、名称なし",
    "sources": "OpenStreetMap（© OpenStreetMap contributors, ODbL 1.0）Geofabrik japan-latest.osm.pbf 2026-09-30T20:22:42Z way/430721885",
    "verifiedAt": ""
   }
  },
  {
   "type": "Feature",
   "geometry": {
    "type": "Point",
    "coordinates": [
     140.714478,
     41.7525084
    ]
   },
   "properties": {
    "id": "PK-w434689538",
    "kind": "parking",
    "name": "（名称なし）駐車場",
    "datum": "WGS84",
    "mountainIds": "99",
    "mountainNames": "函館山",
    "otherMountainNames": "",
    "lists": "北海道百名山",
    "routes": "",
    "entryType": "",
    "trailKmToSummit": "",
    "related": "TH-kP11-22-01-bs14241(29m)",
    "attributes": "fee=no; access=customers",
    "status": "provisional",
    "accuracyM": 40,
    "needsReview": "公式情報または2情報源での確認が必要、名称なし",
    "sources": "OpenStreetMap（© OpenStreetMap contributors, ODbL 1.0）Geofabrik japan-latest.osm.pbf 2026-09-30T20:22:42Z way/434689538",
    "verifiedAt": ""
   }
  },
  {
   "type": "Feature",
   "geometry": {
    "type": "Point",
    "coordinates": [
     141.1603078,
     42.9317344
    ]
   },
   "properties": {
    "id": "PK-w436808966",
    "kind": "parking",
    "name": "（名称なし）駐車場",
    "datum": "WGS84",
    "mountainIds": "57 61",
    "mountainNames": "札幌岳、空沼岳",
    "otherMountainNames": "",
    "lists": "北海道百名山",
    "routes": "",
    "entryType": "",
    "trailKmToSummit": "",
    "related": "TH-n2350229476(22m)",
    "attributes": "fee=no; access=yes",
    "status": "provisional",
    "accuracyM": 40,
    "needsReview": "公式情報または2情報源での確認が必要、名称なし",
    "sources": "OpenStreetMap（© OpenStreetMap contributors, ODbL 1.0）Geofabrik japan-latest.osm.pbf 2026-09-30T20:22:42Z way/436808966",
    "verifiedAt": ""
   }
  },
  {
   "type": "Feature",
   "geometry": {
    "type": "Point",
    "coordinates": [
     141.2188903,
     42.9654129
    ]
   },
   "properties": {
    "id": "PK-w442689367",
    "kind": "parking",
    "name": "（名称なし）駐車場",
    "datum": "WGS84",
    "mountainIds": "54",
    "mountainNames": "神威岳",
    "otherMountainNames": "",
    "lists": "北海道百名山",
    "routes": "",
    "entryType": "",
    "trailKmToSummit": "",
    "related": "TH-n2696394661(267m)",
    "attributes": "",
    "status": "provisional",
    "accuracyM": 40,
    "needsReview": "公式情報または2情報源での確認が必要、名称なし",
    "sources": "OpenStreetMap（© OpenStreetMap contributors, ODbL 1.0）Geofabrik japan-latest.osm.pbf 2026-09-30T20:22:42Z way/442689367",
    "verifiedAt": ""
   }
  },
  {
   "type": "Feature",
   "geometry": {
    "type": "Point",
    "coordinates": [
     144.1420206,
     43.4296311
    ]
   },
   "properties": {
    "id": "PK-w446217787",
    "kind": "parking",
    "name": "（名称なし）駐車場",
    "datum": "WGS84",
    "mountainIds": "36",
    "mountainNames": "雄阿寒岳",
    "otherMountainNames": "",
    "lists": "北海道百名山",
    "routes": "",
    "entryType": "",
    "trailKmToSummit": "",
    "related": "TH-n2194006310(476m)",
    "attributes": "",
    "status": "provisional",
    "accuracyM": 40,
    "needsReview": "公式情報または2情報源での確認が必要、名称なし、登山口から離れている（徒歩アプローチを要確認）",
    "sources": "OpenStreetMap（© OpenStreetMap contributors, ODbL 1.0）Geofabrik japan-latest.osm.pbf 2026-09-30T20:22:42Z way/446217787",
    "verifiedAt": ""
   }
  },
  {
   "type": "Feature",
   "geometry": {
    "type": "Point",
    "coordinates": [
     140.7113103,
     41.7528896
    ]
   },
   "properties": {
    "id": "PK-w454275878",
    "kind": "parking",
    "name": "（名称なし）駐車場",
    "datum": "WGS84",
    "mountainIds": "99",
    "mountainNames": "函館山",
    "otherMountainNames": "",
    "lists": "北海道百名山",
    "routes": "",
    "entryType": "",
    "trailKmToSummit": "",
    "related": "TH-kP11-22-01-bs14241(241m)",
    "attributes": "",
    "status": "provisional",
    "accuracyM": 40,
    "needsReview": "公式情報または2情報源での確認が必要、名称なし",
    "sources": "OpenStreetMap（© OpenStreetMap contributors, ODbL 1.0）Geofabrik japan-latest.osm.pbf 2026-09-30T20:22:42Z way/454275878",
    "verifiedAt": ""
   }
  },
  {
   "type": "Feature",
   "geometry": {
    "type": "Point",
    "coordinates": [
     140.7139375,
     41.761623
    ]
   },
   "properties": {
    "id": "PK-w454280224",
    "kind": "parking",
    "name": "函館山山麓駐車場",
    "datum": "WGS84",
    "mountainIds": "99",
    "mountainNames": "函館山",
    "otherMountainNames": "",
    "lists": "北海道百名山",
    "routes": "",
    "entryType": "",
    "trailKmToSummit": "",
    "related": "TH-w454280224(0m)",
    "attributes": "",
    "status": "provisional",
    "accuracyM": 40,
    "needsReview": "公式情報または2情報源での確認が必要",
    "sources": "OpenStreetMap（© OpenStreetMap contributors, ODbL 1.0）Geofabrik japan-latest.osm.pbf 2026-09-30T20:22:42Z way/454280224",
    "verifiedAt": ""
   }
  },
  {
   "type": "Feature",
   "geometry": {
    "type": "Point",
    "coordinates": [
     144.3531388,
     43.7034314
    ]
   },
   "properties": {
    "id": "PK-w477217552",
    "kind": "parking",
    "name": "ハイランド小清水725",
    "datum": "WGS84",
    "mountainIds": "10001",
    "mountainNames": "",
    "otherMountainNames": "藻琴山",
    "lists": "",
    "routes": "",
    "entryType": "",
    "trailKmToSummit": "",
    "related": "TH-osm-w477217552(0m)",
    "attributes": "",
    "status": "provisional",
    "accuracyM": 40,
    "needsReview": "公式情報または2情報源での確認が必要",
    "sources": "OpenStreetMap（© OpenStreetMap contributors, ODbL 1.0）Geofabrik japan-latest.osm.pbf 2026-09-30T20:22:42Z way/477217552",
    "verifiedAt": ""
   }
  },
  {
   "type": "Feature",
   "geometry": {
    "type": "Point",
    "coordinates": [
     140.713546,
     41.7598378
    ]
   },
   "properties": {
    "id": "PK-w481426089",
    "kind": "parking",
    "name": "（名称なし）駐車場",
    "datum": "WGS84",
    "mountainIds": "99",
    "mountainNames": "函館山",
    "otherMountainNames": "",
    "lists": "北海道百名山",
    "routes": "",
    "entryType": "",
    "trailKmToSummit": "",
    "related": "TH-n263002325(406m)",
    "attributes": "",
    "status": "provisional",
    "accuracyM": 40,
    "needsReview": "公式情報または2情報源での確認が必要、名称なし、登山口から離れている（徒歩アプローチを要確認）",
    "sources": "OpenStreetMap（© OpenStreetMap contributors, ODbL 1.0）Geofabrik japan-latest.osm.pbf 2026-09-30T20:22:42Z way/481426089",
    "verifiedAt": ""
   }
  },
  {
   "type": "Feature",
   "geometry": {
    "type": "Point",
    "coordinates": [
     142.7986175,
     43.6506247
    ]
   },
   "properties": {
    "id": "PK-w485604722",
    "kind": "parking",
    "name": "（名称なし）駐車場",
    "datum": "WGS84",
    "mountainIds": "15 17 18 19 20 21 22",
    "mountainNames": "愛別岳、黒岳、北鎮岳、赤岳、小泉岳、大雪山、白雲岳",
    "otherMountainNames": "",
    "lists": "北海道百名山|日本百名山|日本二百名山|日本三百名山",
    "routes": "",
    "entryType": "",
    "trailKmToSummit": "",
    "related": "TH-w28242117-2(270m)",
    "attributes": "",
    "status": "provisional",
    "accuracyM": 40,
    "needsReview": "公式情報または2情報源での確認が必要、名称なし",
    "sources": "OpenStreetMap（© OpenStreetMap contributors, ODbL 1.0）Geofabrik japan-latest.osm.pbf 2026-09-30T20:22:42Z way/485604722",
    "verifiedAt": ""
   }
  },
  {
   "type": "Feature",
   "geometry": {
    "type": "Point",
    "coordinates": [
     141.1825404,
     41.8158269
    ]
   },
   "properties": {
    "id": "PK-w491793739",
    "kind": "parking",
    "name": "（名称なし）駐車場",
    "datum": "WGS84",
    "mountainIds": "98",
    "mountainNames": "恵山",
    "otherMountainNames": "",
    "lists": "北海道百名山",
    "routes": "",
    "entryType": "",
    "trailKmToSummit": "",
    "related": "TH-n4838816434(225m)",
    "attributes": "",
    "status": "provisional",
    "accuracyM": 40,
    "needsReview": "公式情報または2情報源での確認が必要、名称なし",
    "sources": "OpenStreetMap（© OpenStreetMap contributors, ODbL 1.0）Geofabrik japan-latest.osm.pbf 2026-09-30T20:22:42Z way/491793739",
    "verifiedAt": ""
   }
  },
  {
   "type": "Feature",
   "geometry": {
    "type": "Point",
    "coordinates": [
     141.1810676,
     41.8136791
    ]
   },
   "properties": {
    "id": "PK-w491793747",
    "kind": "parking",
    "name": "（名称なし）駐車場",
    "datum": "WGS84",
    "mountainIds": "98",
    "mountainNames": "恵山",
    "otherMountainNames": "",
    "lists": "北海道百名山",
    "routes": "",
    "entryType": "",
    "trailKmToSummit": "",
    "related": "TH-n4838816434(79m)",
    "attributes": "",
    "status": "provisional",
    "accuracyM": 40,
    "needsReview": "公式情報または2情報源での確認が必要、名称なし",
    "sources": "OpenStreetMap（© OpenStreetMap contributors, ODbL 1.0）Geofabrik japan-latest.osm.pbf 2026-09-30T20:22:42Z way/491793747",
    "verifiedAt": ""
   }
  },
  {
   "type": "Feature",
   "geometry": {
    "type": "Point",
    "coordinates": [
     143.9825174,
     43.3948086
    ]
   },
   "properties": {
    "id": "PK-w502618471",
    "kind": "parking",
    "name": "（名称なし）駐車場",
    "datum": "WGS84",
    "mountainIds": "42",
    "mountainNames": "阿寒岳",
    "otherMountainNames": "",
    "lists": "日本百名山|日本二百名山|日本三百名山|北海道百名山",
    "routes": "",
    "entryType": "",
    "trailKmToSummit": "",
    "related": "TH-n2105633349(228m)",
    "attributes": "fee=no",
    "status": "provisional",
    "accuracyM": 40,
    "needsReview": "公式情報または2情報源での確認が必要、名称なし",
    "sources": "OpenStreetMap（© OpenStreetMap contributors, ODbL 1.0）Geofabrik japan-latest.osm.pbf 2026-09-30T20:22:42Z way/502618471",
    "verifiedAt": ""
   }
  },
  {
   "type": "Feature",
   "geometry": {
    "type": "Point",
    "coordinates": [
     145.0892254,
     44.1102707
    ]
   },
   "properties": {
    "id": "PK-w502638048",
    "kind": "parking",
    "name": "（名称なし）駐車場",
    "datum": "WGS84",
    "mountainIds": "6 8",
    "mountainNames": "硫黄山、羅臼岳",
    "otherMountainNames": "",
    "lists": "北海道百名山|日本百名山|日本二百名山|日本三百名山",
    "routes": "",
    "entryType": "",
    "trailKmToSummit": "",
    "related": "TH-n1425923561(118m)",
    "attributes": "fee=no; access=customers",
    "status": "provisional",
    "accuracyM": 40,
    "needsReview": "公式情報または2情報源での確認が必要、名称なし",
    "sources": "OpenStreetMap（© OpenStreetMap contributors, ODbL 1.0）Geofabrik japan-latest.osm.pbf 2026-09-30T20:22:42Z way/502638048",
    "verifiedAt": ""
   }
  },
  {
   "type": "Feature",
   "geometry": {
    "type": "Point",
    "coordinates": [
     142.9472823,
     43.7233443
    ]
   },
   "properties": {
    "id": "PK-w515118539",
    "kind": "parking",
    "name": "（名称なし）駐車場",
    "datum": "WGS84",
    "mountainIds": "15 17 18 19 20 21 22",
    "mountainNames": "愛別岳、黒岳、北鎮岳、赤岳、小泉岳、大雪山、白雲岳",
    "otherMountainNames": "",
    "lists": "北海道百名山|日本百名山|日本二百名山|日本三百名山",
    "routes": "",
    "entryType": "",
    "trailKmToSummit": "",
    "related": "TH-n2162726227(105m)",
    "attributes": "",
    "status": "provisional",
    "accuracyM": 40,
    "needsReview": "公式情報または2情報源での確認が必要、名称なし",
    "sources": "OpenStreetMap（© OpenStreetMap contributors, ODbL 1.0）Geofabrik japan-latest.osm.pbf 2026-09-30T20:22:42Z way/515118539",
    "verifiedAt": ""
   }
  },
  {
   "type": "Feature",
   "geometry": {
    "type": "Point",
    "coordinates": [
     141.2122695,
     45.2226547
    ]
   },
   "properties": {
    "id": "PK-w515743749",
    "kind": "parking",
    "name": "（名称なし）駐車場",
    "datum": "WGS84",
    "mountainIds": "2",
    "mountainNames": "利尻山",
    "otherMountainNames": "",
    "lists": "日本百名山|日本二百名山|日本三百名山|北海道百名山",
    "routes": "",
    "entryType": "",
    "trailKmToSummit": "",
    "related": "TH-n1280146188(25m)",
    "attributes": "",
    "status": "provisional",
    "accuracyM": 40,
    "needsReview": "公式情報または2情報源での確認が必要、名称なし",
    "sources": "OpenStreetMap（© OpenStreetMap contributors, ODbL 1.0）Geofabrik japan-latest.osm.pbf 2026-09-30T20:22:42Z way/515743749",
    "verifiedAt": ""
   }
  },
  {
   "type": "Feature",
   "geometry": {
    "type": "Point",
    "coordinates": [
     143.1208522,
     43.2419688
    ]
   },
   "properties": {
    "id": "PK-w523527732",
    "kind": "parking",
    "name": "（名称なし）駐車場",
    "datum": "WGS84",
    "mountainIds": "46",
    "mountainNames": "白雲山",
    "otherMountainNames": "",
    "lists": "北海道百名山",
    "routes": "",
    "entryType": "",
    "trailKmToSummit": "",
    "related": "TH-gsi-nupuka(347m)",
    "attributes": "operator=ヌプカの里",
    "status": "provisional",
    "accuracyM": 40,
    "needsReview": "公式情報または2情報源での確認が必要、名称なし、登山口から離れている（徒歩アプローチを要確認）",
    "sources": "OpenStreetMap（© OpenStreetMap contributors, ODbL 1.0）Geofabrik japan-latest.osm.pbf 2026-09-30T20:22:42Z way/523527732",
    "verifiedAt": ""
   }
  },
  {
   "type": "Feature",
   "geometry": {
    "type": "Point",
    "coordinates": [
     143.1221252,
     43.2421054
    ]
   },
   "properties": {
    "id": "PK-w523527733",
    "kind": "parking",
    "name": "（名称なし）駐車場",
    "datum": "WGS84",
    "mountainIds": "46",
    "mountainNames": "白雲山",
    "otherMountainNames": "",
    "lists": "北海道百名山",
    "routes": "",
    "entryType": "",
    "trailKmToSummit": "",
    "related": "TH-gsi-nupuka(401m)",
    "attributes": "operator=ヌプカの里",
    "status": "provisional",
    "accuracyM": 40,
    "needsReview": "公式情報または2情報源での確認が必要、名称なし、登山口から離れている（徒歩アプローチを要確認）",
    "sources": "OpenStreetMap（© OpenStreetMap contributors, ODbL 1.0）Geofabrik japan-latest.osm.pbf 2026-09-30T20:22:42Z way/523527733",
    "verifiedAt": ""
   }
  },
  {
   "type": "Feature",
   "geometry": {
    "type": "Point",
    "coordinates": [
     141.1530739,
     41.7941722
    ]
   },
   "properties": {
    "id": "PK-w565112455",
    "kind": "parking",
    "name": "（名称なし）駐車場",
    "datum": "WGS84",
    "mountainIds": "98",
    "mountainNames": "恵山",
    "otherMountainNames": "",
    "lists": "北海道百名山",
    "routes": "",
    "entryType": "",
    "trailKmToSummit": "",
    "related": "TH-n1625698675(427m) TH-n1625696864(351m) TH-osm-w986843571(53m)",
    "attributes": "",
    "status": "provisional",
    "accuracyM": 40,
    "needsReview": "公式情報または2情報源での確認が必要、名称なし、登山口から離れている（徒歩アプローチを要確認）",
    "sources": "OpenStreetMap（© OpenStreetMap contributors, ODbL 1.0）Geofabrik japan-latest.osm.pbf 2026-09-30T20:22:42Z way/565112455",
    "verifiedAt": ""
   }
  },
  {
   "type": "Feature",
   "geometry": {
    "type": "Point",
    "coordinates": [
     142.6493882,
     43.447442
    ]
   },
   "properties": {
    "id": "PK-w575545460",
    "kind": "parking",
    "name": "望岳台",
    "datum": "WGS84",
    "mountainIds": "34 37 40 38",
    "mountainNames": "オプタテシケ山、美瑛岳、富良野岳、十勝岳",
    "otherMountainNames": "",
    "lists": "日本三百名山|北海道百名山|日本百名山|日本二百名山",
    "routes": "",
    "entryType": "",
    "trailKmToSummit": "",
    "related": "TH-n725271185(38m) TH-osm-w575545460(0m)",
    "attributes": "",
    "status": "provisional",
    "accuracyM": 40,
    "needsReview": "公式情報または2情報源での確認が必要",
    "sources": "OpenStreetMap（© OpenStreetMap contributors, ODbL 1.0）Geofabrik japan-latest.osm.pbf 2026-09-30T20:22:42Z way/575545460",
    "verifiedAt": ""
   }
  },
  {
   "type": "Feature",
   "geometry": {
    "type": "Point",
    "coordinates": [
     141.3183736,
     42.7132087
    ]
   },
   "properties": {
    "id": "PK-w576137341",
    "kind": "parking",
    "name": "（名称なし）駐車場",
    "datum": "WGS84",
    "mountainIds": "74 77",
    "mountainNames": "風不死岳、樽前山",
    "otherMountainNames": "",
    "lists": "北海道百名山|日本二百名山|日本三百名山",
    "routes": "",
    "entryType": "",
    "trailKmToSummit": "",
    "related": "TH-n1633847796(33m)",
    "attributes": "",
    "status": "provisional",
    "accuracyM": 40,
    "needsReview": "公式情報または2情報源での確認が必要、名称なし",
    "sources": "OpenStreetMap（© OpenStreetMap contributors, ODbL 1.0）Geofabrik japan-latest.osm.pbf 2026-09-30T20:22:42Z way/576137341",
    "verifiedAt": ""
   }
  },
  {
   "type": "Feature",
   "geometry": {
    "type": "Point",
    "coordinates": [
     141.1603003,
     42.9299502
    ]
   },
   "properties": {
    "id": "PK-w576195991",
    "kind": "parking",
    "name": "豊平峡ダム入口Ｐ",
    "datum": "WGS84",
    "mountainIds": "57 61",
    "mountainNames": "札幌岳、空沼岳",
    "otherMountainNames": "",
    "lists": "北海道百名山",
    "routes": "",
    "entryType": "",
    "trailKmToSummit": "",
    "related": "TH-n2350229476(176m)",
    "attributes": "",
    "status": "provisional",
    "accuracyM": 40,
    "needsReview": "公式情報または2情報源での確認が必要",
    "sources": "OpenStreetMap（© OpenStreetMap contributors, ODbL 1.0）Geofabrik japan-latest.osm.pbf 2026-09-30T20:22:42Z way/576195991",
    "verifiedAt": ""
   }
  },
  {
   "type": "Feature",
   "geometry": {
    "type": "Point",
    "coordinates": [
     140.5986238,
     42.8697023
    ]
   },
   "properties": {
    "id": "PK-w576668162",
    "kind": "parking",
    "name": "大湯沼Ｐ；雪秩父Ｐ",
    "datum": "WGS84",
    "mountainIds": "59",
    "mountainNames": "イワオヌプリ",
    "otherMountainNames": "",
    "lists": "北海道百名山",
    "routes": "",
    "entryType": "",
    "trailKmToSummit": "",
    "related": "TH-w576668162(0m)",
    "attributes": "",
    "status": "provisional",
    "accuracyM": 40,
    "needsReview": "公式情報または2情報源での確認が必要",
    "sources": "OpenStreetMap（© OpenStreetMap contributors, ODbL 1.0）Geofabrik japan-latest.osm.pbf 2026-09-30T20:22:42Z way/576668162",
    "verifiedAt": ""
   }
  },
  {
   "type": "Feature",
   "geometry": {
    "type": "Point",
    "coordinates": [
     142.6416133,
     43.4318155
    ]
   },
   "properties": {
    "id": "PK-w576996448",
    "kind": "parking",
    "name": "（名称なし）駐車場",
    "datum": "WGS84",
    "mountainIds": "34 37 38 39 40",
    "mountainNames": "オプタテシケ山、美瑛岳、十勝岳、上ホロカメットク山、富良野岳",
    "otherMountainNames": "",
    "lists": "日本三百名山|北海道百名山|日本百名山|日本二百名山",
    "routes": "",
    "entryType": "",
    "trailKmToSummit": "",
    "related": "TH-n2109605325(84m) TH-n5915584086(420m)",
    "attributes": "",
    "status": "provisional",
    "accuracyM": 40,
    "needsReview": "公式情報または2情報源での確認が必要、名称なし、登山口から離れている（徒歩アプローチを要確認）",
    "sources": "OpenStreetMap（© OpenStreetMap contributors, ODbL 1.0）Geofabrik japan-latest.osm.pbf 2026-09-30T20:22:42Z way/576996448",
    "verifiedAt": ""
   }
  },
  {
   "type": "Feature",
   "geometry": {
    "type": "Point",
    "coordinates": [
     144.0935524,
     43.4341312
    ]
   },
   "properties": {
    "id": "PK-w577780451",
    "kind": "parking",
    "name": "（名称なし）駐車場",
    "datum": "WGS84",
    "mountainIds": "36",
    "mountainNames": "雄阿寒岳",
    "otherMountainNames": "",
    "lists": "北海道百名山",
    "routes": "",
    "entryType": "",
    "trailKmToSummit": "",
    "related": "TH-n5538048728(213m)",
    "attributes": "",
    "status": "provisional",
    "accuracyM": 40,
    "needsReview": "公式情報または2情報源での確認が必要、名称なし",
    "sources": "OpenStreetMap（© OpenStreetMap contributors, ODbL 1.0）Geofabrik japan-latest.osm.pbf 2026-09-30T20:22:42Z way/577780451",
    "verifiedAt": ""
   }
  },
  {
   "type": "Feature",
   "geometry": {
    "type": "Point",
    "coordinates": [
     140.9201367,
     43.1982497
    ]
   },
   "properties": {
    "id": "PK-w593337731",
    "kind": "parking",
    "name": "登山者用駐車場",
    "datum": "WGS84",
    "mountainIds": "10004",
    "mountainNames": "",
    "otherMountainNames": "塩谷丸山",
    "lists": "",
    "routes": "",
    "entryType": "",
    "trailKmToSummit": "",
    "related": "TH-gsi-shioyamaruyama(432m)",
    "attributes": "fee=no; access=yes",
    "status": "provisional",
    "accuracyM": 40,
    "needsReview": "公式情報または2情報源での確認が必要、登山口から離れている（徒歩アプローチを要確認）",
    "sources": "OpenStreetMap（© OpenStreetMap contributors, ODbL 1.0）Geofabrik japan-latest.osm.pbf 2026-09-30T20:22:42Z way/593337731",
    "verifiedAt": ""
   }
  },
  {
   "type": "Feature",
   "geometry": {
    "type": "Point",
    "coordinates": [
     140.7023964,
     41.7578295
    ]
   },
   "properties": {
    "id": "PK-w60762083",
    "kind": "parking",
    "name": "（名称なし）駐車場",
    "datum": "WGS84",
    "mountainIds": "99",
    "mountainNames": "函館山",
    "otherMountainNames": "",
    "lists": "北海道百名山",
    "routes": "",
    "entryType": "",
    "trailKmToSummit": "",
    "related": "TH-n326603235(260m) TH-n757023195(47m)",
    "attributes": "",
    "status": "provisional",
    "accuracyM": 40,
    "needsReview": "公式情報または2情報源での確認が必要、名称なし",
    "sources": "OpenStreetMap（© OpenStreetMap contributors, ODbL 1.0）Geofabrik japan-latest.osm.pbf 2026-09-30T20:22:42Z way/60762083",
    "verifiedAt": ""
   }
  },
  {
   "type": "Feature",
   "geometry": {
    "type": "Point",
    "coordinates": [
     141.355566,
     43.0566153
    ]
   },
   "properties": {
    "id": "PK-w624413415",
    "kind": "parking",
    "name": "タイムズ",
    "datum": "WGS84",
    "mountainIds": "52",
    "mountainNames": "藻岩山",
    "otherMountainNames": "",
    "lists": "北海道百名山",
    "routes": "",
    "entryType": "",
    "trailKmToSummit": "",
    "related": "TH-n3822085912(101m)",
    "attributes": "fee=yes; capacity=7; access=yes; operator=タイムズ24",
    "status": "provisional",
    "accuracyM": 40,
    "needsReview": "公式情報または2情報源での確認が必要",
    "sources": "OpenStreetMap（© OpenStreetMap contributors, ODbL 1.0）Geofabrik japan-latest.osm.pbf 2026-09-30T20:22:42Z way/624413415",
    "verifiedAt": ""
   }
  },
  {
   "type": "Feature",
   "geometry": {
    "type": "Point",
    "coordinates": [
     141.3555075,
     43.0568419
    ]
   },
   "properties": {
    "id": "PK-w624413417",
    "kind": "parking",
    "name": "タイムズ",
    "datum": "WGS84",
    "mountainIds": "52",
    "mountainNames": "藻岩山",
    "otherMountainNames": "",
    "lists": "北海道百名山",
    "routes": "",
    "entryType": "",
    "trailKmToSummit": "",
    "related": "TH-n3822085912(112m)",
    "attributes": "fee=yes; capacity=7; access=yes; operator=タイムズ24",
    "status": "provisional",
    "accuracyM": 40,
    "needsReview": "公式情報または2情報源での確認が必要",
    "sources": "OpenStreetMap（© OpenStreetMap contributors, ODbL 1.0）Geofabrik japan-latest.osm.pbf 2026-09-30T20:22:42Z way/624413417",
    "verifiedAt": ""
   }
  },
  {
   "type": "Feature",
   "geometry": {
    "type": "Point",
    "coordinates": [
     141.3548237,
     43.0567453
    ]
   },
   "properties": {
    "id": "PK-w624413424",
    "kind": "parking",
    "name": "パークネット",
    "datum": "WGS84",
    "mountainIds": "52",
    "mountainNames": "藻岩山",
    "otherMountainNames": "",
    "lists": "北海道百名山",
    "routes": "",
    "entryType": "",
    "trailKmToSummit": "",
    "related": "TH-n3822085912(69m)",
    "attributes": "fee=yes; capacity=3; access=yes; operator=新明和工業",
    "status": "provisional",
    "accuracyM": 40,
    "needsReview": "公式情報または2情報源での確認が必要",
    "sources": "OpenStreetMap（© OpenStreetMap contributors, ODbL 1.0）Geofabrik japan-latest.osm.pbf 2026-09-30T20:22:42Z way/624413424",
    "verifiedAt": ""
   }
  },
  {
   "type": "Feature",
   "geometry": {
    "type": "Point",
    "coordinates": [
     144.685578,
     43.774514
    ]
   },
   "properties": {
    "id": "PK-w629040203",
    "kind": "parking",
    "name": "（名称なし）駐車場",
    "datum": "WGS84",
    "mountainIds": "11",
    "mountainNames": "斜里岳",
    "otherMountainNames": "",
    "lists": "日本百名山|日本二百名山|日本三百名山|北海道百名山",
    "routes": "",
    "entryType": "",
    "trailKmToSummit": "",
    "related": "TH-gsi-seigakuso(187m)",
    "attributes": "",
    "status": "provisional",
    "accuracyM": 40,
    "needsReview": "公式情報または2情報源での確認が必要、名称なし",
    "sources": "OpenStreetMap（© OpenStreetMap contributors, ODbL 1.0）Geofabrik japan-latest.osm.pbf 2026-09-30T20:22:42Z way/629040203",
    "verifiedAt": ""
   }
  },
  {
   "type": "Feature",
   "geometry": {
    "type": "Point",
    "coordinates": [
     140.9747871,
     43.1779728
    ]
   },
   "properties": {
    "id": "PK-w636165499",
    "kind": "parking",
    "name": "（名称なし）駐車場",
    "datum": "WGS84",
    "mountainIds": "10005",
    "mountainNames": "",
    "otherMountainNames": "天狗山",
    "lists": "",
    "routes": "",
    "entryType": "",
    "trailKmToSummit": "",
    "related": "TH-osm-n6057324224(32m)",
    "attributes": "",
    "status": "provisional",
    "accuracyM": 40,
    "needsReview": "公式情報または2情報源での確認が必要、名称なし",
    "sources": "OpenStreetMap（© OpenStreetMap contributors, ODbL 1.0）Geofabrik japan-latest.osm.pbf 2026-09-30T20:22:42Z way/636165499",
    "verifiedAt": ""
   }
  },
  {
   "type": "Feature",
   "geometry": {
    "type": "Point",
    "coordinates": [
     140.9749106,
     43.1781364
    ]
   },
   "properties": {
    "id": "PK-w636165500",
    "kind": "parking",
    "name": "（名称なし）駐車場",
    "datum": "WGS84",
    "mountainIds": "10005",
    "mountainNames": "",
    "otherMountainNames": "天狗山",
    "lists": "",
    "routes": "",
    "entryType": "",
    "trailKmToSummit": "",
    "related": "TH-osm-n6057324224(34m)",
    "attributes": "",
    "status": "provisional",
    "accuracyM": 40,
    "needsReview": "公式情報または2情報源での確認が必要、名称なし",
    "sources": "OpenStreetMap（© OpenStreetMap contributors, ODbL 1.0）Geofabrik japan-latest.osm.pbf 2026-09-30T20:22:42Z way/636165500",
    "verifiedAt": ""
   }
  },
  {
   "type": "Feature",
   "geometry": {
    "type": "Point",
    "coordinates": [
     141.3539292,
     43.0391765
    ]
   },
   "properties": {
    "id": "PK-w684969292",
    "kind": "parking",
    "name": "（名称なし）駐車場",
    "datum": "WGS84",
    "mountainIds": "52",
    "mountainNames": "藻岩山",
    "otherMountainNames": "",
    "lists": "北海道百名山",
    "routes": "",
    "entryType": "",
    "trailKmToSummit": "",
    "related": "TH-n13680489801(106m)",
    "attributes": "access=customers",
    "status": "provisional",
    "accuracyM": 40,
    "needsReview": "公式情報または2情報源での確認が必要、名称なし",
    "sources": "OpenStreetMap（© OpenStreetMap contributors, ODbL 1.0）Geofabrik japan-latest.osm.pbf 2026-09-30T20:22:42Z way/684969292",
    "verifiedAt": ""
   }
  },
  {
   "type": "Feature",
   "geometry": {
    "type": "Point",
    "coordinates": [
     140.5088422,
     42.9523961
    ]
   },
   "properties": {
    "id": "PK-w685376555",
    "kind": "parking",
    "name": "（名称なし）駐車場",
    "datum": "WGS84",
    "mountainIds": "56 58",
    "mountainNames": "雷電山、目国内岳",
    "otherMountainNames": "",
    "lists": "北海道百名山",
    "routes": "",
    "entryType": "",
    "trailKmToSummit": "",
    "related": "TH-n6422704364(9m)",
    "attributes": "",
    "status": "provisional",
    "accuracyM": 40,
    "needsReview": "公式情報または2情報源での確認が必要、名称なし",
    "sources": "OpenStreetMap（© OpenStreetMap contributors, ODbL 1.0）Geofabrik japan-latest.osm.pbf 2026-09-30T20:22:42Z way/685376555",
    "verifiedAt": ""
   }
  },
  {
   "type": "Feature",
   "geometry": {
    "type": "Point",
    "coordinates": [
     142.9500289,
     43.7958044
    ]
   },
   "properties": {
    "id": "PK-w688411736",
    "kind": "parking",
    "name": "（名称なし）駐車場",
    "datum": "WGS84",
    "mountainIds": "10",
    "mountainNames": "ニセイカウシュッペ山",
    "otherMountainNames": "",
    "lists": "日本三百名山|北海道百名山",
    "routes": "",
    "entryType": "",
    "trailKmToSummit": "",
    "related": "TH-n2162749690(14m)",
    "attributes": "",
    "status": "provisional",
    "accuracyM": 40,
    "needsReview": "公式情報または2情報源での確認が必要、名称なし",
    "sources": "OpenStreetMap（© OpenStreetMap contributors, ODbL 1.0）Geofabrik japan-latest.osm.pbf 2026-09-30T20:22:42Z way/688411736",
    "verifiedAt": ""
   }
  },
  {
   "type": "Feature",
   "geometry": {
    "type": "Point",
    "coordinates": [
     142.7643721,
     43.135832
    ]
   },
   "properties": {
    "id": "PK-w698049678",
    "kind": "parking",
    "name": "狩勝峠展望台駐車場",
    "datum": "WGS84",
    "mountainIds": "48",
    "mountainNames": "佐幌岳",
    "otherMountainNames": "",
    "lists": "北海道百名山",
    "routes": "",
    "entryType": "",
    "trailKmToSummit": "",
    "related": "TH-n1287143734(75m)",
    "attributes": "",
    "status": "provisional",
    "accuracyM": 40,
    "needsReview": "公式情報または2情報源での確認が必要",
    "sources": "OpenStreetMap（© OpenStreetMap contributors, ODbL 1.0）Geofabrik japan-latest.osm.pbf 2026-09-30T20:22:42Z way/698049678",
    "verifiedAt": ""
   }
  },
  {
   "type": "Feature",
   "geometry": {
    "type": "Point",
    "coordinates": [
     141.2191622,
     42.9678492
    ]
   },
   "properties": {
    "id": "PK-w698141589",
    "kind": "parking",
    "name": "（名称なし）駐車場",
    "datum": "WGS84",
    "mountainIds": "54",
    "mountainNames": "神威岳",
    "otherMountainNames": "",
    "lists": "北海道百名山",
    "routes": "",
    "entryType": "",
    "trailKmToSummit": "",
    "related": "TH-n2696394661(4m)",
    "attributes": "",
    "status": "provisional",
    "accuracyM": 40,
    "needsReview": "公式情報または2情報源での確認が必要、名称なし",
    "sources": "OpenStreetMap（© OpenStreetMap contributors, ODbL 1.0）Geofabrik japan-latest.osm.pbf 2026-09-30T20:22:42Z way/698141589",
    "verifiedAt": ""
   }
  },
  {
   "type": "Feature",
   "geometry": {
    "type": "Point",
    "coordinates": [
     141.3532426,
     43.0404074
    ]
   },
   "properties": {
    "id": "PK-w699048714",
    "kind": "parking",
    "name": "（名称なし）駐車場",
    "datum": "WGS84",
    "mountainIds": "52",
    "mountainNames": "藻岩山",
    "otherMountainNames": "",
    "lists": "北海道百名山",
    "routes": "",
    "entryType": "",
    "trailKmToSummit": "",
    "related": "TH-n13680489801(59m)",
    "attributes": "fee=yes; access=yes",
    "status": "provisional",
    "accuracyM": 40,
    "needsReview": "公式情報または2情報源での確認が必要、名称なし",
    "sources": "OpenStreetMap（© OpenStreetMap contributors, ODbL 1.0）Geofabrik japan-latest.osm.pbf 2026-09-30T20:22:42Z way/699048714",
    "verifiedAt": ""
   }
  },
  {
   "type": "Feature",
   "geometry": {
    "type": "Point",
    "coordinates": [
     142.3536323,
     43.3264532
    ]
   },
   "properties": {
    "id": "PK-w70079520",
    "kind": "parking",
    "name": "（名称なし）駐車場",
    "datum": "WGS84",
    "mountainIds": "43",
    "mountainNames": "富良野西岳",
    "otherMountainNames": "",
    "lists": "北海道百名山",
    "routes": "",
    "entryType": "",
    "trailKmToSummit": "",
    "related": "TH-n4691765707(110m)",
    "attributes": "",
    "status": "provisional",
    "accuracyM": 40,
    "needsReview": "公式情報または2情報源での確認が必要、名称なし",
    "sources": "OpenStreetMap（© OpenStreetMap contributors, ODbL 1.0）Geofabrik japan-latest.osm.pbf 2026-09-30T20:22:42Z way/70079520",
    "verifiedAt": ""
   }
  },
  {
   "type": "Feature",
   "geometry": {
    "type": "Point",
    "coordinates": [
     142.355075,
     43.3240043
    ]
   },
   "properties": {
    "id": "PK-w70080197",
    "kind": "parking",
    "name": "（名称なし）駐車場",
    "datum": "WGS84",
    "mountainIds": "43",
    "mountainNames": "富良野西岳",
    "otherMountainNames": "",
    "lists": "北海道百名山",
    "routes": "",
    "entryType": "",
    "trailKmToSummit": "",
    "related": "TH-n4691765707(209m)",
    "attributes": "access=customers",
    "status": "provisional",
    "accuracyM": 40,
    "needsReview": "公式情報または2情報源での確認が必要、名称なし",
    "sources": "OpenStreetMap（© OpenStreetMap contributors, ODbL 1.0）Geofabrik japan-latest.osm.pbf 2026-09-30T20:22:42Z way/70080197",
    "verifiedAt": ""
   }
  },
  {
   "type": "Feature",
   "geometry": {
    "type": "Point",
    "coordinates": [
     141.3362732,
     43.0646296
    ]
   },
   "properties": {
    "id": "PK-w766265808",
    "kind": "parking",
    "name": "Times",
    "datum": "WGS84",
    "mountainIds": "52",
    "mountainNames": "藻岩山",
    "otherMountainNames": "",
    "lists": "北海道百名山",
    "routes": "",
    "entryType": "",
    "trailKmToSummit": "",
    "related": "TH-n2320246543(30m)",
    "attributes": "fee=yes; capacity=15; operator=タイムズ24",
    "status": "provisional",
    "accuracyM": 40,
    "needsReview": "公式情報または2情報源での確認が必要",
    "sources": "OpenStreetMap（© OpenStreetMap contributors, ODbL 1.0）Geofabrik japan-latest.osm.pbf 2026-09-30T20:22:42Z way/766265808",
    "verifiedAt": ""
   }
  },
  {
   "type": "Feature",
   "geometry": {
    "type": "Point",
    "coordinates": [
     141.3347839,
     43.0641287
    ]
   },
   "properties": {
    "id": "PK-w766272280",
    "kind": "parking",
    "name": "Times",
    "datum": "WGS84",
    "mountainIds": "52",
    "mountainNames": "藻岩山",
    "otherMountainNames": "",
    "lists": "北海道百名山",
    "routes": "",
    "entryType": "",
    "trailKmToSummit": "",
    "related": "TH-n2320246543(105m)",
    "attributes": "fee=yes; capacity=12; operator=タイムズ24",
    "status": "provisional",
    "accuracyM": 40,
    "needsReview": "公式情報または2情報源での確認が必要",
    "sources": "OpenStreetMap（© OpenStreetMap contributors, ODbL 1.0）Geofabrik japan-latest.osm.pbf 2026-09-30T20:22:42Z way/766272280",
    "verifiedAt": ""
   }
  },
  {
   "type": "Feature",
   "geometry": {
    "type": "Point",
    "coordinates": [
     141.3140066,
     43.0591533
    ]
   },
   "properties": {
    "id": "PK-w772709576",
    "kind": "parking",
    "name": "（名称なし）駐車場",
    "datum": "WGS84",
    "mountainIds": "52",
    "mountainNames": "藻岩山",
    "otherMountainNames": "",
    "lists": "北海道百名山",
    "routes": "",
    "entryType": "",
    "trailKmToSummit": "",
    "related": "TH-n6436452261(132m)",
    "attributes": "fee=yes; access=customers",
    "status": "provisional",
    "accuracyM": 40,
    "needsReview": "公式情報または2情報源での確認が必要、名称なし",
    "sources": "OpenStreetMap（© OpenStreetMap contributors, ODbL 1.0）Geofabrik japan-latest.osm.pbf 2026-09-30T20:22:42Z way/772709576",
    "verifiedAt": ""
   }
  },
  {
   "type": "Feature",
   "geometry": {
    "type": "Point",
    "coordinates": [
     141.3244477,
     43.0497105
    ]
   },
   "properties": {
    "id": "PK-w775857309",
    "kind": "parking",
    "name": "（名称なし）駐車場",
    "datum": "WGS84",
    "mountainIds": "52",
    "mountainNames": "藻岩山",
    "otherMountainNames": "",
    "lists": "北海道百名山",
    "routes": "",
    "entryType": "",
    "trailKmToSummit": "",
    "related": "TH-n5727676687(12m)",
    "attributes": "fee=no; access=customers; operator=円山温泉",
    "status": "provisional",
    "accuracyM": 40,
    "needsReview": "公式情報または2情報源での確認が必要、名称なし",
    "sources": "OpenStreetMap（© OpenStreetMap contributors, ODbL 1.0）Geofabrik japan-latest.osm.pbf 2026-09-30T20:22:42Z way/775857309",
    "verifiedAt": ""
   }
  },
  {
   "type": "Feature",
   "geometry": {
    "type": "Point",
    "coordinates": [
     141.3123682,
     43.0591676
    ]
   },
   "properties": {
    "id": "PK-w775857551",
    "kind": "parking",
    "name": "（名称なし）駐車場",
    "datum": "WGS84",
    "mountainIds": "52",
    "mountainNames": "藻岩山",
    "otherMountainNames": "",
    "lists": "北海道百名山",
    "routes": "",
    "entryType": "",
    "trailKmToSummit": "",
    "related": "TH-n6436452261(7m)",
    "attributes": "fee=no; capacity=5; access=customers; operator=神宮温泉",
    "status": "provisional",
    "accuracyM": 40,
    "needsReview": "公式情報または2情報源での確認が必要、名称なし",
    "sources": "OpenStreetMap（© OpenStreetMap contributors, ODbL 1.0）Geofabrik japan-latest.osm.pbf 2026-09-30T20:22:42Z way/775857551",
    "verifiedAt": ""
   }
  },
  {
   "type": "Feature",
   "geometry": {
    "type": "Point",
    "coordinates": [
     141.3181674,
     42.8003215
    ]
   },
   "properties": {
    "id": "PK-w837017954",
    "kind": "parking",
    "name": "（名称なし）駐車場",
    "datum": "WGS84",
    "mountainIds": "67",
    "mountainNames": "恵庭岳",
    "otherMountainNames": "",
    "lists": "北海道百名山",
    "routes": "",
    "entryType": "",
    "trailKmToSummit": "",
    "related": "TH-n7723111785(19m)",
    "attributes": "fee=no; access=yes",
    "status": "provisional",
    "accuracyM": 40,
    "needsReview": "公式情報または2情報源での確認が必要、名称なし",
    "sources": "OpenStreetMap（© OpenStreetMap contributors, ODbL 1.0）Geofabrik japan-latest.osm.pbf 2026-09-30T20:22:42Z way/837017954",
    "verifiedAt": ""
   }
  },
  {
   "type": "Feature",
   "geometry": {
    "type": "Point",
    "coordinates": [
     140.6416878,
     42.8763931
    ]
   },
   "properties": {
    "id": "PK-w853331508",
    "kind": "parking",
    "name": "（名称なし）駐車場",
    "datum": "WGS84",
    "mountainIds": "59",
    "mountainNames": "イワオヌプリ",
    "otherMountainNames": "",
    "lists": "北海道百名山",
    "routes": "",
    "entryType": "",
    "trailKmToSummit": "",
    "related": "TH-n1303332760(10m)",
    "attributes": "",
    "status": "provisional",
    "accuracyM": 40,
    "needsReview": "公式情報または2情報源での確認が必要、名称なし",
    "sources": "OpenStreetMap（© OpenStreetMap contributors, ODbL 1.0）Geofabrik japan-latest.osm.pbf 2026-09-30T20:22:42Z way/853331508",
    "verifiedAt": ""
   }
  },
  {
   "type": "Feature",
   "geometry": {
    "type": "Point",
    "coordinates": [
     140.7153985,
     41.7616903
    ]
   },
   "properties": {
    "id": "PK-w855922563",
    "kind": "parking",
    "name": "ザ・パーク 元町22",
    "datum": "WGS84",
    "mountainIds": "99",
    "mountainNames": "函館山",
    "otherMountainNames": "",
    "lists": "北海道百名山",
    "routes": "",
    "entryType": "",
    "trailKmToSummit": "",
    "related": "TH-w454280224(122m)",
    "attributes": "capacity=5; access=customers",
    "status": "provisional",
    "accuracyM": 40,
    "needsReview": "公式情報または2情報源での確認が必要",
    "sources": "OpenStreetMap（© OpenStreetMap contributors, ODbL 1.0）Geofabrik japan-latest.osm.pbf 2026-09-30T20:22:42Z way/855922563",
    "verifiedAt": ""
   }
  },
  {
   "type": "Feature",
   "geometry": {
    "type": "Point",
    "coordinates": [
     142.6433649,
     43.4139597
    ]
   },
   "properties": {
    "id": "PK-w889237286",
    "kind": "parking",
    "name": "（名称なし）駐車場",
    "datum": "WGS84",
    "mountainIds": "34 37 38 39 40",
    "mountainNames": "オプタテシケ山、美瑛岳、十勝岳、上ホロカメットク山、富良野岳",
    "otherMountainNames": "",
    "lists": "日本三百名山|北海道百名山|日本百名山|日本二百名山",
    "routes": "",
    "entryType": "",
    "trailKmToSummit": "",
    "related": "TH-n8266981427(434m) TH-n12652209569(92m)",
    "attributes": "fee=no; access=yes",
    "status": "provisional",
    "accuracyM": 40,
    "needsReview": "公式情報または2情報源での確認が必要、名称なし、登山口から離れている（徒歩アプローチを要確認）",
    "sources": "OpenStreetMap（© OpenStreetMap contributors, ODbL 1.0）Geofabrik japan-latest.osm.pbf 2026-09-30T20:22:42Z way/889237286",
    "verifiedAt": ""
   }
  },
  {
   "type": "Feature",
   "geometry": {
    "type": "Point",
    "coordinates": [
     142.6386596,
     43.4152059
    ]
   },
   "properties": {
    "id": "PK-w889237288",
    "kind": "parking",
    "name": "（名称なし）駐車場",
    "datum": "WGS84",
    "mountainIds": "34 37 38 39 40",
    "mountainNames": "オプタテシケ山、美瑛岳、十勝岳、上ホロカメットク山、富良野岳",
    "otherMountainNames": "",
    "lists": "日本三百名山|北海道百名山|日本百名山|日本二百名山",
    "routes": "",
    "entryType": "",
    "trailKmToSummit": "",
    "related": "TH-n8266981427(31m) TH-n12652209569(325m)",
    "attributes": "",
    "status": "provisional",
    "accuracyM": 40,
    "needsReview": "公式情報または2情報源での確認が必要、名称なし、登山口から離れている（徒歩アプローチを要確認）",
    "sources": "OpenStreetMap（© OpenStreetMap contributors, ODbL 1.0）Geofabrik japan-latest.osm.pbf 2026-09-30T20:22:42Z way/889237288",
    "verifiedAt": ""
   }
  },
  {
   "type": "Feature",
   "geometry": {
    "type": "Point",
    "coordinates": [
     140.5107514,
     42.9473114
    ]
   },
   "properties": {
    "id": "PK-w902498501",
    "kind": "parking",
    "name": "（名称なし）駐車場",
    "datum": "WGS84",
    "mountainIds": "56 58",
    "mountainNames": "雷電山、目国内岳",
    "otherMountainNames": "",
    "lists": "北海道百名山",
    "routes": "",
    "entryType": "",
    "trailKmToSummit": "",
    "related": "TH-w1030295081(415m)",
    "attributes": "",
    "status": "provisional",
    "accuracyM": 40,
    "needsReview": "公式情報または2情報源での確認が必要、名称なし、登山口から離れている（徒歩アプローチを要確認）",
    "sources": "OpenStreetMap（© OpenStreetMap contributors, ODbL 1.0）Geofabrik japan-latest.osm.pbf 2026-09-30T20:22:42Z way/902498501",
    "verifiedAt": ""
   }
  },
  {
   "type": "Feature",
   "geometry": {
    "type": "Point",
    "coordinates": [
     140.5087509,
     42.9464641
    ]
   },
   "properties": {
    "id": "PK-w902498502",
    "kind": "parking",
    "name": "（名称なし）駐車場",
    "datum": "WGS84",
    "mountainIds": "56 58",
    "mountainNames": "雷電山、目国内岳",
    "otherMountainNames": "",
    "lists": "北海道百名山",
    "routes": "",
    "entryType": "",
    "trailKmToSummit": "",
    "related": "TH-n1304496938(60m)",
    "attributes": "",
    "status": "provisional",
    "accuracyM": 40,
    "needsReview": "公式情報または2情報源での確認が必要、名称なし",
    "sources": "OpenStreetMap（© OpenStreetMap contributors, ODbL 1.0）Geofabrik japan-latest.osm.pbf 2026-09-30T20:22:42Z way/902498502",
    "verifiedAt": ""
   }
  },
  {
   "type": "Feature",
   "geometry": {
    "type": "Point",
    "coordinates": [
     140.5084303,
     42.9463315
    ]
   },
   "properties": {
    "id": "PK-w902498503",
    "kind": "parking",
    "name": "（名称なし）駐車場",
    "datum": "WGS84",
    "mountainIds": "56 58",
    "mountainNames": "雷電山、目国内岳",
    "otherMountainNames": "",
    "lists": "北海道百名山",
    "routes": "",
    "entryType": "",
    "trailKmToSummit": "",
    "related": "TH-n1304496938(30m)",
    "attributes": "",
    "status": "provisional",
    "accuracyM": 40,
    "needsReview": "公式情報または2情報源での確認が必要、名称なし",
    "sources": "OpenStreetMap（© OpenStreetMap contributors, ODbL 1.0）Geofabrik japan-latest.osm.pbf 2026-09-30T20:22:42Z way/902498503",
    "verifiedAt": ""
   }
  },
  {
   "type": "Feature",
   "geometry": {
    "type": "Point",
    "coordinates": [
     140.5079842,
     42.9517406
    ]
   },
   "properties": {
    "id": "PK-w902498512",
    "kind": "parking",
    "name": "（名称なし）駐車場",
    "datum": "WGS84",
    "mountainIds": "56 58",
    "mountainNames": "雷電山、目国内岳",
    "otherMountainNames": "",
    "lists": "北海道百名山",
    "routes": "",
    "entryType": "",
    "trailKmToSummit": "",
    "related": "TH-n6422704364(96m)",
    "attributes": "",
    "status": "provisional",
    "accuracyM": 40,
    "needsReview": "公式情報または2情報源での確認が必要、名称なし",
    "sources": "OpenStreetMap（© OpenStreetMap contributors, ODbL 1.0）Geofabrik japan-latest.osm.pbf 2026-09-30T20:22:42Z way/902498512",
    "verifiedAt": ""
   }
  },
  {
   "type": "Feature",
   "geometry": {
    "type": "Point",
    "coordinates": [
     144.6986509,
     43.7990028
    ]
   },
   "properties": {
    "id": "PK-w965195234",
    "kind": "parking",
    "name": "（名称なし）駐車場",
    "datum": "WGS84",
    "mountainIds": "11",
    "mountainNames": "斜里岳",
    "otherMountainNames": "",
    "lists": "日本百名山|日本二百名山|日本三百名山|北海道百名山",
    "routes": "",
    "entryType": "",
    "trailKmToSummit": "",
    "related": "TH-n8928803283(5m)",
    "attributes": "",
    "status": "provisional",
    "accuracyM": 40,
    "needsReview": "公式情報または2情報源での確認が必要、名称なし",
    "sources": "OpenStreetMap（© OpenStreetMap contributors, ODbL 1.0）Geofabrik japan-latest.osm.pbf 2026-09-30T20:22:42Z way/965195234",
    "verifiedAt": ""
   }
  },
  {
   "type": "Feature",
   "geometry": {
    "type": "Point",
    "coordinates": [
     141.3690384,
     43.0487046
    ]
   },
   "properties": {
    "id": "PK-w973092248",
    "kind": "parking",
    "name": "（名称なし）駐車場",
    "datum": "WGS84",
    "mountainIds": "52",
    "mountainNames": "藻岩山",
    "otherMountainNames": "",
    "lists": "北海道百名山",
    "routes": "",
    "entryType": "",
    "trailKmToSummit": "",
    "related": "TH-n2506331999(177m)",
    "attributes": "access=private",
    "status": "provisional",
    "accuracyM": 40,
    "needsReview": "公式情報または2情報源での確認が必要、名称なし",
    "sources": "OpenStreetMap（© OpenStreetMap contributors, ODbL 1.0）Geofabrik japan-latest.osm.pbf 2026-09-30T20:22:42Z way/973092248",
    "verifiedAt": ""
   }
  },
  {
   "type": "Feature",
   "geometry": {
    "type": "Point",
    "coordinates": [
     141.3706032,
     43.0478048
    ]
   },
   "properties": {
    "id": "PK-w974511936",
    "kind": "parking",
    "name": "（名称なし）駐車場",
    "datum": "WGS84",
    "mountainIds": "52",
    "mountainNames": "藻岩山",
    "otherMountainNames": "",
    "lists": "北海道百名山",
    "routes": "",
    "entryType": "",
    "trailKmToSummit": "",
    "related": "TH-n2506331999(22m)",
    "attributes": "access=customers",
    "status": "provisional",
    "accuracyM": 40,
    "needsReview": "公式情報または2情報源での確認が必要、名称なし",
    "sources": "OpenStreetMap（© OpenStreetMap contributors, ODbL 1.0）Geofabrik japan-latest.osm.pbf 2026-09-30T20:22:42Z way/974511936",
    "verifiedAt": ""
   }
  },
  {
   "type": "Feature",
   "geometry": {
    "type": "Point",
    "coordinates": [
     141.3348669,
     43.0324289
    ]
   },
   "properties": {
    "id": "PK-w980416795",
    "kind": "parking",
    "name": "末日聖徒イエス・キリスト教会 会員専用駐車場",
    "datum": "WGS84",
    "mountainIds": "52",
    "mountainNames": "藻岩山",
    "otherMountainNames": "",
    "lists": "北海道百名山",
    "routes": "",
    "entryType": "",
    "trailKmToSummit": "",
    "related": "TH-n1781191908(177m)",
    "attributes": "access=customers",
    "status": "provisional",
    "accuracyM": 40,
    "needsReview": "公式情報または2情報源での確認が必要",
    "sources": "OpenStreetMap（© OpenStreetMap contributors, ODbL 1.0）Geofabrik japan-latest.osm.pbf 2026-09-30T20:22:42Z way/980416795",
    "verifiedAt": ""
   }
  },
  {
   "type": "Feature",
   "geometry": {
    "type": "Point",
    "coordinates": [
     141.1531509,
     41.7946505
    ]
   },
   "properties": {
    "id": "PK-w986843571",
    "kind": "parking",
    "name": "（名称なし）駐車場",
    "datum": "WGS84",
    "mountainIds": "98",
    "mountainNames": "恵山",
    "otherMountainNames": "",
    "lists": "北海道百名山",
    "routes": "",
    "entryType": "",
    "trailKmToSummit": "",
    "related": "TH-n1625698675(385m) TH-n1625696864(364m) TH-osm-w986843571(0m)",
    "attributes": "",
    "status": "provisional",
    "accuracyM": 40,
    "needsReview": "公式情報または2情報源での確認が必要、名称なし、登山口から離れている（徒歩アプローチを要確認）",
    "sources": "OpenStreetMap（© OpenStreetMap contributors, ODbL 1.0）Geofabrik japan-latest.osm.pbf 2026-09-30T20:22:42Z way/986843571",
    "verifiedAt": ""
   }
  },
  {
   "type": "Feature",
   "geometry": {
    "type": "Point",
    "coordinates": [
     141.1822926,
     41.8137505
    ]
   },
   "properties": {
    "id": "PK-w986873537",
    "kind": "parking",
    "name": "（名称なし）駐車場",
    "datum": "WGS84",
    "mountainIds": "98",
    "mountainNames": "恵山",
    "otherMountainNames": "",
    "lists": "北海道百名山",
    "routes": "",
    "entryType": "",
    "trailKmToSummit": "",
    "related": "TH-n4838816434(148m)",
    "attributes": "",
    "status": "provisional",
    "accuracyM": 40,
    "needsReview": "公式情報または2情報源での確認が必要、名称なし",
    "sources": "OpenStreetMap（© OpenStreetMap contributors, ODbL 1.0）Geofabrik japan-latest.osm.pbf 2026-09-30T20:22:42Z way/986873537",
    "verifiedAt": ""
   }
  },
  {
   "type": "Feature",
   "geometry": {
    "type": "Point",
    "coordinates": [
     140.597121,
     42.868165
    ]
   },
   "properties": {
    "id": "TH-gsi-chisenupuri-yumoto",
    "kind": "trailhead",
    "name": "湯本温泉登山口（チセヌプリ・シャクナゲ岳）",
    "datum": "WGS84",
    "mountainIds": "10012 10011",
    "mountainNames": "",
    "otherMountainNames": "チセヌプリ、シャクナゲ岳",
    "lists": "",
    "routes": "",
    "entryType": "登山記録で広く使われている登山口",
    "trailKmToSummit": "",
    "related": "PK-g4286816_14059712(0m) PK-w1003080461(92m) PK-w429788837(115m)",
    "attributes": "",
    "status": "provisional",
    "accuracyM": 200,
    "needsReview": "ニセコパノラマライン（道道66号）は冬期通行止めとの情報がある。入山前に最新情報を確認すること",
    "sources": "国土地理院ベクトルタイル提供実験 地理院地図の徒歩道が車道から始まる位置（42.868165, 140.597121）、標高554.6m。地理院地図の注記「湯本温泉」から278m、注記「チセヌプリスキー場」から742m、OSM の駐車場（way/1003080461）から92m。地理院地図の徒歩道で山頂まで約3.0km 2026-09-30確認 ｜ 登山記録で広く使われている登山口（登山記録・登山情報サイトで名称と利用を確認。公式情報では未確認） 2026-09-30確認",
    "verifiedAt": ""
   }
  },
  {
   "type": "Feature",
   "geometry": {
    "type": "Point",
    "coordinates": [
     141.237505,
     42.963208
    ]
   },
   "properties": {
    "id": "TH-gsi-hakkenzan-chuo",
    "kind": "trailhead",
    "name": "八剣山 中央登山口（八剣山果樹園）",
    "datum": "WGS84",
    "mountainIds": "10009",
    "mountainNames": "",
    "otherMountainNames": "観音岩山",
    "lists": "",
    "routes": "",
    "entryType": "登山記録で広く使われている登山口",
    "trailKmToSummit": "",
    "related": "PK-g4296321_1412375(0m) PK-w1037882024(221m) PK-w1021882188(361m) BS-n10648858046(189m) BS-n10648858044(225m) BS-kP11-22-01-bs9830(827m)",
    "attributes": "",
    "status": "provisional",
    "accuracyM": 150,
    "needsReview": "",
    "sources": "国土地理院ベクトルタイル提供実験 地理院地図の徒歩道が車道から始まる位置（42.963208, 141.237505）、標高212.1m。OSM の観光地「八剣山果樹園」（node/6515253385）から約160m、OSM のバス停「八剣山中央口」（node/10648858046）から189m、地理院地図の注記「観音岩山」（山頂）から407m。地理院地図の徒歩道で山頂まで約0.6km 2026-09-30確認 ｜ 登山記録で広く使われている登山口（登山記録・登山情報サイトで名称と利用を確認。公式情報では未確認） 2026-09-30確認",
    "verifiedAt": ""
   }
  },
  {
   "type": "Feature",
   "geometry": {
    "type": "Point",
    "coordinates": [
     141.569449,
     43.779941
    ]
   },
   "properties": {
    "id": "TH-gsi-hashibetsu",
    "kind": "trailhead",
    "name": "箸別登山口（暑寒別岳 箸別ルート）",
    "datum": "WGS84",
    "mountainIds": "14",
    "mountainNames": "暑寒別岳",
    "otherMountainNames": "",
    "lists": "日本二百名山|日本三百名山|北海道百名山",
    "routes": "箸別ルート",
    "entryType": "公式情報による登山口",
    "trailKmToSummit": "",
    "related": "PK-w419724332(83m)",
    "attributes": "parking=30台収容・無料（増毛町）; access=国道231号からJR跨線橋横の道を下り、町道を3.5km走って左折、林道のつづら折りを上る。舗装だが道が狭い（増毛町）",
    "status": "adopted",
    "accuracyM": 150,
    "needsReview": "標柱が標高100mごとに立っているが、案内板はない（増毛町）",
    "sources": "国土地理院ベクトルタイル提供実験 地理院地図の車道の終点で徒歩道が始まる位置（43.779941, 141.569449）、標高479.8m（増毛町の登山口標高486mと6m差）。地理院地図の注記「避難小屋」から33m。地理院地図の徒歩道で山頂まで約8.6km 2026-09-26確認 ｜ 公式情報: https://www.town.mashike.hokkaido.jp/tourism/area/mtsyokan/route-hashibetsu.html",
    "verifiedAt": "2026-09-26"
   }
  },
  {
   "type": "Feature",
   "geometry": {
    "type": "Point",
    "coordinates": [
     141.221923,
     43.054317
    ]
   },
   "properties": {
    "id": "TH-gsi-heiwanotaki",
    "kind": "trailhead",
    "name": "平和の滝（手稲山登山口）",
    "datum": "WGS84",
    "mountainIds": "49",
    "mountainNames": "手稲山",
    "otherMountainNames": "",
    "lists": "北海道百名山",
    "routes": "",
    "entryType": "登山記録で広く使われている登山口",
    "trailKmToSummit": "",
    "related": "PK-g4305432_14122192(0m) PK-w1388135435(55m) PK-w1388135444(425m)",
    "attributes": "",
    "status": "provisional",
    "accuracyM": 100,
    "needsReview": "",
    "sources": "国土地理院ベクトルタイル提供実験 地理院地図の車道の終点で徒歩道が始まる位置（43.054317, 141.221923）、標高247.8m。地理院地図の注記「平和の滝」から66m 2026-09-25確認 ｜ 登山記録で広く使われている登山口（登山記録・登山情報サイトで名称と利用を確認。公式情報では未確認） 2026-09-25確認",
    "verifiedAt": ""
   }
  },
  {
   "type": "Feature",
   "geometry": {
    "type": "Point",
    "coordinates": [
     143.042078,
     43.772213
    ]
   },
   "properties": {
    "id": "TH-gsi-hirayama-hk",
    "kind": "trailhead",
    "name": "平山登山口",
    "datum": "WGS84",
    "mountainIds": "12",
    "mountainNames": "平山",
    "otherMountainNames": "",
    "lists": "北海道百名山",
    "routes": "",
    "entryType": "登山記録で広く使われている登山口",
    "trailKmToSummit": "",
    "related": "PK-g4377221_14304208(0m)",
    "attributes": "",
    "status": "provisional",
    "accuracyM": 250,
    "needsReview": "平山方面への支湧別本流林道は通行可能。落石等に注意して通行すること（北海道森林管理局、令和7年6月9日）",
    "sources": "国土地理院ベクトルタイル提供実験 地理院地図の徒歩道が車道から始まる位置（43.772213, 143.042078）、標高1,008m。地理院地図の徒歩道で山頂まで約3.8km 2026-09-25確認 ｜ 登山記録で広く使われている登山口（登山記録・登山情報サイトで名称と利用を確認。公式情報では未確認） 2026-09-25確認",
    "verifiedAt": ""
   }
  },
  {
   "type": "Feature",
   "geometry": {
    "type": "Point",
    "coordinates": [
     142.585566,
     42.640602
    ]
   },
   "properties": {
    "id": "TH-gsi-idonnappu-satsunai",
    "kind": "trailhead",
    "name": "イドンナップ岳登山口（サツナイ沢）",
    "datum": "WGS84",
    "mountainIds": "81",
    "mountainNames": "イドンナップ岳",
    "otherMountainNames": "",
    "lists": "北海道百名山",
    "routes": "",
    "entryType": "登山記録で広く使われている登山口",
    "trailKmToSummit": "",
    "related": "PK-g426406_14258557(0m)",
    "attributes": "",
    "status": "provisional",
    "accuracyM": 300,
    "needsReview": "新冠林道の一般開放期間は令和8年6月27日〜9月30日（北海道森林管理局 日高南部森林管理署）、新冠町道「岩清水アブカシャンペ線」ゲートから約3km先に国有林ゲート。国有林ゲートからイドンナップ山荘まで約37km（北海道森林管理局）",
    "sources": "国土地理院ベクトルタイル提供実験 地理院地図の徒歩道が車道（新冠林道）から始まる位置（42.640602, 142.585566）、標高422m。地理院地図の注記「サツナイ沢」から176m 2026-09-26確認 ｜ 登山記録で広く使われている登山口（登山記録・登山情報サイトで名称と利用を確認。公式情報では未確認） 2026-09-24確認",
    "verifiedAt": ""
   }
  },
  {
   "type": "Feature",
   "geometry": {
    "type": "Point",
    "coordinates": [
     140.503587,
     42.937461
    ]
   },
   "properties": {
    "id": "TH-gsi-iwanaidake-daini",
    "kind": "trailhead",
    "name": "岩内岳 第2登山口（IWANAI RESORT）",
    "datum": "WGS84",
    "mountainIds": "10010",
    "mountainNames": "",
    "otherMountainNames": "岩内岳",
    "lists": "",
    "routes": "",
    "entryType": "登山記録で広く使われている登山口",
    "trailKmToSummit": "",
    "related": "",
    "attributes": "",
    "status": "provisional",
    "accuracyM": 150,
    "needsReview": "",
    "sources": "国土地理院ベクトルタイル提供実験 地理院地図の車道の終点で徒歩道が始まる位置（42.937461, 140.503587）、標高503.5m。地理院地図の注記「字野束」から309m、注記「ＩＷＡＮＡＩ ＲＥＳＯＲＴスキー場」から691m。地理院地図の徒歩道で山頂まで約1.9km 2026-09-30確認 ｜ 登山記録で広く使われている登山口（登山記録・登山情報サイトで名称と利用を確認。公式情報では未確認） 2026-09-30確認",
    "verifiedAt": ""
   }
  },
  {
   "type": "Feature",
   "geometry": {
    "type": "Point",
    "coordinates": [
     141.293498,
     43.019842
    ]
   },
   "properties": {
    "id": "TH-gsi-kobayashitoge",
    "kind": "trailhead",
    "name": "小林峠（砥石山・藻岩山 小林峠コース登山口）",
    "datum": "WGS84",
    "mountainIds": "52 10008",
    "mountainNames": "藻岩山",
    "otherMountainNames": "砥石山",
    "lists": "北海道百名山",
    "routes": "",
    "entryType": "登山記録で広く使われている登山口",
    "trailKmToSummit": "",
    "related": "PK-g4301984_1412935(0m) BS-kP11-22-01-bs8520(489m) BS-kP11-22-01-bs8361(642m) BS-kP11-22-01-bs8301(930m)",
    "attributes": "",
    "status": "provisional",
    "accuracyM": 100,
    "needsReview": "",
    "sources": "国土地理院ベクトルタイル提供実験 地理院地図の徒歩道が車道から始まる位置（43.019842, 141.293498）、標高300.6m。地理院地図の注記「小林峠」から46m、OSM の峠「小林峠」（node/1771551220）から23m。地理院地図の徒歩道で砥石山の山頂まで約4.5km 2026-09-30確認 ｜ 登山記録で広く使われている登山口（登山記録・登山情報サイトで名称と利用を確認。公式情報では未確認） 2026-09-30確認",
    "verifiedAt": ""
   }
  },
  {
   "type": "Feature",
   "geometry": {
    "type": "Point",
    "coordinates": [
     141.311506,
     43.053158
    ]
   },
   "properties": {
    "id": "TH-gsi-maruyama-88",
    "kind": "trailhead",
    "name": "円山 八十八ヶ所登山口（札幌）",
    "datum": "WGS84",
    "mountainIds": "10007",
    "mountainNames": "",
    "otherMountainNames": "円山",
    "lists": "",
    "routes": "",
    "entryType": "登山記録で広く使われている登山口",
    "trailKmToSummit": "",
    "related": "PK-g4305316_14131151(0m) PK-w263954233(66m) PK-w1296663049(108m) BS-kP11-22-01-bs7827(318m) BS-kP11-22-01-bs7719(441m) BS-kP11-22-01-bs7719(441m)",
    "attributes": "",
    "status": "provisional",
    "accuracyM": 150,
    "needsReview": "登山口に駐車場はない。円山公園第二駐車場（正門側、276台）は円山公園・円山競技場などを訪れる人が使える共用駐車場で、4月21日〜10月31日に営業（札幌市円山動物園）",
    "sources": "国土地理院ベクトルタイル提供実験 地理院地図の徒歩道が車道から始まる位置（43.053158, 141.311506）、標高32.2m。地理院地図の注記「円山公園」から221m、注記「北海道神宮」から約330m、OSM の駐車場（way/263954233）から約50m、国土数値情報のバス停「円山動物園正門」（P11-22-01-bs7827）から約330m。地理院地図の徒歩道で山頂まで約1.0km 2026-09-30確認 ｜ 登山記録で広く使われている登山口（登山記録・登山情報サイトで名称と利用を確認。公式情報では未確認） 2026-09-30確認",
    "verifiedAt": ""
   }
  },
  {
   "type": "Feature",
   "geometry": {
    "type": "Point",
    "coordinates": [
     141.401577,
     42.77658
    ]
   },
   "properties": {
    "id": "TH-gsi-monbetsudake",
    "kind": "trailhead",
    "name": "紋別岳登山口（支笏湖温泉）",
    "datum": "WGS84",
    "mountainIds": "10014",
    "mountainNames": "",
    "otherMountainNames": "紋別岳",
    "lists": "",
    "routes": "",
    "entryType": "公式情報による登山口",
    "trailKmToSummit": "",
    "related": "PK-w366899131(215m) PK-w366433246(303m) PK-w366899134(307m) BS-kP11-22-01-bs11514(458m)",
    "attributes": "course=山頂までアスファルトで舗装されているが、一般車の乗り入れは禁止。登り1時間50分、下り1時間20分（支笏湖ビジターセンター）",
    "status": "adopted",
    "accuracyM": 150,
    "needsReview": "",
    "sources": "国土地理院ベクトルタイル提供実験 地理院地図で国道453号から山頂へ向かう車道が分かれる位置（42.776580, 141.401577）、標高276.3m。地理院地図の注記「支笏湖郵便局」から140m、支笏湖温泉の OSM の有料駐車場（way/366899134 ほか）の北西約300〜400m。地理院地図の車道で山頂の近く（約60m）まで約4.6km 2026-09-30確認 ｜ 公式情報: https://shikotsukovc.sakura.ne.jp/sansaku/mombetsu.html",
    "verifiedAt": "2026-09-30"
   }
  },
  {
   "type": "Feature",
   "geometry": {
    "type": "Point",
    "coordinates": [
     139.830911,
     42.61003
    ]
   },
   "properties": {
    "id": "TH-gsi-motta",
    "kind": "trailhead",
    "name": "茂津多コース登山口（狩場山）",
    "datum": "WGS84",
    "mountainIds": "83",
    "mountainNames": "狩場山",
    "otherMountainNames": "",
    "lists": "日本三百名山|北海道百名山",
    "routes": "",
    "entryType": "登山記録で広く使われている登山口",
    "trailKmToSummit": "",
    "related": "PK-w430481056(38m)",
    "attributes": "",
    "status": "provisional",
    "accuracyM": 250,
    "needsReview": "",
    "sources": "国土地理院ベクトルタイル提供実験 地理院地図の徒歩道が車道から始まる位置（42.610030, 139.830911）、標高240.6m。地理院地図の注記「茂津多岬灯台」から552m。地理院地図の徒歩道で山頂まで約10.2km 2026-09-26確認 ｜ 登山記録で広く使われている登山口（登山記録・登山情報サイトで名称と利用を確認。公式情報では未確認） 2026-09-26確認",
    "verifiedAt": ""
   }
  },
  {
   "type": "Feature",
   "geometry": {
    "type": "Point",
    "coordinates": [
     141.001722,
     42.420799
    ]
   },
   "properties": {
    "id": "TH-gsi-muroran-sanroku",
    "kind": "trailhead",
    "name": "室蘭岳山麓公園（鷲別岳登山口）",
    "datum": "WGS84",
    "mountainIds": "89",
    "mountainNames": "鷲別岳",
    "otherMountainNames": "",
    "lists": "北海道百名山",
    "routes": "",
    "entryType": "公式情報による登山口",
    "trailKmToSummit": "",
    "related": "",
    "attributes": "parking=130台、舗装、無料。駐車場にトイレ（簡易水洗）、白鳥ヒュッテ横にもトイレ（非水洗）（胆振総合振興局）; access=JR東室蘭駅から道道107号で約20分、道央自動車道室蘭ICから15分。公共交通機関はない（胆振総合振興局）",
    "status": "adopted",
    "accuracyM": 150,
    "needsReview": "水元沢コースは沢歩きや足場の悪い所があり登山に慣れた人向き。前日の雨で沢が増水する場合がある（胆振総合振興局）、登山口の正確な位置は公式情報では未確認",
    "sources": "国土地理院ベクトルタイル提供実験 地理院地図の車道の終点で徒歩道が始まる位置（42.420799, 141.001722）、標高493.7m。地理院地図の注記「白鳥ヒュッテ」から207m。地理院地図の徒歩道で山頂まで約1.7km 2026-09-25確認 ｜ 公式情報: https://www.iburi.pref.hokkaido.lg.jp/ss/srk/yama/mountain/washibetsudake.html",
    "verifiedAt": "2026-09-25"
   }
  },
  {
   "type": "Feature",
   "geometry": {
    "type": "Point",
    "coordinates": [
     140.548074,
     42.895739
    ]
   },
   "properties": {
    "id": "TH-gsi-niimitoge",
    "kind": "trailhead",
    "name": "新見峠（目国内岳登山口）",
    "datum": "WGS84",
    "mountainIds": "58",
    "mountainNames": "目国内岳",
    "otherMountainNames": "",
    "lists": "北海道百名山",
    "routes": "",
    "entryType": "登山記録で広く使われている登山口",
    "trailKmToSummit": "",
    "related": "PK-g4289574_14054807(0m)",
    "attributes": "",
    "status": "provisional",
    "accuracyM": 150,
    "needsReview": "",
    "sources": "国土地理院ベクトルタイル提供実験 地理院地図の徒歩道が車道から始まる位置（42.895739, 140.548074）、標高737.1m。地理院地図の注記「新見峠」から197m。地理院地図の徒歩道で山頂まで約3.3km 2026-09-25確認 ｜ 登山記録で広く使われている登山口（登山記録・登山情報サイトで名称と利用を確認。公式情報では未確認） 2026-09-25確認",
    "verifiedAt": ""
   }
  },
  {
   "type": "Feature",
   "geometry": {
    "type": "Point",
    "coordinates": [
     143.118553,
     43.244617
    ]
   },
   "properties": {
    "id": "TH-gsi-nupuka",
    "kind": "trailhead",
    "name": "士幌高原ヌプカの里（白雲山 南麓登山口）",
    "datum": "WGS84",
    "mountainIds": "46",
    "mountainNames": "白雲山",
    "otherMountainNames": "",
    "lists": "北海道百名山",
    "routes": "",
    "entryType": "登山記録で広く使われている登山口",
    "trailKmToSummit": "",
    "related": "PK-w523527732(347m) PK-w523527733(401m)",
    "attributes": "",
    "status": "provisional",
    "accuracyM": 200,
    "needsReview": "",
    "sources": "国土地理院ベクトルタイル提供実験 地理院地図の徒歩道が車道から始まる位置（43.244617, 143.118553）、標高668m。地理院地図の注記「士幌高原ヌプカの里」から287m。地理院地図の徒歩道で山頂まで約2.0km 2026-09-25確認 ｜ 登山記録で広く使われている登山口（登山記録・登山情報サイトで名称と利用を確認。公式情報では未確認） 2026-09-25確認",
    "verifiedAt": ""
   }
  },
  {
   "type": "Feature",
   "geometry": {
    "type": "Point",
    "coordinates": [
     140.131238,
     42.172572
    ]
   },
   "properties": {
    "id": "TH-gsi-oboko",
    "kind": "trailhead",
    "name": "オボコ山の家（雄鉾岳登山口）",
    "datum": "WGS84",
    "mountainIds": "94",
    "mountainNames": "雄鉾岳",
    "otherMountainNames": "",
    "lists": "北海道百名山",
    "routes": "",
    "entryType": "登山記録で広く使われている登山口",
    "trailKmToSummit": "",
    "related": "PK-g4217257_14013124(0m)",
    "attributes": "",
    "status": "provisional",
    "accuracyM": 150,
    "needsReview": "",
    "sources": "国土地理院ベクトルタイル提供実験 地理院地図の車道の終点（42.172572, 140.131238）。地理院地図の注記「オボコ山の家」から54m 2026-09-25確認 ｜ 登山記録で広く使われている登山口（登山記録・登山情報サイトで名称と利用を確認。公式情報では未確認） 2026-09-25確認",
    "verifiedAt": ""
   }
  },
  {
   "type": "Feature",
   "geometry": {
    "type": "Point",
    "coordinates": [
     142.880647,
     42.721389
    ]
   },
   "properties": {
    "id": "TH-gsi-opirinep",
    "kind": "trailhead",
    "name": "十勝幌尻岳登山口（オピリネップ林道）",
    "datum": "WGS84",
    "mountainIds": "76",
    "mountainNames": "十勝幌尻岳",
    "otherMountainNames": "",
    "lists": "北海道百名山",
    "routes": "",
    "entryType": "登山記録で広く使われている登山口",
    "trailKmToSummit": "",
    "related": "PK-g4272139_14288065(0m)",
    "attributes": "",
    "status": "provisional",
    "accuracyM": 400,
    "needsReview": "オピリネップ林道は登山口まで通行可能だが、通行には十分注意すること（北海道森林管理局 十勝西部森林管理署、令和8年9月4日更新）",
    "sources": "国土地理院ベクトルタイル提供実験 地理院地図の徒歩道が車道から始まる位置（42.721389, 142.880647）、標高604.2m。地理院地図の注記「オピリネップ川」から406m 2026-09-25確認 ｜ 登山記録で広く使われている登山口（登山記録・登山情報サイトで名称と利用を確認。公式情報では未確認） 2026-09-25確認",
    "verifiedAt": ""
   }
  },
  {
   "type": "Feature",
   "geometry": {
    "type": "Point",
    "coordinates": [
     141.679248,
     43.457526
    ]
   },
   "properties": {
    "id": "TH-gsi-pinneshiri-ichibangawa",
    "kind": "trailhead",
    "name": "ピンネシリ 一番川コース登山口（道民の森一番川地区）",
    "datum": "WGS84",
    "mountainIds": "33",
    "mountainNames": "ピンネシリ",
    "otherMountainNames": "",
    "lists": "北海道百名山",
    "routes": "",
    "entryType": "登山記録で広く使われている登山口",
    "trailKmToSummit": "",
    "related": "",
    "attributes": "",
    "status": "provisional",
    "accuracyM": 300,
    "needsReview": "",
    "sources": "国土地理院ベクトルタイル提供実験 地理院地図の車道の終点で徒歩道が始まる位置（43.457526, 141.679248）、標高289.6m。地理院地図の徒歩道で山頂まで約5.3km 2026-09-25確認 ｜ 登山記録で広く使われている登山口（登山記録・登山情報サイトで名称と利用を確認。公式情報では未確認） 2026-09-25確認",
    "verifiedAt": ""
   }
  },
  {
   "type": "Feature",
   "geometry": {
    "type": "Point",
    "coordinates": [
     144.686458,
     43.776077
    ]
   },
   "properties": {
    "id": "TH-gsi-seigakuso",
    "kind": "trailhead",
    "name": "清岳荘",
    "datum": "WGS84",
    "mountainIds": "11",
    "mountainNames": "斜里岳",
    "otherMountainNames": "",
    "lists": "日本百名山|日本二百名山|日本三百名山|北海道百名山",
    "routes": "旧道・新道コース",
    "entryType": "公式情報による登山口",
    "trailKmToSummit": "",
    "related": "PK-w629040203(187m)",
    "attributes": "",
    "status": "adopted",
    "accuracyM": 30,
    "needsReview": "登山口は清岳荘の裏から始まる（北海道庁）、斜里岳道立自然公園には車馬等の乗入れ規制区域がある（北海道庁）、OSMの登山道からは離れているため、登山道との接続は未確認",
    "sources": "国土地理院 地名検索「清岳荘」（43.776077, 144.686458、JGD2011）2026-09-20確認 ｜ 公式情報: https://www.pref.hokkaido.lg.jp/ks/skn/environ/parks/syaridake-prefecturali-nationalpark.html ｜ 公式情報: https://www.pref.hokkaido.lg.jp/ks/skn/hureai/noriirekisei/syari.html",
    "verifiedAt": "2026-09-20"
   }
  },
  {
   "type": "Feature",
   "geometry": {
    "type": "Point",
    "coordinates": [
     140.915114,
     43.196961
    ]
   },
   "properties": {
    "id": "TH-gsi-shioyamaruyama",
    "kind": "trailhead",
    "name": "塩谷丸山 塩谷駅コース登山口",
    "datum": "WGS84",
    "mountainIds": "10004",
    "mountainNames": "",
    "otherMountainNames": "塩谷丸山",
    "lists": "",
    "routes": "",
    "entryType": "登山記録で広く使われている登山口",
    "trailKmToSummit": "",
    "related": "PK-g4319696_14091511(0m) PK-w593337731(432m)",
    "attributes": "",
    "status": "provisional",
    "accuracyM": 150,
    "needsReview": "",
    "sources": "国土地理院ベクトルタイル提供実験 地理院地図の車道の終点で徒歩道が始まる位置（43.196961, 140.915114）、標高105.9m。OSM の駐車場「登山者用駐車場」（way/593337731、fee=no）から約430m、地理院地図の注記「塩谷駅」から約1.0km。地理院地図の徒歩道で山頂まで約2.6km 2026-09-30確認 ｜ 登山記録で広く使われている登山口（登山記録・登山情報サイトで名称と利用を確認。公式情報では未確認） 2026-09-30確認",
    "verifiedAt": ""
   }
  },
  {
   "type": "Feature",
   "geometry": {
    "type": "Point",
    "coordinates": [
     140.887787,
     42.755147
    ]
   },
   "properties": {
    "id": "TH-gsi-shiribetsu-rusutsu",
    "kind": "trailhead",
    "name": "尻別岳 留寿都コース登山口",
    "datum": "WGS84",
    "mountainIds": "69",
    "mountainNames": "尻別岳",
    "otherMountainNames": "",
    "lists": "北海道百名山",
    "routes": "",
    "entryType": "登山記録で広く使われている登山口",
    "trailKmToSummit": "",
    "related": "PK-g4275515_14088779(0m)",
    "attributes": "",
    "status": "provisional",
    "accuracyM": 250,
    "needsReview": "",
    "sources": "国土地理院ベクトルタイル提供実験 地理院地図の徒歩道が車道から始まる位置（42.755147, 140.887787）、標高655.8m。地理院地図の注記「橇負山」から348m。地理院地図の徒歩道で山頂まで約3.1km 2026-09-25確認 ｜ 登山記録で広く使われている登山口（登山記録・登山情報サイトで名称と利用を確認。公式情報では未確認） 2026-09-25確認",
    "verifiedAt": ""
   }
  },
  {
   "type": "Feature",
   "geometry": {
    "type": "Point",
    "coordinates": [
     141.296818,
     42.895566
    ]
   },
   "properties": {
    "id": "TH-gsi-soranuma",
    "kind": "trailhead",
    "name": "空沼岳登山口",
    "datum": "WGS84",
    "mountainIds": "61",
    "mountainNames": "空沼岳",
    "otherMountainNames": "",
    "lists": "北海道百名山",
    "routes": "",
    "entryType": "登山記録で広く使われている登山口",
    "trailKmToSummit": "",
    "related": "",
    "attributes": "",
    "status": "provisional",
    "accuracyM": 300,
    "needsReview": "",
    "sources": "国土地理院ベクトルタイル提供実験 地理院地図の徒歩道が車道から始まる位置（42.895566, 141.296818）、標高375m。地理院地図の徒歩道で山頂まで約7.3km 2026-09-25確認 ｜ 登山記録で広く使われている登山口（登山記録・登山情報サイトで名称と利用を確認。公式情報では未確認） 2026-09-25確認",
    "verifiedAt": ""
   }
  },
  {
   "type": "Feature",
   "geometry": {
    "type": "Point",
    "coordinates": [
     141.078996,
     42.994678
    ]
   },
   "properties": {
    "id": "TH-gsi-tengugoya",
    "kind": "trailhead",
    "name": "天狗小屋登山口（定山渓天狗岳）",
    "datum": "WGS84",
    "mountainIds": "53",
    "mountainNames": "定山溪天狗岳",
    "otherMountainNames": "",
    "lists": "北海道百名山",
    "routes": "",
    "entryType": "公式情報による登山口",
    "trailKmToSummit": "",
    "related": "",
    "attributes": "access=道道1号線を進み、朝日橋ゲート手前右の道道95号線（豊羽鉱山ルート）へ。右股橋を渡った先の天狗小屋（定山渓観光協会）",
    "status": "adopted",
    "accuracyM": 200,
    "needsReview": "「天狗岳入口」までの林道は両端がゲートで閉じられ、車両は進入できない。林道を約30分歩く（定山渓観光協会）、渡渉・岩壁・涸れ沢があり、終盤のルンゼはとても急で非常に険しい。熊の生息エリア（定山渓観光協会）",
    "sources": "国土地理院ベクトルタイル提供実験 地理院地図の注記「天狗小屋」の位置（42.994678, 141.078996）、標高431.8m 2026-09-25確認 ｜ 公式情報: https://jozankei.jp/stay/summer03/",
    "verifiedAt": "2026-09-25"
   }
  },
  {
   "type": "Feature",
   "geometry": {
    "type": "Point",
    "coordinates": [
     141.11387,
     42.644657
    ]
   },
   "properties": {
    "id": "TH-gsi-tokushunbetsu",
    "kind": "trailhead",
    "name": "徳舜瞥山登山口（5合目駐車場）",
    "datum": "WGS84",
    "mountainIds": "80 10015",
    "mountainNames": "徳舜瞥山",
    "otherMountainNames": "ホロホロ山",
    "lists": "北海道百名山",
    "routes": "",
    "entryType": "公式情報による登山口",
    "trailKmToSummit": "",
    "related": "",
    "attributes": "parking=約15台前後、舗装、無料。トイレはなく、三階滝公園周辺にある（胆振総合振興局）; access=大滝区の道道453号から道道86号に入り、三階滝公園向かいの道を上り（約10分）看板から左折（約4分）。公共交通機関はない（胆振総合振興局）; course=5合目にあたり、山頂まで約100分。ホロホロ山へは片道約30分（胆振総合振興局）",
    "status": "adopted",
    "accuracyM": 200,
    "needsReview": "登山口の正確な位置は公式情報では未確認",
    "sources": "国土地理院ベクトルタイル提供実験 地理院地図の徒歩道が車道から始まる位置（42.644657, 141.113870）、標高690.2m。地理院地図の注記「ホロホロ山自然休養林」から494m。地理院地図の徒歩道で山頂まで約2.3km 2026-09-25確認 ｜ 公式情報: https://www.iburi.pref.hokkaido.lg.jp/ss/srk/yama/mountain/tokusyunbetsu.html",
    "verifiedAt": "2026-09-25"
   }
  },
  {
   "type": "Feature",
   "geometry": {
    "type": "Point",
    "coordinates": [
     141.007451,
     43.052171
    ]
   },
   "properties": {
    "id": "TH-gsi-yoichi-kiroro",
    "kind": "trailhead",
    "name": "余市岳 赤井川コース登山道入口（キロロ）",
    "datum": "WGS84",
    "mountainIds": "51",
    "mountainNames": "余市岳",
    "otherMountainNames": "",
    "lists": "日本三百名山|北海道百名山",
    "routes": "",
    "entryType": "登山記録で広く使われている登山口",
    "trailKmToSummit": "",
    "related": "",
    "attributes": "",
    "status": "provisional",
    "accuracyM": 300,
    "needsReview": "",
    "sources": "国土地理院ベクトルタイル提供実験 地理院地図の徒歩道が車道から始まる位置（43.052171, 141.007451）、標高847.8m。地理院地図の徒歩道で山頂まで約4.6km 2026-09-26確認 ｜ 登山記録で広く使われている登山口（登山記録・登山情報サイトで名称と利用を確認。公式情報では未確認） 2026-09-26確認",
    "verifiedAt": ""
   }
  },
  {
   "type": "Feature",
   "geometry": {
    "type": "Point",
    "coordinates": [
     140.767443,
     41.921822
    ]
   },
   "properties": {
    "id": "TH-gsi-yokotsudake-gate",
    "kind": "trailhead",
    "name": "ばんだい号遭難碑の駐車場（横津岳 ゲート前）",
    "datum": "WGS84",
    "mountainIds": "10017",
    "mountainNames": "",
    "otherMountainNames": "横津岳",
    "lists": "",
    "routes": "",
    "entryType": "登山記録で広く使われている登山口",
    "trailKmToSummit": "",
    "related": "PK-g4192182_14076744(0m)",
    "attributes": "",
    "status": "provisional",
    "accuracyM": 300,
    "needsReview": "ゲートから先は電波塔の保守道路を歩く、ゲートまでの道は凸凹の舗装で、時速15〜20kmで走る必要があるとの情報がある。入山前に最新情報を確認すること",
    "sources": "国土地理院ベクトルタイル提供実験 地理院地図の車道（山頂の南約60mまで続く道）から徒歩道が分かれる位置（41.921822, 140.767443）、標高958.2m。登山記事のゲートの標高（約960m）と合う。山頂への車道はこの南西側からだけ通じている。地理院地図の車道で山頂まで約2.3km 2026-09-30確認 ｜ 登山記録で広く使われている登山口（登山記録・登山情報サイトで名称と利用を確認。公式情報では未確認） 2026-09-30確認",
    "verifiedAt": ""
   }
  },
  {
   "type": "Feature",
   "geometry": {
    "type": "Point",
    "coordinates": [
     141.1370533,
     41.8270938
    ]
   },
   "properties": {
    "id": "TH-kP11-22-01-bs13731",
    "kind": "trailhead",
    "name": "海向山",
    "datum": "WGS84",
    "mountainIds": "98",
    "mountainNames": "恵山",
    "otherMountainNames": "",
    "lists": "北海道百名山",
    "routes": "",
    "entryType": "駐車場・バス停（林道・車道を経由して登山道へ）",
    "trailKmToSummit": "恵山:4.88km",
    "related": "BS-kP11-22-01-bs13731(0m) BS-kP11-22-01-bs13712(519m) BS-kP11-22-01-bs13698(801m)",
    "attributes": "",
    "status": "provisional",
    "accuracyM": 15,
    "needsReview": "林道からの入口（マイカー進入可否を要確認）、公式情報または2情報源での確認が必要",
    "sources": "国土数値情報（バス停留所データ）令和4年度（国土交通省）P11-22-01-bs13731（JGD2011）を加工して作成 ｜ OpenStreetMap（© OpenStreetMap contributors, ODbL 1.0）Geofabrik japan-latest.osm.pbf 2026-09-30T20:22:42Z node/1625707260（登山道と道路の接続点）",
    "verifiedAt": ""
   }
  },
  {
   "type": "Feature",
   "geometry": {
    "type": "Point",
    "coordinates": [
     141.1460102,
     41.7849599
    ]
   },
   "properties": {
    "id": "TH-kP11-22-01-bs14031",
    "kind": "trailhead",
    "name": "恵山登山口バス停（火口原駐車場へ）",
    "datum": "WGS84",
    "mountainIds": "98",
    "mountainNames": "恵山",
    "otherMountainNames": "",
    "lists": "北海道百名山",
    "routes": "",
    "entryType": "公式情報による登山口",
    "trailKmToSummit": "",
    "related": "BS-kP11-22-01-bs14031(0m) BS-kP11-22-01-bs14029(337m) BS-kP11-22-01-bs14035(499m)",
    "attributes": "course=恵山登山口バス停から火口原駐車場まで車で片道約10分・徒歩で片道約60分、火口原駐車場から山頂まで片道約70分（函館市）; season=火口原駐車場への道路の冬季規制は令和8年4月13日に解除（函館市）",
    "status": "adopted",
    "accuracyM": 30,
    "needsReview": "火口付近では火山ガスを含む噴気が出ており、突然噴火する可能性は否定できない。ヒグマに遭遇しないよう音を出すこと（函館市）",
    "sources": "国土数値情報（バス停留所データ）P11-22-01-bs14031「恵山登山口」（函館バス） ｜ 公式情報: https://www.city.hakodate.hokkaido.jp/docs/2014050800075/",
    "verifiedAt": "2026-09-25"
   }
  },
  {
   "type": "Feature",
   "geometry": {
    "type": "Point",
    "coordinates": [
     140.7141944,
     41.7526651
    ]
   },
   "properties": {
    "id": "TH-kP11-22-01-bs14241",
    "kind": "trailhead",
    "name": "谷地頭温泉",
    "datum": "WGS84",
    "mountainIds": "99",
    "mountainNames": "函館山",
    "otherMountainNames": "",
    "lists": "北海道百名山",
    "routes": "",
    "entryType": "駐車場・バス停（林道・車道を経由して登山道へ）",
    "trailKmToSummit": "函館山:1.92km",
    "related": "PK-w434689538(29m) PK-w263921816(65m) PK-w454275878(241m) BS-kP11-22-01-bs14241(0m) BS-kP11-22-01-bs14239(241m) BS-kP11-22-01-bs14239(241m)",
    "attributes": "",
    "status": "provisional",
    "accuracyM": 15,
    "needsReview": "近くの道路にゲートあり（車両通行止め・季節閉鎖の可能性）、林道からの入口（マイカー進入可否を要確認）、公式情報または2情報源での確認が必要",
    "sources": "国土数値情報（バス停留所データ）令和4年度（国土交通省）P11-22-01-bs14241（JGD2011）を加工して作成 ｜ OpenStreetMap（© OpenStreetMap contributors, ODbL 1.0）Geofabrik japan-latest.osm.pbf 2026-09-30T20:22:42Z node/757022873（登山道と道路の接続点） ｜ 国土地理院 地名検索「谷地頭温泉」（41.751594, 140.714303、JGD2011、119m差）2026-09-20確認",
    "verifiedAt": "2026-09-20"
   }
  },
  {
   "type": "Feature",
   "geometry": {
    "type": "Point",
    "coordinates": [
     142.8044464,
     43.7142295
    ]
   },
   "properties": {
    "id": "TH-n10051073618",
    "kind": "trailhead",
    "name": "松仙園登山道入口ゲート",
    "datum": "WGS84",
    "mountainIds": "15 18",
    "mountainNames": "愛別岳、北鎮岳",
    "otherMountainNames": "",
    "lists": "北海道百名山",
    "routes": "OSM登山道「松仙園登山道」",
    "entryType": "登山口（OSMの登山口地物）",
    "trailKmToSummit": "愛別岳:9.42km 北鎮岳:10.56km",
    "related": "",
    "attributes": "",
    "status": "adopted",
    "accuracyM": 15,
    "needsReview": "採用の根拠: OSMの登山口名と、地理院地図の徒歩道が道路から始まる位置の一致（公式情報では未確認）",
    "sources": "OpenStreetMap（© OpenStreetMap contributors, ODbL 1.0）Geofabrik japan-latest.osm.pbf 2026-09-30T20:22:42Z node/10051073618 ｜ 国土地理院ベクトルタイル提供実験 地理院地図の徒歩道の起点（43.714305, 142.804551、JGD2011、12m差）2026-10-01確認",
    "verifiedAt": ""
   }
  },
  {
   "type": "Feature",
   "geometry": {
    "type": "Point",
    "coordinates": [
     140.6441925,
     42.8501494
    ]
   },
   "properties": {
    "id": "TH-n10151978719",
    "kind": "trailhead",
    "name": "Northen Resort Annupuri",
    "datum": "WGS84",
    "mountainIds": "65",
    "mountainNames": "ニセコアンヌプリ",
    "otherMountainNames": "",
    "lists": "日本三百名山|北海道百名山",
    "routes": "OSM登山道「Annupuri Downhill Course」",
    "entryType": "駐車場・バス停（林道・車道を経由して登山道へ）",
    "trailKmToSummit": "ニセコアンヌプリ:3.79km",
    "related": "PK-w1108831064(33m) PK-w1232173356(151m) PK-w1232173357(169m) BS-n10151978719(0m) BS-n10151978720(4m) BS-n10151978722(165m)",
    "attributes": "",
    "status": "provisional",
    "accuracyM": 15,
    "needsReview": "林道からの入口（マイカー進入可否を要確認）、公式情報または2情報源での確認が必要",
    "sources": "OpenStreetMap（© OpenStreetMap contributors, ODbL 1.0）Geofabrik japan-latest.osm.pbf 2026-09-30T20:22:42Z node/10151978719 ｜ OpenStreetMap（© OpenStreetMap contributors, ODbL 1.0）Geofabrik japan-latest.osm.pbf 2026-09-30T20:22:42Z node/12393159279（登山道と道路の接続点）",
    "verifiedAt": ""
   }
  },
  {
   "type": "Feature",
   "geometry": {
    "type": "Point",
    "coordinates": [
     141.1144647,
     42.6534164
    ]
   },
   "properties": {
    "id": "TH-n10585568400",
    "kind": "trailhead",
    "name": "（名称未確認）",
    "datum": "WGS84",
    "mountainIds": "80",
    "mountainNames": "徳舜瞥山",
    "otherMountainNames": "",
    "lists": "北海道百名山",
    "routes": "",
    "entryType": "道路の終点付近",
    "trailKmToSummit": "徳舜瞥山:2.78km",
    "related": "",
    "attributes": "",
    "status": "candidate",
    "accuracyM": 30,
    "needsReview": "名称未確認、林道からの入口（マイカー進入可否を要確認）、公式情報または2情報源での確認が必要",
    "sources": "OpenStreetMap（© OpenStreetMap contributors, ODbL 1.0）Geofabrik japan-latest.osm.pbf 2026-09-30T20:22:42Z node/10585568400（登山道と道路の接続点）",
    "verifiedAt": ""
   }
  },
  {
   "type": "Feature",
   "geometry": {
    "type": "Point",
    "coordinates": [
     140.5300518,
     43.2896558
    ]
   },
   "properties": {
    "id": "TH-n10708590966",
    "kind": "trailhead",
    "name": "積丹岳休憩所（積丹岳登山口）",
    "datum": "WGS84",
    "mountainIds": "44",
    "mountainNames": "積丹岳",
    "otherMountainNames": "",
    "lists": "北海道百名山",
    "routes": "",
    "entryType": "施設（山小屋・宿・キャンプ場）からの入口",
    "trailKmToSummit": "積丹岳:5.36km",
    "related": "PK-g4328966_14053005(0m)",
    "attributes": "",
    "status": "provisional",
    "accuracyM": 15,
    "needsReview": "公式情報または2情報源での確認が必要",
    "sources": "OpenStreetMap（© OpenStreetMap contributors, ODbL 1.0）Geofabrik japan-latest.osm.pbf 2026-09-30T20:22:42Z node/10708590966 ｜ 登山記録で広く使われている登山口（登山記録・登山情報サイトで名称と利用を確認。公式情報では未確認） 2026-09-25確認",
    "verifiedAt": ""
   }
  },
  {
   "type": "Feature",
   "geometry": {
    "type": "Point",
    "coordinates": [
     140.661398,
     42.683648
    ]
   },
   "properties": {
    "id": "TH-n1256542611",
    "kind": "trailhead",
    "name": "（名称未確認）",
    "datum": "WGS84",
    "mountainIds": "75",
    "mountainNames": "昆布岳",
    "otherMountainNames": "",
    "lists": "北海道百名山",
    "routes": "",
    "entryType": "一般道との接続",
    "trailKmToSummit": "昆布岳:3.45km",
    "related": "",
    "attributes": "",
    "status": "candidate",
    "accuracyM": 30,
    "needsReview": "名称未確認、登山道が道路を横断する地点（途中の入口の可能性）、公式情報または2情報源での確認が必要",
    "sources": "OpenStreetMap（© OpenStreetMap contributors, ODbL 1.0）Geofabrik japan-latest.osm.pbf 2026-09-30T20:22:42Z node/1256542611（登山道と道路の接続点）",
    "verifiedAt": ""
   }
  },
  {
   "type": "Feature",
   "geometry": {
    "type": "Point",
    "coordinates": [
     141.116547,
     42.642562
    ]
   },
   "properties": {
    "id": "TH-n1257783309",
    "kind": "trailhead",
    "name": "（名称未確認）",
    "datum": "WGS84",
    "mountainIds": "80",
    "mountainNames": "徳舜瞥山",
    "otherMountainNames": "",
    "lists": "北海道百名山",
    "routes": "",
    "entryType": "一般道との接続",
    "trailKmToSummit": "徳舜瞥山:2.6km",
    "related": "",
    "attributes": "",
    "status": "candidate",
    "accuracyM": 30,
    "needsReview": "名称未確認、公式情報または2情報源での確認が必要",
    "sources": "OpenStreetMap（© OpenStreetMap contributors, ODbL 1.0）Geofabrik japan-latest.osm.pbf 2026-09-30T20:22:42Z node/1257783309（登山道と道路の接続点）",
    "verifiedAt": ""
   }
  },
  {
   "type": "Feature",
   "geometry": {
    "type": "Point",
    "coordinates": [
     140.141831,
     41.567341
    ]
   },
   "properties": {
    "id": "TH-n1261640379",
    "kind": "trailhead",
    "name": "（名称未確認）",
    "datum": "WGS84",
    "mountainIds": "100",
    "mountainNames": "大千軒岳",
    "otherMountainNames": "",
    "lists": "日本三百名山|北海道百名山",
    "routes": "OSM登山道「千軒岳登山道」",
    "entryType": "一般道（県道以上）との接続",
    "trailKmToSummit": "大千軒岳:3.37km",
    "related": "",
    "attributes": "",
    "status": "candidate",
    "accuracyM": 30,
    "needsReview": "名称未確認、公式情報または2情報源での確認が必要",
    "sources": "OpenStreetMap（© OpenStreetMap contributors, ODbL 1.0）Geofabrik japan-latest.osm.pbf 2026-09-30T20:22:42Z node/1261640379（登山道と道路の接続点）",
    "verifiedAt": ""
   }
  },
  {
   "type": "Feature",
   "geometry": {
    "type": "Point",
    "coordinates": [
     140.1389979,
     41.581886
    ]
   },
   "properties": {
    "id": "TH-n1261643568",
    "kind": "trailhead",
    "name": "（名称未確認）",
    "datum": "WGS84",
    "mountainIds": "100",
    "mountainNames": "大千軒岳",
    "otherMountainNames": "",
    "lists": "日本三百名山|北海道百名山",
    "routes": "",
    "entryType": "道路の終点付近",
    "trailKmToSummit": "大千軒岳:2.19km",
    "related": "",
    "attributes": "restriction=入林禁止（林道ゲート施錠。徒歩での入山も自粛要請）",
    "status": "candidate",
    "accuracyM": 30,
    "needsReview": "名称未確認、林道からの入口（マイカー進入可否を要確認）、公式情報または2情報源での確認が必要、国道228号から奥二股登山口駐車場までの6.6kmは林道ゲートを施錠して通行不可。ゲートからの徒歩の登山も控えるよう求められている（北海道森林管理局 檜山森林管理署）、熊の出没が相次いでいるため、当面の間の入林禁止（渡島総合振興局西部森林室）、入山前に檜山森林管理署・渡島総合振興局へ最新状況を確認すること、この地点がどのコースの登山口かは未確認",
    "sources": "OpenStreetMap（© OpenStreetMap contributors, ODbL 1.0）Geofabrik japan-latest.osm.pbf 2026-09-30T20:22:42Z node/1261643568（登山道と道路の接続点） ｜ 公式情報: https://www.rinya.maff.go.jp/hokkaido/hiyama/260415.html ｜ 公式情報: https://www.oshima.pref.hokkaido.lg.jp/sr/ssr/98865.html ｜ 公式情報: https://www.town.kaminokuni.lg.jp/hotnews/detail/00001475.html",
    "verifiedAt": "2026-09-20"
   }
  },
  {
   "type": "Feature",
   "geometry": {
    "type": "Point",
    "coordinates": [
     140.198926,
     41.563336
    ]
   },
   "properties": {
    "id": "TH-n1261751602",
    "kind": "trailhead",
    "name": "奥二股（大千軒岳登山口）",
    "datum": "WGS84",
    "mountainIds": "100",
    "mountainNames": "大千軒岳",
    "otherMountainNames": "",
    "lists": "日本三百名山|北海道百名山",
    "routes": "OSM登山道「歩道千軒岳線」",
    "entryType": "道路の終点付近",
    "trailKmToSummit": "大千軒岳:5.52km",
    "related": "",
    "attributes": "",
    "status": "adopted",
    "accuracyM": 15,
    "needsReview": "林道からの入口（マイカー進入可否を要確認）、奥二股は大千軒岳の登山口にあたる、ヒグマの生息域。入山前に最新の出没情報を確認すること",
    "sources": "OpenStreetMap（© OpenStreetMap contributors, ODbL 1.0）Geofabrik japan-latest.osm.pbf 2026-09-30T20:22:42Z node/1261751602（登山道と道路の接続点） ｜ 国土地理院 地名検索「奥二股沢川」（41.564470, 140.199020、JGD2011、126m差）2026-09-20確認",
    "verifiedAt": "2026-09-20"
   }
  },
  {
   "type": "Feature",
   "geometry": {
    "type": "Point",
    "coordinates": [
     142.6425892,
     43.4145741
    ]
   },
   "properties": {
    "id": "TH-n12652209569",
    "kind": "trailhead",
    "name": "（名称未確認）",
    "datum": "WGS84",
    "mountainIds": "34 37 38 39 40",
    "mountainNames": "オプタテシケ山、美瑛岳、十勝岳、上ホロカメットク山、富良野岳",
    "otherMountainNames": "",
    "lists": "日本三百名山|北海道百名山|日本百名山|日本二百名山",
    "routes": "",
    "entryType": "一般道（県道以上）との接続",
    "trailKmToSummit": "オプタテシケ山:14.68km 美瑛岳:9.47km 十勝岳:6.3km 上ホロカメットク山:3.83km 富良野岳:4.8km",
    "related": "PK-w889237286(92m) PK-w889237288(325m)",
    "attributes": "",
    "status": "provisional",
    "accuracyM": 30,
    "needsReview": "名称未確認、公式情報または2情報源での確認が必要",
    "sources": "OpenStreetMap（© OpenStreetMap contributors, ODbL 1.0）Geofabrik japan-latest.osm.pbf 2026-09-30T20:22:42Z node/12652209569（登山道と道路の接続点）",
    "verifiedAt": ""
   }
  },
  {
   "type": "Feature",
   "geometry": {
    "type": "Point",
    "coordinates": [
     140.786905,
     42.79774
    ]
   },
   "properties": {
    "id": "TH-n1266172859",
    "kind": "trailhead",
    "name": "真狩コース登山口（羊蹄山自然公園）",
    "datum": "WGS84",
    "mountainIds": "63",
    "mountainNames": "羊蹄山",
    "otherMountainNames": "",
    "lists": "日本百名山|日本二百名山|日本三百名山|北海道百名山",
    "routes": "OSM登山道「真狩コース · Makkari route」、OSM登山道「真狩コース · Makkari trail」、真狩コース",
    "entryType": "登山口（OSMの登山口地物）",
    "trailKmToSummit": "羊蹄山:5.56km",
    "related": "PK-w429221871(364m) PK-w1022480686(391m)",
    "attributes": "OSM登山ルート: 真狩コース · Makkari trail",
    "status": "adopted",
    "accuracyM": 15,
    "needsReview": "真狩コースは4コースの中で傾斜は比較的ゆるやかだが最も長い（真狩村）",
    "sources": "OpenStreetMap（© OpenStreetMap contributors, ODbL 1.0）Geofabrik japan-latest.osm.pbf 2026-09-30T20:22:42Z node/1266172859 ｜ 国土地理院ベクトルタイル提供実験 地理院地図の徒歩道の起点（42.797702, 140.786808、JGD2011、9m差）2026-10-01確認 ｜ 公式情報: https://www.vill.makkari.lg.jp/kanko/yoteizan_info/tozan/ ｜ 公式情報: https://www.vill.makkari.lg.jp/kanko/asobu/natural_park/access/ ｜ 公式情報: https://www.shiribeshi.pref.hokkaido.lg.jp/sr/srs/midokoro/youteizan.html",
    "verifiedAt": "2026-09-20"
   }
  },
  {
   "type": "Feature",
   "geometry": {
    "type": "Point",
    "coordinates": [
     140.879287,
     42.764643
    ]
   },
   "properties": {
    "id": "TH-n1272764122",
    "kind": "trailhead",
    "name": "（名称未確認）",
    "datum": "WGS84",
    "mountainIds": "69",
    "mountainNames": "尻別岳",
    "otherMountainNames": "",
    "lists": "北海道百名山",
    "routes": "",
    "entryType": "一般道との接続",
    "trailKmToSummit": "尻別岳:6.19km",
    "related": "",
    "attributes": "",
    "status": "candidate",
    "accuracyM": 30,
    "needsReview": "名称未確認、登山道が道路を横断する地点（途中の入口の可能性）、公式情報または2情報源での確認が必要",
    "sources": "OpenStreetMap（© OpenStreetMap contributors, ODbL 1.0）Geofabrik japan-latest.osm.pbf 2026-09-30T20:22:42Z node/1272764122（登山道と道路の接続点）",
    "verifiedAt": ""
   }
  },
  {
   "type": "Feature",
   "geometry": {
    "type": "Point",
    "coordinates": [
     140.8868957,
     42.753693
    ]
   },
   "properties": {
    "id": "TH-n1272764797",
    "kind": "trailhead",
    "name": "（名称未確認）ウエストゴンドラ付近",
    "datum": "WGS84",
    "mountainIds": "69",
    "mountainNames": "尻別岳",
    "otherMountainNames": "",
    "lists": "北海道百名山",
    "routes": "",
    "entryType": "索道駅",
    "trailKmToSummit": "尻別岳:3.24km",
    "related": "",
    "attributes": "",
    "status": "candidate",
    "accuracyM": 30,
    "needsReview": "名称未確認、公式情報または2情報源での確認が必要",
    "sources": "OpenStreetMap（© OpenStreetMap contributors, ODbL 1.0）Geofabrik japan-latest.osm.pbf 2026-09-30T20:22:42Z node/1272764797（登山道と道路の接続点）",
    "verifiedAt": ""
   }
  },
  {
   "type": "Feature",
   "geometry": {
    "type": "Point",
    "coordinates": [
     141.0536615,
     45.3896781
    ]
   },
   "properties": {
    "id": "TH-n1279002967",
    "kind": "trailhead",
    "name": "礼文岳 内路登山口",
    "datum": "WGS84",
    "mountainIds": "1",
    "mountainNames": "礼文岳",
    "otherMountainNames": "",
    "lists": "北海道百名山",
    "routes": "",
    "entryType": "一般道（県道以上）との接続",
    "trailKmToSummit": "礼文岳:4.08km",
    "related": "PK-g4538968_14105366(0m) BS-kP11-22-01-bs128(16m) BS-kP11-22-01-bs149(722m) BS-kP11-22-01-bs98(901m)",
    "attributes": "",
    "status": "provisional",
    "accuracyM": 30,
    "needsReview": "公式情報または2情報源での確認が必要",
    "sources": "OpenStreetMap（© OpenStreetMap contributors, ODbL 1.0）Geofabrik japan-latest.osm.pbf 2026-09-30T20:22:42Z node/1279002967（登山道と道路の接続点） ｜ 登山記録で広く使われている登山口（登山記録・登山情報サイトで名称と利用を確認。公式情報では未確認） 2026-09-25確認",
    "verifiedAt": ""
   }
  },
  {
   "type": "Feature",
   "geometry": {
    "type": "Point",
    "coordinates": [
     141.1922427,
     45.182325
    ]
   },
   "properties": {
    "id": "TH-n1280133987",
    "kind": "trailhead",
    "name": "見返台園地（利尻山 沓形コース登山口）",
    "datum": "WGS84",
    "mountainIds": "2",
    "mountainNames": "利尻山",
    "otherMountainNames": "",
    "lists": "日本百名山|日本二百名山|日本三百名山|北海道百名山",
    "routes": "OSM登山道「利尻山沓形コース」、沓形コース",
    "entryType": "一般道との接続",
    "trailKmToSummit": "利尻山:4.32km",
    "related": "",
    "attributes": "",
    "status": "provisional",
    "accuracyM": 30,
    "needsReview": "公式情報または2情報源での確認が必要、利尻山には鴛泊コースのほか沓形コースがある。沓形コースは鴛泊コースより急で道幅も狭い（環境省）",
    "sources": "OpenStreetMap（© OpenStreetMap contributors, ODbL 1.0）Geofabrik japan-latest.osm.pbf 2026-09-30T20:22:42Z node/1280133987（登山道と道路の接続点） ｜ 登山記録で広く使われている登山口（登山記録・登山情報サイトで名称と利用を確認。公式情報では未確認） 2026-09-25確認",
    "verifiedAt": ""
   }
  },
  {
   "type": "Feature",
   "geometry": {
    "type": "Point",
    "coordinates": [
     141.1533279,
     45.179785
    ]
   },
   "properties": {
    "id": "TH-n1280134796",
    "kind": "trailhead",
    "name": "（名称未確認）",
    "datum": "WGS84",
    "mountainIds": "2",
    "mountainNames": "利尻山",
    "otherMountainNames": "",
    "lists": "日本百名山|日本二百名山|日本三百名山|北海道百名山",
    "routes": "",
    "entryType": "一般道との接続",
    "trailKmToSummit": "利尻山:7.85km",
    "related": "",
    "attributes": "",
    "status": "candidate",
    "accuracyM": 30,
    "needsReview": "名称未確認、公式情報または2情報源での確認が必要",
    "sources": "OpenStreetMap（© OpenStreetMap contributors, ODbL 1.0）Geofabrik japan-latest.osm.pbf 2026-09-30T20:22:42Z node/1280134796（登山道と道路の接続点）",
    "verifiedAt": ""
   }
  },
  {
   "type": "Feature",
   "geometry": {
    "type": "Point",
    "coordinates": [
     141.2125282,
     45.2227889
    ]
   },
   "properties": {
    "id": "TH-n1280146188",
    "kind": "trailhead",
    "name": "利尻北麓野営場（鴛泊コース登山口）",
    "datum": "WGS84",
    "mountainIds": "2",
    "mountainNames": "利尻山",
    "otherMountainNames": "",
    "lists": "日本百名山|日本二百名山|日本三百名山|北海道百名山",
    "routes": "OSM登山道「利尻山鴛泊コース」、鴛泊コース",
    "entryType": "一般道との接続",
    "trailKmToSummit": "利尻山:6.18km",
    "related": "PK-w515743749(25m)",
    "attributes": "OSM登山ルート: 利尻山鴛泊コース",
    "status": "adopted",
    "accuracyM": 15,
    "needsReview": "鴛泊コースは標高210mの北麓野営場から始まり、山頂までの標高差は約1,500m（環境省）",
    "sources": "OpenStreetMap（© OpenStreetMap contributors, ODbL 1.0）Geofabrik japan-latest.osm.pbf 2026-09-30T20:22:42Z node/1280146188（登山道と道路の接続点） ｜ 公式・管理者の案内 https://www.rishiri-plus.jp/shima-htsp/hokuroku-campsite/（掲載地図の座標） ｜ 公式情報: https://hokkaido.env.go.jp/blog/page_00007.html",
    "verifiedAt": "2026-09-20"
   }
  },
  {
   "type": "Feature",
   "geometry": {
    "type": "Point",
    "coordinates": [
     142.9071971,
     44.2399757
    ]
   },
   "properties": {
    "id": "TH-n12815769706",
    "kind": "trailhead",
    "name": "ウエンシリキャンプ場（ウエンシリ岳登山口）",
    "datum": "WGS84",
    "mountainIds": "5",
    "mountainNames": "ウエンシリ岳",
    "otherMountainNames": "",
    "lists": "北海道百名山",
    "routes": "",
    "entryType": "施設（山小屋・宿・キャンプ場）からの入口",
    "trailKmToSummit": "ウエンシリ岳:3.08km",
    "related": "PK-g4423998_1429072(0m)",
    "attributes": "",
    "status": "provisional",
    "accuracyM": 15,
    "needsReview": "公式情報または2情報源での確認が必要",
    "sources": "OpenStreetMap（© OpenStreetMap contributors, ODbL 1.0）Geofabrik japan-latest.osm.pbf 2026-09-30T20:22:42Z node/12815769706 ｜ 登山記録で広く使われている登山口（登山記録・登山情報サイトで名称と利用を確認。公式情報では未確認） 2026-09-25確認",
    "verifiedAt": ""
   }
  },
  {
   "type": "Feature",
   "geometry": {
    "type": "Point",
    "coordinates": [
     142.8732328,
     43.460378
    ]
   },
   "properties": {
    "id": "TH-n1287111683",
    "kind": "trailhead",
    "name": "トムラウシ温泉（温泉コース登山口）",
    "datum": "WGS84",
    "mountainIds": "30",
    "mountainNames": "トムラウシ",
    "otherMountainNames": "",
    "lists": "日本百名山|日本二百名山|日本三百名山|北海道百名山",
    "routes": "",
    "entryType": "一般道との接続",
    "trailKmToSummit": "トムラウシ:11.15km",
    "related": "PK-w1090639092(45m) PK-w1090639091(96m)",
    "attributes": "",
    "status": "adopted",
    "accuracyM": 15,
    "needsReview": "国土地理院の地名「トムラウシ温泉」と約50mで一致",
    "sources": "OpenStreetMap（© OpenStreetMap contributors, ODbL 1.0）Geofabrik japan-latest.osm.pbf 2026-09-30T20:22:42Z node/1287111683（登山道と道路の接続点） ｜ 公式情報: https://hokkaido.env.go.jp/blog/2020/03/post-490.html",
    "verifiedAt": "2026-09-20"
   }
  },
  {
   "type": "Feature",
   "geometry": {
    "type": "Point",
    "coordinates": [
     142.7600218,
     43.3994917
    ]
   },
   "properties": {
    "id": "TH-n1287132497",
    "kind": "trailhead",
    "name": "十勝岳新得コース登山口",
    "datum": "WGS84",
    "mountainIds": "34 37 38 39 40",
    "mountainNames": "オプタテシケ山、美瑛岳、十勝岳、上ホロカメットク山、富良野岳",
    "otherMountainNames": "",
    "lists": "日本三百名山|北海道百名山|日本百名山|日本二百名山",
    "routes": "",
    "entryType": "登山口（OSMの登山口地物）",
    "trailKmToSummit": "オプタテシケ山:15.91km 美瑛岳:10.81km 十勝岳:7.31km 上ホロカメットク山:9.42km 富良野岳:13.37km",
    "related": "",
    "attributes": "",
    "status": "adopted",
    "accuracyM": 15,
    "needsReview": "採用の根拠: OSMの登山口名と、地理院地図の徒歩道が道路から始まる位置の一致（公式情報では未確認）",
    "sources": "OpenStreetMap（© OpenStreetMap contributors, ODbL 1.0）Geofabrik japan-latest.osm.pbf 2026-09-30T20:22:42Z node/1287132497 ｜ 国土地理院ベクトルタイル提供実験 地理院地図の徒歩道の起点（43.399506, 142.760012、JGD2011、2m差）2026-10-01確認",
    "verifiedAt": ""
   }
  },
  {
   "type": "Feature",
   "geometry": {
    "type": "Point",
    "coordinates": [
     142.887332,
     43.4854543
    ]
   },
   "properties": {
    "id": "TH-n1287140000",
    "kind": "trailhead",
    "name": "トムラウシ山 短縮コース登山口",
    "datum": "WGS84",
    "mountainIds": "30",
    "mountainNames": "トムラウシ",
    "otherMountainNames": "",
    "lists": "日本百名山|日本二百名山|日本三百名山|北海道百名山",
    "routes": "短縮登山口コース",
    "entryType": "登山口（OSMの登山口地物）",
    "trailKmToSummit": "トムラウシ:8.46km",
    "related": "",
    "attributes": "forestRoad=ユートムラウシ林道・ユートムラウシ第二支線林道（通行可）",
    "status": "adopted",
    "accuracyM": 15,
    "needsReview": "林道の通行状況は変わるため、北海道森林管理局の最新情報を確認すること",
    "sources": "OpenStreetMap（© OpenStreetMap contributors, ODbL 1.0）Geofabrik japan-latest.osm.pbf 2026-09-30T20:22:42Z node/1287140000 ｜ 公式情報: https://www.rinya.maff.go.jp/hokkaido/apply/nyurin/attach/pdf/nyurin_kisei-25.pdf ｜ 公式情報: https://hokkaido.env.go.jp/blog/2020/03/post-490.html",
    "verifiedAt": "2026-09-20"
   }
  },
  {
   "type": "Feature",
   "geometry": {
    "type": "Point",
    "coordinates": [
     142.7650329,
     43.1363045
    ]
   },
   "properties": {
    "id": "TH-n1287143734",
    "kind": "trailhead",
    "name": "狩勝峠",
    "datum": "WGS84",
    "mountainIds": "48",
    "mountainNames": "佐幌岳",
    "otherMountainNames": "",
    "lists": "北海道百名山",
    "routes": "",
    "entryType": "峠（道路との接続）",
    "trailKmToSummit": "佐幌岳:4.88km",
    "related": "PK-w1431709542(43m) PK-w698049678(75m)",
    "attributes": "",
    "status": "adopted",
    "accuracyM": 30,
    "needsReview": "",
    "sources": "OpenStreetMap（© OpenStreetMap contributors, ODbL 1.0）Geofabrik japan-latest.osm.pbf 2026-09-30T20:22:42Z node/1287143734（登山道と道路の接続点） ｜ 国土地理院 地名検索「狩勝峠」（43.135020, 142.765143、JGD2011、142m差）2026-09-20確認",
    "verifiedAt": "2026-09-20"
   }
  },
  {
   "type": "Feature",
   "geometry": {
    "type": "Point",
    "coordinates": [
     140.6082859,
     42.8889242
    ]
   },
   "properties": {
    "id": "TH-n1303302763",
    "kind": "trailhead",
    "name": "（名称未確認）",
    "datum": "WGS84",
    "mountainIds": "59",
    "mountainNames": "イワオヌプリ",
    "otherMountainNames": "",
    "lists": "北海道百名山",
    "routes": "",
    "entryType": "一般道（県道以上）との接続",
    "trailKmToSummit": "イワオヌプリ:3.23km",
    "related": "PK-w1003080477(114m)",
    "attributes": "",
    "status": "provisional",
    "accuracyM": 30,
    "needsReview": "名称未確認、公式情報または2情報源での確認が必要",
    "sources": "OpenStreetMap（© OpenStreetMap contributors, ODbL 1.0）Geofabrik japan-latest.osm.pbf 2026-09-30T20:22:42Z node/1303302763（登山道と道路の接続点）",
    "verifiedAt": ""
   }
  },
  {
   "type": "Feature",
   "geometry": {
    "type": "Point",
    "coordinates": [
     140.531423,
     42.900908
    ]
   },
   "properties": {
    "id": "TH-n1303312909",
    "kind": "trailhead",
    "name": "（名称未確認）",
    "datum": "WGS84",
    "mountainIds": "58",
    "mountainNames": "目国内岳",
    "otherMountainNames": "",
    "lists": "北海道百名山",
    "routes": "",
    "entryType": "一般道との接続",
    "trailKmToSummit": "目国内岳:1.45km",
    "related": "",
    "attributes": "",
    "status": "candidate",
    "accuracyM": 30,
    "needsReview": "名称未確認、登山道が道路を横断する地点（途中の入口の可能性）、公式情報または2情報源での確認が必要",
    "sources": "OpenStreetMap（© OpenStreetMap contributors, ODbL 1.0）Geofabrik japan-latest.osm.pbf 2026-09-30T20:22:42Z node/1303312909（登山道と道路の接続点）",
    "verifiedAt": ""
   }
  },
  {
   "type": "Feature",
   "geometry": {
    "type": "Point",
    "coordinates": [
     140.6416624,
     42.8764823
    ]
   },
   "properties": {
    "id": "TH-n1303332760",
    "kind": "trailhead",
    "name": "（名称未確認）",
    "datum": "WGS84",
    "mountainIds": "59",
    "mountainNames": "イワオヌプリ",
    "otherMountainNames": "",
    "lists": "北海道百名山",
    "routes": "",
    "entryType": "一般道との接続",
    "trailKmToSummit": "イワオヌプリ:1.86km",
    "related": "PK-w853331508(10m) PK-w429788796(340m) PK-w429788804(440m)",
    "attributes": "",
    "status": "provisional",
    "accuracyM": 30,
    "needsReview": "名称未確認、公式情報または2情報源での確認が必要",
    "sources": "OpenStreetMap（© OpenStreetMap contributors, ODbL 1.0）Geofabrik japan-latest.osm.pbf 2026-09-30T20:22:42Z node/1303332760（登山道と道路の接続点）",
    "verifiedAt": ""
   }
  },
  {
   "type": "Feature",
   "geometry": {
    "type": "Point",
    "coordinates": [
     140.5081133,
     42.9462015
    ]
   },
   "properties": {
    "id": "TH-n1304496938",
    "kind": "trailhead",
    "name": "（名称未確認）",
    "datum": "WGS84",
    "mountainIds": "56 58",
    "mountainNames": "雷電山、目国内岳",
    "otherMountainNames": "",
    "lists": "北海道百名山",
    "routes": "",
    "entryType": "道路の終点付近",
    "trailKmToSummit": "雷電山:8.53km 目国内岳:7.21km",
    "related": "PK-w902498503(30m) PK-w902498502(60m) PK-n10595534883(84m) BS-n10657168543(960m)",
    "attributes": "",
    "status": "provisional",
    "accuracyM": 30,
    "needsReview": "名称未確認、公式情報または2情報源での確認が必要",
    "sources": "OpenStreetMap（© OpenStreetMap contributors, ODbL 1.0）Geofabrik japan-latest.osm.pbf 2026-09-30T20:22:42Z node/1304496938（登山道と道路の接続点）",
    "verifiedAt": ""
   }
  },
  {
   "type": "Feature",
   "geometry": {
    "type": "Point",
    "coordinates": [
     140.424531,
     42.916536
    ]
   },
   "properties": {
    "id": "TH-n1304498090",
    "kind": "trailhead",
    "name": "朝日温泉登山口（雷電山）",
    "datum": "WGS84",
    "mountainIds": "56",
    "mountainNames": "雷電山",
    "otherMountainNames": "",
    "lists": "北海道百名山",
    "routes": "",
    "entryType": "一般道との接続",
    "trailKmToSummit": "雷電山:5.65km",
    "related": "",
    "attributes": "",
    "status": "provisional",
    "accuracyM": 30,
    "needsReview": "公式情報または2情報源での確認が必要",
    "sources": "OpenStreetMap（© OpenStreetMap contributors, ODbL 1.0）Geofabrik japan-latest.osm.pbf 2026-09-30T20:22:42Z node/1304498090（登山道と道路の接続点） ｜ 登山記録で広く使われている登山口（登山記録・登山情報サイトで名称と利用を確認。公式情報では未確認） 2026-09-24確認",
    "verifiedAt": ""
   }
  },
  {
   "type": "Feature",
   "geometry": {
    "type": "Point",
    "coordinates": [
     141.764639,
     43.468347
    ]
   },
   "properties": {
    "id": "TH-n1352357409",
    "kind": "trailhead",
    "name": "（名称未確認）",
    "datum": "WGS84",
    "mountainIds": "33",
    "mountainNames": "ピンネシリ",
    "otherMountainNames": "",
    "lists": "北海道百名山",
    "routes": "",
    "entryType": "一般道との接続",
    "trailKmToSummit": "ピンネシリ:9.14km",
    "related": "",
    "attributes": "",
    "status": "candidate",
    "accuracyM": 30,
    "needsReview": "名称未確認、登山道が道路を横断する地点（途中の入口の可能性）、公式情報または2情報源での確認が必要",
    "sources": "OpenStreetMap（© OpenStreetMap contributors, ODbL 1.0）Geofabrik japan-latest.osm.pbf 2026-09-30T20:22:42Z node/1352357409（登山道と道路の接続点）",
    "verifiedAt": ""
   }
  },
  {
   "type": "Feature",
   "geometry": {
    "type": "Point",
    "coordinates": [
     141.3562553,
     43.0581474
    ]
   },
   "properties": {
    "id": "TH-n13540823696",
    "kind": "trailhead",
    "name": "ビスポークホテル札幌",
    "datum": "WGS84",
    "mountainIds": "52",
    "mountainNames": "藻岩山",
    "otherMountainNames": "",
    "lists": "北海道百名山",
    "routes": "OSM登山道「狸小路1丁目」",
    "entryType": "施設（山小屋・宿・キャンプ場）からの入口",
    "trailKmToSummit": "藻岩山:7.84km",
    "related": "PK-w1300908241(108m) PK-w201063386(109m) PK-w199759697(124m) BS-kP11-22-01-bs7703(52m) BS-n2287712225(73m) BS-kP11-22-01-bs7650(151m)",
    "attributes": "",
    "status": "provisional",
    "accuracyM": 15,
    "needsReview": "近くの道路にゲートあり（車両通行止め・季節閉鎖の可能性）、公式情報または2情報源での確認が必要",
    "sources": "OpenStreetMap（© OpenStreetMap contributors, ODbL 1.0）Geofabrik japan-latest.osm.pbf 2026-09-30T20:22:42Z node/13540823696 ｜ 国土地理院 地名検索「大通駅」（43.060473, 141.355365、JGD2011、267m差）2026-09-20確認",
    "verifiedAt": "2026-09-20"
   }
  },
  {
   "type": "Feature",
   "geometry": {
    "type": "Point",
    "coordinates": [
     140.8482858,
     42.8438162
    ]
   },
   "properties": {
    "id": "TH-n13589065958",
    "kind": "trailhead",
    "name": "京極コース登山口",
    "datum": "WGS84",
    "mountainIds": "63",
    "mountainNames": "羊蹄山",
    "otherMountainNames": "",
    "lists": "日本百名山|日本二百名山|日本三百名山|北海道百名山",
    "routes": "OSM登山道「京極コース · Kyōgoku trail」、京極コース",
    "entryType": "登山口（OSMの登山口地物）",
    "trailKmToSummit": "羊蹄山:4.0km",
    "related": "",
    "attributes": "OSM登山ルート: 京極コース · Kyōgoku trail",
    "status": "adopted",
    "accuracyM": 15,
    "needsReview": "",
    "sources": "OpenStreetMap（© OpenStreetMap contributors, ODbL 1.0）Geofabrik japan-latest.osm.pbf 2026-09-30T20:22:42Z node/13589065958 ｜ 国土地理院ベクトルタイル提供実験 地理院地図の徒歩道の起点（42.843809, 140.848310、JGD2011、2m差）2026-10-01確認 ｜ 公式情報: https://www.shiribeshi.pref.hokkaido.lg.jp/sr/srs/midokoro/youteizan.html",
    "verifiedAt": "2026-09-20"
   }
  },
  {
   "type": "Feature",
   "geometry": {
    "type": "Point",
    "coordinates": [
     140.778653,
     42.7818592
    ]
   },
   "properties": {
    "id": "TH-n13591297541",
    "kind": "trailhead",
    "name": "羊蹄自然公園入口",
    "datum": "WGS84",
    "mountainIds": "63",
    "mountainNames": "羊蹄山",
    "otherMountainNames": "",
    "lists": "日本百名山|日本二百名山|日本三百名山|北海道百名山",
    "routes": "",
    "entryType": "駐車場・バス停（林道・車道を経由して登山道へ）",
    "trailKmToSummit": "羊蹄山:8.24km",
    "related": "PK-w429221850(45m) PK-w429221848(137m) PK-w1481689812(265m) BS-kP11-22-01-bs11491(68m) BS-kP11-22-01-bs11471(720m)",
    "attributes": "",
    "status": "provisional",
    "accuracyM": 15,
    "needsReview": "公式情報または2情報源での確認が必要",
    "sources": "OpenStreetMap（© OpenStreetMap contributors, ODbL 1.0）Geofabrik japan-latest.osm.pbf 2026-09-30T20:22:42Z node/13591297541 ｜ OpenStreetMap（© OpenStreetMap contributors, ODbL 1.0）Geofabrik japan-latest.osm.pbf 2026-09-30T20:22:42Z node/1266184934（登山道と道路の接続点）",
    "verifiedAt": ""
   }
  },
  {
   "type": "Feature",
   "geometry": {
    "type": "Point",
    "coordinates": [
     141.3538603,
     43.0401335
    ]
   },
   "properties": {
    "id": "TH-n13680489801",
    "kind": "trailhead",
    "name": "Arura Sapporo",
    "datum": "WGS84",
    "mountainIds": "52",
    "mountainNames": "藻岩山",
    "otherMountainNames": "",
    "lists": "北海道百名山",
    "routes": "OSM登山道「みその橋」",
    "entryType": "施設（山小屋・宿・キャンプ場）からの入口",
    "trailKmToSummit": "藻岩山:6.62km",
    "related": "PK-w699048714(59m) PK-w684969292(106m) PK-w1429486295(107m) BS-kP11-22-01-bs8062(156m) BS-kP11-22-01-bs8062(156m) BS-kP11-22-01-bs8024(218m)",
    "attributes": "",
    "status": "provisional",
    "accuracyM": 15,
    "needsReview": "近くの道路にゲートあり（車両通行止め・季節閉鎖の可能性）、公式情報または2情報源での確認が必要",
    "sources": "OpenStreetMap（© OpenStreetMap contributors, ODbL 1.0）Geofabrik japan-latest.osm.pbf 2026-09-30T20:22:42Z node/13680489801 ｜ 国土地理院 地名検索「幌平橋駅」（43.040110, 141.352909、JGD2011、77m差）2026-09-20確認",
    "verifiedAt": "2026-09-20"
   }
  },
  {
   "type": "Feature",
   "geometry": {
    "type": "Point",
    "coordinates": [
     145.0904569,
     44.109687
    ]
   },
   "properties": {
    "id": "TH-n1425923561",
    "kind": "trailhead",
    "name": "岩尾別登山口",
    "datum": "WGS84",
    "mountainIds": "6 8",
    "mountainNames": "硫黄山、羅臼岳",
    "otherMountainNames": "",
    "lists": "北海道百名山|日本百名山|日本二百名山|日本三百名山",
    "routes": "岩尾別コース",
    "entryType": "一般道との接続",
    "trailKmToSummit": "硫黄山:14.26km 羅臼岳:6.33km",
    "related": "PK-w502638048(118m)",
    "attributes": "parking=木下小屋周辺など無料（環境省 知床羅臼ビジターセンター）",
    "status": "adopted",
    "accuracyM": 15,
    "needsReview": "近くの道路にゲートあり（車両通行止め・季節閉鎖の可能性）、2025年8月のヒグマ人身事故により登山口が閉鎖され、2026年7月5日に閉鎖解除の予定と公表された（2026年5月時点）。入山前に最新の状況を確認すること、登山道沿いのトイレは銀冷水の携帯トイレブースのみ。野営指定地は羅臼平（環境省）、ヒグマの出没が多い区域。クマ撃退スプレー等の対策が推奨されている（環境省）",
    "sources": "OpenStreetMap（© OpenStreetMap contributors, ODbL 1.0）Geofabrik japan-latest.osm.pbf 2026-09-30T20:22:42Z node/1425923561（登山道と道路の接続点） ｜ 公式情報: https://policies.env.go.jp/park/shiretoko/rausu-vc/mount/mt-rausu-iwaobetsu/ ｜ 公式情報: https://hokkaido.env.go.jp/kushiro/topics_00256.html ｜ 公式情報: https://policies.env.go.jp/park/shiretoko/rausu-vc/news/2026/20260501/",
    "verifiedAt": "2026-09-20"
   }
  },
  {
   "type": "Feature",
   "geometry": {
    "type": "Point",
    "coordinates": [
     141.215487,
     42.983918
    ]
   },
   "properties": {
    "id": "TH-n1433186492",
    "kind": "trailhead",
    "name": "（名称未確認）",
    "datum": "WGS84",
    "mountainIds": "54",
    "mountainNames": "神威岳",
    "otherMountainNames": "",
    "lists": "北海道百名山",
    "routes": "OSM登山道「烏帽子岳林道」",
    "entryType": "林道との接続",
    "trailKmToSummit": "神威岳:3.76km",
    "related": "",
    "attributes": "",
    "status": "candidate",
    "accuracyM": 30,
    "needsReview": "名称未確認、林道からの入口（マイカー進入可否を要確認）、公式情報または2情報源での確認が必要",
    "sources": "OpenStreetMap（© OpenStreetMap contributors, ODbL 1.0）Geofabrik japan-latest.osm.pbf 2026-09-30T20:22:42Z node/1433186492（登山道と道路の接続点）",
    "verifiedAt": ""
   }
  },
  {
   "type": "Feature",
   "geometry": {
    "type": "Point",
    "coordinates": [
     141.2135152,
     42.976092
    ]
   },
   "properties": {
    "id": "TH-n1433186566",
    "kind": "trailhead",
    "name": "（名称未確認）一の沢バス停付近",
    "datum": "WGS84",
    "mountainIds": "54",
    "mountainNames": "神威岳",
    "otherMountainNames": "",
    "lists": "北海道百名山",
    "routes": "",
    "entryType": "道路の終点付近",
    "trailKmToSummit": "神威岳:4.79km",
    "related": "BS-kP11-22-01-bs9654(807m) BS-kP11-22-01-bs9654(807m)",
    "attributes": "",
    "status": "provisional",
    "accuracyM": 30,
    "needsReview": "名称未確認、林道からの入口（マイカー進入可否を要確認）、公式情報または2情報源での確認が必要",
    "sources": "OpenStreetMap（© OpenStreetMap contributors, ODbL 1.0）Geofabrik japan-latest.osm.pbf 2026-09-30T20:22:42Z node/1433186566（登山道と道路の接続点）",
    "verifiedAt": ""
   }
  },
  {
   "type": "Feature",
   "geometry": {
    "type": "Point",
    "coordinates": [
     143.214492,
     43.735643
    ]
   },
   "properties": {
    "id": "TH-n1449129355",
    "kind": "trailhead",
    "name": "（名称未確認）",
    "datum": "WGS84",
    "mountainIds": "13",
    "mountainNames": "武利岳",
    "otherMountainNames": "",
    "lists": "北海道百名山",
    "routes": "",
    "entryType": "道路の終点付近",
    "trailKmToSummit": "武利岳:4.49km",
    "related": "",
    "attributes": "",
    "status": "candidate",
    "accuracyM": 30,
    "needsReview": "名称未確認、林道からの入口（マイカー進入可否を要確認）、公式情報または2情報源での確認が必要",
    "sources": "OpenStreetMap（© OpenStreetMap contributors, ODbL 1.0）Geofabrik japan-latest.osm.pbf 2026-09-30T20:22:42Z node/1449129355（登山道と道路の接続点）",
    "verifiedAt": ""
   }
  },
  {
   "type": "Feature",
   "geometry": {
    "type": "Point",
    "coordinates": [
     143.038636,
     43.772654
    ]
   },
   "properties": {
    "id": "TH-n1449149468",
    "kind": "trailhead",
    "name": "（名称未確認）",
    "datum": "WGS84",
    "mountainIds": "12",
    "mountainNames": "平山",
    "otherMountainNames": "",
    "lists": "北海道百名山",
    "routes": "",
    "entryType": "道路の終点付近",
    "trailKmToSummit": "平山:3.4km",
    "related": "",
    "attributes": "",
    "status": "candidate",
    "accuracyM": 30,
    "needsReview": "名称未確認、林道からの入口（マイカー進入可否を要確認）、公式情報または2情報源での確認が必要",
    "sources": "OpenStreetMap（© OpenStreetMap contributors, ODbL 1.0）Geofabrik japan-latest.osm.pbf 2026-09-30T20:22:42Z node/1449149468（登山道と道路の接続点）",
    "verifiedAt": ""
   }
  },
  {
   "type": "Feature",
   "geometry": {
    "type": "Point",
    "coordinates": [
     143.02069,
     43.80083
    ]
   },
   "properties": {
    "id": "TH-n1449178575",
    "kind": "trailhead",
    "name": "（名称未確認）",
    "datum": "WGS84",
    "mountainIds": "12",
    "mountainNames": "平山",
    "otherMountainNames": "",
    "lists": "北海道百名山",
    "routes": "",
    "entryType": "道路の終点付近",
    "trailKmToSummit": "平山:5.72km",
    "related": "",
    "attributes": "",
    "status": "candidate",
    "accuracyM": 30,
    "needsReview": "名称未確認、林道からの入口（マイカー進入可否を要確認）、公式情報または2情報源での確認が必要",
    "sources": "OpenStreetMap（© OpenStreetMap contributors, ODbL 1.0）Geofabrik japan-latest.osm.pbf 2026-09-30T20:22:42Z node/1449178575（登山道と道路の接続点）",
    "verifiedAt": ""
   }
  },
  {
   "type": "Feature",
   "geometry": {
    "type": "Point",
    "coordinates": [
     144.6893889,
     43.7673934
    ]
   },
   "properties": {
    "id": "TH-n1449676336",
    "kind": "trailhead",
    "name": "（名称未確認）",
    "datum": "WGS84",
    "mountainIds": "11",
    "mountainNames": "斜里岳",
    "otherMountainNames": "",
    "lists": "日本百名山|日本二百名山|日本三百名山|北海道百名山",
    "routes": "",
    "entryType": "道路の終点付近",
    "trailKmToSummit": "斜里岳:3.37km",
    "related": "",
    "attributes": "",
    "status": "candidate",
    "accuracyM": 30,
    "needsReview": "名称未確認、林道からの入口（マイカー進入可否を要確認）、公式情報または2情報源での確認が必要",
    "sources": "OpenStreetMap（© OpenStreetMap contributors, ODbL 1.0）Geofabrik japan-latest.osm.pbf 2026-09-30T20:22:42Z node/1449676336（登山道と道路の接続点）",
    "verifiedAt": ""
   }
  },
  {
   "type": "Feature",
   "geometry": {
    "type": "Point",
    "coordinates": [
     142.8593831,
     42.4383201
    ]
   },
   "properties": {
    "id": "TH-n1466220149",
    "kind": "trailhead",
    "name": "神威山荘（神威岳・ペテガリ岳西尾根コース登山口）",
    "datum": "WGS84",
    "mountainIds": "90",
    "mountainNames": "神威岳",
    "otherMountainNames": "",
    "lists": "日本三百名山|北海道百名山",
    "routes": "",
    "entryType": "道路の終点付近",
    "trailKmToSummit": "神威岳:5.18km",
    "related": "",
    "attributes": "forestRoad=元浦川林道 一般利用可（2026年6月20日〜9月30日）; hut=神威山荘（通年無人・無料、トイレ・テント場）",
    "status": "adopted",
    "accuracyM": 15,
    "needsReview": "林道からの入口（マイカー進入可否を要確認）、元浦川林道は2026年6月20日〜9月30日が一般利用可能期間。2026年8月7日に災害復旧して通行再開（北海道森林管理局）、神威山荘は日高の神威岳とペテガリ岳（西尾根コース）の起点（新ひだか町）、日高山脈襟裳十勝国立公園の区域内。登山計画書の提出が必要（環境省・新ひだか町）、神威岳は環境省の登山道利用体験グレードで、やぶこぎ・沢・急斜面を含むコースとして扱われている（環境省）",
    "sources": "OpenStreetMap（© OpenStreetMap contributors, ODbL 1.0）Geofabrik japan-latest.osm.pbf 2026-09-30T20:22:42Z node/1466220149（登山道と道路の接続点） ｜ 公式情報: https://www.rinya.maff.go.jp/hokkaido/hidakananbu/tozan/kamuidake.html ｜ 公式情報: https://www.rinya.maff.go.jp/hokkaido/hidakananbu/mountaintrail.html ｜ 公式情報: https://www.shinhidaka-hokkaido.jp/hotnews/detail/00008866.html ｜ 公式情報: https://www.env.go.jp/nature/nationalparks/list/hidakasanmyaku-erimo-tokachi/ ｜ 公式情報: https://www.env.go.jp/park/content/000392253.pdf ｜ 地理院地図の注記「神威山荘」（42.437057, 142.856437）から279m 2026-09-23確認",
    "verifiedAt": "2026-09-20"
   }
  },
  {
   "type": "Feature",
   "geometry": {
    "type": "Point",
    "coordinates": [
     144.5073095,
     43.5553127
    ]
   },
   "properties": {
    "id": "TH-n1485832641",
    "kind": "trailhead",
    "name": "摩周第一展望台（摩周岳登山口）",
    "datum": "WGS84",
    "mountainIds": "25 28",
    "mountainNames": "カムイヌプリ、西別岳",
    "otherMountainNames": "",
    "lists": "北海道百名山",
    "routes": "",
    "entryType": "一般道との接続",
    "trailKmToSummit": "カムイヌプリ:6.98km 西別岳:8.07km",
    "related": "PK-w430702351(109m) BS-n13927699401(155m) BS-kP11-22-01-bs4035(163m)",
    "attributes": "course=片道7.2km、コースタイム約5時間、標高差311m（川湯ビジターセンター）; OSM登山ルート: Kitanemuro Ranch Way - section 5",
    "status": "adopted",
    "accuracyM": 15,
    "needsReview": "近くの道路にゲートあり（車両通行止め・季節閉鎖の可能性）、登山口で入林届を済ませること。途中にトイレなどの設備はない。ダニ対策と、夏季はアブ・ブユが多いため長袖・長ズボンを勧めている（川湯ビジターセンター）、登山口の正確な位置は公式情報では未確認",
    "sources": "OpenStreetMap（© OpenStreetMap contributors, ODbL 1.0）Geofabrik japan-latest.osm.pbf 2026-09-30T20:22:42Z node/1485832641（登山道と道路の接続点） ｜ 公式情報: https://www.kawayu-eco-museum.com/mtmashutrail/",
    "verifiedAt": "2026-09-25"
   }
  },
  {
   "type": "Feature",
   "geometry": {
    "type": "Point",
    "coordinates": [
     140.6737416,
     42.096951
    ]
   },
   "properties": {
    "id": "TH-n1501665343",
    "kind": "trailhead",
    "name": "（名称未確認）",
    "datum": "WGS84",
    "mountainIds": "96",
    "mountainNames": "駒ヶ岳",
    "otherMountainNames": "",
    "lists": "日本二百名山|日本三百名山|北海道百名山",
    "routes": "",
    "entryType": "一般道との接続",
    "trailKmToSummit": "駒ヶ岳:4.62km",
    "related": "",
    "attributes": "",
    "status": "candidate",
    "accuracyM": 30,
    "needsReview": "名称未確認、公式情報または2情報源での確認が必要",
    "sources": "OpenStreetMap（© OpenStreetMap contributors, ODbL 1.0）Geofabrik japan-latest.osm.pbf 2026-09-30T20:22:42Z node/1501665343（登山道と道路の接続点）",
    "verifiedAt": ""
   }
  },
  {
   "type": "Feature",
   "geometry": {
    "type": "Point",
    "coordinates": [
     142.892336,
     44.25714
    ]
   },
   "properties": {
    "id": "TH-n1526599610",
    "kind": "trailhead",
    "name": "中央登山口（ウエンシリ岳）",
    "datum": "WGS84",
    "mountainIds": "5",
    "mountainNames": "ウエンシリ岳",
    "otherMountainNames": "",
    "lists": "北海道百名山",
    "routes": "",
    "entryType": "一般道との接続",
    "trailKmToSummit": "ウエンシリ岳:4.87km",
    "related": "",
    "attributes": "",
    "status": "provisional",
    "accuracyM": 30,
    "needsReview": "公式情報または2情報源での確認が必要",
    "sources": "OpenStreetMap（© OpenStreetMap contributors, ODbL 1.0）Geofabrik japan-latest.osm.pbf 2026-09-30T20:22:42Z node/1526599610（登山道と道路の接続点） ｜ 登山記録で広く使われている登山口（登山記録・登山情報サイトで名称と利用を確認。公式情報では未確認） 2026-09-29確認",
    "verifiedAt": ""
   }
  },
  {
   "type": "Feature",
   "geometry": {
    "type": "Point",
    "coordinates": [
     142.947483,
     43.951353
    ]
   },
   "properties": {
    "id": "TH-n1534987833",
    "kind": "trailhead",
    "name": "（名称未確認）",
    "datum": "WGS84",
    "mountainIds": "9",
    "mountainNames": "天塩岳",
    "otherMountainNames": "",
    "lists": "日本二百名山|日本三百名山|北海道百名山",
    "routes": "OSM登山道「滝上本流林道」",
    "entryType": "一般道との接続",
    "trailKmToSummit": "天塩岳:5.99km",
    "related": "",
    "attributes": "",
    "status": "candidate",
    "accuracyM": 30,
    "needsReview": "名称未確認、公式情報または2情報源での確認が必要",
    "sources": "OpenStreetMap（© OpenStreetMap contributors, ODbL 1.0）Geofabrik japan-latest.osm.pbf 2026-09-30T20:22:42Z node/1534987833（登山道と道路の接続点）",
    "verifiedAt": ""
   }
  },
  {
   "type": "Feature",
   "geometry": {
    "type": "Point",
    "coordinates": [
     141.510637,
     43.771019
    ]
   },
   "properties": {
    "id": "TH-n1601949836",
    "kind": "trailhead",
    "name": "暑寒荘（暑寒コース登山口）",
    "datum": "WGS84",
    "mountainIds": "14",
    "mountainNames": "暑寒別岳",
    "otherMountainNames": "",
    "lists": "日本二百名山|日本三百名山|北海道百名山",
    "routes": "",
    "entryType": "一般道（県道以上）との接続",
    "trailKmToSummit": "暑寒別岳:8.06km",
    "related": "PK-w366427872(33m)",
    "attributes": "",
    "status": "adopted",
    "accuracyM": 15,
    "needsReview": "国土地理院の地名「暑寒荘」とOSMの地物の位置が154mで一致（独立した2情報源）",
    "sources": "OpenStreetMap（© OpenStreetMap contributors, ODbL 1.0）Geofabrik japan-latest.osm.pbf 2026-09-30T20:22:42Z node/1601949836（登山道と道路の接続点） ｜ 国土地理院 地名検索「暑寒荘」（43.771009, 141.508716、JGD2011、154m差）2026-09-20確認",
    "verifiedAt": "2026-09-20"
   }
  },
  {
   "type": "Feature",
   "geometry": {
    "type": "Point",
    "coordinates": [
     141.5694096,
     43.7798323
    ]
   },
   "properties": {
    "id": "TH-n1601950392",
    "kind": "trailhead",
    "name": "（名称未確認）",
    "datum": "WGS84",
    "mountainIds": "14",
    "mountainNames": "暑寒別岳",
    "otherMountainNames": "",
    "lists": "日本二百名山|日本三百名山|北海道百名山",
    "routes": "",
    "entryType": "一般道との接続",
    "trailKmToSummit": "暑寒別岳:8.56km",
    "related": "PK-w419724332(93m)",
    "attributes": "",
    "status": "provisional",
    "accuracyM": 30,
    "needsReview": "名称未確認、公式情報または2情報源での確認が必要",
    "sources": "OpenStreetMap（© OpenStreetMap contributors, ODbL 1.0）Geofabrik japan-latest.osm.pbf 2026-09-30T20:22:42Z node/1601950392（登山道と道路の接続点）",
    "verifiedAt": ""
   }
  },
  {
   "type": "Feature",
   "geometry": {
    "type": "Point",
    "coordinates": [
     141.1488492,
     41.79402
    ]
   },
   "properties": {
    "id": "TH-n1625696864",
    "kind": "trailhead",
    "name": "（名称未確認）恵山バス停付近",
    "datum": "WGS84",
    "mountainIds": "98",
    "mountainNames": "恵山",
    "otherMountainNames": "",
    "lists": "北海道百名山",
    "routes": "",
    "entryType": "一般道との接続",
    "trailKmToSummit": "恵山:4.83km",
    "related": "PK-w565112455(351m) PK-w986843571(364m) BS-kP11-22-01-bs14029(986m)",
    "attributes": "",
    "status": "provisional",
    "accuracyM": 30,
    "needsReview": "名称未確認、登山道が道路を横断する地点（途中の入口の可能性）、公式情報または2情報源での確認が必要",
    "sources": "OpenStreetMap（© OpenStreetMap contributors, ODbL 1.0）Geofabrik japan-latest.osm.pbf 2026-09-30T20:22:42Z node/1625696864（登山道と道路の接続点）",
    "verifiedAt": ""
   }
  },
  {
   "type": "Feature",
   "geometry": {
    "type": "Point",
    "coordinates": [
     141.1565215,
     41.7970438
    ]
   },
   "properties": {
    "id": "TH-n1625698675",
    "kind": "trailhead",
    "name": "（名称未確認）上御崎バス停付近",
    "datum": "WGS84",
    "mountainIds": "98",
    "mountainNames": "恵山",
    "otherMountainNames": "",
    "lists": "北海道百名山",
    "routes": "",
    "entryType": "一般道との接続",
    "trailKmToSummit": "恵山:3.39km",
    "related": "PK-w986843571(385m) PK-w565112455(427m) BS-kP11-22-01-bs13975(842m)",
    "attributes": "",
    "status": "provisional",
    "accuracyM": 30,
    "needsReview": "名称未確認、登山道が道路を横断する地点（途中の入口の可能性）、公式情報または2情報源での確認が必要",
    "sources": "OpenStreetMap（© OpenStreetMap contributors, ODbL 1.0）Geofabrik japan-latest.osm.pbf 2026-09-30T20:22:42Z node/1625698675（登山道と道路の接続点）",
    "verifiedAt": ""
   }
  },
  {
   "type": "Feature",
   "geometry": {
    "type": "Point",
    "coordinates": [
     141.318418,
     42.7135034
    ]
   },
   "properties": {
    "id": "TH-n1633847796",
    "kind": "trailhead",
    "name": "（名称未確認）",
    "datum": "WGS84",
    "mountainIds": "74 77",
    "mountainNames": "風不死岳、樽前山",
    "otherMountainNames": "",
    "lists": "北海道百名山|日本二百名山|日本三百名山",
    "routes": "",
    "entryType": "一般道（県道以上）との接続",
    "trailKmToSummit": "風不死岳:8.59km 樽前山:5.74km",
    "related": "PK-w576137341(33m)",
    "attributes": "",
    "status": "provisional",
    "accuracyM": 30,
    "needsReview": "名称未確認、公式情報または2情報源での確認が必要",
    "sources": "OpenStreetMap（© OpenStreetMap contributors, ODbL 1.0）Geofabrik japan-latest.osm.pbf 2026-09-30T20:22:42Z node/1633847796（登山道と道路の接続点）",
    "verifiedAt": ""
   }
  },
  {
   "type": "Feature",
   "geometry": {
    "type": "Point",
    "coordinates": [
     142.845289,
     43.992075
    ]
   },
   "properties": {
    "id": "TH-n1648005929",
    "kind": "trailhead",
    "name": "（名称未確認）",
    "datum": "WGS84",
    "mountainIds": "9",
    "mountainNames": "天塩岳",
    "otherMountainNames": "",
    "lists": "日本二百名山|日本三百名山|北海道百名山",
    "routes": "",
    "entryType": "一般道との接続",
    "trailKmToSummit": "天塩岳:5.75km",
    "related": "",
    "attributes": "",
    "status": "candidate",
    "accuracyM": 30,
    "needsReview": "名称未確認、公式情報または2情報源での確認が必要、天塩岳ヒュッテはポンテシオダムから9km奥。ヒュッテ前はキャンプ場で炊事場・トイレがある（士別市）、新道コースの登山口はヒュッテから1km戻った地点（士別市）。この地点がどのコースの登山口かは未確認",
    "sources": "OpenStreetMap（© OpenStreetMap contributors, ODbL 1.0）Geofabrik japan-latest.osm.pbf 2026-09-30T20:22:42Z node/1648005929（登山道と道路の接続点） ｜ 公式情報: https://www.city.shibetsu.lg.jp/soshikikarasagasu/chiikiseikatsuka/keizaikakari/1116.html ｜ 公式情報: https://www.pref.hokkaido.lg.jp/ks/skn/environ/parks/teshiodake-prefecturali-nationalpark.html",
    "verifiedAt": "2026-09-20"
   }
  },
  {
   "type": "Feature",
   "geometry": {
    "type": "Point",
    "coordinates": [
     142.852737,
     43.992858
    ]
   },
   "properties": {
    "id": "TH-n1648005965",
    "kind": "trailhead",
    "name": "天塩岳ヒュッテ（天塩岳登山口）",
    "datum": "WGS84",
    "mountainIds": "9",
    "mountainNames": "天塩岳",
    "otherMountainNames": "",
    "lists": "日本二百名山|日本三百名山|北海道百名山",
    "routes": "",
    "entryType": "一般道との接続",
    "trailKmToSummit": "天塩岳:5.99km",
    "related": "",
    "attributes": "",
    "status": "adopted",
    "accuracyM": 15,
    "needsReview": "天塩岳ヒュッテは天塩岳の登山口、国土地理院の地名とOSMの地物の位置が一致（独立した2情報源）、ヒグマの生息域。入山前に最新の出没情報を確認すること",
    "sources": "OpenStreetMap（© OpenStreetMap contributors, ODbL 1.0）Geofabrik japan-latest.osm.pbf 2026-09-30T20:22:42Z node/1648005965（登山道と道路の接続点） ｜ 国土地理院 地名検索「天塩岳ヒュッテ」（43.992546, 142.852814、JGD2011、35m差）2026-09-20確認",
    "verifiedAt": "2026-09-20"
   }
  },
  {
   "type": "Feature",
   "geometry": {
    "type": "Point",
    "coordinates": [
     142.185703,
     43.1143
    ]
   },
   "properties": {
    "id": "TH-n1687289956",
    "kind": "trailhead",
    "name": "夕張岳 冷水コース登山口（夕張側・鹿島林道の先）",
    "datum": "WGS84",
    "mountainIds": "50",
    "mountainNames": "夕張岳",
    "otherMountainNames": "",
    "lists": "日本二百名山|日本三百名山|北海道百名山",
    "routes": "OSM登山道「鹿島支線林道」",
    "entryType": "林道との接続",
    "trailKmToSummit": "夕張岳:7.3km",
    "related": "",
    "attributes": "forestRoad=鹿島林道 車両通行可（2026年6月13日〜9月30日）",
    "status": "adopted",
    "accuracyM": 15,
    "needsReview": "林道からの入口（マイカー進入可否を要確認）、夕張岳に通じる鹿島林道は2026年6月13日〜9月30日は車両通行可。降雨等で予告なく通行止めになる場合がある（北海道森林管理局・夕張市、2026年6月5日発表）、速度20km/h以下での走行が求められ、降雨等で予告なく通行止めになることがある（北海道森林管理局）",
    "sources": "OpenStreetMap（© OpenStreetMap contributors, ODbL 1.0）Geofabrik japan-latest.osm.pbf 2026-09-30T20:22:42Z node/1687289956（登山道と道路の接続点） ｜ 公式情報: https://www.rinya.maff.go.jp/hokkaido/apply/nyurin/kisei/yuubaridaketozan_tuukoudome.html ｜ 公式情報: https://www.city.yubari.lg.jp/soshiki/14/1709.html",
    "verifiedAt": "2026-09-20"
   }
  },
  {
   "type": "Feature",
   "geometry": {
    "type": "Point",
    "coordinates": [
     139.9908322,
     42.609385
    ]
   },
   "properties": {
    "id": "TH-n1698717771",
    "kind": "trailhead",
    "name": "（名称未確認）",
    "datum": "WGS84",
    "mountainIds": "83",
    "mountainNames": "狩場山",
    "otherMountainNames": "",
    "lists": "日本三百名山|北海道百名山",
    "routes": "",
    "entryType": "一般道との接続",
    "trailKmToSummit": "狩場山:5.35km",
    "related": "",
    "attributes": "",
    "status": "candidate",
    "accuracyM": 30,
    "needsReview": "名称未確認、公式情報または2情報源での確認が必要",
    "sources": "OpenStreetMap（© OpenStreetMap contributors, ODbL 1.0）Geofabrik japan-latest.osm.pbf 2026-09-30T20:22:42Z node/1698717771（登山道と道路の接続点）",
    "verifiedAt": ""
   }
  },
  {
   "type": "Feature",
   "geometry": {
    "type": "Point",
    "coordinates": [
     142.133979,
     44.071356
    ]
   },
   "properties": {
    "id": "TH-n1704578298",
    "kind": "trailhead",
    "name": "（名称未確認）",
    "datum": "WGS84",
    "mountainIds": "7",
    "mountainNames": "三頭山",
    "otherMountainNames": "",
    "lists": "北海道百名山",
    "routes": "OSM登山道「三頭山林道」",
    "entryType": "道路の終点付近",
    "trailKmToSummit": "三頭山:7.22km",
    "related": "BS-n3308993355(625m) BS-n3308993356(640m)",
    "attributes": "",
    "status": "provisional",
    "accuracyM": 30,
    "needsReview": "名称未確認、林道からの入口（マイカー進入可否を要確認）、公式情報または2情報源での確認が必要",
    "sources": "OpenStreetMap（© OpenStreetMap contributors, ODbL 1.0）Geofabrik japan-latest.osm.pbf 2026-09-30T20:22:42Z node/1704578298（登山道と道路の接続点）",
    "verifiedAt": ""
   }
  },
  {
   "type": "Feature",
   "geometry": {
    "type": "Point",
    "coordinates": [
     142.1368589,
     44.112321
    ]
   },
   "properties": {
    "id": "TH-n1704582184",
    "kind": "trailhead",
    "name": "政和登山口（三頭山）",
    "datum": "WGS84",
    "mountainIds": "7",
    "mountainNames": "三頭山",
    "otherMountainNames": "",
    "lists": "北海道百名山",
    "routes": "",
    "entryType": "道路の終点付近",
    "trailKmToSummit": "三頭山:5.78km",
    "related": "PK-w324228297(302m) PK-w324228300(357m) PK-w324228295(440m) BS-n3309557762(381m)",
    "attributes": "access=道の駅 森と湖の里ほろかない（せいわ温泉ルオント）から徒歩3分（幌加内町観光協会）",
    "status": "adopted",
    "accuracyM": 15,
    "needsReview": "林道からの入口（マイカー進入可否を要確認）、熊などの野生生物に注意し、鈴など音の出るものを身に着け、複数人で行動すること（幌加内町観光協会）、登山口の正確な位置は公式情報では未確認",
    "sources": "OpenStreetMap（© OpenStreetMap contributors, ODbL 1.0）Geofabrik japan-latest.osm.pbf 2026-09-30T20:22:42Z node/1704582184（登山道と道路の接続点） ｜ 公式情報: https://horokanai-kankou.com/activities/tozan/",
    "verifiedAt": "2026-09-25"
   }
  },
  {
   "type": "Feature",
   "geometry": {
    "type": "Point",
    "coordinates": [
     142.08483,
     44.3617739
    ]
   },
   "properties": {
    "id": "TH-n1704618871",
    "kind": "trailhead",
    "name": "蕗の台登山口（ピッシリ山）",
    "datum": "WGS84",
    "mountainIds": "4",
    "mountainNames": "ピッシリ山",
    "otherMountainNames": "",
    "lists": "北海道百名山",
    "routes": "",
    "entryType": "道路の終点付近",
    "trailKmToSummit": "ピッシリ山:6.34km",
    "related": "",
    "attributes": "access=母子里から蕗の台への道道688号線のルートのみ（幌加内町観光協会）",
    "status": "adopted",
    "accuracyM": 15,
    "needsReview": "林道からの入口（マイカー進入可否を要確認）、蕗の台登山口の手前が通行止めになっていることがあり、道路状況によっては登山口までたどり着けない。事前に国土交通省の道路情報で確認すること（幌加内町観光協会）、登山口の正確な位置は公式情報では未確認",
    "sources": "OpenStreetMap（© OpenStreetMap contributors, ODbL 1.0）Geofabrik japan-latest.osm.pbf 2026-09-30T20:22:42Z node/1704618871（登山道と道路の接続点） ｜ 公式情報: https://horokanai-kankou.com/ufaqs/access-mt-pissiri/",
    "verifiedAt": "2026-09-26"
   }
  },
  {
   "type": "Feature",
   "geometry": {
    "type": "Point",
    "coordinates": [
     140.647903,
     42.8481191
    ]
   },
   "properties": {
    "id": "TH-n1712230781",
    "kind": "trailhead",
    "name": "ジャンボ第１クワッドリフト",
    "datum": "WGS84",
    "mountainIds": "65",
    "mountainNames": "ニセコアンヌプリ",
    "otherMountainNames": "",
    "lists": "日本三百名山|北海道百名山",
    "routes": "OSM登山道「Annupuri Downhill Course」",
    "entryType": "索道駅（ロープウェイ・ゴンドラ）",
    "trailKmToSummit": "ニセコアンヌプリ:4.08km",
    "related": "PK-w1232171805(56m) PK-w1232171803(62m) PK-w1232173358(231m) BS-n1256535660(217m) BS-n10151978722(220m) BS-n10151978720(376m)",
    "attributes": "",
    "status": "provisional",
    "accuracyM": 15,
    "needsReview": "公式情報または2情報源での確認が必要",
    "sources": "OpenStreetMap（© OpenStreetMap contributors, ODbL 1.0）Geofabrik japan-latest.osm.pbf 2026-09-30T20:22:42Z node/1712230781",
    "verifiedAt": ""
   }
  },
  {
   "type": "Feature",
   "geometry": {
    "type": "Point",
    "coordinates": [
     140.6533674,
     42.857052
    ]
   },
   "properties": {
    "id": "TH-n1712230789",
    "kind": "trailhead",
    "name": "ジャンボ第１クワッドリフト",
    "datum": "WGS84",
    "mountainIds": "65",
    "mountainNames": "ニセコアンヌプリ",
    "otherMountainNames": "",
    "lists": "日本三百名山|北海道百名山",
    "routes": "OSM登山道「Annupuri Downhill Course」",
    "entryType": "索道駅（ロープウェイ・ゴンドラ）",
    "trailKmToSummit": "ニセコアンヌプリ:2.66km",
    "related": "",
    "attributes": "",
    "status": "provisional",
    "accuracyM": 15,
    "needsReview": "公式情報または2情報源での確認が必要",
    "sources": "OpenStreetMap（© OpenStreetMap contributors, ODbL 1.0）Geofabrik japan-latest.osm.pbf 2026-09-30T20:22:42Z node/1712230789",
    "verifiedAt": ""
   }
  },
  {
   "type": "Feature",
   "geometry": {
    "type": "Point",
    "coordinates": [
     140.6611332,
     42.8644732
    ]
   },
   "properties": {
    "id": "TH-n1712230791",
    "kind": "trailhead",
    "name": "アンヌプリゴンドラ",
    "datum": "WGS84",
    "mountainIds": "65",
    "mountainNames": "ニセコアンヌプリ",
    "otherMountainNames": "",
    "lists": "日本三百名山|北海道百名山",
    "routes": "OSM登山道「Annupuri Downhill Course」",
    "entryType": "索道駅（ロープウェイ・ゴンドラ）",
    "trailKmToSummit": "ニセコアンヌプリ:1.3km",
    "related": "",
    "attributes": "",
    "status": "provisional",
    "accuracyM": 15,
    "needsReview": "公式情報または2情報源での確認が必要",
    "sources": "OpenStreetMap（© OpenStreetMap contributors, ODbL 1.0）Geofabrik japan-latest.osm.pbf 2026-09-30T20:22:42Z node/1712230791",
    "verifiedAt": ""
   }
  },
  {
   "type": "Feature",
   "geometry": {
    "type": "Point",
    "coordinates": [
     144.6110711,
     43.5529123
    ]
   },
   "properties": {
    "id": "TH-n1717737899",
    "kind": "trailhead",
    "name": "西別小屋（西別岳登山口）",
    "datum": "WGS84",
    "mountainIds": "25 28",
    "mountainNames": "カムイヌプリ、西別岳",
    "otherMountainNames": "",
    "lists": "北海道百名山",
    "routes": "",
    "entryType": "道路の終点付近",
    "trailKmToSummit": "カムイヌプリ:7.04km 西別岳:3.08km",
    "related": "PK-w1110673636(24m) PK-w1110673637(29m)",
    "attributes": "OSM登山ルート: Kitanemuro Ranch Way - section 5",
    "status": "provisional",
    "accuracyM": 30,
    "needsReview": "林道からの入口（マイカー進入可否を要確認）、公式情報または2情報源での確認が必要",
    "sources": "OpenStreetMap（© OpenStreetMap contributors, ODbL 1.0）Geofabrik japan-latest.osm.pbf 2026-09-30T20:22:42Z node/1717737899（登山道と道路の接続点） ｜ 登山記録で広く使われている登山口（登山記録・登山情報サイトで名称と利用を確認。公式情報では未確認） 2026-09-25確認",
    "verifiedAt": ""
   }
  },
  {
   "type": "Feature",
   "geometry": {
    "type": "Point",
    "coordinates": [
     141.639637,
     43.697606
    ]
   },
   "properties": {
    "id": "TH-n1717912911",
    "kind": "trailhead",
    "name": "雨竜沼湿原ゲートパーク（暑寒別岳 雨竜コース登山口）",
    "datum": "WGS84",
    "mountainIds": "14",
    "mountainNames": "暑寒別岳",
    "otherMountainNames": "",
    "lists": "日本二百名山|日本三百名山|北海道百名山",
    "routes": "",
    "entryType": "一般道との接続",
    "trailKmToSummit": "暑寒別岳:11.96km",
    "related": "",
    "attributes": "",
    "status": "provisional",
    "accuracyM": 30,
    "needsReview": "近くの道路にゲートあり（車両通行止め・季節閉鎖の可能性）、公式情報または2情報源での確認が必要",
    "sources": "OpenStreetMap（© OpenStreetMap contributors, ODbL 1.0）Geofabrik japan-latest.osm.pbf 2026-09-30T20:22:42Z node/1717912911（登山道と道路の接続点） ｜ 登山記録で広く使われている登山口（登山記録・登山情報サイトで名称と利用を確認。公式情報では未確認） 2026-09-26確認",
    "verifiedAt": ""
   }
  },
  {
   "type": "Feature",
   "geometry": {
    "type": "Point",
    "coordinates": [
     142.622329,
     42.419275
    ]
   },
   "properties": {
    "id": "TH-n1721986998",
    "kind": "trailhead",
    "name": "ピセナイ山 登山口",
    "datum": "WGS84",
    "mountainIds": "91",
    "mountainNames": "ピセナイ山",
    "otherMountainNames": "",
    "lists": "北海道百名山",
    "routes": "",
    "entryType": "登山口（OSMの登山口地物）",
    "trailKmToSummit": "ピセナイ山:2.11km",
    "related": "",
    "attributes": "",
    "status": "provisional",
    "accuracyM": 15,
    "needsReview": "公式情報または2情報源での確認が必要",
    "sources": "OpenStreetMap（© OpenStreetMap contributors, ODbL 1.0）Geofabrik japan-latest.osm.pbf 2026-09-30T20:22:42Z node/1721986998",
    "verifiedAt": ""
   }
  },
  {
   "type": "Feature",
   "geometry": {
    "type": "Point",
    "coordinates": [
     142.8150467,
     42.4774285
    ]
   },
   "properties": {
    "id": "TH-n1722020927",
    "kind": "trailhead",
    "name": "ペテカリ山荘（ペテガリ岳登山口）",
    "datum": "WGS84",
    "mountainIds": "88",
    "mountainNames": "ペテガリ岳",
    "otherMountainNames": "",
    "lists": "日本二百名山|日本三百名山|北海道百名山",
    "routes": "",
    "entryType": "道路の終点付近",
    "trailKmToSummit": "ペテガリ岳:7.98km",
    "related": "",
    "attributes": "restriction=道道111号 静内ダムゲートから先は歩行者も含め通行止め",
    "status": "adopted",
    "accuracyM": 15,
    "needsReview": "林道からの入口（マイカー進入可否を要確認）、道道111号（静内中札内線）は落石等で静内ダムゲートから先が歩行者を含めて通行止め。新ひだか町側からは入山できない（北海道森林管理局・新ひだか町）、一般的なのは浦河町側の神威山荘からの西尾根コースで、片道約17km・約12時間の2泊3日の上級者向け（新ひだか町）、ペテカリ山荘は通年無人・1人500円、水場は6月上旬〜10月下旬（新ひだか町）、東尾根コース（大樹町のペテガリ橋登山口）は整備されておらず一般的ではない（新ひだか町）、環境省の登山道利用体験グレードは、ペテカリ山荘からペテガリ山頂までの区間を想定した評価。神威山荘方面からの道道348号（野深荻伏停車場線）は路肩崩壊のため当面の間、徒歩を含め通行止めの情報がある（環境省）",
    "sources": "OpenStreetMap（© OpenStreetMap contributors, ODbL 1.0）Geofabrik japan-latest.osm.pbf 2026-09-30T20:22:42Z node/1722020927（登山道と道路の接続点） ｜ 公式情報: https://www.rinya.maff.go.jp/hokkaido/hidakananbu/tozan/petegari.html ｜ 公式情報: https://www.rinya.maff.go.jp/hokkaido/hidakananbu/mountaintrail.html ｜ 公式情報: https://www.shinhidaka-hokkaido.jp/hotnews/detail/00008866.html ｜ 公式情報: https://www.env.go.jp/park/content/000392253.pdf ｜ 地理院地図の注記「ペテカリ山荘」（42.477705, 142.814962）から31m 2026-09-23確認",
    "verifiedAt": "2026-09-20"
   }
  },
  {
   "type": "Feature",
   "geometry": {
    "type": "Point",
    "coordinates": [
     143.040269,
     42.0806975
    ]
   },
   "properties": {
    "id": "TH-n1722881734",
    "kind": "trailhead",
    "name": "（名称未確認）",
    "datum": "WGS84",
    "mountainIds": "95",
    "mountainNames": "アポイ岳",
    "otherMountainNames": "",
    "lists": "北海道百名山",
    "routes": "",
    "entryType": "一般道（県道以上）との接続",
    "trailKmToSummit": "アポイ岳:3.76km",
    "related": "BS-n12874950220(629m) BS-n12874950221(644m)",
    "attributes": "",
    "status": "provisional",
    "accuracyM": 30,
    "needsReview": "名称未確認、公式情報または2情報源での確認が必要",
    "sources": "OpenStreetMap（© OpenStreetMap contributors, ODbL 1.0）Geofabrik japan-latest.osm.pbf 2026-09-30T20:22:42Z node/1722881734（登山道と道路の接続点）",
    "verifiedAt": ""
   }
  },
  {
   "type": "Feature",
   "geometry": {
    "type": "Point",
    "coordinates": [
     142.9884001,
     42.1114807
    ]
   },
   "properties": {
    "id": "TH-n1722888106",
    "kind": "trailhead",
    "name": "アポイ岳登山口（アポイ岳ジオパークビジターセンター）",
    "datum": "WGS84",
    "mountainIds": "95",
    "mountainNames": "アポイ岳",
    "otherMountainNames": "",
    "lists": "北海道百名山",
    "routes": "",
    "entryType": "一般道との接続",
    "trailKmToSummit": "アポイ岳:4.22km",
    "related": "PK-g4211148_1429884(0m) PK-w1415005921(48m) PK-w1415006545(216m)",
    "attributes": "",
    "status": "provisional",
    "accuracyM": 30,
    "needsReview": "公式情報または2情報源での確認が必要、アポイ岳ジオパークビジターセンター（4月～10月、9時～17時）で高山植物やヒグマのリアルタイム情報を提供している（アポイ岳ジオパーク）",
    "sources": "OpenStreetMap（© OpenStreetMap contributors, ODbL 1.0）Geofabrik japan-latest.osm.pbf 2026-09-30T20:22:42Z node/1722888106（登山道と道路の接続点） ｜ 登山記録で広く使われている登山口（登山記録・登山情報サイトで名称と利用を確認。公式情報では未確認） 2026-09-25確認",
    "verifiedAt": ""
   }
  },
  {
   "type": "Feature",
   "geometry": {
    "type": "Point",
    "coordinates": [
     143.0455969,
     42.157187
    ]
   },
   "properties": {
    "id": "TH-n1722913022",
    "kind": "trailhead",
    "name": "（名称未確認）",
    "datum": "WGS84",
    "mountainIds": "95",
    "mountainNames": "アポイ岳",
    "otherMountainNames": "",
    "lists": "北海道百名山",
    "routes": "",
    "entryType": "道路の終点付近",
    "trailKmToSummit": "アポイ岳:6.98km",
    "related": "",
    "attributes": "",
    "status": "candidate",
    "accuracyM": 30,
    "needsReview": "名称未確認、林道からの入口（マイカー進入可否を要確認）、公式情報または2情報源での確認が必要",
    "sources": "OpenStreetMap（© OpenStreetMap contributors, ODbL 1.0）Geofabrik japan-latest.osm.pbf 2026-09-30T20:22:42Z node/1722913022（登山道と道路の接続点）",
    "verifiedAt": ""
   }
  },
  {
   "type": "Feature",
   "geometry": {
    "type": "Point",
    "coordinates": [
     141.7013454,
     43.492548
    ]
   },
   "properties": {
    "id": "TH-n1727566242",
    "kind": "trailhead",
    "name": "（名称未確認）",
    "datum": "WGS84",
    "mountainIds": "32",
    "mountainNames": "神居尻山",
    "otherMountainNames": "",
    "lists": "北海道百名山",
    "routes": "",
    "entryType": "一般道との接続",
    "trailKmToSummit": "神居尻山:3.74km",
    "related": "",
    "attributes": "",
    "status": "candidate",
    "accuracyM": 30,
    "needsReview": "名称未確認、公式情報または2情報源での確認が必要",
    "sources": "OpenStreetMap（© OpenStreetMap contributors, ODbL 1.0）Geofabrik japan-latest.osm.pbf 2026-09-30T20:22:42Z node/1727566242（登山道と道路の接続点）",
    "verifiedAt": ""
   }
  },
  {
   "type": "Feature",
   "geometry": {
    "type": "Point",
    "coordinates": [
     141.742032,
     43.495323
    ]
   },
   "properties": {
    "id": "TH-n1727567055",
    "kind": "trailhead",
    "name": "ピンネシリ 砂金沢コース登山口（新十津川側）",
    "datum": "WGS84",
    "mountainIds": "33",
    "mountainNames": "ピンネシリ",
    "otherMountainNames": "",
    "lists": "北海道百名山",
    "routes": "",
    "entryType": "一般道との接続",
    "trailKmToSummit": "ピンネシリ:3.42km",
    "related": "",
    "attributes": "",
    "status": "provisional",
    "accuracyM": 30,
    "needsReview": "登山道が道路を横断する地点（途中の入口の可能性）、公式情報または2情報源での確認が必要",
    "sources": "OpenStreetMap（© OpenStreetMap contributors, ODbL 1.0）Geofabrik japan-latest.osm.pbf 2026-09-30T20:22:42Z node/1727567055（登山道と道路の接続点） ｜ 登山記録で広く使われている登山口（登山記録・登山情報サイトで名称と利用を確認。公式情報では未確認） 2026-09-25確認",
    "verifiedAt": ""
   }
  },
  {
   "type": "Feature",
   "geometry": {
    "type": "Point",
    "coordinates": [
     142.678406,
     42.6754869
    ]
   },
   "properties": {
    "id": "TH-n1729181933",
    "kind": "trailhead",
    "name": "（名称未確認）",
    "datum": "WGS84",
    "mountainIds": "68 70 71 72 73",
    "mountainNames": "ピパイロ岳、1967峰、北戸蔦別岳、戸蔦別岳、幌尻岳",
    "otherMountainNames": "",
    "lists": "北海道百名山|日本百名山|日本二百名山|日本三百名山",
    "routes": "",
    "entryType": "道路の終点付近",
    "trailKmToSummit": "ピパイロ岳:15.32km 1967峰:13.38km 北戸蔦別岳:10.23km 戸蔦別岳:8.52km 幌尻岳:5.88km",
    "related": "",
    "attributes": "",
    "status": "candidate",
    "accuracyM": 30,
    "needsReview": "名称未確認、林道からの入口（マイカー進入可否を要確認）、公式情報または2情報源での確認が必要",
    "sources": "OpenStreetMap（© OpenStreetMap contributors, ODbL 1.0）Geofabrik japan-latest.osm.pbf 2026-09-30T20:22:42Z node/1729181933（登山道と道路の接続点）",
    "verifiedAt": ""
   }
  },
  {
   "type": "Feature",
   "geometry": {
    "type": "Point",
    "coordinates": [
     143.0747729,
     42.2575595
    ]
   },
   "properties": {
    "id": "TH-n1739319601",
    "kind": "trailhead",
    "name": "楽古山荘（楽古岳登山口）",
    "datum": "WGS84",
    "mountainIds": "92",
    "mountainNames": "楽古岳",
    "otherMountainNames": "",
    "lists": "北海道百名山",
    "routes": "",
    "entryType": "道路の終点付近",
    "trailKmToSummit": "楽古岳:4.22km",
    "related": "PK-w1386278976(32m)",
    "attributes": "",
    "status": "provisional",
    "accuracyM": 30,
    "needsReview": "林道からの入口（マイカー進入可否を要確認）、公式情報または2情報源での確認が必要",
    "sources": "OpenStreetMap（© OpenStreetMap contributors, ODbL 1.0）Geofabrik japan-latest.osm.pbf 2026-09-30T20:22:42Z node/1739319601（登山道と道路の接続点） ｜ 登山記録で広く使われている登山口（登山記録・登山情報サイトで名称と利用を確認。公式情報では未確認） 2026-09-25確認",
    "verifiedAt": ""
   }
  },
  {
   "type": "Feature",
   "geometry": {
    "type": "Point",
    "coordinates": [
     141.3330663,
     43.0315385
    ]
   },
   "properties": {
    "id": "TH-n1781191908",
    "kind": "trailhead",
    "name": "山麓",
    "datum": "WGS84",
    "mountainIds": "52",
    "mountainNames": "藻岩山",
    "otherMountainNames": "",
    "lists": "北海道百名山",
    "routes": "",
    "entryType": "索道駅（ロープウェイ・ゴンドラ）",
    "trailKmToSummit": "藻岩山:5.11km",
    "related": "PK-w390785224(99m) PK-w980416795(177m) PK-w1064734542(185m) BS-kP11-22-01-bs8215(32m) BS-n13973366290(233m) BS-kP11-22-01-bs8183(250m)",
    "attributes": "",
    "status": "provisional",
    "accuracyM": 15,
    "needsReview": "近くの道路にゲートあり（車両通行止め・季節閉鎖の可能性）、公式情報または2情報源での確認が必要",
    "sources": "OpenStreetMap（© OpenStreetMap contributors, ODbL 1.0）Geofabrik japan-latest.osm.pbf 2026-09-30T20:22:42Z node/1781191908 ｜ 国土地理院 地名検索「山麓駅」（43.031351, 141.333146、JGD2011、22m差）2026-09-20確認",
    "verifiedAt": "2026-09-20"
   }
  },
  {
   "type": "Feature",
   "geometry": {
    "type": "Point",
    "coordinates": [
     139.9492806,
     42.5562181
    ]
   },
   "properties": {
    "id": "TH-n2005921403",
    "kind": "trailhead",
    "name": "（名称未確認）",
    "datum": "WGS84",
    "mountainIds": "83",
    "mountainNames": "狩場山",
    "otherMountainNames": "",
    "lists": "日本三百名山|北海道百名山",
    "routes": "",
    "entryType": "林道との接続",
    "trailKmToSummit": "狩場山:7.86km",
    "related": "",
    "attributes": "",
    "status": "candidate",
    "accuracyM": 30,
    "needsReview": "名称未確認、林道からの入口（マイカー進入可否を要確認）、公式情報または2情報源での確認が必要",
    "sources": "OpenStreetMap（© OpenStreetMap contributors, ODbL 1.0）Geofabrik japan-latest.osm.pbf 2026-09-30T20:22:42Z node/2005921403（登山道と道路の接続点）",
    "verifiedAt": ""
   }
  },
  {
   "type": "Feature",
   "geometry": {
    "type": "Point",
    "coordinates": [
     139.8308445,
     42.6099596
    ]
   },
   "properties": {
    "id": "TH-n2005922716",
    "kind": "trailhead",
    "name": "（名称未確認）",
    "datum": "WGS84",
    "mountainIds": "83",
    "mountainNames": "狩場山",
    "otherMountainNames": "",
    "lists": "日本三百名山|北海道百名山",
    "routes": "",
    "entryType": "道路の終点付近",
    "trailKmToSummit": "狩場山:10.35km",
    "related": "PK-w430481056(29m)",
    "attributes": "",
    "status": "provisional",
    "accuracyM": 30,
    "needsReview": "名称未確認、林道からの入口（マイカー進入可否を要確認）、公式情報または2情報源での確認が必要",
    "sources": "OpenStreetMap（© OpenStreetMap contributors, ODbL 1.0）Geofabrik japan-latest.osm.pbf 2026-09-30T20:22:42Z node/2005922716（登山道と道路の接続点）",
    "verifiedAt": ""
   }
  },
  {
   "type": "Feature",
   "geometry": {
    "type": "Point",
    "coordinates": [
     141.0758072,
     42.5517746
    ]
   },
   "properties": {
    "id": "TH-n2036532812",
    "kind": "trailhead",
    "name": "オロフレ峠（オロフレ山登山口）",
    "datum": "WGS84",
    "mountainIds": "86",
    "mountainNames": "オロフレ山",
    "otherMountainNames": "",
    "lists": "北海道百名山",
    "routes": "",
    "entryType": "一般道との接続",
    "trailKmToSummit": "オロフレ山:2.46km",
    "related": "",
    "attributes": "parking=100台以上、舗装、無料。オロフレ駐車公園にトイレ（胆振総合振興局）; access=登別東ICまたは国道36号から道道2号をオロフレ峠へ。壮瞥町方面からは国道453号の久保内付近で「カルルス」方面へ（胆振総合振興局）",
    "status": "adopted",
    "accuracyM": 15,
    "needsReview": "登山道が道路を横断する地点（途中の入口の可能性）、途中に崖など危険な箇所がある。樹林帯に曲がり木が覆いかぶさる箇所があり頭上注意（胆振総合振興局）、登山口の正確な位置は公式情報では未確認",
    "sources": "OpenStreetMap（© OpenStreetMap contributors, ODbL 1.0）Geofabrik japan-latest.osm.pbf 2026-09-30T20:22:42Z node/2036532812（登山道と道路の接続点） ｜ 公式情報: https://www.iburi.pref.hokkaido.lg.jp/ss/srk/yama/mountain/orofure.html",
    "verifiedAt": "2026-09-25"
   }
  },
  {
   "type": "Feature",
   "geometry": {
    "type": "Point",
    "coordinates": [
     140.6591489,
     42.8604305
    ]
   },
   "properties": {
    "id": "TH-n2051053693",
    "kind": "trailhead",
    "name": "ジャンボ第2ペアリフト",
    "datum": "WGS84",
    "mountainIds": "65",
    "mountainNames": "ニセコアンヌプリ",
    "otherMountainNames": "",
    "lists": "日本三百名山|北海道百名山",
    "routes": "OSM登山道「Annupuri Downhill Course」",
    "entryType": "索道駅（ロープウェイ・ゴンドラ）",
    "trailKmToSummit": "ニセコアンヌプリ:1.89km",
    "related": "",
    "attributes": "",
    "status": "provisional",
    "accuracyM": 15,
    "needsReview": "公式情報または2情報源での確認が必要",
    "sources": "OpenStreetMap（© OpenStreetMap contributors, ODbL 1.0）Geofabrik japan-latest.osm.pbf 2026-09-30T20:22:42Z node/2051053693",
    "verifiedAt": ""
   }
  },
  {
   "type": "Feature",
   "geometry": {
    "type": "Point",
    "coordinates": [
     142.321412,
     43.114423
    ]
   },
   "properties": {
    "id": "TH-n2051423123",
    "kind": "trailhead",
    "name": "夕張岳 金山コース登山道入口",
    "datum": "WGS84",
    "mountainIds": "50",
    "mountainNames": "夕張岳",
    "otherMountainNames": "",
    "lists": "日本二百名山|日本三百名山|北海道百名山",
    "routes": "",
    "entryType": "登山口（OSMの登山口地物）",
    "trailKmToSummit": "夕張岳:6.98km",
    "related": "",
    "attributes": "",
    "status": "adopted",
    "accuracyM": 15,
    "needsReview": "",
    "sources": "OpenStreetMap（© OpenStreetMap contributors, ODbL 1.0）Geofabrik japan-latest.osm.pbf 2026-09-30T20:22:42Z node/2051423123 ｜ 国土地理院ベクトルタイル提供実験 地理院地図の徒歩道の起点（43.114517, 142.321650、JGD2011、22m差）2026-10-01確認 ｜ 公式情報: https://www.rinya.maff.go.jp/hokkaido/apply/nyurin/kisei/yuubaridaketozan_tuukoudome.html",
    "verifiedAt": "2026-09-20"
   }
  },
  {
   "type": "Feature",
   "geometry": {
    "type": "Point",
    "coordinates": [
     140.2384798,
     42.0293031
    ]
   },
   "properties": {
    "id": "TH-n2068343325",
    "kind": "trailhead",
    "name": "乙部岳登山道入口（沢コース）",
    "datum": "WGS84",
    "mountainIds": "97",
    "mountainNames": "乙部岳",
    "otherMountainNames": "",
    "lists": "北海道百名山",
    "routes": "",
    "entryType": "道路の終点付近",
    "trailKmToSummit": "乙部岳:4.87km",
    "related": "",
    "attributes": "",
    "status": "adopted",
    "accuracyM": 15,
    "needsReview": "林道からの入口（マイカー進入可否を要確認）、尾根コースの入口の約500m手前（下流側）（北海道森林管理局）、登山口の正確な位置は公式情報では未確認",
    "sources": "OpenStreetMap（© OpenStreetMap contributors, ODbL 1.0）Geofabrik japan-latest.osm.pbf 2026-09-30T20:22:42Z node/2068343325（登山道と道路の接続点） ｜ 公式情報: https://www.rinya.maff.go.jp/hokkaido/policy/system/rekumori/huukeirin/126-enkatura-otobedake.html ｜ 地理院地図の徒歩道が車道から始まる位置（42.029310, 140.238436）、標高193.9m。地理院地図の徒歩道で山頂まで約4.9km 2026-09-26確認",
    "verifiedAt": "2026-09-26"
   }
  },
  {
   "type": "Feature",
   "geometry": {
    "type": "Point",
    "coordinates": [
     140.2389231,
     42.03351
    ]
   },
   "properties": {
    "id": "TH-n2068345286",
    "kind": "trailhead",
    "name": "乙部岳登山道入口（尾根コース）",
    "datum": "WGS84",
    "mountainIds": "97",
    "mountainNames": "乙部岳",
    "otherMountainNames": "",
    "lists": "北海道百名山",
    "routes": "",
    "entryType": "道路の終点付近",
    "trailKmToSummit": "乙部岳:3.93km",
    "related": "",
    "attributes": "access=乙部町役場から国道229号、乙部町鳥山から道道1061号旭岱鳥山線の終点を通り、姫川沿いの道路を上流側へ。車で約20km・約50分（北海道森林管理局）; parking=登山道入口に駐車場あり（北海道森林管理局）",
    "status": "adopted",
    "accuracyM": 15,
    "needsReview": "林道からの入口（マイカー進入可否を要確認）、沢コースと尾根コースは途中の連絡路と、山頂の少し手前の稜線でつながる（北海道森林管理局）、登山口の正確な位置は公式情報では未確認",
    "sources": "OpenStreetMap（© OpenStreetMap contributors, ODbL 1.0）Geofabrik japan-latest.osm.pbf 2026-09-30T20:22:42Z node/2068345286（登山道と道路の接続点） ｜ 公式情報: https://www.rinya.maff.go.jp/hokkaido/policy/system/rekumori/huukeirin/126-enkatura-otobedake.html ｜ 地理院地図の徒歩道が車道から始まる位置（42.033503, 140.238813）、標高221.9m。地理院地図の徒歩道で山頂まで約3.9km 2026-09-26確認",
    "verifiedAt": "2026-09-26"
   }
  },
  {
   "type": "Feature",
   "geometry": {
    "type": "Point",
    "coordinates": [
     143.972358,
     43.380388
    ]
   },
   "properties": {
    "id": "TH-n2105631062",
    "kind": "trailhead",
    "name": "オンネトーコース登山口",
    "datum": "WGS84",
    "mountainIds": "42",
    "mountainNames": "阿寒岳",
    "otherMountainNames": "",
    "lists": "日本百名山|日本二百名山|日本三百名山|北海道百名山",
    "routes": "オンネトーコース",
    "entryType": "一般道との接続",
    "trailKmToSummit": "阿寒岳:4.16km",
    "related": "PK-w430721881(50m) PK-w430721885(221m)",
    "attributes": "restriction=噴火警戒レベル2（火口周辺規制）",
    "status": "adopted",
    "accuracyM": 15,
    "needsReview": "このルートは閉鎖中（RouteData の通行状況）、噴火警戒レベル2（2025年9月15日 気象庁発表）により、オンネトーコースは7合目より上が立入禁止（釧路市・足寄町）",
    "sources": "OpenStreetMap（© OpenStreetMap contributors, ODbL 1.0）Geofabrik japan-latest.osm.pbf 2026-09-30T20:22:42Z node/2105631062（登山道と道路の接続点） ｜ 国土地理院ベクトルタイル提供実験 地理院地図の徒歩道の起点（43.380396, 143.972374、JGD2011、2m差）2026-10-01確認 ｜ 公式情報: https://www.env.go.jp/nature/nationalparks/list/akan-mashu/course/01/ ｜ 公式情報: https://www.jma.go.jp/jma/press/2509/15a/20250915_meakandake.html ｜ 公式情報: https://www.city.kushiro.lg.jp/kurashi/bousai/1003718/1003736/1003745.html",
    "verifiedAt": "2026-09-20"
   }
  },
  {
   "type": "Feature",
   "geometry": {
    "type": "Point",
    "coordinates": [
     143.9840773,
     43.3965303
    ]
   },
   "properties": {
    "id": "TH-n2105633349",
    "kind": "trailhead",
    "name": "雌阿寒温泉登山口",
    "datum": "WGS84",
    "mountainIds": "42",
    "mountainNames": "阿寒岳",
    "otherMountainNames": "",
    "lists": "日本百名山|日本二百名山|日本三百名山|北海道百名山",
    "routes": "雌阿寒温泉コース",
    "entryType": "一般道（県道以上）との接続",
    "trailKmToSummit": "阿寒岳:2.98km",
    "related": "PK-w1101376007(93m) PK-w502618471(228m) PK-w1100662532(230m)",
    "attributes": "restriction=噴火警戒レベル2（火口周辺規制）",
    "status": "adopted",
    "accuracyM": 15,
    "needsReview": "このルートは閉鎖中（RouteData の通行状況）、噴火警戒レベル2（2025年9月15日 気象庁発表）により、雌阿寒温泉コースは7合目より上が立入禁止（釧路市・足寄町）、入山前に気象庁の噴火警戒レベルと自治体の規制を確認すること",
    "sources": "OpenStreetMap（© OpenStreetMap contributors, ODbL 1.0）Geofabrik japan-latest.osm.pbf 2026-09-30T20:22:42Z node/2105633349（登山道と道路の接続点） ｜ 国土地理院 地名検索「雌阿寒温泉登山口」（43.394636, 143.984133、JGD2011、209m差）確認 ｜ 公式情報: https://www.env.go.jp/nature/nationalparks/list/akan-mashu/course/01/ ｜ 公式情報: https://www.jma.go.jp/jma/press/2509/15a/20250915_meakandake.html ｜ 公式情報: https://www.city.kushiro.lg.jp/kurashi/bousai/1003718/1003736/1003745.html",
    "verifiedAt": "2026-09-20"
   }
  },
  {
   "type": "Feature",
   "geometry": {
    "type": "Point",
    "coordinates": [
     142.6424144,
     43.4313356
    ]
   },
   "properties": {
    "id": "TH-n2109605325",
    "kind": "trailhead",
    "name": "白銀荘前（十勝岳温泉・吹上温泉側の登山口）",
    "datum": "WGS84",
    "mountainIds": "34 37 38 39 40 10003",
    "mountainNames": "オプタテシケ山、美瑛岳、十勝岳、上ホロカメットク山、富良野岳",
    "otherMountainNames": "三段山",
    "lists": "日本三百名山|北海道百名山|日本百名山|日本二百名山",
    "routes": "",
    "entryType": "施設（山小屋・宿・キャンプ場）からの入口",
    "trailKmToSummit": "オプタテシケ山:12.21km 美瑛岳:7.0km 十勝岳:5.68km 上ホロカメットク山:7.58km 富良野岳:8.54km",
    "related": "PK-w576996448(84m) PK-n1774886019(385m) PK-n8720866944(404m) BS-n13915830701(39m) BS-n13915704601(363m)",
    "attributes": "restriction=噴火警戒レベル3（入山規制）",
    "status": "provisional",
    "accuracyM": 15,
    "needsReview": "公式情報または2情報源での確認が必要、2026年9月12日9時30分に噴火警戒レベル3（入山規制）へ引き上げられた（気象庁）。火口から概ね3kmの範囲は立入禁止で、十勝岳への登山はできない、対象市町村は富良野市・美瑛町・上富良野町・南富良野町・新得町（気象庁）、入山前に気象庁の噴火警戒レベルと自治体の指示を確認すること",
    "sources": "OpenStreetMap（© OpenStreetMap contributors, ODbL 1.0）Geofabrik japan-latest.osm.pbf 2026-09-30T20:22:42Z node/2109605325 ｜ 公式情報: https://www.data.jma.go.jp/vois/data/report/volinfo/VJ20260912093000_108.html ｜ 公式情報: https://hokkaido.env.go.jp/emergency/emergency_00004.html",
    "verifiedAt": "2026-09-20"
   }
  },
  {
   "type": "Feature",
   "geometry": {
    "type": "Point",
    "coordinates": [
     142.789144,
     42.791498
    ]
   },
   "properties": {
    "id": "TH-n2109987156",
    "kind": "trailhead",
    "name": "（名称未確認）",
    "datum": "WGS84",
    "mountainIds": "66 68 70 71 72 73",
    "mountainNames": "伏美岳、ピパイロ岳、1967峰、北戸蔦別岳、戸蔦別岳、幌尻岳",
    "otherMountainNames": "",
    "lists": "北海道百名山|日本百名山|日本二百名山|日本三百名山",
    "routes": "",
    "entryType": "道路の終点付近",
    "trailKmToSummit": "伏美岳:3.2km ピパイロ岳:6.55km 1967峰:8.46km 北戸蔦別岳:11.63km 戸蔦別岳:13.27km 幌尻岳:15.89km",
    "related": "",
    "attributes": "",
    "status": "candidate",
    "accuracyM": 30,
    "needsReview": "名称未確認、林道からの入口（マイカー進入可否を要確認）、公式情報または2情報源での確認が必要",
    "sources": "OpenStreetMap（© OpenStreetMap contributors, ODbL 1.0）Geofabrik japan-latest.osm.pbf 2026-09-30T20:22:42Z node/2109987156（登山道と道路の接続点）",
    "verifiedAt": ""
   }
  },
  {
   "type": "Feature",
   "geometry": {
    "type": "Point",
    "coordinates": [
     142.882132,
     42.874588
    ]
   },
   "properties": {
    "id": "TH-n2110439543",
    "kind": "trailhead",
    "name": "剣山神社（剣山登山口）",
    "datum": "WGS84",
    "mountainIds": "62",
    "mountainNames": "剣山",
    "otherMountainNames": "",
    "lists": "北海道百名山",
    "routes": "",
    "entryType": "一般道（県道以上）との接続",
    "trailKmToSummit": "剣山:3.23km",
    "related": "PK-w1416631808(403m)",
    "attributes": "",
    "status": "provisional",
    "accuracyM": 30,
    "needsReview": "近くの道路にゲートあり（車両通行止め・季節閉鎖の可能性）、公式情報または2情報源での確認が必要",
    "sources": "OpenStreetMap（© OpenStreetMap contributors, ODbL 1.0）Geofabrik japan-latest.osm.pbf 2026-09-30T20:22:42Z node/2110439543（登山道と道路の接続点） ｜ 登山記録で広く使われている登山口（登山記録・登山情報サイトで名称と利用を確認。公式情報では未確認） 2026-09-25確認",
    "verifiedAt": ""
   }
  },
  {
   "type": "Feature",
   "geometry": {
    "type": "Point",
    "coordinates": [
     142.7974386,
     42.9000043
    ]
   },
   "properties": {
    "id": "TH-n2110440175",
    "kind": "trailhead",
    "name": "芽室岳登山口（山小屋跡地）",
    "datum": "WGS84",
    "mountainIds": "60",
    "mountainNames": "芽室岳",
    "otherMountainNames": "",
    "lists": "北海道百名山",
    "routes": "",
    "entryType": "道路の終点付近",
    "trailKmToSummit": "芽室岳:4.2km",
    "related": "PK-g429_14279744(0m)",
    "attributes": "",
    "status": "provisional",
    "accuracyM": 30,
    "needsReview": "林道からの入口（マイカー進入可否を要確認）、公式情報または2情報源での確認が必要、オマベツ林道は登山口まで通行可能。速度を落とし安全走行で通行すること（北海道森林管理局 十勝西部森林管理署、令和8年9月4日更新）",
    "sources": "OpenStreetMap（© OpenStreetMap contributors, ODbL 1.0）Geofabrik japan-latest.osm.pbf 2026-09-30T20:22:42Z node/2110440175（登山道と道路の接続点） ｜ 登山記録で広く使われている登山口（登山記録・登山情報サイトで名称と利用を確認。公式情報では未確認） 2026-09-25確認",
    "verifiedAt": ""
   }
  },
  {
   "type": "Feature",
   "geometry": {
    "type": "Point",
    "coordinates": [
     140.273947,
     42.614641
    ]
   },
   "properties": {
    "id": "TH-n2116249019",
    "kind": "trailhead",
    "name": "（名称未確認）",
    "datum": "WGS84",
    "mountainIds": "78",
    "mountainNames": "黒松内岳",
    "otherMountainNames": "",
    "lists": "北海道百名山",
    "routes": "",
    "entryType": "道路の終点付近",
    "trailKmToSummit": "黒松内岳:5.23km",
    "related": "",
    "attributes": "",
    "status": "candidate",
    "accuracyM": 30,
    "needsReview": "名称未確認、林道からの入口（マイカー進入可否を要確認）、公式情報または2情報源での確認が必要",
    "sources": "OpenStreetMap（© OpenStreetMap contributors, ODbL 1.0）Geofabrik japan-latest.osm.pbf 2026-09-30T20:22:42Z node/2116249019（登山道と道路の接続点）",
    "verifiedAt": ""
   }
  },
  {
   "type": "Feature",
   "geometry": {
    "type": "Point",
    "coordinates": [
     142.343423,
     43.244653
    ]
   },
   "properties": {
    "id": "TH-n2150377355",
    "kind": "trailhead",
    "name": "芦別岳 新道・旧道コース登山口（山部自然公園太陽の里側）",
    "datum": "WGS84",
    "mountainIds": "47",
    "mountainNames": "芦別岳",
    "otherMountainNames": "",
    "lists": "日本二百名山|日本三百名山|北海道百名山",
    "routes": "",
    "entryType": "一般道（県道以上）との接続",
    "trailKmToSummit": "芦別岳:5.97km",
    "related": "PK-w1333367440(183m) PK-w1333367441(210m) PK-w1333367432(492m)",
    "attributes": "",
    "status": "adopted",
    "accuracyM": 15,
    "needsReview": "旧道は度重なる大雨で荒れており、登山道が不明瞭な区間がある。携帯電話の電波も弱い（北海道森林管理局）、富良野芦別道立自然公園内",
    "sources": "OpenStreetMap（© OpenStreetMap contributors, ODbL 1.0）Geofabrik japan-latest.osm.pbf 2026-09-30T20:22:42Z node/2150377355（登山道と道路の接続点） ｜ 公式情報: https://www.pref.hokkaido.lg.jp/ks/skn/environ/parks/hurano-prefecturali-nationalpark.html ｜ 公式情報: https://www.rinya.maff.go.jp/hokkaido/koho/blog/tokatirenpou/2025/2510.html",
    "verifiedAt": "2026-09-20"
   }
  },
  {
   "type": "Feature",
   "geometry": {
    "type": "Point",
    "coordinates": [
     142.33505,
     43.248947
    ]
   },
   "properties": {
    "id": "TH-n2150378853",
    "kind": "trailhead",
    "name": "（名称未確認）",
    "datum": "WGS84",
    "mountainIds": "47",
    "mountainNames": "芦別岳",
    "otherMountainNames": "",
    "lists": "日本二百名山|日本三百名山|北海道百名山",
    "routes": "",
    "entryType": "一般道との接続",
    "trailKmToSummit": "芦別岳:7.49km",
    "related": "PK-w1333367432(438m)",
    "attributes": "",
    "status": "provisional",
    "accuracyM": 30,
    "needsReview": "名称未確認、公式情報または2情報源での確認が必要",
    "sources": "OpenStreetMap（© OpenStreetMap contributors, ODbL 1.0）Geofabrik japan-latest.osm.pbf 2026-09-30T20:22:42Z node/2150378853（登山道と道路の接続点）",
    "verifiedAt": ""
   }
  },
  {
   "type": "Feature",
   "geometry": {
    "type": "Point",
    "coordinates": [
     142.595889,
     43.35458
    ]
   },
   "properties": {
    "id": "TH-n2150414225",
    "kind": "trailhead",
    "name": "原始ヶ原・富良野岳登山口",
    "datum": "WGS84",
    "mountainIds": "38 39 40",
    "mountainNames": "十勝岳、上ホロカメットク山、富良野岳",
    "otherMountainNames": "",
    "lists": "日本百名山|日本二百名山|日本三百名山|北海道百名山",
    "routes": "",
    "entryType": "登山口（OSMの登山口地物）",
    "trailKmToSummit": "十勝岳:12.45km 上ホロカメットク山:10.2km 富良野岳:6.39km",
    "related": "PK-n8721054339(29m)",
    "attributes": "",
    "status": "adopted",
    "accuracyM": 15,
    "needsReview": "採用の根拠: OSMの登山口名と、地理院地図の徒歩道が道路から始まる位置の一致（公式情報では未確認）",
    "sources": "OpenStreetMap（© OpenStreetMap contributors, ODbL 1.0）Geofabrik japan-latest.osm.pbf 2026-09-30T20:22:42Z node/2150414225 ｜ 国土地理院ベクトルタイル提供実験 地理院地図の徒歩道の起点（43.354582, 142.595889、JGD2011、0m差）2026-10-01確認",
    "verifiedAt": ""
   }
  },
  {
   "type": "Feature",
   "geometry": {
    "type": "Point",
    "coordinates": [
     143.054304,
     43.579664
    ]
   },
   "properties": {
    "id": "TH-n2162687755",
    "kind": "trailhead",
    "name": "（名称未確認）",
    "datum": "WGS84",
    "mountainIds": "26 27 29",
    "mountainNames": "ユニ石狩岳、音更山、石狩岳",
    "otherMountainNames": "",
    "lists": "北海道百名山|日本二百名山|日本三百名山",
    "routes": "",
    "entryType": "道路の終点付近",
    "trailKmToSummit": "ユニ石狩岳:3.58km 音更山:6.07km 石狩岳:8.39km",
    "related": "",
    "attributes": "restriction=十勝側のシュナイダー登山口へはシンノスケ迂回林道（三国峠側）・シンノスケ迂回1の沢林道・音更川林道・音更川本流林道の4路線を通る（2024年3月8日時点いずれも通行可）",
    "status": "candidate",
    "accuracyM": 30,
    "needsReview": "名称未確認、林道からの入口（マイカー進入可否を要確認）、公式情報または2情報源での確認が必要、沼ノ原・石狩岳・五色岳へは層雲峡本流林道を利用（通行可。9月19日〜30日はマイカー規制）（北海道森林管理局 上川中部）、上川側から音更山・ユニ石狩岳へ通じる由仁石狩林道は通行止め（復旧見込みなし）（北海道森林管理局 上川中部）、十勝側のシュナイダーコース（石狩岳・音更山・ユニ石狩岳）は4林道とも通行可（北海道森林管理局 東大雪支署）、この地点がどのコースの登山口かは未確認",
    "sources": "OpenStreetMap（© OpenStreetMap contributors, ODbL 1.0）Geofabrik japan-latest.osm.pbf 2026-09-30T20:22:42Z node/2162687755（登山道と道路の接続点） ｜ 公式情報: https://www.rinya.maff.go.jp/hokkaido/kamikawatyubu/tozanguti.html ｜ 公式情報: https://www.rinya.maff.go.jp/hokkaido/apply/nyurin/kisei/ukairindou.html ｜ 公式情報: https://www.kamishihoro.jp/place/00000168",
    "verifiedAt": "2026-09-20"
   }
  },
  {
   "type": "Feature",
   "geometry": {
    "type": "Point",
    "coordinates": [
     142.8161154,
     43.7185462
    ]
   },
   "properties": {
    "id": "TH-n2162725333",
    "kind": "trailhead",
    "name": "（名称未確認）",
    "datum": "WGS84",
    "mountainIds": "15",
    "mountainNames": "愛別岳",
    "otherMountainNames": "",
    "lists": "北海道百名山",
    "routes": "",
    "entryType": "道路の終点付近",
    "trailKmToSummit": "愛別岳:6.96km",
    "related": "PK-w1097029608(130m)",
    "attributes": "",
    "status": "provisional",
    "accuracyM": 30,
    "needsReview": "名称未確認、林道からの入口（マイカー進入可否を要確認）、公式情報または2情報源での確認が必要",
    "sources": "OpenStreetMap（© OpenStreetMap contributors, ODbL 1.0）Geofabrik japan-latest.osm.pbf 2026-09-30T20:22:42Z node/2162725333（登山道と道路の接続点）",
    "verifiedAt": ""
   }
  },
  {
   "type": "Feature",
   "geometry": {
    "type": "Point",
    "coordinates": [
     142.9470781,
     43.7224066
    ]
   },
   "properties": {
    "id": "TH-n2162726227",
    "kind": "trailhead",
    "name": "（名称未確認）層雲峡駅付近",
    "datum": "WGS84",
    "mountainIds": "15 17 18 19 20 21 22",
    "mountainNames": "愛別岳、黒岳、北鎮岳、赤岳、小泉岳、大雪山、白雲岳",
    "otherMountainNames": "",
    "lists": "北海道百名山|日本百名山|日本二百名山|日本三百名山",
    "routes": "OSM登山道「黒岳登山道」",
    "entryType": "索道駅",
    "trailKmToSummit": "愛別岳:12.33km 黒岳:4.58km 北鎮岳:8.85km 赤岳:12.35km 小泉岳:11.41km 大雪山:12.6km 白雲岳:11.96km",
    "related": "PK-w515118539(105m) PK-w430672076(153m) PK-w430672073(191m) BS-kP11-22-01-bs3542(480m)",
    "attributes": "",
    "status": "provisional",
    "accuracyM": 30,
    "needsReview": "名称未確認、林道からの入口（マイカー進入可否を要確認）、公式情報または2情報源での確認が必要",
    "sources": "OpenStreetMap（© OpenStreetMap contributors, ODbL 1.0）Geofabrik japan-latest.osm.pbf 2026-09-30T20:22:42Z node/2162726227（登山道と道路の接続点）",
    "verifiedAt": ""
   }
  },
  {
   "type": "Feature",
   "geometry": {
    "type": "Point",
    "coordinates": [
     142.949898,
     43.795715
    ]
   },
   "properties": {
    "id": "TH-n2162749690",
    "kind": "trailhead",
    "name": "ニセイカウシュッペ山登山口（古川林道終点）",
    "datum": "WGS84",
    "mountainIds": "10",
    "mountainNames": "ニセイカウシュッペ山",
    "otherMountainNames": "",
    "lists": "日本三百名山|北海道百名山",
    "routes": "",
    "entryType": "道路の終点付近",
    "trailKmToSummit": "ニセイカウシュッペ山:5.22km",
    "related": "PK-w688411736(14m)",
    "attributes": "forestRoad=古川砂金越林道 通行可; restriction=古川砂金越林道にゲートあり。2026年6月17日に冬期通行止めが解除された（大雪山国立公園連絡協議会）",
    "status": "adopted",
    "accuracyM": 15,
    "needsReview": "林道からの入口（マイカー進入可否を要確認）、ゲートから奥の林道・作業道は水の流れた溝による段差や路肩の崩れがあり、速度を落として通行すること（層雲峡ビジターセンター）、登山口へは古川砂金越林道を利用（北海道森林管理局。通行可）。砂利道で、雨などで状況が変わるため入山前に確認すること",
    "sources": "OpenStreetMap（© OpenStreetMap contributors, ODbL 1.0）Geofabrik japan-latest.osm.pbf 2026-09-30T20:22:42Z node/2162749690（登山道と道路の接続点） ｜ 公式情報: https://www.rinya.maff.go.jp/hokkaido/kamikawatyubu/tozanguti.html ｜ 公式情報: https://www.daisetsuzan.or.jp/%E3%80%90%E3%83%8B%E3%82%BB%E3%82%A4%E3%82%AB%E3%82%A6%E3%82%B7%E3%83%A5%E3%83%83%E3%83%9A%E5%B1%B1%E3%80%91mt-niseikausyuppe-%E7%99%BB%E5%B1%B1%E5%8F%A3%E3%81%BE%E3%81%A7%E3%81%AE%E6%9E%97%E9%81%93/ ｜ 公式情報: https://sounkyovc.net/blog/89910",
    "verifiedAt": "2026-09-20"
   }
  },
  {
   "type": "Feature",
   "geometry": {
    "type": "Point",
    "coordinates": [
     143.172137,
     43.691974
    ]
   },
   "properties": {
    "id": "TH-n2193454757",
    "kind": "trailhead",
    "name": "（名称未確認）",
    "datum": "WGS84",
    "mountainIds": "16",
    "mountainNames": "武華山",
    "otherMountainNames": "",
    "lists": "北海道百名山",
    "routes": "",
    "entryType": "道路の終点付近",
    "trailKmToSummit": "武華山:2.87km",
    "related": "",
    "attributes": "",
    "status": "candidate",
    "accuracyM": 30,
    "needsReview": "名称未確認、林道からの入口（マイカー進入可否を要確認）、公式情報または2情報源での確認が必要",
    "sources": "OpenStreetMap（© OpenStreetMap contributors, ODbL 1.0）Geofabrik japan-latest.osm.pbf 2026-09-30T20:22:42Z node/2193454757（登山道と道路の接続点）",
    "verifiedAt": ""
   }
  },
  {
   "type": "Feature",
   "geometry": {
    "type": "Point",
    "coordinates": [
     144.0625553,
     43.4032393
    ]
   },
   "properties": {
    "id": "TH-n2193993826",
    "kind": "trailhead",
    "name": "（名称未確認）",
    "datum": "WGS84",
    "mountainIds": "42",
    "mountainNames": "阿寒岳",
    "otherMountainNames": "",
    "lists": "日本百名山|日本二百名山|日本三百名山|北海道百名山",
    "routes": "",
    "entryType": "林道との接続",
    "trailKmToSummit": "阿寒岳:5.55km",
    "related": "",
    "attributes": "",
    "status": "candidate",
    "accuracyM": 30,
    "needsReview": "名称未確認、林道からの入口（マイカー進入可否を要確認）、公式情報または2情報源での確認が必要",
    "sources": "OpenStreetMap（© OpenStreetMap contributors, ODbL 1.0）Geofabrik japan-latest.osm.pbf 2026-09-30T20:22:42Z node/2193993826（登山道と道路の接続点）",
    "verifiedAt": ""
   }
  },
  {
   "type": "Feature",
   "geometry": {
    "type": "Point",
    "coordinates": [
     144.0621576,
     43.4093115
    ]
   },
   "properties": {
    "id": "TH-n2193994454",
    "kind": "trailhead",
    "name": "（名称未確認）",
    "datum": "WGS84",
    "mountainIds": "42",
    "mountainNames": "阿寒岳",
    "otherMountainNames": "",
    "lists": "日本百名山|日本二百名山|日本三百名山|北海道百名山",
    "routes": "",
    "entryType": "道路の終点付近",
    "trailKmToSummit": "阿寒岳:6.23km",
    "related": "",
    "attributes": "",
    "status": "candidate",
    "accuracyM": 30,
    "needsReview": "名称未確認、林道からの入口（マイカー進入可否を要確認）、公式情報または2情報源での確認が必要",
    "sources": "OpenStreetMap（© OpenStreetMap contributors, ODbL 1.0）Geofabrik japan-latest.osm.pbf 2026-09-30T20:22:42Z node/2193994454（登山道と道路の接続点）",
    "verifiedAt": ""
   }
  },
  {
   "type": "Feature",
   "geometry": {
    "type": "Point",
    "coordinates": [
     144.13694,
     43.43181
    ]
   },
   "properties": {
    "id": "TH-n2194006310",
    "kind": "trailhead",
    "name": "雄阿寒岳登山口",
    "datum": "WGS84",
    "mountainIds": "36",
    "mountainNames": "雄阿寒岳",
    "otherMountainNames": "",
    "lists": "北海道百名山",
    "routes": "OSM登山道「滝口自然探勝路」、OSM登山道「雄阿寒岳登山道」",
    "entryType": "登山口（OSMの登山口地物）",
    "trailKmToSummit": "雄阿寒岳:5.16km",
    "related": "PK-n14048829055(57m) PK-n8833661417(60m) PK-w446217787(476m) BS-kP11-22-01-bs4388(110m) BS-kP11-22-01-bs4388(110m) BS-kP11-22-01-bs4388(110m)",
    "attributes": "",
    "status": "provisional",
    "accuracyM": 15,
    "needsReview": "公式情報または2情報源での確認が必要",
    "sources": "OpenStreetMap（© OpenStreetMap contributors, ODbL 1.0）Geofabrik japan-latest.osm.pbf 2026-09-30T20:22:42Z node/2194006310",
    "verifiedAt": ""
   }
  },
  {
   "type": "Feature",
   "geometry": {
    "type": "Point",
    "coordinates": [
     141.4569424,
     43.6225957
    ]
   },
   "properties": {
    "id": "TH-n2258284128",
    "kind": "trailhead",
    "name": "黄金山登山口",
    "datum": "WGS84",
    "mountainIds": "23",
    "mountainNames": "黄金山",
    "otherMountainNames": "",
    "lists": "北海道百名山",
    "routes": "",
    "entryType": "登山口（OSMの登山口地物）",
    "trailKmToSummit": "黄金山:1.69km",
    "related": "PK-g436226_14145694(0m)",
    "attributes": "",
    "status": "adopted",
    "accuracyM": 15,
    "needsReview": "採用の根拠: OSMの登山口名と、地理院地図の徒歩道が道路から始まる位置の一致（公式情報では未確認）",
    "sources": "OpenStreetMap（© OpenStreetMap contributors, ODbL 1.0）Geofabrik japan-latest.osm.pbf 2026-09-30T20:22:42Z node/2258284128 ｜ 国土地理院ベクトルタイル提供実験 地理院地図の徒歩道の起点（43.622589, 141.456925、JGD2011、2m差）2026-10-01確認 ｜ 登山記録で広く使われている登山口（登山記録・登山情報サイトで名称と利用を確認。公式情報では未確認） 2026-09-29確認",
    "verifiedAt": ""
   }
  },
  {
   "type": "Feature",
   "geometry": {
    "type": "Point",
    "coordinates": [
     144.788908,
     43.747113
    ]
   },
   "properties": {
    "id": "TH-n2260578864",
    "kind": "trailhead",
    "name": "（名称未確認）",
    "datum": "WGS84",
    "mountainIds": "11",
    "mountainNames": "斜里岳",
    "otherMountainNames": "",
    "lists": "日本百名山|日本二百名山|日本三百名山|北海道百名山",
    "routes": "",
    "entryType": "道路の終点付近",
    "trailKmToSummit": "斜里岳:6.64km",
    "related": "",
    "attributes": "",
    "status": "candidate",
    "accuracyM": 30,
    "needsReview": "名称未確認、林道からの入口（マイカー進入可否を要確認）、公式情報または2情報源での確認が必要",
    "sources": "OpenStreetMap（© OpenStreetMap contributors, ODbL 1.0）Geofabrik japan-latest.osm.pbf 2026-09-30T20:22:42Z node/2260578864（登山道と道路の接続点）",
    "verifiedAt": ""
   }
  },
  {
   "type": "Feature",
   "geometry": {
    "type": "Point",
    "coordinates": [
     142.982362,
     42.525401
    ]
   },
   "properties": {
    "id": "TH-n2269604715",
    "kind": "trailhead",
    "name": "（名称未確認）",
    "datum": "WGS84",
    "mountainIds": "88",
    "mountainNames": "ペテガリ岳",
    "otherMountainNames": "",
    "lists": "日本二百名山|日本三百名山|北海道百名山",
    "routes": "",
    "entryType": "道路の終点付近",
    "trailKmToSummit": "ペテガリ岳:12.49km",
    "related": "",
    "attributes": "",
    "status": "candidate",
    "accuracyM": 30,
    "needsReview": "名称未確認、林道からの入口（マイカー進入可否を要確認）、公式情報または2情報源での確認が必要",
    "sources": "OpenStreetMap（© OpenStreetMap contributors, ODbL 1.0）Geofabrik japan-latest.osm.pbf 2026-09-30T20:22:42Z node/2269604715（登山道と道路の接続点）",
    "verifiedAt": ""
   }
  },
  {
   "type": "Feature",
   "geometry": {
    "type": "Point",
    "coordinates": [
     141.3359148,
     43.064588
    ]
   },
   "properties": {
    "id": "TH-n2320246543",
    "kind": "trailhead",
    "name": "ホテルルートイン",
    "datum": "WGS84",
    "mountainIds": "52",
    "mountainNames": "藻岩山",
    "otherMountainNames": "",
    "lists": "北海道百名山",
    "routes": "OSM登山道「北4条通 歩行者専用道」",
    "entryType": "施設（山小屋・宿・キャンプ場）からの入口",
    "trailKmToSummit": "藻岩山:6.99km",
    "related": "PK-w766265808(30m) PK-w766272280(105m) PK-w346583979(108m) BS-kP11-22-01-bs7478(51m) BS-kP11-22-01-bs7478(51m) BS-kP11-22-01-bs7478(51m)",
    "attributes": "",
    "status": "provisional",
    "accuracyM": 15,
    "needsReview": "近くの道路にゲートあり（車両通行止め・季節閉鎖の可能性）、公式情報または2情報源での確認が必要",
    "sources": "OpenStreetMap（© OpenStreetMap contributors, ODbL 1.0）Geofabrik japan-latest.osm.pbf 2026-09-30T20:22:42Z node/2320246543",
    "verifiedAt": ""
   }
  },
  {
   "type": "Feature",
   "geometry": {
    "type": "Point",
    "coordinates": [
     141.378718,
     42.676623
    ]
   },
   "properties": {
    "id": "TH-n2332938008",
    "kind": "trailhead",
    "name": "（名称未確認）",
    "datum": "WGS84",
    "mountainIds": "74 77",
    "mountainNames": "風不死岳、樽前山",
    "otherMountainNames": "",
    "lists": "北海道百名山|日本二百名山|日本三百名山",
    "routes": "",
    "entryType": "道路の終点付近",
    "trailKmToSummit": "風不死岳:5.4km 樽前山:1.56km",
    "related": "",
    "attributes": "",
    "status": "candidate",
    "accuracyM": 30,
    "needsReview": "名称未確認、林道からの入口（マイカー進入可否を要確認）、公式情報または2情報源での確認が必要",
    "sources": "OpenStreetMap（© OpenStreetMap contributors, ODbL 1.0）Geofabrik japan-latest.osm.pbf 2026-09-30T20:22:42Z node/2332938008（登山道と道路の接続点）",
    "verifiedAt": ""
   }
  },
  {
   "type": "Feature",
   "geometry": {
    "type": "Point",
    "coordinates": [
     143.129357,
     43.4715635
    ]
   },
   "properties": {
    "id": "TH-n2336619883",
    "kind": "trailhead",
    "name": "幌加温泉コース登山口（ニペソツ山・ゲート地点）",
    "datum": "WGS84",
    "mountainIds": "35",
    "mountainNames": "ニペソツ山",
    "otherMountainNames": "",
    "lists": "日本二百名山|日本三百名山|北海道百名山",
    "routes": "",
    "entryType": "一般道との接続",
    "trailKmToSummit": "ニペソツ山:11.34km",
    "related": "",
    "attributes": "restriction=16の沢林道とその分岐までの音更川本流林道は大規模災害で当面復旧の見通しなし。幌加温泉コース（98林班作業道）はゲート未開放で、駐車はゲート地点",
    "status": "adopted",
    "accuracyM": 15,
    "needsReview": "ニペソツ山の十六の沢コースは林道が使えない。幌加温泉コースはゲート地点から歩く（北海道森林管理局 東大雪支署）、幌加温泉コースは長く、日帰りには適さない（上士幌町観光協会）",
    "sources": "OpenStreetMap（© OpenStreetMap contributors, ODbL 1.0）Geofabrik japan-latest.osm.pbf 2026-09-30T20:22:42Z node/2336619883（登山道と道路の接続点） ｜ 公式情報: https://www.rinya.maff.go.jp/hokkaido/apply/nyurin/kisei/ukairindou.html ｜ 公式情報: https://www.kamishihoro.jp/place/00000166 ｜ 地理院地図の注記「幌加温泉」（43.468354, 143.123888）から567m、「幌加」（43.470730, 143.125323）から339m 2026-09-23確認",
    "verifiedAt": "2026-09-20"
   }
  },
  {
   "type": "Feature",
   "geometry": {
    "type": "Point",
    "coordinates": [
     143.0887578,
     43.4837545
    ]
   },
   "properties": {
    "id": "TH-n2336621032",
    "kind": "trailhead",
    "name": "（名称未確認）",
    "datum": "WGS84",
    "mountainIds": "35",
    "mountainNames": "ニペソツ山",
    "otherMountainNames": "",
    "lists": "日本二百名山|日本三百名山|北海道百名山",
    "routes": "",
    "entryType": "道路の終点付近",
    "trailKmToSummit": "ニペソツ山:6.66km",
    "related": "",
    "attributes": "forestRoad=十六ノ沢林道・音更川本流林道は大規模災害により復旧見通しなし",
    "status": "candidate",
    "accuracyM": 30,
    "needsReview": "名称未確認、林道からの入口（マイカー進入可否を要確認）、公式情報または2情報源での確認が必要、十六ノ沢登山口へ通じる林道は2016年の大雨で崩壊し、復旧の見通しが立っていない（環境省・北海道森林管理局）、代替として幌加温泉コースが利用されている。幌加温泉コースの98林班作業道はゲートを開放しておらず、ゲート位置の土場に駐車する（北海道森林管理局）、この地点がどのコースの登山口かは未確認",
    "sources": "OpenStreetMap（© OpenStreetMap contributors, ODbL 1.0）Geofabrik japan-latest.osm.pbf 2026-09-30T20:22:42Z node/2336621032（登山道と道路の接続点） ｜ 公式情報: https://www.rinya.maff.go.jp/hokkaido/apply/nyurin/kisei/ukairindou.html ｜ 公式情報: https://hokkaido.env.go.jp/blog/2018/11/post-343.html",
    "verifiedAt": "2026-09-20"
   }
  },
  {
   "type": "Feature",
   "geometry": {
    "type": "Point",
    "coordinates": [
     143.0528203,
     43.5188125
    ]
   },
   "properties": {
    "id": "TH-n2336624917",
    "kind": "trailhead",
    "name": "（名称未確認）",
    "datum": "WGS84",
    "mountainIds": "35",
    "mountainNames": "ニペソツ山",
    "otherMountainNames": "",
    "lists": "日本二百名山|日本三百名山|北海道百名山",
    "routes": "",
    "entryType": "道路の終点付近",
    "trailKmToSummit": "ニペソツ山:9.23km",
    "related": "",
    "attributes": "",
    "status": "candidate",
    "accuracyM": 30,
    "needsReview": "名称未確認、林道からの入口（マイカー進入可否を要確認）、公式情報または2情報源での確認が必要",
    "sources": "OpenStreetMap（© OpenStreetMap contributors, ODbL 1.0）Geofabrik japan-latest.osm.pbf 2026-09-30T20:22:42Z node/2336624917（登山道と道路の接続点）",
    "verifiedAt": ""
   }
  },
  {
   "type": "Feature",
   "geometry": {
    "type": "Point",
    "coordinates": [
     143.200758,
     43.526536
    ]
   },
   "properties": {
    "id": "TH-n2336625566",
    "kind": "trailhead",
    "name": "（名称未確認）",
    "datum": "WGS84",
    "mountainIds": "31",
    "mountainNames": "西クマネシリ岳",
    "otherMountainNames": "",
    "lists": "北海道百名山",
    "routes": "",
    "entryType": "道路の終点付近",
    "trailKmToSummit": "西クマネシリ岳:3.98km",
    "related": "",
    "attributes": "",
    "status": "candidate",
    "accuracyM": 30,
    "needsReview": "名称未確認、林道からの入口（マイカー進入可否を要確認）、公式情報または2情報源での確認が必要",
    "sources": "OpenStreetMap（© OpenStreetMap contributors, ODbL 1.0）Geofabrik japan-latest.osm.pbf 2026-09-30T20:22:42Z node/2336625566（登山道と道路の接続点）",
    "verifiedAt": ""
   }
  },
  {
   "type": "Feature",
   "geometry": {
    "type": "Point",
    "coordinates": [
     143.0635196,
     43.5289815
    ]
   },
   "properties": {
    "id": "TH-n2336625839",
    "kind": "trailhead",
    "name": "音更川二十一ノ沢出合登山口（石狩岳 シュナイダーコース登山口）",
    "datum": "WGS84",
    "mountainIds": "26 27 29",
    "mountainNames": "ユニ石狩岳、音更山、石狩岳",
    "otherMountainNames": "",
    "lists": "北海道百名山|日本二百名山|日本三百名山",
    "routes": "",
    "entryType": "道路の終点付近",
    "trailKmToSummit": "ユニ石狩岳:9.16km 音更山:5.17km 石狩岳:4.73km",
    "related": "PK-g4352898_14306352(0m)",
    "attributes": "",
    "status": "provisional",
    "accuracyM": 30,
    "needsReview": "林道からの入口（マイカー進入可否を要確認）、公式情報または2情報源での確認が必要",
    "sources": "OpenStreetMap（© OpenStreetMap contributors, ODbL 1.0）Geofabrik japan-latest.osm.pbf 2026-09-30T20:22:42Z node/2336625839（登山道と道路の接続点） ｜ 登山記録で広く使われている登山口（登山記録・登山情報サイトで名称と利用を確認。公式情報では未確認） 2026-09-29確認",
    "verifiedAt": ""
   }
  },
  {
   "type": "Feature",
   "geometry": {
    "type": "Point",
    "coordinates": [
     143.0864654,
     43.5293199
    ]
   },
   "properties": {
    "id": "TH-n2336625936",
    "kind": "trailhead",
    "name": "ユニ石狩岳登山口（十勝三股側）",
    "datum": "WGS84",
    "mountainIds": "26 27 29",
    "mountainNames": "ユニ石狩岳、音更山、石狩岳",
    "otherMountainNames": "",
    "lists": "北海道百名山|日本二百名山|日本三百名山",
    "routes": "",
    "entryType": "道路の終点付近",
    "trailKmToSummit": "ユニ石狩岳:5.75km 音更山:8.31km 石狩岳:10.63km",
    "related": "PK-g4352932_14308647(0m)",
    "attributes": "",
    "status": "provisional",
    "accuracyM": 30,
    "needsReview": "林道からの入口（マイカー進入可否を要確認）、公式情報または2情報源での確認が必要、シンノスケ迂回林道・シンノスケ迂回1の沢林道は通行可（北海道森林管理局、令和6年3月8日）、上川町側のユニ石狩岳登山口へは降りられない（上士幌町観光協会、2019年）",
    "sources": "OpenStreetMap（© OpenStreetMap contributors, ODbL 1.0）Geofabrik japan-latest.osm.pbf 2026-09-30T20:22:42Z node/2336625936（登山道と道路の接続点） ｜ 登山記録で広く使われている登山口（登山記録・登山情報サイトで名称と利用を確認。公式情報では未確認） 2026-09-25確認",
    "verifiedAt": ""
   }
  },
  {
   "type": "Feature",
   "geometry": {
    "type": "Point",
    "coordinates": [
     142.606483,
     44.419005
    ]
   },
   "properties": {
    "id": "TH-n2341774523",
    "kind": "trailhead",
    "name": "（名称未確認）",
    "datum": "WGS84",
    "mountainIds": "3",
    "mountainNames": "ピヤシリ山",
    "otherMountainNames": "",
    "lists": "北海道百名山",
    "routes": "",
    "entryType": "道路の終点付近",
    "trailKmToSummit": "ピヤシリ山:3.68km",
    "related": "",
    "attributes": "",
    "status": "candidate",
    "accuracyM": 30,
    "needsReview": "名称未確認、林道からの入口（マイカー進入可否を要確認）、公式情報または2情報源での確認が必要",
    "sources": "OpenStreetMap（© OpenStreetMap contributors, ODbL 1.0）Geofabrik japan-latest.osm.pbf 2026-09-30T20:22:42Z node/2341774523（登山道と道路の接続点）",
    "verifiedAt": ""
   }
  },
  {
   "type": "Feature",
   "geometry": {
    "type": "Point",
    "coordinates": [
     143.102269,
     43.264881
    ]
   },
   "properties": {
    "id": "TH-n2343160022",
    "kind": "trailhead",
    "name": "白雲山登山口（白雲橋・然別湖畔）",
    "datum": "WGS84",
    "mountainIds": "46",
    "mountainNames": "白雲山",
    "otherMountainNames": "",
    "lists": "北海道百名山",
    "routes": "",
    "entryType": "一般道との接続",
    "trailKmToSummit": "白雲山:1.89km",
    "related": "BS-kP11-22-01-bs5004(134m) BS-kP11-22-01-bs4987(996m)",
    "attributes": "",
    "status": "provisional",
    "accuracyM": 30,
    "needsReview": "公式情報または2情報源での確認が必要",
    "sources": "OpenStreetMap（© OpenStreetMap contributors, ODbL 1.0）Geofabrik japan-latest.osm.pbf 2026-09-30T20:22:42Z node/2343160022（登山道と道路の接続点） ｜ 登山記録で広く使われている登山口（登山記録・登山情報サイトで名称と利用を確認。公式情報では未確認） 2026-09-25確認",
    "verifiedAt": ""
   }
  },
  {
   "type": "Feature",
   "geometry": {
    "type": "Point",
    "coordinates": [
     141.210766,
     43.056574
    ]
   },
   "properties": {
    "id": "TH-n2350155605",
    "kind": "trailhead",
    "name": "（名称未確認）",
    "datum": "WGS84",
    "mountainIds": "49",
    "mountainNames": "手稲山",
    "otherMountainNames": "",
    "lists": "北海道百名山",
    "routes": "",
    "entryType": "道路の終点付近",
    "trailKmToSummit": "手稲山:4.09km",
    "related": "",
    "attributes": "",
    "status": "candidate",
    "accuracyM": 30,
    "needsReview": "名称未確認、近くの道路にゲートあり（車両通行止め・季節閉鎖の可能性）、林道からの入口（マイカー進入可否を要確認）、公式情報または2情報源での確認が必要",
    "sources": "OpenStreetMap（© OpenStreetMap contributors, ODbL 1.0）Geofabrik japan-latest.osm.pbf 2026-09-30T20:22:42Z node/2350155605（登山道と道路の接続点）",
    "verifiedAt": ""
   }
  },
  {
   "type": "Feature",
   "geometry": {
    "type": "Point",
    "coordinates": [
     141.26552,
     42.900115
    ]
   },
   "properties": {
    "id": "TH-n2350213895",
    "kind": "trailhead",
    "name": "（名称未確認）",
    "datum": "WGS84",
    "mountainIds": "57 61",
    "mountainNames": "札幌岳、空沼岳",
    "otherMountainNames": "",
    "lists": "北海道百名山",
    "routes": "OSM登山道「万計沼林道」",
    "entryType": "道路の終点付近",
    "trailKmToSummit": "札幌岳:12.32km 空沼岳:6.9km",
    "related": "",
    "attributes": "",
    "status": "candidate",
    "accuracyM": 30,
    "needsReview": "名称未確認、林道からの入口（マイカー進入可否を要確認）、公式情報または2情報源での確認が必要",
    "sources": "OpenStreetMap（© OpenStreetMap contributors, ODbL 1.0）Geofabrik japan-latest.osm.pbf 2026-09-30T20:22:42Z node/2350213895（登山道と道路の接続点）",
    "verifiedAt": ""
   }
  },
  {
   "type": "Feature",
   "geometry": {
    "type": "Point",
    "coordinates": [
     141.21314,
     42.908668
    ]
   },
   "properties": {
    "id": "TH-n2350220387",
    "kind": "trailhead",
    "name": "（名称未確認）",
    "datum": "WGS84",
    "mountainIds": "57 61",
    "mountainNames": "札幌岳、空沼岳",
    "otherMountainNames": "",
    "lists": "北海道百名山",
    "routes": "OSM登山道「盤の沢3号支線」",
    "entryType": "道路の終点付近",
    "trailKmToSummit": "札幌岳:1.92km 空沼岳:7.65km",
    "related": "",
    "attributes": "",
    "status": "candidate",
    "accuracyM": 30,
    "needsReview": "名称未確認、林道からの入口（マイカー進入可否を要確認）、公式情報または2情報源での確認が必要",
    "sources": "OpenStreetMap（© OpenStreetMap contributors, ODbL 1.0）Geofabrik japan-latest.osm.pbf 2026-09-30T20:22:42Z node/2350220387（登山道と道路の接続点）",
    "verifiedAt": ""
   }
  },
  {
   "type": "Feature",
   "geometry": {
    "type": "Point",
    "coordinates": [
     141.1793589,
     42.9225152
    ]
   },
   "properties": {
    "id": "TH-n2350227190",
    "kind": "trailhead",
    "name": "（名称未確認）",
    "datum": "WGS84",
    "mountainIds": "57 61",
    "mountainNames": "札幌岳、空沼岳",
    "otherMountainNames": "",
    "lists": "北海道百名山",
    "routes": "",
    "entryType": "林道との接続",
    "trailKmToSummit": "札幌岳:3.4km 空沼岳:10.0km",
    "related": "",
    "attributes": "OSM登山ルート: 札幌岳冷水ルート",
    "status": "candidate",
    "accuracyM": 30,
    "needsReview": "名称未確認、林道からの入口（マイカー進入可否を要確認）、公式情報または2情報源での確認が必要",
    "sources": "OpenStreetMap（© OpenStreetMap contributors, ODbL 1.0）Geofabrik japan-latest.osm.pbf 2026-09-30T20:22:42Z node/2350227190（登山道と道路の接続点）",
    "verifiedAt": ""
   }
  },
  {
   "type": "Feature",
   "geometry": {
    "type": "Point",
    "coordinates": [
     141.1603752,
     42.9315371
    ]
   },
   "properties": {
    "id": "TH-n2350229476",
    "kind": "trailhead",
    "name": "冷水登山口（札幌岳）",
    "datum": "WGS84",
    "mountainIds": "57 61",
    "mountainNames": "札幌岳、空沼岳",
    "otherMountainNames": "",
    "lists": "北海道百名山",
    "routes": "",
    "entryType": "一般道との接続",
    "trailKmToSummit": "札幌岳:5.42km 空沼岳:12.02km",
    "related": "PK-w436808966(22m) PK-w576195991(176m)",
    "attributes": "OSM登山ルート: 札幌岳冷水ルート",
    "status": "provisional",
    "accuracyM": 30,
    "needsReview": "近くの道路にゲートあり（車両通行止め・季節閉鎖の可能性）、公式情報または2情報源での確認が必要",
    "sources": "OpenStreetMap（© OpenStreetMap contributors, ODbL 1.0）Geofabrik japan-latest.osm.pbf 2026-09-30T20:22:42Z node/2350229476（登山道と道路の接続点） ｜ 登山記録で広く使われている登山口（登山記録・登山情報サイトで名称と利用を確認。公式情報では未確認） 2026-09-25確認",
    "verifiedAt": ""
   }
  },
  {
   "type": "Feature",
   "geometry": {
    "type": "Point",
    "coordinates": [
     141.078024,
     42.93941
    ]
   },
   "properties": {
    "id": "TH-n2350231292",
    "kind": "trailhead",
    "name": "無意根山 薄別コース（宝来小屋）",
    "datum": "WGS84",
    "mountainIds": "55",
    "mountainNames": "無意根山",
    "otherMountainNames": "",
    "lists": "北海道百名山",
    "routes": "",
    "entryType": "道路の終点付近",
    "trailKmToSummit": "無意根山:4.1km",
    "related": "",
    "attributes": "restriction=無意根山歩道「薄別コース」は令和8年5月29日から第1ゲートを開放。第2ゲートは引き続き車両の通行を制限（石狩森林管理署）",
    "status": "adopted",
    "accuracyM": 15,
    "needsReview": "近くの道路にゲートあり（車両通行止め・季節閉鎖の可能性）、第2ゲートから先は車両で入れない。悪天候時は予告なく第1ゲートを閉鎖することがある（北海道森林管理局）、林道は砂利道で幅が狭くカーブが多い。20km/h以下で走行し、昼間でもヘッドライトを点灯すること（北海道森林管理局）、この地点は地理院地図で車道が終わり徒歩道が始まる宝来小屋の付近。ゲートの位置は未確認",
    "sources": "OpenStreetMap（© OpenStreetMap contributors, ODbL 1.0）Geofabrik japan-latest.osm.pbf 2026-09-30T20:22:42Z node/2350231292（登山道と道路の接続点） ｜ 公式情報: https://www.rinya.maff.go.jp/hokkaido/apply/nyurin/kisei/muine_kisei_02.html ｜ 公式情報: https://www.rinya.maff.go.jp/hokkaido/apply/nyurin/nyurin_kisei.html ｜ 地理院地図の注記「宝来小屋」（地理院地図の車道の終点で徒歩道が始まる位置 42.939444, 141.077955 から18m）。地理院地図の徒歩道で山頂まで約4.4km 2026-09-26確認",
    "verifiedAt": "2026-09-26"
   }
  },
  {
   "type": "Feature",
   "geometry": {
    "type": "Point",
    "coordinates": [
     141.0425335,
     42.9795089
    ]
   },
   "properties": {
    "id": "TH-n2350240000",
    "kind": "trailhead",
    "name": "（名称未確認）",
    "datum": "WGS84",
    "mountainIds": "55",
    "mountainNames": "無意根山",
    "otherMountainNames": "",
    "lists": "北海道百名山",
    "routes": "",
    "entryType": "一般道との接続",
    "trailKmToSummit": "無意根山:6.58km",
    "related": "",
    "attributes": "",
    "status": "candidate",
    "accuracyM": 30,
    "needsReview": "名称未確認、近くの道路にゲートあり（車両通行止め・季節閉鎖の可能性）、公式情報または2情報源での確認が必要",
    "sources": "OpenStreetMap（© OpenStreetMap contributors, ODbL 1.0）Geofabrik japan-latest.osm.pbf 2026-09-30T20:22:42Z node/2350240000（登山道と道路の接続点）",
    "verifiedAt": ""
   }
  },
  {
   "type": "Feature",
   "geometry": {
    "type": "Point",
    "coordinates": [
     141.093029,
     42.995985
    ]
   },
   "properties": {
    "id": "TH-n2350244225",
    "kind": "trailhead",
    "name": "（名称未確認）",
    "datum": "WGS84",
    "mountainIds": "53",
    "mountainNames": "定山溪天狗岳",
    "otherMountainNames": "",
    "lists": "北海道百名山",
    "routes": "",
    "entryType": "道路の終点付近",
    "trailKmToSummit": "定山溪天狗岳:3.21km",
    "related": "",
    "attributes": "",
    "status": "candidate",
    "accuracyM": 30,
    "needsReview": "名称未確認、公式情報または2情報源での確認が必要",
    "sources": "OpenStreetMap（© OpenStreetMap contributors, ODbL 1.0）Geofabrik japan-latest.osm.pbf 2026-09-30T20:22:42Z node/2350244225（登山道と道路の接続点）",
    "verifiedAt": ""
   }
  },
  {
   "type": "Feature",
   "geometry": {
    "type": "Point",
    "coordinates": [
     141.074488,
     43.006225
    ]
   },
   "properties": {
    "id": "TH-n2350246576",
    "kind": "trailhead",
    "name": "（名称未確認）",
    "datum": "WGS84",
    "mountainIds": "51",
    "mountainNames": "余市岳",
    "otherMountainNames": "",
    "lists": "日本三百名山|北海道百名山",
    "routes": "",
    "entryType": "道路の終点付近",
    "trailKmToSummit": "余市岳:8.69km",
    "related": "",
    "attributes": "",
    "status": "candidate",
    "accuracyM": 30,
    "needsReview": "名称未確認、林道からの入口（マイカー進入可否を要確認）、公式情報または2情報源での確認が必要",
    "sources": "OpenStreetMap（© OpenStreetMap contributors, ODbL 1.0）Geofabrik japan-latest.osm.pbf 2026-09-30T20:22:42Z node/2350246576（登山道と道路の接続点）",
    "verifiedAt": ""
   }
  },
  {
   "type": "Feature",
   "geometry": {
    "type": "Point",
    "coordinates": [
     141.129085,
     43.018721
    ]
   },
   "properties": {
    "id": "TH-n2350248375",
    "kind": "trailhead",
    "name": "（名称未確認）",
    "datum": "WGS84",
    "mountainIds": "53",
    "mountainNames": "定山溪天狗岳",
    "otherMountainNames": "",
    "lists": "北海道百名山",
    "routes": "",
    "entryType": "道路の終点付近",
    "trailKmToSummit": "定山溪天狗岳:2.2km",
    "related": "",
    "attributes": "",
    "status": "candidate",
    "accuracyM": 30,
    "needsReview": "名称未確認、林道からの入口（マイカー進入可否を要確認）、公式情報または2情報源での確認が必要",
    "sources": "OpenStreetMap（© OpenStreetMap contributors, ODbL 1.0）Geofabrik japan-latest.osm.pbf 2026-09-30T20:22:42Z node/2350248375（登山道と道路の接続点）",
    "verifiedAt": ""
   }
  },
  {
   "type": "Feature",
   "geometry": {
    "type": "Point",
    "coordinates": [
     141.6925412,
     43.4642903
    ]
   },
   "properties": {
    "id": "TH-n2350500068",
    "kind": "trailhead",
    "name": "（名称未確認）",
    "datum": "WGS84",
    "mountainIds": "33",
    "mountainNames": "ピンネシリ",
    "otherMountainNames": "",
    "lists": "北海道百名山",
    "routes": "",
    "entryType": "一般道との接続",
    "trailKmToSummit": "ピンネシリ:7.36km",
    "related": "",
    "attributes": "",
    "status": "candidate",
    "accuracyM": 30,
    "needsReview": "名称未確認、公式情報または2情報源での確認が必要",
    "sources": "OpenStreetMap（© OpenStreetMap contributors, ODbL 1.0）Geofabrik japan-latest.osm.pbf 2026-09-30T20:22:42Z node/2350500068（登山道と道路の接続点）",
    "verifiedAt": ""
   }
  },
  {
   "type": "Feature",
   "geometry": {
    "type": "Point",
    "coordinates": [
     141.686714,
     43.466619
    ]
   },
   "properties": {
    "id": "TH-n2350500163",
    "kind": "trailhead",
    "name": "（名称未確認）",
    "datum": "WGS84",
    "mountainIds": "33",
    "mountainNames": "ピンネシリ",
    "otherMountainNames": "",
    "lists": "北海道百名山",
    "routes": "",
    "entryType": "一般道との接続",
    "trailKmToSummit": "ピンネシリ:4.02km",
    "related": "",
    "attributes": "",
    "status": "candidate",
    "accuracyM": 30,
    "needsReview": "名称未確認、公式情報または2情報源での確認が必要",
    "sources": "OpenStreetMap（© OpenStreetMap contributors, ODbL 1.0）Geofabrik japan-latest.osm.pbf 2026-09-30T20:22:42Z node/2350500163（登山道と道路の接続点）",
    "verifiedAt": ""
   }
  },
  {
   "type": "Feature",
   "geometry": {
    "type": "Point",
    "coordinates": [
     141.6376254,
     43.495713
    ]
   },
   "properties": {
    "id": "TH-n2350502194",
    "kind": "trailhead",
    "name": "（名称未確認）",
    "datum": "WGS84",
    "mountainIds": "32",
    "mountainNames": "神居尻山",
    "otherMountainNames": "",
    "lists": "北海道百名山",
    "routes": "",
    "entryType": "一般道との接続",
    "trailKmToSummit": "神居尻山:2.34km",
    "related": "",
    "attributes": "",
    "status": "candidate",
    "accuracyM": 30,
    "needsReview": "名称未確認、公式情報または2情報源での確認が必要",
    "sources": "OpenStreetMap（© OpenStreetMap contributors, ODbL 1.0）Geofabrik japan-latest.osm.pbf 2026-09-30T20:22:42Z node/2350502194（登山道と道路の接続点）",
    "verifiedAt": ""
   }
  },
  {
   "type": "Feature",
   "geometry": {
    "type": "Point",
    "coordinates": [
     141.6505589,
     43.514494
    ]
   },
   "properties": {
    "id": "TH-n2350503430",
    "kind": "trailhead",
    "name": "（名称未確認）",
    "datum": "WGS84",
    "mountainIds": "32",
    "mountainNames": "神居尻山",
    "otherMountainNames": "",
    "lists": "北海道百名山",
    "routes": "",
    "entryType": "一般道との接続",
    "trailKmToSummit": "神居尻山:3.41km",
    "related": "",
    "attributes": "",
    "status": "candidate",
    "accuracyM": 30,
    "needsReview": "名称未確認、公式情報または2情報源での確認が必要",
    "sources": "OpenStreetMap（© OpenStreetMap contributors, ODbL 1.0）Geofabrik japan-latest.osm.pbf 2026-09-30T20:22:42Z node/2350503430（登山道と道路の接続点）",
    "verifiedAt": ""
   }
  },
  {
   "type": "Feature",
   "geometry": {
    "type": "Point",
    "coordinates": [
     140.920382,
     42.789933
    ]
   },
   "properties": {
    "id": "TH-n2350556415",
    "kind": "trailhead",
    "name": "（名称未確認）",
    "datum": "WGS84",
    "mountainIds": "69",
    "mountainNames": "尻別岳",
    "otherMountainNames": "",
    "lists": "北海道百名山",
    "routes": "",
    "entryType": "道路の終点付近",
    "trailKmToSummit": "尻別岳:3.12km",
    "related": "",
    "attributes": "",
    "status": "candidate",
    "accuracyM": 30,
    "needsReview": "名称未確認、林道からの入口（マイカー進入可否を要確認）、公式情報または2情報源での確認が必要",
    "sources": "OpenStreetMap（© OpenStreetMap contributors, ODbL 1.0）Geofabrik japan-latest.osm.pbf 2026-09-30T20:22:42Z node/2350556415（登山道と道路の接続点）",
    "verifiedAt": ""
   }
  },
  {
   "type": "Feature",
   "geometry": {
    "type": "Point",
    "coordinates": [
     140.856417,
     42.8102455
    ]
   },
   "properties": {
    "id": "TH-n2350558039",
    "kind": "trailhead",
    "name": "喜茂別コース登山口",
    "datum": "WGS84",
    "mountainIds": "63",
    "mountainNames": "羊蹄山",
    "otherMountainNames": "",
    "lists": "日本百名山|日本二百名山|日本三百名山|北海道百名山",
    "routes": "",
    "entryType": "登山口（OSMの登山口地物）",
    "trailKmToSummit": "羊蹄山:5.44km",
    "related": "",
    "attributes": "",
    "status": "adopted",
    "accuracyM": 15,
    "needsReview": "",
    "sources": "OpenStreetMap（© OpenStreetMap contributors, ODbL 1.0）Geofabrik japan-latest.osm.pbf 2026-09-30T20:22:42Z node/2350558039 ｜ 公式情報: https://www.shiribeshi.pref.hokkaido.lg.jp/sr/srs/midokoro/youteizan.html",
    "verifiedAt": "2026-09-20"
   }
  },
  {
   "type": "Feature",
   "geometry": {
    "type": "Point",
    "coordinates": [
     140.8423093,
     42.818272
    ]
   },
   "properties": {
    "id": "TH-n2350558769",
    "kind": "trailhead",
    "name": "（名称未確認）",
    "datum": "WGS84",
    "mountainIds": "63",
    "mountainNames": "羊蹄山",
    "otherMountainNames": "",
    "lists": "日本百名山|日本二百名山|日本三百名山|北海道百名山",
    "routes": "OSM登山道「喜茂別コース · Kimobetsu trail」",
    "entryType": "林道との接続",
    "trailKmToSummit": "羊蹄山:3.43km",
    "related": "",
    "attributes": "OSM登山ルート: 喜茂別コース · Kimobetsu trail",
    "status": "candidate",
    "accuracyM": 30,
    "needsReview": "名称未確認、林道からの入口（マイカー進入可否を要確認）、公式情報または2情報源での確認が必要",
    "sources": "OpenStreetMap（© OpenStreetMap contributors, ODbL 1.0）Geofabrik japan-latest.osm.pbf 2026-09-30T20:22:42Z node/2350558769（登山道と道路の接続点）",
    "verifiedAt": ""
   }
  },
  {
   "type": "Feature",
   "geometry": {
    "type": "Point",
    "coordinates": [
     140.995684,
     43.048243
    ]
   },
   "properties": {
    "id": "TH-n2351005504",
    "kind": "trailhead",
    "name": "（名称未確認）",
    "datum": "WGS84",
    "mountainIds": "51",
    "mountainNames": "余市岳",
    "otherMountainNames": "",
    "lists": "日本三百名山|北海道百名山",
    "routes": "",
    "entryType": "道路の終点付近",
    "trailKmToSummit": "余市岳:6.2km",
    "related": "",
    "attributes": "",
    "status": "candidate",
    "accuracyM": 30,
    "needsReview": "名称未確認、林道からの入口（マイカー進入可否を要確認）、公式情報または2情報源での確認が必要",
    "sources": "OpenStreetMap（© OpenStreetMap contributors, ODbL 1.0）Geofabrik japan-latest.osm.pbf 2026-09-30T20:22:42Z node/2351005504（登山道と道路の接続点）",
    "verifiedAt": ""
   }
  },
  {
   "type": "Feature",
   "geometry": {
    "type": "Point",
    "coordinates": [
     143.152335,
     42.289096
    ]
   },
   "properties": {
    "id": "TH-n2358352520",
    "kind": "trailhead",
    "name": "（名称未確認）",
    "datum": "WGS84",
    "mountainIds": "92",
    "mountainNames": "楽古岳",
    "otherMountainNames": "",
    "lists": "北海道百名山",
    "routes": "",
    "entryType": "道路の終点付近",
    "trailKmToSummit": "楽古岳:4.18km",
    "related": "",
    "attributes": "",
    "status": "candidate",
    "accuracyM": 30,
    "needsReview": "名称未確認、林道からの入口（マイカー進入可否を要確認）、公式情報または2情報源での確認が必要",
    "sources": "OpenStreetMap（© OpenStreetMap contributors, ODbL 1.0）Geofabrik japan-latest.osm.pbf 2026-09-30T20:22:42Z node/2358352520（登山道と道路の接続点）",
    "verifiedAt": ""
   }
  },
  {
   "type": "Feature",
   "geometry": {
    "type": "Point",
    "coordinates": [
     140.662288,
     42.8692555
    ]
   },
   "properties": {
    "id": "TH-n242920660",
    "kind": "trailhead",
    "name": "ワンダーランドチェアB線",
    "datum": "WGS84",
    "mountainIds": "65",
    "mountainNames": "ニセコアンヌプリ",
    "otherMountainNames": "",
    "lists": "日本三百名山|北海道百名山",
    "routes": "",
    "entryType": "索道駅（ロープウェイ・ゴンドラ）",
    "trailKmToSummit": "ニセコアンヌプリ:0.7km",
    "related": "",
    "attributes": "",
    "status": "provisional",
    "accuracyM": 15,
    "needsReview": "公式情報または2情報源での確認が必要",
    "sources": "OpenStreetMap（© OpenStreetMap contributors, ODbL 1.0）Geofabrik japan-latest.osm.pbf 2026-09-30T20:22:42Z node/242920660",
    "verifiedAt": ""
   }
  },
  {
   "type": "Feature",
   "geometry": {
    "type": "Point",
    "coordinates": [
     140.6624561,
     42.8716679
    ]
   },
   "properties": {
    "id": "TH-n242920762",
    "kind": "trailhead",
    "name": "キング第4リフト",
    "datum": "WGS84",
    "mountainIds": "65",
    "mountainNames": "ニセコアンヌプリ",
    "otherMountainNames": "",
    "lists": "日本三百名山|北海道百名山",
    "routes": "",
    "entryType": "索道駅（ロープウェイ・ゴンドラ）",
    "trailKmToSummit": "ニセコアンヌプリ:0.54km",
    "related": "",
    "attributes": "",
    "status": "provisional",
    "accuracyM": 15,
    "needsReview": "公式情報または2情報源での確認が必要",
    "sources": "OpenStreetMap（© OpenStreetMap contributors, ODbL 1.0）Geofabrik japan-latest.osm.pbf 2026-09-30T20:22:42Z node/242920762",
    "verifiedAt": ""
   }
  },
  {
   "type": "Feature",
   "geometry": {
    "type": "Point",
    "coordinates": [
     141.3706253,
     43.0476059
    ]
   },
   "properties": {
    "id": "TH-n2506331999",
    "kind": "trailhead",
    "name": "札幌国際ユースホステル",
    "datum": "WGS84",
    "mountainIds": "52",
    "mountainNames": "藻岩山",
    "otherMountainNames": "",
    "lists": "北海道百名山",
    "routes": "OSM登山道「豊平ふれあい通り」",
    "entryType": "施設（山小屋・宿・キャンプ場）からの入口",
    "trailKmToSummit": "藻岩山:8.57km",
    "related": "PK-w974511936(22m) PK-w1442740016(143m) PK-w973092248(177m) BS-kP11-22-01-bs7916(139m) BS-kP11-22-01-bs7916(139m) BS-kP11-22-01-bs7860(364m)",
    "attributes": "",
    "status": "provisional",
    "accuracyM": 15,
    "needsReview": "近くの道路にゲートあり（車両通行止め・季節閉鎖の可能性）、公式情報または2情報源での確認が必要",
    "sources": "OpenStreetMap（© OpenStreetMap contributors, ODbL 1.0）Geofabrik japan-latest.osm.pbf 2026-09-30T20:22:42Z node/2506331999 ｜ 国土地理院 地名検索「学園前駅」（43.047681, 141.369145、JGD2011、121m差）2026-09-20確認",
    "verifiedAt": "2026-09-20"
   }
  },
  {
   "type": "Feature",
   "geometry": {
    "type": "Point",
    "coordinates": [
     140.7090858,
     41.7583359
    ]
   },
   "properties": {
    "id": "TH-n263002325",
    "kind": "trailhead",
    "name": "（名称未確認）ロープウェイ前バス停付近",
    "datum": "WGS84",
    "mountainIds": "99",
    "mountainNames": "函館山",
    "otherMountainNames": "",
    "lists": "北海道百名山",
    "routes": "OSM登山道「函館山旧登山道」、OSM登山道「汐見山コース」",
    "entryType": "一般道（県道以上）との接続",
    "trailKmToSummit": "函館山:0.65km",
    "related": "PK-w1465801955(272m) PK-w481426089(406m) PK-w24294891(422m) BS-n13917289602(461m) BS-kP11-22-01-bs14223(495m) BS-kP11-22-01-bs14234(657m)",
    "attributes": "",
    "status": "provisional",
    "accuracyM": 30,
    "needsReview": "名称未確認、登山道が道路を横断する地点（途中の入口の可能性）、近くの道路にゲートあり（車両通行止め・季節閉鎖の可能性）、公式情報または2情報源での確認が必要",
    "sources": "OpenStreetMap（© OpenStreetMap contributors, ODbL 1.0）Geofabrik japan-latest.osm.pbf 2026-09-30T20:22:42Z node/263002325（登山道と道路の接続点）",
    "verifiedAt": ""
   }
  },
  {
   "type": "Feature",
   "geometry": {
    "type": "Point",
    "coordinates": [
     140.680493,
     42.042937
    ]
   },
   "properties": {
    "id": "TH-n2630094848",
    "kind": "trailhead",
    "name": "北海道駒ヶ岳 6合目駐車場（赤井川登山道）",
    "datum": "WGS84",
    "mountainIds": "96",
    "mountainNames": "駒ヶ岳",
    "otherMountainNames": "",
    "lists": "日本二百名山|日本三百名山|北海道百名山",
    "routes": "OSM登山道「駒ヶ岳登山道」",
    "entryType": "道路の終点付近",
    "trailKmToSummit": "駒ヶ岳:2.6km",
    "related": "PK-w1210288973(20m)",
    "attributes": "restriction=山頂火口部から半径4kmが規制区域。赤井川登山道のみ馬ノ背まで登山可; season=令和8年（2026年）は6月1日〜10月31日; hours=9時〜15時（15時までに6合目駐車場へ下山）",
    "status": "adopted",
    "accuracyM": 15,
    "needsReview": "林道からの入口（マイカー進入可否を要確認）、登山できるのは赤井川登山道のみで、最終地点は馬ノ背（森町・北海道森林管理局）、北海道駒ヶ岳火山防災協議会などによる任意の規制で、期間・時間は年度ごとに変わるため最新情報を確認すること",
    "sources": "OpenStreetMap（© OpenStreetMap contributors, ODbL 1.0）Geofabrik japan-latest.osm.pbf 2026-09-30T20:22:42Z node/2630094848（登山道と道路の接続点） ｜ 公式情報: https://www.rinya.maff.go.jp/hokkaido/apply/nyurin/kisei/000000komagatake.html ｜ 公式情報: https://www.town.hokkaido-mori.lg.jp/soshiki/bosaikotsu/3/2/2962.html",
    "verifiedAt": "2026-09-20"
   }
  },
  {
   "type": "Feature",
   "geometry": {
    "type": "Point",
    "coordinates": [
     141.2191275,
     42.9678251
    ]
   },
   "properties": {
    "id": "TH-n2696394661",
    "kind": "trailhead",
    "name": "湯元;小金湯",
    "datum": "WGS84",
    "mountainIds": "54",
    "mountainNames": "神威岳",
    "otherMountainNames": "",
    "lists": "北海道百名山",
    "routes": "",
    "entryType": "駐車場・バス停（林道・車道を経由して登山道へ）",
    "trailKmToSummit": "神威岳:5.81km",
    "related": "PK-n2696394661(0m) PK-w698141589(4m) PK-w442689367(267m) BS-kP11-22-01-bs9695(188m) BS-kP11-22-01-bs9695(188m) BS-kP11-22-01-bs9654(573m)",
    "attributes": "",
    "status": "provisional",
    "accuracyM": 15,
    "needsReview": "林道からの入口（マイカー進入可否を要確認）、公式情報または2情報源での確認が必要",
    "sources": "OpenStreetMap（© OpenStreetMap contributors, ODbL 1.0）Geofabrik japan-latest.osm.pbf 2026-09-30T20:22:42Z node/2696394661 ｜ OpenStreetMap（© OpenStreetMap contributors, ODbL 1.0）Geofabrik japan-latest.osm.pbf 2026-09-30T20:22:42Z node/1433186566（登山道と道路の接続点）",
    "verifiedAt": ""
   }
  },
  {
   "type": "Feature",
   "geometry": {
    "type": "Point",
    "coordinates": [
     140.890183,
     42.7579252
    ]
   },
   "properties": {
    "id": "TH-n2867871130",
    "kind": "trailhead",
    "name": "ウエストタイガー ペアリフト",
    "datum": "WGS84",
    "mountainIds": "69",
    "mountainNames": "尻別岳",
    "otherMountainNames": "",
    "lists": "北海道百名山",
    "routes": "",
    "entryType": "索道駅（ロープウェイ・ゴンドラ）",
    "trailKmToSummit": "尻別岳:2.64km",
    "related": "",
    "attributes": "",
    "status": "provisional",
    "accuracyM": 15,
    "needsReview": "公式情報または2情報源での確認が必要",
    "sources": "OpenStreetMap（© OpenStreetMap contributors, ODbL 1.0）Geofabrik japan-latest.osm.pbf 2026-09-30T20:22:42Z node/2867871130",
    "verifiedAt": ""
   }
  },
  {
   "type": "Feature",
   "geometry": {
    "type": "Point",
    "coordinates": [
     140.7049138,
     41.7592352
    ]
   },
   "properties": {
    "id": "TH-n326603235",
    "kind": "trailhead",
    "name": "函館山ロープウェイ 山頂駅",
    "datum": "WGS84",
    "mountainIds": "99",
    "mountainNames": "函館山",
    "otherMountainNames": "",
    "lists": "北海道百名山",
    "routes": "",
    "entryType": "索道駅（ロープウェイ・ゴンドラ）",
    "trailKmToSummit": "函館山:0.1km",
    "related": "PK-w24294891(84m) PK-w24294890(119m) PK-w60762083(260m) BS-n13917289602(111m) BS-kP11-22-01-bs14223(773m) BS-kP11-22-01-bs14204(840m)",
    "attributes": "",
    "status": "provisional",
    "accuracyM": 15,
    "needsReview": "近くの道路にゲートあり（車両通行止め・季節閉鎖の可能性）、公式情報または2情報源での確認が必要",
    "sources": "OpenStreetMap（© OpenStreetMap contributors, ODbL 1.0）Geofabrik japan-latest.osm.pbf 2026-09-30T20:22:42Z node/326603235 ｜ 国土地理院 地名検索「函館山ロープウェイ」（41.759805, 140.705166、JGD2011、66m差）2026-09-20確認",
    "verifiedAt": "2026-09-20"
   }
  },
  {
   "type": "Feature",
   "geometry": {
    "type": "Point",
    "coordinates": [
     142.1410213,
     44.0689125
    ]
   },
   "properties": {
    "id": "TH-n3308993355",
    "kind": "trailhead",
    "name": "雨煙別",
    "datum": "WGS84",
    "mountainIds": "7",
    "mountainNames": "三頭山",
    "otherMountainNames": "",
    "lists": "北海道百名山",
    "routes": "OSM登山道「三頭山林道」",
    "entryType": "駐車場・バス停（林道・車道を経由して登山道へ）",
    "trailKmToSummit": "三頭山:7.85km",
    "related": "BS-n3308993355(0m) BS-n3308993356(60m)",
    "attributes": "",
    "status": "provisional",
    "accuracyM": 15,
    "needsReview": "林道からの入口（マイカー進入可否を要確認）、公式情報または2情報源での確認が必要",
    "sources": "OpenStreetMap（© OpenStreetMap contributors, ODbL 1.0）Geofabrik japan-latest.osm.pbf 2026-09-30T20:22:42Z node/3308993355 ｜ OpenStreetMap（© OpenStreetMap contributors, ODbL 1.0）Geofabrik japan-latest.osm.pbf 2026-09-30T20:22:42Z node/1704578298（登山道と道路の接続点）",
    "verifiedAt": ""
   }
  },
  {
   "type": "Feature",
   "geometry": {
    "type": "Point",
    "coordinates": [
     142.139478,
     44.1151984
    ]
   },
   "properties": {
    "id": "TH-n3309557762",
    "kind": "trailhead",
    "name": "ルオント前",
    "datum": "WGS84",
    "mountainIds": "7",
    "mountainNames": "三頭山",
    "otherMountainNames": "",
    "lists": "北海道百名山",
    "routes": "",
    "entryType": "駐車場・バス停（林道・車道を経由して登山道へ）",
    "trailKmToSummit": "三頭山:6.16km",
    "related": "PK-w324228300(45m) PK-w324228295(61m) PK-w324228297(80m) BS-n3309557762(0m)",
    "attributes": "",
    "status": "provisional",
    "accuracyM": 15,
    "needsReview": "林道からの入口（マイカー進入可否を要確認）、公式情報または2情報源での確認が必要",
    "sources": "OpenStreetMap（© OpenStreetMap contributors, ODbL 1.0）Geofabrik japan-latest.osm.pbf 2026-09-30T20:22:42Z node/3309557762 ｜ OpenStreetMap（© OpenStreetMap contributors, ODbL 1.0）Geofabrik japan-latest.osm.pbf 2026-09-30T20:22:42Z node/1704582184（登山道と道路の接続点）",
    "verifiedAt": ""
   }
  },
  {
   "type": "Feature",
   "geometry": {
    "type": "Point",
    "coordinates": [
     141.012976,
     42.416922
    ]
   },
   "properties": {
    "id": "TH-n3733261832",
    "kind": "trailhead",
    "name": "（名称未確認）",
    "datum": "WGS84",
    "mountainIds": "89",
    "mountainNames": "鷲別岳",
    "otherMountainNames": "",
    "lists": "北海道百名山",
    "routes": "",
    "entryType": "道路の終点付近",
    "trailKmToSummit": "鷲別岳:3.03km",
    "related": "",
    "attributes": "",
    "status": "candidate",
    "accuracyM": 30,
    "needsReview": "名称未確認、林道からの入口（マイカー進入可否を要確認）、公式情報または2情報源での確認が必要",
    "sources": "OpenStreetMap（© OpenStreetMap contributors, ODbL 1.0）Geofabrik japan-latest.osm.pbf 2026-09-30T20:22:42Z node/3733261832（登山道と道路の接続点）",
    "verifiedAt": ""
   }
  },
  {
   "type": "Feature",
   "geometry": {
    "type": "Point",
    "coordinates": [
     141.3544782,
     43.0561715
    ]
   },
   "properties": {
    "id": "TH-n3822085912",
    "kind": "trailhead",
    "name": "東横INN 札幌すすきの交差点",
    "datum": "WGS84",
    "mountainIds": "52",
    "mountainNames": "藻岩山",
    "otherMountainNames": "",
    "lists": "北海道百名山",
    "routes": "OSM登山道「ラーメン横丁」",
    "entryType": "施設（山小屋・宿・キャンプ場）からの入口",
    "trailKmToSummit": "藻岩山:7.45km",
    "related": "PK-w624413424(69m) PK-w624413415(101m) PK-w624413417(112m) BS-kP11-22-01-bs7753(52m) BS-kP11-22-01-bs7754(52m) BS-kP11-22-01-bs7718(83m)",
    "attributes": "",
    "status": "provisional",
    "accuracyM": 15,
    "needsReview": "近くの道路にゲートあり（車両通行止め・季節閉鎖の可能性）、公式情報または2情報源での確認が必要",
    "sources": "OpenStreetMap（© OpenStreetMap contributors, ODbL 1.0）Geofabrik japan-latest.osm.pbf 2026-09-30T20:22:42Z node/3822085912",
    "verifiedAt": ""
   }
  },
  {
   "type": "Feature",
   "geometry": {
    "type": "Point",
    "coordinates": [
     145.1606559,
     44.0315714
    ]
   },
   "properties": {
    "id": "TH-n401625031",
    "kind": "trailhead",
    "name": "（名称未確認）羅臼温泉バス停付近",
    "datum": "WGS84",
    "mountainIds": "8",
    "mountainNames": "羅臼岳",
    "otherMountainNames": "",
    "lists": "日本百名山|日本二百名山|日本三百名山|北海道百名山",
    "routes": "",
    "entryType": "一般道（県道以上）との接続",
    "trailKmToSummit": "羅臼岳:7.8km",
    "related": "PK-w1396847094(79m) PK-w1396847092(118m) PK-w1209638915(356m) BS-kP11-22-01-bs1549(474m) BS-kP11-22-01-bs1550(474m)",
    "attributes": "",
    "status": "provisional",
    "accuracyM": 30,
    "needsReview": "名称未確認、登山道が道路を横断する地点（途中の入口の可能性）、近くの道路にゲートあり（車両通行止め・季節閉鎖の可能性）、公式情報または2情報源での確認が必要",
    "sources": "OpenStreetMap（© OpenStreetMap contributors, ODbL 1.0）Geofabrik japan-latest.osm.pbf 2026-09-30T20:22:42Z node/401625031（登山道と道路の接続点）",
    "verifiedAt": ""
   }
  },
  {
   "type": "Feature",
   "geometry": {
    "type": "Point",
    "coordinates": [
     141.6395736,
     43.5036853
    ]
   },
   "properties": {
    "id": "TH-n4104232122",
    "kind": "trailhead",
    "name": "神居尻山登山口（道民の森 神居尻地区）",
    "datum": "WGS84",
    "mountainIds": "32",
    "mountainNames": "神居尻山",
    "otherMountainNames": "",
    "lists": "北海道百名山",
    "routes": "",
    "entryType": "道路の終点付近",
    "trailKmToSummit": "神居尻山:2.42km",
    "related": "PK-w1094712247(492m)",
    "attributes": "",
    "status": "provisional",
    "accuracyM": 30,
    "needsReview": "公式情報または2情報源での確認が必要",
    "sources": "OpenStreetMap（© OpenStreetMap contributors, ODbL 1.0）Geofabrik japan-latest.osm.pbf 2026-09-30T20:22:42Z node/4104232122（登山道と道路の接続点） ｜ 登山記録で広く使われている登山口（登山記録・登山情報サイトで名称と利用を確認。公式情報では未確認） 2026-09-25確認",
    "verifiedAt": ""
   }
  },
  {
   "type": "Feature",
   "geometry": {
    "type": "Point",
    "coordinates": [
     140.7828811,
     42.7888667
    ]
   },
   "properties": {
    "id": "TH-n4283498074",
    "kind": "trailhead",
    "name": "（名称未確認）羊蹄自然公園入口バス停付近",
    "datum": "WGS84",
    "mountainIds": "63",
    "mountainNames": "羊蹄山",
    "otherMountainNames": "",
    "lists": "日本百名山|日本二百名山|日本三百名山|北海道百名山",
    "routes": "OSM登山道「Makkari Footpath」",
    "entryType": "一般道との接続",
    "trailKmToSummit": "羊蹄山:7.88km",
    "related": "PK-w429221857(48m) BS-kP11-22-01-bs11491(881m)",
    "attributes": "",
    "status": "provisional",
    "accuracyM": 30,
    "needsReview": "名称未確認、登山道が道路を横断する地点（途中の入口の可能性）、公式情報または2情報源での確認が必要",
    "sources": "OpenStreetMap（© OpenStreetMap contributors, ODbL 1.0）Geofabrik japan-latest.osm.pbf 2026-09-30T20:22:42Z node/4283498074（登山道と道路の接続点）",
    "verifiedAt": ""
   }
  },
  {
   "type": "Feature",
   "geometry": {
    "type": "Point",
    "coordinates": [
     140.7850202,
     42.7947084
    ]
   },
   "properties": {
    "id": "TH-n4283498467",
    "kind": "trailhead",
    "name": "羊蹄山真狩コース登山口",
    "datum": "WGS84",
    "mountainIds": "63",
    "mountainNames": "羊蹄山",
    "otherMountainNames": "",
    "lists": "日本百名山|日本二百名山|日本三百名山|北海道百名山",
    "routes": "",
    "entryType": "登山口（OSMの登山口地物）",
    "trailKmToSummit": "羊蹄山:6.92km",
    "related": "PK-w429221871(13m) PK-w1022480686(109m)",
    "attributes": "",
    "status": "provisional",
    "accuracyM": 15,
    "needsReview": "公式情報または2情報源での確認が必要",
    "sources": "OpenStreetMap（© OpenStreetMap contributors, ODbL 1.0）Geofabrik japan-latest.osm.pbf 2026-09-30T20:22:42Z node/4283498467",
    "verifiedAt": ""
   }
  },
  {
   "type": "Feature",
   "geometry": {
    "type": "Point",
    "coordinates": [
     140.6393543,
     42.8731433
    ]
   },
   "properties": {
    "id": "TH-n4289785067",
    "kind": "trailhead",
    "name": "ニセコ野営場（五色温泉コース登山口）",
    "datum": "WGS84",
    "mountainIds": "65",
    "mountainNames": "ニセコアンヌプリ",
    "otherMountainNames": "",
    "lists": "日本三百名山|北海道百名山",
    "routes": "",
    "entryType": "施設（山小屋・宿・キャンプ場）からの入口",
    "trailKmToSummit": "ニセコアンヌプリ:2.32km",
    "related": "PK-w429788804(38m) PK-w429788796(99m) PK-w429788824(118m)",
    "attributes": "season=五色温泉インフォメーションセンターは6月〜10月（8時〜17時）",
    "status": "adopted",
    "accuracyM": 15,
    "needsReview": "ニセコアンヌプリの登山コースは五色温泉コースのほか、グラン・ヒラフコース（ゴンドラ利用）、ニセコアンヌプリスキー場コースがある（後志総合振興局）、ニセコ野営場はニセコアンヌプリ・イワオヌプリの登山口にあたる（ニセコ町）、ヒグマの出没により登山道やキャンプ場が閉鎖されることがあるため、ニセコ町の情報を確認すること、国土地理院の地名「五色温泉」と約170mで一致",
    "sources": "OpenStreetMap（© OpenStreetMap contributors, ODbL 1.0）Geofabrik japan-latest.osm.pbf 2026-09-30T20:22:42Z node/4289785067 ｜ 公式情報: https://www.shiribeshi.pref.hokkaido.lg.jp/ss/srk/kankou/kankou/166436.html ｜ 公式情報: https://www.town.niseko.lg.jp/kokyo_shisetsu/park/niseko_camp ｜ 公式情報: https://www.town.niseko.lg.jp/information/10962",
    "verifiedAt": "2026-09-20"
   }
  },
  {
   "type": "Feature",
   "geometry": {
    "type": "Point",
    "coordinates": [
     142.9463382,
     43.7259136
    ]
   },
   "properties": {
    "id": "TH-n4348502050",
    "kind": "trailhead",
    "name": "大雪山バーデハウス 層雲峡;黒岳の湯",
    "datum": "WGS84",
    "mountainIds": "15 17 18 19 20 21 22",
    "mountainNames": "愛別岳、黒岳、北鎮岳、赤岳、小泉岳、大雪山、白雲岳",
    "otherMountainNames": "",
    "lists": "北海道百名山|日本百名山|日本二百名山|日本三百名山",
    "routes": "OSM登山道「黒岳登山道」",
    "entryType": "駐車場・バス停（林道・車道を経由して登山道へ）",
    "trailKmToSummit": "愛別岳:12.73km 黒岳:4.97km 北鎮岳:9.24km 赤岳:12.74km 小泉岳:11.8km 大雪山:12.99km 白雲岳:12.35km",
    "related": "PK-n4348502050(0m) PK-w282998224(25m) PK-w294442469(156m) BS-kP11-22-01-bs3542(160m)",
    "attributes": "",
    "status": "provisional",
    "accuracyM": 15,
    "needsReview": "林道からの入口（マイカー進入可否を要確認）、公式情報または2情報源での確認が必要",
    "sources": "OpenStreetMap（© OpenStreetMap contributors, ODbL 1.0）Geofabrik japan-latest.osm.pbf 2026-09-30T20:22:42Z node/4348502050 ｜ OpenStreetMap（© OpenStreetMap contributors, ODbL 1.0）Geofabrik japan-latest.osm.pbf 2026-09-30T20:22:42Z node/2162726227（登山道と道路の接続点） ｜ 国土地理院 地名検索「層雲峡駅」（43.724024, 142.943836、JGD2011、290m差）2026-09-20確認",
    "verifiedAt": "2026-09-20"
   }
  },
  {
   "type": "Feature",
   "geometry": {
    "type": "Point",
    "coordinates": [
     141.0016849,
     42.4131901
    ]
   },
   "properties": {
    "id": "TH-n4609020292",
    "kind": "trailhead",
    "name": "むろらん高原だんパラキャンプ場",
    "datum": "WGS84",
    "mountainIds": "89",
    "mountainNames": "鷲別岳",
    "otherMountainNames": "",
    "lists": "北海道百名山",
    "routes": "",
    "entryType": "施設（山小屋・宿・キャンプ場）からの入口",
    "trailKmToSummit": "鷲別岳:2.66km",
    "related": "PK-w106202051(65m) PK-w106205300(83m)",
    "attributes": "",
    "status": "provisional",
    "accuracyM": 15,
    "needsReview": "公式情報または2情報源での確認が必要",
    "sources": "OpenStreetMap（© OpenStreetMap contributors, ODbL 1.0）Geofabrik japan-latest.osm.pbf 2026-09-30T20:22:42Z node/4609020292",
    "verifiedAt": ""
   }
  },
  {
   "type": "Feature",
   "geometry": {
    "type": "Point",
    "coordinates": [
     142.3264971,
     43.3369819
    ]
   },
   "properties": {
    "id": "TH-n4691634679",
    "kind": "trailhead",
    "name": "北の峰ゴンドラ",
    "datum": "WGS84",
    "mountainIds": "43",
    "mountainNames": "富良野西岳",
    "otherMountainNames": "",
    "lists": "北海道百名山",
    "routes": "",
    "entryType": "索道駅（ロープウェイ・ゴンドラ）",
    "trailKmToSummit": "富良野西岳:3.85km",
    "related": "",
    "attributes": "",
    "status": "provisional",
    "accuracyM": 15,
    "needsReview": "公式情報または2情報源での確認が必要",
    "sources": "OpenStreetMap（© OpenStreetMap contributors, ODbL 1.0）Geofabrik japan-latest.osm.pbf 2026-09-30T20:22:42Z node/4691634679",
    "verifiedAt": ""
   }
  },
  {
   "type": "Feature",
   "geometry": {
    "type": "Point",
    "coordinates": [
     142.3337021,
     43.33156
    ]
   },
   "properties": {
    "id": "TH-n4691634681",
    "kind": "trailhead",
    "name": "連絡",
    "datum": "WGS84",
    "mountainIds": "43",
    "mountainNames": "富良野西岳",
    "otherMountainNames": "",
    "lists": "北海道百名山",
    "routes": "",
    "entryType": "索道駅（ロープウェイ・ゴンドラ）",
    "trailKmToSummit": "富良野西岳:3.74km",
    "related": "",
    "attributes": "",
    "status": "provisional",
    "accuracyM": 15,
    "needsReview": "公式情報または2情報源での確認が必要",
    "sources": "OpenStreetMap（© OpenStreetMap contributors, ODbL 1.0）Geofabrik japan-latest.osm.pbf 2026-09-30T20:22:42Z node/4691634681",
    "verifiedAt": ""
   }
  },
  {
   "type": "Feature",
   "geometry": {
    "type": "Point",
    "coordinates": [
     142.3534443,
     43.3254678
    ]
   },
   "properties": {
    "id": "TH-n4691765707",
    "kind": "trailhead",
    "name": "富良野ロープウェー",
    "datum": "WGS84",
    "mountainIds": "43",
    "mountainNames": "富良野西岳",
    "otherMountainNames": "",
    "lists": "北海道百名山",
    "routes": "",
    "entryType": "索道駅（ロープウェイ・ゴンドラ）",
    "trailKmToSummit": "富良野西岳:5.79km",
    "related": "PK-w1465801953(70m) PK-w70079520(110m) PK-w70080197(209m)",
    "attributes": "",
    "status": "provisional",
    "accuracyM": 15,
    "needsReview": "公式情報または2情報源での確認が必要",
    "sources": "OpenStreetMap（© OpenStreetMap contributors, ODbL 1.0）Geofabrik japan-latest.osm.pbf 2026-09-30T20:22:42Z node/4691765707",
    "verifiedAt": ""
   }
  },
  {
   "type": "Feature",
   "geometry": {
    "type": "Point",
    "coordinates": [
     142.324808,
     43.3268988
    ]
   },
   "properties": {
    "id": "TH-n4691765709",
    "kind": "trailhead",
    "name": "ダウンヒル第3ロマンス",
    "datum": "WGS84",
    "mountainIds": "43",
    "mountainNames": "富良野西岳",
    "otherMountainNames": "",
    "lists": "北海道百名山",
    "routes": "",
    "entryType": "索道駅（ロープウェイ・ゴンドラ）",
    "trailKmToSummit": "富良野西岳:2.77km",
    "related": "",
    "attributes": "",
    "status": "provisional",
    "accuracyM": 15,
    "needsReview": "公式情報または2情報源での確認が必要",
    "sources": "OpenStreetMap（© OpenStreetMap contributors, ODbL 1.0）Geofabrik japan-latest.osm.pbf 2026-09-30T20:22:42Z node/4691765709",
    "verifiedAt": ""
   }
  },
  {
   "type": "Feature",
   "geometry": {
    "type": "Point",
    "coordinates": [
     142.3192504,
     43.3243154
    ]
   },
   "properties": {
    "id": "TH-n4691765710",
    "kind": "trailhead",
    "name": "ダウンヒル第3ロマンス",
    "datum": "WGS84",
    "mountainIds": "43",
    "mountainNames": "富良野西岳",
    "otherMountainNames": "",
    "lists": "北海道百名山",
    "routes": "",
    "entryType": "索道駅（ロープウェイ・ゴンドラ）",
    "trailKmToSummit": "富良野西岳:2.18km",
    "related": "",
    "attributes": "",
    "status": "provisional",
    "accuracyM": 15,
    "needsReview": "公式情報または2情報源での確認が必要",
    "sources": "OpenStreetMap（© OpenStreetMap contributors, ODbL 1.0）Geofabrik japan-latest.osm.pbf 2026-09-30T20:22:42Z node/4691765710",
    "verifiedAt": ""
   }
  },
  {
   "type": "Feature",
   "geometry": {
    "type": "Point",
    "coordinates": [
     141.1806946,
     41.8143357
    ]
   },
   "properties": {
    "id": "TH-n4838816434",
    "kind": "trailhead",
    "name": "ホテル恵風",
    "datum": "WGS84",
    "mountainIds": "98",
    "mountainNames": "恵山",
    "otherMountainNames": "",
    "lists": "北海道百名山",
    "routes": "",
    "entryType": "施設（山小屋・宿・キャンプ場）からの入口",
    "trailKmToSummit": "恵山:3.67km",
    "related": "PK-w491793747(79m) PK-w986873537(148m) PK-w491793739(225m)",
    "attributes": "",
    "status": "provisional",
    "accuracyM": 15,
    "needsReview": "公式情報または2情報源での確認が必要",
    "sources": "OpenStreetMap（© OpenStreetMap contributors, ODbL 1.0）Geofabrik japan-latest.osm.pbf 2026-09-30T20:22:42Z node/4838816434",
    "verifiedAt": ""
   }
  },
  {
   "type": "Feature",
   "geometry": {
    "type": "Point",
    "coordinates": [
     143.1322899,
     43.3656127
    ]
   },
   "properties": {
    "id": "TH-n4930472830",
    "kind": "trailhead",
    "name": "（名称未確認）",
    "datum": "WGS84",
    "mountainIds": "41",
    "mountainNames": "ウペペサンケ山",
    "otherMountainNames": "",
    "lists": "北海道百名山",
    "routes": "",
    "entryType": "道路の終点付近",
    "trailKmToSummit": "ウペペサンケ山:6.26km",
    "related": "",
    "attributes": "",
    "status": "candidate",
    "accuracyM": 30,
    "needsReview": "名称未確認、林道からの入口（マイカー進入可否を要確認）、公式情報または2情報源での確認が必要",
    "sources": "OpenStreetMap（© OpenStreetMap contributors, ODbL 1.0）Geofabrik japan-latest.osm.pbf 2026-09-30T20:22:42Z node/4930472830（登山道と道路の接続点）",
    "verifiedAt": ""
   }
  },
  {
   "type": "Feature",
   "geometry": {
    "type": "Point",
    "coordinates": [
     144.0960564,
     43.4335192
    ]
   },
   "properties": {
    "id": "TH-n5538048728",
    "kind": "trailhead",
    "name": "（名称未確認）ホテル御前水付近",
    "datum": "WGS84",
    "mountainIds": "36",
    "mountainNames": "雄阿寒岳",
    "otherMountainNames": "",
    "lists": "北海道百名山",
    "routes": "",
    "entryType": "一般道との接続",
    "trailKmToSummit": "雄阿寒岳:10.21km",
    "related": "PK-w430715743(29m) PK-w430715744(136m) PK-w577780451(213m) BS-kP11-22-01-bs4385(261m)",
    "attributes": "",
    "status": "provisional",
    "accuracyM": 30,
    "needsReview": "名称未確認、公式情報または2情報源での確認が必要",
    "sources": "OpenStreetMap（© OpenStreetMap contributors, ODbL 1.0）Geofabrik japan-latest.osm.pbf 2026-09-30T20:22:42Z node/5538048728（登山道と道路の接続点）",
    "verifiedAt": ""
   }
  },
  {
   "type": "Feature",
   "geometry": {
    "type": "Point",
    "coordinates": [
     143.115368,
     43.2499309
    ]
   },
   "properties": {
    "id": "TH-n5542694866",
    "kind": "trailhead",
    "name": "（名称未確認）",
    "datum": "WGS84",
    "mountainIds": "46",
    "mountainNames": "白雲山",
    "otherMountainNames": "",
    "lists": "北海道百名山",
    "routes": "",
    "entryType": "一般道（県道以上）との接続",
    "trailKmToSummit": "白雲山:1.3km",
    "related": "",
    "attributes": "",
    "status": "candidate",
    "accuracyM": 30,
    "needsReview": "名称未確認、登山道が道路を横断する地点（途中の入口の可能性）、近くの道路にゲートあり（車両通行止め・季節閉鎖の可能性）、公式情報または2情報源での確認が必要",
    "sources": "OpenStreetMap（© OpenStreetMap contributors, ODbL 1.0）Geofabrik japan-latest.osm.pbf 2026-09-30T20:22:42Z node/5542694866（登山道と道路の接続点）",
    "verifiedAt": ""
   }
  },
  {
   "type": "Feature",
   "geometry": {
    "type": "Point",
    "coordinates": [
     144.1259238,
     43.431789
    ]
   },
   "properties": {
    "id": "TH-n5553770843",
    "kind": "trailhead",
    "name": "（名称未確認）滝口バス停付近",
    "datum": "WGS84",
    "mountainIds": "36",
    "mountainNames": "雄阿寒岳",
    "otherMountainNames": "",
    "lists": "北海道百名山",
    "routes": "",
    "entryType": "一般道（県道以上）との接続",
    "trailKmToSummit": "雄阿寒岳:6.7km",
    "related": "BS-kP11-22-01-bs4388(817m) BS-kP11-22-01-bs4388(817m) BS-kP11-22-01-bs4388(817m)",
    "attributes": "",
    "status": "provisional",
    "accuracyM": 30,
    "needsReview": "名称未確認、公式情報または2情報源での確認が必要",
    "sources": "OpenStreetMap（© OpenStreetMap contributors, ODbL 1.0）Geofabrik japan-latest.osm.pbf 2026-09-30T20:22:42Z node/5553770843（登山道と道路の接続点）",
    "verifiedAt": ""
   }
  },
  {
   "type": "Feature",
   "geometry": {
    "type": "Point",
    "coordinates": [
     141.3243665,
     43.049615
    ]
   },
   "properties": {
    "id": "TH-n5727676687",
    "kind": "trailhead",
    "name": "円山温泉",
    "datum": "WGS84",
    "mountainIds": "52",
    "mountainNames": "藻岩山",
    "otherMountainNames": "",
    "lists": "北海道百名山",
    "routes": "",
    "entryType": "施設（山小屋・宿・キャンプ場）からの入口",
    "trailKmToSummit": "藻岩山:4.58km",
    "related": "PK-w775857309(12m) PK-w260596639(35m) PK-w1454806970(151m) BS-kP11-22-01-bs7859(134m) BS-kP11-22-01-bs7859(134m) BS-kP11-22-01-bs7883(212m)",
    "attributes": "",
    "status": "provisional",
    "accuracyM": 15,
    "needsReview": "近くの道路にゲートあり（車両通行止め・季節閉鎖の可能性）、公式情報または2情報源での確認が必要",
    "sources": "OpenStreetMap（© OpenStreetMap contributors, ODbL 1.0）Geofabrik japan-latest.osm.pbf 2026-09-30T20:22:42Z node/5727676687",
    "verifiedAt": ""
   }
  },
  {
   "type": "Feature",
   "geometry": {
    "type": "Point",
    "coordinates": [
     141.3453364,
     43.0457162
    ]
   },
   "properties": {
    "id": "TH-n5781662153",
    "kind": "trailhead",
    "name": "Itsukiya",
    "datum": "WGS84",
    "mountainIds": "52",
    "mountainNames": "藻岩山",
    "otherMountainNames": "",
    "lists": "北海道百名山",
    "routes": "",
    "entryType": "施設（山小屋・宿・キャンプ場）からの入口",
    "trailKmToSummit": "藻岩山:5.86km",
    "related": "PK-w346583977(76m) PK-w352442632(107m) PK-w384391972(111m) BS-n7687282114(61m) BS-n7577232236(64m) BS-kP11-22-01-bs7939(194m)",
    "attributes": "",
    "status": "provisional",
    "accuracyM": 15,
    "needsReview": "近くの道路にゲートあり（車両通行止め・季節閉鎖の可能性）、公式情報または2情報源での確認が必要",
    "sources": "OpenStreetMap（© OpenStreetMap contributors, ODbL 1.0）Geofabrik japan-latest.osm.pbf 2026-09-30T20:22:42Z node/5781662153",
    "verifiedAt": ""
   }
  },
  {
   "type": "Feature",
   "geometry": {
    "type": "Point",
    "coordinates": [
     142.6372595,
     43.4297364
    ]
   },
   "properties": {
    "id": "TH-n5915584086",
    "kind": "trailhead",
    "name": "吹上温泉（吹上露天の湯）",
    "datum": "WGS84",
    "mountainIds": "34 37 38 39 40",
    "mountainNames": "オプタテシケ山、美瑛岳、十勝岳、上ホロカメットク山、富良野岳",
    "otherMountainNames": "",
    "lists": "日本三百名山|北海道百名山|日本百名山|日本二百名山",
    "routes": "",
    "entryType": "施設（山小屋・宿・キャンプ場）からの入口",
    "trailKmToSummit": "オプタテシケ山:12.81km 美瑛岳:7.6km 十勝岳:6.28km 上ホロカメットク山:8.1km 富良野岳:9.06km",
    "related": "PK-n8720866944(103m) PK-n1774886019(118m) PK-w576996448(420m) BS-n13915704601(121m) BS-n13915830701(420m)",
    "attributes": "restriction=噴火警戒レベル3（入山規制）",
    "status": "provisional",
    "accuracyM": 15,
    "needsReview": "公式情報または2情報源での確認が必要、2026年9月12日9時30分に噴火警戒レベル3（入山規制）へ引き上げられた（気象庁）。火口から概ね3kmの範囲は立入禁止で、十勝岳への登山はできない、対象市町村は富良野市・美瑛町・上富良野町・南富良野町・新得町（気象庁）、入山前に気象庁の噴火警戒レベルと自治体の指示を確認すること",
    "sources": "OpenStreetMap（© OpenStreetMap contributors, ODbL 1.0）Geofabrik japan-latest.osm.pbf 2026-09-30T20:22:42Z node/5915584086 ｜ 公式情報: https://www.data.jma.go.jp/vois/data/report/volinfo/VJ20260912093000_108.html ｜ 公式情報: https://hokkaido.env.go.jp/emergency/emergency_00004.html",
    "verifiedAt": "2026-09-20"
   }
  },
  {
   "type": "Feature",
   "geometry": {
    "type": "Point",
    "coordinates": [
     145.1552268,
     44.0320562
    ]
   },
   "properties": {
    "id": "TH-n5930815696",
    "kind": "trailhead",
    "name": "熊の湯",
    "datum": "WGS84",
    "mountainIds": "8",
    "mountainNames": "羅臼岳",
    "otherMountainNames": "",
    "lists": "日本百名山|日本二百名山|日本三百名山|北海道百名山",
    "routes": "羅臼温泉コース",
    "entryType": "施設（山小屋・宿・キャンプ場）からの入口",
    "trailKmToSummit": "羅臼岳:7.44km",
    "related": "PK-w1209638915(134m) PK-w1396847094(500m) BS-kP11-22-01-bs1549(906m) BS-kP11-22-01-bs1550(906m)",
    "attributes": "",
    "status": "provisional",
    "accuracyM": 15,
    "needsReview": "近くの道路にゲートあり（車両通行止め・季節閉鎖の可能性）、公式情報または2情報源での確認が必要",
    "sources": "OpenStreetMap（© OpenStreetMap contributors, ODbL 1.0）Geofabrik japan-latest.osm.pbf 2026-09-30T20:22:42Z node/5930815696 ｜ 国土地理院 地名検索「熊の湯」（44.031564, 145.155250、JGD2011、54m差）2026-09-20確認",
    "verifiedAt": "2026-09-20"
   }
  },
  {
   "type": "Feature",
   "geometry": {
    "type": "Point",
    "coordinates": [
     140.5087382,
     42.9524074
    ]
   },
   "properties": {
    "id": "TH-n6422704364",
    "kind": "trailhead",
    "name": "サンサンの湯",
    "datum": "WGS84",
    "mountainIds": "56 58",
    "mountainNames": "雷電山、目国内岳",
    "otherMountainNames": "",
    "lists": "北海道百名山",
    "routes": "",
    "entryType": "駐車場・バス停（林道・車道を経由して登山道へ）",
    "trailKmToSummit": "雷電山:9.21km 目国内岳:7.9km",
    "related": "PK-n6422704364(0m) PK-w685376555(9m) PK-w902498512(96m) BS-n10657168543(550m)",
    "attributes": "",
    "status": "provisional",
    "accuracyM": 15,
    "needsReview": "公式情報または2情報源での確認が必要",
    "sources": "OpenStreetMap（© OpenStreetMap contributors, ODbL 1.0）Geofabrik japan-latest.osm.pbf 2026-09-30T20:22:42Z node/6422704364 ｜ OpenStreetMap（© OpenStreetMap contributors, ODbL 1.0）Geofabrik japan-latest.osm.pbf 2026-09-30T20:22:42Z node/1304496938（登山道と道路の接続点）",
    "verifiedAt": ""
   }
  },
  {
   "type": "Feature",
   "geometry": {
    "type": "Point",
    "coordinates": [
     141.3123857,
     43.059227
    ]
   },
   "properties": {
    "id": "TH-n6436452261",
    "kind": "trailhead",
    "name": "神宮温泉",
    "datum": "WGS84",
    "mountainIds": "52",
    "mountainNames": "藻岩山",
    "otherMountainNames": "",
    "lists": "北海道百名山",
    "routes": "",
    "entryType": "施設（山小屋・宿・キャンプ場）からの入口",
    "trailKmToSummit": "藻岩山:5.76km",
    "related": "PK-w775857551(7m) PK-w772709576(132m) PK-w1109043227(179m) BS-n10053736968(256m) BS-kP11-22-01-bs7701(296m) BS-kP11-22-01-bs7701(296m)",
    "attributes": "",
    "status": "provisional",
    "accuracyM": 15,
    "needsReview": "近くの道路にゲートあり（車両通行止め・季節閉鎖の可能性）、公式情報または2情報源での確認が必要",
    "sources": "OpenStreetMap（© OpenStreetMap contributors, ODbL 1.0）Geofabrik japan-latest.osm.pbf 2026-09-30T20:22:42Z node/6436452261 ｜ 国土地理院 地名検索「西２８丁目駅」（43.060937, 141.314813、JGD2011、273m差）2026-09-20確認",
    "verifiedAt": "2026-09-20"
   }
  },
  {
   "type": "Feature",
   "geometry": {
    "type": "Point",
    "coordinates": [
     141.2140604,
     45.2341548
    ]
   },
   "properties": {
    "id": "TH-n6585469510",
    "kind": "trailhead",
    "name": "（名称未確認）利尻富士温泉バス停付近",
    "datum": "WGS84",
    "mountainIds": "2",
    "mountainNames": "利尻山",
    "otherMountainNames": "",
    "lists": "日本百名山|日本二百名山|日本三百名山|北海道百名山",
    "routes": "",
    "entryType": "一般道との接続",
    "trailKmToSummit": "利尻山:7.3km",
    "related": "BS-kP11-22-01-bs207(587m)",
    "attributes": "",
    "status": "provisional",
    "accuracyM": 30,
    "needsReview": "名称未確認、公式情報または2情報源での確認が必要",
    "sources": "OpenStreetMap（© OpenStreetMap contributors, ODbL 1.0）Geofabrik japan-latest.osm.pbf 2026-09-30T20:22:42Z node/6585469510（登山道と道路の接続点）",
    "verifiedAt": ""
   }
  },
  {
   "type": "Feature",
   "geometry": {
    "type": "Point",
    "coordinates": [
     144.0999562,
     43.4333872
    ]
   },
   "properties": {
    "id": "TH-n6669803188",
    "kind": "trailhead",
    "name": "山水荘ホテル",
    "datum": "WGS84",
    "mountainIds": "36",
    "mountainNames": "雄阿寒岳",
    "otherMountainNames": "",
    "lists": "北海道百名山",
    "routes": "",
    "entryType": "施設（山小屋・宿・キャンプ場）からの入口",
    "trailKmToSummit": "雄阿寒岳:9.62km",
    "related": "PK-w430715786(128m) PK-w430715777(135m) PK-w430715774(187m) BS-kP11-22-01-bs4385(337m)",
    "attributes": "",
    "status": "provisional",
    "accuracyM": 15,
    "needsReview": "公式情報または2情報源での確認が必要",
    "sources": "OpenStreetMap（© OpenStreetMap contributors, ODbL 1.0）Geofabrik japan-latest.osm.pbf 2026-09-30T20:22:42Z node/6669803188",
    "verifiedAt": ""
   }
  },
  {
   "type": "Feature",
   "geometry": {
    "type": "Point",
    "coordinates": [
     142.9709534,
     43.5566984
    ]
   },
   "properties": {
    "id": "TH-n7205407150",
    "kind": "trailhead",
    "name": "クチャンベツ沼ノ原登山口駐車場",
    "datum": "WGS84",
    "mountainIds": "24 27 29",
    "mountainNames": "忠別岳、音更山、石狩岳",
    "otherMountainNames": "",
    "lists": "北海道百名山|日本二百名山|日本三百名山",
    "routes": "",
    "entryType": "登山口（OSMの登山口地物）",
    "trailKmToSummit": "忠別岳:14.08km 音更山:14.43km 石狩岳:11.99km",
    "related": "",
    "attributes": "",
    "status": "adopted",
    "accuracyM": 15,
    "needsReview": "採用の根拠: OSMの登山口名と、地理院地図の徒歩道が道路から始まる位置の一致（公式情報では未確認）",
    "sources": "OpenStreetMap（© OpenStreetMap contributors, ODbL 1.0）Geofabrik japan-latest.osm.pbf 2026-09-30T20:22:42Z node/7205407150 ｜ 国土地理院ベクトルタイル提供実験 地理院地図の徒歩道の起点（43.556547, 142.970813、JGD2011、20m差）2026-10-01確認",
    "verifiedAt": ""
   }
  },
  {
   "type": "Feature",
   "geometry": {
    "type": "Point",
    "coordinates": [
     142.6490988,
     43.4471757
    ]
   },
   "properties": {
    "id": "TH-n725271185",
    "kind": "trailhead",
    "name": "（名称未確認）望岳台付近",
    "datum": "WGS84",
    "mountainIds": "34 37 40",
    "mountainNames": "オプタテシケ山、美瑛岳、富良野岳",
    "otherMountainNames": "",
    "lists": "日本三百名山|北海道百名山",
    "routes": "",
    "entryType": "一般道との接続",
    "trailKmToSummit": "オプタテシケ山:11.62km 美瑛岳:6.41km 富良野岳:11.11km",
    "related": "PK-w575545460(38m)",
    "attributes": "",
    "status": "provisional",
    "accuracyM": 30,
    "needsReview": "名称未確認、登山道が道路を横断する地点（途中の入口の可能性）、公式情報または2情報源での確認が必要",
    "sources": "OpenStreetMap（© OpenStreetMap contributors, ODbL 1.0）Geofabrik japan-latest.osm.pbf 2026-09-30T20:22:42Z node/725271185（登山道と道路の接続点）",
    "verifiedAt": ""
   }
  },
  {
   "type": "Feature",
   "geometry": {
    "type": "Point",
    "coordinates": [
     140.7018684,
     41.7576783
    ]
   },
   "properties": {
    "id": "TH-n757023195",
    "kind": "trailhead",
    "name": "（名称未確認）",
    "datum": "WGS84",
    "mountainIds": "99",
    "mountainNames": "函館山",
    "otherMountainNames": "",
    "lists": "北海道百名山",
    "routes": "OSM登山道「観音コース」",
    "entryType": "林道との接続",
    "trailKmToSummit": "函館山:0.27km",
    "related": "PK-w60762083(47m) PK-w24294890(206m) PK-w24294891(222m) BS-n13917289602(209m)",
    "attributes": "",
    "status": "provisional",
    "accuracyM": 30,
    "needsReview": "名称未確認、近くの道路にゲートあり（車両通行止め・季節閉鎖の可能性）、林道からの入口（マイカー進入可否を要確認）、公式情報または2情報源での確認が必要",
    "sources": "OpenStreetMap（© OpenStreetMap contributors, ODbL 1.0）Geofabrik japan-latest.osm.pbf 2026-09-30T20:22:42Z node/757023195（登山道と道路の接続点）",
    "verifiedAt": ""
   }
  },
  {
   "type": "Feature",
   "geometry": {
    "type": "Point",
    "coordinates": [
     141.3183319,
     42.8001941
    ]
   },
   "properties": {
    "id": "TH-n7723111785",
    "kind": "trailhead",
    "name": "恵庭岳登山口",
    "datum": "WGS84",
    "mountainIds": "67",
    "mountainNames": "恵庭岳",
    "otherMountainNames": "",
    "lists": "北海道百名山",
    "routes": "OSM登山道「丸駒橋」",
    "entryType": "登山口（OSMの登山口地物）",
    "trailKmToSummit": "恵庭岳:3.49km",
    "related": "PK-w837017954(19m)",
    "attributes": "",
    "status": "adopted",
    "accuracyM": 15,
    "needsReview": "採用の根拠: OSMの登山口名と、地理院地図の徒歩道が道路から始まる位置の一致（公式情報では未確認）",
    "sources": "OpenStreetMap（© OpenStreetMap contributors, ODbL 1.0）Geofabrik japan-latest.osm.pbf 2026-09-30T20:22:42Z node/7723111785 ｜ 国土地理院ベクトルタイル提供実験 地理院地図の徒歩道の起点（42.800098, 141.318387、JGD2011、11m差）2026-10-01確認",
    "verifiedAt": ""
   }
  },
  {
   "type": "Feature",
   "geometry": {
    "type": "Point",
    "coordinates": [
     141.3685028,
     42.7354061
    ]
   },
   "properties": {
    "id": "TH-n7725686485",
    "kind": "trailhead",
    "name": "風不死岳 登山口",
    "datum": "WGS84",
    "mountainIds": "74 77",
    "mountainNames": "風不死岳、樽前山",
    "otherMountainNames": "",
    "lists": "北海道百名山|日本二百名山|日本三百名山",
    "routes": "",
    "entryType": "登山口（OSMの登山口地物）",
    "trailKmToSummit": "風不死岳:2.66km 樽前山:6.22km",
    "related": "",
    "attributes": "",
    "status": "adopted",
    "accuracyM": 15,
    "needsReview": "採用の根拠: OSMの登山口名と、地理院地図の徒歩道が道路から始まる位置の一致（公式情報では未確認）",
    "sources": "OpenStreetMap（© OpenStreetMap contributors, ODbL 1.0）Geofabrik japan-latest.osm.pbf 2026-09-30T20:22:42Z node/7725686485 ｜ 国土地理院ベクトルタイル提供実験 地理院地図の徒歩道の起点（42.735471, 141.368629、JGD2011、13m差）2026-10-01確認",
    "verifiedAt": ""
   }
  },
  {
   "type": "Feature",
   "geometry": {
    "type": "Point",
    "coordinates": [
     139.9563128,
     42.5944337
    ]
   },
   "properties": {
    "id": "TH-n7730232085",
    "kind": "trailhead",
    "name": "狩場山 千走新道コース登山口",
    "datum": "WGS84",
    "mountainIds": "83",
    "mountainNames": "狩場山",
    "otherMountainNames": "",
    "lists": "日本三百名山|北海道百名山",
    "routes": "",
    "entryType": "登山口（OSMの登山口地物）",
    "trailKmToSummit": "狩場山:3.81km",
    "related": "",
    "attributes": "",
    "status": "adopted",
    "accuracyM": 15,
    "needsReview": "どのコースの登山口かは未確認",
    "sources": "OpenStreetMap（© OpenStreetMap contributors, ODbL 1.0）Geofabrik japan-latest.osm.pbf 2026-09-30T20:22:42Z node/7730232085 ｜ 国土地理院ベクトルタイル提供実験 地理院地図の徒歩道の起点（42.594530, 139.956325、JGD2011、11m差）2026-10-01確認 ｜ 公式情報: https://www.rinya.maff.go.jp/hokkaido/policy/system/rekumori/sizen_kyuuyourin/karibayama/ ｜ 公式情報: https://www.pref.hokkaido.lg.jp/ks/skn/environ/parks/kariba-prefecturali-nationalpark.html",
    "verifiedAt": "2026-09-20"
   }
  },
  {
   "type": "Feature",
   "geometry": {
    "type": "Point",
    "coordinates": [
     140.2573187,
     42.6094021
    ]
   },
   "properties": {
    "id": "TH-n7730268385",
    "kind": "trailhead",
    "name": "黒松内岳登山口",
    "datum": "WGS84",
    "mountainIds": "78",
    "mountainNames": "黒松内岳",
    "otherMountainNames": "",
    "lists": "北海道百名山",
    "routes": "",
    "entryType": "登山口（OSMの登山口地物）",
    "trailKmToSummit": "黒松内岳:1.94km",
    "related": "PK-g426094_14025732(0m)",
    "attributes": "",
    "status": "adopted",
    "accuracyM": 15,
    "needsReview": "近くの道路にゲートあり（車両通行止め・季節閉鎖の可能性）、採用の根拠: OSMの登山口名と、地理院地図の徒歩道が道路から始まる位置の一致（公式情報では未確認）",
    "sources": "OpenStreetMap（© OpenStreetMap contributors, ODbL 1.0）Geofabrik japan-latest.osm.pbf 2026-09-30T20:22:42Z node/7730268385 ｜ 国土地理院ベクトルタイル提供実験 地理院地図の徒歩道の起点（42.609331, 140.257401、JGD2011、10m差）2026-10-01確認 ｜ 登山記録で広く使われている登山口（登山記録・登山情報サイトで名称と利用を確認。公式情報では未確認） 2026-09-29確認",
    "verifiedAt": ""
   }
  },
  {
   "type": "Feature",
   "geometry": {
    "type": "Point",
    "coordinates": [
     140.1087879,
     42.6301905
    ]
   },
   "properties": {
    "id": "TH-n7730277285",
    "kind": "trailhead",
    "name": "大平山登山口",
    "datum": "WGS84",
    "mountainIds": "79",
    "mountainNames": "大平山",
    "otherMountainNames": "",
    "lists": "北海道百名山",
    "routes": "",
    "entryType": "登山口（OSMの登山口地物）",
    "trailKmToSummit": "大平山:2.94km",
    "related": "",
    "attributes": "",
    "status": "provisional",
    "accuracyM": 15,
    "needsReview": "林道からの入口（マイカー進入可否を要確認）、公式情報または2情報源での確認が必要",
    "sources": "OpenStreetMap（© OpenStreetMap contributors, ODbL 1.0）Geofabrik japan-latest.osm.pbf 2026-09-30T20:22:42Z node/7730277285",
    "verifiedAt": ""
   }
  },
  {
   "type": "Feature",
   "geometry": {
    "type": "Point",
    "coordinates": [
     142.6383584,
     43.4153753
    ]
   },
   "properties": {
    "id": "TH-n8266981427",
    "kind": "trailhead",
    "name": "十勝岳温泉（富良野岳・上ホロカメットク山登山口）",
    "datum": "WGS84",
    "mountainIds": "34 37 38 39 40 10003",
    "mountainNames": "オプタテシケ山、美瑛岳、十勝岳、上ホロカメットク山、富良野岳",
    "otherMountainNames": "三段山",
    "lists": "日本三百名山|北海道百名山|日本百名山|日本二百名山",
    "routes": "",
    "entryType": "施設（山小屋・宿・キャンプ場）からの入口",
    "trailKmToSummit": "オプタテシケ山:14.64km 美瑛岳:9.44km 十勝岳:8.11km 上ホロカメットク山:9.93km 富良野岳:10.89km",
    "related": "PK-w889237288(31m) PK-w889237286(434m)",
    "attributes": "",
    "status": "adopted",
    "accuracyM": 15,
    "needsReview": "十勝岳温泉は富良野岳・上ホロカメットク山の登山口、十勝岳は2026年9月12日に噴火警戒レベル3（入山規制）へ引き上げられ、火口から概ね3kmの範囲は大きな噴石に警戒が必要（気象庁・美瑛町）。入山前に規制範囲を確認すること、国土地理院の地名とOSMの地物の位置が一致（独立した2情報源）",
    "sources": "OpenStreetMap（© OpenStreetMap contributors, ODbL 1.0）Geofabrik japan-latest.osm.pbf 2026-09-30T20:22:42Z node/8266981427 ｜ 公式情報: https://www.data.jma.go.jp/vois/data/report/volinfo/VJ20260912093000_108.html ｜ 公式情報: https://town.biei.hokkaido.jp/emergency/tokachidake.html ｜ 国土地理院 地名検索「十勝岳温泉」（43.414672, 142.639875、JGD2011、145m差）2026-09-20確認",
    "verifiedAt": "2026-09-20"
   }
  },
  {
   "type": "Feature",
   "geometry": {
    "type": "Point",
    "coordinates": [
     142.6322247,
     43.4191516
    ]
   },
   "properties": {
    "id": "TH-n8266981440",
    "kind": "trailhead",
    "name": "ホテル富良野思惟林",
    "datum": "WGS84",
    "mountainIds": "34 37 38 39 40",
    "mountainNames": "オプタテシケ山、美瑛岳、十勝岳、上ホロカメットク山、富良野岳",
    "otherMountainNames": "",
    "lists": "日本三百名山|北海道百名山|日本百名山|日本二百名山",
    "routes": "",
    "entryType": "施設（山小屋・宿・キャンプ場）からの入口",
    "trailKmToSummit": "オプタテシケ山:15.17km 美瑛岳:9.96km 十勝岳:8.64km 上ホロカメットク山:10.45km 富良野岳:11.42km",
    "related": "",
    "attributes": "",
    "status": "provisional",
    "accuracyM": 15,
    "needsReview": "公式情報または2情報源での確認が必要",
    "sources": "OpenStreetMap（© OpenStreetMap contributors, ODbL 1.0）Geofabrik japan-latest.osm.pbf 2026-09-30T20:22:42Z node/8266981440",
    "verifiedAt": ""
   }
  },
  {
   "type": "Feature",
   "geometry": {
    "type": "Point",
    "coordinates": [
     141.3905292,
     42.6989822
    ]
   },
   "properties": {
    "id": "TH-n829818694",
    "kind": "trailhead",
    "name": "樽前山 七合目登山口",
    "datum": "WGS84",
    "mountainIds": "74 77",
    "mountainNames": "風不死岳、樽前山",
    "otherMountainNames": "",
    "lists": "北海道百名山|日本二百名山|日本三百名山",
    "routes": "",
    "entryType": "登山口（OSMの登山口地物）",
    "trailKmToSummit": "風不死岳:4.11km 樽前山:1.46km",
    "related": "PK-w366430158(20m)",
    "attributes": "restriction=噴火警戒レベル1（活火山であることに留意）",
    "status": "adopted",
    "accuracyM": 15,
    "needsReview": "山頂火口原内の溶岩ドーム及びその近傍では火山ガスや火山灰噴出に注意（気象庁）、七合目駐車場に通じる市道は工事等で通行止めになることがあるため、苫小牧市の最新情報を確認すること",
    "sources": "OpenStreetMap（© OpenStreetMap contributors, ODbL 1.0）Geofabrik japan-latest.osm.pbf 2026-09-30T20:22:42Z node/829818694 ｜ 公式情報: https://www.data.jma.go.jp/vois/data/report/activity_info/109.html",
    "verifiedAt": "2026-09-20"
   }
  },
  {
   "type": "Feature",
   "geometry": {
    "type": "Point",
    "coordinates": [
     140.7597748,
     42.8457615
    ]
   },
   "properties": {
    "id": "TH-n829831854",
    "kind": "trailhead",
    "name": "倶知安（比羅夫）コース登山口",
    "datum": "WGS84",
    "mountainIds": "63",
    "mountainNames": "羊蹄山",
    "otherMountainNames": "",
    "lists": "日本百名山|日本二百名山|日本三百名山|北海道百名山",
    "routes": "OSM登山道「倶知安コース · Kutchan trail」、倶知安ひらふコース",
    "entryType": "登山口（OSMの登山口地物）",
    "trailKmToSummit": "羊蹄山:5.14km",
    "related": "PK-w342421428(89m)",
    "attributes": "OSM登山ルート: 倶知安コース · Kutchan trail",
    "status": "adopted",
    "accuracyM": 15,
    "needsReview": "",
    "sources": "OpenStreetMap（© OpenStreetMap contributors, ODbL 1.0）Geofabrik japan-latest.osm.pbf 2026-09-30T20:22:42Z node/829831854 ｜ 公式情報: https://www.shiribeshi.pref.hokkaido.lg.jp/sr/srs/midokoro/youteizan.html",
    "verifiedAt": "2026-09-20"
   }
  },
  {
   "type": "Feature",
   "geometry": {
    "type": "Point",
    "coordinates": [
     142.9402327,
     43.7110607
    ]
   },
   "properties": {
    "id": "TH-n829834936",
    "kind": "trailhead",
    "name": "黒岳駅",
    "datum": "WGS84",
    "mountainIds": "15 17 18 19 20 21 22",
    "mountainNames": "愛別岳、黒岳、北鎮岳、赤岳、小泉岳、大雪山、白雲岳",
    "otherMountainNames": "",
    "lists": "北海道百名山|日本百名山|日本二百名山|日本三百名山",
    "routes": "",
    "entryType": "索道駅（ロープウェイ・ゴンドラ）",
    "trailKmToSummit": "愛別岳:10.5km 黒岳:2.75km 北鎮岳:7.02km 赤岳:10.52km 小泉岳:9.58km 大雪山:10.77km 白雲岳:10.13km",
    "related": "",
    "attributes": "",
    "status": "provisional",
    "accuracyM": 15,
    "needsReview": "公式情報または2情報源での確認が必要",
    "sources": "OpenStreetMap（© OpenStreetMap contributors, ODbL 1.0）Geofabrik japan-latest.osm.pbf 2026-09-30T20:22:42Z node/829834936 ｜ 国土地理院 地名検索「黒岳駅」（43.711077, 142.940435、JGD2011、16m差）2026-09-20確認",
    "verifiedAt": "2026-09-20"
   }
  },
  {
   "type": "Feature",
   "geometry": {
    "type": "Point",
    "coordinates": [
     142.9382073,
     43.7091797
    ]
   },
   "properties": {
    "id": "TH-n829834946",
    "kind": "trailhead",
    "name": "五合目駅",
    "datum": "WGS84",
    "mountainIds": "15 17 18 19 20 21 22",
    "mountainNames": "愛別岳、黒岳、北鎮岳、赤岳、小泉岳、大雪山、白雲岳",
    "otherMountainNames": "",
    "lists": "北海道百名山|日本百名山|日本二百名山|日本三百名山",
    "routes": "OSM登山道「黒岳登山道」",
    "entryType": "索道駅（ロープウェイ・ゴンドラ）",
    "trailKmToSummit": "愛別岳:10.24km 黒岳:2.48km 北鎮岳:6.75km 赤岳:10.25km 小泉岳:9.31km 大雪山:10.5km 白雲岳:9.86km",
    "related": "",
    "attributes": "",
    "status": "provisional",
    "accuracyM": 15,
    "needsReview": "公式情報または2情報源での確認が必要",
    "sources": "OpenStreetMap（© OpenStreetMap contributors, ODbL 1.0）Geofabrik japan-latest.osm.pbf 2026-09-30T20:22:42Z node/829834946 ｜ 国土地理院 地名検索「黒岳駅」（43.711077, 142.940435、JGD2011、276m差）2026-09-20確認",
    "verifiedAt": "2026-09-20"
   }
  },
  {
   "type": "Feature",
   "geometry": {
    "type": "Point",
    "coordinates": [
     142.9610673,
     43.6703026
    ]
   },
   "properties": {
    "id": "TH-n8592031422",
    "kind": "trailhead",
    "name": "銀泉台（赤岳登山口）",
    "datum": "WGS84",
    "mountainIds": "17 18 19 20 21 22 24",
    "mountainNames": "黒岳、北鎮岳、赤岳、小泉岳、大雪山、白雲岳、忠別岳",
    "otherMountainNames": "",
    "lists": "北海道百名山|日本百名山|日本二百名山|日本三百名山",
    "routes": "",
    "entryType": "道路の終点付近",
    "trailKmToSummit": "黒岳:11.58km 北鎮岳:12.72km 赤岳:4.09km 小泉岳:5.04km 大雪山:12.11km 白雲岳:6.55km 忠別岳:14.75km",
    "related": "PK-n9916394317(97m) BS-n9916369619(62m)",
    "attributes": "restriction=紅葉期は銀泉台線でマイカー規制（実施内容は年により変更）; OSM登山ルート: 銀泉台ルート",
    "status": "adopted",
    "accuracyM": 15,
    "needsReview": "林道からの入口（マイカー進入可否を要確認）、銀泉台地区の自動車利用適正化（マイカー規制）は平成14年から実施（環境省）、規制期間・方法は毎年変わるため、上川町の最新の案内を確認すること",
    "sources": "OpenStreetMap（© OpenStreetMap contributors, ODbL 1.0）Geofabrik japan-latest.osm.pbf 2026-09-30T20:22:42Z node/8592031422（登山道と道路の接続点） ｜ 公式情報: https://www.env.go.jp/park/system/files/np_8.pdf",
    "verifiedAt": "2026-09-20"
   }
  },
  {
   "type": "Feature",
   "geometry": {
    "type": "Point",
    "coordinates": [
     142.9273968,
     43.7032134
    ]
   },
   "properties": {
    "id": "TH-n8592209040",
    "kind": "trailhead",
    "name": "黒岳七合目登山口",
    "datum": "WGS84",
    "mountainIds": "15 17 18 19 20 21 22",
    "mountainNames": "愛別岳、黒岳、北鎮岳、赤岳、小泉岳、大雪山、白雲岳",
    "otherMountainNames": "",
    "lists": "北海道百名山|日本百名山|日本二百名山|日本三百名山",
    "routes": "OSM登山道「黒岳登山道」、旭岳〜黒岳縦走",
    "entryType": "索道駅（ロープウェイ・ゴンドラ）",
    "trailKmToSummit": "愛別岳:8.86km 黒岳:1.11km 北鎮岳:5.38km 赤岳:8.88km 小泉岳:7.94km 大雪山:9.13km 白雲岳:8.49km",
    "related": "",
    "attributes": "",
    "status": "provisional",
    "accuracyM": 15,
    "needsReview": "公式情報または2情報源での確認が必要",
    "sources": "OpenStreetMap（© OpenStreetMap contributors, ODbL 1.0）Geofabrik japan-latest.osm.pbf 2026-09-30T20:22:42Z node/8592209040",
    "verifiedAt": ""
   }
  },
  {
   "type": "Feature",
   "geometry": {
    "type": "Point",
    "coordinates": [
     143.046124,
     43.3772122
    ]
   },
   "properties": {
    "id": "TH-n8592349835",
    "kind": "trailhead",
    "name": "（名称未確認）",
    "datum": "WGS84",
    "mountainIds": "41",
    "mountainNames": "ウペペサンケ山",
    "otherMountainNames": "",
    "lists": "北海道百名山",
    "routes": "",
    "entryType": "道路の終点付近",
    "trailKmToSummit": "ウペペサンケ山:3.81km",
    "related": "",
    "attributes": "",
    "status": "candidate",
    "accuracyM": 30,
    "needsReview": "名称未確認、林道からの入口（マイカー進入可否を要確認）、公式情報または2情報源での確認が必要",
    "sources": "OpenStreetMap（© OpenStreetMap contributors, ODbL 1.0）Geofabrik japan-latest.osm.pbf 2026-09-30T20:22:42Z node/8592349835（登山道と道路の接続点）",
    "verifiedAt": ""
   }
  },
  {
   "type": "Feature",
   "geometry": {
    "type": "Point",
    "coordinates": [
     141.3338105,
     43.0358345
    ]
   },
   "properties": {
    "id": "TH-n8625641209",
    "kind": "trailhead",
    "name": "伏見温泉",
    "datum": "WGS84",
    "mountainIds": "52",
    "mountainNames": "藻岩山",
    "otherMountainNames": "",
    "lists": "北海道百名山",
    "routes": "",
    "entryType": "施設（山小屋・宿・キャンプ場）からの入口",
    "trailKmToSummit": "藻岩山:4.98km",
    "related": "PK-w390374520(63m) PK-w1081315804(117m) PK-w1081315803(132m) BS-kP11-22-01-bs8138(95m) BS-kP11-22-01-bs8134(103m) BS-kP11-22-01-bs8183(275m)",
    "attributes": "",
    "status": "provisional",
    "accuracyM": 15,
    "needsReview": "近くの道路にゲートあり（車両通行止め・季節閉鎖の可能性）、公式情報または2情報源での確認が必要",
    "sources": "OpenStreetMap（© OpenStreetMap contributors, ODbL 1.0）Geofabrik japan-latest.osm.pbf 2026-09-30T20:22:42Z node/8625641209",
    "verifiedAt": ""
   }
  },
  {
   "type": "Feature",
   "geometry": {
    "type": "Point",
    "coordinates": [
     144.6986947,
     43.7989664
    ]
   },
   "properties": {
    "id": "TH-n8928803283",
    "kind": "trailhead",
    "name": "（名称未確認）",
    "datum": "WGS84",
    "mountainIds": "11",
    "mountainNames": "斜里岳",
    "otherMountainNames": "",
    "lists": "日本百名山|日本二百名山|日本三百名山|北海道百名山",
    "routes": "OSM登山道「斜里岳登山道（三井コース）」",
    "entryType": "道路の終点付近",
    "trailKmToSummit": "斜里岳:4.31km",
    "related": "PK-w965195234(5m)",
    "attributes": "",
    "status": "provisional",
    "accuracyM": 30,
    "needsReview": "名称未確認、近くの道路にゲートあり（車両通行止め・季節閉鎖の可能性）、林道からの入口（マイカー進入可否を要確認）、公式情報または2情報源での確認が必要",
    "sources": "OpenStreetMap（© OpenStreetMap contributors, ODbL 1.0）Geofabrik japan-latest.osm.pbf 2026-09-30T20:22:42Z node/8928803283（登山道と道路の接続点）",
    "verifiedAt": ""
   }
  },
  {
   "type": "Feature",
   "geometry": {
    "type": "Point",
    "coordinates": [
     142.6521416,
     42.7766312
    ]
   },
   "properties": {
    "id": "TH-n8953416017",
    "kind": "trailhead",
    "name": "登山口入り口",
    "datum": "WGS84",
    "mountainIds": "66 68 70 71 72 73",
    "mountainNames": "伏美岳、ピパイロ岳、1967峰、北戸蔦別岳、戸蔦別岳、幌尻岳",
    "otherMountainNames": "",
    "lists": "北海道百名山|日本百名山|日本二百名山|日本三百名山",
    "routes": "",
    "entryType": "登山口（OSMの登山口地物）",
    "trailKmToSummit": "伏美岳:13.56km ピパイロ岳:10.21km 1967峰:8.28km 北戸蔦別岳:5.15km 戸蔦別岳:6.77km 幌尻岳:9.39km",
    "related": "",
    "attributes": "",
    "status": "provisional",
    "accuracyM": 15,
    "needsReview": "公式情報または2情報源での確認が必要",
    "sources": "OpenStreetMap（© OpenStreetMap contributors, ODbL 1.0）Geofabrik japan-latest.osm.pbf 2026-09-30T20:22:42Z node/8953416017",
    "verifiedAt": ""
   }
  },
  {
   "type": "Feature",
   "geometry": {
    "type": "Point",
    "coordinates": [
     145.1276848,
     44.1585289
    ]
   },
   "properties": {
    "id": "TH-n9034016426",
    "kind": "trailhead",
    "name": "知床硫黄山登山口",
    "datum": "WGS84",
    "mountainIds": "6 8",
    "mountainNames": "硫黄山、羅臼岳",
    "otherMountainNames": "",
    "lists": "北海道百名山|日本百名山|日本二百名山|日本三百名山",
    "routes": "",
    "entryType": "登山口（OSMの登山口地物）",
    "trailKmToSummit": "硫黄山:4.42km 羅臼岳:14.21km",
    "related": "PK-w1218638341(492m) BS-kP11-22-01-bs1279(513m)",
    "attributes": "",
    "status": "adopted",
    "accuracyM": 15,
    "needsReview": "近くの道路にゲートあり（車両通行止め・季節閉鎖の可能性）、採用の根拠: OSMの登山口名と、地理院地図の徒歩道が道路から始まる位置の一致（公式情報では未確認）",
    "sources": "OpenStreetMap（© OpenStreetMap contributors, ODbL 1.0）Geofabrik japan-latest.osm.pbf 2026-09-30T20:22:42Z node/9034016426 ｜ 国土地理院ベクトルタイル提供実験 地理院地図の徒歩道の起点（44.158550, 145.127647、JGD2011、4m差）2026-10-01確認",
    "verifiedAt": ""
   }
  },
  {
   "type": "Feature",
   "geometry": {
    "type": "Point",
    "coordinates": [
     140.6934722,
     42.0324578
    ]
   },
   "properties": {
    "id": "TH-n9107370832",
    "kind": "trailhead",
    "name": "（名称未確認）",
    "datum": "WGS84",
    "mountainIds": "96",
    "mountainNames": "駒ヶ岳",
    "otherMountainNames": "",
    "lists": "日本二百名山|日本三百名山|北海道百名山",
    "routes": "OSM登山道「駒ヶ岳登山道」",
    "entryType": "一般道との接続",
    "trailKmToSummit": "駒ヶ岳:3.76km",
    "related": "",
    "attributes": "",
    "status": "candidate",
    "accuracyM": 30,
    "needsReview": "名称未確認、登山道が道路を横断する地点（途中の入口の可能性）、公式情報または2情報源での確認が必要",
    "sources": "OpenStreetMap（© OpenStreetMap contributors, ODbL 1.0）Geofabrik japan-latest.osm.pbf 2026-09-30T20:22:42Z node/9107370832（登山道と道路の接続点）",
    "verifiedAt": ""
   }
  },
  {
   "type": "Feature",
   "geometry": {
    "type": "Point",
    "coordinates": [
     140.6388375,
     42.8741315
    ]
   },
   "properties": {
    "id": "TH-n9255414142",
    "kind": "trailhead",
    "name": "ニセコ五色温泉旅館",
    "datum": "WGS84",
    "mountainIds": "59",
    "mountainNames": "イワオヌプリ",
    "otherMountainNames": "",
    "lists": "北海道百名山",
    "routes": "",
    "entryType": "登山口（OSMの登山口地物）",
    "trailKmToSummit": "イワオヌプリ:2.55km",
    "related": "PK-w429788796(28m) PK-w429788804(118m) PK-w429788824(126m)",
    "attributes": "",
    "status": "provisional",
    "accuracyM": 15,
    "needsReview": "公式情報または2情報源での確認が必要",
    "sources": "OpenStreetMap（© OpenStreetMap contributors, ODbL 1.0）Geofabrik japan-latest.osm.pbf 2026-09-30T20:22:42Z node/9255414142",
    "verifiedAt": ""
   }
  },
  {
   "type": "Feature",
   "geometry": {
    "type": "Point",
    "coordinates": [
     140.7784165,
     42.7849194
    ]
   },
   "properties": {
    "id": "TH-n9430062075",
    "kind": "trailhead",
    "name": "（名称未確認）羊蹄自然公園入口バス停付近",
    "datum": "WGS84",
    "mountainIds": "63",
    "mountainNames": "羊蹄山",
    "otherMountainNames": "",
    "lists": "日本百名山|日本二百名山|日本三百名山|北海道百名山",
    "routes": "",
    "entryType": "林道との接続",
    "trailKmToSummit": "羊蹄山:8.41km",
    "related": "PK-w429221854(49m) PK-w1481689812(162m) PK-w429221848(203m) BS-kP11-22-01-bs11491(396m) BS-kP11-22-01-bs11471(576m)",
    "attributes": "",
    "status": "provisional",
    "accuracyM": 30,
    "needsReview": "名称未確認、林道からの入口（マイカー進入可否を要確認）、公式情報または2情報源での確認が必要",
    "sources": "OpenStreetMap（© OpenStreetMap contributors, ODbL 1.0）Geofabrik japan-latest.osm.pbf 2026-09-30T20:22:42Z node/9430062075（登山道と道路の接続点）",
    "verifiedAt": ""
   }
  },
  {
   "type": "Feature",
   "geometry": {
    "type": "Point",
    "coordinates": [
     142.9572873,
     43.6724853
    ]
   },
   "properties": {
    "id": "TH-n9916369521",
    "kind": "trailhead",
    "name": "赤岳登山口（銀泉台）",
    "datum": "WGS84",
    "mountainIds": "15 17 18 19 20 21 22 24",
    "mountainNames": "愛別岳、黒岳、北鎮岳、赤岳、小泉岳、大雪山、白雲岳、忠別岳",
    "otherMountainNames": "",
    "lists": "北海道百名山|日本百名山|日本二百名山|日本三百名山",
    "routes": "",
    "entryType": "登山口（OSMの登山口地物）",
    "trailKmToSummit": "愛別岳:15.56km 黒岳:11.02km 北鎮岳:12.15km 赤岳:3.53km 小泉岳:4.48km 大雪山:11.54km 白雲岳:5.99km 忠別岳:14.18km",
    "related": "PK-n9916394317(485m) BS-n9916369619(449m)",
    "attributes": "OSM登山ルート: 銀泉台ルート",
    "status": "provisional",
    "accuracyM": 15,
    "needsReview": "公式情報または2情報源での確認が必要、銀泉台地区では平成14年から自動車利用適正化（マイカー規制）が行われている（環境省）",
    "sources": "OpenStreetMap（© OpenStreetMap contributors, ODbL 1.0）Geofabrik japan-latest.osm.pbf 2026-09-30T20:22:42Z node/9916369521 ｜ 公式情報: https://www.env.go.jp/park/system/files/np_8.pdf",
    "verifiedAt": "2026-09-20"
   }
  },
  {
   "type": "Feature",
   "geometry": {
    "type": "Point",
    "coordinates": [
     142.9306411,
     43.6275776
    ]
   },
   "properties": {
    "id": "TH-n9918598718",
    "kind": "trailhead",
    "name": "緑岳登山口",
    "datum": "WGS84",
    "mountainIds": "17 19 20 21 22 24",
    "mountainNames": "黒岳、赤岳、小泉岳、大雪山、白雲岳、忠別岳",
    "otherMountainNames": "",
    "lists": "北海道百名山|日本百名山|日本二百名山|日本三百名山",
    "routes": "",
    "entryType": "登山口（OSMの登山口地物）",
    "trailKmToSummit": "黒岳:11.98km 赤岳:6.57km 小泉岳:5.63km 大雪山:12.5km 白雲岳:6.95km 忠別岳:9.96km",
    "related": "",
    "attributes": "",
    "status": "provisional",
    "accuracyM": 15,
    "needsReview": "公式情報または2情報源での確認が必要",
    "sources": "OpenStreetMap（© OpenStreetMap contributors, ODbL 1.0）Geofabrik japan-latest.osm.pbf 2026-09-30T20:22:42Z node/9918598718",
    "verifiedAt": ""
   }
  },
  {
   "type": "Feature",
   "geometry": {
    "type": "Point",
    "coordinates": [
     142.6964936,
     43.4655199
    ]
   },
   "properties": {
    "id": "TH-n9928813417",
    "kind": "trailhead",
    "name": "小屋まで3km, 登山口まで3km",
    "datum": "WGS84",
    "mountainIds": "34 37 38 39 40",
    "mountainNames": "オプタテシケ山、美瑛岳、十勝岳、上ホロカメットク山、富良野岳",
    "otherMountainNames": "",
    "lists": "日本三百名山|北海道百名山|日本百名山|日本二百名山",
    "routes": "",
    "entryType": "登山口（OSMの登山口地物）",
    "trailKmToSummit": "オプタテシケ山:6.56km 美瑛岳:5.42km 十勝岳:8.99km 上ホロカメットク山:11.06km 富良野岳:15.02km",
    "related": "",
    "attributes": "",
    "status": "provisional",
    "accuracyM": 15,
    "needsReview": "公式情報または2情報源での確認が必要",
    "sources": "OpenStreetMap（© OpenStreetMap contributors, ODbL 1.0）Geofabrik japan-latest.osm.pbf 2026-09-30T20:22:42Z node/9928813417",
    "verifiedAt": ""
   }
  },
  {
   "type": "Feature",
   "geometry": {
    "type": "Point",
    "coordinates": [
     142.6864507,
     43.4637191
    ]
   },
   "properties": {
    "id": "TH-n9928885617",
    "kind": "trailhead",
    "name": "小屋まで4km, 登山口まで2km",
    "datum": "WGS84",
    "mountainIds": "34 37 38 39 40",
    "mountainNames": "オプタテシケ山、美瑛岳、十勝岳、上ホロカメットク山、富良野岳",
    "otherMountainNames": "",
    "lists": "日本三百名山|北海道百名山|日本百名山|日本二百名山",
    "routes": "",
    "entryType": "登山口（OSMの登山口地物）",
    "trailKmToSummit": "オプタテシケ山:7.52km 美瑛岳:6.39km 十勝岳:9.96km 上ホロカメットク山:12.03km 富良野岳:15.98km",
    "related": "",
    "attributes": "",
    "status": "provisional",
    "accuracyM": 15,
    "needsReview": "近くの道路にゲートあり（車両通行止め・季節閉鎖の可能性）、公式情報または2情報源での確認が必要",
    "sources": "OpenStreetMap（© OpenStreetMap contributors, ODbL 1.0）Geofabrik japan-latest.osm.pbf 2026-09-30T20:22:42Z node/9928885617",
    "verifiedAt": ""
   }
  },
  {
   "type": "Feature",
   "geometry": {
    "type": "Point",
    "coordinates": [
     143.0875871,
     43.8470088
    ]
   },
   "properties": {
    "id": "TH-n9961342002",
    "kind": "trailhead",
    "name": "（名称未確認）",
    "datum": "WGS84",
    "mountainIds": "12",
    "mountainNames": "平山",
    "otherMountainNames": "",
    "lists": "北海道百名山",
    "routes": "",
    "entryType": "道路の終点付近",
    "trailKmToSummit": "平山:15.03km",
    "related": "PK-w1030906074(430m)",
    "attributes": "",
    "status": "provisional",
    "accuracyM": 30,
    "needsReview": "名称未確認、林道からの入口（マイカー進入可否を要確認）、公式情報または2情報源での確認が必要",
    "sources": "OpenStreetMap（© OpenStreetMap contributors, ODbL 1.0）Geofabrik japan-latest.osm.pbf 2026-09-30T20:22:42Z node/9961342002（登山道と道路の接続点）",
    "verifiedAt": ""
   }
  },
  {
   "type": "Feature",
   "geometry": {
    "type": "Point",
    "coordinates": [
     142.6719571,
     43.4692012
    ]
   },
   "properties": {
    "id": "TH-n9988497019",
    "kind": "trailhead",
    "name": "美瑛富士登山口（涸沢林道の先）",
    "datum": "WGS84",
    "mountainIds": "34 37 38 39 10002",
    "mountainNames": "オプタテシケ山、美瑛岳、十勝岳、上ホロカメットク山",
    "otherMountainNames": "美瑛富士",
    "lists": "日本三百名山|北海道百名山|日本百名山|日本二百名山",
    "routes": "",
    "entryType": "登山口（OSMの登山口地物）",
    "trailKmToSummit": "オプタテシケ山:9.07km 美瑛岳:7.93km 十勝岳:11.5km 上ホロカメットク山:13.57km",
    "related": "",
    "attributes": "forestRoad=涸沢林道 通行可",
    "status": "adopted",
    "accuracyM": 15,
    "needsReview": "近くの道路にゲートあり（車両通行止め・季節閉鎖の可能性）、林道からの入口（マイカー進入可否を要確認）、オプタテシケ山・美瑛富士・美瑛岳へは涸沢林道を利用（北海道森林管理局。通行可）、十勝岳が2026年9月12日に噴火警戒レベル3（入山規制）となったため、周辺の登山道の規制状況を自治体で確認すること",
    "sources": "OpenStreetMap（© OpenStreetMap contributors, ODbL 1.0）Geofabrik japan-latest.osm.pbf 2026-09-30T20:22:42Z node/9988497019 ｜ 公式情報: https://www.rinya.maff.go.jp/hokkaido/kamikawatyubu/tozanguti.html ｜ 公式情報: https://www.data.jma.go.jp/vois/data/report/volinfo/VJ20260912093000_108.html",
    "verifiedAt": "2026-09-20"
   }
  },
  {
   "type": "Feature",
   "geometry": {
    "type": "Point",
    "coordinates": [
     140.803871,
     42.52763
    ]
   },
   "properties": {
    "id": "TH-osm-n12248086861",
    "kind": "trailhead",
    "name": "有珠山登山口（有珠登山道）",
    "datum": "WGS84",
    "mountainIds": "10016",
    "mountainNames": "",
    "otherMountainNames": "有珠山",
    "lists": "",
    "routes": "",
    "entryType": "公式情報による登山口",
    "trailKmToSummit": "",
    "related": "PK-g4252763_14080387(0m) PK-n6904781997(180m)",
    "attributes": "parking=登山者用駐車場 約10台、草地、無料、簡易トイレあり（胆振総合振興局）; access=伊達市街から国道37号で洞爺湖町方面へ約10分、道の駅あぷたから約2分。JR室蘭本線 有珠駅から徒歩約25分（胆振総合振興局）; course=有珠外輪山展望台コース。登山口から外輪山展望台まで約2.6km（胆振総合振興局）",
    "status": "adopted",
    "accuracyM": 50,
    "needsReview": "水場がないので、十分な量の水を持っていく（胆振総合振興局）、外輪山遊歩道は冬期間（11月〜4月）は雪のため閉鎖。火口原展望台へは約600段の急な階段がある（有珠山ロープウェイ）",
    "sources": "OpenStreetMap（© OpenStreetMap contributors, ODbL 1.0）node/12248086861（案内板「有珠山登山ガイド」）、標高80.7m（国土地理院）。OSM の案内「有珠山外輪山遊歩道」（node/6904743626）から21m、地理院地図の徒歩道が車道から始まる位置（42.527529, 140.803536）から30m、OSM の駐車場（node/6904781997）から180m 2026-09-30確認 ｜ 公式情報: https://www.iburi.pref.hokkaido.lg.jp/ss/srk/yama/mountain/usu.html ｜ 公式情報: https://usuzan.hokkaido.jp/ja/trekking",
    "verifiedAt": "2026-09-30"
   }
  },
  {
   "type": "Feature",
   "geometry": {
    "type": "Point",
    "coordinates": [
     141.287974,
     43.063447
    ]
   },
   "properties": {
    "id": "TH-osm-n4412494508",
    "kind": "trailhead",
    "name": "三角山 山の手入口（札幌）",
    "datum": "WGS84",
    "mountainIds": "10006",
    "mountainNames": "",
    "otherMountainNames": "三角山",
    "lists": "",
    "routes": "",
    "entryType": "登山記録で広く使われている登山口",
    "trailKmToSummit": "",
    "related": "PK-g4306345_14128797(0m) BS-kP11-22-01-bs7449(243m) BS-kP11-22-01-bs7449(243m) BS-kP11-22-01-bs7553(466m)",
    "attributes": "",
    "status": "provisional",
    "accuracyM": 50,
    "needsReview": "",
    "sources": "OpenStreetMap（© OpenStreetMap contributors, ODbL 1.0）node/4412494508（案内「三角山 山の手側登山口」）、標高75.1m（国土地理院）。地理院地図の注記「山の手三条十二丁目」から69m、地理院地図の徒歩道が車道から始まる位置（43.063664, 141.288171）から29m。地理院地図の徒歩道で山頂まで約0.8km 2026-09-30確認 ｜ 登山記録で広く使われている登山口（登山記録・登山情報サイトで名称と利用を確認。公式情報では未確認） 2026-09-30確認",
    "verifiedAt": ""
   }
  },
  {
   "type": "Feature",
   "geometry": {
    "type": "Point",
    "coordinates": [
     140.97517,
     43.1779
    ]
   },
   "properties": {
    "id": "TH-osm-n6057324224",
    "kind": "trailhead",
    "name": "小樽天狗山ロープウエイ 山麓駅（天狗山登山口）",
    "datum": "WGS84",
    "mountainIds": "10005",
    "mountainNames": "",
    "otherMountainNames": "天狗山",
    "lists": "",
    "routes": "",
    "entryType": "公式情報による登山口",
    "trailKmToSummit": "",
    "related": "PK-g431779_14097517(0m) PK-w636165499(32m) PK-w636165500(34m) BS-kP11-22-01-bs5701(67m) BS-kP11-22-01-bs5693(299m) BS-kP11-22-01-bs5657(565m)",
    "attributes": "parking=無料駐車場100台（第1〜第5駐車場）（小樽天狗山ロープウエイ）; bus=小樽駅前ターミナル4番乗り場から天狗山ロープウエイ線（9）で約20分（小樽天狗山ロープウエイ）",
    "status": "adopted",
    "accuracyM": 50,
    "needsReview": "",
    "sources": "OpenStreetMap（© OpenStreetMap contributors, ODbL 1.0）node/6057324224（索道駅「天狗山ロープウェイ山麓駅」）、標高202.2m（国土地理院）。地理院地図の注記「山麓駅」から25m、国土数値情報のバス停「天狗山」（P11-22-01-bs5701）から約70m 2026-09-30確認 ｜ 公式情報: https://tenguyama.ckk.chuo-bus.co.jp/access/",
    "verifiedAt": "2026-09-30"
   }
  },
  {
   "type": "Feature",
   "geometry": {
    "type": "Point",
    "coordinates": [
     142.404911,
     42.705851
    ]
   },
   "properties": {
    "id": "TH-osm-n7619799585",
    "kind": "trailhead",
    "name": "とよぬか山荘（額平川コースのシャトルバス発着・受付）",
    "datum": "WGS84",
    "mountainIds": "73",
    "mountainNames": "幌尻岳",
    "otherMountainNames": "",
    "lists": "日本百名山|日本二百名山|日本三百名山|北海道百名山",
    "routes": "額平川（振内）コース",
    "entryType": "公式情報による登山口",
    "trailKmToSummit": "",
    "related": "",
    "attributes": "restriction=普通林道糠平・幌尻線は一般車両（二輪車・自転車を含む）の乗り入れを規制し、平取町がシャトルバスを運行（2011年7月1日から）; reservation=シャトルバスは事前の受付・予約が必要（幌尻山荘の予約時に併せて申し込む）。幌尻山荘も予約制; bus=とよぬか山荘駐車場〜普通林道幌尻線第2ゲート 21.6km・片道約1時間。運行7月1日〜9月30日。往復10,000円（中学生以下5,000円）",
    "status": "adopted",
    "accuracyM": 40,
    "needsReview": "額平川コースの林道は一般車両の乗り入れが規制され、とよぬか山荘から平取町のシャトルバスを利用する（平取町）、林道の状況は年により変わるため、平取町・森林管理署の最新情報を確認すること、額平川ルートは幌尻山荘まで十数回の渡渉を繰り返す。雨が続くと増水して2〜3日渡れないことがあり、最近の事故の大部分は渡渉中（平取町）",
    "sources": "OpenStreetMap（© OpenStreetMap contributors, ODbL 1.0）node/7619799585（とよぬか山荘） ｜ 公式情報: https://www.rinya.maff.go.jp/hokkaido/apply/nyurin/kisei/tozanguti.html ｜ 公式情報: https://www.rinya.maff.go.jp/hokkaido/hidakananbu/mountaintrail.html ｜ 公式情報: https://www.town.biratori.hokkaido.jp/material/files/group/1/shuttle_bus_no_riyo.pdf ｜ 公式情報: https://www.town.biratori.hokkaido.jp/soshikikarasagasu/kankoshokoka/kankoshokokakari/1/3/2/414.html ｜ 公式情報: https://horoshiri-biratori.jp/",
    "verifiedAt": "2026-09-20"
   }
  },
  {
   "type": "Feature",
   "geometry": {
    "type": "Point",
    "coordinates": [
     142.586547,
     42.770564
    ]
   },
   "properties": {
    "id": "TH-osm-n7619799685",
    "kind": "trailhead",
    "name": "幌尻岳 第二ゲート（シャトルバス終点・登山道入口）",
    "datum": "WGS84",
    "mountainIds": "73",
    "mountainNames": "幌尻岳",
    "otherMountainNames": "",
    "lists": "日本百名山|日本二百名山|日本三百名山|北海道百名山",
    "routes": "額平川（振内）コース",
    "entryType": "公式情報による登山口",
    "trailKmToSummit": "",
    "related": "BS-n7619799685(0m)",
    "attributes": "",
    "status": "adopted",
    "accuracyM": 40,
    "needsReview": "平取町のシャトルバスの終点。下車後は徒歩で、北電取水施設の約7.5km手前が登山道入口（平取町）",
    "sources": "OpenStreetMap（© OpenStreetMap contributors, ODbL 1.0）node/7619799685（第二ゲート バス停） ｜ 公式情報: https://www.rinya.maff.go.jp/hokkaido/apply/nyurin/kisei/tozanguti.html ｜ 公式情報: https://www.rinya.maff.go.jp/hokkaido/hidakananbu/mountaintrail.html ｜ 公式情報: https://www.town.biratori.hokkaido.jp/soshikikarasagasu/kankoshokoka/kankoshokokakari/1/3/2/414.html",
    "verifiedAt": "2026-09-20"
   }
  },
  {
   "type": "Feature",
   "geometry": {
    "type": "Point",
    "coordinates": [
     140.662747,
     42.667663
    ]
   },
   "properties": {
    "id": "TH-osm-n7725309385",
    "kind": "trailhead",
    "name": "昆布岳登山口（豊浦コース）",
    "datum": "WGS84",
    "mountainIds": "75",
    "mountainNames": "昆布岳",
    "otherMountainNames": "",
    "lists": "北海道百名山",
    "routes": "",
    "entryType": "公式情報による登山口",
    "trailKmToSummit": "",
    "related": "",
    "attributes": "parking=約10台前後、砂利、無料。駐車場にトイレ（非水洗）（胆振総合振興局）; access=国道37号から案内看板に沿って道道702号→914号へ（胆振総合振興局）",
    "status": "adopted",
    "accuracyM": 50,
    "needsReview": "登山口は駐車場向かいの民家倉庫横。住民の迷惑にならないよう配慮すること。終盤は吹きさらしで、悪天候時は無理をしない（胆振総合振興局）",
    "sources": "OpenStreetMap（© OpenStreetMap contributors, ODbL 1.0）node/7725309385（「昆布岳登山口」）。地理院地図の徒歩道で山頂まで約5.6km 2026-09-25確認 ｜ 公式情報: https://www.iburi.pref.hokkaido.lg.jp/ss/srk/yama/mountain/konbu.html",
    "verifiedAt": "2026-09-25"
   }
  },
  {
   "type": "Feature",
   "geometry": {
    "type": "Point",
    "coordinates": [
     140.223496,
     42.584335
    ]
   },
   "properties": {
    "id": "TH-osm-n7732860485",
    "kind": "trailhead",
    "name": "長万部岳登山口駐車場（林道ゲート前）",
    "datum": "WGS84",
    "mountainIds": "84",
    "mountainNames": "長万部岳",
    "otherMountainNames": "",
    "lists": "北海道百名山",
    "routes": "",
    "entryType": "登山記録で広く使われている登山口",
    "trailKmToSummit": "",
    "related": "",
    "attributes": "",
    "status": "provisional",
    "accuracyM": 50,
    "needsReview": "",
    "sources": "OpenStreetMap（© OpenStreetMap contributors, ODbL 1.0）node/7732860485（「長万部岳登山口駐車場」） 2026-09-25確認 ｜ 登山記録で広く使われている登山口（登山記録・登山情報サイトで名称と利用を確認。公式情報では未確認） 2026-09-25確認",
    "verifiedAt": ""
   }
  },
  {
   "type": "Feature",
   "geometry": {
    "type": "Point",
    "coordinates": [
     144.353139,
     43.703431
    ]
   },
   "properties": {
    "id": "TH-osm-w477217552",
    "kind": "trailhead",
    "name": "ハイランド小清水725（藻琴山登山口）",
    "datum": "WGS84",
    "mountainIds": "10001",
    "mountainNames": "",
    "otherMountainNames": "藻琴山",
    "lists": "",
    "routes": "",
    "entryType": "公式情報による登山口",
    "trailKmToSummit": "",
    "related": "PK-g4370343_14435314(0m) PK-w477217552(0m)",
    "attributes": "course=スカイライン遊歩道（登山道）約2km、登り約60分・下り約45分（川湯エコミュージアムセンター）; access=登山口までの公共バスはない（川湯エコミュージアムセンター）",
    "status": "adopted",
    "accuracyM": 50,
    "needsReview": "キャンプ場や小清水ハイランドのトイレは夏期以外は閉鎖されている。春先や秋口は開放されているか確認する（川湯エコミュージアムセンター）、植生保護のため登山道沿いにロープがある。登山道からはみ出さない（川湯エコミュージアムセンター）、積雪時はハイランド小清水725と駐車場は使えないとの情報がある。入山前に最新情報を確認すること",
    "sources": "OpenStreetMap（© OpenStreetMap contributors, ODbL 1.0）way/477217552（駐車場「ハイランド小清水725」）、標高727.9m（国土地理院）。地理院地図の車道の終点で徒歩道が始まる位置（43.703716, 144.353228）から32m。地理院地図の徒歩道で山頂まで約1.9km 2026-09-30確認 ｜ 公式情報: https://www.kawayu-eco-museum.com/mtmokototrail/",
    "verifiedAt": "2026-09-30"
   }
  },
  {
   "type": "Feature",
   "geometry": {
    "type": "Point",
    "coordinates": [
     142.649388,
     43.447442
    ]
   },
   "properties": {
    "id": "TH-osm-w575545460",
    "kind": "trailhead",
    "name": "十勝岳望岳台",
    "datum": "WGS84",
    "mountainIds": "38",
    "mountainNames": "十勝岳",
    "otherMountainNames": "",
    "lists": "日本百名山|日本二百名山|日本三百名山|北海道百名山",
    "routes": "望岳台コース",
    "entryType": "公式情報による登山口",
    "trailKmToSummit": "",
    "related": "PK-w575545460(0m)",
    "attributes": "restriction=噴火警戒レベル3（入山規制）",
    "status": "provisional",
    "accuracyM": 40,
    "needsReview": "2026年9月12日9時30分に噴火警戒レベル3（入山規制）へ引き上げられた（気象庁）。火口から概ね3kmの範囲は立入禁止で、十勝岳への登山はできない、対象市町村は富良野市・美瑛町・上富良野町・南富良野町・新得町（気象庁）、入山前に気象庁の噴火警戒レベルと自治体の指示を確認すること",
    "sources": "OpenStreetMap（© OpenStreetMap contributors, ODbL 1.0）way/575545460（望岳台 駐車場） ｜ 公式情報: https://www.data.jma.go.jp/vois/data/report/volinfo/VJ20260912093000_108.html ｜ 公式情報: https://hokkaido.env.go.jp/emergency/emergency_00004.html ｜ 公式情報: https://www.pref.hokkaido.lg.jp/sm/ktk/270434.html ｜ 公式情報: https://town.biei.hokkaido.jp/emergency/tokachidake.html",
    "verifiedAt": "2026-09-20"
   }
  },
  {
   "type": "Feature",
   "geometry": {
    "type": "Point",
    "coordinates": [
     141.153151,
     41.794651
    ]
   },
   "properties": {
    "id": "TH-osm-w986843571",
    "kind": "trailhead",
    "name": "火口原駐車場（恵山 権現堂コース登山口）",
    "datum": "WGS84",
    "mountainIds": "98",
    "mountainNames": "恵山",
    "otherMountainNames": "",
    "lists": "北海道百名山",
    "routes": "",
    "entryType": "登山記録で広く使われている登山口",
    "trailKmToSummit": "",
    "related": "PK-g4179465_14115315(0m) PK-w986843571(0m) PK-w565112455(53m) BS-kP11-22-01-bs13975(932m)",
    "attributes": "",
    "status": "provisional",
    "accuracyM": 200,
    "needsReview": "",
    "sources": "OpenStreetMap（© OpenStreetMap contributors, ODbL 1.0）way/986843571「（名称なし）駐車場」の位置（41.794651, 141.153151） 2026-09-29確認 ｜ 登山記録で広く使われている登山口（登山記録・登山情報サイトで名称と利用を確認。公式情報では未確認） 2026-09-29確認",
    "verifiedAt": ""
   }
  },
  {
   "type": "Feature",
   "geometry": {
    "type": "Point",
    "coordinates": [
     140.515724,
     42.9465077
    ]
   },
   "properties": {
    "id": "TH-w1030295081",
    "kind": "trailhead",
    "name": "（名称未確認）イワナイブルワリー＆ホテル付近",
    "datum": "WGS84",
    "mountainIds": "56 58",
    "mountainNames": "雷電山、目国内岳",
    "otherMountainNames": "",
    "lists": "北海道百名山",
    "routes": "",
    "entryType": "索道駅（ロープウェイ・ゴンドラ）",
    "trailKmToSummit": "雷電山:8.51km 目国内岳:7.19km",
    "related": "PK-n5564066675(150m) PK-w902498501(415m) PK-n10595590223(417m) BS-n10657168543(719m)",
    "attributes": "",
    "status": "provisional",
    "accuracyM": 15,
    "needsReview": "名称未確認、公式情報または2情報源での確認が必要",
    "sources": "OpenStreetMap（© OpenStreetMap contributors, ODbL 1.0）Geofabrik japan-latest.osm.pbf 2026-09-30T20:22:42Z way/1030295081（索道の端点 node/9497431371）",
    "verifiedAt": ""
   }
  },
  {
   "type": "Feature",
   "geometry": {
    "type": "Point",
    "coordinates": [
     140.6676716,
     42.8730882
    ]
   },
   "properties": {
    "id": "TH-w22650107",
    "kind": "trailhead",
    "name": "花園第3クワッド フード付",
    "datum": "WGS84",
    "mountainIds": "65",
    "mountainNames": "ニセコアンヌプリ",
    "otherMountainNames": "",
    "lists": "日本三百名山|北海道百名山",
    "routes": "",
    "entryType": "索道駅（ロープウェイ・ゴンドラ）",
    "trailKmToSummit": "ニセコアンヌプリ:0.97km",
    "related": "",
    "attributes": "",
    "status": "provisional",
    "accuracyM": 15,
    "needsReview": "公式情報または2情報源での確認が必要",
    "sources": "OpenStreetMap（© OpenStreetMap contributors, ODbL 1.0）Geofabrik japan-latest.osm.pbf 2026-09-30T20:22:42Z way/22650107（索道の端点 node/242921131）",
    "verifiedAt": ""
   }
  },
  {
   "type": "Feature",
   "geometry": {
    "type": "Point",
    "coordinates": [
     140.6771233,
     42.8779065
    ]
   },
   "properties": {
    "id": "TH-w22650110",
    "kind": "trailhead",
    "name": "花園第2クワッド",
    "datum": "WGS84",
    "mountainIds": "65",
    "mountainNames": "ニセコアンヌプリ",
    "otherMountainNames": "",
    "lists": "日本三百名山|北海道百名山",
    "routes": "",
    "entryType": "索道駅（ロープウェイ・ゴンドラ）",
    "trailKmToSummit": "ニセコアンヌプリ:1.82km",
    "related": "",
    "attributes": "",
    "status": "provisional",
    "accuracyM": 15,
    "needsReview": "公式情報または2情報源での確認が必要",
    "sources": "OpenStreetMap（© OpenStreetMap contributors, ODbL 1.0）Geofabrik japan-latest.osm.pbf 2026-09-30T20:22:42Z way/22650110（索道の端点 node/242921195）",
    "verifiedAt": ""
   }
  },
  {
   "type": "Feature",
   "geometry": {
    "type": "Point",
    "coordinates": [
     141.0266955,
     43.0566659
    ]
   },
   "properties": {
    "id": "TH-w264453834",
    "kind": "trailhead",
    "name": "キロロゴンドラ（余市岳方面）",
    "datum": "WGS84",
    "mountainIds": "51",
    "mountainNames": "余市岳",
    "otherMountainNames": "",
    "lists": "日本三百名山|北海道百名山",
    "routes": "",
    "entryType": "索道駅（ロープウェイ・ゴンドラ）",
    "trailKmToSummit": "余市岳:4.28km",
    "related": "",
    "attributes": "",
    "status": "adopted",
    "accuracyM": 15,
    "needsReview": "キロロリゾートが余市岳への登山にキロロゴンドラを案内している（キロロリゾート）、夏季のゴンドラ運行日・時間は限られる。往復の所要時間と運行時間を事前に確認すること",
    "sources": "OpenStreetMap（© OpenStreetMap contributors, ODbL 1.0）Geofabrik japan-latest.osm.pbf 2026-09-30T20:22:42Z way/264453834（索道の端点 node/2701323923） ｜ 公式情報: https://www.kiroro.co.jp/ja/attractions/%E4%BD%99%E5%B8%82%E5%B2%B3/",
    "verifiedAt": "2026-09-20"
   }
  },
  {
   "type": "Feature",
   "geometry": {
    "type": "Point",
    "coordinates": [
     141.0077181,
     43.051948
    ]
   },
   "properties": {
    "id": "TH-w278755624",
    "kind": "trailhead",
    "name": "朝里第１リフト",
    "datum": "WGS84",
    "mountainIds": "51",
    "mountainNames": "余市岳",
    "otherMountainNames": "",
    "lists": "日本三百名山|北海道百名山",
    "routes": "",
    "entryType": "索道駅（ロープウェイ・ゴンドラ）",
    "trailKmToSummit": "余市岳:4.69km",
    "related": "",
    "attributes": "",
    "status": "provisional",
    "accuracyM": 15,
    "needsReview": "公式情報または2情報源での確認が必要",
    "sources": "OpenStreetMap（© OpenStreetMap contributors, ODbL 1.0）Geofabrik japan-latest.osm.pbf 2026-09-30T20:22:42Z way/278755624（索道の端点 node/2830699437）",
    "verifiedAt": ""
   }
  },
  {
   "type": "Feature",
   "geometry": {
    "type": "Point",
    "coordinates": [
     142.8246447,
     43.6619237
    ]
   },
   "properties": {
    "id": "TH-w28242117",
    "kind": "trailhead",
    "name": "大雪山旭岳ロープウェイ",
    "datum": "WGS84",
    "mountainIds": "21 15 17 18 19 20 22",
    "mountainNames": "大雪山、愛別岳、黒岳、北鎮岳、赤岳、小泉岳、白雲岳",
    "otherMountainNames": "",
    "lists": "日本百名山|日本二百名山|日本三百名山|北海道百名山",
    "routes": "旭岳〜黒岳縦走、旭岳ロープウェイ姿見駅コース",
    "entryType": "索道駅（ロープウェイ・ゴンドラ）",
    "trailKmToSummit": "大雪山:2.57km 愛別岳:9.19km 黒岳:10.5km 北鎮岳:7.33km 赤岳:10.77km 小泉岳:9.83km 白雲岳:10.38km",
    "related": "",
    "attributes": "",
    "status": "adopted",
    "accuracyM": 15,
    "needsReview": "",
    "sources": "OpenStreetMap（© OpenStreetMap contributors, ODbL 1.0）Geofabrik japan-latest.osm.pbf 2026-09-30T20:22:42Z way/28242117（索道の端点 node/310184935） ｜ 国土地理院 地名検索「旭岳ロープウェイ姿見駅」（43.663886, 142.824993、JGD2011、219m差）確認",
    "verifiedAt": ""
   }
  },
  {
   "type": "Feature",
   "geometry": {
    "type": "Point",
    "coordinates": [
     142.7988835,
     43.6530594
    ]
   },
   "properties": {
    "id": "TH-w28242117-2",
    "kind": "trailhead",
    "name": "大雪山旭岳ロープウェイ",
    "datum": "WGS84",
    "mountainIds": "15 17 18 19 20 21 22",
    "mountainNames": "愛別岳、黒岳、北鎮岳、赤岳、小泉岳、大雪山、白雲岳",
    "otherMountainNames": "",
    "lists": "北海道百名山|日本百名山|日本二百名山|日本三百名山",
    "routes": "",
    "entryType": "索道駅（ロープウェイ・ゴンドラ）",
    "trailKmToSummit": "愛別岳:12.82km 黒岳:13.89km 北鎮岳:10.72km 赤岳:14.16km 小泉岳:13.22km 大雪山:5.96km 白雲岳:13.77km",
    "related": "PK-w233365969(61m) PK-w233365968(136m) PK-w485604722(270m) BS-kP11-22-01-bs3818(81m) BS-kP11-22-01-bs3818(81m) BS-kP11-22-01-bs3821(141m)",
    "attributes": "",
    "status": "provisional",
    "accuracyM": 15,
    "needsReview": "公式情報または2情報源での確認が必要",
    "sources": "OpenStreetMap（© OpenStreetMap contributors, ODbL 1.0）Geofabrik japan-latest.osm.pbf 2026-09-30T20:22:42Z way/28242117（索道の端点 node/310184889）",
    "verifiedAt": ""
   }
  },
  {
   "type": "Feature",
   "geometry": {
    "type": "Point",
    "coordinates": [
     141.1968381,
     43.0753532
    ]
   },
   "properties": {
    "id": "TH-w331945091",
    "kind": "trailhead",
    "name": "サミット エクスプレス",
    "datum": "WGS84",
    "mountainIds": "49",
    "mountainNames": "手稲山",
    "otherMountainNames": "",
    "lists": "北海道百名山",
    "routes": "",
    "entryType": "索道駅（ロープウェイ・ゴンドラ）",
    "trailKmToSummit": "手稲山:0.25km",
    "related": "",
    "attributes": "",
    "status": "provisional",
    "accuracyM": 15,
    "needsReview": "公式情報または2情報源での確認が必要",
    "sources": "OpenStreetMap（© OpenStreetMap contributors, ODbL 1.0）Geofabrik japan-latest.osm.pbf 2026-09-30T20:22:42Z way/331945091（索道の端点 node/4964038303）",
    "verifiedAt": ""
   }
  },
  {
   "type": "Feature",
   "geometry": {
    "type": "Point",
    "coordinates": [
     140.7139375,
     41.761623
    ]
   },
   "properties": {
    "id": "TH-w454280224",
    "kind": "trailhead",
    "name": "函館山山麓駐車場",
    "datum": "WGS84",
    "mountainIds": "99",
    "mountainNames": "函館山",
    "otherMountainNames": "",
    "lists": "北海道百名山",
    "routes": "",
    "entryType": "駐車場・バス停（林道・車道を経由して登山道へ）",
    "trailKmToSummit": "函館山:1.35km",
    "related": "PK-w454280224(0m) PK-w283051893(47m) PK-w855922563(122m) BS-kP11-22-01-bs14223(77m) BS-kP11-22-01-bs14204(335m) BS-kP11-22-01-bs14202(346m)",
    "attributes": "",
    "status": "provisional",
    "accuracyM": 15,
    "needsReview": "近くの道路にゲートあり（車両通行止め・季節閉鎖の可能性）、林道からの入口（マイカー進入可否を要確認）、公式情報または2情報源での確認が必要",
    "sources": "OpenStreetMap（© OpenStreetMap contributors, ODbL 1.0）Geofabrik japan-latest.osm.pbf 2026-09-30T20:22:42Z way/454280224 ｜ OpenStreetMap（© OpenStreetMap contributors, ODbL 1.0）Geofabrik japan-latest.osm.pbf 2026-09-30T20:22:42Z node/757023195（登山道と道路の接続点）",
    "verifiedAt": ""
   }
  },
  {
   "type": "Feature",
   "geometry": {
    "type": "Point",
    "coordinates": [
     142.3337173,
     43.3272089
    ]
   },
   "properties": {
    "id": "TH-w507273148",
    "kind": "trailhead",
    "name": "ダウンヒル第2ロマンス",
    "datum": "WGS84",
    "mountainIds": "43",
    "mountainNames": "富良野西岳",
    "otherMountainNames": "",
    "lists": "北海道百名山",
    "routes": "",
    "entryType": "索道駅（ロープウェイ・ゴンドラ）",
    "trailKmToSummit": "富良野西岳:4.05km",
    "related": "",
    "attributes": "",
    "status": "provisional",
    "accuracyM": 15,
    "needsReview": "公式情報または2情報源での確認が必要",
    "sources": "OpenStreetMap（© OpenStreetMap contributors, ODbL 1.0）Geofabrik japan-latest.osm.pbf 2026-09-30T20:22:42Z way/507273148（索道の端点 node/4968096004）",
    "verifiedAt": ""
   }
  },
  {
   "type": "Feature",
   "geometry": {
    "type": "Point",
    "coordinates": [
     140.5986238,
     42.8697023
    ]
   },
   "properties": {
    "id": "TH-w576668162",
    "kind": "trailhead",
    "name": "大湯沼Ｐ；雪秩父Ｐ",
    "datum": "WGS84",
    "mountainIds": "59",
    "mountainNames": "イワオヌプリ",
    "otherMountainNames": "",
    "lists": "北海道百名山",
    "routes": "",
    "entryType": "駐車場・バス停（林道・車道を経由して登山道へ）",
    "trailKmToSummit": "イワオヌプリ:4.94km",
    "related": "PK-w576668162(0m) PK-w429788837(131m) PK-w429788831(162m)",
    "attributes": "",
    "status": "provisional",
    "accuracyM": 15,
    "needsReview": "公式情報または2情報源での確認が必要",
    "sources": "OpenStreetMap（© OpenStreetMap contributors, ODbL 1.0）Geofabrik japan-latest.osm.pbf 2026-09-30T20:22:42Z way/576668162 ｜ OpenStreetMap（© OpenStreetMap contributors, ODbL 1.0）Geofabrik japan-latest.osm.pbf 2026-09-30T20:22:42Z node/1303312850（登山道と道路の接続点）",
    "verifiedAt": ""
   }
  },
  {
   "type": "Feature",
   "geometry": {
    "type": "Point",
    "coordinates": [
     142.7807189,
     43.1739082
    ]
   },
   "properties": {
    "id": "TH-w786502735",
    "kind": "trailhead",
    "name": "サホロエキスプレス",
    "datum": "WGS84",
    "mountainIds": "48",
    "mountainNames": "佐幌岳",
    "otherMountainNames": "",
    "lists": "北海道百名山",
    "routes": "",
    "entryType": "索道駅（ロープウェイ・ゴンドラ）",
    "trailKmToSummit": "佐幌岳:0.07km",
    "related": "",
    "attributes": "",
    "status": "provisional",
    "accuracyM": 15,
    "needsReview": "公式情報または2情報源での確認が必要",
    "sources": "OpenStreetMap（© OpenStreetMap contributors, ODbL 1.0）Geofabrik japan-latest.osm.pbf 2026-09-30T20:22:42Z way/786502735（索道の端点 node/7354083322）",
    "verifiedAt": ""
   }
  },
  {
   "type": "Feature",
   "geometry": {
    "type": "Point",
    "coordinates": [
     141.0024876,
     42.4159162
    ]
   },
   "properties": {
    "id": "TH-w999081284",
    "kind": "trailhead",
    "name": "（名称未確認）",
    "datum": "WGS84",
    "mountainIds": "89",
    "mountainNames": "鷲別岳",
    "otherMountainNames": "",
    "lists": "北海道百名山",
    "routes": "",
    "entryType": "索道駅（ロープウェイ・ゴンドラ）",
    "trailKmToSummit": "鷲別岳:2.35km",
    "related": "PK-w106205300(250m) PK-w106202051(370m)",
    "attributes": "",
    "status": "provisional",
    "accuracyM": 15,
    "needsReview": "名称未確認、公式情報または2情報源での確認が必要",
    "sources": "OpenStreetMap（© OpenStreetMap contributors, ODbL 1.0）Geofabrik japan-latest.osm.pbf 2026-09-30T20:22:42Z way/999081284（索道の端点 node/9224013696）",
    "verifiedAt": ""
   }
  },
  {
   "type": "Feature",
   "geometry": {
    "type": "Point",
    "coordinates": [
     141.0019235,
     42.4195789
    ]
   },
   "properties": {
    "id": "TH-w999081284-2",
    "kind": "trailhead",
    "name": "（名称未確認）白鳥ヒュッテ付近",
    "datum": "WGS84",
    "mountainIds": "89",
    "mountainNames": "鷲別岳",
    "otherMountainNames": "",
    "lists": "北海道百名山",
    "routes": "",
    "entryType": "索道駅（ロープウェイ・ゴンドラ）",
    "trailKmToSummit": "鷲別岳:1.88km",
    "related": "",
    "attributes": "",
    "status": "provisional",
    "accuracyM": 15,
    "needsReview": "名称未確認、公式情報または2情報源での確認が必要",
    "sources": "OpenStreetMap（© OpenStreetMap contributors, ODbL 1.0）Geofabrik japan-latest.osm.pbf 2026-09-30T20:22:42Z way/999081284（索道の端点 node/9224013703）",
    "verifiedAt": ""
   }
  }
 ]
}