id,kind,name,lat,lon,datum,mountainIds,mountainNames,otherMountainNames,lists,routes,entryType,trailKmToSummit,related,attributes,status,accuracyM,needsReview,sources,verifiedAt
BS-kP11-22-36-bs1507,bus_stop,伴蔵,33.9464673,134.2495896,WGS84,738,東宮山,,四国百名山,,,,TH-kP11-22-36-bs1518(691m),operator=神山町; busType=コミュニティバス; busRoutes=神山町営バス　勘場線,adopted,10,運行状況（季節運行・休止・予約制）を要確認、登山口から離れている（徒歩アプローチを要確認）,"国土数値情報（バス停留所データ）令和4年度（国土交通省）P11-22-36-bs1507（33.946467, 134.249590、JGD2011）を加工して作成",
BS-kP11-22-36-bs1518,bus_stop,勘場,33.9434879,134.2430128,WGS84,738,東宮山,,四国百名山,,,,TH-kP11-22-36-bs1518(0m) TH-n1853851050(357m),operator=神山町; busType=コミュニティバス; busRoutes=神山町営バス　勘場線,adopted,10,運行状況（季節運行・休止・予約制）を要確認,"国土数値情報（バス停留所データ）令和4年度（国土交通省）P11-22-36-bs1518（33.943488, 134.243013、JGD2011）を加工して作成",
BS-kP11-22-36-bs1586,bus_stop,小歩危峡,33.9265247,133.7601284,WGS84,755,国見山,,四国百名山,,,,TH-n1793348226(567m),operator=三好市; busType=コミュニティバス; busRoutes=下名線 / 平線,adopted,10,運行状況（季節運行・休止・予約制）を要確認,"国土数値情報（バス停留所データ）令和4年度（国土交通省）P11-22-36-bs1586（33.926525, 133.760128、JGD2011）を加工して作成",
BS-kP11-22-36-bs1597,bus_stop,診療所,33.9243564,134.4207572,WGS84,739,旭ヶ丸,,四国百名山,,,,TH-n1617280592(939m),operator=上勝町; busType=公営路線バス; busRoutes=上勝町営バス,adopted,10,運行状況（季節運行・休止・予約制）を要確認、登山口から離れている（徒歩アプローチを要確認）,"国土数値情報（バス停留所データ）令和4年度（国土交通省）P11-22-36-bs1597（33.924356, 134.420757、JGD2011）を加工して作成",
BS-kP11-22-36-bs1605,bus_stop,小歩危駅前,33.9221728,133.759061,WGS84,755,国見山,,四国百名山,,,,TH-n1793348226(78m),operator=三好市; busType=コミュニティバス; busRoutes=下名線 / 平線,adopted,10,運行状況（季節運行・休止・予約制）を要確認,"国土数値情報（バス停留所データ）令和4年度（国土交通省）P11-22-36-bs1605（33.922173, 133.759061、JGD2011）を加工して作成",
BS-kP11-22-36-bs1606,bus_stop,小歩危駅前,33.9221728,133.759061,WGS84,755,国見山,,四国百名山,,,,TH-n1793348226(78m),operator=四国交通（株）; busType=民間路線バス; busRoutes=祖谷線（本線）,adopted,10,運行状況（季節運行・休止・予約制）を要確認,"国土数値情報（バス停留所データ）令和4年度（国土交通省）P11-22-36-bs1606（33.922173, 133.759061、JGD2011）を加工して作成",
BS-kP11-22-36-bs1687,bus_stop,西谷,33.8912085,133.7862228,WGS84,755,国見山,,四国百名山,,,,TH-gsi-kunimi-rindo(746m),operator=三好市; busType=コミュニティバス; busRoutes=かずら橋・大歩危線,adopted,10,運行状況（季節運行・休止・予約制）を要確認、登山口から離れている（徒歩アプローチを要確認）,"国土数値情報（バス停留所データ）令和4年度（国土交通省）P11-22-36-bs1687（33.891208, 133.786223、JGD2011）を加工して作成",
BS-kP11-22-36-bs1699,bus_stop,尾井ノ内上,33.8883267,133.7979216,WGS84,755,国見山,,四国百名山,,,,TH-gsi-kunimi-toge(414m),operator=三好市; busType=コミュニティバス; busRoutes=かずら橋・大歩危線,adopted,10,運行状況（季節運行・休止・予約制）を要確認,"国土数値情報（バス停留所データ）令和4年度（国土交通省）P11-22-36-bs1699（33.888327, 133.797922、JGD2011）を加工して作成",
BS-kP11-22-36-bs1700,bus_stop,峠,33.8879274,133.789385,WGS84,755,国見山,,四国百名山,,,,TH-gsi-kunimi-toge(431m) TH-gsi-kunimi-rindo(949m),operator=三好市; busType=コミュニティバス; busRoutes=かずら橋・大歩危線,adopted,10,運行状況（季節運行・休止・予約制）を要確認、登山口から離れている（徒歩アプローチを要確認）,"国土数値情報（バス停留所データ）令和4年度（国土交通省）P11-22-36-bs1700（33.887927, 133.789385、JGD2011）を加工して作成",
BS-kP11-22-36-bs1714,bus_stop,大歩危峡,33.8851181,133.7600018,WGS84,755,国見山,,四国百名山,,,,TH-n1793344548(573m) TH-n1793345107(626m),operator=三好市; busType=コミュニティバス; busRoutes=下名線 / 平線,adopted,10,運行状況（季節運行・休止・予約制）を要確認、登山口から離れている（徒歩アプローチを要確認）,"国土数値情報（バス停留所データ）令和4年度（国土交通省）P11-22-36-bs1714（33.885118, 133.760002、JGD2011）を加工して作成",
BS-kP11-22-36-bs1715,bus_stop,大歩危峡,33.8851181,133.7600018,WGS84,755,国見山,,四国百名山,,,,TH-n1793344548(573m) TH-n1793345107(626m),operator=四国交通（株）; busType=民間路線バス; busRoutes=祖谷線（本線） / 祖谷線（支線）,adopted,10,運行状況（季節運行・休止・予約制）を要確認、登山口から離れている（徒歩アプローチを要確認）,"国土数値情報（バス停留所データ）令和4年度（国土交通省）P11-22-36-bs1715（33.885118, 133.760002、JGD2011）を加工して作成",
BS-kP11-22-36-bs1721,bus_stop,後山,33.8842449,133.7891502,WGS84,755,国見山,,四国百名山,,,,TH-gsi-kunimi-toge(516m),operator=三好市; busType=コミュニティバス; busRoutes=かずら橋・大歩危線,adopted,10,運行状況（季節運行・休止・予約制）を要確認,"国土数値情報（バス停留所データ）令和4年度（国土交通省）P11-22-36-bs1721（33.884245, 133.789150、JGD2011）を加工して作成",
BS-kP11-22-36-bs1726,bus_stop,藤川橋,33.8832339,133.7583681,WGS84,755,国見山,,四国百名山,,,,TH-n1793345107(870m),operator=三好市; busType=コミュニティバス; busRoutes=平線,adopted,10,運行状況（季節運行・休止・予約制）を要確認、登山口から離れている（徒歩アプローチを要確認）,"国土数値情報（バス停留所データ）令和4年度（国土交通省）P11-22-36-bs1726（33.883234, 133.758368、JGD2011）を加工して作成",
BS-kP11-22-36-bs1730,bus_stop,鎖谷下,33.8819907,133.9293493,WGS84,747 758,烏帽子山、寒峰,,四国百名山,,,,TH-n1699094826(770m),operator=三好市; busType=コミュニティバス; busRoutes=名頃線,adopted,10,運行状況（季節運行・休止・予約制）を要確認、登山口から離れている（徒歩アプローチを要確認）,"国土数値情報（バス停留所データ）令和4年度（国土交通省）P11-22-36-bs1730（33.881991, 133.929349、JGD2011）を加工して作成",
BS-kP11-22-36-bs1731,bus_stop,鎖谷下,33.8819907,133.9293493,WGS84,747 758,烏帽子山、寒峰,,四国百名山,,,,TH-n1699094826(770m),operator=四国交通（株）; busType=民間路線バス; busRoutes=祖谷線（本線）,adopted,10,運行状況（季節運行・休止・予約制）を要確認、登山口から離れている（徒歩アプローチを要確認）,"国土数値情報（バス停留所データ）令和4年度（国土交通省）P11-22-36-bs1731（33.881991, 133.929349、JGD2011）を加工して作成",
BS-kP11-22-36-bs1735,bus_stop,鎖谷,33.8812086,133.9318052,WGS84,747 758,烏帽子山、寒峰,,四国百名山,,,,TH-n1699094826(885m),operator=三好市; busType=コミュニティバス; busRoutes=名頃線,adopted,10,運行状況（季節運行・休止・予約制）を要確認、登山口から離れている（徒歩アプローチを要確認）,"国土数値情報（バス停留所データ）令和4年度（国土交通省）P11-22-36-bs1735（33.881209, 133.931805、JGD2011）を加工して作成",
BS-kP11-22-36-bs1738,bus_stop,道の駅大歩危,33.8810425,133.759873,WGS84,755,国見山,,四国百名山,,,,TH-n1793344548(606m),operator=三好市; busType=コミュニティバス; busRoutes=下名線 / 平線,adopted,10,運行状況（季節運行・休止・予約制）を要確認、登山口から離れている（徒歩アプローチを要確認）,"国土数値情報（バス停留所データ）令和4年度（国土交通省）P11-22-36-bs1738（33.881043, 133.759873、JGD2011）を加工して作成",
BS-kP11-22-36-bs1759,bus_stop,徳善,33.8787617,133.7733468,WGS84,755,国見山,,四国百名山,,,,TH-n13829937798(180m),operator=三好市; busType=コミュニティバス; busRoutes=かずら橋・大歩危線 / 吾橋・有瀬線,adopted,10,運行状況（季節運行・休止・予約制）を要確認,"国土数値情報（バス停留所データ）令和4年度（国土交通省）P11-22-36-bs1759（33.878762, 133.773347、JGD2011）を加工して作成",
BS-kP11-22-36-bs1760,bus_stop,徳善,33.8787617,133.7733468,WGS84,755,国見山,,四国百名山,,,,TH-n13829937798(180m),operator=四国交通（株）; busType=民間路線バス; busRoutes=祖谷線（本線） / 祖谷線（支線）,adopted,10,運行状況（季節運行・休止・予約制）を要確認,"国土数値情報（バス停留所データ）令和4年度（国土交通省）P11-22-36-bs1760（33.878762, 133.773347、JGD2011）を加工して作成",
BS-kP11-22-36-bs1774,bus_stop,切谷,33.8765809,133.9938904,WGS84,778 780 787,三嶺、天狗塚、白髪山,,日本二百名山|日本三百名山|四国百名山,,,,TH-n1530344762(414m),operator=三好市; busType=コミュニティバス; busRoutes=名頃線,adopted,10,運行状況（季節運行・休止・予約制）を要確認,"国土数値情報（バス停留所データ）令和4年度（国土交通省）P11-22-36-bs1774（33.876581, 133.993890、JGD2011）を加工して作成",
BS-kP11-22-36-bs1777,bus_stop,大歩危駅上,33.8762818,133.7679363,WGS84,755,国見山,,四国百名山,,,,TH-n13829937798(432m),operator=四国交通（株）; busType=民間路線バス; busRoutes=祖谷線（本線） / 祖谷線（支線）,adopted,10,運行状況（季節運行・休止・予約制）を要確認,"国土数値情報（バス停留所データ）令和4年度（国土交通省）P11-22-36-bs1777（33.876282, 133.767936、JGD2011）を加工して作成",
BS-kP11-22-36-bs1798,bus_stop,角領,33.8745133,133.9973004,WGS84,778 780 787,三嶺、天狗塚、白髪山,,日本二百名山|日本三百名山|四国百名山,,,,TH-n1530344762(231m),operator=三好市; busType=コミュニティバス; busRoutes=名頃線,adopted,10,運行状況（季節運行・休止・予約制）を要確認,"国土数値情報（バス停留所データ）令和4年度（国土交通省）P11-22-36-bs1798（33.874513, 133.997300、JGD2011）を加工して作成",
BS-kP11-22-36-bs1808,bus_stop,栗本,33.8737448,134.0009452,WGS84,778 780 787,三嶺、天狗塚、白髪山,,日本二百名山|日本三百名山|四国百名山,,,,TH-n1530344762(510m),operator=三好市; busType=コミュニティバス; busRoutes=名頃線,adopted,10,運行状況（季節運行・休止・予約制）を要確認,"国土数値情報（バス停留所データ）令和4年度（国土交通省）P11-22-36-bs1808（33.873745, 134.000945、JGD2011）を加工して作成",
BS-kP11-22-36-bs1815,bus_stop,岩角橋,33.8732754,133.9816145,WGS84,778 780 787,三嶺、天狗塚、白髪山,,日本二百名山|日本三百名山|四国百名山,,,,TH-n3718179777(571m),operator=三好市; busType=コミュニティバス; busRoutes=名頃線,adopted,10,運行状況（季節運行・休止・予約制）を要確認,"国土数値情報（バス停留所データ）令和4年度（国土交通省）P11-22-36-bs1815（33.873275, 133.981615、JGD2011）を加工して作成",
BS-kP11-22-36-bs1818,bus_stop,不動前,33.8723823,133.9775697,WGS84,778 780 787,三嶺、天狗塚、白髪山,,日本二百名山|日本三百名山|四国百名山,,,,TH-n3718179777(430m),operator=三好市; busType=コミュニティバス; busRoutes=名頃線,adopted,10,運行状況（季節運行・休止・予約制）を要確認,"国土数値情報（バス停留所データ）令和4年度（国土交通省）P11-22-36-bs1818（33.872382, 133.977570、JGD2011）を加工して作成",
BS-kP11-22-36-bs1831,bus_stop,阿瀬比,33.8699411,134.5576045,WGS84,770,太竜寺山,,四国百名山,,,,TH-n1890946778(112m),operator=徳島バス（株）; busType=民間路線バス; busRoutes=88　丹生谷線,adopted,10,運行状況（季節運行・休止・予約制）を要確認,"国土数値情報（バス停留所データ）令和4年度（国土交通省）P11-22-36-bs1831（33.869941, 134.557604、JGD2011）を加工して作成",
BS-kP11-22-36-bs1832,bus_stop,石船,33.8699067,133.9742689,WGS84,778 780 787,三嶺、天狗塚、白髪山,,日本二百名山|日本三百名山|四国百名山,,,,TH-n3718179777(447m),operator=三好市; busType=コミュニティバス; busRoutes=名頃線,adopted,10,運行状況（季節運行・休止・予約制）を要確認,"国土数値情報（バス停留所データ）令和4年度（国土交通省）P11-22-36-bs1832（33.869907, 133.974269、JGD2011）を加工して作成",
BS-kP11-22-36-bs1843,bus_stop,東内上,33.8675372,134.5526615,WGS84,770,太竜寺山,,四国百名山,,,,TH-n1890946778(511m),operator=徳島バス（株）; busType=民間路線バス; busRoutes=88　丹生谷線,adopted,10,運行状況（季節運行・休止・予約制）を要確認,"国土数値情報（バス停留所データ）令和4年度（国土交通省）P11-22-36-bs1843（33.867537, 134.552661、JGD2011）を加工して作成",
BS-kP11-22-36-bs1845,bus_stop,剣山,33.8669807,134.0915297,WGS84,775 776 777 778 787,一ノ森、次郎笈、剣山、三嶺、白髪山,,四国百名山|日本百名山|日本二百名山|日本三百名山,,,,TH-n11977956511(242m) TH-n11977956512(719m) TH-n278073861(588m),operator=三好市; busType=コミュニティバス; busRoutes=名頃線,adopted,10,運行状況（季節運行・休止・予約制）を要確認、登山口から離れている（徒歩アプローチを要確認）,"国土数値情報（バス停留所データ）令和4年度（国土交通省）P11-22-36-bs1845（33.866981, 134.091530、JGD2011）を加工して作成",
BS-kP11-22-36-bs1873,bus_stop,中山中,33.8597504,134.5304498,WGS84,770,太竜寺山,,四国百名山,,,,TH-n388451477(797m),operator=徳島バス（株）; busType=民間路線バス; busRoutes=88　丹生谷線,adopted,10,運行状況（季節運行・休止・予約制）を要確認、登山口から離れている（徒歩アプローチを要確認）,"国土数値情報（バス停留所データ）令和4年度（国土交通省）P11-22-36-bs1873（33.859750, 134.530450、JGD2011）を加工して作成",
BS-kP11-22-36-bs1880,bus_stop,中山下,33.8587157,134.5178614,WGS84,770,太竜寺山,,四国百名山,,,,TH-n388451477(545m),operator=徳島バス（株）; busType=民間路線バス; busRoutes=88　丹生谷線,adopted,10,運行状況（季節運行・休止・予約制）を要確認,"国土数値情報（バス停留所データ）令和4年度（国土交通省）P11-22-36-bs1880（33.858716, 134.517861、JGD2011）を加工して作成",
BS-kP11-22-36-bs1888,bus_stop,中山薬師前,33.8575507,134.5227107,WGS84,770,太竜寺山,,四国百名山,,,,TH-n388451477(493m),operator=徳島バス（株）; busType=民間路線バス; busRoutes=88　丹生谷線,adopted,10,運行状況（季節運行・休止・予約制）を要確認,"国土数値情報（バス停留所データ）令和4年度（国土交通省）P11-22-36-bs1888（33.857551, 134.522711、JGD2011）を加工して作成",
BS-kP11-22-36-bs1890,bus_stop,大下,33.8565788,134.5146454,WGS84,770,太竜寺山,,四国百名山,,,,TH-n388451518(804m),operator=徳島バス（株）; busType=民間路線バス; busRoutes=88　丹生谷線,adopted,10,運行状況（季節運行・休止・予約制）を要確認、登山口から離れている（徒歩アプローチを要確認）,"国土数値情報（バス停留所データ）令和4年度（国土交通省）P11-22-36-bs1890（33.856579, 134.514645、JGD2011）を加工して作成",
BS-kP11-22-36-bs1892,bus_stop,和食東,33.8562018,134.5034929,WGS84,770,太竜寺山,,四国百名山,,,,TH-n388451518(863m),operator=徳島バス（株）; busType=民間路線バス; busRoutes=88　丹生谷線,adopted,10,運行状況（季節運行・休止・予約制）を要確認、登山口から離れている（徒歩アプローチを要確認）,"国土数値情報（バス停留所データ）令和4年度（国土交通省）P11-22-36-bs1892（33.856202, 134.503493、JGD2011）を加工して作成",
BS-kP11-22-36-bs1894,bus_stop,八幡原,33.856062,134.5069962,WGS84,770,太竜寺山,,四国百名山,,,,TH-n388451518(724m),operator=徳島バス（株）; busType=民間路線バス; busRoutes=88　丹生谷線,adopted,10,運行状況（季節運行・休止・予約制）を要確認、登山口から離れている（徒歩アプローチを要確認）,"国土数値情報（バス停留所データ）令和4年度（国土交通省）P11-22-36-bs1894（33.856062, 134.506996、JGD2011）を加工して作成",
BS-kP11-22-36-bs1897,bus_stop,名頃下,33.8559736,134.0199781,WGS84,772 776 777 787 778 780,塔ノ丸、次郎笈、剣山、白髪山、三嶺、天狗塚,,四国百名山|日本百名山|日本二百名山|日本三百名山,,,,TH-n5893943539(559m) TH-n5893943539-2(384m),operator=三好市; busType=コミュニティバス; busRoutes=名頃線,adopted,10,運行状況（季節運行・休止・予約制）を要確認,"国土数値情報（バス停留所データ）令和4年度（国土交通省）P11-22-36-bs1897（33.855974, 134.019978、JGD2011）を加工して作成",
BS-kP11-22-36-bs1902,bus_stop,名頃,33.8531306,134.0223664,WGS84,772 776 777 787 778 780,塔ノ丸、次郎笈、剣山、白髪山、三嶺、天狗塚,,四国百名山|日本百名山|日本二百名山|日本三百名山,,,,TH-n5893943539(176m) TH-n5893943539-2(0m),operator=三好市; busType=コミュニティバス; busRoutes=名頃線,adopted,10,運行状況（季節運行・休止・予約制）を要確認,"国土数値情報（バス停留所データ）令和4年度（国土交通省）P11-22-36-bs1902（33.853131, 134.022366、JGD2011）を加工して作成",
BS-kP11-22-36-bs1935,bus_stop,小川,33.8416311,133.8934741,WGS84,780,天狗塚,,四国百名山,,,,TH-n1699061277(252m),operator=三好市; busType=コミュニティバス; busRoutes=高野線,adopted,10,運行状況（季節運行・休止・予約制）を要確認,"国土数値情報（バス停留所データ）令和4年度（国土交通省）P11-22-36-bs1935（33.841631, 133.893474、JGD2011）を加工して作成",
BS-kP11-22-36-bs2118,bus_stop,日和田,33.7692727,134.0698926,WGS84,794,石立山,,四国百名山,,,,TH-n1592567555(92m),operator=徳島バス南部（株）; busType=民間路線バス; busRoutes=丹生谷線,adopted,10,運行状況（季節運行・休止・予約制）を要確認,"国土数値情報（バス停留所データ）令和4年度（国土交通省）P11-22-36-bs2118（33.769273, 134.069893、JGD2011）を加工して作成",
BS-kP11-22-36-bs587,bus_stop,西大工町二丁目,34.071875,134.5454461,WGS84,10358,,眉山,,,,,TH-gsi-bizan-sanroku(367m),operator=徳島市; busType=公営路線バス; busRoutes=系統103 / 系統104 / 系統105,adopted,10,運行状況（季節運行・休止・予約制）を要確認,"国土数値情報（バス停留所データ）令和4年度（国土交通省）P11-22-36-bs587（34.071875, 134.545446、JGD2011）を加工して作成",
BS-kP11-22-36-bs633,bus_stop,ロープウェイ前,34.0698916,134.5463932,WGS84,10358,,眉山,,,,,TH-gsi-bizan-sanroku(306m),operator=徳島バス（株）; busType=民間路線バス; busRoutes=6　市原線・島田石橋線,adopted,10,運行状況（季節運行・休止・予約制）を要確認,"国土数値情報（バス停留所データ）令和4年度（国土交通省）P11-22-36-bs633（34.069892, 134.546393、JGD2011）を加工して作成",
BS-kP11-22-36-bs634,bus_stop,ロープウェイ前,34.0698916,134.5463932,WGS84,10358,,眉山,,,,,TH-gsi-bizan-sanroku(306m),operator=徳島市; busType=公営路線バス; busRoutes=2　法花線 / 33　南部循環線 / 6　市原線,adopted,10,運行状況（季節運行・休止・予約制）を要確認,"国土数値情報（バス停留所データ）令和4年度（国土交通省）P11-22-36-bs634（34.069892, 134.546393、JGD2011）を加工して作成",
BS-kP11-22-37-bs1056,bus_stop,笹谷,34.2413195,133.5882129,WGS84,702,紫雲出山,,四国百名山,,,,TH-n1099878327(920m),operator=三豊市; busType=コミュニティバス; busRoutes=荘内線,adopted,10,運行状況（季節運行・休止・予約制）を要確認、登山口から離れている（徒歩アプローチを要確認）,"国土数値情報（バス停留所データ）令和4年度（国土交通省）P11-22-37-bs1056（34.241319, 133.588213、JGD2011）を加工して作成",
BS-kP11-22-37-bs1105,bus_stop,紫雲出山登山口,34.2373123,133.5950191,WGS84,702,紫雲出山,,四国百名山,,,,TH-n1099878327(665m),operator=三豊市; busType=コミュニティバス; busRoutes=荘内線,adopted,10,運行状況（季節運行・休止・予約制）を要確認、登山口から離れている（徒歩アプローチを要確認）,"国土数値情報（バス停留所データ）令和4年度（国土交通省）P11-22-37-bs1105（34.237312, 133.595019、JGD2011）を加工して作成 ｜ OpenStreetMap（© OpenStreetMap contributors, ODbL 1.0）Geofabrik japan-latest.osm.pbf 2026-09-30T20:22:42Z node/1099877281",
BS-kP11-22-37-bs1135,bus_stop,小浜,34.2343113,133.5996748,WGS84,702,紫雲出山,,四国百名山,,,,TH-n1099878327(947m),operator=三豊市; busType=コミュニティバス; busRoutes=荘内線,adopted,10,運行状況（季節運行・休止・予約制）を要確認、登山口から離れている（徒歩アプローチを要確認）,"国土数値情報（バス停留所データ）令和4年度（国土交通省）P11-22-37-bs1135（34.234311, 133.599675、JGD2011）を加工して作成",
BS-kP11-22-37-bs1273,bus_stop,曼荼羅寺前,34.2228935,133.7504764,WGS84,713,我拝師山,,四国百名山,,,,TH-n4507394264(597m),operator=善通寺市; busType=コミュニティバス; busRoutes=市民バス（空海号）吉原コース,adopted,10,運行状況（季節運行・休止・予約制）を要確認,"国土数値情報（バス停留所データ）令和4年度（国土交通省）P11-22-37-bs1273（34.222893, 133.750476、JGD2011）を加工して作成",
BS-kP11-22-37-bs1278,bus_stop,市民集いの丘公園前,34.2225608,133.7573279,WGS84,713,我拝師山,,四国百名山,,,,TH-n4507394264(892m) TH-n8930679197(699m),operator=善通寺市; busType=コミュニティバス; busRoutes=市民バス（空海号）吉原コース,adopted,10,運行状況（季節運行・休止・予約制）を要確認、登山口から離れている（徒歩アプローチを要確認）,"国土数値情報（バス停留所データ）令和4年度（国土交通省）P11-22-37-bs1278（34.222561, 133.757328、JGD2011）を加工して作成",
BS-kP11-22-37-bs1353,bus_stop,有岡加圧ポンプ場前,34.213682,133.7673624,WGS84,713,我拝師山,,四国百名山,,,,TH-n8930679197(708m),operator=善通寺市; busType=コミュニティバス; busRoutes=市民バス（空海号）西部コース,adopted,10,運行状況（季節運行・休止・予約制）を要確認、登山口から離れている（徒歩アプローチを要確認）,"国土数値情報（バス停留所データ）令和4年度（国土交通省）P11-22-37-bs1353（34.213682, 133.767362、JGD2011）を加工して作成",
BS-kP11-22-37-bs1453,bus_stop,高橋会館前,34.1960913,133.8132661,WGS84,716,大麻山,,四国百名山,,,,TH-n2061596030(232m),operator=善通寺市; busType=コミュニティバス; busRoutes=市民バス（空海号）南部コース,adopted,10,運行状況（季節運行・休止・予約制）を要確認,"国土数値情報（バス停留所データ）令和4年度（国土交通省）P11-22-37-bs1453（34.196091, 133.813266、JGD2011）を加工して作成",
BS-kP11-22-37-bs1456,bus_stop,琴平営業所,34.1956797,133.8135314,WGS84,716,大麻山,,四国百名山,,,,TH-n2061596030(234m) TH-n2061596030(234m),operator=琴参バス（株）; busType=民間路線バス; busRoutes=琴平線 / 美合線 / 炭所線,adopted,10,運行状況（季節運行・休止・予約制）を要確認,"国土数値情報（バス停留所データ）令和4年度（国土交通省）P11-22-37-bs1456（34.195680, 133.813531、JGD2011）を加工して作成 ｜ OpenStreetMap（© OpenStreetMap contributors, ODbL 1.0）Geofabrik japan-latest.osm.pbf 2026-09-30T20:22:42Z node/8507760959",
BS-kP11-22-37-bs1480,bus_stop,紅梅亭,34.191708,133.8162199,WGS84,716,大麻山,,四国百名山,,,,TH-n2094258984(175m),operator=（有）琴空バス; busType=民間路線バス; busRoutes=高松空港線（高松空港～琴平）,adopted,10,運行状況（季節運行・休止・予約制）を要確認,"国土数値情報（バス停留所データ）令和4年度（国土交通省）P11-22-37-bs1480（34.191708, 133.816220、JGD2011）を加工して作成",
BS-kP11-22-37-bs1494,bus_stop,琴参閣,34.1905642,133.8173121,WGS84,716,大麻山,,四国百名山,,,,TH-n2094258984(146m),operator=（有）琴空バス; busType=民間路線バス; busRoutes=高松空港線（高松空港～琴平）,adopted,10,運行状況（季節運行・休止・予約制）を要確認,"国土数値情報（バス停留所データ）令和4年度（国土交通省）P11-22-37-bs1494（34.190564, 133.817312、JGD2011）を加工して作成",
BS-kP11-22-37-bs1496,bus_stop,大窪寺,34.1902914,134.2064572,WGS84,715,女体山,,四国百名山,,,,TH-n11416744269(139m),operator=さぬき市; busType=コミュニティバス; busRoutes=志度・造田・多和線,adopted,10,運行状況（季節運行・休止・予約制）を要確認,"国土数値情報（バス停留所データ）令和4年度（国土交通省）P11-22-37-bs1496（34.190291, 134.206457、JGD2011）を加工して作成",
BS-kP11-22-37-bs1504,bus_stop,琴平,34.189638,133.8181312,WGS84,716,大麻山,,四国百名山,,,,TH-w1371045038(153m) TH-n2094258984(223m) TH-n266600700(883m),operator=琴参バス（株）; busType=民間路線バス; busRoutes=美合線,adopted,10,運行状況（季節運行・休止・予約制）を要確認、登山口から離れている（徒歩アプローチを要確認）,"国土数値情報（バス停留所データ）令和4年度（国土交通省）P11-22-37-bs1504（34.189638, 133.818131、JGD2011）を加工して作成",
BS-kP11-22-37-bs1509,bus_stop,八千代前,34.1886011,133.8188806,WGS84,716,大麻山,,四国百名山,,,,TH-w1371045038(51m) TH-n266600700(854m),operator=（有）琴空バス; busType=民間路線バス; busRoutes=高松空港線（高松空港～琴平）,adopted,10,運行状況（季節運行・休止・予約制）を要確認、登山口から離れている（徒歩アプローチを要確認）,"国土数値情報（バス停留所データ）令和4年度（国土交通省）P11-22-37-bs1509（34.188601, 133.818881、JGD2011）を加工して作成 ｜ OpenStreetMap（© OpenStreetMap contributors, ODbL 1.0）Geofabrik japan-latest.osm.pbf 2026-09-30T20:22:42Z node/10951142712",
BS-kP11-22-37-bs1520,bus_stop,こんぴらさん入口,34.1873241,133.8198586,WGS84,716,大麻山,,四国百名山,,,,TH-w1371045038(166m) TH-n266600700(850m),operator=（有）琴空バス; busType=民間路線バス; busRoutes=高松空港線（高松空港～琴平）,adopted,10,運行状況（季節運行・休止・予約制）を要確認、登山口から離れている（徒歩アプローチを要確認）,"国土数値情報（バス停留所データ）令和4年度（国土交通省）P11-22-37-bs1520（34.187324, 133.819859、JGD2011）を加工して作成 ｜ OpenStreetMap（© OpenStreetMap contributors, ODbL 1.0）Geofabrik japan-latest.osm.pbf 2026-09-30T20:22:42Z node/13874746961",
BS-kP11-22-37-bs1530,bus_stop,大窪寺手前,34.1861493,134.2017037,WGS84,715,女体山,,四国百名山,,,,TH-n11416744269(753m),operator=さぬき市; busType=コミュニティバス; busRoutes=志度・造田・多和線,adopted,10,運行状況（季節運行・休止・予約制）を要確認、登山口から離れている（徒歩アプローチを要確認）,"国土数値情報（バス停留所データ）令和4年度（国土交通省）P11-22-37-bs1530（34.186149, 134.201704、JGD2011）を加工して作成",
BS-kP11-22-37-bs162,bus_stop,四國村,34.343521,134.1093785,WGS84,690,屋島,,四国百名山,,,,TH-gsi-yashima-henro(713m) TH-osm-w82490098(246m),operator=ことでんバス（株）; busType=民間路線バス; busRoutes=屋島山上シャトルバス,adopted,10,運行状況（季節運行・休止・予約制）を要確認、登山口から離れている（徒歩アプローチを要確認）,"国土数値情報（バス停留所データ）令和4年度（国土交通省）P11-22-37-bs162（34.343521, 134.109378、JGD2011）を加工して作成",
BS-kP11-22-37-bs1700,bus_stop,中通,34.1413967,133.9595054,WGS84,721,大川山,,四国百名山,,,,TH-gsi-kotonami-kominkan(81m) TH-gsi-kotonami-kominkan(81m) TH-gsi-kotonami-kominkan(81m),operator=琴参バス（株）; busType=民間路線バス; busRoutes=美合線,adopted,10,運行状況（季節運行・休止・予約制）を要確認,"国土数値情報（バス停留所データ）令和4年度（国土交通省）P11-22-37-bs1700（34.141397, 133.959505、JGD2011）を加工して作成 ｜ OpenStreetMap（© OpenStreetMap contributors, ODbL 1.0）Geofabrik japan-latest.osm.pbf 2026-09-30T20:22:42Z node/8503822190",
BS-kP11-22-37-bs1764,bus_stop,松尾,34.1214077,134.0736321,WGS84,773 720,竜王山、大滝山,,四国百名山,,,,TH-osm-n763764009(468m),operator=マルイ観光バス（株）; busType=民間路線バス; busRoutes=塩江町コミュニティバス,adopted,10,運行状況（季節運行・休止・予約制）を要確認,"国土数値情報（バス停留所データ）令和4年度（国土交通省）P11-22-37-bs1764（34.121408, 134.073632、JGD2011）を加工して作成 ｜ OpenStreetMap（© OpenStreetMap contributors, ODbL 1.0）Geofabrik japan-latest.osm.pbf 2026-09-30T20:22:42Z node/965538493",
BS-kP11-22-37-bs185,bus_stop,ことでん屋島駅,34.3416137,134.1058736,WGS84,690,屋島,,四国百名山,,,,TH-gsi-yashima-henro(670m) TH-osm-w82490098(372m),operator=ことでんバス（株）; busType=民間路線バス; busRoutes=屋島山上シャトルバス,adopted,10,運行状況（季節運行・休止・予約制）を要確認、登山口から離れている（徒歩アプローチを要確認）,"国土数値情報（バス停留所データ）令和4年度（国土交通省）P11-22-37-bs185（34.341614, 134.105874、JGD2011）を加工して作成 ｜ OpenStreetMap（© OpenStreetMap contributors, ODbL 1.0）Geofabrik japan-latest.osm.pbf 2026-09-30T20:22:42Z node/12291399365",
BS-kP11-22-37-bs1943,bus_stop,紅雲亭,34.5079686,134.2963719,WGS84,658,寒霞渓,,四国百名山,,,,TH-n261014455(924m) TH-osm-n261014454(74m),operator=小豆島オリーブバス（株）; busType=民間路線バス; busRoutes=神懸線,adopted,10,運行状況（季節運行・休止・予約制）を要確認、登山口から離れている（徒歩アプローチを要確認）,"国土数値情報（バス停留所データ）令和4年度（国土交通省）P11-22-37-bs1943（34.507969, 134.296372、JGD2011）を加工して作成 ｜ OpenStreetMap（© OpenStreetMap contributors, ODbL 1.0）Geofabrik japan-latest.osm.pbf 2026-09-30T20:22:42Z node/11018087726",
BS-kP11-22-37-bs1949,bus_stop,猪谷,34.5044691,134.3023645,WGS84,658,寒霞渓,,四国百名山,,,,TH-osm-n261014454(714m) TH-osm-n261014454(714m),operator=小豆島オリーブバス（株）; busType=民間路線バス; busRoutes=神懸線,adopted,10,運行状況（季節運行・休止・予約制）を要確認、登山口から離れている（徒歩アプローチを要確認）,"国土数値情報（バス停留所データ）令和4年度（国土交通省）P11-22-37-bs1949（34.504469, 134.302364、JGD2011）を加工して作成 ｜ OpenStreetMap（© OpenStreetMap contributors, ODbL 1.0）Geofabrik japan-latest.osm.pbf 2026-09-30T20:22:42Z node/11018087771",
BS-kP11-22-37-bs50,bus_stop,健康ランド前,34.3605003,134.0918622,WGS84,690,屋島,,四国百名山,,,,TH-w422803842(985m) TH-w422803842(985m) TH-n10600658618(748m) TH-n10600658618(748m),operator=ことでんバス（株）; busType=民間路線バス; busRoutes=屋島大橋線,adopted,10,運行状況（季節運行・休止・予約制）を要確認、登山口から離れている（徒歩アプローチを要確認）,"国土数値情報（バス停留所データ）令和4年度（国土交通省）P11-22-37-bs50（34.360500, 134.091862、JGD2011）を加工して作成 ｜ OpenStreetMap（© OpenStreetMap contributors, ODbL 1.0）Geofabrik japan-latest.osm.pbf 2026-09-30T20:22:42Z node/7350537028",
BS-kP11-22-37-bs52,bus_stop,屋島山上,34.359316,134.1024992,WGS84,690,屋島,,四国百名山,,,,TH-w422803842(58m) TH-n10600658618(353m) TH-n1488024378(361m) TH-n5474409217(795m),operator=ことでんバス（株）; busType=民間路線バス; busRoutes=屋島山上シャトルバス,adopted,10,運行状況（季節運行・休止・予約制）を要確認、登山口から離れている（徒歩アプローチを要確認）,"国土数値情報（バス停留所データ）令和4年度（国土交通省）P11-22-37-bs52（34.359316, 134.102499、JGD2011）を加工して作成 ｜ OpenStreetMap（© OpenStreetMap contributors, ODbL 1.0）Geofabrik japan-latest.osm.pbf 2026-09-30T20:22:42Z node/12291399366",
BS-kP11-22-37-bs668,bus_stop,ふれあいセンターいいの,34.2805806,133.8339654,WGS84,697,飯野山,,四国百名山,,,,TH-n8586606361(3m) TH-n8586606361(3m) TH-n8586606361(3m) TH-n1986508880(896m) TH-n1986508880(896m) TH-n1986508880(896m),operator=丸亀市; busType=コミュニティバス; busRoutes=丸亀コミュニティバス「丸亀東線」,adopted,10,運行状況（季節運行・休止・予約制）を要確認、登山口から離れている（徒歩アプローチを要確認）,"国土数値情報（バス停留所データ）令和4年度（国土交通省）P11-22-37-bs668（34.280581, 133.833965、JGD2011）を加工して作成 ｜ OpenStreetMap（© OpenStreetMap contributors, ODbL 1.0）Geofabrik japan-latest.osm.pbf 2026-09-30T20:22:42Z node/8586606361",
BS-kP11-22-37-bs713,bus_stop,飯野山登山口,34.2745827,133.8344559,WGS84,697,飯野山,,四国百名山,,,,TH-osm-n8586606354(14m) TH-osm-n8586606354(14m),operator=丸亀市; busType=コミュニティバス; busRoutes=丸亀コミュニティバス「丸亀東線」,adopted,10,運行状況（季節運行・休止・予約制）を要確認,"国土数値情報（バス停留所データ）令和4年度（国土交通省）P11-22-37-bs713（34.274583, 133.834456、JGD2011）を加工して作成 ｜ OpenStreetMap（© OpenStreetMap contributors, ODbL 1.0）Geofabrik japan-latest.osm.pbf 2026-09-30T20:22:42Z node/916561514",
BS-kP11-22-37-bs736,bus_stop,北岡,34.2712497,133.8559094,WGS84,697,飯野山,,四国百名山,,,,TH-n1951923044(377m) TH-n1951923044(377m) TH-n1951923044(377m),operator=琴参バス（株）; busType=民間路線バス; busRoutes=島田線 / 岡田線 / 坂出綾川線,adopted,10,運行状況（季節運行・休止・予約制）を要確認,"国土数値情報（バス停留所データ）令和4年度（国土交通省）P11-22-37-bs736（34.271250, 133.855909、JGD2011）を加工して作成 ｜ OpenStreetMap（© OpenStreetMap contributors, ODbL 1.0）Geofabrik japan-latest.osm.pbf 2026-09-30T20:22:42Z node/8521667710",
BS-kP11-22-37-bs741,bus_stop,珠光園,34.2707748,133.8349171,WGS84,697,飯野山,,四国百名山,,,,TH-n8164150727(506m) TH-n8164150727(506m) TH-n8164150727(506m) TH-osm-n8586606354(410m),operator=丸亀市; busType=コミュニティバス; busRoutes=丸亀コミュニティバス「丸亀東線」,adopted,10,運行状況（季節運行・休止・予約制）を要確認,"国土数値情報（バス停留所データ）令和4年度（国土交通省）P11-22-37-bs741（34.270775, 133.834917、JGD2011）を加工して作成 ｜ OpenStreetMap（© OpenStreetMap contributors, ODbL 1.0）Geofabrik japan-latest.osm.pbf 2026-09-30T20:22:42Z node/8586598812",
BS-kP11-22-37-bs773,bus_stop,白山,34.266551,134.1498465,WGS84,10355,,白山,,,,,TH-osm-w196315970(187m),operator=大川自動車（株）; busType=民間路線バス; busRoutes=引田線（高松～引田）,adopted,10,運行状況（季節運行・休止・予約制）を要確認,"国土数値情報（バス停留所データ）令和4年度（国土交通省）P11-22-37-bs773（34.266551, 134.149847、JGD2011）を加工して作成",
BS-kP11-22-37-bs777,bus_stop,中原医院前,34.2662966,134.1521877,WGS84,10355,,白山,,,,,TH-osm-w196315970(266m),operator=大川自動車（株）; busType=民間路線バス; busRoutes=引田線（高松～引田）,adopted,10,運行状況（季節運行・休止・予約制）を要確認,"国土数値情報（バス停留所データ）令和4年度（国土交通省）P11-22-37-bs777（34.266297, 134.152188、JGD2011）を加工して作成",
BS-kP11-22-37-bs778,bus_stop,真行寺,34.2662362,134.1563797,WGS84,10355,,白山,,,,,TH-osm-w196315970(592m),operator=大川自動車（株）; busType=民間路線バス; busRoutes=引田線（高松～引田）,adopted,10,運行状況（季節運行・休止・予約制）を要確認,"国土数値情報（バス停留所データ）令和4年度（国土交通省）P11-22-37-bs778（34.266236, 134.156380、JGD2011）を加工して作成",
BS-kP11-22-37-bs860,bus_stop,箱浦ビジターハウス,34.258221,133.5885148,WGS84,702,紫雲出山,,四国百名山,,,,TH-n2065633425(506m),operator=三豊市; busType=コミュニティバス; busRoutes=荘内線,adopted,10,運行状況（季節運行・休止・予約制）を要確認,"国土数値情報（バス停留所データ）令和4年度（国土交通省）P11-22-37-bs860（34.258221, 133.588515、JGD2011）を加工して作成 ｜ OpenStreetMap（© OpenStreetMap contributors, ODbL 1.0）Geofabrik japan-latest.osm.pbf 2026-09-30T20:22:42Z node/1099877134",
BS-kP11-22-37-bs875,bus_stop,箱,34.2564262,133.5884127,WGS84,702,紫雲出山,,四国百名山,,,,TH-n2065633425(342m),operator=三豊市; busType=コミュニティバス; busRoutes=荘内線,adopted,10,運行状況（季節運行・休止・予約制）を要確認,"国土数値情報（バス停留所データ）令和4年度（国土交通省）P11-22-37-bs875（34.256426, 133.588413、JGD2011）を加工して作成",
BS-kP11-22-37-bs916,bus_stop,積新田,34.2522601,133.6001044,WGS84,702,紫雲出山,,四国百名山,,,,TH-n2065632017(735m),operator=三豊市; busType=コミュニティバス; busRoutes=荘内線,adopted,10,運行状況（季節運行・休止・予約制）を要確認、登山口から離れている（徒歩アプローチを要確認）,"国土数値情報（バス停留所データ）令和4年度（国土交通省）P11-22-37-bs916（34.252260, 133.600104、JGD2011）を加工して作成",
BS-kP11-22-37-bs926,bus_stop,生里,34.2511995,133.5804896,WGS84,702,紫雲出山,,四国百名山,,,,TH-n2065633425(591m),operator=三豊市; busType=コミュニティバス; busRoutes=荘内線,adopted,10,運行状況（季節運行・休止・予約制）を要確認,"国土数値情報（バス停留所データ）令和4年度（国土交通省）P11-22-37-bs926（34.251199, 133.580490、JGD2011）を加工して作成 ｜ OpenStreetMap（© OpenStreetMap contributors, ODbL 1.0）Geofabrik japan-latest.osm.pbf 2026-09-30T20:22:42Z node/1099876209",
BS-kP11-22-37-bs931,bus_stop,小久保,34.2509969,133.6027225,WGS84,702,紫雲出山,,四国百名山,,,,TH-n2065632017(584m),operator=三豊市; busType=コミュニティバス; busRoutes=荘内線,adopted,10,運行状況（季節運行・休止・予約制）を要確認,"国土数値情報（バス停留所データ）令和4年度（国土交通省）P11-22-37-bs931（34.250997, 133.602723、JGD2011）を加工して作成",
BS-kP11-22-37-bs962,bus_stop,黒崎,34.2487703,133.6075346,WGS84,702,紫雲出山,,四国百名山,,,,TH-n2065632017(621m),operator=三豊市; busType=コミュニティバス; busRoutes=荘内線,adopted,10,運行状況（季節運行・休止・予約制）を要確認、登山口から離れている（徒歩アプローチを要確認）,"国土数値情報（バス停留所データ）令和4年度（国土交通省）P11-22-37-bs962（34.248770, 133.607535、JGD2011）を加工して作成",
BS-kP11-22-38-bs1245,bus_stop,河口,33.8235538,133.1231543,WGS84,798 799 803,二ノ森、堂ヶ森、石鎚山,,四国百名山|日本百名山|日本二百名山|日本三百名山,,,,TH-kP11-22-38-bs1245(0m),operator=瀬戸内運輸（株）; busType=民間路線バス; busRoutes=西条駅前-西条済生会病院-中央病院-フジグラン西条-市役所前-西条駅前-加茂川橋-石鎚ロープ-西之川線,adopted,10,運行状況（季節運行・休止・予約制）を要確認,"国土数値情報（バス停留所データ）令和4年度（国土交通省）P11-22-38-bs1245（33.823554, 133.123154、JGD2011）を加工して作成 ｜ OpenStreetMap（© OpenStreetMap contributors, ODbL 1.0）Geofabrik japan-latest.osm.pbf 2026-09-30T20:22:42Z node/3152607761",
BS-kP11-22-38-bs1345,bus_stop,ロープウェイ前,33.8039482,133.1485582,WGS84,798 799 803,二ノ森、堂ヶ森、石鎚山,,四国百名山|日本百名山|日本二百名山|日本三百名山,,,,TH-n2096162029(577m),operator=瀬戸内運輸（株）; busType=民間路線バス; busRoutes=西条駅前-西条済生会病院-中央病院-フジグラン西条-市役所前-西条駅前-加茂川橋-石鎚ロープ-西之川線,adopted,10,運行状況（季節運行・休止・予約制）を要確認,"国土数値情報（バス停留所データ）令和4年度（国土交通省）P11-22-38-bs1345（33.803948, 133.148558、JGD2011）を加工して作成 ｜ OpenStreetMap（© OpenStreetMap contributors, ODbL 1.0）Geofabrik japan-latest.osm.pbf 2026-09-30T20:22:42Z node/3152603084",
BS-kP11-22-38-bs1359,bus_stop,西之川,33.8021199,133.1538813,WGS84,798 799 803,二ノ森、堂ヶ森、石鎚山,,四国百名山|日本百名山|日本二百名山|日本三百名山,,,,TH-n2096162029(58m),operator=瀬戸内運輸（株）; busType=民間路線バス; busRoutes=西条駅前-西条済生会病院-中央病院-フジグラン西条-市役所前-西条駅前-加茂川橋-石鎚ロープ-西之川線,adopted,10,運行状況（季節運行・休止・予約制）を要確認,"国土数値情報（バス停留所データ）令和4年度（国土交通省）P11-22-38-bs1359（33.802120, 133.153881、JGD2011）を加工して作成 ｜ OpenStreetMap（© OpenStreetMap contributors, ODbL 1.0）Geofabrik japan-latest.osm.pbf 2026-09-30T20:22:42Z node/3152610015",
BS-kP11-22-38-bs1498,bus_stop,中問屋,33.7718296,132.9653754,WGS84,804 809,石墨山、皿ヶ嶺,,四国百名山,,,,TH-n1679223057(934m),operator=伊予鉄バス（株）; busType=民間路線バス; busRoutes=河之内線,adopted,10,運行状況（季節運行・休止・予約制）を要確認、登山口から離れている（徒歩アプローチを要確認）,"国土数値情報（バス停留所データ）令和4年度（国土交通省）P11-22-38-bs1498（33.771830, 132.965375、JGD2011）を加工して作成 ｜ OpenStreetMap（© OpenStreetMap contributors, ODbL 1.0）Geofabrik japan-latest.osm.pbf 2026-09-30T20:22:42Z node/3152603419",
BS-kP11-22-38-bs1515,bus_stop,白猪滝口,33.7681032,132.9682726,WGS84,804 809,石墨山、皿ヶ嶺,,四国百名山,,,,TH-n1679223057(499m),operator=伊予鉄バス（株）; busType=民間路線バス; busRoutes=河之内線,adopted,10,運行状況（季節運行・休止・予約制）を要確認,"国土数値情報（バス停留所データ）令和4年度（国土交通省）P11-22-38-bs1515（33.768103, 132.968273、JGD2011）を加工して作成 ｜ OpenStreetMap（© OpenStreetMap contributors, ODbL 1.0）Geofabrik japan-latest.osm.pbf 2026-09-30T20:22:42Z node/3152608198",
BS-kP11-22-38-bs1554,bus_stop,石鎚土小屋,33.7549573,133.147548,WGS84,803 798 799 800 805 806,石鎚山、二ノ森、堂ヶ森、岩黒山、筒上山、手箱山,,日本百名山|日本二百名山|日本三百名山|四国百名山,,,,TH-n1682153459(180m),operator=伊予鉄南予バス（株）; busType=民間路線バス; busRoutes=面河線,adopted,10,運行状況（季節運行・休止・予約制）を要確認,"国土数値情報（バス停留所データ）令和4年度（国土交通省）P11-22-38-bs1554（33.754957, 133.147548、JGD2011）を加工して作成 ｜ OpenStreetMap（© OpenStreetMap contributors, ODbL 1.0）Geofabrik japan-latest.osm.pbf 2026-09-30T20:22:42Z node/3152608562",
BS-kP11-22-38-bs1686,bus_stop,白滝駅前,33.5779859,132.5266813,WGS84,821,壺神山,,四国百名山,,,,TH-gsi-shiratakikoen(573m),operator=伊予鉄南予バス（株）; busType=民間路線バス; busRoutes=長浜～八幡浜港線,adopted,10,運行状況（季節運行・休止・予約制）を要確認,"国土数値情報（バス停留所データ）令和4年度（国土交通省）P11-22-38-bs1686（33.577986, 132.526681、JGD2011）を加工して作成 ｜ OpenStreetMap（© OpenStreetMap contributors, ODbL 1.0）Geofabrik japan-latest.osm.pbf 2026-09-30T20:22:42Z node/3152608197",
BS-kP11-22-38-bs54,bus_stop,大山祇神社,34.2488673,133.0037196,WGS84,703,鷲ヶ頭山,,四国百名山,,,,TH-gsi-oyamazumi(348m) TH-gsi-oyamazumi(348m),operator=瀬戸内海交通（株）; busType=民間路線バス; busRoutes=宮浦港～出走,adopted,10,運行状況（季節運行・休止・予約制）を要確認,"国土数値情報（バス停留所データ）令和4年度（国土交通省）P11-22-38-bs54（34.248867, 133.003720、JGD2011）を加工して作成 ｜ OpenStreetMap（© OpenStreetMap contributors, ODbL 1.0）Geofabrik japan-latest.osm.pbf 2026-09-30T20:22:42Z node/11209847777",
BS-kP11-22-38-bs55,bus_stop,大山祇神社,34.2488673,133.0037196,WGS84,703,鷲ヶ頭山,,四国百名山,,,,TH-gsi-oyamazumi(348m),operator=瀬戸内運輸（株）・瀬戸内海交通（株）; busType=民間路線バス; busRoutes=急行　宮浦港～今治桟橋,adopted,10,運行状況（季節運行・休止・予約制）を要確認,"国土数値情報（バス停留所データ）令和4年度（国土交通省）P11-22-38-bs55（34.248867, 133.003720、JGD2011）を加工して作成",
BS-kP11-22-38-bs580,bus_stop,根々見,33.95949,133.4431237,WGS84,752,赤星山,,四国百名山,,,,TH-n1757215354(969m),operator=瀬戸内運輸（株）; busType=民間路線バス; busRoutes=新居浜ー川之江線（村松・国道11号線・港通り経由） / 新居浜ー川之江線（四国中央市役所前・HITO病院・山田井・四国中央病院前経由）,adopted,10,運行状況（季節運行・休止・予約制）を要確認、登山口から離れている（徒歩アプローチを要確認）,"国土数値情報（バス停留所データ）令和4年度（国土交通省）P11-22-38-bs580（33.959490, 133.443124、JGD2011）を加工して作成 ｜ OpenStreetMap（© OpenStreetMap contributors, ODbL 1.0）Geofabrik japan-latest.osm.pbf 2026-09-30T20:22:42Z node/3152607498",
BS-kP11-22-38-bs591,bus_stop,小林,33.9577024,133.436408,WGS84,752,赤星山,,四国百名山,,,,TH-n1757215354(743m),operator=瀬戸内運輸（株）; busType=民間路線バス; busRoutes=新居浜ー川之江線（村松・国道11号線・港通り経由） / 新居浜ー川之江線（四国中央市役所前・HITO病院・山田井・四国中央病院前経由）,adopted,10,運行状況（季節運行・休止・予約制）を要確認、登山口から離れている（徒歩アプローチを要確認）,"国土数値情報（バス停留所データ）令和4年度（国土交通省）P11-22-38-bs591（33.957702, 133.436408、JGD2011）を加工して作成 ｜ OpenStreetMap（© OpenStreetMap contributors, ODbL 1.0）Geofabrik japan-latest.osm.pbf 2026-09-30T20:22:42Z node/3152606277",
BS-kP11-22-38-bs593,bus_stop,土居,33.9570721,133.4326131,WGS84,752,赤星山,,四国百名山,,,,TH-n1757215354(871m),operator=瀬戸内運輸（株）; busType=民間路線バス; busRoutes=新居浜ー川之江線（村松・国道11号線・港通り経由） / 新居浜ー川之江線（四国中央市役所前・HITO病院・山田井・四国中央病院前経由）,adopted,10,運行状況（季節運行・休止・予約制）を要確認、登山口から離れている（徒歩アプローチを要確認）,"国土数値情報（バス停留所データ）令和4年度（国土交通省）P11-22-38-bs593（33.957072, 133.432613、JGD2011）を加工して作成 ｜ OpenStreetMap（© OpenStreetMap contributors, ODbL 1.0）Geofabrik japan-latest.osm.pbf 2026-09-30T20:22:42Z node/3152604872",
BS-kP11-22-38-bs594,bus_stop,コープ土居前,33.9564615,133.4288302,WGS84,752,赤星山,,四国百名山,,,,TH-n1757191748(957m),operator=瀬戸内運輸（株）; busType=民間路線バス; busRoutes=新居浜ー川之江線（村松・国道11号線・港通り経由） / 新居浜ー川之江線（四国中央市役所前・HITO病院・山田井・四国中央病院前経由）,adopted,10,運行状況（季節運行・休止・予約制）を要確認、登山口から離れている（徒歩アプローチを要確認）,"国土数値情報（バス停留所データ）令和4年度（国土交通省）P11-22-38-bs594（33.956462, 133.428830、JGD2011）を加工して作成 ｜ OpenStreetMap（© OpenStreetMap contributors, ODbL 1.0）Geofabrik japan-latest.osm.pbf 2026-09-30T20:22:42Z node/3152603045",
BS-kP11-22-38-bs598,bus_stop,入野,33.9553215,133.4229744,WGS84,752,赤星山,,四国百名山,,,,TH-n1757191748(778m),operator=瀬戸内運輸（株）; busType=民間路線バス; busRoutes=新居浜ー川之江線（村松・国道11号線・港通り経由） / 新居浜ー川之江線（四国中央市役所前・HITO病院・山田井・四国中央病院前経由）,adopted,10,運行状況（季節運行・休止・予約制）を要確認、登山口から離れている（徒歩アプローチを要確認）,"国土数値情報（バス停留所データ）令和4年度（国土交通省）P11-22-38-bs598（33.955322, 133.422974、JGD2011）を加工して作成 ｜ OpenStreetMap（© OpenStreetMap contributors, ODbL 1.0）Geofabrik japan-latest.osm.pbf 2026-09-30T20:22:42Z node/3152604007",
BS-kP11-22-38-bs606,bus_stop,西土居,33.9536822,133.4166611,WGS84,752,赤星山,,四国百名山,,,,TH-n1757191748(953m),operator=瀬戸内運輸（株）; busType=民間路線バス; busRoutes=新居浜ー川之江線（村松・国道11号線・港通り経由） / 新居浜ー川之江線（四国中央市役所前・HITO病院・山田井・四国中央病院前経由）,adopted,10,運行状況（季節運行・休止・予約制）を要確認、登山口から離れている（徒歩アプローチを要確認）,"国土数値情報（バス停留所データ）令和4年度（国土交通省）P11-22-38-bs606（33.953682, 133.416661、JGD2011）を加工して作成 ｜ OpenStreetMap（© OpenStreetMap contributors, ODbL 1.0）Geofabrik japan-latest.osm.pbf 2026-09-30T20:22:42Z node/3152610030",
BS-kP11-22-38-bs808,bus_stop,立川橋,33.91416,133.3117978,WGS84,763 767 768,二ッ岳、西赤石山、東赤石山,,四国百名山|日本二百名山|日本三百名山,,,,TH-n2097497778(348m),operator=瀬戸内運輸（株）; busType=民間路線バス; busRoutes=周桑営業所-小松-西条-労災病院-新居浜駅-マイントピア別子線,adopted,10,運行状況（季節運行・休止・予約制）を要確認,"国土数値情報（バス停留所データ）令和4年度（国土交通省）P11-22-38-bs808（33.914160, 133.311798、JGD2011）を加工して作成 ｜ OpenStreetMap（© OpenStreetMap contributors, ODbL 1.0）Geofabrik japan-latest.osm.pbf 2026-09-30T20:22:42Z node/3152608645",
BS-kP11-22-38-bs822,bus_stop,新道,33.9116028,133.3101454,WGS84,763 767 768,二ッ岳、西赤石山、東赤石山,,四国百名山|日本二百名山|日本三百名山,,,,TH-n2097497549(441m) TH-n2097497778(158m),operator=瀬戸内運輸（株）; busType=民間路線バス; busRoutes=周桑営業所-小松-西条-労災病院-新居浜駅-マイントピア別子線,adopted,10,運行状況（季節運行・休止・予約制）を要確認,"国土数値情報（バス停留所データ）令和4年度（国土交通省）P11-22-38-bs822（33.911603, 133.310145、JGD2011）を加工して作成 ｜ OpenStreetMap（© OpenStreetMap contributors, ODbL 1.0）Geofabrik japan-latest.osm.pbf 2026-09-30T20:22:42Z node/3152606917",
BS-kP11-22-38-bs839,bus_stop,温泉口,33.9091641,133.3083773,WGS84,763 767 768,二ッ岳、西赤石山、東赤石山,,四国百名山|日本二百名山|日本三百名山,,,,TH-n2097497549(178m) TH-n2097497778(368m),operator=瀬戸内運輸（株）; busType=民間路線バス; busRoutes=周桑営業所-小松-西条-労災病院-新居浜駅-マイントピア別子線,adopted,10,運行状況（季節運行・休止・予約制）を要確認,"国土数値情報（バス停留所データ）令和4年度（国土交通省）P11-22-38-bs839（33.909164, 133.308377、JGD2011）を加工して作成 ｜ OpenStreetMap（© OpenStreetMap contributors, ODbL 1.0）Geofabrik japan-latest.osm.pbf 2026-09-30T20:22:42Z node/3152607848",
BS-kP11-22-38-bs858,bus_stop,端出場,33.9041147,133.3099785,WGS84,763 767 768,二ッ岳、西赤石山、東赤石山,,四国百名山|日本二百名山|日本三百名山,,,,TH-n2097497549(403m),operator=瀬戸内運輸（株）; busType=民間路線バス; busRoutes=周桑営業所-小松-西条-労災病院-新居浜駅-マイントピア別子線,adopted,10,運行状況（季節運行・休止・予約制）を要確認,"国土数値情報（バス停留所データ）令和4年度（国土交通省）P11-22-38-bs858（33.904115, 133.309978、JGD2011）を加工して作成 ｜ OpenStreetMap（© OpenStreetMap contributors, ODbL 1.0）Geofabrik japan-latest.osm.pbf 2026-09-30T20:22:42Z node/3152608659",
BS-kP11-22-39-bs1169,bus_stop,妙国寺前,33.5492481,133.5398296,WGS84,10363,,鷲尾山,,,,,TH-osm-w567334942(511m) TH-osm-w567334942(511m),operator=とさでん交通（株）; busType=民間路線バス; busRoutes=みづき坂団地線 / 鳥越線 / 土佐塾校線,adopted,10,運行状況（季節運行・休止・予約制）を要確認,"国土数値情報（バス停留所データ）令和4年度（国土交通省）P11-22-39-bs1169（33.549248, 133.539830、JGD2011）を加工して作成 ｜ OpenStreetMap（© OpenStreetMap contributors, ODbL 1.0）Geofabrik japan-latest.osm.pbf 2026-09-30T20:22:42Z node/1925713104",
BS-kP11-22-39-bs1181,bus_stop,兼山通,33.548394,133.538828,WGS84,10363,,鷲尾山,,,,,TH-osm-w567334942(441m),operator=とさでん交通（株）; busType=民間路線バス; busRoutes=みづき坂団地線 / 鳥越線 / 土佐塾校線,adopted,10,運行状況（季節運行・休止・予約制）を要確認,"国土数値情報（バス停留所データ）令和4年度（国土交通省）P11-22-39-bs1181（33.548394, 133.538828、JGD2011）を加工して作成",
BS-kP11-22-39-bs1322,bus_stop,楠神,33.5396023,133.2293016,WGS84,825,横倉山,,四国百名山,,,,TH-n1493844827(832m),operator=（有）黒岩観光; busType=民間路線バス; busRoutes=佐川・川渡線 / 佐川・大崎・狩山口線,adopted,10,運行状況（季節運行・休止・予約制）を要確認、登山口から離れている（徒歩アプローチを要確認）,"国土数値情報（バス停留所データ）令和4年度（国土交通省）P11-22-39-bs1322（33.539602, 133.229302、JGD2011）を加工して作成",
BS-kP11-22-39-bs187,bus_stop,戸中橋,33.7331165,133.3301924,WGS84,801,稲叢山,,四国百名山,,,,TH-n1541869196(381m),operator=（有）嶺北観光自動車; busType=民間路線バス; busRoutes=日の浦・長沢線,adopted,10,運行状況（季節運行・休止・予約制）を要確認,"国土数値情報（バス停留所データ）令和4年度（国土交通省）P11-22-39-bs187（33.733117, 133.330192、JGD2011）を加工して作成",
BS-kP11-22-39-bs1936,bus_stop,舟床,33.449815,133.2888477,WGS84,838,虚空蔵山,,四国百名山,,,,TH-n1543473685(354m),operator=佐川町; busType=コミュニティバス; busRoutes=舟床・川ノ内線,adopted,10,運行状況（季節運行・休止・予約制）を要確認,"国土数値情報（バス停留所データ）令和4年度（国土交通省）P11-22-39-bs1936（33.449815, 133.288848、JGD2011）を加工して作成",
BS-kP11-22-39-bs2034,bus_stop,新土居,33.4326978,133.2311373,WGS84,839,蟠蛇森,,四国百名山,,,,TH-kP11-22-39-bs2040(314m),operator=高知高陵交通（株）; busType=民間路線バス; busRoutes=梼原～須崎線,adopted,10,運行状況（季節運行・休止・予約制）を要確認,"国土数値情報（バス停留所データ）令和4年度（国土交通省）P11-22-39-bs2034（33.432698, 133.231137、JGD2011）を加工して作成 ｜ OpenStreetMap（© OpenStreetMap contributors, ODbL 1.0）Geofabrik japan-latest.osm.pbf 2026-09-30T20:22:42Z node/7475329884",
BS-kP11-22-39-bs2040,bus_stop,馬関橋,33.431467,133.2341867,WGS84,839,蟠蛇森,,四国百名山,,,,TH-kP11-22-39-bs2040(0m),operator=高知高陵交通（株）; busType=民間路線バス; busRoutes=梼原～須崎線,adopted,10,運行状況（季節運行・休止・予約制）を要確認,"国土数値情報（バス停留所データ）令和4年度（国土交通省）P11-22-39-bs2040（33.431467, 133.234187、JGD2011）を加工して作成",
BS-kP11-22-39-bs2050,bus_stop,二又橋,33.4293292,133.2356451,WGS84,839,蟠蛇森,,四国百名山,,,,TH-kP11-22-39-bs2040(272m),operator=高知高陵交通（株）; busType=民間路線バス; busRoutes=梼原～須崎線,adopted,10,運行状況（季節運行・休止・予約制）を要確認,"国土数値情報（バス停留所データ）令和4年度（国土交通省）P11-22-39-bs2050（33.429329, 133.235645、JGD2011）を加工して作成",
BS-kP11-22-39-bs248,bus_stop,引立,33.7078517,133.8564153,WGS84,811,御在所山,,四国百名山,,,,TH-kP11-22-39-bs251(316m),operator=香美市; busType=コミュニティバス; busRoutes=蕨野線,adopted,10,運行状況（季節運行・休止・予約制）を要確認,"国土数値情報（バス停留所データ）令和4年度（国土交通省）P11-22-39-bs248（33.707852, 133.856415、JGD2011）を加工して作成",
BS-kP11-22-39-bs251,bus_stop,猪野々,33.7053149,133.8548469,WGS84,811,御在所山,,四国百名山,,,,TH-kP11-22-39-bs251(0m) TH-kP11-22-39-bs273(919m),operator=香美市; busType=コミュニティバス; busRoutes=蕨野線,adopted,10,運行状況（季節運行・休止・予約制）を要確認、登山口から離れている（徒歩アプローチを要確認）,"国土数値情報（バス停留所データ）令和4年度（国土交通省）P11-22-39-bs251（33.705315, 133.854847、JGD2011）を加工して作成",
BS-kP11-22-39-bs266,bus_stop,永瀬,33.7008636,133.8576528,WGS84,811,御在所山,,四国百名山,,,,TH-kP11-22-39-bs251(556m) TH-kP11-22-39-bs273(550m),operator=香美市; busType=コミュニティバス; busRoutes=蕨野線,adopted,10,運行状況（季節運行・休止・予約制）を要確認,"国土数値情報（バス停留所データ）令和4年度（国土交通省）P11-22-39-bs266（33.700864, 133.857653、JGD2011）を加工して作成",
BS-kP11-22-39-bs273,bus_stop,初田下,33.6970477,133.8538366,WGS84,811,御在所山,,四国百名山,,,,TH-kP11-22-39-bs273(0m),operator=香美市; busType=コミュニティバス; busRoutes=蕨野線,adopted,10,運行状況（季節運行・休止・予約制）を要確認,"国土数値情報（バス停留所データ）令和4年度（国土交通省）P11-22-39-bs273（33.697048, 133.853837、JGD2011）を加工して作成",
BS-kP11-22-39-bs294,bus_stop,清爪,33.6904499,133.8464862,WGS84,811,御在所山,,四国百名山,,,,TH-n1553314428(548m),operator=香美市; busType=コミュニティバス; busRoutes=蕨野線,adopted,10,運行状況（季節運行・休止・予約制）を要確認,"国土数値情報（バス停留所データ）令和4年度（国土交通省）P11-22-39-bs294（33.690450, 133.846486、JGD2011）を加工して作成",
BS-kP11-22-39-bs298,bus_stop,大谷口,33.6894566,133.8433418,WGS84,811,御在所山,,四国百名山,,,,TH-n1553314428(264m),operator=香美市; busType=コミュニティバス; busRoutes=蕨野線,adopted,10,運行状況（季節運行・休止・予約制）を要確認,"国土数値情報（バス停留所データ）令和4年度（国土交通省）P11-22-39-bs298（33.689457, 133.843342、JGD2011）を加工して作成",
BS-kP11-22-39-bs3000,bus_stop,檜駄馬,33.1048402,132.714488,WGS84,860,譲ヶ葉森,,四国百名山,,,,TH-kP11-22-39-bs3000(0m) TH-kP11-22-39-bs3001(888m),operator=四万十市; busType=公営路線バス; busRoutes=四万十市営バス　黒尊線,adopted,10,運行状況（季節運行・休止・予約制）を要確認、登山口から離れている（徒歩アプローチを要確認）,"国土数値情報（バス停留所データ）令和4年度（国土交通省）P11-22-39-bs3000（33.104840, 132.714488、JGD2011）を加工して作成",
BS-kP11-22-39-bs3001,bus_stop,奥屋内本村,33.1037945,132.7239247,WGS84,860,譲ヶ葉森,,四国百名山,,,,TH-kP11-22-39-bs3000(888m) TH-kP11-22-39-bs3001(0m),operator=四万十市; busType=公営路線バス; busRoutes=四万十市営バス　黒尊線,adopted,10,運行状況（季節運行・休止・予約制）を要確認、登山口から離れている（徒歩アプローチを要確認）,"国土数値情報（バス停留所データ）令和4年度（国土交通省）P11-22-39-bs3001（33.103795, 132.723925、JGD2011）を加工して作成",
BS-kP11-22-39-bs309,bus_stop,蕨野,33.684612,133.8454703,WGS84,811,御在所山,,四国百名山,,,,TH-n1553314428(755m),operator=香美市; busType=コミュニティバス; busRoutes=蕨野線 / 美良布・大栃線,adopted,10,運行状況（季節運行・休止・予約制）を要確認、登山口から離れている（徒歩アプローチを要確認）,"国土数値情報（バス停留所データ）令和4年度（国土交通省）P11-22-39-bs309（33.684612, 133.845470、JGD2011）を加工して作成",
BS-kP11-22-39-bs4,bus_stop,草原,33.8086688,133.5592518,WGS84,784,白髪山,,四国百名山,,,,TH-n1479920383(463m),operator=（有）嶺北観光自動車; busType=民間路線バス; busRoutes=冬の瀬線,adopted,10,運行状況（季節運行・休止・予約制）を要確認,"国土数値情報（バス停留所データ）令和4年度（国土交通省）P11-22-39-bs4（33.808669, 133.559252、JGD2011）を加工して作成",
BS-kP11-22-39-bs5,bus_stop,瓜生野,33.8046864,133.5585042,WGS84,784,白髪山,,四国百名山,,,,TH-n1479920383(261m),operator=（有）嶺北観光自動車; busType=民間路線バス; busRoutes=冬の瀬線,adopted,10,運行状況（季節運行・休止・予約制）を要確認,"国土数値情報（バス停留所データ）令和4年度（国土交通省）P11-22-39-bs5（33.804686, 133.558504、JGD2011）を加工して作成",
BS-kP11-22-39-bs56,bus_stop,影,33.777835,133.961122,WGS84,778 780 787 789,三嶺、天狗塚、白髪山、綱附森,,日本二百名山|日本三百名山|四国百名山,,,,TH-n1553371346(256m) TH-n1553370850(291m),operator=香美市; busType=コミュニティバス; busRoutes=影線,adopted,10,運行状況（季節運行・休止・予約制）を要確認,"国土数値情報（バス停留所データ）令和4年度（国土交通省）P11-22-39-bs56（33.777835, 133.961122、JGD2011）を加工して作成",
BS-kP11-22-39-bs57,bus_stop,和久保,33.7767106,133.9587622,WGS84,778 780 787 789,三嶺、天狗塚、白髪山、綱附森,,日本二百名山|日本三百名山|四国百名山,,,,TH-n1553371346(503m) TH-n1553370850(47m) TH-n1553369681(732m),operator=香美市; busType=コミュニティバス; busRoutes=影線,adopted,10,運行状況（季節運行・休止・予約制）を要確認、登山口から離れている（徒歩アプローチを要確認）,"国土数値情報（バス停留所データ）令和4年度（国土交通省）P11-22-39-bs57（33.776711, 133.958762、JGD2011）を加工して作成",
BS-kP11-22-39-bs6,bus_stop,宮前保育所,33.8024039,133.5586791,WGS84,784,白髪山,,四国百名山,,,,TH-n1479920383(365m),operator=（有）嶺北観光自動車; busType=民間路線バス; busRoutes=冬の瀬線,adopted,10,運行状況（季節運行・休止・予約制）を要確認,"国土数値情報（バス停留所データ）令和4年度（国土交通省）P11-22-39-bs6（33.802404, 133.558679、JGD2011）を加工して作成",
BS-kP11-22-39-bs73,bus_stop,中内,33.7704356,133.9530087,WGS84,778 780 787 789,三嶺、天狗塚、白髪山、綱附森,,日本二百名山|日本三百名山|四国百名山,,,,TH-n1553370850(828m) TH-n1553369681(154m) TH-n1553368679(745m),operator=香美市; busType=コミュニティバス; busRoutes=影線,adopted,10,運行状況（季節運行・休止・予約制）を要確認、登山口から離れている（徒歩アプローチを要確認）,"国土数値情報（バス停留所データ）令和4年度（国土交通省）P11-22-39-bs73（33.770436, 133.953009、JGD2011）を加工して作成",
BS-kP11-22-39-bs759,bus_stop,西浦,33.5753214,133.1883691,WGS84,825,横倉山,,四国百名山,,,,TH-kP11-22-39-bs785(683m),operator=（有）黒岩観光; busType=民間路線バス; busRoutes=佐川・川渡線 / 佐川・大崎・狩山口線,adopted,10,運行状況（季節運行・休止・予約制）を要確認、登山口から離れている（徒歩アプローチを要確認）,"国土数値情報（バス停留所データ）令和4年度（国土交通省）P11-22-39-bs759（33.575321, 133.188369、JGD2011）を加工して作成",
BS-kP11-22-39-bs764,bus_stop,川口,33.5750127,133.1655406,WGS84,825,横倉山,,四国百名山,,,,TH-n1543750186(299m),operator=（有）黒岩観光; busType=民間路線バス; busRoutes=佐川・大崎・狩山口線,adopted,10,運行状況（季節運行・休止・予約制）を要確認,"国土数値情報（バス停留所データ）令和4年度（国土交通省）P11-22-39-bs764（33.575013, 133.165541、JGD2011）を加工して作成",
BS-kP11-22-39-bs772,bus_stop,大崎学校前,33.5746551,133.1712958,WGS84,825,横倉山,,四国百名山,,,,TH-n1543750186(487m),operator=（有）黒岩観光; busType=民間路線バス; busRoutes=佐川・川渡線 / 佐川・大崎・狩山口線,adopted,10,運行状況（季節運行・休止・予約制）を要確認,"国土数値情報（バス停留所データ）令和4年度（国土交通省）P11-22-39-bs772（33.574655, 133.171296、JGD2011）を加工して作成",
BS-kP11-22-39-bs774,bus_stop,土佐大崎,33.5745867,133.1679415,WGS84,825,横倉山,,四国百名山,,,,TH-n1543750186(258m),operator=（有）黒岩観光; busType=民間路線バス; busRoutes=佐川・川渡線 / 佐川・大崎・狩山口線,adopted,10,運行状況（季節運行・休止・予約制）を要確認,"国土数値情報（バス停留所データ）令和4年度（国土交通省）P11-22-39-bs774（33.574587, 133.167941、JGD2011）を加工して作成",
BS-kP11-22-39-bs785,bus_stop,寺村橋,33.5734928,133.1953996,WGS84,825,横倉山,,四国百名山,,,,TH-kP11-22-39-bs785(0m),operator=（有）黒岩観光; busType=民間路線バス; busRoutes=佐川・川渡線 / 佐川・大崎・狩山口線,adopted,10,運行状況（季節運行・休止・予約制）を要確認,"国土数値情報（バス停留所データ）令和4年度（国土交通省）P11-22-39-bs785（33.573493, 133.195400、JGD2011）を加工して作成",
BS-kP11-22-39-bs794,bus_stop,熊秋,33.5721459,133.2012707,WGS84,825,横倉山,,四国百名山,,,,TH-kP11-22-39-bs785(565m),operator=（有）黒岩観光; busType=民間路線バス; busRoutes=佐川・川渡線 / 佐川・大崎・狩山口線,adopted,10,運行状況（季節運行・休止・予約制）を要確認,"国土数値情報（バス停留所データ）令和4年度（国土交通省）P11-22-39-bs794（33.572146, 133.201271、JGD2011）を加工して作成",
BS-kP11-22-39-bs82,bus_stop,沼井,33.7674512,133.9482717,WGS84,778 780 789,三嶺、天狗塚、綱附森,,日本二百名山|日本三百名山|四国百名山,,,,TH-n1553369681(702m) TH-n1553368679(199m),operator=香美市; busType=コミュニティバス; busRoutes=影線,adopted,10,運行状況（季節運行・休止・予約制）を要確認、登山口から離れている（徒歩アプローチを要確認）,"国土数値情報（バス停留所データ）令和4年度（国土交通省）P11-22-39-bs82（33.767451, 133.948272、JGD2011）を加工して作成",
BS-kP11-22-39-bs85,bus_stop,安野尾口,33.7658902,133.9375103,WGS84,789,綱附森,,四国百名山,,,,TH-n1553368679(823m) TH-n1553368503(74m),operator=香美市; busType=コミュニティバス; busRoutes=影線,adopted,10,運行状況（季節運行・休止・予約制）を要確認、登山口から離れている（徒歩アプローチを要確認）,"国土数値情報（バス停留所データ）令和4年度（国土交通省）P11-22-39-bs85（33.765890, 133.937510、JGD2011）を加工して作成",
BS-kP11-22-39-bs90,bus_stop,堂の岡,33.7641646,133.936174,WGS84,789,綱附森,,四国百名山,,,,TH-n1553368503(277m),operator=香美市; busType=コミュニティバス; busRoutes=影線,adopted,10,運行状況（季節運行・休止・予約制）を要確認,"国土数値情報（バス停留所データ）令和4年度（国土交通省）P11-22-39-bs90（33.764165, 133.936174、JGD2011）を加工して作成",
BS-kP11-22-39-bs97,bus_stop,袂石,33.7616591,133.9322043,WGS84,789,綱附森,,四国百名山,,,,TH-n1553368503(736m),operator=香美市; busType=コミュニティバス; busRoutes=影線,adopted,10,運行状況（季節運行・休止・予約制）を要確認、登山口から離れている（徒歩アプローチを要確認）,"国土数値情報（バス停留所データ）令和4年度（国土交通省）P11-22-39-bs97（33.761659, 133.932204、JGD2011）を加工して作成",
BS-n261014473,bus_stop,（名称なし）バス停,34.5169336,134.3011288,WGS84,658,寒霞渓,,四国百名山,,,,TH-n261014455(159m),,provisional,20,運行状況（季節運行・休止・予約制）を要確認、公式情報または2情報源での確認が必要,"OpenStreetMap（© OpenStreetMap contributors, ODbL 1.0）Geofabrik japan-latest.osm.pbf 2026-09-30T20:22:42Z node/261014473",
BS-n3152604389,bus_stop,別子山支所前,33.84665,133.3778412,WGS84,768,東赤石山,,日本二百名山|日本三百名山|四国百名山,,,,TH-n3464901750(806m),,provisional,20,運行状況（季節運行・休止・予約制）を要確認、公式情報または2情報源での確認が必要、登山口から離れている（徒歩アプローチを要確認）,"OpenStreetMap（© OpenStreetMap contributors, ODbL 1.0）Geofabrik japan-latest.osm.pbf 2026-09-30T20:22:42Z node/3152604389",
BS-n3152608194,bus_stop,白滝公民館前,33.5775871,132.527656,WGS84,821,壺神山,,四国百名山,,,,TH-gsi-shiratakikoen(580m),operator=伊予鉄南予バス,provisional,20,運行状況（季節運行・休止・予約制）を要確認、公式情報または2情報源での確認が必要,"OpenStreetMap（© OpenStreetMap contributors, ODbL 1.0）Geofabrik japan-latest.osm.pbf 2026-09-30T20:22:42Z node/3152608194",
BS-n3152608196,bus_stop,白滝診療所前,33.5795865,132.5242803,WGS84,821,壺神山,,四国百名山,,,,TH-gsi-shiratakikoen(588m),operator=伊予鉄南予バス,provisional,20,運行状況（季節運行・休止・予約制）を要確認、公式情報または2情報源での確認が必要,"OpenStreetMap（© OpenStreetMap contributors, ODbL 1.0）Geofabrik japan-latest.osm.pbf 2026-09-30T20:22:42Z node/3152608196",
BS-n5570323522,bus_stop,見ノ越,33.8672839,134.0897267,WGS84,775 776 777 778 787,一ノ森、次郎笈、剣山、三嶺、白髪山,,四国百名山|日本百名山|日本二百名山|日本三百名山,,,,TH-n11977956511(102m) TH-n11977956512(786m) TH-n278073861(438m),,provisional,20,運行状況（季節運行・休止・予約制）を要確認、公式情報または2情報源での確認が必要、登山口から離れている（徒歩アプローチを要確認）,"OpenStreetMap（© OpenStreetMap contributors, ODbL 1.0）Geofabrik japan-latest.osm.pbf 2026-09-30T20:22:42Z node/5570323522",
BS-n5893924855,bus_stop,Niju Kazurabashi 二重かずら橋,33.8538705,134.0443563,WGS84,775 776 777 778 787,一ノ森、次郎笈、剣山、三嶺、白髪山,,四国百名山|日本百名山|日本二百名山|日本三百名山,,,,TH-n278089427(33m),,provisional,20,運行状況（季節運行・休止・予約制）を要確認、公式情報または2情報源での確認が必要,"OpenStreetMap（© OpenStreetMap contributors, ODbL 1.0）Geofabrik japan-latest.osm.pbf 2026-09-30T20:22:42Z node/5893924855",
BS-n5893936106,bus_stop,名頃,33.8548934,134.0205768,WGS84,772 776 777 787 778 780,塔ノ丸、次郎笈、剣山、白髪山、三嶺、天狗塚,,四国百名山|日本百名山|日本二百名山|日本三百名山,,,,TH-n5893943539(431m) TH-n5893943539-2(256m),,provisional,20,運行状況（季節運行・休止・予約制）を要確認、公式情報または2情報源での確認が必要,"OpenStreetMap（© OpenStreetMap contributors, ODbL 1.0）Geofabrik japan-latest.osm.pbf 2026-09-30T20:22:42Z node/5893936106",
BS-n7349886235,bus_stop,（名称なし）バス停,34.3391094,134.1114214,WGS84,690,屋島,,四国百名山,,,,TH-osm-w82490098(740m),busRoutes=高松琴平電気鉄道株式会社｜ことでん｜庵治温泉 => 瓦町・高松駅,provisional,20,運行状況（季節運行・休止・予約制）を要確認、公式情報または2情報源での確認が必要、登山口から離れている（徒歩アプローチを要確認）,"OpenStreetMap（© OpenStreetMap contributors, ODbL 1.0）Geofabrik japan-latest.osm.pbf 2026-09-30T20:22:42Z node/7349886235",
BS-n7350480404,bus_stop,屋島南御殿,34.3445105,134.0950859,WGS84,690,屋島,,四国百名山,,,,TH-n1509587000(919m) TH-gsi-yashima-henro(785m),busRoutes=高松琴平電気鉄道株式会社｜ことでん｜浦生 => 瓦町・高松駅,provisional,20,運行状況（季節運行・休止・予約制）を要確認、公式情報または2情報源での確認が必要、登山口から離れている（徒歩アプローチを要確認）,"OpenStreetMap（© OpenStreetMap contributors, ODbL 1.0）Geofabrik japan-latest.osm.pbf 2026-09-30T20:22:42Z node/7350480404",
BS-n7350509986,bus_stop,（名称なし）バス停,34.34729,134.0933932,WGS84,690,屋島,,四国百名山,,,,TH-n1509587000(899m),busRoutes=高松琴平電気鉄道株式会社｜ことでん｜浦生 => 瓦町・高松駅 / 高松琴平電気鉄道株式会社｜ことでん｜高松駅 => 国際ホテル・浦生,provisional,20,運行状況（季節運行・休止・予約制）を要確認、公式情報または2情報源での確認が必要、登山口から離れている（徒歩アプローチを要確認）,"OpenStreetMap（© OpenStreetMap contributors, ODbL 1.0）Geofabrik japan-latest.osm.pbf 2026-09-30T20:22:42Z node/7350509986",
BS-n7350509989,bus_stop,屋島御殿,34.3472965,134.093424,WGS84,690,屋島,,四国百名山,,,,TH-n1509587000(896m),busRoutes=高松琴平電気鉄道株式会社｜ことでん｜浦生 => 瓦町・高松駅,provisional,20,運行状況（季節運行・休止・予約制）を要確認、公式情報または2情報源での確認が必要、登山口から離れている（徒歩アプローチを要確認）,"OpenStreetMap（© OpenStreetMap contributors, ODbL 1.0）Geofabrik japan-latest.osm.pbf 2026-09-30T20:22:42Z node/7350509989",
PK-g3318741_13260337,parking,鹿のコル駐車場,33.1874106,132.603372,WGS84,853 854,鬼ヶ城山、三本杭,,四国百名山|日本三百名山,,,,TH-n2045614046(0m),,provisional,100,公式情報では未確認（登山記録で使われている駐車場）,登山記録で使われている駐車場（登山記録・登山情報サイトで確認。公式情報では未確認）,
PK-g3333817_13252611,parking,法華津峠展望台駐車場,33.338166,132.526107,WGS84,847,高森山,,四国百名山,,,,TH-gsi-hokezu-toge(0m),,provisional,100,公式情報では未確認（登山記録で使われている駐車場）,登山記録で使われている駐車場（登山記録・登山情報サイトで確認。公式情報では未確認）,
PK-g3346445_13330738,parking,虚空蔵山わんぱく広場駐車場,33.464449,133.307384,WGS84,838,虚空蔵山,,四国百名山,,,,TH-n1543475993(0m),,provisional,100,公式情報では未確認（登山記録で使われている駐車場）,登山記録で使われている駐車場（登山記録・登山情報サイトで確認。公式情報では未確認）,
PK-g3346445_13330738-2,parking,山崎記念天文台入口駐車場,33.464449,133.307384,WGS84,838,虚空蔵山,,四国百名山,,,,TH-n1543475993(0m),,provisional,100,公式情報では未確認（登山記録で使われている駐車場）,登山記録で使われている駐車場（登山記録・登山情報サイトで確認。公式情報では未確認）,
PK-g3347534_13287112,parking,源氏ヶ駄場駐車場,33.4753447,132.8711246,WGS84,834,大野ヶ原,,四国百名山,,,,TH-n1765055970(0m),,provisional,100,公式情報では未確認（登山記録で使われている駐車場）,登山記録で使われている駐車場（登山記録・登山情報サイトで確認。公式情報では未確認）,
PK-g3353375_13322313,parking,横倉山第1駐車場,33.533747,133.223133,WGS84,825,横倉山,,四国百名山,,,,TH-n1493844827(113m),,adopted,100,,"OpenStreetMap（© OpenStreetMap contributors, ODbL 1.0）way/388843479（横倉山第一駐車場）",
PK-g3354977_13353436,parking,筆山公園駐車場,33.549766,133.53436,WGS84,10363,,鷲尾山,,,,,TH-osm-w567334942(0m),,provisional,100,公式情報では未確認（登山記録で使われている駐車場）,登山記録で使われている駐車場（登山記録・登山情報サイトで確認。公式情報では未確認）,
PK-g3356335_13303142,parking,吾川スカイパーク駐車場,33.5633472,133.0314172,WGS84,822,中津明神山,,四国百名山,,,,TH-n1681789165(0m),,provisional,100,公式情報では未確認（登山記録で使われている駐車場）,登山記録で使われている駐車場（登山記録・登山情報サイトで確認。公式情報では未確認）,
PK-g335666_13292825,parking,大川嶺駐車場,33.5665962,132.9282517,WGS84,820,大川嶺,,四国百名山,,,,TH-n1681795784(0m),,provisional,100,公式情報では未確認（登山記録で使われている駐車場）,登山記録で使われている駐車場（登山記録・登山情報サイトで確認。公式情報では未確認）,
PK-g335826_1325295,parking,白滝公園駐車場,33.582598,132.529504,WGS84,821,壺神山,,四国百名山,,,,TH-gsi-shiratakikoen(0m),,provisional,100,公式情報では未確認（登山記録で使われている駐車場）,登山記録で使われている駐車場（登山記録・登山情報サイトで確認。公式情報では未確認）,
PK-g3362432_13342449,parking,平家の滝の駐車場,33.624322,133.424492,WGS84,819,国見山,,四国百名山,,,,TH-n1557807109(618m),,provisional,100,公式情報では未確認（登山記録で使われている駐車場）、登山口から離れている（徒歩アプローチを要確認）,"国土地理院ベクトルタイル提供実験 地理院地図の注記「平家の滝」の位置（33.624322, 133.424492）。駐車場の正確な位置は未確認",
PK-g3367503_13351697,parking,工石山青少年の家駐車場,33.675026,133.5169664,WGS84,817,工石山,,四国百名山,,,,TH-n1557864581(0m),,provisional,100,公式情報では未確認（登山記録で使われている駐車場）,登山記録で使われている駐車場（登山記録・登山情報サイトで確認。公式情報では未確認）,
PK-g3369143_13343145,parking,林道峯石原線終点駐車場,33.691428,133.43145,WGS84,814,陣ヶ森,,四国百名山,,,,TH-gsi-mineishihara(0m),,provisional,100,公式情報では未確認（登山記録で使われている駐車場）,登山記録で使われている駐車場（登山記録・登山情報サイトで確認。公式情報では未確認）,
PK-g3372331_13288553,parking,上林森林公園駐車場,33.7233121,132.8855261,WGS84,809,皿ヶ嶺,,四国百名山,,,,TH-n1679205967(0m),,provisional,100,公式情報では未確認（登山記録で使われている駐車場）,登山記録で使われている駐車場（登山記録・登山情報サイトで確認。公式情報では未確認）,
PK-g33748_13273764,parking,えひめ森林公園駐車場,33.748,132.737636,WGS84,10361,,谷上山,,,,,TH-osm-n13176559001(0m),,provisional,100,公式情報では未確認（登山記録で使われている駐車場）,登山記録で使われている駐車場（登山記録・登山情報サイトで確認。公式情報では未確認）,
PK-g3375623_13314633,parking,土小屋駐車場（石鎚スカイライン終点）,33.7562251,133.1463317,WGS84,803 798 799 800 805 806,石鎚山、二ノ森、堂ヶ森、岩黒山、筒上山、手箱山,,日本百名山|日本二百名山|日本三百名山|四国百名山,,,,TH-n1682153459(0m),,provisional,100,公式情報では未確認（登山記録で使われている駐車場）,登山記録で使われている駐車場（登山記録・登山情報サイトで確認。公式情報では未確認）,
PK-g3376945_13376196,parking,龍王の滝駐車場,33.7694513,133.7619567,WGS84,797,梶ヶ森,,四国百名山,,,,TH-n13357020942(0m),,provisional,100,公式情報では未確認（登山記録で使われている駐車場）,登山記録で使われている駐車場（登山記録・登山情報サイトで確認。公式情報では未確認）,
PK-g3377334_13403024,parking,べふ峡駐車場,33.773345,134.030239,WGS84,794,石立山,,四国百名山,,,,TH-n1553370259(0m),,provisional,100,公式情報では未確認（登山記録で使われている駐車場）,登山記録で使われている駐車場（登山記録・登山情報サイトで確認。公式情報では未確認）,
PK-g3379577_13390051,parking,矢筈峠駐車場,33.79577,133.900505,WGS84,788 789,土佐矢筈山、綱附森,,四国百名山,,,,TH-osm-n1616584513(0m),,provisional,100,公式情報では未確認（登山記録で使われている駐車場）,登山記録で使われている駐車場（登山記録・登山情報サイトで確認。公式情報では未確認）,
PK-g3379956_13326654,parking,旧寒風山トンネル南口駐車場,33.7995609,133.2665368,WGS84,767 779 785 786 793,西赤石山、笹ヶ峰、平家平、寒風山、伊予富士,,四国百名山|日本二百名山|日本三百名山,,,,TH-n1541888765(0m),,provisional,100,公式情報では未確認（登山記録で使われている駐車場）,登山記録で使われている駐車場（登山記録・登山情報サイトで確認。公式情報では未確認）,
PK-g3385445_13358745,parking,工石山荘駐車スペース,33.854452,133.58745,WGS84,774,奥工石山,,四国百名山,,,,TH-n1549778451(0m),,provisional,100,公式情報では未確認（登山記録で使われている駐車場）,登山記録で使われている駐車場（登山記録・登山情報サイトで確認。公式情報では未確認）,
PK-g338819_13433185,parking,高丸山登山口駐車場,33.8818951,134.3318546,WGS84,764,高丸山,,四国百名山,,,,TH-n1617265411(0m),,provisional,100,公式情報では未確認（登山記録で使われている駐車場）,登山記録で使われている駐車場（登山記録・登山情報サイトで確認。公式情報では未確認）,
PK-g3390489_13423458,parking,ファガスの森 高城 駐車場,33.904892,134.234578,WGS84,761,高城山,,四国百名山,,,,TH-osm-n2617205699(0m),,provisional,100,公式情報では未確認（登山記録で使われている駐車場）,登山記録で使われている駐車場（登山記録・登山情報サイトで確認。公式情報では未確認）,
PK-g3392469_13367921,parking,塩塚高原展望台駐車場,33.9246871,133.6792113,WGS84,749,塩塚峰,,四国百名山,,,,TH-n1757079024(0m),,provisional,100,公式情報では未確認（登山記録で使われている駐車場）,登山記録で使われている駐車場（登山記録・登山情報サイトで確認。公式情報では未確認）,
PK-g3393209_13405124,parking,久薮阿弥陀堂駐車場,33.932087,134.051238,WGS84,745,津志嶽,,四国百名山,,,,TH-gsi-kuyabu(0m),,provisional,100,公式情報では未確認（登山記録で使われている駐車場）,登山記録で使われている駐車場（登山記録・登山情報サイトで確認。公式情報では未確認）,
PK-g3394037_13353626,parking,翠波高原駐車場,33.9403719,133.5362573,WGS84,741,翠波峰,,四国百名山,,,,TH-n4074924301(0m),,provisional,100,公式情報では未確認（登山記録で使われている駐車場）,登山記録で使われている駐車場（登山記録・登山情報サイトで確認。公式情報では未確認）,
PK-g3394879_13399517,parking,石堂神社駐車スペース,33.9487907,133.9951663,WGS84,743,石堂山,,四国百名山,,,,TH-n1811093493(0m),,provisional,100,公式情報では未確認（登山記録で使われている駐車場）,登山記録で使われている駐車場（登山記録・登山情報サイトで確認。公式情報では未確認）,
PK-g3395035_13282857,parking,院内登山口駐車場,33.950347,132.828569,WGS84,740,高縄山,,四国百名山,,,,TH-gsi-innai(0m),,provisional,100,公式情報では未確認（登山記録で使われている駐車場）,登山記録で使われている駐車場（登山記録・登山情報サイトで確認。公式情報では未確認）,
PK-g3395287_13440736,parking,大川原高原駐車場,33.9528667,134.407361,WGS84,739,旭ヶ丸,,四国百名山,,,,TH-n1617283473(0m),,provisional,100,公式情報では未確認（登山記録で使われている駐車場）,登山記録で使われている駐車場（登山記録・登山情報サイトで確認。公式情報では未確認）,
PK-g3398776_13430902,parking,焼山寺駐車場,33.987759,134.309025,WGS84,10360,,焼山寺山,,,,,TH-osm-w28399590(0m),,adopted,100,,公式情報: https://www.town.kamiyama.lg.jp/enjoy/map/docs/2025061900357/,
PK-g3406914_13454321,parking,阿波おどり会館駐車場,34.069135,134.543206,WGS84,10358,,眉山,,,,,TH-gsi-bizan-sanroku(0m),,provisional,100,公式情報では未確認（登山記録で使われている駐車場）,登山記録で使われている駐車場（登山記録・登山情報サイトで確認。公式情報では未確認）,
PK-g3411745_13407543,parking,相栗峠駐車場,34.117447,134.075426,WGS84,773 720,竜王山、大滝山,,四国百名山,,,,TH-osm-n763764009(0m),,provisional,100,公式情報では未確認（登山記録で使われている駐車場）,登山記録で使われている駐車場（登山記録・登山情報サイトで確認。公式情報では未確認）,
PK-g3412174_13412642,parking,大瀧寺駐車場,34.121744,134.126415,WGS84,720,大滝山,,四国百名山,,,,TH-gsi-otakiji(0m),,provisional,100,公式情報では未確認（登山記録で使われている駐車場）,登山記録で使われている駐車場（登山記録・登山情報サイトで確認。公式情報では未確認）,
PK-g3426818_13415039,parking,白山神社駐車場,34.268178,134.150387,WGS84,10355,,白山,,,,,TH-osm-w196315970(0m),,provisional,100,公式情報では未確認（登山記録で使われている駐車場）,登山記録で使われている駐車場（登山記録・登山情報サイトで確認。公式情報では未確認）,
PK-g343448_13410718,parking,屋島神社駐車場,34.344797,134.107183,WGS84,690,屋島,,四国百名山,,,,TH-osm-w82490098(0m),,provisional,100,公式情報では未確認（登山記録で使われている駐車場）,登山記録で使われている駐車場（登山記録・登山情報サイトで確認。公式情報では未確認）,
PK-n11416066169,parking,（名称なし）駐車場,34.0316043,133.7229217,WGS84,730,雲辺寺山,,四国百名山,,,,TH-n4485944009(404m) TH-n1810764607(77m),,provisional,20,公式情報または2情報源での確認が必要、名称なし、登山口から離れている（徒歩アプローチを要確認）,"OpenStreetMap（© OpenStreetMap contributors, ODbL 1.0）Geofabrik japan-latest.osm.pbf 2026-09-30T20:22:42Z node/11416066169",
PK-n13176559001,parking,（名称なし）駐車場,33.7480001,132.7376358,WGS84,10361,,谷上山,,,,,TH-osm-n13176559001(0m),,provisional,20,公式情報または2情報源での確認が必要、名称なし,"OpenStreetMap（© OpenStreetMap contributors, ODbL 1.0）Geofabrik japan-latest.osm.pbf 2026-09-30T20:22:42Z node/13176559001",
PK-n13197012901,parking,（名称なし）駐車場,34.2196583,133.7509595,WGS84,713,我拝師山,,四国百名山,,,,TH-n4507394264(261m),operator=Shusshaka-ji,provisional,20,公式情報または2情報源での確認が必要、名称なし,"OpenStreetMap（© OpenStreetMap contributors, ODbL 1.0）Geofabrik japan-latest.osm.pbf 2026-09-30T20:22:42Z node/13197012901",
PK-n13227002601,parking,（名称なし）駐車場,34.1904351,134.2077678,WGS84,715,女体山,,四国百名山,,,,TH-n11416744269(21m),,provisional,20,公式情報または2情報源での確認が必要、名称なし,"OpenStreetMap（© OpenStreetMap contributors, ODbL 1.0）Geofabrik japan-latest.osm.pbf 2026-09-30T20:22:42Z node/13227002601",
PK-n13707333501,parking,（名称なし）駐車場,33.6751589,133.1840106,WGS84,818,雨ヶ森,,四国百名山,,,,TH-n1543801962(430m),,provisional,20,公式情報または2情報源での確認が必要、名称なし、登山口から離れている（徒歩アプローチを要確認）,"OpenStreetMap（© OpenStreetMap contributors, ODbL 1.0）Geofabrik japan-latest.osm.pbf 2026-09-30T20:22:42Z node/13707333501",
PK-n1954794575,parking,（名称なし）駐車場,33.724826,133.101857,WGS84,798 799 803,二ノ森、堂ヶ森、石鎚山,,四国百名山|日本百名山|日本二百名山|日本三百名山,,,,TH-n1954794489(203m),,provisional,20,公式情報または2情報源での確認が必要、名称なし,"OpenStreetMap（© OpenStreetMap contributors, ODbL 1.0）Geofabrik japan-latest.osm.pbf 2026-09-30T20:22:42Z node/1954794575",
PK-n261014453,parking,（名称なし）駐車場,34.5084244,134.2961979,WGS84,658,寒霞渓,,四国百名山,,,,TH-osm-n261014454(31m),,provisional,20,公式情報または2情報源での確認が必要、名称なし,"OpenStreetMap（© OpenStreetMap contributors, ODbL 1.0）Geofabrik japan-latest.osm.pbf 2026-09-30T20:22:42Z node/261014453",
PK-n278078947,parking,見ノ越第一駐車場,33.8672209,134.0896251,WGS84,775 776 777 778 787,一ノ森、次郎笈、剣山、三嶺、白髪山,,四国百名山|日本百名山|日本二百名山|日本三百名山,,,,TH-n11977956511(90m),,provisional,20,公式情報または2情報源での確認が必要,"OpenStreetMap（© OpenStreetMap contributors, ODbL 1.0）Geofabrik japan-latest.osm.pbf 2026-09-30T20:22:42Z node/278078947",
PK-n278083232,parking,見ノ越第二駐車場,33.8664007,134.0854287,WGS84,775 776 777 787,一ノ森、次郎笈、剣山、白髪山,,四国百名山|日本百名山|日本二百名山|日本三百名山,,,,TH-n278073861(64m),,provisional,20,公式情報または2情報源での確認が必要,"OpenStreetMap（© OpenStreetMap contributors, ODbL 1.0）Geofabrik japan-latest.osm.pbf 2026-09-30T20:22:42Z node/278083232",
PK-n278083236,parking,（名称なし）駐車場,33.8539049,134.0449004,WGS84,775 776 777 778 787,一ノ森、次郎笈、剣山、三嶺、白髪山,,四国百名山|日本百名山|日本二百名山|日本三百名山,,,,TH-n278089427(18m),,provisional,20,公式情報または2情報源での確認が必要、名称なし,"OpenStreetMap（© OpenStreetMap contributors, ODbL 1.0）Geofabrik japan-latest.osm.pbf 2026-09-30T20:22:42Z node/278083236",
PK-n330722545,parking,（名称なし）駐車場,33.4753965,133.046131,WGS84,830,天狗高原,,四国百名山,,,,TH-n330722543(22m),,provisional,20,公式情報または2情報源での確認が必要、名称なし,"OpenStreetMap（© OpenStreetMap contributors, ODbL 1.0）Geofabrik japan-latest.osm.pbf 2026-09-30T20:22:42Z node/330722545",
PK-n3717928752,parking,（名称なし）駐車場,33.918038,133.9496505,WGS84,747 750 758,烏帽子山、矢筈山、寒峰,,四国百名山,,,,TH-n1698966501(174m),,provisional,20,公式情報または2情報源での確認が必要、名称なし,"OpenStreetMap（© OpenStreetMap contributors, ODbL 1.0）Geofabrik japan-latest.osm.pbf 2026-09-30T20:22:42Z node/3717928752",
PK-n4074919401,parking,（名称なし）駐車場,33.9398643,133.5376401,WGS84,741,翠波峰,,四国百名山,,,,TH-n4074924301(139m),,provisional,20,公式情報または2情報源での確認が必要、名称なし,"OpenStreetMap（© OpenStreetMap contributors, ODbL 1.0）Geofabrik japan-latest.osm.pbf 2026-09-30T20:22:42Z node/4074919401",
PK-n4080908822,parking,（名称なし）駐車場,33.8730747,133.4709388,WGS84,763 768,二ッ岳、東赤石山,,四国百名山|日本二百名山|日本三百名山,,,,TH-n1757002157(110m),,provisional,20,公式情報または2情報源での確認が必要、名称なし,"OpenStreetMap（© OpenStreetMap contributors, ODbL 1.0）Geofabrik japan-latest.osm.pbf 2026-09-30T20:22:42Z node/4080908822",
PK-n415526403,parking,（名称なし）駐車場,33.9630577,134.5027216,WGS84,737,中津峰山,,四国百名山,,,,TH-n415526414(212m) TH-n1849324734(390m),,provisional,20,公式情報または2情報源での確認が必要、名称なし、登山口から離れている（徒歩アプローチを要確認）,"OpenStreetMap（© OpenStreetMap contributors, ODbL 1.0）Geofabrik japan-latest.osm.pbf 2026-09-30T20:22:42Z node/415526403",
PK-n415526417,parking,（名称なし）駐車場,33.9656551,134.5043031,WGS84,737,中津峰山,,四国百名山,,,,TH-n415526414(210m) TH-n1849324734(183m),,provisional,20,公式情報または2情報源での確認が必要、名称なし,"OpenStreetMap（© OpenStreetMap contributors, ODbL 1.0）Geofabrik japan-latest.osm.pbf 2026-09-30T20:22:42Z node/415526417",
PK-n6479492226,parking,祓川温泉,33.0834097,132.6543689,WGS84,867,篠山,,日本三百名山|四国百名山,,,,TH-n2045582818(383m),,provisional,20,公式情報または2情報源での確認が必要、登山口から離れている（徒歩アプローチを要確認）,"OpenStreetMap（© OpenStreetMap contributors, ODbL 1.0）Geofabrik japan-latest.osm.pbf 2026-09-30T20:22:42Z node/6479492226",
PK-n704285304,parking,（名称なし）駐車場,34.5179185,134.3169844,WGS84,658,寒霞渓,,四国百名山,,,,TH-n10129303952(23m),,provisional,20,公式情報または2情報源での確認が必要、名称なし,"OpenStreetMap（© OpenStreetMap contributors, ODbL 1.0）Geofabrik japan-latest.osm.pbf 2026-09-30T20:22:42Z node/704285304",
PK-n8668196765,parking,（名称なし）駐車場,34.0143885,134.1909793,WGS84,732,高越山,,四国百名山,,,,TH-n2067522216(15m),,provisional,20,公式情報または2情報源での確認が必要、名称なし,"OpenStreetMap（© OpenStreetMap contributors, ODbL 1.0）Geofabrik japan-latest.osm.pbf 2026-09-30T20:22:42Z node/8668196765",
PK-n8695412005,parking,（名称なし）駐車場,33.9444586,133.541391,WGS84,741,翠波峰,,四国百名山,,,,TH-n4074896728(14m),fee=no; capacity=3,provisional,20,公式情報または2情報源での確認が必要、名称なし,"OpenStreetMap（© OpenStreetMap contributors, ODbL 1.0）Geofabrik japan-latest.osm.pbf 2026-09-30T20:22:42Z node/8695412005",
PK-w1034751565,parking,（名称なし）駐車場,34.3507882,134.1011659,WGS84,690,屋島,,四国百名山,,,,TH-n1509587000(161m) TH-gsi-yashima-henro(433m),,provisional,40,公式情報または2情報源での確認が必要、名称なし、登山口から離れている（徒歩アプローチを要確認）,"OpenStreetMap（© OpenStreetMap contributors, ODbL 1.0）Geofabrik japan-latest.osm.pbf 2026-09-30T20:22:42Z way/1034751565",
PK-w1034751566,parking,（名称なし）駐車場,34.3509244,134.1003933,WGS84,690,屋島,,四国百名山,,,,TH-n1509587000(230m) TH-gsi-yashima-henro(478m),,provisional,40,公式情報または2情報源での確認が必要、名称なし、登山口から離れている（徒歩アプローチを要確認）,"OpenStreetMap（© OpenStreetMap contributors, ODbL 1.0）Geofabrik japan-latest.osm.pbf 2026-09-30T20:22:42Z way/1034751566",
PK-w1064525271,parking,（名称なし）駐車場,33.4751041,132.8705172,WGS84,834,大野ヶ原,,四国百名山,,,,TH-n1765055970(62m) TH-n1765053396(466m),,provisional,40,公式情報または2情報源での確認が必要、名称なし、登山口から離れている（徒歩アプローチを要確認）,"OpenStreetMap（© OpenStreetMap contributors, ODbL 1.0）Geofabrik japan-latest.osm.pbf 2026-09-30T20:22:42Z way/1064525271",
PK-w1065353274,parking,（名称なし）駐車場,33.7693384,133.1832691,WGS84,790 792,瓶ヶ森、西黒森,,日本三百名山|四国百名山,,,,TH-n945762544(17m),,provisional,40,公式情報または2情報源での確認が必要、名称なし,"OpenStreetMap（© OpenStreetMap contributors, ODbL 1.0）Geofabrik japan-latest.osm.pbf 2026-09-30T20:22:42Z way/1065353274",
PK-w1065359932,parking,（名称なし）駐車場,33.7847738,133.1904714,WGS84,790 792,瓶ヶ森、西黒森,,日本三百名山|四国百名山,,,,TH-n945762371(149m) TH-n2980392386(352m) TH-gsi-kamegamori(151m),,provisional,40,公式情報または2情報源での確認が必要、名称なし、登山口から離れている（徒歩アプローチを要確認）,"OpenStreetMap（© OpenStreetMap contributors, ODbL 1.0）Geofabrik japan-latest.osm.pbf 2026-09-30T20:22:42Z way/1065359932",
PK-w1065359933,parking,（名称なし）駐車場,33.7855505,133.1902731,WGS84,790 792,瓶ヶ森、西黒森,,日本三百名山|四国百名山,,,,TH-n945762371(68m) TH-n2980392386(424m) TH-gsi-kamegamori(70m),,provisional,40,公式情報または2情報源での確認が必要、名称なし、登山口から離れている（徒歩アプローチを要確認）,"OpenStreetMap（© OpenStreetMap contributors, ODbL 1.0）Geofabrik japan-latest.osm.pbf 2026-09-30T20:22:42Z way/1065359933",
PK-w1065767581,parking,（名称なし）駐車場,33.7553891,133.1474324,WGS84,803 798 799 800 805 806,石鎚山、二ノ森、堂ヶ森、岩黒山、筒上山、手箱山,,日本百名山|日本二百名山|日本三百名山|四国百名山,,,,TH-n1682153459(138m),,provisional,40,公式情報または2情報源での確認が必要、名称なし,"OpenStreetMap（© OpenStreetMap contributors, ODbL 1.0）Geofabrik japan-latest.osm.pbf 2026-09-30T20:22:42Z way/1065767581",
PK-w1065767745,parking,（名称なし）駐車場,33.7540503,133.1470313,WGS84,803 798 799 800 805 806,石鎚山、二ノ森、堂ヶ森、岩黒山、筒上山、手箱山,,日本百名山|日本二百名山|日本三百名山|四国百名山,,,,TH-n1682153459(249m),,provisional,40,公式情報または2情報源での確認が必要、名称なし,"OpenStreetMap（© OpenStreetMap contributors, ODbL 1.0）Geofabrik japan-latest.osm.pbf 2026-09-30T20:22:42Z way/1065767745",
PK-w1065866375,parking,（名称なし）駐車場,33.8033676,133.1502384,WGS84,798 799 803,二ノ森、堂ヶ森、石鎚山,,四国百名山|日本百名山|日本二百名山|日本三百名山,,,,TH-n2096162029(409m),,provisional,40,公式情報または2情報源での確認が必要、名称なし、登山口から離れている（徒歩アプローチを要確認）,"OpenStreetMap（© OpenStreetMap contributors, ODbL 1.0）Geofabrik japan-latest.osm.pbf 2026-09-30T20:22:42Z way/1065866375",
PK-w1095559315,parking,（名称なし）駐車場,33.8339055,134.0867295,WGS84,775 776 777 778 783 787,一ノ森、次郎笈、剣山、三嶺、権田山、白髪山,,四国百名山|日本百名山|日本二百名山|日本三百名山,,,,TH-n4238774020(44m),,provisional,40,公式情報または2情報源での確認が必要、名称なし,"OpenStreetMap（© OpenStreetMap contributors, ODbL 1.0）Geofabrik japan-latest.osm.pbf 2026-09-30T20:22:42Z way/1095559315",
PK-w1095559318,parking,（名称なし）駐車場,33.8337787,134.0867026,WGS84,775 776 777 778 783 787,一ノ森、次郎笈、剣山、三嶺、権田山、白髪山,,四国百名山|日本百名山|日本二百名山|日本三百名山,,,,TH-n4238774020(58m),,provisional,40,公式情報または2情報源での確認が必要、名称なし,"OpenStreetMap（© OpenStreetMap contributors, ODbL 1.0）Geofabrik japan-latest.osm.pbf 2026-09-30T20:22:42Z way/1095559318",
PK-w1102748344,parking,（名称なし）駐車場,34.4603222,134.3335246,WGS84,10351 10352,,碁石山、洞雲山,,,,,TH-gsi-dounzan-sakate(14m),,provisional,40,公式情報または2情報源での確認が必要、名称なし,"OpenStreetMap（© OpenStreetMap contributors, ODbL 1.0）Geofabrik japan-latest.osm.pbf 2026-09-30T20:22:42Z way/1102748344",
PK-w1102748345,parking,（名称なし）駐車場,34.4603936,134.3332779,WGS84,10351 10352,,碁石山、洞雲山,,,,,TH-gsi-dounzan-sakate(26m),,provisional,40,公式情報または2情報源での確認が必要、名称なし,"OpenStreetMap（© OpenStreetMap contributors, ODbL 1.0）Geofabrik japan-latest.osm.pbf 2026-09-30T20:22:42Z way/1102748345",
PK-w1106978730,parking,（名称なし）駐車場,34.5179573,134.3169462,WGS84,658,寒霞渓,,四国百名山,,,,TH-n10129303952(18m),,provisional,40,公式情報または2情報源での確認が必要、名称なし,"OpenStreetMap（© OpenStreetMap contributors, ODbL 1.0）Geofabrik japan-latest.osm.pbf 2026-09-30T20:22:42Z way/1106978730",
PK-w1137173396,parking,（名称なし）駐車場,34.3575639,134.0991977,WGS84,690,屋島,,四国百名山,,,,TH-w422803842(323m) TH-n10600658618(8m),access=private,provisional,40,公式情報または2情報源での確認が必要、名称なし、登山口から離れている（徒歩アプローチを要確認）,"OpenStreetMap（© OpenStreetMap contributors, ODbL 1.0）Geofabrik japan-latest.osm.pbf 2026-09-30T20:22:42Z way/1137173396",
PK-w1158584610,parking,（名称なし）駐車場,34.1157874,134.0488407,WGS84,773,竜王山,,四国百名山,,,,TH-n9402514371(281m) TH-n1993045555(345m) TH-n1993046131(330m),fee=no; access=yes,provisional,40,公式情報または2情報源での確認が必要、名称なし、登山口から離れている（徒歩アプローチを要確認）,"OpenStreetMap（© OpenStreetMap contributors, ODbL 1.0）Geofabrik japan-latest.osm.pbf 2026-09-30T20:22:42Z way/1158584610",
PK-w1159101749,parking,（名称なし）駐車場,34.190484,133.8169098,WGS84,716,大麻山,,四国百名山,,,,TH-n2094258984(108m),,provisional,40,公式情報または2情報源での確認が必要、名称なし,"OpenStreetMap（© OpenStreetMap contributors, ODbL 1.0）Geofabrik japan-latest.osm.pbf 2026-09-30T20:22:42Z way/1159101749",
PK-w1209993265,parking,（名称なし）駐車場,34.2462446,133.0050909,WGS84,703,鷲ヶ頭山,,四国百名山,,,,TH-gsi-oyamazumi(171m),,provisional,40,公式情報または2情報源での確認が必要、名称なし,"OpenStreetMap（© OpenStreetMap contributors, ODbL 1.0）Geofabrik japan-latest.osm.pbf 2026-09-30T20:22:42Z way/1209993265",
PK-w1219969034,parking,（名称なし）駐車場,33.8547998,134.0207577,WGS84,772 776 777 787 778 780,塔ノ丸、次郎笈、剣山、白髪山、三嶺、天狗塚,,四国百名山|日本百名山|日本二百名山|日本三百名山,,,,TH-n5893943539(412m) TH-n5893943539-2(237m),,provisional,40,公式情報または2情報源での確認が必要、名称なし、登山口から離れている（徒歩アプローチを要確認）,"OpenStreetMap（© OpenStreetMap contributors, ODbL 1.0）Geofabrik japan-latest.osm.pbf 2026-09-30T20:22:42Z way/1219969034",
PK-w1221394342,parking,（名称なし）駐車場,33.867263,134.0895382,WGS84,775 776 777 778 787,一ノ森、次郎笈、剣山、三嶺、白髪山,,四国百名山|日本百名山|日本二百名山|日本三百名山,,,,TH-n11977956511(88m),,provisional,40,公式情報または2情報源での確認が必要、名称なし,"OpenStreetMap（© OpenStreetMap contributors, ODbL 1.0）Geofabrik japan-latest.osm.pbf 2026-09-30T20:22:42Z way/1221394342",
PK-w1221394344,parking,（名称なし）駐車場,33.8677047,134.0890283,WGS84,775 776 777 787,一ノ森、次郎笈、剣山、白髪山,,四国百名山|日本百名山|日本二百名山|日本三百名山,,,,TH-n278073861(401m),,provisional,40,公式情報または2情報源での確認が必要、名称なし、登山口から離れている（徒歩アプローチを要確認）,"OpenStreetMap（© OpenStreetMap contributors, ODbL 1.0）Geofabrik japan-latest.osm.pbf 2026-09-30T20:22:42Z way/1221394344",
PK-w1250754773,parking,（名称なし）駐車場,34.1992217,133.8115604,WGS84,716,大麻山,,四国百名山,,,,TH-n2061596030(470m),access=customers,provisional,40,公式情報または2情報源での確認が必要、名称なし、登山口から離れている（徒歩アプローチを要確認）,"OpenStreetMap（© OpenStreetMap contributors, ODbL 1.0）Geofabrik japan-latest.osm.pbf 2026-09-30T20:22:42Z way/1250754773",
PK-w1250754776,parking,（名称なし）駐車場,34.1987108,133.8124841,WGS84,716,大麻山,,四国百名山,,,,TH-n2061596030(430m),access=customers,provisional,40,公式情報または2情報源での確認が必要、名称なし、登山口から離れている（徒歩アプローチを要確認）,"OpenStreetMap（© OpenStreetMap contributors, ODbL 1.0）Geofabrik japan-latest.osm.pbf 2026-09-30T20:22:42Z way/1250754776",
PK-w1323417642,parking,（名称なし）駐車場,33.8519072,133.3467431,WGS84,763 767 768 779 785 786,二ッ岳、西赤石山、東赤石山、笹ヶ峰、平家平、寒風山,,四国百名山|日本二百名山|日本三百名山,,,,TH-n2097490007(13m),,provisional,40,公式情報または2情報源での確認が必要、名称なし,"OpenStreetMap（© OpenStreetMap contributors, ODbL 1.0）Geofabrik japan-latest.osm.pbf 2026-09-30T20:22:42Z way/1323417642",
PK-w1328515234,parking,（名称なし）駐車場,34.3417348,134.1060482,WGS84,690,屋島,,四国百名山,,,,TH-osm-w82490098(354m),,provisional,40,公式情報または2情報源での確認が必要、名称なし、登山口から離れている（徒歩アプローチを要確認）,"OpenStreetMap（© OpenStreetMap contributors, ODbL 1.0）Geofabrik japan-latest.osm.pbf 2026-09-30T20:22:42Z way/1328515234",
PK-w1342595408,parking,（名称なし）駐車場,34.5161126,134.3009812,WGS84,658,寒霞渓,,四国百名山,,,,TH-n261014455(71m),,provisional,40,公式情報または2情報源での確認が必要、名称なし,"OpenStreetMap（© OpenStreetMap contributors, ODbL 1.0）Geofabrik japan-latest.osm.pbf 2026-09-30T20:22:42Z way/1342595408",
PK-w1342595409,parking,（名称なし）駐車場,34.5161544,134.3012966,WGS84,658,寒霞渓,,四国百名山,,,,TH-n261014455(93m),,provisional,40,公式情報または2情報源での確認が必要、名称なし,"OpenStreetMap（© OpenStreetMap contributors, ODbL 1.0）Geofabrik japan-latest.osm.pbf 2026-09-30T20:22:42Z way/1342595409",
PK-w1342595410,parking,（名称なし）駐車場,34.5169811,134.3011493,WGS84,658,寒霞渓,,四国百名山,,,,TH-n261014455(165m),,provisional,40,公式情報または2情報源での確認が必要、名称なし,"OpenStreetMap（© OpenStreetMap contributors, ODbL 1.0）Geofabrik japan-latest.osm.pbf 2026-09-30T20:22:42Z way/1342595410",
PK-w1371045019,parking,（名称なし）駐車場,34.1901774,133.8187659,WGS84,716,大麻山,,四国百名山,,,,TH-n2094258984(273m),,provisional,40,公式情報または2情報源での確認が必要、名称なし,"OpenStreetMap（© OpenStreetMap contributors, ODbL 1.0）Geofabrik japan-latest.osm.pbf 2026-09-30T20:22:42Z way/1371045019",
PK-w1371045037,parking,（名称なし）駐車場,34.1880755,133.817614,WGS84,716,大麻山,,四国百名山,,,,TH-w1371045038(83m) TH-n2094258984(285m),,provisional,40,公式情報または2情報源での確認が必要、名称なし,"OpenStreetMap（© OpenStreetMap contributors, ODbL 1.0）Geofabrik japan-latest.osm.pbf 2026-09-30T20:22:42Z way/1371045037",
PK-w1371045038,parking,タイムズ,34.1882861,133.8184805,WGS84,716,大麻山,,四国百名山,,,,TH-w1371045038(0m),fee=yes; operator=タイムズ24,provisional,40,公式情報または2情報源での確認が必要,"OpenStreetMap（© OpenStreetMap contributors, ODbL 1.0）Geofabrik japan-latest.osm.pbf 2026-09-30T20:22:42Z way/1371045038",
PK-w1371045039,parking,（名称なし）駐車場,34.1888348,133.8189498,WGS84,716,大麻山,,四国百名山,,,,TH-w1371045038(74m),,provisional,40,公式情報または2情報源での確認が必要、名称なし,"OpenStreetMap（© OpenStreetMap contributors, ODbL 1.0）Geofabrik japan-latest.osm.pbf 2026-09-30T20:22:42Z way/1371045039",
PK-w1394465660,parking,（名称なし）駐車場,34.268389,133.854614,WGS84,697,飯野山,,四国百名山,,,,TH-n1951923044(381m),access=customers,provisional,40,公式情報または2情報源での確認が必要、名称なし、登山口から離れている（徒歩アプローチを要確認）,"OpenStreetMap（© OpenStreetMap contributors, ODbL 1.0）Geofabrik japan-latest.osm.pbf 2026-09-30T20:22:42Z way/1394465660",
PK-w1394465677,parking,（名称なし）駐車場,34.2697019,133.854696,WGS84,697,飯野山,,四国百名山,,,,TH-n1951923044(297m),access=customers,provisional,40,公式情報または2情報源での確認が必要、名称なし,"OpenStreetMap（© OpenStreetMap contributors, ODbL 1.0）Geofabrik japan-latest.osm.pbf 2026-09-30T20:22:42Z way/1394465677",
PK-w1394465678,parking,（名称なし）駐車場,34.2693226,133.8546915,WGS84,697,飯野山,,四国百名山,,,,TH-n1951923044(318m),access=customers,provisional,40,公式情報または2情報源での確認が必要、名称なし、登山口から離れている（徒歩アプローチを要確認）,"OpenStreetMap（© OpenStreetMap contributors, ODbL 1.0）Geofabrik japan-latest.osm.pbf 2026-09-30T20:22:42Z way/1394465678",
PK-w1433253893,parking,（名称なし）駐車場,33.9409872,134.2280994,WGS84,738,東宮山,,四国百名山,,,,TH-n1853850865(312m) TH-n1847705204(174m),,provisional,40,公式情報または2情報源での確認が必要、名称なし、登山口から離れている（徒歩アプローチを要確認）,"OpenStreetMap（© OpenStreetMap contributors, ODbL 1.0）Geofabrik japan-latest.osm.pbf 2026-09-30T20:22:42Z way/1433253893",
PK-w1456391652,parking,（名称なし）駐車場,33.7587459,133.7620055,WGS84,797,梶ヶ森,,四国百名山,,,,TH-n13356997366(75m),,provisional,40,公式情報または2情報源での確認が必要、名称なし,"OpenStreetMap（© OpenStreetMap contributors, ODbL 1.0）Geofabrik japan-latest.osm.pbf 2026-09-30T20:22:42Z way/1456391652",
PK-w1456418314,parking,（名称なし）駐車場,33.7695886,133.7620028,WGS84,797,梶ヶ森,,四国百名山,,,,TH-n13357020942(16m) TH-n1549828302(499m) TH-n1549843846(442m),,provisional,40,公式情報または2情報源での確認が必要、名称なし、登山口から離れている（徒歩アプローチを要確認）,"OpenStreetMap（© OpenStreetMap contributors, ODbL 1.0）Geofabrik japan-latest.osm.pbf 2026-09-30T20:22:42Z way/1456418314",
PK-w1456418316,parking,（名称なし）駐車場,33.7702252,133.7624698,WGS84,797,梶ヶ森,,四国百名山,,,,TH-n13357020942(98m) TH-n1549828302(481m) TH-n1549843846(378m),,provisional,40,公式情報または2情報源での確認が必要、名称なし、登山口から離れている（徒歩アプローチを要確認）,"OpenStreetMap（© OpenStreetMap contributors, ODbL 1.0）Geofabrik japan-latest.osm.pbf 2026-09-30T20:22:42Z way/1456418316",
PK-w1469666781,parking,（名称なし）駐車場,33.8680998,134.5534458,WGS84,770,太竜寺山,,四国百名山,,,,TH-n1890946778(416m),,provisional,40,公式情報または2情報源での確認が必要、名称なし、登山口から離れている（徒歩アプローチを要確認）,"OpenStreetMap（© OpenStreetMap contributors, ODbL 1.0）Geofabrik japan-latest.osm.pbf 2026-09-30T20:22:42Z way/1469666781",
PK-w1469666782,parking,（名称なし）駐車場,33.8691706,134.5548079,WGS84,770,太竜寺山,,四国百名山,,,,TH-n1890946778(243m),,provisional,40,公式情報または2情報源での確認が必要、名称なし,"OpenStreetMap（© OpenStreetMap contributors, ODbL 1.0）Geofabrik japan-latest.osm.pbf 2026-09-30T20:22:42Z way/1469666782",
PK-w1469745436,parking,（名称なし）駐車場,33.8801782,134.5243492,WGS84,770,太竜寺山,,四国百名山,,,,TH-n293935633(286m),,provisional,40,公式情報または2情報源での確認が必要、名称なし,"OpenStreetMap（© OpenStreetMap contributors, ODbL 1.0）Geofabrik japan-latest.osm.pbf 2026-09-30T20:22:42Z way/1469745436",
PK-w1513363153,parking,（名称なし）駐車場,33.8767812,133.7675281,WGS84,755,国見山,,四国百名山,,,,TH-n13829937798(428m),access=customers,provisional,40,公式情報または2情報源での確認が必要、名称なし、登山口から離れている（徒歩アプローチを要確認）,"OpenStreetMap（© OpenStreetMap contributors, ODbL 1.0）Geofabrik japan-latest.osm.pbf 2026-09-30T20:22:42Z way/1513363153",
PK-w1513363158,parking,（名称なし）駐車場,33.876758,133.7673505,WGS84,755,国見山,,四国百名山,,,,TH-n13829937798(443m),access=private,provisional,40,公式情報または2情報源での確認が必要、名称なし、登山口から離れている（徒歩アプローチを要確認）,"OpenStreetMap（© OpenStreetMap contributors, ODbL 1.0）Geofabrik japan-latest.osm.pbf 2026-09-30T20:22:42Z way/1513363158",
PK-w1513363161,parking,（名称なし）駐車場,33.8764473,133.7675745,WGS84,755,国見山,,四国百名山,,,,TH-n13829937798(446m),access=private,provisional,40,公式情報または2情報源での確認が必要、名称なし、登山口から離れている（徒歩アプローチを要確認）,"OpenStreetMap（© OpenStreetMap contributors, ODbL 1.0）Geofabrik japan-latest.osm.pbf 2026-09-30T20:22:42Z way/1513363161",
PK-w27557919,parking,第一駐車場,34.1895526,134.2046687,WGS84,715,女体山,,四国百名山,,,,TH-n11416744269(321m),,provisional,40,公式情報または2情報源での確認が必要、登山口から離れている（徒歩アプローチを要確認）,"OpenStreetMap（© OpenStreetMap contributors, ODbL 1.0）Geofabrik japan-latest.osm.pbf 2026-09-30T20:22:42Z way/27557919",
PK-w28399590,parking,（名称なし）駐車場,33.98777,134.3090815,WGS84,10360,,焼山寺山,,,,,TH-osm-w28399590(5m),,provisional,40,公式情報または2情報源での確認が必要、名称なし,"OpenStreetMap（© OpenStreetMap contributors, ODbL 1.0）Geofabrik japan-latest.osm.pbf 2026-09-30T20:22:42Z way/28399590",
PK-w294488901,parking,（名称なし）駐車場,33.800211,133.2667492,WGS84,767 779 785 786 793,西赤石山、笹ヶ峰、平家平、寒風山、伊予富士,,四国百名山|日本二百名山|日本三百名山,,,,TH-n1541888765(74m),,provisional,40,公式情報または2情報源での確認が必要、名称なし,"OpenStreetMap（© OpenStreetMap contributors, ODbL 1.0）Geofabrik japan-latest.osm.pbf 2026-09-30T20:22:42Z way/294488901",
PK-w294488902,parking,（名称なし）駐車場,33.7999001,133.2665867,WGS84,767 779 785 786 793,西赤石山、笹ヶ峰、平家平、寒風山、伊予富士,,四国百名山|日本二百名山|日本三百名山,,,,TH-n1541888765(38m),,provisional,40,公式情報または2情報源での確認が必要、名称なし,"OpenStreetMap（© OpenStreetMap contributors, ODbL 1.0）Geofabrik japan-latest.osm.pbf 2026-09-30T20:22:42Z way/294488902",
PK-w30014326,parking,（名称なし）駐車場,33.4774126,133.0047069,WGS84,830 833,天狗高原、五段高原,,四国百名山,,,,TH-n330410678(84m) TH-n8971963359(373m),,provisional,40,公式情報または2情報源での確認が必要、名称なし、登山口から離れている（徒歩アプローチを要確認）,"OpenStreetMap（© OpenStreetMap contributors, ODbL 1.0）Geofabrik japan-latest.osm.pbf 2026-09-30T20:22:42Z way/30014326",
PK-w320017909,parking,第1駐車場,34.170004,134.5012916,WGS84,717,大麻山,,四国百名山,,,,TH-n1914942704(433m),operator=大麻比古神社,provisional,40,公式情報または2情報源での確認が必要、登山口から離れている（徒歩アプローチを要確認）,"OpenStreetMap（© OpenStreetMap contributors, ODbL 1.0）Geofabrik japan-latest.osm.pbf 2026-09-30T20:22:42Z way/320017909",
PK-w325862716,parking,（名称なし）駐車場,33.8668032,134.0894107,WGS84,775 776 777 778 787,一ノ森、次郎笈、剣山、三嶺、白髪山,,四国百名山|日本百名山|日本二百名山|日本三百名山,,,,TH-n11977956511(47m) TH-n278073861(393m),,provisional,40,公式情報または2情報源での確認が必要、名称なし、登山口から離れている（徒歩アプローチを要確認）,"OpenStreetMap（© OpenStreetMap contributors, ODbL 1.0）Geofabrik japan-latest.osm.pbf 2026-09-30T20:22:42Z way/325862716",
PK-w35423249,parking,（名称なし）駐車場,33.970061,134.5168403,WGS84,737,中津峰山,,四国百名山,,,,TH-n415525939(30m),,provisional,40,公式情報または2情報源での確認が必要、名称なし,"OpenStreetMap（© OpenStreetMap contributors, ODbL 1.0）Geofabrik japan-latest.osm.pbf 2026-09-30T20:22:42Z way/35423249",
PK-w35423254,parking,（名称なし）駐車場,33.9723697,134.516245,WGS84,737,中津峰山,,四国百名山,,,,TH-n415525939(231m),,provisional,40,公式情報または2情報源での確認が必要、名称なし,"OpenStreetMap（© OpenStreetMap contributors, ODbL 1.0）Geofabrik japan-latest.osm.pbf 2026-09-30T20:22:42Z way/35423254",
PK-w368267523,parking,（名称なし）駐車場,33.8770725,133.3139016,WGS84,763 767 768 779 785 786,二ッ岳、西赤石山、東赤石山、笹ヶ峰、平家平、寒風山,,四国百名山|日本二百名山|日本三百名山,,,,TH-n2097494768(281m) TH-n2097494953(54m),,provisional,40,公式情報または2情報源での確認が必要、名称なし,"OpenStreetMap（© OpenStreetMap contributors, ODbL 1.0）Geofabrik japan-latest.osm.pbf 2026-09-30T20:22:42Z way/368267523",
PK-w373800804,parking,（名称なし）駐車場,34.0697568,134.5450678,WGS84,10358,,眉山,,,,,TH-gsi-bizan-sanroku(185m),,provisional,40,公式情報または2情報源での確認が必要、名称なし,"OpenStreetMap（© OpenStreetMap contributors, ODbL 1.0）Geofabrik japan-latest.osm.pbf 2026-09-30T20:22:42Z way/373800804",
PK-w377716850,parking,（名称なし）駐車場,33.7244068,132.8868821,WGS84,804 809,石墨山、皿ヶ嶺,,四国百名山,,,,TH-n11893691691(197m) TH-n1679205967(174m) TH-n3811048090(423m),,provisional,40,公式情報または2情報源での確認が必要、名称なし、登山口から離れている（徒歩アプローチを要確認）,"OpenStreetMap（© OpenStreetMap contributors, ODbL 1.0）Geofabrik japan-latest.osm.pbf 2026-09-30T20:22:42Z way/377716850",
PK-w377808376,parking,（名称なし）駐車場,33.7188803,132.8742137,WGS84,809,皿ヶ嶺,,四国百名山,,,,TH-n3812089527(425m),,provisional,40,公式情報または2情報源での確認が必要、名称なし、登山口から離れている（徒歩アプローチを要確認）,"OpenStreetMap（© OpenStreetMap contributors, ODbL 1.0）Geofabrik japan-latest.osm.pbf 2026-09-30T20:22:42Z way/377808376",
PK-w377808378,parking,（名称なし）駐車場,33.7196183,132.874652,WGS84,809,皿ヶ嶺,,四国百名山,,,,TH-n3812089527(386m),,provisional,40,公式情報または2情報源での確認が必要、名称なし、登山口から離れている（徒歩アプローチを要確認）,"OpenStreetMap（© OpenStreetMap contributors, ODbL 1.0）Geofabrik japan-latest.osm.pbf 2026-09-30T20:22:42Z way/377808378",
PK-w377808379,parking,（名称なし）駐車場,33.7180401,132.8739116,WGS84,809,皿ヶ嶺,,四国百名山,,,,TH-n3812089527(493m),,provisional,40,公式情報または2情報源での確認が必要、名称なし、登山口から離れている（徒歩アプローチを要確認）,"OpenStreetMap（© OpenStreetMap contributors, ODbL 1.0）Geofabrik japan-latest.osm.pbf 2026-09-30T20:22:42Z way/377808379",
PK-w388843446,parking,横倉山第三駐車場,33.5387873,133.2118224,WGS84,825,横倉山,,四国百名山,,,,TH-n5346573956(25m) TH-n1493846014(408m),,provisional,40,公式情報または2情報源での確認が必要、登山口から離れている（徒歩アプローチを要確認）,"OpenStreetMap（© OpenStreetMap contributors, ODbL 1.0）Geofabrik japan-latest.osm.pbf 2026-09-30T20:22:42Z way/388843446",
PK-w388843472,parking,横倉山第二駐車場,33.5373358,133.2133176,WGS84,825,横倉山,,四国百名山,,,,TH-n5346573956(192m) TH-n1493846014(422m),,provisional,40,公式情報または2情報源での確認が必要、登山口から離れている（徒歩アプローチを要確認）,"OpenStreetMap（© OpenStreetMap contributors, ODbL 1.0）Geofabrik japan-latest.osm.pbf 2026-09-30T20:22:42Z way/388843472",
PK-w388843479,parking,横倉山第一駐車場,33.5337472,133.2231332,WGS84,825,横倉山,,四国百名山,,,,TH-n1493844827(113m),,provisional,40,公式情報または2情報源での確認が必要,"OpenStreetMap（© OpenStreetMap contributors, ODbL 1.0）Geofabrik japan-latest.osm.pbf 2026-09-30T20:22:42Z way/388843479",
PK-w388843482,parking,（名称なし）駐車場,33.5338104,133.2227834,WGS84,825,横倉山,,四国百名山,,,,TH-n1493844827(94m),,provisional,40,公式情報または2情報源での確認が必要、名称なし,"OpenStreetMap（© OpenStreetMap contributors, ODbL 1.0）Geofabrik japan-latest.osm.pbf 2026-09-30T20:22:42Z way/388843482",
PK-w412629173,parking,（名称なし）駐車場,33.8371466,133.3290494,WGS84,779 785 786,笹ヶ峰、平家平、寒風山,,日本二百名山|日本三百名山|四国百名山,,,,TH-n4140008388(132m),,provisional,40,公式情報または2情報源での確認が必要、名称なし,"OpenStreetMap（© OpenStreetMap contributors, ODbL 1.0）Geofabrik japan-latest.osm.pbf 2026-09-30T20:22:42Z way/412629173",
PK-w414411883,parking,（名称なし）駐車場,33.8749719,133.3157687,WGS84,763 767 768 779 785 786,二ッ岳、西赤石山、東赤石山、笹ヶ峰、平家平、寒風山,,四国百名山|日本二百名山|日本三百名山,,,,TH-n2097494768(87m) TH-n2097494953(340m),,provisional,40,公式情報または2情報源での確認が必要、名称なし、登山口から離れている（徒歩アプローチを要確認）,"OpenStreetMap（© OpenStreetMap contributors, ODbL 1.0）Geofabrik japan-latest.osm.pbf 2026-09-30T20:22:42Z way/414411883",
PK-w414413187,parking,（名称なし）駐車場,33.8766791,133.3149228,WGS84,763 767 768 779 785 786,二ッ岳、西赤石山、東赤石山、笹ヶ峰、平家平、寒風山,,四国百名山|日本二百名山|日本三百名山,,,,TH-n2097494768(180m) TH-n2097494953(158m),,provisional,40,公式情報または2情報源での確認が必要、名称なし,"OpenStreetMap（© OpenStreetMap contributors, ODbL 1.0）Geofabrik japan-latest.osm.pbf 2026-09-30T20:22:42Z way/414413187",
PK-w422803842,parking,山上駐車場,34.3588006,134.102384,WGS84,690,屋島,,四国百名山,,,,TH-w422803842(0m) TH-n10600658618(317m) TH-n1488024378(361m),fee=no; capacity=390; access=yes; opening_hours=06:30-22:00,provisional,40,公式情報または2情報源での確認が必要、登山口から離れている（徒歩アプローチを要確認）,"OpenStreetMap（© OpenStreetMap contributors, ODbL 1.0）Geofabrik japan-latest.osm.pbf 2026-09-30T20:22:42Z way/422803842",
PK-w443591280,parking,（名称なし）駐車場,33.9490138,133.4227739,WGS84,752,赤星山,,四国百名山,,,,TH-n1757191748(203m),,provisional,40,公式情報または2情報源での確認が必要、名称なし,"OpenStreetMap（© OpenStreetMap contributors, ODbL 1.0）Geofabrik japan-latest.osm.pbf 2026-09-30T20:22:42Z way/443591280",
PK-w443592045,parking,（名称なし）駐車場,33.9486781,133.4242732,WGS84,752,赤星山,,四国百名山,,,,TH-n1757191748(60m),,provisional,40,公式情報または2情報源での確認が必要、名称なし,"OpenStreetMap（© OpenStreetMap contributors, ODbL 1.0）Geofabrik japan-latest.osm.pbf 2026-09-30T20:22:42Z way/443592045",
PK-w567334932,parking,（名称なし）駐車場,33.551204,133.5353146,WGS84,10363,,鷲尾山,,,,,TH-osm-w567334942(182m),,provisional,40,公式情報または2情報源での確認が必要、名称なし,"OpenStreetMap（© OpenStreetMap contributors, ODbL 1.0）Geofabrik japan-latest.osm.pbf 2026-09-30T20:22:42Z way/567334932",
PK-w567334942,parking,（名称なし）駐車場,33.5498892,133.5344513,WGS84,10363,,鷲尾山,,,,,TH-osm-w567334942(16m),,provisional,40,公式情報または2情報源での確認が必要、名称なし,"OpenStreetMap（© OpenStreetMap contributors, ODbL 1.0）Geofabrik japan-latest.osm.pbf 2026-09-30T20:22:42Z way/567334942",
PK-w585459095,parking,（名称なし）駐車場,33.676628,133.5178,WGS84,817,工石山,,四国百名山,,,,TH-n1557864581(193m),,provisional,40,公式情報または2情報源での確認が必要、名称なし,"OpenStreetMap（© OpenStreetMap contributors, ODbL 1.0）Geofabrik japan-latest.osm.pbf 2026-09-30T20:22:42Z way/585459095",
PK-w61015074,parking,（名称なし）駐車場,34.117961,134.0747124,WGS84,773 720,竜王山、大滝山,,四国百名山,,,,TH-osm-n763764009(87m),fee=no,provisional,40,公式情報または2情報源での確認が必要、名称なし,"OpenStreetMap（© OpenStreetMap contributors, ODbL 1.0）Geofabrik japan-latest.osm.pbf 2026-09-30T20:22:42Z way/61015074",
PK-w625741564,parking,（名称なし）駐車場,34.249113,133.0054964,WGS84,703,鷲ヶ頭山,,四国百名山,,,,TH-gsi-oyamazumi(263m),fee=no; access=customers,provisional,40,公式情報または2情報源での確認が必要、名称なし,"OpenStreetMap（© OpenStreetMap contributors, ODbL 1.0）Geofabrik japan-latest.osm.pbf 2026-09-30T20:22:42Z way/625741564",
PK-w631716474,parking,（名称なし）駐車場,33.7673116,132.9688549,WGS84,804 809,石墨山、皿ヶ嶺,,四国百名山,,,,TH-n1679223057(422m),,provisional,40,公式情報または2情報源での確認が必要、名称なし、登山口から離れている（徒歩アプローチを要確認）,"OpenStreetMap（© OpenStreetMap contributors, ODbL 1.0）Geofabrik japan-latest.osm.pbf 2026-09-30T20:22:42Z way/631716474",
PK-w648404805,parking,（名称なし）駐車場,34.1974266,133.7797146,WGS84,716,大麻山,,四国百名山,,,,TH-n2061596176(342m),,provisional,40,公式情報または2情報源での確認が必要、名称なし、登山口から離れている（徒歩アプローチを要確認）,"OpenStreetMap（© OpenStreetMap contributors, ODbL 1.0）Geofabrik japan-latest.osm.pbf 2026-09-30T20:22:42Z way/648404805",
PK-w648409895,parking,（名称なし）駐車場,34.1932748,133.7905743,WGS84,716,大麻山,,四国百名山,,,,TH-n2065201882(49m),fee=yes,provisional,40,公式情報または2情報源での確認が必要、名称なし,"OpenStreetMap（© OpenStreetMap contributors, ODbL 1.0）Geofabrik japan-latest.osm.pbf 2026-09-30T20:22:42Z way/648409895",
PK-w657660419,parking,（名称なし）駐車場,34.0563684,133.7077906,WGS84,730,雲辺寺山,,四国百名山,,,,TH-osm-n3271844680(69m),,provisional,40,公式情報または2情報源での確認が必要、名称なし,"OpenStreetMap（© OpenStreetMap contributors, ODbL 1.0）Geofabrik japan-latest.osm.pbf 2026-09-30T20:22:42Z way/657660419",
PK-w657660420,parking,（名称なし）駐車場,34.0569776,133.7070891,WGS84,730,雲辺寺山,,四国百名山,,,,TH-osm-n3271844680(155m),,provisional,40,公式情報または2情報源での確認が必要、名称なし,"OpenStreetMap（© OpenStreetMap contributors, ODbL 1.0）Geofabrik japan-latest.osm.pbf 2026-09-30T20:22:42Z way/657660420",
PK-w657660421,parking,（名称なし）駐車場,34.0571225,133.7065292,WGS84,730,雲辺寺山,,四国百名山,,,,TH-osm-n3271844680(208m),,provisional,40,公式情報または2情報源での確認が必要、名称なし,"OpenStreetMap（© OpenStreetMap contributors, ODbL 1.0）Geofabrik japan-latest.osm.pbf 2026-09-30T20:22:42Z way/657660421",
PK-w699811632,parking,（名称なし）駐車場,33.0833694,132.6544397,WGS84,867,篠山,,日本三百名山|四国百名山,,,,TH-n2045582818(377m),,provisional,40,公式情報または2情報源での確認が必要、名称なし、登山口から離れている（徒歩アプローチを要確認）,"OpenStreetMap（© OpenStreetMap contributors, ODbL 1.0）Geofabrik japan-latest.osm.pbf 2026-09-30T20:22:42Z way/699811632",
PK-w731898660,parking,（名称なし）駐車場,34.1819722,133.8093109,WGS84,716,大麻山,,四国百名山,,,,TH-n266600700(292m),access=private,provisional,40,公式情報または2情報源での確認が必要、名称なし,"OpenStreetMap（© OpenStreetMap contributors, ODbL 1.0）Geofabrik japan-latest.osm.pbf 2026-09-30T20:22:42Z way/731898660",
PK-w731898662,parking,（名称なし）駐車場,34.1825181,133.8110359,WGS84,716,大麻山,,四国百名山,,,,TH-n266600700(145m),access=private,provisional,40,公式情報または2情報源での確認が必要、名称なし,"OpenStreetMap（© OpenStreetMap contributors, ODbL 1.0）Geofabrik japan-latest.osm.pbf 2026-09-30T20:22:42Z way/731898662",
PK-w749673254,parking,（名称なし）駐車場,33.7712258,134.031147,WGS84,794,石立山,,四国百名山,,,,TH-n1553370259(249m),,provisional,40,公式情報または2情報源での確認が必要、名称なし,"OpenStreetMap（© OpenStreetMap contributors, ODbL 1.0）Geofabrik japan-latest.osm.pbf 2026-09-30T20:22:42Z way/749673254",
PK-w757745972,parking,（名称なし）駐車場,33.9453084,133.540972,WGS84,741,翠波峰,,四国百名山,,,,TH-n4074896728(108m),,provisional,40,公式情報または2情報源での確認が必要、名称なし,"OpenStreetMap（© OpenStreetMap contributors, ODbL 1.0）Geofabrik japan-latest.osm.pbf 2026-09-30T20:22:42Z way/757745972",
PK-w759148770,parking,（名称なし）駐車場,34.249456,133.0055819,WGS84,703,鷲ヶ頭山,,四国百名山,,,,TH-gsi-oyamazumi(295m),access=customers,provisional,40,公式情報または2情報源での確認が必要、名称なし,"OpenStreetMap（© OpenStreetMap contributors, ODbL 1.0）Geofabrik japan-latest.osm.pbf 2026-09-30T20:22:42Z way/759148770",
PK-w772413596,parking,（名称なし）駐車場,34.1695898,134.5022837,WGS84,717,大麻山,,四国百名山,,,,TH-n1914942704(446m),,provisional,40,公式情報または2情報源での確認が必要、名称なし、登山口から離れている（徒歩アプローチを要確認）,"OpenStreetMap（© OpenStreetMap contributors, ODbL 1.0）Geofabrik japan-latest.osm.pbf 2026-09-30T20:22:42Z way/772413596",
PK-w775214857,parking,天神社 駐車場,34.0701232,134.5444674,WGS84,10358,,眉山,,,,,TH-gsi-bizan-sanroku(160m),,provisional,40,公式情報または2情報源での確認が必要,"OpenStreetMap（© OpenStreetMap contributors, ODbL 1.0）Geofabrik japan-latest.osm.pbf 2026-09-30T20:22:42Z way/775214857",
PK-w822871514,parking,（名称なし）駐車場,33.5739654,133.1675977,WGS84,825,横倉山,,四国百名山,,,,TH-n1543750186(182m),,provisional,40,公式情報または2情報源での確認が必要、名称なし,"OpenStreetMap（© OpenStreetMap contributors, ODbL 1.0）Geofabrik japan-latest.osm.pbf 2026-09-30T20:22:42Z way/822871514",
PK-w82490098,parking,（名称なし）駐車場,34.3447972,134.1071826,WGS84,690,屋島,,四国百名山,,,,TH-gsi-yashima-henro(466m) TH-osm-w82490098(0m),,provisional,40,公式情報または2情報源での確認が必要、名称なし、登山口から離れている（徒歩アプローチを要確認）,"OpenStreetMap（© OpenStreetMap contributors, ODbL 1.0）Geofabrik japan-latest.osm.pbf 2026-09-30T20:22:42Z way/82490098",
PK-w864500611,parking,（名称なし）駐車場,34.2557344,133.5885572,WGS84,702,紫雲出山,,四国百名山,,,,TH-n2065633425(305m),access=permissive,provisional,40,公式情報または2情報源での確認が必要、名称なし、登山口から離れている（徒歩アプローチを要確認）,"OpenStreetMap（© OpenStreetMap contributors, ODbL 1.0）Geofabrik japan-latest.osm.pbf 2026-09-30T20:22:42Z way/864500611",
PK-w871830274,parking,（名称なし）駐車場,34.2682116,134.1506447,WGS84,10355,,白山,,,,,TH-osm-w196315970(24m),,provisional,40,公式情報または2情報源での確認が必要、名称なし,"OpenStreetMap（© OpenStreetMap contributors, ODbL 1.0）Geofabrik japan-latest.osm.pbf 2026-09-30T20:22:42Z way/871830274",
PK-w889139721,parking,（名称なし）駐車場,33.4334896,133.2299863,WGS84,839,蟠蛇森,,四国百名山,,,,TH-kP11-22-39-bs2040(450m),,provisional,40,公式情報または2情報源での確認が必要、名称なし、登山口から離れている（徒歩アプローチを要確認）,"OpenStreetMap（© OpenStreetMap contributors, ODbL 1.0）Geofabrik japan-latest.osm.pbf 2026-09-30T20:22:42Z way/889139721",
PK-w945500663,parking,（名称なし）駐車場,33.9180379,133.9495936,WGS84,747 750 758,烏帽子山、矢筈山、寒峰,,四国百名山,,,,TH-n1698966501(169m),,provisional,40,公式情報または2情報源での確認が必要、名称なし,"OpenStreetMap（© OpenStreetMap contributors, ODbL 1.0）Geofabrik japan-latest.osm.pbf 2026-09-30T20:22:42Z way/945500663",
PK-w94727836,parking,（名称なし）駐車場,34.2425702,133.5995628,WGS84,702,紫雲出山,,四国百名山,,,,TH-n1099878327(140m) TH-n2065632017(410m),fee=no; access=yes,provisional,40,公式情報または2情報源での確認が必要、名称なし、登山口から離れている（徒歩アプローチを要確認）,"OpenStreetMap（© OpenStreetMap contributors, ODbL 1.0）Geofabrik japan-latest.osm.pbf 2026-09-30T20:22:42Z way/94727836",
PK-w94727901,parking,（名称なし）駐車場,34.2422377,133.6007012,WGS84,702,紫雲出山,,四国百名山,,,,TH-n1099878327(250m) TH-n2065632017(403m),fee=no; access=yes,provisional,40,公式情報または2情報源での確認が必要、名称なし、登山口から離れている（徒歩アプローチを要確認）,"OpenStreetMap（© OpenStreetMap contributors, ODbL 1.0）Geofabrik japan-latest.osm.pbf 2026-09-30T20:22:42Z way/94727901",
TH-gsi-bizan-sanroku,trailhead,ロープウェイ山麓駅側登山口（眉山）,34.069135,134.543206,WGS84,10358,,眉山,,,登山記録で広く使われている登山口,,PK-g3406914_13454321(0m) PK-w775214857(160m) PK-w373800804(185m) BS-kP11-22-36-bs633(306m) BS-kP11-22-36-bs634(306m) BS-kP11-22-36-bs587(367m),,provisional,200,山頂へはロープウェイが通じている。麓の駐車場は阿波おどり会館駐車場・市営新町地下駐車場（徳島市）,"国土地理院ベクトルタイル提供実験 地理院地図の徒歩道が車道から始まる位置（34.069135, 134.543206）、標高99.9m。地理院地図の注記「山麓駅」から205m、OSM の「あわぎん眉山ロープウェイ山麓駅」（node/2088730893）から約210m。地理院地図の徒歩道で注記「山頂駅」の北東167m（標高240m）まで約0.4km 2026-09-30確認 ｜ 登山記録で広く使われている登山口（登山記録・登山情報サイトで名称と利用を確認。公式情報では未確認） 2026-09-30確認",
TH-gsi-dounzan-sakate,trailhead,坂手 洞雲山登山口（碁石山・洞雲山）,34.46045,134.333552,WGS84,10351 10352,,碁石山、洞雲山,,,登山記録で広く使われている登山口,,PK-w1102748344(14m) PK-w1102748345(26m),,provisional,150,,"国土地理院ベクトルタイル提供実験 地理院地図の徒歩道が車道から始まる位置（34.460450, 134.333552）、標高277.9m。地理院地図の注記「洞雲山」から256m、OSM の駐車場（way/1102748344）から14m、OSM の寺院「洞雲山 1」（node/2921855505）へ徒歩道が続く。地理院地図の徒歩道で碁石山の山頂まで約0.9km 2026-09-30確認 ｜ 登山記録で広く使われている登山口（登山記録・登山情報サイトで名称と利用を確認。公式情報では未確認） 2026-09-30確認",
TH-gsi-fukumiji,trailhead,福見寺（明神ヶ森登山口）,33.886373,132.897438,WGS84,760,明神ヶ森,,四国百名山,,登山記録で広く使われている登山口,,,,provisional,200,,"国土地理院ベクトルタイル提供実験 地理院地図の車道の終点で徒歩道が始まる位置（33.886373, 132.897438）、標高865.5m。地理院地図の注記「福見寺」から64m。地理院地図の徒歩道で山頂まで約2.5km 2026-09-24確認 ｜ 登山記録で広く使われている登山口（登山記録・登山情報サイトで名称と利用を確認。公式情報では未確認） 2026-09-24確認",
TH-gsi-gozaisho-kochi,trailhead,御在所山登山口（香北町大束）,33.691531,133.816384,WGS84,811,御在所山,,四国百名山,,公式情報による登山口,,,parking=駐車場あり、無料、普通車約10台（こうち旅ネット）; course=登頂時間目安：約2時間（こうち旅ネット）; access=高知自動車道・南国ICから登山口まで車で約1時間（こうち旅ネット）,adopted,300,登山口の正確な位置は公式情報では未確認,"国土地理院ベクトルタイル提供実験 地理院地図の車道の終点で徒歩道が始まる位置（33.691531, 133.816384）、標高484.6m。地理院地図の注記「大屋敷」から183m。地理院地図の徒歩道で山頂まで約1.7km 2026-09-24確認 ｜ 公式情報: https://kochi-tabi.jp/search_spot.html?id=650",2026-09-24
TH-gsi-hokezu-toge,trailhead,法華津峠（高森山登山口）,33.338166,132.526107,WGS84,847,高森山,,四国百名山,,登山記録で広く使われている登山口,,PK-g3333817_13252611(0m),,provisional,250,,"国土地理院ベクトルタイル提供実験 地理院地図の注記「法華津峠」の位置（33.338166, 132.526107）、標高413.7m 2026-09-26確認 ｜ 登山記録で広く使われている登山口（登山記録・登山情報サイトで名称と利用を確認。公式情報では未確認） 2026-09-24確認",
TH-gsi-inamuradam,trailhead,稲村ダム湖畔の登山口（稲叢山）,33.741038,133.372623,WGS84,801,稲叢山,,四国百名山,,公式情報による登山口,,,,adopted,250,稲村ダム湖畔の登山口から林道を通過して向かうルートと、稲村山トンネル南口の登山口から向かうルートがある（林野庁）、トイレは稲村ダム管理施設周辺（男女別水洗）を利用する。登山道上にはトイレはない（林野庁）、ルートによって駐車場が異なる。雨天時は岩が滑りやすい。登山届の提出を求めている（林野庁）、登山口の正確な位置は公式情報では未確認,"国土地理院ベクトルタイル提供実験 地理院地図の徒歩道が車道から始まる位置（33.741038, 133.372623）、標高1,127.9m。地理院地図の注記「稲村ダム」から286m。地理院地図の徒歩道で山頂まで約2.6km 2026-09-24確認 ｜ 公式情報: https://www.rinya.maff.go.jp/shikoku/policy/business/route_map/240910.html",2026-09-24
TH-gsi-innai,trailhead,院内登山口（高縄山）,33.950347,132.828569,WGS84,740,高縄山,,四国百名山,,登山記録で広く使われている登山口,,PK-g3395035_13282857(0m),,provisional,400,,"国土地理院ベクトルタイル提供実験 地理院地図の徒歩道が車道から始まる位置（33.950347, 132.828569）、標高376.4m。地理院地図の注記「大本」から575m。地理院地図の徒歩道で山頂まで約2.4km 2026-09-24確認 ｜ 登山記録で広く使われている登山口（登山記録・登山情報サイトで名称と利用を確認。公式情報では未確認） 2026-09-24確認",
TH-gsi-iwagara,trailhead,岩柄登山口（雨ヶ森）,33.648962,133.160337,WGS84,818,雨ヶ森,,四国百名山,,登山記録で広く使われている登山口,,,,provisional,250,,"国土地理院ベクトルタイル提供実験 地理院地図の徒歩道が車道から始まる位置（33.648962, 133.160337）、標高508.8m。地理院地図の注記「岩柄」から74m。地理院地図の徒歩道で山頂まで約2.4km 2026-09-24確認 ｜ 登山記録で広く使われている登山口（登山記録・登山情報サイトで名称と利用を確認。公式情報では未確認） 2026-09-24確認",
TH-gsi-kamegamori,trailhead,瓶ヶ森駐車場（瓶ヶ森登山口）,33.786138,133.190543,WGS84,790 792,瓶ヶ森、西黒森,,日本三百名山|四国百名山,瓶ヶ森林道コース,公式情報による登山口,,PK-w1065359933(70m) PK-w1065359932(151m),restriction=瓶ヶ森登山道への林道「UFOライン」（いの町道瓶ヶ森線・瓶ヶ森西線）は高知県いの町が管理し、冬期は閉鎖される（西条市・いの町）; season=バイオトイレの開所期間は令和8年4月7日〜11月中旬頃（西条市）,adopted,100,瓶ヶ森避難小屋は悪天候時の一時避難のための施設で、年間を通して利用できる（西条市）、バイオトイレは旧瓶ヶ森ヒュッテ跡地の横にある（西条市）,"国土地理院ベクトルタイル提供実験 地理院地図の徒歩道が町道から始まる位置（33.786138, 133.190543）。OSM way/1065359933（駐車場）から70m、標高1,676.6m 2026-09-23確認 ｜ 公式情報: https://www.city.saijo.ehime.jp/site/kanko/kamegamori-biotoilet-open.html ｜ 公式情報: https://www.town.ino.kochi.jp/shigoto/kanko/10060/",2026-09-23
TH-gsi-kotonami-kominkan,trailhead,琴南公民館（大川山登山口）,34.141819,133.960219,WGS84,721,大川山,,四国百名山,,公式情報による登山口,,BS-kP11-22-37-bs1700(81m) BS-kP11-22-37-bs1700(81m) BS-kP11-22-37-bs1700(81m),course=琴南公民館…随神門…小大川…大佐古…大川山。頂上まで約2時間30分（まんのう町）; parking=琴南公民館に駐車可（まんのう町）,adopted,150,琴参バス美合線「中通」バス停が近い（国土数値情報）,"国土地理院ベクトルタイル提供実験 地理院地図の注記「公民館」の位置（34.141819, 133.960219）、標高245.9m。注記「野口」から342m 2026-09-26確認 ｜ 公式情報: https://www.town.manno.lg.jp/site/miryoku-hasshin/1699.html",2026-09-26
TH-gsi-kunimi-rindo,trailhead,国見山 上の登山口（林道）,33.896328,133.791489,WGS84,755,国見山,,四国百名山,,登山記録で広く使われている登山口,,BS-kP11-22-36-bs1687(746m) BS-kP11-22-36-bs1700(949m),,provisional,300,,"国土地理院ベクトルタイル提供実験 地理院地図の徒歩道が車道から始まる位置（33.896328, 133.791489）、標高1,030.7m。地理院地図の注記「西祖谷山村後山西」から479m。地理院地図の徒歩道で山頂まで約1.7km 2026-09-26確認 ｜ 登山記録で広く使われている登山口（登山記録・登山情報サイトで名称と利用を確認。公式情報では未確認） 2026-09-26確認",
TH-gsi-kunimi-toge,trailhead,国見山 下の登山口（峠）,33.886777,133.793843,WGS84,755,国見山,,四国百名山,,登山記録で広く使われている登山口,,BS-kP11-22-36-bs1699(414m) BS-kP11-22-36-bs1700(431m) BS-kP11-22-36-bs1721(516m),,provisional,400,三好市営バス かずら橋・大歩危線「峠」バス停が近い（国土数値情報）,"国土地理院ベクトルタイル提供実験 地理院地図の徒歩道が車道から始まる位置（33.886777, 133.793843）、標高765.9m。地理院地図の注記「祖谷トンネル」から308m。地理院地図の徒歩道で山頂まで約2.8km。国土数値情報のバス停「峠」から431m 2026-09-26確認 ｜ 登山記録で広く使われている登山口（登山記録・登山情報サイトで名称と利用を確認。公式情報では未確認） 2026-09-26確認",
TH-gsi-kuyabu,trailhead,久薮登山口（津志嶽）,33.932087,134.051238,WGS84,745,津志嶽,,四国百名山,,登山記録で広く使われている登山口,,PK-g3393209_13405124(0m),,provisional,300,,"国土地理院ベクトルタイル提供実験 地理院地図の車道の終点で徒歩道が始まる位置（33.932087, 134.051238）、標高635m。地理院地図の注記「久薮」から406m。地理院地図の徒歩道で山頂まで約3.7km 2026-09-24確認 ｜ 登山記録で広く使われている登山口（登山記録・登山情報サイトで名称と利用を確認。公式情報では未確認） 2026-09-24確認",
TH-gsi-mannenbashi,trailhead,万年橋（滑床渓谷・三本杭登山口）,33.203442,132.658999,WGS84,854,三本杭,,日本三百名山|四国百名山,滑床渓谷コース,公式情報による登山口,,,,adopted,100,滑床渓谷は足摺宇和海国立公園の区域内で、雪輪の滝に代表される滝と滑らかな河床が特徴（環境省）、万年橋は出合滑の近くにあり、滑床渓谷の入口にあたる（松野町）、滑床渓谷の入口には休憩所と滑床アウトドアセンター万年荘がある（環境省・松野町）、三本杭までは滑床渓谷を登る長いコースで、登山口から山頂まで直線で約2.3km,"国土地理院ベクトルタイル提供実験 地理院地図の徒歩道が道路から始まる位置（33.203442, 132.658999）。地理院地図の注記「万年橋」（33.203, 132.659付近）から39m、標高354.7m 2026-09-23確認 ｜ 公式情報: https://www.town.matsuno.ehime.jp/soshiki/3/1251.html ｜ 公式情報: https://www.env.go.jp/nature/nationalparks/list/ashizuri-uwakai/spot/",2026-09-23
TH-gsi-mineishihara,trailhead,峯石原登山口（陣ヶ森）,33.691428,133.43145,WGS84,814,陣ヶ森,,四国百名山,,登山記録で広く使われている登山口,,PK-g3369143_13343145(0m),,provisional,250,,"国土地理院ベクトルタイル提供実験 地理院地図の徒歩道が車道から始まる位置（33.691428, 133.431450）、標高847.4m。地理院地図の徒歩道で山頂まで約0.7km 2026-09-24確認 ｜ 登山記録で広く使われている登山口（登山記録・登山情報サイトで名称と利用を確認。公式情報では未確認） 2026-09-24確認",
TH-gsi-nakao-akaboshi,trailhead,中尾登山口（赤星山）,33.904727,133.470154,WGS84,752,赤星山,,四国百名山,,登山記録で広く使われている登山口,,,,provisional,400,,"国土地理院ベクトルタイル提供実験 地理院地図の車道の終点で徒歩道が始まる位置（33.904727, 133.470154）、標高725.2m。地理院地図の注記「中尾谷川」から718m。地理院地図の徒歩道で山頂まで約2.5km 2026-09-24確認 ｜ 登山記録で広く使われている登山口（登山記録・登山情報サイトで名称と利用を確認。公式情報では未確認） 2026-09-24確認",
TH-gsi-narabara,trailhead,奈良原神社鳥居前駐車場（楢原山 林道終点）,33.944366,132.941818,WGS84,742,楢原山,,四国百名山,,登山記録で広く使われている登山口,,,,provisional,200,,"国土地理院ベクトルタイル提供実験 地理院地図の車道の終点で徒歩道が始まる位置（33.944366, 132.941818）、標高905.6m。地理院地図の注記「奈良原神社」から509m。地理院地図の徒歩道で山頂まで約0.5km 2026-09-24確認 ｜ 登山記録で広く使われている登山口（登山記録・登山情報サイトで名称と利用を確認。公式情報では未確認） 2026-09-24確認",
TH-gsi-nishiyamarindo,trailhead,西山林道登山口（天狗塚）,33.848971,133.944712,WGS84,780,天狗塚,,四国百名山,,登山記録で広く使われている登山口,,,,provisional,300,,"国土地理院ベクトルタイル提供実験 地理院地図の徒歩道が車道から始まる位置（33.848971, 133.944712）、標高1,138.1m。地理院地図の注記「東祖谷西山」から705m。地理院地図の徒歩道で山頂まで約2.9km 2026-09-24確認 ｜ 登山記録で広く使われている登山口（登山記録・登山情報サイトで名称と利用を確認。公式情報では未確認） 2026-09-24確認",
TH-gsi-otakiji,trailhead,大瀧寺駐車場（大滝山）,34.121744,134.126415,WGS84,720,大滝山,,四国百名山,,登山記録で広く使われている登山口,,PK-g3412174_13412642(0m),,provisional,150,,"国土地理院ベクトルタイル提供実験 地理院地図の車道の終点で徒歩道が始まる位置（34.121744, 134.126415）、標高915.3m。地理院地図の注記「大滝寺」から83m。地理院地図の徒歩道で山頂まで約0.1km 2026-09-24確認 ｜ 登山記録で広く使われている登山口（登山記録・登山情報サイトで名称と利用を確認。公式情報では未確認） 2026-09-24確認",
TH-gsi-oyamazumi,trailhead,鷲ヶ頭山登山口（大山祇神社裏・自然研究路）,34.246968,133.006732,WGS84,703,鷲ヶ頭山,,四国百名山,,登山記録で広く使われている登山口,,PK-w1209993265(171m) PK-w625741564(263m) PK-w759148770(295m) BS-kP11-22-38-bs54(348m) BS-kP11-22-38-bs54(348m) BS-kP11-22-38-bs55(348m),,provisional,200,,"国土地理院ベクトルタイル提供実験 地理院地図の徒歩道が車道から始まる位置（34.246968, 133.006732）、標高20.8m。地理院地図の注記「大山祇神社」から134m 2026-09-24確認 ｜ 登山記録で広く使われている登山口（登山記録・登山情報サイトで名称と利用を確認。公式情報では未確認） 2026-09-24確認",
TH-gsi-sasayama,trailhead,第一駐車場（篠山登山口）,33.052294,132.66371,WGS84,867,篠山,,日本三百名山|四国百名山,県道篠山公園線コース,公式情報による登山口,,,access=宿毛市から国道56号・県道篠山公園線を利用して第一駐車場（登山口）まで車で約50分（宿毛市）; course=第一駐車場から山頂まで徒歩約40〜60分、津島側登山口からは徒歩約2時間（宿毛市）,adopted,400,篠山は愛媛県と高知県の県境にあり、山頂に篠山神社が鎮座する山岳信仰の霊地（宿毛市・愛南町）、登山口の正確な位置は公式情報では未確認,"国土地理院ベクトルタイル提供実験 地理院地図の徒歩道が県道から始まる位置（33.052294, 132.663710）、標高783.7m。宿毛市の「第一駐車場から山頂まで徒歩40〜60分」と標高差が整合 2026-09-23確認 ｜ 公式情報: https://www.city.sukumo.kochi.jp/docs-18/p0307.html ｜ 公式情報: https://www.town.ainan.ehime.jp/kanko/sightseeing/zekkei/sasayama.html",2026-09-23
TH-gsi-senba-shirasawa,trailhead,白沢（千羽ヶ岳 四国のみち山河内側）,33.704131,134.488724,WGS84,810,千羽ヶ岳,,四国百名山,,登山記録で広く使われている登山口,,,,provisional,500,,"国土地理院ベクトルタイル提供実験 地理院地図の車道の終点で徒歩道が始まる位置（33.704131, 134.488724）、標高105.3m。地理院地図の注記「白沢」から239m。地理院地図の徒歩道は山頂までつながっていない 2026-09-26確認 ｜ 登山記録で広く使われている登山口（登山記録・登山情報サイトで名称と利用を確認。公式情報では未確認） 2026-09-26確認",
TH-gsi-senbonyama,trailhead,千本山登山口,33.654167,134.082883,WGS84,816,千本山,,四国百名山,,公式情報による登山口,,,"course=登山口から展望台まで距離約2,200m、標高差約350m、1時間30分程度（馬路村）; parking=登山口に駐車場・トイレ（高知県観光コンベンション協会）; access=魚梁瀬大橋の先の「森の駅」から集落を抜け、県道370号を登山口まで約30分（高知県観光コンベンション協会）",adopted,300,登山口の正確な位置は公式情報では未確認,"国土地理院ベクトルタイル提供実験 地理院地図の車道の終点で徒歩道が始まる位置（33.654167, 134.082883）、標高535m。地理院地図の注記「奈半利川」から508m。地理院地図の徒歩道で山頂まで約3.4km 2026-09-26確認 ｜ 公式情報: https://umajimura.jp/spot/senbonyama/ ｜ 公式情報: https://kochi-tabi.jp/lp/ei-yama-aruki/senbonyama.html",2026-09-26
TH-gsi-shiragatunnel,trailhead,白髪トンネル登山口（佐々連尾山）,33.87262,133.536174,WGS84,766,佐々連尾山,,四国百名山,,登山記録で広く使われている登山口,,,,provisional,250,,"国土地理院ベクトルタイル提供実験 地理院地図の車道の終点で徒歩道が始まる位置（33.872620, 133.536174）、標高1,116.7m。地理院地図の注記「白髪隧道」から137m。地理院地図の徒歩道で山頂まで約2.3km 2026-09-24確認 ｜ 登山記録で広く使われている登山口（登山記録・登山情報サイトで名称と利用を確認。公式情報では未確認） 2026-09-24確認",
TH-gsi-shirai-kurokasa,trailhead,白井登山口（黒笠山）,33.918128,134.027925,WGS84,753,黒笠山,,四国百名山,,登山記録で広く使われている登山口,,,,provisional,300,,"国土地理院ベクトルタイル提供実験 地理院地図の徒歩道が車道から始まる位置（33.918128, 134.027925）、標高733.1m。地理院地図の注記「白井」から210m。地理院地図の徒歩道で山頂まで約2.9km 2026-09-24確認 ｜ 登山記録で広く使われている登山口（登山記録・登山情報サイトで名称と利用を確認。公式情報では未確認） 2026-09-24確認",
TH-gsi-shiratakikoen,trailhead,白滝公園（壺神山登山口）,33.582598,132.529504,WGS84,821,壺神山,,四国百名山,,登山記録で広く使われている登山口,,PK-g335826_1325295(0m) BS-kP11-22-38-bs1686(573m) BS-n3152608194(580m) BS-n3152608196(588m),,provisional,300,,"国土地理院ベクトルタイル提供実験 地理院地図の徒歩道が車道から始まる位置（33.582598, 132.529504）、標高110.6m。地理院地図の注記「白滝」から55m 2026-09-24確認 ｜ 登山記録で広く使われている登山口（登山記録・登山情報サイトで名称と利用を確認。公式情報では未確認） 2026-09-24確認",
TH-gsi-yashima-henro,trailhead,屋島登山道（遍路道）登山口,34.347181,134.102997,WGS84,690,屋島,,四国百名山,屋島登山道（遍路道）,公式情報による登山口,,PK-w1034751565(433m) PK-w82490098(466m) PK-w1034751566(478m) BS-kP11-22-37-bs185(670m) BS-kP11-22-37-bs162(713m) BS-n7350480404(785m),course=屋島登山道（遍路道）は初級、約1.5km・約30分（all YASHIMA）,adopted,250,北嶺登山道（北嶺登山口から約30分）、旧遍路道（屋島東小学校から約40分）、屋島西古道（屋島西町浦生ちびっこ広場から約40分）もある（all YASHIMA）、登山口の正確な位置は公式情報では未確認,"国土地理院ベクトルタイル提供実験 地理院地図の徒歩道が車道から始まる位置（34.347181, 134.102997）、標高48.8m。地理院地図の注記「屋島中町」から126m 2026-09-24確認 ｜ 公式情報: https://www.yashima-navi.jp/jp/course/climbing/",2026-09-24
TH-gsi-yutomaru-shita,trailhead,湯桶丸 下の登山口（林道湯桶線）,33.702533,134.147004,WGS84,812,湯桶丸,,四国百名山,,登山記録で広く使われている登山口,,,,provisional,300,,"国土地理院ベクトルタイル提供実験 地理院地図の徒歩道が車道から始まる位置（33.702533, 134.147004）、標高867.4m。地理院地図の徒歩道で山頂まで約1.8km 2026-09-26確認 ｜ 登山記録で広く使われている登山口（登山記録・登山情報サイトで名称と利用を確認。公式情報では未確認） 2026-09-26確認",
TH-gsi-yutomaru-ue,trailhead,湯桶丸 上の登山口（林道湯桶線）,33.697864,134.149638,WGS84,812,湯桶丸,,四国百名山,,登山記録で広く使われている登山口,,,,provisional,300,,"国土地理院ベクトルタイル提供実験 地理院地図の徒歩道が車道から始まる位置（33.697864, 134.149638）、標高975.7m。地理院地図の徒歩道で山頂まで約1.5km。下の登山口から地理院地図の車道で約1.2km 2026-09-26確認 ｜ 登山記録で広く使われている登山口（登山記録・登山情報サイトで名称と利用を確認。公式情報では未確認） 2026-09-26確認",
TH-gsi-yuzurigahamori,trailhead,譲ヶ葉森登山口（大道）,33.114015,132.613462,WGS84,860,譲ヶ葉森,,四国百名山,,登山記録で広く使われている登山口,,,,provisional,300,,"国土地理院ベクトルタイル提供実験 地理院地図の徒歩道が車道から始まる位置（33.114015, 132.613462）、標高525.1m。地理院地図の注記「大道」の北東約1km 2026-09-26確認 ｜ 登山記録で広く使われている登山口（登山記録・登山情報サイトで名称と利用を確認。公式情報では未確認） 2026-09-24確認",
TH-kP11-22-36-bs1518,trailhead,勘場,33.9434879,134.2430128,WGS84,738,東宮山,,四国百名山,,駐車場・バス停（林道・車道を経由して登山道へ）,東宮山:2.59km,BS-kP11-22-36-bs1518(0m) BS-kP11-22-36-bs1507(691m),,provisional,15,林道からの入口（マイカー進入可否を要確認）、公式情報または2情報源での確認が必要,"国土数値情報（バス停留所データ）令和4年度（国土交通省）P11-22-36-bs1518（JGD2011）を加工して作成 ｜ OpenStreetMap（© OpenStreetMap contributors, ODbL 1.0）Geofabrik japan-latest.osm.pbf 2026-09-30T20:22:42Z node/1853850865（登山道と道路の接続点）",
TH-kP11-22-38-bs1245,trailhead,河口,33.8235538,133.1231543,WGS84,798 799 803,二ノ森、堂ヶ森、石鎚山,,四国百名山|日本百名山|日本二百名山|日本三百名山,,駐車場・バス停（林道・車道を経由して登山道へ）,二ノ森:10.67km 堂ヶ森:13.55km 石鎚山:7.93km,BS-kP11-22-38-bs1245(0m),,adopted,15,,"国土数値情報（バス停留所データ）令和4年度（国土交通省）P11-22-38-bs1245（JGD2011）を加工して作成 ｜ OpenStreetMap（© OpenStreetMap contributors, ODbL 1.0）Geofabrik japan-latest.osm.pbf 2026-09-30T20:22:42Z node/2096163358（登山道と道路の接続点） ｜ 国土地理院 地名検索「河口」（33.823717, 133.122956、JGD2011、26m差）2026-09-20確認",2026-09-20
TH-kP11-22-39-bs2040,trailhead,馬関橋,33.431467,133.2341867,WGS84,839,蟠蛇森,,四国百名山,,駐車場・バス停（林道・車道を経由して登山道へ）,蟠蛇森:2.61km,PK-w889139721(450m) BS-kP11-22-39-bs2040(0m) BS-kP11-22-39-bs2050(272m) BS-kP11-22-39-bs2034(314m),,provisional,15,林道からの入口（マイカー進入可否を要確認）、公式情報または2情報源での確認が必要,"国土数値情報（バス停留所データ）令和4年度（国土交通省）P11-22-39-bs2040（JGD2011）を加工して作成 ｜ OpenStreetMap（© OpenStreetMap contributors, ODbL 1.0）Geofabrik japan-latest.osm.pbf 2026-09-30T20:22:42Z node/1546567436（登山道と道路の接続点）",
TH-kP11-22-39-bs251,trailhead,猪野々,33.7053149,133.8548469,WGS84,811,御在所山,,四国百名山,,駐車場・バス停（林道・車道を経由して登山道へ）,御在所山:3.42km,BS-kP11-22-39-bs251(0m) BS-kP11-22-39-bs248(316m) BS-kP11-22-39-bs266(556m),,provisional,15,公式情報または2情報源での確認が必要,"国土数値情報（バス停留所データ）令和4年度（国土交通省）P11-22-39-bs251（JGD2011）を加工して作成 ｜ OpenStreetMap（© OpenStreetMap contributors, ODbL 1.0）Geofabrik japan-latest.osm.pbf 2026-09-30T20:22:42Z node/1553317981（登山道と道路の接続点） ｜ 国土地理院 地名検索「猪野々簡易郵便局」（33.705492, 133.855042、JGD2011、27m差）2026-09-20確認",2026-09-20
TH-kP11-22-39-bs273,trailhead,初田下,33.6970477,133.8538366,WGS84,811,御在所山,,四国百名山,,駐車場・バス停（林道・車道を経由して登山道へ）,御在所山:4.27km,BS-kP11-22-39-bs273(0m) BS-kP11-22-39-bs266(550m) BS-kP11-22-39-bs251(919m),,provisional,15,公式情報または2情報源での確認が必要,"国土数値情報（バス停留所データ）令和4年度（国土交通省）P11-22-39-bs273（JGD2011）を加工して作成 ｜ OpenStreetMap（© OpenStreetMap contributors, ODbL 1.0）Geofabrik japan-latest.osm.pbf 2026-09-30T20:22:42Z node/1553316646（登山道と道路の接続点）",
TH-kP11-22-39-bs3000,trailhead,檜駄馬,33.1048402,132.714488,WGS84,860,譲ヶ葉森,,四国百名山,,駐車場・バス停（林道・車道を経由して登山道へ）,譲ヶ葉森:13.52km,BS-kP11-22-39-bs3000(0m) BS-kP11-22-39-bs3001(888m),,provisional,15,林道からの入口（マイカー進入可否を要確認）、公式情報または2情報源での確認が必要,"国土数値情報（バス停留所データ）令和4年度（国土交通省）P11-22-39-bs3000（JGD2011）を加工して作成 ｜ OpenStreetMap（© OpenStreetMap contributors, ODbL 1.0）Geofabrik japan-latest.osm.pbf 2026-09-30T20:22:42Z node/1479592005（登山道と道路の接続点）",
TH-kP11-22-39-bs3001,trailhead,奥屋内本村,33.1037945,132.7239247,WGS84,860,譲ヶ葉森,,四国百名山,,駐車場・バス停（林道・車道を経由して登山道へ）,譲ヶ葉森:14.8km,BS-kP11-22-39-bs3001(0m) BS-kP11-22-39-bs3000(888m),,provisional,15,公式情報または2情報源での確認が必要,"国土数値情報（バス停留所データ）令和4年度（国土交通省）P11-22-39-bs3001（JGD2011）を加工して作成 ｜ OpenStreetMap（© OpenStreetMap contributors, ODbL 1.0）Geofabrik japan-latest.osm.pbf 2026-09-30T20:22:42Z node/1479591323（登山道と道路の接続点）",
TH-kP11-22-39-bs785,trailhead,寺村橋,33.5734928,133.1953996,WGS84,825,横倉山,,四国百名山,,駐車場・バス停（林道・車道を経由して登山道へ）,横倉山:10.59km,BS-kP11-22-39-bs785(0m) BS-kP11-22-39-bs794(565m) BS-kP11-22-39-bs759(683m),,provisional,15,公式情報または2情報源での確認が必要,"国土数値情報（バス停留所データ）令和4年度（国土交通省）P11-22-39-bs785（JGD2011）を加工して作成 ｜ OpenStreetMap（© OpenStreetMap contributors, ODbL 1.0）Geofabrik japan-latest.osm.pbf 2026-09-30T20:22:42Z node/1493851808（登山道と道路の接続点）",
TH-n10129303952,trailhead,（名称未確認）,34.5179919,134.3167517,WGS84,658,寒霞渓,,四国百名山,,道路の終点付近,寒霞渓:0.3km,PK-w1106978730(18m) PK-n704285304(23m),,provisional,30,名称未確認、公式情報または2情報源での確認が必要,"OpenStreetMap（© OpenStreetMap contributors, ODbL 1.0）Geofabrik japan-latest.osm.pbf 2026-09-30T20:22:42Z node/10129303952（登山道と道路の接続点）",
TH-n10161845393,trailhead,（名称未確認）,33.8274096,134.1622808,WGS84,783,権田山,,四国百名山,,一般道との接続,権田山:1.31km,,,candidate,30,名称未確認、公式情報または2情報源での確認が必要,"OpenStreetMap（© OpenStreetMap contributors, ODbL 1.0）Geofabrik japan-latest.osm.pbf 2026-09-30T20:22:42Z node/10161845393（登山道と道路の接続点）",
TH-n10600658618,trailhead,（名称未確認）山上駐車場付近,34.3576308,134.0992386,WGS84,690,屋島,,四国百名山,,一般道との接続,屋島:0.52km,PK-w1137173396(8m) PK-w422803842(317m) BS-kP11-22-37-bs52(353m) BS-kP11-22-37-bs50(748m) BS-kP11-22-37-bs50(748m),,provisional,30,名称未確認、登山道が道路を横断する地点（途中の入口の可能性）、近くの道路にゲートあり（車両通行止め・季節閉鎖の可能性）、公式情報または2情報源での確認が必要,"OpenStreetMap（© OpenStreetMap contributors, ODbL 1.0）Geofabrik japan-latest.osm.pbf 2026-09-30T20:22:42Z node/10600658618（登山道と道路の接続点）",
TH-n1099878327,trailhead,紫雲出山 山頂駐車場（遊歩道）,34.2427683,133.5980612,WGS84,702,紫雲出山,,四国百名山,,一般道との接続,紫雲出山:0.23km,PK-w94727836(140m) PK-w94727901(250m) BS-kP11-22-37-bs1105(665m) BS-kP11-22-37-bs1056(920m) BS-kP11-22-37-bs1135(947m),,provisional,30,公式情報または2情報源での確認が必要,"OpenStreetMap（© OpenStreetMap contributors, ODbL 1.0）Geofabrik japan-latest.osm.pbf 2026-09-30T20:22:42Z node/1099878327（登山道と道路の接続点） ｜ 登山記録で広く使われている登山口（登山記録・登山情報サイトで名称と利用を確認。公式情報では未確認） 2026-09-24確認",
TH-n11416744269,trailhead,大窪寺（女体山登山口・遍路道）,34.1905725,134.2079278,WGS84,715,女体山,,四国百名山,,施設（山小屋・宿・キャンプ場）からの入口,女体山:0.99km,PK-n13227002601(21m) PK-w27557919(321m) BS-kP11-22-37-bs1496(139m) BS-kP11-22-37-bs1530(753m),OSM登山ルート: 四国遍路 87番札所長尾寺~88番札所大窪寺、四国遍路 88番札所大窪寺~1番札所霊山寺,provisional,15,公式情報または2情報源での確認が必要,"OpenStreetMap（© OpenStreetMap contributors, ODbL 1.0）Geofabrik japan-latest.osm.pbf 2026-09-30T20:22:42Z node/11416744269 ｜ 登山記録で広く使われている登山口（登山記録・登山情報サイトで名称と利用を確認。公式情報では未確認） 2026-09-24確認",
TH-n11893691691,trailhead,（名称未確認）,33.7241783,132.8889944,WGS84,804 809,石墨山、皿ヶ嶺,,四国百名山,,一般道との接続,石墨山:13.1km 皿ヶ嶺:2.04km,PK-w377716850(197m),,provisional,30,名称未確認、近くの道路にゲートあり（車両通行止め・季節閉鎖の可能性）、公式情報または2情報源での確認が必要,"OpenStreetMap（© OpenStreetMap contributors, ODbL 1.0）Geofabrik japan-latest.osm.pbf 2026-09-30T20:22:42Z node/11893691691（登山道と道路の接続点）",
TH-n11934704036,trailhead,（名称未確認）,33.9636163,132.8504093,WGS84,740,高縄山,,四国百名山,,道路の終点付近,高縄山:2.51km,,,candidate,30,名称未確認、林道からの入口（マイカー進入可否を要確認）、公式情報または2情報源での確認が必要,"OpenStreetMap（© OpenStreetMap contributors, ODbL 1.0）Geofabrik japan-latest.osm.pbf 2026-09-30T20:22:42Z node/11934704036（登山道と道路の接続点）",
TH-n11977956511,trailhead,見ノ越（剣山登山口）,33.8666385,134.0889402,WGS84,775 776 777 778 787,一ノ森、次郎笈、剣山、三嶺、白髪山,,四国百名山|日本百名山|日本二百名山|日本三百名山,見ノ越〜次郎笈周回、見ノ越コース,索道駅（ロープウェイ・ゴンドラ）,一ノ森:3.31km 次郎笈:3.44km 剣山:1.88km 三嶺:14.98km 白髪山:13.95km,PK-w325862716(47m) PK-w1221394342(88m) PK-n278078947(90m) BS-n5570323522(102m) BS-kP11-22-36-bs1845(242m),"parking=駐車場あり（中型バス可）（徳島県）; cable=剣山観光登山リフト 見ノ越駅（標高1,420m）〜西島駅（標高1,750m）約15分。営業は4月中旬〜11月末頃（2026年は4月18日〜11月30日予定）; fee=リフト 大人往復2,300円・片道1,300円（2026年4月1日〜）",adopted,15,見ノ越に剣山観光登山リフトの乗り場（見ノ越駅）がある（剣山観光登山リフト）,"OpenStreetMap（© OpenStreetMap contributors, ODbL 1.0）Geofabrik japan-latest.osm.pbf 2026-09-30T20:22:42Z node/11977956511 ｜ 国土地理院 地名検索「見の越駅」（33.866640, 134.089137、JGD2011、18m差）2026-09-20確認 ｜ 公式情報: https://www.awanavi.jp/archives/spot/19046 ｜ 公式情報: https://turugirift.com/guide.html",2026-09-20
TH-n11977956512,trailhead,西島（剣山観光登山リフト 西島駅）,33.8605158,134.0923485,WGS84,775 776 777 778 787,一ノ森、次郎笈、剣山、三嶺、白髪山,,四国百名山|日本百名山|日本二百名山|日本三百名山,,索道駅（ロープウェイ・ゴンドラ）,一ノ森:2.22km 次郎笈:2.42km 剣山:0.86km 三嶺:13.96km 白髪山:12.93km,BS-kP11-22-36-bs1845(719m) BS-n5570323522(786m),,adopted,15,剣山観光登山リフトの山上側の駅（剣山観光登山リフト）,"OpenStreetMap（© OpenStreetMap contributors, ODbL 1.0）Geofabrik japan-latest.osm.pbf 2026-09-30T20:22:42Z node/11977956512 ｜ 国土地理院 地名検索「西島駅」（33.860724, 134.092442、JGD2011、25m差）2026-09-20確認 ｜ 公式情報: https://www.awanavi.jp/archives/spot/19046 ｜ 公式情報: https://turugirift.com/guide.html",2026-09-20
TH-n12137456818,trailhead,（名称未確認）,33.891924,133.9192519,WGS84,747 758,烏帽子山、寒峰,,四国百名山,,一般道との接続,烏帽子山:6.36km 寒峰:2.75km,,,candidate,30,名称未確認、登山道が道路を横断する地点（途中の入口の可能性）、公式情報または2情報源での確認が必要,"OpenStreetMap（© OpenStreetMap contributors, ODbL 1.0）Geofabrik japan-latest.osm.pbf 2026-09-30T20:22:42Z node/12137456818（登山道と道路の接続点）",
TH-n12163153286,trailhead,（名称未確認）,33.9268211,133.6736771,WGS84,749,塩塚峰,,四国百名山,,一般道との接続,塩塚峰:0.2km,,,candidate,30,名称未確認、公式情報または2情報源での確認が必要,"OpenStreetMap（© OpenStreetMap contributors, ODbL 1.0）Geofabrik japan-latest.osm.pbf 2026-09-30T20:22:42Z node/12163153286（登山道と道路の接続点）",
TH-n12684046286,trailhead,（名称未確認）,33.9260882,134.0589356,WGS84,745,津志嶽,,四国百名山,,一般道との接続,津志嶽:6.53km,,,candidate,30,名称未確認、登山道が道路を横断する地点（途中の入口の可能性）、公式情報または2情報源での確認が必要,"OpenStreetMap（© OpenStreetMap contributors, ODbL 1.0）Geofabrik japan-latest.osm.pbf 2026-09-30T20:22:42Z node/12684046286（登山道と道路の接続点）",
TH-n1295579034,trailhead,三ツ森峠,33.831244,133.35198,WGS84,767 779 782 785 786 793,西赤石山、笹ヶ峰、大座礼山、平家平、寒風山、伊予富士,,四国百名山|日本二百名山|日本三百名山,,峠（道路との接続）,西赤石山:15.26km 笹ヶ峰:9.03km 大座礼山:4.73km 平家平:3.23km 寒風山:11.71km 伊予富士:15.29km,,,adopted,30,登山道が道路を横断する地点（途中の入口の可能性）,"OpenStreetMap（© OpenStreetMap contributors, ODbL 1.0）Geofabrik japan-latest.osm.pbf 2026-09-30T20:22:42Z node/1295579034（登山道と道路の接続点） ｜ 国土地理院 地名検索「三ツ森峠」（33.831090, 133.351683、JGD2011、32m差）2026-09-20確認",2026-09-20
TH-n1295581740,trailhead,（名称未確認）,33.8188699,133.420347,WGS84,782,大座礼山,,四国百名山,,一般道との接続,大座礼山:2.67km,,,candidate,30,名称未確認、登山道が道路を横断する地点（途中の入口の可能性）、公式情報または2情報源での確認が必要,"OpenStreetMap（© OpenStreetMap contributors, ODbL 1.0）Geofabrik japan-latest.osm.pbf 2026-09-30T20:22:42Z node/1295581740（登山道と道路の接続点）",
TH-n13255860501,trailhead,勝浦フライイトパーク オートキャンプ場,33.9595186,134.5068239,WGS84,737,中津峰山,,四国百名山,,施設（山小屋・宿・キャンプ場）からの入口,中津峰山:0.39km,,,provisional,15,公式情報または2情報源での確認が必要,"OpenStreetMap（© OpenStreetMap contributors, ODbL 1.0）Geofabrik japan-latest.osm.pbf 2026-09-30T20:22:42Z node/13255860501",
TH-n1332885272,trailhead,妹背山登山口（母島）,32.7389059,132.5571317,WGS84,890,妹背山,,四国百名山,,一般道（県道以上）との接続,妹背山:1.81km,,,provisional,30,公式情報または2情報源での確認が必要,"OpenStreetMap（© OpenStreetMap contributors, ODbL 1.0）Geofabrik japan-latest.osm.pbf 2026-09-30T20:22:42Z node/1332885272（登山道と道路の接続点） ｜ 登山記録で広く使われている登山口（登山記録・登山情報サイトで名称と利用を確認。公式情報では未確認） 2026-09-26確認",
TH-n1332903481,trailhead,（名称未確認）,33.0522836,132.6636995,WGS84,867,篠山,,日本三百名山|四国百名山,,一般道（県道以上）との接続,篠山:0.6km,,,candidate,30,名称未確認、登山道が道路を横断する地点（途中の入口の可能性）、公式情報または2情報源での確認が必要,"OpenStreetMap（© OpenStreetMap contributors, ODbL 1.0）Geofabrik japan-latest.osm.pbf 2026-09-30T20:22:42Z node/1332903481（登山道と道路の接続点）",
TH-n1332908256,trailhead,（名称未確認）,32.7342601,132.5661955,WGS84,890,妹背山,,四国百名山,,一般道（県道以上）との接続,妹背山:3.13km,,,candidate,30,名称未確認、公式情報または2情報源での確認が必要,"OpenStreetMap（© OpenStreetMap contributors, ODbL 1.0）Geofabrik japan-latest.osm.pbf 2026-09-30T20:22:42Z node/1332908256（登山道と道路の接続点）",
TH-n13356997366,trailhead,（名称未確認）,33.7586565,133.7611995,WGS84,797,梶ヶ森,,四国百名山,,一般道との接続,梶ヶ森:1.48km,PK-w1456391652(75m),,provisional,30,名称未確認、近くの道路にゲートあり（車両通行止め・季節閉鎖の可能性）、公式情報または2情報源での確認が必要,"OpenStreetMap（© OpenStreetMap contributors, ODbL 1.0）Geofabrik japan-latest.osm.pbf 2026-09-30T20:22:42Z node/13356997366（登山道と道路の接続点）",
TH-n13357020942,trailhead,龍王の滝駐車場（梶ヶ森登山口）,33.7694513,133.7619567,WGS84,797,梶ヶ森,,四国百名山,,一般道との接続,梶ヶ森:2.6km,PK-g3376945_13376196(0m) PK-w1456418314(16m) PK-w1456418316(98m),,provisional,30,公式情報または2情報源での確認が必要,"OpenStreetMap（© OpenStreetMap contributors, ODbL 1.0）Geofabrik japan-latest.osm.pbf 2026-09-30T20:22:42Z node/13357020942（登山道と道路の接続点） ｜ 登山記録で広く使われている登山口（登山記録・登山情報サイトで名称と利用を確認。公式情報では未確認） 2026-09-24確認",
TH-n1378265466,trailhead,（名称未確認）,33.199429,132.6566149,WGS84,853 854,鬼ヶ城山、三本杭,,四国百名山|日本三百名山,,林道との接続,鬼ヶ城山:6.02km 三本杭:2.96km,,,candidate,30,名称未確認、林道からの入口（マイカー進入可否を要確認）、公式情報または2情報源での確認が必要,"OpenStreetMap（© OpenStreetMap contributors, ODbL 1.0）Geofabrik japan-latest.osm.pbf 2026-09-30T20:22:42Z node/1378265466（登山道と道路の接続点）",
TH-n13805646026,trailhead,（名称未確認）,32.7189187,132.5676095,WGS84,890,妹背山,,四国百名山,,一般道（県道以上）との接続,妹背山:2.23km,,,candidate,30,名称未確認、公式情報または2情報源での確認が必要,"OpenStreetMap（© OpenStreetMap contributors, ODbL 1.0）Geofabrik japan-latest.osm.pbf 2026-09-30T20:22:42Z node/13805646026（登山道と道路の接続点）",
TH-n13806150441,trailhead,妹背山登山口（弘瀬）,32.7143929,132.5513888,WGS84,890,妹背山,,四国百名山,,一般道との接続,妹背山:1.93km,,,provisional,30,公式情報または2情報源での確認が必要,"OpenStreetMap（© OpenStreetMap contributors, ODbL 1.0）Geofabrik japan-latest.osm.pbf 2026-09-30T20:22:42Z node/13806150441（登山道と道路の接続点） ｜ 登山記録で広く使われている登山口（登山記録・登山情報サイトで名称と利用を確認。公式情報では未確認） 2026-09-26確認",
TH-n13829937798,trailhead,（名称未確認）徳善バス停付近,33.8789017,133.7714059,WGS84,755,国見山,,四国百名山,,一般道との接続,国見山:3.84km,PK-w1513363153(428m) PK-w1513363158(443m) PK-w1513363161(446m) BS-kP11-22-36-bs1759(180m) BS-kP11-22-36-bs1760(180m) BS-kP11-22-36-bs1777(432m),,provisional,30,名称未確認、登山道が道路を横断する地点（途中の入口の可能性）、公式情報または2情報源での確認が必要,"OpenStreetMap（© OpenStreetMap contributors, ODbL 1.0）Geofabrik japan-latest.osm.pbf 2026-09-30T20:22:42Z node/13829937798（登山道と道路の接続点）",
TH-n1479917136,trailhead,（名称未確認）,33.786168,133.583885,WGS84,784,白髪山,,四国百名山,,一般道との接続,白髪山:4.24km,,,candidate,30,名称未確認、公式情報または2情報源での確認が必要,"OpenStreetMap（© OpenStreetMap contributors, ODbL 1.0）Geofabrik japan-latest.osm.pbf 2026-09-30T20:22:42Z node/1479917136（登山道と道路の接続点）",
TH-n1479920383,trailhead,（名称未確認）瓜生野バス停付近,33.804855,133.561319,WGS84,784,白髪山,,四国百名山,,一般道との接続,白髪山:4.09km,BS-kP11-22-39-bs5(261m) BS-kP11-22-39-bs6(365m) BS-kP11-22-39-bs4(463m),,provisional,30,名称未確認、公式情報または2情報源での確認が必要,"OpenStreetMap（© OpenStreetMap contributors, ODbL 1.0）Geofabrik japan-latest.osm.pbf 2026-09-30T20:22:42Z node/1479920383（登山道と道路の接続点）",
TH-n1479921176,trailhead,白髪山登山口（奥白髪林道）,33.811077,133.601933,WGS84,784,白髪山,,四国百名山,,林道との接続,白髪山:1.4km,,,provisional,30,林道からの入口（マイカー進入可否を要確認）、公式情報または2情報源での確認が必要,"OpenStreetMap（© OpenStreetMap contributors, ODbL 1.0）Geofabrik japan-latest.osm.pbf 2026-09-30T20:22:42Z node/1479921176（登山道と道路の接続点） ｜ 登山記録で広く使われている登山口（登山記録・登山情報サイトで名称と利用を確認。公式情報では未確認） 2026-09-24確認",
TH-n1479921840,trailhead,（名称未確認）,33.8142489,133.57128,WGS84,784,白髪山,,四国百名山,,一般道との接続,白髪山:2.85km,,,candidate,30,名称未確認、公式情報または2情報源での確認が必要,"OpenStreetMap（© OpenStreetMap contributors, ODbL 1.0）Geofabrik japan-latest.osm.pbf 2026-09-30T20:22:42Z node/1479921840（登山道と道路の接続点）",
TH-n1479927618,trailhead,中川峠（佐々連尾山）,33.870684,133.565803,WGS84,766,佐々連尾山,,四国百名山,,道路の終点付近,佐々連尾山:3.49km,,,provisional,30,林道からの入口（マイカー進入可否を要確認）、公式情報または2情報源での確認が必要,"OpenStreetMap（© OpenStreetMap contributors, ODbL 1.0）Geofabrik japan-latest.osm.pbf 2026-09-30T20:22:42Z node/1479927618（登山道と道路の接続点） ｜ 登山記録で広く使われている登山口（登山記録・登山情報サイトで名称と利用を確認。公式情報では未確認） 2026-09-24確認",
TH-n1488024378,trailhead,（名称未確認）山上駐車場付近,34.3584846,134.1062927,WGS84,690,屋島,,四国百名山,,一般道（県道以上）との接続,屋島:0.64km,PK-w422803842(361m) BS-kP11-22-37-bs52(361m),OSM登山ルート: 四国遍路 84番札所屋島寺~85番札所八栗寺,provisional,30,名称未確認、近くの道路にゲートあり（車両通行止め・季節閉鎖の可能性）、公式情報または2情報源での確認が必要,"OpenStreetMap（© OpenStreetMap contributors, ODbL 1.0）Geofabrik japan-latest.osm.pbf 2026-09-30T20:22:42Z node/1488024378（登山道と道路の接続点）",
TH-n1493844827,trailhead,横倉山第1駐車場（南の尾根道コース登山口）,33.5346444,133.2225604,WGS84,825,横倉山,,四国百名山,,一般道との接続,横倉山:2.22km,PK-w388843482(94m) PK-g3353375_13322313(113m) PK-w388843479(113m) BS-kP11-22-39-bs1322(832m),"course=南の尾根道（修験の道）コースは2,800m（片道）（こうち旅ネット）",adopted,15,,"OpenStreetMap（© OpenStreetMap contributors, ODbL 1.0）Geofabrik japan-latest.osm.pbf 2026-09-30T20:22:42Z node/1493844827（登山道と道路の接続点） ｜ 公式情報: https://kochi-tabi.jp/lp/ei-yama-aruki/yokokura.html",2026-09-24
TH-n1493846014,trailhead,（名称未確認）横倉山第三駐車場付近,33.5406093,133.2156481,WGS84,825,横倉山,,四国百名山,,一般道との接続,横倉山:1.77km,PK-w388843446(408m) PK-w388843472(422m),,provisional,30,名称未確認、公式情報または2情報源での確認が必要,"OpenStreetMap（© OpenStreetMap contributors, ODbL 1.0）Geofabrik japan-latest.osm.pbf 2026-09-30T20:22:42Z node/1493846014（登山道と道路の接続点）",
TH-n1509587000,trailhead,（名称未確認）四國村バス停付近,34.3499786,134.1026227,WGS84,690,屋島,,四国百名山,,一般道（県道以上）との接続,屋島:0.75km,PK-w1034751565(161m) PK-w1034751566(230m) BS-n7350509989(896m) BS-n7350509986(899m) BS-n7350480404(919m),OSM登山ルート: 四国遍路 83番札所一宮寺~84番札所屋島寺,provisional,30,名称未確認、近くの道路にゲートあり（車両通行止め・季節閉鎖の可能性）、公式情報または2情報源での確認が必要,"OpenStreetMap（© OpenStreetMap contributors, ODbL 1.0）Geofabrik japan-latest.osm.pbf 2026-09-30T20:22:42Z node/1509587000（登山道と道路の接続点）",
TH-n1524231670,trailhead,（名称未確認）,33.701929,134.048808,WGS84,816,千本山,,四国百名山,,一般道との接続,千本山:9.55km,,,candidate,30,名称未確認、公式情報または2情報源での確認が必要,"OpenStreetMap（© OpenStreetMap contributors, ODbL 1.0）Geofabrik japan-latest.osm.pbf 2026-09-30T20:22:42Z node/1524231670（登山道と道路の接続点）",
TH-n1528915096,trailhead,（名称未確認）,33.653586,134.086997,WGS84,816,千本山,,四国百名山,,一般道（県道以上）との接続,千本山:3.13km,,,candidate,30,名称未確認、公式情報または2情報源での確認が必要,"OpenStreetMap（© OpenStreetMap contributors, ODbL 1.0）Geofabrik japan-latest.osm.pbf 2026-09-30T20:22:42Z node/1528915096（登山道と道路の接続点）",
TH-n1528921494,trailhead,（名称未確認）,33.688711,134.115916,WGS84,816,千本山,,四国百名山,,道路の終点付近,千本山:3.52km,,,candidate,30,名称未確認、林道からの入口（マイカー進入可否を要確認）、公式情報または2情報源での確認が必要,"OpenStreetMap（© OpenStreetMap contributors, ODbL 1.0）Geofabrik japan-latest.osm.pbf 2026-09-30T20:22:42Z node/1528921494（登山道と道路の接続点）",
TH-n1530344762,trailhead,（名称未確認）角領バス停付近,33.8730831,133.9954793,WGS84,778 780 787,三嶺、天狗塚、白髪山,,日本二百名山|日本三百名山|四国百名山,,一般道（県道以上）との接続,三嶺:6.28km 天狗塚:11.32km 白髪山:10.1km,BS-kP11-22-36-bs1798(231m) BS-kP11-22-36-bs1774(414m) BS-kP11-22-36-bs1808(510m),,provisional,30,名称未確認、公式情報または2情報源での確認が必要,"OpenStreetMap（© OpenStreetMap contributors, ODbL 1.0）Geofabrik japan-latest.osm.pbf 2026-09-30T20:22:42Z node/1530344762（登山道と道路の接続点）",
TH-n1532060259,trailhead,（名称未確認）,33.439182,134.078797,WGS84,835,野根山街道,,四国百名山,,一般道との接続,野根山街道:7.79km,,,candidate,30,名称未確認、公式情報または2情報源での確認が必要,"OpenStreetMap（© OpenStreetMap contributors, ODbL 1.0）Geofabrik japan-latest.osm.pbf 2026-09-30T20:22:42Z node/1532060259（登山道と道路の接続点）",
TH-n1532191023,trailhead,宿屋杉登山口（野根山街道・林道野川線）,33.459126,134.109097,WGS84,835,野根山街道,,四国百名山,,林道との接続,野根山街道:3.6km,,,provisional,30,林道からの入口（マイカー進入可否を要確認）、公式情報または2情報源での確認が必要,"OpenStreetMap（© OpenStreetMap contributors, ODbL 1.0）Geofabrik japan-latest.osm.pbf 2026-09-30T20:22:42Z node/1532191023（登山道と道路の接続点） ｜ 登山記録で広く使われている登山口（登山記録・登山情報サイトで名称と利用を確認。公式情報では未確認） 2026-09-26確認",
TH-n1532309824,trailhead,（名称未確認）,33.455869,134.08642,WGS84,835,野根山街道,,四国百名山,,一般道との接続,野根山街道:5.92km,,,candidate,30,名称未確認、公式情報または2情報源での確認が必要,"OpenStreetMap（© OpenStreetMap contributors, ODbL 1.0）Geofabrik japan-latest.osm.pbf 2026-09-30T20:22:42Z node/1532309824（登山道と道路の接続点）",
TH-n1533387074,trailhead,（名称未確認）,33.699652,133.435645,WGS84,814,陣ヶ森,,四国百名山,,一般道との接続,陣ヶ森:1.43km,,,candidate,30,名称未確認、公式情報または2情報源での確認が必要,"OpenStreetMap（© OpenStreetMap contributors, ODbL 1.0）Geofabrik japan-latest.osm.pbf 2026-09-30T20:22:42Z node/1533387074（登山道と道路の接続点）",
TH-n1533387270,trailhead,（名称未確認）,33.701335,133.4203599,WGS84,814,陣ヶ森,,四国百名山,,一般道との接続,陣ヶ森:1.26km,,,candidate,30,名称未確認、公式情報または2情報源での確認が必要,"OpenStreetMap（© OpenStreetMap contributors, ODbL 1.0）Geofabrik japan-latest.osm.pbf 2026-09-30T20:22:42Z node/1533387270（登山道と道路の接続点）",
TH-n1533490570,trailhead,（名称未確認）,33.6674363,133.5121996,WGS84,817,工石山,,四国百名山,,一般道との接続,工石山:0.83km,,,candidate,30,名称未確認、登山道が道路を横断する地点（途中の入口の可能性）、公式情報または2情報源での確認が必要,"OpenStreetMap（© OpenStreetMap contributors, ODbL 1.0）Geofabrik japan-latest.osm.pbf 2026-09-30T20:22:42Z node/1533490570（登山道と道路の接続点）",
TH-n1541756537,trailhead,（名称未確認）,33.681793,133.434044,WGS84,814,陣ヶ森,,四国百名山,,一般道との接続,陣ヶ森:1.3km,,,candidate,30,名称未確認、公式情報または2情報源での確認が必要,"OpenStreetMap（© OpenStreetMap contributors, ODbL 1.0）Geofabrik japan-latest.osm.pbf 2026-09-30T20:22:42Z node/1541756537（登山道と道路の接続点）",
TH-n1541869196,trailhead,（名称未確認）戸中橋バス停付近,33.732418,133.334219,WGS84,801,稲叢山,,四国百名山,,一般道との接続,稲叢山:5.4km,BS-kP11-22-39-bs187(381m),,provisional,30,名称未確認、公式情報または2情報源での確認が必要,"OpenStreetMap（© OpenStreetMap contributors, ODbL 1.0）Geofabrik japan-latest.osm.pbf 2026-09-30T20:22:42Z node/1541869196（登山道と道路の接続点）",
TH-n1541870042,trailhead,（名称未確認）,33.735517,133.349235,WGS84,801,稲叢山,,四国百名山,,一般道との接続,稲叢山:1.72km,,,candidate,30,名称未確認、公式情報または2情報源での確認が必要,"OpenStreetMap（© OpenStreetMap contributors, ODbL 1.0）Geofabrik japan-latest.osm.pbf 2026-09-30T20:22:42Z node/1541870042（登山道と道路の接続点）",
TH-n1541873920,trailhead,（名称未確認）,33.746161,133.17796,WGS84,800 805 806,岩黒山、筒上山、手箱山,,四国百名山,,一般道（県道以上）との接続,岩黒山:3.86km 筒上山:3.35km 手箱山:4.98km,,,candidate,30,名称未確認、近くの道路にゲートあり（車両通行止め・季節閉鎖の可能性）、公式情報または2情報源での確認が必要,"OpenStreetMap（© OpenStreetMap contributors, ODbL 1.0）Geofabrik japan-latest.osm.pbf 2026-09-30T20:22:42Z node/1541873920（登山道と道路の接続点）",
TH-n1541875561,trailhead,（名称未確認）,33.750767,133.344901,WGS84,801,稲叢山,,四国百名山,,一般道との接続,稲叢山:1.4km,,,candidate,30,名称未確認、公式情報または2情報源での確認が必要,"OpenStreetMap（© OpenStreetMap contributors, ODbL 1.0）Geofabrik japan-latest.osm.pbf 2026-09-30T20:22:42Z node/1541875561（登山道と道路の接続点）",
TH-n1541876484,trailhead,（名称未確認）,33.752332,133.342165,WGS84,801,稲叢山,,四国百名山,,一般道との接続,稲叢山:1.72km,,,candidate,30,名称未確認、公式情報または2情報源での確認が必要,"OpenStreetMap（© OpenStreetMap contributors, ODbL 1.0）Geofabrik japan-latest.osm.pbf 2026-09-30T20:22:42Z node/1541876484（登山道と道路の接続点）",
TH-n1541885947,trailhead,（名称未確認）,33.7837563,133.2304478,WGS84,793,伊予富士,,日本三百名山|四国百名山,,一般道との接続,伊予富士:2.04km,,,candidate,30,名称未確認、近くの道路にゲートあり（車両通行止め・季節閉鎖の可能性）、公式情報または2情報源での確認が必要,"OpenStreetMap（© OpenStreetMap contributors, ODbL 1.0）Geofabrik japan-latest.osm.pbf 2026-09-30T20:22:42Z node/1541885947（登山道と道路の接続点）",
TH-n1541886305,trailhead,（名称未確認）,33.7860578,133.2444867,WGS84,793,伊予富士,,日本三百名山|四国百名山,,一般道との接続,伊予富士:0.39km,,,candidate,30,名称未確認、近くの道路にゲートあり（車両通行止め・季節閉鎖の可能性）、公式情報または2情報源での確認が必要,"OpenStreetMap（© OpenStreetMap contributors, ODbL 1.0）Geofabrik japan-latest.osm.pbf 2026-09-30T20:22:42Z node/1541886305（登山道と道路の接続点）",
TH-n1541888765,trailhead,旧寒風山トンネル南口（寒風山登山口）,33.7995609,133.2665368,WGS84,767 779 785 786 793,西赤石山、笹ヶ峰、平家平、寒風山、伊予富士,,四国百名山|日本二百名山|日本三百名山,,一般道との接続,西赤石山:15.42km 笹ヶ峰:5.03km 平家平:11.01km 寒風山:2.44km 伊予富士:3.19km,PK-g3379956_13326654(0m) PK-w294488902(38m) PK-w294488901(74m),,provisional,30,近くの道路にゲートあり（車両通行止め・季節閉鎖の可能性）、公式情報または2情報源での確認が必要,"OpenStreetMap（© OpenStreetMap contributors, ODbL 1.0）Geofabrik japan-latest.osm.pbf 2026-09-30T20:22:42Z node/1541888765（登山道と道路の接続点） ｜ 登山記録で広く使われている登山口（登山記録・登山情報サイトで名称と利用を確認。公式情報では未確認） 2026-09-24確認",
TH-n1543473685,trailhead,（名称未確認）舟床バス停付近,33.451229,133.292263,WGS84,838,虚空蔵山,,四国百名山,,一般道との接続,虚空蔵山:1.5km,BS-kP11-22-39-bs1936(354m),,provisional,30,名称未確認、公式情報または2情報源での確認が必要,"OpenStreetMap（© OpenStreetMap contributors, ODbL 1.0）Geofabrik japan-latest.osm.pbf 2026-09-30T20:22:42Z node/1543473685（登山道と道路の接続点）",
TH-n1543473870,trailhead,朽木峠（蟠蛇森登山口）,33.4521343,133.2559483,WGS84,839,蟠蛇森,,四国百名山,,一般道との接続,蟠蛇森:1.29km,,,provisional,30,公式情報または2情報源での確認が必要,"OpenStreetMap（© OpenStreetMap contributors, ODbL 1.0）Geofabrik japan-latest.osm.pbf 2026-09-30T20:22:42Z node/1543473870（登山道と道路の接続点） ｜ 登山記録で広く使われている登山口（登山記録・登山情報サイトで名称と利用を確認。公式情報では未確認） 2026-09-24確認",
TH-n1543475304,trailhead,（名称未確認）,33.461688,133.311584,WGS84,838,虚空蔵山,,四国百名山,,一般道との接続,虚空蔵山:0.64km,,,candidate,30,名称未確認、公式情報または2情報源での確認が必要,"OpenStreetMap（© OpenStreetMap contributors, ODbL 1.0）Geofabrik japan-latest.osm.pbf 2026-09-30T20:22:42Z node/1543475304（登山道と道路の接続点）",
TH-n1543475993,trailhead,柴折峠（虚空蔵山登山口）,33.464449,133.307384,WGS84,838,虚空蔵山,,四国百名山,,一般道との接続,虚空蔵山:0.62km,PK-g3346445_13330738-2(0m) PK-g3346445_13330738(0m),,provisional,30,公式情報または2情報源での確認が必要,"OpenStreetMap（© OpenStreetMap contributors, ODbL 1.0）Geofabrik japan-latest.osm.pbf 2026-09-30T20:22:42Z node/1543475993（登山道と道路の接続点） ｜ 登山記録で広く使われている登山口（登山記録・登山情報サイトで名称と利用を確認。公式情報では未確認） 2026-09-24確認",
TH-n1543668479,trailhead,（名称未確認）,33.493669,133.030284,WGS84,830,天狗高原,,四国百名山,,一般道との接続,天狗高原:3.65km,,,candidate,30,名称未確認、公式情報または2情報源での確認が必要,"OpenStreetMap（© OpenStreetMap contributors, ODbL 1.0）Geofabrik japan-latest.osm.pbf 2026-09-30T20:22:42Z node/1543668479（登山道と道路の接続点）",
TH-n1543750186,trailhead,（名称未確認）土佐大崎バス停付近,33.572491,133.166717,WGS84,825,横倉山,,四国百名山,,一般道との接続,横倉山:8.61km,PK-w822871514(182m) BS-kP11-22-39-bs774(258m) BS-kP11-22-39-bs764(299m) BS-kP11-22-39-bs772(487m),,provisional,30,名称未確認、公式情報または2情報源での確認が必要,"OpenStreetMap（© OpenStreetMap contributors, ODbL 1.0）Geofabrik japan-latest.osm.pbf 2026-09-30T20:22:42Z node/1543750186（登山道と道路の接続点）",
TH-n1543795621,trailhead,（名称未確認）,33.646668,133.191895,WGS84,818,雨ヶ森,,四国百名山,,一般道との接続,雨ヶ森:3.04km,,,candidate,30,名称未確認、登山道が道路を横断する地点（途中の入口の可能性）、公式情報または2情報源での確認が必要,"OpenStreetMap（© OpenStreetMap contributors, ODbL 1.0）Geofabrik japan-latest.osm.pbf 2026-09-30T20:22:42Z node/1543795621（登山道と道路の接続点）",
TH-n1543801399,trailhead,（名称未確認）,33.674694,133.1785219,WGS84,818,雨ヶ森,,四国百名山,,一般道との接続,雨ヶ森:2.21km,,,candidate,30,名称未確認、公式情報または2情報源での確認が必要,"OpenStreetMap（© OpenStreetMap contributors, ODbL 1.0）Geofabrik japan-latest.osm.pbf 2026-09-30T20:22:42Z node/1543801399（登山道と道路の接続点）",
TH-n1543801652,trailhead,（名称未確認）,33.675705,133.145749,WGS84,818,雨ヶ森,,四国百名山,,一般道との接続,雨ヶ森:7.07km,,,candidate,30,名称未確認、公式情報または2情報源での確認が必要,"OpenStreetMap（© OpenStreetMap contributors, ODbL 1.0）Geofabrik japan-latest.osm.pbf 2026-09-30T20:22:42Z node/1543801652（登山道と道路の接続点）",
TH-n1543801962,trailhead,（名称未確認）,33.6776511,133.1804511,WGS84,818,雨ヶ森,,四国百名山,,一般道との接続,雨ヶ森:3.42km,PK-n13707333501(430m),,provisional,30,名称未確認、公式情報または2情報源での確認が必要,"OpenStreetMap（© OpenStreetMap contributors, ODbL 1.0）Geofabrik japan-latest.osm.pbf 2026-09-30T20:22:42Z node/1543801962（登山道と道路の接続点）",
TH-n1543805597,trailhead,（名称未確認）,33.7164094,133.1566172,WGS84,800 805 806,岩黒山、筒上山、手箱山,,四国百名山,,道路の終点付近,岩黒山:4.9km 筒上山:2.36km 手箱山:3.71km,,,candidate,30,名称未確認、林道からの入口（マイカー進入可否を要確認）、公式情報または2情報源での確認が必要,"OpenStreetMap（© OpenStreetMap contributors, ODbL 1.0）Geofabrik japan-latest.osm.pbf 2026-09-30T20:22:42Z node/1543805597（登山道と道路の接続点）",
TH-n1545260782,trailhead,（名称未確認）,33.4484336,132.9952713,WGS84,833,五段高原,,四国百名山,,一般道（県道以上）との接続,五段高原:3.29km,,,candidate,30,名称未確認、公式情報または2情報源での確認が必要,"OpenStreetMap（© OpenStreetMap contributors, ODbL 1.0）Geofabrik japan-latest.osm.pbf 2026-09-30T20:22:42Z node/1545260782（登山道と道路の接続点）",
TH-n1545273598,trailhead,（名称未確認）,33.468011,132.853147,WGS84,834,大野ヶ原,,四国百名山,,一般道との接続,大野ヶ原:1.31km,,,candidate,30,名称未確認、公式情報または2情報源での確認が必要,"OpenStreetMap（© OpenStreetMap contributors, ODbL 1.0）Geofabrik japan-latest.osm.pbf 2026-09-30T20:22:42Z node/1545273598（登山道と道路の接続点）",
TH-n1545275610,trailhead,五段城登山口（四国カルスト）,33.4731806,132.9893249,WGS84,833,五段高原,,四国百名山,,一般道（県道以上）との接続,五段高原:0.25km,,,provisional,30,公式情報または2情報源での確認が必要,"OpenStreetMap（© OpenStreetMap contributors, ODbL 1.0）Geofabrik japan-latest.osm.pbf 2026-09-30T20:22:42Z node/1545275610（登山道と道路の接続点） ｜ 登山記録で広く使われている登山口（登山記録・登山情報サイトで名称と利用を確認。公式情報では未確認） 2026-09-26確認",
TH-n1545275775,trailhead,韮ヶ峠,33.4740917,132.8382699,WGS84,834,大野ヶ原,,四国百名山,,峠（道路との接続）,大野ヶ原:2.98km,,,adopted,30,登山道が道路を横断する地点（途中の入口の可能性）,"OpenStreetMap（© OpenStreetMap contributors, ODbL 1.0）Geofabrik japan-latest.osm.pbf 2026-09-30T20:22:42Z node/1545275775（登山道と道路の接続点） ｜ 国土地理院 地名検索「韮ヶ峠」（33.474552, 132.838247、JGD2011、51m差）2026-09-20確認",2026-09-20
TH-n1546570385,trailhead,（名称未確認）勝登呂越付近,33.4407266,133.2376242,WGS84,839,蟠蛇森,,四国百名山,,峠（道路との接続）,蟠蛇森:2.1km,,,candidate,30,名称未確認、公式情報または2情報源での確認が必要,"OpenStreetMap（© OpenStreetMap contributors, ODbL 1.0）Geofabrik japan-latest.osm.pbf 2026-09-30T20:22:42Z node/1546570385（登山道と道路の接続点）",
TH-n1546634928,trailhead,四万十川源流点登山口（不入山）,33.433877,133.074233,WGS84,840,不入山,,四国百名山,,一般道との接続,不入山:1.37km,,,provisional,30,公式情報または2情報源での確認が必要,"OpenStreetMap（© OpenStreetMap contributors, ODbL 1.0）Geofabrik japan-latest.osm.pbf 2026-09-30T20:22:42Z node/1546634928（登山道と道路の接続点） ｜ 登山記録で広く使われている登山口（登山記録・登山情報サイトで名称と利用を確認。公式情報では未確認） 2026-09-24確認",
TH-n1546642091,trailhead,（名称未確認）,33.476959,133.025125,WGS84,830,天狗高原,,四国百名山,,一般道との接続,天狗高原:1.15km,,,candidate,30,名称未確認、公式情報または2情報源での確認が必要,"OpenStreetMap（© OpenStreetMap contributors, ODbL 1.0）Geofabrik japan-latest.osm.pbf 2026-09-30T20:22:42Z node/1546642091（登山道と道路の接続点）",
TH-n1549557731,trailhead,（名称未確認）,33.4574039,133.313553,WGS84,838,虚空蔵山,,四国百名山,,一般道との接続,虚空蔵山:0.77km,,,candidate,30,名称未確認、公式情報または2情報源での確認が必要,"OpenStreetMap（© OpenStreetMap contributors, ODbL 1.0）Geofabrik japan-latest.osm.pbf 2026-09-30T20:22:42Z node/1549557731（登山道と道路の接続点）",
TH-n1549778451,trailhead,工石山荘（奥工石山 北登山口）,33.854452,133.58745,WGS84,774,奥工石山,,四国百名山,,道路の終点付近,奥工石山:1.24km,PK-g3385445_13358745(0m),,provisional,30,林道からの入口（マイカー進入可否を要確認）、公式情報または2情報源での確認が必要,"OpenStreetMap（© OpenStreetMap contributors, ODbL 1.0）Geofabrik japan-latest.osm.pbf 2026-09-30T20:22:42Z node/1549778451（登山道と道路の接続点） ｜ 登山記録で広く使われている登山口（登山記録・登山情報サイトで名称と利用を確認。公式情報では未確認） 2026-09-24確認",
TH-n1549782066,trailhead,（名称未確認）,33.8668539,133.593738,WGS84,766,佐々連尾山,,四国百名山,,道路の終点付近,佐々連尾山:5.0km,,,candidate,30,名称未確認、林道からの入口（マイカー進入可否を要確認）、公式情報または2情報源での確認が必要,"OpenStreetMap（© OpenStreetMap contributors, ODbL 1.0）Geofabrik japan-latest.osm.pbf 2026-09-30T20:22:42Z node/1549782066（登山道と道路の接続点）",
TH-n1549828302,trailhead,（名称未確認）,33.7729799,133.758443,WGS84,797,梶ヶ森,,四国百名山,,一般道との接続,梶ヶ森:2.63km,PK-w1456418316(481m) PK-w1456418314(499m),,provisional,30,名称未確認、公式情報または2情報源での確認が必要,"OpenStreetMap（© OpenStreetMap contributors, ODbL 1.0）Geofabrik japan-latest.osm.pbf 2026-09-30T20:22:42Z node/1549828302（登山道と道路の接続点）",
TH-n1549843729,trailhead,（名称未確認）,33.772936,133.830745,WGS84,796,奥神賀山,,四国百名山,,林道との接続,奥神賀山:0.87km,,,candidate,30,名称未確認、林道からの入口（マイカー進入可否を要確認）、公式情報または2情報源での確認が必要,"OpenStreetMap（© OpenStreetMap contributors, ODbL 1.0）Geofabrik japan-latest.osm.pbf 2026-09-30T20:22:42Z node/1549843729（登山道と道路の接続点）",
TH-n1549843846,trailhead,（名称未確認）,33.773577,133.761653,WGS84,797,梶ヶ森,,四国百名山,,一般道との接続,梶ヶ森:2.64km,PK-w1456418316(378m) PK-w1456418314(442m),,provisional,30,名称未確認、登山道が道路を横断する地点（途中の入口の可能性）、公式情報または2情報源での確認が必要,"OpenStreetMap（© OpenStreetMap contributors, ODbL 1.0）Geofabrik japan-latest.osm.pbf 2026-09-30T20:22:42Z node/1549843846（登山道と道路の接続点）",
TH-n1549844754,trailhead,（名称未確認）,33.777264,133.832879,WGS84,796,奥神賀山,,四国百名山,,林道との接続,奥神賀山:0.82km,,,candidate,30,名称未確認、林道からの入口（マイカー進入可否を要確認）、公式情報または2情報源での確認が必要,"OpenStreetMap（© OpenStreetMap contributors, ODbL 1.0）Geofabrik japan-latest.osm.pbf 2026-09-30T20:22:42Z node/1549844754（登山道と道路の接続点）",
TH-n1553314428,trailhead,（名称未確認）大谷口バス停付近,33.690076,133.840588,WGS84,811,御在所山,,四国百名山,,一般道との接続,御在所山:3.03km,BS-kP11-22-39-bs298(264m) BS-kP11-22-39-bs294(548m) BS-kP11-22-39-bs309(755m),,provisional,30,名称未確認、公式情報または2情報源での確認が必要,"OpenStreetMap（© OpenStreetMap contributors, ODbL 1.0）Geofabrik japan-latest.osm.pbf 2026-09-30T20:22:42Z node/1553314428（登山道と道路の接続点）",
TH-n1553315015,trailhead,（名称未確認）,33.691455,133.813167,WGS84,811,御在所山,,四国百名山,,一般道との接続,御在所山:2.06km,,,candidate,30,名称未確認、公式情報または2情報源での確認が必要,"OpenStreetMap（© OpenStreetMap contributors, ODbL 1.0）Geofabrik japan-latest.osm.pbf 2026-09-30T20:22:42Z node/1553315015（登山道と道路の接続点）",
TH-n1553367547,trailhead,（名称未確認）,33.760981,133.855108,WGS84,796,奥神賀山,,四国百名山,,道路の終点付近,奥神賀山:2.08km,,,candidate,30,名称未確認、林道からの入口（マイカー進入可否を要確認）、公式情報または2情報源での確認が必要,"OpenStreetMap（© OpenStreetMap contributors, ODbL 1.0）Geofabrik japan-latest.osm.pbf 2026-09-30T20:22:42Z node/1553367547（登山道と道路の接続点）",
TH-n1553368363,trailhead,（名称未確認）,33.7653728,133.8467499,WGS84,796,奥神賀山,,四国百名山,,林道との接続,奥神賀山:1.1km,,,candidate,30,名称未確認、林道からの入口（マイカー進入可否を要確認）、公式情報または2情報源での確認が必要,"OpenStreetMap（© OpenStreetMap contributors, ODbL 1.0）Geofabrik japan-latest.osm.pbf 2026-09-30T20:22:42Z node/1553368363（登山道と道路の接続点）",
TH-n1553368503,trailhead,（名称未確認）安野尾口バス停付近,33.7659189,133.93831,WGS84,789,綱附森,,四国百名山,,一般道（県道以上）との接続,綱附森:4.52km,BS-kP11-22-39-bs85(74m) BS-kP11-22-39-bs90(277m) BS-kP11-22-39-bs97(736m),,provisional,30,名称未確認、公式情報または2情報源での確認が必要,"OpenStreetMap（© OpenStreetMap contributors, ODbL 1.0）Geofabrik japan-latest.osm.pbf 2026-09-30T20:22:42Z node/1553368503（登山道と道路の接続点）",
TH-n1553368589,trailhead,（名称未確認）,33.7662326,134.0481296,WGS84,794,石立山,,四国百名山,,一般道（県道以上）との接続,石立山:5.53km,,,candidate,30,名称未確認、公式情報または2情報源での確認が必要,"OpenStreetMap（© OpenStreetMap contributors, ODbL 1.0）Geofabrik japan-latest.osm.pbf 2026-09-30T20:22:42Z node/1553368589（登山道と道路の接続点）",
TH-n1553368679,trailhead,（名称未確認）沼井バス停付近,33.766629,133.946364,WGS84,789,綱附森,,四国百名山,,一般道（県道以上）との接続,綱附森:4.31km,BS-kP11-22-39-bs82(199m) BS-kP11-22-39-bs73(745m) BS-kP11-22-39-bs85(823m),,provisional,30,名称未確認、公式情報または2情報源での確認が必要,"OpenStreetMap（© OpenStreetMap contributors, ODbL 1.0）Geofabrik japan-latest.osm.pbf 2026-09-30T20:22:42Z node/1553368679（登山道と道路の接続点）",
TH-n1553369681,trailhead,（名称未確認）中内バス停付近,33.771189,133.954405,WGS84,778 780 789,三嶺、天狗塚、綱附森,,日本二百名山|日本三百名山|四国百名山,,一般道との接続,三嶺:10.72km 天狗塚:10.85km 綱附森:4.3km,BS-kP11-22-39-bs73(154m) BS-kP11-22-39-bs82(702m) BS-kP11-22-39-bs57(732m),,provisional,30,名称未確認、公式情報または2情報源での確認が必要,"OpenStreetMap（© OpenStreetMap contributors, ODbL 1.0）Geofabrik japan-latest.osm.pbf 2026-09-30T20:22:42Z node/1553369681（登山道と道路の接続点）",
TH-n1553370259,trailhead,別府峡登山口（石立山）,33.773345,134.030239,WGS84,794,石立山,,四国百名山,OSM登山道「石立山登山道(別府峡ルート)」、OSM登山道「石立山登山道(別府峡南ルート)」,一般道との接続,石立山:3.88km,PK-g3377334_13403024(0m) PK-w749673254(249m),,provisional,30,公式情報または2情報源での確認が必要,"OpenStreetMap（© OpenStreetMap contributors, ODbL 1.0）Geofabrik japan-latest.osm.pbf 2026-09-30T20:22:42Z node/1553370259（登山道と道路の接続点） ｜ 登山記録で広く使われている登山口（登山記録・登山情報サイトで名称と利用を確認。公式情報では未確認） 2026-09-24確認",
TH-n1553370850,trailhead,（名称未確認）和久保バス停付近,33.7763289,133.958537,WGS84,778 780 787 789,三嶺、天狗塚、白髪山、綱附森,,日本二百名山|日本三百名山|四国百名山,,一般道（県道以上）との接続,三嶺:10.7km 天狗塚:10.84km 白髪山:12.49km 綱附森:4.29km,BS-kP11-22-39-bs57(47m) BS-kP11-22-39-bs56(291m) BS-kP11-22-39-bs73(828m),,provisional,30,名称未確認、公式情報または2情報源での確認が必要,"OpenStreetMap（© OpenStreetMap contributors, ODbL 1.0）Geofabrik japan-latest.osm.pbf 2026-09-30T20:22:42Z node/1553370850（登山道と道路の接続点）",
TH-n1553371346,trailhead,（名称未確認）影バス停付近,33.778367,133.96382,WGS84,778 780 787 789,三嶺、天狗塚、白髪山、綱附森,,日本二百名山|日本三百名山|四国百名山,,一般道（県道以上）との接続,三嶺:9.33km 天狗塚:9.47km 白髪山:11.11km 綱附森:5.38km,BS-kP11-22-39-bs56(256m) BS-kP11-22-39-bs57(503m),,provisional,30,名称未確認、公式情報または2情報源での確認が必要,"OpenStreetMap（© OpenStreetMap contributors, ODbL 1.0）Geofabrik japan-latest.osm.pbf 2026-09-30T20:22:42Z node/1553371346（登山道と道路の接続点）",
TH-n1553373444,trailhead,（名称未確認）,33.7858912,133.8813152,WGS84,788,土佐矢筈山,,四国百名山,,一般道（県道以上）との接続,土佐矢筈山:6.26km,,,candidate,30,名称未確認、公式情報または2情報源での確認が必要,"OpenStreetMap（© OpenStreetMap contributors, ODbL 1.0）Geofabrik japan-latest.osm.pbf 2026-09-30T20:22:42Z node/1553373444（登山道と道路の接続点）",
TH-n1553374553,trailhead,（名称未確認）,33.789524,133.889906,WGS84,788,土佐矢筈山,,四国百名山,,道路の終点付近,土佐矢筈山:2.35km,,,candidate,30,名称未確認、林道からの入口（マイカー進入可否を要確認）、公式情報または2情報源での確認が必要,"OpenStreetMap（© OpenStreetMap contributors, ODbL 1.0）Geofabrik japan-latest.osm.pbf 2026-09-30T20:22:42Z node/1553374553（登山道と道路の接続点）",
TH-n1553375051,trailhead,（名称未確認）,33.791258,133.893213,WGS84,788,土佐矢筈山,,四国百名山,,林道との接続,土佐矢筈山:1.93km,,,candidate,30,名称未確認、林道からの入口（マイカー進入可否を要確認）、公式情報または2情報源での確認が必要,"OpenStreetMap（© OpenStreetMap contributors, ODbL 1.0）Geofabrik japan-latest.osm.pbf 2026-09-30T20:22:42Z node/1553375051（登山道と道路の接続点）",
TH-n1553802788,trailhead,唐岬の滝駐車場（石墨山 石墨登山口）,33.7494273,132.9818754,WGS84,804,石墨山,,四国百名山,,一般道（県道以上）との接続,石墨山:2.64km,,,provisional,30,公式情報または2情報源での確認が必要,"OpenStreetMap（© OpenStreetMap contributors, ODbL 1.0）Geofabrik japan-latest.osm.pbf 2026-09-30T20:22:42Z node/1553802788（登山道と道路の接続点） ｜ 登山記録で広く使われている登山口（登山記録・登山情報サイトで名称と利用を確認。公式情報では未確認） 2026-09-24確認",
TH-n1557807109,trailhead,国見山登山口（平家の滝から）,33.629709,133.422706,WGS84,819,国見山,,四国百名山,,一般道との接続,国見山:1.25km,PK-g3362432_13342449(618m),,provisional,30,公式情報または2情報源での確認が必要,"OpenStreetMap（© OpenStreetMap contributors, ODbL 1.0）Geofabrik japan-latest.osm.pbf 2026-09-30T20:22:42Z node/1557807109（登山道と道路の接続点） ｜ 登山記録で広く使われている登山口（登山記録・登山情報サイトで名称と利用を確認。公式情報では未確認） 2026-09-24確認",
TH-n1557807847,trailhead,（名称未確認）,33.630606,133.414849,WGS84,819,国見山,,四国百名山,,一般道との接続,国見山:1.47km,,,candidate,30,名称未確認、公式情報または2情報源での確認が必要,"OpenStreetMap（© OpenStreetMap contributors, ODbL 1.0）Geofabrik japan-latest.osm.pbf 2026-09-30T20:22:42Z node/1557807847（登山道と道路の接続点）",
TH-n1557808522,trailhead,（名称未確認）,33.634354,133.435857,WGS84,819,国見山,,四国百名山,,一般道との接続,国見山:1.0km,,,candidate,30,名称未確認、公式情報または2情報源での確認が必要,"OpenStreetMap（© OpenStreetMap contributors, ODbL 1.0）Geofabrik japan-latest.osm.pbf 2026-09-30T20:22:42Z node/1557808522（登山道と道路の接続点）",
TH-n1557864581,trailhead,工石山青少年の家（工石山登山口）,33.675026,133.5169664,WGS84,817,工石山,,四国百名山,,道路の終点付近,工石山:1.99km,PK-g3367503_13351697(0m) PK-w585459095(193m),,provisional,30,林道からの入口（マイカー進入可否を要確認）、公式情報または2情報源での確認が必要,"OpenStreetMap（© OpenStreetMap contributors, ODbL 1.0）Geofabrik japan-latest.osm.pbf 2026-09-30T20:22:42Z node/1557864581（登山道と道路の接続点） ｜ 登山記録で広く使われている登山口（登山記録・登山情報サイトで名称と利用を確認。公式情報では未確認） 2026-09-24確認",
TH-n1563309357,trailhead,（名称未確認）,33.70563,134.5160579,WGS84,810,千羽ヶ岳,,四国百名山,,一般道との接続,千羽ヶ岳:0.55km,,,candidate,30,名称未確認、公式情報または2情報源での確認が必要,"OpenStreetMap（© OpenStreetMap contributors, ODbL 1.0）Geofabrik japan-latest.osm.pbf 2026-09-30T20:22:42Z node/1563309357（登山道と道路の接続点）",
TH-n1563327410,trailhead,（名称未確認）,33.9536729,134.3998828,WGS84,739,旭ヶ丸,,四国百名山,,一般道との接続,旭ヶ丸:0.36km,,,candidate,30,名称未確認、公式情報または2情報源での確認が必要,"OpenStreetMap（© OpenStreetMap contributors, ODbL 1.0）Geofabrik japan-latest.osm.pbf 2026-09-30T20:22:42Z node/1563327410（登山道と道路の接続点）",
TH-n1592567555,trailhead,日和田登山口（石立山）,33.770019,134.07033,WGS84,794,石立山,,四国百名山,,一般道との接続,石立山:2.71km,BS-kP11-22-36-bs2118(92m),,provisional,30,登山道が道路を横断する地点（途中の入口の可能性）、公式情報または2情報源での確認が必要,"OpenStreetMap（© OpenStreetMap contributors, ODbL 1.0）Geofabrik japan-latest.osm.pbf 2026-09-30T20:22:42Z node/1592567555（登山道と道路の接続点） ｜ 登山記録で広く使われている登山口（登山記録・登山情報サイトで名称と利用を確認。公式情報では未確認） 2026-09-29確認",
TH-n1592648418,trailhead,（名称未確認）,33.70717,134.1045509,WGS84,816,千本山,,四国百名山,,道路の終点付近,千本山:4.71km,,,candidate,30,名称未確認、林道からの入口（マイカー進入可否を要確認）、公式情報または2情報源での確認が必要,"OpenStreetMap（© OpenStreetMap contributors, ODbL 1.0）Geofabrik japan-latest.osm.pbf 2026-09-30T20:22:42Z node/1592648418（登山道と道路の接続点）",
TH-n1617265411,trailhead,高丸山登山口（千年の森ふれあい館）,33.8818951,134.3318546,WGS84,764,高丸山,,四国百名山,,一般道との接続,高丸山:0.95km,PK-g338819_13433185(0m),,provisional,30,公式情報または2情報源での確認が必要,"OpenStreetMap（© OpenStreetMap contributors, ODbL 1.0）Geofabrik japan-latest.osm.pbf 2026-09-30T20:22:42Z node/1617265411（登山道と道路の接続点） ｜ 登山記録で広く使われている登山口（登山記録・登山情報サイトで名称と利用を確認。公式情報では未確認） 2026-09-24確認",
TH-n1617280592,trailhead,（名称未確認）診療所バス停付近,33.9272003,134.411173,WGS84,739,旭ヶ丸,,四国百名山,,一般道との接続,旭ヶ丸:3.4km,BS-kP11-22-36-bs1597(939m),,provisional,30,名称未確認、公式情報または2情報源での確認が必要,"OpenStreetMap（© OpenStreetMap contributors, ODbL 1.0）Geofabrik japan-latest.osm.pbf 2026-09-30T20:22:42Z node/1617280592（登山道と道路の接続点）",
TH-n1617283097,trailhead,（名称未確認）,33.947612,134.401628,WGS84,739,旭ヶ丸,,四国百名山,,道路の終点付近,旭ヶ丸:0.56km,,,candidate,30,名称未確認、林道からの入口（マイカー進入可否を要確認）、公式情報または2情報源での確認が必要,"OpenStreetMap（© OpenStreetMap contributors, ODbL 1.0）Geofabrik japan-latest.osm.pbf 2026-09-30T20:22:42Z node/1617283097（登山道と道路の接続点）",
TH-n1617283473,trailhead,大川原高原（旭ヶ丸登山口）,33.9528667,134.407361,WGS84,739,旭ヶ丸,,四国百名山,,一般道との接続,旭ヶ丸:0.46km,PK-g3395287_13440736(0m),,provisional,30,公式情報または2情報源での確認が必要,"OpenStreetMap（© OpenStreetMap contributors, ODbL 1.0）Geofabrik japan-latest.osm.pbf 2026-09-30T20:22:42Z node/1617283473（登山道と道路の接続点） ｜ 登山記録で広く使われている登山口（登山記録・登山情報サイトで名称と利用を確認。公式情報では未確認） 2026-09-24確認",
TH-n1664375722,trailhead,（名称未確認）,33.9452039,132.940101,WGS84,742,楢原山,,四国百名山,,一般道との接続,楢原山:0.71km,,,candidate,30,名称未確認、登山道が道路を横断する地点（途中の入口の可能性）、公式情報または2情報源での確認が必要,"OpenStreetMap（© OpenStreetMap contributors, ODbL 1.0）Geofabrik japan-latest.osm.pbf 2026-09-30T20:22:42Z node/1664375722（登山道と道路の接続点）",
TH-n1664375987,trailhead,（名称未確認）,33.9470996,132.9613293,WGS84,742,楢原山,,四国百名山,,一般道との接続,楢原山:2.07km,,,candidate,30,名称未確認、公式情報または2情報源での確認が必要,"OpenStreetMap（© OpenStreetMap contributors, ODbL 1.0）Geofabrik japan-latest.osm.pbf 2026-09-30T20:22:42Z node/1664375987（登山道と道路の接続点）",
TH-n1671972329,trailhead,（名称未確認）,33.9451751,132.8521433,WGS84,740,高縄山,,四国百名山,,一般道との接続,高縄山:0.2km,,,candidate,30,名称未確認、公式情報または2情報源での確認が必要,"OpenStreetMap（© OpenStreetMap contributors, ODbL 1.0）Geofabrik japan-latest.osm.pbf 2026-09-30T20:22:42Z node/1671972329（登山道と道路の接続点）",
TH-n1671974333,trailhead,（名称未確認）,33.959313,132.844369,WGS84,740,高縄山,,四国百名山,,一般道との接続,高縄山:2.74km,,,candidate,30,名称未確認、公式情報または2情報源での確認が必要,"OpenStreetMap（© OpenStreetMap contributors, ODbL 1.0）Geofabrik japan-latest.osm.pbf 2026-09-30T20:22:42Z node/1671974333（登山道と道路の接続点）",
TH-n1679205967,trailhead,上林森林公園・風穴（皿ヶ嶺登山口）,33.7233121,132.8855261,WGS84,809,皿ヶ嶺,,四国百名山,,一般道との接続,皿ヶ嶺:1.74km,PK-g3372331_13288553(0m) PK-w377716850(174m),,provisional,30,登山道が道路を横断する地点（途中の入口の可能性）、近くの道路にゲートあり（車両通行止め・季節閉鎖の可能性）、公式情報または2情報源での確認が必要,"OpenStreetMap（© OpenStreetMap contributors, ODbL 1.0）Geofabrik japan-latest.osm.pbf 2026-09-30T20:22:42Z node/1679205967（登山道と道路の接続点） ｜ 登山記録で広く使われている登山口（登山記録・登山情報サイトで名称と利用を確認。公式情報では未確認） 2026-09-24確認",
TH-n1679223057,trailhead,（名称未確認）白猪滝口バス停付近,33.7636119,132.9677215,WGS84,804 809,石墨山、皿ヶ嶺,,四国百名山,,一般道との接続,石墨山:5.05km 皿ヶ嶺:12.49km,PK-w631716474(422m) BS-kP11-22-38-bs1515(499m) BS-kP11-22-38-bs1498(934m),,provisional,30,名称未確認、公式情報または2情報源での確認が必要,"OpenStreetMap（© OpenStreetMap contributors, ODbL 1.0）Geofabrik japan-latest.osm.pbf 2026-09-30T20:22:42Z node/1679223057（登山道と道路の接続点）",
TH-n1679267323,trailhead,（名称未確認）,33.880144,132.914094,WGS84,760,明神ヶ森,,四国百名山,,道路の終点付近,明神ヶ森:1.72km,,,candidate,30,名称未確認、林道からの入口（マイカー進入可否を要確認）、公式情報または2情報源での確認が必要,"OpenStreetMap（© OpenStreetMap contributors, ODbL 1.0）Geofabrik japan-latest.osm.pbf 2026-09-30T20:22:42Z node/1679267323（登山道と道路の接続点）",
TH-n1679268977,trailhead,（名称未確認）,33.890185,132.90937,WGS84,760,明神ヶ森,,四国百名山,,道路の終点付近,明神ヶ森:0.9km,,,candidate,30,名称未確認、林道からの入口（マイカー進入可否を要確認）、公式情報または2情報源での確認が必要,"OpenStreetMap（© OpenStreetMap contributors, ODbL 1.0）Geofabrik japan-latest.osm.pbf 2026-09-30T20:22:42Z node/1679268977（登山道と道路の接続点）",
TH-n1681789165,trailhead,中津明神山登山口（吾川スカイパーク）,33.5633472,133.0314172,WGS84,822,中津明神山,,四国百名山,,一般道との接続,中津明神山:2.17km,PK-g3356335_13303142(0m),,provisional,30,登山道が道路を横断する地点（途中の入口の可能性）、公式情報または2情報源での確認が必要,"OpenStreetMap（© OpenStreetMap contributors, ODbL 1.0）Geofabrik japan-latest.osm.pbf 2026-09-30T20:22:42Z node/1681789165（登山道と道路の接続点） ｜ 登山記録で広く使われている登山口（登山記録・登山情報サイトで名称と利用を確認。公式情報では未確認） 2026-09-24確認",
TH-n1681795784,trailhead,大川嶺分岐点（大川嶺登山口）,33.5665962,132.9282517,WGS84,820,大川嶺,,四国百名山,,一般道との接続,大川嶺:0.58km,PK-g335666_13292825(0m),,provisional,30,公式情報または2情報源での確認が必要,"OpenStreetMap（© OpenStreetMap contributors, ODbL 1.0）Geofabrik japan-latest.osm.pbf 2026-09-30T20:22:42Z node/1681795784（登山道と道路の接続点） ｜ 登山記録で広く使われている登山口（登山記録・登山情報サイトで名称と利用を確認。公式情報では未確認） 2026-09-24確認",
TH-n1682126333,trailhead,大瀧の滝登山口（手箱山 大瀧の滝コース）,33.730301,133.136751,WGS84,800 805 806,岩黒山、筒上山、手箱山,,四国百名山,,道路の終点付近,岩黒山:7.23km 筒上山:4.65km 手箱山:6.59km,,,provisional,30,林道からの入口（マイカー進入可否を要確認）、公式情報または2情報源での確認が必要,"OpenStreetMap（© OpenStreetMap contributors, ODbL 1.0）Geofabrik japan-latest.osm.pbf 2026-09-30T20:22:42Z node/1682126333（登山道と道路の接続点） ｜ 登山記録で広く使われている登山口（登山記録・登山情報サイトで名称と利用を確認。公式情報では未確認） 2026-09-29確認",
TH-n1682153459,trailhead,土小屋,33.7562251,133.1463317,WGS84,803 798 799 800 805 806,石鎚山、二ノ森、堂ヶ森、岩黒山、筒上山、手箱山,,日本百名山|日本二百名山|日本三百名山|四国百名山,土小屋コース,一般道（県道以上）との接続,石鎚山:3.32km 二ノ森:6.47km 堂ヶ森:9.35km 岩黒山:1.1km 筒上山:3.35km 手箱山:5.11km,PK-g3375623_13314633(0m) PK-w1065767581(138m) PK-w1065767745(249m) BS-kP11-22-38-bs1554(180m),,adopted,30,,"OpenStreetMap（© OpenStreetMap contributors, ODbL 1.0）Geofabrik japan-latest.osm.pbf 2026-09-30T20:22:42Z node/1682153459（登山道と道路の接続点） ｜ 国土地理院 地名検索「土小屋」（33.755102, 133.147678、JGD2011、176m差）確認 ｜ 登山記録で広く使われている登山口（登山記録・登山情報サイトで名称と利用を確認。公式情報では未確認） 2026-09-29確認",
TH-n1682796014,trailhead,（名称未確認）,33.971716,133.956943,WGS84,743,石堂山,,四国百名山,,一般道との接続,石堂山:5.64km,,,candidate,30,名称未確認、公式情報または2情報源での確認が必要,"OpenStreetMap（© OpenStreetMap contributors, ODbL 1.0）Geofabrik japan-latest.osm.pbf 2026-09-30T20:22:42Z node/1682796014（登山道と道路の接続点）",
TH-n1685657665,trailhead,（名称未確認）,33.59942,132.539309,WGS84,821,壺神山,,四国百名山,,一般道との接続,壺神山:1.73km,,,candidate,30,名称未確認、登山道が道路を横断する地点（途中の入口の可能性）、公式情報または2情報源での確認が必要,"OpenStreetMap（© OpenStreetMap contributors, ODbL 1.0）Geofabrik japan-latest.osm.pbf 2026-09-30T20:22:42Z node/1685657665（登山道と道路の接続点）",
TH-n1685662539,trailhead,（名称未確認）,33.60183,132.554867,WGS84,821,壺神山,,四国百名山,,一般道との接続,壺神山:0.41km,,,candidate,30,名称未確認、登山道が道路を横断する地点（途中の入口の可能性）、公式情報または2情報源での確認が必要,"OpenStreetMap（© OpenStreetMap contributors, ODbL 1.0）Geofabrik japan-latest.osm.pbf 2026-09-30T20:22:42Z node/1685662539（登山道と道路の接続点）",
TH-n1698771762,trailhead,（名称未確認）,34.1152444,133.9368394,WGS84,721,大川山,,四国百名山,,一般道（県道以上）との接続,大川山:0.27km,,,candidate,30,名称未確認、公式情報または2情報源での確認が必要,"OpenStreetMap（© OpenStreetMap contributors, ODbL 1.0）Geofabrik japan-latest.osm.pbf 2026-09-30T20:22:42Z node/1698771762（登山道と道路の接続点）",
TH-n1698966501,trailhead,落合峠,33.9179375,133.9477721,WGS84,747 750 758,烏帽子山、矢筈山、寒峰,,四国百名山,,峠（道路との接続）,烏帽子山:3.31km 矢筈山:2.88km 寒峰:5.48km,PK-w945500663(169m) PK-n3717928752(174m),,adopted,30,登山道が道路を横断する地点（途中の入口の可能性）,"OpenStreetMap（© OpenStreetMap contributors, ODbL 1.0）Geofabrik japan-latest.osm.pbf 2026-09-30T20:22:42Z node/1698966501（登山道と道路の接続点） ｜ 国土地理院 地名検索「落合峠」（33.918024, 133.947578、JGD2011、20m差）2026-09-20確認",2026-09-20
TH-n1698968348,trailhead,（名称未確認）,33.9408793,133.9481352,WGS84,743,石堂山,,四国百名山,,一般道（県道以上）との接続,石堂山:2.41km,,,candidate,30,名称未確認、公式情報または2情報源での確認が必要,"OpenStreetMap（© OpenStreetMap contributors, ODbL 1.0）Geofabrik japan-latest.osm.pbf 2026-09-30T20:22:42Z node/1698968348（登山道と道路の接続点）",
TH-n1698971492,trailhead,（名称未確認）,33.9563791,133.9386986,WGS84,743,石堂山,,四国百名山,,一般道（県道以上）との接続,石堂山:8.16km,,,candidate,30,名称未確認、公式情報または2情報源での確認が必要,"OpenStreetMap（© OpenStreetMap contributors, ODbL 1.0）Geofabrik japan-latest.osm.pbf 2026-09-30T20:22:42Z node/1698971492（登山道と道路の接続点）",
TH-n1699059345,trailhead,（名称未確認）,33.8284809,133.898165,WGS84,788,土佐矢筈山,,四国百名山,,一般道との接続,土佐矢筈山:3.65km,,,candidate,30,名称未確認、公式情報または2情報源での確認が必要,"OpenStreetMap（© OpenStreetMap contributors, ODbL 1.0）Geofabrik japan-latest.osm.pbf 2026-09-30T20:22:42Z node/1699059345（登山道と道路の接続点）",
TH-n1699061277,trailhead,（名称未確認）小川バス停付近,33.83948,133.894382,WGS84,780,天狗塚,,四国百名山,,一般道との接続,天狗塚:11.28km,BS-kP11-22-36-bs1935(252m),,provisional,30,名称未確認、公式情報または2情報源での確認が必要,"OpenStreetMap（© OpenStreetMap contributors, ODbL 1.0）Geofabrik japan-latest.osm.pbf 2026-09-30T20:22:42Z node/1699061277（登山道と道路の接続点）",
TH-n1699094826,trailhead,（名称未確認）鎖谷下バス停付近,33.8889579,133.9294101,WGS84,747 758,烏帽子山、寒峰,,四国百名山,,一般道との接続,烏帽子山:8.75km 寒峰:5.13km,BS-kP11-22-36-bs1730(770m) BS-kP11-22-36-bs1731(770m) BS-kP11-22-36-bs1735(885m),,provisional,30,名称未確認、公式情報または2情報源での確認が必要,"OpenStreetMap（© OpenStreetMap contributors, ODbL 1.0）Geofabrik japan-latest.osm.pbf 2026-09-30T20:22:42Z node/1699094826（登山道と道路の接続点）",
TH-n1755922566,trailhead,（名称未確認）,33.944894,133.534647,WGS84,741,翠波峰,,四国百名山,,一般道との接続,翠波峰:0.29km,,,candidate,30,名称未確認、公式情報または2情報源での確認が必要,"OpenStreetMap（© OpenStreetMap contributors, ODbL 1.0）Geofabrik japan-latest.osm.pbf 2026-09-30T20:22:42Z node/1755922566（登山道と道路の接続点）",
TH-n1755925053,trailhead,（名称未確認）,33.962245,133.532123,WGS84,741,翠波峰,,四国百名山,OSM登山道「国道319号旧道」,一般道との接続,翠波峰:2.37km,,,candidate,30,名称未確認、公式情報または2情報源での確認が必要,"OpenStreetMap（© OpenStreetMap contributors, ODbL 1.0）Geofabrik japan-latest.osm.pbf 2026-09-30T20:22:42Z node/1755925053（登山道と道路の接続点）",
TH-n1756049572,trailhead,（名称未確認）,33.887231,133.5775789,WGS84,766,佐々連尾山,,四国百名山,,道路の終点付近,佐々連尾山:4.0km,,,candidate,30,名称未確認、林道からの入口（マイカー進入可否を要確認）、公式情報または2情報源での確認が必要,"OpenStreetMap（© OpenStreetMap contributors, ODbL 1.0）Geofabrik japan-latest.osm.pbf 2026-09-30T20:22:42Z node/1756049572（登山道と道路の接続点）",
TH-n1756052042,trailhead,（名称未確認）,33.894704,133.556878,WGS84,766,佐々連尾山,,四国百名山,,道路の終点付近,佐々連尾山:1.44km,,,candidate,30,名称未確認、林道からの入口（マイカー進入可否を要確認）、公式情報または2情報源での確認が必要,"OpenStreetMap（© OpenStreetMap contributors, ODbL 1.0）Geofabrik japan-latest.osm.pbf 2026-09-30T20:22:42Z node/1756052042（登山道と道路の接続点）",
TH-n1757002157,trailhead,（名称未確認）,33.8735305,133.4719938,WGS84,763 768,二ッ岳、東赤石山,,四国百名山|日本二百名山|日本三百名山,,一般道（県道以上）との接続,二ッ岳:7.1km 東赤石山:12.45km,PK-n4080908822(110m),,provisional,30,名称未確認、公式情報または2情報源での確認が必要,"OpenStreetMap（© OpenStreetMap contributors, ODbL 1.0）Geofabrik japan-latest.osm.pbf 2026-09-30T20:22:42Z node/1757002157（登山道と道路の接続点）",
TH-n1757047042,trailhead,（名称未確認）,33.911519,133.45606,WGS84,752,赤星山,,四国百名山,,一般道との接続,赤星山:1.23km,,,candidate,30,名称未確認、公式情報または2情報源での確認が必要,"OpenStreetMap（© OpenStreetMap contributors, ODbL 1.0）Geofabrik japan-latest.osm.pbf 2026-09-30T20:22:42Z node/1757047042（登山道と道路の接続点）",
TH-n1757051174,trailhead,下付（笹ヶ峰 土佐北街道 新宮側）,33.913123,133.63978,WGS84,765,笹ヶ峰,,四国百名山,,一般道との接続,笹ヶ峰:4.14km,,,provisional,30,公式情報または2情報源での確認が必要,"OpenStreetMap（© OpenStreetMap contributors, ODbL 1.0）Geofabrik japan-latest.osm.pbf 2026-09-30T20:22:42Z node/1757051174（登山道と道路の接続点） ｜ 登山記録で広く使われている登山口（登山記録・登山情報サイトで名称と利用を確認。公式情報では未確認） 2026-09-26確認",
TH-n1757059145,trailhead,（名称未確認）,33.915475,133.67047,WGS84,749,塩塚峰,,四国百名山,,一般道との接続,塩塚峰:1.7km,,,candidate,30,名称未確認、公式情報または2情報源での確認が必要,"OpenStreetMap（© OpenStreetMap contributors, ODbL 1.0）Geofabrik japan-latest.osm.pbf 2026-09-30T20:22:42Z node/1757059145（登山道と道路の接続点）",
TH-n1757079024,trailhead,塩塚峰登山道入口（塩塚高原）,33.9246871,133.6792113,WGS84,749,塩塚峰,,四国百名山,OSM登山道「塩塚峰登山道」,一般道との接続,塩塚峰:0.36km,PK-g3392469_13367921(0m),,provisional,30,公式情報または2情報源での確認が必要,"OpenStreetMap（© OpenStreetMap contributors, ODbL 1.0）Geofabrik japan-latest.osm.pbf 2026-09-30T20:22:42Z node/1757079024（登山道と道路の接続点） ｜ 登山記録で広く使われている登山口（登山記録・登山情報サイトで名称と利用を確認。公式情報では未確認） 2026-09-24確認",
TH-n1757145412,trailhead,（名称未確認）,33.942546,133.489447,WGS84,746,豊受山,,四国百名山,,一般道との接続,豊受山:2.68km,,,candidate,30,名称未確認、登山道が道路を横断する地点（途中の入口の可能性）、公式情報または2情報源での確認が必要,"OpenStreetMap（© OpenStreetMap contributors, ODbL 1.0）Geofabrik japan-latest.osm.pbf 2026-09-30T20:22:42Z node/1757145412（登山道と道路の接続点）",
TH-n1757191748,trailhead,（名称未確認）入野バス停付近,33.9484637,133.4248744,WGS84,752,赤星山,,四国百名山,,一般道との接続,赤星山:7.03km,PK-w443592045(60m) PK-w443591280(203m) BS-kP11-22-38-bs598(778m) BS-kP11-22-38-bs606(953m) BS-kP11-22-38-bs594(957m),,provisional,30,名称未確認、公式情報または2情報源での確認が必要,"OpenStreetMap（© OpenStreetMap contributors, ODbL 1.0）Geofabrik japan-latest.osm.pbf 2026-09-30T20:22:42Z node/1757191748（登山道と道路の接続点）",
TH-n1757192310,trailhead,（名称未確認）,33.948412,133.483166,WGS84,746,豊受山,,四国百名山,,道路の終点付近,豊受山:2.79km,,,candidate,30,名称未確認、林道からの入口（マイカー進入可否を要確認）、公式情報または2情報源での確認が必要,"OpenStreetMap（© OpenStreetMap contributors, ODbL 1.0）Geofabrik japan-latest.osm.pbf 2026-09-30T20:22:42Z node/1757192310（登山道と道路の接続点）",
TH-n1757215354,trailhead,（名称未確認）小林バス停付近,33.951379,133.439134,WGS84,752,赤星山,,四国百名山,,一般道との接続,赤星山:6.99km,BS-kP11-22-38-bs591(743m) BS-kP11-22-38-bs593(871m) BS-kP11-22-38-bs580(969m),,provisional,30,名称未確認、公式情報または2情報源での確認が必要,"OpenStreetMap（© OpenStreetMap contributors, ODbL 1.0）Geofabrik japan-latest.osm.pbf 2026-09-30T20:22:42Z node/1757215354（登山道と道路の接続点）",
TH-n1761413477,trailhead,（名称未確認）,34.0218756,133.7203549,WGS84,730,雲辺寺山,,四国百名山,,一般道との接続,雲辺寺山:1.72km,,,candidate,30,名称未確認、公式情報または2情報源での確認が必要,"OpenStreetMap（© OpenStreetMap contributors, ODbL 1.0）Geofabrik japan-latest.osm.pbf 2026-09-30T20:22:42Z node/1761413477（登山道と道路の接続点）",
TH-n1764845782,trailhead,（名称未確認）,33.3269189,132.546741,WGS84,847,高森山,,四国百名山,,一般道との接続,高森山:0.48km,,,candidate,30,名称未確認、公式情報または2情報源での確認が必要,"OpenStreetMap（© OpenStreetMap contributors, ODbL 1.0）Geofabrik japan-latest.osm.pbf 2026-09-30T20:22:42Z node/1764845782（登山道と道路の接続点）",
TH-n1764848754,trailhead,（名称未確認）,33.333364,132.539989,WGS84,847,高森山,,四国百名山,,一般道との接続,高森山:1.53km,,,candidate,30,名称未確認、公式情報または2情報源での確認が必要,"OpenStreetMap（© OpenStreetMap contributors, ODbL 1.0）Geofabrik japan-latest.osm.pbf 2026-09-30T20:22:42Z node/1764848754（登山道と道路の接続点）",
TH-n1765053396,trailhead,（名称未確認）,33.4712153,132.8724456,WGS84,834,大野ヶ原,,四国百名山,,一般道との接続,大野ヶ原:0.63km,PK-w1064525271(466m),,provisional,30,名称未確認、公式情報または2情報源での確認が必要,"OpenStreetMap（© OpenStreetMap contributors, ODbL 1.0）Geofabrik japan-latest.osm.pbf 2026-09-30T20:22:42Z node/1765053396（登山道と道路の接続点）",
TH-n1765055970,trailhead,源氏ヶ駄場登山口（大野ヶ原）,33.4753447,132.8711246,WGS84,834,大野ヶ原,,四国百名山,,一般道との接続,大野ヶ原:0.63km,PK-g3347534_13287112(0m) PK-w1064525271(62m),,provisional,30,登山道が道路を横断する地点（途中の入口の可能性）、公式情報または2情報源での確認が必要,"OpenStreetMap（© OpenStreetMap contributors, ODbL 1.0）Geofabrik japan-latest.osm.pbf 2026-09-30T20:22:42Z node/1765055970（登山道と道路の接続点） ｜ 登山記録で広く使われている登山口（登山記録・登山情報サイトで名称と利用を確認。公式情報では未確認） 2026-09-29確認",
TH-n1793310484,trailhead,（名称未確認）,33.9262978,133.6853338,WGS84,749,塩塚峰,,四国百名山,,一般道との接続,塩塚峰:0.93km,,,candidate,30,名称未確認、公式情報または2情報源での確認が必要,"OpenStreetMap（© OpenStreetMap contributors, ODbL 1.0）Geofabrik japan-latest.osm.pbf 2026-09-30T20:22:42Z node/1793310484（登山道と道路の接続点）",
TH-n1793344548,trailhead,（名称未確認）大歩危峡バス停付近,33.883341,133.76583,WGS84,755,国見山,,四国百名山,,一般道との接続,国見山:3.98km,BS-kP11-22-36-bs1714(573m) BS-kP11-22-36-bs1715(573m) BS-kP11-22-36-bs1738(606m),,provisional,30,名称未確認、公式情報または2情報源での確認が必要,"OpenStreetMap（© OpenStreetMap contributors, ODbL 1.0）Geofabrik japan-latest.osm.pbf 2026-09-30T20:22:42Z node/1793344548（登山道と道路の接続点）",
TH-n1793345107,trailhead,（名称未確認）大歩危峡バス停付近,33.888173,133.765701,WGS84,755,国見山,,四国百名山,,一般道との接続,国見山:5.81km,BS-kP11-22-36-bs1714(626m) BS-kP11-22-36-bs1715(626m) BS-kP11-22-36-bs1726(870m),,provisional,30,名称未確認、公式情報または2情報源での確認が必要,"OpenStreetMap（© OpenStreetMap contributors, ODbL 1.0）Geofabrik japan-latest.osm.pbf 2026-09-30T20:22:42Z node/1793345107（登山道と道路の接続点）",
TH-n1793348226,trailhead,（名称未確認）小歩危駅前バス停付近,33.9214703,133.7590642,WGS84,755,国見山,,四国百名山,,一般道（県道以上）との接続,国見山:9.64km,BS-kP11-22-36-bs1605(78m) BS-kP11-22-36-bs1606(78m) BS-kP11-22-36-bs1586(567m),,provisional,30,名称未確認、公式情報または2情報源での確認が必要,"OpenStreetMap（© OpenStreetMap contributors, ODbL 1.0）Geofabrik japan-latest.osm.pbf 2026-09-30T20:22:42Z node/1793348226（登山道と道路の接続点）",
TH-n1810764607,trailhead,（名称未確認）,34.0309401,133.7231789,WGS84,730,雲辺寺山,,四国百名山,,一般道との接続,雲辺寺山:0.69km,PK-n11416066169(77m),,provisional,30,名称未確認、公式情報または2情報源での確認が必要,"OpenStreetMap（© OpenStreetMap contributors, ODbL 1.0）Geofabrik japan-latest.osm.pbf 2026-09-30T20:22:42Z node/1810764607（登山道と道路の接続点）",
TH-n1811071147,trailhead,夫婦池（塔ノ丸登山口）,33.873479,134.077189,WGS84,769 772,丸笹山、塔ノ丸,,四国百名山,,一般道との接続,丸笹山:1.36km 塔ノ丸:3.6km,,,adopted,15,登山道が道路を横断する地点（途中の入口の可能性）、夫婦池は塔ノ丸の登山口、国土地理院の地名「夫婦池」とOSMの登山道の接続点の位置が一致（独立した2情報源）,"OpenStreetMap（© OpenStreetMap contributors, ODbL 1.0）Geofabrik japan-latest.osm.pbf 2026-09-30T20:22:42Z node/1811071147（登山道と道路の接続点） ｜ 国土地理院 地名検索「夫婦池」（33.872467, 134.077053、JGD2011、113m差）2026-09-20確認",2026-09-20
TH-n1811074951,trailhead,八面山登山口（奥大野）,33.913836,134.09503,WGS84,751,八面山,,四国百名山,,一般道との接続,八面山:1.22km,,,provisional,30,公式情報または2情報源での確認が必要,"OpenStreetMap（© OpenStreetMap contributors, ODbL 1.0）Geofabrik japan-latest.osm.pbf 2026-09-30T20:22:42Z node/1811074951（登山道と道路の接続点） ｜ 登山記録で広く使われている登山口（登山記録・登山情報サイトで名称と利用を確認。公式情報では未確認） 2026-09-26確認",
TH-n1811075337,trailhead,（名称未確認）,33.931882,134.074998,WGS84,751,八面山,,四国百名山,,一般道との接続,八面山:2.92km,,,candidate,30,名称未確認、公式情報または2情報源での確認が必要,"OpenStreetMap（© OpenStreetMap contributors, ODbL 1.0）Geofabrik japan-latest.osm.pbf 2026-09-30T20:22:42Z node/1811075337（登山道と道路の接続点）",
TH-n1811075662,trailhead,（名称未確認）,33.942331,134.094865,WGS84,751,八面山,,四国百名山,,一般道との接続,八面山:2.84km,,,candidate,30,名称未確認、公式情報または2情報源での確認が必要,"OpenStreetMap（© OpenStreetMap contributors, ODbL 1.0）Geofabrik japan-latest.osm.pbf 2026-09-30T20:22:42Z node/1811075662（登山道と道路の接続点）",
TH-n1811083832,trailhead,（名称未確認）,33.916486,134.029757,WGS84,753,黒笠山,,四国百名山,,一般道との接続,黒笠山:2.78km,,,candidate,30,名称未確認、公式情報または2情報源での確認が必要,"OpenStreetMap（© OpenStreetMap contributors, ODbL 1.0）Geofabrik japan-latest.osm.pbf 2026-09-30T20:22:42Z node/1811083832（登山道と道路の接続点）",
TH-n1811085505,trailhead,（名称未確認）,33.933405,134.055264,WGS84,745,津志嶽,,四国百名山,,一般道との接続,津志嶽:5.09km,,,candidate,30,名称未確認、公式情報または2情報源での確認が必要,"OpenStreetMap（© OpenStreetMap contributors, ODbL 1.0）Geofabrik japan-latest.osm.pbf 2026-09-30T20:22:42Z node/1811085505（登山道と道路の接続点）",
TH-n1811093493,trailhead,石堂神社（石堂山登山口）,33.9487907,133.9951663,WGS84,743,石堂山,,四国百名山,,一般道との接続,石堂山:3.1km,PK-g3394879_13399517(0m),,provisional,30,登山道が道路を横断する地点（途中の入口の可能性）、公式情報または2情報源での確認が必要,"OpenStreetMap（© OpenStreetMap contributors, ODbL 1.0）Geofabrik japan-latest.osm.pbf 2026-09-30T20:22:42Z node/1811093493（登山道と道路の接続点） ｜ 登山記録で広く使われている登山口（登山記録・登山情報サイトで名称と利用を確認。公式情報では未確認） 2026-09-26確認",
TH-n1847677898,trailhead,（名称未確認）,33.933241,134.11596,WGS84,751,八面山,,四国百名山,,一般道との接続,八面山:1.96km,,,candidate,30,名称未確認、公式情報または2情報源での確認が必要,"OpenStreetMap（© OpenStreetMap contributors, ODbL 1.0）Geofabrik japan-latest.osm.pbf 2026-09-30T20:22:42Z node/1847677898（登山道と道路の接続点）",
TH-n1847686343,trailhead,（名称未確認）,33.899245,134.128832,WGS84,769,丸笹山,,四国百名山,,一般道との接続,丸笹山:5.52km,,,candidate,30,名称未確認、公式情報または2情報源での確認が必要,"OpenStreetMap（© OpenStreetMap contributors, ODbL 1.0）Geofabrik japan-latest.osm.pbf 2026-09-30T20:22:42Z node/1847686343（登山道と道路の接続点）",
TH-n1847705204,trailhead,（名称未確認）,33.9423897,134.2272375,WGS84,738,東宮山,,四国百名山,,一般道（県道以上）との接続,東宮山:1.62km,PK-w1433253893(174m),,provisional,30,名称未確認、登山道が道路を横断する地点（途中の入口の可能性）、公式情報または2情報源での確認が必要,"OpenStreetMap（© OpenStreetMap contributors, ODbL 1.0）Geofabrik japan-latest.osm.pbf 2026-09-30T20:22:42Z node/1847705204（登山道と道路の接続点）",
TH-n1848156070,trailhead,（名称未確認）,34.1168277,134.1322006,WGS84,720,大滝山,,四国百名山,,一般道との接続,大滝山:0.88km,,,candidate,30,名称未確認、近くの道路にゲートあり（車両通行止め・季節閉鎖の可能性）、公式情報または2情報源での確認が必要,"OpenStreetMap（© OpenStreetMap contributors, ODbL 1.0）Geofabrik japan-latest.osm.pbf 2026-09-30T20:22:42Z node/1848156070（登山道と道路の接続点）",
TH-n1848157817,trailhead,（名称未確認）,34.1217716,134.1288346,WGS84,720,大滝山,,四国百名山,,一般道との接続,大滝山:0.23km,,,candidate,30,名称未確認、近くの道路にゲートあり（車両通行止め・季節閉鎖の可能性）、公式情報または2情報源での確認が必要,"OpenStreetMap（© OpenStreetMap contributors, ODbL 1.0）Geofabrik japan-latest.osm.pbf 2026-09-30T20:22:42Z node/1848157817（登山道と道路の接続点）",
TH-n1849324734,trailhead,（名称未確認）,33.9665859,134.5026576,WGS84,737,中津峰山,,四国百名山,,一般道との接続,中津峰山:0.82km,PK-n415526417(183m) PK-n415526403(390m),,provisional,30,名称未確認、公式情報または2情報源での確認が必要,"OpenStreetMap（© OpenStreetMap contributors, ODbL 1.0）Geofabrik japan-latest.osm.pbf 2026-09-30T20:22:42Z node/1849324734（登山道と道路の接続点）",
TH-n1853841487,trailhead,雲早山登山口（剣山スーパー林道）,33.912128,134.289227,WGS84,756,雲早山,,四国百名山,,一般道との接続,雲早山:1.18km,,,provisional,30,公式情報または2情報源での確認が必要,"OpenStreetMap（© OpenStreetMap contributors, ODbL 1.0）Geofabrik japan-latest.osm.pbf 2026-09-30T20:22:42Z node/1853841487（登山道と道路の接続点） ｜ 登山記録で広く使われている登山口（登山記録・登山情報サイトで名称と利用を確認。公式情報では未確認） 2026-09-24確認",
TH-n1853850865,trailhead,川井峠登山口（東宮山）,33.9421796,134.2311655,WGS84,738,東宮山,,四国百名山,,道路の終点付近,東宮山:1.49km,PK-w1433253893(312m),,provisional,30,林道からの入口（マイカー進入可否を要確認）、公式情報または2情報源での確認が必要,"OpenStreetMap（© OpenStreetMap contributors, ODbL 1.0）Geofabrik japan-latest.osm.pbf 2026-09-30T20:22:42Z node/1853850865（登山道と道路の接続点） ｜ 登山記録で広く使われている登山口（登山記録・登山情報サイトで名称と利用を確認。公式情報では未確認） 2026-09-24確認",
TH-n1853851050,trailhead,（名称未確認）勘場バス停付近,33.943311,134.2391529,WGS84,738,東宮山,,四国百名山,,一般道との接続,東宮山:1.72km,BS-kP11-22-36-bs1518(357m),,provisional,30,名称未確認、公式情報または2情報源での確認が必要,"OpenStreetMap（© OpenStreetMap contributors, ODbL 1.0）Geofabrik japan-latest.osm.pbf 2026-09-30T20:22:42Z node/1853851050（登山道と道路の接続点）",
TH-n1882033623,trailhead,（名称未確認）,34.1999379,134.1992974,WGS84,715,女体山,,四国百名山,,一般道との接続,女体山:0.63km,,OSM登山ルート: 四国遍路 87番札所長尾寺~88番札所大窪寺,candidate,30,名称未確認、公式情報または2情報源での確認が必要,"OpenStreetMap（© OpenStreetMap contributors, ODbL 1.0）Geofabrik japan-latest.osm.pbf 2026-09-30T20:22:42Z node/1882033623（登山道と道路の接続点）",
TH-n1890946778,trailhead,（名称未確認）阿瀬比バス停付近,33.8706557,134.5567423,WGS84,770,太竜寺山,,四国百名山,,一般道（県道以上）との接続,太竜寺山:4.4km,PK-w1469666782(243m) PK-w1469666781(416m) BS-kP11-22-36-bs1831(112m) BS-kP11-22-36-bs1843(511m),,provisional,30,名称未確認、公式情報または2情報源での確認が必要,"OpenStreetMap（© OpenStreetMap contributors, ODbL 1.0）Geofabrik japan-latest.osm.pbf 2026-09-30T20:22:42Z node/1890946778（登山道と道路の接続点）",
TH-n1914942704,trailhead,大麻比古神社（大麻山登山口）,34.1735331,134.5033282,WGS84,717,大麻山,,四国百名山,,一般道との接続,大麻山:1.74km,PK-w320017909(433m) PK-w772413596(446m),,provisional,30,近くの道路にゲートあり（車両通行止め・季節閉鎖の可能性）、公式情報または2情報源での確認が必要,"OpenStreetMap（© OpenStreetMap contributors, ODbL 1.0）Geofabrik japan-latest.osm.pbf 2026-09-30T20:22:42Z node/1914942704（登山道と道路の接続点） ｜ 登山記録で広く使われている登山口（登山記録・登山情報サイトで名称と利用を確認。公式情報では未確認） 2026-09-24確認",
TH-n1951923044,trailhead,飯山町登山口（飯野山）,34.27094,133.851828,WGS84,697,飯野山,,四国百名山,,一般道との接続,飯野山:0.79km,PK-w1394465677(297m) PK-w1394465678(318m) PK-w1394465660(381m) BS-kP11-22-37-bs736(377m) BS-kP11-22-37-bs736(377m) BS-kP11-22-37-bs736(377m),,provisional,30,登山道が道路を横断する地点（途中の入口の可能性）、近くの道路にゲートあり（車両通行止め・季節閉鎖の可能性）、公式情報または2情報源での確認が必要,"OpenStreetMap（© OpenStreetMap contributors, ODbL 1.0）Geofabrik japan-latest.osm.pbf 2026-09-30T20:22:42Z node/1951923044（登山道と道路の接続点） ｜ 登山記録で広く使われている登山口（登山記録・登山情報サイトで名称と利用を確認。公式情報では未確認） 2026-09-24確認",
TH-n1954794489,trailhead,面河第一キャンプ場,33.7262607,133.1032274,WGS84,798 799 803,二ノ森、堂ヶ森、石鎚山,,四国百名山|日本百名山|日本二百名山|日本三百名山,,施設（山小屋・宿・キャンプ場）からの入口,二ノ森:9.47km 堂ヶ森:12.36km 石鎚山:7.31km,PK-n1954794575(203m),,provisional,15,公式情報または2情報源での確認が必要,"OpenStreetMap（© OpenStreetMap contributors, ODbL 1.0）Geofabrik japan-latest.osm.pbf 2026-09-30T20:22:42Z node/1954794489",
TH-n1986508880,trailhead,（名称未確認）ふれあいセンターいいのバス停付近,34.2799884,133.8436764,WGS84,697,飯野山,,四国百名山,,道路の終点付近,飯野山:0.99km,BS-kP11-22-37-bs668(896m) BS-kP11-22-37-bs668(896m) BS-kP11-22-37-bs668(896m),,provisional,30,名称未確認、近くの道路にゲートあり（車両通行止め・季節閉鎖の可能性）、林道からの入口（マイカー進入可否を要確認）、公式情報または2情報源での確認が必要,"OpenStreetMap（© OpenStreetMap contributors, ODbL 1.0）Geofabrik japan-latest.osm.pbf 2026-09-30T20:22:42Z node/1986508880（登山道と道路の接続点）",
TH-n1993045555,trailhead,（名称未確認）,34.1135485,134.0514549,WGS84,773,竜王山,,四国百名山,,道路の終点付近,竜王山:0.38km,PK-w1158584610(345m),,provisional,30,名称未確認、林道からの入口（マイカー進入可否を要確認）、公式情報または2情報源での確認が必要,"OpenStreetMap（© OpenStreetMap contributors, ODbL 1.0）Geofabrik japan-latest.osm.pbf 2026-09-30T20:22:42Z node/1993045555（登山道と道路の接続点）",
TH-n1993046131,trailhead,（名称未確認）,34.1170714,134.0520785,WGS84,773,竜王山,,四国百名山,,道路の終点付近,竜王山:0.4km,PK-w1158584610(330m),,provisional,30,名称未確認、林道からの入口（マイカー進入可否を要確認）、公式情報または2情報源での確認が必要,"OpenStreetMap（© OpenStreetMap contributors, ODbL 1.0）Geofabrik japan-latest.osm.pbf 2026-09-30T20:22:42Z node/1993046131（登山道と道路の接続点）",
TH-n2014457916,trailhead,（名称未確認）,34.1122953,133.9391944,WGS84,721,大川山,,四国百名山,,一般道との接続,大川山:0.32km,,,candidate,30,名称未確認、公式情報または2情報源での確認が必要,"OpenStreetMap（© OpenStreetMap contributors, ODbL 1.0）Geofabrik japan-latest.osm.pbf 2026-09-30T20:22:42Z node/2014457916（登山道と道路の接続点）",
TH-n2014459171,trailhead,（名称未確認）,34.1150893,133.9427535,WGS84,721,大川山,,四国百名山,,一般道との接続,大川山:0.28km,,,candidate,30,名称未確認、公式情報または2情報源での確認が必要,"OpenStreetMap（© OpenStreetMap contributors, ODbL 1.0）Geofabrik japan-latest.osm.pbf 2026-09-30T20:22:42Z node/2014459171（登山道と道路の接続点）",
TH-n2014460791,trailhead,（名称未確認）,34.1191082,133.9373302,WGS84,721,大川山,,四国百名山,,一般道との接続,大川山:0.49km,,,candidate,30,名称未確認、公式情報または2情報源での確認が必要,"OpenStreetMap（© OpenStreetMap contributors, ODbL 1.0）Geofabrik japan-latest.osm.pbf 2026-09-30T20:22:42Z node/2014460791（登山道と道路の接続点）",
TH-n2014461235,trailhead,（名称未確認）,34.1205872,134.0392884,WGS84,773,竜王山,,四国百名山,,一般道（県道以上）との接続,竜王山:1.31km,,,candidate,30,名称未確認、公式情報または2情報源での確認が必要,"OpenStreetMap（© OpenStreetMap contributors, ODbL 1.0）Geofabrik japan-latest.osm.pbf 2026-09-30T20:22:42Z node/2014461235（登山道と道路の接続点）",
TH-n2045547030,trailhead,（名称未確認）,33.319612,132.545012,WGS84,847,高森山,,四国百名山,,一般道との接続,高森山:1.14km,,,candidate,30,名称未確認、公式情報または2情報源での確認が必要,"OpenStreetMap（© OpenStreetMap contributors, ODbL 1.0）Geofabrik japan-latest.osm.pbf 2026-09-30T20:22:42Z node/2045547030（登山道と道路の接続点）",
TH-n2045548179,trailhead,（名称未確認）,33.322928,132.558299,WGS84,847,高森山,,四国百名山,,一般道との接続,高森山:1.81km,,,candidate,30,名称未確認、公式情報または2情報源での確認が必要,"OpenStreetMap（© OpenStreetMap contributors, ODbL 1.0）Geofabrik japan-latest.osm.pbf 2026-09-30T20:22:42Z node/2045548179（登山道と道路の接続点）",
TH-n2045579864,trailhead,（名称未確認）,33.067227,132.650661,WGS84,867,篠山,,日本三百名山|四国百名山,,一般道との接続,篠山:2.73km,,,candidate,30,名称未確認、公式情報または2情報源での確認が必要,"OpenStreetMap（© OpenStreetMap contributors, ODbL 1.0）Geofabrik japan-latest.osm.pbf 2026-09-30T20:22:42Z node/2045579864（登山道と道路の接続点）",
TH-n2045582818,trailhead,（名称未確認）祓川温泉付近,33.0800709,132.655484,WGS84,867,篠山,,日本三百名山|四国百名山,,一般道との接続,篠山:4.48km,PK-w699811632(377m) PK-n6479492226(383m),,provisional,30,名称未確認、登山道が道路を横断する地点（途中の入口の可能性）、公式情報または2情報源での確認が必要,"OpenStreetMap（© OpenStreetMap contributors, ODbL 1.0）Geofabrik japan-latest.osm.pbf 2026-09-30T20:22:42Z node/2045582818（登山道と道路の接続点）",
TH-n2045596176,trailhead,（名称未確認）,33.135106,132.606371,WGS84,860,譲ヶ葉森,,四国百名山,,一般道との接続,譲ヶ葉森:2.14km,,,candidate,30,名称未確認、公式情報または2情報源での確認が必要,"OpenStreetMap（© OpenStreetMap contributors, ODbL 1.0）Geofabrik japan-latest.osm.pbf 2026-09-30T20:22:42Z node/2045596176（登山道と道路の接続点）",
TH-n2045614046,trailhead,鹿のコル（鬼ヶ城山登山口）,33.1874106,132.603372,WGS84,853 854,鬼ヶ城山、三本杭,,四国百名山|日本三百名山,,一般道との接続,鬼ヶ城山:0.69km 三本杭:5.39km,PK-g3318741_13260337(0m),,provisional,30,公式情報または2情報源での確認が必要、鹿のコル駐車場は無料（うわじま観光ガイド）,"OpenStreetMap（© OpenStreetMap contributors, ODbL 1.0）Geofabrik japan-latest.osm.pbf 2026-09-30T20:22:42Z node/2045614046（登山道と道路の接続点） ｜ 登山記録で広く使われている登山口（登山記録・登山情報サイトで名称と利用を確認。公式情報では未確認） 2026-09-26確認",
TH-n2045617573,trailhead,（名称未確認）,33.1966643,132.6088627,WGS84,852 853 854,高月山、鬼ヶ城山、三本杭,,四国百名山|日本三百名山,,一般道との接続,高月山:7.02km 鬼ヶ城山:0.67km 三本杭:4.38km,,,candidate,30,名称未確認、公式情報または2情報源での確認が必要,"OpenStreetMap（© OpenStreetMap contributors, ODbL 1.0）Geofabrik japan-latest.osm.pbf 2026-09-30T20:22:42Z node/2045617573（登山道と道路の接続点）",
TH-n2045618940,trailhead,（名称未確認）,33.200575,132.641603,WGS84,852,高月山,,四国百名山,,一般道との接続,高月山:1.11km,,,candidate,30,名称未確認、公式情報または2情報源での確認が必要,"OpenStreetMap（© OpenStreetMap contributors, ODbL 1.0）Geofabrik japan-latest.osm.pbf 2026-09-30T20:22:42Z node/2045618940（登山道と道路の接続点）",
TH-n2045619323,trailhead,滑床（高月山・三本杭方面）,33.201999,132.64964,WGS84,852,高月山,,四国百名山,,一般道との接続,高月山:1.73km,,,adopted,15,登山道が道路を横断する地点（途中の入口の可能性）、滑床は三本杭・高月山方面の入口にあたる、国土地理院の地名との差が209mあり、登山口そのものの位置は目視未確認,"OpenStreetMap（© OpenStreetMap contributors, ODbL 1.0）Geofabrik japan-latest.osm.pbf 2026-09-30T20:22:42Z node/2045619323（登山道と道路の接続点） ｜ 国土地理院 地名検索「滑床」（33.201875, 132.651880、JGD2011、209m差）2026-09-20確認",2026-09-20
TH-n2045619674,trailhead,（名称未確認）,33.2034718,132.6590932,WGS84,852 853 854,高月山、鬼ヶ城山、三本杭,,四国百名山|日本三百名山,,一般道（県道以上）との接続,高月山:2.66km 鬼ヶ城山:6.56km 三本杭:3.51km,,,candidate,30,名称未確認、公式情報または2情報源での確認が必要,"OpenStreetMap（© OpenStreetMap contributors, ODbL 1.0）Geofabrik japan-latest.osm.pbf 2026-09-30T20:22:42Z node/2045619674（登山道と道路の接続点）",
TH-n2061596030,trailhead,（名称未確認）高橋会館前バス停付近,34.1949837,133.8111317,WGS84,716,大麻山,,四国百名山,,一般道との接続,大麻山:3.75km,PK-w1250754776(430m) PK-w1250754773(470m) BS-kP11-22-37-bs1453(232m) BS-kP11-22-37-bs1456(234m) BS-kP11-22-37-bs1456(234m),,provisional,30,名称未確認、公式情報または2情報源での確認が必要,"OpenStreetMap（© OpenStreetMap contributors, ODbL 1.0）Geofabrik japan-latest.osm.pbf 2026-09-30T20:22:42Z node/2061596030（登山道と道路の接続点）",
TH-n2061596176,trailhead,大麻山キャンプ場（野田院古墳）側登山口,34.1977135,133.7834166,WGS84,716,大麻山,,四国百名山,,一般道との接続,大麻山:0.61km,PK-w648404805(342m),,provisional,30,登山道が道路を横断する地点（途中の入口の可能性）、公式情報または2情報源での確認が必要,"OpenStreetMap（© OpenStreetMap contributors, ODbL 1.0）Geofabrik japan-latest.osm.pbf 2026-09-30T20:22:42Z node/2061596176（登山道と道路の接続点） ｜ 登山記録で広く使われている登山口（登山記録・登山情報サイトで名称と利用を確認。公式情報では未確認） 2026-09-24確認",
TH-n2065201882,trailhead,（名称未確認）,34.1937038,133.7904366,WGS84,716,大麻山,,四国百名山,,一般道との接続,大麻山:0.38km,PK-w648409895(49m),,provisional,30,名称未確認、登山道が道路を横断する地点（途中の入口の可能性）、公式情報または2情報源での確認が必要,"OpenStreetMap（© OpenStreetMap contributors, ODbL 1.0）Geofabrik japan-latest.osm.pbf 2026-09-30T20:22:42Z node/2065201882（登山道と道路の接続点）",
TH-n2065619670,trailhead,（名称未確認）,34.212584,133.741036,WGS84,713,我拝師山,,四国百名山,,一般道との接続,我拝師山:1.38km,,,candidate,30,名称未確認、登山道が道路を横断する地点（途中の入口の可能性）、公式情報または2情報源での確認が必要,"OpenStreetMap（© OpenStreetMap contributors, ODbL 1.0）Geofabrik japan-latest.osm.pbf 2026-09-30T20:22:42Z node/2065619670（登山道と道路の接続点）",
TH-n2065632017,trailhead,（名称未確認）小久保バス停付近,34.2457644,133.6018297,WGS84,702,紫雲出山,,四国百名山,,一般道との接続,紫雲出山:0.61km,PK-w94727901(403m) PK-w94727836(410m) BS-kP11-22-37-bs931(584m) BS-kP11-22-37-bs962(621m) BS-kP11-22-37-bs916(735m),,provisional,30,名称未確認、登山道が道路を横断する地点（途中の入口の可能性）、公式情報または2情報源での確認が必要,"OpenStreetMap（© OpenStreetMap contributors, ODbL 1.0）Geofabrik japan-latest.osm.pbf 2026-09-30T20:22:42Z node/2065632017（登山道と道路の接続点）",
TH-n2065633425,trailhead,箱峠登山口（紫雲出山）,34.254254,133.5857662,WGS84,702,紫雲出山,,四国百名山,OSM登山道「四国の道」,一般道との接続,紫雲出山:1.79km,PK-w864500611(305m) BS-kP11-22-37-bs875(342m) BS-kP11-22-37-bs860(506m) BS-kP11-22-37-bs926(591m),,provisional,30,公式情報または2情報源での確認が必要,"OpenStreetMap（© OpenStreetMap contributors, ODbL 1.0）Geofabrik japan-latest.osm.pbf 2026-09-30T20:22:42Z node/2065633425（登山道と道路の接続点） ｜ 登山記録で広く使われている登山口（登山記録・登山情報サイトで名称と利用を確認。公式情報では未確認） 2026-09-24確認",
TH-n2067522216,trailhead,船窪つつじ公園（高越山）,34.0143739,134.191137,WGS84,732,高越山,,四国百名山,,一般道との接続,高越山:0.55km,PK-n8668196765(15m),,provisional,30,公式情報または2情報源での確認が必要,"OpenStreetMap（© OpenStreetMap contributors, ODbL 1.0）Geofabrik japan-latest.osm.pbf 2026-09-30T20:22:42Z node/2067522216（登山道と道路の接続点） ｜ 登山記録で広く使われている登山口（登山記録・登山情報サイトで名称と利用を確認。公式情報では未確認） 2026-09-24確認",
TH-n2067528597,trailhead,（名称未確認）,34.0287024,134.2081615,WGS84,732,高越山,,四国百名山,,一般道との接続,高越山:1.93km,,,candidate,30,名称未確認、公式情報または2情報源での確認が必要,"OpenStreetMap（© OpenStreetMap contributors, ODbL 1.0）Geofabrik japan-latest.osm.pbf 2026-09-30T20:22:42Z node/2067528597（登山道と道路の接続点）",
TH-n2094258984,trailhead,（名称未確認）タイムズ付近,34.1901673,133.8157974,WGS84,716,大麻山,,四国百名山,,一般道との接続,大麻山:3.16km,PK-w1159101749(108m) PK-w1371045019(273m) PK-w1371045037(285m) BS-kP11-22-37-bs1494(146m) BS-kP11-22-37-bs1480(175m) BS-kP11-22-37-bs1504(223m),,provisional,30,名称未確認、登山道が道路を横断する地点（途中の入口の可能性）、近くの道路にゲートあり（車両通行止め・季節閉鎖の可能性）、公式情報または2情報源での確認が必要,"OpenStreetMap（© OpenStreetMap contributors, ODbL 1.0）Geofabrik japan-latest.osm.pbf 2026-09-30T20:22:42Z node/2094258984（登山道と道路の接続点）",
TH-n2096162029,trailhead,（名称未確認）西之川バス停付近,33.8016493,133.1541595,WGS84,798 799 803,二ノ森、堂ヶ森、石鎚山,,四国百名山|日本百名山|日本二百名山|日本三百名山,,一般道との接続,二ノ森:9.37km 堂ヶ森:12.26km 石鎚山:6.63km,PK-w1065866375(409m) BS-kP11-22-38-bs1359(58m) BS-kP11-22-38-bs1345(577m),,provisional,30,名称未確認、公式情報または2情報源での確認が必要,"OpenStreetMap（© OpenStreetMap contributors, ODbL 1.0）Geofabrik japan-latest.osm.pbf 2026-09-30T20:22:42Z node/2096162029（登山道と道路の接続点）",
TH-n2096215331,trailhead,（名称未確認）,33.8732643,132.979092,WGS84,757,東三方ヶ森,,四国百名山,,一般道（県道以上）との接続,東三方ヶ森:6.03km,,,candidate,30,名称未確認、公式情報または2情報源での確認が必要,"OpenStreetMap（© OpenStreetMap contributors, ODbL 1.0）Geofabrik japan-latest.osm.pbf 2026-09-30T20:22:42Z node/2096215331（登山道と道路の接続点）",
TH-n2096216450,trailhead,東三方ヶ森登山口（林道関屋線）,33.887091,132.968896,WGS84,757,東三方ヶ森,,四国百名山,,道路の終点付近,東三方ヶ森:4.27km,,,provisional,30,林道からの入口（マイカー進入可否を要確認）、公式情報または2情報源での確認が必要,"OpenStreetMap（© OpenStreetMap contributors, ODbL 1.0）Geofabrik japan-latest.osm.pbf 2026-09-30T20:22:42Z node/2096216450（登山道と道路の接続点） ｜ 登山記録で広く使われている登山口（登山記録・登山情報サイトで名称と利用を確認。公式情報では未確認） 2026-09-24確認",
TH-n2097490007,trailhead,日浦登山口（西赤石山・銅山峰）,33.8517946,133.3467731,WGS84,763 767 768 779 785 786,二ッ岳、西赤石山、東赤石山、笹ヶ峰、平家平、寒風山,,四国百名山|日本二百名山|日本三百名山,OSM登山道「日浦登山道」,一般道（県道以上）との接続,二ッ岳:12.97km 西赤石山:3.91km 東赤石山:7.58km 笹ヶ峰:10.81km 平家平:12.62km 寒風山:13.49km,PK-w1323417642(13m),,provisional,30,公式情報または2情報源での確認が必要,"OpenStreetMap（© OpenStreetMap contributors, ODbL 1.0）Geofabrik japan-latest.osm.pbf 2026-09-30T20:22:42Z node/2097490007（登山道と道路の接続点） ｜ 登山記録で広く使われている登山口（登山記録・登山情報サイトで名称と利用を確認。公式情報では未確認） 2026-09-24確認",
TH-n2097494768,trailhead,東平（西赤石山登山口）,33.8755837,133.3163694,WGS84,763 767 768 779 785 786,二ッ岳、西赤石山、東赤石山、笹ヶ峰、平家平、寒風山,,四国百名山|日本二百名山|日本三百名山,OSM登山道「渓谷遊歩道」,一般道との接続,二ッ岳:13.74km 西赤石山:4.68km 東赤石山:8.35km 笹ヶ峰:10.4km 平家平:12.21km 寒風山:13.08km,PK-w414411883(87m) PK-w414413187(180m) PK-w368267523(281m),,provisional,30,公式情報または2情報源での確認が必要,"OpenStreetMap（© OpenStreetMap contributors, ODbL 1.0）Geofabrik japan-latest.osm.pbf 2026-09-30T20:22:42Z node/2097494768（登山道と道路の接続点） ｜ 登山記録で広く使われている登山口（登山記録・登山情報サイトで名称と利用を確認。公式情報では未確認） 2026-09-24確認",
TH-n2097494953,trailhead,（名称未確認）,33.877328,133.3134037,WGS84,763 767 768 779 785 786,二ッ岳、西赤石山、東赤石山、笹ヶ峰、平家平、寒風山,,四国百名山|日本二百名山|日本三百名山,,一般道との接続,二ッ岳:14.26km 西赤石山:5.2km 東赤石山:8.87km 笹ヶ峰:10.92km 平家平:12.73km 寒風山:13.6km,PK-w368267523(54m) PK-w414413187(158m) PK-w414411883(340m),,provisional,30,名称未確認、公式情報または2情報源での確認が必要,"OpenStreetMap（© OpenStreetMap contributors, ODbL 1.0）Geofabrik japan-latest.osm.pbf 2026-09-30T20:22:42Z node/2097494953（登山道と道路の接続点）",
TH-n2097497549,trailhead,（名称未確認）温泉口バス停付近,33.9076971,133.3091783,WGS84,763 767 768,二ッ岳、西赤石山、東赤石山,,四国百名山|日本二百名山|日本三百名山,,一般道との接続,二ッ岳:14.66km 西赤石山:5.56km 東赤石山:9.26km,BS-kP11-22-38-bs839(178m) BS-kP11-22-38-bs858(403m) BS-kP11-22-38-bs822(441m),,provisional,30,名称未確認、公式情報または2情報源での確認が必要,"OpenStreetMap（© OpenStreetMap contributors, ODbL 1.0）Geofabrik japan-latest.osm.pbf 2026-09-30T20:22:42Z node/2097497549（登山道と道路の接続点）",
TH-n2097497778,trailhead,（名称未確認）新道バス停付近,33.9110085,133.311697,WGS84,763 767 768,二ッ岳、西赤石山、東赤石山,,四国百名山|日本二百名山|日本三百名山,,一般道との接続,二ッ岳:14.86km 西赤石山:5.76km 東赤石山:9.46km,BS-kP11-22-38-bs822(158m) BS-kP11-22-38-bs808(348m) BS-kP11-22-38-bs839(368m),,provisional,30,名称未確認、公式情報または2情報源での確認が必要,"OpenStreetMap（© OpenStreetMap contributors, ODbL 1.0）Geofabrik japan-latest.osm.pbf 2026-09-30T20:22:42Z node/2097497778（登山道と道路の接続点）",
TH-n2483295949,trailhead,成就駅,33.7951176,133.1337404,WGS84,799 803,堂ヶ森、石鎚山,,四国百名山|日本百名山|日本二百名山|日本三百名山,成就社（表参道）コース,索道駅（ロープウェイ・ゴンドラ）,堂ヶ森:9.73km 石鎚山:4.11km,,,provisional,15,公式情報または2情報源での確認が必要,"OpenStreetMap（© OpenStreetMap contributors, ODbL 1.0）Geofabrik japan-latest.osm.pbf 2026-09-30T20:22:42Z node/2483295949 ｜ 国土地理院 地名検索「山頂成就駅」（33.794926, 133.133241、JGD2011、51m差）2026-09-20確認",2026-09-20
TH-n261014455,trailhead,寒霞渓山頂,34.5155674,134.3005735,WGS84,658,寒霞渓,,四国百名山,OSM登山道「裏神懸八景遊歩道」,索道駅（ロープウェイ・ゴンドラ）,寒霞渓:2.06km,PK-w1342595408(71m) PK-w1342595409(93m) PK-w1342595410(165m) BS-n261014473(159m) BS-kP11-22-37-bs1943(924m),,provisional,15,公式情報または2情報源での確認が必要,"OpenStreetMap（© OpenStreetMap contributors, ODbL 1.0）Geofabrik japan-latest.osm.pbf 2026-09-30T20:22:42Z node/261014455",
TH-n266600700,trailhead,（名称未確認）こんぴらさん入口バス停付近,34.1837056,133.8117086,WGS84,716,大麻山,,四国百名山,,道路の終点付近,大麻山:3.11km,PK-w731898662(145m) PK-w731898660(292m) BS-kP11-22-37-bs1520(850m) BS-kP11-22-37-bs1509(854m) BS-kP11-22-37-bs1504(883m),,provisional,30,名称未確認、登山道が道路を横断する地点（途中の入口の可能性）、近くの道路にゲートあり（車両通行止め・季節閉鎖の可能性）、公式情報または2情報源での確認が必要,"OpenStreetMap（© OpenStreetMap contributors, ODbL 1.0）Geofabrik japan-latest.osm.pbf 2026-09-30T20:22:42Z node/266600700（登山道と道路の接続点）",
TH-n266827365,trailhead,（名称未確認）卯辰越付近,34.1776622,134.4840547,WGS84,717,大麻山,,四国百名山,OSM登山道「四国の道」,峠（道路との接続）,大麻山:2.17km,,,candidate,30,名称未確認、公式情報または2情報源での確認が必要,"OpenStreetMap（© OpenStreetMap contributors, ODbL 1.0）Geofabrik japan-latest.osm.pbf 2026-09-30T20:22:42Z node/266827365（登山道と道路の接続点） ｜ 国土地理院 地名検索「卯辰越」（34.177013, 134.484161、JGD2011、72m差）2026-09-20確認",2026-09-20
TH-n278073861,trailhead,（名称未確認）見ノ越第二駐車場付近,33.865828,134.085317,WGS84,775 776 777 787,一ノ森、次郎笈、剣山、白髪山,,四国百名山|日本百名山|日本二百名山|日本三百名山,,一般道（県道以上）との接続,一ノ森:4.55km 次郎笈:4.68km 剣山:3.13km 白髪山:15.19km,PK-n278083232(64m) PK-w325862716(393m) PK-w1221394344(401m) BS-n5570323522(438m) BS-kP11-22-36-bs1845(588m),,provisional,30,名称未確認、公式情報または2情報源での確認が必要,"OpenStreetMap（© OpenStreetMap contributors, ODbL 1.0）Geofabrik japan-latest.osm.pbf 2026-09-30T20:22:42Z node/278073861（登山道と道路の接続点）",
TH-n278089427,trailhead,（名称未確認）,33.8539135,134.0447108,WGS84,775 776 777 778 787,一ノ森、次郎笈、剣山、三嶺、白髪山,,四国百名山|日本百名山|日本二百名山|日本三百名山,,一般道（県道以上）との接続,一ノ森:9.66km 次郎笈:6.72km 剣山:7.9km 三嶺:11.83km 白髪山:10.8km,PK-n278083236(18m) BS-n5893924855(33m),,provisional,30,名称未確認、公式情報または2情報源での確認が必要,"OpenStreetMap（© OpenStreetMap contributors, ODbL 1.0）Geofabrik japan-latest.osm.pbf 2026-09-30T20:22:42Z node/278089427（登山道と道路の接続点）",
TH-n2932726461,trailhead,黒森峠,33.7536528,132.9929257,WGS84,804 809,石墨山、皿ヶ嶺,,四国百名山,,峠（道路との接続）,石墨山:2.94km 皿ヶ嶺:13.68km,,,adopted,30,,"OpenStreetMap（© OpenStreetMap contributors, ODbL 1.0）Geofabrik japan-latest.osm.pbf 2026-09-30T20:22:42Z node/2932726461（登山道と道路の接続点） ｜ 国土地理院 地名検索「黒森峠」（33.753877, 132.992397、JGD2011、55m差）2026-09-20確認",2026-09-20
TH-n293935633,trailhead,山頂駅,33.8809947,134.5214102,WGS84,770,太竜寺山,,四国百名山,,索道駅（ロープウェイ・ゴンドラ）,太竜寺山:2.08km,PK-w1469745436(286m),,provisional,15,公式情報または2情報源での確認が必要,"OpenStreetMap（© OpenStreetMap contributors, ODbL 1.0）Geofabrik japan-latest.osm.pbf 2026-09-30T20:22:42Z node/293935633 ｜ 国土地理院 地名検索「山頂駅」（33.880870, 134.521506、JGD2011、16m差）2026-09-24確認",2026-09-24
TH-n2980392386,trailhead,（名称未確認）,33.7819468,133.1887137,WGS84,790 792,瓶ヶ森、西黒森,,日本三百名山|四国百名山,,一般道との接続,瓶ヶ森:3.61km 西黒森:5.15km,PK-w1065359932(352m) PK-w1065359933(424m),,provisional,30,名称未確認、公式情報または2情報源での確認が必要,"OpenStreetMap（© OpenStreetMap contributors, ODbL 1.0）Geofabrik japan-latest.osm.pbf 2026-09-30T20:22:42Z node/2980392386（登山道と道路の接続点）",
TH-n308474599,trailhead,（名称未確認）,33.876015,133.645337,WGS84,765,笹ヶ峰,,四国百名山,,一般道（県道以上）との接続,笹ヶ峰:0.78km,,,candidate,30,名称未確認、公式情報または2情報源での確認が必要,"OpenStreetMap（© OpenStreetMap contributors, ODbL 1.0）Geofabrik japan-latest.osm.pbf 2026-09-30T20:22:42Z node/308474599（登山道と道路の接続点）",
TH-n330182109,trailhead,（名称未確認）,33.4753823,132.9930669,WGS84,833,五段高原,,四国百名山,,一般道（県道以上）との接続,五段高原:0.98km,,,candidate,30,名称未確認、公式情報または2情報源での確認が必要,"OpenStreetMap（© OpenStreetMap contributors, ODbL 1.0）Geofabrik japan-latest.osm.pbf 2026-09-30T20:22:42Z node/330182109（登山道と道路の接続点）",
TH-n330410678,trailhead,星ふるヴィレッジTENGU（天狗高原・天狗ノ森登山口）,33.4775426,133.0055993,WGS84,830,天狗高原,,四国百名山,OSM登山道「セラピーロード」,一般道との接続,天狗高原:1.0km,PK-w30014326(84m),,provisional,30,公式情報または2情報源での確認が必要,"OpenStreetMap（© OpenStreetMap contributors, ODbL 1.0）Geofabrik japan-latest.osm.pbf 2026-09-30T20:22:42Z node/330410678（登山道と道路の接続点） ｜ 登山記録で広く使われている登山口（登山記録・登山情報サイトで名称と利用を確認。公式情報では未確認） 2026-09-24確認",
TH-n330722543,trailhead,大引割峠,33.4753386,133.0459009,WGS84,830,天狗高原,,四国百名山,,峠（道路との接続）,天狗高原:3.4km,PK-n330722545(22m),,adopted,30,登山道が道路を横断する地点（途中の入口の可能性）,"OpenStreetMap（© OpenStreetMap contributors, ODbL 1.0）Geofabrik japan-latest.osm.pbf 2026-09-30T20:22:42Z node/330722543（登山道と道路の接続点） ｜ 国土地理院 地名検索「大引割峠」（33.475502, 133.046364、JGD2011、47m差）2026-09-20確認",2026-09-20
TH-n3464901750,trailhead,筏津（東赤石山登山口）,33.8496246,133.3857977,WGS84,768,東赤石山,,日本二百名山|日本三百名山|四国百名山,,一般道（県道以上）との接続,東赤石山:3.73km,BS-n3152604389(806m),,adopted,15,筏津は東赤石山の登山口、国土地理院の地名とOSMの登山道の接続点の位置が一致（独立した2情報源）,"OpenStreetMap（© OpenStreetMap contributors, ODbL 1.0）Geofabrik japan-latest.osm.pbf 2026-09-30T20:22:42Z node/3464901750（登山道と道路の接続点） ｜ 国土地理院 地名検索「筏津」（33.848797, 133.386847、JGD2011、133m差）2026-09-20確認",2026-09-20
TH-n3718179777,trailhead,いやしの温泉郷,33.8686484,133.9788609,WGS84,778 780 787,三嶺、天狗塚、白髪山,,日本二百名山|日本三百名山|四国百名山,,施設（山小屋・宿・キャンプ場）からの入口,三嶺:5.1km 天狗塚:10.14km 白髪山:8.91km,BS-kP11-22-36-bs1818(430m) BS-kP11-22-36-bs1832(447m) BS-kP11-22-36-bs1815(571m),,provisional,15,公式情報または2情報源での確認が必要,"OpenStreetMap（© OpenStreetMap contributors, ODbL 1.0）Geofabrik japan-latest.osm.pbf 2026-09-30T20:22:42Z node/3718179777",
TH-n3811048090,trailhead,（名称未確認）,33.7266863,132.8905502,WGS84,809,皿ヶ嶺,,四国百名山,,一般道との接続,皿ヶ嶺:3.76km,PK-w377716850(423m),,provisional,30,名称未確認、登山道が道路を横断する地点（途中の入口の可能性）、近くの道路にゲートあり（車両通行止め・季節閉鎖の可能性）、公式情報または2情報源での確認が必要,"OpenStreetMap（© OpenStreetMap contributors, ODbL 1.0）Geofabrik japan-latest.osm.pbf 2026-09-30T20:22:42Z node/3811048090（登山道と道路の接続点）",
TH-n3812089527,trailhead,（名称未確認）,33.7221193,132.8717458,WGS84,809,皿ヶ嶺,,四国百名山,,一般道との接続,皿ヶ嶺:3.64km,PK-w377808378(386m) PK-w377808376(425m) PK-w377808379(493m),,provisional,30,名称未確認、公式情報または2情報源での確認が必要,"OpenStreetMap（© OpenStreetMap contributors, ODbL 1.0）Geofabrik japan-latest.osm.pbf 2026-09-30T20:22:42Z node/3812089527（登山道と道路の接続点）",
TH-n388451477,trailhead,（名称未確認）中山薬師前バス停付近,33.8619968,134.5222572,WGS84,770,太竜寺山,,四国百名山,,一般道との接続,太竜寺山:1.48km,BS-kP11-22-36-bs1888(493m) BS-kP11-22-36-bs1880(545m) BS-kP11-22-36-bs1873(797m),,provisional,30,名称未確認、公式情報または2情報源での確認が必要,"OpenStreetMap（© OpenStreetMap contributors, ODbL 1.0）Geofabrik japan-latest.osm.pbf 2026-09-30T20:22:42Z node/388451477（登山道と道路の接続点）",
TH-n388451518,trailhead,（名称未確認）八幡原バス停付近,33.8623201,134.5093005,WGS84,770,太竜寺山,,四国百名山,,一般道との接続,太竜寺山:1.93km,BS-kP11-22-36-bs1894(724m) BS-kP11-22-36-bs1890(804m) BS-kP11-22-36-bs1892(863m),,provisional,30,名称未確認、公式情報または2情報源での確認が必要,"OpenStreetMap（© OpenStreetMap contributors, ODbL 1.0）Geofabrik japan-latest.osm.pbf 2026-09-30T20:22:42Z node/388451518（登山道と道路の接続点）",
TH-n4073536551,trailhead,豊受山新登山口,33.9360745,133.4906972,WGS84,746 752,豊受山、赤星山,,四国百名山,,登山口（OSMの登山口地物）,豊受山:1.82km 赤星山:4.11km,,,provisional,15,公式情報または2情報源での確認が必要,"OpenStreetMap（© OpenStreetMap contributors, ODbL 1.0）Geofabrik japan-latest.osm.pbf 2026-09-30T20:22:42Z node/4073536551",
TH-n4074896728,trailhead,（名称未確認）,33.9444567,133.5415381,WGS84,741,翠波峰,,四国百名山,,一般道との接続,翠波峰:0.56km,PK-n8695412005(14m) PK-w757745972(108m),,provisional,30,名称未確認、登山道が道路を横断する地点（途中の入口の可能性）、公式情報または2情報源での確認が必要,"OpenStreetMap（© OpenStreetMap contributors, ODbL 1.0）Geofabrik japan-latest.osm.pbf 2026-09-30T20:22:42Z node/4074896728（登山道と道路の接続点）",
TH-n4074924301,trailhead,翠波高原（翠波峰）,33.9403719,133.5362573,WGS84,741,翠波峰,,四国百名山,OSM登山道「遊歩道」,一般道（県道以上）との接続,翠波峰:0.25km,PK-g3394037_13353626(0m) PK-n4074919401(139m),,provisional,30,公式情報または2情報源での確認が必要,"OpenStreetMap（© OpenStreetMap contributors, ODbL 1.0）Geofabrik japan-latest.osm.pbf 2026-09-30T20:22:42Z node/4074924301（登山道と道路の接続点） ｜ 登山記録で広く使われている登山口（登山記録・登山情報サイトで名称と利用を確認。公式情報では未確認） 2026-09-24確認",
TH-n4140008388,trailhead,中七番登山口（平家平・冠山）,33.8368512,133.3276665,WGS84,779 785 786,笹ヶ峰、平家平、寒風山,,日本二百名山|日本三百名山|四国百名山,OSM登山道「遊歩道」,一般道との接続,笹ヶ峰:10.12km 平家平:4.33km 寒風山:12.81km,PK-w412629173(132m),,provisional,30,公式情報または2情報源での確認が必要,"OpenStreetMap（© OpenStreetMap contributors, ODbL 1.0）Geofabrik japan-latest.osm.pbf 2026-09-30T20:22:42Z node/4140008388（登山道と道路の接続点） ｜ 登山記録で広く使われている登山口（登山記録・登山情報サイトで名称と利用を確認。公式情報では未確認） 2026-09-24確認",
TH-n415525939,trailhead,如意輪寺（中津峰山登山口）,33.9703296,134.5168076,WGS84,737,中津峰山,,四国百名山,,一般道との接続,中津峰山:1.48km,PK-w35423249(30m) PK-w35423254(231m),,provisional,30,登山道が道路を横断する地点（途中の入口の可能性）、公式情報または2情報源での確認が必要,"OpenStreetMap（© OpenStreetMap contributors, ODbL 1.0）Geofabrik japan-latest.osm.pbf 2026-09-30T20:22:42Z node/415525939（登山道と道路の接続点） ｜ 登山記録で広く使われている登山口（登山記録・登山情報サイトで名称と利用を確認。公式情報では未確認） 2026-09-24確認",
TH-n415526414,trailhead,（名称未確認）,33.9638103,134.5048376,WGS84,737,中津峰山,,四国百名山,,道路の終点付近,中津峰山:0.46km,PK-n415526417(210m) PK-n415526403(212m),,provisional,30,名称未確認、公式情報または2情報源での確認が必要,"OpenStreetMap（© OpenStreetMap contributors, ODbL 1.0）Geofabrik japan-latest.osm.pbf 2026-09-30T20:22:42Z node/415526414（登山道と道路の接続点）",
TH-n4238774020,trailhead,次郎笈登山口,33.8342847,134.0868782,WGS84,775 776 777 778 783 787,一ノ森、次郎笈、剣山、三嶺、権田山、白髪山,,四国百名山|日本百名山|日本二百名山|日本三百名山,,登山口（OSMの登山口地物）,一ノ森:5.47km 次郎笈:1.66km 剣山:3.71km 三嶺:14.07km 権田山:8.41km 白髪山:13.04km,PK-w1095559315(44m) PK-w1095559318(58m),,provisional,15,公式情報または2情報源での確認が必要,"OpenStreetMap（© OpenStreetMap contributors, ODbL 1.0）Geofabrik japan-latest.osm.pbf 2026-09-30T20:22:42Z node/4238774020",
TH-n4485819043,trailhead,（名称未確認）,33.7927743,133.1269173,WGS84,798 799 803,二ノ森、堂ヶ森、石鎚山,,四国百名山|日本百名山|日本二百名山|日本三百名山,,索道駅（ロープウェイ・ゴンドラ）,二ノ森:6.43km 堂ヶ森:9.31km 石鎚山:3.69km,,,provisional,15,名称未確認、公式情報または2情報源での確認が必要,"OpenStreetMap（© OpenStreetMap contributors, ODbL 1.0）Geofabrik japan-latest.osm.pbf 2026-09-30T20:22:42Z node/4485819043",
TH-n4485819082,trailhead,成就駅,33.7961234,133.1312625,WGS84,798 799,二ノ森、堂ヶ森,,四国百名山,,索道駅（ロープウェイ・ゴンドラ）,二ノ森:6.85km 堂ヶ森:9.64km,,,provisional,15,名称未確認、公式情報または2情報源での確認が必要,"OpenStreetMap（© OpenStreetMap contributors, ODbL 1.0）Geofabrik japan-latest.osm.pbf 2026-09-30T20:22:42Z node/4485819082 ｜ 国土地理院 地名検索「山頂成就駅」（33.794926, 133.133241、JGD2011、226m差）2026-09-20確認",2026-09-20
TH-n4485819082-2,trailhead,石鎚登山ロープウェイ山頂成就駅,33.7961234,133.1312625,WGS84,803,石鎚山,,日本百名山|日本二百名山|日本三百名山|四国百名山,成就社（表参道）コース,索道駅（ロープウェイ・ゴンドラ）,石鎚山:4.01km,,,provisional,15,公式情報または2情報源での確認が必要,"OpenStreetMap（© OpenStreetMap contributors, ODbL 1.0）Geofabrik japan-latest.osm.pbf 2026-09-30T20:22:42Z node/4485819082 ｜ 国土地理院 地名検索「山頂成就駅」（33.794926, 133.133241、JGD2011、226m差）2026-09-20確認",2026-09-20
TH-n4485944009,trailhead,雲辺寺ロープウェイ,34.0350813,133.721555,WGS84,730,雲辺寺山,,四国百名山,,索道駅（ロープウェイ・ゴンドラ）,雲辺寺山:0.13km,PK-n11416066169(404m),,provisional,15,公式情報または2情報源での確認が必要,"OpenStreetMap（© OpenStreetMap contributors, ODbL 1.0）Geofabrik japan-latest.osm.pbf 2026-09-30T20:22:42Z node/4485944009",
TH-n4507394264,trailhead,出釈迦寺（我拝師山登山口）,34.2175243,133.7497587,WGS84,713,我拝師山,,四国百名山,,一般道との接続,我拝師山:0.74km,PK-n13197012901(261m) BS-kP11-22-37-bs1273(597m) BS-kP11-22-37-bs1278(892m),,provisional,30,公式情報または2情報源での確認が必要,"OpenStreetMap（© OpenStreetMap contributors, ODbL 1.0）Geofabrik japan-latest.osm.pbf 2026-09-30T20:22:42Z node/4507394264（登山道と道路の接続点） ｜ 登山記録で広く使われている登山口（登山記録・登山情報サイトで名称と利用を確認。公式情報では未確認） 2026-09-24確認",
TH-n5346573956,trailhead,横倉山第3駐車場（自然の森コース登山口）,33.5385605,133.2118428,WGS84,825,横倉山,,四国百名山,,道路の終点付近,横倉山:1.26km,PK-w388843446(25m) PK-w388843472(192m),"course=自然の森コースは1,400m（片道）。第3駐車場は最奥の駐車場（こうち旅ネット）",adopted,15,,"OpenStreetMap（© OpenStreetMap contributors, ODbL 1.0）Geofabrik japan-latest.osm.pbf 2026-09-30T20:22:42Z node/5346573956（登山道と道路の接続点） ｜ 公式情報: https://kochi-tabi.jp/lp/ei-yama-aruki/yokokura.html",2026-09-24
TH-n5474409217,trailhead,（名称未確認）屋島山上バス停付近,34.3528802,134.1063695,WGS84,690,屋島,,四国百名山,,道路の終点付近,屋島:0.36km,BS-kP11-22-37-bs52(795m),,provisional,30,名称未確認、近くの道路にゲートあり（車両通行止め・季節閉鎖の可能性）、林道からの入口（マイカー進入可否を要確認）、公式情報または2情報源での確認が必要,"OpenStreetMap（© OpenStreetMap contributors, ODbL 1.0）Geofabrik japan-latest.osm.pbf 2026-09-30T20:22:42Z node/5474409217（登山道と道路の接続点）",
TH-n5893943539,trailhead,三嶺登山口　Miune Trailhead,33.8518699,134.0235207,WGS84,772 776 777 787,塔ノ丸、次郎笈、剣山、白髪山,,四国百名山|日本百名山|日本二百名山|日本三百名山,,登山口（OSMの登山口地物）,塔ノ丸:2.23km 次郎笈:13.98km 剣山:15.15km 白髪山:6.67km,PK-w1219969034(412m) BS-kP11-22-36-bs1902(176m) BS-n5893936106(431m) BS-kP11-22-36-bs1897(559m),,adopted,15,採用の根拠: OSMの登山口名と、地理院地図の徒歩道が道路から始まる位置の一致（公式情報では未確認）,"OpenStreetMap（© OpenStreetMap contributors, ODbL 1.0）Geofabrik japan-latest.osm.pbf 2026-09-30T20:22:42Z node/5893943539 ｜ 国土地理院ベクトルタイル提供実験 地理院地図の徒歩道の起点（33.851889, 134.023216、JGD2011、28m差）2026-10-01確認",
TH-n5893943539-2,trailhead,名頃登山口（三嶺）,33.8531306,134.0223664,WGS84,778 780,三嶺、天狗塚,,日本二百名山|日本三百名山|四国百名山,,登山口（OSMの登山口地物）,三嶺:4.03km 天狗塚:9.09km,PK-w1219969034(237m) BS-kP11-22-36-bs1902(0m) BS-n5893936106(256m) BS-kP11-22-36-bs1897(384m),parking=三嶺登山口駐車場 約20台（三好市）; bus=JR大歩危駅→四国交通バス久保行→市営バス剣山行→名頃バス停,adopted,15,林道からの入口（マイカー進入可否を要確認）、林野庁四国森林管理局が三嶺へのルートマップを公開している（林野庁）、徳島自動車道井川池田ICから車で約1時間35分（三好市）,"国土数値情報（バス停留所データ）令和4年度（国土交通省）P11-22-36-bs1902（JGD2011）を加工して作成 ｜ OpenStreetMap（© OpenStreetMap contributors, ODbL 1.0）Geofabrik japan-latest.osm.pbf 2026-09-30T20:22:42Z node/1699014651（登山道と道路の接続点） ｜ 国土地理院 地名検索「名頃」（33.855056, 134.020986、JGD2011、248m差）2026-09-20確認 ｜ 公式情報: https://www.rinya.maff.go.jp/shikoku/policy/business/route_map/miune/miune1.html ｜ 公式情報: https://miyoshi-city.jp/spot/%E4%B8%89%E5%B6%BA/",2026-09-20
TH-n6315568142,trailhead,槍戸山登山口,33.8407006,134.1234766,WGS84,775 776 777,一ノ森、次郎笈、剣山,,四国百名山|日本百名山|日本二百名山|日本三百名山,,登山口（OSMの登山口地物）,一ノ森:2.79km 次郎笈:6.06km 剣山:4.5km,,,adopted,15,採用の根拠: OSMの登山口名と、地理院地図の徒歩道が道路から始まる位置の一致（公式情報では未確認）,"OpenStreetMap（© OpenStreetMap contributors, ODbL 1.0）Geofabrik japan-latest.osm.pbf 2026-09-30T20:22:42Z node/6315568142 ｜ 国土地理院ベクトルタイル提供実験 地理院地図の徒歩道の起点（33.840717, 134.123506、JGD2011、3m差）2026-10-01確認",
TH-n6501170374,trailhead,（名称未確認）,33.8840382,133.9109228,WGS84,747 758,烏帽子山、寒峰,,四国百名山,,一般道との接続,烏帽子山:7.39km 寒峰:3.09km,,,candidate,30,名称未確認、登山道が道路を横断する地点（途中の入口の可能性）、公式情報または2情報源での確認が必要,"OpenStreetMap（© OpenStreetMap contributors, ODbL 1.0）Geofabrik japan-latest.osm.pbf 2026-09-30T20:22:42Z node/6501170374（登山道と道路の接続点）",
TH-n6593592017,trailhead,（名称未確認）,34.2405679,133.0197147,WGS84,703,鷲ヶ頭山,,四国百名山,,一般道との接続,鷲ヶ頭山:0.22km,,,candidate,30,名称未確認、公式情報または2情報源での確認が必要,"OpenStreetMap（© OpenStreetMap contributors, ODbL 1.0）Geofabrik japan-latest.osm.pbf 2026-09-30T20:22:42Z node/6593592017（登山道と道路の接続点）",
TH-n8164150727,trailhead,（名称未確認）珠光園バス停付近,34.2726035,133.8399607,WGS84,697,飯野山,,四国百名山,,一般道との接続,飯野山:1.01km,BS-kP11-22-37-bs741(506m) BS-kP11-22-37-bs741(506m) BS-kP11-22-37-bs741(506m),,provisional,30,名称未確認、近くの道路にゲートあり（車両通行止め・季節閉鎖の可能性）、公式情報または2情報源での確認が必要,"OpenStreetMap（© OpenStreetMap contributors, ODbL 1.0）Geofabrik japan-latest.osm.pbf 2026-09-30T20:22:42Z node/8164150727（登山道と道路の接続点）",
TH-n8586606361,trailhead,ふれあいセンターいいの,34.2805992,133.8339847,WGS84,697,飯野山,,四国百名山,,駐車場・バス停（林道・車道を経由して登山道へ）,飯野山:1.89km,BS-kP11-22-37-bs668(3m) BS-kP11-22-37-bs668(3m) BS-kP11-22-37-bs668(3m),,provisional,15,近くの道路にゲートあり（車両通行止め・季節閉鎖の可能性）、林道からの入口（マイカー進入可否を要確認）、公式情報または2情報源での確認が必要,"OpenStreetMap（© OpenStreetMap contributors, ODbL 1.0）Geofabrik japan-latest.osm.pbf 2026-09-30T20:22:42Z node/8586606361 ｜ OpenStreetMap（© OpenStreetMap contributors, ODbL 1.0）Geofabrik japan-latest.osm.pbf 2026-09-30T20:22:42Z node/1986508880（登山道と道路の接続点）",
TH-n8930679197,trailhead,（名称未確認）市民集いの丘公園前バス停付近,34.2168921,133.7607046,WGS84,713,我拝師山,,四国百名山,,一般道との接続,我拝師山:0.71km,BS-kP11-22-37-bs1278(699m) BS-kP11-22-37-bs1353(708m),,provisional,30,名称未確認、登山道が道路を横断する地点（途中の入口の可能性）、公式情報または2情報源での確認が必要,"OpenStreetMap（© OpenStreetMap contributors, ODbL 1.0）Geofabrik japan-latest.osm.pbf 2026-09-30T20:22:42Z node/8930679197（登山道と道路の接続点）",
TH-n8971963359,trailhead,（名称未確認）,33.4762467,133.0009389,WGS84,833,五段高原,,四国百名山,,一般道（県道以上）との接続,五段高原:1.52km,PK-w30014326(373m),,provisional,30,名称未確認、公式情報または2情報源での確認が必要,"OpenStreetMap（© OpenStreetMap contributors, ODbL 1.0）Geofabrik japan-latest.osm.pbf 2026-09-30T20:22:42Z node/8971963359（登山道と道路の接続点）",
TH-n9173740676,trailhead,（名称未確認）,33.8133767,133.2793462,WGS84,793,伊予富士,,日本三百名山|四国百名山,,一般道との接続,伊予富士:8.04km,,,candidate,30,名称未確認、公式情報または2情報源での確認が必要,"OpenStreetMap（© OpenStreetMap contributors, ODbL 1.0）Geofabrik japan-latest.osm.pbf 2026-09-30T20:22:42Z node/9173740676（登山道と道路の接続点）",
TH-n9402514371,trailhead,（名称未確認）,34.1143338,134.046342,WGS84,773,竜王山,,四国百名山,,一般道との接続,竜王山:0.21km,PK-w1158584610(281m),,provisional,30,名称未確認、公式情報または2情報源での確認が必要,"OpenStreetMap（© OpenStreetMap contributors, ODbL 1.0）Geofabrik japan-latest.osm.pbf 2026-09-30T20:22:42Z node/9402514371（登山道と道路の接続点）",
TH-n945762371,trailhead,（名称未確認）,33.7861172,133.190558,WGS84,790 792,瓶ヶ森、西黒森,,日本三百名山|四国百名山,,一般道との接続,瓶ヶ森:1.14km 西黒森:2.68km,PK-w1065359933(68m) PK-w1065359932(149m),season=UFOライン（町道瓶ヶ森線）は11月末〜4月上旬が冬季閉鎖（石鎚山系連携事業協議会）,provisional,30,"名称未確認、公式情報または2情報源での確認が必要、UFOライン（町道瓶ヶ森線）は標高1,100〜1,700mの稜線を走る全長約27kmの町道で、通行できるのは概ね4月中旬〜11月末（いの町・石鎚山系連携事業協議会）、いの町が山岳観光道路情報を公開している。入山前に確認すること（いの町）、この地点がどの登山口かは未確認","OpenStreetMap（© OpenStreetMap contributors, ODbL 1.0）Geofabrik japan-latest.osm.pbf 2026-09-30T20:22:42Z node/945762371（登山道と道路の接続点） ｜ 公式情報: https://ishizuchisankei.com/spot/spot09-2/ ｜ 公式情報: https://www.town.ino.kochi.jp/shigoto/kanko/10060/ ｜ 公式情報: https://niyodoblue.jp/spot/detail.php?id=119",2026-09-20
TH-n945762544,trailhead,（名称未確認）,33.769443,133.1831408,WGS84,790 792,瓶ヶ森、西黒森,,日本三百名山|四国百名山,,一般道との接続,瓶ヶ森:5.11km 西黒森:6.65km,PK-w1065353274(17m),,provisional,30,名称未確認、登山道が道路を横断する地点（途中の入口の可能性）、公式情報または2情報源での確認が必要,"OpenStreetMap（© OpenStreetMap contributors, ODbL 1.0）Geofabrik japan-latest.osm.pbf 2026-09-30T20:22:42Z node/945762544（登山道と道路の接続点）",
TH-n959249623,trailhead,吉野川源流の碑（西黒森 西側登山口）,33.7935872,133.1979799,WGS84,790 792,瓶ヶ森、西黒森,,日本三百名山|四国百名山,,一般道との接続,瓶ヶ森:0.53km 西黒森:0.82km,,,provisional,30,公式情報または2情報源での確認が必要,"OpenStreetMap（© OpenStreetMap contributors, ODbL 1.0）Geofabrik japan-latest.osm.pbf 2026-09-30T20:22:42Z node/959249623（登山道と道路の接続点） ｜ 登山記録で広く使われている登山口（登山記録・登山情報サイトで名称と利用を確認。公式情報では未確認） 2026-09-29確認",
TH-n9776924587,trailhead,（名称未確認）,33.6934538,133.4387313,WGS84,814,陣ヶ森,,四国百名山,,道路の終点付近,陣ヶ森:1.34km,,,candidate,30,名称未確認、公式情報または2情報源での確認が必要,"OpenStreetMap（© OpenStreetMap contributors, ODbL 1.0）Geofabrik japan-latest.osm.pbf 2026-09-30T20:22:42Z node/9776924587（登山道と道路の接続点）",
TH-osm-n13176559001,trailhead,えひめ森林公園駐車場（谷上山）,33.748,132.737636,WGS84,10361,,谷上山,,,登山記録で広く使われている登山口,,PK-g33748_13273764(0m) PK-n13176559001(0m),,provisional,200,えひめ森林公園には眺望コース・らくらくコース・探鳥コース（大谷池周辺、約4km）などの散策コースがある（伊予市観光協会）,"OpenStreetMap（© OpenStreetMap contributors, ODbL 1.0）node/13176559001（駐車場）、標高126.4m（国土地理院）。OSM の「えひめ森林公園キャンプ場」（node/5276492023）から216m、地理院地図の注記「大谷池」から768m。周囲75〜170mで地理院地図の徒歩道が始まる。山頂の北1.5km 2026-09-30確認 ｜ 登山記録で広く使われている登山口（登山記録・登山情報サイトで名称と利用を確認。公式情報では未確認） 2026-09-30確認",
TH-osm-n1616584513,trailhead,矢筈峠（土佐矢筈山・綱附森登山口）,33.79577,133.900505,WGS84,788 789,土佐矢筈山、綱附森,,四国百名山,,登山記録で広く使われている登山口,,PK-g3379577_13390051(0m),,provisional,100,,"OpenStreetMap（© OpenStreetMap contributors, ODbL 1.0）node/1616584513（矢筈峠） ｜ 登山記録で広く使われている登山口（登山記録・登山情報サイトで名称と利用を確認。公式情報では未確認） 2026-09-24確認",
TH-osm-n261014454,trailhead,紅雲亭（寒霞渓 表十二景登山道）,34.508641,134.296419,WGS84,658,寒霞渓,,四国百名山,,登山記録で広く使われている登山口,,PK-n261014453(31m) BS-kP11-22-37-bs1943(74m) BS-kP11-22-37-bs1949(714m) BS-kP11-22-37-bs1949(714m),,provisional,50,,"OpenStreetMap（© OpenStreetMap contributors, ODbL 1.0）node/261014454（寒霞渓ロープウェイ 紅雲亭駅） ｜ 登山記録で広く使われている登山口（登山記録・登山情報サイトで名称と利用を確認。公式情報では未確認） 2026-09-24確認",
TH-osm-n2617205699,trailhead,ファガスの森 高城（高城山登山口）,33.904892,134.234578,WGS84,761,高城山,,四国百名山,,登山記録で広く使われている登山口,,PK-g3390489_13423458(0m),,provisional,100,,"OpenStreetMap（© OpenStreetMap contributors, ODbL 1.0）node/2617205699（ファガスの森 キャンプ場） ｜ 登山記録で広く使われている登山口（登山記録・登山情報サイトで名称と利用を確認。公式情報では未確認） 2026-09-24確認",
TH-osm-n278170170,trailhead,京柱峠（土佐矢筈山）,33.824139,133.861878,WGS84,788,土佐矢筈山,,四国百名山,,登山記録で広く使われている登山口,,,,provisional,100,,"OpenStreetMap（© OpenStreetMap contributors, ODbL 1.0）node/278170170（京柱峠） ｜ 登山記録で広く使われている登山口（登山記録・登山情報サイトで名称と利用を確認。公式情報では未確認） 2026-09-24確認",
TH-osm-n3271844680,trailhead,雲辺寺ロープウェイ山麓駅（雲辺寺山登山口）,34.056242,133.708525,WGS84,730,雲辺寺山,,四国百名山,,登山記録で広く使われている登山口,,PK-w657660419(69m) PK-w657660420(155m) PK-w657660421(208m),,provisional,50,,"OpenStreetMap（© OpenStreetMap contributors, ODbL 1.0）way/320603915（雲辺寺ロープウェイの山麓側の端点 node/3271844680） ｜ 登山記録で広く使われている登山口（登山記録・登山情報サイトで名称と利用を確認。公式情報では未確認） 2026-09-24確認",
TH-osm-n763764009,trailhead,相栗峠（竜王山・大滝山登山口）,34.117447,134.075426,WGS84,773 720,竜王山、大滝山,,四国百名山,,登山記録で広く使われている登山口,,PK-g3411745_13407543(0m) PK-w61015074(87m) BS-kP11-22-37-bs1764(468m),,provisional,100,,"OpenStreetMap（© OpenStreetMap contributors, ODbL 1.0）node/763764009（相栗峠） ｜ 登山記録で広く使われている登山口（登山記録・登山情報サイトで名称と利用を確認。公式情報では未確認） 2026-09-24確認",
TH-osm-n8586606354,trailhead,飯野町登山口（飯野山）,34.274463,133.834419,WGS84,697,飯野山,,四国百名山,,登山記録で広く使われている登山口,,BS-kP11-22-37-bs713(14m) BS-kP11-22-37-bs713(14m) BS-kP11-22-37-bs741(410m),,provisional,100,,"OpenStreetMap（© OpenStreetMap contributors, ODbL 1.0）node/8586606354（バス停「飯野山登山口」） ｜ 登山記録で広く使われている登山口（登山記録・登山情報サイトで名称と利用を確認。公式情報では未確認） 2026-09-24確認",
TH-osm-w196315970,trailhead,白山神社登山口（白山 三木町）,34.268178,134.150387,WGS84,10355,,白山,,,登山記録で広く使われている登山口,,PK-g3426818_13415039(0m) PK-w871830274(24m) BS-kP11-22-37-bs773(187m) BS-kP11-22-37-bs777(266m) BS-kP11-22-37-bs778(592m),,provisional,150,麓の白山神社から登り、山頂まで30分ほど。階段が多く急な斜面もある（三木町）,"OpenStreetMap（© OpenStreetMap contributors, ODbL 1.0）way/196315970（徒歩道、山頂へ続く）の南端、東24mに駐車場（way/871830274）。標高48.7m（国土地理院）。地理院地図の注記「白山駅」から161m。地理院地図の徒歩道で山頂まで約0.4km 2026-09-30確認 ｜ 登山記録で広く使われている登山口（登山記録・登山情報サイトで名称と利用を確認。公式情報では未確認） 2026-09-30確認",
TH-osm-w28399590,trailhead,焼山寺駐車場（焼山寺山）,33.987759,134.309025,WGS84,10360,,焼山寺山,,,公式情報による登山口,,PK-g3398776_13430902(0m) PK-w28399590(5m),course=焼山寺からさらに歩くと焼山寺山の山頂に建つ奥ノ院に着く。藤井寺からの遍路道は「へんろころがし」と呼ばれる険しい道（神山町）; access=道の駅「温泉の里神山」から約11km、車で約20分（神山町）; parking=駐車場あり（神山町）,adopted,100,,"OpenStreetMap（© OpenStreetMap contributors, ODbL 1.0）way/28399590（駐車場）、標高671.6m（国土地理院）。地理院地図の注記「十二番焼山寺」から332m、OSM の徒歩道（way/28399591）で境内へ続く。山頂の北東0.8km 2026-09-30確認 ｜ 公式情報: https://www.town.kamiyama.lg.jp/enjoy/map/docs/2025061900357/",2026-09-30
TH-osm-w567334942,trailhead,筆山公園駐車場（鷲尾山 南嶺コース）,33.549766,133.53436,WGS84,10363,,鷲尾山,,,登山記録で広く使われている登山口,,PK-g3354977_13353436(0m) PK-w567334942(16m) PK-w567334932(182m) BS-kP11-22-39-bs1181(441m) BS-kP11-22-39-bs1169(511m) BS-kP11-22-39-bs1169(511m),,provisional,150,筆山公園 第1駐車場（高知市筆山町10）から皿ヶ峰山頂を経て鷲尾山山頂へ歩く（高知市）、筆山登山口（真如寺前・要法寺西側）から筆山公園駐車場までは徒歩20分程度（高知市）,"OpenStreetMap（© OpenStreetMap contributors, ODbL 1.0）way/567334942（駐車場）、標高70.1m（国土地理院）。地理院地図の注記「筆山公園」から100m、注記「筆山トンネル」から47m。南東65m（33.549171, 133.534899）から OSM の徒歩道（way/1132080986・561807431・142996513）が皿ヶ峰・鷲尾山へ続く 2026-09-30確認 ｜ 登山記録で広く使われている登山口（登山記録・登山情報サイトで名称と利用を確認。公式情報では未確認） 2026-09-30確認",
TH-osm-w82490098,trailhead,屋島神社登山口（屋島）,34.344797,134.107183,WGS84,690,屋島,,四国百名山,,登山記録で広く使われている登山口,,PK-g343448_13410718(0m) PK-w82490098(0m) PK-w1328515234(354m) BS-kP11-22-37-bs162(246m) BS-kP11-22-37-bs185(372m) BS-n7349886235(740m),,provisional,200,,"OpenStreetMap（© OpenStreetMap contributors, ODbL 1.0）way/82490098「（名称なし）駐車場」の位置（34.344797, 134.107183） 2026-09-29確認 ｜ 登山記録で広く使われている登山口（登山記録・登山情報サイトで名称と利用を確認。公式情報では未確認） 2026-09-29確認",
TH-w1371045038,trailhead,タイムズ,34.1882861,133.8184805,WGS84,716,大麻山,,四国百名山,,駐車場・バス停（林道・車道を経由して登山道へ）,大麻山:3.71km,PK-w1371045038(0m) PK-w1371045039(74m) PK-w1371045037(83m) BS-kP11-22-37-bs1509(51m) BS-kP11-22-37-bs1504(153m) BS-kP11-22-37-bs1520(166m),,provisional,15,近くの道路にゲートあり（車両通行止め・季節閉鎖の可能性）、林道からの入口（マイカー進入可否を要確認）、公式情報または2情報源での確認が必要,"OpenStreetMap（© OpenStreetMap contributors, ODbL 1.0）Geofabrik japan-latest.osm.pbf 2026-09-30T20:22:42Z way/1371045038 ｜ OpenStreetMap（© OpenStreetMap contributors, ODbL 1.0）Geofabrik japan-latest.osm.pbf 2026-09-30T20:22:42Z node/2094265052（登山道と道路の接続点）",
TH-w422803842,trailhead,山上駐車場,34.3588006,134.102384,WGS84,690,屋島,,四国百名山,,駐車場・バス停（林道・車道を経由して登山道へ）,屋島:0.26km,PK-w422803842(0m) PK-w1137173396(323m) BS-kP11-22-37-bs52(58m) BS-kP11-22-37-bs50(985m) BS-kP11-22-37-bs50(985m),OSM登山ルート: 四国遍路 83番札所一宮寺~84番札所屋島寺、四国遍路 84番札所屋島寺~85番札所八栗寺,provisional,15,近くの道路にゲートあり（車両通行止め・季節閉鎖の可能性）、公式情報または2情報源での確認が必要,"OpenStreetMap（© OpenStreetMap contributors, ODbL 1.0）Geofabrik japan-latest.osm.pbf 2026-09-30T20:22:42Z way/422803842 ｜ OpenStreetMap（© OpenStreetMap contributors, ODbL 1.0）Geofabrik japan-latest.osm.pbf 2026-09-30T20:22:42Z node/8467335982（登山道と道路の接続点）",
