{
 "type": "FeatureCollection",
 "name": "四国",
 "generatedAt": "2026-09-24",
 "osmData": "japan-latest.osm.pbf 2026-09-23T20:22:04Z",
 "attribution": "© OpenStreetMap contributors (ODbL 1.0) / 出典：国土地理院（地名検索）",
 "features": [
  {
   "type": "Feature",
   "geometry": {
    "type": "Point",
    "coordinates": [
     134.2495896,
     33.9464673
    ]
   },
   "properties": {
    "id": "BS-kP11-22-36-bs1507",
    "kind": "bus_stop",
    "name": "伴蔵",
    "datum": "WGS84",
    "mountainIds": "738",
    "mountainNames": "東宮山",
    "lists": "四国百名山",
    "routes": "",
    "entryType": "",
    "trailKmToSummit": "",
    "related": "TH-kP11-22-36-bs1518(691m)",
    "attributes": "operator=神山町; busType=コミュニティバス; busRoutes=神山町営バス　勘場線",
    "status": "adopted",
    "accuracyM": 10,
    "needsReview": "運行状況（季節運行・休止・予約制）を要確認、登山口から離れている（徒歩アプローチを要確認）",
    "sources": "国土数値情報（バス停留所データ）令和4年度（国土交通省）P11-22-36-bs1507（33.946467, 134.249590、JGD2011）を加工して作成",
    "verifiedAt": ""
   }
  },
  {
   "type": "Feature",
   "geometry": {
    "type": "Point",
    "coordinates": [
     134.2430128,
     33.9434879
    ]
   },
   "properties": {
    "id": "BS-kP11-22-36-bs1518",
    "kind": "bus_stop",
    "name": "勘場",
    "datum": "WGS84",
    "mountainIds": "738",
    "mountainNames": "東宮山",
    "lists": "四国百名山",
    "routes": "",
    "entryType": "",
    "trailKmToSummit": "",
    "related": "TH-kP11-22-36-bs1518(0m) TH-n1853851050(357m)",
    "attributes": "operator=神山町; busType=コミュニティバス; busRoutes=神山町営バス　勘場線",
    "status": "adopted",
    "accuracyM": 10,
    "needsReview": "運行状況（季節運行・休止・予約制）を要確認",
    "sources": "国土数値情報（バス停留所データ）令和4年度（国土交通省）P11-22-36-bs1518（33.943488, 134.243013、JGD2011）を加工して作成",
    "verifiedAt": ""
   }
  },
  {
   "type": "Feature",
   "geometry": {
    "type": "Point",
    "coordinates": [
     133.7601284,
     33.9265247
    ]
   },
   "properties": {
    "id": "BS-kP11-22-36-bs1586",
    "kind": "bus_stop",
    "name": "小歩危峡",
    "datum": "WGS84",
    "mountainIds": "755",
    "mountainNames": "国見山",
    "lists": "四国百名山",
    "routes": "",
    "entryType": "",
    "trailKmToSummit": "",
    "related": "TH-n1793348226(567m)",
    "attributes": "operator=三好市; busType=コミュニティバス; busRoutes=下名線 / 平線",
    "status": "adopted",
    "accuracyM": 10,
    "needsReview": "運行状況（季節運行・休止・予約制）を要確認",
    "sources": "国土数値情報（バス停留所データ）令和4年度（国土交通省）P11-22-36-bs1586（33.926525, 133.760128、JGD2011）を加工して作成",
    "verifiedAt": ""
   }
  },
  {
   "type": "Feature",
   "geometry": {
    "type": "Point",
    "coordinates": [
     134.4207572,
     33.9243564
    ]
   },
   "properties": {
    "id": "BS-kP11-22-36-bs1597",
    "kind": "bus_stop",
    "name": "診療所",
    "datum": "WGS84",
    "mountainIds": "739",
    "mountainNames": "旭ヶ丸",
    "lists": "四国百名山",
    "routes": "",
    "entryType": "",
    "trailKmToSummit": "",
    "related": "TH-n1617280592(939m)",
    "attributes": "operator=上勝町; busType=公営路線バス; busRoutes=上勝町営バス",
    "status": "adopted",
    "accuracyM": 10,
    "needsReview": "運行状況（季節運行・休止・予約制）を要確認、登山口から離れている（徒歩アプローチを要確認）",
    "sources": "国土数値情報（バス停留所データ）令和4年度（国土交通省）P11-22-36-bs1597（33.924356, 134.420757、JGD2011）を加工して作成",
    "verifiedAt": ""
   }
  },
  {
   "type": "Feature",
   "geometry": {
    "type": "Point",
    "coordinates": [
     133.759061,
     33.9221728
    ]
   },
   "properties": {
    "id": "BS-kP11-22-36-bs1605",
    "kind": "bus_stop",
    "name": "小歩危駅前",
    "datum": "WGS84",
    "mountainIds": "755",
    "mountainNames": "国見山",
    "lists": "四国百名山",
    "routes": "",
    "entryType": "",
    "trailKmToSummit": "",
    "related": "TH-n1793348226(78m)",
    "attributes": "operator=三好市; busType=コミュニティバス; busRoutes=下名線 / 平線",
    "status": "adopted",
    "accuracyM": 10,
    "needsReview": "運行状況（季節運行・休止・予約制）を要確認",
    "sources": "国土数値情報（バス停留所データ）令和4年度（国土交通省）P11-22-36-bs1605（33.922173, 133.759061、JGD2011）を加工して作成",
    "verifiedAt": ""
   }
  },
  {
   "type": "Feature",
   "geometry": {
    "type": "Point",
    "coordinates": [
     133.759061,
     33.9221728
    ]
   },
   "properties": {
    "id": "BS-kP11-22-36-bs1606",
    "kind": "bus_stop",
    "name": "小歩危駅前",
    "datum": "WGS84",
    "mountainIds": "755",
    "mountainNames": "国見山",
    "lists": "四国百名山",
    "routes": "",
    "entryType": "",
    "trailKmToSummit": "",
    "related": "TH-n1793348226(78m)",
    "attributes": "operator=四国交通（株）; busType=民間路線バス; busRoutes=祖谷線（本線）",
    "status": "adopted",
    "accuracyM": 10,
    "needsReview": "運行状況（季節運行・休止・予約制）を要確認",
    "sources": "国土数値情報（バス停留所データ）令和4年度（国土交通省）P11-22-36-bs1606（33.922173, 133.759061、JGD2011）を加工して作成",
    "verifiedAt": ""
   }
  },
  {
   "type": "Feature",
   "geometry": {
    "type": "Point",
    "coordinates": [
     133.7600018,
     33.8851181
    ]
   },
   "properties": {
    "id": "BS-kP11-22-36-bs1714",
    "kind": "bus_stop",
    "name": "大歩危峡",
    "datum": "WGS84",
    "mountainIds": "755",
    "mountainNames": "国見山",
    "lists": "四国百名山",
    "routes": "",
    "entryType": "",
    "trailKmToSummit": "",
    "related": "TH-n1793344548(573m) TH-n1793345107(626m)",
    "attributes": "operator=三好市; busType=コミュニティバス; busRoutes=下名線 / 平線",
    "status": "adopted",
    "accuracyM": 10,
    "needsReview": "運行状況（季節運行・休止・予約制）を要確認、登山口から離れている（徒歩アプローチを要確認）",
    "sources": "国土数値情報（バス停留所データ）令和4年度（国土交通省）P11-22-36-bs1714（33.885118, 133.760002、JGD2011）を加工して作成",
    "verifiedAt": ""
   }
  },
  {
   "type": "Feature",
   "geometry": {
    "type": "Point",
    "coordinates": [
     133.7600018,
     33.8851181
    ]
   },
   "properties": {
    "id": "BS-kP11-22-36-bs1715",
    "kind": "bus_stop",
    "name": "大歩危峡",
    "datum": "WGS84",
    "mountainIds": "755",
    "mountainNames": "国見山",
    "lists": "四国百名山",
    "routes": "",
    "entryType": "",
    "trailKmToSummit": "",
    "related": "TH-n1793344548(573m) TH-n1793345107(626m)",
    "attributes": "operator=四国交通（株）; busType=民間路線バス; busRoutes=祖谷線（本線） / 祖谷線（支線）",
    "status": "adopted",
    "accuracyM": 10,
    "needsReview": "運行状況（季節運行・休止・予約制）を要確認、登山口から離れている（徒歩アプローチを要確認）",
    "sources": "国土数値情報（バス停留所データ）令和4年度（国土交通省）P11-22-36-bs1715（33.885118, 133.760002、JGD2011）を加工して作成",
    "verifiedAt": ""
   }
  },
  {
   "type": "Feature",
   "geometry": {
    "type": "Point",
    "coordinates": [
     133.7583681,
     33.8832339
    ]
   },
   "properties": {
    "id": "BS-kP11-22-36-bs1726",
    "kind": "bus_stop",
    "name": "藤川橋",
    "datum": "WGS84",
    "mountainIds": "755",
    "mountainNames": "国見山",
    "lists": "四国百名山",
    "routes": "",
    "entryType": "",
    "trailKmToSummit": "",
    "related": "TH-n1793345107(870m)",
    "attributes": "operator=三好市; busType=コミュニティバス; busRoutes=平線",
    "status": "adopted",
    "accuracyM": 10,
    "needsReview": "運行状況（季節運行・休止・予約制）を要確認、登山口から離れている（徒歩アプローチを要確認）",
    "sources": "国土数値情報（バス停留所データ）令和4年度（国土交通省）P11-22-36-bs1726（33.883234, 133.758368、JGD2011）を加工して作成",
    "verifiedAt": ""
   }
  },
  {
   "type": "Feature",
   "geometry": {
    "type": "Point",
    "coordinates": [
     133.9293493,
     33.8819907
    ]
   },
   "properties": {
    "id": "BS-kP11-22-36-bs1730",
    "kind": "bus_stop",
    "name": "鎖谷下",
    "datum": "WGS84",
    "mountainIds": "747 758",
    "mountainNames": "烏帽子山、寒峰",
    "lists": "四国百名山",
    "routes": "",
    "entryType": "",
    "trailKmToSummit": "",
    "related": "TH-n1699094826(770m)",
    "attributes": "operator=三好市; busType=コミュニティバス; busRoutes=名頃線",
    "status": "adopted",
    "accuracyM": 10,
    "needsReview": "運行状況（季節運行・休止・予約制）を要確認、登山口から離れている（徒歩アプローチを要確認）",
    "sources": "国土数値情報（バス停留所データ）令和4年度（国土交通省）P11-22-36-bs1730（33.881991, 133.929349、JGD2011）を加工して作成",
    "verifiedAt": ""
   }
  },
  {
   "type": "Feature",
   "geometry": {
    "type": "Point",
    "coordinates": [
     133.9293493,
     33.8819907
    ]
   },
   "properties": {
    "id": "BS-kP11-22-36-bs1731",
    "kind": "bus_stop",
    "name": "鎖谷下",
    "datum": "WGS84",
    "mountainIds": "747 758",
    "mountainNames": "烏帽子山、寒峰",
    "lists": "四国百名山",
    "routes": "",
    "entryType": "",
    "trailKmToSummit": "",
    "related": "TH-n1699094826(770m)",
    "attributes": "operator=四国交通（株）; busType=民間路線バス; busRoutes=祖谷線（本線）",
    "status": "adopted",
    "accuracyM": 10,
    "needsReview": "運行状況（季節運行・休止・予約制）を要確認、登山口から離れている（徒歩アプローチを要確認）",
    "sources": "国土数値情報（バス停留所データ）令和4年度（国土交通省）P11-22-36-bs1731（33.881991, 133.929349、JGD2011）を加工して作成",
    "verifiedAt": ""
   }
  },
  {
   "type": "Feature",
   "geometry": {
    "type": "Point",
    "coordinates": [
     133.9318052,
     33.8812086
    ]
   },
   "properties": {
    "id": "BS-kP11-22-36-bs1735",
    "kind": "bus_stop",
    "name": "鎖谷",
    "datum": "WGS84",
    "mountainIds": "747 758",
    "mountainNames": "烏帽子山、寒峰",
    "lists": "四国百名山",
    "routes": "",
    "entryType": "",
    "trailKmToSummit": "",
    "related": "TH-n1699094826(885m)",
    "attributes": "operator=三好市; busType=コミュニティバス; busRoutes=名頃線",
    "status": "adopted",
    "accuracyM": 10,
    "needsReview": "運行状況（季節運行・休止・予約制）を要確認、登山口から離れている（徒歩アプローチを要確認）",
    "sources": "国土数値情報（バス停留所データ）令和4年度（国土交通省）P11-22-36-bs1735（33.881209, 133.931805、JGD2011）を加工して作成",
    "verifiedAt": ""
   }
  },
  {
   "type": "Feature",
   "geometry": {
    "type": "Point",
    "coordinates": [
     133.759873,
     33.8810425
    ]
   },
   "properties": {
    "id": "BS-kP11-22-36-bs1738",
    "kind": "bus_stop",
    "name": "道の駅大歩危",
    "datum": "WGS84",
    "mountainIds": "755",
    "mountainNames": "国見山",
    "lists": "四国百名山",
    "routes": "",
    "entryType": "",
    "trailKmToSummit": "",
    "related": "TH-n1793344548(606m)",
    "attributes": "operator=三好市; busType=コミュニティバス; busRoutes=下名線 / 平線",
    "status": "adopted",
    "accuracyM": 10,
    "needsReview": "運行状況（季節運行・休止・予約制）を要確認、登山口から離れている（徒歩アプローチを要確認）",
    "sources": "国土数値情報（バス停留所データ）令和4年度（国土交通省）P11-22-36-bs1738（33.881043, 133.759873、JGD2011）を加工して作成",
    "verifiedAt": ""
   }
  },
  {
   "type": "Feature",
   "geometry": {
    "type": "Point",
    "coordinates": [
     133.7733468,
     33.8787617
    ]
   },
   "properties": {
    "id": "BS-kP11-22-36-bs1759",
    "kind": "bus_stop",
    "name": "徳善",
    "datum": "WGS84",
    "mountainIds": "755",
    "mountainNames": "国見山",
    "lists": "四国百名山",
    "routes": "",
    "entryType": "",
    "trailKmToSummit": "",
    "related": "TH-n13829937798(180m)",
    "attributes": "operator=三好市; busType=コミュニティバス; busRoutes=かずら橋・大歩危線 / 吾橋・有瀬線",
    "status": "adopted",
    "accuracyM": 10,
    "needsReview": "運行状況（季節運行・休止・予約制）を要確認",
    "sources": "国土数値情報（バス停留所データ）令和4年度（国土交通省）P11-22-36-bs1759（33.878762, 133.773347、JGD2011）を加工して作成",
    "verifiedAt": ""
   }
  },
  {
   "type": "Feature",
   "geometry": {
    "type": "Point",
    "coordinates": [
     133.7733468,
     33.8787617
    ]
   },
   "properties": {
    "id": "BS-kP11-22-36-bs1760",
    "kind": "bus_stop",
    "name": "徳善",
    "datum": "WGS84",
    "mountainIds": "755",
    "mountainNames": "国見山",
    "lists": "四国百名山",
    "routes": "",
    "entryType": "",
    "trailKmToSummit": "",
    "related": "TH-n13829937798(180m)",
    "attributes": "operator=四国交通（株）; busType=民間路線バス; busRoutes=祖谷線（本線） / 祖谷線（支線）",
    "status": "adopted",
    "accuracyM": 10,
    "needsReview": "運行状況（季節運行・休止・予約制）を要確認",
    "sources": "国土数値情報（バス停留所データ）令和4年度（国土交通省）P11-22-36-bs1760（33.878762, 133.773347、JGD2011）を加工して作成",
    "verifiedAt": ""
   }
  },
  {
   "type": "Feature",
   "geometry": {
    "type": "Point",
    "coordinates": [
     133.9938904,
     33.8765809
    ]
   },
   "properties": {
    "id": "BS-kP11-22-36-bs1774",
    "kind": "bus_stop",
    "name": "切谷",
    "datum": "WGS84",
    "mountainIds": "778 780 787",
    "mountainNames": "三嶺、天狗塚、白髪山",
    "lists": "日本二百名山|日本三百名山|四国百名山",
    "routes": "",
    "entryType": "",
    "trailKmToSummit": "",
    "related": "TH-n1530344762(414m)",
    "attributes": "operator=三好市; busType=コミュニティバス; busRoutes=名頃線",
    "status": "adopted",
    "accuracyM": 10,
    "needsReview": "運行状況（季節運行・休止・予約制）を要確認",
    "sources": "国土数値情報（バス停留所データ）令和4年度（国土交通省）P11-22-36-bs1774（33.876581, 133.993890、JGD2011）を加工して作成",
    "verifiedAt": ""
   }
  },
  {
   "type": "Feature",
   "geometry": {
    "type": "Point",
    "coordinates": [
     133.7679363,
     33.8762818
    ]
   },
   "properties": {
    "id": "BS-kP11-22-36-bs1777",
    "kind": "bus_stop",
    "name": "大歩危駅上",
    "datum": "WGS84",
    "mountainIds": "755",
    "mountainNames": "国見山",
    "lists": "四国百名山",
    "routes": "",
    "entryType": "",
    "trailKmToSummit": "",
    "related": "TH-n13829937798(432m)",
    "attributes": "operator=四国交通（株）; busType=民間路線バス; busRoutes=祖谷線（本線） / 祖谷線（支線）",
    "status": "adopted",
    "accuracyM": 10,
    "needsReview": "運行状況（季節運行・休止・予約制）を要確認",
    "sources": "国土数値情報（バス停留所データ）令和4年度（国土交通省）P11-22-36-bs1777（33.876282, 133.767936、JGD2011）を加工して作成",
    "verifiedAt": ""
   }
  },
  {
   "type": "Feature",
   "geometry": {
    "type": "Point",
    "coordinates": [
     133.9973004,
     33.8745133
    ]
   },
   "properties": {
    "id": "BS-kP11-22-36-bs1798",
    "kind": "bus_stop",
    "name": "角領",
    "datum": "WGS84",
    "mountainIds": "778 780 787",
    "mountainNames": "三嶺、天狗塚、白髪山",
    "lists": "日本二百名山|日本三百名山|四国百名山",
    "routes": "",
    "entryType": "",
    "trailKmToSummit": "",
    "related": "TH-n1530344762(231m)",
    "attributes": "operator=三好市; busType=コミュニティバス; busRoutes=名頃線",
    "status": "adopted",
    "accuracyM": 10,
    "needsReview": "運行状況（季節運行・休止・予約制）を要確認",
    "sources": "国土数値情報（バス停留所データ）令和4年度（国土交通省）P11-22-36-bs1798（33.874513, 133.997300、JGD2011）を加工して作成",
    "verifiedAt": ""
   }
  },
  {
   "type": "Feature",
   "geometry": {
    "type": "Point",
    "coordinates": [
     134.0009452,
     33.8737448
    ]
   },
   "properties": {
    "id": "BS-kP11-22-36-bs1808",
    "kind": "bus_stop",
    "name": "栗本",
    "datum": "WGS84",
    "mountainIds": "778 780 787",
    "mountainNames": "三嶺、天狗塚、白髪山",
    "lists": "日本二百名山|日本三百名山|四国百名山",
    "routes": "",
    "entryType": "",
    "trailKmToSummit": "",
    "related": "TH-n1530344762(510m)",
    "attributes": "operator=三好市; busType=コミュニティバス; busRoutes=名頃線",
    "status": "adopted",
    "accuracyM": 10,
    "needsReview": "運行状況（季節運行・休止・予約制）を要確認",
    "sources": "国土数値情報（バス停留所データ）令和4年度（国土交通省）P11-22-36-bs1808（33.873745, 134.000945、JGD2011）を加工して作成",
    "verifiedAt": ""
   }
  },
  {
   "type": "Feature",
   "geometry": {
    "type": "Point",
    "coordinates": [
     133.9816145,
     33.8732754
    ]
   },
   "properties": {
    "id": "BS-kP11-22-36-bs1815",
    "kind": "bus_stop",
    "name": "岩角橋",
    "datum": "WGS84",
    "mountainIds": "778 780 787",
    "mountainNames": "三嶺、天狗塚、白髪山",
    "lists": "日本二百名山|日本三百名山|四国百名山",
    "routes": "",
    "entryType": "",
    "trailKmToSummit": "",
    "related": "TH-n3718179777(571m)",
    "attributes": "operator=三好市; busType=コミュニティバス; busRoutes=名頃線",
    "status": "adopted",
    "accuracyM": 10,
    "needsReview": "運行状況（季節運行・休止・予約制）を要確認",
    "sources": "国土数値情報（バス停留所データ）令和4年度（国土交通省）P11-22-36-bs1815（33.873275, 133.981615、JGD2011）を加工して作成",
    "verifiedAt": ""
   }
  },
  {
   "type": "Feature",
   "geometry": {
    "type": "Point",
    "coordinates": [
     133.9775697,
     33.8723823
    ]
   },
   "properties": {
    "id": "BS-kP11-22-36-bs1818",
    "kind": "bus_stop",
    "name": "不動前",
    "datum": "WGS84",
    "mountainIds": "778 780 787",
    "mountainNames": "三嶺、天狗塚、白髪山",
    "lists": "日本二百名山|日本三百名山|四国百名山",
    "routes": "",
    "entryType": "",
    "trailKmToSummit": "",
    "related": "TH-n3718179777(430m)",
    "attributes": "operator=三好市; busType=コミュニティバス; busRoutes=名頃線",
    "status": "adopted",
    "accuracyM": 10,
    "needsReview": "運行状況（季節運行・休止・予約制）を要確認",
    "sources": "国土数値情報（バス停留所データ）令和4年度（国土交通省）P11-22-36-bs1818（33.872382, 133.977570、JGD2011）を加工して作成",
    "verifiedAt": ""
   }
  },
  {
   "type": "Feature",
   "geometry": {
    "type": "Point",
    "coordinates": [
     134.5576045,
     33.8699411
    ]
   },
   "properties": {
    "id": "BS-kP11-22-36-bs1831",
    "kind": "bus_stop",
    "name": "阿瀬比",
    "datum": "WGS84",
    "mountainIds": "770",
    "mountainNames": "太竜寺山",
    "lists": "四国百名山",
    "routes": "",
    "entryType": "",
    "trailKmToSummit": "",
    "related": "TH-n1890946778(112m)",
    "attributes": "operator=徳島バス（株）; busType=民間路線バス; busRoutes=88　丹生谷線",
    "status": "adopted",
    "accuracyM": 10,
    "needsReview": "運行状況（季節運行・休止・予約制）を要確認",
    "sources": "国土数値情報（バス停留所データ）令和4年度（国土交通省）P11-22-36-bs1831（33.869941, 134.557604、JGD2011）を加工して作成",
    "verifiedAt": ""
   }
  },
  {
   "type": "Feature",
   "geometry": {
    "type": "Point",
    "coordinates": [
     133.9742689,
     33.8699067
    ]
   },
   "properties": {
    "id": "BS-kP11-22-36-bs1832",
    "kind": "bus_stop",
    "name": "石船",
    "datum": "WGS84",
    "mountainIds": "778 780 787",
    "mountainNames": "三嶺、天狗塚、白髪山",
    "lists": "日本二百名山|日本三百名山|四国百名山",
    "routes": "",
    "entryType": "",
    "trailKmToSummit": "",
    "related": "TH-n3718179777(447m)",
    "attributes": "operator=三好市; busType=コミュニティバス; busRoutes=名頃線",
    "status": "adopted",
    "accuracyM": 10,
    "needsReview": "運行状況（季節運行・休止・予約制）を要確認",
    "sources": "国土数値情報（バス停留所データ）令和4年度（国土交通省）P11-22-36-bs1832（33.869907, 133.974269、JGD2011）を加工して作成",
    "verifiedAt": ""
   }
  },
  {
   "type": "Feature",
   "geometry": {
    "type": "Point",
    "coordinates": [
     134.5526615,
     33.8675372
    ]
   },
   "properties": {
    "id": "BS-kP11-22-36-bs1843",
    "kind": "bus_stop",
    "name": "東内上",
    "datum": "WGS84",
    "mountainIds": "770",
    "mountainNames": "太竜寺山",
    "lists": "四国百名山",
    "routes": "",
    "entryType": "",
    "trailKmToSummit": "",
    "related": "TH-n1890946778(511m)",
    "attributes": "operator=徳島バス（株）; busType=民間路線バス; busRoutes=88　丹生谷線",
    "status": "adopted",
    "accuracyM": 10,
    "needsReview": "運行状況（季節運行・休止・予約制）を要確認",
    "sources": "国土数値情報（バス停留所データ）令和4年度（国土交通省）P11-22-36-bs1843（33.867537, 134.552661、JGD2011）を加工して作成",
    "verifiedAt": ""
   }
  },
  {
   "type": "Feature",
   "geometry": {
    "type": "Point",
    "coordinates": [
     134.0915297,
     33.8669807
    ]
   },
   "properties": {
    "id": "BS-kP11-22-36-bs1845",
    "kind": "bus_stop",
    "name": "剣山",
    "datum": "WGS84",
    "mountainIds": "775 776 777 778 787",
    "mountainNames": "一ノ森、次郎笈、剣山、三嶺、白髪山",
    "lists": "四国百名山|日本百名山|日本二百名山|日本三百名山",
    "routes": "",
    "entryType": "",
    "trailKmToSummit": "",
    "related": "TH-n11977956511(242m) TH-n11977956512(719m) TH-n278073861(588m)",
    "attributes": "operator=三好市; busType=コミュニティバス; busRoutes=名頃線",
    "status": "adopted",
    "accuracyM": 10,
    "needsReview": "運行状況（季節運行・休止・予約制）を要確認、登山口から離れている（徒歩アプローチを要確認）",
    "sources": "国土数値情報（バス停留所データ）令和4年度（国土交通省）P11-22-36-bs1845（33.866981, 134.091530、JGD2011）を加工して作成",
    "verifiedAt": ""
   }
  },
  {
   "type": "Feature",
   "geometry": {
    "type": "Point",
    "coordinates": [
     134.5304498,
     33.8597504
    ]
   },
   "properties": {
    "id": "BS-kP11-22-36-bs1873",
    "kind": "bus_stop",
    "name": "中山中",
    "datum": "WGS84",
    "mountainIds": "770",
    "mountainNames": "太竜寺山",
    "lists": "四国百名山",
    "routes": "",
    "entryType": "",
    "trailKmToSummit": "",
    "related": "TH-n388451477(797m)",
    "attributes": "operator=徳島バス（株）; busType=民間路線バス; busRoutes=88　丹生谷線",
    "status": "adopted",
    "accuracyM": 10,
    "needsReview": "運行状況（季節運行・休止・予約制）を要確認、登山口から離れている（徒歩アプローチを要確認）",
    "sources": "国土数値情報（バス停留所データ）令和4年度（国土交通省）P11-22-36-bs1873（33.859750, 134.530450、JGD2011）を加工して作成",
    "verifiedAt": ""
   }
  },
  {
   "type": "Feature",
   "geometry": {
    "type": "Point",
    "coordinates": [
     134.5178614,
     33.8587157
    ]
   },
   "properties": {
    "id": "BS-kP11-22-36-bs1880",
    "kind": "bus_stop",
    "name": "中山下",
    "datum": "WGS84",
    "mountainIds": "770",
    "mountainNames": "太竜寺山",
    "lists": "四国百名山",
    "routes": "",
    "entryType": "",
    "trailKmToSummit": "",
    "related": "TH-n388451477(545m)",
    "attributes": "operator=徳島バス（株）; busType=民間路線バス; busRoutes=88　丹生谷線",
    "status": "adopted",
    "accuracyM": 10,
    "needsReview": "運行状況（季節運行・休止・予約制）を要確認",
    "sources": "国土数値情報（バス停留所データ）令和4年度（国土交通省）P11-22-36-bs1880（33.858716, 134.517861、JGD2011）を加工して作成",
    "verifiedAt": ""
   }
  },
  {
   "type": "Feature",
   "geometry": {
    "type": "Point",
    "coordinates": [
     134.5227107,
     33.8575507
    ]
   },
   "properties": {
    "id": "BS-kP11-22-36-bs1888",
    "kind": "bus_stop",
    "name": "中山薬師前",
    "datum": "WGS84",
    "mountainIds": "770",
    "mountainNames": "太竜寺山",
    "lists": "四国百名山",
    "routes": "",
    "entryType": "",
    "trailKmToSummit": "",
    "related": "TH-n388451477(493m)",
    "attributes": "operator=徳島バス（株）; busType=民間路線バス; busRoutes=88　丹生谷線",
    "status": "adopted",
    "accuracyM": 10,
    "needsReview": "運行状況（季節運行・休止・予約制）を要確認",
    "sources": "国土数値情報（バス停留所データ）令和4年度（国土交通省）P11-22-36-bs1888（33.857551, 134.522711、JGD2011）を加工して作成",
    "verifiedAt": ""
   }
  },
  {
   "type": "Feature",
   "geometry": {
    "type": "Point",
    "coordinates": [
     134.5146454,
     33.8565788
    ]
   },
   "properties": {
    "id": "BS-kP11-22-36-bs1890",
    "kind": "bus_stop",
    "name": "大下",
    "datum": "WGS84",
    "mountainIds": "770",
    "mountainNames": "太竜寺山",
    "lists": "四国百名山",
    "routes": "",
    "entryType": "",
    "trailKmToSummit": "",
    "related": "TH-n388451518(804m)",
    "attributes": "operator=徳島バス（株）; busType=民間路線バス; busRoutes=88　丹生谷線",
    "status": "adopted",
    "accuracyM": 10,
    "needsReview": "運行状況（季節運行・休止・予約制）を要確認、登山口から離れている（徒歩アプローチを要確認）",
    "sources": "国土数値情報（バス停留所データ）令和4年度（国土交通省）P11-22-36-bs1890（33.856579, 134.514645、JGD2011）を加工して作成",
    "verifiedAt": ""
   }
  },
  {
   "type": "Feature",
   "geometry": {
    "type": "Point",
    "coordinates": [
     134.5034929,
     33.8562018
    ]
   },
   "properties": {
    "id": "BS-kP11-22-36-bs1892",
    "kind": "bus_stop",
    "name": "和食東",
    "datum": "WGS84",
    "mountainIds": "770",
    "mountainNames": "太竜寺山",
    "lists": "四国百名山",
    "routes": "",
    "entryType": "",
    "trailKmToSummit": "",
    "related": "TH-n388451518(863m)",
    "attributes": "operator=徳島バス（株）; busType=民間路線バス; busRoutes=88　丹生谷線",
    "status": "adopted",
    "accuracyM": 10,
    "needsReview": "運行状況（季節運行・休止・予約制）を要確認、登山口から離れている（徒歩アプローチを要確認）",
    "sources": "国土数値情報（バス停留所データ）令和4年度（国土交通省）P11-22-36-bs1892（33.856202, 134.503493、JGD2011）を加工して作成",
    "verifiedAt": ""
   }
  },
  {
   "type": "Feature",
   "geometry": {
    "type": "Point",
    "coordinates": [
     134.5069962,
     33.856062
    ]
   },
   "properties": {
    "id": "BS-kP11-22-36-bs1894",
    "kind": "bus_stop",
    "name": "八幡原",
    "datum": "WGS84",
    "mountainIds": "770",
    "mountainNames": "太竜寺山",
    "lists": "四国百名山",
    "routes": "",
    "entryType": "",
    "trailKmToSummit": "",
    "related": "TH-n388451518(724m)",
    "attributes": "operator=徳島バス（株）; busType=民間路線バス; busRoutes=88　丹生谷線",
    "status": "adopted",
    "accuracyM": 10,
    "needsReview": "運行状況（季節運行・休止・予約制）を要確認、登山口から離れている（徒歩アプローチを要確認）",
    "sources": "国土数値情報（バス停留所データ）令和4年度（国土交通省）P11-22-36-bs1894（33.856062, 134.506996、JGD2011）を加工して作成",
    "verifiedAt": ""
   }
  },
  {
   "type": "Feature",
   "geometry": {
    "type": "Point",
    "coordinates": [
     134.0199781,
     33.8559736
    ]
   },
   "properties": {
    "id": "BS-kP11-22-36-bs1897",
    "kind": "bus_stop",
    "name": "名頃下",
    "datum": "WGS84",
    "mountainIds": "772 776 777 787 778 780",
    "mountainNames": "塔ノ丸、次郎笈、剣山、白髪山、三嶺、天狗塚",
    "lists": "四国百名山|日本百名山|日本二百名山|日本三百名山",
    "routes": "",
    "entryType": "",
    "trailKmToSummit": "",
    "related": "TH-n5893943539(559m) TH-n5893943539-2(384m)",
    "attributes": "operator=三好市; busType=コミュニティバス; busRoutes=名頃線",
    "status": "adopted",
    "accuracyM": 10,
    "needsReview": "運行状況（季節運行・休止・予約制）を要確認",
    "sources": "国土数値情報（バス停留所データ）令和4年度（国土交通省）P11-22-36-bs1897（33.855974, 134.019978、JGD2011）を加工して作成",
    "verifiedAt": ""
   }
  },
  {
   "type": "Feature",
   "geometry": {
    "type": "Point",
    "coordinates": [
     134.0223664,
     33.8531306
    ]
   },
   "properties": {
    "id": "BS-kP11-22-36-bs1902",
    "kind": "bus_stop",
    "name": "名頃",
    "datum": "WGS84",
    "mountainIds": "772 776 777 787 778 780",
    "mountainNames": "塔ノ丸、次郎笈、剣山、白髪山、三嶺、天狗塚",
    "lists": "四国百名山|日本百名山|日本二百名山|日本三百名山",
    "routes": "",
    "entryType": "",
    "trailKmToSummit": "",
    "related": "TH-n5893943539(176m) TH-n5893943539-2(0m)",
    "attributes": "operator=三好市; busType=コミュニティバス; busRoutes=名頃線",
    "status": "adopted",
    "accuracyM": 10,
    "needsReview": "運行状況（季節運行・休止・予約制）を要確認",
    "sources": "国土数値情報（バス停留所データ）令和4年度（国土交通省）P11-22-36-bs1902（33.853131, 134.022366、JGD2011）を加工して作成",
    "verifiedAt": ""
   }
  },
  {
   "type": "Feature",
   "geometry": {
    "type": "Point",
    "coordinates": [
     133.8934741,
     33.8416311
    ]
   },
   "properties": {
    "id": "BS-kP11-22-36-bs1935",
    "kind": "bus_stop",
    "name": "小川",
    "datum": "WGS84",
    "mountainIds": "780",
    "mountainNames": "天狗塚",
    "lists": "四国百名山",
    "routes": "",
    "entryType": "",
    "trailKmToSummit": "",
    "related": "TH-n1699061277(252m)",
    "attributes": "operator=三好市; busType=コミュニティバス; busRoutes=高野線",
    "status": "adopted",
    "accuracyM": 10,
    "needsReview": "運行状況（季節運行・休止・予約制）を要確認",
    "sources": "国土数値情報（バス停留所データ）令和4年度（国土交通省）P11-22-36-bs1935（33.841631, 133.893474、JGD2011）を加工して作成",
    "verifiedAt": ""
   }
  },
  {
   "type": "Feature",
   "geometry": {
    "type": "Point",
    "coordinates": [
     134.0698926,
     33.7692727
    ]
   },
   "properties": {
    "id": "BS-kP11-22-36-bs2118",
    "kind": "bus_stop",
    "name": "日和田",
    "datum": "WGS84",
    "mountainIds": "794",
    "mountainNames": "石立山",
    "lists": "四国百名山",
    "routes": "",
    "entryType": "",
    "trailKmToSummit": "",
    "related": "TH-n1592567555(92m)",
    "attributes": "operator=徳島バス南部（株）; busType=民間路線バス; busRoutes=丹生谷線",
    "status": "adopted",
    "accuracyM": 10,
    "needsReview": "運行状況（季節運行・休止・予約制）を要確認",
    "sources": "国土数値情報（バス停留所データ）令和4年度（国土交通省）P11-22-36-bs2118（33.769273, 134.069893、JGD2011）を加工して作成",
    "verifiedAt": ""
   }
  },
  {
   "type": "Feature",
   "geometry": {
    "type": "Point",
    "coordinates": [
     133.5882129,
     34.2413195
    ]
   },
   "properties": {
    "id": "BS-kP11-22-37-bs1056",
    "kind": "bus_stop",
    "name": "笹谷",
    "datum": "WGS84",
    "mountainIds": "702",
    "mountainNames": "紫雲出山",
    "lists": "四国百名山",
    "routes": "",
    "entryType": "",
    "trailKmToSummit": "",
    "related": "TH-n1099878327(920m)",
    "attributes": "operator=三豊市; busType=コミュニティバス; busRoutes=荘内線",
    "status": "adopted",
    "accuracyM": 10,
    "needsReview": "運行状況（季節運行・休止・予約制）を要確認、登山口から離れている（徒歩アプローチを要確認）",
    "sources": "国土数値情報（バス停留所データ）令和4年度（国土交通省）P11-22-37-bs1056（34.241319, 133.588213、JGD2011）を加工して作成",
    "verifiedAt": ""
   }
  },
  {
   "type": "Feature",
   "geometry": {
    "type": "Point",
    "coordinates": [
     133.5950191,
     34.2373123
    ]
   },
   "properties": {
    "id": "BS-kP11-22-37-bs1105",
    "kind": "bus_stop",
    "name": "紫雲出山登山口",
    "datum": "WGS84",
    "mountainIds": "702",
    "mountainNames": "紫雲出山",
    "lists": "四国百名山",
    "routes": "",
    "entryType": "",
    "trailKmToSummit": "",
    "related": "TH-n1099878327(665m)",
    "attributes": "operator=三豊市; busType=コミュニティバス; busRoutes=荘内線",
    "status": "adopted",
    "accuracyM": 10,
    "needsReview": "運行状況（季節運行・休止・予約制）を要確認、登山口から離れている（徒歩アプローチを要確認）",
    "sources": "国土数値情報（バス停留所データ）令和4年度（国土交通省）P11-22-37-bs1105（34.237312, 133.595019、JGD2011）を加工して作成 ｜ OpenStreetMap（© OpenStreetMap contributors, ODbL 1.0）Geofabrik japan-latest.osm.pbf 2026-09-23T20:22:04Z node/1099877281",
    "verifiedAt": ""
   }
  },
  {
   "type": "Feature",
   "geometry": {
    "type": "Point",
    "coordinates": [
     133.5996748,
     34.2343113
    ]
   },
   "properties": {
    "id": "BS-kP11-22-37-bs1135",
    "kind": "bus_stop",
    "name": "小浜",
    "datum": "WGS84",
    "mountainIds": "702",
    "mountainNames": "紫雲出山",
    "lists": "四国百名山",
    "routes": "",
    "entryType": "",
    "trailKmToSummit": "",
    "related": "TH-n1099878327(947m)",
    "attributes": "operator=三豊市; busType=コミュニティバス; busRoutes=荘内線",
    "status": "adopted",
    "accuracyM": 10,
    "needsReview": "運行状況（季節運行・休止・予約制）を要確認、登山口から離れている（徒歩アプローチを要確認）",
    "sources": "国土数値情報（バス停留所データ）令和4年度（国土交通省）P11-22-37-bs1135（34.234311, 133.599675、JGD2011）を加工して作成",
    "verifiedAt": ""
   }
  },
  {
   "type": "Feature",
   "geometry": {
    "type": "Point",
    "coordinates": [
     133.7504764,
     34.2228935
    ]
   },
   "properties": {
    "id": "BS-kP11-22-37-bs1273",
    "kind": "bus_stop",
    "name": "曼荼羅寺前",
    "datum": "WGS84",
    "mountainIds": "713",
    "mountainNames": "我拝師山",
    "lists": "四国百名山",
    "routes": "",
    "entryType": "",
    "trailKmToSummit": "",
    "related": "TH-n4507394264(597m)",
    "attributes": "operator=善通寺市; busType=コミュニティバス; busRoutes=市民バス（空海号）吉原コース",
    "status": "adopted",
    "accuracyM": 10,
    "needsReview": "運行状況（季節運行・休止・予約制）を要確認",
    "sources": "国土数値情報（バス停留所データ）令和4年度（国土交通省）P11-22-37-bs1273（34.222893, 133.750476、JGD2011）を加工して作成",
    "verifiedAt": ""
   }
  },
  {
   "type": "Feature",
   "geometry": {
    "type": "Point",
    "coordinates": [
     133.7573279,
     34.2225608
    ]
   },
   "properties": {
    "id": "BS-kP11-22-37-bs1278",
    "kind": "bus_stop",
    "name": "市民集いの丘公園前",
    "datum": "WGS84",
    "mountainIds": "713",
    "mountainNames": "我拝師山",
    "lists": "四国百名山",
    "routes": "",
    "entryType": "",
    "trailKmToSummit": "",
    "related": "TH-n4507394264(892m) TH-n8930679197(699m)",
    "attributes": "operator=善通寺市; busType=コミュニティバス; busRoutes=市民バス（空海号）吉原コース",
    "status": "adopted",
    "accuracyM": 10,
    "needsReview": "運行状況（季節運行・休止・予約制）を要確認、登山口から離れている（徒歩アプローチを要確認）",
    "sources": "国土数値情報（バス停留所データ）令和4年度（国土交通省）P11-22-37-bs1278（34.222561, 133.757328、JGD2011）を加工して作成",
    "verifiedAt": ""
   }
  },
  {
   "type": "Feature",
   "geometry": {
    "type": "Point",
    "coordinates": [
     133.7673624,
     34.213682
    ]
   },
   "properties": {
    "id": "BS-kP11-22-37-bs1353",
    "kind": "bus_stop",
    "name": "有岡加圧ポンプ場前",
    "datum": "WGS84",
    "mountainIds": "713",
    "mountainNames": "我拝師山",
    "lists": "四国百名山",
    "routes": "",
    "entryType": "",
    "trailKmToSummit": "",
    "related": "TH-n8930679197(708m)",
    "attributes": "operator=善通寺市; busType=コミュニティバス; busRoutes=市民バス（空海号）西部コース",
    "status": "adopted",
    "accuracyM": 10,
    "needsReview": "運行状況（季節運行・休止・予約制）を要確認、登山口から離れている（徒歩アプローチを要確認）",
    "sources": "国土数値情報（バス停留所データ）令和4年度（国土交通省）P11-22-37-bs1353（34.213682, 133.767362、JGD2011）を加工して作成",
    "verifiedAt": ""
   }
  },
  {
   "type": "Feature",
   "geometry": {
    "type": "Point",
    "coordinates": [
     133.8132661,
     34.1960913
    ]
   },
   "properties": {
    "id": "BS-kP11-22-37-bs1453",
    "kind": "bus_stop",
    "name": "高橋会館前",
    "datum": "WGS84",
    "mountainIds": "716",
    "mountainNames": "大麻山",
    "lists": "四国百名山",
    "routes": "",
    "entryType": "",
    "trailKmToSummit": "",
    "related": "TH-n2061596030(232m)",
    "attributes": "operator=善通寺市; busType=コミュニティバス; busRoutes=市民バス（空海号）南部コース",
    "status": "adopted",
    "accuracyM": 10,
    "needsReview": "運行状況（季節運行・休止・予約制）を要確認",
    "sources": "国土数値情報（バス停留所データ）令和4年度（国土交通省）P11-22-37-bs1453（34.196091, 133.813266、JGD2011）を加工して作成",
    "verifiedAt": ""
   }
  },
  {
   "type": "Feature",
   "geometry": {
    "type": "Point",
    "coordinates": [
     133.8135314,
     34.1956797
    ]
   },
   "properties": {
    "id": "BS-kP11-22-37-bs1456",
    "kind": "bus_stop",
    "name": "琴平営業所",
    "datum": "WGS84",
    "mountainIds": "716",
    "mountainNames": "大麻山",
    "lists": "四国百名山",
    "routes": "",
    "entryType": "",
    "trailKmToSummit": "",
    "related": "TH-n2061596030(234m) TH-n2061596030(234m)",
    "attributes": "operator=琴参バス（株）; busType=民間路線バス; busRoutes=琴平線 / 美合線 / 炭所線",
    "status": "adopted",
    "accuracyM": 10,
    "needsReview": "運行状況（季節運行・休止・予約制）を要確認",
    "sources": "国土数値情報（バス停留所データ）令和4年度（国土交通省）P11-22-37-bs1456（34.195680, 133.813531、JGD2011）を加工して作成 ｜ OpenStreetMap（© OpenStreetMap contributors, ODbL 1.0）Geofabrik japan-latest.osm.pbf 2026-09-23T20:22:04Z node/8507760959",
    "verifiedAt": ""
   }
  },
  {
   "type": "Feature",
   "geometry": {
    "type": "Point",
    "coordinates": [
     133.8162199,
     34.191708
    ]
   },
   "properties": {
    "id": "BS-kP11-22-37-bs1480",
    "kind": "bus_stop",
    "name": "紅梅亭",
    "datum": "WGS84",
    "mountainIds": "716",
    "mountainNames": "大麻山",
    "lists": "四国百名山",
    "routes": "",
    "entryType": "",
    "trailKmToSummit": "",
    "related": "TH-n2094258984(175m)",
    "attributes": "operator=（有）琴空バス; busType=民間路線バス; busRoutes=高松空港線（高松空港～琴平）",
    "status": "adopted",
    "accuracyM": 10,
    "needsReview": "運行状況（季節運行・休止・予約制）を要確認",
    "sources": "国土数値情報（バス停留所データ）令和4年度（国土交通省）P11-22-37-bs1480（34.191708, 133.816220、JGD2011）を加工して作成",
    "verifiedAt": ""
   }
  },
  {
   "type": "Feature",
   "geometry": {
    "type": "Point",
    "coordinates": [
     133.8173121,
     34.1905642
    ]
   },
   "properties": {
    "id": "BS-kP11-22-37-bs1494",
    "kind": "bus_stop",
    "name": "琴参閣",
    "datum": "WGS84",
    "mountainIds": "716",
    "mountainNames": "大麻山",
    "lists": "四国百名山",
    "routes": "",
    "entryType": "",
    "trailKmToSummit": "",
    "related": "TH-n2094258984(146m)",
    "attributes": "operator=（有）琴空バス; busType=民間路線バス; busRoutes=高松空港線（高松空港～琴平）",
    "status": "adopted",
    "accuracyM": 10,
    "needsReview": "運行状況（季節運行・休止・予約制）を要確認",
    "sources": "国土数値情報（バス停留所データ）令和4年度（国土交通省）P11-22-37-bs1494（34.190564, 133.817312、JGD2011）を加工して作成",
    "verifiedAt": ""
   }
  },
  {
   "type": "Feature",
   "geometry": {
    "type": "Point",
    "coordinates": [
     134.2064572,
     34.1902914
    ]
   },
   "properties": {
    "id": "BS-kP11-22-37-bs1496",
    "kind": "bus_stop",
    "name": "大窪寺",
    "datum": "WGS84",
    "mountainIds": "715",
    "mountainNames": "女体山",
    "lists": "四国百名山",
    "routes": "",
    "entryType": "",
    "trailKmToSummit": "",
    "related": "TH-n11416744269(139m)",
    "attributes": "operator=さぬき市; busType=コミュニティバス; busRoutes=志度・造田・多和線",
    "status": "adopted",
    "accuracyM": 10,
    "needsReview": "運行状況（季節運行・休止・予約制）を要確認",
    "sources": "国土数値情報（バス停留所データ）令和4年度（国土交通省）P11-22-37-bs1496（34.190291, 134.206457、JGD2011）を加工して作成",
    "verifiedAt": ""
   }
  },
  {
   "type": "Feature",
   "geometry": {
    "type": "Point",
    "coordinates": [
     133.8181312,
     34.189638
    ]
   },
   "properties": {
    "id": "BS-kP11-22-37-bs1504",
    "kind": "bus_stop",
    "name": "琴平",
    "datum": "WGS84",
    "mountainIds": "716",
    "mountainNames": "大麻山",
    "lists": "四国百名山",
    "routes": "",
    "entryType": "",
    "trailKmToSummit": "",
    "related": "TH-w1371045038(153m) TH-n2094258984(223m) TH-n266600700(883m)",
    "attributes": "operator=琴参バス（株）; busType=民間路線バス; busRoutes=美合線",
    "status": "adopted",
    "accuracyM": 10,
    "needsReview": "運行状況（季節運行・休止・予約制）を要確認、登山口から離れている（徒歩アプローチを要確認）",
    "sources": "国土数値情報（バス停留所データ）令和4年度（国土交通省）P11-22-37-bs1504（34.189638, 133.818131、JGD2011）を加工して作成",
    "verifiedAt": ""
   }
  },
  {
   "type": "Feature",
   "geometry": {
    "type": "Point",
    "coordinates": [
     133.8188806,
     34.1886011
    ]
   },
   "properties": {
    "id": "BS-kP11-22-37-bs1509",
    "kind": "bus_stop",
    "name": "八千代前",
    "datum": "WGS84",
    "mountainIds": "716",
    "mountainNames": "大麻山",
    "lists": "四国百名山",
    "routes": "",
    "entryType": "",
    "trailKmToSummit": "",
    "related": "TH-w1371045038(51m) TH-n266600700(854m)",
    "attributes": "operator=（有）琴空バス; busType=民間路線バス; busRoutes=高松空港線（高松空港～琴平）",
    "status": "adopted",
    "accuracyM": 10,
    "needsReview": "運行状況（季節運行・休止・予約制）を要確認、登山口から離れている（徒歩アプローチを要確認）",
    "sources": "国土数値情報（バス停留所データ）令和4年度（国土交通省）P11-22-37-bs1509（34.188601, 133.818881、JGD2011）を加工して作成 ｜ OpenStreetMap（© OpenStreetMap contributors, ODbL 1.0）Geofabrik japan-latest.osm.pbf 2026-09-23T20:22:04Z node/10951142712",
    "verifiedAt": ""
   }
  },
  {
   "type": "Feature",
   "geometry": {
    "type": "Point",
    "coordinates": [
     133.8198586,
     34.1873241
    ]
   },
   "properties": {
    "id": "BS-kP11-22-37-bs1520",
    "kind": "bus_stop",
    "name": "こんぴらさん入口",
    "datum": "WGS84",
    "mountainIds": "716",
    "mountainNames": "大麻山",
    "lists": "四国百名山",
    "routes": "",
    "entryType": "",
    "trailKmToSummit": "",
    "related": "TH-w1371045038(166m) TH-n266600700(850m)",
    "attributes": "operator=（有）琴空バス; busType=民間路線バス; busRoutes=高松空港線（高松空港～琴平）",
    "status": "adopted",
    "accuracyM": 10,
    "needsReview": "運行状況（季節運行・休止・予約制）を要確認、登山口から離れている（徒歩アプローチを要確認）",
    "sources": "国土数値情報（バス停留所データ）令和4年度（国土交通省）P11-22-37-bs1520（34.187324, 133.819859、JGD2011）を加工して作成 ｜ OpenStreetMap（© OpenStreetMap contributors, ODbL 1.0）Geofabrik japan-latest.osm.pbf 2026-09-23T20:22:04Z node/13874746961",
    "verifiedAt": ""
   }
  },
  {
   "type": "Feature",
   "geometry": {
    "type": "Point",
    "coordinates": [
     134.2017037,
     34.1861493
    ]
   },
   "properties": {
    "id": "BS-kP11-22-37-bs1530",
    "kind": "bus_stop",
    "name": "大窪寺手前",
    "datum": "WGS84",
    "mountainIds": "715",
    "mountainNames": "女体山",
    "lists": "四国百名山",
    "routes": "",
    "entryType": "",
    "trailKmToSummit": "",
    "related": "TH-n11416744269(753m)",
    "attributes": "operator=さぬき市; busType=コミュニティバス; busRoutes=志度・造田・多和線",
    "status": "adopted",
    "accuracyM": 10,
    "needsReview": "運行状況（季節運行・休止・予約制）を要確認、登山口から離れている（徒歩アプローチを要確認）",
    "sources": "国土数値情報（バス停留所データ）令和4年度（国土交通省）P11-22-37-bs1530（34.186149, 134.201704、JGD2011）を加工して作成",
    "verifiedAt": ""
   }
  },
  {
   "type": "Feature",
   "geometry": {
    "type": "Point",
    "coordinates": [
     134.2963719,
     34.5079686
    ]
   },
   "properties": {
    "id": "BS-kP11-22-37-bs1943",
    "kind": "bus_stop",
    "name": "紅雲亭",
    "datum": "WGS84",
    "mountainIds": "658",
    "mountainNames": "寒霞渓",
    "lists": "四国百名山",
    "routes": "",
    "entryType": "",
    "trailKmToSummit": "",
    "related": "TH-n261014455(924m)",
    "attributes": "operator=小豆島オリーブバス（株）; busType=民間路線バス; busRoutes=神懸線",
    "status": "adopted",
    "accuracyM": 10,
    "needsReview": "運行状況（季節運行・休止・予約制）を要確認、登山口から離れている（徒歩アプローチを要確認）",
    "sources": "国土数値情報（バス停留所データ）令和4年度（国土交通省）P11-22-37-bs1943（34.507969, 134.296372、JGD2011）を加工して作成 ｜ OpenStreetMap（© OpenStreetMap contributors, ODbL 1.0）Geofabrik japan-latest.osm.pbf 2026-09-23T20:22:04Z node/11018087726",
    "verifiedAt": ""
   }
  },
  {
   "type": "Feature",
   "geometry": {
    "type": "Point",
    "coordinates": [
     134.0918622,
     34.3605003
    ]
   },
   "properties": {
    "id": "BS-kP11-22-37-bs50",
    "kind": "bus_stop",
    "name": "健康ランド前",
    "datum": "WGS84",
    "mountainIds": "690",
    "mountainNames": "屋島",
    "lists": "四国百名山",
    "routes": "",
    "entryType": "",
    "trailKmToSummit": "",
    "related": "TH-w422803842(985m) TH-w422803842(985m) TH-n10600658618(748m) TH-n10600658618(748m)",
    "attributes": "operator=ことでんバス（株）; busType=民間路線バス; busRoutes=屋島大橋線",
    "status": "adopted",
    "accuracyM": 10,
    "needsReview": "運行状況（季節運行・休止・予約制）を要確認、登山口から離れている（徒歩アプローチを要確認）",
    "sources": "国土数値情報（バス停留所データ）令和4年度（国土交通省）P11-22-37-bs50（34.360500, 134.091862、JGD2011）を加工して作成 ｜ OpenStreetMap（© OpenStreetMap contributors, ODbL 1.0）Geofabrik japan-latest.osm.pbf 2026-09-23T20:22:04Z node/7350537028",
    "verifiedAt": ""
   }
  },
  {
   "type": "Feature",
   "geometry": {
    "type": "Point",
    "coordinates": [
     134.1024992,
     34.359316
    ]
   },
   "properties": {
    "id": "BS-kP11-22-37-bs52",
    "kind": "bus_stop",
    "name": "屋島山上",
    "datum": "WGS84",
    "mountainIds": "690",
    "mountainNames": "屋島",
    "lists": "四国百名山",
    "routes": "",
    "entryType": "",
    "trailKmToSummit": "",
    "related": "TH-w422803842(58m) TH-n10600658618(353m) TH-n1488024378(361m) TH-n5474409217(795m)",
    "attributes": "operator=ことでんバス（株）; busType=民間路線バス; busRoutes=屋島山上シャトルバス",
    "status": "adopted",
    "accuracyM": 10,
    "needsReview": "運行状況（季節運行・休止・予約制）を要確認、登山口から離れている（徒歩アプローチを要確認）",
    "sources": "国土数値情報（バス停留所データ）令和4年度（国土交通省）P11-22-37-bs52（34.359316, 134.102499、JGD2011）を加工して作成 ｜ OpenStreetMap（© OpenStreetMap contributors, ODbL 1.0）Geofabrik japan-latest.osm.pbf 2026-09-23T20:22:04Z node/12291399366",
    "verifiedAt": ""
   }
  },
  {
   "type": "Feature",
   "geometry": {
    "type": "Point",
    "coordinates": [
     133.8339654,
     34.2805806
    ]
   },
   "properties": {
    "id": "BS-kP11-22-37-bs668",
    "kind": "bus_stop",
    "name": "ふれあいセンターいいの",
    "datum": "WGS84",
    "mountainIds": "697",
    "mountainNames": "飯野山",
    "lists": "四国百名山",
    "routes": "",
    "entryType": "",
    "trailKmToSummit": "",
    "related": "TH-n8586606361(3m) TH-n8586606361(3m) TH-n8586606361(3m) TH-n1986508880(896m) TH-n1986508880(896m) TH-n1986508880(896m)",
    "attributes": "operator=丸亀市; busType=コミュニティバス; busRoutes=丸亀コミュニティバス「丸亀東線」",
    "status": "adopted",
    "accuracyM": 10,
    "needsReview": "運行状況（季節運行・休止・予約制）を要確認、登山口から離れている（徒歩アプローチを要確認）",
    "sources": "国土数値情報（バス停留所データ）令和4年度（国土交通省）P11-22-37-bs668（34.280581, 133.833965、JGD2011）を加工して作成 ｜ OpenStreetMap（© OpenStreetMap contributors, ODbL 1.0）Geofabrik japan-latest.osm.pbf 2026-09-23T20:22:04Z node/8586606361",
    "verifiedAt": ""
   }
  },
  {
   "type": "Feature",
   "geometry": {
    "type": "Point",
    "coordinates": [
     133.8559094,
     34.2712497
    ]
   },
   "properties": {
    "id": "BS-kP11-22-37-bs736",
    "kind": "bus_stop",
    "name": "北岡",
    "datum": "WGS84",
    "mountainIds": "697",
    "mountainNames": "飯野山",
    "lists": "四国百名山",
    "routes": "",
    "entryType": "",
    "trailKmToSummit": "",
    "related": "TH-n1951923044(377m) TH-n1951923044(377m) TH-n1951923044(377m)",
    "attributes": "operator=琴参バス（株）; busType=民間路線バス; busRoutes=島田線 / 岡田線 / 坂出綾川線",
    "status": "adopted",
    "accuracyM": 10,
    "needsReview": "運行状況（季節運行・休止・予約制）を要確認",
    "sources": "国土数値情報（バス停留所データ）令和4年度（国土交通省）P11-22-37-bs736（34.271250, 133.855909、JGD2011）を加工して作成 ｜ OpenStreetMap（© OpenStreetMap contributors, ODbL 1.0）Geofabrik japan-latest.osm.pbf 2026-09-23T20:22:04Z node/8521667710",
    "verifiedAt": ""
   }
  },
  {
   "type": "Feature",
   "geometry": {
    "type": "Point",
    "coordinates": [
     133.8349171,
     34.2707748
    ]
   },
   "properties": {
    "id": "BS-kP11-22-37-bs741",
    "kind": "bus_stop",
    "name": "珠光園",
    "datum": "WGS84",
    "mountainIds": "697",
    "mountainNames": "飯野山",
    "lists": "四国百名山",
    "routes": "",
    "entryType": "",
    "trailKmToSummit": "",
    "related": "TH-n8164150727(506m) TH-n8164150727(506m) TH-n8164150727(506m)",
    "attributes": "operator=丸亀市; busType=コミュニティバス; busRoutes=丸亀コミュニティバス「丸亀東線」",
    "status": "adopted",
    "accuracyM": 10,
    "needsReview": "運行状況（季節運行・休止・予約制）を要確認",
    "sources": "国土数値情報（バス停留所データ）令和4年度（国土交通省）P11-22-37-bs741（34.270775, 133.834917、JGD2011）を加工して作成 ｜ OpenStreetMap（© OpenStreetMap contributors, ODbL 1.0）Geofabrik japan-latest.osm.pbf 2026-09-23T20:22:04Z node/8586598812",
    "verifiedAt": ""
   }
  },
  {
   "type": "Feature",
   "geometry": {
    "type": "Point",
    "coordinates": [
     133.5885148,
     34.258221
    ]
   },
   "properties": {
    "id": "BS-kP11-22-37-bs860",
    "kind": "bus_stop",
    "name": "箱浦ビジターハウス",
    "datum": "WGS84",
    "mountainIds": "702",
    "mountainNames": "紫雲出山",
    "lists": "四国百名山",
    "routes": "",
    "entryType": "",
    "trailKmToSummit": "",
    "related": "TH-n2065633425(506m)",
    "attributes": "operator=三豊市; busType=コミュニティバス; busRoutes=荘内線",
    "status": "adopted",
    "accuracyM": 10,
    "needsReview": "運行状況（季節運行・休止・予約制）を要確認",
    "sources": "国土数値情報（バス停留所データ）令和4年度（国土交通省）P11-22-37-bs860（34.258221, 133.588515、JGD2011）を加工して作成 ｜ OpenStreetMap（© OpenStreetMap contributors, ODbL 1.0）Geofabrik japan-latest.osm.pbf 2026-09-23T20:22:04Z node/1099877134",
    "verifiedAt": ""
   }
  },
  {
   "type": "Feature",
   "geometry": {
    "type": "Point",
    "coordinates": [
     133.5884127,
     34.2564262
    ]
   },
   "properties": {
    "id": "BS-kP11-22-37-bs875",
    "kind": "bus_stop",
    "name": "箱",
    "datum": "WGS84",
    "mountainIds": "702",
    "mountainNames": "紫雲出山",
    "lists": "四国百名山",
    "routes": "",
    "entryType": "",
    "trailKmToSummit": "",
    "related": "TH-n2065633425(342m)",
    "attributes": "operator=三豊市; busType=コミュニティバス; busRoutes=荘内線",
    "status": "adopted",
    "accuracyM": 10,
    "needsReview": "運行状況（季節運行・休止・予約制）を要確認",
    "sources": "国土数値情報（バス停留所データ）令和4年度（国土交通省）P11-22-37-bs875（34.256426, 133.588413、JGD2011）を加工して作成",
    "verifiedAt": ""
   }
  },
  {
   "type": "Feature",
   "geometry": {
    "type": "Point",
    "coordinates": [
     133.6001044,
     34.2522601
    ]
   },
   "properties": {
    "id": "BS-kP11-22-37-bs916",
    "kind": "bus_stop",
    "name": "積新田",
    "datum": "WGS84",
    "mountainIds": "702",
    "mountainNames": "紫雲出山",
    "lists": "四国百名山",
    "routes": "",
    "entryType": "",
    "trailKmToSummit": "",
    "related": "TH-n2065632017(735m)",
    "attributes": "operator=三豊市; busType=コミュニティバス; busRoutes=荘内線",
    "status": "adopted",
    "accuracyM": 10,
    "needsReview": "運行状況（季節運行・休止・予約制）を要確認、登山口から離れている（徒歩アプローチを要確認）",
    "sources": "国土数値情報（バス停留所データ）令和4年度（国土交通省）P11-22-37-bs916（34.252260, 133.600104、JGD2011）を加工して作成",
    "verifiedAt": ""
   }
  },
  {
   "type": "Feature",
   "geometry": {
    "type": "Point",
    "coordinates": [
     133.5804896,
     34.2511995
    ]
   },
   "properties": {
    "id": "BS-kP11-22-37-bs926",
    "kind": "bus_stop",
    "name": "生里",
    "datum": "WGS84",
    "mountainIds": "702",
    "mountainNames": "紫雲出山",
    "lists": "四国百名山",
    "routes": "",
    "entryType": "",
    "trailKmToSummit": "",
    "related": "TH-n2065633425(591m)",
    "attributes": "operator=三豊市; busType=コミュニティバス; busRoutes=荘内線",
    "status": "adopted",
    "accuracyM": 10,
    "needsReview": "運行状況（季節運行・休止・予約制）を要確認",
    "sources": "国土数値情報（バス停留所データ）令和4年度（国土交通省）P11-22-37-bs926（34.251199, 133.580490、JGD2011）を加工して作成 ｜ OpenStreetMap（© OpenStreetMap contributors, ODbL 1.0）Geofabrik japan-latest.osm.pbf 2026-09-23T20:22:04Z node/1099876209",
    "verifiedAt": ""
   }
  },
  {
   "type": "Feature",
   "geometry": {
    "type": "Point",
    "coordinates": [
     133.6027225,
     34.2509969
    ]
   },
   "properties": {
    "id": "BS-kP11-22-37-bs931",
    "kind": "bus_stop",
    "name": "小久保",
    "datum": "WGS84",
    "mountainIds": "702",
    "mountainNames": "紫雲出山",
    "lists": "四国百名山",
    "routes": "",
    "entryType": "",
    "trailKmToSummit": "",
    "related": "TH-n2065632017(584m)",
    "attributes": "operator=三豊市; busType=コミュニティバス; busRoutes=荘内線",
    "status": "adopted",
    "accuracyM": 10,
    "needsReview": "運行状況（季節運行・休止・予約制）を要確認",
    "sources": "国土数値情報（バス停留所データ）令和4年度（国土交通省）P11-22-37-bs931（34.250997, 133.602723、JGD2011）を加工して作成",
    "verifiedAt": ""
   }
  },
  {
   "type": "Feature",
   "geometry": {
    "type": "Point",
    "coordinates": [
     133.6075346,
     34.2487703
    ]
   },
   "properties": {
    "id": "BS-kP11-22-37-bs962",
    "kind": "bus_stop",
    "name": "黒崎",
    "datum": "WGS84",
    "mountainIds": "702",
    "mountainNames": "紫雲出山",
    "lists": "四国百名山",
    "routes": "",
    "entryType": "",
    "trailKmToSummit": "",
    "related": "TH-n2065632017(621m)",
    "attributes": "operator=三豊市; busType=コミュニティバス; busRoutes=荘内線",
    "status": "adopted",
    "accuracyM": 10,
    "needsReview": "運行状況（季節運行・休止・予約制）を要確認、登山口から離れている（徒歩アプローチを要確認）",
    "sources": "国土数値情報（バス停留所データ）令和4年度（国土交通省）P11-22-37-bs962（34.248770, 133.607535、JGD2011）を加工して作成",
    "verifiedAt": ""
   }
  },
  {
   "type": "Feature",
   "geometry": {
    "type": "Point",
    "coordinates": [
     133.1231543,
     33.8235538
    ]
   },
   "properties": {
    "id": "BS-kP11-22-38-bs1245",
    "kind": "bus_stop",
    "name": "河口",
    "datum": "WGS84",
    "mountainIds": "798 799 803",
    "mountainNames": "二ノ森、堂ヶ森、石鎚山",
    "lists": "四国百名山|日本百名山|日本二百名山|日本三百名山",
    "routes": "",
    "entryType": "",
    "trailKmToSummit": "",
    "related": "TH-kP11-22-38-bs1245(0m)",
    "attributes": "operator=瀬戸内運輸（株）; busType=民間路線バス; busRoutes=西条駅前-西条済生会病院-中央病院-フジグラン西条-市役所前-西条駅前-加茂川橋-石鎚ロープ-西之川線",
    "status": "adopted",
    "accuracyM": 10,
    "needsReview": "運行状況（季節運行・休止・予約制）を要確認",
    "sources": "国土数値情報（バス停留所データ）令和4年度（国土交通省）P11-22-38-bs1245（33.823554, 133.123154、JGD2011）を加工して作成 ｜ OpenStreetMap（© OpenStreetMap contributors, ODbL 1.0）Geofabrik japan-latest.osm.pbf 2026-09-23T20:22:04Z node/3152607761",
    "verifiedAt": ""
   }
  },
  {
   "type": "Feature",
   "geometry": {
    "type": "Point",
    "coordinates": [
     133.1485582,
     33.8039482
    ]
   },
   "properties": {
    "id": "BS-kP11-22-38-bs1345",
    "kind": "bus_stop",
    "name": "ロープウェイ前",
    "datum": "WGS84",
    "mountainIds": "798 799 803",
    "mountainNames": "二ノ森、堂ヶ森、石鎚山",
    "lists": "四国百名山|日本百名山|日本二百名山|日本三百名山",
    "routes": "",
    "entryType": "",
    "trailKmToSummit": "",
    "related": "TH-n2096162029(577m)",
    "attributes": "operator=瀬戸内運輸（株）; busType=民間路線バス; busRoutes=西条駅前-西条済生会病院-中央病院-フジグラン西条-市役所前-西条駅前-加茂川橋-石鎚ロープ-西之川線",
    "status": "adopted",
    "accuracyM": 10,
    "needsReview": "運行状況（季節運行・休止・予約制）を要確認",
    "sources": "国土数値情報（バス停留所データ）令和4年度（国土交通省）P11-22-38-bs1345（33.803948, 133.148558、JGD2011）を加工して作成 ｜ OpenStreetMap（© OpenStreetMap contributors, ODbL 1.0）Geofabrik japan-latest.osm.pbf 2026-09-23T20:22:04Z node/3152603084",
    "verifiedAt": ""
   }
  },
  {
   "type": "Feature",
   "geometry": {
    "type": "Point",
    "coordinates": [
     133.1538813,
     33.8021199
    ]
   },
   "properties": {
    "id": "BS-kP11-22-38-bs1359",
    "kind": "bus_stop",
    "name": "西之川",
    "datum": "WGS84",
    "mountainIds": "798 799 803",
    "mountainNames": "二ノ森、堂ヶ森、石鎚山",
    "lists": "四国百名山|日本百名山|日本二百名山|日本三百名山",
    "routes": "",
    "entryType": "",
    "trailKmToSummit": "",
    "related": "TH-n2096162029(58m)",
    "attributes": "operator=瀬戸内運輸（株）; busType=民間路線バス; busRoutes=西条駅前-西条済生会病院-中央病院-フジグラン西条-市役所前-西条駅前-加茂川橋-石鎚ロープ-西之川線",
    "status": "adopted",
    "accuracyM": 10,
    "needsReview": "運行状況（季節運行・休止・予約制）を要確認",
    "sources": "国土数値情報（バス停留所データ）令和4年度（国土交通省）P11-22-38-bs1359（33.802120, 133.153881、JGD2011）を加工して作成 ｜ OpenStreetMap（© OpenStreetMap contributors, ODbL 1.0）Geofabrik japan-latest.osm.pbf 2026-09-23T20:22:04Z node/3152610015",
    "verifiedAt": ""
   }
  },
  {
   "type": "Feature",
   "geometry": {
    "type": "Point",
    "coordinates": [
     132.9653754,
     33.7718296
    ]
   },
   "properties": {
    "id": "BS-kP11-22-38-bs1498",
    "kind": "bus_stop",
    "name": "中問屋",
    "datum": "WGS84",
    "mountainIds": "804 809",
    "mountainNames": "石墨山、皿ヶ嶺",
    "lists": "四国百名山",
    "routes": "",
    "entryType": "",
    "trailKmToSummit": "",
    "related": "TH-n1679223057(934m)",
    "attributes": "operator=伊予鉄バス（株）; busType=民間路線バス; busRoutes=河之内線",
    "status": "adopted",
    "accuracyM": 10,
    "needsReview": "運行状況（季節運行・休止・予約制）を要確認、登山口から離れている（徒歩アプローチを要確認）",
    "sources": "国土数値情報（バス停留所データ）令和4年度（国土交通省）P11-22-38-bs1498（33.771830, 132.965375、JGD2011）を加工して作成 ｜ OpenStreetMap（© OpenStreetMap contributors, ODbL 1.0）Geofabrik japan-latest.osm.pbf 2026-09-23T20:22:04Z node/3152603419",
    "verifiedAt": ""
   }
  },
  {
   "type": "Feature",
   "geometry": {
    "type": "Point",
    "coordinates": [
     132.9682726,
     33.7681032
    ]
   },
   "properties": {
    "id": "BS-kP11-22-38-bs1515",
    "kind": "bus_stop",
    "name": "白猪滝口",
    "datum": "WGS84",
    "mountainIds": "804 809",
    "mountainNames": "石墨山、皿ヶ嶺",
    "lists": "四国百名山",
    "routes": "",
    "entryType": "",
    "trailKmToSummit": "",
    "related": "TH-n1679223057(499m)",
    "attributes": "operator=伊予鉄バス（株）; busType=民間路線バス; busRoutes=河之内線",
    "status": "adopted",
    "accuracyM": 10,
    "needsReview": "運行状況（季節運行・休止・予約制）を要確認",
    "sources": "国土数値情報（バス停留所データ）令和4年度（国土交通省）P11-22-38-bs1515（33.768103, 132.968273、JGD2011）を加工して作成 ｜ OpenStreetMap（© OpenStreetMap contributors, ODbL 1.0）Geofabrik japan-latest.osm.pbf 2026-09-23T20:22:04Z node/3152608198",
    "verifiedAt": ""
   }
  },
  {
   "type": "Feature",
   "geometry": {
    "type": "Point",
    "coordinates": [
     133.147548,
     33.7549573
    ]
   },
   "properties": {
    "id": "BS-kP11-22-38-bs1554",
    "kind": "bus_stop",
    "name": "石鎚土小屋",
    "datum": "WGS84",
    "mountainIds": "803 798 799 800 805 806",
    "mountainNames": "石鎚山、二ノ森、堂ヶ森、岩黒山、筒上山、手箱山",
    "lists": "日本百名山|日本二百名山|日本三百名山|四国百名山",
    "routes": "",
    "entryType": "",
    "trailKmToSummit": "",
    "related": "TH-n1682153459(180m)",
    "attributes": "operator=伊予鉄南予バス（株）; busType=民間路線バス; busRoutes=面河線",
    "status": "adopted",
    "accuracyM": 10,
    "needsReview": "運行状況（季節運行・休止・予約制）を要確認",
    "sources": "国土数値情報（バス停留所データ）令和4年度（国土交通省）P11-22-38-bs1554（33.754957, 133.147548、JGD2011）を加工して作成 ｜ OpenStreetMap（© OpenStreetMap contributors, ODbL 1.0）Geofabrik japan-latest.osm.pbf 2026-09-23T20:22:04Z node/3152608562",
    "verifiedAt": ""
   }
  },
  {
   "type": "Feature",
   "geometry": {
    "type": "Point",
    "coordinates": [
     133.4431237,
     33.95949
    ]
   },
   "properties": {
    "id": "BS-kP11-22-38-bs580",
    "kind": "bus_stop",
    "name": "根々見",
    "datum": "WGS84",
    "mountainIds": "752",
    "mountainNames": "赤星山",
    "lists": "四国百名山",
    "routes": "",
    "entryType": "",
    "trailKmToSummit": "",
    "related": "TH-n1757215354(969m)",
    "attributes": "operator=瀬戸内運輸（株）; busType=民間路線バス; busRoutes=新居浜ー川之江線（村松・国道11号線・港通り経由） / 新居浜ー川之江線（四国中央市役所前・HITO病院・山田井・四国中央病院前経由）",
    "status": "adopted",
    "accuracyM": 10,
    "needsReview": "運行状況（季節運行・休止・予約制）を要確認、登山口から離れている（徒歩アプローチを要確認）",
    "sources": "国土数値情報（バス停留所データ）令和4年度（国土交通省）P11-22-38-bs580（33.959490, 133.443124、JGD2011）を加工して作成 ｜ OpenStreetMap（© OpenStreetMap contributors, ODbL 1.0）Geofabrik japan-latest.osm.pbf 2026-09-23T20:22:04Z node/3152607498",
    "verifiedAt": ""
   }
  },
  {
   "type": "Feature",
   "geometry": {
    "type": "Point",
    "coordinates": [
     133.436408,
     33.9577024
    ]
   },
   "properties": {
    "id": "BS-kP11-22-38-bs591",
    "kind": "bus_stop",
    "name": "小林",
    "datum": "WGS84",
    "mountainIds": "752",
    "mountainNames": "赤星山",
    "lists": "四国百名山",
    "routes": "",
    "entryType": "",
    "trailKmToSummit": "",
    "related": "TH-n1757215354(743m)",
    "attributes": "operator=瀬戸内運輸（株）; busType=民間路線バス; busRoutes=新居浜ー川之江線（村松・国道11号線・港通り経由） / 新居浜ー川之江線（四国中央市役所前・HITO病院・山田井・四国中央病院前経由）",
    "status": "adopted",
    "accuracyM": 10,
    "needsReview": "運行状況（季節運行・休止・予約制）を要確認、登山口から離れている（徒歩アプローチを要確認）",
    "sources": "国土数値情報（バス停留所データ）令和4年度（国土交通省）P11-22-38-bs591（33.957702, 133.436408、JGD2011）を加工して作成 ｜ OpenStreetMap（© OpenStreetMap contributors, ODbL 1.0）Geofabrik japan-latest.osm.pbf 2026-09-23T20:22:04Z node/3152606277",
    "verifiedAt": ""
   }
  },
  {
   "type": "Feature",
   "geometry": {
    "type": "Point",
    "coordinates": [
     133.4326131,
     33.9570721
    ]
   },
   "properties": {
    "id": "BS-kP11-22-38-bs593",
    "kind": "bus_stop",
    "name": "土居",
    "datum": "WGS84",
    "mountainIds": "752",
    "mountainNames": "赤星山",
    "lists": "四国百名山",
    "routes": "",
    "entryType": "",
    "trailKmToSummit": "",
    "related": "TH-n1757215354(871m)",
    "attributes": "operator=瀬戸内運輸（株）; busType=民間路線バス; busRoutes=新居浜ー川之江線（村松・国道11号線・港通り経由） / 新居浜ー川之江線（四国中央市役所前・HITO病院・山田井・四国中央病院前経由）",
    "status": "adopted",
    "accuracyM": 10,
    "needsReview": "運行状況（季節運行・休止・予約制）を要確認、登山口から離れている（徒歩アプローチを要確認）",
    "sources": "国土数値情報（バス停留所データ）令和4年度（国土交通省）P11-22-38-bs593（33.957072, 133.432613、JGD2011）を加工して作成 ｜ OpenStreetMap（© OpenStreetMap contributors, ODbL 1.0）Geofabrik japan-latest.osm.pbf 2026-09-23T20:22:04Z node/3152604872",
    "verifiedAt": ""
   }
  },
  {
   "type": "Feature",
   "geometry": {
    "type": "Point",
    "coordinates": [
     133.4288302,
     33.9564615
    ]
   },
   "properties": {
    "id": "BS-kP11-22-38-bs594",
    "kind": "bus_stop",
    "name": "コープ土居前",
    "datum": "WGS84",
    "mountainIds": "752",
    "mountainNames": "赤星山",
    "lists": "四国百名山",
    "routes": "",
    "entryType": "",
    "trailKmToSummit": "",
    "related": "TH-n1757191748(957m)",
    "attributes": "operator=瀬戸内運輸（株）; busType=民間路線バス; busRoutes=新居浜ー川之江線（村松・国道11号線・港通り経由） / 新居浜ー川之江線（四国中央市役所前・HITO病院・山田井・四国中央病院前経由）",
    "status": "adopted",
    "accuracyM": 10,
    "needsReview": "運行状況（季節運行・休止・予約制）を要確認、登山口から離れている（徒歩アプローチを要確認）",
    "sources": "国土数値情報（バス停留所データ）令和4年度（国土交通省）P11-22-38-bs594（33.956462, 133.428830、JGD2011）を加工して作成 ｜ OpenStreetMap（© OpenStreetMap contributors, ODbL 1.0）Geofabrik japan-latest.osm.pbf 2026-09-23T20:22:04Z node/3152603045",
    "verifiedAt": ""
   }
  },
  {
   "type": "Feature",
   "geometry": {
    "type": "Point",
    "coordinates": [
     133.4229744,
     33.9553215
    ]
   },
   "properties": {
    "id": "BS-kP11-22-38-bs598",
    "kind": "bus_stop",
    "name": "入野",
    "datum": "WGS84",
    "mountainIds": "752",
    "mountainNames": "赤星山",
    "lists": "四国百名山",
    "routes": "",
    "entryType": "",
    "trailKmToSummit": "",
    "related": "TH-n1757191748(778m)",
    "attributes": "operator=瀬戸内運輸（株）; busType=民間路線バス; busRoutes=新居浜ー川之江線（村松・国道11号線・港通り経由） / 新居浜ー川之江線（四国中央市役所前・HITO病院・山田井・四国中央病院前経由）",
    "status": "adopted",
    "accuracyM": 10,
    "needsReview": "運行状況（季節運行・休止・予約制）を要確認、登山口から離れている（徒歩アプローチを要確認）",
    "sources": "国土数値情報（バス停留所データ）令和4年度（国土交通省）P11-22-38-bs598（33.955322, 133.422974、JGD2011）を加工して作成 ｜ OpenStreetMap（© OpenStreetMap contributors, ODbL 1.0）Geofabrik japan-latest.osm.pbf 2026-09-23T20:22:04Z node/3152604007",
    "verifiedAt": ""
   }
  },
  {
   "type": "Feature",
   "geometry": {
    "type": "Point",
    "coordinates": [
     133.4166611,
     33.9536822
    ]
   },
   "properties": {
    "id": "BS-kP11-22-38-bs606",
    "kind": "bus_stop",
    "name": "西土居",
    "datum": "WGS84",
    "mountainIds": "752",
    "mountainNames": "赤星山",
    "lists": "四国百名山",
    "routes": "",
    "entryType": "",
    "trailKmToSummit": "",
    "related": "TH-n1757191748(953m)",
    "attributes": "operator=瀬戸内運輸（株）; busType=民間路線バス; busRoutes=新居浜ー川之江線（村松・国道11号線・港通り経由） / 新居浜ー川之江線（四国中央市役所前・HITO病院・山田井・四国中央病院前経由）",
    "status": "adopted",
    "accuracyM": 10,
    "needsReview": "運行状況（季節運行・休止・予約制）を要確認、登山口から離れている（徒歩アプローチを要確認）",
    "sources": "国土数値情報（バス停留所データ）令和4年度（国土交通省）P11-22-38-bs606（33.953682, 133.416661、JGD2011）を加工して作成 ｜ OpenStreetMap（© OpenStreetMap contributors, ODbL 1.0）Geofabrik japan-latest.osm.pbf 2026-09-23T20:22:04Z node/3152610030",
    "verifiedAt": ""
   }
  },
  {
   "type": "Feature",
   "geometry": {
    "type": "Point",
    "coordinates": [
     133.3117978,
     33.91416
    ]
   },
   "properties": {
    "id": "BS-kP11-22-38-bs808",
    "kind": "bus_stop",
    "name": "立川橋",
    "datum": "WGS84",
    "mountainIds": "763 767 768",
    "mountainNames": "二ッ岳、西赤石山、東赤石山",
    "lists": "四国百名山|日本二百名山|日本三百名山",
    "routes": "",
    "entryType": "",
    "trailKmToSummit": "",
    "related": "TH-n2097497778(348m)",
    "attributes": "operator=瀬戸内運輸（株）; busType=民間路線バス; busRoutes=周桑営業所-小松-西条-労災病院-新居浜駅-マイントピア別子線",
    "status": "adopted",
    "accuracyM": 10,
    "needsReview": "運行状況（季節運行・休止・予約制）を要確認",
    "sources": "国土数値情報（バス停留所データ）令和4年度（国土交通省）P11-22-38-bs808（33.914160, 133.311798、JGD2011）を加工して作成 ｜ OpenStreetMap（© OpenStreetMap contributors, ODbL 1.0）Geofabrik japan-latest.osm.pbf 2026-09-23T20:22:04Z node/3152608645",
    "verifiedAt": ""
   }
  },
  {
   "type": "Feature",
   "geometry": {
    "type": "Point",
    "coordinates": [
     133.3101454,
     33.9116028
    ]
   },
   "properties": {
    "id": "BS-kP11-22-38-bs822",
    "kind": "bus_stop",
    "name": "新道",
    "datum": "WGS84",
    "mountainIds": "763 767 768",
    "mountainNames": "二ッ岳、西赤石山、東赤石山",
    "lists": "四国百名山|日本二百名山|日本三百名山",
    "routes": "",
    "entryType": "",
    "trailKmToSummit": "",
    "related": "TH-n2097497549(441m) TH-n2097497778(158m)",
    "attributes": "operator=瀬戸内運輸（株）; busType=民間路線バス; busRoutes=周桑営業所-小松-西条-労災病院-新居浜駅-マイントピア別子線",
    "status": "adopted",
    "accuracyM": 10,
    "needsReview": "運行状況（季節運行・休止・予約制）を要確認",
    "sources": "国土数値情報（バス停留所データ）令和4年度（国土交通省）P11-22-38-bs822（33.911603, 133.310145、JGD2011）を加工して作成 ｜ OpenStreetMap（© OpenStreetMap contributors, ODbL 1.0）Geofabrik japan-latest.osm.pbf 2026-09-23T20:22:04Z node/3152606917",
    "verifiedAt": ""
   }
  },
  {
   "type": "Feature",
   "geometry": {
    "type": "Point",
    "coordinates": [
     133.3083773,
     33.9091641
    ]
   },
   "properties": {
    "id": "BS-kP11-22-38-bs839",
    "kind": "bus_stop",
    "name": "温泉口",
    "datum": "WGS84",
    "mountainIds": "763 767 768",
    "mountainNames": "二ッ岳、西赤石山、東赤石山",
    "lists": "四国百名山|日本二百名山|日本三百名山",
    "routes": "",
    "entryType": "",
    "trailKmToSummit": "",
    "related": "TH-n2097497549(178m) TH-n2097497778(368m)",
    "attributes": "operator=瀬戸内運輸（株）; busType=民間路線バス; busRoutes=周桑営業所-小松-西条-労災病院-新居浜駅-マイントピア別子線",
    "status": "adopted",
    "accuracyM": 10,
    "needsReview": "運行状況（季節運行・休止・予約制）を要確認",
    "sources": "国土数値情報（バス停留所データ）令和4年度（国土交通省）P11-22-38-bs839（33.909164, 133.308377、JGD2011）を加工して作成 ｜ OpenStreetMap（© OpenStreetMap contributors, ODbL 1.0）Geofabrik japan-latest.osm.pbf 2026-09-23T20:22:04Z node/3152607848",
    "verifiedAt": ""
   }
  },
  {
   "type": "Feature",
   "geometry": {
    "type": "Point",
    "coordinates": [
     133.3099785,
     33.9041147
    ]
   },
   "properties": {
    "id": "BS-kP11-22-38-bs858",
    "kind": "bus_stop",
    "name": "端出場",
    "datum": "WGS84",
    "mountainIds": "763 767 768",
    "mountainNames": "二ッ岳、西赤石山、東赤石山",
    "lists": "四国百名山|日本二百名山|日本三百名山",
    "routes": "",
    "entryType": "",
    "trailKmToSummit": "",
    "related": "TH-n2097497549(403m)",
    "attributes": "operator=瀬戸内運輸（株）; busType=民間路線バス; busRoutes=周桑営業所-小松-西条-労災病院-新居浜駅-マイントピア別子線",
    "status": "adopted",
    "accuracyM": 10,
    "needsReview": "運行状況（季節運行・休止・予約制）を要確認",
    "sources": "国土数値情報（バス停留所データ）令和4年度（国土交通省）P11-22-38-bs858（33.904115, 133.309978、JGD2011）を加工して作成 ｜ OpenStreetMap（© OpenStreetMap contributors, ODbL 1.0）Geofabrik japan-latest.osm.pbf 2026-09-23T20:22:04Z node/3152608659",
    "verifiedAt": ""
   }
  },
  {
   "type": "Feature",
   "geometry": {
    "type": "Point",
    "coordinates": [
     133.2293016,
     33.5396023
    ]
   },
   "properties": {
    "id": "BS-kP11-22-39-bs1322",
    "kind": "bus_stop",
    "name": "楠神",
    "datum": "WGS84",
    "mountainIds": "825",
    "mountainNames": "横倉山",
    "lists": "四国百名山",
    "routes": "",
    "entryType": "",
    "trailKmToSummit": "",
    "related": "TH-n1493844827(832m)",
    "attributes": "operator=（有）黒岩観光; busType=民間路線バス; busRoutes=佐川・川渡線 / 佐川・大崎・狩山口線",
    "status": "adopted",
    "accuracyM": 10,
    "needsReview": "運行状況（季節運行・休止・予約制）を要確認、登山口から離れている（徒歩アプローチを要確認）",
    "sources": "国土数値情報（バス停留所データ）令和4年度（国土交通省）P11-22-39-bs1322（33.539602, 133.229302、JGD2011）を加工して作成",
    "verifiedAt": ""
   }
  },
  {
   "type": "Feature",
   "geometry": {
    "type": "Point",
    "coordinates": [
     133.3301924,
     33.7331165
    ]
   },
   "properties": {
    "id": "BS-kP11-22-39-bs187",
    "kind": "bus_stop",
    "name": "戸中橋",
    "datum": "WGS84",
    "mountainIds": "801",
    "mountainNames": "稲叢山",
    "lists": "四国百名山",
    "routes": "",
    "entryType": "",
    "trailKmToSummit": "",
    "related": "TH-n1541869196(381m)",
    "attributes": "operator=（有）嶺北観光自動車; busType=民間路線バス; busRoutes=日の浦・長沢線",
    "status": "adopted",
    "accuracyM": 10,
    "needsReview": "運行状況（季節運行・休止・予約制）を要確認",
    "sources": "国土数値情報（バス停留所データ）令和4年度（国土交通省）P11-22-39-bs187（33.733117, 133.330192、JGD2011）を加工して作成",
    "verifiedAt": ""
   }
  },
  {
   "type": "Feature",
   "geometry": {
    "type": "Point",
    "coordinates": [
     133.2888477,
     33.449815
    ]
   },
   "properties": {
    "id": "BS-kP11-22-39-bs1936",
    "kind": "bus_stop",
    "name": "舟床",
    "datum": "WGS84",
    "mountainIds": "838",
    "mountainNames": "虚空蔵山",
    "lists": "四国百名山",
    "routes": "",
    "entryType": "",
    "trailKmToSummit": "",
    "related": "TH-n1543473685(354m)",
    "attributes": "operator=佐川町; busType=コミュニティバス; busRoutes=舟床・川ノ内線",
    "status": "adopted",
    "accuracyM": 10,
    "needsReview": "運行状況（季節運行・休止・予約制）を要確認",
    "sources": "国土数値情報（バス停留所データ）令和4年度（国土交通省）P11-22-39-bs1936（33.449815, 133.288848、JGD2011）を加工して作成",
    "verifiedAt": ""
   }
  },
  {
   "type": "Feature",
   "geometry": {
    "type": "Point",
    "coordinates": [
     133.2311373,
     33.4326978
    ]
   },
   "properties": {
    "id": "BS-kP11-22-39-bs2034",
    "kind": "bus_stop",
    "name": "新土居",
    "datum": "WGS84",
    "mountainIds": "839",
    "mountainNames": "蟠蛇森",
    "lists": "四国百名山",
    "routes": "",
    "entryType": "",
    "trailKmToSummit": "",
    "related": "TH-kP11-22-39-bs2040(314m)",
    "attributes": "operator=高知高陵交通（株）; busType=民間路線バス; busRoutes=梼原～須崎線",
    "status": "adopted",
    "accuracyM": 10,
    "needsReview": "運行状況（季節運行・休止・予約制）を要確認",
    "sources": "国土数値情報（バス停留所データ）令和4年度（国土交通省）P11-22-39-bs2034（33.432698, 133.231137、JGD2011）を加工して作成 ｜ OpenStreetMap（© OpenStreetMap contributors, ODbL 1.0）Geofabrik japan-latest.osm.pbf 2026-09-23T20:22:04Z node/7475329884",
    "verifiedAt": ""
   }
  },
  {
   "type": "Feature",
   "geometry": {
    "type": "Point",
    "coordinates": [
     133.2341867,
     33.431467
    ]
   },
   "properties": {
    "id": "BS-kP11-22-39-bs2040",
    "kind": "bus_stop",
    "name": "馬関橋",
    "datum": "WGS84",
    "mountainIds": "839",
    "mountainNames": "蟠蛇森",
    "lists": "四国百名山",
    "routes": "",
    "entryType": "",
    "trailKmToSummit": "",
    "related": "TH-kP11-22-39-bs2040(0m)",
    "attributes": "operator=高知高陵交通（株）; busType=民間路線バス; busRoutes=梼原～須崎線",
    "status": "adopted",
    "accuracyM": 10,
    "needsReview": "運行状況（季節運行・休止・予約制）を要確認",
    "sources": "国土数値情報（バス停留所データ）令和4年度（国土交通省）P11-22-39-bs2040（33.431467, 133.234187、JGD2011）を加工して作成",
    "verifiedAt": ""
   }
  },
  {
   "type": "Feature",
   "geometry": {
    "type": "Point",
    "coordinates": [
     133.2356451,
     33.4293292
    ]
   },
   "properties": {
    "id": "BS-kP11-22-39-bs2050",
    "kind": "bus_stop",
    "name": "二又橋",
    "datum": "WGS84",
    "mountainIds": "839",
    "mountainNames": "蟠蛇森",
    "lists": "四国百名山",
    "routes": "",
    "entryType": "",
    "trailKmToSummit": "",
    "related": "TH-kP11-22-39-bs2040(272m)",
    "attributes": "operator=高知高陵交通（株）; busType=民間路線バス; busRoutes=梼原～須崎線",
    "status": "adopted",
    "accuracyM": 10,
    "needsReview": "運行状況（季節運行・休止・予約制）を要確認",
    "sources": "国土数値情報（バス停留所データ）令和4年度（国土交通省）P11-22-39-bs2050（33.429329, 133.235645、JGD2011）を加工して作成",
    "verifiedAt": ""
   }
  },
  {
   "type": "Feature",
   "geometry": {
    "type": "Point",
    "coordinates": [
     133.8564153,
     33.7078517
    ]
   },
   "properties": {
    "id": "BS-kP11-22-39-bs248",
    "kind": "bus_stop",
    "name": "引立",
    "datum": "WGS84",
    "mountainIds": "811",
    "mountainNames": "御在所山",
    "lists": "四国百名山",
    "routes": "",
    "entryType": "",
    "trailKmToSummit": "",
    "related": "TH-kP11-22-39-bs251(316m)",
    "attributes": "operator=香美市; busType=コミュニティバス; busRoutes=蕨野線",
    "status": "adopted",
    "accuracyM": 10,
    "needsReview": "運行状況（季節運行・休止・予約制）を要確認",
    "sources": "国土数値情報（バス停留所データ）令和4年度（国土交通省）P11-22-39-bs248（33.707852, 133.856415、JGD2011）を加工して作成",
    "verifiedAt": ""
   }
  },
  {
   "type": "Feature",
   "geometry": {
    "type": "Point",
    "coordinates": [
     133.8548469,
     33.7053149
    ]
   },
   "properties": {
    "id": "BS-kP11-22-39-bs251",
    "kind": "bus_stop",
    "name": "猪野々",
    "datum": "WGS84",
    "mountainIds": "811",
    "mountainNames": "御在所山",
    "lists": "四国百名山",
    "routes": "",
    "entryType": "",
    "trailKmToSummit": "",
    "related": "TH-kP11-22-39-bs251(0m) TH-kP11-22-39-bs273(919m)",
    "attributes": "operator=香美市; busType=コミュニティバス; busRoutes=蕨野線",
    "status": "adopted",
    "accuracyM": 10,
    "needsReview": "運行状況（季節運行・休止・予約制）を要確認、登山口から離れている（徒歩アプローチを要確認）",
    "sources": "国土数値情報（バス停留所データ）令和4年度（国土交通省）P11-22-39-bs251（33.705315, 133.854847、JGD2011）を加工して作成",
    "verifiedAt": ""
   }
  },
  {
   "type": "Feature",
   "geometry": {
    "type": "Point",
    "coordinates": [
     133.8576528,
     33.7008636
    ]
   },
   "properties": {
    "id": "BS-kP11-22-39-bs266",
    "kind": "bus_stop",
    "name": "永瀬",
    "datum": "WGS84",
    "mountainIds": "811",
    "mountainNames": "御在所山",
    "lists": "四国百名山",
    "routes": "",
    "entryType": "",
    "trailKmToSummit": "",
    "related": "TH-kP11-22-39-bs251(556m) TH-kP11-22-39-bs273(550m)",
    "attributes": "operator=香美市; busType=コミュニティバス; busRoutes=蕨野線",
    "status": "adopted",
    "accuracyM": 10,
    "needsReview": "運行状況（季節運行・休止・予約制）を要確認",
    "sources": "国土数値情報（バス停留所データ）令和4年度（国土交通省）P11-22-39-bs266（33.700864, 133.857653、JGD2011）を加工して作成",
    "verifiedAt": ""
   }
  },
  {
   "type": "Feature",
   "geometry": {
    "type": "Point",
    "coordinates": [
     133.8538366,
     33.6970477
    ]
   },
   "properties": {
    "id": "BS-kP11-22-39-bs273",
    "kind": "bus_stop",
    "name": "初田下",
    "datum": "WGS84",
    "mountainIds": "811",
    "mountainNames": "御在所山",
    "lists": "四国百名山",
    "routes": "",
    "entryType": "",
    "trailKmToSummit": "",
    "related": "TH-kP11-22-39-bs273(0m)",
    "attributes": "operator=香美市; busType=コミュニティバス; busRoutes=蕨野線",
    "status": "adopted",
    "accuracyM": 10,
    "needsReview": "運行状況（季節運行・休止・予約制）を要確認",
    "sources": "国土数値情報（バス停留所データ）令和4年度（国土交通省）P11-22-39-bs273（33.697048, 133.853837、JGD2011）を加工して作成",
    "verifiedAt": ""
   }
  },
  {
   "type": "Feature",
   "geometry": {
    "type": "Point",
    "coordinates": [
     133.8464862,
     33.6904499
    ]
   },
   "properties": {
    "id": "BS-kP11-22-39-bs294",
    "kind": "bus_stop",
    "name": "清爪",
    "datum": "WGS84",
    "mountainIds": "811",
    "mountainNames": "御在所山",
    "lists": "四国百名山",
    "routes": "",
    "entryType": "",
    "trailKmToSummit": "",
    "related": "TH-n1553314428(548m)",
    "attributes": "operator=香美市; busType=コミュニティバス; busRoutes=蕨野線",
    "status": "adopted",
    "accuracyM": 10,
    "needsReview": "運行状況（季節運行・休止・予約制）を要確認",
    "sources": "国土数値情報（バス停留所データ）令和4年度（国土交通省）P11-22-39-bs294（33.690450, 133.846486、JGD2011）を加工して作成",
    "verifiedAt": ""
   }
  },
  {
   "type": "Feature",
   "geometry": {
    "type": "Point",
    "coordinates": [
     133.8433418,
     33.6894566
    ]
   },
   "properties": {
    "id": "BS-kP11-22-39-bs298",
    "kind": "bus_stop",
    "name": "大谷口",
    "datum": "WGS84",
    "mountainIds": "811",
    "mountainNames": "御在所山",
    "lists": "四国百名山",
    "routes": "",
    "entryType": "",
    "trailKmToSummit": "",
    "related": "TH-n1553314428(264m)",
    "attributes": "operator=香美市; busType=コミュニティバス; busRoutes=蕨野線",
    "status": "adopted",
    "accuracyM": 10,
    "needsReview": "運行状況（季節運行・休止・予約制）を要確認",
    "sources": "国土数値情報（バス停留所データ）令和4年度（国土交通省）P11-22-39-bs298（33.689457, 133.843342、JGD2011）を加工して作成",
    "verifiedAt": ""
   }
  },
  {
   "type": "Feature",
   "geometry": {
    "type": "Point",
    "coordinates": [
     132.714488,
     33.1048402
    ]
   },
   "properties": {
    "id": "BS-kP11-22-39-bs3000",
    "kind": "bus_stop",
    "name": "檜駄馬",
    "datum": "WGS84",
    "mountainIds": "860",
    "mountainNames": "譲ヶ葉森",
    "lists": "四国百名山",
    "routes": "",
    "entryType": "",
    "trailKmToSummit": "",
    "related": "TH-kP11-22-39-bs3000(0m) TH-kP11-22-39-bs3001(888m)",
    "attributes": "operator=四万十市; busType=公営路線バス; busRoutes=四万十市営バス　黒尊線",
    "status": "adopted",
    "accuracyM": 10,
    "needsReview": "運行状況（季節運行・休止・予約制）を要確認、登山口から離れている（徒歩アプローチを要確認）",
    "sources": "国土数値情報（バス停留所データ）令和4年度（国土交通省）P11-22-39-bs3000（33.104840, 132.714488、JGD2011）を加工して作成",
    "verifiedAt": ""
   }
  },
  {
   "type": "Feature",
   "geometry": {
    "type": "Point",
    "coordinates": [
     132.7239247,
     33.1037945
    ]
   },
   "properties": {
    "id": "BS-kP11-22-39-bs3001",
    "kind": "bus_stop",
    "name": "奥屋内本村",
    "datum": "WGS84",
    "mountainIds": "860",
    "mountainNames": "譲ヶ葉森",
    "lists": "四国百名山",
    "routes": "",
    "entryType": "",
    "trailKmToSummit": "",
    "related": "TH-kP11-22-39-bs3000(888m) TH-kP11-22-39-bs3001(0m)",
    "attributes": "operator=四万十市; busType=公営路線バス; busRoutes=四万十市営バス　黒尊線",
    "status": "adopted",
    "accuracyM": 10,
    "needsReview": "運行状況（季節運行・休止・予約制）を要確認、登山口から離れている（徒歩アプローチを要確認）",
    "sources": "国土数値情報（バス停留所データ）令和4年度（国土交通省）P11-22-39-bs3001（33.103795, 132.723925、JGD2011）を加工して作成",
    "verifiedAt": ""
   }
  },
  {
   "type": "Feature",
   "geometry": {
    "type": "Point",
    "coordinates": [
     133.8454703,
     33.684612
    ]
   },
   "properties": {
    "id": "BS-kP11-22-39-bs309",
    "kind": "bus_stop",
    "name": "蕨野",
    "datum": "WGS84",
    "mountainIds": "811",
    "mountainNames": "御在所山",
    "lists": "四国百名山",
    "routes": "",
    "entryType": "",
    "trailKmToSummit": "",
    "related": "TH-n1553314428(755m)",
    "attributes": "operator=香美市; busType=コミュニティバス; busRoutes=蕨野線 / 美良布・大栃線",
    "status": "adopted",
    "accuracyM": 10,
    "needsReview": "運行状況（季節運行・休止・予約制）を要確認、登山口から離れている（徒歩アプローチを要確認）",
    "sources": "国土数値情報（バス停留所データ）令和4年度（国土交通省）P11-22-39-bs309（33.684612, 133.845470、JGD2011）を加工して作成",
    "verifiedAt": ""
   }
  },
  {
   "type": "Feature",
   "geometry": {
    "type": "Point",
    "coordinates": [
     133.5592518,
     33.8086688
    ]
   },
   "properties": {
    "id": "BS-kP11-22-39-bs4",
    "kind": "bus_stop",
    "name": "草原",
    "datum": "WGS84",
    "mountainIds": "784",
    "mountainNames": "白髪山",
    "lists": "四国百名山",
    "routes": "",
    "entryType": "",
    "trailKmToSummit": "",
    "related": "TH-n1479920383(463m)",
    "attributes": "operator=（有）嶺北観光自動車; busType=民間路線バス; busRoutes=冬の瀬線",
    "status": "adopted",
    "accuracyM": 10,
    "needsReview": "運行状況（季節運行・休止・予約制）を要確認",
    "sources": "国土数値情報（バス停留所データ）令和4年度（国土交通省）P11-22-39-bs4（33.808669, 133.559252、JGD2011）を加工して作成",
    "verifiedAt": ""
   }
  },
  {
   "type": "Feature",
   "geometry": {
    "type": "Point",
    "coordinates": [
     133.5585042,
     33.8046864
    ]
   },
   "properties": {
    "id": "BS-kP11-22-39-bs5",
    "kind": "bus_stop",
    "name": "瓜生野",
    "datum": "WGS84",
    "mountainIds": "784",
    "mountainNames": "白髪山",
    "lists": "四国百名山",
    "routes": "",
    "entryType": "",
    "trailKmToSummit": "",
    "related": "TH-n1479920383(261m)",
    "attributes": "operator=（有）嶺北観光自動車; busType=民間路線バス; busRoutes=冬の瀬線",
    "status": "adopted",
    "accuracyM": 10,
    "needsReview": "運行状況（季節運行・休止・予約制）を要確認",
    "sources": "国土数値情報（バス停留所データ）令和4年度（国土交通省）P11-22-39-bs5（33.804686, 133.558504、JGD2011）を加工して作成",
    "verifiedAt": ""
   }
  },
  {
   "type": "Feature",
   "geometry": {
    "type": "Point",
    "coordinates": [
     133.961122,
     33.777835
    ]
   },
   "properties": {
    "id": "BS-kP11-22-39-bs56",
    "kind": "bus_stop",
    "name": "影",
    "datum": "WGS84",
    "mountainIds": "778 780 787 789",
    "mountainNames": "三嶺、天狗塚、白髪山、綱附森",
    "lists": "日本二百名山|日本三百名山|四国百名山",
    "routes": "",
    "entryType": "",
    "trailKmToSummit": "",
    "related": "TH-n1553371346(256m) TH-n1553370850(291m)",
    "attributes": "operator=香美市; busType=コミュニティバス; busRoutes=影線",
    "status": "adopted",
    "accuracyM": 10,
    "needsReview": "運行状況（季節運行・休止・予約制）を要確認",
    "sources": "国土数値情報（バス停留所データ）令和4年度（国土交通省）P11-22-39-bs56（33.777835, 133.961122、JGD2011）を加工して作成",
    "verifiedAt": ""
   }
  },
  {
   "type": "Feature",
   "geometry": {
    "type": "Point",
    "coordinates": [
     133.9587622,
     33.7767106
    ]
   },
   "properties": {
    "id": "BS-kP11-22-39-bs57",
    "kind": "bus_stop",
    "name": "和久保",
    "datum": "WGS84",
    "mountainIds": "778 780 787 789",
    "mountainNames": "三嶺、天狗塚、白髪山、綱附森",
    "lists": "日本二百名山|日本三百名山|四国百名山",
    "routes": "",
    "entryType": "",
    "trailKmToSummit": "",
    "related": "TH-n1553371346(503m) TH-n1553370850(47m) TH-n1553369681(732m)",
    "attributes": "operator=香美市; busType=コミュニティバス; busRoutes=影線",
    "status": "adopted",
    "accuracyM": 10,
    "needsReview": "運行状況（季節運行・休止・予約制）を要確認、登山口から離れている（徒歩アプローチを要確認）",
    "sources": "国土数値情報（バス停留所データ）令和4年度（国土交通省）P11-22-39-bs57（33.776711, 133.958762、JGD2011）を加工して作成",
    "verifiedAt": ""
   }
  },
  {
   "type": "Feature",
   "geometry": {
    "type": "Point",
    "coordinates": [
     133.5586791,
     33.8024039
    ]
   },
   "properties": {
    "id": "BS-kP11-22-39-bs6",
    "kind": "bus_stop",
    "name": "宮前保育所",
    "datum": "WGS84",
    "mountainIds": "784",
    "mountainNames": "白髪山",
    "lists": "四国百名山",
    "routes": "",
    "entryType": "",
    "trailKmToSummit": "",
    "related": "TH-n1479920383(365m)",
    "attributes": "operator=（有）嶺北観光自動車; busType=民間路線バス; busRoutes=冬の瀬線",
    "status": "adopted",
    "accuracyM": 10,
    "needsReview": "運行状況（季節運行・休止・予約制）を要確認",
    "sources": "国土数値情報（バス停留所データ）令和4年度（国土交通省）P11-22-39-bs6（33.802404, 133.558679、JGD2011）を加工して作成",
    "verifiedAt": ""
   }
  },
  {
   "type": "Feature",
   "geometry": {
    "type": "Point",
    "coordinates": [
     133.9530087,
     33.7704356
    ]
   },
   "properties": {
    "id": "BS-kP11-22-39-bs73",
    "kind": "bus_stop",
    "name": "中内",
    "datum": "WGS84",
    "mountainIds": "778 780 787 789",
    "mountainNames": "三嶺、天狗塚、白髪山、綱附森",
    "lists": "日本二百名山|日本三百名山|四国百名山",
    "routes": "",
    "entryType": "",
    "trailKmToSummit": "",
    "related": "TH-n1553370850(828m) TH-n1553369681(154m) TH-n1553368679(745m)",
    "attributes": "operator=香美市; busType=コミュニティバス; busRoutes=影線",
    "status": "adopted",
    "accuracyM": 10,
    "needsReview": "運行状況（季節運行・休止・予約制）を要確認、登山口から離れている（徒歩アプローチを要確認）",
    "sources": "国土数値情報（バス停留所データ）令和4年度（国土交通省）P11-22-39-bs73（33.770436, 133.953009、JGD2011）を加工して作成",
    "verifiedAt": ""
   }
  },
  {
   "type": "Feature",
   "geometry": {
    "type": "Point",
    "coordinates": [
     133.1883691,
     33.5753214
    ]
   },
   "properties": {
    "id": "BS-kP11-22-39-bs759",
    "kind": "bus_stop",
    "name": "西浦",
    "datum": "WGS84",
    "mountainIds": "825",
    "mountainNames": "横倉山",
    "lists": "四国百名山",
    "routes": "",
    "entryType": "",
    "trailKmToSummit": "",
    "related": "TH-kP11-22-39-bs785(683m)",
    "attributes": "operator=（有）黒岩観光; busType=民間路線バス; busRoutes=佐川・川渡線 / 佐川・大崎・狩山口線",
    "status": "adopted",
    "accuracyM": 10,
    "needsReview": "運行状況（季節運行・休止・予約制）を要確認、登山口から離れている（徒歩アプローチを要確認）",
    "sources": "国土数値情報（バス停留所データ）令和4年度（国土交通省）P11-22-39-bs759（33.575321, 133.188369、JGD2011）を加工して作成",
    "verifiedAt": ""
   }
  },
  {
   "type": "Feature",
   "geometry": {
    "type": "Point",
    "coordinates": [
     133.1655406,
     33.5750127
    ]
   },
   "properties": {
    "id": "BS-kP11-22-39-bs764",
    "kind": "bus_stop",
    "name": "川口",
    "datum": "WGS84",
    "mountainIds": "825",
    "mountainNames": "横倉山",
    "lists": "四国百名山",
    "routes": "",
    "entryType": "",
    "trailKmToSummit": "",
    "related": "TH-n1543750186(299m)",
    "attributes": "operator=（有）黒岩観光; busType=民間路線バス; busRoutes=佐川・大崎・狩山口線",
    "status": "adopted",
    "accuracyM": 10,
    "needsReview": "運行状況（季節運行・休止・予約制）を要確認",
    "sources": "国土数値情報（バス停留所データ）令和4年度（国土交通省）P11-22-39-bs764（33.575013, 133.165541、JGD2011）を加工して作成",
    "verifiedAt": ""
   }
  },
  {
   "type": "Feature",
   "geometry": {
    "type": "Point",
    "coordinates": [
     133.1712958,
     33.5746551
    ]
   },
   "properties": {
    "id": "BS-kP11-22-39-bs772",
    "kind": "bus_stop",
    "name": "大崎学校前",
    "datum": "WGS84",
    "mountainIds": "825",
    "mountainNames": "横倉山",
    "lists": "四国百名山",
    "routes": "",
    "entryType": "",
    "trailKmToSummit": "",
    "related": "TH-n1543750186(487m)",
    "attributes": "operator=（有）黒岩観光; busType=民間路線バス; busRoutes=佐川・川渡線 / 佐川・大崎・狩山口線",
    "status": "adopted",
    "accuracyM": 10,
    "needsReview": "運行状況（季節運行・休止・予約制）を要確認",
    "sources": "国土数値情報（バス停留所データ）令和4年度（国土交通省）P11-22-39-bs772（33.574655, 133.171296、JGD2011）を加工して作成",
    "verifiedAt": ""
   }
  },
  {
   "type": "Feature",
   "geometry": {
    "type": "Point",
    "coordinates": [
     133.1679415,
     33.5745867
    ]
   },
   "properties": {
    "id": "BS-kP11-22-39-bs774",
    "kind": "bus_stop",
    "name": "土佐大崎",
    "datum": "WGS84",
    "mountainIds": "825",
    "mountainNames": "横倉山",
    "lists": "四国百名山",
    "routes": "",
    "entryType": "",
    "trailKmToSummit": "",
    "related": "TH-n1543750186(258m)",
    "attributes": "operator=（有）黒岩観光; busType=民間路線バス; busRoutes=佐川・川渡線 / 佐川・大崎・狩山口線",
    "status": "adopted",
    "accuracyM": 10,
    "needsReview": "運行状況（季節運行・休止・予約制）を要確認",
    "sources": "国土数値情報（バス停留所データ）令和4年度（国土交通省）P11-22-39-bs774（33.574587, 133.167941、JGD2011）を加工して作成",
    "verifiedAt": ""
   }
  },
  {
   "type": "Feature",
   "geometry": {
    "type": "Point",
    "coordinates": [
     133.1953996,
     33.5734928
    ]
   },
   "properties": {
    "id": "BS-kP11-22-39-bs785",
    "kind": "bus_stop",
    "name": "寺村橋",
    "datum": "WGS84",
    "mountainIds": "825",
    "mountainNames": "横倉山",
    "lists": "四国百名山",
    "routes": "",
    "entryType": "",
    "trailKmToSummit": "",
    "related": "TH-kP11-22-39-bs785(0m)",
    "attributes": "operator=（有）黒岩観光; busType=民間路線バス; busRoutes=佐川・川渡線 / 佐川・大崎・狩山口線",
    "status": "adopted",
    "accuracyM": 10,
    "needsReview": "運行状況（季節運行・休止・予約制）を要確認",
    "sources": "国土数値情報（バス停留所データ）令和4年度（国土交通省）P11-22-39-bs785（33.573493, 133.195400、JGD2011）を加工して作成",
    "verifiedAt": ""
   }
  },
  {
   "type": "Feature",
   "geometry": {
    "type": "Point",
    "coordinates": [
     133.2012707,
     33.5721459
    ]
   },
   "properties": {
    "id": "BS-kP11-22-39-bs794",
    "kind": "bus_stop",
    "name": "熊秋",
    "datum": "WGS84",
    "mountainIds": "825",
    "mountainNames": "横倉山",
    "lists": "四国百名山",
    "routes": "",
    "entryType": "",
    "trailKmToSummit": "",
    "related": "TH-kP11-22-39-bs785(565m)",
    "attributes": "operator=（有）黒岩観光; busType=民間路線バス; busRoutes=佐川・川渡線 / 佐川・大崎・狩山口線",
    "status": "adopted",
    "accuracyM": 10,
    "needsReview": "運行状況（季節運行・休止・予約制）を要確認",
    "sources": "国土数値情報（バス停留所データ）令和4年度（国土交通省）P11-22-39-bs794（33.572146, 133.201271、JGD2011）を加工して作成",
    "verifiedAt": ""
   }
  },
  {
   "type": "Feature",
   "geometry": {
    "type": "Point",
    "coordinates": [
     133.9482717,
     33.7674512
    ]
   },
   "properties": {
    "id": "BS-kP11-22-39-bs82",
    "kind": "bus_stop",
    "name": "沼井",
    "datum": "WGS84",
    "mountainIds": "778 780 789",
    "mountainNames": "三嶺、天狗塚、綱附森",
    "lists": "日本二百名山|日本三百名山|四国百名山",
    "routes": "",
    "entryType": "",
    "trailKmToSummit": "",
    "related": "TH-n1553369681(702m) TH-n1553368679(199m)",
    "attributes": "operator=香美市; busType=コミュニティバス; busRoutes=影線",
    "status": "adopted",
    "accuracyM": 10,
    "needsReview": "運行状況（季節運行・休止・予約制）を要確認、登山口から離れている（徒歩アプローチを要確認）",
    "sources": "国土数値情報（バス停留所データ）令和4年度（国土交通省）P11-22-39-bs82（33.767451, 133.948272、JGD2011）を加工して作成",
    "verifiedAt": ""
   }
  },
  {
   "type": "Feature",
   "geometry": {
    "type": "Point",
    "coordinates": [
     133.9375103,
     33.7658902
    ]
   },
   "properties": {
    "id": "BS-kP11-22-39-bs85",
    "kind": "bus_stop",
    "name": "安野尾口",
    "datum": "WGS84",
    "mountainIds": "789",
    "mountainNames": "綱附森",
    "lists": "四国百名山",
    "routes": "",
    "entryType": "",
    "trailKmToSummit": "",
    "related": "TH-n1553368679(823m) TH-n1553368503(74m)",
    "attributes": "operator=香美市; busType=コミュニティバス; busRoutes=影線",
    "status": "adopted",
    "accuracyM": 10,
    "needsReview": "運行状況（季節運行・休止・予約制）を要確認、登山口から離れている（徒歩アプローチを要確認）",
    "sources": "国土数値情報（バス停留所データ）令和4年度（国土交通省）P11-22-39-bs85（33.765890, 133.937510、JGD2011）を加工して作成",
    "verifiedAt": ""
   }
  },
  {
   "type": "Feature",
   "geometry": {
    "type": "Point",
    "coordinates": [
     133.936174,
     33.7641646
    ]
   },
   "properties": {
    "id": "BS-kP11-22-39-bs90",
    "kind": "bus_stop",
    "name": "堂の岡",
    "datum": "WGS84",
    "mountainIds": "789",
    "mountainNames": "綱附森",
    "lists": "四国百名山",
    "routes": "",
    "entryType": "",
    "trailKmToSummit": "",
    "related": "TH-n1553368503(277m)",
    "attributes": "operator=香美市; busType=コミュニティバス; busRoutes=影線",
    "status": "adopted",
    "accuracyM": 10,
    "needsReview": "運行状況（季節運行・休止・予約制）を要確認",
    "sources": "国土数値情報（バス停留所データ）令和4年度（国土交通省）P11-22-39-bs90（33.764165, 133.936174、JGD2011）を加工して作成",
    "verifiedAt": ""
   }
  },
  {
   "type": "Feature",
   "geometry": {
    "type": "Point",
    "coordinates": [
     133.9322043,
     33.7616591
    ]
   },
   "properties": {
    "id": "BS-kP11-22-39-bs97",
    "kind": "bus_stop",
    "name": "袂石",
    "datum": "WGS84",
    "mountainIds": "789",
    "mountainNames": "綱附森",
    "lists": "四国百名山",
    "routes": "",
    "entryType": "",
    "trailKmToSummit": "",
    "related": "TH-n1553368503(736m)",
    "attributes": "operator=香美市; busType=コミュニティバス; busRoutes=影線",
    "status": "adopted",
    "accuracyM": 10,
    "needsReview": "運行状況（季節運行・休止・予約制）を要確認、登山口から離れている（徒歩アプローチを要確認）",
    "sources": "国土数値情報（バス停留所データ）令和4年度（国土交通省）P11-22-39-bs97（33.761659, 133.932204、JGD2011）を加工して作成",
    "verifiedAt": ""
   }
  },
  {
   "type": "Feature",
   "geometry": {
    "type": "Point",
    "coordinates": [
     134.3011288,
     34.5169336
    ]
   },
   "properties": {
    "id": "BS-n261014473",
    "kind": "bus_stop",
    "name": "（名称なし）バス停",
    "datum": "WGS84",
    "mountainIds": "658",
    "mountainNames": "寒霞渓",
    "lists": "四国百名山",
    "routes": "",
    "entryType": "",
    "trailKmToSummit": "",
    "related": "TH-n261014455(159m)",
    "attributes": "",
    "status": "provisional",
    "accuracyM": 20,
    "needsReview": "運行状況（季節運行・休止・予約制）を要確認、公式情報または2情報源での確認が必要",
    "sources": "OpenStreetMap（© OpenStreetMap contributors, ODbL 1.0）Geofabrik japan-latest.osm.pbf 2026-09-23T20:22:04Z node/261014473",
    "verifiedAt": ""
   }
  },
  {
   "type": "Feature",
   "geometry": {
    "type": "Point",
    "coordinates": [
     133.3778412,
     33.84665
    ]
   },
   "properties": {
    "id": "BS-n3152604389",
    "kind": "bus_stop",
    "name": "別子山支所前",
    "datum": "WGS84",
    "mountainIds": "768",
    "mountainNames": "東赤石山",
    "lists": "日本二百名山|日本三百名山|四国百名山",
    "routes": "",
    "entryType": "",
    "trailKmToSummit": "",
    "related": "TH-n3464901750(806m)",
    "attributes": "",
    "status": "provisional",
    "accuracyM": 20,
    "needsReview": "運行状況（季節運行・休止・予約制）を要確認、公式情報または2情報源での確認が必要、登山口から離れている（徒歩アプローチを要確認）",
    "sources": "OpenStreetMap（© OpenStreetMap contributors, ODbL 1.0）Geofabrik japan-latest.osm.pbf 2026-09-23T20:22:04Z node/3152604389",
    "verifiedAt": ""
   }
  },
  {
   "type": "Feature",
   "geometry": {
    "type": "Point",
    "coordinates": [
     134.0897267,
     33.8672839
    ]
   },
   "properties": {
    "id": "BS-n5570323522",
    "kind": "bus_stop",
    "name": "見ノ越",
    "datum": "WGS84",
    "mountainIds": "775 776 777 778 787",
    "mountainNames": "一ノ森、次郎笈、剣山、三嶺、白髪山",
    "lists": "四国百名山|日本百名山|日本二百名山|日本三百名山",
    "routes": "",
    "entryType": "",
    "trailKmToSummit": "",
    "related": "TH-n11977956511(102m) TH-n11977956512(786m) TH-n278073861(438m)",
    "attributes": "",
    "status": "provisional",
    "accuracyM": 20,
    "needsReview": "運行状況（季節運行・休止・予約制）を要確認、公式情報または2情報源での確認が必要、登山口から離れている（徒歩アプローチを要確認）",
    "sources": "OpenStreetMap（© OpenStreetMap contributors, ODbL 1.0）Geofabrik japan-latest.osm.pbf 2026-09-23T20:22:04Z node/5570323522",
    "verifiedAt": ""
   }
  },
  {
   "type": "Feature",
   "geometry": {
    "type": "Point",
    "coordinates": [
     134.0443563,
     33.8538705
    ]
   },
   "properties": {
    "id": "BS-n5893924855",
    "kind": "bus_stop",
    "name": "Niju Kazurabashi 二重かずら橋",
    "datum": "WGS84",
    "mountainIds": "775 776 777 778 787",
    "mountainNames": "一ノ森、次郎笈、剣山、三嶺、白髪山",
    "lists": "四国百名山|日本百名山|日本二百名山|日本三百名山",
    "routes": "",
    "entryType": "",
    "trailKmToSummit": "",
    "related": "TH-n278089427(33m)",
    "attributes": "",
    "status": "provisional",
    "accuracyM": 20,
    "needsReview": "運行状況（季節運行・休止・予約制）を要確認、公式情報または2情報源での確認が必要",
    "sources": "OpenStreetMap（© OpenStreetMap contributors, ODbL 1.0）Geofabrik japan-latest.osm.pbf 2026-09-23T20:22:04Z node/5893924855",
    "verifiedAt": ""
   }
  },
  {
   "type": "Feature",
   "geometry": {
    "type": "Point",
    "coordinates": [
     134.0205768,
     33.8548934
    ]
   },
   "properties": {
    "id": "BS-n5893936106",
    "kind": "bus_stop",
    "name": "名頃",
    "datum": "WGS84",
    "mountainIds": "772 776 777 787 778 780",
    "mountainNames": "塔ノ丸、次郎笈、剣山、白髪山、三嶺、天狗塚",
    "lists": "四国百名山|日本百名山|日本二百名山|日本三百名山",
    "routes": "",
    "entryType": "",
    "trailKmToSummit": "",
    "related": "TH-n5893943539(431m) TH-n5893943539-2(256m)",
    "attributes": "",
    "status": "provisional",
    "accuracyM": 20,
    "needsReview": "運行状況（季節運行・休止・予約制）を要確認、公式情報または2情報源での確認が必要",
    "sources": "OpenStreetMap（© OpenStreetMap contributors, ODbL 1.0）Geofabrik japan-latest.osm.pbf 2026-09-23T20:22:04Z node/5893936106",
    "verifiedAt": ""
   }
  },
  {
   "type": "Feature",
   "geometry": {
    "type": "Point",
    "coordinates": [
     134.0950859,
     34.3445105
    ]
   },
   "properties": {
    "id": "BS-n7350480404",
    "kind": "bus_stop",
    "name": "屋島南御殿",
    "datum": "WGS84",
    "mountainIds": "690",
    "mountainNames": "屋島",
    "lists": "四国百名山",
    "routes": "",
    "entryType": "",
    "trailKmToSummit": "",
    "related": "TH-n1509587000(919m)",
    "attributes": "busRoutes=高松琴平電気鉄道株式会社｜ことでん｜浦生 => 瓦町・高松駅",
    "status": "provisional",
    "accuracyM": 20,
    "needsReview": "運行状況（季節運行・休止・予約制）を要確認、公式情報または2情報源での確認が必要、登山口から離れている（徒歩アプローチを要確認）",
    "sources": "OpenStreetMap（© OpenStreetMap contributors, ODbL 1.0）Geofabrik japan-latest.osm.pbf 2026-09-23T20:22:04Z node/7350480404",
    "verifiedAt": ""
   }
  },
  {
   "type": "Feature",
   "geometry": {
    "type": "Point",
    "coordinates": [
     134.0933932,
     34.34729
    ]
   },
   "properties": {
    "id": "BS-n7350509986",
    "kind": "bus_stop",
    "name": "（名称なし）バス停",
    "datum": "WGS84",
    "mountainIds": "690",
    "mountainNames": "屋島",
    "lists": "四国百名山",
    "routes": "",
    "entryType": "",
    "trailKmToSummit": "",
    "related": "TH-n1509587000(899m)",
    "attributes": "busRoutes=高松琴平電気鉄道株式会社｜ことでん｜浦生 => 瓦町・高松駅 / 高松琴平電気鉄道株式会社｜ことでん｜高松駅 => 国際ホテル・浦生",
    "status": "provisional",
    "accuracyM": 20,
    "needsReview": "運行状況（季節運行・休止・予約制）を要確認、公式情報または2情報源での確認が必要、登山口から離れている（徒歩アプローチを要確認）",
    "sources": "OpenStreetMap（© OpenStreetMap contributors, ODbL 1.0）Geofabrik japan-latest.osm.pbf 2026-09-23T20:22:04Z node/7350509986",
    "verifiedAt": ""
   }
  },
  {
   "type": "Feature",
   "geometry": {
    "type": "Point",
    "coordinates": [
     134.093424,
     34.3472965
    ]
   },
   "properties": {
    "id": "BS-n7350509989",
    "kind": "bus_stop",
    "name": "屋島御殿",
    "datum": "WGS84",
    "mountainIds": "690",
    "mountainNames": "屋島",
    "lists": "四国百名山",
    "routes": "",
    "entryType": "",
    "trailKmToSummit": "",
    "related": "TH-n1509587000(896m)",
    "attributes": "busRoutes=高松琴平電気鉄道株式会社｜ことでん｜浦生 => 瓦町・高松駅",
    "status": "provisional",
    "accuracyM": 20,
    "needsReview": "運行状況（季節運行・休止・予約制）を要確認、公式情報または2情報源での確認が必要、登山口から離れている（徒歩アプローチを要確認）",
    "sources": "OpenStreetMap（© OpenStreetMap contributors, ODbL 1.0）Geofabrik japan-latest.osm.pbf 2026-09-23T20:22:04Z node/7350509989",
    "verifiedAt": ""
   }
  },
  {
   "type": "Feature",
   "geometry": {
    "type": "Point",
    "coordinates": [
     133.7229217,
     34.0316043
    ]
   },
   "properties": {
    "id": "PK-n11416066169",
    "kind": "parking",
    "name": "（名称なし）駐車場",
    "datum": "WGS84",
    "mountainIds": "730",
    "mountainNames": "雲辺寺山",
    "lists": "四国百名山",
    "routes": "",
    "entryType": "",
    "trailKmToSummit": "",
    "related": "TH-n4485944009(404m) TH-n1810764607(77m)",
    "attributes": "",
    "status": "provisional",
    "accuracyM": 20,
    "needsReview": "公式情報または2情報源での確認が必要、名称なし、登山口から離れている（徒歩アプローチを要確認）",
    "sources": "OpenStreetMap（© OpenStreetMap contributors, ODbL 1.0）Geofabrik japan-latest.osm.pbf 2026-09-23T20:22:04Z node/11416066169",
    "verifiedAt": ""
   }
  },
  {
   "type": "Feature",
   "geometry": {
    "type": "Point",
    "coordinates": [
     133.7509595,
     34.2196583
    ]
   },
   "properties": {
    "id": "PK-n13197012901",
    "kind": "parking",
    "name": "（名称なし）駐車場",
    "datum": "WGS84",
    "mountainIds": "713",
    "mountainNames": "我拝師山",
    "lists": "四国百名山",
    "routes": "",
    "entryType": "",
    "trailKmToSummit": "",
    "related": "TH-n4507394264(261m)",
    "attributes": "operator=Shusshaka-ji",
    "status": "provisional",
    "accuracyM": 20,
    "needsReview": "公式情報または2情報源での確認が必要、名称なし",
    "sources": "OpenStreetMap（© OpenStreetMap contributors, ODbL 1.0）Geofabrik japan-latest.osm.pbf 2026-09-23T20:22:04Z node/13197012901",
    "verifiedAt": ""
   }
  },
  {
   "type": "Feature",
   "geometry": {
    "type": "Point",
    "coordinates": [
     134.2077678,
     34.1904351
    ]
   },
   "properties": {
    "id": "PK-n13227002601",
    "kind": "parking",
    "name": "（名称なし）駐車場",
    "datum": "WGS84",
    "mountainIds": "715",
    "mountainNames": "女体山",
    "lists": "四国百名山",
    "routes": "",
    "entryType": "",
    "trailKmToSummit": "",
    "related": "TH-n11416744269(21m)",
    "attributes": "",
    "status": "provisional",
    "accuracyM": 20,
    "needsReview": "公式情報または2情報源での確認が必要、名称なし",
    "sources": "OpenStreetMap（© OpenStreetMap contributors, ODbL 1.0）Geofabrik japan-latest.osm.pbf 2026-09-23T20:22:04Z node/13227002601",
    "verifiedAt": ""
   }
  },
  {
   "type": "Feature",
   "geometry": {
    "type": "Point",
    "coordinates": [
     133.1840106,
     33.6751589
    ]
   },
   "properties": {
    "id": "PK-n13707333501",
    "kind": "parking",
    "name": "（名称なし）駐車場",
    "datum": "WGS84",
    "mountainIds": "818",
    "mountainNames": "雨ヶ森",
    "lists": "四国百名山",
    "routes": "",
    "entryType": "",
    "trailKmToSummit": "",
    "related": "TH-n1543801962(430m)",
    "attributes": "",
    "status": "provisional",
    "accuracyM": 20,
    "needsReview": "公式情報または2情報源での確認が必要、名称なし、登山口から離れている（徒歩アプローチを要確認）",
    "sources": "OpenStreetMap（© OpenStreetMap contributors, ODbL 1.0）Geofabrik japan-latest.osm.pbf 2026-09-23T20:22:04Z node/13707333501",
    "verifiedAt": ""
   }
  },
  {
   "type": "Feature",
   "geometry": {
    "type": "Point",
    "coordinates": [
     133.101857,
     33.724826
    ]
   },
   "properties": {
    "id": "PK-n1954794575",
    "kind": "parking",
    "name": "（名称なし）駐車場",
    "datum": "WGS84",
    "mountainIds": "798 799 803",
    "mountainNames": "二ノ森、堂ヶ森、石鎚山",
    "lists": "四国百名山|日本百名山|日本二百名山|日本三百名山",
    "routes": "",
    "entryType": "",
    "trailKmToSummit": "",
    "related": "TH-n1954794489(203m)",
    "attributes": "",
    "status": "provisional",
    "accuracyM": 20,
    "needsReview": "公式情報または2情報源での確認が必要、名称なし",
    "sources": "OpenStreetMap（© OpenStreetMap contributors, ODbL 1.0）Geofabrik japan-latest.osm.pbf 2026-09-23T20:22:04Z node/1954794575",
    "verifiedAt": ""
   }
  },
  {
   "type": "Feature",
   "geometry": {
    "type": "Point",
    "coordinates": [
     134.0896251,
     33.8672209
    ]
   },
   "properties": {
    "id": "PK-n278078947",
    "kind": "parking",
    "name": "見ノ越第一駐車場",
    "datum": "WGS84",
    "mountainIds": "775 776 777 778 787",
    "mountainNames": "一ノ森、次郎笈、剣山、三嶺、白髪山",
    "lists": "四国百名山|日本百名山|日本二百名山|日本三百名山",
    "routes": "",
    "entryType": "",
    "trailKmToSummit": "",
    "related": "TH-n11977956511(90m)",
    "attributes": "",
    "status": "provisional",
    "accuracyM": 20,
    "needsReview": "公式情報または2情報源での確認が必要",
    "sources": "OpenStreetMap（© OpenStreetMap contributors, ODbL 1.0）Geofabrik japan-latest.osm.pbf 2026-09-23T20:22:04Z node/278078947",
    "verifiedAt": ""
   }
  },
  {
   "type": "Feature",
   "geometry": {
    "type": "Point",
    "coordinates": [
     134.0854287,
     33.8664007
    ]
   },
   "properties": {
    "id": "PK-n278083232",
    "kind": "parking",
    "name": "見ノ越第二駐車場",
    "datum": "WGS84",
    "mountainIds": "775 776 777 787",
    "mountainNames": "一ノ森、次郎笈、剣山、白髪山",
    "lists": "四国百名山|日本百名山|日本二百名山|日本三百名山",
    "routes": "",
    "entryType": "",
    "trailKmToSummit": "",
    "related": "TH-n278073861(64m)",
    "attributes": "",
    "status": "provisional",
    "accuracyM": 20,
    "needsReview": "公式情報または2情報源での確認が必要",
    "sources": "OpenStreetMap（© OpenStreetMap contributors, ODbL 1.0）Geofabrik japan-latest.osm.pbf 2026-09-23T20:22:04Z node/278083232",
    "verifiedAt": ""
   }
  },
  {
   "type": "Feature",
   "geometry": {
    "type": "Point",
    "coordinates": [
     134.0449004,
     33.8539049
    ]
   },
   "properties": {
    "id": "PK-n278083236",
    "kind": "parking",
    "name": "（名称なし）駐車場",
    "datum": "WGS84",
    "mountainIds": "775 776 777 778 787",
    "mountainNames": "一ノ森、次郎笈、剣山、三嶺、白髪山",
    "lists": "四国百名山|日本百名山|日本二百名山|日本三百名山",
    "routes": "",
    "entryType": "",
    "trailKmToSummit": "",
    "related": "TH-n278089427(18m)",
    "attributes": "",
    "status": "provisional",
    "accuracyM": 20,
    "needsReview": "公式情報または2情報源での確認が必要、名称なし",
    "sources": "OpenStreetMap（© OpenStreetMap contributors, ODbL 1.0）Geofabrik japan-latest.osm.pbf 2026-09-23T20:22:04Z node/278083236",
    "verifiedAt": ""
   }
  },
  {
   "type": "Feature",
   "geometry": {
    "type": "Point",
    "coordinates": [
     133.046131,
     33.4753965
    ]
   },
   "properties": {
    "id": "PK-n330722545",
    "kind": "parking",
    "name": "（名称なし）駐車場",
    "datum": "WGS84",
    "mountainIds": "830",
    "mountainNames": "天狗高原",
    "lists": "四国百名山",
    "routes": "",
    "entryType": "",
    "trailKmToSummit": "",
    "related": "TH-n330722543(22m)",
    "attributes": "",
    "status": "provisional",
    "accuracyM": 20,
    "needsReview": "公式情報または2情報源での確認が必要、名称なし",
    "sources": "OpenStreetMap（© OpenStreetMap contributors, ODbL 1.0）Geofabrik japan-latest.osm.pbf 2026-09-23T20:22:04Z node/330722545",
    "verifiedAt": ""
   }
  },
  {
   "type": "Feature",
   "geometry": {
    "type": "Point",
    "coordinates": [
     133.9496505,
     33.918038
    ]
   },
   "properties": {
    "id": "PK-n3717928752",
    "kind": "parking",
    "name": "（名称なし）駐車場",
    "datum": "WGS84",
    "mountainIds": "747 750 758",
    "mountainNames": "烏帽子山、矢筈山、寒峰",
    "lists": "四国百名山",
    "routes": "",
    "entryType": "",
    "trailKmToSummit": "",
    "related": "TH-n1698966501(174m)",
    "attributes": "",
    "status": "provisional",
    "accuracyM": 20,
    "needsReview": "公式情報または2情報源での確認が必要、名称なし",
    "sources": "OpenStreetMap（© OpenStreetMap contributors, ODbL 1.0）Geofabrik japan-latest.osm.pbf 2026-09-23T20:22:04Z node/3717928752",
    "verifiedAt": ""
   }
  },
  {
   "type": "Feature",
   "geometry": {
    "type": "Point",
    "coordinates": [
     133.5376401,
     33.9398643
    ]
   },
   "properties": {
    "id": "PK-n4074919401",
    "kind": "parking",
    "name": "（名称なし）駐車場",
    "datum": "WGS84",
    "mountainIds": "741",
    "mountainNames": "翠波峰",
    "lists": "四国百名山",
    "routes": "",
    "entryType": "",
    "trailKmToSummit": "",
    "related": "TH-n4074924301(139m)",
    "attributes": "",
    "status": "provisional",
    "accuracyM": 20,
    "needsReview": "公式情報または2情報源での確認が必要、名称なし",
    "sources": "OpenStreetMap（© OpenStreetMap contributors, ODbL 1.0）Geofabrik japan-latest.osm.pbf 2026-09-23T20:22:04Z node/4074919401",
    "verifiedAt": ""
   }
  },
  {
   "type": "Feature",
   "geometry": {
    "type": "Point",
    "coordinates": [
     133.4709388,
     33.8730747
    ]
   },
   "properties": {
    "id": "PK-n4080908822",
    "kind": "parking",
    "name": "（名称なし）駐車場",
    "datum": "WGS84",
    "mountainIds": "763 768",
    "mountainNames": "二ッ岳、東赤石山",
    "lists": "四国百名山|日本二百名山|日本三百名山",
    "routes": "",
    "entryType": "",
    "trailKmToSummit": "",
    "related": "TH-n1757002157(110m)",
    "attributes": "",
    "status": "provisional",
    "accuracyM": 20,
    "needsReview": "公式情報または2情報源での確認が必要、名称なし",
    "sources": "OpenStreetMap（© OpenStreetMap contributors, ODbL 1.0）Geofabrik japan-latest.osm.pbf 2026-09-23T20:22:04Z node/4080908822",
    "verifiedAt": ""
   }
  },
  {
   "type": "Feature",
   "geometry": {
    "type": "Point",
    "coordinates": [
     134.5027216,
     33.9630577
    ]
   },
   "properties": {
    "id": "PK-n415526403",
    "kind": "parking",
    "name": "（名称なし）駐車場",
    "datum": "WGS84",
    "mountainIds": "737",
    "mountainNames": "中津峰山",
    "lists": "四国百名山",
    "routes": "",
    "entryType": "",
    "trailKmToSummit": "",
    "related": "TH-n415526414(212m) TH-n1849324734(390m)",
    "attributes": "",
    "status": "provisional",
    "accuracyM": 20,
    "needsReview": "公式情報または2情報源での確認が必要、名称なし、登山口から離れている（徒歩アプローチを要確認）",
    "sources": "OpenStreetMap（© OpenStreetMap contributors, ODbL 1.0）Geofabrik japan-latest.osm.pbf 2026-09-23T20:22:04Z node/415526403",
    "verifiedAt": ""
   }
  },
  {
   "type": "Feature",
   "geometry": {
    "type": "Point",
    "coordinates": [
     134.5043031,
     33.9656551
    ]
   },
   "properties": {
    "id": "PK-n415526417",
    "kind": "parking",
    "name": "（名称なし）駐車場",
    "datum": "WGS84",
    "mountainIds": "737",
    "mountainNames": "中津峰山",
    "lists": "四国百名山",
    "routes": "",
    "entryType": "",
    "trailKmToSummit": "",
    "related": "TH-n415526414(210m) TH-n1849324734(183m)",
    "attributes": "",
    "status": "provisional",
    "accuracyM": 20,
    "needsReview": "公式情報または2情報源での確認が必要、名称なし",
    "sources": "OpenStreetMap（© OpenStreetMap contributors, ODbL 1.0）Geofabrik japan-latest.osm.pbf 2026-09-23T20:22:04Z node/415526417",
    "verifiedAt": ""
   }
  },
  {
   "type": "Feature",
   "geometry": {
    "type": "Point",
    "coordinates": [
     132.6543689,
     33.0834097
    ]
   },
   "properties": {
    "id": "PK-n6479492226",
    "kind": "parking",
    "name": "祓川温泉",
    "datum": "WGS84",
    "mountainIds": "867",
    "mountainNames": "篠山",
    "lists": "日本三百名山|四国百名山",
    "routes": "",
    "entryType": "",
    "trailKmToSummit": "",
    "related": "TH-n2045582818(383m)",
    "attributes": "",
    "status": "provisional",
    "accuracyM": 20,
    "needsReview": "公式情報または2情報源での確認が必要、登山口から離れている（徒歩アプローチを要確認）",
    "sources": "OpenStreetMap（© OpenStreetMap contributors, ODbL 1.0）Geofabrik japan-latest.osm.pbf 2026-09-23T20:22:04Z node/6479492226",
    "verifiedAt": ""
   }
  },
  {
   "type": "Feature",
   "geometry": {
    "type": "Point",
    "coordinates": [
     134.3169844,
     34.5179185
    ]
   },
   "properties": {
    "id": "PK-n704285304",
    "kind": "parking",
    "name": "（名称なし）駐車場",
    "datum": "WGS84",
    "mountainIds": "658",
    "mountainNames": "寒霞渓",
    "lists": "四国百名山",
    "routes": "",
    "entryType": "",
    "trailKmToSummit": "",
    "related": "TH-n10129303952(23m)",
    "attributes": "",
    "status": "provisional",
    "accuracyM": 20,
    "needsReview": "公式情報または2情報源での確認が必要、名称なし",
    "sources": "OpenStreetMap（© OpenStreetMap contributors, ODbL 1.0）Geofabrik japan-latest.osm.pbf 2026-09-23T20:22:04Z node/704285304",
    "verifiedAt": ""
   }
  },
  {
   "type": "Feature",
   "geometry": {
    "type": "Point",
    "coordinates": [
     134.1909793,
     34.0143885
    ]
   },
   "properties": {
    "id": "PK-n8668196765",
    "kind": "parking",
    "name": "（名称なし）駐車場",
    "datum": "WGS84",
    "mountainIds": "732",
    "mountainNames": "高越山",
    "lists": "四国百名山",
    "routes": "",
    "entryType": "",
    "trailKmToSummit": "",
    "related": "TH-n2067522216(15m)",
    "attributes": "",
    "status": "provisional",
    "accuracyM": 20,
    "needsReview": "公式情報または2情報源での確認が必要、名称なし",
    "sources": "OpenStreetMap（© OpenStreetMap contributors, ODbL 1.0）Geofabrik japan-latest.osm.pbf 2026-09-23T20:22:04Z node/8668196765",
    "verifiedAt": ""
   }
  },
  {
   "type": "Feature",
   "geometry": {
    "type": "Point",
    "coordinates": [
     133.541391,
     33.9444586
    ]
   },
   "properties": {
    "id": "PK-n8695412005",
    "kind": "parking",
    "name": "（名称なし）駐車場",
    "datum": "WGS84",
    "mountainIds": "741",
    "mountainNames": "翠波峰",
    "lists": "四国百名山",
    "routes": "",
    "entryType": "",
    "trailKmToSummit": "",
    "related": "TH-n4074896728(14m)",
    "attributes": "fee=no; capacity=3",
    "status": "provisional",
    "accuracyM": 20,
    "needsReview": "公式情報または2情報源での確認が必要、名称なし",
    "sources": "OpenStreetMap（© OpenStreetMap contributors, ODbL 1.0）Geofabrik japan-latest.osm.pbf 2026-09-23T20:22:04Z node/8695412005",
    "verifiedAt": ""
   }
  },
  {
   "type": "Feature",
   "geometry": {
    "type": "Point",
    "coordinates": [
     134.1011659,
     34.3507882
    ]
   },
   "properties": {
    "id": "PK-w1034751565",
    "kind": "parking",
    "name": "（名称なし）駐車場",
    "datum": "WGS84",
    "mountainIds": "690",
    "mountainNames": "屋島",
    "lists": "四国百名山",
    "routes": "",
    "entryType": "",
    "trailKmToSummit": "",
    "related": "TH-n1509587000(161m)",
    "attributes": "",
    "status": "provisional",
    "accuracyM": 40,
    "needsReview": "公式情報または2情報源での確認が必要、名称なし",
    "sources": "OpenStreetMap（© OpenStreetMap contributors, ODbL 1.0）Geofabrik japan-latest.osm.pbf 2026-09-23T20:22:04Z way/1034751565",
    "verifiedAt": ""
   }
  },
  {
   "type": "Feature",
   "geometry": {
    "type": "Point",
    "coordinates": [
     134.1003933,
     34.3509244
    ]
   },
   "properties": {
    "id": "PK-w1034751566",
    "kind": "parking",
    "name": "（名称なし）駐車場",
    "datum": "WGS84",
    "mountainIds": "690",
    "mountainNames": "屋島",
    "lists": "四国百名山",
    "routes": "",
    "entryType": "",
    "trailKmToSummit": "",
    "related": "TH-n1509587000(230m)",
    "attributes": "",
    "status": "provisional",
    "accuracyM": 40,
    "needsReview": "公式情報または2情報源での確認が必要、名称なし",
    "sources": "OpenStreetMap（© OpenStreetMap contributors, ODbL 1.0）Geofabrik japan-latest.osm.pbf 2026-09-23T20:22:04Z way/1034751566",
    "verifiedAt": ""
   }
  },
  {
   "type": "Feature",
   "geometry": {
    "type": "Point",
    "coordinates": [
     132.8705172,
     33.4751041
    ]
   },
   "properties": {
    "id": "PK-w1064525271",
    "kind": "parking",
    "name": "（名称なし）駐車場",
    "datum": "WGS84",
    "mountainIds": "834",
    "mountainNames": "大野ヶ原",
    "lists": "四国百名山",
    "routes": "",
    "entryType": "",
    "trailKmToSummit": "",
    "related": "TH-n1765055970(62m) TH-n1765053396(466m)",
    "attributes": "",
    "status": "provisional",
    "accuracyM": 40,
    "needsReview": "公式情報または2情報源での確認が必要、名称なし、登山口から離れている（徒歩アプローチを要確認）",
    "sources": "OpenStreetMap（© OpenStreetMap contributors, ODbL 1.0）Geofabrik japan-latest.osm.pbf 2026-09-23T20:22:04Z way/1064525271",
    "verifiedAt": ""
   }
  },
  {
   "type": "Feature",
   "geometry": {
    "type": "Point",
    "coordinates": [
     133.1832691,
     33.7693384
    ]
   },
   "properties": {
    "id": "PK-w1065353274",
    "kind": "parking",
    "name": "（名称なし）駐車場",
    "datum": "WGS84",
    "mountainIds": "790 792",
    "mountainNames": "瓶ヶ森、西黒森",
    "lists": "日本三百名山|四国百名山",
    "routes": "",
    "entryType": "",
    "trailKmToSummit": "",
    "related": "TH-n945762544(17m)",
    "attributes": "",
    "status": "provisional",
    "accuracyM": 40,
    "needsReview": "公式情報または2情報源での確認が必要、名称なし",
    "sources": "OpenStreetMap（© OpenStreetMap contributors, ODbL 1.0）Geofabrik japan-latest.osm.pbf 2026-09-23T20:22:04Z way/1065353274",
    "verifiedAt": ""
   }
  },
  {
   "type": "Feature",
   "geometry": {
    "type": "Point",
    "coordinates": [
     133.1904714,
     33.7847738
    ]
   },
   "properties": {
    "id": "PK-w1065359932",
    "kind": "parking",
    "name": "（名称なし）駐車場",
    "datum": "WGS84",
    "mountainIds": "790 792",
    "mountainNames": "瓶ヶ森、西黒森",
    "lists": "日本三百名山|四国百名山",
    "routes": "",
    "entryType": "",
    "trailKmToSummit": "",
    "related": "TH-n945762371(149m) TH-n2980392386(352m)",
    "attributes": "",
    "status": "provisional",
    "accuracyM": 40,
    "needsReview": "公式情報または2情報源での確認が必要、名称なし、登山口から離れている（徒歩アプローチを要確認）",
    "sources": "OpenStreetMap（© OpenStreetMap contributors, ODbL 1.0）Geofabrik japan-latest.osm.pbf 2026-09-23T20:22:04Z way/1065359932",
    "verifiedAt": ""
   }
  },
  {
   "type": "Feature",
   "geometry": {
    "type": "Point",
    "coordinates": [
     133.1902731,
     33.7855505
    ]
   },
   "properties": {
    "id": "PK-w1065359933",
    "kind": "parking",
    "name": "（名称なし）駐車場",
    "datum": "WGS84",
    "mountainIds": "790 792",
    "mountainNames": "瓶ヶ森、西黒森",
    "lists": "日本三百名山|四国百名山",
    "routes": "",
    "entryType": "",
    "trailKmToSummit": "",
    "related": "TH-n945762371(68m) TH-n2980392386(424m)",
    "attributes": "",
    "status": "provisional",
    "accuracyM": 40,
    "needsReview": "公式情報または2情報源での確認が必要、名称なし、登山口から離れている（徒歩アプローチを要確認）",
    "sources": "OpenStreetMap（© OpenStreetMap contributors, ODbL 1.0）Geofabrik japan-latest.osm.pbf 2026-09-23T20:22:04Z way/1065359933",
    "verifiedAt": ""
   }
  },
  {
   "type": "Feature",
   "geometry": {
    "type": "Point",
    "coordinates": [
     133.1474324,
     33.7553891
    ]
   },
   "properties": {
    "id": "PK-w1065767581",
    "kind": "parking",
    "name": "（名称なし）駐車場",
    "datum": "WGS84",
    "mountainIds": "803 798 799 800 805 806",
    "mountainNames": "石鎚山、二ノ森、堂ヶ森、岩黒山、筒上山、手箱山",
    "lists": "日本百名山|日本二百名山|日本三百名山|四国百名山",
    "routes": "",
    "entryType": "",
    "trailKmToSummit": "",
    "related": "TH-n1682153459(138m)",
    "attributes": "",
    "status": "provisional",
    "accuracyM": 40,
    "needsReview": "公式情報または2情報源での確認が必要、名称なし",
    "sources": "OpenStreetMap（© OpenStreetMap contributors, ODbL 1.0）Geofabrik japan-latest.osm.pbf 2026-09-23T20:22:04Z way/1065767581",
    "verifiedAt": ""
   }
  },
  {
   "type": "Feature",
   "geometry": {
    "type": "Point",
    "coordinates": [
     133.1470313,
     33.7540503
    ]
   },
   "properties": {
    "id": "PK-w1065767745",
    "kind": "parking",
    "name": "（名称なし）駐車場",
    "datum": "WGS84",
    "mountainIds": "803 798 799 800 805 806",
    "mountainNames": "石鎚山、二ノ森、堂ヶ森、岩黒山、筒上山、手箱山",
    "lists": "日本百名山|日本二百名山|日本三百名山|四国百名山",
    "routes": "",
    "entryType": "",
    "trailKmToSummit": "",
    "related": "TH-n1682153459(249m)",
    "attributes": "",
    "status": "provisional",
    "accuracyM": 40,
    "needsReview": "公式情報または2情報源での確認が必要、名称なし",
    "sources": "OpenStreetMap（© OpenStreetMap contributors, ODbL 1.0）Geofabrik japan-latest.osm.pbf 2026-09-23T20:22:04Z way/1065767745",
    "verifiedAt": ""
   }
  },
  {
   "type": "Feature",
   "geometry": {
    "type": "Point",
    "coordinates": [
     133.1502384,
     33.8033676
    ]
   },
   "properties": {
    "id": "PK-w1065866375",
    "kind": "parking",
    "name": "（名称なし）駐車場",
    "datum": "WGS84",
    "mountainIds": "798 799 803",
    "mountainNames": "二ノ森、堂ヶ森、石鎚山",
    "lists": "四国百名山|日本百名山|日本二百名山|日本三百名山",
    "routes": "",
    "entryType": "",
    "trailKmToSummit": "",
    "related": "TH-n2096162029(409m)",
    "attributes": "",
    "status": "provisional",
    "accuracyM": 40,
    "needsReview": "公式情報または2情報源での確認が必要、名称なし、登山口から離れている（徒歩アプローチを要確認）",
    "sources": "OpenStreetMap（© OpenStreetMap contributors, ODbL 1.0）Geofabrik japan-latest.osm.pbf 2026-09-23T20:22:04Z way/1065866375",
    "verifiedAt": ""
   }
  },
  {
   "type": "Feature",
   "geometry": {
    "type": "Point",
    "coordinates": [
     134.0867295,
     33.8339055
    ]
   },
   "properties": {
    "id": "PK-w1095559315",
    "kind": "parking",
    "name": "（名称なし）駐車場",
    "datum": "WGS84",
    "mountainIds": "775 776 777 778 783 787",
    "mountainNames": "一ノ森、次郎笈、剣山、三嶺、権田山、白髪山",
    "lists": "四国百名山|日本百名山|日本二百名山|日本三百名山",
    "routes": "",
    "entryType": "",
    "trailKmToSummit": "",
    "related": "TH-n4238774020(44m)",
    "attributes": "",
    "status": "provisional",
    "accuracyM": 40,
    "needsReview": "公式情報または2情報源での確認が必要、名称なし",
    "sources": "OpenStreetMap（© OpenStreetMap contributors, ODbL 1.0）Geofabrik japan-latest.osm.pbf 2026-09-23T20:22:04Z way/1095559315",
    "verifiedAt": ""
   }
  },
  {
   "type": "Feature",
   "geometry": {
    "type": "Point",
    "coordinates": [
     134.0867026,
     33.8337787
    ]
   },
   "properties": {
    "id": "PK-w1095559318",
    "kind": "parking",
    "name": "（名称なし）駐車場",
    "datum": "WGS84",
    "mountainIds": "775 776 777 778 783 787",
    "mountainNames": "一ノ森、次郎笈、剣山、三嶺、権田山、白髪山",
    "lists": "四国百名山|日本百名山|日本二百名山|日本三百名山",
    "routes": "",
    "entryType": "",
    "trailKmToSummit": "",
    "related": "TH-n4238774020(58m)",
    "attributes": "",
    "status": "provisional",
    "accuracyM": 40,
    "needsReview": "公式情報または2情報源での確認が必要、名称なし",
    "sources": "OpenStreetMap（© OpenStreetMap contributors, ODbL 1.0）Geofabrik japan-latest.osm.pbf 2026-09-23T20:22:04Z way/1095559318",
    "verifiedAt": ""
   }
  },
  {
   "type": "Feature",
   "geometry": {
    "type": "Point",
    "coordinates": [
     134.3169462,
     34.5179573
    ]
   },
   "properties": {
    "id": "PK-w1106978730",
    "kind": "parking",
    "name": "（名称なし）駐車場",
    "datum": "WGS84",
    "mountainIds": "658",
    "mountainNames": "寒霞渓",
    "lists": "四国百名山",
    "routes": "",
    "entryType": "",
    "trailKmToSummit": "",
    "related": "TH-n10129303952(18m)",
    "attributes": "",
    "status": "provisional",
    "accuracyM": 40,
    "needsReview": "公式情報または2情報源での確認が必要、名称なし",
    "sources": "OpenStreetMap（© OpenStreetMap contributors, ODbL 1.0）Geofabrik japan-latest.osm.pbf 2026-09-23T20:22:04Z way/1106978730",
    "verifiedAt": ""
   }
  },
  {
   "type": "Feature",
   "geometry": {
    "type": "Point",
    "coordinates": [
     134.0991977,
     34.3575639
    ]
   },
   "properties": {
    "id": "PK-w1137173396",
    "kind": "parking",
    "name": "（名称なし）駐車場",
    "datum": "WGS84",
    "mountainIds": "690",
    "mountainNames": "屋島",
    "lists": "四国百名山",
    "routes": "",
    "entryType": "",
    "trailKmToSummit": "",
    "related": "TH-w422803842(323m) TH-n10600658618(8m)",
    "attributes": "access=private",
    "status": "provisional",
    "accuracyM": 40,
    "needsReview": "公式情報または2情報源での確認が必要、名称なし、登山口から離れている（徒歩アプローチを要確認）",
    "sources": "OpenStreetMap（© OpenStreetMap contributors, ODbL 1.0）Geofabrik japan-latest.osm.pbf 2026-09-23T20:22:04Z way/1137173396",
    "verifiedAt": ""
   }
  },
  {
   "type": "Feature",
   "geometry": {
    "type": "Point",
    "coordinates": [
     134.0488407,
     34.1157874
    ]
   },
   "properties": {
    "id": "PK-w1158584610",
    "kind": "parking",
    "name": "（名称なし）駐車場",
    "datum": "WGS84",
    "mountainIds": "773",
    "mountainNames": "竜王山",
    "lists": "四国百名山",
    "routes": "",
    "entryType": "",
    "trailKmToSummit": "",
    "related": "TH-n9402514371(281m) TH-n1993045555(345m) TH-n1993046131(330m)",
    "attributes": "fee=no; access=yes",
    "status": "provisional",
    "accuracyM": 40,
    "needsReview": "公式情報または2情報源での確認が必要、名称なし、登山口から離れている（徒歩アプローチを要確認）",
    "sources": "OpenStreetMap（© OpenStreetMap contributors, ODbL 1.0）Geofabrik japan-latest.osm.pbf 2026-09-23T20:22:04Z way/1158584610",
    "verifiedAt": ""
   }
  },
  {
   "type": "Feature",
   "geometry": {
    "type": "Point",
    "coordinates": [
     133.8169098,
     34.190484
    ]
   },
   "properties": {
    "id": "PK-w1159101749",
    "kind": "parking",
    "name": "（名称なし）駐車場",
    "datum": "WGS84",
    "mountainIds": "716",
    "mountainNames": "大麻山",
    "lists": "四国百名山",
    "routes": "",
    "entryType": "",
    "trailKmToSummit": "",
    "related": "TH-n2094258984(108m)",
    "attributes": "",
    "status": "provisional",
    "accuracyM": 40,
    "needsReview": "公式情報または2情報源での確認が必要、名称なし",
    "sources": "OpenStreetMap（© OpenStreetMap contributors, ODbL 1.0）Geofabrik japan-latest.osm.pbf 2026-09-23T20:22:04Z way/1159101749",
    "verifiedAt": ""
   }
  },
  {
   "type": "Feature",
   "geometry": {
    "type": "Point",
    "coordinates": [
     134.0207577,
     33.8547998
    ]
   },
   "properties": {
    "id": "PK-w1219969034",
    "kind": "parking",
    "name": "（名称なし）駐車場",
    "datum": "WGS84",
    "mountainIds": "772 776 777 787 778 780",
    "mountainNames": "塔ノ丸、次郎笈、剣山、白髪山、三嶺、天狗塚",
    "lists": "四国百名山|日本百名山|日本二百名山|日本三百名山",
    "routes": "",
    "entryType": "",
    "trailKmToSummit": "",
    "related": "TH-n5893943539(412m) TH-n5893943539-2(237m)",
    "attributes": "",
    "status": "provisional",
    "accuracyM": 40,
    "needsReview": "公式情報または2情報源での確認が必要、名称なし、登山口から離れている（徒歩アプローチを要確認）",
    "sources": "OpenStreetMap（© OpenStreetMap contributors, ODbL 1.0）Geofabrik japan-latest.osm.pbf 2026-09-23T20:22:04Z way/1219969034",
    "verifiedAt": ""
   }
  },
  {
   "type": "Feature",
   "geometry": {
    "type": "Point",
    "coordinates": [
     134.0895382,
     33.867263
    ]
   },
   "properties": {
    "id": "PK-w1221394342",
    "kind": "parking",
    "name": "（名称なし）駐車場",
    "datum": "WGS84",
    "mountainIds": "775 776 777 778 787",
    "mountainNames": "一ノ森、次郎笈、剣山、三嶺、白髪山",
    "lists": "四国百名山|日本百名山|日本二百名山|日本三百名山",
    "routes": "",
    "entryType": "",
    "trailKmToSummit": "",
    "related": "TH-n11977956511(88m)",
    "attributes": "",
    "status": "provisional",
    "accuracyM": 40,
    "needsReview": "公式情報または2情報源での確認が必要、名称なし",
    "sources": "OpenStreetMap（© OpenStreetMap contributors, ODbL 1.0）Geofabrik japan-latest.osm.pbf 2026-09-23T20:22:04Z way/1221394342",
    "verifiedAt": ""
   }
  },
  {
   "type": "Feature",
   "geometry": {
    "type": "Point",
    "coordinates": [
     134.0890283,
     33.8677047
    ]
   },
   "properties": {
    "id": "PK-w1221394344",
    "kind": "parking",
    "name": "（名称なし）駐車場",
    "datum": "WGS84",
    "mountainIds": "775 776 777 787",
    "mountainNames": "一ノ森、次郎笈、剣山、白髪山",
    "lists": "四国百名山|日本百名山|日本二百名山|日本三百名山",
    "routes": "",
    "entryType": "",
    "trailKmToSummit": "",
    "related": "TH-n278073861(401m)",
    "attributes": "",
    "status": "provisional",
    "accuracyM": 40,
    "needsReview": "公式情報または2情報源での確認が必要、名称なし、登山口から離れている（徒歩アプローチを要確認）",
    "sources": "OpenStreetMap（© OpenStreetMap contributors, ODbL 1.0）Geofabrik japan-latest.osm.pbf 2026-09-23T20:22:04Z way/1221394344",
    "verifiedAt": ""
   }
  },
  {
   "type": "Feature",
   "geometry": {
    "type": "Point",
    "coordinates": [
     133.8115604,
     34.1992217
    ]
   },
   "properties": {
    "id": "PK-w1250754773",
    "kind": "parking",
    "name": "（名称なし）駐車場",
    "datum": "WGS84",
    "mountainIds": "716",
    "mountainNames": "大麻山",
    "lists": "四国百名山",
    "routes": "",
    "entryType": "",
    "trailKmToSummit": "",
    "related": "TH-n2061596030(470m)",
    "attributes": "access=customers",
    "status": "provisional",
    "accuracyM": 40,
    "needsReview": "公式情報または2情報源での確認が必要、名称なし、登山口から離れている（徒歩アプローチを要確認）",
    "sources": "OpenStreetMap（© OpenStreetMap contributors, ODbL 1.0）Geofabrik japan-latest.osm.pbf 2026-09-23T20:22:04Z way/1250754773",
    "verifiedAt": ""
   }
  },
  {
   "type": "Feature",
   "geometry": {
    "type": "Point",
    "coordinates": [
     133.8124841,
     34.1987108
    ]
   },
   "properties": {
    "id": "PK-w1250754776",
    "kind": "parking",
    "name": "（名称なし）駐車場",
    "datum": "WGS84",
    "mountainIds": "716",
    "mountainNames": "大麻山",
    "lists": "四国百名山",
    "routes": "",
    "entryType": "",
    "trailKmToSummit": "",
    "related": "TH-n2061596030(430m)",
    "attributes": "access=customers",
    "status": "provisional",
    "accuracyM": 40,
    "needsReview": "公式情報または2情報源での確認が必要、名称なし、登山口から離れている（徒歩アプローチを要確認）",
    "sources": "OpenStreetMap（© OpenStreetMap contributors, ODbL 1.0）Geofabrik japan-latest.osm.pbf 2026-09-23T20:22:04Z way/1250754776",
    "verifiedAt": ""
   }
  },
  {
   "type": "Feature",
   "geometry": {
    "type": "Point",
    "coordinates": [
     133.3467431,
     33.8519072
    ]
   },
   "properties": {
    "id": "PK-w1323417642",
    "kind": "parking",
    "name": "（名称なし）駐車場",
    "datum": "WGS84",
    "mountainIds": "763 767 768 779 785 786",
    "mountainNames": "二ッ岳、西赤石山、東赤石山、笹ヶ峰、平家平、寒風山",
    "lists": "四国百名山|日本二百名山|日本三百名山",
    "routes": "",
    "entryType": "",
    "trailKmToSummit": "",
    "related": "TH-n2097490007(13m)",
    "attributes": "",
    "status": "provisional",
    "accuracyM": 40,
    "needsReview": "公式情報または2情報源での確認が必要、名称なし",
    "sources": "OpenStreetMap（© OpenStreetMap contributors, ODbL 1.0）Geofabrik japan-latest.osm.pbf 2026-09-23T20:22:04Z way/1323417642",
    "verifiedAt": ""
   }
  },
  {
   "type": "Feature",
   "geometry": {
    "type": "Point",
    "coordinates": [
     134.3009812,
     34.5161126
    ]
   },
   "properties": {
    "id": "PK-w1342595408",
    "kind": "parking",
    "name": "（名称なし）駐車場",
    "datum": "WGS84",
    "mountainIds": "658",
    "mountainNames": "寒霞渓",
    "lists": "四国百名山",
    "routes": "",
    "entryType": "",
    "trailKmToSummit": "",
    "related": "TH-n261014455(71m)",
    "attributes": "",
    "status": "provisional",
    "accuracyM": 40,
    "needsReview": "公式情報または2情報源での確認が必要、名称なし",
    "sources": "OpenStreetMap（© OpenStreetMap contributors, ODbL 1.0）Geofabrik japan-latest.osm.pbf 2026-09-23T20:22:04Z way/1342595408",
    "verifiedAt": ""
   }
  },
  {
   "type": "Feature",
   "geometry": {
    "type": "Point",
    "coordinates": [
     134.3012966,
     34.5161544
    ]
   },
   "properties": {
    "id": "PK-w1342595409",
    "kind": "parking",
    "name": "（名称なし）駐車場",
    "datum": "WGS84",
    "mountainIds": "658",
    "mountainNames": "寒霞渓",
    "lists": "四国百名山",
    "routes": "",
    "entryType": "",
    "trailKmToSummit": "",
    "related": "TH-n261014455(93m)",
    "attributes": "",
    "status": "provisional",
    "accuracyM": 40,
    "needsReview": "公式情報または2情報源での確認が必要、名称なし",
    "sources": "OpenStreetMap（© OpenStreetMap contributors, ODbL 1.0）Geofabrik japan-latest.osm.pbf 2026-09-23T20:22:04Z way/1342595409",
    "verifiedAt": ""
   }
  },
  {
   "type": "Feature",
   "geometry": {
    "type": "Point",
    "coordinates": [
     134.3011493,
     34.5169811
    ]
   },
   "properties": {
    "id": "PK-w1342595410",
    "kind": "parking",
    "name": "（名称なし）駐車場",
    "datum": "WGS84",
    "mountainIds": "658",
    "mountainNames": "寒霞渓",
    "lists": "四国百名山",
    "routes": "",
    "entryType": "",
    "trailKmToSummit": "",
    "related": "TH-n261014455(165m)",
    "attributes": "",
    "status": "provisional",
    "accuracyM": 40,
    "needsReview": "公式情報または2情報源での確認が必要、名称なし",
    "sources": "OpenStreetMap（© OpenStreetMap contributors, ODbL 1.0）Geofabrik japan-latest.osm.pbf 2026-09-23T20:22:04Z way/1342595410",
    "verifiedAt": ""
   }
  },
  {
   "type": "Feature",
   "geometry": {
    "type": "Point",
    "coordinates": [
     133.8187659,
     34.1901774
    ]
   },
   "properties": {
    "id": "PK-w1371045019",
    "kind": "parking",
    "name": "（名称なし）駐車場",
    "datum": "WGS84",
    "mountainIds": "716",
    "mountainNames": "大麻山",
    "lists": "四国百名山",
    "routes": "",
    "entryType": "",
    "trailKmToSummit": "",
    "related": "TH-n2094258984(273m)",
    "attributes": "",
    "status": "provisional",
    "accuracyM": 40,
    "needsReview": "公式情報または2情報源での確認が必要、名称なし",
    "sources": "OpenStreetMap（© OpenStreetMap contributors, ODbL 1.0）Geofabrik japan-latest.osm.pbf 2026-09-23T20:22:04Z way/1371045019",
    "verifiedAt": ""
   }
  },
  {
   "type": "Feature",
   "geometry": {
    "type": "Point",
    "coordinates": [
     133.817614,
     34.1880755
    ]
   },
   "properties": {
    "id": "PK-w1371045037",
    "kind": "parking",
    "name": "（名称なし）駐車場",
    "datum": "WGS84",
    "mountainIds": "716",
    "mountainNames": "大麻山",
    "lists": "四国百名山",
    "routes": "",
    "entryType": "",
    "trailKmToSummit": "",
    "related": "TH-w1371045038(83m) TH-n2094258984(285m)",
    "attributes": "",
    "status": "provisional",
    "accuracyM": 40,
    "needsReview": "公式情報または2情報源での確認が必要、名称なし",
    "sources": "OpenStreetMap（© OpenStreetMap contributors, ODbL 1.0）Geofabrik japan-latest.osm.pbf 2026-09-23T20:22:04Z way/1371045037",
    "verifiedAt": ""
   }
  },
  {
   "type": "Feature",
   "geometry": {
    "type": "Point",
    "coordinates": [
     133.8184805,
     34.1882861
    ]
   },
   "properties": {
    "id": "PK-w1371045038",
    "kind": "parking",
    "name": "タイムズ",
    "datum": "WGS84",
    "mountainIds": "716",
    "mountainNames": "大麻山",
    "lists": "四国百名山",
    "routes": "",
    "entryType": "",
    "trailKmToSummit": "",
    "related": "TH-w1371045038(0m)",
    "attributes": "fee=yes; operator=タイムズ24",
    "status": "provisional",
    "accuracyM": 40,
    "needsReview": "公式情報または2情報源での確認が必要",
    "sources": "OpenStreetMap（© OpenStreetMap contributors, ODbL 1.0）Geofabrik japan-latest.osm.pbf 2026-09-23T20:22:04Z way/1371045038",
    "verifiedAt": ""
   }
  },
  {
   "type": "Feature",
   "geometry": {
    "type": "Point",
    "coordinates": [
     133.8189498,
     34.1888348
    ]
   },
   "properties": {
    "id": "PK-w1371045039",
    "kind": "parking",
    "name": "（名称なし）駐車場",
    "datum": "WGS84",
    "mountainIds": "716",
    "mountainNames": "大麻山",
    "lists": "四国百名山",
    "routes": "",
    "entryType": "",
    "trailKmToSummit": "",
    "related": "TH-w1371045038(74m)",
    "attributes": "",
    "status": "provisional",
    "accuracyM": 40,
    "needsReview": "公式情報または2情報源での確認が必要、名称なし",
    "sources": "OpenStreetMap（© OpenStreetMap contributors, ODbL 1.0）Geofabrik japan-latest.osm.pbf 2026-09-23T20:22:04Z way/1371045039",
    "verifiedAt": ""
   }
  },
  {
   "type": "Feature",
   "geometry": {
    "type": "Point",
    "coordinates": [
     133.854614,
     34.268389
    ]
   },
   "properties": {
    "id": "PK-w1394465660",
    "kind": "parking",
    "name": "（名称なし）駐車場",
    "datum": "WGS84",
    "mountainIds": "697",
    "mountainNames": "飯野山",
    "lists": "四国百名山",
    "routes": "",
    "entryType": "",
    "trailKmToSummit": "",
    "related": "TH-n1951923044(381m)",
    "attributes": "access=customers",
    "status": "provisional",
    "accuracyM": 40,
    "needsReview": "公式情報または2情報源での確認が必要、名称なし、登山口から離れている（徒歩アプローチを要確認）",
    "sources": "OpenStreetMap（© OpenStreetMap contributors, ODbL 1.0）Geofabrik japan-latest.osm.pbf 2026-09-23T20:22:04Z way/1394465660",
    "verifiedAt": ""
   }
  },
  {
   "type": "Feature",
   "geometry": {
    "type": "Point",
    "coordinates": [
     133.854696,
     34.2697019
    ]
   },
   "properties": {
    "id": "PK-w1394465677",
    "kind": "parking",
    "name": "（名称なし）駐車場",
    "datum": "WGS84",
    "mountainIds": "697",
    "mountainNames": "飯野山",
    "lists": "四国百名山",
    "routes": "",
    "entryType": "",
    "trailKmToSummit": "",
    "related": "TH-n1951923044(297m)",
    "attributes": "access=customers",
    "status": "provisional",
    "accuracyM": 40,
    "needsReview": "公式情報または2情報源での確認が必要、名称なし",
    "sources": "OpenStreetMap（© OpenStreetMap contributors, ODbL 1.0）Geofabrik japan-latest.osm.pbf 2026-09-23T20:22:04Z way/1394465677",
    "verifiedAt": ""
   }
  },
  {
   "type": "Feature",
   "geometry": {
    "type": "Point",
    "coordinates": [
     133.8546915,
     34.2693226
    ]
   },
   "properties": {
    "id": "PK-w1394465678",
    "kind": "parking",
    "name": "（名称なし）駐車場",
    "datum": "WGS84",
    "mountainIds": "697",
    "mountainNames": "飯野山",
    "lists": "四国百名山",
    "routes": "",
    "entryType": "",
    "trailKmToSummit": "",
    "related": "TH-n1951923044(318m)",
    "attributes": "access=customers",
    "status": "provisional",
    "accuracyM": 40,
    "needsReview": "公式情報または2情報源での確認が必要、名称なし、登山口から離れている（徒歩アプローチを要確認）",
    "sources": "OpenStreetMap（© OpenStreetMap contributors, ODbL 1.0）Geofabrik japan-latest.osm.pbf 2026-09-23T20:22:04Z way/1394465678",
    "verifiedAt": ""
   }
  },
  {
   "type": "Feature",
   "geometry": {
    "type": "Point",
    "coordinates": [
     134.2280994,
     33.9409872
    ]
   },
   "properties": {
    "id": "PK-w1433253893",
    "kind": "parking",
    "name": "（名称なし）駐車場",
    "datum": "WGS84",
    "mountainIds": "738",
    "mountainNames": "東宮山",
    "lists": "四国百名山",
    "routes": "",
    "entryType": "",
    "trailKmToSummit": "",
    "related": "TH-n1853850865(312m) TH-n1847705204(174m)",
    "attributes": "",
    "status": "provisional",
    "accuracyM": 40,
    "needsReview": "公式情報または2情報源での確認が必要、名称なし、登山口から離れている（徒歩アプローチを要確認）",
    "sources": "OpenStreetMap（© OpenStreetMap contributors, ODbL 1.0）Geofabrik japan-latest.osm.pbf 2026-09-23T20:22:04Z way/1433253893",
    "verifiedAt": ""
   }
  },
  {
   "type": "Feature",
   "geometry": {
    "type": "Point",
    "coordinates": [
     133.7620055,
     33.7587459
    ]
   },
   "properties": {
    "id": "PK-w1456391652",
    "kind": "parking",
    "name": "（名称なし）駐車場",
    "datum": "WGS84",
    "mountainIds": "797",
    "mountainNames": "梶ヶ森",
    "lists": "四国百名山",
    "routes": "",
    "entryType": "",
    "trailKmToSummit": "",
    "related": "TH-n13356997366(75m)",
    "attributes": "",
    "status": "provisional",
    "accuracyM": 40,
    "needsReview": "公式情報または2情報源での確認が必要、名称なし",
    "sources": "OpenStreetMap（© OpenStreetMap contributors, ODbL 1.0）Geofabrik japan-latest.osm.pbf 2026-09-23T20:22:04Z way/1456391652",
    "verifiedAt": ""
   }
  },
  {
   "type": "Feature",
   "geometry": {
    "type": "Point",
    "coordinates": [
     133.7620028,
     33.7695886
    ]
   },
   "properties": {
    "id": "PK-w1456418314",
    "kind": "parking",
    "name": "（名称なし）駐車場",
    "datum": "WGS84",
    "mountainIds": "797",
    "mountainNames": "梶ヶ森",
    "lists": "四国百名山",
    "routes": "",
    "entryType": "",
    "trailKmToSummit": "",
    "related": "TH-n13357020942(16m) TH-n1549828302(499m) TH-n1549843846(442m)",
    "attributes": "",
    "status": "provisional",
    "accuracyM": 40,
    "needsReview": "公式情報または2情報源での確認が必要、名称なし、登山口から離れている（徒歩アプローチを要確認）",
    "sources": "OpenStreetMap（© OpenStreetMap contributors, ODbL 1.0）Geofabrik japan-latest.osm.pbf 2026-09-23T20:22:04Z way/1456418314",
    "verifiedAt": ""
   }
  },
  {
   "type": "Feature",
   "geometry": {
    "type": "Point",
    "coordinates": [
     133.7624698,
     33.7702252
    ]
   },
   "properties": {
    "id": "PK-w1456418316",
    "kind": "parking",
    "name": "（名称なし）駐車場",
    "datum": "WGS84",
    "mountainIds": "797",
    "mountainNames": "梶ヶ森",
    "lists": "四国百名山",
    "routes": "",
    "entryType": "",
    "trailKmToSummit": "",
    "related": "TH-n13357020942(98m) TH-n1549828302(481m) TH-n1549843846(378m)",
    "attributes": "",
    "status": "provisional",
    "accuracyM": 40,
    "needsReview": "公式情報または2情報源での確認が必要、名称なし、登山口から離れている（徒歩アプローチを要確認）",
    "sources": "OpenStreetMap（© OpenStreetMap contributors, ODbL 1.0）Geofabrik japan-latest.osm.pbf 2026-09-23T20:22:04Z way/1456418316",
    "verifiedAt": ""
   }
  },
  {
   "type": "Feature",
   "geometry": {
    "type": "Point",
    "coordinates": [
     134.5534458,
     33.8680998
    ]
   },
   "properties": {
    "id": "PK-w1469666781",
    "kind": "parking",
    "name": "（名称なし）駐車場",
    "datum": "WGS84",
    "mountainIds": "770",
    "mountainNames": "太竜寺山",
    "lists": "四国百名山",
    "routes": "",
    "entryType": "",
    "trailKmToSummit": "",
    "related": "TH-n1890946778(416m)",
    "attributes": "",
    "status": "provisional",
    "accuracyM": 40,
    "needsReview": "公式情報または2情報源での確認が必要、名称なし、登山口から離れている（徒歩アプローチを要確認）",
    "sources": "OpenStreetMap（© OpenStreetMap contributors, ODbL 1.0）Geofabrik japan-latest.osm.pbf 2026-09-23T20:22:04Z way/1469666781",
    "verifiedAt": ""
   }
  },
  {
   "type": "Feature",
   "geometry": {
    "type": "Point",
    "coordinates": [
     134.5548079,
     33.8691706
    ]
   },
   "properties": {
    "id": "PK-w1469666782",
    "kind": "parking",
    "name": "（名称なし）駐車場",
    "datum": "WGS84",
    "mountainIds": "770",
    "mountainNames": "太竜寺山",
    "lists": "四国百名山",
    "routes": "",
    "entryType": "",
    "trailKmToSummit": "",
    "related": "TH-n1890946778(243m)",
    "attributes": "",
    "status": "provisional",
    "accuracyM": 40,
    "needsReview": "公式情報または2情報源での確認が必要、名称なし",
    "sources": "OpenStreetMap（© OpenStreetMap contributors, ODbL 1.0）Geofabrik japan-latest.osm.pbf 2026-09-23T20:22:04Z way/1469666782",
    "verifiedAt": ""
   }
  },
  {
   "type": "Feature",
   "geometry": {
    "type": "Point",
    "coordinates": [
     134.5243492,
     33.8801782
    ]
   },
   "properties": {
    "id": "PK-w1469745436",
    "kind": "parking",
    "name": "（名称なし）駐車場",
    "datum": "WGS84",
    "mountainIds": "770",
    "mountainNames": "太竜寺山",
    "lists": "四国百名山",
    "routes": "",
    "entryType": "",
    "trailKmToSummit": "",
    "related": "TH-n293935633(286m)",
    "attributes": "",
    "status": "provisional",
    "accuracyM": 40,
    "needsReview": "公式情報または2情報源での確認が必要、名称なし",
    "sources": "OpenStreetMap（© OpenStreetMap contributors, ODbL 1.0）Geofabrik japan-latest.osm.pbf 2026-09-23T20:22:04Z way/1469745436",
    "verifiedAt": ""
   }
  },
  {
   "type": "Feature",
   "geometry": {
    "type": "Point",
    "coordinates": [
     133.7675281,
     33.8767812
    ]
   },
   "properties": {
    "id": "PK-w1513363153",
    "kind": "parking",
    "name": "（名称なし）駐車場",
    "datum": "WGS84",
    "mountainIds": "755",
    "mountainNames": "国見山",
    "lists": "四国百名山",
    "routes": "",
    "entryType": "",
    "trailKmToSummit": "",
    "related": "TH-n13829937798(428m)",
    "attributes": "access=customers",
    "status": "provisional",
    "accuracyM": 40,
    "needsReview": "公式情報または2情報源での確認が必要、名称なし、登山口から離れている（徒歩アプローチを要確認）",
    "sources": "OpenStreetMap（© OpenStreetMap contributors, ODbL 1.0）Geofabrik japan-latest.osm.pbf 2026-09-23T20:22:04Z way/1513363153",
    "verifiedAt": ""
   }
  },
  {
   "type": "Feature",
   "geometry": {
    "type": "Point",
    "coordinates": [
     133.7673505,
     33.876758
    ]
   },
   "properties": {
    "id": "PK-w1513363158",
    "kind": "parking",
    "name": "（名称なし）駐車場",
    "datum": "WGS84",
    "mountainIds": "755",
    "mountainNames": "国見山",
    "lists": "四国百名山",
    "routes": "",
    "entryType": "",
    "trailKmToSummit": "",
    "related": "TH-n13829937798(443m)",
    "attributes": "access=private",
    "status": "provisional",
    "accuracyM": 40,
    "needsReview": "公式情報または2情報源での確認が必要、名称なし、登山口から離れている（徒歩アプローチを要確認）",
    "sources": "OpenStreetMap（© OpenStreetMap contributors, ODbL 1.0）Geofabrik japan-latest.osm.pbf 2026-09-23T20:22:04Z way/1513363158",
    "verifiedAt": ""
   }
  },
  {
   "type": "Feature",
   "geometry": {
    "type": "Point",
    "coordinates": [
     133.7675745,
     33.8764473
    ]
   },
   "properties": {
    "id": "PK-w1513363161",
    "kind": "parking",
    "name": "（名称なし）駐車場",
    "datum": "WGS84",
    "mountainIds": "755",
    "mountainNames": "国見山",
    "lists": "四国百名山",
    "routes": "",
    "entryType": "",
    "trailKmToSummit": "",
    "related": "TH-n13829937798(446m)",
    "attributes": "access=private",
    "status": "provisional",
    "accuracyM": 40,
    "needsReview": "公式情報または2情報源での確認が必要、名称なし、登山口から離れている（徒歩アプローチを要確認）",
    "sources": "OpenStreetMap（© OpenStreetMap contributors, ODbL 1.0）Geofabrik japan-latest.osm.pbf 2026-09-23T20:22:04Z way/1513363161",
    "verifiedAt": ""
   }
  },
  {
   "type": "Feature",
   "geometry": {
    "type": "Point",
    "coordinates": [
     133.1450361,
     33.7583533
    ]
   },
   "properties": {
    "id": "PK-w181201735",
    "kind": "parking",
    "name": "（名称なし）駐車場",
    "datum": "WGS84",
    "mountainIds": "803 798 799 800 805 806",
    "mountainNames": "石鎚山、二ノ森、堂ヶ森、岩黒山、筒上山、手箱山",
    "lists": "日本百名山|日本二百名山|日本三百名山|四国百名山",
    "routes": "",
    "entryType": "",
    "trailKmToSummit": "",
    "related": "TH-n1682153459(264m)",
    "attributes": "",
    "status": "provisional",
    "accuracyM": 40,
    "needsReview": "公式情報または2情報源での確認が必要、名称なし",
    "sources": "OpenStreetMap（© OpenStreetMap contributors, ODbL 1.0）Geofabrik japan-latest.osm.pbf 2026-09-23T20:22:04Z way/181201735",
    "verifiedAt": ""
   }
  },
  {
   "type": "Feature",
   "geometry": {
    "type": "Point",
    "coordinates": [
     134.2046687,
     34.1895526
    ]
   },
   "properties": {
    "id": "PK-w27557919",
    "kind": "parking",
    "name": "第一駐車場",
    "datum": "WGS84",
    "mountainIds": "715",
    "mountainNames": "女体山",
    "lists": "四国百名山",
    "routes": "",
    "entryType": "",
    "trailKmToSummit": "",
    "related": "TH-n11416744269(321m)",
    "attributes": "",
    "status": "provisional",
    "accuracyM": 40,
    "needsReview": "公式情報または2情報源での確認が必要、登山口から離れている（徒歩アプローチを要確認）",
    "sources": "OpenStreetMap（© OpenStreetMap contributors, ODbL 1.0）Geofabrik japan-latest.osm.pbf 2026-09-23T20:22:04Z way/27557919",
    "verifiedAt": ""
   }
  },
  {
   "type": "Feature",
   "geometry": {
    "type": "Point",
    "coordinates": [
     133.2667492,
     33.800211
    ]
   },
   "properties": {
    "id": "PK-w294488901",
    "kind": "parking",
    "name": "（名称なし）駐車場",
    "datum": "WGS84",
    "mountainIds": "767 779 785 786 793",
    "mountainNames": "西赤石山、笹ヶ峰、平家平、寒風山、伊予富士",
    "lists": "四国百名山|日本二百名山|日本三百名山",
    "routes": "",
    "entryType": "",
    "trailKmToSummit": "",
    "related": "TH-n1541888765(74m)",
    "attributes": "",
    "status": "provisional",
    "accuracyM": 40,
    "needsReview": "公式情報または2情報源での確認が必要、名称なし",
    "sources": "OpenStreetMap（© OpenStreetMap contributors, ODbL 1.0）Geofabrik japan-latest.osm.pbf 2026-09-23T20:22:04Z way/294488901",
    "verifiedAt": ""
   }
  },
  {
   "type": "Feature",
   "geometry": {
    "type": "Point",
    "coordinates": [
     133.2665867,
     33.7999001
    ]
   },
   "properties": {
    "id": "PK-w294488902",
    "kind": "parking",
    "name": "（名称なし）駐車場",
    "datum": "WGS84",
    "mountainIds": "767 779 785 786 793",
    "mountainNames": "西赤石山、笹ヶ峰、平家平、寒風山、伊予富士",
    "lists": "四国百名山|日本二百名山|日本三百名山",
    "routes": "",
    "entryType": "",
    "trailKmToSummit": "",
    "related": "TH-n1541888765(38m)",
    "attributes": "",
    "status": "provisional",
    "accuracyM": 40,
    "needsReview": "公式情報または2情報源での確認が必要、名称なし",
    "sources": "OpenStreetMap（© OpenStreetMap contributors, ODbL 1.0）Geofabrik japan-latest.osm.pbf 2026-09-23T20:22:04Z way/294488902",
    "verifiedAt": ""
   }
  },
  {
   "type": "Feature",
   "geometry": {
    "type": "Point",
    "coordinates": [
     133.0047069,
     33.4774126
    ]
   },
   "properties": {
    "id": "PK-w30014326",
    "kind": "parking",
    "name": "（名称なし）駐車場",
    "datum": "WGS84",
    "mountainIds": "830 833",
    "mountainNames": "天狗高原、五段高原",
    "lists": "四国百名山",
    "routes": "",
    "entryType": "",
    "trailKmToSummit": "",
    "related": "TH-n330410678(84m) TH-n8971963359(373m)",
    "attributes": "",
    "status": "provisional",
    "accuracyM": 40,
    "needsReview": "公式情報または2情報源での確認が必要、名称なし、登山口から離れている（徒歩アプローチを要確認）",
    "sources": "OpenStreetMap（© OpenStreetMap contributors, ODbL 1.0）Geofabrik japan-latest.osm.pbf 2026-09-23T20:22:04Z way/30014326",
    "verifiedAt": ""
   }
  },
  {
   "type": "Feature",
   "geometry": {
    "type": "Point",
    "coordinates": [
     134.5012916,
     34.170004
    ]
   },
   "properties": {
    "id": "PK-w320017909",
    "kind": "parking",
    "name": "第1駐車場",
    "datum": "WGS84",
    "mountainIds": "717",
    "mountainNames": "大麻山",
    "lists": "四国百名山",
    "routes": "",
    "entryType": "",
    "trailKmToSummit": "",
    "related": "TH-n1914942704(433m)",
    "attributes": "operator=大麻比古神社",
    "status": "provisional",
    "accuracyM": 40,
    "needsReview": "公式情報または2情報源での確認が必要、登山口から離れている（徒歩アプローチを要確認）",
    "sources": "OpenStreetMap（© OpenStreetMap contributors, ODbL 1.0）Geofabrik japan-latest.osm.pbf 2026-09-23T20:22:04Z way/320017909",
    "verifiedAt": ""
   }
  },
  {
   "type": "Feature",
   "geometry": {
    "type": "Point",
    "coordinates": [
     134.0894107,
     33.8668032
    ]
   },
   "properties": {
    "id": "PK-w325862716",
    "kind": "parking",
    "name": "（名称なし）駐車場",
    "datum": "WGS84",
    "mountainIds": "775 776 777 778 787",
    "mountainNames": "一ノ森、次郎笈、剣山、三嶺、白髪山",
    "lists": "四国百名山|日本百名山|日本二百名山|日本三百名山",
    "routes": "",
    "entryType": "",
    "trailKmToSummit": "",
    "related": "TH-n11977956511(47m) TH-n278073861(393m)",
    "attributes": "",
    "status": "provisional",
    "accuracyM": 40,
    "needsReview": "公式情報または2情報源での確認が必要、名称なし、登山口から離れている（徒歩アプローチを要確認）",
    "sources": "OpenStreetMap（© OpenStreetMap contributors, ODbL 1.0）Geofabrik japan-latest.osm.pbf 2026-09-23T20:22:04Z way/325862716",
    "verifiedAt": ""
   }
  },
  {
   "type": "Feature",
   "geometry": {
    "type": "Point",
    "coordinates": [
     134.5168403,
     33.970061
    ]
   },
   "properties": {
    "id": "PK-w35423249",
    "kind": "parking",
    "name": "（名称なし）駐車場",
    "datum": "WGS84",
    "mountainIds": "737",
    "mountainNames": "中津峰山",
    "lists": "四国百名山",
    "routes": "",
    "entryType": "",
    "trailKmToSummit": "",
    "related": "TH-n415525939(30m)",
    "attributes": "",
    "status": "provisional",
    "accuracyM": 40,
    "needsReview": "公式情報または2情報源での確認が必要、名称なし",
    "sources": "OpenStreetMap（© OpenStreetMap contributors, ODbL 1.0）Geofabrik japan-latest.osm.pbf 2026-09-23T20:22:04Z way/35423249",
    "verifiedAt": ""
   }
  },
  {
   "type": "Feature",
   "geometry": {
    "type": "Point",
    "coordinates": [
     134.516245,
     33.9723697
    ]
   },
   "properties": {
    "id": "PK-w35423254",
    "kind": "parking",
    "name": "（名称なし）駐車場",
    "datum": "WGS84",
    "mountainIds": "737",
    "mountainNames": "中津峰山",
    "lists": "四国百名山",
    "routes": "",
    "entryType": "",
    "trailKmToSummit": "",
    "related": "TH-n415525939(231m)",
    "attributes": "",
    "status": "provisional",
    "accuracyM": 40,
    "needsReview": "公式情報または2情報源での確認が必要、名称なし",
    "sources": "OpenStreetMap（© OpenStreetMap contributors, ODbL 1.0）Geofabrik japan-latest.osm.pbf 2026-09-23T20:22:04Z way/35423254",
    "verifiedAt": ""
   }
  },
  {
   "type": "Feature",
   "geometry": {
    "type": "Point",
    "coordinates": [
     133.3139016,
     33.8770725
    ]
   },
   "properties": {
    "id": "PK-w368267523",
    "kind": "parking",
    "name": "（名称なし）駐車場",
    "datum": "WGS84",
    "mountainIds": "763 767 768 779 785 786",
    "mountainNames": "二ッ岳、西赤石山、東赤石山、笹ヶ峰、平家平、寒風山",
    "lists": "四国百名山|日本二百名山|日本三百名山",
    "routes": "",
    "entryType": "",
    "trailKmToSummit": "",
    "related": "TH-n2097494768(281m) TH-n2097494953(54m)",
    "attributes": "",
    "status": "provisional",
    "accuracyM": 40,
    "needsReview": "公式情報または2情報源での確認が必要、名称なし",
    "sources": "OpenStreetMap（© OpenStreetMap contributors, ODbL 1.0）Geofabrik japan-latest.osm.pbf 2026-09-23T20:22:04Z way/368267523",
    "verifiedAt": ""
   }
  },
  {
   "type": "Feature",
   "geometry": {
    "type": "Point",
    "coordinates": [
     132.8868821,
     33.7244068
    ]
   },
   "properties": {
    "id": "PK-w377716850",
    "kind": "parking",
    "name": "（名称なし）駐車場",
    "datum": "WGS84",
    "mountainIds": "804 809",
    "mountainNames": "石墨山、皿ヶ嶺",
    "lists": "四国百名山",
    "routes": "",
    "entryType": "",
    "trailKmToSummit": "",
    "related": "TH-n11893691691(197m) TH-n1679205967(174m) TH-n3811048090(423m)",
    "attributes": "",
    "status": "provisional",
    "accuracyM": 40,
    "needsReview": "公式情報または2情報源での確認が必要、名称なし、登山口から離れている（徒歩アプローチを要確認）",
    "sources": "OpenStreetMap（© OpenStreetMap contributors, ODbL 1.0）Geofabrik japan-latest.osm.pbf 2026-09-23T20:22:04Z way/377716850",
    "verifiedAt": ""
   }
  },
  {
   "type": "Feature",
   "geometry": {
    "type": "Point",
    "coordinates": [
     132.8742137,
     33.7188803
    ]
   },
   "properties": {
    "id": "PK-w377808376",
    "kind": "parking",
    "name": "（名称なし）駐車場",
    "datum": "WGS84",
    "mountainIds": "809",
    "mountainNames": "皿ヶ嶺",
    "lists": "四国百名山",
    "routes": "",
    "entryType": "",
    "trailKmToSummit": "",
    "related": "TH-n3812089527(425m)",
    "attributes": "",
    "status": "provisional",
    "accuracyM": 40,
    "needsReview": "公式情報または2情報源での確認が必要、名称なし、登山口から離れている（徒歩アプローチを要確認）",
    "sources": "OpenStreetMap（© OpenStreetMap contributors, ODbL 1.0）Geofabrik japan-latest.osm.pbf 2026-09-23T20:22:04Z way/377808376",
    "verifiedAt": ""
   }
  },
  {
   "type": "Feature",
   "geometry": {
    "type": "Point",
    "coordinates": [
     132.874652,
     33.7196183
    ]
   },
   "properties": {
    "id": "PK-w377808378",
    "kind": "parking",
    "name": "（名称なし）駐車場",
    "datum": "WGS84",
    "mountainIds": "809",
    "mountainNames": "皿ヶ嶺",
    "lists": "四国百名山",
    "routes": "",
    "entryType": "",
    "trailKmToSummit": "",
    "related": "TH-n3812089527(386m)",
    "attributes": "",
    "status": "provisional",
    "accuracyM": 40,
    "needsReview": "公式情報または2情報源での確認が必要、名称なし、登山口から離れている（徒歩アプローチを要確認）",
    "sources": "OpenStreetMap（© OpenStreetMap contributors, ODbL 1.0）Geofabrik japan-latest.osm.pbf 2026-09-23T20:22:04Z way/377808378",
    "verifiedAt": ""
   }
  },
  {
   "type": "Feature",
   "geometry": {
    "type": "Point",
    "coordinates": [
     132.8739116,
     33.7180401
    ]
   },
   "properties": {
    "id": "PK-w377808379",
    "kind": "parking",
    "name": "（名称なし）駐車場",
    "datum": "WGS84",
    "mountainIds": "809",
    "mountainNames": "皿ヶ嶺",
    "lists": "四国百名山",
    "routes": "",
    "entryType": "",
    "trailKmToSummit": "",
    "related": "TH-n3812089527(493m)",
    "attributes": "",
    "status": "provisional",
    "accuracyM": 40,
    "needsReview": "公式情報または2情報源での確認が必要、名称なし、登山口から離れている（徒歩アプローチを要確認）",
    "sources": "OpenStreetMap（© OpenStreetMap contributors, ODbL 1.0）Geofabrik japan-latest.osm.pbf 2026-09-23T20:22:04Z way/377808379",
    "verifiedAt": ""
   }
  },
  {
   "type": "Feature",
   "geometry": {
    "type": "Point",
    "coordinates": [
     133.2118224,
     33.5387873
    ]
   },
   "properties": {
    "id": "PK-w388843446",
    "kind": "parking",
    "name": "横倉山第三駐車場",
    "datum": "WGS84",
    "mountainIds": "825",
    "mountainNames": "横倉山",
    "lists": "四国百名山",
    "routes": "",
    "entryType": "",
    "trailKmToSummit": "",
    "related": "TH-n5346573956(25m) TH-n1493846014(408m)",
    "attributes": "",
    "status": "provisional",
    "accuracyM": 40,
    "needsReview": "公式情報または2情報源での確認が必要、登山口から離れている（徒歩アプローチを要確認）",
    "sources": "OpenStreetMap（© OpenStreetMap contributors, ODbL 1.0）Geofabrik japan-latest.osm.pbf 2026-09-23T20:22:04Z way/388843446",
    "verifiedAt": ""
   }
  },
  {
   "type": "Feature",
   "geometry": {
    "type": "Point",
    "coordinates": [
     133.2133176,
     33.5373358
    ]
   },
   "properties": {
    "id": "PK-w388843472",
    "kind": "parking",
    "name": "横倉山第二駐車場",
    "datum": "WGS84",
    "mountainIds": "825",
    "mountainNames": "横倉山",
    "lists": "四国百名山",
    "routes": "",
    "entryType": "",
    "trailKmToSummit": "",
    "related": "TH-n5346573956(192m) TH-n1493846014(422m)",
    "attributes": "",
    "status": "provisional",
    "accuracyM": 40,
    "needsReview": "公式情報または2情報源での確認が必要、登山口から離れている（徒歩アプローチを要確認）",
    "sources": "OpenStreetMap（© OpenStreetMap contributors, ODbL 1.0）Geofabrik japan-latest.osm.pbf 2026-09-23T20:22:04Z way/388843472",
    "verifiedAt": ""
   }
  },
  {
   "type": "Feature",
   "geometry": {
    "type": "Point",
    "coordinates": [
     133.2231332,
     33.5337472
    ]
   },
   "properties": {
    "id": "PK-w388843479",
    "kind": "parking",
    "name": "横倉山第一駐車場",
    "datum": "WGS84",
    "mountainIds": "825",
    "mountainNames": "横倉山",
    "lists": "四国百名山",
    "routes": "",
    "entryType": "",
    "trailKmToSummit": "",
    "related": "TH-n1493844827(113m)",
    "attributes": "",
    "status": "provisional",
    "accuracyM": 40,
    "needsReview": "公式情報または2情報源での確認が必要",
    "sources": "OpenStreetMap（© OpenStreetMap contributors, ODbL 1.0）Geofabrik japan-latest.osm.pbf 2026-09-23T20:22:04Z way/388843479",
    "verifiedAt": ""
   }
  },
  {
   "type": "Feature",
   "geometry": {
    "type": "Point",
    "coordinates": [
     133.2227834,
     33.5338104
    ]
   },
   "properties": {
    "id": "PK-w388843482",
    "kind": "parking",
    "name": "（名称なし）駐車場",
    "datum": "WGS84",
    "mountainIds": "825",
    "mountainNames": "横倉山",
    "lists": "四国百名山",
    "routes": "",
    "entryType": "",
    "trailKmToSummit": "",
    "related": "TH-n1493844827(94m)",
    "attributes": "",
    "status": "provisional",
    "accuracyM": 40,
    "needsReview": "公式情報または2情報源での確認が必要、名称なし",
    "sources": "OpenStreetMap（© OpenStreetMap contributors, ODbL 1.0）Geofabrik japan-latest.osm.pbf 2026-09-23T20:22:04Z way/388843482",
    "verifiedAt": ""
   }
  },
  {
   "type": "Feature",
   "geometry": {
    "type": "Point",
    "coordinates": [
     133.3290494,
     33.8371466
    ]
   },
   "properties": {
    "id": "PK-w412629173",
    "kind": "parking",
    "name": "（名称なし）駐車場",
    "datum": "WGS84",
    "mountainIds": "779 785 786",
    "mountainNames": "笹ヶ峰、平家平、寒風山",
    "lists": "日本二百名山|日本三百名山|四国百名山",
    "routes": "",
    "entryType": "",
    "trailKmToSummit": "",
    "related": "TH-n4140008388(132m)",
    "attributes": "",
    "status": "provisional",
    "accuracyM": 40,
    "needsReview": "公式情報または2情報源での確認が必要、名称なし",
    "sources": "OpenStreetMap（© OpenStreetMap contributors, ODbL 1.0）Geofabrik japan-latest.osm.pbf 2026-09-23T20:22:04Z way/412629173",
    "verifiedAt": ""
   }
  },
  {
   "type": "Feature",
   "geometry": {
    "type": "Point",
    "coordinates": [
     133.3157687,
     33.8749719
    ]
   },
   "properties": {
    "id": "PK-w414411883",
    "kind": "parking",
    "name": "（名称なし）駐車場",
    "datum": "WGS84",
    "mountainIds": "763 767 768 779 785 786",
    "mountainNames": "二ッ岳、西赤石山、東赤石山、笹ヶ峰、平家平、寒風山",
    "lists": "四国百名山|日本二百名山|日本三百名山",
    "routes": "",
    "entryType": "",
    "trailKmToSummit": "",
    "related": "TH-n2097494768(87m) TH-n2097494953(340m)",
    "attributes": "",
    "status": "provisional",
    "accuracyM": 40,
    "needsReview": "公式情報または2情報源での確認が必要、名称なし、登山口から離れている（徒歩アプローチを要確認）",
    "sources": "OpenStreetMap（© OpenStreetMap contributors, ODbL 1.0）Geofabrik japan-latest.osm.pbf 2026-09-23T20:22:04Z way/414411883",
    "verifiedAt": ""
   }
  },
  {
   "type": "Feature",
   "geometry": {
    "type": "Point",
    "coordinates": [
     133.3149228,
     33.8766791
    ]
   },
   "properties": {
    "id": "PK-w414413187",
    "kind": "parking",
    "name": "（名称なし）駐車場",
    "datum": "WGS84",
    "mountainIds": "763 767 768 779 785 786",
    "mountainNames": "二ッ岳、西赤石山、東赤石山、笹ヶ峰、平家平、寒風山",
    "lists": "四国百名山|日本二百名山|日本三百名山",
    "routes": "",
    "entryType": "",
    "trailKmToSummit": "",
    "related": "TH-n2097494768(180m) TH-n2097494953(158m)",
    "attributes": "",
    "status": "provisional",
    "accuracyM": 40,
    "needsReview": "公式情報または2情報源での確認が必要、名称なし",
    "sources": "OpenStreetMap（© OpenStreetMap contributors, ODbL 1.0）Geofabrik japan-latest.osm.pbf 2026-09-23T20:22:04Z way/414413187",
    "verifiedAt": ""
   }
  },
  {
   "type": "Feature",
   "geometry": {
    "type": "Point",
    "coordinates": [
     134.102384,
     34.3588006
    ]
   },
   "properties": {
    "id": "PK-w422803842",
    "kind": "parking",
    "name": "山上駐車場",
    "datum": "WGS84",
    "mountainIds": "690",
    "mountainNames": "屋島",
    "lists": "四国百名山",
    "routes": "",
    "entryType": "",
    "trailKmToSummit": "",
    "related": "TH-w422803842(0m) TH-n10600658618(317m) TH-n1488024378(361m)",
    "attributes": "fee=no; capacity=390; access=yes; opening_hours=06:30-22:00",
    "status": "provisional",
    "accuracyM": 40,
    "needsReview": "公式情報または2情報源での確認が必要、登山口から離れている（徒歩アプローチを要確認）",
    "sources": "OpenStreetMap（© OpenStreetMap contributors, ODbL 1.0）Geofabrik japan-latest.osm.pbf 2026-09-23T20:22:04Z way/422803842",
    "verifiedAt": ""
   }
  },
  {
   "type": "Feature",
   "geometry": {
    "type": "Point",
    "coordinates": [
     133.4227739,
     33.9490138
    ]
   },
   "properties": {
    "id": "PK-w443591280",
    "kind": "parking",
    "name": "（名称なし）駐車場",
    "datum": "WGS84",
    "mountainIds": "752",
    "mountainNames": "赤星山",
    "lists": "四国百名山",
    "routes": "",
    "entryType": "",
    "trailKmToSummit": "",
    "related": "TH-n1757191748(203m)",
    "attributes": "",
    "status": "provisional",
    "accuracyM": 40,
    "needsReview": "公式情報または2情報源での確認が必要、名称なし",
    "sources": "OpenStreetMap（© OpenStreetMap contributors, ODbL 1.0）Geofabrik japan-latest.osm.pbf 2026-09-23T20:22:04Z way/443591280",
    "verifiedAt": ""
   }
  },
  {
   "type": "Feature",
   "geometry": {
    "type": "Point",
    "coordinates": [
     133.4242732,
     33.9486781
    ]
   },
   "properties": {
    "id": "PK-w443592045",
    "kind": "parking",
    "name": "（名称なし）駐車場",
    "datum": "WGS84",
    "mountainIds": "752",
    "mountainNames": "赤星山",
    "lists": "四国百名山",
    "routes": "",
    "entryType": "",
    "trailKmToSummit": "",
    "related": "TH-n1757191748(60m)",
    "attributes": "",
    "status": "provisional",
    "accuracyM": 40,
    "needsReview": "公式情報または2情報源での確認が必要、名称なし",
    "sources": "OpenStreetMap（© OpenStreetMap contributors, ODbL 1.0）Geofabrik japan-latest.osm.pbf 2026-09-23T20:22:04Z way/443592045",
    "verifiedAt": ""
   }
  },
  {
   "type": "Feature",
   "geometry": {
    "type": "Point",
    "coordinates": [
     133.5178,
     33.676628
    ]
   },
   "properties": {
    "id": "PK-w585459095",
    "kind": "parking",
    "name": "（名称なし）駐車場",
    "datum": "WGS84",
    "mountainIds": "817",
    "mountainNames": "工石山",
    "lists": "四国百名山",
    "routes": "",
    "entryType": "",
    "trailKmToSummit": "",
    "related": "TH-n1557864581(193m)",
    "attributes": "",
    "status": "provisional",
    "accuracyM": 40,
    "needsReview": "公式情報または2情報源での確認が必要、名称なし",
    "sources": "OpenStreetMap（© OpenStreetMap contributors, ODbL 1.0）Geofabrik japan-latest.osm.pbf 2026-09-23T20:22:04Z way/585459095",
    "verifiedAt": ""
   }
  },
  {
   "type": "Feature",
   "geometry": {
    "type": "Point",
    "coordinates": [
     132.9688549,
     33.7673116
    ]
   },
   "properties": {
    "id": "PK-w631716474",
    "kind": "parking",
    "name": "（名称なし）駐車場",
    "datum": "WGS84",
    "mountainIds": "804 809",
    "mountainNames": "石墨山、皿ヶ嶺",
    "lists": "四国百名山",
    "routes": "",
    "entryType": "",
    "trailKmToSummit": "",
    "related": "TH-n1679223057(422m)",
    "attributes": "",
    "status": "provisional",
    "accuracyM": 40,
    "needsReview": "公式情報または2情報源での確認が必要、名称なし、登山口から離れている（徒歩アプローチを要確認）",
    "sources": "OpenStreetMap（© OpenStreetMap contributors, ODbL 1.0）Geofabrik japan-latest.osm.pbf 2026-09-23T20:22:04Z way/631716474",
    "verifiedAt": ""
   }
  },
  {
   "type": "Feature",
   "geometry": {
    "type": "Point",
    "coordinates": [
     133.7797146,
     34.1974266
    ]
   },
   "properties": {
    "id": "PK-w648404805",
    "kind": "parking",
    "name": "（名称なし）駐車場",
    "datum": "WGS84",
    "mountainIds": "716",
    "mountainNames": "大麻山",
    "lists": "四国百名山",
    "routes": "",
    "entryType": "",
    "trailKmToSummit": "",
    "related": "TH-n2061596176(342m)",
    "attributes": "",
    "status": "provisional",
    "accuracyM": 40,
    "needsReview": "公式情報または2情報源での確認が必要、名称なし、登山口から離れている（徒歩アプローチを要確認）",
    "sources": "OpenStreetMap（© OpenStreetMap contributors, ODbL 1.0）Geofabrik japan-latest.osm.pbf 2026-09-23T20:22:04Z way/648404805",
    "verifiedAt": ""
   }
  },
  {
   "type": "Feature",
   "geometry": {
    "type": "Point",
    "coordinates": [
     133.7905743,
     34.1932748
    ]
   },
   "properties": {
    "id": "PK-w648409895",
    "kind": "parking",
    "name": "（名称なし）駐車場",
    "datum": "WGS84",
    "mountainIds": "716",
    "mountainNames": "大麻山",
    "lists": "四国百名山",
    "routes": "",
    "entryType": "",
    "trailKmToSummit": "",
    "related": "TH-n2065201882(49m)",
    "attributes": "fee=yes",
    "status": "provisional",
    "accuracyM": 40,
    "needsReview": "公式情報または2情報源での確認が必要、名称なし",
    "sources": "OpenStreetMap（© OpenStreetMap contributors, ODbL 1.0）Geofabrik japan-latest.osm.pbf 2026-09-23T20:22:04Z way/648409895",
    "verifiedAt": ""
   }
  },
  {
   "type": "Feature",
   "geometry": {
    "type": "Point",
    "coordinates": [
     132.6544397,
     33.0833694
    ]
   },
   "properties": {
    "id": "PK-w699811632",
    "kind": "parking",
    "name": "（名称なし）駐車場",
    "datum": "WGS84",
    "mountainIds": "867",
    "mountainNames": "篠山",
    "lists": "日本三百名山|四国百名山",
    "routes": "",
    "entryType": "",
    "trailKmToSummit": "",
    "related": "TH-n2045582818(377m)",
    "attributes": "",
    "status": "provisional",
    "accuracyM": 40,
    "needsReview": "公式情報または2情報源での確認が必要、名称なし、登山口から離れている（徒歩アプローチを要確認）",
    "sources": "OpenStreetMap（© OpenStreetMap contributors, ODbL 1.0）Geofabrik japan-latest.osm.pbf 2026-09-23T20:22:04Z way/699811632",
    "verifiedAt": ""
   }
  },
  {
   "type": "Feature",
   "geometry": {
    "type": "Point",
    "coordinates": [
     133.8093109,
     34.1819722
    ]
   },
   "properties": {
    "id": "PK-w731898660",
    "kind": "parking",
    "name": "（名称なし）駐車場",
    "datum": "WGS84",
    "mountainIds": "716",
    "mountainNames": "大麻山",
    "lists": "四国百名山",
    "routes": "",
    "entryType": "",
    "trailKmToSummit": "",
    "related": "TH-n266600700(292m)",
    "attributes": "access=private",
    "status": "provisional",
    "accuracyM": 40,
    "needsReview": "公式情報または2情報源での確認が必要、名称なし",
    "sources": "OpenStreetMap（© OpenStreetMap contributors, ODbL 1.0）Geofabrik japan-latest.osm.pbf 2026-09-23T20:22:04Z way/731898660",
    "verifiedAt": ""
   }
  },
  {
   "type": "Feature",
   "geometry": {
    "type": "Point",
    "coordinates": [
     133.8110359,
     34.1825181
    ]
   },
   "properties": {
    "id": "PK-w731898662",
    "kind": "parking",
    "name": "（名称なし）駐車場",
    "datum": "WGS84",
    "mountainIds": "716",
    "mountainNames": "大麻山",
    "lists": "四国百名山",
    "routes": "",
    "entryType": "",
    "trailKmToSummit": "",
    "related": "TH-n266600700(145m)",
    "attributes": "access=private",
    "status": "provisional",
    "accuracyM": 40,
    "needsReview": "公式情報または2情報源での確認が必要、名称なし",
    "sources": "OpenStreetMap（© OpenStreetMap contributors, ODbL 1.0）Geofabrik japan-latest.osm.pbf 2026-09-23T20:22:04Z way/731898662",
    "verifiedAt": ""
   }
  },
  {
   "type": "Feature",
   "geometry": {
    "type": "Point",
    "coordinates": [
     134.031147,
     33.7712258
    ]
   },
   "properties": {
    "id": "PK-w749673254",
    "kind": "parking",
    "name": "（名称なし）駐車場",
    "datum": "WGS84",
    "mountainIds": "794",
    "mountainNames": "石立山",
    "lists": "四国百名山",
    "routes": "",
    "entryType": "",
    "trailKmToSummit": "",
    "related": "TH-n1553370259(249m)",
    "attributes": "",
    "status": "provisional",
    "accuracyM": 40,
    "needsReview": "公式情報または2情報源での確認が必要、名称なし",
    "sources": "OpenStreetMap（© OpenStreetMap contributors, ODbL 1.0）Geofabrik japan-latest.osm.pbf 2026-09-23T20:22:04Z way/749673254",
    "verifiedAt": ""
   }
  },
  {
   "type": "Feature",
   "geometry": {
    "type": "Point",
    "coordinates": [
     133.540972,
     33.9453084
    ]
   },
   "properties": {
    "id": "PK-w757745972",
    "kind": "parking",
    "name": "（名称なし）駐車場",
    "datum": "WGS84",
    "mountainIds": "741",
    "mountainNames": "翠波峰",
    "lists": "四国百名山",
    "routes": "",
    "entryType": "",
    "trailKmToSummit": "",
    "related": "TH-n4074896728(108m)",
    "attributes": "",
    "status": "provisional",
    "accuracyM": 40,
    "needsReview": "公式情報または2情報源での確認が必要、名称なし",
    "sources": "OpenStreetMap（© OpenStreetMap contributors, ODbL 1.0）Geofabrik japan-latest.osm.pbf 2026-09-23T20:22:04Z way/757745972",
    "verifiedAt": ""
   }
  },
  {
   "type": "Feature",
   "geometry": {
    "type": "Point",
    "coordinates": [
     134.5022837,
     34.1695898
    ]
   },
   "properties": {
    "id": "PK-w772413596",
    "kind": "parking",
    "name": "（名称なし）駐車場",
    "datum": "WGS84",
    "mountainIds": "717",
    "mountainNames": "大麻山",
    "lists": "四国百名山",
    "routes": "",
    "entryType": "",
    "trailKmToSummit": "",
    "related": "TH-n1914942704(446m)",
    "attributes": "",
    "status": "provisional",
    "accuracyM": 40,
    "needsReview": "公式情報または2情報源での確認が必要、名称なし、登山口から離れている（徒歩アプローチを要確認）",
    "sources": "OpenStreetMap（© OpenStreetMap contributors, ODbL 1.0）Geofabrik japan-latest.osm.pbf 2026-09-23T20:22:04Z way/772413596",
    "verifiedAt": ""
   }
  },
  {
   "type": "Feature",
   "geometry": {
    "type": "Point",
    "coordinates": [
     133.1675977,
     33.5739654
    ]
   },
   "properties": {
    "id": "PK-w822871514",
    "kind": "parking",
    "name": "（名称なし）駐車場",
    "datum": "WGS84",
    "mountainIds": "825",
    "mountainNames": "横倉山",
    "lists": "四国百名山",
    "routes": "",
    "entryType": "",
    "trailKmToSummit": "",
    "related": "TH-n1543750186(182m)",
    "attributes": "",
    "status": "provisional",
    "accuracyM": 40,
    "needsReview": "公式情報または2情報源での確認が必要、名称なし",
    "sources": "OpenStreetMap（© OpenStreetMap contributors, ODbL 1.0）Geofabrik japan-latest.osm.pbf 2026-09-23T20:22:04Z way/822871514",
    "verifiedAt": ""
   }
  },
  {
   "type": "Feature",
   "geometry": {
    "type": "Point",
    "coordinates": [
     133.5885572,
     34.2557344
    ]
   },
   "properties": {
    "id": "PK-w864500611",
    "kind": "parking",
    "name": "（名称なし）駐車場",
    "datum": "WGS84",
    "mountainIds": "702",
    "mountainNames": "紫雲出山",
    "lists": "四国百名山",
    "routes": "",
    "entryType": "",
    "trailKmToSummit": "",
    "related": "TH-n2065633425(305m)",
    "attributes": "access=permissive",
    "status": "provisional",
    "accuracyM": 40,
    "needsReview": "公式情報または2情報源での確認が必要、名称なし、登山口から離れている（徒歩アプローチを要確認）",
    "sources": "OpenStreetMap（© OpenStreetMap contributors, ODbL 1.0）Geofabrik japan-latest.osm.pbf 2026-09-23T20:22:04Z way/864500611",
    "verifiedAt": ""
   }
  },
  {
   "type": "Feature",
   "geometry": {
    "type": "Point",
    "coordinates": [
     133.2299863,
     33.4334896
    ]
   },
   "properties": {
    "id": "PK-w889139721",
    "kind": "parking",
    "name": "（名称なし）駐車場",
    "datum": "WGS84",
    "mountainIds": "839",
    "mountainNames": "蟠蛇森",
    "lists": "四国百名山",
    "routes": "",
    "entryType": "",
    "trailKmToSummit": "",
    "related": "TH-kP11-22-39-bs2040(450m)",
    "attributes": "",
    "status": "provisional",
    "accuracyM": 40,
    "needsReview": "公式情報または2情報源での確認が必要、名称なし、登山口から離れている（徒歩アプローチを要確認）",
    "sources": "OpenStreetMap（© OpenStreetMap contributors, ODbL 1.0）Geofabrik japan-latest.osm.pbf 2026-09-23T20:22:04Z way/889139721",
    "verifiedAt": ""
   }
  },
  {
   "type": "Feature",
   "geometry": {
    "type": "Point",
    "coordinates": [
     133.9495936,
     33.9180379
    ]
   },
   "properties": {
    "id": "PK-w945500663",
    "kind": "parking",
    "name": "（名称なし）駐車場",
    "datum": "WGS84",
    "mountainIds": "747 750 758",
    "mountainNames": "烏帽子山、矢筈山、寒峰",
    "lists": "四国百名山",
    "routes": "",
    "entryType": "",
    "trailKmToSummit": "",
    "related": "TH-n1698966501(169m)",
    "attributes": "",
    "status": "provisional",
    "accuracyM": 40,
    "needsReview": "公式情報または2情報源での確認が必要、名称なし",
    "sources": "OpenStreetMap（© OpenStreetMap contributors, ODbL 1.0）Geofabrik japan-latest.osm.pbf 2026-09-23T20:22:04Z way/945500663",
    "verifiedAt": ""
   }
  },
  {
   "type": "Feature",
   "geometry": {
    "type": "Point",
    "coordinates": [
     133.5995628,
     34.2425702
    ]
   },
   "properties": {
    "id": "PK-w94727836",
    "kind": "parking",
    "name": "（名称なし）駐車場",
    "datum": "WGS84",
    "mountainIds": "702",
    "mountainNames": "紫雲出山",
    "lists": "四国百名山",
    "routes": "",
    "entryType": "",
    "trailKmToSummit": "",
    "related": "TH-n1099878327(140m) TH-n2065632017(410m)",
    "attributes": "fee=no; access=yes",
    "status": "provisional",
    "accuracyM": 40,
    "needsReview": "公式情報または2情報源での確認が必要、名称なし、登山口から離れている（徒歩アプローチを要確認）",
    "sources": "OpenStreetMap（© OpenStreetMap contributors, ODbL 1.0）Geofabrik japan-latest.osm.pbf 2026-09-23T20:22:04Z way/94727836",
    "verifiedAt": ""
   }
  },
  {
   "type": "Feature",
   "geometry": {
    "type": "Point",
    "coordinates": [
     133.6007012,
     34.2422377
    ]
   },
   "properties": {
    "id": "PK-w94727901",
    "kind": "parking",
    "name": "（名称なし）駐車場",
    "datum": "WGS84",
    "mountainIds": "702",
    "mountainNames": "紫雲出山",
    "lists": "四国百名山",
    "routes": "",
    "entryType": "",
    "trailKmToSummit": "",
    "related": "TH-n1099878327(250m) TH-n2065632017(403m)",
    "attributes": "fee=no; access=yes",
    "status": "provisional",
    "accuracyM": 40,
    "needsReview": "公式情報または2情報源での確認が必要、名称なし、登山口から離れている（徒歩アプローチを要確認）",
    "sources": "OpenStreetMap（© OpenStreetMap contributors, ODbL 1.0）Geofabrik japan-latest.osm.pbf 2026-09-23T20:22:04Z way/94727901",
    "verifiedAt": ""
   }
  },
  {
   "type": "Feature",
   "geometry": {
    "type": "Point",
    "coordinates": [
     133.190543,
     33.786138
    ]
   },
   "properties": {
    "id": "TH-gsi-kamegamori",
    "kind": "trailhead",
    "name": "瓶ヶ森駐車場（瓶ヶ森登山口）",
    "datum": "WGS84",
    "mountainIds": "790",
    "mountainNames": "瓶ヶ森",
    "lists": "日本三百名山|四国百名山",
    "routes": "瓶ヶ森林道コース",
    "entryType": "公式情報による登山口",
    "trailKmToSummit": "",
    "related": "",
    "attributes": "restriction=瓶ヶ森登山道への林道「UFOライン」（いの町道瓶ヶ森線・瓶ヶ森西線）は高知県いの町が管理し、冬期は閉鎖される（西条市・いの町）; season=バイオトイレの開所期間は令和8年4月7日〜11月中旬頃（西条市）",
    "status": "adopted",
    "accuracyM": 15,
    "needsReview": "瓶ヶ森避難小屋は悪天候時の一時避難のための施設で、年間を通して利用できる（西条市）、バイオトイレは旧瓶ヶ森ヒュッテ跡地の横にある（西条市）",
    "sources": "国土地理院ベクトルタイル提供実験 地理院地図の徒歩道が町道から始まる位置（33.786138, 133.190543）。OSM way/1065359933（駐車場）から70m、標高1,676.6m 2026-09-23確認 ｜ 公式情報: https://www.city.saijo.ehime.jp/site/kanko/kamegamori-biotoilet-open.html ｜ 公式情報: https://www.town.ino.kochi.jp/shigoto/kanko/10060/",
    "verifiedAt": "2026-09-23"
   }
  },
  {
   "type": "Feature",
   "geometry": {
    "type": "Point",
    "coordinates": [
     132.658999,
     33.203442
    ]
   },
   "properties": {
    "id": "TH-gsi-mannenbashi",
    "kind": "trailhead",
    "name": "万年橋（滑床渓谷・三本杭登山口）",
    "datum": "WGS84",
    "mountainIds": "854",
    "mountainNames": "三本杭",
    "lists": "日本三百名山|四国百名山",
    "routes": "滑床渓谷コース",
    "entryType": "公式情報による登山口",
    "trailKmToSummit": "",
    "related": "",
    "attributes": "",
    "status": "adopted",
    "accuracyM": 15,
    "needsReview": "滑床渓谷は足摺宇和海国立公園の区域内で、雪輪の滝に代表される滝と滑らかな河床が特徴（環境省）、万年橋は出合滑の近くにあり、滑床渓谷の入口にあたる（松野町）、滑床渓谷の入口には休憩所と滑床アウトドアセンター万年荘がある（環境省・松野町）、三本杭までは滑床渓谷を登る長いコースで、登山口から山頂まで直線で約2.3km",
    "sources": "国土地理院ベクトルタイル提供実験 地理院地図の徒歩道が道路から始まる位置（33.203442, 132.658999）。地理院地図の注記「万年橋」（33.203, 132.659付近）から39m、標高354.7m 2026-09-23確認 ｜ 公式情報: https://www.town.matsuno.ehime.jp/soshiki/3/1251.html ｜ 公式情報: https://www.env.go.jp/nature/nationalparks/list/ashizuri-uwakai/spot/",
    "verifiedAt": "2026-09-23"
   }
  },
  {
   "type": "Feature",
   "geometry": {
    "type": "Point",
    "coordinates": [
     132.66371,
     33.052294
    ]
   },
   "properties": {
    "id": "TH-gsi-sasayama",
    "kind": "trailhead",
    "name": "第一駐車場（篠山登山口）",
    "datum": "WGS84",
    "mountainIds": "867",
    "mountainNames": "篠山",
    "lists": "日本三百名山|四国百名山",
    "routes": "県道篠山公園線コース",
    "entryType": "公式情報による登山口",
    "trailKmToSummit": "",
    "related": "",
    "attributes": "access=宿毛市から国道56号・県道篠山公園線を利用して第一駐車場（登山口）まで車で約50分（宿毛市）; course=第一駐車場から山頂まで徒歩約40〜60分、津島側登山口からは徒歩約2時間（宿毛市）",
    "status": "adopted",
    "accuracyM": 15,
    "needsReview": "篠山は愛媛県と高知県の県境にあり、山頂に篠山神社が鎮座する山岳信仰の霊地（宿毛市・愛南町）、登山口の正確な位置は公式情報では未確認",
    "sources": "国土地理院ベクトルタイル提供実験 地理院地図の徒歩道が県道から始まる位置（33.052294, 132.663710）、標高783.7m。宿毛市の「第一駐車場から山頂まで徒歩40〜60分」と標高差が整合 2026-09-23確認 ｜ 公式情報: https://www.city.sukumo.kochi.jp/docs-18/p0307.html ｜ 公式情報: https://www.town.ainan.ehime.jp/kanko/sightseeing/zekkei/sasayama.html",
    "verifiedAt": "2026-09-23"
   }
  },
  {
   "type": "Feature",
   "geometry": {
    "type": "Point",
    "coordinates": [
     134.2430128,
     33.9434879
    ]
   },
   "properties": {
    "id": "TH-kP11-22-36-bs1518",
    "kind": "trailhead",
    "name": "勘場",
    "datum": "WGS84",
    "mountainIds": "738",
    "mountainNames": "東宮山",
    "lists": "四国百名山",
    "routes": "",
    "entryType": "駐車場・バス停（林道・車道を経由して登山道へ）",
    "trailKmToSummit": "東宮山:2.59km",
    "related": "BS-kP11-22-36-bs1518(0m) BS-kP11-22-36-bs1507(691m)",
    "attributes": "",
    "status": "provisional",
    "accuracyM": 15,
    "needsReview": "林道からの入口（マイカー進入可否を要確認）、公式情報または2情報源での確認が必要",
    "sources": "国土数値情報（バス停留所データ）令和4年度（国土交通省）P11-22-36-bs1518（JGD2011）を加工して作成 ｜ OpenStreetMap（© OpenStreetMap contributors, ODbL 1.0）Geofabrik japan-latest.osm.pbf 2026-09-23T20:22:04Z node/1853850865（登山道と道路の接続点）",
    "verifiedAt": ""
   }
  },
  {
   "type": "Feature",
   "geometry": {
    "type": "Point",
    "coordinates": [
     133.1231543,
     33.8235538
    ]
   },
   "properties": {
    "id": "TH-kP11-22-38-bs1245",
    "kind": "trailhead",
    "name": "河口",
    "datum": "WGS84",
    "mountainIds": "798 799 803",
    "mountainNames": "二ノ森、堂ヶ森、石鎚山",
    "lists": "四国百名山|日本百名山|日本二百名山|日本三百名山",
    "routes": "",
    "entryType": "駐車場・バス停（林道・車道を経由して登山道へ）",
    "trailKmToSummit": "二ノ森:10.67km 堂ヶ森:13.55km 石鎚山:7.93km",
    "related": "BS-kP11-22-38-bs1245(0m)",
    "attributes": "",
    "status": "adopted",
    "accuracyM": 15,
    "needsReview": "",
    "sources": "国土数値情報（バス停留所データ）令和4年度（国土交通省）P11-22-38-bs1245（JGD2011）を加工して作成 ｜ OpenStreetMap（© OpenStreetMap contributors, ODbL 1.0）Geofabrik japan-latest.osm.pbf 2026-09-23T20:22:04Z node/2096163358（登山道と道路の接続点） ｜ 国土地理院 地名検索「河口」（33.823717, 133.122956、JGD2011、26m差）2026-09-20確認",
    "verifiedAt": "2026-09-20"
   }
  },
  {
   "type": "Feature",
   "geometry": {
    "type": "Point",
    "coordinates": [
     133.2341867,
     33.431467
    ]
   },
   "properties": {
    "id": "TH-kP11-22-39-bs2040",
    "kind": "trailhead",
    "name": "馬関橋",
    "datum": "WGS84",
    "mountainIds": "839",
    "mountainNames": "蟠蛇森",
    "lists": "四国百名山",
    "routes": "",
    "entryType": "駐車場・バス停（林道・車道を経由して登山道へ）",
    "trailKmToSummit": "蟠蛇森:2.61km",
    "related": "PK-w889139721(450m) BS-kP11-22-39-bs2040(0m) BS-kP11-22-39-bs2050(272m) BS-kP11-22-39-bs2034(314m)",
    "attributes": "",
    "status": "provisional",
    "accuracyM": 15,
    "needsReview": "林道からの入口（マイカー進入可否を要確認）、公式情報または2情報源での確認が必要",
    "sources": "国土数値情報（バス停留所データ）令和4年度（国土交通省）P11-22-39-bs2040（JGD2011）を加工して作成 ｜ OpenStreetMap（© OpenStreetMap contributors, ODbL 1.0）Geofabrik japan-latest.osm.pbf 2026-09-23T20:22:04Z node/1546567436（登山道と道路の接続点）",
    "verifiedAt": ""
   }
  },
  {
   "type": "Feature",
   "geometry": {
    "type": "Point",
    "coordinates": [
     133.8548469,
     33.7053149
    ]
   },
   "properties": {
    "id": "TH-kP11-22-39-bs251",
    "kind": "trailhead",
    "name": "猪野々",
    "datum": "WGS84",
    "mountainIds": "811",
    "mountainNames": "御在所山",
    "lists": "四国百名山",
    "routes": "",
    "entryType": "駐車場・バス停（林道・車道を経由して登山道へ）",
    "trailKmToSummit": "御在所山:3.42km",
    "related": "BS-kP11-22-39-bs251(0m) BS-kP11-22-39-bs248(316m) BS-kP11-22-39-bs266(556m)",
    "attributes": "",
    "status": "provisional",
    "accuracyM": 15,
    "needsReview": "公式情報または2情報源での確認が必要",
    "sources": "国土数値情報（バス停留所データ）令和4年度（国土交通省）P11-22-39-bs251（JGD2011）を加工して作成 ｜ OpenStreetMap（© OpenStreetMap contributors, ODbL 1.0）Geofabrik japan-latest.osm.pbf 2026-09-23T20:22:04Z node/1553317981（登山道と道路の接続点） ｜ 国土地理院 地名検索「猪野々簡易郵便局」（33.705492, 133.855042、JGD2011、27m差）2026-09-20確認",
    "verifiedAt": "2026-09-20"
   }
  },
  {
   "type": "Feature",
   "geometry": {
    "type": "Point",
    "coordinates": [
     133.8538366,
     33.6970477
    ]
   },
   "properties": {
    "id": "TH-kP11-22-39-bs273",
    "kind": "trailhead",
    "name": "初田下",
    "datum": "WGS84",
    "mountainIds": "811",
    "mountainNames": "御在所山",
    "lists": "四国百名山",
    "routes": "",
    "entryType": "駐車場・バス停（林道・車道を経由して登山道へ）",
    "trailKmToSummit": "御在所山:4.27km",
    "related": "BS-kP11-22-39-bs273(0m) BS-kP11-22-39-bs266(550m) BS-kP11-22-39-bs251(919m)",
    "attributes": "",
    "status": "provisional",
    "accuracyM": 15,
    "needsReview": "公式情報または2情報源での確認が必要",
    "sources": "国土数値情報（バス停留所データ）令和4年度（国土交通省）P11-22-39-bs273（JGD2011）を加工して作成 ｜ OpenStreetMap（© OpenStreetMap contributors, ODbL 1.0）Geofabrik japan-latest.osm.pbf 2026-09-23T20:22:04Z node/1553316646（登山道と道路の接続点）",
    "verifiedAt": ""
   }
  },
  {
   "type": "Feature",
   "geometry": {
    "type": "Point",
    "coordinates": [
     132.714488,
     33.1048402
    ]
   },
   "properties": {
    "id": "TH-kP11-22-39-bs3000",
    "kind": "trailhead",
    "name": "檜駄馬",
    "datum": "WGS84",
    "mountainIds": "860",
    "mountainNames": "譲ヶ葉森",
    "lists": "四国百名山",
    "routes": "",
    "entryType": "駐車場・バス停（林道・車道を経由して登山道へ）",
    "trailKmToSummit": "譲ヶ葉森:13.52km",
    "related": "BS-kP11-22-39-bs3000(0m) BS-kP11-22-39-bs3001(888m)",
    "attributes": "",
    "status": "provisional",
    "accuracyM": 15,
    "needsReview": "林道からの入口（マイカー進入可否を要確認）、公式情報または2情報源での確認が必要",
    "sources": "国土数値情報（バス停留所データ）令和4年度（国土交通省）P11-22-39-bs3000（JGD2011）を加工して作成 ｜ OpenStreetMap（© OpenStreetMap contributors, ODbL 1.0）Geofabrik japan-latest.osm.pbf 2026-09-23T20:22:04Z node/1479592005（登山道と道路の接続点）",
    "verifiedAt": ""
   }
  },
  {
   "type": "Feature",
   "geometry": {
    "type": "Point",
    "coordinates": [
     132.7239247,
     33.1037945
    ]
   },
   "properties": {
    "id": "TH-kP11-22-39-bs3001",
    "kind": "trailhead",
    "name": "奥屋内本村",
    "datum": "WGS84",
    "mountainIds": "860",
    "mountainNames": "譲ヶ葉森",
    "lists": "四国百名山",
    "routes": "",
    "entryType": "駐車場・バス停（林道・車道を経由して登山道へ）",
    "trailKmToSummit": "譲ヶ葉森:14.8km",
    "related": "BS-kP11-22-39-bs3001(0m) BS-kP11-22-39-bs3000(888m)",
    "attributes": "",
    "status": "provisional",
    "accuracyM": 15,
    "needsReview": "公式情報または2情報源での確認が必要",
    "sources": "国土数値情報（バス停留所データ）令和4年度（国土交通省）P11-22-39-bs3001（JGD2011）を加工して作成 ｜ OpenStreetMap（© OpenStreetMap contributors, ODbL 1.0）Geofabrik japan-latest.osm.pbf 2026-09-23T20:22:04Z node/1479591323（登山道と道路の接続点）",
    "verifiedAt": ""
   }
  },
  {
   "type": "Feature",
   "geometry": {
    "type": "Point",
    "coordinates": [
     133.1953996,
     33.5734928
    ]
   },
   "properties": {
    "id": "TH-kP11-22-39-bs785",
    "kind": "trailhead",
    "name": "寺村橋",
    "datum": "WGS84",
    "mountainIds": "825",
    "mountainNames": "横倉山",
    "lists": "四国百名山",
    "routes": "",
    "entryType": "駐車場・バス停（林道・車道を経由して登山道へ）",
    "trailKmToSummit": "横倉山:10.59km",
    "related": "BS-kP11-22-39-bs785(0m) BS-kP11-22-39-bs794(565m) BS-kP11-22-39-bs759(683m)",
    "attributes": "",
    "status": "provisional",
    "accuracyM": 15,
    "needsReview": "公式情報または2情報源での確認が必要",
    "sources": "国土数値情報（バス停留所データ）令和4年度（国土交通省）P11-22-39-bs785（JGD2011）を加工して作成 ｜ OpenStreetMap（© OpenStreetMap contributors, ODbL 1.0）Geofabrik japan-latest.osm.pbf 2026-09-23T20:22:04Z node/1493851808（登山道と道路の接続点）",
    "verifiedAt": ""
   }
  },
  {
   "type": "Feature",
   "geometry": {
    "type": "Point",
    "coordinates": [
     134.3167517,
     34.5179919
    ]
   },
   "properties": {
    "id": "TH-n10129303952",
    "kind": "trailhead",
    "name": "（名称未確認）",
    "datum": "WGS84",
    "mountainIds": "658",
    "mountainNames": "寒霞渓",
    "lists": "四国百名山",
    "routes": "",
    "entryType": "道路の終点付近",
    "trailKmToSummit": "寒霞渓:0.3km",
    "related": "PK-w1106978730(18m) PK-n704285304(23m)",
    "attributes": "",
    "status": "provisional",
    "accuracyM": 30,
    "needsReview": "名称未確認、公式情報または2情報源での確認が必要",
    "sources": "OpenStreetMap（© OpenStreetMap contributors, ODbL 1.0）Geofabrik japan-latest.osm.pbf 2026-09-23T20:22:04Z node/10129303952（登山道と道路の接続点）",
    "verifiedAt": ""
   }
  },
  {
   "type": "Feature",
   "geometry": {
    "type": "Point",
    "coordinates": [
     134.1622808,
     33.8274096
    ]
   },
   "properties": {
    "id": "TH-n10161845393",
    "kind": "trailhead",
    "name": "（名称未確認）",
    "datum": "WGS84",
    "mountainIds": "783",
    "mountainNames": "権田山",
    "lists": "四国百名山",
    "routes": "",
    "entryType": "一般道との接続",
    "trailKmToSummit": "権田山:1.31km",
    "related": "",
    "attributes": "",
    "status": "candidate",
    "accuracyM": 30,
    "needsReview": "名称未確認、公式情報または2情報源での確認が必要",
    "sources": "OpenStreetMap（© OpenStreetMap contributors, ODbL 1.0）Geofabrik japan-latest.osm.pbf 2026-09-23T20:22:04Z node/10161845393（登山道と道路の接続点）",
    "verifiedAt": ""
   }
  },
  {
   "type": "Feature",
   "geometry": {
    "type": "Point",
    "coordinates": [
     134.0992386,
     34.3576308
    ]
   },
   "properties": {
    "id": "TH-n10600658618",
    "kind": "trailhead",
    "name": "（名称未確認）山上駐車場付近",
    "datum": "WGS84",
    "mountainIds": "690",
    "mountainNames": "屋島",
    "lists": "四国百名山",
    "routes": "",
    "entryType": "一般道との接続",
    "trailKmToSummit": "屋島:0.52km",
    "related": "PK-w1137173396(8m) PK-w422803842(317m) BS-kP11-22-37-bs52(353m) BS-kP11-22-37-bs50(748m) BS-kP11-22-37-bs50(748m)",
    "attributes": "",
    "status": "provisional",
    "accuracyM": 30,
    "needsReview": "名称未確認、登山道が道路を横断する地点（途中の入口の可能性）、近くの道路にゲートあり（車両通行止め・季節閉鎖の可能性）、公式情報または2情報源での確認が必要",
    "sources": "OpenStreetMap（© OpenStreetMap contributors, ODbL 1.0）Geofabrik japan-latest.osm.pbf 2026-09-23T20:22:04Z node/10600658618（登山道と道路の接続点）",
    "verifiedAt": ""
   }
  },
  {
   "type": "Feature",
   "geometry": {
    "type": "Point",
    "coordinates": [
     133.5980612,
     34.2427683
    ]
   },
   "properties": {
    "id": "TH-n1099878327",
    "kind": "trailhead",
    "name": "（名称未確認）紫雲出山登山口バス停付近",
    "datum": "WGS84",
    "mountainIds": "702",
    "mountainNames": "紫雲出山",
    "lists": "四国百名山",
    "routes": "",
    "entryType": "一般道との接続",
    "trailKmToSummit": "紫雲出山:0.23km",
    "related": "PK-w94727836(140m) PK-w94727901(250m) BS-kP11-22-37-bs1105(665m) BS-kP11-22-37-bs1056(920m) BS-kP11-22-37-bs1135(947m)",
    "attributes": "",
    "status": "provisional",
    "accuracyM": 30,
    "needsReview": "名称未確認、公式情報または2情報源での確認が必要",
    "sources": "OpenStreetMap（© OpenStreetMap contributors, ODbL 1.0）Geofabrik japan-latest.osm.pbf 2026-09-23T20:22:04Z node/1099878327（登山道と道路の接続点）",
    "verifiedAt": ""
   }
  },
  {
   "type": "Feature",
   "geometry": {
    "type": "Point",
    "coordinates": [
     134.2079278,
     34.1905725
    ]
   },
   "properties": {
    "id": "TH-n11416744269",
    "kind": "trailhead",
    "name": "八十窪(やそくぼ)",
    "datum": "WGS84",
    "mountainIds": "715",
    "mountainNames": "女体山",
    "lists": "四国百名山",
    "routes": "",
    "entryType": "施設（山小屋・宿・キャンプ場）からの入口",
    "trailKmToSummit": "女体山:0.99km",
    "related": "PK-n13227002601(21m) PK-w27557919(321m) BS-kP11-22-37-bs1496(139m) BS-kP11-22-37-bs1530(753m)",
    "attributes": "OSM登山ルート: 四国遍路 87番札所長尾寺~88番札所大窪寺、四国遍路 88番札所大窪寺~1番札所霊山寺",
    "status": "provisional",
    "accuracyM": 15,
    "needsReview": "公式情報または2情報源での確認が必要",
    "sources": "OpenStreetMap（© OpenStreetMap contributors, ODbL 1.0）Geofabrik japan-latest.osm.pbf 2026-09-23T20:22:04Z node/11416744269",
    "verifiedAt": ""
   }
  },
  {
   "type": "Feature",
   "geometry": {
    "type": "Point",
    "coordinates": [
     132.8889944,
     33.7241783
    ]
   },
   "properties": {
    "id": "TH-n11893691691",
    "kind": "trailhead",
    "name": "（名称未確認）",
    "datum": "WGS84",
    "mountainIds": "804 809",
    "mountainNames": "石墨山、皿ヶ嶺",
    "lists": "四国百名山",
    "routes": "",
    "entryType": "一般道との接続",
    "trailKmToSummit": "石墨山:13.1km 皿ヶ嶺:2.04km",
    "related": "PK-w377716850(197m)",
    "attributes": "",
    "status": "provisional",
    "accuracyM": 30,
    "needsReview": "名称未確認、近くの道路にゲートあり（車両通行止め・季節閉鎖の可能性）、公式情報または2情報源での確認が必要",
    "sources": "OpenStreetMap（© OpenStreetMap contributors, ODbL 1.0）Geofabrik japan-latest.osm.pbf 2026-09-23T20:22:04Z node/11893691691（登山道と道路の接続点）",
    "verifiedAt": ""
   }
  },
  {
   "type": "Feature",
   "geometry": {
    "type": "Point",
    "coordinates": [
     132.8504093,
     33.9636163
    ]
   },
   "properties": {
    "id": "TH-n11934704036",
    "kind": "trailhead",
    "name": "（名称未確認）",
    "datum": "WGS84",
    "mountainIds": "740",
    "mountainNames": "高縄山",
    "lists": "四国百名山",
    "routes": "",
    "entryType": "道路の終点付近",
    "trailKmToSummit": "高縄山:2.51km",
    "related": "",
    "attributes": "",
    "status": "candidate",
    "accuracyM": 30,
    "needsReview": "名称未確認、林道からの入口（マイカー進入可否を要確認）、公式情報または2情報源での確認が必要",
    "sources": "OpenStreetMap（© OpenStreetMap contributors, ODbL 1.0）Geofabrik japan-latest.osm.pbf 2026-09-23T20:22:04Z node/11934704036（登山道と道路の接続点）",
    "verifiedAt": ""
   }
  },
  {
   "type": "Feature",
   "geometry": {
    "type": "Point",
    "coordinates": [
     134.0889402,
     33.8666385
    ]
   },
   "properties": {
    "id": "TH-n11977956511",
    "kind": "trailhead",
    "name": "見ノ越（剣山登山口）",
    "datum": "WGS84",
    "mountainIds": "775 776 777 778 787",
    "mountainNames": "一ノ森、次郎笈、剣山、三嶺、白髪山",
    "lists": "四国百名山|日本百名山|日本二百名山|日本三百名山",
    "routes": "見ノ越〜次郎笈周回、見ノ越コース",
    "entryType": "索道駅（ロープウェイ・ゴンドラ）",
    "trailKmToSummit": "一ノ森:3.31km 次郎笈:3.44km 剣山:1.88km 三嶺:14.98km 白髪山:13.95km",
    "related": "PK-w325862716(47m) PK-w1221394342(88m) PK-n278078947(90m) BS-n5570323522(102m) BS-kP11-22-36-bs1845(242m)",
    "attributes": "parking=駐車場あり（中型バス可）（徳島県）; cable=剣山観光登山リフト 見ノ越駅（標高1,420m）〜西島駅（標高1,750m）約15分。営業は4月中旬〜11月末頃（2026年は4月18日〜11月30日予定）; fee=リフト 大人往復2,300円・片道1,300円（2026年4月1日〜）",
    "status": "adopted",
    "accuracyM": 15,
    "needsReview": "見ノ越に剣山観光登山リフトの乗り場（見ノ越駅）がある（剣山観光登山リフト）",
    "sources": "OpenStreetMap（© OpenStreetMap contributors, ODbL 1.0）Geofabrik japan-latest.osm.pbf 2026-09-23T20:22:04Z node/11977956511 ｜ 国土地理院 地名検索「見の越駅」（33.866640, 134.089137、JGD2011、18m差）2026-09-20確認 ｜ 公式情報: https://www.awanavi.jp/archives/spot/19046 ｜ 公式情報: https://turugirift.com/guide.html",
    "verifiedAt": "2026-09-20"
   }
  },
  {
   "type": "Feature",
   "geometry": {
    "type": "Point",
    "coordinates": [
     134.0923485,
     33.8605158
    ]
   },
   "properties": {
    "id": "TH-n11977956512",
    "kind": "trailhead",
    "name": "西島（剣山観光登山リフト 西島駅）",
    "datum": "WGS84",
    "mountainIds": "775 776 777 778 787",
    "mountainNames": "一ノ森、次郎笈、剣山、三嶺、白髪山",
    "lists": "四国百名山|日本百名山|日本二百名山|日本三百名山",
    "routes": "",
    "entryType": "索道駅（ロープウェイ・ゴンドラ）",
    "trailKmToSummit": "一ノ森:2.22km 次郎笈:2.42km 剣山:0.86km 三嶺:13.96km 白髪山:12.93km",
    "related": "BS-kP11-22-36-bs1845(719m) BS-n5570323522(786m)",
    "attributes": "",
    "status": "adopted",
    "accuracyM": 15,
    "needsReview": "剣山観光登山リフトの山上側の駅（剣山観光登山リフト）",
    "sources": "OpenStreetMap（© OpenStreetMap contributors, ODbL 1.0）Geofabrik japan-latest.osm.pbf 2026-09-23T20:22:04Z node/11977956512 ｜ 国土地理院 地名検索「西島駅」（33.860724, 134.092442、JGD2011、25m差）2026-09-20確認 ｜ 公式情報: https://www.awanavi.jp/archives/spot/19046 ｜ 公式情報: https://turugirift.com/guide.html",
    "verifiedAt": "2026-09-20"
   }
  },
  {
   "type": "Feature",
   "geometry": {
    "type": "Point",
    "coordinates": [
     133.9192519,
     33.891924
    ]
   },
   "properties": {
    "id": "TH-n12137456818",
    "kind": "trailhead",
    "name": "（名称未確認）",
    "datum": "WGS84",
    "mountainIds": "747 758",
    "mountainNames": "烏帽子山、寒峰",
    "lists": "四国百名山",
    "routes": "",
    "entryType": "一般道との接続",
    "trailKmToSummit": "烏帽子山:6.36km 寒峰:2.75km",
    "related": "",
    "attributes": "",
    "status": "candidate",
    "accuracyM": 30,
    "needsReview": "名称未確認、登山道が道路を横断する地点（途中の入口の可能性）、公式情報または2情報源での確認が必要",
    "sources": "OpenStreetMap（© OpenStreetMap contributors, ODbL 1.0）Geofabrik japan-latest.osm.pbf 2026-09-23T20:22:04Z node/12137456818（登山道と道路の接続点）",
    "verifiedAt": ""
   }
  },
  {
   "type": "Feature",
   "geometry": {
    "type": "Point",
    "coordinates": [
     133.6736771,
     33.9268211
    ]
   },
   "properties": {
    "id": "TH-n12163153286",
    "kind": "trailhead",
    "name": "（名称未確認）",
    "datum": "WGS84",
    "mountainIds": "749",
    "mountainNames": "塩塚峰",
    "lists": "四国百名山",
    "routes": "",
    "entryType": "一般道との接続",
    "trailKmToSummit": "塩塚峰:0.2km",
    "related": "",
    "attributes": "",
    "status": "candidate",
    "accuracyM": 30,
    "needsReview": "名称未確認、公式情報または2情報源での確認が必要",
    "sources": "OpenStreetMap（© OpenStreetMap contributors, ODbL 1.0）Geofabrik japan-latest.osm.pbf 2026-09-23T20:22:04Z node/12163153286（登山道と道路の接続点）",
    "verifiedAt": ""
   }
  },
  {
   "type": "Feature",
   "geometry": {
    "type": "Point",
    "coordinates": [
     134.0589356,
     33.9260882
    ]
   },
   "properties": {
    "id": "TH-n12684046286",
    "kind": "trailhead",
    "name": "（名称未確認）",
    "datum": "WGS84",
    "mountainIds": "745",
    "mountainNames": "津志嶽",
    "lists": "四国百名山",
    "routes": "",
    "entryType": "一般道との接続",
    "trailKmToSummit": "津志嶽:6.53km",
    "related": "",
    "attributes": "",
    "status": "candidate",
    "accuracyM": 30,
    "needsReview": "名称未確認、登山道が道路を横断する地点（途中の入口の可能性）、公式情報または2情報源での確認が必要",
    "sources": "OpenStreetMap（© OpenStreetMap contributors, ODbL 1.0）Geofabrik japan-latest.osm.pbf 2026-09-23T20:22:04Z node/12684046286（登山道と道路の接続点）",
    "verifiedAt": ""
   }
  },
  {
   "type": "Feature",
   "geometry": {
    "type": "Point",
    "coordinates": [
     133.35198,
     33.831244
    ]
   },
   "properties": {
    "id": "TH-n1295579034",
    "kind": "trailhead",
    "name": "三ツ森峠",
    "datum": "WGS84",
    "mountainIds": "767 779 782 785 786 793",
    "mountainNames": "西赤石山、笹ヶ峰、大座礼山、平家平、寒風山、伊予富士",
    "lists": "四国百名山|日本二百名山|日本三百名山",
    "routes": "",
    "entryType": "峠（道路との接続）",
    "trailKmToSummit": "西赤石山:15.26km 笹ヶ峰:9.03km 大座礼山:4.73km 平家平:3.23km 寒風山:11.71km 伊予富士:15.29km",
    "related": "",
    "attributes": "",
    "status": "adopted",
    "accuracyM": 30,
    "needsReview": "登山道が道路を横断する地点（途中の入口の可能性）",
    "sources": "OpenStreetMap（© OpenStreetMap contributors, ODbL 1.0）Geofabrik japan-latest.osm.pbf 2026-09-23T20:22:04Z node/1295579034（登山道と道路の接続点） ｜ 国土地理院 地名検索「三ツ森峠」（33.831090, 133.351683、JGD2011、32m差）2026-09-20確認",
    "verifiedAt": "2026-09-20"
   }
  },
  {
   "type": "Feature",
   "geometry": {
    "type": "Point",
    "coordinates": [
     133.420347,
     33.8188699
    ]
   },
   "properties": {
    "id": "TH-n1295581740",
    "kind": "trailhead",
    "name": "（名称未確認）",
    "datum": "WGS84",
    "mountainIds": "782",
    "mountainNames": "大座礼山",
    "lists": "四国百名山",
    "routes": "",
    "entryType": "一般道との接続",
    "trailKmToSummit": "大座礼山:2.67km",
    "related": "",
    "attributes": "",
    "status": "candidate",
    "accuracyM": 30,
    "needsReview": "名称未確認、登山道が道路を横断する地点（途中の入口の可能性）、公式情報または2情報源での確認が必要",
    "sources": "OpenStreetMap（© OpenStreetMap contributors, ODbL 1.0）Geofabrik japan-latest.osm.pbf 2026-09-23T20:22:04Z node/1295581740（登山道と道路の接続点）",
    "verifiedAt": ""
   }
  },
  {
   "type": "Feature",
   "geometry": {
    "type": "Point",
    "coordinates": [
     134.5068239,
     33.9595186
    ]
   },
   "properties": {
    "id": "TH-n13255860501",
    "kind": "trailhead",
    "name": "勝浦フライイトパーク オートキャンプ場",
    "datum": "WGS84",
    "mountainIds": "737",
    "mountainNames": "中津峰山",
    "lists": "四国百名山",
    "routes": "",
    "entryType": "施設（山小屋・宿・キャンプ場）からの入口",
    "trailKmToSummit": "中津峰山:0.39km",
    "related": "",
    "attributes": "",
    "status": "provisional",
    "accuracyM": 15,
    "needsReview": "公式情報または2情報源での確認が必要",
    "sources": "OpenStreetMap（© OpenStreetMap contributors, ODbL 1.0）Geofabrik japan-latest.osm.pbf 2026-09-23T20:22:04Z node/13255860501",
    "verifiedAt": ""
   }
  },
  {
   "type": "Feature",
   "geometry": {
    "type": "Point",
    "coordinates": [
     132.5571317,
     32.7389059
    ]
   },
   "properties": {
    "id": "TH-n1332885272",
    "kind": "trailhead",
    "name": "（名称未確認）",
    "datum": "WGS84",
    "mountainIds": "890",
    "mountainNames": "妹背山",
    "lists": "四国百名山",
    "routes": "",
    "entryType": "一般道（県道以上）との接続",
    "trailKmToSummit": "妹背山:1.81km",
    "related": "",
    "attributes": "",
    "status": "candidate",
    "accuracyM": 30,
    "needsReview": "名称未確認、公式情報または2情報源での確認が必要",
    "sources": "OpenStreetMap（© OpenStreetMap contributors, ODbL 1.0）Geofabrik japan-latest.osm.pbf 2026-09-23T20:22:04Z node/1332885272（登山道と道路の接続点）",
    "verifiedAt": ""
   }
  },
  {
   "type": "Feature",
   "geometry": {
    "type": "Point",
    "coordinates": [
     132.6636995,
     33.0522836
    ]
   },
   "properties": {
    "id": "TH-n1332903481",
    "kind": "trailhead",
    "name": "（名称未確認）",
    "datum": "WGS84",
    "mountainIds": "867",
    "mountainNames": "篠山",
    "lists": "日本三百名山|四国百名山",
    "routes": "",
    "entryType": "一般道（県道以上）との接続",
    "trailKmToSummit": "篠山:0.6km",
    "related": "",
    "attributes": "",
    "status": "candidate",
    "accuracyM": 30,
    "needsReview": "名称未確認、登山道が道路を横断する地点（途中の入口の可能性）、公式情報または2情報源での確認が必要",
    "sources": "OpenStreetMap（© OpenStreetMap contributors, ODbL 1.0）Geofabrik japan-latest.osm.pbf 2026-09-23T20:22:04Z node/1332903481（登山道と道路の接続点）",
    "verifiedAt": ""
   }
  },
  {
   "type": "Feature",
   "geometry": {
    "type": "Point",
    "coordinates": [
     132.5661955,
     32.7342601
    ]
   },
   "properties": {
    "id": "TH-n1332908256",
    "kind": "trailhead",
    "name": "（名称未確認）",
    "datum": "WGS84",
    "mountainIds": "890",
    "mountainNames": "妹背山",
    "lists": "四国百名山",
    "routes": "",
    "entryType": "一般道（県道以上）との接続",
    "trailKmToSummit": "妹背山:3.13km",
    "related": "",
    "attributes": "",
    "status": "candidate",
    "accuracyM": 30,
    "needsReview": "名称未確認、公式情報または2情報源での確認が必要",
    "sources": "OpenStreetMap（© OpenStreetMap contributors, ODbL 1.0）Geofabrik japan-latest.osm.pbf 2026-09-23T20:22:04Z node/1332908256（登山道と道路の接続点）",
    "verifiedAt": ""
   }
  },
  {
   "type": "Feature",
   "geometry": {
    "type": "Point",
    "coordinates": [
     133.7611995,
     33.7586565
    ]
   },
   "properties": {
    "id": "TH-n13356997366",
    "kind": "trailhead",
    "name": "（名称未確認）",
    "datum": "WGS84",
    "mountainIds": "797",
    "mountainNames": "梶ヶ森",
    "lists": "四国百名山",
    "routes": "",
    "entryType": "一般道との接続",
    "trailKmToSummit": "梶ヶ森:1.48km",
    "related": "PK-w1456391652(75m)",
    "attributes": "",
    "status": "provisional",
    "accuracyM": 30,
    "needsReview": "名称未確認、近くの道路にゲートあり（車両通行止め・季節閉鎖の可能性）、公式情報または2情報源での確認が必要",
    "sources": "OpenStreetMap（© OpenStreetMap contributors, ODbL 1.0）Geofabrik japan-latest.osm.pbf 2026-09-23T20:22:04Z node/13356997366（登山道と道路の接続点）",
    "verifiedAt": ""
   }
  },
  {
   "type": "Feature",
   "geometry": {
    "type": "Point",
    "coordinates": [
     133.7619567,
     33.7694513
    ]
   },
   "properties": {
    "id": "TH-n13357020942",
    "kind": "trailhead",
    "name": "（名称未確認）",
    "datum": "WGS84",
    "mountainIds": "797",
    "mountainNames": "梶ヶ森",
    "lists": "四国百名山",
    "routes": "",
    "entryType": "一般道との接続",
    "trailKmToSummit": "梶ヶ森:2.6km",
    "related": "PK-w1456418314(16m) PK-w1456418316(98m)",
    "attributes": "",
    "status": "provisional",
    "accuracyM": 30,
    "needsReview": "名称未確認、公式情報または2情報源での確認が必要",
    "sources": "OpenStreetMap（© OpenStreetMap contributors, ODbL 1.0）Geofabrik japan-latest.osm.pbf 2026-09-23T20:22:04Z node/13357020942（登山道と道路の接続点）",
    "verifiedAt": ""
   }
  },
  {
   "type": "Feature",
   "geometry": {
    "type": "Point",
    "coordinates": [
     132.6566149,
     33.199429
    ]
   },
   "properties": {
    "id": "TH-n1378265466",
    "kind": "trailhead",
    "name": "（名称未確認）",
    "datum": "WGS84",
    "mountainIds": "853 854",
    "mountainNames": "鬼ヶ城山、三本杭",
    "lists": "四国百名山|日本三百名山",
    "routes": "",
    "entryType": "林道との接続",
    "trailKmToSummit": "鬼ヶ城山:6.02km 三本杭:2.96km",
    "related": "",
    "attributes": "",
    "status": "candidate",
    "accuracyM": 30,
    "needsReview": "名称未確認、林道からの入口（マイカー進入可否を要確認）、公式情報または2情報源での確認が必要",
    "sources": "OpenStreetMap（© OpenStreetMap contributors, ODbL 1.0）Geofabrik japan-latest.osm.pbf 2026-09-23T20:22:04Z node/1378265466（登山道と道路の接続点）",
    "verifiedAt": ""
   }
  },
  {
   "type": "Feature",
   "geometry": {
    "type": "Point",
    "coordinates": [
     132.5676095,
     32.7189187
    ]
   },
   "properties": {
    "id": "TH-n13805646026",
    "kind": "trailhead",
    "name": "（名称未確認）",
    "datum": "WGS84",
    "mountainIds": "890",
    "mountainNames": "妹背山",
    "lists": "四国百名山",
    "routes": "",
    "entryType": "一般道（県道以上）との接続",
    "trailKmToSummit": "妹背山:2.23km",
    "related": "",
    "attributes": "",
    "status": "candidate",
    "accuracyM": 30,
    "needsReview": "名称未確認、公式情報または2情報源での確認が必要",
    "sources": "OpenStreetMap（© OpenStreetMap contributors, ODbL 1.0）Geofabrik japan-latest.osm.pbf 2026-09-23T20:22:04Z node/13805646026（登山道と道路の接続点）",
    "verifiedAt": ""
   }
  },
  {
   "type": "Feature",
   "geometry": {
    "type": "Point",
    "coordinates": [
     132.5513888,
     32.7143929
    ]
   },
   "properties": {
    "id": "TH-n13806150441",
    "kind": "trailhead",
    "name": "（名称未確認）",
    "datum": "WGS84",
    "mountainIds": "890",
    "mountainNames": "妹背山",
    "lists": "四国百名山",
    "routes": "",
    "entryType": "一般道との接続",
    "trailKmToSummit": "妹背山:1.93km",
    "related": "",
    "attributes": "",
    "status": "candidate",
    "accuracyM": 30,
    "needsReview": "名称未確認、公式情報または2情報源での確認が必要",
    "sources": "OpenStreetMap（© OpenStreetMap contributors, ODbL 1.0）Geofabrik japan-latest.osm.pbf 2026-09-23T20:22:04Z node/13806150441（登山道と道路の接続点）",
    "verifiedAt": ""
   }
  },
  {
   "type": "Feature",
   "geometry": {
    "type": "Point",
    "coordinates": [
     133.7714059,
     33.8789017
    ]
   },
   "properties": {
    "id": "TH-n13829937798",
    "kind": "trailhead",
    "name": "（名称未確認）徳善バス停付近",
    "datum": "WGS84",
    "mountainIds": "755",
    "mountainNames": "国見山",
    "lists": "四国百名山",
    "routes": "",
    "entryType": "一般道との接続",
    "trailKmToSummit": "国見山:3.84km",
    "related": "PK-w1513363153(428m) PK-w1513363158(443m) PK-w1513363161(446m) BS-kP11-22-36-bs1759(180m) BS-kP11-22-36-bs1760(180m) BS-kP11-22-36-bs1777(432m)",
    "attributes": "",
    "status": "provisional",
    "accuracyM": 30,
    "needsReview": "名称未確認、登山道が道路を横断する地点（途中の入口の可能性）、公式情報または2情報源での確認が必要",
    "sources": "OpenStreetMap（© OpenStreetMap contributors, ODbL 1.0）Geofabrik japan-latest.osm.pbf 2026-09-23T20:22:04Z node/13829937798（登山道と道路の接続点）",
    "verifiedAt": ""
   }
  },
  {
   "type": "Feature",
   "geometry": {
    "type": "Point",
    "coordinates": [
     133.583885,
     33.786168
    ]
   },
   "properties": {
    "id": "TH-n1479917136",
    "kind": "trailhead",
    "name": "（名称未確認）",
    "datum": "WGS84",
    "mountainIds": "784",
    "mountainNames": "白髪山",
    "lists": "四国百名山",
    "routes": "",
    "entryType": "一般道との接続",
    "trailKmToSummit": "白髪山:4.24km",
    "related": "",
    "attributes": "",
    "status": "candidate",
    "accuracyM": 30,
    "needsReview": "名称未確認、公式情報または2情報源での確認が必要",
    "sources": "OpenStreetMap（© OpenStreetMap contributors, ODbL 1.0）Geofabrik japan-latest.osm.pbf 2026-09-23T20:22:04Z node/1479917136（登山道と道路の接続点）",
    "verifiedAt": ""
   }
  },
  {
   "type": "Feature",
   "geometry": {
    "type": "Point",
    "coordinates": [
     133.561319,
     33.804855
    ]
   },
   "properties": {
    "id": "TH-n1479920383",
    "kind": "trailhead",
    "name": "（名称未確認）瓜生野バス停付近",
    "datum": "WGS84",
    "mountainIds": "784",
    "mountainNames": "白髪山",
    "lists": "四国百名山",
    "routes": "",
    "entryType": "一般道との接続",
    "trailKmToSummit": "白髪山:4.09km",
    "related": "BS-kP11-22-39-bs5(261m) BS-kP11-22-39-bs6(365m) BS-kP11-22-39-bs4(463m)",
    "attributes": "",
    "status": "provisional",
    "accuracyM": 30,
    "needsReview": "名称未確認、公式情報または2情報源での確認が必要",
    "sources": "OpenStreetMap（© OpenStreetMap contributors, ODbL 1.0）Geofabrik japan-latest.osm.pbf 2026-09-23T20:22:04Z node/1479920383（登山道と道路の接続点）",
    "verifiedAt": ""
   }
  },
  {
   "type": "Feature",
   "geometry": {
    "type": "Point",
    "coordinates": [
     133.601933,
     33.811077
    ]
   },
   "properties": {
    "id": "TH-n1479921176",
    "kind": "trailhead",
    "name": "（名称未確認）",
    "datum": "WGS84",
    "mountainIds": "784",
    "mountainNames": "白髪山",
    "lists": "四国百名山",
    "routes": "",
    "entryType": "林道との接続",
    "trailKmToSummit": "白髪山:1.4km",
    "related": "",
    "attributes": "",
    "status": "candidate",
    "accuracyM": 30,
    "needsReview": "名称未確認、林道からの入口（マイカー進入可否を要確認）、公式情報または2情報源での確認が必要",
    "sources": "OpenStreetMap（© OpenStreetMap contributors, ODbL 1.0）Geofabrik japan-latest.osm.pbf 2026-09-23T20:22:04Z node/1479921176（登山道と道路の接続点）",
    "verifiedAt": ""
   }
  },
  {
   "type": "Feature",
   "geometry": {
    "type": "Point",
    "coordinates": [
     133.57128,
     33.8142489
    ]
   },
   "properties": {
    "id": "TH-n1479921840",
    "kind": "trailhead",
    "name": "（名称未確認）",
    "datum": "WGS84",
    "mountainIds": "784",
    "mountainNames": "白髪山",
    "lists": "四国百名山",
    "routes": "",
    "entryType": "一般道との接続",
    "trailKmToSummit": "白髪山:2.85km",
    "related": "",
    "attributes": "",
    "status": "candidate",
    "accuracyM": 30,
    "needsReview": "名称未確認、公式情報または2情報源での確認が必要",
    "sources": "OpenStreetMap（© OpenStreetMap contributors, ODbL 1.0）Geofabrik japan-latest.osm.pbf 2026-09-23T20:22:04Z node/1479921840（登山道と道路の接続点）",
    "verifiedAt": ""
   }
  },
  {
   "type": "Feature",
   "geometry": {
    "type": "Point",
    "coordinates": [
     133.565803,
     33.870684
    ]
   },
   "properties": {
    "id": "TH-n1479927618",
    "kind": "trailhead",
    "name": "（名称未確認）",
    "datum": "WGS84",
    "mountainIds": "766",
    "mountainNames": "佐々連尾山",
    "lists": "四国百名山",
    "routes": "",
    "entryType": "道路の終点付近",
    "trailKmToSummit": "佐々連尾山:3.49km",
    "related": "",
    "attributes": "",
    "status": "candidate",
    "accuracyM": 30,
    "needsReview": "名称未確認、林道からの入口（マイカー進入可否を要確認）、公式情報または2情報源での確認が必要",
    "sources": "OpenStreetMap（© OpenStreetMap contributors, ODbL 1.0）Geofabrik japan-latest.osm.pbf 2026-09-23T20:22:04Z node/1479927618（登山道と道路の接続点）",
    "verifiedAt": ""
   }
  },
  {
   "type": "Feature",
   "geometry": {
    "type": "Point",
    "coordinates": [
     134.1062927,
     34.3584846
    ]
   },
   "properties": {
    "id": "TH-n1488024378",
    "kind": "trailhead",
    "name": "（名称未確認）山上駐車場付近",
    "datum": "WGS84",
    "mountainIds": "690",
    "mountainNames": "屋島",
    "lists": "四国百名山",
    "routes": "",
    "entryType": "一般道（県道以上）との接続",
    "trailKmToSummit": "屋島:0.64km",
    "related": "PK-w422803842(361m) BS-kP11-22-37-bs52(361m)",
    "attributes": "OSM登山ルート: 四国遍路 84番札所屋島寺~85番札所八栗寺",
    "status": "provisional",
    "accuracyM": 30,
    "needsReview": "名称未確認、近くの道路にゲートあり（車両通行止め・季節閉鎖の可能性）、公式情報または2情報源での確認が必要",
    "sources": "OpenStreetMap（© OpenStreetMap contributors, ODbL 1.0）Geofabrik japan-latest.osm.pbf 2026-09-23T20:22:04Z node/1488024378（登山道と道路の接続点）",
    "verifiedAt": ""
   }
  },
  {
   "type": "Feature",
   "geometry": {
    "type": "Point",
    "coordinates": [
     133.2225604,
     33.5346444
    ]
   },
   "properties": {
    "id": "TH-n1493844827",
    "kind": "trailhead",
    "name": "（名称未確認）横倉山第一駐車場付近",
    "datum": "WGS84",
    "mountainIds": "825",
    "mountainNames": "横倉山",
    "lists": "四国百名山",
    "routes": "",
    "entryType": "一般道との接続",
    "trailKmToSummit": "横倉山:2.22km",
    "related": "PK-w388843482(94m) PK-w388843479(113m) BS-kP11-22-39-bs1322(832m)",
    "attributes": "",
    "status": "provisional",
    "accuracyM": 30,
    "needsReview": "名称未確認、公式情報または2情報源での確認が必要",
    "sources": "OpenStreetMap（© OpenStreetMap contributors, ODbL 1.0）Geofabrik japan-latest.osm.pbf 2026-09-23T20:22:04Z node/1493844827（登山道と道路の接続点）",
    "verifiedAt": ""
   }
  },
  {
   "type": "Feature",
   "geometry": {
    "type": "Point",
    "coordinates": [
     133.2156481,
     33.5406093
    ]
   },
   "properties": {
    "id": "TH-n1493846014",
    "kind": "trailhead",
    "name": "（名称未確認）横倉山第三駐車場付近",
    "datum": "WGS84",
    "mountainIds": "825",
    "mountainNames": "横倉山",
    "lists": "四国百名山",
    "routes": "",
    "entryType": "一般道との接続",
    "trailKmToSummit": "横倉山:1.77km",
    "related": "PK-w388843446(408m) PK-w388843472(422m)",
    "attributes": "",
    "status": "provisional",
    "accuracyM": 30,
    "needsReview": "名称未確認、公式情報または2情報源での確認が必要",
    "sources": "OpenStreetMap（© OpenStreetMap contributors, ODbL 1.0）Geofabrik japan-latest.osm.pbf 2026-09-23T20:22:04Z node/1493846014（登山道と道路の接続点）",
    "verifiedAt": ""
   }
  },
  {
   "type": "Feature",
   "geometry": {
    "type": "Point",
    "coordinates": [
     134.1026227,
     34.3499786
    ]
   },
   "properties": {
    "id": "TH-n1509587000",
    "kind": "trailhead",
    "name": "（名称未確認）四國村バス停付近",
    "datum": "WGS84",
    "mountainIds": "690",
    "mountainNames": "屋島",
    "lists": "四国百名山",
    "routes": "",
    "entryType": "一般道（県道以上）との接続",
    "trailKmToSummit": "屋島:0.75km",
    "related": "PK-w1034751565(161m) PK-w1034751566(230m) BS-n7350509989(896m) BS-n7350509986(899m) BS-n7350480404(919m)",
    "attributes": "OSM登山ルート: 四国遍路 83番札所一宮寺~84番札所屋島寺",
    "status": "provisional",
    "accuracyM": 30,
    "needsReview": "名称未確認、近くの道路にゲートあり（車両通行止め・季節閉鎖の可能性）、公式情報または2情報源での確認が必要",
    "sources": "OpenStreetMap（© OpenStreetMap contributors, ODbL 1.0）Geofabrik japan-latest.osm.pbf 2026-09-23T20:22:04Z node/1509587000（登山道と道路の接続点）",
    "verifiedAt": ""
   }
  },
  {
   "type": "Feature",
   "geometry": {
    "type": "Point",
    "coordinates": [
     134.048808,
     33.701929
    ]
   },
   "properties": {
    "id": "TH-n1524231670",
    "kind": "trailhead",
    "name": "（名称未確認）",
    "datum": "WGS84",
    "mountainIds": "816",
    "mountainNames": "千本山",
    "lists": "四国百名山",
    "routes": "",
    "entryType": "一般道との接続",
    "trailKmToSummit": "千本山:9.55km",
    "related": "",
    "attributes": "",
    "status": "candidate",
    "accuracyM": 30,
    "needsReview": "名称未確認、公式情報または2情報源での確認が必要",
    "sources": "OpenStreetMap（© OpenStreetMap contributors, ODbL 1.0）Geofabrik japan-latest.osm.pbf 2026-09-23T20:22:04Z node/1524231670（登山道と道路の接続点）",
    "verifiedAt": ""
   }
  },
  {
   "type": "Feature",
   "geometry": {
    "type": "Point",
    "coordinates": [
     134.086997,
     33.653586
    ]
   },
   "properties": {
    "id": "TH-n1528915096",
    "kind": "trailhead",
    "name": "（名称未確認）",
    "datum": "WGS84",
    "mountainIds": "816",
    "mountainNames": "千本山",
    "lists": "四国百名山",
    "routes": "",
    "entryType": "一般道（県道以上）との接続",
    "trailKmToSummit": "千本山:3.13km",
    "related": "",
    "attributes": "",
    "status": "candidate",
    "accuracyM": 30,
    "needsReview": "名称未確認、公式情報または2情報源での確認が必要",
    "sources": "OpenStreetMap（© OpenStreetMap contributors, ODbL 1.0）Geofabrik japan-latest.osm.pbf 2026-09-23T20:22:04Z node/1528915096（登山道と道路の接続点）",
    "verifiedAt": ""
   }
  },
  {
   "type": "Feature",
   "geometry": {
    "type": "Point",
    "coordinates": [
     134.115916,
     33.688711
    ]
   },
   "properties": {
    "id": "TH-n1528921494",
    "kind": "trailhead",
    "name": "（名称未確認）",
    "datum": "WGS84",
    "mountainIds": "816",
    "mountainNames": "千本山",
    "lists": "四国百名山",
    "routes": "",
    "entryType": "道路の終点付近",
    "trailKmToSummit": "千本山:3.52km",
    "related": "",
    "attributes": "",
    "status": "candidate",
    "accuracyM": 30,
    "needsReview": "名称未確認、林道からの入口（マイカー進入可否を要確認）、公式情報または2情報源での確認が必要",
    "sources": "OpenStreetMap（© OpenStreetMap contributors, ODbL 1.0）Geofabrik japan-latest.osm.pbf 2026-09-23T20:22:04Z node/1528921494（登山道と道路の接続点）",
    "verifiedAt": ""
   }
  },
  {
   "type": "Feature",
   "geometry": {
    "type": "Point",
    "coordinates": [
     133.9954793,
     33.8730831
    ]
   },
   "properties": {
    "id": "TH-n1530344762",
    "kind": "trailhead",
    "name": "（名称未確認）角領バス停付近",
    "datum": "WGS84",
    "mountainIds": "778 780 787",
    "mountainNames": "三嶺、天狗塚、白髪山",
    "lists": "日本二百名山|日本三百名山|四国百名山",
    "routes": "",
    "entryType": "一般道（県道以上）との接続",
    "trailKmToSummit": "三嶺:6.28km 天狗塚:11.32km 白髪山:10.1km",
    "related": "BS-kP11-22-36-bs1798(231m) BS-kP11-22-36-bs1774(414m) BS-kP11-22-36-bs1808(510m)",
    "attributes": "",
    "status": "provisional",
    "accuracyM": 30,
    "needsReview": "名称未確認、公式情報または2情報源での確認が必要",
    "sources": "OpenStreetMap（© OpenStreetMap contributors, ODbL 1.0）Geofabrik japan-latest.osm.pbf 2026-09-23T20:22:04Z node/1530344762（登山道と道路の接続点）",
    "verifiedAt": ""
   }
  },
  {
   "type": "Feature",
   "geometry": {
    "type": "Point",
    "coordinates": [
     134.078797,
     33.439182
    ]
   },
   "properties": {
    "id": "TH-n1532060259",
    "kind": "trailhead",
    "name": "（名称未確認）",
    "datum": "WGS84",
    "mountainIds": "835",
    "mountainNames": "野根山街道",
    "lists": "四国百名山",
    "routes": "",
    "entryType": "一般道との接続",
    "trailKmToSummit": "野根山街道:7.79km",
    "related": "",
    "attributes": "",
    "status": "candidate",
    "accuracyM": 30,
    "needsReview": "名称未確認、公式情報または2情報源での確認が必要",
    "sources": "OpenStreetMap（© OpenStreetMap contributors, ODbL 1.0）Geofabrik japan-latest.osm.pbf 2026-09-23T20:22:04Z node/1532060259（登山道と道路の接続点）",
    "verifiedAt": ""
   }
  },
  {
   "type": "Feature",
   "geometry": {
    "type": "Point",
    "coordinates": [
     134.109097,
     33.459126
    ]
   },
   "properties": {
    "id": "TH-n1532191023",
    "kind": "trailhead",
    "name": "（名称未確認）",
    "datum": "WGS84",
    "mountainIds": "835",
    "mountainNames": "野根山街道",
    "lists": "四国百名山",
    "routes": "",
    "entryType": "林道との接続",
    "trailKmToSummit": "野根山街道:3.6km",
    "related": "",
    "attributes": "",
    "status": "candidate",
    "accuracyM": 30,
    "needsReview": "名称未確認、林道からの入口（マイカー進入可否を要確認）、公式情報または2情報源での確認が必要",
    "sources": "OpenStreetMap（© OpenStreetMap contributors, ODbL 1.0）Geofabrik japan-latest.osm.pbf 2026-09-23T20:22:04Z node/1532191023（登山道と道路の接続点）",
    "verifiedAt": ""
   }
  },
  {
   "type": "Feature",
   "geometry": {
    "type": "Point",
    "coordinates": [
     134.08642,
     33.455869
    ]
   },
   "properties": {
    "id": "TH-n1532309824",
    "kind": "trailhead",
    "name": "（名称未確認）",
    "datum": "WGS84",
    "mountainIds": "835",
    "mountainNames": "野根山街道",
    "lists": "四国百名山",
    "routes": "",
    "entryType": "一般道との接続",
    "trailKmToSummit": "野根山街道:5.92km",
    "related": "",
    "attributes": "",
    "status": "candidate",
    "accuracyM": 30,
    "needsReview": "名称未確認、公式情報または2情報源での確認が必要",
    "sources": "OpenStreetMap（© OpenStreetMap contributors, ODbL 1.0）Geofabrik japan-latest.osm.pbf 2026-09-23T20:22:04Z node/1532309824（登山道と道路の接続点）",
    "verifiedAt": ""
   }
  },
  {
   "type": "Feature",
   "geometry": {
    "type": "Point",
    "coordinates": [
     133.435645,
     33.699652
    ]
   },
   "properties": {
    "id": "TH-n1533387074",
    "kind": "trailhead",
    "name": "（名称未確認）",
    "datum": "WGS84",
    "mountainIds": "814",
    "mountainNames": "陣ヶ森",
    "lists": "四国百名山",
    "routes": "",
    "entryType": "一般道との接続",
    "trailKmToSummit": "陣ヶ森:1.43km",
    "related": "",
    "attributes": "",
    "status": "candidate",
    "accuracyM": 30,
    "needsReview": "名称未確認、公式情報または2情報源での確認が必要",
    "sources": "OpenStreetMap（© OpenStreetMap contributors, ODbL 1.0）Geofabrik japan-latest.osm.pbf 2026-09-23T20:22:04Z node/1533387074（登山道と道路の接続点）",
    "verifiedAt": ""
   }
  },
  {
   "type": "Feature",
   "geometry": {
    "type": "Point",
    "coordinates": [
     133.4203599,
     33.701335
    ]
   },
   "properties": {
    "id": "TH-n1533387270",
    "kind": "trailhead",
    "name": "（名称未確認）",
    "datum": "WGS84",
    "mountainIds": "814",
    "mountainNames": "陣ヶ森",
    "lists": "四国百名山",
    "routes": "",
    "entryType": "一般道との接続",
    "trailKmToSummit": "陣ヶ森:1.26km",
    "related": "",
    "attributes": "",
    "status": "candidate",
    "accuracyM": 30,
    "needsReview": "名称未確認、公式情報または2情報源での確認が必要",
    "sources": "OpenStreetMap（© OpenStreetMap contributors, ODbL 1.0）Geofabrik japan-latest.osm.pbf 2026-09-23T20:22:04Z node/1533387270（登山道と道路の接続点）",
    "verifiedAt": ""
   }
  },
  {
   "type": "Feature",
   "geometry": {
    "type": "Point",
    "coordinates": [
     133.5121996,
     33.6674363
    ]
   },
   "properties": {
    "id": "TH-n1533490570",
    "kind": "trailhead",
    "name": "（名称未確認）",
    "datum": "WGS84",
    "mountainIds": "817",
    "mountainNames": "工石山",
    "lists": "四国百名山",
    "routes": "",
    "entryType": "一般道との接続",
    "trailKmToSummit": "工石山:0.83km",
    "related": "",
    "attributes": "",
    "status": "candidate",
    "accuracyM": 30,
    "needsReview": "名称未確認、登山道が道路を横断する地点（途中の入口の可能性）、公式情報または2情報源での確認が必要",
    "sources": "OpenStreetMap（© OpenStreetMap contributors, ODbL 1.0）Geofabrik japan-latest.osm.pbf 2026-09-23T20:22:04Z node/1533490570（登山道と道路の接続点）",
    "verifiedAt": ""
   }
  },
  {
   "type": "Feature",
   "geometry": {
    "type": "Point",
    "coordinates": [
     133.434044,
     33.681793
    ]
   },
   "properties": {
    "id": "TH-n1541756537",
    "kind": "trailhead",
    "name": "（名称未確認）",
    "datum": "WGS84",
    "mountainIds": "814",
    "mountainNames": "陣ヶ森",
    "lists": "四国百名山",
    "routes": "",
    "entryType": "一般道との接続",
    "trailKmToSummit": "陣ヶ森:1.3km",
    "related": "",
    "attributes": "",
    "status": "candidate",
    "accuracyM": 30,
    "needsReview": "名称未確認、公式情報または2情報源での確認が必要",
    "sources": "OpenStreetMap（© OpenStreetMap contributors, ODbL 1.0）Geofabrik japan-latest.osm.pbf 2026-09-23T20:22:04Z node/1541756537（登山道と道路の接続点）",
    "verifiedAt": ""
   }
  },
  {
   "type": "Feature",
   "geometry": {
    "type": "Point",
    "coordinates": [
     133.334219,
     33.732418
    ]
   },
   "properties": {
    "id": "TH-n1541869196",
    "kind": "trailhead",
    "name": "（名称未確認）戸中橋バス停付近",
    "datum": "WGS84",
    "mountainIds": "801",
    "mountainNames": "稲叢山",
    "lists": "四国百名山",
    "routes": "",
    "entryType": "一般道との接続",
    "trailKmToSummit": "稲叢山:5.4km",
    "related": "BS-kP11-22-39-bs187(381m)",
    "attributes": "",
    "status": "provisional",
    "accuracyM": 30,
    "needsReview": "名称未確認、公式情報または2情報源での確認が必要",
    "sources": "OpenStreetMap（© OpenStreetMap contributors, ODbL 1.0）Geofabrik japan-latest.osm.pbf 2026-09-23T20:22:04Z node/1541869196（登山道と道路の接続点）",
    "verifiedAt": ""
   }
  },
  {
   "type": "Feature",
   "geometry": {
    "type": "Point",
    "coordinates": [
     133.349235,
     33.735517
    ]
   },
   "properties": {
    "id": "TH-n1541870042",
    "kind": "trailhead",
    "name": "（名称未確認）",
    "datum": "WGS84",
    "mountainIds": "801",
    "mountainNames": "稲叢山",
    "lists": "四国百名山",
    "routes": "",
    "entryType": "一般道との接続",
    "trailKmToSummit": "稲叢山:1.72km",
    "related": "",
    "attributes": "",
    "status": "candidate",
    "accuracyM": 30,
    "needsReview": "名称未確認、公式情報または2情報源での確認が必要",
    "sources": "OpenStreetMap（© OpenStreetMap contributors, ODbL 1.0）Geofabrik japan-latest.osm.pbf 2026-09-23T20:22:04Z node/1541870042（登山道と道路の接続点）",
    "verifiedAt": ""
   }
  },
  {
   "type": "Feature",
   "geometry": {
    "type": "Point",
    "coordinates": [
     133.17796,
     33.746161
    ]
   },
   "properties": {
    "id": "TH-n1541873920",
    "kind": "trailhead",
    "name": "（名称未確認）",
    "datum": "WGS84",
    "mountainIds": "800 805 806",
    "mountainNames": "岩黒山、筒上山、手箱山",
    "lists": "四国百名山",
    "routes": "",
    "entryType": "一般道（県道以上）との接続",
    "trailKmToSummit": "岩黒山:3.86km 筒上山:3.35km 手箱山:4.98km",
    "related": "",
    "attributes": "",
    "status": "candidate",
    "accuracyM": 30,
    "needsReview": "名称未確認、近くの道路にゲートあり（車両通行止め・季節閉鎖の可能性）、公式情報または2情報源での確認が必要",
    "sources": "OpenStreetMap（© OpenStreetMap contributors, ODbL 1.0）Geofabrik japan-latest.osm.pbf 2026-09-23T20:22:04Z node/1541873920（登山道と道路の接続点）",
    "verifiedAt": ""
   }
  },
  {
   "type": "Feature",
   "geometry": {
    "type": "Point",
    "coordinates": [
     133.344901,
     33.750767
    ]
   },
   "properties": {
    "id": "TH-n1541875561",
    "kind": "trailhead",
    "name": "（名称未確認）",
    "datum": "WGS84",
    "mountainIds": "801",
    "mountainNames": "稲叢山",
    "lists": "四国百名山",
    "routes": "",
    "entryType": "一般道との接続",
    "trailKmToSummit": "稲叢山:1.4km",
    "related": "",
    "attributes": "",
    "status": "candidate",
    "accuracyM": 30,
    "needsReview": "名称未確認、公式情報または2情報源での確認が必要",
    "sources": "OpenStreetMap（© OpenStreetMap contributors, ODbL 1.0）Geofabrik japan-latest.osm.pbf 2026-09-23T20:22:04Z node/1541875561（登山道と道路の接続点）",
    "verifiedAt": ""
   }
  },
  {
   "type": "Feature",
   "geometry": {
    "type": "Point",
    "coordinates": [
     133.342165,
     33.752332
    ]
   },
   "properties": {
    "id": "TH-n1541876484",
    "kind": "trailhead",
    "name": "（名称未確認）",
    "datum": "WGS84",
    "mountainIds": "801",
    "mountainNames": "稲叢山",
    "lists": "四国百名山",
    "routes": "",
    "entryType": "一般道との接続",
    "trailKmToSummit": "稲叢山:1.72km",
    "related": "",
    "attributes": "",
    "status": "candidate",
    "accuracyM": 30,
    "needsReview": "名称未確認、公式情報または2情報源での確認が必要",
    "sources": "OpenStreetMap（© OpenStreetMap contributors, ODbL 1.0）Geofabrik japan-latest.osm.pbf 2026-09-23T20:22:04Z node/1541876484（登山道と道路の接続点）",
    "verifiedAt": ""
   }
  },
  {
   "type": "Feature",
   "geometry": {
    "type": "Point",
    "coordinates": [
     133.2304478,
     33.7837563
    ]
   },
   "properties": {
    "id": "TH-n1541885947",
    "kind": "trailhead",
    "name": "（名称未確認）",
    "datum": "WGS84",
    "mountainIds": "793",
    "mountainNames": "伊予富士",
    "lists": "日本三百名山|四国百名山",
    "routes": "",
    "entryType": "一般道との接続",
    "trailKmToSummit": "伊予富士:2.04km",
    "related": "",
    "attributes": "",
    "status": "candidate",
    "accuracyM": 30,
    "needsReview": "名称未確認、近くの道路にゲートあり（車両通行止め・季節閉鎖の可能性）、公式情報または2情報源での確認が必要",
    "sources": "OpenStreetMap（© OpenStreetMap contributors, ODbL 1.0）Geofabrik japan-latest.osm.pbf 2026-09-23T20:22:04Z node/1541885947（登山道と道路の接続点）",
    "verifiedAt": ""
   }
  },
  {
   "type": "Feature",
   "geometry": {
    "type": "Point",
    "coordinates": [
     133.2444867,
     33.7860578
    ]
   },
   "properties": {
    "id": "TH-n1541886305",
    "kind": "trailhead",
    "name": "（名称未確認）",
    "datum": "WGS84",
    "mountainIds": "793",
    "mountainNames": "伊予富士",
    "lists": "日本三百名山|四国百名山",
    "routes": "",
    "entryType": "一般道との接続",
    "trailKmToSummit": "伊予富士:0.39km",
    "related": "",
    "attributes": "",
    "status": "candidate",
    "accuracyM": 30,
    "needsReview": "名称未確認、近くの道路にゲートあり（車両通行止め・季節閉鎖の可能性）、公式情報または2情報源での確認が必要",
    "sources": "OpenStreetMap（© OpenStreetMap contributors, ODbL 1.0）Geofabrik japan-latest.osm.pbf 2026-09-23T20:22:04Z node/1541886305（登山道と道路の接続点）",
    "verifiedAt": ""
   }
  },
  {
   "type": "Feature",
   "geometry": {
    "type": "Point",
    "coordinates": [
     133.2665368,
     33.7995609
    ]
   },
   "properties": {
    "id": "TH-n1541888765",
    "kind": "trailhead",
    "name": "（名称未確認）",
    "datum": "WGS84",
    "mountainIds": "767 779 785 786 793",
    "mountainNames": "西赤石山、笹ヶ峰、平家平、寒風山、伊予富士",
    "lists": "四国百名山|日本二百名山|日本三百名山",
    "routes": "",
    "entryType": "一般道との接続",
    "trailKmToSummit": "西赤石山:15.42km 笹ヶ峰:5.03km 平家平:11.01km 寒風山:2.44km 伊予富士:3.19km",
    "related": "PK-w294488902(38m) PK-w294488901(74m)",
    "attributes": "",
    "status": "provisional",
    "accuracyM": 30,
    "needsReview": "名称未確認、近くの道路にゲートあり（車両通行止め・季節閉鎖の可能性）、公式情報または2情報源での確認が必要",
    "sources": "OpenStreetMap（© OpenStreetMap contributors, ODbL 1.0）Geofabrik japan-latest.osm.pbf 2026-09-23T20:22:04Z node/1541888765（登山道と道路の接続点）",
    "verifiedAt": ""
   }
  },
  {
   "type": "Feature",
   "geometry": {
    "type": "Point",
    "coordinates": [
     133.292263,
     33.451229
    ]
   },
   "properties": {
    "id": "TH-n1543473685",
    "kind": "trailhead",
    "name": "（名称未確認）舟床バス停付近",
    "datum": "WGS84",
    "mountainIds": "838",
    "mountainNames": "虚空蔵山",
    "lists": "四国百名山",
    "routes": "",
    "entryType": "一般道との接続",
    "trailKmToSummit": "虚空蔵山:1.5km",
    "related": "BS-kP11-22-39-bs1936(354m)",
    "attributes": "",
    "status": "provisional",
    "accuracyM": 30,
    "needsReview": "名称未確認、公式情報または2情報源での確認が必要",
    "sources": "OpenStreetMap（© OpenStreetMap contributors, ODbL 1.0）Geofabrik japan-latest.osm.pbf 2026-09-23T20:22:04Z node/1543473685（登山道と道路の接続点）",
    "verifiedAt": ""
   }
  },
  {
   "type": "Feature",
   "geometry": {
    "type": "Point",
    "coordinates": [
     133.2559483,
     33.4521343
    ]
   },
   "properties": {
    "id": "TH-n1543473870",
    "kind": "trailhead",
    "name": "（名称未確認）",
    "datum": "WGS84",
    "mountainIds": "839",
    "mountainNames": "蟠蛇森",
    "lists": "四国百名山",
    "routes": "",
    "entryType": "一般道との接続",
    "trailKmToSummit": "蟠蛇森:1.29km",
    "related": "",
    "attributes": "",
    "status": "candidate",
    "accuracyM": 30,
    "needsReview": "名称未確認、公式情報または2情報源での確認が必要",
    "sources": "OpenStreetMap（© OpenStreetMap contributors, ODbL 1.0）Geofabrik japan-latest.osm.pbf 2026-09-23T20:22:04Z node/1543473870（登山道と道路の接続点）",
    "verifiedAt": ""
   }
  },
  {
   "type": "Feature",
   "geometry": {
    "type": "Point",
    "coordinates": [
     133.311584,
     33.461688
    ]
   },
   "properties": {
    "id": "TH-n1543475304",
    "kind": "trailhead",
    "name": "（名称未確認）",
    "datum": "WGS84",
    "mountainIds": "838",
    "mountainNames": "虚空蔵山",
    "lists": "四国百名山",
    "routes": "",
    "entryType": "一般道との接続",
    "trailKmToSummit": "虚空蔵山:0.64km",
    "related": "",
    "attributes": "",
    "status": "candidate",
    "accuracyM": 30,
    "needsReview": "名称未確認、公式情報または2情報源での確認が必要",
    "sources": "OpenStreetMap（© OpenStreetMap contributors, ODbL 1.0）Geofabrik japan-latest.osm.pbf 2026-09-23T20:22:04Z node/1543475304（登山道と道路の接続点）",
    "verifiedAt": ""
   }
  },
  {
   "type": "Feature",
   "geometry": {
    "type": "Point",
    "coordinates": [
     133.307384,
     33.464449
    ]
   },
   "properties": {
    "id": "TH-n1543475993",
    "kind": "trailhead",
    "name": "（名称未確認）",
    "datum": "WGS84",
    "mountainIds": "838",
    "mountainNames": "虚空蔵山",
    "lists": "四国百名山",
    "routes": "",
    "entryType": "一般道との接続",
    "trailKmToSummit": "虚空蔵山:0.62km",
    "related": "",
    "attributes": "",
    "status": "candidate",
    "accuracyM": 30,
    "needsReview": "名称未確認、公式情報または2情報源での確認が必要",
    "sources": "OpenStreetMap（© OpenStreetMap contributors, ODbL 1.0）Geofabrik japan-latest.osm.pbf 2026-09-23T20:22:04Z node/1543475993（登山道と道路の接続点）",
    "verifiedAt": ""
   }
  },
  {
   "type": "Feature",
   "geometry": {
    "type": "Point",
    "coordinates": [
     133.030284,
     33.493669
    ]
   },
   "properties": {
    "id": "TH-n1543668479",
    "kind": "trailhead",
    "name": "（名称未確認）",
    "datum": "WGS84",
    "mountainIds": "830",
    "mountainNames": "天狗高原",
    "lists": "四国百名山",
    "routes": "",
    "entryType": "一般道との接続",
    "trailKmToSummit": "天狗高原:3.65km",
    "related": "",
    "attributes": "",
    "status": "candidate",
    "accuracyM": 30,
    "needsReview": "名称未確認、公式情報または2情報源での確認が必要",
    "sources": "OpenStreetMap（© OpenStreetMap contributors, ODbL 1.0）Geofabrik japan-latest.osm.pbf 2026-09-23T20:22:04Z node/1543668479（登山道と道路の接続点）",
    "verifiedAt": ""
   }
  },
  {
   "type": "Feature",
   "geometry": {
    "type": "Point",
    "coordinates": [
     133.166717,
     33.572491
    ]
   },
   "properties": {
    "id": "TH-n1543750186",
    "kind": "trailhead",
    "name": "（名称未確認）土佐大崎バス停付近",
    "datum": "WGS84",
    "mountainIds": "825",
    "mountainNames": "横倉山",
    "lists": "四国百名山",
    "routes": "",
    "entryType": "一般道との接続",
    "trailKmToSummit": "横倉山:8.61km",
    "related": "PK-w822871514(182m) BS-kP11-22-39-bs774(258m) BS-kP11-22-39-bs764(299m) BS-kP11-22-39-bs772(487m)",
    "attributes": "",
    "status": "provisional",
    "accuracyM": 30,
    "needsReview": "名称未確認、公式情報または2情報源での確認が必要",
    "sources": "OpenStreetMap（© OpenStreetMap contributors, ODbL 1.0）Geofabrik japan-latest.osm.pbf 2026-09-23T20:22:04Z node/1543750186（登山道と道路の接続点）",
    "verifiedAt": ""
   }
  },
  {
   "type": "Feature",
   "geometry": {
    "type": "Point",
    "coordinates": [
     133.191895,
     33.646668
    ]
   },
   "properties": {
    "id": "TH-n1543795621",
    "kind": "trailhead",
    "name": "（名称未確認）",
    "datum": "WGS84",
    "mountainIds": "818",
    "mountainNames": "雨ヶ森",
    "lists": "四国百名山",
    "routes": "",
    "entryType": "一般道との接続",
    "trailKmToSummit": "雨ヶ森:3.04km",
    "related": "",
    "attributes": "",
    "status": "candidate",
    "accuracyM": 30,
    "needsReview": "名称未確認、登山道が道路を横断する地点（途中の入口の可能性）、公式情報または2情報源での確認が必要",
    "sources": "OpenStreetMap（© OpenStreetMap contributors, ODbL 1.0）Geofabrik japan-latest.osm.pbf 2026-09-23T20:22:04Z node/1543795621（登山道と道路の接続点）",
    "verifiedAt": ""
   }
  },
  {
   "type": "Feature",
   "geometry": {
    "type": "Point",
    "coordinates": [
     133.1785219,
     33.674694
    ]
   },
   "properties": {
    "id": "TH-n1543801399",
    "kind": "trailhead",
    "name": "（名称未確認）",
    "datum": "WGS84",
    "mountainIds": "818",
    "mountainNames": "雨ヶ森",
    "lists": "四国百名山",
    "routes": "",
    "entryType": "一般道との接続",
    "trailKmToSummit": "雨ヶ森:2.21km",
    "related": "",
    "attributes": "",
    "status": "candidate",
    "accuracyM": 30,
    "needsReview": "名称未確認、公式情報または2情報源での確認が必要",
    "sources": "OpenStreetMap（© OpenStreetMap contributors, ODbL 1.0）Geofabrik japan-latest.osm.pbf 2026-09-23T20:22:04Z node/1543801399（登山道と道路の接続点）",
    "verifiedAt": ""
   }
  },
  {
   "type": "Feature",
   "geometry": {
    "type": "Point",
    "coordinates": [
     133.145749,
     33.675705
    ]
   },
   "properties": {
    "id": "TH-n1543801652",
    "kind": "trailhead",
    "name": "（名称未確認）",
    "datum": "WGS84",
    "mountainIds": "818",
    "mountainNames": "雨ヶ森",
    "lists": "四国百名山",
    "routes": "",
    "entryType": "一般道との接続",
    "trailKmToSummit": "雨ヶ森:7.07km",
    "related": "",
    "attributes": "",
    "status": "candidate",
    "accuracyM": 30,
    "needsReview": "名称未確認、公式情報または2情報源での確認が必要",
    "sources": "OpenStreetMap（© OpenStreetMap contributors, ODbL 1.0）Geofabrik japan-latest.osm.pbf 2026-09-23T20:22:04Z node/1543801652（登山道と道路の接続点）",
    "verifiedAt": ""
   }
  },
  {
   "type": "Feature",
   "geometry": {
    "type": "Point",
    "coordinates": [
     133.1804511,
     33.6776511
    ]
   },
   "properties": {
    "id": "TH-n1543801962",
    "kind": "trailhead",
    "name": "（名称未確認）",
    "datum": "WGS84",
    "mountainIds": "818",
    "mountainNames": "雨ヶ森",
    "lists": "四国百名山",
    "routes": "",
    "entryType": "一般道との接続",
    "trailKmToSummit": "雨ヶ森:3.42km",
    "related": "PK-n13707333501(430m)",
    "attributes": "",
    "status": "provisional",
    "accuracyM": 30,
    "needsReview": "名称未確認、公式情報または2情報源での確認が必要",
    "sources": "OpenStreetMap（© OpenStreetMap contributors, ODbL 1.0）Geofabrik japan-latest.osm.pbf 2026-09-23T20:22:04Z node/1543801962（登山道と道路の接続点）",
    "verifiedAt": ""
   }
  },
  {
   "type": "Feature",
   "geometry": {
    "type": "Point",
    "coordinates": [
     133.1566172,
     33.7164094
    ]
   },
   "properties": {
    "id": "TH-n1543805597",
    "kind": "trailhead",
    "name": "（名称未確認）",
    "datum": "WGS84",
    "mountainIds": "800 805 806",
    "mountainNames": "岩黒山、筒上山、手箱山",
    "lists": "四国百名山",
    "routes": "",
    "entryType": "道路の終点付近",
    "trailKmToSummit": "岩黒山:4.9km 筒上山:2.36km 手箱山:3.71km",
    "related": "",
    "attributes": "",
    "status": "candidate",
    "accuracyM": 30,
    "needsReview": "名称未確認、林道からの入口（マイカー進入可否を要確認）、公式情報または2情報源での確認が必要",
    "sources": "OpenStreetMap（© OpenStreetMap contributors, ODbL 1.0）Geofabrik japan-latest.osm.pbf 2026-09-23T20:22:04Z node/1543805597（登山道と道路の接続点）",
    "verifiedAt": ""
   }
  },
  {
   "type": "Feature",
   "geometry": {
    "type": "Point",
    "coordinates": [
     132.9952713,
     33.4484336
    ]
   },
   "properties": {
    "id": "TH-n1545260782",
    "kind": "trailhead",
    "name": "（名称未確認）",
    "datum": "WGS84",
    "mountainIds": "833",
    "mountainNames": "五段高原",
    "lists": "四国百名山",
    "routes": "",
    "entryType": "一般道（県道以上）との接続",
    "trailKmToSummit": "五段高原:3.29km",
    "related": "",
    "attributes": "",
    "status": "candidate",
    "accuracyM": 30,
    "needsReview": "名称未確認、公式情報または2情報源での確認が必要",
    "sources": "OpenStreetMap（© OpenStreetMap contributors, ODbL 1.0）Geofabrik japan-latest.osm.pbf 2026-09-23T20:22:04Z node/1545260782（登山道と道路の接続点）",
    "verifiedAt": ""
   }
  },
  {
   "type": "Feature",
   "geometry": {
    "type": "Point",
    "coordinates": [
     132.853147,
     33.468011
    ]
   },
   "properties": {
    "id": "TH-n1545273598",
    "kind": "trailhead",
    "name": "（名称未確認）",
    "datum": "WGS84",
    "mountainIds": "834",
    "mountainNames": "大野ヶ原",
    "lists": "四国百名山",
    "routes": "",
    "entryType": "一般道との接続",
    "trailKmToSummit": "大野ヶ原:1.31km",
    "related": "",
    "attributes": "",
    "status": "candidate",
    "accuracyM": 30,
    "needsReview": "名称未確認、公式情報または2情報源での確認が必要",
    "sources": "OpenStreetMap（© OpenStreetMap contributors, ODbL 1.0）Geofabrik japan-latest.osm.pbf 2026-09-23T20:22:04Z node/1545273598（登山道と道路の接続点）",
    "verifiedAt": ""
   }
  },
  {
   "type": "Feature",
   "geometry": {
    "type": "Point",
    "coordinates": [
     132.9893249,
     33.4731806
    ]
   },
   "properties": {
    "id": "TH-n1545275610",
    "kind": "trailhead",
    "name": "（名称未確認）",
    "datum": "WGS84",
    "mountainIds": "833",
    "mountainNames": "五段高原",
    "lists": "四国百名山",
    "routes": "",
    "entryType": "一般道（県道以上）との接続",
    "trailKmToSummit": "五段高原:0.25km",
    "related": "",
    "attributes": "",
    "status": "candidate",
    "accuracyM": 30,
    "needsReview": "名称未確認、公式情報または2情報源での確認が必要",
    "sources": "OpenStreetMap（© OpenStreetMap contributors, ODbL 1.0）Geofabrik japan-latest.osm.pbf 2026-09-23T20:22:04Z node/1545275610（登山道と道路の接続点）",
    "verifiedAt": ""
   }
  },
  {
   "type": "Feature",
   "geometry": {
    "type": "Point",
    "coordinates": [
     132.8382699,
     33.4740917
    ]
   },
   "properties": {
    "id": "TH-n1545275775",
    "kind": "trailhead",
    "name": "韮ヶ峠",
    "datum": "WGS84",
    "mountainIds": "834",
    "mountainNames": "大野ヶ原",
    "lists": "四国百名山",
    "routes": "",
    "entryType": "峠（道路との接続）",
    "trailKmToSummit": "大野ヶ原:2.98km",
    "related": "",
    "attributes": "",
    "status": "adopted",
    "accuracyM": 30,
    "needsReview": "登山道が道路を横断する地点（途中の入口の可能性）",
    "sources": "OpenStreetMap（© OpenStreetMap contributors, ODbL 1.0）Geofabrik japan-latest.osm.pbf 2026-09-23T20:22:04Z node/1545275775（登山道と道路の接続点） ｜ 国土地理院 地名検索「韮ヶ峠」（33.474552, 132.838247、JGD2011、51m差）2026-09-20確認",
    "verifiedAt": "2026-09-20"
   }
  },
  {
   "type": "Feature",
   "geometry": {
    "type": "Point",
    "coordinates": [
     133.2376242,
     33.4407266
    ]
   },
   "properties": {
    "id": "TH-n1546570385",
    "kind": "trailhead",
    "name": "（名称未確認）勝登呂越付近",
    "datum": "WGS84",
    "mountainIds": "839",
    "mountainNames": "蟠蛇森",
    "lists": "四国百名山",
    "routes": "",
    "entryType": "峠（道路との接続）",
    "trailKmToSummit": "蟠蛇森:2.1km",
    "related": "",
    "attributes": "",
    "status": "candidate",
    "accuracyM": 30,
    "needsReview": "名称未確認、公式情報または2情報源での確認が必要",
    "sources": "OpenStreetMap（© OpenStreetMap contributors, ODbL 1.0）Geofabrik japan-latest.osm.pbf 2026-09-23T20:22:04Z node/1546570385（登山道と道路の接続点）",
    "verifiedAt": ""
   }
  },
  {
   "type": "Feature",
   "geometry": {
    "type": "Point",
    "coordinates": [
     133.074233,
     33.433877
    ]
   },
   "properties": {
    "id": "TH-n1546634928",
    "kind": "trailhead",
    "name": "（名称未確認）",
    "datum": "WGS84",
    "mountainIds": "840",
    "mountainNames": "不入山",
    "lists": "四国百名山",
    "routes": "",
    "entryType": "一般道との接続",
    "trailKmToSummit": "不入山:1.37km",
    "related": "",
    "attributes": "",
    "status": "candidate",
    "accuracyM": 30,
    "needsReview": "名称未確認、公式情報または2情報源での確認が必要",
    "sources": "OpenStreetMap（© OpenStreetMap contributors, ODbL 1.0）Geofabrik japan-latest.osm.pbf 2026-09-23T20:22:04Z node/1546634928（登山道と道路の接続点）",
    "verifiedAt": ""
   }
  },
  {
   "type": "Feature",
   "geometry": {
    "type": "Point",
    "coordinates": [
     133.025125,
     33.476959
    ]
   },
   "properties": {
    "id": "TH-n1546642091",
    "kind": "trailhead",
    "name": "（名称未確認）",
    "datum": "WGS84",
    "mountainIds": "830",
    "mountainNames": "天狗高原",
    "lists": "四国百名山",
    "routes": "",
    "entryType": "一般道との接続",
    "trailKmToSummit": "天狗高原:1.15km",
    "related": "",
    "attributes": "",
    "status": "candidate",
    "accuracyM": 30,
    "needsReview": "名称未確認、公式情報または2情報源での確認が必要",
    "sources": "OpenStreetMap（© OpenStreetMap contributors, ODbL 1.0）Geofabrik japan-latest.osm.pbf 2026-09-23T20:22:04Z node/1546642091（登山道と道路の接続点）",
    "verifiedAt": ""
   }
  },
  {
   "type": "Feature",
   "geometry": {
    "type": "Point",
    "coordinates": [
     133.313553,
     33.4574039
    ]
   },
   "properties": {
    "id": "TH-n1549557731",
    "kind": "trailhead",
    "name": "（名称未確認）",
    "datum": "WGS84",
    "mountainIds": "838",
    "mountainNames": "虚空蔵山",
    "lists": "四国百名山",
    "routes": "",
    "entryType": "一般道との接続",
    "trailKmToSummit": "虚空蔵山:0.77km",
    "related": "",
    "attributes": "",
    "status": "candidate",
    "accuracyM": 30,
    "needsReview": "名称未確認、公式情報または2情報源での確認が必要",
    "sources": "OpenStreetMap（© OpenStreetMap contributors, ODbL 1.0）Geofabrik japan-latest.osm.pbf 2026-09-23T20:22:04Z node/1549557731（登山道と道路の接続点）",
    "verifiedAt": ""
   }
  },
  {
   "type": "Feature",
   "geometry": {
    "type": "Point",
    "coordinates": [
     133.58745,
     33.854452
    ]
   },
   "properties": {
    "id": "TH-n1549778451",
    "kind": "trailhead",
    "name": "（名称未確認）",
    "datum": "WGS84",
    "mountainIds": "774",
    "mountainNames": "奥工石山",
    "lists": "四国百名山",
    "routes": "",
    "entryType": "道路の終点付近",
    "trailKmToSummit": "奥工石山:1.24km",
    "related": "",
    "attributes": "",
    "status": "candidate",
    "accuracyM": 30,
    "needsReview": "名称未確認、林道からの入口（マイカー進入可否を要確認）、公式情報または2情報源での確認が必要",
    "sources": "OpenStreetMap（© OpenStreetMap contributors, ODbL 1.0）Geofabrik japan-latest.osm.pbf 2026-09-23T20:22:04Z node/1549778451（登山道と道路の接続点）",
    "verifiedAt": ""
   }
  },
  {
   "type": "Feature",
   "geometry": {
    "type": "Point",
    "coordinates": [
     133.593738,
     33.8668539
    ]
   },
   "properties": {
    "id": "TH-n1549782066",
    "kind": "trailhead",
    "name": "（名称未確認）",
    "datum": "WGS84",
    "mountainIds": "766",
    "mountainNames": "佐々連尾山",
    "lists": "四国百名山",
    "routes": "",
    "entryType": "道路の終点付近",
    "trailKmToSummit": "佐々連尾山:5.0km",
    "related": "",
    "attributes": "",
    "status": "candidate",
    "accuracyM": 30,
    "needsReview": "名称未確認、林道からの入口（マイカー進入可否を要確認）、公式情報または2情報源での確認が必要",
    "sources": "OpenStreetMap（© OpenStreetMap contributors, ODbL 1.0）Geofabrik japan-latest.osm.pbf 2026-09-23T20:22:04Z node/1549782066（登山道と道路の接続点）",
    "verifiedAt": ""
   }
  },
  {
   "type": "Feature",
   "geometry": {
    "type": "Point",
    "coordinates": [
     133.758443,
     33.7729799
    ]
   },
   "properties": {
    "id": "TH-n1549828302",
    "kind": "trailhead",
    "name": "（名称未確認）",
    "datum": "WGS84",
    "mountainIds": "797",
    "mountainNames": "梶ヶ森",
    "lists": "四国百名山",
    "routes": "",
    "entryType": "一般道との接続",
    "trailKmToSummit": "梶ヶ森:2.63km",
    "related": "PK-w1456418316(481m) PK-w1456418314(499m)",
    "attributes": "",
    "status": "provisional",
    "accuracyM": 30,
    "needsReview": "名称未確認、公式情報または2情報源での確認が必要",
    "sources": "OpenStreetMap（© OpenStreetMap contributors, ODbL 1.0）Geofabrik japan-latest.osm.pbf 2026-09-23T20:22:04Z node/1549828302（登山道と道路の接続点）",
    "verifiedAt": ""
   }
  },
  {
   "type": "Feature",
   "geometry": {
    "type": "Point",
    "coordinates": [
     133.830745,
     33.772936
    ]
   },
   "properties": {
    "id": "TH-n1549843729",
    "kind": "trailhead",
    "name": "（名称未確認）",
    "datum": "WGS84",
    "mountainIds": "796",
    "mountainNames": "奥神賀山",
    "lists": "四国百名山",
    "routes": "",
    "entryType": "林道との接続",
    "trailKmToSummit": "奥神賀山:0.87km",
    "related": "",
    "attributes": "",
    "status": "candidate",
    "accuracyM": 30,
    "needsReview": "名称未確認、林道からの入口（マイカー進入可否を要確認）、公式情報または2情報源での確認が必要",
    "sources": "OpenStreetMap（© OpenStreetMap contributors, ODbL 1.0）Geofabrik japan-latest.osm.pbf 2026-09-23T20:22:04Z node/1549843729（登山道と道路の接続点）",
    "verifiedAt": ""
   }
  },
  {
   "type": "Feature",
   "geometry": {
    "type": "Point",
    "coordinates": [
     133.761653,
     33.773577
    ]
   },
   "properties": {
    "id": "TH-n1549843846",
    "kind": "trailhead",
    "name": "（名称未確認）",
    "datum": "WGS84",
    "mountainIds": "797",
    "mountainNames": "梶ヶ森",
    "lists": "四国百名山",
    "routes": "",
    "entryType": "一般道との接続",
    "trailKmToSummit": "梶ヶ森:2.64km",
    "related": "PK-w1456418316(378m) PK-w1456418314(442m)",
    "attributes": "",
    "status": "provisional",
    "accuracyM": 30,
    "needsReview": "名称未確認、登山道が道路を横断する地点（途中の入口の可能性）、公式情報または2情報源での確認が必要",
    "sources": "OpenStreetMap（© OpenStreetMap contributors, ODbL 1.0）Geofabrik japan-latest.osm.pbf 2026-09-23T20:22:04Z node/1549843846（登山道と道路の接続点）",
    "verifiedAt": ""
   }
  },
  {
   "type": "Feature",
   "geometry": {
    "type": "Point",
    "coordinates": [
     133.832879,
     33.777264
    ]
   },
   "properties": {
    "id": "TH-n1549844754",
    "kind": "trailhead",
    "name": "（名称未確認）",
    "datum": "WGS84",
    "mountainIds": "796",
    "mountainNames": "奥神賀山",
    "lists": "四国百名山",
    "routes": "",
    "entryType": "林道との接続",
    "trailKmToSummit": "奥神賀山:0.82km",
    "related": "",
    "attributes": "",
    "status": "candidate",
    "accuracyM": 30,
    "needsReview": "名称未確認、林道からの入口（マイカー進入可否を要確認）、公式情報または2情報源での確認が必要",
    "sources": "OpenStreetMap（© OpenStreetMap contributors, ODbL 1.0）Geofabrik japan-latest.osm.pbf 2026-09-23T20:22:04Z node/1549844754（登山道と道路の接続点）",
    "verifiedAt": ""
   }
  },
  {
   "type": "Feature",
   "geometry": {
    "type": "Point",
    "coordinates": [
     133.840588,
     33.690076
    ]
   },
   "properties": {
    "id": "TH-n1553314428",
    "kind": "trailhead",
    "name": "（名称未確認）大谷口バス停付近",
    "datum": "WGS84",
    "mountainIds": "811",
    "mountainNames": "御在所山",
    "lists": "四国百名山",
    "routes": "",
    "entryType": "一般道との接続",
    "trailKmToSummit": "御在所山:3.03km",
    "related": "BS-kP11-22-39-bs298(264m) BS-kP11-22-39-bs294(548m) BS-kP11-22-39-bs309(755m)",
    "attributes": "",
    "status": "provisional",
    "accuracyM": 30,
    "needsReview": "名称未確認、公式情報または2情報源での確認が必要",
    "sources": "OpenStreetMap（© OpenStreetMap contributors, ODbL 1.0）Geofabrik japan-latest.osm.pbf 2026-09-23T20:22:04Z node/1553314428（登山道と道路の接続点）",
    "verifiedAt": ""
   }
  },
  {
   "type": "Feature",
   "geometry": {
    "type": "Point",
    "coordinates": [
     133.813167,
     33.691455
    ]
   },
   "properties": {
    "id": "TH-n1553315015",
    "kind": "trailhead",
    "name": "（名称未確認）",
    "datum": "WGS84",
    "mountainIds": "811",
    "mountainNames": "御在所山",
    "lists": "四国百名山",
    "routes": "",
    "entryType": "一般道との接続",
    "trailKmToSummit": "御在所山:2.06km",
    "related": "",
    "attributes": "",
    "status": "candidate",
    "accuracyM": 30,
    "needsReview": "名称未確認、公式情報または2情報源での確認が必要",
    "sources": "OpenStreetMap（© OpenStreetMap contributors, ODbL 1.0）Geofabrik japan-latest.osm.pbf 2026-09-23T20:22:04Z node/1553315015（登山道と道路の接続点）",
    "verifiedAt": ""
   }
  },
  {
   "type": "Feature",
   "geometry": {
    "type": "Point",
    "coordinates": [
     133.855108,
     33.760981
    ]
   },
   "properties": {
    "id": "TH-n1553367547",
    "kind": "trailhead",
    "name": "（名称未確認）",
    "datum": "WGS84",
    "mountainIds": "796",
    "mountainNames": "奥神賀山",
    "lists": "四国百名山",
    "routes": "",
    "entryType": "道路の終点付近",
    "trailKmToSummit": "奥神賀山:2.08km",
    "related": "",
    "attributes": "",
    "status": "candidate",
    "accuracyM": 30,
    "needsReview": "名称未確認、林道からの入口（マイカー進入可否を要確認）、公式情報または2情報源での確認が必要",
    "sources": "OpenStreetMap（© OpenStreetMap contributors, ODbL 1.0）Geofabrik japan-latest.osm.pbf 2026-09-23T20:22:04Z node/1553367547（登山道と道路の接続点）",
    "verifiedAt": ""
   }
  },
  {
   "type": "Feature",
   "geometry": {
    "type": "Point",
    "coordinates": [
     133.8467499,
     33.7653728
    ]
   },
   "properties": {
    "id": "TH-n1553368363",
    "kind": "trailhead",
    "name": "（名称未確認）",
    "datum": "WGS84",
    "mountainIds": "796",
    "mountainNames": "奥神賀山",
    "lists": "四国百名山",
    "routes": "",
    "entryType": "林道との接続",
    "trailKmToSummit": "奥神賀山:1.1km",
    "related": "",
    "attributes": "",
    "status": "candidate",
    "accuracyM": 30,
    "needsReview": "名称未確認、林道からの入口（マイカー進入可否を要確認）、公式情報または2情報源での確認が必要",
    "sources": "OpenStreetMap（© OpenStreetMap contributors, ODbL 1.0）Geofabrik japan-latest.osm.pbf 2026-09-23T20:22:04Z node/1553368363（登山道と道路の接続点）",
    "verifiedAt": ""
   }
  },
  {
   "type": "Feature",
   "geometry": {
    "type": "Point",
    "coordinates": [
     133.93831,
     33.7659189
    ]
   },
   "properties": {
    "id": "TH-n1553368503",
    "kind": "trailhead",
    "name": "（名称未確認）安野尾口バス停付近",
    "datum": "WGS84",
    "mountainIds": "789",
    "mountainNames": "綱附森",
    "lists": "四国百名山",
    "routes": "",
    "entryType": "一般道（県道以上）との接続",
    "trailKmToSummit": "綱附森:4.52km",
    "related": "BS-kP11-22-39-bs85(74m) BS-kP11-22-39-bs90(277m) BS-kP11-22-39-bs97(736m)",
    "attributes": "",
    "status": "provisional",
    "accuracyM": 30,
    "needsReview": "名称未確認、公式情報または2情報源での確認が必要",
    "sources": "OpenStreetMap（© OpenStreetMap contributors, ODbL 1.0）Geofabrik japan-latest.osm.pbf 2026-09-23T20:22:04Z node/1553368503（登山道と道路の接続点）",
    "verifiedAt": ""
   }
  },
  {
   "type": "Feature",
   "geometry": {
    "type": "Point",
    "coordinates": [
     134.0481296,
     33.7662326
    ]
   },
   "properties": {
    "id": "TH-n1553368589",
    "kind": "trailhead",
    "name": "（名称未確認）",
    "datum": "WGS84",
    "mountainIds": "794",
    "mountainNames": "石立山",
    "lists": "四国百名山",
    "routes": "",
    "entryType": "一般道（県道以上）との接続",
    "trailKmToSummit": "石立山:5.53km",
    "related": "",
    "attributes": "",
    "status": "candidate",
    "accuracyM": 30,
    "needsReview": "名称未確認、公式情報または2情報源での確認が必要",
    "sources": "OpenStreetMap（© OpenStreetMap contributors, ODbL 1.0）Geofabrik japan-latest.osm.pbf 2026-09-23T20:22:04Z node/1553368589（登山道と道路の接続点）",
    "verifiedAt": ""
   }
  },
  {
   "type": "Feature",
   "geometry": {
    "type": "Point",
    "coordinates": [
     133.946364,
     33.766629
    ]
   },
   "properties": {
    "id": "TH-n1553368679",
    "kind": "trailhead",
    "name": "（名称未確認）沼井バス停付近",
    "datum": "WGS84",
    "mountainIds": "789",
    "mountainNames": "綱附森",
    "lists": "四国百名山",
    "routes": "",
    "entryType": "一般道（県道以上）との接続",
    "trailKmToSummit": "綱附森:4.31km",
    "related": "BS-kP11-22-39-bs82(199m) BS-kP11-22-39-bs73(745m) BS-kP11-22-39-bs85(823m)",
    "attributes": "",
    "status": "provisional",
    "accuracyM": 30,
    "needsReview": "名称未確認、公式情報または2情報源での確認が必要",
    "sources": "OpenStreetMap（© OpenStreetMap contributors, ODbL 1.0）Geofabrik japan-latest.osm.pbf 2026-09-23T20:22:04Z node/1553368679（登山道と道路の接続点）",
    "verifiedAt": ""
   }
  },
  {
   "type": "Feature",
   "geometry": {
    "type": "Point",
    "coordinates": [
     133.954405,
     33.771189
    ]
   },
   "properties": {
    "id": "TH-n1553369681",
    "kind": "trailhead",
    "name": "（名称未確認）中内バス停付近",
    "datum": "WGS84",
    "mountainIds": "778 780 789",
    "mountainNames": "三嶺、天狗塚、綱附森",
    "lists": "日本二百名山|日本三百名山|四国百名山",
    "routes": "",
    "entryType": "一般道との接続",
    "trailKmToSummit": "三嶺:10.72km 天狗塚:10.85km 綱附森:4.3km",
    "related": "BS-kP11-22-39-bs73(154m) BS-kP11-22-39-bs82(702m) BS-kP11-22-39-bs57(732m)",
    "attributes": "",
    "status": "provisional",
    "accuracyM": 30,
    "needsReview": "名称未確認、公式情報または2情報源での確認が必要",
    "sources": "OpenStreetMap（© OpenStreetMap contributors, ODbL 1.0）Geofabrik japan-latest.osm.pbf 2026-09-23T20:22:04Z node/1553369681（登山道と道路の接続点）",
    "verifiedAt": ""
   }
  },
  {
   "type": "Feature",
   "geometry": {
    "type": "Point",
    "coordinates": [
     134.030239,
     33.773345
    ]
   },
   "properties": {
    "id": "TH-n1553370259",
    "kind": "trailhead",
    "name": "（名称未確認）",
    "datum": "WGS84",
    "mountainIds": "794",
    "mountainNames": "石立山",
    "lists": "四国百名山",
    "routes": "OSM登山道「石立山登山道(別府峡ルート)」、OSM登山道「石立山登山道(別府峡南ルート)」",
    "entryType": "一般道との接続",
    "trailKmToSummit": "石立山:3.88km",
    "related": "PK-w749673254(249m)",
    "attributes": "",
    "status": "provisional",
    "accuracyM": 30,
    "needsReview": "名称未確認、公式情報または2情報源での確認が必要",
    "sources": "OpenStreetMap（© OpenStreetMap contributors, ODbL 1.0）Geofabrik japan-latest.osm.pbf 2026-09-23T20:22:04Z node/1553370259（登山道と道路の接続点）",
    "verifiedAt": ""
   }
  },
  {
   "type": "Feature",
   "geometry": {
    "type": "Point",
    "coordinates": [
     133.958537,
     33.7763289
    ]
   },
   "properties": {
    "id": "TH-n1553370850",
    "kind": "trailhead",
    "name": "（名称未確認）和久保バス停付近",
    "datum": "WGS84",
    "mountainIds": "778 780 787 789",
    "mountainNames": "三嶺、天狗塚、白髪山、綱附森",
    "lists": "日本二百名山|日本三百名山|四国百名山",
    "routes": "",
    "entryType": "一般道（県道以上）との接続",
    "trailKmToSummit": "三嶺:10.7km 天狗塚:10.84km 白髪山:12.49km 綱附森:4.29km",
    "related": "BS-kP11-22-39-bs57(47m) BS-kP11-22-39-bs56(291m) BS-kP11-22-39-bs73(828m)",
    "attributes": "",
    "status": "provisional",
    "accuracyM": 30,
    "needsReview": "名称未確認、公式情報または2情報源での確認が必要",
    "sources": "OpenStreetMap（© OpenStreetMap contributors, ODbL 1.0）Geofabrik japan-latest.osm.pbf 2026-09-23T20:22:04Z node/1553370850（登山道と道路の接続点）",
    "verifiedAt": ""
   }
  },
  {
   "type": "Feature",
   "geometry": {
    "type": "Point",
    "coordinates": [
     133.96382,
     33.778367
    ]
   },
   "properties": {
    "id": "TH-n1553371346",
    "kind": "trailhead",
    "name": "（名称未確認）影バス停付近",
    "datum": "WGS84",
    "mountainIds": "778 780 787 789",
    "mountainNames": "三嶺、天狗塚、白髪山、綱附森",
    "lists": "日本二百名山|日本三百名山|四国百名山",
    "routes": "",
    "entryType": "一般道（県道以上）との接続",
    "trailKmToSummit": "三嶺:9.33km 天狗塚:9.47km 白髪山:11.11km 綱附森:5.38km",
    "related": "BS-kP11-22-39-bs56(256m) BS-kP11-22-39-bs57(503m)",
    "attributes": "",
    "status": "provisional",
    "accuracyM": 30,
    "needsReview": "名称未確認、公式情報または2情報源での確認が必要",
    "sources": "OpenStreetMap（© OpenStreetMap contributors, ODbL 1.0）Geofabrik japan-latest.osm.pbf 2026-09-23T20:22:04Z node/1553371346（登山道と道路の接続点）",
    "verifiedAt": ""
   }
  },
  {
   "type": "Feature",
   "geometry": {
    "type": "Point",
    "coordinates": [
     133.8813152,
     33.7858912
    ]
   },
   "properties": {
    "id": "TH-n1553373444",
    "kind": "trailhead",
    "name": "（名称未確認）",
    "datum": "WGS84",
    "mountainIds": "788",
    "mountainNames": "土佐矢筈山",
    "lists": "四国百名山",
    "routes": "",
    "entryType": "一般道（県道以上）との接続",
    "trailKmToSummit": "土佐矢筈山:6.26km",
    "related": "",
    "attributes": "",
    "status": "candidate",
    "accuracyM": 30,
    "needsReview": "名称未確認、公式情報または2情報源での確認が必要",
    "sources": "OpenStreetMap（© OpenStreetMap contributors, ODbL 1.0）Geofabrik japan-latest.osm.pbf 2026-09-23T20:22:04Z node/1553373444（登山道と道路の接続点）",
    "verifiedAt": ""
   }
  },
  {
   "type": "Feature",
   "geometry": {
    "type": "Point",
    "coordinates": [
     133.889906,
     33.789524
    ]
   },
   "properties": {
    "id": "TH-n1553374553",
    "kind": "trailhead",
    "name": "（名称未確認）",
    "datum": "WGS84",
    "mountainIds": "788",
    "mountainNames": "土佐矢筈山",
    "lists": "四国百名山",
    "routes": "",
    "entryType": "道路の終点付近",
    "trailKmToSummit": "土佐矢筈山:2.35km",
    "related": "",
    "attributes": "",
    "status": "candidate",
    "accuracyM": 30,
    "needsReview": "名称未確認、林道からの入口（マイカー進入可否を要確認）、公式情報または2情報源での確認が必要",
    "sources": "OpenStreetMap（© OpenStreetMap contributors, ODbL 1.0）Geofabrik japan-latest.osm.pbf 2026-09-23T20:22:04Z node/1553374553（登山道と道路の接続点）",
    "verifiedAt": ""
   }
  },
  {
   "type": "Feature",
   "geometry": {
    "type": "Point",
    "coordinates": [
     133.893213,
     33.791258
    ]
   },
   "properties": {
    "id": "TH-n1553375051",
    "kind": "trailhead",
    "name": "（名称未確認）",
    "datum": "WGS84",
    "mountainIds": "788",
    "mountainNames": "土佐矢筈山",
    "lists": "四国百名山",
    "routes": "",
    "entryType": "林道との接続",
    "trailKmToSummit": "土佐矢筈山:1.93km",
    "related": "",
    "attributes": "",
    "status": "candidate",
    "accuracyM": 30,
    "needsReview": "名称未確認、林道からの入口（マイカー進入可否を要確認）、公式情報または2情報源での確認が必要",
    "sources": "OpenStreetMap（© OpenStreetMap contributors, ODbL 1.0）Geofabrik japan-latest.osm.pbf 2026-09-23T20:22:04Z node/1553375051（登山道と道路の接続点）",
    "verifiedAt": ""
   }
  },
  {
   "type": "Feature",
   "geometry": {
    "type": "Point",
    "coordinates": [
     132.9818754,
     33.7494273
    ]
   },
   "properties": {
    "id": "TH-n1553802788",
    "kind": "trailhead",
    "name": "（名称未確認）",
    "datum": "WGS84",
    "mountainIds": "804",
    "mountainNames": "石墨山",
    "lists": "四国百名山",
    "routes": "",
    "entryType": "一般道（県道以上）との接続",
    "trailKmToSummit": "石墨山:2.64km",
    "related": "",
    "attributes": "",
    "status": "candidate",
    "accuracyM": 30,
    "needsReview": "名称未確認、公式情報または2情報源での確認が必要",
    "sources": "OpenStreetMap（© OpenStreetMap contributors, ODbL 1.0）Geofabrik japan-latest.osm.pbf 2026-09-23T20:22:04Z node/1553802788（登山道と道路の接続点）",
    "verifiedAt": ""
   }
  },
  {
   "type": "Feature",
   "geometry": {
    "type": "Point",
    "coordinates": [
     133.422706,
     33.629709
    ]
   },
   "properties": {
    "id": "TH-n1557807109",
    "kind": "trailhead",
    "name": "（名称未確認）",
    "datum": "WGS84",
    "mountainIds": "819",
    "mountainNames": "国見山",
    "lists": "四国百名山",
    "routes": "",
    "entryType": "一般道との接続",
    "trailKmToSummit": "国見山:1.25km",
    "related": "",
    "attributes": "",
    "status": "candidate",
    "accuracyM": 30,
    "needsReview": "名称未確認、公式情報または2情報源での確認が必要",
    "sources": "OpenStreetMap（© OpenStreetMap contributors, ODbL 1.0）Geofabrik japan-latest.osm.pbf 2026-09-23T20:22:04Z node/1557807109（登山道と道路の接続点）",
    "verifiedAt": ""
   }
  },
  {
   "type": "Feature",
   "geometry": {
    "type": "Point",
    "coordinates": [
     133.414849,
     33.630606
    ]
   },
   "properties": {
    "id": "TH-n1557807847",
    "kind": "trailhead",
    "name": "（名称未確認）",
    "datum": "WGS84",
    "mountainIds": "819",
    "mountainNames": "国見山",
    "lists": "四国百名山",
    "routes": "",
    "entryType": "一般道との接続",
    "trailKmToSummit": "国見山:1.47km",
    "related": "",
    "attributes": "",
    "status": "candidate",
    "accuracyM": 30,
    "needsReview": "名称未確認、公式情報または2情報源での確認が必要",
    "sources": "OpenStreetMap（© OpenStreetMap contributors, ODbL 1.0）Geofabrik japan-latest.osm.pbf 2026-09-23T20:22:04Z node/1557807847（登山道と道路の接続点）",
    "verifiedAt": ""
   }
  },
  {
   "type": "Feature",
   "geometry": {
    "type": "Point",
    "coordinates": [
     133.435857,
     33.634354
    ]
   },
   "properties": {
    "id": "TH-n1557808522",
    "kind": "trailhead",
    "name": "（名称未確認）",
    "datum": "WGS84",
    "mountainIds": "819",
    "mountainNames": "国見山",
    "lists": "四国百名山",
    "routes": "",
    "entryType": "一般道との接続",
    "trailKmToSummit": "国見山:1.0km",
    "related": "",
    "attributes": "",
    "status": "candidate",
    "accuracyM": 30,
    "needsReview": "名称未確認、公式情報または2情報源での確認が必要",
    "sources": "OpenStreetMap（© OpenStreetMap contributors, ODbL 1.0）Geofabrik japan-latest.osm.pbf 2026-09-23T20:22:04Z node/1557808522（登山道と道路の接続点）",
    "verifiedAt": ""
   }
  },
  {
   "type": "Feature",
   "geometry": {
    "type": "Point",
    "coordinates": [
     133.5169664,
     33.675026
    ]
   },
   "properties": {
    "id": "TH-n1557864581",
    "kind": "trailhead",
    "name": "（名称未確認）",
    "datum": "WGS84",
    "mountainIds": "817",
    "mountainNames": "工石山",
    "lists": "四国百名山",
    "routes": "",
    "entryType": "道路の終点付近",
    "trailKmToSummit": "工石山:1.99km",
    "related": "PK-w585459095(193m)",
    "attributes": "",
    "status": "provisional",
    "accuracyM": 30,
    "needsReview": "名称未確認、林道からの入口（マイカー進入可否を要確認）、公式情報または2情報源での確認が必要",
    "sources": "OpenStreetMap（© OpenStreetMap contributors, ODbL 1.0）Geofabrik japan-latest.osm.pbf 2026-09-23T20:22:04Z node/1557864581（登山道と道路の接続点）",
    "verifiedAt": ""
   }
  },
  {
   "type": "Feature",
   "geometry": {
    "type": "Point",
    "coordinates": [
     134.5160579,
     33.70563
    ]
   },
   "properties": {
    "id": "TH-n1563309357",
    "kind": "trailhead",
    "name": "（名称未確認）",
    "datum": "WGS84",
    "mountainIds": "810",
    "mountainNames": "千羽ヶ岳",
    "lists": "四国百名山",
    "routes": "",
    "entryType": "一般道との接続",
    "trailKmToSummit": "千羽ヶ岳:0.55km",
    "related": "",
    "attributes": "",
    "status": "candidate",
    "accuracyM": 30,
    "needsReview": "名称未確認、公式情報または2情報源での確認が必要",
    "sources": "OpenStreetMap（© OpenStreetMap contributors, ODbL 1.0）Geofabrik japan-latest.osm.pbf 2026-09-23T20:22:04Z node/1563309357（登山道と道路の接続点）",
    "verifiedAt": ""
   }
  },
  {
   "type": "Feature",
   "geometry": {
    "type": "Point",
    "coordinates": [
     134.3998828,
     33.9536729
    ]
   },
   "properties": {
    "id": "TH-n1563327410",
    "kind": "trailhead",
    "name": "（名称未確認）",
    "datum": "WGS84",
    "mountainIds": "739",
    "mountainNames": "旭ヶ丸",
    "lists": "四国百名山",
    "routes": "",
    "entryType": "一般道との接続",
    "trailKmToSummit": "旭ヶ丸:0.36km",
    "related": "",
    "attributes": "",
    "status": "candidate",
    "accuracyM": 30,
    "needsReview": "名称未確認、公式情報または2情報源での確認が必要",
    "sources": "OpenStreetMap（© OpenStreetMap contributors, ODbL 1.0）Geofabrik japan-latest.osm.pbf 2026-09-23T20:22:04Z node/1563327410（登山道と道路の接続点）",
    "verifiedAt": ""
   }
  },
  {
   "type": "Feature",
   "geometry": {
    "type": "Point",
    "coordinates": [
     134.07033,
     33.770019
    ]
   },
   "properties": {
    "id": "TH-n1592567555",
    "kind": "trailhead",
    "name": "（名称未確認）日和田バス停付近",
    "datum": "WGS84",
    "mountainIds": "794",
    "mountainNames": "石立山",
    "lists": "四国百名山",
    "routes": "",
    "entryType": "一般道との接続",
    "trailKmToSummit": "石立山:2.71km",
    "related": "BS-kP11-22-36-bs2118(92m)",
    "attributes": "",
    "status": "provisional",
    "accuracyM": 30,
    "needsReview": "名称未確認、登山道が道路を横断する地点（途中の入口の可能性）、公式情報または2情報源での確認が必要",
    "sources": "OpenStreetMap（© OpenStreetMap contributors, ODbL 1.0）Geofabrik japan-latest.osm.pbf 2026-09-23T20:22:04Z node/1592567555（登山道と道路の接続点）",
    "verifiedAt": ""
   }
  },
  {
   "type": "Feature",
   "geometry": {
    "type": "Point",
    "coordinates": [
     134.1045509,
     33.70717
    ]
   },
   "properties": {
    "id": "TH-n1592648418",
    "kind": "trailhead",
    "name": "（名称未確認）",
    "datum": "WGS84",
    "mountainIds": "816",
    "mountainNames": "千本山",
    "lists": "四国百名山",
    "routes": "",
    "entryType": "道路の終点付近",
    "trailKmToSummit": "千本山:4.71km",
    "related": "",
    "attributes": "",
    "status": "candidate",
    "accuracyM": 30,
    "needsReview": "名称未確認、林道からの入口（マイカー進入可否を要確認）、公式情報または2情報源での確認が必要",
    "sources": "OpenStreetMap（© OpenStreetMap contributors, ODbL 1.0）Geofabrik japan-latest.osm.pbf 2026-09-23T20:22:04Z node/1592648418（登山道と道路の接続点）",
    "verifiedAt": ""
   }
  },
  {
   "type": "Feature",
   "geometry": {
    "type": "Point",
    "coordinates": [
     134.3318546,
     33.8818951
    ]
   },
   "properties": {
    "id": "TH-n1617265411",
    "kind": "trailhead",
    "name": "（名称未確認）",
    "datum": "WGS84",
    "mountainIds": "764",
    "mountainNames": "高丸山",
    "lists": "四国百名山",
    "routes": "",
    "entryType": "一般道との接続",
    "trailKmToSummit": "高丸山:0.95km",
    "related": "",
    "attributes": "",
    "status": "candidate",
    "accuracyM": 30,
    "needsReview": "名称未確認、公式情報または2情報源での確認が必要",
    "sources": "OpenStreetMap（© OpenStreetMap contributors, ODbL 1.0）Geofabrik japan-latest.osm.pbf 2026-09-23T20:22:04Z node/1617265411（登山道と道路の接続点）",
    "verifiedAt": ""
   }
  },
  {
   "type": "Feature",
   "geometry": {
    "type": "Point",
    "coordinates": [
     134.411173,
     33.9272003
    ]
   },
   "properties": {
    "id": "TH-n1617280592",
    "kind": "trailhead",
    "name": "（名称未確認）診療所バス停付近",
    "datum": "WGS84",
    "mountainIds": "739",
    "mountainNames": "旭ヶ丸",
    "lists": "四国百名山",
    "routes": "",
    "entryType": "一般道との接続",
    "trailKmToSummit": "旭ヶ丸:3.4km",
    "related": "BS-kP11-22-36-bs1597(939m)",
    "attributes": "",
    "status": "provisional",
    "accuracyM": 30,
    "needsReview": "名称未確認、公式情報または2情報源での確認が必要",
    "sources": "OpenStreetMap（© OpenStreetMap contributors, ODbL 1.0）Geofabrik japan-latest.osm.pbf 2026-09-23T20:22:04Z node/1617280592（登山道と道路の接続点）",
    "verifiedAt": ""
   }
  },
  {
   "type": "Feature",
   "geometry": {
    "type": "Point",
    "coordinates": [
     134.401628,
     33.947612
    ]
   },
   "properties": {
    "id": "TH-n1617283097",
    "kind": "trailhead",
    "name": "（名称未確認）",
    "datum": "WGS84",
    "mountainIds": "739",
    "mountainNames": "旭ヶ丸",
    "lists": "四国百名山",
    "routes": "",
    "entryType": "道路の終点付近",
    "trailKmToSummit": "旭ヶ丸:0.56km",
    "related": "",
    "attributes": "",
    "status": "candidate",
    "accuracyM": 30,
    "needsReview": "名称未確認、林道からの入口（マイカー進入可否を要確認）、公式情報または2情報源での確認が必要",
    "sources": "OpenStreetMap（© OpenStreetMap contributors, ODbL 1.0）Geofabrik japan-latest.osm.pbf 2026-09-23T20:22:04Z node/1617283097（登山道と道路の接続点）",
    "verifiedAt": ""
   }
  },
  {
   "type": "Feature",
   "geometry": {
    "type": "Point",
    "coordinates": [
     134.407361,
     33.9528667
    ]
   },
   "properties": {
    "id": "TH-n1617283473",
    "kind": "trailhead",
    "name": "（名称未確認）",
    "datum": "WGS84",
    "mountainIds": "739",
    "mountainNames": "旭ヶ丸",
    "lists": "四国百名山",
    "routes": "",
    "entryType": "一般道との接続",
    "trailKmToSummit": "旭ヶ丸:0.46km",
    "related": "",
    "attributes": "",
    "status": "candidate",
    "accuracyM": 30,
    "needsReview": "名称未確認、公式情報または2情報源での確認が必要",
    "sources": "OpenStreetMap（© OpenStreetMap contributors, ODbL 1.0）Geofabrik japan-latest.osm.pbf 2026-09-23T20:22:04Z node/1617283473（登山道と道路の接続点）",
    "verifiedAt": ""
   }
  },
  {
   "type": "Feature",
   "geometry": {
    "type": "Point",
    "coordinates": [
     132.940101,
     33.9452039
    ]
   },
   "properties": {
    "id": "TH-n1664375722",
    "kind": "trailhead",
    "name": "（名称未確認）",
    "datum": "WGS84",
    "mountainIds": "742",
    "mountainNames": "楢原山",
    "lists": "四国百名山",
    "routes": "",
    "entryType": "一般道との接続",
    "trailKmToSummit": "楢原山:0.71km",
    "related": "",
    "attributes": "",
    "status": "candidate",
    "accuracyM": 30,
    "needsReview": "名称未確認、登山道が道路を横断する地点（途中の入口の可能性）、公式情報または2情報源での確認が必要",
    "sources": "OpenStreetMap（© OpenStreetMap contributors, ODbL 1.0）Geofabrik japan-latest.osm.pbf 2026-09-23T20:22:04Z node/1664375722（登山道と道路の接続点）",
    "verifiedAt": ""
   }
  },
  {
   "type": "Feature",
   "geometry": {
    "type": "Point",
    "coordinates": [
     132.9613293,
     33.9470996
    ]
   },
   "properties": {
    "id": "TH-n1664375987",
    "kind": "trailhead",
    "name": "（名称未確認）",
    "datum": "WGS84",
    "mountainIds": "742",
    "mountainNames": "楢原山",
    "lists": "四国百名山",
    "routes": "",
    "entryType": "一般道との接続",
    "trailKmToSummit": "楢原山:2.07km",
    "related": "",
    "attributes": "",
    "status": "candidate",
    "accuracyM": 30,
    "needsReview": "名称未確認、公式情報または2情報源での確認が必要",
    "sources": "OpenStreetMap（© OpenStreetMap contributors, ODbL 1.0）Geofabrik japan-latest.osm.pbf 2026-09-23T20:22:04Z node/1664375987（登山道と道路の接続点）",
    "verifiedAt": ""
   }
  },
  {
   "type": "Feature",
   "geometry": {
    "type": "Point",
    "coordinates": [
     132.8521433,
     33.9451751
    ]
   },
   "properties": {
    "id": "TH-n1671972329",
    "kind": "trailhead",
    "name": "（名称未確認）",
    "datum": "WGS84",
    "mountainIds": "740",
    "mountainNames": "高縄山",
    "lists": "四国百名山",
    "routes": "",
    "entryType": "一般道との接続",
    "trailKmToSummit": "高縄山:0.2km",
    "related": "",
    "attributes": "",
    "status": "candidate",
    "accuracyM": 30,
    "needsReview": "名称未確認、公式情報または2情報源での確認が必要",
    "sources": "OpenStreetMap（© OpenStreetMap contributors, ODbL 1.0）Geofabrik japan-latest.osm.pbf 2026-09-23T20:22:04Z node/1671972329（登山道と道路の接続点）",
    "verifiedAt": ""
   }
  },
  {
   "type": "Feature",
   "geometry": {
    "type": "Point",
    "coordinates": [
     132.844369,
     33.959313
    ]
   },
   "properties": {
    "id": "TH-n1671974333",
    "kind": "trailhead",
    "name": "（名称未確認）",
    "datum": "WGS84",
    "mountainIds": "740",
    "mountainNames": "高縄山",
    "lists": "四国百名山",
    "routes": "",
    "entryType": "一般道との接続",
    "trailKmToSummit": "高縄山:2.74km",
    "related": "",
    "attributes": "",
    "status": "candidate",
    "accuracyM": 30,
    "needsReview": "名称未確認、公式情報または2情報源での確認が必要",
    "sources": "OpenStreetMap（© OpenStreetMap contributors, ODbL 1.0）Geofabrik japan-latest.osm.pbf 2026-09-23T20:22:04Z node/1671974333（登山道と道路の接続点）",
    "verifiedAt": ""
   }
  },
  {
   "type": "Feature",
   "geometry": {
    "type": "Point",
    "coordinates": [
     132.8855261,
     33.7233121
    ]
   },
   "properties": {
    "id": "TH-n1679205967",
    "kind": "trailhead",
    "name": "（名称未確認）",
    "datum": "WGS84",
    "mountainIds": "809",
    "mountainNames": "皿ヶ嶺",
    "lists": "四国百名山",
    "routes": "",
    "entryType": "一般道との接続",
    "trailKmToSummit": "皿ヶ嶺:1.74km",
    "related": "PK-w377716850(174m)",
    "attributes": "",
    "status": "provisional",
    "accuracyM": 30,
    "needsReview": "名称未確認、登山道が道路を横断する地点（途中の入口の可能性）、近くの道路にゲートあり（車両通行止め・季節閉鎖の可能性）、公式情報または2情報源での確認が必要",
    "sources": "OpenStreetMap（© OpenStreetMap contributors, ODbL 1.0）Geofabrik japan-latest.osm.pbf 2026-09-23T20:22:04Z node/1679205967（登山道と道路の接続点）",
    "verifiedAt": ""
   }
  },
  {
   "type": "Feature",
   "geometry": {
    "type": "Point",
    "coordinates": [
     132.9677215,
     33.7636119
    ]
   },
   "properties": {
    "id": "TH-n1679223057",
    "kind": "trailhead",
    "name": "（名称未確認）白猪滝口バス停付近",
    "datum": "WGS84",
    "mountainIds": "804 809",
    "mountainNames": "石墨山、皿ヶ嶺",
    "lists": "四国百名山",
    "routes": "",
    "entryType": "一般道との接続",
    "trailKmToSummit": "石墨山:5.05km 皿ヶ嶺:12.49km",
    "related": "PK-w631716474(422m) BS-kP11-22-38-bs1515(499m) BS-kP11-22-38-bs1498(934m)",
    "attributes": "",
    "status": "provisional",
    "accuracyM": 30,
    "needsReview": "名称未確認、公式情報または2情報源での確認が必要",
    "sources": "OpenStreetMap（© OpenStreetMap contributors, ODbL 1.0）Geofabrik japan-latest.osm.pbf 2026-09-23T20:22:04Z node/1679223057（登山道と道路の接続点）",
    "verifiedAt": ""
   }
  },
  {
   "type": "Feature",
   "geometry": {
    "type": "Point",
    "coordinates": [
     132.914094,
     33.880144
    ]
   },
   "properties": {
    "id": "TH-n1679267323",
    "kind": "trailhead",
    "name": "（名称未確認）",
    "datum": "WGS84",
    "mountainIds": "760",
    "mountainNames": "明神ヶ森",
    "lists": "四国百名山",
    "routes": "",
    "entryType": "道路の終点付近",
    "trailKmToSummit": "明神ヶ森:1.72km",
    "related": "",
    "attributes": "",
    "status": "candidate",
    "accuracyM": 30,
    "needsReview": "名称未確認、林道からの入口（マイカー進入可否を要確認）、公式情報または2情報源での確認が必要",
    "sources": "OpenStreetMap（© OpenStreetMap contributors, ODbL 1.0）Geofabrik japan-latest.osm.pbf 2026-09-23T20:22:04Z node/1679267323（登山道と道路の接続点）",
    "verifiedAt": ""
   }
  },
  {
   "type": "Feature",
   "geometry": {
    "type": "Point",
    "coordinates": [
     132.90937,
     33.890185
    ]
   },
   "properties": {
    "id": "TH-n1679268977",
    "kind": "trailhead",
    "name": "（名称未確認）",
    "datum": "WGS84",
    "mountainIds": "760",
    "mountainNames": "明神ヶ森",
    "lists": "四国百名山",
    "routes": "",
    "entryType": "道路の終点付近",
    "trailKmToSummit": "明神ヶ森:0.9km",
    "related": "",
    "attributes": "",
    "status": "candidate",
    "accuracyM": 30,
    "needsReview": "名称未確認、林道からの入口（マイカー進入可否を要確認）、公式情報または2情報源での確認が必要",
    "sources": "OpenStreetMap（© OpenStreetMap contributors, ODbL 1.0）Geofabrik japan-latest.osm.pbf 2026-09-23T20:22:04Z node/1679268977（登山道と道路の接続点）",
    "verifiedAt": ""
   }
  },
  {
   "type": "Feature",
   "geometry": {
    "type": "Point",
    "coordinates": [
     133.0314172,
     33.5633472
    ]
   },
   "properties": {
    "id": "TH-n1681789165",
    "kind": "trailhead",
    "name": "（名称未確認）",
    "datum": "WGS84",
    "mountainIds": "822",
    "mountainNames": "中津明神山",
    "lists": "四国百名山",
    "routes": "",
    "entryType": "一般道との接続",
    "trailKmToSummit": "中津明神山:2.17km",
    "related": "",
    "attributes": "",
    "status": "candidate",
    "accuracyM": 30,
    "needsReview": "名称未確認、登山道が道路を横断する地点（途中の入口の可能性）、公式情報または2情報源での確認が必要",
    "sources": "OpenStreetMap（© OpenStreetMap contributors, ODbL 1.0）Geofabrik japan-latest.osm.pbf 2026-09-23T20:22:04Z node/1681789165（登山道と道路の接続点）",
    "verifiedAt": ""
   }
  },
  {
   "type": "Feature",
   "geometry": {
    "type": "Point",
    "coordinates": [
     132.9282517,
     33.5665962
    ]
   },
   "properties": {
    "id": "TH-n1681795784",
    "kind": "trailhead",
    "name": "（名称未確認）",
    "datum": "WGS84",
    "mountainIds": "820",
    "mountainNames": "大川嶺",
    "lists": "四国百名山",
    "routes": "",
    "entryType": "一般道との接続",
    "trailKmToSummit": "大川嶺:0.58km",
    "related": "",
    "attributes": "",
    "status": "candidate",
    "accuracyM": 30,
    "needsReview": "名称未確認、公式情報または2情報源での確認が必要",
    "sources": "OpenStreetMap（© OpenStreetMap contributors, ODbL 1.0）Geofabrik japan-latest.osm.pbf 2026-09-23T20:22:04Z node/1681795784（登山道と道路の接続点）",
    "verifiedAt": ""
   }
  },
  {
   "type": "Feature",
   "geometry": {
    "type": "Point",
    "coordinates": [
     133.136751,
     33.730301
    ]
   },
   "properties": {
    "id": "TH-n1682126333",
    "kind": "trailhead",
    "name": "（名称未確認）",
    "datum": "WGS84",
    "mountainIds": "800 805 806",
    "mountainNames": "岩黒山、筒上山、手箱山",
    "lists": "四国百名山",
    "routes": "",
    "entryType": "道路の終点付近",
    "trailKmToSummit": "岩黒山:7.23km 筒上山:4.65km 手箱山:6.59km",
    "related": "",
    "attributes": "",
    "status": "candidate",
    "accuracyM": 30,
    "needsReview": "名称未確認、林道からの入口（マイカー進入可否を要確認）、公式情報または2情報源での確認が必要",
    "sources": "OpenStreetMap（© OpenStreetMap contributors, ODbL 1.0）Geofabrik japan-latest.osm.pbf 2026-09-23T20:22:04Z node/1682126333（登山道と道路の接続点）",
    "verifiedAt": ""
   }
  },
  {
   "type": "Feature",
   "geometry": {
    "type": "Point",
    "coordinates": [
     133.1463317,
     33.7562251
    ]
   },
   "properties": {
    "id": "TH-n1682153459",
    "kind": "trailhead",
    "name": "土小屋",
    "datum": "WGS84",
    "mountainIds": "803 798 799 800 805 806",
    "mountainNames": "石鎚山、二ノ森、堂ヶ森、岩黒山、筒上山、手箱山",
    "lists": "日本百名山|日本二百名山|日本三百名山|四国百名山",
    "routes": "土小屋コース",
    "entryType": "一般道（県道以上）との接続",
    "trailKmToSummit": "石鎚山:3.32km 二ノ森:6.47km 堂ヶ森:9.35km 岩黒山:1.1km 筒上山:3.35km 手箱山:5.11km",
    "related": "PK-w1065767581(138m) PK-w1065767745(249m) PK-w181201735(264m) BS-kP11-22-38-bs1554(180m)",
    "attributes": "",
    "status": "adopted",
    "accuracyM": 30,
    "needsReview": "",
    "sources": "OpenStreetMap（© OpenStreetMap contributors, ODbL 1.0）Geofabrik japan-latest.osm.pbf 2026-09-23T20:22:04Z node/1682153459（登山道と道路の接続点） ｜ 国土地理院 地名検索「土小屋」（33.755102, 133.147678、JGD2011、176m差）確認",
    "verifiedAt": ""
   }
  },
  {
   "type": "Feature",
   "geometry": {
    "type": "Point",
    "coordinates": [
     133.956943,
     33.971716
    ]
   },
   "properties": {
    "id": "TH-n1682796014",
    "kind": "trailhead",
    "name": "（名称未確認）",
    "datum": "WGS84",
    "mountainIds": "743",
    "mountainNames": "石堂山",
    "lists": "四国百名山",
    "routes": "",
    "entryType": "一般道との接続",
    "trailKmToSummit": "石堂山:5.64km",
    "related": "",
    "attributes": "",
    "status": "candidate",
    "accuracyM": 30,
    "needsReview": "名称未確認、公式情報または2情報源での確認が必要",
    "sources": "OpenStreetMap（© OpenStreetMap contributors, ODbL 1.0）Geofabrik japan-latest.osm.pbf 2026-09-23T20:22:04Z node/1682796014（登山道と道路の接続点）",
    "verifiedAt": ""
   }
  },
  {
   "type": "Feature",
   "geometry": {
    "type": "Point",
    "coordinates": [
     132.539309,
     33.59942
    ]
   },
   "properties": {
    "id": "TH-n1685657665",
    "kind": "trailhead",
    "name": "（名称未確認）",
    "datum": "WGS84",
    "mountainIds": "821",
    "mountainNames": "壺神山",
    "lists": "四国百名山",
    "routes": "",
    "entryType": "一般道との接続",
    "trailKmToSummit": "壺神山:1.73km",
    "related": "",
    "attributes": "",
    "status": "candidate",
    "accuracyM": 30,
    "needsReview": "名称未確認、登山道が道路を横断する地点（途中の入口の可能性）、公式情報または2情報源での確認が必要",
    "sources": "OpenStreetMap（© OpenStreetMap contributors, ODbL 1.0）Geofabrik japan-latest.osm.pbf 2026-09-23T20:22:04Z node/1685657665（登山道と道路の接続点）",
    "verifiedAt": ""
   }
  },
  {
   "type": "Feature",
   "geometry": {
    "type": "Point",
    "coordinates": [
     132.554867,
     33.60183
    ]
   },
   "properties": {
    "id": "TH-n1685662539",
    "kind": "trailhead",
    "name": "（名称未確認）",
    "datum": "WGS84",
    "mountainIds": "821",
    "mountainNames": "壺神山",
    "lists": "四国百名山",
    "routes": "",
    "entryType": "一般道との接続",
    "trailKmToSummit": "壺神山:0.41km",
    "related": "",
    "attributes": "",
    "status": "candidate",
    "accuracyM": 30,
    "needsReview": "名称未確認、登山道が道路を横断する地点（途中の入口の可能性）、公式情報または2情報源での確認が必要",
    "sources": "OpenStreetMap（© OpenStreetMap contributors, ODbL 1.0）Geofabrik japan-latest.osm.pbf 2026-09-23T20:22:04Z node/1685662539（登山道と道路の接続点）",
    "verifiedAt": ""
   }
  },
  {
   "type": "Feature",
   "geometry": {
    "type": "Point",
    "coordinates": [
     133.9368394,
     34.1152444
    ]
   },
   "properties": {
    "id": "TH-n1698771762",
    "kind": "trailhead",
    "name": "（名称未確認）",
    "datum": "WGS84",
    "mountainIds": "721",
    "mountainNames": "大川山",
    "lists": "四国百名山",
    "routes": "",
    "entryType": "一般道（県道以上）との接続",
    "trailKmToSummit": "大川山:0.27km",
    "related": "",
    "attributes": "",
    "status": "candidate",
    "accuracyM": 30,
    "needsReview": "名称未確認、公式情報または2情報源での確認が必要",
    "sources": "OpenStreetMap（© OpenStreetMap contributors, ODbL 1.0）Geofabrik japan-latest.osm.pbf 2026-09-23T20:22:04Z node/1698771762（登山道と道路の接続点）",
    "verifiedAt": ""
   }
  },
  {
   "type": "Feature",
   "geometry": {
    "type": "Point",
    "coordinates": [
     133.9477721,
     33.9179375
    ]
   },
   "properties": {
    "id": "TH-n1698966501",
    "kind": "trailhead",
    "name": "落合峠",
    "datum": "WGS84",
    "mountainIds": "747 750 758",
    "mountainNames": "烏帽子山、矢筈山、寒峰",
    "lists": "四国百名山",
    "routes": "",
    "entryType": "峠（道路との接続）",
    "trailKmToSummit": "烏帽子山:3.31km 矢筈山:2.88km 寒峰:5.48km",
    "related": "PK-w945500663(169m) PK-n3717928752(174m)",
    "attributes": "",
    "status": "adopted",
    "accuracyM": 30,
    "needsReview": "登山道が道路を横断する地点（途中の入口の可能性）",
    "sources": "OpenStreetMap（© OpenStreetMap contributors, ODbL 1.0）Geofabrik japan-latest.osm.pbf 2026-09-23T20:22:04Z node/1698966501（登山道と道路の接続点） ｜ 国土地理院 地名検索「落合峠」（33.918024, 133.947578、JGD2011、20m差）2026-09-20確認",
    "verifiedAt": "2026-09-20"
   }
  },
  {
   "type": "Feature",
   "geometry": {
    "type": "Point",
    "coordinates": [
     133.9481352,
     33.9408793
    ]
   },
   "properties": {
    "id": "TH-n1698968348",
    "kind": "trailhead",
    "name": "（名称未確認）",
    "datum": "WGS84",
    "mountainIds": "743",
    "mountainNames": "石堂山",
    "lists": "四国百名山",
    "routes": "",
    "entryType": "一般道（県道以上）との接続",
    "trailKmToSummit": "石堂山:2.41km",
    "related": "",
    "attributes": "",
    "status": "candidate",
    "accuracyM": 30,
    "needsReview": "名称未確認、公式情報または2情報源での確認が必要",
    "sources": "OpenStreetMap（© OpenStreetMap contributors, ODbL 1.0）Geofabrik japan-latest.osm.pbf 2026-09-23T20:22:04Z node/1698968348（登山道と道路の接続点）",
    "verifiedAt": ""
   }
  },
  {
   "type": "Feature",
   "geometry": {
    "type": "Point",
    "coordinates": [
     133.9386986,
     33.9563791
    ]
   },
   "properties": {
    "id": "TH-n1698971492",
    "kind": "trailhead",
    "name": "（名称未確認）",
    "datum": "WGS84",
    "mountainIds": "743",
    "mountainNames": "石堂山",
    "lists": "四国百名山",
    "routes": "",
    "entryType": "一般道（県道以上）との接続",
    "trailKmToSummit": "石堂山:8.17km",
    "related": "",
    "attributes": "",
    "status": "candidate",
    "accuracyM": 30,
    "needsReview": "名称未確認、公式情報または2情報源での確認が必要",
    "sources": "OpenStreetMap（© OpenStreetMap contributors, ODbL 1.0）Geofabrik japan-latest.osm.pbf 2026-09-23T20:22:04Z node/1698971492（登山道と道路の接続点）",
    "verifiedAt": ""
   }
  },
  {
   "type": "Feature",
   "geometry": {
    "type": "Point",
    "coordinates": [
     133.898165,
     33.8284809
    ]
   },
   "properties": {
    "id": "TH-n1699059345",
    "kind": "trailhead",
    "name": "（名称未確認）",
    "datum": "WGS84",
    "mountainIds": "788",
    "mountainNames": "土佐矢筈山",
    "lists": "四国百名山",
    "routes": "",
    "entryType": "一般道との接続",
    "trailKmToSummit": "土佐矢筈山:3.65km",
    "related": "",
    "attributes": "",
    "status": "candidate",
    "accuracyM": 30,
    "needsReview": "名称未確認、公式情報または2情報源での確認が必要",
    "sources": "OpenStreetMap（© OpenStreetMap contributors, ODbL 1.0）Geofabrik japan-latest.osm.pbf 2026-09-23T20:22:04Z node/1699059345（登山道と道路の接続点）",
    "verifiedAt": ""
   }
  },
  {
   "type": "Feature",
   "geometry": {
    "type": "Point",
    "coordinates": [
     133.894382,
     33.83948
    ]
   },
   "properties": {
    "id": "TH-n1699061277",
    "kind": "trailhead",
    "name": "（名称未確認）小川バス停付近",
    "datum": "WGS84",
    "mountainIds": "780",
    "mountainNames": "天狗塚",
    "lists": "四国百名山",
    "routes": "",
    "entryType": "一般道との接続",
    "trailKmToSummit": "天狗塚:11.28km",
    "related": "BS-kP11-22-36-bs1935(252m)",
    "attributes": "",
    "status": "provisional",
    "accuracyM": 30,
    "needsReview": "名称未確認、公式情報または2情報源での確認が必要",
    "sources": "OpenStreetMap（© OpenStreetMap contributors, ODbL 1.0）Geofabrik japan-latest.osm.pbf 2026-09-23T20:22:04Z node/1699061277（登山道と道路の接続点）",
    "verifiedAt": ""
   }
  },
  {
   "type": "Feature",
   "geometry": {
    "type": "Point",
    "coordinates": [
     133.9294101,
     33.8889579
    ]
   },
   "properties": {
    "id": "TH-n1699094826",
    "kind": "trailhead",
    "name": "（名称未確認）鎖谷下バス停付近",
    "datum": "WGS84",
    "mountainIds": "747 758",
    "mountainNames": "烏帽子山、寒峰",
    "lists": "四国百名山",
    "routes": "",
    "entryType": "一般道との接続",
    "trailKmToSummit": "烏帽子山:8.75km 寒峰:5.13km",
    "related": "BS-kP11-22-36-bs1730(770m) BS-kP11-22-36-bs1731(770m) BS-kP11-22-36-bs1735(885m)",
    "attributes": "",
    "status": "provisional",
    "accuracyM": 30,
    "needsReview": "名称未確認、公式情報または2情報源での確認が必要",
    "sources": "OpenStreetMap（© OpenStreetMap contributors, ODbL 1.0）Geofabrik japan-latest.osm.pbf 2026-09-23T20:22:04Z node/1699094826（登山道と道路の接続点）",
    "verifiedAt": ""
   }
  },
  {
   "type": "Feature",
   "geometry": {
    "type": "Point",
    "coordinates": [
     133.534647,
     33.944894
    ]
   },
   "properties": {
    "id": "TH-n1755922566",
    "kind": "trailhead",
    "name": "（名称未確認）",
    "datum": "WGS84",
    "mountainIds": "741",
    "mountainNames": "翠波峰",
    "lists": "四国百名山",
    "routes": "",
    "entryType": "一般道との接続",
    "trailKmToSummit": "翠波峰:0.29km",
    "related": "",
    "attributes": "",
    "status": "candidate",
    "accuracyM": 30,
    "needsReview": "名称未確認、公式情報または2情報源での確認が必要",
    "sources": "OpenStreetMap（© OpenStreetMap contributors, ODbL 1.0）Geofabrik japan-latest.osm.pbf 2026-09-23T20:22:04Z node/1755922566（登山道と道路の接続点）",
    "verifiedAt": ""
   }
  },
  {
   "type": "Feature",
   "geometry": {
    "type": "Point",
    "coordinates": [
     133.532123,
     33.962245
    ]
   },
   "properties": {
    "id": "TH-n1755925053",
    "kind": "trailhead",
    "name": "（名称未確認）",
    "datum": "WGS84",
    "mountainIds": "741",
    "mountainNames": "翠波峰",
    "lists": "四国百名山",
    "routes": "OSM登山道「国道319号旧道」",
    "entryType": "一般道との接続",
    "trailKmToSummit": "翠波峰:2.37km",
    "related": "",
    "attributes": "",
    "status": "candidate",
    "accuracyM": 30,
    "needsReview": "名称未確認、公式情報または2情報源での確認が必要",
    "sources": "OpenStreetMap（© OpenStreetMap contributors, ODbL 1.0）Geofabrik japan-latest.osm.pbf 2026-09-23T20:22:04Z node/1755925053（登山道と道路の接続点）",
    "verifiedAt": ""
   }
  },
  {
   "type": "Feature",
   "geometry": {
    "type": "Point",
    "coordinates": [
     133.5775789,
     33.887231
    ]
   },
   "properties": {
    "id": "TH-n1756049572",
    "kind": "trailhead",
    "name": "（名称未確認）",
    "datum": "WGS84",
    "mountainIds": "766",
    "mountainNames": "佐々連尾山",
    "lists": "四国百名山",
    "routes": "",
    "entryType": "道路の終点付近",
    "trailKmToSummit": "佐々連尾山:4.0km",
    "related": "",
    "attributes": "",
    "status": "candidate",
    "accuracyM": 30,
    "needsReview": "名称未確認、林道からの入口（マイカー進入可否を要確認）、公式情報または2情報源での確認が必要",
    "sources": "OpenStreetMap（© OpenStreetMap contributors, ODbL 1.0）Geofabrik japan-latest.osm.pbf 2026-09-23T20:22:04Z node/1756049572（登山道と道路の接続点）",
    "verifiedAt": ""
   }
  },
  {
   "type": "Feature",
   "geometry": {
    "type": "Point",
    "coordinates": [
     133.556878,
     33.894704
    ]
   },
   "properties": {
    "id": "TH-n1756052042",
    "kind": "trailhead",
    "name": "（名称未確認）",
    "datum": "WGS84",
    "mountainIds": "766",
    "mountainNames": "佐々連尾山",
    "lists": "四国百名山",
    "routes": "",
    "entryType": "道路の終点付近",
    "trailKmToSummit": "佐々連尾山:1.44km",
    "related": "",
    "attributes": "",
    "status": "candidate",
    "accuracyM": 30,
    "needsReview": "名称未確認、林道からの入口（マイカー進入可否を要確認）、公式情報または2情報源での確認が必要",
    "sources": "OpenStreetMap（© OpenStreetMap contributors, ODbL 1.0）Geofabrik japan-latest.osm.pbf 2026-09-23T20:22:04Z node/1756052042（登山道と道路の接続点）",
    "verifiedAt": ""
   }
  },
  {
   "type": "Feature",
   "geometry": {
    "type": "Point",
    "coordinates": [
     133.4719938,
     33.8735305
    ]
   },
   "properties": {
    "id": "TH-n1757002157",
    "kind": "trailhead",
    "name": "（名称未確認）",
    "datum": "WGS84",
    "mountainIds": "763 768",
    "mountainNames": "二ッ岳、東赤石山",
    "lists": "四国百名山|日本二百名山|日本三百名山",
    "routes": "",
    "entryType": "一般道（県道以上）との接続",
    "trailKmToSummit": "二ッ岳:7.1km 東赤石山:12.45km",
    "related": "PK-n4080908822(110m)",
    "attributes": "",
    "status": "provisional",
    "accuracyM": 30,
    "needsReview": "名称未確認、公式情報または2情報源での確認が必要",
    "sources": "OpenStreetMap（© OpenStreetMap contributors, ODbL 1.0）Geofabrik japan-latest.osm.pbf 2026-09-23T20:22:04Z node/1757002157（登山道と道路の接続点）",
    "verifiedAt": ""
   }
  },
  {
   "type": "Feature",
   "geometry": {
    "type": "Point",
    "coordinates": [
     133.45606,
     33.911519
    ]
   },
   "properties": {
    "id": "TH-n1757047042",
    "kind": "trailhead",
    "name": "（名称未確認）",
    "datum": "WGS84",
    "mountainIds": "752",
    "mountainNames": "赤星山",
    "lists": "四国百名山",
    "routes": "",
    "entryType": "一般道との接続",
    "trailKmToSummit": "赤星山:1.23km",
    "related": "",
    "attributes": "",
    "status": "candidate",
    "accuracyM": 30,
    "needsReview": "名称未確認、公式情報または2情報源での確認が必要",
    "sources": "OpenStreetMap（© OpenStreetMap contributors, ODbL 1.0）Geofabrik japan-latest.osm.pbf 2026-09-23T20:22:04Z node/1757047042（登山道と道路の接続点）",
    "verifiedAt": ""
   }
  },
  {
   "type": "Feature",
   "geometry": {
    "type": "Point",
    "coordinates": [
     133.63978,
     33.913123
    ]
   },
   "properties": {
    "id": "TH-n1757051174",
    "kind": "trailhead",
    "name": "（名称未確認）",
    "datum": "WGS84",
    "mountainIds": "765",
    "mountainNames": "笹ヶ峰",
    "lists": "四国百名山",
    "routes": "",
    "entryType": "一般道との接続",
    "trailKmToSummit": "笹ヶ峰:4.14km",
    "related": "",
    "attributes": "",
    "status": "candidate",
    "accuracyM": 30,
    "needsReview": "名称未確認、公式情報または2情報源での確認が必要",
    "sources": "OpenStreetMap（© OpenStreetMap contributors, ODbL 1.0）Geofabrik japan-latest.osm.pbf 2026-09-23T20:22:04Z node/1757051174（登山道と道路の接続点）",
    "verifiedAt": ""
   }
  },
  {
   "type": "Feature",
   "geometry": {
    "type": "Point",
    "coordinates": [
     133.67047,
     33.915475
    ]
   },
   "properties": {
    "id": "TH-n1757059145",
    "kind": "trailhead",
    "name": "（名称未確認）",
    "datum": "WGS84",
    "mountainIds": "749",
    "mountainNames": "塩塚峰",
    "lists": "四国百名山",
    "routes": "",
    "entryType": "一般道との接続",
    "trailKmToSummit": "塩塚峰:1.7km",
    "related": "",
    "attributes": "",
    "status": "candidate",
    "accuracyM": 30,
    "needsReview": "名称未確認、公式情報または2情報源での確認が必要",
    "sources": "OpenStreetMap（© OpenStreetMap contributors, ODbL 1.0）Geofabrik japan-latest.osm.pbf 2026-09-23T20:22:04Z node/1757059145（登山道と道路の接続点）",
    "verifiedAt": ""
   }
  },
  {
   "type": "Feature",
   "geometry": {
    "type": "Point",
    "coordinates": [
     133.6792113,
     33.9246871
    ]
   },
   "properties": {
    "id": "TH-n1757079024",
    "kind": "trailhead",
    "name": "（名称未確認）",
    "datum": "WGS84",
    "mountainIds": "749",
    "mountainNames": "塩塚峰",
    "lists": "四国百名山",
    "routes": "OSM登山道「塩塚峰登山道」",
    "entryType": "一般道との接続",
    "trailKmToSummit": "塩塚峰:0.36km",
    "related": "",
    "attributes": "",
    "status": "candidate",
    "accuracyM": 30,
    "needsReview": "名称未確認、公式情報または2情報源での確認が必要",
    "sources": "OpenStreetMap（© OpenStreetMap contributors, ODbL 1.0）Geofabrik japan-latest.osm.pbf 2026-09-23T20:22:04Z node/1757079024（登山道と道路の接続点）",
    "verifiedAt": ""
   }
  },
  {
   "type": "Feature",
   "geometry": {
    "type": "Point",
    "coordinates": [
     133.489447,
     33.942546
    ]
   },
   "properties": {
    "id": "TH-n1757145412",
    "kind": "trailhead",
    "name": "（名称未確認）",
    "datum": "WGS84",
    "mountainIds": "746",
    "mountainNames": "豊受山",
    "lists": "四国百名山",
    "routes": "",
    "entryType": "一般道との接続",
    "trailKmToSummit": "豊受山:2.68km",
    "related": "",
    "attributes": "",
    "status": "candidate",
    "accuracyM": 30,
    "needsReview": "名称未確認、登山道が道路を横断する地点（途中の入口の可能性）、公式情報または2情報源での確認が必要",
    "sources": "OpenStreetMap（© OpenStreetMap contributors, ODbL 1.0）Geofabrik japan-latest.osm.pbf 2026-09-23T20:22:04Z node/1757145412（登山道と道路の接続点）",
    "verifiedAt": ""
   }
  },
  {
   "type": "Feature",
   "geometry": {
    "type": "Point",
    "coordinates": [
     133.4248744,
     33.9484637
    ]
   },
   "properties": {
    "id": "TH-n1757191748",
    "kind": "trailhead",
    "name": "（名称未確認）入野バス停付近",
    "datum": "WGS84",
    "mountainIds": "752",
    "mountainNames": "赤星山",
    "lists": "四国百名山",
    "routes": "",
    "entryType": "一般道との接続",
    "trailKmToSummit": "赤星山:7.03km",
    "related": "PK-w443592045(60m) PK-w443591280(203m) BS-kP11-22-38-bs598(778m) BS-kP11-22-38-bs606(953m) BS-kP11-22-38-bs594(957m)",
    "attributes": "",
    "status": "provisional",
    "accuracyM": 30,
    "needsReview": "名称未確認、公式情報または2情報源での確認が必要",
    "sources": "OpenStreetMap（© OpenStreetMap contributors, ODbL 1.0）Geofabrik japan-latest.osm.pbf 2026-09-23T20:22:04Z node/1757191748（登山道と道路の接続点）",
    "verifiedAt": ""
   }
  },
  {
   "type": "Feature",
   "geometry": {
    "type": "Point",
    "coordinates": [
     133.483166,
     33.948412
    ]
   },
   "properties": {
    "id": "TH-n1757192310",
    "kind": "trailhead",
    "name": "（名称未確認）",
    "datum": "WGS84",
    "mountainIds": "746",
    "mountainNames": "豊受山",
    "lists": "四国百名山",
    "routes": "",
    "entryType": "道路の終点付近",
    "trailKmToSummit": "豊受山:2.79km",
    "related": "",
    "attributes": "",
    "status": "candidate",
    "accuracyM": 30,
    "needsReview": "名称未確認、林道からの入口（マイカー進入可否を要確認）、公式情報または2情報源での確認が必要",
    "sources": "OpenStreetMap（© OpenStreetMap contributors, ODbL 1.0）Geofabrik japan-latest.osm.pbf 2026-09-23T20:22:04Z node/1757192310（登山道と道路の接続点）",
    "verifiedAt": ""
   }
  },
  {
   "type": "Feature",
   "geometry": {
    "type": "Point",
    "coordinates": [
     133.439134,
     33.951379
    ]
   },
   "properties": {
    "id": "TH-n1757215354",
    "kind": "trailhead",
    "name": "（名称未確認）小林バス停付近",
    "datum": "WGS84",
    "mountainIds": "752",
    "mountainNames": "赤星山",
    "lists": "四国百名山",
    "routes": "",
    "entryType": "一般道との接続",
    "trailKmToSummit": "赤星山:6.99km",
    "related": "BS-kP11-22-38-bs591(743m) BS-kP11-22-38-bs593(871m) BS-kP11-22-38-bs580(969m)",
    "attributes": "",
    "status": "provisional",
    "accuracyM": 30,
    "needsReview": "名称未確認、公式情報または2情報源での確認が必要",
    "sources": "OpenStreetMap（© OpenStreetMap contributors, ODbL 1.0）Geofabrik japan-latest.osm.pbf 2026-09-23T20:22:04Z node/1757215354（登山道と道路の接続点）",
    "verifiedAt": ""
   }
  },
  {
   "type": "Feature",
   "geometry": {
    "type": "Point",
    "coordinates": [
     133.7203549,
     34.0218756
    ]
   },
   "properties": {
    "id": "TH-n1761413477",
    "kind": "trailhead",
    "name": "（名称未確認）",
    "datum": "WGS84",
    "mountainIds": "730",
    "mountainNames": "雲辺寺山",
    "lists": "四国百名山",
    "routes": "",
    "entryType": "一般道との接続",
    "trailKmToSummit": "雲辺寺山:1.72km",
    "related": "",
    "attributes": "",
    "status": "candidate",
    "accuracyM": 30,
    "needsReview": "名称未確認、公式情報または2情報源での確認が必要",
    "sources": "OpenStreetMap（© OpenStreetMap contributors, ODbL 1.0）Geofabrik japan-latest.osm.pbf 2026-09-23T20:22:04Z node/1761413477（登山道と道路の接続点）",
    "verifiedAt": ""
   }
  },
  {
   "type": "Feature",
   "geometry": {
    "type": "Point",
    "coordinates": [
     132.546741,
     33.3269189
    ]
   },
   "properties": {
    "id": "TH-n1764845782",
    "kind": "trailhead",
    "name": "（名称未確認）",
    "datum": "WGS84",
    "mountainIds": "847",
    "mountainNames": "高森山",
    "lists": "四国百名山",
    "routes": "",
    "entryType": "一般道との接続",
    "trailKmToSummit": "高森山:0.48km",
    "related": "",
    "attributes": "",
    "status": "candidate",
    "accuracyM": 30,
    "needsReview": "名称未確認、公式情報または2情報源での確認が必要",
    "sources": "OpenStreetMap（© OpenStreetMap contributors, ODbL 1.0）Geofabrik japan-latest.osm.pbf 2026-09-23T20:22:04Z node/1764845782（登山道と道路の接続点）",
    "verifiedAt": ""
   }
  },
  {
   "type": "Feature",
   "geometry": {
    "type": "Point",
    "coordinates": [
     132.539989,
     33.333364
    ]
   },
   "properties": {
    "id": "TH-n1764848754",
    "kind": "trailhead",
    "name": "（名称未確認）",
    "datum": "WGS84",
    "mountainIds": "847",
    "mountainNames": "高森山",
    "lists": "四国百名山",
    "routes": "",
    "entryType": "一般道との接続",
    "trailKmToSummit": "高森山:1.53km",
    "related": "",
    "attributes": "",
    "status": "candidate",
    "accuracyM": 30,
    "needsReview": "名称未確認、公式情報または2情報源での確認が必要",
    "sources": "OpenStreetMap（© OpenStreetMap contributors, ODbL 1.0）Geofabrik japan-latest.osm.pbf 2026-09-23T20:22:04Z node/1764848754（登山道と道路の接続点）",
    "verifiedAt": ""
   }
  },
  {
   "type": "Feature",
   "geometry": {
    "type": "Point",
    "coordinates": [
     132.8724456,
     33.4712153
    ]
   },
   "properties": {
    "id": "TH-n1765053396",
    "kind": "trailhead",
    "name": "（名称未確認）",
    "datum": "WGS84",
    "mountainIds": "834",
    "mountainNames": "大野ヶ原",
    "lists": "四国百名山",
    "routes": "",
    "entryType": "一般道との接続",
    "trailKmToSummit": "大野ヶ原:0.63km",
    "related": "PK-w1064525271(466m)",
    "attributes": "",
    "status": "provisional",
    "accuracyM": 30,
    "needsReview": "名称未確認、公式情報または2情報源での確認が必要",
    "sources": "OpenStreetMap（© OpenStreetMap contributors, ODbL 1.0）Geofabrik japan-latest.osm.pbf 2026-09-23T20:22:04Z node/1765053396（登山道と道路の接続点）",
    "verifiedAt": ""
   }
  },
  {
   "type": "Feature",
   "geometry": {
    "type": "Point",
    "coordinates": [
     132.8711246,
     33.4753447
    ]
   },
   "properties": {
    "id": "TH-n1765055970",
    "kind": "trailhead",
    "name": "（名称未確認）",
    "datum": "WGS84",
    "mountainIds": "834",
    "mountainNames": "大野ヶ原",
    "lists": "四国百名山",
    "routes": "",
    "entryType": "一般道との接続",
    "trailKmToSummit": "大野ヶ原:0.63km",
    "related": "PK-w1064525271(62m)",
    "attributes": "",
    "status": "provisional",
    "accuracyM": 30,
    "needsReview": "名称未確認、登山道が道路を横断する地点（途中の入口の可能性）、公式情報または2情報源での確認が必要",
    "sources": "OpenStreetMap（© OpenStreetMap contributors, ODbL 1.0）Geofabrik japan-latest.osm.pbf 2026-09-23T20:22:04Z node/1765055970（登山道と道路の接続点）",
    "verifiedAt": ""
   }
  },
  {
   "type": "Feature",
   "geometry": {
    "type": "Point",
    "coordinates": [
     133.6853338,
     33.9262978
    ]
   },
   "properties": {
    "id": "TH-n1793310484",
    "kind": "trailhead",
    "name": "（名称未確認）",
    "datum": "WGS84",
    "mountainIds": "749",
    "mountainNames": "塩塚峰",
    "lists": "四国百名山",
    "routes": "",
    "entryType": "一般道との接続",
    "trailKmToSummit": "塩塚峰:0.93km",
    "related": "",
    "attributes": "",
    "status": "candidate",
    "accuracyM": 30,
    "needsReview": "名称未確認、公式情報または2情報源での確認が必要",
    "sources": "OpenStreetMap（© OpenStreetMap contributors, ODbL 1.0）Geofabrik japan-latest.osm.pbf 2026-09-23T20:22:04Z node/1793310484（登山道と道路の接続点）",
    "verifiedAt": ""
   }
  },
  {
   "type": "Feature",
   "geometry": {
    "type": "Point",
    "coordinates": [
     133.76583,
     33.883341
    ]
   },
   "properties": {
    "id": "TH-n1793344548",
    "kind": "trailhead",
    "name": "（名称未確認）大歩危峡バス停付近",
    "datum": "WGS84",
    "mountainIds": "755",
    "mountainNames": "国見山",
    "lists": "四国百名山",
    "routes": "",
    "entryType": "一般道との接続",
    "trailKmToSummit": "国見山:3.98km",
    "related": "BS-kP11-22-36-bs1714(573m) BS-kP11-22-36-bs1715(573m) BS-kP11-22-36-bs1738(606m)",
    "attributes": "",
    "status": "provisional",
    "accuracyM": 30,
    "needsReview": "名称未確認、公式情報または2情報源での確認が必要",
    "sources": "OpenStreetMap（© OpenStreetMap contributors, ODbL 1.0）Geofabrik japan-latest.osm.pbf 2026-09-23T20:22:04Z node/1793344548（登山道と道路の接続点）",
    "verifiedAt": ""
   }
  },
  {
   "type": "Feature",
   "geometry": {
    "type": "Point",
    "coordinates": [
     133.765701,
     33.888173
    ]
   },
   "properties": {
    "id": "TH-n1793345107",
    "kind": "trailhead",
    "name": "（名称未確認）大歩危峡バス停付近",
    "datum": "WGS84",
    "mountainIds": "755",
    "mountainNames": "国見山",
    "lists": "四国百名山",
    "routes": "",
    "entryType": "一般道との接続",
    "trailKmToSummit": "国見山:5.81km",
    "related": "BS-kP11-22-36-bs1714(626m) BS-kP11-22-36-bs1715(626m) BS-kP11-22-36-bs1726(870m)",
    "attributes": "",
    "status": "provisional",
    "accuracyM": 30,
    "needsReview": "名称未確認、公式情報または2情報源での確認が必要",
    "sources": "OpenStreetMap（© OpenStreetMap contributors, ODbL 1.0）Geofabrik japan-latest.osm.pbf 2026-09-23T20:22:04Z node/1793345107（登山道と道路の接続点）",
    "verifiedAt": ""
   }
  },
  {
   "type": "Feature",
   "geometry": {
    "type": "Point",
    "coordinates": [
     133.7590642,
     33.9214703
    ]
   },
   "properties": {
    "id": "TH-n1793348226",
    "kind": "trailhead",
    "name": "（名称未確認）小歩危駅前バス停付近",
    "datum": "WGS84",
    "mountainIds": "755",
    "mountainNames": "国見山",
    "lists": "四国百名山",
    "routes": "",
    "entryType": "一般道（県道以上）との接続",
    "trailKmToSummit": "国見山:9.64km",
    "related": "BS-kP11-22-36-bs1605(78m) BS-kP11-22-36-bs1606(78m) BS-kP11-22-36-bs1586(567m)",
    "attributes": "",
    "status": "provisional",
    "accuracyM": 30,
    "needsReview": "名称未確認、公式情報または2情報源での確認が必要",
    "sources": "OpenStreetMap（© OpenStreetMap contributors, ODbL 1.0）Geofabrik japan-latest.osm.pbf 2026-09-23T20:22:04Z node/1793348226（登山道と道路の接続点）",
    "verifiedAt": ""
   }
  },
  {
   "type": "Feature",
   "geometry": {
    "type": "Point",
    "coordinates": [
     133.7231789,
     34.0309401
    ]
   },
   "properties": {
    "id": "TH-n1810764607",
    "kind": "trailhead",
    "name": "（名称未確認）",
    "datum": "WGS84",
    "mountainIds": "730",
    "mountainNames": "雲辺寺山",
    "lists": "四国百名山",
    "routes": "",
    "entryType": "一般道との接続",
    "trailKmToSummit": "雲辺寺山:0.69km",
    "related": "PK-n11416066169(77m)",
    "attributes": "",
    "status": "provisional",
    "accuracyM": 30,
    "needsReview": "名称未確認、公式情報または2情報源での確認が必要",
    "sources": "OpenStreetMap（© OpenStreetMap contributors, ODbL 1.0）Geofabrik japan-latest.osm.pbf 2026-09-23T20:22:04Z node/1810764607（登山道と道路の接続点）",
    "verifiedAt": ""
   }
  },
  {
   "type": "Feature",
   "geometry": {
    "type": "Point",
    "coordinates": [
     134.077189,
     33.873479
    ]
   },
   "properties": {
    "id": "TH-n1811071147",
    "kind": "trailhead",
    "name": "夫婦池（塔ノ丸登山口）",
    "datum": "WGS84",
    "mountainIds": "769 772",
    "mountainNames": "丸笹山、塔ノ丸",
    "lists": "四国百名山",
    "routes": "",
    "entryType": "一般道との接続",
    "trailKmToSummit": "丸笹山:1.36km 塔ノ丸:3.6km",
    "related": "",
    "attributes": "",
    "status": "adopted",
    "accuracyM": 15,
    "needsReview": "登山道が道路を横断する地点（途中の入口の可能性）、夫婦池は塔ノ丸の登山口、国土地理院の地名「夫婦池」とOSMの登山道の接続点の位置が一致（独立した2情報源）",
    "sources": "OpenStreetMap（© OpenStreetMap contributors, ODbL 1.0）Geofabrik japan-latest.osm.pbf 2026-09-23T20:22:04Z node/1811071147（登山道と道路の接続点） ｜ 国土地理院 地名検索「夫婦池」（33.872467, 134.077053、JGD2011、113m差）2026-09-20確認",
    "verifiedAt": "2026-09-20"
   }
  },
  {
   "type": "Feature",
   "geometry": {
    "type": "Point",
    "coordinates": [
     134.09503,
     33.913836
    ]
   },
   "properties": {
    "id": "TH-n1811074951",
    "kind": "trailhead",
    "name": "（名称未確認）",
    "datum": "WGS84",
    "mountainIds": "751",
    "mountainNames": "八面山",
    "lists": "四国百名山",
    "routes": "",
    "entryType": "一般道との接続",
    "trailKmToSummit": "八面山:1.22km",
    "related": "",
    "attributes": "",
    "status": "candidate",
    "accuracyM": 30,
    "needsReview": "名称未確認、公式情報または2情報源での確認が必要",
    "sources": "OpenStreetMap（© OpenStreetMap contributors, ODbL 1.0）Geofabrik japan-latest.osm.pbf 2026-09-23T20:22:04Z node/1811074951（登山道と道路の接続点）",
    "verifiedAt": ""
   }
  },
  {
   "type": "Feature",
   "geometry": {
    "type": "Point",
    "coordinates": [
     134.074998,
     33.931882
    ]
   },
   "properties": {
    "id": "TH-n1811075337",
    "kind": "trailhead",
    "name": "（名称未確認）",
    "datum": "WGS84",
    "mountainIds": "751",
    "mountainNames": "八面山",
    "lists": "四国百名山",
    "routes": "",
    "entryType": "一般道との接続",
    "trailKmToSummit": "八面山:2.92km",
    "related": "",
    "attributes": "",
    "status": "candidate",
    "accuracyM": 30,
    "needsReview": "名称未確認、公式情報または2情報源での確認が必要",
    "sources": "OpenStreetMap（© OpenStreetMap contributors, ODbL 1.0）Geofabrik japan-latest.osm.pbf 2026-09-23T20:22:04Z node/1811075337（登山道と道路の接続点）",
    "verifiedAt": ""
   }
  },
  {
   "type": "Feature",
   "geometry": {
    "type": "Point",
    "coordinates": [
     134.094865,
     33.942331
    ]
   },
   "properties": {
    "id": "TH-n1811075662",
    "kind": "trailhead",
    "name": "（名称未確認）",
    "datum": "WGS84",
    "mountainIds": "751",
    "mountainNames": "八面山",
    "lists": "四国百名山",
    "routes": "",
    "entryType": "一般道との接続",
    "trailKmToSummit": "八面山:2.84km",
    "related": "",
    "attributes": "",
    "status": "candidate",
    "accuracyM": 30,
    "needsReview": "名称未確認、公式情報または2情報源での確認が必要",
    "sources": "OpenStreetMap（© OpenStreetMap contributors, ODbL 1.0）Geofabrik japan-latest.osm.pbf 2026-09-23T20:22:04Z node/1811075662（登山道と道路の接続点）",
    "verifiedAt": ""
   }
  },
  {
   "type": "Feature",
   "geometry": {
    "type": "Point",
    "coordinates": [
     134.029757,
     33.916486
    ]
   },
   "properties": {
    "id": "TH-n1811083832",
    "kind": "trailhead",
    "name": "（名称未確認）",
    "datum": "WGS84",
    "mountainIds": "753",
    "mountainNames": "黒笠山",
    "lists": "四国百名山",
    "routes": "",
    "entryType": "一般道との接続",
    "trailKmToSummit": "黒笠山:2.78km",
    "related": "",
    "attributes": "",
    "status": "candidate",
    "accuracyM": 30,
    "needsReview": "名称未確認、公式情報または2情報源での確認が必要",
    "sources": "OpenStreetMap（© OpenStreetMap contributors, ODbL 1.0）Geofabrik japan-latest.osm.pbf 2026-09-23T20:22:04Z node/1811083832（登山道と道路の接続点）",
    "verifiedAt": ""
   }
  },
  {
   "type": "Feature",
   "geometry": {
    "type": "Point",
    "coordinates": [
     134.055264,
     33.933405
    ]
   },
   "properties": {
    "id": "TH-n1811085505",
    "kind": "trailhead",
    "name": "（名称未確認）",
    "datum": "WGS84",
    "mountainIds": "745",
    "mountainNames": "津志嶽",
    "lists": "四国百名山",
    "routes": "",
    "entryType": "一般道との接続",
    "trailKmToSummit": "津志嶽:5.09km",
    "related": "",
    "attributes": "",
    "status": "candidate",
    "accuracyM": 30,
    "needsReview": "名称未確認、公式情報または2情報源での確認が必要",
    "sources": "OpenStreetMap（© OpenStreetMap contributors, ODbL 1.0）Geofabrik japan-latest.osm.pbf 2026-09-23T20:22:04Z node/1811085505（登山道と道路の接続点）",
    "verifiedAt": ""
   }
  },
  {
   "type": "Feature",
   "geometry": {
    "type": "Point",
    "coordinates": [
     133.9951759,
     33.948724
    ]
   },
   "properties": {
    "id": "TH-n1811093493",
    "kind": "trailhead",
    "name": "（名称未確認）",
    "datum": "WGS84",
    "mountainIds": "743",
    "mountainNames": "石堂山",
    "lists": "四国百名山",
    "routes": "",
    "entryType": "一般道との接続",
    "trailKmToSummit": "石堂山:3.06km",
    "related": "",
    "attributes": "",
    "status": "candidate",
    "accuracyM": 30,
    "needsReview": "名称未確認、登山道が道路を横断する地点（途中の入口の可能性）、公式情報または2情報源での確認が必要",
    "sources": "OpenStreetMap（© OpenStreetMap contributors, ODbL 1.0）Geofabrik japan-latest.osm.pbf 2026-09-23T20:22:04Z node/1811093493（登山道と道路の接続点）",
    "verifiedAt": ""
   }
  },
  {
   "type": "Feature",
   "geometry": {
    "type": "Point",
    "coordinates": [
     134.11596,
     33.933241
    ]
   },
   "properties": {
    "id": "TH-n1847677898",
    "kind": "trailhead",
    "name": "（名称未確認）",
    "datum": "WGS84",
    "mountainIds": "751",
    "mountainNames": "八面山",
    "lists": "四国百名山",
    "routes": "",
    "entryType": "一般道との接続",
    "trailKmToSummit": "八面山:1.96km",
    "related": "",
    "attributes": "",
    "status": "candidate",
    "accuracyM": 30,
    "needsReview": "名称未確認、公式情報または2情報源での確認が必要",
    "sources": "OpenStreetMap（© OpenStreetMap contributors, ODbL 1.0）Geofabrik japan-latest.osm.pbf 2026-09-23T20:22:04Z node/1847677898（登山道と道路の接続点）",
    "verifiedAt": ""
   }
  },
  {
   "type": "Feature",
   "geometry": {
    "type": "Point",
    "coordinates": [
     134.128832,
     33.899245
    ]
   },
   "properties": {
    "id": "TH-n1847686343",
    "kind": "trailhead",
    "name": "（名称未確認）",
    "datum": "WGS84",
    "mountainIds": "769",
    "mountainNames": "丸笹山",
    "lists": "四国百名山",
    "routes": "",
    "entryType": "一般道との接続",
    "trailKmToSummit": "丸笹山:5.52km",
    "related": "",
    "attributes": "",
    "status": "candidate",
    "accuracyM": 30,
    "needsReview": "名称未確認、公式情報または2情報源での確認が必要",
    "sources": "OpenStreetMap（© OpenStreetMap contributors, ODbL 1.0）Geofabrik japan-latest.osm.pbf 2026-09-23T20:22:04Z node/1847686343（登山道と道路の接続点）",
    "verifiedAt": ""
   }
  },
  {
   "type": "Feature",
   "geometry": {
    "type": "Point",
    "coordinates": [
     134.2272375,
     33.9423897
    ]
   },
   "properties": {
    "id": "TH-n1847705204",
    "kind": "trailhead",
    "name": "（名称未確認）",
    "datum": "WGS84",
    "mountainIds": "738",
    "mountainNames": "東宮山",
    "lists": "四国百名山",
    "routes": "",
    "entryType": "一般道（県道以上）との接続",
    "trailKmToSummit": "東宮山:1.62km",
    "related": "PK-w1433253893(174m)",
    "attributes": "",
    "status": "provisional",
    "accuracyM": 30,
    "needsReview": "名称未確認、登山道が道路を横断する地点（途中の入口の可能性）、公式情報または2情報源での確認が必要",
    "sources": "OpenStreetMap（© OpenStreetMap contributors, ODbL 1.0）Geofabrik japan-latest.osm.pbf 2026-09-23T20:22:04Z node/1847705204（登山道と道路の接続点）",
    "verifiedAt": ""
   }
  },
  {
   "type": "Feature",
   "geometry": {
    "type": "Point",
    "coordinates": [
     134.1322006,
     34.1168277
    ]
   },
   "properties": {
    "id": "TH-n1848156070",
    "kind": "trailhead",
    "name": "（名称未確認）",
    "datum": "WGS84",
    "mountainIds": "720",
    "mountainNames": "大滝山",
    "lists": "四国百名山",
    "routes": "",
    "entryType": "一般道との接続",
    "trailKmToSummit": "大滝山:0.88km",
    "related": "",
    "attributes": "",
    "status": "candidate",
    "accuracyM": 30,
    "needsReview": "名称未確認、近くの道路にゲートあり（車両通行止め・季節閉鎖の可能性）、公式情報または2情報源での確認が必要",
    "sources": "OpenStreetMap（© OpenStreetMap contributors, ODbL 1.0）Geofabrik japan-latest.osm.pbf 2026-09-23T20:22:04Z node/1848156070（登山道と道路の接続点）",
    "verifiedAt": ""
   }
  },
  {
   "type": "Feature",
   "geometry": {
    "type": "Point",
    "coordinates": [
     134.1288346,
     34.1217716
    ]
   },
   "properties": {
    "id": "TH-n1848157817",
    "kind": "trailhead",
    "name": "（名称未確認）",
    "datum": "WGS84",
    "mountainIds": "720",
    "mountainNames": "大滝山",
    "lists": "四国百名山",
    "routes": "",
    "entryType": "一般道との接続",
    "trailKmToSummit": "大滝山:0.23km",
    "related": "",
    "attributes": "",
    "status": "candidate",
    "accuracyM": 30,
    "needsReview": "名称未確認、近くの道路にゲートあり（車両通行止め・季節閉鎖の可能性）、公式情報または2情報源での確認が必要",
    "sources": "OpenStreetMap（© OpenStreetMap contributors, ODbL 1.0）Geofabrik japan-latest.osm.pbf 2026-09-23T20:22:04Z node/1848157817（登山道と道路の接続点）",
    "verifiedAt": ""
   }
  },
  {
   "type": "Feature",
   "geometry": {
    "type": "Point",
    "coordinates": [
     134.5026576,
     33.9665859
    ]
   },
   "properties": {
    "id": "TH-n1849324734",
    "kind": "trailhead",
    "name": "（名称未確認）",
    "datum": "WGS84",
    "mountainIds": "737",
    "mountainNames": "中津峰山",
    "lists": "四国百名山",
    "routes": "",
    "entryType": "一般道との接続",
    "trailKmToSummit": "中津峰山:0.82km",
    "related": "PK-n415526417(183m) PK-n415526403(390m)",
    "attributes": "",
    "status": "provisional",
    "accuracyM": 30,
    "needsReview": "名称未確認、公式情報または2情報源での確認が必要",
    "sources": "OpenStreetMap（© OpenStreetMap contributors, ODbL 1.0）Geofabrik japan-latest.osm.pbf 2026-09-23T20:22:04Z node/1849324734（登山道と道路の接続点）",
    "verifiedAt": ""
   }
  },
  {
   "type": "Feature",
   "geometry": {
    "type": "Point",
    "coordinates": [
     134.289227,
     33.912128
    ]
   },
   "properties": {
    "id": "TH-n1853841487",
    "kind": "trailhead",
    "name": "（名称未確認）",
    "datum": "WGS84",
    "mountainIds": "756",
    "mountainNames": "雲早山",
    "lists": "四国百名山",
    "routes": "",
    "entryType": "一般道との接続",
    "trailKmToSummit": "雲早山:1.18km",
    "related": "",
    "attributes": "",
    "status": "candidate",
    "accuracyM": 30,
    "needsReview": "名称未確認、公式情報または2情報源での確認が必要",
    "sources": "OpenStreetMap（© OpenStreetMap contributors, ODbL 1.0）Geofabrik japan-latest.osm.pbf 2026-09-23T20:22:04Z node/1853841487（登山道と道路の接続点）",
    "verifiedAt": ""
   }
  },
  {
   "type": "Feature",
   "geometry": {
    "type": "Point",
    "coordinates": [
     134.2311655,
     33.9421796
    ]
   },
   "properties": {
    "id": "TH-n1853850865",
    "kind": "trailhead",
    "name": "（名称未確認）",
    "datum": "WGS84",
    "mountainIds": "738",
    "mountainNames": "東宮山",
    "lists": "四国百名山",
    "routes": "",
    "entryType": "道路の終点付近",
    "trailKmToSummit": "東宮山:1.49km",
    "related": "PK-w1433253893(312m)",
    "attributes": "",
    "status": "provisional",
    "accuracyM": 30,
    "needsReview": "名称未確認、林道からの入口（マイカー進入可否を要確認）、公式情報または2情報源での確認が必要",
    "sources": "OpenStreetMap（© OpenStreetMap contributors, ODbL 1.0）Geofabrik japan-latest.osm.pbf 2026-09-23T20:22:04Z node/1853850865（登山道と道路の接続点）",
    "verifiedAt": ""
   }
  },
  {
   "type": "Feature",
   "geometry": {
    "type": "Point",
    "coordinates": [
     134.2391529,
     33.943311
    ]
   },
   "properties": {
    "id": "TH-n1853851050",
    "kind": "trailhead",
    "name": "（名称未確認）勘場バス停付近",
    "datum": "WGS84",
    "mountainIds": "738",
    "mountainNames": "東宮山",
    "lists": "四国百名山",
    "routes": "",
    "entryType": "一般道との接続",
    "trailKmToSummit": "東宮山:1.72km",
    "related": "BS-kP11-22-36-bs1518(357m)",
    "attributes": "",
    "status": "provisional",
    "accuracyM": 30,
    "needsReview": "名称未確認、公式情報または2情報源での確認が必要",
    "sources": "OpenStreetMap（© OpenStreetMap contributors, ODbL 1.0）Geofabrik japan-latest.osm.pbf 2026-09-23T20:22:04Z node/1853851050（登山道と道路の接続点）",
    "verifiedAt": ""
   }
  },
  {
   "type": "Feature",
   "geometry": {
    "type": "Point",
    "coordinates": [
     134.1992974,
     34.1999379
    ]
   },
   "properties": {
    "id": "TH-n1882033623",
    "kind": "trailhead",
    "name": "（名称未確認）",
    "datum": "WGS84",
    "mountainIds": "715",
    "mountainNames": "女体山",
    "lists": "四国百名山",
    "routes": "",
    "entryType": "一般道との接続",
    "trailKmToSummit": "女体山:0.63km",
    "related": "",
    "attributes": "OSM登山ルート: 四国遍路 87番札所長尾寺~88番札所大窪寺",
    "status": "candidate",
    "accuracyM": 30,
    "needsReview": "名称未確認、公式情報または2情報源での確認が必要",
    "sources": "OpenStreetMap（© OpenStreetMap contributors, ODbL 1.0）Geofabrik japan-latest.osm.pbf 2026-09-23T20:22:04Z node/1882033623（登山道と道路の接続点）",
    "verifiedAt": ""
   }
  },
  {
   "type": "Feature",
   "geometry": {
    "type": "Point",
    "coordinates": [
     134.5567423,
     33.8706557
    ]
   },
   "properties": {
    "id": "TH-n1890946778",
    "kind": "trailhead",
    "name": "（名称未確認）阿瀬比バス停付近",
    "datum": "WGS84",
    "mountainIds": "770",
    "mountainNames": "太竜寺山",
    "lists": "四国百名山",
    "routes": "",
    "entryType": "一般道（県道以上）との接続",
    "trailKmToSummit": "太竜寺山:4.4km",
    "related": "PK-w1469666782(243m) PK-w1469666781(416m) BS-kP11-22-36-bs1831(112m) BS-kP11-22-36-bs1843(511m)",
    "attributes": "",
    "status": "provisional",
    "accuracyM": 30,
    "needsReview": "名称未確認、公式情報または2情報源での確認が必要",
    "sources": "OpenStreetMap（© OpenStreetMap contributors, ODbL 1.0）Geofabrik japan-latest.osm.pbf 2026-09-23T20:22:04Z node/1890946778（登山道と道路の接続点）",
    "verifiedAt": ""
   }
  },
  {
   "type": "Feature",
   "geometry": {
    "type": "Point",
    "coordinates": [
     134.5033282,
     34.1735331
    ]
   },
   "properties": {
    "id": "TH-n1914942704",
    "kind": "trailhead",
    "name": "（名称未確認）第1駐車場付近",
    "datum": "WGS84",
    "mountainIds": "717",
    "mountainNames": "大麻山",
    "lists": "四国百名山",
    "routes": "",
    "entryType": "一般道との接続",
    "trailKmToSummit": "大麻山:1.74km",
    "related": "PK-w320017909(433m) PK-w772413596(446m)",
    "attributes": "",
    "status": "provisional",
    "accuracyM": 30,
    "needsReview": "名称未確認、近くの道路にゲートあり（車両通行止め・季節閉鎖の可能性）、公式情報または2情報源での確認が必要",
    "sources": "OpenStreetMap（© OpenStreetMap contributors, ODbL 1.0）Geofabrik japan-latest.osm.pbf 2026-09-23T20:22:04Z node/1914942704（登山道と道路の接続点）",
    "verifiedAt": ""
   }
  },
  {
   "type": "Feature",
   "geometry": {
    "type": "Point",
    "coordinates": [
     133.851828,
     34.27094
    ]
   },
   "properties": {
    "id": "TH-n1951923044",
    "kind": "trailhead",
    "name": "（名称未確認）北岡バス停付近",
    "datum": "WGS84",
    "mountainIds": "697",
    "mountainNames": "飯野山",
    "lists": "四国百名山",
    "routes": "",
    "entryType": "一般道との接続",
    "trailKmToSummit": "飯野山:0.79km",
    "related": "PK-w1394465677(297m) PK-w1394465678(318m) PK-w1394465660(381m) BS-kP11-22-37-bs736(377m) BS-kP11-22-37-bs736(377m) BS-kP11-22-37-bs736(377m)",
    "attributes": "",
    "status": "provisional",
    "accuracyM": 30,
    "needsReview": "名称未確認、登山道が道路を横断する地点（途中の入口の可能性）、近くの道路にゲートあり（車両通行止め・季節閉鎖の可能性）、公式情報または2情報源での確認が必要",
    "sources": "OpenStreetMap（© OpenStreetMap contributors, ODbL 1.0）Geofabrik japan-latest.osm.pbf 2026-09-23T20:22:04Z node/1951923044（登山道と道路の接続点）",
    "verifiedAt": ""
   }
  },
  {
   "type": "Feature",
   "geometry": {
    "type": "Point",
    "coordinates": [
     133.1032274,
     33.7262607
    ]
   },
   "properties": {
    "id": "TH-n1954794489",
    "kind": "trailhead",
    "name": "面河第一キャンプ場",
    "datum": "WGS84",
    "mountainIds": "798 799 803",
    "mountainNames": "二ノ森、堂ヶ森、石鎚山",
    "lists": "四国百名山|日本百名山|日本二百名山|日本三百名山",
    "routes": "",
    "entryType": "施設（山小屋・宿・キャンプ場）からの入口",
    "trailKmToSummit": "二ノ森:9.47km 堂ヶ森:12.36km 石鎚山:7.31km",
    "related": "PK-n1954794575(203m)",
    "attributes": "",
    "status": "provisional",
    "accuracyM": 15,
    "needsReview": "公式情報または2情報源での確認が必要",
    "sources": "OpenStreetMap（© OpenStreetMap contributors, ODbL 1.0）Geofabrik japan-latest.osm.pbf 2026-09-23T20:22:04Z node/1954794489",
    "verifiedAt": ""
   }
  },
  {
   "type": "Feature",
   "geometry": {
    "type": "Point",
    "coordinates": [
     133.8436764,
     34.2799884
    ]
   },
   "properties": {
    "id": "TH-n1986508880",
    "kind": "trailhead",
    "name": "（名称未確認）ふれあいセンターいいのバス停付近",
    "datum": "WGS84",
    "mountainIds": "697",
    "mountainNames": "飯野山",
    "lists": "四国百名山",
    "routes": "",
    "entryType": "道路の終点付近",
    "trailKmToSummit": "飯野山:0.99km",
    "related": "BS-kP11-22-37-bs668(896m) BS-kP11-22-37-bs668(896m) BS-kP11-22-37-bs668(896m)",
    "attributes": "",
    "status": "provisional",
    "accuracyM": 30,
    "needsReview": "名称未確認、近くの道路にゲートあり（車両通行止め・季節閉鎖の可能性）、林道からの入口（マイカー進入可否を要確認）、公式情報または2情報源での確認が必要",
    "sources": "OpenStreetMap（© OpenStreetMap contributors, ODbL 1.0）Geofabrik japan-latest.osm.pbf 2026-09-23T20:22:04Z node/1986508880（登山道と道路の接続点）",
    "verifiedAt": ""
   }
  },
  {
   "type": "Feature",
   "geometry": {
    "type": "Point",
    "coordinates": [
     134.0514549,
     34.1135485
    ]
   },
   "properties": {
    "id": "TH-n1993045555",
    "kind": "trailhead",
    "name": "（名称未確認）",
    "datum": "WGS84",
    "mountainIds": "773",
    "mountainNames": "竜王山",
    "lists": "四国百名山",
    "routes": "",
    "entryType": "道路の終点付近",
    "trailKmToSummit": "竜王山:0.38km",
    "related": "PK-w1158584610(345m)",
    "attributes": "",
    "status": "provisional",
    "accuracyM": 30,
    "needsReview": "名称未確認、林道からの入口（マイカー進入可否を要確認）、公式情報または2情報源での確認が必要",
    "sources": "OpenStreetMap（© OpenStreetMap contributors, ODbL 1.0）Geofabrik japan-latest.osm.pbf 2026-09-23T20:22:04Z node/1993045555（登山道と道路の接続点）",
    "verifiedAt": ""
   }
  },
  {
   "type": "Feature",
   "geometry": {
    "type": "Point",
    "coordinates": [
     134.0520785,
     34.1170714
    ]
   },
   "properties": {
    "id": "TH-n1993046131",
    "kind": "trailhead",
    "name": "（名称未確認）",
    "datum": "WGS84",
    "mountainIds": "773",
    "mountainNames": "竜王山",
    "lists": "四国百名山",
    "routes": "",
    "entryType": "道路の終点付近",
    "trailKmToSummit": "竜王山:0.4km",
    "related": "PK-w1158584610(330m)",
    "attributes": "",
    "status": "provisional",
    "accuracyM": 30,
    "needsReview": "名称未確認、林道からの入口（マイカー進入可否を要確認）、公式情報または2情報源での確認が必要",
    "sources": "OpenStreetMap（© OpenStreetMap contributors, ODbL 1.0）Geofabrik japan-latest.osm.pbf 2026-09-23T20:22:04Z node/1993046131（登山道と道路の接続点）",
    "verifiedAt": ""
   }
  },
  {
   "type": "Feature",
   "geometry": {
    "type": "Point",
    "coordinates": [
     133.9391944,
     34.1122953
    ]
   },
   "properties": {
    "id": "TH-n2014457916",
    "kind": "trailhead",
    "name": "（名称未確認）",
    "datum": "WGS84",
    "mountainIds": "721",
    "mountainNames": "大川山",
    "lists": "四国百名山",
    "routes": "",
    "entryType": "一般道との接続",
    "trailKmToSummit": "大川山:0.32km",
    "related": "",
    "attributes": "",
    "status": "candidate",
    "accuracyM": 30,
    "needsReview": "名称未確認、公式情報または2情報源での確認が必要",
    "sources": "OpenStreetMap（© OpenStreetMap contributors, ODbL 1.0）Geofabrik japan-latest.osm.pbf 2026-09-23T20:22:04Z node/2014457916（登山道と道路の接続点）",
    "verifiedAt": ""
   }
  },
  {
   "type": "Feature",
   "geometry": {
    "type": "Point",
    "coordinates": [
     133.9427535,
     34.1150893
    ]
   },
   "properties": {
    "id": "TH-n2014459171",
    "kind": "trailhead",
    "name": "（名称未確認）",
    "datum": "WGS84",
    "mountainIds": "721",
    "mountainNames": "大川山",
    "lists": "四国百名山",
    "routes": "",
    "entryType": "一般道との接続",
    "trailKmToSummit": "大川山:0.28km",
    "related": "",
    "attributes": "",
    "status": "candidate",
    "accuracyM": 30,
    "needsReview": "名称未確認、公式情報または2情報源での確認が必要",
    "sources": "OpenStreetMap（© OpenStreetMap contributors, ODbL 1.0）Geofabrik japan-latest.osm.pbf 2026-09-23T20:22:04Z node/2014459171（登山道と道路の接続点）",
    "verifiedAt": ""
   }
  },
  {
   "type": "Feature",
   "geometry": {
    "type": "Point",
    "coordinates": [
     133.9373302,
     34.1191082
    ]
   },
   "properties": {
    "id": "TH-n2014460791",
    "kind": "trailhead",
    "name": "（名称未確認）",
    "datum": "WGS84",
    "mountainIds": "721",
    "mountainNames": "大川山",
    "lists": "四国百名山",
    "routes": "",
    "entryType": "一般道との接続",
    "trailKmToSummit": "大川山:0.49km",
    "related": "",
    "attributes": "",
    "status": "candidate",
    "accuracyM": 30,
    "needsReview": "名称未確認、公式情報または2情報源での確認が必要",
    "sources": "OpenStreetMap（© OpenStreetMap contributors, ODbL 1.0）Geofabrik japan-latest.osm.pbf 2026-09-23T20:22:04Z node/2014460791（登山道と道路の接続点）",
    "verifiedAt": ""
   }
  },
  {
   "type": "Feature",
   "geometry": {
    "type": "Point",
    "coordinates": [
     134.0392884,
     34.1205872
    ]
   },
   "properties": {
    "id": "TH-n2014461235",
    "kind": "trailhead",
    "name": "（名称未確認）",
    "datum": "WGS84",
    "mountainIds": "773",
    "mountainNames": "竜王山",
    "lists": "四国百名山",
    "routes": "",
    "entryType": "一般道（県道以上）との接続",
    "trailKmToSummit": "竜王山:1.31km",
    "related": "",
    "attributes": "",
    "status": "candidate",
    "accuracyM": 30,
    "needsReview": "名称未確認、公式情報または2情報源での確認が必要",
    "sources": "OpenStreetMap（© OpenStreetMap contributors, ODbL 1.0）Geofabrik japan-latest.osm.pbf 2026-09-23T20:22:04Z node/2014461235（登山道と道路の接続点）",
    "verifiedAt": ""
   }
  },
  {
   "type": "Feature",
   "geometry": {
    "type": "Point",
    "coordinates": [
     132.545012,
     33.319612
    ]
   },
   "properties": {
    "id": "TH-n2045547030",
    "kind": "trailhead",
    "name": "（名称未確認）",
    "datum": "WGS84",
    "mountainIds": "847",
    "mountainNames": "高森山",
    "lists": "四国百名山",
    "routes": "",
    "entryType": "一般道との接続",
    "trailKmToSummit": "高森山:1.14km",
    "related": "",
    "attributes": "",
    "status": "candidate",
    "accuracyM": 30,
    "needsReview": "名称未確認、公式情報または2情報源での確認が必要",
    "sources": "OpenStreetMap（© OpenStreetMap contributors, ODbL 1.0）Geofabrik japan-latest.osm.pbf 2026-09-23T20:22:04Z node/2045547030（登山道と道路の接続点）",
    "verifiedAt": ""
   }
  },
  {
   "type": "Feature",
   "geometry": {
    "type": "Point",
    "coordinates": [
     132.558299,
     33.322928
    ]
   },
   "properties": {
    "id": "TH-n2045548179",
    "kind": "trailhead",
    "name": "（名称未確認）",
    "datum": "WGS84",
    "mountainIds": "847",
    "mountainNames": "高森山",
    "lists": "四国百名山",
    "routes": "",
    "entryType": "一般道との接続",
    "trailKmToSummit": "高森山:1.81km",
    "related": "",
    "attributes": "",
    "status": "candidate",
    "accuracyM": 30,
    "needsReview": "名称未確認、公式情報または2情報源での確認が必要",
    "sources": "OpenStreetMap（© OpenStreetMap contributors, ODbL 1.0）Geofabrik japan-latest.osm.pbf 2026-09-23T20:22:04Z node/2045548179（登山道と道路の接続点）",
    "verifiedAt": ""
   }
  },
  {
   "type": "Feature",
   "geometry": {
    "type": "Point",
    "coordinates": [
     132.650661,
     33.067227
    ]
   },
   "properties": {
    "id": "TH-n2045579864",
    "kind": "trailhead",
    "name": "（名称未確認）",
    "datum": "WGS84",
    "mountainIds": "867",
    "mountainNames": "篠山",
    "lists": "日本三百名山|四国百名山",
    "routes": "",
    "entryType": "一般道との接続",
    "trailKmToSummit": "篠山:2.73km",
    "related": "",
    "attributes": "",
    "status": "candidate",
    "accuracyM": 30,
    "needsReview": "名称未確認、公式情報または2情報源での確認が必要",
    "sources": "OpenStreetMap（© OpenStreetMap contributors, ODbL 1.0）Geofabrik japan-latest.osm.pbf 2026-09-23T20:22:04Z node/2045579864（登山道と道路の接続点）",
    "verifiedAt": ""
   }
  },
  {
   "type": "Feature",
   "geometry": {
    "type": "Point",
    "coordinates": [
     132.655484,
     33.0800709
    ]
   },
   "properties": {
    "id": "TH-n2045582818",
    "kind": "trailhead",
    "name": "（名称未確認）祓川温泉付近",
    "datum": "WGS84",
    "mountainIds": "867",
    "mountainNames": "篠山",
    "lists": "日本三百名山|四国百名山",
    "routes": "",
    "entryType": "一般道との接続",
    "trailKmToSummit": "篠山:4.48km",
    "related": "PK-w699811632(377m) PK-n6479492226(383m)",
    "attributes": "",
    "status": "provisional",
    "accuracyM": 30,
    "needsReview": "名称未確認、登山道が道路を横断する地点（途中の入口の可能性）、公式情報または2情報源での確認が必要",
    "sources": "OpenStreetMap（© OpenStreetMap contributors, ODbL 1.0）Geofabrik japan-latest.osm.pbf 2026-09-23T20:22:04Z node/2045582818（登山道と道路の接続点）",
    "verifiedAt": ""
   }
  },
  {
   "type": "Feature",
   "geometry": {
    "type": "Point",
    "coordinates": [
     132.606371,
     33.135106
    ]
   },
   "properties": {
    "id": "TH-n2045596176",
    "kind": "trailhead",
    "name": "（名称未確認）",
    "datum": "WGS84",
    "mountainIds": "860",
    "mountainNames": "譲ヶ葉森",
    "lists": "四国百名山",
    "routes": "",
    "entryType": "一般道との接続",
    "trailKmToSummit": "譲ヶ葉森:2.14km",
    "related": "",
    "attributes": "",
    "status": "candidate",
    "accuracyM": 30,
    "needsReview": "名称未確認、公式情報または2情報源での確認が必要",
    "sources": "OpenStreetMap（© OpenStreetMap contributors, ODbL 1.0）Geofabrik japan-latest.osm.pbf 2026-09-23T20:22:04Z node/2045596176（登山道と道路の接続点）",
    "verifiedAt": ""
   }
  },
  {
   "type": "Feature",
   "geometry": {
    "type": "Point",
    "coordinates": [
     132.603372,
     33.1874106
    ]
   },
   "properties": {
    "id": "TH-n2045614046",
    "kind": "trailhead",
    "name": "（名称未確認）",
    "datum": "WGS84",
    "mountainIds": "853 854",
    "mountainNames": "鬼ヶ城山、三本杭",
    "lists": "四国百名山|日本三百名山",
    "routes": "",
    "entryType": "一般道との接続",
    "trailKmToSummit": "鬼ヶ城山:0.69km 三本杭:5.39km",
    "related": "",
    "attributes": "",
    "status": "candidate",
    "accuracyM": 30,
    "needsReview": "名称未確認、公式情報または2情報源での確認が必要",
    "sources": "OpenStreetMap（© OpenStreetMap contributors, ODbL 1.0）Geofabrik japan-latest.osm.pbf 2026-09-23T20:22:04Z node/2045614046（登山道と道路の接続点）",
    "verifiedAt": ""
   }
  },
  {
   "type": "Feature",
   "geometry": {
    "type": "Point",
    "coordinates": [
     132.6088627,
     33.1966643
    ]
   },
   "properties": {
    "id": "TH-n2045617573",
    "kind": "trailhead",
    "name": "（名称未確認）",
    "datum": "WGS84",
    "mountainIds": "852 853 854",
    "mountainNames": "高月山、鬼ヶ城山、三本杭",
    "lists": "四国百名山|日本三百名山",
    "routes": "",
    "entryType": "一般道との接続",
    "trailKmToSummit": "高月山:7.02km 鬼ヶ城山:0.67km 三本杭:4.38km",
    "related": "",
    "attributes": "",
    "status": "candidate",
    "accuracyM": 30,
    "needsReview": "名称未確認、公式情報または2情報源での確認が必要",
    "sources": "OpenStreetMap（© OpenStreetMap contributors, ODbL 1.0）Geofabrik japan-latest.osm.pbf 2026-09-23T20:22:04Z node/2045617573（登山道と道路の接続点）",
    "verifiedAt": ""
   }
  },
  {
   "type": "Feature",
   "geometry": {
    "type": "Point",
    "coordinates": [
     132.641603,
     33.200575
    ]
   },
   "properties": {
    "id": "TH-n2045618940",
    "kind": "trailhead",
    "name": "（名称未確認）",
    "datum": "WGS84",
    "mountainIds": "852",
    "mountainNames": "高月山",
    "lists": "四国百名山",
    "routes": "",
    "entryType": "一般道との接続",
    "trailKmToSummit": "高月山:1.11km",
    "related": "",
    "attributes": "",
    "status": "candidate",
    "accuracyM": 30,
    "needsReview": "名称未確認、公式情報または2情報源での確認が必要",
    "sources": "OpenStreetMap（© OpenStreetMap contributors, ODbL 1.0）Geofabrik japan-latest.osm.pbf 2026-09-23T20:22:04Z node/2045618940（登山道と道路の接続点）",
    "verifiedAt": ""
   }
  },
  {
   "type": "Feature",
   "geometry": {
    "type": "Point",
    "coordinates": [
     132.64964,
     33.201999
    ]
   },
   "properties": {
    "id": "TH-n2045619323",
    "kind": "trailhead",
    "name": "滑床（高月山・三本杭方面）",
    "datum": "WGS84",
    "mountainIds": "852",
    "mountainNames": "高月山",
    "lists": "四国百名山",
    "routes": "",
    "entryType": "一般道との接続",
    "trailKmToSummit": "高月山:1.73km",
    "related": "",
    "attributes": "",
    "status": "adopted",
    "accuracyM": 15,
    "needsReview": "登山道が道路を横断する地点（途中の入口の可能性）、滑床は三本杭・高月山方面の入口にあたる、国土地理院の地名との差が209mあり、登山口そのものの位置は目視未確認",
    "sources": "OpenStreetMap（© OpenStreetMap contributors, ODbL 1.0）Geofabrik japan-latest.osm.pbf 2026-09-23T20:22:04Z node/2045619323（登山道と道路の接続点） ｜ 国土地理院 地名検索「滑床」（33.201875, 132.651880、JGD2011、209m差）2026-09-20確認",
    "verifiedAt": "2026-09-20"
   }
  },
  {
   "type": "Feature",
   "geometry": {
    "type": "Point",
    "coordinates": [
     132.6590932,
     33.2034718
    ]
   },
   "properties": {
    "id": "TH-n2045619674",
    "kind": "trailhead",
    "name": "（名称未確認）",
    "datum": "WGS84",
    "mountainIds": "852 853 854",
    "mountainNames": "高月山、鬼ヶ城山、三本杭",
    "lists": "四国百名山|日本三百名山",
    "routes": "",
    "entryType": "一般道（県道以上）との接続",
    "trailKmToSummit": "高月山:2.66km 鬼ヶ城山:6.56km 三本杭:3.51km",
    "related": "",
    "attributes": "",
    "status": "candidate",
    "accuracyM": 30,
    "needsReview": "名称未確認、公式情報または2情報源での確認が必要",
    "sources": "OpenStreetMap（© OpenStreetMap contributors, ODbL 1.0）Geofabrik japan-latest.osm.pbf 2026-09-23T20:22:04Z node/2045619674（登山道と道路の接続点）",
    "verifiedAt": ""
   }
  },
  {
   "type": "Feature",
   "geometry": {
    "type": "Point",
    "coordinates": [
     133.8111317,
     34.1949837
    ]
   },
   "properties": {
    "id": "TH-n2061596030",
    "kind": "trailhead",
    "name": "（名称未確認）高橋会館前バス停付近",
    "datum": "WGS84",
    "mountainIds": "716",
    "mountainNames": "大麻山",
    "lists": "四国百名山",
    "routes": "",
    "entryType": "一般道との接続",
    "trailKmToSummit": "大麻山:3.75km",
    "related": "PK-w1250754776(430m) PK-w1250754773(470m) BS-kP11-22-37-bs1453(232m) BS-kP11-22-37-bs1456(234m) BS-kP11-22-37-bs1456(234m)",
    "attributes": "",
    "status": "provisional",
    "accuracyM": 30,
    "needsReview": "名称未確認、公式情報または2情報源での確認が必要",
    "sources": "OpenStreetMap（© OpenStreetMap contributors, ODbL 1.0）Geofabrik japan-latest.osm.pbf 2026-09-23T20:22:04Z node/2061596030（登山道と道路の接続点）",
    "verifiedAt": ""
   }
  },
  {
   "type": "Feature",
   "geometry": {
    "type": "Point",
    "coordinates": [
     133.7834166,
     34.1977135
    ]
   },
   "properties": {
    "id": "TH-n2061596176",
    "kind": "trailhead",
    "name": "（名称未確認）",
    "datum": "WGS84",
    "mountainIds": "716",
    "mountainNames": "大麻山",
    "lists": "四国百名山",
    "routes": "",
    "entryType": "一般道との接続",
    "trailKmToSummit": "大麻山:0.61km",
    "related": "PK-w648404805(342m)",
    "attributes": "",
    "status": "provisional",
    "accuracyM": 30,
    "needsReview": "名称未確認、登山道が道路を横断する地点（途中の入口の可能性）、公式情報または2情報源での確認が必要",
    "sources": "OpenStreetMap（© OpenStreetMap contributors, ODbL 1.0）Geofabrik japan-latest.osm.pbf 2026-09-23T20:22:04Z node/2061596176（登山道と道路の接続点）",
    "verifiedAt": ""
   }
  },
  {
   "type": "Feature",
   "geometry": {
    "type": "Point",
    "coordinates": [
     133.7904366,
     34.1937038
    ]
   },
   "properties": {
    "id": "TH-n2065201882",
    "kind": "trailhead",
    "name": "（名称未確認）",
    "datum": "WGS84",
    "mountainIds": "716",
    "mountainNames": "大麻山",
    "lists": "四国百名山",
    "routes": "",
    "entryType": "一般道との接続",
    "trailKmToSummit": "大麻山:0.38km",
    "related": "PK-w648409895(49m)",
    "attributes": "",
    "status": "provisional",
    "accuracyM": 30,
    "needsReview": "名称未確認、登山道が道路を横断する地点（途中の入口の可能性）、公式情報または2情報源での確認が必要",
    "sources": "OpenStreetMap（© OpenStreetMap contributors, ODbL 1.0）Geofabrik japan-latest.osm.pbf 2026-09-23T20:22:04Z node/2065201882（登山道と道路の接続点）",
    "verifiedAt": ""
   }
  },
  {
   "type": "Feature",
   "geometry": {
    "type": "Point",
    "coordinates": [
     133.741036,
     34.212584
    ]
   },
   "properties": {
    "id": "TH-n2065619670",
    "kind": "trailhead",
    "name": "（名称未確認）",
    "datum": "WGS84",
    "mountainIds": "713",
    "mountainNames": "我拝師山",
    "lists": "四国百名山",
    "routes": "",
    "entryType": "一般道との接続",
    "trailKmToSummit": "我拝師山:1.38km",
    "related": "",
    "attributes": "",
    "status": "candidate",
    "accuracyM": 30,
    "needsReview": "名称未確認、登山道が道路を横断する地点（途中の入口の可能性）、公式情報または2情報源での確認が必要",
    "sources": "OpenStreetMap（© OpenStreetMap contributors, ODbL 1.0）Geofabrik japan-latest.osm.pbf 2026-09-23T20:22:04Z node/2065619670（登山道と道路の接続点）",
    "verifiedAt": ""
   }
  },
  {
   "type": "Feature",
   "geometry": {
    "type": "Point",
    "coordinates": [
     133.6018297,
     34.2457644
    ]
   },
   "properties": {
    "id": "TH-n2065632017",
    "kind": "trailhead",
    "name": "（名称未確認）小久保バス停付近",
    "datum": "WGS84",
    "mountainIds": "702",
    "mountainNames": "紫雲出山",
    "lists": "四国百名山",
    "routes": "",
    "entryType": "一般道との接続",
    "trailKmToSummit": "紫雲出山:0.61km",
    "related": "PK-w94727901(403m) PK-w94727836(410m) BS-kP11-22-37-bs931(584m) BS-kP11-22-37-bs962(621m) BS-kP11-22-37-bs916(735m)",
    "attributes": "",
    "status": "provisional",
    "accuracyM": 30,
    "needsReview": "名称未確認、登山道が道路を横断する地点（途中の入口の可能性）、公式情報または2情報源での確認が必要",
    "sources": "OpenStreetMap（© OpenStreetMap contributors, ODbL 1.0）Geofabrik japan-latest.osm.pbf 2026-09-23T20:22:04Z node/2065632017（登山道と道路の接続点）",
    "verifiedAt": ""
   }
  },
  {
   "type": "Feature",
   "geometry": {
    "type": "Point",
    "coordinates": [
     133.5857662,
     34.254254
    ]
   },
   "properties": {
    "id": "TH-n2065633425",
    "kind": "trailhead",
    "name": "（名称未確認）箱バス停付近",
    "datum": "WGS84",
    "mountainIds": "702",
    "mountainNames": "紫雲出山",
    "lists": "四国百名山",
    "routes": "OSM登山道「四国の道」",
    "entryType": "一般道との接続",
    "trailKmToSummit": "紫雲出山:1.79km",
    "related": "PK-w864500611(305m) BS-kP11-22-37-bs875(342m) BS-kP11-22-37-bs860(506m) BS-kP11-22-37-bs926(591m)",
    "attributes": "",
    "status": "provisional",
    "accuracyM": 30,
    "needsReview": "名称未確認、公式情報または2情報源での確認が必要",
    "sources": "OpenStreetMap（© OpenStreetMap contributors, ODbL 1.0）Geofabrik japan-latest.osm.pbf 2026-09-23T20:22:04Z node/2065633425（登山道と道路の接続点）",
    "verifiedAt": ""
   }
  },
  {
   "type": "Feature",
   "geometry": {
    "type": "Point",
    "coordinates": [
     134.191137,
     34.0143739
    ]
   },
   "properties": {
    "id": "TH-n2067522216",
    "kind": "trailhead",
    "name": "（名称未確認）",
    "datum": "WGS84",
    "mountainIds": "732",
    "mountainNames": "高越山",
    "lists": "四国百名山",
    "routes": "",
    "entryType": "一般道との接続",
    "trailKmToSummit": "高越山:0.55km",
    "related": "PK-n8668196765(15m)",
    "attributes": "",
    "status": "provisional",
    "accuracyM": 30,
    "needsReview": "名称未確認、公式情報または2情報源での確認が必要",
    "sources": "OpenStreetMap（© OpenStreetMap contributors, ODbL 1.0）Geofabrik japan-latest.osm.pbf 2026-09-23T20:22:04Z node/2067522216（登山道と道路の接続点）",
    "verifiedAt": ""
   }
  },
  {
   "type": "Feature",
   "geometry": {
    "type": "Point",
    "coordinates": [
     134.2081615,
     34.0287024
    ]
   },
   "properties": {
    "id": "TH-n2067528597",
    "kind": "trailhead",
    "name": "（名称未確認）",
    "datum": "WGS84",
    "mountainIds": "732",
    "mountainNames": "高越山",
    "lists": "四国百名山",
    "routes": "",
    "entryType": "一般道との接続",
    "trailKmToSummit": "高越山:1.93km",
    "related": "",
    "attributes": "",
    "status": "candidate",
    "accuracyM": 30,
    "needsReview": "名称未確認、公式情報または2情報源での確認が必要",
    "sources": "OpenStreetMap（© OpenStreetMap contributors, ODbL 1.0）Geofabrik japan-latest.osm.pbf 2026-09-23T20:22:04Z node/2067528597（登山道と道路の接続点）",
    "verifiedAt": ""
   }
  },
  {
   "type": "Feature",
   "geometry": {
    "type": "Point",
    "coordinates": [
     133.8157974,
     34.1901673
    ]
   },
   "properties": {
    "id": "TH-n2094258984",
    "kind": "trailhead",
    "name": "（名称未確認）タイムズ付近",
    "datum": "WGS84",
    "mountainIds": "716",
    "mountainNames": "大麻山",
    "lists": "四国百名山",
    "routes": "",
    "entryType": "一般道との接続",
    "trailKmToSummit": "大麻山:3.16km",
    "related": "PK-w1159101749(108m) PK-w1371045019(273m) PK-w1371045037(285m) BS-kP11-22-37-bs1494(146m) BS-kP11-22-37-bs1480(175m) BS-kP11-22-37-bs1504(223m)",
    "attributes": "",
    "status": "provisional",
    "accuracyM": 30,
    "needsReview": "名称未確認、登山道が道路を横断する地点（途中の入口の可能性）、近くの道路にゲートあり（車両通行止め・季節閉鎖の可能性）、公式情報または2情報源での確認が必要",
    "sources": "OpenStreetMap（© OpenStreetMap contributors, ODbL 1.0）Geofabrik japan-latest.osm.pbf 2026-09-23T20:22:04Z node/2094258984（登山道と道路の接続点）",
    "verifiedAt": ""
   }
  },
  {
   "type": "Feature",
   "geometry": {
    "type": "Point",
    "coordinates": [
     133.1541595,
     33.8016493
    ]
   },
   "properties": {
    "id": "TH-n2096162029",
    "kind": "trailhead",
    "name": "（名称未確認）西之川バス停付近",
    "datum": "WGS84",
    "mountainIds": "798 799 803",
    "mountainNames": "二ノ森、堂ヶ森、石鎚山",
    "lists": "四国百名山|日本百名山|日本二百名山|日本三百名山",
    "routes": "",
    "entryType": "一般道との接続",
    "trailKmToSummit": "二ノ森:9.37km 堂ヶ森:12.26km 石鎚山:6.63km",
    "related": "PK-w1065866375(409m) BS-kP11-22-38-bs1359(58m) BS-kP11-22-38-bs1345(577m)",
    "attributes": "",
    "status": "provisional",
    "accuracyM": 30,
    "needsReview": "名称未確認、公式情報または2情報源での確認が必要",
    "sources": "OpenStreetMap（© OpenStreetMap contributors, ODbL 1.0）Geofabrik japan-latest.osm.pbf 2026-09-23T20:22:04Z node/2096162029（登山道と道路の接続点）",
    "verifiedAt": ""
   }
  },
  {
   "type": "Feature",
   "geometry": {
    "type": "Point",
    "coordinates": [
     132.979092,
     33.8732643
    ]
   },
   "properties": {
    "id": "TH-n2096215331",
    "kind": "trailhead",
    "name": "（名称未確認）",
    "datum": "WGS84",
    "mountainIds": "757",
    "mountainNames": "東三方ヶ森",
    "lists": "四国百名山",
    "routes": "",
    "entryType": "一般道（県道以上）との接続",
    "trailKmToSummit": "東三方ヶ森:6.03km",
    "related": "",
    "attributes": "",
    "status": "candidate",
    "accuracyM": 30,
    "needsReview": "名称未確認、公式情報または2情報源での確認が必要",
    "sources": "OpenStreetMap（© OpenStreetMap contributors, ODbL 1.0）Geofabrik japan-latest.osm.pbf 2026-09-23T20:22:04Z node/2096215331（登山道と道路の接続点）",
    "verifiedAt": ""
   }
  },
  {
   "type": "Feature",
   "geometry": {
    "type": "Point",
    "coordinates": [
     132.968896,
     33.887091
    ]
   },
   "properties": {
    "id": "TH-n2096216450",
    "kind": "trailhead",
    "name": "（名称未確認）",
    "datum": "WGS84",
    "mountainIds": "757",
    "mountainNames": "東三方ヶ森",
    "lists": "四国百名山",
    "routes": "",
    "entryType": "道路の終点付近",
    "trailKmToSummit": "東三方ヶ森:4.27km",
    "related": "",
    "attributes": "",
    "status": "candidate",
    "accuracyM": 30,
    "needsReview": "名称未確認、林道からの入口（マイカー進入可否を要確認）、公式情報または2情報源での確認が必要",
    "sources": "OpenStreetMap（© OpenStreetMap contributors, ODbL 1.0）Geofabrik japan-latest.osm.pbf 2026-09-23T20:22:04Z node/2096216450（登山道と道路の接続点）",
    "verifiedAt": ""
   }
  },
  {
   "type": "Feature",
   "geometry": {
    "type": "Point",
    "coordinates": [
     133.3467731,
     33.8517946
    ]
   },
   "properties": {
    "id": "TH-n2097490007",
    "kind": "trailhead",
    "name": "（名称未確認）",
    "datum": "WGS84",
    "mountainIds": "763 767 768 779 785 786",
    "mountainNames": "二ッ岳、西赤石山、東赤石山、笹ヶ峰、平家平、寒風山",
    "lists": "四国百名山|日本二百名山|日本三百名山",
    "routes": "OSM登山道「日浦登山道」",
    "entryType": "一般道（県道以上）との接続",
    "trailKmToSummit": "二ッ岳:12.97km 西赤石山:3.91km 東赤石山:7.58km 笹ヶ峰:10.81km 平家平:12.62km 寒風山:13.49km",
    "related": "PK-w1323417642(13m)",
    "attributes": "",
    "status": "provisional",
    "accuracyM": 30,
    "needsReview": "名称未確認、公式情報または2情報源での確認が必要",
    "sources": "OpenStreetMap（© OpenStreetMap contributors, ODbL 1.0）Geofabrik japan-latest.osm.pbf 2026-09-23T20:22:04Z node/2097490007（登山道と道路の接続点）",
    "verifiedAt": ""
   }
  },
  {
   "type": "Feature",
   "geometry": {
    "type": "Point",
    "coordinates": [
     133.3163694,
     33.8755837
    ]
   },
   "properties": {
    "id": "TH-n2097494768",
    "kind": "trailhead",
    "name": "（名称未確認）",
    "datum": "WGS84",
    "mountainIds": "763 767 768 779 785 786",
    "mountainNames": "二ッ岳、西赤石山、東赤石山、笹ヶ峰、平家平、寒風山",
    "lists": "四国百名山|日本二百名山|日本三百名山",
    "routes": "OSM登山道「渓谷遊歩道」",
    "entryType": "一般道との接続",
    "trailKmToSummit": "二ッ岳:13.74km 西赤石山:4.68km 東赤石山:8.35km 笹ヶ峰:10.4km 平家平:12.21km 寒風山:13.08km",
    "related": "PK-w414411883(87m) PK-w414413187(180m) PK-w368267523(281m)",
    "attributes": "",
    "status": "provisional",
    "accuracyM": 30,
    "needsReview": "名称未確認、公式情報または2情報源での確認が必要",
    "sources": "OpenStreetMap（© OpenStreetMap contributors, ODbL 1.0）Geofabrik japan-latest.osm.pbf 2026-09-23T20:22:04Z node/2097494768（登山道と道路の接続点）",
    "verifiedAt": ""
   }
  },
  {
   "type": "Feature",
   "geometry": {
    "type": "Point",
    "coordinates": [
     133.3134037,
     33.877328
    ]
   },
   "properties": {
    "id": "TH-n2097494953",
    "kind": "trailhead",
    "name": "（名称未確認）",
    "datum": "WGS84",
    "mountainIds": "763 767 768 779 785 786",
    "mountainNames": "二ッ岳、西赤石山、東赤石山、笹ヶ峰、平家平、寒風山",
    "lists": "四国百名山|日本二百名山|日本三百名山",
    "routes": "",
    "entryType": "一般道との接続",
    "trailKmToSummit": "二ッ岳:14.26km 西赤石山:5.2km 東赤石山:8.87km 笹ヶ峰:10.92km 平家平:12.73km 寒風山:13.6km",
    "related": "PK-w368267523(54m) PK-w414413187(158m) PK-w414411883(340m)",
    "attributes": "",
    "status": "provisional",
    "accuracyM": 30,
    "needsReview": "名称未確認、公式情報または2情報源での確認が必要",
    "sources": "OpenStreetMap（© OpenStreetMap contributors, ODbL 1.0）Geofabrik japan-latest.osm.pbf 2026-09-23T20:22:04Z node/2097494953（登山道と道路の接続点）",
    "verifiedAt": ""
   }
  },
  {
   "type": "Feature",
   "geometry": {
    "type": "Point",
    "coordinates": [
     133.3091783,
     33.9076971
    ]
   },
   "properties": {
    "id": "TH-n2097497549",
    "kind": "trailhead",
    "name": "（名称未確認）温泉口バス停付近",
    "datum": "WGS84",
    "mountainIds": "763 767 768",
    "mountainNames": "二ッ岳、西赤石山、東赤石山",
    "lists": "四国百名山|日本二百名山|日本三百名山",
    "routes": "",
    "entryType": "一般道との接続",
    "trailKmToSummit": "二ッ岳:14.66km 西赤石山:5.56km 東赤石山:9.26km",
    "related": "BS-kP11-22-38-bs839(178m) BS-kP11-22-38-bs858(403m) BS-kP11-22-38-bs822(441m)",
    "attributes": "",
    "status": "provisional",
    "accuracyM": 30,
    "needsReview": "名称未確認、公式情報または2情報源での確認が必要",
    "sources": "OpenStreetMap（© OpenStreetMap contributors, ODbL 1.0）Geofabrik japan-latest.osm.pbf 2026-09-23T20:22:04Z node/2097497549（登山道と道路の接続点）",
    "verifiedAt": ""
   }
  },
  {
   "type": "Feature",
   "geometry": {
    "type": "Point",
    "coordinates": [
     133.311697,
     33.9110085
    ]
   },
   "properties": {
    "id": "TH-n2097497778",
    "kind": "trailhead",
    "name": "（名称未確認）新道バス停付近",
    "datum": "WGS84",
    "mountainIds": "763 767 768",
    "mountainNames": "二ッ岳、西赤石山、東赤石山",
    "lists": "四国百名山|日本二百名山|日本三百名山",
    "routes": "",
    "entryType": "一般道との接続",
    "trailKmToSummit": "二ッ岳:14.86km 西赤石山:5.76km 東赤石山:9.46km",
    "related": "BS-kP11-22-38-bs822(158m) BS-kP11-22-38-bs808(348m) BS-kP11-22-38-bs839(368m)",
    "attributes": "",
    "status": "provisional",
    "accuracyM": 30,
    "needsReview": "名称未確認、公式情報または2情報源での確認が必要",
    "sources": "OpenStreetMap（© OpenStreetMap contributors, ODbL 1.0）Geofabrik japan-latest.osm.pbf 2026-09-23T20:22:04Z node/2097497778（登山道と道路の接続点）",
    "verifiedAt": ""
   }
  },
  {
   "type": "Feature",
   "geometry": {
    "type": "Point",
    "coordinates": [
     133.1337404,
     33.7951176
    ]
   },
   "properties": {
    "id": "TH-n2483295949",
    "kind": "trailhead",
    "name": "成就駅",
    "datum": "WGS84",
    "mountainIds": "799 803",
    "mountainNames": "堂ヶ森、石鎚山",
    "lists": "四国百名山|日本百名山|日本二百名山|日本三百名山",
    "routes": "成就社（表参道）コース",
    "entryType": "索道駅（ロープウェイ・ゴンドラ）",
    "trailKmToSummit": "堂ヶ森:9.73km 石鎚山:4.11km",
    "related": "",
    "attributes": "",
    "status": "provisional",
    "accuracyM": 15,
    "needsReview": "公式情報または2情報源での確認が必要",
    "sources": "OpenStreetMap（© OpenStreetMap contributors, ODbL 1.0）Geofabrik japan-latest.osm.pbf 2026-09-23T20:22:04Z node/2483295949 ｜ 国土地理院 地名検索「山頂成就駅」（33.794926, 133.133241、JGD2011、51m差）2026-09-20確認",
    "verifiedAt": "2026-09-20"
   }
  },
  {
   "type": "Feature",
   "geometry": {
    "type": "Point",
    "coordinates": [
     134.3005735,
     34.5155674
    ]
   },
   "properties": {
    "id": "TH-n261014455",
    "kind": "trailhead",
    "name": "寒霞渓山頂",
    "datum": "WGS84",
    "mountainIds": "658",
    "mountainNames": "寒霞渓",
    "lists": "四国百名山",
    "routes": "OSM登山道「裏神懸八景遊歩道」",
    "entryType": "索道駅（ロープウェイ・ゴンドラ）",
    "trailKmToSummit": "寒霞渓:2.06km",
    "related": "PK-w1342595408(71m) PK-w1342595409(93m) PK-w1342595410(165m) BS-n261014473(159m) BS-kP11-22-37-bs1943(924m)",
    "attributes": "",
    "status": "provisional",
    "accuracyM": 15,
    "needsReview": "公式情報または2情報源での確認が必要",
    "sources": "OpenStreetMap（© OpenStreetMap contributors, ODbL 1.0）Geofabrik japan-latest.osm.pbf 2026-09-23T20:22:04Z node/261014455",
    "verifiedAt": ""
   }
  },
  {
   "type": "Feature",
   "geometry": {
    "type": "Point",
    "coordinates": [
     133.8117086,
     34.1837056
    ]
   },
   "properties": {
    "id": "TH-n266600700",
    "kind": "trailhead",
    "name": "（名称未確認）こんぴらさん入口バス停付近",
    "datum": "WGS84",
    "mountainIds": "716",
    "mountainNames": "大麻山",
    "lists": "四国百名山",
    "routes": "",
    "entryType": "道路の終点付近",
    "trailKmToSummit": "大麻山:3.11km",
    "related": "PK-w731898662(145m) PK-w731898660(292m) BS-kP11-22-37-bs1520(850m) BS-kP11-22-37-bs1509(854m) BS-kP11-22-37-bs1504(883m)",
    "attributes": "",
    "status": "provisional",
    "accuracyM": 30,
    "needsReview": "名称未確認、登山道が道路を横断する地点（途中の入口の可能性）、近くの道路にゲートあり（車両通行止め・季節閉鎖の可能性）、公式情報または2情報源での確認が必要",
    "sources": "OpenStreetMap（© OpenStreetMap contributors, ODbL 1.0）Geofabrik japan-latest.osm.pbf 2026-09-23T20:22:04Z node/266600700（登山道と道路の接続点）",
    "verifiedAt": ""
   }
  },
  {
   "type": "Feature",
   "geometry": {
    "type": "Point",
    "coordinates": [
     134.4840547,
     34.1776622
    ]
   },
   "properties": {
    "id": "TH-n266827365",
    "kind": "trailhead",
    "name": "（名称未確認）卯辰越付近",
    "datum": "WGS84",
    "mountainIds": "717",
    "mountainNames": "大麻山",
    "lists": "四国百名山",
    "routes": "OSM登山道「四国の道」",
    "entryType": "峠（道路との接続）",
    "trailKmToSummit": "大麻山:2.17km",
    "related": "",
    "attributes": "",
    "status": "candidate",
    "accuracyM": 30,
    "needsReview": "名称未確認、公式情報または2情報源での確認が必要",
    "sources": "OpenStreetMap（© OpenStreetMap contributors, ODbL 1.0）Geofabrik japan-latest.osm.pbf 2026-09-23T20:22:04Z node/266827365（登山道と道路の接続点） ｜ 国土地理院 地名検索「卯辰越」（34.177013, 134.484161、JGD2011、72m差）2026-09-20確認",
    "verifiedAt": "2026-09-20"
   }
  },
  {
   "type": "Feature",
   "geometry": {
    "type": "Point",
    "coordinates": [
     134.085317,
     33.865828
    ]
   },
   "properties": {
    "id": "TH-n278073861",
    "kind": "trailhead",
    "name": "（名称未確認）見ノ越第二駐車場付近",
    "datum": "WGS84",
    "mountainIds": "775 776 777 787",
    "mountainNames": "一ノ森、次郎笈、剣山、白髪山",
    "lists": "四国百名山|日本百名山|日本二百名山|日本三百名山",
    "routes": "",
    "entryType": "一般道（県道以上）との接続",
    "trailKmToSummit": "一ノ森:4.55km 次郎笈:4.68km 剣山:3.13km 白髪山:15.19km",
    "related": "PK-n278083232(64m) PK-w325862716(393m) PK-w1221394344(401m) BS-n5570323522(438m) BS-kP11-22-36-bs1845(588m)",
    "attributes": "",
    "status": "provisional",
    "accuracyM": 30,
    "needsReview": "名称未確認、公式情報または2情報源での確認が必要",
    "sources": "OpenStreetMap（© OpenStreetMap contributors, ODbL 1.0）Geofabrik japan-latest.osm.pbf 2026-09-23T20:22:04Z node/278073861（登山道と道路の接続点）",
    "verifiedAt": ""
   }
  },
  {
   "type": "Feature",
   "geometry": {
    "type": "Point",
    "coordinates": [
     134.0447108,
     33.8539135
    ]
   },
   "properties": {
    "id": "TH-n278089427",
    "kind": "trailhead",
    "name": "（名称未確認）",
    "datum": "WGS84",
    "mountainIds": "775 776 777 778 787",
    "mountainNames": "一ノ森、次郎笈、剣山、三嶺、白髪山",
    "lists": "四国百名山|日本百名山|日本二百名山|日本三百名山",
    "routes": "",
    "entryType": "一般道（県道以上）との接続",
    "trailKmToSummit": "一ノ森:9.66km 次郎笈:6.72km 剣山:7.9km 三嶺:11.83km 白髪山:10.8km",
    "related": "PK-n278083236(18m) BS-n5893924855(33m)",
    "attributes": "",
    "status": "provisional",
    "accuracyM": 30,
    "needsReview": "名称未確認、公式情報または2情報源での確認が必要",
    "sources": "OpenStreetMap（© OpenStreetMap contributors, ODbL 1.0）Geofabrik japan-latest.osm.pbf 2026-09-23T20:22:04Z node/278089427（登山道と道路の接続点）",
    "verifiedAt": ""
   }
  },
  {
   "type": "Feature",
   "geometry": {
    "type": "Point",
    "coordinates": [
     132.9929257,
     33.7536528
    ]
   },
   "properties": {
    "id": "TH-n2932726461",
    "kind": "trailhead",
    "name": "黒森峠",
    "datum": "WGS84",
    "mountainIds": "804 809",
    "mountainNames": "石墨山、皿ヶ嶺",
    "lists": "四国百名山",
    "routes": "",
    "entryType": "峠（道路との接続）",
    "trailKmToSummit": "石墨山:2.94km 皿ヶ嶺:13.68km",
    "related": "",
    "attributes": "",
    "status": "adopted",
    "accuracyM": 30,
    "needsReview": "",
    "sources": "OpenStreetMap（© OpenStreetMap contributors, ODbL 1.0）Geofabrik japan-latest.osm.pbf 2026-09-23T20:22:04Z node/2932726461（登山道と道路の接続点） ｜ 国土地理院 地名検索「黒森峠」（33.753877, 132.992397、JGD2011、55m差）2026-09-20確認",
    "verifiedAt": "2026-09-20"
   }
  },
  {
   "type": "Feature",
   "geometry": {
    "type": "Point",
    "coordinates": [
     134.5214102,
     33.8809947
    ]
   },
   "properties": {
    "id": "TH-n293935633",
    "kind": "trailhead",
    "name": "山頂駅",
    "datum": "WGS84",
    "mountainIds": "770",
    "mountainNames": "太竜寺山",
    "lists": "四国百名山",
    "routes": "",
    "entryType": "索道駅（ロープウェイ・ゴンドラ）",
    "trailKmToSummit": "太竜寺山:2.08km",
    "related": "PK-w1469745436(286m)",
    "attributes": "",
    "status": "provisional",
    "accuracyM": 15,
    "needsReview": "公式情報または2情報源での確認が必要",
    "sources": "OpenStreetMap（© OpenStreetMap contributors, ODbL 1.0）Geofabrik japan-latest.osm.pbf 2026-09-23T20:22:04Z node/293935633 ｜ 国土地理院 地名検索「山頂駅」（33.880870, 134.521506、JGD2011、16m差）2026-09-24確認",
    "verifiedAt": "2026-09-24"
   }
  },
  {
   "type": "Feature",
   "geometry": {
    "type": "Point",
    "coordinates": [
     133.1887137,
     33.7819468
    ]
   },
   "properties": {
    "id": "TH-n2980392386",
    "kind": "trailhead",
    "name": "（名称未確認）",
    "datum": "WGS84",
    "mountainIds": "790 792",
    "mountainNames": "瓶ヶ森、西黒森",
    "lists": "日本三百名山|四国百名山",
    "routes": "",
    "entryType": "一般道との接続",
    "trailKmToSummit": "瓶ヶ森:3.61km 西黒森:5.15km",
    "related": "PK-w1065359932(352m) PK-w1065359933(424m)",
    "attributes": "",
    "status": "provisional",
    "accuracyM": 30,
    "needsReview": "名称未確認、公式情報または2情報源での確認が必要",
    "sources": "OpenStreetMap（© OpenStreetMap contributors, ODbL 1.0）Geofabrik japan-latest.osm.pbf 2026-09-23T20:22:04Z node/2980392386（登山道と道路の接続点）",
    "verifiedAt": ""
   }
  },
  {
   "type": "Feature",
   "geometry": {
    "type": "Point",
    "coordinates": [
     133.645337,
     33.876015
    ]
   },
   "properties": {
    "id": "TH-n308474599",
    "kind": "trailhead",
    "name": "（名称未確認）",
    "datum": "WGS84",
    "mountainIds": "765",
    "mountainNames": "笹ヶ峰",
    "lists": "四国百名山",
    "routes": "",
    "entryType": "一般道（県道以上）との接続",
    "trailKmToSummit": "笹ヶ峰:0.78km",
    "related": "",
    "attributes": "",
    "status": "candidate",
    "accuracyM": 30,
    "needsReview": "名称未確認、公式情報または2情報源での確認が必要",
    "sources": "OpenStreetMap（© OpenStreetMap contributors, ODbL 1.0）Geofabrik japan-latest.osm.pbf 2026-09-23T20:22:04Z node/308474599（登山道と道路の接続点）",
    "verifiedAt": ""
   }
  },
  {
   "type": "Feature",
   "geometry": {
    "type": "Point",
    "coordinates": [
     132.9930669,
     33.4753823
    ]
   },
   "properties": {
    "id": "TH-n330182109",
    "kind": "trailhead",
    "name": "（名称未確認）",
    "datum": "WGS84",
    "mountainIds": "833",
    "mountainNames": "五段高原",
    "lists": "四国百名山",
    "routes": "",
    "entryType": "一般道（県道以上）との接続",
    "trailKmToSummit": "五段高原:0.98km",
    "related": "",
    "attributes": "",
    "status": "candidate",
    "accuracyM": 30,
    "needsReview": "名称未確認、公式情報または2情報源での確認が必要",
    "sources": "OpenStreetMap（© OpenStreetMap contributors, ODbL 1.0）Geofabrik japan-latest.osm.pbf 2026-09-23T20:22:04Z node/330182109（登山道と道路の接続点）",
    "verifiedAt": ""
   }
  },
  {
   "type": "Feature",
   "geometry": {
    "type": "Point",
    "coordinates": [
     133.0055993,
     33.4775426
    ]
   },
   "properties": {
    "id": "TH-n330410678",
    "kind": "trailhead",
    "name": "（名称未確認）",
    "datum": "WGS84",
    "mountainIds": "830",
    "mountainNames": "天狗高原",
    "lists": "四国百名山",
    "routes": "OSM登山道「セラピーロード」",
    "entryType": "一般道との接続",
    "trailKmToSummit": "天狗高原:1.0km",
    "related": "PK-w30014326(84m)",
    "attributes": "",
    "status": "provisional",
    "accuracyM": 30,
    "needsReview": "名称未確認、公式情報または2情報源での確認が必要",
    "sources": "OpenStreetMap（© OpenStreetMap contributors, ODbL 1.0）Geofabrik japan-latest.osm.pbf 2026-09-23T20:22:04Z node/330410678（登山道と道路の接続点）",
    "verifiedAt": ""
   }
  },
  {
   "type": "Feature",
   "geometry": {
    "type": "Point",
    "coordinates": [
     133.0459009,
     33.4753386
    ]
   },
   "properties": {
    "id": "TH-n330722543",
    "kind": "trailhead",
    "name": "大引割峠",
    "datum": "WGS84",
    "mountainIds": "830",
    "mountainNames": "天狗高原",
    "lists": "四国百名山",
    "routes": "",
    "entryType": "峠（道路との接続）",
    "trailKmToSummit": "天狗高原:3.4km",
    "related": "PK-n330722545(22m)",
    "attributes": "",
    "status": "adopted",
    "accuracyM": 30,
    "needsReview": "登山道が道路を横断する地点（途中の入口の可能性）",
    "sources": "OpenStreetMap（© OpenStreetMap contributors, ODbL 1.0）Geofabrik japan-latest.osm.pbf 2026-09-23T20:22:04Z node/330722543（登山道と道路の接続点） ｜ 国土地理院 地名検索「大引割峠」（33.475502, 133.046364、JGD2011、47m差）2026-09-20確認",
    "verifiedAt": "2026-09-20"
   }
  },
  {
   "type": "Feature",
   "geometry": {
    "type": "Point",
    "coordinates": [
     133.3857977,
     33.8496246
    ]
   },
   "properties": {
    "id": "TH-n3464901750",
    "kind": "trailhead",
    "name": "筏津（東赤石山登山口）",
    "datum": "WGS84",
    "mountainIds": "768",
    "mountainNames": "東赤石山",
    "lists": "日本二百名山|日本三百名山|四国百名山",
    "routes": "",
    "entryType": "一般道（県道以上）との接続",
    "trailKmToSummit": "東赤石山:3.73km",
    "related": "BS-n3152604389(806m)",
    "attributes": "",
    "status": "adopted",
    "accuracyM": 15,
    "needsReview": "筏津は東赤石山の登山口、国土地理院の地名とOSMの登山道の接続点の位置が一致（独立した2情報源）",
    "sources": "OpenStreetMap（© OpenStreetMap contributors, ODbL 1.0）Geofabrik japan-latest.osm.pbf 2026-09-23T20:22:04Z node/3464901750（登山道と道路の接続点） ｜ 国土地理院 地名検索「筏津」（33.848797, 133.386847、JGD2011、133m差）2026-09-20確認",
    "verifiedAt": "2026-09-20"
   }
  },
  {
   "type": "Feature",
   "geometry": {
    "type": "Point",
    "coordinates": [
     133.9788609,
     33.8686484
    ]
   },
   "properties": {
    "id": "TH-n3718179777",
    "kind": "trailhead",
    "name": "いやしの温泉郷",
    "datum": "WGS84",
    "mountainIds": "778 780 787",
    "mountainNames": "三嶺、天狗塚、白髪山",
    "lists": "日本二百名山|日本三百名山|四国百名山",
    "routes": "",
    "entryType": "施設（山小屋・宿・キャンプ場）からの入口",
    "trailKmToSummit": "三嶺:5.1km 天狗塚:10.14km 白髪山:8.91km",
    "related": "BS-kP11-22-36-bs1818(430m) BS-kP11-22-36-bs1832(447m) BS-kP11-22-36-bs1815(571m)",
    "attributes": "",
    "status": "provisional",
    "accuracyM": 15,
    "needsReview": "公式情報または2情報源での確認が必要",
    "sources": "OpenStreetMap（© OpenStreetMap contributors, ODbL 1.0）Geofabrik japan-latest.osm.pbf 2026-09-23T20:22:04Z node/3718179777",
    "verifiedAt": ""
   }
  },
  {
   "type": "Feature",
   "geometry": {
    "type": "Point",
    "coordinates": [
     132.8905502,
     33.7266863
    ]
   },
   "properties": {
    "id": "TH-n3811048090",
    "kind": "trailhead",
    "name": "（名称未確認）",
    "datum": "WGS84",
    "mountainIds": "809",
    "mountainNames": "皿ヶ嶺",
    "lists": "四国百名山",
    "routes": "",
    "entryType": "一般道との接続",
    "trailKmToSummit": "皿ヶ嶺:3.76km",
    "related": "PK-w377716850(423m)",
    "attributes": "",
    "status": "provisional",
    "accuracyM": 30,
    "needsReview": "名称未確認、登山道が道路を横断する地点（途中の入口の可能性）、近くの道路にゲートあり（車両通行止め・季節閉鎖の可能性）、公式情報または2情報源での確認が必要",
    "sources": "OpenStreetMap（© OpenStreetMap contributors, ODbL 1.0）Geofabrik japan-latest.osm.pbf 2026-09-23T20:22:04Z node/3811048090（登山道と道路の接続点）",
    "verifiedAt": ""
   }
  },
  {
   "type": "Feature",
   "geometry": {
    "type": "Point",
    "coordinates": [
     132.8717458,
     33.7221193
    ]
   },
   "properties": {
    "id": "TH-n3812089527",
    "kind": "trailhead",
    "name": "（名称未確認）",
    "datum": "WGS84",
    "mountainIds": "809",
    "mountainNames": "皿ヶ嶺",
    "lists": "四国百名山",
    "routes": "",
    "entryType": "一般道との接続",
    "trailKmToSummit": "皿ヶ嶺:3.64km",
    "related": "PK-w377808378(386m) PK-w377808376(425m) PK-w377808379(493m)",
    "attributes": "",
    "status": "provisional",
    "accuracyM": 30,
    "needsReview": "名称未確認、公式情報または2情報源での確認が必要",
    "sources": "OpenStreetMap（© OpenStreetMap contributors, ODbL 1.0）Geofabrik japan-latest.osm.pbf 2026-09-23T20:22:04Z node/3812089527（登山道と道路の接続点）",
    "verifiedAt": ""
   }
  },
  {
   "type": "Feature",
   "geometry": {
    "type": "Point",
    "coordinates": [
     134.5222572,
     33.8619968
    ]
   },
   "properties": {
    "id": "TH-n388451477",
    "kind": "trailhead",
    "name": "（名称未確認）中山薬師前バス停付近",
    "datum": "WGS84",
    "mountainIds": "770",
    "mountainNames": "太竜寺山",
    "lists": "四国百名山",
    "routes": "",
    "entryType": "一般道との接続",
    "trailKmToSummit": "太竜寺山:1.48km",
    "related": "BS-kP11-22-36-bs1888(493m) BS-kP11-22-36-bs1880(545m) BS-kP11-22-36-bs1873(797m)",
    "attributes": "",
    "status": "provisional",
    "accuracyM": 30,
    "needsReview": "名称未確認、公式情報または2情報源での確認が必要",
    "sources": "OpenStreetMap（© OpenStreetMap contributors, ODbL 1.0）Geofabrik japan-latest.osm.pbf 2026-09-23T20:22:04Z node/388451477（登山道と道路の接続点）",
    "verifiedAt": ""
   }
  },
  {
   "type": "Feature",
   "geometry": {
    "type": "Point",
    "coordinates": [
     134.5093005,
     33.8623201
    ]
   },
   "properties": {
    "id": "TH-n388451518",
    "kind": "trailhead",
    "name": "（名称未確認）八幡原バス停付近",
    "datum": "WGS84",
    "mountainIds": "770",
    "mountainNames": "太竜寺山",
    "lists": "四国百名山",
    "routes": "",
    "entryType": "一般道との接続",
    "trailKmToSummit": "太竜寺山:1.93km",
    "related": "BS-kP11-22-36-bs1894(724m) BS-kP11-22-36-bs1890(804m) BS-kP11-22-36-bs1892(863m)",
    "attributes": "",
    "status": "provisional",
    "accuracyM": 30,
    "needsReview": "名称未確認、公式情報または2情報源での確認が必要",
    "sources": "OpenStreetMap（© OpenStreetMap contributors, ODbL 1.0）Geofabrik japan-latest.osm.pbf 2026-09-23T20:22:04Z node/388451518（登山道と道路の接続点）",
    "verifiedAt": ""
   }
  },
  {
   "type": "Feature",
   "geometry": {
    "type": "Point",
    "coordinates": [
     133.4906972,
     33.9360745
    ]
   },
   "properties": {
    "id": "TH-n4073536551",
    "kind": "trailhead",
    "name": "豊受山新登山口",
    "datum": "WGS84",
    "mountainIds": "746 752",
    "mountainNames": "豊受山、赤星山",
    "lists": "四国百名山",
    "routes": "",
    "entryType": "登山口（OSMの登山口地物）",
    "trailKmToSummit": "豊受山:1.82km 赤星山:4.11km",
    "related": "",
    "attributes": "",
    "status": "provisional",
    "accuracyM": 15,
    "needsReview": "公式情報または2情報源での確認が必要",
    "sources": "OpenStreetMap（© OpenStreetMap contributors, ODbL 1.0）Geofabrik japan-latest.osm.pbf 2026-09-23T20:22:04Z node/4073536551",
    "verifiedAt": ""
   }
  },
  {
   "type": "Feature",
   "geometry": {
    "type": "Point",
    "coordinates": [
     133.5415381,
     33.9444567
    ]
   },
   "properties": {
    "id": "TH-n4074896728",
    "kind": "trailhead",
    "name": "（名称未確認）",
    "datum": "WGS84",
    "mountainIds": "741",
    "mountainNames": "翠波峰",
    "lists": "四国百名山",
    "routes": "",
    "entryType": "一般道との接続",
    "trailKmToSummit": "翠波峰:0.56km",
    "related": "PK-n8695412005(14m) PK-w757745972(108m)",
    "attributes": "",
    "status": "provisional",
    "accuracyM": 30,
    "needsReview": "名称未確認、登山道が道路を横断する地点（途中の入口の可能性）、公式情報または2情報源での確認が必要",
    "sources": "OpenStreetMap（© OpenStreetMap contributors, ODbL 1.0）Geofabrik japan-latest.osm.pbf 2026-09-23T20:22:04Z node/4074896728（登山道と道路の接続点）",
    "verifiedAt": ""
   }
  },
  {
   "type": "Feature",
   "geometry": {
    "type": "Point",
    "coordinates": [
     133.5362573,
     33.9403719
    ]
   },
   "properties": {
    "id": "TH-n4074924301",
    "kind": "trailhead",
    "name": "（名称未確認）",
    "datum": "WGS84",
    "mountainIds": "741",
    "mountainNames": "翠波峰",
    "lists": "四国百名山",
    "routes": "OSM登山道「遊歩道」",
    "entryType": "一般道（県道以上）との接続",
    "trailKmToSummit": "翠波峰:0.25km",
    "related": "PK-n4074919401(139m)",
    "attributes": "",
    "status": "provisional",
    "accuracyM": 30,
    "needsReview": "名称未確認、公式情報または2情報源での確認が必要",
    "sources": "OpenStreetMap（© OpenStreetMap contributors, ODbL 1.0）Geofabrik japan-latest.osm.pbf 2026-09-23T20:22:04Z node/4074924301（登山道と道路の接続点）",
    "verifiedAt": ""
   }
  },
  {
   "type": "Feature",
   "geometry": {
    "type": "Point",
    "coordinates": [
     133.3276665,
     33.8368512
    ]
   },
   "properties": {
    "id": "TH-n4140008388",
    "kind": "trailhead",
    "name": "（名称未確認）",
    "datum": "WGS84",
    "mountainIds": "779 785 786",
    "mountainNames": "笹ヶ峰、平家平、寒風山",
    "lists": "日本二百名山|日本三百名山|四国百名山",
    "routes": "OSM登山道「遊歩道」",
    "entryType": "一般道との接続",
    "trailKmToSummit": "笹ヶ峰:10.12km 平家平:4.33km 寒風山:12.81km",
    "related": "PK-w412629173(132m)",
    "attributes": "",
    "status": "provisional",
    "accuracyM": 30,
    "needsReview": "名称未確認、公式情報または2情報源での確認が必要",
    "sources": "OpenStreetMap（© OpenStreetMap contributors, ODbL 1.0）Geofabrik japan-latest.osm.pbf 2026-09-23T20:22:04Z node/4140008388（登山道と道路の接続点）",
    "verifiedAt": ""
   }
  },
  {
   "type": "Feature",
   "geometry": {
    "type": "Point",
    "coordinates": [
     134.5168076,
     33.9703296
    ]
   },
   "properties": {
    "id": "TH-n415525939",
    "kind": "trailhead",
    "name": "（名称未確認）",
    "datum": "WGS84",
    "mountainIds": "737",
    "mountainNames": "中津峰山",
    "lists": "四国百名山",
    "routes": "",
    "entryType": "一般道との接続",
    "trailKmToSummit": "中津峰山:1.48km",
    "related": "PK-w35423249(30m) PK-w35423254(231m)",
    "attributes": "",
    "status": "provisional",
    "accuracyM": 30,
    "needsReview": "名称未確認、登山道が道路を横断する地点（途中の入口の可能性）、公式情報または2情報源での確認が必要",
    "sources": "OpenStreetMap（© OpenStreetMap contributors, ODbL 1.0）Geofabrik japan-latest.osm.pbf 2026-09-23T20:22:04Z node/415525939（登山道と道路の接続点）",
    "verifiedAt": ""
   }
  },
  {
   "type": "Feature",
   "geometry": {
    "type": "Point",
    "coordinates": [
     134.5048376,
     33.9638103
    ]
   },
   "properties": {
    "id": "TH-n415526414",
    "kind": "trailhead",
    "name": "（名称未確認）",
    "datum": "WGS84",
    "mountainIds": "737",
    "mountainNames": "中津峰山",
    "lists": "四国百名山",
    "routes": "",
    "entryType": "道路の終点付近",
    "trailKmToSummit": "中津峰山:0.46km",
    "related": "PK-n415526417(210m) PK-n415526403(212m)",
    "attributes": "",
    "status": "provisional",
    "accuracyM": 30,
    "needsReview": "名称未確認、公式情報または2情報源での確認が必要",
    "sources": "OpenStreetMap（© OpenStreetMap contributors, ODbL 1.0）Geofabrik japan-latest.osm.pbf 2026-09-23T20:22:04Z node/415526414（登山道と道路の接続点）",
    "verifiedAt": ""
   }
  },
  {
   "type": "Feature",
   "geometry": {
    "type": "Point",
    "coordinates": [
     134.0868782,
     33.8342847
    ]
   },
   "properties": {
    "id": "TH-n4238774020",
    "kind": "trailhead",
    "name": "次郎笈登山口",
    "datum": "WGS84",
    "mountainIds": "775 776 777 778 783 787",
    "mountainNames": "一ノ森、次郎笈、剣山、三嶺、権田山、白髪山",
    "lists": "四国百名山|日本百名山|日本二百名山|日本三百名山",
    "routes": "",
    "entryType": "登山口（OSMの登山口地物）",
    "trailKmToSummit": "一ノ森:5.47km 次郎笈:1.66km 剣山:3.71km 三嶺:14.07km 権田山:8.41km 白髪山:13.04km",
    "related": "PK-w1095559315(44m) PK-w1095559318(58m)",
    "attributes": "",
    "status": "provisional",
    "accuracyM": 15,
    "needsReview": "公式情報または2情報源での確認が必要",
    "sources": "OpenStreetMap（© OpenStreetMap contributors, ODbL 1.0）Geofabrik japan-latest.osm.pbf 2026-09-23T20:22:04Z node/4238774020",
    "verifiedAt": ""
   }
  },
  {
   "type": "Feature",
   "geometry": {
    "type": "Point",
    "coordinates": [
     133.1269173,
     33.7927743
    ]
   },
   "properties": {
    "id": "TH-n4485819043",
    "kind": "trailhead",
    "name": "（名称未確認）",
    "datum": "WGS84",
    "mountainIds": "798 799 803",
    "mountainNames": "二ノ森、堂ヶ森、石鎚山",
    "lists": "四国百名山|日本百名山|日本二百名山|日本三百名山",
    "routes": "",
    "entryType": "索道駅（ロープウェイ・ゴンドラ）",
    "trailKmToSummit": "二ノ森:6.43km 堂ヶ森:9.31km 石鎚山:3.69km",
    "related": "",
    "attributes": "",
    "status": "provisional",
    "accuracyM": 15,
    "needsReview": "名称未確認、公式情報または2情報源での確認が必要",
    "sources": "OpenStreetMap（© OpenStreetMap contributors, ODbL 1.0）Geofabrik japan-latest.osm.pbf 2026-09-23T20:22:04Z node/4485819043",
    "verifiedAt": ""
   }
  },
  {
   "type": "Feature",
   "geometry": {
    "type": "Point",
    "coordinates": [
     133.1312625,
     33.7961234
    ]
   },
   "properties": {
    "id": "TH-n4485819082",
    "kind": "trailhead",
    "name": "成就駅",
    "datum": "WGS84",
    "mountainIds": "798 799",
    "mountainNames": "二ノ森、堂ヶ森",
    "lists": "四国百名山",
    "routes": "",
    "entryType": "索道駅（ロープウェイ・ゴンドラ）",
    "trailKmToSummit": "二ノ森:6.85km 堂ヶ森:9.64km",
    "related": "",
    "attributes": "",
    "status": "provisional",
    "accuracyM": 15,
    "needsReview": "名称未確認、公式情報または2情報源での確認が必要",
    "sources": "OpenStreetMap（© OpenStreetMap contributors, ODbL 1.0）Geofabrik japan-latest.osm.pbf 2026-09-23T20:22:04Z node/4485819082 ｜ 国土地理院 地名検索「山頂成就駅」（33.794926, 133.133241、JGD2011、226m差）2026-09-20確認",
    "verifiedAt": "2026-09-20"
   }
  },
  {
   "type": "Feature",
   "geometry": {
    "type": "Point",
    "coordinates": [
     133.1312625,
     33.7961234
    ]
   },
   "properties": {
    "id": "TH-n4485819082-2",
    "kind": "trailhead",
    "name": "石鎚登山ロープウェイ山頂成就駅",
    "datum": "WGS84",
    "mountainIds": "803",
    "mountainNames": "石鎚山",
    "lists": "日本百名山|日本二百名山|日本三百名山|四国百名山",
    "routes": "成就社（表参道）コース",
    "entryType": "索道駅（ロープウェイ・ゴンドラ）",
    "trailKmToSummit": "石鎚山:4.01km",
    "related": "",
    "attributes": "",
    "status": "provisional",
    "accuracyM": 15,
    "needsReview": "公式情報または2情報源での確認が必要",
    "sources": "OpenStreetMap（© OpenStreetMap contributors, ODbL 1.0）Geofabrik japan-latest.osm.pbf 2026-09-23T20:22:04Z node/4485819082 ｜ 国土地理院 地名検索「山頂成就駅」（33.794926, 133.133241、JGD2011、226m差）2026-09-20確認",
    "verifiedAt": "2026-09-20"
   }
  },
  {
   "type": "Feature",
   "geometry": {
    "type": "Point",
    "coordinates": [
     133.721555,
     34.0350813
    ]
   },
   "properties": {
    "id": "TH-n4485944009",
    "kind": "trailhead",
    "name": "雲辺寺ロープウェイ",
    "datum": "WGS84",
    "mountainIds": "730",
    "mountainNames": "雲辺寺山",
    "lists": "四国百名山",
    "routes": "",
    "entryType": "索道駅（ロープウェイ・ゴンドラ）",
    "trailKmToSummit": "雲辺寺山:0.13km",
    "related": "PK-n11416066169(404m)",
    "attributes": "",
    "status": "provisional",
    "accuracyM": 15,
    "needsReview": "公式情報または2情報源での確認が必要",
    "sources": "OpenStreetMap（© OpenStreetMap contributors, ODbL 1.0）Geofabrik japan-latest.osm.pbf 2026-09-23T20:22:04Z node/4485944009",
    "verifiedAt": ""
   }
  },
  {
   "type": "Feature",
   "geometry": {
    "type": "Point",
    "coordinates": [
     133.7497587,
     34.2175243
    ]
   },
   "properties": {
    "id": "TH-n4507394264",
    "kind": "trailhead",
    "name": "（名称未確認）曼荼羅寺前バス停付近",
    "datum": "WGS84",
    "mountainIds": "713",
    "mountainNames": "我拝師山",
    "lists": "四国百名山",
    "routes": "",
    "entryType": "一般道との接続",
    "trailKmToSummit": "我拝師山:0.74km",
    "related": "PK-n13197012901(261m) BS-kP11-22-37-bs1273(597m) BS-kP11-22-37-bs1278(892m)",
    "attributes": "",
    "status": "provisional",
    "accuracyM": 30,
    "needsReview": "名称未確認、公式情報または2情報源での確認が必要",
    "sources": "OpenStreetMap（© OpenStreetMap contributors, ODbL 1.0）Geofabrik japan-latest.osm.pbf 2026-09-23T20:22:04Z node/4507394264（登山道と道路の接続点）",
    "verifiedAt": ""
   }
  },
  {
   "type": "Feature",
   "geometry": {
    "type": "Point",
    "coordinates": [
     133.2118428,
     33.5385605
    ]
   },
   "properties": {
    "id": "TH-n5346573956",
    "kind": "trailhead",
    "name": "（名称未確認）横倉山第三駐車場付近",
    "datum": "WGS84",
    "mountainIds": "825",
    "mountainNames": "横倉山",
    "lists": "四国百名山",
    "routes": "",
    "entryType": "道路の終点付近",
    "trailKmToSummit": "横倉山:1.26km",
    "related": "PK-w388843446(25m) PK-w388843472(192m)",
    "attributes": "",
    "status": "provisional",
    "accuracyM": 30,
    "needsReview": "名称未確認、公式情報または2情報源での確認が必要",
    "sources": "OpenStreetMap（© OpenStreetMap contributors, ODbL 1.0）Geofabrik japan-latest.osm.pbf 2026-09-23T20:22:04Z node/5346573956（登山道と道路の接続点）",
    "verifiedAt": ""
   }
  },
  {
   "type": "Feature",
   "geometry": {
    "type": "Point",
    "coordinates": [
     134.1063695,
     34.3528802
    ]
   },
   "properties": {
    "id": "TH-n5474409217",
    "kind": "trailhead",
    "name": "（名称未確認）屋島山上バス停付近",
    "datum": "WGS84",
    "mountainIds": "690",
    "mountainNames": "屋島",
    "lists": "四国百名山",
    "routes": "",
    "entryType": "道路の終点付近",
    "trailKmToSummit": "屋島:0.36km",
    "related": "BS-kP11-22-37-bs52(795m)",
    "attributes": "",
    "status": "provisional",
    "accuracyM": 30,
    "needsReview": "名称未確認、近くの道路にゲートあり（車両通行止め・季節閉鎖の可能性）、林道からの入口（マイカー進入可否を要確認）、公式情報または2情報源での確認が必要",
    "sources": "OpenStreetMap（© OpenStreetMap contributors, ODbL 1.0）Geofabrik japan-latest.osm.pbf 2026-09-23T20:22:04Z node/5474409217（登山道と道路の接続点）",
    "verifiedAt": ""
   }
  },
  {
   "type": "Feature",
   "geometry": {
    "type": "Point",
    "coordinates": [
     134.0235207,
     33.8518699
    ]
   },
   "properties": {
    "id": "TH-n5893943539",
    "kind": "trailhead",
    "name": "三嶺登山口　Miune Trailhead",
    "datum": "WGS84",
    "mountainIds": "772 776 777 787",
    "mountainNames": "塔ノ丸、次郎笈、剣山、白髪山",
    "lists": "四国百名山|日本百名山|日本二百名山|日本三百名山",
    "routes": "",
    "entryType": "登山口（OSMの登山口地物）",
    "trailKmToSummit": "塔ノ丸:2.23km 次郎笈:13.98km 剣山:15.15km 白髪山:6.67km",
    "related": "PK-w1219969034(412m) BS-kP11-22-36-bs1902(176m) BS-n5893936106(431m) BS-kP11-22-36-bs1897(559m)",
    "attributes": "",
    "status": "adopted",
    "accuracyM": 15,
    "needsReview": "採用の根拠: OSMの登山口名と、地理院地図の徒歩道が道路から始まる位置の一致（公式情報では未確認）",
    "sources": "OpenStreetMap（© OpenStreetMap contributors, ODbL 1.0）Geofabrik japan-latest.osm.pbf 2026-09-23T20:22:04Z node/5893943539 ｜ 国土地理院ベクトルタイル提供実験 地理院地図の徒歩道の起点（33.851889, 134.023216、JGD2011、28m差）2026-09-24確認",
    "verifiedAt": ""
   }
  },
  {
   "type": "Feature",
   "geometry": {
    "type": "Point",
    "coordinates": [
     134.0223664,
     33.8531306
    ]
   },
   "properties": {
    "id": "TH-n5893943539-2",
    "kind": "trailhead",
    "name": "名頃登山口（三嶺）",
    "datum": "WGS84",
    "mountainIds": "778 780",
    "mountainNames": "三嶺、天狗塚",
    "lists": "日本二百名山|日本三百名山|四国百名山",
    "routes": "",
    "entryType": "登山口（OSMの登山口地物）",
    "trailKmToSummit": "三嶺:4.03km 天狗塚:9.09km",
    "related": "PK-w1219969034(237m) BS-kP11-22-36-bs1902(0m) BS-n5893936106(256m) BS-kP11-22-36-bs1897(384m)",
    "attributes": "parking=三嶺登山口駐車場 約20台（三好市）; bus=JR大歩危駅→四国交通バス久保行→市営バス剣山行→名頃バス停",
    "status": "adopted",
    "accuracyM": 15,
    "needsReview": "林道からの入口（マイカー進入可否を要確認）、林野庁四国森林管理局が三嶺へのルートマップを公開している（林野庁）、徳島自動車道井川池田ICから車で約1時間35分（三好市）",
    "sources": "国土数値情報（バス停留所データ）令和4年度（国土交通省）P11-22-36-bs1902（JGD2011）を加工して作成 ｜ OpenStreetMap（© OpenStreetMap contributors, ODbL 1.0）Geofabrik japan-latest.osm.pbf 2026-09-23T20:22:04Z node/1699014651（登山道と道路の接続点） ｜ 国土地理院 地名検索「名頃」（33.855056, 134.020986、JGD2011、248m差）2026-09-20確認 ｜ 公式情報: https://www.rinya.maff.go.jp/shikoku/policy/business/route_map/miune/miune1.html ｜ 公式情報: https://miyoshi-city.jp/spot/%E4%B8%89%E5%B6%BA/",
    "verifiedAt": "2026-09-20"
   }
  },
  {
   "type": "Feature",
   "geometry": {
    "type": "Point",
    "coordinates": [
     134.1234766,
     33.8407006
    ]
   },
   "properties": {
    "id": "TH-n6315568142",
    "kind": "trailhead",
    "name": "槍戸山登山口",
    "datum": "WGS84",
    "mountainIds": "775 776 777",
    "mountainNames": "一ノ森、次郎笈、剣山",
    "lists": "四国百名山|日本百名山|日本二百名山|日本三百名山",
    "routes": "",
    "entryType": "登山口（OSMの登山口地物）",
    "trailKmToSummit": "一ノ森:2.79km 次郎笈:6.06km 剣山:4.5km",
    "related": "",
    "attributes": "",
    "status": "adopted",
    "accuracyM": 15,
    "needsReview": "採用の根拠: OSMの登山口名と、地理院地図の徒歩道が道路から始まる位置の一致（公式情報では未確認）",
    "sources": "OpenStreetMap（© OpenStreetMap contributors, ODbL 1.0）Geofabrik japan-latest.osm.pbf 2026-09-23T20:22:04Z node/6315568142 ｜ 国土地理院ベクトルタイル提供実験 地理院地図の徒歩道の起点（33.840717, 134.123506、JGD2011、3m差）2026-09-24確認",
    "verifiedAt": ""
   }
  },
  {
   "type": "Feature",
   "geometry": {
    "type": "Point",
    "coordinates": [
     133.9109228,
     33.8840382
    ]
   },
   "properties": {
    "id": "TH-n6501170374",
    "kind": "trailhead",
    "name": "（名称未確認）",
    "datum": "WGS84",
    "mountainIds": "747 758",
    "mountainNames": "烏帽子山、寒峰",
    "lists": "四国百名山",
    "routes": "",
    "entryType": "一般道との接続",
    "trailKmToSummit": "烏帽子山:7.39km 寒峰:3.09km",
    "related": "",
    "attributes": "",
    "status": "candidate",
    "accuracyM": 30,
    "needsReview": "名称未確認、登山道が道路を横断する地点（途中の入口の可能性）、公式情報または2情報源での確認が必要",
    "sources": "OpenStreetMap（© OpenStreetMap contributors, ODbL 1.0）Geofabrik japan-latest.osm.pbf 2026-09-23T20:22:04Z node/6501170374（登山道と道路の接続点）",
    "verifiedAt": ""
   }
  },
  {
   "type": "Feature",
   "geometry": {
    "type": "Point",
    "coordinates": [
     133.0197147,
     34.2405679
    ]
   },
   "properties": {
    "id": "TH-n6593592017",
    "kind": "trailhead",
    "name": "（名称未確認）",
    "datum": "WGS84",
    "mountainIds": "703",
    "mountainNames": "鷲ヶ頭山",
    "lists": "四国百名山",
    "routes": "",
    "entryType": "一般道との接続",
    "trailKmToSummit": "鷲ヶ頭山:0.22km",
    "related": "",
    "attributes": "",
    "status": "candidate",
    "accuracyM": 30,
    "needsReview": "名称未確認、公式情報または2情報源での確認が必要",
    "sources": "OpenStreetMap（© OpenStreetMap contributors, ODbL 1.0）Geofabrik japan-latest.osm.pbf 2026-09-23T20:22:04Z node/6593592017（登山道と道路の接続点）",
    "verifiedAt": ""
   }
  },
  {
   "type": "Feature",
   "geometry": {
    "type": "Point",
    "coordinates": [
     133.8399607,
     34.2726035
    ]
   },
   "properties": {
    "id": "TH-n8164150727",
    "kind": "trailhead",
    "name": "（名称未確認）珠光園バス停付近",
    "datum": "WGS84",
    "mountainIds": "697",
    "mountainNames": "飯野山",
    "lists": "四国百名山",
    "routes": "",
    "entryType": "一般道との接続",
    "trailKmToSummit": "飯野山:1.01km",
    "related": "BS-kP11-22-37-bs741(506m) BS-kP11-22-37-bs741(506m) BS-kP11-22-37-bs741(506m)",
    "attributes": "",
    "status": "provisional",
    "accuracyM": 30,
    "needsReview": "名称未確認、近くの道路にゲートあり（車両通行止め・季節閉鎖の可能性）、公式情報または2情報源での確認が必要",
    "sources": "OpenStreetMap（© OpenStreetMap contributors, ODbL 1.0）Geofabrik japan-latest.osm.pbf 2026-09-23T20:22:04Z node/8164150727（登山道と道路の接続点）",
    "verifiedAt": ""
   }
  },
  {
   "type": "Feature",
   "geometry": {
    "type": "Point",
    "coordinates": [
     133.8339847,
     34.2805992
    ]
   },
   "properties": {
    "id": "TH-n8586606361",
    "kind": "trailhead",
    "name": "ふれあいセンターいいの",
    "datum": "WGS84",
    "mountainIds": "697",
    "mountainNames": "飯野山",
    "lists": "四国百名山",
    "routes": "",
    "entryType": "駐車場・バス停（林道・車道を経由して登山道へ）",
    "trailKmToSummit": "飯野山:1.89km",
    "related": "BS-kP11-22-37-bs668(3m) BS-kP11-22-37-bs668(3m) BS-kP11-22-37-bs668(3m)",
    "attributes": "",
    "status": "provisional",
    "accuracyM": 15,
    "needsReview": "近くの道路にゲートあり（車両通行止め・季節閉鎖の可能性）、林道からの入口（マイカー進入可否を要確認）、公式情報または2情報源での確認が必要",
    "sources": "OpenStreetMap（© OpenStreetMap contributors, ODbL 1.0）Geofabrik japan-latest.osm.pbf 2026-09-23T20:22:04Z node/8586606361 ｜ OpenStreetMap（© OpenStreetMap contributors, ODbL 1.0）Geofabrik japan-latest.osm.pbf 2026-09-23T20:22:04Z node/1986508880（登山道と道路の接続点）",
    "verifiedAt": ""
   }
  },
  {
   "type": "Feature",
   "geometry": {
    "type": "Point",
    "coordinates": [
     133.7607046,
     34.2168921
    ]
   },
   "properties": {
    "id": "TH-n8930679197",
    "kind": "trailhead",
    "name": "（名称未確認）市民集いの丘公園前バス停付近",
    "datum": "WGS84",
    "mountainIds": "713",
    "mountainNames": "我拝師山",
    "lists": "四国百名山",
    "routes": "",
    "entryType": "一般道との接続",
    "trailKmToSummit": "我拝師山:0.71km",
    "related": "BS-kP11-22-37-bs1278(699m) BS-kP11-22-37-bs1353(708m)",
    "attributes": "",
    "status": "provisional",
    "accuracyM": 30,
    "needsReview": "名称未確認、登山道が道路を横断する地点（途中の入口の可能性）、公式情報または2情報源での確認が必要",
    "sources": "OpenStreetMap（© OpenStreetMap contributors, ODbL 1.0）Geofabrik japan-latest.osm.pbf 2026-09-23T20:22:04Z node/8930679197（登山道と道路の接続点）",
    "verifiedAt": ""
   }
  },
  {
   "type": "Feature",
   "geometry": {
    "type": "Point",
    "coordinates": [
     133.0009389,
     33.4762467
    ]
   },
   "properties": {
    "id": "TH-n8971963359",
    "kind": "trailhead",
    "name": "（名称未確認）",
    "datum": "WGS84",
    "mountainIds": "833",
    "mountainNames": "五段高原",
    "lists": "四国百名山",
    "routes": "",
    "entryType": "一般道（県道以上）との接続",
    "trailKmToSummit": "五段高原:1.52km",
    "related": "PK-w30014326(373m)",
    "attributes": "",
    "status": "provisional",
    "accuracyM": 30,
    "needsReview": "名称未確認、公式情報または2情報源での確認が必要",
    "sources": "OpenStreetMap（© OpenStreetMap contributors, ODbL 1.0）Geofabrik japan-latest.osm.pbf 2026-09-23T20:22:04Z node/8971963359（登山道と道路の接続点）",
    "verifiedAt": ""
   }
  },
  {
   "type": "Feature",
   "geometry": {
    "type": "Point",
    "coordinates": [
     133.2793462,
     33.8133767
    ]
   },
   "properties": {
    "id": "TH-n9173740676",
    "kind": "trailhead",
    "name": "（名称未確認）",
    "datum": "WGS84",
    "mountainIds": "793",
    "mountainNames": "伊予富士",
    "lists": "日本三百名山|四国百名山",
    "routes": "",
    "entryType": "一般道との接続",
    "trailKmToSummit": "伊予富士:8.04km",
    "related": "",
    "attributes": "",
    "status": "candidate",
    "accuracyM": 30,
    "needsReview": "名称未確認、公式情報または2情報源での確認が必要",
    "sources": "OpenStreetMap（© OpenStreetMap contributors, ODbL 1.0）Geofabrik japan-latest.osm.pbf 2026-09-23T20:22:04Z node/9173740676（登山道と道路の接続点）",
    "verifiedAt": ""
   }
  },
  {
   "type": "Feature",
   "geometry": {
    "type": "Point",
    "coordinates": [
     134.046342,
     34.1143338
    ]
   },
   "properties": {
    "id": "TH-n9402514371",
    "kind": "trailhead",
    "name": "（名称未確認）",
    "datum": "WGS84",
    "mountainIds": "773",
    "mountainNames": "竜王山",
    "lists": "四国百名山",
    "routes": "",
    "entryType": "一般道との接続",
    "trailKmToSummit": "竜王山:0.21km",
    "related": "PK-w1158584610(281m)",
    "attributes": "",
    "status": "provisional",
    "accuracyM": 30,
    "needsReview": "名称未確認、公式情報または2情報源での確認が必要",
    "sources": "OpenStreetMap（© OpenStreetMap contributors, ODbL 1.0）Geofabrik japan-latest.osm.pbf 2026-09-23T20:22:04Z node/9402514371（登山道と道路の接続点）",
    "verifiedAt": ""
   }
  },
  {
   "type": "Feature",
   "geometry": {
    "type": "Point",
    "coordinates": [
     133.190558,
     33.7861172
    ]
   },
   "properties": {
    "id": "TH-n945762371",
    "kind": "trailhead",
    "name": "（名称未確認）",
    "datum": "WGS84",
    "mountainIds": "790 792",
    "mountainNames": "瓶ヶ森、西黒森",
    "lists": "日本三百名山|四国百名山",
    "routes": "",
    "entryType": "一般道との接続",
    "trailKmToSummit": "瓶ヶ森:1.14km 西黒森:2.68km",
    "related": "PK-w1065359933(68m) PK-w1065359932(149m)",
    "attributes": "season=UFOライン（町道瓶ヶ森線）は11月末〜4月上旬が冬季閉鎖（石鎚山系連携事業協議会）",
    "status": "provisional",
    "accuracyM": 30,
    "needsReview": "名称未確認、公式情報または2情報源での確認が必要、UFOライン（町道瓶ヶ森線）は標高1,100〜1,700mの稜線を走る全長約27kmの町道で、通行できるのは概ね4月中旬〜11月末（いの町・石鎚山系連携事業協議会）、いの町が山岳観光道路情報を公開している。入山前に確認すること（いの町）、この地点がどの登山口かは未確認",
    "sources": "OpenStreetMap（© OpenStreetMap contributors, ODbL 1.0）Geofabrik japan-latest.osm.pbf 2026-09-23T20:22:04Z node/945762371（登山道と道路の接続点） ｜ 公式情報: https://ishizuchisankei.com/spot/spot09-2/ ｜ 公式情報: https://www.town.ino.kochi.jp/shigoto/kanko/10060/ ｜ 公式情報: https://niyodoblue.jp/spot/detail.php?id=119",
    "verifiedAt": "2026-09-20"
   }
  },
  {
   "type": "Feature",
   "geometry": {
    "type": "Point",
    "coordinates": [
     133.1831408,
     33.769443
    ]
   },
   "properties": {
    "id": "TH-n945762544",
    "kind": "trailhead",
    "name": "（名称未確認）",
    "datum": "WGS84",
    "mountainIds": "790 792",
    "mountainNames": "瓶ヶ森、西黒森",
    "lists": "日本三百名山|四国百名山",
    "routes": "",
    "entryType": "一般道との接続",
    "trailKmToSummit": "瓶ヶ森:5.11km 西黒森:6.65km",
    "related": "PK-w1065353274(17m)",
    "attributes": "",
    "status": "provisional",
    "accuracyM": 30,
    "needsReview": "名称未確認、登山道が道路を横断する地点（途中の入口の可能性）、公式情報または2情報源での確認が必要",
    "sources": "OpenStreetMap（© OpenStreetMap contributors, ODbL 1.0）Geofabrik japan-latest.osm.pbf 2026-09-23T20:22:04Z node/945762544（登山道と道路の接続点）",
    "verifiedAt": ""
   }
  },
  {
   "type": "Feature",
   "geometry": {
    "type": "Point",
    "coordinates": [
     133.1979799,
     33.7935872
    ]
   },
   "properties": {
    "id": "TH-n959249623",
    "kind": "trailhead",
    "name": "（名称未確認）",
    "datum": "WGS84",
    "mountainIds": "790 792",
    "mountainNames": "瓶ヶ森、西黒森",
    "lists": "日本三百名山|四国百名山",
    "routes": "",
    "entryType": "一般道との接続",
    "trailKmToSummit": "瓶ヶ森:0.53km 西黒森:0.82km",
    "related": "",
    "attributes": "",
    "status": "candidate",
    "accuracyM": 30,
    "needsReview": "名称未確認、公式情報または2情報源での確認が必要",
    "sources": "OpenStreetMap（© OpenStreetMap contributors, ODbL 1.0）Geofabrik japan-latest.osm.pbf 2026-09-23T20:22:04Z node/959249623（登山道と道路の接続点）",
    "verifiedAt": ""
   }
  },
  {
   "type": "Feature",
   "geometry": {
    "type": "Point",
    "coordinates": [
     133.4387313,
     33.6934538
    ]
   },
   "properties": {
    "id": "TH-n9776924587",
    "kind": "trailhead",
    "name": "（名称未確認）",
    "datum": "WGS84",
    "mountainIds": "814",
    "mountainNames": "陣ヶ森",
    "lists": "四国百名山",
    "routes": "",
    "entryType": "道路の終点付近",
    "trailKmToSummit": "陣ヶ森:1.34km",
    "related": "",
    "attributes": "",
    "status": "candidate",
    "accuracyM": 30,
    "needsReview": "名称未確認、公式情報または2情報源での確認が必要",
    "sources": "OpenStreetMap（© OpenStreetMap contributors, ODbL 1.0）Geofabrik japan-latest.osm.pbf 2026-09-23T20:22:04Z node/9776924587（登山道と道路の接続点）",
    "verifiedAt": ""
   }
  },
  {
   "type": "Feature",
   "geometry": {
    "type": "Point",
    "coordinates": [
     133.8184805,
     34.1882861
    ]
   },
   "properties": {
    "id": "TH-w1371045038",
    "kind": "trailhead",
    "name": "タイムズ",
    "datum": "WGS84",
    "mountainIds": "716",
    "mountainNames": "大麻山",
    "lists": "四国百名山",
    "routes": "",
    "entryType": "駐車場・バス停（林道・車道を経由して登山道へ）",
    "trailKmToSummit": "大麻山:3.71km",
    "related": "PK-w1371045038(0m) PK-w1371045039(74m) PK-w1371045037(83m) BS-kP11-22-37-bs1509(51m) BS-kP11-22-37-bs1504(153m) BS-kP11-22-37-bs1520(166m)",
    "attributes": "",
    "status": "provisional",
    "accuracyM": 15,
    "needsReview": "近くの道路にゲートあり（車両通行止め・季節閉鎖の可能性）、林道からの入口（マイカー進入可否を要確認）、公式情報または2情報源での確認が必要",
    "sources": "OpenStreetMap（© OpenStreetMap contributors, ODbL 1.0）Geofabrik japan-latest.osm.pbf 2026-09-23T20:22:04Z way/1371045038 ｜ OpenStreetMap（© OpenStreetMap contributors, ODbL 1.0）Geofabrik japan-latest.osm.pbf 2026-09-23T20:22:04Z node/2094265052（登山道と道路の接続点）",
    "verifiedAt": ""
   }
  },
  {
   "type": "Feature",
   "geometry": {
    "type": "Point",
    "coordinates": [
     134.102384,
     34.3588006
    ]
   },
   "properties": {
    "id": "TH-w422803842",
    "kind": "trailhead",
    "name": "山上駐車場",
    "datum": "WGS84",
    "mountainIds": "690",
    "mountainNames": "屋島",
    "lists": "四国百名山",
    "routes": "",
    "entryType": "駐車場・バス停（林道・車道を経由して登山道へ）",
    "trailKmToSummit": "屋島:0.26km",
    "related": "PK-w422803842(0m) PK-w1137173396(323m) BS-kP11-22-37-bs52(58m) BS-kP11-22-37-bs50(985m) BS-kP11-22-37-bs50(985m)",
    "attributes": "OSM登山ルート: 四国遍路 83番札所一宮寺~84番札所屋島寺、四国遍路 84番札所屋島寺~85番札所八栗寺",
    "status": "provisional",
    "accuracyM": 15,
    "needsReview": "近くの道路にゲートあり（車両通行止め・季節閉鎖の可能性）、公式情報または2情報源での確認が必要",
    "sources": "OpenStreetMap（© OpenStreetMap contributors, ODbL 1.0）Geofabrik japan-latest.osm.pbf 2026-09-23T20:22:04Z way/422803842 ｜ OpenStreetMap（© OpenStreetMap contributors, ODbL 1.0）Geofabrik japan-latest.osm.pbf 2026-09-23T20:22:04Z node/8467335982（登山道と道路の接続点）",
    "verifiedAt": ""
   }
  }
 ]
}