id,kind,name,lat,lon,datum,mountainIds,mountainNames,lists,routes,entryType,trailKmToSummit,related,attributes,status,accuracyM,needsReview,sources,verifiedAt
BS-kP11-22-02-bs2379,bus_stop,城ヶ倉温泉,40.6560106,140.8364116,WGS84,104,八甲田山,日本百名山|日本二百名山|日本三百名山|東北百名山,,,,TH-n2417845539(64m),operator=ジェイアールバス東北（株）; busType=民間路線バス; busRoutes=青森路線　青森・八戸-奥入瀬・十和田湖　みずうみ号・おいらせ号,adopted,10,運行状況（季節運行・休止・予約制）を要確認,"国土数値情報（バス停留所データ）令和4年度（国土交通省）P11-22-02-bs2379（40.656011, 140.836412、JGD2011）を加工して作成 ｜ OpenStreetMap（© OpenStreetMap contributors, ODbL 1.0）Geofabrik japan-latest.osm.pbf 2026-09-23T20:22:04Z node/5052897433",
BS-kP11-22-02-bs2414,bus_stop,酸ケ湯温泉,40.6500144,140.8498617,WGS84,104,八甲田山,日本百名山|日本二百名山|日本三百名山|東北百名山,,,,TH-n2417779397(82m),operator=ジェイアールバス東北（株）; busType=民間路線バス; busRoutes=青森路線　青森・八戸-奥入瀬・十和田湖　みずうみ号・おいらせ号,adopted,10,運行状況（季節運行・休止・予約制）を要確認,"国土数値情報（バス停留所データ）令和4年度（国土交通省）P11-22-02-bs2414（40.650014, 140.849862、JGD2011）を加工して作成 ｜ OpenStreetMap（© OpenStreetMap contributors, ODbL 1.0）Geofabrik japan-latest.osm.pbf 2026-09-23T20:22:04Z node/5052899825",
BS-kP11-22-02-bs2552,bus_stop,谷地温泉,40.6311341,140.9289907,WGS84,104,八甲田山,日本百名山|日本二百名山|日本三百名山|東北百名山,,,,TH-n4383043606(413m),operator=ジェイアールバス東北（株）; busType=民間路線バス; busRoutes=青森路線　青森・八戸-奥入瀬・十和田湖　みずうみ号・おいらせ号,adopted,10,運行状況（季節運行・休止・予約制）を要確認,"国土数値情報（バス停留所データ）令和4年度（国土交通省）P11-22-02-bs2552（40.631134, 140.928991、JGD2011）を加工して作成",
BS-kP11-22-02-bs2553,bus_stop,猿倉温泉,40.631096,140.9089004,WGS84,106,南八甲田,東北百名山,,,,TH-n5052897434(454m) TH-gsi-sarukura(516m),operator=ジェイアールバス東北（株）; busType=民間路線バス; busRoutes=青森路線　青森・八戸-奥入瀬・十和田湖　みずうみ号・おいらせ号,adopted,10,運行状況（季節運行・休止・予約制）を要確認,"国土数値情報（バス停留所データ）令和4年度（国土交通省）P11-22-02-bs2553（40.631096, 140.908900、JGD2011）を加工して作成 ｜ OpenStreetMap（© OpenStreetMap contributors, ODbL 1.0）Geofabrik japan-latest.osm.pbf 2026-09-23T20:22:04Z node/5052900223",
BS-kP11-22-02-bs2558,bus_stop,岳温泉前,40.6298377,140.2682434,WGS84,105,岩木山,日本百名山|日本二百名山|日本三百名山|東北百名山,,,,TH-gsi-dake-iwaki(235m) TH-gsi-dake-iwaki(235m),operator=弘南バス（株）; busType=民間路線バス; busRoutes=弘前～岩木庁舎線・枯木平線（高岡経由）,adopted,10,運行状況（季節運行・休止・予約制）を要確認,"国土数値情報（バス停留所データ）令和4年度（国土交通省）P11-22-02-bs2558（40.629838, 140.268243、JGD2011）を加工して作成 ｜ OpenStreetMap（© OpenStreetMap contributors, ODbL 1.0）Geofabrik japan-latest.osm.pbf 2026-09-23T20:22:04Z node/12714888915",
BS-kP11-22-02-bs2560,bus_stop,湯段口,40.6295831,140.2640852,WGS84,105,岩木山,日本百名山|日本二百名山|日本三百名山|東北百名山,,,,TH-gsi-dake-iwaki(436m),operator=弘南バス（株）; busType=民間路線バス; busRoutes=弘前～岩木庁舎線・枯木平線（高岡経由）,adopted,10,運行状況（季節運行・休止・予約制）を要確認,"国土数値情報（バス停留所データ）令和4年度（国土交通省）P11-22-02-bs2560（40.629583, 140.264085、JGD2011）を加工して作成 ｜ OpenStreetMap（© OpenStreetMap contributors, ODbL 1.0）Geofabrik japan-latest.osm.pbf 2026-09-23T20:22:04Z node/12714863652",
BS-kP11-22-02-bs3312,bus_stop,奥十二湖駐車場,40.5638201,139.9834973,WGS84,108,白神岳,日本二百名山|日本三百名山|東北百名山,,,,TH-n9053236356(364m),operator=弘南バス（株）; busType=民間路線バス; busRoutes=十二湖線【2022年4月21日～11月30日】,adopted,10,運行状況（季節運行・休止・予約制）を要確認,"国土数値情報（バス停留所データ）令和4年度（国土交通省）P11-22-02-bs3312（40.563820, 139.983497、JGD2011）を加工して作成 ｜ OpenStreetMap（© OpenStreetMap contributors, ODbL 1.0）Geofabrik japan-latest.osm.pbf 2026-09-23T20:22:04Z node/9053236320",
BS-kP11-22-03-bs1308,bus_stop,黒谷地,39.954263,140.8860337,WGS84,120,八幡平,日本百名山|日本二百名山|日本三百名山|東北百名山,,,,TH-n1238744243(6m),operator=岩手県北自動車（株）; busType=民間路線バス; busRoutes=A24御在所 / A21八幡平頂上・八幡平マウンテンホテル / A23八幡平マウンテンホテル,adopted,10,運行状況（季節運行・休止・予約制）を要確認,"国土数値情報（バス停留所データ）令和4年度（国土交通省）P11-22-03-bs1308（39.954263, 140.886034、JGD2011）を加工して作成 ｜ OpenStreetMap（© OpenStreetMap contributors, ODbL 1.0）Geofabrik japan-latest.osm.pbf 2026-09-23T20:22:04Z node/4406655689",
BS-kP11-22-03-bs1349,bus_stop,茶臼口,39.9437584,140.9076775,WGS84,120,八幡平,日本百名山|日本二百名山|日本三百名山|東北百名山,,,,TH-n1238743957(76m),operator=岩手県北自動車（株）; busType=民間路線バス; busRoutes=A24御在所 / A21八幡平頂上・八幡平マウンテンホテル / A23八幡平マウンテンホテル,adopted,10,運行状況（季節運行・休止・予約制）を要確認,"国土数値情報（バス停留所データ）令和4年度（国土交通省）P11-22-03-bs1349（39.943758, 140.907678、JGD2011）を加工して作成 ｜ OpenStreetMap（© OpenStreetMap contributors, ODbL 1.0）Geofabrik japan-latest.osm.pbf 2026-09-23T20:22:04Z node/4385374917",
BS-kP11-22-03-bs1357,bus_stop,藤七温泉,39.942091,140.8611799,WGS84,120 121,八幡平、三ツ石山,日本百名山|日本二百名山|日本三百名山|東北百名山,,,,TH-n727644728(961m) TH-n1238722938(22m) TH-n727644496(513m),operator=岩手県北自動車（株）; busType=民間路線バス; busRoutes=A24御在所 / A23八幡平マウンテンホテル / F41八幡平自然散策バス,adopted,10,運行状況（季節運行・休止・予約制）を要確認、登山口から離れている（徒歩アプローチを要確認）,"国土数値情報（バス停留所データ）令和4年度（国土交通省）P11-22-03-bs1357（39.942091, 140.861180、JGD2011）を加工して作成",
BS-kP11-22-03-bs1358,bus_stop,蓬莱境,39.9418236,140.8636374,WGS84,121,三ツ石山,東北百名山,,,,TH-n1238722938(234m) TH-n727644496(725m),operator=岩手県北自動車（株）; busType=民間路線バス; busRoutes=A24御在所 / A23八幡平マウンテンホテル / F41八幡平自然散策バス,adopted,10,運行状況（季節運行・休止・予約制）を要確認、登山口から離れている（徒歩アプローチを要確認）,"国土数値情報（バス停留所データ）令和4年度（国土交通省）P11-22-03-bs1358（39.941824, 140.863637、JGD2011）を加工して作成",
BS-kP11-22-03-bs1510,bus_stop,温泉郷西口,39.9010083,140.9666969,WGS84,122,岩手山,日本百名山|日本二百名山|日本三百名山|東北百名山,,,,TH-kP11-22-03-bs1529(681m),operator=岩手県北自動車（株）; busType=民間路線バス; busRoutes=A12巣子ニュータウン・大更駅・田頭町/松川温泉 / A51おらほの温泉・大更駅/平舘駅・八幡平マウンテンホテル・盛岡駅・バスセンター / A13おらほの温泉・大更駅・田頭町/八幡平マウンテンホテル・盛岡駅・バスセンター,adopted,10,運行状況（季節運行・休止・予約制）を要確認、登山口から離れている（徒歩アプローチを要確認）,"国土数値情報（バス停留所データ）令和4年度（国土交通省）P11-22-03-bs1510（39.901008, 140.966697、JGD2011）を加工して作成",
BS-kP11-22-03-bs1528,bus_stop,下倉スキー場入口,39.8963605,140.9606403,WGS84,122,岩手山,日本百名山|日本二百名山|日本三百名山|東北百名山,,,,TH-kP11-22-03-bs1529(367m),operator=岩手県北自動車（株）; busType=民間路線バス; busRoutes=A12巣子ニュータウン・大更駅・田頭町/松川温泉 / A11大更駅・田頭町/松川温泉・盛岡駅・バスセンター / A24御在所,adopted,10,運行状況（季節運行・休止・予約制）を要確認,"国土数値情報（バス停留所データ）令和4年度（国土交通省）P11-22-03-bs1528（39.896361, 140.960640、JGD2011）を加工して作成",
BS-kP11-22-03-bs1529,bus_stop,県民の森,39.8950621,140.9645986,WGS84,122,岩手山,日本百名山|日本二百名山|日本三百名山|東北百名山,,,,TH-kP11-22-03-bs1529(0m),operator=岩手県北自動車（株）; busType=民間路線バス; busRoutes=A12巣子ニュータウン・大更駅・田頭町/松川温泉 / A11大更駅・田頭町/松川温泉・盛岡駅・バスセンター / A24御在所,adopted,10,運行状況（季節運行・休止・予約制）を要確認,"国土数値情報（バス停留所データ）令和4年度（国土交通省）P11-22-03-bs1529（39.895062, 140.964599、JGD2011）を加工して作成",
BS-kP11-22-03-bs1564,bus_stop,松楓荘口,39.8763521,140.9304404,WGS84,121 122,三ツ石山、岩手山,東北百名山|日本百名山|日本二百名山|日本三百名山,,,,TH-kP11-22-03-bs1574(638m) TH-n1233747532(550m),operator=岩手県北自動車（株）; busType=民間路線バス; busRoutes=A12巣子ニュータウン・大更駅・田頭町/松川温泉 / A11大更駅・田頭町/松川温泉・盛岡駅・バスセンター / A24御在所,adopted,10,運行状況（季節運行・休止・予約制）を要確認、登山口から離れている（徒歩アプローチを要確認）,"国土数値情報（バス停留所データ）令和4年度（国土交通省）P11-22-03-bs1564（39.876352, 140.930440、JGD2011）を加工して作成",
BS-kP11-22-03-bs1572,bus_stop,松川荘口,39.8742416,140.9268051,WGS84,121 122,三ツ石山、岩手山,東北百名山|日本百名山|日本二百名山|日本三百名山,,,,TH-kP11-22-03-bs1574(249m) TH-n1233747532(325m),operator=岩手県北自動車（株）; busType=民間路線バス; busRoutes=A12巣子ニュータウン・大更駅・田頭町/松川温泉 / A11大更駅・田頭町/松川温泉・盛岡駅・バスセンター / A24御在所,adopted,10,運行状況（季節運行・休止・予約制）を要確認,"国土数値情報（バス停留所データ）令和4年度（国土交通省）P11-22-03-bs1572（39.874242, 140.926805、JGD2011）を加工して作成",
BS-kP11-22-03-bs1574,bus_stop,松川温泉,39.8728248,140.9245326,WGS84,121 122,三ツ石山、岩手山,東北百名山|日本百名山|日本二百名山|日本三百名山,,,,TH-kP11-22-03-bs1574(0m) TH-n1233747532(364m),operator=岩手県北自動車（株）; busType=民間路線バス; busRoutes=A12巣子ニュータウン・大更駅・田頭町/松川温泉 / A11大更駅・田頭町/松川温泉・盛岡駅・バスセンター / A24御在所,adopted,10,運行状況（季節運行・休止・予約制）を要確認,"国土数値情報（バス停留所データ）令和4年度（国土交通省）P11-22-03-bs1574（39.872825, 140.924533、JGD2011）を加工して作成",
BS-kP11-22-03-bs2768,bus_stop,区界バス停,39.6508858,141.3534424,WGS84,128,兜明神岳,東北百名山,,,,TH-n1229621122(704m),operator=宮古市; busType=コミュニティバス; busRoutes=区界線,adopted,10,運行状況（季節運行・休止・予約制）を要確認、登山口から離れている（徒歩アプローチを要確認）,"国土数値情報（バス停留所データ）令和4年度（国土交通省）P11-22-03-bs2768（39.650886, 141.353442、JGD2011）を加工して作成 ｜ OpenStreetMap（© OpenStreetMap contributors, ODbL 1.0）Geofabrik japan-latest.osm.pbf 2026-09-23T20:22:04Z node/4277720896",
BS-kP11-22-03-bs2808,bus_stop,区界住宅前,39.6455582,141.3668604,WGS84,128,兜明神岳,東北百名山,,,,TH-n1229711267(214m),operator=宮古市; busType=コミュニティバス; busRoutes=区界線,adopted,10,運行状況（季節運行・休止・予約制）を要確認,"国土数値情報（バス停留所データ）令和4年度（国土交通省）P11-22-03-bs2808（39.645558, 141.366860、JGD2011）を加工して作成",
BS-kP11-22-03-bs3199,bus_stop,中の貝,39.5370911,141.4061463,WGS84,130,早池峰山,日本百名山|日本二百名山|日本三百名山|東北百名山,,,,TH-n1264792134(510m),operator=花巻市; busType=コミュニティバス; busRoutes=スクールタクシー　岳・久出内線,adopted,10,運行状況（季節運行・休止・予約制）を要確認,"国土数値情報（バス停留所データ）令和4年度（国土交通省）P11-22-03-bs3199（39.537091, 141.406146、JGD2011）を加工して作成",
BS-kP11-22-03-bs3211,bus_stop,岳,39.5333044,141.4142708,WGS84,130,早池峰山,日本百名山|日本二百名山|日本三百名山|東北百名山,,,,TH-n1264792134(407m),operator=花巻市; busType=コミュニティバス; busRoutes=スクールタクシー　岳・久出内線,adopted,10,運行状況（季節運行・休止・予約制）を要確認,"国土数値情報（バス停留所データ）令和4年度（国土交通省）P11-22-03-bs3211（39.533304, 141.414271、JGD2011）を加工して作成",
BS-kP11-22-03-bs3815,bus_stop,浪板,39.3834444,141.9356038,WGS84,134,鯨山,東北百名山,,,,TH-osm-n264237096(47m),operator=岩手県交通（株）; busType=民間路線バス; busRoutes=浪板線（広域路線）　（上大畑～釜石駅前～浪板）,adopted,10,運行状況（季節運行・休止・予約制）を要確認,"国土数値情報（バス停留所データ）令和4年度（国土交通省）P11-22-03-bs3815（39.383444, 141.935604、JGD2011）を加工して作成 ｜ OpenStreetMap（© OpenStreetMap contributors, ODbL 1.0）Geofabrik japan-latest.osm.pbf 2026-09-23T20:22:04Z node/13978294841",
BS-kP11-22-03-bs3838,bus_stop,浪板海岸,39.3805187,141.9386261,WGS84,134,鯨山,東北百名山,,,,TH-osm-n264237096(458m),operator=岩手県交通（株）; busType=民間路線バス; busRoutes=浪板線（広域路線）　（上大畑～釜石駅前～浪板）,adopted,10,運行状況（季節運行・休止・予約制）を要確認,"国土数値情報（バス停留所データ）令和4年度（国土交通省）P11-22-03-bs3838（39.380519, 141.938626、JGD2011）を加工して作成 ｜ OpenStreetMap（© OpenStreetMap contributors, ODbL 1.0）Geofabrik japan-latest.osm.pbf 2026-09-23T20:22:04Z node/2474722673",
BS-kP11-22-03-bs4653,bus_stop,洞泉駅前,39.2501232,141.7590216,WGS84,136,五葉山,日本三百名山|東北百名山,,,,TH-n1260871223(656m),operator=岩手県交通（株）; busType=民間路線バス; busRoutes=大橋・上大畑～東前 / 大橋～上平田ニュータウン / 大橋～≪嬉石バイパス≫～上平田ニュータウン,adopted,10,運行状況（季節運行・休止・予約制）を要確認、登山口から離れている（徒歩アプローチを要確認）,"国土数値情報（バス停留所データ）令和4年度（国土交通省）P11-22-03-bs4653（39.250123, 141.759022、JGD2011）を加工して作成",
BS-kP11-22-03-bs4827,bus_stop,桧山,39.1957339,141.6712826,WGS84,136,五葉山,日本三百名山|東北百名山,,,,TH-kP11-22-03-bs4827(0m),operator=住田町; busType=コミュニティバス; busRoutes=住田町コミュニティバス　川口上有住駅線（川口）,adopted,10,運行状況（季節運行・休止・予約制）を要確認,"国土数値情報（バス停留所データ）令和4年度（国土交通省）P11-22-03-bs4827（39.195734, 141.671283、JGD2011）を加工して作成",
BS-kP11-22-03-bs5367,bus_stop,上山公民館前,39.0652332,141.7156785,WGS84,140,氷上山,東北百名山,,,,TH-kP11-22-03-bs5378(396m),operator=岩手県交通（株）; busType=民間路線バス; busRoutes=丸森立根線,adopted,10,運行状況（季節運行・休止・予約制）を要確認,"国土数値情報（バス停留所データ）令和4年度（国土交通省）P11-22-03-bs5367（39.065233, 141.715678、JGD2011）を加工して作成",
BS-kP11-22-03-bs5377,bus_stop,商人橋,39.0622822,141.7183372,WGS84,140,氷上山,東北百名山,,,,TH-kP11-22-03-bs5378(309m),operator=岩手県交通（株）; busType=民間路線バス; busRoutes=碁石線,adopted,10,運行状況（季節運行・休止・予約制）を要確認,"国土数値情報（バス停留所データ）令和4年度（国土交通省）P11-22-03-bs5377（39.062282, 141.718337、JGD2011）を加工して作成",
BS-kP11-22-03-bs5378,bus_stop,菊田外科前,39.0617094,141.7148398,WGS84,140,氷上山,東北百名山,,,,TH-kP11-22-03-bs5378(0m),operator=岩手県交通（株）; busType=民間路線バス; busRoutes=丸森立根線,adopted,10,運行状況（季節運行・休止・予約制）を要確認,"国土数値情報（バス停留所データ）令和4年度（国土交通省）P11-22-03-bs5378（39.061709, 141.714840、JGD2011）を加工して作成",
BS-kP11-22-04-bs2331,bus_stop,スプリングバレー仙台泉スキー場,38.4190409,140.7235518,WGS84,158 161,船形山、泉ヶ岳,日本二百名山|日本三百名山|東北百名山,,,,TH-n4770318383(1002m),operator=仙台市; busType=公営路線バス; busRoutes=10系統,adopted,10,運行状況（季節運行・休止・予約制）を要確認、登山口から離れている（徒歩アプローチを要確認）,"国土数値情報（バス停留所データ）令和4年度（国土交通省）P11-22-04-bs2331（38.419041, 140.723552、JGD2011）を加工して作成 ｜ OpenStreetMap（© OpenStreetMap contributors, ODbL 1.0）Geofabrik japan-latest.osm.pbf 2026-09-23T20:22:04Z node/8754499223",
BS-kP11-22-04-bs2385,bus_stop,泉岳自然ふれあい館,38.3901536,140.7201109,WGS84,158 161,船形山、泉ヶ岳,日本二百名山|日本三百名山|東北百名山,,,,TH-n11119841164(244m) TH-n11119841164(244m) TH-n4769554741(943m) TH-n4769554741(943m) TH-n1267266464(649m) TH-n1267266464(649m) TH-n1267274052(779m) TH-n1267274052(779m),operator=仙台市; busType=公営路線バス; busRoutes=10系統; network=実沢営10系統,adopted,10,運行状況（季節運行・休止・予約制）を要確認、登山口から離れている（徒歩アプローチを要確認）,"国土数値情報（バス停留所データ）令和4年度（国土交通省）P11-22-04-bs2385（38.390154, 140.720111、JGD2011）を加工して作成 ｜ OpenStreetMap（© OpenStreetMap contributors, ODbL 1.0）Geofabrik japan-latest.osm.pbf 2026-09-23T20:22:04Z node/8754498927",
BS-kP11-22-04-bs3850,bus_stop,二口,38.2725875,140.552262,WGS84,162 164,面白山、大東岳,東北百名山,,,,TH-n8712620168(721m) TH-n8712620168(721m) TH-n1247242710(363m) TH-n1247242710(363m),operator=仙台市; busType=公営路線バス; busRoutes=87系統,adopted,10,運行状況（季節運行・休止・予約制）を要確認、登山口から離れている（徒歩アプローチを要確認）,"国土数値情報（バス停留所データ）令和4年度（国土交通省）P11-22-04-bs3850（38.272588, 140.552262、JGD2011）を加工して作成 ｜ OpenStreetMap（© OpenStreetMap contributors, ODbL 1.0）Geofabrik japan-latest.osm.pbf 2026-09-23T20:22:04Z node/9197077219",
BS-kP11-22-04-bs5080,bus_stop,峩々温泉入口,38.1392029,140.5096139,WGS84,168 170,雁戸山、蔵王山,東北百名山|日本百名山|日本二百名山|日本三百名山,,,,TH-n10074098044(948m),operator=（株）ミヤコーバス; busType=民間路線バス; busRoutes=白石遠刈田線・蔵王エコーライン線,adopted,10,運行状況（季節運行・休止・予約制）を要確認、登山口から離れている（徒歩アプローチを要確認）,"国土数値情報（バス停留所データ）令和4年度（国土交通省）P11-22-04-bs5080（38.139203, 140.509614、JGD2011）を加工して作成 ｜ OpenStreetMap（© OpenStreetMap contributors, ODbL 1.0）Geofabrik japan-latest.osm.pbf 2026-09-23T20:22:04Z node/14156913230",
BS-kP11-22-04-bs5090,bus_stop,駒草平,38.1345324,140.4681016,WGS84,168 170,雁戸山、蔵王山,東北百名山|日本百名山|日本二百名山|日本三百名山,,,,TH-n957115735(529m),operator=（株）ミヤコーバス; busType=民間路線バス; busRoutes=白石遠刈田線・蔵王エコーライン線,adopted,10,運行状況（季節運行・休止・予約制）を要確認,"国土数値情報（バス停留所データ）令和4年度（国土交通省）P11-22-04-bs5090（38.134532, 140.468102、JGD2011）を加工して作成 ｜ OpenStreetMap（© OpenStreetMap contributors, ODbL 1.0）Geofabrik japan-latest.osm.pbf 2026-09-23T20:22:04Z node/14156913233",
BS-kP11-22-04-bs5107,bus_stop,大黒天,38.130823,140.4639724,WGS84,168 170,雁戸山、蔵王山,東北百名山|日本百名山|日本二百名山|日本三百名山,,,,TH-n957115735(21m),operator=（株）ミヤコーバス; busType=民間路線バス; busRoutes=白石遠刈田線・蔵王エコーライン線,adopted,10,運行状況（季節運行・休止・予約制）を要確認,"国土数値情報（バス停留所データ）令和4年度（国土交通省）P11-22-04-bs5107（38.130823, 140.463972、JGD2011）を加工して作成 ｜ OpenStreetMap（© OpenStreetMap contributors, ODbL 1.0）Geofabrik japan-latest.osm.pbf 2026-09-23T20:22:04Z node/14156913234",
BS-kP11-22-04-bs5127,bus_stop,刈田駐車場,38.1274952,140.4371613,WGS84,168 170,雁戸山、蔵王山,東北百名山|日本百名山|日本二百名山|日本三百名山,,,,TH-n3702582422(173m),operator=山交バス（株）; busType=民間路線バス; busRoutes=山形～蔵王刈田山頂線（特急）,adopted,10,運行状況（季節運行・休止・予約制）を要確認,"国土数値情報（バス停留所データ）令和4年度（国土交通省）P11-22-04-bs5127（38.127495, 140.437161、JGD2011）を加工して作成 ｜ OpenStreetMap（© OpenStreetMap contributors, ODbL 1.0）Geofabrik japan-latest.osm.pbf 2026-09-23T20:22:04Z node/12179534501",
BS-kP11-22-04-bs5129,bus_stop,蔵王刈田山頂,38.1273332,140.4471073,WGS84,168 170 172,雁戸山、蔵王山、屏風岳,東北百名山|日本百名山|日本二百名山|日本三百名山,,,,TH-n3702582422(727m) TH-n3702582421(484m) TH-n7688189865(704m) TH-gsi-kattatoge(599m) TH-gsi-karitasancho(130m),operator=山交バス（株）; busType=民間路線バス; busRoutes=山形～蔵王刈田山頂線（特急）,adopted,10,運行状況（季節運行・休止・予約制）を要確認、登山口から離れている（徒歩アプローチを要確認）,"国土数値情報（バス停留所データ）令和4年度（国土交通省）P11-22-04-bs5129（38.127333, 140.447107、JGD2011）を加工して作成 ｜ OpenStreetMap（© OpenStreetMap contributors, ODbL 1.0）Geofabrik japan-latest.osm.pbf 2026-09-23T20:22:04Z node/12179535101",
BS-kP11-22-04-bs5130,bus_stop,蔵王刈田山頂,38.1273332,140.4471073,WGS84,168 170 172,雁戸山、蔵王山、屏風岳,東北百名山|日本百名山|日本二百名山|日本三百名山,,,,TH-n3702582421(484m) TH-n7688189865(704m) TH-gsi-kattatoge(599m) TH-gsi-karitasancho(130m),operator=（株）ミヤコーバス; busType=民間路線バス; busRoutes=白石遠刈田線・蔵王エコーライン線,adopted,10,運行状況（季節運行・休止・予約制）を要確認、登山口から離れている（徒歩アプローチを要確認）,"国土数値情報（バス停留所データ）令和4年度（国土交通省）P11-22-04-bs5130（38.127333, 140.447107、JGD2011）を加工して作成",
BS-kP11-22-04-bs5150,bus_stop,刈田峠,38.1235285,140.4523459,WGS84,172,屏風岳,東北百名山,,,,TH-n7688189865(204m) TH-gsi-kattatoge(210m),operator=（株）ミヤコーバス; busType=民間路線バス; busRoutes=白石遠刈田線・蔵王エコーライン線,adopted,10,運行状況（季節運行・休止・予約制）を要確認,"国土数値情報（バス停留所データ）令和4年度（国土交通省）P11-22-04-bs5150（38.123529, 140.452346、JGD2011）を加工して作成 ｜ OpenStreetMap（© OpenStreetMap contributors, ODbL 1.0）Geofabrik japan-latest.osm.pbf 2026-09-23T20:22:04Z node/14156913235",
BS-kP11-22-04-bs5668,bus_stop,不動尊前,37.8722035,140.7821954,WGS84,177,岩岳,東北百名山,,,,TH-n4339618977(632m) TH-n1227755363(549m),operator=丸森町; busType=コミュニティバス; busRoutes=ウィークエンドバス　るんるん号 / 町民バス　肱曲線,adopted,10,運行状況（季節運行・休止・予約制）を要確認、登山口から離れている（徒歩アプローチを要確認）,"国土数値情報（バス停留所データ）令和4年度（国土交通省）P11-22-04-bs5668（37.872203, 140.782195、JGD2011）を加工して作成 ｜ OpenStreetMap（© OpenStreetMap contributors, ODbL 1.0）Geofabrik japan-latest.osm.pbf 2026-09-23T20:22:04Z node/14180162443",
BS-kP11-22-04-bs5670,bus_stop,キャンプ場入口,37.8701878,140.7816759,WGS84,177,岩岳,東北百名山,,,,TH-n1227615444(850m) TH-n1227615444(850m) TH-n4339618977(409m) TH-n4339618977(409m) TH-n1227755363(599m) TH-n1227755363(599m),operator=丸森町; busType=コミュニティバス; busRoutes=ウィークエンドバス　るんるん号 / 町民バス　肱曲線,adopted,10,運行状況（季節運行・休止・予約制）を要確認、登山口から離れている（徒歩アプローチを要確認）,"国土数値情報（バス停留所データ）令和4年度（国土交通省）P11-22-04-bs5670（37.870188, 140.781676、JGD2011）を加工して作成 ｜ OpenStreetMap（© OpenStreetMap contributors, ODbL 1.0）Geofabrik japan-latest.osm.pbf 2026-09-23T20:22:04Z node/14180162445",
BS-kP11-22-05-bs1180,bus_stop,大渡,40.1446379,140.6418706,WGS84,115,竜ヶ森,東北百名山,,,,TH-kP11-22-05-bs1180(0m),operator=秋北バス（株）; busType=民間路線バス; busRoutes=大谷線,adopted,10,運行状況（季節運行・休止・予約制）を要確認,"国土数値情報（バス停留所データ）令和4年度（国土交通省）P11-22-05-bs1180（40.144638, 140.641871、JGD2011）を加工して作成",
BS-kP11-22-05-bs1193,bus_stop,長部,40.1386197,140.6485459,WGS84,115,竜ヶ森,東北百名山,,,,TH-kP11-22-05-bs1180(875m),operator=秋北バス（株）; busType=民間路線バス; busRoutes=大谷線,adopted,10,運行状況（季節運行・休止・予約制）を要確認、登山口から離れている（徒歩アプローチを要確認）,"国土数値情報（バス停留所データ）令和4年度（国土交通省）P11-22-05-bs1193（40.138620, 140.648546、JGD2011）を加工して作成",
BS-kP11-22-05-bs1432,bus_stop,曽利滝,39.9925187,140.7727124,WGS84,119,秋田焼山,東北百名山,,,,TH-n1266222529(718m),operator=秋北バス（株）; busType=民間路線バス; busRoutes=田沢湖（秋北）,adopted,10,運行状況（季節運行・休止・予約制）を要確認、登山口から離れている（徒歩アプローチを要確認）,"国土数値情報（バス停留所データ）令和4年度（国土交通省）P11-22-05-bs1432（39.992519, 140.772712、JGD2011）を加工して作成",
BS-kP11-22-05-bs1433,bus_stop,曽利滝,39.9925187,140.7727124,WGS84,119,秋田焼山,東北百名山,,,,TH-n1266222529(718m),operator=鹿角市; busType=コミュニティバス; busRoutes=田沢湖線,adopted,10,運行状況（季節運行・休止・予約制）を要確認、登山口から離れている（徒歩アプローチを要確認）,"国土数値情報（バス停留所データ）令和4年度（国土交通省）P11-22-05-bs1433（39.992519, 140.772712、JGD2011）を加工して作成",
BS-kP11-22-05-bs1491,bus_stop,玉川温泉,39.9630201,140.7252747,WGS84,119,秋田焼山,東北百名山,,,,TH-n7615424234(325m) TH-n1289909030(3m),operator=秋北バス（株）; busType=民間路線バス; busRoutes=田沢湖（秋北）,adopted,10,運行状況（季節運行・休止・予約制）を要確認,"国土数値情報（バス停留所データ）令和4年度（国土交通省）P11-22-05-bs1491（39.963020, 140.725275、JGD2011）を加工して作成",
BS-kP11-22-05-bs1492,bus_stop,玉川温泉,39.9630201,140.7252747,WGS84,119,秋田焼山,東北百名山,,,,TH-n7615424234(325m) TH-n1289909030(3m),operator=羽後交通（株）・秋北バス（株）; busType=民間路線バス; busRoutes=（急行）玉川線,adopted,10,運行状況（季節運行・休止・予約制）を要確認,"国土数値情報（バス停留所データ）令和4年度（国土交通省）P11-22-05-bs1492（39.963020, 140.725275、JGD2011）を加工して作成",
BS-kP11-22-05-bs1493,bus_stop,玉川温泉,39.9630201,140.7252747,WGS84,119,秋田焼山,東北百名山,,,,TH-n7615424234(325m) TH-n1289909030(3m),operator=鹿角市; busType=コミュニティバス; busRoutes=田沢湖線,adopted,10,運行状況（季節運行・休止・予約制）を要確認,"国土数値情報（バス停留所データ）令和4年度（国土交通省）P11-22-05-bs1493（39.963020, 140.725275、JGD2011）を加工して作成",
BS-kP11-22-05-bs1531,bus_stop,八幡平頂上,39.949953,140.8563542,WGS84,120 121,八幡平、三ツ石山,日本百名山|日本二百名山|日本三百名山|東北百名山,,,,TH-n727644728(1m) TH-n1238722938(949m) TH-n727644496(820m),operator=岩手県北自動車（株）; busType=民間路線バス; busRoutes=A24御在所 / A21八幡平頂上・八幡平マウンテンホテル / A23八幡平マウンテンホテル,adopted,10,運行状況（季節運行・休止・予約制）を要確認、登山口から離れている（徒歩アプローチを要確認）,"国土数値情報（バス停留所データ）令和4年度（国土交通省）P11-22-05-bs1531（39.949953, 140.856354、JGD2011）を加工して作成",
BS-kP11-22-05-bs1911,bus_stop,乳頭蟹場温泉,39.8057814,140.7981382,WGS84,124 125 127,大白森、烏帽子岳、秋田駒ヶ岳,東北百名山|日本三百名山|日本二百名山,,,,TH-n1289976759(22m) TH-n1289990940(743m),operator=羽後交通（株）; busType=民間路線バス; busRoutes=乳頭線 / 駒ヶ岳線,adopted,10,運行状況（季節運行・休止・予約制）を要確認、登山口から離れている（徒歩アプローチを要確認）,"国土数値情報（バス停留所データ）令和4年度（国土交通省）P11-22-05-bs1911（39.805781, 140.798138、JGD2011）を加工して作成 ｜ OpenStreetMap（© OpenStreetMap contributors, ODbL 1.0）Geofabrik japan-latest.osm.pbf 2026-09-23T20:22:04Z node/14168697901",
BS-kP11-22-05-bs1912,bus_stop,乳頭温泉,39.8047814,140.7966962,WGS84,124 125 127,大白森、烏帽子岳、秋田駒ヶ岳,東北百名山|日本三百名山|日本二百名山,,,,TH-n1289976759(184m) TH-n1289990940(803m),operator=羽後交通（株）; busType=民間路線バス; busRoutes=乳頭線 / 駒ヶ岳線,adopted,10,運行状況（季節運行・休止・予約制）を要確認、登山口から離れている（徒歩アプローチを要確認）,"国土数値情報（バス停留所データ）令和4年度（国土交通省）P11-22-05-bs1912（39.804781, 140.796696、JGD2011）を加工して作成 ｜ OpenStreetMap（© OpenStreetMap contributors, ODbL 1.0）Geofabrik japan-latest.osm.pbf 2026-09-23T20:22:04Z node/14168693101",
BS-kP11-22-05-bs1915,bus_stop,妙乃湯温泉前,39.8034372,140.7973309,WGS84,124 125 127,大白森、烏帽子岳、秋田駒ヶ岳,東北百名山|日本三百名山|日本二百名山,,,,TH-n1289976759(277m) TH-n325588477(536m) TH-n1289990940(709m),operator=羽後交通（株）; busType=民間路線バス; busRoutes=乳頭線 / 駒ヶ岳線,adopted,10,運行状況（季節運行・休止・予約制）を要確認、登山口から離れている（徒歩アプローチを要確認）,"国土数値情報（バス停留所データ）令和4年度（国土交通省）P11-22-05-bs1915（39.803437, 140.797331、JGD2011）を加工して作成 ｜ OpenStreetMap（© OpenStreetMap contributors, ODbL 1.0）Geofabrik japan-latest.osm.pbf 2026-09-23T20:22:04Z node/14168697801",
BS-kP11-22-05-bs1916,bus_stop,休暇村,39.800754,140.7936502,WGS84,125 127,烏帽子岳、秋田駒ヶ岳,日本三百名山|東北百名山|日本二百名山,,,,TH-n325588477(263m),operator=羽後交通（株）; busType=民間路線バス; busRoutes=乳頭線,adopted,10,運行状況（季節運行・休止・予約制）を要確認,"国土数値情報（バス停留所データ）令和4年度（国土交通省）P11-22-05-bs1916（39.800754, 140.793650、JGD2011）を加工して作成",
BS-kP11-22-05-bs1919,bus_stop,鶴の湯温泉旧道口,39.7981615,140.7779031,WGS84,124 125 127,大白森、烏帽子岳、秋田駒ヶ岳,東北百名山|日本三百名山|日本二百名山,,,,TH-n6813373061(782m) TH-n1289981080(1m) TH-n7109234648(429m),operator=羽後交通（株）; busType=民間路線バス; busRoutes=乳頭線 / 駒ヶ岳線,adopted,10,運行状況（季節運行・休止・予約制）を要確認、登山口から離れている（徒歩アプローチを要確認）,"国土数値情報（バス停留所データ）令和4年度（国土交通省）P11-22-05-bs1919（39.798161, 140.777903、JGD2011）を加工して作成",
BS-kP11-22-05-bs1922,bus_stop,森林学習館前,39.7964128,140.2218634,WGS84,126,太平山,日本三百名山|東北百名山,,,,TH-n8806898560(145m),operator=秋田中央交通（株）; busType=民間路線バス; busRoutes=仁別リゾート公園線,adopted,10,運行状況（季節運行・休止・予約制）を要確認,"国土数値情報（バス停留所データ）令和4年度（国土交通省）P11-22-05-bs1922（39.796413, 140.221863、JGD2011）を加工して作成",
BS-kP11-22-05-bs1923,bus_stop,ピクニックの森入口,39.7955333,140.212579,WGS84,126,太平山,日本三百名山|東北百名山,,,,TH-n8806898560(945m),operator=秋田中央交通（株）; busType=民間路線バス; busRoutes=仁別リゾート公園線,adopted,10,運行状況（季節運行・休止・予約制）を要確認、登山口から離れている（徒歩アプローチを要確認）,"国土数値情報（バス停留所データ）令和4年度（国土交通省）P11-22-05-bs1923（39.795533, 140.212579、JGD2011）を加工して作成",
BS-kP11-22-05-bs1924,bus_stop,クアドーム・ザ・ブーン前,39.7950308,140.2239307,WGS84,126,太平山,日本三百名山|東北百名山,,,,TH-n8806898560(172m),operator=秋田中央交通（株）; busType=民間路線バス; busRoutes=仁別リゾート公園線,adopted,10,運行状況（季節運行・休止・予約制）を要確認,"国土数値情報（バス停留所データ）令和4年度（国土交通省）P11-22-05-bs1924（39.795031, 140.223931、JGD2011）を加工して作成",
BS-kP11-22-05-bs1928,bus_stop,鶴の湯温泉入口,39.7908102,140.7740962,WGS84,124 125 127,大白森、烏帽子岳、秋田駒ヶ岳,東北百名山|日本三百名山|日本二百名山,,,,TH-n1289981080(877m) TH-n7109234648(573m),operator=羽後交通（株）; busType=民間路線バス; busRoutes=乳頭線 / 駒ヶ岳線,adopted,10,運行状況（季節運行・休止・予約制）を要確認、登山口から離れている（徒歩アプローチを要確認）,"国土数値情報（バス停留所データ）令和4年度（国土交通省）P11-22-05-bs1928（39.790810, 140.774096、JGD2011）を加工して作成 ｜ OpenStreetMap（© OpenStreetMap contributors, ODbL 1.0）Geofabrik japan-latest.osm.pbf 2026-09-23T20:22:04Z node/4849383243",
BS-kP11-22-05-bs1969,bus_stop,駒ヶ岳八合目,39.7679642,140.8070072,WGS84,124 125 127,大白森、烏帽子岳、秋田駒ヶ岳,東北百名山|日本三百名山|日本二百名山,,,,TH-n5093863435(22m),operator=羽後交通（株）; busType=民間路線バス; busRoutes=駒ヶ岳線,adopted,10,運行状況（季節運行・休止・予約制）を要確認,"国土数値情報（バス停留所データ）令和4年度（国土交通省）P11-22-05-bs1969（39.767964, 140.807007、JGD2011）を加工して作成",
BS-kP11-22-05-bs1998,bus_stop,水沢温泉郷,39.764637,140.7545416,WGS84,125 127,烏帽子岳、秋田駒ヶ岳,日本三百名山|東北百名山|日本二百名山,,,,TH-n1297691475(956m),operator=羽後交通（株）; busType=民間路線バス; busRoutes=乳頭線 / 駒ヶ岳線,adopted,10,運行状況（季節運行・休止・予約制）を要確認、登山口から離れている（徒歩アプローチを要確認）,"国土数値情報（バス停留所データ）令和4年度（国土交通省）P11-22-05-bs1998（39.764637, 140.754542、JGD2011）を加工して作成",
BS-kP11-22-05-bs2000,bus_stop,田沢湖スキー場前,39.7639985,140.7592013,WGS84,125 127,烏帽子岳、秋田駒ヶ岳,日本三百名山|東北百名山|日本二百名山,,,,TH-n1297691475(672m),operator=羽後交通（株）; busType=民間路線バス; busRoutes=乳頭線 / 駒ヶ岳線,adopted,10,運行状況（季節運行・休止・予約制）を要確認、登山口から離れている（徒歩アプローチを要確認）,"国土数値情報（バス停留所データ）令和4年度（国土交通省）P11-22-05-bs2000（39.763999, 140.759201、JGD2011）を加工して作成",
BS-kP11-22-05-bs2168,bus_stop,下野,39.7355227,140.2563389,WGS84,126,太平山,日本三百名山|東北百名山,,,,TH-kP11-22-05-bs2168(0m),operator=秋田中央交通（株）; busType=民間路線バス; busRoutes=太平線,adopted,10,運行状況（季節運行・休止・予約制）を要確認,"国土数値情報（バス停留所データ）令和4年度（国土交通省）P11-22-05-bs2168（39.735523, 140.256339、JGD2011）を加工して作成",
BS-kP11-22-05-bs2174,bus_stop,皿見内上丁,39.7348655,140.2504757,WGS84,126,太平山,日本三百名山|東北百名山,,,,TH-kP11-22-05-bs2168(507m),operator=秋田中央交通（株）; busType=民間路線バス; busRoutes=太平線,adopted,10,運行状況（季節運行・休止・予約制）を要確認,"国土数値情報（バス停留所データ）令和4年度（国土交通省）P11-22-05-bs2174（39.734865, 140.250476、JGD2011）を加工して作成",
BS-kP11-22-05-bs2187,bus_stop,地主,39.733042,140.2578739,WGS84,126,太平山,日本三百名山|東北百名山,,,,TH-kP11-22-05-bs2168(304m),operator=秋田中央交通（株）; busType=民間路線バス; busRoutes=太平線,adopted,10,運行状況（季節運行・休止・予約制）を要確認,"国土数値情報（バス停留所データ）令和4年度（国土交通省）P11-22-05-bs2187（39.733042, 140.257874、JGD2011）を加工して作成",
BS-kP11-22-06-bs1186,bus_stop,月山八合目,38.5872607,140.0170599,WGS84,154,月山,日本百名山|日本二百名山|日本三百名山|東北百名山,,,,TH-n7254825526(3m),operator=庄内交通（株）; busType=民間路線バス; busRoutes=羽黒山頂～月山八合目 / 鶴岡～月山八合目,adopted,10,運行状況（季節運行・休止・予約制）を要確認,"国土数値情報（バス停留所データ）令和4年度（国土交通省）P11-22-06-bs1186（38.587261, 140.017060、JGD2011）を加工して作成",
BS-kP11-22-06-bs1423,bus_stop,新馬場団地前,38.4793508,140.3999318,WGS84,157,甑岳,東北百名山,,,,TH-n1259104319(569m),operator=村山市; busType=コミュニティバス; busRoutes=市営バス　楯岡北町～市役所線,adopted,10,運行状況（季節運行・休止・予約制）を要確認,"国土数値情報（バス停留所データ）令和4年度（国土交通省）P11-22-06-bs1423（38.479351, 140.399932、JGD2011）を加工して作成",
BS-kP11-22-06-bs1425,bus_stop,旧松田商店前,38.4788042,140.4015789,WGS84,157,甑岳,東北百名山,,,,TH-n1259104319(418m) TH-n1259112230(862m),operator=村山市; busType=コミュニティバス; busRoutes=市営バス　楯岡北町～市役所線,adopted,10,運行状況（季節運行・休止・予約制）を要確認、登山口から離れている（徒歩アプローチを要確認）,"国土数値情報（バス停留所データ）令和4年度（国土交通省）P11-22-06-bs1425（38.478804, 140.401579、JGD2011）を加工して作成",
BS-kP11-22-06-bs1428,bus_stop,市民会館前,38.477221,140.3998402,WGS84,157,甑岳,東北百名山,,,,TH-n1259104319(580m) TH-n1259112230(897m),operator=村山市; busType=コミュニティバス; busRoutes=市営バス　楯岡北町～市役所線,adopted,10,運行状況（季節運行・休止・予約制）を要確認、登山口から離れている（徒歩アプローチを要確認）,"国土数値情報（バス停留所データ）令和4年度（国土交通省）P11-22-06-bs1428（38.477221, 140.399840、JGD2011）を加工して作成",
BS-kP11-22-06-bs2279,bus_stop,中山口,38.2284148,140.1370742,WGS84,167,白鷹山,東北百名山,,,,TH-n2359985811(791m),operator=白鷹町; busType=公営路線バス; busRoutes=町営バス　荒砥-中山線,adopted,10,運行状況（季節運行・休止・予約制）を要確認、登山口から離れている（徒歩アプローチを要確認）,"国土数値情報（バス停留所データ）令和4年度（国土交通省）P11-22-06-bs2279（38.228415, 140.137074、JGD2011）を加工して作成",
BS-kP11-22-06-bs2291,bus_stop,関沢,38.2259335,140.4471147,WGS84,168,雁戸山,東北百名山,,,,TH-kP11-22-06-bs2291(0m) TH-kP11-22-06-bs2294(391m),operator=山交バス（株）; busType=民間路線バス; busRoutes=山形～関沢線（あさひ町東経由） / 山形～関沢線（小白川五丁目経由）,adopted,10,運行状況（季節運行・休止・予約制）を要確認,"国土数値情報（バス停留所データ）令和4年度（国土交通省）P11-22-06-bs2291（38.225934, 140.447115、JGD2011）を加工して作成",
BS-kP11-22-06-bs2294,bus_stop,関沢口,38.2255635,140.4426723,WGS84,168,雁戸山,東北百名山,,,,TH-kP11-22-06-bs2291(391m) TH-kP11-22-06-bs2294(0m),operator=山交バス（株）; busType=民間路線バス; busRoutes=山形～関沢線（あさひ町東経由） / 山形～関沢線（小白川五丁目経由）,adopted,10,運行状況（季節運行・休止・予約制）を要確認,"国土数値情報（バス停留所データ）令和4年度（国土交通省）P11-22-06-bs2294（38.225563, 140.442672、JGD2011）を加工して作成",
BS-kP11-22-06-bs2296,bus_stop,岩の沢,38.2252689,140.4351339,WGS84,168,雁戸山,東北百名山,,,,TH-kP11-22-06-bs2294(660m),operator=山交バス（株）; busType=民間路線バス; busRoutes=山形～関沢線（あさひ町東経由） / 山形～関沢線（小白川五丁目経由）,adopted,10,運行状況（季節運行・休止・予約制）を要確認、登山口から離れている（徒歩アプローチを要確認）,"国土数値情報（バス停留所データ）令和4年度（国土交通省）P11-22-06-bs2296（38.225269, 140.435134、JGD2011）を加工して作成",
BS-kP11-22-06-bs2299,bus_stop,一本松,38.2247775,140.1289403,WGS84,167,白鷹山,東北百名山,,,,TH-n2359985811(990m),operator=白鷹町; busType=公営路線バス; busRoutes=町営バス　荒砥-中山線,adopted,10,運行状況（季節運行・休止・予約制）を要確認、登山口から離れている（徒歩アプローチを要確認）,"国土数値情報（バス停留所データ）令和4年度（国土交通省）P11-22-06-bs2299（38.224778, 140.128940、JGD2011）を加工して作成",
BS-kP11-22-06-bs2352,bus_stop,細野,38.2095385,140.1528574,WGS84,167,白鷹山,東北百名山,,,,TH-n2359982458(560m),operator=山交バス（株）; busType=民間路線バス; busRoutes=山形～長井線,adopted,10,運行状況（季節運行・休止・予約制）を要確認,"国土数値情報（バス停留所データ）令和4年度（国土交通省）P11-22-06-bs2352（38.209539, 140.152857、JGD2011）を加工して作成",
BS-kP11-22-06-bs2559,bus_stop,ライザワールド前,38.1230079,140.4053634,WGS84,168 170,雁戸山、蔵王山,東北百名山|日本百名山|日本二百名山|日本三百名山,,,,TH-n4788919747(421m) TH-n4788919748(303m) TH-n4788919745(811m),operator=山交バス（株）; busType=民間路線バス; busRoutes=山形～蔵王刈田山頂線（特急）,adopted,10,運行状況（季節運行・休止・予約制）を要確認、登山口から離れている（徒歩アプローチを要確認）,"国土数値情報（バス停留所データ）令和4年度（国土交通省）P11-22-06-bs2559（38.123008, 140.405363、JGD2011）を加工して作成",
BS-kP11-22-06-bs2561,bus_stop,蔵王坊平,38.1222394,140.3957038,WGS84,168 170,雁戸山、蔵王山,東北百名山|日本百名山|日本二百名山|日本三百名山,,,,TH-n4788919748(632m),operator=山交バス（株）; busType=民間路線バス; busRoutes=山形～蔵王刈田山頂線（特急）,adopted,10,運行状況（季節運行・休止・予約制）を要確認、登山口から離れている（徒歩アプローチを要確認）,"国土数値情報（バス停留所データ）令和4年度（国土交通省）P11-22-06-bs2561（38.122239, 140.395704、JGD2011）を加工して作成",
BS-kP11-22-06-bs2851,bus_stop,石切,37.7777136,140.1183243,WGS84,182,吾妻山,日本百名山|日本二百名山|日本三百名山|東北百名山,,,,TH-n1236889281(134m),operator=山交バス（株）; busType=民間路線バス; busRoutes=米沢～白布線,adopted,10,運行状況（季節運行・休止・予約制）を要確認,"国土数値情報（バス停留所データ）令和4年度（国土交通省）P11-22-06-bs2851（37.777714, 140.118324、JGD2011）を加工して作成",
BS-kP11-22-06-bs2852,bus_stop,森の館前,37.7764861,140.121234,WGS84,182,吾妻山,日本百名山|日本二百名山|日本三百名山|東北百名山,,,,TH-n1236889281(162m),operator=山交バス（株）; busType=民間路線バス; busRoutes=米沢～白布線,adopted,10,運行状況（季節運行・休止・予約制）を要確認,"国土数値情報（バス停留所データ）令和4年度（国土交通省）P11-22-06-bs2852（37.776486, 140.121234、JGD2011）を加工して作成",
BS-kP11-22-06-bs2853,bus_stop,湯元駅前,37.7760017,140.1228125,WGS84,182,吾妻山,日本百名山|日本二百名山|日本三百名山|東北百名山,,,,TH-n1236889281(311m),operator=山交バス（株）; busType=民間路線バス; busRoutes=米沢～白布線,adopted,10,運行状況（季節運行・休止・予約制）を要確認,"国土数値情報（バス停留所データ）令和4年度（国土交通省）P11-22-06-bs2853（37.776002, 140.122813、JGD2011）を加工して作成",
BS-kP11-22-07-bs1237,bus_stop,川上,37.6424911,140.0994844,WGS84,185,磐梯山,日本百名山|日本二百名山|日本三百名山|東北百名山,,,,TH-n2359582246(161m),operator=磐梯東都バス（株）; busType=民間路線バス; busRoutes=小野川湖入口～猪苗代駅 / 猪苗代駅～裏磐梯高原駅［千里］ / 猪苗代駅～裏磐梯高原駅［谷地］,adopted,10,運行状況（季節運行・休止・予約制）を要確認,"国土数値情報（バス停留所データ）令和4年度（国土交通省）P11-22-07-bs1237（37.642491, 140.099484、JGD2011）を加工して作成 ｜ OpenStreetMap（© OpenStreetMap contributors, ODbL 1.0）Geofabrik japan-latest.osm.pbf 2026-09-23T20:22:04Z node/10936838369",
BS-kP11-22-07-bs1241,bus_stop,塩沢温泉,37.6421468,140.3336683,WGS84,184,安達太良山,日本百名山|日本二百名山|日本三百名山|東北百名山,,,,TH-n3265050034(497m) TH-gsi-adatara-shiozawa(539m),operator=福島交通（株）; busType=民間路線バス; busRoutes=塩沢線,adopted,10,運行状況（季節運行・休止・予約制）を要確認,"国土数値情報（バス停留所データ）令和4年度（国土交通省）P11-22-07-bs1241（37.642147, 140.333668、JGD2011）を加工して作成",
BS-kP11-22-07-bs1279,bus_stop,川上温泉,37.6382382,140.100459,WGS84,185,磐梯山,日本百名山|日本二百名山|日本三百名山|東北百名山,,,,TH-n2359582246(404m),operator=磐梯東都バス（株）; busType=民間路線バス; busRoutes=小野川湖入口～猪苗代駅 / 猪苗代駅～裏磐梯高原駅［千里］ / 猪苗代駅～裏磐梯高原駅［谷地］,adopted,10,運行状況（季節運行・休止・予約制）を要確認,"国土数値情報（バス停留所データ）令和4年度（国土交通省）P11-22-07-bs1279（37.638238, 140.100459、JGD2011）を加工して作成",
BS-kP11-22-07-bs2616,bus_stop,雨乞平,37.4546152,140.688865,WGS84,188,鎌倉岳,東北百名山,,,,TH-gsi-hagidaira(734m),operator=福島交通（株）; busType=民間路線バス; busRoutes=古道線 / 川内線,adopted,10,運行状況（季節運行・休止・予約制）を要確認、登山口から離れている（徒歩アプローチを要確認）,"国土数値情報（バス停留所データ）令和4年度（国土交通省）P11-22-07-bs2616（37.454615, 140.688865、JGD2011）を加工して作成",
BS-kP11-22-07-bs3270,bus_stop,大内上,37.3352987,139.8647826,WGS84,196,小野岳,東北百名山,,,,TH-n2359694593(384m),operator=会津乗合自動車（株）; busType=民間路線バス; busRoutes=枝松線：下郷中・旭田小経由,adopted,10,運行状況（季節運行・休止・予約制）を要確認,"国土数値情報（バス停留所データ）令和4年度（国土交通省）P11-22-07-bs3270（37.335299, 139.864783、JGD2011）を加工して作成",
BS-kP11-22-07-bs3280,bus_stop,大内下,37.3320485,139.861353,WGS84,196,小野岳,東北百名山,,,,TH-n2359694593(758m) TH-n2359694593(758m),operator=会津乗合自動車（株）; busType=民間路線バス; busRoutes=枝松線：下郷中・旭田小経由; network=猿游号,adopted,10,運行状況（季節運行・休止・予約制）を要確認、登山口から離れている（徒歩アプローチを要確認）,"国土数値情報（バス停留所データ）令和4年度（国土交通省）P11-22-07-bs3280（37.332048, 139.861353、JGD2011）を加工して作成 ｜ OpenStreetMap（© OpenStreetMap contributors, ODbL 1.0）Geofabrik japan-latest.osm.pbf 2026-09-23T20:22:04Z node/9710555105",
BS-kP11-22-07-bs3395,bus_stop,小野下,37.3097968,139.8956118,WGS84,196,小野岳,東北百名山,,,,TH-gsi-ono-kannon(293m),operator=会津乗合自動車（株）; busType=民間路線バス; busRoutes=枝松線：下郷中・旭田小経由 / 枝松線：下郷中経由 / 枝松線：枝松・小沼崎,adopted,10,運行状況（季節運行・休止・予約制）を要確認,"国土数値情報（バス停留所データ）令和4年度（国土交通省）P11-22-07-bs3395（37.309797, 139.895612、JGD2011）を加工して作成 ｜ OpenStreetMap（© OpenStreetMap contributors, ODbL 1.0）Geofabrik japan-latest.osm.pbf 2026-09-23T20:22:04Z node/10904674869",
BS-kP11-22-07-bs3407,bus_stop,大内宿入口,37.3073256,139.8945329,WGS84,196,小野岳,東北百名山,,,,TH-gsi-ono-kannon(432m) TH-gsi-ono-kannon(432m),operator=会津乗合自動車（株）; busType=民間路線バス; busRoutes=枝松線：下郷中・旭田小経由 / 枝松線：下郷中経由 / 枝松線：枝松・小沼崎,adopted,10,運行状況（季節運行・休止・予約制）を要確認,"国土数値情報（バス停留所データ）令和4年度（国土交通省）P11-22-07-bs3407（37.307326, 139.894533、JGD2011）を加工して作成 ｜ OpenStreetMap（© OpenStreetMap contributors, ODbL 1.0）Geofabrik japan-latest.osm.pbf 2026-09-23T20:22:04Z node/10904674870",
BS-kP11-22-07-bs3691,bus_stop,上新田,37.2658919,140.5548524,WGS84,198,蓬田岳,東北百名山,,,,TH-n3266608888(875m),operator=福島交通（株）; busType=民間路線バス; busRoutes=蓬田線,adopted,10,運行状況（季節運行・休止・予約制）を要確認、登山口から離れている（徒歩アプローチを要確認）,"国土数値情報（バス停留所データ）令和4年度（国土交通省）P11-22-07-bs3691（37.265892, 140.554852、JGD2011）を加工して作成",
BS-kP11-22-07-bs3816,bus_stop,二岐,37.2431392,139.9880626,WGS84,202,三本槍岳,関東百名山,,,,TH-kP11-22-07-bs3816(0m),operator=福島交通（株）; busType=民間路線バス; busRoutes=二岐線,adopted,10,運行状況（季節運行・休止・予約制）を要確認,"国土数値情報（バス停留所データ）令和4年度（国土交通省）P11-22-07-bs3816（37.243139, 139.988063、JGD2011）を加工して作成",
BS-kP11-22-07-bs4036,bus_stop,南小学校,37.1945604,139.8802999,WGS84,202 203,三本槍岳、那須岳,関東百名山|日本百名山|日本二百名山|日本三百名山|東北百名山,,,,TH-kP11-22-07-bs4057(727m),operator=会津乗合自動車（株）; busType=民間路線バス; busRoutes=音金線,adopted,10,運行状況（季節運行・休止・予約制）を要確認、登山口から離れている（徒歩アプローチを要確認）,"国土数値情報（バス停留所データ）令和4年度（国土交通省）P11-22-07-bs4036（37.194560, 139.880300、JGD2011）を加工して作成",
BS-kP11-22-07-bs4057,bus_stop,音金上坪,37.1893573,139.8853114,WGS84,202 203,三本槍岳、那須岳,関東百名山|日本百名山|日本二百名山|日本三百名山|東北百名山,,,,TH-kP11-22-07-bs4057(0m),operator=会津乗合自動車（株）; busType=民間路線バス; busRoutes=音金線,adopted,10,運行状況（季節運行・休止・予約制）を要確認,"国土数値情報（バス停留所データ）令和4年度（国土交通省）P11-22-07-bs4057（37.189357, 139.885311、JGD2011）を加工して作成",
BS-kP11-22-07-bs4062,bus_stop,中坪上,37.1885293,139.8787029,WGS84,202 203,三本槍岳、那須岳,関東百名山|日本百名山|日本二百名山|日本三百名山|東北百名山,,,,TH-kP11-22-07-bs4057(593m),operator=会津乗合自動車（株）; busType=民間路線バス; busRoutes=音金線,adopted,10,運行状況（季節運行・休止・予約制）を要確認,"国土数値情報（バス停留所データ）令和4年度（国土交通省）P11-22-07-bs4062（37.188529, 139.878703、JGD2011）を加工して作成",
BS-kP11-22-07-bs4679,bus_stop,あずき温泉,37.0803936,139.420602,WGS84,210,三岩岳,東北百名山,,,,TH-n1235550830(84m) TH-n1235628990(425m) TH-n1235582494(731m),operator=会津乗合自動車（株）; busType=民間路線バス; busRoutes=中山峠・尾瀬線 / 中山峠・尾瀬線：冬期,adopted,10,運行状況（季節運行・休止・予約制）を要確認、登山口から離れている（徒歩アプローチを要確認）,"国土数値情報（バス停留所データ）令和4年度（国土交通省）P11-22-07-bs4679（37.080394, 139.420602、JGD2011）を加工して作成",
BS-kP11-22-07-bs5018,bus_stop,駒ヶ岳登山口,37.0284313,139.3916371,WGS84,211,会津駒ヶ岳,日本百名山|日本二百名山|日本三百名山|東北百名山,,,,TH-n1234429889(728m),operator=会津乗合自動車（株）; busType=民間路線バス; busRoutes=中山峠・尾瀬線 / 中山峠・尾瀬線：冬期,adopted,10,運行状況（季節運行・休止・予約制）を要確認、登山口から離れている（徒歩アプローチを要確認）,"国土数値情報（バス停留所データ）令和4年度（国土交通省）P11-22-07-bs5018（37.028431, 139.391637、JGD2011）を加工して作成 ｜ OpenStreetMap（© OpenStreetMap contributors, ODbL 1.0）Geofabrik japan-latest.osm.pbf 2026-09-23T20:22:04Z node/4693615614",
BS-kP11-22-07-bs5028,bus_stop,檜枝岐番屋前,37.0268001,139.3901997,WGS84,211,会津駒ヶ岳,日本百名山|日本二百名山|日本三百名山|東北百名山,,,,TH-n1234429889(674m),operator=会津乗合自動車（株）; busType=民間路線バス; busRoutes=中山峠・尾瀬線 / 中山峠・尾瀬線：冬期,adopted,10,運行状況（季節運行・休止・予約制）を要確認、登山口から離れている（徒歩アプローチを要確認）,"国土数値情報（バス停留所データ）令和4年度（国土交通省）P11-22-07-bs5028（37.026800, 139.390200、JGD2011）を加工して作成",
BS-kP11-22-07-bs5039,bus_stop,檜枝岐役場前,37.0245242,139.3883235,WGS84,211,会津駒ヶ岳,日本百名山|日本二百名山|日本三百名山|東北百名山,,,,TH-n1234429889(722m),operator=会津乗合自動車（株）; busType=民間路線バス; busRoutes=中山峠・尾瀬線 / 中山峠・尾瀬線：冬期,adopted,10,運行状況（季節運行・休止・予約制）を要確認、登山口から離れている（徒歩アプローチを要確認）,"国土数値情報（バス停留所データ）令和4年度（国土交通省）P11-22-07-bs5039（37.024524, 139.388324、JGD2011）を加工して作成",
BS-kP11-22-07-bs5133,bus_stop,小沢平,37.0063049,139.252744,WGS84,220,燧ヶ岳,日本百名山|日本二百名山|日本三百名山|東北百名山,,,,TH-n1234432942(7m),operator=会津乗合自動車（株）; busType=民間路線バス; busRoutes=尾瀬沼山峠～尾瀬口船着場線,adopted,10,運行状況（季節運行・休止・予約制）を要確認,"国土数値情報（バス停留所データ）令和4年度（国土交通省）P11-22-07-bs5133（37.006305, 139.252744、JGD2011）を加工して作成",
BS-kP11-22-07-bs5159,bus_stop,キリンテ,37.0023669,139.3642924,WGS84,211,会津駒ヶ岳,日本百名山|日本二百名山|日本三百名山|東北百名山,,,,TH-n1234425826(211m),operator=会津乗合自動車（株）; busType=民間路線バス; busRoutes=中山峠・尾瀬線,adopted,10,運行状況（季節運行・休止・予約制）を要確認,"国土数値情報（バス停留所データ）令和4年度（国土交通省）P11-22-07-bs5159（37.002367, 139.364292、JGD2011）を加工して作成",
BS-kP11-22-07-bs5234,bus_stop,七入,36.9857036,139.3464039,WGS84,211,会津駒ヶ岳,日本百名山|日本二百名山|日本三百名山|東北百名山,,,,TH-n1234439482(471m),operator=会津乗合自動車（株）; busType=民間路線バス; busRoutes=中山峠・尾瀬線,adopted,10,運行状況（季節運行・休止・予約制）を要確認,"国土数値情報（バス停留所データ）令和4年度（国土交通省）P11-22-07-bs5234（36.985704, 139.346404、JGD2011）を加工して作成",
BS-kP11-22-07-bs5235,bus_stop,実川荘前,36.9853378,139.3485326,WGS84,211,会津駒ヶ岳,日本百名山|日本二百名山|日本三百名山|東北百名山,,,,TH-n1234439482(661m),operator=会津乗合自動車（株）; busType=民間路線バス; busRoutes=中山峠・尾瀬線,adopted,10,運行状況（季節運行・休止・予約制）を要確認、登山口から離れている（徒歩アプローチを要確認）,"国土数値情報（バス停留所データ）令和4年度（国土交通省）P11-22-07-bs5235（36.985338, 139.348533、JGD2011）を加工して作成",
BS-kP11-22-07-bs5238,bus_stop,尾瀬御池,36.9842062,139.3047489,WGS84,211 220,会津駒ヶ岳、燧ヶ岳,日本百名山|日本二百名山|日本三百名山|東北百名山,,,,TH-n1234436981(224m) TH-n1234430742(227m),operator=会津乗合自動車（株）; busType=民間路線バス; busRoutes=中山峠・尾瀬線 / 尾瀬沼山峠～尾瀬口船着場線,adopted,10,運行状況（季節運行・休止・予約制）を要確認,"国土数値情報（バス停留所データ）令和4年度（国土交通省）P11-22-07-bs5238（36.984206, 139.304749、JGD2011）を加工して作成",
BS-kP11-22-07-bs5360,bus_stop,尾瀬沼山峠,36.9478927,139.3344743,WGS84,220 228,燧ヶ岳、鬼怒沼山,日本百名山|日本二百名山|日本三百名山|東北百名山|関東百名山,,,,TH-n1234430032(10m),operator=会津乗合自動車（株）; busType=民間路線バス; busRoutes=中山峠・尾瀬線 / 尾瀬沼山峠～尾瀬口船着場線,adopted,10,運行状況（季節運行・休止・予約制）を要確認,"国土数値情報（バス停留所データ）令和4年度（国土交通省）P11-22-07-bs5360（36.947893, 139.334474、JGD2011）を加工して作成 ｜ OpenStreetMap（© OpenStreetMap contributors, ODbL 1.0）Geofabrik japan-latest.osm.pbf 2026-09-23T20:22:04Z node/8861615417",
BS-kP11-22-07-bs928,bus_stop,土湯見附,37.6839154,140.3293771,WGS84,183,一切経山,日本三百名山|東北百名山,,,,TH-n6544621375(44m) TH-n6544621375(44m),operator=福島交通（株）; busType=民間路線バス; busRoutes=土湯線 / 土湯線［南東北病院経由］,adopted,10,運行状況（季節運行・休止・予約制）を要確認,"国土数値情報（バス停留所データ）令和4年度（国土交通省）P11-22-07-bs928（37.683915, 140.329377、JGD2011）を加工して作成 ｜ OpenStreetMap（© OpenStreetMap contributors, ODbL 1.0）Geofabrik japan-latest.osm.pbf 2026-09-23T20:22:04Z node/10031773977",
BS-kP11-22-07-bs932,bus_stop,杉の下,37.6829241,140.3270288,WGS84,183,一切経山,日本三百名山|東北百名山,,,,TH-n6544621375(238m),operator=福島交通（株）; busType=民間路線バス; busRoutes=土湯線 / 土湯線［南東北病院経由］,adopted,10,運行状況（季節運行・休止・予約制）を要確認,"国土数値情報（バス停留所データ）令和4年度（国土交通省）P11-22-07-bs932（37.682924, 140.327029、JGD2011）を加工して作成 ｜ OpenStreetMap（© OpenStreetMap contributors, ODbL 1.0）Geofabrik japan-latest.osm.pbf 2026-09-23T20:22:04Z node/10031773978",
BS-kP11-22-09-bs10,bus_stop,中曽根,37.1132671,139.9909799,WGS84,202 203,三本槍岳、那須岳,関東百名山|日本百名山|日本二百名山|日本三百名山|東北百名山,,,,TH-n294051960(116m) TH-n2086609514(718m),operator=関東自動車（株）; busType=民間路線バス; busRoutes=那須塩原駅～共和大学～那須RW / 那須塩原駅～黒磯駅～那須RW,adopted,10,運行状況（季節運行・休止・予約制）を要確認、登山口から離れている（徒歩アプローチを要確認）,"国土数値情報（バス停留所データ）令和4年度（国土交通省）P11-22-09-bs10（37.113267, 139.990980、JGD2011）を加工して作成 ｜ OpenStreetMap（© OpenStreetMap contributors, ODbL 1.0）Geofabrik japan-latest.osm.pbf 2026-09-23T20:22:04Z node/4160480979",
BS-kP11-22-09-bs13,bus_stop,展望台上,37.106685,139.9949747,WGS84,202 203,三本槍岳、那須岳,関東百名山|日本百名山|日本二百名山|日本三百名山|東北百名山,,,,TH-n2086609514(440m),operator=関東自動車（株）; busType=民間路線バス; busRoutes=那須塩原駅～共和大学～那須RW / 那須塩原駅～黒磯駅～那須RW,adopted,10,運行状況（季節運行・休止・予約制）を要確認,"国土数値情報（バス停留所データ）令和4年度（国土交通省）P11-22-09-bs13（37.106685, 139.994975、JGD2011）を加工して作成 ｜ OpenStreetMap（© OpenStreetMap contributors, ODbL 1.0）Geofabrik japan-latest.osm.pbf 2026-09-23T20:22:04Z node/4160481030",
BS-kP11-22-09-bs16,bus_stop,恋人の聖地,37.1052102,139.9959885,WGS84,202 203,三本槍岳、那須岳,関東百名山|日本百名山|日本二百名山|日本三百名山|東北百名山,,,,TH-n2086609514(559m),operator=関東自動車（株）; busType=民間路線バス; busRoutes=那須塩原駅～共和大学～那須RW / 那須塩原駅～黒磯駅～那須RW,adopted,10,運行状況（季節運行・休止・予約制）を要確認,"国土数値情報（バス停留所データ）令和4年度（国土交通省）P11-22-09-bs16（37.105210, 139.995989、JGD2011）を加工して作成 ｜ OpenStreetMap（© OpenStreetMap contributors, ODbL 1.0）Geofabrik japan-latest.osm.pbf 2026-09-23T20:22:04Z node/4160480936",
BS-kP11-22-09-bs2,bus_stop,那須ロープウェイ,37.1258108,139.9793179,WGS84,203 202,那須岳、三本槍岳,日本百名山|日本二百名山|日本三百名山|東北百名山|関東百名山,,,,TH-n294052573(778m) TH-kP11-22-09-bs2(0m) TH-n2086617518(608m),operator=関東自動車（株）; busType=民間路線バス; busRoutes=那須RW～共和大学～那須塩原駅 / 那須塩原駅～共和大学～那須RW / 那須塩原駅～黒磯駅～那須RW,adopted,10,運行状況（季節運行・休止・予約制）を要確認、登山口から離れている（徒歩アプローチを要確認）,"国土数値情報（バス停留所データ）令和4年度（国土交通省）P11-22-09-bs2（37.125811, 139.979318、JGD2011）を加工して作成 ｜ OpenStreetMap（© OpenStreetMap contributors, ODbL 1.0）Geofabrik japan-latest.osm.pbf 2026-09-23T20:22:04Z node/4160405305",
BS-kP11-22-09-bs3,bus_stop,大丸温泉,37.1212848,139.9841351,WGS84,202 203,三本槍岳、那須岳,関東百名山|日本百名山|日本二百名山|日本三百名山|東北百名山,,,,TH-kP11-22-09-bs2(658m) TH-kP11-22-09-bs2(658m) TH-n6006711725(334m),operator=関東自動車（株）; busType=民間路線バス; busRoutes=那須RW～共和大学～那須塩原駅 / 那須塩原駅～共和大学～那須RW / 那須塩原駅～黒磯駅～那須RW,adopted,10,運行状況（季節運行・休止・予約制）を要確認、登山口から離れている（徒歩アプローチを要確認）,"国土数値情報（バス停留所データ）令和4年度（国土交通省）P11-22-09-bs3（37.121285, 139.984135、JGD2011）を加工して作成 ｜ OpenStreetMap（© OpenStreetMap contributors, ODbL 1.0）Geofabrik japan-latest.osm.pbf 2026-09-23T20:22:04Z node/4160405459",
BS-kP11-22-09-bs4,bus_stop,弁天東口,37.1201728,139.9869297,WGS84,202 203,三本槍岳、那須岳,関東百名山|日本百名山|日本二百名山|日本三百名山|東北百名山,,,,TH-n6006711725(269m),operator=関東自動車（株）; busType=民間路線バス; busRoutes=那須RW～共和大学～那須塩原駅 / 那須塩原駅～黒磯駅～那須RW,adopted,10,運行状況（季節運行・休止・予約制）を要確認,"国土数値情報（バス停留所データ）令和4年度（国土交通省）P11-22-09-bs4（37.120173, 139.986930、JGD2011）を加工して作成 ｜ OpenStreetMap（© OpenStreetMap contributors, ODbL 1.0）Geofabrik japan-latest.osm.pbf 2026-09-23T20:22:04Z node/4160480878",
BS-kP11-22-09-bs5,bus_stop,北湯入口,37.1187207,139.9916122,WGS84,202 203,三本槍岳、那須岳,関東百名山|日本百名山|日本二百名山|日本三百名山|東北百名山,,,,TH-n294051960(658m),operator=関東自動車（株）; busType=民間路線バス; busRoutes=那須RW～共和大学～那須塩原駅 / 那須塩原駅～黒磯駅～那須RW,adopted,10,運行状況（季節運行・休止・予約制）を要確認、登山口から離れている（徒歩アプローチを要確認）,"国土数値情報（バス停留所データ）令和4年度（国土交通省）P11-22-09-bs5（37.118721, 139.991612、JGD2011）を加工して作成 ｜ OpenStreetMap（© OpenStreetMap contributors, ODbL 1.0）Geofabrik japan-latest.osm.pbf 2026-09-23T20:22:04Z node/4160480881",
BS-kP11-22-09-bs6,bus_stop,休暇村那須,37.1184975,139.9872164,WGS84,202 203,三本槍岳、那須岳,関東百名山|日本百名山|日本二百名山|日本三百名山|東北百名山,,,,TH-n6006711725(203m) TH-n294051960(652m),operator=関東自動車（株）; busType=民間路線バス; busRoutes=那須塩原駅～共和大学～那須RW / 那須塩原駅～黒磯駅～那須RW,adopted,10,運行状況（季節運行・休止・予約制）を要確認、登山口から離れている（徒歩アプローチを要確認）,"国土数値情報（バス停留所データ）令和4年度（国土交通省）P11-22-09-bs6（37.118497, 139.987216、JGD2011）を加工して作成 ｜ OpenStreetMap（© OpenStreetMap contributors, ODbL 1.0）Geofabrik japan-latest.osm.pbf 2026-09-23T20:22:04Z node/4160480636",
BS-kP11-22-10-bs1,bus_stop,鳩待峠,36.8900762,139.2004483,WGS84,220 224 230,燧ヶ岳、至仏山、笠ヶ岳,日本百名山|日本二百名山|日本三百名山|東北百名山|関東百名山,,,,TH-n5312120311(9m) TH-n5312120311(9m),operator=関越交通（株）; busType=民間路線バス; busRoutes=鳩待峠線,adopted,10,運行状況（季節運行・休止・予約制）を要確認,"国土数値情報（バス停留所データ）令和4年度（国土交通省）P11-22-10-bs1（36.890076, 139.200448、JGD2011）を加工して作成 ｜ OpenStreetMap（© OpenStreetMap contributors, ODbL 1.0）Geofabrik japan-latest.osm.pbf 2026-09-23T20:22:04Z node/5912852011",
BS-n1253636523,bus_stop,湯殿山本宮,38.5418351,139.9855433,WGS84,154,月山,日本百名山|日本二百名山|日本三百名山|東北百名山,,,,TH-n1253636523(0m),operator=庄内交通; busRoutes=庄内交通｜湯殿山神社本宮参拝バス,provisional,20,運行状況（季節運行・休止・予約制）を要確認、公式情報または2情報源での確認が必要,"OpenStreetMap（© OpenStreetMap contributors, ODbL 1.0）Geofabrik japan-latest.osm.pbf 2026-09-23T20:22:04Z node/1253636523",
BS-n12987209549,bus_stop,岩木山八合目駐車場,40.6539457,140.2928594,WGS84,105,岩木山,日本百名山|日本二百名山|日本三百名山|東北百名山,,,,TH-n4382928682(101m) TH-n11276148207(488m),operator=弘前バス; busRoutes=弘南バス｜岩木スカイラインシャトルバス,provisional,20,運行状況（季節運行・休止・予約制）を要確認、公式情報または2情報源での確認が必要,"OpenStreetMap（© OpenStreetMap contributors, ODbL 1.0）Geofabrik japan-latest.osm.pbf 2026-09-23T20:22:04Z node/12987209549",
BS-n12987209550,bus_stop,岩木山八合目駐車場,40.6539294,140.2929041,WGS84,105,岩木山,日本百名山|日本二百名山|日本三百名山|東北百名山,,,,TH-n4382928682(100m) TH-n11276148207(484m),busRoutes=弘南バス｜岩木スカイラインシャトルバス,provisional,20,運行状況（季節運行・休止・予約制）を要確認、公式情報または2情報源での確認が必要,"OpenStreetMap（© OpenStreetMap contributors, ODbL 1.0）Geofabrik japan-latest.osm.pbf 2026-09-23T20:22:04Z node/12987209550",
BS-n13824576161,bus_stop,宮床山田,38.4166095,140.8594743,WGS84,160,七ッ森,東北百名山,,,,TH-gsi-shingyoji(993m),operator=大和町; network=大和町民バス宮床線; busRoutes=大和町｜宮床線｜大和町民バス宮床線,provisional,20,運行状況（季節運行・休止・予約制）を要確認、公式情報または2情報源での確認が必要、登山口から離れている（徒歩アプローチを要確認）,"OpenStreetMap（© OpenStreetMap contributors, ODbL 1.0）Geofabrik japan-latest.osm.pbf 2026-09-23T20:22:04Z node/13824576161",
BS-n14168698601,bus_stop,（名称なし）バス停,39.8010627,140.7944724,WGS84,125 127,烏帽子岳、秋田駒ヶ岳,日本三百名山|東北百名山|日本二百名山,,,,TH-n325588477(304m),,provisional,20,運行状況（季節運行・休止・予約制）を要確認、公式情報または2情報源での確認が必要,"OpenStreetMap（© OpenStreetMap contributors, ODbL 1.0）Geofabrik japan-latest.osm.pbf 2026-09-23T20:22:04Z node/14168698601",
BS-n14168859501,bus_stop,（名称なし）バス停,39.7681223,140.807353,WGS84,124 125 127,大白森、烏帽子岳、秋田駒ヶ岳,東北百名山|日本三百名山|日本二百名山,,,,TH-n5093863435(22m),,provisional,20,運行状況（季節運行・休止・予約制）を要確認、公式情報または2情報源での確認が必要,"OpenStreetMap（© OpenStreetMap contributors, ODbL 1.0）Geofabrik japan-latest.osm.pbf 2026-09-23T20:22:04Z node/14168859501",
BS-n3703710484,bus_stop,姥沢,38.5180261,140.0067142,WGS84,154,月山,日本百名山|日本二百名山|日本三百名山|東北百名山,,,,TH-n1234505476(385m),operator=西川町; network=月山志津温泉線,provisional,20,運行状況（季節運行・休止・予約制）を要確認、公式情報または2情報源での確認が必要,"OpenStreetMap（© OpenStreetMap contributors, ODbL 1.0）Geofabrik japan-latest.osm.pbf 2026-09-23T20:22:04Z node/3703710484",
BS-n4277740274,bus_stop,（名称なし）バス停,39.6457823,141.3664842,WGS84,128,兜明神岳,東北百名山,,,,TH-n1229711267(252m),,provisional,20,運行状況（季節運行・休止・予約制）を要確認、公式情報または2情報源での確認が必要,"OpenStreetMap（© OpenStreetMap contributors, ODbL 1.0）Geofabrik japan-latest.osm.pbf 2026-09-23T20:22:04Z node/4277740274",
BS-n4380165993,bus_stop,鉾立口,39.1223532,139.9910602,WGS84,139,鳥海山,日本百名山|日本二百名山|日本三百名山|東北百名山,,,,TH-n1383095118(54m),,provisional,20,運行状況（季節運行・休止・予約制）を要確認、公式情報または2情報源での確認が必要,"OpenStreetMap（© OpenStreetMap contributors, ODbL 1.0）Geofabrik japan-latest.osm.pbf 2026-09-23T20:22:04Z node/4380165993",
BS-n4386380396,bus_stop,蒸の湯温泉,39.9781451,140.817508,WGS84,120,八幡平,日本百名山|日本二百名山|日本三百名山|東北百名山,,,,TH-n4386380396(0m) TH-n1289941185(679m),,provisional,20,運行状況（季節運行・休止・予約制）を要確認、公式情報または2情報源での確認が必要、登山口から離れている（徒歩アプローチを要確認）,"OpenStreetMap（© OpenStreetMap contributors, ODbL 1.0）Geofabrik japan-latest.osm.pbf 2026-09-23T20:22:04Z node/4386380396",
BS-n4407677397,bus_stop,後生掛温泉,39.975062,140.7996225,WGS84,119 120,秋田焼山、八幡平,東北百名山|日本百名山|日本二百名山|日本三百名山,,,,TH-n1266268115(129m) TH-n1266267413(318m) TH-n1266282577(895m),,provisional,20,運行状況（季節運行・休止・予約制）を要確認、公式情報または2情報源での確認が必要、登山口から離れている（徒歩アプローチを要確認）,"OpenStreetMap（© OpenStreetMap contributors, ODbL 1.0）Geofabrik japan-latest.osm.pbf 2026-09-23T20:22:04Z node/4407677397",
BS-n4407677398,bus_stop,後生掛温泉,39.9751966,140.8002501,WGS84,119 120,秋田焼山、八幡平,東北百名山|日本百名山|日本二百名山|日本三百名山,,,,TH-n1266268115(172m) TH-n1266267413(322m) TH-n1266282577(871m),,provisional,20,運行状況（季節運行・休止・予約制）を要確認、公式情報または2情報源での確認が必要、登山口から離れている（徒歩アプローチを要確認）,"OpenStreetMap（© OpenStreetMap contributors, ODbL 1.0）Geofabrik japan-latest.osm.pbf 2026-09-23T20:22:04Z node/4407677398",
BS-n4871552624,bus_stop,（名称なし）バス停,38.1278978,140.438288,WGS84,168 170,雁戸山、蔵王山,東北百名山|日本百名山|日本二百名山|日本三百名山,,,,TH-n3702582422(66m) TH-n3702582421(517m) TH-gsi-karitasancho(680m),,provisional,20,運行状況（季節運行・休止・予約制）を要確認、公式情報または2情報源での確認が必要、登山口から離れている（徒歩アプローチを要確認）,"OpenStreetMap（© OpenStreetMap contributors, ODbL 1.0）Geofabrik japan-latest.osm.pbf 2026-09-23T20:22:04Z node/4871552624",
BS-n5773022421,bus_stop,小田越,39.5408136,141.4956393,WGS84,130 131,早池峰山、薬師岳,日本百名山|日本二百名山|日本三百名山|東北百名山,,,,TH-n1232767082(8m) TH-n1264897164(357m) TH-n1229749210(415m),,provisional,20,運行状況（季節運行・休止・予約制）を要確認、公式情報または2情報源での確認が必要,"OpenStreetMap（© OpenStreetMap contributors, ODbL 1.0）Geofabrik japan-latest.osm.pbf 2026-09-23T20:22:04Z node/5773022421",
BS-n5773022422,bus_stop,小田越,39.5407656,141.4956424,WGS84,130 131,早池峰山、薬師岳,日本百名山|日本二百名山|日本三百名山|東北百名山,,,,TH-n1232767082(8m) TH-n1264897164(358m) TH-n1229749210(414m),,provisional,20,運行状況（季節運行・休止・予約制）を要確認、公式情報または2情報源での確認が必要,"OpenStreetMap（© OpenStreetMap contributors, ODbL 1.0）Geofabrik japan-latest.osm.pbf 2026-09-23T20:22:04Z node/5773022422",
BS-n5773022423,bus_stop,小田越,39.5407865,141.4956416,WGS84,130 131,早池峰山、薬師岳,日本百名山|日本二百名山|日本三百名山|東北百名山,,,,TH-n1232767082(8m) TH-n1264897164(358m) TH-n1229749210(415m),,provisional,20,運行状況（季節運行・休止・予約制）を要確認、公式情報または2情報源での確認が必要,"OpenStreetMap（© OpenStreetMap contributors, ODbL 1.0）Geofabrik japan-latest.osm.pbf 2026-09-23T20:22:04Z node/5773022423",
BS-n5779402561,bus_stop,湯殿山本宮,38.5417461,139.9855345,WGS84,154,月山,日本百名山|日本二百名山|日本三百名山|東北百名山,,,,TH-n1253636523(10m),,provisional,20,運行状況（季節運行・休止・予約制）を要確認、公式情報または2情報源での確認が必要,"OpenStreetMap（© OpenStreetMap contributors, ODbL 1.0）Geofabrik japan-latest.osm.pbf 2026-09-23T20:22:04Z node/5779402561",
BS-n5779402562,bus_stop,仙人沢駐車場,38.5405346,139.9750981,WGS84,154,月山,日本百名山|日本二百名山|日本三百名山|東北百名山,,,,TH-n1253636523(921m),,provisional,20,運行状況（季節運行・休止・予約制）を要確認、公式情報または2情報源での確認が必要、登山口から離れている（徒歩アプローチを要確認）,"OpenStreetMap（© OpenStreetMap contributors, ODbL 1.0）Geofabrik japan-latest.osm.pbf 2026-09-23T20:22:04Z node/5779402562",
BS-n6813373061,bus_stop,鶴の湯本陣,39.8051381,140.7794092,WGS84,124 125,大白森、烏帽子岳,東北百名山|日本三百名山,,,,TH-n6813373061(0m) TH-n1289981080(781m),,provisional,20,運行状況（季節運行・休止・予約制）を要確認、公式情報または2情報源での確認が必要、登山口から離れている（徒歩アプローチを要確認）,"OpenStreetMap（© OpenStreetMap contributors, ODbL 1.0）Geofabrik japan-latest.osm.pbf 2026-09-23T20:22:04Z node/6813373061",
BS-n6813373067,bus_stop,（名称なし）バス停,39.7640264,140.7583324,WGS84,125 127,烏帽子岳、秋田駒ヶ岳,日本三百名山|東北百名山|日本二百名山,,,,TH-n1297691475(707m),,provisional,20,運行状況（季節運行・休止・予約制）を要確認、公式情報または2情報源での確認が必要、登山口から離れている（徒歩アプローチを要確認）,"OpenStreetMap（© OpenStreetMap contributors, ODbL 1.0）Geofabrik japan-latest.osm.pbf 2026-09-23T20:22:04Z node/6813373067",
PK-g4042534_14103479,parking,平子沢水と緑の森公園 駐車場,40.425344,141.034794,WGS84,109 113,戸来岳、十和利山,東北百名山,,,,TH-n1244497782(0m),,provisional,100,公式情報では未確認（登山記録で使われている駐車場）,登山記録で使われている駐車場（登山記録・登山情報サイトで確認。公式情報では未確認）,
PK-n12328273401,parking,（名称なし）駐車場,37.6291003,140.2459111,WGS84,184,安達太良山,日本百名山|日本二百名山|日本三百名山|東北百名山,,,,TH-n2599176528(278m) TH-n2599176494(212m) TH-gsi-adatara-numajiri(9m),,provisional,20,公式情報または2情報源での確認が必要、名称なし,"OpenStreetMap（© OpenStreetMap contributors, ODbL 1.0）Geofabrik japan-latest.osm.pbf 2026-09-23T20:22:04Z node/12328273401",
PK-n12328273502,parking,（名称なし）駐車場,37.6183183,140.2284515,WGS84,184,安達太良山,日本百名山|日本二百名山|日本三百名山|東北百名山,,,,TH-n2599175879(279m),,provisional,20,公式情報または2情報源での確認が必要、名称なし,"OpenStreetMap（© OpenStreetMap contributors, ODbL 1.0）Geofabrik japan-latest.osm.pbf 2026-09-23T20:22:04Z node/12328273502",
PK-n2736079615,parking,（名称なし）駐車場,39.2127759,140.8867705,WGS84,137,牛形山,東北百名山,,,,TH-n1259693573(434m),,provisional,20,公式情報または2情報源での確認が必要、名称なし、登山口から離れている（徒歩アプローチを要確認）,"OpenStreetMap（© OpenStreetMap contributors, ODbL 1.0）Geofabrik japan-latest.osm.pbf 2026-09-23T20:22:04Z node/2736079615",
PK-n287027134,parking,（名称なし）駐車場,37.7233251,140.2535738,WGS84,183,一切経山,日本三百名山|東北百名山,,,,TH-n286911415(344m),fee=yes; access=yes,provisional,20,公式情報または2情報源での確認が必要、名称なし、登山口から離れている（徒歩アプローチを要確認）,"OpenStreetMap（© OpenStreetMap contributors, ODbL 1.0）Geofabrik japan-latest.osm.pbf 2026-09-23T20:22:04Z node/287027134",
PK-n2993853191,parking,（名称なし）駐車場,39.8031287,140.2625235,WGS84,126,太平山,日本三百名山|東北百名山,,,,TH-n1386202333(97m),,provisional,20,公式情報または2情報源での確認が必要、名称なし,"OpenStreetMap（© OpenStreetMap contributors, ODbL 1.0）Geofabrik japan-latest.osm.pbf 2026-09-23T20:22:04Z node/2993853191",
PK-n3093387736,parking,滝ノ沢展望台Ｐ,40.4981512,140.8280361,WGS84,110,白地山,東北百名山,,,,TH-n1266073839(50m),access=yes,provisional,20,公式情報または2情報源での確認が必要,"OpenStreetMap（© OpenStreetMap contributors, ODbL 1.0）Geofabrik japan-latest.osm.pbf 2026-09-23T20:22:04Z node/3093387736",
PK-n3703076956,parking,姥沢駐車場,38.5176289,140.0071955,WGS84,154,月山,日本百名山|日本二百名山|日本三百名山|東北百名山,,,,TH-n1234505476(423m),,provisional,20,公式情報または2情報源での確認が必要、登山口から離れている（徒歩アプローチを要確認）,"OpenStreetMap（© OpenStreetMap contributors, ODbL 1.0）Geofabrik japan-latest.osm.pbf 2026-09-23T20:22:04Z node/3703076956",
PK-n3752505627,parking,（名称なし）駐車場,37.7559697,139.9024176,WGS84,179,栂峰,東北百名山,,,,TH-n1255526721(487m),,provisional,20,公式情報または2情報源での確認が必要、名称なし、登山口から離れている（徒歩アプローチを要確認）,"OpenStreetMap（© OpenStreetMap contributors, ODbL 1.0）Geofabrik japan-latest.osm.pbf 2026-09-23T20:22:04Z node/3752505627",
PK-n3798376166,parking,（名称なし）駐車場,37.3189122,139.25231,WGS84,195,浅草岳,日本三百名山|東北百名山|甲信越百名山,,,,TH-n1260654071(95m),,provisional,20,公式情報または2情報源での確認が必要、名称なし,"OpenStreetMap（© OpenStreetMap contributors, ODbL 1.0）Geofabrik japan-latest.osm.pbf 2026-09-23T20:22:04Z node/3798376166",
PK-n4769554135,parking,（名称なし）駐車場,38.3906406,140.7208876,WGS84,158 161,船形山、泉ヶ岳,日本二百名山|日本三百名山|東北百名山,,,,TH-n11119841164(275m),,provisional,20,公式情報または2情報源での確認が必要、名称なし,"OpenStreetMap（© OpenStreetMap contributors, ODbL 1.0）Geofabrik japan-latest.osm.pbf 2026-09-23T20:22:04Z node/4769554135",
PK-n4921963425,parking,（名称なし）駐車場,36.9762246,139.5020717,WGS84,217 218,田代山、帝釈山,東北百名山|日本二百名山|日本三百名山,,,,TH-n1235496959(17m) TH-n1235623949(343m),,provisional,20,公式情報または2情報源での確認が必要、名称なし、登山口から離れている（徒歩アプローチを要確認）,"OpenStreetMap（© OpenStreetMap contributors, ODbL 1.0）Geofabrik japan-latest.osm.pbf 2026-09-23T20:22:04Z node/4921963425",
PK-n6420623950,parking,焼走りの湯,39.8749751,141.041678,WGS84,122,岩手山,日本百名山|日本二百名山|日本三百名山|東北百名山,,,,TH-n6420623950(0m),,provisional,20,公式情報または2情報源での確認が必要,"OpenStreetMap（© OpenStreetMap contributors, ODbL 1.0）Geofabrik japan-latest.osm.pbf 2026-09-23T20:22:04Z node/6420623950",
PK-n6422157281,parking,国見温泉町営;国見山荘,39.7249597,140.7958953,WGS84,125 127,烏帽子岳、秋田駒ヶ岳,日本三百名山|東北百名山|日本二百名山,,,,TH-n2964285770(364m),,provisional,20,公式情報または2情報源での確認が必要、登山口から離れている（徒歩アプローチを要確認）,"OpenStreetMap（© OpenStreetMap contributors, ODbL 1.0）Geofabrik japan-latest.osm.pbf 2026-09-23T20:22:04Z node/6422157281",
PK-n6454301149,parking,八幡平温泉;ゆらら,39.980343,140.8015467,WGS84,120,八幡平,日本百名山|日本二百名山|日本三百名山|東北百名山,,,,TH-n1266282577(292m),,provisional,20,公式情報または2情報源での確認が必要,"OpenStreetMap（© OpenStreetMap contributors, ODbL 1.0）Geofabrik japan-latest.osm.pbf 2026-09-23T20:22:04Z node/6454301149",
PK-n6541147531,parking,しゃくなげの湯っこ;五葉温泉,39.1624924,141.7153035,WGS84,136,五葉山,日本三百名山|東北百名山,,,,TH-n1267108190(339m),,provisional,20,公式情報または2情報源での確認が必要、登山口から離れている（徒歩アプローチを要確認）,"OpenStreetMap（© OpenStreetMap contributors, ODbL 1.0）Geofabrik japan-latest.osm.pbf 2026-09-23T20:22:04Z node/6541147531",
PK-n6544621375,parking,御とめ湯り,37.6835638,140.3296106,WGS84,183,一切経山,日本三百名山|東北百名山,,,,TH-n6544621375(0m),,provisional,20,公式情報または2情報源での確認が必要,"OpenStreetMap（© OpenStreetMap contributors, ODbL 1.0）Geofabrik japan-latest.osm.pbf 2026-09-23T20:22:04Z node/6544621375",
PK-w1116231194,parking,（名称なし）駐車場,37.3108633,139.8927701,WGS84,196,小野岳,東北百名山,,,,TH-gsi-ono-kannon(15m),,provisional,40,公式情報または2情報源での確認が必要、名称なし,"OpenStreetMap（© OpenStreetMap contributors, ODbL 1.0）Geofabrik japan-latest.osm.pbf 2026-09-23T20:22:04Z way/1116231194",
PK-w1117065071,parking,（名称なし）駐車場,37.3099782,139.89574,WGS84,196,小野岳,東北百名山,,,,TH-gsi-ono-kannon(295m),access=customers,provisional,40,公式情報または2情報源での確認が必要、名称なし,"OpenStreetMap（© OpenStreetMap contributors, ODbL 1.0）Geofabrik japan-latest.osm.pbf 2026-09-23T20:22:04Z way/1117065071",
PK-w1134029376,parking,（名称なし）駐車場,39.9619529,140.5091723,WGS84,118,森吉山,日本二百名山|日本三百名山|東北百名山,,,,TH-n1254954609(41m),,provisional,40,公式情報または2情報源での確認が必要、名称なし,"OpenStreetMap（© OpenStreetMap contributors, ODbL 1.0）Geofabrik japan-latest.osm.pbf 2026-09-23T20:22:04Z way/1134029376",
PK-w1188034341,parking,第2駐車場,38.1270314,140.4473734,WGS84,170,蔵王山,日本百名山|日本二百名山|日本三百名山|東北百名山,,,,TH-gsi-karitasancho(170m),access=yes,provisional,40,公式情報または2情報源での確認が必要,"OpenStreetMap（© OpenStreetMap contributors, ODbL 1.0）Geofabrik japan-latest.osm.pbf 2026-09-23T20:22:04Z way/1188034341",
PK-w1188034344,parking,バス 車椅子用駐車場,38.1278773,140.4463248,WGS84,168 170,雁戸山、蔵王山,東北百名山|日本百名山|日本二百名山|日本三百名山,,,,TH-n3702582421(393m) TH-gsi-karitasancho(39m),access=permit,provisional,40,公式情報または2情報源での確認が必要、登山口から離れている（徒歩アプローチを要確認）,"OpenStreetMap（© OpenStreetMap contributors, ODbL 1.0）Geofabrik japan-latest.osm.pbf 2026-09-23T20:22:04Z way/1188034344",
PK-w1188034347,parking,第3駐車場,38.1265776,140.4484523,WGS84,172,屏風岳,東北百名山,,,,TH-gsi-kattatoge(474m),access=yes,provisional,40,公式情報または2情報源での確認が必要、登山口から離れている（徒歩アプローチを要確認）,"OpenStreetMap（© OpenStreetMap contributors, ODbL 1.0）Geofabrik japan-latest.osm.pbf 2026-09-23T20:22:04Z way/1188034347",
PK-w1188034348,parking,第4駐車場,38.1264175,140.449292,WGS84,172,屏風岳,東北百名山,,,,TH-n7688189865(487m) TH-gsi-kattatoge(437m),access=yes,provisional,40,公式情報または2情報源での確認が必要、登山口から離れている（徒歩アプローチを要確認）,"OpenStreetMap（© OpenStreetMap contributors, ODbL 1.0）Geofabrik japan-latest.osm.pbf 2026-09-23T20:22:04Z way/1188034348",
PK-w1198776949,parking,（名称なし）駐車場,38.3899798,140.7206025,WGS84,158 161,船形山、泉ヶ岳,日本二百名山|日本三百名山|東北百名山,,,,TH-n11119841164(290m),,provisional,40,公式情報または2情報源での確認が必要、名称なし,"OpenStreetMap（© OpenStreetMap contributors, ODbL 1.0）Geofabrik japan-latest.osm.pbf 2026-09-23T20:22:04Z way/1198776949",
PK-w1216946448,parking,（名称なし）駐車場,40.6544964,140.292831,WGS84,105,岩木山,日本百名山|日本二百名山|日本三百名山|東北百名山,,,,TH-n4382928682(159m),,provisional,40,公式情報または2情報源での確認が必要、名称なし,"OpenStreetMap（© OpenStreetMap contributors, ODbL 1.0）Geofabrik japan-latest.osm.pbf 2026-09-23T20:22:04Z way/1216946448",
PK-w1216946449,parking,（名称なし）駐車場,40.6536686,140.2925891,WGS84,105,岩木山,日本百名山|日本二百名山|日本三百名山|東北百名山,,,,TH-n4382928682(66m),,provisional,40,公式情報または2情報源での確認が必要、名称なし,"OpenStreetMap（© OpenStreetMap contributors, ODbL 1.0）Geofabrik japan-latest.osm.pbf 2026-09-23T20:22:04Z way/1216946449",
PK-w1280087479,parking,（名称なし）駐車場,39.7588367,140.7620829,WGS84,125 127,烏帽子岳、秋田駒ヶ岳,日本三百名山|東北百名山|日本二百名山,,,,TH-n1297691475(50m),access=yes,provisional,40,公式情報または2情報源での確認が必要、名称なし,"OpenStreetMap（© OpenStreetMap contributors, ODbL 1.0）Geofabrik japan-latest.osm.pbf 2026-09-23T20:22:04Z way/1280087479",
PK-w1305759110,parking,（名称なし）駐車場,37.7531059,140.0894774,WGS84,182,吾妻山,日本百名山|日本二百名山|日本三百名山|東北百名山,,,,TH-n1242751611(398m),,provisional,40,公式情報または2情報源での確認が必要、名称なし、登山口から離れている（徒歩アプローチを要確認）,"OpenStreetMap（© OpenStreetMap contributors, ODbL 1.0）Geofabrik japan-latest.osm.pbf 2026-09-23T20:22:04Z way/1305759110",
PK-w1310004309,parking,（名称なし）駐車場,40.4248548,141.0354479,WGS84,109 113,戸来岳、十和利山,東北百名山,,,,TH-n1244497782(77m),,provisional,40,公式情報または2情報源での確認が必要、名称なし,"OpenStreetMap（© OpenStreetMap contributors, ODbL 1.0）Geofabrik japan-latest.osm.pbf 2026-09-23T20:22:04Z way/1310004309",
PK-w131167256,parking,（名称なし）駐車場,37.7504731,140.2841233,WGS84,183,一切経山,日本三百名山|東北百名山,,,,TH-n1444062278(51m),fee=no; access=yes,provisional,40,公式情報または2情報源での確認が必要、名称なし,"OpenStreetMap（© OpenStreetMap contributors, ODbL 1.0）Geofabrik japan-latest.osm.pbf 2026-09-23T20:22:04Z way/131167256",
PK-w131170616,parking,（名称なし）駐車場,37.7493107,140.2830966,WGS84,183,一切経山,日本三百名山|東北百名山,,,,TH-n1444062278(203m),fee=no; access=yes,provisional,40,公式情報または2情報源での確認が必要、名称なし,"OpenStreetMap（© OpenStreetMap contributors, ODbL 1.0）Geofabrik japan-latest.osm.pbf 2026-09-23T20:22:04Z way/131170616",
PK-w1311922365,parking,（名称なし）駐車場,40.6261806,140.3314987,WGS84,105,岩木山,日本百名山|日本二百名山|日本三百名山|東北百名山,,,,TH-w505920494(210m),,provisional,40,公式情報または2情報源での確認が必要、名称なし,"OpenStreetMap（© OpenStreetMap contributors, ODbL 1.0）Geofabrik japan-latest.osm.pbf 2026-09-23T20:22:04Z way/1311922365",
PK-w1311922372,parking,（名称なし）駐車場,40.6267129,140.3306477,WGS84,105,岩木山,日本百名山|日本二百名山|日本三百名山|東北百名山,,,,TH-w505920494(155m),,provisional,40,公式情報または2情報源での確認が必要、名称なし,"OpenStreetMap（© OpenStreetMap contributors, ODbL 1.0）Geofabrik japan-latest.osm.pbf 2026-09-23T20:22:04Z way/1311922372",
PK-w1319370268,parking,（名称なし）駐車場,39.1144475,140.8852875,WGS84,137 138,牛形山、焼石岳,東北百名山|日本二百名山|日本三百名山,,,,TH-n1255659998(191m) TH-n8702481681(296m),,provisional,40,公式情報または2情報源での確認が必要、名称なし,"OpenStreetMap（© OpenStreetMap contributors, ODbL 1.0）Geofabrik japan-latest.osm.pbf 2026-09-23T20:22:04Z way/1319370268",
PK-w1320218902,parking,（名称なし）駐車場,39.2131703,140.8875277,WGS84,137,牛形山,東北百名山,,,,TH-n1259658043(483m),,provisional,40,公式情報または2情報源での確認が必要、名称なし、登山口から離れている（徒歩アプローチを要確認）,"OpenStreetMap（© OpenStreetMap contributors, ODbL 1.0）Geofabrik japan-latest.osm.pbf 2026-09-23T20:22:04Z way/1320218902",
PK-w1320218904,parking,（名称なし）駐車場,39.2129666,140.8872251,WGS84,137,牛形山,東北百名山,,,,TH-n1259693573(474m),,provisional,40,公式情報または2情報源での確認が必要、名称なし、登山口から離れている（徒歩アプローチを要確認）,"OpenStreetMap（© OpenStreetMap contributors, ODbL 1.0）Geofabrik japan-latest.osm.pbf 2026-09-23T20:22:04Z way/1320218904",
PK-w1326488831,parking,（名称なし）駐車場,39.5413218,141.4780712,WGS84,130,早池峰山,日本百名山|日本二百名山|日本三百名山|東北百名山,,,,TH-n7722369585(42m),,provisional,40,公式情報または2情報源での確認が必要、名称なし,"OpenStreetMap（© OpenStreetMap contributors, ODbL 1.0）Geofabrik japan-latest.osm.pbf 2026-09-23T20:22:04Z way/1326488831",
PK-w1335248507,parking,（名称なし）駐車場,37.7956613,140.2569946,WGS84,183,一切経山,日本三百名山|東北百名山,,,,TH-n1236916769(87m),,provisional,40,公式情報または2情報源での確認が必要、名称なし,"OpenStreetMap（© OpenStreetMap contributors, ODbL 1.0）Geofabrik japan-latest.osm.pbf 2026-09-23T20:22:04Z way/1335248507",
PK-w1335248508,parking,（名称なし）駐車場,37.7960949,140.2567228,WGS84,183,一切経山,日本三百名山|東北百名山,,,,TH-n1236916769(51m),,provisional,40,公式情報または2情報源での確認が必要、名称なし,"OpenStreetMap（© OpenStreetMap contributors, ODbL 1.0）Geofabrik japan-latest.osm.pbf 2026-09-23T20:22:04Z way/1335248508",
PK-w1340352752,parking,（名称なし）駐車場,39.8540702,141.230514,WGS84,123,姫神山,日本二百名山|日本三百名山|東北百名山,,,,TH-n1270933093(278m),,provisional,40,公式情報または2情報源での確認が必要、名称なし,"OpenStreetMap（© OpenStreetMap contributors, ODbL 1.0）Geofabrik japan-latest.osm.pbf 2026-09-23T20:22:04Z way/1340352752",
PK-w1350315002,parking,網張温泉スキー場,39.8212377,140.9367332,WGS84,122,岩手山,日本百名山|日本二百名山|日本三百名山|東北百名山,,,,TH-w519079942(86m),,provisional,40,公式情報または2情報源での確認が必要,"OpenStreetMap（© OpenStreetMap contributors, ODbL 1.0）Geofabrik japan-latest.osm.pbf 2026-09-23T20:22:04Z way/1350315002",
PK-w1350315003,parking,（名称なし）駐車場,39.8215745,140.9373319,WGS84,122,岩手山,日本百名山|日本二百名山|日本三百名山|東北百名山,,,,TH-w519079942(88m) TH-w519079944(426m),,provisional,40,公式情報または2情報源での確認が必要、名称なし、登山口から離れている（徒歩アプローチを要確認）,"OpenStreetMap（© OpenStreetMap contributors, ODbL 1.0）Geofabrik japan-latest.osm.pbf 2026-09-23T20:22:04Z way/1350315003",
PK-w1350315004,parking,（名称なし）駐車場,39.8208718,140.9357467,WGS84,122,岩手山,日本百名山|日本二百名山|日本三百名山|東北百名山,,,,TH-w519079942(138m),,provisional,40,公式情報または2情報源での確認が必要、名称なし,"OpenStreetMap（© OpenStreetMap contributors, ODbL 1.0）Geofabrik japan-latest.osm.pbf 2026-09-23T20:22:04Z way/1350315004",
PK-w1368338178,parking,（名称なし）駐車場,38.4810486,140.4045318,WGS84,157,甑岳,東北百名山,,,,TH-n1259104319(338m),,provisional,40,公式情報または2情報源での確認が必要、名称なし、登山口から離れている（徒歩アプローチを要確認）,"OpenStreetMap（© OpenStreetMap contributors, ODbL 1.0）Geofabrik japan-latest.osm.pbf 2026-09-23T20:22:04Z way/1368338178",
PK-w1381931932,parking,（名称なし）駐車場,37.3536224,140.6704036,WGS84,194,大滝根山,日本三百名山,,,,TH-n1232794112(454m),,provisional,40,公式情報または2情報源での確認が必要、名称なし、登山口から離れている（徒歩アプローチを要確認）,"OpenStreetMap（© OpenStreetMap contributors, ODbL 1.0）Geofabrik japan-latest.osm.pbf 2026-09-23T20:22:04Z way/1381931932",
PK-w1560810419,parking,（名称なし）駐車場,40.6279567,140.270286,WGS84,105,岩木山,日本百名山|日本二百名山|日本三百名山|東北百名山,,,,TH-gsi-dake-iwaki(477m),,provisional,40,公式情報または2情報源での確認が必要、名称なし、登山口から離れている（徒歩アプローチを要確認）,"OpenStreetMap（© OpenStreetMap contributors, ODbL 1.0）Geofabrik japan-latest.osm.pbf 2026-09-23T20:22:04Z way/1560810419",
PK-w1561711272,parking,古寺登山口駐車場,38.3052016,139.9722454,WGS84,165,朝日連峰,日本百名山|日本二百名山|日本三百名山|東北百名山,,,,TH-n1258595121(116m),fee=yes,provisional,40,公式情報または2情報源での確認が必要,"OpenStreetMap（© OpenStreetMap contributors, ODbL 1.0）Geofabrik japan-latest.osm.pbf 2026-09-23T20:22:04Z way/1561711272",
PK-w190676938,parking,（名称なし）駐車場,37.747473,140.2847348,WGS84,183,一切経山,日本三百名山|東北百名山,,,,TH-n1444062278(354m),fee=no; access=yes,provisional,40,公式情報または2情報源での確認が必要、名称なし、登山口から離れている（徒歩アプローチを要確認）,"OpenStreetMap（© OpenStreetMap contributors, ODbL 1.0）Geofabrik japan-latest.osm.pbf 2026-09-23T20:22:04Z way/190676938",
PK-w233386300,parking,酸ヶ湯公共駐車場,40.6493015,140.8506778,WGS84,104,八甲田山,日本百名山|日本二百名山|日本三百名山|東北百名山,,,,TH-n2417779397(110m),fee=no; capacity=200,provisional,40,公式情報または2情報源での確認が必要,"OpenStreetMap（© OpenStreetMap contributors, ODbL 1.0）Geofabrik japan-latest.osm.pbf 2026-09-23T20:22:04Z way/233386300",
PK-w236032006,parking,（名称なし）駐車場,37.3795598,139.3342928,WGS84,191,蒲生岳,東北百名山,,,,TH-n1260472141(219m),,provisional,40,公式情報または2情報源での確認が必要、名称なし,"OpenStreetMap（© OpenStreetMap contributors, ODbL 1.0）Geofabrik japan-latest.osm.pbf 2026-09-23T20:22:04Z way/236032006",
PK-w239696707,parking,（名称なし）駐車場,39.386008,141.9380438,WGS84,134,鯨山,東北百名山,,,,TH-osm-n264237096(362m),access=customers,provisional,40,公式情報または2情報源での確認が必要、名称なし、登山口から離れている（徒歩アプローチを要確認）,"OpenStreetMap（© OpenStreetMap contributors, ODbL 1.0）Geofabrik japan-latest.osm.pbf 2026-09-23T20:22:04Z way/239696707",
PK-w239696711,parking,（名称なし）駐車場,39.3803855,141.9390501,WGS84,134,鯨山,東北百名山,,,,TH-osm-n264237096(494m),access=customers,provisional,40,公式情報または2情報源での確認が必要、名称なし、登山口から離れている（徒歩アプローチを要確認）,"OpenStreetMap（© OpenStreetMap contributors, ODbL 1.0）Geofabrik japan-latest.osm.pbf 2026-09-23T20:22:04Z way/239696711",
PK-w247364926,parking,（名称なし）駐車場,37.6224124,140.2272727,WGS84,184,安達太良山,日本百名山|日本二百名山|日本三百名山|東北百名山,,,,TH-n2599175879(386m),,provisional,40,公式情報または2情報源での確認が必要、名称なし、登山口から離れている（徒歩アプローチを要確認）,"OpenStreetMap（© OpenStreetMap contributors, ODbL 1.0）Geofabrik japan-latest.osm.pbf 2026-09-23T20:22:04Z way/247364926",
PK-w253930730,parking,さんすい駐車場,37.5741468,140.0931588,WGS84,185,磐梯山,日本百名山|日本二百名山|日本三百名山|東北百名山,,,,TH-gsi-inawashiro-ski(217m),,provisional,40,公式情報または2情報源での確認が必要,"OpenStreetMap（© OpenStreetMap contributors, ODbL 1.0）Geofabrik japan-latest.osm.pbf 2026-09-23T20:22:04Z way/253930730",
PK-w253930731,parking,はやま 中央駐車場 D面,37.573613,140.0943591,WGS84,185,磐梯山,日本百名山|日本二百名山|日本三百名山|東北百名山,,,,TH-gsi-inawashiro-ski(220m),,provisional,40,公式情報または2情報源での確認が必要,"OpenStreetMap（© OpenStreetMap contributors, ODbL 1.0）Geofabrik japan-latest.osm.pbf 2026-09-23T20:22:04Z way/253930731",
PK-w253930733,parking,はやま西駐車場,37.5726325,140.0902245,WGS84,185,磐梯山,日本百名山|日本二百名山|日本三百名山|東北百名山,,,,TH-gsi-inawashiro-ski(209m),,provisional,40,公式情報または2情報源での確認が必要,"OpenStreetMap（© OpenStreetMap contributors, ODbL 1.0）Geofabrik japan-latest.osm.pbf 2026-09-23T20:22:04Z way/253930733",
PK-w254090114,parking,ホテルゲスト駐車場,37.6937723,140.1280896,WGS84,182,吾妻山,日本百名山|日本二百名山|日本三百名山|東北百名山,,,,TH-w254090114(0m),,provisional,40,公式情報または2情報源での確認が必要,"OpenStreetMap（© OpenStreetMap contributors, ODbL 1.0）Geofabrik japan-latest.osm.pbf 2026-09-23T20:22:04Z way/254090114",
PK-w254090115,parking,ホテルゲスト駐車場,37.6933291,140.1297635,WGS84,182,吾妻山,日本百名山|日本二百名山|日本三百名山|東北百名山,,,,TH-w254090114(155m),,provisional,40,公式情報または2情報源での確認が必要,"OpenStreetMap（© OpenStreetMap contributors, ODbL 1.0）Geofabrik japan-latest.osm.pbf 2026-09-23T20:22:04Z way/254090115",
PK-w254090148,parking,（名称なし）駐車場,37.6943346,140.1303681,WGS84,182,吾妻山,日本百名山|日本二百名山|日本三百名山|東北百名山,,,,TH-w254090114(210m),,provisional,40,公式情報または2情報源での確認が必要、名称なし,"OpenStreetMap（© OpenStreetMap contributors, ODbL 1.0）Geofabrik japan-latest.osm.pbf 2026-09-23T20:22:04Z way/254090148",
PK-w26234082,parking,（名称なし）駐車場,37.717111,140.2551947,WGS84,183,一切経山,日本三百名山|東北百名山,,,,TH-n287002012(46m) TH-n286911415(402m),,provisional,40,公式情報または2情報源での確認が必要、名称なし、登山口から離れている（徒歩アプローチを要確認）,"OpenStreetMap（© OpenStreetMap contributors, ODbL 1.0）Geofabrik japan-latest.osm.pbf 2026-09-23T20:22:04Z way/26234082",
PK-w26234655,parking,兎平駐車場,37.7171226,140.2525683,WGS84,183,一切経山,日本三百名山|東北百名山,,,,TH-n287002012(254m) TH-n286911415(348m),fee=no; access=customers,provisional,40,公式情報または2情報源での確認が必要、登山口から離れている（徒歩アプローチを要確認）,"OpenStreetMap（© OpenStreetMap contributors, ODbL 1.0）Geofabrik japan-latest.osm.pbf 2026-09-23T20:22:04Z way/26234655",
PK-w262616757,parking,（名称なし）駐車場,36.9839647,139.3048298,WGS84,211 220,会津駒ヶ岳、燧ヶ岳,日本百名山|日本二百名山|日本三百名山|東北百名山,,,,TH-n1234436981(235m) TH-n1234430742(224m),access=permissive,provisional,40,公式情報または2情報源での確認が必要、名称なし,"OpenStreetMap（© OpenStreetMap contributors, ODbL 1.0）Geofabrik japan-latest.osm.pbf 2026-09-23T20:22:04Z way/262616757",
PK-w262616759,parking,（名称なし）駐車場,36.9841812,139.3052941,WGS84,211 220,会津駒ヶ岳、燧ヶ岳,日本百名山|日本二百名山|日本三百名山|東北百名山,,,,TH-n1234436981(272m) TH-n1234430742(271m),access=private,provisional,40,公式情報または2情報源での確認が必要、名称なし,"OpenStreetMap（© OpenStreetMap contributors, ODbL 1.0）Geofabrik japan-latest.osm.pbf 2026-09-23T20:22:04Z way/262616759",
PK-w27423432,parking,御池駐車場,36.9836667,139.3037546,WGS84,211 220,会津駒ヶ岳、燧ヶ岳,日本百名山|日本二百名山|日本三百名山|東北百名山,,,,TH-n1234436981(156m) TH-n1234430742(124m),fee=yes; capacity=400; access=yes,provisional,40,公式情報または2情報源での確認が必要,"OpenStreetMap（© OpenStreetMap contributors, ODbL 1.0）Geofabrik japan-latest.osm.pbf 2026-09-23T20:22:04Z way/27423432",
PK-w275414282,parking,バス専用駐車場,37.3442826,140.6750114,WGS84,194,大滝根山,日本三百名山,,,,TH-n1232227179(246m),,provisional,40,公式情報または2情報源での確認が必要,"OpenStreetMap（© OpenStreetMap contributors, ODbL 1.0）Geofabrik japan-latest.osm.pbf 2026-09-23T20:22:04Z way/275414282",
PK-w288244858,parking,（名称なし）駐車場,37.6826168,140.3317898,WGS84,183,一切経山,日本三百名山|東北百名山,,,,TH-n6544621375(219m),,provisional,40,公式情報または2情報源での確認が必要、名称なし,"OpenStreetMap（© OpenStreetMap contributors, ODbL 1.0）Geofabrik japan-latest.osm.pbf 2026-09-23T20:22:04Z way/288244858",
PK-w292872733,parking,（名称なし）駐車場,39.7682356,140.8073746,WGS84,124 125 127,大白森、烏帽子岳、秋田駒ヶ岳,東北百名山|日本三百名山|日本二百名山,,,,TH-n5093863435(34m),,provisional,40,公式情報または2情報源での確認が必要、名称なし,"OpenStreetMap（© OpenStreetMap contributors, ODbL 1.0）Geofabrik japan-latest.osm.pbf 2026-09-23T20:22:04Z way/292872733",
PK-w295641587,parking,（名称なし）駐車場,39.7962178,140.2223376,WGS84,126,太平山,日本三百名山|東北百名山,,,,TH-n8806898560(111m),,provisional,40,公式情報または2情報源での確認が必要、名称なし,"OpenStreetMap（© OpenStreetMap contributors, ODbL 1.0）Geofabrik japan-latest.osm.pbf 2026-09-23T20:22:04Z way/295641587",
PK-w295641588,parking,（名称なし）駐車場,39.7959125,140.2218667,WGS84,126,太平山,日本三百名山|東北百名山,,,,TH-n8806898560(161m),,provisional,40,公式情報または2情報源での確認が必要、名称なし,"OpenStreetMap（© OpenStreetMap contributors, ODbL 1.0）Geofabrik japan-latest.osm.pbf 2026-09-23T20:22:04Z way/295641588",
PK-w295647914,parking,（名称なし）駐車場,39.812514,140.2828814,WGS84,126,太平山,日本三百名山|東北百名山,,,,TH-n1386232108(118m),,provisional,40,公式情報または2情報源での確認が必要、名称なし,"OpenStreetMap（© OpenStreetMap contributors, ODbL 1.0）Geofabrik japan-latest.osm.pbf 2026-09-23T20:22:04Z way/295647914",
PK-w312192391,parking,（名称なし）駐車場,37.3355702,139.8645919,WGS84,196,小野岳,東北百名山,,,,TH-n2359694593(404m),,provisional,40,公式情報または2情報源での確認が必要、名称なし、登山口から離れている（徒歩アプローチを要確認）,"OpenStreetMap（© OpenStreetMap contributors, ODbL 1.0）Geofabrik japan-latest.osm.pbf 2026-09-23T20:22:04Z way/312192391",
PK-w320001337,parking,（名称なし）駐車場,37.6401714,140.3318026,WGS84,184,安達太良山,日本百名山|日本二百名山|日本三百名山|東北百名山,,,,TH-n3265050034(274m) TH-gsi-adatara-shiozawa(330m),,provisional,40,公式情報または2情報源での確認が必要、名称なし、登山口から離れている（徒歩アプローチを要確認）,"OpenStreetMap（© OpenStreetMap contributors, ODbL 1.0）Geofabrik japan-latest.osm.pbf 2026-09-23T20:22:04Z way/320001337",
PK-w35127589,parking,（名称なし）駐車場,37.7508319,140.091638,WGS84,182,吾妻山,日本百名山|日本二百名山|日本三百名山|東北百名山,,,,TH-n1242751611(83m),fee=no; access=yes,provisional,40,公式情報または2情報源での確認が必要、名称なし,"OpenStreetMap（© OpenStreetMap contributors, ODbL 1.0）Geofabrik japan-latest.osm.pbf 2026-09-23T20:22:04Z way/35127589",
PK-w360140982,parking,（名称なし）駐車場,37.3022565,139.21048,WGS84,195,浅草岳,日本三百名山|東北百名山|甲信越百名山,,,,TH-n300833252(69m),,provisional,40,公式情報または2情報源での確認が必要、名称なし,"OpenStreetMap（© OpenStreetMap contributors, ODbL 1.0）Geofabrik japan-latest.osm.pbf 2026-09-23T20:22:04Z way/360140982",
PK-w370050340,parking,（名称なし）駐車場,39.1341808,140.071428,WGS84,139,鳥海山,日本百名山|日本二百名山|日本三百名山|東北百名山,,,,TH-n1338701134(395m),,provisional,40,公式情報または2情報源での確認が必要、名称なし、登山口から離れている（徒歩アプローチを要確認）,"OpenStreetMap（© OpenStreetMap contributors, ODbL 1.0）Geofabrik japan-latest.osm.pbf 2026-09-23T20:22:04Z way/370050340",
PK-w370050341,parking,（名称なし）駐車場,39.1315722,140.0687795,WGS84,139,鳥海山,日本百名山|日本二百名山|日本三百名山|東北百名山,,,,TH-n1338701134(29m),,provisional,40,公式情報または2情報源での確認が必要、名称なし,"OpenStreetMap（© OpenStreetMap contributors, ODbL 1.0）Geofabrik japan-latest.osm.pbf 2026-09-23T20:22:04Z way/370050341",
PK-w388245396,parking,鳩待峠第一駐車場,36.8899868,139.2004321,WGS84,220 224 230,燧ヶ岳、至仏山、笠ヶ岳,日本百名山|日本二百名山|日本三百名山|東北百名山|関東百名山,,,,TH-n5312120311(18m),access=private,provisional,40,公式情報または2情報源での確認が必要,"OpenStreetMap（© OpenStreetMap contributors, ODbL 1.0）Geofabrik japan-latest.osm.pbf 2026-09-23T20:22:04Z way/388245396",
PK-w388245596,parking,鳩待峠休憩所第二駐車場,36.8887362,139.2008749,WGS84,220 224 230,燧ヶ岳、至仏山、笠ヶ岳,日本百名山|日本二百名山|日本三百名山|東北百名山|関東百名山,,,,TH-n5312120311(159m),fee=no,provisional,40,公式情報または2情報源での確認が必要,"OpenStreetMap（© OpenStreetMap contributors, ODbL 1.0）Geofabrik japan-latest.osm.pbf 2026-09-23T20:22:04Z way/388245596",
PK-w41415963,parking,八方台,37.6143086,140.048167,WGS84,185,磐梯山,日本百名山|日本二百名山|日本三百名山|東北百名山,,,,TH-n3779984642(50m),,provisional,40,公式情報または2情報源での確認が必要,"OpenStreetMap（© OpenStreetMap contributors, ODbL 1.0）Geofabrik japan-latest.osm.pbf 2026-09-23T20:22:04Z way/41415963",
PK-w414896614,parking,（名称なし）駐車場,37.1285105,139.9757139,WGS84,202 203,三本槍岳、那須岳,関東百名山|日本百名山|日本二百名山|日本三百名山|東北百名山,,,,TH-n2086617518(171m),access=yes,provisional,40,公式情報または2情報源での確認が必要、名称なし,"OpenStreetMap（© OpenStreetMap contributors, ODbL 1.0）Geofabrik japan-latest.osm.pbf 2026-09-23T20:22:04Z way/414896614",
PK-w414907180,parking,那須高原駐車場,37.1182599,139.9875102,WGS84,202 203,三本槍岳、那須岳,関東百名山|日本百名山|日本二百名山|日本三百名山|東北百名山,,,,TH-n6006711725(228m),,provisional,40,公式情報または2情報源での確認が必要,"OpenStreetMap（© OpenStreetMap contributors, ODbL 1.0）Geofabrik japan-latest.osm.pbf 2026-09-23T20:22:04Z way/414907180",
PK-w417497288,parking,（名称なし）駐車場,37.1561919,140.8609995,WGS84,201,二ッ箭山,東北百名山,,,,TH-n4176914784(290m),,provisional,40,公式情報または2情報源での確認が必要、名称なし,"OpenStreetMap（© OpenStreetMap contributors, ODbL 1.0）Geofabrik japan-latest.osm.pbf 2026-09-23T20:22:04Z way/417497288",
PK-w421373020,parking,（名称なし）駐車場,39.7719117,140.2314866,WGS84,126,太平山,日本三百名山|東北百名山,,,,TH-n1386288556(127m),,provisional,40,公式情報または2情報源での確認が必要、名称なし,"OpenStreetMap（© OpenStreetMap contributors, ODbL 1.0）Geofabrik japan-latest.osm.pbf 2026-09-23T20:22:04Z way/421373020",
PK-w42705607,parking,（名称なし）駐車場,37.2618601,140.5477305,WGS84,198,蓬田岳,東北百名山,,,,TH-n3266608888(163m) TH-gsi-yomogitashinden(263m),,provisional,40,公式情報または2情報源での確認が必要、名称なし,"OpenStreetMap（© OpenStreetMap contributors, ODbL 1.0）Geofabrik japan-latest.osm.pbf 2026-09-23T20:22:04Z way/42705607",
PK-w428691162,parking,（名称なし）駐車場,39.6451086,141.3695747,WGS84,128,兜明神岳,東北百名山,,,,TH-n1229711267(29m),access=permissive,provisional,40,公式情報または2情報源での確認が必要、名称なし,"OpenStreetMap（© OpenStreetMap contributors, ODbL 1.0）Geofabrik japan-latest.osm.pbf 2026-09-23T20:22:04Z way/428691162",
PK-w438254313,parking,（名称なし）駐車場,39.9782589,140.8175156,WGS84,120,八幡平,日本百名山|日本二百名山|日本三百名山|東北百名山,,,,TH-n4386380396(13m),,provisional,40,公式情報または2情報源での確認が必要、名称なし,"OpenStreetMap（© OpenStreetMap contributors, ODbL 1.0）Geofabrik japan-latest.osm.pbf 2026-09-23T20:22:04Z way/438254313",
PK-w438256769,parking,（名称なし）駐車場,39.9823912,140.8015771,WGS84,120,八幡平,日本百名山|日本二百名山|日本三百名山|東北百名山,,,,TH-n1266282577(69m),,provisional,40,公式情報または2情報源での確認が必要、名称なし,"OpenStreetMap（© OpenStreetMap contributors, ODbL 1.0）Geofabrik japan-latest.osm.pbf 2026-09-23T20:22:04Z way/438256769",
PK-w439633259,parking,（名称なし）駐車場,37.9242227,139.5399566,WGS84,176,北股岳,東北百名山,,,,TH-n1242895861(138m),,provisional,40,公式情報または2情報源での確認が必要、名称なし,"OpenStreetMap（© OpenStreetMap contributors, ODbL 1.0）Geofabrik japan-latest.osm.pbf 2026-09-23T20:22:04Z way/439633259",
PK-w440560300,parking,酸ヶ湯温泉駐車場,40.6501619,140.8496701,WGS84,104,八甲田山,日本百名山|日本二百名山|日本三百名山|東北百名山,,,,TH-n2417779397(94m),,provisional,40,公式情報または2情報源での確認が必要,"OpenStreetMap（© OpenStreetMap contributors, ODbL 1.0）Geofabrik japan-latest.osm.pbf 2026-09-23T20:22:04Z way/440560300",
PK-w440675746,parking,八幡平山頂Ｐ（無料）,39.9506701,140.8591233,WGS84,120,八幡平,日本百名山|日本二百名山|日本三百名山|東北百名山,,,,TH-n727644728(250m),fee=no,provisional,40,公式情報または2情報源での確認が必要,"OpenStreetMap（© OpenStreetMap contributors, ODbL 1.0）Geofabrik japan-latest.osm.pbf 2026-09-23T20:22:04Z way/440675746",
PK-w443016926,parking,（名称なし）駐車場,39.9454321,140.9043801,WGS84,120,八幡平,日本百名山|日本二百名山|日本三百名山|東北百名山,,,,TH-n1238743957(265m),fee=no,provisional,40,公式情報または2情報源での確認が必要、名称なし,"OpenStreetMap（© OpenStreetMap contributors, ODbL 1.0）Geofabrik japan-latest.osm.pbf 2026-09-23T20:22:04Z way/443016926",
PK-w443016927,parking,（名称なし）駐車場,39.9544569,140.885691,WGS84,120,八幡平,日本百名山|日本二百名山|日本三百名山|東北百名山,,,,TH-n1238744243(42m),fee=no,provisional,40,公式情報または2情報源での確認が必要、名称なし,"OpenStreetMap（© OpenStreetMap contributors, ODbL 1.0）Geofabrik japan-latest.osm.pbf 2026-09-23T20:22:04Z way/443016927",
PK-w443016931,parking,（名称なし）駐車場,39.9465226,140.9028576,WGS84,120,八幡平,日本百名山|日本二百名山|日本三百名山|東北百名山,,,,TH-n1238743957(439m),fee=no,provisional,40,公式情報または2情報源での確認が必要、名称なし、登山口から離れている（徒歩アプローチを要確認）,"OpenStreetMap（© OpenStreetMap contributors, ODbL 1.0）Geofabrik japan-latest.osm.pbf 2026-09-23T20:22:04Z way/443016931",
PK-w443016934,parking,（名称なし）駐車場,39.9438506,140.9076224,WGS84,120,八幡平,日本百名山|日本二百名山|日本三百名山|東北百名山,,,,TH-n1238743957(65m),fee=no,provisional,40,公式情報または2情報源での確認が必要、名称なし,"OpenStreetMap（© OpenStreetMap contributors, ODbL 1.0）Geofabrik japan-latest.osm.pbf 2026-09-23T20:22:04Z way/443016934",
PK-w452370579,parking,（名称なし）駐車場,37.1279271,139.976559,WGS84,202 203,三本槍岳、那須岳,関東百名山|日本百名山|日本二百名山|日本三百名山|東北百名山,,,,TH-n2086617518(269m),access=yes,provisional,40,公式情報または2情報源での確認が必要、名称なし,"OpenStreetMap（© OpenStreetMap contributors, ODbL 1.0）Geofabrik japan-latest.osm.pbf 2026-09-23T20:22:04Z way/452370579",
PK-w452370580,parking,（名称なし）駐車場,37.1256096,139.9799401,WGS84,202 203,三本槍岳、那須岳,関東百名山|日本百名山|日本二百名山|日本三百名山|東北百名山,,,,TH-kP11-22-09-bs2(60m),,provisional,40,公式情報または2情報源での確認が必要、名称なし,"OpenStreetMap（© OpenStreetMap contributors, ODbL 1.0）Geofabrik japan-latest.osm.pbf 2026-09-23T20:22:04Z way/452370580",
PK-w456145728,parking,紫明亭駐車場,40.4076256,140.8600138,WGS84,110,白地山,東北百名山,,,,TH-n1266232906(163m),,provisional,40,公式情報または2情報源での確認が必要,"OpenStreetMap（© OpenStreetMap contributors, ODbL 1.0）Geofabrik japan-latest.osm.pbf 2026-09-23T20:22:04Z way/456145728",
PK-w457372113,parking,（名称なし）駐車場,39.7599923,140.7599676,WGS84,125 127,烏帽子岳、秋田駒ヶ岳,日本三百名山|東北百名山|日本二百名山,,,,TH-n1297691475(265m),,provisional,40,公式情報または2情報源での確認が必要、名称なし,"OpenStreetMap（© OpenStreetMap contributors, ODbL 1.0）Geofabrik japan-latest.osm.pbf 2026-09-23T20:22:04Z way/457372113",
PK-w457375701,parking,（名称なし）駐車場,39.7618269,140.7591884,WGS84,125 127,烏帽子岳、秋田駒ヶ岳,日本三百名山|東北百名山|日本二百名山,,,,TH-n1297691475(462m),,provisional,40,公式情報または2情報源での確認が必要、名称なし、登山口から離れている（徒歩アプローチを要確認）,"OpenStreetMap（© OpenStreetMap contributors, ODbL 1.0）Geofabrik japan-latest.osm.pbf 2026-09-23T20:22:04Z way/457375701",
PK-w457381815,parking,（名称なし）駐車場,39.8047835,140.7789842,WGS84,124 125,大白森、烏帽子岳,東北百名山|日本三百名山,,,,TH-n6813373061(53m),,provisional,40,公式情報または2情報源での確認が必要、名称なし,"OpenStreetMap（© OpenStreetMap contributors, ODbL 1.0）Geofabrik japan-latest.osm.pbf 2026-09-23T20:22:04Z way/457381815",
PK-w462146101,parking,（名称なし）駐車場,38.5420881,139.9854364,WGS84,154,月山,日本百名山|日本二百名山|日本三百名山|東北百名山,,,,TH-n1253636523(29m),access=yes,provisional,40,公式情報または2情報源での確認が必要、名称なし,"OpenStreetMap（© OpenStreetMap contributors, ODbL 1.0）Geofabrik japan-latest.osm.pbf 2026-09-23T20:22:04Z way/462146101",
PK-w481606098,parking,（名称なし）駐車場,38.0686302,140.5155052,WGS84,172,屏風岳,東北百名山,,,,TH-n4745195744(211m),,provisional,40,公式情報または2情報源での確認が必要、名称なし,"OpenStreetMap（© OpenStreetMap contributors, ODbL 1.0）Geofabrik japan-latest.osm.pbf 2026-09-23T20:22:04Z way/481606098",
PK-w482593759,parking,（名称なし）駐車場,39.1149096,140.8877893,WGS84,137 138,牛形山、焼石岳,東北百名山|日本二百名山|日本三百名山,,,,TH-n1255659998(389m) TH-n8702481681(178m),,provisional,40,公式情報または2情報源での確認が必要、名称なし、登山口から離れている（徒歩アプローチを要確認）,"OpenStreetMap（© OpenStreetMap contributors, ODbL 1.0）Geofabrik japan-latest.osm.pbf 2026-09-23T20:22:04Z way/482593759",
PK-w484303386,parking,（名称なし）駐車場,38.573941,140.7190772,WGS84,153,薬萊山,東北百名山,,,,TH-n2179921094(81m),,provisional,40,公式情報または2情報源での確認が必要、名称なし,"OpenStreetMap（© OpenStreetMap contributors, ODbL 1.0）Geofabrik japan-latest.osm.pbf 2026-09-23T20:22:04Z way/484303386",
PK-w486214722,parking,（名称なし）駐車場,38.122695,140.4050096,WGS84,168 170,雁戸山、蔵王山,東北百名山|日本百名山|日本二百名山|日本三百名山,,,,TH-n4788919747(468m) TH-n4788919748(297m),,provisional,40,公式情報または2情報源での確認が必要、名称なし、登山口から離れている（徒歩アプローチを要確認）,"OpenStreetMap（© OpenStreetMap contributors, ODbL 1.0）Geofabrik japan-latest.osm.pbf 2026-09-23T20:22:04Z way/486214722",
PK-w505920498,parking,（名称なし）駐車場,40.6276123,140.3303864,WGS84,105,岩木山,日本百名山|日本二百名山|日本三百名山|東北百名山,,,,TH-w505920494(81m),,provisional,40,公式情報または2情報源での確認が必要、名称なし,"OpenStreetMap（© OpenStreetMap contributors, ODbL 1.0）Geofabrik japan-latest.osm.pbf 2026-09-23T20:22:04Z way/505920498",
PK-w508411926,parking,第一駐車場,37.3428961,140.6752359,WGS84,194,大滝根山,日本三百名山,,,,TH-n1232227179(382m),capacity=80,provisional,40,公式情報または2情報源での確認が必要、登山口から離れている（徒歩アプローチを要確認）,"OpenStreetMap（© OpenStreetMap contributors, ODbL 1.0）Geofabrik japan-latest.osm.pbf 2026-09-23T20:22:04Z way/508411926",
PK-w508411927,parking,第二駐車場,37.3427973,140.6759097,WGS84,194,大滝根山,日本三百名山,,,,TH-n1232227179(382m),capacity=365,provisional,40,公式情報または2情報源での確認が必要、登山口から離れている（徒歩アプローチを要確認）,"OpenStreetMap（© OpenStreetMap contributors, ODbL 1.0）Geofabrik japan-latest.osm.pbf 2026-09-23T20:22:04Z way/508411927",
PK-w515295035,parking,（名称なし）駐車場,37.0296227,139.382589,WGS84,211,会津駒ヶ岳,日本百名山|日本二百名山|日本三百名山|東北百名山,,,,TH-n1234429889(97m),capacity=10,provisional,40,公式情報または2情報源での確認が必要、名称なし,"OpenStreetMap（© OpenStreetMap contributors, ODbL 1.0）Geofabrik japan-latest.osm.pbf 2026-09-23T20:22:04Z way/515295035",
PK-w52461135,parking,第一駐車場,39.8327856,141.0407618,WGS84,122,岩手山,日本百名山|日本二百名山|日本三百名山|東北百名山,,,,TH-n1269138920(227m),,provisional,40,公式情報または2情報源での確認が必要,"OpenStreetMap（© OpenStreetMap contributors, ODbL 1.0）Geofabrik japan-latest.osm.pbf 2026-09-23T20:22:04Z way/52461135",
PK-w525479828,parking,（名称なし）駐車場,37.6688751,140.2699142,WGS84,184,安達太良山,日本百名山|日本二百名山|日本三百名山|東北百名山,,,,TH-n286906542(49m) TH-n286906453(301m),,provisional,40,公式情報または2情報源での確認が必要、名称なし、登山口から離れている（徒歩アプローチを要確認）,"OpenStreetMap（© OpenStreetMap contributors, ODbL 1.0）Geofabrik japan-latest.osm.pbf 2026-09-23T20:22:04Z way/525479828",
PK-w549887859,parking,ネズモチ平駐車場,37.3596776,139.2170836,WGS84,195,浅草岳,日本三百名山|東北百名山|甲信越百名山,,,,TH-w549887859(0m) TH-n1384995565(460m),,provisional,40,公式情報または2情報源での確認が必要、登山口から離れている（徒歩アプローチを要確認）,"OpenStreetMap（© OpenStreetMap contributors, ODbL 1.0）Geofabrik japan-latest.osm.pbf 2026-09-23T20:22:04Z way/549887859",
PK-w550151692,parking,玉川園地駐車場,39.9636397,140.7255635,WGS84,119,秋田焼山,東北百名山,,,,TH-n7615424234(331m) TH-n1289909030(70m),fee=yes,provisional,40,公式情報または2情報源での確認が必要、登山口から離れている（徒歩アプローチを要確認）,"OpenStreetMap（© OpenStreetMap contributors, ODbL 1.0）Geofabrik japan-latest.osm.pbf 2026-09-23T20:22:04Z way/550151692",
PK-w551533039,parking,（名称なし）駐車場,38.9898007,140.6109769,WGS84,143 145,高松岳、虎毛山,東北百名山,,,,TH-n1364635771(64m),,provisional,40,公式情報または2情報源での確認が必要、名称なし,"OpenStreetMap（© OpenStreetMap contributors, ODbL 1.0）Geofabrik japan-latest.osm.pbf 2026-09-23T20:22:04Z way/551533039",
PK-w566138398,parking,（名称なし）駐車場,38.9442711,140.8052146,WGS84,144,栗駒山,日本二百名山|日本三百名山|東北百名山,,,,TH-n863424499(120m),,provisional,40,公式情報または2情報源での確認が必要、名称なし,"OpenStreetMap（© OpenStreetMap contributors, ODbL 1.0）Geofabrik japan-latest.osm.pbf 2026-09-23T20:22:04Z way/566138398",
PK-w566138399,parking,（名称なし）駐車場,38.9446159,140.8050004,WGS84,144,栗駒山,日本二百名山|日本三百名山|東北百名山,,,,TH-n863424499(95m),,provisional,40,公式情報または2情報源での確認が必要、名称なし,"OpenStreetMap（© OpenStreetMap contributors, ODbL 1.0）Geofabrik japan-latest.osm.pbf 2026-09-23T20:22:04Z way/566138399",
PK-w566228936,parking,（名称なし）駐車場,40.4544093,140.8420124,WGS84,110,白地山,東北百名山,,,,TH-n1281107766(125m),,provisional,40,公式情報または2情報源での確認が必要、名称なし,"OpenStreetMap（© OpenStreetMap contributors, ODbL 1.0）Geofabrik japan-latest.osm.pbf 2026-09-23T20:22:04Z way/566228936",
PK-w566229005,parking,（名称なし）駐車場,40.4535886,140.8415457,WGS84,110,白地山,東北百名山,,,,TH-n1281107766(204m),,provisional,40,公式情報または2情報源での確認が必要、名称なし,"OpenStreetMap（© OpenStreetMap contributors, ODbL 1.0）Geofabrik japan-latest.osm.pbf 2026-09-23T20:22:04Z way/566229005",
PK-w567049315,parking,（名称なし）駐車場,39.1224483,139.9906331,WGS84,139,鳥海山,日本百名山|日本二百名山|日本三百名山|東北百名山,,,,TH-n1383095118(86m),,provisional,40,公式情報または2情報源での確認が必要、名称なし,"OpenStreetMap（© OpenStreetMap contributors, ODbL 1.0）Geofabrik japan-latest.osm.pbf 2026-09-23T20:22:04Z way/567049315",
PK-w567049322,parking,（名称なし）駐車場,39.1219822,139.9906252,WGS84,139,鳥海山,日本百名山|日本二百名山|日本三百名山|東北百名山,,,,TH-n1383095118(66m),,provisional,40,公式情報または2情報源での確認が必要、名称なし,"OpenStreetMap（© OpenStreetMap contributors, ODbL 1.0）Geofabrik japan-latest.osm.pbf 2026-09-23T20:22:04Z way/567049322",
PK-w567049324,parking,（名称なし）駐車場,39.1216737,139.9904897,WGS84,139,鳥海山,日本百名山|日本二百名山|日本三百名山|東北百名山,,,,TH-n1383095118(83m),,provisional,40,公式情報または2情報源での確認が必要、名称なし,"OpenStreetMap（© OpenStreetMap contributors, ODbL 1.0）Geofabrik japan-latest.osm.pbf 2026-09-23T20:22:04Z way/567049324",
PK-w567049341,parking,（名称なし）駐車場,39.1067049,139.977155,WGS84,139,鳥海山,日本百名山|日本二百名山|日本三百名山|東北百名山,,,,TH-n1360333032(406m),,provisional,40,公式情報または2情報源での確認が必要、名称なし、登山口から離れている（徒歩アプローチを要確認）,"OpenStreetMap（© OpenStreetMap contributors, ODbL 1.0）Geofabrik japan-latest.osm.pbf 2026-09-23T20:22:04Z way/567049341",
PK-w593823656,parking,（名称なし）駐車場,38.1278035,140.4373216,WGS84,168 170,雁戸山、蔵王山,東北百名山|日本百名山|日本二百名山|日本三百名山,,,,TH-n3702582422(146m),,provisional,40,公式情報または2情報源での確認が必要、名称なし,"OpenStreetMap（© OpenStreetMap contributors, ODbL 1.0）Geofabrik japan-latest.osm.pbf 2026-09-23T20:22:04Z way/593823656",
PK-w615832902,parking,月山八合目駐車場,38.5866911,140.0168625,WGS84,154,月山,日本百名山|日本二百名山|日本三百名山|東北百名山,,,,TH-n7254825526(65m),,provisional,40,公式情報または2情報源での確認が必要,"OpenStreetMap（© OpenStreetMap contributors, ODbL 1.0）Geofabrik japan-latest.osm.pbf 2026-09-23T20:22:04Z way/615832902",
PK-w61672875,parking,（名称なし）駐車場,38.2280417,140.468173,WGS84,166,神室岳,東北百名山,,,,TH-n1232577977(164m),,provisional,40,公式情報または2情報源での確認が必要、名称なし,"OpenStreetMap（© OpenStreetMap contributors, ODbL 1.0）Geofabrik japan-latest.osm.pbf 2026-09-23T20:22:04Z way/61672875",
PK-w619169721,parking,八幡平山頂Ｐ（有料）,39.9500351,140.8558822,WGS84,120,八幡平,日本百名山|日本二百名山|日本三百名山|東北百名山,,,,TH-n727644728(41m),,provisional,40,公式情報または2情報源での確認が必要,"OpenStreetMap（© OpenStreetMap contributors, ODbL 1.0）Geofabrik japan-latest.osm.pbf 2026-09-23T20:22:04Z way/619169721",
PK-w62208505,parking,（名称なし）駐車場,37.7608416,140.6910328,WGS84,181,霊山,東北百名山,,,,TH-n1227479506(142m),,provisional,40,公式情報または2情報源での確認が必要、名称なし,"OpenStreetMap（© OpenStreetMap contributors, ODbL 1.0）Geofabrik japan-latest.osm.pbf 2026-09-23T20:22:04Z way/62208505",
PK-w623832242,parking,（名称なし）駐車場,37.1064223,139.9311578,WGS84,202 203,三本槍岳、那須岳,関東百名山|日本百名山|日本二百名山|日本三百名山|東北百名山,,,,TH-n1481331289(59m),,provisional,40,公式情報または2情報源での確認が必要、名称なし,"OpenStreetMap（© OpenStreetMap contributors, ODbL 1.0）Geofabrik japan-latest.osm.pbf 2026-09-23T20:22:04Z way/623832242",
PK-w624227143,parking,（名称なし）駐車場,37.1257971,139.9790897,WGS84,202 203,三本槍岳、那須岳,関東百名山|日本百名山|日本二百名山|日本三百名山|東北百名山,,,,TH-kP11-22-09-bs2(20m),,provisional,40,公式情報または2情報源での確認が必要、名称なし,"OpenStreetMap（© OpenStreetMap contributors, ODbL 1.0）Geofabrik japan-latest.osm.pbf 2026-09-23T20:22:04Z way/624227143",
PK-w624227144,parking,（名称なし）駐車場,37.1259938,139.9792834,WGS84,202 203,三本槍岳、那須岳,関東百名山|日本百名山|日本二百名山|日本三百名山|東北百名山,,,,TH-kP11-22-09-bs2(20m),,provisional,40,公式情報または2情報源での確認が必要、名称なし,"OpenStreetMap（© OpenStreetMap contributors, ODbL 1.0）Geofabrik japan-latest.osm.pbf 2026-09-23T20:22:04Z way/624227144",
PK-w627570701,parking,（名称なし）駐車場,39.7723674,140.2282766,WGS84,126,太平山,日本三百名山|東北百名山,,,,TH-n1386288556(404m),,provisional,40,公式情報または2情報源での確認が必要、名称なし、登山口から離れている（徒歩アプローチを要確認）,"OpenStreetMap（© OpenStreetMap contributors, ODbL 1.0）Geofabrik japan-latest.osm.pbf 2026-09-23T20:22:04Z way/627570701",
PK-w637379795,parking,ファミリースキー場駐車場,37.1186057,139.9859571,WGS84,202 203,三本槍岳、那須岳,関東百名山|日本百名山|日本二百名山|日本三百名山|東北百名山,,,,TH-n6006711725(95m),,provisional,40,公式情報または2情報源での確認が必要,"OpenStreetMap（© OpenStreetMap contributors, ODbL 1.0）Geofabrik japan-latest.osm.pbf 2026-09-23T20:22:04Z way/637379795",
PK-w637379796,parking,ファミリースキー駐車場,37.1185513,139.9867149,WGS84,202 203,三本槍岳、那須岳,関東百名山|日本百名山|日本二百名山|日本三百名山|東北百名山,,,,TH-n6006711725(159m),,provisional,40,公式情報または2情報源での確認が必要,"OpenStreetMap（© OpenStreetMap contributors, ODbL 1.0）Geofabrik japan-latest.osm.pbf 2026-09-23T20:22:04Z way/637379796",
PK-w683392612,parking,小豆温泉 窓明の湯,37.0774581,139.4185265,WGS84,210,三岩岳,東北百名山,,,,TH-n1235550830(430m),,provisional,40,公式情報または2情報源での確認が必要、登山口から離れている（徒歩アプローチを要確認）,"OpenStreetMap（© OpenStreetMap contributors, ODbL 1.0）Geofabrik japan-latest.osm.pbf 2026-09-23T20:22:04Z way/683392612",
PK-w685206187,parking,（名称なし）駐車場,39.8749802,141.0418197,WGS84,122,岩手山,日本百名山|日本二百名山|日本三百名山|東北百名山,,,,TH-n6420623950(12m),,provisional,40,公式情報または2情報源での確認が必要、名称なし,"OpenStreetMap（© OpenStreetMap contributors, ODbL 1.0）Geofabrik japan-latest.osm.pbf 2026-09-23T20:22:04Z way/685206187",
PK-w688336022,parking,（名称なし）駐車場,39.9804188,140.8016409,WGS84,120,八幡平,日本百名山|日本二百名山|日本三百名山|東北百名山,,,,TH-n1266282577(283m),,provisional,40,公式情報または2情報源での確認が必要、名称なし,"OpenStreetMap（© OpenStreetMap contributors, ODbL 1.0）Geofabrik japan-latest.osm.pbf 2026-09-23T20:22:04Z way/688336022",
PK-w695839528,parking,（名称なし）駐車場,39.8217113,140.9419968,WGS84,122,岩手山,日本百名山|日本二百名山|日本三百名山|東北百名山,,,,TH-w519079944(469m),,provisional,40,公式情報または2情報源での確認が必要、名称なし、登山口から離れている（徒歩アプローチを要確認）,"OpenStreetMap（© OpenStreetMap contributors, ODbL 1.0）Geofabrik japan-latest.osm.pbf 2026-09-23T20:22:04Z way/695839528",
PK-w695839529,parking,網張温泉館;薬師の湯,39.8218906,140.9406217,WGS84,122,岩手山,日本百名山|日本二百名山|日本三百名山|東北百名山,,,,TH-w519079944(397m),,provisional,40,公式情報または2情報源での確認が必要、登山口から離れている（徒歩アプローチを要確認）,"OpenStreetMap（© OpenStreetMap contributors, ODbL 1.0）Geofabrik japan-latest.osm.pbf 2026-09-23T20:22:04Z way/695839529",
PK-w696534072,parking,（名称なし）駐車場,39.1624008,141.7151114,WGS84,136,五葉山,日本三百名山|東北百名山,,,,TH-n1267108190(355m),,provisional,40,公式情報または2情報源での確認が必要、名称なし、登山口から離れている（徒歩アプローチを要確認）,"OpenStreetMap（© OpenStreetMap contributors, ODbL 1.0）Geofabrik japan-latest.osm.pbf 2026-09-23T20:22:04Z way/696534072",
PK-w696887431,parking,（名称なし）駐車場,37.6835977,140.3296808,WGS84,183,一切経山,日本三百名山|東北百名山,,,,TH-n6544621375(7m),,provisional,40,公式情報または2情報源での確認が必要、名称なし,"OpenStreetMap（© OpenStreetMap contributors, ODbL 1.0）Geofabrik japan-latest.osm.pbf 2026-09-23T20:22:04Z way/696887431",
PK-w697899817,parking,（名称なし）駐車場,38.9793765,140.7692061,WGS84,144,栗駒山,日本二百名山|日本三百名山|東北百名山,,,,TH-n5094654422(137m),,provisional,40,公式情報または2情報源での確認が必要、名称なし,"OpenStreetMap（© OpenStreetMap contributors, ODbL 1.0）Geofabrik japan-latest.osm.pbf 2026-09-23T20:22:04Z way/697899817",
PK-w697899833,parking,（名称なし）駐車場,38.9804653,140.7701224,WGS84,144,栗駒山,日本二百名山|日本三百名山|東北百名山,,,,TH-n5094654422(99m),,provisional,40,公式情報または2情報源での確認が必要、名称なし,"OpenStreetMap（© OpenStreetMap contributors, ODbL 1.0）Geofabrik japan-latest.osm.pbf 2026-09-23T20:22:04Z way/697899833",
PK-w697899838,parking,（名称なし）駐車場,38.9799115,140.7694438,WGS84,144,栗駒山,日本二百名山|日本三百名山|東北百名山,,,,TH-n5094654422(114m),,provisional,40,公式情報または2情報源での確認が必要、名称なし,"OpenStreetMap（© OpenStreetMap contributors, ODbL 1.0）Geofabrik japan-latest.osm.pbf 2026-09-23T20:22:04Z way/697899838",
PK-w700255296,parking,（名称なし）駐車場,39.7250259,140.7958774,WGS84,125 127,烏帽子岳、秋田駒ヶ岳,日本三百名山|東北百名山|日本二百名山,,,,TH-n2964285770(358m),,provisional,40,公式情報または2情報源での確認が必要、名称なし、登山口から離れている（徒歩アプローチを要確認）,"OpenStreetMap（© OpenStreetMap contributors, ODbL 1.0）Geofabrik japan-latest.osm.pbf 2026-09-23T20:22:04Z way/700255296",
PK-w704264093,parking,（名称なし）駐車場,38.9091353,140.8161818,WGS84,144,栗駒山,日本二百名山|日本三百名山|東北百名山,,,,TH-n2222996601(39m),,provisional,40,公式情報または2情報源での確認が必要、名称なし,"OpenStreetMap（© OpenStreetMap contributors, ODbL 1.0）Geofabrik japan-latest.osm.pbf 2026-09-23T20:22:04Z way/704264093",
PK-w705631706,parking,（名称なし）駐車場,39.7952887,140.2234959,WGS84,126,太平山,日本三百名山|東北百名山,,,,TH-n8806898560(140m),,provisional,40,公式情報または2情報源での確認が必要、名称なし,"OpenStreetMap（© OpenStreetMap contributors, ODbL 1.0）Geofabrik japan-latest.osm.pbf 2026-09-23T20:22:04Z way/705631706",
PK-w717837596,parking,（名称なし）駐車場,37.4328623,140.1988733,WGS84,189,額取山,東北百名山,,,,TH-n6741760363(30m),,provisional,40,公式情報または2情報源での確認が必要、名称なし,"OpenStreetMap（© OpenStreetMap contributors, ODbL 1.0）Geofabrik japan-latest.osm.pbf 2026-09-23T20:22:04Z way/717837596",
PK-w717837597,parking,（名称なし）駐車場,37.4329816,140.1986446,WGS84,189,額取山,東北百名山,,,,TH-n6741760363(13m),,provisional,40,公式情報または2情報源での確認が必要、名称なし,"OpenStreetMap（© OpenStreetMap contributors, ODbL 1.0）Geofabrik japan-latest.osm.pbf 2026-09-23T20:22:04Z way/717837597",
PK-w72722117,parking,（名称なし）駐車場,38.9444943,140.8045913,WGS84,144,栗駒山,日本二百名山|日本三百名山|東北百名山,,,,TH-n863424499(61m),,provisional,40,公式情報または2情報源での確認が必要、名称なし,"OpenStreetMap（© OpenStreetMap contributors, ODbL 1.0）Geofabrik japan-latest.osm.pbf 2026-09-23T20:22:04Z way/72722117",
PK-w737548729,parking,（名称なし）駐車場,38.9911361,140.6042372,WGS84,143 145,高松岳、虎毛山,東北百名山,,,,TH-n1364609848(293m),,provisional,40,公式情報または2情報源での確認が必要、名称なし,"OpenStreetMap（© OpenStreetMap contributors, ODbL 1.0）Geofabrik japan-latest.osm.pbf 2026-09-23T20:22:04Z way/737548729",
PK-w739518715,parking,（名称なし）駐車場,40.439067,140.8431456,WGS84,110,白地山,東北百名山,,,,TH-n1281091550(267m),,provisional,40,公式情報または2情報源での確認が必要、名称なし,"OpenStreetMap（© OpenStreetMap contributors, ODbL 1.0）Geofabrik japan-latest.osm.pbf 2026-09-23T20:22:04Z way/739518715",
PK-w739518716,parking,（名称なし）駐車場,40.4386314,140.842585,WGS84,110,白地山,東北百名山,,,,TH-n1281091550(200m),,provisional,40,公式情報または2情報源での確認が必要、名称なし,"OpenStreetMap（© OpenStreetMap contributors, ODbL 1.0）Geofabrik japan-latest.osm.pbf 2026-09-23T20:22:04Z way/739518716",
PK-w747309835,parking,（名称なし）駐車場,40.6729644,140.9409352,WGS84,104,八甲田山,日本百名山|日本二百名山|日本三百名山|東北百名山,,,,TH-n6992606948(293m),,provisional,40,公式情報または2情報源での確認が必要、名称なし,"OpenStreetMap（© OpenStreetMap contributors, ODbL 1.0）Geofabrik japan-latest.osm.pbf 2026-09-23T20:22:04Z way/747309835",
PK-w747309838,parking,（名称なし）駐車場,40.6767215,140.9389247,WGS84,104,八甲田山,日本百名山|日本二百名山|日本三百名山|東北百名山,,,,TH-n6992606948(164m),,provisional,40,公式情報または2情報源での確認が必要、名称なし,"OpenStreetMap（© OpenStreetMap contributors, ODbL 1.0）Geofabrik japan-latest.osm.pbf 2026-09-23T20:22:04Z way/747309838",
PK-w755062885,parking,（名称なし）駐車場,40.6478375,140.8479942,WGS84,104,八甲田山,日本百名山|日本二百名山|日本三百名山|東北百名山,,,,TH-n2417779397(358m),access=customers,provisional,40,公式情報または2情報源での確認が必要、名称なし、登山口から離れている（徒歩アプローチを要確認）,"OpenStreetMap（© OpenStreetMap contributors, ODbL 1.0）Geofabrik japan-latest.osm.pbf 2026-09-23T20:22:04Z way/755062885",
PK-w757540376,parking,（名称なし）駐車場,40.4981718,140.8281679,WGS84,110,白地山,東北百名山,,,,TH-n1266073839(61m),,provisional,40,公式情報または2情報源での確認が必要、名称なし,"OpenStreetMap（© OpenStreetMap contributors, ODbL 1.0）Geofabrik japan-latest.osm.pbf 2026-09-23T20:22:04Z way/757540376",
PK-w757540377,parking,（名称なし）駐車場,40.4978683,140.8275342,WGS84,110,白地山,東北百名山,,,,TH-n1266073839(7m),,provisional,40,公式情報または2情報源での確認が必要、名称なし,"OpenStreetMap（© OpenStreetMap contributors, ODbL 1.0）Geofabrik japan-latest.osm.pbf 2026-09-23T20:22:04Z way/757540377",
PK-w760935960,parking,（名称なし）駐車場,39.7959418,140.7800431,WGS84,124 125 127,大白森、烏帽子岳、秋田駒ヶ岳,東北百名山|日本三百名山|日本二百名山,,,,TH-n1289981080(307m) TH-n7109234648(197m),,provisional,40,公式情報または2情報源での確認が必要、名称なし、登山口から離れている（徒歩アプローチを要確認）,"OpenStreetMap（© OpenStreetMap contributors, ODbL 1.0）Geofabrik japan-latest.osm.pbf 2026-09-23T20:22:04Z way/760935960",
PK-w760935961,parking,（名称なし）駐車場,39.7957647,140.7804577,WGS84,124 125 127,大白森、烏帽子岳、秋田駒ヶ岳,東北百名山|日本三百名山|日本二百名山,,,,TH-n1289981080(344m) TH-n7109234648(200m),,provisional,40,公式情報または2情報源での確認が必要、名称なし、登山口から離れている（徒歩アプローチを要確認）,"OpenStreetMap（© OpenStreetMap contributors, ODbL 1.0）Geofabrik japan-latest.osm.pbf 2026-09-23T20:22:04Z way/760935961",
PK-w760935962,parking,（名称なし）駐車場,39.7964841,140.7804389,WGS84,124 125 127,大白森、烏帽子岳、秋田駒ヶ岳,東北百名山|日本三百名山|日本二百名山,,,,TH-n1289981080(286m) TH-n7109234648(266m),,provisional,40,公式情報または2情報源での確認が必要、名称なし,"OpenStreetMap（© OpenStreetMap contributors, ODbL 1.0）Geofabrik japan-latest.osm.pbf 2026-09-23T20:22:04Z way/760935962",
PK-w760935963,parking,（名称なし）駐車場,39.80198,140.7917564,WGS84,125 127,烏帽子岳、秋田駒ヶ岳,日本三百名山|東北百名山|日本二百名山,,,,TH-n325588477(52m),,provisional,40,公式情報または2情報源での確認が必要、名称なし,"OpenStreetMap（© OpenStreetMap contributors, ODbL 1.0）Geofabrik japan-latest.osm.pbf 2026-09-23T20:22:04Z way/760935963",
PK-w775261381,parking,（名称なし）駐車場,39.0624325,141.7185729,WGS84,140,氷上山,東北百名山,,,,TH-kP11-22-03-bs5378(332m),,provisional,40,公式情報または2情報源での確認が必要、名称なし、登山口から離れている（徒歩アプローチを要確認）,"OpenStreetMap（© OpenStreetMap contributors, ODbL 1.0）Geofabrik japan-latest.osm.pbf 2026-09-23T20:22:04Z way/775261381",
PK-w775436780,parking,（名称なし）駐車場,39.0612646,141.7187134,WGS84,140,氷上山,東北百名山,,,,TH-kP11-22-03-bs5378(338m),,provisional,40,公式情報または2情報源での確認が必要、名称なし、登山口から離れている（徒歩アプローチを要確認）,"OpenStreetMap（© OpenStreetMap contributors, ODbL 1.0）Geofabrik japan-latest.osm.pbf 2026-09-23T20:22:04Z way/775436780",
PK-w775436786,parking,（名称なし）駐車場,39.0608381,141.7186357,WGS84,140,氷上山,東北百名山,,,,TH-kP11-22-03-bs5378(342m),,provisional,40,公式情報または2情報源での確認が必要、名称なし、登山口から離れている（徒歩アプローチを要確認）,"OpenStreetMap（© OpenStreetMap contributors, ODbL 1.0）Geofabrik japan-latest.osm.pbf 2026-09-23T20:22:04Z way/775436786",
PK-w820345807,parking,（名称なし）駐車場,38.1311265,140.464501,WGS84,168 170,雁戸山、蔵王山,東北百名山|日本百名山|日本二百名山|日本三百名山,,,,TH-n957115735(45m),,provisional,40,公式情報または2情報源での確認が必要、名称なし,"OpenStreetMap（© OpenStreetMap contributors, ODbL 1.0）Geofabrik japan-latest.osm.pbf 2026-09-23T20:22:04Z way/820345807",
PK-w82210100,parking,第1駐車場,38.127695,140.4462811,WGS84,168 170,雁戸山、蔵王山,東北百名山|日本百名山|日本二百名山|日本三百名山,,,,TH-n3702582421(406m) TH-gsi-karitasancho(55m),,provisional,40,公式情報または2情報源での確認が必要、登山口から離れている（徒歩アプローチを要確認）,"OpenStreetMap（© OpenStreetMap contributors, ODbL 1.0）Geofabrik japan-latest.osm.pbf 2026-09-23T20:22:04Z way/82210100",
PK-w833117528,parking,（名称なし）駐車場,39.066753,140.0456709,WGS84,139,鳥海山,日本百名山|日本二百名山|日本三百名山|東北百名山,,,,TH-n7660189286(215m),,provisional,40,公式情報または2情報源での確認が必要、名称なし,"OpenStreetMap（© OpenStreetMap contributors, ODbL 1.0）Geofabrik japan-latest.osm.pbf 2026-09-23T20:22:04Z way/833117528",
PK-w833117561,parking,（名称なし）駐車場,39.0688396,140.0462617,WGS84,139,鳥海山,日本百名山|日本二百名山|日本三百名山|東北百名山,,,,TH-n7660189286(42m),fee=no,provisional,40,公式情報または2情報源での確認が必要、名称なし,"OpenStreetMap（© OpenStreetMap contributors, ODbL 1.0）Geofabrik japan-latest.osm.pbf 2026-09-23T20:22:04Z way/833117561",
PK-w836638133,parking,（名称なし）駐車場,38.9211178,140.7311372,WGS84,144,栗駒山,日本二百名山|日本三百名山|東北百名山,,,,TH-n954201374(55m),,provisional,40,公式情報または2情報源での確認が必要、名称なし,"OpenStreetMap（© OpenStreetMap contributors, ODbL 1.0）Geofabrik japan-latest.osm.pbf 2026-09-23T20:22:04Z way/836638133",
PK-w849744824,parking,（名称なし）駐車場,37.7755728,140.1239197,WGS84,182,吾妻山,日本百名山|日本二百名山|日本三百名山|東北百名山,,,,TH-n1236889281(418m),access=customers,provisional,40,公式情報または2情報源での確認が必要、名称なし、登山口から離れている（徒歩アプローチを要確認）,"OpenStreetMap（© OpenStreetMap contributors, ODbL 1.0）Geofabrik japan-latest.osm.pbf 2026-09-23T20:22:04Z way/849744824",
PK-w849744825,parking,（名称なし）駐車場,37.7805084,140.1194614,WGS84,182,吾妻山,日本百名山|日本二百名山|日本三百名山|東北百名山,,,,TH-n1236889281(398m),access=customers,provisional,40,公式情報または2情報源での確認が必要、名称なし、登山口から離れている（徒歩アプローチを要確認）,"OpenStreetMap（© OpenStreetMap contributors, ODbL 1.0）Geofabrik japan-latest.osm.pbf 2026-09-23T20:22:04Z way/849744825",
PK-w854814593,parking,（名称なし）駐車場,38.1273978,140.4372862,WGS84,168 170,雁戸山、蔵王山,東北百名山|日本百名山|日本二百名山|日本三百名山,,,,TH-n3702582422(170m),,provisional,40,公式情報または2情報源での確認が必要、名称なし,"OpenStreetMap（© OpenStreetMap contributors, ODbL 1.0）Geofabrik japan-latest.osm.pbf 2026-09-23T20:22:04Z way/854814593",
PK-w945701994,parking,（名称なし）駐車場,37.3790715,139.7099873,WGS84,193,博士山,東北百名山,,,,TH-n1261167032(76m),,provisional,40,公式情報または2情報源での確認が必要、名称なし,"OpenStreetMap（© OpenStreetMap contributors, ODbL 1.0）Geofabrik japan-latest.osm.pbf 2026-09-23T20:22:04Z way/945701994",
PK-w952021877,parking,（名称なし）駐車場,37.9241369,139.6689382,WGS84,174 176,杁差岳、北股岳,日本二百名山|日本三百名山|甲信越百名山|東北百名山,,,,TH-n4730366633(182m),fee=no; access=yes,provisional,40,公式情報または2情報源での確認が必要、名称なし,"OpenStreetMap（© OpenStreetMap contributors, ODbL 1.0）Geofabrik japan-latest.osm.pbf 2026-09-23T20:22:04Z way/952021877",
PK-w954432864,parking,（名称なし）駐車場,39.0566506,139.9904811,WGS84,139,鳥海山,日本百名山|日本二百名山|日本三百名山|東北百名山,,,,TH-n1360351037(7m),fee=no; capacity=5; access=yes,provisional,40,公式情報または2情報源での確認が必要、名称なし,"OpenStreetMap（© OpenStreetMap contributors, ODbL 1.0）Geofabrik japan-latest.osm.pbf 2026-09-23T20:22:04Z way/954432864",
PK-w954432867,parking,ニノ滝駐車場,39.0547979,139.990234,WGS84,139,鳥海山,日本百名山|日本二百名山|日本三百名山|東北百名山,,,,TH-n1360351037(213m),fee=no; capacity=20; access=yes,provisional,40,公式情報または2情報源での確認が必要,"OpenStreetMap（© OpenStreetMap contributors, ODbL 1.0）Geofabrik japan-latest.osm.pbf 2026-09-23T20:22:04Z way/954432867",
PK-w954432868,parking,（名称なし）駐車場,39.0966324,140.1072282,WGS84,139,鳥海山,日本百名山|日本二百名山|日本三百名山|東北百名山,,,,TH-n1338508454(57m),,provisional,40,公式情報または2情報源での確認が必要、名称なし,"OpenStreetMap（© OpenStreetMap contributors, ODbL 1.0）Geofabrik japan-latest.osm.pbf 2026-09-23T20:22:04Z way/954432868",
PK-w978399396,parking,（名称なし）駐車場,40.5642425,139.9828026,WGS84,108,白神岳,日本二百名山|日本三百名山|東北百名山,,,,TH-n9053236356(429m),,provisional,40,公式情報または2情報源での確認が必要、名称なし、登山口から離れている（徒歩アプローチを要確認）,"OpenStreetMap（© OpenStreetMap contributors, ODbL 1.0）Geofabrik japan-latest.osm.pbf 2026-09-23T20:22:04Z way/978399396",
PK-w978399400,parking,（名称なし）駐車場,40.5649209,139.983042,WGS84,108,白神岳,日本二百名山|日本三百名山|東北百名山,,,,TH-n9053236356(492m),,provisional,40,公式情報または2情報源での確認が必要、名称なし、登山口から離れている（徒歩アプローチを要確認）,"OpenStreetMap（© OpenStreetMap contributors, ODbL 1.0）Geofabrik japan-latest.osm.pbf 2026-09-23T20:22:04Z way/978399400",
TH-gsi-adatara-numajiri,trailhead,沼尻登山口（安達太良山）,37.629081,140.246009,WGS84,184,安達太良山,日本百名山|日本二百名山|日本三百名山|東北百名山,,登山記録で広く使われている登山口,,PK-n12328273401(9m),,provisional,300,,"国土地理院ベクトルタイル提供実験 地理院地図の車道の終点で徒歩道が始まる位置（37.629081, 140.246009）、標高1,123m。地理院地図の注記「白糸の滝」から540m。地理院地図の徒歩道で山頂まで約5.0km 2026-09-26確認 ｜ 登山記録で広く使われている登山口（登山記録・登山情報サイトで名称と利用を確認。公式情報では未確認） 2026-09-26確認",
TH-gsi-adatara-shiozawa,trailhead,塩沢登山口（安達太良山）,37.64019,140.328063,WGS84,184,安達太良山,日本百名山|日本二百名山|日本三百名山|東北百名山,,登山記録で広く使われている登山口,,PK-w320001337(330m) BS-kP11-22-07-bs1241(539m),,provisional,300,,"国土地理院ベクトルタイル提供実験 地理院地図の車道の終点で徒歩道が始まる位置（37.640190, 140.328063）、標高810.6m。地理院地図の注記「馬返し」から22m、注記「二本松塩沢スキー場」から約280m。地理院地図の徒歩道で山頂まで約5.4km 2026-09-26確認 ｜ 登山記録で広く使われている登山口（登山記録・登山情報サイトで名称と利用を確認。公式情報では未確認） 2026-09-26確認",
TH-gsi-akasakatoge,trailhead,赤坂峠（五葉山登山口）,39.178536,141.741888,WGS84,136,五葉山,日本三百名山|東北百名山,赤坂峠コース,公式情報による登山口,,,parking=広い駐車場・トイレ・水飲み場がある（釜石市）; season=県道193号（唐丹日頃市線）の横川橋から先は冬期通行止めとなり、赤坂峠登山口まで行けない（大船渡市）,adopted,50,赤坂峠は釜石市と大船渡市の境界にある五葉山の代表的登山口（釜石市）、五葉山は釜石市・大船渡市・住田町の2市1町にまたがり、三陸沿岸で最も高い山（釜石市）,"国土地理院ベクトルタイル提供実験 地理院地図の徒歩道が道路から始まる位置（39.178536, 141.741888）。国土地理院 標高API 712.8mで、釜石市の記載「海抜712m地点」と一致 2026-09-23確認 ｜ 公式情報: https://www.city.kamaishi.iwate.jp/docs/2023042100017/ ｜ 公式情報: https://www.city.ofunato.iwate.jp/site/ofunatrip/22005.html",2026-09-23
TH-gsi-akkamori,trailhead,安家森登山口（袖山高原）,40.028699,141.54121,WGS84,117,安家森,東北百名山,,公式情報による登山口,,,season=4月下旬～10月下旬（冬期間は雪のため通行止め）（葛巻町）; course=登山口から約10分で安家平（葛巻町）,adopted,150,,"国土地理院ベクトルタイル提供実験 地理院地図の車道の終点で徒歩道が始まる位置（40.028699, 141.541210）、標高1,166m（葛巻町の案内する登山口の標高1,160mと一致）。地理院地図の注記「袖山」から697m。地理院地図の徒歩道で山頂まで約1.1km 2026-09-25確認 ｜ 公式情報: https://www.town.kuzumaki.lg.jp/docs/2015112500186/",2026-09-25
TH-gsi-arakaiyama,trailhead,荒海山登山口（八総鉱山跡の町道の先）,37.057614,139.655304,WGS84,213,荒海山,日本三百名山|東北百名山,八総コース,公式情報による登山口,,,restriction=登山口までの町道等の改良工事が終わっていないため登山できない。整備が終わり次第、開山予定（南会津町観光物産協会）,adopted,300,荒海山は平成27年の豪雨災害で長く入山禁止となり、令和3年5月に一度開山した（南会津町観光物産協会）、登山道入口までは八総鉱山跡の町道を道なりに進む（南会津町観光物産協会）、入山前に南会津町観光物産協会へ最新の状況を確認すること、登山口の正確な位置は公式情報では未確認,"国土地理院ベクトルタイル提供実験 地理院地図の車道の終点で徒歩道が始まる位置（37.057614, 139.655304）、標高858.2m。山頂まで直線2.6km 2026-09-23確認 ｜ 公式情報: https://www.kanko-aizu.com/information/25685/ ｜ 公式情報: https://www.kanko-aizu.com/miru/mountain/",2026-09-23
TH-gsi-dake-iwaki,trailhead,嶽登山口（岩木山 嶽温泉コース）,40.631967,140.2682,WGS84,105,岩木山,日本百名山|日本二百名山|日本三百名山|東北百名山,嶽温泉コース,登山記録で広く使われている登山口,,PK-w1560810419(477m) BS-kP11-22-02-bs2558(235m) BS-kP11-22-02-bs2558(235m) BS-kP11-22-02-bs2560(436m),,provisional,200,,"国土地理院ベクトルタイル提供実験 地理院地図の徒歩道が車道から始まる位置（40.631967, 140.2682）、標高482.2m。嶽温泉の北約0.2km。2026-09-25確認 ｜ 登山記録で広く使われている登山口（登山記録・登山情報サイトで名称と利用を確認。公式情報では未確認） 2026-09-25確認",
TH-gsi-fukkoshi-eboshi,trailhead,吹越烏帽子登山口,41.026289,141.296083,WGS84,102,吹越烏帽子,東北百名山,,登山記録で広く使われている登山口,,,,provisional,200,登山道までは交通の便が悪く、車で来る前提で案内している。車以外は事前にタクシーの手配を勧めている（横浜町）,"国土地理院ベクトルタイル提供実験 地理院地図の徒歩道が車道から始まる位置（41.026289, 141.296083）、標高135.4m。地理院地図の徒歩道で山頂まで約2.4km 2026-09-25確認 ｜ 登山記録で広く使われている登山口（登山記録・登山情報サイトで名称と利用を確認。公式情報では未確認） 2026-09-25確認",
TH-gsi-funagata-otaki,trailhead,大滝キャンプ場（船形山 色麻コース登山口）,38.458037,140.644462,WGS84,158,船形山,日本二百名山|日本三百名山|東北百名山,,登山記録で広く使われている登山口,,,,provisional,300,,"国土地理院ベクトルタイル提供実験 地理院地図の車道の終点で徒歩道が始まる位置（38.458037, 140.644462）、標高1,029m。地理院地図の注記「湯谷地」から280m。地理院地図の徒歩道で山頂まで約2.5km 2026-09-26確認 ｜ 登山記録で広く使われている登山口（登山記録・登山情報サイトで名称と利用を確認。公式情報では未確認） 2026-09-26確認",
TH-gsi-futatsuya-nemoto,trailhead,根本登山口（二ッ箭山）,37.163685,140.861539,WGS84,201,二ッ箭山,東北百名山,,公式情報による登山口,,,parking=二ツ箭山入口駐車場に30台。登山口にトイレ（福島県観光物産交流協会）; access=常磐自動車道いわき中央ICから約25分。JR常磐線いわき駅から新常磐交通で上小川バス停、徒歩約40分（福島県観光物産交流協会）; course=コースタイム3時間10分、中級（福島県観光物産交流協会）,adopted,400,登山口の正確な位置は公式情報では未確認,"国土地理院ベクトルタイル提供実験 地理院地図の徒歩道が車道から始まる位置（37.163685, 140.861539）、標高287m。地理院地図の注記「根本」から550m。地理院地図の徒歩道で山頂まで約1.7km 2026-09-25確認 ｜ 公式情報: https://www.tif.ne.jp/yamafuku/mt30/04.html",2026-09-25
TH-gsi-hagidaira,trailhead,萩平登山口（鎌倉岳）,37.459812,140.683697,WGS84,188,鎌倉岳,東北百名山,,登山記録で広く使われている登山口,,BS-kP11-22-07-bs2616(734m),,provisional,200,,"国土地理院ベクトルタイル提供実験 地理院地図の徒歩道が車道から始まる位置（37.459812, 140.683697）、標高582.3m。地理院地図の注記「萩平」の北東約0.4km。地理院地図の徒歩道で山頂まで約1.0km 2026-09-25確認 ｜ 登山記録で広く使われている登山口（登山記録・登山情報サイトで名称と利用を確認。公式情報では未確認） 2026-09-25確認",
TH-gsi-hakamagoshi-c,trailhead,袴腰岳登山口（C点・無線中継所前）,40.990253,140.571812,WGS84,103,袴腰岳,東北百名山,袴腰岳コース,公式情報による登山口,,,access=国道280号バイパスから蓬田村へ入り、村の駅よもっとを過ぎて約400m先の「袴腰岳」の白い案内板で左折。北海道新幹線の高架橋下をくぐり林道を進む（蓬田村）; parking=無線中継所前の空き地が駐車場。袴腰岳登山口の看板がある（蓬田村）,adopted,250,令和6年9月4日に袴腰岳登山口から頂上までの登山道の整備が完了（蓬田村）、鍋森山（548.0m）を経由し、袴腰分岐から頂上まで約30分（蓬田村）、中泊町側からは土砂崩れ等により入山禁止（中泊町 2023年8月）,"国土地理院ベクトルタイル提供実験 地理院地図の徒歩道が車道から始まる位置（40.990253, 140.571812）、標高240.8m。地理院地図の徒歩道で山頂まで約5.2km。蓬田村の案内図のC点から求めた位置（40.9905, 140.5730）から約100m 2026-09-26確認 ｜ 公式情報: https://www.vill.yomogita.lg.jp/kankou/history/yama.html ｜ 公式情報: https://www.vill.yomogita.lg.jp/kankou/history/2024-0905-1621-23.html",2026-09-26
TH-gsi-hariudaira,trailhead,針生平口（祝瓶山 鈴振尾根コース）,38.214872,139.85118,WGS84,169,祝瓶山,日本三百名山|東北百名山,鈴振尾根コース,公式情報による登山口,,,"course=祝瓶山（針生平口）の鈴振尾根コースは体力度3・技術的難易度B、コースタイム6.0時間、距離9.6km、登り下りとも累積1,410m、起点の標高463m、祝瓶山1,417m（山形県）",adopted,300,"約1.1km上流（38.216182, 139.863623、標高473.4m、地理院地図の注記「角楢小屋」から80m）にも徒歩道が道路から始まる位置がある","国土地理院ベクトルタイル提供実験 地理院地図の徒歩道が道路から始まる位置（38.214872, 139.851180）。国土地理院 標高API 455.4mで、山形県 やまがた百名山のグレーディングの起点標高463mに近い 2026-09-23確認 ｜ 公式情報: https://www.pref.yamagata.jp/050011/kurashi/shizen/hyakumeisan/grading.html ｜ 公式情報: https://yamagatayama.com/wp-content/uploads/2024/06/yamagata_grading.pdf",2026-09-23
TH-gsi-hatasaka,trailhead,旗坂キャンプ場（升沢コース入口）,38.457893,140.680479,WGS84,158,船形山,日本二百名山|日本三百名山|東北百名山,升沢コース,公式情報による登山口,,,course=旗坂キャンプ場が升沢コースの入山口。山頂まで7.6km（大和町）; parking=広い駐車場とトイレがある（大和町）; season=旗坂キャンプ場は4月下旬〜11月下旬（天候により変更あり）（大和町）,adopted,30,大和町吉岡から車で約40分（大和町）,"国土地理院ベクトルタイル提供実験 地理院地図の徒歩道が道路から始まる位置（38.457893, 140.680479）。大和町の旗坂キャンプ場のページの地図の位置（38.457549, 140.680440）から38m 2026-09-22確認 ｜ 公式情報: https://www.town.taiwa.miyagi.jp/soshiki/shokokanko/shokokanko/121.html ｜ 公式情報: https://www.town.taiwa.miyagi.jp/soshiki/shokokanko/shokokanko/385.html",2026-09-22
TH-gsi-hikami-chuo,trailhead,氷上山 中央登山口,39.046334,141.651618,WGS84,140,氷上山,東北百名山,中央コース,公式情報による登山口,,,course=中央コース（初級）2.2km、登り1時間05分・下り50分。祈祷ヶ原まで約50分（陸前高田市観光物産協会）; parking=10台（陸前高田市観光物産協会 登山マップ）,adopted,150,ひかみの園から中央登山口付近までは未舗装の林道で荒れているため走行注意（陸前高田市観光物産協会 登山マップ）、中央登山口に仮設トイレがある（高田旅ナビ）、登山道は林道を横断する。横断したら登山口は左前方（陸前高田市観光物産協会 登山マップ）,"国土地理院ベクトルタイル提供実験 地理院地図の徒歩道が車道から始まる位置（39.046334, 141.651618）、標高404m。地理院地図の徒歩道で山頂まで約2.0km。陸前高田市観光物産協会の登山マップの駐車場（10台）の位置から求めた位置（39.0464, 141.6519）から約30m 2026-09-26確認 ｜ 公式情報: https://takanavi.org/wp/wp-content/uploads/2020/04/%E6%B0%B7%E4%B8%8A%E5%B1%B1%E7%99%BB%E5%B1%B1%E3%83%9E%E3%83%83%E3%83%97.pdf ｜ 公式情報: https://takanavi.org/spot/%E3%80%90%E5%B1%B1%E3%80%91%E6%B0%B7%E4%B8%8A%E5%B1%B1/",2026-09-26
TH-gsi-hikami-suzuran,trailhead,氷上山 すずらん登山口,39.035907,141.660338,WGS84,140,氷上山,東北百名山,すずらんコース,公式情報による登山口,,,course=すずらんコース（中級）3.7km、登り1時間35分・下り1時間15分（陸前高田市観光物産協会）; parking=2台（陸前高田市観光物産協会 登山マップ）,adopted,250,本称寺からすずらん登山口付近までは未舗装の林道（陸前高田市観光物産協会 登山マップ）、送電線の作業道に迷い込まないよう注意（陸前高田市観光物産協会 登山マップ）,"国土地理院ベクトルタイル提供実験 地理院地図の徒歩道が車道から始まる位置（39.035907, 141.660338）、標高379.3m。地理院地図の徒歩道で山頂まで約2.8km。陸前高田市観光物産協会の登山マップの駐車場（2台）の位置から求めた位置（39.0353, 141.6581）から約210m 2026-09-26確認 ｜ 公式情報: https://takanavi.org/wp/wp-content/uploads/2020/04/%E6%B0%B7%E4%B8%8A%E5%B1%B1%E7%99%BB%E5%B1%B1%E3%83%9E%E3%83%83%E3%83%97.pdf ｜ 公式情報: https://takanavi.org/spot/%E3%80%90%E5%B1%B1%E3%80%91%E6%B0%B7%E4%B8%8A%E5%B1%B1/",2026-09-26
TH-gsi-inawashiro-ski,trailhead,猪苗代登山口（猪苗代スキー場）,37.572247,140.092547,WGS84,185,磐梯山,日本百名山|日本二百名山|日本三百名山|東北百名山,猪苗代コース,登山記録で広く使われている登山口,,PK-w253930733(209m) PK-w253930730(217m) PK-w253930731(220m),,provisional,300,,"国土地理院ベクトルタイル提供実験 地理院地図の徒歩道が車道から始まる位置（37.572247, 140.092547）、標高667.7m。地理院地図の注記「葉山」から72m。2026-09-25確認 ｜ 登山記録で広く使われている登山口（登山記録・登山情報サイトで名称と利用を確認。公式情報では未確認） 2026-09-25確認",
TH-gsi-iwaigame-sanso,trailhead,祝瓶山荘（祝瓶山 桑住平登山口）,38.18879,139.905449,WGS84,169,祝瓶山,日本三百名山|東北百名山,,登山記録で広く使われている登山口,,,,provisional,250,,"国土地理院ベクトルタイル提供実験 地理院地図の徒歩道が車道から始まる位置（38.188790, 139.905449）、標高562.7m。地理院地図の注記「祝瓶山荘」から42m。地理院地図の徒歩道で山頂まで約18.0km 2026-09-26確認 ｜ 登山記録で広く使われている登山口（登山記録・登山情報サイトで名称と利用を確認。公式情報では未確認） 2026-09-26確認",
TH-gsi-karitasancho,trailhead,蔵王刈田山頂駐車場（刈田岳）,38.128154,140.446046,WGS84,170,蔵王山,日本百名山|日本二百名山|日本三百名山|東北百名山,刈田岳（蔵王ハイライン）コース,登山記録で広く使われている登山口,,PK-w1188034344(39m) PK-w82210100(55m) PK-w1188034341(170m) BS-kP11-22-04-bs5129(130m) BS-kP11-22-04-bs5130(130m) BS-n4871552624(680m),,provisional,100,,"国土地理院ベクトルタイル提供実験 地理院地図の徒歩道が車道から始まる位置（38.128154, 140.446046）、標高1,719.9m。地理院地図の車道の終点。注記「刈田嶺神社」から160m。2026-09-25確認 ｜ 登山記録で広く使われている登山口（登山記録・登山情報サイトで名称と利用を確認。公式情報では未確認） 2026-09-25確認",
TH-gsi-kattatoge,trailhead,刈田峠（屏風岳・南蔵王縦走路登山口）,38.122543,140.450302,WGS84,172,屏風岳,東北百名山,,登山記録で広く使われている登山口,,PK-w1188034348(437m) PK-w1188034347(474m) BS-kP11-22-04-bs5150(210m) BS-kP11-22-04-bs5129(599m) BS-kP11-22-04-bs5130(599m),,provisional,100,,"国土地理院ベクトルタイル提供実験 地理院地図の徒歩道が車道から始まる位置（38.122543, 140.450302）、標高1,583.7m。地理院地図の注記「蔵王エコーライン」から201m。地理院地図の徒歩道で山頂まで約4.1km 2026-09-25確認 ｜ 登山記録で広く使われている登山口（登山記録・登山情報サイトで名称と利用を確認。公式情報では未確認） 2026-09-25確認",
TH-gsi-kodake,trailhead,小岳登山口,40.416298,140.206077,WGS84,111,小岳,東北百名山,,公式情報による登山口,,,parking=各登山口とも駐車スペースは10台程度（秋田県）,adopted,300,登山届の提出は必須。登山口までは未舗装の林道を約1時間で、特に小岳は普通乗用車では厳しい。大雨時はアクセス道路が通行不能になる（秋田県）、登山口の正確な位置は公式情報では未確認,"国土地理院ベクトルタイル提供実験 地理院地図の徒歩道が車道から始まる位置（40.416298, 140.206077）、標高603m。地理院地図の徒歩道で山頂まで約2.3km 2026-09-25確認 ｜ 公式情報: https://common3.pref.akita.lg.jp/shirakami/locations/1677",2026-09-25
TH-gsi-koshizawa,trailhead,越沢口（摩耶山登山口）,38.532476,139.709154,WGS84,156,摩耶山,日本三百名山|東北百名山,越沢コース〜追分ルート周回,公式情報による登山口,,,"course=摩耶山（越沢口）の越沢コース〜追分ルート周回は体力度2・技術的難易度C、コースタイム4.8時間、距離6.6km、登り下りとも累積880m、起点の標高280m、摩耶山1,020m（山形県）",adopted,50,周回ルートは越沢口→越沢コース→摩耶山→追分分岐（越沢方面へ）→越沢口（山形県）,"国土地理院ベクトルタイル提供実験 地理院地図の徒歩道が道路から始まる位置（38.532476, 139.709154）。国土地理院 標高API 280.2mで、山形県 やまがた百名山のグレーディングの起点標高280mと一致 2026-09-23確認 ｜ 公式情報: https://www.pref.yamagata.jp/050011/kurashi/shizen/hyakumeisan/grading.html ｜ 公式情報: https://yamagatayama.com/wp-content/uploads/2024/06/yamagata_grading.pdf",2026-09-23
TH-gsi-kurobushi,trailhead,黒伏山登山口（黒伏高原スノーパーク前）,38.440626,140.542749,WGS84,159,黒伏山,東北百名山,,登山記録で広く使われている登山口,,,,provisional,150,,"国土地理院ベクトルタイル提供実験 地理院地図の徒歩道が車道から始まる位置（38.440626, 140.542749）、標高710.6m。地理院地図の注記「黒伏高原スノーパーク」の北約0.7km。地理院地図の徒歩道で山頂まで約4.4km 2026-09-25確認 ｜ 登山記録で広く使われている登山口（登山記録・登山情報サイトで名称と利用を確認。公式情報では未確認） 2026-09-25確認",
TH-gsi-kuromorisawa,trailhead,黒森沢登山口（七ヶ岳 護摩滝登山口）,37.150671,139.659185,WGS84,204,七ヶ岳,日本三百名山|東北百名山,,登山記録で広く使われている登山口,,,,provisional,300,,"国土地理院ベクトルタイル提供実験 地理院地図の徒歩道が車道から始まる位置（37.150671, 139.659185）、標高1,025.1m。地理院地図の注記「赤芝沢」から478m。地理院地図の徒歩道で山頂まで約3.3km 2026-09-26確認 ｜ 登山記録で広く使われている登山口（登山記録・登山情報サイトで名称と利用を確認。公式情報では未確認） 2026-09-26確認",
TH-gsi-maemoriyama-rindo,trailhead,前森山林道終点登山口（甑山）,39.018859,140.323166,WGS84,142,甑山,東北百名山,,公式情報による登山口,,,parking=登山口直近に未舗装の駐車スペース5台程度。登山口から280mほどの広場に汲取トイレ（やまがた山）; course=男甑山周回コース一周4時間30分、女甑山トレッキングコース片道30分（やまがた山）,adopted,300,未舗装路があり、普通車の走行は要注意（やまがた山）、登山口の正確な位置は公式情報では未確認,"国土地理院ベクトルタイル提供実験 地理院地図の車道の終点で徒歩道が始まる位置（39.018859, 140.323166）、標高663.2m。地理院地図の注記「甑峠」から689m。地理院地図の徒歩道で山頂まで約2.7km 2026-09-25確認 ｜ 公式情報: https://yamagatayama.com/hyakumeizan/no-035/",2026-09-25
TH-gsi-maya-kurasawa,trailhead,倉沢口（摩耶山）,38.522577,139.751329,WGS84,156,摩耶山,日本三百名山|東北百名山,,登山記録で広く使われている登山口,,,,provisional,400,,"国土地理院ベクトルタイル提供実験 地理院地図の徒歩道が車道から始まる位置（38.522577, 139.751329）、標高257.8m。地理院地図の徒歩道で山頂まで約2.3km 2026-09-26確認 ｜ 登山記録で広く使われている登山口（登山記録・登山情報サイトで名称と利用を確認。公式情報では未確認） 2026-09-26確認",
TH-gsi-maya-sekigawa,trailhead,関川口（摩耶山）,38.523719,139.697637,WGS84,156,摩耶山,日本三百名山|東北百名山,,登山記録で広く使われている登山口,,,,provisional,300,,"国土地理院ベクトルタイル提供実験 地理院地図の車道の終点で徒歩道が始まる位置（38.523719, 139.697637）、標高510.1m。地理院地図の徒歩道で山頂まで約3.0km 2026-09-26確認 ｜ 登山記録で広く使われている登山口（登山記録・登山情報サイトで名称と利用を確認。公式情報では未確認） 2026-09-26確認",
TH-gsi-muroya,trailhead,林道室谷線終点（御神楽岳 室谷コース）,37.545844,139.392841,WGS84,187,御神楽岳,日本二百名山|日本三百名山|東北百名山|甲信越百名山,室谷コース,公式情報による登山口,,,"course=御神楽岳（室谷コース）は往復で体力度3・技術的難易度B、コースタイム6.8時間、距離10.1km、登り下りとも累積1,780m、起点の標高310m、御神楽岳1,387m（新潟県 山のグレーディング）",adopted,50,御神楽岳には蝉ヶ平コース（起点の標高187m）もある（新潟県 山のグレーディング）、新潟県のグレーディングの問い合わせ先は阿賀町（上川）（新潟県）,"国土地理院ベクトルタイル提供実験 地理院地図の徒歩道が林道から始まる位置（37.545844, 139.392841）。国土地理院 標高API 311mで、新潟県 山のグレーディングの起点標高310mと一致 2026-09-23確認 ｜ 公式情報: https://www.pref.niigata.lg.jp/site/opendata/1356812341916.html ｜ 公式情報: https://www.pref.niigata.lg.jp/uploaded/attachment/505142.pdf",2026-09-23
TH-gsi-namariyama,trailhead,鉛山峠登山口（白地山）,40.422266,140.8305,WGS84,110,白地山,東北百名山,,登山記録で広く使われている登山口,,,,provisional,300,,"国土地理院ベクトルタイル提供実験 地理院地図の徒歩道が車道から始まる位置（40.422266, 140.830500）、標高827.3m。地理院地図の注記「鉛山峠」から384m、「樹海ライン」から321m。地理院地図の徒歩道で山頂まで約6.8km 2026-09-25確認 ｜ 登山記録で広く使われている登山口（登山記録・登山情報サイトで名称と利用を確認。公式情報では未確認） 2026-09-25確認",
TH-gsi-nishinomata,trailhead,西ノ又コース登山口（西ノ又林道）,38.94756,140.49228,WGS84,146,神室山,日本二百名山|日本三百名山|東北百名山,西ノ又コース、パノラマコース,公式情報による登山口,,,forestRoad=国道108号の秋ノ宮地区にある旧中山小学校前から役内集落へ。大役内林道から西ノ又林道を経て、林道終点が登山口。JR横堀駅から登山口まで車で約30分（秋田県）,adopted,30,西ノ又コースは吊橋や渡渉があり、吊橋は一人ずつ渡る。二ノ渡先の急斜面の巻き道は足元に注意（秋田県 山岳グレーディング）、ルート全長13.0km、標高差949.0m、コースタイム7時間45分、グレード4C（秋田県 山岳グレーディング）,"国土地理院ベクトルタイル提供実験 地理院地図の徒歩道が林道から始まる位置（38.94756, 140.49228）。標高416m（地理院の標高API）で、秋田県の登山口の標高416mと一致 2026-09-22確認 ｜ 公式情報: https://www.pref.akita.lg.jp/uploads/public/archive_0000039872_00/%E7%A7%8B%E7%94%B0%E7%9C%8C%E3%81%AE%E5%B1%B1%E5%B2%B3%E3%82%B0%E3%83%AC%E3%83%BC%E3%83%87%E3%82%A3%E3%83%B3%E3%82%B0HB%EF%BC%8821%E3%83%9A%E3%83%BC%E3%82%B8%EF%BD%9E31%E3%83%9A%E3%83%BC%E3%82%B8%EF%BC%89.pdf",2026-09-22
TH-gsi-nishinomata-komata,trailhead,西ノ又沢コース登山口（西ノ又林道終点・小又山）,38.835036,140.492209,WGS84,148,小又山,東北百名山,,公式情報による登山口,,,parking=登山口の手前に駐車スペース3台程度。トイレはなく、事前に白川渓谷公園のトイレを利用する（やまがた山）; course=西ノ又沢コース片道3時間30分、大又コース片道4時間（やまがた山）,adopted,250,融雪期や豪雨時、激しい降雨後は西ノ又沢の渡渉が困難になる。山頂手前に急な草付きがある。未舗装の悪路で四輪駆動車でも要注意（やまがた山）、登山口の正確な位置は公式情報では未確認,"国土地理院ベクトルタイル提供実験 地理院地図の車道の終点で徒歩道が始まる位置（38.835036, 140.492209）、標高395m。地理院地図の注記「西ノ又沢」から97m。地理院地図の徒歩道で山頂まで約4.9km 2026-09-25確認 ｜ 公式情報: https://yamagatayama.com/hyakumeizan/no-029/",2026-09-25
TH-gsi-ono-kannon,trailhead,小野観音（小野岳 小野登山口側の起点）,37.310926,139.892623,WGS84,196,小野岳,東北百名山,,公式情報による登山口,,PK-w1116231194(15m) PK-w1117065071(295m) BS-kP11-22-07-bs3395(293m) BS-kP11-22-07-bs3407(432m) BS-kP11-22-07-bs3407(432m),course=小野観音から小野登山口まで15分、小野登山口から山頂まで（下り1時間20分の区間）。小野観音から会津鉄道湯野上温泉駅まで15分（福島県観光物産交流協会）,adopted,400,,"国土地理院ベクトルタイル提供実験 地理院地図の車道の終点で徒歩道が始まる位置（37.310926, 139.892623）、標高519.1m。地理院地図の注記「小野観世音」から70m。地理院地図の徒歩道で山頂まで約3.0km 2026-09-25確認 ｜ 公式情報: https://www.tif.ne.jp/yamafuku/mt30/09.html",2026-09-25
TH-gsi-ryugamori-higashinomata,trailhead,竜ヶ森 東ノ又コース登山口,40.091497,140.589772,WGS84,115,竜ヶ森,東北百名山,東ノ又コース,公式情報による登山口,,,course=北秋田市側の東ノ又コースは所要時間約90分（東北森林管理局・北秋田市）; access=東北自動車道 二ツ井白神ICから竜ヶ森への入口「明利又」まで車で約50分（東北森林管理局）,adopted,400,大館市側の比内コース・最上コースは林道の崩落により車両が通行できない。最上コースは当分の間閉鎖（大館市）、登山口の正確な位置は公式情報では未確認。地理院地図で山頂の西側から始まる2本の徒歩道のうち、長い方をこのコースとした,"国土地理院ベクトルタイル提供実験 地理院地図の車道の終点で徒歩道が始まる位置（40.091497, 140.589772）、標高618m。地理院地図の注記「浦ノ又沢」から179m。地理院地図の徒歩道で山頂まで約2.0km。竜ケ森キャンプ場から地理院地図の車道で約4.5km 2026-09-26確認 ｜ 公式情報: https://www.rinya.maff.go.jp/tohoku/introduction/gaiyou_kyoku/annai/midokoro/midokoro_ryugamori.html ｜ 公式情報: https://www.city.kitaakita.akita.jp/archive/contents-6009 ｜ 公式情報: https://www.city.odate.lg.jp/city/soshiki/hinaishinkou/p974",2026-09-26
TH-gsi-ryugamori-kanzawa,trailhead,竜ヶ森 寒沢コース登山口,40.104919,140.587084,WGS84,115,竜ヶ森,東北百名山,寒沢コース,公式情報による登山口,,,course=北秋田市側の寒沢コースは所要時間約45分（東北森林管理局）,adopted,400,大館市側の比内コース・最上コースは林道の崩落により車両が通行できない。最上コースは当分の間閉鎖（大館市）、登山口の正確な位置は公式情報では未確認。地理院地図の注記「大寒沢」に近い徒歩道の起点をこのコースとした,"国土地理院ベクトルタイル提供実験 地理院地図の徒歩道が車道から始まる位置（40.104919, 140.587084）、標高701m。地理院地図の注記「大寒沢」から401m。地理院地図の徒歩道で山頂まで約1.2km。竜ケ森キャンプ場から地理院地図の車道で約6.8km 2026-09-26確認 ｜ 公式情報: https://www.rinya.maff.go.jp/tohoku/introduction/gaiyou_kyoku/annai/midokoro/midokoro_ryugamori.html ｜ 公式情報: https://www.city.odate.lg.jp/city/soshiki/hinaishinkou/p974",2026-09-26
TH-gsi-sarukura,trailhead,南八甲田登山道入口（猿倉温泉）,40.626484,140.907966,WGS84,106,南八甲田,東北百名山,,登山記録で広く使われている登山口,,BS-kP11-22-02-bs2553(516m),,provisional,100,,"国土地理院ベクトルタイル提供実験 地理院地図の徒歩道が車道から始まる位置（40.626484, 140.907966）、標高850.9m。地理院地図の注記「猿倉温泉」から102m。地理院地図の徒歩道で山頂まで約8.3km 2026-09-25確認 ｜ 登山記録で広く使われている登山口（登山記録・登山情報サイトで名称と利用を確認。公式情報では未確認） 2026-09-25確認",
TH-gsi-shimobetto,trailhead,下別当登山口（青麻山）,38.081613,140.623675,WGS84,173,青麻山,東北百名山,,登山記録で広く使われている登山口,,,,provisional,100,,"国土地理院ベクトルタイル提供実験 地理院地図の徒歩道が車道から始まる位置（38.081613, 140.623675）、標高310.4m。地理院地図の徒歩道で山頂まで約1.8km 2026-09-25確認 ｜ 登山記録で広く使われている登山口（登山記録・登山情報サイトで名称と利用を確認。公式情報では未確認） 2026-09-25確認",
TH-gsi-shingyoji,trailhead,信楽寺跡（七ツ森自然遊歩道の起点）,38.419014,140.848499,WGS84,160,七ッ森,東北百名山,,公式情報による登山口,,BS-n13824576161(993m),course=宮床の信楽寺跡から七ツ森の山々の間をぬい、南川ダム七ツ森湖までの約6kmのコース（大和町）,adopted,300,町で管理している遊歩道以外のルートがあるので注意（大和町）、登山口の正確な位置は公式情報では未確認,"国土地理院ベクトルタイル提供実験 地理院地図の徒歩道が車道から始まる位置（38.419014, 140.848499）、標高60.9m。地理院地図の注記「信楽寺門前」から280m 2026-09-25確認 ｜ 公式情報: https://www.town.taiwa.miyagi.jp/soshiki/shokokanko/shokokanko/410.html",2026-09-25
TH-gsi-takehara,trailhead,嶽原登山口（白鷹山）,38.232104,140.177109,WGS84,167,白鷹山,東北百名山,,公式情報による登山口,,,parking=嶽原登山口駐車場8台、無料。トイレは山頂・嶽原口・牧場口の3か所（林野庁）,adopted,200,登山口の正確な位置は公式情報では未確認,"国土地理院ベクトルタイル提供実験 地理院地図の徒歩道が車道から始まる位置（38.232104, 140.177109）、標高665.9m。地理院地図の注記「嶽原」から296m。地理院地図の徒歩道で山頂まで約1.5km 2026-09-25確認 ｜ 公式情報: https://www.rinya.maff.go.jp/j/kokuyu_rinya/kokumin_mori/katuyo/reku/rekumori/shirataka.html",2026-09-25
TH-gsi-yamaya-mokuzo,trailhead,山屋口（杢蔵山登山口）,38.78352,140.370485,WGS84,151,杢蔵山,東北百名山,,公式情報による登山口,,,parking=新庄市山屋口に5台（新庄市）; access=JR新庄駅から車で15分（新庄市）; course=所要時間2時間20分、初級者向け（新庄市）,adopted,150,山頂東側は切り立った断崖とやせ尾根（新庄市）,"国土地理院ベクトルタイル提供実験 地理院地図の徒歩道が車道から始まる位置（38.783520, 140.370485）、標高346.2m（新庄市の案内する登山口の標高345mと一致）。地理院地図の注記「一ノ滝」から613m。地理院地図の徒歩道で山頂まで約3.4km 2026-09-25確認 ｜ 公式情報: https://www.city.shinjo.yamagata.jp/k001/020/050/150/20150313112444.html",2026-09-25
TH-gsi-yomogitashinden,trailhead,蓬田新田口（ジュピアランドひらた・蓬田岳登山口）,37.261638,140.54478,WGS84,198,蓬田岳,東北百名山,,公式情報による登山口,,PK-w42705607(263m),parking=ジュピアランドひらたの駐車場。GW前後の芝桜祭期間中は有料（福島県観光物産交流協会）; access=あぶくま高原道路平田ICから約5分。JR郡山駅から福島交通バス（063系統）で下新田バス停51分（福島県観光物産交流協会）; course=歩行時間2時間15分（福島県観光物産交流協会）,adopted,200,登山口の正確な位置は公式情報では未確認,"国土地理院ベクトルタイル提供実験 地理院地図の徒歩道が車道から始まる位置（37.261638, 140.544780）、標高617.9m。地理院地図の注記「大字蓬田新田」から129m。地理院地図の徒歩道で山頂まで約1.1km 2026-09-25確認 ｜ 公式情報: https://tif.ne.jp/yamafuku/mt30/06.html",2026-09-25
TH-kP11-22-03-bs1529,trailhead,県民の森登山口（立入規制中）,39.8950621,140.9645986,WGS84,122,岩手山,日本百名山|日本二百名山|日本三百名山|東北百名山,,駐車場・バス停（林道・車道を経由して登山道へ）,岩手山:9.88km,BS-kP11-22-03-bs1529(0m) BS-kP11-22-03-bs1528(367m) BS-kP11-22-03-bs1510(681m),restriction=立入規制（岩手山西側）,adopted,15,林道からの入口（マイカー進入可否を要確認）、岩手山の噴火警戒レベルは2026年8月27日にレベル2からレベル1へ引き下げられた（仙台管区気象台）、火山活動が比較的活発な西側は、安全確認等のため引き続き立入規制。対象は犬倉山分岐（雫石町）・県民の森登山口（八幡平市）・松川キャンプ場登山口（八幡平市）（東北森林管理局）、県民の森登山口は立入規制の対象（東北森林管理局）,"国土数値情報（バス停留所データ）令和4年度（国土交通省）P11-22-03-bs1529（JGD2011）を加工して作成 ｜ OpenStreetMap（© OpenStreetMap contributors, ODbL 1.0）Geofabrik japan-latest.osm.pbf 2026-09-23T20:22:04Z node/1233747555（登山道と道路の接続点） ｜ 国土地理院 地名検索「県民の森」（39.893983, 140.964648、JGD2011、119m差）2026-09-20確認 ｜ 公式情報: https://www.rinya.maff.go.jp/tohoku/syo/morioka/iwatesan/iwatesan_nyuuzannkisei.html ｜ 公式情報: https://www.data.jma.go.jp/vois/data/report/activity_info/207.html",2026-09-20
TH-kP11-22-03-bs1574,trailhead,松川温泉（三ツ石山登山口）,39.8728248,140.9245326,WGS84,121,三ツ石山,東北百名山,,駐車場・バス停（林道・車道を経由して登山道へ）,三ツ石山:9.25km,BS-kP11-22-03-bs1574(0m) BS-kP11-22-03-bs1572(249m) BS-kP11-22-03-bs1564(638m),,provisional,15,林道からの入口（マイカー進入可否を要確認）、公式情報または2情報源での確認が必要,"国土数値情報（バス停留所データ）令和4年度（国土交通省）P11-22-03-bs1574（JGD2011）を加工して作成 ｜ OpenStreetMap（© OpenStreetMap contributors, ODbL 1.0）Geofabrik japan-latest.osm.pbf 2026-09-23T20:22:04Z node/4447621969（登山道と道路の接続点） ｜ 国土地理院 地名検索「松川温泉」（39.872155, 140.922173、JGD2011、215m差）2026-09-20確認 ｜ 登山記録で広く使われている登山口（登山記録・登山情報サイトで名称と利用を確認。公式情報では未確認） 2026-09-25確認",2026-09-20
TH-kP11-22-03-bs4827,trailhead,桧山,39.1957339,141.6712826,WGS84,136,五葉山,日本三百名山|東北百名山,,駐車場・バス停（林道・車道を経由して登山道へ）,五葉山:8.09km,BS-kP11-22-03-bs4827(0m),,provisional,15,公式情報または2情報源での確認が必要,"国土数値情報（バス停留所データ）令和4年度（国土交通省）P11-22-03-bs4827（JGD2011）を加工して作成 ｜ OpenStreetMap（© OpenStreetMap contributors, ODbL 1.0）Geofabrik japan-latest.osm.pbf 2026-09-23T20:22:04Z node/1230061559（登山道と道路の接続点） ｜ 国土地理院 地名検索「桧山」（39.195858, 141.669264、JGD2011、175m差）2026-09-20確認",2026-09-20
TH-kP11-22-03-bs5378,trailhead,菊田外科前,39.0617094,141.7148398,WGS84,140,氷上山,東北百名山,,駐車場・バス停（林道・車道を経由して登山道へ）,氷上山:5.86km,PK-w775261381(332m) PK-w775436780(338m) PK-w775436786(342m) BS-kP11-22-03-bs5378(0m) BS-kP11-22-03-bs5377(309m) BS-kP11-22-03-bs5367(396m),,provisional,15,近くの道路にゲートあり（車両通行止め・季節閉鎖の可能性）、林道からの入口（マイカー進入可否を要確認）、公式情報または2情報源での確認が必要,"国土数値情報（バス停留所データ）令和4年度（国土交通省）P11-22-03-bs5378（JGD2011）を加工して作成 ｜ OpenStreetMap（© OpenStreetMap contributors, ODbL 1.0）Geofabrik japan-latest.osm.pbf 2026-09-23T20:22:04Z node/1266468538（登山道と道路の接続点）",
TH-kP11-22-05-bs1180,trailhead,大渡,40.1446379,140.6418706,WGS84,115,竜ヶ森,東北百名山,,駐車場・バス停（林道・車道を経由して登山道へ）,竜ヶ森:6.7km,BS-kP11-22-05-bs1180(0m) BS-kP11-22-05-bs1193(875m),,provisional,15,林道からの入口（マイカー進入可否を要確認）、公式情報または2情報源での確認が必要,"国土数値情報（バス停留所データ）令和4年度（国土交通省）P11-22-05-bs1180（JGD2011）を加工して作成 ｜ OpenStreetMap（© OpenStreetMap contributors, ODbL 1.0）Geofabrik japan-latest.osm.pbf 2026-09-23T20:22:04Z node/1262960279（登山道と道路の接続点） ｜ 国土地理院 地名検索「大渡」（40.143531, 140.643322、JGD2011、174m差）2026-09-20確認",2026-09-20
TH-kP11-22-05-bs2168,trailhead,下野,39.7355227,140.2563389,WGS84,126,太平山,日本三百名山|東北百名山,,駐車場・バス停（林道・車道を経由して登山道へ）,太平山:10.53km,BS-kP11-22-05-bs2168(0m) BS-kP11-22-05-bs2187(304m) BS-kP11-22-05-bs2174(507m),restriction=旭又登山道・仁別林道は2023年7月の豪雨被害で通行止め,provisional,15,林道からの入口（マイカー進入可否を要確認）、公式情報または2情報源での確認が必要、旭又登山口から御滝神社までの橋3か所が流出し、法面崩壊もあり通行できない（秋田市）、旭又登山口へ至る仁別林道は旭川ダム公園すぐの起点から全面通行止め（秋田市）、最も登山者が多いのは旭又コースで、山頂まで約3時間（秋田市）、旭又登山口に至る林道は、旭川ダム公園そばの林道起点から全面通行止め（秋田市、2026年9月15日更新）、旭又登山口の公衆トイレは取水口の埋没などで使用できず閉鎖（秋田市）,"国土数値情報（バス停留所データ）令和4年度（国土交通省）P11-22-05-bs2168（JGD2011）を加工して作成 ｜ OpenStreetMap（© OpenStreetMap contributors, ODbL 1.0）Geofabrik japan-latest.osm.pbf 2026-09-23T20:22:04Z node/1386381733（登山道と道路の接続点） ｜ 公式情報: https://www.city.akita.lg.jp/kurashi/doro-koen/1003685/1007160/1039413.html ｜ 公式情報: https://www.city.akita.lg.jp/kurashi/doro-koen/1003685/1007160/1007276.html",2026-09-20
TH-kP11-22-06-bs2291,trailhead,関沢,38.2259335,140.4471147,WGS84,168,雁戸山,東北百名山,,駐車場・バス停（林道・車道を経由して登山道へ）,雁戸山:4.35km,BS-kP11-22-06-bs2291(0m) BS-kP11-22-06-bs2294(391m),,provisional,15,林道からの入口（マイカー進入可否を要確認）、公式情報または2情報源での確認が必要,"国土数値情報（バス停留所データ）令和4年度（国土交通省）P11-22-06-bs2291（JGD2011）を加工して作成 ｜ OpenStreetMap（© OpenStreetMap contributors, ODbL 1.0）Geofabrik japan-latest.osm.pbf 2026-09-23T20:22:04Z node/2360065288（登山道と道路の接続点） ｜ 国土地理院 地名検索「関沢ＩＣ」（38.224466, 140.448329、JGD2011、194m差）2026-09-20確認",2026-09-20
TH-kP11-22-06-bs2294,trailhead,関沢口,38.2255635,140.4426723,WGS84,168,雁戸山,東北百名山,,駐車場・バス停（林道・車道を経由して登山道へ）,雁戸山:5.11km,BS-kP11-22-06-bs2294(0m) BS-kP11-22-06-bs2291(391m) BS-kP11-22-06-bs2296(660m),,provisional,15,林道からの入口（マイカー進入可否を要確認）、公式情報または2情報源での確認が必要,"国土数値情報（バス停留所データ）令和4年度（国土交通省）P11-22-06-bs2294（JGD2011）を加工して作成 ｜ OpenStreetMap（© OpenStreetMap contributors, ODbL 1.0）Geofabrik japan-latest.osm.pbf 2026-09-23T20:22:04Z node/2360064411（登山道と道路の接続点）",
TH-kP11-22-07-bs3816,trailhead,二岐,37.2431392,139.9880626,WGS84,202,三本槍岳,関東百名山,,駐車場・バス停（林道・車道を経由して登山道へ）,三本槍岳:13.24km,BS-kP11-22-07-bs3816(0m),,provisional,15,林道からの入口（マイカー進入可否を要確認）、公式情報または2情報源での確認が必要,"国土数値情報（バス停留所データ）令和4年度（国土交通省）P11-22-07-bs3816（JGD2011）を加工して作成 ｜ OpenStreetMap（© OpenStreetMap contributors, ODbL 1.0）Geofabrik japan-latest.osm.pbf 2026-09-23T20:22:04Z node/1231910121（登山道と道路の接続点） ｜ 国土地理院 地名検索「二岐温泉」（37.241392, 139.988631、JGD2011、200m差）2026-09-20確認",2026-09-20
TH-kP11-22-07-bs4057,trailhead,音金上坪,37.1893573,139.8853114,WGS84,202 203,三本槍岳、那須岳,関東百名山|日本百名山|日本二百名山|日本三百名山|東北百名山,,駐車場・バス停（林道・車道を経由して登山道へ）,三本槍岳:11.74km 那須岳:15.32km,BS-kP11-22-07-bs4057(0m) BS-kP11-22-07-bs4062(593m) BS-kP11-22-07-bs4036(727m),,provisional,15,林道からの入口（マイカー進入可否を要確認）、公式情報または2情報源での確認が必要,"国土数値情報（バス停留所データ）令和4年度（国土交通省）P11-22-07-bs4057（JGD2011）を加工して作成 ｜ OpenStreetMap（© OpenStreetMap contributors, ODbL 1.0）Geofabrik japan-latest.osm.pbf 2026-09-23T20:22:04Z node/2359670620（登山道と道路の接続点）",
TH-kP11-22-09-bs2,trailhead,那須ロープウェイ,37.1258108,139.9793179,WGS84,202 203,三本槍岳、那須岳,関東百名山|日本百名山|日本二百名山|日本三百名山|東北百名山,,駐車場・バス停（林道・車道を経由して登山道へ）,三本槍岳:5.14km 那須岳:2.6km,PK-w624227143(20m) PK-w624227144(20m) PK-w452370580(60m) BS-kP11-22-09-bs2(0m) BS-kP11-22-09-bs3(658m) BS-kP11-22-09-bs3(658m),OSM登山ルート: Nasu Loop Circuit,provisional,15,林道からの入口（マイカー進入可否を要確認）、公式情報または2情報源での確認が必要,"国土数値情報（バス停留所データ）令和4年度（国土交通省）P11-22-09-bs2（JGD2011）を加工して作成 ｜ OpenStreetMap（© OpenStreetMap contributors, ODbL 1.0）Geofabrik japan-latest.osm.pbf 2026-09-23T20:22:04Z node/2086617518（登山道と道路の接続点）",
TH-n10065751315,trailhead,はやま第5ペアリフト,37.5814755,140.0859122,WGS84,185,磐梯山,日本百名山|日本二百名山|日本三百名山|東北百名山,,索道駅（ロープウェイ・ゴンドラ）,磐梯山:4.47km,,,provisional,15,公式情報または2情報源での確認が必要,"OpenStreetMap（© OpenStreetMap contributors, ODbL 1.0）Geofabrik japan-latest.osm.pbf 2026-09-23T20:22:04Z node/10065751315",
TH-n10074098044,trailhead,峩々温泉,38.1440972,140.5007254,WGS84,168 170,雁戸山、蔵王山,東北百名山|日本百名山|日本二百名山|日本三百名山,,施設（山小屋・宿・キャンプ場）からの入口,雁戸山:9.47km 蔵王山:7.01km,BS-kP11-22-04-bs5080(948m),,provisional,15,近くの道路にゲートあり（車両通行止め・季節閉鎖の可能性）、公式情報または2情報源での確認が必要,"OpenStreetMap（© OpenStreetMap contributors, ODbL 1.0）Geofabrik japan-latest.osm.pbf 2026-09-23T20:22:04Z node/10074098044 ｜ 国土地理院 地名検索「峩々温泉」（38.144142, 140.500497、JGD2011、21m差）2026-09-20確認",2026-09-20
TH-n11119841164,trailhead,学校キャンプ場,38.3915813,140.7179712,WGS84,158 161,船形山、泉ヶ岳,日本二百名山|日本三百名山|東北百名山,OSM登山道「滑降コース」,施設（山小屋・宿・キャンプ場）からの入口,船形山:13.51km 泉ヶ岳:2.67km,PK-n4769554135(275m) PK-w1198776949(290m) BS-kP11-22-04-bs2385(244m) BS-kP11-22-04-bs2385(244m),,provisional,15,"公式情報または2情報源での確認が必要、泉ヶ岳（1,175m）の登山コースは泉ヶ岳自然ふれあい館を起点とするものがあり、水神コースは片道約2時間で難易度が低い（国土交通省 多言語解説データベース）、この地点がどの登山口かは未確認","OpenStreetMap（© OpenStreetMap contributors, ODbL 1.0）Geofabrik japan-latest.osm.pbf 2026-09-23T20:22:04Z node/11119841164 ｜ 公式情報: https://www.mlit.go.jp/tagengo-db/R3-00016.html",2026-09-20
TH-n11276148207,trailhead,（名称未確認）,40.6530684,140.2985234,WGS84,105,岩木山,日本百名山|日本二百名山|日本三百名山|東北百名山,,索道駅（ロープウェイ・ゴンドラ）,岩木山:0.5km,BS-n12987209550(484m) BS-n12987209549(488m),,provisional,15,名称未確認、公式情報または2情報源での確認が必要,"OpenStreetMap（© OpenStreetMap contributors, ODbL 1.0）Geofabrik japan-latest.osm.pbf 2026-09-23T20:22:04Z node/11276148207",
TH-n12060324872,trailhead,竜ケ森キャンプ場,40.1017057,140.5537913,WGS84,115,竜ヶ森,東北百名山,,施設（山小屋・宿・キャンプ場）からの入口,竜ヶ森:4.67km,,,provisional,15,公式情報または2情報源での確認が必要,"OpenStreetMap（© OpenStreetMap contributors, ODbL 1.0）Geofabrik japan-latest.osm.pbf 2026-09-23T20:22:04Z node/12060324872",
TH-n1227479506,trailhead,霊山登山口（霊山こどもの村の奥）,37.762127,140.69097,WGS84,181,霊山,東北百名山,,道路の終点付近,霊山:1.2km,PK-w62208505(142m),parking=登山口駐車場100台、トイレあり（福島県観光物産交流協会）; access=東北自動車道福島西ICから約50分。阿武隈急行保原駅からタクシー約30分（福島県観光物産交流協会）; course=歩行時間2時間（福島県観光物産交流協会）,adopted,15,岩場が多く、道を外さない確実な歩行が求められる（福島県観光物産交流協会）、登山口の正確な位置は公式情報では未確認,"OpenStreetMap（© OpenStreetMap contributors, ODbL 1.0）Geofabrik japan-latest.osm.pbf 2026-09-23T20:22:04Z node/1227479506（登山道と道路の接続点） ｜ 公式情報: https://www.tif.ne.jp/yamafuku/mt30/24.html",2026-09-25
TH-n1227518965,trailhead,（名称未確認）,37.776672,140.677895,WGS84,181,霊山,東北百名山,,道路の終点付近,霊山:1.59km,,,candidate,30,名称未確認、林道からの入口（マイカー進入可否を要確認）、公式情報または2情報源での確認が必要,"OpenStreetMap（© OpenStreetMap contributors, ODbL 1.0）Geofabrik japan-latest.osm.pbf 2026-09-23T20:22:04Z node/1227518965（登山道と道路の接続点）",
TH-n1227615444,trailhead,岩岳第1登山口,37.862708,140.779414,WGS84,177,岩岳,東北百名山,,一般道との接続,岩岳:1.5km,BS-kP11-22-04-bs5670(850m) BS-kP11-22-04-bs5670(850m),,provisional,30,公式情報または2情報源での確認が必要,"OpenStreetMap（© OpenStreetMap contributors, ODbL 1.0）Geofabrik japan-latest.osm.pbf 2026-09-23T20:22:04Z node/1227615444（登山道と道路の接続点） ｜ 登山記録で広く使われている登山口（登山記録・登山情報サイトで名称と利用を確認。公式情報では未確認） 2026-09-26確認",
TH-n1227738099,trailhead,（名称未確認）,37.855492,140.773909,WGS84,177,岩岳,東北百名山,,一般道との接続,岩岳:0.81km,,,candidate,30,名称未確認、公式情報または2情報源での確認が必要,"OpenStreetMap（© OpenStreetMap contributors, ODbL 1.0）Geofabrik japan-latest.osm.pbf 2026-09-23T20:22:04Z node/1227738099（登山道と道路の接続点）",
TH-n1227755363,trailhead,（名称未確認）不動尊前バス停付近,37.873309,140.776109,WGS84,177,岩岳,東北百名山,,一般道との接続,岩岳:2.27km,BS-kP11-22-04-bs5668(549m) BS-kP11-22-04-bs5670(599m) BS-kP11-22-04-bs5670(599m),,provisional,30,名称未確認、公式情報または2情報源での確認が必要,"OpenStreetMap（© OpenStreetMap contributors, ODbL 1.0）Geofabrik japan-latest.osm.pbf 2026-09-23T20:22:04Z node/1227755363（登山道と道路の接続点）",
TH-n1229289150,trailhead,（名称未確認）,40.049095,141.548026,WGS84,117,安家森,東北百名山,,道路の終点付近,安家森:2.53km,,,candidate,30,名称未確認、林道からの入口（マイカー進入可否を要確認）、公式情報または2情報源での確認が必要,"OpenStreetMap（© OpenStreetMap contributors, ODbL 1.0）Geofabrik japan-latest.osm.pbf 2026-09-23T20:22:04Z node/1229289150（登山道と道路の接続点）",
TH-n1229290623,trailhead,（名称未確認）,41.039836,141.333949,WGS84,102,吹越烏帽子,東北百名山,,道路の終点付近,吹越烏帽子:1.45km,,,candidate,30,名称未確認、林道からの入口（マイカー進入可否を要確認）、公式情報または2情報源での確認が必要,"OpenStreetMap（© OpenStreetMap contributors, ODbL 1.0）Geofabrik japan-latest.osm.pbf 2026-09-23T20:22:04Z node/1229290623（登山道と道路の接続点）",
TH-n1229328660,trailhead,（名称未確認）,41.0332859,141.36623,WGS84,102,吹越烏帽子,東北百名山,,一般道との接続,吹越烏帽子:4.78km,,,candidate,30,名称未確認、公式情報または2情報源での確認が必要,"OpenStreetMap（© OpenStreetMap contributors, ODbL 1.0）Geofabrik japan-latest.osm.pbf 2026-09-23T20:22:04Z node/1229328660（登山道と道路の接続点）",
TH-n1229474324,trailhead,（名称未確認）,37.451589,140.262146,WGS84,189,額取山,東北百名山,,一般道との接続,額取山:3.96km,,,candidate,30,名称未確認、公式情報または2情報源での確認が必要,"OpenStreetMap（© OpenStreetMap contributors, ODbL 1.0）Geofabrik japan-latest.osm.pbf 2026-09-23T20:22:04Z node/1229474324（登山道と道路の接続点）",
TH-n1229479815,trailhead,（名称未確認）,37.463904,140.25107,WGS84,189,額取山,東北百名山,,一般道との接続,額取山:3.59km,,,candidate,30,名称未確認、公式情報または2情報源での確認が必要,"OpenStreetMap（© OpenStreetMap contributors, ODbL 1.0）Geofabrik japan-latest.osm.pbf 2026-09-23T20:22:04Z node/1229479815（登山道と道路の接続点）",
TH-n1229480426,trailhead,（名称未確認）,37.4551726,140.238689,WGS84,189,額取山,東北百名山,,林道との接続,額取山:2.02km,,,candidate,30,名称未確認、林道からの入口（マイカー進入可否を要確認）、公式情報または2情報源での確認が必要,"OpenStreetMap（© OpenStreetMap contributors, ODbL 1.0）Geofabrik japan-latest.osm.pbf 2026-09-23T20:22:04Z node/1229480426（登山道と道路の接続点）",
TH-n1229621122,trailhead,区界高原ウォーキングセンター（兜明神岳登山口）,39.654089,141.360546,WGS84,128,兜明神岳,東北百名山,,一般道との接続,兜明神岳:1.07km,BS-kP11-22-03-bs2768(704m),access=JR山田線区界駅下車、または岩手県北バス106急行「区界」バス停下車、徒歩10分でウォーキングセンター（宮古市）,adopted,15,登山口の正確な位置は公式情報では未確認,"OpenStreetMap（© OpenStreetMap contributors, ODbL 1.0）Geofabrik japan-latest.osm.pbf 2026-09-23T20:22:04Z node/1229621122（登山道と道路の接続点） ｜ 公式情報: https://www.city.miyako.iwate.jp/gyosei/soshiki/kanko/4/8/2/4/1562.html",2026-09-25
TH-n1229711267,trailhead,（名称未確認）区界住宅前バス停付近,39.645023,141.369259,WGS84,128,兜明神岳,東北百名山,,一般道（県道以上）との接続,兜明神岳:1.24km,PK-w428691162(29m) BS-kP11-22-03-bs2808(214m) BS-n4277740274(252m),,provisional,30,名称未確認、公式情報または2情報源での確認が必要,"OpenStreetMap（© OpenStreetMap contributors, ODbL 1.0）Geofabrik japan-latest.osm.pbf 2026-09-23T20:22:04Z node/1229711267（登山道と道路の接続点）",
TH-n1229749210,trailhead,（名称未確認）,39.5403833,141.5004436,WGS84,131,薬師岳,東北百名山,,一般道（県道以上）との接続,薬師岳:1.43km,BS-n5773022422(414m) BS-n5773022421(415m) BS-n5773022423(415m),,provisional,30,名称未確認、登山道が道路を横断する地点（途中の入口の可能性）、公式情報または2情報源での確認が必要,"OpenStreetMap（© OpenStreetMap contributors, ODbL 1.0）Geofabrik japan-latest.osm.pbf 2026-09-23T20:22:04Z node/1229749210（登山道と道路の接続点）",
TH-n1231900113,trailhead,（名称未確認）,37.2570778,139.9763563,WGS84,199,二岐山,日本三百名山|東北百名山,,道路の終点付近,二岐山:1.84km,,,candidate,30,名称未確認、林道からの入口（マイカー進入可否を要確認）、公式情報または2情報源での確認が必要,"OpenStreetMap（© OpenStreetMap contributors, ODbL 1.0）Geofabrik japan-latest.osm.pbf 2026-09-23T20:22:04Z node/1231900113（登山道と道路の接続点）",
TH-n1231927910,trailhead,御鍋神社（二岐山登山口）,37.2343429,139.9713991,WGS84,199,二岐山,日本三百名山|東北百名山,,道路の終点付近,二岐山:2.47km,,,adopted,15,林道からの入口（マイカー進入可否を要確認）、御鍋神社は二岐山の登山口にあたる、国土地理院の地名との差が310mあり、登山口そのものの位置は目視未確認,"OpenStreetMap（© OpenStreetMap contributors, ODbL 1.0）Geofabrik japan-latest.osm.pbf 2026-09-23T20:22:04Z node/1231927910（登山道と道路の接続点） ｜ 国土地理院 地名検索「御鍋神社」（37.234035, 139.967917、JGD2011、310m差）2026-09-20確認",2026-09-20
TH-n1232227179,trailhead,（名称未確認）バス専用駐車場付近,37.346237,140.67633,WGS84,194,大滝根山,日本三百名山,,一般道との接続,大滝根山:2.91km,PK-w275414282(246m) PK-w508411926(382m) PK-w508411927(382m),,provisional,30,名称未確認、公式情報または2情報源での確認が必要,"OpenStreetMap（© OpenStreetMap contributors, ODbL 1.0）Geofabrik japan-latest.osm.pbf 2026-09-23T20:22:04Z node/1232227179（登山道と道路の接続点）",
TH-n1232334893,trailhead,（名称未確認）,37.356648,140.686433,WGS84,194,大滝根山,日本三百名山,,一般道との接続,大滝根山:1.85km,,,candidate,30,名称未確認、公式情報または2情報源での確認が必要,"OpenStreetMap（© OpenStreetMap contributors, ODbL 1.0）Geofabrik japan-latest.osm.pbf 2026-09-23T20:22:04Z node/1232334893（登山道と道路の接続点）",
TH-n1232563267,trailhead,六角牛山 峠登山口（糠前コース）,39.315406,141.629349,WGS84,135,六角牛山,東北百名山,,一般道との接続,六角牛山:2.02km,,,provisional,30,公式情報または2情報源での確認が必要,"OpenStreetMap（© OpenStreetMap contributors, ODbL 1.0）Geofabrik japan-latest.osm.pbf 2026-09-23T20:22:04Z node/1232563267（登山道と道路の接続点） ｜ 登山記録で広く使われている登山口（登山記録・登山情報サイトで名称と利用を確認。公式情報では未確認） 2026-09-25確認",
TH-n1232577977,trailhead,笹谷峠（山形神室・雁戸山登山口）,38.2284225,140.4699798,WGS84,166 168,神室岳、雁戸山,東北百名山,,一般道（県道以上）との接続,神室岳:4.84km,PK-w61672875(164m),,provisional,30,登山道が道路を横断する地点（途中の入口の可能性）、公式情報または2情報源での確認が必要,"OpenStreetMap（© OpenStreetMap contributors, ODbL 1.0）Geofabrik japan-latest.osm.pbf 2026-09-23T20:22:04Z node/1232577977（登山道と道路の接続点） ｜ 登山記録で広く使われている登山口（登山記録・登山情報サイトで名称と利用を確認。公式情報では未確認） 2026-09-25確認",
TH-n1232629683,trailhead,（名称未確認）,39.307722,141.624407,WGS84,135,六角牛山,東北百名山,,一般道との接続,六角牛山:3.58km,,,candidate,30,名称未確認、登山道が道路を横断する地点（途中の入口の可能性）、公式情報または2情報源での確認が必要,"OpenStreetMap（© OpenStreetMap contributors, ODbL 1.0）Geofabrik japan-latest.osm.pbf 2026-09-23T20:22:04Z node/1232629683（登山道と道路の接続点）",
TH-n1232767082,trailhead,小田越登山口,39.5407983,141.4957304,WGS84,130 131,早池峰山、薬師岳,日本百名山|日本二百名山|日本三百名山|東北百名山,OSM登山道「小田越コース」、小田越コース,一般道（県道以上）との接続,早池峰山:2.37km 薬師岳:1.32km,BS-n5773022421(8m) BS-n5773022422(8m) BS-n5773022423(8m),,adopted,30,登山道が道路を横断する地点（途中の入口の可能性）、採用の根拠: OSMの登山口名と、地理院地図の徒歩道が道路から始まる位置の一致（公式情報では未確認）、登山道や山小屋等の周辺以外には立ち入らないよう求められている（林野庁 遠野支署）,"OpenStreetMap（© OpenStreetMap contributors, ODbL 1.0）Geofabrik japan-latest.osm.pbf 2026-09-23T20:22:04Z node/1232767082（登山道と道路の接続点） ｜ 国土地理院ベクトルタイル提供実験 地理院地図の徒歩道の起点（39.540795, 141.495725、JGD2011、1m差）2026-09-24確認 ｜ 公式情報: https://www.rinya.maff.go.jp/tohoku/syo/tono/osirase/hayatinesan.html",2026-09-20
TH-n1232794112,trailhead,仙台平（大滝根山登山口）,37.353195,140.6755049,WGS84,194,大滝根山,日本三百名山,,一般道（県道以上）との接続,大滝根山:2.84km,PK-w1381931932(454m),,adopted,15,仙台平は大滝根山の登山口にあたる、国土地理院の地名との差が428mあり、登山口そのものの位置は目視未確認,"OpenStreetMap（© OpenStreetMap contributors, ODbL 1.0）Geofabrik japan-latest.osm.pbf 2026-09-23T20:22:04Z node/1232794112（登山道と道路の接続点） ｜ 国土地理院 地名検索「仙台平」（37.353664, 140.670706、JGD2011、428m差）2026-09-20確認",2026-09-20
TH-n1232810449,trailhead,（名称未確認）,39.31028,141.626314,WGS84,135,六角牛山,東北百名山,,一般道との接続,六角牛山:2.63km,,,candidate,30,名称未確認、公式情報または2情報源での確認が必要,"OpenStreetMap（© OpenStreetMap contributors, ODbL 1.0）Geofabrik japan-latest.osm.pbf 2026-09-23T20:22:04Z node/1232810449（登山道と道路の接続点）",
TH-n1232811843,trailhead,（名称未確認）,39.506765,141.510014,WGS84,131,薬師岳,東北百名山,,一般道との接続,薬師岳:3.45km,,,candidate,30,名称未確認、公式情報または2情報源での確認が必要,"OpenStreetMap（© OpenStreetMap contributors, ODbL 1.0）Geofabrik japan-latest.osm.pbf 2026-09-23T20:22:04Z node/1232811843（登山道と道路の接続点）",
TH-n1232834689,trailhead,（名称未確認）,37.346333,140.692298,WGS84,194,大滝根山,日本三百名山,,一般道との接続,大滝根山:2.1km,,,candidate,30,名称未確認、公式情報または2情報源での確認が必要,"OpenStreetMap（© OpenStreetMap contributors, ODbL 1.0）Geofabrik japan-latest.osm.pbf 2026-09-23T20:22:04Z node/1232834689（登山道と道路の接続点）",
TH-n1233650389,trailhead,（名称未確認）,40.027222,141.5420959,WGS84,117,安家森,東北百名山,,一般道（県道以上）との接続,安家森:1.69km,,,candidate,30,名称未確認、公式情報または2情報源での確認が必要,"OpenStreetMap（© OpenStreetMap contributors, ODbL 1.0）Geofabrik japan-latest.osm.pbf 2026-09-23T20:22:04Z node/1233650389（登山道と道路の接続点）",
TH-n1233694463,trailhead,（名称未確認）,40.0495019,141.5109129,WGS84,117,安家森,東北百名山,,一般道（県道以上）との接続,安家森:3.19km,,,candidate,30,名称未確認、登山道が道路を横断する地点（途中の入口の可能性）、公式情報または2情報源での確認が必要,"OpenStreetMap（© OpenStreetMap contributors, ODbL 1.0）Geofabrik japan-latest.osm.pbf 2026-09-23T20:22:04Z node/1233694463（登山道と道路の接続点）",
TH-n1233746809,trailhead,（名称未確認）,39.846981,140.9035182,WGS84,121,三ツ石山,東北百名山,,一般道（県道以上）との接続,三ツ石山:0.88km,,,candidate,30,名称未確認、登山道が道路を横断する地点（途中の入口の可能性）、公式情報または2情報源での確認が必要,"OpenStreetMap（© OpenStreetMap contributors, ODbL 1.0）Geofabrik japan-latest.osm.pbf 2026-09-23T20:22:04Z node/1233746809（登山道と道路の接続点）",
TH-n1233747532,trailhead,松川キャンプ場登山口（立入規制中）,39.8716067,140.9284921,WGS84,122,岩手山,日本百名山|日本二百名山|日本三百名山|東北百名山,OSM登山道「松川コース」,一般道との接続,岩手山:9.76km,BS-kP11-22-03-bs1572(325m) BS-kP11-22-03-bs1574(364m) BS-kP11-22-03-bs1564(550m),restriction=立入規制（岩手山西側）,adopted,15,岩手山の噴火警戒レベルは2026年8月27日にレベル2からレベル1へ引き下げられた（仙台管区気象台）、火山活動が比較的活発な西側は、安全確認等のため引き続き立入規制。対象は犬倉山分岐（雫石町）・県民の森登山口（八幡平市）・松川キャンプ場登山口（八幡平市）（東北森林管理局）、松川キャンプ場登山口は立入規制の対象（東北森林管理局）、位置は松川温泉付近。正確な登山口の位置は未確認,"OpenStreetMap（© OpenStreetMap contributors, ODbL 1.0）Geofabrik japan-latest.osm.pbf 2026-09-23T20:22:04Z node/1233747532（登山道と道路の接続点） ｜ 公式情報: https://www.rinya.maff.go.jp/tohoku/syo/morioka/iwatesan/iwatesan_nyuuzannkisei.html ｜ 公式情報: https://www.data.jma.go.jp/vois/data/report/activity_info/207.html",2026-09-20
TH-n12338356513,trailhead,Abandoned building,37.6593027,140.2580845,WGS84,184,安達太良山,日本百名山|日本二百名山|日本三百名山|東北百名山,,施設（山小屋・宿・キャンプ場）からの入口,安達太良山:7.1km,,,provisional,15,近くの道路にゲートあり（車両通行止め・季節閉鎖の可能性）、公式情報または2情報源での確認が必要,"OpenStreetMap（© OpenStreetMap contributors, ODbL 1.0）Geofabrik japan-latest.osm.pbf 2026-09-23T20:22:04Z node/12338356513",
TH-n1234237301,trailhead,（名称未確認）,37.548699,139.448598,WGS84,187,御神楽岳,日本二百名山|日本三百名山|東北百名山|甲信越百名山,,道路の終点付近,御神楽岳:4.94km,,,candidate,30,名称未確認、林道からの入口（マイカー進入可否を要確認）、公式情報または2情報源での確認が必要,"OpenStreetMap（© OpenStreetMap contributors, ODbL 1.0）Geofabrik japan-latest.osm.pbf 2026-09-23T20:22:04Z node/1234237301（登山道と道路の接続点）",
TH-n1234293387,trailhead,（名称未確認）,37.5458628,139.3928012,WGS84,187,御神楽岳,日本二百名山|日本三百名山|東北百名山|甲信越百名山,,道路の終点付近,御神楽岳:4.81km,,,candidate,30,名称未確認、林道からの入口（マイカー進入可否を要確認）、公式情報または2情報源での確認が必要,"OpenStreetMap（© OpenStreetMap contributors, ODbL 1.0）Geofabrik japan-latest.osm.pbf 2026-09-23T20:22:04Z node/1234293387（登山道と道路の接続点）",
TH-n1234378939,trailhead,（名称未確認）,37.339439,139.630256,WGS84,192,志津倉山,東北百名山,,一般道との接続,志津倉山:3.79km,,,candidate,30,名称未確認、公式情報または2情報源での確認が必要,"OpenStreetMap（© OpenStreetMap contributors, ODbL 1.0）Geofabrik japan-latest.osm.pbf 2026-09-23T20:22:04Z node/1234378939（登山道と道路の接続点）",
TH-n1234425826,trailhead,キリンテ登山口,37.0012689,139.3623502,WGS84,211,会津駒ヶ岳,日本百名山|日本二百名山|日本三百名山|東北百名山,キリンテコース,登山口（OSMの登山口地物）,会津駒ヶ岳:7.89km,BS-kP11-22-07-bs5159(211m),,adopted,15,,"OpenStreetMap（© OpenStreetMap contributors, ODbL 1.0）Geofabrik japan-latest.osm.pbf 2026-09-23T20:22:04Z node/1234425826 ｜ 国土地理院ベクトルタイル提供実験 地理院地図の徒歩道の起点（37.001281, 139.362303、JGD2011、4m差）2026-09-24確認 ｜ 公式情報: https://www.rinya.maff.go.jp/kanto/introduction/gaiyou_kyoku/hyakumeizan/pdf/aidukomagatake.pdf",2026-09-20
TH-n1234429889,trailhead,滝沢登山口,37.0298647,139.3836438,WGS84,211,会津駒ヶ岳,日本百名山|日本二百名山|日本三百名山|東北百名山,滝沢登山口コース,登山口（OSMの登山口地物）,会津駒ヶ岳:4.52km,PK-w515295035(97m) BS-kP11-22-07-bs5028(674m) BS-kP11-22-07-bs5039(722m) BS-kP11-22-07-bs5018(728m),,adopted,15,近くの道路にゲートあり（車両通行止め・季節閉鎖の可能性）、会津駒ヶ岳の登山口は滝沢・キリンテ・七入・御池など（林野庁）、会津駒ヶ岳の登山口は滝沢・キリンテ・七入・御池の4か所で、最短で登れる滝沢登山口が一般的。山頂まで約4時間（福島県）,"OpenStreetMap（© OpenStreetMap contributors, ODbL 1.0）Geofabrik japan-latest.osm.pbf 2026-09-23T20:22:04Z node/1234429889 ｜ 国土地理院ベクトルタイル提供実験 地理院地図の徒歩道の起点（37.029922, 139.383649、JGD2011、6m差）2026-09-24確認 ｜ 公式情報: https://www.rinya.maff.go.jp/kanto/introduction/gaiyou_kyoku/hyakumeizan/pdf/aidukomagatake.pdf ｜ 公式情報: https://www.pref.fukushima.lg.jp/sec/41360a/furusato-56.html",2026-09-20
TH-n1234430032,trailhead,沼山峠（シャトルバス終点）,36.9479853,139.3344978,WGS84,220 228,燧ヶ岳、鬼怒沼山,日本百名山|日本二百名山|日本三百名山|東北百名山|関東百名山,OSM登山道「沼田街道」,登山口（OSMの登山口地物）,燧ヶ岳:7.53km 鬼怒沼山:14.87km,BS-kP11-22-07-bs5360(10m),restriction=御池〜沼山峠は通年マイカー通行禁止（シャトルバス利用）,adopted,15,沼山峠へは御池からシャトルバスでのみ入れる（福島県）,"OpenStreetMap（© OpenStreetMap contributors, ODbL 1.0）Geofabrik japan-latest.osm.pbf 2026-09-23T20:22:04Z node/1234430032 ｜ 国土地理院ベクトルタイル提供実験 地理院地図の徒歩道の起点（36.947981, 139.334487、JGD2011、1m差）2026-09-24確認 ｜ 公式情報: https://www.pref.fukushima.lg.jp/sec/01250a/kenmin-ozekoutsu.html",2026-09-20
TH-n1234430742,trailhead,尾瀬御池登山口,36.9833983,139.3024058,WGS84,220,燧ヶ岳,日本百名山|日本二百名山|日本三百名山|東北百名山,OSM登山道「御池登山道」、OSM登山道「裏燧林道」、御池コース,登山口（OSMの登山口地物）,燧ヶ岳:4.2km,PK-w27423432(124m) PK-w262616757(224m) PK-w262616759(271m) BS-kP11-22-07-bs5238(227m),"parking=御池駐車場 400台（1日1,000円）、満車時は七入駐車場 880台（無料）; restriction=御池〜沼山峠（約9.6km）は通年マイカー通行禁止。御池でシャトルバスに乗り換え",adopted,15,近くの道路にゲートあり（車両通行止め・季節閉鎖の可能性）、福島県側から尾瀬に入る場合、一般車で入れるのは御池まで。沼山峠へはシャトルバスのみ（福島県）、シャトルバスの運行間隔は20〜30分（福島県）,"OpenStreetMap（© OpenStreetMap contributors, ODbL 1.0）Geofabrik japan-latest.osm.pbf 2026-09-23T20:22:04Z node/1234430742 ｜ 公式情報: https://www.pref.fukushima.lg.jp/sec/01250a/kenmin-ozekoutsu.html ｜ 公式情報: https://www.pref.fukushima.lg.jp/w4/oze/trekking/hiuchigatake.html",2026-09-20
TH-n1234432942,trailhead,（名称未確認）小沢平バス停付近,37.0062486,139.2527783,WGS84,220,燧ヶ岳,日本百名山|日本二百名山|日本三百名山|東北百名山,,一般道（県道以上）との接続,燧ヶ岳:12.67km,BS-kP11-22-07-bs5133(7m),,provisional,30,名称未確認、公式情報または2情報源での確認が必要,"OpenStreetMap（© OpenStreetMap contributors, ODbL 1.0）Geofabrik japan-latest.osm.pbf 2026-09-23T20:22:04Z node/1234432942（登山道と道路の接続点）",
TH-n1234436981,trailhead,御池登山口,36.9843809,139.3022417,WGS84,211,会津駒ヶ岳,日本百名山|日本二百名山|日本三百名山|東北百名山,OSM登山道「大杉林道」,登山口（OSMの登山口地物）,会津駒ヶ岳:9.76km,PK-w27423432(156m) PK-w262616757(235m) PK-w262616759(272m) BS-kP11-22-07-bs5238(224m),,adopted,15,近くの道路にゲートあり（車両通行止め・季節閉鎖の可能性）、採用の根拠: OSMの登山口名と、地理院地図の徒歩道が道路から始まる位置の一致（公式情報では未確認）,"OpenStreetMap（© OpenStreetMap contributors, ODbL 1.0）Geofabrik japan-latest.osm.pbf 2026-09-23T20:22:04Z node/1234436981 ｜ 国土地理院ベクトルタイル提供実験 地理院地図の徒歩道の起点（36.984435, 139.302239、JGD2011、6m差）2026-09-24確認",
TH-n1234439482,trailhead,（名称未確認）七入バス停付近,36.9856177,139.3411041,WGS84,211,会津駒ヶ岳,日本百名山|日本二百名山|日本三百名山|東北百名山,,一般道（県道以上）との接続,会津駒ヶ岳:9.07km,BS-kP11-22-07-bs5234(471m) BS-kP11-22-07-bs5235(661m),,provisional,30,名称未確認、公式情報または2情報源での確認が必要,"OpenStreetMap（© OpenStreetMap contributors, ODbL 1.0）Geofabrik japan-latest.osm.pbf 2026-09-23T20:22:04Z node/1234439482（登山道と道路の接続点）",
TH-n1234453937,trailhead,泡滝ダム（以東岳・大鳥池登山口）,38.3199875,139.9427632,WGS84,163,以東岳,日本二百名山|日本三百名山|東北百名山,,道路の終点付近,以東岳:13.7km,,,adopted,15,林道からの入口（マイカー進入可否を要確認）、泡滝ダムから大鳥池小屋まで150分、大鳥池小屋から以東岳小屋まで直登コースで210分（鶴岡市）、2026年8月5日時点で、泡滝ダム登山口から大鳥池・以東岳の登山道に崩れている箇所があり通行注意。冷水沢・七ツ滝沢の吊り橋は通行可（鶴岡市）、JR鶴岡駅から泡滝ダムまで車で約1時間30分（鶴岡市）、この地点が泡滝ダム登山口かどうかは未確認,"OpenStreetMap（© OpenStreetMap contributors, ODbL 1.0）Geofabrik japan-latest.osm.pbf 2026-09-23T20:22:04Z node/1234453937（登山道と道路の接続点） ｜ 公式情報: https://www.city.tsuruoka.lg.jp/shisei/shiyakusyo/infomation/asahi/kanko/asahirenpotozanjoho.html ｜ 公式情報: https://www.city.tsuruoka.lg.jp/shisei/shiyakusyo/infomation/asahi/kanko/otorigoyazyouho.html",2026-09-20
TH-n1234475442,trailhead,（名称未確認）,38.3890968,139.9678107,WGS84,163,以東岳,日本二百名山|日本三百名山|東北百名山,,林道との接続,以東岳:15.01km,,,candidate,30,名称未確認、林道からの入口（マイカー進入可否を要確認）、公式情報または2情報源での確認が必要,"OpenStreetMap（© OpenStreetMap contributors, ODbL 1.0）Geofabrik japan-latest.osm.pbf 2026-09-23T20:22:04Z node/1234475442（登山道と道路の接続点）",
TH-n1234505476,trailhead,姥沢（月山リフト下・駐車場付近）,38.5214505,140.0075024,WGS84,154,月山,日本百名山|日本二百名山|日本三百名山|東北百名山,,索道駅,月山:4.16km,PK-n3703076956(423m) BS-n3703710484(385m),,adopted,15,湯殿山口の登山道は通行状況が変わることがあるため鶴岡市の案内を確認すること,"OpenStreetMap（© OpenStreetMap contributors, ODbL 1.0）Geofabrik japan-latest.osm.pbf 2026-09-23T20:22:04Z node/1234505476（登山道と道路の接続点） ｜ 公式情報: https://tohoku.env.go.jp/blog/2025/09/page_00042.html ｜ 公式情報: https://www.city.tsuruoka.lg.jp/shisei/shiyakusyo/infomation/asahi/kanko/assangyo01202506231.html",2026-09-20
TH-n1234515663,trailhead,朝日鉱泉登山口（中ツル尾根コース）,38.2396446,139.9966537,WGS84,165,朝日連峰,日本百名山|日本二百名山|日本三百名山|東北百名山,朝日鉱泉コース（中ツル尾根）,道路の終点付近,朝日連峰:7.68km,,,adopted,15,林道上の地点（尾根上の峠・山小屋の可能性。登山口かどうか要確認）、林道からの入口（マイカー進入可否を要確認）、朝日連峰の道路・登山道情報は鶴岡市などが公表している,"OpenStreetMap（© OpenStreetMap contributors, ODbL 1.0）Geofabrik japan-latest.osm.pbf 2026-09-23T20:22:04Z node/1234515663（登山道と道路の接続点） ｜ 国土地理院 地名検索「朝日鉱泉」（38.239852, 139.996552、JGD2011、25m差）確認 ｜ 公式情報: https://www.rinya.maff.go.jp/tohoku/syo/okitama/syasin/yama/asahi.html ｜ 公式情報: https://tohoku.env.go.jp/blog/2022/08/page_00019.html ｜ 公式情報: https://www.city.tsuruoka.lg.jp/shisei/shiyakusyo/infomation/asahi/kanko/asahirenpotozanjoho.html",2026-09-20
TH-n1235464889,trailhead,（名称未確認）,37.483516,139.4467019,WGS84,187,御神楽岳,日本二百名山|日本三百名山|東北百名山|甲信越百名山,,道路の終点付近,御神楽岳:6.1km,,,candidate,30,名称未確認、林道からの入口（マイカー進入可否を要確認）、公式情報または2情報源での確認が必要,"OpenStreetMap（© OpenStreetMap contributors, ODbL 1.0）Geofabrik japan-latest.osm.pbf 2026-09-23T20:22:04Z node/1235464889（登山道と道路の接続点）",
TH-n1235484161,trailhead,（名称未確認）,37.1506683,139.6591847,WGS84,204,七ヶ岳,日本三百名山|東北百名山,,一般道との接続,七ヶ岳:3.24km,,,candidate,30,名称未確認、公式情報または2情報源での確認が必要,"OpenStreetMap（© OpenStreetMap contributors, ODbL 1.0）Geofabrik japan-latest.osm.pbf 2026-09-23T20:22:04Z node/1235484161（登山道と道路の接続点）",
TH-n1235491529,trailhead,（名称未確認）,37.1156149,139.6782473,WGS84,204,七ヶ岳,日本三百名山|東北百名山,OSM登山道「林道程窪線」,一般道との接続,七ヶ岳:2.27km,,,candidate,30,名称未確認、登山道が道路を横断する地点（途中の入口の可能性）、公式情報または2情報源での確認が必要,"OpenStreetMap（© OpenStreetMap contributors, ODbL 1.0）Geofabrik japan-latest.osm.pbf 2026-09-23T20:22:04Z node/1235491529（登山道と道路の接続点）",
TH-n1235496959,trailhead,猿倉北登山口,36.9761255,139.5022105,WGS84,217 218,田代山、帝釈山,東北百名山|日本二百名山|日本三百名山,,登山口（OSMの登山口地物）,田代山:2.64km 帝釈山:4.62km,PK-n4921963425(17m),,provisional,15,公式情報または2情報源での確認が必要,"OpenStreetMap（© OpenStreetMap contributors, ODbL 1.0）Geofabrik japan-latest.osm.pbf 2026-09-23T20:22:04Z node/1235496959",
TH-n1235550830,trailhead,三ツ岩岳登山口,37.0805036,139.4215376,WGS84,210,三岩岳,東北百名山,,登山口（OSMの登山口地物）,三岩岳:5.44km,PK-w683392612(430m) BS-kP11-22-07-bs4679(84m),,adopted,15,採用の根拠: OSMの登山口名と、地理院地図の徒歩道が道路から始まる位置の一致（公式情報では未確認）,"OpenStreetMap（© OpenStreetMap contributors, ODbL 1.0）Geofabrik japan-latest.osm.pbf 2026-09-23T20:22:04Z node/1235550830 ｜ 国土地理院ベクトルタイル提供実験 地理院地図の徒歩道の起点（37.080397, 139.421518、JGD2011、12m差）2026-09-24確認",
TH-n1235582494,trailhead,（名称未確認）あずき温泉バス停付近,37.0849245,139.4265987,WGS84,210,三岩岳,東北百名山,,一般道（県道以上）との接続,三岩岳:8.32km,BS-kP11-22-07-bs4679(731m),,provisional,30,名称未確認、公式情報または2情報源での確認が必要,"OpenStreetMap（© OpenStreetMap contributors, ODbL 1.0）Geofabrik japan-latest.osm.pbf 2026-09-23T20:22:04Z node/1235582494（登山道と道路の接続点）",
TH-n1235598850,trailhead,木賊登山口,37.0044743,139.4698247,WGS84,217 218,田代山、帝釈山,東北百名山|日本二百名山|日本三百名山,,登山口（OSMの登山口地物）,田代山:4.22km 帝釈山:6.16km,,,adopted,15,採用の根拠: OSMの登山口名と、地理院地図の徒歩道が道路から始まる位置の一致（公式情報では未確認）,"OpenStreetMap（© OpenStreetMap contributors, ODbL 1.0）Geofabrik japan-latest.osm.pbf 2026-09-23T20:22:04Z node/1235598850 ｜ 国土地理院ベクトルタイル提供実験 地理院地図の徒歩道の起点（37.004474, 139.469821、JGD2011、0m差）2026-09-24確認",
TH-n1235623949,trailhead,猿倉南登山口,36.9734944,139.5002401,WGS84,217 218,田代山、帝釈山,東北百名山|日本二百名山|日本三百名山,,登山口（OSMの登山口地物）,田代山:2.5km 帝釈山:4.48km,PK-n4921963425(343m),,adopted,15,採用の根拠: OSMの登山口名と、地理院地図の徒歩道が道路から始まる位置の一致（公式情報では未確認）,"OpenStreetMap（© OpenStreetMap contributors, ODbL 1.0）Geofabrik japan-latest.osm.pbf 2026-09-23T20:22:04Z node/1235623949 ｜ 国土地理院ベクトルタイル提供実験 地理院地図の徒歩道の起点（36.973497, 139.500237、JGD2011、0m差）2026-09-24確認",
TH-n1235628990,trailhead,国体コース登山口,37.0820632,139.4249134,WGS84,210,三岩岳,東北百名山,,登山口（OSMの登山口地物）,三岩岳:5.2km,BS-kP11-22-07-bs4679(425m),,adopted,15,採用の根拠: OSMの登山口名と、地理院地図の徒歩道が道路から始まる位置の一致（公式情報では未確認）,"OpenStreetMap（© OpenStreetMap contributors, ODbL 1.0）Geofabrik japan-latest.osm.pbf 2026-09-23T20:22:04Z node/1235628990 ｜ 国土地理院ベクトルタイル提供実験 地理院地図の徒歩道の起点（37.082044, 139.424949、JGD2011、4m差）2026-09-24確認",
TH-n1235651732,trailhead,（名称未確認）,37.057614,139.655293,WGS84,213,荒海山,日本三百名山|東北百名山,OSM登山道「林道滝原線」,一般道との接続,荒海山:3.92km,,,candidate,30,名称未確認、公式情報または2情報源での確認が必要,"OpenStreetMap（© OpenStreetMap contributors, ODbL 1.0）Geofabrik japan-latest.osm.pbf 2026-09-23T20:22:04Z node/1235651732（登山道と道路の接続点）",
TH-n1235678972,trailhead,中山峠,37.1006959,139.6509601,WGS84,204,七ヶ岳,日本三百名山|東北百名山,,峠（道路との接続）,七ヶ岳:3.76km,,,adopted,30,,"OpenStreetMap（© OpenStreetMap contributors, ODbL 1.0）Geofabrik japan-latest.osm.pbf 2026-09-23T20:22:04Z node/1235678972（登山道と道路の接続点） ｜ 国土地理院 地名検索「中山峠」（37.100645, 139.651017、JGD2011、8m差）2026-09-20確認",2026-09-20
TH-n1235806498,trailhead,（名称未確認）,38.2734666,140.4832345,WGS84,166,神室岳,東北百名山,,一般道との接続,神室岳:4.88km,,,candidate,30,名称未確認、登山道が道路を横断する地点（途中の入口の可能性）、公式情報または2情報源での確認が必要,"OpenStreetMap（© OpenStreetMap contributors, ODbL 1.0）Geofabrik japan-latest.osm.pbf 2026-09-23T20:22:04Z node/1235806498（登山道と道路の接続点）",
TH-n1235806598,trailhead,二口峠,38.2757137,140.4900062,WGS84,162 164,面白山、大東岳,東北百名山,OSM登山道「仙台山寺線」,峠（道路との接続）,面白山:12.99km 大東岳:6.5km,,,adopted,30,,"OpenStreetMap（© OpenStreetMap contributors, ODbL 1.0）Geofabrik japan-latest.osm.pbf 2026-09-23T20:22:04Z node/1235806598（登山道と道路の接続点） ｜ 国土地理院 地名検索「二口峠」（38.275668, 140.489773、JGD2011、21m差）2026-09-20確認",2026-09-20
TH-n1236858525,trailhead,志津倉山登山口（大谷）,37.377592,139.6166,WGS84,192,志津倉山,東北百名山,,一般道との接続,志津倉山:1.5km,,,provisional,30,公式情報または2情報源での確認が必要、登山口駐車場に8台。登山口・行程中にトイレはない。登山口から最後の水場50分、三本松25分、ブナ平20分、山頂10分、糸滝35分、登山口40分（福島県観光物産交流協会）,"OpenStreetMap（© OpenStreetMap contributors, ODbL 1.0）Geofabrik japan-latest.osm.pbf 2026-09-23T20:22:04Z node/1236858525（登山道と道路の接続点） ｜ 登山記録で広く使われている登山口（登山記録・登山情報サイトで名称と利用を確認。公式情報では未確認） 2026-09-25確認",
TH-n1236889281,trailhead,（名称未確認）石切バス停付近,37.7769108,140.1194707,WGS84,182,吾妻山,日本百名山|日本二百名山|日本三百名山|東北百名山,,一般道（県道以上）との接続,吾妻山:5.58km,PK-w849744825(398m) PK-w849744824(418m) BS-kP11-22-06-bs2851(134m) BS-kP11-22-06-bs2852(162m) BS-kP11-22-06-bs2853(311m),,provisional,30,名称未確認、公式情報または2情報源での確認が必要,"OpenStreetMap（© OpenStreetMap contributors, ODbL 1.0）Geofabrik japan-latest.osm.pbf 2026-09-23T20:22:04Z node/1236889281（登山道と道路の接続点）",
TH-n1236916769,trailhead,（名称未確認）,37.7960665,140.2561426,WGS84,183,一切経山,日本三百名山|東北百名山,,道路の終点付近,一切経山:8.53km,PK-w1335248508(51m) PK-w1335248507(87m),,provisional,30,名称未確認、林道からの入口（マイカー進入可否を要確認）、公式情報または2情報源での確認が必要,"OpenStreetMap（© OpenStreetMap contributors, ODbL 1.0）Geofabrik japan-latest.osm.pbf 2026-09-23T20:22:04Z node/1236916769（登山道と道路の接続点）",
TH-n1238722938,trailhead,（名称未確認）藤七温泉バス停付近,39.9421266,140.8609254,WGS84,121,三ツ石山,東北百名山,,一般道（県道以上）との接続,三ツ石山:13.28km,BS-kP11-22-03-bs1357(22m) BS-kP11-22-03-bs1358(234m) BS-kP11-22-05-bs1531(949m),,provisional,30,名称未確認、公式情報または2情報源での確認が必要,"OpenStreetMap（© OpenStreetMap contributors, ODbL 1.0）Geofabrik japan-latest.osm.pbf 2026-09-23T20:22:04Z node/1238722938（登山道と道路の接続点）",
TH-n1238743957,trailhead,茶臼口,39.9442858,140.9071018,WGS84,120,八幡平,日本百名山|日本二百名山|日本三百名山|東北百名山,茶臼口〜八幡平縦走,一般道（県道以上）との接続,八幡平:5.72km,PK-w443016934(65m) PK-w443016926(265m) PK-w443016931(439m) BS-kP11-22-03-bs1349(76m),,provisional,30,公式情報または2情報源での確認が必要,"OpenStreetMap（© OpenStreetMap contributors, ODbL 1.0）Geofabrik japan-latest.osm.pbf 2026-09-23T20:22:04Z node/1238743957（登山道と道路の接続点）",
TH-n1238744243,trailhead,（名称未確認）黒谷地バス停付近,39.9542256,140.8860826,WGS84,120,八幡平,日本百名山|日本二百名山|日本三百名山|東北百名山,,一般道（県道以上）との接続,八幡平:3.81km,PK-w443016927(42m) BS-kP11-22-03-bs1308(6m),,provisional,30,名称未確認、公式情報または2情報源での確認が必要,"OpenStreetMap（© OpenStreetMap contributors, ODbL 1.0）Geofabrik japan-latest.osm.pbf 2026-09-23T20:22:04Z node/1238744243（登山道と道路の接続点）",
TH-n1239960403,trailhead,（名称未確認）,40.060196,141.0975379,WGS84,116,七時雨山,東北百名山,,一般道との接続,七時雨山:1.45km,,,candidate,30,名称未確認、公式情報または2情報源での確認が必要,"OpenStreetMap（© OpenStreetMap contributors, ODbL 1.0）Geofabrik japan-latest.osm.pbf 2026-09-23T20:22:04Z node/1239960403（登山道と道路の接続点）",
TH-n1239965054,trailhead,（名称未確認）,40.074591,141.090735,WGS84,116,七時雨山,東北百名山,,道路の終点付近,七時雨山:2.26km,,,candidate,30,名称未確認、林道からの入口（マイカー進入可否を要確認）、公式情報または2情報源での確認が必要,"OpenStreetMap（© OpenStreetMap contributors, ODbL 1.0）Geofabrik japan-latest.osm.pbf 2026-09-23T20:22:04Z node/1239965054（登山道と道路の接続点）",
TH-n1239997296,trailhead,田代平登山口（七時雨山）,40.083767,141.121473,WGS84,116,七時雨山,東北百名山,,道路の終点付近,七時雨山:2.75km,,,provisional,30,公式情報または2情報源での確認が必要,"OpenStreetMap（© OpenStreetMap contributors, ODbL 1.0）Geofabrik japan-latest.osm.pbf 2026-09-23T20:22:04Z node/1239997296（登山道と道路の接続点） ｜ 登山記録で広く使われている登山口（登山記録・登山情報サイトで名称と利用を確認。公式情報では未確認） 2026-09-25確認",
TH-n1240010051,trailhead,（名称未確認）,40.0819005,141.0946653,WGS84,116,七時雨山,東北百名山,,道路の終点付近,七時雨山:2.59km,,,candidate,30,名称未確認、林道からの入口（マイカー進入可否を要確認）、公式情報または2情報源での確認が必要,"OpenStreetMap（© OpenStreetMap contributors, ODbL 1.0）Geofabrik japan-latest.osm.pbf 2026-09-23T20:22:04Z node/1240010051（登山道と道路の接続点）",
TH-n1240556944,trailhead,（名称未確認）,37.8414863,139.5622794,WGS84,176,北股岳,東北百名山,,一般道との接続,北股岳:9.96km,,,candidate,30,名称未確認、公式情報または2情報源での確認が必要,"OpenStreetMap（© OpenStreetMap contributors, ODbL 1.0）Geofabrik japan-latest.osm.pbf 2026-09-23T20:22:04Z node/1240556944（登山道と道路の接続点）",
TH-n1242751611,trailhead,（名称未確認）,37.7502248,140.0921909,WGS84,182,吾妻山,日本百名山|日本二百名山|日本三百名山|東北百名山,,一般道（県道以上）との接続,吾妻山:6.23km,PK-w35127589(83m) PK-w1305759110(398m),,provisional,30,名称未確認、公式情報または2情報源での確認が必要,"OpenStreetMap（© OpenStreetMap contributors, ODbL 1.0）Geofabrik japan-latest.osm.pbf 2026-09-23T20:22:04Z node/1242751611（登山道と道路の接続点）",
TH-n1242895861,trailhead,（名称未確認）,37.9249675,139.5412176,WGS84,176,北股岳,東北百名山,,一般道（県道以上）との接続,北股岳:12.32km,PK-w439633259(138m),,provisional,30,名称未確認、公式情報または2情報源での確認が必要,"OpenStreetMap（© OpenStreetMap contributors, ODbL 1.0）Geofabrik japan-latest.osm.pbf 2026-09-23T20:22:04Z node/1242895861（登山道と道路の接続点）",
TH-n1244397980,trailhead,（名称未確認）,41.039764,141.293521,WGS84,102,吹越烏帽子,東北百名山,,道路の終点付近,吹越烏帽子:2.75km,,,candidate,30,名称未確認、林道からの入口（マイカー進入可否を要確認）、公式情報または2情報源での確認が必要,"OpenStreetMap（© OpenStreetMap contributors, ODbL 1.0）Geofabrik japan-latest.osm.pbf 2026-09-23T20:22:04Z node/1244397980（登山道と道路の接続点）",
TH-n1244481195,trailhead,迷ヶ平登山口（十和利山 東線）,40.41513,140.982291,WGS84,109 113,戸来岳、十和利山,東北百名山,,一般道との接続,戸来岳:4.99km 十和利山:1.47km,,,provisional,30,公式情報または2情報源での確認が必要、国道454号沿い。十和田湖休屋から約15km（東北森林管理局）,"OpenStreetMap（© OpenStreetMap contributors, ODbL 1.0）Geofabrik japan-latest.osm.pbf 2026-09-23T20:22:04Z node/1244481195（登山道と道路の接続点） ｜ 登山記録で広く使われている登山口（登山記録・登山情報サイトで名称と利用を確認。公式情報では未確認） 2026-09-26確認",
TH-n1244489015,trailhead,（名称未確認）,40.436897,141.031247,WGS84,109,戸来岳,東北百名山,,林道との接続,戸来岳:3.45km,,,candidate,30,名称未確認、林道からの入口（マイカー進入可否を要確認）、公式情報または2情報源での確認が必要,"OpenStreetMap（© OpenStreetMap contributors, ODbL 1.0）Geofabrik japan-latest.osm.pbf 2026-09-23T20:22:04Z node/1244489015（登山道と道路の接続点）",
TH-n1244497782,trailhead,平子沢登山口（戸来岳）,40.425344,141.034794,WGS84,109 113,戸来岳、十和利山,東北百名山,,道路の終点付近,戸来岳:5.25km 十和利山:8.75km,PK-g4042534_14103479(0m) PK-w1310004309(77m),,provisional,30,林道からの入口（マイカー進入可否を要確認）、公式情報または2情報源での確認が必要,"OpenStreetMap（© OpenStreetMap contributors, ODbL 1.0）Geofabrik japan-latest.osm.pbf 2026-09-23T20:22:04Z node/1244497782（登山道と道路の接続点） ｜ 登山記録で広く使われている登山口（登山記録・登山情報サイトで名称と利用を確認。公式情報では未確認） 2026-09-26確認",
TH-n1246554066,trailhead,女神山登山口（白糸の滝）,39.4020691,140.6720138,WGS84,133,女神山,東北百名山,,道路の終点付近,女神山:2.13km,,,provisional,30,林道からの入口（マイカー進入可否を要確認）、公式情報または2情報源での確認が必要、登り1時間30分、下り1時間30分（下りブナ見平コース）（西和賀町観光協会）,"OpenStreetMap（© OpenStreetMap contributors, ODbL 1.0）Geofabrik japan-latest.osm.pbf 2026-09-23T20:22:04Z node/1246554066（登山道と道路の接続点） ｜ 登山記録で広く使われている登山口（登山記録・登山情報サイトで名称と利用を確認。公式情報では未確認） 2026-09-25確認",
TH-n1246562659,trailhead,高下登山口,39.5406982,140.7849461,WGS84,129,和賀岳,日本二百名山|日本三百名山|東北百名山,,道路の終点付近,和賀岳:5.33km,,restriction=高下林道は路面洗堀のため通行不可（西和賀町、2026年8月4日更新）; season=林道は除雪しない。降雪期（11月下旬）から林道内の雪解け（5月下旬）までは通行できない（西和賀町）; forestRoad=県道1号線－町道－高下林道（未舗装）。県道より約7.6キロメートル、車で約30分（西和賀町）,adopted,15,林道からの入口（マイカー進入可否を要確認）、林道は未舗装の1車線で、駐車場以外の駐車は控えるよう案内されている（西和賀町）、西和賀町ではクマの出没が多くなっている（西和賀町）,"OpenStreetMap（© OpenStreetMap contributors, ODbL 1.0）Geofabrik japan-latest.osm.pbf 2026-09-23T20:22:04Z node/1246562659（登山道と道路の接続点） ｜ 公式情報: https://www.town.nishiwaga.lg.jp/kanko_event/2022.html ｜ 国土地理院ベクトルタイル提供実験 地理院地図の徒歩道の起点とOSMの地点（高下川沿いの林道の終点）が2m差 2026-09-22確認",2026-09-22
TH-n1246566458,trailhead,（名称未確認）,39.5312241,140.7812151,WGS84,129,和賀岳,日本二百名山|日本三百名山|東北百名山,,道路の終点付近,和賀岳:6.4km,,,candidate,30,名称未確認、林道からの入口（マイカー進入可否を要確認）、公式情報または2情報源での確認が必要,"OpenStreetMap（© OpenStreetMap contributors, ODbL 1.0）Geofabrik japan-latest.osm.pbf 2026-09-23T20:22:04Z node/1246566458（登山道と道路の接続点）",
TH-n1247242710,trailhead,（名称未確認）二口バス停付近,38.2725401,140.5481093,WGS84,162 164,面白山、大東岳,東北百名山,,一般道との接続,面白山:11.31km 大東岳:4.71km,BS-kP11-22-04-bs3850(363m) BS-kP11-22-04-bs3850(363m),,provisional,30,名称未確認、公式情報または2情報源での確認が必要,"OpenStreetMap（© OpenStreetMap contributors, ODbL 1.0）Geofabrik japan-latest.osm.pbf 2026-09-23T20:22:04Z node/1247242710（登山道と道路の接続点）",
TH-n1249205903,trailhead,縫道石山登山口,41.3041946,140.8378573,WGS84,101,縫道石山,東北百名山,,一般道（県道以上）との接続,縫道石山:1.72km,,parking=登山入口に駐車場（10台程度）（佐井村）; access=アルサスから車で約50分（佐井村）; course=山頂までの所要時間は約1時間（佐井村）,adopted,15,縫道石山・縫道石の特殊植物群落は天然記念物。採取や踏みつけなどでき損すると文化財保護法で罰せられる場合がある（佐井村）、登山口の正確な位置は公式情報では未確認,"OpenStreetMap（© OpenStreetMap contributors, ODbL 1.0）Geofabrik japan-latest.osm.pbf 2026-09-23T20:22:04Z node/1249205903（登山道と道路の接続点） ｜ 公式情報: https://www.vill.sai.lg.jp/tourism/%E7%B8%AB%E9%81%93%E7%9F%B3%E5%B1%B1/",2026-09-25
TH-n1249395717,trailhead,（名称未確認）,37.9185646,139.6810011,WGS84,178,飯豊山,日本百名山|日本二百名山|日本三百名山|東北百名山,,林道との接続,飯豊山:8.55km,,,candidate,30,名称未確認、林道からの入口（マイカー進入可否を要確認）、公式情報または2情報源での確認が必要,"OpenStreetMap（© OpenStreetMap contributors, ODbL 1.0）Geofabrik japan-latest.osm.pbf 2026-09-23T20:22:04Z node/1249395717（登山道と道路の接続点）",
TH-n1249446140,trailhead,（名称未確認）,37.9131059,139.6775874,WGS84,176,北股岳,東北百名山,,一般道との接続,北股岳:6.23km,,,candidate,30,名称未確認、公式情報または2情報源での確認が必要,"OpenStreetMap（© OpenStreetMap contributors, ODbL 1.0）Geofabrik japan-latest.osm.pbf 2026-09-23T20:22:04Z node/1249446140（登山道と道路の接続点）",
TH-n1250360650,trailhead,（名称未確認）,41.289855,140.8534929,WGS84,101,縫道石山,東北百名山,,道路の終点付近,縫道石山:3.12km,,,candidate,30,名称未確認、林道からの入口（マイカー進入可否を要確認）、公式情報または2情報源での確認が必要,"OpenStreetMap（© OpenStreetMap contributors, ODbL 1.0）Geofabrik japan-latest.osm.pbf 2026-09-23T20:22:04Z node/1250360650（登山道と道路の接続点）",
TH-n1251773518,trailhead,（名称未確認）,38.5434711,140.1839327,WGS84,155,葉山,東北百名山,,一般道（県道以上）との接続,葉山:3.74km,,,candidate,30,名称未確認、公式情報または2情報源での確認が必要,"OpenStreetMap（© OpenStreetMap contributors, ODbL 1.0）Geofabrik japan-latest.osm.pbf 2026-09-23T20:22:04Z node/1251773518（登山道と道路の接続点）",
TH-n1252434937,trailhead,（名称未確認）,41.3143574,140.8324342,WGS84,101,縫道石山,東北百名山,,一般道との接続,縫道石山:1.92km,,,candidate,30,名称未確認、公式情報または2情報源での確認が必要,"OpenStreetMap（© OpenStreetMap contributors, ODbL 1.0）Geofabrik japan-latest.osm.pbf 2026-09-23T20:22:04Z node/1252434937（登山道と道路の接続点）",
TH-n1253636523,trailhead,（名称未確認）,38.5418351,139.9855433,WGS84,154,月山,日本百名山|日本二百名山|日本三百名山|東北百名山,,一般道との接続,月山:4.43km,PK-w462146101(29m) BS-n1253636523(0m) BS-n5779402561(10m) BS-n5779402562(921m),,provisional,30,名称未確認、公式情報または2情報源での確認が必要,"OpenStreetMap（© OpenStreetMap contributors, ODbL 1.0）Geofabrik japan-latest.osm.pbf 2026-09-23T20:22:04Z node/1253636523（登山道と道路の接続点）",
TH-n1253647906,trailhead,（名称未確認）,38.4016198,139.8102695,WGS84,163,以東岳,日本二百名山|日本三百名山|東北百名山,,一般道との接続,以東岳:10.15km,,,candidate,30,名称未確認、公式情報または2情報源での確認が必要,"OpenStreetMap（© OpenStreetMap contributors, ODbL 1.0）Geofabrik japan-latest.osm.pbf 2026-09-23T20:22:04Z node/1253647906（登山道と道路の接続点）",
TH-n1253679469,trailhead,（名称未確認）,38.5225737,139.7513351,WGS84,156,摩耶山,日本三百名山|東北百名山,,道路の終点付近,摩耶山:2.25km,,,candidate,30,名称未確認、林道からの入口（マイカー進入可否を要確認）、公式情報または2情報源での確認が必要,"OpenStreetMap（© OpenStreetMap contributors, ODbL 1.0）Geofabrik japan-latest.osm.pbf 2026-09-23T20:22:04Z node/1253679469（登山道と道路の接続点）",
TH-n1253793279,trailhead,（名称未確認）,38.4006185,139.8025341,WGS84,163,以東岳,日本二百名山|日本三百名山|東北百名山,,一般道との接続,以東岳:9.95km,,,candidate,30,名称未確認、公式情報または2情報源での確認が必要,"OpenStreetMap（© OpenStreetMap contributors, ODbL 1.0）Geofabrik japan-latest.osm.pbf 2026-09-23T20:22:04Z node/1253793279（登山道と道路の接続点）",
TH-n1254892620,trailhead,（名称未確認）,40.416537,140.229938,WGS84,114,藤里駒ヶ岳,東北百名山,,道路の終点付近,藤里駒ヶ岳:2.79km,,,candidate,30,名称未確認、林道からの入口（マイカー進入可否を要確認）、公式情報または2情報源での確認が必要,"OpenStreetMap（© OpenStreetMap contributors, ODbL 1.0）Geofabrik japan-latest.osm.pbf 2026-09-23T20:22:04Z node/1254892620（登山道と道路の接続点）",
TH-n1254903560,trailhead,（名称未確認）,40.392226,140.243475,WGS84,114,藤里駒ヶ岳,東北百名山,,道路の終点付近,藤里駒ヶ岳:2.82km,,,candidate,30,名称未確認、林道からの入口（マイカー進入可否を要確認）、公式情報または2情報源での確認が必要,"OpenStreetMap（© OpenStreetMap contributors, ODbL 1.0）Geofabrik japan-latest.osm.pbf 2026-09-23T20:22:04Z node/1254903560（登山道と道路の接続点）",
TH-n1254911910,trailhead,（名称未確認）,40.4268163,140.2695504,WGS84,114,藤里駒ヶ岳,東北百名山,OSM登山道「黒石林道」,道路の終点付近,藤里駒ヶ岳:4.22km,,,candidate,30,名称未確認、林道からの入口（マイカー進入可否を要確認）、公式情報または2情報源での確認が必要,"OpenStreetMap（© OpenStreetMap contributors, ODbL 1.0）Geofabrik japan-latest.osm.pbf 2026-09-23T20:22:04Z node/1254911910（登山道と道路の接続点）",
TH-n1254954609,trailhead,（名称未確認）,39.962022,140.509643,WGS84,118,森吉山,日本二百名山|日本三百名山|東北百名山,,道路の終点付近,森吉山:4.35km,PK-w1134029376(41m),,provisional,30,名称未確認、林道からの入口（マイカー進入可否を要確認）、公式情報または2情報源での確認が必要,"OpenStreetMap（© OpenStreetMap contributors, ODbL 1.0）Geofabrik japan-latest.osm.pbf 2026-09-23T20:22:04Z node/1254954609（登山道と道路の接続点）",
TH-n1254961228,trailhead,（名称未確認）,40.0356735,140.5919831,WGS84,118,森吉山,日本二百名山|日本三百名山|東北百名山,,一般道との接続,森吉山:8.8km,,,candidate,30,名称未確認、公式情報または2情報源での確認が必要,"OpenStreetMap（© OpenStreetMap contributors, ODbL 1.0）Geofabrik japan-latest.osm.pbf 2026-09-23T20:22:04Z node/1254961228（登山道と道路の接続点）",
TH-n1255022713,trailhead,（名称未確認）,39.93058,140.520679,WGS84,118,森吉山,日本二百名山|日本三百名山|東北百名山,,一般道との接続,森吉山:6.34km,,,candidate,30,名称未確認、公式情報または2情報源での確認が必要,"OpenStreetMap（© OpenStreetMap contributors, ODbL 1.0）Geofabrik japan-latest.osm.pbf 2026-09-23T20:22:04Z node/1255022713（登山道と道路の接続点）",
TH-n1255044547,trailhead,川入 御沢登山口（飯豊山）,37.797149,139.7663959,WGS84,178,飯豊山,日本百名山|日本二百名山|日本三百名山|東北百名山,,一般道との接続,飯豊山:10.24km,,,provisional,30,公式情報または2情報源での確認が必要,"OpenStreetMap（© OpenStreetMap contributors, ODbL 1.0）Geofabrik japan-latest.osm.pbf 2026-09-23T20:22:04Z node/1255044547（登山道と道路の接続点） ｜ 登山記録で広く使われている登山口（登山記録・登山情報サイトで名称と利用を確認。公式情報では未確認） 2026-09-26確認",
TH-n1255497937,trailhead,（名称未確認）,37.7733198,139.8801975,WGS84,179,栂峰,東北百名山,,道路の終点付近,栂峰:10.11km,,,candidate,30,名称未確認、林道からの入口（マイカー進入可否を要確認）、公式情報または2情報源での確認が必要,"OpenStreetMap（© OpenStreetMap contributors, ODbL 1.0）Geofabrik japan-latest.osm.pbf 2026-09-23T20:22:04Z node/1255497937（登山道と道路の接続点）",
TH-n1255523122,trailhead,（名称未確認）,37.7956248,139.8450492,WGS84,179,栂峰,東北百名山,,道路の終点付近,栂峰:14.55km,,,candidate,30,名称未確認、林道からの入口（マイカー進入可否を要確認）、公式情報または2情報源での確認が必要,"OpenStreetMap（© OpenStreetMap contributors, ODbL 1.0）Geofabrik japan-latest.osm.pbf 2026-09-23T20:22:04Z node/1255523122（登山道と道路の接続点）",
TH-n1255526721,trailhead,（名称未確認）,37.7559418,139.9079457,WGS84,179,栂峰,東北百名山,,一般道との接続,栂峰:10.42km,PK-n3752505627(487m),,provisional,30,名称未確認、公式情報または2情報源での確認が必要,"OpenStreetMap（© OpenStreetMap contributors, ODbL 1.0）Geofabrik japan-latest.osm.pbf 2026-09-23T20:22:04Z node/1255526721（登山道と道路の接続点）",
TH-n1255659998,trailhead,つぶ沼（焼石岳登山口側）,39.1152292,140.8833099,WGS84,137 138,牛形山、焼石岳,東北百名山|日本二百名山|日本三百名山,,一般道（県道以上）との接続,牛形山:13.96km 焼石岳:8.33km,PK-w1319370268(191m) PK-w482593759(389m),season=登山シーズンは6月第1日曜日の山開きから10月中旬ころまで,adopted,15,"焼石岳は標高約1,548m。登山ルートは中沼コースとつぶ沼コースに大きく分かれ、つぶ沼コースは距離が長い（国土交通省 胆沢ダム工事事務所）","OpenStreetMap（© OpenStreetMap contributors, ODbL 1.0）Geofabrik japan-latest.osm.pbf 2026-09-23T20:22:04Z node/1255659998（登山道と道路の接続点） ｜ 公式情報: https://www.thr.mlit.go.jp/isawa/sasala/vol_23/vol23_2m.htm ｜ 公式情報: https://www.rinya.maff.go.jp/tohoku/syo/iwatenanbu/attach/pdf/index-9.pdf",2026-09-20
TH-n1257198412,trailhead,栂峰登山口,37.851131,139.9169133,WGS84,179,栂峰,東北百名山,,道路の終点付近,栂峰:4.43km,,,provisional,30,林道からの入口（マイカー進入可否を要確認）、公式情報または2情報源での確認が必要、登山口までの林道は砂利道で数か所段差があり、四駆車を勧めている。片道3時間15分（やまがた山）,"OpenStreetMap（© OpenStreetMap contributors, ODbL 1.0）Geofabrik japan-latest.osm.pbf 2026-09-23T20:22:04Z node/1257198412（登山道と道路の接続点） ｜ 登山記録で広く使われている登山口（登山記録・登山情報サイトで名称と利用を確認。公式情報では未確認） 2026-09-25確認",
TH-n1257697710,trailhead,氷上山 玉山コース（本格的な登山道の入口）,39.065899,141.636448,WGS84,140,氷上山,東北百名山,,一般道との接続,氷上山:2.85km,,course=玉山コース（中級）3.9km、登り1時間50分・下り1時間20分。祈祷ヶ原まで約70分（陸前高田市観光物産協会）,adopted,15,登山マップでは玉山登山口（旅館「玉乃湯」付近）から林道を歩き、分岐を右へ入ったところから本格的な登山道となる。この地点はその分岐（陸前高田市観光物産協会）、東屋・滝山不動滝の駐車場は各4台（陸前高田市観光物産協会 登山マップ）,"OpenStreetMap（© OpenStreetMap contributors, ODbL 1.0）Geofabrik japan-latest.osm.pbf 2026-09-23T20:22:04Z node/1257697710（登山道と道路の接続点） ｜ 公式情報: https://takanavi.org/wp/wp-content/uploads/2020/04/%E6%B0%B7%E4%B8%8A%E5%B1%B1%E7%99%BB%E5%B1%B1%E3%83%9E%E3%83%83%E3%83%97.pdf ｜ 公式情報: https://takanavi.org/spot/%E3%80%90%E5%B1%B1%E3%80%91%E6%B0%B7%E4%B8%8A%E5%B1%B1/ ｜ 地理院地図の徒歩道が車道から始まる位置（39.066052, 141.637153）から63m、標高459.6m。地理院地図の徒歩道で山頂まで約3.0km 2026-09-26確認",2026-09-26
TH-n1257697762,trailhead,（名称未確認）,39.052427,141.674538,WGS84,140,氷上山,東北百名山,,一般道との接続,氷上山:4.25km,,,candidate,30,名称未確認、公式情報または2情報源での確認が必要,"OpenStreetMap（© OpenStreetMap contributors, ODbL 1.0）Geofabrik japan-latest.osm.pbf 2026-09-23T20:22:04Z node/1257697762（登山道と道路の接続点）",
TH-n1258428439,trailhead,（名称未確認）,38.793536,140.357942,WGS84,151,杢蔵山,東北百名山,,一般道との接続,杢蔵山:4.67km,,,candidate,30,名称未確認、公式情報または2情報源での確認が必要,"OpenStreetMap（© OpenStreetMap contributors, ODbL 1.0）Geofabrik japan-latest.osm.pbf 2026-09-23T20:22:04Z node/1258428439（登山道と道路の接続点）",
TH-n1258454981,trailhead,（名称未確認）,38.7792697,140.3850701,WGS84,151,杢蔵山,東北百名山,,道路の終点付近,杢蔵山:2.04km,,,candidate,30,名称未確認、林道からの入口（マイカー進入可否を要確認）、公式情報または2情報源での確認が必要,"OpenStreetMap（© OpenStreetMap contributors, ODbL 1.0）Geofabrik japan-latest.osm.pbf 2026-09-23T20:22:04Z node/1258454981（登山道と道路の接続点）",
TH-n1258484195,trailhead,（名称未確認）,38.7802356,140.3902841,WGS84,151,杢蔵山,東北百名山,,林道との接続,杢蔵山:1.57km,,,candidate,30,名称未確認、林道からの入口（マイカー進入可否を要確認）、公式情報または2情報源での確認が必要,"OpenStreetMap（© OpenStreetMap contributors, ODbL 1.0）Geofabrik japan-latest.osm.pbf 2026-09-23T20:22:04Z node/1258484195（登山道と道路の接続点）",
TH-n1258595121,trailhead,古寺登山口（古寺鉱泉・古寺案内センター）,38.3041772,139.9719756,WGS84,165,朝日連峰,日本百名山|日本二百名山|日本三百名山|東北百名山,古寺鉱泉コース,一般道との接続,朝日連峰:7.92km,PK-w1561711272(116m),,adopted,15,,"OpenStreetMap（© OpenStreetMap contributors, ODbL 1.0）Geofabrik japan-latest.osm.pbf 2026-09-23T20:22:04Z node/1258595121（登山道と道路の接続点） ｜ 国土地理院 地名検索「古寺案内センター」（38.302632, 139.970560、JGD2011、211m差）確認 ｜ 公式情報: https://www.rinya.maff.go.jp/tohoku/syo/okitama/syasin/yama/asahi.html ｜ 公式情報: https://tohoku.env.go.jp/blog/2022/08/page_00019.html",2026-09-20
TH-n1258604358,trailhead,（名称未確認）,38.3045853,140.0038882,WGS84,165,朝日連峰,日本百名山|日本二百名山|日本三百名山|東北百名山,,一般道（県道以上）との接続,朝日連峰:10.77km,,,candidate,30,名称未確認、公式情報または2情報源での確認が必要,"OpenStreetMap（© OpenStreetMap contributors, ODbL 1.0）Geofabrik japan-latest.osm.pbf 2026-09-23T20:22:04Z node/1258604358（登山道と道路の接続点）",
TH-n1259096246,trailhead,（名称未確認）,38.494467,140.427624,WGS84,157,甑岳,東北百名山,,一般道との接続,甑岳:2.05km,,,candidate,30,名称未確認、公式情報または2情報源での確認が必要,"OpenStreetMap（© OpenStreetMap contributors, ODbL 1.0）Geofabrik japan-latest.osm.pbf 2026-09-23T20:22:04Z node/1259096246（登山道と道路の接続点）",
TH-n1259104319,trailhead,（名称未確認）旧松田商店前バス停付近,38.478347,140.406339,WGS84,157,甑岳,東北百名山,,一般道との接続,甑岳:5.22km,PK-w1368338178(338m) BS-kP11-22-06-bs1425(418m) BS-kP11-22-06-bs1423(569m) BS-kP11-22-06-bs1428(580m),,provisional,30,名称未確認、公式情報または2情報源での確認が必要,"OpenStreetMap（© OpenStreetMap contributors, ODbL 1.0）Geofabrik japan-latest.osm.pbf 2026-09-23T20:22:04Z node/1259104319（登山道と道路の接続点）",
TH-n1259112230,trailhead,（名称未確認）旧松田商店前バス停付近,38.473809,140.409173,WGS84,157,甑岳,東北百名山,,一般道との接続,甑岳:5.02km,BS-kP11-22-06-bs1425(862m) BS-kP11-22-06-bs1428(897m),,provisional,30,名称未確認、公式情報または2情報源での確認が必要,"OpenStreetMap（© OpenStreetMap contributors, ODbL 1.0）Geofabrik japan-latest.osm.pbf 2026-09-23T20:22:04Z node/1259112230（登山道と道路の接続点）",
TH-n1259118116,trailhead,（名称未確認）,38.501567,140.431738,WGS84,157,甑岳,東北百名山,,一般道との接続,甑岳:2.39km,,,candidate,30,名称未確認、公式情報または2情報源での確認が必要,"OpenStreetMap（© OpenStreetMap contributors, ODbL 1.0）Geofabrik japan-latest.osm.pbf 2026-09-23T20:22:04Z node/1259118116（登山道と道路の接続点）",
TH-n1259658043,trailhead,（名称未確認）,39.2167249,140.8907903,WGS84,137,牛形山,東北百名山,,一般道（県道以上）との接続,牛形山:5.92km,PK-w1320218902(483m),,provisional,30,名称未確認、公式情報または2情報源での確認が必要,"OpenStreetMap（© OpenStreetMap contributors, ODbL 1.0）Geofabrik japan-latest.osm.pbf 2026-09-23T20:22:04Z node/1259658043（登山道と道路の接続点）",
TH-n1259693573,trailhead,（名称未確認）,39.2125737,140.8817501,WGS84,137,牛形山,東北百名山,,林道との接続,牛形山:2.7km,PK-n2736079615(434m) PK-w1320218904(474m),,provisional,30,名称未確認、林道からの入口（マイカー進入可否を要確認）、公式情報または2情報源での確認が必要,"OpenStreetMap（© OpenStreetMap contributors, ODbL 1.0）Geofabrik japan-latest.osm.pbf 2026-09-23T20:22:04Z node/1259693573（登山道と道路の接続点）",
TH-n1259696209,trailhead,中沢口（ハリマ小屋・翁山登山口）,38.644437,140.531339,WGS84,152,翁山,東北百名山,,一般道との接続,翁山:1.86km,,course=所要時間約3時間（尾花沢市）,adopted,15,登山口の正確な位置は公式情報では未確認,"OpenStreetMap（© OpenStreetMap contributors, ODbL 1.0）Geofabrik japan-latest.osm.pbf 2026-09-23T20:22:04Z node/1259696209（登山道と道路の接続点） ｜ 公式情報: https://www.city.obanazawa.yamagata.jp/kanko/nature/1310",2026-09-25
TH-n1259736906,trailhead,（名称未確認）,38.4870241,140.5529168,WGS84,159,黒伏山,東北百名山,,道路の終点付近,黒伏山:9.32km,,,candidate,30,名称未確認、林道からの入口（マイカー進入可否を要確認）、公式情報または2情報源での確認が必要,"OpenStreetMap（© OpenStreetMap contributors, ODbL 1.0）Geofabrik japan-latest.osm.pbf 2026-09-23T20:22:04Z node/1259736906（登山道と道路の接続点）",
TH-n1259786543,trailhead,（名称未確認）,38.6209,140.5367599,WGS84,152,翁山,東北百名山,,一般道との接続,翁山:4.09km,,,candidate,30,名称未確認、登山道が道路を横断する地点（途中の入口の可能性）、公式情報または2情報源での確認が必要,"OpenStreetMap（© OpenStreetMap contributors, ODbL 1.0）Geofabrik japan-latest.osm.pbf 2026-09-23T20:22:04Z node/1259786543（登山道と道路の接続点）",
TH-n1260472141,trailhead,久保登山口（蒲生岳）,37.3815083,139.3338671,WGS84,191,蒲生岳,東北百名山,,一般道との接続,蒲生岳:0.84km,PK-w236032006(219m),parking=蒲生岳登山口駐車場30台。トイレは駐車場の向いの集会所（福島県観光物産交流協会）; access=JR只見線会津蒲生駅（福島県観光物産交流協会）; course=駐車場から久保登山口5分、分岐点45分、蒲生岳35分。ブナ交流広場・小蒲生岳登山口を経て周回2時間50分（福島県観光物産交流協会）,adopted,15,岩場の通過があり、軽率な行動は事故に結び付く。初心者は経験者の同行が望ましい（福島県観光物産交流協会）、登山口の正確な位置は公式情報では未確認,"OpenStreetMap（© OpenStreetMap contributors, ODbL 1.0）Geofabrik japan-latest.osm.pbf 2026-09-23T20:22:04Z node/1260472141（登山道と道路の接続点） ｜ 公式情報: https://www.tif.ne.jp/yamafuku/mt30/13.html",2026-09-25
TH-n1260472773,trailhead,入叶津登山口,37.3682243,139.2809931,WGS84,195,浅草岳,日本三百名山|東北百名山|甲信越百名山,,登山口（OSMの登山口地物）,浅草岳:6.96km,,,provisional,15,近くの道路にゲートあり（車両通行止め・季節閉鎖の可能性）、公式情報または2情報源での確認が必要,"OpenStreetMap（© OpenStreetMap contributors, ODbL 1.0）Geofabrik japan-latest.osm.pbf 2026-09-23T20:22:04Z node/1260472773",
TH-n1260473581,trailhead,（名称未確認）,37.386031,139.342604,WGS84,191,蒲生岳,東北百名山,,一般道との接続,蒲生岳:0.72km,,,candidate,30,名称未確認、公式情報または2情報源での確認が必要,"OpenStreetMap（© OpenStreetMap contributors, ODbL 1.0）Geofabrik japan-latest.osm.pbf 2026-09-23T20:22:04Z node/1260473581（登山道と道路の接続点）",
TH-n1260526432,trailhead,赤倉沢登山口,37.2370535,139.3677772,WGS84,200,会津朝日岳,日本二百名山|日本三百名山|東北百名山,,道路の終点付近,会津朝日岳:3.82km,,,adopted,15,林道からの入口（マイカー進入可否を要確認）、JR只見駅から赤倉沢登山口まで車で30分、頂上まで約4時間。6月第2日曜日に山開き、シーズンは10月中旬まで（只見町）、渡渉する箇所が数回あり、雪解け水でぬかるんだ箇所、かなり狭い箇所、急斜面の箇所がある。山頂付近には雪渓がある（只見町）,"OpenStreetMap（© OpenStreetMap contributors, ODbL 1.0）Geofabrik japan-latest.osm.pbf 2026-09-23T20:22:04Z node/1260526432（登山道と道路の接続点） ｜ 公式情報: https://www.town.tadami.lg.jp/tourism/officiallyopen-2015/post-1.html ｜ 公式情報: https://www.tif.ne.jp/jp/entry/article.html?spot=3347 ｜ 国土地理院ベクトルタイル提供実験 地理院地図の徒歩道の起点とOSMの地点が0m差。国土地理院 地名検索「赤倉沢」（37.245872, 139.376922）から約1.1km上流 2026-09-22確認",2026-09-22
TH-n1260654071,trailhead,田子倉登山口,37.3188455,139.2533763,WGS84,195,浅草岳,日本三百名山|東北百名山|甲信越百名山,,登山口（OSMの登山口地物）,浅草岳:4.23km,PK-n3798376166(95m),,adopted,15,採用の根拠: OSMの登山口名と、地理院地図の徒歩道が道路から始まる位置の一致（公式情報では未確認）,"OpenStreetMap（© OpenStreetMap contributors, ODbL 1.0）Geofabrik japan-latest.osm.pbf 2026-09-23T20:22:04Z node/1260654071 ｜ 国土地理院ベクトルタイル提供実験 地理院地図の徒歩道の起点（37.318861, 139.253419、JGD2011、4m差）2026-09-24確認",
TH-n1260865242,trailhead,（名称未確認）,39.23932,141.768553,WGS84,136,五葉山,日本三百名山|東北百名山,,一般道との接続,五葉山:6.02km,,,candidate,30,名称未確認、公式情報または2情報源での確認が必要,"OpenStreetMap（© OpenStreetMap contributors, ODbL 1.0）Geofabrik japan-latest.osm.pbf 2026-09-23T20:22:04Z node/1260865242（登山道と道路の接続点）",
TH-n1260871223,trailhead,（名称未確認）洞泉駅前バス停付近,39.246558,141.752945,WGS84,136,五葉山,日本三百名山|東北百名山,,一般道との接続,五葉山:6.26km,BS-kP11-22-03-bs4653(656m),,provisional,30,名称未確認、登山道が道路を横断する地点（途中の入口の可能性）、公式情報または2情報源での確認が必要,"OpenStreetMap（© OpenStreetMap contributors, ODbL 1.0）Geofabrik japan-latest.osm.pbf 2026-09-23T20:22:04Z node/1260871223（登山道と道路の接続点）",
TH-n1261157004,trailhead,（名称未確認）,37.3832113,139.7017743,WGS84,193,博士山,東北百名山,OSM登山道「近洞寺コース」,一般道（県道以上）との接続,博士山:3.24km,,,candidate,30,名称未確認、公式情報または2情報源での確認が必要,"OpenStreetMap（© OpenStreetMap contributors, ODbL 1.0）Geofabrik japan-latest.osm.pbf 2026-09-23T20:22:04Z node/1261157004（登山道と道路の接続点）",
TH-n1261167032,trailhead,道海泣き尾根登山口,37.3783903,139.7100779,WGS84,193,博士山,東北百名山,OSM登山道「道海泣きコース」,登山口（OSMの登山口地物）,博士山:2.18km,PK-w945701994(76m),,adopted,15,採用の根拠: OSMの登山口名と、地理院地図の徒歩道が道路から始まる位置の一致（公式情報では未確認）,"OpenStreetMap（© OpenStreetMap contributors, ODbL 1.0）Geofabrik japan-latest.osm.pbf 2026-09-23T20:22:04Z node/1261167032 ｜ 国土地理院ベクトルタイル提供実験 地理院地図の徒歩道の起点（37.378384, 139.710072、JGD2011、1m差）2026-09-24確認",
TH-n1261689907,trailhead,白神岳登山口（登山口広場）,40.510684,139.970782,WGS84,108,白神岳,日本二百名山|日本三百名山|東北百名山,,一般道との接続,白神岳:6.27km,,restriction=白神岳登山口アクセス道（農道日野線）は4/1から通行可能（深浦町、2026.4.1のお知らせ）; parking=登山口の駐車場に休憩所とトイレがある（白神山地ビジターセンター）; course=マテ山コース: 登山口広場〜二股との分岐点1時間、〜最後の水場45分、〜マテ山1時間、〜十二湖方面との分岐点2時間、〜白神岳20分（白神山地ビジターセンター）,adopted,15,山頂には避難小屋とトイレがある（白神山地ビジターセンター）、白神岳の雪解けは例年5月中旬以降の見込み（深浦町）,"OpenStreetMap（© OpenStreetMap contributors, ODbL 1.0）Geofabrik japan-latest.osm.pbf 2026-09-23T20:22:04Z node/1261689907（登山道と道路の接続点） ｜ 公式情報: https://www.shirakami-visitor.jp/sansaku_tozan/mateyama_tozan.html ｜ 公式情報: https://www.town.fukaura.lg.jp/doc/2026040100034/ ｜ 公式情報: https://www.pref.aomori.lg.jp/soshiki/kankyo/shizen/shirakami.html ｜ 国土地理院ベクトルタイル提供実験 地理院地図の徒歩道の起点（40.510680, 139.970788）とOSMの地点が1m差 2026-09-22確認",2026-09-22
TH-n1261702726,trailhead,天狗峠,40.560901,140.10316,WGS84,107,天狗岳,東北百名山,,峠（道路との接続）,天狗岳:4.84km,,,adopted,30,,"OpenStreetMap（© OpenStreetMap contributors, ODbL 1.0）Geofabrik japan-latest.osm.pbf 2026-09-23T20:22:04Z node/1261702726（登山道と道路の接続点） ｜ 国土地理院 地名検索「天狗峠」（40.561119, 140.103253、JGD2011、25m差）2026-09-20確認",2026-09-20
TH-n1262156295,trailhead,（名称未確認）,39.3912229,141.91406,WGS84,134,鯨山,東北百名山,,一般道との接続,鯨山:1.34km,,,candidate,30,名称未確認、公式情報または2情報源での確認が必要,"OpenStreetMap（© OpenStreetMap contributors, ODbL 1.0）Geofabrik japan-latest.osm.pbf 2026-09-23T20:22:04Z node/1262156295（登山道と道路の接続点）",
TH-n1262158436,trailhead,（名称未確認）,39.387213,141.906299,WGS84,134,鯨山,東北百名山,,道路の終点付近,鯨山:2.24km,,,candidate,30,名称未確認、林道からの入口（マイカー進入可否を要確認）、公式情報または2情報源での確認が必要,"OpenStreetMap（© OpenStreetMap contributors, ODbL 1.0）Geofabrik japan-latest.osm.pbf 2026-09-23T20:22:04Z node/1262158436（登山道と道路の接続点）",
TH-n1262169432,trailhead,（名称未確認）,39.395789,141.913436,WGS84,134,鯨山,東北百名山,,道路の終点付近,鯨山:1.01km,,,candidate,30,名称未確認、公式情報または2情報源での確認が必要,"OpenStreetMap（© OpenStreetMap contributors, ODbL 1.0）Geofabrik japan-latest.osm.pbf 2026-09-23T20:22:04Z node/1262169432（登山道と道路の接続点）",
TH-n1262710756,trailhead,（名称未確認）,40.4370659,140.4293017,WGS84,112,田代岳,東北百名山,,道路の終点付近,田代岳:4.42km,,,candidate,30,名称未確認、林道からの入口（マイカー進入可否を要確認）、公式情報または2情報源での確認が必要,"OpenStreetMap（© OpenStreetMap contributors, ODbL 1.0）Geofabrik japan-latest.osm.pbf 2026-09-23T20:22:04Z node/1262710756（登山道と道路の接続点）",
TH-n1262726610,trailhead,（名称未確認）,40.126333,140.629105,WGS84,115,竜ヶ森,東北百名山,,一般道との接続,竜ヶ森:5.17km,,,candidate,30,名称未確認、公式情報または2情報源での確認が必要,"OpenStreetMap（© OpenStreetMap contributors, ODbL 1.0）Geofabrik japan-latest.osm.pbf 2026-09-23T20:22:04Z node/1262726610（登山道と道路の接続点）",
TH-n1262875705,trailhead,（名称未確認）,40.4004499,140.3980154,WGS84,112,田代岳,東北百名山,OSM登山道「薄市支線」,道路の終点付近,田代岳:3.96km,,,candidate,30,名称未確認、林道からの入口（マイカー進入可否を要確認）、公式情報または2情報源での確認が必要,"OpenStreetMap（© OpenStreetMap contributors, ODbL 1.0）Geofabrik japan-latest.osm.pbf 2026-09-23T20:22:04Z node/1262875705（登山道と道路の接続点）",
TH-n1262956619,trailhead,荒沢コース登山口（田代岳 Aコース）,40.4473639,140.427131,WGS84,112,田代岳,東北百名山,,道路の終点付近,田代岳:3.98km,,parking=約20台、マイクロバス等の駐車も可能。トイレあり（大館市）; access=国道7号から県道68号線に入り、山瀬ダム（五色湖）を経由。国道から約29km・60分。山瀬ダム以降は登山口まで未舗装の林道（大館市）; course=登山口より徒歩2時間・距離4km。登山口から3合目まで徒歩40分・1.5km（大館市）,adopted,15,林道からの入口（マイカー進入可否を要確認）、3合目手前までは小川沿いの岩場が続き、足場が悪い箇所もある（大館市）、登山口の正確な位置は公式情報では未確認,"OpenStreetMap（© OpenStreetMap contributors, ODbL 1.0）Geofabrik japan-latest.osm.pbf 2026-09-23T20:22:04Z node/1262956619（登山道と道路の接続点） ｜ 公式情報: https://www.city.odate.lg.jp/city/soshiki/tashiroshinkou/tashirodake/tozan/p999",2026-09-25
TH-n1262968888,trailhead,（名称未確認）,40.133244,140.610007,WGS84,115,竜ヶ森,東北百名山,,一般道との接続,竜ヶ森:4.07km,,,candidate,30,名称未確認、公式情報または2情報源での確認が必要,"OpenStreetMap（© OpenStreetMap contributors, ODbL 1.0）Geofabrik japan-latest.osm.pbf 2026-09-23T20:22:04Z node/1262968888（登山道と道路の接続点）",
TH-n1264430082,trailhead,（名称未確認）,40.601169,140.785301,WGS84,106,南八甲田,東北百名山,,道路の終点付近,南八甲田:5.48km,,,candidate,30,名称未確認、林道からの入口（マイカー進入可否を要確認）、公式情報または2情報源での確認が必要,"OpenStreetMap（© OpenStreetMap contributors, ODbL 1.0）Geofabrik japan-latest.osm.pbf 2026-09-23T20:22:04Z node/1264430082（登山道と道路の接続点）",
TH-n1264792134,trailhead,（名称未確認）岳バス停付近,39.536555,141.412047,WGS84,130,早池峰山,日本百名山|日本二百名山|日本三百名山|東北百名山,OSM登山道「鶏頭山コース・三山縦走コース」,一般道との接続,早池峰山:8.74km,BS-kP11-22-03-bs3211(407m) BS-kP11-22-03-bs3199(510m),,provisional,30,名称未確認、公式情報または2情報源での確認が必要,"OpenStreetMap（© OpenStreetMap contributors, ODbL 1.0）Geofabrik japan-latest.osm.pbf 2026-09-23T20:22:04Z node/1264792134（登山道と道路の接続点）",
TH-n1264897164,trailhead,（名称未確認）,39.540979,141.4914845,WGS84,130,早池峰山,日本百名山|日本二百名山|日本三百名山|東北百名山,,一般道（県道以上）との接続,早池峰山:3.42km,BS-n5773022421(357m) BS-n5773022422(358m) BS-n5773022423(358m),,provisional,30,名称未確認、公式情報または2情報源での確認が必要,"OpenStreetMap（© OpenStreetMap contributors, ODbL 1.0）Geofabrik japan-latest.osm.pbf 2026-09-23T20:22:04Z node/1264897164（登山道と道路の接続点）",
TH-n1266073839,trailhead,（名称未確認）滝ノ沢展望台Ｐ付近,40.4979292,140.8275197,WGS84,110,白地山,東北百名山,,一般道（県道以上）との接続,白地山:8.19km,PK-w757540377(7m) PK-n3093387736(50m) PK-w757540376(61m),,provisional,30,名称未確認、公式情報または2情報源での確認が必要,"OpenStreetMap（© OpenStreetMap contributors, ODbL 1.0）Geofabrik japan-latest.osm.pbf 2026-09-23T20:22:04Z node/1266073839（登山道と道路の接続点）",
TH-n1266121495,trailhead,（名称未確認）,40.5177359,140.8750964,WGS84,106,南八甲田,東北百名山,,一般道（県道以上）との接続,南八甲田:15.74km,,,candidate,30,名称未確認、公式情報または2情報源での確認が必要,"OpenStreetMap（© OpenStreetMap contributors, ODbL 1.0）Geofabrik japan-latest.osm.pbf 2026-09-23T20:22:04Z node/1266121495（登山道と道路の接続点）",
TH-n1266143841,trailhead,（名称未確認）,40.5376789,140.8361737,WGS84,106,南八甲田,東北百名山,,林道との接続,南八甲田:15.88km,,,candidate,30,名称未確認、林道からの入口（マイカー進入可否を要確認）、公式情報または2情報源での確認が必要,"OpenStreetMap（© OpenStreetMap contributors, ODbL 1.0）Geofabrik japan-latest.osm.pbf 2026-09-23T20:22:04Z node/1266143841（登山道と道路の接続点）",
TH-n1266186673,trailhead,（名称未確認）,40.441995,140.966232,WGS84,109 113,戸来岳、十和利山,東北百名山,,一般道との接続,戸来岳:4.9km 十和利山:5.51km,,,candidate,30,名称未確認、公式情報または2情報源での確認が必要,"OpenStreetMap（© OpenStreetMap contributors, ODbL 1.0）Geofabrik japan-latest.osm.pbf 2026-09-23T20:22:04Z node/1266186673（登山道と道路の接続点）",
TH-n1266200504,trailhead,迷ヶ平登山口（十和利山 西線）,40.416516,140.978656,WGS84,113,十和利山,東北百名山,,道路の終点付近,十和利山:2.21km,,,provisional,30,公式情報または2情報源での確認が必要,"OpenStreetMap（© OpenStreetMap contributors, ODbL 1.0）Geofabrik japan-latest.osm.pbf 2026-09-23T20:22:04Z node/1266200504（登山道と道路の接続点） ｜ 登山記録で広く使われている登山口（登山記録・登山情報サイトで名称と利用を確認。公式情報では未確認） 2026-09-26確認",
TH-n1266222529,trailhead,（名称未確認）曽利滝バス停付近,39.9877957,140.7784937,WGS84,119,秋田焼山,東北百名山,,一般道との接続,秋田焼山:4.13km,BS-kP11-22-05-bs1432(718m) BS-kP11-22-05-bs1433(718m),,provisional,30,名称未確認、公式情報または2情報源での確認が必要,"OpenStreetMap（© OpenStreetMap contributors, ODbL 1.0）Geofabrik japan-latest.osm.pbf 2026-09-23T20:22:04Z node/1266222529（登山道と道路の接続点）",
TH-n1266232906,trailhead,（名称未確認）紫明亭駐車場付近,40.4075413,140.8580933,WGS84,110,白地山,東北百名山,,一般道（県道以上）との接続,白地山:9.83km,PK-w456145728(163m),,provisional,30,名称未確認、公式情報または2情報源での確認が必要,"OpenStreetMap（© OpenStreetMap contributors, ODbL 1.0）Geofabrik japan-latest.osm.pbf 2026-09-23T20:22:04Z node/1266232906（登山道と道路の接続点）",
TH-n1266267413,trailhead,後生掛温泉（秋田焼山登山口）,39.972306,140.800702,WGS84,119,秋田焼山,東北百名山,,一般道との接続,秋田焼山:4.65km,BS-n4407677397(318m) BS-n4407677398(322m),,provisional,30,登山道が道路を横断する地点（途中の入口の可能性）、公式情報または2情報源での確認が必要,"OpenStreetMap（© OpenStreetMap contributors, ODbL 1.0）Geofabrik japan-latest.osm.pbf 2026-09-23T20:22:04Z node/1266267413（登山道と道路の接続点） ｜ 登山記録で広く使われている登山口（登山記録・登山情報サイトで名称と利用を確認。公式情報では未確認） 2026-09-25確認",
TH-n1266268115,trailhead,（名称未確認）,39.975654,140.798319,WGS84,119,秋田焼山,東北百名山,,一般道との接続,秋田焼山:4.83km,BS-n4407677397(129m) BS-n4407677398(172m),,provisional,30,名称未確認、公式情報または2情報源での確認が必要,"OpenStreetMap（© OpenStreetMap contributors, ODbL 1.0）Geofabrik japan-latest.osm.pbf 2026-09-23T20:22:04Z node/1266268115（登山道と道路の接続点）",
TH-n1266282577,trailhead,（名称未確認）八幡平温泉;ゆらら付近,39.9829765,140.8018437,WGS84,120,八幡平,日本百名山|日本二百名山|日本三百名山|東北百名山,OSM登山道「大沼自然研究路」,一般道（県道以上）との接続,八幡平:7.38km,PK-w438256769(69m) PK-w688336022(283m) PK-n6454301149(292m) BS-n4407677398(871m) BS-n4407677397(895m),,provisional,30,名称未確認、登山道が道路を横断する地点（途中の入口の可能性）、公式情報または2情報源での確認が必要,"OpenStreetMap（© OpenStreetMap contributors, ODbL 1.0）Geofabrik japan-latest.osm.pbf 2026-09-23T20:22:04Z node/1266282577（登山道と道路の接続点）",
TH-n1266518348,trailhead,（名称未確認）,39.8079936,140.9924127,WGS84,122,岩手山,日本百名山|日本二百名山|日本三百名山|東北百名山,OSM登山道「御神坂コース」,登山口（OSMの登山口地物）,岩手山:5.93km,,,provisional,15,名称未確認、公式情報または2情報源での確認が必要,"OpenStreetMap（© OpenStreetMap contributors, ODbL 1.0）Geofabrik japan-latest.osm.pbf 2026-09-23T20:22:04Z node/1266518348",
TH-n1267022916,trailhead,（名称未確認）,39.066211,141.663588,WGS84,140,氷上山,東北百名山,,一般道との接続,氷上山:1.92km,,,candidate,30,名称未確認、公式情報または2情報源での確認が必要,"OpenStreetMap（© OpenStreetMap contributors, ODbL 1.0）Geofabrik japan-latest.osm.pbf 2026-09-23T20:22:04Z node/1267022916（登山道と道路の接続点）",
TH-n1267108190,trailhead,（名称未確認）しゃくなげの湯っこ;五葉温泉付近,39.165193,141.717153,WGS84,136,五葉山,日本三百名山|東北百名山,,一般道（県道以上）との接続,五葉山:5.77km,PK-n6541147531(339m) PK-w696534072(355m),,provisional,30,名称未確認、公式情報または2情報源での確認が必要,"OpenStreetMap（© OpenStreetMap contributors, ODbL 1.0）Geofabrik japan-latest.osm.pbf 2026-09-23T20:22:04Z node/1267108190（登山道と道路の接続点）",
TH-n1267256517,trailhead,（名称未確認）,38.4044303,140.7226367,WGS84,161,泉ヶ岳,日本三百名山|東北百名山,OSM登山道「表コース」,一般道（県道以上）との接続,泉ヶ岳:1.66km,,,candidate,30,名称未確認、公式情報または2情報源での確認が必要,"OpenStreetMap（© OpenStreetMap contributors, ODbL 1.0）Geofabrik japan-latest.osm.pbf 2026-09-23T20:22:04Z node/1267256517（登山道と道路の接続点）",
TH-n1267266464,trailhead,泉岳自然ふれあい館（泉ヶ岳登山口）,38.3914146,140.7128438,WGS84,161,泉ヶ岳,日本三百名山|東北百名山,OSM登山道「水神コース」,一般道との接続,泉ヶ岳:2.95km,BS-kP11-22-04-bs2385(649m) BS-kP11-22-04-bs2385(649m),parking=ふれあい館近くの駐車場（無料）; bus=地下鉄泉中央駅から仙台市営バス「泉岳自然ふれあい館」行き,adopted,15,ふれあい館から泉ヶ岳の山頂まで約3.8km（仙台市）、公式情報の名称（バス停名は国土数値情報）と、地理院地図で徒歩道が道路から始まる位置（0m差）が一致,"OpenStreetMap（© OpenStreetMap contributors, ODbL 1.0）Geofabrik japan-latest.osm.pbf 2026-09-23T20:22:04Z node/1267266464（登山道と道路の接続点） ｜ 公式情報: https://www.city.sendai.jp/izumi-katsudo/event/sizenkansatukai-syosinsyatozan.html ｜ 公式情報: https://www.sentabi.jp/spots/30 ｜ 公式情報: https://www.shizenfureaikan.jp/ ｜ 国土地理院ベクトルタイル提供実験 地理院地図の徒歩道の起点（38.391416, 140.712844、JGD2011、0m差）2026-09-21確認",2026-09-20
TH-n1267274052,trailhead,（名称未確認）泉岳自然ふれあい館バス停付近,38.396884,140.7227519,WGS84,161,泉ヶ岳,日本三百名山|東北百名山,,一般道（県道以上）との接続,泉ヶ岳:2.3km,BS-kP11-22-04-bs2385(779m) BS-kP11-22-04-bs2385(779m),,provisional,30,名称未確認、公式情報または2情報源での確認が必要,"OpenStreetMap（© OpenStreetMap contributors, ODbL 1.0）Geofabrik japan-latest.osm.pbf 2026-09-23T20:22:04Z node/1267274052（登山道と道路の接続点）",
TH-n1269138920,trailhead,馬返し登山口（柳沢コース）,39.8344393,141.0391869,WGS84,122,岩手山,日本百名山|日本二百名山|日本三百名山|東北百名山,OSM登山道「柳沢コース」,登山口（OSMの登山口地物）,岩手山:4.93km,PK-w52461135(227m),course=柳沢コース 片道7.2km・4時間40分（環境省）; OSM登山ルート: Mount Iwate Yanagisawa Trail (New)、Mount Iwate Yanagisawa Trail (Old),adopted,15,近くの道路にゲートあり（車両通行止め・季節閉鎖の可能性）、岩手山の噴火警戒レベルは2026年8月27日にレベル2からレベル1へ引き下げられた（仙台管区気象台）、火山活動が比較的活発な西側は、安全確認等のため引き続き立入規制。対象は犬倉山分岐（雫石町）・県民の森登山口（八幡平市）・松川キャンプ場登山口（八幡平市）（東北森林管理局）,"OpenStreetMap（© OpenStreetMap contributors, ODbL 1.0）Geofabrik japan-latest.osm.pbf 2026-09-23T20:22:04Z node/1269138920 ｜ 国土地理院ベクトルタイル提供実験 地理院地図の徒歩道の起点（39.834400, 141.039215、JGD2011、5m差）2026-09-24確認 ｜ 公式情報: https://www.env.go.jp/nature/nationalparks/list/towada-hachimantai/course/16/ ｜ 公式情報: https://www.rinya.maff.go.jp/tohoku/syo/morioka/iwatesan/iwatesan_nyuuzannkisei.html ｜ 公式情報: https://www.data.jma.go.jp/vois/data/report/activity_info/207.html",2026-09-20
TH-n1270909814,trailhead,城内登山口（姫神山）,39.829855,141.234921,WGS84,123,姫神山,日本二百名山|日本三百名山|東北百名山,,一般道との接続,姫神山:2.01km,,,provisional,30,公式情報または2情報源での確認が必要,"OpenStreetMap（© OpenStreetMap contributors, ODbL 1.0）Geofabrik japan-latest.osm.pbf 2026-09-23T20:22:04Z node/1270909814（登山道と道路の接続点） ｜ 登山記録で広く使われている登山口（登山記録・登山情報サイトで名称と利用を確認。公式情報では未確認） 2026-09-26確認",
TH-n1270923848,trailhead,（名称未確認）,39.8420879,141.265714,WGS84,123,姫神山,日本二百名山|日本三百名山|東北百名山,,一般道との接続,姫神山:1.89km,,,candidate,30,名称未確認、登山道が道路を横断する地点（途中の入口の可能性）、公式情報または2情報源での確認が必要,"OpenStreetMap（© OpenStreetMap contributors, ODbL 1.0）Geofabrik japan-latest.osm.pbf 2026-09-23T20:22:04Z node/1270923848（登山道と道路の接続点）",
TH-n1270928677,trailhead,（名称未確認）,38.5003297,140.223094,WGS84,155,葉山,東北百名山,,一般道との接続,葉山:5.06km,,,candidate,30,名称未確認、公式情報または2情報源での確認が必要,"OpenStreetMap（© OpenStreetMap contributors, ODbL 1.0）Geofabrik japan-latest.osm.pbf 2026-09-23T20:22:04Z node/1270928677（登山道と道路の接続点）",
TH-n1270931227,trailhead,葉山登山口（畑コース・立岩コース方面）,38.504259,140.217385,WGS84,155,葉山,東北百名山,,一般道との接続,葉山:3.92km,,parking=畑コース・立岩コースは葉山市民荘の駐車場を利用（寒河江市）; season=登山ポストの利用期間は4月20日から10月31日まで（寒河江市）,adopted,15,十分一峠コースは通行止め（寒河江市、令和7年6月24日現在）、畑コースと立岩コースのどちらの登山口かは未確認。登山口の正確な位置は公式情報では未確認,"OpenStreetMap（© OpenStreetMap contributors, ODbL 1.0）Geofabrik japan-latest.osm.pbf 2026-09-23T20:22:04Z node/1270931227（登山道と道路の接続点） ｜ 公式情報: https://www.city.sagae.yamagata.jp/kanko/kankoinfo/kanko/hayama.html",2026-09-25
TH-n1270933093,trailhead,一本杉登山口,39.852502,141.233054,WGS84,123,姫神山,日本二百名山|日本三百名山|東北百名山,,道路の終点付近,姫神山:1.78km,PK-w1340352752(278m),parking=登山者は一本杉園地の第1駐車場・第2駐車場を利用（盛岡市）; season=一本杉園地の水道・トイレは4月〜11月（盛岡市）,adopted,15,林道からの入口（マイカー進入可否を要確認）、一本杉登山口から約10分で一本杉、山頂まで約1時間30分（林野庁）、姫神山の登山口は一本杉・こわ坂・田代・城内の4コース。山開きは5月中旬（林野庁）、IGR渋民駅から登山口まで車で約25分（林野庁）,"OpenStreetMap（© OpenStreetMap contributors, ODbL 1.0）Geofabrik japan-latest.osm.pbf 2026-09-23T20:22:04Z node/1270933093（登山道と道路の接続点） ｜ 公式情報: https://www.rinya.maff.go.jp/tohoku/introduction/gaiyou_kyoku/annai/midokoro/midokoro_2017_02.html ｜ 公式情報: https://www.city.morioka.iwate.jp/shisetsu/sports/koen/1035887.html ｜ 国土地理院ベクトルタイル提供実験 地理院地図の徒歩道の起点（39.852593, 141.233065）とOSMの地点が約10m差 2026-09-22確認",2026-09-22
TH-n1270974034,trailhead,（名称未確認）,38.529955,140.194608,WGS84,155,葉山,東北百名山,,道路の終点付近,葉山:2.05km,,,candidate,30,名称未確認、林道からの入口（マイカー進入可否を要確認）、公式情報または2情報源での確認が必要,"OpenStreetMap（© OpenStreetMap contributors, ODbL 1.0）Geofabrik japan-latest.osm.pbf 2026-09-23T20:22:04Z node/1270974034（登山道と道路の接続点）",
TH-n1270994775,trailhead,こわ坂登山口（姫神山）,39.8591401,141.2399251,WGS84,123,姫神山,日本二百名山|日本三百名山|東北百名山,,一般道との接続,姫神山:1.92km,,,provisional,30,公式情報または2情報源での確認が必要,"OpenStreetMap（© OpenStreetMap contributors, ODbL 1.0）Geofabrik japan-latest.osm.pbf 2026-09-23T20:22:04Z node/1270994775（登山道と道路の接続点） ｜ 登山記録で広く使われている登山口（登山記録・登山情報サイトで名称と利用を確認。公式情報では未確認） 2026-09-26確認",
TH-n1275297658,trailhead,（名称未確認）,38.408084,140.820951,WGS84,160,七ッ森,東北百名山,,一般道（県道以上）との接続,七ッ森:0.85km,,,candidate,30,名称未確認、公式情報または2情報源での確認が必要,"OpenStreetMap（© OpenStreetMap contributors, ODbL 1.0）Geofabrik japan-latest.osm.pbf 2026-09-23T20:22:04Z node/1275297658（登山道と道路の接続点）",
TH-n1281091550,trailhead,（名称未確認）,40.43767,140.8405809,WGS84,110,白地山,東北百名山,,一般道との接続,白地山:7.01km,PK-w739518716(200m) PK-w739518715(267m),,provisional,30,名称未確認、公式情報または2情報源での確認が必要,"OpenStreetMap（© OpenStreetMap contributors, ODbL 1.0）Geofabrik japan-latest.osm.pbf 2026-09-23T20:22:04Z node/1281091550（登山道と道路の接続点）",
TH-n1281107766,trailhead,（名称未確認）Towada Prince Hotel 付近,40.4554297,140.8413799,WGS84,110,白地山,東北百名山,,一般道（県道以上）との接続,白地山:6.6km,PK-w566228936(125m) PK-w566229005(204m),,provisional,30,名称未確認、登山道が道路を横断する地点（途中の入口の可能性）、公式情報または2情報源での確認が必要,"OpenStreetMap（© OpenStreetMap contributors, ODbL 1.0）Geofabrik japan-latest.osm.pbf 2026-09-23T20:22:04Z node/1281107766（登山道と道路の接続点）",
TH-n1289909030,trailhead,玉川温泉（秋田焼山登山口）,39.9630474,140.7252629,WGS84,119,秋田焼山,東北百名山,,一般道との接続,秋田焼山:3.24km,PK-w550151692(70m) BS-kP11-22-05-bs1491(3m) BS-kP11-22-05-bs1492(3m) BS-kP11-22-05-bs1493(3m),,provisional,30,近くの道路にゲートあり（車両通行止め・季節閉鎖の可能性）、公式情報または2情報源での確認が必要,"OpenStreetMap（© OpenStreetMap contributors, ODbL 1.0）Geofabrik japan-latest.osm.pbf 2026-09-23T20:22:04Z node/1289909030（登山道と道路の接続点） ｜ 登山記録で広く使われている登山口（登山記録・登山情報サイトで名称と利用を確認。公式情報では未確認） 2026-09-25確認",
TH-n1289941185,trailhead,（名称未確認）大深温泉付近,39.9721325,140.8191249,WGS84,120,八幡平,日本百名山|日本二百名山|日本三百名山|東北百名山,,一般道（県道以上）との接続,八幡平:3.7km,BS-n4386380396(679m),,provisional,30,名称未確認、公式情報または2情報源での確認が必要,"OpenStreetMap（© OpenStreetMap contributors, ODbL 1.0）Geofabrik japan-latest.osm.pbf 2026-09-23T20:22:04Z node/1289941185（登山道と道路の接続点） ｜ 国土地理院 地名検索「大深温泉」（39.972211, 140.816803、JGD2011、198m差）2026-09-20確認",2026-09-20
TH-n1289976759,trailhead,（名称未確認）乳頭蟹場温泉バス停付近,39.805801,140.798399,WGS84,124 125 127,大白森、烏帽子岳、秋田駒ヶ岳,東北百名山|日本三百名山|日本二百名山,,道路の終点付近,大白森:5.88km 烏帽子岳:4.21km 秋田駒ヶ岳:13.32km,BS-kP11-22-05-bs1911(22m) BS-kP11-22-05-bs1912(184m) BS-kP11-22-05-bs1915(277m),,provisional,30,名称未確認、公式情報または2情報源での確認が必要,"OpenStreetMap（© OpenStreetMap contributors, ODbL 1.0）Geofabrik japan-latest.osm.pbf 2026-09-23T20:22:04Z node/1289976759（登山道と道路の接続点）",
TH-n1289981080,trailhead,（名称未確認）鶴の湯温泉旧道口バス停付近,39.7981736,140.7779023,WGS84,124 125,大白森、烏帽子岳,東北百名山|日本三百名山,,一般道（県道以上）との接続,大白森:6.08km 烏帽子岳:9.62km,PK-w760935962(286m) PK-w760935960(307m) PK-w760935961(344m) BS-kP11-22-05-bs1919(1m) BS-n6813373061(781m) BS-kP11-22-05-bs1928(877m),,provisional,30,名称未確認、公式情報または2情報源での確認が必要,"OpenStreetMap（© OpenStreetMap contributors, ODbL 1.0）Geofabrik japan-latest.osm.pbf 2026-09-23T20:22:04Z node/1289981080（登山道と道路の接続点）",
TH-n1289990940,trailhead,（名称未確認）妙乃湯温泉前バス停付近,39.802158,140.8054488,WGS84,125,烏帽子岳,日本三百名山|東北百名山,,一般道との接続,烏帽子岳:3.47km,BS-kP11-22-05-bs1915(709m) BS-kP11-22-05-bs1911(743m) BS-kP11-22-05-bs1912(803m),,provisional,30,名称未確認、公式情報または2情報源での確認が必要,"OpenStreetMap（© OpenStreetMap contributors, ODbL 1.0）Geofabrik japan-latest.osm.pbf 2026-09-23T20:22:04Z node/1289990940（登山道と道路の接続点）",
TH-n1290011711,trailhead,甘露水口（和賀岳登山口・真木林道）,39.5824532,140.667229,WGS84,129,和賀岳,日本二百名山|日本三百名山|東北百名山,,道路の終点付近,和賀岳:10.6km,,forestRoad=国道46号から地方道50号で大仙市太田町の小神成地区へ。真木集落を経由し、真木林道を約7km。JR角館駅から登山口まで車で約50分（秋田県）; parking=登山口に駐車場とトイレがある（秋田県 山岳グレーディング）,adopted,15,"林道からの入口（マイカー進入可否を要確認）、甘露水口から薬師平を経由して山頂へ（秋田県）。ルート全長17.3km、標高差1,072.4m、コースタイム9時間10分、グレード4B（秋田県 山岳グレーディング）","OpenStreetMap（© OpenStreetMap contributors, ODbL 1.0）Geofabrik japan-latest.osm.pbf 2026-09-23T20:22:04Z node/1290011711（登山道と道路の接続点） ｜ 公式情報: https://www.pref.akita.lg.jp/uploads/public/archive_0000039872_00/%E7%A7%8B%E7%94%B0%E7%9C%8C%E3%81%AE%E5%B1%B1%E5%B2%B3%E3%82%B0%E3%83%AC%E3%83%BC%E3%83%87%E3%82%A3%E3%83%B3%E3%82%B0HB%EF%BC%8821%E3%83%9A%E3%83%BC%E3%82%B8%EF%BD%9E31%E3%83%9A%E3%83%BC%E3%82%B8%EF%BC%89.pdf ｜ 公式情報: https://www.pref.akita.lg.jp/pages/contents/65224 ｜ 国土地理院ベクトルタイル提供実験 地理院地図の徒歩道の起点とOSMの地点が22m差。標高369m（地理院の標高API）で、秋田県の登山口の標高367mと一致 2026-09-22確認",2026-09-22
TH-n1297691475,trailhead,（名称未確認）田沢湖スキー場前バス停付近,39.758419,140.762311,WGS84,125 127,烏帽子岳、秋田駒ヶ岳,日本三百名山|東北百名山|日本二百名山,,一般道との接続,烏帽子岳:11.88km 秋田駒ヶ岳:3.28km,PK-w1280087479(50m) PK-w457372113(265m) PK-w457375701(462m) BS-kP11-22-05-bs2000(672m) BS-n6813373067(707m) BS-kP11-22-05-bs1998(956m),,provisional,30,名称未確認、公式情報または2情報源での確認が必要,"OpenStreetMap（© OpenStreetMap contributors, ODbL 1.0）Geofabrik japan-latest.osm.pbf 2026-09-23T20:22:04Z node/1297691475（登山道と道路の接続点）",
TH-n1297880291,trailhead,（名称未確認）,38.094732,140.577622,WGS84,173,青麻山,東北百名山,,一般道との接続,青麻山:3.28km,,,candidate,30,名称未確認、公式情報または2情報源での確認が必要,"OpenStreetMap（© OpenStreetMap contributors, ODbL 1.0）Geofabrik japan-latest.osm.pbf 2026-09-23T20:22:04Z node/1297880291（登山道と道路の接続点）",
TH-n1304373563,trailhead,（名称未確認）,38.0674428,140.5902922,WGS84,173,青麻山,東北百名山,,一般道との接続,青麻山:4.85km,,,candidate,30,名称未確認、公式情報または2情報源での確認が必要,"OpenStreetMap（© OpenStreetMap contributors, ODbL 1.0）Geofabrik japan-latest.osm.pbf 2026-09-23T20:22:04Z node/1304373563（登山道と道路の接続点）",
TH-n1304391887,trailhead,（名称未確認）,38.080442,140.575094,WGS84,173,青麻山,東北百名山,,一般道との接続,青麻山:5.43km,,,candidate,30,名称未確認、公式情報または2情報源での確認が必要,"OpenStreetMap（© OpenStreetMap contributors, ODbL 1.0）Geofabrik japan-latest.osm.pbf 2026-09-23T20:22:04Z node/1304391887（登山道と道路の接続点）",
TH-n1304445961,trailhead,（名称未確認）,39.4378103,140.6490632,WGS84,132 133,真昼岳、女神山,東北百名山,,林道との接続,真昼岳:5.65km 女神山:5.73km,,,candidate,30,名称未確認、林道からの入口（マイカー進入可否を要確認）、公式情報または2情報源での確認が必要,"OpenStreetMap（© OpenStreetMap contributors, ODbL 1.0）Geofabrik japan-latest.osm.pbf 2026-09-23T20:22:04Z node/1304445961（登山道と道路の接続点）",
TH-n1304456367,trailhead,（名称未確認）,39.4564083,140.6531875,WGS84,132,真昼岳,東北百名山,,道路の終点付近,真昼岳:3.73km,,,candidate,30,名称未確認、林道からの入口（マイカー進入可否を要確認）、公式情報または2情報源での確認が必要,"OpenStreetMap（© OpenStreetMap contributors, ODbL 1.0）Geofabrik japan-latest.osm.pbf 2026-09-23T20:22:04Z node/1304456367（登山道と道路の接続点）",
TH-n1304471013,trailhead,（名称未確認）,39.4044797,140.6243117,WGS84,132 133,真昼岳、女神山,東北百名山,,一般道との接続,真昼岳:10.35km 女神山:5.81km,,,candidate,30,名称未確認、公式情報または2情報源での確認が必要,"OpenStreetMap（© OpenStreetMap contributors, ODbL 1.0）Geofabrik japan-latest.osm.pbf 2026-09-23T20:22:04Z node/1304471013（登山道と道路の接続点）",
TH-n1304475952,trailhead,峰越口（真昼岳登山口）,39.4660631,140.6948348,WGS84,132 133,真昼岳、女神山,東北百名山,,道路の終点付近,真昼岳:2.91km 女神山:7.4km,,season=冬期は除雪しないため、雪が降ってから雪解けまで峰越林道は通行止め（美郷町）,adopted,15,林道からの入口（マイカー進入可否を要確認）、峰越林道は通行可能だが未舗装で凸凹があり、1車線で待避箇所での譲り合いが必要。倒木・落石の危険がある（美郷町、令和8年9月15日更新）、登山口の正確な位置は公式情報では未確認,"OpenStreetMap（© OpenStreetMap contributors, ODbL 1.0）Geofabrik japan-latest.osm.pbf 2026-09-23T20:22:04Z node/1304475952（登山道と道路の接続点） ｜ 公式情報: https://www.town.misato.akita.jp/archive/contents-2687",2026-09-25
TH-n1304550580,trailhead,（名称未確認）,39.5396008,140.7183959,WGS84,129,和賀岳,日本二百名山|日本三百名山|東北百名山,,林道との接続,和賀岳:6.79km,,,candidate,30,名称未確認、林道からの入口（マイカー進入可否を要確認）、公式情報または2情報源での確認が必要,"OpenStreetMap（© OpenStreetMap contributors, ODbL 1.0）Geofabrik japan-latest.osm.pbf 2026-09-23T20:22:04Z node/1304550580（登山道と道路の接続点）",
TH-n1308919749,trailhead,（名称未確認）,40.9791219,140.503636,WGS84,103,袴腰岳,東北百名山,,林道との接続,袴腰岳:2.78km,,,candidate,30,名称未確認、林道からの入口（マイカー進入可否を要確認）、公式情報または2情報源での確認が必要,"OpenStreetMap（© OpenStreetMap contributors, ODbL 1.0）Geofabrik japan-latest.osm.pbf 2026-09-23T20:22:04Z node/1308919749（登山道と道路の接続点）",
TH-n1310762940,trailhead,（名称未確認）,37.276684,140.53398,WGS84,198,蓬田岳,東北百名山,,一般道との接続,蓬田岳:1.45km,,,candidate,30,名称未確認、公式情報または2情報源での確認が必要,"OpenStreetMap（© OpenStreetMap contributors, ODbL 1.0）Geofabrik japan-latest.osm.pbf 2026-09-23T20:22:04Z node/1310762940（登山道と道路の接続点）",
TH-n1311486644,trailhead,（名称未確認）,40.992134,140.494544,WGS84,103,袴腰岳,東北百名山,,道路の終点付近,袴腰岳:3.19km,,,candidate,30,名称未確認、林道からの入口（マイカー進入可否を要確認）、公式情報または2情報源での確認が必要,"OpenStreetMap（© OpenStreetMap contributors, ODbL 1.0）Geofabrik japan-latest.osm.pbf 2026-09-23T20:22:04Z node/1311486644（登山道と道路の接続点）",
TH-n1338506547,trailhead,（名称未確認）,39.0503946,140.2224234,WGS84,141,丁岳,東北百名山,,林道との接続,丁岳:2.27km,,,candidate,30,名称未確認、林道からの入口（マイカー進入可否を要確認）、公式情報または2情報源での確認が必要,"OpenStreetMap（© OpenStreetMap contributors, ODbL 1.0）Geofabrik japan-latest.osm.pbf 2026-09-23T20:22:04Z node/1338506547（登山道と道路の接続点）",
TH-n1338508454,trailhead,（名称未確認）,39.0967933,140.1078585,WGS84,139,鳥海山,日本百名山|日本二百名山|日本三百名山|東北百名山,OSM登山道「百宅口コース」,一般道との接続,鳥海山:5.85km,PK-w954432868(57m),,provisional,30,名称未確認、公式情報または2情報源での確認が必要、2026年9月7日に手代林道（手代橋手前）で道路の陥没と亀裂が確認され通行止め。百宅口からは通行できず、復旧時期は未定（由利本荘市、2026年9月8日更新）、この地点がどの登山口かは未確認,"OpenStreetMap（© OpenStreetMap contributors, ODbL 1.0）Geofabrik japan-latest.osm.pbf 2026-09-23T20:22:04Z node/1338508454（登山道と道路の接続点） ｜ 公式情報: https://www.city.yurihonjo.lg.jp/kanko/osusume/1012 ｜ 公式情報: https://www.city.yurihonjo.lg.jp/1001505/1002162/1010349.html",2026-09-20
TH-n1338701134,trailhead,祓川（矢島口コース五合目）,39.1313219,140.0686856,WGS84,139,鳥海山,日本百名山|日本二百名山|日本三百名山|東北百名山,OSM登山道「矢島口コース」,道路の終点付近,鳥海山:4.51km,PK-w370050341(29m) PK-w370050340(395m),,adopted,15,,"OpenStreetMap（© OpenStreetMap contributors, ODbL 1.0）Geofabrik japan-latest.osm.pbf 2026-09-23T20:22:04Z node/1338701134（登山道と道路の接続点） ｜ 公式情報: https://www.city.yurihonjo.lg.jp/kanko/osusume/1012 ｜ 公式情報: https://www.city.yurihonjo.lg.jp/shisetsu/1002012/1002038/1003971.html",2026-09-20
TH-n1360333032,trailhead,大平登山口,39.107274,139.9818014,WGS84,139,鳥海山,日本百名山|日本二百名山|日本三百名山|東北百名山,OSM登山道「吹浦口コース」,登山口（OSMの登山口地物）,鳥海山:6.96km,PK-w567049341(406m),,adopted,15,採用の根拠: OSMの登山口名と、地理院地図の徒歩道が道路から始まる位置の一致（公式情報では未確認）,"OpenStreetMap（© OpenStreetMap contributors, ODbL 1.0）Geofabrik japan-latest.osm.pbf 2026-09-23T20:22:04Z node/1360333032 ｜ 国土地理院ベクトルタイル提供実験 地理院地図の徒歩道の起点（39.107311, 139.981793、JGD2011、4m差）2026-09-24確認",
TH-n1360351037,trailhead,（名称未確認）ニノ滝駐車場付近,39.056709,139.990522,WGS84,139,鳥海山,日本百名山|日本二百名山|日本三百名山|東北百名山,,一般道（県道以上）との接続,鳥海山:9.3km,PK-w954432864(7m) PK-w954432867(213m),,provisional,30,名称未確認、公式情報または2情報源での確認が必要,"OpenStreetMap（© OpenStreetMap contributors, ODbL 1.0）Geofabrik japan-latest.osm.pbf 2026-09-23T20:22:04Z node/1360351037（登山道と道路の接続点）",
TH-n1361307746,trailhead,（名称未確認）,38.906294,140.4424678,WGS84,146 148,神室山、小又山,日本二百名山|日本三百名山|東北百名山,OSM登山道「有屋コース」,一般道との接続,神室山:5.69km 小又山:10.53km,,,candidate,30,名称未確認、公式情報または2情報源での確認が必要,"OpenStreetMap（© OpenStreetMap contributors, ODbL 1.0）Geofabrik japan-latest.osm.pbf 2026-09-23T20:22:04Z node/1361307746（登山道と道路の接続点）",
TH-n1364062918,trailhead,（名称未確認）,39.0136741,140.3013238,WGS84,142,甑山,東北百名山,,道路の終点付近,甑山:0.98km,,,candidate,30,名称未確認、林道からの入口（マイカー進入可否を要確認）、公式情報または2情報源での確認が必要,"OpenStreetMap（© OpenStreetMap contributors, ODbL 1.0）Geofabrik japan-latest.osm.pbf 2026-09-23T20:22:04Z node/1364062918（登山道と道路の接続点）",
TH-n1364064551,trailhead,（名称未確認）,38.989879,140.317718,WGS84,142,甑山,東北百名山,,一般道との接続,甑山:3.75km,,,candidate,30,名称未確認、公式情報または2情報源での確認が必要,"OpenStreetMap（© OpenStreetMap contributors, ODbL 1.0）Geofabrik japan-latest.osm.pbf 2026-09-23T20:22:04Z node/1364064551（登山道と道路の接続点）",
TH-n1364564548,trailhead,（名称未確認）,38.9535624,140.4716872,WGS84,146,神室山,日本二百名山|日本三百名山|東北百名山,OSM登山道「雄勝金山線」,一般道（県道以上）との接続,神室山:8.84km,,,candidate,30,名称未確認、公式情報または2情報源での確認が必要,"OpenStreetMap（© OpenStreetMap contributors, ODbL 1.0）Geofabrik japan-latest.osm.pbf 2026-09-23T20:22:04Z node/1364564548（登山道と道路の接続点）",
TH-n1364566463,trailhead,（名称未確認）,38.949822,140.575752,WGS84,143 145,高松岳、虎毛山,東北百名山,OSM登山道「湯ノ又コース」,一般道との接続,高松岳:4.14km 虎毛山:11.62km,,,candidate,30,名称未確認、公式情報または2情報源での確認が必要,"OpenStreetMap（© OpenStreetMap contributors, ODbL 1.0）Geofabrik japan-latest.osm.pbf 2026-09-23T20:22:04Z node/1364566463（登山道と道路の接続点）",
TH-n1364576655,trailhead,（名称未確認）,38.9080208,140.5854549,WGS84,145,虎毛山,東北百名山,OSM登山道「赤倉沢コース」,道路の終点付近,虎毛山:3.63km,,,candidate,30,名称未確認、林道からの入口（マイカー進入可否を要確認）、公式情報または2情報源での確認が必要,"OpenStreetMap（© OpenStreetMap contributors, ODbL 1.0）Geofabrik japan-latest.osm.pbf 2026-09-23T20:22:04Z node/1364576655（登山道と道路の接続点）",
TH-n1364609848,trailhead,川原毛登山口,38.9895871,140.6014931,WGS84,143 145,高松岳、虎毛山,東北百名山,,登山口（OSMの登山口地物）,高松岳:4.58km 虎毛山:14.09km,PK-w737548729(293m),,adopted,15,採用の根拠: OSMの登山口名と、地理院地図の徒歩道が道路から始まる位置の一致（公式情報では未確認）,"OpenStreetMap（© OpenStreetMap contributors, ODbL 1.0）Geofabrik japan-latest.osm.pbf 2026-09-23T20:22:04Z node/1364609848 ｜ 国土地理院ベクトルタイル提供実験 地理院地図の徒歩道の起点（38.989588, 140.601493、JGD2011、0m差）2026-09-24確認",
TH-n1364613704,trailhead,（名称未確認）,38.9591645,140.5662656,WGS84,143,高松岳,東北百名山,OSM登山道「高倉沢コース」,道路の終点付近,高松岳:4.45km,,,candidate,30,名称未確認、林道からの入口（マイカー進入可否を要確認）、公式情報または2情報源での確認が必要,"OpenStreetMap（© OpenStreetMap contributors, ODbL 1.0）Geofabrik japan-latest.osm.pbf 2026-09-23T20:22:04Z node/1364613704（登山道と道路の接続点）",
TH-n1364635771,trailhead,沼湯登山口,38.9893441,140.6105281,WGS84,143 145,高松岳、虎毛山,東北百名山,,登山口（OSMの登山口地物）,高松岳:4.8km 虎毛山:14.37km,PK-w551533039(64m),,adopted,15,採用の根拠: OSMの登山口名と、地理院地図の徒歩道が道路から始まる位置の一致（公式情報では未確認）,"OpenStreetMap（© OpenStreetMap contributors, ODbL 1.0）Geofabrik japan-latest.osm.pbf 2026-09-23T20:22:04Z node/1364635771 ｜ 国土地理院ベクトルタイル提供実験 地理院地図の徒歩道の起点（38.989355, 140.610528、JGD2011、1m差）2026-09-24確認",
TH-n1383095118,trailhead,鉾立,39.1219348,139.9913886,WGS84,139,鳥海山,日本百名山|日本二百名山|日本三百名山|東北百名山,OSM登山道「象潟口ルート」、鉾立（象潟口）コース,一般道（県道以上）との接続,鳥海山:6.79km,PK-w567049322(66m) PK-w567049324(83m) PK-w567049315(86m) BS-n4380165993(54m),,adopted,30,登山道が道路を横断する地点（途中の入口の可能性）,"OpenStreetMap（© OpenStreetMap contributors, ODbL 1.0）Geofabrik japan-latest.osm.pbf 2026-09-23T20:22:04Z node/1383095118（登山道と道路の接続点） ｜ 国土地理院 地名検索「鉾立」（39.122008, 139.992502、JGD2011、96m差）確認",
TH-n1384771441,trailhead,吹峠,37.3186469,139.2021527,WGS84,195,浅草岳,日本三百名山|東北百名山|甲信越百名山,,峠（道路との接続）,浅草岳:7.57km,,,candidate,30,林道上の地点（尾根上の峠・山小屋の可能性。登山口かどうか要確認）、林道からの入口（マイカー進入可否を要確認）、公式情報または2情報源での確認が必要,"OpenStreetMap（© OpenStreetMap contributors, ODbL 1.0）Geofabrik japan-latest.osm.pbf 2026-09-23T20:22:04Z node/1384771441（登山道と道路の接続点） ｜ 国土地理院 地名検索「吹峠」（37.318669, 139.202195、JGD2011、5m差）2026-09-20確認",2026-09-20
TH-n1384995565,trailhead,ネズモチ平登山口,37.3564606,139.2203803,WGS84,195,浅草岳,日本三百名山|東北百名山|甲信越百名山,,登山口（OSMの登山口地物）,浅草岳:2.29km,PK-w549887859(460m),,adopted,15,魚沼市大白川側は奥只見レクリェーション都市公園の区域（新潟県）,"OpenStreetMap（© OpenStreetMap contributors, ODbL 1.0）Geofabrik japan-latest.osm.pbf 2026-09-23T20:22:04Z node/1384995565 ｜ 国土地理院ベクトルタイル提供実験 地理院地図の徒歩道の起点（37.356428, 139.220487、JGD2011、10m差）2026-09-24確認 ｜ 公式情報: https://www.pref.niigata.lg.jp/sec/toshiseibi/1218391271042.html ｜ 公式情報: https://www.town.tadami.lg.jp/tourism/post-3.html",2026-09-20
TH-n1386202333,trailhead,（名称未確認）,39.8022855,140.2622106,WGS84,126,太平山,日本三百名山|東北百名山,,一般道との接続,太平山:5.17km,PK-n2993853191(97m),,provisional,30,名称未確認、登山道が道路を横断する地点（途中の入口の可能性）、公式情報または2情報源での確認が必要,"OpenStreetMap（© OpenStreetMap contributors, ODbL 1.0）Geofabrik japan-latest.osm.pbf 2026-09-23T20:22:04Z node/1386202333（登山道と道路の接続点）",
TH-n1386232108,trailhead,旭又（太平山登山口）,39.8117386,140.2819264,WGS84,126,太平山,日本三百名山|東北百名山,,一般道との接続,太平山:3.99km,PK-w295647914(118m),,adopted,15,登山道が道路を横断する地点（途中の入口の可能性）、旭又は太平山の登山口、国土地理院の地名「旭又沢」とOSMの登山道の接続点の位置が一致（独立した2情報源）,"OpenStreetMap（© OpenStreetMap contributors, ODbL 1.0）Geofabrik japan-latest.osm.pbf 2026-09-23T20:22:04Z node/1386232108（登山道と道路の接続点） ｜ 国土地理院 地名検索「旭又沢」（39.811699, 140.282673、JGD2011、64m差）2026-09-20確認",2026-09-20
TH-n1386288556,trailhead,金山滝登山口,39.771949,140.232973,WGS84,126,太平山,日本三百名山|東北百名山,OSM登山道「かなやまたきはし」、OSM登山道「木曽石コース」,登山口（OSMの登山口地物）,太平山:8.39km,PK-w421373020(127m) PK-w627570701(404m),,provisional,15,公式情報または2情報源での確認が必要,"OpenStreetMap（© OpenStreetMap contributors, ODbL 1.0）Geofabrik japan-latest.osm.pbf 2026-09-23T20:22:04Z node/1386288556",
TH-n1412215988,trailhead,富士見峠,36.9021904,139.2558079,WGS84,220,燧ヶ岳,日本百名山|日本二百名山|日本三百名山|東北百名山,OSM登山道「鳩待峠～富士見峠」,峠（道路との接続）,燧ヶ岳:9.01km,,,candidate,30,林道上の地点（尾根上の峠・山小屋の可能性。登山口かどうか要確認）、林道からの入口（マイカー進入可否を要確認）、公式情報または2情報源での確認が必要,"OpenStreetMap（© OpenStreetMap contributors, ODbL 1.0）Geofabrik japan-latest.osm.pbf 2026-09-23T20:22:04Z node/1412215988（登山道と道路の接続点） ｜ 国土地理院 地名検索「富士見峠」（36.902137, 139.255777、JGD2011、7m差）2026-09-20確認",2026-09-20
TH-n1444062278,trailhead,（名称未確認）,37.7506762,140.2846422,WGS84,183,一切経山,日本三百名山|東北百名山,,一般道（県道以上）との接続,一切経山:5.41km,PK-w131167256(51m) PK-w131170616(203m) PK-w190676938(354m),,provisional,30,名称未確認、公式情報または2情報源での確認が必要,"OpenStreetMap（© OpenStreetMap contributors, ODbL 1.0）Geofabrik japan-latest.osm.pbf 2026-09-23T20:22:04Z node/1444062278（登山道と道路の接続点）",
TH-n1448427112,trailhead,（名称未確認）,38.7938106,140.4463991,WGS84,151,杢蔵山,東北百名山,,一般道との接続,杢蔵山:7.32km,,,candidate,30,名称未確認、公式情報または2情報源での確認が必要,"OpenStreetMap（© OpenStreetMap contributors, ODbL 1.0）Geofabrik japan-latest.osm.pbf 2026-09-23T20:22:04Z node/1448427112（登山道と道路の接続点）",
TH-n1448434001,trailhead,（名称未確認）,38.7997439,140.578145,WGS84,150,禿岳,東北百名山,,道路の終点付近,禿岳:2.16km,,,candidate,30,名称未確認、林道からの入口（マイカー進入可否を要確認）、公式情報または2情報源での確認が必要,"OpenStreetMap（© OpenStreetMap contributors, ODbL 1.0）Geofabrik japan-latest.osm.pbf 2026-09-23T20:22:04Z node/1448434001（登山道と道路の接続点）",
TH-n1448453066,trailhead,（名称未確認）,38.8305992,140.4963495,WGS84,148,小又山,東北百名山,OSM登山道「西ノ又沢コース」,一般道との接続,小又山:5.6km,,,candidate,30,名称未確認、公式情報または2情報源での確認が必要,"OpenStreetMap（© OpenStreetMap contributors, ODbL 1.0）Geofabrik japan-latest.osm.pbf 2026-09-23T20:22:04Z node/1448453066（登山道と道路の接続点）",
TH-n1448460769,trailhead,（名称未確認）,38.8691922,140.5229245,WGS84,146 148,神室山、小又山,日本二百名山|日本三百名山|東北百名山,,登山口（OSMの登山口地物）,神室山:8.84km 小又山:4.03km,,,provisional,15,名称未確認、公式情報または2情報源での確認が必要、神室山の登山ルートには西ノ又コース・有屋コースなどがあり、山形県金山町側からのコースは所要7時間45分（秋田県 山岳グレーディング）、この地点がどの登山口かは未確認,"OpenStreetMap（© OpenStreetMap contributors, ODbL 1.0）Geofabrik japan-latest.osm.pbf 2026-09-23T20:22:04Z node/1448460769 ｜ 公式情報: https://www.pref.akita.lg.jp/uploads/public/archive_0000039872_00/%E7%A7%8B%E7%94%B0%E7%9C%8C%E3%81%AE%E5%B1%B1%E5%B2%B3%E3%82%B0%E3%83%AC%E3%83%BC%E3%83%87%E3%82%A3%E3%83%B3%E3%82%B0HB%EF%BC%8821%E3%83%9A%E3%83%BC%E3%82%B8%EF%BD%9E31%E3%83%9A%E3%83%BC%E3%82%B8%EF%BC%89.pdf",2026-09-20
TH-n1448461654,trailhead,（名称未確認）,38.8720991,140.5213565,WGS84,146 148,神室山、小又山,日本二百名山|日本三百名山|東北百名山,,登山口（OSMの登山口地物）,神室山:4.87km 小又山:8.84km,,,provisional,15,名称未確認、公式情報または2情報源での確認が必要,"OpenStreetMap（© OpenStreetMap contributors, ODbL 1.0）Geofabrik japan-latest.osm.pbf 2026-09-23T20:22:04Z node/1448461654",
TH-n1481331289,trailhead,（名称未確認）,37.106813,139.9316133,WGS84,202 203,三本槍岳、那須岳,関東百名山|日本百名山|日本二百名山|日本三百名山|東北百名山,,一般道との接続,三本槍岳:8.5km 那須岳:4.46km,PK-w623832242(59m),,provisional,30,名称未確認、公式情報または2情報源での確認が必要,"OpenStreetMap（© OpenStreetMap contributors, ODbL 1.0）Geofabrik japan-latest.osm.pbf 2026-09-23T20:22:04Z node/1481331289（登山道と道路の接続点）",
TH-n2016679942,trailhead,馬坂峠（帝釈山登山口）,36.963861,139.458594,WGS84,217 218,田代山、帝釈山,東北百名山|日本二百名山|日本三百名山,,峠（道路との接続）,田代山:2.77km 帝釈山:0.78km,,,adopted,15,林道からの入口（マイカー進入可否を要確認）、猿倉登山口へ通じる県道350号（栗山舘岩線）は水引集落から先が未舗装で、国道から40分〜1時間（福島県）、山開きの日程は南会津町が公表している,"OpenStreetMap（© OpenStreetMap contributors, ODbL 1.0）Geofabrik japan-latest.osm.pbf 2026-09-23T20:22:04Z node/2016679942（登山道と道路の接続点） ｜ 公式情報: https://www.pref.fukushima.lg.jp/w4/oze/trekking/tashiro_taishaku.html ｜ 公式情報: https://www.town.minamiaizu.lg.jp/kanko/oshirase/1092.html",2026-09-20
TH-n2081639740,trailhead,観音寺コース登山口（船形山）,38.442115,140.5730891,WGS84,159 158,黒伏山、船形山,東北百名山|日本二百名山|日本三百名山,,道路の終点付近,黒伏山:9.82km,,,provisional,30,林道からの入口（マイカー進入可否を要確認）、公式情報または2情報源での確認が必要,"OpenStreetMap（© OpenStreetMap contributors, ODbL 1.0）Geofabrik japan-latest.osm.pbf 2026-09-23T20:22:04Z node/2081639740（登山道と道路の接続点） ｜ 登山記録で広く使われている登山口（登山記録・登山情報サイトで名称と利用を確認。公式情報では未確認） 2026-09-26確認",
TH-n2086609514,trailhead,（名称未確認）高雄温泉おおるり山荘付近,37.1068193,139.9900183,WGS84,202 203,三本槍岳、那須岳,関東百名山|日本百名山|日本二百名山|日本三百名山|東北百名山,,一般道との接続,三本槍岳:8.4km 那須岳:4.22km,BS-kP11-22-09-bs13(440m) BS-kP11-22-09-bs16(559m) BS-kP11-22-09-bs10(718m),,provisional,30,名称未確認、公式情報または2情報源での確認が必要,"OpenStreetMap（© OpenStreetMap contributors, ODbL 1.0）Geofabrik japan-latest.osm.pbf 2026-09-23T20:22:04Z node/2086609514（登山道と道路の接続点）",
TH-n2086617518,trailhead,峠の茶屋駐車場（那須岳登山口）,37.1296591,139.9744301,WGS84,202 203,三本槍岳、那須岳,関東百名山|日本百名山|日本二百名山|日本三百名山|東北百名山,峠の茶屋コース,道路の終点付近,三本槍岳:4.53km 那須岳:2.0km,PK-w414896614(171m) PK-w452370579(269m) BS-kP11-22-09-bs2(608m),parking=県営峠の茶屋無料駐車場（ライブカメラあり）; OSM登山ルート: Nasu Loop Circuit,adopted,15,林道からの入口（マイカー進入可否を要確認）、那須岳（茶臼岳）は常時観測火山で、突発的な噴火の可能性がある（気象庁 宇都宮地方気象台）、那須町が駐車場のライブカメラを公開しており、天候と混雑を確認できる,"OpenStreetMap（© OpenStreetMap contributors, ODbL 1.0）Geofabrik japan-latest.osm.pbf 2026-09-23T20:22:04Z node/2086617518（登山道と道路の接続点） ｜ 国土地理院ベクトルタイル提供実験 地理院地図の徒歩道の起点（37.129656, 139.974436、JGD2011、1m差）2026-09-24確認 ｜ 公式情報: https://www.town.nasu.lg.jp/manage/contents/upload/6882d76bbeaaf.pdf ｜ 公式情報: http://www.town.nasu.lg.jp/0040/info-0000000964-2.html ｜ 公式情報: https://www.data.jma.go.jp/utsunomiya/chishou/kazan_tozan_nasusiori.html",2026-09-20
TH-n2170612201,trailhead,花立峠,38.7906659,140.600856,WGS84,150,禿岳,東北百名山,,峠（道路との接続）,禿岳:2.58km,,,adopted,30,登山道が道路を横断する地点（途中の入口の可能性）,"OpenStreetMap（© OpenStreetMap contributors, ODbL 1.0）Geofabrik japan-latest.osm.pbf 2026-09-23T20:22:04Z node/2170612201（登山道と道路の接続点） ｜ 国土地理院 地名検索「花立峠」（38.790808, 140.600982、JGD2011、19m差）2026-09-20確認",2026-09-20
TH-n2170613604,trailhead,（名称未確認）,38.813875,140.619652,WGS84,150,禿岳,東北百名山,,一般道との接続,禿岳:2.69km,,,candidate,30,名称未確認、公式情報または2情報源での確認が必要,"OpenStreetMap（© OpenStreetMap contributors, ODbL 1.0）Geofabrik japan-latest.osm.pbf 2026-09-23T20:22:04Z node/2170613604（登山道と道路の接続点）",
TH-n2170615205,trailhead,（名称未確認）,38.8552016,140.6491341,WGS84,147,須金岳,東北百名山,,一般道（県道以上）との接続,須金岳:6.74km,,,candidate,30,名称未確認、公式情報または2情報源での確認が必要,"OpenStreetMap（© OpenStreetMap contributors, ODbL 1.0）Geofabrik japan-latest.osm.pbf 2026-09-23T20:22:04Z node/2170615205（登山道と道路の接続点）",
TH-n2170615281,trailhead,（名称未確認）,38.859375,140.611057,WGS84,147,須金岳,東北百名山,,一般道（県道以上）との接続,須金岳:7.0km,,,candidate,30,名称未確認、公式情報または2情報源での確認が必要,"OpenStreetMap（© OpenStreetMap contributors, ODbL 1.0）Geofabrik japan-latest.osm.pbf 2026-09-23T20:22:04Z node/2170615281（登山道と道路の接続点）",
TH-n2170615516,trailhead,（名称未確認）,38.862921,140.629788,WGS84,147,須金岳,東北百名山,,一般道との接続,須金岳:5.03km,,,candidate,30,名称未確認、公式情報または2情報源での確認が必要,"OpenStreetMap（© OpenStreetMap contributors, ODbL 1.0）Geofabrik japan-latest.osm.pbf 2026-09-23T20:22:04Z node/2170615516（登山道と道路の接続点）",
TH-n2170616795,trailhead,（名称未確認）,38.871121,140.666576,WGS84,147,須金岳,東北百名山,,一般道との接続,須金岳:3.22km,,,candidate,30,名称未確認、公式情報または2情報源での確認が必要,"OpenStreetMap（© OpenStreetMap contributors, ODbL 1.0）Geofabrik japan-latest.osm.pbf 2026-09-23T20:22:04Z node/2170616795（登山道と道路の接続点）",
TH-n2179921094,trailhead,薬萊山登山口（スキー場側）,38.5733299,140.7185614,WGS84,153,薬萊山,東北百名山,,索道駅,薬萊山:1.21km,PK-w484303386(81m),,provisional,30,公式情報または2情報源での確認が必要,"OpenStreetMap（© OpenStreetMap contributors, ODbL 1.0）Geofabrik japan-latest.osm.pbf 2026-09-23T20:22:04Z node/2179921094（登山道と道路の接続点） ｜ 登山記録で広く使われている登山口（登山記録・登山情報サイトで名称と利用を確認。公式情報では未確認） 2026-09-25確認",
TH-n2222996601,trailhead,（名称未確認）,38.9094908,140.8161572,WGS84,144,栗駒山,日本二百名山|日本三百名山|東北百名山,,一般道との接続,栗駒山:8.69km,PK-w704264093(39m),,provisional,30,名称未確認、公式情報または2情報源での確認が必要,"OpenStreetMap（© OpenStreetMap contributors, ODbL 1.0）Geofabrik japan-latest.osm.pbf 2026-09-23T20:22:04Z node/2222996601（登山道と道路の接続点）",
TH-n2236849629,trailhead,（名称未確認）栗駒高原オートキャンプ場付近,38.93889,140.8181845,WGS84,144,栗駒山,日本二百名山|日本三百名山|東北百名山,,一般道（県道以上）との接続,栗駒山:6.95km,,,candidate,30,名称未確認、公式情報または2情報源での確認が必要,"OpenStreetMap（© OpenStreetMap contributors, ODbL 1.0）Geofabrik japan-latest.osm.pbf 2026-09-23T20:22:04Z node/2236849629（登山道と道路の接続点）",
TH-n2352305005,trailhead,（名称未確認）,37.8246777,139.7952371,WGS84,178,飯豊山,日本百名山|日本二百名山|日本三百名山|東北百名山,,一般道（県道以上）との接続,飯豊山:11.71km,,,candidate,30,名称未確認、公式情報または2情報源での確認が必要,"OpenStreetMap（© OpenStreetMap contributors, ODbL 1.0）Geofabrik japan-latest.osm.pbf 2026-09-23T20:22:04Z node/2352305005（登山道と道路の接続点）",
TH-n2359582246,trailhead,川上登山口,37.641433,140.098225,WGS84,185,磐梯山,日本百名山|日本二百名山|日本三百名山|東北百名山,,登山口（OSMの登山口地物）,磐梯山:6.03km,BS-kP11-22-07-bs1237(161m) BS-kP11-22-07-bs1279(404m),,adopted,15,,"OpenStreetMap（© OpenStreetMap contributors, ODbL 1.0）Geofabrik japan-latest.osm.pbf 2026-09-23T20:22:04Z node/2359582246 ｜ 公式情報: https://www.pref.fukushima.lg.jp/sec/16035b/bandaisantozan.html",2026-09-20
TH-n2359671735,trailhead,甲子峠,37.1967373,139.9777114,WGS84,203,那須岳,日本百名山|日本二百名山|日本三百名山|東北百名山|関東百名山,,峠（道路との接続）,那須岳:10.82km,,,candidate,30,林道上の地点（尾根上の峠・山小屋の可能性。登山口かどうか要確認）、林道からの入口（マイカー進入可否を要確認）、公式情報または2情報源での確認が必要,"OpenStreetMap（© OpenStreetMap contributors, ODbL 1.0）Geofabrik japan-latest.osm.pbf 2026-09-23T20:22:04Z node/2359671735（登山道と道路の接続点） ｜ 国土地理院 地名検索「甲子峠」（37.196805, 139.977685、JGD2011、8m差）2026-09-20確認",2026-09-20
TH-n2359694593,trailhead,大内登山口（小野岳）,37.3349706,139.8690984,WGS84,196,小野岳,東北百名山,,一般道との接続,小野岳:2.55km,PK-w312192391(404m) BS-kP11-22-07-bs3270(384m) BS-kP11-22-07-bs3280(758m) BS-kP11-22-07-bs3280(758m),parking=大内登山口の林道末端に10台。大内宿駐車場（宿場の北側、林道終点まで徒歩20分、仮設トイレあり）も利用できる（福島県観光物産交流協会）; course=大内宿から大内登山口15分、鉄塔30分、小野岳1時間、小野登山口1時間20分、小野観音15分（福島県観光物産交流協会）,adopted,15,近くの道路にゲートあり（車両通行止め・季節閉鎖の可能性）、急坂が連続するので慎重に行動したい（福島県観光物産交流協会）、登山口の正確な位置は公式情報では未確認,"OpenStreetMap（© OpenStreetMap contributors, ODbL 1.0）Geofabrik japan-latest.osm.pbf 2026-09-23T20:22:04Z node/2359694593（登山道と道路の接続点） ｜ 公式情報: https://www.tif.ne.jp/yamafuku/mt30/09.html",2026-09-25
TH-n2359744864,trailhead,（名称未確認）,37.2603549,140.531457,WGS84,198,蓬田岳,東北百名山,,一般道との接続,蓬田岳:0.78km,,,candidate,30,名称未確認、公式情報または2情報源での確認が必要,"OpenStreetMap（© OpenStreetMap contributors, ODbL 1.0）Geofabrik japan-latest.osm.pbf 2026-09-23T20:22:04Z node/2359744864（登山道と道路の接続点）",
TH-n2359744916,trailhead,（名称未確認）,37.260765,140.524143,WGS84,198,蓬田岳,東北百名山,,一般道との接続,蓬田岳:1.15km,,,candidate,30,名称未確認、公式情報または2情報源での確認が必要,"OpenStreetMap（© OpenStreetMap contributors, ODbL 1.0）Geofabrik japan-latest.osm.pbf 2026-09-23T20:22:04Z node/2359744916（登山道と道路の接続点）",
TH-n2359902913,trailhead,（名称未確認）,38.21807,140.175999,WGS84,167,白鷹山,東北百名山,,一般道との接続,白鷹山:0.58km,,,candidate,30,名称未確認、公式情報または2情報源での確認が必要,"OpenStreetMap（© OpenStreetMap contributors, ODbL 1.0）Geofabrik japan-latest.osm.pbf 2026-09-23T20:22:04Z node/2359902913（登山道と道路の接続点）",
TH-n2359962270,trailhead,（名称未確認）,38.1928899,139.9039878,WGS84,169,祝瓶山,日本三百名山|東北百名山,,道路の終点付近,祝瓶山:3.28km,,,candidate,30,名称未確認、林道からの入口（マイカー進入可否を要確認）、公式情報または2情報源での確認が必要,"OpenStreetMap（© OpenStreetMap contributors, ODbL 1.0）Geofabrik japan-latest.osm.pbf 2026-09-23T20:22:04Z node/2359962270（登山道と道路の接続点）",
TH-n2359982458,trailhead,（名称未確認）細野バス停付近,38.210654,140.159099,WGS84,167,白鷹山,東北百名山,,一般道との接続,白鷹山:2.1km,BS-kP11-22-06-bs2352(560m),,provisional,30,名称未確認、公式情報または2情報源での確認が必要,"OpenStreetMap（© OpenStreetMap contributors, ODbL 1.0）Geofabrik japan-latest.osm.pbf 2026-09-23T20:22:04Z node/2359982458（登山道と道路の接続点）",
TH-n2359985811,trailhead,（名称未確認）中山口バス停付近,38.22152,140.139488,WGS84,167,白鷹山,東北百名山,,一般道との接続,白鷹山:5.63km,BS-kP11-22-06-bs2279(791m) BS-kP11-22-06-bs2299(990m),,provisional,30,名称未確認、公式情報または2情報源での確認が必要,"OpenStreetMap（© OpenStreetMap contributors, ODbL 1.0）Geofabrik japan-latest.osm.pbf 2026-09-23T20:22:04Z node/2359985811（登山道と道路の接続点）",
TH-n2359986212,trailhead,（名称未確認）,38.224096,140.170958,WGS84,167,白鷹山,東北百名山,,一般道との接続,白鷹山:0.24km,,,candidate,30,名称未確認、公式情報または2情報源での確認が必要,"OpenStreetMap（© OpenStreetMap contributors, ODbL 1.0）Geofabrik japan-latest.osm.pbf 2026-09-23T20:22:04Z node/2359986212（登山道と道路の接続点）",
TH-n2360086777,trailhead,（名称未確認）,38.2666525,140.4523525,WGS84,166,神室岳,東北百名山,,道路の終点付近,神室岳:5.6km,,,candidate,30,名称未確認、林道からの入口（マイカー進入可否を要確認）、公式情報または2情報源での確認が必要,"OpenStreetMap（© OpenStreetMap contributors, ODbL 1.0）Geofabrik japan-latest.osm.pbf 2026-09-23T20:22:04Z node/2360086777（登山道と道路の接続点）",
TH-n2417779397,trailhead,酸ヶ湯（八甲田大岳コース登山口）,40.6502902,140.8507657,WGS84,104,八甲田山,日本百名山|日本二百名山|日本三百名山|東北百名山,酸ヶ湯温泉周回（仙人岱↑毛無岱↓）,施設（山小屋・宿・キャンプ場）からの入口,八甲田山:3.73km,PK-w440560300(94m) PK-w233386300(110m) PK-w755062885(358m) BS-kP11-22-02-bs2414(82m),,adopted,15,酸ヶ湯温泉からロープウェーを使わずに主峰・大岳へ登る周回コースがあり、日帰りで約5時間（環境省）、登山装備が必要なコース（環境省）、八甲田の登山道は火山活動等で閉鎖されることがあるため、青森県の情報を確認すること,"OpenStreetMap（© OpenStreetMap contributors, ODbL 1.0）Geofabrik japan-latest.osm.pbf 2026-09-23T20:22:04Z node/2417779397 ｜ 国土地理院 地名検索「酸ヶ湯温泉」（40.649914, 140.852099、JGD2011、120m差）2026-09-24確認 ｜ 公式情報: https://www.env.go.jp/nature/nationalparks/list/towada-hachimantai/course/08/ ｜ 公式情報: https://www.pref.aomori.lg.jp/release/2024/76741.html",2026-09-20
TH-n2417845539,trailhead,ホテル城ヶ倉,40.6565501,140.8366859,WGS84,104,八甲田山,日本百名山|日本二百名山|日本三百名山|東北百名山,,施設（山小屋・宿・キャンプ場）からの入口,八甲田山:5.45km,BS-kP11-22-02-bs2379(64m),,provisional,15,公式情報または2情報源での確認が必要,"OpenStreetMap（© OpenStreetMap contributors, ODbL 1.0）Geofabrik japan-latest.osm.pbf 2026-09-23T20:22:04Z node/2417845539",
TH-n2598459331,trailhead,第2ロマンスリフト,37.6237308,140.0679615,WGS84,185,磐梯山,日本百名山|日本二百名山|日本三百名山|東北百名山,,索道駅（ロープウェイ・ゴンドラ）,磐梯山:3.51km,,,provisional,15,公式情報または2情報源での確認が必要,"OpenStreetMap（© OpenStreetMap contributors, ODbL 1.0）Geofabrik japan-latest.osm.pbf 2026-09-23T20:22:04Z node/2598459331",
TH-n2598459372,trailhead,第3ロマンスリフト,37.6270181,140.0689483,WGS84,185,磐梯山,日本百名山|日本二百名山|日本三百名山|東北百名山,,索道駅（ロープウェイ・ゴンドラ）,磐梯山:3.73km,,,provisional,15,公式情報または2情報源での確認が必要,"OpenStreetMap（© OpenStreetMap contributors, ODbL 1.0）Geofabrik japan-latest.osm.pbf 2026-09-23T20:22:04Z node/2598459372",
TH-n2599117385,trailhead,第2クアッドリフト,37.7081875,140.1239428,WGS84,182,吾妻山,日本百名山|日本二百名山|日本三百名山|東北百名山,OSM登山道「吾妻山林道小野川支線」,索道駅（ロープウェイ・ゴンドラ）,吾妻山:4.76km,,,provisional,15,公式情報または2情報源での確認が必要,"OpenStreetMap（© OpenStreetMap contributors, ODbL 1.0）Geofabrik japan-latest.osm.pbf 2026-09-23T20:22:04Z node/2599117385",
TH-n2599117536,trailhead,裏磐梯ロープウエイ山頂駅（グランデコ）,37.7163105,140.1272803,WGS84,182,吾妻山,日本百名山|日本二百名山|日本三百名山|東北百名山,グランデコ（西大巓）コース,索道駅（ロープウェイ・ゴンドラ）,吾妻山:3.56km,,"season=グランデコ裏磐梯ロープウェイは2026年は8月1日〜8月30日と10月10日〜11月8日のみ運行（グランデコリゾート）; hours=土日祝8:30〜15:30（下り最終16:00）、平日8:30〜15:00（下り最終15:30）（グランデコリゾート）; fee=ロープウェイは大人（18歳以上）往復2,000円、片道1,500円（グランデコリゾート）; parking=裏磐梯ロープウエイ駐車場を利用（裏磐梯ビジターセンター）",adopted,15,裏磐梯ロープウエイ山頂駅から西大巓を経由して西吾妻山まで片道約3.7km、約2時間30分（裏磐梯ビジターセンター）、霧が発生するなど天候が悪化すると迷いやすい（裏磐梯ビジターセンター）、入山前に気象庁の吾妻山の火山の活動状況と噴火警戒レベルを確認すること,"OpenStreetMap（© OpenStreetMap contributors, ODbL 1.0）Geofabrik japan-latest.osm.pbf 2026-09-23T20:22:04Z node/2599117536 ｜ 公式情報: https://urabandai-vc.jp/trekking/19nishiazuma/ ｜ 公式情報: https://grandecoresort.co.jp/mountain/ja/ropeway/ ｜ 公式情報: https://www.data.jma.go.jp/vois/data/report/activity_info/213.html",2026-09-22
TH-n2599117640,trailhead,第2クアッドリフト,37.7217003,140.1292603,WGS84,182 183,吾妻山、一切経山,日本百名山|日本二百名山|日本三百名山|東北百名山,,索道駅（ロープウェイ・ゴンドラ）,吾妻山:2.79km 一切経山:15.76km,,,provisional,15,公式情報または2情報源での確認が必要,"OpenStreetMap（© OpenStreetMap contributors, ODbL 1.0）Geofabrik japan-latest.osm.pbf 2026-09-23T20:22:04Z node/2599117640",
TH-n2599175879,trailhead,第7リフト,37.6201626,140.2306178,WGS84,184,安達太良山,日本百名山|日本二百名山|日本三百名山|東北百名山,,索道駅（ロープウェイ・ゴンドラ）,安達太良山:6.45km,PK-n12328273502(279m) PK-w247364926(386m),,provisional,15,公式情報または2情報源での確認が必要,"OpenStreetMap（© OpenStreetMap contributors, ODbL 1.0）Geofabrik japan-latest.osm.pbf 2026-09-23T20:22:04Z node/2599175879",
TH-n2599176228,trailhead,一本松クアッドリフト,37.624661,140.2386144,WGS84,184,安達太良山,日本百名山|日本二百名山|日本三百名山|東北百名山,,索道駅（ロープウェイ・ゴンドラ）,安達太良山:5.59km,,,provisional,15,公式情報または2情報源での確認が必要,"OpenStreetMap（© OpenStreetMap contributors, ODbL 1.0）Geofabrik japan-latest.osm.pbf 2026-09-23T20:22:04Z node/2599176228",
TH-n2599176494,trailhead,第6リフト,37.6275622,140.244483,WGS84,184,安達太良山,日本百名山|日本二百名山|日本三百名山|東北百名山,,索道駅（ロープウェイ・ゴンドラ）,安達太良山:4.86km,PK-n12328273401(212m),,provisional,15,公式情報または2情報源での確認が必要,"OpenStreetMap（© OpenStreetMap contributors, ODbL 1.0）Geofabrik japan-latest.osm.pbf 2026-09-23T20:22:04Z node/2599176494",
TH-n2599176528,trailhead,第6リフト,37.6279828,140.2487345,WGS84,184,安達太良山,日本百名山|日本二百名山|日本三百名山|東北百名山,,索道駅（ロープウェイ・ゴンドラ）,安達太良山:4.55km,PK-n12328273401(278m),OSM登山ルート: Mt. Adatara、Mt. Adatara - West Loop Trail,provisional,15,公式情報または2情報源での確認が必要,"OpenStreetMap（© OpenStreetMap contributors, ODbL 1.0）Geofabrik japan-latest.osm.pbf 2026-09-23T20:22:04Z node/2599176528",
TH-n2628060295,trailhead,Cリフト,37.6538901,140.2685454,WGS84,184,安達太良山,日本百名山|日本二百名山|日本三百名山|東北百名山,,索道駅（ロープウェイ・ゴンドラ）,安達太良山:4.48km,,,provisional,15,近くの道路にゲートあり（車両通行止め・季節閉鎖の可能性）、公式情報または2情報源での確認が必要,"OpenStreetMap（© OpenStreetMap contributors, ODbL 1.0）Geofabrik japan-latest.osm.pbf 2026-09-23T20:22:04Z node/2628060295",
TH-n286906453,trailhead,新野地温泉,37.6698676,140.2667377,WGS84,184,安達太良山,日本百名山|日本二百名山|日本三百名山|東北百名山,,施設（山小屋・宿・キャンプ場）からの入口,安達太良山:7.2km,PK-w525479828(301m),,provisional,15,近くの道路にゲートあり（車両通行止め・季節閉鎖の可能性）、公式情報または2情報源での確認が必要,"OpenStreetMap（© OpenStreetMap contributors, ODbL 1.0）Geofabrik japan-latest.osm.pbf 2026-09-23T20:22:04Z node/286906453 ｜ 国土地理院 地名検索「野地温泉」（37.668523, 140.268364、JGD2011、206m差）2026-09-20確認",2026-09-20
TH-n286906542,trailhead,野地温泉,37.6685088,140.269595,WGS84,184,安達太良山,日本百名山|日本二百名山|日本三百名山|東北百名山,,施設（山小屋・宿・キャンプ場）からの入口,安達太良山:6.66km,PK-w525479828(49m),,provisional,15,近くの道路にゲートあり（車両通行止め・季節閉鎖の可能性）、公式情報または2情報源での確認が必要,"OpenStreetMap（© OpenStreetMap contributors, ODbL 1.0）Geofabrik japan-latest.osm.pbf 2026-09-23T20:22:04Z node/286906542 ｜ 国土地理院 地名検索「野地温泉」（37.668523, 140.268364、JGD2011、108m差）2026-09-20確認",2026-09-20
TH-n286911415,trailhead,浄土平（兎平駐車場付近）,37.7202563,140.2529043,WGS84,183,一切経山,日本三百名山|東北百名山,,一般道（県道以上）との接続,一切経山:2.65km,PK-n287027134(344m) PK-w26234655(348m) PK-w26234082(402m),season=磐梯吾妻スカイラインは4月上旬〜11月中旬（冬期閉鎖）,adopted,15,浄土平は福島駅からバスで約1時間。一切経山へは約1時間30分（環境省）、吾妻山の噴火警戒レベルは1だが、過去にレベル2で火口周辺の登山道が通行止めになったことがある（福島県）、入山前に福島県・気象庁の最新情報を確認すること,"OpenStreetMap（© OpenStreetMap contributors, ODbL 1.0）Geofabrik japan-latest.osm.pbf 2026-09-23T20:22:04Z node/286911415（登山道と道路の接続点） ｜ 公式情報: https://www.env.go.jp/park/bandai/guide/joudodaira/course/index.html ｜ 公式情報: https://www.env.go.jp/park/bandai/guide/joudodaira/course/course10.html ｜ 公式情報: https://www.pref.fukushima.lg.jp/sec/16025b/adumayama.html ｜ 公式情報: https://www.data.jma.go.jp/vois/data/report/activity_info/213.html",2026-09-20
TH-n287002012,trailhead,（名称未確認）兎平駐車場付近,37.7174864,140.2554191,WGS84,183,一切経山,日本三百名山|東北百名山,,一般道との接続,一切経山:3.16km,PK-w26234082(46m) PK-w26234655(254m),,provisional,30,名称未確認、登山道が道路を横断する地点（途中の入口の可能性）、公式情報または2情報源での確認が必要,"OpenStreetMap（© OpenStreetMap contributors, ODbL 1.0）Geofabrik japan-latest.osm.pbf 2026-09-23T20:22:04Z node/287002012（登山道と道路の接続点）",
TH-n294051960,trailhead,（名称未確認）中曽根バス停付近,37.1129612,139.9897355,WGS84,202 203,三本槍岳、那須岳,関東百名山|日本百名山|日本二百名山|日本三百名山|東北百名山,,一般道（県道以上）との接続,三本槍岳:8.16km 那須岳:3.98km,BS-kP11-22-09-bs10(116m) BS-kP11-22-09-bs6(652m) BS-kP11-22-09-bs5(658m),,provisional,30,名称未確認、公式情報または2情報源での確認が必要,"OpenStreetMap（© OpenStreetMap contributors, ODbL 1.0）Geofabrik japan-latest.osm.pbf 2026-09-23T20:22:04Z node/294051960（登山道と道路の接続点）",
TH-n294052573,trailhead,那須ロープウェイ山頂駅,37.1243019,139.9707511,WGS84,203 202,那須岳、三本槍岳,日本百名山|日本二百名山|日本三百名山|東北百名山|関東百名山,那須ロープウェイ山頂駅コース,索道駅（ロープウェイ・ゴンドラ）,那須岳:0.9km 三本槍岳:4.9km,BS-kP11-22-09-bs2(778m),OSM登山ルート: Nasu Loop Circuit,adopted,15,ロープウェイで9合目の山頂駅へ。山頂駅から茶臼岳山頂まで約50分（環境省）、那須岳は常時観測火山（気象庁）,"OpenStreetMap（© OpenStreetMap contributors, ODbL 1.0）Geofabrik japan-latest.osm.pbf 2026-09-23T20:22:04Z node/294052573 ｜ 国土地理院 地名検索「那須ロープウェイ山頂駅」（37.123895, 139.970853、JGD2011、46m差）確認 ｜ 公式情報: https://www.env.go.jp/nature/nationalparks/list/nikko/course/02/ ｜ 公式情報: https://www.data.jma.go.jp/utsunomiya/chishou/kazan_tozan_nasusiori.html",2026-09-20
TH-n2964285770,trailhead,国見温泉登山口,39.7273334,140.7929429,WGS84,125 127,烏帽子岳、秋田駒ヶ岳,日本三百名山|東北百名山|日本二百名山,,施設（山小屋・宿・キャンプ場）からの入口,烏帽子岳:11.69km 秋田駒ヶ岳:4.31km,PK-w700255296(358m) PK-n6422157281(364m),,adopted,15,,"OpenStreetMap（© OpenStreetMap contributors, ODbL 1.0）Geofabrik japan-latest.osm.pbf 2026-09-23T20:22:04Z node/2964285770 ｜ 国土地理院 地名検索「国見温泉」（39.727545, 140.793371、JGD2011、43m差）2026-09-20確認 ｜ 公式情報: https://www.pref.akita.lg.jp/pages/archive/50694",2026-09-20
TH-n300833252,trailhead,六十里越登山口,37.3026142,139.209847,WGS84,195,浅草岳,日本三百名山|東北百名山|甲信越百名山,,登山口（OSMの登山口地物）,浅草岳:7.02km,PK-w360140982(69m),,adopted,15,採用の根拠: OSMの登山口名と、地理院地図の徒歩道が道路から始まる位置の一致（公式情報では未確認）,"OpenStreetMap（© OpenStreetMap contributors, ODbL 1.0）Geofabrik japan-latest.osm.pbf 2026-09-23T20:22:04Z node/300833252 ｜ 国土地理院ベクトルタイル提供実験 地理院地図の徒歩道の起点（37.302642, 139.209865、JGD2011、4m差）2026-09-24確認",
TH-n3065036770,trailhead,第2ロマンスリフト,39.9764139,140.5217784,WGS84,118,森吉山,日本二百名山|日本三百名山|東北百名山,,索道駅（ロープウェイ・ゴンドラ）,森吉山:2.33km,,,provisional,15,"公式情報または2情報源での確認が必要、森吉山（1,454.2m）の登山口のひとつはこめつが山荘（標高794m、往復13.3km）（秋田県 山岳グレーディング）、この地点がどの登山口かは未確認","OpenStreetMap（© OpenStreetMap contributors, ODbL 1.0）Geofabrik japan-latest.osm.pbf 2026-09-23T20:22:04Z node/3065036770 ｜ 公式情報: https://www.pref.akita.lg.jp/uploads/public/archive_0000039872_00/%E3%82%B0%E3%83%AC%E3%83%BC%E3%83%87%E3%82%A3%E3%83%B3%E3%82%B0%EF%BC%9A%E4%B8%80%E8%A6%A7%E8%A1%A8.pdf",2026-09-20
TH-n3152528743,trailhead,"17 パラダイスペアA,B",38.1548886,140.4256823,WGS84,168 170,雁戸山、蔵王山,東北百名山|日本百名山|日本二百名山|日本三百名山,,索道駅（ロープウェイ・ゴンドラ）,雁戸山:10.74km 蔵王山:2.18km,,,provisional,15,公式情報または2情報源での確認が必要,"OpenStreetMap（© OpenStreetMap contributors, ODbL 1.0）Geofabrik japan-latest.osm.pbf 2026-09-23T20:22:04Z node/3152528743",
TH-n3152528745,trailhead,蔵王ロープウェイ地蔵山頂駅,38.1547326,140.4311795,WGS84,170,蔵王山,日本百名山|日本二百名山|日本三百名山|東北百名山,蔵王ロープウェイ地蔵山頂駅コース,索道駅（ロープウェイ・ゴンドラ）,蔵王山:1.53km,,,adopted,15,蔵王山の噴火警戒レベルは2から1へ引き下げられ、宮城県（蔵王町・七ヶ宿町・川崎町）と山形県（山形市・上山市）の入山規制は解除されている（気象庁・山形市）、馬の背カルデラ内の丸山沢・振子沢では噴気や火山ガスの噴出がみられ、異変を感じたら速やかにカルデラから離れること（気象庁）,"OpenStreetMap（© OpenStreetMap contributors, ODbL 1.0）Geofabrik japan-latest.osm.pbf 2026-09-23T20:22:04Z node/3152528745 ｜ 国土地理院 地名検索「地蔵山頂駅」（38.154553, 140.431094、JGD2011、21m差）2026-09-21確認 ｜ 公式情報: https://www.data.jma.go.jp/vois/data/report/activity_info/212.html ｜ 公式情報: https://www.city.yamagata-yamagata.lg.jp/kurashi/bousai/1006410/1006412/1006191.html",2026-09-20
TH-n3152528749,trailhead,ユートピア第１ペア,38.1492847,140.4139732,WGS84,170,蔵王山,日本百名山|日本二百名山|日本三百名山|東北百名山,,索道駅（ロープウェイ・ゴンドラ）,蔵王山:3.38km,,,provisional,15,公式情報または2情報源での確認が必要,"OpenStreetMap（© OpenStreetMap contributors, ODbL 1.0）Geofabrik japan-latest.osm.pbf 2026-09-23T20:22:04Z node/3152528749",
TH-n325588477,trailhead,（名称未確認）休暇村バス停付近,39.8022449,140.7912591,WGS84,125 127,烏帽子岳、秋田駒ヶ岳,日本三百名山|東北百名山|日本二百名山,,一般道（県道以上）との接続,烏帽子岳:9.9km 秋田駒ヶ岳:8.89km,PK-w760935963(52m) BS-kP11-22-05-bs1916(263m) BS-n14168698601(304m) BS-kP11-22-05-bs1915(536m),,provisional,30,名称未確認、公式情報または2情報源での確認が必要,"OpenStreetMap（© OpenStreetMap contributors, ODbL 1.0）Geofabrik japan-latest.osm.pbf 2026-09-23T20:22:04Z node/325588477（登山道と道路の接続点）",
TH-n3262686817,trailhead,奥岳登山口（あだたら高原）,37.624082,140.3115944,WGS84,184,安達太良山,日本百名山|日本二百名山|日本三百名山|東北百名山,,索道駅（ロープウェイ・ゴンドラ）,安達太良山:2.88km,,OSM登山ルート: Mt. Adatara Loop Trail,adopted,15,くろがね小屋は建て替え中でトイレが利用できない（二本松市）、火口の沼ノ平では火山灰や火山ガスの噴出がみられる（気象庁）、ロープウェイ山頂駅のトイレは故障のため利用できない（二本松市、2024年10月10日更新）,"OpenStreetMap（© OpenStreetMap contributors, ODbL 1.0）Geofabrik japan-latest.osm.pbf 2026-09-23T20:22:04Z node/3262686817 ｜ 公式情報: https://www.city.nihonmatsu.lg.jp/kankou/kankou_info/page012456.html ｜ 公式情報: https://www.data.jma.go.jp/vois/data/report/activity_info/214.html",2026-09-20
TH-n3263132867,trailhead,第6リフト,37.1242167,139.648837,WGS84,204,七ヶ岳,日本三百名山|東北百名山,,索道駅（ロープウェイ・ゴンドラ）,七ヶ岳:0.86km,,,provisional,15,公式情報または2情報源での確認が必要,"OpenStreetMap（© OpenStreetMap contributors, ODbL 1.0）Geofabrik japan-latest.osm.pbf 2026-09-23T20:22:04Z node/3263132867",
TH-n3265050034,trailhead,第2ペアリフト,37.6400321,140.328698,WGS84,184,安達太良山,日本百名山|日本二百名山|日本三百名山|東北百名山,,索道駅（ロープウェイ・ゴンドラ）,安達太良山:5.45km,PK-w320001337(274m) BS-kP11-22-07-bs1241(497m),,provisional,15,公式情報または2情報源での確認が必要,"OpenStreetMap（© OpenStreetMap contributors, ODbL 1.0）Geofabrik japan-latest.osm.pbf 2026-09-23T20:22:04Z node/3265050034",
TH-n3266608888,trailhead,（名称未確認）上新田バス停付近,37.2603833,140.5477536,WGS84,198,蓬田岳,東北百名山,,一般道（県道以上）との接続,蓬田岳:1.41km,PK-w42705607(163m) BS-kP11-22-07-bs3691(875m),,provisional,30,名称未確認、公式情報または2情報源での確認が必要,"OpenStreetMap（© OpenStreetMap contributors, ODbL 1.0）Geofabrik japan-latest.osm.pbf 2026-09-23T20:22:04Z node/3266608888（登山道と道路の接続点）",
TH-n3676477965,trailhead,しらかばロマンスリフト,37.7755886,140.1358659,WGS84,182 183,吾妻山、一切経山,日本百名山|日本二百名山|日本三百名山|東北百名山,,索道駅（ロープウェイ・ゴンドラ）,吾妻山:5.28km 一切経山:14.29km,,,provisional,15,公式情報または2情報源での確認が必要,"OpenStreetMap（© OpenStreetMap contributors, ODbL 1.0）Geofabrik japan-latest.osm.pbf 2026-09-23T20:22:04Z node/3676477965",
TH-n3702582421,trailhead,刈田岳側（蔵王ハイライン・刈田リフト上）,38.1304552,140.4432277,WGS84,168 170,雁戸山、蔵王山,東北百名山|日本百名山|日本二百名山|日本三百名山,,索道駅（ロープウェイ・ゴンドラ）,雁戸山:9.78km 蔵王山:1.91km,PK-w1188034344(393m) PK-w82210100(406m) BS-kP11-22-04-bs5129(484m) BS-kP11-22-04-bs5130(484m) BS-n4871552624(517m),,provisional,15,公式情報または2情報源での確認が必要、蔵王山の噴火警戒レベルは2から1へ引き下げられ、宮城県（蔵王町・七ヶ宿町・川崎町）と山形県（山形市・上山市）の入山規制は解除されている（気象庁・山形市）、馬の背カルデラ内の丸山沢・振子沢では噴気や火山ガスの噴出がみられ、異変を感じたら速やかにカルデラから離れること（気象庁）、この地点の名称・位置は未確認,"OpenStreetMap（© OpenStreetMap contributors, ODbL 1.0）Geofabrik japan-latest.osm.pbf 2026-09-23T20:22:04Z node/3702582421 ｜ 公式情報: https://www.data.jma.go.jp/vois/data/report/activity_info/212.html ｜ 公式情報: https://www.city.yamagata-yamagata.lg.jp/kurashi/bousai/1006410/1006412/1006191.html",2026-09-20
TH-n3702582422,trailhead,リフト下,38.1282639,140.4388885,WGS84,168 170,雁戸山、蔵王山,東北百名山|日本百名山|日本二百名山|日本三百名山,,索道駅（ロープウェイ・ゴンドラ）,雁戸山:10.46km 蔵王山:2.59km,PK-w593823656(146m) PK-w854814593(170m) BS-n4871552624(66m) BS-kP11-22-04-bs5127(173m) BS-kP11-22-04-bs5129(727m),,provisional,15,公式情報または2情報源での確認が必要,"OpenStreetMap（© OpenStreetMap contributors, ODbL 1.0）Geofabrik japan-latest.osm.pbf 2026-09-23T20:22:04Z node/3702582422",
TH-n3702974301,trailhead,月山リフト上駅（姥沢・西川町側）,38.5318058,140.0095952,WGS84,154,月山,日本百名山|日本二百名山|日本三百名山|東北百名山,,索道駅（ロープウェイ・ゴンドラ）,月山:2.89km,,,adopted,15,,"OpenStreetMap（© OpenStreetMap contributors, ODbL 1.0）Geofabrik japan-latest.osm.pbf 2026-09-23T20:22:04Z node/3702974301 ｜ 公式情報: https://tohoku.env.go.jp/blog/2025/09/page_00042.html",2026-09-20
TH-n3766795533,trailhead,（名称未確認）,38.234783,140.4787523,WGS84,166,神室岳,東北百名山,,一般道（県道以上）との接続,神室岳:3.41km,,,candidate,30,名称未確認、公式情報または2情報源での確認が必要,"OpenStreetMap（© OpenStreetMap contributors, ODbL 1.0）Geofabrik japan-latest.osm.pbf 2026-09-23T20:22:04Z node/3766795533（登山道と道路の接続点）",
TH-n3772995966,trailhead,（名称未確認）,37.1603561,140.8681392,WGS84,201,二ッ箭山,東北百名山,,一般道との接続,二ッ箭山:1.62km,,,candidate,30,名称未確認、公式情報または2情報源での確認が必要,"OpenStreetMap（© OpenStreetMap contributors, ODbL 1.0）Geofabrik japan-latest.osm.pbf 2026-09-23T20:22:04Z node/3772995966（登山道と道路の接続点）",
TH-n3779984642,trailhead,八方台登山口,37.6145509,140.0486406,WGS84,185,磐梯山,日本百名山|日本二百名山|日本三百名山|東北百名山,OSM登山道「猫魔ヶ岳やまびこ探勝路」、八方台コース,登山口（OSMの登山口地物）,磐梯山:3.34km,PK-w41415963(50m),parking=八方台駐車場が満車の場合は八方台第2駐車場・こがね平駐車場を利用（路上駐車は不可）,adopted,15,八方台登山口周辺の路上駐車は危険なため禁止されている（福島県）、磐梯山は磐梯朝日国立公園の特別保護地区等に指定されている（福島県）、噴火警戒レベルは1だが、火口内等では噴気・火山ガスの噴出があり危険（気象庁）,"OpenStreetMap（© OpenStreetMap contributors, ODbL 1.0）Geofabrik japan-latest.osm.pbf 2026-09-23T20:22:04Z node/3779984642 ｜ 公式情報: https://www.pref.fukushima.lg.jp/sec/41351a/happodai-parking.html ｜ 公式情報: https://www.pref.fukushima.lg.jp/sec/16035b/bandaisantozan.html ｜ 公式情報: https://www.data.jma.go.jp/vois/data/report/activity_info/215.html",2026-09-20
TH-n3886716938,trailhead,（名称未確認）,37.3435666,139.6824819,WGS84,193,博士山,東北百名山,,一般道との接続,博士山:4.79km,,,candidate,30,名称未確認、公式情報または2情報源での確認が必要,"OpenStreetMap（© OpenStreetMap contributors, ODbL 1.0）Geofabrik japan-latest.osm.pbf 2026-09-23T20:22:04Z node/3886716938（登山道と道路の接続点）",
TH-n4176914378,trailhead,（名称未確認）,37.1775617,140.8781232,WGS84,201,二ッ箭山,東北百名山,,一般道との接続,二ッ箭山:0.9km,,,candidate,30,名称未確認、登山道が道路を横断する地点（途中の入口の可能性）、公式情報または2情報源での確認が必要,"OpenStreetMap（© OpenStreetMap contributors, ODbL 1.0）Geofabrik japan-latest.osm.pbf 2026-09-23T20:22:04Z node/4176914378（登山道と道路の接続点）",
TH-n4176914784,trailhead,（名称未確認）,37.1587799,140.8615486,WGS84,201,二ッ箭山,東北百名山,,一般道との接続,二ッ箭山:2.19km,PK-w417497288(290m),,provisional,30,名称未確認、公式情報または2情報源での確認が必要,"OpenStreetMap（© OpenStreetMap contributors, ODbL 1.0）Geofabrik japan-latest.osm.pbf 2026-09-23T20:22:04Z node/4176914784（登山道と道路の接続点）",
TH-n4339618977,trailhead,（名称未確認）キャンプ場入口バス停付近,37.866857,140.779659,WGS84,177,岩岳,東北百名山,,一般道（県道以上）との接続,岩岳:1.93km,BS-kP11-22-04-bs5670(409m) BS-kP11-22-04-bs5670(409m) BS-kP11-22-04-bs5668(632m),,provisional,30,名称未確認、公式情報または2情報源での確認が必要,"OpenStreetMap（© OpenStreetMap contributors, ODbL 1.0）Geofabrik japan-latest.osm.pbf 2026-09-23T20:22:04Z node/4339618977（登山道と道路の接続点）",
TH-n4359786398,trailhead,大日杉登山口（大日杉小屋）,37.8510267,139.7797259,WGS84,178,飯豊山,日本百名山|日本二百名山|日本三百名山|東北百名山,,施設（山小屋・宿・キャンプ場）からの入口,飯豊山:10.78km,,,adopted,15,大日杉登山口から飯豊山へは、ざんげ坂・長之助清水などを経由する（東北森林管理局）、飯豊町と喜多方市（川入集落）を結ぶ林道（飯豊檜枝線・一の木線）は11月上旬〜5月上旬が冬期閉鎖で、川入側からの出入りができない、山形県側からは大日杉登山口・岳谷釣り場・飯豊トンネル経由の川入方面へアクセスできる,"OpenStreetMap（© OpenStreetMap contributors, ODbL 1.0）Geofabrik japan-latest.osm.pbf 2026-09-23T20:22:04Z node/4359786398 ｜ 公式情報: https://www.rinya.maff.go.jp/tohoku/syo/okitama/zyouho/iide.html ｜ 公式情報: https://www.city.shibata.lg.jp/kanko/yama/1005149.html",2026-09-20
TH-n4382928682,trailhead,岩木山八合目（津軽岩木スカイライン）,40.6530774,140.2924889,WGS84,105,岩木山,日本百名山|日本二百名山|日本三百名山|東北百名山,八合目（スカイライン）コース,索道駅（ロープウェイ・ゴンドラ）,岩木山:1.05km,PK-w1216946449(66m) PK-w1216946448(159m) BS-n12987209550(100m) BS-n12987209549(101m),toll=津軽岩木スカイラインは有料道路; lift=8合目まで有料の岩木山スカイライン、8合目から鳥海山噴火口までリフト。リフト終点から頂上まで徒歩約30分（青森県）,adopted,15,八合目までは岩木山スカイラインで自動車利用が可能（青森県）,"OpenStreetMap（© OpenStreetMap contributors, ODbL 1.0）Geofabrik japan-latest.osm.pbf 2026-09-23T20:22:04Z node/4382928682 ｜ 公式情報: https://www.pref.aomori.lg.jp/soshiki/kankyo/shizen/kouen_iwaki.html ｜ 公式情報: https://www.rinya.maff.go.jp/tohoku/syo/tugarusirakami/gaiyo/iwaki.html",2026-09-20
TH-n4383043606,trailhead,谷地温泉,40.6328666,140.9246544,WGS84,104,八甲田山,日本百名山|日本二百名山|日本三百名山|東北百名山,,施設（山小屋・宿・キャンプ場）からの入口,八甲田山:6.19km,BS-kP11-22-02-bs2552(413m),,provisional,15,公式情報または2情報源での確認が必要,"OpenStreetMap（© OpenStreetMap contributors, ODbL 1.0）Geofabrik japan-latest.osm.pbf 2026-09-23T20:22:04Z node/4383043606 ｜ 国土地理院 地名検索「谷地温泉」（40.633048, 140.924283、JGD2011、37m差）2026-09-20確認",2026-09-20
TH-n4386380396,trailhead,蒸の湯温泉,39.9781451,140.817508,WGS84,120,八幡平,日本百名山|日本二百名山|日本三百名山|東北百名山,,駐車場・バス停（林道・車道を経由して登山道へ）,八幡平:6.02km,PK-w438254313(13m) BS-n4386380396(0m),,provisional,15,林道からの入口（マイカー進入可否を要確認）、公式情報または2情報源での確認が必要,"OpenStreetMap（© OpenStreetMap contributors, ODbL 1.0）Geofabrik japan-latest.osm.pbf 2026-09-23T20:22:04Z node/4386380396 ｜ OpenStreetMap（© OpenStreetMap contributors, ODbL 1.0）Geofabrik japan-latest.osm.pbf 2026-09-23T20:22:04Z node/4383605906（登山道と道路の接続点）",
TH-n4704648089,trailhead,クワッドリフト,39.242418,140.893679,WGS84,137 138,牛形山、焼石岳,東北百名山|日本二百名山|日本三百名山,,索道駅（ロープウェイ・ゴンドラ）,牛形山:6.57km 焼石岳:13.12km,,,provisional,15,公式情報または2情報源での確認が必要,"OpenStreetMap（© OpenStreetMap contributors, ODbL 1.0）Geofabrik japan-latest.osm.pbf 2026-09-23T20:22:04Z node/4704648089",
TH-n4704653795,trailhead,第2ゴンドラ,39.238696,140.890207,WGS84,137 138,牛形山、焼石岳,東北百名山|日本二百名山|日本三百名山,,索道駅（ロープウェイ・ゴンドラ）,牛形山:5.99km 焼石岳:12.54km,,,provisional,15,公式情報または2情報源での確認が必要,"OpenStreetMap（© OpenStreetMap contributors, ODbL 1.0）Geofabrik japan-latest.osm.pbf 2026-09-23T20:22:04Z node/4704653795",
TH-n4730366633,trailhead,飯豊山荘（天狗平・北股岳登山口）,37.9256363,139.6698033,WGS84,174 176 178,杁差岳、北股岳、飯豊山,日本二百名山|日本三百名山|甲信越百名山|東北百名山|日本百名山,,施設（山小屋・宿・キャンプ場）からの入口,杁差岳:9.27km 北股岳:8.29km,PK-w952021877(182m),,provisional,15,公式情報または2情報源での確認が必要,"OpenStreetMap（© OpenStreetMap contributors, ODbL 1.0）Geofabrik japan-latest.osm.pbf 2026-09-23T20:22:04Z node/4730366633 ｜ 登山記録で広く使われている登山口（登山記録・登山情報サイトで名称と利用を確認。公式情報では未確認） 2026-09-25確認",
TH-n4745195740,trailhead,第3リフト,38.0701431,140.5080003,WGS84,172,屏風岳,東北百名山,,索道駅（ロープウェイ・ゴンドラ）,屏風岳:4.85km,,,provisional,15,公式情報または2情報源での確認が必要,"OpenStreetMap（© OpenStreetMap contributors, ODbL 1.0）Geofabrik japan-latest.osm.pbf 2026-09-23T20:22:04Z node/4745195740",
TH-n4745195742,trailhead,第2リフト,38.0669313,140.5087272,WGS84,172,屏風岳,東北百名山,,索道駅（ロープウェイ・ゴンドラ）,屏風岳:5.48km,,,provisional,15,公式情報または2情報源での確認が必要,"OpenStreetMap（© OpenStreetMap contributors, ODbL 1.0）Geofabrik japan-latest.osm.pbf 2026-09-23T20:22:04Z node/4745195742",
TH-n4745195744,trailhead,クワッドリフト,38.0676978,140.5134023,WGS84,172,屏風岳,東北百名山,,索道駅（ロープウェイ・ゴンドラ）,屏風岳:5.46km,PK-w481606098(211m),,provisional,15,公式情報または2情報源での確認が必要,"OpenStreetMap（© OpenStreetMap contributors, ODbL 1.0）Geofabrik japan-latest.osm.pbf 2026-09-23T20:22:04Z node/4745195744",
TH-n4747268515,trailhead,クワッドリフト,38.1293703,140.5189021,WGS84,172,屏風岳,東北百名山,,索道駅（ロープウェイ・ゴンドラ）,屏風岳:7.21km,,,provisional,15,公式情報または2情報源での確認が必要,"OpenStreetMap（© OpenStreetMap contributors, ODbL 1.0）Geofabrik japan-latest.osm.pbf 2026-09-23T20:22:04Z node/4747268515",
TH-n4747268516,trailhead,クワッドリフト,38.128001,140.5280055,WGS84,172,屏風岳,東北百名山,,索道駅（ロープウェイ・ゴンドラ）,屏風岳:8.13km,,,provisional,15,公式情報または2情報源での確認が必要,"OpenStreetMap（© OpenStreetMap contributors, ODbL 1.0）Geofabrik japan-latest.osm.pbf 2026-09-23T20:22:04Z node/4747268516",
TH-n4747268519,trailhead,ダイナミック第2リフト,38.1243254,140.5028128,WGS84,172,屏風岳,東北百名山,,索道駅（ロープウェイ・ゴンドラ）,屏風岳:5.3km,,,provisional,15,公式情報または2情報源での確認が必要,"OpenStreetMap（© OpenStreetMap contributors, ODbL 1.0）Geofabrik japan-latest.osm.pbf 2026-09-23T20:22:04Z node/4747268519",
TH-n4747268520,trailhead,ダイナミック第2リフト,38.1268785,140.5098054,WGS84,172,屏風岳,東北百名山,,索道駅（ロープウェイ・ゴンドラ）,屏風岳:7.27km,,,provisional,15,公式情報または2情報源での確認が必要,"OpenStreetMap（© OpenStreetMap contributors, ODbL 1.0）Geofabrik japan-latest.osm.pbf 2026-09-23T20:22:04Z node/4747268520",
TH-n4747268828,trailhead,石子第1リフト,38.1233337,140.5069394,WGS84,172,屏風岳,東北百名山,,索道駅（ロープウェイ・ゴンドラ）,屏風岳:7.62km,,,provisional,15,公式情報または2情報源での確認が必要,"OpenStreetMap（© OpenStreetMap contributors, ODbL 1.0）Geofabrik japan-latest.osm.pbf 2026-09-23T20:22:04Z node/4747268828",
TH-n4747268831,trailhead,かもしかリフト,38.1186366,140.4969643,WGS84,172,屏風岳,東北百名山,,索道駅（ロープウェイ・ゴンドラ）,屏風岳:4.11km,,,provisional,15,公式情報または2情報源での確認が必要,"OpenStreetMap（© OpenStreetMap contributors, ODbL 1.0）Geofabrik japan-latest.osm.pbf 2026-09-23T20:22:04Z node/4747268831",
TH-n4769554741,trailhead,免平ロングリフト,38.3985357,140.7180993,WGS84,158 161,船形山、泉ヶ岳,日本二百名山|日本三百名山|東北百名山,,索道駅（ロープウェイ・ゴンドラ）,船形山:12.93km 泉ヶ岳:1.78km,BS-kP11-22-04-bs2385(943m) BS-kP11-22-04-bs2385(943m),,provisional,15,"公式情報または2情報源での確認が必要、船形山（1,500m）宮城県側の主な登山コースは、大和町 旗坂キャンプ場からの升沢コース（頂上まで約4時間）、色麻町 大滝キャンプ場からの小栗山コース（約1時間半）、加美町からの夕日沢コース（林野庁）、升沢コース以外は登山口まで未舗装の林道を走行する。公共交通機関では登山口へ行けない（林野庁）、この地点がどの登山口かは未確認","OpenStreetMap（© OpenStreetMap contributors, ODbL 1.0）Geofabrik japan-latest.osm.pbf 2026-09-23T20:22:04Z node/4769554741 ｜ 公式情報: https://www.rinya.maff.go.jp/tohoku/introduction/gaiyou_kyoku/annai/midokoro/midokoro_2019_08.html",2026-09-20
TH-n4770318383,trailhead,クリッパーエクスプレス,38.4177185,140.712188,WGS84,158 161,船形山、泉ヶ岳,日本二百名山|日本三百名山|東北百名山,,索道駅（ロープウェイ・ゴンドラ）,船形山:11.41km 泉ヶ岳:2.19km,BS-kP11-22-04-bs2331(1002m),,provisional,15,公式情報または2情報源での確認が必要,"OpenStreetMap（© OpenStreetMap contributors, ODbL 1.0）Geofabrik japan-latest.osm.pbf 2026-09-23T20:22:04Z node/4770318383",
TH-n4770318385,trailhead,クレッセントペアリフト,38.415855,140.7099772,WGS84,158 161,船形山、泉ヶ岳,日本二百名山|日本三百名山|東北百名山,,索道駅（ロープウェイ・ゴンドラ）,船形山:11.25km 泉ヶ岳:2.02km,,,provisional,15,公式情報または2情報源での確認が必要,"OpenStreetMap（© OpenStreetMap contributors, ODbL 1.0）Geofabrik japan-latest.osm.pbf 2026-09-23T20:22:04Z node/4770318385",
TH-n4788919745,trailhead,LIZA EXPRESS,38.124573,140.4144067,WGS84,168 170,雁戸山、蔵王山,東北百名山|日本百名山|日本二百名山|日本三百名山,,索道駅（ロープウェイ・ゴンドラ）,雁戸山:12.98km 蔵王山:4.91km,BS-kP11-22-06-bs2559(811m),,provisional,15,近くの道路にゲートあり（車両通行止め・季節閉鎖の可能性）、公式情報または2情報源での確認が必要,"OpenStreetMap（© OpenStreetMap contributors, ODbL 1.0）Geofabrik japan-latest.osm.pbf 2026-09-23T20:22:04Z node/4788919745",
TH-n4788919747,trailhead,LIZA PAIR 1,38.126031,140.4082939,WGS84,168 170,雁戸山、蔵王山,東北百名山|日本百名山|日本二百名山|日本三百名山,,索道駅（ロープウェイ・ゴンドラ）,雁戸山:12.93km 蔵王山:4.22km,PK-w486214722(468m) BS-kP11-22-06-bs2559(421m),,provisional,15,近くの道路にゲートあり（車両通行止め・季節閉鎖の可能性）、公式情報または2情報源での確認が必要,"OpenStreetMap（© OpenStreetMap contributors, ODbL 1.0）Geofabrik japan-latest.osm.pbf 2026-09-23T20:22:04Z node/4788919747",
TH-n4788919748,trailhead,LIZA PAIR 1,38.1244005,140.402387,WGS84,168 170,雁戸山、蔵王山,東北百名山|日本百名山|日本二百名山|日本三百名山,,索道駅（ロープウェイ・ゴンドラ）,雁戸山:13.56km 蔵王山:4.85km,PK-w486214722(297m) BS-kP11-22-06-bs2559(303m) BS-kP11-22-06-bs2561(632m),,provisional,15,近くの道路にゲートあり（車両通行止め・季節閉鎖の可能性）、公式情報または2情報源での確認が必要,"OpenStreetMap（© OpenStreetMap contributors, ODbL 1.0）Geofabrik japan-latest.osm.pbf 2026-09-23T20:22:04Z node/4788919748",
TH-n4957498388,trailhead,ゴンドラ,40.6691781,140.2869067,WGS84,105,岩木山,日本百名山|日本二百名山|日本三百名山|東北百名山,OSM登山道「長平登山道」,索道駅（ロープウェイ・ゴンドラ）,岩木山:2.12km,,,provisional,15,公式情報または2情報源での確認が必要,"OpenStreetMap（© OpenStreetMap contributors, ODbL 1.0）Geofabrik japan-latest.osm.pbf 2026-09-23T20:22:04Z node/4957498388",
TH-n5052897434,trailhead,猿倉温泉,40.6270081,140.9094582,WGS84,106,南八甲田,東北百名山,,施設（山小屋・宿・キャンプ場）からの入口,南八甲田:8.39km,BS-kP11-22-02-bs2553(454m),,provisional,15,公式情報または2情報源での確認が必要,"OpenStreetMap（© OpenStreetMap contributors, ODbL 1.0）Geofabrik japan-latest.osm.pbf 2026-09-23T20:22:04Z node/5052897434 ｜ 国土地理院 地名検索「猿倉温泉」（40.626667, 140.909144、JGD2011、46m差）2026-09-20確認",2026-09-20
TH-n5093863435,trailhead,秋田駒ヶ岳 八合目登山口,39.7679396,140.8072601,WGS84,124 125 127,大白森、烏帽子岳、秋田駒ヶ岳,東北百名山|日本三百名山|日本二百名山,,一般道（県道以上）との接続,大白森:15.25km 烏帽子岳:6.91km 秋田駒ヶ岳:2.48km,PK-w292872733(34m) BS-n14168859501(22m) BS-kP11-22-05-bs1969(22m),restriction=駒ヶ岳登山口（かもしか駐車場分岐点）から八合目はマイカー規制; bus=規制期間中はアルパこまくさから登山バス,adopted,15,登山道が道路を横断する地点（途中の入口の可能性）、混雑解消と自然環境保護のため、八合目までの区間でマイカー規制が行われる（秋田県・仙北市）、規制期間は年により変わるため、仙北市の案内を確認すること、JR田沢湖駅から登山口までバスで約1時間（秋田県）,"OpenStreetMap（© OpenStreetMap contributors, ODbL 1.0）Geofabrik japan-latest.osm.pbf 2026-09-23T20:22:04Z node/5093863435（登山道と道路の接続点） ｜ 公式情報: https://www.pref.akita.lg.jp/pages/archive/50694 ｜ 公式情報: https://www.env.go.jp/nature/nationalparks/list/towada-hachimantai/course/15/",2026-09-20
TH-n5094654422,trailhead,須川高原温泉（須川コース登山口）,38.9797119,140.7707351,WGS84,144,栗駒山,日本二百名山|日本三百名山|東北百名山,,施設（山小屋・宿・キャンプ場）からの入口,栗駒山:3.81km,PK-w697899833(99m) PK-w697899838(114m) PK-w697899817(137m),restriction=須川コースは火山ガス対策で一部区間が通行止めだったが、2026年7月18日から利用再開（秋田県）,adopted,15,須川コースは火山ガス（硫化水素）の濃度が高く2019年4月から通行止めだったが、観測装置と注意喚起看板を設置し、2026年7月18日から通行再開（秋田県）、栗駒山の噴火警戒レベルは1（気象庁）,"OpenStreetMap（© OpenStreetMap contributors, ODbL 1.0）Geofabrik japan-latest.osm.pbf 2026-09-23T20:22:04Z node/5094654422 ｜ 公式情報: https://www.pref.akita.lg.jp/pages/archive/41757 ｜ 公式情報: https://www.rinya.maff.go.jp/tohoku/syo/iwatenanbu/osirase/kurikoma.html ｜ 公式情報: https://www.data.jma.go.jp/vois/data/report/activity_info/210.html",2026-09-20
TH-n5143106342,trailhead,（名称未確認）,37.7770377,140.6708026,WGS84,181,霊山,東北百名山,,一般道（県道以上）との接続,霊山:2.52km,,,candidate,30,名称未確認、公式情報または2情報源での確認が必要,"OpenStreetMap（© OpenStreetMap contributors, ODbL 1.0）Geofabrik japan-latest.osm.pbf 2026-09-23T20:22:04Z node/5143106342（登山道と道路の接続点）",
TH-n5143106498,trailhead,霊山湧水の里キャンプ場,37.7837855,140.6703834,WGS84,181,霊山,東北百名山,,施設（山小屋・宿・キャンプ場）からの入口,霊山:2.85km,,,provisional,15,公式情報または2情報源での確認が必要,"OpenStreetMap（© OpenStreetMap contributors, ODbL 1.0）Geofabrik japan-latest.osm.pbf 2026-09-23T20:22:04Z node/5143106498",
TH-n5312120311,trailhead,鳩待峠（至仏山・尾瀬ヶ原登山口）,36.8901434,139.2004966,WGS84,220 224 230,燧ヶ岳、至仏山、笠ヶ岳,日本百名山|日本二百名山|日本三百名山|東北百名山|関東百名山,OSM登山道「鳩待峠～富士見峠」、OSM登山道「鳩待峠～至仏山」、鳩待峠コース,峠（道路との接続）,燧ヶ岳:12.64km 至仏山:4.66km 笠ヶ岳:6.06km,PK-w388245396(18m) PK-w388245596(159m) BS-kP11-22-10-bs1(9m) BS-kP11-22-10-bs1(9m),restriction=津奈木〜鳩待峠（約3.5km）はシーズン中マイカー規制; OSM登山ルート: Mt. Shibutsu Loop,adopted,15,登山道が道路を横断する地点（途中の入口の可能性）,"OpenStreetMap（© OpenStreetMap contributors, ODbL 1.0）Geofabrik japan-latest.osm.pbf 2026-09-23T20:22:04Z node/5312120311（登山道と道路の接続点） ｜ 国土地理院 地名検索「鳩待峠」（36.890220, 139.200319、JGD2011、18m差）2026-09-24確認 ｜ 公式情報: https://www.mlit.go.jp/seisakutokatsu/soukou/ppg/ppg3/katashinamura.html ｜ 公式情報: https://kanto.env.go.jp/to_2007/0725a.html",2026-09-20
TH-n6006711725,trailhead,（名称未確認）弁天温泉旅館付近,37.1183361,139.9849398,WGS84,202 203,三本槍岳、那須岳,関東百名山|日本百名山|日本二百名山|日本三百名山|東北百名山,,道路の終点付近,三本槍岳:8.13km 那須岳:3.94km,PK-w637379795(95m) PK-w637379796(159m) PK-w414907180(228m) BS-kP11-22-09-bs6(203m) BS-kP11-22-09-bs4(269m) BS-kP11-22-09-bs3(334m),,provisional,30,名称未確認、林道からの入口（マイカー進入可否を要確認）、公式情報または2情報源での確認が必要,"OpenStreetMap（© OpenStreetMap contributors, ODbL 1.0）Geofabrik japan-latest.osm.pbf 2026-09-23T20:22:04Z node/6006711725（登山道と道路の接続点）",
TH-n6420623950,trailhead,焼走り登山口（焼走りコース）,39.8749751,141.041678,WGS84,122,岩手山,日本百名山|日本二百名山|日本三百名山|東北百名山,,駐車場・バス停（林道・車道を経由して登山道へ）,岩手山:6.13km,PK-n6420623950(0m) PK-w685206187(12m),course=焼走りコース 片道8.5km・5時間10分（環境省）,adopted,15,岩手山の噴火警戒レベルは2026年8月27日にレベル2からレベル1へ引き下げられた（仙台管区気象台）、火山活動が比較的活発な西側は、安全確認等のため引き続き立入規制。対象は犬倉山分岐（雫石町）・県民の森登山口（八幡平市）・松川キャンプ場登山口（八幡平市）（東北森林管理局）、焼走り熔岩流に登山口があるコース（環境省）,"OpenStreetMap（© OpenStreetMap contributors, ODbL 1.0）Geofabrik japan-latest.osm.pbf 2026-09-23T20:22:04Z node/6420623950 ｜ OpenStreetMap（© OpenStreetMap contributors, ODbL 1.0）Geofabrik japan-latest.osm.pbf 2026-09-23T20:22:04Z node/1233655146（登山道と道路の接続点） ｜ 公式情報: https://www.env.go.jp/nature/nationalparks/list/towada-hachimantai/course/16/ ｜ 公式情報: https://www.rinya.maff.go.jp/tohoku/syo/morioka/iwatesan/iwatesan_nyuuzannkisei.html ｜ 公式情報: https://www.data.jma.go.jp/vois/data/report/activity_info/207.html",2026-09-20
TH-n6504219904,trailhead,（名称未確認）,38.210817,139.842499,WGS84,165 169,朝日連峰、祝瓶山,日本百名山|日本二百名山|日本三百名山|東北百名山,,一般道との接続,朝日連峰:10.49km 祝瓶山:4.29km,,,candidate,30,名称未確認、公式情報または2情報源での確認が必要,"OpenStreetMap（© OpenStreetMap contributors, ODbL 1.0）Geofabrik japan-latest.osm.pbf 2026-09-23T20:22:04Z node/6504219904（登山道と道路の接続点）",
TH-n6544621375,trailhead,御とめ湯り,37.6835638,140.3296106,WGS84,183,一切経山,日本三百名山|東北百名山,,駐車場・バス停（林道・車道を経由して登山道へ）,一切経山:12.12km,PK-n6544621375(0m) PK-w696887431(7m) PK-w288244858(219m) BS-kP11-22-07-bs928(44m) BS-kP11-22-07-bs928(44m) BS-kP11-22-07-bs932(238m),,provisional,15,公式情報または2情報源での確認が必要,"OpenStreetMap（© OpenStreetMap contributors, ODbL 1.0）Geofabrik japan-latest.osm.pbf 2026-09-23T20:22:04Z node/6544621375 ｜ OpenStreetMap（© OpenStreetMap contributors, ODbL 1.0）Geofabrik japan-latest.osm.pbf 2026-09-23T20:22:04Z node/7261467375（登山道と道路の接続点）",
TH-n6741760363,trailhead,御霊櫃峠,37.4330912,140.1986809,WGS84,189,額取山,東北百名山,,峠（道路との接続）,額取山:3.29km,PK-w717837597(13m) PK-w717837596(30m),,adopted,30,登山道が道路を横断する地点（途中の入口の可能性）,"OpenStreetMap（© OpenStreetMap contributors, ODbL 1.0）Geofabrik japan-latest.osm.pbf 2026-09-23T20:22:04Z node/6741760363（登山道と道路の接続点） ｜ 国土地理院 地名検索「御霊櫃峠」（37.433005, 140.198767、JGD2011、12m差）2026-09-20確認",2026-09-20
TH-n6813373061,trailhead,鶴の湯本陣,39.8051381,140.7794092,WGS84,124 125,大白森、烏帽子岳,東北百名山|日本三百名山,,駐車場・バス停（林道・車道を経由して登山道へ）,大白森:4.51km 烏帽子岳:8.05km,PK-w457381815(53m) BS-n6813373061(0m) BS-kP11-22-05-bs1919(782m),,provisional,15,公式情報または2情報源での確認が必要,"OpenStreetMap（© OpenStreetMap contributors, ODbL 1.0）Geofabrik japan-latest.osm.pbf 2026-09-23T20:22:04Z node/6813373061 ｜ OpenStreetMap（© OpenStreetMap contributors, ODbL 1.0）Geofabrik japan-latest.osm.pbf 2026-09-23T20:22:04Z node/1289981695（登山道と道路の接続点）",
TH-n6992606948,trailhead,（名称未確認）,40.6752577,140.9392047,WGS84,104,八甲田山,日本百名山|日本二百名山|日本三百名山|東北百名山,,一般道（県道以上）との接続,八甲田山:7.42km,PK-w747309838(164m) PK-w747309835(293m),,provisional,30,名称未確認、公式情報または2情報源での確認が必要,"OpenStreetMap（© OpenStreetMap contributors, ODbL 1.0）Geofabrik japan-latest.osm.pbf 2026-09-23T20:22:04Z node/6992606948（登山道と道路の接続点）",
TH-n7109234648,trailhead,（名称未確認）鶴の湯温泉旧道口バス停付近,39.7943691,140.7789656,WGS84,127,秋田駒ヶ岳,日本二百名山|日本三百名山|東北百名山,,一般道との接続,秋田駒ヶ岳:10.03km,PK-w760935960(197m) PK-w760935961(200m) PK-w760935962(266m) BS-kP11-22-05-bs1919(429m) BS-kP11-22-05-bs1928(573m),,provisional,30,名称未確認、登山道が道路を横断する地点（途中の入口の可能性）、公式情報または2情報源での確認が必要,"OpenStreetMap（© OpenStreetMap contributors, ODbL 1.0）Geofabrik japan-latest.osm.pbf 2026-09-23T20:22:04Z node/7109234648（登山道と道路の接続点）",
TH-n7226729756,trailhead,藤里駒ケ岳登山口トイレ,40.427932,140.2511436,WGS84,114,藤里駒ヶ岳,東北百名山,,登山口（OSMの登山口地物）,藤里駒ヶ岳:1.98km,,,adopted,15,採用の根拠: OSMの登山口名と、地理院地図の徒歩道が道路から始まる位置の一致（公式情報では未確認）,"OpenStreetMap（© OpenStreetMap contributors, ODbL 1.0）Geofabrik japan-latest.osm.pbf 2026-09-23T20:22:04Z node/7226729756 ｜ 国土地理院ベクトルタイル提供実験 地理院地図の徒歩道の起点（40.427838, 140.251022、JGD2011、15m差）2026-09-24確認",
TH-n7254825526,trailhead,月山八合目,38.587252,140.0170907,WGS84,154,月山,日本百名山|日本二百名山|日本三百名山|東北百名山,月山八合目（弥陀ヶ原）コース,一般道（県道以上）との接続,月山:5.01km,PK-w615832902(65m) BS-kP11-22-06-bs1186(3m),congestion=八合目駐車場は週末・祝日に混雑（鶴岡市が混雑予想カレンダーを公表）,adopted,15,鶴岡市が年度ごとに八合目の混雑予想カレンダーを公表している,"OpenStreetMap（© OpenStreetMap contributors, ODbL 1.0）Geofabrik japan-latest.osm.pbf 2026-09-23T20:22:04Z node/7254825526（登山道と道路の接続点） ｜ 公式情報: https://www.city.tsuruoka.lg.jp/shisei/shiyakusyo/infomation/haguro/kanko/hsangyo20260619.html ｜ 公式情報: https://tohoku.env.go.jp/blog/2025/09/page_00042.html",2026-09-20
TH-n727644496,trailhead,（名称未確認）藤七温泉バス停付近,39.942588,140.855203,WGS84,121,三ツ石山,東北百名山,,一般道（県道以上）との接続,三ツ石山:12.86km,BS-kP11-22-03-bs1357(513m) BS-kP11-22-03-bs1358(725m) BS-kP11-22-05-bs1531(820m),,provisional,30,名称未確認、公式情報または2情報源での確認が必要,"OpenStreetMap（© OpenStreetMap contributors, ODbL 1.0）Geofabrik japan-latest.osm.pbf 2026-09-23T20:22:04Z node/727644496（登山道と道路の接続点）",
TH-n727644728,trailhead,八幡平 県境登山口（見返峠・山頂レストハウス付近）,39.9499449,140.8563512,WGS84,120,八幡平,日本百名山|日本二百名山|日本三百名山|東北百名山,,登山口（OSMの登山口地物）,八幡平:0.95km,PK-w619169721(41m) PK-w440675746(250m) BS-kP11-22-05-bs1531(1m) BS-kP11-22-03-bs1357(961m),season=八幡平アスピーテライン・樹海ラインは11月上旬〜4月中旬が冬期閉鎖,adopted,15,八幡平山頂レストハウス（見返峠駐車場）がある（環境省）、アスピーテラインは4月中旬に開通し、雪の回廊が見られる（秋田県）、冬期は道路が閉鎖されるため、開通時期を確認すること,"OpenStreetMap（© OpenStreetMap contributors, ODbL 1.0）Geofabrik japan-latest.osm.pbf 2026-09-23T20:22:04Z node/727644728 ｜ 国土地理院ベクトルタイル提供実験 地理院地図の徒歩道の起点（39.949940, 140.856287、JGD2011、6m差）2026-09-24確認 ｜ 公式情報: https://www.env.go.jp/nature/nationalparks/list/towada-hachimantai/course/10/ ｜ 公式情報: https://www.pref.akita.lg.jp/pages/archive/94954",2026-09-20
TH-n7500078345,trailhead,（名称未確認）,38.5237208,139.6976383,WGS84,156,摩耶山,日本三百名山|東北百名山,,道路の終点付近,摩耶山:2.96km,,,candidate,30,名称未確認、林道からの入口（マイカー進入可否を要確認）、公式情報または2情報源での確認が必要,"OpenStreetMap（© OpenStreetMap contributors, ODbL 1.0）Geofabrik japan-latest.osm.pbf 2026-09-23T20:22:04Z node/7500078345（登山道と道路の接続点）",
TH-n7500078494,trailhead,（名称未確認）,38.5324711,139.7091648,WGS84,156,摩耶山,日本三百名山|東北百名山,,道路の終点付近,摩耶山:2.34km,,,candidate,30,名称未確認、林道からの入口（マイカー進入可否を要確認）、公式情報または2情報源での確認が必要,"OpenStreetMap（© OpenStreetMap contributors, ODbL 1.0）Geofabrik japan-latest.osm.pbf 2026-09-23T20:22:04Z node/7500078494（登山道と道路の接続点）",
TH-n7594192514,trailhead,徳仙丈山 気仙沼側登山口,38.8560225,141.4700488,WGS84,149,徳仙丈山,東北百名山,,一般道との接続,徳仙丈山:1.13km,,parking=普通乗用車約120台、大型バス3台（気仙沼観光推進機構）; access=三陸道気仙沼中央ICで降り、国道45号線を気仙沼市内方面に左折、2つ目の信号を左折して約10km（気仙沼観光推進機構）,adopted,15,カーナビで「徳仙丈山」だけで検索すると山頂へ案内され、自動車が通行できない悪路が示される。「徳仙丈登山口」で検索するよう案内している（気仙沼観光推進機構）、登山口の正確な位置は公式情報では未確認,"OpenStreetMap（© OpenStreetMap contributors, ODbL 1.0）Geofabrik japan-latest.osm.pbf 2026-09-23T20:22:04Z node/7594192514（登山道と道路の接続点） ｜ 公式情報: https://kesennuma-kanko.jp/tokusen-access/",2026-09-25
TH-n7594192654,trailhead,（名称未確認）,38.8466945,141.479009,WGS84,149,徳仙丈山,東北百名山,,林道との接続,徳仙丈山:0.9km,,,candidate,30,名称未確認、林道からの入口（マイカー進入可否を要確認）、公式情報または2情報源での確認が必要,"OpenStreetMap（© OpenStreetMap contributors, ODbL 1.0）Geofabrik japan-latest.osm.pbf 2026-09-23T20:22:04Z node/7594192654（登山道と道路の接続点）",
TH-n7615424234,trailhead,岩盤浴,39.9621057,140.728898,WGS84,119,秋田焼山,東北百名山,,施設（山小屋・宿・キャンプ場）からの入口,秋田焼山:2.97km,PK-w550151692(331m) BS-kP11-22-05-bs1491(325m) BS-kP11-22-05-bs1492(325m) BS-kP11-22-05-bs1493(325m),,provisional,15,近くの道路にゲートあり（車両通行止め・季節閉鎖の可能性）、公式情報または2情報源での確認が必要,"OpenStreetMap（© OpenStreetMap contributors, ODbL 1.0）Geofabrik japan-latest.osm.pbf 2026-09-23T20:22:04Z node/7615424234",
TH-n7660189286,trailhead,滝ノ小屋登山口,39.0686939,140.0458174,WGS84,139,鳥海山,日本百名山|日本二百名山|日本三百名山|東北百名山,,登山口（OSMの登山口地物）,鳥海山:5.13km,PK-w833117561(42m) PK-w833117528(215m),,adopted,15,採用の根拠: OSMの登山口名と、地理院地図の徒歩道が道路から始まる位置の一致（公式情報では未確認）,"OpenStreetMap（© OpenStreetMap contributors, ODbL 1.0）Geofabrik japan-latest.osm.pbf 2026-09-23T20:22:04Z node/7660189286 ｜ 国土地理院ベクトルタイル提供実験 地理院地図の徒歩道の起点（39.068658, 140.045810、JGD2011、4m差）2026-09-24確認",
TH-n7688189865,trailhead,（名称未確認）第4駐車場付近,38.1245168,140.4543129,WGS84,172,屏風岳,東北百名山,,一般道（県道以上）との接続,屏風岳:6.06km,PK-w1188034348(487m) BS-kP11-22-04-bs5150(204m) BS-kP11-22-04-bs5129(704m) BS-kP11-22-04-bs5130(704m),,provisional,30,名称未確認、公式情報または2情報源での確認が必要,"OpenStreetMap（© OpenStreetMap contributors, ODbL 1.0）Geofabrik japan-latest.osm.pbf 2026-09-23T20:22:04Z node/7688189865（登山道と道路の接続点）",
TH-n7722369585,trailhead,河原の坊（コースは通行止め）,39.5409982,141.4778052,WGS84,130,早池峰山,日本百名山|日本二百名山|日本三百名山|東北百名山,OSM登山道「河原の坊コース」,施設（山小屋・宿・キャンプ場）からの入口,早池峰山:2.32km,PK-w1326488831(42m),restriction=河原の坊コースは当分の間通行止め,adopted,15,早池峰山の登山口は小田越・河原の坊（当分の間通行止め）・岳・門馬（林野庁）、河原の坊コースの再開時期は未定。入山前に花巻市・森林管理署の情報を確認すること,"OpenStreetMap（© OpenStreetMap contributors, ODbL 1.0）Geofabrik japan-latest.osm.pbf 2026-09-23T20:22:04Z node/7722369585 ｜ 公式情報: https://www.rinya.maff.go.jp/tohoku/syo/tono/osirase/hayatinesan.html ｜ 公式情報: https://www.rinya.maff.go.jp/tohoku/introduction/gaiyou_kyoku/annai/midokoro/midokoro_2020_11.html",2026-09-20
TH-n863424499,trailhead,いわかがみ平（中央コース登山口）,38.9446387,140.8039087,WGS84,144,栗駒山,日本二百名山|日本三百名山|東北百名山,OSM登山道「中央コース」、OSM登山道「東栗駒コース」,登山口（OSMの登山口地物）,栗駒山:2.72km,PK-w72722117(61m) PK-w566138399(95m) PK-w566138398(120m),,adopted,15,栗駒山は活火山。噴火警戒レベルの対象市町村は岩手県一関市・宮城県栗原市・秋田県の横手市・湯沢市・羽後町・東成瀬村（気象庁）、この地点が中央コース登山口（いわかがみ平）かどうかは名称のみで、位置は未確認,"OpenStreetMap（© OpenStreetMap contributors, ODbL 1.0）Geofabrik japan-latest.osm.pbf 2026-09-23T20:22:04Z node/863424499 ｜ 国土地理院ベクトルタイル提供実験 地理院地図の徒歩道の起点（38.944709, 140.804071、JGD2011、16m差）2026-09-24確認 ｜ 公式情報: https://www.data.jma.go.jp/vois/data/report/activity_info/210.html",2026-09-20
TH-n8702481681,trailhead,（名称未確認）つぶ沼キャンプ場付近,39.1164995,140.887493,WGS84,137 138,牛形山、焼石岳,東北百名山|日本二百名山|日本三百名山,,一般道（県道以上）との接続,牛形山:14.03km 焼石岳:8.4km,PK-w482593759(178m) PK-w1319370268(296m),,provisional,30,名称未確認、登山道が道路を横断する地点（途中の入口の可能性）、公式情報または2情報源での確認が必要,"OpenStreetMap（© OpenStreetMap contributors, ODbL 1.0）Geofabrik japan-latest.osm.pbf 2026-09-23T20:22:04Z node/8702481681（登山道と道路の接続点）",
TH-n8711853009,trailhead,（名称未確認）,38.4423913,140.5174702,WGS84,159,黒伏山,東北百名山,,道路の終点付近,黒伏山:1.45km,,,candidate,30,名称未確認、林道からの入口（マイカー進入可否を要確認）、公式情報または2情報源での確認が必要,"OpenStreetMap（© OpenStreetMap contributors, ODbL 1.0）Geofabrik japan-latest.osm.pbf 2026-09-23T20:22:04Z node/8711853009（登山道と道路の接続点）",
TH-n8712620168,trailhead,二口キャンプ場,38.2732192,140.5440509,WGS84,162 164,面白山、大東岳,東北百名山,,施設（山小屋・宿・キャンプ場）からの入口,面白山:11.7km 大東岳:5.1km,BS-kP11-22-04-bs3850(721m) BS-kP11-22-04-bs3850(721m),,provisional,15,公式情報または2情報源での確認が必要,"OpenStreetMap（© OpenStreetMap contributors, ODbL 1.0）Geofabrik japan-latest.osm.pbf 2026-09-23T20:22:04Z node/8712620168",
TH-n8806898560,trailhead,（名称未確認）クアドーム;ザ・ブーン付近,39.7965576,140.2235541,WGS84,126,太平山,日本三百名山|東北百名山,OSM登山道「登山口仁別コース」,一般道（県道以上）との接続,太平山:9.47km,PK-w295641587(111m) PK-w705631706(140m) PK-w295641588(161m) BS-kP11-22-05-bs1922(145m) BS-kP11-22-05-bs1924(172m) BS-kP11-22-05-bs1923(945m),,provisional,30,名称未確認、公式情報または2情報源での確認が必要,"OpenStreetMap（© OpenStreetMap contributors, ODbL 1.0）Geofabrik japan-latest.osm.pbf 2026-09-23T20:22:04Z node/8806898560（登山道と道路の接続点）",
TH-n9053236356,trailhead,崩山登山口,40.5607015,139.9848856,WGS84,108,白神岳,日本二百名山|日本三百名山|東北百名山,,登山口（OSMの登山口地物）,白神岳:8.93km,PK-w978399396(429m) PK-w978399400(492m) BS-kP11-22-02-bs3312(364m),,provisional,15,公式情報または2情報源での確認が必要,"OpenStreetMap（© OpenStreetMap contributors, ODbL 1.0）Geofabrik japan-latest.osm.pbf 2026-09-23T20:22:04Z node/9053236356",
TH-n9084135993,trailhead,（名称未確認）,40.4393075,140.4094818,WGS84,112,田代岳,東北百名山,,道路の終点付近,田代岳:2.02km,,,candidate,30,名称未確認、林道からの入口（マイカー進入可否を要確認）、公式情報または2情報源での確認が必要,"OpenStreetMap（© OpenStreetMap contributors, ODbL 1.0）Geofabrik japan-latest.osm.pbf 2026-09-23T20:22:04Z node/9084135993（登山道と道路の接続点）",
TH-n954201374,trailhead,（名称未確認）,38.9206463,140.7309292,WGS84,144,栗駒山,日本二百名山|日本三百名山|東北百名山,,一般道（県道以上）との接続,栗駒山:8.7km,PK-w836638133(55m),,provisional,30,名称未確認、公式情報または2情報源での確認が必要,"OpenStreetMap（© OpenStreetMap contributors, ODbL 1.0）Geofabrik japan-latest.osm.pbf 2026-09-23T20:22:04Z node/954201374（登山道と道路の接続点）",
TH-n957115735,trailhead,（名称未確認）大黒天バス停付近,38.1310081,140.4640094,WGS84,168 170,雁戸山、蔵王山,東北百名山|日本百名山|日本二百名山|日本三百名山,,一般道（県道以上）との接続,雁戸山:11.66km 蔵王山:3.79km,PK-w820345807(45m) BS-kP11-22-04-bs5107(21m) BS-kP11-22-04-bs5090(529m),,provisional,30,名称未確認、公式情報または2情報源での確認が必要,"OpenStreetMap（© OpenStreetMap contributors, ODbL 1.0）Geofabrik japan-latest.osm.pbf 2026-09-23T20:22:04Z node/957115735（登山道と道路の接続点）",
TH-n962950579,trailhead,ゴンドラ乗降場,39.2317528,140.8875427,WGS84,137 138,牛形山、焼石岳,東北百名山|日本二百名山|日本三百名山,,索道駅（ロープウェイ・ゴンドラ）,牛形山:5.18km 焼石岳:11.73km,,,provisional,15,公式情報または2情報源での確認が必要,"OpenStreetMap（© OpenStreetMap contributors, ODbL 1.0）Geofabrik japan-latest.osm.pbf 2026-09-23T20:22:04Z node/962950579",
TH-n9747671760,trailhead,（名称未確認）,38.0925272,140.5750894,WGS84,173,青麻山,東北百名山,,一般道との接続,青麻山:4.16km,,,candidate,30,名称未確認、公式情報または2情報源での確認が必要,"OpenStreetMap（© OpenStreetMap contributors, ODbL 1.0）Geofabrik japan-latest.osm.pbf 2026-09-23T20:22:04Z node/9747671760（登山道と道路の接続点）",
TH-osm-n2081644195,trailhead,ハチカ沢登山口（甑岳）,38.460501,140.430092,WGS84,157,甑岳,東北百名山,,登山記録で広く使われている登山口,,,,provisional,50,,"OpenStreetMap（© OpenStreetMap contributors, ODbL 1.0）node/2081644195（highway=trailhead「甑岳・ハチカ沢登山口」） ｜ 登山記録で広く使われている登山口（登山記録・登山情報サイトで名称と利用を確認。公式情報では未確認） 2026-09-25確認",
TH-osm-n264237096,trailhead,浪板海岸駅（鯨山 大槌コースの起点）,39.3836466,141.9351291,WGS84,134,鯨山,東北百名山,,公式情報による登山口,,PK-w239696707(362m) PK-w239696711(494m) BS-kP11-22-03-bs3815(47m) BS-kP11-22-03-bs3838(458m),course=大槌コース（浪板海岸ビレッジ～山頂）の登り1時間30分～2時間、山田コース（陸中海岸青少年の家へ）の下り1時間30分～2時間（大槌町観光交流協会）,adopted,30,大槌コースの起点は浪板海岸ビレッジで、国道45号線をくぐり、三鉄浪板海岸駅を通って山道へ向かう（大槌町観光交流協会）、登山初心者は経験者の同行を、2人以上での登山と熊鈴・クマよけスプレーの携帯を求めている（大槌町観光交流協会）,"OpenStreetMap（© OpenStreetMap contributors, ODbL 1.0）node/264237096（三陸鉄道 浪板海岸駅） ｜ 公式情報: https://otsuchi-ta.com/tourism/?p=1402",2026-09-25
TH-osm-n6847372150,trailhead,ゴンドラ山頂駅舎（森吉山阿仁スキー場）,39.974745,140.521586,WGS84,118,森吉山,日本二百名山|日本三百名山|東北百名山,阿仁スキー場ゴンドラを使っての登山,公式情報による登山口,,,cable=阿仁スキー場ゴンドラを使って山頂まで約1時間30分（北秋田市）; season=「森吉山ゴンドラ山歩」の期間は春夏が6月上旬〜9月中旬、秋が10月（北秋田市）,adopted,30,コメツガコース（山頂まで約3時間）、松倉コース（約3時間）、奥森吉ヒバクラコース（約2時間50分）、黒石川コース（約5時間30分）、ブナ帯コース（約2時間30分）など（北秋田市）、悪天候時や悪天候が見込まれる場合は、滑落・落石・倒木・落枝・雪崩等の危険が増すため入林しないよう案内されている（北秋田市）,"OpenStreetMap（© OpenStreetMap contributors, ODbL 1.0）way/302252849（阿仁ゴンドラの山頂側の端点 node/6847372150） ｜ 公式情報: https://www.city.kitaakita.akita.jp/kankou/category/shizen/moriyoshi/008.html",2026-09-22
TH-w1065572765,trailhead,East Express,38.4397454,140.5419446,WGS84,158 159,船形山、黒伏山,日本二百名山|日本三百名山|東北百名山,,索道駅（ロープウェイ・ゴンドラ）,船形山:10.51km 黒伏山:4.36km,,,provisional,15,公式情報または2情報源での確認が必要,"OpenStreetMap（© OpenStreetMap contributors, ODbL 1.0）Geofabrik japan-latest.osm.pbf 2026-09-23T20:22:04Z way/1065572765（索道の端点 node/9785880299）",
TH-w1130595118,trailhead,第一ペアリフト,39.2322678,140.9011988,WGS84,137 138,牛形山、焼石岳,東北百名山|日本二百名山|日本三百名山,,索道駅（ロープウェイ・ゴンドラ）,牛形山:8.5km 焼石岳:15.04km,,,provisional,15,公式情報または2情報源での確認が必要,"OpenStreetMap（© OpenStreetMap contributors, ODbL 1.0）Geofabrik japan-latest.osm.pbf 2026-09-23T20:22:04Z way/1130595118（索道の端点 node/10536696657）",
TH-w1487061488,trailhead,面白山第1ペアリフト,38.3325778,140.4963616,WGS84,162 164,面白山、大東岳,東北百名山,,索道駅（ロープウェイ・ゴンドラ）,面白山:3.26km 大東岳:5.36km,,,provisional,15,公式情報または2情報源での確認が必要,"OpenStreetMap（© OpenStreetMap contributors, ODbL 1.0）Geofabrik japan-latest.osm.pbf 2026-09-23T20:22:04Z way/1487061488（索道の端点 node/13632876515）",
TH-w1487061489,trailhead,コスモスペアリフト,38.3305127,140.4976046,WGS84,162 164,面白山、大東岳,東北百名山,,索道駅（ロープウェイ・ゴンドラ）,面白山:5.16km 大東岳:5.27km,,,provisional,15,公式情報または2情報源での確認が必要,"OpenStreetMap（© OpenStreetMap contributors, ODbL 1.0）Geofabrik japan-latest.osm.pbf 2026-09-23T20:22:04Z way/1487061489（索道の端点 node/13632876517）",
TH-w1487061490,trailhead,面白山第2ペアリフト,38.3231949,140.498,WGS84,162 164,面白山、大東岳,東北百名山,,索道駅（ロープウェイ・ゴンドラ）,面白山:8.98km 大東岳:5.91km,,,provisional,15,公式情報または2情報源での確認が必要,"OpenStreetMap（© OpenStreetMap contributors, ODbL 1.0）Geofabrik japan-latest.osm.pbf 2026-09-23T20:22:04Z way/1487061490（索道の端点 node/13632876520）",
TH-w1487061491,trailhead,面白山第3ペアリフト,38.3206812,140.4944772,WGS84,162 164,面白山、大東岳,東北百名山,,索道駅（ロープウェイ・ゴンドラ）,面白山:8.42km 大東岳:5.34km,,,provisional,15,公式情報または2情報源での確認が必要,"OpenStreetMap（© OpenStreetMap contributors, ODbL 1.0）Geofabrik japan-latest.osm.pbf 2026-09-23T20:22:04Z way/1487061491（索道の端点 node/13632876522）",
TH-w233387602,trailhead,八甲田ロープウェー山頂公園駅,40.6758975,140.8587978,WGS84,104,八甲田山,日本百名山|日本二百名山|日本三百名山|東北百名山,OSM登山道「田茂萢岳自然研究路」,索道駅（ロープウェイ・ゴンドラ）,八甲田山:3.93km,,,adopted,15,,"OpenStreetMap（© OpenStreetMap contributors, ODbL 1.0）Geofabrik japan-latest.osm.pbf 2026-09-23T20:22:04Z way/233387602（索道の端点 node/2417822916） ｜ 公式情報: https://www.env.go.jp/nature/nationalparks/list/towada-hachimantai/course/08/",2026-09-20
TH-w242825659,trailhead,那須ゴンドラ,37.1336701,139.9967743,WGS84,202 203,三本槍岳、那須岳,関東百名山|日本百名山|日本二百名山|日本三百名山|東北百名山,,索道駅（ロープウェイ・ゴンドラ）,三本槍岳:4.2km 那須岳:6.51km,,,provisional,15,公式情報または2情報源での確認が必要,"OpenStreetMap（© OpenStreetMap contributors, ODbL 1.0）Geofabrik japan-latest.osm.pbf 2026-09-23T20:22:04Z way/242825659（索道の端点 node/2502783158）",
TH-w253254419,trailhead,第1ペアリフト,37.5856733,140.0628394,WGS84,185,磐梯山,日本百名山|日本二百名山|日本三百名山|東北百名山,,索道駅（ロープウェイ・ゴンドラ）,磐梯山:2.15km,,,provisional,15,近くの道路にゲートあり（車両通行止め・季節閉鎖の可能性）、公式情報または2情報源での確認が必要,"OpenStreetMap（© OpenStreetMap contributors, ODbL 1.0）Geofabrik japan-latest.osm.pbf 2026-09-23T20:22:04Z way/253254419（索道の端点 node/2592090021）",
TH-w253254420,trailhead,第3ペアリフト,37.5933289,140.0649665,WGS84,185,磐梯山,日本百名山|日本二百名山|日本三百名山|東北百名山,,索道駅（ロープウェイ・ゴンドラ）,磐梯山:1.2km,,,provisional,15,近くの道路にゲートあり（車両通行止め・季節閉鎖の可能性）、公式情報または2情報源での確認が必要,"OpenStreetMap（© OpenStreetMap contributors, ODbL 1.0）Geofabrik japan-latest.osm.pbf 2026-09-23T20:22:04Z way/253254420（索道の端点 node/2592090057）",
TH-w253254420-2,trailhead,第3ペアリフト,37.5902054,140.0635431,WGS84,185,磐梯山,日本百名山|日本二百名山|日本三百名山|東北百名山,,索道駅（ロープウェイ・ゴンドラ）,磐梯山:1.57km,,,provisional,15,近くの道路にゲートあり（車両通行止め・季節閉鎖の可能性）、公式情報または2情報源での確認が必要,"OpenStreetMap（© OpenStreetMap contributors, ODbL 1.0）Geofabrik japan-latest.osm.pbf 2026-09-23T20:22:04Z way/253254420（索道の端点 node/2592090041）",
TH-w253928730,trailhead,はやま第4パノラマリフト,37.5873792,140.081531,WGS84,185,磐梯山,日本百名山|日本二百名山|日本三百名山|東北百名山,,索道駅（ロープウェイ・ゴンドラ）,磐梯山:3.7km,,,provisional,15,公式情報または2情報源での確認が必要,"OpenStreetMap（© OpenStreetMap contributors, ODbL 1.0）Geofabrik japan-latest.osm.pbf 2026-09-23T20:22:04Z way/253928730（索道の端点 node/2597926471）",
TH-w253928745,trailhead,ミネロ第4こぶこぶリフト,37.5913757,140.0877637,WGS84,185,磐梯山,日本百名山|日本二百名山|日本三百名山|東北百名山,OSM登山道「連絡路」,索道駅（ロープウェイ・ゴンドラ）,磐梯山:4.09km,,,provisional,15,公式情報または2情報源での確認が必要,"OpenStreetMap（© OpenStreetMap contributors, ODbL 1.0）Geofabrik japan-latest.osm.pbf 2026-09-23T20:22:04Z way/253928745（索道の端点 node/2597926519）",
TH-w254090114,trailhead,ホテルゲスト駐車場,37.6937723,140.1280896,WGS84,182,吾妻山,日本百名山|日本二百名山|日本三百名山|東北百名山,OSM登山道「吾妻山林道小野川支線」,駐車場・バス停（林道・車道を経由して登山道へ）,吾妻山:6.71km,PK-w254090114(0m) PK-w254090115(155m) PK-w254090148(210m),,provisional,15,林道からの入口（マイカー進入可否を要確認）、公式情報または2情報源での確認が必要,"OpenStreetMap（© OpenStreetMap contributors, ODbL 1.0）Geofabrik japan-latest.osm.pbf 2026-09-23T20:22:04Z way/254090114 ｜ OpenStreetMap（© OpenStreetMap contributors, ODbL 1.0）Geofabrik japan-latest.osm.pbf 2026-09-23T20:22:04Z node/1242767417（登山道と道路の接続点）",
TH-w363485099,trailhead,しゃくなげロマンスリフト,37.7712184,140.1391139,WGS84,182 183,吾妻山、一切経山,日本百名山|日本二百名山|日本三百名山|東北百名山,,索道駅（ロープウェイ・ゴンドラ）,吾妻山:4.72km 一切経山:13.74km,,,provisional,15,公式情報または2情報源での確認が必要,"OpenStreetMap（© OpenStreetMap contributors, ODbL 1.0）Geofabrik japan-latest.osm.pbf 2026-09-23T20:22:04Z way/363485099（索道の端点 node/3676477967）",
TH-w363485100,trailhead,北望台（天元台高原のつがもりリフト山頂側）,37.7543012,140.1409103,WGS84,182 183,吾妻山、一切経山,日本百名山|日本二百名山|日本三百名山|東北百名山,天元台（北望台）コース,索道駅（ロープウェイ・ゴンドラ）,吾妻山:2.71km 一切経山:11.7km,,"cable=山麓の白布からロープウェイで天元台高原（標高1,350m）へ上がり、夏山リフト3基（しらかば・しゃくなげ・つがもり）を乗り継いで北望台へ（米沢市・天元台高原）; season=2026年はロープウェイが6月13日〜11月3日、夏山リフトが6月13日〜10月25日に運行（天元台高原）; hours=ロープウェイ8:20〜17:00、リフト8:30〜15:40。北望台からの最終は15:40（天元台高原）; registration=登山届は天元台高原駅内・アルブフロントの専用ポストに提出できる（天元台高原）",adopted,15,"北望台は標高1,820m。白布〜天元台のロープウェイは往復約10分、天元台高原〜北望台のリフトは往復約1時間（米沢市）、天元台高原の駐車場は台数に限りがあり、夜間の利用は控えるよう案内されている（天元台高原）、入山前に気象庁の吾妻山の火山の活動状況と噴火警戒レベルを確認すること","OpenStreetMap（© OpenStreetMap contributors, ODbL 1.0）Geofabrik japan-latest.osm.pbf 2026-09-23T20:22:04Z way/363485100（索道の端点 node/3676477970） ｜ 公式情報: https://www.city.yonezawa.yamagata.jp/promotion/travel/summer/tengendai-greenseason.html ｜ 公式情報: https://www.green.tengendai.jp/ ｜ 公式情報: https://www.green.tengendai.jp/ropeway-lift ｜ 公式情報: https://www.green.tengendai.jp/mt-nishiazuma-climbing ｜ 公式情報: https://www.data.jma.go.jp/vois/data/report/activity_info/213.html",2026-09-22
TH-w363485100-2,trailhead,つがもりロマンスリフト,37.7648915,140.1394515,WGS84,182 183,吾妻山、一切経山,日本百名山|日本二百名山|日本三百名山|東北百名山,,索道駅（ロープウェイ・ゴンドラ）,吾妻山:4.01km 一切経山:13.03km,,,provisional,15,公式情報または2情報源での確認が必要,"OpenStreetMap（© OpenStreetMap contributors, ODbL 1.0）Geofabrik japan-latest.osm.pbf 2026-09-23T20:22:04Z way/363485100（索道の端点 node/3676477969）",
TH-w421373026,trailhead,（名称未確認）,39.7886169,140.2415883,WGS84,126,太平山,日本三百名山|東北百名山,OSM登山道「ニノ手又登山コース」、OSM登山道「登山口仁別コース」,索道駅（ロープウェイ・ゴンドラ）,太平山:7.37km,,,provisional,15,名称未確認、公式情報または2情報源での確認が必要,"OpenStreetMap（© OpenStreetMap contributors, ODbL 1.0）Geofabrik japan-latest.osm.pbf 2026-09-23T20:22:04Z way/421373026（索道の端点 node/4211418101）",
TH-w484303394,trailhead,第1ペアリフト1基,38.5752323,140.7112048,WGS84,153,薬萊山,東北百名山,,索道駅（ロープウェイ・ゴンドラ）,薬萊山:0.56km,,,provisional,15,公式情報または2情報源での確認が必要,"OpenStreetMap（© OpenStreetMap contributors, ODbL 1.0）Geofabrik japan-latest.osm.pbf 2026-09-23T20:22:04Z way/484303394（索道の端点 node/4770482110）",
TH-w505920494,trailhead,百沢登山道入口（岩木山神社側・桜林公園付近）,40.6280637,140.3311356,WGS84,105,岩木山,日本百名山|日本二百名山|日本三百名山|東北百名山,OSM登山道「百沢登山道」,索道駅（ロープウェイ・ゴンドラ）,岩木山:4.54km,PK-w505920498(81m) PK-w1311922372(155m) PK-w1311922365(210m),,adopted,15,登山口の正確な位置は未確認,"OpenStreetMap（© OpenStreetMap contributors, ODbL 1.0）Geofabrik japan-latest.osm.pbf 2026-09-23T20:22:04Z way/505920494（索道の端点 node/4957422502） ｜ 公式情報: https://www.pref.aomori.lg.jp/soshiki/kankyo/shizen/kouen_iwaki.html",2026-09-20
TH-w505920494-2,trailhead,（名称未確認）,40.6365977,140.3255275,WGS84,105,岩木山,日本百名山|日本二百名山|日本三百名山|東北百名山,,索道駅（ロープウェイ・ゴンドラ）,岩木山:3.59km,,,provisional,15,名称未確認、公式情報または2情報源での確認が必要,"OpenStreetMap（© OpenStreetMap contributors, ODbL 1.0）Geofabrik japan-latest.osm.pbf 2026-09-23T20:22:04Z way/505920494（索道の端点 node/4957422501）",
TH-w505920496,trailhead,（名称未確認）,40.6415174,140.3199481,WGS84,105,岩木山,日本百名山|日本二百名山|日本三百名山|東北百名山,,索道駅（ロープウェイ・ゴンドラ）,岩木山:2.48km,,,provisional,15,名称未確認、公式情報または2情報源での確認が必要,"OpenStreetMap（© OpenStreetMap contributors, ODbL 1.0）Geofabrik japan-latest.osm.pbf 2026-09-23T20:22:04Z way/505920496（索道の端点 node/4957422503）",
TH-w519079942,trailhead,第1リフトB,39.8219894,140.9364554,WGS84,122,岩手山,日本百名山|日本二百名山|日本三百名山|東北百名山,,索道駅（ロープウェイ・ゴンドラ）,岩手山:9.99km,PK-w1350315002(86m) PK-w1350315003(88m) PK-w1350315004(138m),,provisional,15,公式情報または2情報源での確認が必要,"OpenStreetMap（© OpenStreetMap contributors, ODbL 1.0）Geofabrik japan-latest.osm.pbf 2026-09-23T20:22:04Z way/519079942（索道の端点 node/5062132472）",
TH-w519079942-2,trailhead,第1リフトB,39.8268983,140.9367639,WGS84,122,岩手山,日本百名山|日本二百名山|日本三百名山|東北百名山,,索道駅（ロープウェイ・ゴンドラ）,岩手山:9.63km,,,provisional,15,公式情報または2情報源での確認が必要,"OpenStreetMap（© OpenStreetMap contributors, ODbL 1.0）Geofabrik japan-latest.osm.pbf 2026-09-23T20:22:04Z way/519079942（索道の端点 node/5062132471）",
TH-w519079943,trailhead,網張コース（網張温泉スキー場のリフト）,39.8394192,140.9387782,WGS84,122,岩手山,日本百名山|日本二百名山|日本三百名山|東北百名山,,索道駅（ロープウェイ・ゴンドラ）,岩手山:7.62km,,restriction=犬倉山分岐は立入規制（岩手山西側）,provisional,15,公式情報または2情報源での確認が必要、岩手山の噴火警戒レベルは2026年8月27日にレベル2からレベル1へ引き下げられた（仙台管区気象台）、火山活動が比較的活発な西側は、安全確認等のため引き続き立入規制。対象は犬倉山分岐（雫石町）・県民の森登山口（八幡平市）・松川キャンプ場登山口（八幡平市）（東北森林管理局）、網張コースは片道7.3km・5時間10分（リフト利用時、環境省）,"OpenStreetMap（© OpenStreetMap contributors, ODbL 1.0）Geofabrik japan-latest.osm.pbf 2026-09-23T20:22:04Z way/519079943（索道の端点 node/5062132473） ｜ 公式情報: https://www.rinya.maff.go.jp/tohoku/syo/morioka/iwatesan/iwatesan_nyuuzannkisei.html ｜ 公式情報: https://www.env.go.jp/nature/nationalparks/list/towada-hachimantai/course/16/",2026-09-20
TH-w519079944,trailhead,第2リフト,39.8252267,140.938915,WGS84,122,岩手山,日本百名山|日本二百名山|日本三百名山|東北百名山,,索道駅（ロープウェイ・ゴンドラ）,岩手山:9.28km,PK-w695839529(397m) PK-w1350315003(426m) PK-w695839528(469m),,provisional,15,公式情報または2情報源での確認が必要,"OpenStreetMap（© OpenStreetMap contributors, ODbL 1.0）Geofabrik japan-latest.osm.pbf 2026-09-23T20:22:04Z way/519079944（索道の端点 node/5062132476）",
TH-w519079944-2,trailhead,第2リフト,39.8337553,140.9343123,WGS84,122,岩手山,日本百名山|日本二百名山|日本三百名山|東北百名山,,索道駅（ロープウェイ・ゴンドラ）,岩手山:8.79km,,,provisional,15,公式情報または2情報源での確認が必要,"OpenStreetMap（© OpenStreetMap contributors, ODbL 1.0）Geofabrik japan-latest.osm.pbf 2026-09-23T20:22:04Z way/519079944（索道の端点 node/5062132475） ｜ 国土地理院 地名検索「網張温泉スキー場」（39.833047, 140.935439、JGD2011、124m差）2026-09-20確認",2026-09-20
TH-w549887859,trailhead,ネズモチ平駐車場,37.3596776,139.2170836,WGS84,195,浅草岳,日本三百名山|東北百名山|甲信越百名山,,駐車場・バス停（林道・車道を経由して登山道へ）,浅草岳:2.76km,PK-w549887859(0m),,provisional,15,林道からの入口（マイカー進入可否を要確認）、公式情報または2情報源での確認が必要,"OpenStreetMap（© OpenStreetMap contributors, ODbL 1.0）Geofabrik japan-latest.osm.pbf 2026-09-23T20:22:04Z way/549887859 ｜ OpenStreetMap（© OpenStreetMap contributors, ODbL 1.0）Geofabrik japan-latest.osm.pbf 2026-09-23T20:22:04Z node/1384995565（登山道と道路の接続点）",
