id,kind,name,lat,lon,datum,mountainIds,mountainNames,lists,routes,entryType,trailKmToSummit,related,attributes,status,accuracyM,needsReview,sources,verifiedAt
BS-kP11-22-21-bs1294,bus_stop,乗政温泉,35.7986196,137.2933346,WGS84,384,湯ヶ峰,東海の百山,,,,TH-kP11-22-21-bs1294(0m),operator=濃飛乗合自動車（株）; busType=民間路線バス; busRoutes=下呂営業所管内（乗政線）,adopted,10,運行状況（季節運行・休止・予約制）を要確認,"国土数値情報（バス停留所データ）令和4年度（国土交通省）P11-22-21-bs1294（35.798620, 137.293335、JGD2011）を加工して作成",
BS-kP11-22-21-bs1308,bus_stop,唐谷口,35.7944753,137.290024,WGS84,384,湯ヶ峰,東海の百山,,,,TH-kP11-22-21-bs1294(547m),operator=濃飛乗合自動車（株）; busType=民間路線バス; busRoutes=下呂営業所管内（乗政線）,adopted,10,運行状況（季節運行・休止・予約制）を要確認,"国土数値情報（バス停留所データ）令和4年度（国土交通省）P11-22-21-bs1308（35.794475, 137.290024、JGD2011）を加工して作成",
BS-kP11-22-21-bs1317,bus_stop,大渕,35.7906398,137.2883846,WGS84,384,湯ヶ峰,東海の百山,,,,TH-kP11-22-21-bs1294(989m),operator=濃飛乗合自動車（株）; busType=民間路線バス; busRoutes=下呂営業所管内（乗政線）,adopted,10,運行状況（季節運行・休止・予約制）を要確認、登山口から離れている（徒歩アプローチを要確認）,"国土数値情報（バス停留所データ）令和4年度（国土交通省）P11-22-21-bs1317（35.790640, 137.288385、JGD2011）を加工して作成",
BS-kP11-22-21-bs1831,bus_stop,神崎,35.6349268,136.7087868,WGS84,415,舟伏山,東海の百山,,,,TH-n1296145011(458m),operator=岐阜乗合自動車（株）; busType=民間路線バス; busRoutes=岐北線,adopted,10,運行状況（季節運行・休止・予約制）を要確認,"国土数値情報（バス停留所データ）令和4年度（国土交通省）P11-22-21-bs1831（35.634927, 136.708787、JGD2011）を加工して作成",
BS-kP11-22-21-bs1832,bus_stop,神崎,35.6349268,136.7087868,WGS84,415,舟伏山,東海の百山,,,,TH-n1296145011(458m),operator=山県市; busType=コミュニティバス; busRoutes=神崎山県BT線,adopted,10,運行状況（季節運行・休止・予約制）を要確認,"国土数値情報（バス停留所データ）令和4年度（国土交通省）P11-22-21-bs1832（35.634927, 136.708787、JGD2011）を加工して作成",
BS-kP11-22-21-bs1840,bus_stop,禰宜屋橋,35.6329646,136.7119801,WGS84,415,舟伏山,東海の百山,,,,TH-n1296145011(818m),operator=岐阜乗合自動車（株）; busType=民間路線バス; busRoutes=岐北線,adopted,10,運行状況（季節運行・休止・予約制）を要確認、登山口から離れている（徒歩アプローチを要確認）,"国土数値情報（バス停留所データ）令和4年度（国土交通省）P11-22-21-bs1840（35.632965, 136.711980、JGD2011）を加工して作成",
BS-kP11-22-21-bs195,bus_stop,国立公園口,36.2672119,137.5663524,WGS84,313,笠ヶ岳,日本百名山|日本二百名山|日本三百名山|東海の百山,,,,TH-n5809125556(187m),operator=濃飛乗合自動車（株）; busType=民間路線バス; busRoutes=高山営業所管内（平湯・新穂高線）高山→新穂高ロープウェイ,adopted,10,運行状況（季節運行・休止・予約制）を要確認,"国土数値情報（バス停留所データ）令和4年度（国土交通省）P11-22-21-bs195（36.267212, 137.566352、JGD2011）を加工して作成",
BS-kP11-22-21-bs198,bus_stop,中尾高原口,36.2643925,137.562414,WGS84,313,笠ヶ岳,日本百名山|日本二百名山|日本三百名山|東海の百山,,,,TH-n5809125556(313m),operator=濃飛乗合自動車（株）; busType=民間路線バス; busRoutes=高山営業所管内（平湯・新穂高線）高山→新穂高ロープウェイ,adopted,10,運行状況（季節運行・休止・予約制）を要確認,"国土数値情報（バス停留所データ）令和4年度（国土交通省）P11-22-21-bs198（36.264392, 137.562414、JGD2011）を加工して作成 ｜ OpenStreetMap（© OpenStreetMap contributors, ODbL 1.0）Geofabrik japan-latest.osm.pbf 2026-09-23T20:22:04Z node/4416143905",
BS-kP11-22-21-bs199,bus_stop,星の鐘前,36.2638838,137.5667085,WGS84,313 317 319 324,笠ヶ岳、奥穂高岳、西穂独標、焼岳,日本百名山|日本二百名山|日本三百名山|東海の百山|甲信越百名山,,,,TH-n5809125556(380m) TH-kP11-22-21-bs209(500m),operator=濃飛乗合自動車（株）; busType=民間路線バス; busRoutes=高山営業所管内（平湯・新穂高線）高山→新穂高ロープウェイ,adopted,10,運行状況（季節運行・休止・予約制）を要確認,"国土数値情報（バス停留所データ）令和4年度（国土交通省）P11-22-21-bs199（36.263884, 137.566709、JGD2011）を加工して作成",
BS-kP11-22-21-bs2302,bus_stop,大桑市洞,35.5509574,136.7628749,WGS84,433,古城山,東海の百山,,,,TH-kP11-22-21-bs2302(0m) TH-n1296120705(703m),operator=岐阜乗合自動車（株）; busType=民間路線バス; busRoutes=伊自良・大桑線（平日・土曜運転）,adopted,10,運行状況（季節運行・休止・予約制）を要確認、登山口から離れている（徒歩アプローチを要確認）,"国土数値情報（バス停留所データ）令和4年度（国土交通省）P11-22-21-bs2302（35.550957, 136.762875、JGD2011）を加工して作成",
BS-kP11-22-21-bs2313,bus_stop,中市洞,35.5498833,136.7634774,WGS84,433,古城山,東海の百山,,,,TH-kP11-22-21-bs2302(131m) TH-n1296120705(776m),operator=岐阜乗合自動車（株）; busType=民間路線バス; busRoutes=伊自良・大桑線（平日・土曜運転）,adopted,10,運行状況（季節運行・休止・予約制）を要確認、登山口から離れている（徒歩アプローチを要確認）,"国土数値情報（バス停留所データ）令和4年度（国土交通省）P11-22-21-bs2313（35.549883, 136.763477、JGD2011）を加工して作成",
BS-kP11-22-21-bs2317,bus_stop,幸報苑,35.5485972,136.7696779,WGS84,433,古城山,東海の百山,,,,TH-n1296120705(857m),operator=岐阜乗合自動車（株）; busType=民間路線バス; busRoutes=伊自良・大桑線（平日・土曜運転）,adopted,10,運行状況（季節運行・休止・予約制）を要確認、登山口から離れている（徒歩アプローチを要確認）,"国土数値情報（バス停留所データ）令和4年度（国土交通省）P11-22-21-bs2317（35.548597, 136.769678、JGD2011）を加工して作成",
BS-kP11-22-21-bs2331,bus_stop,坪井,35.5461616,136.7657612,WGS84,433,古城山,東海の百山,,,,TH-kP11-22-21-bs2302(591m),operator=岐阜乗合自動車（株）; busType=民間路線バス; busRoutes=伊自良・大桑線（平日・土曜運転）,adopted,10,運行状況（季節運行・休止・予約制）を要確認,"国土数値情報（バス停留所データ）令和4年度（国土交通省）P11-22-21-bs2331（35.546162, 136.765761、JGD2011）を加工して作成",
BS-kP11-22-21-bs3744,bus_stop,長良ヶ丘,35.4434984,136.7736833,WGS84,468,金華山,東海の百山,,,,TH-n1314206732(285m),operator=岐阜乗合自動車（株）; busType=民間路線バス; busRoutes=松籟加納線　E15・17・18・19・N43 / 忠節長良線　C・C31・33 / 岐南町線　E16・N・N45,adopted,10,運行状況（季節運行・休止・予約制）を要確認,"国土数値情報（バス停留所データ）令和4年度（国土交通省）P11-22-21-bs3744（35.443498, 136.773683、JGD2011）を加工して作成 ｜ OpenStreetMap（© OpenStreetMap contributors, ODbL 1.0）Geofabrik japan-latest.osm.pbf 2026-09-23T20:22:04Z node/6353736554",
BS-kP11-22-21-bs3774,bus_stop,うかいミュージアム前,35.4420781,136.780515,WGS84,468,金華山,東海の百山,,,,TH-w387583649(393m),operator=岐阜乗合自動車（株）; busType=民間路線バス; busRoutes=加野団地線　N・N32・33・35・C・C32 / 大洞団地線　N・N34・W32・B・B快速・B74,adopted,10,運行状況（季節運行・休止・予約制）を要確認,"国土数値情報（バス停留所データ）令和4年度（国土交通省）P11-22-21-bs3774（35.442078, 136.780515、JGD2011）を加工して作成",
BS-kP11-22-21-bs3791,bus_stop,鵜飼屋,35.4416179,136.7735486,WGS84,468,金華山,東海の百山,,,,TH-n1314206732(77m),operator=岐阜乗合自動車（株）; busType=民間路線バス; busRoutes=松籟加納線　E15・17・18・19・N43 / 岐南町線　E16・N・N45 / 市内ループ線　右回り・左回り・清流ループ,adopted,10,運行状況（季節運行・休止・予約制）を要確認,"国土数値情報（バス停留所データ）令和4年度（国土交通省）P11-22-21-bs3791（35.441618, 136.773549、JGD2011）を加工して作成 ｜ OpenStreetMap（© OpenStreetMap contributors, ODbL 1.0）Geofabrik japan-latest.osm.pbf 2026-09-23T20:22:04Z node/6353736553",
BS-kP11-22-21-bs3795,bus_stop,岐阜グランドホテル,35.4414795,136.7832397,WGS84,468,金華山,東海の百山,,,,TH-w387583649(465m),operator=岐阜乗合自動車（株）; busType=民間路線バス; busRoutes=加野団地線　N・N32・33・35・C・C32 / 大洞団地線　N・N34・W32・B・B快速・B74,adopted,10,運行状況（季節運行・休止・予約制）を要確認,"国土数値情報（バス停留所データ）令和4年度（国土交通省）P11-22-21-bs3795（35.441480, 136.783240、JGD2011）を加工して作成",
BS-kP11-22-21-bs3890,bus_stop,長良橋,35.4376731,136.7733396,WGS84,468,金華山,東海の百山,,,,TH-n10069946755(110m) TH-n10069946755(110m) TH-w387583649(566m),operator=岐阜乗合自動車（株）; busType=民間路線バス; busRoutes=松籟加納線　E15・17・18・19・N43 / 岐南町線　E16・N・N45 / 市内ループ線　右回り・左回り・清流ループ,adopted,10,運行状況（季節運行・休止・予約制）を要確認,"国土数値情報（バス停留所データ）令和4年度（国土交通省）P11-22-21-bs3890（35.437673, 136.773340、JGD2011）を加工して作成 ｜ OpenStreetMap（© OpenStreetMap contributors, ODbL 1.0）Geofabrik japan-latest.osm.pbf 2026-09-23T20:22:04Z node/6353736550",
BS-kP11-22-21-bs3939,bus_stop,岐阜公園歴史博物館前,35.4345449,136.7726498,WGS84,468,金華山,東海の百山,,,,TH-n472450105(199m) TH-n472450105(199m) TH-n472450106(726m) TH-n472450106(726m),operator=岐阜乗合自動車（株）; busType=民間路線バス; busRoutes=松籟加納線　E15・17・18・19・N43 / 岐南町線　E16・N・N45 / 市内ループ線　右回り・左回り・清流ループ,adopted,10,運行状況（季節運行・休止・予約制）を要確認、登山口から離れている（徒歩アプローチを要確認）,"国土数値情報（バス停留所データ）令和4年度（国土交通省）P11-22-21-bs3939（35.434545, 136.772650、JGD2011）を加工して作成 ｜ OpenStreetMap（© OpenStreetMap contributors, ODbL 1.0）Geofabrik japan-latest.osm.pbf 2026-09-23T20:22:04Z node/4965878121",
BS-kP11-22-21-bs3968,bus_stop,材木町,35.4334346,136.7691964,WGS84,468,金華山,東海の百山,,,,TH-n1976220764(172m),operator=岐阜乗合自動車（株）; busType=民間路線バス; busRoutes=岐南町線　E16・N・N45 / 市内ループ線　右回り・左回り・清流ループ / 茜部三田洞線　E・E70・71・72・76・N11・61,adopted,10,運行状況（季節運行・休止・予約制）を要確認,"国土数値情報（バス停留所データ）令和4年度（国土交通省）P11-22-21-bs3968（35.433435, 136.769196、JGD2011）を加工して作成 ｜ OpenStreetMap（© OpenStreetMap contributors, ODbL 1.0）Geofabrik japan-latest.osm.pbf 2026-09-23T20:22:04Z node/6353736549",
BS-kP11-22-21-bs4000,bus_stop,本町1丁目（岐阜市）,35.4319345,136.7687643,WGS84,468,金華山,東海の百山,,,,TH-n1976220764(37m) TH-n1976220764(37m),operator=岐阜乗合自動車（株）; busType=民間路線バス; busRoutes=松籟加納線　E15・17・18・19・N43 / 岐南町線　E16・N・N45 / 市内ループ線　右回り・左回り・清流ループ,adopted,10,運行状況（季節運行・休止・予約制）を要確認,"国土数値情報（バス停留所データ）令和4年度（国土交通省）P11-22-21-bs4000（35.431934, 136.768764、JGD2011）を加工して作成 ｜ OpenStreetMap（© OpenStreetMap contributors, ODbL 1.0）Geofabrik japan-latest.osm.pbf 2026-09-23T20:22:04Z node/6353736545",
BS-kP11-22-21-bs4019,bus_stop,信長苑東,35.4308566,136.8003353,WGS84,468,金華山,東海の百山,,,,TH-kP11-22-21-bs4027(69m),operator=岐阜市; busType=コミュニティバス; busRoutes=ひのっこバス,adopted,10,運行状況（季節運行・休止・予約制）を要確認,"国土数値情報（バス停留所データ）令和4年度（国土交通省）P11-22-21-bs4019（35.430857, 136.800335、JGD2011）を加工して作成",
BS-kP11-22-21-bs4027,bus_stop,信長苑西,35.4304453,136.7997604,WGS84,468,金華山,東海の百山,,,,TH-kP11-22-21-bs4027(0m),operator=岐阜市; busType=コミュニティバス; busRoutes=ひのっこバス,adopted,10,運行状況（季節運行・休止・予約制）を要確認,"国土数値情報（バス停留所データ）令和4年度（国土交通省）P11-22-21-bs4027（35.430445, 136.799760、JGD2011）を加工して作成",
BS-kP11-22-21-bs4029,bus_stop,中央公園,35.4303518,136.8022156,WGS84,468,金華山,東海の百山,,,,TH-kP11-22-21-bs4027(223m),operator=岐阜市; busType=コミュニティバス; busRoutes=ひのっこバス,adopted,10,運行状況（季節運行・休止・予約制）を要確認,"国土数値情報（バス停留所データ）令和4年度（国土交通省）P11-22-21-bs4029（35.430352, 136.802216、JGD2011）を加工して作成",
BS-kP11-22-21-bs4143,bus_stop,鳩吹山登山口,35.4223131,137.005707,WGS84,476,鳩吹山,東海の百山,,,,TH-n1304866751(195m) TH-n2506693737(469m),operator=可児市; busType=コミュニティバス; busRoutes=Kバス　木曽川鳩吹山線,adopted,10,運行状況（季節運行・休止・予約制）を要確認,"国土数値情報（バス停留所データ）令和4年度（国土交通省）P11-22-21-bs4143（35.422313, 137.005707、JGD2011）を加工して作成",
BS-kP11-22-21-bs4146,bus_stop,花木センター,35.4222041,137.0094067,WGS84,476,鳩吹山,東海の百山,,,,TH-n1304866751(528m) TH-n2506693737(494m),operator=可児市; busType=コミュニティバス; busRoutes=Kバス　木曽川鳩吹山線,adopted,10,運行状況（季節運行・休止・予約制）を要確認,"国土数値情報（バス停留所データ）令和4年度（国土交通省）P11-22-21-bs4146（35.422204, 137.009407、JGD2011）を加工して作成",
BS-kP11-22-21-bs4147,bus_stop,花木センター,35.4222041,137.0094067,WGS84,476,鳩吹山,東海の百山,,,,TH-n1304866751(528m) TH-n2506693737(494m),operator=美濃加茂市; busType=コミュニティバス; busRoutes=あい愛バス古井駅-可児川駅線,adopted,10,運行状況（季節運行・休止・予約制）を要確認,"国土数値情報（バス停留所データ）令和4年度（国土交通省）P11-22-21-bs4147（35.422204, 137.009407、JGD2011）を加工して作成",
BS-kP11-22-21-bs4233,bus_stop,緑苑北,35.417876,136.9490768,WGS84,470,金比羅山,東海の百山,,,,TH-kP11-22-21-bs4233(0m) TH-n1309265565(308m),operator=岐阜乗合自動車（株）; busType=民間路線バス; busRoutes=緑苑団地線,adopted,10,運行状況（季節運行・休止・予約制）を要確認,"国土数値情報（バス停留所データ）令和4年度（国土交通省）P11-22-21-bs4233（35.417876, 136.949077、JGD2011）を加工して作成",
BS-kP11-22-21-bs4296,bus_stop,緑苑北1丁目,35.4159407,136.9473831,WGS84,470,金比羅山,東海の百山,,,,TH-kP11-22-21-bs4233(263m),operator=岐阜乗合自動車（株）; busType=民間路線バス; busRoutes=緑苑団地線,adopted,10,運行状況（季節運行・休止・予約制）を要確認,"国土数値情報（バス停留所データ）令和4年度（国土交通省）P11-22-21-bs4296（35.415941, 136.947383、JGD2011）を加工して作成",
BS-kP11-22-21-bs4314,bus_stop,緑苑東,35.4151545,136.9497817,WGS84,470,金比羅山,東海の百山,,,,TH-kP11-22-21-bs4233(308m) TH-n1309265565(563m),operator=岐阜乗合自動車（株）; busType=民間路線バス; busRoutes=緑苑団地線,adopted,10,運行状況（季節運行・休止・予約制）を要確認,"国土数値情報（バス停留所データ）令和4年度（国土交通省）P11-22-21-bs4314（35.415154, 136.949782、JGD2011）を加工して作成",
BS-kP11-22-21-bs4315,bus_stop,緑苑東,35.4151545,136.9497817,WGS84,470,金比羅山,東海の百山,,,,TH-n1309265565(563m),operator=各務原市; busType=コミュニティバス; busRoutes=ふれあいバス鵜沼線 / ふれあいバス東西線（朝夕便）,adopted,10,運行状況（季節運行・休止・予約制）を要確認,"国土数値情報（バス停留所データ）令和4年度（国土交通省）P11-22-21-bs4315（35.415154, 136.949782、JGD2011）を加工して作成",
BS-kP11-22-21-bs4337,bus_stop,緑苑西1丁目,35.4144696,136.9431908,WGS84,479,八木山,東海の百山,,,,TH-n13995482585(976m),operator=岐阜乗合自動車（株）; busType=民間路線バス; busRoutes=緑苑団地線,adopted,10,運行状況（季節運行・休止・予約制）を要確認、登山口から離れている（徒歩アプローチを要確認）,"国土数値情報（バス停留所データ）令和4年度（国土交通省）P11-22-21-bs4337（35.414470, 136.943191、JGD2011）を加工して作成",
BS-kP11-22-21-bs4373,bus_stop,緑苑西,35.4129322,136.9424059,WGS84,479,八木山,東海の百山,,,,TH-n13997036958(679m),operator=岐阜乗合自動車（株）; busType=民間路線バス; busRoutes=緑苑団地線,adopted,10,運行状況（季節運行・休止・予約制）を要確認、登山口から離れている（徒歩アプローチを要確認）,"国土数値情報（バス停留所データ）令和4年度（国土交通省）P11-22-21-bs4373（35.412932, 136.942406、JGD2011）を加工して作成",
BS-kP11-22-21-bs4395,bus_stop,つつじが丘北,35.4123217,136.9324609,WGS84,479,八木山,東海の百山,,,,TH-n13997037060(152m) TH-n13995482585(759m) TH-n13997036958(422m),operator=岐阜乗合自動車（株）; busType=民間路線バス; busRoutes=各務原東部線,adopted,10,運行状況（季節運行・休止・予約制）を要確認、登山口から離れている（徒歩アプローチを要確認）,"国土数値情報（バス停留所データ）令和4年度（国土交通省）P11-22-21-bs4395（35.412322, 136.932461、JGD2011）を加工して作成",
BS-kP11-22-21-bs4396,bus_stop,つつじが丘北,35.4123217,136.9324609,WGS84,479,八木山,東海の百山,,,,TH-n13997037060(152m) TH-n13995482585(759m) TH-n13997036958(422m),operator=各務原市; busType=コミュニティバス; busRoutes=ふれあいバス鵜沼線 / ふれあいバス東西線（朝夕便）,adopted,10,運行状況（季節運行・休止・予約制）を要確認、登山口から離れている（徒歩アプローチを要確認）,"国土数値情報（バス停留所データ）令和4年度（国土交通省）P11-22-21-bs4396（35.412322, 136.932461、JGD2011）を加工して作成",
BS-kP11-22-21-bs4471,bus_stop,八木山小学校前,35.409349,136.9294988,WGS84,479,八木山,東海の百山,,,,TH-n13997037060(401m),operator=岐阜乗合自動車（株）; busType=民間路線バス; busRoutes=各務原東部線,adopted,10,運行状況（季節運行・休止・予約制）を要確認,"国土数値情報（バス停留所データ）令和4年度（国土交通省）P11-22-21-bs4471（35.409349, 136.929499、JGD2011）を加工して作成",
BS-kP11-22-21-bs4510,bus_stop,鵜沼中学校前,35.4078809,136.9224949,WGS84,479,八木山,東海の百山,,,,TH-kP11-22-21-bs4510(0m) TH-n1309274033(548m),operator=岐阜乗合自動車（株）; busType=民間路線バス; busRoutes=各務原東部線,adopted,10,運行状況（季節運行・休止・予約制）を要確認,"国土数値情報（バス停留所データ）令和4年度（国土交通省）P11-22-21-bs4510（35.407881, 136.922495、JGD2011）を加工して作成",
BS-kP11-22-21-bs4511,bus_stop,鵜沼中学校前,35.4078809,136.9224949,WGS84,479,八木山,東海の百山,,,,TH-kP11-22-21-bs4510(0m) TH-n1309274033(548m),operator=各務原市; busType=コミュニティバス; busRoutes=ふれあいバス鵜沼線 / ふれあいバス東西線（朝夕便）,adopted,10,運行状況（季節運行・休止・予約制）を要確認,"国土数値情報（バス停留所データ）令和4年度（国土交通省）P11-22-21-bs4511（35.407881, 136.922495、JGD2011）を加工して作成",
BS-kP11-22-21-bs4522,bus_stop,各務おがせ町8丁目,35.4077005,136.9148417,WGS84,479,八木山,東海の百山,,,,TH-n1309274033(191m),operator=岐阜乗合自動車（株）; busType=民間路線バス; busRoutes=各務原東部線,adopted,10,運行状況（季節運行・休止・予約制）を要確認,"国土数値情報（バス停留所データ）令和4年度（国土交通省）P11-22-21-bs4522（35.407700, 136.914842、JGD2011）を加工して作成",
BS-kP11-22-21-bs4545,bus_stop,貞照寺前,35.4070817,136.9605755,WGS84,476,鳩吹山,東海の百山,,,,TH-n2043575571(503m),operator=各務原市; busType=コミュニティバス; busRoutes=ふれあいバス鵜沼線 / ふれあいバス東西線（朝夕便）,adopted,10,運行状況（季節運行・休止・予約制）を要確認,"国土数値情報（バス停留所データ）令和4年度（国土交通省）P11-22-21-bs4545（35.407082, 136.960575、JGD2011）を加工して作成",
BS-kP11-22-21-bs4570,bus_stop,菅刈,35.4060558,137.0004691,WGS84,476,鳩吹山,東海の百山,,,,TH-n1304864955(801m),operator=東濃鉄道（株）; busType=民間路線バス; busRoutes=帷子線（緑系統）,adopted,10,運行状況（季節運行・休止・予約制）を要確認、登山口から離れている（徒歩アプローチを要確認）,"国土数値情報（バス停留所データ）令和4年度（国土交通省）P11-22-21-bs4570（35.406056, 137.000469、JGD2011）を加工して作成",
BS-kP11-22-21-bs4590,bus_stop,鵜沼市民サービスセンター,35.4051363,136.9216244,WGS84,479,八木山,東海の百山,,,,TH-kP11-22-21-bs4510(313m),operator=各務原市; busType=コミュニティバス; busRoutes=ふれあいバス鵜沼線 / ふれあいバス東西線 / ふれあいバス東西線（朝夕便）,adopted,10,運行状況（季節運行・休止・予約制）を要確認,"国土数値情報（バス停留所データ）令和4年度（国土交通省）P11-22-21-bs4590（35.405136, 136.921624、JGD2011）を加工して作成 ｜ OpenStreetMap（© OpenStreetMap contributors, ODbL 1.0）Geofabrik japan-latest.osm.pbf 2026-09-23T20:22:04Z node/13243061746",
BS-kP11-22-21-bs4598,bus_stop,鵜沼西町,35.4048587,136.9336006,WGS84,479,八木山,東海の百山,,,,TH-w817980181(161m),operator=岐阜乗合自動車（株）; busType=民間路線バス; busRoutes=各務原東部線,adopted,10,運行状況（季節運行・休止・予約制）を要確認,"国土数値情報（バス停留所データ）令和4年度（国土交通省）P11-22-21-bs4598（35.404859, 136.933601、JGD2011）を加工して作成",
BS-kP11-22-21-bs4599,bus_stop,鵜沼西町,35.4048587,136.9336006,WGS84,479,八木山,東海の百山,,,,TH-w817980181(161m),operator=各務原市; busType=コミュニティバス; busRoutes=ふれあいバス鵜沼線 / ふれあいバス東西線（朝夕便）,adopted,10,運行状況（季節運行・休止・予約制）を要確認,"国土数値情報（バス停留所データ）令和4年度（国土交通省）P11-22-21-bs4599（35.404859, 136.933601、JGD2011）を加工して作成",
BS-kP11-22-21-bs4610,bus_stop,鵜沼東町1丁目,35.4043667,136.9394992,WGS84,479,八木山,東海の百山,,,,TH-w817980181(378m),operator=各務原市; busType=コミュニティバス; busRoutes=ふれあいバス鵜沼線 / ふれあいバス東西線（朝夕便）,adopted,10,運行状況（季節運行・休止・予約制）を要確認,"国土数値情報（バス停留所データ）令和4年度（国土交通省）P11-22-21-bs4610（35.404367, 136.939499、JGD2011）を加工して作成 ｜ OpenStreetMap（© OpenStreetMap contributors, ODbL 1.0）Geofabrik japan-latest.osm.pbf 2026-09-23T20:22:04Z node/9632438721",
BS-kP11-22-21-bs5395,bus_stop,岩村歴史資料館前,35.3639036,137.4467547,WGS84,495,三森山,東海の百山,,,,TH-n1299927459(785m),operator=恵那市; busType=コミュニティバス; busRoutes=81上矢作線,adopted,10,運行状況（季節運行・休止・予約制）を要確認、登山口から離れている（徒歩アプローチを要確認）,"国土数値情報（バス停留所データ）令和4年度（国土交通省）P11-22-21-bs5395（35.363904, 137.446755、JGD2011）を加工して作成",
BS-kP11-22-21-bs5452,bus_stop,不破高校前,35.3618433,136.519602,WGS84,499,南宮山,東海の百山,,,,TH-kP11-22-21-bs5452(0m) TH-n11881870614(420m),operator=名阪近鉄バス（株）; busType=民間路線バス; busRoutes=不破高校スクール線,adopted,10,運行状況（季節運行・休止・予約制）を要確認,"国土数値情報（バス停留所データ）令和4年度（国土交通省）P11-22-21-bs5452（35.361843, 136.519602、JGD2011）を加工して作成",
BS-kP11-22-21-bs5737,bus_stop,森下（上矢作線）,35.338588,137.4587231,WGS84,495,三森山,東海の百山,,,,TH-n1299809854(607m),operator=恵那市; busType=コミュニティバス; busRoutes=81上矢作線,adopted,10,運行状況（季節運行・休止・予約制）を要確認、登山口から離れている（徒歩アプローチを要確認）,"国土数値情報（バス停留所データ）令和4年度（国土交通省）P11-22-21-bs5737（35.338588, 137.458723、JGD2011）を加工して作成",
BS-kP11-22-21-bs5754,bus_stop,二又,35.3364982,136.5042089,WGS84,499,南宮山,東海の百山,,,,TH-kP11-22-21-bs5785(495m),operator=大垣市; busType=コミュニティバス; busRoutes=牧田コース① / 牧田コース② / 養老コース,adopted,10,運行状況（季節運行・休止・予約制）を要確認,"国土数値情報（バス停留所データ）令和4年度（国土交通省）P11-22-21-bs5754（35.336498, 136.504209、JGD2011）を加工して作成",
BS-kP11-22-21-bs5785,bus_stop,山村バス停,35.3342485,136.5089231,WGS84,499,南宮山,東海の百山,,,,TH-kP11-22-21-bs5785(0m),operator=大垣市; busType=コミュニティバス; busRoutes=牧田コース① / 養老コース,adopted,10,運行状況（季節運行・休止・予約制）を要確認,"国土数値情報（バス停留所データ）令和4年度（国土交通省）P11-22-21-bs5785（35.334249, 136.508923、JGD2011）を加工して作成",
BS-kP11-22-21-bs5786,bus_stop,山村,35.3342485,136.5089231,WGS84,499,南宮山,東海の百山,,,,TH-kP11-22-21-bs5785(0m),operator=大垣市; busType=コミュニティバス; busRoutes=牧田コース②,adopted,10,運行状況（季節運行・休止・予約制）を要確認,"国土数値情報（バス停留所データ）令和4年度（国土交通省）P11-22-21-bs5786（35.334249, 136.508923、JGD2011）を加工して作成",
BS-kP11-22-21-bs955,bus_stop,上在所,35.9908207,136.7691613,WGS84,352,野伏ヶ岳,日本三百名山,,,,TH-n1380875437(326m),operator=（株）白鳥交通; busType=民間路線バス; busRoutes=石徹白線,adopted,10,運行状況（季節運行・休止・予約制）を要確認,"国土数値情報（バス停留所データ）令和4年度（国土交通省）P11-22-21-bs955（35.990821, 136.769161、JGD2011）を加工して作成",
BS-kP11-22-21-bs993,bus_stop,ウイングヒルズ前,35.9655798,136.8029187,WGS84,354,大日ヶ岳,日本二百名山|日本三百名山|東海の百山,,,,TH-n1380803797(641m) TH-n1380805368(631m),operator=（株）白鳥交通; busType=民間路線バス; busRoutes=石徹白線,adopted,10,運行状況（季節運行・休止・予約制）を要確認、登山口から離れている（徒歩アプローチを要確認）,"国土数値情報（バス停留所データ）令和4年度（国土交通省）P11-22-21-bs993（35.965580, 136.802919、JGD2011）を加工して作成",
BS-kP11-22-21-bs995,bus_stop,満天の湯入口,35.9628771,136.8092035,WGS84,354,大日ヶ岳,日本二百名山|日本三百名山|東海の百山,,,,TH-n1380803797(9m) TH-n1380805368(410m),operator=（株）白鳥交通; busType=民間路線バス; busRoutes=石徹白線,adopted,10,運行状況（季節運行・休止・予約制）を要確認,"国土数値情報（バス停留所データ）令和4年度（国土交通省）P11-22-21-bs995（35.962877, 136.809203、JGD2011）を加工して作成",
BS-kP11-22-22-bs5375,bus_stop,天城縦走登山口,34.8724545,139.0235222,WGS84,619,天城山,日本百名山|日本二百名山|日本三百名山,,,,TH-n419153758(13m),operator=（株）東海バス; busType=民間路線バス; busRoutes=天城東急リゾートシャトルバス,adopted,10,運行状況（季節運行・休止・予約制）を要確認,"国土数値情報（バス停留所データ）令和4年度（国土交通省）P11-22-22-bs5375（34.872454, 139.023522、JGD2011）を加工して作成 ｜ OpenStreetMap（© OpenStreetMap contributors, ODbL 1.0）Geofabrik japan-latest.osm.pbf 2026-09-23T20:22:04Z node/3397783793",
BS-kP11-22-22-bs5382,bus_stop,天城高原ゴルフ場,34.8717904,139.0238547,WGS84,619,天城山,日本百名山|日本二百名山|日本三百名山,,,,TH-n419153758(70m),operator=（株）東海バス; busType=民間路線バス; busRoutes=天城東急リゾートシャトルバス,adopted,10,運行状況（季節運行・休止・予約制）を要確認,"国土数値情報（バス停留所データ）令和4年度（国土交通省）P11-22-22-bs5382（34.871790, 139.023855、JGD2011）を加工して作成",
BS-kP11-22-22-bs545,bus_stop,小河内［静岡市葵区］,35.265354,138.235576,WGS84,527,大無間山,日本二百名山|日本三百名山,,,,TH-kP11-22-22-bs545(0m) TH-n1406654111(923m) TH-n6583072753(521m),operator=静岡市; busType=コミュニティバス; busRoutes=井川地区自主運行バス,adopted,10,運行状況（季節運行・休止・予約制）を要確認、登山口から離れている（徒歩アプローチを要確認）,"国土数値情報（バス停留所データ）令和4年度（国土交通省）P11-22-22-bs545（35.265354, 138.235576、JGD2011）を加工して作成",
BS-kP11-22-22-bs5793,bus_stop,水生地下,34.8353698,138.9287343,WGS84,619,天城山,日本百名山|日本二百名山|日本三百名山,,,,TH-n771350770(257m),operator=（株）東海バス; busType=民間路線バス; busRoutes=天城線 / 湯ヶ島・天城峠線 / 修善寺駅～八丁池口,adopted,10,運行状況（季節運行・休止・予約制）を要確認,"国土数値情報（バス停留所データ）令和4年度（国土交通省）P11-22-22-bs5793（34.835370, 138.928734、JGD2011）を加工して作成 ｜ OpenStreetMap（© OpenStreetMap contributors, ODbL 1.0）Geofabrik japan-latest.osm.pbf 2026-09-23T20:22:04Z node/14180876913",
BS-kP11-22-22-bs5809,bus_stop,八丁池口,34.8343988,138.9624512,WGS84,619,天城山,日本百名山|日本二百名山|日本三百名山,,,,TH-kP11-22-22-bs5809(0m),operator=（株）東海バス; busType=民間路線バス; busRoutes=河津七滝・八丁池口線 / 修善寺駅～八丁池口,adopted,10,運行状況（季節運行・休止・予約制）を要確認,"国土数値情報（バス停留所データ）令和4年度（国土交通省）P11-22-22-bs5809（34.834399, 138.962451、JGD2011）を加工して作成",
BS-kP11-22-22-bs5811,bus_stop,天城峠,34.8343077,138.931058,WGS84,619,天城山,日本百名山|日本二百名山|日本三百名山,,,,TH-n771350770(15m) TH-n771350770(15m),operator=（株）東海バス; busType=民間路線バス; busRoutes=天城線 / 湯ヶ島・天城峠線 / 修善寺駅～八丁池口,adopted,10,運行状況（季節運行・休止・予約制）を要確認,"国土数値情報（バス停留所データ）令和4年度（国土交通省）P11-22-22-bs5811（34.834308, 138.931058、JGD2011）を加工して作成 ｜ OpenStreetMap（© OpenStreetMap contributors, ODbL 1.0）Geofabrik japan-latest.osm.pbf 2026-09-23T20:22:04Z node/771350770",
BS-kP11-22-22-bs591,bus_stop,田代,35.2569207,138.2343534,WGS84,527,大無間山,日本二百名山|日本三百名山,,,,TH-kP11-22-22-bs545(939m) TH-n1406654111(297m) TH-n6583072753(523m),operator=静岡市; busType=コミュニティバス; busRoutes=井川地区自主運行バス,adopted,10,運行状況（季節運行・休止・予約制）を要確認、登山口から離れている（徒歩アプローチを要確認）,"国土数値情報（バス停留所データ）令和4年度（国土交通省）P11-22-22-bs591（35.256921, 138.234353、JGD2011）を加工して作成",
BS-kP11-22-22-bs592,bus_stop,十里木,35.2568965,138.7882074,WGS84,539,愛鷹山,日本二百名山|日本三百名山,,,,TH-n1648689568(397m) TH-n1667128884(471m),operator=富士急静岡バス（株）; busType=民間路線バス; busRoutes=日本ランド線　富士駅～吉原中央駅・富士サファリパーク～イエティ / 日本ランド線　鷹岡車庫～富士宮駅・山宮工業団地入口万野団地入口～イエティ,adopted,10,運行状況（季節運行・休止・予約制）を要確認,"国土数値情報（バス停留所データ）令和4年度（国土交通省）P11-22-22-bs592（35.256897, 138.788207、JGD2011）を加工して作成 ｜ OpenStreetMap（© OpenStreetMap contributors, ODbL 1.0）Geofabrik japan-latest.osm.pbf 2026-09-23T20:22:04Z node/6027633388",
BS-kP11-22-22-bs593,bus_stop,十里木,35.2568965,138.7882074,WGS84,539,愛鷹山,日本二百名山|日本三百名山,,,,TH-n1648689568(397m) TH-n1667128884(471m),operator=富士急モビリティ（株）; busType=民間路線バス; busRoutes=十里木線　J1・ぐりんぱ線　J2・イエティ,adopted,10,運行状況（季節運行・休止・予約制）を要確認,"国土数値情報（バス停留所データ）令和4年度（国土交通省）P11-22-22-bs593（35.256897, 138.788207、JGD2011）を加工して作成",
BS-kP11-22-22-bs595,bus_stop,十里木高原,35.256227,138.7837013,WGS84,539,愛鷹山,日本二百名山|日本三百名山,,,,TH-n1648689568(20m) TH-n1667128884(450m),operator=富士急静岡バス（株）; busType=民間路線バス; busRoutes=日本ランド線　富士駅～吉原中央駅・富士サファリパーク～イエティ,adopted,10,運行状況（季節運行・休止・予約制）を要確認,"国土数値情報（バス停留所データ）令和4年度（国土交通省）P11-22-22-bs595（35.256227, 138.783701、JGD2011）を加工して作成 ｜ OpenStreetMap（© OpenStreetMap contributors, ODbL 1.0）Geofabrik japan-latest.osm.pbf 2026-09-23T20:22:04Z node/5130260643",
BS-kP11-22-22-bs602,bus_stop,北小跡入口,35.2550337,138.2402618,WGS84,527,大無間山,日本二百名山|日本三百名山,,,,TH-n1406654111(873m) TH-n6583072753(998m),operator=静岡市; busType=コミュニティバス; busRoutes=井川地区自主運行バス,adopted,10,運行状況（季節運行・休止・予約制）を要確認、登山口から離れている（徒歩アプローチを要確認）,"国土数値情報（バス停留所データ）令和4年度（国土交通省）P11-22-22-bs602（35.255034, 138.240262、JGD2011）を加工して作成",
BS-kP11-22-22-bs616,bus_stop,愛鷹山登山口,35.2530911,138.8312643,WGS84,539,愛鷹山,日本二百名山|日本三百名山,,,,TH-kP11-22-22-bs616(0m),operator=富士急シティバス（株）; busType=民間路線バス; busRoutes=三島駅⇔富士サファリパーク・ぐりんぱ・水ヶ塚公園・富士宮口五合目,adopted,10,運行状況（季節運行・休止・予約制）を要確認,"国土数値情報（バス停留所データ）令和4年度（国土交通省）P11-22-22-bs616（35.253091, 138.831264、JGD2011）を加工して作成",
BS-kP11-22-22-bs617,bus_stop,愛鷹登山口,35.2530911,138.8312643,WGS84,539,愛鷹山,日本二百名山|日本三百名山,,,,TH-kP11-22-22-bs616(0m),operator=富士急モビリティ（株）; busType=民間路線バス; busRoutes=十里木線　J1・ぐりんぱ線　J2・イエティ,adopted,10,運行状況（季節運行・休止・予約制）を要確認,"国土数値情報（バス停留所データ）令和4年度（国土交通省）P11-22-22-bs617（35.253091, 138.831264、JGD2011）を加工して作成",
BS-kP11-22-22-bs624,bus_stop,津土井,35.2520182,138.8513645,WGS84,539,愛鷹山,日本二百名山|日本三百名山,,,,TH-kP11-22-22-bs657(605m) TH-kP11-22-22-bs657(605m),operator=富士急モビリティ（株）; busType=民間路線バス; busRoutes=十里木線　J1・ぐりんぱ線　J2・イエティ,adopted,10,運行状況（季節運行・休止・予約制）を要確認、登山口から離れている（徒歩アプローチを要確認）,"国土数値情報（バス停留所データ）令和4年度（国土交通省）P11-22-22-bs624（35.252018, 138.851365、JGD2011）を加工して作成 ｜ OpenStreetMap（© OpenStreetMap contributors, ODbL 1.0）Geofabrik japan-latest.osm.pbf 2026-09-23T20:22:04Z node/11109151850",
BS-kP11-22-22-bs631,bus_stop,須山,35.2511294,138.8471021,WGS84,539,愛鷹山,日本二百名山|日本三百名山,,,,TH-n1648683301(646m) TH-n1648683301(646m),operator=富士急シティバス（株）; busType=民間路線バス; busRoutes=三島駅⇔富士サファリパーク・ぐりんぱ・水ヶ塚公園・富士宮口五合目 / 須山線,adopted,10,運行状況（季節運行・休止・予約制）を要確認、登山口から離れている（徒歩アプローチを要確認）,"国土数値情報（バス停留所データ）令和4年度（国土交通省）P11-22-22-bs631（35.251129, 138.847102、JGD2011）を加工して作成 ｜ OpenStreetMap（© OpenStreetMap contributors, ODbL 1.0）Geofabrik japan-latest.osm.pbf 2026-09-23T20:22:04Z node/5128539733",
BS-kP11-22-22-bs657,bus_stop,田向辻,35.2468523,138.8535681,WGS84,539,愛鷹山,日本二百名山|日本三百名山,,,,TH-kP11-22-22-bs657(0m) TH-n1648683301(497m),operator=富士急シティバス（株）; busType=民間路線バス; busRoutes=三島駅⇔富士サファリパーク・ぐりんぱ・水ヶ塚公園・富士宮口五合目 / 須山線,adopted,10,運行状況（季節運行・休止・予約制）を要確認,"国土数値情報（バス停留所データ）令和4年度（国土交通省）P11-22-22-bs657（35.246852, 138.853568、JGD2011）を加工して作成",
BS-kP11-22-23-bs1,bus_stop,栗栖北,35.4177896,136.9640027,WGS84,476,鳩吹山,東海の百山,,,,TH-kP11-22-23-bs1(0m) TH-n10304735195(507m),operator=犬山市; busType=コミュニティバス; busRoutes=栗栖・富岡線,adopted,10,運行状況（季節運行・休止・予約制）を要確認,"国土数値情報（バス停留所データ）令和4年度（国土交通省）P11-22-23-bs1（35.417790, 136.964003、JGD2011）を加工して作成",
BS-kP11-22-23-bs11,bus_stop,継鹿尾,35.3914628,136.9578135,WGS84,482,継鹿尾山,東海の百山,,,,TH-kP11-22-23-bs7(605m) TH-n1362882245(662m) TH-n1362883448(692m),operator=犬山市; busType=コミュニティバス; busRoutes=栗栖・富岡線,adopted,10,運行状況（季節運行・休止・予約制）を要確認、登山口から離れている（徒歩アプローチを要確認）,"国土数値情報（バス停留所データ）令和4年度（国土交通省）P11-22-23-bs11（35.391463, 136.957814、JGD2011）を加工して作成",
BS-kP11-22-23-bs1134,bus_stop,鹿乗町民会館,35.2634019,137.0583229,WGS84,526,東谷山,東海の百山,,,,TH-n2098086456(302m),operator=瀬戸市; busType=コミュニティバス; busRoutes=下半田川線; network=瀬戸市コミュニティバス,adopted,10,運行状況（季節運行・休止・予約制）を要確認,"国土数値情報（バス停留所データ）令和4年度（国土交通省）P11-22-23-bs1134（35.263402, 137.058323、JGD2011）を加工して作成 ｜ OpenStreetMap（© OpenStreetMap contributors, ODbL 1.0）Geofabrik japan-latest.osm.pbf 2026-09-23T20:22:04Z node/13595331754",
BS-kP11-22-23-bs1149,bus_stop,鹿乗町,35.2626175,137.0560394,WGS84,526,東谷山,東海の百山,,,,TH-n2098086456(91m) TH-n2098086456(91m),operator=瀬戸市; busType=コミュニティバス; busRoutes=下半田川線; network=瀬戸市コミュニティバス,adopted,10,運行状況（季節運行・休止・予約制）を要確認,"国土数値情報（バス停留所データ）令和4年度（国土交通省）P11-22-23-bs1149（35.262617, 137.056039、JGD2011）を加工して作成 ｜ OpenStreetMap（© OpenStreetMap contributors, ODbL 1.0）Geofabrik japan-latest.osm.pbf 2026-09-23T20:22:04Z node/13595331750",
BS-kP11-22-23-bs1164,bus_stop,鹿乗町東,35.260906,137.060325,WGS84,526,東谷山,東海の百山,,,,TH-n1875870741(735m) TH-n2057326145(661m),operator=瀬戸市; busType=コミュニティバス; busRoutes=下半田川線; network=瀬戸市コミュニティバス,adopted,10,運行状況（季節運行・休止・予約制）を要確認、登山口から離れている（徒歩アプローチを要確認）,"国土数値情報（バス停留所データ）令和4年度（国土交通省）P11-22-23-bs1164（35.260906, 137.060325、JGD2011）を加工して作成 ｜ OpenStreetMap（© OpenStreetMap contributors, ODbL 1.0）Geofabrik japan-latest.osm.pbf 2026-09-23T20:22:04Z node/13595331749",
BS-kP11-22-23-bs1167,bus_stop,白岩口,35.2605699,137.1523031,WGS84,530,岩巣山,東海の百山,,,,TH-n2098084204(776m),operator=瀬戸市; busType=コミュニティバス; busRoutes=片草線; network=瀬戸市コミュニティバス,adopted,10,運行状況（季節運行・休止・予約制）を要確認、登山口から離れている（徒歩アプローチを要確認）,"国土数値情報（バス停留所データ）令和4年度（国土交通省）P11-22-23-bs1167（35.260570, 137.152303、JGD2011）を加工して作成 ｜ OpenStreetMap（© OpenStreetMap contributors, ODbL 1.0）Geofabrik japan-latest.osm.pbf 2026-09-23T20:22:04Z node/13589220517",
BS-kP11-22-23-bs1169,bus_stop,白岩町,35.2604916,137.1576969,WGS84,530,岩巣山,東海の百山,,,,TH-n2098084204(558m) TH-n2098084204(558m),operator=瀬戸市; busType=コミュニティバス; busRoutes=片草線; network=瀬戸市コミュニティバス,adopted,10,運行状況（季節運行・休止・予約制）を要確認,"国土数値情報（バス停留所データ）令和4年度（国土交通省）P11-22-23-bs1169（35.260492, 137.157697、JGD2011）を加工して作成 ｜ OpenStreetMap（© OpenStreetMap contributors, ODbL 1.0）Geofabrik japan-latest.osm.pbf 2026-09-23T20:22:04Z node/13589220514",
BS-kP11-22-23-bs1257,bus_stop,東谷山フルーツパーク,35.255304,137.0427458,WGS84,526,東谷山,東海の百山,,,,TH-n1875870656(747m) TH-n1875870656(747m),operator=名古屋市; busType=公営路線バス; busRoutes=藤丘12 / 志段味巡回; network=名古屋市営バス,adopted,10,運行状況（季節運行・休止・予約制）を要確認、登山口から離れている（徒歩アプローチを要確認）,"国土数値情報（バス停留所データ）令和4年度（国土交通省）P11-22-23-bs1257（35.255304, 137.042746、JGD2011）を加工して作成 ｜ OpenStreetMap（© OpenStreetMap contributors, ODbL 1.0）Geofabrik japan-latest.osm.pbf 2026-09-23T20:22:04Z node/11682084526",
BS-kP11-22-23-bs1303,bus_stop,十軒家,35.2530846,137.0650376,WGS84,526,東谷山,東海の百山,,,,TH-n1875870741(716m) TH-n1875870741(716m) TH-n2057326145(335m) TH-n2057326145(335m),operator=瀬戸市; busType=コミュニティバス; busRoutes=下半田川線; network=瀬戸市コミュニティバス,adopted,10,運行状況（季節運行・休止・予約制）を要確認、登山口から離れている（徒歩アプローチを要確認）,"国土数値情報（バス停留所データ）令和4年度（国土交通省）P11-22-23-bs1303（35.253085, 137.065038、JGD2011）を加工して作成 ｜ OpenStreetMap（© OpenStreetMap contributors, ODbL 1.0）Geofabrik japan-latest.osm.pbf 2026-09-23T20:22:04Z node/13594990814",
BS-kP11-22-23-bs1399,bus_stop,大久手池東,35.248968,137.0438344,WGS84,526,東谷山,東海の百山,,,,TH-n624184384(637m) TH-n624184384(637m),operator=名古屋市; busType=公営路線バス; busRoutes=志段味11 / 印．高 / 志段味巡回; network=名古屋市営バス,adopted,10,運行状況（季節運行・休止・予約制）を要確認、登山口から離れている（徒歩アプローチを要確認）,"国土数値情報（バス停留所データ）令和4年度（国土交通省）P11-22-23-bs1399（35.248968, 137.043834、JGD2011）を加工して作成 ｜ OpenStreetMap（© OpenStreetMap contributors, ODbL 1.0）Geofabrik japan-latest.osm.pbf 2026-09-23T20:22:04Z node/11681683222",
BS-kP11-22-23-bs14,bus_stop,四季の丘,35.3912115,136.9898304,WGS84,482,継鹿尾山,東海の百山,,,,TH-kP11-22-23-bs8(397m) TH-n1362883805(817m),operator=犬山市; busType=コミュニティバス; busRoutes=善師野・塔野地線,adopted,10,運行状況（季節運行・休止・予約制）を要確認、登山口から離れている（徒歩アプローチを要確認）,"国土数値情報（バス停留所データ）令和4年度（国土交通省）P11-22-23-bs14（35.391211, 136.989830、JGD2011）を加工して作成",
BS-kP11-22-23-bs1480,bus_stop,鳥原町中,35.2451675,137.1356866,WGS84,530,岩巣山,東海の百山,,,,TH-n2098079430(954m),operator=瀬戸市; busType=コミュニティバス; busRoutes=岩屋堂線; network=瀬戸市コミュニティバス,adopted,10,運行状況（季節運行・休止・予約制）を要確認、登山口から離れている（徒歩アプローチを要確認）,"国土数値情報（バス停留所データ）令和4年度（国土交通省）P11-22-23-bs1480（35.245168, 137.135687、JGD2011）を加工して作成 ｜ OpenStreetMap（© OpenStreetMap contributors, ODbL 1.0）Geofabrik japan-latest.osm.pbf 2026-09-23T20:22:04Z node/13589347246",
BS-kP11-22-23-bs1533,bus_stop,鳥原町東,35.2427734,137.1367352,WGS84,530,岩巣山,東海の百山,,,,TH-n2098079430(738m),operator=瀬戸市; busType=コミュニティバス; busRoutes=岩屋堂線; network=瀬戸市コミュニティバス,adopted,10,運行状況（季節運行・休止・予約制）を要確認、登山口から離れている（徒歩アプローチを要確認）,"国土数値情報（バス停留所データ）令和4年度（国土交通省）P11-22-23-bs1533（35.242773, 137.136735、JGD2011）を加工して作成 ｜ OpenStreetMap（© OpenStreetMap contributors, ODbL 1.0）Geofabrik japan-latest.osm.pbf 2026-09-23T20:22:04Z node/13589347245",
BS-kP11-22-23-bs1585,bus_stop,岩屋堂,35.2397055,137.1401227,WGS84,530,岩巣山,東海の百山,,,,TH-n2098079430(370m),operator=瀬戸市; busType=コミュニティバス; busRoutes=岩屋堂線; network=瀬戸市コミュニティバス,adopted,10,運行状況（季節運行・休止・予約制）を要確認,"国土数値情報（バス停留所データ）令和4年度（国土交通省）P11-22-23-bs1585（35.239705, 137.140123、JGD2011）を加工して作成 ｜ OpenStreetMap（© OpenStreetMap contributors, ODbL 1.0）Geofabrik japan-latest.osm.pbf 2026-09-23T20:22:04Z node/13589347244",
BS-kP11-22-23-bs17,bus_stop,中切,35.3896708,136.9888055,WGS84,482,継鹿尾山,東海の百山,,,,TH-n1362883077(959m),operator=犬山市; busType=コミュニティバス; busRoutes=善師野・塔野地線,adopted,10,運行状況（季節運行・休止・予約制）を要確認、登山口から離れている（徒歩アプローチを要確認）,"国土数値情報（バス停留所データ）令和4年度（国土交通省）P11-22-23-bs17（35.389671, 136.988805、JGD2011）を加工して作成",
BS-kP11-22-23-bs1825,bus_stop,北夏焼,35.2233071,137.5251329,WGS84,541,夏焼城ヶ山,東海の百山,,,,TH-kP11-22-23-bs1884(412m) TH-n13881571461(432m),operator=豊田市; busType=コミュニティバス; busRoutes=稲武地域どんぐりバス根羽線,adopted,10,運行状況（季節運行・休止・予約制）を要確認,"国土数値情報（バス停留所データ）令和4年度（国土交通省）P11-22-23-bs1825（35.223307, 137.525133、JGD2011）を加工して作成",
BS-kP11-22-23-bs1884,bus_stop,上夏焼,35.2202328,137.5225629,WGS84,541,夏焼城ヶ山,東海の百山,,,,TH-kP11-22-23-bs1884(0m) TH-n13881571461(311m),operator=豊田市; busType=コミュニティバス; busRoutes=稲武地域どんぐりバス根羽線,adopted,10,運行状況（季節運行・休止・予約制）を要確認,"国土数値情報（バス停留所データ）令和4年度（国土交通省）P11-22-23-bs1884（35.220233, 137.522563、JGD2011）を加工して作成",
BS-kP11-22-23-bs1907,bus_stop,夏焼,35.2187079,137.5190657,WGS84,541,夏焼城ヶ山,東海の百山,,,,TH-kP11-22-23-bs1884(360m) TH-n1320086031(786m) TH-n13881571461(621m),operator=豊田市; busType=コミュニティバス; busRoutes=稲武地域どんぐりバス根羽線,adopted,10,運行状況（季節運行・休止・予約制）を要確認、登山口から離れている（徒歩アプローチを要確認）,"国土数値情報（バス停留所データ）令和4年度（国土交通省）P11-22-23-bs1907（35.218708, 137.519066、JGD2011）を加工して作成",
BS-kP11-22-23-bs1958,bus_stop,夏焼温泉口,35.2157422,137.5133816,WGS84,541,夏焼城ヶ山,東海の百山,,,,TH-n1320086031(808m),operator=豊田市; busType=コミュニティバス; busRoutes=稲武地域どんぐりバス根羽線,adopted,10,運行状況（季節運行・休止・予約制）を要確認、登山口から離れている（徒歩アプローチを要確認）,"国土数値情報（バス停留所データ）令和4年度（国土交通省）P11-22-23-bs1958（35.215742, 137.513382、JGD2011）を加工して作成",
BS-kP11-22-23-bs2,bus_stop,栗栖中,35.4153774,136.9625301,WGS84,476,鳩吹山,東海の百山,,,,TH-kP11-22-23-bs1(298m) TH-n10304735195(348m),operator=犬山市; busType=コミュニティバス; busRoutes=栗栖・富岡線,adopted,10,運行状況（季節運行・休止・予約制）を要確認,"国土数値情報（バス停留所データ）令和4年度（国土交通省）P11-22-23-bs2（35.415377, 136.962530、JGD2011）を加工して作成",
BS-kP11-22-23-bs21,bus_stop,善師野駅西,35.3880788,136.9792741,WGS84,482,継鹿尾山,東海の百山,,,,TH-n1362883077(640m),operator=犬山市; busType=コミュニティバス; busRoutes=善師野・塔野地線,adopted,10,運行状況（季節運行・休止・予約制）を要確認、登山口から離れている（徒歩アプローチを要確認）,"国土数値情報（バス停留所データ）令和4年度（国土交通省）P11-22-23-bs21（35.388079, 136.979274、JGD2011）を加工して作成",
BS-kP11-22-23-bs2146,bus_stop,横川,35.2064745,137.5145179,WGS84,541,夏焼城ヶ山,東海の百山,,,,TH-n1320086031(817m),operator=設楽町・東栄町・豊根村; busType=公営路線バス; busRoutes=稲武線,adopted,10,運行状況（季節運行・休止・予約制）を要確認、登山口から離れている（徒歩アプローチを要確認）,"国土数値情報（バス停留所データ）令和4年度（国土交通省）P11-22-23-bs2146（35.206475, 137.514518、JGD2011）を加工して作成",
BS-kP11-22-23-bs2512,bus_stop,富山支所前,35.1899021,137.8096769,WGS84,546,八嶽山,東海の百山,,,,TH-n1024226932(464m) TH-n1060670388(198m),operator=設楽町・東栄町・豊根村; busType=公営路線バス; busRoutes=富山線,adopted,10,運行状況（季節運行・休止・予約制）を要確認,"国土数値情報（バス停留所データ）令和4年度（国土交通省）P11-22-23-bs2512（35.189902, 137.809677、JGD2011）を加工して作成",
BS-kP11-22-23-bs2514,bus_stop,豊根市原,35.1898595,137.8059914,WGS84,546,八嶽山,東海の百山,,,,TH-n1024226932(162m) TH-n1060670388(187m),operator=設楽町・東栄町・豊根村; busType=公営路線バス; busRoutes=富山線,adopted,10,運行状況（季節運行・休止・予約制）を要確認,"国土数値情報（バス停留所データ）令和4年度（国土交通省）P11-22-23-bs2514（35.189859, 137.805991、JGD2011）を加工して作成",
BS-kP11-22-23-bs2957,bus_stop,漆島,35.1729043,137.7812024,WGS84,567,日本ヶ塚山,東海の百山,,,,TH-kP11-22-23-bs2967(435m) TH-n1316216916(643m),operator=設楽町・東栄町・豊根村; busType=公営路線バス; busRoutes=富山線,adopted,10,運行状況（季節運行・休止・予約制）を要確認、登山口から離れている（徒歩アプローチを要確認）,"国土数値情報（バス停留所データ）令和4年度（国土交通省）P11-22-23-bs2957（35.172904, 137.781202、JGD2011）を加工して作成 ｜ OpenStreetMap（© OpenStreetMap contributors, ODbL 1.0）Geofabrik japan-latest.osm.pbf 2026-09-23T20:22:04Z node/727168094",
BS-kP11-22-23-bs2967,bus_stop,瀬戸,35.17264,137.7859695,WGS84,567,日本ヶ塚山,東海の百山,,,,TH-kP11-22-23-bs2967(0m) TH-n1316216916(397m),operator=設楽町・東栄町・豊根村; busType=公営路線バス; busRoutes=富山線,adopted,10,運行状況（季節運行・休止・予約制）を要確認,"国土数値情報（バス停留所データ）令和4年度（国土交通省）P11-22-23-bs2967（35.172640, 137.785969、JGD2011）を加工して作成",
BS-kP11-22-23-bs3,bus_stop,栗栖,35.4113957,136.9637951,WGS84,476,鳩吹山,東海の百山,,,,TH-kP11-22-23-bs1(707m) TH-n10304735195(267m),operator=犬山市; busType=コミュニティバス; busRoutes=栗栖・富岡線,adopted,10,運行状況（季節運行・休止・予約制）を要確認、登山口から離れている（徒歩アプローチを要確認）,"国土数値情報（バス停留所データ）令和4年度（国土交通省）P11-22-23-bs3（35.411396, 136.963795、JGD2011）を加工して作成",
BS-kP11-22-23-bs3457,bus_stop,大多賀不二平,35.1545819,137.4504463,WGS84,574,寧比曽岳,東海の百山,,,,TH-n1320081414(586m),operator=豊田市; busType=コミュニティバス; busRoutes=足助地域あいま～るGコース,adopted,10,運行状況（季節運行・休止・予約制）を要確認,"国土数値情報（バス停留所データ）令和4年度（国土交通省）P11-22-23-bs3457（35.154582, 137.450446、JGD2011）を加工して作成",
BS-kP11-22-23-bs3458,bus_stop,大多賀SB待合所,35.154453,137.4466527,WGS84,574,寧比曽岳,東海の百山,,,,TH-n1320081414(271m),operator=豊田市; busType=コミュニティバス; busRoutes=足助地域あいま～るGコース,adopted,10,運行状況（季節運行・休止・予約制）を要確認,"国土数値情報（バス停留所データ）令和4年度（国土交通省）P11-22-23-bs3458（35.154453, 137.446653、JGD2011）を加工して作成",
BS-kP11-22-23-bs347,bus_stop,内々神社,35.3248433,137.0597773,WGS84,510 511 512,弥勒山、大谷山、道樹山,東海の百山,,,,TH-kP11-22-23-bs347(0m) TH-kP11-22-23-bs364(371m),operator=名鉄バス（株）; busType=民間路線バス; busRoutes=71・72内々神社発　高蔵寺駅北口（坂下　白山橋経由）,adopted,10,運行状況（季節運行・休止・予約制）を要確認,"国土数値情報（バス停留所データ）令和4年度（国土交通省）P11-22-23-bs347（35.324843, 137.059777、JGD2011）を加工して作成",
BS-kP11-22-23-bs364,bus_stop,内津,35.3227589,137.0565743,WGS84,510 511 512,弥勒山、大谷山、道樹山,東海の百山,,,,TH-kP11-22-23-bs347(371m) TH-kP11-22-23-bs364(0m) TH-kP11-22-23-bs389(494m),operator=名鉄バス（株）; busType=民間路線バス; busRoutes=71・72内々神社発　高蔵寺駅北口（坂下　白山橋経由）,adopted,10,運行状況（季節運行・休止・予約制）を要確認,"国土数値情報（バス停留所データ）令和4年度（国土交通省）P11-22-23-bs364（35.322759, 137.056574、JGD2011）を加工して作成",
BS-kP11-22-23-bs389,bus_stop,内津口,35.3200041,137.0522859,WGS84,510 511 512,弥勒山、大谷山、道樹山,東海の百山,,,,TH-kP11-22-23-bs347(866m) TH-kP11-22-23-bs417(498m) TH-kP11-22-23-bs364(494m) TH-kP11-22-23-bs389(0m),operator=名鉄バス（株）; busType=民間路線バス; busRoutes=71・72内々神社発　高蔵寺駅北口（坂下　白山橋経由）,adopted,10,運行状況（季節運行・休止・予約制）を要確認、登山口から離れている（徒歩アプローチを要確認）,"国土数値情報（バス停留所データ）令和4年度（国土交通省）P11-22-23-bs389（35.320004, 137.052286、JGD2011）を加工して作成",
BS-kP11-22-23-bs4,bus_stop,野外活動センター,35.4082281,136.9647839,WGS84,476,鳩吹山,東海の百山,,,,TH-n2043575571(299m),operator=犬山市; busType=コミュニティバス; busRoutes=栗栖・富岡線,adopted,10,運行状況（季節運行・休止・予約制）を要確認,"国土数値情報（バス停留所データ）令和4年度（国土交通省）P11-22-23-bs4（35.408228, 136.964784、JGD2011）を加工して作成",
BS-kP11-22-23-bs417,bus_stop,西尾上,35.3176947,137.047584,WGS84,510 511 512,弥勒山、大谷山、道樹山,東海の百山,,,,TH-kP11-22-23-bs417(0m) TH-kP11-22-23-bs389(498m),operator=名鉄バス（株）; busType=民間路線バス; busRoutes=71・72内々神社発　高蔵寺駅北口（坂下　白山橋経由）,adopted,10,運行状況（季節運行・休止・予約制）を要確認,"国土数値情報（バス停留所データ）令和4年度（国土交通省）P11-22-23-bs417（35.317695, 137.047584、JGD2011）を加工して作成",
BS-kP11-22-23-bs4285,bus_stop,金蔵連,35.1176951,137.4076974,WGS84,574,寧比曽岳,東海の百山,,,,TH-kP11-22-23-bs4286(50m),operator=豊田市; busType=コミュニティバス; busRoutes=足助地域あいま～るFコース,adopted,10,運行状況（季節運行・休止・予約制）を要確認,"国土数値情報（バス停留所データ）令和4年度（国土交通省）P11-22-23-bs4285（35.117695, 137.407697、JGD2011）を加工して作成",
BS-kP11-22-23-bs4286,bus_stop,金蔵連SB待合所,35.1176698,137.4071546,WGS84,574,寧比曽岳,東海の百山,,,,TH-kP11-22-23-bs4286(0m),operator=豊田市; busType=コミュニティバス; busRoutes=足助地域バス　通学線（御内・綾渡線）,adopted,10,運行状況（季節運行・休止・予約制）を要確認,"国土数値情報（バス停留所データ）令和4年度（国土交通省）P11-22-23-bs4286（35.117670, 137.407155、JGD2011）を加工して作成",
BS-kP11-22-23-bs433,bus_stop,西尾,35.3160892,137.0427334,WGS84,510 511 512,弥勒山、大谷山、道樹山,東海の百山,,,,TH-kP11-22-23-bs417(475m),operator=名鉄バス（株）; busType=民間路線バス; busRoutes=71・72内々神社発　高蔵寺駅北口（坂下　白山橋経由）,adopted,10,運行状況（季節運行・休止・予約制）を要確認,"国土数値情報（バス停留所データ）令和4年度（国土交通省）P11-22-23-bs433（35.316089, 137.042733、JGD2011）を加工して作成",
BS-kP11-22-23-bs4876,bus_stop,荒尾口,35.0922485,137.590451,WGS84,584,岩古谷山,東海の百山,,,,TH-kP11-22-23-bs4878(414m) TH-n5801473189(771m) TH-n1051156172(742m) TH-n1203909303(844m),operator=設楽町・東栄町・豊根村; busType=公営路線バス; busRoutes=東栄設楽線,adopted,10,運行状況（季節運行・休止・予約制）を要確認、登山口から離れている（徒歩アプローチを要確認）,"国土数値情報（バス停留所データ）令和4年度（国土交通省）P11-22-23-bs4876（35.092248, 137.590451、JGD2011）を加工して作成",
BS-kP11-22-23-bs4878,bus_stop,新和市,35.092185,137.5949909,WGS84,584,岩古谷山,東海の百山,,,,TH-kP11-22-23-bs4878(0m) TH-n5801473189(358m) TH-n1051156172(478m) TH-n1203909303(497m),operator=設楽町・東栄町・豊根村; busType=公営路線バス; busRoutes=東栄設楽線,adopted,10,運行状況（季節運行・休止・予約制）を要確認,"国土数値情報（バス停留所データ）令和4年度（国土交通省）P11-22-23-bs4878（35.092185, 137.594991、JGD2011）を加工して作成",
BS-kP11-22-23-bs495,bus_stop,尾張明知,35.3108287,137.0368654,WGS84,510 511 512,弥勒山、大谷山、道樹山,東海の百山,,,,TH-kP11-22-23-bs495(0m),operator=名鉄バス（株）; busType=民間路線バス; busRoutes=71・72内々神社発　高蔵寺駅北口（坂下　白山橋経由）,adopted,10,運行状況（季節運行・休止・予約制）を要確認,"国土数値情報（バス停留所データ）令和4年度（国土交通省）P11-22-23-bs495（35.310829, 137.036865、JGD2011）を加工して作成",
BS-kP11-22-23-bs5,bus_stop,桃太郎公園,35.4046799,136.96535,WGS84,476,鳩吹山,東海の百山,,,,TH-n2043575571(118m),operator=犬山市; busType=コミュニティバス; busRoutes=栗栖・富岡線,adopted,10,運行状況（季節運行・休止・予約制）を要確認,"国土数値情報（バス停留所データ）令和4年度（国土交通省）P11-22-23-bs5（35.404680, 136.965350、JGD2011）を加工して作成",
BS-kP11-22-23-bs5063,bus_stop,新黒倉,35.0829282,137.609092,WGS84,584,岩古谷山,東海の百山,,,,TH-kP11-22-23-bs5063(0m),operator=設楽町・東栄町・豊根村; busType=公営路線バス; busRoutes=東栄設楽線,adopted,10,運行状況（季節運行・休止・予約制）を要確認,"国土数値情報（バス停留所データ）令和4年度（国土交通省）P11-22-23-bs5063（35.082928, 137.609092、JGD2011）を加工して作成",
BS-kP11-22-23-bs5107,bus_stop,三沢,35.0802198,137.6757558,WGS84,598,明神山,東海の百山,,,,TH-n1315163484(810m),operator=設楽町・東栄町・豊根村; busType=公営路線バス; busRoutes=東栄設楽線,adopted,10,運行状況（季節運行・休止・予約制）を要確認、登山口から離れている（徒歩アプローチを要確認）,"国土数値情報（バス停留所データ）令和4年度（国土交通省）P11-22-23-bs5107（35.080220, 137.675756、JGD2011）を加工して作成",
BS-kP11-22-23-bs5130,bus_stop,川端,35.0793169,137.615229,WGS84,584,岩古谷山,東海の百山,,,,TH-kP11-22-23-bs5063(687m),operator=設楽町・東栄町・豊根村; busType=公営路線バス; busRoutes=東栄設楽線,adopted,10,運行状況（季節運行・休止・予約制）を要確認、登山口から離れている（徒歩アプローチを要確認）,"国土数値情報（バス停留所データ）令和4年度（国土交通省）P11-22-23-bs5130（35.079317, 137.615229、JGD2011）を加工して作成",
BS-kP11-22-23-bs5168,bus_stop,月,35.0773586,137.6690764,WGS84,598,明神山,東海の百山,,,,TH-n1315159335(411m) TH-n1315163484(908m),operator=設楽町・東栄町・豊根村; busType=公営路線バス; busRoutes=東栄設楽線,adopted,10,運行状況（季節運行・休止・予約制）を要確認、登山口から離れている（徒歩アプローチを要確認）,"国土数値情報（バス停留所データ）令和4年度（国土交通省）P11-22-23-bs5168（35.077359, 137.669076、JGD2011）を加工して作成",
BS-kP11-22-23-bs5178,bus_stop,東栄中村,35.0769485,137.6646223,WGS84,598,明神山,東海の百山,,,,TH-n1315159335(128m),operator=設楽町・東栄町・豊根村; busType=公営路線バス; busRoutes=東栄設楽線,adopted,10,運行状況（季節運行・休止・予約制）を要確認,"国土数値情報（バス停留所データ）令和4年度（国土交通省）P11-22-23-bs5178（35.076949, 137.664622、JGD2011）を加工して作成",
BS-kP11-22-23-bs518,bus_stop,厚金橋西,35.3091073,137.0314897,WGS84,510 511 512,弥勒山、大谷山、道樹山,東海の百山,,,,TH-kP11-22-23-bs495(524m),operator=春日井市; busType=コミュニティバス; busRoutes=東北部線,adopted,10,運行状況（季節運行・休止・予約制）を要確認,"国土数値情報（バス停留所データ）令和4年度（国土交通省）P11-22-23-bs518（35.309107, 137.031490、JGD2011）を加工して作成",
BS-kP11-22-23-bs5218,bus_stop,引田,35.0749486,137.6555654,WGS84,598,明神山,東海の百山,,,,TH-n1315159335(862m),operator=設楽町・東栄町・豊根村; busType=公営路線バス; busRoutes=東栄設楽線,adopted,10,運行状況（季節運行・休止・予約制）を要確認、登山口から離れている（徒歩アプローチを要確認）,"国土数値情報（バス停留所データ）令和4年度（国土交通省）P11-22-23-bs5218（35.074949, 137.655565、JGD2011）を加工して作成",
BS-kP11-22-23-bs522,bus_stop,大山口,35.3090202,137.0348346,WGS84,510 511 512,弥勒山、大谷山、道樹山,東海の百山,,,,TH-kP11-22-23-bs495(272m),operator=名鉄バス（株）; busType=民間路線バス; busRoutes=71・72内々神社発　高蔵寺駅北口（坂下　白山橋経由）,adopted,10,運行状況（季節運行・休止・予約制）を要確認,"国土数値情報（バス停留所データ）令和4年度（国土交通省）P11-22-23-bs522（35.309020, 137.034835、JGD2011）を加工して作成",
BS-kP11-22-23-bs5254,bus_stop,中ノ沢辻,35.0723299,137.2987509,WGS84,594,炮烙山,東海の百山,,,,TH-n5150933055(994m),operator=豊田市; busType=コミュニティバス; busRoutes=足助地域あいま～るKコース,adopted,10,運行状況（季節運行・休止・予約制）を要確認、登山口から離れている（徒歩アプローチを要確認）,"国土数値情報（バス停留所データ）令和4年度（国土交通省）P11-22-23-bs5254（35.072330, 137.298751、JGD2011）を加工して作成",
BS-kP11-22-23-bs6,bus_stop,寂光院口,35.3964722,136.959576,WGS84,482,継鹿尾山,東海の百山,,,,TH-kP11-22-23-bs7(145m) TH-n1362882245(769m) TH-n1362883448(466m),operator=犬山市; busType=コミュニティバス; busRoutes=栗栖・富岡線,adopted,10,運行状況（季節運行・休止・予約制）を要確認、登山口から離れている（徒歩アプローチを要確認）,"国土数値情報（バス停留所データ）令和4年度（国土交通省）P11-22-23-bs6（35.396472, 136.959576、JGD2011）を加工して作成",
BS-kP11-22-23-bs603,bus_stop,坂下出張所前,35.3047809,137.0310702,WGS84,510 511 512,弥勒山、大谷山、道樹山,東海の百山,,,,TH-kP11-22-23-bs631(593m),operator=名鉄バス（株）; busType=民間路線バス; busRoutes=71・72内々神社発　高蔵寺駅北口（坂下　白山橋経由）,adopted,10,運行状況（季節運行・休止・予約制）を要確認,"国土数値情報（バス停留所データ）令和4年度（国土交通省）P11-22-23-bs603（35.304781, 137.031070、JGD2011）を加工して作成",
BS-kP11-22-23-bs628,bus_stop,植物園,35.3019007,137.0578263,WGS84,510 511 512,弥勒山、大谷山、道樹山,東海の百山,,,,TH-n6187416185(344m) TH-kP11-22-23-bs628(0m) TH-n5374086024(567m),operator=名鉄バス（株）; busType=民間路線バス; busRoutes=81・82高蔵寺駅北口発　植物園（中央台　高森台西経由）,adopted,10,運行状況（季節運行・休止・予約制）を要確認,"国土数値情報（バス停留所データ）令和4年度（国土交通省）P11-22-23-bs628（35.301901, 137.057826、JGD2011）を加工して作成",
BS-kP11-22-23-bs631,bus_stop,県医療療育総合センター,35.3018092,137.0365049,WGS84,510 511 512,弥勒山、大谷山、道樹山,東海の百山,,,,TH-kP11-22-23-bs631(0m),operator=名鉄バス（株）; busType=民間路線バス; busRoutes=41勝川駅発　県医療療育総合センター（鳥居松　坂下経由） / 71・72内々神社発　高蔵寺駅北口（坂下　白山橋経由） / 91高蔵寺駅北口発　県医療療育総合センター（藤山台東　坂下五丁目経由）,adopted,10,運行状況（季節運行・休止・予約制）を要確認,"国土数値情報（バス停留所データ）令和4年度（国土交通省）P11-22-23-bs631（35.301809, 137.036505、JGD2011）を加工して作成",
BS-kP11-22-23-bs6506,bus_stop,鳳来寺山山頂,34.9740231,137.588937,WGS84,608,鳳来寺山,東海の百山,,,,TH-w83596330(22m) TH-n1024190882(673m) TH-n1416243924(430m),operator=新城市; busType=コミュニティバス; busRoutes=Sバス湯谷温泉もっくる新城線,adopted,10,運行状況（季節運行・休止・予約制）を要確認、登山口から離れている（徒歩アプローチを要確認）,"国土数値情報（バス停留所データ）令和4年度（国土交通省）P11-22-23-bs6506（34.974023, 137.588937、JGD2011）を加工して作成",
BS-kP11-22-23-bs653,bus_stop,愛知学園前,35.3005395,137.0327417,WGS84,510 511 512,弥勒山、大谷山、道樹山,東海の百山,,,,TH-kP11-22-23-bs631(370m),operator=名鉄バス（株）; busType=民間路線バス; busRoutes=41勝川駅発　県医療療育総合センター（鳥居松　坂下経由） / 71・72内々神社発　高蔵寺駅北口（坂下　白山橋経由） / 91高蔵寺駅北口発　県医療療育総合センター（藤山台東　坂下五丁目経由）,adopted,10,運行状況（季節運行・休止・予約制）を要確認,"国土数値情報（バス停留所データ）令和4年度（国土交通省）P11-22-23-bs653（35.300539, 137.032742、JGD2011）を加工して作成",
BS-kP11-22-23-bs6602,bus_stop,湯谷温泉駅南,34.9673701,137.6130478,WGS84,608,鳳来寺山,東海の百山,,,,TH-n641106611(172m),operator=新城市; busType=コミュニティバス; busRoutes=Sバス湯谷温泉もっくる新城線,adopted,10,運行状況（季節運行・休止・予約制）を要確認,"国土数値情報（バス停留所データ）令和4年度（国土交通省）P11-22-23-bs6602（34.967370, 137.613048、JGD2011）を加工して作成",
BS-kP11-22-23-bs663,bus_stop,少年自然の家,35.2998057,137.0587959,WGS84,510 511 512,弥勒山、大谷山、道樹山,東海の百山,,,,TH-n6187416185(577m) TH-kP11-22-23-bs628(248m) TH-n5374086024(815m),operator=名鉄バス（株）; busType=民間路線バス; busRoutes=81・82高蔵寺駅北口発　植物園（中央台　高森台西経由）,adopted,10,運行状況（季節運行・休止・予約制）を要確認、登山口から離れている（徒歩アプローチを要確認）,"国土数値情報（バス停留所データ）令和4年度（国土交通省）P11-22-23-bs663（35.299806, 137.058796、JGD2011）を加工して作成",
BS-kP11-22-23-bs6658,bus_stop,井代,34.9626776,137.6128005,WGS84,608,鳳来寺山,東海の百山,,,,TH-n641106611(560m),operator=新城市; busType=コミュニティバス; busRoutes=Sバス湯谷温泉もっくる新城線,adopted,10,運行状況（季節運行・休止・予約制）を要確認,"国土数値情報（バス停留所データ）令和4年度（国土交通省）P11-22-23-bs6658（34.962678, 137.612800、JGD2011）を加工して作成",
BS-kP11-22-23-bs7,bus_stop,寂光院口,35.3962042,136.9611431,WGS84,482,継鹿尾山,東海の百山,,,,TH-kP11-22-23-bs7(0m) TH-n1362882245(660m) TH-n1362883448(325m),operator=犬山市; busType=コミュニティバス; busRoutes=栗栖・富岡線,adopted,10,運行状況（季節運行・休止・予約制）を要確認、登山口から離れている（徒歩アプローチを要確認）,"国土数値情報（バス停留所データ）令和4年度（国土交通省）P11-22-23-bs7（35.396204, 136.961143、JGD2011）を加工して作成",
BS-kP11-22-23-bs7286,bus_stop,高雲寺,34.9133251,137.3920682,WGS84,618,本宮山,東海の百山,,,,TH-n1421048191(774m),operator=岡崎市; busType=コミュニティバス; busRoutes=のってこバス,adopted,10,運行状況（季節運行・休止・予約制）を要確認、登山口から離れている（徒歩アプローチを要確認）,"国土数値情報（バス停留所データ）令和4年度（国土交通省）P11-22-23-bs7286（34.913325, 137.392068、JGD2011）を加工して作成",
BS-kP11-22-23-bs739,bus_stop,細野,35.2943468,137.0617071,WGS84,510 511 512,弥勒山、大谷山、道樹山,東海の百山,,,,TH-kP11-22-23-bs628(906m),operator=名鉄バス（株）; busType=民間路線バス; busRoutes=80石尾台北発　高蔵寺駅北口（中央台経由）,adopted,10,運行状況（季節運行・休止・予約制）を要確認、登山口から離れている（徒歩アプローチを要確認）,"国土数値情報（バス停留所データ）令和4年度（国土交通省）P11-22-23-bs739（35.294347, 137.061707、JGD2011）を加工して作成 ｜ OpenStreetMap（© OpenStreetMap contributors, ODbL 1.0）Geofabrik japan-latest.osm.pbf 2026-09-23T20:22:04Z node/1422784142",
BS-kP11-22-23-bs7922,bus_stop,よらまい館,34.8568401,137.3069627,WGS84,621,宮路山,東海の百山,,,,TH-n1687338004(594m) TH-n1687338004(594m),operator=豊川市; busType=コミュニティバス; busRoutes=音羽線,adopted,10,運行状況（季節運行・休止・予約制）を要確認,"国土数値情報（バス停留所データ）令和4年度（国土交通省）P11-22-23-bs7922（34.856840, 137.306963、JGD2011）を加工して作成 ｜ OpenStreetMap（© OpenStreetMap contributors, ODbL 1.0）Geofabrik japan-latest.osm.pbf 2026-09-23T20:22:04Z node/3877623930",
BS-kP11-22-23-bs7941,bus_stop,音羽郵便局,34.8550265,137.3091236,WGS84,621,宮路山,東海の百山,,,,TH-n1687338004(681m),operator=豊川市; busType=コミュニティバス; busRoutes=音羽線,adopted,10,運行状況（季節運行・休止・予約制）を要確認、登山口から離れている（徒歩アプローチを要確認）,"国土数値情報（バス停留所データ）令和4年度（国土交通省）P11-22-23-bs7941（34.855027, 137.309124、JGD2011）を加工して作成",
BS-kP11-22-23-bs8,bus_stop,ひだまり公園,35.3947126,136.9888367,WGS84,482,継鹿尾山,東海の百山,,,,TH-kP11-22-23-bs8(0m) TH-n1362883805(537m) TH-n1362883077(847m),operator=犬山市; busType=コミュニティバス; busRoutes=善師野・塔野地線,adopted,10,運行状況（季節運行・休止・予約制）を要確認、登山口から離れている（徒歩アプローチを要確認）,"国土数値情報（バス停留所データ）令和4年度（国土交通省）P11-22-23-bs8（35.394713, 136.988837、JGD2011）を加工して作成",
BS-kP11-22-23-bs8639,bus_stop,野中,34.7623645,137.4391457,WGS84,631 632,神石山、座談山,東海の百山,,,,TH-n2000118610(513m) TH-n2000118610(513m),operator=豊鉄バス（株）; busType=民間路線バス; busRoutes=【飯村岩崎線】豊橋駅前3～台町～殿田橋～豊橋医療センター～柳原団地～赤岩口 / 【飯村岩崎線】豊橋駅前3～台町～殿田橋～豊橋医療センター～多米東町一丁目南～赤岩口; network=豊鉄バス,adopted,10,運行状況（季節運行・休止・予約制）を要確認,"国土数値情報（バス停留所データ）令和4年度（国土交通省）P11-22-23-bs8639（34.762365, 137.439146、JGD2011）を加工して作成 ｜ OpenStreetMap（© OpenStreetMap contributors, ODbL 1.0）Geofabrik japan-latest.osm.pbf 2026-09-23T20:22:04Z node/13624288339",
BS-kP11-22-23-bs8642,bus_stop,多米東町二丁目,34.7621198,137.4562694,WGS84,631 632,神石山、座談山,東海の百山,,,,TH-n13624288330(22m) TH-n13624288330(22m),operator=豊鉄バス（株）; busType=民間路線バス; busRoutes=【飯村岩崎線】豊橋駅前3～台町～殿田橋～豊橋医療センター～多米東町一丁目南～赤岩口; network=豊鉄バス,adopted,10,運行状況（季節運行・休止・予約制）を要確認,"国土数値情報（バス停留所データ）令和4年度（国土交通省）P11-22-23-bs8642（34.762120, 137.456269、JGD2011）を加工して作成 ｜ OpenStreetMap（© OpenStreetMap contributors, ODbL 1.0）Geofabrik japan-latest.osm.pbf 2026-09-23T20:22:04Z node/13624288330",
BS-kP11-22-23-bs8644,bus_stop,多米中町二丁目,34.762009,137.4475989,WGS84,631 632,神石山、座談山,東海の百山,,,,TH-n1998721180(373m),operator=豊鉄バス（株）; busType=民間路線バス; busRoutes=【飯村岩崎線】豊橋駅前3～台町～殿田橋～豊橋医療センター～柳原団地～赤岩口 / 【飯村岩崎線】豊橋駅前3～台町～殿田橋～豊橋医療センター～多米東町一丁目南～赤岩口; network=豊鉄バス,adopted,10,運行状況（季節運行・休止・予約制）を要確認,"国土数値情報（バス停留所データ）令和4年度（国土交通省）P11-22-23-bs8644（34.762009, 137.447599、JGD2011）を加工して作成 ｜ OpenStreetMap（© OpenStreetMap contributors, ODbL 1.0）Geofabrik japan-latest.osm.pbf 2026-09-23T20:22:04Z node/13624288334",
BS-kP11-22-23-bs8646,bus_stop,民俗資料収蔵室前,34.761851,137.4521971,WGS84,631 632,神石山、座談山,東海の百山,,,,TH-n1998721180(192m) TH-n1998721180(192m),operator=豊鉄バス（株）; busType=民間路線バス; busRoutes=【飯村岩崎線】豊橋駅前3～台町～殿田橋～豊橋医療センター～多米東町一丁目南～赤岩口; network=豊鉄バス,adopted,10,運行状況（季節運行・休止・予約制）を要確認,"国土数値情報（バス停留所データ）令和4年度（国土交通省）P11-22-23-bs8646（34.761851, 137.452197、JGD2011）を加工して作成 ｜ OpenStreetMap（© OpenStreetMap contributors, ODbL 1.0）Geofabrik japan-latest.osm.pbf 2026-09-23T20:22:04Z node/13624288333",
BS-kP11-22-23-bs8657,bus_stop,春日神社,34.7605372,137.4564144,WGS84,631 632,神石山、座談山,東海の百山,,,,TH-n13624288330(182m),operator=豊鉄バス（株）; busType=民間路線バス; busRoutes=【飯村岩崎線】豊橋駅前3～台町～殿田橋～豊橋医療センター～多米東町一丁目南～赤岩口; network=豊鉄バス,adopted,10,運行状況（季節運行・休止・予約制）を要確認,"国土数値情報（バス停留所データ）令和4年度（国土交通省）P11-22-23-bs8657（34.760537, 137.456414、JGD2011）を加工して作成 ｜ OpenStreetMap（© OpenStreetMap contributors, ODbL 1.0）Geofabrik japan-latest.osm.pbf 2026-09-23T20:22:04Z node/13624288329",
BS-kP11-22-23-bs8708,bus_stop,岩崎・葦毛湿原,34.7511769,137.446621,WGS84,631 632,神石山、座談山,東海の百山,,,,TH-n2013207104(270m) TH-n2013207104(270m) TH-n2013207021(625m),operator=豊鉄バス（株）; busType=民間路線バス; busRoutes=【飯村岩崎線】豊橋駅前3～台町～殿田橋～豊橋医療センター～柳原団地～赤岩口 / 【飯村岩崎線】豊橋駅前3～台町～殿田橋～豊橋医療センター～多米東町一丁目南～赤岩口; network=豊鉄バス,adopted,10,運行状況（季節運行・休止・予約制）を要確認、登山口から離れている（徒歩アプローチを要確認）,"国土数値情報（バス停留所データ）令和4年度（国土交通省）P11-22-23-bs8708（34.751177, 137.446621、JGD2011）を加工して作成 ｜ OpenStreetMap（© OpenStreetMap contributors, ODbL 1.0）Geofabrik japan-latest.osm.pbf 2026-09-23T20:22:04Z node/13623554204",
BS-kP11-22-23-bs8723,bus_stop,影岩,34.7479888,137.4444458,WGS84,631 632,神石山、座談山,東海の百山,,,,TH-n2013207104(459m) TH-n2013207021(538m) TH-n2013207021(538m),operator=豊鉄バス（株）; busType=民間路線バス; busRoutes=【飯村岩崎線】豊橋駅前3～台町～殿田橋～豊橋医療センター～柳原団地～赤岩口 / 【飯村岩崎線】豊橋駅前3～台町～殿田橋～豊橋医療センター～多米東町一丁目南～赤岩口; network=豊鉄バス,adopted,10,運行状況（季節運行・休止・予約制）を要確認,"国土数値情報（バス停留所データ）令和4年度（国土交通省）P11-22-23-bs8723（34.747989, 137.444446、JGD2011）を加工して作成 ｜ OpenStreetMap（© OpenStreetMap contributors, ODbL 1.0）Geofabrik japan-latest.osm.pbf 2026-09-23T20:22:04Z node/13623554202",
BS-kP11-22-23-bs8788,bus_stop,市営東山住宅西,34.7343451,137.4338323,WGS84,631 632,神石山、座談山,東海の百山,,,,TH-n2013206402(452m),operator=豊橋市; busType=コミュニティバス; busRoutes=「やまびこ号」東部東山線,adopted,10,運行状況（季節運行・休止・予約制）を要確認,"国土数値情報（バス停留所データ）令和4年度（国土交通省）P11-22-23-bs8788（34.734345, 137.433832、JGD2011）を加工して作成",
BS-kP11-22-23-bs8805,bus_stop,視聴覚教育センター,34.7304098,137.4337921,WGS84,631 632,神石山、座談山,東海の百山,,,,TH-n2013206402(119m),operator=豊橋市; busType=コミュニティバス; busRoutes=「やまびこ号」東部東山線,adopted,10,運行状況（季節運行・休止・予約制）を要確認,"国土数値情報（バス停留所データ）令和4年度（国土交通省）P11-22-23-bs8805（34.730410, 137.433792、JGD2011）を加工して作成",
BS-kP11-22-23-bs8811,bus_stop,ヤマナカ二川店,34.7287933,137.4314729,WGS84,631 632,神石山、座談山,東海の百山,,,,TH-n2013206402(376m),operator=豊橋市; busType=コミュニティバス; busRoutes=「やまびこ号」東部東山線,adopted,10,運行状況（季節運行・休止・予約制）を要確認,"国土数値情報（バス停留所データ）令和4年度（国土交通省）P11-22-23-bs8811（34.728793, 137.431473、JGD2011）を加工して作成",
BS-kP11-22-23-bs8818,bus_stop,二川伏見いなり,34.7269294,137.4437979,WGS84,631 632,神石山、座談山,東海の百山,,,,TH-n5423920715(312m) TH-n5423920715(312m),operator=豊鉄バス（株）; busType=民間路線バス; busRoutes=【二川線】豊橋駅前5～瓦町（1号線）～殿田橋（1号線）～二川駅～シンフォニアテクノロジー / 【二川線】豊橋駅前5～瓦町（1号線）～殿田橋（1号線）～二川駅～シンフォニアテクノロジー～一里山; network=豊鉄バス,adopted,10,運行状況（季節運行・休止・予約制）を要確認,"国土数値情報（バス停留所データ）令和4年度（国土交通省）P11-22-23-bs8818（34.726929, 137.443798、JGD2011）を加工して作成 ｜ OpenStreetMap（© OpenStreetMap contributors, ODbL 1.0）Geofabrik japan-latest.osm.pbf 2026-09-23T20:22:04Z node/13713993612",
BS-kP11-22-23-bs8819,bus_stop,大脇,34.7268562,137.456393,WGS84,631 632,神石山、座談山,東海の百山,,,,TH-n2013206446(987m) TH-n2013206446(987m),operator=豊鉄バス（株）; busType=民間路線バス; busRoutes=【二川線】豊橋駅前5～瓦町（1号線）～殿田橋（1号線）～二川駅～シンフォニアテクノロジー / 【二川線】豊橋駅前5～瓦町（1号線）～殿田橋（1号線）～二川駅～シンフォニアテクノロジー～一里山; network=豊鉄バス,adopted,10,運行状況（季節運行・休止・予約制）を要確認、登山口から離れている（徒歩アプローチを要確認）,"国土数値情報（バス停留所データ）令和4年度（国土交通省）P11-22-23-bs8819（34.726856, 137.456393、JGD2011）を加工して作成 ｜ OpenStreetMap（© OpenStreetMap contributors, ODbL 1.0）Geofabrik japan-latest.osm.pbf 2026-09-23T20:22:04Z node/13953290242",
BS-kP11-22-23-bs8822,bus_stop,二川駅,34.7261861,137.4392111,WGS84,631 632,神石山、座談山,東海の百山,,,,TH-n5423920715(562m),operator=豊鉄バス（株）; busType=民間路線バス; busRoutes=【二川線】豊橋駅前5～瓦町（1号線）～殿田橋（1号線）～二川駅～シンフォニアテクノロジー / 【二川線】豊橋駅前5～瓦町（1号線）～殿田橋（1号線）～二川駅～シンフォニアテクノロジー～一里山; network=豊鉄バス,adopted,10,運行状況（季節運行・休止・予約制）を要確認,"国土数値情報（バス停留所データ）令和4年度（国土交通省）P11-22-23-bs8822（34.726186, 137.439211、JGD2011）を加工して作成 ｜ OpenStreetMap（© OpenStreetMap contributors, ODbL 1.0）Geofabrik japan-latest.osm.pbf 2026-09-23T20:22:04Z node/13951701499",
BS-kP11-22-23-bs9,bus_stop,きらめき公園,35.3938279,136.9920943,WGS84,482,継鹿尾山,東海の百山,,,,TH-kP11-22-23-bs8(311m) TH-n1362883805(848m),operator=犬山市; busType=コミュニティバス; busRoutes=善師野・塔野地線,adopted,10,運行状況（季節運行・休止・予約制）を要確認、登山口から離れている（徒歩アプローチを要確認）,"国土数値情報（バス停留所データ）令和4年度（国土交通省）P11-22-23-bs9（35.393828, 136.992094、JGD2011）を加工して作成",
BS-kP11-22-24-bs1118,bus_stop,石水渓,34.9199603,136.4005887,WGS84,612,仙ヶ岳,東海の百山,,,,TH-n2112184968(772m),operator=亀山市; busType=コミュニティバス; busRoutes=野登ルート,adopted,10,運行状況（季節運行・休止・予約制）を要確認、登山口から離れている（徒歩アプローチを要確認）,"国土数値情報（バス停留所データ）令和4年度（国土交通省）P11-22-24-bs1118（34.919960, 136.400589、JGD2011）を加工して作成",
BS-kP11-22-24-bs1520,bus_stop,久我,34.8407905,136.3712989,WGS84,623,錫杖ヶ岳,東海の百山,,,,TH-kP11-22-24-bs1557(947m) TH-n2112110339(953m),operator=亀山市; busType=公営路線バス; busRoutes=関南部スクール活用バス,adopted,10,運行状況（季節運行・休止・予約制）を要確認、登山口から離れている（徒歩アプローチを要確認）,"国土数値情報（バス停留所データ）令和4年度（国土交通省）P11-22-24-bs1520（34.840791, 136.371299、JGD2011）を加工して作成",
BS-kP11-22-24-bs1556,bus_stop,福徳（中）,34.8361978,136.3811306,WGS84,623,錫杖ヶ岳,東海の百山,,,,TH-kP11-22-24-bs1557(248m) TH-n2112110339(602m),operator=亀山市; busType=公営路線バス; busRoutes=関南部スクール活用バス,adopted,10,運行状況（季節運行・休止・予約制）を要確認、登山口から離れている（徒歩アプローチを要確認）,"国土数値情報（バス停留所データ）令和4年度（国土交通省）P11-22-24-bs1556（34.836198, 136.381131、JGD2011）を加工して作成",
BS-kP11-22-24-bs1557,bus_stop,福徳（上）,34.8349484,136.3788758,WGS84,623,錫杖ヶ岳,東海の百山,,,,TH-kP11-22-24-bs1557(0m) TH-n2112110339(354m),operator=亀山市; busType=公営路線バス; busRoutes=関南部スクール活用バス,adopted,10,運行状況（季節運行・休止・予約制）を要確認,"国土数値情報（バス停留所データ）令和4年度（国土交通省）P11-22-24-bs1557（34.834948, 136.378876、JGD2011）を加工して作成",
BS-kP11-22-24-bs1673,bus_stop,下ノ垣内,34.8109879,136.3620278,WGS84,623,錫杖ヶ岳,東海の百山,,,,TH-kP11-22-24-bs1673(0m) TH-n1580610122(865m),operator=津市; busType=コミュニティバス; busRoutes=芸濃南ルート,adopted,10,運行状況（季節運行・休止・予約制）を要確認、登山口から離れている（徒歩アプローチを要確認）,"国土数値情報（バス停留所データ）令和4年度（国土交通省）P11-22-24-bs1673（34.810988, 136.362028、JGD2011）を加工して作成",
BS-kP11-22-24-bs1684,bus_stop,錫杖湖水荘,34.8097494,136.3680559,WGS84,623,錫杖ヶ岳,東海の百山,,,,TH-kP11-22-24-bs1673(568m),operator=津市; busType=コミュニティバス; busRoutes=芸濃南ルート,adopted,10,運行状況（季節運行・休止・予約制）を要確認,"国土数値情報（バス停留所データ）令和4年度（国土交通省）P11-22-24-bs1684（34.809749, 136.368056、JGD2011）を加工して作成",
BS-kP11-22-24-bs1693,bus_stop,北畑,34.8090288,136.3544537,WGS84,623,錫杖ヶ岳,東海の百山,,,,TH-n1580610122(206m),operator=津市; busType=コミュニティバス; busRoutes=芸濃南ルート,adopted,10,運行状況（季節運行・休止・予約制）を要確認,"国土数値情報（バス停留所データ）令和4年度（国土交通省）P11-22-24-bs1693（34.809029, 136.354454、JGD2011）を加工して作成",
BS-kP11-22-24-bs1699,bus_stop,落合の郷,34.80847,136.3587433,WGS84,623,錫杖ヶ岳,東海の百山,,,,TH-kP11-22-24-bs1673(409m) TH-n1580610122(588m),operator=津市; busType=コミュニティバス; busRoutes=芸濃南ルート,adopted,10,運行状況（季節運行・休止・予約制）を要確認,"国土数値情報（バス停留所データ）令和4年度（国土交通省）P11-22-24-bs1699（34.808470, 136.358743、JGD2011）を加工して作成",
BS-kP11-22-24-bs1973,bus_stop,高野出,34.7680022,136.4183765,WGS84,629,経ヶ峰,東海の百山,,,,TH-kP11-22-24-bs2059(861m),operator=津市; busType=コミュニティバス; busRoutes=妙法寺・野口・椋本ルート,adopted,10,運行状況（季節運行・休止・予約制）を要確認、登山口から離れている（徒歩アプローチを要確認）,"国土数値情報（バス停留所データ）令和4年度（国土交通省）P11-22-24-bs1973（34.768002, 136.418376、JGD2011）を加工して作成",
BS-kP11-22-24-bs2027,bus_stop,仲之郷西蓮寺前,34.7635314,136.420194,WGS84,629,経ヶ峰,東海の百山,,,,TH-kP11-22-24-bs2059(688m),operator=津市; busType=コミュニティバス; busRoutes=妙法寺・野口・椋本ルート,adopted,10,運行状況（季節運行・休止・予約制）を要確認、登山口から離れている（徒歩アプローチを要確認）,"国土数値情報（バス停留所データ）令和4年度（国土交通省）P11-22-24-bs2027（34.763531, 136.420194、JGD2011）を加工して作成",
BS-kP11-22-24-bs2059,bus_stop,平尾休養施設前,34.7615862,136.4130469,WGS84,629,経ヶ峰,東海の百山,,,,TH-kP11-22-24-bs2059(0m),operator=津市; busType=コミュニティバス; busRoutes=妙法寺・野口・椋本ルート,adopted,10,運行状況（季節運行・休止・予約制）を要確認,"国土数値情報（バス停留所データ）令和4年度（国土交通省）P11-22-24-bs2059（34.761586, 136.413047、JGD2011）を加工して作成",
BS-kP11-22-24-bs2123,bus_stop,船山,34.7568457,136.4000374,WGS84,629,経ヶ峰,東海の百山,,,,TH-kP11-22-24-bs2150(430m) TH-kP11-22-24-bs2123(0m),operator=津市; busType=コミュニティバス; busRoutes=穴倉・辰水・忠盛塚ルート,adopted,10,運行状況（季節運行・休止・予約制）を要確認,"国土数値情報（バス停留所データ）令和4年度（国土交通省）P11-22-24-bs2123（34.756846, 136.400037、JGD2011）を加工して作成",
BS-kP11-22-24-bs2147,bus_stop,平木,34.7538991,136.3544105,WGS84,629,経ヶ峰,東海の百山,,,,TH-n1580568856(296m) TH-n1580570928(246m) TH-n1580570954(505m) TH-n1580573231(924m),operator=津市; busType=コミュニティバス; busRoutes=長野・榊原ルート,adopted,10,運行状況（季節運行・休止・予約制）を要確認、登山口から離れている（徒歩アプローチを要確認）,"国土数値情報（バス停留所データ）令和4年度（国土交通省）P11-22-24-bs2147（34.753899, 136.354410、JGD2011）を加工して作成",
BS-kP11-22-24-bs2150,bus_stop,高座原,34.7535502,136.3975488,WGS84,629,経ヶ峰,東海の百山,,,,TH-kP11-22-24-bs2150(0m) TH-kP11-22-24-bs2123(430m),operator=津市; busType=コミュニティバス; busRoutes=穴倉・辰水・忠盛塚ルート,adopted,10,運行状況（季節運行・休止・予約制）を要確認,"国土数値情報（バス停留所データ）令和4年度（国土交通省）P11-22-24-bs2150（34.753550, 136.397549、JGD2011）を加工して作成",
BS-kP11-22-24-bs2158,bus_stop,平木,34.752309,136.3506436,WGS84,629,経ヶ峰,東海の百山,,,,TH-n1580570928(465m),operator=三重交通（株）; busType=民間路線バス; busRoutes=91長野線,adopted,10,運行状況（季節運行・休止・予約制）を要確認,"国土数値情報（バス停留所データ）令和4年度（国土交通省）P11-22-24-bs2158（34.752309, 136.350644、JGD2011）を加工して作成",
BS-kP11-22-24-bs2171,bus_stop,平木口,34.7511151,136.3530073,WGS84,629,経ヶ峰,東海の百山,,,,TH-n1580568856(421m) TH-n1580570928(531m) TH-n1580570954(788m),operator=津市; busType=コミュニティバス; busRoutes=長野・榊原ルート,adopted,10,運行状況（季節運行・休止・予約制）を要確認、登山口から離れている（徒歩アプローチを要確認）,"国土数値情報（バス停留所データ）令和4年度（国土交通省）P11-22-24-bs2171（34.751115, 136.353007、JGD2011）を加工して作成",
BS-kP11-22-24-bs2172,bus_stop,平木口,34.7511151,136.3530073,WGS84,629,経ヶ峰,東海の百山,,,,TH-n1580568856(421m) TH-n1580570954(788m),operator=三重交通（株）; busType=民間路線バス; busRoutes=91長野線,adopted,10,運行状況（季節運行・休止・予約制）を要確認、登山口から離れている（徒歩アプローチを要確認）,"国土数値情報（バス停留所データ）令和4年度（国土交通省）P11-22-24-bs2172（34.751115, 136.353007、JGD2011）を加工して作成",
BS-kP11-22-24-bs2218,bus_stop,北長野,34.7448745,136.3607792,WGS84,629,経ヶ峰,東海の百山,,,,TH-n9438619411(323m),operator=津市; busType=コミュニティバス; busRoutes=長野・榊原ルート,adopted,10,運行状況（季節運行・休止・予約制）を要確認,"国土数値情報（バス停留所データ）令和4年度（国土交通省）P11-22-24-bs2218（34.744874, 136.360779、JGD2011）を加工して作成",
BS-kP11-22-24-bs2219,bus_stop,北長野,34.7448745,136.3607792,WGS84,629,経ヶ峰,東海の百山,,,,TH-n9438619411(323m),operator=三重交通（株）; busType=民間路線バス; busRoutes=91長野線,adopted,10,運行状況（季節運行・休止・予約制）を要確認,"国土数値情報（バス停留所データ）令和4年度（国土交通省）P11-22-24-bs2219（34.744874, 136.360779、JGD2011）を加工して作成",
BS-kP11-22-24-bs2230,bus_stop,長野小学校前,34.743319,136.363494,WGS84,629,経ヶ峰,東海の百山,,,,TH-n9438619411(609m),operator=津市; busType=コミュニティバス; busRoutes=長野・榊原ルート,adopted,10,運行状況（季節運行・休止・予約制）を要確認、登山口から離れている（徒歩アプローチを要確認）,"国土数値情報（バス停留所データ）令和4年度（国土交通省）P11-22-24-bs2230（34.743319, 136.363494、JGD2011）を加工して作成",
BS-kP11-22-24-bs3394,bus_stop,谷,34.5825983,136.3959281,WGS84,642,矢頭山,東海の百山,,,,TH-n14053146008(631m),operator=松阪市; busType=コミュニティバス; busRoutes=N1嬉野おおきんバス,adopted,10,運行状況（季節運行・休止・予約制）を要確認、登山口から離れている（徒歩アプローチを要確認）,"国土数値情報（バス停留所データ）令和4年度（国土交通省）P11-22-24-bs3394（34.582598, 136.395928、JGD2011）を加工して作成",
BS-kP11-22-24-bs3432,bus_stop,合ケ野,34.5780612,136.3903841,WGS84,642,矢頭山,東海の百山,,,,TH-n14053146008(159m),operator=松阪市; busType=コミュニティバス; busRoutes=N1嬉野おおきんバス,adopted,10,運行状況（季節運行・休止・予約制）を要確認,"国土数値情報（バス停留所データ）令和4年度（国土交通省）P11-22-24-bs3432（34.578061, 136.390384、JGD2011）を加工して作成",
BS-kP11-22-24-bs3630,bus_stop,与原公民館,34.555297,136.4171746,WGS84,648,堀坂山,東海の百山,,,,TH-n1773743577(358m),operator=松阪市; busType=コミュニティバス; busRoutes=宇気郷地区コミュニティバス　与原・深長線,adopted,10,運行状況（季節運行・休止・予約制）を要確認,"国土数値情報（バス停留所データ）令和4年度（国土交通省）P11-22-24-bs3630（34.555297, 136.417175、JGD2011）を加工して作成",
BS-kP11-22-24-bs3641,bus_stop,与原神社前,34.5541663,136.4173472,WGS84,648,堀坂山,東海の百山,,,,TH-kP11-22-24-bs3666(551m) TH-n1773743577(287m),operator=松阪市; busType=コミュニティバス; busRoutes=宇気郷地区コミュニティバス　与原・深長線,adopted,10,運行状況（季節運行・休止・予約制）を要確認,"国土数値情報（バス停留所データ）令和4年度（国土交通省）P11-22-24-bs3641（34.554166, 136.417347、JGD2011）を加工して作成",
BS-kP11-22-24-bs3656,bus_stop,竹の鼻,34.5519188,136.4177469,WGS84,648,堀坂山,東海の百山,,,,TH-kP11-22-24-bs3666(307m) TH-n1773743577(289m) TH-n1773742653(935m),operator=松阪市; busType=コミュニティバス; busRoutes=宇気郷地区コミュニティバス　与原・深長線,adopted,10,運行状況（季節運行・休止・予約制）を要確認、登山口から離れている（徒歩アプローチを要確認）,"国土数値情報（バス停留所データ）令和4年度（国土交通省）P11-22-24-bs3656（34.551919, 136.417747、JGD2011）を加工して作成",
BS-kP11-22-24-bs3666,bus_stop,上出,34.5494341,136.4192493,WGS84,648,堀坂山,東海の百山,,,,TH-kP11-22-24-bs3666(0m) TH-n1773742653(837m),operator=松阪市; busType=コミュニティバス; busRoutes=N1嬉野おおきんバス / 宇気郷地区コミュニティバス　与原・深長線,adopted,10,運行状況（季節運行・休止・予約制）を要確認、登山口から離れている（徒歩アプローチを要確認）,"国土数値情報（バス停留所データ）令和4年度（国土交通省）P11-22-24-bs3666（34.549434, 136.419249、JGD2011）を加工して作成",
BS-kP11-22-24-bs3847,bus_stop,三多気集会所前,34.5191704,136.2217271,WGS84,659,学能堂山,関西百名山,,,,TH-kP11-22-24-bs3887(760m),operator=津市; busType=コミュニティバス; busRoutes=美杉南ルート,adopted,10,運行状況（季節運行・休止・予約制）を要確認、登山口から離れている（徒歩アプローチを要確認）,"国土数値情報（バス停留所データ）令和4年度（国土交通省）P11-22-24-bs3847（34.519170, 136.221727、JGD2011）を加工して作成",
BS-kP11-22-24-bs3864,bus_stop,三多気,34.5168044,136.2223456,WGS84,659,学能堂山,関西百名山,,,,TH-kP11-22-24-bs3887(492m),operator=津市; busType=コミュニティバス; busRoutes=美杉南ルート,adopted,10,運行状況（季節運行・休止・予約制）を要確認,"国土数値情報（バス停留所データ）令和4年度（国土交通省）P11-22-24-bs3864（34.516804, 136.222346、JGD2011）を加工して作成",
BS-kP11-22-24-bs3883,bus_stop,払戸,34.5135746,136.2327428,WGS84,659,学能堂山,関西百名山,,,,TH-kP11-22-24-bs3883(0m),operator=津市; busType=コミュニティバス; busRoutes=美杉西ルート / 美杉南ルート / 美杉循環ルート,adopted,10,運行状況（季節運行・休止・予約制）を要確認,"国土数値情報（バス停留所データ）令和4年度（国土交通省）P11-22-24-bs3883（34.513575, 136.232743、JGD2011）を加工して作成",
BS-kP11-22-24-bs3886,bus_stop,伊勢地出張所前,34.513167,136.2394583,WGS84,659,学能堂山,関西百名山,,,,TH-kP11-22-24-bs3883(618m),operator=津市; busType=コミュニティバス; busRoutes=美杉西ルート / 美杉南ルート / 美杉循環ルート,adopted,10,運行状況（季節運行・休止・予約制）を要確認、登山口から離れている（徒歩アプローチを要確認）,"国土数値情報（バス停留所データ）令和4年度（国土交通省）P11-22-24-bs3886（34.513167, 136.239458、JGD2011）を加工して作成",
BS-kP11-22-24-bs3887,bus_stop,杉平,34.5125381,136.223891,WGS84,659,学能堂山,関西百名山,,,,TH-kP11-22-24-bs3883(820m) TH-kP11-22-24-bs3887(0m) TH-n1582191547(766m),operator=津市; busType=コミュニティバス; busRoutes=美杉西ルート / 美杉南ルート / 美杉循環ルート,adopted,10,運行状況（季節運行・休止・予約制）を要確認、登山口から離れている（徒歩アプローチを要確認）,"国土数値情報（バス停留所データ）令和4年度（国土交通省）P11-22-24-bs3887（34.512538, 136.223891、JGD2011）を加工して作成",
BS-kP11-22-24-bs428,bus_stop,根の平公会所,35.0600556,136.4834066,WGS84,595,尾高山,東海の百山,,,,TH-n1411260717(859m),operator=菰野町; busType=コミュニティバス; busRoutes=2コース＿千種根の平線（尾高駐車場行き）＿1,adopted,10,運行状況（季節運行・休止・予約制）を要確認、登山口から離れている（徒歩アプローチを要確認）,"国土数値情報（バス停留所データ）令和4年度（国土交通省）P11-22-24-bs428（35.060056, 136.483407、JGD2011）を加工して作成",
BS-kP11-22-24-bs4399,bus_stop,山上広苑,34.459512,136.7907357,WGS84,665,朝熊ヶ岳,東海の百山,,,,TH-n1301957234(464m),operator=三重交通（株）; busType=民間路線バス; busRoutes=参宮バス（スカイラインルート）,adopted,10,運行状況（季節運行・休止・予約制）を要確認,"国土数値情報（バス停留所データ）令和4年度（国土交通省）P11-22-24-bs4399（34.459512, 136.790736、JGD2011）を加工して作成",
BS-kP11-22-24-bs4403,bus_stop,金剛證寺,34.4571428,136.7872813,WGS84,665,朝熊ヶ岳,東海の百山,,,,TH-n1301957234(173m) TH-n1301974213(930m),operator=三重交通（株）; busType=民間路線バス; busRoutes=参宮バス（スカイラインルート）,adopted,10,運行状況（季節運行・休止・予約制）を要確認、登山口から離れている（徒歩アプローチを要確認）,"国土数値情報（バス停留所データ）令和4年度（国土交通省）P11-22-24-bs4403（34.457143, 136.787281、JGD2011）を加工して作成",
BS-kP11-22-24-bs4672,bus_stop,切原（回転場）,34.3652426,136.7135414,WGS84,685,馬山,東海の百山,,,,TH-kP11-22-24-bs4690(646m) TH-n1304299537(256m) TH-n1304322644(360m) TH-n5582005181(372m) TH-n6259979148(898m),operator=南伊勢町; busType=コミュニティバス; busRoutes=切原線,adopted,10,運行状況（季節運行・休止・予約制）を要確認、登山口から離れている（徒歩アプローチを要確認）,"国土数値情報（バス停留所データ）令和4年度（国土交通省）P11-22-24-bs4672（34.365243, 136.713541、JGD2011）を加工して作成",
BS-kP11-22-24-bs4686,bus_stop,切原,34.3621963,136.7106091,WGS84,685,馬山,東海の百山,,,,TH-kP11-22-24-bs4690(242m) TH-n1304299537(203m) TH-n1304322644(365m) TH-n5582005181(632m) TH-n6259979148(814m),operator=南伊勢町; busType=コミュニティバス; busRoutes=切原線,adopted,10,運行状況（季節運行・休止・予約制）を要確認、登山口から離れている（徒歩アプローチを要確認）,"国土数値情報（バス停留所データ）令和4年度（国土交通省）P11-22-24-bs4686（34.362196, 136.710609、JGD2011）を加工して作成",
BS-kP11-22-24-bs4690,bus_stop,切原口,34.3615571,136.7080868,WGS84,685,馬山,東海の百山,,,,TH-kP11-22-24-bs4690(0m) TH-n1304299537(392m) TH-n1304322644(600m) TH-n5582005181(753m) TH-n6259979148(720m),operator=南伊勢町; busType=コミュニティバス; busRoutes=切原線,adopted,10,運行状況（季節運行・休止・予約制）を要確認、登山口から離れている（徒歩アプローチを要確認）,"国土数値情報（バス停留所データ）令和4年度（国土交通省）P11-22-24-bs4690（34.361557, 136.708087、JGD2011）を加工して作成",
BS-kP11-22-24-bs4725,bus_stop,神津佐神社前,34.3505877,136.7340856,WGS84,685,馬山,東海の百山,,,,TH-n1304305011(65m),operator=三重交通（株）; busType=民間路線バス; busRoutes=80伊勢五ケ所線磯部宇治 / 80伊勢五ケ所線磯部BC,adopted,10,運行状況（季節運行・休止・予約制）を要確認,"国土数値情報（バス停留所データ）令和4年度（国土交通省）P11-22-24-bs4725（34.350588, 136.734086、JGD2011）を加工して作成",
BS-kP11-22-24-bs4728,bus_stop,五ヶ所,34.3496518,136.6986113,WGS84,685,馬山,東海の百山,,,,TH-n5581900602(203m),operator=南伊勢町; busType=コミュニティバス; busRoutes=宿浦線 / 南海線 / 切原線,adopted,10,運行状況（季節運行・休止・予約制）を要確認,"国土数値情報（バス停留所データ）令和4年度（国土交通省）P11-22-24-bs4728（34.349652, 136.698611、JGD2011）を加工して作成",
BS-kP11-22-24-bs4730,bus_stop,楓江橋,34.3495492,136.7019737,WGS84,685,馬山,東海の百山,,,,TH-n5581900602(107m),operator=南伊勢町; busType=コミュニティバス; busRoutes=宿浦線 / 南海線 / 切原線,adopted,10,運行状況（季節運行・休止・予約制）を要確認,"国土数値情報（バス停留所データ）令和4年度（国土交通省）P11-22-24-bs4730（34.349549, 136.701974、JGD2011）を加工して作成",
BS-kP11-22-24-bs4731,bus_stop,楓江橋,34.3495492,136.7019737,WGS84,685,馬山,東海の百山,,,,TH-n5581900602(107m),operator=三重交通（株）; busType=民間路線バス; busRoutes=80伊勢五ケ所線磯部宇治 / 80伊勢五ケ所線磯部BC,adopted,10,運行状況（季節運行・休止・予約制）を要確認,"国土数値情報（バス停留所データ）令和4年度（国土交通省）P11-22-24-bs4731（34.349549, 136.701974、JGD2011）を加工して作成",
BS-kP11-22-24-bs4735,bus_stop,南勢小学校前,34.3491646,136.7085544,WGS84,685,馬山,東海の百山,,,,TH-n1304296132(531m),operator=南伊勢町; busType=コミュニティバス; busRoutes=宿浦線 / 切原線,adopted,10,運行状況（季節運行・休止・予約制）を要確認,"国土数値情報（バス停留所データ）令和4年度（国土交通省）P11-22-24-bs4735（34.349165, 136.708554、JGD2011）を加工して作成",
BS-kP11-22-24-bs4736,bus_stop,南勢小学校前,34.3491646,136.7085544,WGS84,685,馬山,東海の百山,,,,TH-n1304296132(531m),operator=三重交通（株）; busType=民間路線バス; busRoutes=80伊勢五ケ所線磯部宇治 / 80伊勢五ケ所線磯部BC,adopted,10,運行状況（季節運行・休止・予約制）を要確認,"国土数値情報（バス停留所データ）令和4年度（国土交通省）P11-22-24-bs4736（34.349165, 136.708554、JGD2011）を加工して作成",
BS-kP11-22-24-bs4745,bus_stop,佐田,34.3462442,136.7143715,WGS84,685,馬山,東海の百山,,,,TH-n1304296132(613m),operator=南伊勢町; busType=コミュニティバス; busRoutes=宿浦線,adopted,10,運行状況（季節運行・休止・予約制）を要確認、登山口から離れている（徒歩アプローチを要確認）,"国土数値情報（バス停留所データ）令和4年度（国土交通省）P11-22-24-bs4745（34.346244, 136.714372、JGD2011）を加工して作成",
BS-kP11-22-24-bs4756,bus_stop,神津佐,34.3446158,136.731381,WGS84,685,馬山,東海の百山,,,,TH-n1304305011(654m),operator=南伊勢町; busType=コミュニティバス; busRoutes=宿浦線,adopted,10,運行状況（季節運行・休止・予約制）を要確認、登山口から離れている（徒歩アプローチを要確認）,"国土数値情報（バス停留所データ）令和4年度（国土交通省）P11-22-24-bs4756（34.344616, 136.731381、JGD2011）を加工して作成",
BS-kP11-22-24-bs4757,bus_stop,神津佐,34.3446158,136.731381,WGS84,685,馬山,東海の百山,,,,TH-n1304305011(654m),operator=三重交通（株）; busType=民間路線バス; busRoutes=80伊勢五ケ所線磯部宇治 / 80伊勢五ケ所線磯部BC,adopted,10,運行状況（季節運行・休止・予約制）を要確認、登山口から離れている（徒歩アプローチを要確認）,"国土数値情報（バス停留所データ）令和4年度（国土交通省）P11-22-24-bs4757（34.344616, 136.731381、JGD2011）を加工して作成",
BS-kP11-22-24-bs4758,bus_stop,神津佐大橋,34.3436716,136.7263926,WGS84,685,馬山,東海の百山,,,,TH-kP11-22-24-bs4758(0m),operator=南伊勢町; busType=コミュニティバス; busRoutes=宿浦線,adopted,10,運行状況（季節運行・休止・予約制）を要確認,"国土数値情報（バス停留所データ）令和4年度（国土交通省）P11-22-24-bs4758（34.343672, 136.726393、JGD2011）を加工して作成",
BS-kP11-22-24-bs4761,bus_stop,神津佐農協前,34.3430368,136.7283227,WGS84,685,馬山,東海の百山,,,,TH-kP11-22-24-bs4758(191m),operator=南伊勢町; busType=コミュニティバス; busRoutes=宿浦線,adopted,10,運行状況（季節運行・休止・予約制）を要確認,"国土数値情報（バス停留所データ）令和4年度（国土交通省）P11-22-24-bs4761（34.343037, 136.728323、JGD2011）を加工して作成",
BS-kP11-22-24-bs4762,bus_stop,神津佐農協前,34.3430368,136.7283227,WGS84,685,馬山,東海の百山,,,,TH-kP11-22-24-bs4758(191m),operator=三重交通（株）; busType=民間路線バス; busRoutes=80伊勢五ケ所線磯部宇治 / 80伊勢五ケ所線磯部BC,adopted,10,運行状況（季節運行・休止・予約制）を要確認,"国土数値情報（バス停留所データ）令和4年度（国土交通省）P11-22-24-bs4762（34.343037, 136.728323、JGD2011）を加工して作成",
BS-kP11-22-24-bs487,bus_stop,尾高駐車場,35.0526772,136.479521,WGS84,595,尾高山,東海の百山,,,,TH-n1411260717(620m),operator=菰野町; busType=コミュニティバス; busRoutes=2コース＿千種根の平線（尾高駐車場行き）＿1,adopted,10,運行状況（季節運行・休止・予約制）を要確認、登山口から離れている（徒歩アプローチを要確認）,"国土数値情報（バス停留所データ）令和4年度（国土交通省）P11-22-24-bs487（35.052677, 136.479521、JGD2011）を加工して作成",
BS-kP11-22-24-bs5005,bus_stop,南島棚橋,34.24875,136.4400804,WGS84,708,姫越山,東海の百山,,,,TH-n1304300553(933m),operator=南伊勢町; busType=コミュニティバス; busRoutes=神前柏崎線 / 南島地区線 / 南島南勢連絡線,adopted,10,運行状況（季節運行・休止・予約制）を要確認、登山口から離れている（徒歩アプローチを要確認）,"国土数値情報（バス停留所データ）令和4年度（国土交通省）P11-22-24-bs5005（34.248750, 136.440080、JGD2011）を加工して作成",
BS-kP11-22-24-bs5096,bus_stop,花一葉前,34.1036375,136.2093061,WGS84,724,天狗倉山,東海の百山,,,,TH-kP11-22-24-bs5100(159m),operator=紀北町; busType=コミュニティバス; busRoutes=いこかバス便ノ山線,adopted,10,運行状況（季節運行・休止・予約制）を要確認,"国土数値情報（バス停留所データ）令和4年度（国土交通省）P11-22-24-bs5096（34.103638, 136.209306、JGD2011）を加工して作成",
BS-kP11-22-24-bs5100,bus_stop,鷲毛,34.102457,136.2083291,WGS84,724,天狗倉山,東海の百山,,,,TH-kP11-22-24-bs5100(0m) TH-kP11-22-24-bs5100(0m) TH-n5872954378(908m) TH-n5872954378(908m),operator=三重交通（株）; busType=民間路線バス; busRoutes=51尾鷲長島線 / 54島勝線 / 56松阪熊野線,adopted,10,運行状況（季節運行・休止・予約制）を要確認、登山口から離れている（徒歩アプローチを要確認）,"国土数値情報（バス停留所データ）令和4年度（国土交通省）P11-22-24-bs5100（34.102457, 136.208329、JGD2011）を加工して作成 ｜ OpenStreetMap（© OpenStreetMap contributors, ODbL 1.0）Geofabrik japan-latest.osm.pbf 2026-09-23T20:22:04Z node/2290302073",
BS-kP11-22-24-bs5108,bus_stop,天満築港,34.0775425,136.206009,WGS84,724,天狗倉山,東海の百山,,,,TH-n1352526574(588m),operator=尾鷲市; busType=コミュニティバス; busRoutes=紀伊松本⇔尾鷲駅,adopted,10,運行状況（季節運行・休止・予約制）を要確認,"国土数値情報（バス停留所データ）令和4年度（国土交通省）P11-22-24-bs5108（34.077542, 136.206009、JGD2011）を加工して作成",
BS-kP11-22-24-bs5109,bus_stop,イオン前,34.0771493,136.1894456,WGS84,724,天狗倉山,東海の百山,,,,TH-n11936184397(390m),operator=尾鷲市; busType=コミュニティバス; busRoutes=ハラソ線 / 八鬼山線 / 市街地巡回,adopted,10,運行状況（季節運行・休止・予約制）を要確認,"国土数値情報（バス停留所データ）令和4年度（国土交通省）P11-22-24-bs5109（34.077149, 136.189446、JGD2011）を加工して作成",
BS-kP11-22-24-bs5111,bus_stop,長浜,34.0771216,136.2031146,WGS84,724,天狗倉山,東海の百山,,,,TH-n1352526574(519m),operator=尾鷲市; busType=コミュニティバス; busRoutes=紀伊松本⇔尾鷲駅,adopted,10,運行状況（季節運行・休止・予約制）を要確認,"国土数値情報（バス停留所データ）令和4年度（国土交通省）P11-22-24-bs5111（34.077122, 136.203115、JGD2011）を加工して作成",
BS-kP11-22-24-bs5112,bus_stop,天満堤防,34.0766957,136.2071481,WGS84,724,天狗倉山,東海の百山,,,,TH-n1352526574(727m),operator=尾鷲市; busType=コミュニティバス; busRoutes=紀伊松本⇔尾鷲駅,adopted,10,運行状況（季節運行・休止・予約制）を要確認、登山口から離れている（徒歩アプローチを要確認）,"国土数値情報（バス停留所データ）令和4年度（国土交通省）P11-22-24-bs5112（34.076696, 136.207148、JGD2011）を加工して作成",
BS-kP11-22-24-bs5114,bus_stop,尾鷲駅,34.0748248,136.1906732,WGS84,724,天狗倉山,東海の百山,,,,TH-n11936184397(331m),operator=尾鷲市; busType=コミュニティバス; busRoutes=ハラソ線 / 八鬼山線 / 紀伊松本⇔尾鷲駅,adopted,10,運行状況（季節運行・休止・予約制）を要確認,"国土数値情報（バス停留所データ）令和4年度（国土交通省）P11-22-24-bs5114（34.074825, 136.190673、JGD2011）を加工して作成",
BS-kP11-22-24-bs5115,bus_stop,尾鷲駅,34.0748248,136.1906732,WGS84,724,天狗倉山,東海の百山,,,,TH-n11936184397(331m),operator=三重交通（株）; busType=民間路線バス; busRoutes=51尾鷲長島線 / 54島勝線,adopted,10,運行状況（季節運行・休止・予約制）を要確認,"国土数値情報（バス停留所データ）令和4年度（国土交通省）P11-22-24-bs5115（34.074825, 136.190673、JGD2011）を加工して作成",
BS-kP11-22-24-bs5151,bus_stop,岡崎野田,34.0610583,136.1999451,WGS84,731,八鬼山,東海の百山,,,,TH-n11934169583(719m),operator=尾鷲市; busType=コミュニティバス; busRoutes=紀伊松本⇔尾鷲駅,adopted,10,運行状況（季節運行・休止・予約制）を要確認、登山口から離れている（徒歩アプローチを要確認）,"国土数値情報（バス停留所データ）令和4年度（国土交通省）P11-22-24-bs5151（34.061058, 136.199945、JGD2011）を加工して作成",
BS-kP11-22-24-bs5153,bus_stop,向井西,34.0602525,136.2076481,WGS84,731,八鬼山,東海の百山,,,,TH-n11934169583(497m),operator=尾鷲市; busType=コミュニティバス; busRoutes=紀伊松本⇔尾鷲駅,adopted,10,運行状況（季節運行・休止・予約制）を要確認,"国土数値情報（バス停留所データ）令和4年度（国土交通省）P11-22-24-bs5153（34.060253, 136.207648、JGD2011）を加工して作成",
BS-kP11-22-24-bs5155,bus_stop,二本松,34.0580213,136.2019095,WGS84,731,八鬼山,東海の百山,,,,TH-n11934169583(360m),operator=尾鷲市; busType=コミュニティバス; busRoutes=紀伊松本⇔尾鷲駅,adopted,10,運行状況（季節運行・休止・予約制）を要確認,"国土数値情報（バス停留所データ）令和4年度（国土交通省）P11-22-24-bs5155（34.058021, 136.201909、JGD2011）を加工して作成",
BS-kP11-22-24-bs636,bus_stop,栃谷,35.018255,136.4601827,WGS84,585 589 595 601 602 607 609 611,三池岳、釈迦ヶ岳、尾高山、雨乞岳、御在所岳、鎌ヶ岳、入道ヶ岳、宮指路岳,東海の百山|日本二百名山|日本三百名山|関西百名山,,,,TH-kP11-22-24-bs636(0m),operator=菰野町; busType=コミュニティバス; busRoutes=10コース＿湯の山神明線（湯の山温泉駅行き）＿1,adopted,10,運行状況（季節運行・休止・予約制）を要確認,"国土数値情報（バス停留所データ）令和4年度（国土交通省）P11-22-24-bs636（35.018255, 136.460183、JGD2011）を加工して作成",
BS-kP11-22-24-bs638,bus_stop,三ノ瀬,35.0179491,136.4571603,WGS84,585 589 595 601 602 607 609 611 612,三池岳、釈迦ヶ岳、尾高山、雨乞岳、御在所岳、鎌ヶ岳、入道ヶ岳、宮指路岳、仙ヶ岳,東海の百山|日本二百名山|日本三百名山|関西百名山,,,,TH-n1742841008(1000m) TH-kP11-22-24-bs636(278m),operator=菰野町; busType=コミュニティバス; busRoutes=10コース＿湯の山神明線（湯の山温泉駅行き）＿1,adopted,10,運行状況（季節運行・休止・予約制）を要確認、登山口から離れている（徒歩アプローチを要確認）,"国土数値情報（バス停留所データ）令和4年度（国土交通省）P11-22-24-bs638（35.017949, 136.457160、JGD2011）を加工して作成",
BS-kP11-22-24-bs643,bus_stop,湯の山温泉・御在所ロープウエイ前,35.0166989,136.4472981,WGS84,585 589 595 601 602 607 609 611 612,三池岳、釈迦ヶ岳、尾高山、雨乞岳、御在所岳、鎌ヶ岳、入道ヶ岳、宮指路岳、仙ヶ岳,東海の百山|日本二百名山|日本三百名山|関西百名山,,,,TH-n1742841008(94m) TH-n4213643454(493m),operator=三重交通（株）; busType=民間路線バス; busRoutes=76湯の山線,adopted,10,運行状況（季節運行・休止・予約制）を要確認,"国土数値情報（バス停留所データ）令和4年度（国土交通省）P11-22-24-bs643（35.016699, 136.447298、JGD2011）を加工して作成",
BS-kP11-22-24-bs645,bus_stop,清気橋,35.0162303,136.4644761,WGS84,585 589 595 601 602 607 609 611,三池岳、釈迦ヶ岳、尾高山、雨乞岳、御在所岳、鎌ヶ岳、入道ヶ岳、宮指路岳,東海の百山|日本二百名山|日本三百名山|関西百名山,,,,TH-kP11-22-24-bs636(451m),operator=三重交通（株）; busType=民間路線バス; busRoutes=76湯の山線,adopted,10,運行状況（季節運行・休止・予約制）を要確認,"国土数値情報（バス停留所データ）令和4年度（国土交通省）P11-22-24-bs645（35.016230, 136.464476、JGD2011）を加工して作成",
BS-kP11-22-24-bs649,bus_stop,湯の山郵便局,35.0149583,136.4480017,WGS84,585 589 595 601 602 607 609 611 612,三池岳、釈迦ヶ岳、尾高山、雨乞岳、御在所岳、鎌ヶ岳、入道ヶ岳、宮指路岳、仙ヶ岳,東海の百山|日本二百名山|日本三百名山|関西百名山,,,,TH-n1742841008(259m) TH-n4213643454(678m),operator=菰野町; busType=コミュニティバス; busRoutes=10コース＿湯の山神明線（湯の山温泉駅行き）＿1; network=Mie Kotsu,adopted,10,運行状況（季節運行・休止・予約制）を要確認、登山口から離れている（徒歩アプローチを要確認）,"国土数値情報（バス停留所データ）令和4年度（国土交通省）P11-22-24-bs649（35.014958, 136.448002、JGD2011）を加工して作成 ｜ OpenStreetMap（© OpenStreetMap contributors, ODbL 1.0）Geofabrik japan-latest.osm.pbf 2026-09-23T20:22:04Z node/3625270539",
BS-kP11-22-24-bs918,bus_stop,椿大神社,34.9627513,136.4531159,WGS84,602 607 609 611 612,御在所岳、鎌ヶ岳、入道ヶ岳、宮指路岳、仙ヶ岳,日本二百名山|日本三百名山|関西百名山|東海の百山,,,,TH-w689696996(185m),operator=三重交通（株）; busType=民間路線バス; busRoutes=62水沢室山線,adopted,10,運行状況（季節運行・休止・予約制）を要確認,"国土数値情報（バス停留所データ）令和4年度（国土交通省）P11-22-24-bs918（34.962751, 136.453116、JGD2011）を加工して作成 ｜ OpenStreetMap（© OpenStreetMap contributors, ODbL 1.0）Geofabrik japan-latest.osm.pbf 2026-09-23T20:22:04Z node/6470406675",
BS-kP11-22-24-bs919,bus_stop,椿大神社,34.9627513,136.4531159,WGS84,602 607 609 611 612,御在所岳、鎌ヶ岳、入道ヶ岳、宮指路岳、仙ヶ岳,日本二百名山|日本三百名山|関西百名山|東海の百山,,,,TH-w689696996(185m),operator=鈴鹿市; busType=コミュニティバス; busRoutes=椿・平田線,adopted,10,運行状況（季節運行・休止・予約制）を要確認,"国土数値情報（バス停留所データ）令和4年度（国土交通省）P11-22-24-bs919（34.962751, 136.453116、JGD2011）を加工して作成",
BS-kP11-22-24-bs929,bus_stop,山本町クラブ,34.9600193,136.4571546,WGS84,602 607 609 611 612,御在所岳、鎌ヶ岳、入道ヶ岳、宮指路岳、仙ヶ岳,日本二百名山|日本三百名山|関西百名山|東海の百山,,,,TH-w689696996(319m),operator=鈴鹿市; busType=コミュニティバス; busRoutes=椿・平田線,adopted,10,運行状況（季節運行・休止・予約制）を要確認,"国土数値情報（バス停留所データ）令和4年度（国土交通省）P11-22-24-bs929（34.960019, 136.457155、JGD2011）を加工して作成",
BS-kP11-22-29-bs1427,bus_stop,曽爾高原ファームガーデン,34.5233032,136.1500583,WGS84,651,倶留尊山,日本三百名山|関西百名山|東海の百山,,,,TH-n1773393516(774m),operator=三重交通（株）; busType=民間路線バス; busRoutes=20曽爾香落渓線 / 21曽爾香落渓線,adopted,10,運行状況（季節運行・休止・予約制）を要確認、登山口から離れている（徒歩アプローチを要確認）,"国土数値情報（バス停留所データ）令和4年度（国土交通省）P11-22-29-bs1427（34.523303, 136.150058、JGD2011）を加工して作成",
BS-kP11-22-29-bs1433,bus_stop,曽爾高原,34.5220742,136.1587423,WGS84,651 656,倶留尊山、古光山,日本三百名山|関西百名山|東海の百山,,,,TH-n1423056904(322m) TH-n1773393516(37m) TH-n8484467824(476m) TH-n8484467947(824m),operator=三重交通（株）; busType=民間路線バス; busRoutes=20曽爾香落渓線,adopted,10,運行状況（季節運行・休止・予約制）を要確認、登山口から離れている（徒歩アプローチを要確認）,"国土数値情報（バス停留所データ）令和4年度（国土交通省）P11-22-29-bs1433（34.522074, 136.158742、JGD2011）を加工して作成",
BS-kP11-22-29-bs1904,bus_stop,高見平野,34.4415581,136.0615065,WGS84,673,高見山,日本三百名山|関西百名山|東海の百山,,,,TH-n1412945723(422m),operator=東吉野村; busType=コミュニティバス; busRoutes=杉谷方面,adopted,10,運行状況（季節運行・休止・予約制）を要確認,"国土数値情報（バス停留所データ）令和4年度（国土交通省）P11-22-29-bs1904（34.441558, 136.061507、JGD2011）を加工して作成",
BS-kP11-22-29-bs1909,bus_stop,たかすみの里,34.4394492,136.0602278,WGS84,673,高見山,日本三百名山|関西百名山|東海の百山,,,,TH-n1412945723(162m) TH-n1412945363(659m),operator=東吉野村; busType=コミュニティバス; busRoutes=杉谷方面,adopted,10,運行状況（季節運行・休止・予約制）を要確認、登山口から離れている（徒歩アプローチを要確認）,"国土数値情報（バス停留所データ）令和4年度（国土交通省）P11-22-29-bs1909（34.439449, 136.060228、JGD2011）を加工して作成",
BS-kP11-22-29-bs1912,bus_stop,下平野,34.4381249,136.0595918,WGS84,673,高見山,日本三百名山|関西百名山|東海の百山,,,,TH-n1412945723(4m) TH-n1412945363(502m),operator=東吉野村; busType=コミュニティバス; busRoutes=杉谷方面,adopted,10,運行状況（季節運行・休止・予約制）を要確認,"国土数値情報（バス停留所データ）令和4年度（国土交通省）P11-22-29-bs1912（34.438125, 136.059592、JGD2011）を加工して作成",
BS-kP11-22-29-bs1916,bus_stop,平野口,34.4343391,136.0570808,WGS84,673,高見山,日本三百名山|関西百名山|東海の百山,,,,TH-n1412945363(26m),operator=東吉野村; busType=コミュニティバス; busRoutes=杉谷方面,adopted,10,運行状況（季節運行・休止・予約制）を要確認,"国土数値情報（バス停留所データ）令和4年度（国土交通省）P11-22-29-bs1916（34.434339, 136.057081、JGD2011）を加工して作成",
BS-kP11-22-29-bs1948,bus_stop,高樋橋,34.4219303,136.0551376,WGS84,673,高見山,日本三百名山|関西百名山|東海の百山,,,,TH-n1412941933(572m),operator=東吉野村; busType=コミュニティバス; busRoutes=杉谷方面,adopted,10,運行状況（季節運行・休止・予約制）を要確認,"国土数値情報（バス停留所データ）令和4年度（国土交通省）P11-22-29-bs1948（34.421930, 136.055138、JGD2011）を加工して作成",
BS-kP11-22-29-bs1954,bus_stop,高見登山口,34.4194264,136.061337,WGS84,673,高見山,日本三百名山|関西百名山|東海の百山,,,,TH-n1412941933(64m),operator=東吉野村; busType=コミュニティバス; busRoutes=杉谷方面,adopted,10,運行状況（季節運行・休止・予約制）を要確認,"国土数値情報（バス停留所データ）令和4年度（国土交通省）P11-22-29-bs1954（34.419426, 136.061337、JGD2011）を加工して作成",
BS-kP11-22-29-bs1965,bus_stop,中村垣内,34.4159922,136.0639554,WGS84,673,高見山,日本三百名山|関西百名山|東海の百山,,,,TH-n1412941933(511m),operator=東吉野村; busType=コミュニティバス; busRoutes=杉谷方面,adopted,10,運行状況（季節運行・休止・予約制）を要確認,"国土数値情報（バス停留所データ）令和4年度（国土交通省）P11-22-29-bs1965（34.415992, 136.063955、JGD2011）を加工して作成",
BS-kP11-22-29-bs2232,bus_stop,上出垣内,34.3823716,136.0213913,WGS84,683,明神岳,関西百名山,,,,TH-n1412934010(111m),operator=東吉野村; busType=コミュニティバス; busRoutes=四郷方面,adopted,10,運行状況（季節運行・休止・予約制）を要確認,"国土数値情報（バス停留所データ）令和4年度（国土交通省）P11-22-29-bs2232（34.382372, 136.021391、JGD2011）を加工して作成",
BS-kP11-22-29-bs2243,bus_stop,和佐羅,34.3799098,136.037959,WGS84,683,明神岳,関西百名山,,,,TH-n1412933608(10m),operator=東吉野村; busType=コミュニティバス; busRoutes=四郷方面,adopted,10,運行状況（季節運行・休止・予約制）を要確認,"国土数値情報（バス停留所データ）令和4年度（国土交通省）P11-22-29-bs2243（34.379910, 136.037959、JGD2011）を加工して作成",
BS-kP11-22-29-bs2246,bus_stop,大豆生大橋,34.3790113,136.0166768,WGS84,683,明神岳,関西百名山,,,,TH-n1412934010(466m),operator=東吉野村; busType=コミュニティバス; busRoutes=四郷方面,adopted,10,運行状況（季節運行・休止・予約制）を要確認,"国土数値情報（バス停留所データ）令和4年度（国土交通省）P11-22-29-bs2246（34.379011, 136.016677、JGD2011）を加工して作成",
BS-kP11-22-29-bs2252,bus_stop,大豆生,34.378187,136.0165615,WGS84,683,明神岳,関西百名山,,,,TH-n1412934010(541m),operator=東吉野村; busType=コミュニティバス; busRoutes=四郷方面,adopted,10,運行状況（季節運行・休止・予約制）を要確認,"国土数値情報（バス停留所データ）令和4年度（国土交通省）P11-22-29-bs2252（34.378187, 136.016562、JGD2011）を加工して作成",
BS-kP11-22-29-bs2260,bus_stop,大又,34.3771402,136.033328,WGS84,683,明神岳,関西百名山,,,,TH-n1412932737(329m) TH-n1412933608(534m),operator=東吉野村; busType=コミュニティバス; busRoutes=四郷方面,adopted,10,運行状況（季節運行・休止・予約制）を要確認,"国土数値情報（バス停留所データ）令和4年度（国土交通省）P11-22-29-bs2260（34.377140, 136.033328、JGD2011）を加工して作成",
BS-kP11-22-29-bs2265,bus_stop,麦谷口,34.3764286,136.0246761,WGS84,683,明神岳,関西百名山,,,,TH-n1412932737(486m),operator=東吉野村; busType=コミュニティバス; busRoutes=四郷方面,adopted,10,運行状況（季節運行・休止・予約制）を要確認,"国土数値情報（バス停留所データ）令和4年度（国土交通省）P11-22-29-bs2265（34.376429, 136.024676、JGD2011）を加工して作成",
BS-kP11-22-29-bs2271,bus_stop,大又口,34.3761526,136.0273348,WGS84,683,明神岳,関西百名山,,,,TH-n1412932737(274m),operator=東吉野村; busType=コミュニティバス; busRoutes=四郷方面,adopted,10,運行状況（季節運行・休止・予約制）を要確認,"国土数値情報（バス停留所データ）令和4年度（国土交通省）P11-22-29-bs2271（34.376153, 136.027335、JGD2011）を加工して作成",
BS-n12415702276,bus_stop,東海大会ホール前,34.7300297,137.4614158,WGS84,631 632,神石山、座談山,東海の百山,,,,TH-n2013206446(409m),operator=豊鉄バス; network=豊鉄バス,provisional,20,運行状況（季節運行・休止・予約制）を要確認、公式情報または2情報源での確認が必要,"OpenStreetMap（© OpenStreetMap contributors, ODbL 1.0）Geofabrik japan-latest.osm.pbf 2026-09-23T20:22:04Z node/12415702276",
BS-n13624288340,bus_stop,多米西町一丁目,34.7628259,137.4349492,WGS84,631 632,神石山、座談山,東海の百山,,,,TH-n2000118610(596m),operator=豊鉄バス株式会社; network=豊鉄バス,provisional,20,運行状況（季節運行・休止・予約制）を要確認、公式情報または2情報源での確認が必要,"OpenStreetMap（© OpenStreetMap contributors, ODbL 1.0）Geofabrik japan-latest.osm.pbf 2026-09-23T20:22:04Z node/13624288340",
BS-n14094592839,bus_stop,愛知県立大学守山キャンパス,35.2533421,137.0459324,WGS84,526,東谷山,東海の百山,,,,TH-n1875870656(437m) TH-n624184384(516m),,provisional,20,運行状況（季節運行・休止・予約制）を要確認、公式情報または2情報源での確認が必要,"OpenStreetMap（© OpenStreetMap contributors, ODbL 1.0）Geofabrik japan-latest.osm.pbf 2026-09-23T20:22:04Z node/14094592839",
BS-n14180872042,bus_stop,八丁池口,34.8326051,138.9616281,WGS84,619,天城山,日本百名山|日本二百名山|日本三百名山,,,,TH-kP11-22-22-bs5809(212m),operator=東海バス,provisional,20,運行状況（季節運行・休止・予約制）を要確認、公式情報または2情報源での確認が必要,"OpenStreetMap（© OpenStreetMap contributors, ODbL 1.0）Geofabrik japan-latest.osm.pbf 2026-09-23T20:22:04Z node/14180872042",
BS-n6353736547,bus_stop,岐阜公園・岐阜城,35.4350645,136.7729357,WGS84,468,金華山,東海の百山,,,,TH-n472450105(182m) TH-n10069946755(321m) TH-n472450106(724m),operator=岐阜バス,provisional,20,運行状況（季節運行・休止・予約制）を要確認、公式情報または2情報源での確認が必要、登山口から離れている（徒歩アプローチを要確認）,"OpenStreetMap（© OpenStreetMap contributors, ODbL 1.0）Geofabrik japan-latest.osm.pbf 2026-09-23T20:22:04Z node/6353736547",
BS-n6353736552,bus_stop,長良橋北・鵜飼屋,35.4411348,136.7736238,WGS84,468,金華山,東海の百山,,,,TH-n1314206732(26m),,provisional,20,運行状況（季節運行・休止・予約制）を要確認、公式情報または2情報源での確認が必要,"OpenStreetMap（© OpenStreetMap contributors, ODbL 1.0）Geofabrik japan-latest.osm.pbf 2026-09-23T20:22:04Z node/6353736552",
BS-n6354608223,bus_stop,岩戸公園前,35.4246374,136.7847927,WGS84,468,金華山,東海の百山,,,,TH-n6354608223(0m),,provisional,20,運行状況（季節運行・休止・予約制）を要確認、公式情報または2情報源での確認が必要,"OpenStreetMap（© OpenStreetMap contributors, ODbL 1.0）Geofabrik japan-latest.osm.pbf 2026-09-23T20:22:04Z node/6354608223",
BS-n6354608224,bus_stop,岩戸公園前,35.42236,136.784167,WGS84,468,金華山,東海の百山,,,,TH-n6354608223(258m),,provisional,20,運行状況（季節運行・休止・予約制）を要確認、公式情報または2情報源での確認が必要,"OpenStreetMap（© OpenStreetMap contributors, ODbL 1.0）Geofabrik japan-latest.osm.pbf 2026-09-23T20:22:04Z node/6354608224",
BS-n6354608225,bus_stop,岩戸公園前,35.4226455,136.7841336,WGS84,468,金華山,東海の百山,,,,TH-n6354608223(228m),,provisional,20,運行状況（季節運行・休止・予約制）を要確認、公式情報または2情報源での確認が必要,"OpenStreetMap（© OpenStreetMap contributors, ODbL 1.0）Geofabrik japan-latest.osm.pbf 2026-09-23T20:22:04Z node/6354608225",
BS-n947566045,bus_stop,川上,35.1893579,137.8109014,WGS84,546,八嶽山,東海の百山,,,,TH-n1024226932(562m) TH-n1060670388(325m),,provisional,20,運行状況（季節運行・休止・予約制）を要確認、公式情報または2情報源での確認が必要,"OpenStreetMap（© OpenStreetMap contributors, ODbL 1.0）Geofabrik japan-latest.osm.pbf 2026-09-23T20:22:04Z node/947566045",
BS-n947572914,bus_stop,瀬戸,35.1738422,137.7893767,WGS84,567,日本ヶ塚山,東海の百山,,,,TH-kP11-22-23-bs2967(337m) TH-n1316216916(587m),,provisional,20,運行状況（季節運行・休止・予約制）を要確認、公式情報または2情報源での確認が必要,"OpenStreetMap（© OpenStreetMap contributors, ODbL 1.0）Geofabrik japan-latest.osm.pbf 2026-09-23T20:22:04Z node/947572914",
PK-n10001205996,parking,（名称なし）駐車場,34.5182147,136.1599815,WGS84,651 656,倶留尊山、古光山,日本三百名山|関西百名山|東海の百山,,,,TH-n1773393516(469m) TH-n8484467824(95m) TH-n8484467947(391m),,provisional,20,公式情報または2情報源での確認が必要、名称なし、登山口から離れている（徒歩アプローチを要確認）,"OpenStreetMap（© OpenStreetMap contributors, ODbL 1.0）Geofabrik japan-latest.osm.pbf 2026-09-23T20:22:04Z node/10001205996",
PK-n1070273937,parking,（名称なし）駐車場,35.4348864,136.7741994,WGS84,468,金華山,東海の百山,,,,TH-n472450105(70m),,provisional,20,公式情報または2情報源での確認が必要、名称なし,"OpenStreetMap（© OpenStreetMap contributors, ODbL 1.0）Geofabrik japan-latest.osm.pbf 2026-09-23T20:22:04Z node/1070273937",
PK-n12351021620,parking,（名称なし）駐車場,35.2823082,136.5360045,WGS84,525,養老山,東海の百山,,,,TH-n1285586565(343m),,provisional,20,公式情報または2情報源での確認が必要、名称なし、登山口から離れている（徒歩アプローチを要確認）,"OpenStreetMap（© OpenStreetMap contributors, ODbL 1.0）Geofabrik japan-latest.osm.pbf 2026-09-23T20:22:04Z node/12351021620",
PK-n2096133106,parking,（名称なし）駐車場,35.4258842,136.9685054,WGS84,470,金比羅山,東海の百山,,,,TH-n1295070154(345m),,provisional,20,公式情報または2情報源での確認が必要、名称なし、登山口から離れている（徒歩アプローチを要確認）,"OpenStreetMap（© OpenStreetMap contributors, ODbL 1.0）Geofabrik japan-latest.osm.pbf 2026-09-23T20:22:04Z node/2096133106",
PK-n2096133117,parking,（名称なし）駐車場,35.4260635,136.9657212,WGS84,470,金比羅山,東海の百山,,,,TH-n1295070154(113m),,provisional,20,公式情報または2情報源での確認が必要、名称なし,"OpenStreetMap（© OpenStreetMap contributors, ODbL 1.0）Geofabrik japan-latest.osm.pbf 2026-09-23T20:22:04Z node/2096133117",
PK-n2100168653,parking,（名称なし）駐車場,35.397795,136.9612302,WGS84,482,継鹿尾山,東海の百山,,,,TH-kP11-22-23-bs7(176m) TH-n1362883448(433m),fee=no,provisional,20,公式情報または2情報源での確認が必要、名称なし、登山口から離れている（徒歩アプローチを要確認）,"OpenStreetMap（© OpenStreetMap contributors, ODbL 1.0）Geofabrik japan-latest.osm.pbf 2026-09-23T20:22:04Z node/2100168653",
PK-n2380750494,parking,（名称なし）駐車場,35.0569128,137.2915342,WGS84,596,六所山,東海の百山,,,,TH-n1320005584(146m),,provisional,20,公式情報または2情報源での確認が必要、名称なし,"OpenStreetMap（© OpenStreetMap contributors, ODbL 1.0）Geofabrik japan-latest.osm.pbf 2026-09-23T20:22:04Z node/2380750494",
PK-n2392293813,parking,（名称なし）駐車場,35.5077799,137.3448557,WGS84,444,笠置山,東海の百山,,,,TH-n1299935864(431m),fee=no,provisional,20,公式情報または2情報源での確認が必要、名称なし、登山口から離れている（徒歩アプローチを要確認）,"OpenStreetMap（© OpenStreetMap contributors, ODbL 1.0）Geofabrik japan-latest.osm.pbf 2026-09-23T20:22:04Z node/2392293813",
PK-n2392293828,parking,（名称なし）駐車場,35.5110749,137.3442823,WGS84,444,笠置山,東海の百山,,,,TH-n1299935864(491m),fee=no,provisional,20,公式情報または2情報源での確認が必要、名称なし、登山口から離れている（徒歩アプローチを要確認）,"OpenStreetMap（© OpenStreetMap contributors, ODbL 1.0）Geofabrik japan-latest.osm.pbf 2026-09-23T20:22:04Z node/2392293828",
PK-n2392293831,parking,（名称なし）駐車場,35.5082977,137.3398834,WGS84,444,笠置山,東海の百山,,,,TH-n1299935864(24m),fee=no,provisional,20,公式情報または2情報源での確認が必要、名称なし,"OpenStreetMap（© OpenStreetMap contributors, ODbL 1.0）Geofabrik japan-latest.osm.pbf 2026-09-23T20:22:04Z node/2392293831",
PK-n4213643454,parking,Uramichi Trailhead,35.0197307,136.4433367,WGS84,585 589 595 601 602 607 609 611 612,三池岳、釈迦ヶ岳、尾高山、雨乞岳、御在所岳、鎌ヶ岳、入道ヶ岳、宮指路岳、仙ヶ岳,東海の百山|日本二百名山|日本三百名山|関西百名山,,,,TH-n4213643454(0m),,provisional,20,公式情報または2情報源での確認が必要,"OpenStreetMap（© OpenStreetMap contributors, ODbL 1.0）Geofabrik japan-latest.osm.pbf 2026-09-23T20:22:04Z node/4213643454",
PK-n6441706729,parking,満天の湯,35.9655304,136.8094788,WGS84,354,大日ヶ岳,日本二百名山|日本三百名山|東海の百山,,,,TH-n1380803797(286m) TH-n1380805368(117m),,provisional,20,公式情報または2情報源での確認が必要,"OpenStreetMap（© OpenStreetMap contributors, ODbL 1.0）Geofabrik japan-latest.osm.pbf 2026-09-23T20:22:04Z node/6441706729",
PK-n6569270168,parking,新穂高温泉;ひがくの湯,36.2673429,137.566711,WGS84,313,笠ヶ岳,日本百名山|日本二百名山|日本三百名山|東海の百山,,,,TH-n5809125556(222m),,provisional,20,公式情報または2情報源での確認が必要,"OpenStreetMap（© OpenStreetMap contributors, ODbL 1.0）Geofabrik japan-latest.osm.pbf 2026-09-23T20:22:04Z node/6569270168",
PK-n6642307639,parking,たかすみの里,34.4388872,136.0606548,WGS84,673,高見山,日本三百名山|関西百名山|東海の百山,,,,TH-n1412945723(133m),,provisional,20,公式情報または2情報源での確認が必要,"OpenStreetMap（© OpenStreetMap contributors, ODbL 1.0）Geofabrik japan-latest.osm.pbf 2026-09-23T20:22:04Z node/6642307639",
PK-n6723664943,parking,三休の湯,35.0447992,136.4418029,WGS84,585 589 595 601 602 607,三池岳、釈迦ヶ岳、尾高山、雨乞岳、御在所岳、鎌ヶ岳,東海の百山|日本二百名山|日本三百名山|関西百名山,,,,TH-n6723664943(0m),,provisional,20,公式情報または2情報源での確認が必要,"OpenStreetMap（© OpenStreetMap contributors, ODbL 1.0）Geofabrik japan-latest.osm.pbf 2026-09-23T20:22:04Z node/6723664943",
PK-n722515404,parking,（名称なし）駐車場,34.5184147,136.1606774,WGS84,651 656,倶留尊山、古光山,日本三百名山|関西百名山|東海の百山,,,,TH-n1773393516(472m) TH-n8484467824(39m) TH-n8484467947(419m),,provisional,20,公式情報または2情報源での確認が必要、名称なし、登山口から離れている（徒歩アプローチを要確認）,"OpenStreetMap（© OpenStreetMap contributors, ODbL 1.0）Geofabrik japan-latest.osm.pbf 2026-09-23T20:22:04Z node/722515404",
PK-w1021041585,parking,教職員駐車場,35.2536056,137.0463681,WGS84,526,東谷山,東海の百山,,,,TH-n1875870656(396m),access=private,provisional,40,公式情報または2情報源での確認が必要、登山口から離れている（徒歩アプローチを要確認）,"OpenStreetMap（© OpenStreetMap contributors, ODbL 1.0）Geofabrik japan-latest.osm.pbf 2026-09-23T20:22:04Z way/1021041585",
PK-w1021041597,parking,（名称なし）駐車場,35.2524746,137.0465277,WGS84,526,東谷山,東海の百山,,,,TH-n1875870656(404m) TH-n624184384(419m),,provisional,40,公式情報または2情報源での確認が必要、名称なし、登山口から離れている（徒歩アプローチを要確認）,"OpenStreetMap（© OpenStreetMap contributors, ODbL 1.0）Geofabrik japan-latest.osm.pbf 2026-09-23T20:22:04Z way/1021041597",
PK-w1060196620,parking,（名称なし）駐車場,35.9629851,136.808971,WGS84,354,大日ヶ岳,日本二百名山|日本三百名山|東海の百山,,,,TH-n1380803797(26m) TH-n1380805368(402m),,provisional,40,公式情報または2情報源での確認が必要、名称なし、登山口から離れている（徒歩アプローチを要確認）,"OpenStreetMap（© OpenStreetMap contributors, ODbL 1.0）Geofabrik japan-latest.osm.pbf 2026-09-23T20:22:04Z way/1060196620",
PK-w1092015942,parking,（名称なし）駐車場,34.5219062,136.1615812,WGS84,651,倶留尊山,日本三百名山|関西百名山|東海の百山,,,,TH-n1423056904(112m) TH-n1773393516(295m) TH-n8484467824(412m),,provisional,40,公式情報または2情報源での確認が必要、名称なし、登山口から離れている（徒歩アプローチを要確認）,"OpenStreetMap（© OpenStreetMap contributors, ODbL 1.0）Geofabrik japan-latest.osm.pbf 2026-09-23T20:22:04Z way/1092015942",
PK-w1100587738,parking,（名称なし）駐車場,35.4372932,136.7725426,WGS84,468,金華山,東海の百山,,,,TH-n10069946755(75m),access=customers,provisional,40,公式情報または2情報源での確認が必要、名称なし,"OpenStreetMap（© OpenStreetMap contributors, ODbL 1.0）Geofabrik japan-latest.osm.pbf 2026-09-23T20:22:04Z way/1100587738",
PK-w1100587739,parking,（名称なし）駐車場,35.4376312,136.7715207,WGS84,468,金華山,東海の百山,,,,TH-n10069946755(64m),access=customers,provisional,40,公式情報または2情報源での確認が必要、名称なし,"OpenStreetMap（© OpenStreetMap contributors, ODbL 1.0）Geofabrik japan-latest.osm.pbf 2026-09-23T20:22:04Z way/1100587739",
PK-w1100840959,parking,（名称なし）駐車場,35.4362035,136.7737472,WGS84,468,金華山,東海の百山,,,,TH-n472450105(209m),,provisional,40,公式情報または2情報源での確認が必要、名称なし,"OpenStreetMap（© OpenStreetMap contributors, ODbL 1.0）Geofabrik japan-latest.osm.pbf 2026-09-23T20:22:04Z way/1100840959",
PK-w1101517545,parking,（名称なし）駐車場,35.437631,136.7739231,WGS84,468,金華山,東海の百山,,,,TH-n10069946755(163m),,provisional,40,公式情報または2情報源での確認が必要、名称なし,"OpenStreetMap（© OpenStreetMap contributors, ODbL 1.0）Geofabrik japan-latest.osm.pbf 2026-09-23T20:22:04Z way/1101517545",
PK-w1121724752,parking,（名称なし）駐車場,35.645136,136.6845789,WGS84,415,舟伏山,東海の百山,,,,TH-n1296144057(22m),fee=no; access=yes,provisional,40,公式情報または2情報源での確認が必要、名称なし,"OpenStreetMap（© OpenStreetMap contributors, ODbL 1.0）Geofabrik japan-latest.osm.pbf 2026-09-23T20:22:04Z way/1121724752",
PK-w1122682967,parking,藤原岳登山口駐車場,35.1707703,136.4750922,WGS84,553 555 563 577,鈴北岳、御池岳、藤原岳、竜ヶ岳,東海の百山|関西百名山|日本三百名山,,,,TH-n4789841022(98m),fee=no,provisional,40,公式情報または2情報源での確認が必要,"OpenStreetMap（© OpenStreetMap contributors, ODbL 1.0）Geofabrik japan-latest.osm.pbf 2026-09-23T20:22:04Z way/1122682967",
PK-w1122682969,parking,鈴鹿山脈・藤原岳観光駐車場,35.1739413,136.4744512,WGS84,553 555 563 577,鈴北岳、御池岳、藤原岳、竜ヶ岳,東海の百山|関西百名山|日本三百名山,,,,TH-n4789841022(310m),fee=yes; access=yes; operator=いなべ市観光協会,provisional,40,公式情報または2情報源での確認が必要、登山口から離れている（徒歩アプローチを要確認）,"OpenStreetMap（© OpenStreetMap contributors, ODbL 1.0）Geofabrik japan-latest.osm.pbf 2026-09-23T20:22:04Z way/1122682969",
PK-w1122682970,parking,（名称なし）駐車場,35.1736102,136.4737673,WGS84,553 555 563 577,鈴北岳、御池岳、藤原岳、竜ヶ岳,東海の百山|関西百名山|日本三百名山,,,,TH-n4789841022(310m),fee=no; access=private,provisional,40,公式情報または2情報源での確認が必要、名称なし、登山口から離れている（徒歩アプローチを要確認）,"OpenStreetMap（© OpenStreetMap contributors, ODbL 1.0）Geofabrik japan-latest.osm.pbf 2026-09-23T20:22:04Z way/1122682970",
PK-w1122682975,parking,簡易パーキング　ふじわら,35.1870236,136.4675195,WGS84,553 555 563 577,鈴北岳、御池岳、藤原岳、竜ヶ岳,東海の百山|関西百名山|日本三百名山,,,,TH-w1122682975(0m),fee=no; access=yes,provisional,40,公式情報または2情報源での確認が必要,"OpenStreetMap（© OpenStreetMap contributors, ODbL 1.0）Geofabrik japan-latest.osm.pbf 2026-09-23T20:22:04Z way/1122682975",
PK-w1122682982,parking,（名称なし）駐車場,35.1872396,136.4672277,WGS84,553 555 563 577,鈴北岳、御池岳、藤原岳、竜ヶ岳,東海の百山|関西百名山|日本三百名山,,,,TH-w1122682975(36m),access=customers; operator=cafe Attente,provisional,40,公式情報または2情報源での確認が必要、名称なし,"OpenStreetMap（© OpenStreetMap contributors, ODbL 1.0）Geofabrik japan-latest.osm.pbf 2026-09-23T20:22:04Z way/1122682982",
PK-w1122861027,parking,鞍掛峠（滋賀県側）駐車場,35.2030261,136.4107806,WGS84,553 555 563 577,鈴北岳、御池岳、藤原岳、竜ヶ岳,東海の百山|関西百名山|日本三百名山,,,,TH-w1122861027(0m),fee=no; access=yes,provisional,40,公式情報または2情報源での確認が必要,"OpenStreetMap（© OpenStreetMap contributors, ODbL 1.0）Geofabrik japan-latest.osm.pbf 2026-09-23T20:22:04Z way/1122861027",
PK-w1122905204,parking,（名称なし）駐車場,35.1331223,136.4864353,WGS84,553 555 563 577,鈴北岳、御池岳、藤原岳、竜ヶ岳,東海の百山|関西百名山|日本三百名山,,,,TH-n1409986302(382m),,provisional,40,公式情報または2情報源での確認が必要、名称なし、登山口から離れている（徒歩アプローチを要確認）,"OpenStreetMap（© OpenStreetMap contributors, ODbL 1.0）Geofabrik japan-latest.osm.pbf 2026-09-23T20:22:04Z way/1122905204",
PK-w1126822977,parking,（名称なし）駐車場,35.3942943,136.9599739,WGS84,482,継鹿尾山,東海の百山,,,,TH-kP11-22-23-bs7(236m) TH-n1362883448(394m),,provisional,40,公式情報または2情報源での確認が必要、名称なし、登山口から離れている（徒歩アプローチを要確認）,"OpenStreetMap（© OpenStreetMap contributors, ODbL 1.0）Geofabrik japan-latest.osm.pbf 2026-09-23T20:22:04Z way/1126822977",
PK-w1126923830,parking,（名称なし）駐車場,35.4208698,137.0061696,WGS84,476,鳩吹山,東海の百山,,,,TH-n2506693737(304m),,provisional,40,公式情報または2情報源での確認が必要、名称なし、登山口から離れている（徒歩アプローチを要確認）,"OpenStreetMap（© OpenStreetMap contributors, ODbL 1.0）Geofabrik japan-latest.osm.pbf 2026-09-23T20:22:04Z way/1126923830",
PK-w1150984596,parking,（名称なし）駐車場,35.3869616,136.9653161,WGS84,482,継鹿尾山,東海の百山,,,,TH-n1362882245(469m),,provisional,40,公式情報または2情報源での確認が必要、名称なし、登山口から離れている（徒歩アプローチを要確認）,"OpenStreetMap（© OpenStreetMap contributors, ODbL 1.0）Geofabrik japan-latest.osm.pbf 2026-09-23T20:22:04Z way/1150984596",
PK-w1151367177,parking,（名称なし）駐車場,35.3062146,137.0555,WGS84,510 511 512,弥勒山、大谷山、道樹山,東海の百山,,,,TH-n5374086024(70m),,provisional,40,公式情報または2情報源での確認が必要、名称なし,"OpenStreetMap（© OpenStreetMap contributors, ODbL 1.0）Geofabrik japan-latest.osm.pbf 2026-09-23T20:22:04Z way/1151367177",
PK-w1165311984,parking,（名称なし）駐車場,35.3259469,137.0572212,WGS84,510 511 512,弥勒山、大谷山、道樹山,東海の百山,,,,TH-kP11-22-23-bs347(262m) TH-kP11-22-23-bs364(357m),,provisional,40,公式情報または2情報源での確認が必要、名称なし、登山口から離れている（徒歩アプローチを要確認）,"OpenStreetMap（© OpenStreetMap contributors, ODbL 1.0）Geofabrik japan-latest.osm.pbf 2026-09-23T20:22:04Z way/1165311984",
PK-w1165311985,parking,（名称なし）駐車場,35.3251877,137.0574308,WGS84,510 511 512,弥勒山、大谷山、道樹山,東海の百山,,,,TH-kP11-22-23-bs347(216m) TH-kP11-22-23-bs364(280m),,provisional,40,公式情報または2情報源での確認が必要、名称なし,"OpenStreetMap（© OpenStreetMap contributors, ODbL 1.0）Geofabrik japan-latest.osm.pbf 2026-09-23T20:22:04Z way/1165311985",
PK-w1174324931,parking,（名称なし）駐車場,34.981524,137.6138852,WGS84,608,鳳来寺山,東海の百山,,,,TH-n646184981(120m),,provisional,40,公式情報または2情報源での確認が必要、名称なし,"OpenStreetMap（© OpenStreetMap contributors, ODbL 1.0）Geofabrik japan-latest.osm.pbf 2026-09-23T20:22:04Z way/1174324931",
PK-w1190517292,parking,（名称なし）駐車場,35.0180587,136.448672,WGS84,585 589 595 601 602 607 609 611 612,三池岳、釈迦ヶ岳、尾高山、雨乞岳、御在所岳、鎌ヶ岳、入道ヶ岳、宮指路岳、仙ヶ岳,東海の百山|日本二百名山|日本三百名山|関西百名山,,,,TH-n1742841008(257m),,provisional,40,公式情報または2情報源での確認が必要、名称なし,"OpenStreetMap（© OpenStreetMap contributors, ODbL 1.0）Geofabrik japan-latest.osm.pbf 2026-09-23T20:22:04Z way/1190517292",
PK-w1195157297,parking,（名称なし）駐車場,35.3619277,137.4747304,WGS84,495,三森山,東海の百山,,,,TH-n1299745181(100m),,provisional,40,公式情報または2情報源での確認が必要、名称なし,"OpenStreetMap（© OpenStreetMap contributors, ODbL 1.0）Geofabrik japan-latest.osm.pbf 2026-09-23T20:22:04Z way/1195157297",
PK-w1201386443,parking,（名称なし）駐車場,35.2400913,137.1408215,WGS84,530,岩巣山,東海の百山,,,,TH-n2098079430(304m),,provisional,40,公式情報または2情報源での確認が必要、名称なし、登山口から離れている（徒歩アプローチを要確認）,"OpenStreetMap（© OpenStreetMap contributors, ODbL 1.0）Geofabrik japan-latest.osm.pbf 2026-09-23T20:22:04Z way/1201386443",
PK-w1201386444,parking,（名称なし）駐車場,35.2396873,137.1407798,WGS84,530,岩巣山,東海の百山,,,,TH-n2098079430(311m),,provisional,40,公式情報または2情報源での確認が必要、名称なし、登山口から離れている（徒歩アプローチを要確認）,"OpenStreetMap（© OpenStreetMap contributors, ODbL 1.0）Geofabrik japan-latest.osm.pbf 2026-09-23T20:22:04Z way/1201386444",
PK-w1214433238,parking,（名称なし）駐車場,34.7278455,137.4316995,WGS84,631 632,神石山、座談山,東海の百山,,,,TH-n2013206402(420m),,provisional,40,公式情報または2情報源での確認が必要、名称なし、登山口から離れている（徒歩アプローチを要確認）,"OpenStreetMap（© OpenStreetMap contributors, ODbL 1.0）Geofabrik japan-latest.osm.pbf 2026-09-23T20:22:04Z way/1214433238",
PK-w1218643645,parking,（名称なし）駐車場,34.7273339,137.4466127,WGS84,631 632,神石山、座談山,東海の百山,,,,TH-n5423920715(384m),,provisional,40,公式情報または2情報源での確認が必要、名称なし、登山口から離れている（徒歩アプローチを要確認）,"OpenStreetMap（© OpenStreetMap contributors, ODbL 1.0）Geofabrik japan-latest.osm.pbf 2026-09-23T20:22:04Z way/1218643645",
PK-w1222942014,parking,（名称なし）駐車場,35.3116789,137.0386769,WGS84,510 511 512,弥勒山、大谷山、道樹山,東海の百山,,,,TH-kP11-22-23-bs495(190m),,provisional,40,公式情報または2情報源での確認が必要、名称なし,"OpenStreetMap（© OpenStreetMap contributors, ODbL 1.0）Geofabrik japan-latest.osm.pbf 2026-09-23T20:22:04Z way/1222942014",
PK-w1222942017,parking,（名称なし）駐車場,35.3058267,137.0558428,WGS84,510 511 512,弥勒山、大谷山、道樹山,東海の百山,,,,TH-n6187416185(215m) TH-kP11-22-23-bs628(470m) TH-n5374086024(105m),,provisional,40,公式情報または2情報源での確認が必要、名称なし、登山口から離れている（徒歩アプローチを要確認）,"OpenStreetMap（© OpenStreetMap contributors, ODbL 1.0）Geofabrik japan-latest.osm.pbf 2026-09-23T20:22:04Z way/1222942017",
PK-w1223710690,parking,（名称なし）駐車場,35.3103433,137.0387584,WGS84,510 511 512,弥勒山、大谷山、道樹山,東海の百山,,,,TH-kP11-22-23-bs495(180m),,provisional,40,公式情報または2情報源での確認が必要、名称なし,"OpenStreetMap（© OpenStreetMap contributors, ODbL 1.0）Geofabrik japan-latest.osm.pbf 2026-09-23T20:22:04Z way/1223710690",
PK-w1286969885,parking,すき家駐車場,34.0736656,136.1874453,WGS84,724,天狗倉山,東海の百山,,,,TH-n11936184397(62m),,provisional,40,公式情報または2情報源での確認が必要,"OpenStreetMap（© OpenStreetMap contributors, ODbL 1.0）Geofabrik japan-latest.osm.pbf 2026-09-23T20:22:04Z way/1286969885",
PK-w1286971167,parking,ドコモショップ駐車場,34.0752649,136.188302,WGS84,724,天狗倉山,東海の百山,,,,TH-n11936184397(159m),,provisional,40,公式情報または2情報源での確認が必要,"OpenStreetMap（© OpenStreetMap contributors, ODbL 1.0）Geofabrik japan-latest.osm.pbf 2026-09-23T20:22:04Z way/1286971167",
PK-w1286978247,parking,（名称なし）駐車場,34.0754358,136.188357,WGS84,724,天狗倉山,東海の百山,,,,TH-n11936184397(177m),,provisional,40,公式情報または2情報源での確認が必要、名称なし,"OpenStreetMap（© OpenStreetMap contributors, ODbL 1.0）Geofabrik japan-latest.osm.pbf 2026-09-23T20:22:04Z way/1286978247",
PK-w1287087858,parking,（名称なし）駐車場,35.5379965,136.4305363,WGS84,442,貝月山,東海の百山,,,,TH-w875740804(401m),,provisional,40,公式情報または2情報源での確認が必要、名称なし、登山口から離れている（徒歩アプローチを要確認）,"OpenStreetMap（© OpenStreetMap contributors, ODbL 1.0）Geofabrik japan-latest.osm.pbf 2026-09-23T20:22:04Z way/1287087858",
PK-w1287550504,parking,（名称なし）駐車場,34.0601671,136.2065868,WGS84,731,八鬼山,東海の百山,,,,TH-n11934169583(451m),,provisional,40,公式情報または2情報源での確認が必要、名称なし、登山口から離れている（徒歩アプローチを要確認）,"OpenStreetMap（© OpenStreetMap contributors, ODbL 1.0）Geofabrik japan-latest.osm.pbf 2026-09-23T20:22:04Z way/1287550504",
PK-w1300793167,parking,（名称なし）駐車場,34.0853529,136.1990765,WGS84,724,天狗倉山,東海の百山,,,,TH-n1352528325(25m) TH-n1352526574(487m),fee=no,provisional,40,公式情報または2情報源での確認が必要、名称なし、登山口から離れている（徒歩アプローチを要確認）,"OpenStreetMap（© OpenStreetMap contributors, ODbL 1.0）Geofabrik japan-latest.osm.pbf 2026-09-23T20:22:04Z way/1300793167",
PK-w1315434659,parking,（名称なし）駐車場,35.5521993,136.7696034,WGS84,433,古城山,東海の百山,,,,TH-n1296120705(477m),,provisional,40,公式情報または2情報源での確認が必要、名称なし、登山口から離れている（徒歩アプローチを要確認）,"OpenStreetMap（© OpenStreetMap contributors, ODbL 1.0）Geofabrik japan-latest.osm.pbf 2026-09-23T20:22:04Z way/1315434659",
PK-w1327734891,parking,（名称なし）駐車場,35.2352852,138.7695472,WGS84,539,愛鷹山,日本二百名山|日本三百名山,,,,TH-n11295443658(428m) TH-n1667111796(318m),,provisional,40,公式情報または2情報源での確認が必要、名称なし、登山口から離れている（徒歩アプローチを要確認）,"OpenStreetMap（© OpenStreetMap contributors, ODbL 1.0）Geofabrik japan-latest.osm.pbf 2026-09-23T20:22:04Z way/1327734891",
PK-w1335037502,parking,（名称なし）駐車場,35.2818735,136.5356632,WGS84,525,養老山,東海の百山,,,,TH-n1285586565(368m),,provisional,40,公式情報または2情報源での確認が必要、名称なし、登山口から離れている（徒歩アプローチを要確認）,"OpenStreetMap（© OpenStreetMap contributors, ODbL 1.0）Geofabrik japan-latest.osm.pbf 2026-09-23T20:22:04Z way/1335037502",
PK-w1342087877,parking,（名称なし）駐車場,34.7297395,137.4612364,WGS84,631 632,神石山、座談山,東海の百山,,,,TH-n2013206446(442m),,provisional,40,公式情報または2情報源での確認が必要、名称なし、登山口から離れている（徒歩アプローチを要確認）,"OpenStreetMap（© OpenStreetMap contributors, ODbL 1.0）Geofabrik japan-latest.osm.pbf 2026-09-23T20:22:04Z way/1342087877",
PK-w1342087879,parking,（名称なし）駐車場,34.7305313,137.4605144,WGS84,631 632,神石山、座談山,東海の百山,,,,TH-n2013206446(449m),,provisional,40,公式情報または2情報源での確認が必要、名称なし、登山口から離れている（徒歩アプローチを要確認）,"OpenStreetMap（© OpenStreetMap contributors, ODbL 1.0）Geofabrik japan-latest.osm.pbf 2026-09-23T20:22:04Z way/1342087879",
PK-w1387494470,parking,（名称なし）駐車場,34.4586569,136.7866399,WGS84,665,朝熊ヶ岳,東海の百山,,,,TH-n1301957234(81m),fee=no; access=yes,provisional,40,公式情報または2情報源での確認が必要、名称なし,"OpenStreetMap（© OpenStreetMap contributors, ODbL 1.0）Geofabrik japan-latest.osm.pbf 2026-09-23T20:22:04Z way/1387494470",
PK-w1387494471,parking,（名称なし）駐車場,34.4588443,136.7865192,WGS84,665,朝熊ヶ岳,東海の百山,,,,TH-n1301957234(88m),fee=no; access=yes,provisional,40,公式情報または2情報源での確認が必要、名称なし,"OpenStreetMap（© OpenStreetMap contributors, ODbL 1.0）Geofabrik japan-latest.osm.pbf 2026-09-23T20:22:04Z way/1387494471",
PK-w1387494473,parking,（名称なし）駐車場,34.4572152,136.7868513,WGS84,665,朝熊ヶ岳,東海の百山,,,,TH-n1301957234(140m),,provisional,40,公式情報または2情報源での確認が必要、名称なし,"OpenStreetMap（© OpenStreetMap contributors, ODbL 1.0）Geofabrik japan-latest.osm.pbf 2026-09-23T20:22:04Z way/1387494473",
PK-w142454860,parking,第1駐車場,35.2218181,137.6589812,WGS84,538,茶臼山,東海の百山,,,,TH-w142454860(0m) TH-n1316220486(376m),,provisional,40,公式情報または2情報源での確認が必要、登山口から離れている（徒歩アプローチを要確認）,"OpenStreetMap（© OpenStreetMap contributors, ODbL 1.0）Geofabrik japan-latest.osm.pbf 2026-09-23T20:22:04Z way/142454860",
PK-w142454861,parking,第2駐車場,35.2208619,137.6588623,WGS84,538 542,茶臼山、萩太郎山,東海の百山,,,,TH-w142454860(106m) TH-n990014951(479m) TH-n1192598332(274m),,provisional,40,公式情報または2情報源での確認が必要、登山口から離れている（徒歩アプローチを要確認）,"OpenStreetMap（© OpenStreetMap contributors, ODbL 1.0）Geofabrik japan-latest.osm.pbf 2026-09-23T20:22:04Z way/142454861",
PK-w142457118,parking,第3駐車場,35.2211996,137.6557373,WGS84,538 542,茶臼山、萩太郎山,東海の百山,,,,TH-w142454860(303m) TH-n990014951(208m) TH-n1192598332(248m),,provisional,40,公式情報または2情報源での確認が必要、登山口から離れている（徒歩アプローチを要確認）,"OpenStreetMap（© OpenStreetMap contributors, ODbL 1.0）Geofabrik japan-latest.osm.pbf 2026-09-23T20:22:04Z way/142457118",
PK-w142457418,parking,第4駐車場,35.220409,137.6539872,WGS84,538 542,茶臼山、萩太郎山,東海の百山,,,,TH-n990014951(36m) TH-n1192598332(287m),,provisional,40,公式情報または2情報源での確認が必要,"OpenStreetMap（© OpenStreetMap contributors, ODbL 1.0）Geofabrik japan-latest.osm.pbf 2026-09-23T20:22:04Z way/142457418",
PK-w1429862592,parking,（名称なし）駐車場,35.3178724,137.0451745,WGS84,510 511 512,弥勒山、大谷山、道樹山,東海の百山,,,,TH-kP11-22-23-bs417(220m),,provisional,40,公式情報または2情報源での確認が必要、名称なし,"OpenStreetMap（© OpenStreetMap contributors, ODbL 1.0）Geofabrik japan-latest.osm.pbf 2026-09-23T20:22:04Z way/1429862592",
PK-w1442238894,parking,（名称なし）駐車場,35.2552466,138.7829387,WGS84,539,愛鷹山,日本二百名山|日本三百名山,,,,TH-n1648689568(147m) TH-n1667128884(417m),access=private,provisional,40,公式情報または2情報源での確認が必要、名称なし、登山口から離れている（徒歩アプローチを要確認）,"OpenStreetMap（© OpenStreetMap contributors, ODbL 1.0）Geofabrik japan-latest.osm.pbf 2026-09-23T20:22:04Z way/1442238894",
PK-w1442238898,parking,（名称なし）駐車場,35.2559756,138.7836188,WGS84,539,愛鷹山,日本二百名山|日本三百名山,,,,TH-n1648689568(45m) TH-n1667128884(431m),fee=no; access=yes,provisional,40,公式情報または2情報源での確認が必要、名称なし、登山口から離れている（徒歩アプローチを要確認）,"OpenStreetMap（© OpenStreetMap contributors, ODbL 1.0）Geofabrik japan-latest.osm.pbf 2026-09-23T20:22:04Z way/1442238898",
PK-w1443208871,parking,（名称なし）駐車場,35.4033318,136.9349565,WGS84,479,八木山,東海の百山,,,,TH-w817980181(169m),,provisional,40,公式情報または2情報源での確認が必要、名称なし,"OpenStreetMap（© OpenStreetMap contributors, ODbL 1.0）Geofabrik japan-latest.osm.pbf 2026-09-23T20:22:04Z way/1443208871",
PK-w1443210335,parking,（名称なし）駐車場,35.4218288,136.9334811,WGS84,479,八木山,東海の百山,,,,TH-n13995482585(309m),,provisional,40,公式情報または2情報源での確認が必要、名称なし、登山口から離れている（徒歩アプローチを要確認）,"OpenStreetMap（© OpenStreetMap contributors, ODbL 1.0）Geofabrik japan-latest.osm.pbf 2026-09-23T20:22:04Z way/1443210335",
PK-w1443210338,parking,（名称なし）駐車場,35.4257387,136.9344579,WGS84,470 479,金比羅山、八木山,東海の百山,,,,TH-n13995391544(447m) TH-n13519028463(442m),,provisional,40,公式情報または2情報源での確認が必要、名称なし、登山口から離れている（徒歩アプローチを要確認）,"OpenStreetMap（© OpenStreetMap contributors, ODbL 1.0）Geofabrik japan-latest.osm.pbf 2026-09-23T20:22:04Z way/1443210338",
PK-w1443686636,parking,（名称なし）駐車場,35.4088761,136.9212432,WGS84,479,八木山,東海の百山,,,,TH-n1309274033(427m),,provisional,40,公式情報または2情報源での確認が必要、名称なし、登山口から離れている（徒歩アプローチを要確認）,"OpenStreetMap（© OpenStreetMap contributors, ODbL 1.0）Geofabrik japan-latest.osm.pbf 2026-09-23T20:22:04Z way/1443686636",
PK-w1443686637,parking,（名称なし）駐車場,35.40881,136.9217149,WGS84,479,八木山,東海の百山,,,,TH-kP11-22-21-bs4510(125m),,provisional,40,公式情報または2情報源での確認が必要、名称なし,"OpenStreetMap（© OpenStreetMap contributors, ODbL 1.0）Geofabrik japan-latest.osm.pbf 2026-09-23T20:22:04Z way/1443686637",
PK-w1443686638,parking,（名称なし）駐車場,35.4088838,136.9218587,WGS84,479,八木山,東海の百山,,,,TH-kP11-22-21-bs4510(125m),,provisional,40,公式情報または2情報源での確認が必要、名称なし,"OpenStreetMap（© OpenStreetMap contributors, ODbL 1.0）Geofabrik japan-latest.osm.pbf 2026-09-23T20:22:04Z way/1443686638",
PK-w1443686652,parking,（名称なし）駐車場,35.4079011,136.9222217,WGS84,479,八木山,東海の百山,,,,TH-kP11-22-21-bs4510(25m),,provisional,40,公式情報または2情報源での確認が必要、名称なし,"OpenStreetMap（© OpenStreetMap contributors, ODbL 1.0）Geofabrik japan-latest.osm.pbf 2026-09-23T20:22:04Z way/1443686652",
PK-w1443692373,parking,（名称なし）駐車場,35.4177947,136.9477755,WGS84,470,金比羅山,東海の百山,,,,TH-kP11-22-21-bs4233(118m) TH-n1309265565(395m),,provisional,40,公式情報または2情報源での確認が必要、名称なし、登山口から離れている（徒歩アプローチを要確認）,"OpenStreetMap（© OpenStreetMap contributors, ODbL 1.0）Geofabrik japan-latest.osm.pbf 2026-09-23T20:22:04Z way/1443692373",
PK-w1443692374,parking,（名称なし）駐車場,35.41738,136.9473672,WGS84,470,金比羅山,東海の百山,,,,TH-kP11-22-21-bs4233(164m) TH-n1309265565(453m),,provisional,40,公式情報または2情報源での確認が必要、名称なし、登山口から離れている（徒歩アプローチを要確認）,"OpenStreetMap（© OpenStreetMap contributors, ODbL 1.0）Geofabrik japan-latest.osm.pbf 2026-09-23T20:22:04Z way/1443692374",
PK-w1443698732,parking,（名称なし）駐車場,35.4105848,136.9315386,WGS84,479,八木山,東海の百山,,,,TH-n13997037060(251m),,provisional,40,公式情報または2情報源での確認が必要、名称なし,"OpenStreetMap（© OpenStreetMap contributors, ODbL 1.0）Geofabrik japan-latest.osm.pbf 2026-09-23T20:22:04Z way/1443698732",
PK-w1443884981,parking,（名称なし）駐車場,35.4153112,136.9504372,WGS84,470,金比羅山,東海の百山,,,,TH-kP11-22-21-bs4233(309m),,provisional,40,公式情報または2情報源での確認が必要、名称なし、登山口から離れている（徒歩アプローチを要確認）,"OpenStreetMap（© OpenStreetMap contributors, ODbL 1.0）Geofabrik japan-latest.osm.pbf 2026-09-23T20:22:04Z way/1443884981",
PK-w1445448025,parking,（名称なし）駐車場,35.4117635,136.9328937,WGS84,479,八木山,東海の百山,,,,TH-n13997037060(215m) TH-n13997036958(450m),,provisional,40,公式情報または2情報源での確認が必要、名称なし、登山口から離れている（徒歩アプローチを要確認）,"OpenStreetMap（© OpenStreetMap contributors, ODbL 1.0）Geofabrik japan-latest.osm.pbf 2026-09-23T20:22:04Z way/1445448025",
PK-w1445448027,parking,（名称なし）駐車場,35.4115709,136.9332555,WGS84,479,八木山,東海の百山,,,,TH-n13997036958(452m),,provisional,40,公式情報または2情報源での確認が必要、名称なし、登山口から離れている（徒歩アプローチを要確認）,"OpenStreetMap（© OpenStreetMap contributors, ODbL 1.0）Geofabrik japan-latest.osm.pbf 2026-09-23T20:22:04Z way/1445448027",
PK-w1445452151,parking,（名称なし）駐車場,35.4052891,136.9162758,WGS84,479,八木山,東海の百山,,,,TH-n1309274033(379m),,provisional,40,公式情報または2情報源での確認が必要、名称なし、登山口から離れている（徒歩アプローチを要確認）,"OpenStreetMap（© OpenStreetMap contributors, ODbL 1.0）Geofabrik japan-latest.osm.pbf 2026-09-23T20:22:04Z way/1445452151",
PK-w1445452158,parking,（名称なし）駐車場,35.4055856,136.9158337,WGS84,479,八木山,東海の百山,,,,TH-n1309274033(351m),,provisional,40,公式情報または2情報源での確認が必要、名称なし、登山口から離れている（徒歩アプローチを要確認）,"OpenStreetMap（© OpenStreetMap contributors, ODbL 1.0）Geofabrik japan-latest.osm.pbf 2026-09-23T20:22:04Z way/1445452158",
PK-w1445466412,parking,（名称なし）駐車場,35.4048559,136.9359426,WGS84,479,八木山,東海の百山,,,,TH-w817980181(52m),,provisional,40,公式情報または2情報源での確認が必要、名称なし,"OpenStreetMap（© OpenStreetMap contributors, ODbL 1.0）Geofabrik japan-latest.osm.pbf 2026-09-23T20:22:04Z way/1445466412",
PK-w1453940108,parking,（名称なし）駐車場,35.4121742,136.9323105,WGS84,479,八木山,東海の百山,,,,TH-n13997037060(146m) TH-n13997036958(444m),access=private,provisional,40,公式情報または2情報源での確認が必要、名称なし、登山口から離れている（徒歩アプローチを要確認）,"OpenStreetMap（© OpenStreetMap contributors, ODbL 1.0）Geofabrik japan-latest.osm.pbf 2026-09-23T20:22:04Z way/1453940108",
PK-w1482083658,parking,（名称なし）駐車場,35.3896329,136.9800027,WGS84,482,継鹿尾山,東海の百山,,,,TH-n1362883077(469m),fee=no; access=yes,provisional,40,公式情報または2情報源での確認が必要、名称なし、登山口から離れている（徒歩アプローチを要確認）,"OpenStreetMap（© OpenStreetMap contributors, ODbL 1.0）Geofabrik japan-latest.osm.pbf 2026-09-23T20:22:04Z way/1482083658",
PK-w154309246,parking,（名称なし）駐車場,35.189038,137.8051075,WGS84,546,八嶽山,東海の百山,,,,TH-n1024226932(41m) TH-n1060670388(305m),,provisional,40,公式情報または2情報源での確認が必要、名称なし、登山口から離れている（徒歩アプローチを要確認）,"OpenStreetMap（© OpenStreetMap contributors, ODbL 1.0）Geofabrik japan-latest.osm.pbf 2026-09-23T20:22:04Z way/154309246",
PK-w154429887,parking,（名称なし）駐車場,35.1909516,137.8069028,WGS84,546,八嶽山,東海の百山,,,,TH-n1024226932(308m) TH-n1060670388(80m),,provisional,40,公式情報または2情報源での確認が必要、名称なし、登山口から離れている（徒歩アプローチを要確認）,"OpenStreetMap（© OpenStreetMap contributors, ODbL 1.0）Geofabrik japan-latest.osm.pbf 2026-09-23T20:22:04Z way/154429887",
PK-w156796680,parking,（名称なし）駐車場,35.1891757,137.5909396,WGS84,552,天狗棚,東海の百山,,,,TH-w156796687(39m),,provisional,40,公式情報または2情報源での確認が必要、名称なし,"OpenStreetMap（© OpenStreetMap contributors, ODbL 1.0）Geofabrik japan-latest.osm.pbf 2026-09-23T20:22:04Z way/156796680",
PK-w156796687,parking,天狗棚駐車場,35.1888325,137.5908272,WGS84,552,天狗棚,東海の百山,,,,TH-w156796687(0m),,provisional,40,公式情報または2情報源での確認が必要,"OpenStreetMap（© OpenStreetMap contributors, ODbL 1.0）Geofabrik japan-latest.osm.pbf 2026-09-23T20:22:04Z way/156796687",
PK-w156796688,parking,面の木園地駐車場,35.1879959,137.5779573,WGS84,552,天狗棚,東海の百山,,,,TH-n1013078396(45m),,provisional,40,公式情報または2情報源での確認が必要,"OpenStreetMap（© OpenStreetMap contributors, ODbL 1.0）Geofabrik japan-latest.osm.pbf 2026-09-23T20:22:04Z way/156796688",
PK-w162380238,parking,（名称なし）駐車場,35.0169364,136.4472851,WGS84,585 589 595 601 602 607 609 611 612,三池岳、釈迦ヶ岳、尾高山、雨乞岳、御在所岳、鎌ヶ岳、入道ヶ岳、宮指路岳、仙ヶ岳,東海の百山|日本二百名山|日本三百名山|関西百名山,,,,TH-n1742841008(92m) TH-n4213643454(474m),fee=yes; access=yes,provisional,40,公式情報または2情報源での確認が必要、名称なし、登山口から離れている（徒歩アプローチを要確認）,"OpenStreetMap（© OpenStreetMap contributors, ODbL 1.0）Geofabrik japan-latest.osm.pbf 2026-09-23T20:22:04Z way/162380238",
PK-w181452727,parking,（名称なし）駐車場,35.2470106,138.8221418,WGS84,539,愛鷹山,日本二百名山|日本三百名山,,,,TH-n1648683965(38m) TH-n1648682361(452m),,provisional,40,公式情報または2情報源での確認が必要、名称なし、登山口から離れている（徒歩アプローチを要確認）,"OpenStreetMap（© OpenStreetMap contributors, ODbL 1.0）Geofabrik japan-latest.osm.pbf 2026-09-23T20:22:04Z way/181452727",
PK-w219900920,parking,（名称なし）駐車場,34.1023798,136.2088107,WGS84,724,天狗倉山,東海の百山,,,,TH-kP11-22-24-bs5100(45m),,provisional,40,公式情報または2情報源での確認が必要、名称なし,"OpenStreetMap（© OpenStreetMap contributors, ODbL 1.0）Geofabrik japan-latest.osm.pbf 2026-09-23T20:22:04Z way/219900920",
PK-w233692411,parking,（名称なし）駐車場,35.4416267,136.7788981,WGS84,468,金華山,東海の百山,,,,TH-w387583649(335m),,provisional,40,公式情報または2情報源での確認が必要、名称なし、登山口から離れている（徒歩アプローチを要確認）,"OpenStreetMap（© OpenStreetMap contributors, ODbL 1.0）Geofabrik japan-latest.osm.pbf 2026-09-23T20:22:04Z way/233692411",
PK-w234076710,parking,（名称なし）駐車場,35.4042709,136.9652923,WGS84,476,鳩吹山,東海の百山,,,,TH-n2043575571(163m),fee=no,provisional,40,公式情報または2情報源での確認が必要、名称なし,"OpenStreetMap（© OpenStreetMap contributors, ODbL 1.0）Geofabrik japan-latest.osm.pbf 2026-09-23T20:22:04Z way/234076710",
PK-w234076711,parking,（名称なし）駐車場,35.4053553,136.9651601,WGS84,476,鳩吹山,東海の百山,,,,TH-n2043575571(71m),fee=no,provisional,40,公式情報または2情報源での確認が必要、名称なし,"OpenStreetMap（© OpenStreetMap contributors, ODbL 1.0）Geofabrik japan-latest.osm.pbf 2026-09-23T20:22:04Z way/234076711",
PK-w243123049,parking,（名称なし）駐車場,35.4231896,137.0063245,WGS84,476,鳩吹山,東海の百山,,,,TH-n1304866751(249m),,provisional,40,公式情報または2情報源での確認が必要、名称なし,"OpenStreetMap（© OpenStreetMap contributors, ODbL 1.0）Geofabrik japan-latest.osm.pbf 2026-09-23T20:22:04Z way/243123049",
PK-w243123050,parking,（名称なし）駐車場,35.4229122,137.005711,WGS84,476,鳩吹山,東海の百山,,,,TH-n1304866751(189m),,provisional,40,公式情報または2情報源での確認が必要、名称なし,"OpenStreetMap（© OpenStreetMap contributors, ODbL 1.0）Geofabrik japan-latest.osm.pbf 2026-09-23T20:22:04Z way/243123050",
PK-w243123055,parking,（名称なし）駐車場,35.4220307,137.009747,WGS84,476,鳩吹山,東海の百山,,,,TH-n2506693737(492m),,provisional,40,公式情報または2情報源での確認が必要、名称なし、登山口から離れている（徒歩アプローチを要確認）,"OpenStreetMap（© OpenStreetMap contributors, ODbL 1.0）Geofabrik japan-latest.osm.pbf 2026-09-23T20:22:04Z way/243123055",
PK-w243245607,parking,（名称なし）駐車場,35.3936193,136.959481,WGS84,482,継鹿尾山,東海の百山,,,,TH-kP11-22-23-bs7(323m) TH-n1362883448(454m),,provisional,40,公式情報または2情報源での確認が必要、名称なし、登山口から離れている（徒歩アプローチを要確認）,"OpenStreetMap（© OpenStreetMap contributors, ODbL 1.0）Geofabrik japan-latest.osm.pbf 2026-09-23T20:22:04Z way/243245607",
PK-w243368020,parking,（名称なし）駐車場,35.4058968,136.9655249,WGS84,476,鳩吹山,東海の百山,,,,TH-n2043575571(39m),fee=no,provisional,40,公式情報または2情報源での確認が必要、名称なし,"OpenStreetMap（© OpenStreetMap contributors, ODbL 1.0）Geofabrik japan-latest.osm.pbf 2026-09-23T20:22:04Z way/243368020",
PK-w264452393,parking,（名称なし）駐車場,34.9086026,137.419479,WGS84,618,本宮山,東海の百山,,,,TH-n1421048173(68m) TH-n1007806954(266m),,provisional,40,公式情報または2情報源での確認が必要、名称なし,"OpenStreetMap（© OpenStreetMap contributors, ODbL 1.0）Geofabrik japan-latest.osm.pbf 2026-09-23T20:22:04Z way/264452393",
PK-w333275926,parking,（名称なし）駐車場,34.8727544,139.0240321,WGS84,619,天城山,日本百名山|日本二百名山|日本三百名山,,,,TH-n419153758(52m),,provisional,40,公式情報または2情報源での確認が必要、名称なし,"OpenStreetMap（© OpenStreetMap contributors, ODbL 1.0）Geofabrik japan-latest.osm.pbf 2026-09-23T20:22:04Z way/333275926",
PK-w333275929,parking,ハイカー用駐車場,34.8729472,139.0235007,WGS84,619,天城山,日本百名山|日本二百名山|日本三百名山,,,,TH-n419153758(62m),fee=no; access=yes,provisional,40,公式情報または2情報源での確認が必要,"OpenStreetMap（© OpenStreetMap contributors, ODbL 1.0）Geofabrik japan-latest.osm.pbf 2026-09-23T20:22:04Z way/333275929",
PK-w365435424,parking,（名称なし）駐車場,35.9908535,136.869958,WGS84,354,大日ヶ岳,日本二百名山|日本三百名山|東海の百山,,,,TH-n3692714827(268m) TH-n3692712917(412m),,provisional,40,公式情報または2情報源での確認が必要、名称なし、登山口から離れている（徒歩アプローチを要確認）,"OpenStreetMap（© OpenStreetMap contributors, ODbL 1.0）Geofabrik japan-latest.osm.pbf 2026-09-23T20:22:04Z way/365435424",
PK-w387583272,parking,（名称なし）駐車場,35.4280421,136.7679098,WGS84,468,金華山,東海の百山,,,,TH-n1976220764(440m),,provisional,40,公式情報または2情報源での確認が必要、名称なし、登山口から離れている（徒歩アプローチを要確認）,"OpenStreetMap（© OpenStreetMap contributors, ODbL 1.0）Geofabrik japan-latest.osm.pbf 2026-09-23T20:22:04Z way/387583272",
PK-w387583402,parking,（名称なし）駐車場,35.4278222,136.7681901,WGS84,468,金華山,東海の百山,,,,TH-n1976220764(457m),,provisional,40,公式情報または2情報源での確認が必要、名称なし、登山口から離れている（徒歩アプローチを要確認）,"OpenStreetMap（© OpenStreetMap contributors, ODbL 1.0）Geofabrik japan-latest.osm.pbf 2026-09-23T20:22:04Z way/387583402",
PK-w387583414,parking,（名称なし）駐車場,35.4286937,136.7681088,WGS84,468,金華山,東海の百山,,,,TH-n1976220764(365m),,provisional,40,公式情報または2情報源での確認が必要、名称なし、登山口から離れている（徒歩アプローチを要確認）,"OpenStreetMap（© OpenStreetMap contributors, ODbL 1.0）Geofabrik japan-latest.osm.pbf 2026-09-23T20:22:04Z way/387583414",
PK-w387583649,parking,鏡池緑地臨時駐車場,35.4386306,136.7794699,WGS84,468,金華山,東海の百山,,,,TH-w387583649(0m),,provisional,40,公式情報または2情報源での確認が必要,"OpenStreetMap（© OpenStreetMap contributors, ODbL 1.0）Geofabrik japan-latest.osm.pbf 2026-09-23T20:22:04Z way/387583649",
PK-w387584556,parking,（名称なし）駐車場,35.4379526,136.7781883,WGS84,468,金華山,東海の百山,,,,TH-w387583649(138m),,provisional,40,公式情報または2情報源での確認が必要、名称なし,"OpenStreetMap（© OpenStreetMap contributors, ODbL 1.0）Geofabrik japan-latest.osm.pbf 2026-09-23T20:22:04Z way/387584556",
PK-w425039861,parking,（名称なし）駐車場,35.0164548,136.4476094,WGS84,585 589 595 601 602 607 609 611 612,三池岳、釈迦ヶ岳、尾高山、雨乞岳、御在所岳、鎌ヶ岳、入道ヶ岳、宮指路岳、仙ヶ岳,東海の百山|日本二百名山|日本三百名山|関西百名山,,,,TH-n1742841008(128m),,provisional,40,公式情報または2情報源での確認が必要、名称なし,"OpenStreetMap（© OpenStreetMap contributors, ODbL 1.0）Geofabrik japan-latest.osm.pbf 2026-09-23T20:22:04Z way/425039861",
PK-w431594389,parking,葦毛湿原散策者駐車場,34.7505503,137.4487033,WGS84,631 632,神石山、座談山,東海の百山,,,,TH-n2013207104(94m) TH-n2013207021(490m),fee=no,provisional,40,公式情報または2情報源での確認が必要、登山口から離れている（徒歩アプローチを要確認）,"OpenStreetMap（© OpenStreetMap contributors, ODbL 1.0）Geofabrik japan-latest.osm.pbf 2026-09-23T20:22:04Z way/431594389",
PK-w438280180,parking,（名称なし）駐車場,34.7258823,137.4432385,WGS84,631 632,神石山、座談山,東海の百山,,,,TH-n5423920715(429m),access=permissive,provisional,40,公式情報または2情報源での確認が必要、名称なし、登山口から離れている（徒歩アプローチを要確認）,"OpenStreetMap（© OpenStreetMap contributors, ODbL 1.0）Geofabrik japan-latest.osm.pbf 2026-09-23T20:22:04Z way/438280180",
PK-w438280181,parking,（名称なし）駐車場,34.7256851,137.4434492,WGS84,631 632,神石山、座談山,東海の百山,,,,TH-n5423920715(449m),access=customers,provisional,40,公式情報または2情報源での確認が必要、名称なし、登山口から離れている（徒歩アプローチを要確認）,"OpenStreetMap（© OpenStreetMap contributors, ODbL 1.0）Geofabrik japan-latest.osm.pbf 2026-09-23T20:22:04Z way/438280181",
PK-w446933457,parking,（名称なし）駐車場,35.9912562,136.8715456,WGS84,354,大日ヶ岳,日本二百名山|日本三百名山|東海の百山,,,,TH-n3692714827(396m),,provisional,40,公式情報または2情報源での確認が必要、名称なし、登山口から離れている（徒歩アプローチを要確認）,"OpenStreetMap（© OpenStreetMap contributors, ODbL 1.0）Geofabrik japan-latest.osm.pbf 2026-09-23T20:22:04Z way/446933457",
PK-w446934445,parking,（名称なし）駐車場,35.9908291,136.8693256,WGS84,354,大日ヶ岳,日本二百名山|日本三百名山|東海の百山,,,,TH-n3692714827(217m) TH-n3692712917(362m),,provisional,40,公式情報または2情報源での確認が必要、名称なし、登山口から離れている（徒歩アプローチを要確認）,"OpenStreetMap（© OpenStreetMap contributors, ODbL 1.0）Geofabrik japan-latest.osm.pbf 2026-09-23T20:22:04Z way/446934445",
PK-w452691962,parking,（名称なし）駐車場,35.9651134,136.809155,WGS84,354,大日ヶ岳,日本二百名山|日本三百名山|東海の百山,,,,TH-n1380803797(240m) TH-n1380805368(170m),,provisional,40,公式情報または2情報源での確認が必要、名称なし,"OpenStreetMap（© OpenStreetMap contributors, ODbL 1.0）Geofabrik japan-latest.osm.pbf 2026-09-23T20:22:04Z way/452691962",
PK-w454894857,parking,（名称なし）駐車場,34.4688079,136.1919508,WGS84,669,三峰山,日本三百名山|関西百名山|東海の百山,,,,TH-n1773211982(457m),,provisional,40,公式情報または2情報源での確認が必要、名称なし、登山口から離れている（徒歩アプローチを要確認）,"OpenStreetMap（© OpenStreetMap contributors, ODbL 1.0）Geofabrik japan-latest.osm.pbf 2026-09-23T20:22:04Z way/454894857",
PK-w454894858,parking,（名称なし）駐車場,34.4686238,136.1915708,WGS84,669,三峰山,日本三百名山|関西百名山|東海の百山,,,,TH-n1773211982(485m),,provisional,40,公式情報または2情報源での確認が必要、名称なし、登山口から離れている（徒歩アプローチを要確認）,"OpenStreetMap（© OpenStreetMap contributors, ODbL 1.0）Geofabrik japan-latest.osm.pbf 2026-09-23T20:22:04Z way/454894858",
PK-w492418371,parking,（名称なし）駐車場,34.729595,137.4326348,WGS84,631 632,神石山、座談山,東海の百山,,,,TH-n2013206402(242m),,provisional,40,公式情報または2情報源での確認が必要、名称なし,"OpenStreetMap（© OpenStreetMap contributors, ODbL 1.0）Geofabrik japan-latest.osm.pbf 2026-09-23T20:22:04Z way/492418371",
PK-w499327905,parking,（名称なし）駐車場,35.4407648,136.7723374,WGS84,468,金華山,東海の百山,,,,TH-n1314206732(107m),,provisional,40,公式情報または2情報源での確認が必要、名称なし,"OpenStreetMap（© OpenStreetMap contributors, ODbL 1.0）Geofabrik japan-latest.osm.pbf 2026-09-23T20:22:04Z way/499327905",
PK-w50053319,parking,（名称なし）駐車場,35.2526302,137.0490035,WGS84,526,東谷山,東海の百山,,,,TH-n1875870656(195m) TH-n624184384(263m),,provisional,40,公式情報または2情報源での確認が必要、名称なし,"OpenStreetMap（© OpenStreetMap contributors, ODbL 1.0）Geofabrik japan-latest.osm.pbf 2026-09-23T20:22:04Z way/50053319",
PK-w503173816,parking,（名称なし）駐車場,34.7270769,137.4348817,WGS84,631 632,神石山、座談山,東海の百山,,,,TH-n2013206402(367m),access=permissive,provisional,40,公式情報または2情報源での確認が必要、名称なし、登山口から離れている（徒歩アプローチを要確認）,"OpenStreetMap（© OpenStreetMap contributors, ODbL 1.0）Geofabrik japan-latest.osm.pbf 2026-09-23T20:22:04Z way/503173816",
PK-w50429395,parking,ゆや,34.9664217,137.6125247,WGS84,608,鳳来寺山,東海の百山,,,,TH-n641106611(177m),access=private,provisional,40,公式情報または2情報源での確認が必要,"OpenStreetMap（© OpenStreetMap contributors, ODbL 1.0）Geofabrik japan-latest.osm.pbf 2026-09-23T20:22:04Z way/50429395",
PK-w50429397,parking,（名称なし）駐車場,34.9672908,137.6128203,WGS84,608,鳳来寺山,東海の百山,,,,TH-n641106611(153m),fee=no; access=yes,provisional,40,公式情報または2情報源での確認が必要、名称なし,"OpenStreetMap（© OpenStreetMap contributors, ODbL 1.0）Geofabrik japan-latest.osm.pbf 2026-09-23T20:22:04Z way/50429397",
PK-w50429401,parking,（名称なし）駐車場,34.9681928,137.6126213,WGS84,608,鳳来寺山,東海の百山,,,,TH-n641106611(149m),fee=no; access=yes,provisional,40,公式情報または2情報源での確認が必要、名称なし,"OpenStreetMap（© OpenStreetMap contributors, ODbL 1.0）Geofabrik japan-latest.osm.pbf 2026-09-23T20:22:04Z way/50429401",
PK-w52561328,parking,レストハウス板敷,34.98219,137.6136004,WGS84,584 608,岩古谷山、鳳来寺山,東海の百山,,,,TH-w52561329(495m) TH-n646184981(116m),,provisional,40,公式情報または2情報源での確認が必要、登山口から離れている（徒歩アプローチを要確認）,"OpenStreetMap（© OpenStreetMap contributors, ODbL 1.0）Geofabrik japan-latest.osm.pbf 2026-09-23T20:22:04Z way/52561328",
PK-w52561329,parking,美谷ノ原　駐車場,34.9863218,137.6156842,WGS84,584 608,岩古谷山、鳳来寺山,東海の百山,,,,TH-w52561329(0m),,provisional,40,公式情報または2情報源での確認が必要,"OpenStreetMap（© OpenStreetMap contributors, ODbL 1.0）Geofabrik japan-latest.osm.pbf 2026-09-23T20:22:04Z way/52561329",
PK-w53189206,parking,（名称なし）駐車場,34.9817527,137.6140414,WGS84,608,鳳来寺山,東海の百山,,,,TH-n646184981(135m),,provisional,40,公式情報または2情報源での確認が必要、名称なし,"OpenStreetMap（© OpenStreetMap contributors, ODbL 1.0）Geofabrik japan-latest.osm.pbf 2026-09-23T20:22:04Z way/53189206",
PK-w547820075,parking,（名称なし）駐車場,35.3632226,136.5180065,WGS84,499,南宮山,東海の百山,,,,TH-kP11-22-21-bs5452(210m),,provisional,40,公式情報または2情報源での確認が必要、名称なし,"OpenStreetMap（© OpenStreetMap contributors, ODbL 1.0）Geofabrik japan-latest.osm.pbf 2026-09-23T20:22:04Z way/547820075",
PK-w547820076,parking,（名称なし）駐車場,35.3643263,136.5176441,WGS84,499,南宮山,東海の百山,,,,TH-kP11-22-21-bs5452(327m),,provisional,40,公式情報または2情報源での確認が必要、名称なし、登山口から離れている（徒歩アプローチを要確認）,"OpenStreetMap（© OpenStreetMap contributors, ODbL 1.0）Geofabrik japan-latest.osm.pbf 2026-09-23T20:22:04Z way/547820076",
PK-w548729327,parking,水生地下駐車場,34.8352048,138.929029,WGS84,619,天城山,日本百名山|日本二百名山|日本三百名山,,,,TH-n771350770(224m),,provisional,40,公式情報または2情報源での確認が必要,"OpenStreetMap（© OpenStreetMap contributors, ODbL 1.0）Geofabrik japan-latest.osm.pbf 2026-09-23T20:22:04Z way/548729327",
PK-w569480839,parking,（名称なし）駐車場,35.3049226,137.0556484,WGS84,510 511 512,弥勒山、大谷山、道樹山,東海の百山,,,,TH-n6187416185(116m) TH-kP11-22-23-bs628(388m) TH-n5374086024(206m),fee=no; access=yes,provisional,40,公式情報または2情報源での確認が必要、名称なし、登山口から離れている（徒歩アプローチを要確認）,"OpenStreetMap（© OpenStreetMap contributors, ODbL 1.0）Geofabrik japan-latest.osm.pbf 2026-09-23T20:22:04Z way/569480839",
PK-w569480927,parking,（名称なし）駐車場,35.3031614,137.0570671,WGS84,510 511 512,弥勒山、大谷山、道樹山,東海の百山,,,,TH-n6187416185(207m) TH-kP11-22-23-bs628(155m),,provisional,40,公式情報または2情報源での確認が必要、名称なし,"OpenStreetMap（© OpenStreetMap contributors, ODbL 1.0）Geofabrik japan-latest.osm.pbf 2026-09-23T20:22:04Z way/569480927",
PK-w583822437,parking,（名称なし）駐車場,35.0097238,136.4149395,WGS84,585 589 595 601 602 607 609 611 612,三池岳、釈迦ヶ岳、尾高山、雨乞岳、御在所岳、鎌ヶ岳、入道ヶ岳、宮指路岳、仙ヶ岳,東海の百山|日本二百名山|日本三百名山|関西百名山,,,,TH-n1411239752(487m) TH-n1388441032(22m),,provisional,40,公式情報または2情報源での確認が必要、名称なし、登山口から離れている（徒歩アプローチを要確認）,"OpenStreetMap（© OpenStreetMap contributors, ODbL 1.0）Geofabrik japan-latest.osm.pbf 2026-09-23T20:22:04Z way/583822437",
PK-w584041949,parking,（名称なし）駐車場,35.4412518,136.7731468,WGS84,468,金華山,東海の百山,,,,TH-n1314206732(48m),,provisional,40,公式情報または2情報源での確認が必要、名称なし,"OpenStreetMap（© OpenStreetMap contributors, ODbL 1.0）Geofabrik japan-latest.osm.pbf 2026-09-23T20:22:04Z way/584041949",
PK-w584041950,parking,（名称なし）駐車場,35.4409355,136.7730305,WGS84,468,金華山,東海の百山,,,,TH-n1314206732(42m),,provisional,40,公式情報または2情報源での確認が必要、名称なし,"OpenStreetMap（© OpenStreetMap contributors, ODbL 1.0）Geofabrik japan-latest.osm.pbf 2026-09-23T20:22:04Z way/584041950",
PK-w592222454,parking,（名称なし）駐車場,34.7757217,137.4921504,WGS84,631 632,神石山、座談山,東海の百山,,,,TH-n1862347941(85m),,provisional,40,公式情報または2情報源での確認が必要、名称なし,"OpenStreetMap（© OpenStreetMap contributors, ODbL 1.0）Geofabrik japan-latest.osm.pbf 2026-09-23T20:22:04Z way/592222454",
PK-w642862281,parking,（名称なし）駐車場,35.2462277,136.5626764,WGS84,525,養老山,東海の百山,,,,TH-n1284885147(423m),,provisional,40,公式情報または2情報源での確認が必要、名称なし、登山口から離れている（徒歩アプローチを要確認）,"OpenStreetMap（© OpenStreetMap contributors, ODbL 1.0）Geofabrik japan-latest.osm.pbf 2026-09-23T20:22:04Z way/642862281",
PK-w651223574,parking,（名称なし）駐車場,35.3596284,137.4506885,WGS84,495,三森山,東海の百山,,,,TH-n1299927459(291m),fee=no; access=yes,provisional,40,公式情報または2情報源での確認が必要、名称なし,"OpenStreetMap（© OpenStreetMap contributors, ODbL 1.0）Geofabrik japan-latest.osm.pbf 2026-09-23T20:22:04Z way/651223574",
PK-w676214516,parking,（名称なし）駐車場,35.42168,137.0064992,WGS84,476,鳩吹山,東海の百山,,,,TH-n1304866751(287m) TH-n2506693737(387m),,provisional,40,公式情報または2情報源での確認が必要、名称なし、登山口から離れている（徒歩アプローチを要確認）,"OpenStreetMap（© OpenStreetMap contributors, ODbL 1.0）Geofabrik japan-latest.osm.pbf 2026-09-23T20:22:04Z way/676214516",
PK-w686724988,parking,（名称なし）駐車場,35.7882381,136.3928631,WGS84,392,冠山,日本三百名山|東海の百山,,,,TH-n1290439944(21m),fee=no,provisional,40,公式情報または2情報源での確認が必要、名称なし,"OpenStreetMap（© OpenStreetMap contributors, ODbL 1.0）Geofabrik japan-latest.osm.pbf 2026-09-23T20:22:04Z way/686724988",
PK-w687915828,parking,（名称なし）駐車場,35.1200002,137.4785822,WGS84,574,寧比曽岳,東海の百山,,,,TH-n6449218736(401m) TH-n1317429687(343m),fee=no,provisional,40,公式情報または2情報源での確認が必要、名称なし、登山口から離れている（徒歩アプローチを要確認）,"OpenStreetMap（© OpenStreetMap contributors, ODbL 1.0）Geofabrik japan-latest.osm.pbf 2026-09-23T20:22:04Z way/687915828",
PK-w689696996,parking,第１駐車場,34.9612433,136.4539834,WGS84,602 607 609 611 612,御在所岳、鎌ヶ岳、入道ヶ岳、宮指路岳、仙ヶ岳,日本二百名山|日本三百名山|関西百名山|東海の百山,,,,TH-w689696996(0m),,provisional,40,公式情報または2情報源での確認が必要,"OpenStreetMap（© OpenStreetMap contributors, ODbL 1.0）Geofabrik japan-latest.osm.pbf 2026-09-23T20:22:04Z way/689696996",
PK-w690884970,parking,（名称なし）駐車場,34.8524898,137.2898796,WGS84,621,宮路山,東海の百山,,,,TH-n4539292438(143m) TH-n1687338147(166m),fee=no; access=yes,provisional,40,公式情報または2情報源での確認が必要、名称なし,"OpenStreetMap（© OpenStreetMap contributors, ODbL 1.0）Geofabrik japan-latest.osm.pbf 2026-09-23T20:22:04Z way/690884970",
PK-w690885015,parking,（名称なし）駐車場,34.8550122,137.2881449,WGS84,621,宮路山,東海の百山,,,,TH-n4539292438(422m) TH-n1687338147(190m),,provisional,40,公式情報または2情報源での確認が必要、名称なし、登山口から離れている（徒歩アプローチを要確認）,"OpenStreetMap（© OpenStreetMap contributors, ODbL 1.0）Geofabrik japan-latest.osm.pbf 2026-09-23T20:22:04Z way/690885015",
PK-w706842256,parking,（名称なし）駐車場,34.4393746,136.0607102,WGS84,673,高見山,日本三百名山|関西百名山|東海の百山,,,,TH-n1412945723(176m),,provisional,40,公式情報または2情報源での確認が必要、名称なし,"OpenStreetMap（© OpenStreetMap contributors, ODbL 1.0）Geofabrik japan-latest.osm.pbf 2026-09-23T20:22:04Z way/706842256",
PK-w715409930,parking,（名称なし）駐車場,35.0448135,136.4417118,WGS84,585 589 595 601 602 607,三池岳、釈迦ヶ岳、尾高山、雨乞岳、御在所岳、鎌ヶ岳,東海の百山|日本二百名山|日本三百名山|関西百名山,,,,TH-n6723664943(8m),,provisional,40,公式情報または2情報源での確認が必要、名称なし,"OpenStreetMap（© OpenStreetMap contributors, ODbL 1.0）Geofabrik japan-latest.osm.pbf 2026-09-23T20:22:04Z way/715409930",
PK-w725394533,parking,（名称なし）駐車場,35.2210464,136.503513,WGS84,525,養老山,東海の百山,,,,TH-n1410041996(210m),,provisional,40,公式情報または2情報源での確認が必要、名称なし,"OpenStreetMap（© OpenStreetMap contributors, ODbL 1.0）Geofabrik japan-latest.osm.pbf 2026-09-23T20:22:04Z way/725394533",
PK-w771023952,parking,（名称なし）駐車場,36.2578332,136.963746,WGS84,322 325,籾糠山、猿ヶ馬場山,東海の百山|日本三百名山,,,,TH-n1295174890(55m) TH-n1295220780(370m),,provisional,40,公式情報または2情報源での確認が必要、名称なし、登山口から離れている（徒歩アプローチを要確認）,"OpenStreetMap（© OpenStreetMap contributors, ODbL 1.0）Geofabrik japan-latest.osm.pbf 2026-09-23T20:22:04Z way/771023952",
PK-w771023955,parking,（名称なし）駐車場,36.2576407,136.9642369,WGS84,322 325,籾糠山、猿ヶ馬場山,東海の百山|日本三百名山,,,,TH-n1295174890(33m) TH-n1295220780(344m),,provisional,40,公式情報または2情報源での確認が必要、名称なし、登山口から離れている（徒歩アプローチを要確認）,"OpenStreetMap（© OpenStreetMap contributors, ODbL 1.0）Geofabrik japan-latest.osm.pbf 2026-09-23T20:22:04Z way/771023955",
PK-w817980181,parking,中山道鵜沼宿 駐車場,35.4048234,136.9353713,WGS84,479,八木山,東海の百山,,,,TH-w817980181(0m),,provisional,40,公式情報または2情報源での確認が必要,"OpenStreetMap（© OpenStreetMap contributors, ODbL 1.0）Geofabrik japan-latest.osm.pbf 2026-09-23T20:22:04Z way/817980181",
PK-w83596330,parking,鳳来山パークウェイ駐車場,34.9742188,137.5889005,WGS84,608,鳳来寺山,東海の百山,,,,TH-w83596330(0m) TH-n1416243924(441m),fee=500,provisional,40,公式情報または2情報源での確認が必要、登山口から離れている（徒歩アプローチを要確認）,"OpenStreetMap（© OpenStreetMap contributors, ODbL 1.0）Geofabrik japan-latest.osm.pbf 2026-09-23T20:22:04Z way/83596330",
PK-w838433204,parking,（名称なし）駐車場,35.2299471,137.6667088,WGS84,538,茶臼山,東海の百山,,,,TH-n7825016871(11m),,provisional,40,公式情報または2情報源での確認が必要、名称なし,"OpenStreetMap（© OpenStreetMap contributors, ODbL 1.0）Geofabrik japan-latest.osm.pbf 2026-09-23T20:22:04Z way/838433204",
PK-w838491661,parking,（名称なし）駐車場,35.3612563,136.5256026,WGS84,499,南宮山,東海の百山,,,,TH-n11881870614(435m),,provisional,40,公式情報または2情報源での確認が必要、名称なし、登山口から離れている（徒歩アプローチを要確認）,"OpenStreetMap（© OpenStreetMap contributors, ODbL 1.0）Geofabrik japan-latest.osm.pbf 2026-09-23T20:22:04Z way/838491661",
PK-w838553684,parking,（名称なし）駐車場,35.3602621,136.5262313,WGS84,499,南宮山,東海の百山,,,,TH-n11881870614(421m),,provisional,40,公式情報または2情報源での確認が必要、名称なし、登山口から離れている（徒歩アプローチを要確認）,"OpenStreetMap（© OpenStreetMap contributors, ODbL 1.0）Geofabrik japan-latest.osm.pbf 2026-09-23T20:22:04Z way/838553684",
PK-w838553685,parking,（名称なし）駐車場,35.3603614,136.5259503,WGS84,499,南宮山,東海の百山,,,,TH-n11881870614(403m),,provisional,40,公式情報または2情報源での確認が必要、名称なし、登山口から離れている（徒歩アプローチを要確認）,"OpenStreetMap（© OpenStreetMap contributors, ODbL 1.0）Geofabrik japan-latest.osm.pbf 2026-09-23T20:22:04Z way/838553685",
PK-w843401700,parking,（名称なし）駐車場,35.2267297,137.6618,WGS84,538,茶臼山,東海の百山,,,,TH-n1316220486(315m),,provisional,40,公式情報または2情報源での確認が必要、名称なし、登山口から離れている（徒歩アプローチを要確認）,"OpenStreetMap（© OpenStreetMap contributors, ODbL 1.0）Geofabrik japan-latest.osm.pbf 2026-09-23T20:22:04Z way/843401700",
PK-w843401787,parking,（名称なし）駐車場,35.2291609,137.6603557,WGS84,538,茶臼山,東海の百山,,,,TH-n1316220486(456m) TH-n7867390145(222m),,provisional,40,公式情報または2情報源での確認が必要、名称なし、登山口から離れている（徒歩アプローチを要確認）,"OpenStreetMap（© OpenStreetMap contributors, ODbL 1.0）Geofabrik japan-latest.osm.pbf 2026-09-23T20:22:04Z way/843401787",
PK-w843403406,parking,（名称なし）駐車場,35.2316251,137.660217,WGS84,538,茶臼山,東海の百山,,,,TH-n7867390145(285m),,provisional,40,公式情報または2情報源での確認が必要、名称なし,"OpenStreetMap（© OpenStreetMap contributors, ODbL 1.0）Geofabrik japan-latest.osm.pbf 2026-09-23T20:22:04Z way/843403406",
PK-w843404596,parking,（名称なし）駐車場,35.2309389,137.6589083,WGS84,538,茶臼山,東海の百山,,,,TH-n7867390145(152m),,provisional,40,公式情報または2情報源での確認が必要、名称なし,"OpenStreetMap（© OpenStreetMap contributors, ODbL 1.0）Geofabrik japan-latest.osm.pbf 2026-09-23T20:22:04Z way/843404596",
PK-w848411504,parking,（名称なし）駐車場,36.2672904,137.5666689,WGS84,313,笠ヶ岳,日本百名山|日本二百名山|日本三百名山|東海の百山,,,,TH-n5809125556(216m),,provisional,40,公式情報または2情報源での確認が必要、名称なし,"OpenStreetMap（© OpenStreetMap contributors, ODbL 1.0）Geofabrik japan-latest.osm.pbf 2026-09-23T20:22:04Z way/848411504",
PK-w867671280,parking,第２駐車場,34.9593992,136.4544592,WGS84,602 607 609 611 612,御在所岳、鎌ヶ岳、入道ヶ岳、宮指路岳、仙ヶ岳,日本二百名山|日本三百名山|関西百名山|東海の百山,,,,TH-w689696996(208m),,provisional,40,公式情報または2情報源での確認が必要,"OpenStreetMap（© OpenStreetMap contributors, ODbL 1.0）Geofabrik japan-latest.osm.pbf 2026-09-23T20:22:04Z way/867671280",
PK-w87114359,parking,（名称なし）駐車場,34.9939514,137.6257802,WGS84,584 608,岩古谷山、鳳来寺山,東海の百山,,,,TH-n984959078(130m) TH-n653108770(267m),,provisional,40,公式情報または2情報源での確認が必要、名称なし,"OpenStreetMap（© OpenStreetMap contributors, ODbL 1.0）Geofabrik japan-latest.osm.pbf 2026-09-23T20:22:04Z way/87114359",
PK-w88319389,parking,（名称なし）駐車場,34.9718762,137.5788183,WGS84,608,鳳来寺山,東海の百山,,,,TH-n1024190882(283m),,provisional,40,公式情報または2情報源での確認が必要、名称なし,"OpenStreetMap（© OpenStreetMap contributors, ODbL 1.0）Geofabrik japan-latest.osm.pbf 2026-09-23T20:22:04Z way/88319389",
PK-w892674687,parking,（名称なし）駐車場,35.0525459,137.5713141,WGS84,584,岩古谷山,東海の百山,,,,TH-n1416302949(288m),,provisional,40,公式情報または2情報源での確認が必要、名称なし,"OpenStreetMap（© OpenStreetMap contributors, ODbL 1.0）Geofabrik japan-latest.osm.pbf 2026-09-23T20:22:04Z way/892674687",
PK-w92193422,parking,大宮町駐車場,35.4352842,136.7734764,WGS84,468,金華山,東海の百山,,,,TH-n472450105(149m),,provisional,40,公式情報または2情報源での確認が必要,"OpenStreetMap（© OpenStreetMap contributors, ODbL 1.0）Geofabrik japan-latest.osm.pbf 2026-09-23T20:22:04Z way/92193422",
PK-w95039271,parking,（名称なし）駐車場,34.9730488,137.5811353,WGS84,608,鳳来寺山,東海の百山,,,,TH-n1024190882(60m),,provisional,40,公式情報または2情報源での確認が必要、名称なし,"OpenStreetMap（© OpenStreetMap contributors, ODbL 1.0）Geofabrik japan-latest.osm.pbf 2026-09-23T20:22:04Z way/95039271",
PK-w96022402,parking,（名称なし）駐車場,35.0923221,137.5976203,WGS84,584,岩古谷山,東海の百山,,,,TH-kP11-22-23-bs4878(240m) TH-n5801473189(118m) TH-n1051156172(464m) TH-n1203909303(348m),fee=no,provisional,40,公式情報または2情報源での確認が必要、名称なし、登山口から離れている（徒歩アプローチを要確認）,"OpenStreetMap（© OpenStreetMap contributors, ODbL 1.0）Geofabrik japan-latest.osm.pbf 2026-09-23T20:22:04Z way/96022402",
PK-w968037223,parking,（名称なし）駐車場,35.2496841,138.8475878,WGS84,539,愛鷹山,日本二百名山|日本三百名山,,,,TH-n1648683301(482m),,provisional,40,公式情報または2情報源での確認が必要、名称なし、登山口から離れている（徒歩アプローチを要確認）,"OpenStreetMap（© OpenStreetMap contributors, ODbL 1.0）Geofabrik japan-latest.osm.pbf 2026-09-23T20:22:04Z way/968037223",
TH-gsi-hatanagi,trailhead,畑薙第一ダム（沼平・林道東俣線方面）,35.321679,138.184043,WGS84,492 487 472 460 449,茶臼岳、上河内岳、聖岳、赤石岳、悪沢岳,日本三百名山|日本二百名山|日本百名山|甲信越百名山,椹島・沼平方面,公式情報による登山口,,,restriction=林道東俣線は市長の許可制。登山・釣り等のレジャー目的の通行は許可されない（徒歩・軽車両・緊急車両を除く）; season=林道東俣線は冬期閉鎖（2025年は12月26日〜2026年4月25日、徒歩・自転車を含め全面通行禁止）,adopted,15,静岡市南アルプスユネスコエコパークにおける林道の管理に関する条例により、林道東俣線の通行は市長の許可が必要（静岡市）、椹島方面の各登山口へは、県道60号の終点・沼平から先の林道東俣線を通る（環境省・静岡市）、静岡市が林道東俣線の通行規制情報を公開している。入山前に確認すること（静岡市）、OSMの登山道との接続は未確認,"国土地理院 地名検索「畑薙第一ダム」（35.321679, 138.184043、JGD2011）2026-09-20確認 ｜ 公式情報: https://www.city.shizuoka.lg.jp/s8937/okushizuoka/s000031.html ｜ 公式情報: https://www.city.shizuoka.lg.jp/s5732/s001323.html ｜ 公式情報: https://www.env.go.jp/park/minamialps/access/index.html",2026-09-20
TH-gsi-kawakamidake,trailhead,川上岳登山道入口,36.013645,137.174975,WGS84,353,川上岳,日本三百名山|東海の百山,山之口コース,公式情報による登山口,,,"course=川上岳（川上岳登山道入口）は体力度3・技術的難易度A、コースタイム5.0時間、距離8.4km、起点の標高893.5m、川上岳1,625.9m（岐阜県 山のグレーディング）",adopted,15,,"国土地理院ベクトルタイル提供実験 地理院地図の徒歩道が林道から始まる位置（36.013645, 137.174975）。国土地理院 標高API 892.1mで、岐阜県 山のグレーディングの起点標高893.5mと一致。地理院地図の注記「山之口川」（36.015988, 137.178781）から430m 2026-09-23確認 ｜ 公式情報: https://www.pref.gifu.lg.jp/page/14382.html ｜ 公式情報: https://www.pref.gifu.lg.jp/uploaded/attachment/363440.pdf",2026-09-23
TH-gsi-kuwagatani,trailhead,桑ヶ谷林道終点（鷲ヶ岳登山口）,35.943374,136.934094,WGS84,359,鷲ヶ岳,日本三百名山,桑ヶ谷林道コース,公式情報による登山口,,,"course=鷲ヶ岳（桑ヶ谷林道終点）は体力度2・技術的難易度A、コースタイム3.7時間、距離6.1km、起点の標高1,166.4m、鷲ヶ岳1,671.6m（岐阜県 山のグレーディング）",adopted,15,"山頂の西3.2〜3.6kmに標高1,163〜1,170mの車道の終点が3か所あり（35.947224/136.936061、35.950891/136.933921 ほか）、どれが桑ヶ谷林道終点かは公式情報では未確認","国土地理院ベクトルタイル提供実験 地理院地図の車道の終点（35.943374, 136.934094）、標高1,170.7m。岐阜県 山のグレーディングの起点標高1,166.4mと一致し、山岳・ルート位置図のルートが山頂から西へ延びる向きとも整合 2026-09-23確認 ｜ 公式情報: https://www.pref.gifu.lg.jp/page/14382.html ｜ 公式情報: https://www.pref.gifu.lg.jp/uploaded/attachment/363440.pdf ｜ 公式情報: https://www.pref.gifu.lg.jp/uploaded/attachment/363420.pdf",2026-09-23
TH-gsi-mitsue-ryokomura,trailhead,みつえ青少年旅行村（三峰山 御杖村側登山口）,34.468777,136.185099,WGS84,669,三峰山,日本三百名山|関西百名山|東海の百山,登り尾コース・不動滝コース,公式情報による登山口,,,,adopted,15,"三峰山（1,235m）の御杖村側の登山口。ゆりわれ・月出・福本は三重県側の登山口（御杖村）、誤った登山口へ下山する例があり、詳細な登山マップの持参が呼びかけられている（御杖村）、クマの目撃情報があり、音の出る物やクマよけスプレーの携帯が求められている（御杖村）、1〜2月の霧氷シーズンには御杖村観光協会主催の「三峰山霧氷まつり」が行われる（御杖村）、年末年始は路面凍結のおそれがあり、冬用タイヤと防寒装備が必要（御杖村）、OSMの登山道との接続は未確認","国土地理院 地名検索「みつえ青少年旅行村」（34.468777, 136.185099、JGD2011）2026-09-20確認 ｜ 公式情報: https://www.vill.mitsue.nara.jp/kurashi/annai/shinkoka/kanko/4/178.html ｜ 公式情報: http://yamatoji.nara-kankou.or.jp/04public/04camp-resort/03east_area/mitsueseishonenryokomura/",2026-09-20
TH-gsi-mondeus,trailhead,モンデウススキー場（位山登山口）,36.056889,137.179728,WGS84,345,位山,日本二百名山|日本三百名山|東海の百山,モンデウススキー場コース,公式情報による登山口,,,"course=位山（モンデウススキー場）は体力度2・技術的難易度A、コースタイム3.5時間、距離8.9km、起点の標高918.4m、位山1,529.2m（岐阜県 山のグレーディング）",adopted,15,スキー場のため、登山道の入口の正確な位置は公式情報では未確認,"国土地理院ベクトルタイル提供実験 地理院地図の徒歩道が道路から始まる位置（36.056889, 137.179728）。国土地理院 標高API 919.5mで、岐阜県 山のグレーディングの起点標高918.4mと一致 2026-09-23確認 ｜ 公式情報: https://www.pref.gifu.lg.jp/page/14382.html ｜ 公式情報: https://www.pref.gifu.lg.jp/uploaded/attachment/363440.pdf",2026-09-23
TH-gsi-tochuyama,trailhead,戸中山林道ゲート（黒法師岳）,35.220092,137.978432,WGS84,550,黒法師岳,日本三百名山,戸中山林道コース,公式情報による登山口,,,"course=黒法師岳（戸中山林道）は往復で体力度5・技術的難易度C、コースタイム7.8時間、距離19.4km、登り下りとも累積2,280m、起点の標高630m、黒法師岳2,068m（静岡県 山のグレーディング）",adopted,15,"このルートは体力度4〜5（1泊以上が適当）だが、経路上に宿泊できる山小屋やテント場がなく、日没までに下山できなくなるおそれがある（静岡県 山のグレーディング）、約190m北東（35.220662, 137.980231、標高639.2m）にも徒歩道が林道から始まる位置があり、ゲートの正確な位置は未確認","国土地理院ベクトルタイル提供実験 地理院地図の徒歩道が林道から始まる位置（35.220092, 137.978432）。国土地理院 標高API 628.6mで、静岡県 山のグレーディングの起点標高630mと一致 2026-09-23確認 ｜ 公式情報: https://www.pref.shizuoka.jp/kankosports/kanko/kankoseisaku/1040866/1052256.html ｜ 公式情報: https://www.pref.shizuoka.jp/_res/projects/default_project/_page_/001/052/256/shizuoka_grading02.pdf",2026-09-23
TH-gsi-yumori,trailhead,夕森公園口（奥三界岳登山口）,35.640941,137.507922,WGS84,409,奥三界岳,日本三百名山,夕森公園コース,公式情報による登山口,,,"course=奥三界岳（夕森公園口）は体力度4・技術的難易度A、コースタイム7.3時間、距離17.3km、登り下りとも累積1,660m、起点の標高652.1m、奥三界岳1,810.5m（岐阜県 山のグレーディング）",adopted,15,体力度レベルが高めだが、ルート中に宿泊場所がない（岐阜県 山のグレーディング）、夕森公園のあたりに車道の終点が複数あり、登山口の正確な位置は公式情報では未確認,"国土地理院ベクトルタイル提供実験 地理院地図の車道の終点（35.640941, 137.507922）、標高637m。岐阜県 山のグレーディングの起点標高652.1mに近く、地理院地図の注記「竜神の滝」から433m 2026-09-23確認 ｜ 公式情報: https://www.pref.gifu.lg.jp/page/14382.html ｜ 公式情報: https://www.pref.gifu.lg.jp/uploaded/attachment/363440.pdf ｜ 公式情報: https://www.pref.gifu.lg.jp/uploaded/attachment/363420.pdf",2026-09-23
TH-kP11-22-21-bs1294,trailhead,乗政温泉,35.7986196,137.2933346,WGS84,384,湯ヶ峰,東海の百山,OSM登山道「湯ヶ峰登山道」,駐車場・バス停（林道・車道を経由して登山道へ）,湯ヶ峰:1.44km,BS-kP11-22-21-bs1294(0m) BS-kP11-22-21-bs1308(547m) BS-kP11-22-21-bs1317(989m),,provisional,15,林道からの入口（マイカー進入可否を要確認）、公式情報または2情報源での確認が必要,"国土数値情報（バス停留所データ）令和4年度（国土交通省）P11-22-21-bs1294（JGD2011）を加工して作成 ｜ OpenStreetMap（© OpenStreetMap contributors, ODbL 1.0）Geofabrik japan-latest.osm.pbf 2026-09-23T20:22:04Z node/12883289955（登山道と道路の接続点） ｜ 国土地理院 地名検索「乗政温泉」（35.798864, 137.293576、JGD2011、35m差）2026-09-20確認",2026-09-20
TH-kP11-22-21-bs2302,trailhead,大桑市洞,35.5509574,136.7628749,WGS84,433,古城山,東海の百山,,駐車場・バス停（林道・車道を経由して登山道へ）,古城山:1.98km,BS-kP11-22-21-bs2302(0m) BS-kP11-22-21-bs2313(131m) BS-kP11-22-21-bs2331(591m),,provisional,15,林道からの入口（マイカー進入可否を要確認）、公式情報または2情報源での確認が必要,"国土数値情報（バス停留所データ）令和4年度（国土交通省）P11-22-21-bs2302（JGD2011）を加工して作成 ｜ OpenStreetMap（© OpenStreetMap contributors, ODbL 1.0）Geofabrik japan-latest.osm.pbf 2026-09-23T20:22:04Z node/1296120705（登山道と道路の接続点）",
TH-kP11-22-21-bs4027,trailhead,信長苑西,35.4304453,136.7997604,WGS84,468,金華山,東海の百山,,駐車場・バス停（林道・車道を経由して登山道へ）,金華山:2.05km,BS-kP11-22-21-bs4027(0m) BS-kP11-22-21-bs4019(69m) BS-kP11-22-21-bs4029(223m),,provisional,15,公式情報または2情報源での確認が必要,"国土数値情報（バス停留所データ）令和4年度（国土交通省）P11-22-21-bs4027（JGD2011）を加工して作成 ｜ OpenStreetMap（© OpenStreetMap contributors, ODbL 1.0）Geofabrik japan-latest.osm.pbf 2026-09-23T20:22:04Z node/13989638926（登山道と道路の接続点）",
TH-kP11-22-21-bs4233,trailhead,緑苑北,35.417876,136.9490768,WGS84,470,金比羅山,東海の百山,,駐車場・バス停（林道・車道を経由して登山道へ）,金比羅山:1.19km,PK-w1443692373(118m) PK-w1443692374(164m) PK-w1443884981(309m) BS-kP11-22-21-bs4233(0m) BS-kP11-22-21-bs4296(263m) BS-kP11-22-21-bs4314(308m),,provisional,15,公式情報または2情報源での確認が必要,"国土数値情報（バス停留所データ）令和4年度（国土交通省）P11-22-21-bs4233（JGD2011）を加工して作成 ｜ OpenStreetMap（© OpenStreetMap contributors, ODbL 1.0）Geofabrik japan-latest.osm.pbf 2026-09-23T20:22:04Z node/13996892944（登山道と道路の接続点） ｜ 国土地理院 地名検索「緑苑北三丁目」（35.417248, 136.949867、JGD2011、100m差）2026-09-20確認",2026-09-20
TH-kP11-22-21-bs4510,trailhead,鵜沼中学校前,35.4078809,136.9224949,WGS84,479,八木山,東海の百山,OSM登山道「西すその道」,駐車場・バス停（林道・車道を経由して登山道へ）,八木山:1.11km,PK-w1443686652(25m) PK-w1443686637(125m) PK-w1443686638(125m) BS-kP11-22-21-bs4510(0m) BS-kP11-22-21-bs4511(0m) BS-kP11-22-21-bs4590(313m),,provisional,15,公式情報または2情報源での確認が必要,"国土数値情報（バス停留所データ）令和4年度（国土交通省）P11-22-21-bs4510（JGD2011）を加工して作成 ｜ OpenStreetMap（© OpenStreetMap contributors, ODbL 1.0）Geofabrik japan-latest.osm.pbf 2026-09-23T20:22:04Z node/13997053720（登山道と道路の接続点）",
TH-kP11-22-21-bs5452,trailhead,不破高校前,35.3618433,136.519602,WGS84,499,南宮山,東海の百山,,駐車場・バス停（林道・車道を経由して登山道へ）,南宮山:3.11km,PK-w547820075(210m) PK-w547820076(327m) BS-kP11-22-21-bs5452(0m),,provisional,15,林道からの入口（マイカー進入可否を要確認）、公式情報または2情報源での確認が必要,"国土数値情報（バス停留所データ）令和4年度（国土交通省）P11-22-21-bs5452（JGD2011）を加工して作成 ｜ OpenStreetMap（© OpenStreetMap contributors, ODbL 1.0）Geofabrik japan-latest.osm.pbf 2026-09-23T20:22:04Z node/11881870614（登山道と道路の接続点）",
TH-kP11-22-21-bs5785,trailhead,山村バス停,35.3342485,136.5089231,WGS84,499,南宮山,東海の百山,,駐車場・バス停（林道・車道を経由して登山道へ）,南宮山:1.49km,BS-kP11-22-21-bs5785(0m) BS-kP11-22-21-bs5786(0m) BS-kP11-22-21-bs5754(495m),,provisional,15,林道からの入口（マイカー進入可否を要確認）、公式情報または2情報源での確認が必要,"国土数値情報（バス停留所データ）令和4年度（国土交通省）P11-22-21-bs5785（JGD2011）を加工して作成 ｜ OpenStreetMap（© OpenStreetMap contributors, ODbL 1.0）Geofabrik japan-latest.osm.pbf 2026-09-23T20:22:04Z node/1287824401（登山道と道路の接続点）",
TH-kP11-22-22-bs545,trailhead,小河内［静岡市葵区］,35.265354,138.235576,WGS84,527,大無間山,日本二百名山|日本三百名山,,駐車場・バス停（林道・車道を経由して登山道へ）,大無間山:8.76km,BS-kP11-22-22-bs545(0m) BS-kP11-22-22-bs591(939m),,provisional,15,林道からの入口（マイカー進入可否を要確認）、公式情報または2情報源での確認が必要,"国土数値情報（バス停留所データ）令和4年度（国土交通省）P11-22-22-bs545（JGD2011）を加工して作成 ｜ OpenStreetMap（© OpenStreetMap contributors, ODbL 1.0）Geofabrik japan-latest.osm.pbf 2026-09-23T20:22:04Z node/6583072753（登山道と道路の接続点）",
TH-kP11-22-22-bs5809,trailhead,八丁池口,34.8343988,138.9624512,WGS84,619,天城山,日本百名山|日本二百名山|日本三百名山,OSM登山道「ウグイス歩道」、OSM登山道「上り御幸歩道」,駐車場・バス停（林道・車道を経由して登山道へ）,天城山:7.11km,BS-kP11-22-22-bs5809(0m) BS-n14180872042(212m),,provisional,15,林道からの入口（マイカー進入可否を要確認）、公式情報または2情報源での確認が必要,"国土数値情報（バス停留所データ）令和4年度（国土交通省）P11-22-22-bs5809（JGD2011）を加工して作成 ｜ OpenStreetMap（© OpenStreetMap contributors, ODbL 1.0）Geofabrik japan-latest.osm.pbf 2026-09-23T20:22:04Z node/771347305（登山道と道路の接続点）",
TH-kP11-22-22-bs616,trailhead,愛鷹山登山口,35.2530911,138.8312643,WGS84,539,愛鷹山,日本二百名山|日本三百名山,,駐車場・バス停（林道・車道を経由して登山道へ）,愛鷹山:6.67km,BS-kP11-22-22-bs616(0m) BS-kP11-22-22-bs617(0m),,provisional,15,林道からの入口（マイカー進入可否を要確認）、公式情報または2情報源での確認が必要,"国土数値情報（バス停留所データ）令和4年度（国土交通省）P11-22-22-bs616（JGD2011）を加工して作成 ｜ OpenStreetMap（© OpenStreetMap contributors, ODbL 1.0）Geofabrik japan-latest.osm.pbf 2026-09-23T20:22:04Z node/1648683965（登山道と道路の接続点）",
TH-kP11-22-22-bs657,trailhead,田向辻,35.2468523,138.8535681,WGS84,539,愛鷹山,日本二百名山|日本三百名山,,駐車場・バス停（林道・車道を経由して登山道へ）,愛鷹山:6.43km,BS-kP11-22-22-bs657(0m) BS-kP11-22-22-bs624(605m) BS-kP11-22-22-bs624(605m),,provisional,15,林道からの入口（マイカー進入可否を要確認）、公式情報または2情報源での確認が必要,"国土数値情報（バス停留所データ）令和4年度（国土交通省）P11-22-22-bs657（JGD2011）を加工して作成 ｜ OpenStreetMap（© OpenStreetMap contributors, ODbL 1.0）Geofabrik japan-latest.osm.pbf 2026-09-23T20:22:04Z node/1648679615（登山道と道路の接続点）",
TH-kP11-22-23-bs1,trailhead,栗栖北,35.4177896,136.9640027,WGS84,476,鳩吹山,東海の百山,,駐車場・バス停（林道・車道を経由して登山道へ）,鳩吹山:4.1km,BS-kP11-22-23-bs1(0m) BS-kP11-22-23-bs2(298m) BS-kP11-22-23-bs3(707m),,provisional,15,林道からの入口（マイカー進入可否を要確認）、公式情報または2情報源での確認が必要,"国土数値情報（バス停留所データ）令和4年度（国土交通省）P11-22-23-bs1（JGD2011）を加工して作成 ｜ OpenStreetMap（© OpenStreetMap contributors, ODbL 1.0）Geofabrik japan-latest.osm.pbf 2026-09-23T20:22:04Z node/13996937303（登山道と道路の接続点）",
TH-kP11-22-23-bs1884,trailhead,上夏焼,35.2202328,137.5225629,WGS84,541,夏焼城ヶ山,東海の百山,,駐車場・バス停（林道・車道を経由して登山道へ）,夏焼城ヶ山:0.95km,BS-kP11-22-23-bs1884(0m) BS-kP11-22-23-bs1907(360m) BS-kP11-22-23-bs1825(412m),,provisional,15,林道からの入口（マイカー進入可否を要確認）、公式情報または2情報源での確認が必要,"国土数値情報（バス停留所データ）令和4年度（国土交通省）P11-22-23-bs1884（JGD2011）を加工して作成 ｜ OpenStreetMap（© OpenStreetMap contributors, ODbL 1.0）Geofabrik japan-latest.osm.pbf 2026-09-23T20:22:04Z node/13881571461（登山道と道路の接続点）",
TH-kP11-22-23-bs2967,trailhead,瀬戸,35.17264,137.7859695,WGS84,567,日本ヶ塚山,東海の百山,,駐車場・バス停（林道・車道を経由して登山道へ）,日本ヶ塚山:2.54km,BS-kP11-22-23-bs2967(0m) BS-n947572914(337m) BS-kP11-22-23-bs2957(435m),,provisional,15,林道からの入口（マイカー進入可否を要確認）、公式情報または2情報源での確認が必要,"国土数値情報（バス停留所データ）令和4年度（国土交通省）P11-22-23-bs2967（JGD2011）を加工して作成 ｜ OpenStreetMap（© OpenStreetMap contributors, ODbL 1.0）Geofabrik japan-latest.osm.pbf 2026-09-23T20:22:04Z node/1316216916（登山道と道路の接続点） ｜ 国土地理院 地名検索「瀬戸」（35.172947, 137.785272、JGD2011、72m差）2026-09-20確認",2026-09-20
TH-kP11-22-23-bs347,trailhead,内々神社,35.3248433,137.0597773,WGS84,510 511 512,弥勒山、大谷山、道樹山,東海の百山,OSM登山道「東海自然歩道」,駐車場・バス停（林道・車道を経由して登山道へ）,弥勒山:2.32km 大谷山:3.04km 道樹山:3.68km,PK-w1165311985(216m) PK-w1165311984(262m) BS-kP11-22-23-bs347(0m) BS-kP11-22-23-bs364(371m) BS-kP11-22-23-bs389(866m),OSM登山ルート: 東海自然歩道,provisional,15,近くの道路にゲートあり（車両通行止め・季節閉鎖の可能性）、林道からの入口（マイカー進入可否を要確認）、公式情報または2情報源での確認が必要,"国土数値情報（バス停留所データ）令和4年度（国土交通省）P11-22-23-bs347（JGD2011）を加工して作成 ｜ OpenStreetMap（© OpenStreetMap contributors, ODbL 1.0）Geofabrik japan-latest.osm.pbf 2026-09-23T20:22:04Z node/1388278135（登山道と道路の接続点） ｜ 国土地理院 地名検索「内々神社」（35.326007, 137.058884、JGD2011、152m差）2026-09-20確認",2026-09-20
TH-kP11-22-23-bs364,trailhead,内津,35.3227589,137.0565743,WGS84,510 511 512,弥勒山、大谷山、道樹山,東海の百山,,駐車場・バス停（林道・車道を経由して登山道へ）,弥勒山:1.22km 大谷山:2.03km 道樹山:2.66km,PK-w1165311985(280m) PK-w1165311984(357m) BS-kP11-22-23-bs364(0m) BS-kP11-22-23-bs347(371m) BS-kP11-22-23-bs389(494m),,provisional,15,近くの道路にゲートあり（車両通行止め・季節閉鎖の可能性）、林道からの入口（マイカー進入可否を要確認）、公式情報または2情報源での確認が必要,"国土数値情報（バス停留所データ）令和4年度（国土交通省）P11-22-23-bs364（JGD2011）を加工して作成 ｜ OpenStreetMap（© OpenStreetMap contributors, ODbL 1.0）Geofabrik japan-latest.osm.pbf 2026-09-23T20:22:04Z node/3090101418（登山道と道路の接続点） ｜ 国土地理院 地名検索「内津簡易郵便局」（35.322941, 137.056782、JGD2011、28m差）2026-09-20確認",2026-09-20
TH-kP11-22-23-bs389,trailhead,内津口,35.3200041,137.0522859,WGS84,510 511 512,弥勒山、大谷山、道樹山,東海の百山,,駐車場・バス停（林道・車道を経由して登山道へ）,弥勒山:1.37km 大谷山:2.18km 道樹山:2.82km,BS-kP11-22-23-bs389(0m) BS-kP11-22-23-bs364(494m) BS-kP11-22-23-bs417(498m),,provisional,15,近くの道路にゲートあり（車両通行止め・季節閉鎖の可能性）、林道からの入口（マイカー進入可否を要確認）、公式情報または2情報源での確認が必要,"国土数値情報（バス停留所データ）令和4年度（国土交通省）P11-22-23-bs389（JGD2011）を加工して作成 ｜ OpenStreetMap（© OpenStreetMap contributors, ODbL 1.0）Geofabrik japan-latest.osm.pbf 2026-09-23T20:22:04Z node/3090101408（登山道と道路の接続点）",
TH-kP11-22-23-bs417,trailhead,西尾上,35.3176947,137.047584,WGS84,510 511 512,弥勒山、大谷山、道樹山,東海の百山,,駐車場・バス停（林道・車道を経由して登山道へ）,弥勒山:4.66km 大谷山:4.0km 道樹山:4.43km,PK-w1429862592(220m) BS-kP11-22-23-bs417(0m) BS-kP11-22-23-bs433(475m) BS-kP11-22-23-bs389(498m),,provisional,15,近くの道路にゲートあり（車両通行止め・季節閉鎖の可能性）、公式情報または2情報源での確認が必要,"国土数値情報（バス停留所データ）令和4年度（国土交通省）P11-22-23-bs417（JGD2011）を加工して作成 ｜ OpenStreetMap（© OpenStreetMap contributors, ODbL 1.0）Geofabrik japan-latest.osm.pbf 2026-09-23T20:22:04Z node/1363283847（登山道と道路の接続点）",
TH-kP11-22-23-bs4286,trailhead,金蔵連SB待合所,35.1176698,137.4071546,WGS84,574,寧比曽岳,東海の百山,,駐車場・バス停（林道・車道を経由して登山道へ）,寧比曽岳:6.39km,BS-kP11-22-23-bs4286(0m) BS-kP11-22-23-bs4285(50m),,provisional,15,林道からの入口（マイカー進入可否を要確認）、公式情報または2情報源での確認が必要,"国土数値情報（バス停留所データ）令和4年度（国土交通省）P11-22-23-bs4286（JGD2011）を加工して作成 ｜ OpenStreetMap（© OpenStreetMap contributors, ODbL 1.0）Geofabrik japan-latest.osm.pbf 2026-09-23T20:22:04Z node/1320528762（登山道と道路の接続点）",
TH-kP11-22-23-bs4878,trailhead,新和市,35.092185,137.5949909,WGS84,584,岩古谷山,東海の百山,OSM登山道「東海自然歩道」,駐車場・バス停（林道・車道を経由して登山道へ）,岩古谷山:1.29km,PK-w96022402(240m) BS-kP11-22-23-bs4878(0m) BS-kP11-22-23-bs4876(414m),,provisional,15,公式情報または2情報源での確認が必要,"国土数値情報（バス停留所データ）令和4年度（国土交通省）P11-22-23-bs4878（JGD2011）を加工して作成 ｜ OpenStreetMap（© OpenStreetMap contributors, ODbL 1.0）Geofabrik japan-latest.osm.pbf 2026-09-23T20:22:04Z node/5801473189（登山道と道路の接続点）",
TH-kP11-22-23-bs495,trailhead,尾張明知,35.3108287,137.0368654,WGS84,510 511 512,弥勒山、大谷山、道樹山,東海の百山,,駐車場・バス停（林道・車道を経由して登山道へ）,弥勒山:5.41km 大谷山:4.75km 道樹山:5.19km,PK-w1223710690(180m) PK-w1222942014(190m) BS-kP11-22-23-bs495(0m) BS-kP11-22-23-bs522(272m) BS-kP11-22-23-bs518(524m),,provisional,15,林道からの入口（マイカー進入可否を要確認）、公式情報または2情報源での確認が必要,"国土数値情報（バス停留所データ）令和4年度（国土交通省）P11-22-23-bs495（JGD2011）を加工して作成 ｜ OpenStreetMap（© OpenStreetMap contributors, ODbL 1.0）Geofabrik japan-latest.osm.pbf 2026-09-23T20:22:04Z node/1363283561（登山道と道路の接続点）",
TH-kP11-22-23-bs5063,trailhead,新黒倉,35.0829282,137.609092,WGS84,584,岩古谷山,東海の百山,,駐車場・バス停（林道・車道を経由して登山道へ）,岩古谷山:2.25km,BS-kP11-22-23-bs5063(0m) BS-kP11-22-23-bs5130(687m),,provisional,15,林道からの入口（マイカー進入可否を要確認）、公式情報または2情報源での確認が必要,"国土数値情報（バス停留所データ）令和4年度（国土交通省）P11-22-23-bs5063（JGD2011）を加工して作成 ｜ OpenStreetMap（© OpenStreetMap contributors, ODbL 1.0）Geofabrik japan-latest.osm.pbf 2026-09-23T20:22:04Z node/1317361416（登山道と道路の接続点）",
TH-kP11-22-23-bs628,trailhead,植物園,35.3019007,137.0578263,WGS84,510 511 512,弥勒山、大谷山、道樹山,東海の百山,,駐車場・バス停（林道・車道を経由して登山道へ）,弥勒山:1.97km 大谷山:1.72km 道樹山:2.38km,PK-w569480927(155m) PK-w569480839(388m) PK-w1222942017(470m) BS-kP11-22-23-bs628(0m) BS-kP11-22-23-bs663(248m) BS-kP11-22-23-bs739(906m),,provisional,15,近くの道路にゲートあり（車両通行止め・季節閉鎖の可能性）、公式情報または2情報源での確認が必要,"国土数値情報（バス停留所データ）令和4年度（国土交通省）P11-22-23-bs628（JGD2011）を加工して作成 ｜ OpenStreetMap（© OpenStreetMap contributors, ODbL 1.0）Geofabrik japan-latest.osm.pbf 2026-09-23T20:22:04Z node/1363283900（登山道と道路の接続点）",
TH-kP11-22-23-bs631,trailhead,県医療療育総合センター,35.3018092,137.0365049,WGS84,510 511 512,弥勒山、大谷山、道樹山,東海の百山,,駐車場・バス停（林道・車道を経由して登山道へ）,弥勒山:5.38km 大谷山:4.72km 道樹山:5.16km,BS-kP11-22-23-bs631(0m) BS-kP11-22-23-bs653(370m) BS-kP11-22-23-bs603(593m),,provisional,15,林道からの入口（マイカー進入可否を要確認）、公式情報または2情報源での確認が必要,"国土数値情報（バス停留所データ）令和4年度（国土交通省）P11-22-23-bs631（JGD2011）を加工して作成 ｜ OpenStreetMap（© OpenStreetMap contributors, ODbL 1.0）Geofabrik japan-latest.osm.pbf 2026-09-23T20:22:04Z node/1363283545（登山道と道路の接続点）",
TH-kP11-22-23-bs7,trailhead,寂光院口,35.3962042,136.9611431,WGS84,482,継鹿尾山,東海の百山,,駐車場・バス停（林道・車道を経由して登山道へ）,継鹿尾山:0.84km,PK-n2100168653(176m) PK-w1126822977(236m) PK-w243245607(323m) BS-kP11-22-23-bs7(0m) BS-kP11-22-23-bs6(145m) BS-kP11-22-23-bs11(605m),OSM登山ルート: 東海自然歩道,provisional,15,近くの道路にゲートあり（車両通行止め・季節閉鎖の可能性）、公式情報または2情報源での確認が必要,"国土数値情報（バス停留所データ）令和4年度（国土交通省）P11-22-23-bs7（JGD2011）を加工して作成 ｜ OpenStreetMap（© OpenStreetMap contributors, ODbL 1.0）Geofabrik japan-latest.osm.pbf 2026-09-23T20:22:04Z node/5763766267（登山道と道路の接続点）",
TH-kP11-22-23-bs8,trailhead,ひだまり公園,35.3947126,136.9888367,WGS84,482,継鹿尾山,東海の百山,,駐車場・バス停（林道・車道を経由して登山道へ）,継鹿尾山:2.27km,BS-kP11-22-23-bs8(0m) BS-kP11-22-23-bs9(311m) BS-kP11-22-23-bs14(397m),OSM登山ルート: 東海自然歩道,provisional,15,近くの道路にゲートあり（車両通行止め・季節閉鎖の可能性）、林道からの入口（マイカー進入可否を要確認）、公式情報または2情報源での確認が必要,"国土数値情報（バス停留所データ）令和4年度（国土交通省）P11-22-23-bs8（JGD2011）を加工して作成 ｜ OpenStreetMap（© OpenStreetMap contributors, ODbL 1.0）Geofabrik japan-latest.osm.pbf 2026-09-23T20:22:04Z node/1304896995（登山道と道路の接続点）",
TH-kP11-22-24-bs1557,trailhead,福徳（上）,34.8349484,136.3788758,WGS84,623,錫杖ヶ岳,東海の百山,,駐車場・バス停（林道・車道を経由して登山道へ）,錫杖ヶ岳:3.14km,BS-kP11-22-24-bs1557(0m) BS-kP11-22-24-bs1556(248m) BS-kP11-22-24-bs1520(947m),,provisional,15,林道からの入口（マイカー進入可否を要確認）、公式情報または2情報源での確認が必要,"国土数値情報（バス停留所データ）令和4年度（国土交通省）P11-22-24-bs1557（JGD2011）を加工して作成 ｜ OpenStreetMap（© OpenStreetMap contributors, ODbL 1.0）Geofabrik japan-latest.osm.pbf 2026-09-23T20:22:04Z node/2112110339（登山道と道路の接続点）",
TH-kP11-22-24-bs1673,trailhead,下ノ垣内,34.8109879,136.3620278,WGS84,623,錫杖ヶ岳,東海の百山,,駐車場・バス停（林道・車道を経由して登山道へ）,錫杖ヶ岳:1.3km,BS-kP11-22-24-bs1673(0m) BS-kP11-22-24-bs1699(409m) BS-kP11-22-24-bs1684(568m),,provisional,15,公式情報または2情報源での確認が必要,"国土数値情報（バス停留所データ）令和4年度（国土交通省）P11-22-24-bs1673（JGD2011）を加工して作成 ｜ OpenStreetMap（© OpenStreetMap contributors, ODbL 1.0）Geofabrik japan-latest.osm.pbf 2026-09-23T20:22:04Z node/1580613480（登山道と道路の接続点）",
TH-kP11-22-24-bs2059,trailhead,平尾休養施設前,34.7615862,136.4130469,WGS84,629,経ヶ峰,東海の百山,,駐車場・バス停（林道・車道を経由して登山道へ）,経ヶ峰:4.95km,BS-kP11-22-24-bs2059(0m) BS-kP11-22-24-bs2027(688m) BS-kP11-22-24-bs1973(861m),,provisional,15,林道からの入口（マイカー進入可否を要確認）、公式情報または2情報源での確認が必要,"国土数値情報（バス停留所データ）令和4年度（国土交通省）P11-22-24-bs2059（JGD2011）を加工して作成 ｜ OpenStreetMap（© OpenStreetMap contributors, ODbL 1.0）Geofabrik japan-latest.osm.pbf 2026-09-23T20:22:04Z node/1580578857（登山道と道路の接続点）",
TH-kP11-22-24-bs2123,trailhead,船山,34.7568457,136.4000374,WGS84,629,経ヶ峰,東海の百山,,駐車場・バス停（林道・車道を経由して登山道へ）,経ヶ峰:3.32km,BS-kP11-22-24-bs2123(0m) BS-kP11-22-24-bs2150(430m),,provisional,15,林道からの入口（マイカー進入可否を要確認）、公式情報または2情報源での確認が必要,"国土数値情報（バス停留所データ）令和4年度（国土交通省）P11-22-24-bs2123（JGD2011）を加工して作成 ｜ OpenStreetMap（© OpenStreetMap contributors, ODbL 1.0）Geofabrik japan-latest.osm.pbf 2026-09-23T20:22:04Z node/1580577720（登山道と道路の接続点） ｜ 国土地理院 地名検索「美里町船山」（34.757239, 136.402143、JGD2011、197m差）2026-09-20確認",2026-09-20
TH-kP11-22-24-bs2150,trailhead,高座原,34.7535502,136.3975488,WGS84,629,経ヶ峰,東海の百山,,駐車場・バス停（林道・車道を経由して登山道へ）,経ヶ峰:3.09km,BS-kP11-22-24-bs2150(0m) BS-kP11-22-24-bs2123(430m),,provisional,15,林道からの入口（マイカー進入可否を要確認）、公式情報または2情報源での確認が必要,"国土数値情報（バス停留所データ）令和4年度（国土交通省）P11-22-24-bs2150（JGD2011）を加工して作成 ｜ OpenStreetMap（© OpenStreetMap contributors, ODbL 1.0）Geofabrik japan-latest.osm.pbf 2026-09-23T20:22:04Z node/1580572136（登山道と道路の接続点）",
TH-kP11-22-24-bs3666,trailhead,上出,34.5494341,136.4192493,WGS84,648,堀坂山,東海の百山,,駐車場・バス停（林道・車道を経由して登山道へ）,堀坂山:1.13km,BS-kP11-22-24-bs3666(0m) BS-kP11-22-24-bs3656(307m) BS-kP11-22-24-bs3641(551m),,provisional,15,公式情報または2情報源での確認が必要,"国土数値情報（バス停留所データ）令和4年度（国土交通省）P11-22-24-bs3666（JGD2011）を加工して作成 ｜ OpenStreetMap（© OpenStreetMap contributors, ODbL 1.0）Geofabrik japan-latest.osm.pbf 2026-09-23T20:22:04Z node/1773741665（登山道と道路の接続点）",
TH-kP11-22-24-bs3883,trailhead,払戸,34.5135746,136.2327428,WGS84,659,学能堂山,関西百名山,,駐車場・バス停（林道・車道を経由して登山道へ）,学能堂山:2.78km,BS-kP11-22-24-bs3883(0m) BS-kP11-22-24-bs3886(618m) BS-kP11-22-24-bs3887(820m),,provisional,15,林道からの入口（マイカー進入可否を要確認）、公式情報または2情報源での確認が必要,"国土数値情報（バス停留所データ）令和4年度（国土交通省）P11-22-24-bs3883（JGD2011）を加工して作成 ｜ OpenStreetMap（© OpenStreetMap contributors, ODbL 1.0）Geofabrik japan-latest.osm.pbf 2026-09-23T20:22:04Z node/1582191112（登山道と道路の接続点） ｜ 国土地理院 地名検索「払戸」（34.513064, 136.232503、JGD2011、61m差）2026-09-20確認",2026-09-20
TH-kP11-22-24-bs3887,trailhead,杉平,34.5125381,136.223891,WGS84,659,学能堂山,関西百名山,,駐車場・バス停（林道・車道を経由して登山道へ）,学能堂山:2.96km,BS-kP11-22-24-bs3887(0m) BS-kP11-22-24-bs3864(492m) BS-kP11-22-24-bs3847(760m),,provisional,15,林道からの入口（マイカー進入可否を要確認）、公式情報または2情報源での確認が必要,"国土数値情報（バス停留所データ）令和4年度（国土交通省）P11-22-24-bs3887（JGD2011）を加工して作成 ｜ OpenStreetMap（© OpenStreetMap contributors, ODbL 1.0）Geofabrik japan-latest.osm.pbf 2026-09-23T20:22:04Z node/1582191547（登山道と道路の接続点）",
TH-kP11-22-24-bs4690,trailhead,切原口,34.3615571,136.7080868,WGS84,685,馬山,東海の百山,,駐車場・バス停（林道・車道を経由して登山道へ）,馬山:0.78km,BS-kP11-22-24-bs4690(0m) BS-kP11-22-24-bs4686(242m) BS-kP11-22-24-bs4672(646m),,provisional,15,公式情報または2情報源での確認が必要,"国土数値情報（バス停留所データ）令和4年度（国土交通省）P11-22-24-bs4690（JGD2011）を加工して作成 ｜ OpenStreetMap（© OpenStreetMap contributors, ODbL 1.0）Geofabrik japan-latest.osm.pbf 2026-09-23T20:22:04Z node/1304313372（登山道と道路の接続点）",
TH-kP11-22-24-bs4758,trailhead,神津佐大橋,34.3436716,136.7263926,WGS84,685,馬山,東海の百山,,駐車場・バス停（林道・車道を経由して登山道へ）,馬山:2.02km,BS-kP11-22-24-bs4758(0m) BS-kP11-22-24-bs4761(191m) BS-kP11-22-24-bs4762(191m),,provisional,15,林道からの入口（マイカー進入可否を要確認）、公式情報または2情報源での確認が必要,"国土数値情報（バス停留所データ）令和4年度（国土交通省）P11-22-24-bs4758（JGD2011）を加工して作成 ｜ OpenStreetMap（© OpenStreetMap contributors, ODbL 1.0）Geofabrik japan-latest.osm.pbf 2026-09-23T20:22:04Z node/1304294428（登山道と道路の接続点）",
TH-kP11-22-24-bs5100,trailhead,鷲毛,34.102457,136.2083291,WGS84,724,天狗倉山,東海の百山,OSM登山道「伊勢路」,駐車場・バス停（林道・車道を経由して登山道へ）,天狗倉山:1.85km,PK-w219900920(45m) BS-kP11-22-24-bs5100(0m) BS-kP11-22-24-bs5100(0m) BS-kP11-22-24-bs5096(159m),OSM登山ルート: 伊勢路,provisional,15,公式情報または2情報源での確認が必要,"国土数値情報（バス停留所データ）令和4年度（国土交通省）P11-22-24-bs5100（JGD2011）を加工して作成 ｜ OpenStreetMap（© OpenStreetMap contributors, ODbL 1.0）Geofabrik japan-latest.osm.pbf 2026-09-23T20:22:04Z node/5872954378（登山道と道路の接続点）",
TH-kP11-22-24-bs636,trailhead,栃谷,35.018255,136.4601827,WGS84,585 589 595 601 602 607 609 611,三池岳、釈迦ヶ岳、尾高山、雨乞岳、御在所岳、鎌ヶ岳、入道ヶ岳、宮指路岳,東海の百山|日本二百名山|日本三百名山|関西百名山,OSM登山道「東海自然歩道」,駐車場・バス停（林道・車道を経由して登山道へ）,三池岳:15.3km 釈迦ヶ岳:12.09km 尾高山:15.09km 雨乞岳:11.69km 御在所岳:7.16km 鎌ヶ岳:10.01km 入道ヶ岳:15.19km 宮指路岳:15.67km,BS-kP11-22-24-bs636(0m) BS-kP11-22-24-bs638(278m) BS-kP11-22-24-bs645(451m),,provisional,15,近くの道路にゲートあり（車両通行止め・季節閉鎖の可能性）、林道からの入口（マイカー進入可否を要確認）、公式情報または2情報源での確認が必要,"国土数値情報（バス停留所データ）令和4年度（国土交通省）P11-22-24-bs636（JGD2011）を加工して作成 ｜ OpenStreetMap（© OpenStreetMap contributors, ODbL 1.0）Geofabrik japan-latest.osm.pbf 2026-09-23T20:22:04Z node/13533635563（登山道と道路の接続点）",
TH-n10069946755,trailhead,十八楼,35.4378937,136.7721514,WGS84,468,金華山,東海の百山,,施設（山小屋・宿・キャンプ場）からの入口,金華山:0.88km,PK-w1100587739(64m) PK-w1100587738(75m) PK-w1101517545(163m) BS-kP11-22-21-bs3890(110m) BS-kP11-22-21-bs3890(110m) BS-n6353736547(321m),,provisional,15,公式情報または2情報源での確認が必要,"OpenStreetMap（© OpenStreetMap contributors, ODbL 1.0）Geofabrik japan-latest.osm.pbf 2026-09-23T20:22:04Z node/10069946755",
TH-n1007806954,trailhead,（名称未確認）,34.9074575,137.4220417,WGS84,618,本宮山,東海の百山,OSM登山道「本宮山登山道」,一般道との接続,本宮山:0.29km,PK-w264452393(266m),,provisional,30,名称未確認、公式情報または2情報源での確認が必要,"OpenStreetMap（© OpenStreetMap contributors, ODbL 1.0）Geofabrik japan-latest.osm.pbf 2026-09-23T20:22:04Z node/1007806954（登山道と道路の接続点）",
TH-n1013078396,trailhead,面の木登山口,35.1875862,137.5779628,WGS84,552,天狗棚,東海の百山,,登山口（OSMの登山口地物）,天狗棚:0.38km,PK-w156796688(45m),,provisional,15,公式情報または2情報源での確認が必要,"OpenStreetMap（© OpenStreetMap contributors, ODbL 1.0）Geofabrik japan-latest.osm.pbf 2026-09-23T20:22:04Z node/1013078396",
TH-n1014208640,trailhead,登山口,35.006625,137.6177976,WGS84,584 608,岩古谷山、鳳来寺山,東海の百山,,登山口（OSMの登山口地物）,岩古谷山:13.21km 鳳来寺山:6.73km,,,provisional,15,公式情報または2情報源での確認が必要,"OpenStreetMap（© OpenStreetMap contributors, ODbL 1.0）Geofabrik japan-latest.osm.pbf 2026-09-23T20:22:04Z node/1014208640",
TH-n1024190882,trailhead,雲龍荘,34.9727933,137.58171,WGS84,608,鳳来寺山,東海の百山,,施設（山小屋・宿・キャンプ場）からの入口,鳳来寺山:1.64km,PK-w95039271(60m) PK-w88319389(283m) BS-kP11-22-23-bs6506(673m),,provisional,15,公式情報または2情報源での確認が必要,"OpenStreetMap（© OpenStreetMap contributors, ODbL 1.0）Geofabrik japan-latest.osm.pbf 2026-09-23T20:22:04Z node/1024190882",
TH-n1024226932,trailhead,（名称未確認）豊根市原バス停付近,35.1888011,137.804758,WGS84,546,八嶽山,東海の百山,OSM登山道「八嶽山登山道」,一般道との接続,八嶽山:4.2km,PK-w154309246(41m) PK-w154429887(308m) BS-kP11-22-23-bs2514(162m) BS-kP11-22-23-bs2512(464m) BS-n947566045(562m),,provisional,30,名称未確認、公式情報または2情報源での確認が必要,"OpenStreetMap（© OpenStreetMap contributors, ODbL 1.0）Geofabrik japan-latest.osm.pbf 2026-09-23T20:22:04Z node/1024226932（登山道と道路の接続点）",
TH-n1024226974,trailhead,（名称未確認）,35.1964823,137.7925443,WGS84,546,八嶽山,東海の百山,OSM登山道「八嶽山登山道」,林道との接続,八嶽山:2.17km,,,candidate,30,名称未確認、林道からの入口（マイカー進入可否を要確認）、公式情報または2情報源での確認が必要,"OpenStreetMap（© OpenStreetMap contributors, ODbL 1.0）Geofabrik japan-latest.osm.pbf 2026-09-23T20:22:04Z node/1024226974（登山道と道路の接続点）",
TH-n10298086666,trailhead,（名称未確認）,35.1645209,137.4935008,WGS84,568,段戸山,東海の百山,,道路の終点付近,段戸山:1.46km,,,candidate,30,名称未確認、林道からの入口（マイカー進入可否を要確認）、公式情報または2情報源での確認が必要,"OpenStreetMap（© OpenStreetMap contributors, ODbL 1.0）Geofabrik japan-latest.osm.pbf 2026-09-23T20:22:04Z node/10298086666（登山道と道路の接続点）",
TH-n10298544926,trailhead,（名称未確認）,35.6549495,136.8769026,WGS84,417,瓢ヶ岳,東海の百山,,道路の終点付近,瓢ヶ岳:1.44km,,,candidate,30,名称未確認、林道からの入口（マイカー進入可否を要確認）、公式情報または2情報源での確認が必要,"OpenStreetMap（© OpenStreetMap contributors, ODbL 1.0）Geofabrik japan-latest.osm.pbf 2026-09-23T20:22:04Z node/10298544926（登山道と道路の接続点）",
TH-n10304735195,trailhead,（名称未確認）栗栖バス停付近,35.4133692,136.9654837,WGS84,476,鳩吹山,東海の百山,OSM登山道「東山遊歩道 (Higashiyama Stroll road)」、OSM登山道「桃山遊歩道 (Momoyama Stroll road)」,一般道との接続,鳩吹山:4.21km,BS-kP11-22-23-bs3(267m) BS-kP11-22-23-bs2(348m) BS-kP11-22-23-bs1(507m),,provisional,30,名称未確認、公式情報または2情報源での確認が必要,"OpenStreetMap（© OpenStreetMap contributors, ODbL 1.0）Geofabrik japan-latest.osm.pbf 2026-09-23T20:22:04Z node/10304735195（登山道と道路の接続点）",
TH-n1051156172,trailhead,（名称未確認）新和市バス停付近,35.0881619,137.5969115,WGS84,584,岩古谷山,東海の百山,,一般道との接続,岩古谷山:0.34km,PK-w96022402(464m) BS-kP11-22-23-bs4878(478m) BS-kP11-22-23-bs4876(742m),,provisional,30,名称未確認、公式情報または2情報源での確認が必要,"OpenStreetMap（© OpenStreetMap contributors, ODbL 1.0）Geofabrik japan-latest.osm.pbf 2026-09-23T20:22:04Z node/1051156172（登山道と道路の接続点）",
TH-n1060670388,trailhead,（名称未確認）豊根市原バス停付近,35.1907392,137.8077491,WGS84,546,八嶽山,東海の百山,OSM登山道「八嶽山登山道」,一般道との接続,八嶽山:1.99km,PK-w154429887(80m) PK-w154309246(305m) BS-kP11-22-23-bs2514(187m) BS-kP11-22-23-bs2512(198m) BS-n947566045(325m),,provisional,30,名称未確認、登山道が道路を横断する地点（途中の入口の可能性）、公式情報または2情報源での確認が必要,"OpenStreetMap（© OpenStreetMap contributors, ODbL 1.0）Geofabrik japan-latest.osm.pbf 2026-09-23T20:22:04Z node/1060670388（登山道と道路の接続点）",
TH-n11024151369,trailhead,（名称未確認）,35.5150111,137.3361102,WGS84,444,笠置山,東海の百山,,道路の終点付近,笠置山:1.2km,,,candidate,30,名称未確認、近くの道路にゲートあり（車両通行止め・季節閉鎖の可能性）、林道からの入口（マイカー進入可否を要確認）、公式情報または2情報源での確認が必要,"OpenStreetMap（© OpenStreetMap contributors, ODbL 1.0）Geofabrik japan-latest.osm.pbf 2026-09-23T20:22:04Z node/11024151369（登山道と道路の接続点）",
TH-n11295443658,trailhead,（名称未確認）,35.2318361,138.7716855,WGS84,539,愛鷹山,日本二百名山|日本三百名山,,一般道との接続,愛鷹山:3.72km,PK-w1327734891(428m),,provisional,30,名称未確認、近くの道路にゲートあり（車両通行止め・季節閉鎖の可能性）、公式情報または2情報源での確認が必要,"OpenStreetMap（© OpenStreetMap contributors, ODbL 1.0）Geofabrik japan-latest.osm.pbf 2026-09-23T20:22:04Z node/11295443658（登山道と道路の接続点）",
TH-n11329320149,trailhead,（名称未確認）,35.1553211,137.5000951,WGS84,568,段戸山,東海の百山,,一般道（県道以上）との接続,段戸山:0.58km,,,candidate,30,名称未確認、公式情報または2情報源での確認が必要,"OpenStreetMap（© OpenStreetMap contributors, ODbL 1.0）Geofabrik japan-latest.osm.pbf 2026-09-23T20:22:04Z node/11329320149（登山道と道路の接続点）",
TH-n11502866565,trailhead,（名称未確認）,35.8687439,137.2410109,WGS84,372,御前山,東海の百山,,一般道との接続,御前山:4.13km,,,candidate,30,名称未確認、公式情報または2情報源での確認が必要,"OpenStreetMap（© OpenStreetMap contributors, ODbL 1.0）Geofabrik japan-latest.osm.pbf 2026-09-23T20:22:04Z node/11502866565（登山道と道路の接続点）",
TH-n11652923803,trailhead,（名称未確認）,35.9403803,136.9648125,WGS84,359,鷲ヶ岳,日本三百名山,,林道との接続,鷲ヶ岳:0.62km,,,candidate,30,名称未確認、林道からの入口（マイカー進入可否を要確認）、公式情報または2情報源での確認が必要,"OpenStreetMap（© OpenStreetMap contributors, ODbL 1.0）Geofabrik japan-latest.osm.pbf 2026-09-23T20:22:04Z node/11652923803（登山道と道路の接続点）",
TH-n11652933285,trailhead,（名称未確認）,35.9418677,136.9586991,WGS84,359,鷲ヶ岳,日本三百名山,,林道との接続,鷲ヶ岳:1.27km,,,candidate,30,名称未確認、林道からの入口（マイカー進入可否を要確認）、公式情報または2情報源での確認が必要,"OpenStreetMap（© OpenStreetMap contributors, ODbL 1.0）Geofabrik japan-latest.osm.pbf 2026-09-23T20:22:04Z node/11652933285（登山道と道路の接続点）",
TH-n11681493838,trailhead,（名称未確認）,35.5542524,137.0962492,WGS84,438,納古山,東海の百山,,林道との接続,納古山:1.4km,,,candidate,30,名称未確認、林道からの入口（マイカー進入可否を要確認）、公式情報または2情報源での確認が必要,"OpenStreetMap（© OpenStreetMap contributors, ODbL 1.0）Geofabrik japan-latest.osm.pbf 2026-09-23T20:22:04Z node/11681493838（登山道と道路の接続点）",
TH-n11687630067,trailhead,（名称未確認）,35.9964523,137.1465102,WGS84,353,川上岳,日本三百名山|東海の百山,,道路の終点付近,川上岳:2.05km,,,candidate,30,名称未確認、林道からの入口（マイカー進入可否を要確認）、公式情報または2情報源での確認が必要,"OpenStreetMap（© OpenStreetMap contributors, ODbL 1.0）Geofabrik japan-latest.osm.pbf 2026-09-23T20:22:04Z node/11687630067（登山道と道路の接続点）",
TH-n11881870614,trailhead,（名称未確認）不破高校前バス停付近,35.358616,136.522049,WGS84,499,南宮山,東海の百山,,林道との接続,南宮山:2.52km,PK-w838553685(403m) PK-w838553684(421m) PK-w838491661(435m) BS-kP11-22-21-bs5452(420m),,provisional,30,名称未確認、林道からの入口（マイカー進入可否を要確認）、公式情報または2情報源での確認が必要,"OpenStreetMap（© OpenStreetMap contributors, ODbL 1.0）Geofabrik japan-latest.osm.pbf 2026-09-23T20:22:04Z node/11881870614（登山道と道路の接続点）",
TH-n11917466308,trailhead,（名称未確認）,35.4548694,136.5186158,WGS84,464,池田山,東海の百山,,道路の終点付近,池田山:1.72km,,,candidate,30,名称未確認、林道からの入口（マイカー進入可否を要確認）、公式情報または2情報源での確認が必要,"OpenStreetMap（© OpenStreetMap contributors, ODbL 1.0）Geofabrik japan-latest.osm.pbf 2026-09-23T20:22:04Z node/11917466308（登山道と道路の接続点）",
TH-n1192598329,trailhead,（名称未確認）,35.2146991,137.6577005,WGS84,542,萩太郎山,東海の百山,,索道駅（ロープウェイ・ゴンドラ）,萩太郎山:0.06km,,,provisional,15,名称未確認、公式情報または2情報源での確認が必要,"OpenStreetMap（© OpenStreetMap contributors, ODbL 1.0）Geofabrik japan-latest.osm.pbf 2026-09-23T20:22:04Z node/1192598329",
TH-n1192598332,trailhead,（名称未確認）第3駐車場付近,35.2191124,137.6567242,WGS84,542,萩太郎山,東海の百山,,索道駅（ロープウェイ・ゴンドラ）,萩太郎山:0.7km,PK-w142457118(248m) PK-w142454861(274m) PK-w142457418(287m),,provisional,15,名称未確認、公式情報または2情報源での確認が必要,"OpenStreetMap（© OpenStreetMap contributors, ODbL 1.0）Geofabrik japan-latest.osm.pbf 2026-09-23T20:22:04Z node/1192598332",
TH-n11934169583,trailhead,八鬼山登り口 (尾鷲市街側),34.0562533,136.2051918,WGS84,731,八鬼山,東海の百山,,登山口（OSMの登山口地物）,八鬼山:3.54km,PK-w1287550504(451m) BS-kP11-22-24-bs5155(360m) BS-kP11-22-24-bs5153(497m) BS-kP11-22-24-bs5151(719m),,provisional,15,近くの道路にゲートあり（車両通行止め・季節閉鎖の可能性）、公式情報または2情報源での確認が必要,"OpenStreetMap（© OpenStreetMap contributors, ODbL 1.0）Geofabrik japan-latest.osm.pbf 2026-09-23T20:22:04Z node/11934169583",
TH-n11936184397,trailhead,（名称未確認）すき家駐車場付近,34.074178,136.1871645,WGS84,724,天狗倉山,東海の百山,,道路の終点付近,天狗倉山:7.29km,PK-w1286969885(62m) PK-w1286971167(159m) PK-w1286978247(177m) BS-kP11-22-24-bs5114(331m) BS-kP11-22-24-bs5115(331m) BS-kP11-22-24-bs5109(390m),,provisional,30,名称未確認、近くの道路にゲートあり（車両通行止め・季節閉鎖の可能性）、林道からの入口（マイカー進入可否を要確認）、公式情報または2情報源での確認が必要,"OpenStreetMap（© OpenStreetMap contributors, ODbL 1.0）Geofabrik japan-latest.osm.pbf 2026-09-23T20:22:04Z node/11936184397（登山道と道路の接続点） ｜ 国土地理院 地名検索「尾鷲警察署」（34.075202, 136.189230、JGD2011、222m差）2026-09-20確認",2026-09-20
TH-n1203909303,trailhead,（名称未確認）新和市バス停付近,35.095267,137.598965,WGS84,584,岩古谷山,東海の百山,OSM登山道「東海自然歩道」,道路の終点付近,岩古谷山:1.71km,PK-w96022402(348m) BS-kP11-22-23-bs4878(497m) BS-kP11-22-23-bs4876(844m),,provisional,30,名称未確認、林道からの入口（マイカー進入可否を要確認）、公式情報または2情報源での確認が必要,"OpenStreetMap（© OpenStreetMap contributors, ODbL 1.0）Geofabrik japan-latest.osm.pbf 2026-09-23T20:22:04Z node/1203909303（登山道と道路の接続点）",
TH-n12072813843,trailhead,鳥倉登山口から三伏峠小屋まで4/10,35.5553669,138.1243536,WGS84,431 449,塩見岳、悪沢岳,日本百名山|日本二百名山|日本三百名山|甲信越百名山,OSM登山道「三伏峠鳥倉ルート」,登山口（OSMの登山口地物）,塩見岳:8.38km 悪沢岳:16.1km,,OSM登山ルート: 三伏峠鳥倉ルート,provisional,15,公式情報または2情報源での確認が必要,"OpenStreetMap（© OpenStreetMap contributors, ODbL 1.0）Geofabrik japan-latest.osm.pbf 2026-09-23T20:22:04Z node/12072813843",
TH-n12072813844,trailhead,鳥倉登山口から三伏峠小屋まで6/10,35.5571397,138.1314319,WGS84,431 449,塩見岳、悪沢岳,日本百名山|日本二百名山|日本三百名山|甲信越百名山,OSM登山道「三伏峠鳥倉ルート」,登山口（OSMの登山口地物）,塩見岳:7.53km 悪沢岳:15.24km,,OSM登山ルート: 三伏峠鳥倉ルート,provisional,15,公式情報または2情報源での確認が必要,"OpenStreetMap（© OpenStreetMap contributors, ODbL 1.0）Geofabrik japan-latest.osm.pbf 2026-09-23T20:22:04Z node/12072813844",
TH-n12072895174,trailhead,鳥倉登山口から三伏峠小屋まで7/10,35.5558371,138.1349725,WGS84,431 449,塩見岳、悪沢岳,日本百名山|日本二百名山|日本三百名山|甲信越百名山,OSM登山道「三伏峠鳥倉ルート」,登山口（OSMの登山口地物）,塩見岳:7.06km 悪沢岳:14.77km,,OSM登山ルート: 三伏峠鳥倉ルート,provisional,15,公式情報または2情報源での確認が必要,"OpenStreetMap（© OpenStreetMap contributors, ODbL 1.0）Geofabrik japan-latest.osm.pbf 2026-09-23T20:22:04Z node/12072895174",
TH-n12154868118,trailhead,（名称未確認）,35.6058412,136.4701454,WGS84,426,小津権現山,東海の百山,,一般道（県道以上）との接続,小津権現山:3.42km,,,candidate,30,名称未確認、公式情報または2情報源での確認が必要,"OpenStreetMap（© OpenStreetMap contributors, ODbL 1.0）Geofabrik japan-latest.osm.pbf 2026-09-23T20:22:04Z node/12154868118（登山道と道路の接続点）",
TH-n12174119167,trailhead,国見峠,35.4674094,136.4133062,WGS84,459,国見岳,東海の百山,,峠（道路との接続）,国見岳:1.31km,,,adopted,30,登山道が道路を横断する地点（途中の入口の可能性）,"OpenStreetMap（© OpenStreetMap contributors, ODbL 1.0）Geofabrik japan-latest.osm.pbf 2026-09-23T20:22:04Z node/12174119167（登山道と道路の接続点） ｜ 国土地理院 地名検索「国見峠」（35.467348, 136.413262、JGD2011、8m差）2026-09-20確認",2026-09-20
TH-n1281038241,trailhead,鞍掛峠,35.8012384,137.3538965,WGS84,385,白草山,東海の百山,,峠（道路との接続）,白草山:2.22km,,,candidate,30,林道上の地点（尾根上の峠・山小屋の可能性。登山口かどうか要確認）、林道からの入口（マイカー進入可否を要確認）、公式情報または2情報源での確認が必要,"OpenStreetMap（© OpenStreetMap contributors, ODbL 1.0）Geofabrik japan-latest.osm.pbf 2026-09-23T20:22:04Z node/1281038241（登山道と道路の接続点） ｜ 国土地理院 地名検索「鞍掛峠」（35.801359, 137.353854、JGD2011、14m差）2026-09-20確認",2026-09-20
TH-n1284885147,trailhead,（名称未確認）,35.2444778,136.5585431,WGS84,525,養老山,東海の百山,,林道との接続,養老山:5.78km,PK-w642862281(423m),,provisional,30,名称未確認、林道からの入口（マイカー進入可否を要確認）、公式情報または2情報源での確認が必要,"OpenStreetMap（© OpenStreetMap contributors, ODbL 1.0）Geofabrik japan-latest.osm.pbf 2026-09-23T20:22:04Z node/1284885147（登山道と道路の接続点）",
TH-n1285586565,trailhead,（名称未確認）清風楼付近,35.2817237,136.5397136,WGS84,525,養老山,東海の百山,,一般道との接続,養老山:2.98km,PK-n12351021620(343m) PK-w1335037502(368m),,provisional,30,名称未確認、登山道が道路を横断する地点（途中の入口の可能性）、近くの道路にゲートあり（車両通行止め・季節閉鎖の可能性）、公式情報または2情報源での確認が必要,"OpenStreetMap（© OpenStreetMap contributors, ODbL 1.0）Geofabrik japan-latest.osm.pbf 2026-09-23T20:22:04Z node/1285586565（登山道と道路の接続点）",
TH-n1285600264,trailhead,（名称未確認）もみじ峠付近,35.280488,136.5229811,WGS84,525,養老山,東海の百山,,峠（道路との接続）,養老山:2.43km,,,candidate,30,名称未確認、登山道が道路を横断する地点（途中の入口の可能性）、公式情報または2情報源での確認が必要,"OpenStreetMap（© OpenStreetMap contributors, ODbL 1.0）Geofabrik japan-latest.osm.pbf 2026-09-23T20:22:04Z node/1285600264（登山道と道路の接続点）",
TH-n12883289955,trailhead,（名称未確認）,35.8034558,137.2825376,WGS84,384,湯ヶ峰,東海の百山,OSM登山道「湯ヶ峰登山道」,道路の終点付近,湯ヶ峰:0.32km,,,candidate,30,名称未確認、林道からの入口（マイカー進入可否を要確認）、公式情報または2情報源での確認が必要,"OpenStreetMap（© OpenStreetMap contributors, ODbL 1.0）Geofabrik japan-latest.osm.pbf 2026-09-23T20:22:04Z node/12883289955（登山道と道路の接続点）",
TH-n1290430067,trailhead,（名称未確認）,35.5764311,136.5178044,WGS84,426,小津権現山,東海の百山,,一般道（県道以上）との接続,小津権現山:4.06km,,,candidate,30,名称未確認、公式情報または2情報源での確認が必要,"OpenStreetMap（© OpenStreetMap contributors, ODbL 1.0）Geofabrik japan-latest.osm.pbf 2026-09-23T20:22:04Z node/1290430067（登山道と道路の接続点）",
TH-n1290439944,trailhead,冠山峠（冠山登山口）,35.7883882,136.3930026,WGS84,392,冠山,日本三百名山|東海の百山,,一般道との接続,冠山:2.17km,PK-w686724988(21m),,adopted,15,登山道が道路を横断する地点（途中の入口の可能性）、近くの道路にゲートあり（車両通行止め・季節閉鎖の可能性）、冠山峠は冠山への登山口、国土地理院の地名「冠山峠」、地理院地図の徒歩道の起点（4m差）、OSMの地点の位置が一致、峠へ通じる道路の通行状況は入山前に確認すること,"OpenStreetMap（© OpenStreetMap contributors, ODbL 1.0）Geofabrik japan-latest.osm.pbf 2026-09-23T20:22:04Z node/1290439944（登山道と道路の接続点） ｜ 国土地理院 地名検索「冠山峠」（35.788392, 136.393007、JGD2011、1m差）2026-09-21確認 ｜ 国土地理院ベクトルタイル提供実験 地理院地図の徒歩道の起点（35.788371, 136.393040、JGD2011、4m差）2026-09-21確認",2026-09-20
TH-n1290448066,trailhead,（名称未確認）,35.4518356,136.5188263,WGS84,464,池田山,東海の百山,,道路の終点付近,池田山:1.39km,,,candidate,30,名称未確認、林道からの入口（マイカー進入可否を要確認）、公式情報または2情報源での確認が必要,"OpenStreetMap（© OpenStreetMap contributors, ODbL 1.0）Geofabrik japan-latest.osm.pbf 2026-09-23T20:22:04Z node/1290448066（登山道と道路の接続点）",
TH-n1290452941,trailhead,（名称未確認）,35.5211163,136.4140358,WGS84,442,貝月山,東海の百山,,一般道との接続,貝月山:0.95km,,,candidate,30,名称未確認、公式情報または2情報源での確認が必要,"OpenStreetMap（© OpenStreetMap contributors, ODbL 1.0）Geofabrik japan-latest.osm.pbf 2026-09-23T20:22:04Z node/1290452941（登山道と道路の接続点）",
TH-n1290470598,trailhead,（名称未確認）,35.5163648,136.4140888,WGS84,442,貝月山,東海の百山,,一般道との接続,貝月山:1.05km,,,candidate,30,名称未確認、公式情報または2情報源での確認が必要,"OpenStreetMap（© OpenStreetMap contributors, ODbL 1.0）Geofabrik japan-latest.osm.pbf 2026-09-23T20:22:04Z node/1290470598（登山道と道路の接続点）",
TH-n1290471184,trailhead,（名称未確認）,35.6113348,136.4758875,WGS84,426,小津権現山,東海の百山,,一般道との接続,小津権現山:3.73km,,,candidate,30,名称未確認、公式情報または2情報源での確認が必要,"OpenStreetMap（© OpenStreetMap contributors, ODbL 1.0）Geofabrik japan-latest.osm.pbf 2026-09-23T20:22:04Z node/1290471184（登山道と道路の接続点）",
TH-n1290505351,trailhead,（名称未確認）,35.6065558,136.4838128,WGS84,426,小津権現山,東海の百山,,林道との接続,小津権現山:1.76km,,,candidate,30,名称未確認、林道からの入口（マイカー進入可否を要確認）、公式情報または2情報源での確認が必要,"OpenStreetMap（© OpenStreetMap contributors, ODbL 1.0）Geofabrik japan-latest.osm.pbf 2026-09-23T20:22:04Z node/1290505351（登山道と道路の接続点）",
TH-n1290533009,trailhead,（名称未確認）,35.666089,136.3063589,WGS84,408,三周ヶ岳,東海の百山,,一般道との接続,三周ヶ岳:3.93km,,,candidate,30,名称未確認、公式情報または2情報源での確認が必要,"OpenStreetMap（© OpenStreetMap contributors, ODbL 1.0）Geofabrik japan-latest.osm.pbf 2026-09-23T20:22:04Z node/1290533009（登山道と道路の接続点）",
TH-n1291588152,trailhead,（名称未確認）,35.435904,136.5184866,WGS84,464,池田山,東海の百山,,一般道との接続,池田山:0.66km,,,candidate,30,名称未確認、登山道が道路を横断する地点（途中の入口の可能性）、公式情報または2情報源での確認が必要,"OpenStreetMap（© OpenStreetMap contributors, ODbL 1.0）Geofabrik japan-latest.osm.pbf 2026-09-23T20:22:04Z node/1291588152（登山道と道路の接続点）",
TH-n1294019976,trailhead,（名称未確認）,35.5524496,137.103036,WGS84,438,納古山,東海の百山,,道路の終点付近,納古山:2.14km,,,candidate,30,名称未確認、林道からの入口（マイカー進入可否を要確認）、公式情報または2情報源での確認が必要,"OpenStreetMap（© OpenStreetMap contributors, ODbL 1.0）Geofabrik japan-latest.osm.pbf 2026-09-23T20:22:04Z node/1294019976（登山道と道路の接続点）",
TH-n1294022331,trailhead,（名称未確認）,35.534086,137.093371,WGS84,438,納古山,東海の百山,,一般道との接続,納古山:2.35km,,,candidate,30,名称未確認、公式情報または2情報源での確認が必要,"OpenStreetMap（© OpenStreetMap contributors, ODbL 1.0）Geofabrik japan-latest.osm.pbf 2026-09-23T20:22:04Z node/1294022331（登山道と道路の接続点）",
TH-n1294024856,trailhead,（名称未確認）,35.537876,137.077246,WGS84,438,納古山,東海の百山,,道路の終点付近,納古山:2.16km,,,candidate,30,名称未確認、林道からの入口（マイカー進入可否を要確認）、公式情報または2情報源での確認が必要,"OpenStreetMap（© OpenStreetMap contributors, ODbL 1.0）Geofabrik japan-latest.osm.pbf 2026-09-23T20:22:04Z node/1294024856（登山道と道路の接続点）",
TH-n1294311430,trailhead,（名称未確認）,35.87806,137.297077,WGS84,372,御前山,東海の百山,,道路の終点付近,御前山:2.85km,,,candidate,30,名称未確認、林道からの入口（マイカー進入可否を要確認）、公式情報または2情報源での確認が必要,"OpenStreetMap（© OpenStreetMap contributors, ODbL 1.0）Geofabrik japan-latest.osm.pbf 2026-09-23T20:22:04Z node/1294311430（登山道と道路の接続点）",
TH-n1294406833,trailhead,（名称未確認）,35.829878,137.13145,WGS84,380,簗谷山,東海の百山,,道路の終点付近,簗谷山:1.75km,,,candidate,30,名称未確認、林道からの入口（マイカー進入可否を要確認）、公式情報または2情報源での確認が必要,"OpenStreetMap（© OpenStreetMap contributors, ODbL 1.0）Geofabrik japan-latest.osm.pbf 2026-09-23T20:22:04Z node/1294406833（登山道と道路の接続点）",
TH-n1294548263,trailhead,（名称未確認）,35.8046758,137.3188873,WGS84,385,白草山,東海の百山,,道路の終点付近,白草山:2.08km,,,candidate,30,名称未確認、林道からの入口（マイカー進入可否を要確認）、公式情報または2情報源での確認が必要,"OpenStreetMap（© OpenStreetMap contributors, ODbL 1.0）Geofabrik japan-latest.osm.pbf 2026-09-23T20:22:04Z node/1294548263（登山道と道路の接続点）",
TH-n1294577314,trailhead,（名称未確認）,36.025609,137.202182,WGS84,345,位山,日本二百名山|日本三百名山|東海の百山,,道路の終点付近,位山:1.75km,,,candidate,30,名称未確認、林道からの入口（マイカー進入可否を要確認）、公式情報または2情報源での確認が必要,"OpenStreetMap（© OpenStreetMap contributors, ODbL 1.0）Geofabrik japan-latest.osm.pbf 2026-09-23T20:22:04Z node/1294577314（登山道と道路の接続点）",
TH-n1294704551,trailhead,（名称未確認）,35.884478,137.247096,WGS84,372,御前山,東海の百山,,一般道との接続,御前山:3.52km,,,candidate,30,名称未確認、公式情報または2情報源での確認が必要,"OpenStreetMap（© OpenStreetMap contributors, ODbL 1.0）Geofabrik japan-latest.osm.pbf 2026-09-23T20:22:04Z node/1294704551（登山道と道路の接続点）",
TH-n1295070154,trailhead,（名称未確認）,35.4268099,136.9648769,WGS84,470,金比羅山,東海の百山,,一般道との接続,金比羅山:2.29km,PK-n2096133117(113m) PK-n2096133106(345m),,provisional,30,名称未確認、登山道が道路を横断する地点（途中の入口の可能性）、公式情報または2情報源での確認が必要,"OpenStreetMap（© OpenStreetMap contributors, ODbL 1.0）Geofabrik japan-latest.osm.pbf 2026-09-23T20:22:04Z node/1295070154（登山道と道路の接続点）",
TH-n1295174890,trailhead,天生峠（籾糠山登山口）,36.25739,136.964035,WGS84,322 325,籾糠山、猿ヶ馬場山,東海の百山|日本三百名山,,道路の終点付近,籾糠山:3.54km 猿ヶ馬場山:4.78km,PK-w771023955(33m) PK-w771023952(55m),fee=天生県立自然公園 森林環境整備協力金 500円; season=国道360号 天生峠は冬期閉鎖（例年6〜7月に開通）,adopted,15,"林道からの入口（マイカー進入可否を要確認）、天生峠は国道360号で飛騨市河合町と白川村を結ぶ。冬期閉鎖され、2026年は7月3日に飛騨市側が開通（白川村・飛騨市）、天生県立自然公園（1,638ha）内の自然保護のため、入山者に森林環境整備協力金500円が求められる（岐阜県・飛騨市）、籾糠山へは天生湿原を経由する（岐阜県）、国土地理院 地名検索「天生峠」（36.257842, 136.962945、JGD2011）2026-09-20確認","OpenStreetMap（© OpenStreetMap contributors, ODbL 1.0）Geofabrik japan-latest.osm.pbf 2026-09-23T20:22:04Z node/1295174890（登山道と道路の接続点） ｜ 公式情報: https://www.vill.shirakawa.lg.jp/2216.htm ｜ 公式情報: https://www.kankou-gifu.jp/spot/detail_1267.html ｜ 公式情報: https://www.hida-kankou.jp/features/116",2026-09-20
TH-n1295220780,trailhead,（名称未確認）,36.254536,136.964465,WGS84,322 325,籾糠山、猿ヶ馬場山,東海の百山|日本三百名山,,道路の終点付近,籾糠山:2.94km 猿ヶ馬場山:4.18km,PK-w771023955(344m) PK-w771023952(370m),,provisional,30,名称未確認、林道からの入口（マイカー進入可否を要確認）、公式情報または2情報源での確認が必要,"OpenStreetMap（© OpenStreetMap contributors, ODbL 1.0）Geofabrik japan-latest.osm.pbf 2026-09-23T20:22:04Z node/1295220780（登山道と道路の接続点）",
TH-n1296120705,trailhead,（名称未確認）大桑市洞バス停付近,35.5561213,136.767406,WGS84,433,古城山,東海の百山,,道路の終点付近,古城山:1.27km,PK-w1315434659(477m) BS-kP11-22-21-bs2302(703m) BS-kP11-22-21-bs2313(776m) BS-kP11-22-21-bs2317(857m),,provisional,30,名称未確認、林道からの入口（マイカー進入可否を要確認）、公式情報または2情報源での確認が必要,"OpenStreetMap（© OpenStreetMap contributors, ODbL 1.0）Geofabrik japan-latest.osm.pbf 2026-09-23T20:22:04Z node/1296120705（登山道と道路の接続点）",
TH-n1296144057,trailhead,（名称未確認）,35.6452799,136.684746,WGS84,415,舟伏山,東海の百山,OSM登山道「登山道」,登山口（OSMの登山口地物）,舟伏山:3.15km,PK-w1121724752(22m),OSM登山ルート: 舟伏山登山道,provisional,15,名称未確認、公式情報または2情報源での確認が必要,"OpenStreetMap（© OpenStreetMap contributors, ODbL 1.0）Geofabrik japan-latest.osm.pbf 2026-09-23T20:22:04Z node/1296144057",
TH-n1296145011,trailhead,（名称未確認）神崎バス停付近,35.637136,136.704506,WGS84,415,舟伏山,東海の百山,,一般道との接続,舟伏山:4.12km,BS-kP11-22-21-bs1831(458m) BS-kP11-22-21-bs1832(458m) BS-kP11-22-21-bs1840(818m),,provisional,30,名称未確認、公式情報または2情報源での確認が必要,"OpenStreetMap（© OpenStreetMap contributors, ODbL 1.0）Geofabrik japan-latest.osm.pbf 2026-09-23T20:22:04Z node/1296145011（登山道と道路の接続点）",
TH-n1296149089,trailhead,（名称未確認）,35.5715651,136.7611314,WGS84,433,古城山,東海の百山,,一般道との接続,古城山:1.24km,,,candidate,30,名称未確認、登山道が道路を横断する地点（途中の入口の可能性）、公式情報または2情報源での確認が必要,"OpenStreetMap（© OpenStreetMap contributors, ODbL 1.0）Geofabrik japan-latest.osm.pbf 2026-09-23T20:22:04Z node/1296149089（登山道と道路の接続点）",
TH-n1296152257,trailhead,（名称未確認）,35.5615493,136.773022,WGS84,433,古城山,東海の百山,,一般道との接続,古城山:0.49km,,,candidate,30,名称未確認、公式情報または2情報源での確認が必要,"OpenStreetMap（© OpenStreetMap contributors, ODbL 1.0）Geofabrik japan-latest.osm.pbf 2026-09-23T20:22:04Z node/1296152257（登山道と道路の接続点）",
TH-n12996829261,trailhead,（名称未確認）,35.8710157,137.2347407,WGS84,372,御前山,東海の百山,OSM登山道「御前山上村ルート」,一般道との接続,御前山:4.55km,,,candidate,30,名称未確認、公式情報または2情報源での確認が必要,"OpenStreetMap（© OpenStreetMap contributors, ODbL 1.0）Geofabrik japan-latest.osm.pbf 2026-09-23T20:22:04Z node/12996829261（登山道と道路の接続点）",
TH-n1299696838,trailhead,木ノ実峠,35.349378,137.456751,WGS84,495,三森山,東海の百山,,峠（道路との接続）,三森山:4.04km,,,adopted,30,,"OpenStreetMap（© OpenStreetMap contributors, ODbL 1.0）Geofabrik japan-latest.osm.pbf 2026-09-23T20:22:04Z node/1299696838（登山道と道路の接続点） ｜ 国土地理院 地名検索「木ノ実峠」（35.346974, 137.457361、JGD2011、272m差）2026-09-20確認",2026-09-20
TH-n1299745181,trailhead,（名称未確認）,35.3610195,137.4746804,WGS84,495,三森山,東海の百山,,登山口（OSMの登山口地物）,三森山:1.98km,PK-w1195157297(100m),,provisional,15,名称未確認、公式情報または2情報源での確認が必要,"OpenStreetMap（© OpenStreetMap contributors, ODbL 1.0）Geofabrik japan-latest.osm.pbf 2026-09-23T20:22:04Z node/1299745181",
TH-n1299809854,trailhead,（名称未確認）森下（上矢作線）バス停付近,35.3433088,137.4621432,WGS84,495,三森山,東海の百山,,一般道との接続,三森山:4.81km,BS-kP11-22-21-bs5737(607m),,provisional,30,名称未確認、公式情報または2情報源での確認が必要,"OpenStreetMap（© OpenStreetMap contributors, ODbL 1.0）Geofabrik japan-latest.osm.pbf 2026-09-23T20:22:04Z node/1299809854（登山道と道路の接続点）",
TH-n1299927459,trailhead,（名称未確認）岩村歴史資料館前バス停付近,35.3598852,137.4538799,WGS84,495,三森山,東海の百山,,一般道との接続,三森山:4.26km,PK-w651223574(291m) BS-kP11-22-21-bs5395(785m),,provisional,30,名称未確認、公式情報または2情報源での確認が必要,"OpenStreetMap（© OpenStreetMap contributors, ODbL 1.0）Geofabrik japan-latest.osm.pbf 2026-09-23T20:22:04Z node/1299927459（登山道と道路の接続点）",
TH-n1299935864,trailhead,（名称未確認）,35.508227,137.340129,WGS84,444,笠置山,東海の百山,,一般道との接続,笠置山:1.21km,PK-n2392293831(24m) PK-n2392293813(431m) PK-n2392293828(491m),,provisional,30,名称未確認、登山道が道路を横断する地点（途中の入口の可能性）、近くの道路にゲートあり（車両通行止め・季節閉鎖の可能性）、公式情報または2情報源での確認が必要,"OpenStreetMap（© OpenStreetMap contributors, ODbL 1.0）Geofabrik japan-latest.osm.pbf 2026-09-23T20:22:04Z node/1299935864（登山道と道路の接続点）",
TH-n1300838093,trailhead,（名称未確認）,35.671208,137.513684,WGS84,409,奥三界岳,日本三百名山,,道路の終点付近,奥三界岳:2.05km,,,candidate,30,名称未確認、林道からの入口（マイカー進入可否を要確認）、公式情報または2情報源での確認が必要,"OpenStreetMap（© OpenStreetMap contributors, ODbL 1.0）Geofabrik japan-latest.osm.pbf 2026-09-23T20:22:04Z node/1300838093（登山道と道路の接続点）",
TH-n1301178846,trailhead,（名称未確認）,35.650163,137.529566,WGS84,418,夕森天然公園,東海の百山,,道路の終点付近,夕森天然公園:2.48km,,,candidate,30,名称未確認、林道からの入口（マイカー進入可否を要確認）、公式情報または2情報源での確認が必要,"OpenStreetMap（© OpenStreetMap contributors, ODbL 1.0）Geofabrik japan-latest.osm.pbf 2026-09-23T20:22:04Z node/1301178846（登山道と道路の接続点）",
TH-n1301954967,trailhead,（名称未確認）,34.4768397,136.7793192,WGS84,665,朝熊ヶ岳,東海の百山,,一般道（県道以上）との接続,朝熊ヶ岳:2.09km,,,candidate,30,名称未確認、公式情報または2情報源での確認が必要,"OpenStreetMap（© OpenStreetMap contributors, ODbL 1.0）Geofabrik japan-latest.osm.pbf 2026-09-23T20:22:04Z node/1301954967（登山道と道路の接続点）",
TH-n1301957234,trailhead,（名称未確認）金剛證寺バス停付近,34.4582229,136.7859239,WGS84,665,朝熊ヶ岳,東海の百山,,一般道との接続,朝熊ヶ岳:0.61km,PK-w1387494470(81m) PK-w1387494471(88m) PK-w1387494473(140m) BS-kP11-22-24-bs4403(173m) BS-kP11-22-24-bs4399(464m),,provisional,30,名称未確認、公式情報または2情報源での確認が必要,"OpenStreetMap（© OpenStreetMap contributors, ODbL 1.0）Geofabrik japan-latest.osm.pbf 2026-09-23T20:22:04Z node/1301957234（登山道と道路の接続点）",
TH-n1301974213,trailhead,（名称未確認）金剛證寺バス停付近,34.4612039,136.7784052,WGS84,665,朝熊ヶ岳,東海の百山,,一般道との接続,朝熊ヶ岳:0.29km,BS-kP11-22-24-bs4403(930m),,provisional,30,名称未確認、公式情報または2情報源での確認が必要,"OpenStreetMap（© OpenStreetMap contributors, ODbL 1.0）Geofabrik japan-latest.osm.pbf 2026-09-23T20:22:04Z node/1301974213（登山道と道路の接続点）",
TH-n1304296132,trailhead,（名称未確認）南勢小学校前バス停付近,34.351737,136.713432,WGS84,685,馬山,東海の百山,,一般道との接続,馬山:0.52km,BS-kP11-22-24-bs4735(531m) BS-kP11-22-24-bs4736(531m) BS-kP11-22-24-bs4745(613m),,provisional,30,名称未確認、公式情報または2情報源での確認が必要,"OpenStreetMap（© OpenStreetMap contributors, ODbL 1.0）Geofabrik japan-latest.osm.pbf 2026-09-23T20:22:04Z node/1304296132（登山道と道路の接続点）",
TH-n1304299537,trailhead,（名称未確認）切原バス停付近,34.3639638,136.7112162,WGS84,685,馬山,東海の百山,,道路の終点付近,馬山:0.9km,BS-kP11-22-24-bs4686(203m) BS-kP11-22-24-bs4672(256m) BS-kP11-22-24-bs4690(392m),,provisional,30,名称未確認、公式情報または2情報源での確認が必要,"OpenStreetMap（© OpenStreetMap contributors, ODbL 1.0）Geofabrik japan-latest.osm.pbf 2026-09-23T20:22:04Z node/1304299537（登山道と道路の接続点）",
TH-n1304300553,trailhead,（名称未確認）南島棚橋バス停付近,34.242744,136.432955,WGS84,708,姫越山,東海の百山,,一般道との接続,姫越山:7.05km,BS-kP11-22-24-bs5005(933m),,provisional,30,名称未確認、登山道が道路を横断する地点（途中の入口の可能性）、近くの道路にゲートあり（車両通行止め・季節閉鎖の可能性）、公式情報または2情報源での確認が必要,"OpenStreetMap（© OpenStreetMap contributors, ODbL 1.0）Geofabrik japan-latest.osm.pbf 2026-09-23T20:22:04Z node/1304300553（登山道と道路の接続点）",
TH-n1304305011,trailhead,（名称未確認）神津佐神社前バス停付近,34.3502666,136.733497,WGS84,685,馬山,東海の百山,,一般道（県道以上）との接続,馬山:2.25km,BS-kP11-22-24-bs4725(65m) BS-kP11-22-24-bs4756(654m) BS-kP11-22-24-bs4757(654m),,provisional,30,名称未確認、公式情報または2情報源での確認が必要,"OpenStreetMap（© OpenStreetMap contributors, ODbL 1.0）Geofabrik japan-latest.osm.pbf 2026-09-23T20:22:04Z node/1304305011（登山道と道路の接続点）",
TH-n1304322644,trailhead,（名称未確認）切原（回転場）バス停付近,34.362101,136.7145818,WGS84,685,馬山,東海の百山,,一般道との接続,馬山:0.69km,BS-kP11-22-24-bs4672(360m) BS-kP11-22-24-bs4686(365m) BS-kP11-22-24-bs4690(600m),,provisional,30,名称未確認、公式情報または2情報源での確認が必要,"OpenStreetMap（© OpenStreetMap contributors, ODbL 1.0）Geofabrik japan-latest.osm.pbf 2026-09-23T20:22:04Z node/1304322644（登山道と道路の接続点）",
TH-n1304864955,trailhead,（名称未確認）菅刈バス停付近,35.4131098,136.9984503,WGS84,476,鳩吹山,東海の百山,,一般道との接続,鳩吹山:0.73km,BS-kP11-22-21-bs4570(801m),,provisional,30,名称未確認、公式情報または2情報源での確認が必要,"OpenStreetMap（© OpenStreetMap contributors, ODbL 1.0）Geofabrik japan-latest.osm.pbf 2026-09-23T20:22:04Z node/1304864955（登山道と道路の接続点）",
TH-n1304866751,trailhead,（名称未確認）SpaResort；湯の華アイランド付近,35.4227744,137.0036302,WGS84,476,鳩吹山,東海の百山,,道路の終点付近,鳩吹山:0.66km,PK-w243123050(189m) PK-w243123049(249m) PK-w676214516(287m) BS-kP11-22-21-bs4143(195m) BS-kP11-22-21-bs4146(528m) BS-kP11-22-21-bs4147(528m),,provisional,30,名称未確認、登山道が道路を横断する地点（途中の入口の可能性）、近くの道路にゲートあり（車両通行止め・季節閉鎖の可能性）、公式情報または2情報源での確認が必要,"OpenStreetMap（© OpenStreetMap contributors, ODbL 1.0）Geofabrik japan-latest.osm.pbf 2026-09-23T20:22:04Z node/1304866751（登山道と道路の接続点）",
TH-n1304896995,trailhead,（名称未確認）,35.4016902,136.9812788,WGS84,482,継鹿尾山,東海の百山,,林道との接続,継鹿尾山:1.24km,,OSM登山ルート: 東海自然歩道,candidate,30,名称未確認、近くの道路にゲートあり（車両通行止め・季節閉鎖の可能性）、林道からの入口（マイカー進入可否を要確認）、公式情報または2情報源での確認が必要,"OpenStreetMap（© OpenStreetMap contributors, ODbL 1.0）Geofabrik japan-latest.osm.pbf 2026-09-23T20:22:04Z node/1304896995（登山道と道路の接続点）",
TH-n1307759074,trailhead,（名称未確認）,34.2219116,136.3995205,WGS84,708,姫越山,東海の百山,,一般道との接続,姫越山:2.42km,,,candidate,30,名称未確認、公式情報または2情報源での確認が必要,"OpenStreetMap（© OpenStreetMap contributors, ODbL 1.0）Geofabrik japan-latest.osm.pbf 2026-09-23T20:22:04Z node/1307759074（登山道と道路の接続点）",
TH-n1307764777,trailhead,（名称未確認）,34.2148617,136.4018941,WGS84,708,姫越山,東海の百山,,一般道との接続,姫越山:4.46km,,,candidate,30,名称未確認、登山道が道路を横断する地点（途中の入口の可能性）、公式情報または2情報源での確認が必要,"OpenStreetMap（© OpenStreetMap contributors, ODbL 1.0）Geofabrik japan-latest.osm.pbf 2026-09-23T20:22:04Z node/1307764777（登山道と道路の接続点）",
TH-n1307833568,trailhead,（名称未確認）加部峠付近,35.6707792,136.8479469,WGS84,414,高賀山,東海の百山,,峠（道路との接続）,高賀山:1.1km,,,candidate,30,名称未確認、林道からの入口（マイカー進入可否を要確認）、公式情報または2情報源での確認が必要,"OpenStreetMap（© OpenStreetMap contributors, ODbL 1.0）Geofabrik japan-latest.osm.pbf 2026-09-23T20:22:04Z node/1307833568（登山道と道路の接続点）",
TH-n1309265565,trailhead,（名称未確認）緑苑北バス停付近,35.42014,136.951061,WGS84,470,金比羅山,東海の百山,,林道との接続,金比羅山:1.28km,PK-w1443692373(395m) PK-w1443692374(453m) BS-kP11-22-21-bs4233(308m) BS-kP11-22-21-bs4314(563m) BS-kP11-22-21-bs4315(563m),,provisional,30,名称未確認、林道からの入口（マイカー進入可否を要確認）、公式情報または2情報源での確認が必要,"OpenStreetMap（© OpenStreetMap contributors, ODbL 1.0）Geofabrik japan-latest.osm.pbf 2026-09-23T20:22:04Z node/1309265565（登山道と道路の接続点）",
TH-n1309274033,trailhead,（名称未確認）各務おがせ町8丁目バス停付近,35.4087103,136.9165456,WGS84,479,八木山,東海の百山,OSM登山道「西登山道」,一般道との接続,八木山:1.52km,PK-w1445452158(351m) PK-w1445452151(379m) PK-w1443686636(427m) BS-kP11-22-21-bs4522(191m) BS-kP11-22-21-bs4510(548m) BS-kP11-22-21-bs4511(548m),,provisional,30,名称未確認、公式情報または2情報源での確認が必要,"OpenStreetMap（© OpenStreetMap contributors, ODbL 1.0）Geofabrik japan-latest.osm.pbf 2026-09-23T20:22:04Z node/1309274033（登山道と道路の接続点）",
TH-n1314206732,trailhead,（名称未確認）鵜飼屋バス停付近,35.4409256,136.7734974,WGS84,468,金華山,東海の百山,,道路の終点付近,金華山:1.43km,PK-w584041950(42m) PK-w584041949(48m) PK-w499327905(107m) BS-n6353736552(26m) BS-kP11-22-21-bs3791(77m) BS-kP11-22-21-bs3744(285m),,provisional,30,名称未確認、登山道が道路を横断する地点（途中の入口の可能性）、公式情報または2情報源での確認が必要,"OpenStreetMap（© OpenStreetMap contributors, ODbL 1.0）Geofabrik japan-latest.osm.pbf 2026-09-23T20:22:04Z node/1314206732（登山道と道路の接続点）",
TH-n1315156863,trailhead,（名称未確認）,35.059218,137.6644389,WGS84,598,明神山,東海の百山,,一般道との接続,明神山:1.97km,,,candidate,30,名称未確認、公式情報または2情報源での確認が必要,"OpenStreetMap（© OpenStreetMap contributors, ODbL 1.0）Geofabrik japan-latest.osm.pbf 2026-09-23T20:22:04Z node/1315156863（登山道と道路の接続点）",
TH-n1315159335,trailhead,（名称未確認）東栄中村バス停付近,35.0758242,137.6649664,WGS84,598,明神山,東海の百山,,一般道との接続,明神山:3.56km,BS-kP11-22-23-bs5178(128m) BS-kP11-22-23-bs5168(411m) BS-kP11-22-23-bs5218(862m),,provisional,30,名称未確認、公式情報または2情報源での確認が必要,"OpenStreetMap（© OpenStreetMap contributors, ODbL 1.0）Geofabrik japan-latest.osm.pbf 2026-09-23T20:22:04Z node/1315159335（登山道と道路の接続点）",
TH-n1315163484,trailhead,（名称未確認）三沢バス停付近,35.0730485,137.6775612,WGS84,598,明神山,東海の百山,,一般道との接続,明神山:3.92km,BS-kP11-22-23-bs5107(810m) BS-kP11-22-23-bs5168(908m),,provisional,30,名称未確認、公式情報または2情報源での確認が必要,"OpenStreetMap（© OpenStreetMap contributors, ODbL 1.0）Geofabrik japan-latest.osm.pbf 2026-09-23T20:22:04Z node/1315163484（登山道と道路の接続点）",
TH-n1316216916,trailhead,（名称未確認）瀬戸バス停付近,35.169077,137.78653,WGS84,567,日本ヶ塚山,東海の百山,,道路の終点付近,日本ヶ塚山:2.14km,BS-kP11-22-23-bs2967(397m) BS-n947572914(587m) BS-kP11-22-23-bs2957(643m),,provisional,30,名称未確認、林道からの入口（マイカー進入可否を要確認）、公式情報または2情報源での確認が必要,"OpenStreetMap（© OpenStreetMap contributors, ODbL 1.0）Geofabrik japan-latest.osm.pbf 2026-09-23T20:22:04Z node/1316216916（登山道と道路の接続点）",
TH-n1316220486,trailhead,（名称未確認）茶臼山高原キャンプ場付近,35.225221,137.6588616,WGS84,538,茶臼山,東海の百山,,一般道（県道以上）との接続,茶臼山:0.39km,PK-w843401700(315m) PK-w142454860(376m) PK-w843401787(456m),,provisional,30,名称未確認、公式情報または2情報源での確認が必要,"OpenStreetMap（© OpenStreetMap contributors, ODbL 1.0）Geofabrik japan-latest.osm.pbf 2026-09-23T20:22:04Z node/1316220486（登山道と道路の接続点）",
TH-n1317315313,trailhead,（名称未確認）,35.184423,137.586544,WGS84,552,天狗棚,東海の百山,,道路の終点付近,天狗棚:1.05km,,,candidate,30,名称未確認、林道からの入口（マイカー進入可否を要確認）、公式情報または2情報源での確認が必要,"OpenStreetMap（© OpenStreetMap contributors, ODbL 1.0）Geofabrik japan-latest.osm.pbf 2026-09-23T20:22:04Z node/1317315313（登山道と道路の接続点）",
TH-n1317324613,trailhead,（名称未確認）,35.1493064,137.494257,WGS84,568,段戸山,東海の百山,,道路の終点付近,段戸山:0.36km,,,candidate,30,名称未確認、林道からの入口（マイカー進入可否を要確認）、公式情報または2情報源での確認が必要,"OpenStreetMap（© OpenStreetMap contributors, ODbL 1.0）Geofabrik japan-latest.osm.pbf 2026-09-23T20:22:04Z node/1317324613（登山道と道路の接続点）",
TH-n1317329996,trailhead,（名称未確認）,35.19544,137.582517,WGS84,552,天狗棚,東海の百山,,林道との接続,天狗棚:1.14km,,,candidate,30,名称未確認、林道からの入口（マイカー進入可否を要確認）、公式情報または2情報源での確認が必要,"OpenStreetMap（© OpenStreetMap contributors, ODbL 1.0）Geofabrik japan-latest.osm.pbf 2026-09-23T20:22:04Z node/1317329996（登山道と道路の接続点）",
TH-n1317343330,trailhead,（名称未確認）,35.113066,137.469918,WGS84,574,寧比曽岳,東海の百山,OSM登山道「自然観察路」,林道との接続,寧比曽岳:5.57km,,,candidate,30,名称未確認、林道からの入口（マイカー進入可否を要確認）、公式情報または2情報源での確認が必要,"OpenStreetMap（© OpenStreetMap contributors, ODbL 1.0）Geofabrik japan-latest.osm.pbf 2026-09-23T20:22:04Z node/1317343330（登山道と道路の接続点）",
TH-n1317429687,trailhead,（名称未確認）,35.118241,137.475484,WGS84,574,寧比曽岳,東海の百山,OSM登山道「東海自然歩道」,道路の終点付近,寧比曽岳:7.02km,PK-w687915828(343m),,provisional,30,名称未確認、林道からの入口（マイカー進入可否を要確認）、公式情報または2情報源での確認が必要,"OpenStreetMap（© OpenStreetMap contributors, ODbL 1.0）Geofabrik japan-latest.osm.pbf 2026-09-23T20:22:04Z node/1317429687（登山道と道路の接続点）",
TH-n1320005584,trailhead,（名称未確認）,35.0556504,137.2910732,WGS84,596,六所山,東海の百山,,一般道（県道以上）との接続,六所山:0.96km,PK-n2380750494(146m),,provisional,30,名称未確認、公式情報または2情報源での確認が必要,"OpenStreetMap（© OpenStreetMap contributors, ODbL 1.0）Geofabrik japan-latest.osm.pbf 2026-09-23T20:22:04Z node/1320005584（登山道と道路の接続点）",
TH-n1320081414,trailhead,（名称未確認）大多賀SB待合所バス停付近,35.152904,137.44434,WGS84,574,寧比曽岳,東海の百山,,一般道（県道以上）との接続,寧比曽岳:1.83km,BS-kP11-22-23-bs3458(271m) BS-kP11-22-23-bs3457(586m),,provisional,30,名称未確認、公式情報または2情報源での確認が必要,"OpenStreetMap（© OpenStreetMap contributors, ODbL 1.0）Geofabrik japan-latest.osm.pbf 2026-09-23T20:22:04Z node/1320081414（登山道と道路の接続点）",
TH-n1320086031,trailhead,（名称未確認）夏焼バス停付近,35.211745,137.520815,WGS84,541,夏焼城ヶ山,東海の百山,,一般道との接続,夏焼城ヶ山:0.89km,BS-kP11-22-23-bs1907(786m) BS-kP11-22-23-bs1958(808m) BS-kP11-22-23-bs2146(817m),,provisional,30,名称未確認、公式情報または2情報源での確認が必要,"OpenStreetMap（© OpenStreetMap contributors, ODbL 1.0）Geofabrik japan-latest.osm.pbf 2026-09-23T20:22:04Z node/1320086031（登山道と道路の接続点）",
TH-n1320147539,trailhead,（名称未確認）,35.053032,137.279704,WGS84,596,六所山,東海の百山,,一般道との接続,六所山:0.47km,,,candidate,30,名称未確認、公式情報または2情報源での確認が必要,"OpenStreetMap（© OpenStreetMap contributors, ODbL 1.0）Geofabrik japan-latest.osm.pbf 2026-09-23T20:22:04Z node/1320147539（登山道と道路の接続点）",
TH-n1320286625,trailhead,（名称未確認）,35.196505,137.168895,WGS84,545,猿投山,東海の百山,OSM登山道「東海自然歩道」,林道との接続,猿投山:1.7km,,OSM登山ルート: 東海自然歩道,candidate,30,名称未確認、林道からの入口（マイカー進入可否を要確認）、公式情報または2情報源での確認が必要,"OpenStreetMap（© OpenStreetMap contributors, ODbL 1.0）Geofabrik japan-latest.osm.pbf 2026-09-23T20:22:04Z node/1320286625（登山道と道路の接続点）",
TH-n1320401598,trailhead,（名称未確認）,35.0589533,137.299258,WGS84,594,炮烙山,東海の百山,OSM登山道「おもいやりの道 (Omoiyari No Michi)」、OSM登山道「たくましきの道 (Takumashiki No Michi)」,一般道との接続,炮烙山:0.36km,,,candidate,30,名称未確認、公式情報または2情報源での確認が必要,"OpenStreetMap（© OpenStreetMap contributors, ODbL 1.0）Geofabrik japan-latest.osm.pbf 2026-09-23T20:22:04Z node/1320401598（登山道と道路の接続点）",
TH-n1326547680,trailhead,（名称未確認）,35.186827,137.174524,WGS84,545,猿投山,東海の百山,OSM登山道「東海自然歩道」,一般道との接続,猿投山:2.84km,,OSM登山ルート: 東海自然歩道,candidate,30,名称未確認、公式情報または2情報源での確認が必要,"OpenStreetMap（© OpenStreetMap contributors, ODbL 1.0）Geofabrik japan-latest.osm.pbf 2026-09-23T20:22:04Z node/1326547680（登山道と道路の接続点）",
TH-n13519028463,trailhead,（名称未確認）,35.4267467,136.9297438,WGS84,479,八木山,東海の百山,,一般道（県道以上）との接続,八木山:1.39km,PK-w1443210338(442m),,provisional,30,名称未確認、公式情報または2情報源での確認が必要,"OpenStreetMap（© OpenStreetMap contributors, ODbL 1.0）Geofabrik japan-latest.osm.pbf 2026-09-23T20:22:04Z node/13519028463（登山道と道路の接続点）",
TH-n1352508491,trailhead,（名称未確認）,34.014049,136.216397,WGS84,731,八鬼山,東海の百山,,林道との接続,八鬼山:2.06km,,,candidate,30,名称未確認、林道からの入口（マイカー進入可否を要確認）、公式情報または2情報源での確認が必要,"OpenStreetMap（© OpenStreetMap contributors, ODbL 1.0）Geofabrik japan-latest.osm.pbf 2026-09-23T20:22:04Z node/1352508491（登山道と道路の接続点）",
TH-n1352509196,trailhead,矢ノ川峠,34.0166638,136.1516624,WGS84,724,天狗倉山,東海の百山,,峠（道路との接続）,天狗倉山:15.39km,,,candidate,30,林道上の地点（尾根上の峠・山小屋の可能性。登山口かどうか要確認）、林道からの入口（マイカー進入可否を要確認）、公式情報または2情報源での確認が必要,"OpenStreetMap（© OpenStreetMap contributors, ODbL 1.0）Geofabrik japan-latest.osm.pbf 2026-09-23T20:22:04Z node/1352509196（登山道と道路の接続点） ｜ 国土地理院 地名検索「矢ノ川峠」（34.016696, 136.151589、JGD2011、8m差）2026-09-20確認",2026-09-20
TH-n1352515567,trailhead,（名称未確認）,34.043835,136.212975,WGS84,731,八鬼山,東海の百山,,林道との接続,八鬼山:1.85km,,,candidate,30,名称未確認、近くの道路にゲートあり（車両通行止め・季節閉鎖の可能性）、林道からの入口（マイカー進入可否を要確認）、公式情報または2情報源での確認が必要,"OpenStreetMap（© OpenStreetMap contributors, ODbL 1.0）Geofabrik japan-latest.osm.pbf 2026-09-23T20:22:04Z node/1352515567（登山道と道路の接続点）",
TH-n1352515758,trailhead,（名称未確認）,34.045186,136.209279,WGS84,731,八鬼山,東海の百山,,一般道との接続,八鬼山:2.25km,,,candidate,30,名称未確認、近くの道路にゲートあり（車両通行止め・季節閉鎖の可能性）、公式情報または2情報源での確認が必要,"OpenStreetMap（© OpenStreetMap contributors, ODbL 1.0）Geofabrik japan-latest.osm.pbf 2026-09-23T20:22:04Z node/1352515758（登山道と道路の接続点）",
TH-n1352526574,trailhead,（名称未確認）長浜バス停付近,34.0817436,136.2021004,WGS84,724,天狗倉山,東海の百山,,一般道との接続,天狗倉山:1.3km,PK-w1300793167(487m) BS-kP11-22-24-bs5111(519m) BS-kP11-22-24-bs5108(588m) BS-kP11-22-24-bs5112(727m),,provisional,30,名称未確認、登山道が道路を横断する地点（途中の入口の可能性）、近くの道路にゲートあり（車両通行止め・季節閉鎖の可能性）、公式情報または2情報源での確認が必要,"OpenStreetMap（© OpenStreetMap contributors, ODbL 1.0）Geofabrik japan-latest.osm.pbf 2026-09-23T20:22:04Z node/1352526574（登山道と道路の接続点）",
TH-n1352528325,trailhead,（名称未確認）,34.085507,136.1988838,WGS84,724,天狗倉山,東海の百山,,一般道との接続,天狗倉山:1.41km,PK-w1300793167(25m),,provisional,30,名称未確認、登山道が道路を横断する地点（途中の入口の可能性）、近くの道路にゲートあり（車両通行止め・季節閉鎖の可能性）、公式情報または2情報源での確認が必要,"OpenStreetMap（© OpenStreetMap contributors, ODbL 1.0）Geofabrik japan-latest.osm.pbf 2026-09-23T20:22:04Z node/1352528325（登山道と道路の接続点）",
TH-n1358786599,trailhead,（名称未確認）,33.775505,135.931621,WGS84,791,子ノ泊山,関西百名山|東海の百山,,一般道との接続,子ノ泊山:2.66km,,,candidate,30,名称未確認、公式情報または2情報源での確認が必要,"OpenStreetMap（© OpenStreetMap contributors, ODbL 1.0）Geofabrik japan-latest.osm.pbf 2026-09-23T20:22:04Z node/1358786599（登山道と道路の接続点）",
TH-n1358794037,trailhead,（名称未確認）,33.805224,135.943204,WGS84,791,子ノ泊山,関西百名山|東海の百山,,一般道との接続,子ノ泊山:1.88km,,,candidate,30,名称未確認、公式情報または2情報源での確認が必要,"OpenStreetMap（© OpenStreetMap contributors, ODbL 1.0）Geofabrik japan-latest.osm.pbf 2026-09-23T20:22:04Z node/1358794037（登山道と道路の接続点）",
TH-n13624288330,trailhead,多米東町二丁目,34.7621826,137.4565025,WGS84,631 632,神石山、座談山,東海の百山,,駐車場・バス停（林道・車道を経由して登山道へ）,神石山:5.86km 座談山:7.17km,BS-kP11-22-23-bs8642(22m) BS-kP11-22-23-bs8642(22m) BS-kP11-22-23-bs8657(182m),,provisional,15,近くの道路にゲートあり（車両通行止め・季節閉鎖の可能性）、林道からの入口（マイカー進入可否を要確認）、公式情報または2情報源での確認が必要,"OpenStreetMap（© OpenStreetMap contributors, ODbL 1.0）Geofabrik japan-latest.osm.pbf 2026-09-23T20:22:04Z node/13624288330 ｜ OpenStreetMap（© OpenStreetMap contributors, ODbL 1.0）Geofabrik japan-latest.osm.pbf 2026-09-23T20:22:04Z node/1998471313（登山道と道路の接続点） ｜ 国土地理院 地名検索「愛知県豊橋市多米東町二丁目」（34.764114, 137.457947、JGD2011、251m差）2026-09-20確認",2026-09-20
TH-n1362882245,trailhead,（名称未確認）寂光院口バス停付近,35.3911974,136.9651018,WGS84,482,継鹿尾山,東海の百山,,一般道との接続,継鹿尾山:0.82km,PK-w1150984596(469m) BS-kP11-22-23-bs7(660m) BS-kP11-22-23-bs11(662m) BS-kP11-22-23-bs6(769m),,provisional,30,名称未確認、近くの道路にゲートあり（車両通行止め・季節閉鎖の可能性）、公式情報または2情報源での確認が必要,"OpenStreetMap（© OpenStreetMap contributors, ODbL 1.0）Geofabrik japan-latest.osm.pbf 2026-09-23T20:22:04Z node/1362882245（登山道と道路の接続点）",
TH-n1362883077,trailhead,（名称未確認）善師野駅西バス停付近,35.3938604,136.9795574,WGS84,482,継鹿尾山,東海の百山,OSM登山道「巡視路」,一般道との接続,継鹿尾山:1.5km,PK-w1482083658(469m) BS-kP11-22-23-bs21(640m) BS-kP11-22-23-bs8(847m) BS-kP11-22-23-bs17(959m),,provisional,30,名称未確認、登山道が道路を横断する地点（途中の入口の可能性）、近くの道路にゲートあり（車両通行止め・季節閉鎖の可能性）、公式情報または2情報源での確認が必要,"OpenStreetMap（© OpenStreetMap contributors, ODbL 1.0）Geofabrik japan-latest.osm.pbf 2026-09-23T20:22:04Z node/1362883077（登山道と道路の接続点）",
TH-n1362883448,trailhead,（名称未確認）寂光院口バス停付近,35.394782,136.964277,WGS84,482,継鹿尾山,東海の百山,,道路の終点付近,継鹿尾山:0.65km,PK-w1126822977(394m) PK-n2100168653(433m) PK-w243245607(454m) BS-kP11-22-23-bs7(325m) BS-kP11-22-23-bs6(466m) BS-kP11-22-23-bs11(692m),,provisional,30,名称未確認、近くの道路にゲートあり（車両通行止め・季節閉鎖の可能性）、林道からの入口（マイカー進入可否を要確認）、公式情報または2情報源での確認が必要,"OpenStreetMap（© OpenStreetMap contributors, ODbL 1.0）Geofabrik japan-latest.osm.pbf 2026-09-23T20:22:04Z node/1362883448（登山道と道路の接続点）",
TH-n1362883805,trailhead,（名称未確認）ひだまり公園バス停付近,35.3962277,136.9832133,WGS84,482,継鹿尾山,東海の百山,,一般道との接続,継鹿尾山:1.44km,BS-kP11-22-23-bs8(537m) BS-kP11-22-23-bs14(817m) BS-kP11-22-23-bs9(848m),OSM登山ルート: 東海自然歩道,provisional,30,名称未確認、近くの道路にゲートあり（車両通行止め・季節閉鎖の可能性）、公式情報または2情報源での確認が必要,"OpenStreetMap（© OpenStreetMap contributors, ODbL 1.0）Geofabrik japan-latest.osm.pbf 2026-09-23T20:22:04Z node/1362883805（登山道と道路の接続点）",
TH-n1370703377,trailhead,（名称未確認）,35.645514,137.5437059,WGS84,418,夕森天然公園,東海の百山,,道路の終点付近,夕森天然公園:0.63km,,,candidate,30,名称未確認、林道からの入口（マイカー進入可否を要確認）、公式情報または2情報源での確認が必要,"OpenStreetMap（© OpenStreetMap contributors, ODbL 1.0）Geofabrik japan-latest.osm.pbf 2026-09-23T20:22:04Z node/1370703377（登山道と道路の接続点）",
TH-n1370706611,trailhead,（名称未確認）,35.654743,137.562257,WGS84,418,夕森天然公園,東海の百山,,一般道との接続,夕森天然公園:1.53km,,,candidate,30,名称未確認、公式情報または2情報源での確認が必要,"OpenStreetMap（© OpenStreetMap contributors, ODbL 1.0）Geofabrik japan-latest.osm.pbf 2026-09-23T20:22:04Z node/1370706611（登山道と道路の接続点）",
TH-n1378343289,trailhead,（名称未確認）,35.555234,136.868716,WGS84,432,天王山,東海の百山,,一般道との接続,天王山:0.85km,,,candidate,30,名称未確認、公式情報または2情報源での確認が必要,"OpenStreetMap（© OpenStreetMap contributors, ODbL 1.0）Geofabrik japan-latest.osm.pbf 2026-09-23T20:22:04Z node/1378343289（登山道と道路の接続点）",
TH-n1378349856,trailhead,（名称未確認）,35.611001,136.906201,WGS84,417,瓢ヶ岳,東海の百山,,一般道との接続,瓢ヶ岳:5.53km,,,candidate,30,名称未確認、公式情報または2情報源での確認が必要,"OpenStreetMap（© OpenStreetMap contributors, ODbL 1.0）Geofabrik japan-latest.osm.pbf 2026-09-23T20:22:04Z node/1378349856（登山道と道路の接続点）",
TH-n1378351464,trailhead,（名称未確認）,35.635188,136.890704,WGS84,417,瓢ヶ岳,東海の百山,,一般道との接続,瓢ヶ岳:2.76km,,,candidate,30,名称未確認、公式情報または2情報源での確認が必要,"OpenStreetMap（© OpenStreetMap contributors, ODbL 1.0）Geofabrik japan-latest.osm.pbf 2026-09-23T20:22:04Z node/1378351464（登山道と道路の接続点）",
TH-n1379980455,trailhead,（名称未確認）,35.640956,136.912761,WGS84,417,瓢ヶ岳,東海の百山,,一般道との接続,瓢ヶ岳:2.89km,,,candidate,30,名称未確認、公式情報または2情報源での確認が必要,"OpenStreetMap（© OpenStreetMap contributors, ODbL 1.0）Geofabrik japan-latest.osm.pbf 2026-09-23T20:22:04Z node/1379980455（登山道と道路の接続点）",
TH-n1380031091,trailhead,（名称未確認）御坂峠付近,35.666927,136.864809,WGS84,414,高賀山,東海の百山,,峠（道路との接続）,高賀山:0.75km,,,candidate,30,名称未確認、登山道が道路を横断する地点（途中の入口の可能性）、公式情報または2情報源での確認が必要,"OpenStreetMap（© OpenStreetMap contributors, ODbL 1.0）Geofabrik japan-latest.osm.pbf 2026-09-23T20:22:04Z node/1380031091（登山道と道路の接続点）",
TH-n1380454675,trailhead,（名称未確認）,35.874715,136.974049,WGS84,371,母袋烏帽子岳,東海の百山,,一般道との接続,母袋烏帽子岳:0.98km,,,candidate,30,名称未確認、公式情報または2情報源での確認が必要,"OpenStreetMap（© OpenStreetMap contributors, ODbL 1.0）Geofabrik japan-latest.osm.pbf 2026-09-23T20:22:04Z node/1380454675（登山道と道路の接続点）",
TH-n1380518423,trailhead,（名称未確認）,35.891529,136.966786,WGS84,371,母袋烏帽子岳,東海の百山,,一般道との接続,母袋烏帽子岳:1.0km,,,candidate,30,名称未確認、公式情報または2情報源での確認が必要,"OpenStreetMap（© OpenStreetMap contributors, ODbL 1.0）Geofabrik japan-latest.osm.pbf 2026-09-23T20:22:04Z node/1380518423（登山道と道路の接続点）",
TH-n1380529585,trailhead,（名称未確認）,35.892301,136.980731,WGS84,371,母袋烏帽子岳,東海の百山,,一般道との接続,母袋烏帽子岳:1.44km,,,candidate,30,名称未確認、公式情報または2情報源での確認が必要,"OpenStreetMap（© OpenStreetMap contributors, ODbL 1.0）Geofabrik japan-latest.osm.pbf 2026-09-23T20:22:04Z node/1380529585（登山道と道路の接続点）",
TH-n1380536658,trailhead,（名称未確認）,35.894188,136.976692,WGS84,371,母袋烏帽子岳,東海の百山,,一般道との接続,母袋烏帽子岳:1.4km,,,candidate,30,名称未確認、公式情報または2情報源での確認が必要,"OpenStreetMap（© OpenStreetMap contributors, ODbL 1.0）Geofabrik japan-latest.osm.pbf 2026-09-23T20:22:04Z node/1380536658（登山道と道路の接続点）",
TH-n1380729685,trailhead,（名称未確認）,35.940167,136.951484,WGS84,359,鷲ヶ岳,日本三百名山,,一般道との接続,鷲ヶ岳:2.03km,,,candidate,30,名称未確認、公式情報または2情報源での確認が必要,"OpenStreetMap（© OpenStreetMap contributors, ODbL 1.0）Geofabrik japan-latest.osm.pbf 2026-09-23T20:22:04Z node/1380729685（登山道と道路の接続点）",
TH-n1380803797,trailhead,桧峠（大日ヶ岳 桧峠コース登山口）,35.9629465,136.809253,WGS84,354,大日ヶ岳,日本二百名山|日本三百名山|東海の百山,,一般道（県道以上）との接続,大日ヶ岳:5.86km,PK-w1060196620(26m) PK-w452691962(240m) PK-n6441706729(286m) BS-kP11-22-21-bs995(9m) BS-kP11-22-21-bs993(641m),,adopted,15,登山道が道路を横断する地点（途中の入口の可能性）、桧峠は大日ヶ岳への登山口、国土地理院の地名「桧峠」、地理院地図の徒歩道の起点（2m差）、OSMの地点の位置が一致,"OpenStreetMap（© OpenStreetMap contributors, ODbL 1.0）Geofabrik japan-latest.osm.pbf 2026-09-23T20:22:04Z node/1380803797（登山道と道路の接続点） ｜ 国土地理院 地名検索「桧峠」（35.962895, 136.809174、JGD2011、9m差）2026-09-21確認 ｜ 国土地理院ベクトルタイル提供実験 地理院地図の徒歩道の起点（35.962967, 136.809247、JGD2011、2m差）2026-09-21確認",2026-09-20
TH-n1380805368,trailhead,（名称未確認）満天の湯付近,35.9665552,136.8098232,WGS84,354,大日ヶ岳,日本二百名山|日本三百名山|東海の百山,,一般道との接続,大日ヶ岳:5.32km,PK-n6441706729(117m) PK-w452691962(170m) PK-w1060196620(402m) BS-kP11-22-21-bs995(410m) BS-kP11-22-21-bs993(631m),,provisional,30,名称未確認、公式情報または2情報源での確認が必要,"OpenStreetMap（© OpenStreetMap contributors, ODbL 1.0）Geofabrik japan-latest.osm.pbf 2026-09-23T20:22:04Z node/1380805368（登山道と道路の接続点）",
TH-n1380875437,trailhead,（名称未確認）上在所バス停付近,35.992316,136.766044,WGS84,352,野伏ヶ岳,日本三百名山,,一般道との接続,野伏ヶ岳:5.74km,BS-kP11-22-21-bs955(326m),,provisional,30,名称未確認、公式情報または2情報源での確認が必要,"OpenStreetMap（© OpenStreetMap contributors, ODbL 1.0）Geofabrik japan-latest.osm.pbf 2026-09-23T20:22:04Z node/1380875437（登山道と道路の接続点）",
TH-n1380903654,trailhead,（名称未確認）,36.010322,136.747039,WGS84,352,野伏ヶ岳,日本三百名山,,一般道との接続,野伏ヶ岳:1.35km,,,candidate,30,名称未確認、公式情報または2情報源での確認が必要,"OpenStreetMap（© OpenStreetMap contributors, ODbL 1.0）Geofabrik japan-latest.osm.pbf 2026-09-23T20:22:04Z node/1380903654（登山道と道路の接続点）",
TH-n1384835377,trailhead,（名称未確認）,36.012832,137.1381982,WGS84,353,川上岳,日本三百名山|東海の百山,OSM登山道「ツメた谷ルート」,道路の終点付近,川上岳:2.66km,,,candidate,30,名称未確認、林道からの入口（マイカー進入可否を要確認）、公式情報または2情報源での確認が必要,"OpenStreetMap（© OpenStreetMap contributors, ODbL 1.0）Geofabrik japan-latest.osm.pbf 2026-09-23T20:22:04Z node/1384835377（登山道と道路の接続点）",
TH-n1384955378,trailhead,（名称未確認）,36.033623,137.204975,WGS84,345,位山,日本二百名山|日本三百名山|東海の百山,,一般道との接続,位山:1.09km,,,candidate,30,名称未確認、公式情報または2情報源での確認が必要,"OpenStreetMap（© OpenStreetMap contributors, ODbL 1.0）Geofabrik japan-latest.osm.pbf 2026-09-23T20:22:04Z node/1384955378（登山道と道路の接続点）",
TH-n1385029582,trailhead,（名称未確認）,36.046778,137.191645,WGS84,345 353,位山、川上岳,日本二百名山|日本三百名山|東海の百山,,一般道との接続,位山:1.22km 川上岳:7.86km,,,candidate,30,名称未確認、公式情報または2情報源での確認が必要,"OpenStreetMap（© OpenStreetMap contributors, ODbL 1.0）Geofabrik japan-latest.osm.pbf 2026-09-23T20:22:04Z node/1385029582（登山道と道路の接続点）",
TH-n1385708256,trailhead,笠新道登山口（新穂高側）,36.3065758,137.5890328,WGS84,286 300 303 313,赤牛岳、三俣蓮華岳、双六岳、笠ヶ岳,日本二百名山|日本三百名山|甲信越百名山|東海の百山|日本百名山,OSM登山道「笠新道」,登山口（OSMの登山口地物）,赤牛岳:24.6km 三俣蓮華岳:14.91km 双六岳:13.22km 笠ヶ岳:6.93km,,registration=岐阜県山岳遭難防止条例により北アルプス・活火山地区は登山届の提出が義務（違反は5万円以下の過料）,adopted,15,岐阜県側の登山口から北アルプス（焼岳を含む）に登る場合は登山届の提出が必要（岐阜県）、新穂高センターに登山ポストがある（高山市）,"OpenStreetMap（© OpenStreetMap contributors, ODbL 1.0）Geofabrik japan-latest.osm.pbf 2026-09-23T20:22:04Z node/1385708256 ｜ 国土地理院ベクトルタイル提供実験 地理院地図の徒歩道の起点（36.306464, 137.589048、JGD2011、12m差）2026-09-24確認 ｜ 公式情報: https://www.pref.gifu.lg.jp/page/11975.html ｜ 公式情報: https://www.pref.gifu.lg.jp/page/114962.html",2026-09-20
TH-n1385714847,trailhead,（名称未確認）,36.3203553,137.5972534,WGS84,297 298 300 303 313,鷲羽岳、黒部五郎岳、三俣蓮華岳、双六岳、笠ヶ岳,日本百名山|日本二百名山|日本三百名山|甲信越百名山|東海の百山,OSM登山道「小池新道」,道路の終点付近,鷲羽岳:12.9km 黒部五郎岳:15.82km 三俣蓮華岳:10.77km 双六岳:9.08km 笠ヶ岳:12.53km,,,candidate,30,名称未確認、林道からの入口（マイカー進入可否を要確認）、公式情報または2情報源での確認が必要,"OpenStreetMap（© OpenStreetMap contributors, ODbL 1.0）Geofabrik japan-latest.osm.pbf 2026-09-23T20:22:04Z node/1385714847（登山道と道路の接続点）",
TH-n13881571461,trailhead,（名称未確認）上夏焼バス停付近,35.2194414,137.5258403,WGS84,541,夏焼城ヶ山,東海の百山,,道路の終点付近,夏焼城ヶ山:0.64km,BS-kP11-22-23-bs1884(311m) BS-kP11-22-23-bs1825(432m) BS-kP11-22-23-bs1907(621m),,provisional,30,名称未確認、林道からの入口（マイカー進入可否を要確認）、公式情報または2情報源での確認が必要,"OpenStreetMap（© OpenStreetMap contributors, ODbL 1.0）Geofabrik japan-latest.osm.pbf 2026-09-23T20:22:04Z node/13881571461（登山道と道路の接続点）",
TH-n1388441032,trailhead,武平峠,35.0099215,136.4149667,WGS84,589 595 601 602 607 609 611 612,釈迦ヶ岳、尾高山、雨乞岳、御在所岳、鎌ヶ岳、入道ヶ岳、宮指路岳、仙ヶ岳,東海の百山|日本二百名山|日本三百名山|関西百名山,,峠（道路との接続）,釈迦ヶ岳:12.79km 尾高山:15.8km 雨乞岳:4.15km 御在所岳:1.5km 鎌ヶ岳:1.42km 入道ヶ岳:6.58km 宮指路岳:7.05km 仙ヶ岳:8.91km,PK-w583822437(22m),,adopted,30,,"OpenStreetMap（© OpenStreetMap contributors, ODbL 1.0）Geofabrik japan-latest.osm.pbf 2026-09-23T20:22:04Z node/1388441032（登山道と道路の接続点） ｜ 国土地理院 地名検索「武平峠」（35.010591, 136.417322、JGD2011、227m差）2026-09-20確認",2026-09-20
TH-n13995391544,trailhead,（名称未確認）,35.4297605,136.9350076,WGS84,470,金比羅山,東海の百山,,一般道（県道以上）との接続,金比羅山:1.05km,PK-w1443210338(447m),,provisional,30,名称未確認、登山道が道路を横断する地点（途中の入口の可能性）、公式情報または2情報源での確認が必要,"OpenStreetMap（© OpenStreetMap contributors, ODbL 1.0）Geofabrik japan-latest.osm.pbf 2026-09-23T20:22:04Z node/13995391544（登山道と道路の接続点）",
TH-n13995482585,trailhead,（名称未確認）つつじが丘北バス停付近,35.4190672,136.9340044,WGS84,479,八木山,東海の百山,,一般道（県道以上）との接続,八木山:1.01km,PK-w1443210335(309m) BS-kP11-22-21-bs4395(759m) BS-kP11-22-21-bs4396(759m) BS-kP11-22-21-bs4337(976m),,provisional,30,名称未確認、公式情報または2情報源での確認が必要,"OpenStreetMap（© OpenStreetMap contributors, ODbL 1.0）Geofabrik japan-latest.osm.pbf 2026-09-23T20:22:04Z node/13995482585（登山道と道路の接続点）",
TH-n13997036958,trailhead,（名称未確認）つつじが丘北バス停付近,35.4152384,136.9354696,WGS84,479,八木山,東海の百山,,道路の終点付近,八木山:0.72km,PK-w1453940108(444m) PK-w1445448025(450m) PK-w1445448027(452m) BS-kP11-22-21-bs4395(422m) BS-kP11-22-21-bs4396(422m) BS-kP11-22-21-bs4373(679m),,provisional,30,名称未確認、林道からの入口（マイカー進入可否を要確認）、公式情報または2情報源での確認が必要,"OpenStreetMap（© OpenStreetMap contributors, ODbL 1.0）Geofabrik japan-latest.osm.pbf 2026-09-23T20:22:04Z node/13997036958（登山道と道路の接続点）",
TH-n13997037060,trailhead,（名称未確認）つつじが丘北バス停付近,35.4127912,136.9308851,WGS84,479,八木山,東海の百山,OSM登山道「東すそ野道」、OSM登山道「東登山道」、OSM登山道「清水谷道」,一般道との接続,八木山:0.36km,PK-w1453940108(146m) PK-w1445448025(215m) PK-w1443698732(251m) BS-kP11-22-21-bs4395(152m) BS-kP11-22-21-bs4396(152m) BS-kP11-22-21-bs4471(401m),,provisional,30,名称未確認、公式情報または2情報源での確認が必要,"OpenStreetMap（© OpenStreetMap contributors, ODbL 1.0）Geofabrik japan-latest.osm.pbf 2026-09-23T20:22:04Z node/13997037060（登山道と道路の接続点）",
TH-n1401659647,trailhead,（名称未確認）,35.113856,138.047545,WGS84,578,高塚山,日本三百名山,,道路の終点付近,高塚山:5.97km,,,candidate,30,名称未確認、林道からの入口（マイカー進入可否を要確認）、公式情報または2情報源での確認が必要,"OpenStreetMap（© OpenStreetMap contributors, ODbL 1.0）Geofabrik japan-latest.osm.pbf 2026-09-23T20:22:04Z node/1401659647（登山道と道路の接続点）",
TH-n1401665211,trailhead,山犬段（高塚山・蕎麦粒山登山口）,35.1329547,138.0425075,WGS84,578,高塚山,日本三百名山,,林道との接続,高塚山:5.15km,,,adopted,15,林道からの入口（マイカー進入可否を要確認）、山犬段は高塚山・蕎麦粒山の登山口、林道の通行状況は入山前に川根本町の道路情報で確認すること,"OpenStreetMap（© OpenStreetMap contributors, ODbL 1.0）Geofabrik japan-latest.osm.pbf 2026-09-23T20:22:04Z node/1401665211（登山道と道路の接続点） ｜ 国土地理院 地名検索「山犬段」（35.133041, 138.043970、JGD2011、133m差）2026-09-20確認",2026-09-20
TH-n1401693914,trailhead,（名称未確認）,35.185858,138.050839,WGS84,550,黒法師岳,日本三百名山,,道路の終点付近,黒法師岳:3.07km,,,candidate,30,名称未確認、林道からの入口（マイカー進入可否を要確認）、公式情報または2情報源での確認が必要,"OpenStreetMap（© OpenStreetMap contributors, ODbL 1.0）Geofabrik japan-latest.osm.pbf 2026-09-23T20:22:04Z node/1401693914（登山道と道路の接続点）",
TH-n14053146008,trailhead,（名称未確認）合ケ野バス停付近,34.5794829,136.390153,WGS84,642,矢頭山,東海の百山,,一般道（県道以上）との接続,矢頭山:2.43km,BS-kP11-22-24-bs3432(159m) BS-kP11-22-24-bs3394(631m),,provisional,30,名称未確認、公式情報または2情報源での確認が必要,"OpenStreetMap（© OpenStreetMap contributors, ODbL 1.0）Geofabrik japan-latest.osm.pbf 2026-09-23T20:22:04Z node/14053146008（登山道と道路の接続点）",
TH-n1406654111,trailhead,田代（大無間山登山口）,35.257793,138.231264,WGS84,527,大無間山,日本二百名山|日本三百名山,,一般道との接続,大無間山:8.1km,BS-kP11-22-22-bs591(297m) BS-kP11-22-22-bs602(873m) BS-kP11-22-22-bs545(923m),,adopted,15,登山道が道路を横断する地点（途中の入口の可能性）、田代は大無間山の登山口にあたる、国土地理院の地名「田代」とOSMの登山道の接続点の位置が一致（独立した2情報源）,"OpenStreetMap（© OpenStreetMap contributors, ODbL 1.0）Geofabrik japan-latest.osm.pbf 2026-09-23T20:22:04Z node/1406654111（登山道と道路の接続点） ｜ 国土地理院 地名検索「田代」（35.258700, 138.232903、JGD2011、180m差）2026-09-20確認",2026-09-20
TH-n1406661438,trailhead,（名称未確認）,35.3008928,138.2053613,WGS84,527,大無間山,日本二百名山|日本三百名山,,一般道（県道以上）との接続,大無間山:8.16km,,,candidate,30,名称未確認、公式情報または2情報源での確認が必要,"OpenStreetMap（© OpenStreetMap contributors, ODbL 1.0）Geofabrik japan-latest.osm.pbf 2026-09-23T20:22:04Z node/1406661438（登山道と道路の接続点）",
TH-n1409943314,trailhead,石榑峠,35.1059635,136.4416696,WGS84,585,三池岳,東海の百山,,峠（道路との接続）,三池岳:2.64km,,,candidate,30,林道上の地点（尾根上の峠・山小屋の可能性。登山口かどうか要確認）、近くの道路にゲートあり（車両通行止め・季節閉鎖の可能性）、林道からの入口（マイカー進入可否を要確認）、公式情報または2情報源での確認が必要,"OpenStreetMap（© OpenStreetMap contributors, ODbL 1.0）Geofabrik japan-latest.osm.pbf 2026-09-23T20:22:04Z node/1409943314（登山道と道路の接続点） ｜ 国土地理院 地名検索「石榑峠」（35.108110, 136.441017、JGD2011、245m差）2026-09-20確認",2026-09-20
TH-n1409986302,trailhead,（名称未確認）,35.136437,136.485244,WGS84,553 555 563 577,鈴北岳、御池岳、藤原岳、竜ヶ岳,東海の百山|関西百名山|日本三百名山,,一般道との接続,鈴北岳:11.21km 御池岳:10.67km 藤原岳:4.62km 竜ヶ岳:9.6km,PK-w1122905204(382m),,provisional,30,名称未確認、公式情報または2情報源での確認が必要,"OpenStreetMap（© OpenStreetMap contributors, ODbL 1.0）Geofabrik japan-latest.osm.pbf 2026-09-23T20:22:04Z node/1409986302（登山道と道路の接続点）",
TH-n1410041996,trailhead,（名称未確認）,35.2229411,136.5034566,WGS84,525,養老山,東海の百山,,一般道との接続,養老山:6.48km,PK-w725394533(210m),,provisional,30,名称未確認、近くの道路にゲートあり（車両通行止め・季節閉鎖の可能性）、公式情報または2情報源での確認が必要,"OpenStreetMap（© OpenStreetMap contributors, ODbL 1.0）Geofabrik japan-latest.osm.pbf 2026-09-23T20:22:04Z node/1410041996（登山道と道路の接続点）",
TH-n1411239752,trailhead,武平峠,35.0107961,136.420116,WGS84,585 589 595 601 602 607 609 611 612,三池岳、釈迦ヶ岳、尾高山、雨乞岳、御在所岳、鎌ヶ岳、入道ヶ岳、宮指路岳、仙ヶ岳,東海の百山|日本二百名山|日本三百名山|関西百名山,,峠（道路との接続）,三池岳:14.48km 釈迦ヶ岳:11.27km 尾高山:14.28km 雨乞岳:9.57km 御在所岳:1.44km 鎌ヶ岳:1.36km 入道ヶ岳:6.52km 宮指路岳:6.99km 仙ヶ岳:8.85km,PK-w583822437(487m),,adopted,30,,"OpenStreetMap（© OpenStreetMap contributors, ODbL 1.0）Geofabrik japan-latest.osm.pbf 2026-09-23T20:22:04Z node/1411239752（登山道と道路の接続点） ｜ 国土地理院 地名検索「武平峠」（35.010591, 136.417322、JGD2011、256m差）2026-09-20確認",2026-09-20
TH-n1411243798,trailhead,（名称未確認）カモシカ駅付近,35.0176062,136.4224159,WGS84,609 611 612,入道ヶ岳、宮指路岳、仙ヶ岳,東海の百山,OSM登山道「御在所岳表登山道」,索道駅,入道ヶ岳:7.81km 宮指路岳:8.28km 仙ヶ岳:10.14km,,,candidate,30,名称未確認、登山道が道路を横断する地点（途中の入口の可能性）、近くの道路にゲートあり（車両通行止め・季節閉鎖の可能性）、公式情報または2情報源での確認が必要,"OpenStreetMap（© OpenStreetMap contributors, ODbL 1.0）Geofabrik japan-latest.osm.pbf 2026-09-23T20:22:04Z node/1411243798（登山道と道路の接続点） ｜ 国土地理院 地名検索「山上公園駅」（35.019519, 136.424520、JGD2011、285m差）2026-09-20確認",2026-09-20
TH-n1411260717,trailhead,（名称未確認）尾高駐車場バス停付近,35.056772,136.474867,WGS84,595,尾高山,東海の百山,,一般道との接続,尾高山:1.04km,BS-kP11-22-24-bs487(620m) BS-kP11-22-24-bs428(859m),,provisional,30,名称未確認、公式情報または2情報源での確認が必要,"OpenStreetMap（© OpenStreetMap contributors, ODbL 1.0）Geofabrik japan-latest.osm.pbf 2026-09-23T20:22:04Z node/1411260717（登山道と道路の接続点）",
TH-n1412930686,trailhead,（名称未確認）,34.3732124,136.0735307,WGS84,682 683,桧塚、明神岳,関西百名山,,一般道（県道以上）との接続,桧塚:6.25km 明神岳:2.44km,,,candidate,30,名称未確認、公式情報または2情報源での確認が必要,"OpenStreetMap（© OpenStreetMap contributors, ODbL 1.0）Geofabrik japan-latest.osm.pbf 2026-09-23T20:22:04Z node/1412930686（登山道と道路の接続点）",
TH-n1412932737,trailhead,（名称未確認）大又口バス停付近,34.3775703,136.0297819,WGS84,683,明神岳,関西百名山,,一般道（県道以上）との接続,明神岳:9.18km,BS-kP11-22-29-bs2271(274m) BS-kP11-22-29-bs2260(329m) BS-kP11-22-29-bs2265(486m),,provisional,30,名称未確認、公式情報または2情報源での確認が必要,"OpenStreetMap（© OpenStreetMap contributors, ODbL 1.0）Geofabrik japan-latest.osm.pbf 2026-09-23T20:22:04Z node/1412932737（登山道と道路の接続点）",
TH-n1412933608,trailhead,（名称未確認）和佐羅バス停付近,34.379951,136.038059,WGS84,683,明神岳,関西百名山,,一般道との接続,明神岳:8.91km,BS-kP11-22-29-bs2243(10m) BS-kP11-22-29-bs2260(534m),,provisional,30,名称未確認、登山道が道路を横断する地点（途中の入口の可能性）、公式情報または2情報源での確認が必要,"OpenStreetMap（© OpenStreetMap contributors, ODbL 1.0）Geofabrik japan-latest.osm.pbf 2026-09-23T20:22:04Z node/1412933608（登山道と道路の接続点）",
TH-n1412934010,trailhead,（名称未確認）上出垣内バス停付近,34.381991,136.020269,WGS84,683,明神岳,関西百名山,,一般道との接続,明神岳:10.74km,BS-kP11-22-29-bs2232(111m) BS-kP11-22-29-bs2246(466m) BS-kP11-22-29-bs2252(541m),,provisional,30,名称未確認、公式情報または2情報源での確認が必要,"OpenStreetMap（© OpenStreetMap contributors, ODbL 1.0）Geofabrik japan-latest.osm.pbf 2026-09-23T20:22:04Z node/1412934010（登山道と道路の接続点）",
TH-n1412941933,trailhead,（名称未確認）高見登山口バス停付近,34.4198091,136.0608147,WGS84,673,高見山,日本三百名山|関西百名山|東海の百山,,一般道との接続,高見山:3.19km,BS-kP11-22-29-bs1954(64m) BS-kP11-22-29-bs1965(511m) BS-kP11-22-29-bs1948(572m),,provisional,30,名称未確認、公式情報または2情報源での確認が必要,"OpenStreetMap（© OpenStreetMap contributors, ODbL 1.0）Geofabrik japan-latest.osm.pbf 2026-09-23T20:22:04Z node/1412941933（登山道と道路の接続点）",
TH-n1412945363,trailhead,（名称未確認）平野口バス停付近,34.4341029,136.0570466,WGS84,673,高見山,日本三百名山|関西百名山|東海の百山,,一般道との接続,高見山:3.35km,BS-kP11-22-29-bs1916(26m) BS-kP11-22-29-bs1912(502m) BS-kP11-22-29-bs1909(659m),,provisional,30,名称未確認、公式情報または2情報源での確認が必要,"OpenStreetMap（© OpenStreetMap contributors, ODbL 1.0）Geofabrik japan-latest.osm.pbf 2026-09-23T20:22:04Z node/1412945363（登山道と道路の接続点）",
TH-n1412945723,trailhead,（名称未確認）たかすみの里付近,34.4380927,136.0595667,WGS84,673,高見山,日本三百名山|関西百名山|東海の百山,,一般道（県道以上）との接続,高見山:3.73km,PK-n6642307639(133m) PK-w706842256(176m) BS-kP11-22-29-bs1912(4m) BS-kP11-22-29-bs1909(162m) BS-kP11-22-29-bs1904(422m),,provisional,30,名称未確認、公式情報または2情報源での確認が必要,"OpenStreetMap（© OpenStreetMap contributors, ODbL 1.0）Geofabrik japan-latest.osm.pbf 2026-09-23T20:22:04Z node/1412945723（登山道と道路の接続点）",
TH-n1416243924,trailhead,（名称未確認）鳳来山パークウェイ駐車場付近,34.9726849,137.5933598,WGS84,608,鳳来寺山,東海の百山,OSM登山道「東海自然歩道」、OSM登山道「行者越歩道橋」,一般道との接続,鳳来寺山:2.19km,PK-w83596330(441m) BS-kP11-22-23-bs6506(430m),,provisional,30,名称未確認、登山道が道路を横断する地点（途中の入口の可能性）、公式情報または2情報源での確認が必要,"OpenStreetMap（© OpenStreetMap contributors, ODbL 1.0）Geofabrik japan-latest.osm.pbf 2026-09-23T20:22:04Z node/1416243924（登山道と道路の接続点）",
TH-n1416279854,trailhead,（名称未確認）,35.0078553,137.5782676,WGS84,608,鳳来寺山,東海の百山,OSM登山道「東海自然歩道」,道路の終点付近,鳳来寺山:3.76km,,OSM登山ルート: 東海自然歩道,candidate,30,名称未確認、近くの道路にゲートあり（車両通行止め・季節閉鎖の可能性）、林道からの入口（マイカー進入可否を要確認）、公式情報または2情報源での確認が必要,"OpenStreetMap（© OpenStreetMap contributors, ODbL 1.0）Geofabrik japan-latest.osm.pbf 2026-09-23T20:22:04Z node/1416279854（登山道と道路の接続点）",
TH-n1416302949,trailhead,（名称未確認）,35.0551505,137.5713232,WGS84,584,岩古谷山,東海の百山,OSM登山道「東海自然歩道」,一般道との接続,岩古谷山:6.15km,PK-w892674687(288m),,provisional,30,名称未確認、登山道が道路を横断する地点（途中の入口の可能性）、公式情報または2情報源での確認が必要,"OpenStreetMap（© OpenStreetMap contributors, ODbL 1.0）Geofabrik japan-latest.osm.pbf 2026-09-23T20:22:04Z node/1416302949（登山道と道路の接続点）",
TH-n1421048173,trailhead,（名称未確認）,34.9086896,137.4187391,WGS84,618,本宮山,東海の百山,,道路の終点付近,本宮山:0.39km,PK-w264452393(68m),,provisional,30,名称未確認、林道からの入口（マイカー進入可否を要確認）、公式情報または2情報源での確認が必要,"OpenStreetMap（© OpenStreetMap contributors, ODbL 1.0）Geofabrik japan-latest.osm.pbf 2026-09-23T20:22:04Z node/1421048173（登山道と道路の接続点）",
TH-n1421048191,trailhead,（名称未確認）高雲寺バス停付近,34.908847,137.398585,WGS84,618,本宮山,東海の百山,,一般道との接続,本宮山:2.82km,BS-kP11-22-23-bs7286(774m),,provisional,30,名称未確認、公式情報または2情報源での確認が必要,"OpenStreetMap（© OpenStreetMap contributors, ODbL 1.0）Geofabrik japan-latest.osm.pbf 2026-09-23T20:22:04Z node/1421048191（登山道と道路の接続点）",
TH-n1423056904,trailhead,国立青少年教育振興機構国立曽爾青少年自然の家,34.522801,136.162147,WGS84,651,倶留尊山,日本三百名山|関西百名山|東海の百山,,施設（山小屋・宿・キャンプ場）からの入口,倶留尊山:1.35km,PK-w1092015942(112m) BS-kP11-22-29-bs1433(322m),OSM登山ルート: 東海自然歩道,provisional,15,公式情報または2情報源での確認が必要,"OpenStreetMap（© OpenStreetMap contributors, ODbL 1.0）Geofabrik japan-latest.osm.pbf 2026-09-23T20:22:04Z node/1423056904",
TH-n1423765193,trailhead,石榑峠,35.1082437,136.441412,WGS84,553 555 563 577,鈴北岳、御池岳、藤原岳、竜ヶ岳,東海の百山|関西百名山|日本三百名山,,峠（道路との接続）,鈴北岳:14.8km 御池岳:14.26km 藤原岳:8.21km 竜ヶ岳:1.76km,,,adopted,30,登山道が道路を横断する地点（途中の入口の可能性）、近くの道路にゲートあり（車両通行止め・季節閉鎖の可能性）,"OpenStreetMap（© OpenStreetMap contributors, ODbL 1.0）Geofabrik japan-latest.osm.pbf 2026-09-23T20:22:04Z node/1423765193（登山道と道路の接続点） ｜ 国土地理院 地名検索「石榑峠」（35.108110, 136.441017、JGD2011、39m差）2026-09-20確認",2026-09-20
TH-n1580568856,trailhead,（名称未確認）平木バス停付近,34.752598,136.357245,WGS84,629,経ヶ峰,東海の百山,,一般道との接続,経ヶ峰:2.58km,BS-kP11-22-24-bs2147(296m) BS-kP11-22-24-bs2171(421m) BS-kP11-22-24-bs2172(421m),,provisional,30,名称未確認、公式情報または2情報源での確認が必要,"OpenStreetMap（© OpenStreetMap contributors, ODbL 1.0）Geofabrik japan-latest.osm.pbf 2026-09-23T20:22:04Z node/1580568856（登山道と道路の接続点）",
TH-n1580570928,trailhead,（名称未確認）平木バス停付近,34.75591,136.35327,WGS84,629,経ヶ峰,東海の百山,,一般道との接続,経ヶ峰:2.94km,BS-kP11-22-24-bs2147(246m) BS-kP11-22-24-bs2158(465m) BS-kP11-22-24-bs2171(531m),,provisional,30,名称未確認、公式情報または2情報源での確認が必要,"OpenStreetMap（© OpenStreetMap contributors, ODbL 1.0）Geofabrik japan-latest.osm.pbf 2026-09-23T20:22:04Z node/1580570928（登山道と道路の接続点）",
TH-n1580570954,trailhead,（名称未確認）平木バス停付近,34.755949,136.359347,WGS84,629,経ヶ峰,東海の百山,,一般道との接続,経ヶ峰:2.09km,BS-kP11-22-24-bs2147(505m) BS-kP11-22-24-bs2171(788m) BS-kP11-22-24-bs2172(788m),,provisional,30,名称未確認、公式情報または2情報源での確認が必要,"OpenStreetMap（© OpenStreetMap contributors, ODbL 1.0）Geofabrik japan-latest.osm.pbf 2026-09-23T20:22:04Z node/1580570954（登山道と道路の接続点）",
TH-n1580573231,trailhead,（名称未確認）平木バス停付近,34.75972,136.361661,WGS84,629,経ヶ峰,東海の百山,,一般道との接続,経ヶ峰:2.1km,BS-kP11-22-24-bs2147(924m),,provisional,30,名称未確認、公式情報または2情報源での確認が必要,"OpenStreetMap（© OpenStreetMap contributors, ODbL 1.0）Geofabrik japan-latest.osm.pbf 2026-09-23T20:22:04Z node/1580573231（登山道と道路の接続点）",
TH-n1580610122,trailhead,（名称未確認）北畑バス停付近,34.81012,136.352622,WGS84,623,錫杖ヶ岳,東海の百山,,一般道との接続,錫杖ヶ岳:2.08km,BS-kP11-22-24-bs1693(206m) BS-kP11-22-24-bs1699(588m) BS-kP11-22-24-bs1673(865m),,provisional,30,名称未確認、公式情報または2情報源での確認が必要,"OpenStreetMap（© OpenStreetMap contributors, ODbL 1.0）Geofabrik japan-latest.osm.pbf 2026-09-23T20:22:04Z node/1580610122（登山道と道路の接続点）",
TH-n1582190488,trailhead,（名称未確認）,34.496481,136.234862,WGS84,659,学能堂山,関西百名山,,林道との接続,学能堂山:0.77km,,,candidate,30,名称未確認、林道からの入口（マイカー進入可否を要確認）、公式情報または2情報源での確認が必要,"OpenStreetMap（© OpenStreetMap contributors, ODbL 1.0）Geofabrik japan-latest.osm.pbf 2026-09-23T20:22:04Z node/1582190488（登山道と道路の接続点）",
TH-n1582191547,trailhead,（名称未確認）杉平バス停付近,34.505726,136.222342,WGS84,659,学能堂山,関西百名山,,道路の終点付近,学能堂山:2.19km,BS-kP11-22-24-bs3887(766m),,provisional,30,名称未確認、林道からの入口（マイカー進入可否を要確認）、公式情報または2情報源での確認が必要,"OpenStreetMap（© OpenStreetMap contributors, ODbL 1.0）Geofabrik japan-latest.osm.pbf 2026-09-23T20:22:04Z node/1582191547（登山道と道路の接続点） ｜ 国土地理院 地名検索「美杉町杉平」（34.505831, 136.219966、JGD2011、218m差）2026-09-20確認",2026-09-20
TH-n1582193915,trailhead,（名称未確認）亀山峠付近,34.520564,136.170159,WGS84,651,倶留尊山,日本三百名山|関西百名山|東海の百山,,峠（道路との接続）,倶留尊山:1.62km,,,candidate,30,名称未確認、公式情報または2情報源での確認が必要,"OpenStreetMap（© OpenStreetMap contributors, ODbL 1.0）Geofabrik japan-latest.osm.pbf 2026-09-23T20:22:04Z node/1582193915（登山道と道路の接続点）",
TH-n1582194399,trailhead,（名称未確認）,34.52284,136.17246,WGS84,651,倶留尊山,日本三百名山|関西百名山|東海の百山,,一般道との接続,倶留尊山:2.01km,,OSM登山ルート: 東海自然歩道,candidate,30,名称未確認、登山道が道路を横断する地点（途中の入口の可能性）、公式情報または2情報源での確認が必要,"OpenStreetMap（© OpenStreetMap contributors, ODbL 1.0）Geofabrik japan-latest.osm.pbf 2026-09-23T20:22:04Z node/1582194399（登山道と道路の接続点）",
TH-n1582196526,trailhead,（名称未確認）,34.5281166,136.2183813,WGS84,650,大洞山,関西百名山,,一般道（県道以上）との接続,大洞山:0.62km,,OSM登山ルート: 東海自然歩道,candidate,30,名称未確認、登山道が道路を横断する地点（途中の入口の可能性）、公式情報または2情報源での確認が必要,"OpenStreetMap（© OpenStreetMap contributors, ODbL 1.0）Geofabrik japan-latest.osm.pbf 2026-09-23T20:22:04Z node/1582196526（登山道と道路の接続点）",
TH-n1582197631,trailhead,（名称未確認）,34.530593,136.220565,WGS84,650,大洞山,関西百名山,,一般道との接続,大洞山:0.38km,,,candidate,30,名称未確認、登山道が道路を横断する地点（途中の入口の可能性）、公式情報または2情報源での確認が必要,"OpenStreetMap（© OpenStreetMap contributors, ODbL 1.0）Geofabrik japan-latest.osm.pbf 2026-09-23T20:22:04Z node/1582197631（登山道と道路の接続点）",
TH-n1582198563,trailhead,（名称未確認）,34.534073,136.222697,WGS84,650,大洞山,関西百名山,,一般道との接続,大洞山:0.4km,,OSM登山ルート: 東海自然歩道,candidate,30,名称未確認、登山道が道路を横断する地点（途中の入口の可能性）、公式情報または2情報源での確認が必要,"OpenStreetMap（© OpenStreetMap contributors, ODbL 1.0）Geofabrik japan-latest.osm.pbf 2026-09-23T20:22:04Z node/1582198563（登山道と道路の接続点）",
TH-n1582201984,trailhead,（名称未確認）,34.54719,136.213508,WGS84,646 650,尼ヶ岳、大洞山,関西百名山|東海の百山,,一般道との接続,尼ヶ岳:1.38km 大洞山:1.79km,,OSM登山ルート: 東海自然歩道,candidate,30,名称未確認、登山道が道路を横断する地点（途中の入口の可能性）、公式情報または2情報源での確認が必要,"OpenStreetMap（© OpenStreetMap contributors, ODbL 1.0）Geofabrik japan-latest.osm.pbf 2026-09-23T20:22:04Z node/1582201984（登山道と道路の接続点）",
TH-n1582202031,trailhead,（名称未確認）,34.54744,136.227041,WGS84,646,尼ヶ岳,関西百名山|東海の百山,,一般道（県道以上）との接続,尼ヶ岳:2.13km,,,candidate,30,名称未確認、公式情報または2情報源での確認が必要,"OpenStreetMap（© OpenStreetMap contributors, ODbL 1.0）Geofabrik japan-latest.osm.pbf 2026-09-23T20:22:04Z node/1582202031（登山道と道路の接続点）",
TH-n1582203148,trailhead,（名称未確認）,34.55172,136.213664,WGS84,646,尼ヶ岳,関西百名山|東海の百山,,一般道との接続,尼ヶ岳:0.92km,,,candidate,30,名称未確認、登山道が道路を横断する地点（途中の入口の可能性）、公式情報または2情報源での確認が必要,"OpenStreetMap（© OpenStreetMap contributors, ODbL 1.0）Geofabrik japan-latest.osm.pbf 2026-09-23T20:22:04Z node/1582203148（登山道と道路の接続点）",
TH-n1582210996,trailhead,（名称未確認）,34.594146,136.375654,WGS84,642,矢頭山,東海の百山,,一般道との接続,矢頭山:2.36km,,,candidate,30,名称未確認、公式情報または2情報源での確認が必要,"OpenStreetMap（© OpenStreetMap contributors, ODbL 1.0）Geofabrik japan-latest.osm.pbf 2026-09-23T20:22:04Z node/1582210996（登山道と道路の接続点）",
TH-n1648682361,trailhead,（名称未確認）,35.2440293,138.8187456,WGS84,539,愛鷹山,日本二百名山|日本三百名山,,道路の終点付近,愛鷹山:3.69km,PK-w181452727(452m),,provisional,30,名称未確認、林道からの入口（マイカー進入可否を要確認）、公式情報または2情報源での確認が必要,"OpenStreetMap（© OpenStreetMap contributors, ODbL 1.0）Geofabrik japan-latest.osm.pbf 2026-09-23T20:22:04Z node/1648682361（登山道と道路の接続点）",
TH-n1648683301,trailhead,（名称未確認）田向辻バス停付近,35.2453801,138.8484039,WGS84,539,愛鷹山,日本二百名山|日本三百名山,,一般道との接続,愛鷹山:5.52km,PK-w968037223(482m) BS-kP11-22-22-bs657(497m) BS-kP11-22-22-bs631(646m) BS-kP11-22-22-bs631(646m),,provisional,30,名称未確認、公式情報または2情報源での確認が必要,"OpenStreetMap（© OpenStreetMap contributors, ODbL 1.0）Geofabrik japan-latest.osm.pbf 2026-09-23T20:22:04Z node/1648683301（登山道と道路の接続点）",
TH-n1648683965,trailhead,山神社登山口（愛鷹山）,35.24679,138.8218231,WGS84,539,愛鷹山,日本二百名山|日本三百名山,,林道との接続,愛鷹山:5.57km,PK-w181452727(38m),parking=山神社駐車場 約30台（バス駐車不可）・簡易トイレあり,provisional,30,名称未確認、林道からの入口（マイカー進入可否を要確認）、公式情報または2情報源での確認が必要、山神社駐車場（約30台・簡易トイレ）に隣接する登山道の入口（裾野市）、位牌岳から蓬莱山までの鋸岳の区間は崩落が激しく通行止め（裾野市）、この地点が山神社登山口であることは目視未確認,"OpenStreetMap（© OpenStreetMap contributors, ODbL 1.0）Geofabrik japan-latest.osm.pbf 2026-09-23T20:22:04Z node/1648683965（登山道と道路の接続点） ｜ 公式情報: https://www.city.susono.shizuoka.jp/soshiki/8/1/1/3/2/2116.html ｜ 公式情報: https://www.city.susono.shizuoka.jp/kanko/2/4/2/3163.html",2026-09-20
TH-n1648689568,trailhead,十里木高原登山口（越前岳）,35.2563168,138.7838928,WGS84,539,愛鷹山,日本二百名山|日本三百名山,,一般道（県道以上）との接続,愛鷹山:4.64km,PK-w1442238898(45m) PK-w1442238894(147m) BS-kP11-22-22-bs595(20m) BS-kP11-22-22-bs592(397m) BS-kP11-22-22-bs593(397m),parking=十里木高原駐車場 38台（バス駐車不可）・トイレあり; bus=JR三島駅からバス約1時間30分、十里木高原停留所下車,adopted,15,近くの道路にゲートあり（車両通行止め・季節閉鎖の可能性）、愛鷹連峰は険しく崩れやすい古い火山で、地図や装備のない軽装での登山は危険（裾野市）、位牌岳から蓬莱山までの鋸岳の区間は崩落が激しく通行止め（裾野市）、東名裾野ICから車で約20〜25分（裾野市）,"OpenStreetMap（© OpenStreetMap contributors, ODbL 1.0）Geofabrik japan-latest.osm.pbf 2026-09-23T20:22:04Z node/1648689568（登山道と道路の接続点） ｜ 公式情報: https://www.city.susono.shizuoka.jp/soshiki/8/1/1/3/2/2116.html ｜ 公式情報: https://www.city.susono.shizuoka.jp/kanko/2/4/2/3163.html",2026-09-20
TH-n1667111796,trailhead,（名称未確認）,35.2378218,138.7711854,WGS84,539,愛鷹山,日本二百名山|日本三百名山,,一般道との接続,愛鷹山:4.32km,PK-w1327734891(318m),,provisional,30,名称未確認、登山道が道路を横断する地点（途中の入口の可能性）、近くの道路にゲートあり（車両通行止め・季節閉鎖の可能性）、公式情報または2情報源での確認が必要,"OpenStreetMap（© OpenStreetMap contributors, ODbL 1.0）Geofabrik japan-latest.osm.pbf 2026-09-23T20:22:04Z node/1667111796（登山道と道路の接続点）",
TH-n1667128884,trailhead,（名称未確認）十里木高原バス停付近,35.2528734,138.7864984,WGS84,539,愛鷹山,日本二百名山|日本三百名山,,一般道との接続,愛鷹山:4.15km,PK-w1442238894(417m) PK-w1442238898(431m) BS-kP11-22-22-bs595(450m) BS-kP11-22-22-bs592(471m) BS-kP11-22-22-bs593(471m),,provisional,30,名称未確認、近くの道路にゲートあり（車両通行止め・季節閉鎖の可能性）、公式情報または2情報源での確認が必要,"OpenStreetMap（© OpenStreetMap contributors, ODbL 1.0）Geofabrik japan-latest.osm.pbf 2026-09-23T20:22:04Z node/1667128884（登山道と道路の接続点）",
TH-n1669426322,trailhead,塩川分岐,35.557509,138.1388395,WGS84,431 449,塩見岳、悪沢岳,日本百名山|日本二百名山|日本三百名山|甲信越百名山,OSM登山道「三伏峠鳥倉ルート」,登山口（OSMの登山口地物）,塩見岳:6.42km 悪沢岳:14.14km,,OSM登山ルート: 三伏峠鳥倉ルート,provisional,15,公式情報または2情報源での確認が必要,"OpenStreetMap（© OpenStreetMap contributors, ODbL 1.0）Geofabrik japan-latest.osm.pbf 2026-09-23T20:22:04Z node/1669426322",
TH-n1685786028,trailhead,（名称未確認）,35.663648,136.257228,WGS84,408,三周ヶ岳,東海の百山,,道路の終点付近,三周ヶ岳:7.47km,,,candidate,30,名称未確認、林道からの入口（マイカー進入可否を要確認）、公式情報または2情報源での確認が必要,"OpenStreetMap（© OpenStreetMap contributors, ODbL 1.0）Geofabrik japan-latest.osm.pbf 2026-09-23T20:22:04Z node/1685786028（登山道と道路の接続点）",
TH-n1685866088,trailhead,（名称未確認）,35.516881,136.32879,WGS84,435,金糞岳,関西百名山,,一般道との接続,金糞岳:4.74km,,,candidate,30,名称未確認、公式情報または2情報源での確認が必要,"OpenStreetMap（© OpenStreetMap contributors, ODbL 1.0）Geofabrik japan-latest.osm.pbf 2026-09-23T20:22:04Z node/1685866088（登山道と道路の接続点）",
TH-n1685868819,trailhead,（名称未確認）,35.528523,136.336333,WGS84,435,金糞岳,関西百名山,,一般道との接続,金糞岳:2.81km,,,candidate,30,名称未確認、登山道が道路を横断する地点（途中の入口の可能性）、公式情報または2情報源での確認が必要,"OpenStreetMap（© OpenStreetMap contributors, ODbL 1.0）Geofabrik japan-latest.osm.pbf 2026-09-23T20:22:04Z node/1685868819（登山道と道路の接続点）",
TH-n1687338004,trailhead,（名称未確認）よらまい館バス停付近,34.8534576,137.3019124,WGS84,621,宮路山,東海の百山,,一般道との接続,宮路山:1.27km,BS-kP11-22-23-bs7922(594m) BS-kP11-22-23-bs7922(594m) BS-kP11-22-23-bs7941(681m),,provisional,30,名称未確認、近くの道路にゲートあり（車両通行止め・季節閉鎖の可能性）、公式情報または2情報源での確認が必要,"OpenStreetMap（© OpenStreetMap contributors, ODbL 1.0）Geofabrik japan-latest.osm.pbf 2026-09-23T20:22:04Z node/1687338004（登山道と道路の接続点）",
TH-n1687338147,trailhead,（名称未確認）,34.8539942,137.2898245,WGS84,621,宮路山,東海の百山,,道路の終点付近,宮路山:0.83km,PK-w690884970(166m) PK-w690885015(190m),,provisional,30,名称未確認、近くの道路にゲートあり（車両通行止め・季節閉鎖の可能性）、公式情報または2情報源での確認が必要,"OpenStreetMap（© OpenStreetMap contributors, ODbL 1.0）Geofabrik japan-latest.osm.pbf 2026-09-23T20:22:04Z node/1687338147（登山道と道路の接続点）",
TH-n1741681007,trailhead,（名称未確認）,35.6796151,136.2715776,WGS84,408,三周ヶ岳,東海の百山,,道路の終点付近,三周ヶ岳:4.52km,,,candidate,30,名称未確認、林道からの入口（マイカー進入可否を要確認）、公式情報または2情報源での確認が必要,"OpenStreetMap（© OpenStreetMap contributors, ODbL 1.0）Geofabrik japan-latest.osm.pbf 2026-09-23T20:22:04Z node/1741681007（登山道と道路の接続点）",
TH-n1742841008,trailhead,湯の山温泉駅（御在所ロープウエイ）,35.0168252,136.44628,WGS84,585 589 595 601 602 607 609 611 612,三池岳、釈迦ヶ岳、尾高山、雨乞岳、御在所岳、鎌ヶ岳、入道ヶ岳、宮指路岳、仙ヶ岳,東海の百山|日本二百名山|日本三百名山|関西百名山,,索道駅（ロープウェイ・ゴンドラ）,三池岳:13.07km 釈迦ヶ岳:15.87km 尾高山:12.87km 雨乞岳:14.17km 御在所岳:6.06km 鎌ヶ岳:3.44km 入道ヶ岳:8.3km 宮指路岳:8.78km 仙ヶ岳:10.64km,PK-w162380238(92m) PK-w425039861(128m) PK-w1190517292(257m) BS-kP11-22-24-bs643(94m) BS-kP11-22-24-bs649(259m) BS-kP11-22-24-bs638(1000m),parking=町営の無料駐車場（割谷・蒼滝）と有料の湯の山パーキングセンター（料金は案内により異なる）; restriction=中登山道は通行止め（2025年5月25日〜、当面の間）,adopted,15,近くの道路にゲートあり（車両通行止め・季節閉鎖の可能性）、登山者用の無料駐車場（割谷・蒼滝）と有料駐車場が案内されている（御在所ロープウエイ・菰野町観光協会）,"OpenStreetMap（© OpenStreetMap contributors, ODbL 1.0）Geofabrik japan-latest.osm.pbf 2026-09-23T20:22:04Z node/1742841008 ｜ 国土地理院 地名検索「湯の山温泉駅」（35.016725, 136.446824、JGD2011、51m差）2026-09-20確認 ｜ 公式情報: https://www.gozaisho.co.jp/news/parking/ ｜ 公式情報: https://www.kanko-komono.com/news/1175/",2026-09-20
TH-n1742841043,trailhead,山上公園駅,35.0196807,136.4246528,WGS84,585 589 595 601 607 609 611 612,三池岳、釈迦ヶ岳、尾高山、雨乞岳、鎌ヶ岳、入道ヶ岳、宮指路岳、仙ヶ岳,東海の百山|関西百名山,OSM登山道「御在所岳 中登山道」、OSM登山道「御在所岳一ノ谷新道」,索道駅（ロープウェイ・ゴンドラ）,三池岳:11.04km 釈迦ヶ岳:7.83km 尾高山:10.84km 雨乞岳:5.76km 鎌ヶ岳:4.03km 入道ヶ岳:9.21km 宮指路岳:9.69km 仙ヶ岳:11.55km,,,provisional,15,近くの道路にゲートあり（車両通行止め・季節閉鎖の可能性）、公式情報または2情報源での確認が必要,"OpenStreetMap（© OpenStreetMap contributors, ODbL 1.0）Geofabrik japan-latest.osm.pbf 2026-09-23T20:22:04Z node/1742841043 ｜ 国土地理院 地名検索「山上公園駅」（35.019519, 136.424520、JGD2011、22m差）2026-09-20確認",2026-09-20
TH-n1742869063,trailhead,頂上駅,35.0204013,136.4191291,WGS84,602 601,御在所岳、雨乞岳,日本二百名山|日本三百名山|関西百名山|東海の百山,,索道駅（ロープウェイ・ゴンドラ）,御在所岳:0.12km 雨乞岳:4.11km,,,provisional,15,公式情報または2情報源での確認が必要,"OpenStreetMap（© OpenStreetMap contributors, ODbL 1.0）Geofabrik japan-latest.osm.pbf 2026-09-23T20:22:04Z node/1742869063",
TH-n1773211354,trailhead,（名称未確認）,34.461462,136.202654,WGS84,669,三峰山,日本三百名山|関西百名山|東海の百山,,林道との接続,三峰山:1.93km,,,candidate,30,名称未確認、林道からの入口（マイカー進入可否を要確認）、公式情報または2情報源での確認が必要,"OpenStreetMap（© OpenStreetMap contributors, ODbL 1.0）Geofabrik japan-latest.osm.pbf 2026-09-23T20:22:04Z node/1773211354（登山道と道路の接続点）",
TH-n1773211496,trailhead,（名称未確認）,34.462521,136.194657,WGS84,669,三峰山,日本三百名山|関西百名山|東海の百山,,林道との接続,三峰山:2.21km,,,candidate,30,名称未確認、林道からの入口（マイカー進入可否を要確認）、公式情報または2情報源での確認が必要,"OpenStreetMap（© OpenStreetMap contributors, ODbL 1.0）Geofabrik japan-latest.osm.pbf 2026-09-23T20:22:04Z node/1773211496（登山道と道路の接続点）",
TH-n1773211982,trailhead,（名称未確認）,34.467597,136.19671,WGS84,669,三峰山,日本三百名山|関西百名山|東海の百山,,道路の終点付近,三峰山:2.93km,PK-w454894857(457m) PK-w454894858(485m),,provisional,30,名称未確認、林道からの入口（マイカー進入可否を要確認）、公式情報または2情報源での確認が必要,"OpenStreetMap（© OpenStreetMap contributors, ODbL 1.0）Geofabrik japan-latest.osm.pbf 2026-09-23T20:22:04Z node/1773211982（登山道と道路の接続点）",
TH-n1773393516,trailhead,曽爾高原（倶留尊山登山口）,34.5222457,136.1583951,WGS84,651,倶留尊山,日本三百名山|関西百名山|東海の百山,,一般道（県道以上）との接続,倶留尊山:1.94km,PK-w1092015942(295m) PK-n10001205996(469m) PK-n722515404(472m) BS-kP11-22-29-bs1433(37m) BS-kP11-22-29-bs1427(774m),parking=曽爾高原 野口駐車場 150台・800円（普通車、ゲートで支払い）・トイレあり; fee=二本ボソから先は私有地のため入山料 500円; OSM登山ルート: 東海自然歩道,adopted,15,登山道が道路を横断する地点（途中の入口の可能性）、曽爾高原からお亀池沿いに亀山峠を経て倶留尊山へ至る（三重県観光連盟）、二本ボソから先の倶留尊山は私有地で、維持管理のための入山料500円が必要（三重県観光連盟）,"OpenStreetMap（© OpenStreetMap contributors, ODbL 1.0）Geofabrik japan-latest.osm.pbf 2026-09-23T20:22:04Z node/1773393516（登山道と道路の接続点） ｜ 公式情報: https://sonimura.net/kankoumap/kankoukyoukai/nogutiparking/ ｜ 公式情報: https://www.kankomie.or.jp/report/985",2026-09-20
TH-n1773742653,trailhead,（名称未確認）上出バス停付近,34.5517386,136.4279463,WGS84,648,堀坂山,東海の百山,,一般道（県道以上）との接続,堀坂山:0.73km,BS-kP11-22-24-bs3666(837m) BS-kP11-22-24-bs3656(935m),,provisional,30,名称未確認、公式情報または2情報源での確認が必要,"OpenStreetMap（© OpenStreetMap contributors, ODbL 1.0）Geofabrik japan-latest.osm.pbf 2026-09-23T20:22:04Z node/1773742653（登山道と道路の接続点）",
TH-n1773743577,trailhead,（名称未確認）与原神社前バス停付近,34.5533969,136.420342,WGS84,648,堀坂山,東海の百山,,一般道との接続,堀坂山:1.51km,BS-kP11-22-24-bs3641(287m) BS-kP11-22-24-bs3656(289m) BS-kP11-22-24-bs3630(358m),,provisional,30,名称未確認、公式情報または2情報源での確認が必要,"OpenStreetMap（© OpenStreetMap contributors, ODbL 1.0）Geofabrik japan-latest.osm.pbf 2026-09-23T20:22:04Z node/1773743577（登山道と道路の接続点）",
TH-n1774289436,trailhead,（名称未確認）,34.348035,136.135162,WGS84,692,池木屋山,関西百名山,,林道との接続,池木屋山:6.21km,,,candidate,30,名称未確認、林道からの入口（マイカー進入可否を要確認）、公式情報または2情報源での確認が必要,"OpenStreetMap（© OpenStreetMap contributors, ODbL 1.0）Geofabrik japan-latest.osm.pbf 2026-09-23T20:22:04Z node/1774289436（登山道と道路の接続点）",
TH-n1774289574,trailhead,（名称未確認）,34.348999,136.149229,WGS84,692,池木屋山,関西百名山,,道路の終点付近,池木屋山:4.74km,,,candidate,30,名称未確認、林道からの入口（マイカー進入可否を要確認）、公式情報または2情報源での確認が必要,"OpenStreetMap（© OpenStreetMap contributors, ODbL 1.0）Geofabrik japan-latest.osm.pbf 2026-09-23T20:22:04Z node/1774289574（登山道と道路の接続点）",
TH-n1774291429,trailhead,（名称未確認）,34.376775,136.116456,WGS84,682,桧塚,関西百名山,,道路の終点付近,桧塚:1.25km,,,candidate,30,名称未確認、林道からの入口（マイカー進入可否を要確認）、公式情報または2情報源での確認が必要,"OpenStreetMap（© OpenStreetMap contributors, ODbL 1.0）Geofabrik japan-latest.osm.pbf 2026-09-23T20:22:04Z node/1774291429（登山道と道路の接続点）",
TH-n1774302310,trailhead,高見峠,34.4234531,136.0909013,WGS84,673 683,高見山、明神岳,日本三百名山|関西百名山|東海の百山,,峠（道路との接続）,高見山:0.69km 明神岳:9.23km,,,adopted,30,登山道が道路を横断する地点（途中の入口の可能性）,"OpenStreetMap（© OpenStreetMap contributors, ODbL 1.0）Geofabrik japan-latest.osm.pbf 2026-09-23T20:22:04Z node/1774302310（登山道と道路の接続点） ｜ 国土地理院 地名検索「高見峠」（34.423288, 136.091181、JGD2011、32m差）2026-09-20確認",2026-09-20
TH-n1774305370,trailhead,（名称未確認）,34.434652,136.217085,WGS84,669,三峰山,日本三百名山|関西百名山|東海の百山,,一般道との接続,三峰山:3.1km,,,candidate,30,名称未確認、公式情報または2情報源での確認が必要,"OpenStreetMap（© OpenStreetMap contributors, ODbL 1.0）Geofabrik japan-latest.osm.pbf 2026-09-23T20:22:04Z node/1774305370（登山道と道路の接続点）",
TH-n1774311069,trailhead,（名称未確認）,34.451876,136.336754,WGS84,666,局ヶ岳,関西百名山|東海の百山,,一般道との接続,局ヶ岳:1.35km,,,candidate,30,名称未確認、公式情報または2情報源での確認が必要,"OpenStreetMap（© OpenStreetMap contributors, ODbL 1.0）Geofabrik japan-latest.osm.pbf 2026-09-23T20:22:04Z node/1774311069（登山道と道路の接続点）",
TH-n1774312902,trailhead,（名称未確認）,34.4766152,136.3305597,WGS84,666,局ヶ岳,関西百名山|東海の百山,,一般道との接続,局ヶ岳:1.99km,,,candidate,30,名称未確認、公式情報または2情報源での確認が必要,"OpenStreetMap（© OpenStreetMap contributors, ODbL 1.0）Geofabrik japan-latest.osm.pbf 2026-09-23T20:22:04Z node/1774312902（登山道と道路の接続点）",
TH-n1862347941,trailhead,（名称未確認）,34.7763596,137.4916297,WGS84,631 632,神石山、座談山,東海の百山,OSM登山道「豊川道」,一般道との接続,神石山:5.13km 座談山:6.44km,PK-w592222454(85m),,provisional,30,名称未確認、公式情報または2情報源での確認が必要,"OpenStreetMap（© OpenStreetMap contributors, ODbL 1.0）Geofabrik japan-latest.osm.pbf 2026-09-23T20:22:04Z node/1862347941（登山道と道路の接続点）",
TH-n1875870656,trailhead,（名称未確認）教職員駐車場付近,35.2536828,137.0507232,WGS84,526,東谷山,東海の百山,,一般道との接続,東谷山:0.32km,PK-w50053319(195m) PK-w1021041585(396m) PK-w1021041597(404m) BS-n14094592839(437m) BS-kP11-22-23-bs1257(747m) BS-kP11-22-23-bs1257(747m),,provisional,30,名称未確認、公式情報または2情報源での確認が必要,"OpenStreetMap（© OpenStreetMap contributors, ODbL 1.0）Geofabrik japan-latest.osm.pbf 2026-09-23T20:22:04Z node/1875870656（登山道と道路の接続点）",
TH-n1875870741,trailhead,（名称未確認）十軒家バス停付近,35.2547045,137.0574137,WGS84,526,東谷山,東海の百山,,一般道との接続,東谷山:0.43km,BS-kP11-22-23-bs1303(716m) BS-kP11-22-23-bs1303(716m) BS-kP11-22-23-bs1164(735m),,provisional,30,名称未確認、公式情報または2情報源での確認が必要,"OpenStreetMap（© OpenStreetMap contributors, ODbL 1.0）Geofabrik japan-latest.osm.pbf 2026-09-23T20:22:04Z node/1875870741（登山道と道路の接続点）",
TH-n1910978564,trailhead,白出小屋,36.2991652,137.6121712,WGS84,286 300 303 305 308 317 318 319 324,赤牛岳、三俣蓮華岳、双六岳、大天井岳、槍ヶ岳、奥穂高岳、蝶ヶ岳、西穂独標、焼岳,日本二百名山|日本三百名山|甲信越百名山|東海の百山|日本百名山,,施設（山小屋・宿・キャンプ場）からの入口,赤牛岳:24.33km 三俣蓮華岳:14.64km 双六岳:12.95km 大天井岳:15.66km 槍ヶ岳:7.49km 奥穂高岳:4.33km 蝶ヶ岳:14.7km 西穂独標:7.28km 焼岳:14.07km,,,provisional,15,公式情報または2情報源での確認が必要,"OpenStreetMap（© OpenStreetMap contributors, ODbL 1.0）Geofabrik japan-latest.osm.pbf 2026-09-23T20:22:04Z node/1910978564",
TH-n1976220764,trailhead,（名称未確認）本町1丁目（岐阜市）バス停付近,35.4318825,136.7691671,WGS84,468,金華山,東海の百山,,一般道（県道以上）との接続,金華山:1.57km,PK-w387583414(365m) PK-w387583272(440m) PK-w387583402(457m) BS-kP11-22-21-bs4000(37m) BS-kP11-22-21-bs4000(37m) BS-kP11-22-21-bs3968(172m),,provisional,30,名称未確認、登山道が道路を横断する地点（途中の入口の可能性）、公式情報または2情報源での確認が必要,"OpenStreetMap（© OpenStreetMap contributors, ODbL 1.0）Geofabrik japan-latest.osm.pbf 2026-09-23T20:22:04Z node/1976220764（登山道と道路の接続点）",
TH-n1998471662,trailhead,（名称未確認）,34.7719468,137.4626831,WGS84,631 632,神石山、座談山,東海の百山,OSM登山道「赤岩自然歩道」,林道との接続,神石山:4.37km 座談山:5.68km,,OSM登山ルート: 赤岩自然歩道,candidate,30,名称未確認、林道からの入口（マイカー進入可否を要確認）、公式情報または2情報源での確認が必要,"OpenStreetMap（© OpenStreetMap contributors, ODbL 1.0）Geofabrik japan-latest.osm.pbf 2026-09-23T20:22:04Z node/1998471662（登山道と道路の接続点）",
TH-n1998721180,trailhead,（名称未確認）民俗資料収蔵室前バス停付近,34.7634234,137.4512978,WGS84,631 632,神石山、座談山,東海の百山,,一般道との接続,神石山:6.7km 座談山:8.01km,BS-kP11-22-23-bs8646(192m) BS-kP11-22-23-bs8646(192m) BS-kP11-22-23-bs8644(373m),,provisional,30,名称未確認、近くの道路にゲートあり（車両通行止め・季節閉鎖の可能性）、公式情報または2情報源での確認が必要,"OpenStreetMap（© OpenStreetMap contributors, ODbL 1.0）Geofabrik japan-latest.osm.pbf 2026-09-23T20:22:04Z node/1998721180（登山道と道路の接続点）",
TH-n2000118610,trailhead,（名称未確認）野中バス停付近,34.7670066,137.4390613,WGS84,631 632,神石山、座談山,東海の百山,OSM登山道「赤岩自然歩道」,一般道との接続,神石山:7.11km 座談山:8.42km,BS-kP11-22-23-bs8639(513m) BS-kP11-22-23-bs8639(513m) BS-n13624288340(596m),OSM登山ルート: 赤岩自然歩道,provisional,30,名称未確認、近くの道路にゲートあり（車両通行止め・季節閉鎖の可能性）、公式情報または2情報源での確認が必要,"OpenStreetMap（© OpenStreetMap contributors, ODbL 1.0）Geofabrik japan-latest.osm.pbf 2026-09-23T20:22:04Z node/2000118610（登山道と道路の接続点）",
TH-n2013206402,trailhead,（名称未確認）視聴覚教育センターバス停付近,34.7303949,137.4350978,WGS84,631 632,神石山、座談山,東海の百山,,一般道との接続,神石山:4.92km 座談山:3.59km,PK-w492418371(242m) PK-w503173816(367m) PK-w1214433238(420m) BS-kP11-22-23-bs8805(119m) BS-kP11-22-23-bs8811(376m) BS-kP11-22-23-bs8788(452m),,provisional,30,名称未確認、近くの道路にゲートあり（車両通行止め・季節閉鎖の可能性）、公式情報または2情報源での確認が必要,"OpenStreetMap（© OpenStreetMap contributors, ODbL 1.0）Geofabrik japan-latest.osm.pbf 2026-09-23T20:22:04Z node/2013206402（登山道と道路の接続点）",
TH-n2013206446,trailhead,（名称未確認）大脇バス停付近,34.732331,137.464918,WGS84,631 632,神石山、座談山,東海の百山,,一般道との接続,神石山:2.8km 座談山:1.43km,PK-w1342087877(442m) PK-w1342087879(449m) BS-n12415702276(409m) BS-kP11-22-23-bs8819(987m) BS-kP11-22-23-bs8819(987m),,provisional,30,名称未確認、公式情報または2情報源での確認が必要,"OpenStreetMap（© OpenStreetMap contributors, ODbL 1.0）Geofabrik japan-latest.osm.pbf 2026-09-23T20:22:04Z node/2013206446（登山道と道路の接続点）",
TH-n2013207021,trailhead,（名称未確認）葦毛湿原散策者駐車場付近,34.7462333,137.4499325,WGS84,631 632,神石山、座談山,東海の百山,,一般道との接続,神石山:2.85km 座談山:1.53km,PK-w431594389(490m) BS-kP11-22-23-bs8723(538m) BS-kP11-22-23-bs8723(538m) BS-kP11-22-23-bs8708(625m),,provisional,30,名称未確認、公式情報または2情報源での確認が必要,"OpenStreetMap（© OpenStreetMap contributors, ODbL 1.0）Geofabrik japan-latest.osm.pbf 2026-09-23T20:22:04Z node/2013207021（登山道と道路の接続点）",
TH-n2013207104,trailhead,（名称未確認）葦毛湿原散策者駐車場付近,34.7497325,137.4489959,WGS84,631 632,神石山、座談山,東海の百山,,一般道との接続,神石山:3.29km 座談山:1.97km,PK-w431594389(94m) BS-kP11-22-23-bs8708(270m) BS-kP11-22-23-bs8708(270m) BS-kP11-22-23-bs8723(459m),,provisional,30,名称未確認、近くの道路にゲートあり（車両通行止め・季節閉鎖の可能性）、公式情報または2情報源での確認が必要,"OpenStreetMap（© OpenStreetMap contributors, ODbL 1.0）Geofabrik japan-latest.osm.pbf 2026-09-23T20:22:04Z node/2013207104（登山道と道路の接続点）",
TH-n2043575571,trailhead,（名称未確認）桃太郎公園バス停付近,35.4056693,136.9658482,WGS84,476,鳩吹山,東海の百山,OSM登山道「せせらぎ遊歩道 (Seseragi Stroll road)」,道路の終点付近,鳩吹山:4.09km,PK-w243368020(39m) PK-w234076711(71m) PK-w234076710(163m) BS-kP11-22-23-bs5(118m) BS-kP11-22-23-bs4(299m) BS-kP11-22-21-bs4545(503m),,provisional,30,名称未確認、近くの道路にゲートあり（車両通行止め・季節閉鎖の可能性）、公式情報または2情報源での確認が必要,"OpenStreetMap（© OpenStreetMap contributors, ODbL 1.0）Geofabrik japan-latest.osm.pbf 2026-09-23T20:22:04Z node/2043575571（登山道と道路の接続点）",
TH-n2052130950,trailhead,（名称未確認）,36.3713539,136.925276,WGS84,307,人形山,日本三百名山,,道路の終点付近,人形山:6.44km,,,candidate,30,名称未確認、林道からの入口（マイカー進入可否を要確認）、公式情報または2情報源での確認が必要,"OpenStreetMap（© OpenStreetMap contributors, ODbL 1.0）Geofabrik japan-latest.osm.pbf 2026-09-23T20:22:04Z node/2052130950（登山道と道路の接続点）",
TH-n2052132663,trailhead,中根平（人形山登山口）,36.381867,136.940763,WGS84,307,人形山,日本三百名山,,一般道との接続,人形山:5.51km,,"course=人形山（中根平）は往復で体力度3・技術的難易度B、コースタイム6.7時間、距離11.4km、登り下りとも累積1,120m、起点の標高852m、人形山1,726m（富山県 山のグレーディング）",adopted,15,"地理院地図の徒歩道が道路から始まる位置は約160m先（36.383251, 136.940372、標高829.8m）","OpenStreetMap（© OpenStreetMap contributors, ODbL 1.0）Geofabrik japan-latest.osm.pbf 2026-09-23T20:22:04Z node/2052132663（登山道と道路の接続点） ｜ 公式情報: https://www.pref.toyama.jp/1709/kurashi/sportsleisure/tozan/kj00021724/index.html ｜ 公式情報: https://www.pref.toyama.jp/documents/8174/01399294r08.pdf ｜ 国土地理院 標高API（36.381870, 136.940760）850.5m。富山県の起点標高852mと一致 2026-09-23確認",2026-09-23
TH-n2052132786,trailhead,（名称未確認）,36.3827939,136.966366,WGS84,307,人形山,日本三百名山,,一般道との接続,人形山:6.53km,,,candidate,30,名称未確認、公式情報または2情報源での確認が必要,"OpenStreetMap（© OpenStreetMap contributors, ODbL 1.0）Geofabrik japan-latest.osm.pbf 2026-09-23T20:22:04Z node/2052132786（登山道と道路の接続点）",
TH-n2057326145,trailhead,（名称未確認）十軒家バス停付近,35.256094,137.0646472,WGS84,526,東谷山,東海の百山,,一般道との接続,東谷山:1.2km,BS-kP11-22-23-bs1303(335m) BS-kP11-22-23-bs1303(335m) BS-kP11-22-23-bs1164(661m),,provisional,30,名称未確認、公式情報または2情報源での確認が必要,"OpenStreetMap（© OpenStreetMap contributors, ODbL 1.0）Geofabrik japan-latest.osm.pbf 2026-09-23T20:22:04Z node/2057326145（登山道と道路の接続点）",
TH-n2098067806,trailhead,（名称未確認）,35.2059,137.146369,WGS84,545,猿投山,東海の百山,,一般道との接続,猿投山:2.2km,,OSM登山ルート: 東海自然歩道,candidate,30,名称未確認、近くの道路にゲートあり（車両通行止め・季節閉鎖の可能性）、公式情報または2情報源での確認が必要,"OpenStreetMap（© OpenStreetMap contributors, ODbL 1.0）Geofabrik japan-latest.osm.pbf 2026-09-23T20:22:04Z node/2098067806（登山道と道路の接続点）",
TH-n2098079430,trailhead,（名称未確認）岩屋堂バス停付近,35.24009,137.14417,WGS84,530,岩巣山,東海の百山,OSM登山道「東海自然歩道」,一般道との接続,岩巣山:1.82km,PK-w1201386443(304m) PK-w1201386444(311m) BS-kP11-22-23-bs1585(370m) BS-kP11-22-23-bs1533(738m) BS-kP11-22-23-bs1480(954m),OSM登山ルート: 東海自然歩道,provisional,30,名称未確認、登山道が道路を横断する地点（途中の入口の可能性）、公式情報または2情報源での確認が必要,"OpenStreetMap（© OpenStreetMap contributors, ODbL 1.0）Geofabrik japan-latest.osm.pbf 2026-09-23T20:22:04Z node/2098079430（登山道と道路の接続点）",
TH-n2098084204,trailhead,（名称未確認）白岩町バス停付近,35.255462,137.158163,WGS84,530,岩巣山,東海の百山,OSM登山道「東海自然歩道」,一般道との接続,岩巣山:0.86km,BS-kP11-22-23-bs1169(558m) BS-kP11-22-23-bs1169(558m) BS-kP11-22-23-bs1167(776m),OSM登山ルート: 東海自然歩道,provisional,30,名称未確認、公式情報または2情報源での確認が必要,"OpenStreetMap（© OpenStreetMap contributors, ODbL 1.0）Geofabrik japan-latest.osm.pbf 2026-09-23T20:22:04Z node/2098084204（登山道と道路の接続点）",
TH-n2098086456,trailhead,（名称未確認）鹿乗町バス停付近,35.261892,137.0555556,WGS84,526,東谷山,東海の百山,,一般道との接続,東谷山:0.81km,BS-kP11-22-23-bs1149(91m) BS-kP11-22-23-bs1149(91m) BS-kP11-22-23-bs1134(302m),,provisional,30,名称未確認、近くの道路にゲートあり（車両通行止め・季節閉鎖の可能性）、公式情報または2情報源での確認が必要,"OpenStreetMap（© OpenStreetMap contributors, ODbL 1.0）Geofabrik japan-latest.osm.pbf 2026-09-23T20:22:04Z node/2098086456（登山道と道路の接続点）",
TH-n2112110339,trailhead,（名称未確認）福徳（上）バス停付近,34.8330098,136.3757896,WGS84,623,錫杖ヶ岳,東海の百山,,道路の終点付近,錫杖ヶ岳:2.79km,BS-kP11-22-24-bs1557(354m) BS-kP11-22-24-bs1556(602m) BS-kP11-22-24-bs1520(953m),,provisional,30,名称未確認、林道からの入口（マイカー進入可否を要確認）、公式情報または2情報源での確認が必要,"OpenStreetMap（© OpenStreetMap contributors, ODbL 1.0）Geofabrik japan-latest.osm.pbf 2026-09-23T20:22:04Z node/2112110339（登山道と道路の接続点）",
TH-n2112184968,trailhead,（名称未確認）石水渓バス停付近,34.926752,136.398602,WGS84,612,仙ヶ岳,東海の百山,,一般道との接続,仙ヶ岳:3.73km,BS-kP11-22-24-bs1118(772m),,provisional,30,名称未確認、公式情報または2情報源での確認が必要,"OpenStreetMap（© OpenStreetMap contributors, ODbL 1.0）Geofabrik japan-latest.osm.pbf 2026-09-23T20:22:04Z node/2112184968（登山道と道路の接続点）",
TH-n2137364020,trailhead,（名称未確認）,35.2115061,138.0100504,WGS84,550,黒法師岳,日本三百名山,OSM登山道「等高尾根」,道路の終点付近,黒法師岳:3.19km,,,candidate,30,名称未確認、林道からの入口（マイカー進入可否を要確認）、公式情報または2情報源での確認が必要,"OpenStreetMap（© OpenStreetMap contributors, ODbL 1.0）Geofabrik japan-latest.osm.pbf 2026-09-23T20:22:04Z node/2137364020（登山道と道路の接続点）",
TH-n2323082191,trailhead,（名称未確認）,34.569021,136.216877,WGS84,646,尼ヶ岳,関西百名山|東海の百山,,一般道との接続,尼ヶ岳:1.42km,,OSM登山ルート: 東海自然歩道,candidate,30,名称未確認、登山道が道路を横断する地点（途中の入口の可能性）、公式情報または2情報源での確認が必要,"OpenStreetMap（© OpenStreetMap contributors, ODbL 1.0）Geofabrik japan-latest.osm.pbf 2026-09-23T20:22:04Z node/2323082191（登山道と道路の接続点）",
TH-n2380749403,trailhead,（名称未確認）,35.0599314,137.2849835,WGS84,596,六所山,東海の百山,OSM登山道「かもしかコース (Antelope course)」、OSM登山道「きつねコース (fox course)」,一般道との接続,六所山:0.57km,,,candidate,30,名称未確認、登山道が道路を横断する地点（途中の入口の可能性）、公式情報または2情報源での確認が必要,"OpenStreetMap（© OpenStreetMap contributors, ODbL 1.0）Geofabrik japan-latest.osm.pbf 2026-09-23T20:22:04Z node/2380749403（登山道と道路の接続点）",
TH-n2380749509,trailhead,（名称未確認）,35.0532642,137.2830106,WGS84,596,六所山,東海の百山,,一般道との接続,六所山:0.22km,,,candidate,30,名称未確認、公式情報または2情報源での確認が必要,"OpenStreetMap（© OpenStreetMap contributors, ODbL 1.0）Geofabrik japan-latest.osm.pbf 2026-09-23T20:22:04Z node/2380749509（登山道と道路の接続点）",
TH-n2385742167,trailhead,（名称未確認）,35.5079595,137.3525242,WGS84,444,笠置山,東海の百山,OSM登山道「笠置山散策道 (Kasagiyama stroll road)」,一般道との接続,笠置山:0.55km,,,candidate,30,名称未確認、登山道が道路を横断する地点（途中の入口の可能性）、公式情報または2情報源での確認が必要,"OpenStreetMap（© OpenStreetMap contributors, ODbL 1.0）Geofabrik japan-latest.osm.pbf 2026-09-23T20:22:04Z node/2385742167（登山道と道路の接続点）",
TH-n2506693737,trailhead,（名称未確認）鳩吹山登山口バス停付近,35.4181984,137.0069805,WGS84,476,鳩吹山,東海の百山,,一般道（県道以上）との接続,鳩吹山:1.17km,PK-w1126923830(304m) PK-w676214516(387m) PK-w243123055(492m) BS-kP11-22-21-bs4143(469m) BS-kP11-22-21-bs4146(494m) BS-kP11-22-21-bs4147(494m),,provisional,30,名称未確認、近くの道路にゲートあり（車両通行止め・季節閉鎖の可能性）、公式情報または2情報源での確認が必要,"OpenStreetMap（© OpenStreetMap contributors, ODbL 1.0）Geofabrik japan-latest.osm.pbf 2026-09-23T20:22:04Z node/2506693737（登山道と道路の接続点）",
TH-n2631161342,trailhead,（名称未確認）,35.9809451,136.8189111,WGS84,354,大日ヶ岳,日本二百名山|日本三百名山|東海の百山,,索道駅（ロープウェイ・ゴンドラ）,大日ヶ岳:3.49km,,,provisional,15,名称未確認、公式情報または2情報源での確認が必要,"OpenStreetMap（© OpenStreetMap contributors, ODbL 1.0）Geofabrik japan-latest.osm.pbf 2026-09-23T20:22:04Z node/2631161342",
TH-n3692712917,trailhead,第1ペアリフト,35.9890991,136.865918,WGS84,354,大日ヶ岳,日本二百名山|日本三百名山|東海の百山,OSM登山道「大日が岳登山道ダイナランドルート」,索道駅（ロープウェイ・ゴンドラ）,大日ヶ岳:3.75km,PK-w446934445(362m) PK-w365435424(412m),,provisional,15,公式情報または2情報源での確認が必要,"OpenStreetMap（© OpenStreetMap contributors, ODbL 1.0）Geofabrik japan-latest.osm.pbf 2026-09-23T20:22:04Z node/3692712917",
TH-n3692712924,trailhead,から松ビギナーリフト,35.9914084,136.8631271,WGS84,354,大日ヶ岳,日本二百名山|日本三百名山|東海の百山,OSM登山道「大日が岳登山道ダイナランドルート」,索道駅（ロープウェイ・ゴンドラ）,大日ヶ岳:3.25km,,,provisional,15,公式情報または2情報源での確認が必要,"OpenStreetMap（© OpenStreetMap contributors, ODbL 1.0）Geofabrik japan-latest.osm.pbf 2026-09-23T20:22:04Z node/3692712924",
TH-n3692714825,trailhead,αライナー,35.9914183,136.8563482,WGS84,354,大日ヶ岳,日本二百名山|日本三百名山|東海の百山,OSM登山道「大日が岳登山道ダイナランドルート」,索道駅（ロープウェイ・ゴンドラ）,大日ヶ岳:2.25km,,,provisional,15,公式情報または2情報源での確認が必要,"OpenStreetMap（© OpenStreetMap contributors, ODbL 1.0）Geofabrik japan-latest.osm.pbf 2026-09-23T20:22:04Z node/3692714825",
TH-n3692714827,trailhead,βライナー,35.9917331,136.8671858,WGS84,354,大日ヶ岳,日本二百名山|日本三百名山|東海の百山,OSM登山道「大日が岳登山道ダイナランドルート」,索道駅（ロープウェイ・ゴンドラ）,大日ヶ岳:3.84km,PK-w446934445(217m) PK-w365435424(268m) PK-w446933457(396m),,provisional,15,公式情報または2情報源での確認が必要,"OpenStreetMap（© OpenStreetMap contributors, ODbL 1.0）Geofabrik japan-latest.osm.pbf 2026-09-23T20:22:04Z node/3692714827",
TH-n3692714831,trailhead,SPゴンドラ,35.997459,136.8487321,WGS84,354,大日ヶ岳,日本二百名山|日本三百名山|東海の百山,,索道駅（ロープウェイ・ゴンドラ）,大日ヶ岳:1.2km,,,provisional,15,公式情報または2情報源での確認が必要,"OpenStreetMap（© OpenStreetMap contributors, ODbL 1.0）Geofabrik japan-latest.osm.pbf 2026-09-23T20:22:04Z node/3692714831",
TH-n419153758,trailhead,天城縦走登山口（天城高原）,34.8724009,139.0236505,WGS84,619,天城山,日本百名山|日本二百名山|日本三百名山,シャクナゲコース周回,一般道（県道以上）との接続,天城山:4.14km,PK-w333275926(52m) PK-w333275929(62m) BS-kP11-22-22-bs5375(13m) BS-kP11-22-22-bs5382(70m),parking=天城高原ハイカー専用駐車場（無料）; bus=東海バス 修善寺駅〜八丁池口線（4〜11月の土日祝のみ運行）,adopted,15,ゴルフ場の駐車場は利用できない。ハイカーは専用駐車場を使う（伊豆市）、天城シャクナゲコースでは道迷いの遭難が多発している（伊豆市）、季節ごとに入山を控える時間帯の目安が示されている（伊豆市）、5月でも山頂は低温になり低体温症のおそれがある（伊豆市）,"OpenStreetMap（© OpenStreetMap contributors, ODbL 1.0）Geofabrik japan-latest.osm.pbf 2026-09-23T20:22:04Z node/419153758（登山道と道路の接続点） ｜ 国土地理院ベクトルタイル提供実験 地理院地図の徒歩道の起点（34.872447, 139.023477、JGD2011、17m差）2026-09-24確認 ｜ 公式情報: https://kanko.city.izu.shizuoka.jp/sightseeing/mt-amagi/",2026-09-20
TH-n4213643454,trailhead,裏登山道登山口（御在所岳）,35.0197307,136.4433367,WGS84,585 589 595 601 602 607 609 611 612,三池岳、釈迦ヶ岳、尾高山、雨乞岳、御在所岳、鎌ヶ岳、入道ヶ岳、宮指路岳、仙ヶ岳,東海の百山|日本二百名山|日本三百名山|関西百名山,OSM登山道「御在所岳 裏登山道」,駐車場・バス停（林道・車道を経由して登山道へ）,三池岳:12.71km 釈迦ヶ岳:9.5km 尾高山:12.5km 雨乞岳:7.79km 御在所岳:2.94km 鎌ヶ岳:4.0km 入道ヶ岳:8.86km 宮指路岳:9.34km 仙ヶ岳:11.19km,PK-n4213643454(0m) PK-w162380238(474m) BS-kP11-22-24-bs643(493m) BS-kP11-22-24-bs649(678m),restriction=中登山道はおばれ岩付近の崩落の危険により通行止め（2025年5月25日〜、当面の間）; parking=割谷駐車場・蒼滝公共駐車場（いずれも町営・無料）,adopted,15,近くの道路にゲートあり（車両通行止め・季節閉鎖の可能性）、中登山道のおばれ岩付近で崩落の危険があり、ほかの登山道の利用が呼びかけられている（菰野町 観光産業課）、蒼滝公共駐車場から裏登山道入口まで徒歩約25分（御在所ロープウエイ）、登山者は無料の町営駐車場（割谷・蒼滝）の利用が案内されている（菰野町観光協会）,"OpenStreetMap（© OpenStreetMap contributors, ODbL 1.0）Geofabrik japan-latest.osm.pbf 2026-09-23T20:22:04Z node/4213643454 ｜ OpenStreetMap（© OpenStreetMap contributors, ODbL 1.0）Geofabrik japan-latest.osm.pbf 2026-09-23T20:22:04Z node/11054198685（登山道と道路の接続点） ｜ 公式情報: https://www2.town.komono.mie.jp/soshiki/11/1725.html ｜ 公式情報: https://www.gozaisho.co.jp/news/parking/ ｜ 公式情報: https://www.kanko-komono.com/news/1175/",2026-09-20
TH-n4501266893,trailhead,（名称未確認）,36.0572158,137.2165513,WGS84,345 353,位山、川上岳,日本二百名山|日本三百名山|東海の百山,,索道駅（ロープウェイ・ゴンドラ）,位山:3.14km 川上岳:9.75km,,,provisional,15,名称未確認、公式情報または2情報源での確認が必要,"OpenStreetMap（© OpenStreetMap contributors, ODbL 1.0）Geofabrik japan-latest.osm.pbf 2026-09-23T20:22:04Z node/4501266893",
TH-n4539292438,trailhead,（名称未確認）,34.8513035,137.2892589,WGS84,621,宮路山,東海の百山,,一般道との接続,宮路山:0.34km,PK-w690884970(143m) PK-w690885015(422m),,provisional,30,名称未確認、登山道が道路を横断する地点（途中の入口の可能性）、近くの道路にゲートあり（車両通行止め・季節閉鎖の可能性）、公式情報または2情報源での確認が必要,"OpenStreetMap（© OpenStreetMap contributors, ODbL 1.0）Geofabrik japan-latest.osm.pbf 2026-09-23T20:22:04Z node/4539292438（登山道と道路の接続点）",
TH-n472450105,trailhead,山麓駅,35.4345399,136.7748411,WGS84,468,金華山,東海の百山,OSM登山道「Hyakumagari Trail」、OSM登山道「馬の背登山道 (Umanose Trail)」,索道駅（ロープウェイ・ゴンドラ）,金華山:1.18km,PK-n1070273937(70m) PK-w92193422(149m) PK-w1100840959(209m) BS-n6353736547(182m) BS-kP11-22-21-bs3939(199m) BS-kP11-22-21-bs3939(199m),,provisional,15,公式情報または2情報源での確認が必要,"OpenStreetMap（© OpenStreetMap contributors, ODbL 1.0）Geofabrik japan-latest.osm.pbf 2026-09-23T20:22:04Z node/472450105 ｜ 国土地理院 地名検索「山麓駅」（35.434411, 136.774868、JGD2011、14m差）2026-09-20確認",2026-09-20
TH-n472450106,trailhead,ぎふ金華山ロープウェー山頂駅,35.4322729,136.7801565,WGS84,468,金華山,東海の百山,,索道駅（ロープウェイ・ゴンドラ）,金華山:0.17km,BS-n6353736547(724m) BS-kP11-22-21-bs3939(726m) BS-kP11-22-21-bs3939(726m),,provisional,15,公式情報または2情報源での確認が必要,"OpenStreetMap（© OpenStreetMap contributors, ODbL 1.0）Geofabrik japan-latest.osm.pbf 2026-09-23T20:22:04Z node/472450106",
TH-n4789841022,trailhead,大貝戸登山口,35.1713895,136.4758559,WGS84,553 555 563 577,鈴北岳、御池岳、藤原岳、竜ヶ岳,東海の百山|関西百名山|日本三百名山,,登山口（OSMの登山口地物）,鈴北岳:9.15km 御池岳:8.61km 藤原岳:3.75km 竜ヶ岳:10.24km,PK-w1122682967(98m) PK-w1122682969(310m) PK-w1122682970(310m),,provisional,15,公式情報または2情報源での確認が必要,"OpenStreetMap（© OpenStreetMap contributors, ODbL 1.0）Geofabrik japan-latest.osm.pbf 2026-09-23T20:22:04Z node/4789841022 ｜ 国土地理院 地名検索「西藤原簡易郵便局」（35.170497, 136.477795、JGD2011、202m差）2026-09-20確認",2026-09-20
TH-n4853638949,trailhead,（名称未確認）,35.0519607,137.996928,WGS84,578,高塚山,日本三百名山,,林道との接続,高塚山:8.56km,,,candidate,30,名称未確認、林道からの入口（マイカー進入可否を要確認）、公式情報または2情報源での確認が必要,"OpenStreetMap（© OpenStreetMap contributors, ODbL 1.0）Geofabrik japan-latest.osm.pbf 2026-09-23T20:22:04Z node/4853638949（登山道と道路の接続点）",
TH-n4854447521,trailhead,（名称未確認）,35.0685719,137.9962409,WGS84,578,高塚山,日本三百名山,,道路の終点付近,高塚山:6.88km,,,candidate,30,名称未確認、林道からの入口（マイカー進入可否を要確認）、公式情報または2情報源での確認が必要,"OpenStreetMap（© OpenStreetMap contributors, ODbL 1.0）Geofabrik japan-latest.osm.pbf 2026-09-23T20:22:04Z node/4854447521（登山道と道路の接続点）",
TH-n5146476923,trailhead,（名称未確認）,35.062859,137.3004247,WGS84,594,炮烙山,東海の百山,,一般道との接続,炮烙山:0.36km,,,candidate,30,名称未確認、公式情報または2情報源での確認が必要,"OpenStreetMap（© OpenStreetMap contributors, ODbL 1.0）Geofabrik japan-latest.osm.pbf 2026-09-23T20:22:04Z node/5146476923（登山道と道路の接続点）",
TH-n5150933055,trailhead,（名称未確認）中ノ沢辻バス停付近,35.0645083,137.3041416,WGS84,594,炮烙山,東海の百山,,一般道との接続,炮烙山:0.49km,BS-kP11-22-23-bs5254(994m),,provisional,30,名称未確認、公式情報または2情報源での確認が必要,"OpenStreetMap（© OpenStreetMap contributors, ODbL 1.0）Geofabrik japan-latest.osm.pbf 2026-09-23T20:22:04Z node/5150933055（登山道と道路の接続点）",
TH-n5374086024,trailhead,（名称未確認）植物園バス停付近,35.3067743,137.0558716,WGS84,510 511 512,弥勒山、大谷山、道樹山,東海の百山,,一般道（県道以上）との接続,弥勒山:2.55km 大谷山:1.89km 道樹山:2.33km,PK-w1151367177(70m) PK-w1222942017(105m) PK-w569480839(206m) BS-kP11-22-23-bs628(567m) BS-kP11-22-23-bs663(815m),,provisional,30,名称未確認、公式情報または2情報源での確認が必要,"OpenStreetMap（© OpenStreetMap contributors, ODbL 1.0）Geofabrik japan-latest.osm.pbf 2026-09-23T20:22:04Z node/5374086024（登山道と道路の接続点）",
TH-n5423920715,trailhead,（名称未確認）二川伏見いなりバス停付近,34.7297476,137.4435946,WGS84,631 632,神石山、座談山,東海の百山,OSM登山道「健康の道　二川里山・森林浴」,一般道との接続,神石山:4.61km 座談山:3.29km,PK-w1218643645(384m) PK-w438280180(429m) PK-w438280181(449m) BS-kP11-22-23-bs8818(312m) BS-kP11-22-23-bs8818(312m) BS-kP11-22-23-bs8822(562m),,provisional,30,名称未確認、近くの道路にゲートあり（車両通行止め・季節閉鎖の可能性）、公式情報または2情報源での確認が必要,"OpenStreetMap（© OpenStreetMap contributors, ODbL 1.0）Geofabrik japan-latest.osm.pbf 2026-09-23T20:22:04Z node/5423920715（登山道と道路の接続点）",
TH-n5581900602,trailhead,（名称未確認）楓江橋バス停付近,34.3494813,136.7008114,WGS84,685,馬山,東海の百山,,一般道との接続,馬山:1.33km,BS-kP11-22-24-bs4730(107m) BS-kP11-22-24-bs4731(107m) BS-kP11-22-24-bs4728(203m),,provisional,30,名称未確認、公式情報または2情報源での確認が必要,"OpenStreetMap（© OpenStreetMap contributors, ODbL 1.0）Geofabrik japan-latest.osm.pbf 2026-09-23T20:22:04Z node/5581900602（登山道と道路の接続点）",
TH-n5582005181,trailhead,（名称未確認）切原（回転場）バス停付近,34.3679033,136.7110698,WGS84,685,馬山,東海の百山,,一般道（県道以上）との接続,馬山:1.33km,BS-kP11-22-24-bs4672(372m) BS-kP11-22-24-bs4686(632m) BS-kP11-22-24-bs4690(753m),,provisional,30,名称未確認、公式情報または2情報源での確認が必要,"OpenStreetMap（© OpenStreetMap contributors, ODbL 1.0）Geofabrik japan-latest.osm.pbf 2026-09-23T20:22:04Z node/5582005181（登山道と道路の接続点）",
TH-n5801473189,trailhead,（名称未確認）新和市バス停付近,35.0923117,137.5989184,WGS84,584,岩古谷山,東海の百山,OSM登山道「東海自然歩道」,林道との接続,岩古谷山:1.15km,PK-w96022402(118m) BS-kP11-22-23-bs4878(358m) BS-kP11-22-23-bs4876(771m),,provisional,30,名称未確認、林道からの入口（マイカー進入可否を要確認）、公式情報または2情報源での確認が必要,"OpenStreetMap（© OpenStreetMap contributors, ODbL 1.0）Geofabrik japan-latest.osm.pbf 2026-09-23T20:22:04Z node/5801473189（登山道と道路の接続点）",
TH-n5809125556,trailhead,Yarimikan,36.2667412,137.5643537,WGS84,313,笠ヶ岳,日本百名山|日本二百名山|日本三百名山|東海の百山,小池新道↑笠新道↓周回、笠新道コース,施設（山小屋・宿・キャンプ場）からの入口,笠ヶ岳:6.85km,PK-w848411504(216m) PK-n6569270168(222m) BS-kP11-22-21-bs195(187m) BS-kP11-22-21-bs198(313m) BS-kP11-22-21-bs199(380m),,provisional,15,公式情報または2情報源での確認が必要,"OpenStreetMap（© OpenStreetMap contributors, ODbL 1.0）Geofabrik japan-latest.osm.pbf 2026-09-23T20:22:04Z node/5809125556",
TH-n5872954378,trailhead,（名称未確認）鷲毛バス停付近,34.0951122,136.2039199,WGS84,724,天狗倉山,東海の百山,OSM登山道「伊勢路」,林道との接続,天狗倉山:0.94km,BS-kP11-22-24-bs5100(908m) BS-kP11-22-24-bs5100(908m),OSM登山ルート: 伊勢路,provisional,30,名称未確認、林道からの入口（マイカー進入可否を要確認）、公式情報または2情報源での確認が必要,"OpenStreetMap（© OpenStreetMap contributors, ODbL 1.0）Geofabrik japan-latest.osm.pbf 2026-09-23T20:22:04Z node/5872954378（登山道と道路の接続点）",
TH-n6112155090,trailhead,（名称未確認）,35.1605093,137.9684331,WGS84,550,黒法師岳,日本三百名山,,道路の終点付近,黒法師岳:8.69km,,,candidate,30,名称未確認、林道からの入口（マイカー進入可否を要確認）、公式情報または2情報源での確認が必要,"OpenStreetMap（© OpenStreetMap contributors, ODbL 1.0）Geofabrik japan-latest.osm.pbf 2026-09-23T20:22:04Z node/6112155090（登山道と道路の接続点）",
TH-n6187416185,trailhead,少年自然の家 宿泊棟,35.3040029,137.0550273,WGS84,510 511 512,弥勒山、大谷山、道樹山,東海の百山,,施設（山小屋・宿・キャンプ場）からの入口,弥勒山:2.86km 大谷山:2.2km 道樹山:2.63km,PK-w569480839(116m) PK-w569480927(207m) PK-w1222942017(215m) BS-kP11-22-23-bs628(344m) BS-kP11-22-23-bs663(577m),,provisional,15,公式情報または2情報源での確認が必要,"OpenStreetMap（© OpenStreetMap contributors, ODbL 1.0）Geofabrik japan-latest.osm.pbf 2026-09-23T20:22:04Z node/6187416185",
TH-n624184384,trailhead,（名称未確認）大久手池東バス停付近,35.2506188,137.0505448,WGS84,526,東谷山,東海の百山,,一般道（県道以上）との接続,東谷山:0.69km,PK-w50053319(263m) PK-w1021041597(419m) BS-n14094592839(516m) BS-kP11-22-23-bs1399(637m) BS-kP11-22-23-bs1399(637m),,provisional,30,名称未確認、近くの道路にゲートあり（車両通行止め・季節閉鎖の可能性）、公式情報または2情報源での確認が必要,"OpenStreetMap（© OpenStreetMap contributors, ODbL 1.0）Geofabrik japan-latest.osm.pbf 2026-09-23T20:22:04Z node/624184384（登山道と道路の接続点）",
TH-n6259979148,trailhead,（名称未確認）切原口バス停付近,34.3671372,136.7040386,WGS84,685,馬山,東海の百山,,一般道（県道以上）との接続,馬山:1.48km,BS-kP11-22-24-bs4690(720m) BS-kP11-22-24-bs4686(814m) BS-kP11-22-24-bs4672(898m),,provisional,30,名称未確認、公式情報または2情報源での確認が必要,"OpenStreetMap（© OpenStreetMap contributors, ODbL 1.0）Geofabrik japan-latest.osm.pbf 2026-09-23T20:22:04Z node/6259979148（登山道と道路の接続点）",
TH-n6267147021,trailhead,（名称未確認）,35.4379531,136.9437089,WGS84,470,金比羅山,東海の百山,OSM登山道「神明神社への参道」,一般道との接続,金比羅山:2.08km,,,candidate,30,名称未確認、公式情報または2情報源での確認が必要,"OpenStreetMap（© OpenStreetMap contributors, ODbL 1.0）Geofabrik japan-latest.osm.pbf 2026-09-23T20:22:04Z node/6267147021（登山道と道路の接続点）",
TH-n6311814602,trailhead,愛鷹須津山荘,35.2031769,138.7840403,WGS84,539,愛鷹山,日本二百名山|日本三百名山,,施設（山小屋・宿・キャンプ場）からの入口,愛鷹山:4.44km,,,provisional,15,公式情報または2情報源での確認が必要,"OpenStreetMap（© OpenStreetMap contributors, ODbL 1.0）Geofabrik japan-latest.osm.pbf 2026-09-23T20:22:04Z node/6311814602",
TH-n6354608223,trailhead,岩戸公園前,35.4246374,136.7847927,WGS84,468,金華山,東海の百山,,駐車場・バス停（林道・車道を経由して登山道へ）,金華山:1.16km,BS-n6354608223(0m) BS-n6354608225(228m) BS-n6354608224(258m),,provisional,15,公式情報または2情報源での確認が必要,"OpenStreetMap（© OpenStreetMap contributors, ODbL 1.0）Geofabrik japan-latest.osm.pbf 2026-09-23T20:22:04Z node/6354608223 ｜ OpenStreetMap（© OpenStreetMap contributors, ODbL 1.0）Geofabrik japan-latest.osm.pbf 2026-09-23T20:22:04Z node/13990092330（登山道と道路の接続点）",
TH-n6357392945,trailhead,（名称未確認）,35.7855452,137.3379075,WGS84,385,白草山,東海の百山,,道路の終点付近,白草山:2.44km,,,candidate,30,名称未確認、林道からの入口（マイカー進入可否を要確認）、公式情報または2情報源での確認が必要,"OpenStreetMap（© OpenStreetMap contributors, ODbL 1.0）Geofabrik japan-latest.osm.pbf 2026-09-23T20:22:04Z node/6357392945（登山道と道路の接続点）",
TH-n641106611,trailhead,（名称未確認）ゆや付近,34.9675676,137.6111761,WGS84,608,鳳来寺山,東海の百山,,一般道との接続,鳳来寺山:4.36km,PK-w50429401(149m) PK-w50429397(153m) PK-w50429395(177m) BS-kP11-22-23-bs6602(172m) BS-kP11-22-23-bs6658(560m),,provisional,30,名称未確認、公式情報または2情報源での確認が必要,"OpenStreetMap（© OpenStreetMap contributors, ODbL 1.0）Geofabrik japan-latest.osm.pbf 2026-09-23T20:22:04Z node/641106611（登山道と道路の接続点）",
TH-n6449218671,trailhead,（名称未確認）,35.1149811,137.4651428,WGS84,574,寧比曽岳,東海の百山,OSM登山道「東海自然歩道」、OSM登山道「自然観察路」,林道との接続,寧比曽岳:5.23km,,,candidate,30,名称未確認、林道からの入口（マイカー進入可否を要確認）、公式情報または2情報源での確認が必要,"OpenStreetMap（© OpenStreetMap contributors, ODbL 1.0）Geofabrik japan-latest.osm.pbf 2026-09-23T20:22:04Z node/6449218671（登山道と道路の接続点）",
TH-n6449218736,trailhead,（名称未確認）豊川市野外センターきららの里付近,35.1172596,137.4814741,WGS84,574,寧比曽岳,東海の百山,OSM登山道「自然観察路」,一般道（県道以上）との接続,寧比曽岳:7.49km,PK-w687915828(401m),,provisional,30,名称未確認、公式情報または2情報源での確認が必要,"OpenStreetMap（© OpenStreetMap contributors, ODbL 1.0）Geofabrik japan-latest.osm.pbf 2026-09-23T20:22:04Z node/6449218736（登山道と道路の接続点）",
TH-n646184981,trailhead,（名称未確認）レストハウス板敷付近,34.9815761,137.6125756,WGS84,608,鳳来寺山,東海の百山,OSM登山道「養乙女橋」,一般道（県道以上）との接続,鳳来寺山:4.21km,PK-w52561328(116m) PK-w1174324931(120m) PK-w53189206(135m),,provisional,30,名称未確認、登山道が道路を横断する地点（途中の入口の可能性）、近くの道路にゲートあり（車両通行止め・季節閉鎖の可能性）、公式情報または2情報源での確認が必要,"OpenStreetMap（© OpenStreetMap contributors, ODbL 1.0）Geofabrik japan-latest.osm.pbf 2026-09-23T20:22:04Z node/646184981（登山道と道路の接続点）",
TH-n653108770,trailhead,（名称未確認）オートキャンプ場付近,34.9922163,137.6237463,WGS84,608,鳳来寺山,東海の百山,,道路の終点付近,鳳来寺山:5.75km,PK-w87114359(267m),,provisional,30,名称未確認、近くの道路にゲートあり（車両通行止め・季節閉鎖の可能性）、公式情報または2情報源での確認が必要,"OpenStreetMap（© OpenStreetMap contributors, ODbL 1.0）Geofabrik japan-latest.osm.pbf 2026-09-23T20:22:04Z node/653108770（登山道と道路の接続点）",
TH-n6574391368,trailhead,（名称未確認）,35.208567,138.0016851,WGS84,550,黒法師岳,日本三百名山,OSM登山道「シブロク歩道」,道路の終点付近,黒法師岳:5.04km,,,candidate,30,名称未確認、林道からの入口（マイカー進入可否を要確認）、公式情報または2情報源での確認が必要,"OpenStreetMap（© OpenStreetMap contributors, ODbL 1.0）Geofabrik japan-latest.osm.pbf 2026-09-23T20:22:04Z node/6574391368（登山道と道路の接続点）",
TH-n6583072753,trailhead,（名称未確認）小河内［静岡市葵区］バス停付近,35.2613919,138.2324666,WGS84,527,大無間山,日本二百名山|日本三百名山,,林道との接続,大無間山:8.24km,BS-kP11-22-22-bs545(521m) BS-kP11-22-22-bs591(523m) BS-kP11-22-22-bs602(998m),,provisional,30,名称未確認、林道からの入口（マイカー進入可否を要確認）、公式情報または2情報源での確認が必要,"OpenStreetMap（© OpenStreetMap contributors, ODbL 1.0）Geofabrik japan-latest.osm.pbf 2026-09-23T20:22:04Z node/6583072753（登山道と道路の接続点）",
TH-n6723664943,trailhead,三休の湯,35.0447992,136.4418029,WGS84,585 589 595 601 602 607,三池岳、釈迦ヶ岳、尾高山、雨乞岳、御在所岳、鎌ヶ岳,東海の百山|日本二百名山|日本三百名山|関西百名山,OSM登山道「中尾根道」,駐車場・バス停（林道・車道を経由して登山道へ）,三池岳:5.81km 釈迦ヶ岳:3.02km 尾高山:5.18km 雨乞岳:12.73km 御在所岳:10.85km 鎌ヶ岳:15.17km,PK-n6723664943(0m) PK-w715409930(8m),,provisional,15,公式情報または2情報源での確認が必要,"OpenStreetMap（© OpenStreetMap contributors, ODbL 1.0）Geofabrik japan-latest.osm.pbf 2026-09-23T20:22:04Z node/6723664943 ｜ OpenStreetMap（© OpenStreetMap contributors, ODbL 1.0）Geofabrik japan-latest.osm.pbf 2026-09-23T20:22:04Z node/6003873014（登山道と道路の接続点）",
TH-n7181070054,trailhead,（名称未確認）,34.8517108,138.948952,WGS84,619,天城山,日本百名山|日本二百名山|日本三百名山,OSM登山道「下り八丁池歩道」、OSM登山道「本谷歩道」,林道との接続,天城山:6.75km,,,candidate,30,名称未確認、林道からの入口（マイカー進入可否を要確認）、公式情報または2情報源での確認が必要,"OpenStreetMap（© OpenStreetMap contributors, ODbL 1.0）Geofabrik japan-latest.osm.pbf 2026-09-23T20:22:04Z node/7181070054（登山道と道路の接続点）",
TH-n771350770,trailhead,天城峠,34.8342705,138.9312105,WGS84,619,天城山,日本百名山|日本二百名山|日本三百名山,OSM登山道「水生地歩道」,駐車場・バス停（林道・車道を経由して登山道へ）,天城山:9.79km,PK-w548729327(224m) BS-kP11-22-22-bs5811(15m) BS-kP11-22-22-bs5811(15m) BS-kP11-22-22-bs5793(257m),,adopted,15,林道からの入口（マイカー進入可否を要確認）、採用の根拠: OSMの登山口名と、地理院地図の徒歩道が道路から始まる位置の一致（公式情報では未確認）,"OpenStreetMap（© OpenStreetMap contributors, ODbL 1.0）Geofabrik japan-latest.osm.pbf 2026-09-23T20:22:04Z node/771350770 ｜ OpenStreetMap（© OpenStreetMap contributors, ODbL 1.0）Geofabrik japan-latest.osm.pbf 2026-09-23T20:22:04Z node/5324960313（登山道と道路の接続点） ｜ 国土地理院ベクトルタイル提供実験 地理院地図の徒歩道の起点（34.834185, 138.931248、JGD2011、10m差）2026-09-24確認",
TH-n7825016871,trailhead,小鳥の森入り口,35.2298596,137.6667624,WGS84,538,茶臼山,東海の百山,,登山口（OSMの登山口地物）,茶臼山:1.21km,PK-w838433204(11m),,provisional,15,林道からの入口（マイカー進入可否を要確認）、公式情報または2情報源での確認が必要,"OpenStreetMap（© OpenStreetMap contributors, ODbL 1.0）Geofabrik japan-latest.osm.pbf 2026-09-23T20:22:04Z node/7825016871",
TH-n7867390145,trailhead,（名称未確認）,35.2297712,137.6580317,WGS84,538,茶臼山,東海の百山,,道路の終点付近,茶臼山:0.33km,PK-w843404596(152m) PK-w843401787(222m) PK-w843403406(285m),,provisional,30,名称未確認、公式情報または2情報源での確認が必要,"OpenStreetMap（© OpenStreetMap contributors, ODbL 1.0）Geofabrik japan-latest.osm.pbf 2026-09-23T20:22:04Z node/7867390145（登山道と道路の接続点）",
TH-n8484467824,trailhead,（名称未確認）曽爾高原バス停付近,34.5182087,136.161022,WGS84,651,倶留尊山,日本三百名山|関西百名山|東海の百山,,一般道との接続,倶留尊山:2.15km,PK-n722515404(39m) PK-n10001205996(95m) PK-w1092015942(412m) BS-kP11-22-29-bs1433(476m),OSM登山ルート: 東海自然歩道,provisional,30,名称未確認、公式情報または2情報源での確認が必要,"OpenStreetMap（© OpenStreetMap contributors, ODbL 1.0）Geofabrik japan-latest.osm.pbf 2026-09-23T20:22:04Z node/8484467824（登山道と道路の接続点）",
TH-n8484467947,trailhead,（名称未確認）曽爾高原バス停付近,34.5146816,136.1599109,WGS84,651 656,倶留尊山、古光山,日本三百名山|関西百名山|東海の百山,,一般道（県道以上）との接続,倶留尊山:2.39km 古光山:1.41km,PK-n10001205996(391m) PK-n722515404(419m) BS-kP11-22-29-bs1433(824m),,provisional,30,名称未確認、公式情報または2情報源での確認が必要,"OpenStreetMap（© OpenStreetMap contributors, ODbL 1.0）Geofabrik japan-latest.osm.pbf 2026-09-23T20:22:04Z node/8484467947（登山道と道路の接続点）",
TH-n8535863505,trailhead,（名称未確認）,35.2100991,137.5279181,WGS84,541,夏焼城ヶ山,東海の百山,,一般道との接続,夏焼城ヶ山:0.53km,,,candidate,30,名称未確認、公式情報または2情報源での確認が必要,"OpenStreetMap（© OpenStreetMap contributors, ODbL 1.0）Geofabrik japan-latest.osm.pbf 2026-09-23T20:22:04Z node/8535863505（登山道と道路の接続点）",
TH-n8618158979,trailhead,（名称未確認）,35.8091995,137.3394221,WGS84,385,白草山,東海の百山,,道路の終点付近,白草山:1.61km,,,candidate,30,名称未確認、林道からの入口（マイカー進入可否を要確認）、公式情報または2情報源での確認が必要,"OpenStreetMap（© OpenStreetMap contributors, ODbL 1.0）Geofabrik japan-latest.osm.pbf 2026-09-23T20:22:04Z node/8618158979（登山道と道路の接続点）",
TH-n9438619411,trailhead,（名称未確認）北長野バス停付近,34.7474222,136.3590567,WGS84,629,経ヶ峰,東海の百山,,一般道との接続,経ヶ峰:3.05km,BS-kP11-22-24-bs2218(323m) BS-kP11-22-24-bs2219(323m) BS-kP11-22-24-bs2230(609m),,provisional,30,名称未確認、公式情報または2情報源での確認が必要,"OpenStreetMap（© OpenStreetMap contributors, ODbL 1.0）Geofabrik japan-latest.osm.pbf 2026-09-23T20:22:04Z node/9438619411（登山道と道路の接続点）",
TH-n981858292,trailhead,（名称未確認）,35.0193217,137.6638811,WGS84,598,明神山,東海の百山,OSM登山道「登山道」,一般道との接続,明神山:3.97km,,,candidate,30,名称未確認、公式情報または2情報源での確認が必要,"OpenStreetMap（© OpenStreetMap contributors, ODbL 1.0）Geofabrik japan-latest.osm.pbf 2026-09-23T20:22:04Z node/981858292（登山道と道路の接続点）",
TH-n984959078,trailhead,Bキャンプ場,34.9950269,137.6252,WGS84,584 608,岩古谷山、鳳来寺山,東海の百山,,施設（山小屋・宿・キャンプ場）からの入口,岩古谷山:15.12km 鳳来寺山:5.61km,PK-w87114359(130m),,provisional,15,近くの道路にゲートあり（車両通行止め・季節閉鎖の可能性）、公式情報または2情報源での確認が必要,"OpenStreetMap（© OpenStreetMap contributors, ODbL 1.0）Geofabrik japan-latest.osm.pbf 2026-09-23T20:22:04Z node/984959078",
TH-n990014951,trailhead,（名称未確認）第4駐車場付近,35.2205119,137.6536103,WGS84,538 542,茶臼山、萩太郎山,東海の百山,,一般道（県道以上）との接続,茶臼山:0.92km 萩太郎山:0.76km,PK-w142457418(36m) PK-w142457118(208m) PK-w142454861(479m),,provisional,30,名称未確認、公式情報または2情報源での確認が必要,"OpenStreetMap（© OpenStreetMap contributors, ODbL 1.0）Geofabrik japan-latest.osm.pbf 2026-09-23T20:22:04Z node/990014951（登山道と道路の接続点） ｜ 国土地理院 地名検索「休暇村茶臼山高原」（35.223036, 137.654249、JGD2011、285m差）2026-09-20確認",2026-09-20
TH-w1122682975,trailhead,簡易パーキング　ふじわら,35.1870236,136.4675195,WGS84,553 555 563 577,鈴北岳、御池岳、藤原岳、竜ヶ岳,東海の百山|関西百名山|日本三百名山,,駐車場・バス停（林道・車道を経由して登山道へ）,鈴北岳:6.99km 御池岳:6.45km 藤原岳:6.96km 竜ヶ岳:13.45km,PK-w1122682975(0m) PK-w1122682982(36m),,provisional,15,林道からの入口（マイカー進入可否を要確認）、公式情報または2情報源での確認が必要,"OpenStreetMap（© OpenStreetMap contributors, ODbL 1.0）Geofabrik japan-latest.osm.pbf 2026-09-23T20:22:04Z way/1122682975 ｜ OpenStreetMap（© OpenStreetMap contributors, ODbL 1.0）Geofabrik japan-latest.osm.pbf 2026-09-23T20:22:04Z node/1410024093（登山道と道路の接続点）",
TH-w1122861027,trailhead,鞍掛峠（滋賀県側）駐車場,35.2030261,136.4107806,WGS84,553 555 563 577,鈴北岳、御池岳、藤原岳、竜ヶ岳,東海の百山|関西百名山|日本三百名山,,駐車場・バス停（林道・車道を経由して登山道へ）,鈴北岳:3.05km 御池岳:4.43km 藤原岳:9.88km 竜ヶ岳:16.37km,PK-w1122861027(0m),,adopted,15,林道からの入口（マイカー進入可否を要確認）、採用の根拠: OSMの登山口名と、地理院地図の徒歩道が道路から始まる位置の一致（公式情報では未確認）,"OpenStreetMap（© OpenStreetMap contributors, ODbL 1.0）Geofabrik japan-latest.osm.pbf 2026-09-23T20:22:04Z way/1122861027 ｜ OpenStreetMap（© OpenStreetMap contributors, ODbL 1.0）Geofabrik japan-latest.osm.pbf 2026-09-23T20:22:04Z node/1378302271（登山道と道路の接続点） ｜ 国土地理院ベクトルタイル提供実験 地理院地図の徒歩道の起点（35.203159, 136.410826、JGD2011、15m差）2026-09-24確認",
TH-w1417487193,trailhead,カモシカ駅,35.0204367,136.4217344,WGS84,585 589 595 601 602,三池岳、釈迦ヶ岳、尾高山、雨乞岳、御在所岳,東海の百山|日本二百名山|日本三百名山|関西百名山,OSM登山道「御在所岳 中登山道」、OSM登山道「御在所岳一ノ谷新道」,索道駅（ロープウェイ・ゴンドラ）,三池岳:10.95km 釈迦ヶ岳:7.74km 尾高山:10.75km 雨乞岳:5.6km 御在所岳:0.42km,,,provisional,15,公式情報または2情報源での確認が必要,"OpenStreetMap（© OpenStreetMap contributors, ODbL 1.0）Geofabrik japan-latest.osm.pbf 2026-09-23T20:22:04Z way/1417487193（索道の端点 node/13026217624） ｜ 国土地理院 地名検索「山上公園駅」（35.019519, 136.424520、JGD2011、273m差）2026-09-20確認",2026-09-20
TH-w1417487193-2,trailhead,頂上駅,35.0204367,136.4217344,WGS84,607 609 611 612,鎌ヶ岳、入道ヶ岳、宮指路岳、仙ヶ岳,関西百名山|東海の百山,,索道駅（ロープウェイ・ゴンドラ）,鎌ヶ岳:5.5km 入道ヶ岳:10.68km 宮指路岳:11.15km 仙ヶ岳:13.01km,,,provisional,15,公式情報または2情報源での確認が必要,"OpenStreetMap（© OpenStreetMap contributors, ODbL 1.0）Geofabrik japan-latest.osm.pbf 2026-09-23T20:22:04Z way/1417487193（索道の端点 node/13026217624） ｜ 国土地理院 地名検索「山上公園駅」（35.019519, 136.424520、JGD2011、273m差）2026-09-20確認",2026-09-20
TH-w142454860,trailhead,第1駐車場,35.2218181,137.6589812,WGS84,538,茶臼山,東海の百山,,駐車場・バス停（林道・車道を経由して登山道へ）,茶臼山:1.47km,PK-w142454860(0m) PK-w142454861(106m) PK-w142457118(303m),,provisional,15,林道からの入口（マイカー進入可否を要確認）、公式情報または2情報源での確認が必要,"OpenStreetMap（© OpenStreetMap contributors, ODbL 1.0）Geofabrik japan-latest.osm.pbf 2026-09-23T20:22:04Z way/142454860 ｜ OpenStreetMap（© OpenStreetMap contributors, ODbL 1.0）Geofabrik japan-latest.osm.pbf 2026-09-23T20:22:04Z node/7867343456（登山道と道路の接続点）",
TH-w156796687,trailhead,天狗棚駐車場,35.1888325,137.5908272,WGS84,552,天狗棚,東海の百山,,駐車場・バス停（林道・車道を経由して登山道へ）,天狗棚:1.67km,PK-w156796687(0m) PK-w156796680(39m),,provisional,15,林道からの入口（マイカー進入可否を要確認）、公式情報または2情報源での確認が必要,"OpenStreetMap（© OpenStreetMap contributors, ODbL 1.0）Geofabrik japan-latest.osm.pbf 2026-09-23T20:22:04Z way/156796687 ｜ OpenStreetMap（© OpenStreetMap contributors, ODbL 1.0）Geofabrik japan-latest.osm.pbf 2026-09-23T20:22:04Z node/1317315313（登山道と道路の接続点）",
TH-w387583649,trailhead,鏡池緑地臨時駐車場,35.4386306,136.7794699,WGS84,468,金華山,東海の百山,,駐車場・バス停（林道・車道を経由して登山道へ）,金華山:1.13km,PK-w387583649(0m) PK-w387584556(138m) PK-w233692411(335m) BS-kP11-22-21-bs3774(393m) BS-kP11-22-21-bs3795(465m) BS-kP11-22-21-bs3890(566m),,provisional,15,公式情報または2情報源での確認が必要,"OpenStreetMap（© OpenStreetMap contributors, ODbL 1.0）Geofabrik japan-latest.osm.pbf 2026-09-23T20:22:04Z way/387583649 ｜ OpenStreetMap（© OpenStreetMap contributors, ODbL 1.0）Geofabrik japan-latest.osm.pbf 2026-09-23T20:22:04Z node/5181231592（登山道と道路の接続点）",
TH-w52561329,trailhead,美谷ノ原　駐車場,34.9863218,137.6156842,WGS84,584 608,岩古谷山、鳳来寺山,東海の百山,,駐車場・バス停（林道・車道を経由して登山道へ）,岩古谷山:16.24km 鳳来寺山:6.73km,PK-w52561329(0m) PK-w52561328(495m),,provisional,15,近くの道路にゲートあり（車両通行止め・季節閉鎖の可能性）、公式情報または2情報源での確認が必要,"OpenStreetMap（© OpenStreetMap contributors, ODbL 1.0）Geofabrik japan-latest.osm.pbf 2026-09-23T20:22:04Z way/52561329 ｜ OpenStreetMap（© OpenStreetMap contributors, ODbL 1.0）Geofabrik japan-latest.osm.pbf 2026-09-23T20:22:04Z node/653108770（登山道と道路の接続点）",
TH-w689696996,trailhead,第１駐車場,34.9612433,136.4539834,WGS84,602 607 609 611 612,御在所岳、鎌ヶ岳、入道ヶ岳、宮指路岳、仙ヶ岳,日本二百名山|日本三百名山|関西百名山|東海の百山,,駐車場・バス停（林道・車道を経由して登山道へ）,御在所岳:10.18km 鎌ヶ岳:7.61km 入道ヶ岳:2.49km 宮指路岳:7.02km 仙ヶ岳:8.88km,PK-w689696996(0m) PK-w867671280(208m) BS-kP11-22-24-bs918(185m) BS-kP11-22-24-bs919(185m) BS-kP11-22-24-bs929(319m),,provisional,15,林道からの入口（マイカー進入可否を要確認）、公式情報または2情報源での確認が必要,"OpenStreetMap（© OpenStreetMap contributors, ODbL 1.0）Geofabrik japan-latest.osm.pbf 2026-09-23T20:22:04Z way/689696996 ｜ OpenStreetMap（© OpenStreetMap contributors, ODbL 1.0）Geofabrik japan-latest.osm.pbf 2026-09-23T20:22:04Z node/1858531291（登山道と道路の接続点）",
TH-w817980181,trailhead,中山道鵜沼宿 駐車場,35.4048234,136.9353713,WGS84,479,八木山,東海の百山,,駐車場・バス停（林道・車道を経由して登山道へ）,八木山:1.87km,PK-w817980181(0m) PK-w1445466412(52m) PK-w1443208871(169m) BS-kP11-22-21-bs4598(161m) BS-kP11-22-21-bs4599(161m) BS-kP11-22-21-bs4610(378m),,provisional,15,林道からの入口（マイカー進入可否を要確認）、公式情報または2情報源での確認が必要,"OpenStreetMap（© OpenStreetMap contributors, ODbL 1.0）Geofabrik japan-latest.osm.pbf 2026-09-23T20:22:04Z way/817980181 ｜ OpenStreetMap（© OpenStreetMap contributors, ODbL 1.0）Geofabrik japan-latest.osm.pbf 2026-09-23T20:22:04Z node/13997036958（登山道と道路の接続点）",
TH-w83596330,trailhead,鳳来山パークウェイ駐車場,34.9742188,137.5889005,WGS84,608,鳳来寺山,東海の百山,OSM登山道「東海自然歩道」,駐車場・バス停（林道・車道を経由して登山道へ）,鳳来寺山:1.47km,PK-w83596330(0m) BS-kP11-22-23-bs6506(22m),OSM登山ルート: 東海自然歩道,provisional,15,公式情報または2情報源での確認が必要,"OpenStreetMap（© OpenStreetMap contributors, ODbL 1.0）Geofabrik japan-latest.osm.pbf 2026-09-23T20:22:04Z way/83596330 ｜ OpenStreetMap（© OpenStreetMap contributors, ODbL 1.0）Geofabrik japan-latest.osm.pbf 2026-09-23T20:22:04Z node/1416236880（登山道と道路の接続点）",
TH-w875740803,trailhead,（名称未確認）,35.5336713,136.4379041,WGS84,442,貝月山,東海の百山,,索道駅（ロープウェイ・ゴンドラ）,貝月山:3.42km,,,provisional,15,名称未確認、公式情報または2情報源での確認が必要,"OpenStreetMap（© OpenStreetMap contributors, ODbL 1.0）Geofabrik japan-latest.osm.pbf 2026-09-23T20:22:04Z way/875740803（索道の端点 node/8151074832）",
TH-w875740804,trailhead,（名称未確認）,35.5344302,136.4313596,WGS84,442,貝月山,東海の百山,,索道駅（ロープウェイ・ゴンドラ）,貝月山:3.66km,PK-w1287087858(401m),,provisional,15,名称未確認、公式情報または2情報源での確認が必要,"OpenStreetMap（© OpenStreetMap contributors, ODbL 1.0）Geofabrik japan-latest.osm.pbf 2026-09-23T20:22:04Z way/875740804（索道の端点 node/8151074837）",
