{
 "type": "FeatureCollection",
 "name": "甲信越",
 "generatedAt": "2026-09-23",
 "osmData": "japan-latest.osm.pbf 2026-09-18T20:21:10Z",
 "attribution": "© OpenStreetMap contributors (ODbL 1.0) / 出典：国土地理院（地名検索）",
 "features": [
  {
   "type": "Feature",
   "geometry": {
    "type": "Point",
    "coordinates": [
     138.6429169,
     36.7196118
    ]
   },
   "properties": {
    "id": "BS-kP11-22-10-bs141",
    "kind": "bus_stop",
    "name": "野反湖",
    "datum": "WGS84",
    "mountainIds": "246 252",
    "mountainNames": "佐武流山、白砂山",
    "lists": "日本二百名山|日本三百名山|関東百名山",
    "routes": "",
    "entryType": "",
    "trailKmToSummit": "",
    "related": "TH-n448044859(84m) TH-n448064483(568m)",
    "attributes": "operator=中之条町; busType=コミュニティバス; busRoutes=花敷温泉野反湖線",
    "status": "adopted",
    "accuracyM": 10,
    "needsReview": "運行状況（季節運行・休止・予約制）を要確認",
    "sources": "国土数値情報（バス停留所データ）令和4年度（国土交通省）P11-22-10-bs141（36.719612, 138.642917、JGD2011）を加工して作成",
    "verifiedAt": ""
   }
  },
  {
   "type": "Feature",
   "geometry": {
    "type": "Point",
    "coordinates": [
     138.655329,
     36.6927108
    ]
   },
   "properties": {
    "id": "BS-kP11-22-10-bs204",
    "kind": "bus_stop",
    "name": "野反峠",
    "datum": "WGS84",
    "mountainIds": "246 252",
    "mountainNames": "佐武流山、白砂山",
    "lists": "日本二百名山|日本三百名山|関東百名山",
    "routes": "",
    "entryType": "",
    "trailKmToSummit": "",
    "related": "TH-n8700638611(12m)",
    "attributes": "operator=中之条町; busType=コミュニティバス; busRoutes=花敷温泉野反湖線",
    "status": "adopted",
    "accuracyM": 10,
    "needsReview": "運行状況（季節運行・休止・予約制）を要確認",
    "sources": "国土数値情報（バス停留所データ）令和4年度（国土交通省）P11-22-10-bs204（36.692711, 138.655329、JGD2011）を加工して作成 ｜ OpenStreetMap（© OpenStreetMap contributors, ODbL 1.0）Geofabrik japan-latest.osm.pbf 2026-09-18T20:21:10Z node/4267646356",
    "verifiedAt": ""
   }
  },
  {
   "type": "Feature",
   "geometry": {
    "type": "Point",
    "coordinates": [
     138.9621797,
     36.8367473
    ]
   },
   "properties": {
    "id": "BS-kP11-22-10-bs22",
    "kind": "bus_stop",
    "name": "谷川岳ロープウェイ駅",
    "datum": "WGS84",
    "mountainIds": "234 236 238 229",
    "mountainNames": "谷川岳、平標山、仙ノ倉山、朝日岳",
    "lists": "日本百名山|日本二百名山|日本三百名山|関東百名山|甲信越百名山",
    "routes": "",
    "entryType": "",
    "trailKmToSummit": "",
    "related": "TH-n2804972401(50m) TH-kP11-22-10-bs22(0m)",
    "attributes": "operator=関越交通（株）; busType=民間路線バス; busRoutes=水上線：谷川岳RW～上毛駅",
    "status": "adopted",
    "accuracyM": 10,
    "needsReview": "運行状況（季節運行・休止・予約制）を要確認",
    "sources": "国土数値情報（バス停留所データ）令和4年度（国土交通省）P11-22-10-bs22（36.836747, 138.962180、JGD2011）を加工して作成",
    "verifiedAt": ""
   }
  },
  {
   "type": "Feature",
   "geometry": {
    "type": "Point",
    "coordinates": [
     138.9902646,
     37.1487789
    ]
   },
   "properties": {
    "id": "BS-kP11-22-15-bs6052",
    "kind": "bus_stop",
    "name": "桐沢センター",
    "datum": "WGS84",
    "mountainIds": "206",
    "mountainNames": "八海山",
    "lists": "日本二百名山|日本三百名山|甲信越百名山",
    "routes": "",
    "entryType": "",
    "trailKmToSummit": "",
    "related": "TH-n11348362013(618m)",
    "attributes": "operator=やまとタクシー（株）; busType=民間路線バス; busRoutes=市民バス　赤石コース",
    "status": "adopted",
    "accuracyM": 10,
    "needsReview": "運行状況（季節運行・休止・予約制）を要確認、登山口から離れている（徒歩アプローチを要確認）",
    "sources": "国土数値情報（バス停留所データ）令和4年度（国土交通省）P11-22-15-bs6052（37.148779, 138.990265、JGD2011）を加工して作成",
    "verifiedAt": ""
   }
  },
  {
   "type": "Feature",
   "geometry": {
    "type": "Point",
    "coordinates": [
     138.9952298,
     37.1482147
    ]
   },
   "properties": {
    "id": "BS-kP11-22-15-bs6057",
    "kind": "bus_stop",
    "name": "荒山センター",
    "datum": "WGS84",
    "mountainIds": "206",
    "mountainNames": "八海山",
    "lists": "日本二百名山|日本三百名山|甲信越百名山",
    "routes": "",
    "entryType": "",
    "trailKmToSummit": "",
    "related": "TH-n11348362013(579m)",
    "attributes": "operator=やまとタクシー（株）; busType=民間路線バス; busRoutes=市民バス　赤石コース",
    "status": "adopted",
    "accuracyM": 10,
    "needsReview": "運行状況（季節運行・休止・予約制）を要確認",
    "sources": "国土数値情報（バス停留所データ）令和4年度（国土交通省）P11-22-15-bs6057（37.148215, 138.995230、JGD2011）を加工して作成",
    "verifiedAt": ""
   }
  },
  {
   "type": "Feature",
   "geometry": {
    "type": "Point",
    "coordinates": [
     138.9846061,
     37.1450847
    ]
   },
   "properties": {
    "id": "BS-kP11-22-15-bs6086",
    "kind": "bus_stop",
    "name": "せせらぎ",
    "datum": "WGS84",
    "mountainIds": "206",
    "mountainNames": "八海山",
    "lists": "日本二百名山|日本三百名山|甲信越百名山",
    "routes": "",
    "entryType": "",
    "trailKmToSummit": "",
    "related": "TH-n11348362013(719m)",
    "attributes": "operator=やまとタクシー（株）; busType=民間路線バス; busRoutes=市民バス　赤石コース",
    "status": "adopted",
    "accuracyM": 10,
    "needsReview": "運行状況（季節運行・休止・予約制）を要確認、登山口から離れている（徒歩アプローチを要確認）",
    "sources": "国土数値情報（バス停留所データ）令和4年度（国土交通省）P11-22-15-bs6086（37.145085, 138.984606、JGD2011）を加工して作成",
    "verifiedAt": ""
   }
  },
  {
   "type": "Feature",
   "geometry": {
    "type": "Point",
    "coordinates": [
     139.1617916,
     37.1351746
    ]
   },
   "properties": {
    "id": "BS-kP11-22-15-bs6202",
    "kind": "bus_stop",
    "name": "白光岩",
    "datum": "WGS84",
    "mountainIds": "207",
    "mountainNames": "荒沢岳",
    "lists": "日本二百名山|甲信越百名山",
    "routes": "",
    "entryType": "",
    "trailKmToSummit": "",
    "related": "TH-n1383997763(825m) TH-n1383997509(508m)",
    "attributes": "operator=南越後観光バス（株）; busType=民間路線バス; busRoutes=系統311・321",
    "status": "adopted",
    "accuracyM": 10,
    "needsReview": "運行状況（季節運行・休止・予約制）を要確認、登山口から離れている（徒歩アプローチを要確認）",
    "sources": "国土数値情報（バス停留所データ）令和4年度（国土交通省）P11-22-15-bs6202（37.135175, 139.161792、JGD2011）を加工して作成",
    "verifiedAt": ""
   }
  },
  {
   "type": "Feature",
   "geometry": {
    "type": "Point",
    "coordinates": [
     139.2572215,
     37.0444607
    ]
   },
   "properties": {
    "id": "BS-kP11-22-15-bs7211",
    "kind": "bus_stop",
    "name": "鷹ノ巣",
    "datum": "WGS84",
    "mountainIds": "214",
    "mountainNames": "平ヶ岳",
    "lists": "日本百名山|日本二百名山|日本三百名山|甲信越百名山",
    "routes": "",
    "entryType": "",
    "trailKmToSummit": "",
    "related": "TH-w1311703720(882m)",
    "attributes": "operator=会津乗合自動車（株）; busType=民間路線バス; busRoutes=尾瀬沼山峠～尾瀬口船着場線",
    "status": "adopted",
    "accuracyM": 10,
    "needsReview": "運行状況（季節運行・休止・予約制）を要確認、登山口から離れている（徒歩アプローチを要確認）",
    "sources": "国土数値情報（バス停留所データ）令和4年度（国土交通省）P11-22-15-bs7211（37.044461, 139.257221、JGD2011）を加工して作成",
    "verifiedAt": ""
   }
  },
  {
   "type": "Feature",
   "geometry": {
    "type": "Point",
    "coordinates": [
     139.2529383,
     37.0369428
    ]
   },
   "properties": {
    "id": "BS-kP11-22-15-bs7285",
    "kind": "bus_stop",
    "name": "平ヶ岳入口",
    "datum": "WGS84",
    "mountainIds": "214",
    "mountainNames": "平ヶ岳",
    "lists": "日本百名山|日本二百名山|日本三百名山|甲信越百名山",
    "routes": "",
    "entryType": "",
    "trailKmToSummit": "",
    "related": "TH-w1311703720(43m) TH-n1383983940(526m)",
    "attributes": "operator=会津乗合自動車（株）; busType=民間路線バス; busRoutes=尾瀬沼山峠～尾瀬口船着場線",
    "status": "adopted",
    "accuracyM": 10,
    "needsReview": "運行状況（季節運行・休止・予約制）を要確認",
    "sources": "国土数値情報（バス停留所データ）令和4年度（国土交通省）P11-22-15-bs7285（37.036943, 139.252938、JGD2011）を加工して作成",
    "verifiedAt": ""
   }
  },
  {
   "type": "Feature",
   "geometry": {
    "type": "Point",
    "coordinates": [
     138.8954384,
     36.994675
    ]
   },
   "properties": {
    "id": "BS-kP11-22-15-bs7757",
    "kind": "bus_stop",
    "name": "台上入口",
    "datum": "WGS84",
    "mountainIds": "215",
    "mountainNames": "巻機山",
    "lists": "日本百名山|日本二百名山|日本三百名山|甲信越百名山",
    "routes": "",
    "entryType": "",
    "trailKmToSummit": "",
    "related": "TH-kP11-22-15-bs7775(277m)",
    "attributes": "operator=銀嶺タクシー（株）; busType=民間路線バス; busRoutes=市民バス　上田・泉田コース",
    "status": "adopted",
    "accuracyM": 10,
    "needsReview": "運行状況（季節運行・休止・予約制）を要確認",
    "sources": "国土数値情報（バス停留所データ）令和4年度（国土交通省）P11-22-15-bs7757（36.994675, 138.895438、JGD2011）を加工して作成",
    "verifiedAt": ""
   }
  },
  {
   "type": "Feature",
   "geometry": {
    "type": "Point",
    "coordinates": [
     138.8907014,
     36.9933507
    ]
   },
   "properties": {
    "id": "BS-kP11-22-15-bs7769",
    "kind": "bus_stop",
    "name": "姥沢入口",
    "datum": "WGS84",
    "mountainIds": "215",
    "mountainNames": "巻機山",
    "lists": "日本百名山|日本二百名山|日本三百名山|甲信越百名山",
    "routes": "",
    "entryType": "",
    "trailKmToSummit": "",
    "related": "TH-kP11-22-15-bs7775(520m)",
    "attributes": "operator=南越後観光バス（株）; busType=民間路線バス; busRoutes=系統2710 / 系統2711・2721 / 系統2720",
    "status": "adopted",
    "accuracyM": 10,
    "needsReview": "運行状況（季節運行・休止・予約制）を要確認",
    "sources": "国土数値情報（バス停留所データ）令和4年度（国土交通省）P11-22-15-bs7769（36.993351, 138.890701、JGD2011）を加工して作成",
    "verifiedAt": ""
   }
  },
  {
   "type": "Feature",
   "geometry": {
    "type": "Point",
    "coordinates": [
     138.8963928,
     36.9922859
    ]
   },
   "properties": {
    "id": "BS-kP11-22-15-bs7775",
    "kind": "bus_stop",
    "name": "姥台公民館",
    "datum": "WGS84",
    "mountainIds": "215",
    "mountainNames": "巻機山",
    "lists": "日本百名山|日本二百名山|日本三百名山|甲信越百名山",
    "routes": "",
    "entryType": "",
    "trailKmToSummit": "",
    "related": "TH-kP11-22-15-bs7775(0m)",
    "attributes": "operator=銀嶺タクシー（株）; busType=民間路線バス; busRoutes=市民バス　上田・泉田コース",
    "status": "adopted",
    "accuracyM": 10,
    "needsReview": "運行状況（季節運行・休止・予約制）を要確認",
    "sources": "国土数値情報（バス停留所データ）令和4年度（国土交通省）P11-22-15-bs7775（36.992286, 138.896393、JGD2011）を加工して作成",
    "verifiedAt": ""
   }
  },
  {
   "type": "Feature",
   "geometry": {
    "type": "Point",
    "coordinates": [
     138.8936545,
     36.9879061
    ]
   },
   "properties": {
    "id": "BS-kP11-22-15-bs7799",
    "kind": "bus_stop",
    "name": "上神字（上姥沢入口）",
    "datum": "WGS84",
    "mountainIds": "215",
    "mountainNames": "巻機山",
    "lists": "日本百名山|日本二百名山|日本三百名山|甲信越百名山",
    "routes": "",
    "entryType": "",
    "trailKmToSummit": "",
    "related": "TH-kP11-22-15-bs7830(335m)",
    "attributes": "operator=銀嶺タクシー（株）; busType=民間路線バス; busRoutes=市民バス　上田・泉田コース",
    "status": "adopted",
    "accuracyM": 10,
    "needsReview": "運行状況（季節運行・休止・予約制）を要確認",
    "sources": "国土数値情報（バス停留所データ）令和4年度（国土交通省）P11-22-15-bs7799（36.987906, 138.893655、JGD2011）を加工して作成",
    "verifiedAt": ""
   }
  },
  {
   "type": "Feature",
   "geometry": {
    "type": "Point",
    "coordinates": [
     138.8956654,
     36.9853423
    ]
   },
   "properties": {
    "id": "BS-kP11-22-15-bs7830",
    "kind": "bus_stop",
    "name": "沢口バス停",
    "datum": "WGS84",
    "mountainIds": "215",
    "mountainNames": "巻機山",
    "lists": "日本百名山|日本二百名山|日本三百名山|甲信越百名山",
    "routes": "",
    "entryType": "",
    "trailKmToSummit": "",
    "related": "TH-kP11-22-15-bs7830(0m)",
    "attributes": "operator=銀嶺タクシー（株）; busType=民間路線バス; busRoutes=市民バス　上田・泉田コース",
    "status": "adopted",
    "accuracyM": 10,
    "needsReview": "運行状況（季節運行・休止・予約制）を要確認",
    "sources": "国土数値情報（バス停留所データ）令和4年度（国土交通省）P11-22-15-bs7830（36.985342, 138.895665、JGD2011）を加工して作成",
    "verifiedAt": ""
   }
  },
  {
   "type": "Feature",
   "geometry": {
    "type": "Point",
    "coordinates": [
     138.8956654,
     36.9853423
    ]
   },
   "properties": {
    "id": "BS-kP11-22-15-bs7831",
    "kind": "bus_stop",
    "name": "沢口",
    "datum": "WGS84",
    "mountainIds": "215",
    "mountainNames": "巻機山",
    "lists": "日本百名山|日本二百名山|日本三百名山|甲信越百名山",
    "routes": "",
    "entryType": "",
    "trailKmToSummit": "",
    "related": "TH-kP11-22-15-bs7830(0m)",
    "attributes": "operator=南越後観光バス（株）; busType=民間路線バス; busRoutes=系統2710 / 系統2711・2721 / 系統2720",
    "status": "adopted",
    "accuracyM": 10,
    "needsReview": "運行状況（季節運行・休止・予約制）を要確認",
    "sources": "国土数値情報（バス停留所データ）令和4年度（国土交通省）P11-22-15-bs7831（36.985342, 138.895665、JGD2011）を加工して作成",
    "verifiedAt": ""
   }
  },
  {
   "type": "Feature",
   "geometry": {
    "type": "Point",
    "coordinates": [
     138.9060734,
     36.9769454
    ]
   },
   "properties": {
    "id": "BS-kP11-22-15-bs7875",
    "kind": "bus_stop",
    "name": "蟹沢",
    "datum": "WGS84",
    "mountainIds": "215",
    "mountainNames": "巻機山",
    "lists": "日本百名山|日本二百名山|日本三百名山|甲信越百名山",
    "routes": "",
    "entryType": "",
    "trailKmToSummit": "",
    "related": "TH-kP11-22-15-bs7875(0m)",
    "attributes": "operator=南越後観光バス（株）; busType=民間路線バス; busRoutes=系統2710 / 系統2720",
    "status": "adopted",
    "accuracyM": 10,
    "needsReview": "運行状況（季節運行・休止・予約制）を要確認",
    "sources": "国土数値情報（バス停留所データ）令和4年度（国土交通省）P11-22-15-bs7875（36.976945, 138.906073、JGD2011）を加工して作成",
    "verifiedAt": ""
   }
  },
  {
   "type": "Feature",
   "geometry": {
    "type": "Point",
    "coordinates": [
     137.9019017,
     36.9379619
    ]
   },
   "properties": {
    "id": "BS-kP11-22-15-bs8016",
    "kind": "bus_stop",
    "name": "山口",
    "datum": "WGS84",
    "mountainIds": "225",
    "mountainNames": "雨飾山",
    "lists": "日本百名山|日本二百名山|日本三百名山|甲信越百名山",
    "routes": "",
    "entryType": "",
    "trailKmToSummit": "",
    "related": "TH-kP11-22-15-bs8044(723m)",
    "attributes": "operator=糸魚川バス（株）; busType=民間路線バス; busRoutes=05　根知線",
    "status": "adopted",
    "accuracyM": 10,
    "needsReview": "運行状況（季節運行・休止・予約制）を要確認、登山口から離れている（徒歩アプローチを要確認）",
    "sources": "国土数値情報（バス停留所データ）令和4年度（国土交通省）P11-22-15-bs8016（36.937962, 137.901902、JGD2011）を加工して作成",
    "verifiedAt": ""
   }
  },
  {
   "type": "Feature",
   "geometry": {
    "type": "Point",
    "coordinates": [
     137.9050365,
     36.9343688
    ]
   },
   "properties": {
    "id": "BS-kP11-22-15-bs8032",
    "kind": "bus_stop",
    "name": "山寺上入口",
    "datum": "WGS84",
    "mountainIds": "225",
    "mountainNames": "雨飾山",
    "lists": "日本百名山|日本二百名山|日本三百名山|甲信越百名山",
    "routes": "",
    "entryType": "",
    "trailKmToSummit": "",
    "related": "TH-kP11-22-15-bs8044(240m)",
    "attributes": "operator=糸魚川バス（株）; busType=民間路線バス; busRoutes=05　根知線",
    "status": "adopted",
    "accuracyM": 10,
    "needsReview": "運行状況（季節運行・休止・予約制）を要確認",
    "sources": "国土数値情報（バス停留所データ）令和4年度（国土交通省）P11-22-15-bs8032（36.934369, 137.905036、JGD2011）を加工して作成",
    "verifiedAt": ""
   }
  },
  {
   "type": "Feature",
   "geometry": {
    "type": "Point",
    "coordinates": [
     137.9069249,
     36.9328174
    ]
   },
   "properties": {
    "id": "BS-kP11-22-15-bs8044",
    "kind": "bus_stop",
    "name": "別所",
    "datum": "WGS84",
    "mountainIds": "225",
    "mountainNames": "雨飾山",
    "lists": "日本百名山|日本二百名山|日本三百名山|甲信越百名山",
    "routes": "",
    "entryType": "",
    "trailKmToSummit": "",
    "related": "TH-kP11-22-15-bs8044(0m)",
    "attributes": "operator=糸魚川バス（株）; busType=民間路線バス; busRoutes=05　根知線",
    "status": "adopted",
    "accuracyM": 10,
    "needsReview": "運行状況（季節運行・休止・予約制）を要確認",
    "sources": "国土数値情報（バス停留所データ）令和4年度（国土交通省）P11-22-15-bs8044（36.932817, 137.906925、JGD2011）を加工して作成",
    "verifiedAt": ""
   }
  },
  {
   "type": "Feature",
   "geometry": {
    "type": "Point",
    "coordinates": [
     138.1620111,
     36.9056428
    ]
   },
   "properties": {
    "id": "BS-kP11-22-15-bs8122",
    "kind": "bus_stop",
    "name": "関温泉",
    "datum": "WGS84",
    "mountainIds": "222 223 227",
    "mountainNames": "火打山、焼山、妙高山",
    "lists": "日本百名山|日本二百名山|日本三百名山|甲信越百名山",
    "routes": "",
    "entryType": "",
    "trailKmToSummit": "",
    "related": "TH-kP11-22-15-bs8122(0m) TH-n4517934822(802m)",
    "attributes": "operator=妙高市; busType=コミュニティバス; busRoutes=妙高めぐりん　関・燕温泉線 / 妙高めぐりん　妙高山麓線",
    "status": "adopted",
    "accuracyM": 10,
    "needsReview": "運行状況（季節運行・休止・予約制）を要確認、登山口から離れている（徒歩アプローチを要確認）",
    "sources": "国土数値情報（バス停留所データ）令和4年度（国土交通省）P11-22-15-bs8122（36.905643, 138.162011、JGD2011）を加工して作成",
    "verifiedAt": ""
   }
  },
  {
   "type": "Feature",
   "geometry": {
    "type": "Point",
    "coordinates": [
     138.147592,
     36.9013158
    ]
   },
   "properties": {
    "id": "BS-kP11-22-15-bs8128",
    "kind": "bus_stop",
    "name": "燕温泉",
    "datum": "WGS84",
    "mountainIds": "227 222 223",
    "mountainNames": "妙高山、火打山、焼山",
    "lists": "日本百名山|日本二百名山|日本三百名山|甲信越百名山",
    "routes": "",
    "entryType": "",
    "trailKmToSummit": "",
    "related": "TH-n13605119301(117m) TH-n3786002487(367m) TH-n4517934822(749m) TH-n2353953845(610m)",
    "attributes": "operator=妙高市; busType=コミュニティバス; busRoutes=妙高めぐりん　関・燕温泉線 / 妙高めぐりん　妙高山麓線",
    "status": "adopted",
    "accuracyM": 10,
    "needsReview": "運行状況（季節運行・休止・予約制）を要確認、登山口から離れている（徒歩アプローチを要確認）",
    "sources": "国土数値情報（バス停留所データ）令和4年度（国土交通省）P11-22-15-bs8128（36.901316, 138.147592、JGD2011）を加工して作成",
    "verifiedAt": ""
   }
  },
  {
   "type": "Feature",
   "geometry": {
    "type": "Point",
    "coordinates": [
     138.7814464,
     36.8167278
    ]
   },
   "properties": {
    "id": "BS-kP11-22-15-bs8223",
    "kind": "bus_stop",
    "name": "元橋",
    "datum": "WGS84",
    "mountainIds": "234 236 238",
    "mountainNames": "谷川岳、平標山、仙ノ倉山",
    "lists": "日本百名山|日本二百名山|日本三百名山|関東百名山|甲信越百名山",
    "routes": "",
    "entryType": "",
    "trailKmToSummit": "",
    "related": "TH-n5327328468(485m)",
    "attributes": "operator=南越後観光バス（株）; busType=民間路線バス; busRoutes=系統1210・1220 / 系統1212・1222",
    "status": "adopted",
    "accuracyM": 10,
    "needsReview": "運行状況（季節運行・休止・予約制）を要確認",
    "sources": "国土数値情報（バス停留所データ）令和4年度（国土交通省）P11-22-15-bs8223（36.816728, 138.781446、JGD2011）を加工して作成",
    "verifiedAt": ""
   }
  },
  {
   "type": "Feature",
   "geometry": {
    "type": "Point",
    "coordinates": [
     138.7835384,
     36.8115128
    ]
   },
   "properties": {
    "id": "BS-kP11-22-15-bs8224",
    "kind": "bus_stop",
    "name": "平標登山口",
    "datum": "WGS84",
    "mountainIds": "234 236 238",
    "mountainNames": "谷川岳、平標山、仙ノ倉山",
    "lists": "日本百名山|日本二百名山|日本三百名山|関東百名山|甲信越百名山",
    "routes": "",
    "entryType": "",
    "trailKmToSummit": "",
    "related": "TH-n5327328468(244m)",
    "attributes": "operator=南越後観光バス（株）; busType=民間路線バス; busRoutes=系統1210・1220 / 系統1212・1222",
    "status": "adopted",
    "accuracyM": 10,
    "needsReview": "運行状況（季節運行・休止・予約制）を要確認",
    "sources": "国土数値情報（バス停留所データ）令和4年度（国土交通省）P11-22-15-bs8224（36.811513, 138.783538、JGD2011）を加工して作成",
    "verifiedAt": ""
   }
  },
  {
   "type": "Feature",
   "geometry": {
    "type": "Point",
    "coordinates": [
     138.7957244,
     36.7876057
    ]
   },
   "properties": {
    "id": "BS-kP11-22-15-bs8229",
    "kind": "bus_stop",
    "name": "浅貝",
    "datum": "WGS84",
    "mountainIds": "236 238",
    "mountainNames": "平標山、仙ノ倉山",
    "lists": "甲信越百名山|日本二百名山|日本三百名山|関東百名山",
    "routes": "",
    "entryType": "",
    "trailKmToSummit": "",
    "related": "TH-n6537751083(114m)",
    "attributes": "operator=南越後観光バス（株）; busType=民間路線バス; busRoutes=系統1210・1220 / 系統1212・1222",
    "status": "adopted",
    "accuracyM": 10,
    "needsReview": "運行状況（季節運行・休止・予約制）を要確認",
    "sources": "国土数値情報（バス停留所データ）令和4年度（国土交通省）P11-22-15-bs8229（36.787606, 138.795724、JGD2011）を加工して作成",
    "verifiedAt": ""
   }
  },
  {
   "type": "Feature",
   "geometry": {
    "type": "Point",
    "coordinates": [
     138.8116299,
     35.6480178
    ]
   },
   "properties": {
    "id": "BS-kP11-22-19-bs1482",
    "kind": "bus_stop",
    "name": "竜門峡入口",
    "datum": "WGS84",
    "mountainIds": "421",
    "mountainNames": "滝子山",
    "lists": "甲信越百名山",
    "routes": "",
    "entryType": "",
    "trailKmToSummit": "",
    "related": "TH-n6415978033(310m)",
    "attributes": "operator=甲州市; busType=コミュニティバス; busRoutes=甲州市縦断線",
    "status": "adopted",
    "accuracyM": 10,
    "needsReview": "運行状況（季節運行・休止・予約制）を要確認",
    "sources": "国土数値情報（バス停留所データ）令和4年度（国土交通省）P11-22-19-bs1482（35.648018, 138.811630、JGD2011）を加工して作成 ｜ OpenStreetMap（© OpenStreetMap contributors, ODbL 1.0）Geofabrik japan-latest.osm.pbf 2026-09-18T20:21:10Z node/3066332285",
    "verifiedAt": ""
   }
  },
  {
   "type": "Feature",
   "geometry": {
    "type": "Point",
    "coordinates": [
     138.5784301,
     35.8786456
    ]
   },
   "properties": {
    "id": "BS-kP11-22-19-bs15",
    "kind": "bus_stop",
    "name": "みずがき山荘",
    "datum": "WGS84",
    "mountainIds": "369 373",
    "mountainNames": "瑞牆山、金峰山",
    "lists": "日本百名山|日本二百名山|日本三百名山|甲信越百名山",
    "routes": "",
    "entryType": "",
    "trailKmToSummit": "",
    "related": "TH-n4406775661(0m) TH-n1789111563(514m)",
    "attributes": "operator=山梨峡北交通（株）; busType=民間路線バス; busRoutes=韮崎瑞牆線 / みずがき号（増富瑞牆線）増富温泉峡発　瑞牆山荘方面行き / みずがき号（増富瑞牆線）瑞牆山荘発　増富温泉峡方面行き",
    "status": "adopted",
    "accuracyM": 10,
    "needsReview": "運行状況（季節運行・休止・予約制）を要確認",
    "sources": "国土数値情報（バス停留所データ）令和4年度（国土交通省）P11-22-19-bs15（35.878646, 138.578430、JGD2011）を加工して作成",
    "verifiedAt": ""
   }
  },
  {
   "type": "Feature",
   "geometry": {
    "type": "Point",
    "coordinates": [
     138.8100228,
     35.6459874
    ]
   },
   "properties": {
    "id": "BS-kP11-22-19-bs1508",
    "kind": "bus_stop",
    "name": "福祉センター",
    "datum": "WGS84",
    "mountainIds": "421",
    "mountainNames": "滝子山",
    "lists": "甲信越百名山",
    "routes": "",
    "entryType": "",
    "trailKmToSummit": "",
    "related": "TH-n6415978033(53m) TH-n6415978033(53m)",
    "attributes": "operator=甲州市; busType=コミュニティバス; busRoutes=甲州市縦断線",
    "status": "adopted",
    "accuracyM": 10,
    "needsReview": "運行状況（季節運行・休止・予約制）を要確認",
    "sources": "国土数値情報（バス停留所データ）令和4年度（国土交通省）P11-22-19-bs1508（35.645987, 138.810023、JGD2011）を加工して作成 ｜ OpenStreetMap（© OpenStreetMap contributors, ODbL 1.0）Geofabrik japan-latest.osm.pbf 2026-09-18T20:21:10Z node/3066339076",
    "verifiedAt": ""
   }
  },
  {
   "type": "Feature",
   "geometry": {
    "type": "Point",
    "coordinates": [
     138.8053469,
     35.6434713
    ]
   },
   "properties": {
    "id": "BS-kP11-22-19-bs1543",
    "kind": "bus_stop",
    "name": "下の平",
    "datum": "WGS84",
    "mountainIds": "421",
    "mountainNames": "滝子山",
    "lists": "甲信越百名山",
    "routes": "",
    "entryType": "",
    "trailKmToSummit": "",
    "related": "TH-n1605227389(466m)",
    "attributes": "operator=甲州市; busType=コミュニティバス; busRoutes=甲州市縦断線",
    "status": "adopted",
    "accuracyM": 10,
    "needsReview": "運行状況（季節運行・休止・予約制）を要確認",
    "sources": "国土数値情報（バス停留所データ）令和4年度（国土交通省）P11-22-19-bs1543（35.643471, 138.805347、JGD2011）を加工して作成 ｜ OpenStreetMap（© OpenStreetMap contributors, ODbL 1.0）Geofabrik japan-latest.osm.pbf 2026-09-18T20:21:10Z node/3066337462",
    "verifiedAt": ""
   }
  },
  {
   "type": "Feature",
   "geometry": {
    "type": "Point",
    "coordinates": [
     138.8016997,
     35.6406292
    ]
   },
   "properties": {
    "id": "BS-kP11-22-19-bs1576",
    "kind": "bus_stop",
    "name": "景徳院入口",
    "datum": "WGS84",
    "mountainIds": "421",
    "mountainNames": "滝子山",
    "lists": "甲信越百名山",
    "routes": "",
    "entryType": "",
    "trailKmToSummit": "",
    "related": "TH-n1605227389(113m)",
    "attributes": "operator=甲州市; busType=コミュニティバス; busRoutes=甲州市縦断線",
    "status": "adopted",
    "accuracyM": 10,
    "needsReview": "運行状況（季節運行・休止・予約制）を要確認",
    "sources": "国土数値情報（バス停留所データ）令和4年度（国土交通省）P11-22-19-bs1576（35.640629, 138.801700、JGD2011）を加工して作成 ｜ OpenStreetMap（© OpenStreetMap contributors, ODbL 1.0）Geofabrik japan-latest.osm.pbf 2026-09-18T20:21:10Z node/3066329889",
    "verifiedAt": ""
   }
  },
  {
   "type": "Feature",
   "geometry": {
    "type": "Point",
    "coordinates": [
     138.8016997,
     35.6406292
    ]
   },
   "properties": {
    "id": "BS-kP11-22-19-bs1577",
    "kind": "bus_stop",
    "name": "景徳院入口",
    "datum": "WGS84",
    "mountainIds": "421",
    "mountainNames": "滝子山",
    "lists": "甲信越百名山",
    "routes": "",
    "entryType": "",
    "trailKmToSummit": "",
    "related": "TH-n1605227389(113m)",
    "attributes": "operator=（株）栄和交通; busType=民間路線バス; busRoutes=大菩薩上日川峠線",
    "status": "adopted",
    "accuracyM": 10,
    "needsReview": "運行状況（季節運行・休止・予約制）を要確認",
    "sources": "国土数値情報（バス停留所データ）令和4年度（国土交通省）P11-22-19-bs1577（35.640629, 138.801700、JGD2011）を加工して作成",
    "verifiedAt": ""
   }
  },
  {
   "type": "Feature",
   "geometry": {
    "type": "Point",
    "coordinates": [
     138.3755984,
     35.6383062
    ]
   },
   "properties": {
    "id": "BS-kP11-22-19-bs1606",
    "kind": "bus_stop",
    "name": "芦安",
    "datum": "WGS84",
    "mountainIds": "427",
    "mountainNames": "櫛形山",
    "lists": "日本二百名山|日本三百名山|甲信越百名山",
    "routes": "",
    "entryType": "",
    "trailKmToSummit": "",
    "related": "TH-n2352214614(590m)",
    "attributes": "operator=南アルプス市; busType=コミュニティバス; busRoutes=1号車芦安線",
    "status": "adopted",
    "accuracyM": 10,
    "needsReview": "運行状況（季節運行・休止・予約制）を要確認",
    "sources": "国土数値情報（バス停留所データ）令和4年度（国土交通省）P11-22-19-bs1606（35.638306, 138.375598、JGD2011）を加工して作成 ｜ OpenStreetMap（© OpenStreetMap contributors, ODbL 1.0）Geofabrik japan-latest.osm.pbf 2026-09-18T20:21:10Z node/11261584929",
    "verifiedAt": ""
   }
  },
  {
   "type": "Feature",
   "geometry": {
    "type": "Point",
    "coordinates": [
     138.769953,
     35.6365751
    ]
   },
   "properties": {
    "id": "BS-kP11-22-19-bs1632",
    "kind": "bus_stop",
    "name": "日影（甲州市）",
    "datum": "WGS84",
    "mountainIds": "421",
    "mountainNames": "滝子山",
    "lists": "甲信越百名山",
    "routes": "",
    "entryType": "",
    "trailKmToSummit": "",
    "related": "TH-n2697957197(103m) TH-n2697957197(103m)",
    "attributes": "operator=甲州市; busType=コミュニティバス; busRoutes=甲州市縦断線",
    "status": "adopted",
    "accuracyM": 10,
    "needsReview": "運行状況（季節運行・休止・予約制）を要確認",
    "sources": "国土数値情報（バス停留所データ）令和4年度（国土交通省）P11-22-19-bs1632（35.636575, 138.769953、JGD2011）を加工して作成 ｜ OpenStreetMap（© OpenStreetMap contributors, ODbL 1.0）Geofabrik japan-latest.osm.pbf 2026-09-18T20:21:10Z node/6680782577",
    "verifiedAt": ""
   }
  },
  {
   "type": "Feature",
   "geometry": {
    "type": "Point",
    "coordinates": [
     138.7690553,
     35.6347225
    ]
   },
   "properties": {
    "id": "BS-kP11-22-19-bs1650",
    "kind": "bus_stop",
    "name": "日影上",
    "datum": "WGS84",
    "mountainIds": "421",
    "mountainNames": "滝子山",
    "lists": "甲信越百名山",
    "routes": "",
    "entryType": "",
    "trailKmToSummit": "",
    "related": "TH-n2697957197(122m)",
    "attributes": "operator=甲州市; busType=コミュニティバス; busRoutes=甲州市縦断線",
    "status": "adopted",
    "accuracyM": 10,
    "needsReview": "運行状況（季節運行・休止・予約制）を要確認",
    "sources": "国土数値情報（バス停留所データ）令和4年度（国土交通省）P11-22-19-bs1650（35.634723, 138.769055、JGD2011）を加工して作成 ｜ OpenStreetMap（© OpenStreetMap contributors, ODbL 1.0）Geofabrik japan-latest.osm.pbf 2026-09-18T20:21:10Z node/3066309550",
    "verifiedAt": ""
   }
  },
  {
   "type": "Feature",
   "geometry": {
    "type": "Point",
    "coordinates": [
     138.8267692,
     35.8053867
    ]
   },
   "properties": {
    "id": "BS-kP11-22-19-bs211",
    "kind": "bus_stop",
    "name": "落合",
    "datum": "WGS84",
    "mountainIds": "388",
    "mountainNames": "黒川鶏冠山",
    "lists": "甲信越百名山",
    "routes": "",
    "entryType": "",
    "trailKmToSummit": "",
    "related": "TH-n2383211464(476m)",
    "attributes": "operator=甲州市; busType=コミュニティバス; busRoutes=大菩薩峠登山口線",
    "status": "adopted",
    "accuracyM": 10,
    "needsReview": "運行状況（季節運行・休止・予約制）を要確認",
    "sources": "国土数値情報（バス停留所データ）令和4年度（国土交通省）P11-22-19-bs211（35.805387, 138.826769、JGD2011）を加工して作成",
    "verifiedAt": ""
   }
  },
  {
   "type": "Feature",
   "geometry": {
    "type": "Point",
    "coordinates": [
     138.3010951,
     35.5759482
    ]
   },
   "properties": {
    "id": "BS-kP11-22-19-bs2257",
    "kind": "bus_stop",
    "name": "奈良田温泉",
    "datum": "WGS84",
    "mountainIds": "423",
    "mountainNames": "農鳥岳",
    "lists": "日本二百名山|日本三百名山|甲信越百名山",
    "routes": "",
    "entryType": "",
    "trailKmToSummit": "",
    "related": "TH-n7942187374(695m)",
    "attributes": "operator=早川町; busType=コミュニティバス; busRoutes=はやかわ乗合バス",
    "status": "adopted",
    "accuracyM": 10,
    "needsReview": "運行状況（季節運行・休止・予約制）を要確認、登山口から離れている（徒歩アプローチを要確認）",
    "sources": "国土数値情報（バス停留所データ）令和4年度（国土交通省）P11-22-19-bs2257（35.575948, 138.301095、JGD2011）を加工して作成 ｜ OpenStreetMap（© OpenStreetMap contributors, ODbL 1.0）Geofabrik japan-latest.osm.pbf 2026-09-18T20:21:10Z node/10928511376",
    "verifiedAt": ""
   }
  },
  {
   "type": "Feature",
   "geometry": {
    "type": "Point",
    "coordinates": [
     138.8582408,
     35.5668545
    ]
   },
   "properties": {
    "id": "BS-kP11-22-19-bs2317",
    "kind": "bus_stop",
    "name": "大野",
    "datum": "WGS84",
    "mountainIds": "437",
    "mountainNames": "三ッ峠山",
    "lists": "日本二百名山|日本三百名山|甲信越百名山",
    "routes": "",
    "entryType": "",
    "trailKmToSummit": "",
    "related": "TH-n1610329230(905m)",
    "attributes": "operator=富士急バス（株）; busType=民間路線バス; busRoutes=【都留】都留市駅・つるぎ線",
    "status": "adopted",
    "accuracyM": 10,
    "needsReview": "運行状況（季節運行・休止・予約制）を要確認、登山口から離れている（徒歩アプローチを要確認）",
    "sources": "国土数値情報（バス停留所データ）令和4年度（国土交通省）P11-22-19-bs2317（35.566854, 138.858241、JGD2011）を加工して作成",
    "verifiedAt": ""
   }
  },
  {
   "type": "Feature",
   "geometry": {
    "type": "Point",
    "coordinates": [
     138.7836906,
     35.5565817
    ]
   },
   "properties": {
    "id": "BS-kP11-22-19-bs2383",
    "kind": "bus_stop",
    "name": "天下茶屋",
    "datum": "WGS84",
    "mountainIds": "434 437",
    "mountainNames": "黒岳、三ッ峠山",
    "lists": "日本三百名山|甲信越百名山|日本二百名山",
    "routes": "",
    "entryType": "",
    "trailKmToSummit": "",
    "related": "TH-n11282378965(754m) TH-n1252490120(1m)",
    "attributes": "operator=富士急バス（株）; busType=民間路線バス; busRoutes=【富士五湖】河口湖駅・天下茶屋線",
    "status": "adopted",
    "accuracyM": 10,
    "needsReview": "運行状況（季節運行・休止・予約制）を要確認、登山口から離れている（徒歩アプローチを要確認）",
    "sources": "国土数値情報（バス停留所データ）令和4年度（国土交通省）P11-22-19-bs2383（35.556582, 138.783691、JGD2011）を加工して作成",
    "verifiedAt": ""
   }
  },
  {
   "type": "Feature",
   "geometry": {
    "type": "Point",
    "coordinates": [
     138.7919968,
     35.5561863
    ]
   },
   "properties": {
    "id": "BS-kP11-22-19-bs2386",
    "kind": "bus_stop",
    "name": "三ッ峠登山口",
    "datum": "WGS84",
    "mountainIds": "434 437",
    "mountainNames": "黒岳、三ッ峠山",
    "lists": "日本三百名山|甲信越百名山|日本二百名山",
    "routes": "",
    "entryType": "",
    "trailKmToSummit": "",
    "related": "TH-n11282378965(0m) TH-n1252490120(755m) TH-n1252496763(372m)",
    "attributes": "operator=富士急バス（株）; busType=民間路線バス; busRoutes=【富士五湖】河口湖駅・天下茶屋線",
    "status": "adopted",
    "accuracyM": 10,
    "needsReview": "運行状況（季節運行・休止・予約制）を要確認、登山口から離れている（徒歩アプローチを要確認）",
    "sources": "国土数値情報（バス停留所データ）令和4年度（国土交通省）P11-22-19-bs2386（35.556186, 138.791997、JGD2011）を加工して作成",
    "verifiedAt": ""
   }
  },
  {
   "type": "Feature",
   "geometry": {
    "type": "Point",
    "coordinates": [
     138.7684372,
     35.5454645
    ]
   },
   "properties": {
    "id": "BS-kP11-22-19-bs2439",
    "kind": "bus_stop",
    "name": "三ツ峠入口",
    "datum": "WGS84",
    "mountainIds": "434 437",
    "mountainNames": "黒岳、三ッ峠山",
    "lists": "日本三百名山|甲信越百名山|日本二百名山",
    "routes": "",
    "entryType": "",
    "trailKmToSummit": "",
    "related": "TH-n1252489717(70m)",
    "attributes": "operator=富士急バス（株）; busType=民間路線バス; busRoutes=【富士五湖】富士山駅・甲府駅【北口】線 / 【富士五湖】河口湖駅・天下茶屋線 / 【富士五湖】富士山駅・甲府駅【南口】線",
    "status": "adopted",
    "accuracyM": 10,
    "needsReview": "運行状況（季節運行・休止・予約制）を要確認",
    "sources": "国土数値情報（バス停留所データ）令和4年度（国土交通省）P11-22-19-bs2439（35.545464, 138.768437、JGD2011）を加工して作成",
    "verifiedAt": ""
   }
  },
  {
   "type": "Feature",
   "geometry": {
    "type": "Point",
    "coordinates": [
     138.7389029,
     35.7913095
    ]
   },
   "properties": {
    "id": "BS-kP11-22-19-bs247",
    "kind": "bus_stop",
    "name": "三之橋",
    "datum": "WGS84",
    "mountainIds": "374 383",
    "mountainNames": "国師ヶ岳、乾徳山",
    "lists": "日本三百名山|日本二百名山|甲信越百名山",
    "routes": "",
    "entryType": "",
    "trailKmToSummit": "",
    "related": "TH-n1986906470(982m)",
    "attributes": "operator=山梨市; busType=コミュニティバス; busRoutes=西沢渓谷線",
    "status": "adopted",
    "accuracyM": 10,
    "needsReview": "運行状況（季節運行・休止・予約制）を要確認、登山口から離れている（徒歩アプローチを要確認）",
    "sources": "国土数値情報（バス停留所データ）令和4年度（国土交通省）P11-22-19-bs247（35.791310, 138.738903、JGD2011）を加工して作成",
    "verifiedAt": ""
   }
  },
  {
   "type": "Feature",
   "geometry": {
    "type": "Point",
    "coordinates": [
     138.7613299,
     35.5257545
    ]
   },
   "properties": {
    "id": "BS-kP11-22-19-bs2529",
    "kind": "bus_stop",
    "name": "広瀬",
    "datum": "WGS84",
    "mountainIds": "434 437",
    "mountainNames": "黒岳、三ッ峠山",
    "lists": "日本三百名山|甲信越百名山|日本二百名山",
    "routes": "",
    "entryType": "",
    "trailKmToSummit": "",
    "related": "TH-n10308432101(426m)",
    "attributes": "operator=富士急バス（株）; busType=民間路線バス; busRoutes=【富士五湖】大石プチペンション村・富士山駅線",
    "status": "adopted",
    "accuracyM": 10,
    "needsReview": "運行状況（季節運行・休止・予約制）を要確認",
    "sources": "国土数値情報（バス停留所データ）令和4年度（国土交通省）P11-22-19-bs2529（35.525755, 138.761330、JGD2011）を加工して作成",
    "verifiedAt": ""
   }
  },
  {
   "type": "Feature",
   "geometry": {
    "type": "Point",
    "coordinates": [
     138.7602167,
     35.525504
    ]
   },
   "properties": {
    "id": "BS-kP11-22-19-bs2530",
    "kind": "bus_stop",
    "name": "紅富士荘前",
    "datum": "WGS84",
    "mountainIds": "434 437",
    "mountainNames": "黒岳、三ッ峠山",
    "lists": "日本三百名山|甲信越百名山|日本二百名山",
    "routes": "",
    "entryType": "",
    "trailKmToSummit": "",
    "related": "TH-n10308432101(404m)",
    "attributes": "operator=富士急バス（株）; busType=民間路線バス; busRoutes=【富士五湖】大石プチペンション村・富士山駅線",
    "status": "adopted",
    "accuracyM": 10,
    "needsReview": "運行状況（季節運行・休止・予約制）を要確認",
    "sources": "国土数値情報（バス停留所データ）令和4年度（国土交通省）P11-22-19-bs2530（35.525504, 138.760217、JGD2011）を加工して作成 ｜ OpenStreetMap（© OpenStreetMap contributors, ODbL 1.0）Geofabrik japan-latest.osm.pbf 2026-09-18T20:21:10Z node/2365453748",
    "verifiedAt": ""
   }
  },
  {
   "type": "Feature",
   "geometry": {
    "type": "Point",
    "coordinates": [
     138.7619788,
     35.5254771
    ]
   },
   "properties": {
    "id": "BS-kP11-22-19-bs2531",
    "kind": "bus_stop",
    "name": "久保田一竹美術館",
    "datum": "WGS84",
    "mountainIds": "434 437",
    "mountainNames": "黒岳、三ッ峠山",
    "lists": "日本三百名山|甲信越百名山|日本二百名山",
    "routes": "",
    "entryType": "",
    "trailKmToSummit": "",
    "related": "TH-n10308432101(485m)",
    "attributes": "operator=富士急バス（株）; busType=民間路線バス; busRoutes=【富士五湖】河口湖周遊バス / 富士急ハイランド--自然生活館--富士急ハイランド",
    "status": "adopted",
    "accuracyM": 10,
    "needsReview": "運行状況（季節運行・休止・予約制）を要確認",
    "sources": "国土数値情報（バス停留所データ）令和4年度（国土交通省）P11-22-19-bs2531（35.525477, 138.761979、JGD2011）を加工して作成 ｜ OpenStreetMap（© OpenStreetMap contributors, ODbL 1.0）Geofabrik japan-latest.osm.pbf 2026-09-18T20:21:10Z node/7106591192",
    "verifiedAt": ""
   }
  },
  {
   "type": "Feature",
   "geometry": {
    "type": "Point",
    "coordinates": [
     138.72931,
     35.5249746
    ]
   },
   "properties": {
    "id": "BS-kP11-22-19-bs2532",
    "kind": "bus_stop",
    "name": "湯口",
    "datum": "WGS84",
    "mountainIds": "434",
    "mountainNames": "黒岳",
    "lists": "日本三百名山|甲信越百名山",
    "routes": "",
    "entryType": "",
    "trailKmToSummit": "",
    "related": "TH-n10777607781(600m)",
    "attributes": "operator=富士急バス（株）; busType=民間路線バス; busRoutes=【富士五湖】河口湖周遊バス / 【富士五湖】大石プチペンション村・富士山駅線",
    "status": "adopted",
    "accuracyM": 10,
    "needsReview": "運行状況（季節運行・休止・予約制）を要確認",
    "sources": "国土数値情報（バス停留所データ）令和4年度（国土交通省）P11-22-19-bs2532（35.524975, 138.729310、JGD2011）を加工して作成",
    "verifiedAt": ""
   }
  },
  {
   "type": "Feature",
   "geometry": {
    "type": "Point",
    "coordinates": [
     138.7319576,
     35.52441
    ]
   },
   "properties": {
    "id": "BS-kP11-22-19-bs2538",
    "kind": "bus_stop",
    "name": "菅記念研修",
    "datum": "WGS84",
    "mountainIds": "434",
    "mountainNames": "黒岳",
    "lists": "日本三百名山|甲信越百名山",
    "routes": "",
    "entryType": "",
    "trailKmToSummit": "",
    "related": "TH-n10777607781(829m)",
    "attributes": "operator=富士急バス（株）; busType=民間路線バス; busRoutes=【富士五湖】河口湖周遊バス / 【富士五湖】大石プチペンション村・富士山駅線",
    "status": "adopted",
    "accuracyM": 10,
    "needsReview": "運行状況（季節運行・休止・予約制）を要確認、登山口から離れている（徒歩アプローチを要確認）",
    "sources": "国土数値情報（バス停留所データ）令和4年度（国土交通省）P11-22-19-bs2538（35.524410, 138.731958、JGD2011）を加工して作成",
    "verifiedAt": ""
   }
  },
  {
   "type": "Feature",
   "geometry": {
    "type": "Point",
    "coordinates": [
     138.7471835,
     35.5241983
    ]
   },
   "properties": {
    "id": "BS-kP11-22-19-bs2539",
    "kind": "bus_stop",
    "name": "学校前",
    "datum": "WGS84",
    "mountainIds": "434",
    "mountainNames": "黒岳",
    "lists": "日本三百名山|甲信越百名山",
    "routes": "",
    "entryType": "",
    "trailKmToSummit": "",
    "related": "TH-w829101191(105m)",
    "attributes": "operator=富士急バス（株）; busType=民間路線バス; busRoutes=【富士五湖】大石プチペンション村・富士山駅線",
    "status": "adopted",
    "accuracyM": 10,
    "needsReview": "運行状況（季節運行・休止・予約制）を要確認",
    "sources": "国土数値情報（バス停留所データ）令和4年度（国土交通省）P11-22-19-bs2539（35.524198, 138.747183、JGD2011）を加工して作成 ｜ OpenStreetMap（© OpenStreetMap contributors, ODbL 1.0）Geofabrik japan-latest.osm.pbf 2026-09-18T20:21:10Z node/2365452533",
    "verifiedAt": ""
   }
  },
  {
   "type": "Feature",
   "geometry": {
    "type": "Point",
    "coordinates": [
     138.7245445,
     35.790433
    ]
   },
   "properties": {
    "id": "BS-kP11-22-19-bs254",
    "kind": "bus_stop",
    "name": "乾徳山登山口",
    "datum": "WGS84",
    "mountainIds": "374 383",
    "mountainNames": "国師ヶ岳、乾徳山",
    "lists": "日本三百名山|日本二百名山|甲信越百名山",
    "routes": "",
    "entryType": "",
    "trailKmToSummit": "",
    "related": "TH-n1986906470(366m)",
    "attributes": "operator=山梨市; busType=コミュニティバス; busRoutes=西沢渓谷線",
    "status": "adopted",
    "accuracyM": 10,
    "needsReview": "運行状況（季節運行・休止・予約制）を要確認",
    "sources": "国土数値情報（バス停留所データ）令和4年度（国土交通省）P11-22-19-bs254（35.790433, 138.724544、JGD2011）を加工して作成",
    "verifiedAt": ""
   }
  },
  {
   "type": "Feature",
   "geometry": {
    "type": "Point",
    "coordinates": [
     138.7452636,
     35.5235963
    ]
   },
   "properties": {
    "id": "BS-kP11-22-19-bs2541",
    "kind": "bus_stop",
    "name": "自然生活館",
    "datum": "WGS84",
    "mountainIds": "434",
    "mountainNames": "黒岳",
    "lists": "日本三百名山|甲信越百名山",
    "routes": "",
    "entryType": "",
    "trailKmToSummit": "",
    "related": "TH-w829101191(95m)",
    "attributes": "operator=富士急バス（株）; busType=民間路線バス; busRoutes=【富士五湖】河口湖周遊バス / 富士急ハイランド--自然生活館--富士急ハイランド / 【富士五湖】大石プチペンション村・富士山駅線",
    "status": "adopted",
    "accuracyM": 10,
    "needsReview": "運行状況（季節運行・休止・予約制）を要確認",
    "sources": "国土数値情報（バス停留所データ）令和4年度（国土交通省）P11-22-19-bs2541（35.523596, 138.745264、JGD2011）を加工して作成 ｜ OpenStreetMap（© OpenStreetMap contributors, ODbL 1.0）Geofabrik japan-latest.osm.pbf 2026-09-18T20:21:10Z node/11189794937",
    "verifiedAt": ""
   }
  },
  {
   "type": "Feature",
   "geometry": {
    "type": "Point",
    "coordinates": [
     138.7247529,
     35.5229561
    ]
   },
   "properties": {
    "id": "BS-kP11-22-19-bs2543",
    "kind": "bus_stop",
    "name": "プチペンション村",
    "datum": "WGS84",
    "mountainIds": "434",
    "mountainNames": "黒岳",
    "lists": "日本三百名山|甲信越百名山",
    "routes": "",
    "entryType": "",
    "trailKmToSummit": "",
    "related": "TH-n10777607781(197m)",
    "attributes": "operator=富士急バス（株）; busType=民間路線バス; busRoutes=【富士五湖】河口湖周遊バス / 【富士五湖】大石プチペンション村・富士山駅線",
    "status": "adopted",
    "accuracyM": 10,
    "needsReview": "運行状況（季節運行・休止・予約制）を要確認",
    "sources": "国土数値情報（バス停留所データ）令和4年度（国土交通省）P11-22-19-bs2543（35.522956, 138.724753、JGD2011）を加工して作成",
    "verifiedAt": ""
   }
  },
  {
   "type": "Feature",
   "geometry": {
    "type": "Point",
    "coordinates": [
     139.0158716,
     35.5176413
    ]
   },
   "properties": {
    "id": "BS-kP11-22-19-bs2568",
    "kind": "bus_stop",
    "name": "駐在所前",
    "datum": "WGS84",
    "mountainIds": "451",
    "mountainNames": "御正体山",
    "lists": "日本二百名山|日本三百名山|甲信越百名山",
    "routes": "",
    "entryType": "",
    "trailKmToSummit": "",
    "related": "TH-kP11-22-19-bs2568(0m)",
    "attributes": "operator=富士急バス（株）; busType=民間路線バス; busRoutes=【富士五湖】富士山駅・道志小学校線 / 【都留】月夜野・長又線 / 【都留】長又・道志小学校前線",
    "status": "adopted",
    "accuracyM": 10,
    "needsReview": "運行状況（季節運行・休止・予約制）を要確認",
    "sources": "国土数値情報（バス停留所データ）令和4年度（国土交通省）P11-22-19-bs2568（35.517641, 139.015872、JGD2011）を加工して作成 ｜ OpenStreetMap（© OpenStreetMap contributors, ODbL 1.0）Geofabrik japan-latest.osm.pbf 2026-09-18T20:21:10Z node/3076684433",
    "verifiedAt": ""
   }
  },
  {
   "type": "Feature",
   "geometry": {
    "type": "Point",
    "coordinates": [
     139.0147395,
     35.5168005
    ]
   },
   "properties": {
    "id": "BS-kP11-22-19-bs2569",
    "kind": "bus_stop",
    "name": "川原畑",
    "datum": "WGS84",
    "mountainIds": "451",
    "mountainNames": "御正体山",
    "lists": "日本二百名山|日本三百名山|甲信越百名山",
    "routes": "",
    "entryType": "",
    "trailKmToSummit": "",
    "related": "TH-kP11-22-19-bs2568(138m)",
    "attributes": "operator=富士急バス（株）; busType=民間路線バス; busRoutes=【富士五湖】富士山駅・道志小学校線 / 【都留】月夜野・長又線 / 【都留】長又・道志小学校前線",
    "status": "adopted",
    "accuracyM": 10,
    "needsReview": "運行状況（季節運行・休止・予約制）を要確認",
    "sources": "国土数値情報（バス停留所データ）令和4年度（国土交通省）P11-22-19-bs2569（35.516801, 139.014740、JGD2011）を加工して作成 ｜ OpenStreetMap（© OpenStreetMap contributors, ODbL 1.0）Geofabrik japan-latest.osm.pbf 2026-09-18T20:21:10Z node/7816838079",
    "verifiedAt": ""
   }
  },
  {
   "type": "Feature",
   "geometry": {
    "type": "Point",
    "coordinates": [
     138.8327344,
     35.5161647
    ]
   },
   "properties": {
    "id": "BS-kP11-22-19-bs2571",
    "kind": "bus_stop",
    "name": "白糸町",
    "datum": "WGS84",
    "mountainIds": "437",
    "mountainNames": "三ッ峠山",
    "lists": "日本二百名山|日本三百名山|甲信越百名山",
    "routes": "",
    "entryType": "",
    "trailKmToSummit": "",
    "related": "TH-n11541181625(194m)",
    "attributes": "operator=富士急バス（株）; busType=民間路線バス; busRoutes=【富士五湖】上暮地・明見循環",
    "status": "adopted",
    "accuracyM": 10,
    "needsReview": "運行状況（季節運行・休止・予約制）を要確認",
    "sources": "国土数値情報（バス停留所データ）令和4年度（国土交通省）P11-22-19-bs2571（35.516165, 138.832734、JGD2011）を加工して作成",
    "verifiedAt": ""
   }
  },
  {
   "type": "Feature",
   "geometry": {
    "type": "Point",
    "coordinates": [
     138.8332665,
     35.5158755
    ]
   },
   "properties": {
    "id": "BS-kP11-22-19-bs2572",
    "kind": "bus_stop",
    "name": "白糸橋",
    "datum": "WGS84",
    "mountainIds": "437",
    "mountainNames": "三ッ峠山",
    "lists": "日本二百名山|日本三百名山|甲信越百名山",
    "routes": "",
    "entryType": "",
    "trailKmToSummit": "",
    "related": "TH-n11541181625(236m)",
    "attributes": "operator=富士急バス（株）; busType=民間路線バス; busRoutes=【富士五湖】上暮地・明見循環",
    "status": "adopted",
    "accuracyM": 10,
    "needsReview": "運行状況（季節運行・休止・予約制）を要確認",
    "sources": "国土数値情報（バス停留所データ）令和4年度（国土交通省）P11-22-19-bs2572（35.515876, 138.833267、JGD2011）を加工して作成",
    "verifiedAt": ""
   }
  },
  {
   "type": "Feature",
   "geometry": {
    "type": "Point",
    "coordinates": [
     139.0137222,
     35.5157848
    ]
   },
   "properties": {
    "id": "BS-kP11-22-19-bs2574",
    "kind": "bus_stop",
    "name": "局前",
    "datum": "WGS84",
    "mountainIds": "451",
    "mountainNames": "御正体山",
    "lists": "日本二百名山|日本三百名山|甲信越百名山",
    "routes": "",
    "entryType": "",
    "trailKmToSummit": "",
    "related": "TH-kP11-22-19-bs2568(283m)",
    "attributes": "operator=富士急バス（株）; busType=民間路線バス; busRoutes=【富士五湖】富士山駅・道志小学校線 / 【都留】月夜野・長又線 / 【都留】長又・道志小学校前線",
    "status": "adopted",
    "accuracyM": 10,
    "needsReview": "運行状況（季節運行・休止・予約制）を要確認",
    "sources": "国土数値情報（バス停留所データ）令和4年度（国土交通省）P11-22-19-bs2574（35.515785, 139.013722、JGD2011）を加工して作成 ｜ OpenStreetMap（© OpenStreetMap contributors, ODbL 1.0）Geofabrik japan-latest.osm.pbf 2026-09-18T20:21:10Z node/3076683833",
    "verifiedAt": ""
   }
  },
  {
   "type": "Feature",
   "geometry": {
    "type": "Point",
    "coordinates": [
     138.8294717,
     35.5134331
    ]
   },
   "properties": {
    "id": "BS-kP11-22-19-bs2582",
    "kind": "bus_stop",
    "name": "寿町",
    "datum": "WGS84",
    "mountainIds": "437",
    "mountainNames": "三ッ峠山",
    "lists": "日本二百名山|日本三百名山|甲信越百名山",
    "routes": "",
    "entryType": "",
    "trailKmToSummit": "",
    "related": "TH-n11541181625(274m)",
    "attributes": "operator=富士急バス（株）; busType=民間路線バス; busRoutes=【富士五湖】上暮地・明見循環",
    "status": "adopted",
    "accuracyM": 10,
    "needsReview": "運行状況（季節運行・休止・予約制）を要確認",
    "sources": "国土数値情報（バス停留所データ）令和4年度（国土交通省）P11-22-19-bs2582（35.513433, 138.829472、JGD2011）を加工して作成",
    "verifiedAt": ""
   }
  },
  {
   "type": "Feature",
   "geometry": {
    "type": "Point",
    "coordinates": [
     138.9605518,
     35.5132166
    ]
   },
   "properties": {
    "id": "BS-kP11-22-19-bs2584",
    "kind": "bus_stop",
    "name": "松平",
    "datum": "WGS84",
    "mountainIds": "451",
    "mountainNames": "御正体山",
    "lists": "日本二百名山|日本三百名山|甲信越百名山",
    "routes": "",
    "entryType": "",
    "trailKmToSummit": "",
    "related": "TH-n2865760189(684m)",
    "attributes": "operator=富士急バス（株）; busType=民間路線バス; busRoutes=【都留】都留市駅・宝鉱山線 / 【都留】都留市立病院前・月夜野線 / 【都留】健康科学大学前・月夜野線",
    "status": "adopted",
    "accuracyM": 10,
    "needsReview": "運行状況（季節運行・休止・予約制）を要確認、登山口から離れている（徒歩アプローチを要確認）",
    "sources": "国土数値情報（バス停留所データ）令和4年度（国土交通省）P11-22-19-bs2584（35.513217, 138.960552、JGD2011）を加工して作成",
    "verifiedAt": ""
   }
  },
  {
   "type": "Feature",
   "geometry": {
    "type": "Point",
    "coordinates": [
     138.9676948,
     35.5118554
    ]
   },
   "properties": {
    "id": "BS-kP11-22-19-bs2593",
    "kind": "bus_stop",
    "name": "道坂墜道",
    "datum": "WGS84",
    "mountainIds": "451",
    "mountainNames": "御正体山",
    "lists": "日本二百名山|日本三百名山|甲信越百名山",
    "routes": "",
    "entryType": "",
    "trailKmToSummit": "",
    "related": "TH-n2865760189(24m)",
    "attributes": "operator=富士急バス（株）; busType=民間路線バス; busRoutes=【都留】都留市駅・宝鉱山線 / 【都留】都留市立病院前・月夜野線 / 【都留】健康科学大学前・月夜野線",
    "status": "adopted",
    "accuracyM": 10,
    "needsReview": "運行状況（季節運行・休止・予約制）を要確認",
    "sources": "国土数値情報（バス停留所データ）令和4年度（国土交通省）P11-22-19-bs2593（35.511855, 138.967695、JGD2011）を加工して作成",
    "verifiedAt": ""
   }
  },
  {
   "type": "Feature",
   "geometry": {
    "type": "Point",
    "coordinates": [
     138.7987377,
     35.498045
    ]
   },
   "properties": {
    "id": "BS-kP11-22-19-bs2700",
    "kind": "bus_stop",
    "name": "如来寺入口",
    "datum": "WGS84",
    "mountainIds": "437",
    "mountainNames": "三ッ峠山",
    "lists": "日本二百名山|日本三百名山|甲信越百名山",
    "routes": "",
    "entryType": "",
    "trailKmToSummit": "",
    "related": "TH-n12142430276(412m)",
    "attributes": "operator=富士急バス（株）; busType=民間路線バス; busRoutes=【富士五湖】熊穴・新倉循環",
    "status": "adopted",
    "accuracyM": 10,
    "needsReview": "運行状況（季節運行・休止・予約制）を要確認",
    "sources": "国土数値情報（バス停留所データ）令和4年度（国土交通省）P11-22-19-bs2700（35.498045, 138.798738、JGD2011）を加工して作成",
    "verifiedAt": ""
   }
  },
  {
   "type": "Feature",
   "geometry": {
    "type": "Point",
    "coordinates": [
     138.8035882,
     35.4976102
    ]
   },
   "properties": {
    "id": "BS-kP11-22-19-bs2703",
    "kind": "bus_stop",
    "name": "下吉田駅",
    "datum": "WGS84",
    "mountainIds": "437",
    "mountainNames": "三ッ峠山",
    "lists": "日本二百名山|日本三百名山|甲信越百名山",
    "routes": "",
    "entryType": "",
    "trailKmToSummit": "",
    "related": "TH-n12142430276(430m)",
    "attributes": "operator=富士急バス（株）; busType=民間路線バス; busRoutes=【富士五湖】中央循環",
    "status": "adopted",
    "accuracyM": 10,
    "needsReview": "運行状況（季節運行・休止・予約制）を要確認",
    "sources": "国土数値情報（バス停留所データ）令和4年度（国土交通省）P11-22-19-bs2703（35.497610, 138.803588、JGD2011）を加工して作成",
    "verifiedAt": ""
   }
  },
  {
   "type": "Feature",
   "geometry": {
    "type": "Point",
    "coordinates": [
     138.7990686,
     35.4968427
    ]
   },
   "properties": {
    "id": "BS-kP11-22-19-bs2709",
    "kind": "bus_stop",
    "name": "大正寺前",
    "datum": "WGS84",
    "mountainIds": "437",
    "mountainNames": "三ッ峠山",
    "lists": "日本二百名山|日本三百名山|甲信越百名山",
    "routes": "",
    "entryType": "",
    "trailKmToSummit": "",
    "related": "TH-n12142430276(513m)",
    "attributes": "operator=富士急バス（株）; busType=民間路線バス; busRoutes=【富士五湖】熊穴・新倉循環",
    "status": "adopted",
    "accuracyM": 10,
    "needsReview": "運行状況（季節運行・休止・予約制）を要確認",
    "sources": "国土数値情報（バス停留所データ）令和4年度（国土交通省）P11-22-19-bs2709（35.496843, 138.799069、JGD2011）を加工して作成",
    "verifiedAt": ""
   }
  },
  {
   "type": "Feature",
   "geometry": {
    "type": "Point",
    "coordinates": [
     138.6094833,
     35.4943387
    ]
   },
   "properties": {
    "id": "BS-kP11-22-19-bs2733",
    "kind": "bus_stop",
    "name": "精進",
    "datum": "WGS84",
    "mountainIds": "434",
    "mountainNames": "黒岳",
    "lists": "日本三百名山|甲信越百名山",
    "routes": "",
    "entryType": "",
    "trailKmToSummit": "",
    "related": "TH-kP11-22-19-bs2733(0m)",
    "attributes": "operator=富士急バス（株）; busType=民間路線バス; busRoutes=【富士五湖】富士山駅・本栖湖線 / 【富士五湖】（一部快速）富士山駅・新富士駅線 / 【富士五湖】鳴沢・精進湖・本栖湖周遊バス",
    "status": "adopted",
    "accuracyM": 10,
    "needsReview": "運行状況（季節運行・休止・予約制）を要確認",
    "sources": "国土数値情報（バス停留所データ）令和4年度（国土交通省）P11-22-19-bs2733（35.494339, 138.609483、JGD2011）を加工して作成",
    "verifiedAt": ""
   }
  },
  {
   "type": "Feature",
   "geometry": {
    "type": "Point",
    "coordinates": [
     138.6094833,
     35.4943387
    ]
   },
   "properties": {
    "id": "BS-kP11-22-19-bs2734",
    "kind": "bus_stop",
    "name": "精進",
    "datum": "WGS84",
    "mountainIds": "434",
    "mountainNames": "黒岳",
    "lists": "日本三百名山|甲信越百名山",
    "routes": "",
    "entryType": "",
    "trailKmToSummit": "",
    "related": "TH-kP11-22-19-bs2733(0m)",
    "attributes": "operator=富士急静岡バス（株）; busType=民間路線バス; busRoutes=新富士線　富士山駅～精進湖・富士宮駅～新富士駅",
    "status": "adopted",
    "accuracyM": 10,
    "needsReview": "運行状況（季節運行・休止・予約制）を要確認",
    "sources": "国土数値情報（バス停留所データ）令和4年度（国土交通省）P11-22-19-bs2734（35.494339, 138.609483、JGD2011）を加工して作成",
    "verifiedAt": ""
   }
  },
  {
   "type": "Feature",
   "geometry": {
    "type": "Point",
    "coordinates": [
     138.9614255,
     35.4843195
    ]
   },
   "properties": {
    "id": "BS-kP11-22-19-bs2847",
    "kind": "bus_stop",
    "name": "白井平",
    "datum": "WGS84",
    "mountainIds": "451",
    "mountainNames": "御正体山",
    "lists": "日本二百名山|日本三百名山|甲信越百名山",
    "routes": "",
    "entryType": "",
    "trailKmToSummit": "",
    "related": "TH-n1598889406(798m)",
    "attributes": "operator=富士急バス（株）; busType=民間路線バス; busRoutes=【富士五湖】富士山駅・道志小学校線 / 【都留】月夜野・長又線 / 【都留】長又・道志小学校前線",
    "status": "adopted",
    "accuracyM": 10,
    "needsReview": "運行状況（季節運行・休止・予約制）を要確認、登山口から離れている（徒歩アプローチを要確認）",
    "sources": "国土数値情報（バス停留所データ）令和4年度（国土交通省）P11-22-19-bs2847（35.484319, 138.961426、JGD2011）を加工して作成 ｜ OpenStreetMap（© OpenStreetMap contributors, ODbL 1.0）Geofabrik japan-latest.osm.pbf 2026-09-18T20:21:10Z node/7820189571",
    "verifiedAt": ""
   }
  },
  {
   "type": "Feature",
   "geometry": {
    "type": "Point",
    "coordinates": [
     138.9597743,
     35.4824742
    ]
   },
   "properties": {
    "id": "BS-kP11-22-19-bs2865",
    "kind": "bus_stop",
    "name": "御正橋",
    "datum": "WGS84",
    "mountainIds": "451",
    "mountainNames": "御正体山",
    "lists": "日本二百名山|日本三百名山|甲信越百名山",
    "routes": "",
    "entryType": "",
    "trailKmToSummit": "",
    "related": "TH-n1598889406(737m)",
    "attributes": "operator=富士急バス（株）; busType=民間路線バス; busRoutes=【富士五湖】富士山駅・道志小学校線 / 【都留】月夜野・長又線 / 【都留】長又・道志小学校前線",
    "status": "adopted",
    "accuracyM": 10,
    "needsReview": "運行状況（季節運行・休止・予約制）を要確認、登山口から離れている（徒歩アプローチを要確認）",
    "sources": "国土数値情報（バス停留所データ）令和4年度（国土交通省）P11-22-19-bs2865（35.482474, 138.959774、JGD2011）を加工して作成 ｜ OpenStreetMap（© OpenStreetMap contributors, ODbL 1.0）Geofabrik japan-latest.osm.pbf 2026-09-18T20:21:10Z node/7820189583",
    "verifiedAt": ""
   }
  },
  {
   "type": "Feature",
   "geometry": {
    "type": "Point",
    "coordinates": [
     138.9542784,
     35.4788575
    ]
   },
   "properties": {
    "id": "BS-kP11-22-19-bs2918",
    "kind": "bus_stop",
    "name": "長又",
    "datum": "WGS84",
    "mountainIds": "451",
    "mountainNames": "御正体山",
    "lists": "日本二百名山|日本三百名山|甲信越百名山",
    "routes": "",
    "entryType": "",
    "trailKmToSummit": "",
    "related": "TH-n1598889406(798m)",
    "attributes": "operator=富士急バス（株）; busType=民間路線バス; busRoutes=【富士五湖】富士山駅・道志小学校線 / 【都留】月夜野・長又線 / 【都留】長又・道志小学校前線",
    "status": "adopted",
    "accuracyM": 10,
    "needsReview": "運行状況（季節運行・休止・予約制）を要確認、登山口から離れている（徒歩アプローチを要確認）",
    "sources": "国土数値情報（バス停留所データ）令和4年度（国土交通省）P11-22-19-bs2918（35.478857, 138.954278、JGD2011）を加工して作成 ｜ OpenStreetMap（© OpenStreetMap contributors, ODbL 1.0）Geofabrik japan-latest.osm.pbf 2026-09-18T20:21:10Z node/286759951",
    "verifiedAt": ""
   }
  },
  {
   "type": "Feature",
   "geometry": {
    "type": "Point",
    "coordinates": [
     138.6030747,
     35.4640846
    ]
   },
   "properties": {
    "id": "BS-kP11-22-19-bs2979",
    "kind": "bus_stop",
    "name": "本栖湖",
    "datum": "WGS84",
    "mountainIds": "478",
    "mountainNames": "毛無山",
    "lists": "日本二百名山|日本三百名山|甲信越百名山",
    "routes": "",
    "entryType": "",
    "trailKmToSummit": "",
    "related": "TH-w849065060(367m)",
    "attributes": "operator=富士急バス（株）; busType=民間路線バス; busRoutes=【富士五湖】富士山駅・本栖湖線 / 【富士五湖】（一部快速）富士山駅・新富士駅線 / 【富士五湖】鳴沢・精進湖・本栖湖周遊バス",
    "status": "adopted",
    "accuracyM": 10,
    "needsReview": "運行状況（季節運行・休止・予約制）を要確認",
    "sources": "国土数値情報（バス停留所データ）令和4年度（国土交通省）P11-22-19-bs2979（35.464085, 138.603075、JGD2011）を加工して作成",
    "verifiedAt": ""
   }
  },
  {
   "type": "Feature",
   "geometry": {
    "type": "Point",
    "coordinates": [
     138.6057356,
     35.463051
    ]
   },
   "properties": {
    "id": "BS-kP11-22-19-bs2980",
    "kind": "bus_stop",
    "name": "本栖入口",
    "datum": "WGS84",
    "mountainIds": "478",
    "mountainNames": "毛無山",
    "lists": "日本二百名山|日本三百名山|甲信越百名山",
    "routes": "",
    "entryType": "",
    "trailKmToSummit": "",
    "related": "TH-n7921759246(918m)",
    "attributes": "operator=富士急バス（株）; busType=民間路線バス; busRoutes=【富士五湖】富士山駅・本栖湖線 / 【富士五湖】（一部快速）富士山駅・新富士駅線",
    "status": "adopted",
    "accuracyM": 10,
    "needsReview": "運行状況（季節運行・休止・予約制）を要確認、登山口から離れている（徒歩アプローチを要確認）",
    "sources": "国土数値情報（バス停留所データ）令和4年度（国土交通省）P11-22-19-bs2980（35.463051, 138.605736、JGD2011）を加工して作成 ｜ OpenStreetMap（© OpenStreetMap contributors, ODbL 1.0）Geofabrik japan-latest.osm.pbf 2026-09-18T20:21:10Z node/7106597288",
    "verifiedAt": ""
   }
  },
  {
   "type": "Feature",
   "geometry": {
    "type": "Point",
    "coordinates": [
     138.6057356,
     35.463051
    ]
   },
   "properties": {
    "id": "BS-kP11-22-19-bs2981",
    "kind": "bus_stop",
    "name": "本栖入口",
    "datum": "WGS84",
    "mountainIds": "478",
    "mountainNames": "毛無山",
    "lists": "日本二百名山|日本三百名山|甲信越百名山",
    "routes": "",
    "entryType": "",
    "trailKmToSummit": "",
    "related": "TH-n7921759246(918m)",
    "attributes": "operator=富士急静岡バス（株）; busType=民間路線バス; busRoutes=新富士線　富士山駅～精進湖・富士宮駅～新富士駅",
    "status": "adopted",
    "accuracyM": 10,
    "needsReview": "運行状況（季節運行・休止・予約制）を要確認、登山口から離れている（徒歩アプローチを要確認）",
    "sources": "国土数値情報（バス停留所データ）令和4年度（国土交通省）P11-22-19-bs2981（35.463051, 138.605736、JGD2011）を加工して作成",
    "verifiedAt": ""
   }
  },
  {
   "type": "Feature",
   "geometry": {
    "type": "Point",
    "coordinates": [
     138.6040292,
     35.4630387
    ]
   },
   "properties": {
    "id": "BS-kP11-22-19-bs2982",
    "kind": "bus_stop",
    "name": "本栖湖",
    "datum": "WGS84",
    "mountainIds": "478",
    "mountainNames": "毛無山",
    "lists": "日本二百名山|日本三百名山|甲信越百名山",
    "routes": "",
    "entryType": "",
    "trailKmToSummit": "",
    "related": "TH-n7921759246(910m) TH-w849065060(299m)",
    "attributes": "operator=富士急静岡バス（株）; busType=民間路線バス; busRoutes=新富士線　富士山駅～精進湖・富士宮駅～新富士駅",
    "status": "adopted",
    "accuracyM": 10,
    "needsReview": "運行状況（季節運行・休止・予約制）を要確認、登山口から離れている（徒歩アプローチを要確認）",
    "sources": "国土数値情報（バス停留所データ）令和4年度（国土交通省）P11-22-19-bs2982（35.463039, 138.604029、JGD2011）を加工して作成",
    "verifiedAt": ""
   }
  },
  {
   "type": "Feature",
   "geometry": {
    "type": "Point",
    "coordinates": [
     138.5691443,
     35.4538066
    ]
   },
   "properties": {
    "id": "BS-kP11-22-19-bs3035",
    "kind": "bus_stop",
    "name": "本栖湖いこいの森キャンプ場",
    "datum": "WGS84",
    "mountainIds": "478",
    "mountainNames": "毛無山",
    "lists": "日本二百名山|日本三百名山|甲信越百名山",
    "routes": "",
    "entryType": "",
    "trailKmToSummit": "",
    "related": "TH-n7921773422(294m)",
    "attributes": "operator=身延町; busType=コミュニティバス; busRoutes=飯富本栖湖線",
    "status": "adopted",
    "accuracyM": 10,
    "needsReview": "運行状況（季節運行・休止・予約制）を要確認",
    "sources": "国土数値情報（バス停留所データ）令和4年度（国土交通省）P11-22-19-bs3035（35.453807, 138.569144、JGD2011）を加工して作成",
    "verifiedAt": ""
   }
  },
  {
   "type": "Feature",
   "geometry": {
    "type": "Point",
    "coordinates": [
     138.9302345,
     35.451694
    ]
   },
   "properties": {
    "id": "BS-kP11-22-19-bs3041",
    "kind": "bus_stop",
    "name": "山伏峠",
    "datum": "WGS84",
    "mountainIds": "451",
    "mountainNames": "御正体山",
    "lists": "日本二百名山|日本三百名山|甲信越百名山",
    "routes": "",
    "entryType": "",
    "trailKmToSummit": "",
    "related": "TH-kP11-22-19-bs3041(0m)",
    "attributes": "operator=富士急バス（株）; busType=民間路線バス; busRoutes=【富士五湖】富士山駅・道志小学校線 / 【富士五湖】森の駅旭日丘・道志小学校線 / 【富士五湖】富士河口湖高校・道志小学校線",
    "status": "adopted",
    "accuracyM": 10,
    "needsReview": "運行状況（季節運行・休止・予約制）を要確認",
    "sources": "国土数値情報（バス停留所データ）令和4年度（国土交通省）P11-22-19-bs3041（35.451694, 138.930234、JGD2011）を加工して作成 ｜ OpenStreetMap（© OpenStreetMap contributors, ODbL 1.0）Geofabrik japan-latest.osm.pbf 2026-09-18T20:21:10Z node/7825581182",
    "verifiedAt": ""
   }
  },
  {
   "type": "Feature",
   "geometry": {
    "type": "Point",
    "coordinates": [
     138.3374622,
     35.4384145
    ]
   },
   "properties": {
    "id": "BS-kP11-22-19-bs3068",
    "kind": "bus_stop",
    "name": "白石",
    "datum": "WGS84",
    "mountainIds": "473",
    "mountainNames": "笊ヶ岳",
    "lists": "日本二百名山|日本三百名山",
    "routes": "",
    "entryType": "",
    "trailKmToSummit": "",
    "related": "TH-n1280882698(884m)",
    "attributes": "operator=早川町; busType=コミュニティバス; busRoutes=はやかわ乗合バス",
    "status": "adopted",
    "accuracyM": 10,
    "needsReview": "運行状況（季節運行・休止・予約制）を要確認、登山口から離れている（徒歩アプローチを要確認）",
    "sources": "国土数値情報（バス停留所データ）令和4年度（国土交通省）P11-22-19-bs3068（35.438414, 138.337462、JGD2011）を加工して作成 ｜ OpenStreetMap（© OpenStreetMap contributors, ODbL 1.0）Geofabrik japan-latest.osm.pbf 2026-09-18T20:21:10Z node/2855280704",
    "verifiedAt": ""
   }
  },
  {
   "type": "Feature",
   "geometry": {
    "type": "Point",
    "coordinates": [
     138.9182486,
     35.4382501
    ]
   },
   "properties": {
    "id": "BS-kP11-22-19-bs3069",
    "kind": "bus_stop",
    "name": "つくし別荘地入口",
    "datum": "WGS84",
    "mountainIds": "451",
    "mountainNames": "御正体山",
    "lists": "日本二百名山|日本三百名山|甲信越百名山",
    "routes": "",
    "entryType": "",
    "trailKmToSummit": "",
    "related": "TH-n13479733854(428m)",
    "attributes": "operator=富士急バス（株）; busType=民間路線バス; busRoutes=【富士五湖】富士山駅・道志小学校線 / 【富士五湖】森の駅旭日丘・道志小学校線 / 【富士五湖】富士河口湖高校・道志小学校線",
    "status": "adopted",
    "accuracyM": 10,
    "needsReview": "運行状況（季節運行・休止・予約制）を要確認",
    "sources": "国土数値情報（バス停留所データ）令和4年度（国土交通省）P11-22-19-bs3069（35.438250, 138.918249、JGD2011）を加工して作成 ｜ OpenStreetMap（© OpenStreetMap contributors, ODbL 1.0）Geofabrik japan-latest.osm.pbf 2026-09-18T20:21:10Z node/7825703896",
    "verifiedAt": ""
   }
  },
  {
   "type": "Feature",
   "geometry": {
    "type": "Point",
    "coordinates": [
     138.9090687,
     35.4348819
    ]
   },
   "properties": {
    "id": "BS-kP11-22-19-bs3073",
    "kind": "bus_stop",
    "name": "石割の湯",
    "datum": "WGS84",
    "mountainIds": "451",
    "mountainNames": "御正体山",
    "lists": "日本二百名山|日本三百名山|甲信越百名山",
    "routes": "",
    "entryType": "",
    "trailKmToSummit": "",
    "related": "TH-w168737682(44m) TH-w168737682(44m) TH-n1610715190(894m) TH-n1610715190(894m)",
    "attributes": "operator=富士急バス（株）; busType=民間路線バス; busRoutes=【ふじっ湖号】山中湖畔右まわり：河口湖駅・市立病院・忍野八海・平野",
    "status": "adopted",
    "accuracyM": 10,
    "needsReview": "運行状況（季節運行・休止・予約制）を要確認、登山口から離れている（徒歩アプローチを要確認）",
    "sources": "国土数値情報（バス停留所データ）令和4年度（国土交通省）P11-22-19-bs3073（35.434882, 138.909069、JGD2011）を加工して作成 ｜ OpenStreetMap（© OpenStreetMap contributors, ODbL 1.0）Geofabrik japan-latest.osm.pbf 2026-09-18T20:21:10Z node/11816368031",
    "verifiedAt": ""
   }
  },
  {
   "type": "Feature",
   "geometry": {
    "type": "Point",
    "coordinates": [
     138.3336304,
     35.4346102
    ]
   },
   "properties": {
    "id": "BS-kP11-22-19-bs3075",
    "kind": "bus_stop",
    "name": "保",
    "datum": "WGS84",
    "mountainIds": "473",
    "mountainNames": "笊ヶ岳",
    "lists": "日本二百名山|日本三百名山",
    "routes": "",
    "entryType": "",
    "trailKmToSummit": "",
    "related": "TH-n1280882698(935m)",
    "attributes": "operator=早川町; busType=コミュニティバス; busRoutes=はやかわ乗合バス",
    "status": "adopted",
    "accuracyM": 10,
    "needsReview": "運行状況（季節運行・休止・予約制）を要確認、登山口から離れている（徒歩アプローチを要確認）",
    "sources": "国土数値情報（バス停留所データ）令和4年度（国土交通省）P11-22-19-bs3075（35.434610, 138.333630、JGD2011）を加工して作成 ｜ OpenStreetMap（© OpenStreetMap contributors, ODbL 1.0）Geofabrik japan-latest.osm.pbf 2026-09-18T20:21:10Z node/2861987594",
    "verifiedAt": ""
   }
  },
  {
   "type": "Feature",
   "geometry": {
    "type": "Point",
    "coordinates": [
     138.911553,
     35.4341786
    ]
   },
   "properties": {
    "id": "BS-kP11-22-19-bs3079",
    "kind": "bus_stop",
    "name": "紀文寮前",
    "datum": "WGS84",
    "mountainIds": "451",
    "mountainNames": "御正体山",
    "lists": "日本二百名山|日本三百名山|甲信越百名山",
    "routes": "",
    "entryType": "",
    "trailKmToSummit": "",
    "related": "TH-w168737682(218m) TH-n1610715190(674m)",
    "attributes": "operator=富士急バス（株）; busType=民間路線バス; busRoutes=【富士五湖】富士山駅・道志小学校線 / 【富士五湖】森の駅旭日丘・道志小学校線 / 【富士五湖】富士河口湖高校・道志小学校線",
    "status": "adopted",
    "accuracyM": 10,
    "needsReview": "運行状況（季節運行・休止・予約制）を要確認、登山口から離れている（徒歩アプローチを要確認）",
    "sources": "国土数値情報（バス停留所データ）令和4年度（国土交通省）P11-22-19-bs3079（35.434179, 138.911553、JGD2011）を加工して作成 ｜ OpenStreetMap（© OpenStreetMap contributors, ODbL 1.0）Geofabrik japan-latest.osm.pbf 2026-09-18T20:21:10Z node/7825703897",
    "verifiedAt": ""
   }
  },
  {
   "type": "Feature",
   "geometry": {
    "type": "Point",
    "coordinates": [
     138.5978751,
     35.4336274
    ]
   },
   "properties": {
    "id": "BS-kP11-22-19-bs3081",
    "kind": "bus_stop",
    "name": "県境",
    "datum": "WGS84",
    "mountainIds": "478",
    "mountainNames": "毛無山",
    "lists": "日本二百名山|日本三百名山|甲信越百名山",
    "routes": "",
    "entryType": "",
    "trailKmToSummit": "",
    "related": "TH-w489699133(542m)",
    "attributes": "operator=富士急バス（株）; busType=民間路線バス; busRoutes=【富士五湖】（一部快速）富士山駅・新富士駅線",
    "status": "adopted",
    "accuracyM": 10,
    "needsReview": "運行状況（季節運行・休止・予約制）を要確認",
    "sources": "国土数値情報（バス停留所データ）令和4年度（国土交通省）P11-22-19-bs3081（35.433627, 138.597875、JGD2011）を加工して作成",
    "verifiedAt": ""
   }
  },
  {
   "type": "Feature",
   "geometry": {
    "type": "Point",
    "coordinates": [
     138.5978751,
     35.4336274
    ]
   },
   "properties": {
    "id": "BS-kP11-22-19-bs3082",
    "kind": "bus_stop",
    "name": "県境",
    "datum": "WGS84",
    "mountainIds": "478",
    "mountainNames": "毛無山",
    "lists": "日本二百名山|日本三百名山|甲信越百名山",
    "routes": "",
    "entryType": "",
    "trailKmToSummit": "",
    "related": "TH-w489699133(542m)",
    "attributes": "operator=富士急静岡バス（株）; busType=民間路線バス; busRoutes=新富士線　富士山駅～精進湖・富士宮駅～新富士駅",
    "status": "adopted",
    "accuracyM": 10,
    "needsReview": "運行状況（季節運行・休止・予約制）を要確認",
    "sources": "国土数値情報（バス停留所データ）令和4年度（国土交通省）P11-22-19-bs3082（35.433627, 138.597875、JGD2011）を加工して作成",
    "verifiedAt": ""
   }
  },
  {
   "type": "Feature",
   "geometry": {
    "type": "Point",
    "coordinates": [
     138.9050168,
     35.4306579
    ]
   },
   "properties": {
    "id": "BS-kP11-22-19-bs3086",
    "kind": "bus_stop",
    "name": "石割山ハイキングコース入口",
    "datum": "WGS84",
    "mountainIds": "451",
    "mountainNames": "御正体山",
    "lists": "日本二百名山|日本三百名山|甲信越百名山",
    "routes": "",
    "entryType": "",
    "trailKmToSummit": "",
    "related": "TH-n5085703712(50m) TH-n5085703712(50m)",
    "attributes": "operator=富士急バス（株）; busType=民間路線バス; busRoutes=【富士五湖】富士山駅・道志小学校線 / 【ふじっ湖号】山中湖畔右まわり：河口湖駅・市立病院・忍野八海・平野 / 【富士五湖】森の駅旭日丘・道志小学校線",
    "status": "adopted",
    "accuracyM": 10,
    "needsReview": "運行状況（季節運行・休止・予約制）を要確認",
    "sources": "国土数値情報（バス停留所データ）令和4年度（国土交通省）P11-22-19-bs3086（35.430658, 138.905017、JGD2011）を加工して作成 ｜ OpenStreetMap（© OpenStreetMap contributors, ODbL 1.0）Geofabrik japan-latest.osm.pbf 2026-09-18T20:21:10Z node/1799565682",
    "verifiedAt": ""
   }
  },
  {
   "type": "Feature",
   "geometry": {
    "type": "Point",
    "coordinates": [
     138.903512,
     35.4264081
    ]
   },
   "properties": {
    "id": "BS-kP11-22-19-bs3094",
    "kind": "bus_stop",
    "name": "平野",
    "datum": "WGS84",
    "mountainIds": "451",
    "mountainNames": "御正体山",
    "lists": "日本二百名山|日本三百名山|甲信越百名山",
    "routes": "",
    "entryType": "",
    "trailKmToSummit": "",
    "related": "TH-n5085703712(539m)",
    "attributes": "operator=富士急バス（株）; busType=民間路線バス; busRoutes=【富士五湖】富士山駅・道志小学校線 / 【ふじっ湖号】山中湖畔右まわり：河口湖駅・市立病院・忍野八海・平野 / 【富士五湖】平野・月江寺駅前線",
    "status": "adopted",
    "accuracyM": 10,
    "needsReview": "運行状況（季節運行・休止・予約制）を要確認",
    "sources": "国土数値情報（バス停留所データ）令和4年度（国土交通省）P11-22-19-bs3094（35.426408, 138.903512、JGD2011）を加工して作成",
    "verifiedAt": ""
   }
  },
  {
   "type": "Feature",
   "geometry": {
    "type": "Point",
    "coordinates": [
     138.9034881,
     35.4193352
    ]
   },
   "properties": {
    "id": "BS-kP11-22-19-bs3118",
    "kind": "bus_stop",
    "name": "山中湖交流プラザ前",
    "datum": "WGS84",
    "mountainIds": "451",
    "mountainNames": "御正体山",
    "lists": "日本二百名山|日本三百名山|甲信越百名山",
    "routes": "",
    "entryType": "",
    "trailKmToSummit": "",
    "related": "TH-n390873282(927m)",
    "attributes": "operator=富士急バス（株）; busType=民間路線バス; busRoutes=【富士五湖】富士山駅・道志小学校線 / 【ふじっ湖号】山中湖畔右まわり：河口湖駅・市立病院・忍野八海・平野 / 【富士五湖】平野・月江寺駅前線",
    "status": "adopted",
    "accuracyM": 10,
    "needsReview": "運行状況（季節運行・休止・予約制）を要確認、登山口から離れている（徒歩アプローチを要確認）",
    "sources": "国土数値情報（バス停留所データ）令和4年度（国土交通省）P11-22-19-bs3118（35.419335, 138.903488、JGD2011）を加工して作成",
    "verifiedAt": ""
   }
  },
  {
   "type": "Feature",
   "geometry": {
    "type": "Point",
    "coordinates": [
     138.9030457,
     35.4173824
    ]
   },
   "properties": {
    "id": "BS-kP11-22-19-bs3121",
    "kind": "bus_stop",
    "name": "三国山ハイキングコース入口",
    "datum": "WGS84",
    "mountainIds": "451",
    "mountainNames": "御正体山",
    "lists": "日本二百名山|日本三百名山|甲信越百名山",
    "routes": "",
    "entryType": "",
    "trailKmToSummit": "",
    "related": "TH-n390873282(790m)",
    "attributes": "operator=富士急バス（株）; busType=民間路線バス; busRoutes=【富士五湖】富士山駅・道志小学校線 / 【ふじっ湖号】山中湖畔右まわり：河口湖駅・市立病院・忍野八海・平野 / 【富士五湖】平野・月江寺駅前線",
    "status": "adopted",
    "accuracyM": 10,
    "needsReview": "運行状況（季節運行・休止・予約制）を要確認、登山口から離れている（徒歩アプローチを要確認）",
    "sources": "国土数値情報（バス停留所データ）令和4年度（国土交通省）P11-22-19-bs3121（35.417382, 138.903046、JGD2011）を加工して作成",
    "verifiedAt": ""
   }
  },
  {
   "type": "Feature",
   "geometry": {
    "type": "Point",
    "coordinates": [
     138.3632898,
     35.4124454
    ]
   },
   "properties": {
    "id": "BS-kP11-22-19-bs3132",
    "kind": "bus_stop",
    "name": "早川町役場",
    "datum": "WGS84",
    "mountainIds": "491",
    "mountainNames": "七面山",
    "lists": "日本二百名山|日本三百名山|甲信越百名山",
    "routes": "",
    "entryType": "",
    "trailKmToSummit": "",
    "related": "TH-n1280892728(652m)",
    "attributes": "operator=早川町; busType=コミュニティバス; busRoutes=はやかわ乗合バス",
    "status": "adopted",
    "accuracyM": 10,
    "needsReview": "運行状況（季節運行・休止・予約制）を要確認、登山口から離れている（徒歩アプローチを要確認）",
    "sources": "国土数値情報（バス停留所データ）令和4年度（国土交通省）P11-22-19-bs3132（35.412445, 138.363290、JGD2011）を加工して作成 ｜ OpenStreetMap（© OpenStreetMap contributors, ODbL 1.0）Geofabrik japan-latest.osm.pbf 2026-09-18T20:21:10Z node/2861987596",
    "verifiedAt": ""
   }
  },
  {
   "type": "Feature",
   "geometry": {
    "type": "Point",
    "coordinates": [
     138.3581877,
     35.4110015
    ]
   },
   "properties": {
    "id": "BS-kP11-22-19-bs3136",
    "kind": "bus_stop",
    "name": "大島",
    "datum": "WGS84",
    "mountainIds": "491",
    "mountainNames": "七面山",
    "lists": "日本二百名山|日本三百名山|甲信越百名山",
    "routes": "",
    "entryType": "",
    "trailKmToSummit": "",
    "related": "TH-n1280892728(924m)",
    "attributes": "operator=早川町; busType=コミュニティバス; busRoutes=はやかわ乗合バス",
    "status": "adopted",
    "accuracyM": 10,
    "needsReview": "運行状況（季節運行・休止・予約制）を要確認、登山口から離れている（徒歩アプローチを要確認）",
    "sources": "国土数値情報（バス停留所データ）令和4年度（国土交通省）P11-22-19-bs3136（35.411001, 138.358188、JGD2011）を加工して作成",
    "verifiedAt": ""
   }
  },
  {
   "type": "Feature",
   "geometry": {
    "type": "Point",
    "coordinates": [
     138.3678467,
     35.4090387
    ]
   },
   "properties": {
    "id": "BS-kP11-22-19-bs3141",
    "kind": "bus_stop",
    "name": "七面山登山口・赤沢入口",
    "datum": "WGS84",
    "mountainIds": "491",
    "mountainNames": "七面山",
    "lists": "日本二百名山|日本三百名山|甲信越百名山",
    "routes": "",
    "entryType": "",
    "trailKmToSummit": "",
    "related": "TH-n1280892728(152m)",
    "attributes": "operator=早川町; busType=コミュニティバス; busRoutes=はやかわ乗合バス",
    "status": "adopted",
    "accuracyM": 10,
    "needsReview": "運行状況（季節運行・休止・予約制）を要確認",
    "sources": "国土数値情報（バス停留所データ）令和4年度（国土交通省）P11-22-19-bs3141（35.409039, 138.367847、JGD2011）を加工して作成",
    "verifiedAt": ""
   }
  },
  {
   "type": "Feature",
   "geometry": {
    "type": "Point",
    "coordinates": [
     138.7327479,
     35.3942525
    ]
   },
   "properties": {
    "id": "BS-kP11-22-19-bs3165",
    "kind": "bus_stop",
    "name": "富士山五合目",
    "datum": "WGS84",
    "mountainIds": "494",
    "mountainNames": "富士山",
    "lists": "日本百名山|日本二百名山|日本三百名山|甲信越百名山",
    "routes": "",
    "entryType": "",
    "trailKmToSummit": "",
    "related": "TH-kP11-22-19-bs3165(0m)",
    "attributes": "operator=富士急バス（株）; busType=民間路線バス; busRoutes=【富士五湖】富士山駅・富士山五合目線",
    "status": "adopted",
    "accuracyM": 10,
    "needsReview": "運行状況（季節運行・休止・予約制）を要確認",
    "sources": "国土数値情報（バス停留所データ）令和4年度（国土交通省）P11-22-19-bs3165（35.394252, 138.732748、JGD2011）を加工して作成",
    "verifiedAt": ""
   }
  },
  {
   "type": "Feature",
   "geometry": {
    "type": "Point",
    "coordinates": [
     138.8026669,
     35.7759999
    ]
   },
   "properties": {
    "id": "BS-kP11-22-19-bs336",
    "kind": "bus_stop",
    "name": "柳沢峠",
    "datum": "WGS84",
    "mountainIds": "388 398",
    "mountainNames": "黒川鶏冠山、大菩薩嶺",
    "lists": "甲信越百名山|日本百名山|日本二百名山|日本三百名山",
    "routes": "",
    "entryType": "",
    "trailKmToSummit": "",
    "related": "TH-n11731599406(41m)",
    "attributes": "operator=甲州市; busType=コミュニティバス; busRoutes=大菩薩峠登山口線",
    "status": "adopted",
    "accuracyM": 10,
    "needsReview": "運行状況（季節運行・休止・予約制）を要確認",
    "sources": "国土数値情報（バス停留所データ）令和4年度（国土交通省）P11-22-19-bs336（35.776000, 138.802667、JGD2011）を加工して作成",
    "verifiedAt": ""
   }
  },
  {
   "type": "Feature",
   "geometry": {
    "type": "Point",
    "coordinates": [
     138.947408,
     35.7587479
    ]
   },
   "properties": {
    "id": "BS-kP11-22-19-bs399",
    "kind": "bus_stop",
    "name": "田元橋",
    "datum": "WGS84",
    "mountainIds": "398",
    "mountainNames": "大菩薩嶺",
    "lists": "日本百名山|日本二百名山|日本三百名山|甲信越百名山",
    "routes": "",
    "entryType": "",
    "trailKmToSummit": "",
    "related": "TH-n2676914916(326m)",
    "attributes": "operator=西東京バス（株）; busType=民間路線バス; busRoutes=奥12",
    "status": "adopted",
    "accuracyM": 10,
    "needsReview": "運行状況（季節運行・休止・予約制）を要確認",
    "sources": "国土数値情報（バス停留所データ）令和4年度（国土交通省）P11-22-19-bs399（35.758748, 138.947408、JGD2011）を加工して作成 ｜ OpenStreetMap（© OpenStreetMap contributors, ODbL 1.0）Geofabrik japan-latest.osm.pbf 2026-09-18T20:21:10Z node/5792153295",
    "verifiedAt": ""
   }
  },
  {
   "type": "Feature",
   "geometry": {
    "type": "Point",
    "coordinates": [
     138.9459382,
     35.757457
    ]
   },
   "properties": {
    "id": "BS-kP11-22-19-bs403",
    "kind": "bus_stop",
    "name": "田元",
    "datum": "WGS84",
    "mountainIds": "398",
    "mountainNames": "大菩薩嶺",
    "lists": "日本百名山|日本二百名山|日本三百名山|甲信越百名山",
    "routes": "",
    "entryType": "",
    "trailKmToSummit": "",
    "related": "TH-n2676914916(173m)",
    "attributes": "operator=西東京バス（株）; busType=民間路線バス; busRoutes=奥12",
    "status": "adopted",
    "accuracyM": 10,
    "needsReview": "運行状況（季節運行・休止・予約制）を要確認",
    "sources": "国土数値情報（バス停留所データ）令和4年度（国土交通省）P11-22-19-bs403（35.757457, 138.945938、JGD2011）を加工して作成 ｜ OpenStreetMap（© OpenStreetMap contributors, ODbL 1.0）Geofabrik japan-latest.osm.pbf 2026-09-18T20:21:10Z node/5792036640",
    "verifiedAt": ""
   }
  },
  {
   "type": "Feature",
   "geometry": {
    "type": "Point",
    "coordinates": [
     138.9497943,
     35.7539888
    ]
   },
   "properties": {
    "id": "BS-kP11-22-19-bs417",
    "kind": "bus_stop",
    "name": "小菅の湯",
    "datum": "WGS84",
    "mountainIds": "398",
    "mountainNames": "大菩薩嶺",
    "lists": "日本百名山|日本二百名山|日本三百名山|甲信越百名山",
    "routes": "",
    "entryType": "",
    "trailKmToSummit": "",
    "related": "TH-n2676914916(378m)",
    "attributes": "operator=富士急バス（株）; busType=民間路線バス; busRoutes=【上野原】上野原駅～松姫峠 / 【上野原】小菅の湯～上野原駅 / 【大月】大月中央病院前・小菅の湯線",
    "status": "adopted",
    "accuracyM": 10,
    "needsReview": "運行状況（季節運行・休止・予約制）を要確認",
    "sources": "国土数値情報（バス停留所データ）令和4年度（国土交通省）P11-22-19-bs417（35.753989, 138.949794、JGD2011）を加工して作成 ｜ OpenStreetMap（© OpenStreetMap contributors, ODbL 1.0）Geofabrik japan-latest.osm.pbf 2026-09-18T20:21:10Z node/5792036634",
    "verifiedAt": ""
   }
  },
  {
   "type": "Feature",
   "geometry": {
    "type": "Point",
    "coordinates": [
     138.7553661,
     35.8625913
    ]
   },
   "properties": {
    "id": "BS-kP11-22-19-bs42",
    "kind": "bus_stop",
    "name": "西沢渓谷入口",
    "datum": "WGS84",
    "mountainIds": "365 374 383",
    "mountainNames": "甲武信ヶ岳、国師ヶ岳、乾徳山",
    "lists": "日本百名山|日本二百名山|日本三百名山|関東百名山|甲信越百名山",
    "routes": "",
    "entryType": "",
    "trailKmToSummit": "",
    "related": "TH-kP11-22-19-bs42(0m)",
    "attributes": "operator=山梨交通（株）; busType=民間路線バス; busRoutes=塩山駅～窪平～西沢渓谷線",
    "status": "adopted",
    "accuracyM": 10,
    "needsReview": "運行状況（季節運行・休止・予約制）を要確認",
    "sources": "国土数値情報（バス停留所データ）令和4年度（国土交通省）P11-22-19-bs42（35.862591, 138.755366、JGD2011）を加工して作成",
    "verifiedAt": ""
   }
  },
  {
   "type": "Feature",
   "geometry": {
    "type": "Point",
    "coordinates": [
     138.7553586,
     35.8624377
    ]
   },
   "properties": {
    "id": "BS-kP11-22-19-bs45",
    "kind": "bus_stop",
    "name": "西沢渓谷入口",
    "datum": "WGS84",
    "mountainIds": "365 374 383",
    "mountainNames": "甲武信ヶ岳、国師ヶ岳、乾徳山",
    "lists": "日本百名山|日本二百名山|日本三百名山|関東百名山|甲信越百名山",
    "routes": "",
    "entryType": "",
    "trailKmToSummit": "",
    "related": "TH-kP11-22-19-bs42(17m)",
    "attributes": "operator=山梨市; busType=コミュニティバス; busRoutes=西沢渓谷線",
    "status": "adopted",
    "accuracyM": 10,
    "needsReview": "運行状況（季節運行・休止・予約制）を要確認",
    "sources": "国土数値情報（バス停留所データ）令和4年度（国土交通省）P11-22-19-bs45（35.862438, 138.755359、JGD2011）を加工して作成",
    "verifiedAt": ""
   }
  },
  {
   "type": "Feature",
   "geometry": {
    "type": "Point",
    "coordinates": [
     138.2137268,
     35.7420675
    ]
   },
   "properties": {
    "id": "BS-kP11-22-19-bs479",
    "kind": "bus_stop",
    "name": "北沢峠",
    "datum": "WGS84",
    "mountainIds": "393 402 406 397 403 419",
    "mountainNames": "鋸岳、アサヨ峰、鳳凰山、甲斐駒ヶ岳、仙丈ヶ岳、間ノ岳",
    "lists": "日本二百名山|日本三百名山|日本百名山|甲信越百名山",
    "routes": "",
    "entryType": "",
    "trailKmToSummit": "",
    "related": "TH-n3050597003(106m) TH-n3050597003(106m) TH-n3050597003(106m) TH-n3050597003-2(61m) TH-n3050597003-2(61m) TH-n3050597003-2(61m) TH-n4359906159(397m) TH-n4359906159(397m) TH-n4359906159(397m) TH-n3050597004(415m) TH-n3050597004(415m) TH-n3050597004(415m)",
    "attributes": "operator=伊那市; busType=公営路線バス; busRoutes=南アルプス林道バス",
    "status": "adopted",
    "accuracyM": 10,
    "needsReview": "運行状況（季節運行・休止・予約制）を要確認",
    "sources": "国土数値情報（バス停留所データ）令和4年度（国土交通省）P11-22-19-bs479（35.742067, 138.213727、JGD2011）を加工して作成 ｜ OpenStreetMap（© OpenStreetMap contributors, ODbL 1.0）Geofabrik japan-latest.osm.pbf 2026-09-18T20:21:10Z node/5211746714",
    "verifiedAt": ""
   }
  },
  {
   "type": "Feature",
   "geometry": {
    "type": "Point",
    "coordinates": [
     138.8321946,
     35.7318997
    ]
   },
   "properties": {
    "id": "BS-kP11-22-19-bs524",
    "kind": "bus_stop",
    "name": "上日川峠（大菩薩）",
    "datum": "WGS84",
    "mountainIds": "388 398",
    "mountainNames": "黒川鶏冠山、大菩薩嶺",
    "lists": "甲信越百名山|日本百名山|日本二百名山|日本三百名山",
    "routes": "",
    "entryType": "",
    "trailKmToSummit": "",
    "related": "TH-kP11-22-19-bs524(0m) TH-n2031835771(801m)",
    "attributes": "operator=（株）栄和交通; busType=民間路線バス; busRoutes=大菩薩上日川峠線",
    "status": "adopted",
    "accuracyM": 10,
    "needsReview": "運行状況（季節運行・休止・予約制）を要確認、登山口から離れている（徒歩アプローチを要確認）",
    "sources": "国土数値情報（バス停留所データ）令和4年度（国土交通省）P11-22-19-bs524（35.731900, 138.832195、JGD2011）を加工して作成 ｜ OpenStreetMap（© OpenStreetMap contributors, ODbL 1.0）Geofabrik japan-latest.osm.pbf 2026-09-18T20:21:10Z node/3710217298",
    "verifiedAt": ""
   }
  },
  {
   "type": "Feature",
   "geometry": {
    "type": "Point",
    "coordinates": [
     138.7569137,
     35.8588136
    ]
   },
   "properties": {
    "id": "BS-kP11-22-19-bs53",
    "kind": "bus_stop",
    "name": "道の駅みとみ",
    "datum": "WGS84",
    "mountainIds": "365 374 383",
    "mountainNames": "甲武信ヶ岳、国師ヶ岳、乾徳山",
    "lists": "日本百名山|日本二百名山|日本三百名山|関東百名山|甲信越百名山",
    "routes": "",
    "entryType": "",
    "trailKmToSummit": "",
    "related": "TH-kP11-22-19-bs42(440m)",
    "attributes": "operator=山梨市; busType=コミュニティバス; busRoutes=西沢渓谷線",
    "status": "adopted",
    "accuracyM": 10,
    "needsReview": "運行状況（季節運行・休止・予約制）を要確認",
    "sources": "国土数値情報（バス停留所データ）令和4年度（国土交通省）P11-22-19-bs53（35.858814, 138.756914、JGD2011）を加工して作成",
    "verifiedAt": ""
   }
  },
  {
   "type": "Feature",
   "geometry": {
    "type": "Point",
    "coordinates": [
     138.8431475,
     35.7295224
    ]
   },
   "properties": {
    "id": "BS-kP11-22-19-bs536",
    "kind": "bus_stop",
    "name": "小屋平（石丸峠入口）",
    "datum": "WGS84",
    "mountainIds": "388 398 421",
    "mountainNames": "黒川鶏冠山、大菩薩嶺、滝子山",
    "lists": "甲信越百名山|日本百名山|日本二百名山|日本三百名山",
    "routes": "",
    "entryType": "",
    "trailKmToSummit": "",
    "related": "TH-kP11-22-19-bs536(0m) TH-n2031835771(867m)",
    "attributes": "operator=（株）栄和交通; busType=民間路線バス; busRoutes=大菩薩上日川峠線",
    "status": "adopted",
    "accuracyM": 10,
    "needsReview": "運行状況（季節運行・休止・予約制）を要確認、登山口から離れている（徒歩アプローチを要確認）",
    "sources": "国土数値情報（バス停留所データ）令和4年度（国土交通省）P11-22-19-bs536（35.729522, 138.843147、JGD2011）を加工して作成",
    "verifiedAt": ""
   }
  },
  {
   "type": "Feature",
   "geometry": {
    "type": "Point",
    "coordinates": [
     138.8417712,
     35.7256559
    ]
   },
   "properties": {
    "id": "BS-kP11-22-19-bs562",
    "kind": "bus_stop",
    "name": "砥山林道",
    "datum": "WGS84",
    "mountainIds": "388 398 421",
    "mountainNames": "黒川鶏冠山、大菩薩嶺、滝子山",
    "lists": "甲信越百名山|日本百名山|日本二百名山|日本三百名山",
    "routes": "",
    "entryType": "",
    "trailKmToSummit": "",
    "related": "TH-kP11-22-19-bs536(445m)",
    "attributes": "operator=（株）栄和交通; busType=民間路線バス; busRoutes=大菩薩上日川峠線",
    "status": "adopted",
    "accuracyM": 10,
    "needsReview": "運行状況（季節運行・休止・予約制）を要確認",
    "sources": "国土数値情報（バス停留所データ）令和4年度（国土交通省）P11-22-19-bs562（35.725656, 138.841771、JGD2011）を加工して作成",
    "verifiedAt": ""
   }
  },
  {
   "type": "Feature",
   "geometry": {
    "type": "Point",
    "coordinates": [
     138.8353207,
     35.7141131
    ]
   },
   "properties": {
    "id": "BS-kP11-22-19-bs622",
    "kind": "bus_stop",
    "name": "大菩薩湖入口",
    "datum": "WGS84",
    "mountainIds": "398 421",
    "mountainNames": "大菩薩嶺、滝子山",
    "lists": "日本百名山|日本二百名山|日本三百名山|甲信越百名山",
    "routes": "",
    "entryType": "",
    "trailKmToSummit": "",
    "related": "TH-kP11-22-19-bs622(0m)",
    "attributes": "operator=（株）栄和交通; busType=民間路線バス; busRoutes=大菩薩上日川峠線",
    "status": "adopted",
    "accuracyM": 10,
    "needsReview": "運行状況（季節運行・休止・予約制）を要確認",
    "sources": "国土数値情報（バス停留所データ）令和4年度（国土交通省）P11-22-19-bs622（35.714113, 138.835321、JGD2011）を加工して作成",
    "verifiedAt": ""
   }
  },
  {
   "type": "Feature",
   "geometry": {
    "type": "Point",
    "coordinates": [
     138.8289157,
     35.7099799
    ]
   },
   "properties": {
    "id": "BS-kP11-22-19-bs654",
    "kind": "bus_stop",
    "name": "すずらん昆虫館前",
    "datum": "WGS84",
    "mountainIds": "398 421",
    "mountainNames": "大菩薩嶺、滝子山",
    "lists": "日本百名山|日本二百名山|日本三百名山|甲信越百名山",
    "routes": "",
    "entryType": "",
    "trailKmToSummit": "",
    "related": "TH-kP11-22-19-bs622(737m)",
    "attributes": "operator=（株）栄和交通; busType=民間路線バス; busRoutes=大菩薩上日川峠線",
    "status": "adopted",
    "accuracyM": 10,
    "needsReview": "運行状況（季節運行・休止・予約制）を要確認、登山口から離れている（徒歩アプローチを要確認）",
    "sources": "国土数値情報（バス停留所データ）令和4年度（国土交通省）P11-22-19-bs654（35.709980, 138.828916、JGD2011）を加工して作成",
    "verifiedAt": ""
   }
  },
  {
   "type": "Feature",
   "geometry": {
    "type": "Point",
    "coordinates": [
     138.7606239,
     35.8484271
    ]
   },
   "properties": {
    "id": "BS-kP11-22-19-bs84",
    "kind": "bus_stop",
    "name": "新地平",
    "datum": "WGS84",
    "mountainIds": "365 374 383",
    "mountainNames": "甲武信ヶ岳、国師ヶ岳、乾徳山",
    "lists": "日本百名山|日本二百名山|日本三百名山|関東百名山|甲信越百名山",
    "routes": "",
    "entryType": "",
    "trailKmToSummit": "",
    "related": "TH-kP11-22-19-bs84(0m)",
    "attributes": "operator=山梨交通（株）; busType=民間路線バス; busRoutes=塩山駅～窪平～西沢渓谷線",
    "status": "adopted",
    "accuracyM": 10,
    "needsReview": "運行状況（季節運行・休止・予約制）を要確認",
    "sources": "国土数値情報（バス停留所データ）令和4年度（国土交通省）P11-22-19-bs84（35.848427, 138.760624、JGD2011）を加工して作成",
    "verifiedAt": ""
   }
  },
  {
   "type": "Feature",
   "geometry": {
    "type": "Point",
    "coordinates": [
     138.7606239,
     35.8484271
    ]
   },
   "properties": {
    "id": "BS-kP11-22-19-bs85",
    "kind": "bus_stop",
    "name": "新地平",
    "datum": "WGS84",
    "mountainIds": "365 374 383",
    "mountainNames": "甲武信ヶ岳、国師ヶ岳、乾徳山",
    "lists": "日本百名山|日本二百名山|日本三百名山|関東百名山|甲信越百名山",
    "routes": "",
    "entryType": "",
    "trailKmToSummit": "",
    "related": "TH-kP11-22-19-bs84(0m)",
    "attributes": "operator=山梨市; busType=コミュニティバス; busRoutes=西沢渓谷線",
    "status": "adopted",
    "accuracyM": 10,
    "needsReview": "運行状況（季節運行・休止・予約制）を要確認",
    "sources": "国土数値情報（バス停留所データ）令和4年度（国土交通省）P11-22-19-bs85（35.848427, 138.760624、JGD2011）を加工して作成",
    "verifiedAt": ""
   }
  },
  {
   "type": "Feature",
   "geometry": {
    "type": "Point",
    "coordinates": [
     138.7638447,
     35.8417811
    ]
   },
   "properties": {
    "id": "BS-kP11-22-19-bs98",
    "kind": "bus_stop",
    "name": "広瀬",
    "datum": "WGS84",
    "mountainIds": "365 374 383",
    "mountainNames": "甲武信ヶ岳、国師ヶ岳、乾徳山",
    "lists": "日本百名山|日本二百名山|日本三百名山|関東百名山|甲信越百名山",
    "routes": "",
    "entryType": "",
    "trailKmToSummit": "",
    "related": "TH-kP11-22-19-bs84(790m)",
    "attributes": "operator=山梨市; busType=コミュニティバス; busRoutes=西沢渓谷線",
    "status": "adopted",
    "accuracyM": 10,
    "needsReview": "運行状況（季節運行・休止・予約制）を要確認、登山口から離れている（徒歩アプローチを要確認）",
    "sources": "国土数値情報（バス停留所データ）令和4年度（国土交通省）P11-22-19-bs98（35.841781, 138.763845、JGD2011）を加工して作成",
    "verifiedAt": ""
   }
  },
  {
   "type": "Feature",
   "geometry": {
    "type": "Point",
    "coordinates": [
     138.4918805,
     36.6894246
    ]
   },
   "properties": {
    "id": "BS-kP11-22-20-bs1006",
    "kind": "bus_stop",
    "name": "笠岳",
    "datum": "WGS84",
    "mountainIds": "258",
    "mountainNames": "志賀山",
    "lists": "甲信越百名山",
    "routes": "",
    "entryType": "",
    "trailKmToSummit": "",
    "related": "TH-n484668276(825m)",
    "attributes": "operator=長電バス（株）; busType=民間路線バス; busRoutes=白根火山線",
    "status": "adopted",
    "accuracyM": 10,
    "needsReview": "運行状況（季節運行・休止・予約制）を要確認、登山口から離れている（徒歩アプローチを要確認）",
    "sources": "国土数値情報（バス停留所データ）令和4年度（国土交通省）P11-22-20-bs1006（36.689425, 138.491881、JGD2011）を加工して作成 ｜ OpenStreetMap（© OpenStreetMap contributors, ODbL 1.0）Geofabrik japan-latest.osm.pbf 2026-09-18T20:21:10Z node/5209321384",
    "verifiedAt": ""
   }
  },
  {
   "type": "Feature",
   "geometry": {
    "type": "Point",
    "coordinates": [
     138.4975451,
     36.6851875
    ]
   },
   "properties": {
    "id": "BS-kP11-22-20-bs1055",
    "kind": "bus_stop",
    "name": "ほたる温泉",
    "datum": "WGS84",
    "mountainIds": "250 258 261",
    "mountainNames": "岩菅山、志賀山、笠ヶ岳",
    "lists": "日本二百名山|日本三百名山|甲信越百名山",
    "routes": "",
    "entryType": "",
    "trailKmToSummit": "",
    "related": "TH-n5209365502(69m) TH-n5209365502(69m) TH-n3154319959(268m) TH-n5209365501(331m) TH-n5209365501(331m) TH-n3154320179(324m) TH-n3154320179(324m)",
    "attributes": "operator=長電バス（株）; busType=民間路線バス; busRoutes=白根火山線 / 急行　長野-志賀高原線　夏季冬季",
    "status": "adopted",
    "accuracyM": 10,
    "needsReview": "運行状況（季節運行・休止・予約制）を要確認",
    "sources": "国土数値情報（バス停留所データ）令和4年度（国土交通省）P11-22-20-bs1055（36.685188, 138.497545、JGD2011）を加工して作成 ｜ OpenStreetMap（© OpenStreetMap contributors, ODbL 1.0）Geofabrik japan-latest.osm.pbf 2026-09-18T20:21:10Z node/3154319957",
    "verifiedAt": ""
   }
  },
  {
   "type": "Feature",
   "geometry": {
    "type": "Point",
    "coordinates": [
     138.4960025,
     36.6850247
    ]
   },
   "properties": {
    "id": "BS-kP11-22-20-bs1058",
    "kind": "bus_stop",
    "name": "熊の湯",
    "datum": "WGS84",
    "mountainIds": "250 258 261",
    "mountainNames": "岩菅山、志賀山、笠ヶ岳",
    "lists": "日本二百名山|日本三百名山|甲信越百名山",
    "routes": "",
    "entryType": "",
    "trailKmToSummit": "",
    "related": "TH-n5209365502(151m) TH-n5209365501(427m) TH-n3154320179(245m) TH-n3154320181(913m)",
    "attributes": "operator=長電バス（株）; busType=民間路線バス; busRoutes=白根火山線 / 急行　長野-志賀高原線　夏季冬季",
    "status": "adopted",
    "accuracyM": 10,
    "needsReview": "運行状況（季節運行・休止・予約制）を要確認、登山口から離れている（徒歩アプローチを要確認）",
    "sources": "国土数値情報（バス停留所データ）令和4年度（国土交通省）P11-22-20-bs1058（36.685025, 138.496002、JGD2011）を加工して作成 ｜ OpenStreetMap（© OpenStreetMap contributors, ODbL 1.0）Geofabrik japan-latest.osm.pbf 2026-09-18T20:21:10Z node/3154319956",
    "verifiedAt": ""
   }
  },
  {
   "type": "Feature",
   "geometry": {
    "type": "Point",
    "coordinates": [
     138.4988928,
     36.6839527
    ]
   },
   "properties": {
    "id": "BS-kP11-22-20-bs1072",
    "kind": "bus_stop",
    "name": "硯川寮前",
    "datum": "WGS84",
    "mountainIds": "250 258 261",
    "mountainNames": "岩菅山、志賀山、笠ヶ岳",
    "lists": "日本二百名山|日本三百名山|甲信越百名山",
    "routes": "",
    "entryType": "",
    "trailKmToSummit": "",
    "related": "TH-n3154319959(87m) TH-n3154320181(937m)",
    "attributes": "operator=長電バス（株）; busType=民間路線バス; busRoutes=白根火山線",
    "status": "adopted",
    "accuracyM": 10,
    "needsReview": "運行状況（季節運行・休止・予約制）を要確認、登山口から離れている（徒歩アプローチを要確認）",
    "sources": "国土数値情報（バス停留所データ）令和4年度（国土交通省）P11-22-20-bs1072（36.683953, 138.498893、JGD2011）を加工して作成",
    "verifiedAt": ""
   }
  },
  {
   "type": "Feature",
   "geometry": {
    "type": "Point",
    "coordinates": [
     138.5088342,
     36.6767165
    ]
   },
   "properties": {
    "id": "BS-kP11-22-20-bs1191",
    "kind": "bus_stop",
    "name": "横手山スキー場",
    "datum": "WGS84",
    "mountainIds": "261",
    "mountainNames": "笠ヶ岳",
    "lists": "日本三百名山",
    "routes": "",
    "entryType": "",
    "trailKmToSummit": "",
    "related": "TH-n3154319958(25m) TH-n1762618418(735m)",
    "attributes": "operator=長電バス（株）; busType=民間路線バス; busRoutes=白根火山線",
    "status": "adopted",
    "accuracyM": 10,
    "needsReview": "運行状況（季節運行・休止・予約制）を要確認、登山口から離れている（徒歩アプローチを要確認）",
    "sources": "国土数値情報（バス停留所データ）令和4年度（国土交通省）P11-22-20-bs1191（36.676717, 138.508834、JGD2011）を加工して作成 ｜ OpenStreetMap（© OpenStreetMap contributors, ODbL 1.0）Geofabrik japan-latest.osm.pbf 2026-09-18T20:21:10Z node/3154319958",
    "verifiedAt": ""
   }
  },
  {
   "type": "Feature",
   "geometry": {
    "type": "Point",
    "coordinates": [
     138.2428996,
     36.8498667
    ]
   },
   "properties": {
    "id": "BS-kP11-22-20-bs163",
    "kind": "bus_stop",
    "name": "宮前",
    "datum": "WGS84",
    "mountainIds": "233",
    "mountainNames": "斑尾山",
    "lists": "日本三百名山|甲信越百名山",
    "routes": "",
    "entryType": "",
    "trailKmToSummit": "",
    "related": "TH-kP11-22-20-bs174(431m)",
    "attributes": "operator=信濃町; busType=コミュニティバス; busRoutes=古海・菅川線",
    "status": "adopted",
    "accuracyM": 10,
    "needsReview": "運行状況（季節運行・休止・予約制）を要確認",
    "sources": "国土数値情報（バス停留所データ）令和4年度（国土交通省）P11-22-20-bs163（36.849867, 138.242900、JGD2011）を加工して作成",
    "verifiedAt": ""
   }
  },
  {
   "type": "Feature",
   "geometry": {
    "type": "Point",
    "coordinates": [
     138.2454885,
     36.8491177
    ]
   },
   "properties": {
    "id": "BS-kP11-22-20-bs166",
    "kind": "bus_stop",
    "name": "旧農協前",
    "datum": "WGS84",
    "mountainIds": "233",
    "mountainNames": "斑尾山",
    "lists": "日本三百名山|甲信越百名山",
    "routes": "",
    "entryType": "",
    "trailKmToSummit": "",
    "related": "TH-kP11-22-20-bs174(248m)",
    "attributes": "operator=信濃町; busType=コミュニティバス; busRoutes=古海・菅川線",
    "status": "adopted",
    "accuracyM": 10,
    "needsReview": "運行状況（季節運行・休止・予約制）を要確認",
    "sources": "国土数値情報（バス停留所データ）令和4年度（国土交通省）P11-22-20-bs166（36.849118, 138.245489、JGD2011）を加工して作成",
    "verifiedAt": ""
   }
  },
  {
   "type": "Feature",
   "geometry": {
    "type": "Point",
    "coordinates": [
     138.2460735,
     36.8469197
    ]
   },
   "properties": {
    "id": "BS-kP11-22-20-bs174",
    "kind": "bus_stop",
    "name": "古海",
    "datum": "WGS84",
    "mountainIds": "233",
    "mountainNames": "斑尾山",
    "lists": "日本三百名山|甲信越百名山",
    "routes": "",
    "entryType": "",
    "trailKmToSummit": "",
    "related": "TH-kP11-22-20-bs174(0m)",
    "attributes": "operator=信濃町; busType=コミュニティバス; busRoutes=古海・菅川線",
    "status": "adopted",
    "accuracyM": 10,
    "needsReview": "運行状況（季節運行・休止・予約制）を要確認",
    "sources": "国土数値情報（バス停留所データ）令和4年度（国土交通省）P11-22-20-bs174（36.846920, 138.246073、JGD2011）を加工して作成",
    "verifiedAt": ""
   }
  },
  {
   "type": "Feature",
   "geometry": {
    "type": "Point",
    "coordinates": [
     138.242607,
     36.8363375
    ]
   },
   "properties": {
    "id": "BS-kP11-22-20-bs203",
    "kind": "bus_stop",
    "name": "菅川",
    "datum": "WGS84",
    "mountainIds": "233",
    "mountainNames": "斑尾山",
    "lists": "日本三百名山|甲信越百名山",
    "routes": "",
    "entryType": "",
    "trailKmToSummit": "",
    "related": "TH-kP11-22-20-bs203(0m)",
    "attributes": "operator=信濃町; busType=コミュニティバス; busRoutes=古海・菅川線",
    "status": "adopted",
    "accuracyM": 10,
    "needsReview": "運行状況（季節運行・休止・予約制）を要確認",
    "sources": "国土数値情報（バス停留所データ）令和4年度（国土交通省）P11-22-20-bs203（36.836337, 138.242607、JGD2011）を加工して作成",
    "verifiedAt": ""
   }
  },
  {
   "type": "Feature",
   "geometry": {
    "type": "Point",
    "coordinates": [
     137.721242,
     36.5593384
    ]
   },
   "properties": {
    "id": "BS-kP11-22-20-bs2536",
    "kind": "bus_stop",
    "name": "扇沢駅前",
    "datum": "WGS84",
    "mountainIds": "263 267 273 279",
    "mountainNames": "五竜岳、鹿島槍ヶ岳、爺ヶ岳中峰、針ノ木岳",
    "lists": "日本百名山|日本二百名山|日本三百名山|甲信越百名山",
    "routes": "",
    "entryType": "",
    "trailKmToSummit": "",
    "related": "TH-n1596020186(803m) TH-w244361104(139m)",
    "attributes": "operator=アルピコ交通（株）・（株）関電アメニックス; busType=民間路線バス; busRoutes=扇沢線",
    "status": "adopted",
    "accuracyM": 10,
    "needsReview": "運行状況（季節運行・休止・予約制）を要確認、登山口から離れている（徒歩アプローチを要確認）",
    "sources": "国土数値情報（バス停留所データ）令和4年度（国土交通省）P11-22-20-bs2536（36.559338, 137.721242、JGD2011）を加工して作成 ｜ OpenStreetMap（© OpenStreetMap contributors, ODbL 1.0）Geofabrik japan-latest.osm.pbf 2026-09-18T20:21:10Z node/2516859439",
    "verifiedAt": ""
   }
  },
  {
   "type": "Feature",
   "geometry": {
    "type": "Point",
    "coordinates": [
     138.3451046,
     36.5304328
    ]
   },
   "properties": {
    "id": "BS-kP11-22-20-bs2735",
    "kind": "bus_stop",
    "name": "菅平高原ダボス",
    "datum": "WGS84",
    "mountainIds": "277",
    "mountainNames": "四阿山",
    "lists": "日本百名山|日本二百名山|日本三百名山|甲信越百名山",
    "routes": "",
    "entryType": "",
    "trailKmToSummit": "",
    "related": "TH-w610873281(622m)",
    "attributes": "operator=上田バス（株）; busType=民間路線バス; busRoutes=菅平　真田　渋沢　傍陽線 / 菅平高原行き",
    "status": "adopted",
    "accuracyM": 10,
    "needsReview": "運行状況（季節運行・休止・予約制）を要確認、登山口から離れている（徒歩アプローチを要確認）",
    "sources": "国土数値情報（バス停留所データ）令和4年度（国土交通省）P11-22-20-bs2735（36.530433, 138.345105、JGD2011）を加工して作成 ｜ OpenStreetMap（© OpenStreetMap contributors, ODbL 1.0）Geofabrik japan-latest.osm.pbf 2026-09-18T20:21:10Z node/10139288828",
    "verifiedAt": ""
   }
  },
  {
   "type": "Feature",
   "geometry": {
    "type": "Point",
    "coordinates": [
     138.2655492,
     36.8115809
    ]
   },
   "properties": {
    "id": "BS-kP11-22-20-bs277",
    "kind": "bus_stop",
    "name": "上荒瀬原",
    "datum": "WGS84",
    "mountainIds": "233",
    "mountainNames": "斑尾山",
    "lists": "日本三百名山|甲信越百名山",
    "routes": "",
    "entryType": "",
    "trailKmToSummit": "",
    "related": "TH-kP11-22-20-bs279(473m)",
    "attributes": "operator=信濃町; busType=コミュニティバス; busRoutes=荒瀬原線",
    "status": "adopted",
    "accuracyM": 10,
    "needsReview": "運行状況（季節運行・休止・予約制）を要確認",
    "sources": "国土数値情報（バス停留所データ）令和4年度（国土交通省）P11-22-20-bs277（36.811581, 138.265549、JGD2011）を加工して作成",
    "verifiedAt": ""
   }
  },
  {
   "type": "Feature",
   "geometry": {
    "type": "Point",
    "coordinates": [
     138.2603061,
     36.8108917
    ]
   },
   "properties": {
    "id": "BS-kP11-22-20-bs279",
    "kind": "bus_stop",
    "name": "斑尾登山道入口",
    "datum": "WGS84",
    "mountainIds": "233",
    "mountainNames": "斑尾山",
    "lists": "日本三百名山|甲信越百名山",
    "routes": "",
    "entryType": "",
    "trailKmToSummit": "",
    "related": "TH-kP11-22-20-bs279(0m)",
    "attributes": "operator=信濃町; busType=コミュニティバス; busRoutes=荒瀬原線",
    "status": "adopted",
    "accuracyM": 10,
    "needsReview": "運行状況（季節運行・休止・予約制）を要確認",
    "sources": "国土数値情報（バス停留所データ）令和4年度（国土交通省）P11-22-20-bs279（36.810892, 138.260306、JGD2011）を加工して作成",
    "verifiedAt": ""
   }
  },
  {
   "type": "Feature",
   "geometry": {
    "type": "Point",
    "coordinates": [
     138.2568053,
     36.8097989
    ]
   },
   "properties": {
    "id": "BS-kP11-22-20-bs282",
    "kind": "bus_stop",
    "name": "下荒瀬原",
    "datum": "WGS84",
    "mountainIds": "233",
    "mountainNames": "斑尾山",
    "lists": "日本三百名山|甲信越百名山",
    "routes": "",
    "entryType": "",
    "trailKmToSummit": "",
    "related": "TH-kP11-22-20-bs279(335m)",
    "attributes": "operator=信濃町; busType=コミュニティバス; busRoutes=荒瀬原線",
    "status": "adopted",
    "accuracyM": 10,
    "needsReview": "運行状況（季節運行・休止・予約制）を要確認",
    "sources": "国土数値情報（バス停留所データ）令和4年度（国土交通省）P11-22-20-bs282（36.809799, 138.256805、JGD2011）を加工して作成",
    "verifiedAt": ""
   }
  },
  {
   "type": "Feature",
   "geometry": {
    "type": "Point",
    "coordinates": [
     138.1685237,
     36.8072171
    ]
   },
   "properties": {
    "id": "BS-kP11-22-20-bs302",
    "kind": "bus_stop",
    "name": "長水",
    "datum": "WGS84",
    "mountainIds": "239",
    "mountainNames": "黒姫山",
    "lists": "日本二百名山|日本三百名山|甲信越百名山",
    "routes": "",
    "entryType": "",
    "trailKmToSummit": "",
    "related": "TH-kP11-22-20-bs302(0m) TH-n1781006389(519m) TH-n1781006944(924m)",
    "attributes": "operator=信濃町; busType=コミュニティバス; busRoutes=長水・仁之倉線",
    "status": "adopted",
    "accuracyM": 10,
    "needsReview": "運行状況（季節運行・休止・予約制）を要確認、登山口から離れている（徒歩アプローチを要確認）",
    "sources": "国土数値情報（バス停留所データ）令和4年度（国土交通省）P11-22-20-bs302（36.807217, 138.168524、JGD2011）を加工して作成",
    "verifiedAt": ""
   }
  },
  {
   "type": "Feature",
   "geometry": {
    "type": "Point",
    "coordinates": [
     138.169509,
     36.7988511
    ]
   },
   "properties": {
    "id": "BS-kP11-22-20-bs334",
    "kind": "bus_stop",
    "name": "黒姫公会堂前",
    "datum": "WGS84",
    "mountainIds": "239",
    "mountainNames": "黒姫山",
    "lists": "日本二百名山|日本三百名山|甲信越百名山",
    "routes": "",
    "entryType": "",
    "trailKmToSummit": "",
    "related": "TH-kP11-22-20-bs302(929m)",
    "attributes": "operator=信濃町; busType=コミュニティバス; busRoutes=長水・仁之倉線",
    "status": "adopted",
    "accuracyM": 10,
    "needsReview": "運行状況（季節運行・休止・予約制）を要確認、登山口から離れている（徒歩アプローチを要確認）",
    "sources": "国土数値情報（バス停留所データ）令和4年度（国土交通省）P11-22-20-bs334（36.798851, 138.169509、JGD2011）を加工して作成",
    "verifiedAt": ""
   }
  },
  {
   "type": "Feature",
   "geometry": {
    "type": "Point",
    "coordinates": [
     137.7473467,
     36.3924464
    ]
   },
   "properties": {
    "id": "BS-kP11-22-20-bs3450",
    "kind": "bus_stop",
    "name": "中房温泉",
    "datum": "WGS84",
    "mountainIds": "288 294 305 309 299",
    "mountainNames": "餓鬼岳、燕岳、大天井岳、常念岳、有明山",
    "lists": "日本二百名山|日本三百名山|甲信越百名山|東海の百山|日本百名山",
    "routes": "",
    "entryType": "",
    "trailKmToSummit": "",
    "related": "TH-n6813833556(184m) TH-n1954467701(599m) TH-n1954467705(311m)",
    "attributes": "operator=南安タクシー（有）; busType=民間路線バス; busRoutes=中房温泉行き定期バス",
    "status": "adopted",
    "accuracyM": 10,
    "needsReview": "運行状況（季節運行・休止・予約制）を要確認",
    "sources": "国土数値情報（バス停留所データ）令和4年度（国土交通省）P11-22-20-bs3450（36.392446, 137.747347、JGD2011）を加工して作成 ｜ OpenStreetMap（© OpenStreetMap contributors, ODbL 1.0）Geofabrik japan-latest.osm.pbf 2026-09-18T20:21:10Z node/1954436411",
    "verifiedAt": ""
   }
  },
  {
   "type": "Feature",
   "geometry": {
    "type": "Point",
    "coordinates": [
     137.7492702,
     36.3875386
    ]
   },
   "properties": {
    "id": "BS-kP11-22-20-bs3493",
    "kind": "bus_stop",
    "name": "有明荘",
    "datum": "WGS84",
    "mountainIds": "288 294 305 309 299",
    "mountainNames": "餓鬼岳、燕岳、大天井岳、常念岳、有明山",
    "lists": "日本二百名山|日本三百名山|甲信越百名山|東海の百山|日本百名山",
    "routes": "",
    "entryType": "",
    "trailKmToSummit": "",
    "related": "TH-n6813833556(734m) TH-n1954467701(130m) TH-n1954467705(258m)",
    "attributes": "operator=南安タクシー（有）; busType=民間路線バス; busRoutes=中房温泉行き定期バス",
    "status": "adopted",
    "accuracyM": 10,
    "needsReview": "運行状況（季節運行・休止・予約制）を要確認、登山口から離れている（徒歩アプローチを要確認）",
    "sources": "国土数値情報（バス停留所データ）令和4年度（国土交通省）P11-22-20-bs3493（36.387539, 137.749270、JGD2011）を加工して作成 ｜ OpenStreetMap（© OpenStreetMap contributors, ODbL 1.0）Geofabrik japan-latest.osm.pbf 2026-09-18T20:21:10Z node/1954447788",
    "verifiedAt": ""
   }
  },
  {
   "type": "Feature",
   "geometry": {
    "type": "Point",
    "coordinates": [
     137.8044965,
     36.3786613
    ]
   },
   "properties": {
    "id": "BS-kP11-22-20-bs3544",
    "kind": "bus_stop",
    "name": "有明山黒川口",
    "datum": "WGS84",
    "mountainIds": "299",
    "mountainNames": "有明山",
    "lists": "日本二百名山|日本三百名山|甲信越百名山",
    "routes": "",
    "entryType": "",
    "trailKmToSummit": "",
    "related": "TH-kP11-22-20-bs3544(0m) TH-n1659666119(573m)",
    "attributes": "operator=南安タクシー（有）; busType=民間路線バス; busRoutes=中房温泉行き定期バス",
    "status": "adopted",
    "accuracyM": 10,
    "needsReview": "運行状況（季節運行・休止・予約制）を要確認",
    "sources": "国土数値情報（バス停留所データ）令和4年度（国土交通省）P11-22-20-bs3544（36.378661, 137.804496、JGD2011）を加工して作成",
    "verifiedAt": ""
   }
  },
  {
   "type": "Feature",
   "geometry": {
    "type": "Point",
    "coordinates": [
     138.1849893,
     36.7730635
    ]
   },
   "properties": {
    "id": "BS-kP11-22-20-bs448",
    "kind": "bus_stop",
    "name": "板橋",
    "datum": "WGS84",
    "mountainIds": "251",
    "mountainNames": "飯縄山",
    "lists": "日本二百名山|日本三百名山|甲信越百名山",
    "routes": "",
    "entryType": "",
    "trailKmToSummit": "",
    "related": "TH-kP11-22-20-bs463(554m)",
    "attributes": "operator=信濃町; busType=コミュニティバス; busRoutes=石橋・板橋線",
    "status": "adopted",
    "accuracyM": 10,
    "needsReview": "運行状況（季節運行・休止・予約制）を要確認",
    "sources": "国土数値情報（バス停留所データ）令和4年度（国土交通省）P11-22-20-bs448（36.773063, 138.184989、JGD2011）を加工して作成",
    "verifiedAt": ""
   }
  },
  {
   "type": "Feature",
   "geometry": {
    "type": "Point",
    "coordinates": [
     137.6358859,
     36.2458318
    ]
   },
   "properties": {
    "id": "BS-kP11-22-20-bs4500",
    "kind": "bus_stop",
    "name": "上高地",
    "datum": "WGS84",
    "mountainIds": "308 317 318 319 324 327",
    "mountainNames": "槍ヶ岳、奥穂高岳、蝶ヶ岳、西穂独標、焼岳、霞沢岳",
    "lists": "日本百名山|日本二百名山|日本三百名山|甲信越百名山|東海の百山",
    "routes": "",
    "entryType": "",
    "trailKmToSummit": "",
    "related": "TH-n2293340109(76m) TH-n2293340109(76m) TH-n6847884229(740m) TH-n1636024159(510m) TH-n1636024159(510m) TH-n1636024159(510m)",
    "attributes": "operator=アルピコ交通（株）; busType=民間路線バス; busRoutes=松本・新島々→上高地",
    "status": "adopted",
    "accuracyM": 10,
    "needsReview": "運行状況（季節運行・休止・予約制）を要確認、登山口から離れている（徒歩アプローチを要確認）",
    "sources": "国土数値情報（バス停留所データ）令和4年度（国土交通省）P11-22-20-bs4500（36.245832, 137.635886、JGD2011）を加工して作成 ｜ OpenStreetMap（© OpenStreetMap contributors, ODbL 1.0）Geofabrik japan-latest.osm.pbf 2026-09-18T20:21:10Z node/2293340109",
    "verifiedAt": ""
   }
  },
  {
   "type": "Feature",
   "geometry": {
    "type": "Point",
    "coordinates": [
     137.6353751,
     36.2457482
    ]
   },
   "properties": {
    "id": "BS-kP11-22-20-bs4501",
    "kind": "bus_stop",
    "name": "上高地バスターミナル",
    "datum": "WGS84",
    "mountainIds": "308 317 318 319 324 327",
    "mountainNames": "槍ヶ岳、奥穂高岳、蝶ヶ岳、西穂独標、焼岳、霞沢岳",
    "lists": "日本百名山|日本二百名山|日本三百名山|甲信越百名山|東海の百山",
    "routes": "",
    "entryType": "",
    "trailKmToSummit": "",
    "related": "TH-n2293340109(60m) TH-n6847884229(697m)",
    "attributes": "operator=アルピコ交通（株）; busType=民間路線バス; busRoutes=さわんど駐車場～上高地",
    "status": "adopted",
    "accuracyM": 10,
    "needsReview": "運行状況（季節運行・休止・予約制）を要確認、登山口から離れている（徒歩アプローチを要確認）",
    "sources": "国土数値情報（バス停留所データ）令和4年度（国土交通省）P11-22-20-bs4501（36.245748, 137.635375、JGD2011）を加工して作成",
    "verifiedAt": ""
   }
  },
  {
   "type": "Feature",
   "geometry": {
    "type": "Point",
    "coordinates": [
     137.6292841,
     36.2423132
    ]
   },
   "properties": {
    "id": "BS-kP11-22-20-bs4525",
    "kind": "bus_stop",
    "name": "帝国ホテル前",
    "datum": "WGS84",
    "mountainIds": "308 324 317 319",
    "mountainNames": "槍ヶ岳、焼岳、奥穂高岳、西穂独標",
    "lists": "日本百名山|日本二百名山|日本三百名山|甲信越百名山|東海の百山",
    "routes": "",
    "entryType": "",
    "trailKmToSummit": "",
    "related": "TH-n5983076569(535m) TH-n6847884229(36m)",
    "attributes": "operator=アルピコ交通（株）; busType=民間路線バス; busRoutes=松本・新島々→上高地 / さわんど駐車場～上高地",
    "status": "adopted",
    "accuracyM": 10,
    "needsReview": "運行状況（季節運行・休止・予約制）を要確認",
    "sources": "国土数値情報（バス停留所データ）令和4年度（国土交通省）P11-22-20-bs4525（36.242313, 137.629284、JGD2011）を加工して作成 ｜ OpenStreetMap（© OpenStreetMap contributors, ODbL 1.0）Geofabrik japan-latest.osm.pbf 2026-09-18T20:21:10Z node/6847884229",
    "verifiedAt": ""
   }
  },
  {
   "type": "Feature",
   "geometry": {
    "type": "Point",
    "coordinates": [
     138.1807977,
     36.7693696
    ]
   },
   "properties": {
    "id": "BS-kP11-22-20-bs463",
    "kind": "bus_stop",
    "name": "北信",
    "datum": "WGS84",
    "mountainIds": "251",
    "mountainNames": "飯縄山",
    "lists": "日本二百名山|日本三百名山|甲信越百名山",
    "routes": "",
    "entryType": "",
    "trailKmToSummit": "",
    "related": "TH-kP11-22-20-bs463(0m)",
    "attributes": "operator=信濃町; busType=コミュニティバス; busRoutes=北信・高山線",
    "status": "adopted",
    "accuracyM": 10,
    "needsReview": "運行状況（季節運行・休止・予約制）を要確認",
    "sources": "国土数値情報（バス停留所データ）令和4年度（国土交通省）P11-22-20-bs463（36.769370, 138.180798、JGD2011）を加工して作成",
    "verifiedAt": ""
   }
  },
  {
   "type": "Feature",
   "geometry": {
    "type": "Point",
    "coordinates": [
     138.0903731,
     36.7692273
    ]
   },
   "properties": {
    "id": "BS-kP11-22-20-bs464",
    "kind": "bus_stop",
    "name": "戸隠キャンプ場",
    "datum": "WGS84",
    "mountainIds": "242 245",
    "mountainNames": "高妻山、戸隠山",
    "lists": "日本百名山|日本二百名山|日本三百名山|甲信越百名山",
    "routes": "",
    "entryType": "",
    "trailKmToSummit": "",
    "related": "TH-kP11-22-20-bs464(0m) TH-n14109822687(525m)",
    "attributes": "operator=アルピコ交通（株）; busType=民間路線バス; busRoutes=ループ橋経由戸隠線",
    "status": "adopted",
    "accuracyM": 10,
    "needsReview": "運行状況（季節運行・休止・予約制）を要確認",
    "sources": "国土数値情報（バス停留所データ）令和4年度（国土交通省）P11-22-20-bs464（36.769227, 138.090373、JGD2011）を加工して作成",
    "verifiedAt": ""
   }
  },
  {
   "type": "Feature",
   "geometry": {
    "type": "Point",
    "coordinates": [
     138.0992176,
     36.2115257
    ]
   },
   "properties": {
    "id": "BS-kP11-22-20-bs4857",
    "kind": "bus_stop",
    "name": "三城荘前",
    "datum": "WGS84",
    "mountainIds": "323",
    "mountainNames": "美ヶ原",
    "lists": "日本百名山|日本二百名山|日本三百名山|甲信越百名山",
    "routes": "",
    "entryType": "",
    "trailKmToSummit": "",
    "related": "TH-kP11-22-20-bs4857(0m) TH-kP11-22-20-bs4883(406m) TH-n1631965358(961m)",
    "attributes": "operator=アルピコ交通（株）; busType=民間路線バス; busRoutes=【定期観光路線】美ヶ原高原美術館線",
    "status": "adopted",
    "accuracyM": 10,
    "needsReview": "運行状況（季節運行・休止・予約制）を要確認、登山口から離れている（徒歩アプローチを要確認）",
    "sources": "国土数値情報（バス停留所データ）令和4年度（国土交通省）P11-22-20-bs4857（36.211526, 138.099218、JGD2011）を加工して作成",
    "verifiedAt": ""
   }
  },
  {
   "type": "Feature",
   "geometry": {
    "type": "Point",
    "coordinates": [
     137.6066837,
     36.209632
    ]
   },
   "properties": {
    "id": "BS-kP11-22-20-bs4875",
    "kind": "bus_stop",
    "name": "中の湯",
    "datum": "WGS84",
    "mountainIds": "317 319 324",
    "mountainNames": "奥穂高岳、西穂独標、焼岳",
    "lists": "日本百名山|日本二百名山|日本三百名山|甲信越百名山|東海の百山",
    "routes": "",
    "entryType": "",
    "trailKmToSummit": "",
    "related": "TH-n297938948(945m) TH-n297938948(945m) TH-n297938948(945m) TH-n1636021155(163m) TH-n1636021155(163m) TH-n1636021155(163m)",
    "attributes": "operator=アルピコ交通（株）; busType=民間路線バス; busRoutes=松本・新島々→上高地 / さわんど駐車場～上高地",
    "status": "adopted",
    "accuracyM": 10,
    "needsReview": "運行状況（季節運行・休止・予約制）を要確認、登山口から離れている（徒歩アプローチを要確認）",
    "sources": "国土数値情報（バス停留所データ）令和4年度（国土交通省）P11-22-20-bs4875（36.209632, 137.606684、JGD2011）を加工して作成 ｜ OpenStreetMap（© OpenStreetMap contributors, ODbL 1.0）Geofabrik japan-latest.osm.pbf 2026-09-18T20:21:10Z node/13963910985",
    "verifiedAt": ""
   }
  },
  {
   "type": "Feature",
   "geometry": {
    "type": "Point",
    "coordinates": [
     138.1025328,
     36.2090293
    ]
   },
   "properties": {
    "id": "BS-kP11-22-20-bs4883",
    "kind": "bus_stop",
    "name": "三城",
    "datum": "WGS84",
    "mountainIds": "323",
    "mountainNames": "美ヶ原",
    "lists": "日本百名山|日本二百名山|日本三百名山|甲信越百名山",
    "routes": "",
    "entryType": "",
    "trailKmToSummit": "",
    "related": "TH-kP11-22-20-bs4857(406m) TH-kP11-22-20-bs4883(0m)",
    "attributes": "operator=アルピコ交通（株）; busType=民間路線バス; busRoutes=【定期観光路線】美ヶ原高原美術館線",
    "status": "adopted",
    "accuracyM": 10,
    "needsReview": "運行状況（季節運行・休止・予約制）を要確認",
    "sources": "国土数値情報（バス停留所データ）令和4年度（国土交通省）P11-22-20-bs4883（36.209029, 138.102533、JGD2011）を加工して作成",
    "verifiedAt": ""
   }
  },
  {
   "type": "Feature",
   "geometry": {
    "type": "Point",
    "coordinates": [
     138.1850346,
     36.7658798
    ]
   },
   "properties": {
    "id": "BS-kP11-22-20-bs492",
    "kind": "bus_stop",
    "name": "北信中",
    "datum": "WGS84",
    "mountainIds": "251",
    "mountainNames": "飯縄山",
    "lists": "日本二百名山|日本三百名山|甲信越百名山",
    "routes": "",
    "entryType": "",
    "trailKmToSummit": "",
    "related": "TH-kP11-22-20-bs463(540m)",
    "attributes": "operator=信濃町; busType=コミュニティバス; busRoutes=北信・高山線",
    "status": "adopted",
    "accuracyM": 10,
    "needsReview": "運行状況（季節運行・休止・予約制）を要確認",
    "sources": "国土数値情報（バス停留所データ）令和4年度（国土交通省）P11-22-20-bs492（36.765880, 138.185035、JGD2011）を加工して作成",
    "verifiedAt": ""
   }
  },
  {
   "type": "Feature",
   "geometry": {
    "type": "Point",
    "coordinates": [
     138.1292492,
     36.1866432
    ]
   },
   "properties": {
    "id": "BS-kP11-22-20-bs5078",
    "kind": "bus_stop",
    "name": "扉山荘前",
    "datum": "WGS84",
    "mountainIds": "323",
    "mountainNames": "美ヶ原",
    "lists": "日本百名山|日本二百名山|日本三百名山|甲信越百名山",
    "routes": "",
    "entryType": "",
    "trailKmToSummit": "",
    "related": "TH-n1631963114(241m)",
    "attributes": "operator=アルピコ交通（株）; busType=民間路線バス; busRoutes=【定期観光路線】美ヶ原高原美術館線",
    "status": "adopted",
    "accuracyM": 10,
    "needsReview": "運行状況（季節運行・休止・予約制）を要確認",
    "sources": "国土数値情報（バス停留所データ）令和4年度（国土交通省）P11-22-20-bs5078（36.186643, 138.129249、JGD2011）を加工して作成",
    "verifiedAt": ""
   }
  },
  {
   "type": "Feature",
   "geometry": {
    "type": "Point",
    "coordinates": [
     138.2113367,
     36.1214089
    ]
   },
   "properties": {
    "id": "BS-kP11-22-20-bs5421",
    "kind": "bus_stop",
    "name": "エコーバレースキー場",
    "datum": "WGS84",
    "mountainIds": "338",
    "mountainNames": "霧ヶ峰",
    "lists": "日本百名山|日本二百名山|日本三百名山|甲信越百名山",
    "routes": "",
    "entryType": "",
    "trailKmToSummit": "",
    "related": "TH-n4508967258(0m)",
    "attributes": "operator=長和町; busType=コミュニティバス; busRoutes=白樺湖線 / 姫木線",
    "status": "adopted",
    "accuracyM": 10,
    "needsReview": "運行状況（季節運行・休止・予約制）を要確認",
    "sources": "国土数値情報（バス停留所データ）令和4年度（国土交通省）P11-22-20-bs5421（36.121409, 138.211337、JGD2011）を加工して作成",
    "verifiedAt": ""
   }
  },
  {
   "type": "Feature",
   "geometry": {
    "type": "Point",
    "coordinates": [
     138.2132988,
     36.1205208
    ]
   },
   "properties": {
    "id": "BS-kP11-22-20-bs5430",
    "kind": "bus_stop",
    "name": "姫木平",
    "datum": "WGS84",
    "mountainIds": "338",
    "mountainNames": "霧ヶ峰",
    "lists": "日本百名山|日本二百名山|日本三百名山|甲信越百名山",
    "routes": "",
    "entryType": "",
    "trailKmToSummit": "",
    "related": "TH-n4508967258(202m)",
    "attributes": "operator=長和町; busType=コミュニティバス; busRoutes=白樺湖線 / 姫木線",
    "status": "adopted",
    "accuracyM": 10,
    "needsReview": "運行状況（季節運行・休止・予約制）を要確認",
    "sources": "国土数値情報（バス停留所データ）令和4年度（国土交通省）P11-22-20-bs5430（36.120521, 138.213299、JGD2011）を加工して作成",
    "verifiedAt": ""
   }
  },
  {
   "type": "Feature",
   "geometry": {
    "type": "Point",
    "coordinates": [
     138.1597298,
     36.1197374
    ]
   },
   "properties": {
    "id": "BS-kP11-22-20-bs5437",
    "kind": "bus_stop",
    "name": "八島湿原",
    "datum": "WGS84",
    "mountainIds": "338",
    "mountainNames": "霧ヶ峰",
    "lists": "日本百名山|日本二百名山|日本三百名山|甲信越百名山",
    "routes": "",
    "entryType": "",
    "trailKmToSummit": "",
    "related": "TH-w305509741(56m)",
    "attributes": "operator=アルピコ交通（株）; busType=民間路線バス; busRoutes=霧ヶ峰線 / 八島湿原線",
    "status": "adopted",
    "accuracyM": 10,
    "needsReview": "運行状況（季節運行・休止・予約制）を要確認",
    "sources": "国土数値情報（バス停留所データ）令和4年度（国土交通省）P11-22-20-bs5437（36.119737, 138.159730、JGD2011）を加工して作成 ｜ OpenStreetMap（© OpenStreetMap contributors, ODbL 1.0）Geofabrik japan-latest.osm.pbf 2026-09-18T20:21:10Z node/13832449101",
    "verifiedAt": ""
   }
  },
  {
   "type": "Feature",
   "geometry": {
    "type": "Point",
    "coordinates": [
     138.2114005,
     36.1186987
    ]
   },
   "properties": {
    "id": "BS-kP11-22-20-bs5442",
    "kind": "bus_stop",
    "name": "エコーバレー第2駐車場",
    "datum": "WGS84",
    "mountainIds": "338",
    "mountainNames": "霧ヶ峰",
    "lists": "日本百名山|日本二百名山|日本三百名山|甲信越百名山",
    "routes": "",
    "entryType": "",
    "trailKmToSummit": "",
    "related": "TH-n4508967258(300m)",
    "attributes": "operator=長和町; busType=コミュニティバス; busRoutes=白樺湖線",
    "status": "adopted",
    "accuracyM": 10,
    "needsReview": "運行状況（季節運行・休止・予約制）を要確認",
    "sources": "国土数値情報（バス停留所データ）令和4年度（国土交通省）P11-22-20-bs5442（36.118699, 138.211400、JGD2011）を加工して作成",
    "verifiedAt": ""
   }
  },
  {
   "type": "Feature",
   "geometry": {
    "type": "Point",
    "coordinates": [
     137.5650574,
     36.1147065
    ]
   },
   "properties": {
    "id": "BS-kP11-22-20-bs5458",
    "kind": "bus_stop",
    "name": "宝徳霊神",
    "datum": "WGS84",
    "mountainIds": "336",
    "mountainNames": "乗鞍岳",
    "lists": "日本百名山|日本二百名山|日本三百名山|甲信越百名山|東海の百山",
    "routes": "",
    "entryType": "",
    "trailKmToSummit": "",
    "related": "TH-n1620906347(504m)",
    "attributes": "operator=アルピコ交通（株）; busType=民間路線バス; busRoutes=乗鞍高原～乗鞍山頂（畳平）",
    "status": "adopted",
    "accuracyM": 10,
    "needsReview": "運行状況（季節運行・休止・予約制）を要確認",
    "sources": "国土数値情報（バス停留所データ）令和4年度（国土交通省）P11-22-20-bs5458（36.114706, 137.565057、JGD2011）を加工して作成 ｜ OpenStreetMap（© OpenStreetMap contributors, ODbL 1.0）Geofabrik japan-latest.osm.pbf 2026-09-18T20:21:10Z node/13234989663",
    "verifiedAt": ""
   }
  },
  {
   "type": "Feature",
   "geometry": {
    "type": "Point",
    "coordinates": [
     137.559413,
     36.1146956
    ]
   },
   "properties": {
    "id": "BS-kP11-22-20-bs5459",
    "kind": "bus_stop",
    "name": "大雪渓・肩の小屋口",
    "datum": "WGS84",
    "mountainIds": "336",
    "mountainNames": "乗鞍岳",
    "lists": "日本百名山|日本二百名山|日本三百名山|甲信越百名山|東海の百山",
    "routes": "",
    "entryType": "",
    "trailKmToSummit": "",
    "related": "TH-n1620906416(633m) TH-n1620906416(633m) TH-n1620906347(6m) TH-n1620906347(6m)",
    "attributes": "operator=アルピコ交通（株）; busType=民間路線バス; busRoutes=乗鞍岳春山バス / 乗鞍高原～乗鞍山頂（畳平）",
    "status": "adopted",
    "accuracyM": 10,
    "needsReview": "運行状況（季節運行・休止・予約制）を要確認、登山口から離れている（徒歩アプローチを要確認）",
    "sources": "国土数値情報（バス停留所データ）令和4年度（国土交通省）P11-22-20-bs5459（36.114696, 137.559413、JGD2011）を加工して作成 ｜ OpenStreetMap（© OpenStreetMap contributors, ODbL 1.0）Geofabrik japan-latest.osm.pbf 2026-09-18T20:21:10Z node/13234989664",
    "verifiedAt": ""
   }
  },
  {
   "type": "Feature",
   "geometry": {
    "type": "Point",
    "coordinates": [
     138.1875584,
     36.1038219
    ]
   },
   "properties": {
    "id": "BS-kP11-22-20-bs5535",
    "kind": "bus_stop",
    "name": "車山肩",
    "datum": "WGS84",
    "mountainIds": "338",
    "mountainNames": "霧ヶ峰",
    "lists": "日本百名山|日本二百名山|日本三百名山|甲信越百名山",
    "routes": "",
    "entryType": "",
    "trailKmToSummit": "",
    "related": "TH-kP11-22-20-bs5535(0m) TH-kP11-22-20-bs5535(0m) TH-n2819578930(989m) TH-n2819578930(989m)",
    "attributes": "operator=アルピコ交通（株）; busType=民間路線バス; busRoutes=霧ヶ峰線 / 八島湿原線",
    "status": "adopted",
    "accuracyM": 10,
    "needsReview": "運行状況（季節運行・休止・予約制）を要確認、登山口から離れている（徒歩アプローチを要確認）",
    "sources": "国土数値情報（バス停留所データ）令和4年度（国土交通省）P11-22-20-bs5535（36.103822, 138.187558、JGD2011）を加工して作成 ｜ OpenStreetMap（© OpenStreetMap contributors, ODbL 1.0）Geofabrik japan-latest.osm.pbf 2026-09-18T20:21:10Z node/2430769432",
    "verifiedAt": ""
   }
  },
  {
   "type": "Feature",
   "geometry": {
    "type": "Point",
    "coordinates": [
     138.2121899,
     36.1008198
    ]
   },
   "properties": {
    "id": "BS-kP11-22-20-bs5551",
    "kind": "bus_stop",
    "name": "車山高原",
    "datum": "WGS84",
    "mountainIds": "338",
    "mountainNames": "霧ヶ峰",
    "lists": "日本百名山|日本二百名山|日本三百名山|甲信越百名山",
    "routes": "",
    "entryType": "",
    "trailKmToSummit": "",
    "related": "TH-n4508928681(82m) TH-w664581564(178m) TH-n4508928679(833m)",
    "attributes": "operator=アルピコ交通（株）; busType=民間路線バス; busRoutes=白樺湖・車山高原線 / 蓼科高原ラウンドバス / 霧ヶ峰線",
    "status": "adopted",
    "accuracyM": 10,
    "needsReview": "運行状況（季節運行・休止・予約制）を要確認、登山口から離れている（徒歩アプローチを要確認）",
    "sources": "国土数値情報（バス停留所データ）令和4年度（国土交通省）P11-22-20-bs5551（36.100820, 138.212190、JGD2011）を加工して作成",
    "verifiedAt": ""
   }
  },
  {
   "type": "Feature",
   "geometry": {
    "type": "Point",
    "coordinates": [
     138.0795348,
     36.7561825
    ]
   },
   "properties": {
    "id": "BS-kP11-22-20-bs559",
    "kind": "bus_stop",
    "name": "戸隠奥社入口",
    "datum": "WGS84",
    "mountainIds": "242 245",
    "mountainNames": "高妻山、戸隠山",
    "lists": "日本百名山|日本二百名山|日本三百名山|甲信越百名山",
    "routes": "",
    "entryType": "",
    "trailKmToSummit": "",
    "related": "TH-n5217918522(19m) TH-n5217918522(19m) TH-n1878498136(545m) TH-n1878498738(458m) TH-n1878498738(458m)",
    "attributes": "operator=アルピコ交通（株）; busType=民間路線バス; busRoutes=ループ橋経由戸隠線",
    "status": "adopted",
    "accuracyM": 10,
    "needsReview": "運行状況（季節運行・休止・予約制）を要確認",
    "sources": "国土数値情報（バス停留所データ）令和4年度（国土交通省）P11-22-20-bs559（36.756182, 138.079535、JGD2011）を加工して作成 ｜ OpenStreetMap（© OpenStreetMap contributors, ODbL 1.0）Geofabrik japan-latest.osm.pbf 2026-09-18T20:21:10Z node/5217918522",
    "verifiedAt": ""
   }
  },
  {
   "type": "Feature",
   "geometry": {
    "type": "Point",
    "coordinates": [
     138.2810127,
     36.0842212
    ]
   },
   "properties": {
    "id": "BS-kP11-22-20-bs5647",
    "kind": "bus_stop",
    "name": "蓼科山登山口",
    "datum": "WGS84",
    "mountainIds": "337 341",
    "mountainNames": "蓼科山、北横岳",
    "lists": "日本百名山|日本二百名山|日本三百名山|甲信越百名山",
    "routes": "",
    "entryType": "",
    "trailKmToSummit": "",
    "related": "TH-n1552972129(1m)",
    "attributes": "operator=アルピコ交通（株）; busType=民間路線バス; busRoutes=蓼科高原ラウンドバス",
    "status": "adopted",
    "accuracyM": 10,
    "needsReview": "運行状況（季節運行・休止・予約制）を要確認",
    "sources": "国土数値情報（バス停留所データ）令和4年度（国土交通省）P11-22-20-bs5647（36.084221, 138.281013、JGD2011）を加工して作成 ｜ OpenStreetMap（© OpenStreetMap contributors, ODbL 1.0）Geofabrik japan-latest.osm.pbf 2026-09-18T20:21:10Z node/2938266517",
    "verifiedAt": ""
   }
  },
  {
   "type": "Feature",
   "geometry": {
    "type": "Point",
    "coordinates": [
     138.2920455,
     36.08287
    ]
   },
   "properties": {
    "id": "BS-kP11-22-20-bs5658",
    "kind": "bus_stop",
    "name": "竜源橋",
    "datum": "WGS84",
    "mountainIds": "337 341",
    "mountainNames": "蓼科山、北横岳",
    "lists": "日本百名山|日本二百名山|日本三百名山|甲信越百名山",
    "routes": "",
    "entryType": "",
    "trailKmToSummit": "",
    "related": "TH-n8448159070(118m)",
    "attributes": "operator=アルピコ交通（株）; busType=民間路線バス; busRoutes=蓼科高原ラウンドバス",
    "status": "adopted",
    "accuracyM": 10,
    "needsReview": "運行状況（季節運行・休止・予約制）を要確認",
    "sources": "国土数値情報（バス停留所データ）令和4年度（国土交通省）P11-22-20-bs5658（36.082870, 138.292046、JGD2011）を加工して作成",
    "verifiedAt": ""
   }
  },
  {
   "type": "Feature",
   "geometry": {
    "type": "Point",
    "coordinates": [
     138.3026033,
     36.068131
    ]
   },
   "properties": {
    "id": "BS-kP11-22-20-bs5799",
    "kind": "bus_stop",
    "name": "北八ヶ岳ロープウェイ",
    "datum": "WGS84",
    "mountainIds": "337 341",
    "mountainNames": "蓼科山、北横岳",
    "lists": "日本百名山|日本二百名山|日本三百名山|甲信越百名山",
    "routes": "",
    "entryType": "",
    "trailKmToSummit": "",
    "related": "TH-n861177869(33m) TH-n4507147817(351m) TH-n3136515207(770m)",
    "attributes": "operator=アルピコ交通（株）; busType=民間路線バス; busRoutes=北八ヶ岳ロープウェイ線 / 蓼科高原ラウンドバス",
    "status": "adopted",
    "accuracyM": 10,
    "needsReview": "運行状況（季節運行・休止・予約制）を要確認、登山口から離れている（徒歩アプローチを要確認）",
    "sources": "国土数値情報（バス停留所データ）令和4年度（国土交通省）P11-22-20-bs5799（36.068131, 138.302603、JGD2011）を加工して作成 ｜ OpenStreetMap（© OpenStreetMap contributors, ODbL 1.0）Geofabrik japan-latest.osm.pbf 2026-09-18T20:21:10Z node/3137960988",
    "verifiedAt": ""
   }
  },
  {
   "type": "Feature",
   "geometry": {
    "type": "Point",
    "coordinates": [
     138.2995884,
     36.065456
    ]
   },
   "properties": {
    "id": "BS-kP11-22-20-bs5834",
    "kind": "bus_stop",
    "name": "三菱重工・三井化学保養所前",
    "datum": "WGS84",
    "mountainIds": "337 341",
    "mountainNames": "蓼科山、北横岳",
    "lists": "日本百名山|日本二百名山|日本三百名山|甲信越百名山",
    "routes": "",
    "entryType": "",
    "trailKmToSummit": "",
    "related": "TH-n861177869(413m) TH-n4507147817(752m)",
    "attributes": "operator=アルピコ交通（株）; busType=民間路線バス; busRoutes=北八ヶ岳ロープウェイ線 / 蓼科高原ラウンドバス",
    "status": "adopted",
    "accuracyM": 10,
    "needsReview": "運行状況（季節運行・休止・予約制）を要確認、登山口から離れている（徒歩アプローチを要確認）",
    "sources": "国土数値情報（バス停留所データ）令和4年度（国土交通省）P11-22-20-bs5834（36.065456, 138.299588、JGD2011）を加工して作成",
    "verifiedAt": ""
   }
  },
  {
   "type": "Feature",
   "geometry": {
    "type": "Point",
    "coordinates": [
     138.2992738,
     36.0630758
    ]
   },
   "properties": {
    "id": "BS-kP11-22-20-bs5869",
    "kind": "bus_stop",
    "name": "蓼科国際ホテル村前",
    "datum": "WGS84",
    "mountainIds": "337 341",
    "mountainNames": "蓼科山、北横岳",
    "lists": "日本百名山|日本二百名山|日本三百名山|甲信越百名山",
    "routes": "",
    "entryType": "",
    "trailKmToSummit": "",
    "related": "TH-n861177869(652m) TH-n4507147817(982m)",
    "attributes": "operator=アルピコ交通（株）; busType=民間路線バス; busRoutes=北八ヶ岳ロープウェイ線 / 蓼科高原ラウンドバス",
    "status": "adopted",
    "accuracyM": 10,
    "needsReview": "運行状況（季節運行・休止・予約制）を要確認、登山口から離れている（徒歩アプローチを要確認）",
    "sources": "国土数値情報（バス停留所データ）令和4年度（国土交通省）P11-22-20-bs5869（36.063076, 138.299274、JGD2011）を加工して作成",
    "verifiedAt": ""
   }
  },
  {
   "type": "Feature",
   "geometry": {
    "type": "Point",
    "coordinates": [
     138.3720374,
     36.0630398
    ]
   },
   "properties": {
    "id": "BS-kP11-22-20-bs5870",
    "kind": "bus_stop",
    "name": "諏訪門",
    "datum": "WGS84",
    "mountainIds": "350 355",
    "mountainNames": "天狗岳、八ヶ岳",
    "lists": "日本二百名山|日本三百名山|甲信越百名山|日本百名山",
    "routes": "",
    "entryType": "",
    "trailKmToSummit": "",
    "related": "TH-kP11-22-20-bs5870(0m)",
    "attributes": "operator=千曲バス（株）; busType=民間路線バス; busRoutes=白駒線",
    "status": "adopted",
    "accuracyM": 10,
    "needsReview": "運行状況（季節運行・休止・予約制）を要確認",
    "sources": "国土数値情報（バス停留所データ）令和4年度（国土交通省）P11-22-20-bs5870（36.063040, 138.372037、JGD2011）を加工して作成",
    "verifiedAt": ""
   }
  },
  {
   "type": "Feature",
   "geometry": {
    "type": "Point",
    "coordinates": [
     138.3461696,
     36.0589475
    ]
   },
   "properties": {
    "id": "BS-kP11-22-20-bs5924",
    "kind": "bus_stop",
    "name": "麦草峠",
    "datum": "WGS84",
    "mountainIds": "337 341 350 355",
    "mountainNames": "蓼科山、北横岳、天狗岳、八ヶ岳",
    "lists": "日本百名山|日本二百名山|日本三百名山|甲信越百名山",
    "routes": "",
    "entryType": "",
    "trailKmToSummit": "",
    "related": "TH-n1548420958(8m) TH-n1548420958(8m) TH-n1814376845(945m)",
    "attributes": "operator=千曲バス（株）; busType=民間路線バス; busRoutes=白駒線",
    "status": "adopted",
    "accuracyM": 10,
    "needsReview": "運行状況（季節運行・休止・予約制）を要確認、登山口から離れている（徒歩アプローチを要確認）",
    "sources": "国土数値情報（バス停留所データ）令和4年度（国土交通省）P11-22-20-bs5924（36.058948, 138.346170、JGD2011）を加工して作成 ｜ OpenStreetMap（© OpenStreetMap contributors, ODbL 1.0）Geofabrik japan-latest.osm.pbf 2026-09-18T20:21:10Z node/9118982414",
    "verifiedAt": ""
   }
  },
  {
   "type": "Feature",
   "geometry": {
    "type": "Point",
    "coordinates": [
     138.3461696,
     36.0589475
    ]
   },
   "properties": {
    "id": "BS-kP11-22-20-bs5925",
    "kind": "bus_stop",
    "name": "麦草峠",
    "datum": "WGS84",
    "mountainIds": "337 341 350 355",
    "mountainNames": "蓼科山、北横岳、天狗岳、八ヶ岳",
    "lists": "日本百名山|日本二百名山|日本三百名山|甲信越百名山",
    "routes": "",
    "entryType": "",
    "trailKmToSummit": "",
    "related": "TH-n1548420958(8m)",
    "attributes": "operator=アルピコ交通（株）; busType=民間路線バス; busRoutes=麦草峠線",
    "status": "adopted",
    "accuracyM": 10,
    "needsReview": "運行状況（季節運行・休止・予約制）を要確認",
    "sources": "国土数値情報（バス停留所データ）令和4年度（国土交通省）P11-22-20-bs5925（36.058948, 138.346170、JGD2011）を加工して作成",
    "verifiedAt": ""
   }
  },
  {
   "type": "Feature",
   "geometry": {
    "type": "Point",
    "coordinates": [
     138.3279258,
     36.0572137
    ]
   },
   "properties": {
    "id": "BS-kP11-22-20-bs5945",
    "kind": "bus_stop",
    "name": "岩小場",
    "datum": "WGS84",
    "mountainIds": "341",
    "mountainNames": "北横岳",
    "lists": "甲信越百名山",
    "routes": "",
    "entryType": "",
    "trailKmToSummit": "",
    "related": "TH-n270628416(168m)",
    "attributes": "operator=アルピコ交通（株）; busType=民間路線バス; busRoutes=麦草峠線",
    "status": "adopted",
    "accuracyM": 10,
    "needsReview": "運行状況（季節運行・休止・予約制）を要確認",
    "sources": "国土数値情報（バス停留所データ）令和4年度（国土交通省）P11-22-20-bs5945（36.057214, 138.327926、JGD2011）を加工して作成",
    "verifiedAt": ""
   }
  },
  {
   "type": "Feature",
   "geometry": {
    "type": "Point",
    "coordinates": [
     138.3559329,
     36.0555536
    ]
   },
   "properties": {
    "id": "BS-kP11-22-20-bs5967",
    "kind": "bus_stop",
    "name": "白駒の池",
    "datum": "WGS84",
    "mountainIds": "350 355",
    "mountainNames": "天狗岳、八ヶ岳",
    "lists": "日本二百名山|日本三百名山|甲信越百名山|日本百名山",
    "routes": "",
    "entryType": "",
    "trailKmToSummit": "",
    "related": "TH-n1814376845(28m)",
    "attributes": "operator=アルピコ交通（株）; busType=民間路線バス; busRoutes=麦草峠線",
    "status": "adopted",
    "accuracyM": 10,
    "needsReview": "運行状況（季節運行・休止・予約制）を要確認",
    "sources": "国土数値情報（バス停留所データ）令和4年度（国土交通省）P11-22-20-bs5967（36.055554, 138.355933、JGD2011）を加工して作成 ｜ OpenStreetMap（© OpenStreetMap contributors, ODbL 1.0）Geofabrik japan-latest.osm.pbf 2026-09-18T20:21:10Z node/9118982361",
    "verifiedAt": ""
   }
  },
  {
   "type": "Feature",
   "geometry": {
    "type": "Point",
    "coordinates": [
     138.3557618,
     36.055413
    ]
   },
   "properties": {
    "id": "BS-kP11-22-20-bs5971",
    "kind": "bus_stop",
    "name": "白駒池入口",
    "datum": "WGS84",
    "mountainIds": "350 355",
    "mountainNames": "天狗岳、八ヶ岳",
    "lists": "日本二百名山|日本三百名山|甲信越百名山|日本百名山",
    "routes": "",
    "entryType": "",
    "trailKmToSummit": "",
    "related": "TH-n1814376845(6m)",
    "attributes": "operator=千曲バス（株）; busType=民間路線バス; busRoutes=白駒線",
    "status": "adopted",
    "accuracyM": 10,
    "needsReview": "運行状況（季節運行・休止・予約制）を要確認",
    "sources": "国土数値情報（バス停留所データ）令和4年度（国土交通省）P11-22-20-bs5971（36.055413, 138.355762、JGD2011）を加工して作成",
    "verifiedAt": ""
   }
  },
  {
   "type": "Feature",
   "geometry": {
    "type": "Point",
    "coordinates": [
     138.0787384,
     36.7507942
    ]
   },
   "properties": {
    "id": "BS-kP11-22-20-bs611",
    "kind": "bus_stop",
    "name": "森林植物園",
    "datum": "WGS84",
    "mountainIds": "242 245",
    "mountainNames": "高妻山、戸隠山",
    "lists": "日本百名山|日本二百名山|日本三百名山|甲信越百名山",
    "routes": "",
    "entryType": "",
    "trailKmToSummit": "",
    "related": "TH-n5217918522(587m) TH-n1878498136(173m) TH-n1878498738(703m)",
    "attributes": "operator=アルピコ交通（株）; busType=民間路線バス; busRoutes=ループ橋経由戸隠線",
    "status": "adopted",
    "accuracyM": 10,
    "needsReview": "運行状況（季節運行・休止・予約制）を要確認、登山口から離れている（徒歩アプローチを要確認）",
    "sources": "国土数値情報（バス停留所データ）令和4年度（国土交通省）P11-22-20-bs611（36.750794, 138.078738、JGD2011）を加工して作成 ｜ OpenStreetMap（© OpenStreetMap contributors, ODbL 1.0）Geofabrik japan-latest.osm.pbf 2026-09-18T20:21:10Z node/13910979011",
    "verifiedAt": ""
   }
  },
  {
   "type": "Feature",
   "geometry": {
    "type": "Point",
    "coordinates": [
     138.2995202,
     36.0340695
    ]
   },
   "properties": {
    "id": "BS-kP11-22-20-bs6180",
    "kind": "bus_stop",
    "name": "ヴィラ奥蓼科入口",
    "datum": "WGS84",
    "mountainIds": "350 355",
    "mountainNames": "天狗岳、八ヶ岳",
    "lists": "日本二百名山|日本三百名山|甲信越百名山|日本百名山",
    "routes": "",
    "entryType": "",
    "trailKmToSummit": "",
    "related": "TH-kP11-22-20-bs6193(907m)",
    "attributes": "operator=アルピコ交通（株）; busType=民間路線バス; busRoutes=奥蓼科渋の湯線",
    "status": "adopted",
    "accuracyM": 10,
    "needsReview": "運行状況（季節運行・休止・予約制）を要確認、登山口から離れている（徒歩アプローチを要確認）",
    "sources": "国土数値情報（バス停留所データ）令和4年度（国土交通省）P11-22-20-bs6180（36.034069, 138.299520、JGD2011）を加工して作成",
    "verifiedAt": ""
   }
  },
  {
   "type": "Feature",
   "geometry": {
    "type": "Point",
    "coordinates": [
     138.3095206,
     36.0330799
    ]
   },
   "properties": {
    "id": "BS-kP11-22-20-bs6193",
    "kind": "bus_stop",
    "name": "辰野館前",
    "datum": "WGS84",
    "mountainIds": "350 355",
    "mountainNames": "天狗岳、八ヶ岳",
    "lists": "日本二百名山|日本三百名山|甲信越百名山|日本百名山",
    "routes": "",
    "entryType": "",
    "trailKmToSummit": "",
    "related": "TH-kP11-22-20-bs6193(0m)",
    "attributes": "operator=アルピコ交通（株）; busType=民間路線バス; busRoutes=奥蓼科渋の湯線",
    "status": "adopted",
    "accuracyM": 10,
    "needsReview": "運行状況（季節運行・休止・予約制）を要確認",
    "sources": "国土数値情報（バス停留所データ）令和4年度（国土交通省）P11-22-20-bs6193（36.033080, 138.309521、JGD2011）を加工して作成",
    "verifiedAt": ""
   }
  },
  {
   "type": "Feature",
   "geometry": {
    "type": "Point",
    "coordinates": [
     138.078046,
     36.746961
    ]
   },
   "properties": {
    "id": "BS-kP11-22-20-bs640",
    "kind": "bus_stop",
    "name": "鏡池入口",
    "datum": "WGS84",
    "mountainIds": "242 245",
    "mountainNames": "高妻山、戸隠山",
    "lists": "日本百名山|日本二百名山|日本三百名山|甲信越百名山",
    "routes": "",
    "entryType": "",
    "trailKmToSummit": "",
    "related": "TH-n1878498136(525m)",
    "attributes": "operator=アルピコ交通（株）; busType=民間路線バス; busRoutes=ループ橋経由戸隠線",
    "status": "adopted",
    "accuracyM": 10,
    "needsReview": "運行状況（季節運行・休止・予約制）を要確認",
    "sources": "国土数値情報（バス停留所データ）令和4年度（国土交通省）P11-22-20-bs640（36.746961, 138.078046、JGD2011）を加工して作成",
    "verifiedAt": ""
   }
  },
  {
   "type": "Feature",
   "geometry": {
    "type": "Point",
    "coordinates": [
     137.8012004,
     36.7457594
    ]
   },
   "properties": {
    "id": "BS-kP11-22-20-bs655",
    "kind": "bus_stop",
    "name": "猿倉",
    "datum": "WGS84",
    "mountainIds": "248 253 260",
    "mountainNames": "白馬岳、鑓ヶ岳、唐松岳",
    "lists": "日本百名山|日本二百名山|日本三百名山|甲信越百名山",
    "routes": "",
    "entryType": "",
    "trailKmToSummit": "",
    "related": "TH-kP11-22-20-bs655(0m)",
    "attributes": "operator=アルピコ交通（株）; busType=民間路線バス; busRoutes=白馬駅-白馬八方-猿倉線",
    "status": "adopted",
    "accuracyM": 10,
    "needsReview": "運行状況（季節運行・休止・予約制）を要確認",
    "sources": "国土数値情報（バス停留所データ）令和4年度（国土交通省）P11-22-20-bs655（36.745759, 137.801200、JGD2011）を加工して作成",
    "verifiedAt": ""
   }
  },
  {
   "type": "Feature",
   "geometry": {
    "type": "Point",
    "coordinates": [
     137.9217561,
     35.887894
    ]
   },
   "properties": {
    "id": "BS-kP11-22-20-bs6807",
    "kind": "bus_stop",
    "name": "羽広",
    "datum": "WGS84",
    "mountainIds": "364",
    "mountainNames": "経ヶ岳",
    "lists": "日本二百名山|日本三百名山|甲信越百名山",
    "routes": "",
    "entryType": "",
    "trailKmToSummit": "",
    "related": "TH-n1587794760(592m)",
    "attributes": "operator=伊那市; busType=コミュニティバス; busRoutes=西箕輪線",
    "status": "adopted",
    "accuracyM": 10,
    "needsReview": "運行状況（季節運行・休止・予約制）を要確認",
    "sources": "国土数値情報（バス停留所データ）令和4年度（国土交通省）P11-22-20-bs6807（35.887894, 137.921756、JGD2011）を加工して作成",
    "verifiedAt": ""
   }
  },
  {
   "type": "Feature",
   "geometry": {
    "type": "Point",
    "coordinates": [
     137.9209374,
     35.8844597
    ]
   },
   "properties": {
    "id": "BS-kP11-22-20-bs6825",
    "kind": "bus_stop",
    "name": "古屋敷",
    "datum": "WGS84",
    "mountainIds": "364",
    "mountainNames": "経ヶ岳",
    "lists": "日本二百名山|日本三百名山|甲信越百名山",
    "routes": "",
    "entryType": "",
    "trailKmToSummit": "",
    "related": "TH-n1587794760(668m)",
    "attributes": "operator=伊那市; busType=コミュニティバス; busRoutes=西箕輪線",
    "status": "adopted",
    "accuracyM": 10,
    "needsReview": "運行状況（季節運行・休止・予約制）を要確認、登山口から離れている（徒歩アプローチを要確認）",
    "sources": "国土数値情報（バス停留所データ）令和4年度（国土交通省）P11-22-20-bs6825（35.884460, 137.920937、JGD2011）を加工して作成",
    "verifiedAt": ""
   }
  },
  {
   "type": "Feature",
   "geometry": {
    "type": "Point",
    "coordinates": [
     137.9184377,
     35.8823113
    ]
   },
   "properties": {
    "id": "BS-kP11-22-20-bs6836",
    "kind": "bus_stop",
    "name": "みはらしの湯（羽広荘）",
    "datum": "WGS84",
    "mountainIds": "364",
    "mountainNames": "経ヶ岳",
    "lists": "日本二百名山|日本三百名山|甲信越百名山",
    "routes": "",
    "entryType": "",
    "trailKmToSummit": "",
    "related": "TH-n1587794760(722m)",
    "attributes": "operator=伊那市; busType=コミュニティバス; busRoutes=西箕輪線",
    "status": "adopted",
    "accuracyM": 10,
    "needsReview": "運行状況（季節運行・休止・予約制）を要確認、登山口から離れている（徒歩アプローチを要確認）",
    "sources": "国土数値情報（バス停留所データ）令和4年度（国土交通省）P11-22-20-bs6836（35.882311, 137.918438、JGD2011）を加工して作成",
    "verifiedAt": ""
   }
  },
  {
   "type": "Feature",
   "geometry": {
    "type": "Point",
    "coordinates": [
     137.5593728,
     35.8722911
    ]
   },
   "properties": {
    "id": "BS-kP11-22-20-bs6886",
    "kind": "bus_stop",
    "name": "田中支店",
    "datum": "WGS84",
    "mountainIds": "370",
    "mountainNames": "御嶽山",
    "lists": "日本百名山|日本二百名山|日本三百名山|甲信越百名山|東海の百山",
    "routes": "",
    "entryType": "",
    "trailKmToSummit": "",
    "related": "TH-n1389094650(969m)",
    "attributes": "operator=木曽町; busType=コミュニティバス; busRoutes=スクール混乗　赤岩巣線",
    "status": "adopted",
    "accuracyM": 10,
    "needsReview": "運行状況（季節運行・休止・予約制）を要確認、登山口から離れている（徒歩アプローチを要確認）",
    "sources": "国土数値情報（バス停留所データ）令和4年度（国土交通省）P11-22-20-bs6886（35.872291, 137.559373、JGD2011）を加工して作成",
    "verifiedAt": ""
   }
  },
  {
   "type": "Feature",
   "geometry": {
    "type": "Point",
    "coordinates": [
     138.5154734,
     36.7416247
    ]
   },
   "properties": {
    "id": "BS-kP11-22-20-bs693",
    "kind": "bus_stop",
    "name": "一の瀬寮",
    "datum": "WGS84",
    "mountainIds": "250 258",
    "mountainNames": "岩菅山、志賀山",
    "lists": "日本二百名山|日本三百名山|甲信越百名山",
    "routes": "",
    "entryType": "",
    "trailKmToSummit": "",
    "related": "TH-n1070200019(361m)",
    "attributes": "operator=長電バス（株）; busType=民間路線バス; busRoutes=奥志賀高原線",
    "status": "adopted",
    "accuracyM": 10,
    "needsReview": "運行状況（季節運行・休止・予約制）を要確認",
    "sources": "国土数値情報（バス停留所データ）令和4年度（国土交通省）P11-22-20-bs693（36.741625, 138.515473、JGD2011）を加工して作成",
    "verifiedAt": ""
   }
  },
  {
   "type": "Feature",
   "geometry": {
    "type": "Point",
    "coordinates": [
     138.0849545,
     36.741342
    ]
   },
   "properties": {
    "id": "BS-kP11-22-20-bs696",
    "kind": "bus_stop",
    "name": "戸隠中社",
    "datum": "WGS84",
    "mountainIds": "251",
    "mountainNames": "飯縄山",
    "lists": "日本二百名山|日本三百名山|甲信越百名山",
    "routes": "",
    "entryType": "",
    "trailKmToSummit": "",
    "related": "TH-w1381632848(195m)",
    "attributes": "operator=アルピコ交通（株）; busType=民間路線バス; busRoutes=ループ橋経由戸隠線 / 県道戸隠線",
    "status": "adopted",
    "accuracyM": 10,
    "needsReview": "運行状況（季節運行・休止・予約制）を要確認",
    "sources": "国土数値情報（バス停留所データ）令和4年度（国土交通省）P11-22-20-bs696（36.741342, 138.084954、JGD2011）を加工して作成 ｜ OpenStreetMap（© OpenStreetMap contributors, ODbL 1.0）Geofabrik japan-latest.osm.pbf 2026-09-18T20:21:10Z node/4440468091",
    "verifiedAt": ""
   }
  },
  {
   "type": "Feature",
   "geometry": {
    "type": "Point",
    "coordinates": [
     138.5133749,
     36.7391991
    ]
   },
   "properties": {
    "id": "BS-kP11-22-20-bs714",
    "kind": "bus_stop",
    "name": "一の瀬スキー場",
    "datum": "WGS84",
    "mountainIds": "250 258",
    "mountainNames": "岩菅山、志賀山",
    "lists": "日本二百名山|日本三百名山|甲信越百名山",
    "routes": "",
    "entryType": "",
    "trailKmToSummit": "",
    "related": "TH-n1070200019(54m) TH-n1070200019(54m)",
    "attributes": "operator=長電バス（株）; busType=民間路線バス; busRoutes=奥志賀高原線 / 急行　長野-志賀高原線　夏季冬季",
    "status": "adopted",
    "accuracyM": 10,
    "needsReview": "運行状況（季節運行・休止・予約制）を要確認",
    "sources": "国土数値情報（バス停留所データ）令和4年度（国土交通省）P11-22-20-bs714（36.739199, 138.513375、JGD2011）を加工して作成 ｜ OpenStreetMap（© OpenStreetMap contributors, ODbL 1.0）Geofabrik japan-latest.osm.pbf 2026-09-18T20:21:10Z node/3154319949",
    "verifiedAt": ""
   }
  },
  {
   "type": "Feature",
   "geometry": {
    "type": "Point",
    "coordinates": [
     138.0856895,
     36.7389048
    ]
   },
   "properties": {
    "id": "BS-kP11-22-20-bs717",
    "kind": "bus_stop",
    "name": "中社大門",
    "datum": "WGS84",
    "mountainIds": "251",
    "mountainNames": "飯縄山",
    "lists": "日本二百名山|日本三百名山|甲信越百名山",
    "routes": "",
    "entryType": "",
    "trailKmToSummit": "",
    "related": "TH-w1381632848(263m)",
    "attributes": "operator=アルピコ交通（株）; busType=民間路線バス; busRoutes=ループ橋経由戸隠線 / 県道戸隠線",
    "status": "adopted",
    "accuracyM": 10,
    "needsReview": "運行状況（季節運行・休止・予約制）を要確認",
    "sources": "国土数値情報（バス停留所データ）令和4年度（国土交通省）P11-22-20-bs717（36.738905, 138.085689、JGD2011）を加工して作成 ｜ OpenStreetMap（© OpenStreetMap contributors, ODbL 1.0）Geofabrik japan-latest.osm.pbf 2026-09-18T20:21:10Z node/5217932423",
    "verifiedAt": ""
   }
  },
  {
   "type": "Feature",
   "geometry": {
    "type": "Point",
    "coordinates": [
     138.1791165,
     36.7384567
    ]
   },
   "properties": {
    "id": "BS-kP11-22-20-bs720",
    "kind": "bus_stop",
    "name": "西ペンション村",
    "datum": "WGS84",
    "mountainIds": "251",
    "mountainNames": "飯縄山",
    "lists": "日本二百名山|日本三百名山|甲信越百名山",
    "routes": "",
    "entryType": "",
    "trailKmToSummit": "",
    "related": "TH-kP11-22-20-bs738(333m)",
    "attributes": "operator=長電バス（株）; busType=民間路線バス; busRoutes=飯綱温泉線",
    "status": "adopted",
    "accuracyM": 10,
    "needsReview": "運行状況（季節運行・休止・予約制）を要確認",
    "sources": "国土数値情報（バス停留所データ）令和4年度（国土交通省）P11-22-20-bs720（36.738457, 138.179117、JGD2011）を加工して作成",
    "verifiedAt": ""
   }
  },
  {
   "type": "Feature",
   "geometry": {
    "type": "Point",
    "coordinates": [
     138.130924,
     35.7767847
    ]
   },
   "properties": {
    "id": "BS-kP11-22-20-bs7294",
    "kind": "bus_stop",
    "name": "戸台大橋",
    "datum": "WGS84",
    "mountainIds": "393 397 402 403",
    "mountainNames": "鋸岳、甲斐駒ヶ岳、アサヨ峰、仙丈ヶ岳",
    "lists": "日本二百名山|日本三百名山|日本百名山|甲信越百名山",
    "routes": "",
    "entryType": "",
    "trailKmToSummit": "",
    "related": "TH-n4349370418(17m)",
    "attributes": "operator=伊那市; busType=公営路線バス; busRoutes=南アルプス林道バス",
    "status": "adopted",
    "accuracyM": 10,
    "needsReview": "運行状況（季節運行・休止・予約制）を要確認",
    "sources": "国土数値情報（バス停留所データ）令和4年度（国土交通省）P11-22-20-bs7294（35.776785, 138.130924、JGD2011）を加工して作成 ｜ OpenStreetMap（© OpenStreetMap contributors, ODbL 1.0）Geofabrik japan-latest.osm.pbf 2026-09-18T20:21:10Z node/4349370418",
    "verifiedAt": ""
   }
  },
  {
   "type": "Feature",
   "geometry": {
    "type": "Point",
    "coordinates": [
     137.8351202,
     35.7679905
    ]
   },
   "properties": {
    "id": "BS-kP11-22-20-bs7324",
    "kind": "bus_stop",
    "name": "しらび平（駒ヶ岳ロープウェイ）",
    "datum": "WGS84",
    "mountainIds": "389 391 405 407",
    "mountainNames": "木曽駒ヶ岳、宝剣岳、空木岳、南駒ヶ岳",
    "lists": "日本百名山|日本二百名山|日本三百名山|甲信越百名山|東海の百山",
    "routes": "",
    "entryType": "",
    "trailKmToSummit": "",
    "related": "TH-w41377981-2(115m)",
    "attributes": "operator=伊那バス（株）; busType=民間路線バス; busRoutes=駒ヶ岳ロープウェイバス",
    "status": "adopted",
    "accuracyM": 10,
    "needsReview": "運行状況（季節運行・休止・予約制）を要確認",
    "sources": "国土数値情報（バス停留所データ）令和4年度（国土交通省）P11-22-20-bs7324（35.767990, 137.835120、JGD2011）を加工して作成 ｜ OpenStreetMap（© OpenStreetMap contributors, ODbL 1.0）Geofabrik japan-latest.osm.pbf 2026-09-18T20:21:10Z node/1985518297",
    "verifiedAt": ""
   }
  },
  {
   "type": "Feature",
   "geometry": {
    "type": "Point",
    "coordinates": [
     137.8351202,
     35.7679905
    ]
   },
   "properties": {
    "id": "BS-kP11-22-20-bs7325",
    "kind": "bus_stop",
    "name": "しらび平（駒ヶ岳ロープウェイ）",
    "datum": "WGS84",
    "mountainIds": "389 391 405 407",
    "mountainNames": "木曽駒ヶ岳、宝剣岳、空木岳、南駒ヶ岳",
    "lists": "日本百名山|日本二百名山|日本三百名山|甲信越百名山|東海の百山",
    "routes": "",
    "entryType": "",
    "trailKmToSummit": "",
    "related": "TH-w41377981-2(115m)",
    "attributes": "operator=中央アルプス観光（株）; busType=民間路線バス; busRoutes=駒ヶ岳ロープウェイ線",
    "status": "adopted",
    "accuracyM": 10,
    "needsReview": "運行状況（季節運行・休止・予約制）を要確認",
    "sources": "国土数値情報（バス停留所データ）令和4年度（国土交通省）P11-22-20-bs7325（35.767990, 137.835120、JGD2011）を加工して作成",
    "verifiedAt": ""
   }
  },
  {
   "type": "Feature",
   "geometry": {
    "type": "Point",
    "coordinates": [
     138.0849699,
     36.7365703
    ]
   },
   "properties": {
    "id": "BS-kP11-22-20-bs733",
    "kind": "bus_stop",
    "name": "戸隠営業所",
    "datum": "WGS84",
    "mountainIds": "251",
    "mountainNames": "飯縄山",
    "lists": "日本二百名山|日本三百名山|甲信越百名山",
    "routes": "",
    "entryType": "",
    "trailKmToSummit": "",
    "related": "TH-w1381632848(524m)",
    "attributes": "operator=アルピコ交通（株）; busType=民間路線バス; busRoutes=ループ橋経由戸隠線 / 県道戸隠線",
    "status": "adopted",
    "accuracyM": 10,
    "needsReview": "運行状況（季節運行・休止・予約制）を要確認",
    "sources": "国土数値情報（バス停留所データ）令和4年度（国土交通省）P11-22-20-bs733（36.736570, 138.084970、JGD2011）を加工して作成",
    "verifiedAt": ""
   }
  },
  {
   "type": "Feature",
   "geometry": {
    "type": "Point",
    "coordinates": [
     137.8576972,
     35.7589394
    ]
   },
   "properties": {
    "id": "BS-kP11-22-20-bs7332",
    "kind": "bus_stop",
    "name": "中電取入口",
    "datum": "WGS84",
    "mountainIds": "389 391 405 407 411",
    "mountainNames": "木曽駒ヶ岳、宝剣岳、空木岳、南駒ヶ岳、越百山",
    "lists": "日本百名山|日本二百名山|日本三百名山|甲信越百名山|東海の百山",
    "routes": "",
    "entryType": "",
    "trailKmToSummit": "",
    "related": "TH-n1601877541(458m)",
    "attributes": "operator=伊那バス（株）; busType=民間路線バス; busRoutes=駒ヶ岳ロープウェイバス",
    "status": "adopted",
    "accuracyM": 10,
    "needsReview": "運行状況（季節運行・休止・予約制）を要確認",
    "sources": "国土数値情報（バス停留所データ）令和4年度（国土交通省）P11-22-20-bs7332（35.758939, 137.857697、JGD2011）を加工して作成",
    "verifiedAt": ""
   }
  },
  {
   "type": "Feature",
   "geometry": {
    "type": "Point",
    "coordinates": [
     138.1844397,
     35.7573391
    ]
   },
   "properties": {
    "id": "BS-kP11-22-20-bs7334",
    "kind": "bus_stop",
    "name": "歌宿",
    "datum": "WGS84",
    "mountainIds": "393 397 402 403",
    "mountainNames": "鋸岳、甲斐駒ヶ岳、アサヨ峰、仙丈ヶ岳",
    "lists": "日本二百名山|日本三百名山|日本百名山|甲信越百名山",
    "routes": "",
    "entryType": "",
    "trailKmToSummit": "",
    "related": "TH-n4865978352(17m)",
    "attributes": "operator=伊那市; busType=公営路線バス; busRoutes=南アルプス林道バス",
    "status": "adopted",
    "accuracyM": 10,
    "needsReview": "運行状況（季節運行・休止・予約制）を要確認",
    "sources": "国土数値情報（バス停留所データ）令和4年度（国土交通省）P11-22-20-bs7334（35.757339, 138.184440、JGD2011）を加工して作成 ｜ OpenStreetMap（© OpenStreetMap contributors, ODbL 1.0）Geofabrik japan-latest.osm.pbf 2026-09-18T20:21:10Z node/4865978352",
    "verifiedAt": ""
   }
  },
  {
   "type": "Feature",
   "geometry": {
    "type": "Point",
    "coordinates": [
     137.8583448,
     35.7539186
    ]
   },
   "properties": {
    "id": "BS-kP11-22-20-bs7335",
    "kind": "bus_stop",
    "name": "桧尾橋",
    "datum": "WGS84",
    "mountainIds": "389 391 405 407 411",
    "mountainNames": "木曽駒ヶ岳、宝剣岳、空木岳、南駒ヶ岳、越百山",
    "lists": "日本百名山|日本二百名山|日本三百名山|甲信越百名山|東海の百山",
    "routes": "",
    "entryType": "",
    "trailKmToSummit": "",
    "related": "TH-n1601877541(100m)",
    "attributes": "operator=伊那バス（株）; busType=民間路線バス; busRoutes=駒ヶ岳ロープウェイバス",
    "status": "adopted",
    "accuracyM": 10,
    "needsReview": "運行状況（季節運行・休止・予約制）を要確認",
    "sources": "国土数値情報（バス停留所データ）令和4年度（国土交通省）P11-22-20-bs7335（35.753919, 137.858345、JGD2011）を加工して作成",
    "verifiedAt": ""
   }
  },
  {
   "type": "Feature",
   "geometry": {
    "type": "Point",
    "coordinates": [
     137.8583448,
     35.7539186
    ]
   },
   "properties": {
    "id": "BS-kP11-22-20-bs7336",
    "kind": "bus_stop",
    "name": "桧尾橋",
    "datum": "WGS84",
    "mountainIds": "389 391 405 407 411",
    "mountainNames": "木曽駒ヶ岳、宝剣岳、空木岳、南駒ヶ岳、越百山",
    "lists": "日本百名山|日本二百名山|日本三百名山|甲信越百名山|東海の百山",
    "routes": "",
    "entryType": "",
    "trailKmToSummit": "",
    "related": "TH-n1601877541(100m)",
    "attributes": "operator=中央アルプス観光（株）; busType=民間路線バス; busRoutes=駒ヶ岳ロープウェイ線",
    "status": "adopted",
    "accuracyM": 10,
    "needsReview": "運行状況（季節運行・休止・予約制）を要確認",
    "sources": "国土数値情報（バス停留所データ）令和4年度（国土交通省）P11-22-20-bs7336（35.753919, 137.858345、JGD2011）を加工して作成",
    "verifiedAt": ""
   }
  },
  {
   "type": "Feature",
   "geometry": {
    "type": "Point",
    "coordinates": [
     138.0806459,
     35.7426758
    ]
   },
   "properties": {
    "id": "BS-kP11-22-20-bs7357",
    "kind": "bus_stop",
    "name": "市野瀬公民館",
    "datum": "WGS84",
    "mountainIds": "403",
    "mountainNames": "仙丈ヶ岳",
    "lists": "日本百名山|日本二百名山|日本三百名山|甲信越百名山",
    "routes": "",
    "entryType": "",
    "trailKmToSummit": "",
    "related": "TH-n1587981086(823m)",
    "attributes": "operator=伊那市; busType=コミュニティバス; busRoutes=長谷循環バス",
    "status": "adopted",
    "accuracyM": 10,
    "needsReview": "運行状況（季節運行・休止・予約制）を要確認、登山口から離れている（徒歩アプローチを要確認）",
    "sources": "国土数値情報（バス停留所データ）令和4年度（国土交通省）P11-22-20-bs7357（35.742676, 138.080646、JGD2011）を加工して作成",
    "verifiedAt": ""
   }
  },
  {
   "type": "Feature",
   "geometry": {
    "type": "Point",
    "coordinates": [
     138.0802161,
     35.740285
    ]
   },
   "properties": {
    "id": "BS-kP11-22-20-bs7364",
    "kind": "bus_stop",
    "name": "上村",
    "datum": "WGS84",
    "mountainIds": "403",
    "mountainNames": "仙丈ヶ岳",
    "lists": "日本百名山|日本二百名山|日本三百名山|甲信越百名山",
    "routes": "",
    "entryType": "",
    "trailKmToSummit": "",
    "related": "TH-n1587981086(881m)",
    "attributes": "operator=伊那市; busType=コミュニティバス; busRoutes=長谷循環バス",
    "status": "adopted",
    "accuracyM": 10,
    "needsReview": "運行状況（季節運行・休止・予約制）を要確認、登山口から離れている（徒歩アプローチを要確認）",
    "sources": "国土数値情報（バス停留所データ）令和4年度（国土交通省）P11-22-20-bs7364（35.740285, 138.080216、JGD2011）を加工して作成",
    "verifiedAt": ""
   }
  },
  {
   "type": "Feature",
   "geometry": {
    "type": "Point",
    "coordinates": [
     138.176833,
     36.7360777
    ]
   },
   "properties": {
    "id": "BS-kP11-22-20-bs738",
    "kind": "bus_stop",
    "name": "上村",
    "datum": "WGS84",
    "mountainIds": "251",
    "mountainNames": "飯縄山",
    "lists": "日本二百名山|日本三百名山|甲信越百名山",
    "routes": "",
    "entryType": "",
    "trailKmToSummit": "",
    "related": "TH-kP11-22-20-bs738(0m)",
    "attributes": "operator=長電バス（株）; busType=民間路線バス; busRoutes=飯綱温泉線",
    "status": "adopted",
    "accuracyM": 10,
    "needsReview": "運行状況（季節運行・休止・予約制）を要確認",
    "sources": "国土数値情報（バス停留所データ）令和4年度（国土交通省）P11-22-20-bs738（36.736078, 138.176833、JGD2011）を加工して作成",
    "verifiedAt": ""
   }
  },
  {
   "type": "Feature",
   "geometry": {
    "type": "Point",
    "coordinates": [
     138.5124347,
     36.7355221
    ]
   },
   "properties": {
    "id": "BS-kP11-22-20-bs743",
    "kind": "bus_stop",
    "name": "一の瀬",
    "datum": "WGS84",
    "mountainIds": "250",
    "mountainNames": "岩菅山",
    "lists": "日本二百名山|日本三百名山|甲信越百名山",
    "routes": "",
    "entryType": "",
    "trailKmToSummit": "",
    "related": "TH-n1070200092(223m)",
    "attributes": "operator=長電バス（株）; busType=民間路線バス; busRoutes=奥志賀高原線 / 急行　長野-志賀高原線　夏季冬季",
    "status": "adopted",
    "accuracyM": 10,
    "needsReview": "運行状況（季節運行・休止・予約制）を要確認",
    "sources": "国土数値情報（バス停留所データ）令和4年度（国土交通省）P11-22-20-bs743（36.735522, 138.512435、JGD2011）を加工して作成 ｜ OpenStreetMap（© OpenStreetMap contributors, ODbL 1.0）Geofabrik japan-latest.osm.pbf 2026-09-18T20:21:10Z node/3154319947",
    "verifiedAt": ""
   }
  },
  {
   "type": "Feature",
   "geometry": {
    "type": "Point",
    "coordinates": [
     137.6205682,
     35.6158752
    ]
   },
   "properties": {
    "id": "BS-kP11-22-20-bs7465",
    "kind": "bus_stop",
    "name": "上の原ポンプ庫",
    "datum": "WGS84",
    "mountainIds": "424",
    "mountainNames": "南木曽岳",
    "lists": "日本三百名山|甲信越百名山|東海の百山",
    "routes": "",
    "entryType": "",
    "trailKmToSummit": "",
    "related": "TH-n1370694050(774m)",
    "attributes": "operator=南木曽町; busType=コミュニティバス; busRoutes=与川線（南木曾駅行き・向田行き）",
    "status": "adopted",
    "accuracyM": 10,
    "needsReview": "運行状況（季節運行・休止・予約制）を要確認、登山口から離れている（徒歩アプローチを要確認）",
    "sources": "国土数値情報（バス停留所データ）令和4年度（国土交通省）P11-22-20-bs7465（35.615875, 137.620568、JGD2011）を加工して作成",
    "verifiedAt": ""
   }
  },
  {
   "type": "Feature",
   "geometry": {
    "type": "Point",
    "coordinates": [
     137.8805303,
     35.614715
    ]
   },
   "properties": {
    "id": "BS-kP11-22-20-bs7466",
    "kind": "bus_stop",
    "name": "清流苑",
    "datum": "WGS84",
    "mountainIds": "420",
    "mountainNames": "安平路山",
    "lists": "日本二百名山|日本三百名山",
    "routes": "",
    "entryType": "",
    "trailKmToSummit": "",
    "related": "TH-n8879060969(933m)",
    "attributes": "operator=松川町; busType=コミュニティバス; busRoutes=松川フルーツバス　大島循環 / 松川フルーツバス　上片桐循環 / 松川フルーツバス　生田循環　峠部奈線",
    "status": "adopted",
    "accuracyM": 10,
    "needsReview": "運行状況（季節運行・休止・予約制）を要確認、登山口から離れている（徒歩アプローチを要確認）",
    "sources": "国土数値情報（バス停留所データ）令和4年度（国土交通省）P11-22-20-bs7466（35.614715, 137.880530、JGD2011）を加工して作成",
    "verifiedAt": ""
   }
  },
  {
   "type": "Feature",
   "geometry": {
    "type": "Point",
    "coordinates": [
     137.8757169,
     35.6110268
    ]
   },
   "properties": {
    "id": "BS-kP11-22-20-bs7472",
    "kind": "bus_stop",
    "name": "西山",
    "datum": "WGS84",
    "mountainIds": "420",
    "mountainNames": "安平路山",
    "lists": "日本二百名山|日本三百名山",
    "routes": "",
    "entryType": "",
    "trailKmToSummit": "",
    "related": "TH-n8879060969(843m)",
    "attributes": "operator=松川町; busType=コミュニティバス; busRoutes=松川フルーツバス　大島循環",
    "status": "adopted",
    "accuracyM": 10,
    "needsReview": "運行状況（季節運行・休止・予約制）を要確認、登山口から離れている（徒歩アプローチを要確認）",
    "sources": "国土数値情報（バス停留所データ）令和4年度（国土交通省）P11-22-20-bs7472（35.611027, 137.875717、JGD2011）を加工して作成",
    "verifiedAt": ""
   }
  },
  {
   "type": "Feature",
   "geometry": {
    "type": "Point",
    "coordinates": [
     137.6111079,
     35.6080412
    ]
   },
   "properties": {
    "id": "BS-kP11-22-20-bs7480",
    "kind": "bus_stop",
    "name": "なぎそこども園",
    "datum": "WGS84",
    "mountainIds": "424",
    "mountainNames": "南木曽岳",
    "lists": "日本三百名山|甲信越百名山|東海の百山",
    "routes": "",
    "entryType": "",
    "trailKmToSummit": "",
    "related": "TH-n1370694050(562m)",
    "attributes": "operator=南木曽町; busType=コミュニティバス; busRoutes=北部線　中学校スクールバス・小学校スクールバス・通園バス",
    "status": "adopted",
    "accuracyM": 10,
    "needsReview": "運行状況（季節運行・休止・予約制）を要確認",
    "sources": "国土数値情報（バス停留所データ）令和4年度（国土交通省）P11-22-20-bs7480（35.608041, 137.611108、JGD2011）を加工して作成",
    "verifiedAt": ""
   }
  },
  {
   "type": "Feature",
   "geometry": {
    "type": "Point",
    "coordinates": [
     137.6121782,
     35.6060898
    ]
   },
   "properties": {
    "id": "BS-kP11-22-20-bs7484",
    "kind": "bus_stop",
    "name": "南木曽小学校",
    "datum": "WGS84",
    "mountainIds": "424",
    "mountainNames": "南木曽岳",
    "lists": "日本三百名山|甲信越百名山|東海の百山",
    "routes": "",
    "entryType": "",
    "trailKmToSummit": "",
    "related": "TH-n1370694050(580m)",
    "attributes": "operator=南木曽町; busType=コミュニティバス; busRoutes=北部線　中学校スクールバス・小学校スクールバス・通園バス / 与川線（南木曾駅行き・向田行き）",
    "status": "adopted",
    "accuracyM": 10,
    "needsReview": "運行状況（季節運行・休止・予約制）を要確認",
    "sources": "国土数値情報（バス停留所データ）令和4年度（国土交通省）P11-22-20-bs7484（35.606090, 137.612178、JGD2011）を加工して作成",
    "verifiedAt": ""
   }
  },
  {
   "type": "Feature",
   "geometry": {
    "type": "Point",
    "coordinates": [
     138.1761857,
     36.7337719
    ]
   },
   "properties": {
    "id": "BS-kP11-22-20-bs754",
    "kind": "bus_stop",
    "name": "上村南",
    "datum": "WGS84",
    "mountainIds": "251",
    "mountainNames": "飯縄山",
    "lists": "日本二百名山|日本三百名山|甲信越百名山",
    "routes": "",
    "entryType": "",
    "trailKmToSummit": "",
    "related": "TH-kP11-22-20-bs738(261m)",
    "attributes": "operator=長電バス（株）; busType=民間路線バス; busRoutes=飯綱温泉線",
    "status": "adopted",
    "accuracyM": 10,
    "needsReview": "運行状況（季節運行・休止・予約制）を要確認",
    "sources": "国土数値情報（バス停留所データ）令和4年度（国土交通省）P11-22-20-bs754（36.733772, 138.176186、JGD2011）を加工して作成",
    "verifiedAt": ""
   }
  },
  {
   "type": "Feature",
   "geometry": {
    "type": "Point",
    "coordinates": [
     138.5092649,
     36.7337167
    ]
   },
   "properties": {
    "id": "BS-kP11-22-20-bs757",
    "kind": "bus_stop",
    "name": "高天ヶ原寮前",
    "datum": "WGS84",
    "mountainIds": "250",
    "mountainNames": "岩菅山",
    "lists": "日本二百名山|日本三百名山|甲信越百名山",
    "routes": "",
    "entryType": "",
    "trailKmToSummit": "",
    "related": "TH-n1070200092(244m)",
    "attributes": "operator=長電バス（株）; busType=民間路線バス; busRoutes=奥志賀高原線",
    "status": "adopted",
    "accuracyM": 10,
    "needsReview": "運行状況（季節運行・休止・予約制）を要確認",
    "sources": "国土数値情報（バス停留所データ）令和4年度（国土交通省）P11-22-20-bs757（36.733717, 138.509265、JGD2011）を加工して作成",
    "verifiedAt": ""
   }
  },
  {
   "type": "Feature",
   "geometry": {
    "type": "Point",
    "coordinates": [
     138.5073555,
     36.7308109
    ]
   },
   "properties": {
    "id": "BS-kP11-22-20-bs775",
    "kind": "bus_stop",
    "name": "高天ヶ原",
    "datum": "WGS84",
    "mountainIds": "250 258",
    "mountainNames": "岩菅山、志賀山",
    "lists": "日本二百名山|日本三百名山|甲信越百名山",
    "routes": "",
    "entryType": "",
    "trailKmToSummit": "",
    "related": "TH-n1070200092(512m) TH-n1759063938(713m)",
    "attributes": "operator=長電バス（株）; busType=民間路線バス; busRoutes=奥志賀高原線 / 急行　長野-志賀高原線　夏季冬季",
    "status": "adopted",
    "accuracyM": 10,
    "needsReview": "運行状況（季節運行・休止・予約制）を要確認、登山口から離れている（徒歩アプローチを要確認）",
    "sources": "国土数値情報（バス停留所データ）令和4年度（国土交通省）P11-22-20-bs775（36.730811, 138.507355、JGD2011）を加工して作成 ｜ OpenStreetMap（© OpenStreetMap contributors, ODbL 1.0）Geofabrik japan-latest.osm.pbf 2026-09-18T20:21:10Z node/3154319946",
    "verifiedAt": ""
   }
  },
  {
   "type": "Feature",
   "geometry": {
    "type": "Point",
    "coordinates": [
     137.6688048,
     35.5121109
    ]
   },
   "properties": {
    "id": "BS-kP11-22-20-bs7846",
    "kind": "bus_stop",
    "name": "ふるさと村自然園",
    "datum": "WGS84",
    "mountainIds": "455",
    "mountainNames": "富士見台高原",
    "lists": "東海の百山",
    "routes": "",
    "entryType": "",
    "trailKmToSummit": "",
    "related": "TH-n9681906796(429m)",
    "attributes": "operator=阿智村; busType=コミュニティバス; busRoutes=W5　巡回バス　清内路線",
    "status": "adopted",
    "accuracyM": 10,
    "needsReview": "運行状況（季節運行・休止・予約制）を要確認",
    "sources": "国土数値情報（バス停留所データ）令和4年度（国土交通省）P11-22-20-bs7846（35.512111, 137.668805、JGD2011）を加工して作成",
    "verifiedAt": ""
   }
  },
  {
   "type": "Feature",
   "geometry": {
    "type": "Point",
    "coordinates": [
     138.5086964,
     36.7253751
    ]
   },
   "properties": {
    "id": "BS-kP11-22-20-bs808",
    "kind": "bus_stop",
    "name": "発哺温泉",
    "datum": "WGS84",
    "mountainIds": "250 258",
    "mountainNames": "岩菅山、志賀山",
    "lists": "日本二百名山|日本三百名山|甲信越百名山",
    "routes": "",
    "entryType": "",
    "trailKmToSummit": "",
    "related": "TH-n1759063938(223m)",
    "attributes": "operator=長電バス（株）; busType=民間路線バス; busRoutes=奥志賀高原線 / 急行　長野-志賀高原線　夏季冬季",
    "status": "adopted",
    "accuracyM": 10,
    "needsReview": "運行状況（季節運行・休止・予約制）を要確認",
    "sources": "国土数値情報（バス停留所データ）令和4年度（国土交通省）P11-22-20-bs808（36.725375, 138.508696、JGD2011）を加工して作成 ｜ OpenStreetMap（© OpenStreetMap contributors, ODbL 1.0）Geofabrik japan-latest.osm.pbf 2026-09-18T20:21:10Z node/3154319945",
    "verifiedAt": ""
   }
  },
  {
   "type": "Feature",
   "geometry": {
    "type": "Point",
    "coordinates": [
     138.5130953,
     36.7225419
    ]
   },
   "properties": {
    "id": "BS-kP11-22-20-bs824",
    "kind": "bus_stop",
    "name": "発哺入口",
    "datum": "WGS84",
    "mountainIds": "250 258",
    "mountainNames": "岩菅山、志賀山",
    "lists": "日本二百名山|日本三百名山|甲信越百名山",
    "routes": "",
    "entryType": "",
    "trailKmToSummit": "",
    "related": "TH-n1759063938(335m)",
    "attributes": "operator=長電バス（株）; busType=民間路線バス; busRoutes=奥志賀高原線",
    "status": "adopted",
    "accuracyM": 10,
    "needsReview": "運行状況（季節運行・休止・予約制）を要確認",
    "sources": "国土数値情報（バス停留所データ）令和4年度（国土交通省）P11-22-20-bs824（36.722542, 138.513095、JGD2011）を加工して作成",
    "verifiedAt": ""
   }
  },
  {
   "type": "Feature",
   "geometry": {
    "type": "Point",
    "coordinates": [
     138.1167703,
     36.7108972
    ]
   },
   "properties": {
    "id": "BS-kP11-22-20-bs893",
    "kind": "bus_stop",
    "name": "一の鳥居",
    "datum": "WGS84",
    "mountainIds": "251",
    "mountainNames": "飯縄山",
    "lists": "日本二百名山|日本三百名山|甲信越百名山",
    "routes": "",
    "entryType": "",
    "trailKmToSummit": "",
    "related": "TH-kP11-22-20-bs899(810m)",
    "attributes": "operator=アルピコ交通（株）; busType=民間路線バス; busRoutes=ループ橋経由戸隠線",
    "status": "adopted",
    "accuracyM": 10,
    "needsReview": "運行状況（季節運行・休止・予約制）を要確認、登山口から離れている（徒歩アプローチを要確認）",
    "sources": "国土数値情報（バス停留所データ）令和4年度（国土交通省）P11-22-20-bs893（36.710897, 138.116770、JGD2011）を加工して作成",
    "verifiedAt": ""
   }
  },
  {
   "type": "Feature",
   "geometry": {
    "type": "Point",
    "coordinates": [
     138.1258382,
     36.710495
    ]
   },
   "properties": {
    "id": "BS-kP11-22-20-bs899",
    "kind": "bus_stop",
    "name": "飯綱登山口",
    "datum": "WGS84",
    "mountainIds": "251",
    "mountainNames": "飯縄山",
    "lists": "日本二百名山|日本三百名山|甲信越百名山",
    "routes": "",
    "entryType": "",
    "trailKmToSummit": "",
    "related": "TH-kP11-22-20-bs899(0m)",
    "attributes": "operator=アルピコ交通（株）; busType=民間路線バス; busRoutes=ループ橋経由戸隠線",
    "status": "adopted",
    "accuracyM": 10,
    "needsReview": "運行状況（季節運行・休止・予約制）を要確認",
    "sources": "国土数値情報（バス停留所データ）令和4年度（国土交通省）P11-22-20-bs899（36.710495, 138.125838、JGD2011）を加工して作成 ｜ OpenStreetMap（© OpenStreetMap contributors, ODbL 1.0）Geofabrik japan-latest.osm.pbf 2026-09-18T20:21:10Z node/4440468090",
    "verifiedAt": ""
   }
  },
  {
   "type": "Feature",
   "geometry": {
    "type": "Point",
    "coordinates": [
     138.1315312,
     36.7087449
    ]
   },
   "properties": {
    "id": "BS-kP11-22-20-bs908",
    "kind": "bus_stop",
    "name": "ウエストサイド飯綱",
    "datum": "WGS84",
    "mountainIds": "251",
    "mountainNames": "飯縄山",
    "lists": "日本二百名山|日本三百名山|甲信越百名山",
    "routes": "",
    "entryType": "",
    "trailKmToSummit": "",
    "related": "TH-kP11-22-20-bs899(544m)",
    "attributes": "operator=アルピコ交通（株）; busType=民間路線バス; busRoutes=ループ橋経由戸隠線",
    "status": "adopted",
    "accuracyM": 10,
    "needsReview": "運行状況（季節運行・休止・予約制）を要確認",
    "sources": "国土数値情報（バス停留所データ）令和4年度（国土交通省）P11-22-20-bs908（36.708745, 138.131531、JGD2011）を加工して作成",
    "verifiedAt": ""
   }
  },
  {
   "type": "Feature",
   "geometry": {
    "type": "Point",
    "coordinates": [
     138.4913165,
     36.6980306
    ]
   },
   "properties": {
    "id": "BS-kP11-22-20-bs971",
    "kind": "bus_stop",
    "name": "木戸池",
    "datum": "WGS84",
    "mountainIds": "258",
    "mountainNames": "志賀山",
    "lists": "甲信越百名山",
    "routes": "",
    "entryType": "",
    "trailKmToSummit": "",
    "related": "TH-n484668276(128m)",
    "attributes": "operator=長電バス（株）; busType=民間路線バス; busRoutes=白根火山線 / 急行　長野-志賀高原線　夏季冬季",
    "status": "adopted",
    "accuracyM": 10,
    "needsReview": "運行状況（季節運行・休止・予約制）を要確認",
    "sources": "国土数値情報（バス停留所データ）令和4年度（国土交通省）P11-22-20-bs971（36.698031, 138.491316、JGD2011）を加工して作成 ｜ OpenStreetMap（© OpenStreetMap contributors, ODbL 1.0）Geofabrik japan-latest.osm.pbf 2026-09-18T20:21:10Z node/3154319952",
    "verifiedAt": ""
   }
  },
  {
   "type": "Feature",
   "geometry": {
    "type": "Point",
    "coordinates": [
     138.4920854,
     36.6922294
    ]
   },
   "properties": {
    "id": "BS-kP11-22-20-bs996",
    "kind": "bus_stop",
    "name": "平床",
    "datum": "WGS84",
    "mountainIds": "258",
    "mountainNames": "志賀山",
    "lists": "甲信越百名山",
    "routes": "",
    "entryType": "",
    "trailKmToSummit": "",
    "related": "TH-n484668276(518m)",
    "attributes": "operator=長電バス（株）; busType=民間路線バス; busRoutes=白根火山線 / 急行　長野-志賀高原線　夏季冬季",
    "status": "adopted",
    "accuracyM": 10,
    "needsReview": "運行状況（季節運行・休止・予約制）を要確認",
    "sources": "国土数値情報（バス停留所データ）令和4年度（国土交通省）P11-22-20-bs996（36.692229, 138.492085、JGD2011）を加工して作成 ｜ OpenStreetMap（© OpenStreetMap contributors, ODbL 1.0）Geofabrik japan-latest.osm.pbf 2026-09-18T20:21:10Z node/5209321385",
    "verifiedAt": ""
   }
  },
  {
   "type": "Feature",
   "geometry": {
    "type": "Point",
    "coordinates": [
     137.5667085,
     36.2638838
    ]
   },
   "properties": {
    "id": "BS-kP11-22-21-bs199",
    "kind": "bus_stop",
    "name": "星の鐘前",
    "datum": "WGS84",
    "mountainIds": "313 317 319 324",
    "mountainNames": "笠ヶ岳、奥穂高岳、西穂独標、焼岳",
    "lists": "日本百名山|日本二百名山|日本三百名山|東海の百山|甲信越百名山",
    "routes": "",
    "entryType": "",
    "trailKmToSummit": "",
    "related": "TH-n5809125556(380m) TH-kP11-22-21-bs209(500m)",
    "attributes": "operator=濃飛乗合自動車（株）; busType=民間路線バス; busRoutes=高山営業所管内（平湯・新穂高線）高山→新穂高ロープウェイ",
    "status": "adopted",
    "accuracyM": 10,
    "needsReview": "運行状況（季節運行・休止・予約制）を要確認",
    "sources": "国土数値情報（バス停留所データ）令和4年度（国土交通省）P11-22-21-bs199（36.263884, 137.566709、JGD2011）を加工して作成",
    "verifiedAt": ""
   }
  },
  {
   "type": "Feature",
   "geometry": {
    "type": "Point",
    "coordinates": [
     137.5699632,
     36.2628904
    ]
   },
   "properties": {
    "id": "BS-kP11-22-21-bs205",
    "kind": "bus_stop",
    "name": "中尾白山神社",
    "datum": "WGS84",
    "mountainIds": "317 319 324",
    "mountainNames": "奥穂高岳、西穂独標、焼岳",
    "lists": "日本百名山|日本二百名山|日本三百名山|甲信越百名山|東海の百山",
    "routes": "",
    "entryType": "",
    "trailKmToSummit": "",
    "related": "TH-kP11-22-21-bs209(228m)",
    "attributes": "operator=濃飛乗合自動車（株）; busType=民間路線バス; busRoutes=高山営業所管内（平湯・新穂高線）高山→新穂高ロープウェイ",
    "status": "adopted",
    "accuracyM": 10,
    "needsReview": "運行状況（季節運行・休止・予約制）を要確認",
    "sources": "国土数値情報（バス停留所データ）令和4年度（国土交通省）P11-22-21-bs205（36.262890, 137.569963、JGD2011）を加工して作成",
    "verifiedAt": ""
   }
  },
  {
   "type": "Feature",
   "geometry": {
    "type": "Point",
    "coordinates": [
     137.5710154,
     36.2610135
    ]
   },
   "properties": {
    "id": "BS-kP11-22-21-bs209",
    "kind": "bus_stop",
    "name": "中尾焼岳登山口",
    "datum": "WGS84",
    "mountainIds": "317 319 324",
    "mountainNames": "奥穂高岳、西穂独標、焼岳",
    "lists": "日本百名山|日本二百名山|日本三百名山|甲信越百名山|東海の百山",
    "routes": "",
    "entryType": "",
    "trailKmToSummit": "",
    "related": "TH-kP11-22-21-bs209(0m)",
    "attributes": "operator=濃飛乗合自動車（株）; busType=民間路線バス; busRoutes=高山営業所管内（平湯・新穂高線）高山→新穂高ロープウェイ",
    "status": "adopted",
    "accuracyM": 10,
    "needsReview": "運行状況（季節運行・休止・予約制）を要確認",
    "sources": "国土数値情報（バス停留所データ）令和4年度（国土交通省）P11-22-21-bs209（36.261013, 137.571015、JGD2011）を加工して作成 ｜ OpenStreetMap（© OpenStreetMap contributors, ODbL 1.0）Geofabrik japan-latest.osm.pbf 2026-09-18T20:21:10Z node/4416123610",
    "verifiedAt": ""
   }
  },
  {
   "type": "Feature",
   "geometry": {
    "type": "Point",
    "coordinates": [
     137.4414508,
     36.1477732
    ]
   },
   "properties": {
    "id": "BS-kP11-22-21-bs590",
    "kind": "bus_stop",
    "name": "乗鞍青少年交流の家",
    "datum": "WGS84",
    "mountainIds": "336",
    "mountainNames": "乗鞍岳",
    "lists": "日本百名山|日本二百名山|日本三百名山|甲信越百名山|東海の百山",
    "routes": "",
    "entryType": "",
    "trailKmToSummit": "",
    "related": "TH-kP11-22-21-bs590(0m)",
    "attributes": "operator=高山市; busType=コミュニティバス; busRoutes=岩滝線",
    "status": "adopted",
    "accuracyM": 10,
    "needsReview": "運行状況（季節運行・休止・予約制）を要確認",
    "sources": "国土数値情報（バス停留所データ）令和4年度（国土交通省）P11-22-21-bs590（36.147773, 137.441451、JGD2011）を加工して作成",
    "verifiedAt": ""
   }
  },
  {
   "type": "Feature",
   "geometry": {
    "type": "Point",
    "coordinates": [
     138.5721124,
     35.3497533
    ]
   },
   "properties": {
    "id": "BS-kP11-22-22-bs100",
    "kind": "bus_stop",
    "name": "田貫湖入口",
    "datum": "WGS84",
    "mountainIds": "478",
    "mountainNames": "毛無山",
    "lists": "日本二百名山|日本三百名山|甲信越百名山",
    "routes": "",
    "entryType": "",
    "trailKmToSummit": "",
    "related": "TH-n1670210820(835m)",
    "attributes": "operator=富士急静岡バス（株）; busType=民間路線バス; busRoutes=北山線　東高前～白糸滝・猪の頭～根原",
    "status": "adopted",
    "accuracyM": 10,
    "needsReview": "運行状況（季節運行・休止・予約制）を要確認、登山口から離れている（徒歩アプローチを要確認）",
    "sources": "国土数値情報（バス停留所データ）令和4年度（国土交通省）P11-22-22-bs100（35.349753, 138.572112、JGD2011）を加工して作成",
    "verifiedAt": ""
   }
  },
  {
   "type": "Feature",
   "geometry": {
    "type": "Point",
    "coordinates": [
     138.5658965,
     35.3431523
    ]
   },
   "properties": {
    "id": "BS-kP11-22-22-bs132",
    "kind": "bus_stop",
    "name": "田貫湖南",
    "datum": "WGS84",
    "mountainIds": "478",
    "mountainNames": "毛無山",
    "lists": "日本二百名山|日本三百名山|甲信越百名山",
    "routes": "",
    "entryType": "",
    "trailKmToSummit": "",
    "related": "TH-n1670210820(514m)",
    "attributes": "operator=富士急静岡バス（株）; busType=民間路線バス; busRoutes=北山線　新富士駅～富士宮駅・世界遺産センター～休暇村富士",
    "status": "adopted",
    "accuracyM": 10,
    "needsReview": "運行状況（季節運行・休止・予約制）を要確認",
    "sources": "国土数値情報（バス停留所データ）令和4年度（国土交通省）P11-22-22-bs132（35.343152, 138.565897、JGD2011）を加工して作成",
    "verifiedAt": ""
   }
  },
  {
   "type": "Feature",
   "geometry": {
    "type": "Point",
    "coordinates": [
     138.5527627,
     35.3412873
    ]
   },
   "properties": {
    "id": "BS-kP11-22-22-bs145",
    "kind": "bus_stop",
    "name": "休暇村富士",
    "datum": "WGS84",
    "mountainIds": "478",
    "mountainNames": "毛無山",
    "lists": "日本二百名山|日本三百名山|甲信越百名山",
    "routes": "",
    "entryType": "",
    "trailKmToSummit": "",
    "related": "TH-n1670202460(258m)",
    "attributes": "operator=富士急静岡バス（株）; busType=民間路線バス; busRoutes=北山線　新富士駅～富士宮駅・世界遺産センター～休暇村富士",
    "status": "adopted",
    "accuracyM": 10,
    "needsReview": "運行状況（季節運行・休止・予約制）を要確認",
    "sources": "国土数値情報（バス停留所データ）令和4年度（国土交通省）P11-22-22-bs145（35.341287, 138.552763、JGD2011）を加工して作成",
    "verifiedAt": ""
   }
  },
  {
   "type": "Feature",
   "geometry": {
    "type": "Point",
    "coordinates": [
     138.5611216,
     35.340995
    ]
   },
   "properties": {
    "id": "BS-kP11-22-22-bs146",
    "kind": "bus_stop",
    "name": "田貫湖キャンプ場",
    "datum": "WGS84",
    "mountainIds": "478",
    "mountainNames": "毛無山",
    "lists": "日本二百名山|日本三百名山|甲信越百名山",
    "routes": "",
    "entryType": "",
    "trailKmToSummit": "",
    "related": "TH-n1670210820(729m) TH-n1670202460(899m)",
    "attributes": "operator=富士急静岡バス（株）; busType=民間路線バス; busRoutes=北山線　新富士駅～富士宮駅・世界遺産センター～休暇村富士",
    "status": "adopted",
    "accuracyM": 10,
    "needsReview": "運行状況（季節運行・休止・予約制）を要確認、登山口から離れている（徒歩アプローチを要確認）",
    "sources": "国土数値情報（バス停留所データ）令和4年度（国土交通省）P11-22-22-bs146（35.340995, 138.561122、JGD2011）を加工して作成",
    "verifiedAt": ""
   }
  },
  {
   "type": "Feature",
   "geometry": {
    "type": "Point",
    "coordinates": [
     138.7328201,
     35.3370111
    ]
   },
   "properties": {
    "id": "BS-kP11-22-22-bs157",
    "kind": "bus_stop",
    "name": "富士宮口五合目",
    "datum": "WGS84",
    "mountainIds": "494",
    "mountainNames": "富士山",
    "lists": "日本百名山|日本二百名山|日本三百名山|甲信越百名山",
    "routes": "",
    "entryType": "",
    "trailKmToSummit": "",
    "related": "TH-kP11-22-22-bs157(0m) TH-n874172106(928m)",
    "attributes": "operator=富士急静岡バス（株）; busType=民間路線バス; busRoutes=五合目線　新富士駅～富士駅前・富士宮駅・水ヶ塚公園～富士宮口五合目",
    "status": "adopted",
    "accuracyM": 10,
    "needsReview": "運行状況（季節運行・休止・予約制）を要確認、登山口から離れている（徒歩アプローチを要確認）",
    "sources": "国土数値情報（バス停留所データ）令和4年度（国土交通省）P11-22-22-bs157（35.337011, 138.732820、JGD2011）を加工して作成",
    "verifiedAt": ""
   }
  },
  {
   "type": "Feature",
   "geometry": {
    "type": "Point",
    "coordinates": [
     138.7328201,
     35.3370111
    ]
   },
   "properties": {
    "id": "BS-kP11-22-22-bs158",
    "kind": "bus_stop",
    "name": "富士宮口五合目",
    "datum": "WGS84",
    "mountainIds": "494",
    "mountainNames": "富士山",
    "lists": "日本百名山|日本二百名山|日本三百名山|甲信越百名山",
    "routes": "",
    "entryType": "",
    "trailKmToSummit": "",
    "related": "TH-kP11-22-22-bs157(0m) TH-n874172106(928m)",
    "attributes": "operator=富士急シティバス（株）; busType=民間路線バス; busRoutes=三島駅⇔富士サファリパーク・ぐりんぱ・水ヶ塚公園・富士宮口五合目",
    "status": "adopted",
    "accuracyM": 10,
    "needsReview": "運行状況（季節運行・休止・予約制）を要確認、登山口から離れている（徒歩アプローチを要確認）",
    "sources": "国土数値情報（バス停留所データ）令和4年度（国土交通省）P11-22-22-bs158（35.337011, 138.732820、JGD2011）を加工して作成",
    "verifiedAt": ""
   }
  },
  {
   "type": "Feature",
   "geometry": {
    "type": "Point",
    "coordinates": [
     138.5684983,
     35.3737048
    ]
   },
   "properties": {
    "id": "BS-kP11-22-22-bs18",
    "kind": "bus_stop",
    "name": "猪の頭中学校入口",
    "datum": "WGS84",
    "mountainIds": "478",
    "mountainNames": "毛無山",
    "lists": "日本二百名山|日本三百名山|甲信越百名山",
    "routes": "",
    "entryType": "",
    "trailKmToSummit": "",
    "related": "TH-n1670227675(880m)",
    "attributes": "operator=富士急静岡バス（株）; busType=民間路線バス; busRoutes=北山線　東高前～白糸滝・猪の頭～根原",
    "status": "adopted",
    "accuracyM": 10,
    "needsReview": "運行状況（季節運行・休止・予約制）を要確認、登山口から離れている（徒歩アプローチを要確認）",
    "sources": "国土数値情報（バス停留所データ）令和4年度（国土交通省）P11-22-22-bs18（35.373705, 138.568498、JGD2011）を加工して作成",
    "verifiedAt": ""
   }
  },
  {
   "type": "Feature",
   "geometry": {
    "type": "Point",
    "coordinates": [
     138.5657222,
     35.3712451
    ]
   },
   "properties": {
    "id": "BS-kP11-22-22-bs23",
    "kind": "bus_stop",
    "name": "猪の頭",
    "datum": "WGS84",
    "mountainIds": "478",
    "mountainNames": "毛無山",
    "lists": "日本二百名山|日本三百名山|甲信越百名山",
    "routes": "",
    "entryType": "",
    "trailKmToSummit": "",
    "related": "TH-n1670227675(745m)",
    "attributes": "operator=富士急静岡バス（株）; busType=民間路線バス; busRoutes=北山線　東高前～白糸滝・猪の頭～根原",
    "status": "adopted",
    "accuracyM": 10,
    "needsReview": "運行状況（季節運行・休止・予約制）を要確認、登山口から離れている（徒歩アプローチを要確認）",
    "sources": "国土数値情報（バス停留所データ）令和4年度（国土交通省）P11-22-22-bs23（35.371245, 138.565722、JGD2011）を加工して作成",
    "verifiedAt": ""
   }
  },
  {
   "type": "Feature",
   "geometry": {
    "type": "Point",
    "coordinates": [
     138.5639188,
     35.3687796
    ]
   },
   "properties": {
    "id": "BS-kP11-22-22-bs29",
    "kind": "bus_stop",
    "name": "かみ村",
    "datum": "WGS84",
    "mountainIds": "478",
    "mountainNames": "毛無山",
    "lists": "日本二百名山|日本三百名山|甲信越百名山",
    "routes": "",
    "entryType": "",
    "trailKmToSummit": "",
    "related": "TH-n1670227675(827m)",
    "attributes": "operator=富士急静岡バス（株）; busType=民間路線バス; busRoutes=北山線　東高前～白糸滝・猪の頭～根原",
    "status": "adopted",
    "accuracyM": 10,
    "needsReview": "運行状況（季節運行・休止・予約制）を要確認、登山口から離れている（徒歩アプローチを要確認）",
    "sources": "国土数値情報（バス停留所データ）令和4年度（国土交通省）P11-22-22-bs29（35.368780, 138.563919、JGD2011）を加工して作成",
    "verifiedAt": ""
   }
  },
  {
   "type": "Feature",
   "geometry": {
    "type": "Point",
    "coordinates": [
     138.3388788,
     35.3054722
    ]
   },
   "properties": {
    "id": "BS-kP11-22-22-bs328",
    "kind": "bus_stop",
    "name": "梅ヶ島温泉",
    "datum": "WGS84",
    "mountainIds": "491 513",
    "mountainNames": "七面山、山伏",
    "lists": "日本二百名山|日本三百名山|甲信越百名山",
    "routes": "",
    "entryType": "",
    "trailKmToSummit": "",
    "related": "TH-n5729287854(842m)",
    "attributes": "operator=しずてつジャストライン（株）; busType=民間路線バス; busRoutes=安倍線",
    "status": "adopted",
    "accuracyM": 10,
    "needsReview": "運行状況（季節運行・休止・予約制）を要確認、登山口から離れている（徒歩アプローチを要確認）",
    "sources": "国土数値情報（バス停留所データ）令和4年度（国土交通省）P11-22-22-bs328（35.305472, 138.338879、JGD2011）を加工して作成 ｜ OpenStreetMap（© OpenStreetMap contributors, ODbL 1.0）Geofabrik japan-latest.osm.pbf 2026-09-18T20:21:10Z node/4348068099",
    "verifiedAt": ""
   }
  },
  {
   "type": "Feature",
   "geometry": {
    "type": "Point",
    "coordinates": [
     138.3388866,
     35.304652
    ]
   },
   "properties": {
    "id": "BS-kP11-22-22-bs336",
    "kind": "bus_stop",
    "name": "梅ヶ島温泉入口",
    "datum": "WGS84",
    "mountainIds": "491 513",
    "mountainNames": "七面山、山伏",
    "lists": "日本二百名山|日本三百名山|甲信越百名山",
    "routes": "",
    "entryType": "",
    "trailKmToSummit": "",
    "related": "TH-n5729287854(912m)",
    "attributes": "operator=しずてつジャストライン（株）; busType=民間路線バス; busRoutes=安倍線",
    "status": "adopted",
    "accuracyM": 10,
    "needsReview": "運行状況（季節運行・休止・予約制）を要確認、登山口から離れている（徒歩アプローチを要確認）",
    "sources": "国土数値情報（バス停留所データ）令和4年度（国土交通省）P11-22-22-bs336（35.304652, 138.338887、JGD2011）を加工して作成 ｜ OpenStreetMap（© OpenStreetMap contributors, ODbL 1.0）Geofabrik japan-latest.osm.pbf 2026-09-18T20:21:10Z node/4348068100",
    "verifiedAt": ""
   }
  },
  {
   "type": "Feature",
   "geometry": {
    "type": "Point",
    "coordinates": [
     138.7959739,
     36.7872466
    ]
   },
   "properties": {
    "id": "BS-n13306197313",
    "kind": "bus_stop",
    "name": "（名称なし）バス停",
    "datum": "WGS84",
    "mountainIds": "236 238",
    "mountainNames": "平標山、仙ノ倉山",
    "lists": "甲信越百名山|日本二百名山|日本三百名山|関東百名山",
    "routes": "",
    "entryType": "",
    "trailKmToSummit": "",
    "related": "TH-n6537751083(159m)",
    "attributes": "",
    "status": "provisional",
    "accuracyM": 20,
    "needsReview": "運行状況（季節運行・休止・予約制）を要確認、公式情報または2情報源での確認が必要",
    "sources": "OpenStreetMap（© OpenStreetMap contributors, ODbL 1.0）Geofabrik japan-latest.osm.pbf 2026-09-18T20:21:10Z node/13306197313",
    "verifiedAt": ""
   }
  },
  {
   "type": "Feature",
   "geometry": {
    "type": "Point",
    "coordinates": [
     138.4995862,
     36.6830196
    ]
   },
   "properties": {
    "id": "BS-n13401434065",
    "kind": "bus_stop",
    "name": "横手山第１リフト",
    "datum": "WGS84",
    "mountainIds": "250 258 261",
    "mountainNames": "岩菅山、志賀山、笠ヶ岳",
    "lists": "日本二百名山|日本三百名山|甲信越百名山",
    "routes": "",
    "entryType": "",
    "trailKmToSummit": "",
    "related": "TH-n3154319959(50m) TH-n3154320181(901m) TH-n3154320178(951m)",
    "attributes": "",
    "status": "provisional",
    "accuracyM": 20,
    "needsReview": "運行状況（季節運行・休止・予約制）を要確認、公式情報または2情報源での確認が必要、登山口から離れている（徒歩アプローチを要確認）",
    "sources": "OpenStreetMap（© OpenStreetMap contributors, ODbL 1.0）Geofabrik japan-latest.osm.pbf 2026-09-18T20:21:10Z node/13401434065",
    "verifiedAt": ""
   }
  },
  {
   "type": "Feature",
   "geometry": {
    "type": "Point",
    "coordinates": [
     138.9626675,
     36.8367528
    ]
   },
   "properties": {
    "id": "BS-n13947504978",
    "kind": "bus_stop",
    "name": "谷川岳ヨッホ",
    "datum": "WGS84",
    "mountainIds": "234 236 238 229",
    "mountainNames": "谷川岳、平標山、仙ノ倉山、朝日岳",
    "lists": "日本百名山|日本二百名山|日本三百名山|関東百名山|甲信越百名山",
    "routes": "",
    "entryType": "",
    "trailKmToSummit": "",
    "related": "TH-n2804972401(81m) TH-kP11-22-10-bs22(43m)",
    "attributes": "busRoutes=関越交通株式会社｜水上線",
    "status": "provisional",
    "accuracyM": 20,
    "needsReview": "運行状況（季節運行・休止・予約制）を要確認、公式情報または2情報源での確認が必要",
    "sources": "OpenStreetMap（© OpenStreetMap contributors, ODbL 1.0）Geofabrik japan-latest.osm.pbf 2026-09-18T20:21:10Z node/13947504978",
    "verifiedAt": ""
   }
  },
  {
   "type": "Feature",
   "geometry": {
    "type": "Point",
    "coordinates": [
     138.9625427,
     36.836704
    ]
   },
   "properties": {
    "id": "BS-n13947504984",
    "kind": "bus_stop",
    "name": "谷川岳ヨッホ",
    "datum": "WGS84",
    "mountainIds": "234 236 238 229",
    "mountainNames": "谷川岳、平標山、仙ノ倉山、朝日岳",
    "lists": "日本百名山|日本二百名山|日本三百名山|関東百名山|甲信越百名山",
    "routes": "",
    "entryType": "",
    "trailKmToSummit": "",
    "related": "TH-n2804972401(69m) TH-kP11-22-10-bs22(33m)",
    "attributes": "busRoutes=関越交通株式会社｜水上線",
    "status": "provisional",
    "accuracyM": 20,
    "needsReview": "運行状況（季節運行・休止・予約制）を要確認、公式情報または2情報源での確認が必要",
    "sources": "OpenStreetMap（© OpenStreetMap contributors, ODbL 1.0）Geofabrik japan-latest.osm.pbf 2026-09-18T20:21:10Z node/13947504984",
    "verifiedAt": ""
   }
  },
  {
   "type": "Feature",
   "geometry": {
    "type": "Point",
    "coordinates": [
     138.4226022,
     35.9374226
    ]
   },
   "properties": {
    "id": "BS-n1450513707",
    "kind": "bus_stop",
    "name": "（名称なし）バス停",
    "datum": "WGS84",
    "mountainIds": "350 355",
    "mountainNames": "天狗岳、八ヶ岳",
    "lists": "日本二百名山|日本三百名山|甲信越百名山|日本百名山",
    "routes": "",
    "entryType": "",
    "trailKmToSummit": "",
    "related": "TH-n4398472649(928m)",
    "attributes": "",
    "status": "provisional",
    "accuracyM": 20,
    "needsReview": "運行状況（季節運行・休止・予約制）を要確認、公式情報または2情報源での確認が必要、登山口から離れている（徒歩アプローチを要確認）",
    "sources": "OpenStreetMap（© OpenStreetMap contributors, ODbL 1.0）Geofabrik japan-latest.osm.pbf 2026-09-18T20:21:10Z node/1450513707",
    "verifiedAt": ""
   }
  },
  {
   "type": "Feature",
   "geometry": {
    "type": "Point",
    "coordinates": [
     137.7204854,
     36.5581597
    ]
   },
   "properties": {
    "id": "BS-n1596019843",
    "kind": "bus_stop",
    "name": "扇沢",
    "datum": "WGS84",
    "mountainIds": "279 280 283",
    "mountainNames": "針ノ木岳、蓮華岳、烏帽子岳",
    "lists": "日本二百名山|日本三百名山|甲信越百名山",
    "routes": "",
    "entryType": "",
    "trailKmToSummit": "",
    "related": "TH-n6549089208(609m)",
    "attributes": "operator=関西電力; network=立山黒部アルペンルート",
    "status": "provisional",
    "accuracyM": 20,
    "needsReview": "運行状況（季節運行・休止・予約制）を要確認、公式情報または2情報源での確認が必要、登山口から離れている（徒歩アプローチを要確認）",
    "sources": "OpenStreetMap（© OpenStreetMap contributors, ODbL 1.0）Geofabrik japan-latest.osm.pbf 2026-09-18T20:21:10Z node/1596019843",
    "verifiedAt": ""
   }
  },
  {
   "type": "Feature",
   "geometry": {
    "type": "Point",
    "coordinates": [
     137.7203645,
     36.5589158
    ]
   },
   "properties": {
    "id": "BS-n1596019922",
    "kind": "bus_stop",
    "name": "扇沢",
    "datum": "WGS84",
    "mountainIds": "279 280 283",
    "mountainNames": "針ノ木岳、蓮華岳、烏帽子岳",
    "lists": "日本二百名山|日本三百名山|甲信越百名山",
    "routes": "",
    "entryType": "",
    "trailKmToSummit": "",
    "related": "TH-n6549089208(572m)",
    "attributes": "operator=関西電力; network=立山黒部アルペンルート; busRoutes=関西電力｜立山黒部アルペンルート｜関電トンネル電気バス 黒部ダム => 扇沢",
    "status": "provisional",
    "accuracyM": 20,
    "needsReview": "運行状況（季節運行・休止・予約制）を要確認、公式情報または2情報源での確認が必要",
    "sources": "OpenStreetMap（© OpenStreetMap contributors, ODbL 1.0）Geofabrik japan-latest.osm.pbf 2026-09-18T20:21:10Z node/1596019922",
    "verifiedAt": ""
   }
  },
  {
   "type": "Feature",
   "geometry": {
    "type": "Point",
    "coordinates": [
     138.903269,
     35.4176092
    ]
   },
   "properties": {
    "id": "BS-n2150099834",
    "kind": "bus_stop",
    "name": "（名称なし）バス停",
    "datum": "WGS84",
    "mountainIds": "451",
    "mountainNames": "御正体山",
    "lists": "日本二百名山|日本三百名山|甲信越百名山",
    "routes": "",
    "entryType": "",
    "trailKmToSummit": "",
    "related": "TH-n390873282(793m)",
    "attributes": "busRoutes=富士急バス｜富士山駅⇔道志小学校前",
    "status": "provisional",
    "accuracyM": 20,
    "needsReview": "運行状況（季節運行・休止・予約制）を要確認、公式情報または2情報源での確認が必要、登山口から離れている（徒歩アプローチを要確認）",
    "sources": "OpenStreetMap（© OpenStreetMap contributors, ODbL 1.0）Geofabrik japan-latest.osm.pbf 2026-09-18T20:21:10Z node/2150099834",
    "verifiedAt": ""
   }
  },
  {
   "type": "Feature",
   "geometry": {
    "type": "Point",
    "coordinates": [
     138.74539,
     35.523286
    ]
   },
   "properties": {
    "id": "BS-n2290172213",
    "kind": "bus_stop",
    "name": "河口湖自然生活館 (20)",
    "datum": "WGS84",
    "mountainIds": "434",
    "mountainNames": "黒岳",
    "lists": "日本三百名山|甲信越百名山",
    "routes": "",
    "entryType": "",
    "trailKmToSummit": "",
    "related": "TH-w829101191(89m)",
    "attributes": "",
    "status": "provisional",
    "accuracyM": 20,
    "needsReview": "運行状況（季節運行・休止・予約制）を要確認、公式情報または2情報源での確認が必要",
    "sources": "OpenStreetMap（© OpenStreetMap contributors, ODbL 1.0）Geofabrik japan-latest.osm.pbf 2026-09-18T20:21:10Z node/2290172213",
    "verifiedAt": ""
   }
  },
  {
   "type": "Feature",
   "geometry": {
    "type": "Point",
    "coordinates": [
     137.6330949,
     35.4556754
    ]
   },
   "properties": {
    "id": "BS-n2386418373",
    "kind": "bus_stop",
    "name": "（名称なし）バス停",
    "datum": "WGS84",
    "mountainIds": "455 463",
    "mountainNames": "富士見台高原、恵那山",
    "lists": "東海の百山|日本百名山|日本二百名山|日本三百名山",
    "routes": "",
    "entryType": "",
    "trailKmToSummit": "",
    "related": "TH-n1280923462(832m) TH-n1280927489(978m)",
    "attributes": "",
    "status": "provisional",
    "accuracyM": 20,
    "needsReview": "運行状況（季節運行・休止・予約制）を要確認、公式情報または2情報源での確認が必要、登山口から離れている（徒歩アプローチを要確認）",
    "sources": "OpenStreetMap（© OpenStreetMap contributors, ODbL 1.0）Geofabrik japan-latest.osm.pbf 2026-09-18T20:21:10Z node/2386418373",
    "verifiedAt": ""
   }
  },
  {
   "type": "Feature",
   "geometry": {
    "type": "Point",
    "coordinates": [
     137.7207432,
     36.5586953
    ]
   },
   "properties": {
    "id": "BS-n2474731005",
    "kind": "bus_stop",
    "name": "扇沢",
    "datum": "WGS84",
    "mountainIds": "279 280 283",
    "mountainNames": "針ノ木岳、蓮華岳、烏帽子岳",
    "lists": "日本二百名山|日本三百名山|甲信越百名山",
    "routes": "",
    "entryType": "",
    "trailKmToSummit": "",
    "related": "TH-n6549089208(611m)",
    "attributes": "operator=関西電力; network=立山黒部アルペンルート; busRoutes=関西電力｜立山黒部アルペンルート｜関電トンネル電気バス 扇沢 => 黒部ダム",
    "status": "provisional",
    "accuracyM": 20,
    "needsReview": "運行状況（季節運行・休止・予約制）を要確認、公式情報または2情報源での確認が必要、登山口から離れている（徒歩アプローチを要確認）",
    "sources": "OpenStreetMap（© OpenStreetMap contributors, ODbL 1.0）Geofabrik japan-latest.osm.pbf 2026-09-18T20:21:10Z node/2474731005",
    "verifiedAt": ""
   }
  },
  {
   "type": "Feature",
   "geometry": {
    "type": "Point",
    "coordinates": [
     137.720928,
     36.5587813
    ]
   },
   "properties": {
    "id": "BS-n2516859449",
    "kind": "bus_stop",
    "name": "扇沢",
    "datum": "WGS84",
    "mountainIds": "263 267 273 279",
    "mountainNames": "五竜岳、鹿島槍ヶ岳、爺ヶ岳中峰、針ノ木岳",
    "lists": "日本百名山|日本二百名山|日本三百名山|甲信越百名山",
    "routes": "",
    "entryType": "",
    "trailKmToSummit": "",
    "related": "TH-w244361104(192m)",
    "attributes": "busRoutes=関電アメニックス (北アルプス交通)｜扇沢線路線バス (上り) / 関電アメニックス (北アルプス交通)｜扇沢線路線バス (下り)",
    "status": "provisional",
    "accuracyM": 20,
    "needsReview": "運行状況（季節運行・休止・予約制）を要確認、公式情報または2情報源での確認が必要",
    "sources": "OpenStreetMap（© OpenStreetMap contributors, ODbL 1.0）Geofabrik japan-latest.osm.pbf 2026-09-18T20:21:10Z node/2516859449",
    "verifiedAt": ""
   }
  },
  {
   "type": "Feature",
   "geometry": {
    "type": "Point",
    "coordinates": [
     138.5531956,
     35.3411054
    ]
   },
   "properties": {
    "id": "BS-n2706639126",
    "kind": "bus_stop",
    "name": "休暇村富士バス停",
    "datum": "WGS84",
    "mountainIds": "478",
    "mountainNames": "毛無山",
    "lists": "日本二百名山|日本三百名山|甲信越百名山",
    "routes": "",
    "entryType": "",
    "trailKmToSummit": "",
    "related": "TH-n1670202460(262m)",
    "attributes": "operator=富士急静岡バス",
    "status": "provisional",
    "accuracyM": 20,
    "needsReview": "運行状況（季節運行・休止・予約制）を要確認、公式情報または2情報源での確認が必要",
    "sources": "OpenStreetMap（© OpenStreetMap contributors, ODbL 1.0）Geofabrik japan-latest.osm.pbf 2026-09-18T20:21:10Z node/2706639126",
    "verifiedAt": ""
   }
  },
  {
   "type": "Feature",
   "geometry": {
    "type": "Point",
    "coordinates": [
     138.778447,
     35.3659362
    ]
   },
   "properties": {
    "id": "BS-n3041092120",
    "kind": "bus_stop",
    "name": "Shuttle Bus stop",
    "datum": "WGS84",
    "mountainIds": "494",
    "mountainNames": "富士山",
    "lists": "日本百名山|日本二百名山|日本三百名山|甲信越百名山",
    "routes": "",
    "entryType": "",
    "trailKmToSummit": "",
    "related": "TH-n3041092120(0m)",
    "attributes": "",
    "status": "provisional",
    "accuracyM": 20,
    "needsReview": "運行状況（季節運行・休止・予約制）を要確認、公式情報または2情報源での確認が必要",
    "sources": "OpenStreetMap（© OpenStreetMap contributors, ODbL 1.0）Geofabrik japan-latest.osm.pbf 2026-09-18T20:21:10Z node/3041092120",
    "verifiedAt": ""
   }
  },
  {
   "type": "Feature",
   "geometry": {
    "type": "Point",
    "coordinates": [
     138.3622156,
     35.6326876
    ]
   },
   "properties": {
    "id": "BS-n4180096095",
    "kind": "bus_stop",
    "name": "芦安駐車場",
    "datum": "WGS84",
    "mountainIds": "427",
    "mountainNames": "櫛形山",
    "lists": "日本二百名山|日本三百名山|甲信越百名山",
    "routes": "",
    "entryType": "",
    "trailKmToSummit": "",
    "related": "TH-w759535278(42m) TH-n2352214614(774m)",
    "attributes": "",
    "status": "provisional",
    "accuracyM": 20,
    "needsReview": "運行状況（季節運行・休止・予約制）を要確認、公式情報または2情報源での確認が必要、登山口から離れている（徒歩アプローチを要確認）",
    "sources": "OpenStreetMap（© OpenStreetMap contributors, ODbL 1.0）Geofabrik japan-latest.osm.pbf 2026-09-18T20:21:10Z node/4180096095",
    "verifiedAt": ""
   }
  },
  {
   "type": "Feature",
   "geometry": {
    "type": "Point",
    "coordinates": [
     138.796101,
     36.78739
    ]
   },
   "properties": {
    "id": "BS-n4318912594",
    "kind": "bus_stop",
    "name": "（名称なし）バス停",
    "datum": "WGS84",
    "mountainIds": "236 238",
    "mountainNames": "平標山、仙ノ倉山",
    "lists": "甲信越百名山|日本二百名山|日本三百名山|関東百名山",
    "routes": "",
    "entryType": "",
    "trailKmToSummit": "",
    "related": "TH-n6537751083(150m)",
    "attributes": "",
    "status": "provisional",
    "accuracyM": 20,
    "needsReview": "運行状況（季節運行・休止・予約制）を要確認、公式情報または2情報源での確認が必要",
    "sources": "OpenStreetMap（© OpenStreetMap contributors, ODbL 1.0）Geofabrik japan-latest.osm.pbf 2026-09-18T20:21:10Z node/4318912594",
    "verifiedAt": ""
   }
  },
  {
   "type": "Feature",
   "geometry": {
    "type": "Point",
    "coordinates": [
     138.3250994,
     35.6414438
    ]
   },
   "properties": {
    "id": "BS-n4329408652",
    "kind": "bus_stop",
    "name": "観音峡渓谷",
    "datum": "WGS84",
    "mountainIds": "406",
    "mountainNames": "鳳凰山",
    "lists": "日本百名山|日本二百名山|日本三百名山|甲信越百名山",
    "routes": "",
    "entryType": "",
    "trailKmToSummit": "",
    "related": "TH-n4329408652(0m)",
    "attributes": "",
    "status": "provisional",
    "accuracyM": 20,
    "needsReview": "運行状況（季節運行・休止・予約制）を要確認、公式情報または2情報源での確認が必要",
    "sources": "OpenStreetMap（© OpenStreetMap contributors, ODbL 1.0）Geofabrik japan-latest.osm.pbf 2026-09-18T20:21:10Z node/4329408652",
    "verifiedAt": ""
   }
  },
  {
   "type": "Feature",
   "geometry": {
    "type": "Point",
    "coordinates": [
     138.4151142,
     35.9316597
    ]
   },
   "properties": {
    "id": "BS-n4398472649",
    "kind": "bus_stop",
    "name": "大沢大橋",
    "datum": "WGS84",
    "mountainIds": "350 355",
    "mountainNames": "天狗岳、八ヶ岳",
    "lists": "日本二百名山|日本三百名山|甲信越百名山|日本百名山",
    "routes": "",
    "entryType": "",
    "trailKmToSummit": "",
    "related": "TH-n4398472649(0m)",
    "attributes": "",
    "status": "provisional",
    "accuracyM": 20,
    "needsReview": "運行状況（季節運行・休止・予約制）を要確認、公式情報または2情報源での確認が必要",
    "sources": "OpenStreetMap（© OpenStreetMap contributors, ODbL 1.0）Geofabrik japan-latest.osm.pbf 2026-09-18T20:21:10Z node/4398472649",
    "verifiedAt": ""
   }
  },
  {
   "type": "Feature",
   "geometry": {
    "type": "Point",
    "coordinates": [
     138.608946,
     35.4944249
    ]
   },
   "properties": {
    "id": "BS-n4718179499",
    "kind": "bus_stop",
    "name": "（名称なし）バス停",
    "datum": "WGS84",
    "mountainIds": "434",
    "mountainNames": "黒岳",
    "lists": "日本三百名山|甲信越百名山",
    "routes": "",
    "entryType": "",
    "trailKmToSummit": "",
    "related": "TH-kP11-22-19-bs2733(50m)",
    "attributes": "",
    "status": "provisional",
    "accuracyM": 20,
    "needsReview": "運行状況（季節運行・休止・予約制）を要確認、公式情報または2情報源での確認が必要",
    "sources": "OpenStreetMap（© OpenStreetMap contributors, ODbL 1.0）Geofabrik japan-latest.osm.pbf 2026-09-18T20:21:10Z node/4718179499",
    "verifiedAt": ""
   }
  },
  {
   "type": "Feature",
   "geometry": {
    "type": "Point",
    "coordinates": [
     138.73245,
     35.3940465
    ]
   },
   "properties": {
    "id": "BS-n5057904921",
    "kind": "bus_stop",
    "name": "富士五合目バス亭",
    "datum": "WGS84",
    "mountainIds": "494",
    "mountainNames": "富士山",
    "lists": "日本百名山|日本二百名山|日本三百名山|甲信越百名山",
    "routes": "",
    "entryType": "",
    "trailKmToSummit": "",
    "related": "TH-kP11-22-19-bs3165(35m)",
    "attributes": "",
    "status": "provisional",
    "accuracyM": 20,
    "needsReview": "運行状況（季節運行・休止・予約制）を要確認、公式情報または2情報源での確認が必要",
    "sources": "OpenStreetMap（© OpenStreetMap contributors, ODbL 1.0）Geofabrik japan-latest.osm.pbf 2026-09-18T20:21:10Z node/5057904921",
    "verifiedAt": ""
   }
  },
  {
   "type": "Feature",
   "geometry": {
    "type": "Point",
    "coordinates": [
     138.7152706,
     35.5076119
    ]
   },
   "properties": {
    "id": "BS-n5923992091",
    "kind": "bus_stop",
    "name": "（名称なし）バス停",
    "datum": "WGS84",
    "mountainIds": "434",
    "mountainNames": "黒岳",
    "lists": "日本三百名山|甲信越百名山",
    "routes": "",
    "entryType": "",
    "trailKmToSummit": "",
    "related": "TH-w970892820(950m)",
    "attributes": "",
    "status": "provisional",
    "accuracyM": 20,
    "needsReview": "運行状況（季節運行・休止・予約制）を要確認、公式情報または2情報源での確認が必要、登山口から離れている（徒歩アプローチを要確認）",
    "sources": "OpenStreetMap（© OpenStreetMap contributors, ODbL 1.0）Geofabrik japan-latest.osm.pbf 2026-09-18T20:21:10Z node/5923992091",
    "verifiedAt": ""
   }
  },
  {
   "type": "Feature",
   "geometry": {
    "type": "Point",
    "coordinates": [
     137.7209845,
     36.5587829
    ]
   },
   "properties": {
    "id": "BS-n6834209693",
    "kind": "bus_stop",
    "name": "扇沢",
    "datum": "WGS84",
    "mountainIds": "263 267 273 279",
    "mountainNames": "五竜岳、鹿島槍ヶ岳、爺ヶ岳中峰、針ノ木岳",
    "lists": "日本百名山|日本二百名山|日本三百名山|甲信越百名山",
    "routes": "",
    "entryType": "",
    "trailKmToSummit": "",
    "related": "TH-n1596020186(839m) TH-w244361104(188m)",
    "attributes": "",
    "status": "provisional",
    "accuracyM": 20,
    "needsReview": "運行状況（季節運行・休止・予約制）を要確認、公式情報または2情報源での確認が必要、登山口から離れている（徒歩アプローチを要確認）",
    "sources": "OpenStreetMap（© OpenStreetMap contributors, ODbL 1.0）Geofabrik japan-latest.osm.pbf 2026-09-18T20:21:10Z node/6834209693",
    "verifiedAt": ""
   }
  },
  {
   "type": "Feature",
   "geometry": {
    "type": "Point",
    "coordinates": [
     137.7209913,
     36.5586107
    ]
   },
   "properties": {
    "id": "BS-n6834209694",
    "kind": "bus_stop",
    "name": "扇沢",
    "datum": "WGS84",
    "mountainIds": "263 267 273 279",
    "mountainNames": "五竜岳、鹿島槍ヶ岳、爺ヶ岳中峰、針ノ木岳",
    "lists": "日本百名山|日本二百名山|日本三百名山|甲信越百名山",
    "routes": "",
    "entryType": "",
    "trailKmToSummit": "",
    "related": "TH-n1596020186(843m)",
    "attributes": "",
    "status": "provisional",
    "accuracyM": 20,
    "needsReview": "運行状況（季節運行・休止・予約制）を要確認、公式情報または2情報源での確認が必要、登山口から離れている（徒歩アプローチを要確認）",
    "sources": "OpenStreetMap（© OpenStreetMap contributors, ODbL 1.0）Geofabrik japan-latest.osm.pbf 2026-09-18T20:21:10Z node/6834209694",
    "verifiedAt": ""
   }
  },
  {
   "type": "Feature",
   "geometry": {
    "type": "Point",
    "coordinates": [
     138.6037734,
     35.4633175
    ]
   },
   "properties": {
    "id": "BS-n7106597286",
    "kind": "bus_stop",
    "name": "Lake Motosuko (97)",
    "datum": "WGS84",
    "mountainIds": "478",
    "mountainNames": "毛無山",
    "lists": "日本二百名山|日本三百名山|甲信越百名山",
    "routes": "",
    "entryType": "",
    "trailKmToSummit": "",
    "related": "TH-w849065060(312m)",
    "attributes": "",
    "status": "provisional",
    "accuracyM": 20,
    "needsReview": "運行状況（季節運行・休止・予約制）を要確認、公式情報または2情報源での確認が必要",
    "sources": "OpenStreetMap（© OpenStreetMap contributors, ODbL 1.0）Geofabrik japan-latest.osm.pbf 2026-09-18T20:21:10Z node/7106597286",
    "verifiedAt": ""
   }
  },
  {
   "type": "Feature",
   "geometry": {
    "type": "Point",
    "coordinates": [
     138.2710773,
     35.6969801
    ]
   },
   "properties": {
    "id": "BS-n823178474",
    "kind": "bus_stop",
    "name": "広河原",
    "datum": "WGS84",
    "mountainIds": "393 397 402 403 406 412 419 423",
    "mountainNames": "鋸岳、甲斐駒ヶ岳、アサヨ峰、仙丈ヶ岳、鳳凰山、北岳、間ノ岳、農鳥岳",
    "lists": "日本二百名山|日本三百名山|日本百名山|甲信越百名山",
    "routes": "",
    "entryType": "",
    "trailKmToSummit": "",
    "related": "TH-n823178474(0m) TH-n823179339(877m)",
    "attributes": "",
    "status": "provisional",
    "accuracyM": 20,
    "needsReview": "運行状況（季節運行・休止・予約制）を要確認、公式情報または2情報源での確認が必要、登山口から離れている（徒歩アプローチを要確認）",
    "sources": "OpenStreetMap（© OpenStreetMap contributors, ODbL 1.0）Geofabrik japan-latest.osm.pbf 2026-09-18T20:21:10Z node/823178474",
    "verifiedAt": ""
   }
  },
  {
   "type": "Feature",
   "geometry": {
    "type": "Point",
    "coordinates": [
     138.1157427,
     35.5489868
    ]
   },
   "properties": {
    "id": "PK-n11098483879",
    "kind": "parking",
    "name": "（名称なし）駐車場",
    "datum": "WGS84",
    "mountainIds": "431",
    "mountainNames": "塩見岳",
    "lists": "日本百名山|日本二百名山|日本三百名山|甲信越百名山",
    "routes": "",
    "entryType": "",
    "trailKmToSummit": "",
    "related": "TH-n12072857706(212m) TH-n1669425258(230m)",
    "attributes": "fee=no",
    "status": "provisional",
    "accuracyM": 20,
    "needsReview": "公式情報または2情報源での確認が必要、名称なし",
    "sources": "OpenStreetMap（© OpenStreetMap contributors, ODbL 1.0）Geofabrik japan-latest.osm.pbf 2026-09-18T20:21:10Z node/11098483879",
    "verifiedAt": ""
   }
  },
  {
   "type": "Feature",
   "geometry": {
    "type": "Point",
    "coordinates": [
     138.0646254,
     36.7479736
    ]
   },
   "properties": {
    "id": "PK-n11198863937",
    "kind": "parking",
    "name": "（名称なし）駐車場",
    "datum": "WGS84",
    "mountainIds": "242 245",
    "mountainNames": "高妻山、戸隠山",
    "lists": "日本百名山|日本二百名山|日本三百名山|甲信越百名山",
    "routes": "",
    "entryType": "",
    "trailKmToSummit": "",
    "related": "TH-n1870644130(136m) TH-n1870643813(235m)",
    "attributes": "",
    "status": "provisional",
    "accuracyM": 20,
    "needsReview": "公式情報または2情報源での確認が必要、名称なし",
    "sources": "OpenStreetMap（© OpenStreetMap contributors, ODbL 1.0）Geofabrik japan-latest.osm.pbf 2026-09-18T20:21:10Z node/11198863937",
    "verifiedAt": ""
   }
  },
  {
   "type": "Feature",
   "geometry": {
    "type": "Point",
    "coordinates": [
     138.8230511,
     35.5367801
    ]
   },
   "properties": {
    "id": "PK-n11224529937",
    "kind": "parking",
    "name": "（名称なし）駐車場",
    "datum": "WGS84",
    "mountainIds": "437",
    "mountainNames": "三ッ峠山",
    "lists": "日本二百名山|日本三百名山|甲信越百名山",
    "routes": "",
    "entryType": "",
    "trailKmToSummit": "",
    "related": "TH-n1610273547(227m)",
    "attributes": "",
    "status": "provisional",
    "accuracyM": 20,
    "needsReview": "公式情報または2情報源での確認が必要、名称なし",
    "sources": "OpenStreetMap（© OpenStreetMap contributors, ODbL 1.0）Geofabrik japan-latest.osm.pbf 2026-09-18T20:21:10Z node/11224529937",
    "verifiedAt": ""
   }
  },
  {
   "type": "Feature",
   "geometry": {
    "type": "Point",
    "coordinates": [
     138.8243825,
     35.5351583
    ]
   },
   "properties": {
    "id": "PK-n11224917737",
    "kind": "parking",
    "name": "（名称なし）駐車場",
    "datum": "WGS84",
    "mountainIds": "437",
    "mountainNames": "三ッ峠山",
    "lists": "日本二百名山|日本三百名山|甲信越百名山",
    "routes": "",
    "entryType": "",
    "trailKmToSummit": "",
    "related": "TH-n1610273547(12m)",
    "attributes": "",
    "status": "provisional",
    "accuracyM": 20,
    "needsReview": "公式情報または2情報源での確認が必要、名称なし",
    "sources": "OpenStreetMap（© OpenStreetMap contributors, ODbL 1.0）Geofabrik japan-latest.osm.pbf 2026-09-18T20:21:10Z node/11224917737",
    "verifiedAt": ""
   }
  },
  {
   "type": "Feature",
   "geometry": {
    "type": "Point",
    "coordinates": [
     138.7545611,
     35.8632192
    ]
   },
   "properties": {
    "id": "PK-n1162927344",
    "kind": "parking",
    "name": "（名称なし）駐車場",
    "datum": "WGS84",
    "mountainIds": "365 374 383",
    "mountainNames": "甲武信ヶ岳、国師ヶ岳、乾徳山",
    "lists": "日本百名山|日本二百名山|日本三百名山|関東百名山|甲信越百名山",
    "routes": "",
    "entryType": "",
    "trailKmToSummit": "",
    "related": "TH-kP11-22-19-bs42(100m)",
    "attributes": "fee=no; access=yes",
    "status": "provisional",
    "accuracyM": 20,
    "needsReview": "公式情報または2情報源での確認が必要、名称なし",
    "sources": "OpenStreetMap（© OpenStreetMap contributors, ODbL 1.0）Geofabrik japan-latest.osm.pbf 2026-09-18T20:21:10Z node/1162927344",
    "verifiedAt": ""
   }
  },
  {
   "type": "Feature",
   "geometry": {
    "type": "Point",
    "coordinates": [
     138.7566164,
     35.8586814
    ]
   },
   "properties": {
    "id": "PK-n1162941263",
    "kind": "parking",
    "name": "（名称なし）駐車場",
    "datum": "WGS84",
    "mountainIds": "365 374 383",
    "mountainNames": "甲武信ヶ岳、国師ヶ岳、乾徳山",
    "lists": "日本百名山|日本二百名山|日本三百名山|関東百名山|甲信越百名山",
    "routes": "",
    "entryType": "",
    "trailKmToSummit": "",
    "related": "TH-kP11-22-19-bs42(447m)",
    "attributes": "fee=no; access=customers",
    "status": "provisional",
    "accuracyM": 20,
    "needsReview": "公式情報または2情報源での確認が必要、名称なし、登山口から離れている（徒歩アプローチを要確認）",
    "sources": "OpenStreetMap（© OpenStreetMap contributors, ODbL 1.0）Geofabrik japan-latest.osm.pbf 2026-09-18T20:21:10Z node/1162941263",
    "verifiedAt": ""
   }
  },
  {
   "type": "Feature",
   "geometry": {
    "type": "Point",
    "coordinates": [
     139.0898772,
     37.1632399
    ]
   },
   "properties": {
    "id": "PK-n12141521270",
    "kind": "parking",
    "name": "（名称なし）駐車場",
    "datum": "WGS84",
    "mountainIds": "205 209",
    "mountainNames": "越後駒ヶ岳、中ノ岳",
    "lists": "日本百名山|日本二百名山|日本三百名山|甲信越百名山",
    "routes": "",
    "entryType": "",
    "trailKmToSummit": "",
    "related": "TH-n1384031608(55m)",
    "attributes": "fee=no; access=yes",
    "status": "provisional",
    "accuracyM": 20,
    "needsReview": "公式情報または2情報源での確認が必要、名称なし",
    "sources": "OpenStreetMap（© OpenStreetMap contributors, ODbL 1.0）Geofabrik japan-latest.osm.pbf 2026-09-18T20:21:10Z node/12141521270",
    "verifiedAt": ""
   }
  },
  {
   "type": "Feature",
   "geometry": {
    "type": "Point",
    "coordinates": [
     139.0900315,
     37.1626761
    ]
   },
   "properties": {
    "id": "PK-n12141521271",
    "kind": "parking",
    "name": "（名称なし）駐車場",
    "datum": "WGS84",
    "mountainIds": "205 209",
    "mountainNames": "越後駒ヶ岳、中ノ岳",
    "lists": "日本百名山|日本二百名山|日本三百名山|甲信越百名山",
    "routes": "",
    "entryType": "",
    "trailKmToSummit": "",
    "related": "TH-n1384031608(9m)",
    "attributes": "fee=no; access=yes",
    "status": "provisional",
    "accuracyM": 20,
    "needsReview": "公式情報または2情報源での確認が必要、名称なし",
    "sources": "OpenStreetMap（© OpenStreetMap contributors, ODbL 1.0）Geofabrik japan-latest.osm.pbf 2026-09-18T20:21:10Z node/12141521271",
    "verifiedAt": ""
   }
  },
  {
   "type": "Feature",
   "geometry": {
    "type": "Point",
    "coordinates": [
     138.9353674,
     36.9545591
    ]
   },
   "properties": {
    "id": "PK-n1275883859",
    "kind": "parking",
    "name": "（名称なし）駐車場",
    "datum": "WGS84",
    "mountainIds": "215",
    "mountainNames": "巻機山",
    "lists": "日本百名山|日本二百名山|日本三百名山|甲信越百名山",
    "routes": "",
    "entryType": "",
    "trailKmToSummit": "",
    "related": "TH-n1275883841(26m)",
    "attributes": "",
    "status": "provisional",
    "accuracyM": 20,
    "needsReview": "公式情報または2情報源での確認が必要、名称なし",
    "sources": "OpenStreetMap（© OpenStreetMap contributors, ODbL 1.0）Geofabrik japan-latest.osm.pbf 2026-09-18T20:21:10Z node/1275883859",
    "verifiedAt": ""
   }
  },
  {
   "type": "Feature",
   "geometry": {
    "type": "Point",
    "coordinates": [
     138.2980273,
     35.797094
    ]
   },
   "properties": {
    "id": "PK-n3076039076",
    "kind": "parking",
    "name": "尾白川渓谷駐車場",
    "datum": "WGS84",
    "mountainIds": "393 397 402",
    "mountainNames": "鋸岳、甲斐駒ヶ岳、アサヨ峰",
    "lists": "日本二百名山|日本三百名山|日本百名山|甲信越百名山",
    "routes": "",
    "entryType": "",
    "trailKmToSummit": "",
    "related": "TH-n3076039066(312m) TH-n3076039076(0m)",
    "attributes": "",
    "status": "provisional",
    "accuracyM": 20,
    "needsReview": "公式情報または2情報源での確認が必要、登山口から離れている（徒歩アプローチを要確認）",
    "sources": "OpenStreetMap（© OpenStreetMap contributors, ODbL 1.0）Geofabrik japan-latest.osm.pbf 2026-09-18T20:21:10Z node/3076039076",
    "verifiedAt": ""
   }
  },
  {
   "type": "Feature",
   "geometry": {
    "type": "Point",
    "coordinates": [
     138.8314003,
     35.7299966
    ]
   },
   "properties": {
    "id": "PK-n3710217293",
    "kind": "parking",
    "name": "（名称なし）駐車場",
    "datum": "WGS84",
    "mountainIds": "388 398",
    "mountainNames": "黒川鶏冠山、大菩薩嶺",
    "lists": "甲信越百名山|日本百名山|日本二百名山|日本三百名山",
    "routes": "",
    "entryType": "",
    "trailKmToSummit": "",
    "related": "TH-kP11-22-19-bs524(222m)",
    "attributes": "",
    "status": "provisional",
    "accuracyM": 20,
    "needsReview": "公式情報または2情報源での確認が必要、名称なし",
    "sources": "OpenStreetMap（© OpenStreetMap contributors, ODbL 1.0）Geofabrik japan-latest.osm.pbf 2026-09-18T20:21:10Z node/3710217293",
    "verifiedAt": ""
   }
  },
  {
   "type": "Feature",
   "geometry": {
    "type": "Point",
    "coordinates": [
     138.6627687,
     35.8726819
    ]
   },
   "properties": {
    "id": "PK-n3857013864",
    "kind": "parking",
    "name": "（名称なし）駐車場",
    "datum": "WGS84",
    "mountainIds": "365 369 373 374 383",
    "mountainNames": "甲武信ヶ岳、瑞牆山、金峰山、国師ヶ岳、乾徳山",
    "lists": "日本百名山|日本二百名山|日本三百名山|関東百名山|甲信越百名山",
    "routes": "",
    "entryType": "",
    "trailKmToSummit": "",
    "related": "TH-n496230254(42m)",
    "attributes": "",
    "status": "provisional",
    "accuracyM": 20,
    "needsReview": "公式情報または2情報源での確認が必要、名称なし",
    "sources": "OpenStreetMap（© OpenStreetMap contributors, ODbL 1.0）Geofabrik japan-latest.osm.pbf 2026-09-18T20:21:10Z node/3857013864",
    "verifiedAt": ""
   }
  },
  {
   "type": "Feature",
   "geometry": {
    "type": "Point",
    "coordinates": [
     138.5075942,
     35.7797613
    ]
   },
   "properties": {
    "id": "PK-n4178311238",
    "kind": "parking",
    "name": "（名称なし）駐車場",
    "datum": "WGS84",
    "mountainIds": "386",
    "mountainNames": "茅ヶ岳",
    "lists": "日本二百名山|日本三百名山|甲信越百名山",
    "routes": "",
    "entryType": "",
    "trailKmToSummit": "",
    "related": "TH-n1788791919(47m)",
    "attributes": "",
    "status": "provisional",
    "accuracyM": 20,
    "needsReview": "公式情報または2情報源での確認が必要、名称なし",
    "sources": "OpenStreetMap（© OpenStreetMap contributors, ODbL 1.0）Geofabrik japan-latest.osm.pbf 2026-09-18T20:21:10Z node/4178311238",
    "verifiedAt": ""
   }
  },
  {
   "type": "Feature",
   "geometry": {
    "type": "Point",
    "coordinates": [
     138.3799416,
     35.6849754
    ]
   },
   "properties": {
    "id": "PK-n4245443302",
    "kind": "parking",
    "name": "（名称なし）駐車場",
    "datum": "WGS84",
    "mountainIds": "410",
    "mountainNames": "甘利山",
    "lists": "甲信越百名山",
    "routes": "",
    "entryType": "",
    "trailKmToSummit": "",
    "related": "TH-n2352138300(36m) TH-n2352138715(372m)",
    "attributes": "",
    "status": "provisional",
    "accuracyM": 20,
    "needsReview": "公式情報または2情報源での確認が必要、名称なし、登山口から離れている（徒歩アプローチを要確認）",
    "sources": "OpenStreetMap（© OpenStreetMap contributors, ODbL 1.0）Geofabrik japan-latest.osm.pbf 2026-09-18T20:21:10Z node/4245443302",
    "verifiedAt": ""
   }
  },
  {
   "type": "Feature",
   "geometry": {
    "type": "Point",
    "coordinates": [
     138.2903057,
     35.7992152
    ]
   },
   "properties": {
    "id": "PK-n4255923929",
    "kind": "parking",
    "name": "（名称なし）駐車場",
    "datum": "WGS84",
    "mountainIds": "393",
    "mountainNames": "鋸岳",
    "lists": "日本二百名山|日本三百名山",
    "routes": "",
    "entryType": "",
    "trailKmToSummit": "",
    "related": "TH-n1788813865(3m)",
    "attributes": "",
    "status": "provisional",
    "accuracyM": 20,
    "needsReview": "公式情報または2情報源での確認が必要、名称なし",
    "sources": "OpenStreetMap（© OpenStreetMap contributors, ODbL 1.0）Geofabrik japan-latest.osm.pbf 2026-09-18T20:21:10Z node/4255923929",
    "verifiedAt": ""
   }
  },
  {
   "type": "Feature",
   "geometry": {
    "type": "Point",
    "coordinates": [
     138.7106703,
     35.9542174
    ]
   },
   "properties": {
    "id": "PK-n4395997041",
    "kind": "parking",
    "name": "毛木場駐車場",
    "datum": "WGS84",
    "mountainIds": "365 374",
    "mountainNames": "甲武信ヶ岳、国師ヶ岳",
    "lists": "日本百名山|日本二百名山|日本三百名山|関東百名山|甲信越百名山",
    "routes": "",
    "entryType": "",
    "trailKmToSummit": "",
    "related": "TH-n4395997041(0m)",
    "attributes": "",
    "status": "provisional",
    "accuracyM": 20,
    "needsReview": "公式情報または2情報源での確認が必要",
    "sources": "OpenStreetMap（© OpenStreetMap contributors, ODbL 1.0）Geofabrik japan-latest.osm.pbf 2026-09-18T20:21:10Z node/4395997041",
    "verifiedAt": ""
   }
  },
  {
   "type": "Feature",
   "geometry": {
    "type": "Point",
    "coordinates": [
     137.5989592,
     36.2039102
    ]
   },
   "properties": {
    "id": "PK-n4410172239",
    "kind": "parking",
    "name": "（名称なし）駐車場",
    "datum": "WGS84",
    "mountainIds": "317 319 324",
    "mountainNames": "奥穂高岳、西穂独標、焼岳",
    "lists": "日本百名山|日本二百名山|日本三百名山|甲信越百名山|東海の百山",
    "routes": "",
    "entryType": "",
    "trailKmToSummit": "",
    "related": "TH-n297938948(32m)",
    "attributes": "",
    "status": "provisional",
    "accuracyM": 20,
    "needsReview": "公式情報または2情報源での確認が必要、名称なし",
    "sources": "OpenStreetMap（© OpenStreetMap contributors, ODbL 1.0）Geofabrik japan-latest.osm.pbf 2026-09-18T20:21:10Z node/4410172239",
    "verifiedAt": ""
   }
  },
  {
   "type": "Feature",
   "geometry": {
    "type": "Point",
    "coordinates": [
     138.9640582,
     36.8343677
    ]
   },
   "properties": {
    "id": "PK-n5192845381",
    "kind": "parking",
    "name": "（名称なし）駐車場",
    "datum": "WGS84",
    "mountainIds": "234 236 238 229",
    "mountainNames": "谷川岳、平標山、仙ノ倉山、朝日岳",
    "lists": "日本百名山|日本二百名山|日本三百名山|関東百名山|甲信越百名山",
    "routes": "",
    "entryType": "",
    "trailKmToSummit": "",
    "related": "TH-n2804972401(292m) TH-kP11-22-10-bs22(312m) TH-n766785733(202m)",
    "attributes": "",
    "status": "provisional",
    "accuracyM": 20,
    "needsReview": "公式情報または2情報源での確認が必要、名称なし、登山口から離れている（徒歩アプローチを要確認）",
    "sources": "OpenStreetMap（© OpenStreetMap contributors, ODbL 1.0）Geofabrik japan-latest.osm.pbf 2026-09-18T20:21:10Z node/5192845381",
    "verifiedAt": ""
   }
  },
  {
   "type": "Feature",
   "geometry": {
    "type": "Point",
    "coordinates": [
     138.9609844,
     36.8352607
    ]
   },
   "properties": {
    "id": "PK-n5192845382",
    "kind": "parking",
    "name": "（名称なし）駐車場",
    "datum": "WGS84",
    "mountainIds": "234 236 238 229",
    "mountainNames": "谷川岳、平標山、仙ノ倉山、朝日岳",
    "lists": "日本百名山|日本二百名山|日本三百名山|関東百名山|甲信越百名山",
    "routes": "",
    "entryType": "",
    "trailKmToSummit": "",
    "related": "TH-n2804972401(146m) TH-kP11-22-10-bs22(196m)",
    "attributes": "",
    "status": "provisional",
    "accuracyM": 20,
    "needsReview": "公式情報または2情報源での確認が必要、名称なし",
    "sources": "OpenStreetMap（© OpenStreetMap contributors, ODbL 1.0）Geofabrik japan-latest.osm.pbf 2026-09-18T20:21:10Z node/5192845382",
    "verifiedAt": ""
   }
  },
  {
   "type": "Feature",
   "geometry": {
    "type": "Point",
    "coordinates": [
     138.9625454,
     36.8361237
    ]
   },
   "properties": {
    "id": "PK-n5192845383",
    "kind": "parking",
    "name": "（名称なし）駐車場",
    "datum": "WGS84",
    "mountainIds": "234 236 238 229",
    "mountainNames": "谷川岳、平標山、仙ノ倉山、朝日岳",
    "lists": "日本百名山|日本二百名山|日本三百名山|関東百名山|甲信越百名山",
    "routes": "",
    "entryType": "",
    "trailKmToSummit": "",
    "related": "TH-n2804972401(63m) TH-kP11-22-10-bs22(76m)",
    "attributes": "",
    "status": "provisional",
    "accuracyM": 20,
    "needsReview": "公式情報または2情報源での確認が必要、名称なし",
    "sources": "OpenStreetMap（© OpenStreetMap contributors, ODbL 1.0）Geofabrik japan-latest.osm.pbf 2026-09-18T20:21:10Z node/5192845383",
    "verifiedAt": ""
   }
  },
  {
   "type": "Feature",
   "geometry": {
    "type": "Point",
    "coordinates": [
     138.8507602,
     35.6810694
    ]
   },
   "properties": {
    "id": "PK-n6248717068",
    "kind": "parking",
    "name": "（名称なし）駐車場",
    "datum": "WGS84",
    "mountainIds": "398 421",
    "mountainNames": "大菩薩嶺、滝子山",
    "lists": "日本百名山|日本二百名山|日本三百名山|甲信越百名山",
    "routes": "",
    "entryType": "",
    "trailKmToSummit": "",
    "related": "TH-n1605267173(41m)",
    "attributes": "fee=no",
    "status": "provisional",
    "accuracyM": 20,
    "needsReview": "公式情報または2情報源での確認が必要、名称なし",
    "sources": "OpenStreetMap（© OpenStreetMap contributors, ODbL 1.0）Geofabrik japan-latest.osm.pbf 2026-09-18T20:21:10Z node/6248717068",
    "verifiedAt": ""
   }
  },
  {
   "type": "Feature",
   "geometry": {
    "type": "Point",
    "coordinates": [
     138.8762341,
     36.8663219
    ]
   },
   "properties": {
    "id": "PK-n6360068823",
    "kind": "parking",
    "name": "Tsuchitaru PA",
    "datum": "WGS84",
    "mountainIds": "229 234",
    "mountainNames": "朝日岳、谷川岳",
    "lists": "日本三百名山|関東百名山|日本百名山|日本二百名山|甲信越百名山",
    "routes": "",
    "entryType": "",
    "trailKmToSummit": "",
    "related": "TH-n6360068823(0m)",
    "attributes": "",
    "status": "provisional",
    "accuracyM": 20,
    "needsReview": "公式情報または2情報源での確認が必要",
    "sources": "OpenStreetMap（© OpenStreetMap contributors, ODbL 1.0）Geofabrik japan-latest.osm.pbf 2026-09-18T20:21:10Z node/6360068823",
    "verifiedAt": ""
   }
  },
  {
   "type": "Feature",
   "geometry": {
    "type": "Point",
    "coordinates": [
     138.8094652,
     35.6458444
    ]
   },
   "properties": {
    "id": "PK-n6415978033",
    "kind": "parking",
    "name": "大和村福祉センター;田野の湯",
    "datum": "WGS84",
    "mountainIds": "421",
    "mountainNames": "滝子山",
    "lists": "甲信越百名山",
    "routes": "",
    "entryType": "",
    "trailKmToSummit": "",
    "related": "TH-n6415978033(0m)",
    "attributes": "",
    "status": "provisional",
    "accuracyM": 20,
    "needsReview": "公式情報または2情報源での確認が必要",
    "sources": "OpenStreetMap（© OpenStreetMap contributors, ODbL 1.0）Geofabrik japan-latest.osm.pbf 2026-09-18T20:21:10Z node/6415978033",
    "verifiedAt": ""
   }
  },
  {
   "type": "Feature",
   "geometry": {
    "type": "Point",
    "coordinates": [
     138.9086729,
     35.4347686
    ]
   },
   "properties": {
    "id": "PK-n6416220883",
    "kind": "parking",
    "name": "山中湖温泉;石割の湯",
    "datum": "WGS84",
    "mountainIds": "451",
    "mountainNames": "御正体山",
    "lists": "日本二百名山|日本三百名山|甲信越百名山",
    "routes": "",
    "entryType": "",
    "trailKmToSummit": "",
    "related": "TH-w168737682(81m)",
    "attributes": "",
    "status": "provisional",
    "accuracyM": 20,
    "needsReview": "公式情報または2情報源での確認が必要",
    "sources": "OpenStreetMap（© OpenStreetMap contributors, ODbL 1.0）Geofabrik japan-latest.osm.pbf 2026-09-18T20:21:10Z node/6416220883",
    "verifiedAt": ""
   }
  },
  {
   "type": "Feature",
   "geometry": {
    "type": "Point",
    "coordinates": [
     138.3297436,
     35.4056684
    ]
   },
   "properties": {
    "id": "PK-n6416252197",
    "kind": "parking",
    "name": "ヴィラ雨畑",
    "datum": "WGS84",
    "mountainIds": "491",
    "mountainNames": "七面山",
    "lists": "日本二百名山|日本三百名山|甲信越百名山",
    "routes": "",
    "entryType": "",
    "trailKmToSummit": "",
    "related": "TH-n6416252197(0m)",
    "attributes": "",
    "status": "provisional",
    "accuracyM": 20,
    "needsReview": "公式情報または2情報源での確認が必要",
    "sources": "OpenStreetMap（© OpenStreetMap contributors, ODbL 1.0）Geofabrik japan-latest.osm.pbf 2026-09-18T20:21:10Z node/6416252197",
    "verifiedAt": ""
   }
  },
  {
   "type": "Feature",
   "geometry": {
    "type": "Point",
    "coordinates": [
     138.9543038,
     36.788789
    ]
   },
   "properties": {
    "id": "PK-n6451185504",
    "kind": "parking",
    "name": "湯テルメ谷川",
    "datum": "WGS84",
    "mountainIds": "234 238",
    "mountainNames": "谷川岳、仙ノ倉山",
    "lists": "日本百名山|日本二百名山|日本三百名山|関東百名山|甲信越百名山",
    "routes": "",
    "entryType": "",
    "trailKmToSummit": "",
    "related": "TH-n6451198139(289m)",
    "attributes": "",
    "status": "provisional",
    "accuracyM": 20,
    "needsReview": "公式情報または2情報源での確認が必要",
    "sources": "OpenStreetMap（© OpenStreetMap contributors, ODbL 1.0）Geofabrik japan-latest.osm.pbf 2026-09-18T20:21:10Z node/6451185504",
    "verifiedAt": ""
   }
  },
  {
   "type": "Feature",
   "geometry": {
    "type": "Point",
    "coordinates": [
     138.9538586,
     36.7913813
    ]
   },
   "properties": {
    "id": "PK-n6451198139",
    "kind": "parking",
    "name": "貸切かけ流し温泉;ゆう",
    "datum": "WGS84",
    "mountainIds": "234 238",
    "mountainNames": "谷川岳、仙ノ倉山",
    "lists": "日本百名山|日本二百名山|日本三百名山|関東百名山|甲信越百名山",
    "routes": "",
    "entryType": "",
    "trailKmToSummit": "",
    "related": "TH-n6451198139(0m)",
    "attributes": "",
    "status": "provisional",
    "accuracyM": 20,
    "needsReview": "公式情報または2情報源での確認が必要",
    "sources": "OpenStreetMap（© OpenStreetMap contributors, ODbL 1.0）Geofabrik japan-latest.osm.pbf 2026-09-18T20:21:10Z node/6451198139",
    "verifiedAt": ""
   }
  },
  {
   "type": "Feature",
   "geometry": {
    "type": "Point",
    "coordinates": [
     138.795251,
     36.7885653
    ]
   },
   "properties": {
    "id": "PK-n6537751083",
    "kind": "parking",
    "name": "苗場温泉;雪ささの湯",
    "datum": "WGS84",
    "mountainIds": "236 238",
    "mountainNames": "平標山、仙ノ倉山",
    "lists": "甲信越百名山|日本二百名山|日本三百名山|関東百名山",
    "routes": "",
    "entryType": "",
    "trailKmToSummit": "",
    "related": "TH-n6537751083(0m)",
    "attributes": "",
    "status": "provisional",
    "accuracyM": 20,
    "needsReview": "公式情報または2情報源での確認が必要",
    "sources": "OpenStreetMap（© OpenStreetMap contributors, ODbL 1.0）Geofabrik japan-latest.osm.pbf 2026-09-18T20:21:10Z node/6537751083",
    "verifiedAt": ""
   }
  },
  {
   "type": "Feature",
   "geometry": {
    "type": "Point",
    "coordinates": [
     137.837115,
     36.6635855
    ]
   },
   "properties": {
    "id": "PK-n6577768194",
    "kind": "parking",
    "name": "エスカルプラザ;竜神の湯",
    "datum": "WGS84",
    "mountainIds": "260 263 267",
    "mountainNames": "唐松岳、五竜岳、鹿島槍ヶ岳",
    "lists": "日本三百名山|甲信越百名山|日本百名山|日本二百名山",
    "routes": "",
    "entryType": "",
    "trailKmToSummit": "",
    "related": "TH-n3152446976(480m)",
    "attributes": "",
    "status": "provisional",
    "accuracyM": 20,
    "needsReview": "公式情報または2情報源での確認が必要、登山口から離れている（徒歩アプローチを要確認）",
    "sources": "OpenStreetMap（© OpenStreetMap contributors, ODbL 1.0）Geofabrik japan-latest.osm.pbf 2026-09-18T20:21:10Z node/6577768194",
    "verifiedAt": ""
   }
  },
  {
   "type": "Feature",
   "geometry": {
    "type": "Point",
    "coordinates": [
     137.4475117,
     35.9233059
    ]
   },
   "properties": {
    "id": "PK-n6717809150",
    "kind": "parking",
    "name": "濁河温泉;市営露天風呂（Ｐ無）",
    "datum": "WGS84",
    "mountainIds": "370",
    "mountainNames": "御嶽山",
    "lists": "日本百名山|日本二百名山|日本三百名山|甲信越百名山|東海の百山",
    "routes": "",
    "entryType": "",
    "trailKmToSummit": "",
    "related": "TH-n5445219642(76m) TH-n1294549742(277m) TH-n1294199557(372m)",
    "attributes": "",
    "status": "provisional",
    "accuracyM": 20,
    "needsReview": "公式情報または2情報源での確認が必要、登山口から離れている（徒歩アプローチを要確認）",
    "sources": "OpenStreetMap（© OpenStreetMap contributors, ODbL 1.0）Geofabrik japan-latest.osm.pbf 2026-09-18T20:21:10Z node/6717809150",
    "verifiedAt": ""
   }
  },
  {
   "type": "Feature",
   "geometry": {
    "type": "Point",
    "coordinates": [
     138.8321109,
     35.7320117
    ]
   },
   "properties": {
    "id": "PK-n705087946",
    "kind": "parking",
    "name": "（名称なし）駐車場",
    "datum": "WGS84",
    "mountainIds": "388 398",
    "mountainNames": "黒川鶏冠山、大菩薩嶺",
    "lists": "甲信越百名山|日本百名山|日本二百名山|日本三百名山",
    "routes": "",
    "entryType": "",
    "trailKmToSummit": "",
    "related": "TH-kP11-22-19-bs524(15m)",
    "attributes": "",
    "status": "provisional",
    "accuracyM": 20,
    "needsReview": "公式情報または2情報源での確認が必要、名称なし",
    "sources": "OpenStreetMap（© OpenStreetMap contributors, ODbL 1.0）Geofabrik japan-latest.osm.pbf 2026-09-18T20:21:10Z node/705087946",
    "verifiedAt": ""
   }
  },
  {
   "type": "Feature",
   "geometry": {
    "type": "Point",
    "coordinates": [
     138.8325402,
     35.7313863
    ]
   },
   "properties": {
    "id": "PK-n705087947",
    "kind": "parking",
    "name": "（名称なし）駐車場",
    "datum": "WGS84",
    "mountainIds": "388 398",
    "mountainNames": "黒川鶏冠山、大菩薩嶺",
    "lists": "甲信越百名山|日本百名山|日本二百名山|日本三百名山",
    "routes": "",
    "entryType": "",
    "trailKmToSummit": "",
    "related": "TH-kP11-22-19-bs524(65m)",
    "attributes": "",
    "status": "provisional",
    "accuracyM": 20,
    "needsReview": "公式情報または2情報源での確認が必要、名称なし",
    "sources": "OpenStreetMap（© OpenStreetMap contributors, ODbL 1.0）Geofabrik japan-latest.osm.pbf 2026-09-18T20:21:10Z node/705087947",
    "verifiedAt": ""
   }
  },
  {
   "type": "Feature",
   "geometry": {
    "type": "Point",
    "coordinates": [
     138.5790311,
     35.9050501
    ]
   },
   "properties": {
    "id": "PK-n7656562819",
    "kind": "parking",
    "name": "（名称なし）駐車場",
    "datum": "WGS84",
    "mountainIds": "369 373",
    "mountainNames": "瑞牆山、金峰山",
    "lists": "日本百名山|日本二百名山|日本三百名山|甲信越百名山",
    "routes": "",
    "entryType": "",
    "trailKmToSummit": "",
    "related": "TH-n1788958095(36m)",
    "attributes": "",
    "status": "provisional",
    "accuracyM": 20,
    "needsReview": "公式情報または2情報源での確認が必要、名称なし",
    "sources": "OpenStreetMap（© OpenStreetMap contributors, ODbL 1.0）Geofabrik japan-latest.osm.pbf 2026-09-18T20:21:10Z node/7656562819",
    "verifiedAt": ""
   }
  },
  {
   "type": "Feature",
   "geometry": {
    "type": "Point",
    "coordinates": [
     138.9531712,
     36.8412025
    ]
   },
   "properties": {
    "id": "PK-n766785322",
    "kind": "parking",
    "name": "（名称なし）駐車場",
    "datum": "WGS84",
    "mountainIds": "229 234 236 238",
    "mountainNames": "朝日岳、谷川岳、平標山、仙ノ倉山",
    "lists": "日本三百名山|関東百名山|日本百名山|日本二百名山|甲信越百名山",
    "routes": "",
    "entryType": "",
    "trailKmToSummit": "",
    "related": "TH-n8442139327(91m)",
    "attributes": "",
    "status": "provisional",
    "accuracyM": 20,
    "needsReview": "公式情報または2情報源での確認が必要、名称なし",
    "sources": "OpenStreetMap（© OpenStreetMap contributors, ODbL 1.0）Geofabrik japan-latest.osm.pbf 2026-09-18T20:21:10Z node/766785322",
    "verifiedAt": ""
   }
  },
  {
   "type": "Feature",
   "geometry": {
    "type": "Point",
    "coordinates": [
     137.9010273,
     35.8237314
    ]
   },
   "properties": {
    "id": "PK-n8685928809",
    "kind": "parking",
    "name": "（名称なし）駐車場",
    "datum": "WGS84",
    "mountainIds": "389 391",
    "mountainNames": "木曽駒ヶ岳、宝剣岳",
    "lists": "日本百名山|日本二百名山|日本三百名山|甲信越百名山|東海の百山",
    "routes": "",
    "entryType": "",
    "trailKmToSummit": "",
    "related": "TH-n1588994641(21m)",
    "attributes": "",
    "status": "provisional",
    "accuracyM": 20,
    "needsReview": "公式情報または2情報源での確認が必要、名称なし",
    "sources": "OpenStreetMap（© OpenStreetMap contributors, ODbL 1.0）Geofabrik japan-latest.osm.pbf 2026-09-18T20:21:10Z node/8685928809",
    "verifiedAt": ""
   }
  },
  {
   "type": "Feature",
   "geometry": {
    "type": "Point",
    "coordinates": [
     138.3968097,
     35.6069606
    ]
   },
   "properties": {
    "id": "PK-n8984393603",
    "kind": "parking",
    "name": "（名称なし）駐車場",
    "datum": "WGS84",
    "mountainIds": "427",
    "mountainNames": "櫛形山",
    "lists": "日本二百名山|日本三百名山|甲信越百名山",
    "routes": "",
    "entryType": "",
    "trailKmToSummit": "",
    "related": "TH-n8012544868(69m)",
    "attributes": "",
    "status": "provisional",
    "accuracyM": 20,
    "needsReview": "公式情報または2情報源での確認が必要、名称なし",
    "sources": "OpenStreetMap（© OpenStreetMap contributors, ODbL 1.0）Geofabrik japan-latest.osm.pbf 2026-09-18T20:21:10Z node/8984393603",
    "verifiedAt": ""
   }
  },
  {
   "type": "Feature",
   "geometry": {
    "type": "Point",
    "coordinates": [
     138.3623882,
     35.5850015
    ]
   },
   "properties": {
    "id": "PK-n8984428206",
    "kind": "parking",
    "name": "（名称なし）駐車場",
    "datum": "WGS84",
    "mountainIds": "427",
    "mountainNames": "櫛形山",
    "lists": "日本二百名山|日本三百名山|甲信越百名山",
    "routes": "",
    "entryType": "",
    "trailKmToSummit": "",
    "related": "TH-n2352858196(6m)",
    "attributes": "",
    "status": "provisional",
    "accuracyM": 20,
    "needsReview": "公式情報または2情報源での確認が必要、名称なし",
    "sources": "OpenStreetMap（© OpenStreetMap contributors, ODbL 1.0）Geofabrik japan-latest.osm.pbf 2026-09-18T20:21:10Z node/8984428206",
    "verifiedAt": ""
   }
  },
  {
   "type": "Feature",
   "geometry": {
    "type": "Point",
    "coordinates": [
     138.7954635,
     35.5562995
    ]
   },
   "properties": {
    "id": "PK-n8997244594",
    "kind": "parking",
    "name": "（名称なし）駐車場",
    "datum": "WGS84",
    "mountainIds": "434 437",
    "mountainNames": "黒岳、三ッ峠山",
    "lists": "日本三百名山|甲信越百名山|日本二百名山",
    "routes": "",
    "entryType": "",
    "trailKmToSummit": "",
    "related": "TH-n11282378965(314m) TH-n1252496763(58m)",
    "attributes": "",
    "status": "provisional",
    "accuracyM": 20,
    "needsReview": "公式情報または2情報源での確認が必要、名称なし、登山口から離れている（徒歩アプローチを要確認）",
    "sources": "OpenStreetMap（© OpenStreetMap contributors, ODbL 1.0）Geofabrik japan-latest.osm.pbf 2026-09-18T20:21:10Z node/8997244594",
    "verifiedAt": ""
   }
  },
  {
   "type": "Feature",
   "geometry": {
    "type": "Point",
    "coordinates": [
     138.3786747,
     35.3860375
    ]
   },
   "properties": {
    "id": "PK-n9052621625",
    "kind": "parking",
    "name": "（名称なし）駐車場",
    "datum": "WGS84",
    "mountainIds": "491",
    "mountainNames": "七面山",
    "lists": "日本二百名山|日本三百名山|甲信越百名山",
    "routes": "",
    "entryType": "",
    "trailKmToSummit": "",
    "related": "TH-n1280895239(240m)",
    "attributes": "",
    "status": "provisional",
    "accuracyM": 20,
    "needsReview": "公式情報または2情報源での確認が必要、名称なし",
    "sources": "OpenStreetMap（© OpenStreetMap contributors, ODbL 1.0）Geofabrik japan-latest.osm.pbf 2026-09-18T20:21:10Z node/9052621625",
    "verifiedAt": ""
   }
  },
  {
   "type": "Feature",
   "geometry": {
    "type": "Point",
    "coordinates": [
     138.3794633,
     35.3859676
    ]
   },
   "properties": {
    "id": "PK-n9052621626",
    "kind": "parking",
    "name": "（名称なし）駐車場",
    "datum": "WGS84",
    "mountainIds": "491",
    "mountainNames": "七面山",
    "lists": "日本二百名山|日本三百名山|甲信越百名山",
    "routes": "",
    "entryType": "",
    "trailKmToSummit": "",
    "related": "TH-n1280895239(185m)",
    "attributes": "",
    "status": "provisional",
    "accuracyM": 20,
    "needsReview": "公式情報または2情報源での確認が必要、名称なし",
    "sources": "OpenStreetMap（© OpenStreetMap contributors, ODbL 1.0）Geofabrik japan-latest.osm.pbf 2026-09-18T20:21:10Z node/9052621626",
    "verifiedAt": ""
   }
  },
  {
   "type": "Feature",
   "geometry": {
    "type": "Point",
    "coordinates": [
     138.8762071,
     36.8660787
    ]
   },
   "properties": {
    "id": "PK-n9660193990",
    "kind": "parking",
    "name": "障がい者等用駐車スペース",
    "datum": "WGS84",
    "mountainIds": "229 234",
    "mountainNames": "朝日岳、谷川岳",
    "lists": "日本三百名山|関東百名山|日本百名山|日本二百名山|甲信越百名山",
    "routes": "",
    "entryType": "",
    "trailKmToSummit": "",
    "related": "TH-n6360068823(27m)",
    "attributes": "",
    "status": "provisional",
    "accuracyM": 20,
    "needsReview": "公式情報または2情報源での確認が必要",
    "sources": "OpenStreetMap（© OpenStreetMap contributors, ODbL 1.0）Geofabrik japan-latest.osm.pbf 2026-09-18T20:21:10Z node/9660193990",
    "verifiedAt": ""
   }
  },
  {
   "type": "Feature",
   "geometry": {
    "type": "Point",
    "coordinates": [
     137.6519466,
     35.4604059
    ]
   },
   "properties": {
    "id": "PK-w1013987573",
    "kind": "parking",
    "name": "（名称なし）駐車場",
    "datum": "WGS84",
    "mountainIds": "455",
    "mountainNames": "富士見台高原",
    "lists": "東海の百山",
    "routes": "",
    "entryType": "",
    "trailKmToSummit": "",
    "related": "TH-n12054128640(186m)",
    "attributes": "",
    "status": "provisional",
    "accuracyM": 40,
    "needsReview": "公式情報または2情報源での確認が必要、名称なし",
    "sources": "OpenStreetMap（© OpenStreetMap contributors, ODbL 1.0）Geofabrik japan-latest.osm.pbf 2026-09-18T20:21:10Z way/1013987573",
    "verifiedAt": ""
   }
  },
  {
   "type": "Feature",
   "geometry": {
    "type": "Point",
    "coordinates": [
     137.7996738,
     36.7471948
    ]
   },
   "properties": {
    "id": "PK-w1039520190",
    "kind": "parking",
    "name": "（名称なし）駐車場",
    "datum": "WGS84",
    "mountainIds": "248 253 260",
    "mountainNames": "白馬岳、鑓ヶ岳、唐松岳",
    "lists": "日本百名山|日本二百名山|日本三百名山|甲信越百名山",
    "routes": "",
    "entryType": "",
    "trailKmToSummit": "",
    "related": "TH-kP11-22-20-bs655(209m)",
    "attributes": "",
    "status": "provisional",
    "accuracyM": 40,
    "needsReview": "公式情報または2情報源での確認が必要、名称なし",
    "sources": "OpenStreetMap（© OpenStreetMap contributors, ODbL 1.0）Geofabrik japan-latest.osm.pbf 2026-09-18T20:21:10Z way/1039520190",
    "verifiedAt": ""
   }
  },
  {
   "type": "Feature",
   "geometry": {
    "type": "Point",
    "coordinates": [
     137.8012765,
     36.7458556
    ]
   },
   "properties": {
    "id": "PK-w1039520191",
    "kind": "parking",
    "name": "（名称なし）駐車場",
    "datum": "WGS84",
    "mountainIds": "248 253 260",
    "mountainNames": "白馬岳、鑓ヶ岳、唐松岳",
    "lists": "日本百名山|日本二百名山|日本三百名山|甲信越百名山",
    "routes": "",
    "entryType": "",
    "trailKmToSummit": "",
    "related": "TH-kP11-22-20-bs655(13m)",
    "attributes": "",
    "status": "provisional",
    "accuracyM": 40,
    "needsReview": "公式情報または2情報源での確認が必要、名称なし",
    "sources": "OpenStreetMap（© OpenStreetMap contributors, ODbL 1.0）Geofabrik japan-latest.osm.pbf 2026-09-18T20:21:10Z way/1039520191",
    "verifiedAt": ""
   }
  },
  {
   "type": "Feature",
   "geometry": {
    "type": "Point",
    "coordinates": [
     137.6323733,
     35.4723471
    ]
   },
   "properties": {
    "id": "PK-w1043333026",
    "kind": "parking",
    "name": "（名称なし）駐車場",
    "datum": "WGS84",
    "mountainIds": "455 463",
    "mountainNames": "富士見台高原、恵那山",
    "lists": "東海の百山|日本百名山|日本二百名山|日本三百名山",
    "routes": "",
    "entryType": "",
    "trailKmToSummit": "",
    "related": "TH-n12058453803(9m) TH-n1301159600(254m) TH-n5325094157(462m)",
    "attributes": "",
    "status": "provisional",
    "accuracyM": 40,
    "needsReview": "公式情報または2情報源での確認が必要、名称なし、登山口から離れている（徒歩アプローチを要確認）",
    "sources": "OpenStreetMap（© OpenStreetMap contributors, ODbL 1.0）Geofabrik japan-latest.osm.pbf 2026-09-18T20:21:10Z way/1043333026",
    "verifiedAt": ""
   }
  },
  {
   "type": "Feature",
   "geometry": {
    "type": "Point",
    "coordinates": [
     139.032438,
     37.0566271
    ]
   },
   "properties": {
    "id": "PK-w1050411065",
    "kind": "parking",
    "name": "（名称なし）駐車場",
    "datum": "WGS84",
    "mountainIds": "205 206 207 209",
    "mountainNames": "越後駒ヶ岳、八海山、荒沢岳、中ノ岳",
    "lists": "日本百名山|日本二百名山|日本三百名山|甲信越百名山",
    "routes": "",
    "entryType": "",
    "trailKmToSummit": "",
    "related": "TH-n2354159381(207m)",
    "attributes": "",
    "status": "provisional",
    "accuracyM": 40,
    "needsReview": "公式情報または2情報源での確認が必要、名称なし",
    "sources": "OpenStreetMap（© OpenStreetMap contributors, ODbL 1.0）Geofabrik japan-latest.osm.pbf 2026-09-18T20:21:10Z way/1050411065",
    "verifiedAt": ""
   }
  },
  {
   "type": "Feature",
   "geometry": {
    "type": "Point",
    "coordinates": [
     139.0324412,
     37.056427
    ]
   },
   "properties": {
    "id": "PK-w1050411066",
    "kind": "parking",
    "name": "（名称なし）駐車場",
    "datum": "WGS84",
    "mountainIds": "205 206 207 209",
    "mountainNames": "越後駒ヶ岳、八海山、荒沢岳、中ノ岳",
    "lists": "日本百名山|日本二百名山|日本三百名山|甲信越百名山",
    "routes": "",
    "entryType": "",
    "trailKmToSummit": "",
    "related": "TH-n2354159381(229m)",
    "attributes": "",
    "status": "provisional",
    "accuracyM": 40,
    "needsReview": "公式情報または2情報源での確認が必要、名称なし",
    "sources": "OpenStreetMap（© OpenStreetMap contributors, ODbL 1.0）Geofabrik japan-latest.osm.pbf 2026-09-18T20:21:10Z way/1050411066",
    "verifiedAt": ""
   }
  },
  {
   "type": "Feature",
   "geometry": {
    "type": "Point",
    "coordinates": [
     137.6691651,
     35.5122752
    ]
   },
   "properties": {
    "id": "PK-w1053539573",
    "kind": "parking",
    "name": "（名称なし）駐車場",
    "datum": "WGS84",
    "mountainIds": "455",
    "mountainNames": "富士見台高原",
    "lists": "東海の百山",
    "routes": "",
    "entryType": "",
    "trailKmToSummit": "",
    "related": "TH-n9681906796(466m)",
    "attributes": "",
    "status": "provisional",
    "accuracyM": 40,
    "needsReview": "公式情報または2情報源での確認が必要、名称なし、登山口から離れている（徒歩アプローチを要確認）",
    "sources": "OpenStreetMap（© OpenStreetMap contributors, ODbL 1.0）Geofabrik japan-latest.osm.pbf 2026-09-18T20:21:10Z way/1053539573",
    "verifiedAt": ""
   }
  },
  {
   "type": "Feature",
   "geometry": {
    "type": "Point",
    "coordinates": [
     137.668286,
     35.5123741
    ]
   },
   "properties": {
    "id": "PK-w1053539575",
    "kind": "parking",
    "name": "（名称なし）駐車場",
    "datum": "WGS84",
    "mountainIds": "455",
    "mountainNames": "富士見台高原",
    "lists": "東海の百山",
    "routes": "",
    "entryType": "",
    "trailKmToSummit": "",
    "related": "TH-n9681906796(398m)",
    "attributes": "",
    "status": "provisional",
    "accuracyM": 40,
    "needsReview": "公式情報または2情報源での確認が必要、名称なし、登山口から離れている（徒歩アプローチを要確認）",
    "sources": "OpenStreetMap（© OpenStreetMap contributors, ODbL 1.0）Geofabrik japan-latest.osm.pbf 2026-09-18T20:21:10Z way/1053539575",
    "verifiedAt": ""
   }
  },
  {
   "type": "Feature",
   "geometry": {
    "type": "Point",
    "coordinates": [
     137.664426,
     35.5108306
    ]
   },
   "properties": {
    "id": "PK-w1053557331",
    "kind": "parking",
    "name": "（名称なし）駐車場",
    "datum": "WGS84",
    "mountainIds": "455",
    "mountainNames": "富士見台高原",
    "lists": "東海の百山",
    "routes": "",
    "entryType": "",
    "trailKmToSummit": "",
    "related": "TH-n9681906796(10m)",
    "attributes": "",
    "status": "provisional",
    "accuracyM": 40,
    "needsReview": "公式情報または2情報源での確認が必要、名称なし",
    "sources": "OpenStreetMap（© OpenStreetMap contributors, ODbL 1.0）Geofabrik japan-latest.osm.pbf 2026-09-18T20:21:10Z way/1053557331",
    "verifiedAt": ""
   }
  },
  {
   "type": "Feature",
   "geometry": {
    "type": "Point",
    "coordinates": [
     137.8403138,
     35.5703187
    ]
   },
   "properties": {
    "id": "PK-w1096478229",
    "kind": "parking",
    "name": "（名称なし）駐車場",
    "datum": "WGS84",
    "mountainIds": "411 420",
    "mountainNames": "越百山、安平路山",
    "lists": "日本三百名山|甲信越百名山|日本二百名山",
    "routes": "",
    "entryType": "",
    "trailKmToSummit": "",
    "related": "TH-n7947689641(341m)",
    "attributes": "",
    "status": "provisional",
    "accuracyM": 40,
    "needsReview": "公式情報または2情報源での確認が必要、名称なし、登山口から離れている（徒歩アプローチを要確認）",
    "sources": "OpenStreetMap（© OpenStreetMap contributors, ODbL 1.0）Geofabrik japan-latest.osm.pbf 2026-09-18T20:21:10Z way/1096478229",
    "verifiedAt": ""
   }
  },
  {
   "type": "Feature",
   "geometry": {
    "type": "Point",
    "coordinates": [
     138.2984974,
     35.7973244
    ]
   },
   "properties": {
    "id": "PK-w1106243588",
    "kind": "parking",
    "name": "尾白川渓谷 駐車場",
    "datum": "WGS84",
    "mountainIds": "393 397 402",
    "mountainNames": "鋸岳、甲斐駒ヶ岳、アサヨ峰",
    "lists": "日本二百名山|日本三百名山|日本百名山|甲信越百名山",
    "routes": "",
    "entryType": "",
    "trailKmToSummit": "",
    "related": "TH-n3076039066(356m) TH-n3076039076(50m)",
    "attributes": "fee=no; access=yes",
    "status": "provisional",
    "accuracyM": 40,
    "needsReview": "公式情報または2情報源での確認が必要、登山口から離れている（徒歩アプローチを要確認）",
    "sources": "OpenStreetMap（© OpenStreetMap contributors, ODbL 1.0）Geofabrik japan-latest.osm.pbf 2026-09-18T20:21:10Z way/1106243588",
    "verifiedAt": ""
   }
  },
  {
   "type": "Feature",
   "geometry": {
    "type": "Point",
    "coordinates": [
     137.6233596,
     35.471347
    ]
   },
   "properties": {
    "id": "PK-w1123233196",
    "kind": "parking",
    "name": "（名称なし）駐車場",
    "datum": "WGS84",
    "mountainIds": "463",
    "mountainNames": "恵那山",
    "lists": "日本百名山|日本二百名山|日本三百名山|東海の百山",
    "routes": "",
    "entryType": "",
    "trailKmToSummit": "",
    "related": "TH-n10959521226(7m)",
    "attributes": "operator=恵那山・追分登山口駐車場",
    "status": "provisional",
    "accuracyM": 40,
    "needsReview": "公式情報または2情報源での確認が必要、名称なし",
    "sources": "OpenStreetMap（© OpenStreetMap contributors, ODbL 1.0）Geofabrik japan-latest.osm.pbf 2026-09-18T20:21:10Z way/1123233196",
    "verifiedAt": ""
   }
  },
  {
   "type": "Feature",
   "geometry": {
    "type": "Point",
    "coordinates": [
     137.6216064,
     35.4717111
    ]
   },
   "properties": {
    "id": "PK-w1123234657",
    "kind": "parking",
    "name": "大杉駐車場",
    "datum": "WGS84",
    "mountainIds": "463",
    "mountainNames": "恵那山",
    "lists": "日本百名山|日本二百名山|日本三百名山|東海の百山",
    "routes": "",
    "entryType": "",
    "trailKmToSummit": "",
    "related": "TH-n10959521226(167m)",
    "attributes": "access=yes",
    "status": "provisional",
    "accuracyM": 40,
    "needsReview": "公式情報または2情報源での確認が必要",
    "sources": "OpenStreetMap（© OpenStreetMap contributors, ODbL 1.0）Geofabrik japan-latest.osm.pbf 2026-09-18T20:21:10Z way/1123234657",
    "verifiedAt": ""
   }
  },
  {
   "type": "Feature",
   "geometry": {
    "type": "Point",
    "coordinates": [
     137.4408855,
     36.1487259
    ]
   },
   "properties": {
    "id": "PK-w1133612446",
    "kind": "parking",
    "name": "（名称なし）駐車場",
    "datum": "WGS84",
    "mountainIds": "336",
    "mountainNames": "乗鞍岳",
    "lists": "日本百名山|日本二百名山|日本三百名山|甲信越百名山|東海の百山",
    "routes": "",
    "entryType": "",
    "trailKmToSummit": "",
    "related": "TH-kP11-22-21-bs590(117m)",
    "attributes": "",
    "status": "provisional",
    "accuracyM": 40,
    "needsReview": "公式情報または2情報源での確認が必要、名称なし",
    "sources": "OpenStreetMap（© OpenStreetMap contributors, ODbL 1.0）Geofabrik japan-latest.osm.pbf 2026-09-18T20:21:10Z way/1133612446",
    "verifiedAt": ""
   }
  },
  {
   "type": "Feature",
   "geometry": {
    "type": "Point",
    "coordinates": [
     138.1483028,
     36.90077
    ]
   },
   "properties": {
    "id": "PK-w1204925842",
    "kind": "parking",
    "name": "（名称なし）駐車場",
    "datum": "WGS84",
    "mountainIds": "227 222 223",
    "mountainNames": "妙高山、火打山、焼山",
    "lists": "日本百名山|日本二百名山|日本三百名山|甲信越百名山",
    "routes": "",
    "entryType": "",
    "trailKmToSummit": "",
    "related": "TH-n13605119301(204m) TH-n3786002487(450m)",
    "attributes": "fee=no; access=yes",
    "status": "provisional",
    "accuracyM": 40,
    "needsReview": "公式情報または2情報源での確認が必要、名称なし、登山口から離れている（徒歩アプローチを要確認）",
    "sources": "OpenStreetMap（© OpenStreetMap contributors, ODbL 1.0）Geofabrik japan-latest.osm.pbf 2026-09-18T20:21:10Z way/1204925842",
    "verifiedAt": ""
   }
  },
  {
   "type": "Feature",
   "geometry": {
    "type": "Point",
    "coordinates": [
     138.7837559,
     35.5565932
    ]
   },
   "properties": {
    "id": "PK-w1217644711",
    "kind": "parking",
    "name": "（名称なし）駐車場",
    "datum": "WGS84",
    "mountainIds": "434 437",
    "mountainNames": "黒岳、三ッ峠山",
    "lists": "日本三百名山|甲信越百名山|日本二百名山",
    "routes": "",
    "entryType": "",
    "trailKmToSummit": "",
    "related": "TH-n1252490120(7m)",
    "attributes": "",
    "status": "provisional",
    "accuracyM": 40,
    "needsReview": "公式情報または2情報源での確認が必要、名称なし",
    "sources": "OpenStreetMap（© OpenStreetMap contributors, ODbL 1.0）Geofabrik japan-latest.osm.pbf 2026-09-18T20:21:10Z way/1217644711",
    "verifiedAt": ""
   }
  },
  {
   "type": "Feature",
   "geometry": {
    "type": "Point",
    "coordinates": [
     138.3283113,
     36.0241682
    ]
   },
   "properties": {
    "id": "PK-w1219464903",
    "kind": "parking",
    "name": "（名称なし）駐車場",
    "datum": "WGS84",
    "mountainIds": "350 355",
    "mountainNames": "天狗岳、八ヶ岳",
    "lists": "日本二百名山|日本三百名山|甲信越百名山|日本百名山",
    "routes": "",
    "entryType": "",
    "trailKmToSummit": "",
    "related": "TH-n4346397970(130m)",
    "attributes": "access=customers",
    "status": "provisional",
    "accuracyM": 40,
    "needsReview": "公式情報または2情報源での確認が必要、名称なし",
    "sources": "OpenStreetMap（© OpenStreetMap contributors, ODbL 1.0）Geofabrik japan-latest.osm.pbf 2026-09-18T20:21:10Z way/1219464903",
    "verifiedAt": ""
   }
  },
  {
   "type": "Feature",
   "geometry": {
    "type": "Point",
    "coordinates": [
     138.3289256,
     36.024563
    ]
   },
   "properties": {
    "id": "PK-w1219464904",
    "kind": "parking",
    "name": "（名称なし）駐車場",
    "datum": "WGS84",
    "mountainIds": "350 355",
    "mountainNames": "天狗岳、八ヶ岳",
    "lists": "日本二百名山|日本三百名山|甲信越百名山|日本百名山",
    "routes": "",
    "entryType": "",
    "trailKmToSummit": "",
    "related": "TH-n4346397970(64m)",
    "attributes": "access=customers",
    "status": "provisional",
    "accuracyM": 40,
    "needsReview": "公式情報または2情報源での確認が必要、名称なし",
    "sources": "OpenStreetMap（© OpenStreetMap contributors, ODbL 1.0）Geofabrik japan-latest.osm.pbf 2026-09-18T20:21:10Z way/1219464904",
    "verifiedAt": ""
   }
  },
  {
   "type": "Feature",
   "geometry": {
    "type": "Point",
    "coordinates": [
     138.319649,
     36.1123227
    ]
   },
   "properties": {
    "id": "PK-w1219501271",
    "kind": "parking",
    "name": "（名称なし）駐車場",
    "datum": "WGS84",
    "mountainIds": "337 341",
    "mountainNames": "蓼科山、北横岳",
    "lists": "日本百名山|日本二百名山|日本三百名山|甲信越百名山",
    "routes": "",
    "entryType": "",
    "trailKmToSummit": "",
    "related": "TH-n4341357284(44m)",
    "attributes": "",
    "status": "provisional",
    "accuracyM": 40,
    "needsReview": "公式情報または2情報源での確認が必要、名称なし",
    "sources": "OpenStreetMap（© OpenStreetMap contributors, ODbL 1.0）Geofabrik japan-latest.osm.pbf 2026-09-18T20:21:10Z way/1219501271",
    "verifiedAt": ""
   }
  },
  {
   "type": "Feature",
   "geometry": {
    "type": "Point",
    "coordinates": [
     138.3197628,
     36.1124363
    ]
   },
   "properties": {
    "id": "PK-w1219501272",
    "kind": "parking",
    "name": "（名称なし）駐車場",
    "datum": "WGS84",
    "mountainIds": "337 341",
    "mountainNames": "蓼科山、北横岳",
    "lists": "日本百名山|日本二百名山|日本三百名山|甲信越百名山",
    "routes": "",
    "entryType": "",
    "trailKmToSummit": "",
    "related": "TH-n4341357284(57m)",
    "attributes": "",
    "status": "provisional",
    "accuracyM": 40,
    "needsReview": "公式情報または2情報源での確認が必要、名称なし",
    "sources": "OpenStreetMap（© OpenStreetMap contributors, ODbL 1.0）Geofabrik japan-latest.osm.pbf 2026-09-18T20:21:10Z way/1219501272",
    "verifiedAt": ""
   }
  },
  {
   "type": "Feature",
   "geometry": {
    "type": "Point",
    "coordinates": [
     138.07766,
     36.7507559
    ]
   },
   "properties": {
    "id": "PK-w1226070623",
    "kind": "parking",
    "name": "（名称なし）駐車場",
    "datum": "WGS84",
    "mountainIds": "242 245",
    "mountainNames": "高妻山、戸隠山",
    "lists": "日本百名山|日本二百名山|日本三百名山|甲信越百名山",
    "routes": "",
    "entryType": "",
    "trailKmToSummit": "",
    "related": "TH-n1878498136(110m)",
    "attributes": "fee=no; access=yes",
    "status": "provisional",
    "accuracyM": 40,
    "needsReview": "公式情報または2情報源での確認が必要、名称なし",
    "sources": "OpenStreetMap（© OpenStreetMap contributors, ODbL 1.0）Geofabrik japan-latest.osm.pbf 2026-09-18T20:21:10Z way/1226070623",
    "verifiedAt": ""
   }
  },
  {
   "type": "Feature",
   "geometry": {
    "type": "Point",
    "coordinates": [
     138.0785301,
     36.7510646
    ]
   },
   "properties": {
    "id": "PK-w1226070624",
    "kind": "parking",
    "name": "（名称なし）駐車場",
    "datum": "WGS84",
    "mountainIds": "242 245",
    "mountainNames": "高妻山、戸隠山",
    "lists": "日本百名山|日本二百名山|日本三百名山|甲信越百名山",
    "routes": "",
    "entryType": "",
    "trailKmToSummit": "",
    "related": "TH-n1878498136(142m)",
    "attributes": "",
    "status": "provisional",
    "accuracyM": 40,
    "needsReview": "公式情報または2情報源での確認が必要、名称なし",
    "sources": "OpenStreetMap（© OpenStreetMap contributors, ODbL 1.0）Geofabrik japan-latest.osm.pbf 2026-09-18T20:21:10Z way/1226070624",
    "verifiedAt": ""
   }
  },
  {
   "type": "Feature",
   "geometry": {
    "type": "Point",
    "coordinates": [
     138.0855355,
     36.7416184
    ]
   },
   "properties": {
    "id": "PK-w1226364517",
    "kind": "parking",
    "name": "（名称なし）駐車場",
    "datum": "WGS84",
    "mountainIds": "251",
    "mountainNames": "飯縄山",
    "lists": "日本二百名山|日本三百名山|甲信越百名山",
    "routes": "",
    "entryType": "",
    "trailKmToSummit": "",
    "related": "TH-w1381632848(156m)",
    "attributes": "fee=no; access=customers",
    "status": "provisional",
    "accuracyM": 40,
    "needsReview": "公式情報または2情報源での確認が必要、名称なし",
    "sources": "OpenStreetMap（© OpenStreetMap contributors, ODbL 1.0）Geofabrik japan-latest.osm.pbf 2026-09-18T20:21:10Z way/1226364517",
    "verifiedAt": ""
   }
  },
  {
   "type": "Feature",
   "geometry": {
    "type": "Point",
    "coordinates": [
     138.0896674,
     36.7406578
    ]
   },
   "properties": {
    "id": "PK-w1226380209",
    "kind": "parking",
    "name": "（名称なし）駐車場",
    "datum": "WGS84",
    "mountainIds": "251",
    "mountainNames": "飯縄山",
    "lists": "日本二百名山|日本三百名山|甲信越百名山",
    "routes": "",
    "entryType": "",
    "trailKmToSummit": "",
    "related": "TH-w1381632848(232m)",
    "attributes": "",
    "status": "provisional",
    "accuracyM": 40,
    "needsReview": "公式情報または2情報源での確認が必要、名称なし",
    "sources": "OpenStreetMap（© OpenStreetMap contributors, ODbL 1.0）Geofabrik japan-latest.osm.pbf 2026-09-18T20:21:10Z way/1226380209",
    "verifiedAt": ""
   }
  },
  {
   "type": "Feature",
   "geometry": {
    "type": "Point",
    "coordinates": [
     137.7305138,
     36.5598628
    ]
   },
   "properties": {
    "id": "PK-w1240329573",
    "kind": "parking",
    "name": "（名称なし）駐車場",
    "datum": "WGS84",
    "mountainIds": "263 267 273 279",
    "mountainNames": "五竜岳、鹿島槍ヶ岳、爺ヶ岳中峰、針ノ木岳",
    "lists": "日本百名山|日本二百名山|日本三百名山|甲信越百名山",
    "routes": "",
    "entryType": "",
    "trailKmToSummit": "",
    "related": "TH-n1596020186(103m)",
    "attributes": "",
    "status": "provisional",
    "accuracyM": 40,
    "needsReview": "公式情報または2情報源での確認が必要、名称なし",
    "sources": "OpenStreetMap（© OpenStreetMap contributors, ODbL 1.0）Geofabrik japan-latest.osm.pbf 2026-09-18T20:21:10Z way/1240329573",
    "verifiedAt": ""
   }
  },
  {
   "type": "Feature",
   "geometry": {
    "type": "Point",
    "coordinates": [
     137.7292716,
     36.5602684
    ]
   },
   "properties": {
    "id": "PK-w1240329796",
    "kind": "parking",
    "name": "（名称なし）駐車場",
    "datum": "WGS84",
    "mountainIds": "263 267 273 279",
    "mountainNames": "五竜岳、鹿島槍ヶ岳、爺ヶ岳中峰、針ノ木岳",
    "lists": "日本百名山|日本二百名山|日本三百名山|甲信越百名山",
    "routes": "",
    "entryType": "",
    "trailKmToSummit": "",
    "related": "TH-n1596020186(86m)",
    "attributes": "",
    "status": "provisional",
    "accuracyM": 40,
    "needsReview": "公式情報または2情報源での確認が必要、名称なし",
    "sources": "OpenStreetMap（© OpenStreetMap contributors, ODbL 1.0）Geofabrik japan-latest.osm.pbf 2026-09-18T20:21:10Z way/1240329796",
    "verifiedAt": ""
   }
  },
  {
   "type": "Feature",
   "geometry": {
    "type": "Point",
    "coordinates": [
     137.7264389,
     36.560816
    ]
   },
   "properties": {
    "id": "PK-w1240333844",
    "kind": "parking",
    "name": "（名称なし）駐車場",
    "datum": "WGS84",
    "mountainIds": "263 267 273 279",
    "mountainNames": "五竜岳、鹿島槍ヶ岳、爺ヶ岳中峰、針ノ木岳",
    "lists": "日本百名山|日本二百名山|日本三百名山|甲信越百名山",
    "routes": "",
    "entryType": "",
    "trailKmToSummit": "",
    "related": "TH-n1596020186(324m)",
    "attributes": "",
    "status": "provisional",
    "accuracyM": 40,
    "needsReview": "公式情報または2情報源での確認が必要、名称なし、登山口から離れている（徒歩アプローチを要確認）",
    "sources": "OpenStreetMap（© OpenStreetMap contributors, ODbL 1.0）Geofabrik japan-latest.osm.pbf 2026-09-18T20:21:10Z way/1240333844",
    "verifiedAt": ""
   }
  },
  {
   "type": "Feature",
   "geometry": {
    "type": "Point",
    "coordinates": [
     137.7222463,
     36.5597714
    ]
   },
   "properties": {
    "id": "PK-w1240333859",
    "kind": "parking",
    "name": "（名称なし）駐車場",
    "datum": "WGS84",
    "mountainIds": "263 267 273 279",
    "mountainNames": "五竜岳、鹿島槍ヶ岳、爺ヶ岳中峰、針ノ木岳",
    "lists": "日本百名山|日本二百名山|日本三百名山|甲信越百名山",
    "routes": "",
    "entryType": "",
    "trailKmToSummit": "",
    "related": "TH-w244361104(41m)",
    "attributes": "",
    "status": "provisional",
    "accuracyM": 40,
    "needsReview": "公式情報または2情報源での確認が必要、名称なし",
    "sources": "OpenStreetMap（© OpenStreetMap contributors, ODbL 1.0）Geofabrik japan-latest.osm.pbf 2026-09-18T20:21:10Z way/1240333859",
    "verifiedAt": ""
   }
  },
  {
   "type": "Feature",
   "geometry": {
    "type": "Point",
    "coordinates": [
     137.6327162,
     36.2454427
    ]
   },
   "properties": {
    "id": "PK-w1240335071",
    "kind": "parking",
    "name": "（名称なし）駐車場",
    "datum": "WGS84",
    "mountainIds": "308 317 318 319 324 327",
    "mountainNames": "槍ヶ岳、奥穂高岳、蝶ヶ岳、西穂独標、焼岳、霞沢岳",
    "lists": "日本百名山|日本二百名山|日本三百名山|甲信越百名山|東海の百山",
    "routes": "",
    "entryType": "",
    "trailKmToSummit": "",
    "related": "TH-n2293340109(246m) TH-n6847884229(498m)",
    "attributes": "",
    "status": "provisional",
    "accuracyM": 40,
    "needsReview": "公式情報または2情報源での確認が必要、名称なし、登山口から離れている（徒歩アプローチを要確認）",
    "sources": "OpenStreetMap（© OpenStreetMap contributors, ODbL 1.0）Geofabrik japan-latest.osm.pbf 2026-09-18T20:21:10Z way/1240335071",
    "verifiedAt": ""
   }
  },
  {
   "type": "Feature",
   "geometry": {
    "type": "Point",
    "coordinates": [
     137.6009099,
     36.205462
    ]
   },
   "properties": {
    "id": "PK-w1240776582",
    "kind": "parking",
    "name": "（名称なし）駐車場",
    "datum": "WGS84",
    "mountainIds": "317 319 324",
    "mountainNames": "奥穂高岳、西穂独標、焼岳",
    "lists": "日本百名山|日本二百名山|日本三百名山|甲信越百名山|東海の百山",
    "routes": "",
    "entryType": "",
    "trailKmToSummit": "",
    "related": "TH-n297938948(252m)",
    "attributes": "",
    "status": "provisional",
    "accuracyM": 40,
    "needsReview": "公式情報または2情報源での確認が必要、名称なし",
    "sources": "OpenStreetMap（© OpenStreetMap contributors, ODbL 1.0）Geofabrik japan-latest.osm.pbf 2026-09-18T20:21:10Z way/1240776582",
    "verifiedAt": ""
   }
  },
  {
   "type": "Feature",
   "geometry": {
    "type": "Point",
    "coordinates": [
     138.5586266,
     35.3463437
    ]
   },
   "properties": {
    "id": "PK-w1244576629",
    "kind": "parking",
    "name": "（名称なし）駐車場",
    "datum": "WGS84",
    "mountainIds": "478",
    "mountainNames": "毛無山",
    "lists": "日本二百名山|日本三百名山|甲信越百名山",
    "routes": "",
    "entryType": "",
    "trailKmToSummit": "",
    "related": "TH-n1670210820(447m)",
    "attributes": "fee=no; access=yes",
    "status": "provisional",
    "accuracyM": 40,
    "needsReview": "公式情報または2情報源での確認が必要、名称なし、登山口から離れている（徒歩アプローチを要確認）",
    "sources": "OpenStreetMap（© OpenStreetMap contributors, ODbL 1.0）Geofabrik japan-latest.osm.pbf 2026-09-18T20:21:10Z way/1244576629",
    "verifiedAt": ""
   }
  },
  {
   "type": "Feature",
   "geometry": {
    "type": "Point",
    "coordinates": [
     138.1369089,
     36.1640302
    ]
   },
   "properties": {
    "id": "PK-w1256797360",
    "kind": "parking",
    "name": "（名称なし）駐車場",
    "datum": "WGS84",
    "mountainIds": "332",
    "mountainNames": "鉢伏山",
    "lists": "日本三百名山|甲信越百名山",
    "routes": "",
    "entryType": "",
    "trailKmToSummit": "",
    "related": "TH-n1558792783(53m)",
    "attributes": "",
    "status": "provisional",
    "accuracyM": 40,
    "needsReview": "公式情報または2情報源での確認が必要、名称なし",
    "sources": "OpenStreetMap（© OpenStreetMap contributors, ODbL 1.0）Geofabrik japan-latest.osm.pbf 2026-09-18T20:21:10Z way/1256797360",
    "verifiedAt": ""
   }
  },
  {
   "type": "Feature",
   "geometry": {
    "type": "Point",
    "coordinates": [
     138.1343684,
     36.1673387
    ]
   },
   "properties": {
    "id": "PK-w1256797365",
    "kind": "parking",
    "name": "（名称なし）駐車場",
    "datum": "WGS84",
    "mountainIds": "332",
    "mountainNames": "鉢伏山",
    "lists": "日本三百名山|甲信越百名山",
    "routes": "",
    "entryType": "",
    "trailKmToSummit": "",
    "related": "TH-n1558792783(416m)",
    "attributes": "",
    "status": "provisional",
    "accuracyM": 40,
    "needsReview": "公式情報または2情報源での確認が必要、名称なし、登山口から離れている（徒歩アプローチを要確認）",
    "sources": "OpenStreetMap（© OpenStreetMap contributors, ODbL 1.0）Geofabrik japan-latest.osm.pbf 2026-09-18T20:21:10Z way/1256797365",
    "verifiedAt": ""
   }
  },
  {
   "type": "Feature",
   "geometry": {
    "type": "Point",
    "coordinates": [
     138.1435462,
     36.1477205
    ]
   },
   "properties": {
    "id": "PK-w1256797367",
    "kind": "parking",
    "name": "（名称なし）駐車場",
    "datum": "WGS84",
    "mountainIds": "332",
    "mountainNames": "鉢伏山",
    "lists": "日本三百名山|甲信越百名山",
    "routes": "",
    "entryType": "",
    "trailKmToSummit": "",
    "related": "TH-n1558789985(200m)",
    "attributes": "",
    "status": "provisional",
    "accuracyM": 40,
    "needsReview": "公式情報または2情報源での確認が必要、名称なし",
    "sources": "OpenStreetMap（© OpenStreetMap contributors, ODbL 1.0）Geofabrik japan-latest.osm.pbf 2026-09-18T20:21:10Z way/1256797367",
    "verifiedAt": ""
   }
  },
  {
   "type": "Feature",
   "geometry": {
    "type": "Point",
    "coordinates": [
     138.1432076,
     36.1471269
    ]
   },
   "properties": {
    "id": "PK-w1256797368",
    "kind": "parking",
    "name": "（名称なし）駐車場",
    "datum": "WGS84",
    "mountainIds": "332",
    "mountainNames": "鉢伏山",
    "lists": "日本三百名山|甲信越百名山",
    "routes": "",
    "entryType": "",
    "trailKmToSummit": "",
    "related": "TH-n1558789985(170m)",
    "attributes": "",
    "status": "provisional",
    "accuracyM": 40,
    "needsReview": "公式情報または2情報源での確認が必要、名称なし",
    "sources": "OpenStreetMap（© OpenStreetMap contributors, ODbL 1.0）Geofabrik japan-latest.osm.pbf 2026-09-18T20:21:10Z way/1256797368",
    "verifiedAt": ""
   }
  },
  {
   "type": "Feature",
   "geometry": {
    "type": "Point",
    "coordinates": [
     138.1591794,
     36.1200248
    ]
   },
   "properties": {
    "id": "PK-w1256797372",
    "kind": "parking",
    "name": "（名称なし）駐車場",
    "datum": "WGS84",
    "mountainIds": "338",
    "mountainNames": "霧ヶ峰",
    "lists": "日本百名山|日本二百名山|日本三百名山|甲信越百名山",
    "routes": "",
    "entryType": "",
    "trailKmToSummit": "",
    "related": "TH-w305509741(52m)",
    "attributes": "",
    "status": "provisional",
    "accuracyM": 40,
    "needsReview": "公式情報または2情報源での確認が必要、名称なし",
    "sources": "OpenStreetMap（© OpenStreetMap contributors, ODbL 1.0）Geofabrik japan-latest.osm.pbf 2026-09-18T20:21:10Z way/1256797372",
    "verifiedAt": ""
   }
  },
  {
   "type": "Feature",
   "geometry": {
    "type": "Point",
    "coordinates": [
     138.1148864,
     35.5485897
    ]
   },
   "properties": {
    "id": "PK-w1282736669",
    "kind": "parking",
    "name": "（名称なし）駐車場",
    "datum": "WGS84",
    "mountainIds": "431",
    "mountainNames": "塩見岳",
    "lists": "日本百名山|日本二百名山|日本三百名山|甲信越百名山",
    "routes": "",
    "entryType": "",
    "trailKmToSummit": "",
    "related": "TH-n12072857706(295m) TH-n1669425258(212m)",
    "attributes": "",
    "status": "provisional",
    "accuracyM": 40,
    "needsReview": "公式情報または2情報源での確認が必要、名称なし",
    "sources": "OpenStreetMap（© OpenStreetMap contributors, ODbL 1.0）Geofabrik japan-latest.osm.pbf 2026-09-18T20:21:10Z way/1282736669",
    "verifiedAt": ""
   }
  },
  {
   "type": "Feature",
   "geometry": {
    "type": "Point",
    "coordinates": [
     137.6335508,
     35.4763844
    ]
   },
   "properties": {
    "id": "PK-w1301889400",
    "kind": "parking",
    "name": "萬岳荘駐車場",
    "datum": "WGS84",
    "mountainIds": "455",
    "mountainNames": "富士見台高原",
    "lists": "東海の百山",
    "routes": "",
    "entryType": "",
    "trailKmToSummit": "",
    "related": "TH-n5325094157(19m)",
    "attributes": "",
    "status": "provisional",
    "accuracyM": 40,
    "needsReview": "公式情報または2情報源での確認が必要",
    "sources": "OpenStreetMap（© OpenStreetMap contributors, ODbL 1.0）Geofabrik japan-latest.osm.pbf 2026-09-18T20:21:10Z way/1301889400",
    "verifiedAt": ""
   }
  },
  {
   "type": "Feature",
   "geometry": {
    "type": "Point",
    "coordinates": [
     137.6288818,
     35.471734
    ]
   },
   "properties": {
    "id": "PK-w1301889405",
    "kind": "parking",
    "name": "（名称なし）駐車場",
    "datum": "WGS84",
    "mountainIds": "455 463",
    "mountainNames": "富士見台高原、恵那山",
    "lists": "東海の百山|日本百名山|日本二百名山|日本三百名山",
    "routes": "",
    "entryType": "",
    "trailKmToSummit": "",
    "related": "TH-n12058453803(326m) TH-n1301159600(73m)",
    "attributes": "",
    "status": "provisional",
    "accuracyM": 40,
    "needsReview": "公式情報または2情報源での確認が必要、名称なし、登山口から離れている（徒歩アプローチを要確認）",
    "sources": "OpenStreetMap（© OpenStreetMap contributors, ODbL 1.0）Geofabrik japan-latest.osm.pbf 2026-09-18T20:21:10Z way/1301889405",
    "verifiedAt": ""
   }
  },
  {
   "type": "Feature",
   "geometry": {
    "type": "Point",
    "coordinates": [
     137.6315414,
     35.4717231
    ]
   },
   "properties": {
    "id": "PK-w1301889406",
    "kind": "parking",
    "name": "（名称なし）駐車場",
    "datum": "WGS84",
    "mountainIds": "455 463",
    "mountainNames": "富士見台高原、恵那山",
    "lists": "東海の百山|日本百名山|日本二百名山|日本三百名山",
    "routes": "",
    "entryType": "",
    "trailKmToSummit": "",
    "related": "TH-n12058453803(109m) TH-n1301159600(180m)",
    "attributes": "",
    "status": "provisional",
    "accuracyM": 40,
    "needsReview": "公式情報または2情報源での確認が必要、名称なし",
    "sources": "OpenStreetMap（© OpenStreetMap contributors, ODbL 1.0）Geofabrik japan-latest.osm.pbf 2026-09-18T20:21:10Z way/1301889406",
    "verifiedAt": ""
   }
  },
  {
   "type": "Feature",
   "geometry": {
    "type": "Point",
    "coordinates": [
     137.9174724,
     35.8884206
    ]
   },
   "properties": {
    "id": "PK-w1306458776",
    "kind": "parking",
    "name": "（名称なし）駐車場",
    "datum": "WGS84",
    "mountainIds": "364",
    "mountainNames": "経ヶ岳",
    "lists": "日本二百名山|日本三百名山|甲信越百名山",
    "routes": "",
    "entryType": "",
    "trailKmToSummit": "",
    "related": "TH-n1587794760(205m)",
    "attributes": "",
    "status": "provisional",
    "accuracyM": 40,
    "needsReview": "公式情報または2情報源での確認が必要、名称なし",
    "sources": "OpenStreetMap（© OpenStreetMap contributors, ODbL 1.0）Geofabrik japan-latest.osm.pbf 2026-09-18T20:21:10Z way/1306458776",
    "verifiedAt": ""
   }
  },
  {
   "type": "Feature",
   "geometry": {
    "type": "Point",
    "coordinates": [
     137.917017,
     35.888576
    ]
   },
   "properties": {
    "id": "PK-w1306458779",
    "kind": "parking",
    "name": "（名称なし）駐車場",
    "datum": "WGS84",
    "mountainIds": "364",
    "mountainNames": "経ヶ岳",
    "lists": "日本二百名山|日本三百名山|甲信越百名山",
    "routes": "",
    "entryType": "",
    "trailKmToSummit": "",
    "related": "TH-n1587794760(166m)",
    "attributes": "",
    "status": "provisional",
    "accuracyM": 40,
    "needsReview": "公式情報または2情報源での確認が必要、名称なし",
    "sources": "OpenStreetMap（© OpenStreetMap contributors, ODbL 1.0）Geofabrik japan-latest.osm.pbf 2026-09-18T20:21:10Z way/1306458779",
    "verifiedAt": ""
   }
  },
  {
   "type": "Feature",
   "geometry": {
    "type": "Point",
    "coordinates": [
     139.252793,
     37.0373176
    ]
   },
   "properties": {
    "id": "PK-w1311703720",
    "kind": "parking",
    "name": "平ヶ岳 登山口駐車場",
    "datum": "WGS84",
    "mountainIds": "214",
    "mountainNames": "平ヶ岳",
    "lists": "日本百名山|日本二百名山|日本三百名山|甲信越百名山",
    "routes": "",
    "entryType": "",
    "trailKmToSummit": "",
    "related": "TH-w1311703720(0m)",
    "attributes": "fee=no; access=yes",
    "status": "provisional",
    "accuracyM": 40,
    "needsReview": "公式情報または2情報源での確認が必要",
    "sources": "OpenStreetMap（© OpenStreetMap contributors, ODbL 1.0）Geofabrik japan-latest.osm.pbf 2026-09-18T20:21:10Z way/1311703720",
    "verifiedAt": ""
   }
  },
  {
   "type": "Feature",
   "geometry": {
    "type": "Point",
    "coordinates": [
     138.4773719,
     36.6754511
    ]
   },
   "properties": {
    "id": "PK-w1345024914",
    "kind": "parking",
    "name": "（名称なし）駐車場",
    "datum": "WGS84",
    "mountainIds": "261",
    "mountainNames": "笠ヶ岳",
    "lists": "日本三百名山",
    "routes": "",
    "entryType": "",
    "trailKmToSummit": "",
    "related": "TH-n1762618510(180m)",
    "attributes": "",
    "status": "provisional",
    "accuracyM": 40,
    "needsReview": "公式情報または2情報源での確認が必要、名称なし",
    "sources": "OpenStreetMap（© OpenStreetMap contributors, ODbL 1.0）Geofabrik japan-latest.osm.pbf 2026-09-18T20:21:10Z way/1345024914",
    "verifiedAt": ""
   }
  },
  {
   "type": "Feature",
   "geometry": {
    "type": "Point",
    "coordinates": [
     138.4778579,
     36.6757303
    ]
   },
   "properties": {
    "id": "PK-w1345024915",
    "kind": "parking",
    "name": "（名称なし）駐車場",
    "datum": "WGS84",
    "mountainIds": "261",
    "mountainNames": "笠ヶ岳",
    "lists": "日本三百名山",
    "routes": "",
    "entryType": "",
    "trailKmToSummit": "",
    "related": "TH-n1032509159(126m) TH-n1762618510(195m) TH-n1758981051(465m)",
    "attributes": "",
    "status": "provisional",
    "accuracyM": 40,
    "needsReview": "公式情報または2情報源での確認が必要、名称なし、登山口から離れている（徒歩アプローチを要確認）",
    "sources": "OpenStreetMap（© OpenStreetMap contributors, ODbL 1.0）Geofabrik japan-latest.osm.pbf 2026-09-18T20:21:10Z way/1345024915",
    "verifiedAt": ""
   }
  },
  {
   "type": "Feature",
   "geometry": {
    "type": "Point",
    "coordinates": [
     138.4776807,
     36.6766822
    ]
   },
   "properties": {
    "id": "PK-w1345024916",
    "kind": "parking",
    "name": "（名称なし）駐車場",
    "datum": "WGS84",
    "mountainIds": "261",
    "mountainNames": "笠ヶ岳",
    "lists": "日本三百名山",
    "routes": "",
    "entryType": "",
    "trailKmToSummit": "",
    "related": "TH-n1032509159(21m) TH-n1758981051(398m)",
    "attributes": "",
    "status": "provisional",
    "accuracyM": 40,
    "needsReview": "公式情報または2情報源での確認が必要、名称なし、登山口から離れている（徒歩アプローチを要確認）",
    "sources": "OpenStreetMap（© OpenStreetMap contributors, ODbL 1.0）Geofabrik japan-latest.osm.pbf 2026-09-18T20:21:10Z way/1345024916",
    "verifiedAt": ""
   }
  },
  {
   "type": "Feature",
   "geometry": {
    "type": "Point",
    "coordinates": [
     138.4771331,
     36.6762563
    ]
   },
   "properties": {
    "id": "PK-w1345024917",
    "kind": "parking",
    "name": "（名称なし）駐車場",
    "datum": "WGS84",
    "mountainIds": "261",
    "mountainNames": "笠ヶ岳",
    "lists": "日本三百名山",
    "routes": "",
    "entryType": "",
    "trailKmToSummit": "",
    "related": "TH-n1032509159(87m) TH-n1758981051(466m)",
    "attributes": "",
    "status": "provisional",
    "accuracyM": 40,
    "needsReview": "公式情報または2情報源での確認が必要、名称なし、登山口から離れている（徒歩アプローチを要確認）",
    "sources": "OpenStreetMap（© OpenStreetMap contributors, ODbL 1.0）Geofabrik japan-latest.osm.pbf 2026-09-18T20:21:10Z way/1345024917",
    "verifiedAt": ""
   }
  },
  {
   "type": "Feature",
   "geometry": {
    "type": "Point",
    "coordinates": [
     138.6408188,
     36.7181984
    ]
   },
   "properties": {
    "id": "PK-w1362142320",
    "kind": "parking",
    "name": "（名称なし）駐車場",
    "datum": "WGS84",
    "mountainIds": "246 252",
    "mountainNames": "佐武流山、白砂山",
    "lists": "日本二百名山|日本三百名山|関東百名山",
    "routes": "",
    "entryType": "",
    "trailKmToSummit": "",
    "related": "TH-n448044859(326m)",
    "attributes": "",
    "status": "provisional",
    "accuracyM": 40,
    "needsReview": "公式情報または2情報源での確認が必要、名称なし、登山口から離れている（徒歩アプローチを要確認）",
    "sources": "OpenStreetMap（© OpenStreetMap contributors, ODbL 1.0）Geofabrik japan-latest.osm.pbf 2026-09-18T20:21:10Z way/1362142320",
    "verifiedAt": ""
   }
  },
  {
   "type": "Feature",
   "geometry": {
    "type": "Point",
    "coordinates": [
     138.087101,
     36.7409888
    ]
   },
   "properties": {
    "id": "PK-w1381632848",
    "kind": "parking",
    "name": "うずら家駐車場",
    "datum": "WGS84",
    "mountainIds": "251",
    "mountainNames": "飯縄山",
    "lists": "日本二百名山|日本三百名山|甲信越百名山",
    "routes": "",
    "entryType": "",
    "trailKmToSummit": "",
    "related": "TH-w1381632848(0m)",
    "attributes": "access=customers",
    "status": "provisional",
    "accuracyM": 40,
    "needsReview": "公式情報または2情報源での確認が必要",
    "sources": "OpenStreetMap（© OpenStreetMap contributors, ODbL 1.0）Geofabrik japan-latest.osm.pbf 2026-09-18T20:21:10Z way/1381632848",
    "verifiedAt": ""
   }
  },
  {
   "type": "Feature",
   "geometry": {
    "type": "Point",
    "coordinates": [
     138.6029584,
     35.4631406
    ]
   },
   "properties": {
    "id": "PK-w1383616406",
    "kind": "parking",
    "name": "（名称なし）駐車場",
    "datum": "WGS84",
    "mountainIds": "478",
    "mountainNames": "毛無山",
    "lists": "日本二百名山|日本三百名山|甲信越百名山",
    "routes": "",
    "entryType": "",
    "trailKmToSummit": "",
    "related": "TH-w849065060(264m)",
    "attributes": "",
    "status": "provisional",
    "accuracyM": 40,
    "needsReview": "公式情報または2情報源での確認が必要、名称なし",
    "sources": "OpenStreetMap（© OpenStreetMap contributors, ODbL 1.0）Geofabrik japan-latest.osm.pbf 2026-09-18T20:21:10Z way/1383616406",
    "verifiedAt": ""
   }
  },
  {
   "type": "Feature",
   "geometry": {
    "type": "Point",
    "coordinates": [
     138.5654975,
     35.3496419
    ]
   },
   "properties": {
    "id": "PK-w1383838063",
    "kind": "parking",
    "name": "（名称なし）駐車場",
    "datum": "WGS84",
    "mountainIds": "478",
    "mountainNames": "毛無山",
    "lists": "日本二百名山|日本三百名山|甲信越百名山",
    "routes": "",
    "entryType": "",
    "trailKmToSummit": "",
    "related": "TH-n1670210820(319m)",
    "attributes": "access=customers",
    "status": "provisional",
    "accuracyM": 40,
    "needsReview": "公式情報または2情報源での確認が必要、名称なし、登山口から離れている（徒歩アプローチを要確認）",
    "sources": "OpenStreetMap（© OpenStreetMap contributors, ODbL 1.0）Geofabrik japan-latest.osm.pbf 2026-09-18T20:21:10Z way/1383838063",
    "verifiedAt": ""
   }
  },
  {
   "type": "Feature",
   "geometry": {
    "type": "Point",
    "coordinates": [
     138.8693971,
     35.7943321
    ]
   },
   "properties": {
    "id": "PK-w1387534813",
    "kind": "parking",
    "name": "（名称なし）駐車場",
    "datum": "WGS84",
    "mountainIds": "388",
    "mountainNames": "黒川鶏冠山",
    "lists": "甲信越百名山",
    "routes": "",
    "entryType": "",
    "trailKmToSummit": "",
    "related": "TH-n1605369942(11m)",
    "attributes": "fee=no; access=yes",
    "status": "provisional",
    "accuracyM": 40,
    "needsReview": "公式情報または2情報源での確認が必要、名称なし",
    "sources": "OpenStreetMap（© OpenStreetMap contributors, ODbL 1.0）Geofabrik japan-latest.osm.pbf 2026-09-18T20:21:10Z way/1387534813",
    "verifiedAt": ""
   }
  },
  {
   "type": "Feature",
   "geometry": {
    "type": "Point",
    "coordinates": [
     138.822239,
     35.8373921
    ]
   },
   "properties": {
    "id": "PK-w1387535904",
    "kind": "parking",
    "name": "（名称なし）駐車場",
    "datum": "WGS84",
    "mountainIds": "365 366 375 379",
    "mountainNames": "甲武信ヶ岳、白石山、笠取山、飛龍山",
    "lists": "日本百名山|日本二百名山|日本三百名山|関東百名山|甲信越百名山",
    "routes": "",
    "entryType": "",
    "trailKmToSummit": "",
    "related": "TH-n1605392997(51m)",
    "attributes": "fee=no; access=yes",
    "status": "provisional",
    "accuracyM": 40,
    "needsReview": "公式情報または2情報源での確認が必要、名称なし",
    "sources": "OpenStreetMap（© OpenStreetMap contributors, ODbL 1.0）Geofabrik japan-latest.osm.pbf 2026-09-18T20:21:10Z way/1387535904",
    "verifiedAt": ""
   }
  },
  {
   "type": "Feature",
   "geometry": {
    "type": "Point",
    "coordinates": [
     138.8027595,
     35.4976258
    ]
   },
   "properties": {
    "id": "PK-w1418960709",
    "kind": "parking",
    "name": "（名称なし）駐車場",
    "datum": "WGS84",
    "mountainIds": "437",
    "mountainNames": "三ッ峠山",
    "lists": "日本二百名山|日本三百名山|甲信越百名山",
    "routes": "",
    "entryType": "",
    "trailKmToSummit": "",
    "related": "TH-n12142430276(400m)",
    "attributes": "",
    "status": "provisional",
    "accuracyM": 40,
    "needsReview": "公式情報または2情報源での確認が必要、名称なし、登山口から離れている（徒歩アプローチを要確認）",
    "sources": "OpenStreetMap（© OpenStreetMap contributors, ODbL 1.0）Geofabrik japan-latest.osm.pbf 2026-09-18T20:21:10Z way/1418960709",
    "verifiedAt": ""
   }
  },
  {
   "type": "Feature",
   "geometry": {
    "type": "Point",
    "coordinates": [
     138.477801,
     36.6739746
    ]
   },
   "properties": {
    "id": "PK-w1425581857",
    "kind": "parking",
    "name": "（名称なし）駐車場",
    "datum": "WGS84",
    "mountainIds": "261",
    "mountainNames": "笠ヶ岳",
    "lists": "日本三百名山",
    "routes": "",
    "entryType": "",
    "trailKmToSummit": "",
    "related": "TH-n1762618510(46m)",
    "attributes": "access=yes",
    "status": "provisional",
    "accuracyM": 40,
    "needsReview": "公式情報または2情報源での確認が必要、名称なし",
    "sources": "OpenStreetMap（© OpenStreetMap contributors, ODbL 1.0）Geofabrik japan-latest.osm.pbf 2026-09-18T20:21:10Z way/1425581857",
    "verifiedAt": ""
   }
  },
  {
   "type": "Feature",
   "geometry": {
    "type": "Point",
    "coordinates": [
     138.8023391,
     35.4974049
    ]
   },
   "properties": {
    "id": "PK-w1482225445",
    "kind": "parking",
    "name": "（名称なし）駐車場",
    "datum": "WGS84",
    "mountainIds": "437",
    "mountainNames": "三ッ峠山",
    "lists": "日本二百名山|日本三百名山|甲信越百名山",
    "routes": "",
    "entryType": "",
    "trailKmToSummit": "",
    "related": "TH-n12142430276(413m)",
    "attributes": "fee=yes; access=yes",
    "status": "provisional",
    "accuracyM": 40,
    "needsReview": "公式情報または2情報源での確認が必要、名称なし、登山口から離れている（徒歩アプローチを要確認）",
    "sources": "OpenStreetMap（© OpenStreetMap contributors, ODbL 1.0）Geofabrik japan-latest.osm.pbf 2026-09-18T20:21:10Z way/1482225445",
    "verifiedAt": ""
   }
  },
  {
   "type": "Feature",
   "geometry": {
    "type": "Point",
    "coordinates": [
     137.5505835,
     35.8759734
    ]
   },
   "properties": {
    "id": "PK-w1490426415",
    "kind": "parking",
    "name": "（名称なし）駐車場",
    "datum": "WGS84",
    "mountainIds": "370",
    "mountainNames": "御嶽山",
    "lists": "日本百名山|日本二百名山|日本三百名山|甲信越百名山|東海の百山",
    "routes": "",
    "entryType": "",
    "trailKmToSummit": "",
    "related": "TH-n1389094650(79m)",
    "attributes": "",
    "status": "provisional",
    "accuracyM": 40,
    "needsReview": "公式情報または2情報源での確認が必要、名称なし",
    "sources": "OpenStreetMap（© OpenStreetMap contributors, ODbL 1.0）Geofabrik japan-latest.osm.pbf 2026-09-18T20:21:10Z way/1490426415",
    "verifiedAt": ""
   }
  },
  {
   "type": "Feature",
   "geometry": {
    "type": "Point",
    "coordinates": [
     138.5083545,
     36.6765187
    ]
   },
   "properties": {
    "id": "PK-w1540985614",
    "kind": "parking",
    "name": "（名称なし）駐車場",
    "datum": "WGS84",
    "mountainIds": "261",
    "mountainNames": "笠ヶ岳",
    "lists": "日本三百名山",
    "routes": "",
    "entryType": "",
    "trailKmToSummit": "",
    "related": "TH-n3154319958(23m)",
    "attributes": "access=yes",
    "status": "provisional",
    "accuracyM": 40,
    "needsReview": "公式情報または2情報源での確認が必要、名称なし",
    "sources": "OpenStreetMap（© OpenStreetMap contributors, ODbL 1.0）Geofabrik japan-latest.osm.pbf 2026-09-18T20:21:10Z way/1540985614",
    "verifiedAt": ""
   }
  },
  {
   "type": "Feature",
   "geometry": {
    "type": "Point",
    "coordinates": [
     138.0891219,
     35.740381
    ]
   },
   "properties": {
    "id": "PK-w1543119291",
    "kind": "parking",
    "name": "柏木登山口駐車場",
    "datum": "WGS84",
    "mountainIds": "403",
    "mountainNames": "仙丈ヶ岳",
    "lists": "日本百名山|日本二百名山|日本三百名山|甲信越百名山",
    "routes": "",
    "entryType": "",
    "trailKmToSummit": "",
    "related": "TH-n1587981086(194m)",
    "attributes": "fee=no",
    "status": "provisional",
    "accuracyM": 40,
    "needsReview": "公式情報または2情報源での確認が必要",
    "sources": "OpenStreetMap（© OpenStreetMap contributors, ODbL 1.0）Geofabrik japan-latest.osm.pbf 2026-09-18T20:21:10Z way/1543119291",
    "verifiedAt": ""
   }
  },
  {
   "type": "Feature",
   "geometry": {
    "type": "Point",
    "coordinates": [
     137.9113261,
     35.2577871
    ]
   },
   "properties": {
    "id": "PK-w1551007297",
    "kind": "parking",
    "name": "（名称なし）駐車場",
    "datum": "WGS84",
    "mountainIds": "523",
    "mountainNames": "熊伏山",
    "lists": "日本三百名山",
    "routes": "",
    "entryType": "",
    "trailKmToSummit": "",
    "related": "TH-n14100998898(120m)",
    "attributes": "fee=no; access=yes",
    "status": "provisional",
    "accuracyM": 40,
    "needsReview": "公式情報または2情報源での確認が必要、名称なし",
    "sources": "OpenStreetMap（© OpenStreetMap contributors, ODbL 1.0）Geofabrik japan-latest.osm.pbf 2026-09-18T20:21:10Z way/1551007297",
    "verifiedAt": ""
   }
  },
  {
   "type": "Feature",
   "geometry": {
    "type": "Point",
    "coordinates": [
     138.6136512,
     36.8218058
    ]
   },
   "properties": {
    "id": "PK-w1553626415",
    "kind": "parking",
    "name": "（名称なし）駐車場",
    "datum": "WGS84",
    "mountainIds": "232",
    "mountainNames": "鳥甲山",
    "lists": "日本二百名山|日本三百名山|甲信越百名山",
    "routes": "",
    "entryType": "",
    "trailKmToSummit": "",
    "related": "TH-n14135037534(7m)",
    "attributes": "access=yes",
    "status": "provisional",
    "accuracyM": 40,
    "needsReview": "公式情報または2情報源での確認が必要、名称なし",
    "sources": "OpenStreetMap（© OpenStreetMap contributors, ODbL 1.0）Geofabrik japan-latest.osm.pbf 2026-09-18T20:21:10Z way/1553626415",
    "verifiedAt": ""
   }
  },
  {
   "type": "Feature",
   "geometry": {
    "type": "Point",
    "coordinates": [
     138.8533566,
     35.7360819
    ]
   },
   "properties": {
    "id": "PK-w1558458564",
    "kind": "parking",
    "name": "（名称なし）駐車場",
    "datum": "WGS84",
    "mountainIds": "388 398 421",
    "mountainNames": "黒川鶏冠山、大菩薩嶺、滝子山",
    "lists": "甲信越百名山|日本百名山|日本二百名山|日本三百名山",
    "routes": "",
    "entryType": "",
    "trailKmToSummit": "",
    "related": "TH-n2031835752(12m)",
    "attributes": "access=private",
    "status": "provisional",
    "accuracyM": 40,
    "needsReview": "公式情報または2情報源での確認が必要、名称なし",
    "sources": "OpenStreetMap（© OpenStreetMap contributors, ODbL 1.0）Geofabrik japan-latest.osm.pbf 2026-09-18T20:21:10Z way/1558458564",
    "verifiedAt": ""
   }
  },
  {
   "type": "Feature",
   "geometry": {
    "type": "Point",
    "coordinates": [
     138.5799694,
     35.8782462
    ]
   },
   "properties": {
    "id": "PK-w161885542",
    "kind": "parking",
    "name": "（名称なし）駐車場",
    "datum": "WGS84",
    "mountainIds": "369 373",
    "mountainNames": "瑞牆山、金峰山",
    "lists": "日本百名山|日本二百名山|日本三百名山|甲信越百名山",
    "routes": "",
    "entryType": "",
    "trailKmToSummit": "",
    "related": "TH-n4406775661(146m) TH-n1789111563(477m)",
    "attributes": "operator=須玉町",
    "status": "provisional",
    "accuracyM": 40,
    "needsReview": "公式情報または2情報源での確認が必要、名称なし、登山口から離れている（徒歩アプローチを要確認）",
    "sources": "OpenStreetMap（© OpenStreetMap contributors, ODbL 1.0）Geofabrik japan-latest.osm.pbf 2026-09-18T20:21:10Z way/161885542",
    "verifiedAt": ""
   }
  },
  {
   "type": "Feature",
   "geometry": {
    "type": "Point",
    "coordinates": [
     138.9090847,
     35.4331653
    ]
   },
   "properties": {
    "id": "PK-w168737641",
    "kind": "parking",
    "name": "ローソン",
    "datum": "WGS84",
    "mountainIds": "451",
    "mountainNames": "御正体山",
    "lists": "日本二百名山|日本三百名山|甲信越百名山",
    "routes": "",
    "entryType": "",
    "trailKmToSummit": "",
    "related": "TH-n5085703712(421m)",
    "attributes": "",
    "status": "provisional",
    "accuracyM": 40,
    "needsReview": "公式情報または2情報源での確認が必要、登山口から離れている（徒歩アプローチを要確認）",
    "sources": "OpenStreetMap（© OpenStreetMap contributors, ODbL 1.0）Geofabrik japan-latest.osm.pbf 2026-09-18T20:21:10Z way/168737641",
    "verifiedAt": ""
   }
  },
  {
   "type": "Feature",
   "geometry": {
    "type": "Point",
    "coordinates": [
     138.9084509,
     35.4347077
    ]
   },
   "properties": {
    "id": "PK-w168737676",
    "kind": "parking",
    "name": "第一駐車場",
    "datum": "WGS84",
    "mountainIds": "451",
    "mountainNames": "御正体山",
    "lists": "日本二百名山|日本三百名山|甲信越百名山",
    "routes": "",
    "entryType": "",
    "trailKmToSummit": "",
    "related": "TH-w168737682(102m)",
    "attributes": "fee=no; access=customers",
    "status": "provisional",
    "accuracyM": 40,
    "needsReview": "公式情報または2情報源での確認が必要",
    "sources": "OpenStreetMap（© OpenStreetMap contributors, ODbL 1.0）Geofabrik japan-latest.osm.pbf 2026-09-18T20:21:10Z way/168737676",
    "verifiedAt": ""
   }
  },
  {
   "type": "Feature",
   "geometry": {
    "type": "Point",
    "coordinates": [
     138.9083551,
     35.434401
    ]
   },
   "properties": {
    "id": "PK-w168737679",
    "kind": "parking",
    "name": "第三駐車場",
    "datum": "WGS84",
    "mountainIds": "451",
    "mountainNames": "御正体山",
    "lists": "日本二百名山|日本三百名山|甲信越百名山",
    "routes": "",
    "entryType": "",
    "trailKmToSummit": "",
    "related": "TH-n5085703712(465m)",
    "attributes": "access=customers",
    "status": "provisional",
    "accuracyM": 40,
    "needsReview": "公式情報または2情報源での確認が必要、登山口から離れている（徒歩アプローチを要確認）",
    "sources": "OpenStreetMap（© OpenStreetMap contributors, ODbL 1.0）Geofabrik japan-latest.osm.pbf 2026-09-18T20:21:10Z way/168737679",
    "verifiedAt": ""
   }
  },
  {
   "type": "Feature",
   "geometry": {
    "type": "Point",
    "coordinates": [
     138.9094527,
     35.4351296
    ]
   },
   "properties": {
    "id": "PK-w168737682",
    "kind": "parking",
    "name": "第二駐車場",
    "datum": "WGS84",
    "mountainIds": "451",
    "mountainNames": "御正体山",
    "lists": "日本二百名山|日本三百名山|甲信越百名山",
    "routes": "",
    "entryType": "",
    "trailKmToSummit": "",
    "related": "TH-w168737682(0m)",
    "attributes": "access=customers",
    "status": "provisional",
    "accuracyM": 40,
    "needsReview": "公式情報または2情報源での確認が必要",
    "sources": "OpenStreetMap（© OpenStreetMap contributors, ODbL 1.0）Geofabrik japan-latest.osm.pbf 2026-09-18T20:21:10Z way/168737682",
    "verifiedAt": ""
   }
  },
  {
   "type": "Feature",
   "geometry": {
    "type": "Point",
    "coordinates": [
     137.7471148,
     36.3925105
    ]
   },
   "properties": {
    "id": "PK-w184869656",
    "kind": "parking",
    "name": "中房温泉駐車場",
    "datum": "WGS84",
    "mountainIds": "288 294 305 309",
    "mountainNames": "餓鬼岳、燕岳、大天井岳、常念岳",
    "lists": "日本二百名山|日本三百名山|甲信越百名山|東海の百山|日本百名山",
    "routes": "",
    "entryType": "",
    "trailKmToSummit": "",
    "related": "TH-n6813833556(164m)",
    "attributes": "",
    "status": "provisional",
    "accuracyM": 40,
    "needsReview": "公式情報または2情報源での確認が必要",
    "sources": "OpenStreetMap（© OpenStreetMap contributors, ODbL 1.0）Geofabrik japan-latest.osm.pbf 2026-09-18T20:21:10Z way/184869656",
    "verifiedAt": ""
   }
  },
  {
   "type": "Feature",
   "geometry": {
    "type": "Point",
    "coordinates": [
     137.7477697,
     36.3894801
    ]
   },
   "properties": {
    "id": "PK-w184870439",
    "kind": "parking",
    "name": "町営第一駐車場",
    "datum": "WGS84",
    "mountainIds": "288 294 305 309 299",
    "mountainNames": "餓鬼岳、燕岳、大天井岳、常念岳、有明山",
    "lists": "日本二百名山|日本三百名山|甲信越百名山|東海の百山|日本百名山",
    "routes": "",
    "entryType": "",
    "trailKmToSummit": "",
    "related": "TH-n6813833556(484m) TH-n1954467701(324m) TH-n1954467705(68m)",
    "attributes": "",
    "status": "provisional",
    "accuracyM": 40,
    "needsReview": "公式情報または2情報源での確認が必要、登山口から離れている（徒歩アプローチを要確認）",
    "sources": "OpenStreetMap（© OpenStreetMap contributors, ODbL 1.0）Geofabrik japan-latest.osm.pbf 2026-09-18T20:21:10Z way/184870439",
    "verifiedAt": ""
   }
  },
  {
   "type": "Feature",
   "geometry": {
    "type": "Point",
    "coordinates": [
     137.7503185,
     36.3877938
    ]
   },
   "properties": {
    "id": "PK-w184870440",
    "kind": "parking",
    "name": "第三駐車場",
    "datum": "WGS84",
    "mountainIds": "299",
    "mountainNames": "有明山",
    "lists": "日本二百名山|日本三百名山|甲信越百名山",
    "routes": "",
    "entryType": "",
    "trailKmToSummit": "",
    "related": "TH-n1954467701(34m) TH-n1954467705(276m)",
    "attributes": "",
    "status": "provisional",
    "accuracyM": 40,
    "needsReview": "公式情報または2情報源での確認が必要",
    "sources": "OpenStreetMap（© OpenStreetMap contributors, ODbL 1.0）Geofabrik japan-latest.osm.pbf 2026-09-18T20:21:10Z way/184870440",
    "verifiedAt": ""
   }
  },
  {
   "type": "Feature",
   "geometry": {
    "type": "Point",
    "coordinates": [
     137.7483589,
     36.389685
    ]
   },
   "properties": {
    "id": "PK-w184870441",
    "kind": "parking",
    "name": "第二駐車場",
    "datum": "WGS84",
    "mountainIds": "288 294 305 309 299",
    "mountainNames": "餓鬼岳、燕岳、大天井岳、常念岳、有明山",
    "lists": "日本二百名山|日本三百名山|甲信越百名山|東海の百山|日本百名山",
    "routes": "",
    "entryType": "",
    "trailKmToSummit": "",
    "related": "TH-n6813833556(485m) TH-n1954467701(298m) TH-n1954467705(12m)",
    "attributes": "",
    "status": "provisional",
    "accuracyM": 40,
    "needsReview": "公式情報または2情報源での確認が必要、登山口から離れている（徒歩アプローチを要確認）",
    "sources": "OpenStreetMap（© OpenStreetMap contributors, ODbL 1.0）Geofabrik japan-latest.osm.pbf 2026-09-18T20:21:10Z way/184870441",
    "verifiedAt": ""
   }
  },
  {
   "type": "Feature",
   "geometry": {
    "type": "Point",
    "coordinates": [
     137.8346108,
     35.7680283
    ]
   },
   "properties": {
    "id": "PK-w187913581",
    "kind": "parking",
    "name": "しらび平駐車場",
    "datum": "WGS84",
    "mountainIds": "389 391 405 407",
    "mountainNames": "木曽駒ヶ岳、宝剣岳、空木岳、南駒ヶ岳",
    "lists": "日本百名山|日本二百名山|日本三百名山|甲信越百名山|東海の百山",
    "routes": "",
    "entryType": "",
    "trailKmToSummit": "",
    "related": "TH-w41377981-2(72m)",
    "attributes": "access=permissive",
    "status": "provisional",
    "accuracyM": 40,
    "needsReview": "公式情報または2情報源での確認が必要",
    "sources": "OpenStreetMap（© OpenStreetMap contributors, ODbL 1.0）Geofabrik japan-latest.osm.pbf 2026-09-18T20:21:10Z way/187913581",
    "verifiedAt": ""
   }
  },
  {
   "type": "Feature",
   "geometry": {
    "type": "Point",
    "coordinates": [
     138.7247163,
     35.7907445
    ]
   },
   "properties": {
    "id": "PK-w188065521",
    "kind": "parking",
    "name": "（名称なし）駐車場",
    "datum": "WGS84",
    "mountainIds": "374 383",
    "mountainNames": "国師ヶ岳、乾徳山",
    "lists": "日本三百名山|日本二百名山|甲信越百名山",
    "routes": "",
    "entryType": "",
    "trailKmToSummit": "",
    "related": "TH-n1986906470(337m)",
    "attributes": "",
    "status": "provisional",
    "accuracyM": 40,
    "needsReview": "公式情報または2情報源での確認が必要、名称なし、登山口から離れている（徒歩アプローチを要確認）",
    "sources": "OpenStreetMap（© OpenStreetMap contributors, ODbL 1.0）Geofabrik japan-latest.osm.pbf 2026-09-18T20:21:10Z way/188065521",
    "verifiedAt": ""
   }
  },
  {
   "type": "Feature",
   "geometry": {
    "type": "Point",
    "coordinates": [
     138.9094821,
     35.4125847
    ]
   },
   "properties": {
    "id": "PK-w191165643",
    "kind": "parking",
    "name": "パノラマ台",
    "datum": "WGS84",
    "mountainIds": "451",
    "mountainNames": "御正体山",
    "lists": "日本二百名山|日本三百名山|甲信越百名山",
    "routes": "",
    "entryType": "",
    "trailKmToSummit": "",
    "related": "TH-n390873282(13m)",
    "attributes": "",
    "status": "provisional",
    "accuracyM": 40,
    "needsReview": "公式情報または2情報源での確認が必要",
    "sources": "OpenStreetMap（© OpenStreetMap contributors, ODbL 1.0）Geofabrik japan-latest.osm.pbf 2026-09-18T20:21:10Z way/191165643",
    "verifiedAt": ""
   }
  },
  {
   "type": "Feature",
   "geometry": {
    "type": "Point",
    "coordinates": [
     138.7992551,
     35.5003519
    ]
   },
   "properties": {
    "id": "PK-w224072063",
    "kind": "parking",
    "name": "（名称なし）駐車場",
    "datum": "WGS84",
    "mountainIds": "437",
    "mountainNames": "三ッ峠山",
    "lists": "日本二百名山|日本三百名山|甲信越百名山",
    "routes": "",
    "entryType": "",
    "trailKmToSummit": "",
    "related": "TH-n12142430276(210m)",
    "attributes": "fee=yes; access=yes",
    "status": "provisional",
    "accuracyM": 40,
    "needsReview": "公式情報または2情報源での確認が必要、名称なし",
    "sources": "OpenStreetMap（© OpenStreetMap contributors, ODbL 1.0）Geofabrik japan-latest.osm.pbf 2026-09-18T20:21:10Z way/224072063",
    "verifiedAt": ""
   }
  },
  {
   "type": "Feature",
   "geometry": {
    "type": "Point",
    "coordinates": [
     138.4027954,
     36.5747953
    ]
   },
   "properties": {
    "id": "PK-w232347041",
    "kind": "parking",
    "name": "米子大瀑布駐車場",
    "datum": "WGS84",
    "mountainIds": "277",
    "mountainNames": "四阿山",
    "lists": "日本百名山|日本二百名山|日本三百名山|甲信越百名山",
    "routes": "",
    "entryType": "",
    "trailKmToSummit": "",
    "related": "TH-w232347041(0m)",
    "attributes": "",
    "status": "provisional",
    "accuracyM": 40,
    "needsReview": "公式情報または2情報源での確認が必要",
    "sources": "OpenStreetMap（© OpenStreetMap contributors, ODbL 1.0）Geofabrik japan-latest.osm.pbf 2026-09-18T20:21:10Z way/232347041",
    "verifiedAt": ""
   }
  },
  {
   "type": "Feature",
   "geometry": {
    "type": "Point",
    "coordinates": [
     137.8780187,
     35.7367474
    ]
   },
   "properties": {
    "id": "PK-w234503262",
    "kind": "parking",
    "name": "（名称なし）駐車場",
    "datum": "WGS84",
    "mountainIds": "405 407 411",
    "mountainNames": "空木岳、南駒ヶ岳、越百山",
    "lists": "日本百名山|日本二百名山|日本三百名山|甲信越百名山",
    "routes": "",
    "entryType": "",
    "trailKmToSummit": "",
    "related": "TH-n1601876774(44m)",
    "attributes": "fee=no; access=yes",
    "status": "provisional",
    "accuracyM": 40,
    "needsReview": "公式情報または2情報源での確認が必要、名称なし",
    "sources": "OpenStreetMap（© OpenStreetMap contributors, ODbL 1.0）Geofabrik japan-latest.osm.pbf 2026-09-18T20:21:10Z way/234503262",
    "verifiedAt": ""
   }
  },
  {
   "type": "Feature",
   "geometry": {
    "type": "Point",
    "coordinates": [
     138.3459124,
     35.6353696
    ]
   },
   "properties": {
    "id": "PK-w242681306",
    "kind": "parking",
    "name": "夜叉神峠駐車場",
    "datum": "WGS84",
    "mountainIds": "406",
    "mountainNames": "鳳凰山",
    "lists": "日本百名山|日本二百名山|日本三百名山|甲信越百名山",
    "routes": "",
    "entryType": "",
    "trailKmToSummit": "",
    "related": "TH-n2287553101(56m)",
    "attributes": "",
    "status": "provisional",
    "accuracyM": 40,
    "needsReview": "公式情報または2情報源での確認が必要",
    "sources": "OpenStreetMap（© OpenStreetMap contributors, ODbL 1.0）Geofabrik japan-latest.osm.pbf 2026-09-18T20:21:10Z way/242681306",
    "verifiedAt": ""
   }
  },
  {
   "type": "Feature",
   "geometry": {
    "type": "Point",
    "coordinates": [
     138.351521,
     35.7236779
    ]
   },
   "properties": {
    "id": "PK-w242682981",
    "kind": "parking",
    "name": "（名称なし）駐車場",
    "datum": "WGS84",
    "mountainIds": "402 406",
    "mountainNames": "アサヨ峰、鳳凰山",
    "lists": "日本三百名山|日本百名山|日本二百名山|甲信越百名山",
    "routes": "",
    "entryType": "",
    "trailKmToSummit": "",
    "related": "TH-n13691610266(14m)",
    "attributes": "fee=no; access=yes; opening_hours=24/7",
    "status": "provisional",
    "accuracyM": 40,
    "needsReview": "公式情報または2情報源での確認が必要、名称なし",
    "sources": "OpenStreetMap（© OpenStreetMap contributors, ODbL 1.0）Geofabrik japan-latest.osm.pbf 2026-09-18T20:21:10Z way/242682981",
    "verifiedAt": ""
   }
  },
  {
   "type": "Feature",
   "geometry": {
    "type": "Point",
    "coordinates": [
     137.722292,
     36.5594418
    ]
   },
   "properties": {
    "id": "PK-w244361095",
    "kind": "parking",
    "name": "扇沢有料駐車場（第3駐車場）",
    "datum": "WGS84",
    "mountainIds": "263 267 273 279",
    "mountainNames": "五竜岳、鹿島槍ヶ岳、爺ヶ岳中峰、針ノ木岳",
    "lists": "日本百名山|日本二百名山|日本三百名山|甲信越百名山",
    "routes": "",
    "entryType": "",
    "trailKmToSummit": "",
    "related": "TH-w244361104(51m)",
    "attributes": "",
    "status": "provisional",
    "accuracyM": 40,
    "needsReview": "公式情報または2情報源での確認が必要",
    "sources": "OpenStreetMap（© OpenStreetMap contributors, ODbL 1.0）Geofabrik japan-latest.osm.pbf 2026-09-18T20:21:10Z way/244361095",
    "verifiedAt": ""
   }
  },
  {
   "type": "Feature",
   "geometry": {
    "type": "Point",
    "coordinates": [
     137.7227024,
     36.559765
    ]
   },
   "properties": {
    "id": "PK-w244361104",
    "kind": "parking",
    "name": "扇沢有料駐車場（第4駐車場）",
    "datum": "WGS84",
    "mountainIds": "263 267 273 279",
    "mountainNames": "五竜岳、鹿島槍ヶ岳、爺ヶ岳中峰、針ノ木岳",
    "lists": "日本百名山|日本二百名山|日本三百名山|甲信越百名山",
    "routes": "",
    "entryType": "",
    "trailKmToSummit": "",
    "related": "TH-w244361104(0m)",
    "attributes": "",
    "status": "provisional",
    "accuracyM": 40,
    "needsReview": "公式情報または2情報源での確認が必要",
    "sources": "OpenStreetMap（© OpenStreetMap contributors, ODbL 1.0）Geofabrik japan-latest.osm.pbf 2026-09-18T20:21:10Z way/244361104",
    "verifiedAt": ""
   }
  },
  {
   "type": "Feature",
   "geometry": {
    "type": "Point",
    "coordinates": [
     138.8760245,
     36.8662513
    ]
   },
   "properties": {
    "id": "PK-w245474595",
    "kind": "parking",
    "name": "（名称なし）駐車場",
    "datum": "WGS84",
    "mountainIds": "229 234",
    "mountainNames": "朝日岳、谷川岳",
    "lists": "日本三百名山|関東百名山|日本百名山|日本二百名山|甲信越百名山",
    "routes": "",
    "entryType": "",
    "trailKmToSummit": "",
    "related": "TH-n6360068823(20m)",
    "attributes": "",
    "status": "provisional",
    "accuracyM": 40,
    "needsReview": "公式情報または2情報源での確認が必要、名称なし",
    "sources": "OpenStreetMap（© OpenStreetMap contributors, ODbL 1.0）Geofabrik japan-latest.osm.pbf 2026-09-18T20:21:10Z way/245474595",
    "verifiedAt": ""
   }
  },
  {
   "type": "Feature",
   "geometry": {
    "type": "Point",
    "coordinates": [
     138.9499805,
     35.7534399
    ]
   },
   "properties": {
    "id": "PK-w262047328",
    "kind": "parking",
    "name": "（名称なし）駐車場",
    "datum": "WGS84",
    "mountainIds": "398",
    "mountainNames": "大菩薩嶺",
    "lists": "日本百名山|日本二百名山|日本三百名山|甲信越百名山",
    "routes": "",
    "entryType": "",
    "trailKmToSummit": "",
    "related": "TH-n2676914916(428m)",
    "attributes": "",
    "status": "provisional",
    "accuracyM": 40,
    "needsReview": "公式情報または2情報源での確認が必要、名称なし、登山口から離れている（徒歩アプローチを要確認）",
    "sources": "OpenStreetMap（© OpenStreetMap contributors, ODbL 1.0）Geofabrik japan-latest.osm.pbf 2026-09-18T20:21:10Z way/262047328",
    "verifiedAt": ""
   }
  },
  {
   "type": "Feature",
   "geometry": {
    "type": "Point",
    "coordinates": [
     138.7611407,
     35.526313
    ]
   },
   "properties": {
    "id": "PK-w262054519",
    "kind": "parking",
    "name": "（名称なし）駐車場",
    "datum": "WGS84",
    "mountainIds": "434 437",
    "mountainNames": "黒岳、三ッ峠山",
    "lists": "日本三百名山|甲信越百名山|日本二百名山",
    "routes": "",
    "entryType": "",
    "trailKmToSummit": "",
    "related": "TH-n10308432101(365m)",
    "attributes": "",
    "status": "provisional",
    "accuracyM": 40,
    "needsReview": "公式情報または2情報源での確認が必要、名称なし、登山口から離れている（徒歩アプローチを要確認）",
    "sources": "OpenStreetMap（© OpenStreetMap contributors, ODbL 1.0）Geofabrik japan-latest.osm.pbf 2026-09-18T20:21:10Z way/262054519",
    "verifiedAt": ""
   }
  },
  {
   "type": "Feature",
   "geometry": {
    "type": "Point",
    "coordinates": [
     138.8631414,
     35.5711035
    ]
   },
   "properties": {
    "id": "PK-w264055098",
    "kind": "parking",
    "name": "（名称なし）駐車場",
    "datum": "WGS84",
    "mountainIds": "437",
    "mountainNames": "三ッ峠山",
    "lists": "日本二百名山|日本三百名山|甲信越百名山",
    "routes": "",
    "entryType": "",
    "trailKmToSummit": "",
    "related": "TH-n1610329230(356m)",
    "attributes": "access=customers",
    "status": "provisional",
    "accuracyM": 40,
    "needsReview": "公式情報または2情報源での確認が必要、名称なし、登山口から離れている（徒歩アプローチを要確認）",
    "sources": "OpenStreetMap（© OpenStreetMap contributors, ODbL 1.0）Geofabrik japan-latest.osm.pbf 2026-09-18T20:21:10Z way/264055098",
    "verifiedAt": ""
   }
  },
  {
   "type": "Feature",
   "geometry": {
    "type": "Point",
    "coordinates": [
     138.556797,
     35.3718728
    ]
   },
   "properties": {
    "id": "PK-w264991623",
    "kind": "parking",
    "name": "（名称なし）駐車場",
    "datum": "WGS84",
    "mountainIds": "478",
    "mountainNames": "毛無山",
    "lists": "日本二百名山|日本三百名山|甲信越百名山",
    "routes": "",
    "entryType": "",
    "trailKmToSummit": "",
    "related": "TH-n1670227675(401m)",
    "attributes": "",
    "status": "provisional",
    "accuracyM": 40,
    "needsReview": "公式情報または2情報源での確認が必要、名称なし、登山口から離れている（徒歩アプローチを要確認）",
    "sources": "OpenStreetMap（© OpenStreetMap contributors, ODbL 1.0）Geofabrik japan-latest.osm.pbf 2026-09-18T20:21:10Z way/264991623",
    "verifiedAt": ""
   }
  },
  {
   "type": "Feature",
   "geometry": {
    "type": "Point",
    "coordinates": [
     138.5565223,
     35.3731777
    ]
   },
   "properties": {
    "id": "PK-w264991624",
    "kind": "parking",
    "name": "（名称なし）駐車場",
    "datum": "WGS84",
    "mountainIds": "478",
    "mountainNames": "毛無山",
    "lists": "日本二百名山|日本三百名山|甲信越百名山",
    "routes": "",
    "entryType": "",
    "trailKmToSummit": "",
    "related": "TH-n1670227675(301m)",
    "attributes": "",
    "status": "provisional",
    "accuracyM": 40,
    "needsReview": "公式情報または2情報源での確認が必要、名称なし、登山口から離れている（徒歩アプローチを要確認）",
    "sources": "OpenStreetMap（© OpenStreetMap contributors, ODbL 1.0）Geofabrik japan-latest.osm.pbf 2026-09-18T20:21:10Z way/264991624",
    "verifiedAt": ""
   }
  },
  {
   "type": "Feature",
   "geometry": {
    "type": "Point",
    "coordinates": [
     138.5529467,
     35.3410998
    ]
   },
   "properties": {
    "id": "PK-w265003433",
    "kind": "parking",
    "name": "休暇村富士用駐車場",
    "datum": "WGS84",
    "mountainIds": "478",
    "mountainNames": "毛無山",
    "lists": "日本二百名山|日本三百名山|甲信越百名山",
    "routes": "",
    "entryType": "",
    "trailKmToSummit": "",
    "related": "TH-n1670202460(249m)",
    "attributes": "fee=no; capacity=80; access=customers",
    "status": "provisional",
    "accuracyM": 40,
    "needsReview": "公式情報または2情報源での確認が必要",
    "sources": "OpenStreetMap（© OpenStreetMap contributors, ODbL 1.0）Geofabrik japan-latest.osm.pbf 2026-09-18T20:21:10Z way/265003433",
    "verifiedAt": ""
   }
  },
  {
   "type": "Feature",
   "geometry": {
    "type": "Point",
    "coordinates": [
     138.5537903,
     35.3403541
    ]
   },
   "properties": {
    "id": "PK-w265003434",
    "kind": "parking",
    "name": "休暇村富士用駐車場",
    "datum": "WGS84",
    "mountainIds": "478",
    "mountainNames": "毛無山",
    "lists": "日本二百名山|日本三百名山|甲信越百名山",
    "routes": "",
    "entryType": "",
    "trailKmToSummit": "",
    "related": "TH-n1670202460(246m)",
    "attributes": "fee=no; capacity=80; access=customers",
    "status": "provisional",
    "accuracyM": 40,
    "needsReview": "公式情報または2情報源での確認が必要",
    "sources": "OpenStreetMap（© OpenStreetMap contributors, ODbL 1.0）Geofabrik japan-latest.osm.pbf 2026-09-18T20:21:10Z way/265003434",
    "verifiedAt": ""
   }
  },
  {
   "type": "Feature",
   "geometry": {
    "type": "Point",
    "coordinates": [
     138.9024415,
     35.4331492
    ]
   },
   "properties": {
    "id": "PK-w265730248",
    "kind": "parking",
    "name": "（名称なし）駐車場",
    "datum": "WGS84",
    "mountainIds": "451",
    "mountainNames": "御正体山",
    "lists": "日本二百名山|日本三百名山|甲信越百名山",
    "routes": "",
    "entryType": "",
    "trailKmToSummit": "",
    "related": "TH-n5085703712(339m)",
    "attributes": "",
    "status": "provisional",
    "accuracyM": 40,
    "needsReview": "公式情報または2情報源での確認が必要、名称なし、登山口から離れている（徒歩アプローチを要確認）",
    "sources": "OpenStreetMap（© OpenStreetMap contributors, ODbL 1.0）Geofabrik japan-latest.osm.pbf 2026-09-18T20:21:10Z way/265730248",
    "verifiedAt": ""
   }
  },
  {
   "type": "Feature",
   "geometry": {
    "type": "Point",
    "coordinates": [
     139.1294913,
     37.1521685
    ]
   },
   "properties": {
    "id": "PK-w27422347",
    "kind": "parking",
    "name": "（名称なし）駐車場",
    "datum": "WGS84",
    "mountainIds": "205 209",
    "mountainNames": "越後駒ヶ岳、中ノ岳",
    "lists": "日本百名山|日本二百名山|日本三百名山|甲信越百名山",
    "routes": "",
    "entryType": "",
    "trailKmToSummit": "",
    "related": "TH-n301037600(41m)",
    "attributes": "",
    "status": "provisional",
    "accuracyM": 40,
    "needsReview": "公式情報または2情報源での確認が必要、名称なし",
    "sources": "OpenStreetMap（© OpenStreetMap contributors, ODbL 1.0）Geofabrik japan-latest.osm.pbf 2026-09-18T20:21:10Z way/27422347",
    "verifiedAt": ""
   }
  },
  {
   "type": "Feature",
   "geometry": {
    "type": "Point",
    "coordinates": [
     138.414899,
     35.9317978
    ]
   },
   "properties": {
    "id": "PK-w27562867",
    "kind": "parking",
    "name": "（名称なし）駐車場",
    "datum": "WGS84",
    "mountainIds": "350 355",
    "mountainNames": "天狗岳、八ヶ岳",
    "lists": "日本二百名山|日本三百名山|甲信越百名山|日本百名山",
    "routes": "",
    "entryType": "",
    "trailKmToSummit": "",
    "related": "TH-n4398472649(25m)",
    "attributes": "",
    "status": "provisional",
    "accuracyM": 40,
    "needsReview": "公式情報または2情報源での確認が必要、名称なし",
    "sources": "OpenStreetMap（© OpenStreetMap contributors, ODbL 1.0）Geofabrik japan-latest.osm.pbf 2026-09-18T20:21:10Z way/27562867",
    "verifiedAt": ""
   }
  },
  {
   "type": "Feature",
   "geometry": {
    "type": "Point",
    "coordinates": [
     138.9678056,
     35.5118933
    ]
   },
   "properties": {
    "id": "PK-w282632158",
    "kind": "parking",
    "name": "（名称なし）駐車場",
    "datum": "WGS84",
    "mountainIds": "451",
    "mountainNames": "御正体山",
    "lists": "日本二百名山|日本三百名山|甲信越百名山",
    "routes": "",
    "entryType": "",
    "trailKmToSummit": "",
    "related": "TH-n2865760189(13m)",
    "attributes": "",
    "status": "provisional",
    "accuracyM": 40,
    "needsReview": "公式情報または2情報源での確認が必要、名称なし",
    "sources": "OpenStreetMap（© OpenStreetMap contributors, ODbL 1.0）Geofabrik japan-latest.osm.pbf 2026-09-18T20:21:10Z way/282632158",
    "verifiedAt": ""
   }
  },
  {
   "type": "Feature",
   "geometry": {
    "type": "Point",
    "coordinates": [
     138.8774781,
     35.6866617
    ]
   },
   "properties": {
    "id": "PK-w285210944",
    "kind": "parking",
    "name": "（名称なし）駐車場",
    "datum": "WGS84",
    "mountainIds": "398 421",
    "mountainNames": "大菩薩嶺、滝子山",
    "lists": "日本百名山|日本二百名山|日本三百名山|甲信越百名山",
    "routes": "",
    "entryType": "",
    "trailKmToSummit": "",
    "related": "TH-n1599604307(24m)",
    "attributes": "",
    "status": "provisional",
    "accuracyM": 40,
    "needsReview": "公式情報または2情報源での確認が必要、名称なし",
    "sources": "OpenStreetMap（© OpenStreetMap contributors, ODbL 1.0）Geofabrik japan-latest.osm.pbf 2026-09-18T20:21:10Z way/285210944",
    "verifiedAt": ""
   }
  },
  {
   "type": "Feature",
   "geometry": {
    "type": "Point",
    "coordinates": [
     138.3447959,
     36.0585508
    ]
   },
   "properties": {
    "id": "PK-w289172993",
    "kind": "parking",
    "name": "（名称なし）駐車場",
    "datum": "WGS84",
    "mountainIds": "337 341 350 355",
    "mountainNames": "蓼科山、北横岳、天狗岳、八ヶ岳",
    "lists": "日本百名山|日本二百名山|日本三百名山|甲信越百名山",
    "routes": "",
    "entryType": "",
    "trailKmToSummit": "",
    "related": "TH-n1548420958(139m)",
    "attributes": "",
    "status": "provisional",
    "accuracyM": 40,
    "needsReview": "公式情報または2情報源での確認が必要、名称なし",
    "sources": "OpenStreetMap（© OpenStreetMap contributors, ODbL 1.0）Geofabrik japan-latest.osm.pbf 2026-09-18T20:21:10Z way/289172993",
    "verifiedAt": ""
   }
  },
  {
   "type": "Feature",
   "geometry": {
    "type": "Point",
    "coordinates": [
     138.280634,
     36.0849566
    ]
   },
   "properties": {
    "id": "PK-w289836743",
    "kind": "parking",
    "name": "すずらん峠園地駐車場",
    "datum": "WGS84",
    "mountainIds": "337 341",
    "mountainNames": "蓼科山、北横岳",
    "lists": "日本百名山|日本二百名山|日本三百名山|甲信越百名山",
    "routes": "",
    "entryType": "",
    "trailKmToSummit": "",
    "related": "TH-n1552972129(87m)",
    "attributes": "fee=no; operator=環境省・長野県",
    "status": "provisional",
    "accuracyM": 40,
    "needsReview": "公式情報または2情報源での確認が必要",
    "sources": "OpenStreetMap（© OpenStreetMap contributors, ODbL 1.0）Geofabrik japan-latest.osm.pbf 2026-09-18T20:21:10Z way/289836743",
    "verifiedAt": ""
   }
  },
  {
   "type": "Feature",
   "geometry": {
    "type": "Point",
    "coordinates": [
     138.8020623,
     35.7758572
    ]
   },
   "properties": {
    "id": "PK-w301758680",
    "kind": "parking",
    "name": "（名称なし）駐車場",
    "datum": "WGS84",
    "mountainIds": "388 398",
    "mountainNames": "黒川鶏冠山、大菩薩嶺",
    "lists": "甲信越百名山|日本百名山|日本二百名山|日本三百名山",
    "routes": "",
    "entryType": "",
    "trailKmToSummit": "",
    "related": "TH-n11731599406(65m)",
    "attributes": "",
    "status": "provisional",
    "accuracyM": 40,
    "needsReview": "公式情報または2情報源での確認が必要、名称なし",
    "sources": "OpenStreetMap（© OpenStreetMap contributors, ODbL 1.0）Geofabrik japan-latest.osm.pbf 2026-09-18T20:21:10Z way/301758680",
    "verifiedAt": ""
   }
  },
  {
   "type": "Feature",
   "geometry": {
    "type": "Point",
    "coordinates": [
     138.8026589,
     35.7759127
    ]
   },
   "properties": {
    "id": "PK-w301758682",
    "kind": "parking",
    "name": "（名称なし）駐車場",
    "datum": "WGS84",
    "mountainIds": "388 398",
    "mountainNames": "黒川鶏冠山、大菩薩嶺",
    "lists": "甲信越百名山|日本百名山|日本二百名山|日本三百名山",
    "routes": "",
    "entryType": "",
    "trailKmToSummit": "",
    "related": "TH-n11731599406(49m)",
    "attributes": "",
    "status": "provisional",
    "accuracyM": 40,
    "needsReview": "公式情報または2情報源での確認が必要、名称なし",
    "sources": "OpenStreetMap（© OpenStreetMap contributors, ODbL 1.0）Geofabrik japan-latest.osm.pbf 2026-09-18T20:21:10Z way/301758682",
    "verifiedAt": ""
   }
  },
  {
   "type": "Feature",
   "geometry": {
    "type": "Point",
    "coordinates": [
     138.1596866,
     36.1202441
    ]
   },
   "properties": {
    "id": "PK-w305509741",
    "kind": "parking",
    "name": "八島湿原駐車場",
    "datum": "WGS84",
    "mountainIds": "338",
    "mountainNames": "霧ヶ峰",
    "lists": "日本百名山|日本二百名山|日本三百名山|甲信越百名山",
    "routes": "",
    "entryType": "",
    "trailKmToSummit": "",
    "related": "TH-w305509741(0m)",
    "attributes": "fee=no; access=yes",
    "status": "provisional",
    "accuracyM": 40,
    "needsReview": "公式情報または2情報源での確認が必要",
    "sources": "OpenStreetMap（© OpenStreetMap contributors, ODbL 1.0）Geofabrik japan-latest.osm.pbf 2026-09-18T20:21:10Z way/305509741",
    "verifiedAt": ""
   }
  },
  {
   "type": "Feature",
   "geometry": {
    "type": "Point",
    "coordinates": [
     138.1598162,
     36.1208263
    ]
   },
   "properties": {
    "id": "PK-w305509742",
    "kind": "parking",
    "name": "（名称なし）駐車場",
    "datum": "WGS84",
    "mountainIds": "338",
    "mountainNames": "霧ヶ峰",
    "lists": "日本百名山|日本二百名山|日本三百名山|甲信越百名山",
    "routes": "",
    "entryType": "",
    "trailKmToSummit": "",
    "related": "TH-w305509741(65m)",
    "attributes": "fee=no; access=yes",
    "status": "provisional",
    "accuracyM": 40,
    "needsReview": "公式情報または2情報源での確認が必要、名称なし",
    "sources": "OpenStreetMap（© OpenStreetMap contributors, ODbL 1.0）Geofabrik japan-latest.osm.pbf 2026-09-18T20:21:10Z way/305509742",
    "verifiedAt": ""
   }
  },
  {
   "type": "Feature",
   "geometry": {
    "type": "Point",
    "coordinates": [
     138.3020567,
     36.0676083
    ]
   },
   "properties": {
    "id": "PK-w350178484",
    "kind": "parking",
    "name": "（名称なし）駐車場",
    "datum": "WGS84",
    "mountainIds": "337 341",
    "mountainNames": "蓼科山、北横岳",
    "lists": "日本百名山|日本二百名山|日本三百名山|甲信越百名山",
    "routes": "",
    "entryType": "",
    "trailKmToSummit": "",
    "related": "TH-n861177869(93m) TH-n4507147817(427m)",
    "attributes": "",
    "status": "provisional",
    "accuracyM": 40,
    "needsReview": "公式情報または2情報源での確認が必要、名称なし、登山口から離れている（徒歩アプローチを要確認）",
    "sources": "OpenStreetMap（© OpenStreetMap contributors, ODbL 1.0）Geofabrik japan-latest.osm.pbf 2026-09-18T20:21:10Z way/350178484",
    "verifiedAt": ""
   }
  },
  {
   "type": "Feature",
   "geometry": {
    "type": "Point",
    "coordinates": [
     138.3070607,
     35.917166
    ]
   },
   "properties": {
    "id": "PK-w379302421",
    "kind": "parking",
    "name": "（名称なし）駐車場",
    "datum": "WGS84",
    "mountainIds": "355",
    "mountainNames": "八ヶ岳",
    "lists": "日本百名山|日本二百名山|日本三百名山|甲信越百名山",
    "routes": "",
    "entryType": "",
    "trailKmToSummit": "",
    "related": "TH-n2423502989(188m)",
    "attributes": "",
    "status": "provisional",
    "accuracyM": 40,
    "needsReview": "公式情報または2情報源での確認が必要、名称なし",
    "sources": "OpenStreetMap（© OpenStreetMap contributors, ODbL 1.0）Geofabrik japan-latest.osm.pbf 2026-09-18T20:21:10Z way/379302421",
    "verifiedAt": ""
   }
  },
  {
   "type": "Feature",
   "geometry": {
    "type": "Point",
    "coordinates": [
     138.2130966,
     36.1014622
    ]
   },
   "properties": {
    "id": "PK-w386615325",
    "kind": "parking",
    "name": "（名称なし）駐車場",
    "datum": "WGS84",
    "mountainIds": "338",
    "mountainNames": "霧ヶ峰",
    "lists": "日本百名山|日本二百名山|日本三百名山|甲信越百名山",
    "routes": "",
    "entryType": "",
    "trailKmToSummit": "",
    "related": "TH-n4508928681(92m) TH-w664581564(222m)",
    "attributes": "",
    "status": "provisional",
    "accuracyM": 40,
    "needsReview": "公式情報または2情報源での確認が必要、名称なし",
    "sources": "OpenStreetMap（© OpenStreetMap contributors, ODbL 1.0）Geofabrik japan-latest.osm.pbf 2026-09-18T20:21:10Z way/386615325",
    "verifiedAt": ""
   }
  },
  {
   "type": "Feature",
   "geometry": {
    "type": "Point",
    "coordinates": [
     138.1057753,
     36.2342537
    ]
   },
   "properties": {
    "id": "PK-w415771559",
    "kind": "parking",
    "name": "（名称なし）駐車場",
    "datum": "WGS84",
    "mountainIds": "323",
    "mountainNames": "美ヶ原",
    "lists": "日本百名山|日本二百名山|日本三百名山|甲信越百名山",
    "routes": "",
    "entryType": "",
    "trailKmToSummit": "",
    "related": "TH-n1631968158(321m)",
    "attributes": "",
    "status": "provisional",
    "accuracyM": 40,
    "needsReview": "公式情報または2情報源での確認が必要、名称なし、登山口から離れている（徒歩アプローチを要確認）",
    "sources": "OpenStreetMap（© OpenStreetMap contributors, ODbL 1.0）Geofabrik japan-latest.osm.pbf 2026-09-18T20:21:10Z way/415771559",
    "verifiedAt": ""
   }
  },
  {
   "type": "Feature",
   "geometry": {
    "type": "Point",
    "coordinates": [
     138.2804587,
     36.0847201
    ]
   },
   "properties": {
    "id": "PK-w416542959",
    "kind": "parking",
    "name": "すずらん峠園地駐車場",
    "datum": "WGS84",
    "mountainIds": "337 341",
    "mountainNames": "蓼科山、北横岳",
    "lists": "日本百名山|日本二百名山|日本三百名山|甲信越百名山",
    "routes": "",
    "entryType": "",
    "trailKmToSummit": "",
    "related": "TH-n1552972129(73m)",
    "attributes": "fee=no; operator=環境省・長野県",
    "status": "provisional",
    "accuracyM": 40,
    "needsReview": "公式情報または2情報源での確認が必要",
    "sources": "OpenStreetMap（© OpenStreetMap contributors, ODbL 1.0）Geofabrik japan-latest.osm.pbf 2026-09-18T20:21:10Z way/416542959",
    "verifiedAt": ""
   }
  },
  {
   "type": "Feature",
   "geometry": {
    "type": "Point",
    "coordinates": [
     138.4121708,
     35.9521585
    ]
   },
   "properties": {
    "id": "PK-w423424974",
    "kind": "parking",
    "name": "（名称なし）駐車場",
    "datum": "WGS84",
    "mountainIds": "350 355",
    "mountainNames": "天狗岳、八ヶ岳",
    "lists": "日本二百名山|日本三百名山|甲信越百名山|日本百名山",
    "routes": "",
    "entryType": "",
    "trailKmToSummit": "",
    "related": "TH-n4230308517(133m)",
    "attributes": "",
    "status": "provisional",
    "accuracyM": 40,
    "needsReview": "公式情報または2情報源での確認が必要、名称なし",
    "sources": "OpenStreetMap（© OpenStreetMap contributors, ODbL 1.0）Geofabrik japan-latest.osm.pbf 2026-09-18T20:21:10Z way/423424974",
    "verifiedAt": ""
   }
  },
  {
   "type": "Feature",
   "geometry": {
    "type": "Point",
    "coordinates": [
     138.1870776,
     36.1036601
    ]
   },
   "properties": {
    "id": "PK-w430356240",
    "kind": "parking",
    "name": "（名称なし）駐車場",
    "datum": "WGS84",
    "mountainIds": "338",
    "mountainNames": "霧ヶ峰",
    "lists": "日本百名山|日本二百名山|日本三百名山|甲信越百名山",
    "routes": "",
    "entryType": "",
    "trailKmToSummit": "",
    "related": "TH-kP11-22-20-bs5535(47m)",
    "attributes": "fee=no",
    "status": "provisional",
    "accuracyM": 40,
    "needsReview": "公式情報または2情報源での確認が必要、名称なし",
    "sources": "OpenStreetMap（© OpenStreetMap contributors, ODbL 1.0）Geofabrik japan-latest.osm.pbf 2026-09-18T20:21:10Z way/430356240",
    "verifiedAt": ""
   }
  },
  {
   "type": "Feature",
   "geometry": {
    "type": "Point",
    "coordinates": [
     138.1878828,
     36.1036708
    ]
   },
   "properties": {
    "id": "PK-w430356242",
    "kind": "parking",
    "name": "（名称なし）駐車場",
    "datum": "WGS84",
    "mountainIds": "338",
    "mountainNames": "霧ヶ峰",
    "lists": "日本百名山|日本二百名山|日本三百名山|甲信越百名山",
    "routes": "",
    "entryType": "",
    "trailKmToSummit": "",
    "related": "TH-kP11-22-20-bs5535(34m)",
    "attributes": "fee=yes",
    "status": "provisional",
    "accuracyM": 40,
    "needsReview": "公式情報または2情報源での確認が必要、名称なし",
    "sources": "OpenStreetMap（© OpenStreetMap contributors, ODbL 1.0）Geofabrik japan-latest.osm.pbf 2026-09-18T20:21:10Z way/430356242",
    "verifiedAt": ""
   }
  },
  {
   "type": "Feature",
   "geometry": {
    "type": "Point",
    "coordinates": [
     138.8274314,
     36.7610867
    ]
   },
   "properties": {
    "id": "PK-w431503240",
    "kind": "parking",
    "name": "（名称なし）駐車場",
    "datum": "WGS84",
    "mountainIds": "236 238",
    "mountainNames": "平標山、仙ノ倉山",
    "lists": "甲信越百名山|日本二百名山|日本三百名山|関東百名山",
    "routes": "",
    "entryType": "",
    "trailKmToSummit": "",
    "related": "TH-n303019092(29m)",
    "attributes": "",
    "status": "provisional",
    "accuracyM": 40,
    "needsReview": "公式情報または2情報源での確認が必要、名称なし",
    "sources": "OpenStreetMap（© OpenStreetMap contributors, ODbL 1.0）Geofabrik japan-latest.osm.pbf 2026-09-18T20:21:10Z way/431503240",
    "verifiedAt": ""
   }
  },
  {
   "type": "Feature",
   "geometry": {
    "type": "Point",
    "coordinates": [
     138.0787644,
     36.7552011
    ]
   },
   "properties": {
    "id": "PK-w435230870",
    "kind": "parking",
    "name": "（名称なし）駐車場",
    "datum": "WGS84",
    "mountainIds": "242 245",
    "mountainNames": "高妻山、戸隠山",
    "lists": "日本百名山|日本二百名山|日本三百名山|甲信越百名山",
    "routes": "",
    "entryType": "",
    "trailKmToSummit": "",
    "related": "TH-n5217918522(111m) TH-n1878498136(419m) TH-n1878498738(402m)",
    "attributes": "fee=yes; access=yes",
    "status": "provisional",
    "accuracyM": 40,
    "needsReview": "公式情報または2情報源での確認が必要、名称なし、登山口から離れている（徒歩アプローチを要確認）",
    "sources": "OpenStreetMap（© OpenStreetMap contributors, ODbL 1.0）Geofabrik japan-latest.osm.pbf 2026-09-18T20:21:10Z way/435230870",
    "verifiedAt": ""
   }
  },
  {
   "type": "Feature",
   "geometry": {
    "type": "Point",
    "coordinates": [
     138.0793955,
     36.7556599
    ]
   },
   "properties": {
    "id": "PK-w435230871",
    "kind": "parking",
    "name": "（名称なし）駐車場",
    "datum": "WGS84",
    "mountainIds": "242 245",
    "mountainNames": "高妻山、戸隠山",
    "lists": "日本百名山|日本二百名山|日本三百名山|甲信越百名山",
    "routes": "",
    "entryType": "",
    "trailKmToSummit": "",
    "related": "TH-n5217918522(46m) TH-n1878498738(448m)",
    "attributes": "fee=yes; access=yes",
    "status": "provisional",
    "accuracyM": 40,
    "needsReview": "公式情報または2情報源での確認が必要、名称なし、登山口から離れている（徒歩アプローチを要確認）",
    "sources": "OpenStreetMap（© OpenStreetMap contributors, ODbL 1.0）Geofabrik japan-latest.osm.pbf 2026-09-18T20:21:10Z way/435230871",
    "verifiedAt": ""
   }
  },
  {
   "type": "Feature",
   "geometry": {
    "type": "Point",
    "coordinates": [
     138.6000289,
     35.4382013
    ]
   },
   "properties": {
    "id": "PK-w489699133",
    "kind": "parking",
    "name": "一般車駐車場",
    "datum": "WGS84",
    "mountainIds": "478",
    "mountainNames": "毛無山",
    "lists": "日本二百名山|日本三百名山|甲信越百名山",
    "routes": "",
    "entryType": "",
    "trailKmToSummit": "",
    "related": "TH-w489699133(0m)",
    "attributes": "",
    "status": "provisional",
    "accuracyM": 40,
    "needsReview": "公式情報または2情報源での確認が必要",
    "sources": "OpenStreetMap（© OpenStreetMap contributors, ODbL 1.0）Geofabrik japan-latest.osm.pbf 2026-09-18T20:21:10Z way/489699133",
    "verifiedAt": ""
   }
  },
  {
   "type": "Feature",
   "geometry": {
    "type": "Point",
    "coordinates": [
     138.6035996,
     35.4435064
    ]
   },
   "properties": {
    "id": "PK-w489699152",
    "kind": "parking",
    "name": "団体・バス駐車場",
    "datum": "WGS84",
    "mountainIds": "478",
    "mountainNames": "毛無山",
    "lists": "日本二百名山|日本三百名山|甲信越百名山",
    "routes": "",
    "entryType": "",
    "trailKmToSummit": "",
    "related": "TH-w489699152(0m)",
    "attributes": "",
    "status": "provisional",
    "accuracyM": 40,
    "needsReview": "公式情報または2情報源での確認が必要",
    "sources": "OpenStreetMap（© OpenStreetMap contributors, ODbL 1.0）Geofabrik japan-latest.osm.pbf 2026-09-18T20:21:10Z way/489699152",
    "verifiedAt": ""
   }
  },
  {
   "type": "Feature",
   "geometry": {
    "type": "Point",
    "coordinates": [
     138.4654777,
     36.55557
    ]
   },
   "properties": {
    "id": "PK-w502983724",
    "kind": "parking",
    "name": "（名称なし）駐車場",
    "datum": "WGS84",
    "mountainIds": "277",
    "mountainNames": "四阿山",
    "lists": "日本百名山|日本二百名山|日本三百名山|甲信越百名山",
    "routes": "",
    "entryType": "",
    "trailKmToSummit": "",
    "related": "TH-n1070117219(262m)",
    "attributes": "",
    "status": "provisional",
    "accuracyM": 40,
    "needsReview": "公式情報または2情報源での確認が必要、名称なし",
    "sources": "OpenStreetMap（© OpenStreetMap contributors, ODbL 1.0）Geofabrik japan-latest.osm.pbf 2026-09-18T20:21:10Z way/502983724",
    "verifiedAt": ""
   }
  },
  {
   "type": "Feature",
   "geometry": {
    "type": "Point",
    "coordinates": [
     138.3064794,
     35.9224722
    ]
   },
   "properties": {
    "id": "PK-w517357377",
    "kind": "parking",
    "name": "（名称なし）駐車場",
    "datum": "WGS84",
    "mountainIds": "355",
    "mountainNames": "八ヶ岳",
    "lists": "日本百名山|日本二百名山|日本三百名山|甲信越百名山",
    "routes": "",
    "entryType": "",
    "trailKmToSummit": "",
    "related": "TH-n2423502989(446m)",
    "attributes": "",
    "status": "provisional",
    "accuracyM": 40,
    "needsReview": "公式情報または2情報源での確認が必要、名称なし、登山口から離れている（徒歩アプローチを要確認）",
    "sources": "OpenStreetMap（© OpenStreetMap contributors, ODbL 1.0）Geofabrik japan-latest.osm.pbf 2026-09-18T20:21:10Z way/517357377",
    "verifiedAt": ""
   }
  },
  {
   "type": "Feature",
   "geometry": {
    "type": "Point",
    "coordinates": [
     138.306877,
     35.9229914
    ]
   },
   "properties": {
    "id": "PK-w517357379",
    "kind": "parking",
    "name": "（名称なし）駐車場",
    "datum": "WGS84",
    "mountainIds": "355",
    "mountainNames": "八ヶ岳",
    "lists": "日本百名山|日本二百名山|日本三百名山|甲信越百名山",
    "routes": "",
    "entryType": "",
    "trailKmToSummit": "",
    "related": "TH-n2423502989(492m)",
    "attributes": "",
    "status": "provisional",
    "accuracyM": 40,
    "needsReview": "公式情報または2情報源での確認が必要、名称なし、登山口から離れている（徒歩アプローチを要確認）",
    "sources": "OpenStreetMap（© OpenStreetMap contributors, ODbL 1.0）Geofabrik japan-latest.osm.pbf 2026-09-18T20:21:10Z way/517357379",
    "verifiedAt": ""
   }
  },
  {
   "type": "Feature",
   "geometry": {
    "type": "Point",
    "coordinates": [
     138.0787977,
     36.8677853
    ]
   },
   "properties": {
    "id": "PK-w536265765",
    "kind": "parking",
    "name": "（名称なし）駐車場",
    "datum": "WGS84",
    "mountainIds": "222 223 227",
    "mountainNames": "火打山、焼山、妙高山",
    "lists": "日本百名山|日本二百名山|日本三百名山|甲信越百名山",
    "routes": "",
    "entryType": "",
    "trailKmToSummit": "",
    "related": "TH-n3786002110(117m)",
    "attributes": "",
    "status": "provisional",
    "accuracyM": 40,
    "needsReview": "公式情報または2情報源での確認が必要、名称なし",
    "sources": "OpenStreetMap（© OpenStreetMap contributors, ODbL 1.0）Geofabrik japan-latest.osm.pbf 2026-09-18T20:21:10Z way/536265765",
    "verifiedAt": ""
   }
  },
  {
   "type": "Feature",
   "geometry": {
    "type": "Point",
    "coordinates": [
     138.0786543,
     36.868722
    ]
   },
   "properties": {
    "id": "PK-w536265770",
    "kind": "parking",
    "name": "（名称なし）駐車場",
    "datum": "WGS84",
    "mountainIds": "222 223 227",
    "mountainNames": "火打山、焼山、妙高山",
    "lists": "日本百名山|日本二百名山|日本三百名山|甲信越百名山",
    "routes": "",
    "entryType": "",
    "trailKmToSummit": "",
    "related": "TH-n3786002110(34m)",
    "attributes": "",
    "status": "provisional",
    "accuracyM": 40,
    "needsReview": "公式情報または2情報源での確認が必要、名称なし",
    "sources": "OpenStreetMap（© OpenStreetMap contributors, ODbL 1.0）Geofabrik japan-latest.osm.pbf 2026-09-18T20:21:10Z way/536265770",
    "verifiedAt": ""
   }
  },
  {
   "type": "Feature",
   "geometry": {
    "type": "Point",
    "coordinates": [
     137.6514167,
     35.4602506
    ]
   },
   "properties": {
    "id": "PK-w538766594",
    "kind": "parking",
    "name": "（名称なし）駐車場",
    "datum": "WGS84",
    "mountainIds": "455",
    "mountainNames": "富士見台高原",
    "lists": "東海の百山",
    "routes": "",
    "entryType": "",
    "trailKmToSummit": "",
    "related": "TH-n12054128640(136m)",
    "attributes": "",
    "status": "provisional",
    "accuracyM": 40,
    "needsReview": "公式情報または2情報源での確認が必要、名称なし",
    "sources": "OpenStreetMap（© OpenStreetMap contributors, ODbL 1.0）Geofabrik japan-latest.osm.pbf 2026-09-18T20:21:10Z way/538766594",
    "verifiedAt": ""
   }
  },
  {
   "type": "Feature",
   "geometry": {
    "type": "Point",
    "coordinates": [
     138.415711,
     35.9473761
    ]
   },
   "properties": {
    "id": "PK-w560525662",
    "kind": "parking",
    "name": "（名称なし）駐車場",
    "datum": "WGS84",
    "mountainIds": "350 355",
    "mountainNames": "天狗岳、八ヶ岳",
    "lists": "日本二百名山|日本三百名山|甲信越百名山|日本百名山",
    "routes": "",
    "entryType": "",
    "trailKmToSummit": "",
    "related": "TH-n638937236(199m)",
    "attributes": "fee=no; access=customers",
    "status": "provisional",
    "accuracyM": 40,
    "needsReview": "公式情報または2情報源での確認が必要、名称なし",
    "sources": "OpenStreetMap（© OpenStreetMap contributors, ODbL 1.0）Geofabrik japan-latest.osm.pbf 2026-09-18T20:21:10Z way/560525662",
    "verifiedAt": ""
   }
  },
  {
   "type": "Feature",
   "geometry": {
    "type": "Point",
    "coordinates": [
     138.6418883,
     35.9088607
    ]
   },
   "properties": {
    "id": "PK-w571903209",
    "kind": "parking",
    "name": "金峰山荘宿泊者用駐車場",
    "datum": "WGS84",
    "mountainIds": "369 373",
    "mountainNames": "瑞牆山、金峰山",
    "lists": "日本百名山|日本二百名山|日本三百名山|甲信越百名山",
    "routes": "",
    "entryType": "",
    "trailKmToSummit": "",
    "related": "TH-w571903209(0m)",
    "attributes": "access=customers; operator=金峰山荘",
    "status": "provisional",
    "accuracyM": 40,
    "needsReview": "公式情報または2情報源での確認が必要",
    "sources": "OpenStreetMap（© OpenStreetMap contributors, ODbL 1.0）Geofabrik japan-latest.osm.pbf 2026-09-18T20:21:10Z way/571903209",
    "verifiedAt": ""
   }
  },
  {
   "type": "Feature",
   "geometry": {
    "type": "Point",
    "coordinates": [
     138.640418,
     35.9090538
    ]
   },
   "properties": {
    "id": "PK-w571903211",
    "kind": "parking",
    "name": "（名称なし）駐車場",
    "datum": "WGS84",
    "mountainIds": "369 373",
    "mountainNames": "瑞牆山、金峰山",
    "lists": "日本百名山|日本二百名山|日本三百名山|甲信越百名山",
    "routes": "",
    "entryType": "",
    "trailKmToSummit": "",
    "related": "TH-w571903209(134m)",
    "attributes": "access=customers; operator=金峰山荘",
    "status": "provisional",
    "accuracyM": 40,
    "needsReview": "公式情報または2情報源での確認が必要、名称なし",
    "sources": "OpenStreetMap（© OpenStreetMap contributors, ODbL 1.0）Geofabrik japan-latest.osm.pbf 2026-09-18T20:21:10Z way/571903211",
    "verifiedAt": ""
   }
  },
  {
   "type": "Feature",
   "geometry": {
    "type": "Point",
    "coordinates": [
     137.6666345,
     36.842471
    ]
   },
   "properties": {
    "id": "PK-w613105361",
    "kind": "parking",
    "name": "（名称なし）駐車場",
    "datum": "WGS84",
    "mountainIds": "235 244",
    "mountainNames": "朝日岳、雪倉岳",
    "lists": "日本三百名山|甲信越百名山|日本二百名山",
    "routes": "",
    "entryType": "",
    "trailKmToSummit": "",
    "related": "TH-n1411293892(128m)",
    "attributes": "",
    "status": "provisional",
    "accuracyM": 40,
    "needsReview": "公式情報または2情報源での確認が必要、名称なし",
    "sources": "OpenStreetMap（© OpenStreetMap contributors, ODbL 1.0）Geofabrik japan-latest.osm.pbf 2026-09-18T20:21:10Z way/613105361",
    "verifiedAt": ""
   }
  },
  {
   "type": "Feature",
   "geometry": {
    "type": "Point",
    "coordinates": [
     138.0576509,
     36.1665082
    ]
   },
   "properties": {
    "id": "PK-w621044721",
    "kind": "parking",
    "name": "（名称なし）駐車場",
    "datum": "WGS84",
    "mountainIds": "332",
    "mountainNames": "鉢伏山",
    "lists": "日本三百名山|甲信越百名山",
    "routes": "",
    "entryType": "",
    "trailKmToSummit": "",
    "related": "TH-n1637096536(277m)",
    "attributes": "",
    "status": "provisional",
    "accuracyM": 40,
    "needsReview": "公式情報または2情報源での確認が必要、名称なし",
    "sources": "OpenStreetMap（© OpenStreetMap contributors, ODbL 1.0）Geofabrik japan-latest.osm.pbf 2026-09-18T20:21:10Z way/621044721",
    "verifiedAt": ""
   }
  },
  {
   "type": "Feature",
   "geometry": {
    "type": "Point",
    "coordinates": [
     137.7249007,
     36.4942315
    ]
   },
   "properties": {
    "id": "PK-w630234122",
    "kind": "parking",
    "name": "（名称なし）駐車場",
    "datum": "WGS84",
    "mountainIds": "279 280 283 286",
    "mountainNames": "針ノ木岳、蓮華岳、烏帽子岳、赤牛岳",
    "lists": "日本二百名山|日本三百名山|甲信越百名山",
    "routes": "",
    "entryType": "",
    "trailKmToSummit": "",
    "related": "TH-n1596195211(191m)",
    "attributes": "",
    "status": "provisional",
    "accuracyM": 40,
    "needsReview": "公式情報または2情報源での確認が必要、名称なし",
    "sources": "OpenStreetMap（© OpenStreetMap contributors, ODbL 1.0）Geofabrik japan-latest.osm.pbf 2026-09-18T20:21:10Z way/630234122",
    "verifiedAt": ""
   }
  },
  {
   "type": "Feature",
   "geometry": {
    "type": "Point",
    "coordinates": [
     138.7767126,
     35.3651099
    ]
   },
   "properties": {
    "id": "PK-w631535020",
    "kind": "parking",
    "name": "（名称なし）駐車場",
    "datum": "WGS84",
    "mountainIds": "494",
    "mountainNames": "富士山",
    "lists": "日本百名山|日本二百名山|日本三百名山|甲信越百名山",
    "routes": "",
    "entryType": "",
    "trailKmToSummit": "",
    "related": "TH-n3041092120(182m)",
    "attributes": "",
    "status": "provisional",
    "accuracyM": 40,
    "needsReview": "公式情報または2情報源での確認が必要、名称なし",
    "sources": "OpenStreetMap（© OpenStreetMap contributors, ODbL 1.0）Geofabrik japan-latest.osm.pbf 2026-09-18T20:21:10Z way/631535020",
    "verifiedAt": ""
   }
  },
  {
   "type": "Feature",
   "geometry": {
    "type": "Point",
    "coordinates": [
     137.7995638,
     36.8111631
    ]
   },
   "properties": {
    "id": "PK-w645318855",
    "kind": "parking",
    "name": "（名称なし）駐車場",
    "datum": "WGS84",
    "mountainIds": "235 244 248 253",
    "mountainNames": "朝日岳、雪倉岳、白馬岳、鑓ヶ岳",
    "lists": "日本三百名山|甲信越百名山|日本二百名山|日本百名山",
    "routes": "",
    "entryType": "",
    "trailKmToSummit": "",
    "related": "TH-n1249472684(31m)",
    "attributes": "",
    "status": "provisional",
    "accuracyM": 40,
    "needsReview": "公式情報または2情報源での確認が必要、名称なし",
    "sources": "OpenStreetMap（© OpenStreetMap contributors, ODbL 1.0）Geofabrik japan-latest.osm.pbf 2026-09-18T20:21:10Z way/645318855",
    "verifiedAt": ""
   }
  },
  {
   "type": "Feature",
   "geometry": {
    "type": "Point",
    "coordinates": [
     138.0902646,
     36.769689
    ]
   },
   "properties": {
    "id": "PK-w653836975",
    "kind": "parking",
    "name": "（名称なし）駐車場",
    "datum": "WGS84",
    "mountainIds": "242 245",
    "mountainNames": "高妻山、戸隠山",
    "lists": "日本百名山|日本二百名山|日本三百名山|甲信越百名山",
    "routes": "",
    "entryType": "",
    "trailKmToSummit": "",
    "related": "TH-kP11-22-20-bs464(52m) TH-n14109822687(480m)",
    "attributes": "",
    "status": "provisional",
    "accuracyM": 40,
    "needsReview": "公式情報または2情報源での確認が必要、名称なし、登山口から離れている（徒歩アプローチを要確認）",
    "sources": "OpenStreetMap（© OpenStreetMap contributors, ODbL 1.0）Geofabrik japan-latest.osm.pbf 2026-09-18T20:21:10Z way/653836975",
    "verifiedAt": ""
   }
  },
  {
   "type": "Feature",
   "geometry": {
    "type": "Point",
    "coordinates": [
     138.0904024,
     36.7691228
    ]
   },
   "properties": {
    "id": "PK-w653836976",
    "kind": "parking",
    "name": "（名称なし）駐車場",
    "datum": "WGS84",
    "mountainIds": "242 245",
    "mountainNames": "高妻山、戸隠山",
    "lists": "日本百名山|日本二百名山|日本三百名山|甲信越百名山",
    "routes": "",
    "entryType": "",
    "trailKmToSummit": "",
    "related": "TH-kP11-22-20-bs464(12m)",
    "attributes": "",
    "status": "provisional",
    "accuracyM": 40,
    "needsReview": "公式情報または2情報源での確認が必要、名称なし",
    "sources": "OpenStreetMap（© OpenStreetMap contributors, ODbL 1.0）Geofabrik japan-latest.osm.pbf 2026-09-18T20:21:10Z way/653836976",
    "verifiedAt": ""
   }
  },
  {
   "type": "Feature",
   "geometry": {
    "type": "Point",
    "coordinates": [
     138.4916165,
     36.6982857
    ]
   },
   "properties": {
    "id": "PK-w663024924",
    "kind": "parking",
    "name": "（名称なし）駐車場",
    "datum": "WGS84",
    "mountainIds": "258",
    "mountainNames": "志賀山",
    "lists": "甲信越百名山",
    "routes": "",
    "entryType": "",
    "trailKmToSummit": "",
    "related": "TH-n484668276(157m)",
    "attributes": "",
    "status": "provisional",
    "accuracyM": 40,
    "needsReview": "公式情報または2情報源での確認が必要、名称なし",
    "sources": "OpenStreetMap（© OpenStreetMap contributors, ODbL 1.0）Geofabrik japan-latest.osm.pbf 2026-09-18T20:21:10Z way/663024924",
    "verifiedAt": ""
   }
  },
  {
   "type": "Feature",
   "geometry": {
    "type": "Point",
    "coordinates": [
     138.2124959,
     36.1003459
    ]
   },
   "properties": {
    "id": "PK-w664581563",
    "kind": "parking",
    "name": "（名称なし）駐車場",
    "datum": "WGS84",
    "mountainIds": "338",
    "mountainNames": "霧ヶ峰",
    "lists": "日本百名山|日本二百名山|日本三百名山|甲信越百名山",
    "routes": "",
    "entryType": "",
    "trailKmToSummit": "",
    "related": "TH-n4508928681(139m) TH-w664581564(120m)",
    "attributes": "",
    "status": "provisional",
    "accuracyM": 40,
    "needsReview": "公式情報または2情報源での確認が必要、名称なし",
    "sources": "OpenStreetMap（© OpenStreetMap contributors, ODbL 1.0）Geofabrik japan-latest.osm.pbf 2026-09-18T20:21:10Z way/664581563",
    "verifiedAt": ""
   }
  },
  {
   "type": "Feature",
   "geometry": {
    "type": "Point",
    "coordinates": [
     138.2132477,
     36.099454
    ]
   },
   "properties": {
    "id": "PK-w664581564",
    "kind": "parking",
    "name": "P2",
    "datum": "WGS84",
    "mountainIds": "338",
    "mountainNames": "霧ヶ峰",
    "lists": "日本百名山|日本二百名山|日本三百名山|甲信越百名山",
    "routes": "",
    "entryType": "",
    "trailKmToSummit": "",
    "related": "TH-n4508928681(255m) TH-w664581564(0m)",
    "attributes": "",
    "status": "provisional",
    "accuracyM": 40,
    "needsReview": "公式情報または2情報源での確認が必要",
    "sources": "OpenStreetMap（© OpenStreetMap contributors, ODbL 1.0）Geofabrik japan-latest.osm.pbf 2026-09-18T20:21:10Z way/664581564",
    "verifiedAt": ""
   }
  },
  {
   "type": "Feature",
   "geometry": {
    "type": "Point",
    "coordinates": [
     138.2019085,
     36.1367258
    ]
   },
   "properties": {
    "id": "PK-w664629841",
    "kind": "parking",
    "name": "P2",
    "datum": "WGS84",
    "mountainIds": "338",
    "mountainNames": "霧ヶ峰",
    "lists": "日本百名山|日本二百名山|日本三百名山|甲信越百名山",
    "routes": "",
    "entryType": "",
    "trailKmToSummit": "",
    "related": "TH-w664629841(0m) TH-n4509007130(487m)",
    "attributes": "",
    "status": "provisional",
    "accuracyM": 40,
    "needsReview": "公式情報または2情報源での確認が必要、登山口から離れている（徒歩アプローチを要確認）",
    "sources": "OpenStreetMap（© OpenStreetMap contributors, ODbL 1.0）Geofabrik japan-latest.osm.pbf 2026-09-18T20:21:10Z way/664629841",
    "verifiedAt": ""
   }
  },
  {
   "type": "Feature",
   "geometry": {
    "type": "Point",
    "coordinates": [
     138.2903682,
     36.1218445
    ]
   },
   "properties": {
    "id": "PK-w669951878",
    "kind": "parking",
    "name": "（名称なし）駐車場",
    "datum": "WGS84",
    "mountainIds": "337",
    "mountainNames": "蓼科山",
    "lists": "日本百名山|日本二百名山|日本三百名山|甲信越百名山",
    "routes": "",
    "entryType": "",
    "trailKmToSummit": "",
    "related": "TH-n13898147504(134m)",
    "attributes": "",
    "status": "provisional",
    "accuracyM": 40,
    "needsReview": "公式情報または2情報源での確認が必要、名称なし",
    "sources": "OpenStreetMap（© OpenStreetMap contributors, ODbL 1.0）Geofabrik japan-latest.osm.pbf 2026-09-18T20:21:10Z way/669951878",
    "verifiedAt": ""
   }
  },
  {
   "type": "Feature",
   "geometry": {
    "type": "Point",
    "coordinates": [
     138.2917216,
     36.1211719
    ]
   },
   "properties": {
    "id": "PK-w669962145",
    "kind": "parking",
    "name": "（名称なし）駐車場",
    "datum": "WGS84",
    "mountainIds": "337",
    "mountainNames": "蓼科山",
    "lists": "日本百名山|日本二百名山|日本三百名山|甲信越百名山",
    "routes": "",
    "entryType": "",
    "trailKmToSummit": "",
    "related": "TH-n13898147504(12m)",
    "attributes": "",
    "status": "provisional",
    "accuracyM": 40,
    "needsReview": "公式情報または2情報源での確認が必要、名称なし",
    "sources": "OpenStreetMap（© OpenStreetMap contributors, ODbL 1.0）Geofabrik japan-latest.osm.pbf 2026-09-18T20:21:10Z way/669962145",
    "verifiedAt": ""
   }
  },
  {
   "type": "Feature",
   "geometry": {
    "type": "Point",
    "coordinates": [
     138.8094442,
     35.6457811
    ]
   },
   "properties": {
    "id": "PK-w684761789",
    "kind": "parking",
    "name": "（名称なし）駐車場",
    "datum": "WGS84",
    "mountainIds": "421",
    "mountainNames": "滝子山",
    "lists": "甲信越百名山",
    "routes": "",
    "entryType": "",
    "trailKmToSummit": "",
    "related": "TH-n6415978033(7m)",
    "attributes": "",
    "status": "provisional",
    "accuracyM": 40,
    "needsReview": "公式情報または2情報源での確認が必要、名称なし",
    "sources": "OpenStreetMap（© OpenStreetMap contributors, ODbL 1.0）Geofabrik japan-latest.osm.pbf 2026-09-18T20:21:10Z way/684761789",
    "verifiedAt": ""
   }
  },
  {
   "type": "Feature",
   "geometry": {
    "type": "Point",
    "coordinates": [
     138.364028,
     35.6357126
    ]
   },
   "properties": {
    "id": "PK-w684803803",
    "kind": "parking",
    "name": "（名称なし）駐車場",
    "datum": "WGS84",
    "mountainIds": "427",
    "mountainNames": "櫛形山",
    "lists": "日本二百名山|日本三百名山|甲信越百名山",
    "routes": "",
    "entryType": "",
    "trailKmToSummit": "",
    "related": "TH-w759535278(335m)",
    "attributes": "",
    "status": "provisional",
    "accuracyM": 40,
    "needsReview": "公式情報または2情報源での確認が必要、名称なし、登山口から離れている（徒歩アプローチを要確認）",
    "sources": "OpenStreetMap（© OpenStreetMap contributors, ODbL 1.0）Geofabrik japan-latest.osm.pbf 2026-09-18T20:21:10Z way/684803803",
    "verifiedAt": ""
   }
  },
  {
   "type": "Feature",
   "geometry": {
    "type": "Point",
    "coordinates": [
     138.9544591,
     36.7889623
    ]
   },
   "properties": {
    "id": "PK-w688084730",
    "kind": "parking",
    "name": "（名称なし）駐車場",
    "datum": "WGS84",
    "mountainIds": "234 238",
    "mountainNames": "谷川岳、仙ノ倉山",
    "lists": "日本百名山|日本二百名山|日本三百名山|関東百名山|甲信越百名山",
    "routes": "",
    "entryType": "",
    "trailKmToSummit": "",
    "related": "TH-n6451198139(273m)",
    "attributes": "",
    "status": "provisional",
    "accuracyM": 40,
    "needsReview": "公式情報または2情報源での確認が必要、名称なし",
    "sources": "OpenStreetMap（© OpenStreetMap contributors, ODbL 1.0）Geofabrik japan-latest.osm.pbf 2026-09-18T20:21:10Z way/688084730",
    "verifiedAt": ""
   }
  },
  {
   "type": "Feature",
   "geometry": {
    "type": "Point",
    "coordinates": [
     138.7950811,
     36.7884372
    ]
   },
   "properties": {
    "id": "PK-w696211332",
    "kind": "parking",
    "name": "（名称なし）駐車場",
    "datum": "WGS84",
    "mountainIds": "236 238",
    "mountainNames": "平標山、仙ノ倉山",
    "lists": "甲信越百名山|日本二百名山|日本三百名山|関東百名山",
    "routes": "",
    "entryType": "",
    "trailKmToSummit": "",
    "related": "TH-n6537751083(21m)",
    "attributes": "",
    "status": "provisional",
    "accuracyM": 40,
    "needsReview": "公式情報または2情報源での確認が必要、名称なし",
    "sources": "OpenStreetMap（© OpenStreetMap contributors, ODbL 1.0）Geofabrik japan-latest.osm.pbf 2026-09-18T20:21:10Z way/696211332",
    "verifiedAt": ""
   }
  },
  {
   "type": "Feature",
   "geometry": {
    "type": "Point",
    "coordinates": [
     138.3297467,
     35.4057031
    ]
   },
   "properties": {
    "id": "PK-w699578913",
    "kind": "parking",
    "name": "（名称なし）駐車場",
    "datum": "WGS84",
    "mountainIds": "491",
    "mountainNames": "七面山",
    "lists": "日本二百名山|日本三百名山|甲信越百名山",
    "routes": "",
    "entryType": "",
    "trailKmToSummit": "",
    "related": "TH-n6416252197(4m)",
    "attributes": "",
    "status": "provisional",
    "accuracyM": 40,
    "needsReview": "公式情報または2情報源での確認が必要、名称なし",
    "sources": "OpenStreetMap（© OpenStreetMap contributors, ODbL 1.0）Geofabrik japan-latest.osm.pbf 2026-09-18T20:21:10Z way/699578913",
    "verifiedAt": ""
   }
  },
  {
   "type": "Feature",
   "geometry": {
    "type": "Point",
    "coordinates": [
     138.3291847,
     35.405436
    ]
   },
   "properties": {
    "id": "PK-w699578914",
    "kind": "parking",
    "name": "（名称なし）駐車場",
    "datum": "WGS84",
    "mountainIds": "491",
    "mountainNames": "七面山",
    "lists": "日本二百名山|日本三百名山|甲信越百名山",
    "routes": "",
    "entryType": "",
    "trailKmToSummit": "",
    "related": "TH-n6416252197(57m)",
    "attributes": "",
    "status": "provisional",
    "accuracyM": 40,
    "needsReview": "公式情報または2情報源での確認が必要、名称なし",
    "sources": "OpenStreetMap（© OpenStreetMap contributors, ODbL 1.0）Geofabrik japan-latest.osm.pbf 2026-09-18T20:21:10Z way/699578914",
    "verifiedAt": ""
   }
  },
  {
   "type": "Feature",
   "geometry": {
    "type": "Point",
    "coordinates": [
     137.8363821,
     36.6638975
    ]
   },
   "properties": {
    "id": "PK-w700439943",
    "kind": "parking",
    "name": "（名称なし）駐車場",
    "datum": "WGS84",
    "mountainIds": "260 263 267",
    "mountainNames": "唐松岳、五竜岳、鹿島槍ヶ岳",
    "lists": "日本三百名山|甲信越百名山|日本百名山|日本二百名山",
    "routes": "",
    "entryType": "",
    "trailKmToSummit": "",
    "related": "TH-n3152446976(416m)",
    "attributes": "",
    "status": "provisional",
    "accuracyM": 40,
    "needsReview": "公式情報または2情報源での確認が必要、名称なし、登山口から離れている（徒歩アプローチを要確認）",
    "sources": "OpenStreetMap（© OpenStreetMap contributors, ODbL 1.0）Geofabrik japan-latest.osm.pbf 2026-09-18T20:21:10Z way/700439943",
    "verifiedAt": ""
   }
  },
  {
   "type": "Feature",
   "geometry": {
    "type": "Point",
    "coordinates": [
     137.835127,
     36.6641342
    ]
   },
   "properties": {
    "id": "PK-w700439945",
    "kind": "parking",
    "name": "（名称なし）駐車場",
    "datum": "WGS84",
    "mountainIds": "260 263 267",
    "mountainNames": "唐松岳、五竜岳、鹿島槍ヶ岳",
    "lists": "日本三百名山|甲信越百名山|日本百名山|日本二百名山",
    "routes": "",
    "entryType": "",
    "trailKmToSummit": "",
    "related": "TH-n3152446976(309m)",
    "attributes": "",
    "status": "provisional",
    "accuracyM": 40,
    "needsReview": "公式情報または2情報源での確認が必要、名称なし、登山口から離れている（徒歩アプローチを要確認）",
    "sources": "OpenStreetMap（© OpenStreetMap contributors, ODbL 1.0）Geofabrik japan-latest.osm.pbf 2026-09-18T20:21:10Z way/700439945",
    "verifiedAt": ""
   }
  },
  {
   "type": "Feature",
   "geometry": {
    "type": "Point",
    "coordinates": [
     138.9496154,
     35.7542997
    ]
   },
   "properties": {
    "id": "PK-w711565004",
    "kind": "parking",
    "name": "（名称なし）駐車場",
    "datum": "WGS84",
    "mountainIds": "398",
    "mountainNames": "大菩薩嶺",
    "lists": "日本百名山|日本二百名山|日本三百名山|甲信越百名山",
    "routes": "",
    "entryType": "",
    "trailKmToSummit": "",
    "related": "TH-n2676914916(346m)",
    "attributes": "",
    "status": "provisional",
    "accuracyM": 40,
    "needsReview": "公式情報または2情報源での確認が必要、名称なし、登山口から離れている（徒歩アプローチを要確認）",
    "sources": "OpenStreetMap（© OpenStreetMap contributors, ODbL 1.0）Geofabrik japan-latest.osm.pbf 2026-09-18T20:21:10Z way/711565004",
    "verifiedAt": ""
   }
  },
  {
   "type": "Feature",
   "geometry": {
    "type": "Point",
    "coordinates": [
     138.7351856,
     36.8776916
    ]
   },
   "properties": {
    "id": "PK-w731032987",
    "kind": "parking",
    "name": "町営駐車場",
    "datum": "WGS84",
    "mountainIds": "231",
    "mountainNames": "苗場山",
    "lists": "日本百名山|日本二百名山|日本三百名山|甲信越百名山",
    "routes": "",
    "entryType": "",
    "trailKmToSummit": "",
    "related": "TH-w731032987(0m)",
    "attributes": "",
    "status": "provisional",
    "accuracyM": 40,
    "needsReview": "公式情報または2情報源での確認が必要",
    "sources": "OpenStreetMap（© OpenStreetMap contributors, ODbL 1.0）Geofabrik japan-latest.osm.pbf 2026-09-18T20:21:10Z way/731032987",
    "verifiedAt": ""
   }
  },
  {
   "type": "Feature",
   "geometry": {
    "type": "Point",
    "coordinates": [
     138.6495279,
     36.7171881
    ]
   },
   "properties": {
    "id": "PK-w743790435",
    "kind": "parking",
    "name": "（名称なし）駐車場",
    "datum": "WGS84",
    "mountainIds": "246 252",
    "mountainNames": "佐武流山、白砂山",
    "lists": "日本二百名山|日本三百名山|関東百名山",
    "routes": "",
    "entryType": "",
    "trailKmToSummit": "",
    "related": "TH-n448064483(80m)",
    "attributes": "",
    "status": "provisional",
    "accuracyM": 40,
    "needsReview": "公式情報または2情報源での確認が必要、名称なし",
    "sources": "OpenStreetMap（© OpenStreetMap contributors, ODbL 1.0）Geofabrik japan-latest.osm.pbf 2026-09-18T20:21:10Z way/743790435",
    "verifiedAt": ""
   }
  },
  {
   "type": "Feature",
   "geometry": {
    "type": "Point",
    "coordinates": [
     138.6429141,
     36.7195312
    ]
   },
   "properties": {
    "id": "PK-w743792262",
    "kind": "parking",
    "name": "（名称なし）駐車場",
    "datum": "WGS84",
    "mountainIds": "246 252",
    "mountainNames": "佐武流山、白砂山",
    "lists": "日本二百名山|日本三百名山|関東百名山",
    "routes": "",
    "entryType": "",
    "trailKmToSummit": "",
    "related": "TH-n448044859(89m)",
    "attributes": "",
    "status": "provisional",
    "accuracyM": 40,
    "needsReview": "公式情報または2情報源での確認が必要、名称なし",
    "sources": "OpenStreetMap（© OpenStreetMap contributors, ODbL 1.0）Geofabrik japan-latest.osm.pbf 2026-09-18T20:21:10Z way/743792262",
    "verifiedAt": ""
   }
  },
  {
   "type": "Feature",
   "geometry": {
    "type": "Point",
    "coordinates": [
     138.6430639,
     36.7197352
    ]
   },
   "properties": {
    "id": "PK-w743792263",
    "kind": "parking",
    "name": "（名称なし）駐車場",
    "datum": "WGS84",
    "mountainIds": "246 252",
    "mountainNames": "佐武流山、白砂山",
    "lists": "日本二百名山|日本三百名山|関東百名山",
    "routes": "",
    "entryType": "",
    "trailKmToSummit": "",
    "related": "TH-n448044859(66m)",
    "attributes": "",
    "status": "provisional",
    "accuracyM": 40,
    "needsReview": "公式情報または2情報源での確認が必要、名称なし",
    "sources": "OpenStreetMap（© OpenStreetMap contributors, ODbL 1.0）Geofabrik japan-latest.osm.pbf 2026-09-18T20:21:10Z way/743792263",
    "verifiedAt": ""
   }
  },
  {
   "type": "Feature",
   "geometry": {
    "type": "Point",
    "coordinates": [
     138.6548662,
     36.6924864
    ]
   },
   "properties": {
    "id": "PK-w743793453",
    "kind": "parking",
    "name": "（名称なし）駐車場",
    "datum": "WGS84",
    "mountainIds": "246 252",
    "mountainNames": "佐武流山、白砂山",
    "lists": "日本二百名山|日本三百名山|関東百名山",
    "routes": "",
    "entryType": "",
    "trailKmToSummit": "",
    "related": "TH-n8700638611(60m)",
    "attributes": "",
    "status": "provisional",
    "accuracyM": 40,
    "needsReview": "公式情報または2情報源での確認が必要、名称なし",
    "sources": "OpenStreetMap（© OpenStreetMap contributors, ODbL 1.0）Geofabrik japan-latest.osm.pbf 2026-09-18T20:21:10Z way/743793453",
    "verifiedAt": ""
   }
  },
  {
   "type": "Feature",
   "geometry": {
    "type": "Point",
    "coordinates": [
     138.3622222,
     35.6330665
    ]
   },
   "properties": {
    "id": "PK-w759535278",
    "kind": "parking",
    "name": "市営第二駐車場",
    "datum": "WGS84",
    "mountainIds": "427",
    "mountainNames": "櫛形山",
    "lists": "日本二百名山|日本三百名山|甲信越百名山",
    "routes": "",
    "entryType": "",
    "trailKmToSummit": "",
    "related": "TH-w759535278(0m)",
    "attributes": "",
    "status": "provisional",
    "accuracyM": 40,
    "needsReview": "公式情報または2情報源での確認が必要",
    "sources": "OpenStreetMap（© OpenStreetMap contributors, ODbL 1.0）Geofabrik japan-latest.osm.pbf 2026-09-18T20:21:10Z way/759535278",
    "verifiedAt": ""
   }
  },
  {
   "type": "Feature",
   "geometry": {
    "type": "Point",
    "coordinates": [
     138.360615,
     35.6329946
    ]
   },
   "properties": {
    "id": "PK-w759535281",
    "kind": "parking",
    "name": "市営第一駐車場",
    "datum": "WGS84",
    "mountainIds": "427",
    "mountainNames": "櫛形山",
    "lists": "日本二百名山|日本三百名山|甲信越百名山",
    "routes": "",
    "entryType": "",
    "trailKmToSummit": "",
    "related": "TH-w759535278(146m)",
    "attributes": "",
    "status": "provisional",
    "accuracyM": 40,
    "needsReview": "公式情報または2情報源での確認が必要",
    "sources": "OpenStreetMap（© OpenStreetMap contributors, ODbL 1.0）Geofabrik japan-latest.osm.pbf 2026-09-18T20:21:10Z way/759535281",
    "verifiedAt": ""
   }
  },
  {
   "type": "Feature",
   "geometry": {
    "type": "Point",
    "coordinates": [
     138.6029241,
     35.4418403
    ]
   },
   "properties": {
    "id": "PK-w770925376",
    "kind": "parking",
    "name": "（名称なし）駐車場",
    "datum": "WGS84",
    "mountainIds": "478",
    "mountainNames": "毛無山",
    "lists": "日本二百名山|日本三百名山|甲信越百名山",
    "routes": "",
    "entryType": "",
    "trailKmToSummit": "",
    "related": "TH-w489699133(480m) TH-w489699152(194m)",
    "attributes": "",
    "status": "provisional",
    "accuracyM": 40,
    "needsReview": "公式情報または2情報源での確認が必要、名称なし、登山口から離れている（徒歩アプローチを要確認）",
    "sources": "OpenStreetMap（© OpenStreetMap contributors, ODbL 1.0）Geofabrik japan-latest.osm.pbf 2026-09-18T20:21:10Z way/770925376",
    "verifiedAt": ""
   }
  },
  {
   "type": "Feature",
   "geometry": {
    "type": "Point",
    "coordinates": [
     138.662657,
     36.8541982
    ]
   },
   "properties": {
    "id": "PK-w779292646",
    "kind": "parking",
    "name": "小赤沢3合目駐車場",
    "datum": "WGS84",
    "mountainIds": "231 246",
    "mountainNames": "苗場山、佐武流山",
    "lists": "日本百名山|日本二百名山|日本三百名山|甲信越百名山",
    "routes": "",
    "entryType": "",
    "trailKmToSummit": "",
    "related": "TH-n1392634877(46m)",
    "attributes": "",
    "status": "provisional",
    "accuracyM": 40,
    "needsReview": "公式情報または2情報源での確認が必要",
    "sources": "OpenStreetMap（© OpenStreetMap contributors, ODbL 1.0）Geofabrik japan-latest.osm.pbf 2026-09-18T20:21:10Z way/779292646",
    "verifiedAt": ""
   }
  },
  {
   "type": "Feature",
   "geometry": {
    "type": "Point",
    "coordinates": [
     137.8742997,
     35.6143395
    ]
   },
   "properties": {
    "id": "PK-w825745545",
    "kind": "parking",
    "name": "（名称なし）駐車場",
    "datum": "WGS84",
    "mountainIds": "420",
    "mountainNames": "安平路山",
    "lists": "日本二百名山|日本三百名山",
    "routes": "",
    "entryType": "",
    "trailKmToSummit": "",
    "related": "TH-n8879060969(472m)",
    "attributes": "",
    "status": "provisional",
    "accuracyM": 40,
    "needsReview": "公式情報または2情報源での確認が必要、名称なし、登山口から離れている（徒歩アプローチを要確認）",
    "sources": "OpenStreetMap（© OpenStreetMap contributors, ODbL 1.0）Geofabrik japan-latest.osm.pbf 2026-09-18T20:21:10Z way/825745545",
    "verifiedAt": ""
   }
  },
  {
   "type": "Feature",
   "geometry": {
    "type": "Point",
    "coordinates": [
     138.7463117,
     35.5235732
    ]
   },
   "properties": {
    "id": "PK-w829101191",
    "kind": "parking",
    "name": "大石公園 無料駐車場",
    "datum": "WGS84",
    "mountainIds": "434",
    "mountainNames": "黒岳",
    "lists": "日本三百名山|甲信越百名山",
    "routes": "",
    "entryType": "",
    "trailKmToSummit": "",
    "related": "TH-w829101191(0m)",
    "attributes": "",
    "status": "provisional",
    "accuracyM": 40,
    "needsReview": "公式情報または2情報源での確認が必要",
    "sources": "OpenStreetMap（© OpenStreetMap contributors, ODbL 1.0）Geofabrik japan-latest.osm.pbf 2026-09-18T20:21:10Z way/829101191",
    "verifiedAt": ""
   }
  },
  {
   "type": "Feature",
   "geometry": {
    "type": "Point",
    "coordinates": [
     138.7453034,
     35.5232596
    ]
   },
   "properties": {
    "id": "PK-w829101205",
    "kind": "parking",
    "name": "（名称なし）駐車場",
    "datum": "WGS84",
    "mountainIds": "434",
    "mountainNames": "黒岳",
    "lists": "日本三百名山|甲信越百名山",
    "routes": "",
    "entryType": "",
    "trailKmToSummit": "",
    "related": "TH-w829101191(98m)",
    "attributes": "",
    "status": "provisional",
    "accuracyM": 40,
    "needsReview": "公式情報または2情報源での確認が必要、名称なし",
    "sources": "OpenStreetMap（© OpenStreetMap contributors, ODbL 1.0）Geofabrik japan-latest.osm.pbf 2026-09-18T20:21:10Z way/829101205",
    "verifiedAt": ""
   }
  },
  {
   "type": "Feature",
   "geometry": {
    "type": "Point",
    "coordinates": [
     138.7452867,
     35.5237847
    ]
   },
   "properties": {
    "id": "PK-w829117231",
    "kind": "parking",
    "name": "（名称なし）駐車場",
    "datum": "WGS84",
    "mountainIds": "434",
    "mountainNames": "黒岳",
    "lists": "日本三百名山|甲信越百名山",
    "routes": "",
    "entryType": "",
    "trailKmToSummit": "",
    "related": "TH-w829101191(96m)",
    "attributes": "",
    "status": "provisional",
    "accuracyM": 40,
    "needsReview": "公式情報または2情報源での確認が必要、名称なし",
    "sources": "OpenStreetMap（© OpenStreetMap contributors, ODbL 1.0）Geofabrik japan-latest.osm.pbf 2026-09-18T20:21:10Z way/829117231",
    "verifiedAt": ""
   }
  },
  {
   "type": "Feature",
   "geometry": {
    "type": "Point",
    "coordinates": [
     138.7323297,
     35.3369843
    ]
   },
   "properties": {
    "id": "PK-w837113170",
    "kind": "parking",
    "name": "（名称なし）駐車場",
    "datum": "WGS84",
    "mountainIds": "494",
    "mountainNames": "富士山",
    "lists": "日本百名山|日本二百名山|日本三百名山|甲信越百名山",
    "routes": "",
    "entryType": "",
    "trailKmToSummit": "",
    "related": "TH-kP11-22-22-bs157(45m)",
    "attributes": "",
    "status": "provisional",
    "accuracyM": 40,
    "needsReview": "公式情報または2情報源での確認が必要、名称なし",
    "sources": "OpenStreetMap（© OpenStreetMap contributors, ODbL 1.0）Geofabrik japan-latest.osm.pbf 2026-09-18T20:21:10Z way/837113170",
    "verifiedAt": ""
   }
  },
  {
   "type": "Feature",
   "geometry": {
    "type": "Point",
    "coordinates": [
     137.8627793,
     35.6288605
    ]
   },
   "properties": {
    "id": "PK-w843362590",
    "kind": "parking",
    "name": "（名称なし）駐車場",
    "datum": "WGS84",
    "mountainIds": "407 411 420",
    "mountainNames": "南駒ヶ岳、越百山、安平路山",
    "lists": "日本二百名山|日本三百名山|甲信越百名山",
    "routes": "",
    "entryType": "",
    "trailKmToSummit": "",
    "related": "TH-n1576289385(20m)",
    "attributes": "",
    "status": "provisional",
    "accuracyM": 40,
    "needsReview": "公式情報または2情報源での確認が必要、名称なし",
    "sources": "OpenStreetMap（© OpenStreetMap contributors, ODbL 1.0）Geofabrik japan-latest.osm.pbf 2026-09-18T20:21:10Z way/843362590",
    "verifiedAt": ""
   }
  },
  {
   "type": "Feature",
   "geometry": {
    "type": "Point",
    "coordinates": [
     138.0287893,
     35.4340352
    ]
   },
   "properties": {
    "id": "PK-w847996887",
    "kind": "parking",
    "name": "（名称なし）駐車場",
    "datum": "WGS84",
    "mountainIds": "454",
    "mountainNames": "奥茶臼山",
    "lists": "日本三百名山",
    "routes": "",
    "entryType": "",
    "trailKmToSummit": "",
    "related": "TH-n1647799291(489m) TH-n1647798961(115m)",
    "attributes": "",
    "status": "provisional",
    "accuracyM": 40,
    "needsReview": "公式情報または2情報源での確認が必要、名称なし、登山口から離れている（徒歩アプローチを要確認）",
    "sources": "OpenStreetMap（© OpenStreetMap contributors, ODbL 1.0）Geofabrik japan-latest.osm.pbf 2026-09-18T20:21:10Z way/847996887",
    "verifiedAt": ""
   }
  },
  {
   "type": "Feature",
   "geometry": {
    "type": "Point",
    "coordinates": [
     138.0287675,
     35.4349219
    ]
   },
   "properties": {
    "id": "PK-w847996889",
    "kind": "parking",
    "name": "（名称なし）駐車場",
    "datum": "WGS84",
    "mountainIds": "454",
    "mountainNames": "奥茶臼山",
    "lists": "日本三百名山",
    "routes": "",
    "entryType": "",
    "trailKmToSummit": "",
    "related": "TH-n1647799291(397m) TH-n1647798961(189m)",
    "attributes": "",
    "status": "provisional",
    "accuracyM": 40,
    "needsReview": "公式情報または2情報源での確認が必要、名称なし、登山口から離れている（徒歩アプローチを要確認）",
    "sources": "OpenStreetMap（© OpenStreetMap contributors, ODbL 1.0）Geofabrik japan-latest.osm.pbf 2026-09-18T20:21:10Z way/847996889",
    "verifiedAt": ""
   }
  },
  {
   "type": "Feature",
   "geometry": {
    "type": "Point",
    "coordinates": [
     138.6020352,
     35.4608797
    ]
   },
   "properties": {
    "id": "PK-w849065060",
    "kind": "parking",
    "name": "本栖湖駐車場",
    "datum": "WGS84",
    "mountainIds": "478",
    "mountainNames": "毛無山",
    "lists": "日本二百名山|日本三百名山|甲信越百名山",
    "routes": "",
    "entryType": "",
    "trailKmToSummit": "",
    "related": "TH-w849065060(0m)",
    "attributes": "",
    "status": "provisional",
    "accuracyM": 40,
    "needsReview": "公式情報または2情報源での確認が必要",
    "sources": "OpenStreetMap（© OpenStreetMap contributors, ODbL 1.0）Geofabrik japan-latest.osm.pbf 2026-09-18T20:21:10Z way/849065060",
    "verifiedAt": ""
   }
  },
  {
   "type": "Feature",
   "geometry": {
    "type": "Point",
    "coordinates": [
     138.6040157,
     35.459938
    ]
   },
   "properties": {
    "id": "PK-w849065066",
    "kind": "parking",
    "name": "（名称なし）駐車場",
    "datum": "WGS84",
    "mountainIds": "478",
    "mountainNames": "毛無山",
    "lists": "日本二百名山|日本三百名山|甲信越百名山",
    "routes": "",
    "entryType": "",
    "trailKmToSummit": "",
    "related": "TH-w849065060(208m)",
    "attributes": "",
    "status": "provisional",
    "accuracyM": 40,
    "needsReview": "公式情報または2情報源での確認が必要、名称なし",
    "sources": "OpenStreetMap（© OpenStreetMap contributors, ODbL 1.0）Geofabrik japan-latest.osm.pbf 2026-09-18T20:21:10Z way/849065066",
    "verifiedAt": ""
   }
  },
  {
   "type": "Feature",
   "geometry": {
    "type": "Point",
    "coordinates": [
     138.6035846,
     35.4551218
    ]
   },
   "properties": {
    "id": "PK-w849065082",
    "kind": "parking",
    "name": "（名称なし）駐車場",
    "datum": "WGS84",
    "mountainIds": "478",
    "mountainNames": "毛無山",
    "lists": "日本二百名山|日本三百名山|甲信越百名山",
    "routes": "",
    "entryType": "",
    "trailKmToSummit": "",
    "related": "TH-n7921759246(85m)",
    "attributes": "",
    "status": "provisional",
    "accuracyM": 40,
    "needsReview": "公式情報または2情報源での確認が必要、名称なし",
    "sources": "OpenStreetMap（© OpenStreetMap contributors, ODbL 1.0）Geofabrik japan-latest.osm.pbf 2026-09-18T20:21:10Z way/849065082",
    "verifiedAt": ""
   }
  },
  {
   "type": "Feature",
   "geometry": {
    "type": "Point",
    "coordinates": [
     138.5990691,
     35.4552344
    ]
   },
   "properties": {
    "id": "PK-w849067730",
    "kind": "parking",
    "name": "（名称なし）駐車場",
    "datum": "WGS84",
    "mountainIds": "478",
    "mountainNames": "毛無山",
    "lists": "日本二百名山|日本三百名山|甲信越百名山",
    "routes": "",
    "entryType": "",
    "trailKmToSummit": "",
    "related": "TH-n9576361898(370m)",
    "attributes": "",
    "status": "provisional",
    "accuracyM": 40,
    "needsReview": "公式情報または2情報源での確認が必要、名称なし、登山口から離れている（徒歩アプローチを要確認）",
    "sources": "OpenStreetMap（© OpenStreetMap contributors, ODbL 1.0）Geofabrik japan-latest.osm.pbf 2026-09-18T20:21:10Z way/849067730",
    "verifiedAt": ""
   }
  },
  {
   "type": "Feature",
   "geometry": {
    "type": "Point",
    "coordinates": [
     138.5998742,
     35.4549916
    ]
   },
   "properties": {
    "id": "PK-w849067731",
    "kind": "parking",
    "name": "（名称なし）駐車場",
    "datum": "WGS84",
    "mountainIds": "478",
    "mountainNames": "毛無山",
    "lists": "日本二百名山|日本三百名山|甲信越百名山",
    "routes": "",
    "entryType": "",
    "trailKmToSummit": "",
    "related": "TH-n7921759246(414m) TH-n9576361898(435m)",
    "attributes": "",
    "status": "provisional",
    "accuracyM": 40,
    "needsReview": "公式情報または2情報源での確認が必要、名称なし、登山口から離れている（徒歩アプローチを要確認）",
    "sources": "OpenStreetMap（© OpenStreetMap contributors, ODbL 1.0）Geofabrik japan-latest.osm.pbf 2026-09-18T20:21:10Z way/849067731",
    "verifiedAt": ""
   }
  },
  {
   "type": "Feature",
   "geometry": {
    "type": "Point",
    "coordinates": [
     138.5994113,
     35.4553864
    ]
   },
   "properties": {
    "id": "PK-w849067732",
    "kind": "parking",
    "name": "（名称なし）駐車場",
    "datum": "WGS84",
    "mountainIds": "478",
    "mountainNames": "毛無山",
    "lists": "日本二百名山|日本三百名山|甲信越百名山",
    "routes": "",
    "entryType": "",
    "trailKmToSummit": "",
    "related": "TH-n7921759246(460m) TH-n9576361898(405m)",
    "attributes": "",
    "status": "provisional",
    "accuracyM": 40,
    "needsReview": "公式情報または2情報源での確認が必要、名称なし、登山口から離れている（徒歩アプローチを要確認）",
    "sources": "OpenStreetMap（© OpenStreetMap contributors, ODbL 1.0）Geofabrik japan-latest.osm.pbf 2026-09-18T20:21:10Z way/849067732",
    "verifiedAt": ""
   }
  },
  {
   "type": "Feature",
   "geometry": {
    "type": "Point",
    "coordinates": [
     138.0914573,
     35.3848863
    ]
   },
   "properties": {
    "id": "PK-w878103061",
    "kind": "parking",
    "name": "（名称なし）駐車場",
    "datum": "WGS84",
    "mountainIds": "472 487 492",
    "mountainNames": "聖岳、上河内岳、茶臼岳",
    "lists": "日本百名山|日本二百名山|日本三百名山|甲信越百名山",
    "routes": "",
    "entryType": "",
    "trailKmToSummit": "",
    "related": "TH-n8169740089(52m)",
    "attributes": "",
    "status": "provisional",
    "accuracyM": 40,
    "needsReview": "公式情報または2情報源での確認が必要、名称なし",
    "sources": "OpenStreetMap（© OpenStreetMap contributors, ODbL 1.0）Geofabrik japan-latest.osm.pbf 2026-09-18T20:21:10Z way/878103061",
    "verifiedAt": ""
   }
  },
  {
   "type": "Feature",
   "geometry": {
    "type": "Point",
    "coordinates": [
     138.1092044,
     35.5731763
    ]
   },
   "properties": {
    "id": "PK-w884940360",
    "kind": "parking",
    "name": "（名称なし）駐車場",
    "datum": "WGS84",
    "mountainIds": "431",
    "mountainNames": "塩見岳",
    "lists": "日本百名山|日本二百名山|日本三百名山|甲信越百名山",
    "routes": "",
    "entryType": "",
    "trailKmToSummit": "",
    "related": "TH-n1669426870(29m)",
    "attributes": "",
    "status": "provisional",
    "accuracyM": 40,
    "needsReview": "公式情報または2情報源での確認が必要、名称なし",
    "sources": "OpenStreetMap（© OpenStreetMap contributors, ODbL 1.0）Geofabrik japan-latest.osm.pbf 2026-09-18T20:21:10Z way/884940360",
    "verifiedAt": ""
   }
  },
  {
   "type": "Feature",
   "geometry": {
    "type": "Point",
    "coordinates": [
     137.7308402,
     35.5984477
    ]
   },
   "properties": {
    "id": "PK-w912598426",
    "kind": "parking",
    "name": "摺古木山駐車場",
    "datum": "WGS84",
    "mountainIds": "411 420",
    "mountainNames": "越百山、安平路山",
    "lists": "日本三百名山|甲信越百名山|日本二百名山",
    "routes": "",
    "entryType": "",
    "trailKmToSummit": "",
    "related": "TH-n1643632588(9m)",
    "attributes": "",
    "status": "provisional",
    "accuracyM": 40,
    "needsReview": "公式情報または2情報源での確認が必要",
    "sources": "OpenStreetMap（© OpenStreetMap contributors, ODbL 1.0）Geofabrik japan-latest.osm.pbf 2026-09-18T20:21:10Z way/912598426",
    "verifiedAt": ""
   }
  },
  {
   "type": "Feature",
   "geometry": {
    "type": "Point",
    "coordinates": [
     138.0783334,
     35.3785917
    ]
   },
   "properties": {
    "id": "PK-w917662466",
    "kind": "parking",
    "name": "（名称なし）駐車場",
    "datum": "WGS84",
    "mountainIds": "460 472 487 492 501 505",
    "mountainNames": "赤石岳、聖岳、上河内岳、茶臼岳、光岳、池口岳",
    "lists": "日本百名山|日本二百名山|日本三百名山|甲信越百名山",
    "routes": "",
    "entryType": "",
    "trailKmToSummit": "",
    "related": "TH-n1647792596(112m)",
    "attributes": "",
    "status": "provisional",
    "accuracyM": 40,
    "needsReview": "公式情報または2情報源での確認が必要、名称なし",
    "sources": "OpenStreetMap（© OpenStreetMap contributors, ODbL 1.0）Geofabrik japan-latest.osm.pbf 2026-09-18T20:21:10Z way/917662466",
    "verifiedAt": ""
   }
  },
  {
   "type": "Feature",
   "geometry": {
    "type": "Point",
    "coordinates": [
     138.6543195,
     36.6915289
    ]
   },
   "properties": {
    "id": "PK-w939243048",
    "kind": "parking",
    "name": "（名称なし）駐車場",
    "datum": "WGS84",
    "mountainIds": "246 252",
    "mountainNames": "佐武流山、白砂山",
    "lists": "日本二百名山|日本三百名山|関東百名山",
    "routes": "",
    "entryType": "",
    "trailKmToSummit": "",
    "related": "TH-n8700638611(170m)",
    "attributes": "",
    "status": "provisional",
    "accuracyM": 40,
    "needsReview": "公式情報または2情報源での確認が必要、名称なし",
    "sources": "OpenStreetMap（© OpenStreetMap contributors, ODbL 1.0）Geofabrik japan-latest.osm.pbf 2026-09-18T20:21:10Z way/939243048",
    "verifiedAt": ""
   }
  },
  {
   "type": "Feature",
   "geometry": {
    "type": "Point",
    "coordinates": [
     138.3021617,
     36.0662851
    ]
   },
   "properties": {
    "id": "PK-w939347887",
    "kind": "parking",
    "name": "（名称なし）駐車場",
    "datum": "WGS84",
    "mountainIds": "337 341",
    "mountainNames": "蓼科山、北横岳",
    "lists": "日本百名山|日本二百名山|日本三百名山|甲信越百名山",
    "routes": "",
    "entryType": "",
    "trailKmToSummit": "",
    "related": "TH-n861177869(234m)",
    "attributes": "operator=蓼科アミューズメント水族館",
    "status": "provisional",
    "accuracyM": 40,
    "needsReview": "公式情報または2情報源での確認が必要、名称なし",
    "sources": "OpenStreetMap（© OpenStreetMap contributors, ODbL 1.0）Geofabrik japan-latest.osm.pbf 2026-09-18T20:21:10Z way/939347887",
    "verifiedAt": ""
   }
  },
  {
   "type": "Feature",
   "geometry": {
    "type": "Point",
    "coordinates": [
     138.5084104,
     36.7253564
    ]
   },
   "properties": {
    "id": "PK-w940252369",
    "kind": "parking",
    "name": "（名称なし）駐車場",
    "datum": "WGS84",
    "mountainIds": "250 258",
    "mountainNames": "岩菅山、志賀山",
    "lists": "日本二百名山|日本三百名山|甲信越百名山",
    "routes": "",
    "entryType": "",
    "trailKmToSummit": "",
    "related": "TH-n1759063938(248m)",
    "attributes": "",
    "status": "provisional",
    "accuracyM": 40,
    "needsReview": "公式情報または2情報源での確認が必要、名称なし",
    "sources": "OpenStreetMap（© OpenStreetMap contributors, ODbL 1.0）Geofabrik japan-latest.osm.pbf 2026-09-18T20:21:10Z way/940252369",
    "verifiedAt": ""
   }
  },
  {
   "type": "Feature",
   "geometry": {
    "type": "Point",
    "coordinates": [
     139.1338703,
     37.373155
    ]
   },
   "properties": {
    "id": "PK-w943455913",
    "kind": "parking",
    "name": "（名称なし）駐車場",
    "datum": "WGS84",
    "mountainIds": "190",
    "mountainNames": "守門岳",
    "lists": "日本二百名山|日本三百名山|甲信越百名山",
    "routes": "",
    "entryType": "",
    "trailKmToSummit": "",
    "related": "TH-n1385080421(90m)",
    "attributes": "",
    "status": "provisional",
    "accuracyM": 40,
    "needsReview": "公式情報または2情報源での確認が必要、名称なし",
    "sources": "OpenStreetMap（© OpenStreetMap contributors, ODbL 1.0）Geofabrik japan-latest.osm.pbf 2026-09-18T20:21:10Z way/943455913",
    "verifiedAt": ""
   }
  },
  {
   "type": "Feature",
   "geometry": {
    "type": "Point",
    "coordinates": [
     139.6689382,
     37.9241369
    ]
   },
   "properties": {
    "id": "PK-w952021877",
    "kind": "parking",
    "name": "（名称なし）駐車場",
    "datum": "WGS84",
    "mountainIds": "174 176",
    "mountainNames": "杁差岳、北股岳",
    "lists": "日本二百名山|日本三百名山|甲信越百名山|東北百名山",
    "routes": "",
    "entryType": "",
    "trailKmToSummit": "",
    "related": "TH-n4730366633(182m)",
    "attributes": "fee=no; access=yes",
    "status": "provisional",
    "accuracyM": 40,
    "needsReview": "公式情報または2情報源での確認が必要、名称なし",
    "sources": "OpenStreetMap（© OpenStreetMap contributors, ODbL 1.0）Geofabrik japan-latest.osm.pbf 2026-09-18T20:21:10Z way/952021877",
    "verifiedAt": ""
   }
  },
  {
   "type": "Feature",
   "geometry": {
    "type": "Point",
    "coordinates": [
     138.029962,
     35.4376327
    ]
   },
   "properties": {
    "id": "PK-w954096735",
    "kind": "parking",
    "name": "（名称なし）駐車場",
    "datum": "WGS84",
    "mountainIds": "454",
    "mountainNames": "奥茶臼山",
    "lists": "日本三百名山",
    "routes": "",
    "entryType": "",
    "trailKmToSummit": "",
    "related": "TH-n1647799291(80m)",
    "attributes": "",
    "status": "provisional",
    "accuracyM": 40,
    "needsReview": "公式情報または2情報源での確認が必要、名称なし",
    "sources": "OpenStreetMap（© OpenStreetMap contributors, ODbL 1.0）Geofabrik japan-latest.osm.pbf 2026-09-18T20:21:10Z way/954096735",
    "verifiedAt": ""
   }
  },
  {
   "type": "Feature",
   "geometry": {
    "type": "Point",
    "coordinates": [
     137.9088422,
     35.2501257
    ]
   },
   "properties": {
    "id": "PK-w954102187",
    "kind": "parking",
    "name": "（名称なし）駐車場",
    "datum": "WGS84",
    "mountainIds": "523",
    "mountainNames": "熊伏山",
    "lists": "日本三百名山",
    "routes": "",
    "entryType": "",
    "trailKmToSummit": "",
    "related": "TH-n2137374031(338m)",
    "attributes": "",
    "status": "provisional",
    "accuracyM": 40,
    "needsReview": "公式情報または2情報源での確認が必要、名称なし、登山口から離れている（徒歩アプローチを要確認）",
    "sources": "OpenStreetMap（© OpenStreetMap contributors, ODbL 1.0）Geofabrik japan-latest.osm.pbf 2026-09-18T20:21:10Z way/954102187",
    "verifiedAt": ""
   }
  },
  {
   "type": "Feature",
   "geometry": {
    "type": "Point",
    "coordinates": [
     137.9288642,
     35.2737737
    ]
   },
   "properties": {
    "id": "PK-w954504543",
    "kind": "parking",
    "name": "（名称なし）駐車場",
    "datum": "WGS84",
    "mountainIds": "523",
    "mountainNames": "熊伏山",
    "lists": "日本三百名山",
    "routes": "",
    "entryType": "",
    "trailKmToSummit": "",
    "related": "TH-n1655296038(70m)",
    "attributes": "",
    "status": "provisional",
    "accuracyM": 40,
    "needsReview": "公式情報または2情報源での確認が必要、名称なし",
    "sources": "OpenStreetMap（© OpenStreetMap contributors, ODbL 1.0）Geofabrik japan-latest.osm.pbf 2026-09-18T20:21:10Z way/954504543",
    "verifiedAt": ""
   }
  },
  {
   "type": "Feature",
   "geometry": {
    "type": "Point",
    "coordinates": [
     137.9287634,
     35.2744206
    ]
   },
   "properties": {
    "id": "PK-w954768553",
    "kind": "parking",
    "name": "（名称なし）駐車場",
    "datum": "WGS84",
    "mountainIds": "523",
    "mountainNames": "熊伏山",
    "lists": "日本三百名山",
    "routes": "",
    "entryType": "",
    "trailKmToSummit": "",
    "related": "TH-n1655296038(24m)",
    "attributes": "",
    "status": "provisional",
    "accuracyM": 40,
    "needsReview": "公式情報または2情報源での確認が必要、名称なし",
    "sources": "OpenStreetMap（© OpenStreetMap contributors, ODbL 1.0）Geofabrik japan-latest.osm.pbf 2026-09-18T20:21:10Z way/954768553",
    "verifiedAt": ""
   }
  },
  {
   "type": "Feature",
   "geometry": {
    "type": "Point",
    "coordinates": [
     137.9110838,
     35.2525126
    ]
   },
   "properties": {
    "id": "PK-w954809826",
    "kind": "parking",
    "name": "（名称なし）駐車場",
    "datum": "WGS84",
    "mountainIds": "523",
    "mountainNames": "熊伏山",
    "lists": "日本三百名山",
    "routes": "",
    "entryType": "",
    "trailKmToSummit": "",
    "related": "TH-n2137374031(4m)",
    "attributes": "",
    "status": "provisional",
    "accuracyM": 40,
    "needsReview": "公式情報または2情報源での確認が必要、名称なし",
    "sources": "OpenStreetMap（© OpenStreetMap contributors, ODbL 1.0）Geofabrik japan-latest.osm.pbf 2026-09-18T20:21:10Z way/954809826",
    "verifiedAt": ""
   }
  },
  {
   "type": "Feature",
   "geometry": {
    "type": "Point",
    "coordinates": [
     138.5142215,
     36.7406578
    ]
   },
   "properties": {
    "id": "PK-w958740976",
    "kind": "parking",
    "name": "（名称なし）駐車場",
    "datum": "WGS84",
    "mountainIds": "250 258",
    "mountainNames": "岩菅山、志賀山",
    "lists": "日本二百名山|日本三百名山|甲信越百名山",
    "routes": "",
    "entryType": "",
    "trailKmToSummit": "",
    "related": "TH-n1070200019(220m)",
    "attributes": "",
    "status": "provisional",
    "accuracyM": 40,
    "needsReview": "公式情報または2情報源での確認が必要、名称なし",
    "sources": "OpenStreetMap（© OpenStreetMap contributors, ODbL 1.0）Geofabrik japan-latest.osm.pbf 2026-09-18T20:21:10Z way/958740976",
    "verifiedAt": ""
   }
  },
  {
   "type": "Feature",
   "geometry": {
    "type": "Point",
    "coordinates": [
     138.5094361,
     36.73668
    ]
   },
   "properties": {
    "id": "PK-w958740977",
    "kind": "parking",
    "name": "（名称なし）駐車場",
    "datum": "WGS84",
    "mountainIds": "250 258",
    "mountainNames": "岩菅山、志賀山",
    "lists": "日本二百名山|日本三百名山|甲信越百名山",
    "routes": "",
    "entryType": "",
    "trailKmToSummit": "",
    "related": "TH-n1070200092(416m) TH-n1070200019(433m)",
    "attributes": "",
    "status": "provisional",
    "accuracyM": 40,
    "needsReview": "公式情報または2情報源での確認が必要、名称なし、登山口から離れている（徒歩アプローチを要確認）",
    "sources": "OpenStreetMap（© OpenStreetMap contributors, ODbL 1.0）Geofabrik japan-latest.osm.pbf 2026-09-18T20:21:10Z way/958740977",
    "verifiedAt": ""
   }
  },
  {
   "type": "Feature",
   "geometry": {
    "type": "Point",
    "coordinates": [
     138.510925,
     36.7342905
    ]
   },
   "properties": {
    "id": "PK-w958740982",
    "kind": "parking",
    "name": "（名称なし）駐車場",
    "datum": "WGS84",
    "mountainIds": "250",
    "mountainNames": "岩菅山",
    "lists": "日本二百名山|日本三百名山|甲信越百名山",
    "routes": "",
    "entryType": "",
    "trailKmToSummit": "",
    "related": "TH-n1070200092(127m)",
    "attributes": "",
    "status": "provisional",
    "accuracyM": 40,
    "needsReview": "公式情報または2情報源での確認が必要、名称なし",
    "sources": "OpenStreetMap（© OpenStreetMap contributors, ODbL 1.0）Geofabrik japan-latest.osm.pbf 2026-09-18T20:21:10Z way/958740982",
    "verifiedAt": ""
   }
  },
  {
   "type": "Feature",
   "geometry": {
    "type": "Point",
    "coordinates": [
     138.5077301,
     36.7316548
    ]
   },
   "properties": {
    "id": "PK-w958740983",
    "kind": "parking",
    "name": "（名称なし）駐車場",
    "datum": "WGS84",
    "mountainIds": "250",
    "mountainNames": "岩菅山",
    "lists": "日本二百名山|日本三百名山|甲信越百名山",
    "routes": "",
    "entryType": "",
    "trailKmToSummit": "",
    "related": "TH-n1070200092(433m)",
    "attributes": "",
    "status": "provisional",
    "accuracyM": 40,
    "needsReview": "公式情報または2情報源での確認が必要、名称なし、登山口から離れている（徒歩アプローチを要確認）",
    "sources": "OpenStreetMap（© OpenStreetMap contributors, ODbL 1.0）Geofabrik japan-latest.osm.pbf 2026-09-18T20:21:10Z way/958740983",
    "verifiedAt": ""
   }
  },
  {
   "type": "Feature",
   "geometry": {
    "type": "Point",
    "coordinates": [
     137.9664838,
     35.3346313
    ]
   },
   "properties": {
    "id": "PK-w958991574",
    "kind": "parking",
    "name": "（名称なし）駐車場",
    "datum": "WGS84",
    "mountainIds": "501 505",
    "mountainNames": "光岳、池口岳",
    "lists": "日本百名山|日本二百名山|日本三百名山|甲信越百名山",
    "routes": "",
    "entryType": "",
    "trailKmToSummit": "",
    "related": "TH-w958991575(184m)",
    "attributes": "",
    "status": "provisional",
    "accuracyM": 40,
    "needsReview": "公式情報または2情報源での確認が必要、名称なし",
    "sources": "OpenStreetMap（© OpenStreetMap contributors, ODbL 1.0）Geofabrik japan-latest.osm.pbf 2026-09-18T20:21:10Z way/958991574",
    "verifiedAt": ""
   }
  },
  {
   "type": "Feature",
   "geometry": {
    "type": "Point",
    "coordinates": [
     138.4834335,
     35.7899896
    ]
   },
   "properties": {
    "id": "PK-w966007300",
    "kind": "parking",
    "name": "（名称なし）駐車場",
    "datum": "WGS84",
    "mountainIds": "386",
    "mountainNames": "茅ヶ岳",
    "lists": "日本二百名山|日本三百名山|甲信越百名山",
    "routes": "",
    "entryType": "",
    "trailKmToSummit": "",
    "related": "TH-n1788804263(488m)",
    "attributes": "",
    "status": "provisional",
    "accuracyM": 40,
    "needsReview": "公式情報または2情報源での確認が必要、名称なし、登山口から離れている（徒歩アプローチを要確認）",
    "sources": "OpenStreetMap（© OpenStreetMap contributors, ODbL 1.0）Geofabrik japan-latest.osm.pbf 2026-09-18T20:21:10Z way/966007300",
    "verifiedAt": ""
   }
  },
  {
   "type": "Feature",
   "geometry": {
    "type": "Point",
    "coordinates": [
     138.9152481,
     35.4053711
    ]
   },
   "properties": {
    "id": "PK-w968227988",
    "kind": "parking",
    "name": "（名称なし）駐車場",
    "datum": "WGS84",
    "mountainIds": "451",
    "mountainNames": "御正体山",
    "lists": "日本二百名山|日本三百名山|甲信越百名山",
    "routes": "",
    "entryType": "",
    "trailKmToSummit": "",
    "related": "TH-n1512963944(55m)",
    "attributes": "",
    "status": "provisional",
    "accuracyM": 40,
    "needsReview": "公式情報または2情報源での確認が必要、名称なし",
    "sources": "OpenStreetMap（© OpenStreetMap contributors, ODbL 1.0）Geofabrik japan-latest.osm.pbf 2026-09-18T20:21:10Z way/968227988",
    "verifiedAt": ""
   }
  },
  {
   "type": "Feature",
   "geometry": {
    "type": "Point",
    "coordinates": [
     138.7244187,
     35.511809
    ]
   },
   "properties": {
    "id": "PK-w970892820",
    "kind": "parking",
    "name": "河口湖漁協 八杭 無料駐車場",
    "datum": "WGS84",
    "mountainIds": "434",
    "mountainNames": "黒岳",
    "lists": "日本三百名山|甲信越百名山",
    "routes": "",
    "entryType": "",
    "trailKmToSummit": "",
    "related": "TH-w970892820(0m)",
    "attributes": "operator=河口湖漁協",
    "status": "provisional",
    "accuracyM": 40,
    "needsReview": "公式情報または2情報源での確認が必要",
    "sources": "OpenStreetMap（© OpenStreetMap contributors, ODbL 1.0）Geofabrik japan-latest.osm.pbf 2026-09-18T20:21:10Z way/970892820",
    "verifiedAt": ""
   }
  },
  {
   "type": "Feature",
   "geometry": {
    "type": "Point",
    "coordinates": [
     138.1872942,
     36.1038639
    ]
   },
   "properties": {
    "id": "PK-w98614642",
    "kind": "parking",
    "name": "（名称なし）駐車場",
    "datum": "WGS84",
    "mountainIds": "338",
    "mountainNames": "霧ヶ峰",
    "lists": "日本百名山|日本二百名山|日本三百名山|甲信越百名山",
    "routes": "",
    "entryType": "",
    "trailKmToSummit": "",
    "related": "TH-kP11-22-20-bs5535(24m)",
    "attributes": "fee=no",
    "status": "provisional",
    "accuracyM": 40,
    "needsReview": "公式情報または2情報源での確認が必要、名称なし",
    "sources": "OpenStreetMap（© OpenStreetMap contributors, ODbL 1.0）Geofabrik japan-latest.osm.pbf 2026-09-18T20:21:10Z way/98614642",
    "verifiedAt": ""
   }
  },
  {
   "type": "Feature",
   "geometry": {
    "type": "Point",
    "coordinates": [
     138.3554754,
     36.0555394
    ]
   },
   "properties": {
    "id": "PK-w986524457",
    "kind": "parking",
    "name": "（名称なし）駐車場",
    "datum": "WGS84",
    "mountainIds": "350 355",
    "mountainNames": "天狗岳、八ヶ岳",
    "lists": "日本二百名山|日本三百名山|甲信越百名山|日本百名山",
    "routes": "",
    "entryType": "",
    "trailKmToSummit": "",
    "related": "TH-n1814376845(28m)",
    "attributes": "fee=yes; access=yes",
    "status": "provisional",
    "accuracyM": 40,
    "needsReview": "公式情報または2情報源での確認が必要、名称なし",
    "sources": "OpenStreetMap（© OpenStreetMap contributors, ODbL 1.0）Geofabrik japan-latest.osm.pbf 2026-09-18T20:21:10Z way/986524457",
    "verifiedAt": ""
   }
  },
  {
   "type": "Feature",
   "geometry": {
    "type": "Point",
    "coordinates": [
     138.730376,
     35.39397
    ]
   },
   "properties": {
    "id": "PK-w988616588",
    "kind": "parking",
    "name": "（名称なし）駐車場",
    "datum": "WGS84",
    "mountainIds": "494",
    "mountainNames": "富士山",
    "lists": "日本百名山|日本二百名山|日本三百名山|甲信越百名山",
    "routes": "",
    "entryType": "",
    "trailKmToSummit": "",
    "related": "TH-kP11-22-19-bs3165(217m)",
    "attributes": "access=yes",
    "status": "provisional",
    "accuracyM": 40,
    "needsReview": "公式情報または2情報源での確認が必要、名称なし",
    "sources": "OpenStreetMap（© OpenStreetMap contributors, ODbL 1.0）Geofabrik japan-latest.osm.pbf 2026-09-18T20:21:10Z way/988616588",
    "verifiedAt": ""
   }
  },
  {
   "type": "Feature",
   "geometry": {
    "type": "Point",
    "coordinates": [
     137.640117,
     35.577295
    ]
   },
   "properties": {
    "id": "TH-gsi-araragi",
    "kind": "trailhead",
    "name": "蘭登山口（南木曽岳）",
    "datum": "WGS84",
    "mountainIds": "424",
    "mountainNames": "南木曽岳",
    "lists": "日本三百名山|甲信越百名山|東海の百山",
    "routes": "蘭コース",
    "entryType": "公式情報による登山口",
    "trailKmToSummit": "",
    "related": "",
    "attributes": "parking=蘭側の登山道入口に駐車場がある。登山道の整備費として200円を駐車場の緑のポストに入れる（南木曽町観光協会）; registration=長野県登山安全条例により、指定登山道を登山する場合は登山計画書の提出が必要（長野県）",
    "status": "adopted",
    "accuracyM": 15,
    "needsReview": "南木曽岳は標高1,676mで木曽三岳の一つ。山頂手前に避難小屋があり、その先に見晴らし台がある（南木曽町観光協会）",
    "sources": "国土地理院ベクトルタイル提供実験 地理院地図の徒歩道が林道から始まる位置（35.577295, 137.640117）。OSM way/1112690312（駐車場）から20m、標高963.8m 2026-09-23確認 ｜ 公式情報: https://nagiso.jp/topics/mt-nagiso/ ｜ 公式情報: http://www.town.nagiso.nagano.jp/kankou/midokoro/nagiso/midokoro_41.html",
    "verifiedAt": "2026-09-23"
   }
  },
  {
   "type": "Feature",
   "geometry": {
    "type": "Point",
    "coordinates": [
     139.156116,
     37.135978
    ]
   },
   "properties": {
    "id": "TH-gsi-ginzandaira",
    "kind": "trailhead",
    "name": "銀山平登山口（荒沢岳）",
    "datum": "WGS84",
    "mountainIds": "207",
    "mountainNames": "荒沢岳",
    "lists": "日本二百名山|甲信越百名山",
    "routes": "前山コース",
    "entryType": "公式情報による登山口",
    "trailKmToSummit": "",
    "related": "",
    "attributes": "course=荒沢岳（銀山平登山口）は往復で体力度3・技術的難易度D、コースタイム6.2時間、距離9.4km、登り下りとも累積1,310m、起点の標高764m、荒沢岳1,968m（新潟県 山のグレーディング）",
    "status": "adopted",
    "accuracyM": 15,
    "needsReview": "新潟県のグレーディングの問い合わせ先は魚沼市（観光）（新潟県）",
    "sources": "国土地理院ベクトルタイル提供実験 地理院地図の徒歩道が道路から始まる位置（37.135978, 139.156116）。国土地理院 標高API 762.5mで、新潟県 山のグレーディングの起点標高764mと一致。地理院地図の注記「銀山平」（37.136615, 139.153457）から246m 2026-09-23確認 ｜ 公式情報: https://www.pref.niigata.lg.jp/site/opendata/1356812341916.html ｜ 公式情報: https://www.pref.niigata.lg.jp/uploaded/attachment/505142.pdf",
    "verifiedAt": "2026-09-23"
   }
  },
  {
   "type": "Feature",
   "geometry": {
    "type": "Point",
    "coordinates": [
     138.019093,
     36.16461
    ]
   },
   "properties": {
    "id": "TH-gsi-gofukuji",
    "kind": "trailhead",
    "name": "牛伏寺（鉢伏山登山口）",
    "datum": "WGS84",
    "mountainIds": "332",
    "mountainNames": "鉢伏山",
    "lists": "日本三百名山|甲信越百名山",
    "routes": "牛伏寺砂防ダム〜鉢伏山コース",
    "entryType": "公式情報による登山口",
    "trailKmToSummit": "",
    "related": "",
    "attributes": "course=牛伏寺砂防ダムから連岳橋を渡り、フランス式階段工に沿って進み、松建小屋の脇を通り沢筋道を登るとブナの木権現を経て車道との出合に出る（松本市）",
    "status": "adopted",
    "accuracyM": 15,
    "needsReview": "車道と合流してからは車両に注意して歩くこと（松本市）、鉢伏山荘から800mほどの距離に前鉢伏山がある（松本市）",
    "sources": "国土地理院ベクトルタイル提供実験 地理院地図の徒歩道が道路から始まる位置（36.164610, 138.019093）。国土地理院 地名検索「牛伏寺」（36.165508, 138.018924、JGD2011、104m差）、標高980.5m 2026-09-23確認 ｜ 公式情報: https://www.city.matsumoto.nagano.jp/uploaded/attachment/13308.pdf",
    "verifiedAt": "2026-09-23"
   }
  },
  {
   "type": "Feature",
   "geometry": {
    "type": "Point",
    "coordinates": [
     138.184043,
     35.321679
    ]
   },
   "properties": {
    "id": "TH-gsi-hatanagi",
    "kind": "trailhead",
    "name": "畑薙第一ダム（沼平・林道東俣線方面）",
    "datum": "WGS84",
    "mountainIds": "492 487 472 460 449",
    "mountainNames": "茶臼岳、上河内岳、聖岳、赤石岳、悪沢岳",
    "lists": "日本三百名山|日本二百名山|日本百名山|甲信越百名山",
    "routes": "椹島・沼平方面",
    "entryType": "公式情報による登山口",
    "trailKmToSummit": "",
    "related": "",
    "attributes": "restriction=林道東俣線は市長の許可制。登山・釣り等のレジャー目的の通行は許可されない（徒歩・軽車両・緊急車両を除く）; season=林道東俣線は冬期閉鎖（2025年は12月26日〜2026年4月25日、徒歩・自転車を含め全面通行禁止）",
    "status": "adopted",
    "accuracyM": 15,
    "needsReview": "静岡市南アルプスユネスコエコパークにおける林道の管理に関する条例により、林道東俣線の通行は市長の許可が必要（静岡市）、椹島方面の各登山口へは、県道60号の終点・沼平から先の林道東俣線を通る（環境省・静岡市）、静岡市が林道東俣線の通行規制情報を公開している。入山前に確認すること（静岡市）、OSMの登山道との接続は未確認",
    "sources": "国土地理院 地名検索「畑薙第一ダム」（35.321679, 138.184043、JGD2011）2026-09-20確認 ｜ 公式情報: https://www.city.shizuoka.lg.jp/s8937/okushizuoka/s000031.html ｜ 公式情報: https://www.city.shizuoka.lg.jp/s5732/s001323.html ｜ 公式情報: https://www.env.go.jp/park/minamialps/access/index.html",
    "verifiedAt": "2026-09-20"
   }
  },
  {
   "type": "Feature",
   "geometry": {
    "type": "Point",
    "coordinates": [
     138.532054,
     36.748727
    ]
   },
   "properties": {
    "id": "TH-gsi-iwasuge",
    "kind": "trailhead",
    "name": "岩菅山登山口",
    "datum": "WGS84",
    "mountainIds": "250",
    "mountainNames": "岩菅山",
    "lists": "日本二百名山|日本三百名山|甲信越百名山",
    "routes": "岩菅山登山口コース",
    "entryType": "公式情報による登山口",
    "trailKmToSummit": "",
    "related": "",
    "attributes": "course=岩菅山（岩菅山登山口）は往復で体力度3・技術的難易度B、コースタイム7.0時間、距離12.4km、登り下りとも累積950m、起点の標高1,580m、裏岩菅山2,341m（長野県 山のグレーディング）; registration=長野県登山安全条例により、指定登山道を登山する場合は登山計画書の提出が必要（長野県）",
    "status": "adopted",
    "accuracyM": 15,
    "needsReview": "長野県の指定登山口は岩菅山登山口と岩菅山・赤石山登山口（長野県）、約140m北（36.749650, 138.533136、標高1,568.3m）にも徒歩道が道路から始まる位置がある",
    "sources": "国土地理院ベクトルタイル提供実験 地理院地図の徒歩道が道路から始まる位置（36.748727, 138.532054）。国土地理院 標高API 1,572.5mで、長野県 山のグレーディングの起点標高1,580mに近い 2026-09-23確認 ｜ 公式情報: https://www.pref.nagano.lg.jp/kankoki/smartphone/documents/postlist.pdf ｜ 公式情報: https://www.pref.nagano.lg.jp/kankoki/sangyo/kanko/gure-dexingu.html ｜ 公式情報: https://www.pref.nagano.lg.jp/kankoki/sangyo/kanko/documents/2026_grading_list.pdf ｜ 公式情報: https://www.pref.nagano.lg.jp/kankoki/smartphone/tozankeikakusho.html",
    "verifiedAt": "2026-09-23"
   }
  },
  {
   "type": "Feature",
   "geometry": {
    "type": "Point",
    "coordinates": [
     138.570237,
     35.402981
    ]
   },
   "properties": {
    "id": "TH-gsi-kenashi-fumoto",
    "kind": "trailhead",
    "name": "毛無山登山口（麓）",
    "datum": "WGS84",
    "mountainIds": "478",
    "mountainNames": "毛無山",
    "lists": "日本二百名山|日本三百名山|甲信越百名山",
    "routes": "麓コース、地蔵峠コース",
    "entryType": "公式情報による登山口",
    "trailKmToSummit": "",
    "related": "",
    "attributes": "course=毛無山（麓）は往復で体力度3・技術的難易度B、コースタイム6.7時間、距離10.4km、登り下りとも累積1,160m、起点の標高810m、毛無山1,964m（静岡県 山のグレーディング）; registration=登山計画書を提出して登山すること（富士宮市）",
    "status": "adopted",
    "accuracyM": 15,
    "needsReview": "グリーンパーク入口から2kmほど入った麓地区のT字路を左折し、道標に沿って沢筋を渡ると地蔵峠登山道との分岐点に出る（富士宮市）、毛無山周辺は標高約2,000mで、12月〜4月は積雪・凍結のため大変危険（富士宮市）",
    "sources": "国土地理院ベクトルタイル提供実験 地理院地図の徒歩道が道路から始まる位置（35.402981, 138.570237）。国土地理院 標高API 819.7mで、静岡県 山のグレーディングの起点（グリーンパーク入口バス停）810mに近い 2026-09-23確認 ｜ 公式情報: https://www.pref.shizuoka.jp/kankosports/kanko/kankoseisaku/1040866/1052256.html ｜ 公式情報: https://www.pref.shizuoka.jp/_res/projects/default_project/_page_/001/052/256/shizuoka_grading02.pdf ｜ 公式情報: https://city.fujinomiya.lg.jp/kankou/llti2b0000001vas.html",
    "verifiedAt": "2026-09-23"
   }
  },
  {
   "type": "Feature",
   "geometry": {
    "type": "Point",
    "coordinates": [
     138.601976,
     36.020559
    ]
   },
   "properties": {
    "id": "TH-gsi-kuryu",
    "kind": "trailhead",
    "name": "栗生登山口（御座山）",
    "datum": "WGS84",
    "mountainIds": "348",
    "mountainNames": "御座山",
    "lists": "日本二百名山|日本三百名山",
    "routes": "栗生コース",
    "entryType": "公式情報による登山口",
    "trailKmToSummit": "",
    "related": "",
    "attributes": "course=御座山（栗生登山口）は往復で体力度2・技術的難易度B、コースタイム4.0時間、距離4.5km、登り下りとも累積770m、起点の標高1,425m、御座山2,112m（長野県 山のグレーディング）; registration=長野県登山安全条例により、指定登山道を登山する場合は登山計画書の提出が必要（長野県）",
    "status": "adopted",
    "accuracyM": 15,
    "needsReview": "長野県の指定登山口は白岩登山口・長者の森登山口・栗生登山口（長野県）",
    "sources": "国土地理院ベクトルタイル提供実験 地理院地図の徒歩道が道路から始まる位置（36.020559, 138.601976）。国土地理院 標高API 1,419.5mで、長野県 山のグレーディングの起点標高1,425mと一致 2026-09-23確認 ｜ 公式情報: https://www.pref.nagano.lg.jp/kankoki/smartphone/documents/postlist.pdf ｜ 公式情報: https://www.pref.nagano.lg.jp/kankoki/sangyo/kanko/gure-dexingu.html ｜ 公式情報: https://www.pref.nagano.lg.jp/kankoki/sangyo/kanko/documents/2026_grading_list.pdf ｜ 公式情報: https://www.pref.nagano.lg.jp/kankoki/smartphone/tozankeikakusho.html",
    "verifiedAt": "2026-09-23"
   }
  },
  {
   "type": "Feature",
   "geometry": {
    "type": "Point",
    "coordinates": [
     138.269522,
     36.857954
    ]
   },
   "properties": {
    "id": "TH-gsi-mansakatoge",
    "kind": "trailhead",
    "name": "万坂峠（斑尾山・信越トレイル）",
    "datum": "WGS84",
    "mountainIds": "233",
    "mountainNames": "斑尾山",
    "lists": "日本三百名山|甲信越百名山",
    "routes": "信越トレイル セクション01",
    "entryType": "公式情報による登山口",
    "trailKmToSummit": "",
    "related": "",
    "attributes": "access=万坂峠は長野県側・新潟県側のどちらからも車で入れる（信越トレイルクラブ）",
    "status": "adopted",
    "accuracyM": 15,
    "needsReview": "信越トレイルのセクション01は斑尾山〜万坂峠〜袴岳〜赤池の8.5km・約6時間（斑尾山への登り下りを除く）（信越トレイルクラブ）、セクション01の起点は斑尾山登山口（チロル、駐車場約10台）で、山頂まで登り約1時間30分（信越トレイルクラブ）、斑尾山には中野市の「まだらおの湯登山口」（普通車50台）からの約3.2kmのルートもある（長野県公式観光サイト）、斑尾山頂では5月下旬まで雪が残ることがある（信越トレイルクラブ）",
    "sources": "国土地理院ベクトルタイル提供実験 地理院地図の徒歩道が道路から始まる位置（36.857954, 138.269522）。国土地理院 地名検索「万坂峠」（36.857590, 138.268987、JGD2011、62m差）2026-09-23確認 ｜ 公式情報: https://www.s-trail.net/trail/section01/ ｜ 公式情報: https://db.go-nagano.net/topics_detail6/id=2576",
    "verifiedAt": "2026-09-23"
   }
  },
  {
   "type": "Feature",
   "geometry": {
    "type": "Point",
    "coordinates": [
     138.613951,
     36.821573
    ]
   },
   "properties": {
    "id": "TH-gsi-mujinadaira",
    "kind": "trailhead",
    "name": "ムジナ平登山口（鳥甲山）",
    "datum": "WGS84",
    "mountainIds": "232",
    "mountainNames": "鳥甲山",
    "lists": "日本二百名山|日本三百名山|甲信越百名山",
    "routes": "ムジナ平〜屋敷 縦走",
    "entryType": "公式情報による登山口",
    "trailKmToSummit": "",
    "related": "",
    "attributes": "course=鳥甲山（ムジナ平・屋敷）は縦走で体力度4・技術的難易度D、コースタイム8.4時間、距離8.6km、登り1,200m・下り1,360m、ムジナ平1,023m、鳥甲山2,037m、屋敷865m（長野県 山のグレーディング）; registration=長野県登山安全条例により、指定登山道を登山する場合は登山計画書の提出が必要（長野県）",
    "status": "adopted",
    "accuracyM": 15,
    "needsReview": "栄村のコースタイムは和山温泉→1時間→登山口→3時間30分→白くら→1時間20分→鳥甲山頂→2時間→屋敷温泉（栄村）、鳥甲山は岩壁が険しく、山頂まで岩場が多い（栄村）",
    "sources": "国土地理院ベクトルタイル提供実験 地理院地図の徒歩道が林道から始まる位置（36.821573, 138.613951）。国土地理院 標高API 1,020.3mで、長野県 山のグレーディングの起点標高1,023mと一致 2026-09-23確認 ｜ 公式情報: https://www.pref.nagano.lg.jp/kankoki/smartphone/documents/postlist.pdf ｜ 公式情報: https://www.pref.nagano.lg.jp/kankoki/sangyo/kanko/gure-dexingu.html ｜ 公式情報: https://www.pref.nagano.lg.jp/kankoki/sangyo/kanko/documents/2026_grading_list.pdf ｜ 公式情報: http://www.vill.sakae.nagano.jp/docs/211.html ｜ 公式情報: https://www.pref.nagano.lg.jp/kankoki/smartphone/tozankeikakusho.html",
    "verifiedAt": "2026-09-23"
   }
  },
  {
   "type": "Feature",
   "geometry": {
    "type": "Point",
    "coordinates": [
     138.305784,
     35.288898
    ]
   },
   "properties": {
    "id": "TH-gsi-nishihikage",
    "kind": "trailhead",
    "name": "西日影沢登山口（山伏）",
    "datum": "WGS84",
    "mountainIds": "513",
    "mountainNames": "山伏",
    "lists": "日本三百名山",
    "routes": "西日影沢コース",
    "entryType": "公式情報による登山口",
    "trailKmToSummit": "",
    "related": "",
    "attributes": "course=山伏（西日影沢）は往復で体力度3・技術的難易度B、コースタイム5.5時間、距離8.1km、登り下りとも累積1,150m、起点の標高920m、山伏2,013m（静岡県 山のグレーディング）",
    "status": "adopted",
    "accuracyM": 15,
    "needsReview": "",
    "sources": "国土地理院ベクトルタイル提供実験 地理院地図の徒歩道が道路から始まる位置（35.288898, 138.305784）。地理院地図の注記「西日影沢」（35.290356, 138.301135）から452m、標高938m 2026-09-23確認 ｜ 公式情報: https://www.pref.shizuoka.jp/kankosports/kanko/kankoseisaku/1040866/1052256.html ｜ 公式情報: https://www.pref.shizuoka.jp/_res/projects/default_project/_page_/001/052/256/shizuoka_grading02.pdf",
    "verifiedAt": "2026-09-23"
   }
  },
  {
   "type": "Feature",
   "geometry": {
    "type": "Point",
    "coordinates": [
     138.10251,
     36.781671
    ]
   },
   "properties": {
    "id": "TH-gsi-ohashi",
    "kind": "trailhead",
    "name": "大橋登山口（黒姫山）",
    "datum": "WGS84",
    "mountainIds": "239",
    "mountainNames": "黒姫山",
    "lists": "日本二百名山|日本三百名山|甲信越百名山",
    "routes": "大橋登山口コース",
    "entryType": "公式情報による登山口",
    "trailKmToSummit": "",
    "related": "",
    "attributes": "course=黒姫山（大橋登山口）は往復で体力度3・技術的難易度B、コースタイム7.0時間、距離13.8km、登り下りとも累積1,010m、起点の標高1,140m、黒姫山2,053m（長野県 山のグレーディング）; registration=長野県登山安全条例により、指定登山道を登山する場合は登山計画書の提出が必要（長野県）",
    "status": "adopted",
    "accuracyM": 15,
    "needsReview": "長野県の指定登山口は表登山口・小泉登山口・大橋登山口・西登山口（長野県）",
    "sources": "国土地理院ベクトルタイル提供実験 地理院地図の徒歩道が道路から始まる位置（36.781671, 138.102510）。国土地理院 標高API 1,141.4mで、長野県 山のグレーディングの起点標高1,140mと一致。地理院地図の注記「大橋」（36.779641, 138.099358）から360m 2026-09-23確認 ｜ 公式情報: https://www.pref.nagano.lg.jp/kankoki/smartphone/documents/postlist.pdf ｜ 公式情報: https://www.pref.nagano.lg.jp/kankoki/sangyo/kanko/gure-dexingu.html ｜ 公式情報: https://www.pref.nagano.lg.jp/kankoki/sangyo/kanko/documents/2026_grading_list.pdf ｜ 公式情報: https://www.pref.nagano.lg.jp/kankoki/smartphone/tozankeikakusho.html",
    "verifiedAt": "2026-09-23"
   }
  },
  {
   "type": "Feature",
   "geometry": {
    "type": "Point",
    "coordinates": [
     138.202427,
     35.902153
    ]
   },
   "properties": {
    "id": "TH-gsi-sawairi",
    "kind": "trailhead",
    "name": "沢入登山口（入笠山）",
    "datum": "WGS84",
    "mountainIds": "367",
    "mountainNames": "入笠山",
    "lists": "日本三百名山|甲信越百名山",
    "routes": "沢入登山口コース",
    "entryType": "公式情報による登山口",
    "trailKmToSummit": "",
    "related": "",
    "attributes": "parking=沢入登山口駐車場は約30台。5月〜7月は早朝から満車になる（富士見町）; restriction=町道102号線「沢入登山口」から林道入笠線「花畑」までの7km区間は、令和8年4月25日〜11月15日の午前8時〜午後3時が全車両通行止め（富士見町）",
    "status": "adopted",
    "accuracyM": 15,
    "needsReview": "大型バス・マイクロバスは沢入登山口に駐車せず、富士見パノラマリゾートの駐車場を待機場所とするよう求められている（富士見町）、業務・宿泊などで規制区間を通行する場合は、おおむね1週間前までに富士見町へ許可申請が必要（富士見町）",
    "sources": "国土地理院ベクトルタイル提供実験 地理院地図の徒歩道が林道から始まる位置（35.902153, 138.202427）。OSM node/1554962436（林道のゲート）から6m 2026-09-23確認 ｜ 公式情報: https://www.town.fujimi.lg.jp/page/2026mycar.html ｜ 公式情報: https://www.inacity.jp/kankojoho/sangaku_alps/minamialps/hokubu_zenei/irikasayama/nyukasayama.html",
    "verifiedAt": "2026-09-23"
   }
  },
  {
   "type": "Feature",
   "geometry": {
    "type": "Point",
    "coordinates": [
     138.207183,
     35.431582
    ]
   },
   "properties": {
    "id": "TH-gsi-sawarajima",
    "kind": "trailhead",
    "name": "椹島ロッジ（笊ヶ岳 椹島コース）",
    "datum": "WGS84",
    "mountainIds": "473",
    "mountainNames": "笊ヶ岳",
    "lists": "日本二百名山|日本三百名山",
    "routes": "椹島コース",
    "entryType": "公式情報による登山口",
    "trailKmToSummit": "",
    "related": "",
    "attributes": "course=笊ヶ岳（椹島）は往復で体力度6・技術的難易度D、コースタイム13.1時間、距離16.0km、登り下りとも累積2,050m、起点の標高1,120m、笊ヶ岳2,629m（静岡県 山のグレーディング）",
    "status": "adopted",
    "accuracyM": 15,
    "needsReview": "笊ヶ岳には二軒小屋ロッジ（標高1,390m）を起点とするルートもある（静岡県 山のグレーディング）、椹島までの林道の通行条件は公式情報では未確認",
    "sources": "国土地理院ベクトルタイル提供実験 地理院地図の徒歩道が道路から始まる位置（35.431582, 138.207183）。国土地理院 地名検索「椹島」（35.431622, 138.207286、JGD2011、10m差）、標高1,125.7m 2026-09-23確認 ｜ 公式情報: https://www.pref.shizuoka.jp/kankosports/kanko/kankoseisaku/1040866/1052256.html ｜ 公式情報: https://www.pref.shizuoka.jp/_res/projects/default_project/_page_/001/052/256/shizuoka_grading02.pdf",
    "verifiedAt": "2026-09-23"
   }
  },
  {
   "type": "Feature",
   "geometry": {
    "type": "Point",
    "coordinates": [
     137.687964,
     36.473238
    ]
   },
   "properties": {
    "id": "TH-gsi-takasedam",
    "kind": "trailhead",
    "name": "高瀬ダム（ブナ立尾根登山口）",
    "datum": "WGS84",
    "mountainIds": "283 290 291 297",
    "mountainNames": "烏帽子岳、野口五郎岳、水晶岳、鷲羽岳",
    "lists": "日本二百名山|日本三百名山|甲信越百名山|日本百名山",
    "routes": "ブナ立尾根（裏銀座）",
    "entryType": "公式情報による登山口",
    "trailKmToSummit": "",
    "related": "",
    "attributes": "restriction=七倉から先は一般車で入れない（特定タクシーか徒歩）; bus=七倉ゲート前から高瀬ダムまでは特定タクシー（約15分・4人乗り2,700円）か徒歩（大町市観光協会）",
    "status": "adopted",
    "accuracyM": 15,
    "needsReview": "高瀬ダム登山口はブナ立尾根・烏帽子岳・野口五郎小屋方面の登山口（大町市観光協会）、OSMの登山道との接続は未確認",
    "sources": "国土地理院 地名検索「高瀬ダム」（36.473238, 137.687964、JGD2011）2026-09-20確認 ｜ 公式情報: https://kanko-omachi.gr.jp/spot/tozanguchi3/",
    "verifiedAt": "2026-09-20"
   }
  },
  {
   "type": "Feature",
   "geometry": {
    "type": "Point",
    "coordinates": [
     138.618651,
     36.849829
    ]
   },
   "properties": {
    "id": "TH-gsi-yashiki",
    "kind": "trailhead",
    "name": "屋敷登山口（鳥甲山）",
    "datum": "WGS84",
    "mountainIds": "232",
    "mountainNames": "鳥甲山",
    "lists": "日本二百名山|日本三百名山|甲信越百名山",
    "routes": "ムジナ平〜屋敷 縦走",
    "entryType": "公式情報による登山口",
    "trailKmToSummit": "",
    "related": "",
    "attributes": "registration=長野県登山安全条例により、指定登山道を登山する場合は登山計画書の提出が必要（長野県）",
    "status": "adopted",
    "accuracyM": 15,
    "needsReview": "屋敷集落（地理院地図の注記）から約770m南。約400m北西（36.852350, 138.615843、標高855.5m）にも徒歩道が道路から始まる位置があり、どちらが屋敷登山口かは公式情報では未確認",
    "sources": "国土地理院ベクトルタイル提供実験 地理院地図の徒歩道が道路から始まる位置（36.849829, 138.618651）。国土地理院 標高API 862.8mで、長野県 山のグレーディングの終点標高865mと一致 2026-09-23確認 ｜ 公式情報: https://www.pref.nagano.lg.jp/kankoki/smartphone/documents/postlist.pdf ｜ 公式情報: https://www.pref.nagano.lg.jp/kankoki/sangyo/kanko/documents/2026_grading_list.pdf ｜ 公式情報: http://www.vill.sakae.nagano.jp/docs/211.html ｜ 公式情報: https://www.pref.nagano.lg.jp/kankoki/smartphone/tozankeikakusho.html",
    "verifiedAt": "2026-09-23"
   }
  },
  {
   "type": "Feature",
   "geometry": {
    "type": "Point",
    "coordinates": [
     138.459641,
     37.298029
    ]
   },
   "properties": {
    "id": "TH-gsi-yoneyama-ohira",
    "kind": "trailhead",
    "name": "大平駐車場（米山 大平コース）",
    "datum": "WGS84",
    "mountainIds": "197",
    "mountainNames": "米山",
    "lists": "日本三百名山|甲信越百名山",
    "routes": "大平コース",
    "entryType": "公式情報による登山口",
    "trailKmToSummit": "",
    "related": "",
    "attributes": "course=米山（大平駐車場）大平コースは往復で体力度2・技術的難易度A、コースタイム5.0時間、距離5.9km、登り下りとも累積820m、起点の標高235m、米山992m（新潟県 山のグレーディング）",
    "status": "adopted",
    "accuracyM": 15,
    "needsReview": "米山には下牧・水野林道・谷根・吉尾の各コースもある（新潟県 山のグレーディング）、新潟県のグレーディングの問い合わせ先は柏崎市（観光）（新潟県）",
    "sources": "国土地理院ベクトルタイル提供実験 地理院地図の徒歩道が道路から始まる位置（37.298029, 138.459641）。国土地理院 標高API 237.4mで、新潟県 山のグレーディングの起点標高235mと一致。地理院地図の注記「大平」（37.299520, 138.458129）から212m 2026-09-23確認 ｜ 公式情報: https://www.pref.niigata.lg.jp/site/opendata/1356812341916.html ｜ 公式情報: https://www.pref.niigata.lg.jp/uploaded/attachment/505142.pdf",
    "verifiedAt": "2026-09-23"
   }
  },
  {
   "type": "Feature",
   "geometry": {
    "type": "Point",
    "coordinates": [
     138.8963928,
     36.9922859
    ]
   },
   "properties": {
    "id": "TH-kP11-22-15-bs7775",
    "kind": "trailhead",
    "name": "姥台公民館",
    "datum": "WGS84",
    "mountainIds": "215",
    "mountainNames": "巻機山",
    "lists": "日本百名山|日本二百名山|日本三百名山|甲信越百名山",
    "routes": "",
    "entryType": "駐車場・バス停（林道・車道を経由して登山道へ）",
    "trailKmToSummit": "巻機山:7.6km",
    "related": "BS-kP11-22-15-bs7775(0m) BS-kP11-22-15-bs7757(277m) BS-kP11-22-15-bs7769(520m)",
    "attributes": "",
    "status": "provisional",
    "accuracyM": 15,
    "needsReview": "林道からの入口（マイカー進入可否を要確認）、公式情報または2情報源での確認が必要、巻機山の沢コースは鎖のない岩場や草付き斜面での転落・滑落が多く、落石も多い（新潟県警察）、アイガメの滝・行者の滝付近は足場が悪く雪渓が遅くまで残るため、初夏を過ぎてもアイゼン・ピッケルが必要な年がある（新潟県警察）、登山計画書は登山口の提出箱・警察署・県警本部のいずれかへ（新潟県警察）、この地点がどの登山口かは未確認",
    "sources": "国土数値情報（バス停留所データ）令和4年度（国土交通省）P11-22-15-bs7775（JGD2011）を加工して作成 ｜ OpenStreetMap（© OpenStreetMap contributors, ODbL 1.0）Geofabrik japan-latest.osm.pbf 2026-09-18T20:21:10Z node/2354101460（登山道と道路の接続点） ｜ 公式情報: https://www.pref.niigata.lg.jp/site/kenkei/osirase-anzen-ansin-mizuyamajsetugaijiko-sangaku-natuyama-jouhou-s9makihata-s9makihata.html ｜ 公式情報: https://www.pref.niigata.lg.jp/site/kenkei/osirase-anzen-ansin-mizuyamajsetugaijiko-sangaku-natuyama-jouhou-natuyama-jouhou.html",
    "verifiedAt": "2026-09-20"
   }
  },
  {
   "type": "Feature",
   "geometry": {
    "type": "Point",
    "coordinates": [
     138.8956654,
     36.9853423
    ]
   },
   "properties": {
    "id": "TH-kP11-22-15-bs7830",
    "kind": "trailhead",
    "name": "沢口バス停",
    "datum": "WGS84",
    "mountainIds": "215",
    "mountainNames": "巻機山",
    "lists": "日本百名山|日本二百名山|日本三百名山|甲信越百名山",
    "routes": "",
    "entryType": "駐車場・バス停（林道・車道を経由して登山道へ）",
    "trailKmToSummit": "巻機山:7.79km",
    "related": "BS-kP11-22-15-bs7830(0m) BS-kP11-22-15-bs7831(0m) BS-kP11-22-15-bs7799(335m)",
    "attributes": "",
    "status": "provisional",
    "accuracyM": 15,
    "needsReview": "林道からの入口（マイカー進入可否を要確認）、公式情報または2情報源での確認が必要",
    "sources": "国土数値情報（バス停留所データ）令和4年度（国土交通省）P11-22-15-bs7830（JGD2011）を加工して作成 ｜ OpenStreetMap（© OpenStreetMap contributors, ODbL 1.0）Geofabrik japan-latest.osm.pbf 2026-09-18T20:21:10Z node/2354092113（登山道と道路の接続点）",
    "verifiedAt": ""
   }
  },
  {
   "type": "Feature",
   "geometry": {
    "type": "Point",
    "coordinates": [
     138.9060734,
     36.9769454
    ]
   },
   "properties": {
    "id": "TH-kP11-22-15-bs7875",
    "kind": "trailhead",
    "name": "蟹沢",
    "datum": "WGS84",
    "mountainIds": "215",
    "mountainNames": "巻機山",
    "lists": "日本百名山|日本二百名山|日本三百名山|甲信越百名山",
    "routes": "",
    "entryType": "駐車場・バス停（林道・車道を経由して登山道へ）",
    "trailKmToSummit": "巻機山:7.06km",
    "related": "BS-kP11-22-15-bs7875(0m)",
    "attributes": "",
    "status": "provisional",
    "accuracyM": 15,
    "needsReview": "林道からの入口（マイカー進入可否を要確認）、公式情報または2情報源での確認が必要",
    "sources": "国土数値情報（バス停留所データ）令和4年度（国土交通省）P11-22-15-bs7875（JGD2011）を加工して作成 ｜ OpenStreetMap（© OpenStreetMap contributors, ODbL 1.0）Geofabrik japan-latest.osm.pbf 2026-09-18T20:21:10Z node/2354090234（登山道と道路の接続点）",
    "verifiedAt": ""
   }
  },
  {
   "type": "Feature",
   "geometry": {
    "type": "Point",
    "coordinates": [
     137.9069249,
     36.9328174
    ]
   },
   "properties": {
    "id": "TH-kP11-22-15-bs8044",
    "kind": "trailhead",
    "name": "別所",
    "datum": "WGS84",
    "mountainIds": "225",
    "mountainNames": "雨飾山",
    "lists": "日本百名山|日本二百名山|日本三百名山|甲信越百名山",
    "routes": "",
    "entryType": "駐車場・バス停（林道・車道を経由して登山道へ）",
    "trailKmToSummit": "雨飾山:11.06km",
    "related": "BS-kP11-22-15-bs8044(0m) BS-kP11-22-15-bs8032(240m) BS-kP11-22-15-bs8016(723m)",
    "attributes": "",
    "status": "provisional",
    "accuracyM": 15,
    "needsReview": "林道からの入口（マイカー進入可否を要確認）、公式情報または2情報源での確認が必要",
    "sources": "国土数値情報（バス停留所データ）令和4年度（国土交通省）P11-22-15-bs8044（JGD2011）を加工して作成 ｜ OpenStreetMap（© OpenStreetMap contributors, ODbL 1.0）Geofabrik japan-latest.osm.pbf 2026-09-18T20:21:10Z node/1249584800（登山道と道路の接続点）",
    "verifiedAt": ""
   }
  },
  {
   "type": "Feature",
   "geometry": {
    "type": "Point",
    "coordinates": [
     138.1620111,
     36.9056428
    ]
   },
   "properties": {
    "id": "TH-kP11-22-15-bs8122",
    "kind": "trailhead",
    "name": "関温泉",
    "datum": "WGS84",
    "mountainIds": "222 223 227",
    "mountainNames": "火打山、焼山、妙高山",
    "lists": "日本百名山|日本二百名山|日本三百名山|甲信越百名山",
    "routes": "",
    "entryType": "駐車場・バス停（林道・車道を経由して登山道へ）",
    "trailKmToSummit": "火打山:11.24km 焼山:14.57km 妙高山:7.72km",
    "related": "BS-kP11-22-15-bs8122(0m)",
    "attributes": "",
    "status": "provisional",
    "accuracyM": 15,
    "needsReview": "林道からの入口（マイカー進入可否を要確認）、公式情報または2情報源での確認が必要",
    "sources": "国土数値情報（バス停留所データ）令和4年度（国土交通省）P11-22-15-bs8122（JGD2011）を加工して作成 ｜ OpenStreetMap（© OpenStreetMap contributors, ODbL 1.0）Geofabrik japan-latest.osm.pbf 2026-09-18T20:21:10Z node/2353958445（登山道と道路の接続点） ｜ 国土地理院 地名検索「関温泉」（36.905701, 138.161536、JGD2011、43m差）2026-09-20確認",
    "verifiedAt": "2026-09-20"
   }
  },
  {
   "type": "Feature",
   "geometry": {
    "type": "Point",
    "coordinates": [
     139.0158716,
     35.5176413
    ]
   },
   "properties": {
    "id": "TH-kP11-22-19-bs2568",
    "kind": "trailhead",
    "name": "駐在所前",
    "datum": "WGS84",
    "mountainIds": "451",
    "mountainNames": "御正体山",
    "lists": "日本二百名山|日本三百名山|甲信越百名山",
    "routes": "",
    "entryType": "駐車場・バス停（林道・車道を経由して登山道へ）",
    "trailKmToSummit": "御正体山:11.09km",
    "related": "BS-kP11-22-19-bs2568(0m) BS-kP11-22-19-bs2569(138m) BS-kP11-22-19-bs2574(283m)",
    "attributes": "",
    "status": "provisional",
    "accuracyM": 15,
    "needsReview": "林道からの入口（マイカー進入可否を要確認）、公式情報または2情報源での確認が必要",
    "sources": "国土数値情報（バス停留所データ）令和4年度（国土交通省）P11-22-19-bs2568（JGD2011）を加工して作成 ｜ OpenStreetMap（© OpenStreetMap contributors, ODbL 1.0）Geofabrik japan-latest.osm.pbf 2026-09-18T20:21:10Z node/1598893885（登山道と道路の接続点）",
    "verifiedAt": ""
   }
  },
  {
   "type": "Feature",
   "geometry": {
    "type": "Point",
    "coordinates": [
     138.6094833,
     35.4943387
    ]
   },
   "properties": {
    "id": "TH-kP11-22-19-bs2733",
    "kind": "trailhead",
    "name": "精進",
    "datum": "WGS84",
    "mountainIds": "434",
    "mountainNames": "黒岳",
    "lists": "日本三百名山|甲信越百名山",
    "routes": "",
    "entryType": "駐車場・バス停（林道・車道を経由して登山道へ）",
    "trailKmToSummit": "黒岳:16.31km",
    "related": "BS-kP11-22-19-bs2733(0m) BS-kP11-22-19-bs2734(0m) BS-n4718179499(50m)",
    "attributes": "",
    "status": "provisional",
    "accuracyM": 15,
    "needsReview": "林道からの入口（マイカー進入可否を要確認）、公式情報または2情報源での確認が必要",
    "sources": "国土数値情報（バス停留所データ）令和4年度（国土交通省）P11-22-19-bs2733（JGD2011）を加工して作成 ｜ OpenStreetMap（© OpenStreetMap contributors, ODbL 1.0）Geofabrik japan-latest.osm.pbf 2026-09-18T20:21:10Z node/1252508341（登山道と道路の接続点）",
    "verifiedAt": ""
   }
  },
  {
   "type": "Feature",
   "geometry": {
    "type": "Point",
    "coordinates": [
     138.9302345,
     35.451694
    ]
   },
   "properties": {
    "id": "TH-kP11-22-19-bs3041",
    "kind": "trailhead",
    "name": "山伏峠",
    "datum": "WGS84",
    "mountainIds": "451",
    "mountainNames": "御正体山",
    "lists": "日本二百名山|日本三百名山|甲信越百名山",
    "routes": "",
    "entryType": "駐車場・バス停（林道・車道を経由して登山道へ）",
    "trailKmToSummit": "御正体山:5.08km",
    "related": "BS-kP11-22-19-bs3041(0m)",
    "attributes": "",
    "status": "adopted",
    "accuracyM": 15,
    "needsReview": "",
    "sources": "国土数値情報（バス停留所データ）令和4年度（国土交通省）P11-22-19-bs3041（JGD2011）を加工して作成 ｜ OpenStreetMap（© OpenStreetMap contributors, ODbL 1.0）Geofabrik japan-latest.osm.pbf 2026-09-18T20:21:10Z node/2008147276（登山道と道路の接続点） ｜ 国土地理院 地名検索「山伏峠」（35.452455, 138.931190、JGD2011、121m差）2026-09-20確認",
    "verifiedAt": "2026-09-20"
   }
  },
  {
   "type": "Feature",
   "geometry": {
    "type": "Point",
    "coordinates": [
     138.7327479,
     35.3942525
    ]
   },
   "properties": {
    "id": "TH-kP11-22-19-bs3165",
    "kind": "trailhead",
    "name": "富士スバルライン五合目（吉田ルート登山口）",
    "datum": "WGS84",
    "mountainIds": "494",
    "mountainNames": "富士山",
    "lists": "日本百名山|日本二百名山|日本三百名山|甲信越百名山",
    "routes": "OSM登山道「河口湖ルート「上り」」、吉田ルート",
    "entryType": "駐車場・バス停（林道・車道を経由して登山道へ）",
    "trailKmToSummit": "富士山:6.72km",
    "related": "PK-w988616588(217m) BS-kP11-22-19-bs3165(0m) BS-n5057904921(35m)",
    "attributes": "restriction=1日4,000人超で通行規制、午後2時〜翌午前3時の入山は山小屋宿泊者のみ; fee=通行料（使用料）4,000円; OSM登山ルート: 河口湖ルート「上り」",
    "status": "adopted",
    "accuracyM": 15,
    "needsReview": "近くの道路にゲートあり（車両通行止め・季節閉鎖の可能性）、林道からの入口（マイカー進入可否を要確認）、2026年度は吉田ルートと須走ルートの開山日が7月1日に統一され、同日から登山規制（山梨県）、富士スバルライン五合目の登山道入口付近にゲートが設置される（山梨県）、静岡県側（須走・富士宮・御殿場）はWeb登録と入山料4,000円、午後2時〜午前3時の入山は山小屋宿泊が要件（静岡県）",
    "sources": "国土数値情報（バス停留所データ）令和4年度（国土交通省）P11-22-19-bs3165（JGD2011）を加工して作成 ｜ OpenStreetMap（© OpenStreetMap contributors, ODbL 1.0）Geofabrik japan-latest.osm.pbf 2026-09-18T20:21:10Z node/1259569009（登山道と道路の接続点） ｜ 国土地理院 地名検索「富士山五合目簡易郵便局」（35.394500, 138.733139、JGD2011、45m差）2026-09-20確認 ｜ 公式情報: https://www.jnto.go.jp/news/m20260501_1.pdf ｜ 公式情報: https://kanto.env.go.jp/content/000302161.pdf",
    "verifiedAt": "2026-09-20"
   }
  },
  {
   "type": "Feature",
   "geometry": {
    "type": "Point",
    "coordinates": [
     138.7553661,
     35.8625913
    ]
   },
   "properties": {
    "id": "TH-kP11-22-19-bs42",
    "kind": "trailhead",
    "name": "西沢渓谷入口（甲武信ヶ岳 徳ちゃん新道登山口）",
    "datum": "WGS84",
    "mountainIds": "365 374 383",
    "mountainNames": "甲武信ヶ岳、国師ヶ岳、乾徳山",
    "lists": "日本百名山|日本二百名山|日本三百名山|関東百名山|甲信越百名山",
    "routes": "西沢渓谷（徳ちゃん新道）コース",
    "entryType": "駐車場・バス停（林道・車道を経由して登山道へ）",
    "trailKmToSummit": "甲武信ヶ岳:6.67km 国師ヶ岳:15.12km 乾徳山:10.15km",
    "related": "PK-n1162927344(100m) PK-n1162941263(447m) BS-kP11-22-19-bs42(0m) BS-kP11-22-19-bs45(17m) BS-kP11-22-19-bs53(440m)",
    "attributes": "parking=市営駐車場60台、道の駅北側駐車場200台（山梨市）; OSM登山ルート: Nishizawa Gorge",
    "status": "adopted",
    "accuracyM": 15,
    "needsReview": "近くの道路にゲートあり（車両通行止め・季節閉鎖の可能性）、林道からの入口（マイカー進入可否を要確認）、中央道勝沼ICから車で約90分。山梨市営バスも利用できる（山梨市）",
    "sources": "国土数値情報（バス停留所データ）令和4年度（国土交通省）P11-22-19-bs42（JGD2011）を加工して作成 ｜ OpenStreetMap（© OpenStreetMap contributors, ODbL 1.0）Geofabrik japan-latest.osm.pbf 2026-09-18T20:21:10Z node/1606644856（登山道と道路の接続点） ｜ 公式情報: https://www.city.yamanashi.yamanashi.jp/soshiki/17/14046.html",
    "verifiedAt": "2026-09-23"
   }
  },
  {
   "type": "Feature",
   "geometry": {
    "type": "Point",
    "coordinates": [
     138.8321946,
     35.7318997
    ]
   },
   "properties": {
    "id": "TH-kP11-22-19-bs524",
    "kind": "trailhead",
    "name": "上日川峠（大菩薩）",
    "datum": "WGS84",
    "mountainIds": "388 398",
    "mountainNames": "黒川鶏冠山、大菩薩嶺",
    "lists": "甲信越百名山|日本百名山|日本二百名山|日本三百名山",
    "routes": "OSM登山道「大菩薩峠線」、上日川峠周回（唐松尾根↑大菩薩峠↓）",
    "entryType": "駐車場・バス停（林道・車道を経由して登山道へ）",
    "trailKmToSummit": "黒川鶏冠山:11.47km 大菩薩嶺:2.41km",
    "related": "PK-n705087946(15m) PK-n705087947(65m) PK-n3710217293(222m) BS-kP11-22-19-bs524(0m)",
    "attributes": "OSM登山ルート: 大菩薩山 ループ",
    "status": "adopted",
    "accuracyM": 15,
    "needsReview": "",
    "sources": "国土数値情報（バス停留所データ）令和4年度（国土交通省）P11-22-19-bs524（JGD2011）を加工して作成 ｜ OpenStreetMap（© OpenStreetMap contributors, ODbL 1.0）Geofabrik japan-latest.osm.pbf 2026-09-18T20:21:10Z node/2031835771（登山道と道路の接続点） ｜ 国土地理院 地名検索「上日川峠」（35.731677, 138.832355、JGD2011、29m差）2026-09-13確認",
    "verifiedAt": "2026-09-13"
   }
  },
  {
   "type": "Feature",
   "geometry": {
    "type": "Point",
    "coordinates": [
     138.8431475,
     35.7295224
    ]
   },
   "properties": {
    "id": "TH-kP11-22-19-bs536",
    "kind": "trailhead",
    "name": "小屋平（石丸峠入口）",
    "datum": "WGS84",
    "mountainIds": "388 398 421",
    "mountainNames": "黒川鶏冠山、大菩薩嶺、滝子山",
    "lists": "甲信越百名山|日本百名山|日本二百名山|日本三百名山",
    "routes": "OSM登山道「大菩薩峠線」、OSM登山道「旧道」",
    "entryType": "駐車場・バス停（林道・車道を経由して登山道へ）",
    "trailKmToSummit": "黒川鶏冠山:11.83km 大菩薩嶺:2.85km 滝子山:14.85km",
    "related": "BS-kP11-22-19-bs536(0m) BS-kP11-22-19-bs562(445m)",
    "attributes": "",
    "status": "adopted",
    "accuracyM": 15,
    "needsReview": "採用の根拠: OSMの登山口名と、地理院地図の徒歩道が道路から始まる位置の一致（公式情報では未確認）",
    "sources": "国土数値情報（バス停留所データ）令和4年度（国土交通省）P11-22-19-bs536（JGD2011）を加工して作成 ｜ OpenStreetMap（© OpenStreetMap contributors, ODbL 1.0）Geofabrik japan-latest.osm.pbf 2026-09-18T20:21:10Z node/2031835752（登山道と道路の接続点） ｜ 国土地理院ベクトルタイル提供実験 地理院地図の徒歩道の起点（35.729540, 138.843213、JGD2011、6m差）2026-09-21確認",
    "verifiedAt": ""
   }
  },
  {
   "type": "Feature",
   "geometry": {
    "type": "Point",
    "coordinates": [
     138.8353207,
     35.7141131
    ]
   },
   "properties": {
    "id": "TH-kP11-22-19-bs622",
    "kind": "trailhead",
    "name": "大菩薩湖入口",
    "datum": "WGS84",
    "mountainIds": "398 421",
    "mountainNames": "大菩薩嶺、滝子山",
    "lists": "日本百名山|日本二百名山|日本三百名山|甲信越百名山",
    "routes": "",
    "entryType": "駐車場・バス停（林道・車道を経由して登山道へ）",
    "trailKmToSummit": "大菩薩嶺:7.98km 滝子山:12.41km",
    "related": "BS-kP11-22-19-bs622(0m) BS-kP11-22-19-bs654(737m)",
    "attributes": "",
    "status": "provisional",
    "accuracyM": 15,
    "needsReview": "林道からの入口（マイカー進入可否を要確認）、公式情報または2情報源での確認が必要",
    "sources": "国土数値情報（バス停留所データ）令和4年度（国土交通省）P11-22-19-bs622（JGD2011）を加工して作成 ｜ OpenStreetMap（© OpenStreetMap contributors, ODbL 1.0）Geofabrik japan-latest.osm.pbf 2026-09-18T20:21:10Z node/9608260635（登山道と道路の接続点）",
    "verifiedAt": ""
   }
  },
  {
   "type": "Feature",
   "geometry": {
    "type": "Point",
    "coordinates": [
     138.7606239,
     35.8484271
    ]
   },
   "properties": {
    "id": "TH-kP11-22-19-bs84",
    "kind": "trailhead",
    "name": "新地平",
    "datum": "WGS84",
    "mountainIds": "365 374 383",
    "mountainNames": "甲武信ヶ岳、国師ヶ岳、乾徳山",
    "lists": "日本百名山|日本二百名山|日本三百名山|関東百名山|甲信越百名山",
    "routes": "",
    "entryType": "駐車場・バス停（林道・車道を経由して登山道へ）",
    "trailKmToSummit": "甲武信ヶ岳:13.35km 国師ヶ岳:13.94km 乾徳山:8.41km",
    "related": "BS-kP11-22-19-bs84(0m) BS-kP11-22-19-bs85(0m) BS-kP11-22-19-bs98(790m)",
    "attributes": "",
    "status": "provisional",
    "accuracyM": 15,
    "needsReview": "近くの道路にゲートあり（車両通行止め・季節閉鎖の可能性）、林道からの入口（マイカー進入可否を要確認）、公式情報または2情報源での確認が必要",
    "sources": "国土数値情報（バス停留所データ）令和4年度（国土交通省）P11-22-19-bs84（JGD2011）を加工して作成 ｜ OpenStreetMap（© OpenStreetMap contributors, ODbL 1.0）Geofabrik japan-latest.osm.pbf 2026-09-18T20:21:10Z node/1606634049（登山道と道路の接続点）",
    "verifiedAt": ""
   }
  },
  {
   "type": "Feature",
   "geometry": {
    "type": "Point",
    "coordinates": [
     138.2460735,
     36.8469197
    ]
   },
   "properties": {
    "id": "TH-kP11-22-20-bs174",
    "kind": "trailhead",
    "name": "古海",
    "datum": "WGS84",
    "mountainIds": "233",
    "mountainNames": "斑尾山",
    "lists": "日本三百名山|甲信越百名山",
    "routes": "",
    "entryType": "駐車場・バス停（林道・車道を経由して登山道へ）",
    "trailKmToSummit": "斑尾山:3.54km",
    "related": "BS-kP11-22-20-bs174(0m) BS-kP11-22-20-bs166(248m) BS-kP11-22-20-bs163(431m)",
    "attributes": "",
    "status": "provisional",
    "accuracyM": 15,
    "needsReview": "林道からの入口（マイカー進入可否を要確認）、公式情報または2情報源での確認が必要",
    "sources": "国土数値情報（バス停留所データ）令和4年度（国土交通省）P11-22-20-bs174（JGD2011）を加工して作成 ｜ OpenStreetMap（© OpenStreetMap contributors, ODbL 1.0）Geofabrik japan-latest.osm.pbf 2026-09-18T20:21:10Z node/1779960472（登山道と道路の接続点） ｜ 国土地理院 地名検索「長野県信濃町古海」（36.847206, 138.248276、JGD2011、199m差）2026-09-20確認",
    "verifiedAt": "2026-09-20"
   }
  },
  {
   "type": "Feature",
   "geometry": {
    "type": "Point",
    "coordinates": [
     138.242607,
     36.8363375
    ]
   },
   "properties": {
    "id": "TH-kP11-22-20-bs203",
    "kind": "trailhead",
    "name": "菅川",
    "datum": "WGS84",
    "mountainIds": "233",
    "mountainNames": "斑尾山",
    "lists": "日本三百名山|甲信越百名山",
    "routes": "",
    "entryType": "駐車場・バス停（林道・車道を経由して登山道へ）",
    "trailKmToSummit": "斑尾山:3.22km",
    "related": "BS-kP11-22-20-bs203(0m)",
    "attributes": "",
    "status": "provisional",
    "accuracyM": 15,
    "needsReview": "林道からの入口（マイカー進入可否を要確認）、公式情報または2情報源での確認が必要",
    "sources": "国土数値情報（バス停留所データ）令和4年度（国土交通省）P11-22-20-bs203（JGD2011）を加工して作成 ｜ OpenStreetMap（© OpenStreetMap contributors, ODbL 1.0）Geofabrik japan-latest.osm.pbf 2026-09-18T20:21:10Z node/7053665503（登山道と道路の接続点） ｜ 国土地理院 地名検索「菅川」（36.836508, 138.243547、JGD2011、86m差）2026-09-20確認",
    "verifiedAt": "2026-09-20"
   }
  },
  {
   "type": "Feature",
   "geometry": {
    "type": "Point",
    "coordinates": [
     138.2603061,
     36.8108917
    ]
   },
   "properties": {
    "id": "TH-kP11-22-20-bs279",
    "kind": "trailhead",
    "name": "斑尾登山道入口",
    "datum": "WGS84",
    "mountainIds": "233",
    "mountainNames": "斑尾山",
    "lists": "日本三百名山|甲信越百名山",
    "routes": "",
    "entryType": "駐車場・バス停（林道・車道を経由して登山道へ）",
    "trailKmToSummit": "斑尾山:3.51km",
    "related": "BS-kP11-22-20-bs279(0m) BS-kP11-22-20-bs282(335m) BS-kP11-22-20-bs277(473m)",
    "attributes": "",
    "status": "provisional",
    "accuracyM": 15,
    "needsReview": "林道からの入口（マイカー進入可否を要確認）、公式情報または2情報源での確認が必要",
    "sources": "国土数値情報（バス停留所データ）令和4年度（国土交通省）P11-22-20-bs279（JGD2011）を加工して作成 ｜ OpenStreetMap（© OpenStreetMap contributors, ODbL 1.0）Geofabrik japan-latest.osm.pbf 2026-09-18T20:21:10Z node/1779957919（登山道と道路の接続点）",
    "verifiedAt": ""
   }
  },
  {
   "type": "Feature",
   "geometry": {
    "type": "Point",
    "coordinates": [
     138.1685237,
     36.8072171
    ]
   },
   "properties": {
    "id": "TH-kP11-22-20-bs302",
    "kind": "trailhead",
    "name": "長水",
    "datum": "WGS84",
    "mountainIds": "239",
    "mountainNames": "黒姫山",
    "lists": "日本二百名山|日本三百名山|甲信越百名山",
    "routes": "",
    "entryType": "駐車場・バス停（林道・車道を経由して登山道へ）",
    "trailKmToSummit": "黒姫山:4.88km",
    "related": "BS-kP11-22-20-bs302(0m) BS-kP11-22-20-bs334(929m)",
    "attributes": "",
    "status": "provisional",
    "accuracyM": 15,
    "needsReview": "林道からの入口（マイカー進入可否を要確認）、公式情報または2情報源での確認が必要",
    "sources": "国土数値情報（バス停留所データ）令和4年度（国土交通省）P11-22-20-bs302（JGD2011）を加工して作成 ｜ OpenStreetMap（© OpenStreetMap contributors, ODbL 1.0）Geofabrik japan-latest.osm.pbf 2026-09-18T20:21:10Z node/1781006944（登山道と道路の接続点） ｜ 国土地理院 地名検索「長水」（36.807350, 138.168106、JGD2011、40m差）2026-09-20確認",
    "verifiedAt": "2026-09-20"
   }
  },
  {
   "type": "Feature",
   "geometry": {
    "type": "Point",
    "coordinates": [
     137.8044965,
     36.3786613
    ]
   },
   "properties": {
    "id": "TH-kP11-22-20-bs3544",
    "kind": "trailhead",
    "name": "有明山黒川口",
    "datum": "WGS84",
    "mountainIds": "299",
    "mountainNames": "有明山",
    "lists": "日本二百名山|日本三百名山|甲信越百名山",
    "routes": "OSM登山道「表参道」",
    "entryType": "駐車場・バス停（林道・車道を経由して登山道へ）",
    "trailKmToSummit": "有明山:4.49km",
    "related": "BS-kP11-22-20-bs3544(0m)",
    "attributes": "",
    "status": "provisional",
    "accuracyM": 15,
    "needsReview": "近くの道路にゲートあり（車両通行止め・季節閉鎖の可能性）、林道からの入口（マイカー進入可否を要確認）、公式情報または2情報源での確認が必要",
    "sources": "国土数値情報（バス停留所データ）令和4年度（国土交通省）P11-22-20-bs3544（JGD2011）を加工して作成 ｜ OpenStreetMap（© OpenStreetMap contributors, ODbL 1.0）Geofabrik japan-latest.osm.pbf 2026-09-18T20:21:10Z node/1659666119（登山道と道路の接続点）",
    "verifiedAt": ""
   }
  },
  {
   "type": "Feature",
   "geometry": {
    "type": "Point",
    "coordinates": [
     138.1807977,
     36.7693696
    ]
   },
   "properties": {
    "id": "TH-kP11-22-20-bs463",
    "kind": "trailhead",
    "name": "北信",
    "datum": "WGS84",
    "mountainIds": "251",
    "mountainNames": "飯縄山",
    "lists": "日本二百名山|日本三百名山|甲信越百名山",
    "routes": "",
    "entryType": "駐車場・バス停（林道・車道を経由して登山道へ）",
    "trailKmToSummit": "飯縄山:6.64km",
    "related": "BS-kP11-22-20-bs463(0m) BS-kP11-22-20-bs492(540m) BS-kP11-22-20-bs448(554m)",
    "attributes": "",
    "status": "provisional",
    "accuracyM": 15,
    "needsReview": "林道からの入口（マイカー進入可否を要確認）、公式情報または2情報源での確認が必要",
    "sources": "国土数値情報（バス停留所データ）令和4年度（国土交通省）P11-22-20-bs463（JGD2011）を加工して作成 ｜ OpenStreetMap（© OpenStreetMap contributors, ODbL 1.0）Geofabrik japan-latest.osm.pbf 2026-09-18T20:21:10Z node/1777491421（登山道と道路の接続点）",
    "verifiedAt": ""
   }
  },
  {
   "type": "Feature",
   "geometry": {
    "type": "Point",
    "coordinates": [
     138.0903731,
     36.7692273
    ]
   },
   "properties": {
    "id": "TH-kP11-22-20-bs464",
    "kind": "trailhead",
    "name": "戸隠牧場（高妻山登山口）",
    "datum": "WGS84",
    "mountainIds": "242 245",
    "mountainNames": "高妻山、戸隠山",
    "lists": "日本百名山|日本二百名山|日本三百名山|甲信越百名山",
    "routes": "",
    "entryType": "駐車場・バス停（林道・車道を経由して登山道へ）",
    "trailKmToSummit": "高妻山:10.68km 戸隠山:5.4km",
    "related": "PK-w653836976(12m) PK-w653836975(52m) BS-kP11-22-20-bs464(0m)",
    "attributes": "",
    "status": "adopted",
    "accuracyM": 15,
    "needsReview": "林道からの入口（マイカー進入可否を要確認）、高妻山（2,353m）は戸隠連峰の最高峰。戸隠牧場から弥勒新道・五地蔵山を経て山頂へ至るルートが一般的（林野庁・環境省）、戸隠キャンプ場の向かいに駐車場がある（環境省）、長野県登山安全条例の指定登山道では登山計画書の提出が必要",
    "sources": "国土数値情報（バス停留所データ）令和4年度（国土交通省）P11-22-20-bs464（JGD2011）を加工して作成 ｜ OpenStreetMap（© OpenStreetMap contributors, ODbL 1.0）Geofabrik japan-latest.osm.pbf 2026-09-18T20:21:10Z node/14109822687（登山道と道路の接続点） ｜ 公式情報: https://www.rinya.maff.go.jp/kanto/joetu/invitation/attach/pdf/03-2.pdf ｜ 公式情報: https://chubu.env.go.jp/blog/2020/10/post-1076.html ｜ 公式情報: https://www.pref.nagano.lg.jp/kankoki/smartphone/tozankeikakusho.html ｜ 公式情報: https://www.pref.nagano.lg.jp/kankoki/tozanjorei/tozanjorei.html",
    "verifiedAt": "2026-09-20"
   }
  },
  {
   "type": "Feature",
   "geometry": {
    "type": "Point",
    "coordinates": [
     138.0992176,
     36.2115257
    ]
   },
   "properties": {
    "id": "TH-kP11-22-20-bs4857",
    "kind": "trailhead",
    "name": "三城荘前",
    "datum": "WGS84",
    "mountainIds": "323",
    "mountainNames": "美ヶ原",
    "lists": "日本百名山|日本二百名山|日本三百名山|甲信越百名山",
    "routes": "",
    "entryType": "駐車場・バス停（林道・車道を経由して登山道へ）",
    "trailKmToSummit": "美ヶ原:2.27km",
    "related": "BS-kP11-22-20-bs4857(0m) BS-kP11-22-20-bs4883(406m)",
    "attributes": "",
    "status": "provisional",
    "accuracyM": 15,
    "needsReview": "公式情報または2情報源での確認が必要",
    "sources": "国土数値情報（バス停留所データ）令和4年度（国土交通省）P11-22-20-bs4857（JGD2011）を加工して作成 ｜ OpenStreetMap（© OpenStreetMap contributors, ODbL 1.0）Geofabrik japan-latest.osm.pbf 2026-09-18T20:21:10Z node/1631965691（登山道と道路の接続点）",
    "verifiedAt": ""
   }
  },
  {
   "type": "Feature",
   "geometry": {
    "type": "Point",
    "coordinates": [
     138.1025328,
     36.2090293
    ]
   },
   "properties": {
    "id": "TH-kP11-22-20-bs4883",
    "kind": "trailhead",
    "name": "三城",
    "datum": "WGS84",
    "mountainIds": "323",
    "mountainNames": "美ヶ原",
    "lists": "日本百名山|日本二百名山|日本三百名山|甲信越百名山",
    "routes": "",
    "entryType": "駐車場・バス停（林道・車道を経由して登山道へ）",
    "trailKmToSummit": "美ヶ原:4.46km",
    "related": "BS-kP11-22-20-bs4883(0m) BS-kP11-22-20-bs4857(406m)",
    "attributes": "",
    "status": "provisional",
    "accuracyM": 15,
    "needsReview": "公式情報または2情報源での確認が必要",
    "sources": "国土数値情報（バス停留所データ）令和4年度（国土交通省）P11-22-20-bs4883（JGD2011）を加工して作成 ｜ OpenStreetMap（© OpenStreetMap contributors, ODbL 1.0）Geofabrik japan-latest.osm.pbf 2026-09-18T20:21:10Z node/1631964624（登山道と道路の接続点） ｜ 国土地理院 地名検索「三城牧場」（36.207326, 138.104645、JGD2011、267m差）2026-09-13確認",
    "verifiedAt": "2026-09-13"
   }
  },
  {
   "type": "Feature",
   "geometry": {
    "type": "Point",
    "coordinates": [
     138.1875584,
     36.1038219
    ]
   },
   "properties": {
    "id": "TH-kP11-22-20-bs5535",
    "kind": "trailhead",
    "name": "車山肩（霧ヶ峰・車山登山口）",
    "datum": "WGS84",
    "mountainIds": "338",
    "mountainNames": "霧ヶ峰",
    "lists": "日本百名山|日本二百名山|日本三百名山|甲信越百名山",
    "routes": "車山肩コース",
    "entryType": "駐車場・バス停（林道・車道を経由して登山道へ）",
    "trailKmToSummit": "霧ヶ峰:1.61km",
    "related": "PK-w98614642(24m) PK-w430356242(34m) PK-w430356240(47m) BS-kP11-22-20-bs5535(0m) BS-kP11-22-20-bs5535(0m)",
    "attributes": "parking=車山肩駐車場 約140台（霧ヶ峰自然保護センター）",
    "status": "adopted",
    "accuracyM": 15,
    "needsReview": "霧ヶ峰には八島（約70台）・車山肩（約140台）・自然保護センター北側（約70台）・霧ヶ峰IC（約100台）・霧ヶ峰第1第2（約300台）の駐車場がある（霧ヶ峰自然保護センター）",
    "sources": "国土数値情報（バス停留所データ）令和4年度（国土交通省）P11-22-20-bs5535（JGD2011）を加工して作成 ｜ OpenStreetMap（© OpenStreetMap contributors, ODbL 1.0）Geofabrik japan-latest.osm.pbf 2026-09-18T20:21:10Z node/1140868905（登山道と道路の接続点） ｜ 公式情報: https://kirigamine.suwakanko.jp/spot/%E8%BB%8A%E5%B1%B1%E8%82%A9/ ｜ 公式情報: https://kirigamine.suwakanko.jp/access/ ｜ 公式情報: https://www.kirigamine-vc.jp/manage/wp-content/uploads/information/%E9%A7%90%E8%BB%8A%E5%A0%B4%E5%9C%B0%E5%9B%B3-1.pdf",
    "verifiedAt": "2026-09-20"
   }
  },
  {
   "type": "Feature",
   "geometry": {
    "type": "Point",
    "coordinates": [
     138.3720374,
     36.0630398
    ]
   },
   "properties": {
    "id": "TH-kP11-22-20-bs5870",
    "kind": "trailhead",
    "name": "諏訪門",
    "datum": "WGS84",
    "mountainIds": "350 355",
    "mountainNames": "天狗岳、八ヶ岳",
    "lists": "日本二百名山|日本三百名山|甲信越百名山|日本百名山",
    "routes": "",
    "entryType": "駐車場・バス停（林道・車道を経由して登山道へ）",
    "trailKmToSummit": "天狗岳:6.72km 八ヶ岳:13.43km",
    "related": "BS-kP11-22-20-bs5870(0m)",
    "attributes": "",
    "status": "provisional",
    "accuracyM": 15,
    "needsReview": "林道からの入口（マイカー進入可否を要確認）、公式情報または2情報源での確認が必要",
    "sources": "国土数値情報（バス停留所データ）令和4年度（国土交通省）P11-22-20-bs5870（JGD2011）を加工して作成 ｜ OpenStreetMap（© OpenStreetMap contributors, ODbL 1.0）Geofabrik japan-latest.osm.pbf 2026-09-18T20:21:10Z node/1786014145（登山道と道路の接続点）",
    "verifiedAt": ""
   }
  },
  {
   "type": "Feature",
   "geometry": {
    "type": "Point",
    "coordinates": [
     138.3095206,
     36.0330799
    ]
   },
   "properties": {
    "id": "TH-kP11-22-20-bs6193",
    "kind": "trailhead",
    "name": "辰野館前",
    "datum": "WGS84",
    "mountainIds": "350 355",
    "mountainNames": "天狗岳、八ヶ岳",
    "lists": "日本二百名山|日本三百名山|甲信越百名山|日本百名山",
    "routes": "",
    "entryType": "駐車場・バス停（林道・車道を経由して登山道へ）",
    "trailKmToSummit": "天狗岳:7.0km 八ヶ岳:13.71km",
    "related": "BS-kP11-22-20-bs6193(0m) BS-kP11-22-20-bs6180(907m)",
    "attributes": "",
    "status": "provisional",
    "accuracyM": 15,
    "needsReview": "公式情報または2情報源での確認が必要",
    "sources": "国土数値情報（バス停留所データ）令和4年度（国土交通省）P11-22-20-bs6193（JGD2011）を加工して作成 ｜ OpenStreetMap（© OpenStreetMap contributors, ODbL 1.0）Geofabrik japan-latest.osm.pbf 2026-09-18T20:21:10Z node/1548418736（登山道と道路の接続点）",
    "verifiedAt": ""
   }
  },
  {
   "type": "Feature",
   "geometry": {
    "type": "Point",
    "coordinates": [
     137.8012004,
     36.7457594
    ]
   },
   "properties": {
    "id": "TH-kP11-22-20-bs655",
    "kind": "trailhead",
    "name": "猿倉（白馬岳登山口）",
    "datum": "WGS84",
    "mountainIds": "248 253 260",
    "mountainNames": "白馬岳、鑓ヶ岳、唐松岳",
    "lists": "日本百名山|日本二百名山|日本三百名山|甲信越百名山",
    "routes": "大雪渓コース（猿倉）",
    "entryType": "駐車場・バス停（林道・車道を経由して登山道へ）",
    "trailKmToSummit": "白馬岳:11.6km 鑓ヶ岳:7.8km 唐松岳:12.75km",
    "related": "PK-w1039520191(13m) PK-w1039520190(209m) BS-kP11-22-20-bs655(0m)",
    "attributes": "restriction=猿倉駐車場は閉鎖中。八方バスターミナルからタクシー・バスを利用",
    "status": "adopted",
    "accuracyM": 15,
    "needsReview": "このルートは閉鎖中（RouteData の通行状況）、林道からの入口（マイカー進入可否を要確認）、県道白馬岳線（二股〜猿倉）は2026年4月24日に開通したが、猿倉駐車場は閉鎖が続いている（白馬村）、長野県登山安全条例により、指定登山道では登山計画書の提出が必要（長野県）",
    "sources": "国土数値情報（バス停留所データ）令和4年度（国土交通省）P11-22-20-bs655（JGD2011）を加工して作成 ｜ OpenStreetMap（© OpenStreetMap contributors, ODbL 1.0）Geofabrik japan-latest.osm.pbf 2026-09-18T20:21:10Z node/1668145251（登山道と道路の接続点） ｜ 国土地理院 地名検索「猿倉荘」（36.745812, 137.800900、JGD2011、27m差）2026-09-13確認 ｜ 公式情報: https://www.vill.hakuba.lg.jp/gyosei/soshikikarasagasu/kankoka/osirase_ibennto_kouhoumusenntou/10949.html ｜ 公式情報: https://www.pref.nagano.lg.jp/kankoki/tozanjorei/tozanjorei.html",
    "verifiedAt": "2026-09-20"
   }
  },
  {
   "type": "Feature",
   "geometry": {
    "type": "Point",
    "coordinates": [
     138.176833,
     36.7360777
    ]
   },
   "properties": {
    "id": "TH-kP11-22-20-bs738",
    "kind": "trailhead",
    "name": "上村",
    "datum": "WGS84",
    "mountainIds": "251",
    "mountainNames": "飯縄山",
    "lists": "日本二百名山|日本三百名山|甲信越百名山",
    "routes": "",
    "entryType": "駐車場・バス停（林道・車道を経由して登山道へ）",
    "trailKmToSummit": "飯縄山:4.28km",
    "related": "BS-kP11-22-20-bs738(0m) BS-kP11-22-20-bs754(261m) BS-kP11-22-20-bs720(333m)",
    "attributes": "",
    "status": "provisional",
    "accuracyM": 15,
    "needsReview": "林道からの入口（マイカー進入可否を要確認）、公式情報または2情報源での確認が必要",
    "sources": "国土数値情報（バス停留所データ）令和4年度（国土交通省）P11-22-20-bs738（JGD2011）を加工して作成 ｜ OpenStreetMap（© OpenStreetMap contributors, ODbL 1.0）Geofabrik japan-latest.osm.pbf 2026-09-18T20:21:10Z node/1886146323（登山道と道路の接続点） ｜ 国土地理院 地名検索「上村」（36.734858, 138.175550、JGD2011、177m差）2026-09-20確認",
    "verifiedAt": "2026-09-20"
   }
  },
  {
   "type": "Feature",
   "geometry": {
    "type": "Point",
    "coordinates": [
     138.1258382,
     36.710495
    ]
   },
   "properties": {
    "id": "TH-kP11-22-20-bs899",
    "kind": "trailhead",
    "name": "飯綱登山口（飯縄山 一の鳥居）",
    "datum": "WGS84",
    "mountainIds": "251",
    "mountainNames": "飯縄山",
    "lists": "日本二百名山|日本三百名山|甲信越百名山",
    "routes": "",
    "entryType": "駐車場・バス停（林道・車道を経由して登山道へ）",
    "trailKmToSummit": "飯縄山:3.98km",
    "related": "BS-kP11-22-20-bs899(0m) BS-kP11-22-20-bs908(544m) BS-kP11-22-20-bs893(810m)",
    "attributes": "",
    "status": "adopted",
    "accuracyM": 15,
    "needsReview": "林道からの入口（マイカー進入可否を要確認）、名称は国土数値情報（国土交通省）のバス停「飯綱登山口」による、公式データのバス停名と、地理院地図で徒歩道が道路から始まる位置（57m差）が一致、長野県登山安全条例の指定登山道では登山計画書の提出が必要",
    "sources": "国土数値情報（バス停留所データ）令和4年度（国土交通省）P11-22-20-bs899（JGD2011）を加工して作成 ｜ OpenStreetMap（© OpenStreetMap contributors, ODbL 1.0）Geofabrik japan-latest.osm.pbf 2026-09-18T20:21:10Z node/1871974811（登山道と道路の接続点） ｜ 公式情報: https://www.pref.nagano.lg.jp/kankoki/tozanjorei/tozanjorei.html ｜ 国土地理院ベクトルタイル提供実験 地理院地図の徒歩道の起点（36.711005, 138.125923、JGD2011、57m差）2026-09-21確認",
    "verifiedAt": "2026-09-20"
   }
  },
  {
   "type": "Feature",
   "geometry": {
    "type": "Point",
    "coordinates": [
     137.5710154,
     36.2610135
    ]
   },
   "properties": {
    "id": "TH-kP11-22-21-bs209",
    "kind": "trailhead",
    "name": "中尾焼岳登山口",
    "datum": "WGS84",
    "mountainIds": "317 319 324",
    "mountainNames": "奥穂高岳、西穂独標、焼岳",
    "lists": "日本百名山|日本二百名山|日本三百名山|甲信越百名山|東海の百山",
    "routes": "",
    "entryType": "駐車場・バス停（林道・車道を経由して登山道へ）",
    "trailKmToSummit": "奥穂高岳:12.73km 西穂独標:9.72km 焼岳:4.94km",
    "related": "BS-kP11-22-21-bs209(0m) BS-kP11-22-21-bs205(228m) BS-kP11-22-21-bs199(500m)",
    "attributes": "",
    "status": "provisional",
    "accuracyM": 15,
    "needsReview": "林道からの入口（マイカー進入可否を要確認）、公式情報または2情報源での確認が必要",
    "sources": "国土数値情報（バス停留所データ）令和4年度（国土交通省）P11-22-21-bs209（JGD2011）を加工して作成 ｜ OpenStreetMap（© OpenStreetMap contributors, ODbL 1.0）Geofabrik japan-latest.osm.pbf 2026-09-18T20:21:10Z node/1385639249（登山道と道路の接続点）",
    "verifiedAt": ""
   }
  },
  {
   "type": "Feature",
   "geometry": {
    "type": "Point",
    "coordinates": [
     137.4414508,
     36.1477732
    ]
   },
   "properties": {
    "id": "TH-kP11-22-21-bs590",
    "kind": "trailhead",
    "name": "乗鞍青少年交流の家",
    "datum": "WGS84",
    "mountainIds": "336",
    "mountainNames": "乗鞍岳",
    "lists": "日本百名山|日本二百名山|日本三百名山|甲信越百名山|東海の百山",
    "routes": "",
    "entryType": "駐車場・バス停（林道・車道を経由して登山道へ）",
    "trailKmToSummit": "乗鞍岳:14.69km",
    "related": "PK-w1133612446(117m) BS-kP11-22-21-bs590(0m)",
    "attributes": "",
    "status": "provisional",
    "accuracyM": 15,
    "needsReview": "林道からの入口（マイカー進入可否を要確認）、公式情報または2情報源での確認が必要",
    "sources": "国土数値情報（バス停留所データ）令和4年度（国土交通省）P11-22-21-bs590（JGD2011）を加工して作成 ｜ OpenStreetMap（© OpenStreetMap contributors, ODbL 1.0）Geofabrik japan-latest.osm.pbf 2026-09-18T20:21:10Z node/1385419941（登山道と道路の接続点）",
    "verifiedAt": ""
   }
  },
  {
   "type": "Feature",
   "geometry": {
    "type": "Point",
    "coordinates": [
     138.7328201,
     35.3370111
    ]
   },
   "properties": {
    "id": "TH-kP11-22-22-bs157",
    "kind": "trailhead",
    "name": "富士宮口五合目",
    "datum": "WGS84",
    "mountainIds": "494",
    "mountainNames": "富士山",
    "lists": "日本百名山|日本二百名山|日本三百名山|甲信越百名山",
    "routes": "OSM登山道「富士公園太郎坊線」、OSM登山道「富士宮ルート」、富士宮ルート",
    "entryType": "駐車場・バス停（林道・車道を経由して登山道へ）",
    "trailKmToSummit": "富士山:3.62km",
    "related": "PK-w837113170(45m) BS-kP11-22-22-bs157(0m) BS-kP11-22-22-bs158(0m)",
    "attributes": "regulation=登山期間中は富士山スカイラインでマイカー規制（令和8年は7月10日9時〜9月10日18時の63日間）。規制中は水ヶ塚駐車場でシャトルバス・タクシーに乗り換える（静岡県）; parking=乗換駐車場（水ヶ塚）は平日1,500円、土日祝・盆2,000円（静岡県）; OSM登山ルート: Mt. Fuji Loop、富士宮ルート",
    "status": "adopted",
    "accuracyM": 15,
    "needsReview": "近くの道路にゲートあり（車両通行止め・季節閉鎖の可能性）、マイカー規制中は五合目に駐車しない場合も規制の対象となる（静岡県）、シャトルバスは事前予約に対応しておらず、混雑時は乗車できないことがある（静岡県）",
    "sources": "国土数値情報（バス停留所データ）令和4年度（国土交通省）P11-22-22-bs157（JGD2011）を加工して作成 ｜ OpenStreetMap（© OpenStreetMap contributors, ODbL 1.0）Geofabrik japan-latest.osm.pbf 2026-09-18T20:21:10Z node/1670211155（登山道と道路の接続点） ｜ 公式情報: https://www.pref.shizuoka.jp/machizukuri/doro/fujisandoro/1029179.html",
    "verifiedAt": "2026-09-23"
   }
  },
  {
   "type": "Feature",
   "geometry": {
    "type": "Point",
    "coordinates": [
     138.758672,
     35.5289282
    ]
   },
   "properties": {
    "id": "TH-n10308432101",
    "kind": "trailhead",
    "name": "（名称未確認）紅富士荘前バス停付近",
    "datum": "WGS84",
    "mountainIds": "434 437",
    "mountainNames": "黒岳、三ッ峠山",
    "lists": "日本三百名山|甲信越百名山|日本二百名山",
    "routes": "",
    "entryType": "一般道との接続",
    "trailKmToSummit": "黒岳:3.08km 三ッ峠山:12.51km",
    "related": "PK-w262054519(365m) BS-kP11-22-19-bs2530(404m) BS-kP11-22-19-bs2529(426m) BS-kP11-22-19-bs2531(485m)",
    "attributes": "",
    "status": "provisional",
    "accuracyM": 30,
    "needsReview": "名称未確認、近くの道路にゲートあり（車両通行止め・季節閉鎖の可能性）、公式情報または2情報源での確認が必要",
    "sources": "OpenStreetMap（© OpenStreetMap contributors, ODbL 1.0）Geofabrik japan-latest.osm.pbf 2026-09-18T20:21:10Z node/10308432101（登山道と道路の接続点）",
    "verifiedAt": ""
   }
  },
  {
   "type": "Feature",
   "geometry": {
    "type": "Point",
    "coordinates": [
     138.4777445,
     36.676869
    ]
   },
   "properties": {
    "id": "TH-n1032509159",
    "kind": "trailhead",
    "name": "（名称未確認）",
    "datum": "WGS84",
    "mountainIds": "261",
    "mountainNames": "笠ヶ岳",
    "lists": "日本三百名山",
    "routes": "",
    "entryType": "一般道（県道以上）との接続",
    "trailKmToSummit": "笠ヶ岳:0.34km",
    "related": "PK-w1345024916(21m) PK-w1345024917(87m) PK-w1345024915(126m)",
    "attributes": "",
    "status": "provisional",
    "accuracyM": 30,
    "needsReview": "名称未確認、近くの道路にゲートあり（車両通行止め・季節閉鎖の可能性）、公式情報または2情報源での確認が必要",
    "sources": "OpenStreetMap（© OpenStreetMap contributors, ODbL 1.0）Geofabrik japan-latest.osm.pbf 2026-09-18T20:21:10Z node/1032509159（登山道と道路の接続点）",
    "verifiedAt": ""
   }
  },
  {
   "type": "Feature",
   "geometry": {
    "type": "Point",
    "coordinates": [
     138.4640126,
     36.557619
    ]
   },
   "properties": {
    "id": "TH-n1070117219",
    "kind": "trailhead",
    "name": "第1カルテット",
    "datum": "WGS84",
    "mountainIds": "277",
    "mountainNames": "四阿山",
    "lists": "日本百名山|日本二百名山|日本三百名山|甲信越百名山",
    "routes": "",
    "entryType": "索道駅（ロープウェイ・ゴンドラ）",
    "trailKmToSummit": "四阿山:7.63km",
    "related": "PK-w502983724(262m)",
    "attributes": "",
    "status": "provisional",
    "accuracyM": 15,
    "needsReview": "公式情報または2情報源での確認が必要",
    "sources": "OpenStreetMap（© OpenStreetMap contributors, ODbL 1.0）Geofabrik japan-latest.osm.pbf 2026-09-18T20:21:10Z node/1070117219",
    "verifiedAt": ""
   }
  },
  {
   "type": "Feature",
   "geometry": {
    "type": "Point",
    "coordinates": [
     138.4276833,
     36.5603767
    ]
   },
   "properties": {
    "id": "TH-n1070117230",
    "kind": "trailhead",
    "name": "第4フーガ",
    "datum": "WGS84",
    "mountainIds": "277",
    "mountainNames": "四阿山",
    "lists": "日本百名山|日本二百名山|日本三百名山|甲信越百名山",
    "routes": "",
    "entryType": "索道駅（ロープウェイ・ゴンドラ）",
    "trailKmToSummit": "四阿山:3.04km",
    "related": "",
    "attributes": "",
    "status": "provisional",
    "accuracyM": 15,
    "needsReview": "公式情報または2情報源での確認が必要",
    "sources": "OpenStreetMap（© OpenStreetMap contributors, ODbL 1.0）Geofabrik japan-latest.osm.pbf 2026-09-18T20:21:10Z node/1070117230",
    "verifiedAt": ""
   }
  },
  {
   "type": "Feature",
   "geometry": {
    "type": "Point",
    "coordinates": [
     138.5135701,
     36.7387384
    ]
   },
   "properties": {
    "id": "TH-n1070200019",
    "kind": "trailhead",
    "name": "一の瀬クワッド",
    "datum": "WGS84",
    "mountainIds": "250 258",
    "mountainNames": "岩菅山、志賀山",
    "lists": "日本二百名山|日本三百名山|甲信越百名山",
    "routes": "",
    "entryType": "索道駅（ロープウェイ・ゴンドラ）",
    "trailKmToSummit": "岩菅山:6.5km 志賀山:15.88km",
    "related": "PK-w958740976(220m) PK-w958740977(433m) BS-kP11-22-20-bs714(54m) BS-kP11-22-20-bs714(54m) BS-kP11-22-20-bs693(361m)",
    "attributes": "",
    "status": "provisional",
    "accuracyM": 15,
    "needsReview": "公式情報または2情報源での確認が必要",
    "sources": "OpenStreetMap（© OpenStreetMap contributors, ODbL 1.0）Geofabrik japan-latest.osm.pbf 2026-09-18T20:21:10Z node/1070200019",
    "verifiedAt": ""
   }
  },
  {
   "type": "Feature",
   "geometry": {
    "type": "Point",
    "coordinates": [
     138.5119934,
     36.7335343
    ]
   },
   "properties": {
    "id": "TH-n1070200092",
    "kind": "trailhead",
    "name": "一の瀬第8クワッド",
    "datum": "WGS84",
    "mountainIds": "250",
    "mountainNames": "岩菅山",
    "lists": "日本二百名山|日本三百名山|甲信越百名山",
    "routes": "",
    "entryType": "索道駅（ロープウェイ・ゴンドラ）",
    "trailKmToSummit": "岩菅山:6.93km",
    "related": "PK-w958740982(127m) PK-w958740977(416m) PK-w958740983(433m) BS-kP11-22-20-bs743(223m) BS-kP11-22-20-bs757(244m) BS-kP11-22-20-bs775(512m)",
    "attributes": "",
    "status": "provisional",
    "accuracyM": 15,
    "needsReview": "公式情報または2情報源での確認が必要",
    "sources": "OpenStreetMap（© OpenStreetMap contributors, ODbL 1.0）Geofabrik japan-latest.osm.pbf 2026-09-18T20:21:10Z node/1070200092",
    "verifiedAt": ""
   }
  },
  {
   "type": "Feature",
   "geometry": {
    "type": "Point",
    "coordinates": [
     138.7228426,
     35.5238044
    ]
   },
   "properties": {
    "id": "TH-n10777607781",
    "kind": "trailhead",
    "name": "アルカディア",
    "datum": "WGS84",
    "mountainIds": "434",
    "mountainNames": "黒岳",
    "lists": "日本三百名山|甲信越百名山",
    "routes": "",
    "entryType": "施設（山小屋・宿・キャンプ場）からの入口",
    "trailKmToSummit": "黒岳:11.96km",
    "related": "BS-kP11-22-19-bs2543(197m) BS-kP11-22-19-bs2532(600m) BS-kP11-22-19-bs2538(829m)",
    "attributes": "",
    "status": "provisional",
    "accuracyM": 15,
    "needsReview": "公式情報または2情報源での確認が必要",
    "sources": "OpenStreetMap（© OpenStreetMap contributors, ODbL 1.0）Geofabrik japan-latest.osm.pbf 2026-09-18T20:21:10Z node/10777607781",
    "verifiedAt": ""
   }
  },
  {
   "type": "Feature",
   "geometry": {
    "type": "Point",
    "coordinates": [
     137.6233748,
     35.4712842
    ]
   },
   "properties": {
    "id": "TH-n10959521226",
    "kind": "trailhead",
    "name": "（名称未確認）大杉駐車場付近",
    "datum": "WGS84",
    "mountainIds": "463",
    "mountainNames": "恵那山",
    "lists": "日本百名山|日本二百名山|日本三百名山|東海の百山",
    "routes": "",
    "entryType": "一般道との接続",
    "trailKmToSummit": "恵那山:5.3km",
    "related": "PK-w1123233196(7m) PK-w1123234657(167m)",
    "attributes": "",
    "status": "provisional",
    "accuracyM": 30,
    "needsReview": "名称未確認、近くの道路にゲートあり（車両通行止め・季節閉鎖の可能性）、公式情報または2情報源での確認が必要",
    "sources": "OpenStreetMap（© OpenStreetMap contributors, ODbL 1.0）Geofabrik japan-latest.osm.pbf 2026-09-18T20:21:10Z node/10959521226（登山道と道路の接続点）",
    "verifiedAt": ""
   }
  },
  {
   "type": "Feature",
   "geometry": {
    "type": "Point",
    "coordinates": [
     137.8049008,
     35.5371757
    ]
   },
   "properties": {
    "id": "TH-n11198843420",
    "kind": "trailhead",
    "name": "苦竹入口",
    "datum": "WGS84",
    "mountainIds": "436",
    "mountainNames": "風越山",
    "lists": "東海の百山",
    "routes": "OSM登山道「表参道」",
    "entryType": "登山口（OSMの登山口地物）",
    "trailKmToSummit": "風越山:2.9km",
    "related": "",
    "attributes": "OSM登山ルート: 風越山・白山社奥宮表参道",
    "status": "provisional",
    "accuracyM": 15,
    "needsReview": "近くの道路にゲートあり（車両通行止め・季節閉鎖の可能性）、公式情報または2情報源での確認が必要",
    "sources": "OpenStreetMap（© OpenStreetMap contributors, ODbL 1.0）Geofabrik japan-latest.osm.pbf 2026-09-18T20:21:10Z node/11198843420",
    "verifiedAt": ""
   }
  },
  {
   "type": "Feature",
   "geometry": {
    "type": "Point",
    "coordinates": [
     138.7919968,
     35.5561863
    ]
   },
   "properties": {
    "id": "TH-n11282378965",
    "kind": "trailhead",
    "name": "三ッ峠登山口",
    "datum": "WGS84",
    "mountainIds": "434 437",
    "mountainNames": "黒岳、三ッ峠山",
    "lists": "日本三百名山|甲信越百名山|日本二百名山",
    "routes": "",
    "entryType": "登山口（OSMの登山口地物）",
    "trailKmToSummit": "黒岳:12.39km 三ッ峠山:3.13km",
    "related": "PK-n8997244594(314m) BS-kP11-22-19-bs2386(0m) BS-kP11-22-19-bs2383(754m)",
    "attributes": "",
    "status": "provisional",
    "accuracyM": 15,
    "needsReview": "近くの道路にゲートあり（車両通行止め・季節閉鎖の可能性）、林道からの入口（マイカー進入可否を要確認）、公式情報または2情報源での確認が必要",
    "sources": "国土数値情報（バス停留所データ）令和4年度（国土交通省）P11-22-19-bs2386（JGD2011）を加工して作成 ｜ OpenStreetMap（© OpenStreetMap contributors, ODbL 1.0）Geofabrik japan-latest.osm.pbf 2026-09-18T20:21:10Z node/1252496763（登山道と道路の接続点）",
    "verifiedAt": ""
   }
  },
  {
   "type": "Feature",
   "geometry": {
    "type": "Point",
    "coordinates": [
     138.9924554,
     37.1434737
    ]
   },
   "properties": {
    "id": "TH-n11348362013",
    "kind": "trailhead",
    "name": "八海山ロープウェー山頂駅（4合目）",
    "datum": "WGS84",
    "mountainIds": "206",
    "mountainNames": "八海山",
    "lists": "日本二百名山|日本三百名山|甲信越百名山",
    "routes": "",
    "entryType": "一般道との接続",
    "trailKmToSummit": "八海山:6.43km",
    "related": "BS-kP11-22-15-bs6057(579m) BS-kP11-22-15-bs6052(618m) BS-kP11-22-15-bs6086(719m)",
    "attributes": "",
    "status": "adopted",
    "accuracyM": 15,
    "needsReview": "八海山（1,778m）は山岳信仰の山。登山路は3ルートあり、ロープウェーで4合目まで上がれる（新潟県）",
    "sources": "OpenStreetMap（© OpenStreetMap contributors, ODbL 1.0）Geofabrik japan-latest.osm.pbf 2026-09-18T20:21:10Z node/11348362013（登山道と道路の接続点） ｜ 公式情報: https://www.pref.niigata.lg.jp/site/minamiuonuma-miryoku/1288213252323.html",
    "verifiedAt": "2026-09-20"
   }
  },
  {
   "type": "Feature",
   "geometry": {
    "type": "Point",
    "coordinates": [
     138.1319566,
     36.2283471
    ]
   },
   "properties": {
    "id": "TH-n1150843773",
    "kind": "trailhead",
    "name": "山本小屋ふる里館前（美ヶ原 長和町側駐車場）",
    "datum": "WGS84",
    "mountainIds": "323",
    "mountainNames": "美ヶ原",
    "lists": "日本百名山|日本二百名山|日本三百名山|甲信越百名山",
    "routes": "",
    "entryType": "公式情報による登山口",
    "trailKmToSummit": "",
    "related": "",
    "attributes": "parking=美ヶ原長和町駐車場 普通車60台・バス5台; season=松本市街から美ヶ原高原へ向かう道路は例年11月下旬〜4月中旬が冬期通行止め（松本市）",
    "status": "adopted",
    "accuracyM": 15,
    "needsReview": "美ヶ原には美ヶ原高原大駐車場（道の駅、普通車800台）・長和町駐車場（60台）・美ヶ原自然保護センター前（150台）の3か所の駐車場がある（美ヶ原高原）、松本市が美ヶ原高原へのアクセスの通行規制情報を公開している（松本市）",
    "sources": "OSM node/1150843773（2026-09-20時点の候補座標） ｜ 公式情報: https://www.city.matsumoto.nagano.jp/soshiki/76/146139.html ｜ 公式情報: http://www.utsukushigaharakogen.jp/",
    "verifiedAt": "2026-09-20"
   }
  },
  {
   "type": "Feature",
   "geometry": {
    "type": "Point",
    "coordinates": [
     138.1087099,
     36.2257334
    ]
   },
   "properties": {
    "id": "TH-n1150853443",
    "kind": "trailhead",
    "name": "王ヶ頭ホテル",
    "datum": "WGS84",
    "mountainIds": "323",
    "mountainNames": "美ヶ原",
    "lists": "日本百名山|日本二百名山|日本三百名山|甲信越百名山",
    "routes": "",
    "entryType": "施設（山小屋・宿・キャンプ場）からの入口",
    "trailKmToSummit": "美ヶ原:0.11km",
    "related": "",
    "attributes": "",
    "status": "provisional",
    "accuracyM": 15,
    "needsReview": "公式情報または2情報源での確認が必要",
    "sources": "OpenStreetMap（© OpenStreetMap contributors, ODbL 1.0）Geofabrik japan-latest.osm.pbf 2026-09-18T20:21:10Z node/1150853443",
    "verifiedAt": ""
   }
  },
  {
   "type": "Feature",
   "geometry": {
    "type": "Point",
    "coordinates": [
     138.8306692,
     35.5157058
    ]
   },
   "properties": {
    "id": "TH-n11541181625",
    "kind": "trailhead",
    "name": "（名称未確認）白糸町バス停付近",
    "datum": "WGS84",
    "mountainIds": "437",
    "mountainNames": "三ッ峠山",
    "lists": "日本二百名山|日本三百名山|甲信越百名山",
    "routes": "",
    "entryType": "一般道との接続",
    "trailKmToSummit": "三ッ峠山:7.42km",
    "related": "BS-kP11-22-19-bs2571(194m) BS-kP11-22-19-bs2572(236m) BS-kP11-22-19-bs2582(274m)",
    "attributes": "",
    "status": "provisional",
    "accuracyM": 30,
    "needsReview": "名称未確認、公式情報または2情報源での確認が必要",
    "sources": "OpenStreetMap（© OpenStreetMap contributors, ODbL 1.0）Geofabrik japan-latest.osm.pbf 2026-09-18T20:21:10Z node/11541181625（登山道と道路の接続点）",
    "verifiedAt": ""
   }
  },
  {
   "type": "Feature",
   "geometry": {
    "type": "Point",
    "coordinates": [
     138.8105105,
     35.857951
    ]
   },
   "properties": {
    "id": "TH-n11711795240",
    "kind": "trailhead",
    "name": "笠取小屋",
    "datum": "WGS84",
    "mountainIds": "365 366 375 379",
    "mountainNames": "甲武信ヶ岳、白石山、笠取山、飛龍山",
    "lists": "日本百名山|日本二百名山|日本三百名山|関東百名山|甲信越百名山",
    "routes": "",
    "entryType": "施設（山小屋・宿・キャンプ場）からの入口",
    "trailKmToSummit": "甲武信ヶ岳:11.85km 白石山:11.38km 笠取山:1.31km 飛龍山:10.75km",
    "related": "",
    "attributes": "",
    "status": "provisional",
    "accuracyM": 15,
    "needsReview": "公式情報または2情報源での確認が必要",
    "sources": "OpenStreetMap（© OpenStreetMap contributors, ODbL 1.0）Geofabrik japan-latest.osm.pbf 2026-09-18T20:21:10Z node/11711795240",
    "verifiedAt": ""
   }
  },
  {
   "type": "Feature",
   "geometry": {
    "type": "Point",
    "coordinates": [
     138.8024874,
     35.7763372
    ]
   },
   "properties": {
    "id": "TH-n11731599406",
    "kind": "trailhead",
    "name": "柳沢峠",
    "datum": "WGS84",
    "mountainIds": "388 398",
    "mountainNames": "黒川鶏冠山、大菩薩嶺",
    "lists": "甲信越百名山|日本百名山|日本二百名山|日本三百名山",
    "routes": "",
    "entryType": "峠（道路との接続）",
    "trailKmToSummit": "黒川鶏冠山:5.11km 大菩薩嶺:7.84km",
    "related": "PK-w301758682(49m) PK-w301758680(65m) BS-kP11-22-19-bs336(41m)",
    "attributes": "",
    "status": "adopted",
    "accuracyM": 30,
    "needsReview": "近くの道路にゲートあり（車両通行止め・季節閉鎖の可能性）",
    "sources": "OpenStreetMap（© OpenStreetMap contributors, ODbL 1.0）Geofabrik japan-latest.osm.pbf 2026-09-18T20:21:10Z node/11731599406（登山道と道路の接続点） ｜ 国土地理院 地名検索「柳沢峠」（35.776507, 138.802446、JGD2011、19m差）2026-09-20確認",
    "verifiedAt": "2026-09-20"
   }
  },
  {
   "type": "Feature",
   "geometry": {
    "type": "Point",
    "coordinates": [
     137.6499137,
     35.460188
    ]
   },
   "properties": {
    "id": "TH-n12054128640",
    "kind": "trailhead",
    "name": "（名称未確認）",
    "datum": "WGS84",
    "mountainIds": "455",
    "mountainNames": "富士見台高原",
    "lists": "東海の百山",
    "routes": "OSM登山道「古代東山道」、OSM登山道「古代東山道（カラマツコース）」",
    "entryType": "一般道との接続",
    "trailKmToSummit": "富士見台高原:5.46km",
    "related": "PK-w538766594(136m) PK-w1013987573(186m)",
    "attributes": "OSM登山ルート: 古代東山道",
    "status": "provisional",
    "accuracyM": 30,
    "needsReview": "名称未確認、登山道が道路を横断する地点（途中の入口の可能性）、公式情報または2情報源での確認が必要",
    "sources": "OpenStreetMap（© OpenStreetMap contributors, ODbL 1.0）Geofabrik japan-latest.osm.pbf 2026-09-18T20:21:10Z node/12054128640（登山道と道路の接続点）",
    "verifiedAt": ""
   }
  },
  {
   "type": "Feature",
   "geometry": {
    "type": "Point",
    "coordinates": [
     137.6323728,
     35.472431
    ]
   },
   "properties": {
    "id": "TH-n12058453803",
    "kind": "trailhead",
    "name": "神坂峠",
    "datum": "WGS84",
    "mountainIds": "455 463",
    "mountainNames": "富士見台高原、恵那山",
    "lists": "東海の百山|日本百名山|日本二百名山|日本三百名山",
    "routes": "OSM登山道「マウンテンビュー富士見台パノラマコース」、OSM登山道「古代東山道」、OSM登山道「神坂峠ルート」、神坂峠コース",
    "entryType": "峠（道路との接続）",
    "trailKmToSummit": "富士見台高原:1.44km 恵那山:6.21km",
    "related": "PK-w1043333026(9m) PK-w1301889406(109m) PK-w1301889405(326m)",
    "attributes": "OSM登山ルート: 古代東山道",
    "status": "adopted",
    "accuracyM": 30,
    "needsReview": "登山道が道路を横断する地点（途中の入口の可能性）、近くの道路にゲートあり（車両通行止め・季節閉鎖の可能性）",
    "sources": "OpenStreetMap（© OpenStreetMap contributors, ODbL 1.0）Geofabrik japan-latest.osm.pbf 2026-09-18T20:21:10Z node/12058453803（登山道と道路の接続点） ｜ 国土地理院 地名検索「神坂峠」（35.471347, 137.632045、JGD2011、123m差）2026-09-13確認",
    "verifiedAt": "2026-09-13"
   }
  },
  {
   "type": "Feature",
   "geometry": {
    "type": "Point",
    "coordinates": [
     138.4000793,
     36.5382504
    ]
   },
   "properties": {
    "id": "TH-n12064167906",
    "kind": "trailhead",
    "name": "菅平牧場（四阿山・根子岳登山口）",
    "datum": "WGS84",
    "mountainIds": "277",
    "mountainNames": "四阿山",
    "lists": "日本百名山|日本二百名山|日本三百名山|甲信越百名山",
    "routes": "",
    "entryType": "登山口（OSMの登山口地物）",
    "trailKmToSummit": "四阿山:1.36km",
    "related": "",
    "attributes": "",
    "status": "adopted",
    "accuracyM": 15,
    "needsReview": "菅平牧場は四阿山（2,354m）・根子岳（2,207m）の登山口（長野県・環境省）、長野県登山安全条例の指定登山道では登山計画書の提出が必要",
    "sources": "OpenStreetMap（© OpenStreetMap contributors, ODbL 1.0）Geofabrik japan-latest.osm.pbf 2026-09-18T20:21:10Z node/12064167906 ｜ 公式情報: https://www.pref.nagano.lg.jp/kankoki/sangyo/kanko/documents/gradingmap26-b.pdf ｜ 公式情報: https://chubu.env.go.jp/blog/2006/07/157.html ｜ 公式情報: https://www.pref.nagano.lg.jp/kankoki/tozanjorei/tozanjorei.html",
    "verifiedAt": "2026-09-20"
   }
  },
  {
   "type": "Feature",
   "geometry": {
    "type": "Point",
    "coordinates": [
     138.1243536,
     35.5553669
    ]
   },
   "properties": {
    "id": "TH-n12072813843",
    "kind": "trailhead",
    "name": "鳥倉登山口から三伏峠小屋まで4/10",
    "datum": "WGS84",
    "mountainIds": "431 449",
    "mountainNames": "塩見岳、悪沢岳",
    "lists": "日本百名山|日本二百名山|日本三百名山|甲信越百名山",
    "routes": "OSM登山道「三伏峠鳥倉ルート」",
    "entryType": "登山口（OSMの登山口地物）",
    "trailKmToSummit": "塩見岳:8.38km 悪沢岳:16.1km",
    "related": "",
    "attributes": "OSM登山ルート: 三伏峠鳥倉ルート",
    "status": "provisional",
    "accuracyM": 15,
    "needsReview": "公式情報または2情報源での確認が必要",
    "sources": "OpenStreetMap（© OpenStreetMap contributors, ODbL 1.0）Geofabrik japan-latest.osm.pbf 2026-09-18T20:21:10Z node/12072813843",
    "verifiedAt": ""
   }
  },
  {
   "type": "Feature",
   "geometry": {
    "type": "Point",
    "coordinates": [
     138.1314319,
     35.5571397
    ]
   },
   "properties": {
    "id": "TH-n12072813844",
    "kind": "trailhead",
    "name": "鳥倉登山口から三伏峠小屋まで6/10",
    "datum": "WGS84",
    "mountainIds": "431 449",
    "mountainNames": "塩見岳、悪沢岳",
    "lists": "日本百名山|日本二百名山|日本三百名山|甲信越百名山",
    "routes": "OSM登山道「三伏峠鳥倉ルート」",
    "entryType": "登山口（OSMの登山口地物）",
    "trailKmToSummit": "塩見岳:7.53km 悪沢岳:15.24km",
    "related": "",
    "attributes": "OSM登山ルート: 三伏峠鳥倉ルート",
    "status": "provisional",
    "accuracyM": 15,
    "needsReview": "公式情報または2情報源での確認が必要",
    "sources": "OpenStreetMap（© OpenStreetMap contributors, ODbL 1.0）Geofabrik japan-latest.osm.pbf 2026-09-18T20:21:10Z node/12072813844",
    "verifiedAt": ""
   }
  },
  {
   "type": "Feature",
   "geometry": {
    "type": "Point",
    "coordinates": [
     138.1209393,
     35.5542064
    ]
   },
   "properties": {
    "id": "TH-n12072857692",
    "kind": "trailhead",
    "name": "鳥倉登山口から三伏峠小屋まで3/10",
    "datum": "WGS84",
    "mountainIds": "431",
    "mountainNames": "塩見岳",
    "lists": "日本百名山|日本二百名山|日本三百名山|甲信越百名山",
    "routes": "OSM登山道「三伏峠鳥倉ルート」",
    "entryType": "登山口（OSMの登山口地物）",
    "trailKmToSummit": "塩見岳:8.79km",
    "related": "",
    "attributes": "OSM登山ルート: 三伏峠鳥倉ルート",
    "status": "provisional",
    "accuracyM": 15,
    "needsReview": "近くの道路にゲートあり（車両通行止め・季節閉鎖の可能性）、公式情報または2情報源での確認が必要",
    "sources": "OpenStreetMap（© OpenStreetMap contributors, ODbL 1.0）Geofabrik japan-latest.osm.pbf 2026-09-18T20:21:10Z node/12072857692",
    "verifiedAt": ""
   }
  },
  {
   "type": "Feature",
   "geometry": {
    "type": "Point",
    "coordinates": [
     138.1170517,
     35.5505778
    ]
   },
   "properties": {
    "id": "TH-n12072857706",
    "kind": "trailhead",
    "name": "鳥倉登山口から三伏峠小屋まで1/10",
    "datum": "WGS84",
    "mountainIds": "431",
    "mountainNames": "塩見岳",
    "lists": "日本百名山|日本二百名山|日本三百名山|甲信越百名山",
    "routes": "OSM登山道「三伏峠鳥倉ルート」",
    "entryType": "登山口（OSMの登山口地物）",
    "trailKmToSummit": "塩見岳:9.64km",
    "related": "PK-n11098483879(212m) PK-w1282736669(295m)",
    "attributes": "OSM登山ルート: 三伏峠鳥倉ルート",
    "status": "provisional",
    "accuracyM": 15,
    "needsReview": "近くの道路にゲートあり（車両通行止め・季節閉鎖の可能性）、公式情報または2情報源での確認が必要",
    "sources": "OpenStreetMap（© OpenStreetMap contributors, ODbL 1.0）Geofabrik japan-latest.osm.pbf 2026-09-18T20:21:10Z node/12072857706",
    "verifiedAt": ""
   }
  },
  {
   "type": "Feature",
   "geometry": {
    "type": "Point",
    "coordinates": [
     138.1349725,
     35.5558371
    ]
   },
   "properties": {
    "id": "TH-n12072895174",
    "kind": "trailhead",
    "name": "鳥倉登山口から三伏峠小屋まで7/10",
    "datum": "WGS84",
    "mountainIds": "431 449",
    "mountainNames": "塩見岳、悪沢岳",
    "lists": "日本百名山|日本二百名山|日本三百名山|甲信越百名山",
    "routes": "OSM登山道「三伏峠鳥倉ルート」",
    "entryType": "登山口（OSMの登山口地物）",
    "trailKmToSummit": "塩見岳:7.06km 悪沢岳:14.77km",
    "related": "",
    "attributes": "OSM登山ルート: 三伏峠鳥倉ルート",
    "status": "provisional",
    "accuracyM": 15,
    "needsReview": "公式情報または2情報源での確認が必要",
    "sources": "OpenStreetMap（© OpenStreetMap contributors, ODbL 1.0）Geofabrik japan-latest.osm.pbf 2026-09-18T20:21:10Z node/12072895174",
    "verifiedAt": ""
   }
  },
  {
   "type": "Feature",
   "geometry": {
    "type": "Point",
    "coordinates": [
     138.8014067,
     35.5010664
    ]
   },
   "properties": {
    "id": "TH-n12142430276",
    "kind": "trailhead",
    "name": "（名称未確認）如来寺入口バス停付近",
    "datum": "WGS84",
    "mountainIds": "437",
    "mountainNames": "三ッ峠山",
    "lists": "日本二百名山|日本三百名山|甲信越百名山",
    "routes": "OSM登山道「咲くや姫階段」",
    "entryType": "一般道との接続",
    "trailKmToSummit": "三ッ峠山:6.58km",
    "related": "PK-w224072063(210m) PK-w1418960709(400m) PK-w1482225445(413m) BS-kP11-22-19-bs2700(412m) BS-kP11-22-19-bs2703(430m) BS-kP11-22-19-bs2709(513m)",
    "attributes": "",
    "status": "provisional",
    "accuracyM": 30,
    "needsReview": "名称未確認、登山道が道路を横断する地点（途中の入口の可能性）、近くの道路にゲートあり（車両通行止め・季節閉鎖の可能性）、公式情報または2情報源での確認が必要",
    "sources": "OpenStreetMap（© OpenStreetMap contributors, ODbL 1.0）Geofabrik japan-latest.osm.pbf 2026-09-18T20:21:10Z node/12142430276（登山道と道路の接続点）",
    "verifiedAt": ""
   }
  },
  {
   "type": "Feature",
   "geometry": {
    "type": "Point",
    "coordinates": [
     139.1571521,
     37.5767499
    ]
   },
   "properties": {
    "id": "TH-n1239382392",
    "kind": "trailhead",
    "name": "（名称未確認）",
    "datum": "WGS84",
    "mountainIds": "186",
    "mountainNames": "粟ヶ岳",
    "lists": "日本三百名山",
    "routes": "",
    "entryType": "一般道との接続",
    "trailKmToSummit": "粟ヶ岳:4.45km",
    "related": "",
    "attributes": "",
    "status": "candidate",
    "accuracyM": 30,
    "needsReview": "名称未確認、公式情報または2情報源での確認が必要",
    "sources": "OpenStreetMap（© OpenStreetMap contributors, ODbL 1.0）Geofabrik japan-latest.osm.pbf 2026-09-18T20:21:10Z node/1239382392（登山道と道路の接続点）",
    "verifiedAt": ""
   }
  },
  {
   "type": "Feature",
   "geometry": {
    "type": "Point",
    "coordinates": [
     139.150351,
     37.599554
    ]
   },
   "properties": {
    "id": "TH-n1239383670",
    "kind": "trailhead",
    "name": "（名称未確認）",
    "datum": "WGS84",
    "mountainIds": "186",
    "mountainNames": "粟ヶ岳",
    "lists": "日本三百名山",
    "routes": "",
    "entryType": "一般道との接続",
    "trailKmToSummit": "粟ヶ岳:8.26km",
    "related": "",
    "attributes": "",
    "status": "candidate",
    "accuracyM": 30,
    "needsReview": "名称未確認、公式情報または2情報源での確認が必要",
    "sources": "OpenStreetMap（© OpenStreetMap contributors, ODbL 1.0）Geofabrik japan-latest.osm.pbf 2026-09-18T20:21:10Z node/1239383670（登山道と道路の接続点）",
    "verifiedAt": ""
   }
  },
  {
   "type": "Feature",
   "geometry": {
    "type": "Point",
    "coordinates": [
     139.1375534,
     37.5819762
    ]
   },
   "properties": {
    "id": "TH-n1239387771",
    "kind": "trailhead",
    "name": "（名称未確認）",
    "datum": "WGS84",
    "mountainIds": "186",
    "mountainNames": "粟ヶ岳",
    "lists": "日本三百名山",
    "routes": "",
    "entryType": "一般道（県道以上）との接続",
    "trailKmToSummit": "粟ヶ岳:6.93km",
    "related": "",
    "attributes": "",
    "status": "candidate",
    "accuracyM": 30,
    "needsReview": "名称未確認、公式情報または2情報源での確認が必要",
    "sources": "OpenStreetMap（© OpenStreetMap contributors, ODbL 1.0）Geofabrik japan-latest.osm.pbf 2026-09-18T20:21:10Z node/1239387771（登山道と道路の接続点）",
    "verifiedAt": ""
   }
  },
  {
   "type": "Feature",
   "geometry": {
    "type": "Point",
    "coordinates": [
     139.4500154,
     37.9055571
    ]
   },
   "properties": {
    "id": "TH-n1240612426",
    "kind": "trailhead",
    "name": "二王子神社（二王子岳登山口）",
    "datum": "WGS84",
    "mountainIds": "175",
    "mountainNames": "二王子岳",
    "lists": "日本二百名山|日本三百名山|甲信越百名山",
    "routes": "",
    "entryType": "一般道との接続",
    "trailKmToSummit": "二王子岳:5.14km",
    "related": "",
    "attributes": "",
    "status": "adopted",
    "accuracyM": 15,
    "needsReview": "登山道が道路を横断する地点（途中の入口の可能性）、二王子神社は二王子岳の登山口、国土地理院の地名「二王子神社」とOSMの登山道の接続点の位置が一致（独立した2情報源）",
    "sources": "OpenStreetMap（© OpenStreetMap contributors, ODbL 1.0）Geofabrik japan-latest.osm.pbf 2026-09-18T20:21:10Z node/1240612426（登山道と道路の接続点） ｜ 国土地理院 地名検索「二王子神社」（37.905102, 139.450413、JGD2011、61m差）2026-09-20確認",
    "verifiedAt": "2026-09-20"
   }
  },
  {
   "type": "Feature",
   "geometry": {
    "type": "Point",
    "coordinates": [
     139.5675091,
     37.9180465
    ]
   },
   "properties": {
    "id": "TH-n1242870481",
    "kind": "trailhead",
    "name": "足ノ松尾根登山口（杁差岳・大石山）",
    "datum": "WGS84",
    "mountainIds": "174",
    "mountainNames": "杁差岳",
    "lists": "日本二百名山|日本三百名山|甲信越百名山",
    "routes": "",
    "entryType": "道路の終点付近",
    "trailKmToSummit": "杁差岳:6.19km",
    "related": "",
    "attributes": "parking=奥胎内ヒュッテから先へは一般車両は入れないため、奥胎内ヒュッテ手前の駐車場を利用する（胎内市）; restriction=令和8年6月1日〜11月30日（予定）は足ノ松尾根登山口〜大石山分岐が閉鎖（胎内市）",
    "status": "adopted",
    "accuracyM": 15,
    "needsReview": "林道からの入口（マイカー進入可否を要確認）、令和7年11月のクマによるとみられる登山者の被害を受けて、令和8年度は登山道を閉鎖している（胎内市）、令和8年度は登山者用乗合自動車を運行しない（胎内市）、関川村側の東俣コース（東俣登山口）も2022年8月の豪雨による法面崩落で通行止め、西俣〜大熊尾根は2013年から通行禁止（関川村自然環境管理公社）",
    "sources": "OpenStreetMap（© OpenStreetMap contributors, ODbL 1.0）Geofabrik japan-latest.osm.pbf 2026-09-18T20:21:10Z node/1242870481（登山道と道路の接続点） ｜ 公式情報: https://www.city.tainai.niigata.jp/sangyo/kanko/iide.html ｜ 国土地理院ベクトルタイル提供実験 地理院地図の徒歩道が道路から始まる位置（37.918054, 139.567503、1m差）2026-09-23確認 ｜ 国土地理院 地名検索「足ノ松沢」（37.918245, 139.565861、JGD2011、150m差）2026-09-23確認",
    "verifiedAt": "2026-09-23"
   }
  },
  {
   "type": "Feature",
   "geometry": {
    "type": "Point",
    "coordinates": [
     139.6115144,
     37.9922043
    ]
   },
   "properties": {
    "id": "TH-n1249365167",
    "kind": "trailhead",
    "name": "（名称未確認）",
    "datum": "WGS84",
    "mountainIds": "174",
    "mountainNames": "杁差岳",
    "lists": "日本二百名山|日本三百名山|甲信越百名山",
    "routes": "",
    "entryType": "道路の終点付近",
    "trailKmToSummit": "杁差岳:6.62km",
    "related": "",
    "attributes": "",
    "status": "candidate",
    "accuracyM": 30,
    "needsReview": "名称未確認、林道からの入口（マイカー進入可否を要確認）、公式情報または2情報源での確認が必要",
    "sources": "OpenStreetMap（© OpenStreetMap contributors, ODbL 1.0）Geofabrik japan-latest.osm.pbf 2026-09-18T20:21:10Z node/1249365167（登山道と道路の接続点）",
    "verifiedAt": ""
   }
  },
  {
   "type": "Feature",
   "geometry": {
    "type": "Point",
    "coordinates": [
     139.6611931,
     37.94832
    ]
   },
   "properties": {
    "id": "TH-n1249421618",
    "kind": "trailhead",
    "name": "（名称未確認）",
    "datum": "WGS84",
    "mountainIds": "174",
    "mountainNames": "杁差岳",
    "lists": "日本二百名山|日本三百名山|甲信越百名山",
    "routes": "",
    "entryType": "一般道との接続",
    "trailKmToSummit": "杁差岳:10.14km",
    "related": "",
    "attributes": "",
    "status": "candidate",
    "accuracyM": 30,
    "needsReview": "名称未確認、公式情報または2情報源での確認が必要",
    "sources": "OpenStreetMap（© OpenStreetMap contributors, ODbL 1.0）Geofabrik japan-latest.osm.pbf 2026-09-18T20:21:10Z node/1249421618（登山道と道路の接続点）",
    "verifiedAt": ""
   }
  },
  {
   "type": "Feature",
   "geometry": {
    "type": "Point",
    "coordinates": [
     137.799893,
     36.811258
    ]
   },
   "properties": {
    "id": "TH-n1249472684",
    "kind": "trailhead",
    "name": "蓮華温泉（朝日岳・雪倉岳・白馬岳方面の登山口）",
    "datum": "WGS84",
    "mountainIds": "235 244 248 253",
    "mountainNames": "朝日岳、雪倉岳、白馬岳、鑓ヶ岳",
    "lists": "日本三百名山|甲信越百名山|日本二百名山|日本百名山",
    "routes": "",
    "entryType": "一般道との接続",
    "trailKmToSummit": "朝日岳:10.28km 雪倉岳:10.69km 白馬岳:9.63km 鑓ヶ岳:13.32km",
    "related": "PK-w645318855(31m)",
    "attributes": "",
    "status": "adopted",
    "accuracyM": 15,
    "needsReview": "蓮華温泉は朝日岳・雪倉岳方面の登山口、国土地理院の地名「蓮華温泉」とOSMの登山道の接続点の位置が一致（独立した2情報源）、冬期は道路が閉鎖される。入山前に糸魚川市・新潟県の道路情報を確認すること",
    "sources": "OpenStreetMap（© OpenStreetMap contributors, ODbL 1.0）Geofabrik japan-latest.osm.pbf 2026-09-18T20:21:10Z node/1249472684（登山道と道路の接続点） ｜ 国土地理院 地名検索「蓮華温泉」（36.810227, 137.798787、JGD2011、151m差）2026-09-20確認",
    "verifiedAt": "2026-09-20"
   }
  },
  {
   "type": "Feature",
   "geometry": {
    "type": "Point",
    "coordinates": [
     137.7646014,
     36.9822635
    ]
   },
   "properties": {
    "id": "TH-n1249486804",
    "kind": "trailhead",
    "name": "（名称未確認）",
    "datum": "WGS84",
    "mountainIds": "216",
    "mountainNames": "青海黒姫山",
    "lists": "日本三百名山",
    "routes": "",
    "entryType": "道路の終点付近",
    "trailKmToSummit": "青海黒姫山:4.01km",
    "related": "",
    "attributes": "",
    "status": "candidate",
    "accuracyM": 30,
    "needsReview": "名称未確認、林道からの入口（マイカー進入可否を要確認）、公式情報または2情報源での確認が必要",
    "sources": "OpenStreetMap（© OpenStreetMap contributors, ODbL 1.0）Geofabrik japan-latest.osm.pbf 2026-09-18T20:21:10Z node/1249486804（登山道と道路の接続点）",
    "verifiedAt": ""
   }
  },
  {
   "type": "Feature",
   "geometry": {
    "type": "Point",
    "coordinates": [
     137.7620812,
     36.8987523
    ]
   },
   "properties": {
    "id": "TH-n1249491985",
    "kind": "trailhead",
    "name": "（名称未確認）",
    "datum": "WGS84",
    "mountainIds": "235",
    "mountainNames": "朝日岳",
    "lists": "日本三百名山|甲信越百名山",
    "routes": "",
    "entryType": "林道との接続",
    "trailKmToSummit": "朝日岳:10.87km",
    "related": "",
    "attributes": "",
    "status": "candidate",
    "accuracyM": 30,
    "needsReview": "名称未確認、林道からの入口（マイカー進入可否を要確認）、公式情報または2情報源での確認が必要",
    "sources": "OpenStreetMap（© OpenStreetMap contributors, ODbL 1.0）Geofabrik japan-latest.osm.pbf 2026-09-18T20:21:10Z node/1249491985（登山道と道路の接続点）",
    "verifiedAt": ""
   }
  },
  {
   "type": "Feature",
   "geometry": {
    "type": "Point",
    "coordinates": [
     137.7673384,
     36.9865625
    ]
   },
   "properties": {
    "id": "TH-n1249518859",
    "kind": "trailhead",
    "name": "清水倉（青海黒姫山登山口）",
    "datum": "WGS84",
    "mountainIds": "216",
    "mountainNames": "青海黒姫山",
    "lists": "日本三百名山",
    "routes": "",
    "entryType": "一般道との接続",
    "trailKmToSummit": "青海黒姫山:3.55km",
    "related": "",
    "attributes": "",
    "status": "adopted",
    "accuracyM": 15,
    "needsReview": "清水倉は青海黒姫山の登山口にあたる、国土地理院の地名との差が279mあり、登山口そのものの位置は目視未確認",
    "sources": "OpenStreetMap（© OpenStreetMap contributors, ODbL 1.0）Geofabrik japan-latest.osm.pbf 2026-09-18T20:21:10Z node/1249518859（登山道と道路の接続点） ｜ 国土地理院 地名検索「清水倉」（36.988903, 137.766161、JGD2011、279m差）2026-09-20確認",
    "verifiedAt": "2026-09-20"
   }
  },
  {
   "type": "Feature",
   "geometry": {
    "type": "Point",
    "coordinates": [
     138.768728,
     35.5460464
    ]
   },
   "properties": {
    "id": "TH-n1252489717",
    "kind": "trailhead",
    "name": "（名称未確認）三ツ峠入口バス停付近",
    "datum": "WGS84",
    "mountainIds": "434 437",
    "mountainNames": "黒岳、三ッ峠山",
    "lists": "日本三百名山|甲信越百名山|日本二百名山",
    "routes": "",
    "entryType": "一般道（県道以上）との接続",
    "trailKmToSummit": "黒岳:2.8km 三ッ峠山:9.81km",
    "related": "BS-kP11-22-19-bs2439(70m)",
    "attributes": "",
    "status": "provisional",
    "accuracyM": 30,
    "needsReview": "名称未確認、公式情報または2情報源での確認が必要",
    "sources": "OpenStreetMap（© OpenStreetMap contributors, ODbL 1.0）Geofabrik japan-latest.osm.pbf 2026-09-18T20:21:10Z node/1252489717（登山道と道路の接続点）",
    "verifiedAt": ""
   }
  },
  {
   "type": "Feature",
   "geometry": {
    "type": "Point",
    "coordinates": [
     138.7836783,
     35.5565732
    ]
   },
   "properties": {
    "id": "TH-n1252490120",
    "kind": "trailhead",
    "name": "（名称未確認）天下茶屋バス停付近",
    "datum": "WGS84",
    "mountainIds": "434 437",
    "mountainNames": "黒岳、三ッ峠山",
    "lists": "日本三百名山|甲信越百名山|日本二百名山",
    "routes": "",
    "entryType": "一般道（県道以上）との接続",
    "trailKmToSummit": "黒岳:4.0km 三ッ峠山:6.23km",
    "related": "PK-w1217644711(7m) BS-kP11-22-19-bs2383(1m) BS-kP11-22-19-bs2386(755m)",
    "attributes": "",
    "status": "provisional",
    "accuracyM": 30,
    "needsReview": "名称未確認、近くの道路にゲートあり（車両通行止め・季節閉鎖の可能性）、公式情報または2情報源での確認が必要",
    "sources": "OpenStreetMap（© OpenStreetMap contributors, ODbL 1.0）Geofabrik japan-latest.osm.pbf 2026-09-18T20:21:10Z node/1252490120（登山道と道路の接続点）",
    "verifiedAt": ""
   }
  },
  {
   "type": "Feature",
   "geometry": {
    "type": "Point",
    "coordinates": [
     138.7961049,
     35.5562588
    ]
   },
   "properties": {
    "id": "TH-n1252496763",
    "kind": "trailhead",
    "name": "（名称未確認）三ッ峠登山口バス停付近",
    "datum": "WGS84",
    "mountainIds": "434 437",
    "mountainNames": "黒岳、三ッ峠山",
    "lists": "日本三百名山|甲信越百名山|日本二百名山",
    "routes": "",
    "entryType": "道路の終点付近",
    "trailKmToSummit": "黒岳:12.02km 三ッ峠山:2.75km",
    "related": "PK-n8997244594(58m) BS-kP11-22-19-bs2386(372m)",
    "attributes": "",
    "status": "provisional",
    "accuracyM": 30,
    "needsReview": "名称未確認、近くの道路にゲートあり（車両通行止め・季節閉鎖の可能性）、林道からの入口（マイカー進入可否を要確認）、公式情報または2情報源での確認が必要",
    "sources": "OpenStreetMap（© OpenStreetMap contributors, ODbL 1.0）Geofabrik japan-latest.osm.pbf 2026-09-18T20:21:10Z node/1252496763（登山道と道路の接続点）",
    "verifiedAt": ""
   }
  },
  {
   "type": "Feature",
   "geometry": {
    "type": "Point",
    "coordinates": [
     138.9352257,
     36.9547608
    ]
   },
   "properties": {
    "id": "TH-n1275883841",
    "kind": "trailhead",
    "name": "桜坂駐車場（巻機山 井戸尾根コース登山口）",
    "datum": "WGS84",
    "mountainIds": "215",
    "mountainNames": "巻機山",
    "lists": "日本百名山|日本二百名山|日本三百名山|甲信越百名山",
    "routes": "",
    "entryType": "一般道との接続",
    "trailKmToSummit": "巻機山:5.06km",
    "related": "PK-n1275883859(26m)",
    "attributes": "parking=桜坂駐車場 100台・普通車500円・大型車1,000円（料金後払い）（南魚沼市観光協会）",
    "status": "adopted",
    "accuracyM": 15,
    "needsReview": "桜坂駐車場を起点とする井戸尾根コースで山頂まで4時間30分（新潟県観光協会）、関越自動車道塩沢石打ICから車で約25分（新潟県観光協会）、南魚沼市観光協会が案内する桜坂駐車場と、OSMの駐車場地物（26m）・登山道と道路の接続点の位置が一致（独立した2情報源）、六日町駅からの路線バスは2026年3月末で運行を終了した（南魚沼市観光協会）",
    "sources": "OpenStreetMap（© OpenStreetMap contributors, ODbL 1.0）Geofabrik japan-latest.osm.pbf 2026-09-18T20:21:10Z node/1275883841（登山道と道路の接続点） ｜ 公式情報: https://m-uonuma.jp/trekking/makihata/ ｜ 公式情報: https://niigata-kankou.or.jp/spot/9737 ｜ 公式情報: https://niigata-kankou.or.jp/spot/6110",
    "verifiedAt": "2026-09-20"
   }
  },
  {
   "type": "Feature",
   "geometry": {
    "type": "Point",
    "coordinates": [
     138.3047379,
     35.4065129
    ]
   },
   "properties": {
    "id": "TH-n1280877849",
    "kind": "trailhead",
    "name": "（名称未確認）",
    "datum": "WGS84",
    "mountainIds": "473",
    "mountainNames": "笊ヶ岳",
    "lists": "日本二百名山|日本三百名山",
    "routes": "",
    "entryType": "一般道との接続",
    "trailKmToSummit": "笊ヶ岳:7.82km",
    "related": "",
    "attributes": "",
    "status": "candidate",
    "accuracyM": 30,
    "needsReview": "名称未確認、公式情報または2情報源での確認が必要",
    "sources": "OpenStreetMap（© OpenStreetMap contributors, ODbL 1.0）Geofabrik japan-latest.osm.pbf 2026-09-18T20:21:10Z node/1280877849（登山道と道路の接続点）",
    "verifiedAt": ""
   }
  },
  {
   "type": "Feature",
   "geometry": {
    "type": "Point",
    "coordinates": [
     138.3288,
     35.4420829
    ]
   },
   "properties": {
    "id": "TH-n1280882698",
    "kind": "trailhead",
    "name": "（名称未確認）白石バス停付近",
    "datum": "WGS84",
    "mountainIds": "473",
    "mountainNames": "笊ヶ岳",
    "lists": "日本二百名山|日本三百名山",
    "routes": "",
    "entryType": "一般道との接続",
    "trailKmToSummit": "笊ヶ岳:8.88km",
    "related": "BS-kP11-22-19-bs3068(884m) BS-kP11-22-19-bs3075(935m)",
    "attributes": "",
    "status": "provisional",
    "accuracyM": 30,
    "needsReview": "名称未確認、公式情報または2情報源での確認が必要",
    "sources": "OpenStreetMap（© OpenStreetMap contributors, ODbL 1.0）Geofabrik japan-latest.osm.pbf 2026-09-18T20:21:10Z node/1280882698（登山道と道路の接続点）",
    "verifiedAt": ""
   }
  },
  {
   "type": "Feature",
   "geometry": {
    "type": "Point",
    "coordinates": [
     138.3675352,
     35.4076844
    ]
   },
   "properties": {
    "id": "TH-n1280892728",
    "kind": "trailhead",
    "name": "七面山登山口（角瀬）",
    "datum": "WGS84",
    "mountainIds": "491",
    "mountainNames": "七面山",
    "lists": "日本二百名山|日本三百名山|甲信越百名山",
    "routes": "",
    "entryType": "一般道との接続",
    "trailKmToSummit": "七面山:7.06km",
    "related": "BS-kP11-22-19-bs3141(152m) BS-kP11-22-19-bs3132(652m) BS-kP11-22-19-bs3136(924m)",
    "attributes": "",
    "status": "adopted",
    "accuracyM": 15,
    "needsReview": "近くの道路にゲートあり（車両通行止め・季節閉鎖の可能性）、角瀬は七面山の登山口にあたる、国土地理院の地名「角瀬」とOSMの登山道の接続点の位置が一致（独立した2情報源）",
    "sources": "OpenStreetMap（© OpenStreetMap contributors, ODbL 1.0）Geofabrik japan-latest.osm.pbf 2026-09-18T20:21:10Z node/1280892728（登山道と道路の接続点） ｜ 国土地理院 地名検索「角瀬」（35.408664, 138.367611、JGD2011、108m差）2026-09-20確認",
    "verifiedAt": "2026-09-20"
   }
  },
  {
   "type": "Feature",
   "geometry": {
    "type": "Point",
    "coordinates": [
     138.380703,
     35.3846429
    ]
   },
   "properties": {
    "id": "TH-n1280895239",
    "kind": "trailhead",
    "name": "（名称未確認）",
    "datum": "WGS84",
    "mountainIds": "491",
    "mountainNames": "七面山",
    "lists": "日本二百名山|日本三百名山|甲信越百名山",
    "routes": "",
    "entryType": "一般道との接続",
    "trailKmToSummit": "七面山:5.16km",
    "related": "PK-n9052621626(185m) PK-n9052621625(240m)",
    "attributes": "",
    "status": "provisional",
    "accuracyM": 30,
    "needsReview": "名称未確認、公式情報または2情報源での確認が必要",
    "sources": "OpenStreetMap（© OpenStreetMap contributors, ODbL 1.0）Geofabrik japan-latest.osm.pbf 2026-09-18T20:21:10Z node/1280895239（登山道と道路の接続点）",
    "verifiedAt": ""
   }
  },
  {
   "type": "Feature",
   "geometry": {
    "type": "Point",
    "coordinates": [
     137.865398,
     35.271943
    ]
   },
   "properties": {
    "id": "TH-n1280899243",
    "kind": "trailhead",
    "name": "熊伏山天龍村登山道",
    "datum": "WGS84",
    "mountainIds": "523",
    "mountainNames": "熊伏山",
    "lists": "日本三百名山",
    "routes": "OSM登山道「天龍村熊伏山登山道」",
    "entryType": "登山口（OSMの登山口地物）",
    "trailKmToSummit": "熊伏山:4.36km",
    "related": "",
    "attributes": "",
    "status": "adopted",
    "accuracyM": 15,
    "needsReview": "採用の根拠: OSMの登山口名と、地理院地図の徒歩道が道路から始まる位置の一致（公式情報では未確認）",
    "sources": "OpenStreetMap（© OpenStreetMap contributors, ODbL 1.0）Geofabrik japan-latest.osm.pbf 2026-09-18T20:21:10Z node/1280899243 ｜ 国土地理院ベクトルタイル提供実験 地理院地図の徒歩道の起点（35.271943, 137.865398、JGD2011、0m差）2026-09-21確認",
    "verifiedAt": ""
   }
  },
  {
   "type": "Feature",
   "geometry": {
    "type": "Point",
    "coordinates": [
     137.641206,
     35.4591998
    ]
   },
   "properties": {
    "id": "TH-n1280923462",
    "kind": "trailhead",
    "name": "（名称未確認）",
    "datum": "WGS84",
    "mountainIds": "455",
    "mountainNames": "富士見台高原",
    "lists": "東海の百山",
    "routes": "OSM登山道「古代東山道（ブナコース）」",
    "entryType": "一般道との接続",
    "trailKmToSummit": "富士見台高原:5.06km",
    "related": "BS-n2386418373(832m)",
    "attributes": "OSM登山ルート: 古代東山道",
    "status": "provisional",
    "accuracyM": 30,
    "needsReview": "名称未確認、近くの道路にゲートあり（車両通行止め・季節閉鎖の可能性）、公式情報または2情報源での確認が必要",
    "sources": "OpenStreetMap（© OpenStreetMap contributors, ODbL 1.0）Geofabrik japan-latest.osm.pbf 2026-09-18T20:21:10Z node/1280923462（登山道と道路の接続点）",
    "verifiedAt": ""
   }
  },
  {
   "type": "Feature",
   "geometry": {
    "type": "Point",
    "coordinates": [
     137.6305166,
     35.4658011
    ]
   },
   "properties": {
    "id": "TH-n1280926336",
    "kind": "trailhead",
    "name": "（名称未確認）",
    "datum": "WGS84",
    "mountainIds": "463",
    "mountainNames": "恵那山",
    "lists": "日本百名山|日本二百名山|日本三百名山|東海の百山",
    "routes": "",
    "entryType": "一般道との接続",
    "trailKmToSummit": "恵那山:5.9km",
    "related": "",
    "attributes": "",
    "status": "candidate",
    "accuracyM": 30,
    "needsReview": "名称未確認、近くの道路にゲートあり（車両通行止め・季節閉鎖の可能性）、公式情報または2情報源での確認が必要",
    "sources": "OpenStreetMap（© OpenStreetMap contributors, ODbL 1.0）Geofabrik japan-latest.osm.pbf 2026-09-18T20:21:10Z node/1280926336（登山道と道路の接続点）",
    "verifiedAt": ""
   }
  },
  {
   "type": "Feature",
   "geometry": {
    "type": "Point",
    "coordinates": [
     137.6224769,
     35.4541466
    ]
   },
   "properties": {
    "id": "TH-n1280927489",
    "kind": "trailhead",
    "name": "広河原登山口",
    "datum": "WGS84",
    "mountainIds": "463",
    "mountainNames": "恵那山",
    "lists": "日本百名山|日本二百名山|日本三百名山|東海の百山",
    "routes": "OSM登山道「広河原ルート」、広河原コース",
    "entryType": "登山口（OSMの登山口地物）",
    "trailKmToSummit": "恵那山:3.93km",
    "related": "BS-n2386418373(978m)",
    "attributes": "",
    "status": "adopted",
    "accuracyM": 15,
    "needsReview": "近くの道路にゲートあり（車両通行止め・季節閉鎖の可能性）、採用の根拠: OSMの登山口名と、地理院地図の徒歩道が道路から始まる位置の一致（公式情報では未確認）",
    "sources": "OpenStreetMap（© OpenStreetMap contributors, ODbL 1.0）Geofabrik japan-latest.osm.pbf 2026-09-18T20:21:10Z node/1280927489 ｜ 国土地理院ベクトルタイル提供実験 地理院地図の徒歩道の起点（35.454283, 137.622435、JGD2011、16m差）2026-09-21確認",
    "verifiedAt": ""
   }
  },
  {
   "type": "Feature",
   "geometry": {
    "type": "Point",
    "coordinates": [
     137.690513,
     36.2657169
    ]
   },
   "properties": {
    "id": "TH-n1281064799",
    "kind": "trailhead",
    "name": "徳沢（蝶ヶ岳登山口）",
    "datum": "WGS84",
    "mountainIds": "305 308 309 317 318",
    "mountainNames": "大天井岳、槍ヶ岳、常念岳、奥穂高岳、蝶ヶ岳",
    "lists": "日本二百名山|日本三百名山|甲信越百名山|東海の百山|日本百名山",
    "routes": "OSM登山道「奥上高地自然探勝路」",
    "entryType": "施設（山小屋・宿・キャンプ場）からの入口",
    "trailKmToSummit": "大天井岳:15.82km 槍ヶ岳:12.62km 常念岳:9.84km 奥穂高岳:11.04km 蝶ヶ岳:4.93km",
    "related": "",
    "attributes": "",
    "status": "adopted",
    "accuracyM": 15,
    "needsReview": "長野県の山のグレーディング（2026年）に「徳沢登山口」（松本市、蝶ヶ岳）が載っている（長野県）、長野県登山安全条例により、指定登山道では登山計画書の提出が必要（長野県）",
    "sources": "OpenStreetMap（© OpenStreetMap contributors, ODbL 1.0）Geofabrik japan-latest.osm.pbf 2026-09-18T20:21:10Z node/1281064799 ｜ 国土地理院 地名検索「徳沢園」（36.265813, 137.691010、JGD2011、46m差）2026-09-13確認 ｜ 公式情報: https://www.pref.nagano.lg.jp/kankoki/sangyo/kanko/documents/gradingmap26-a.pdf ｜ 公式情報: https://www.pref.nagano.lg.jp/kankoki/tozanjorei/tozanjorei.html",
    "verifiedAt": "2026-09-20"
   }
  },
  {
   "type": "Feature",
   "geometry": {
    "type": "Point",
    "coordinates": [
     137.6900212,
     36.2652752
    ]
   },
   "properties": {
    "id": "TH-n1281064873",
    "kind": "trailhead",
    "name": "徳沢キャンプ場",
    "datum": "WGS84",
    "mountainIds": "319 327",
    "mountainNames": "西穂独標、霞沢岳",
    "lists": "東海の百山|日本二百名山|日本三百名山|甲信越百名山",
    "routes": "OSM登山道「奥上高地自然探勝路」",
    "entryType": "施設（山小屋・宿・キャンプ場）からの入口",
    "trailKmToSummit": "西穂独標:12.11km 霞沢岳:10.4km",
    "related": "",
    "attributes": "",
    "status": "provisional",
    "accuracyM": 15,
    "needsReview": "公式情報または2情報源での確認が必要",
    "sources": "OpenStreetMap（© OpenStreetMap contributors, ODbL 1.0）Geofabrik japan-latest.osm.pbf 2026-09-18T20:21:10Z node/1281064873 ｜ 国土地理院 地名検索「徳沢園」（36.265813, 137.691010、JGD2011、107m差）2026-09-13確認",
    "verifiedAt": "2026-09-13"
   }
  },
  {
   "type": "Feature",
   "geometry": {
    "type": "Point",
    "coordinates": [
     137.6984426,
     36.2930213
    ]
   },
   "properties": {
    "id": "TH-n1281064891",
    "kind": "trailhead",
    "name": "横尾（槍ヶ岳・奥穂高岳・蝶ヶ岳登山口）",
    "datum": "WGS84",
    "mountainIds": "305 308 309 317 318 319 327",
    "mountainNames": "大天井岳、槍ヶ岳、常念岳、奥穂高岳、蝶ヶ岳、西穂独標、霞沢岳",
    "lists": "日本二百名山|日本三百名山|甲信越百名山|東海の百山|日本百名山",
    "routes": "OSM登山道「奥上高地自然探勝路」",
    "entryType": "施設（山小屋・宿・キャンプ場）からの入口",
    "trailKmToSummit": "大天井岳:12.41km 槍ヶ岳:9.21km 常念岳:6.43km 奥穂高岳:7.58km 蝶ヶ岳:3.79km 西穂独標:10.54km 霞沢岳:14.0km",
    "related": "",
    "attributes": "",
    "status": "adopted",
    "accuracyM": 15,
    "needsReview": "長野県の山のグレーディング（2026年）に「横尾登山口」（松本市、槍ヶ岳・奥穂高岳・蝶ヶ岳）が載っている（長野県）、長野県登山安全条例により、指定登山道では登山計画書の提出が必要（長野県）",
    "sources": "OpenStreetMap（© OpenStreetMap contributors, ODbL 1.0）Geofabrik japan-latest.osm.pbf 2026-09-18T20:21:10Z node/1281064891 ｜ 公式情報: https://www.pref.nagano.lg.jp/kankoki/sangyo/kanko/documents/gradingmap26-a.pdf ｜ 公式情報: https://www.pref.nagano.lg.jp/kankoki/tozanjorei/tozanjorei.html",
    "verifiedAt": "2026-09-20"
   }
  },
  {
   "type": "Feature",
   "geometry": {
    "type": "Point",
    "coordinates": [
     138.61668,
     35.890542
    ]
   },
   "properties": {
    "id": "TH-n1282487931",
    "kind": "trailhead",
    "name": "（名称未確認）",
    "datum": "WGS84",
    "mountainIds": "369 373",
    "mountainNames": "瑞牆山、金峰山",
    "lists": "日本百名山|日本二百名山|日本三百名山|甲信越百名山",
    "routes": "",
    "entryType": "林道との接続",
    "trailKmToSummit": "瑞牆山:3.86km 金峰山:2.52km",
    "related": "",
    "attributes": "OSM登山ルート: Mt. Kinpu",
    "status": "candidate",
    "accuracyM": 30,
    "needsReview": "名称未確認、林道からの入口（マイカー進入可否を要確認）、公式情報または2情報源での確認が必要",
    "sources": "OpenStreetMap（© OpenStreetMap contributors, ODbL 1.0）Geofabrik japan-latest.osm.pbf 2026-09-18T20:21:10Z node/1282487931（登山道と道路の接続点）",
    "verifiedAt": ""
   }
  },
  {
   "type": "Feature",
   "geometry": {
    "type": "Point",
    "coordinates": [
     138.7118297,
     35.9770093
    ]
   },
   "properties": {
    "id": "TH-n1282488629",
    "kind": "trailhead",
    "name": "三国峠",
    "datum": "WGS84",
    "mountainIds": "365",
    "mountainNames": "甲武信ヶ岳",
    "lists": "日本百名山|日本二百名山|日本三百名山|関東百名山|甲信越百名山",
    "routes": "",
    "entryType": "峠（道路との接続）",
    "trailKmToSummit": "甲武信ヶ岳:9.75km",
    "related": "",
    "attributes": "",
    "status": "adopted",
    "accuracyM": 30,
    "needsReview": "登山道が道路を横断する地点（途中の入口の可能性）、近くの道路にゲートあり（車両通行止め・季節閉鎖の可能性）",
    "sources": "OpenStreetMap（© OpenStreetMap contributors, ODbL 1.0）Geofabrik japan-latest.osm.pbf 2026-09-18T20:21:10Z node/1282488629（登山道と道路の接続点） ｜ 国土地理院 地名検索「三国峠」（35.979481, 138.712119、JGD2011、275m差）2026-09-20確認",
    "verifiedAt": "2026-09-20"
   }
  },
  {
   "type": "Feature",
   "geometry": {
    "type": "Point",
    "coordinates": [
     138.7172004,
     35.94372
    ]
   },
   "properties": {
    "id": "TH-n1282500225",
    "kind": "trailhead",
    "name": "（名称未確認）",
    "datum": "WGS84",
    "mountainIds": "365",
    "mountainNames": "甲武信ヶ岳",
    "lists": "日本百名山|日本二百名山|日本三百名山|関東百名山|甲信越百名山",
    "routes": "OSM登山道「千曲川源流遊歩道」",
    "entryType": "林道との接続",
    "trailKmToSummit": "甲武信ヶ岳:6.13km",
    "related": "",
    "attributes": "",
    "status": "candidate",
    "accuracyM": 30,
    "needsReview": "名称未確認、近くの道路にゲートあり（車両通行止め・季節閉鎖の可能性）、林道からの入口（マイカー進入可否を要確認）、公式情報または2情報源での確認が必要",
    "sources": "OpenStreetMap（© OpenStreetMap contributors, ODbL 1.0）Geofabrik japan-latest.osm.pbf 2026-09-18T20:21:10Z node/1282500225（登山道と道路の接続点）",
    "verifiedAt": ""
   }
  },
  {
   "type": "Feature",
   "geometry": {
    "type": "Point",
    "coordinates": [
     137.4451117,
     35.9260431
    ]
   },
   "properties": {
    "id": "TH-n1294199557",
    "kind": "trailhead",
    "name": "（名称未確認）濁河温泉;市営露天風呂（Ｐ無）付近",
    "datum": "WGS84",
    "mountainIds": "370",
    "mountainNames": "御嶽山",
    "lists": "日本百名山|日本二百名山|日本三百名山|甲信越百名山|東海の百山",
    "routes": "",
    "entryType": "一般道（県道以上）との接続",
    "trailKmToSummit": "御嶽山:8.54km",
    "related": "PK-n6717809150(372m)",
    "attributes": "",
    "status": "provisional",
    "accuracyM": 30,
    "needsReview": "名称未確認、公式情報または2情報源での確認が必要",
    "sources": "OpenStreetMap（© OpenStreetMap contributors, ODbL 1.0）Geofabrik japan-latest.osm.pbf 2026-09-18T20:21:10Z node/1294199557（登山道と道路の接続点）",
    "verifiedAt": ""
   }
  },
  {
   "type": "Feature",
   "geometry": {
    "type": "Point",
    "coordinates": [
     137.4505807,
     35.9233517
    ]
   },
   "properties": {
    "id": "TH-n1294549742",
    "kind": "trailhead",
    "name": "濁河温泉登山口（御嶽山）",
    "datum": "WGS84",
    "mountainIds": "370",
    "mountainNames": "御嶽山",
    "lists": "日本百名山|日本二百名山|日本三百名山|甲信越百名山|東海の百山",
    "routes": "濁河温泉（小坂口）コース",
    "entryType": "一般道（県道以上）との接続",
    "trailKmToSummit": "御嶽山:6.1km",
    "related": "PK-n6717809150(277m)",
    "attributes": "restriction=噴火警戒レベル1（2025年5月20日にレベル2から引き下げ）",
    "status": "adopted",
    "accuracyM": 15,
    "needsReview": "御嶽山の噴火警戒レベルは1。木曽町・王滝村・下呂市の入山規制は解除されている（気象庁）、剣ヶ峰南西の地獄谷付近では突発的な噴出に注意が必要。自治体の規制に従い、ヘルメットの携行が推奨されている（気象庁）",
    "sources": "OpenStreetMap（© OpenStreetMap contributors, ODbL 1.0）Geofabrik japan-latest.osm.pbf 2026-09-18T20:21:10Z node/1294549742（登山道と道路の接続点） ｜ 公式情報: https://www.data.jma.go.jp/vois/data/report/activity_info/312.html ｜ 公式情報: https://www.jma.go.jp/jma/press/2505/20a/20250520_ontakesan.html",
    "verifiedAt": "2026-09-20"
   }
  },
  {
   "type": "Feature",
   "geometry": {
    "type": "Point",
    "coordinates": [
     137.9545724,
     36.9208136
    ]
   },
   "properties": {
    "id": "TH-n12989301507",
    "kind": "trailhead",
    "name": "雨飾山荘",
    "datum": "WGS84",
    "mountainIds": "222 223 225",
    "mountainNames": "火打山、焼山、雨飾山",
    "lists": "日本百名山|日本二百名山|日本三百名山|甲信越百名山",
    "routes": "雨飾温泉（薬師尾根）コース",
    "entryType": "施設（山小屋・宿・キャンプ場）からの入口",
    "trailKmToSummit": "火打山:14.9km 焼山:11.51km 雨飾山:2.82km",
    "related": "",
    "attributes": "",
    "status": "provisional",
    "accuracyM": 15,
    "needsReview": "公式情報または2情報源での確認が必要",
    "sources": "OpenStreetMap（© OpenStreetMap contributors, ODbL 1.0）Geofabrik japan-latest.osm.pbf 2026-09-18T20:21:10Z node/12989301507",
    "verifiedAt": ""
   }
  },
  {
   "type": "Feature",
   "geometry": {
    "type": "Point",
    "coordinates": [
     137.6295912,
     35.4720406
    ]
   },
   "properties": {
    "id": "TH-n1301159600",
    "kind": "trailhead",
    "name": "神坂峠遺跡",
    "datum": "WGS84",
    "mountainIds": "455",
    "mountainNames": "富士見台高原",
    "lists": "東海の百山",
    "routes": "OSM登山道「古代東山道」",
    "entryType": "峠（道路との接続）",
    "trailKmToSummit": "富士見台高原:1.78km",
    "related": "PK-w1301889405(73m) PK-w1301889406(180m) PK-w1043333026(254m)",
    "attributes": "OSM登山ルート: 古代東山道",
    "status": "adopted",
    "accuracyM": 30,
    "needsReview": "登山道が道路を横断する地点（途中の入口の可能性）、近くの道路にゲートあり（車両通行止め・季節閉鎖の可能性）",
    "sources": "OpenStreetMap（© OpenStreetMap contributors, ODbL 1.0）Geofabrik japan-latest.osm.pbf 2026-09-18T20:21:10Z node/1301159600（登山道と道路の接続点） ｜ 国土地理院 地名検索「神坂峠遺跡」（35.471821, 137.631192、JGD2011、147m差）2026-09-13確認",
    "verifiedAt": "2026-09-13"
   }
  },
  {
   "type": "Feature",
   "geometry": {
    "type": "Point",
    "coordinates": [
     138.9228867,
     35.4375154
    ]
   },
   "properties": {
    "id": "TH-n13479733854",
    "kind": "trailhead",
    "name": "ふじさんろっじ山中湖",
    "datum": "WGS84",
    "mountainIds": "451",
    "mountainNames": "御正体山",
    "lists": "日本二百名山|日本三百名山|甲信越百名山",
    "routes": "",
    "entryType": "施設（山小屋・宿・キャンプ場）からの入口",
    "trailKmToSummit": "御正体山:7.42km",
    "related": "BS-kP11-22-19-bs3069(428m)",
    "attributes": "",
    "status": "provisional",
    "accuracyM": 15,
    "needsReview": "公式情報または2情報源での確認が必要",
    "sources": "OpenStreetMap（© OpenStreetMap contributors, ODbL 1.0）Geofabrik japan-latest.osm.pbf 2026-09-18T20:21:10Z node/13479733854",
    "verifiedAt": ""
   }
  },
  {
   "type": "Feature",
   "geometry": {
    "type": "Point",
    "coordinates": [
     138.146593,
     36.9019978
    ]
   },
   "properties": {
    "id": "TH-n13605119301",
    "kind": "trailhead",
    "name": "Hanabun Onsen Hotel",
    "datum": "WGS84",
    "mountainIds": "227 222 223",
    "mountainNames": "妙高山、火打山、焼山",
    "lists": "日本百名山|日本二百名山|日本三百名山|甲信越百名山",
    "routes": "燕温泉コース",
    "entryType": "施設（山小屋・宿・キャンプ場）からの入口",
    "trailKmToSummit": "妙高山:4.57km 火打山:10.32km 焼山:13.66km",
    "related": "PK-w1204925842(204m) BS-kP11-22-15-bs8128(117m)",
    "attributes": "",
    "status": "adopted",
    "accuracyM": 15,
    "needsReview": "",
    "sources": "OpenStreetMap（© OpenStreetMap contributors, ODbL 1.0）Geofabrik japan-latest.osm.pbf 2026-09-18T20:21:10Z node/13605119301 ｜ 国土地理院 地名検索「燕温泉」（36.902307, 138.145345、JGD2011、116m差）確認",
    "verifiedAt": ""
   }
  },
  {
   "type": "Feature",
   "geometry": {
    "type": "Point",
    "coordinates": [
     138.3513921,
     35.7236148
    ]
   },
   "properties": {
    "id": "TH-n13691610266",
    "kind": "trailhead",
    "name": "（名称未確認）",
    "datum": "WGS84",
    "mountainIds": "402 406",
    "mountainNames": "アサヨ峰、鳳凰山",
    "lists": "日本三百名山|日本百名山|日本二百名山|甲信越百名山",
    "routes": "",
    "entryType": "一般道との接続",
    "trailKmToSummit": "アサヨ峰:12.97km 鳳凰山:6.62km",
    "related": "PK-w242682981(14m)",
    "attributes": "",
    "status": "provisional",
    "accuracyM": 30,
    "needsReview": "名称未確認、登山道が道路を横断する地点（途中の入口の可能性）、近くの道路にゲートあり（車両通行止め・季節閉鎖の可能性）、公式情報または2情報源での確認が必要",
    "sources": "OpenStreetMap（© OpenStreetMap contributors, ODbL 1.0）Geofabrik japan-latest.osm.pbf 2026-09-18T20:21:10Z node/13691610266（登山道と道路の接続点）",
    "verifiedAt": ""
   }
  },
  {
   "type": "Feature",
   "geometry": {
    "type": "Point",
    "coordinates": [
     137.6451405,
     35.581105
    ]
   },
   "properties": {
    "id": "TH-n1370688338",
    "kind": "trailhead",
    "name": "（名称未確認）",
    "datum": "WGS84",
    "mountainIds": "424",
    "mountainNames": "南木曽岳",
    "lists": "日本三百名山|甲信越百名山|東海の百山",
    "routes": "",
    "entryType": "道路の終点付近",
    "trailKmToSummit": "南木曽岳:1.66km",
    "related": "",
    "attributes": "",
    "status": "candidate",
    "accuracyM": 30,
    "needsReview": "名称未確認、林道からの入口（マイカー進入可否を要確認）、公式情報または2情報源での確認が必要",
    "sources": "OpenStreetMap（© OpenStreetMap contributors, ODbL 1.0）Geofabrik japan-latest.osm.pbf 2026-09-18T20:21:10Z node/1370688338（登山道と道路の接続点）",
    "verifiedAt": ""
   }
  },
  {
   "type": "Feature",
   "geometry": {
    "type": "Point",
    "coordinates": [
     137.6170622,
     35.6094847
    ]
   },
   "properties": {
    "id": "TH-n1370694050",
    "kind": "trailhead",
    "name": "（名称未確認）なぎそこども園バス停付近",
    "datum": "WGS84",
    "mountainIds": "424",
    "mountainNames": "南木曽岳",
    "lists": "日本三百名山|甲信越百名山|東海の百山",
    "routes": "",
    "entryType": "一般道との接続",
    "trailKmToSummit": "南木曽岳:4.79km",
    "related": "BS-kP11-22-20-bs7480(562m) BS-kP11-22-20-bs7484(580m) BS-kP11-22-20-bs7465(774m)",
    "attributes": "",
    "status": "provisional",
    "accuracyM": 30,
    "needsReview": "名称未確認、登山道が道路を横断する地点（途中の入口の可能性）、近くの道路にゲートあり（車両通行止め・季節閉鎖の可能性）、公式情報または2情報源での確認が必要",
    "sources": "OpenStreetMap（© OpenStreetMap contributors, ODbL 1.0）Geofabrik japan-latest.osm.pbf 2026-09-18T20:21:10Z node/1370694050（登山道と道路の接続点）",
    "verifiedAt": ""
   }
  },
  {
   "type": "Feature",
   "geometry": {
    "type": "Point",
    "coordinates": [
     139.1538702,
     37.0222664
    ]
   },
   "properties": {
    "id": "TH-n1383982501",
    "kind": "trailhead",
    "name": "中ノ岐登山口",
    "datum": "WGS84",
    "mountainIds": "214",
    "mountainNames": "平ヶ岳",
    "lists": "日本百名山|日本二百名山|日本三百名山|甲信越百名山",
    "routes": "中ノ岐コース",
    "entryType": "道路の終点付近",
    "trailKmToSummit": "平ヶ岳:3.89km",
    "related": "",
    "attributes": "",
    "status": "candidate",
    "accuracyM": 30,
    "needsReview": "林道からの入口（マイカー進入可否を要確認）、公式情報または2情報源での確認が必要",
    "sources": "OpenStreetMap（© OpenStreetMap contributors, ODbL 1.0）Geofabrik japan-latest.osm.pbf 2026-09-18T20:21:10Z node/1383982501（登山道と道路の接続点）",
    "verifiedAt": ""
   }
  },
  {
   "type": "Feature",
   "geometry": {
    "type": "Point",
    "coordinates": [
     139.247584,
     37.034906
    ]
   },
   "properties": {
    "id": "TH-n1383983940",
    "kind": "trailhead",
    "name": "（名称未確認）平ヶ岳入口バス停付近",
    "datum": "WGS84",
    "mountainIds": "214",
    "mountainNames": "平ヶ岳",
    "lists": "日本百名山|日本二百名山|日本三百名山|甲信越百名山",
    "routes": "",
    "entryType": "林道との接続",
    "trailKmToSummit": "平ヶ岳:9.3km",
    "related": "BS-kP11-22-15-bs7285(526m)",
    "attributes": "",
    "status": "provisional",
    "accuracyM": 30,
    "needsReview": "名称未確認、林道からの入口（マイカー進入可否を要確認）、公式情報または2情報源での確認が必要",
    "sources": "OpenStreetMap（© OpenStreetMap contributors, ODbL 1.0）Geofabrik japan-latest.osm.pbf 2026-09-18T20:21:10Z node/1383983940（登山道と道路の接続点）",
    "verifiedAt": ""
   }
  },
  {
   "type": "Feature",
   "geometry": {
    "type": "Point",
    "coordinates": [
     139.1561725,
     37.1360527
    ]
   },
   "properties": {
    "id": "TH-n1383997509",
    "kind": "trailhead",
    "name": "（名称未確認）白光岩バス停付近",
    "datum": "WGS84",
    "mountainIds": "207",
    "mountainNames": "荒沢岳",
    "lists": "日本二百名山|甲信越百名山",
    "routes": "",
    "entryType": "一般道（県道以上）との接続",
    "trailKmToSummit": "荒沢岳:4.43km",
    "related": "BS-kP11-22-15-bs6202(508m)",
    "attributes": "",
    "status": "provisional",
    "accuracyM": 30,
    "needsReview": "名称未確認、公式情報または2情報源での確認が必要",
    "sources": "OpenStreetMap（© OpenStreetMap contributors, ODbL 1.0）Geofabrik japan-latest.osm.pbf 2026-09-18T20:21:10Z node/1383997509（登山道と道路の接続点）",
    "verifiedAt": ""
   }
  },
  {
   "type": "Feature",
   "geometry": {
    "type": "Point",
    "coordinates": [
     139.1526681,
     37.1366129
    ]
   },
   "properties": {
    "id": "TH-n1383997763",
    "kind": "trailhead",
    "name": "（名称未確認）白光岩バス停付近",
    "datum": "WGS84",
    "mountainIds": "207",
    "mountainNames": "荒沢岳",
    "lists": "日本二百名山|甲信越百名山",
    "routes": "",
    "entryType": "一般道（県道以上）との接続",
    "trailKmToSummit": "荒沢岳:4.42km",
    "related": "BS-kP11-22-15-bs6202(825m)",
    "attributes": "",
    "status": "provisional",
    "accuracyM": 30,
    "needsReview": "名称未確認、公式情報または2情報源での確認が必要",
    "sources": "OpenStreetMap（© OpenStreetMap contributors, ODbL 1.0）Geofabrik japan-latest.osm.pbf 2026-09-18T20:21:10Z node/1383997763（登山道と道路の接続点）",
    "verifiedAt": ""
   }
  },
  {
   "type": "Feature",
   "geometry": {
    "type": "Point",
    "coordinates": [
     139.0899779,
     37.1627453
    ]
   },
   "properties": {
    "id": "TH-n1384031608",
    "kind": "trailhead",
    "name": "駒の湯登山口（越後駒ヶ岳 駒ノ湯コース）",
    "datum": "WGS84",
    "mountainIds": "205 209",
    "mountainNames": "越後駒ヶ岳、中ノ岳",
    "lists": "日本百名山|日本二百名山|日本三百名山|甲信越百名山",
    "routes": "駒の湯コース",
    "entryType": "道路の終点付近",
    "trailKmToSummit": "越後駒ヶ岳:6.28km 中ノ岳:10.7km",
    "related": "PK-n12141521271(9m) PK-n12141521270(55m)",
    "attributes": "parking=駒の湯登山口の駐車場は約5台、トイレなし（魚沼市観光協会）; season=冬季閉鎖や通行止めにより、登山口までの道路が通行できない場合がある（魚沼市観光協会）",
    "status": "adopted",
    "accuracyM": 15,
    "needsReview": "林道からの入口（マイカー進入可否を要確認）、駒ノ湯コースは上り約6時間、下り約5時間。枝折峠コースと小倉山で合流する（魚沼市観光協会）、百草の池〜駒の小屋の間は急斜面が続き、体力の消耗や捻挫で救助を求める人が多い（新潟県警）、明神峠で「銀の道」と交差するので間違えないよう注意（魚沼市観光協会）",
    "sources": "OpenStreetMap（© OpenStreetMap contributors, ODbL 1.0）Geofabrik japan-latest.osm.pbf 2026-09-18T20:21:10Z node/1384031608（登山道と道路の接続点） ｜ 公式情報: https://www.iine-uonuma.jp/activity/climbing/climbing03/echigo-komagatake/ ｜ 公式情報: https://www.pref.niigata.lg.jp/site/kenkei/osirase-anzen-ansin-mizuyamajsetugaijiko-sangaku-natuyama-jouhou-s06etigokoma-s06etigokoma.html",
    "verifiedAt": "2026-09-23"
   }
  },
  {
   "type": "Feature",
   "geometry": {
    "type": "Point",
    "coordinates": [
     139.1330797,
     37.3736631
    ]
   },
   "properties": {
    "id": "TH-n1385080421",
    "kind": "trailhead",
    "name": "（名称未確認）",
    "datum": "WGS84",
    "mountainIds": "190",
    "mountainNames": "守門岳",
    "lists": "日本二百名山|日本三百名山|甲信越百名山",
    "routes": "",
    "entryType": "一般道との接続",
    "trailKmToSummit": "守門岳:3.35km",
    "related": "PK-w943455913(90m)",
    "attributes": "",
    "status": "provisional",
    "accuracyM": 30,
    "needsReview": "名称未確認、公式情報または2情報源での確認が必要",
    "sources": "OpenStreetMap（© OpenStreetMap contributors, ODbL 1.0）Geofabrik japan-latest.osm.pbf 2026-09-18T20:21:10Z node/1385080421（登山道と道路の接続点）",
    "verifiedAt": ""
   }
  },
  {
   "type": "Feature",
   "geometry": {
    "type": "Point",
    "coordinates": [
     139.094357,
     37.384834
    ]
   },
   "properties": {
    "id": "TH-n1385114935",
    "kind": "trailhead",
    "name": "（名称未確認）",
    "datum": "WGS84",
    "mountainIds": "190",
    "mountainNames": "守門岳",
    "lists": "日本二百名山|日本三百名山|甲信越百名山",
    "routes": "",
    "entryType": "一般道との接続",
    "trailKmToSummit": "守門岳:5.05km",
    "related": "",
    "attributes": "",
    "status": "candidate",
    "accuracyM": 30,
    "needsReview": "名称未確認、公式情報または2情報源での確認が必要",
    "sources": "OpenStreetMap（© OpenStreetMap contributors, ODbL 1.0）Geofabrik japan-latest.osm.pbf 2026-09-18T20:21:10Z node/1385114935（登山道と道路の接続点）",
    "verifiedAt": ""
   }
  },
  {
   "type": "Feature",
   "geometry": {
    "type": "Point",
    "coordinates": [
     139.090904,
     37.393558
    ]
   },
   "properties": {
    "id": "TH-n1385131049",
    "kind": "trailhead",
    "name": "（名称未確認）",
    "datum": "WGS84",
    "mountainIds": "190",
    "mountainNames": "守門岳",
    "lists": "日本二百名山|日本三百名山|甲信越百名山",
    "routes": "OSM登山道「二口コース」",
    "entryType": "一般道との接続",
    "trailKmToSummit": "守門岳:4.63km",
    "related": "",
    "attributes": "",
    "status": "candidate",
    "accuracyM": 30,
    "needsReview": "名称未確認、公式情報または2情報源での確認が必要",
    "sources": "OpenStreetMap（© OpenStreetMap contributors, ODbL 1.0）Geofabrik japan-latest.osm.pbf 2026-09-18T20:21:10Z node/1385131049（登山道と道路の接続点）",
    "verifiedAt": ""
   }
  },
  {
   "type": "Feature",
   "geometry": {
    "type": "Point",
    "coordinates": [
     137.5888962,
     36.2780715
    ]
   },
   "properties": {
    "id": "TH-n1385673200",
    "kind": "trailhead",
    "name": "（名称未確認）",
    "datum": "WGS84",
    "mountainIds": "308 324",
    "mountainNames": "槍ヶ岳、焼岳",
    "lists": "日本百名山|日本二百名山|日本三百名山|甲信越百名山|東海の百山",
    "routes": "",
    "entryType": "道路の終点付近",
    "trailKmToSummit": "槍ヶ岳:14.95km 焼岳:9.23km",
    "related": "",
    "attributes": "",
    "status": "candidate",
    "accuracyM": 30,
    "needsReview": "名称未確認、近くの道路にゲートあり（車両通行止め・季節閉鎖の可能性）、林道からの入口（マイカー進入可否を要確認）、公式情報または2情報源での確認が必要",
    "sources": "OpenStreetMap（© OpenStreetMap contributors, ODbL 1.0）Geofabrik japan-latest.osm.pbf 2026-09-18T20:21:10Z node/1385673200（登山道と道路の接続点） ｜ 国土地理院 地名検索「新穂高ロープウェイ」（36.276765, 137.588275、JGD2011、155m差）2026-09-13確認",
    "verifiedAt": "2026-09-13"
   }
  },
  {
   "type": "Feature",
   "geometry": {
    "type": "Point",
    "coordinates": [
     137.5890328,
     36.3065758
    ]
   },
   "properties": {
    "id": "TH-n1385708256",
    "kind": "trailhead",
    "name": "笠新道登山口（新穂高側）",
    "datum": "WGS84",
    "mountainIds": "286 300 303 313",
    "mountainNames": "赤牛岳、三俣蓮華岳、双六岳、笠ヶ岳",
    "lists": "日本二百名山|日本三百名山|甲信越百名山|東海の百山|日本百名山",
    "routes": "OSM登山道「笠新道」",
    "entryType": "登山口（OSMの登山口地物）",
    "trailKmToSummit": "赤牛岳:24.6km 三俣蓮華岳:14.91km 双六岳:13.22km 笠ヶ岳:6.93km",
    "related": "",
    "attributes": "registration=岐阜県山岳遭難防止条例により北アルプス・活火山地区は登山届の提出が義務（違反は5万円以下の過料）",
    "status": "adopted",
    "accuracyM": 15,
    "needsReview": "岐阜県側の登山口から北アルプス（焼岳を含む）に登る場合は登山届の提出が必要（岐阜県）、新穂高センターに登山ポストがある（高山市）",
    "sources": "OpenStreetMap（© OpenStreetMap contributors, ODbL 1.0）Geofabrik japan-latest.osm.pbf 2026-09-18T20:21:10Z node/1385708256 ｜ 国土地理院ベクトルタイル提供実験 地理院地図の徒歩道の起点（36.306464, 137.589048、JGD2011、12m差）2026-09-21確認 ｜ 公式情報: https://www.pref.gifu.lg.jp/page/11975.html ｜ 公式情報: https://www.pref.gifu.lg.jp/page/114962.html",
    "verifiedAt": "2026-09-20"
   }
  },
  {
   "type": "Feature",
   "geometry": {
    "type": "Point",
    "coordinates": [
     137.5972534,
     36.3203553
    ]
   },
   "properties": {
    "id": "TH-n1385714847",
    "kind": "trailhead",
    "name": "（名称未確認）",
    "datum": "WGS84",
    "mountainIds": "297 298 300 303 313",
    "mountainNames": "鷲羽岳、黒部五郎岳、三俣蓮華岳、双六岳、笠ヶ岳",
    "lists": "日本百名山|日本二百名山|日本三百名山|甲信越百名山|東海の百山",
    "routes": "OSM登山道「小池新道」",
    "entryType": "道路の終点付近",
    "trailKmToSummit": "鷲羽岳:12.9km 黒部五郎岳:15.82km 三俣蓮華岳:10.77km 双六岳:9.08km 笠ヶ岳:12.53km",
    "related": "",
    "attributes": "",
    "status": "candidate",
    "accuracyM": 30,
    "needsReview": "名称未確認、林道からの入口（マイカー進入可否を要確認）、公式情報または2情報源での確認が必要",
    "sources": "OpenStreetMap（© OpenStreetMap contributors, ODbL 1.0）Geofabrik japan-latest.osm.pbf 2026-09-18T20:21:10Z node/1385714847（登山道と道路の接続点）",
    "verifiedAt": ""
   }
  },
  {
   "type": "Feature",
   "geometry": {
    "type": "Point",
    "coordinates": [
     137.77778,
     35.826817
    ]
   },
   "properties": {
    "id": "TH-n1389080099",
    "kind": "trailhead",
    "name": "コガラ登山口",
    "datum": "WGS84",
    "mountainIds": "389 391",
    "mountainNames": "木曽駒ヶ岳、宝剣岳",
    "lists": "日本百名山|日本二百名山|日本三百名山|甲信越百名山|東海の百山",
    "routes": "",
    "entryType": "登山口（OSMの登山口地物）",
    "trailKmToSummit": "木曽駒ヶ岳:6.24km 宝剣岳:7.32km",
    "related": "",
    "attributes": "OSM登山ルート: 木曽駒高原",
    "status": "provisional",
    "accuracyM": 15,
    "needsReview": "近くの道路にゲートあり（車両通行止め・季節閉鎖の可能性）、公式情報または2情報源での確認が必要",
    "sources": "OpenStreetMap（© OpenStreetMap contributors, ODbL 1.0）Geofabrik japan-latest.osm.pbf 2026-09-18T20:21:10Z node/1389080099",
    "verifiedAt": ""
   }
  },
  {
   "type": "Feature",
   "geometry": {
    "type": "Point",
    "coordinates": [
     137.7562595,
     35.8309444
    ]
   },
   "properties": {
    "id": "TH-n1389080782",
    "kind": "trailhead",
    "name": "キビオ峠登山口",
    "datum": "WGS84",
    "mountainIds": "389 391",
    "mountainNames": "木曽駒ヶ岳、宝剣岳",
    "lists": "日本百名山|日本二百名山|日本三百名山|甲信越百名山|東海の百山",
    "routes": "",
    "entryType": "登山口（OSMの登山口地物）",
    "trailKmToSummit": "木曽駒ヶ岳:8.57km 宝剣岳:9.64km",
    "related": "",
    "attributes": "",
    "status": "adopted",
    "accuracyM": 15,
    "needsReview": "採用の根拠: OSMの登山口名と、地理院地図の徒歩道が道路から始まる位置の一致（公式情報では未確認）",
    "sources": "OpenStreetMap（© OpenStreetMap contributors, ODbL 1.0）Geofabrik japan-latest.osm.pbf 2026-09-18T20:21:10Z node/1389080782 ｜ 国土地理院ベクトルタイル提供実験 地理院地図の徒歩道の起点（35.830905, 137.756314、JGD2011、7m差）2026-09-21確認",
    "verifiedAt": ""
   }
  },
  {
   "type": "Feature",
   "geometry": {
    "type": "Point",
    "coordinates": [
     137.549879,
     35.8763974
    ]
   },
   "properties": {
    "id": "TH-n1389094650",
    "kind": "trailhead",
    "name": "（名称未確認）田中支店バス停付近",
    "datum": "WGS84",
    "mountainIds": "370",
    "mountainNames": "御嶽山",
    "lists": "日本百名山|日本二百名山|日本三百名山|甲信越百名山|東海の百山",
    "routes": "",
    "entryType": "一般道との接続",
    "trailKmToSummit": "御嶽山:8.51km",
    "related": "PK-w1490426415(79m) BS-kP11-22-20-bs6886(969m)",
    "attributes": "",
    "status": "provisional",
    "accuracyM": 30,
    "needsReview": "名称未確認、公式情報または2情報源での確認が必要",
    "sources": "OpenStreetMap（© OpenStreetMap contributors, ODbL 1.0）Geofabrik japan-latest.osm.pbf 2026-09-18T20:21:10Z node/1389094650（登山道と道路の接続点）",
    "verifiedAt": ""
   }
  },
  {
   "type": "Feature",
   "geometry": {
    "type": "Point",
    "coordinates": [
     137.766627,
     36.076899
    ]
   },
   "properties": {
    "id": "TH-n1389164366",
    "kind": "trailhead",
    "name": "（名称未確認）",
    "datum": "WGS84",
    "mountainIds": "340",
    "mountainNames": "鉢盛山",
    "lists": "日本三百名山|甲信越百名山",
    "routes": "",
    "entryType": "道路の終点付近",
    "trailKmToSummit": "鉢盛山:1.92km",
    "related": "",
    "attributes": "",
    "status": "candidate",
    "accuracyM": 30,
    "needsReview": "名称未確認、林道からの入口（マイカー進入可否を要確認）、公式情報または2情報源での確認が必要",
    "sources": "OpenStreetMap（© OpenStreetMap contributors, ODbL 1.0）Geofabrik japan-latest.osm.pbf 2026-09-18T20:21:10Z node/1389164366（登山道と道路の接続点）",
    "verifiedAt": ""
   }
  },
  {
   "type": "Feature",
   "geometry": {
    "type": "Point",
    "coordinates": [
     138.2915941,
     36.1211538
    ]
   },
   "properties": {
    "id": "TH-n13898147504",
    "kind": "trailhead",
    "name": "（名称未確認）",
    "datum": "WGS84",
    "mountainIds": "337",
    "mountainNames": "蓼科山",
    "lists": "日本百名山|日本二百名山|日本三百名山|甲信越百名山",
    "routes": "",
    "entryType": "一般道（県道以上）との接続",
    "trailKmToSummit": "蓼科山:2.31km",
    "related": "PK-w669962145(12m) PK-w669951878(134m)",
    "attributes": "",
    "status": "provisional",
    "accuracyM": 30,
    "needsReview": "名称未確認、登山道が道路を横断する地点（途中の入口の可能性）、近くの道路にゲートあり（車両通行止め・季節閉鎖の可能性）、公式情報または2情報源での確認が必要",
    "sources": "OpenStreetMap（© OpenStreetMap contributors, ODbL 1.0）Geofabrik japan-latest.osm.pbf 2026-09-18T20:21:10Z node/13898147504（登山道と道路の接続点）",
    "verifiedAt": ""
   }
  },
  {
   "type": "Feature",
   "geometry": {
    "type": "Point",
    "coordinates": [
     138.657823,
     36.8666849
    ]
   },
   "properties": {
    "id": "TH-n1392559715",
    "kind": "trailhead",
    "name": "祓川登山口（苗場山）",
    "datum": "WGS84",
    "mountainIds": "231",
    "mountainNames": "苗場山",
    "lists": "日本百名山|日本二百名山|日本三百名山|甲信越百名山",
    "routes": "OSM登山道「大赤沢新道」",
    "entryType": "一般道との接続",
    "trailKmToSummit": "苗場山:4.22km",
    "related": "",
    "attributes": "parking=神楽スキー場内の町営駐車場（有料）",
    "status": "adopted",
    "accuracyM": 15,
    "needsReview": "苗場山（2,145m）は栄村・津南町・湯沢町の境。主な登山口は湯沢町の祓川と栄村の小赤沢（新潟県・長野県）、祓川ルートは神楽スキー場内の町営駐車場（有料）から。コースタイム約4時間30分で、登山者が一番多いルート（長野県）、山頂部は湿原で木道が整備されている。霧の際は木道から外れないこと（環境省）",
    "sources": "OpenStreetMap（© OpenStreetMap contributors, ODbL 1.0）Geofabrik japan-latest.osm.pbf 2026-09-18T20:21:10Z node/1392559715（登山道と道路の接続点） ｜ 公式情報: https://www.pref.niigata.lg.jp/site/kenkei/osirase-anzen-ansin-mizuyamajsetugaijiko-sangaku-natuyama-jouhou-s10naeba-s10naeba.html ｜ 公式情報: https://www.town.yuzawa.lg.jp/soshikikarasagasu/kikkakusangyoukankoubu/kankyonorinka/9/2/3/1026.html ｜ 公式情報: https://www.pref.nagano.lg.jp/kankoki/sangaku/documents/r6safetybook4.pdf",
    "verifiedAt": "2026-09-20"
   }
  },
  {
   "type": "Feature",
   "geometry": {
    "type": "Point",
    "coordinates": [
     138.6630581,
     36.8544618
    ]
   },
   "properties": {
    "id": "TH-n1392634877",
    "kind": "trailhead",
    "name": "小赤沢三合目（苗場山登山口）",
    "datum": "WGS84",
    "mountainIds": "231 246",
    "mountainNames": "苗場山、佐武流山",
    "lists": "日本百名山|日本二百名山|日本三百名山|甲信越百名山",
    "routes": "小赤沢コース",
    "entryType": "一般道との接続",
    "trailKmToSummit": "苗場山:4.49km 佐武流山:13.75km",
    "related": "PK-w779292646(46m)",
    "attributes": "",
    "status": "adopted",
    "accuracyM": 15,
    "needsReview": "登山道が道路を横断する地点（途中の入口の可能性）、小赤沢コースは六合目から八合五勺にかけて急登がある（長野県）",
    "sources": "OpenStreetMap（© OpenStreetMap contributors, ODbL 1.0）Geofabrik japan-latest.osm.pbf 2026-09-18T20:21:10Z node/1392634877（登山道と道路の接続点） ｜ 公式情報: https://www.pref.niigata.lg.jp/site/kenkei/osirase-anzen-ansin-mizuyamajsetugaijiko-sangaku-natuyama-jouhou-s10naeba-s10naeba.html ｜ 公式情報: https://www.pref.nagano.lg.jp/kankoki/sangaku/documents/r6safetybook4.pdf",
    "verifiedAt": "2026-09-20"
   }
  },
  {
   "type": "Feature",
   "geometry": {
    "type": "Point",
    "coordinates": [
     138.1718388,
     35.9016594
    ]
   },
   "properties": {
    "id": "TH-n13933787263",
    "kind": "trailhead",
    "name": "入笠山登山口（マナスル山荘前）",
    "datum": "WGS84",
    "mountainIds": "367",
    "mountainNames": "入笠山",
    "lists": "日本三百名山|甲信越百名山",
    "routes": "",
    "entryType": "施設（山小屋・宿・キャンプ場）からの入口",
    "trailKmToSummit": "入笠山:0.63km",
    "related": "",
    "attributes": "parking=入笠山登山口の西側約100メートルの登山者用臨時駐車場を利用する。駐車場での幕営・火気は禁止（伊那市）; access=伊那市側は国道152号線から千代田湖キャンプ場を経由してマイカーで入れる（伊那市）",
    "status": "adopted",
    "accuracyM": 15,
    "needsReview": "近くの道路にゲートあり（車両通行止め・季節閉鎖の可能性）、沢入登山口（富士見町側）から入笠山登山口までの区間にはマイカー規制がある（伊那市・富士見町）、冬季は積雪のため通行できない（伊那市）",
    "sources": "OpenStreetMap（© OpenStreetMap contributors, ODbL 1.0）Geofabrik japan-latest.osm.pbf 2026-09-18T20:21:10Z node/13933787263 ｜ 公式情報: https://www.inacity.jp/kankojoho/sangaku_alps/minamialps/hokubu_zenei/irikasayama/nyukasayama.html ｜ 公式情報: https://www.town.fujimi.lg.jp/page/2026mycar.html",
    "verifiedAt": "2026-09-23"
   }
  },
  {
   "type": "Feature",
   "geometry": {
    "type": "Point",
    "coordinates": [
     138.091441,
     35.26832
    ]
   },
   "properties": {
    "id": "TH-n1401706173",
    "kind": "trailhead",
    "name": "（名称未確認）",
    "datum": "WGS84",
    "mountainIds": "501 505",
    "mountainNames": "光岳、池口岳",
    "lists": "日本百名山|日本二百名山|日本三百名山|甲信越百名山",
    "routes": "",
    "entryType": "道路の終点付近",
    "trailKmToSummit": "光岳:9.18km 池口岳:15.69km",
    "related": "",
    "attributes": "",
    "status": "candidate",
    "accuracyM": 30,
    "needsReview": "名称未確認、林道からの入口（マイカー進入可否を要確認）、公式情報または2情報源での確認が必要",
    "sources": "OpenStreetMap（© OpenStreetMap contributors, ODbL 1.0）Geofabrik japan-latest.osm.pbf 2026-09-18T20:21:10Z node/1401706173（登山道と道路の接続点）",
    "verifiedAt": ""
   }
  },
  {
   "type": "Feature",
   "geometry": {
    "type": "Point",
    "coordinates": [
     138.069639,
     35.298877
    ]
   },
   "properties": {
    "id": "TH-n1401708350",
    "kind": "trailhead",
    "name": "（名称未確認）",
    "datum": "WGS84",
    "mountainIds": "501 505",
    "mountainNames": "光岳、池口岳",
    "lists": "日本百名山|日本二百名山|日本三百名山|甲信越百名山",
    "routes": "",
    "entryType": "林道との接続",
    "trailKmToSummit": "光岳:5.46km 池口岳:11.97km",
    "related": "",
    "attributes": "",
    "status": "candidate",
    "accuracyM": 30,
    "needsReview": "名称未確認、林道からの入口（マイカー進入可否を要確認）、公式情報または2情報源での確認が必要",
    "sources": "OpenStreetMap（© OpenStreetMap contributors, ODbL 1.0）Geofabrik japan-latest.osm.pbf 2026-09-18T20:21:10Z node/1401708350（登山道と道路の接続点）",
    "verifiedAt": ""
   }
  },
  {
   "type": "Feature",
   "geometry": {
    "type": "Point",
    "coordinates": [
     138.7330112,
     35.3652854
    ]
   },
   "properties": {
    "id": "TH-n1402646541",
    "kind": "trailhead",
    "name": "東京屋",
    "datum": "WGS84",
    "mountainIds": "494",
    "mountainNames": "富士山",
    "lists": "日本百名山|日本二百名山|日本三百名山|甲信越百名山",
    "routes": "OSM登山道「お鉢巡り」",
    "entryType": "施設（山小屋・宿・キャンプ場）からの入口",
    "trailKmToSummit": "富士山:0.33km",
    "related": "",
    "attributes": "OSM登山ルート: Mt. Fuji Loop",
    "status": "provisional",
    "accuracyM": 15,
    "needsReview": "公式情報または2情報源での確認が必要",
    "sources": "OpenStreetMap（© OpenStreetMap contributors, ODbL 1.0）Geofabrik japan-latest.osm.pbf 2026-09-18T20:21:10Z node/1402646541",
    "verifiedAt": ""
   }
  },
  {
   "type": "Feature",
   "geometry": {
    "type": "Point",
    "coordinates": [
     138.3139004,
     35.3072769
    ]
   },
   "properties": {
    "id": "TH-n1406662601",
    "kind": "trailhead",
    "name": "（名称未確認）",
    "datum": "WGS84",
    "mountainIds": "513",
    "mountainNames": "山伏",
    "lists": "日本三百名山",
    "routes": "",
    "entryType": "一般道との接続",
    "trailKmToSummit": "山伏:4.15km",
    "related": "",
    "attributes": "",
    "status": "candidate",
    "accuracyM": 30,
    "needsReview": "名称未確認、公式情報または2情報源での確認が必要",
    "sources": "OpenStreetMap（© OpenStreetMap contributors, ODbL 1.0）Geofabrik japan-latest.osm.pbf 2026-09-18T20:21:10Z node/1406662601（登山道と道路の接続点）",
    "verifiedAt": ""
   }
  },
  {
   "type": "Feature",
   "geometry": {
    "type": "Point",
    "coordinates": [
     138.3531511,
     35.3165408
    ]
   },
   "properties": {
    "id": "TH-n1406663111",
    "kind": "trailhead",
    "name": "（名称未確認）",
    "datum": "WGS84",
    "mountainIds": "513",
    "mountainNames": "山伏",
    "lists": "日本三百名山",
    "routes": "",
    "entryType": "一般道との接続",
    "trailKmToSummit": "山伏:8.19km",
    "related": "",
    "attributes": "",
    "status": "candidate",
    "accuracyM": 30,
    "needsReview": "名称未確認、公式情報または2情報源での確認が必要",
    "sources": "OpenStreetMap（© OpenStreetMap contributors, ODbL 1.0）Geofabrik japan-latest.osm.pbf 2026-09-18T20:21:10Z node/1406663111（登山道と道路の接続点）",
    "verifiedAt": ""
   }
  },
  {
   "type": "Feature",
   "geometry": {
    "type": "Point",
    "coordinates": [
     138.1842151,
     35.3483711
    ]
   },
   "properties": {
    "id": "TH-n1406664377",
    "kind": "trailhead",
    "name": "（名称未確認）",
    "datum": "WGS84",
    "mountainIds": "487 492",
    "mountainNames": "上河内岳、茶臼岳",
    "lists": "日本二百名山|日本三百名山",
    "routes": "OSM登山道「畑薙大吊橋」",
    "entryType": "林道との接続",
    "trailKmToSummit": "上河内岳:8.91km 茶臼岳:6.93km",
    "related": "",
    "attributes": "",
    "status": "candidate",
    "accuracyM": 30,
    "needsReview": "名称未確認、林道からの入口（マイカー進入可否を要確認）、公式情報または2情報源での確認が必要",
    "sources": "OpenStreetMap（© OpenStreetMap contributors, ODbL 1.0）Geofabrik japan-latest.osm.pbf 2026-09-18T20:21:10Z node/1406664377（登山道と道路の接続点）",
    "verifiedAt": ""
   }
  },
  {
   "type": "Feature",
   "geometry": {
    "type": "Point",
    "coordinates": [
     138.207316,
     35.381014
    ]
   },
   "properties": {
    "id": "TH-n1406665926",
    "kind": "trailhead",
    "name": "（名称未確認）",
    "datum": "WGS84",
    "mountainIds": "473",
    "mountainNames": "笊ヶ岳",
    "lists": "日本二百名山|日本三百名山",
    "routes": "",
    "entryType": "林道との接続",
    "trailKmToSummit": "笊ヶ岳:9.56km",
    "related": "",
    "attributes": "",
    "status": "candidate",
    "accuracyM": 30,
    "needsReview": "名称未確認、林道からの入口（マイカー進入可否を要確認）、公式情報または2情報源での確認が必要",
    "sources": "OpenStreetMap（© OpenStreetMap contributors, ODbL 1.0）Geofabrik japan-latest.osm.pbf 2026-09-18T20:21:10Z node/1406665926（登山道と道路の接続点）",
    "verifiedAt": ""
   }
  },
  {
   "type": "Feature",
   "geometry": {
    "type": "Point",
    "coordinates": [
     138.2067671,
     35.4333605
    ]
   },
   "properties": {
    "id": "TH-n1406668701",
    "kind": "trailhead",
    "name": "椹島",
    "datum": "WGS84",
    "mountainIds": "460",
    "mountainNames": "赤石岳",
    "lists": "日本百名山|日本二百名山|日本三百名山|甲信越百名山",
    "routes": "椹島（赤石小屋）コース、赤石岳〜荒川三山周回",
    "entryType": "一般道との接続",
    "trailKmToSummit": "赤石岳:8.6km",
    "related": "",
    "attributes": "",
    "status": "adopted",
    "accuracyM": 30,
    "needsReview": "登山道が道路を横断する地点（途中の入口の可能性）",
    "sources": "OpenStreetMap（© OpenStreetMap contributors, ODbL 1.0）Geofabrik japan-latest.osm.pbf 2026-09-18T20:21:10Z node/1406668701（登山道と道路の接続点） ｜ 国土地理院 地名検索「椹島」（35.431622, 138.207286、JGD2011、198m差）確認",
    "verifiedAt": ""
   }
  },
  {
   "type": "Feature",
   "geometry": {
    "type": "Point",
    "coordinates": [
     137.9124335,
     35.2583779
    ]
   },
   "properties": {
    "id": "TH-n14100998898",
    "kind": "trailhead",
    "name": "（名称未確認）",
    "datum": "WGS84",
    "mountainIds": "523",
    "mountainNames": "熊伏山",
    "lists": "日本三百名山",
    "routes": "OSM登山道「秋葉街道」",
    "entryType": "一般道（県道以上）との接続",
    "trailKmToSummit": "熊伏山:3.11km",
    "related": "PK-w1551007297(120m)",
    "attributes": "OSM登山ルート: 秋葉街道",
    "status": "provisional",
    "accuracyM": 30,
    "needsReview": "名称未確認、近くの道路にゲートあり（車両通行止め・季節閉鎖の可能性）、公式情報または2情報源での確認が必要",
    "sources": "OpenStreetMap（© OpenStreetMap contributors, ODbL 1.0）Geofabrik japan-latest.osm.pbf 2026-09-18T20:21:10Z node/14100998898（登山道と道路の接続点）",
    "verifiedAt": ""
   }
  },
  {
   "type": "Feature",
   "geometry": {
    "type": "Point",
    "coordinates": [
     138.0866037,
     36.7728777
    ]
   },
   "properties": {
    "id": "TH-n14109822687",
    "kind": "trailhead",
    "name": "戸隠キャンプ場（高妻山 登山者用駐車場）",
    "datum": "WGS84",
    "mountainIds": "242 245",
    "mountainNames": "高妻山、戸隠山",
    "lists": "日本百名山|日本二百名山|日本三百名山|甲信越百名山",
    "routes": "戸隠キャンプ場周回（一不動↑弥勒尾根↓）",
    "entryType": "一般道との接続",
    "trailKmToSummit": "高妻山:10.15km 戸隠山:4.88km",
    "related": "PK-w653836975(480m) BS-kP11-22-20-bs464(525m)",
    "attributes": "parking=高妻山の登山者用駐車場は戸隠キャンプ場入口（県道36号線沿い）（戸隠観光協会）; registration=長野県登山安全条例により登山計画書（登山者カード）の提出が必要（戸隠観光協会）",
    "status": "adopted",
    "accuracyM": 15,
    "needsReview": "高妻山への登山道は戸隠牧場の奥から始まる。一不動経由は約8時間30分、弥勒新道経由は約8時間で、いずれも上級者向け（戸隠観光協会）",
    "sources": "OpenStreetMap（© OpenStreetMap contributors, ODbL 1.0）Geofabrik japan-latest.osm.pbf 2026-09-18T20:21:10Z node/14109822687（登山道と道路の接続点） ｜ 国土地理院 地名検索「戸隠キャンプ場」（36.770715, 138.087135、JGD2011、244m差）2026-09-13確認 ｜ 公式情報: https://togakushi-21.jp/mountain/ ｜ 公式情報: https://www.city.nagano.nagano.jp/n150820/shisetsu/p000239.html",
    "verifiedAt": "2026-09-23"
   }
  },
  {
   "type": "Feature",
   "geometry": {
    "type": "Point",
    "coordinates": [
     137.667092,
     36.841378
    ]
   },
   "properties": {
    "id": "TH-n1411293892",
    "kind": "trailhead",
    "name": "（名称未確認）",
    "datum": "WGS84",
    "mountainIds": "235 244",
    "mountainNames": "朝日岳、雪倉岳",
    "lists": "日本三百名山|甲信越百名山|日本二百名山",
    "routes": "",
    "entryType": "林道との接続",
    "trailKmToSummit": "朝日岳:7.62km 雪倉岳:12.76km",
    "related": "PK-w613105361(128m)",
    "attributes": "",
    "status": "provisional",
    "accuracyM": 30,
    "needsReview": "名称未確認、林道からの入口（マイカー進入可否を要確認）、公式情報または2情報源での確認が必要",
    "sources": "OpenStreetMap（© OpenStreetMap contributors, ODbL 1.0）Geofabrik japan-latest.osm.pbf 2026-09-18T20:21:10Z node/1411293892（登山道と道路の接続点）",
    "verifiedAt": ""
   }
  },
  {
   "type": "Feature",
   "geometry": {
    "type": "Point",
    "coordinates": [
     138.6136013,
     36.8218547
    ]
   },
   "properties": {
    "id": "TH-n14135037534",
    "kind": "trailhead",
    "name": "（名称未確認）",
    "datum": "WGS84",
    "mountainIds": "232",
    "mountainNames": "鳥甲山",
    "lists": "日本二百名山|日本三百名山|甲信越百名山",
    "routes": "",
    "entryType": "一般道との接続",
    "trailKmToSummit": "鳥甲山:3.91km",
    "related": "PK-w1553626415(7m)",
    "attributes": "",
    "status": "provisional",
    "accuracyM": 30,
    "needsReview": "名称未確認、公式情報または2情報源での確認が必要",
    "sources": "OpenStreetMap（© OpenStreetMap contributors, ODbL 1.0）Geofabrik japan-latest.osm.pbf 2026-09-18T20:21:10Z node/14135037534（登山道と道路の接続点）",
    "verifiedAt": ""
   }
  },
  {
   "type": "Feature",
   "geometry": {
    "type": "Point",
    "coordinates": [
     138.585634,
     36.046643
    ]
   },
   "properties": {
    "id": "TH-n1413935075",
    "kind": "trailhead",
    "name": "（名称未確認）",
    "datum": "WGS84",
    "mountainIds": "348",
    "mountainNames": "御座山",
    "lists": "日本二百名山|日本三百名山",
    "routes": "",
    "entryType": "道路の終点付近",
    "trailKmToSummit": "御座山:2.97km",
    "related": "",
    "attributes": "",
    "status": "candidate",
    "accuracyM": 30,
    "needsReview": "名称未確認、林道からの入口（マイカー進入可否を要確認）、公式情報または2情報源での確認が必要",
    "sources": "OpenStreetMap（© OpenStreetMap contributors, ODbL 1.0）Geofabrik japan-latest.osm.pbf 2026-09-18T20:21:10Z node/1413935075（登山道と道路の接続点）",
    "verifiedAt": ""
   }
  },
  {
   "type": "Feature",
   "geometry": {
    "type": "Point",
    "coordinates": [
     138.592128,
     36.047408
    ]
   },
   "properties": {
    "id": "TH-n1413935254",
    "kind": "trailhead",
    "name": "（名称未確認）",
    "datum": "WGS84",
    "mountainIds": "348",
    "mountainNames": "御座山",
    "lists": "日本二百名山|日本三百名山",
    "routes": "",
    "entryType": "一般道との接続",
    "trailKmToSummit": "御座山:2.76km",
    "related": "",
    "attributes": "",
    "status": "candidate",
    "accuracyM": 30,
    "needsReview": "名称未確認、公式情報または2情報源での確認が必要",
    "sources": "OpenStreetMap（© OpenStreetMap contributors, ODbL 1.0）Geofabrik japan-latest.osm.pbf 2026-09-18T20:21:10Z node/1413935254（登山道と道路の接続点）",
    "verifiedAt": ""
   }
  },
  {
   "type": "Feature",
   "geometry": {
    "type": "Point",
    "coordinates": [
     138.629624,
     36.064284
    ]
   },
   "properties": {
    "id": "TH-n1413939466",
    "kind": "trailhead",
    "name": "（名称未確認）",
    "datum": "WGS84",
    "mountainIds": "348",
    "mountainNames": "御座山",
    "lists": "日本二百名山|日本三百名山",
    "routes": "",
    "entryType": "一般道（県道以上）との接続",
    "trailKmToSummit": "御座山:5.02km",
    "related": "",
    "attributes": "",
    "status": "candidate",
    "accuracyM": 30,
    "needsReview": "名称未確認、公式情報または2情報源での確認が必要",
    "sources": "OpenStreetMap（© OpenStreetMap contributors, ODbL 1.0）Geofabrik japan-latest.osm.pbf 2026-09-18T20:21:10Z node/1413939466（登山道と道路の接続点）",
    "verifiedAt": ""
   }
  },
  {
   "type": "Feature",
   "geometry": {
    "type": "Point",
    "coordinates": [
     138.6019919,
     36.0205474
    ]
   },
   "properties": {
    "id": "TH-n1413955572",
    "kind": "trailhead",
    "name": "（名称未確認）",
    "datum": "WGS84",
    "mountainIds": "348",
    "mountainNames": "御座山",
    "lists": "日本二百名山|日本三百名山",
    "routes": "",
    "entryType": "道路の終点付近",
    "trailKmToSummit": "御座山:1.85km",
    "related": "",
    "attributes": "",
    "status": "candidate",
    "accuracyM": 30,
    "needsReview": "名称未確認、林道からの入口（マイカー進入可否を要確認）、公式情報または2情報源での確認が必要",
    "sources": "OpenStreetMap（© OpenStreetMap contributors, ODbL 1.0）Geofabrik japan-latest.osm.pbf 2026-09-18T20:21:10Z node/1413955572（登山道と道路の接続点）",
    "verifiedAt": ""
   }
  },
  {
   "type": "Feature",
   "geometry": {
    "type": "Point",
    "coordinates": [
     137.94427,
     36.884793
    ]
   },
   "properties": {
    "id": "TH-n1414015387",
    "kind": "trailhead",
    "name": "（名称未確認）",
    "datum": "WGS84",
    "mountainIds": "225",
    "mountainNames": "雨飾山",
    "lists": "日本百名山|日本二百名山|日本三百名山|甲信越百名山",
    "routes": "",
    "entryType": "一般道との接続",
    "trailKmToSummit": "雨飾山:3.98km",
    "related": "",
    "attributes": "",
    "status": "candidate",
    "accuracyM": 30,
    "needsReview": "名称未確認、公式情報または2情報源での確認が必要",
    "sources": "OpenStreetMap（© OpenStreetMap contributors, ODbL 1.0）Geofabrik japan-latest.osm.pbf 2026-09-18T20:21:10Z node/1414015387（登山道と道路の接続点）",
    "verifiedAt": ""
   }
  },
  {
   "type": "Feature",
   "geometry": {
    "type": "Point",
    "coordinates": [
     137.9440852,
     36.8911364
    ]
   },
   "properties": {
    "id": "TH-n1414017157",
    "kind": "trailhead",
    "name": "雨飾高原キャンプ場（雨飾山登山口）",
    "datum": "WGS84",
    "mountainIds": "225",
    "mountainNames": "雨飾山",
    "lists": "日本百名山|日本二百名山|日本三百名山|甲信越百名山",
    "routes": "",
    "entryType": "林道との接続",
    "trailKmToSummit": "雨飾山:3.0km",
    "related": "",
    "attributes": "parking=登山者用駐車場あり（雨飾高原キャンプ場）; season=冬期は道路が閉鎖される。キャンプ場の営業期間は雨飾高原キャンプ場に確認",
    "status": "adopted",
    "accuracyM": 15,
    "needsReview": "林道からの入口（マイカー進入可否を要確認）、雨飾高原キャンプ場は雨飾山の登山口に位置する（雨飾高原キャンプ場）、この地点が登山口であることは目視未確認、長野県の山のグレーディング（2026年）に「雨飾山登山口」（小谷村、雨飾山）が載っている（長野県）",
    "sources": "OpenStreetMap（© OpenStreetMap contributors, ODbL 1.0）Geofabrik japan-latest.osm.pbf 2026-09-18T20:21:10Z node/1414017157（登山道と道路の接続点） ｜ 公式情報: https://info-otari.jp/camp/ ｜ 公式情報: https://www.amakazari.com/ ｜ 公式情報: https://www.pref.nagano.lg.jp/kankoki/sangyo/kanko/documents/gradingmap26-a.pdf",
    "verifiedAt": "2026-09-20"
   }
  },
  {
   "type": "Feature",
   "geometry": {
    "type": "Point",
    "coordinates": [
     138.9158383,
     35.4052724
    ]
   },
   "properties": {
    "id": "TH-n1512963944",
    "kind": "trailhead",
    "name": "三国峠",
    "datum": "WGS84",
    "mountainIds": "451",
    "mountainNames": "御正体山",
    "lists": "日本二百名山|日本三百名山|甲信越百名山",
    "routes": "",
    "entryType": "峠（道路との接続）",
    "trailKmToSummit": "御正体山:11.63km",
    "related": "PK-w968227988(55m)",
    "attributes": "OSM登山ルート: 三国山・パノラマ台コース",
    "status": "adopted",
    "accuracyM": 30,
    "needsReview": "登山道が道路を横断する地点（途中の入口の可能性）",
    "sources": "OpenStreetMap（© OpenStreetMap contributors, ODbL 1.0）Geofabrik japan-latest.osm.pbf 2026-09-18T20:21:10Z node/1512963944（登山道と道路の接続点） ｜ 国土地理院 地名検索「三国峠」（35.405032, 138.915748、JGD2011、28m差）2026-09-20確認",
    "verifiedAt": "2026-09-20"
   }
  },
  {
   "type": "Feature",
   "geometry": {
    "type": "Point",
    "coordinates": [
     137.85405,
     35.941334
    ]
   },
   "properties": {
    "id": "TH-n1538428717",
    "kind": "trailhead",
    "name": "（名称未確認）",
    "datum": "WGS84",
    "mountainIds": "364",
    "mountainNames": "経ヶ岳",
    "lists": "日本二百名山|日本三百名山|甲信越百名山",
    "routes": "OSM登山道「大滝林道」",
    "entryType": "道路の終点付近",
    "trailKmToSummit": "経ヶ岳:5.25km",
    "related": "",
    "attributes": "",
    "status": "candidate",
    "accuracyM": 30,
    "needsReview": "名称未確認、林道からの入口（マイカー進入可否を要確認）、公式情報または2情報源での確認が必要",
    "sources": "OpenStreetMap（© OpenStreetMap contributors, ODbL 1.0）Geofabrik japan-latest.osm.pbf 2026-09-18T20:21:10Z node/1538428717（登山道と道路の接続点）",
    "verifiedAt": ""
   }
  },
  {
   "type": "Feature",
   "geometry": {
    "type": "Point",
    "coordinates": [
     138.1355692,
     36.1396335
    ]
   },
   "properties": {
    "id": "TH-n1545216572",
    "kind": "trailhead",
    "name": "（名称未確認）",
    "datum": "WGS84",
    "mountainIds": "332",
    "mountainNames": "鉢伏山",
    "lists": "日本三百名山|甲信越百名山",
    "routes": "OSM登山道「中山道」",
    "entryType": "一般道（県道以上）との接続",
    "trailKmToSummit": "鉢伏山:11.79km",
    "related": "",
    "attributes": "OSM登山ルート: 中山道(信濃)",
    "status": "candidate",
    "accuracyM": 30,
    "needsReview": "名称未確認、登山道が道路を横断する地点（途中の入口の可能性）、公式情報または2情報源での確認が必要",
    "sources": "OpenStreetMap（© OpenStreetMap contributors, ODbL 1.0）Geofabrik japan-latest.osm.pbf 2026-09-18T20:21:10Z node/1545216572（登山道と道路の接続点）",
    "verifiedAt": ""
   }
  },
  {
   "type": "Feature",
   "geometry": {
    "type": "Point",
    "coordinates": [
     138.3462584,
     36.0589536
    ]
   },
   "properties": {
    "id": "TH-n1548420958",
    "kind": "trailhead",
    "name": "（名称未確認）麦草峠バス停付近",
    "datum": "WGS84",
    "mountainIds": "337 341 350 355",
    "mountainNames": "蓼科山、北横岳、天狗岳、八ヶ岳",
    "lists": "日本百名山|日本二百名山|日本三百名山|甲信越百名山",
    "routes": "",
    "entryType": "一般道（県道以上）との接続",
    "trailKmToSummit": "蓼科山:10.25km 北横岳:5.38km 天狗岳:5.85km 八ヶ岳:12.56km",
    "related": "PK-w289172993(139m) BS-kP11-22-20-bs5924(8m) BS-kP11-22-20-bs5924(8m) BS-kP11-22-20-bs5925(8m)",
    "attributes": "",
    "status": "provisional",
    "accuracyM": 30,
    "needsReview": "名称未確認、公式情報または2情報源での確認が必要",
    "sources": "OpenStreetMap（© OpenStreetMap contributors, ODbL 1.0）Geofabrik japan-latest.osm.pbf 2026-09-18T20:21:10Z node/1548420958（登山道と道路の接続点）",
    "verifiedAt": ""
   }
  },
  {
   "type": "Feature",
   "geometry": {
    "type": "Point",
    "coordinates": [
     138.2810053,
     36.0842329
    ]
   },
   "properties": {
    "id": "TH-n1552972129",
    "kind": "trailhead",
    "name": "（名称未確認）すずらん峠園地駐車場付近",
    "datum": "WGS84",
    "mountainIds": "337 341",
    "mountainNames": "蓼科山、北横岳",
    "lists": "日本百名山|日本二百名山|日本三百名山|甲信越百名山",
    "routes": "",
    "entryType": "一般道（県道以上）との接続",
    "trailKmToSummit": "蓼科山:2.82km 北横岳:7.42km",
    "related": "PK-w416542959(73m) PK-w289836743(87m) BS-kP11-22-20-bs5647(1m)",
    "attributes": "",
    "status": "provisional",
    "accuracyM": 30,
    "needsReview": "名称未確認、登山道が道路を横断する地点（途中の入口の可能性）、公式情報または2情報源での確認が必要",
    "sources": "OpenStreetMap（© OpenStreetMap contributors, ODbL 1.0）Geofabrik japan-latest.osm.pbf 2026-09-18T20:21:10Z node/1552972129（登山道と道路の接続点）",
    "verifiedAt": ""
   }
  },
  {
   "type": "Feature",
   "geometry": {
    "type": "Point",
    "coordinates": [
     138.1746306,
     35.8923119
    ]
   },
   "properties": {
    "id": "TH-n1555113908",
    "kind": "trailhead",
    "name": "（名称未確認）",
    "datum": "WGS84",
    "mountainIds": "367",
    "mountainNames": "入笠山",
    "lists": "日本三百名山|甲信越百名山",
    "routes": "OSM登山道「首切清水（登山道）」",
    "entryType": "一般道との接続",
    "trailKmToSummit": "入笠山:0.56km",
    "related": "",
    "attributes": "",
    "status": "candidate",
    "accuracyM": 30,
    "needsReview": "名称未確認、近くの道路にゲートあり（車両通行止め・季節閉鎖の可能性）、公式情報または2情報源での確認が必要",
    "sources": "OpenStreetMap（© OpenStreetMap contributors, ODbL 1.0）Geofabrik japan-latest.osm.pbf 2026-09-18T20:21:10Z node/1555113908（登山道と道路の接続点）",
    "verifiedAt": ""
   }
  },
  {
   "type": "Feature",
   "geometry": {
    "type": "Point",
    "coordinates": [
     138.1749309,
     35.898245
    ]
   },
   "properties": {
    "id": "TH-n1555114010",
    "kind": "trailhead",
    "name": "（名称未確認）",
    "datum": "WGS84",
    "mountainIds": "367",
    "mountainNames": "入笠山",
    "lists": "日本三百名山|甲信越百名山",
    "routes": "",
    "entryType": "道路の終点付近",
    "trailKmToSummit": "入笠山:0.37km",
    "related": "",
    "attributes": "",
    "status": "candidate",
    "accuracyM": 30,
    "needsReview": "名称未確認、近くの道路にゲートあり（車両通行止め・季節閉鎖の可能性）、公式情報または2情報源での確認が必要",
    "sources": "OpenStreetMap（© OpenStreetMap contributors, ODbL 1.0）Geofabrik japan-latest.osm.pbf 2026-09-18T20:21:10Z node/1555114010（登山道と道路の接続点）",
    "verifiedAt": ""
   }
  },
  {
   "type": "Feature",
   "geometry": {
    "type": "Point",
    "coordinates": [
     138.1413496,
     36.1474289
    ]
   },
   "properties": {
    "id": "TH-n1558789985",
    "kind": "trailhead",
    "name": "（名称未確認）",
    "datum": "WGS84",
    "mountainIds": "332",
    "mountainNames": "鉢伏山",
    "lists": "日本三百名山|甲信越百名山",
    "routes": "",
    "entryType": "一般道（県道以上）との接続",
    "trailKmToSummit": "鉢伏山:11.61km",
    "related": "PK-w1256797368(170m) PK-w1256797367(200m)",
    "attributes": "OSM登山ルート: 中山道(信濃)",
    "status": "provisional",
    "accuracyM": 30,
    "needsReview": "名称未確認、登山道が道路を横断する地点（途中の入口の可能性）、公式情報または2情報源での確認が必要",
    "sources": "OpenStreetMap（© OpenStreetMap contributors, ODbL 1.0）Geofabrik japan-latest.osm.pbf 2026-09-18T20:21:10Z node/1558789985（登山道と道路の接続点）",
    "verifiedAt": ""
   }
  },
  {
   "type": "Feature",
   "geometry": {
    "type": "Point",
    "coordinates": [
     138.136337,
     36.163931
    ]
   },
   "properties": {
    "id": "TH-n1558792783",
    "kind": "trailhead",
    "name": "（名称未確認）",
    "datum": "WGS84",
    "mountainIds": "332",
    "mountainNames": "鉢伏山",
    "lists": "日本三百名山|甲信越百名山",
    "routes": "",
    "entryType": "一般道（県道以上）との接続",
    "trailKmToSummit": "鉢伏山:8.73km",
    "related": "PK-w1256797360(53m) PK-w1256797365(416m)",
    "attributes": "",
    "status": "provisional",
    "accuracyM": 30,
    "needsReview": "名称未確認、公式情報または2情報源での確認が必要",
    "sources": "OpenStreetMap（© OpenStreetMap contributors, ODbL 1.0）Geofabrik japan-latest.osm.pbf 2026-09-18T20:21:10Z node/1558792783（登山道と道路の接続点）",
    "verifiedAt": ""
   }
  },
  {
   "type": "Feature",
   "geometry": {
    "type": "Point",
    "coordinates": [
     137.907083,
     35.902493
    ]
   },
   "properties": {
    "id": "TH-n1566567349",
    "kind": "trailhead",
    "name": "（名称未確認）",
    "datum": "WGS84",
    "mountainIds": "364",
    "mountainNames": "経ヶ岳",
    "lists": "日本二百名山|日本三百名山|甲信越百名山",
    "routes": "",
    "entryType": "一般道との接続",
    "trailKmToSummit": "経ヶ岳:5.71km",
    "related": "",
    "attributes": "",
    "status": "candidate",
    "accuracyM": 30,
    "needsReview": "名称未確認、公式情報または2情報源での確認が必要",
    "sources": "OpenStreetMap（© OpenStreetMap contributors, ODbL 1.0）Geofabrik japan-latest.osm.pbf 2026-09-18T20:21:10Z node/1566567349（登山道と道路の接続点）",
    "verifiedAt": ""
   }
  },
  {
   "type": "Feature",
   "geometry": {
    "type": "Point",
    "coordinates": [
     137.850708,
     35.775077
    ]
   },
   "properties": {
    "id": "TH-n1575090879",
    "kind": "trailhead",
    "name": "蛇腹沢登山口",
    "datum": "WGS84",
    "mountainIds": "389 391 405",
    "mountainNames": "木曽駒ヶ岳、宝剣岳、空木岳",
    "lists": "日本百名山|日本二百名山|日本三百名山|甲信越百名山|東海の百山",
    "routes": "",
    "entryType": "登山口（OSMの登山口地物）",
    "trailKmToSummit": "木曽駒ヶ岳:6.5km 宝剣岳:5.68km 空木岳:14.44km",
    "related": "",
    "attributes": "",
    "status": "provisional",
    "accuracyM": 15,
    "needsReview": "公式情報または2情報源での確認が必要",
    "sources": "OpenStreetMap（© OpenStreetMap contributors, ODbL 1.0）Geofabrik japan-latest.osm.pbf 2026-09-18T20:21:10Z node/1575090879",
    "verifiedAt": ""
   }
  },
  {
   "type": "Feature",
   "geometry": {
    "type": "Point",
    "coordinates": [
     137.86258,
     35.62879
    ]
   },
   "properties": {
    "id": "TH-n1576289385",
    "kind": "trailhead",
    "name": "鳩打峠登山口 烏帽子岳登山道",
    "datum": "WGS84",
    "mountainIds": "407 411 420",
    "mountainNames": "南駒ヶ岳、越百山、安平路山",
    "lists": "日本二百名山|日本三百名山|甲信越百名山",
    "routes": "OSM登山道「烏帽子岳登山道」",
    "entryType": "登山口（OSMの登山口地物）",
    "trailKmToSummit": "南駒ヶ岳:13.98km 越百山:11.06km 安平路山:12.24km",
    "related": "PK-w843362590(20m)",
    "attributes": "",
    "status": "provisional",
    "accuracyM": 15,
    "needsReview": "公式情報または2情報源での確認が必要",
    "sources": "OpenStreetMap（© OpenStreetMap contributors, ODbL 1.0）Geofabrik japan-latest.osm.pbf 2026-09-18T20:21:10Z node/1576289385",
    "verifiedAt": ""
   }
  },
  {
   "type": "Feature",
   "geometry": {
    "type": "Point",
    "coordinates": [
     137.8523695,
     35.589619
    ]
   },
   "properties": {
    "id": "TH-n1581928999",
    "kind": "trailhead",
    "name": "戒壇不動ルート登山口",
    "datum": "WGS84",
    "mountainIds": "411 420",
    "mountainNames": "越百山、安平路山",
    "lists": "日本三百名山|甲信越百名山|日本二百名山",
    "routes": "OSM登山道「戒壇不動ルート」",
    "entryType": "登山口（OSMの登山口地物）",
    "trailKmToSummit": "越百山:13.33km 安平路山:14.52km",
    "related": "",
    "attributes": "OSM登山ルート: 戒壇不動ルート",
    "status": "adopted",
    "accuracyM": 15,
    "needsReview": "採用の根拠: OSMの登山口名と、地理院地図の徒歩道が道路から始まる位置の一致（公式情報では未確認）",
    "sources": "OpenStreetMap（© OpenStreetMap contributors, ODbL 1.0）Geofabrik japan-latest.osm.pbf 2026-09-18T20:21:10Z node/1581928999 ｜ 国土地理院ベクトルタイル提供実験 地理院地図の徒歩道の起点（35.589626, 137.852370、JGD2011、1m差）2026-09-21確認",
    "verifiedAt": ""
   }
  },
  {
   "type": "Feature",
   "geometry": {
    "type": "Point",
    "coordinates": [
     137.8542285,
     35.5998591
    ]
   },
   "properties": {
    "id": "TH-n1581930531",
    "kind": "trailhead",
    "name": "（名称未確認）",
    "datum": "WGS84",
    "mountainIds": "407 411 420",
    "mountainNames": "南駒ヶ岳、越百山、安平路山",
    "lists": "日本二百名山|日本三百名山|甲信越百名山",
    "routes": "OSM登山道「本高森山ルート」",
    "entryType": "登山口（OSMの登山口地物）",
    "trailKmToSummit": "南駒ヶ岳:15.26km 越百山:12.34km 安平路山:13.52km",
    "related": "",
    "attributes": "OSM登山ルート: 本高森山ルート",
    "status": "provisional",
    "accuracyM": 15,
    "needsReview": "名称未確認、公式情報または2情報源での確認が必要",
    "sources": "OpenStreetMap（© OpenStreetMap contributors, ODbL 1.0）Geofabrik japan-latest.osm.pbf 2026-09-18T20:21:10Z node/1581930531",
    "verifiedAt": ""
   }
  },
  {
   "type": "Feature",
   "geometry": {
    "type": "Point",
    "coordinates": [
     137.915208,
     35.88829
    ]
   },
   "properties": {
    "id": "TH-n1587794760",
    "kind": "trailhead",
    "name": "仲仙寺（経ヶ岳登山口）",
    "datum": "WGS84",
    "mountainIds": "364",
    "mountainNames": "経ヶ岳",
    "lists": "日本二百名山|日本三百名山|甲信越百名山",
    "routes": "",
    "entryType": "一般道との接続",
    "trailKmToSummit": "経ヶ岳:6.32km",
    "related": "PK-w1306458779(166m) PK-w1306458776(205m) BS-kP11-22-20-bs6807(592m) BS-kP11-22-20-bs6825(668m) BS-kP11-22-20-bs6836(722m)",
    "attributes": "",
    "status": "adopted",
    "accuracyM": 15,
    "needsReview": "登山道が道路を横断する地点（途中の入口の可能性）、仲仙寺は経ヶ岳の登山口、国土地理院の地名「仲仙寺」とOSMの登山道の接続点の位置が一致（独立した2情報源）、長野県登山安全条例の指定登山道では登山計画書の提出が必要",
    "sources": "OpenStreetMap（© OpenStreetMap contributors, ODbL 1.0）Geofabrik japan-latest.osm.pbf 2026-09-18T20:21:10Z node/1587794760（登山道と道路の接続点） ｜ 公式情報: https://www.pref.nagano.lg.jp/kankoki/tozanjorei/tozanjorei.html ｜ 国土地理院 地名検索「仲仙寺」（35.888245, 137.914818、JGD2011、36m差）2026-09-20確認",
    "verifiedAt": "2026-09-20"
   }
  },
  {
   "type": "Feature",
   "geometry": {
    "type": "Point",
    "coordinates": [
     137.897357,
     35.89497
    ]
   },
   "properties": {
    "id": "TH-n1587796318",
    "kind": "trailhead",
    "name": "（名称未確認）",
    "datum": "WGS84",
    "mountainIds": "364",
    "mountainNames": "経ヶ岳",
    "lists": "日本二百名山|日本三百名山|甲信越百名山",
    "routes": "",
    "entryType": "一般道との接続",
    "trailKmToSummit": "経ヶ岳:4.75km",
    "related": "",
    "attributes": "",
    "status": "candidate",
    "accuracyM": 30,
    "needsReview": "名称未確認、公式情報または2情報源での確認が必要",
    "sources": "OpenStreetMap（© OpenStreetMap contributors, ODbL 1.0）Geofabrik japan-latest.osm.pbf 2026-09-18T20:21:10Z node/1587796318（登山道と道路の接続点）",
    "verifiedAt": ""
   }
  },
  {
   "type": "Feature",
   "geometry": {
    "type": "Point",
    "coordinates": [
     138.0897214,
     35.7420663
    ]
   },
   "properties": {
    "id": "TH-n1587981086",
    "kind": "trailhead",
    "name": "柏木登山口",
    "datum": "WGS84",
    "mountainIds": "403",
    "mountainNames": "仙丈ヶ岳",
    "lists": "日本百名山|日本二百名山|日本三百名山|甲信越百名山",
    "routes": "OSM登山道「松峯地蔵尾根ルート」",
    "entryType": "登山口（OSMの登山口地物）",
    "trailKmToSummit": "仙丈ヶ岳:11.42km",
    "related": "PK-w1543119291(194m) BS-kP11-22-20-bs7357(823m) BS-kP11-22-20-bs7364(881m)",
    "attributes": "",
    "status": "adopted",
    "accuracyM": 15,
    "needsReview": "採用の根拠: OSMの登山口名と、地理院地図の徒歩道が道路から始まる位置の一致（公式情報では未確認）",
    "sources": "OpenStreetMap（© OpenStreetMap contributors, ODbL 1.0）Geofabrik japan-latest.osm.pbf 2026-09-18T20:21:10Z node/1587981086 ｜ 国土地理院ベクトルタイル提供実験 地理院地図の徒歩道の起点（35.742068, 138.089736、JGD2011、1m差）2026-09-21確認",
    "verifiedAt": ""
   }
  },
  {
   "type": "Feature",
   "geometry": {
    "type": "Point",
    "coordinates": [
     137.86019,
     35.824944
    ]
   },
   "properties": {
    "id": "TH-n1588959582",
    "kind": "trailhead",
    "name": "桂小場登山口",
    "datum": "WGS84",
    "mountainIds": "389 391",
    "mountainNames": "木曽駒ヶ岳、宝剣岳",
    "lists": "日本百名山|日本二百名山|日本三百名山|甲信越百名山|東海の百山",
    "routes": "桂小場コース",
    "entryType": "登山口（OSMの登山口地物）",
    "trailKmToSummit": "木曽駒ヶ岳:9.2km 宝剣岳:9.65km",
    "related": "",
    "attributes": "",
    "status": "adopted",
    "accuracyM": 15,
    "needsReview": "採用の根拠: OSMの登山口名と、地理院地図の徒歩道が道路から始まる位置の一致（公式情報では未確認）",
    "sources": "OpenStreetMap（© OpenStreetMap contributors, ODbL 1.0）Geofabrik japan-latest.osm.pbf 2026-09-18T20:21:10Z node/1588959582 ｜ 国土地理院ベクトルタイル提供実験 地理院地図の徒歩道の起点（35.824945, 137.860191、JGD2011、0m差）2026-09-21確認",
    "verifiedAt": ""
   }
  },
  {
   "type": "Feature",
   "geometry": {
    "type": "Point",
    "coordinates": [
     137.904902,
     35.814784
    ]
   },
   "properties": {
    "id": "TH-n1588993337",
    "kind": "trailhead",
    "name": "伊那スキーリゾート南登山口",
    "datum": "WGS84",
    "mountainIds": "389 391",
    "mountainNames": "木曽駒ヶ岳、宝剣岳",
    "lists": "日本百名山|日本二百名山|日本三百名山|甲信越百名山|東海の百山",
    "routes": "",
    "entryType": "索道駅（ロープウェイ・ゴンドラ）",
    "trailKmToSummit": "木曽駒ヶ岳:11.27km 宝剣岳:11.72km",
    "related": "",
    "attributes": "",
    "status": "provisional",
    "accuracyM": 15,
    "needsReview": "公式情報または2情報源での確認が必要",
    "sources": "OpenStreetMap（© OpenStreetMap contributors, ODbL 1.0）Geofabrik japan-latest.osm.pbf 2026-09-18T20:21:10Z node/1588993337",
    "verifiedAt": ""
   }
  },
  {
   "type": "Feature",
   "geometry": {
    "type": "Point",
    "coordinates": [
     137.900909,
     35.823568
    ]
   },
   "properties": {
    "id": "TH-n1588994641",
    "kind": "trailhead",
    "name": "（名称未確認）",
    "datum": "WGS84",
    "mountainIds": "389 391",
    "mountainNames": "木曽駒ヶ岳、宝剣岳",
    "lists": "日本百名山|日本二百名山|日本三百名山|甲信越百名山|東海の百山",
    "routes": "",
    "entryType": "道路の終点付近",
    "trailKmToSummit": "木曽駒ヶ岳:11.24km 宝剣岳:11.69km",
    "related": "PK-n8685928809(21m)",
    "attributes": "",
    "status": "provisional",
    "accuracyM": 30,
    "needsReview": "名称未確認、林道からの入口（マイカー進入可否を要確認）、公式情報または2情報源での確認が必要",
    "sources": "OpenStreetMap（© OpenStreetMap contributors, ODbL 1.0）Geofabrik japan-latest.osm.pbf 2026-09-18T20:21:10Z node/1588994641（登山道と道路の接続点）",
    "verifiedAt": ""
   }
  },
  {
   "type": "Feature",
   "geometry": {
    "type": "Point",
    "coordinates": [
     137.7300548,
     36.560716
    ]
   },
   "properties": {
    "id": "TH-n1596020186",
    "kind": "trailhead",
    "name": "扇沢駅（立山黒部アルペンルート長野県側）",
    "datum": "WGS84",
    "mountainIds": "263 267 273 279",
    "mountainNames": "五竜岳、鹿島槍ヶ岳、爺ヶ岳中峰、針ノ木岳",
    "lists": "日本百名山|日本二百名山|日本三百名山|甲信越百名山",
    "routes": "OSM登山道「柏原新道」",
    "entryType": "登山口（OSMの登山口地物）",
    "trailKmToSummit": "五竜岳:15.26km 鹿島槍ヶ岳:10.67km 爺ヶ岳中峰:6.06km 針ノ木岳:13.58km",
    "related": "PK-w1240329796(86m) PK-w1240329573(103m) PK-w1240333844(324m) BS-kP11-22-20-bs2536(803m) BS-n6834209693(839m) BS-n6834209694(843m)",
    "attributes": "",
    "status": "adopted",
    "accuracyM": 15,
    "needsReview": "扇沢駅は立山黒部アルペンルートの長野県側の玄関口（大町市観光協会）",
    "sources": "OpenStreetMap（© OpenStreetMap contributors, ODbL 1.0）Geofabrik japan-latest.osm.pbf 2026-09-18T20:21:10Z node/1596020186 ｜ 公式情報: https://kanko-omachi.gr.jp/parking/",
    "verifiedAt": "2026-09-20"
   }
  },
  {
   "type": "Feature",
   "geometry": {
    "type": "Point",
    "coordinates": [
     137.684427,
     36.436623
    ]
   },
   "properties": {
    "id": "TH-n1596158973",
    "kind": "trailhead",
    "name": "（名称未確認）",
    "datum": "WGS84",
    "mountainIds": "290 291 297",
    "mountainNames": "野口五郎岳、水晶岳、鷲羽岳",
    "lists": "日本三百名山|甲信越百名山|日本百名山|日本二百名山",
    "routes": "",
    "entryType": "道路の終点付近",
    "trailKmToSummit": "野口五郎岳:12.12km 水晶岳:14.49km 鷲羽岳:15.77km",
    "related": "",
    "attributes": "",
    "status": "candidate",
    "accuracyM": 30,
    "needsReview": "名称未確認、林道からの入口（マイカー進入可否を要確認）、公式情報または2情報源での確認が必要",
    "sources": "OpenStreetMap（© OpenStreetMap contributors, ODbL 1.0）Geofabrik japan-latest.osm.pbf 2026-09-18T20:21:10Z node/1596158973（登山道と道路の接続点）",
    "verifiedAt": ""
   }
  },
  {
   "type": "Feature",
   "geometry": {
    "type": "Point",
    "coordinates": [
     137.792188,
     36.4657149
    ]
   },
   "properties": {
    "id": "TH-n1596169837",
    "kind": "trailhead",
    "name": "白沢登山口",
    "datum": "WGS84",
    "mountainIds": "288 294",
    "mountainNames": "餓鬼岳、燕岳",
    "lists": "日本二百名山|日本三百名山|甲信越百名山|東海の百山",
    "routes": "",
    "entryType": "登山口（OSMの登山口地物）",
    "trailKmToSummit": "餓鬼岳:6.31km 燕岳:12.9km",
    "related": "",
    "attributes": "",
    "status": "adopted",
    "accuracyM": 15,
    "needsReview": "採用の根拠: OSMの登山口名と、地理院地図の徒歩道が道路から始まる位置の一致（公式情報では未確認）",
    "sources": "OpenStreetMap（© OpenStreetMap contributors, ODbL 1.0）Geofabrik japan-latest.osm.pbf 2026-09-18T20:21:10Z node/1596169837 ｜ 国土地理院ベクトルタイル提供実験 地理院地図の徒歩道の起点（36.465716, 137.792188、JGD2011、0m差）2026-09-21確認",
    "verifiedAt": ""
   }
  },
  {
   "type": "Feature",
   "geometry": {
    "type": "Point",
    "coordinates": [
     137.6848168,
     36.4769582
    ]
   },
   "properties": {
    "id": "TH-n1596176617",
    "kind": "trailhead",
    "name": "（名称未確認）",
    "datum": "WGS84",
    "mountainIds": "283 290 291 297",
    "mountainNames": "烏帽子岳、野口五郎岳、水晶岳、鷲羽岳",
    "lists": "日本二百名山|日本三百名山|甲信越百名山|日本百名山",
    "routes": "",
    "entryType": "一般道との接続",
    "trailKmToSummit": "烏帽子岳:4.66km 野口五郎岳:8.62km 水晶岳:13.21km 鷲羽岳:14.5km",
    "related": "",
    "attributes": "",
    "status": "candidate",
    "accuracyM": 30,
    "needsReview": "名称未確認、公式情報または2情報源での確認が必要",
    "sources": "OpenStreetMap（© OpenStreetMap contributors, ODbL 1.0）Geofabrik japan-latest.osm.pbf 2026-09-18T20:21:10Z node/1596176617（登山道と道路の接続点）",
    "verifiedAt": ""
   }
  },
  {
   "type": "Feature",
   "geometry": {
    "type": "Point",
    "coordinates": [
     137.722953,
     36.4935261
    ]
   },
   "properties": {
    "id": "TH-n1596195211",
    "kind": "trailhead",
    "name": "七倉（烏帽子岳・蓮華岳・北葛岳登山口）",
    "datum": "WGS84",
    "mountainIds": "279 280 283 286",
    "mountainNames": "針ノ木岳、蓮華岳、烏帽子岳、赤牛岳",
    "lists": "日本二百名山|日本三百名山|甲信越百名山",
    "routes": "",
    "entryType": "登山口（OSMの登山口地物）",
    "trailKmToSummit": "針ノ木岳:10.22km 蓮華岳:8.29km 烏帽子岳:11.78km 赤牛岳:20.1km",
    "related": "PK-w630234122(191m)",
    "attributes": "restriction=七倉ゲート前から高瀬ダムまでは特定タクシー（約15分・4人乗り2,700円）か徒歩で通行する（大町市観光協会）",
    "status": "adopted",
    "accuracyM": 15,
    "needsReview": "近くの道路にゲートあり（車両通行止め・季節閉鎖の可能性）、七倉は烏帽子岳・蓮華岳などの入下山口で、裏銀座コースの起点にあたる（大町市観光協会）、長野県登山安全条例の指定登山道では登山計画書の提出が必要、七倉山荘前に公衆トイレがある。混雑時は七倉ダム下広場駐車場を利用する（大町市観光協会）",
    "sources": "OpenStreetMap（© OpenStreetMap contributors, ODbL 1.0）Geofabrik japan-latest.osm.pbf 2026-09-18T20:21:10Z node/1596195211 ｜ 国土地理院ベクトルタイル提供実験 地理院地図の徒歩道の起点（36.493526, 137.722957、JGD2011、0m差）2026-09-21確認 ｜ 公式情報: https://kanko-omachi.gr.jp/spot/tozanguchi3/ ｜ 公式情報: https://www.pref.nagano.lg.jp/kankoki/tozanjorei/tozanjorei.html",
    "verifiedAt": "2026-09-20"
   }
  },
  {
   "type": "Feature",
   "geometry": {
    "type": "Point",
    "coordinates": [
     138.952856,
     35.4859797
    ]
   },
   "properties": {
    "id": "TH-n1598889406",
    "kind": "trailhead",
    "name": "（名称未確認）御正橋バス停付近",
    "datum": "WGS84",
    "mountainIds": "451",
    "mountainNames": "御正体山",
    "lists": "日本二百名山|日本三百名山|甲信越百名山",
    "routes": "",
    "entryType": "一般道との接続",
    "trailKmToSummit": "御正体山:2.86km",
    "related": "BS-kP11-22-19-bs2865(737m) BS-kP11-22-19-bs2847(798m) BS-kP11-22-19-bs2918(798m)",
    "attributes": "",
    "status": "provisional",
    "accuracyM": 30,
    "needsReview": "名称未確認、公式情報または2情報源での確認が必要",
    "sources": "OpenStreetMap（© OpenStreetMap contributors, ODbL 1.0）Geofabrik japan-latest.osm.pbf 2026-09-18T20:21:10Z node/1598889406（登山道と道路の接続点）",
    "verifiedAt": ""
   }
  },
  {
   "type": "Feature",
   "geometry": {
    "type": "Point",
    "coordinates": [
     138.8776877,
     35.6867957
    ]
   },
   "properties": {
    "id": "TH-n1599604307",
    "kind": "trailhead",
    "name": "大峠",
    "datum": "WGS84",
    "mountainIds": "398 421",
    "mountainNames": "大菩薩嶺、滝子山",
    "lists": "日本百名山|日本二百名山|日本三百名山|甲信越百名山",
    "routes": "",
    "entryType": "峠（道路との接続）",
    "trailKmToSummit": "大菩薩嶺:9.56km 滝子山:9.9km",
    "related": "PK-w285210944(24m)",
    "attributes": "",
    "status": "adopted",
    "accuracyM": 30,
    "needsReview": "登山道が道路を横断する地点（途中の入口の可能性）、近くの道路にゲートあり（車両通行止め・季節閉鎖の可能性）",
    "sources": "OpenStreetMap（© OpenStreetMap contributors, ODbL 1.0）Geofabrik japan-latest.osm.pbf 2026-09-18T20:21:10Z node/1599604307（登山道と道路の接続点） ｜ 国土地理院 地名検索「大峠」（35.687410, 138.877658、JGD2011、68m差）2026-09-20確認",
    "verifiedAt": "2026-09-20"
   }
  },
  {
   "type": "Feature",
   "geometry": {
    "type": "Point",
    "coordinates": [
     137.8776248,
     35.7365191
    ]
   },
   "properties": {
    "id": "TH-n1601876774",
    "kind": "trailhead",
    "name": "池山林道終点登山口",
    "datum": "WGS84",
    "mountainIds": "405 407 411",
    "mountainNames": "空木岳、南駒ヶ岳、越百山",
    "lists": "日本百名山|日本二百名山|日本三百名山|甲信越百名山",
    "routes": "OSM登山道「空木岳登山道, 池山自然遊歩道」、千畳敷〜空木岳縦走、池山尾根コース",
    "entryType": "登山口（OSMの登山口地物）",
    "trailKmToSummit": "空木岳:7.84km 南駒ヶ岳:10.06km 越百山:12.95km",
    "related": "PK-w234503262(44m)",
    "attributes": "OSM登山ルート: 空木岳登山道",
    "status": "provisional",
    "accuracyM": 15,
    "needsReview": "近くの道路にゲートあり（車両通行止め・季節閉鎖の可能性）、公式情報または2情報源での確認が必要",
    "sources": "OpenStreetMap（© OpenStreetMap contributors, ODbL 1.0）Geofabrik japan-latest.osm.pbf 2026-09-18T20:21:10Z node/1601876774",
    "verifiedAt": ""
   }
  },
  {
   "type": "Feature",
   "geometry": {
    "type": "Point",
    "coordinates": [
     137.8582099,
     35.7548144
    ]
   },
   "properties": {
    "id": "TH-n1601877541",
    "kind": "trailhead",
    "name": "檜尾橋登山口",
    "datum": "WGS84",
    "mountainIds": "389 391 405 407 411",
    "mountainNames": "木曽駒ヶ岳、宝剣岳、空木岳、南駒ヶ岳、越百山",
    "lists": "日本百名山|日本二百名山|日本三百名山|甲信越百名山|東海の百山",
    "routes": "",
    "entryType": "登山口（OSMの登山口地物）",
    "trailKmToSummit": "木曽駒ヶ岳:10.02km 宝剣岳:8.85km 空木岳:10.42km 南駒ヶ岳:12.69km 越百山:15.58km",
    "related": "BS-kP11-22-20-bs7335(100m) BS-kP11-22-20-bs7336(100m) BS-kP11-22-20-bs7332(458m)",
    "attributes": "",
    "status": "provisional",
    "accuracyM": 15,
    "needsReview": "公式情報または2情報源での確認が必要",
    "sources": "OpenStreetMap（© OpenStreetMap contributors, ODbL 1.0）Geofabrik japan-latest.osm.pbf 2026-09-18T20:21:10Z node/1601877541",
    "verifiedAt": ""
   }
  },
  {
   "type": "Feature",
   "geometry": {
    "type": "Point",
    "coordinates": [
     138.7779769,
     35.6138353
    ]
   },
   "properties": {
    "id": "TH-n1605220276",
    "kind": "trailhead",
    "name": "笹子峠",
    "datum": "WGS84",
    "mountainIds": "421",
    "mountainNames": "滝子山",
    "lists": "甲信越百名山",
    "routes": "",
    "entryType": "峠（道路との接続）",
    "trailKmToSummit": "滝子山:8.76km",
    "related": "",
    "attributes": "OSM登山ルート: 甲州道中",
    "status": "adopted",
    "accuracyM": 30,
    "needsReview": "登山道が道路を横断する地点（途中の入口の可能性）、近くの道路にゲートあり（車両通行止め・季節閉鎖の可能性）",
    "sources": "OpenStreetMap（© OpenStreetMap contributors, ODbL 1.0）Geofabrik japan-latest.osm.pbf 2026-09-18T20:21:10Z node/1605220276（登山道と道路の接続点） ｜ 国土地理院 地名検索「笹子峠」（35.612891, 138.780005、JGD2011、211m差）2026-09-20確認",
    "verifiedAt": "2026-09-20"
   }
  },
  {
   "type": "Feature",
   "geometry": {
    "type": "Point",
    "coordinates": [
     138.8025904,
     35.6399075
    ]
   },
   "properties": {
    "id": "TH-n1605227389",
    "kind": "trailhead",
    "name": "（名称未確認）景徳院入口バス停付近",
    "datum": "WGS84",
    "mountainIds": "421",
    "mountainNames": "滝子山",
    "lists": "甲信越百名山",
    "routes": "",
    "entryType": "一般道との接続",
    "trailKmToSummit": "滝子山:6.23km",
    "related": "BS-kP11-22-19-bs1576(113m) BS-kP11-22-19-bs1577(113m) BS-kP11-22-19-bs1543(466m)",
    "attributes": "",
    "status": "provisional",
    "accuracyM": 30,
    "needsReview": "名称未確認、登山道が道路を横断する地点（途中の入口の可能性）、公式情報または2情報源での確認が必要",
    "sources": "OpenStreetMap（© OpenStreetMap contributors, ODbL 1.0）Geofabrik japan-latest.osm.pbf 2026-09-18T20:21:10Z node/1605227389（登山道と道路の接続点）",
    "verifiedAt": ""
   }
  },
  {
   "type": "Feature",
   "geometry": {
    "type": "Point",
    "coordinates": [
     138.8509763,
     35.6807444
    ]
   },
   "properties": {
    "id": "TH-n1605267173",
    "kind": "trailhead",
    "name": "湯の沢峠",
    "datum": "WGS84",
    "mountainIds": "398 421",
    "mountainNames": "大菩薩嶺、滝子山",
    "lists": "日本百名山|日本二百名山|日本三百名山|甲信越百名山",
    "routes": "",
    "entryType": "峠（道路との接続）",
    "trailKmToSummit": "大菩薩嶺:9.16km 滝子山:6.72km",
    "related": "PK-n6248717068(41m)",
    "attributes": "",
    "status": "adopted",
    "accuracyM": 30,
    "needsReview": "林道上の地点（尾根上の峠・山小屋の可能性。登山口かどうか要確認）、林道からの入口（マイカー進入可否を要確認）、採用の根拠: OSMの登山口名と、地理院地図の徒歩道が道路から始まる位置の一致（公式情報では未確認）",
    "sources": "OpenStreetMap（© OpenStreetMap contributors, ODbL 1.0）Geofabrik japan-latest.osm.pbf 2026-09-18T20:21:10Z node/1605267173（登山道と道路の接続点） ｜ 国土地理院 地名検索「湯の沢峠」（35.680185, 138.851255、JGD2011、67m差）2026-09-20確認 ｜ 国土地理院ベクトルタイル提供実験 地理院地図の徒歩道の起点（35.680802, 138.851057、JGD2011、10m差）2026-09-21確認",
    "verifiedAt": "2026-09-20"
   }
  },
  {
   "type": "Feature",
   "geometry": {
    "type": "Point",
    "coordinates": [
     138.8693265,
     35.7942475
    ]
   },
   "properties": {
    "id": "TH-n1605369942",
    "kind": "trailhead",
    "name": "（名称未確認）",
    "datum": "WGS84",
    "mountainIds": "388",
    "mountainNames": "黒川鶏冠山",
    "lists": "甲信越百名山",
    "routes": "",
    "entryType": "道路の終点付近",
    "trailKmToSummit": "黒川鶏冠山:5.45km",
    "related": "PK-w1387534813(11m)",
    "attributes": "",
    "status": "provisional",
    "accuracyM": 30,
    "needsReview": "名称未確認、近くの道路にゲートあり（車両通行止め・季節閉鎖の可能性）、林道からの入口（マイカー進入可否を要確認）、公式情報または2情報源での確認が必要",
    "sources": "OpenStreetMap（© OpenStreetMap contributors, ODbL 1.0）Geofabrik japan-latest.osm.pbf 2026-09-18T20:21:10Z node/1605369942（登山道と道路の接続点）",
    "verifiedAt": ""
   }
  },
  {
   "type": "Feature",
   "geometry": {
    "type": "Point",
    "coordinates": [
     138.8224387,
     35.837825
    ]
   },
   "properties": {
    "id": "TH-n1605392997",
    "kind": "trailhead",
    "name": "（名称未確認）",
    "datum": "WGS84",
    "mountainIds": "365 366 375 379",
    "mountainNames": "甲武信ヶ岳、白石山、笠取山、飛龍山",
    "lists": "日本百名山|日本二百名山|日本三百名山|関東百名山|甲信越百名山",
    "routes": "",
    "entryType": "一般道との接続",
    "trailKmToSummit": "甲武信ヶ岳:14.9km 白石山:14.43km 笠取山:4.36km 飛龍山:13.8km",
    "related": "PK-w1387535904(51m)",
    "attributes": "",
    "status": "provisional",
    "accuracyM": 30,
    "needsReview": "名称未確認、登山道が道路を横断する地点（途中の入口の可能性）、公式情報または2情報源での確認が必要",
    "sources": "OpenStreetMap（© OpenStreetMap contributors, ODbL 1.0）Geofabrik japan-latest.osm.pbf 2026-09-18T20:21:10Z node/1605392997（登山道と道路の接続点）",
    "verifiedAt": ""
   }
  },
  {
   "type": "Feature",
   "geometry": {
    "type": "Point",
    "coordinates": [
     138.730175,
     35.54651
    ]
   },
   "properties": {
    "id": "TH-n1608234173",
    "kind": "trailhead",
    "name": "新道峠",
    "datum": "WGS84",
    "mountainIds": "434 437",
    "mountainNames": "黒岳、三ッ峠山",
    "lists": "日本三百名山|甲信越百名山|日本二百名山",
    "routes": "",
    "entryType": "登山口（OSMの登山口地物）",
    "trailKmToSummit": "黒岳:1.94km 三ッ峠山:11.29km",
    "related": "",
    "attributes": "",
    "status": "adopted",
    "accuracyM": 15,
    "needsReview": "",
    "sources": "OpenStreetMap（© OpenStreetMap contributors, ODbL 1.0）Geofabrik japan-latest.osm.pbf 2026-09-18T20:21:10Z node/1608234173 ｜ 国土地理院 地名検索「新道峠」（35.546396, 138.731132、JGD2011、88m差）2026-09-20確認",
    "verifiedAt": "2026-09-20"
   }
  },
  {
   "type": "Feature",
   "geometry": {
    "type": "Point",
    "coordinates": [
     138.824495,
     35.535102
    ]
   },
   "properties": {
    "id": "TH-n1610273547",
    "kind": "trailhead",
    "name": "（名称未確認）",
    "datum": "WGS84",
    "mountainIds": "437",
    "mountainNames": "三ッ峠山",
    "lists": "日本二百名山|日本三百名山|甲信越百名山",
    "routes": "",
    "entryType": "一般道との接続",
    "trailKmToSummit": "三ッ峠山:2.74km",
    "related": "PK-n11224917737(12m) PK-n11224529937(227m)",
    "attributes": "",
    "status": "provisional",
    "accuracyM": 30,
    "needsReview": "名称未確認、公式情報または2情報源での確認が必要",
    "sources": "OpenStreetMap（© OpenStreetMap contributors, ODbL 1.0）Geofabrik japan-latest.osm.pbf 2026-09-18T20:21:10Z node/1610273547（登山道と道路の接続点）",
    "verifiedAt": ""
   }
  },
  {
   "type": "Feature",
   "geometry": {
    "type": "Point",
    "coordinates": [
     138.8624655,
     35.5742757
    ]
   },
   "properties": {
    "id": "TH-n1610329230",
    "kind": "trailhead",
    "name": "（名称未確認）大野バス停付近",
    "datum": "WGS84",
    "mountainIds": "437",
    "mountainNames": "三ッ峠山",
    "lists": "日本二百名山|日本三百名山|甲信越百名山",
    "routes": "",
    "entryType": "一般道（県道以上）との接続",
    "trailKmToSummit": "三ッ峠山:11.35km",
    "related": "PK-w264055098(356m) BS-kP11-22-19-bs2317(905m)",
    "attributes": "",
    "status": "provisional",
    "accuracyM": 30,
    "needsReview": "名称未確認、公式情報または2情報源での確認が必要",
    "sources": "OpenStreetMap（© OpenStreetMap contributors, ODbL 1.0）Geofabrik japan-latest.osm.pbf 2026-09-18T20:21:10Z node/1610329230（登山道と道路の接続点）",
    "verifiedAt": ""
   }
  },
  {
   "type": "Feature",
   "geometry": {
    "type": "Point",
    "coordinates": [
     138.9167526,
     35.4298215
    ]
   },
   "properties": {
    "id": "TH-n1610715190",
    "kind": "trailhead",
    "name": "（名称未確認）紀文寮前バス停付近",
    "datum": "WGS84",
    "mountainIds": "451",
    "mountainNames": "御正体山",
    "lists": "日本二百名山|日本三百名山|甲信越百名山",
    "routes": "",
    "entryType": "一般道との接続",
    "trailKmToSummit": "御正体山:9.2km",
    "related": "BS-kP11-22-19-bs3079(674m) BS-kP11-22-19-bs3073(894m) BS-kP11-22-19-bs3073(894m)",
    "attributes": "OSM登山ルート: 高指山・明神山コース",
    "status": "provisional",
    "accuracyM": 30,
    "needsReview": "名称未確認、公式情報または2情報源での確認が必要",
    "sources": "OpenStreetMap（© OpenStreetMap contributors, ODbL 1.0）Geofabrik japan-latest.osm.pbf 2026-09-18T20:21:10Z node/1610715190（登山道と道路の接続点）",
    "verifiedAt": ""
   }
  },
  {
   "type": "Feature",
   "geometry": {
    "type": "Point",
    "coordinates": [
     137.559453,
     36.1147336
    ]
   },
   "properties": {
    "id": "TH-n1620906347",
    "kind": "trailhead",
    "name": "肩の小屋口（乗鞍岳）",
    "datum": "WGS84",
    "mountainIds": "336",
    "mountainNames": "乗鞍岳",
    "lists": "日本百名山|日本二百名山|日本三百名山|甲信越百名山|東海の百山",
    "routes": "",
    "entryType": "一般道（県道以上）との接続",
    "trailKmToSummit": "乗鞍岳:1.74km",
    "related": "BS-kP11-22-20-bs5459(6m) BS-kP11-22-20-bs5459(6m) BS-kP11-22-20-bs5458(504m)",
    "attributes": "",
    "status": "adopted",
    "accuracyM": 15,
    "needsReview": "近くの道路にゲートあり（車両通行止め・季節閉鎖の可能性）、長野県の山のグレーディング（2026年）に「肩の小屋口登山口」（松本市、乗鞍岳）が載っている（長野県）、長野県登山安全条例により、指定登山道では登山計画書の提出が必要（長野県）",
    "sources": "OpenStreetMap（© OpenStreetMap contributors, ODbL 1.0）Geofabrik japan-latest.osm.pbf 2026-09-18T20:21:10Z node/1620906347（登山道と道路の接続点） ｜ 公式情報: https://www.pref.nagano.lg.jp/kankoki/sangyo/kanko/documents/gradingmap26-a.pdf ｜ 公式情報: https://www.pref.nagano.lg.jp/kankoki/tozanjorei/tozanjorei.html",
    "verifiedAt": "2026-09-20"
   }
  },
  {
   "type": "Feature",
   "geometry": {
    "type": "Point",
    "coordinates": [
     137.5523727,
     36.1148377
    ]
   },
   "properties": {
    "id": "TH-n1620906416",
    "kind": "trailhead",
    "name": "（名称未確認）大雪渓・肩の小屋口バス停付近",
    "datum": "WGS84",
    "mountainIds": "336",
    "mountainNames": "乗鞍岳",
    "lists": "日本百名山|日本二百名山|日本三百名山|甲信越百名山|東海の百山",
    "routes": "",
    "entryType": "一般道との接続",
    "trailKmToSummit": "乗鞍岳:1.11km",
    "related": "BS-kP11-22-20-bs5459(633m) BS-kP11-22-20-bs5459(633m)",
    "attributes": "OSM登山ルート: Kengamine",
    "status": "provisional",
    "accuracyM": 30,
    "needsReview": "名称未確認、近くの道路にゲートあり（車両通行止め・季節閉鎖の可能性）、公式情報または2情報源での確認が必要",
    "sources": "OpenStreetMap（© OpenStreetMap contributors, ODbL 1.0）Geofabrik japan-latest.osm.pbf 2026-09-18T20:21:10Z node/1620906416（登山道と道路の接続点）",
    "verifiedAt": ""
   }
  },
  {
   "type": "Feature",
   "geometry": {
    "type": "Point",
    "coordinates": [
     138.1265692,
     36.1867116
    ]
   },
   "properties": {
    "id": "TH-n1631963114",
    "kind": "trailhead",
    "name": "扉峠",
    "datum": "WGS84",
    "mountainIds": "323",
    "mountainNames": "美ヶ原",
    "lists": "日本百名山|日本二百名山|日本三百名山|甲信越百名山",
    "routes": "",
    "entryType": "峠（道路との接続）",
    "trailKmToSummit": "美ヶ原:6.14km",
    "related": "BS-kP11-22-20-bs5078(241m)",
    "attributes": "",
    "status": "adopted",
    "accuracyM": 30,
    "needsReview": "近くの道路にゲートあり（車両通行止め・季節閉鎖の可能性）",
    "sources": "OpenStreetMap（© OpenStreetMap contributors, ODbL 1.0）Geofabrik japan-latest.osm.pbf 2026-09-18T20:21:10Z node/1631963114（登山道と道路の接続点） ｜ 国土地理院 地名検索「扉峠」（36.186026, 138.126570、JGD2011、76m差）2026-09-20確認",
    "verifiedAt": "2026-09-20"
   }
  },
  {
   "type": "Feature",
   "geometry": {
    "type": "Point",
    "coordinates": [
     138.0886615,
     36.2129464
    ]
   },
   "properties": {
    "id": "TH-n1631965358",
    "kind": "trailhead",
    "name": "（名称未確認）三城荘前バス停付近",
    "datum": "WGS84",
    "mountainIds": "323",
    "mountainNames": "美ヶ原",
    "lists": "日本百名山|日本二百名山|日本三百名山|甲信越百名山",
    "routes": "OSM登山道「美ヶ原公園線」",
    "entryType": "一般道（県道以上）との接続",
    "trailKmToSummit": "美ヶ原:3.11km",
    "related": "BS-kP11-22-20-bs4857(961m)",
    "attributes": "",
    "status": "provisional",
    "accuracyM": 30,
    "needsReview": "名称未確認、公式情報または2情報源での確認が必要",
    "sources": "OpenStreetMap（© OpenStreetMap contributors, ODbL 1.0）Geofabrik japan-latest.osm.pbf 2026-09-18T20:21:10Z node/1631965358（登山道と道路の接続点）",
    "verifiedAt": ""
   }
  },
  {
   "type": "Feature",
   "geometry": {
    "type": "Point",
    "coordinates": [
     138.1048649,
     36.2260157
    ]
   },
   "properties": {
    "id": "TH-n1631967316",
    "kind": "trailhead",
    "name": "（名称未確認）",
    "datum": "WGS84",
    "mountainIds": "323",
    "mountainNames": "美ヶ原",
    "lists": "日本百名山|日本二百名山|日本三百名山|甲信越百名山",
    "routes": "OSM登山道「美ヶ原公園線」",
    "entryType": "一般道（県道以上）との接続",
    "trailKmToSummit": "美ヶ原:0.23km",
    "related": "",
    "attributes": "",
    "status": "candidate",
    "accuracyM": 30,
    "needsReview": "名称未確認、公式情報または2情報源での確認が必要",
    "sources": "OpenStreetMap（© OpenStreetMap contributors, ODbL 1.0）Geofabrik japan-latest.osm.pbf 2026-09-18T20:21:10Z node/1631967316（登山道と道路の接続点）",
    "verifiedAt": ""
   }
  },
  {
   "type": "Feature",
   "geometry": {
    "type": "Point",
    "coordinates": [
     138.1048581,
     36.2314486
    ]
   },
   "properties": {
    "id": "TH-n1631968158",
    "kind": "trailhead",
    "name": "（名称未確認）",
    "datum": "WGS84",
    "mountainIds": "323",
    "mountainNames": "美ヶ原",
    "lists": "日本百名山|日本二百名山|日本三百名山|甲信越百名山",
    "routes": "",
    "entryType": "一般道（県道以上）との接続",
    "trailKmToSummit": "美ヶ原:0.7km",
    "related": "PK-w415771559(321m)",
    "attributes": "",
    "status": "provisional",
    "accuracyM": 30,
    "needsReview": "名称未確認、公式情報または2情報源での確認が必要",
    "sources": "OpenStreetMap（© OpenStreetMap contributors, ODbL 1.0）Geofabrik japan-latest.osm.pbf 2026-09-18T20:21:10Z node/1631968158（登山道と道路の接続点）",
    "verifiedAt": ""
   }
  },
  {
   "type": "Feature",
   "geometry": {
    "type": "Point",
    "coordinates": [
     137.6049302,
     36.2092404
    ]
   },
   "properties": {
    "id": "TH-n1636021155",
    "kind": "trailhead",
    "name": "（名称未確認）中の湯バス停付近",
    "datum": "WGS84",
    "mountainIds": "319 324",
    "mountainNames": "西穂独標、焼岳",
    "lists": "東海の百山|日本百名山|日本二百名山|日本三百名山|甲信越百名山",
    "routes": "",
    "entryType": "一般道（県道以上）との接続",
    "trailKmToSummit": "西穂独標:10.08km 焼岳:3.14km",
    "related": "BS-kP11-22-20-bs4875(163m) BS-kP11-22-20-bs4875(163m) BS-kP11-22-20-bs4875(163m)",
    "attributes": "",
    "status": "provisional",
    "accuracyM": 30,
    "needsReview": "名称未確認、公式情報または2情報源での確認が必要",
    "sources": "OpenStreetMap（© OpenStreetMap contributors, ODbL 1.0）Geofabrik japan-latest.osm.pbf 2026-09-18T20:21:10Z node/1636021155（登山道と道路の接続点）",
    "verifiedAt": ""
   }
  },
  {
   "type": "Feature",
   "geometry": {
    "type": "Point",
    "coordinates": [
     137.6365342,
     36.2504152
    ]
   },
   "properties": {
    "id": "TH-n1636024159",
    "kind": "trailhead",
    "name": "上高地（穂高方面登山口）",
    "datum": "WGS84",
    "mountainIds": "317",
    "mountainNames": "奥穂高岳",
    "lists": "日本百名山|日本二百名山|日本三百名山|甲信越百名山|東海の百山",
    "routes": "",
    "entryType": "道路の終点付近",
    "trailKmToSummit": "奥穂高岳:5.89km",
    "related": "BS-kP11-22-20-bs4500(510m) BS-kP11-22-20-bs4500(510m) BS-kP11-22-20-bs4500(510m)",
    "attributes": "restriction=通年マイカー規制",
    "status": "adopted",
    "accuracyM": 15,
    "needsReview": "林道からの入口（マイカー進入可否を要確認）、上高地は通年マイカー規制。松本市側は沢渡駐車場、高山市側はあかんだな駐車場でバス・タクシーに乗り換える（環境省・長野県）、2026年度の開山期間は4月17日〜11月15日、通行時間は5時〜19時（7・8月は5時〜20時）（環境省）、長野県登山安全条例により、指定登山道では登山計画書の提出が必要（長野県）",
    "sources": "OpenStreetMap（© OpenStreetMap contributors, ODbL 1.0）Geofabrik japan-latest.osm.pbf 2026-09-18T20:21:10Z node/1636024159（登山道と道路の接続点） ｜ 公式情報: https://chubu.env.go.jp/shinetsu/pre_2025/press_00057.html ｜ 公式情報: https://www.pref.nagano.lg.jp/shizenhogo/infra/doro/joho/kamikouti.html ｜ 公式情報: https://www.pref.nagano.lg.jp/kankoki/tozanjorei/tozanjorei.html",
    "verifiedAt": "2026-09-20"
   }
  },
  {
   "type": "Feature",
   "geometry": {
    "type": "Point",
    "coordinates": [
     137.6663527,
     36.2527209
    ]
   },
   "properties": {
    "id": "TH-n1636024364",
    "kind": "trailhead",
    "name": "（名称未確認）",
    "datum": "WGS84",
    "mountainIds": "318 327",
    "mountainNames": "蝶ヶ岳、霞沢岳",
    "lists": "甲信越百名山|東海の百山|日本二百名山|日本三百名山",
    "routes": "OSM登山道「明神橋」、OSM登山道「自然研究路」",
    "entryType": "林道との接続",
    "trailKmToSummit": "蝶ヶ岳:8.44km 霞沢岳:8.18km",
    "related": "",
    "attributes": "",
    "status": "candidate",
    "accuracyM": 30,
    "needsReview": "名称未確認、林道からの入口（マイカー進入可否を要確認）、公式情報または2情報源での確認が必要",
    "sources": "OpenStreetMap（© OpenStreetMap contributors, ODbL 1.0）Geofabrik japan-latest.osm.pbf 2026-09-18T20:21:10Z node/1636024364（登山道と道路の接続点）",
    "verifiedAt": ""
   }
  },
  {
   "type": "Feature",
   "geometry": {
    "type": "Point",
    "coordinates": [
     137.7780523,
     36.102648
    ]
   },
   "properties": {
    "id": "TH-n1637067251",
    "kind": "trailhead",
    "name": "（名称未確認）",
    "datum": "WGS84",
    "mountainIds": "340",
    "mountainNames": "鉢盛山",
    "lists": "日本三百名山|甲信越百名山",
    "routes": "",
    "entryType": "道路の終点付近",
    "trailKmToSummit": "鉢盛山:4.5km",
    "related": "",
    "attributes": "",
    "status": "candidate",
    "accuracyM": 30,
    "needsReview": "名称未確認、林道からの入口（マイカー進入可否を要確認）、公式情報または2情報源での確認が必要",
    "sources": "OpenStreetMap（© OpenStreetMap contributors, ODbL 1.0）Geofabrik japan-latest.osm.pbf 2026-09-18T20:21:10Z node/1637067251（登山道と道路の接続点）",
    "verifiedAt": ""
   }
  },
  {
   "type": "Feature",
   "geometry": {
    "type": "Point",
    "coordinates": [
     138.0601363,
     36.1650289
    ]
   },
   "properties": {
    "id": "TH-n1637096536",
    "kind": "trailhead",
    "name": "（名称未確認）",
    "datum": "WGS84",
    "mountainIds": "332",
    "mountainNames": "鉢伏山",
    "lists": "日本三百名山|甲信越百名山",
    "routes": "",
    "entryType": "道路の終点付近",
    "trailKmToSummit": "鉢伏山:0.24km",
    "related": "PK-w621044721(277m)",
    "attributes": "",
    "status": "provisional",
    "accuracyM": 30,
    "needsReview": "名称未確認、公式情報または2情報源での確認が必要",
    "sources": "OpenStreetMap（© OpenStreetMap contributors, ODbL 1.0）Geofabrik japan-latest.osm.pbf 2026-09-18T20:21:10Z node/1637096536（登山道と道路の接続点）",
    "verifiedAt": ""
   }
  },
  {
   "type": "Feature",
   "geometry": {
    "type": "Point",
    "coordinates": [
     137.8027212,
     35.5393479
    ]
   },
   "properties": {
    "id": "TH-n1642356464",
    "kind": "trailhead",
    "name": "今庫入口",
    "datum": "WGS84",
    "mountainIds": "436",
    "mountainNames": "風越山",
    "lists": "東海の百山",
    "routes": "OSM登山道「表参道」",
    "entryType": "登山口（OSMの登山口地物）",
    "trailKmToSummit": "風越山:2.27km",
    "related": "",
    "attributes": "OSM登山ルート: 風越山・白山社奥宮表参道",
    "status": "provisional",
    "accuracyM": 15,
    "needsReview": "近くの道路にゲートあり（車両通行止め・季節閉鎖の可能性）、公式情報または2情報源での確認が必要",
    "sources": "OpenStreetMap（© OpenStreetMap contributors, ODbL 1.0）Geofabrik japan-latest.osm.pbf 2026-09-18T20:21:10Z node/1642356464",
    "verifiedAt": ""
   }
  },
  {
   "type": "Feature",
   "geometry": {
    "type": "Point",
    "coordinates": [
     137.7307785,
     35.5985061
    ]
   },
   "properties": {
    "id": "TH-n1643632588",
    "kind": "trailhead",
    "name": "摺古木山登山口",
    "datum": "WGS84",
    "mountainIds": "411 420",
    "mountainNames": "越百山、安平路山",
    "lists": "日本三百名山|甲信越百名山|日本二百名山",
    "routes": "",
    "entryType": "登山口（OSMの登山口地物）",
    "trailKmToSummit": "越百山:13.96km 安平路山:6.98km",
    "related": "PK-w912598426(9m)",
    "attributes": "",
    "status": "adopted",
    "accuracyM": 15,
    "needsReview": "採用の根拠: OSMの登山口名と、地理院地図の徒歩道が道路から始まる位置の一致（公式情報では未確認）",
    "sources": "OpenStreetMap（© OpenStreetMap contributors, ODbL 1.0）Geofabrik japan-latest.osm.pbf 2026-09-18T20:21:10Z node/1643632588 ｜ 国土地理院ベクトルタイル提供実験 地理院地図の徒歩道の起点（35.598528, 137.730827、JGD2011、5m差）2026-09-21確認",
    "verifiedAt": ""
   }
  },
  {
   "type": "Feature",
   "geometry": {
    "type": "Point",
    "coordinates": [
     138.0774453,
     35.3778917
    ]
   },
   "properties": {
    "id": "TH-n1647792596",
    "kind": "trailhead",
    "name": "易老渡登山口（光岳・聖岳）",
    "datum": "WGS84",
    "mountainIds": "460 472 487 492 501 505",
    "mountainNames": "赤石岳、聖岳、上河内岳、茶臼岳、光岳、池口岳",
    "lists": "日本百名山|日本二百名山|日本三百名山|甲信越百名山",
    "routes": "易老渡コース",
    "entryType": "登山口（OSMの登山口地物）",
    "trailKmToSummit": "赤石岳:15.45km 聖岳:10.09km 上河内岳:10.73km 茶臼岳:7.71km 光岳:8.06km 池口岳:14.35km",
    "related": "PK-w917662466(112m)",
    "attributes": "",
    "status": "adopted",
    "accuracyM": 15,
    "needsReview": "易老渡は光岳・聖岳の長野県側の登山口、国土地理院の地名「易老渡」とOSMの登山口地物の位置が一致（独立した2情報源）、林道の通行状況は飯田市の道路情報で確認すること",
    "sources": "OpenStreetMap（© OpenStreetMap contributors, ODbL 1.0）Geofabrik japan-latest.osm.pbf 2026-09-18T20:21:10Z node/1647792596 ｜ 国土地理院ベクトルタイル提供実験 地理院地図の徒歩道の起点（35.378102, 138.077344、JGD2011、25m差）2026-09-21確認 ｜ 国土地理院 地名検索「易老渡」（35.376886, 138.076327、JGD2011、151m差）2026-09-20確認",
    "verifiedAt": "2026-09-20"
   }
  },
  {
   "type": "Feature",
   "geometry": {
    "type": "Point",
    "coordinates": [
     138.0277655,
     35.4334187
    ]
   },
   "properties": {
    "id": "TH-n1647798961",
    "kind": "trailhead",
    "name": "御池山 登山口",
    "datum": "WGS84",
    "mountainIds": "454",
    "mountainNames": "奥茶臼山",
    "lists": "日本三百名山",
    "routes": "OSM登山道「尾高山・奥茶臼山登山コース」",
    "entryType": "登山口（OSMの登山口地物）",
    "trailKmToSummit": "奥茶臼山:7.78km",
    "related": "PK-w847996887(115m) PK-w847996889(189m)",
    "attributes": "OSM登山ルート: 尾高山・奥茶臼山登山コース",
    "status": "adopted",
    "accuracyM": 15,
    "needsReview": "近くの道路にゲートあり（車両通行止め・季節閉鎖の可能性）、採用の根拠: OSMの登山口名と、地理院地図の徒歩道が道路から始まる位置の一致（公式情報では未確認）",
    "sources": "OpenStreetMap（© OpenStreetMap contributors, ODbL 1.0）Geofabrik japan-latest.osm.pbf 2026-09-18T20:21:10Z node/1647798961 ｜ 国土地理院ベクトルタイル提供実験 地理院地図の徒歩道の起点（35.433425, 138.027766、JGD2011、1m差）2026-09-21確認",
    "verifiedAt": ""
   }
  },
  {
   "type": "Feature",
   "geometry": {
    "type": "Point",
    "coordinates": [
     138.0304353,
     35.4382435
    ]
   },
   "properties": {
    "id": "TH-n1647799291",
    "kind": "trailhead",
    "name": "しらびそ峠",
    "datum": "WGS84",
    "mountainIds": "454",
    "mountainNames": "奥茶臼山",
    "lists": "日本三百名山",
    "routes": "OSM登山道「尾高山ミニ登山コース」、OSM登山道「尾高山・奥茶臼山登山コース」",
    "entryType": "峠（道路との接続）",
    "trailKmToSummit": "奥茶臼山:7.41km",
    "related": "PK-w954096735(80m) PK-w847996889(397m) PK-w847996887(489m)",
    "attributes": "OSM登山ルート: 尾高山・奥茶臼山登山コース",
    "status": "adopted",
    "accuracyM": 30,
    "needsReview": "近くの道路にゲートあり（車両通行止め・季節閉鎖の可能性）",
    "sources": "OpenStreetMap（© OpenStreetMap contributors, ODbL 1.0）Geofabrik japan-latest.osm.pbf 2026-09-18T20:21:10Z node/1647799291（登山道と道路の接続点） ｜ 国土地理院 地名検索「しらびそ峠」（35.438392, 138.030520、JGD2011、18m差）2026-09-20確認",
    "verifiedAt": "2026-09-20"
   }
  },
  {
   "type": "Feature",
   "geometry": {
    "type": "Point",
    "coordinates": [
     138.048079,
     35.447444
    ]
   },
   "properties": {
    "id": "TH-n1647801918",
    "kind": "trailhead",
    "name": "（名称未確認）",
    "datum": "WGS84",
    "mountainIds": "460 472",
    "mountainNames": "赤石岳、聖岳",
    "lists": "日本百名山|日本二百名山|日本三百名山|甲信越百名山",
    "routes": "",
    "entryType": "登山口（OSMの登山口地物）",
    "trailKmToSummit": "赤石岳:14.06km 聖岳:13.95km",
    "related": "",
    "attributes": "",
    "status": "provisional",
    "accuracyM": 15,
    "needsReview": "名称未確認、公式情報または2情報源での確認が必要",
    "sources": "OpenStreetMap（© OpenStreetMap contributors, ODbL 1.0）Geofabrik japan-latest.osm.pbf 2026-09-18T20:21:10Z node/1647801918",
    "verifiedAt": ""
   }
  },
  {
   "type": "Feature",
   "geometry": {
    "type": "Point",
    "coordinates": [
     138.063499,
     35.454553
    ]
   },
   "properties": {
    "id": "TH-n1647804698",
    "kind": "trailhead",
    "name": "大沢岳第二登山口",
    "datum": "WGS84",
    "mountainIds": "460 472",
    "mountainNames": "赤石岳、聖岳",
    "lists": "日本百名山|日本二百名山|日本三百名山|甲信越百名山",
    "routes": "",
    "entryType": "登山口（OSMの登山口地物）",
    "trailKmToSummit": "赤石岳:11.11km 聖岳:11.0km",
    "related": "",
    "attributes": "",
    "status": "provisional",
    "accuracyM": 15,
    "needsReview": "林道からの入口（マイカー進入可否を要確認）、公式情報または2情報源での確認が必要",
    "sources": "OpenStreetMap（© OpenStreetMap contributors, ODbL 1.0）Geofabrik japan-latest.osm.pbf 2026-09-18T20:21:10Z node/1647804698",
    "verifiedAt": ""
   }
  },
  {
   "type": "Feature",
   "geometry": {
    "type": "Point",
    "coordinates": [
     137.9290289,
     35.274395
    ]
   },
   "properties": {
    "id": "TH-n1655296038",
    "kind": "trailhead",
    "name": "青崩峠へ遊歩道入口",
    "datum": "WGS84",
    "mountainIds": "523",
    "mountainNames": "熊伏山",
    "lists": "日本三百名山",
    "routes": "",
    "entryType": "登山口（OSMの登山口地物）",
    "trailKmToSummit": "熊伏山:5.48km",
    "related": "PK-w954768553(24m) PK-w954504543(70m)",
    "attributes": "",
    "status": "adopted",
    "accuracyM": 15,
    "needsReview": "近くの道路にゲートあり（車両通行止め・季節閉鎖の可能性）",
    "sources": "OpenStreetMap（© OpenStreetMap contributors, ODbL 1.0）Geofabrik japan-latest.osm.pbf 2026-09-18T20:21:10Z node/1655296038 ｜ 国土地理院 地名検索「兵越峠」（35.274549, 137.928758、JGD2011、30m差）2026-09-20確認",
    "verifiedAt": "2026-09-20"
   }
  },
  {
   "type": "Feature",
   "geometry": {
    "type": "Point",
    "coordinates": [
     137.8065112,
     35.5352717
    ]
   },
   "properties": {
    "id": "TH-n1655375668",
    "kind": "trailhead",
    "name": "石灯籠",
    "datum": "WGS84",
    "mountainIds": "436",
    "mountainNames": "風越山",
    "lists": "東海の百山",
    "routes": "OSM登山道「押洞(おしぼら)ルート」、OSM登山道「表参道」",
    "entryType": "登山口（OSMの登山口地物）",
    "trailKmToSummit": "風越山:3.41km",
    "related": "",
    "attributes": "OSM登山ルート: 風越山・白山社奥宮表参道",
    "status": "provisional",
    "accuracyM": 15,
    "needsReview": "近くの道路にゲートあり（車両通行止め・季節閉鎖の可能性）、公式情報または2情報源での確認が必要",
    "sources": "OpenStreetMap（© OpenStreetMap contributors, ODbL 1.0）Geofabrik japan-latest.osm.pbf 2026-09-18T20:21:10Z node/1655375668",
    "verifiedAt": ""
   }
  },
  {
   "type": "Feature",
   "geometry": {
    "type": "Point",
    "coordinates": [
     137.7997169,
     36.382103
    ]
   },
   "properties": {
    "id": "TH-n1659666119",
    "kind": "trailhead",
    "name": "（名称未確認）有明山黒川口バス停付近",
    "datum": "WGS84",
    "mountainIds": "299",
    "mountainNames": "有明山",
    "lists": "日本二百名山|日本三百名山|甲信越百名山",
    "routes": "OSM登山道「表参道」",
    "entryType": "道路の終点付近",
    "trailKmToSummit": "有明山:3.92km",
    "related": "BS-kP11-22-20-bs3544(573m)",
    "attributes": "",
    "status": "provisional",
    "accuracyM": 30,
    "needsReview": "名称未確認、近くの道路にゲートあり（車両通行止め・季節閉鎖の可能性）、林道からの入口（マイカー進入可否を要確認）、公式情報または2情報源での確認が必要",
    "sources": "OpenStreetMap（© OpenStreetMap contributors, ODbL 1.0）Geofabrik japan-latest.osm.pbf 2026-09-18T20:21:10Z node/1659666119（登山道と道路の接続点）",
    "verifiedAt": ""
   }
  },
  {
   "type": "Feature",
   "geometry": {
    "type": "Point",
    "coordinates": [
     137.7766646,
     36.3326473
    ]
   },
   "properties": {
    "id": "TH-n1663309618",
    "kind": "trailhead",
    "name": "（名称未確認）",
    "datum": "WGS84",
    "mountainIds": "294",
    "mountainNames": "燕岳",
    "lists": "日本二百名山|日本三百名山|甲信越百名山|東海の百山",
    "routes": "",
    "entryType": "一般道との接続",
    "trailKmToSummit": "燕岳:15.53km",
    "related": "",
    "attributes": "",
    "status": "candidate",
    "accuracyM": 30,
    "needsReview": "名称未確認、公式情報または2情報源での確認が必要",
    "sources": "OpenStreetMap（© OpenStreetMap contributors, ODbL 1.0）Geofabrik japan-latest.osm.pbf 2026-09-18T20:21:10Z node/1663309618（登山道と道路の接続点）",
    "verifiedAt": ""
   }
  },
  {
   "type": "Feature",
   "geometry": {
    "type": "Point",
    "coordinates": [
     137.7896165,
     36.7506603
    ]
   },
   "properties": {
    "id": "TH-n1668145511",
    "kind": "trailhead",
    "name": "（名称未確認）",
    "datum": "WGS84",
    "mountainIds": "235 244",
    "mountainNames": "朝日岳、雪倉岳",
    "lists": "日本三百名山|甲信越百名山|日本二百名山",
    "routes": "",
    "entryType": "道路の終点付近",
    "trailKmToSummit": "朝日岳:14.97km 雪倉岳:9.95km",
    "related": "",
    "attributes": "",
    "status": "candidate",
    "accuracyM": 30,
    "needsReview": "名称未確認、林道からの入口（マイカー進入可否を要確認）、公式情報または2情報源での確認が必要",
    "sources": "OpenStreetMap（© OpenStreetMap contributors, ODbL 1.0）Geofabrik japan-latest.osm.pbf 2026-09-18T20:21:10Z node/1668145511（登山道と道路の接続点）",
    "verifiedAt": ""
   }
  },
  {
   "type": "Feature",
   "geometry": {
    "type": "Point",
    "coordinates": [
     138.1137233,
     35.5502491
    ]
   },
   "properties": {
    "id": "TH-n1669425258",
    "kind": "trailhead",
    "name": "鳥倉登山口（塩見岳・三伏峠）",
    "datum": "WGS84",
    "mountainIds": "431",
    "mountainNames": "塩見岳",
    "lists": "日本百名山|日本二百名山|日本三百名山|甲信越百名山",
    "routes": "OSM登山道「三伏峠鳥倉ルート」、鳥倉登山口コース",
    "entryType": "登山口（OSMの登山口地物）",
    "trailKmToSummit": "塩見岳:10.09km",
    "related": "PK-w1282736669(212m) PK-n11098483879(230m)",
    "attributes": "restriction=越路ゲートまで車両通行可。越路ゲート〜登山口（約3km）はマイカー規制区間（大鹿村）; parking=越路ゲートの駐車場（トイレあり）。路上駐車は禁止; bus=登山バスは7月中旬〜8月下旬に運行予定（大鹿村）; season=鳥倉林道は例年12月中旬〜4月下旬が冬季閉鎖（冬期閉鎖ゲート〜登山口 約9km）; OSM登山ルート: 三伏峠鳥倉ルート",
    "status": "adopted",
    "accuracyM": 15,
    "needsReview": "近くの道路にゲートあり（車両通行止め・季節閉鎖の可能性）、大鹿村が登山道情報と路上駐車禁止の案内を公開している（大鹿村）、長野県登山安全条例の指定登山道では登山計画書の提出が必要",
    "sources": "OpenStreetMap（© OpenStreetMap contributors, ODbL 1.0）Geofabrik japan-latest.osm.pbf 2026-09-18T20:21:10Z node/1669425258 ｜ 国土地理院ベクトルタイル提供実験 地理院地図の徒歩道の起点（35.550265, 138.113740、JGD2011、2m差）2026-09-21確認 ｜ 公式情報: https://www.vill.ooshika.nagano.jp/tozandou/ ｜ 公式情報: https://www.vill.ooshika.nagano.jp/kaizansiki2018/ ｜ 公式情報: https://www.pref.nagano.lg.jp/kankoki/tozanjorei/tozanjorei.html",
    "verifiedAt": "2026-09-20"
   }
  },
  {
   "type": "Feature",
   "geometry": {
    "type": "Point",
    "coordinates": [
     138.1388395,
     35.557509
    ]
   },
   "properties": {
    "id": "TH-n1669426322",
    "kind": "trailhead",
    "name": "塩川分岐",
    "datum": "WGS84",
    "mountainIds": "431 449",
    "mountainNames": "塩見岳、悪沢岳",
    "lists": "日本百名山|日本二百名山|日本三百名山|甲信越百名山",
    "routes": "OSM登山道「三伏峠鳥倉ルート」",
    "entryType": "登山口（OSMの登山口地物）",
    "trailKmToSummit": "塩見岳:6.42km 悪沢岳:14.14km",
    "related": "",
    "attributes": "OSM登山ルート: 三伏峠鳥倉ルート",
    "status": "provisional",
    "accuracyM": 15,
    "needsReview": "公式情報または2情報源での確認が必要",
    "sources": "OpenStreetMap（© OpenStreetMap contributors, ODbL 1.0）Geofabrik japan-latest.osm.pbf 2026-09-18T20:21:10Z node/1669426322",
    "verifiedAt": ""
   }
  },
  {
   "type": "Feature",
   "geometry": {
    "type": "Point",
    "coordinates": [
     138.1092569,
     35.572914
    ]
   },
   "properties": {
    "id": "TH-n1669426870",
    "kind": "trailhead",
    "name": "塩川登山口",
    "datum": "WGS84",
    "mountainIds": "431",
    "mountainNames": "塩見岳",
    "lists": "日本百名山|日本二百名山|日本三百名山|甲信越百名山",
    "routes": "",
    "entryType": "登山口（OSMの登山口地物）",
    "trailKmToSummit": "塩見岳:10.3km",
    "related": "PK-w884940360(29m)",
    "attributes": "",
    "status": "provisional",
    "accuracyM": 15,
    "needsReview": "近くの道路にゲートあり（車両通行止め・季節閉鎖の可能性）、公式情報または2情報源での確認が必要",
    "sources": "OpenStreetMap（© OpenStreetMap contributors, ODbL 1.0）Geofabrik japan-latest.osm.pbf 2026-09-18T20:21:10Z node/1669426870",
    "verifiedAt": ""
   }
  },
  {
   "type": "Feature",
   "geometry": {
    "type": "Point",
    "coordinates": [
     138.551459,
     35.339212
    ]
   },
   "properties": {
    "id": "TH-n1670202460",
    "kind": "trailhead",
    "name": "（名称未確認）休暇村富士用駐車場付近",
    "datum": "WGS84",
    "mountainIds": "478",
    "mountainNames": "毛無山",
    "lists": "日本二百名山|日本三百名山|甲信越百名山",
    "routes": "",
    "entryType": "一般道との接続",
    "trailKmToSummit": "毛無山:11.47km",
    "related": "PK-w265003434(246m) PK-w265003433(249m) BS-kP11-22-22-bs145(258m) BS-n2706639126(262m) BS-kP11-22-22-bs146(899m)",
    "attributes": "",
    "status": "provisional",
    "accuracyM": 30,
    "needsReview": "名称未確認、公式情報または2情報源での確認が必要",
    "sources": "OpenStreetMap（© OpenStreetMap contributors, ODbL 1.0）Geofabrik japan-latest.osm.pbf 2026-09-18T20:21:10Z node/1670202460（登山道と道路の接続点）",
    "verifiedAt": ""
   }
  },
  {
   "type": "Feature",
   "geometry": {
    "type": "Point",
    "coordinates": [
     138.5634015,
     35.3473221
    ]
   },
   "properties": {
    "id": "TH-n1670210820",
    "kind": "trailhead",
    "name": "（名称未確認）田貫湖南バス停付近",
    "datum": "WGS84",
    "mountainIds": "478",
    "mountainNames": "毛無山",
    "lists": "日本二百名山|日本三百名山|甲信越百名山",
    "routes": "OSM登山道「東海自然歩道」",
    "entryType": "一般道との接続",
    "trailKmToSummit": "毛無山:12.76km",
    "related": "PK-w1383838063(319m) PK-w1244576629(447m) BS-kP11-22-22-bs132(514m) BS-kP11-22-22-bs146(729m) BS-kP11-22-22-bs100(835m)",
    "attributes": "OSM登山ルート: 東海自然歩道",
    "status": "provisional",
    "accuracyM": 30,
    "needsReview": "名称未確認、公式情報または2情報源での確認が必要",
    "sources": "OpenStreetMap（© OpenStreetMap contributors, ODbL 1.0）Geofabrik japan-latest.osm.pbf 2026-09-18T20:21:10Z node/1670210820（登山道と道路の接続点）",
    "verifiedAt": ""
   }
  },
  {
   "type": "Feature",
   "geometry": {
    "type": "Point",
    "coordinates": [
     138.558936,
     35.375044
    ]
   },
   "properties": {
    "id": "TH-n1670227675",
    "kind": "trailhead",
    "name": "（名称未確認）猪の頭バス停付近",
    "datum": "WGS84",
    "mountainIds": "478",
    "mountainNames": "毛無山",
    "lists": "日本二百名山|日本三百名山|甲信越百名山",
    "routes": "",
    "entryType": "一般道との接続",
    "trailKmToSummit": "毛無山:6.86km",
    "related": "PK-w264991624(301m) PK-w264991623(401m) BS-kP11-22-22-bs23(745m) BS-kP11-22-22-bs29(827m) BS-kP11-22-22-bs18(880m)",
    "attributes": "",
    "status": "provisional",
    "accuracyM": 30,
    "needsReview": "名称未確認、公式情報または2情報源での確認が必要",
    "sources": "OpenStreetMap（© OpenStreetMap contributors, ODbL 1.0）Geofabrik japan-latest.osm.pbf 2026-09-18T20:21:10Z node/1670227675（登山道と道路の接続点）",
    "verifiedAt": ""
   }
  },
  {
   "type": "Feature",
   "geometry": {
    "type": "Point",
    "coordinates": [
     137.746645,
     35.778749
    ]
   },
   "properties": {
    "id": "TH-n1675293366",
    "kind": "trailhead",
    "name": "敬神小屋",
    "datum": "WGS84",
    "mountainIds": "389 391",
    "mountainNames": "木曽駒ヶ岳、宝剣岳",
    "lists": "日本百名山|日本二百名山|日本三百名山|甲信越百名山|東海の百山",
    "routes": "",
    "entryType": "施設（山小屋・宿・キャンプ場）からの入口",
    "trailKmToSummit": "木曽駒ヶ岳:6.83km 宝剣岳:7.9km",
    "related": "",
    "attributes": "",
    "status": "provisional",
    "accuracyM": 15,
    "needsReview": "近くの道路にゲートあり（車両通行止め・季節閉鎖の可能性）、公式情報または2情報源での確認が必要",
    "sources": "OpenStreetMap（© OpenStreetMap contributors, ODbL 1.0）Geofabrik japan-latest.osm.pbf 2026-09-18T20:21:10Z node/1675293366",
    "verifiedAt": ""
   }
  },
  {
   "type": "Feature",
   "geometry": {
    "type": "Point",
    "coordinates": [
     138.4810089,
     36.6790819
    ]
   },
   "properties": {
    "id": "TH-n1758981051",
    "kind": "trailhead",
    "name": "（名称未確認）",
    "datum": "WGS84",
    "mountainIds": "261",
    "mountainNames": "笠ヶ岳",
    "lists": "日本三百名山",
    "routes": "",
    "entryType": "一般道（県道以上）との接続",
    "trailKmToSummit": "笠ヶ岳:0.28km",
    "related": "PK-w1345024916(398m) PK-w1345024915(465m) PK-w1345024917(466m)",
    "attributes": "",
    "status": "provisional",
    "accuracyM": 30,
    "needsReview": "名称未確認、近くの道路にゲートあり（車両通行止め・季節閉鎖の可能性）、公式情報または2情報源での確認が必要",
    "sources": "OpenStreetMap（© OpenStreetMap contributors, ODbL 1.0）Geofabrik japan-latest.osm.pbf 2026-09-18T20:21:10Z node/1758981051（登山道と道路の接続点）",
    "verifiedAt": ""
   }
  },
  {
   "type": "Feature",
   "geometry": {
    "type": "Point",
    "coordinates": [
     138.5111775,
     36.7251438
    ]
   },
   "properties": {
    "id": "TH-n1759063938",
    "kind": "trailhead",
    "name": "（名称未確認）ブナ平ゴンドラリフト付近",
    "datum": "WGS84",
    "mountainIds": "250 258",
    "mountainNames": "岩菅山、志賀山",
    "lists": "日本二百名山|日本三百名山|甲信越百名山",
    "routes": "",
    "entryType": "索道駅",
    "trailKmToSummit": "岩菅山:7.3km 志賀山:10.89km",
    "related": "PK-w940252369(248m) BS-kP11-22-20-bs808(223m) BS-kP11-22-20-bs824(335m) BS-kP11-22-20-bs775(713m)",
    "attributes": "",
    "status": "provisional",
    "accuracyM": 30,
    "needsReview": "名称未確認、公式情報または2情報源での確認が必要",
    "sources": "OpenStreetMap（© OpenStreetMap contributors, ODbL 1.0）Geofabrik japan-latest.osm.pbf 2026-09-18T20:21:10Z node/1759063938（登山道と道路の接続点） ｜ 国土地理院 地名検索「東館山ゴンドラリフト」（36.726537, 138.511333、JGD2011、155m差）2026-09-20確認",
    "verifiedAt": "2026-09-20"
   }
  },
  {
   "type": "Feature",
   "geometry": {
    "type": "Point",
    "coordinates": [
     138.5022655,
     36.672714
    ]
   },
   "properties": {
    "id": "TH-n1762618418",
    "kind": "trailhead",
    "name": "（名称未確認）横手山スキー場バス停付近",
    "datum": "WGS84",
    "mountainIds": "261",
    "mountainNames": "笠ヶ岳",
    "lists": "日本三百名山",
    "routes": "OSM登山道「南志賀パノラマルート」",
    "entryType": "道路の終点付近",
    "trailKmToSummit": "笠ヶ岳:2.3km",
    "related": "BS-kP11-22-20-bs1191(735m)",
    "attributes": "",
    "status": "provisional",
    "accuracyM": 30,
    "needsReview": "名称未確認、近くの道路にゲートあり（車両通行止め・季節閉鎖の可能性）、林道からの入口（マイカー進入可否を要確認）、公式情報または2情報源での確認が必要",
    "sources": "OpenStreetMap（© OpenStreetMap contributors, ODbL 1.0）Geofabrik japan-latest.osm.pbf 2026-09-18T20:21:10Z node/1762618418（登山道と道路の接続点）",
    "verifiedAt": ""
   }
  },
  {
   "type": "Feature",
   "geometry": {
    "type": "Point",
    "coordinates": [
     138.4783198,
     36.6740094
    ]
   },
   "properties": {
    "id": "TH-n1762618510",
    "kind": "trailhead",
    "name": "（名称未確認）",
    "datum": "WGS84",
    "mountainIds": "261",
    "mountainNames": "笠ヶ岳",
    "lists": "日本三百名山",
    "routes": "OSM登山道「南志賀パノラマルート」",
    "entryType": "道路の終点付近",
    "trailKmToSummit": "笠ヶ岳:0.41km",
    "related": "PK-w1425581857(46m) PK-w1345024914(180m) PK-w1345024915(195m)",
    "attributes": "",
    "status": "provisional",
    "accuracyM": 30,
    "needsReview": "名称未確認、近くの道路にゲートあり（車両通行止め・季節閉鎖の可能性）、林道からの入口（マイカー進入可否を要確認）、公式情報または2情報源での確認が必要",
    "sources": "OpenStreetMap（© OpenStreetMap contributors, ODbL 1.0）Geofabrik japan-latest.osm.pbf 2026-09-18T20:21:10Z node/1762618510（登山道と道路の接続点）",
    "verifiedAt": ""
   }
  },
  {
   "type": "Feature",
   "geometry": {
    "type": "Point",
    "coordinates": [
     138.1639307,
     36.8101019
    ]
   },
   "properties": {
    "id": "TH-n1781006389",
    "kind": "trailhead",
    "name": "（名称未確認）長水バス停付近",
    "datum": "WGS84",
    "mountainIds": "239",
    "mountainNames": "黒姫山",
    "lists": "日本二百名山|日本三百名山|甲信越百名山",
    "routes": "",
    "entryType": "一般道との接続",
    "trailKmToSummit": "黒姫山:4.3km",
    "related": "BS-kP11-22-20-bs302(519m)",
    "attributes": "",
    "status": "provisional",
    "accuracyM": 30,
    "needsReview": "名称未確認、公式情報または2情報源での確認が必要",
    "sources": "OpenStreetMap（© OpenStreetMap contributors, ODbL 1.0）Geofabrik japan-latest.osm.pbf 2026-09-18T20:21:10Z node/1781006389（登山道と道路の接続点）",
    "verifiedAt": ""
   }
  },
  {
   "type": "Feature",
   "geometry": {
    "type": "Point",
    "coordinates": [
     138.1606017,
     36.812603
    ]
   },
   "properties": {
    "id": "TH-n1781006944",
    "kind": "trailhead",
    "name": "（名称未確認）長水バス停付近",
    "datum": "WGS84",
    "mountainIds": "239",
    "mountainNames": "黒姫山",
    "lists": "日本二百名山|日本三百名山|甲信越百名山",
    "routes": "",
    "entryType": "道路の終点付近",
    "trailKmToSummit": "黒姫山:3.95km",
    "related": "BS-kP11-22-20-bs302(924m)",
    "attributes": "",
    "status": "provisional",
    "accuracyM": 30,
    "needsReview": "名称未確認、林道からの入口（マイカー進入可否を要確認）、公式情報または2情報源での確認が必要",
    "sources": "OpenStreetMap（© OpenStreetMap contributors, ODbL 1.0）Geofabrik japan-latest.osm.pbf 2026-09-18T20:21:10Z node/1781006944（登山道と道路の接続点）",
    "verifiedAt": ""
   }
  },
  {
   "type": "Feature",
   "geometry": {
    "type": "Point",
    "coordinates": [
     138.444545,
     35.243625
    ]
   },
   "properties": {
    "id": "TH-n1784492408",
    "kind": "trailhead",
    "name": "（名称未確認）",
    "datum": "WGS84",
    "mountainIds": "531",
    "mountainNames": "篠井山",
    "lists": "甲信越百名山",
    "routes": "",
    "entryType": "林道との接続",
    "trailKmToSummit": "篠井山:1.77km",
    "related": "",
    "attributes": "",
    "status": "candidate",
    "accuracyM": 30,
    "needsReview": "名称未確認、林道からの入口（マイカー進入可否を要確認）、公式情報または2情報源での確認が必要",
    "sources": "OpenStreetMap（© OpenStreetMap contributors, ODbL 1.0）Geofabrik japan-latest.osm.pbf 2026-09-18T20:21:10Z node/1784492408（登山道と道路の接続点）",
    "verifiedAt": ""
   }
  },
  {
   "type": "Feature",
   "geometry": {
    "type": "Point",
    "coordinates": [
     138.4506793,
     35.2621483
    ]
   },
   "properties": {
    "id": "TH-n1784498498",
    "kind": "trailhead",
    "name": "（名称未確認）",
    "datum": "WGS84",
    "mountainIds": "531",
    "mountainNames": "篠井山",
    "lists": "甲信越百名山",
    "routes": "",
    "entryType": "一般道との接続",
    "trailKmToSummit": "篠井山:3.96km",
    "related": "",
    "attributes": "",
    "status": "candidate",
    "accuracyM": 30,
    "needsReview": "名称未確認、公式情報または2情報源での確認が必要",
    "sources": "OpenStreetMap（© OpenStreetMap contributors, ODbL 1.0）Geofabrik japan-latest.osm.pbf 2026-09-18T20:21:10Z node/1784498498（登山道と道路の接続点）",
    "verifiedAt": ""
   }
  },
  {
   "type": "Feature",
   "geometry": {
    "type": "Point",
    "coordinates": [
     138.447868,
     35.2779839
    ]
   },
   "properties": {
    "id": "TH-n1784501165",
    "kind": "trailhead",
    "name": "（名称未確認）",
    "datum": "WGS84",
    "mountainIds": "531",
    "mountainNames": "篠井山",
    "lists": "甲信越百名山",
    "routes": "",
    "entryType": "一般道との接続",
    "trailKmToSummit": "篠井山:4.83km",
    "related": "",
    "attributes": "",
    "status": "candidate",
    "accuracyM": 30,
    "needsReview": "名称未確認、公式情報または2情報源での確認が必要",
    "sources": "OpenStreetMap（© OpenStreetMap contributors, ODbL 1.0）Geofabrik japan-latest.osm.pbf 2026-09-18T20:21:10Z node/1784501165（登山道と道路の接続点）",
    "verifiedAt": ""
   }
  },
  {
   "type": "Feature",
   "geometry": {
    "type": "Point",
    "coordinates": [
     138.5080967,
     35.7798819
    ]
   },
   "properties": {
    "id": "TH-n1788791919",
    "kind": "trailhead",
    "name": "（名称未確認）",
    "datum": "WGS84",
    "mountainIds": "386",
    "mountainNames": "茅ヶ岳",
    "lists": "日本二百名山|日本三百名山|甲信越百名山",
    "routes": "OSM登山道「深田公園コース」",
    "entryType": "一般道との接続",
    "trailKmToSummit": "茅ヶ岳:1.8km",
    "related": "PK-n4178311238(47m)",
    "attributes": "",
    "status": "provisional",
    "accuracyM": 30,
    "needsReview": "名称未確認、登山道が道路を横断する地点（途中の入口の可能性）、公式情報または2情報源での確認が必要",
    "sources": "OpenStreetMap（© OpenStreetMap contributors, ODbL 1.0）Geofabrik japan-latest.osm.pbf 2026-09-18T20:21:10Z node/1788791919（登山道と道路の接続点）",
    "verifiedAt": ""
   }
  },
  {
   "type": "Feature",
   "geometry": {
    "type": "Point",
    "coordinates": [
     138.4888326,
     35.7900478
    ]
   },
   "properties": {
    "id": "TH-n1788804263",
    "kind": "trailhead",
    "name": "（名称未確認）",
    "datum": "WGS84",
    "mountainIds": "386",
    "mountainNames": "茅ヶ岳",
    "lists": "日本二百名山|日本三百名山|甲信越百名山",
    "routes": "OSM登山道「ふれあいの里コース」",
    "entryType": "一般道との接続",
    "trailKmToSummit": "茅ヶ岳:3.57km",
    "related": "PK-w966007300(488m)",
    "attributes": "",
    "status": "provisional",
    "accuracyM": 30,
    "needsReview": "名称未確認、公式情報または2情報源での確認が必要",
    "sources": "OpenStreetMap（© OpenStreetMap contributors, ODbL 1.0）Geofabrik japan-latest.osm.pbf 2026-09-18T20:21:10Z node/1788804263（登山道と道路の接続点）",
    "verifiedAt": ""
   }
  },
  {
   "type": "Feature",
   "geometry": {
    "type": "Point",
    "coordinates": [
     138.2902852,
     35.7991945
    ]
   },
   "properties": {
    "id": "TH-n1788813865",
    "kind": "trailhead",
    "name": "（名称未確認）",
    "datum": "WGS84",
    "mountainIds": "393",
    "mountainNames": "鋸岳",
    "lists": "日本二百名山|日本三百名山",
    "routes": "",
    "entryType": "一般道との接続",
    "trailKmToSummit": "鋸岳:11.59km",
    "related": "PK-n4255923929(3m)",
    "attributes": "",
    "status": "provisional",
    "accuracyM": 30,
    "needsReview": "名称未確認、登山道が道路を横断する地点（途中の入口の可能性）、公式情報または2情報源での確認が必要",
    "sources": "OpenStreetMap（© OpenStreetMap contributors, ODbL 1.0）Geofabrik japan-latest.osm.pbf 2026-09-18T20:21:10Z node/1788813865（登山道と道路の接続点）",
    "verifiedAt": ""
   }
  },
  {
   "type": "Feature",
   "geometry": {
    "type": "Point",
    "coordinates": [
     138.57883,
     35.904764
    ]
   },
   "properties": {
    "id": "TH-n1788958095",
    "kind": "trailhead",
    "name": "（名称未確認）",
    "datum": "WGS84",
    "mountainIds": "369 373",
    "mountainNames": "瑞牆山、金峰山",
    "lists": "日本百名山|日本二百名山|日本三百名山|甲信越百名山",
    "routes": "",
    "entryType": "一般道との接続",
    "trailKmToSummit": "瑞牆山:2.87km 金峰山:8.77km",
    "related": "PK-n7656562819(36m)",
    "attributes": "",
    "status": "provisional",
    "accuracyM": 30,
    "needsReview": "名称未確認、公式情報または2情報源での確認が必要",
    "sources": "OpenStreetMap（© OpenStreetMap contributors, ODbL 1.0）Geofabrik japan-latest.osm.pbf 2026-09-18T20:21:10Z node/1788958095（登山道と道路の接続点）",
    "verifiedAt": ""
   }
  },
  {
   "type": "Feature",
   "geometry": {
    "type": "Point",
    "coordinates": [
     138.5821398,
     35.8821771
    ]
   },
   "properties": {
    "id": "TH-n1789111563",
    "kind": "trailhead",
    "name": "（名称未確認）みずがき山荘バス停付近",
    "datum": "WGS84",
    "mountainIds": "369 373",
    "mountainNames": "瑞牆山、金峰山",
    "lists": "日本百名山|日本二百名山|日本三百名山|甲信越百名山",
    "routes": "",
    "entryType": "林道との接続",
    "trailKmToSummit": "瑞牆山:2.09km 金峰山:4.87km",
    "related": "PK-w161885542(477m) BS-kP11-22-19-bs15(514m)",
    "attributes": "",
    "status": "provisional",
    "accuracyM": 30,
    "needsReview": "名称未確認、林道からの入口（マイカー進入可否を要確認）、公式情報または2情報源での確認が必要",
    "sources": "OpenStreetMap（© OpenStreetMap contributors, ODbL 1.0）Geofabrik japan-latest.osm.pbf 2026-09-18T20:21:10Z node/1789111563（登山道と道路の接続点）",
    "verifiedAt": ""
   }
  },
  {
   "type": "Feature",
   "geometry": {
    "type": "Point",
    "coordinates": [
     138.3557099,
     36.055374
    ]
   },
   "properties": {
    "id": "TH-n1814376845",
    "kind": "trailhead",
    "name": "（名称未確認）白駒池入口バス停付近",
    "datum": "WGS84",
    "mountainIds": "350 355",
    "mountainNames": "天狗岳、八ヶ岳",
    "lists": "日本二百名山|日本三百名山|甲信越百名山|日本百名山",
    "routes": "",
    "entryType": "一般道（県道以上）との接続",
    "trailKmToSummit": "天狗岳:5.58km 八ヶ岳:12.29km",
    "related": "PK-w986524457(28m) BS-kP11-22-20-bs5971(6m) BS-kP11-22-20-bs5967(28m) BS-kP11-22-20-bs5924(945m)",
    "attributes": "",
    "status": "provisional",
    "accuracyM": 30,
    "needsReview": "名称未確認、公式情報または2情報源での確認が必要",
    "sources": "OpenStreetMap（© OpenStreetMap contributors, ODbL 1.0）Geofabrik japan-latest.osm.pbf 2026-09-18T20:21:10Z node/1814376845（登山道と道路の接続点）",
    "verifiedAt": ""
   }
  },
  {
   "type": "Feature",
   "geometry": {
    "type": "Point",
    "coordinates": [
     138.064563,
     36.7458512
    ]
   },
   "properties": {
    "id": "TH-n1870643813",
    "kind": "trailhead",
    "name": "（名称未確認）",
    "datum": "WGS84",
    "mountainIds": "245",
    "mountainNames": "戸隠山",
    "lists": "日本二百名山|日本三百名山|甲信越百名山",
    "routes": "",
    "entryType": "一般道との接続",
    "trailKmToSummit": "戸隠山:7.65km",
    "related": "PK-n11198863937(235m)",
    "attributes": "",
    "status": "provisional",
    "accuracyM": 30,
    "needsReview": "名称未確認、公式情報または2情報源での確認が必要",
    "sources": "OpenStreetMap（© OpenStreetMap contributors, ODbL 1.0）Geofabrik japan-latest.osm.pbf 2026-09-18T20:21:10Z node/1870643813（登山道と道路の接続点）",
    "verifiedAt": ""
   }
  },
  {
   "type": "Feature",
   "geometry": {
    "type": "Point",
    "coordinates": [
     138.063945,
     36.749073
    ]
   },
   "properties": {
    "id": "TH-n1870644130",
    "kind": "trailhead",
    "name": "（名称未確認）",
    "datum": "WGS84",
    "mountainIds": "242 245",
    "mountainNames": "高妻山、戸隠山",
    "lists": "日本百名山|日本二百名山|日本三百名山|甲信越百名山",
    "routes": "",
    "entryType": "一般道との接続",
    "trailKmToSummit": "高妻山:9.07km 戸隠山:3.79km",
    "related": "PK-n11198863937(136m)",
    "attributes": "",
    "status": "provisional",
    "accuracyM": 30,
    "needsReview": "名称未確認、公式情報または2情報源での確認が必要",
    "sources": "OpenStreetMap（© OpenStreetMap contributors, ODbL 1.0）Geofabrik japan-latest.osm.pbf 2026-09-18T20:21:10Z node/1870644130（登山道と道路の接続点）",
    "verifiedAt": ""
   }
  },
  {
   "type": "Feature",
   "geometry": {
    "type": "Point",
    "coordinates": [
     138.07712,
     36.751655
    ]
   },
   "properties": {
    "id": "TH-n1878498136",
    "kind": "trailhead",
    "name": "（名称未確認）森林植物園バス停付近",
    "datum": "WGS84",
    "mountainIds": "242 245",
    "mountainNames": "高妻山、戸隠山",
    "lists": "日本百名山|日本二百名山|日本三百名山|甲信越百名山",
    "routes": "",
    "entryType": "一般道（県道以上）との接続",
    "trailKmToSummit": "高妻山:9.13km 戸隠山:3.85km",
    "related": "PK-w1226070623(110m) PK-w1226070624(142m) PK-w435230870(419m) BS-kP11-22-20-bs611(173m) BS-kP11-22-20-bs640(525m) BS-kP11-22-20-bs559(545m)",
    "attributes": "",
    "status": "provisional",
    "accuracyM": 30,
    "needsReview": "名称未確認、公式情報または2情報源での確認が必要",
    "sources": "OpenStreetMap（© OpenStreetMap contributors, ODbL 1.0）Geofabrik japan-latest.osm.pbf 2026-09-18T20:21:10Z node/1878498136（登山道と道路の接続点）",
    "verifiedAt": ""
   }
  },
  {
   "type": "Feature",
   "geometry": {
    "type": "Point",
    "coordinates": [
     138.0743984,
     36.7561042
    ]
   },
   "properties": {
    "id": "TH-n1878498738",
    "kind": "trailhead",
    "name": "（名称未確認）戸隠奥社入口バス停付近",
    "datum": "WGS84",
    "mountainIds": "242 245",
    "mountainNames": "高妻山、戸隠山",
    "lists": "日本百名山|日本二百名山|日本三百名山|甲信越百名山",
    "routes": "",
    "entryType": "道路の終点付近",
    "trailKmToSummit": "高妻山:8.49km 戸隠山:3.21km",
    "related": "PK-w435230870(402m) PK-w435230871(448m) BS-kP11-22-20-bs559(458m) BS-kP11-22-20-bs559(458m) BS-kP11-22-20-bs611(703m)",
    "attributes": "",
    "status": "provisional",
    "accuracyM": 30,
    "needsReview": "名称未確認、林道からの入口（マイカー進入可否を要確認）、公式情報または2情報源での確認が必要",
    "sources": "OpenStreetMap（© OpenStreetMap contributors, ODbL 1.0）Geofabrik japan-latest.osm.pbf 2026-09-18T20:21:10Z node/1878498738（登山道と道路の接続点）",
    "verifiedAt": ""
   }
  },
  {
   "type": "Feature",
   "geometry": {
    "type": "Point",
    "coordinates": [
     137.6121712,
     36.2991652
    ]
   },
   "properties": {
    "id": "TH-n1910978564",
    "kind": "trailhead",
    "name": "白出小屋",
    "datum": "WGS84",
    "mountainIds": "286 300 303 305 308 317 318 319 324",
    "mountainNames": "赤牛岳、三俣蓮華岳、双六岳、大天井岳、槍ヶ岳、奥穂高岳、蝶ヶ岳、西穂独標、焼岳",
    "lists": "日本二百名山|日本三百名山|甲信越百名山|東海の百山|日本百名山",
    "routes": "",
    "entryType": "施設（山小屋・宿・キャンプ場）からの入口",
    "trailKmToSummit": "赤牛岳:24.33km 三俣蓮華岳:14.64km 双六岳:12.95km 大天井岳:15.66km 槍ヶ岳:7.49km 奥穂高岳:4.33km 蝶ヶ岳:14.7km 西穂独標:7.28km 焼岳:14.07km",
    "related": "",
    "attributes": "",
    "status": "provisional",
    "accuracyM": 15,
    "needsReview": "公式情報または2情報源での確認が必要",
    "sources": "OpenStreetMap（© OpenStreetMap contributors, ODbL 1.0）Geofabrik japan-latest.osm.pbf 2026-09-18T20:21:10Z node/1910978564",
    "verifiedAt": ""
   }
  },
  {
   "type": "Feature",
   "geometry": {
    "type": "Point",
    "coordinates": [
     137.7506959,
     36.3877612
    ]
   },
   "properties": {
    "id": "TH-n1954467701",
    "kind": "trailhead",
    "name": "有明山登山口（中房側）",
    "datum": "WGS84",
    "mountainIds": "299",
    "mountainNames": "有明山",
    "lists": "日本二百名山|日本三百名山|甲信越百名山",
    "routes": "",
    "entryType": "登山口（OSMの登山口地物）",
    "trailKmToSummit": "有明山:2.51km",
    "related": "PK-w184870440(34m) PK-w184870441(298m) PK-w184870439(324m) BS-kP11-22-20-bs3493(130m) BS-kP11-22-20-bs3450(599m)",
    "attributes": "",
    "status": "adopted",
    "accuracyM": 15,
    "needsReview": "長野県の山のグレーディング（2026年）に「有明山登山口(三段の滝)」（安曇野市、有明山）が載っている（長野県）、長野県登山安全条例により、指定登山道では登山計画書の提出が必要（長野県）",
    "sources": "OpenStreetMap（© OpenStreetMap contributors, ODbL 1.0）Geofabrik japan-latest.osm.pbf 2026-09-18T20:21:10Z node/1954467701 ｜ 公式情報: https://www.pref.nagano.lg.jp/kankoki/sangyo/kanko/documents/gradingmap26-a.pdf ｜ 公式情報: https://www.pref.nagano.lg.jp/kankoki/tozanjorei/tozanjorei.html",
    "verifiedAt": "2026-09-20"
   }
  },
  {
   "type": "Feature",
   "geometry": {
    "type": "Point",
    "coordinates": [
     137.7484352,
     36.3897732
    ]
   },
   "properties": {
    "id": "TH-n1954467705",
    "kind": "trailhead",
    "name": "有明山登山口（中房側）",
    "datum": "WGS84",
    "mountainIds": "299",
    "mountainNames": "有明山",
    "lists": "日本二百名山|日本三百名山|甲信越百名山",
    "routes": "",
    "entryType": "登山口（OSMの登山口地物）",
    "trailKmToSummit": "有明山:2.55km",
    "related": "PK-w184870441(12m) PK-w184870439(68m) PK-w184870440(276m) BS-kP11-22-20-bs3493(258m) BS-kP11-22-20-bs3450(311m)",
    "attributes": "restriction=松川村側の裏参道は、過去の大雨で橋の流失や登山道の崩落があり復旧の目途が立たず、利用を控えるよう案内されている",
    "status": "adopted",
    "accuracyM": 15,
    "needsReview": "松川村は表参道（安曇野市側）の利用を勧めている（松川村）、垂直に近い鎖場や急な登りが続く（松川村）、この地点がどちらの参道の登山口かは未確認、長野県の山のグレーディング（2026年）に安曇野市の「有明山登山口(三段の滝)」「有明山登山口(有明荘北側入口)」「表参道登山口」が載っている（長野県）",
    "sources": "OpenStreetMap（© OpenStreetMap contributors, ODbL 1.0）Geofabrik japan-latest.osm.pbf 2026-09-18T20:21:10Z node/1954467705 ｜ 公式情報: https://www.vill.matsukawa.nagano.jp/administration/?content=36 ｜ 公式情報: https://www.pref.nagano.lg.jp/kankoki/sangyo/kanko/documents/gradingmap26-a.pdf",
    "verifiedAt": "2026-09-20"
   }
  },
  {
   "type": "Feature",
   "geometry": {
    "type": "Point",
    "coordinates": [
     138.7280701,
     35.7920729
    ]
   },
   "properties": {
    "id": "TH-n1986906470",
    "kind": "trailhead",
    "name": "（名称未確認）和楽荘付近",
    "datum": "WGS84",
    "mountainIds": "374 383",
    "mountainNames": "国師ヶ岳、乾徳山",
    "lists": "日本三百名山|日本二百名山|甲信越百名山",
    "routes": "",
    "entryType": "一般道との接続",
    "trailKmToSummit": "国師ヶ岳:14.27km 乾徳山:4.26km",
    "related": "PK-w188065521(337m) BS-kP11-22-19-bs254(366m) BS-kP11-22-19-bs247(982m)",
    "attributes": "",
    "status": "provisional",
    "accuracyM": 30,
    "needsReview": "名称未確認、近くの道路にゲートあり（車両通行止め・季節閉鎖の可能性）、公式情報または2情報源での確認が必要",
    "sources": "OpenStreetMap（© OpenStreetMap contributors, ODbL 1.0）Geofabrik japan-latest.osm.pbf 2026-09-18T20:21:10Z node/1986906470（登山道と道路の接続点）",
    "verifiedAt": ""
   }
  },
  {
   "type": "Feature",
   "geometry": {
    "type": "Point",
    "coordinates": [
     138.467979,
     37.27294
    ]
   },
   "properties": {
    "id": "TH-n2008596222",
    "kind": "trailhead",
    "name": "（名称未確認）",
    "datum": "WGS84",
    "mountainIds": "197",
    "mountainNames": "米山",
    "lists": "日本三百名山|甲信越百名山",
    "routes": "",
    "entryType": "一般道との接続",
    "trailKmToSummit": "米山:2.8km",
    "related": "",
    "attributes": "",
    "status": "candidate",
    "accuracyM": 30,
    "needsReview": "名称未確認、公式情報または2情報源での確認が必要",
    "sources": "OpenStreetMap（© OpenStreetMap contributors, ODbL 1.0）Geofabrik japan-latest.osm.pbf 2026-09-18T20:21:10Z node/2008596222（登山道と道路の接続点）",
    "verifiedAt": ""
   }
  },
  {
   "type": "Feature",
   "geometry": {
    "type": "Point",
    "coordinates": [
     138.3635409,
     38.0769205
    ]
   },
   "properties": {
    "id": "TH-n2017804273",
    "kind": "trailhead",
    "name": "栗ヶ沢登山口",
    "datum": "WGS84",
    "mountainIds": "171",
    "mountainNames": "金北山",
    "lists": "日本三百名山|甲信越百名山",
    "routes": "",
    "entryType": "登山口（OSMの登山口地物）",
    "trailKmToSummit": "金北山:4.2km",
    "related": "",
    "attributes": "",
    "status": "adopted",
    "accuracyM": 15,
    "needsReview": "採用の根拠: OSMの登山口名と、地理院地図の徒歩道が道路から始まる位置の一致（公式情報では未確認）",
    "sources": "OpenStreetMap（© OpenStreetMap contributors, ODbL 1.0）Geofabrik japan-latest.osm.pbf 2026-09-18T20:21:10Z node/2017804273 ｜ 国土地理院ベクトルタイル提供実験 地理院地図の徒歩道の起点（38.077000, 138.363573、JGD2011、9m差）2026-09-21確認",
    "verifiedAt": ""
   }
  },
  {
   "type": "Feature",
   "geometry": {
    "type": "Point",
    "coordinates": [
     138.381326,
     38.077602
    ]
   },
   "properties": {
    "id": "TH-n2017804668",
    "kind": "trailhead",
    "name": "（名称未確認）",
    "datum": "WGS84",
    "mountainIds": "171",
    "mountainNames": "金北山",
    "lists": "日本三百名山|甲信越百名山",
    "routes": "",
    "entryType": "一般道との接続",
    "trailKmToSummit": "金北山:4.82km",
    "related": "",
    "attributes": "",
    "status": "candidate",
    "accuracyM": 30,
    "needsReview": "名称未確認、公式情報または2情報源での確認が必要",
    "sources": "OpenStreetMap（© OpenStreetMap contributors, ODbL 1.0）Geofabrik japan-latest.osm.pbf 2026-09-18T20:21:10Z node/2017804668（登山道と道路の接続点）",
    "verifiedAt": ""
   }
  },
  {
   "type": "Feature",
   "geometry": {
    "type": "Point",
    "coordinates": [
     138.349524,
     38.088568
    ]
   },
   "properties": {
    "id": "TH-n2017809218",
    "kind": "trailhead",
    "name": "（名称未確認）",
    "datum": "WGS84",
    "mountainIds": "171",
    "mountainNames": "金北山",
    "lists": "日本三百名山|甲信越百名山",
    "routes": "",
    "entryType": "道路の終点付近",
    "trailKmToSummit": "金北山:1.88km",
    "related": "",
    "attributes": "",
    "status": "candidate",
    "accuracyM": 30,
    "needsReview": "名称未確認、林道からの入口（マイカー進入可否を要確認）、公式情報または2情報源での確認が必要",
    "sources": "OpenStreetMap（© OpenStreetMap contributors, ODbL 1.0）Geofabrik japan-latest.osm.pbf 2026-09-18T20:21:10Z node/2017809218（登山道と道路の接続点）",
    "verifiedAt": ""
   }
  },
  {
   "type": "Feature",
   "geometry": {
    "type": "Point",
    "coordinates": [
     138.8533558,
     35.7361945
    ]
   },
   "properties": {
    "id": "TH-n2031835752",
    "kind": "trailhead",
    "name": "大菩薩峠",
    "datum": "WGS84",
    "mountainIds": "388 398 421",
    "mountainNames": "黒川鶏冠山、大菩薩嶺、滝子山",
    "lists": "甲信越百名山|日本百名山|日本二百名山|日本三百名山",
    "routes": "OSM登山道「大菩薩峠線」",
    "entryType": "峠（道路との接続）",
    "trailKmToSummit": "黒川鶏冠山:10.65km 大菩薩嶺:1.67km 滝子山:14.13km",
    "related": "PK-w1558458564(12m)",
    "attributes": "",
    "status": "provisional",
    "accuracyM": 30,
    "needsReview": "林道上の地点（尾根上の峠・山小屋の可能性。登山口かどうか要確認）、林道からの入口（マイカー進入可否を要確認）、公式情報または2情報源での確認が必要",
    "sources": "OpenStreetMap（© OpenStreetMap contributors, ODbL 1.0）Geofabrik japan-latest.osm.pbf 2026-09-18T20:21:10Z node/2031835752（登山道と道路の接続点） ｜ 国土地理院 地名検索「大菩薩峠」（35.735902, 138.853330、JGD2011、32m差）2026-09-13確認",
    "verifiedAt": "2026-09-13"
   }
  },
  {
   "type": "Feature",
   "geometry": {
    "type": "Point",
    "coordinates": [
     138.8389623,
     35.7365791
    ]
   },
   "properties": {
    "id": "TH-n2031835771",
    "kind": "trailhead",
    "name": "（名称未確認）上日川峠（大菩薩）バス停付近",
    "datum": "WGS84",
    "mountainIds": "388 398",
    "mountainNames": "黒川鶏冠山、大菩薩嶺",
    "lists": "甲信越百名山|日本百名山|日本二百名山|日本三百名山",
    "routes": "OSM登山道「大菩薩峠線」、OSM登山道「旧道」",
    "entryType": "林道との接続",
    "trailKmToSummit": "黒川鶏冠山:11.47km 大菩薩嶺:2.48km",
    "related": "BS-kP11-22-19-bs524(801m) BS-kP11-22-19-bs536(867m)",
    "attributes": "OSM登山ルート: 大菩薩山 ループ",
    "status": "provisional",
    "accuracyM": 30,
    "needsReview": "名称未確認、林道からの入口（マイカー進入可否を要確認）、公式情報または2情報源での確認が必要",
    "sources": "OpenStreetMap（© OpenStreetMap contributors, ODbL 1.0）Geofabrik japan-latest.osm.pbf 2026-09-18T20:21:10Z node/2031835771（登山道と道路の接続点）",
    "verifiedAt": ""
   }
  },
  {
   "type": "Feature",
   "geometry": {
    "type": "Point",
    "coordinates": [
     138.477323,
     37.292186
    ]
   },
   "properties": {
    "id": "TH-n2057216700",
    "kind": "trailhead",
    "name": "（名称未確認）",
    "datum": "WGS84",
    "mountainIds": "197",
    "mountainNames": "米山",
    "lists": "日本三百名山|甲信越百名山",
    "routes": "",
    "entryType": "一般道との接続",
    "trailKmToSummit": "米山:0.75km",
    "related": "",
    "attributes": "",
    "status": "candidate",
    "accuracyM": 30,
    "needsReview": "名称未確認、公式情報または2情報源での確認が必要",
    "sources": "OpenStreetMap（© OpenStreetMap contributors, ODbL 1.0）Geofabrik japan-latest.osm.pbf 2026-09-18T20:21:10Z node/2057216700（登山道と道路の接続点）",
    "verifiedAt": ""
   }
  },
  {
   "type": "Feature",
   "geometry": {
    "type": "Point",
    "coordinates": [
     138.479093,
     37.309495
    ]
   },
   "properties": {
    "id": "TH-n2057224211",
    "kind": "trailhead",
    "name": "（名称未確認）",
    "datum": "WGS84",
    "mountainIds": "197",
    "mountainNames": "米山",
    "lists": "日本三百名山|甲信越百名山",
    "routes": "",
    "entryType": "一般道との接続",
    "trailKmToSummit": "米山:2.61km",
    "related": "",
    "attributes": "",
    "status": "candidate",
    "accuracyM": 30,
    "needsReview": "名称未確認、公式情報または2情報源での確認が必要",
    "sources": "OpenStreetMap（© OpenStreetMap contributors, ODbL 1.0）Geofabrik japan-latest.osm.pbf 2026-09-18T20:21:10Z node/2057224211（登山道と道路の接続点）",
    "verifiedAt": ""
   }
  },
  {
   "type": "Feature",
   "geometry": {
    "type": "Point",
    "coordinates": [
     137.911114,
     35.2525418
    ]
   },
   "properties": {
    "id": "TH-n2137374031",
    "kind": "trailhead",
    "name": "青崩峠",
    "datum": "WGS84",
    "mountainIds": "523",
    "mountainNames": "熊伏山",
    "lists": "日本三百名山",
    "routes": "OSM登山道「秋葉街道」",
    "entryType": "峠（道路との接続）",
    "trailKmToSummit": "熊伏山:2.63km",
    "related": "PK-w954809826(4m) PK-w954102187(338m)",
    "attributes": "",
    "status": "adopted",
    "accuracyM": 30,
    "needsReview": "林道上の地点（尾根上の峠・山小屋の可能性。登山口かどうか要確認）、近くの道路にゲートあり（車両通行止め・季節閉鎖の可能性）、林道からの入口（マイカー進入可否を要確認）、採用の根拠: OSMの登山口名と、地理院地図の徒歩道が道路から始まる位置の一致（公式情報では未確認）",
    "sources": "OpenStreetMap（© OpenStreetMap contributors, ODbL 1.0）Geofabrik japan-latest.osm.pbf 2026-09-18T20:21:10Z node/2137374031（登山道と道路の接続点） ｜ 国土地理院 地名検索「青崩峠」（35.254188, 137.910842、JGD2011、184m差）2026-09-20確認 ｜ 国土地理院ベクトルタイル提供実験 地理院地図の徒歩道の起点（35.252492, 137.911115、JGD2011、6m差）2026-09-21確認",
    "verifiedAt": "2026-09-20"
   }
  },
  {
   "type": "Feature",
   "geometry": {
    "type": "Point",
    "coordinates": [
     138.3453328,
     35.635543
    ]
   },
   "properties": {
    "id": "TH-n2287553101",
    "kind": "trailhead",
    "name": "夜叉神峠登山口",
    "datum": "WGS84",
    "mountainIds": "406",
    "mountainNames": "鳳凰山",
    "lists": "日本百名山|日本二百名山|日本三百名山|甲信越百名山",
    "routes": "夜叉神峠コース",
    "entryType": "登山口（OSMの登山口地物）",
    "trailKmToSummit": "鳳凰山:10.42km",
    "related": "PK-w242681306(56m)",
    "attributes": "OSM登山ルート: 鳳凰三山縦走路",
    "status": "adopted",
    "accuracyM": 15,
    "needsReview": "近くの道路にゲートあり（車両通行止め・季節閉鎖の可能性）、採用の根拠: OSMの登山口名と、地理院地図の徒歩道が道路から始まる位置の一致（公式情報では未確認）",
    "sources": "OpenStreetMap（© OpenStreetMap contributors, ODbL 1.0）Geofabrik japan-latest.osm.pbf 2026-09-18T20:21:10Z node/2287553101 ｜ 国土地理院ベクトルタイル提供実験 地理院地図の徒歩道の起点（35.635553, 138.345656、JGD2011、29m差）2026-09-21確認",
    "verifiedAt": ""
   }
  },
  {
   "type": "Feature",
   "geometry": {
    "type": "Point",
    "coordinates": [
     137.6352483,
     36.2462826
    ]
   },
   "properties": {
    "id": "TH-n2293340109",
    "kind": "trailhead",
    "name": "上高地バスターミナル",
    "datum": "WGS84",
    "mountainIds": "308 317 318 319 324 327",
    "mountainNames": "槍ヶ岳、奥穂高岳、蝶ヶ岳、西穂独標、焼岳、霞沢岳",
    "lists": "日本百名山|日本二百名山|日本三百名山|甲信越百名山|東海の百山",
    "routes": "上高地（焼岳小屋）コース、岳沢（重太郎新道）コース、槍沢コース（上高地）、涸沢（ザイテングラート）コース、表銀座縦走（中房温泉〜上高地）",
    "entryType": "駐車場・バス停（林道・車道を経由して登山道へ）",
    "trailKmToSummit": "槍ヶ岳:13.35km 奥穂高岳:6.31km 蝶ヶ岳:12.25km 西穂独標:7.05km 焼岳:13.84km 霞沢岳:11.99km",
    "related": "PK-w1240335071(246m) BS-kP11-22-20-bs4501(60m) BS-kP11-22-20-bs4500(76m) BS-kP11-22-20-bs4500(76m)",
    "attributes": "restriction=通年マイカー規制（沢渡・あかんだな駐車場で乗り換え）; season=2026年度の開山は4月17日〜11月15日",
    "status": "adopted",
    "accuracyM": 15,
    "needsReview": "林道からの入口（マイカー進入可否を要確認）、上高地は通年マイカー規制。松本市側は沢渡駐車場、高山市側はあかんだな駐車場でバス・タクシーに乗り換える（環境省・長野県）、2026年度の開山期間は4月17日〜11月15日、通行時間は5時〜19時（7・8月は5時〜20時）（環境省）、長野県登山安全条例により、指定登山道では登山計画書の提出が必要（長野県）",
    "sources": "OpenStreetMap（© OpenStreetMap contributors, ODbL 1.0）Geofabrik japan-latest.osm.pbf 2026-09-18T20:21:10Z node/2293340109 ｜ OpenStreetMap（© OpenStreetMap contributors, ODbL 1.0）Geofabrik japan-latest.osm.pbf 2026-09-18T20:21:10Z node/5982972518（登山道と道路の接続点） ｜ 国土地理院 地名検索「松本警察署上高地警備派出所」（36.246474, 137.635468、JGD2011、29m差）2026-09-13確認 ｜ 公式情報: https://chubu.env.go.jp/shinetsu/pre_2025/press_00057.html ｜ 公式情報: https://www.pref.nagano.lg.jp/shizenhogo/infra/doro/joho/kamikouti.html ｜ 公式情報: https://www.pref.nagano.lg.jp/kankoki/tozanjorei/tozanjorei.html",
    "verifiedAt": "2026-09-20"
   }
  },
  {
   "type": "Feature",
   "geometry": {
    "type": "Point",
    "coordinates": [
     138.392918,
     35.6787474
    ]
   },
   "properties": {
    "id": "TH-n2352135563",
    "kind": "trailhead",
    "name": "（名称未確認）",
    "datum": "WGS84",
    "mountainIds": "410",
    "mountainNames": "甘利山",
    "lists": "甲信越百名山",
    "routes": "",
    "entryType": "一般道（県道以上）との接続",
    "trailKmToSummit": "甘利山:3.06km",
    "related": "",
    "attributes": "",
    "status": "candidate",
    "accuracyM": 30,
    "needsReview": "名称未確認、公式情報または2情報源での確認が必要",
    "sources": "OpenStreetMap（© OpenStreetMap contributors, ODbL 1.0）Geofabrik japan-latest.osm.pbf 2026-09-18T20:21:10Z node/2352135563（登山道と道路の接続点）",
    "verifiedAt": ""
   }
  },
  {
   "type": "Feature",
   "geometry": {
    "type": "Point",
    "coordinates": [
     138.3800335,
     35.6846557
    ]
   },
   "properties": {
    "id": "TH-n2352138300",
    "kind": "trailhead",
    "name": "（名称未確認）甘利山グリーンロッジ付近",
    "datum": "WGS84",
    "mountainIds": "410",
    "mountainNames": "甘利山",
    "lists": "甲信越百名山",
    "routes": "",
    "entryType": "一般道（県道以上）との接続",
    "trailKmToSummit": "甘利山:0.51km",
    "related": "PK-n4245443302(36m)",
    "attributes": "",
    "status": "provisional",
    "accuracyM": 30,
    "needsReview": "名称未確認、登山道が道路を横断する地点（途中の入口の可能性）、公式情報または2情報源での確認が必要",
    "sources": "OpenStreetMap（© OpenStreetMap contributors, ODbL 1.0）Geofabrik japan-latest.osm.pbf 2026-09-18T20:21:10Z node/2352138300（登山道と道路の接続点）",
    "verifiedAt": ""
   }
  },
  {
   "type": "Feature",
   "geometry": {
    "type": "Point",
    "coordinates": [
     138.3759301,
     35.6857061
    ]
   },
   "properties": {
    "id": "TH-n2352138715",
    "kind": "trailhead",
    "name": "（名称未確認）甘利山グリーンロッジ付近",
    "datum": "WGS84",
    "mountainIds": "410",
    "mountainNames": "甘利山",
    "lists": "甲信越百名山",
    "routes": "",
    "entryType": "一般道との接続",
    "trailKmToSummit": "甘利山:0.62km",
    "related": "PK-n4245443302(372m)",
    "attributes": "",
    "status": "provisional",
    "accuracyM": 30,
    "needsReview": "名称未確認、公式情報または2情報源での確認が必要",
    "sources": "OpenStreetMap（© OpenStreetMap contributors, ODbL 1.0）Geofabrik japan-latest.osm.pbf 2026-09-18T20:21:10Z node/2352138715（登山道と道路の接続点）",
    "verifiedAt": ""
   }
  },
  {
   "type": "Feature",
   "geometry": {
    "type": "Point",
    "coordinates": [
     138.3543803,
     35.7107016
    ]
   },
   "properties": {
    "id": "TH-n2352148726",
    "kind": "trailhead",
    "name": "（名称未確認）",
    "datum": "WGS84",
    "mountainIds": "410",
    "mountainNames": "甘利山",
    "lists": "甲信越百名山",
    "routes": "",
    "entryType": "道路の終点付近",
    "trailKmToSummit": "甘利山:5.82km",
    "related": "",
    "attributes": "",
    "status": "candidate",
    "accuracyM": 30,
    "needsReview": "名称未確認、近くの道路にゲートあり（車両通行止め・季節閉鎖の可能性）、林道からの入口（マイカー進入可否を要確認）、公式情報または2情報源での確認が必要",
    "sources": "OpenStreetMap（© OpenStreetMap contributors, ODbL 1.0）Geofabrik japan-latest.osm.pbf 2026-09-18T20:21:10Z node/2352148726（登山道と道路の接続点）",
    "verifiedAt": ""
   }
  },
  {
   "type": "Feature",
   "geometry": {
    "type": "Point",
    "coordinates": [
     138.3700476,
     35.6355101
    ]
   },
   "properties": {
    "id": "TH-n2352214614",
    "kind": "trailhead",
    "name": "（名称未確認）芦安バス停付近",
    "datum": "WGS84",
    "mountainIds": "427",
    "mountainNames": "櫛形山",
    "lists": "日本二百名山|日本三百名山|甲信越百名山",
    "routes": "",
    "entryType": "一般道（県道以上）との接続",
    "trailKmToSummit": "櫛形山:6.12km",
    "related": "BS-kP11-22-19-bs1606(590m) BS-n4180096095(774m)",
    "attributes": "",
    "status": "provisional",
    "accuracyM": 30,
    "needsReview": "名称未確認、公式情報または2情報源での確認が必要",
    "sources": "OpenStreetMap（© OpenStreetMap contributors, ODbL 1.0）Geofabrik japan-latest.osm.pbf 2026-09-18T20:21:10Z node/2352214614（登山道と道路の接続点）",
    "verifiedAt": ""
   }
  },
  {
   "type": "Feature",
   "geometry": {
    "type": "Point",
    "coordinates": [
     138.296363,
     35.661845
    ]
   },
   "properties": {
    "id": "TH-n2352231882",
    "kind": "trailhead",
    "name": "（名称未確認）",
    "datum": "WGS84",
    "mountainIds": "412 423",
    "mountainNames": "北岳、農鳥岳",
    "lists": "日本百名山|日本二百名山|日本三百名山|甲信越百名山",
    "routes": "",
    "entryType": "一般道（県道以上）との接続",
    "trailKmToSummit": "北岳:7.23km 農鳥岳:14.54km",
    "related": "",
    "attributes": "",
    "status": "candidate",
    "accuracyM": 30,
    "needsReview": "名称未確認、公式情報または2情報源での確認が必要",
    "sources": "OpenStreetMap（© OpenStreetMap contributors, ODbL 1.0）Geofabrik japan-latest.osm.pbf 2026-09-18T20:21:10Z node/2352231882（登山道と道路の接続点）",
    "verifiedAt": ""
   }
  },
  {
   "type": "Feature",
   "geometry": {
    "type": "Point",
    "coordinates": [
     138.202748,
     35.683745
    ]
   },
   "properties": {
    "id": "TH-n2352237356",
    "kind": "trailhead",
    "name": "（名称未確認）",
    "datum": "WGS84",
    "mountainIds": "412",
    "mountainNames": "北岳",
    "lists": "日本百名山|日本二百名山|日本三百名山|甲信越百名山",
    "routes": "",
    "entryType": "道路の終点付近",
    "trailKmToSummit": "北岳:5.39km",
    "related": "",
    "attributes": "",
    "status": "candidate",
    "accuracyM": 30,
    "needsReview": "名称未確認、林道からの入口（マイカー進入可否を要確認）、公式情報または2情報源での確認が必要",
    "sources": "OpenStreetMap（© OpenStreetMap contributors, ODbL 1.0）Geofabrik japan-latest.osm.pbf 2026-09-18T20:21:10Z node/2352237356（登山道と道路の接続点）",
    "verifiedAt": ""
   }
  },
  {
   "type": "Feature",
   "geometry": {
    "type": "Point",
    "coordinates": [
     138.263489,
     35.705923
    ]
   },
   "properties": {
    "id": "TH-n2352239567",
    "kind": "trailhead",
    "name": "（名称未確認）",
    "datum": "WGS84",
    "mountainIds": "397 403 406",
    "mountainNames": "甲斐駒ヶ岳、仙丈ヶ岳、鳳凰山",
    "lists": "日本百名山|日本二百名山|日本三百名山|甲信越百名山",
    "routes": "",
    "entryType": "道路の終点付近",
    "trailKmToSummit": "甲斐駒ヶ岳:9.21km 仙丈ヶ岳:12.74km 鳳凰山:6.28km",
    "related": "",
    "attributes": "",
    "status": "candidate",
    "accuracyM": 30,
    "needsReview": "名称未確認、近くの道路にゲートあり（車両通行止め・季節閉鎖の可能性）、林道からの入口（マイカー進入可否を要確認）、公式情報または2情報源での確認が必要",
    "sources": "OpenStreetMap（© OpenStreetMap contributors, ODbL 1.0）Geofabrik japan-latest.osm.pbf 2026-09-18T20:21:10Z node/2352239567（登山道と道路の接続点） ｜ 国土地理院 地名検索「西広河原沢」（35.705568, 138.261268、JGD2011、205m差）2026-09-13確認",
    "verifiedAt": "2026-09-13"
   }
  },
  {
   "type": "Feature",
   "geometry": {
    "type": "Point",
    "coordinates": [
     138.3624395,
     35.5850367
    ]
   },
   "properties": {
    "id": "TH-n2352858196",
    "kind": "trailhead",
    "name": "池の茶屋登山口",
    "datum": "WGS84",
    "mountainIds": "427",
    "mountainNames": "櫛形山",
    "lists": "日本二百名山|日本三百名山|甲信越百名山",
    "routes": "",
    "entryType": "一般道との接続",
    "trailKmToSummit": "櫛形山:1.63km",
    "related": "PK-n8984428206(6m)",
    "attributes": "parking=池の茶屋登山口駐車場は20台、トイレあり（富士川町）; season=櫛形山への林道は県営林道で、目安として12月〜4月下旬まで通行止め。最新情報は山梨県の県営林道通行規制情報で確認（富士川町）",
    "status": "adopted",
    "accuracyM": 15,
    "needsReview": "池の茶屋登山口からの登山コースで、ルートにもよるが約4時間程度で下山できる（富士川町）、鹿などによる食害が深刻化しており、登山道はネットで保護されている区域も多い（富士川町）",
    "sources": "OpenStreetMap（© OpenStreetMap contributors, ODbL 1.0）Geofabrik japan-latest.osm.pbf 2026-09-18T20:21:10Z node/2352858196（登山道と道路の接続点） ｜ 公式情報: https://www.town.fujikawa.yamanashi.jp/kanko/docs_kanko/2023090800082/ ｜ 国土地理院ベクトルタイル提供実験 地理院地図の徒歩道の起点（35.584913, 138.362476）とOSMの地点が14m差。林道終点の駐車場（OSM）から6m、標高1,853.8m（地理院の標高API）2026-09-22確認",
    "verifiedAt": "2026-09-22"
   }
  },
  {
   "type": "Feature",
   "geometry": {
    "type": "Point",
    "coordinates": [
     138.1407502,
     36.9009413
    ]
   },
   "properties": {
    "id": "TH-n2353953845",
    "kind": "trailhead",
    "name": "（名称未確認）燕温泉バス停付近",
    "datum": "WGS84",
    "mountainIds": "227",
    "mountainNames": "妙高山",
    "lists": "日本百名山|日本二百名山|日本三百名山|甲信越百名山",
    "routes": "",
    "entryType": "一般道との接続",
    "trailKmToSummit": "妙高山:3.59km",
    "related": "BS-kP11-22-15-bs8128(610m)",
    "attributes": "",
    "status": "provisional",
    "accuracyM": 30,
    "needsReview": "名称未確認、公式情報または2情報源での確認が必要",
    "sources": "OpenStreetMap（© OpenStreetMap contributors, ODbL 1.0）Geofabrik japan-latest.osm.pbf 2026-09-18T20:21:10Z node/2353953845（登山道と道路の接続点）",
    "verifiedAt": ""
   }
  },
  {
   "type": "Feature",
   "geometry": {
    "type": "Point",
    "coordinates": [
     139.0545604,
     37.0493733
    ]
   },
   "properties": {
    "id": "TH-n2354148542",
    "kind": "trailhead",
    "name": "（名称未確認）",
    "datum": "WGS84",
    "mountainIds": "207",
    "mountainNames": "荒沢岳",
    "lists": "日本二百名山|甲信越百名山",
    "routes": "",
    "entryType": "一般道（県道以上）との接続",
    "trailKmToSummit": "荒沢岳:13.86km",
    "related": "",
    "attributes": "",
    "status": "candidate",
    "accuracyM": 30,
    "needsReview": "名称未確認、公式情報または2情報源での確認が必要",
    "sources": "OpenStreetMap（© OpenStreetMap contributors, ODbL 1.0）Geofabrik japan-latest.osm.pbf 2026-09-18T20:21:10Z node/2354148542（登山道と道路の接続点）",
    "verifiedAt": ""
   }
  },
  {
   "type": "Feature",
   "geometry": {
    "type": "Point",
    "coordinates": [
     139.032627,
     37.0584903
    ]
   },
   "properties": {
    "id": "TH-n2354159381",
    "kind": "trailhead",
    "name": "（名称未確認）",
    "datum": "WGS84",
    "mountainIds": "205 206 207 209",
    "mountainNames": "越後駒ヶ岳、八海山、荒沢岳、中ノ岳",
    "lists": "日本百名山|日本二百名山|日本三百名山|甲信越百名山",
    "routes": "",
    "entryType": "一般道との接続",
    "trailKmToSummit": "越後駒ヶ岳:10.28km 八海山:11.62km 荒沢岳:15.61km 中ノ岳:5.62km",
    "related": "PK-w1050411065(207m) PK-w1050411066(229m)",
    "attributes": "",
    "status": "provisional",
    "accuracyM": 30,
    "needsReview": "名称未確認、公式情報または2情報源での確認が必要",
    "sources": "OpenStreetMap（© OpenStreetMap contributors, ODbL 1.0）Geofabrik japan-latest.osm.pbf 2026-09-18T20:21:10Z node/2354159381（登山道と道路の接続点）",
    "verifiedAt": ""
   }
  },
  {
   "type": "Feature",
   "geometry": {
    "type": "Point",
    "coordinates": [
     138.9868717,
     37.0999121
    ]
   },
   "properties": {
    "id": "TH-n2354194882",
    "kind": "trailhead",
    "name": "（名称未確認）",
    "datum": "WGS84",
    "mountainIds": "206",
    "mountainNames": "八海山",
    "lists": "日本二百名山|日本三百名山|甲信越百名山",
    "routes": "",
    "entryType": "一般道との接続",
    "trailKmToSummit": "八海山:4.87km",
    "related": "",
    "attributes": "",
    "status": "candidate",
    "accuracyM": 30,
    "needsReview": "名称未確認、公式情報または2情報源での確認が必要",
    "sources": "OpenStreetMap（© OpenStreetMap contributors, ODbL 1.0）Geofabrik japan-latest.osm.pbf 2026-09-18T20:21:10Z node/2354194882（登山道と道路の接続点）",
    "verifiedAt": ""
   }
  },
  {
   "type": "Feature",
   "geometry": {
    "type": "Point",
    "coordinates": [
     139.1496803,
     37.5465913
    ]
   },
   "properties": {
    "id": "TH-n2358711229",
    "kind": "trailhead",
    "name": "（名称未確認）",
    "datum": "WGS84",
    "mountainIds": "186",
    "mountainNames": "粟ヶ岳",
    "lists": "日本三百名山",
    "routes": "",
    "entryType": "道路の終点付近",
    "trailKmToSummit": "粟ヶ岳:4.57km",
    "related": "",
    "attributes": "",
    "status": "candidate",
    "accuracyM": 30,
    "needsReview": "名称未確認、林道からの入口（マイカー進入可否を要確認）、公式情報または2情報源での確認が必要",
    "sources": "OpenStreetMap（© OpenStreetMap contributors, ODbL 1.0）Geofabrik japan-latest.osm.pbf 2026-09-18T20:21:10Z node/2358711229（登山道と道路の接続点）",
    "verifiedAt": ""
   }
  },
  {
   "type": "Feature",
   "geometry": {
    "type": "Point",
    "coordinates": [
     138.8246968,
     35.8014274
    ]
   },
   "properties": {
    "id": "TH-n2383211464",
    "kind": "trailhead",
    "name": "（名称未確認）落合バス停付近",
    "datum": "WGS84",
    "mountainIds": "388",
    "mountainNames": "黒川鶏冠山",
    "lists": "甲信越百名山",
    "routes": "",
    "entryType": "一般道との接続",
    "trailKmToSummit": "黒川鶏冠山:2.96km",
    "related": "BS-kP11-22-19-bs211(476m)",
    "attributes": "",
    "status": "provisional",
    "accuracyM": 30,
    "needsReview": "名称未確認、公式情報または2情報源での確認が必要",
    "sources": "OpenStreetMap（© OpenStreetMap contributors, ODbL 1.0）Geofabrik japan-latest.osm.pbf 2026-09-18T20:21:10Z node/2383211464（登山道と道路の接続点）",
    "verifiedAt": ""
   }
  },
  {
   "type": "Feature",
   "geometry": {
    "type": "Point",
    "coordinates": [
     138.3080811,
     35.9186516
    ]
   },
   "properties": {
    "id": "TH-n2423502989",
    "kind": "trailhead",
    "name": "（名称未確認）",
    "datum": "WGS84",
    "mountainIds": "355",
    "mountainNames": "八ヶ岳",
    "lists": "日本百名山|日本二百名山|日本三百名山|甲信越百名山",
    "routes": "",
    "entryType": "索道駅（ロープウェイ・ゴンドラ）",
    "trailKmToSummit": "八ヶ岳:10.23km",
    "related": "PK-w379302421(188m) PK-w517357377(446m) PK-w517357379(492m)",
    "attributes": "",
    "status": "provisional",
    "accuracyM": 15,
    "needsReview": "名称未確認、公式情報または2情報源での確認が必要",
    "sources": "OpenStreetMap（© OpenStreetMap contributors, ODbL 1.0）Geofabrik japan-latest.osm.pbf 2026-09-18T20:21:10Z node/2423502989",
    "verifiedAt": ""
   }
  },
  {
   "type": "Feature",
   "geometry": {
    "type": "Point",
    "coordinates": [
     137.6702041,
     36.2498954
    ]
   },
   "properties": {
    "id": "TH-n2483159337",
    "kind": "trailhead",
    "name": "明神登山口（霞沢岳）",
    "datum": "WGS84",
    "mountainIds": "308 309 317 318 319 324 327",
    "mountainNames": "槍ヶ岳、常念岳、奥穂高岳、蝶ヶ岳、西穂独標、焼岳、霞沢岳",
    "lists": "日本百名山|日本二百名山|日本三百名山|甲信越百名山|東海の百山",
    "routes": "OSM登山道「奥上高地自然探勝路」",
    "entryType": "登山口（OSMの登山口地物）",
    "trailKmToSummit": "槍ヶ岳:15.61km 常念岳:12.77km 奥穂高岳:8.57km 蝶ヶ岳:7.85km 西穂独標:9.31km 焼岳:16.09km 霞沢岳:7.58km",
    "related": "",
    "attributes": "",
    "status": "adopted",
    "accuracyM": 15,
    "needsReview": "長野県の山のグレーディング（2026年）に「明神登山口」（松本市、霞沢岳）が載っている（長野県）、長野県登山安全条例により、指定登山道では登山計画書の提出が必要（長野県）",
    "sources": "OpenStreetMap（© OpenStreetMap contributors, ODbL 1.0）Geofabrik japan-latest.osm.pbf 2026-09-18T20:21:10Z node/2483159337 ｜ 公式情報: https://www.pref.nagano.lg.jp/kankoki/sangyo/kanko/documents/gradingmap26-a.pdf ｜ 公式情報: https://www.pref.nagano.lg.jp/kankoki/tozanjorei/tozanjorei.html",
    "verifiedAt": "2026-09-20"
   }
  },
  {
   "type": "Feature",
   "geometry": {
    "type": "Point",
    "coordinates": [
     138.5311931,
     36.7259052
    ]
   },
   "properties": {
    "id": "TH-n2612069122",
    "kind": "trailhead",
    "name": "寺小屋クワッド",
    "datum": "WGS84",
    "mountainIds": "250 258",
    "mountainNames": "岩菅山、志賀山",
    "lists": "日本二百名山|日本三百名山|甲信越百名山",
    "routes": "",
    "entryType": "索道駅（ロープウェイ・ゴンドラ）",
    "trailKmToSummit": "岩菅山:4.08km 志賀山:7.67km",
    "related": "",
    "attributes": "",
    "status": "provisional",
    "accuracyM": 15,
    "needsReview": "公式情報または2情報源での確認が必要",
    "sources": "OpenStreetMap（© OpenStreetMap contributors, ODbL 1.0）Geofabrik japan-latest.osm.pbf 2026-09-18T20:21:10Z node/2612069122",
    "verifiedAt": ""
   }
  },
  {
   "type": "Feature",
   "geometry": {
    "type": "Point",
    "coordinates": [
     138.521421,
     36.7300946
    ]
   },
   "properties": {
    "id": "TH-n2612069147",
    "kind": "trailhead",
    "name": "寺小屋第1ペア",
    "datum": "WGS84",
    "mountainIds": "250 258",
    "mountainNames": "岩菅山、志賀山",
    "lists": "日本二百名山|日本三百名山|甲信越百名山",
    "routes": "",
    "entryType": "索道駅（ロープウェイ・ゴンドラ）",
    "trailKmToSummit": "岩菅山:5.23km 志賀山:8.81km",
    "related": "",
    "attributes": "",
    "status": "provisional",
    "accuracyM": 15,
    "needsReview": "公式情報または2情報源での確認が必要",
    "sources": "OpenStreetMap（© OpenStreetMap contributors, ODbL 1.0）Geofabrik japan-latest.osm.pbf 2026-09-18T20:21:10Z node/2612069147",
    "verifiedAt": ""
   }
  },
  {
   "type": "Feature",
   "geometry": {
    "type": "Point",
    "coordinates": [
     137.4809649,
     35.929878
    ]
   },
   "properties": {
    "id": "TH-n2653691547",
    "kind": "trailhead",
    "name": "（名称未確認）",
    "datum": "WGS84",
    "mountainIds": "370",
    "mountainNames": "御嶽山",
    "lists": "日本百名山|日本二百名山|日本三百名山|甲信越百名山|東海の百山",
    "routes": "",
    "entryType": "索道駅（ロープウェイ・ゴンドラ）",
    "trailKmToSummit": "御嶽山:5.73km",
    "related": "",
    "attributes": "",
    "status": "provisional",
    "accuracyM": 15,
    "needsReview": "名称未確認、公式情報または2情報源での確認が必要",
    "sources": "OpenStreetMap（© OpenStreetMap contributors, ODbL 1.0）Geofabrik japan-latest.osm.pbf 2026-09-18T20:21:10Z node/2653691547",
    "verifiedAt": ""
   }
  },
  {
   "type": "Feature",
   "geometry": {
    "type": "Point",
    "coordinates": [
     138.946348,
     35.7559253
    ]
   },
   "properties": {
    "id": "TH-n2676914916",
    "kind": "trailhead",
    "name": "（名称未確認）田元バス停付近",
    "datum": "WGS84",
    "mountainIds": "398",
    "mountainNames": "大菩薩嶺",
    "lists": "日本百名山|日本二百名山|日本三百名山|甲信越百名山",
    "routes": "",
    "entryType": "一般道との接続",
    "trailKmToSummit": "大菩薩嶺:12.09km",
    "related": "PK-w711565004(346m) PK-w262047328(428m) BS-kP11-22-19-bs403(173m) BS-kP11-22-19-bs399(326m) BS-kP11-22-19-bs417(378m)",
    "attributes": "",
    "status": "provisional",
    "accuracyM": 30,
    "needsReview": "名称未確認、登山道が道路を横断する地点（途中の入口の可能性）、公式情報または2情報源での確認が必要",
    "sources": "OpenStreetMap（© OpenStreetMap contributors, ODbL 1.0）Geofabrik japan-latest.osm.pbf 2026-09-18T20:21:10Z node/2676914916（登山道と道路の接続点）",
    "verifiedAt": ""
   }
  },
  {
   "type": "Feature",
   "geometry": {
    "type": "Point",
    "coordinates": [
     138.7697699,
     35.6356585
    ]
   },
   "properties": {
    "id": "TH-n2697957197",
    "kind": "trailhead",
    "name": "（名称未確認）日影（甲州市）バス停付近",
    "datum": "WGS84",
    "mountainIds": "421",
    "mountainNames": "滝子山",
    "lists": "甲信越百名山",
    "routes": "",
    "entryType": "一般道との接続",
    "trailKmToSummit": "滝子山:10.91km",
    "related": "BS-kP11-22-19-bs1632(103m) BS-kP11-22-19-bs1632(103m) BS-kP11-22-19-bs1650(122m)",
    "attributes": "",
    "status": "provisional",
    "accuracyM": 30,
    "needsReview": "名称未確認、登山道が道路を横断する地点（途中の入口の可能性）、近くの道路にゲートあり（車両通行止め・季節閉鎖の可能性）、公式情報または2情報源での確認が必要",
    "sources": "OpenStreetMap（© OpenStreetMap contributors, ODbL 1.0）Geofabrik japan-latest.osm.pbf 2026-09-18T20:21:10Z node/2697957197（登山道と道路の接続点）",
    "verifiedAt": ""
   }
  },
  {
   "type": "Feature",
   "geometry": {
    "type": "Point",
    "coordinates": [
     137.841637,
     35.6738664
    ]
   },
   "properties": {
    "id": "TH-n2702675831",
    "kind": "trailhead",
    "name": "中小川避難小屋",
    "datum": "WGS84",
    "mountainIds": "405 407 411 420",
    "mountainNames": "空木岳、南駒ヶ岳、越百山、安平路山",
    "lists": "日本百名山|日本二百名山|日本三百名山|甲信越百名山",
    "routes": "",
    "entryType": "施設（山小屋・宿・キャンプ場）からの入口",
    "trailKmToSummit": "空木岳:9.49km 南駒ヶ岳:7.29km 越百山:4.21km 安平路山:10.48km",
    "related": "",
    "attributes": "",
    "status": "provisional",
    "accuracyM": 15,
    "needsReview": "公式情報または2情報源での確認が必要",
    "sources": "OpenStreetMap（© OpenStreetMap contributors, ODbL 1.0）Geofabrik japan-latest.osm.pbf 2026-09-18T20:21:10Z node/2702675831",
    "verifiedAt": ""
   }
  },
  {
   "type": "Feature",
   "geometry": {
    "type": "Point",
    "coordinates": [
     138.3282434,
     36.058711
    ]
   },
   "properties": {
    "id": "TH-n270628416",
    "kind": "trailhead",
    "name": "（名称未確認）岩小場バス停付近",
    "datum": "WGS84",
    "mountainIds": "341",
    "mountainNames": "北横岳",
    "lists": "甲信越百名山",
    "routes": "",
    "entryType": "一般道（県道以上）との接続",
    "trailKmToSummit": "北横岳:4.18km",
    "related": "BS-kP11-22-20-bs5945(168m)",
    "attributes": "",
    "status": "provisional",
    "accuracyM": 30,
    "needsReview": "名称未確認、公式情報または2情報源での確認が必要",
    "sources": "OpenStreetMap（© OpenStreetMap contributors, ODbL 1.0）Geofabrik japan-latest.osm.pbf 2026-09-18T20:21:10Z node/270628416（登山道と道路の接続点）",
    "verifiedAt": ""
   }
  },
  {
   "type": "Feature",
   "geometry": {
    "type": "Point",
    "coordinates": [
     138.9618992,
     36.8363583
    ]
   },
   "properties": {
    "id": "TH-n2804972401",
    "kind": "trailhead",
    "name": "谷川岳ロープウェイ土合口駅",
    "datum": "WGS84",
    "mountainIds": "234 236 238",
    "mountainNames": "谷川岳、平標山、仙ノ倉山",
    "lists": "日本百名山|日本二百名山|日本三百名山|関東百名山|甲信越百名山",
    "routes": "OSM登山道「西黒尾根」、西黒尾根↑天神尾根↓",
    "entryType": "索道駅（ロープウェイ・ゴンドラ）",
    "trailKmToSummit": "谷川岳:3.65km 平標山:14.52km 仙ノ倉山:12.74km",
    "related": "PK-n5192845383(63m) PK-n5192845382(146m) PK-n5192845381(292m) BS-kP11-22-10-bs22(50m) BS-n13947504984(69m) BS-n13947504978(81m)",
    "attributes": "regulation=群馬県谷川岳遭難防止条例（昭和42年施行）により危険地区と登山届の制度がある",
    "status": "adopted",
    "accuracyM": 15,
    "needsReview": "山麓と天神平の尾根を結ぶロープウェイがある（国土交通省）、谷川岳遭難防止条例に基づき登山指導センターが置かれ、危険地区が指定されている、登山届の提出方法は群馬県・みなかみ町の案内を確認すること",
    "sources": "OpenStreetMap（© OpenStreetMap contributors, ODbL 1.0）Geofabrik japan-latest.osm.pbf 2026-09-18T20:21:10Z node/2804972401 ｜ 国土地理院 地名検索「土合口駅」（36.836356, 138.961947、JGD2011、4m差）2026-09-20確認 ｜ 公式情報: https://www.mlit.go.jp/tagengo-db/R2-00720.html ｜ 公式情報: https://www.pref.gifu.lg.jp/uploaded/attachment/25115.pdf",
    "verifiedAt": "2026-09-20"
   }
  },
  {
   "type": "Feature",
   "geometry": {
    "type": "Point",
    "coordinates": [
     138.1985137,
     36.1030681
    ]
   },
   "properties": {
    "id": "TH-n2819578930",
    "kind": "trailhead",
    "name": "車山山頂",
    "datum": "WGS84",
    "mountainIds": "338",
    "mountainNames": "霧ヶ峰",
    "lists": "日本百名山|日本二百名山|日本三百名山|甲信越百名山",
    "routes": "",
    "entryType": "索道駅（ロープウェイ・ゴンドラ）",
    "trailKmToSummit": "霧ヶ峰:0.17km",
    "related": "BS-kP11-22-20-bs5535(989m) BS-kP11-22-20-bs5535(989m)",
    "attributes": "",
    "status": "provisional",
    "accuracyM": 15,
    "needsReview": "公式情報または2情報源での確認が必要",
    "sources": "OpenStreetMap（© OpenStreetMap contributors, ODbL 1.0）Geofabrik japan-latest.osm.pbf 2026-09-18T20:21:10Z node/2819578930",
    "verifiedAt": ""
   }
  },
  {
   "type": "Feature",
   "geometry": {
    "type": "Point",
    "coordinates": [
     138.9679357,
     35.5119344
    ]
   },
   "properties": {
    "id": "TH-n2865760189",
    "kind": "trailhead",
    "name": "（名称未確認）道坂墜道バス停付近",
    "datum": "WGS84",
    "mountainIds": "451",
    "mountainNames": "御正体山",
    "lists": "日本二百名山|日本三百名山|甲信越百名山",
    "routes": "",
    "entryType": "道路の終点付近",
    "trailKmToSummit": "御正体山:5.62km",
    "related": "PK-w282632158(13m) BS-kP11-22-19-bs2593(24m) BS-kP11-22-19-bs2584(684m)",
    "attributes": "",
    "status": "provisional",
    "accuracyM": 30,
    "needsReview": "名称未確認、公式情報または2情報源での確認が必要",
    "sources": "OpenStreetMap（© OpenStreetMap contributors, ODbL 1.0）Geofabrik japan-latest.osm.pbf 2026-09-18T20:21:10Z node/2865760189（登山道と道路の接続点）",
    "verifiedAt": ""
   }
  },
  {
   "type": "Feature",
   "geometry": {
    "type": "Point",
    "coordinates": [
     137.5986778,
     36.2040823
    ]
   },
   "properties": {
    "id": "TH-n297938948",
    "kind": "trailhead",
    "name": "新中の湯登山口（焼岳）",
    "datum": "WGS84",
    "mountainIds": "317 319 324",
    "mountainNames": "奥穂高岳、西穂独標、焼岳",
    "lists": "日本百名山|日本二百名山|日本三百名山|甲信越百名山|東海の百山",
    "routes": "新中の湯コース",
    "entryType": "登山口（OSMの登山口地物）",
    "trailKmToSummit": "奥穂高岳:13.24km 西穂独標:10.24km 焼岳:3.3km",
    "related": "PK-n4410172239(32m) PK-w1240776582(252m) BS-kP11-22-20-bs4875(945m) BS-kP11-22-20-bs4875(945m) BS-kP11-22-20-bs4875(945m)",
    "attributes": "restriction=上高地側の焼岳登山道は冬期通行止め",
    "status": "adopted",
    "accuracyM": 15,
    "needsReview": "焼岳登山道（上高地側）は冬期間通行止めとなる（長野県）、長野県登山安全条例の指定登山道では登山計画書の提出が必要",
    "sources": "OpenStreetMap（© OpenStreetMap contributors, ODbL 1.0）Geofabrik japan-latest.osm.pbf 2026-09-18T20:21:10Z node/297938948 ｜ 公式情報: https://www.pref.nagano.lg.jp/kankoki/sangaku/2025yakedaketuukoudome.html ｜ 公式情報: https://www.pref.nagano.lg.jp/kankoki/tozanjorei/tozanjorei.html",
    "verifiedAt": "2026-09-20"
   }
  },
  {
   "type": "Feature",
   "geometry": {
    "type": "Point",
    "coordinates": [
     139.1299538,
     37.1522146
    ]
   },
   "properties": {
    "id": "TH-n301037600",
    "kind": "trailhead",
    "name": "枝折峠（越後駒ヶ岳登山口）",
    "datum": "WGS84",
    "mountainIds": "205 209",
    "mountainNames": "越後駒ヶ岳、中ノ岳",
    "lists": "日本百名山|日本二百名山|日本三百名山|甲信越百名山",
    "routes": "枝折峠コース",
    "entryType": "峠（道路との接続）",
    "trailKmToSummit": "越後駒ヶ岳:7.02km 中ノ岳:11.45km",
    "related": "PK-w27422347(41m)",
    "attributes": "season=国道352号には冬期通行止めの区間がある（魚沼市が冬期通行止め情報を案内）",
    "status": "adopted",
    "accuracyM": 15,
    "needsReview": "枝折峠は越後駒ヶ岳の登山口。国道352号の冬期通行止め情報は魚沼市・新潟県の案内で確認すること、駒の小屋（越後駒ヶ岳避難小屋）がある（魚沼市）、登山計画書は登山口の提出箱・警察署・県警本部のいずれかへ（新潟県警察）",
    "sources": "OpenStreetMap（© OpenStreetMap contributors, ODbL 1.0）Geofabrik japan-latest.osm.pbf 2026-09-18T20:21:10Z node/301037600（登山道と道路の接続点） ｜ 国土地理院 地名検索「枝折峠」（37.152273, 139.129894、JGD2011、8m差）2026-09-13確認 ｜ 公式情報: https://www.pref.niigata.lg.jp/site/kenkei/osirase-anzen-ansin-mizuyamajsetugaijiko-sangaku-natuyama-jouhou-s06etigokoma-s06etigokoma.html ｜ 公式情報: https://www.city.uonuma.lg.jp/page/1013581.html ｜ 公式情報: https://www.pref.niigata.lg.jp/site/uonuma-seibi/352toukiheisa.html ｜ 公式情報: https://www.pref.niigata.lg.jp/site/kenkei/osirase-anzen-ansin-mizuyamajsetugaijiko-sangaku-natuyama-jouhou-natuyama-jouhou.html",
    "verifiedAt": "2026-09-20"
   }
  },
  {
   "type": "Feature",
   "geometry": {
    "type": "Point",
    "coordinates": [
     138.8275004,
     36.7613449
    ]
   },
   "properties": {
    "id": "TH-n303019092",
    "kind": "trailhead",
    "name": "（名称未確認）",
    "datum": "WGS84",
    "mountainIds": "236 238",
    "mountainNames": "平標山、仙ノ倉山",
    "lists": "甲信越百名山|日本二百名山|日本三百名山|関東百名山",
    "routes": "OSM登山道「三国街道」",
    "entryType": "一般道（県道以上）との接続",
    "trailKmToSummit": "平標山:7.29km 仙ノ倉山:9.02km",
    "related": "PK-w431503240(29m)",
    "attributes": "",
    "status": "provisional",
    "accuracyM": 30,
    "needsReview": "名称未確認、公式情報または2情報源での確認が必要",
    "sources": "OpenStreetMap（© OpenStreetMap contributors, ODbL 1.0）Geofabrik japan-latest.osm.pbf 2026-09-18T20:21:10Z node/303019092（登山道と道路の接続点）",
    "verifiedAt": ""
   }
  },
  {
   "type": "Feature",
   "geometry": {
    "type": "Point",
    "coordinates": [
     138.778447,
     35.3659362
    ]
   },
   "properties": {
    "id": "TH-n3041092120",
    "kind": "trailhead",
    "name": "Shuttle Bus stop",
    "datum": "WGS84",
    "mountainIds": "494",
    "mountainNames": "富士山",
    "lists": "日本百名山|日本二百名山|日本三百名山|甲信越百名山",
    "routes": "OSM登山道「須走ルート「下り」」、OSM登山道「須走ルート」、須走ルート",
    "entryType": "駐車場・バス停（林道・車道を経由して登山道へ）",
    "trailKmToSummit": "富士山:9.16km",
    "related": "PK-w631535020(182m) BS-n3041092120(0m)",
    "attributes": "OSM登山ルート: 須走ルート「下り」、須走ルート「登り」",
    "status": "provisional",
    "accuracyM": 15,
    "needsReview": "近くの道路にゲートあり（車両通行止め・季節閉鎖の可能性）、公式情報または2情報源での確認が必要",
    "sources": "OpenStreetMap（© OpenStreetMap contributors, ODbL 1.0）Geofabrik japan-latest.osm.pbf 2026-09-18T20:21:10Z node/3041092120 ｜ OpenStreetMap（© OpenStreetMap contributors, ODbL 1.0）Geofabrik japan-latest.osm.pbf 2026-09-18T20:21:10Z node/1616989839（登山道と道路の接続点）",
    "verifiedAt": ""
   }
  },
  {
   "type": "Feature",
   "geometry": {
    "type": "Point",
    "coordinates": [
     138.212927,
     35.7427646
    ]
   },
   "properties": {
    "id": "TH-n3050597003",
    "kind": "trailhead",
    "name": "北沢峠",
    "datum": "WGS84",
    "mountainIds": "393 402 406",
    "mountainNames": "鋸岳、アサヨ峰、鳳凰山",
    "lists": "日本二百名山|日本三百名山|日本百名山|甲信越百名山",
    "routes": "",
    "entryType": "施設（山小屋・宿・キャンプ場）からの入口",
    "trailKmToSummit": "鋸岳:7.68km アサヨ峰:3.45km 鳳凰山:11.48km",
    "related": "BS-kP11-22-19-bs479(106m) BS-kP11-22-19-bs479(106m) BS-kP11-22-19-bs479(106m)",
    "attributes": "",
    "status": "adopted",
    "accuracyM": 15,
    "needsReview": "林道からの入口（マイカー進入可否を要確認）",
    "sources": "OpenStreetMap（© OpenStreetMap contributors, ODbL 1.0）Geofabrik japan-latest.osm.pbf 2026-09-18T20:21:10Z node/5211746714 ｜ OpenStreetMap（© OpenStreetMap contributors, ODbL 1.0）Geofabrik japan-latest.osm.pbf 2026-09-18T20:21:10Z node/4483933710（登山道と道路の接続点） ｜ 国土地理院 地名検索「北沢峠こもれび山荘」（35.742615, 138.213756、JGD2011、77m差）2026-09-13確認",
    "verifiedAt": "2026-09-13"
   }
  },
  {
   "type": "Feature",
   "geometry": {
    "type": "Point",
    "coordinates": [
     138.2135003,
     35.7425843
    ]
   },
   "properties": {
    "id": "TH-n3050597003-2",
    "kind": "trailhead",
    "name": "北沢峠（南アルプス林道バス）",
    "datum": "WGS84",
    "mountainIds": "397 403 419",
    "mountainNames": "甲斐駒ヶ岳、仙丈ヶ岳、間ノ岳",
    "lists": "日本百名山|日本二百名山|日本三百名山|甲信越百名山",
    "routes": "北沢峠周回（仙水峠↑双児山↓）、小仙丈尾根↑藪沢↓周回、小仙丈尾根コース",
    "entryType": "施設（山小屋・宿・キャンプ場）からの入口",
    "trailKmToSummit": "甲斐駒ヶ岳:3.75km 仙丈ヶ岳:4.37km 間ノ岳:15.82km",
    "related": "BS-kP11-22-19-bs479(61m) BS-kP11-22-19-bs479(61m) BS-kP11-22-19-bs479(61m)",
    "attributes": "restriction=戸台大橋ゲートから北沢峠は一般車通行禁止（南アルプス林道バスを利用）",
    "status": "adopted",
    "accuracyM": 15,
    "needsReview": "北沢峠へは伊那市の戸台（仙流荘）からのバス、または広河原からのバスで入る（環境省）",
    "sources": "OpenStreetMap（© OpenStreetMap contributors, ODbL 1.0）Geofabrik japan-latest.osm.pbf 2026-09-18T20:21:10Z node/3050597003 ｜ 国土地理院 地名検索「北沢峠こもれび山荘」（35.742615, 138.213756、JGD2011、23m差）2026-09-13確認 ｜ 公式情報: https://www.env.go.jp/park/minamialps/15_reference_car.pdf ｜ 公式情報: https://www.env.go.jp/park/minamialps/access/index.html",
    "verifiedAt": "2026-09-20"
   }
  },
  {
   "type": "Feature",
   "geometry": {
    "type": "Point",
    "coordinates": [
     138.2158397,
     35.7387382
    ]
   },
   "properties": {
    "id": "TH-n3050597004",
    "kind": "trailhead",
    "name": "長衛小屋",
    "datum": "WGS84",
    "mountainIds": "393 397 402 403 406 419",
    "mountainNames": "鋸岳、甲斐駒ヶ岳、アサヨ峰、仙丈ヶ岳、鳳凰山、間ノ岳",
    "lists": "日本二百名山|日本三百名山|日本百名山|甲信越百名山",
    "routes": "",
    "entryType": "施設（山小屋・宿・キャンプ場）からの入口",
    "trailKmToSummit": "鋸岳:7.89km 甲斐駒ヶ岳:3.94km アサヨ峰:2.85km 仙丈ヶ岳:4.26km 鳳凰山:10.87km 間ノ岳:15.72km",
    "related": "BS-kP11-22-19-bs479(415m) BS-kP11-22-19-bs479(415m) BS-kP11-22-19-bs479(415m)",
    "attributes": "",
    "status": "provisional",
    "accuracyM": 15,
    "needsReview": "公式情報または2情報源での確認が必要",
    "sources": "OpenStreetMap（© OpenStreetMap contributors, ODbL 1.0）Geofabrik japan-latest.osm.pbf 2026-09-18T20:21:10Z node/3050597004",
    "verifiedAt": ""
   }
  },
  {
   "type": "Feature",
   "geometry": {
    "type": "Point",
    "coordinates": [
     138.2962451,
     35.7946758
    ]
   },
   "properties": {
    "id": "TH-n3076039066",
    "kind": "trailhead",
    "name": "白州観光キャンプ場尾白",
    "datum": "WGS84",
    "mountainIds": "393 397 402",
    "mountainNames": "鋸岳、甲斐駒ヶ岳、アサヨ峰",
    "lists": "日本二百名山|日本三百名山|日本百名山|甲信越百名山",
    "routes": "",
    "entryType": "施設（山小屋・宿・キャンプ場）からの入口",
    "trailKmToSummit": "鋸岳:12.37km 甲斐駒ヶ岳:8.61km アサヨ峰:12.88km",
    "related": "PK-n3076039076(312m) PK-w1106243588(356m)",
    "attributes": "",
    "status": "provisional",
    "accuracyM": 15,
    "needsReview": "公式情報または2情報源での確認が必要",
    "sources": "OpenStreetMap（© OpenStreetMap contributors, ODbL 1.0）Geofabrik japan-latest.osm.pbf 2026-09-18T20:21:10Z node/3076039066",
    "verifiedAt": ""
   }
  },
  {
   "type": "Feature",
   "geometry": {
    "type": "Point",
    "coordinates": [
     138.2980273,
     35.797094
    ]
   },
   "properties": {
    "id": "TH-n3076039076",
    "kind": "trailhead",
    "name": "尾白川渓谷駐車場（甲斐駒ヶ岳 黒戸尾根登山口）",
    "datum": "WGS84",
    "mountainIds": "393 397 402",
    "mountainNames": "鋸岳、甲斐駒ヶ岳、アサヨ峰",
    "lists": "日本二百名山|日本三百名山|日本百名山|甲信越百名山",
    "routes": "黒戸尾根コース",
    "entryType": "駐車場・バス停（林道・車道を経由して登山道へ）",
    "trailKmToSummit": "鋸岳:12.71km 甲斐駒ヶ岳:8.95km アサヨ峰:13.22km",
    "related": "PK-n3076039076(0m) PK-w1106243588(50m)",
    "attributes": "parking=尾白川渓谷駐車場は無料100台。夏の週末は満車になり路上駐車の列が伸びることもある（北杜市）; season=登山適期は6月〜10月上旬（北杜市）",
    "status": "adopted",
    "accuracyM": 15,
    "needsReview": "林道からの入口（マイカー進入可否を要確認）、黒戸尾根は日本三大急登のひとつで、「刃渡り」と呼ばれる難所では過去に滑落事故が発生している（北杜市）、五合目〜七合目は梯子や鎖場が連続する（北杜市）",
    "sources": "OpenStreetMap（© OpenStreetMap contributors, ODbL 1.0）Geofabrik japan-latest.osm.pbf 2026-09-18T20:21:10Z node/3076039076 ｜ OpenStreetMap（© OpenStreetMap contributors, ODbL 1.0）Geofabrik japan-latest.osm.pbf 2026-09-18T20:21:10Z node/1788807926（登山道と道路の接続点） ｜ 公式情報: https://www.city.hokuto.yamanashi.jp/mountain-guide/course/kaikomagatake.html",
    "verifiedAt": "2026-09-23"
   }
  },
  {
   "type": "Feature",
   "geometry": {
    "type": "Point",
    "coordinates": [
     137.5117189,
     35.8998995
    ]
   },
   "properties": {
    "id": "TH-n3098691040",
    "kind": "trailhead",
    "name": "飯森高原",
    "datum": "WGS84",
    "mountainIds": "370",
    "mountainNames": "御嶽山",
    "lists": "日本百名山|日本二百名山|日本三百名山|甲信越百名山|東海の百山",
    "routes": "",
    "entryType": "索道駅（ロープウェイ・ゴンドラ）",
    "trailKmToSummit": "御嶽山:3.68km",
    "related": "",
    "attributes": "",
    "status": "provisional",
    "accuracyM": 15,
    "needsReview": "公式情報または2情報源での確認が必要",
    "sources": "OpenStreetMap（© OpenStreetMap contributors, ODbL 1.0）Geofabrik japan-latest.osm.pbf 2026-09-18T20:21:10Z node/3098691040",
    "verifiedAt": ""
   }
  },
  {
   "type": "Feature",
   "geometry": {
    "type": "Point",
    "coordinates": [
     138.3093574,
     36.0724117
    ]
   },
   "properties": {
    "id": "TH-n3136515207",
    "kind": "trailhead",
    "name": "（名称未確認）北八ヶ岳ロープウェイバス停付近",
    "datum": "WGS84",
    "mountainIds": "337 341",
    "mountainNames": "蓼科山、北横岳",
    "lists": "日本百名山|日本二百名山|日本三百名山|甲信越百名山",
    "routes": "",
    "entryType": "索道駅（ロープウェイ・ゴンドラ）",
    "trailKmToSummit": "蓼科山:8.26km 北横岳:3.39km",
    "related": "BS-kP11-22-20-bs5799(770m)",
    "attributes": "",
    "status": "provisional",
    "accuracyM": 15,
    "needsReview": "名称未確認、公式情報または2情報源での確認が必要",
    "sources": "OpenStreetMap（© OpenStreetMap contributors, ODbL 1.0）Geofabrik japan-latest.osm.pbf 2026-09-18T20:21:10Z node/3136515207 ｜ 国土地理院 地名検索「北八ヶ岳ロープウェイ」（36.071435, 138.306271、JGD2011、298m差）2026-09-20確認",
    "verifiedAt": "2026-09-20"
   }
  },
  {
   "type": "Feature",
   "geometry": {
    "type": "Point",
    "coordinates": [
     137.8317427,
     36.6635521
    ]
   },
   "properties": {
    "id": "TH-n3152446976",
    "kind": "trailhead",
    "name": "とうみ第１ペア",
    "datum": "WGS84",
    "mountainIds": "260 263 267",
    "mountainNames": "唐松岳、五竜岳、鹿島槍ヶ岳",
    "lists": "日本三百名山|甲信越百名山|日本百名山|日本二百名山",
    "routes": "",
    "entryType": "索道駅（ロープウェイ・ゴンドラ）",
    "trailKmToSummit": "唐松岳:12.4km 五竜岳:10.28km 鹿島槍ヶ岳:14.75km",
    "related": "PK-w700439945(309m) PK-w700439943(416m) PK-n6577768194(480m)",
    "attributes": "",
    "status": "provisional",
    "accuracyM": 15,
    "needsReview": "公式情報または2情報源での確認が必要",
    "sources": "OpenStreetMap（© OpenStreetMap contributors, ODbL 1.0）Geofabrik japan-latest.osm.pbf 2026-09-18T20:21:10Z node/3152446976",
    "verifiedAt": ""
   }
  },
  {
   "type": "Feature",
   "geometry": {
    "type": "Point",
    "coordinates": [
     137.8245008,
     36.6644536
    ]
   },
   "properties": {
    "id": "TH-n3152446978",
    "kind": "trailhead",
    "name": "とうみ第２ペア",
    "datum": "WGS84",
    "mountainIds": "260 267",
    "mountainNames": "唐松岳、鹿島槍ヶ岳",
    "lists": "日本三百名山|甲信越百名山|日本百名山|日本二百名山",
    "routes": "",
    "entryType": "索道駅（ロープウェイ・ゴンドラ）",
    "trailKmToSummit": "唐松岳:11.7km 鹿島槍ヶ岳:14.05km",
    "related": "",
    "attributes": "",
    "status": "provisional",
    "accuracyM": 15,
    "needsReview": "公式情報または2情報源での確認が必要",
    "sources": "OpenStreetMap（© OpenStreetMap contributors, ODbL 1.0）Geofabrik japan-latest.osm.pbf 2026-09-18T20:21:10Z node/3152446978",
    "verifiedAt": ""
   }
  },
  {
   "type": "Feature",
   "geometry": {
    "type": "Point",
    "coordinates": [
     137.818653,
     36.6610664
    ]
   },
   "properties": {
    "id": "TH-n3152446989",
    "kind": "trailhead",
    "name": "アルプス第４ペア",
    "datum": "WGS84",
    "mountainIds": "260 263 267",
    "mountainNames": "唐松岳、五竜岳、鹿島槍ヶ岳",
    "lists": "日本三百名山|甲信越百名山|日本百名山|日本二百名山",
    "routes": "",
    "entryType": "索道駅（ロープウェイ・ゴンドラ）",
    "trailKmToSummit": "唐松岳:10.3km 五竜岳:8.18km 鹿島槍ヶ岳:12.65km",
    "related": "",
    "attributes": "",
    "status": "provisional",
    "accuracyM": 15,
    "needsReview": "公式情報または2情報源での確認が必要",
    "sources": "OpenStreetMap（© OpenStreetMap contributors, ODbL 1.0）Geofabrik japan-latest.osm.pbf 2026-09-18T20:21:10Z node/3152446989",
    "verifiedAt": ""
   }
  },
  {
   "type": "Feature",
   "geometry": {
    "type": "Point",
    "coordinates": [
     137.8110674,
     36.6591679
    ]
   },
   "properties": {
    "id": "TH-n3152446990",
    "kind": "trailhead",
    "name": "アルプス第４ペア",
    "datum": "WGS84",
    "mountainIds": "253 260 263 267",
    "mountainNames": "鑓ヶ岳、唐松岳、五竜岳、鹿島槍ヶ岳",
    "lists": "甲信越百名山|日本三百名山|日本百名山|日本二百名山",
    "routes": "",
    "entryType": "索道駅（ロープウェイ・ゴンドラ）",
    "trailKmToSummit": "鑓ヶ岳:15.25km 唐松岳:9.12km 五竜岳:7.0km 鹿島槍ヶ岳:11.47km",
    "related": "",
    "attributes": "",
    "status": "provisional",
    "accuracyM": 15,
    "needsReview": "公式情報または2情報源での確認が必要",
    "sources": "OpenStreetMap（© OpenStreetMap contributors, ODbL 1.0）Geofabrik japan-latest.osm.pbf 2026-09-18T20:21:10Z node/3152446990",
    "verifiedAt": ""
   }
  },
  {
   "type": "Feature",
   "geometry": {
    "type": "Point",
    "coordinates": [
     138.5085996,
     36.676591
    ]
   },
   "properties": {
    "id": "TH-n3154319958",
    "kind": "trailhead",
    "name": "陽坂",
    "datum": "WGS84",
    "mountainIds": "261",
    "mountainNames": "笠ヶ岳",
    "lists": "日本三百名山",
    "routes": "OSM登山道「南志賀パノラマルート」",
    "entryType": "駐車場・バス停（林道・車道を経由して登山道へ）",
    "trailKmToSummit": "笠ヶ岳:3.01km",
    "related": "PK-w1540985614(23m) BS-kP11-22-20-bs1191(25m)",
    "attributes": "",
    "status": "provisional",
    "accuracyM": 15,
    "needsReview": "近くの道路にゲートあり（車両通行止め・季節閉鎖の可能性）、林道からの入口（マイカー進入可否を要確認）、公式情報または2情報源での確認が必要",
    "sources": "OpenStreetMap（© OpenStreetMap contributors, ODbL 1.0）Geofabrik japan-latest.osm.pbf 2026-09-18T20:21:10Z node/3154319958 ｜ OpenStreetMap（© OpenStreetMap contributors, ODbL 1.0）Geofabrik japan-latest.osm.pbf 2026-09-18T20:21:10Z node/1762618418（登山道と道路の接続点）",
    "verifiedAt": ""
   }
  },
  {
   "type": "Feature",
   "geometry": {
    "type": "Point",
    "coordinates": [
     138.4996559,
     36.6834666
    ]
   },
   "properties": {
    "id": "TH-n3154319959",
    "kind": "trailhead",
    "name": "横手山第1スカイリフトA,B線",
    "datum": "WGS84",
    "mountainIds": "250 258",
    "mountainNames": "岩菅山、志賀山",
    "lists": "日本二百名山|日本三百名山|甲信越百名山",
    "routes": "",
    "entryType": "索道駅（ロープウェイ・ゴンドラ）",
    "trailKmToSummit": "岩菅山:12.74km 志賀山:3.07km",
    "related": "BS-n13401434065(50m) BS-kP11-22-20-bs1072(87m) BS-kP11-22-20-bs1055(268m)",
    "attributes": "",
    "status": "provisional",
    "accuracyM": 15,
    "needsReview": "近くの道路にゲートあり（車両通行止め・季節閉鎖の可能性）、公式情報または2情報源での確認が必要",
    "sources": "OpenStreetMap（© OpenStreetMap contributors, ODbL 1.0）Geofabrik japan-latest.osm.pbf 2026-09-18T20:21:10Z node/3154319959",
    "verifiedAt": ""
   }
  },
  {
   "type": "Feature",
   "geometry": {
    "type": "Point",
    "coordinates": [
     138.4950337,
     36.6752454
    ]
   },
   "properties": {
    "id": "TH-n3154320178",
    "kind": "trailhead",
    "name": "熊の湯第2ペアB",
    "datum": "WGS84",
    "mountainIds": "261",
    "mountainNames": "笠ヶ岳",
    "lists": "日本三百名山",
    "routes": "OSM登山道「南志賀パノラマルート」",
    "entryType": "索道駅（ロープウェイ・ゴンドラ）",
    "trailKmToSummit": "笠ヶ岳:1.32km",
    "related": "BS-n13401434065(951m)",
    "attributes": "",
    "status": "provisional",
    "accuracyM": 15,
    "needsReview": "近くの道路にゲートあり（車両通行止め・季節閉鎖の可能性）、公式情報または2情報源での確認が必要",
    "sources": "OpenStreetMap（© OpenStreetMap contributors, ODbL 1.0）Geofabrik japan-latest.osm.pbf 2026-09-18T20:21:10Z node/3154320178",
    "verifiedAt": ""
   }
  },
  {
   "type": "Feature",
   "geometry": {
    "type": "Point",
    "coordinates": [
     138.4952975,
     36.6828821
    ]
   },
   "properties": {
    "id": "TH-n3154320179",
    "kind": "trailhead",
    "name": "熊の湯スキー場（笠ヶ岳登山コース起点）",
    "datum": "WGS84",
    "mountainIds": "261",
    "mountainNames": "笠ヶ岳",
    "lists": "日本三百名山",
    "routes": "",
    "entryType": "索道駅（ロープウェイ・ゴンドラ）",
    "trailKmToSummit": "笠ヶ岳:2.31km",
    "related": "BS-kP11-22-20-bs1058(245m) BS-kP11-22-20-bs1055(324m) BS-kP11-22-20-bs1055(324m)",
    "attributes": "course=笠ヶ岳登山コースは距離7km・標高差350m・約4時間・上級。熊の湯スキー場第4ペアリフト沿いにスキー場斜面を登り、リフトの中間駅から右手の樹林帯に入って山頂へ向かう（志賀高原）; parking=笠ヶ岳だけ登る場合は峠の茶屋の駐車場が使え、駐車場から山頂までは片道約25分（志賀高原）",
    "status": "adopted",
    "accuracyM": 15,
    "needsReview": "近くの道路にゲートあり（車両通行止め・季節閉鎖の可能性）、峠の茶屋は現在営業していないが、仮設トイレは利用できる（志賀高原）、山頂付近は岩場で足元が悪い（志賀高原）",
    "sources": "OpenStreetMap（© OpenStreetMap contributors, ODbL 1.0）Geofabrik japan-latest.osm.pbf 2026-09-18T20:21:10Z node/3154320179 ｜ 公式情報: https://www.shigakogen.gr.jp/green_season/trekking/trekking_course16.html ｜ 公式情報: https://visitor-center.shigakogen.gr.jp/trekking/trekking_course16/ ｜ 地理院地図の注記「熊の湯」から135mの位置（36.683711, 138.495912、標高1,676.1m）で徒歩道が道路から始まる 2026-09-23確認",
    "verifiedAt": "2026-09-23"
   }
  },
  {
   "type": "Feature",
   "geometry": {
    "type": "Point",
    "coordinates": [
     138.4924036,
     36.6772894
    ]
   },
   "properties": {
    "id": "TH-n3154320181",
    "kind": "trailhead",
    "name": "熊の湯第4ペア",
    "datum": "WGS84",
    "mountainIds": "261",
    "mountainNames": "笠ヶ岳",
    "lists": "日本三百名山",
    "routes": "OSM登山道「南志賀パノラマルート」",
    "entryType": "索道駅（ロープウェイ・ゴンドラ）",
    "trailKmToSummit": "笠ヶ岳:1.95km",
    "related": "BS-n13401434065(901m) BS-kP11-22-20-bs1058(913m) BS-kP11-22-20-bs1072(937m)",
    "attributes": "",
    "status": "provisional",
    "accuracyM": 15,
    "needsReview": "近くの道路にゲートあり（車両通行止め・季節閉鎖の可能性）、公式情報または2情報源での確認が必要",
    "sources": "OpenStreetMap（© OpenStreetMap contributors, ODbL 1.0）Geofabrik japan-latest.osm.pbf 2026-09-18T20:21:10Z node/3154320181",
    "verifiedAt": ""
   }
  },
  {
   "type": "Feature",
   "geometry": {
    "type": "Point",
    "coordinates": [
     138.0790108,
     36.8688317
    ]
   },
   "properties": {
    "id": "TH-n3786002110",
    "kind": "trailhead",
    "name": "笹ヶ峰（火打山・妙高山登山口）",
    "datum": "WGS84",
    "mountainIds": "222 223 227",
    "mountainNames": "火打山、焼山、妙高山",
    "lists": "日本百名山|日本二百名山|日本三百名山|甲信越百名山",
    "routes": "",
    "entryType": "一般道（県道以上）との接続",
    "trailKmToSummit": "火打山:8.27km 焼山:11.6km 妙高山:8.07km",
    "related": "PK-w536265770(34m) PK-w536265765(117m)",
    "attributes": "",
    "status": "adopted",
    "accuracyM": 15,
    "needsReview": "笹ヶ峰コースは富士見平まで火打山・妙高山の登山道が共通。日帰りは難しく山小屋泊が推奨される（新潟県）、燕温泉からは燕登山道・燕新道の2コースがある（新潟県）",
    "sources": "OpenStreetMap（© OpenStreetMap contributors, ODbL 1.0）Geofabrik japan-latest.osm.pbf 2026-09-18T20:21:10Z node/3786002110（登山道と道路の接続点） ｜ 公式情報: https://www.env.go.jp/park/myokotogakushi/%E5%A6%99%E9%AB%98%E6%88%B8%E9%9A%A0%E9%80%A3%E5%B1%B1%E5%9B%BD%E7%AB%8B%E5%85%AC%E5%9C%92%E7%B7%8F%E5%90%88%E3%82%AC%E3%82%A4%E3%83%89%E3%83%96%E3%83%83%E3%82%AF.pdf ｜ 公式情報: https://www.pref.niigata.lg.jp/site/kenkei/osirase-anzen-ansin-mizuyamajsetugaijiko-sangaku-natuyama-jouhou-s03hiuti-s03hiuti.html ｜ 公式情報: https://www.pref.niigata.lg.jp/site/kenkei/osirase-anzen-ansin-mizuyamajsetugaijiko-sangaku-natuyama-jouhou-s04myoukou-s04myoukou.html",
    "verifiedAt": "2026-09-20"
   }
  },
  {
   "type": "Feature",
   "geometry": {
    "type": "Point",
    "coordinates": [
     138.143857,
     36.9027164
    ]
   },
   "properties": {
    "id": "TH-n3786002487",
    "kind": "trailhead",
    "name": "黄金の湯",
    "datum": "WGS84",
    "mountainIds": "227 222 223",
    "mountainNames": "妙高山、火打山、焼山",
    "lists": "日本百名山|日本二百名山|日本三百名山|甲信越百名山",
    "routes": "燕温泉コース",
    "entryType": "施設（山小屋・宿・キャンプ場）からの入口",
    "trailKmToSummit": "妙高山:4.23km 火打山:9.99km 焼山:13.32km",
    "related": "PK-w1204925842(450m) BS-kP11-22-15-bs8128(367m)",
    "attributes": "",
    "status": "adopted",
    "accuracyM": 15,
    "needsReview": "",
    "sources": "OpenStreetMap（© OpenStreetMap contributors, ODbL 1.0）Geofabrik japan-latest.osm.pbf 2026-09-18T20:21:10Z node/3786002487 ｜ 国土地理院 地名検索「燕温泉」（36.902307, 138.145345、JGD2011、140m差）確認",
    "verifiedAt": ""
   }
  },
  {
   "type": "Feature",
   "geometry": {
    "type": "Point",
    "coordinates": [
     137.8183099,
     36.7738044
    ]
   },
   "properties": {
    "id": "TH-n3786355591",
    "kind": "trailhead",
    "name": "（名称未確認）",
    "datum": "WGS84",
    "mountainIds": "244",
    "mountainNames": "雪倉岳",
    "lists": "日本二百名山|日本三百名山|甲信越百名山",
    "routes": "",
    "entryType": "一般道との接続",
    "trailKmToSummit": "雪倉岳:12.04km",
    "related": "",
    "attributes": "",
    "status": "candidate",
    "accuracyM": 30,
    "needsReview": "名称未確認、登山道が道路を横断する地点（途中の入口の可能性）、近くの道路にゲートあり（車両通行止め・季節閉鎖の可能性）、公式情報または2情報源での確認が必要",
    "sources": "OpenStreetMap（© OpenStreetMap contributors, ODbL 1.0）Geofabrik japan-latest.osm.pbf 2026-09-18T20:21:10Z node/3786355591（登山道と道路の接続点）",
    "verifiedAt": ""
   }
  },
  {
   "type": "Feature",
   "geometry": {
    "type": "Point",
    "coordinates": [
     138.9093919,
     35.4124951
    ]
   },
   "properties": {
    "id": "TH-n390873282",
    "kind": "trailhead",
    "name": "（名称未確認）パノラマ台付近",
    "datum": "WGS84",
    "mountainIds": "451",
    "mountainNames": "御正体山",
    "lists": "日本二百名山|日本三百名山|甲信越百名山",
    "routes": "",
    "entryType": "一般道（県道以上）との接続",
    "trailKmToSummit": "御正体山:11.81km",
    "related": "PK-w191165643(13m) BS-kP11-22-19-bs3121(790m) BS-n2150099834(793m) BS-kP11-22-19-bs3118(927m)",
    "attributes": "OSM登山ルート: 三国山・パノラマ台コース、高指山・明神山コース",
    "status": "provisional",
    "accuracyM": 30,
    "needsReview": "名称未確認、登山道が道路を横断する地点（途中の入口の可能性）、近くの道路にゲートあり（車両通行止め・季節閉鎖の可能性）、公式情報または2情報源での確認が必要",
    "sources": "OpenStreetMap（© OpenStreetMap contributors, ODbL 1.0）Geofabrik japan-latest.osm.pbf 2026-09-18T20:21:10Z node/390873282（登山道と道路の接続点）",
    "verifiedAt": ""
   }
  },
  {
   "type": "Feature",
   "geometry": {
    "type": "Point",
    "coordinates": [
     138.4107315,
     35.9518777
    ]
   },
   "properties": {
    "id": "TH-n4230308517",
    "kind": "trailhead",
    "name": "バードリフト",
    "datum": "WGS84",
    "mountainIds": "350 355",
    "mountainNames": "天狗岳、八ヶ岳",
    "lists": "日本二百名山|日本三百名山|甲信越百名山|日本百名山",
    "routes": "",
    "entryType": "索道駅（ロープウェイ・ゴンドラ）",
    "trailKmToSummit": "天狗岳:12.16km 八ヶ岳:5.18km",
    "related": "PK-w423424974(133m)",
    "attributes": "",
    "status": "provisional",
    "accuracyM": 15,
    "needsReview": "公式情報または2情報源での確認が必要",
    "sources": "OpenStreetMap（© OpenStreetMap contributors, ODbL 1.0）Geofabrik japan-latest.osm.pbf 2026-09-18T20:21:10Z node/4230308517",
    "verifiedAt": ""
   }
  },
  {
   "type": "Feature",
   "geometry": {
    "type": "Point",
    "coordinates": [
     138.3250994,
     35.6414438
    ]
   },
   "properties": {
    "id": "TH-n4329408652",
    "kind": "trailhead",
    "name": "観音峡渓谷",
    "datum": "WGS84",
    "mountainIds": "406",
    "mountainNames": "鳳凰山",
    "lists": "日本百名山|日本二百名山|日本三百名山|甲信越百名山",
    "routes": "",
    "entryType": "駐車場・バス停（林道・車道を経由して登山道へ）",
    "trailKmToSummit": "鳳凰山:10.45km",
    "related": "BS-n4329408652(0m)",
    "attributes": "",
    "status": "provisional",
    "accuracyM": 15,
    "needsReview": "林道からの入口（マイカー進入可否を要確認）、公式情報または2情報源での確認が必要",
    "sources": "OpenStreetMap（© OpenStreetMap contributors, ODbL 1.0）Geofabrik japan-latest.osm.pbf 2026-09-18T20:21:10Z node/4329408652 ｜ OpenStreetMap（© OpenStreetMap contributors, ODbL 1.0）Geofabrik japan-latest.osm.pbf 2026-09-18T20:21:10Z node/5907558275（登山道と道路の接続点）",
    "verifiedAt": ""
   }
  },
  {
   "type": "Feature",
   "geometry": {
    "type": "Point",
    "coordinates": [
     138.3313481,
     36.0999487
    ]
   },
   "properties": {
    "id": "TH-n4341357283",
    "kind": "trailhead",
    "name": "双子池ヒュッテ",
    "datum": "WGS84",
    "mountainIds": "337 341",
    "mountainNames": "蓼科山、北横岳",
    "lists": "日本百名山|日本二百名山|日本三百名山|甲信越百名山",
    "routes": "",
    "entryType": "施設（山小屋・宿・キャンプ場）からの入口",
    "trailKmToSummit": "蓼科山:4.72km 北横岳:2.18km",
    "related": "",
    "attributes": "",
    "status": "provisional",
    "accuracyM": 15,
    "needsReview": "公式情報または2情報源での確認が必要",
    "sources": "OpenStreetMap（© OpenStreetMap contributors, ODbL 1.0）Geofabrik japan-latest.osm.pbf 2026-09-18T20:21:10Z node/4341357283",
    "verifiedAt": ""
   }
  },
  {
   "type": "Feature",
   "geometry": {
    "type": "Point",
    "coordinates": [
     138.3191632,
     36.1122601
    ]
   },
   "properties": {
    "id": "TH-n4341357284",
    "kind": "trailhead",
    "name": "大河原ヒュッテ",
    "datum": "WGS84",
    "mountainIds": "337 341",
    "mountainNames": "蓼科山、北横岳",
    "lists": "日本百名山|日本二百名山|日本三百名山|甲信越百名山",
    "routes": "",
    "entryType": "施設（山小屋・宿・キャンプ場）からの入口",
    "trailKmToSummit": "蓼科山:2.82km 北横岳:3.71km",
    "related": "PK-w1219501271(44m) PK-w1219501272(57m)",
    "attributes": "",
    "status": "adopted",
    "accuracyM": 15,
    "needsReview": "",
    "sources": "OpenStreetMap（© OpenStreetMap contributors, ODbL 1.0）Geofabrik japan-latest.osm.pbf 2026-09-18T20:21:10Z node/4341357284 ｜ 国土地理院 地名検索「大河原峠」（36.112481, 138.319395、JGD2011、32m差）2026-09-20確認",
    "verifiedAt": "2026-09-20"
   }
  },
  {
   "type": "Feature",
   "geometry": {
    "type": "Point",
    "coordinates": [
     138.3296286,
     36.0246518
    ]
   },
   "properties": {
    "id": "TH-n4346397970",
    "kind": "trailhead",
    "name": "唐沢鉱泉（八ヶ岳 天狗岳登山口）",
    "datum": "WGS84",
    "mountainIds": "350 355",
    "mountainNames": "天狗岳、八ヶ岳",
    "lists": "日本二百名山|日本三百名山|甲信越百名山|日本百名山",
    "routes": "",
    "entryType": "施設（山小屋・宿・キャンプ場）からの入口",
    "trailKmToSummit": "天狗岳:3.17km 八ヶ岳:10.55km",
    "related": "PK-w1219464904(64m) PK-w1219464903(130m)",
    "attributes": "",
    "status": "adopted",
    "accuracyM": 15,
    "needsReview": "唐沢鉱泉は天狗岳の登山口、国土地理院の地名とOSMの地物の位置が一致（独立した2情報源）、長野県登山安全条例の指定登山道では登山計画書の提出が必要",
    "sources": "OpenStreetMap（© OpenStreetMap contributors, ODbL 1.0）Geofabrik japan-latest.osm.pbf 2026-09-18T20:21:10Z node/4346397970 ｜ 国土地理院 地名検索「唐沢鉱泉」（36.024900, 138.330911、JGD2011、119m差）2026-09-20確認 ｜ 公式情報: https://www.pref.nagano.lg.jp/kankoki/tozanjorei/tozanjorei.html ｜ 国土地理院 地名検索「唐沢鉱泉」（36.024900, 138.330911、JGD2011、119m差）2026-09-20確認",
    "verifiedAt": "2026-09-20"
   }
  },
  {
   "type": "Feature",
   "geometry": {
    "type": "Point",
    "coordinates": [
     138.1310992,
     35.7768413
    ]
   },
   "properties": {
    "id": "TH-n4349370418",
    "kind": "trailhead",
    "name": "戸台大橋",
    "datum": "WGS84",
    "mountainIds": "393 397 402 403",
    "mountainNames": "鋸岳、甲斐駒ヶ岳、アサヨ峰、仙丈ヶ岳",
    "lists": "日本二百名山|日本三百名山|日本百名山|甲信越百名山",
    "routes": "",
    "entryType": "駐車場・バス停（林道・車道を経由して登山道へ）",
    "trailKmToSummit": "鋸岳:12.53km 甲斐駒ヶ岳:11.59km アサヨ峰:15.77km 仙丈ヶ岳:13.53km",
    "related": "BS-kP11-22-20-bs7294(17m)",
    "attributes": "",
    "status": "provisional",
    "accuracyM": 15,
    "needsReview": "近くの道路にゲートあり（車両通行止め・季節閉鎖の可能性）、林道からの入口（マイカー進入可否を要確認）、公式情報または2情報源での確認が必要",
    "sources": "OpenStreetMap（© OpenStreetMap contributors, ODbL 1.0）Geofabrik japan-latest.osm.pbf 2026-09-18T20:21:10Z node/4349370418 ｜ OpenStreetMap（© OpenStreetMap contributors, ODbL 1.0）Geofabrik japan-latest.osm.pbf 2026-09-18T20:21:10Z node/1588939527（登山道と道路の接続点） ｜ 国土地理院 地名検索「戸台大橋」（35.776876, 138.131552、JGD2011、41m差）2026-09-20確認",
    "verifiedAt": "2026-09-20"
   }
  },
  {
   "type": "Feature",
   "geometry": {
    "type": "Point",
    "coordinates": [
     138.493537,
     35.7824315
    ]
   },
   "properties": {
    "id": "TH-n4352365248",
    "kind": "trailhead",
    "name": "（名称未確認）",
    "datum": "WGS84",
    "mountainIds": "386",
    "mountainNames": "茅ヶ岳",
    "lists": "日本二百名山|日本三百名山|甲信越百名山",
    "routes": "OSM登山道「千本桜公園コース」",
    "entryType": "道路の終点付近",
    "trailKmToSummit": "茅ヶ岳:2.49km",
    "related": "",
    "attributes": "",
    "status": "candidate",
    "accuracyM": 30,
    "needsReview": "名称未確認、林道からの入口（マイカー進入可否を要確認）、公式情報または2情報源での確認が必要",
    "sources": "OpenStreetMap（© OpenStreetMap contributors, ODbL 1.0）Geofabrik japan-latest.osm.pbf 2026-09-18T20:21:10Z node/4352365248（登山道と道路の接続点）",
    "verifiedAt": ""
   }
  },
  {
   "type": "Feature",
   "geometry": {
    "type": "Point",
    "coordinates": [
     138.2093438,
     35.7418881
    ]
   },
   "properties": {
    "id": "TH-n4359906159",
    "kind": "trailhead",
    "name": "大平山荘",
    "datum": "WGS84",
    "mountainIds": "393 397 402 403 419",
    "mountainNames": "鋸岳、甲斐駒ヶ岳、アサヨ峰、仙丈ヶ岳、間ノ岳",
    "lists": "日本二百名山|日本三百名山|日本百名山|甲信越百名山",
    "routes": "",
    "entryType": "施設（山小屋・宿・キャンプ場）からの入口",
    "trailKmToSummit": "鋸岳:7.36km 甲斐駒ヶ岳:6.41km アサヨ峰:8.9km 仙丈ヶ岳:4.31km 間ノ岳:15.9km",
    "related": "BS-kP11-22-19-bs479(397m) BS-kP11-22-19-bs479(397m) BS-kP11-22-19-bs479(397m)",
    "attributes": "",
    "status": "provisional",
    "accuracyM": 15,
    "needsReview": "公式情報または2情報源での確認が必要",
    "sources": "OpenStreetMap（© OpenStreetMap contributors, ODbL 1.0）Geofabrik japan-latest.osm.pbf 2026-09-18T20:21:10Z node/4359906159",
    "verifiedAt": ""
   }
  },
  {
   "type": "Feature",
   "geometry": {
    "type": "Point",
    "coordinates": [
     138.7106703,
     35.9542174
    ]
   },
   "properties": {
    "id": "TH-n4395997041",
    "kind": "trailhead",
    "name": "毛木場駐車場",
    "datum": "WGS84",
    "mountainIds": "365 374",
    "mountainNames": "甲武信ヶ岳、国師ヶ岳",
    "lists": "日本百名山|日本二百名山|日本三百名山|関東百名山|甲信越百名山",
    "routes": "毛木平周回（千曲川源流↑十文字峠↓）",
    "entryType": "駐車場・バス停（林道・車道を経由して登山道へ）",
    "trailKmToSummit": "甲武信ヶ岳:7.55km 国師ヶ岳:15.93km",
    "related": "PK-n4395997041(0m)",
    "attributes": "",
    "status": "provisional",
    "accuracyM": 15,
    "needsReview": "近くの道路にゲートあり（車両通行止め・季節閉鎖の可能性）、林道からの入口（マイカー進入可否を要確認）、公式情報または2情報源での確認が必要",
    "sources": "OpenStreetMap（© OpenStreetMap contributors, ODbL 1.0）Geofabrik japan-latest.osm.pbf 2026-09-18T20:21:10Z node/4395997041 ｜ OpenStreetMap（© OpenStreetMap contributors, ODbL 1.0）Geofabrik japan-latest.osm.pbf 2026-09-18T20:21:10Z node/1282512989（登山道と道路の接続点）",
    "verifiedAt": ""
   }
  },
  {
   "type": "Feature",
   "geometry": {
    "type": "Point",
    "coordinates": [
     138.4151142,
     35.9316597
    ]
   },
   "properties": {
    "id": "TH-n4398472649",
    "kind": "trailhead",
    "name": "大沢大橋",
    "datum": "WGS84",
    "mountainIds": "350 355",
    "mountainNames": "天狗岳、八ヶ岳",
    "lists": "日本二百名山|日本三百名山|甲信越百名山|日本百名山",
    "routes": "",
    "entryType": "駐車場・バス停（林道・車道を経由して登山道へ）",
    "trailKmToSummit": "天狗岳:13.86km 八ヶ岳:6.34km",
    "related": "PK-w27562867(25m) BS-n4398472649(0m) BS-n1450513707(928m)",
    "attributes": "",
    "status": "provisional",
    "accuracyM": 15,
    "needsReview": "近くの道路にゲートあり（車両通行止め・季節閉鎖の可能性）、公式情報または2情報源での確認が必要",
    "sources": "OpenStreetMap（© OpenStreetMap contributors, ODbL 1.0）Geofabrik japan-latest.osm.pbf 2026-09-18T20:21:10Z node/4398472649 ｜ OpenStreetMap（© OpenStreetMap contributors, ODbL 1.0）Geofabrik japan-latest.osm.pbf 2026-09-18T20:21:10Z node/1788973634（登山道と道路の接続点）",
    "verifiedAt": ""
   }
  },
  {
   "type": "Feature",
   "geometry": {
    "type": "Point",
    "coordinates": [
     138.5784301,
     35.8786456
    ]
   },
   "properties": {
    "id": "TH-n4406775661",
    "kind": "trailhead",
    "name": "瑞牆山荘（瑞牆山・金峰山 登山口）",
    "datum": "WGS84",
    "mountainIds": "369 373",
    "mountainNames": "瑞牆山、金峰山",
    "lists": "日本百名山|日本二百名山|日本三百名山|甲信越百名山",
    "routes": "瑞牆山荘コース、瑞牆山荘（大日岩）コース",
    "entryType": "施設（山小屋・宿・キャンプ場）からの入口",
    "trailKmToSummit": "瑞牆山:2.5km 金峰山:5.27km",
    "related": "PK-w161885542(146m) BS-kP11-22-19-bs15(0m)",
    "attributes": "parking=瑞牆山荘北側駐車場は無料40台（北杜市）; bus=JR中央本線韮崎駅から山梨峡北交通の瑞牆山荘行バスで終点まで約1時間10分（北杜市）; season=登山適期は5月上旬〜10月中旬。積雪期は11月下旬〜3月中旬（北杜市）",
    "status": "adopted",
    "accuracyM": 15,
    "needsReview": "山頂付近の岩場は季節によっては凍結し、滑りやすいので注意（北杜市）",
    "sources": "国土数値情報（バス停留所データ）令和4年度（国土交通省）P11-22-19-bs15（JGD2011）を加工して作成 ｜ OpenStreetMap（© OpenStreetMap contributors, ODbL 1.0）Geofabrik japan-latest.osm.pbf 2026-09-18T20:21:10Z node/1789111564（登山道と道路の接続点） ｜ 公式情報: https://www.city.hokuto.yamanashi.jp/mountain-guide/course/mizugakiyama-01.html",
    "verifiedAt": "2026-09-23"
   }
  },
  {
   "type": "Feature",
   "geometry": {
    "type": "Point",
    "coordinates": [
     138.6437494,
     36.7199667
    ]
   },
   "properties": {
    "id": "TH-n448044859",
    "kind": "trailhead",
    "name": "野反湖側 白砂山登山口",
    "datum": "WGS84",
    "mountainIds": "246 252",
    "mountainNames": "佐武流山、白砂山",
    "lists": "日本二百名山|日本三百名山|関東百名山",
    "routes": "",
    "entryType": "一般道（県道以上）との接続",
    "trailKmToSummit": "佐武流山:11.27km 白砂山:5.89km",
    "related": "PK-w743792263(66m) PK-w743792262(89m) PK-w1362142320(326m) BS-kP11-22-10-bs141(84m)",
    "attributes": "",
    "status": "adopted",
    "accuracyM": 15,
    "needsReview": "登山道が道路を横断する地点（途中の入口の可能性）、近くの道路にゲートあり（車両通行止め・季節閉鎖の可能性）、野反湖は1956年に水力発電を目的としたロックフィルダムで造られた人造湖（林野庁 野反自然休養林）、野反湖へは関越道渋川伊香保ICから車で約135分（国土交通省）、この地点が白砂山登山口かどうかは未確認",
    "sources": "OpenStreetMap（© OpenStreetMap contributors, ODbL 1.0）Geofabrik japan-latest.osm.pbf 2026-09-18T20:21:10Z node/448044859（登山道と道路の接続点） ｜ 公式情報: https://www.rinya.maff.go.jp/j/kokuyu_rinya/kokumin_mori/katuyo/reku/rekumori/nozori.html ｜ 公式情報: https://www.ktr.mlit.go.jp/chiiki/chiiki00000130.html",
    "verifiedAt": "2026-09-20"
   }
  },
  {
   "type": "Feature",
   "geometry": {
    "type": "Point",
    "coordinates": [
     138.6487426,
     36.7175347
    ]
   },
   "properties": {
    "id": "TH-n448064483",
    "kind": "trailhead",
    "name": "（名称未確認）野反湖バス停付近",
    "datum": "WGS84",
    "mountainIds": "246 252",
    "mountainNames": "佐武流山、白砂山",
    "lists": "日本二百名山|日本三百名山|関東百名山",
    "routes": "",
    "entryType": "一般道（県道以上）との接続",
    "trailKmToSummit": "佐武流山:11.86km 白砂山:6.48km",
    "related": "PK-w743790435(80m) BS-kP11-22-10-bs141(568m)",
    "attributes": "",
    "status": "provisional",
    "accuracyM": 30,
    "needsReview": "名称未確認、登山道が道路を横断する地点（途中の入口の可能性）、近くの道路にゲートあり（車両通行止め・季節閉鎖の可能性）、公式情報または2情報源での確認が必要",
    "sources": "OpenStreetMap（© OpenStreetMap contributors, ODbL 1.0）Geofabrik japan-latest.osm.pbf 2026-09-18T20:21:10Z node/448064483（登山道と道路の接続点）",
    "verifiedAt": ""
   }
  },
  {
   "type": "Feature",
   "geometry": {
    "type": "Point",
    "coordinates": [
     137.437259,
     36.1382839
    ]
   },
   "properties": {
    "id": "TH-n4501354703",
    "kind": "trailhead",
    "name": "（名称未確認）",
    "datum": "WGS84",
    "mountainIds": "336",
    "mountainNames": "乗鞍岳",
    "lists": "日本百名山|日本二百名山|日本三百名山|甲信越百名山|東海の百山",
    "routes": "",
    "entryType": "索道駅（ロープウェイ・ゴンドラ）",
    "trailKmToSummit": "乗鞍岳:15.39km",
    "related": "",
    "attributes": "",
    "status": "provisional",
    "accuracyM": 15,
    "needsReview": "名称未確認、公式情報または2情報源での確認が必要",
    "sources": "OpenStreetMap（© OpenStreetMap contributors, ODbL 1.0）Geofabrik japan-latest.osm.pbf 2026-09-18T20:21:10Z node/4501354703",
    "verifiedAt": ""
   }
  },
  {
   "type": "Feature",
   "geometry": {
    "type": "Point",
    "coordinates": [
     138.3950417,
     36.0507782
    ]
   },
   "properties": {
    "id": "TH-n4507042341",
    "kind": "trailhead",
    "name": "（名称未確認）",
    "datum": "WGS84",
    "mountainIds": "350",
    "mountainNames": "天狗岳",
    "lists": "日本二百名山|日本三百名山|甲信越百名山",
    "routes": "",
    "entryType": "索道駅（ロープウェイ・ゴンドラ）",
    "trailKmToSummit": "天狗岳:6.25km",
    "related": "",
    "attributes": "",
    "status": "provisional",
    "accuracyM": 15,
    "needsReview": "名称未確認、公式情報または2情報源での確認が必要",
    "sources": "OpenStreetMap（© OpenStreetMap contributors, ODbL 1.0）Geofabrik japan-latest.osm.pbf 2026-09-18T20:21:10Z node/4507042341",
    "verifiedAt": ""
   }
  },
  {
   "type": "Feature",
   "geometry": {
    "type": "Point",
    "coordinates": [
     138.3050108,
     36.0706293
    ]
   },
   "properties": {
    "id": "TH-n4507147817",
    "kind": "trailhead",
    "name": "（名称未確認）北八ヶ岳ロープウェイバス停付近",
    "datum": "WGS84",
    "mountainIds": "337 341",
    "mountainNames": "蓼科山、北横岳",
    "lists": "日本百名山|日本二百名山|日本三百名山|甲信越百名山",
    "routes": "",
    "entryType": "索道駅（ロープウェイ・ゴンドラ）",
    "trailKmToSummit": "蓼科山:8.75km 北横岳:3.88km",
    "related": "PK-w350178484(427m) BS-kP11-22-20-bs5799(351m) BS-kP11-22-20-bs5834(752m) BS-kP11-22-20-bs5869(982m)",
    "attributes": "",
    "status": "provisional",
    "accuracyM": 15,
    "needsReview": "名称未確認、公式情報または2情報源での確認が必要",
    "sources": "OpenStreetMap（© OpenStreetMap contributors, ODbL 1.0）Geofabrik japan-latest.osm.pbf 2026-09-18T20:21:10Z node/4507147817 ｜ 国土地理院 地名検索「北八ヶ岳ロープウェイ」（36.071435, 138.306271、JGD2011、144m差）2026-09-20確認",
    "verifiedAt": "2026-09-20"
   }
  },
  {
   "type": "Feature",
   "geometry": {
    "type": "Point",
    "coordinates": [
     138.2043043,
     36.1047783
    ]
   },
   "properties": {
    "id": "TH-n4508928679",
    "kind": "trailhead",
    "name": "中腹",
    "datum": "WGS84",
    "mountainIds": "338",
    "mountainNames": "霧ヶ峰",
    "lists": "日本百名山|日本二百名山|日本三百名山|甲信越百名山",
    "routes": "",
    "entryType": "索道駅（ロープウェイ・ゴンドラ）",
    "trailKmToSummit": "霧ヶ峰:0.99km",
    "related": "BS-kP11-22-20-bs5551(833m)",
    "attributes": "",
    "status": "provisional",
    "accuracyM": 15,
    "needsReview": "名称未確認、公式情報または2情報源での確認が必要",
    "sources": "OpenStreetMap（© OpenStreetMap contributors, ODbL 1.0）Geofabrik japan-latest.osm.pbf 2026-09-18T20:21:10Z node/4508928679",
    "verifiedAt": ""
   }
  },
  {
   "type": "Feature",
   "geometry": {
    "type": "Point",
    "coordinates": [
     138.2120777,
     36.1015566
    ]
   },
   "properties": {
    "id": "TH-n4508928681",
    "kind": "trailhead",
    "name": "車山山麓",
    "datum": "WGS84",
    "mountainIds": "338",
    "mountainNames": "霧ヶ峰",
    "lists": "日本百名山|日本二百名山|日本三百名山|甲信越百名山",
    "routes": "",
    "entryType": "索道駅（ロープウェイ・ゴンドラ）",
    "trailKmToSummit": "霧ヶ峰:1.46km",
    "related": "PK-w386615325(92m) PK-w664581563(139m) PK-w664581564(255m) BS-kP11-22-20-bs5551(82m)",
    "attributes": "",
    "status": "provisional",
    "accuracyM": 15,
    "needsReview": "公式情報または2情報源での確認が必要",
    "sources": "OpenStreetMap（© OpenStreetMap contributors, ODbL 1.0）Geofabrik japan-latest.osm.pbf 2026-09-18T20:21:10Z node/4508928681",
    "verifiedAt": ""
   }
  },
  {
   "type": "Feature",
   "geometry": {
    "type": "Point",
    "coordinates": [
     138.2113367,
     36.1214089
    ]
   },
   "properties": {
    "id": "TH-n4508967258",
    "kind": "trailhead",
    "name": "エコーバレースキー場",
    "datum": "WGS84",
    "mountainIds": "338",
    "mountainNames": "霧ヶ峰",
    "lists": "日本百名山|日本二百名山|日本三百名山|甲信越百名山",
    "routes": "",
    "entryType": "索道駅（ロープウェイ・ゴンドラ）",
    "trailKmToSummit": "霧ヶ峰:5.5km",
    "related": "BS-kP11-22-20-bs5421(0m) BS-kP11-22-20-bs5430(202m) BS-kP11-22-20-bs5442(300m)",
    "attributes": "",
    "status": "provisional",
    "accuracyM": 15,
    "needsReview": "公式情報または2情報源での確認が必要",
    "sources": "国土数値情報（バス停留所データ）令和4年度（国土交通省）P11-22-20-bs5421（JGD2011）を加工して作成 ｜ OpenStreetMap（© OpenStreetMap contributors, ODbL 1.0）Geofabrik japan-latest.osm.pbf 2026-09-18T20:21:10Z node/1558710457（登山道と道路の接続点）",
    "verifiedAt": ""
   }
  },
  {
   "type": "Feature",
   "geometry": {
    "type": "Point",
    "coordinates": [
     138.2003788,
     36.1324952
    ]
   },
   "properties": {
    "id": "TH-n4509007130",
    "kind": "trailhead",
    "name": "第5ペアリフト",
    "datum": "WGS84",
    "mountainIds": "338",
    "mountainNames": "霧ヶ峰",
    "lists": "日本百名山|日本二百名山|日本三百名山|甲信越百名山",
    "routes": "",
    "entryType": "索道駅（ロープウェイ・ゴンドラ）",
    "trailKmToSummit": "霧ヶ峰:4.73km",
    "related": "PK-w664629841(487m)",
    "attributes": "",
    "status": "provisional",
    "accuracyM": 15,
    "needsReview": "公式情報または2情報源での確認が必要",
    "sources": "OpenStreetMap（© OpenStreetMap contributors, ODbL 1.0）Geofabrik japan-latest.osm.pbf 2026-09-18T20:21:10Z node/4509007130",
    "verifiedAt": ""
   }
  },
  {
   "type": "Feature",
   "geometry": {
    "type": "Point",
    "coordinates": [
     137.8299935,
     36.6198192
    ]
   },
   "properties": {
    "id": "TH-n4511128182",
    "kind": "trailhead",
    "name": "第５ペア",
    "datum": "WGS84",
    "mountainIds": "260 263",
    "mountainNames": "唐松岳、五竜岳",
    "lists": "日本三百名山|甲信越百名山|日本百名山|日本二百名山",
    "routes": "",
    "entryType": "索道駅（ロープウェイ・ゴンドラ）",
    "trailKmToSummit": "唐松岳:14.24km 五竜岳:12.12km",
    "related": "",
    "attributes": "",
    "status": "provisional",
    "accuracyM": 15,
    "needsReview": "公式情報または2情報源での確認が必要",
    "sources": "OpenStreetMap（© OpenStreetMap contributors, ODbL 1.0）Geofabrik japan-latest.osm.pbf 2026-09-18T20:21:10Z node/4511128182",
    "verifiedAt": ""
   }
  },
  {
   "type": "Feature",
   "geometry": {
    "type": "Point",
    "coordinates": [
     138.1530591,
     36.9064633
    ]
   },
   "properties": {
    "id": "TH-n4517934822",
    "kind": "trailhead",
    "name": "（名称未確認）燕温泉バス停付近",
    "datum": "WGS84",
    "mountainIds": "222 223 227",
    "mountainNames": "火打山、焼山、妙高山",
    "lists": "日本百名山|日本二百名山|日本三百名山|甲信越百名山",
    "routes": "",
    "entryType": "索道駅（ロープウェイ・ゴンドラ）",
    "trailKmToSummit": "火打山:10.36km 焼山:13.7km 妙高山:6.85km",
    "related": "BS-kP11-22-15-bs8128(749m) BS-kP11-22-15-bs8122(802m)",
    "attributes": "",
    "status": "provisional",
    "accuracyM": 15,
    "needsReview": "名称未確認、公式情報または2情報源での確認が必要",
    "sources": "OpenStreetMap（© OpenStreetMap contributors, ODbL 1.0）Geofabrik japan-latest.osm.pbf 2026-09-18T20:21:10Z node/4517934822 ｜ 国土地理院 地名検索「関温泉スキー場」（36.905282, 138.153599、JGD2011、139m差）2026-09-20確認",
    "verifiedAt": "2026-09-20"
   }
  },
  {
   "type": "Feature",
   "geometry": {
    "type": "Point",
    "coordinates": [
     138.1465603,
     36.8242008
    ]
   },
   "properties": {
    "id": "TH-n4519172688",
    "kind": "trailhead",
    "name": "（名称未確認）",
    "datum": "WGS84",
    "mountainIds": "239",
    "mountainNames": "黒姫山",
    "lists": "日本二百名山|日本三百名山|甲信越百名山",
    "routes": "",
    "entryType": "索道駅（ロープウェイ・ゴンドラ）",
    "trailKmToSummit": "黒姫山:3.93km",
    "related": "",
    "attributes": "",
    "status": "provisional",
    "accuracyM": 15,
    "needsReview": "名称未確認、公式情報または2情報源での確認が必要",
    "sources": "OpenStreetMap（© OpenStreetMap contributors, ODbL 1.0）Geofabrik japan-latest.osm.pbf 2026-09-18T20:21:10Z node/4519172688",
    "verifiedAt": ""
   }
  },
  {
   "type": "Feature",
   "geometry": {
    "type": "Point",
    "coordinates": [
     138.147361,
     36.7437872
    ]
   },
   "properties": {
    "id": "TH-n4519567300",
    "kind": "trailhead",
    "name": "（名称未確認）",
    "datum": "WGS84",
    "mountainIds": "251",
    "mountainNames": "飯縄山",
    "lists": "日本二百名山|日本三百名山|甲信越百名山",
    "routes": "",
    "entryType": "索道駅（ロープウェイ・ゴンドラ）",
    "trailKmToSummit": "飯縄山:1.85km",
    "related": "",
    "attributes": "",
    "status": "provisional",
    "accuracyM": 15,
    "needsReview": "名称未確認、公式情報または2情報源での確認が必要",
    "sources": "OpenStreetMap（© OpenStreetMap contributors, ODbL 1.0）Geofabrik japan-latest.osm.pbf 2026-09-18T20:21:10Z node/4519567300",
    "verifiedAt": ""
   }
  },
  {
   "type": "Feature",
   "geometry": {
    "type": "Point",
    "coordinates": [
     139.6698033,
     37.9256363
    ]
   },
   "properties": {
    "id": "TH-n4730366633",
    "kind": "trailhead",
    "name": "飯豊山荘",
    "datum": "WGS84",
    "mountainIds": "174 176",
    "mountainNames": "杁差岳、北股岳",
    "lists": "日本二百名山|日本三百名山|甲信越百名山|東北百名山",
    "routes": "",
    "entryType": "施設（山小屋・宿・キャンプ場）からの入口",
    "trailKmToSummit": "杁差岳:9.27km 北股岳:8.29km",
    "related": "PK-w952021877(182m)",
    "attributes": "",
    "status": "provisional",
    "accuracyM": 15,
    "needsReview": "公式情報または2情報源での確認が必要",
    "sources": "OpenStreetMap（© OpenStreetMap contributors, ODbL 1.0）Geofabrik japan-latest.osm.pbf 2026-09-18T20:21:10Z node/4730366633",
    "verifiedAt": ""
   }
  },
  {
   "type": "Feature",
   "geometry": {
    "type": "Point",
    "coordinates": [
     138.491365,
     36.6968759
    ]
   },
   "properties": {
    "id": "TH-n484668276",
    "kind": "trailhead",
    "name": "（名称未確認）木戸池バス停付近",
    "datum": "WGS84",
    "mountainIds": "258",
    "mountainNames": "志賀山",
    "lists": "甲信越百名山",
    "routes": "",
    "entryType": "一般道（県道以上）との接続",
    "trailKmToSummit": "志賀山:3.56km",
    "related": "PK-w663024924(157m) BS-kP11-22-20-bs971(128m) BS-kP11-22-20-bs996(518m) BS-kP11-22-20-bs1006(825m)",
    "attributes": "",
    "status": "provisional",
    "accuracyM": 30,
    "needsReview": "名称未確認、公式情報または2情報源での確認が必要",
    "sources": "OpenStreetMap（© OpenStreetMap contributors, ODbL 1.0）Geofabrik japan-latest.osm.pbf 2026-09-18T20:21:10Z node/484668276（登山道と道路の接続点）",
    "verifiedAt": ""
   }
  },
  {
   "type": "Feature",
   "geometry": {
    "type": "Point",
    "coordinates": [
     138.184631,
     35.757334
    ]
   },
   "properties": {
    "id": "TH-n4865978352",
    "kind": "trailhead",
    "name": "歌宿",
    "datum": "WGS84",
    "mountainIds": "393 397 402 403",
    "mountainNames": "鋸岳、甲斐駒ヶ岳、アサヨ峰、仙丈ヶ岳",
    "lists": "日本二百名山|日本三百名山|日本百名山|甲信越百名山",
    "routes": "",
    "entryType": "駐車場・バス停（林道・車道を経由して登山道へ）",
    "trailKmToSummit": "鋸岳:7.26km 甲斐駒ヶ岳:6.31km アサヨ峰:10.5km 仙丈ヶ岳:6.05km",
    "related": "BS-kP11-22-20-bs7334(17m)",
    "attributes": "",
    "status": "provisional",
    "accuracyM": 15,
    "needsReview": "林道からの入口（マイカー進入可否を要確認）、公式情報または2情報源での確認が必要",
    "sources": "OpenStreetMap（© OpenStreetMap contributors, ODbL 1.0）Geofabrik japan-latest.osm.pbf 2026-09-18T20:21:10Z node/4865978352 ｜ OpenStreetMap（© OpenStreetMap contributors, ODbL 1.0）Geofabrik japan-latest.osm.pbf 2026-09-18T20:21:10Z node/1588937435（登山道と道路の接続点） ｜ 国土地理院 地名検索「歌宿沢」（35.759857, 138.185152、JGD2011、283m差）2026-09-20確認",
    "verifiedAt": "2026-09-20"
   }
  },
  {
   "type": "Feature",
   "geometry": {
    "type": "Point",
    "coordinates": [
     138.9492068,
     36.8155658
    ]
   },
   "properties": {
    "id": "TH-n4934373550",
    "kind": "trailhead",
    "name": "谷川岳ロープウェイ天神平駅",
    "datum": "WGS84",
    "mountainIds": "234",
    "mountainNames": "谷川岳",
    "lists": "日本百名山|日本二百名山|日本三百名山|関東百名山|甲信越百名山",
    "routes": "天神尾根コース",
    "entryType": "索道駅（ロープウェイ・ゴンドラ）",
    "trailKmToSummit": "谷川岳:3.54km",
    "related": "",
    "attributes": "",
    "status": "provisional",
    "accuracyM": 15,
    "needsReview": "公式情報または2情報源での確認が必要",
    "sources": "OpenStreetMap（© OpenStreetMap contributors, ODbL 1.0）Geofabrik japan-latest.osm.pbf 2026-09-18T20:21:10Z node/4934373550 ｜ 国土地理院 地名検索「天神平スキー場」（36.816440, 138.948032、JGD2011、143m差）2026-09-13確認",
    "verifiedAt": "2026-09-13"
   }
  },
  {
   "type": "Feature",
   "geometry": {
    "type": "Point",
    "coordinates": [
     138.9602521,
     36.7968842
    ]
   },
   "properties": {
    "id": "TH-n4934387464",
    "kind": "trailhead",
    "name": "（名称未確認）",
    "datum": "WGS84",
    "mountainIds": "234",
    "mountainNames": "谷川岳",
    "lists": "日本百名山|日本二百名山|日本三百名山|関東百名山|甲信越百名山",
    "routes": "",
    "entryType": "索道駅（ロープウェイ・ゴンドラ）",
    "trailKmToSummit": "谷川岳:6.58km",
    "related": "",
    "attributes": "",
    "status": "provisional",
    "accuracyM": 15,
    "needsReview": "名称未確認、公式情報または2情報源での確認が必要",
    "sources": "OpenStreetMap（© OpenStreetMap contributors, ODbL 1.0）Geofabrik japan-latest.osm.pbf 2026-09-18T20:21:10Z node/4934387464",
    "verifiedAt": ""
   }
  },
  {
   "type": "Feature",
   "geometry": {
    "type": "Point",
    "coordinates": [
     138.6630046,
     35.8730047
    ]
   },
   "properties": {
    "id": "TH-n496230254",
    "kind": "trailhead",
    "name": "大弛峠",
    "datum": "WGS84",
    "mountainIds": "365 369 373 374 383",
    "mountainNames": "甲武信ヶ岳、瑞牆山、金峰山、国師ヶ岳、乾徳山",
    "lists": "日本百名山|日本二百名山|日本三百名山|関東百名山|甲信越百名山",
    "routes": "大弛峠コース",
    "entryType": "峠（道路との接続）",
    "trailKmToSummit": "甲武信ヶ岳:9.72km 瑞牆山:9.92km 金峰山:3.98km 国師ヶ岳:1.1km 乾徳山:10.81km",
    "related": "PK-n3857013864(42m)",
    "attributes": "",
    "status": "adopted",
    "accuracyM": 30,
    "needsReview": "登山道が道路を横断する地点（途中の入口の可能性）",
    "sources": "OpenStreetMap（© OpenStreetMap contributors, ODbL 1.0）Geofabrik japan-latest.osm.pbf 2026-09-18T20:21:10Z node/496230254（登山道と道路の接続点） ｜ 国土地理院 地名検索「大弛峠」（35.873130, 138.663063、JGD2011、15m差）2026-09-13確認",
    "verifiedAt": "2026-09-13"
   }
  },
  {
   "type": "Feature",
   "geometry": {
    "type": "Point",
    "coordinates": [
     138.905199,
     35.4310839
    ]
   },
   "properties": {
    "id": "TH-n5085703712",
    "kind": "trailhead",
    "name": "城山荘",
    "datum": "WGS84",
    "mountainIds": "451",
    "mountainNames": "御正体山",
    "lists": "日本二百名山|日本三百名山|甲信越百名山",
    "routes": "",
    "entryType": "施設（山小屋・宿・キャンプ場）からの入口",
    "trailKmToSummit": "御正体山:8.83km",
    "related": "PK-w265730248(339m) PK-w168737641(421m) PK-w168737679(465m) BS-kP11-22-19-bs3086(50m) BS-kP11-22-19-bs3086(50m) BS-kP11-22-19-bs3094(539m)",
    "attributes": "OSM登山ルート: 石割山ハイキングコース",
    "status": "provisional",
    "accuracyM": 15,
    "needsReview": "近くの道路にゲートあり（車両通行止め・季節閉鎖の可能性）、公式情報または2情報源での確認が必要",
    "sources": "OpenStreetMap（© OpenStreetMap contributors, ODbL 1.0）Geofabrik japan-latest.osm.pbf 2026-09-18T20:21:10Z node/5085703712",
    "verifiedAt": ""
   }
  },
  {
   "type": "Feature",
   "geometry": {
    "type": "Point",
    "coordinates": [
     138.46334,
     37.294733
    ]
   },
   "properties": {
    "id": "TH-n510188442",
    "kind": "trailhead",
    "name": "（名称未確認）",
    "datum": "WGS84",
    "mountainIds": "197",
    "mountainNames": "米山",
    "lists": "日本三百名山|甲信越百名山",
    "routes": "",
    "entryType": "一般道との接続",
    "trailKmToSummit": "米山:2.3km",
    "related": "",
    "attributes": "",
    "status": "candidate",
    "accuracyM": 30,
    "needsReview": "名称未確認、公式情報または2情報源での確認が必要",
    "sources": "OpenStreetMap（© OpenStreetMap contributors, ODbL 1.0）Geofabrik japan-latest.osm.pbf 2026-09-18T20:21:10Z node/510188442（登山道と道路の接続点）",
    "verifiedAt": ""
   }
  },
  {
   "type": "Feature",
   "geometry": {
    "type": "Point",
    "coordinates": [
     138.2816507,
     35.3049977
    ]
   },
   "properties": {
    "id": "TH-n5123552990",
    "kind": "trailhead",
    "name": "（名称未確認）",
    "datum": "WGS84",
    "mountainIds": "513",
    "mountainNames": "山伏",
    "lists": "日本三百名山",
    "routes": "",
    "entryType": "一般道との接続",
    "trailKmToSummit": "山伏:0.34km",
    "related": "",
    "attributes": "",
    "status": "candidate",
    "accuracyM": 30,
    "needsReview": "名称未確認、公式情報または2情報源での確認が必要",
    "sources": "OpenStreetMap（© OpenStreetMap contributors, ODbL 1.0）Geofabrik japan-latest.osm.pbf 2026-09-18T20:21:10Z node/5123552990（登山道と道路の接続点）",
    "verifiedAt": ""
   }
  },
  {
   "type": "Feature",
   "geometry": {
    "type": "Point",
    "coordinates": [
     137.8524475,
     35.1851721
    ]
   },
   "properties": {
    "id": "TH-n5204083684",
    "kind": "trailhead",
    "name": "大津峠",
    "datum": "WGS84",
    "mountainIds": "523",
    "mountainNames": "熊伏山",
    "lists": "日本三百名山",
    "routes": "",
    "entryType": "峠（道路との接続）",
    "trailKmToSummit": "熊伏山:13.03km",
    "related": "",
    "attributes": "",
    "status": "adopted",
    "accuracyM": 30,
    "needsReview": "",
    "sources": "OpenStreetMap（© OpenStreetMap contributors, ODbL 1.0）Geofabrik japan-latest.osm.pbf 2026-09-18T20:21:10Z node/5204083684（登山道と道路の接続点） ｜ 国土地理院 地名検索「大津峠」（35.183555, 137.850022、JGD2011、284m差）2026-09-20確認",
    "verifiedAt": "2026-09-20"
   }
  },
  {
   "type": "Feature",
   "geometry": {
    "type": "Point",
    "coordinates": [
     138.4993181,
     36.6878123
    ]
   },
   "properties": {
    "id": "TH-n5209365501",
    "kind": "trailhead",
    "name": "前山サマーリフト",
    "datum": "WGS84",
    "mountainIds": "250 258",
    "mountainNames": "岩菅山、志賀山",
    "lists": "日本二百名山|日本三百名山|甲信越百名山",
    "routes": "",
    "entryType": "索道駅（ロープウェイ・ゴンドラ）",
    "trailKmToSummit": "岩菅山:11.71km 志賀山:2.04km",
    "related": "BS-kP11-22-20-bs1055(331m) BS-kP11-22-20-bs1055(331m) BS-kP11-22-20-bs1058(427m)",
    "attributes": "",
    "status": "provisional",
    "accuracyM": 15,
    "needsReview": "近くの道路にゲートあり（車両通行止め・季節閉鎖の可能性）、公式情報または2情報源での確認が必要",
    "sources": "OpenStreetMap（© OpenStreetMap contributors, ODbL 1.0）Geofabrik japan-latest.osm.pbf 2026-09-18T20:21:10Z node/5209365501",
    "verifiedAt": ""
   }
  },
  {
   "type": "Feature",
   "geometry": {
    "type": "Point",
    "coordinates": [
     138.4973895,
     36.6858009
    ]
   },
   "properties": {
    "id": "TH-n5209365502",
    "kind": "trailhead",
    "name": "前山サマーリフト",
    "datum": "WGS84",
    "mountainIds": "250 258",
    "mountainNames": "岩菅山、志賀山",
    "lists": "日本二百名山|日本三百名山|甲信越百名山",
    "routes": "",
    "entryType": "索道駅（ロープウェイ・ゴンドラ）",
    "trailKmToSummit": "岩菅山:12.53km 志賀山:4.65km",
    "related": "BS-kP11-22-20-bs1055(69m) BS-kP11-22-20-bs1055(69m) BS-kP11-22-20-bs1058(151m)",
    "attributes": "",
    "status": "provisional",
    "accuracyM": 15,
    "needsReview": "近くの道路にゲートあり（車両通行止め・季節閉鎖の可能性）、公式情報または2情報源での確認が必要",
    "sources": "OpenStreetMap（© OpenStreetMap contributors, ODbL 1.0）Geofabrik japan-latest.osm.pbf 2026-09-18T20:21:10Z node/5209365502",
    "verifiedAt": ""
   }
  },
  {
   "type": "Feature",
   "geometry": {
    "type": "Point",
    "coordinates": [
     138.0793639,
     36.7560784
    ]
   },
   "properties": {
    "id": "TH-n5217918522",
    "kind": "trailhead",
    "name": "戸隠奥社入口",
    "datum": "WGS84",
    "mountainIds": "242 245",
    "mountainNames": "高妻山、戸隠山",
    "lists": "日本百名山|日本二百名山|日本三百名山|甲信越百名山",
    "routes": "",
    "entryType": "駐車場・バス停（林道・車道を経由して登山道へ）",
    "trailKmToSummit": "高妻山:8.46km 戸隠山:3.18km",
    "related": "PK-w435230871(46m) PK-w435230870(111m) BS-kP11-22-20-bs559(19m) BS-kP11-22-20-bs559(19m) BS-kP11-22-20-bs611(587m)",
    "attributes": "",
    "status": "provisional",
    "accuracyM": 15,
    "needsReview": "公式情報または2情報源での確認が必要",
    "sources": "OpenStreetMap（© OpenStreetMap contributors, ODbL 1.0）Geofabrik japan-latest.osm.pbf 2026-09-18T20:21:10Z node/5217918522 ｜ OpenStreetMap（© OpenStreetMap contributors, ODbL 1.0）Geofabrik japan-latest.osm.pbf 2026-09-18T20:21:10Z node/1878498738（登山道と道路の接続点）",
    "verifiedAt": ""
   }
  },
  {
   "type": "Feature",
   "geometry": {
    "type": "Point",
    "coordinates": [
     137.6333525,
     35.4764475
    ]
   },
   "properties": {
    "id": "TH-n5325094157",
    "kind": "trailhead",
    "name": "（名称未確認）萬岳荘駐車場付近",
    "datum": "WGS84",
    "mountainIds": "455",
    "mountainNames": "富士見台高原",
    "lists": "東海の百山",
    "routes": "OSM登山道「古代東山道」、OSM登山道「東山道」",
    "entryType": "一般道との接続",
    "trailKmToSummit": "富士見台高原:1.13km",
    "related": "PK-w1301889400(19m) PK-w1043333026(462m)",
    "attributes": "OSM登山ルート: 古代東山道",
    "status": "provisional",
    "accuracyM": 30,
    "needsReview": "名称未確認、公式情報または2情報源での確認が必要",
    "sources": "OpenStreetMap（© OpenStreetMap contributors, ODbL 1.0）Geofabrik japan-latest.osm.pbf 2026-09-18T20:21:10Z node/5325094157（登山道と道路の接続点）",
    "verifiedAt": ""
   }
  },
  {
   "type": "Feature",
   "geometry": {
    "type": "Point",
    "coordinates": [
     138.7849803,
     36.813389
    ]
   },
   "properties": {
    "id": "TH-n5327328468",
    "kind": "trailhead",
    "name": "（名称未確認）火打峠付近",
    "datum": "WGS84",
    "mountainIds": "234 236 238",
    "mountainNames": "谷川岳、平標山、仙ノ倉山",
    "lists": "日本百名山|日本二百名山|日本三百名山|関東百名山|甲信越百名山",
    "routes": "OSM登山道「上信越自然歩道」",
    "entryType": "峠（道路との接続）",
    "trailKmToSummit": "谷川岳:15.85km 平標山:4.11km 仙ノ倉山:5.86km",
    "related": "BS-kP11-22-15-bs8224(244m) BS-kP11-22-15-bs8223(485m)",
    "attributes": "",
    "status": "provisional",
    "accuracyM": 30,
    "needsReview": "名称未確認、公式情報または2情報源での確認が必要",
    "sources": "OpenStreetMap（© OpenStreetMap contributors, ODbL 1.0）Geofabrik japan-latest.osm.pbf 2026-09-18T20:21:10Z node/5327328468（登山道と道路の接続点）",
    "verifiedAt": ""
   }
  },
  {
   "type": "Feature",
   "geometry": {
    "type": "Point",
    "coordinates": [
     137.4478784,
     35.9239231
    ]
   },
   "properties": {
    "id": "TH-n5445219642",
    "kind": "trailhead",
    "name": "濁河温泉登山口",
    "datum": "WGS84",
    "mountainIds": "370",
    "mountainNames": "御嶽山",
    "lists": "日本百名山|日本二百名山|日本三百名山|甲信越百名山|東海の百山",
    "routes": "濁河温泉（小坂口）コース",
    "entryType": "一般道（県道以上）との接続",
    "trailKmToSummit": "御嶽山:8.61km",
    "related": "PK-n6717809150(76m)",
    "attributes": "",
    "status": "adopted",
    "accuracyM": 30,
    "needsReview": "採用の根拠: OSMの登山口名と、地理院地図の徒歩道が道路から始まる位置の一致（公式情報では未確認）",
    "sources": "OpenStreetMap（© OpenStreetMap contributors, ODbL 1.0）Geofabrik japan-latest.osm.pbf 2026-09-18T20:21:10Z node/5445219642（登山道と道路の接続点） ｜ 国土地理院ベクトルタイル提供実験 地理院地図の徒歩道の起点（35.923922, 137.447890、JGD2011、1m差）2026-09-21確認",
    "verifiedAt": ""
   }
  },
  {
   "type": "Feature",
   "geometry": {
    "type": "Point",
    "coordinates": [
     138.2859621,
     35.5903459
    ]
   },
   "properties": {
    "id": "TH-n5694545811",
    "kind": "trailhead",
    "name": "（名称未確認）",
    "datum": "WGS84",
    "mountainIds": "412 423",
    "mountainNames": "北岳、農鳥岳",
    "lists": "日本百名山|日本二百名山|日本三百名山|甲信越百名山",
    "routes": "",
    "entryType": "道路の終点付近",
    "trailKmToSummit": "北岳:15.5km 農鳥岳:7.65km",
    "related": "",
    "attributes": "",
    "status": "candidate",
    "accuracyM": 30,
    "needsReview": "名称未確認、林道からの入口（マイカー進入可否を要確認）、公式情報または2情報源での確認が必要",
    "sources": "OpenStreetMap（© OpenStreetMap contributors, ODbL 1.0）Geofabrik japan-latest.osm.pbf 2026-09-18T20:21:10Z node/5694545811（登山道と道路の接続点）",
    "verifiedAt": ""
   }
  },
  {
   "type": "Feature",
   "geometry": {
    "type": "Point",
    "coordinates": [
     138.3449646,
     35.3112226
    ]
   },
   "properties": {
    "id": "TH-n5729287854",
    "kind": "trailhead",
    "name": "（名称未確認）梅ヶ島温泉バス停付近",
    "datum": "WGS84",
    "mountainIds": "491 513",
    "mountainNames": "七面山、山伏",
    "lists": "日本二百名山|日本三百名山|甲信越百名山",
    "routes": "",
    "entryType": "一般道との接続",
    "trailKmToSummit": "七面山:7.78km 山伏:8.15km",
    "related": "BS-kP11-22-22-bs328(842m) BS-kP11-22-22-bs336(912m)",
    "attributes": "",
    "status": "provisional",
    "accuracyM": 30,
    "needsReview": "名称未確認、公式情報または2情報源での確認が必要",
    "sources": "OpenStreetMap（© OpenStreetMap contributors, ODbL 1.0）Geofabrik japan-latest.osm.pbf 2026-09-18T20:21:10Z node/5729287854（登山道と道路の接続点）",
    "verifiedAt": ""
   }
  },
  {
   "type": "Feature",
   "geometry": {
    "type": "Point",
    "coordinates": [
     138.2073097,
     35.4369883
    ]
   },
   "properties": {
    "id": "TH-n5741018017",
    "kind": "trailhead",
    "name": "（名称未確認）",
    "datum": "WGS84",
    "mountainIds": "473",
    "mountainNames": "笊ヶ岳",
    "lists": "日本二百名山|日本三百名山",
    "routes": "",
    "entryType": "道路の終点付近",
    "trailKmToSummit": "笊ヶ岳:7.63km",
    "related": "",
    "attributes": "",
    "status": "candidate",
    "accuracyM": 30,
    "needsReview": "名称未確認、林道からの入口（マイカー進入可否を要確認）、公式情報または2情報源での確認が必要",
    "sources": "OpenStreetMap（© OpenStreetMap contributors, ODbL 1.0）Geofabrik japan-latest.osm.pbf 2026-09-18T20:21:10Z node/5741018017（登山道と道路の接続点）",
    "verifiedAt": ""
   }
  },
  {
   "type": "Feature",
   "geometry": {
    "type": "Point",
    "coordinates": [
     138.992621,
     37.1244565
    ]
   },
   "properties": {
    "id": "TH-n5916378998",
    "kind": "trailhead",
    "name": "第3ロマンスリフト",
    "datum": "WGS84",
    "mountainIds": "205 206 209",
    "mountainNames": "越後駒ヶ岳、八海山、中ノ岳",
    "lists": "日本百名山|日本二百名山|日本三百名山|甲信越百名山",
    "routes": "",
    "entryType": "索道駅（ロープウェイ・ゴンドラ）",
    "trailKmToSummit": "越後駒ヶ岳:14.45km 八海山:4.18km 中ノ岳:10.16km",
    "related": "",
    "attributes": "",
    "status": "provisional",
    "accuracyM": 15,
    "needsReview": "公式情報または2情報源での確認が必要",
    "sources": "OpenStreetMap（© OpenStreetMap contributors, ODbL 1.0）Geofabrik japan-latest.osm.pbf 2026-09-18T20:21:10Z node/5916378998",
    "verifiedAt": ""
   }
  },
  {
   "type": "Feature",
   "geometry": {
    "type": "Point",
    "coordinates": [
     137.6240178,
     36.2445831
    ]
   },
   "properties": {
    "id": "TH-n5983076569",
    "kind": "trailhead",
    "name": "（名称未確認）帝国ホテル前バス停付近",
    "datum": "WGS84",
    "mountainIds": "308 324",
    "mountainNames": "槍ヶ岳、焼岳",
    "lists": "日本百名山|日本二百名山|日本三百名山|甲信越百名山|東海の百山",
    "routes": "",
    "entryType": "一般道との接続",
    "trailKmToSummit": "槍ヶ岳:14.3km 焼岳:8.02km",
    "related": "BS-kP11-22-20-bs4525(535m)",
    "attributes": "",
    "status": "provisional",
    "accuracyM": 30,
    "needsReview": "名称未確認、登山道が道路を横断する地点（途中の入口の可能性）、公式情報または2情報源での確認が必要",
    "sources": "OpenStreetMap（© OpenStreetMap contributors, ODbL 1.0）Geofabrik japan-latest.osm.pbf 2026-09-18T20:21:10Z node/5983076569（登山道と道路の接続点） ｜ 国土地理院 地名検索「上高地温泉」（36.246213, 137.624157、JGD2011、181m差）2026-09-13確認",
    "verifiedAt": "2026-09-13"
   }
  },
  {
   "type": "Feature",
   "geometry": {
    "type": "Point",
    "coordinates": [
     138.3514074,
     36.541419
    ]
   },
   "properties": {
    "id": "TH-n6139740585",
    "kind": "trailhead",
    "name": "ずけらんリゾートペンション",
    "datum": "WGS84",
    "mountainIds": "277",
    "mountainNames": "四阿山",
    "lists": "日本百名山|日本二百名山|日本三百名山|甲信越百名山",
    "routes": "",
    "entryType": "索道駅（ロープウェイ・ゴンドラ）",
    "trailKmToSummit": "四阿山:7.14km",
    "related": "",
    "attributes": "",
    "status": "provisional",
    "accuracyM": 15,
    "needsReview": "公式情報または2情報源での確認が必要",
    "sources": "OpenStreetMap（© OpenStreetMap contributors, ODbL 1.0）Geofabrik japan-latest.osm.pbf 2026-09-18T20:21:10Z node/6139740585",
    "verifiedAt": ""
   }
  },
  {
   "type": "Feature",
   "geometry": {
    "type": "Point",
    "coordinates": [
     138.8762341,
     36.8663219
    ]
   },
   "properties": {
    "id": "TH-n6360068823",
    "kind": "trailhead",
    "name": "Tsuchitaru PA",
    "datum": "WGS84",
    "mountainIds": "229 234",
    "mountainNames": "朝日岳、谷川岳",
    "lists": "日本三百名山|関東百名山|日本百名山|日本二百名山|甲信越百名山",
    "routes": "OSM登山道「茂倉新道」",
    "entryType": "駐車場・バス停（林道・車道を経由して登山道へ）",
    "trailKmToSummit": "朝日岳:15.74km 谷川岳:6.79km",
    "related": "PK-n6360068823(0m) PK-w245474595(20m) PK-n9660193990(27m)",
    "attributes": "",
    "status": "provisional",
    "accuracyM": 15,
    "needsReview": "近くの道路にゲートあり（車両通行止め・季節閉鎖の可能性）、林道からの入口（マイカー進入可否を要確認）、公式情報または2情報源での確認が必要",
    "sources": "OpenStreetMap（© OpenStreetMap contributors, ODbL 1.0）Geofabrik japan-latest.osm.pbf 2026-09-18T20:21:10Z node/6360068823 ｜ OpenStreetMap（© OpenStreetMap contributors, ODbL 1.0）Geofabrik japan-latest.osm.pbf 2026-09-18T20:21:10Z node/5267621715（登山道と道路の接続点）",
    "verifiedAt": ""
   }
  },
  {
   "type": "Feature",
   "geometry": {
    "type": "Point",
    "coordinates": [
     138.4135489,
     35.9470227
    ]
   },
   "properties": {
    "id": "TH-n638937236",
    "kind": "trailhead",
    "name": "パノラマリフト",
    "datum": "WGS84",
    "mountainIds": "350 355",
    "mountainNames": "天狗岳、八ヶ岳",
    "lists": "日本二百名山|日本三百名山|甲信越百名山|日本百名山",
    "routes": "",
    "entryType": "索道駅（ロープウェイ・ゴンドラ）",
    "trailKmToSummit": "天狗岳:13.34km 八ヶ岳:5.82km",
    "related": "PK-w560525662(199m)",
    "attributes": "",
    "status": "provisional",
    "accuracyM": 15,
    "needsReview": "公式情報または2情報源での確認が必要",
    "sources": "OpenStreetMap（© OpenStreetMap contributors, ODbL 1.0）Geofabrik japan-latest.osm.pbf 2026-09-18T20:21:10Z node/638937236",
    "verifiedAt": ""
   }
  },
  {
   "type": "Feature",
   "geometry": {
    "type": "Point",
    "coordinates": [
     138.4023629,
     35.9503948
    ]
   },
   "properties": {
    "id": "TH-n638937241",
    "kind": "trailhead",
    "name": "パノラマリフト",
    "datum": "WGS84",
    "mountainIds": "350 355",
    "mountainNames": "天狗岳、八ヶ岳",
    "lists": "日本二百名山|日本三百名山|甲信越百名山|日本百名山",
    "routes": "OSM登山道「真教寺尾根コース」",
    "entryType": "索道駅（ロープウェイ・ゴンドラ）",
    "trailKmToSummit": "天狗岳:11.43km 八ヶ岳:3.91km",
    "related": "",
    "attributes": "",
    "status": "provisional",
    "accuracyM": 15,
    "needsReview": "公式情報または2情報源での確認が必要",
    "sources": "OpenStreetMap（© OpenStreetMap contributors, ODbL 1.0）Geofabrik japan-latest.osm.pbf 2026-09-18T20:21:10Z node/638937241",
    "verifiedAt": ""
   }
  },
  {
   "type": "Feature",
   "geometry": {
    "type": "Point",
    "coordinates": [
     138.8094652,
     35.6458444
    ]
   },
   "properties": {
    "id": "TH-n6415978033",
    "kind": "trailhead",
    "name": "大和村福祉センター;田野の湯",
    "datum": "WGS84",
    "mountainIds": "421",
    "mountainNames": "滝子山",
    "lists": "甲信越百名山",
    "routes": "",
    "entryType": "駐車場・バス停（林道・車道を経由して登山道へ）",
    "trailKmToSummit": "滝子山:6.28km",
    "related": "PK-n6415978033(0m) PK-w684761789(7m) BS-kP11-22-19-bs1508(53m) BS-kP11-22-19-bs1508(53m) BS-kP11-22-19-bs1482(310m)",
    "attributes": "",
    "status": "provisional",
    "accuracyM": 15,
    "needsReview": "林道からの入口（マイカー進入可否を要確認）、公式情報または2情報源での確認が必要",
    "sources": "OpenStreetMap（© OpenStreetMap contributors, ODbL 1.0）Geofabrik japan-latest.osm.pbf 2026-09-18T20:21:10Z node/6415978033 ｜ OpenStreetMap（© OpenStreetMap contributors, ODbL 1.0）Geofabrik japan-latest.osm.pbf 2026-09-18T20:21:10Z node/1605227086（登山道と道路の接続点）",
    "verifiedAt": ""
   }
  },
  {
   "type": "Feature",
   "geometry": {
    "type": "Point",
    "coordinates": [
     138.3297436,
     35.4056684
    ]
   },
   "properties": {
    "id": "TH-n6416252197",
    "kind": "trailhead",
    "name": "ヴィラ雨畑",
    "datum": "WGS84",
    "mountainIds": "491",
    "mountainNames": "七面山",
    "lists": "日本二百名山|日本三百名山|甲信越百名山",
    "routes": "",
    "entryType": "駐車場・バス停（林道・車道を経由して登山道へ）",
    "trailKmToSummit": "七面山:7.56km",
    "related": "PK-n6416252197(0m) PK-w699578913(4m) PK-w699578914(57m)",
    "attributes": "",
    "status": "provisional",
    "accuracyM": 15,
    "needsReview": "公式情報または2情報源での確認が必要",
    "sources": "OpenStreetMap（© OpenStreetMap contributors, ODbL 1.0）Geofabrik japan-latest.osm.pbf 2026-09-18T20:21:10Z node/6416252197 ｜ OpenStreetMap（© OpenStreetMap contributors, ODbL 1.0）Geofabrik japan-latest.osm.pbf 2026-09-18T20:21:10Z node/7673971333（登山道と道路の接続点）",
    "verifiedAt": ""
   }
  },
  {
   "type": "Feature",
   "geometry": {
    "type": "Point",
    "coordinates": [
     138.9538586,
     36.7913813
    ]
   },
   "properties": {
    "id": "TH-n6451198139",
    "kind": "trailhead",
    "name": "貸切かけ流し温泉;ゆう",
    "datum": "WGS84",
    "mountainIds": "234 238",
    "mountainNames": "谷川岳、仙ノ倉山",
    "lists": "日本百名山|日本二百名山|日本三百名山|関東百名山|甲信越百名山",
    "routes": "",
    "entryType": "駐車場・バス停（林道・車道を経由して登山道へ）",
    "trailKmToSummit": "谷川岳:7.04km 仙ノ倉山:15.05km",
    "related": "PK-n6451198139(0m) PK-w688084730(273m) PK-n6451185504(289m)",
    "attributes": "",
    "status": "provisional",
    "accuracyM": 15,
    "needsReview": "林道からの入口（マイカー進入可否を要確認）、公式情報または2情報源での確認が必要",
    "sources": "OpenStreetMap（© OpenStreetMap contributors, ODbL 1.0）Geofabrik japan-latest.osm.pbf 2026-09-18T20:21:10Z node/6451198139 ｜ OpenStreetMap（© OpenStreetMap contributors, ODbL 1.0）Geofabrik japan-latest.osm.pbf 2026-09-18T20:21:10Z node/1913374027（登山道と道路の接続点）",
    "verifiedAt": ""
   }
  },
  {
   "type": "Feature",
   "geometry": {
    "type": "Point",
    "coordinates": [
     138.795251,
     36.7885653
    ]
   },
   "properties": {
    "id": "TH-n6537751083",
    "kind": "trailhead",
    "name": "苗場温泉;雪ささの湯",
    "datum": "WGS84",
    "mountainIds": "236 238",
    "mountainNames": "平標山、仙ノ倉山",
    "lists": "甲信越百名山|日本二百名山|日本三百名山|関東百名山",
    "routes": "",
    "entryType": "駐車場・バス停（林道・車道を経由して登山道へ）",
    "trailKmToSummit": "平標山:6.64km 仙ノ倉山:8.37km",
    "related": "PK-n6537751083(0m) PK-w696211332(21m) BS-kP11-22-15-bs8229(114m) BS-n4318912594(150m) BS-n13306197313(159m)",
    "attributes": "",
    "status": "provisional",
    "accuracyM": 15,
    "needsReview": "近くの道路にゲートあり（車両通行止め・季節閉鎖の可能性）、林道からの入口（マイカー進入可否を要確認）、公式情報または2情報源での確認が必要",
    "sources": "OpenStreetMap（© OpenStreetMap contributors, ODbL 1.0）Geofabrik japan-latest.osm.pbf 2026-09-18T20:21:10Z node/6537751083 ｜ OpenStreetMap（© OpenStreetMap contributors, ODbL 1.0）Geofabrik japan-latest.osm.pbf 2026-09-18T20:21:10Z node/7146341393（登山道と道路の接続点）",
    "verifiedAt": ""
   }
  },
  {
   "type": "Feature",
   "geometry": {
    "type": "Point",
    "coordinates": [
     137.7727805,
     36.6060947
    ]
   },
   "properties": {
    "id": "TH-n6548672568",
    "kind": "trailhead",
    "name": "（名称未確認）",
    "datum": "WGS84",
    "mountainIds": "273",
    "mountainNames": "爺ヶ岳中峰",
    "lists": "日本三百名山|甲信越百名山",
    "routes": "",
    "entryType": "道路の終点付近",
    "trailKmToSummit": "爺ヶ岳中峰:4.16km",
    "related": "",
    "attributes": "",
    "status": "candidate",
    "accuracyM": 30,
    "needsReview": "名称未確認、林道からの入口（マイカー進入可否を要確認）、公式情報または2情報源での確認が必要",
    "sources": "OpenStreetMap（© OpenStreetMap contributors, ODbL 1.0）Geofabrik japan-latest.osm.pbf 2026-09-18T20:21:10Z node/6548672568（登山道と道路の接続点）",
    "verifiedAt": ""
   }
  },
  {
   "type": "Feature",
   "geometry": {
    "type": "Point",
    "coordinates": [
     137.7141823,
     36.5602485
    ]
   },
   "properties": {
    "id": "TH-n6549089208",
    "kind": "trailhead",
    "name": "（名称未確認）扇沢駅前バス停付近",
    "datum": "WGS84",
    "mountainIds": "279 280 283",
    "mountainNames": "針ノ木岳、蓮華岳、烏帽子岳",
    "lists": "日本二百名山|日本三百名山|甲信越百名山",
    "routes": "",
    "entryType": "一般道との接続",
    "trailKmToSummit": "針ノ木岳:5.35km 蓮華岳:6.13km 烏帽子岳:15.3km",
    "related": "BS-n1596019922(572m) BS-n1596019843(609m) BS-n2474731005(611m)",
    "attributes": "",
    "status": "provisional",
    "accuracyM": 30,
    "needsReview": "名称未確認、公式情報または2情報源での確認が必要",
    "sources": "OpenStreetMap（© OpenStreetMap contributors, ODbL 1.0）Geofabrik japan-latest.osm.pbf 2026-09-18T20:21:10Z node/6549089208（登山道と道路の接続点）",
    "verifiedAt": ""
   }
  },
  {
   "type": "Feature",
   "geometry": {
    "type": "Point",
    "coordinates": [
     138.0625676,
     36.7650912
    ]
   },
   "properties": {
    "id": "TH-n6565299777",
    "kind": "trailhead",
    "name": "戸隠神社奥社登山口",
    "datum": "WGS84",
    "mountainIds": "242 245",
    "mountainNames": "高妻山、戸隠山",
    "lists": "日本百名山|日本二百名山|日本三百名山|甲信越百名山",
    "routes": "",
    "entryType": "登山口（OSMの登山口地物）",
    "trailKmToSummit": "高妻山:6.75km 戸隠山:1.47km",
    "related": "",
    "attributes": "",
    "status": "adopted",
    "accuracyM": 15,
    "needsReview": "採用の根拠: OSMの登山口名と、地理院地図の徒歩道が道路から始まる位置の一致（公式情報では未確認）",
    "sources": "OpenStreetMap（© OpenStreetMap contributors, ODbL 1.0）Geofabrik japan-latest.osm.pbf 2026-09-18T20:21:10Z node/6565299777 ｜ 国土地理院ベクトルタイル提供実験 地理院地図の徒歩道の起点（36.765039, 138.062729、JGD2011、15m差）2026-09-21確認",
    "verifiedAt": ""
   }
  },
  {
   "type": "Feature",
   "geometry": {
    "type": "Point",
    "coordinates": [
     138.7813679,
     35.6125331
    ]
   },
   "properties": {
    "id": "TH-n6681152146",
    "kind": "trailhead",
    "name": "笹子峠",
    "datum": "WGS84",
    "mountainIds": "421",
    "mountainNames": "滝子山",
    "lists": "甲信越百名山",
    "routes": "",
    "entryType": "峠（道路との接続）",
    "trailKmToSummit": "滝子山:8.69km",
    "related": "",
    "attributes": "OSM登山ルート: 甲州道中",
    "status": "adopted",
    "accuracyM": 30,
    "needsReview": "近くの道路にゲートあり（車両通行止め・季節閉鎖の可能性）",
    "sources": "OpenStreetMap（© OpenStreetMap contributors, ODbL 1.0）Geofabrik japan-latest.osm.pbf 2026-09-18T20:21:10Z node/6681152146（登山道と道路の接続点） ｜ 国土地理院 地名検索「笹子峠」（35.612891, 138.780005、JGD2011、130m差）2026-09-20確認",
    "verifiedAt": "2026-09-20"
   }
  },
  {
   "type": "Feature",
   "geometry": {
    "type": "Point",
    "coordinates": [
     137.773632,
     36.0864778
    ]
   },
   "properties": {
    "id": "TH-n6780754191",
    "kind": "trailhead",
    "name": "（名称未確認）",
    "datum": "WGS84",
    "mountainIds": "340",
    "mountainNames": "鉢盛山",
    "lists": "日本三百名山|甲信越百名山",
    "routes": "",
    "entryType": "道路の終点付近",
    "trailKmToSummit": "鉢盛山:2.47km",
    "related": "",
    "attributes": "",
    "status": "candidate",
    "accuracyM": 30,
    "needsReview": "名称未確認、林道からの入口（マイカー進入可否を要確認）、公式情報または2情報源での確認が必要",
    "sources": "OpenStreetMap（© OpenStreetMap contributors, ODbL 1.0）Geofabrik japan-latest.osm.pbf 2026-09-18T20:21:10Z node/6780754191（登山道と道路の接続点）",
    "verifiedAt": ""
   }
  },
  {
   "type": "Feature",
   "geometry": {
    "type": "Point",
    "coordinates": [
     137.7458116,
     36.3935568
    ]
   },
   "properties": {
    "id": "TH-n6813833556",
    "kind": "trailhead",
    "name": "ねっこ風呂",
    "datum": "WGS84",
    "mountainIds": "288 294 305 309",
    "mountainNames": "餓鬼岳、燕岳、大天井岳、常念岳",
    "lists": "日本二百名山|日本三百名山|甲信越百名山|東海の百山|日本百名山",
    "routes": "",
    "entryType": "登山口（OSMの登山口地物）",
    "trailKmToSummit": "餓鬼岳:8.3km 燕岳:5.06km 大天井岳:8.89km 常念岳:14.96km",
    "related": "PK-w184869656(164m) PK-w184870439(484m) PK-w184870441(485m) BS-kP11-22-20-bs3450(184m) BS-kP11-22-20-bs3493(734m)",
    "attributes": "",
    "status": "provisional",
    "accuracyM": 15,
    "needsReview": "公式情報または2情報源での確認が必要",
    "sources": "OpenStreetMap（© OpenStreetMap contributors, ODbL 1.0）Geofabrik japan-latest.osm.pbf 2026-09-18T20:21:10Z node/6813833556",
    "verifiedAt": ""
   }
  },
  {
   "type": "Feature",
   "geometry": {
    "type": "Point",
    "coordinates": [
     137.629112,
     36.2420234
    ]
   },
   "properties": {
    "id": "TH-n6847884229",
    "kind": "trailhead",
    "name": "帝国ホテル前",
    "datum": "WGS84",
    "mountainIds": "317 319 324",
    "mountainNames": "奥穂高岳、西穂独標、焼岳",
    "lists": "日本百名山|日本二百名山|日本三百名山|甲信越百名山|東海の百山",
    "routes": "",
    "entryType": "駐車場・バス停（林道・車道を経由して登山道へ）",
    "trailKmToSummit": "奥穂高岳:12.35km 西穂独標:9.34km 焼岳:4.91km",
    "related": "PK-w1240335071(498m) BS-kP11-22-20-bs4525(36m) BS-kP11-22-20-bs4501(697m) BS-kP11-22-20-bs4500(740m)",
    "attributes": "",
    "status": "provisional",
    "accuracyM": 15,
    "needsReview": "林道からの入口（マイカー進入可否を要確認）、公式情報または2情報源での確認が必要",
    "sources": "OpenStreetMap（© OpenStreetMap contributors, ODbL 1.0）Geofabrik japan-latest.osm.pbf 2026-09-18T20:21:10Z node/6847884229 ｜ OpenStreetMap（© OpenStreetMap contributors, ODbL 1.0）Geofabrik japan-latest.osm.pbf 2026-09-18T20:21:10Z node/1636023486（登山道と道路の接続点）",
    "verifiedAt": ""
   }
  },
  {
   "type": "Feature",
   "geometry": {
    "type": "Point",
    "coordinates": [
     138.615838,
     36.852354
    ]
   },
   "properties": {
    "id": "TH-n7179014733",
    "kind": "trailhead",
    "name": "（名称未確認）",
    "datum": "WGS84",
    "mountainIds": "232",
    "mountainNames": "鳥甲山",
    "lists": "日本二百名山|日本三百名山|甲信越百名山",
    "routes": "",
    "entryType": "一般道との接続",
    "trailKmToSummit": "鳥甲山:3.83km",
    "related": "",
    "attributes": "",
    "status": "candidate",
    "accuracyM": 30,
    "needsReview": "名称未確認、公式情報または2情報源での確認が必要",
    "sources": "OpenStreetMap（© OpenStreetMap contributors, ODbL 1.0）Geofabrik japan-latest.osm.pbf 2026-09-18T20:21:10Z node/7179014733（登山道と道路の接続点）",
    "verifiedAt": ""
   }
  },
  {
   "type": "Feature",
   "geometry": {
    "type": "Point",
    "coordinates": [
     137.6017355,
     36.2680492
    ]
   },
   "properties": {
    "id": "TH-n759471950",
    "kind": "trailhead",
    "name": "西穂高口",
    "datum": "WGS84",
    "mountainIds": "308 317 319 324",
    "mountainNames": "槍ヶ岳、奥穂高岳、西穂独標、焼岳",
    "lists": "日本百名山|日本二百名山|日本三百名山|甲信越百名山|東海の百山",
    "routes": "",
    "entryType": "索道駅（ロープウェイ・ゴンドラ）",
    "trailKmToSummit": "槍ヶ岳:13.08km 奥穂高岳:6.04km 西穂独標:3.03km 焼岳:7.36km",
    "related": "",
    "attributes": "",
    "status": "adopted",
    "accuracyM": 15,
    "needsReview": "",
    "sources": "OpenStreetMap（© OpenStreetMap contributors, ODbL 1.0）Geofabrik japan-latest.osm.pbf 2026-09-18T20:21:10Z node/759471950 ｜ 国土地理院 地名検索「西穂高口駅」（36.267658, 137.601719、JGD2011、43m差）2026-09-20確認",
    "verifiedAt": "2026-09-20"
   }
  },
  {
   "type": "Feature",
   "geometry": {
    "type": "Point",
    "coordinates": [
     138.949105,
     36.8181105
    ]
   },
   "properties": {
    "id": "TH-n766785417",
    "kind": "trailhead",
    "name": "天神平（谷川岳 天神尾根登山口）",
    "datum": "WGS84",
    "mountainIds": "234 236 238",
    "mountainNames": "谷川岳、平標山、仙ノ倉山",
    "lists": "日本百名山|日本二百名山|日本三百名山|関東百名山|甲信越百名山",
    "routes": "天神尾根コース、西黒尾根↑天神尾根↓",
    "entryType": "索道駅（ロープウェイ・ゴンドラ）",
    "trailKmToSummit": "谷川岳:3.23km 平標山:14.02km 仙ノ倉山:12.24km",
    "related": "",
    "attributes": "access=谷川岳ロープウェイが土合口駅と天神平駅の約2,400mを結ぶ。所要時間は片道約15分（みなかみ町観光協会）; registration=天神尾根・西黒尾根などの一般コースは登山カードの提出が必要（群馬県）",
    "status": "adopted",
    "accuracyM": 15,
    "needsReview": "天神尾根でも最低1.5リットルの水分を持つこと。10月前後の紅葉の時期は混雑する場合がある（群馬県）、融雪期（3月末〜5月中旬）は雪崩のおそれがあるため、危険地区の登山が禁止される（群馬県）",
    "sources": "OpenStreetMap（© OpenStreetMap contributors, ODbL 1.0）Geofabrik japan-latest.osm.pbf 2026-09-18T20:21:10Z node/766785417 ｜ 国土地理院 地名検索「天神平スキー場」（36.816440, 138.948032、JGD2011、208m差）2026-09-13確認 ｜ 公式情報: https://www.enjoy-minakami.jp/spot/8008/ ｜ 公式情報: https://www.pref.gunma.jp/page/1494.html",
    "verifiedAt": "2026-09-23"
   }
  },
  {
   "type": "Feature",
   "geometry": {
    "type": "Point",
    "coordinates": [
     138.9460795,
     36.815654
    ]
   },
   "properties": {
    "id": "TH-n766785418",
    "kind": "trailhead",
    "name": "天神峠",
    "datum": "WGS84",
    "mountainIds": "234 236 238",
    "mountainNames": "谷川岳、平標山、仙ノ倉山",
    "lists": "日本百名山|日本二百名山|日本三百名山|関東百名山|甲信越百名山",
    "routes": "",
    "entryType": "索道駅（ロープウェイ・ゴンドラ）",
    "trailKmToSummit": "谷川岳:3.19km 平標山:14.33km 仙ノ倉山:12.55km",
    "related": "",
    "attributes": "",
    "status": "provisional",
    "accuracyM": 15,
    "needsReview": "公式情報または2情報源での確認が必要",
    "sources": "OpenStreetMap（© OpenStreetMap contributors, ODbL 1.0）Geofabrik japan-latest.osm.pbf 2026-09-18T20:21:10Z node/766785418 ｜ 国土地理院 地名検索「天神平スキー場」（36.816440, 138.948032、JGD2011、194m差）2026-09-13確認",
    "verifiedAt": "2026-09-13"
   }
  },
  {
   "type": "Feature",
   "geometry": {
    "type": "Point",
    "coordinates": [
     138.6044395,
     35.4548106
    ]
   },
   "properties": {
    "id": "TH-n7921759246",
    "kind": "trailhead",
    "name": "リゾートペンションもとす",
    "datum": "WGS84",
    "mountainIds": "478",
    "mountainNames": "毛無山",
    "lists": "日本二百名山|日本三百名山|甲信越百名山",
    "routes": "",
    "entryType": "施設（山小屋・宿・キャンプ場）からの入口",
    "trailKmToSummit": "毛無山:11.7km",
    "related": "PK-w849065082(85m) PK-w849067731(414m) PK-w849067732(460m) BS-kP11-22-19-bs2982(910m) BS-kP11-22-19-bs2980(918m) BS-kP11-22-19-bs2981(918m)",
    "attributes": "",
    "status": "provisional",
    "accuracyM": 15,
    "needsReview": "公式情報または2情報源での確認が必要",
    "sources": "OpenStreetMap（© OpenStreetMap contributors, ODbL 1.0）Geofabrik japan-latest.osm.pbf 2026-09-18T20:21:10Z node/7921759246",
    "verifiedAt": ""
   }
  },
  {
   "type": "Feature",
   "geometry": {
    "type": "Point",
    "coordinates": [
     138.5709453,
     35.4515906
    ]
   },
   "properties": {
    "id": "TH-n7921773422",
    "kind": "trailhead",
    "name": "浩庵テント村",
    "datum": "WGS84",
    "mountainIds": "478",
    "mountainNames": "毛無山",
    "lists": "日本二百名山|日本三百名山|甲信越百名山",
    "routes": "",
    "entryType": "施設（山小屋・宿・キャンプ場）からの入口",
    "trailKmToSummit": "毛無山:5.99km",
    "related": "BS-kP11-22-19-bs3035(294m)",
    "attributes": "",
    "status": "provisional",
    "accuracyM": 15,
    "needsReview": "公式情報または2情報源での確認が必要",
    "sources": "OpenStreetMap（© OpenStreetMap contributors, ODbL 1.0）Geofabrik japan-latest.osm.pbf 2026-09-18T20:21:10Z node/7921773422",
    "verifiedAt": ""
   }
  },
  {
   "type": "Feature",
   "geometry": {
    "type": "Point",
    "coordinates": [
     138.296267,
     35.5710658
    ]
   },
   "properties": {
    "id": "TH-n7942187374",
    "kind": "trailhead",
    "name": "（名称未確認）奈良田温泉バス停付近",
    "datum": "WGS84",
    "mountainIds": "423",
    "mountainNames": "農鳥岳",
    "lists": "日本二百名山|日本三百名山|甲信越百名山",
    "routes": "",
    "entryType": "一般道との接続",
    "trailKmToSummit": "農鳥岳:12.97km",
    "related": "BS-kP11-22-19-bs2257(695m)",
    "attributes": "",
    "status": "provisional",
    "accuracyM": 30,
    "needsReview": "名称未確認、公式情報または2情報源での確認が必要",
    "sources": "OpenStreetMap（© OpenStreetMap contributors, ODbL 1.0）Geofabrik japan-latest.osm.pbf 2026-09-18T20:21:10Z node/7942187374（登山道と道路の接続点）",
    "verifiedAt": ""
   }
  },
  {
   "type": "Feature",
   "geometry": {
    "type": "Point",
    "coordinates": [
     137.8413316,
     35.573291
    ]
   },
   "properties": {
    "id": "TH-n7947689641",
    "kind": "trailhead",
    "name": "（名称未確認）",
    "datum": "WGS84",
    "mountainIds": "411 420",
    "mountainNames": "越百山、安平路山",
    "lists": "日本三百名山|甲信越百名山|日本二百名山",
    "routes": "OSM登山道「吉田山堂所ルート」",
    "entryType": "登山口（OSMの登山口地物）",
    "trailKmToSummit": "越百山:14.52km 安平路山:15.71km",
    "related": "PK-w1096478229(341m)",
    "attributes": "OSM登山ルート: 吉田山堂所ルート",
    "status": "provisional",
    "accuracyM": 15,
    "needsReview": "名称未確認、公式情報または2情報源での確認が必要",
    "sources": "OpenStreetMap（© OpenStreetMap contributors, ODbL 1.0）Geofabrik japan-latest.osm.pbf 2026-09-18T20:21:10Z node/7947689641",
    "verifiedAt": ""
   }
  },
  {
   "type": "Feature",
   "geometry": {
    "type": "Point",
    "coordinates": [
     138.3963321,
     35.6064786
    ]
   },
   "properties": {
    "id": "TH-n8012544868",
    "kind": "trailhead",
    "name": "（名称未確認）",
    "datum": "WGS84",
    "mountainIds": "427",
    "mountainNames": "櫛形山",
    "lists": "日本二百名山|日本三百名山|甲信越百名山",
    "routes": "OSM登山道「北尾根登山道」",
    "entryType": "一般道との接続",
    "trailKmToSummit": "櫛形山:4.4km",
    "related": "PK-n8984393603(69m)",
    "attributes": "",
    "status": "provisional",
    "accuracyM": 30,
    "needsReview": "名称未確認、登山道が道路を横断する地点（途中の入口の可能性）、公式情報または2情報源での確認が必要",
    "sources": "OpenStreetMap（© OpenStreetMap contributors, ODbL 1.0）Geofabrik japan-latest.osm.pbf 2026-09-18T20:21:10Z node/8012544868（登山道と道路の接続点）",
    "verifiedAt": ""
   }
  },
  {
   "type": "Feature",
   "geometry": {
    "type": "Point",
    "coordinates": [
     138.0919778,
     35.3850851
    ]
   },
   "properties": {
    "id": "TH-n8169740089",
    "kind": "trailhead",
    "name": "南アルプス南部登山口（聖岳・光岳）",
    "datum": "WGS84",
    "mountainIds": "472 487 492",
    "mountainNames": "聖岳、上河内岳、茶臼岳",
    "lists": "日本百名山|日本二百名山|日本三百名山|甲信越百名山",
    "routes": "便ヶ島コース",
    "entryType": "登山口（OSMの登山口地物）",
    "trailKmToSummit": "聖岳:7.18km 上河内岳:8.64km 茶臼岳:11.41km",
    "related": "PK-w878103061(52m)",
    "attributes": "",
    "status": "adopted",
    "accuracyM": 15,
    "needsReview": "このルートは閉鎖中（RouteData の通行状況）、採用の根拠: OSMの登山口名と、地理院地図の徒歩道が道路から始まる位置の一致（公式情報では未確認）",
    "sources": "OpenStreetMap（© OpenStreetMap contributors, ODbL 1.0）Geofabrik japan-latest.osm.pbf 2026-09-18T20:21:10Z node/8169740089 ｜ 国土地理院ベクトルタイル提供実験 地理院地図の徒歩道の起点（35.385057, 138.091982、JGD2011、3m差）2026-09-21確認",
    "verifiedAt": ""
   }
  },
  {
   "type": "Feature",
   "geometry": {
    "type": "Point",
    "coordinates": [
     138.2710773,
     35.6969801
    ]
   },
   "properties": {
    "id": "TH-n823178474",
    "kind": "trailhead",
    "name": "広河原（北岳・南アルプス登山口）",
    "datum": "WGS84",
    "mountainIds": "393 397 402 403 406 412 419 423",
    "mountainNames": "鋸岳、甲斐駒ヶ岳、アサヨ峰、仙丈ヶ岳、鳳凰山、北岳、間ノ岳、農鳥岳",
    "lists": "日本二百名山|日本三百名山|日本百名山|甲信越百名山",
    "routes": "OSM登山道「大樺沢吊橋」、OSM登山道「広河原橋」、広河原（北岳経由）コース、広河原（草すべり）コース、白峰三山縦走（広河原〜奈良田）、草すべり↑大樺沢↓周回",
    "entryType": "駐車場・バス停（林道・車道を経由して登山道へ）",
    "trailKmToSummit": "鋸岳:15.64km 甲斐駒ヶ岳:11.69km アサヨ峰:7.66km 仙丈ヶ岳:15.22km 鳳凰山:6.04km 北岳:4.9km 間ノ岳:8.28km 農鳥岳:12.21km",
    "related": "BS-n823178474(0m)",
    "attributes": "restriction=県営林道南アルプス線 夜叉神〜広河原はマイカー通行止め（バス・タクシーのみ）; parking=南アルプス市芦安の駐車場650台に駐車して路線バス・タクシーを利用; season=バス運行はおおむね6月下旬〜11月上旬",
    "status": "adopted",
    "accuracyM": 15,
    "needsReview": "近くの道路にゲートあり（車両通行止め・季節閉鎖の可能性）、林道からの入口（マイカー進入可否を要確認）、広河原へは夜叉神峠登山口・奈良田・戸台口からのバスやジャンボタクシーで入る（環境省）、広河原インフォメーションセンターで登山道情報・天気を確認できる（環境省）",
    "sources": "OpenStreetMap（© OpenStreetMap contributors, ODbL 1.0）Geofabrik japan-latest.osm.pbf 2026-09-18T20:21:10Z node/823178474 ｜ OpenStreetMap（© OpenStreetMap contributors, ODbL 1.0）Geofabrik japan-latest.osm.pbf 2026-09-18T20:21:10Z node/823179339（登山道と道路の接続点） ｜ 公式情報: https://www.env.go.jp/park/minamialps/access/index.html ｜ 公式情報: https://kanto.env.go.jp/blog/2019/03/post-634.html",
    "verifiedAt": "2026-09-20"
   }
  },
  {
   "type": "Feature",
   "geometry": {
    "type": "Point",
    "coordinates": [
     138.2657466,
     35.7036126
    ]
   },
   "properties": {
    "id": "TH-n823179339",
    "kind": "trailhead",
    "name": "（名称未確認）",
    "datum": "WGS84",
    "mountainIds": "393 397 402 403 406",
    "mountainNames": "鋸岳、甲斐駒ヶ岳、アサヨ峰、仙丈ヶ岳、鳳凰山",
    "lists": "日本二百名山|日本三百名山|日本百名山|甲信越百名山",
    "routes": "",
    "entryType": "道路の終点付近",
    "trailKmToSummit": "鋸岳:14.76km 甲斐駒ヶ岳:10.81km アサヨ峰:6.78km 仙丈ヶ岳:14.35km 鳳凰山:5.16km",
    "related": "BS-n823178474(877m)",
    "attributes": "",
    "status": "provisional",
    "accuracyM": 30,
    "needsReview": "名称未確認、近くの道路にゲートあり（車両通行止め・季節閉鎖の可能性）、林道からの入口（マイカー進入可否を要確認）、公式情報または2情報源での確認が必要",
    "sources": "OpenStreetMap（© OpenStreetMap contributors, ODbL 1.0）Geofabrik japan-latest.osm.pbf 2026-09-18T20:21:10Z node/823179339（登山道と道路の接続点） ｜ 国土地理院 地名検索「広河原」（35.702547, 138.265071、JGD2011、133m差）2026-09-13確認",
    "verifiedAt": "2026-09-13"
   }
  },
  {
   "type": "Feature",
   "geometry": {
    "type": "Point",
    "coordinates": [
     138.6202015,
     36.8093684
    ]
   },
   "properties": {
    "id": "TH-n8242713976",
    "kind": "trailhead",
    "name": "秋山郷 雄川閣",
    "datum": "WGS84",
    "mountainIds": "250",
    "mountainNames": "岩菅山",
    "lists": "日本二百名山|日本三百名山|甲信越百名山",
    "routes": "",
    "entryType": "施設（山小屋・宿・キャンプ場）からの入口",
    "trailKmToSummit": "岩菅山:11.85km",
    "related": "",
    "attributes": "",
    "status": "provisional",
    "accuracyM": 15,
    "needsReview": "近くの道路にゲートあり（車両通行止め・季節閉鎖の可能性）、公式情報または2情報源での確認が必要",
    "sources": "OpenStreetMap（© OpenStreetMap contributors, ODbL 1.0）Geofabrik japan-latest.osm.pbf 2026-09-18T20:21:10Z node/8242713976",
    "verifiedAt": ""
   }
  },
  {
   "type": "Feature",
   "geometry": {
    "type": "Point",
    "coordinates": [
     138.9522306,
     36.8415307
    ]
   },
   "properties": {
    "id": "TH-n8442139327",
    "kind": "trailhead",
    "name": "（名称未確認）",
    "datum": "WGS84",
    "mountainIds": "229 234 236 238",
    "mountainNames": "朝日岳、谷川岳、平標山、仙ノ倉山",
    "lists": "日本三百名山|関東百名山|日本百名山|日本二百名山|甲信越百名山",
    "routes": "",
    "entryType": "一般道（県道以上）との接続",
    "trailKmToSummit": "朝日岳:14.18km 谷川岳:3.17km 平標山:14.04km 仙ノ倉山:12.26km",
    "related": "PK-n766785322(91m)",
    "attributes": "",
    "status": "provisional",
    "accuracyM": 30,
    "needsReview": "名称未確認、公式情報または2情報源での確認が必要",
    "sources": "OpenStreetMap（© OpenStreetMap contributors, ODbL 1.0）Geofabrik japan-latest.osm.pbf 2026-09-18T20:21:10Z node/8442139327（登山道と道路の接続点）",
    "verifiedAt": ""
   }
  },
  {
   "type": "Feature",
   "geometry": {
    "type": "Point",
    "coordinates": [
     138.2925842,
     36.0838469
    ]
   },
   "properties": {
    "id": "TH-n8448159070",
    "kind": "trailhead",
    "name": "竜源橋（蓼科山登山口）",
    "datum": "WGS84",
    "mountainIds": "337 341",
    "mountainNames": "蓼科山、北横岳",
    "lists": "日本百名山|日本二百名山|日本三百名山|甲信越百名山",
    "routes": "",
    "entryType": "一般道との接続",
    "trailKmToSummit": "蓼科山:4.77km 北横岳:5.24km",
    "related": "BS-kP11-22-20-bs5658(118m)",
    "attributes": "",
    "status": "adopted",
    "accuracyM": 15,
    "needsReview": "長野県の山のグレーディング（2026年）に「竜源橋登山口」（茅野市、蓼科山）が載っている（長野県）、長野県登山安全条例により、指定登山道では登山計画書の提出が必要（長野県）",
    "sources": "OpenStreetMap（© OpenStreetMap contributors, ODbL 1.0）Geofabrik japan-latest.osm.pbf 2026-09-18T20:21:10Z node/8448159070（登山道と道路の接続点） ｜ 公式情報: https://www.pref.nagano.lg.jp/kankoki/sangyo/kanko/documents/gradingmap26-d.pdf ｜ 公式情報: https://www.pref.nagano.lg.jp/kankoki/tozanjorei/tozanjorei.html",
    "verifiedAt": "2026-09-20"
   }
  },
  {
   "type": "Feature",
   "geometry": {
    "type": "Point",
    "coordinates": [
     138.0525723,
     35.5156396
    ]
   },
   "properties": {
    "id": "TH-n8506047190",
    "kind": "trailhead",
    "name": "（名称未確認）",
    "datum": "WGS84",
    "mountainIds": "454",
    "mountainNames": "奥茶臼山",
    "lists": "日本三百名山",
    "routes": "",
    "entryType": "道路の終点付近",
    "trailKmToSummit": "奥茶臼山:4.86km",
    "related": "",
    "attributes": "",
    "status": "candidate",
    "accuracyM": 30,
    "needsReview": "名称未確認、林道からの入口（マイカー進入可否を要確認）、公式情報または2情報源での確認が必要",
    "sources": "OpenStreetMap（© OpenStreetMap contributors, ODbL 1.0）Geofabrik japan-latest.osm.pbf 2026-09-18T20:21:10Z node/8506047190（登山道と道路の接続点）",
    "verifiedAt": ""
   }
  },
  {
   "type": "Feature",
   "geometry": {
    "type": "Point",
    "coordinates": [
     138.0546109,
     35.5022189
    ]
   },
   "properties": {
    "id": "TH-n8523047203",
    "kind": "trailhead",
    "name": "（名称未確認）",
    "datum": "WGS84",
    "mountainIds": "454",
    "mountainNames": "奥茶臼山",
    "lists": "日本三百名山",
    "routes": "",
    "entryType": "林道との接続",
    "trailKmToSummit": "奥茶臼山:3.01km",
    "related": "",
    "attributes": "",
    "status": "candidate",
    "accuracyM": 30,
    "needsReview": "名称未確認、林道からの入口（マイカー進入可否を要確認）、公式情報または2情報源での確認が必要",
    "sources": "OpenStreetMap（© OpenStreetMap contributors, ODbL 1.0）Geofabrik japan-latest.osm.pbf 2026-09-18T20:21:10Z node/8523047203（登山道と道路の接続点）",
    "verifiedAt": ""
   }
  },
  {
   "type": "Feature",
   "geometry": {
    "type": "Point",
    "coordinates": [
     138.3845284,
     38.1413663
    ]
   },
   "properties": {
    "id": "TH-n860809661",
    "kind": "trailhead",
    "name": "（名称未確認）",
    "datum": "WGS84",
    "mountainIds": "171",
    "mountainNames": "金北山",
    "lists": "日本三百名山|甲信越百名山",
    "routes": "",
    "entryType": "一般道（県道以上）との接続",
    "trailKmToSummit": "金北山:7.59km",
    "related": "",
    "attributes": "",
    "status": "candidate",
    "accuracyM": 30,
    "needsReview": "名称未確認、近くの道路にゲートあり（車両通行止め・季節閉鎖の可能性）、公式情報または2情報源での確認が必要",
    "sources": "OpenStreetMap（© OpenStreetMap contributors, ODbL 1.0）Geofabrik japan-latest.osm.pbf 2026-09-18T20:21:10Z node/860809661（登山道と道路の接続点）",
    "verifiedAt": ""
   }
  },
  {
   "type": "Feature",
   "geometry": {
    "type": "Point",
    "coordinates": [
     138.3024287,
     36.0683884
    ]
   },
   "properties": {
    "id": "TH-n861177869",
    "kind": "trailhead",
    "name": "山麓",
    "datum": "WGS84",
    "mountainIds": "337 341",
    "mountainNames": "蓼科山、北横岳",
    "lists": "日本百名山|日本二百名山|日本三百名山|甲信越百名山",
    "routes": "",
    "entryType": "索道駅（ロープウェイ・ゴンドラ）",
    "trailKmToSummit": "蓼科山:9.08km 北横岳:4.2km",
    "related": "PK-w350178484(93m) PK-w939347887(234m) BS-kP11-22-20-bs5799(33m) BS-kP11-22-20-bs5834(413m) BS-kP11-22-20-bs5869(652m)",
    "attributes": "",
    "status": "provisional",
    "accuracyM": 15,
    "needsReview": "公式情報または2情報源での確認が必要",
    "sources": "OpenStreetMap（© OpenStreetMap contributors, ODbL 1.0）Geofabrik japan-latest.osm.pbf 2026-09-18T20:21:10Z node/861177869 ｜ 国土地理院 地名検索「山麓駅」（36.068261, 138.302204、JGD2011、25m差）2026-09-20確認",
    "verifiedAt": "2026-09-20"
   }
  },
  {
   "type": "Feature",
   "geometry": {
    "type": "Point",
    "coordinates": [
     138.3219946,
     36.0787747
    ]
   },
   "properties": {
    "id": "TH-n861177872",
    "kind": "trailhead",
    "name": "山頂",
    "datum": "WGS84",
    "mountainIds": "337 341",
    "mountainNames": "蓼科山、北横岳",
    "lists": "日本百名山|日本二百名山|日本三百名山|甲信越百名山",
    "routes": "",
    "entryType": "索道駅（ロープウェイ・ゴンドラ）",
    "trailKmToSummit": "蓼科山:6.61km 北横岳:1.74km",
    "related": "",
    "attributes": "",
    "status": "provisional",
    "accuracyM": 15,
    "needsReview": "公式情報または2情報源での確認が必要",
    "sources": "OpenStreetMap（© OpenStreetMap contributors, ODbL 1.0）Geofabrik japan-latest.osm.pbf 2026-09-18T20:21:10Z node/861177872 ｜ 国土地理院 地名検索「山頂駅」（36.079000, 138.320093、JGD2011、173m差）2026-09-20確認",
    "verifiedAt": "2026-09-20"
   }
  },
  {
   "type": "Feature",
   "geometry": {
    "type": "Point",
    "coordinates": [
     137.3601946,
     35.7771886
    ]
   },
   "properties": {
    "id": "TH-n8684295141",
    "kind": "trailhead",
    "name": "乙女渓谷キャンプ場（小秀山 登山口）",
    "datum": "WGS84",
    "mountainIds": "390",
    "mountainNames": "小秀山",
    "lists": "日本二百名山|日本三百名山",
    "routes": "",
    "entryType": "一般道との接続",
    "trailKmToSummit": "小秀山:4.89km",
    "related": "",
    "attributes": "registration=登山ポストは乙女渓谷キャンプ場の中央管理棟にある（中津川市）; parking=乙女渓谷キャンプ場の駐車場を利用（林野庁）; season=冬季は除雪されないため登山道は通行不可。例年5月までは残雪期。山頂小屋「秀峰舎」のトイレは冬季は使用不可で、毎年6月中旬から使用できる（中津川市）",
    "status": "adopted",
    "accuracyM": 15,
    "needsReview": "小秀山の登山道で熊の目撃情報がある。鈴など音が出るものを身につけること（中津川市）、樹林帯は残雪期に夏の道がわからず、道迷いに注意（中津川市）、JR下呂駅から国道257号線を経由して約21km・約45分、中津川ICから約60km・約1時間15分（林野庁）",
    "sources": "OpenStreetMap（© OpenStreetMap contributors, ODbL 1.0）Geofabrik japan-latest.osm.pbf 2026-09-18T20:21:10Z node/8684295141（登山道と道路の接続点） ｜ 公式情報: https://www.city.nakatsugawa.lg.jp/soshikikarasagasu/kankoka/4/7884.html ｜ 公式情報: https://www.rinya.maff.go.jp/chubu/policy/business/invitation/rekumori/otomekeikoku.html ｜ 国土地理院ベクトルタイル提供実験 地理院地図の徒歩道の起点とOSMの地点が5m差。国土地理院 地名検索「二ノ谷」（35.776901, 137.360727）から58m 2026-09-22確認",
    "verifiedAt": "2026-09-22"
   }
  },
  {
   "type": "Feature",
   "geometry": {
    "type": "Point",
    "coordinates": [
     137.3700926,
     35.7854423
    ]
   },
   "properties": {
    "id": "TH-n8684308390",
    "kind": "trailhead",
    "name": "（名称未確認）",
    "datum": "WGS84",
    "mountainIds": "390",
    "mountainNames": "小秀山",
    "lists": "日本二百名山|日本三百名山",
    "routes": "",
    "entryType": "一般道との接続",
    "trailKmToSummit": "小秀山:4.9km",
    "related": "",
    "attributes": "",
    "status": "candidate",
    "accuracyM": 30,
    "needsReview": "名称未確認、公式情報または2情報源での確認が必要",
    "sources": "OpenStreetMap（© OpenStreetMap contributors, ODbL 1.0）Geofabrik japan-latest.osm.pbf 2026-09-18T20:21:10Z node/8684308390（登山道と道路の接続点）",
    "verifiedAt": ""
   }
  },
  {
   "type": "Feature",
   "geometry": {
    "type": "Point",
    "coordinates": [
     138.6554214,
     36.6927862
    ]
   },
   "properties": {
    "id": "TH-n8700638611",
    "kind": "trailhead",
    "name": "（名称未確認）野反峠バス停付近",
    "datum": "WGS84",
    "mountainIds": "246 252",
    "mountainNames": "佐武流山、白砂山",
    "lists": "日本二百名山|日本三百名山|関東百名山",
    "routes": "",
    "entryType": "一般道（県道以上）との接続",
    "trailKmToSummit": "佐武流山:12.68km 白砂山:7.3km",
    "related": "PK-w743793453(60m) PK-w939243048(170m) BS-kP11-22-10-bs204(12m)",
    "attributes": "",
    "status": "provisional",
    "accuracyM": 30,
    "needsReview": "名称未確認、登山道が道路を横断する地点（途中の入口の可能性）、公式情報または2情報源での確認が必要",
    "sources": "OpenStreetMap（© OpenStreetMap contributors, ODbL 1.0）Geofabrik japan-latest.osm.pbf 2026-09-18T20:21:10Z node/8700638611（登山道と道路の接続点）",
    "verifiedAt": ""
   }
  },
  {
   "type": "Feature",
   "geometry": {
    "type": "Point",
    "coordinates": [
     139.0979639,
     37.4097251
    ]
   },
   "properties": {
    "id": "TH-n8735634667",
    "kind": "trailhead",
    "name": "保久礼小屋（守門岳 保久礼コース登山口）",
    "datum": "WGS84",
    "mountainIds": "190",
    "mountainNames": "守門岳",
    "lists": "日本二百名山|日本三百名山|甲信越百名山",
    "routes": "OSM登山道「保久礼コース」",
    "entryType": "施設（山小屋・宿・キャンプ場）からの入口",
    "trailKmToSummit": "守門岳:4.56km",
    "related": "",
    "attributes": "season=県道二分栃尾線の刈谷田川ダムから先は、例年11月下旬〜翌年5月中旬（守門山開きの直前まで）冬期通行止め（栃尾観光協会）",
    "status": "adopted",
    "accuracyM": 15,
    "needsReview": "保久礼コースは守門岳で最も一般的なルート（栃尾観光協会）、OSMの地物名と、地理院地図で徒歩道が道路から始まる位置（11m差）が一致",
    "sources": "OpenStreetMap（© OpenStreetMap contributors, ODbL 1.0）Geofabrik japan-latest.osm.pbf 2026-09-18T20:21:10Z node/8735634667 ｜ 公式情報: https://tochiokankou.jp/tourism/sumon.html ｜ 公式情報: https://nagaoka-navi.or.jp/spot/9722 ｜ 国土地理院ベクトルタイル提供実験 地理院地図の徒歩道の起点（37.409740, 139.097843、JGD2011、11m差）2026-09-21確認",
    "verifiedAt": "2026-09-20"
   }
  },
  {
   "type": "Feature",
   "geometry": {
    "type": "Point",
    "coordinates": [
     138.7368842,
     35.3447149
    ]
   },
   "properties": {
    "id": "TH-n874172106",
    "kind": "trailhead",
    "name": "御来光山荘",
    "datum": "WGS84",
    "mountainIds": "494",
    "mountainNames": "富士山",
    "lists": "日本百名山|日本二百名山|日本三百名山|甲信越百名山",
    "routes": "OSM登山道「富士公園太郎坊線」、OSM登山道「富士宮ルート」",
    "entryType": "施設（山小屋・宿・キャンプ場）からの入口",
    "trailKmToSummit": "富士山:2.9km",
    "related": "BS-kP11-22-22-bs157(928m) BS-kP11-22-22-bs158(928m)",
    "attributes": "OSM登山ルート: Mt. Fuji Loop、富士宮ルート",
    "status": "provisional",
    "accuracyM": 15,
    "needsReview": "近くの道路にゲートあり（車両通行止め・季節閉鎖の可能性）、公式情報または2情報源での確認が必要",
    "sources": "OpenStreetMap（© OpenStreetMap contributors, ODbL 1.0）Geofabrik japan-latest.osm.pbf 2026-09-18T20:21:10Z node/874172106",
    "verifiedAt": ""
   }
  },
  {
   "type": "Feature",
   "geometry": {
    "type": "Point",
    "coordinates": [
     138.7357477,
     35.3485524
    ]
   },
   "properties": {
    "id": "TH-n880703238",
    "kind": "trailhead",
    "name": "山口山荘",
    "datum": "WGS84",
    "mountainIds": "494",
    "mountainNames": "富士山",
    "lists": "日本百名山|日本二百名山|日本三百名山|甲信越百名山",
    "routes": "OSM登山道「富士公園太郎坊線」、OSM登山道「富士宮ルート」",
    "entryType": "施設（山小屋・宿・キャンプ場）からの入口",
    "trailKmToSummit": "富士山:2.2km",
    "related": "",
    "attributes": "OSM登山ルート: Mt. Fuji Loop、富士宮ルート",
    "status": "provisional",
    "accuracyM": 15,
    "needsReview": "近くの道路にゲートあり（車両通行止め・季節閉鎖の可能性）、公式情報または2情報源での確認が必要",
    "sources": "OpenStreetMap（© OpenStreetMap contributors, ODbL 1.0）Geofabrik japan-latest.osm.pbf 2026-09-18T20:21:10Z node/880703238",
    "verifiedAt": ""
   }
  },
  {
   "type": "Feature",
   "geometry": {
    "type": "Point",
    "coordinates": [
     137.8708063,
     35.617509
    ]
   },
   "properties": {
    "id": "TH-n8879060969",
    "kind": "trailhead",
    "name": "（名称未確認）西山バス停付近",
    "datum": "WGS84",
    "mountainIds": "420",
    "mountainNames": "安平路山",
    "lists": "日本二百名山|日本三百名山",
    "routes": "",
    "entryType": "一般道との接続",
    "trailKmToSummit": "安平路山:14.44km",
    "related": "PK-w825745545(472m) BS-kP11-22-20-bs7472(843m) BS-kP11-22-20-bs7466(933m)",
    "attributes": "",
    "status": "provisional",
    "accuracyM": 30,
    "needsReview": "名称未確認、公式情報または2情報源での確認が必要",
    "sources": "OpenStreetMap（© OpenStreetMap contributors, ODbL 1.0）Geofabrik japan-latest.osm.pbf 2026-09-18T20:21:10Z node/8879060969（登山道と道路の接続点）",
    "verifiedAt": ""
   }
  },
  {
   "type": "Feature",
   "geometry": {
    "type": "Point",
    "coordinates": [
     138.7329573,
     35.3545739
    ]
   },
   "properties": {
    "id": "TH-n888297730",
    "kind": "trailhead",
    "name": "万年雪山荘",
    "datum": "WGS84",
    "mountainIds": "494",
    "mountainNames": "富士山",
    "lists": "日本百名山|日本二百名山|日本三百名山|甲信越百名山",
    "routes": "OSM登山道「富士宮ルート」",
    "entryType": "施設（山小屋・宿・キャンプ場）からの入口",
    "trailKmToSummit": "富士山:1.17km",
    "related": "",
    "attributes": "OSM登山ルート: Mt. Fuji Loop、富士宮ルート",
    "status": "provisional",
    "accuracyM": 15,
    "needsReview": "公式情報または2情報源での確認が必要",
    "sources": "OpenStreetMap（© OpenStreetMap contributors, ODbL 1.0）Geofabrik japan-latest.osm.pbf 2026-09-18T20:21:10Z node/888297730",
    "verifiedAt": ""
   }
  },
  {
   "type": "Feature",
   "geometry": {
    "type": "Point",
    "coordinates": [
     138.7311118,
     35.3566502
    ]
   },
   "properties": {
    "id": "TH-n888306887",
    "kind": "trailhead",
    "name": "胸突山荘",
    "datum": "WGS84",
    "mountainIds": "494",
    "mountainNames": "富士山",
    "lists": "日本百名山|日本二百名山|日本三百名山|甲信越百名山",
    "routes": "OSM登山道「富士宮ルート」",
    "entryType": "施設（山小屋・宿・キャンプ場）からの入口",
    "trailKmToSummit": "富士山:0.73km",
    "related": "",
    "attributes": "OSM登山ルート: Mt. Fuji Loop、富士宮ルート",
    "status": "provisional",
    "accuracyM": 15,
    "needsReview": "公式情報または2情報源での確認が必要",
    "sources": "OpenStreetMap（© OpenStreetMap contributors, ODbL 1.0）Geofabrik japan-latest.osm.pbf 2026-09-18T20:21:10Z node/888306887",
    "verifiedAt": ""
   }
  },
  {
   "type": "Feature",
   "geometry": {
    "type": "Point",
    "coordinates": [
     138.7310598,
     35.3595841
    ]
   },
   "properties": {
    "id": "TH-n888327858",
    "kind": "trailhead",
    "name": "頂上富士館",
    "datum": "WGS84",
    "mountainIds": "494",
    "mountainNames": "富士山",
    "lists": "日本百名山|日本二百名山|日本三百名山|甲信越百名山",
    "routes": "OSM登山道「お鉢巡り」",
    "entryType": "施設（山小屋・宿・キャンプ場）からの入口",
    "trailKmToSummit": "富士山:0.36km",
    "related": "",
    "attributes": "OSM登山ルート: Mt. Fuji Loop",
    "status": "provisional",
    "accuracyM": 15,
    "needsReview": "公式情報または2情報源での確認が必要",
    "sources": "OpenStreetMap（© OpenStreetMap contributors, ODbL 1.0）Geofabrik japan-latest.osm.pbf 2026-09-18T20:21:10Z node/888327858",
    "verifiedAt": ""
   }
  },
  {
   "type": "Feature",
   "geometry": {
    "type": "Point",
    "coordinates": [
     138.9546219,
     36.8162068
    ]
   },
   "properties": {
    "id": "TH-n8901164320",
    "kind": "trailhead",
    "name": "（名称未確認）",
    "datum": "WGS84",
    "mountainIds": "234 236 238",
    "mountainNames": "谷川岳、平標山、仙ノ倉山",
    "lists": "日本百名山|日本二百名山|日本三百名山|関東百名山|甲信越百名山",
    "routes": "",
    "entryType": "索道駅（ロープウェイ・ゴンドラ）",
    "trailKmToSummit": "谷川岳:3.9km 平標山:14.69km 仙ノ倉山:12.91km",
    "related": "",
    "attributes": "",
    "status": "provisional",
    "accuracyM": 15,
    "needsReview": "名称未確認、公式情報または2情報源での確認が必要",
    "sources": "OpenStreetMap（© OpenStreetMap contributors, ODbL 1.0）Geofabrik japan-latest.osm.pbf 2026-09-18T20:21:10Z node/8901164320",
    "verifiedAt": ""
   }
  },
  {
   "type": "Feature",
   "geometry": {
    "type": "Point",
    "coordinates": [
     138.7367569,
     35.3558935
    ]
   },
   "properties": {
    "id": "TH-n890518714",
    "kind": "trailhead",
    "name": "見晴館",
    "datum": "WGS84",
    "mountainIds": "494",
    "mountainNames": "富士山",
    "lists": "日本百名山|日本二百名山|日本三百名山|甲信越百名山",
    "routes": "OSM登山道「御殿場ルート 「登り」」",
    "entryType": "施設（山小屋・宿・キャンプ場）からの入口",
    "trailKmToSummit": "富士山:1.27km",
    "related": "",
    "attributes": "OSM登山ルート: Mt. Fuji Loop、御殿場ルート「登り」",
    "status": "provisional",
    "accuracyM": 15,
    "needsReview": "公式情報または2情報源での確認が必要",
    "sources": "OpenStreetMap（© OpenStreetMap contributors, ODbL 1.0）Geofabrik japan-latest.osm.pbf 2026-09-18T20:21:10Z node/890518714",
    "verifiedAt": ""
   }
  },
  {
   "type": "Feature",
   "geometry": {
    "type": "Point",
    "coordinates": [
     138.2753087,
     36.8413319
    ]
   },
   "properties": {
    "id": "TH-n9183225050",
    "kind": "trailhead",
    "name": "No.13",
    "datum": "WGS84",
    "mountainIds": "233",
    "mountainNames": "斑尾山",
    "lists": "日本三百名山|甲信越百名山",
    "routes": "",
    "entryType": "索道駅（ロープウェイ・ゴンドラ）",
    "trailKmToSummit": "斑尾山:0.44km",
    "related": "",
    "attributes": "",
    "status": "provisional",
    "accuracyM": 15,
    "needsReview": "公式情報または2情報源での確認が必要",
    "sources": "OpenStreetMap（© OpenStreetMap contributors, ODbL 1.0）Geofabrik japan-latest.osm.pbf 2026-09-18T20:21:10Z node/9183225050",
    "verifiedAt": ""
   }
  },
  {
   "type": "Feature",
   "geometry": {
    "type": "Point",
    "coordinates": [
     138.5284953,
     35.8067443
    ]
   },
   "properties": {
    "id": "TH-n9349788450",
    "kind": "trailhead",
    "name": "観音峠",
    "datum": "WGS84",
    "mountainIds": "386",
    "mountainNames": "茅ヶ岳",
    "lists": "日本二百名山|日本三百名山|甲信越百名山",
    "routes": "OSM登山道「観音峠口コース」",
    "entryType": "峠（道路との接続）",
    "trailKmToSummit": "茅ヶ岳:2.66km",
    "related": "",
    "attributes": "",
    "status": "adopted",
    "accuracyM": 30,
    "needsReview": "",
    "sources": "OpenStreetMap（© OpenStreetMap contributors, ODbL 1.0）Geofabrik japan-latest.osm.pbf 2026-09-18T20:21:10Z node/9349788450（登山道と道路の接続点） ｜ 国土地理院 地名検索「観音峠」（35.807081, 138.528163、JGD2011、48m差）2026-09-20確認",
    "verifiedAt": "2026-09-20"
   }
  },
  {
   "type": "Feature",
   "geometry": {
    "type": "Point",
    "coordinates": [
     138.1939631,
     35.4158003
    ]
   },
   "properties": {
    "id": "TH-n9566126317",
    "kind": "trailhead",
    "name": "聖岳登山口",
    "datum": "WGS84",
    "mountainIds": "472 487 492",
    "mountainNames": "聖岳、上河内岳、茶臼岳",
    "lists": "日本百名山|日本二百名山|日本三百名山|甲信越百名山",
    "routes": "",
    "entryType": "登山口（OSMの登山口地物）",
    "trailKmToSummit": "聖岳:10.16km 上河内岳:10.48km 茶臼岳:13.26km",
    "related": "",
    "attributes": "",
    "status": "adopted",
    "accuracyM": 15,
    "needsReview": "採用の根拠: OSMの登山口名と、地理院地図の徒歩道が道路から始まる位置の一致（公式情報では未確認）",
    "sources": "OpenStreetMap（© OpenStreetMap contributors, ODbL 1.0）Geofabrik japan-latest.osm.pbf 2026-09-18T20:21:10Z node/9566126317 ｜ 国土地理院ベクトルタイル提供実験 地理院地図の徒歩道の起点（35.415806, 138.193954、JGD2011、1m差）2026-09-21確認",
    "verifiedAt": ""
   }
  },
  {
   "type": "Feature",
   "geometry": {
    "type": "Point",
    "coordinates": [
     138.5951659,
     35.4542511
    ]
   },
   "properties": {
    "id": "TH-n9576361898",
    "kind": "trailhead",
    "name": "本栖湖スポーツセンター キャンプサイト",
    "datum": "WGS84",
    "mountainIds": "478",
    "mountainNames": "毛無山",
    "lists": "日本二百名山|日本三百名山|甲信越百名山",
    "routes": "",
    "entryType": "登山口（OSMの登山口地物）",
    "trailKmToSummit": "毛無山:7.37km",
    "related": "PK-w849067730(370m) PK-w849067732(405m) PK-w849067731(435m)",
    "attributes": "",
    "status": "provisional",
    "accuracyM": 15,
    "needsReview": "公式情報または2情報源での確認が必要",
    "sources": "OpenStreetMap（© OpenStreetMap contributors, ODbL 1.0）Geofabrik japan-latest.osm.pbf 2026-09-18T20:21:10Z node/9576361898",
    "verifiedAt": ""
   }
  },
  {
   "type": "Feature",
   "geometry": {
    "type": "Point",
    "coordinates": [
     137.8557015,
     35.5833555
    ]
   },
   "properties": {
    "id": "TH-n9664782736",
    "kind": "trailhead",
    "name": "吉田山・吉田山キャンプ場登山口",
    "datum": "WGS84",
    "mountainIds": "411 420",
    "mountainNames": "越百山、安平路山",
    "lists": "日本三百名山|甲信越百名山|日本二百名山",
    "routes": "OSM登山道「盗人道」",
    "entryType": "登山口（OSMの登山口地物）",
    "trailKmToSummit": "越百山:13.94km 安平路山:15.13km",
    "related": "",
    "attributes": "",
    "status": "adopted",
    "accuracyM": 15,
    "needsReview": "採用の根拠: OSMの登山口名と、地理院地図の徒歩道が道路から始まる位置の一致（公式情報では未確認）",
    "sources": "OpenStreetMap（© OpenStreetMap contributors, ODbL 1.0）Geofabrik japan-latest.osm.pbf 2026-09-18T20:21:10Z node/9664782736 ｜ 国土地理院ベクトルタイル提供実験 地理院地図の徒歩道の起点（35.583359, 137.855751、JGD2011、4m差）2026-09-21確認",
    "verifiedAt": ""
   }
  },
  {
   "type": "Feature",
   "geometry": {
    "type": "Point",
    "coordinates": [
     137.6643631,
     35.5107578
    ]
   },
   "properties": {
    "id": "TH-n9681906796",
    "kind": "trailhead",
    "name": "南沢山登山道入口",
    "datum": "WGS84",
    "mountainIds": "455",
    "mountainNames": "富士見台高原",
    "lists": "東海の百山",
    "routes": "",
    "entryType": "登山口（OSMの登山口地物）",
    "trailKmToSummit": "富士見台高原:7.4km",
    "related": "PK-w1053557331(10m) PK-w1053539575(398m) PK-w1053539573(466m) BS-kP11-22-20-bs7846(429m)",
    "attributes": "",
    "status": "provisional",
    "accuracyM": 15,
    "needsReview": "公式情報または2情報源での確認が必要",
    "sources": "OpenStreetMap（© OpenStreetMap contributors, ODbL 1.0）Geofabrik japan-latest.osm.pbf 2026-09-18T20:21:10Z node/9681906796",
    "verifiedAt": ""
   }
  },
  {
   "type": "Feature",
   "geometry": {
    "type": "Point",
    "coordinates": [
     137.7333,
     36.3175
    ]
   },
   "properties": {
    "id": "TH-osm-ichinosawa",
    "kind": "trailhead",
    "name": "一ノ沢登山口（常念岳）",
    "datum": "WGS84",
    "mountainIds": "309 305",
    "mountainNames": "常念岳、大天井岳",
    "lists": "日本百名山|日本二百名山|日本三百名山|甲信越百名山|東海の百山",
    "routes": "一ノ沢コース",
    "entryType": "公式情報による登山口",
    "trailKmToSummit": "",
    "related": "",
    "attributes": "restriction=一の沢林道は崩落により一般車両通行止め（歩行者は通行可）",
    "status": "adopted",
    "accuracyM": 15,
    "needsReview": "常念岳の一ノ沢登山口へ通じる林道が崩落し、一般車両は通行止め（長野県）、座標は概略。正確な登山口の位置は未確認、長野県の山のグレーディング（2026年）に「一の沢登山口」（安曇野市、常念岳・大天井岳）が載っている（長野県）",
    "sources": "長野県の登山情報（一の沢林道崩落について）に基づく概略位置。正確な位置は未確認 ｜ 公式情報: https://www.pref.nagano.lg.jp/kankoki/sangaku/2024jyounenndakeichinosawa.html ｜ 公式情報: https://www.pref.nagano.lg.jp/kankoki/tozanjorei/tozanjorei.html ｜ 公式情報: https://www.pref.nagano.lg.jp/kankoki/sangyo/kanko/documents/gradingmap26-a.pdf",
    "verifiedAt": "2026-09-20"
   }
  },
  {
   "type": "Feature",
   "geometry": {
    "type": "Point",
    "coordinates": [
     137.553627,
     36.124539
    ]
   },
   "properties": {
    "id": "TH-osm-n13235073711",
    "kind": "trailhead",
    "name": "乗鞍山頂（畳平）",
    "datum": "WGS84",
    "mountainIds": "336",
    "mountainNames": "乗鞍岳",
    "lists": "日本百名山|日本二百名山|日本三百名山|甲信越百名山|東海の百山",
    "routes": "畳平コース",
    "entryType": "公式情報による登山口",
    "trailKmToSummit": "",
    "related": "",
    "attributes": "restriction=乗鞍エコーライン（三本滝〜県境ゲート）は2026年4月27日〜10月31日がマイカー規制; bus=ほおのき平駐車場（無料）・あかんだな駐車場からシャトルバス",
    "status": "adopted",
    "accuracyM": 15,
    "needsReview": "乗鞍岳の自然保護のため長野県側・岐阜県側ともマイカー規制が行われている（長野県・岐阜県）、畳平（鶴ヶ池駐車場）は中部山岳国立公園内（岐阜県）",
    "sources": "OpenStreetMap（© OpenStreetMap contributors, ODbL 1.0）node/13235073711（乗鞍山頂(畳平) バス停） ｜ 公式情報: https://www.pref.nagano.lg.jp/shizenhogo/infra/doro/joho/norikuradake.html ｜ 公式情報: https://www.pref.gifu.lg.jp/page/182610.html",
    "verifiedAt": "2026-09-20"
   }
  },
  {
   "type": "Feature",
   "geometry": {
    "type": "Point",
    "coordinates": [
     137.747115,
     36.39251
    ]
   },
   "properties": {
    "id": "TH-osm-w184869656",
    "kind": "trailhead",
    "name": "中房温泉（燕岳 合戦尾根登山口）",
    "datum": "WGS84",
    "mountainIds": "294 305",
    "mountainNames": "燕岳、大天井岳",
    "lists": "日本二百名山|日本三百名山|甲信越百名山|東海の百山",
    "routes": "合戦尾根コース",
    "entryType": "公式情報による登山口",
    "trailKmToSummit": "",
    "related": "",
    "attributes": "restriction=県道槍ヶ岳矢村線（中房線）は2026年8月8日の土石流で橋梁が流出。8月22日5時から宮城ゲート〜中房温泉（中房ゲート）12.2kmで歩行者と一般車両（車幅1.88m以下・重量3t以下）の暫定通行が可能。通行可能時間は平日8〜17時、土日祝5〜18時で、降雨時等は通行不可（長野県）",
    "status": "adopted",
    "accuracyM": 15,
    "needsReview": "大雨時は黒川沢の土石流のおそれがあり通行規制されることがある（長野県）、長野県登山安全条例により、指定登山道では登山計画書の提出が必要（長野県）、長野県の山のグレーディング（2026年）に「中房登山口」（安曇野市、燕岳・大天井岳）が載っている（長野県）",
    "sources": "OpenStreetMap（© OpenStreetMap contributors, ODbL 1.0）way/184869656（中房温泉駐車場） ｜ 公式情報: https://www.pref.nagano.lg.jp/michikanri/happyou/260817press.html ｜ 公式情報: https://www.pref.nagano.lg.jp/kankoki/tozanjorei/tozanjorei.html ｜ 公式情報: https://www.pref.nagano.lg.jp/kankoki/sangyo/kanko/documents/gradingmap26-a.pdf",
    "verifiedAt": "2026-09-20"
   }
  },
  {
   "type": "Feature",
   "geometry": {
    "type": "Point",
    "coordinates": [
     138.1395976,
     36.2314724
    ]
   },
   "properties": {
    "id": "TH-w117369478",
    "kind": "trailhead",
    "name": "道の駅美ヶ原高原美術館（美ヶ原 東側入口）",
    "datum": "WGS84",
    "mountainIds": "323",
    "mountainNames": "美ヶ原",
    "lists": "日本百名山|日本二百名山|日本三百名山|甲信越百名山",
    "routes": "",
    "entryType": "公式情報による登山口",
    "trailKmToSummit": "",
    "related": "",
    "attributes": "parking=美ヶ原高原大駐車場 普通車800台・バス15台; season=松本市街から美ヶ原高原へ向かう道路は例年11月下旬〜4月中旬が冬期通行止め（松本市）",
    "status": "adopted",
    "accuracyM": 15,
    "needsReview": "道の駅美ヶ原高原（美ヶ原高原美術館）は美ヶ原の東側の入口にあたる（美ヶ原高原）",
    "sources": "OSM way/117369478（2026-09-20時点の候補座標） ｜ 公式情報: http://www.utsukushigaharakogen.jp/ ｜ 公式情報: https://www.city.matsumoto.nagano.jp/soshiki/76/146139.html",
    "verifiedAt": "2026-09-20"
   }
  },
  {
   "type": "Feature",
   "geometry": {
    "type": "Point",
    "coordinates": [
     139.252793,
     37.0373176
    ]
   },
   "properties": {
    "id": "TH-w1311703720",
    "kind": "trailhead",
    "name": "平ヶ岳登山口（鷹ノ巣）",
    "datum": "WGS84",
    "mountainIds": "214",
    "mountainNames": "平ヶ岳",
    "lists": "日本百名山|日本二百名山|日本三百名山|甲信越百名山",
    "routes": "鷹ノ巣コース",
    "entryType": "駐車場・バス停（林道・車道を経由して登山道へ）",
    "trailKmToSummit": "平ヶ岳:9.84km",
    "related": "PK-w1311703720(0m) BS-kP11-22-15-bs7285(43m) BS-kP11-22-15-bs7211(882m)",
    "attributes": "parking=鷹ノ巣駐車場 普通車20台（大型車なし）（新潟県観光協会）; season=国道352号の銀山平〜鷹ノ巣は10月下旬〜6月上旬が冬季通行止め。登山時期は7月〜11月（新潟県観光協会）",
    "status": "adopted",
    "accuracyM": 15,
    "needsReview": "林道からの入口（マイカー進入可否を要確認）、鷹ノ巣登山口から平ヶ岳（2,140m）の山頂まで約6時間30分。山小屋はない（新潟県観光協会）、日帰りが前提となる長いコースで、行動時間に注意が必要",
    "sources": "OpenStreetMap（© OpenStreetMap contributors, ODbL 1.0）Geofabrik japan-latest.osm.pbf 2026-09-18T20:21:10Z way/1311703720 ｜ OpenStreetMap（© OpenStreetMap contributors, ODbL 1.0）Geofabrik japan-latest.osm.pbf 2026-09-18T20:21:10Z node/1383983940（登山道と道路の接続点） ｜ 公式情報: https://niigata-kankou.or.jp/spot/7592",
    "verifiedAt": "2026-09-20"
   }
  },
  {
   "type": "Feature",
   "geometry": {
    "type": "Point",
    "coordinates": [
     138.087101,
     36.7409888
    ]
   },
   "properties": {
    "id": "TH-w1381632848",
    "kind": "trailhead",
    "name": "うずら家駐車場",
    "datum": "WGS84",
    "mountainIds": "251",
    "mountainNames": "飯縄山",
    "lists": "日本二百名山|日本三百名山|甲信越百名山",
    "routes": "",
    "entryType": "駐車場・バス停（林道・車道を経由して登山道へ）",
    "trailKmToSummit": "飯縄山:4.7km",
    "related": "PK-w1381632848(0m) PK-w1226364517(156m) PK-w1226380209(232m) BS-kP11-22-20-bs696(195m) BS-kP11-22-20-bs717(263m) BS-kP11-22-20-bs733(524m)",
    "attributes": "",
    "status": "provisional",
    "accuracyM": 15,
    "needsReview": "林道からの入口（マイカー進入可否を要確認）、公式情報または2情報源での確認が必要",
    "sources": "OpenStreetMap（© OpenStreetMap contributors, ODbL 1.0）Geofabrik japan-latest.osm.pbf 2026-09-18T20:21:10Z way/1381632848 ｜ OpenStreetMap（© OpenStreetMap contributors, ODbL 1.0）Geofabrik japan-latest.osm.pbf 2026-09-18T20:21:10Z node/1465160848（登山道と道路の接続点）",
    "verifiedAt": ""
   }
  },
  {
   "type": "Feature",
   "geometry": {
    "type": "Point",
    "coordinates": [
     138.9094527,
     35.4351296
    ]
   },
   "properties": {
    "id": "TH-w168737682",
    "kind": "trailhead",
    "name": "第二駐車場",
    "datum": "WGS84",
    "mountainIds": "451",
    "mountainNames": "御正体山",
    "lists": "日本二百名山|日本三百名山|甲信越百名山",
    "routes": "",
    "entryType": "駐車場・バス停（林道・車道を経由して登山道へ）",
    "trailKmToSummit": "御正体山:8.42km",
    "related": "PK-w168737682(0m) PK-n6416220883(81m) PK-w168737676(102m) BS-kP11-22-19-bs3073(44m) BS-kP11-22-19-bs3073(44m) BS-kP11-22-19-bs3079(218m)",
    "attributes": "OSM登山ルート: 石割山ハイキングコース",
    "status": "provisional",
    "accuracyM": 15,
    "needsReview": "林道からの入口（マイカー進入可否を要確認）、公式情報または2情報源での確認が必要",
    "sources": "OpenStreetMap（© OpenStreetMap contributors, ODbL 1.0）Geofabrik japan-latest.osm.pbf 2026-09-18T20:21:10Z way/168737682 ｜ OpenStreetMap（© OpenStreetMap contributors, ODbL 1.0）Geofabrik japan-latest.osm.pbf 2026-09-18T20:21:10Z node/1863870891（登山道と道路の接続点）",
    "verifiedAt": ""
   }
  },
  {
   "type": "Feature",
   "geometry": {
    "type": "Point",
    "coordinates": [
     138.7294502,
     36.843236
    ]
   },
   "properties": {
    "id": "TH-w203603477",
    "kind": "trailhead",
    "name": "田代第1高速リフト",
    "datum": "WGS84",
    "mountainIds": "231 246",
    "mountainNames": "苗場山、佐武流山",
    "lists": "日本百名山|日本二百名山|日本三百名山|甲信越百名山",
    "routes": "",
    "entryType": "索道駅（ロープウェイ・ゴンドラ）",
    "trailKmToSummit": "苗場山:5.03km 佐武流山:16.04km",
    "related": "",
    "attributes": "",
    "status": "provisional",
    "accuracyM": 15,
    "needsReview": "公式情報または2情報源での確認が必要",
    "sources": "OpenStreetMap（© OpenStreetMap contributors, ODbL 1.0）Geofabrik japan-latest.osm.pbf 2026-09-18T20:21:10Z way/203603477（索道の端点 node/2136146040）",
    "verifiedAt": ""
   }
  },
  {
   "type": "Feature",
   "geometry": {
    "type": "Point",
    "coordinates": [
     138.7394058,
     36.8525348
    ]
   },
   "properties": {
    "id": "TH-w203603477-2",
    "kind": "trailhead",
    "name": "田代第1高速リフト",
    "datum": "WGS84",
    "mountainIds": "231",
    "mountainNames": "苗場山",
    "lists": "日本百名山|日本二百名山|日本三百名山|甲信越百名山",
    "routes": "",
    "entryType": "索道駅（ロープウェイ・ゴンドラ）",
    "trailKmToSummit": "苗場山:6.11km",
    "related": "",
    "attributes": "",
    "status": "provisional",
    "accuracyM": 15,
    "needsReview": "公式情報または2情報源での確認が必要",
    "sources": "OpenStreetMap（© OpenStreetMap contributors, ODbL 1.0）Geofabrik japan-latest.osm.pbf 2026-09-18T20:21:10Z way/203603477（索道の端点 node/2136146038）",
    "verifiedAt": ""
   }
  },
  {
   "type": "Feature",
   "geometry": {
    "type": "Point",
    "coordinates": [
     138.73185,
     36.8525371
    ]
   },
   "properties": {
    "id": "TH-w203603481",
    "kind": "trailhead",
    "name": "田代第6ロマンスリフト",
    "datum": "WGS84",
    "mountainIds": "231",
    "mountainNames": "苗場山",
    "lists": "日本百名山|日本二百名山|日本三百名山|甲信越百名山",
    "routes": "",
    "entryType": "索道駅（ロープウェイ・ゴンドラ）",
    "trailKmToSummit": "苗場山:5.56km",
    "related": "",
    "attributes": "",
    "status": "provisional",
    "accuracyM": 15,
    "needsReview": "林道からの入口（マイカー進入可否を要確認）、公式情報または2情報源での確認が必要",
    "sources": "OpenStreetMap（© OpenStreetMap contributors, ODbL 1.0）Geofabrik japan-latest.osm.pbf 2026-09-18T20:21:10Z way/203603481（索道の端点 node/2136146027）",
    "verifiedAt": ""
   }
  },
  {
   "type": "Feature",
   "geometry": {
    "type": "Point",
    "coordinates": [
     138.4027954,
     36.5747953
    ]
   },
   "properties": {
    "id": "TH-w232347041",
    "kind": "trailhead",
    "name": "米子大瀑布駐車場（四阿山・浦倉山登山口）",
    "datum": "WGS84",
    "mountainIds": "277",
    "mountainNames": "四阿山",
    "lists": "日本百名山|日本二百名山|日本三百名山|甲信越百名山",
    "routes": "",
    "entryType": "駐車場・バス停（林道・車道を経由して登山道へ）",
    "trailKmToSummit": "四阿山:7.64km",
    "related": "PK-w232347041(0m)",
    "attributes": "",
    "status": "adopted",
    "accuracyM": 15,
    "needsReview": "近くの道路にゲートあり（車両通行止め・季節閉鎖の可能性）、長野県の山のグレーディング（2026年）に「米子大瀑布駐車場登山口」（須坂市、浦倉山・四阿山）が載っている（長野県）、長野県登山安全条例により、指定登山道では登山計画書の提出が必要（長野県）",
    "sources": "OpenStreetMap（© OpenStreetMap contributors, ODbL 1.0）Geofabrik japan-latest.osm.pbf 2026-09-18T20:21:10Z way/232347041 ｜ OpenStreetMap（© OpenStreetMap contributors, ODbL 1.0）Geofabrik japan-latest.osm.pbf 2026-09-18T20:21:10Z node/2407032585（登山道と道路の接続点） ｜ 公式情報: https://www.pref.nagano.lg.jp/kankoki/sangyo/kanko/documents/gradingmap26-b.pdf ｜ 公式情報: https://www.pref.nagano.lg.jp/kankoki/tozanjorei/tozanjorei.html",
    "verifiedAt": "2026-09-20"
   }
  },
  {
   "type": "Feature",
   "geometry": {
    "type": "Point",
    "coordinates": [
     137.7227024,
     36.559765
    ]
   },
   "properties": {
    "id": "TH-w244361104",
    "kind": "trailhead",
    "name": "扇沢駐車場（針ノ木岳・柏原新道方面）",
    "datum": "WGS84",
    "mountainIds": "263 267 273 279",
    "mountainNames": "五竜岳、鹿島槍ヶ岳、爺ヶ岳中峰、針ノ木岳",
    "lists": "日本百名山|日本二百名山|日本三百名山|甲信越百名山",
    "routes": "OSM登山道「柏原新道」、柏原新道コース",
    "entryType": "駐車場・バス停（林道・車道を経由して登山道へ）",
    "trailKmToSummit": "五竜岳:16.06km 鹿島槍ヶ岳:11.47km 爺ヶ岳中峰:6.86km 針ノ木岳:14.38km",
    "related": "PK-w244361104(0m) PK-w1240333859(41m) PK-w244361095(51m) BS-kP11-22-20-bs2536(139m) BS-n6834209693(188m) BS-n2516859449(192m)",
    "attributes": "parking=扇沢有料駐車場 350台・12時間1,000円、扇沢市営第一駐車場（無料）170台、第二駐車場（無料）60台（大町市観光協会）; restriction=連休・旧盆は満車になりやすく、公共交通の利用が案内されている",
    "status": "adopted",
    "accuracyM": 15,
    "needsReview": "林道からの入口（マイカー進入可否を要確認）、扇沢は針ノ木岳・蓮華岳と、柏原新道（爺ヶ岳・鹿島槍ヶ岳方面）の登山口（大町市観光協会）、長野県登山安全条例の指定登山道では登山計画書の提出が必要",
    "sources": "OpenStreetMap（© OpenStreetMap contributors, ODbL 1.0）Geofabrik japan-latest.osm.pbf 2026-09-18T20:21:10Z way/244361104 ｜ OpenStreetMap（© OpenStreetMap contributors, ODbL 1.0）Geofabrik japan-latest.osm.pbf 2026-09-18T20:21:10Z node/1596020186（登山道と道路の接続点） ｜ 公式情報: https://kanko-omachi.gr.jp/parking/ ｜ 公式情報: https://kanko-omachi.gr.jp/spot/tozanguchi6/ ｜ 公式情報: https://www.pref.nagano.lg.jp/kankoki/tozanjorei/tozanjorei.html",
    "verifiedAt": "2026-09-20"
   }
  },
  {
   "type": "Feature",
   "geometry": {
    "type": "Point",
    "coordinates": [
     138.1596866,
     36.1202441
    ]
   },
   "properties": {
    "id": "TH-w305509741",
    "kind": "trailhead",
    "name": "八島湿原駐車場（八島ヶ原湿原入口）",
    "datum": "WGS84",
    "mountainIds": "338",
    "mountainNames": "霧ヶ峰",
    "lists": "日本百名山|日本二百名山|日本三百名山|甲信越百名山",
    "routes": "八島ヶ原湿原〜車山",
    "entryType": "駐車場・バス停（林道・車道を経由して登山道へ）",
    "trailKmToSummit": "霧ヶ峰:5.59km",
    "related": "PK-w305509741(0m) PK-w1256797372(52m) PK-w305509742(65m) BS-kP11-22-20-bs5437(56m)",
    "attributes": "parking=八島駐車場 約70台",
    "status": "adopted",
    "accuracyM": 15,
    "needsReview": "近くの道路にゲートあり（車両通行止め・季節閉鎖の可能性）、林道からの入口（マイカー進入可否を要確認）、八島湿原駐車場はトレッキング・ハイキングの出発点。八島ヶ原湿原は一周約90分で、遊歩道は車山まで続く（諏訪観光協会）、湿原の遊歩道は一周約70分（諏訪観光協会）",
    "sources": "OpenStreetMap（© OpenStreetMap contributors, ODbL 1.0）Geofabrik japan-latest.osm.pbf 2026-09-18T20:21:10Z way/305509741 ｜ OpenStreetMap（© OpenStreetMap contributors, ODbL 1.0）Geofabrik japan-latest.osm.pbf 2026-09-18T20:21:10Z node/5293649328（登山道と道路の接続点） ｜ 公式情報: https://kirigamine.suwakanko.jp/access/ ｜ 公式情報: https://www.kirigamine-vc.jp/manage/wp-content/uploads/information/%E9%A7%90%E8%BB%8A%E5%A0%B4%E5%9C%B0%E5%9B%B3-1.pdf",
    "verifiedAt": "2026-09-20"
   }
  },
  {
   "type": "Feature",
   "geometry": {
    "type": "Point",
    "coordinates": [
     137.8111769,
     36.6615436
    ]
   },
   "properties": {
    "id": "TH-w309911069",
    "kind": "trailhead",
    "name": "高速ペアリフト Line E",
    "datum": "WGS84",
    "mountainIds": "253 260 263 267",
    "mountainNames": "鑓ヶ岳、唐松岳、五竜岳、鹿島槍ヶ岳",
    "lists": "甲信越百名山|日本三百名山|日本百名山|日本二百名山",
    "routes": "",
    "entryType": "索道駅（ロープウェイ・ゴンドラ）",
    "trailKmToSummit": "鑓ヶ岳:15.47km 唐松岳:9.33km 五竜岳:7.21km 鹿島槍ヶ岳:11.68km",
    "related": "",
    "attributes": "",
    "status": "provisional",
    "accuracyM": 15,
    "needsReview": "公式情報または2情報源での確認が必要",
    "sources": "OpenStreetMap（© OpenStreetMap contributors, ODbL 1.0）Geofabrik japan-latest.osm.pbf 2026-09-18T20:21:10Z way/309911069（索道の端点 node/3152446970）",
    "verifiedAt": ""
   }
  },
  {
   "type": "Feature",
   "geometry": {
    "type": "Point",
    "coordinates": [
     137.8145192,
     36.6635096
    ]
   },
   "properties": {
    "id": "TH-w309911071",
    "kind": "trailhead",
    "name": "五竜テレキャビン",
    "datum": "WGS84",
    "mountainIds": "253 260 263 267",
    "mountainNames": "鑓ヶ岳、唐松岳、五竜岳、鹿島槍ヶ岳",
    "lists": "甲信越百名山|日本三百名山|日本百名山|日本二百名山",
    "routes": "遠見尾根コース",
    "entryType": "索道駅（ロープウェイ・ゴンドラ）",
    "trailKmToSummit": "鑓ヶ岳:15.81km 唐松岳:9.68km 五竜岳:7.55km 鹿島槍ヶ岳:12.03km",
    "related": "",
    "attributes": "",
    "status": "provisional",
    "accuracyM": 15,
    "needsReview": "公式情報または2情報源での確認が必要",
    "sources": "OpenStreetMap（© OpenStreetMap contributors, ODbL 1.0）Geofabrik japan-latest.osm.pbf 2026-09-18T20:21:10Z way/309911071（索道の端点 node/3152446974）",
    "verifiedAt": ""
   }
  },
  {
   "type": "Feature",
   "geometry": {
    "type": "Point",
    "coordinates": [
     138.7143543,
     36.8569779
    ]
   },
   "properties": {
    "id": "TH-w337518373",
    "kind": "trailhead",
    "name": "かぐら第5ロマンスリフト",
    "datum": "WGS84",
    "mountainIds": "231 246",
    "mountainNames": "苗場山、佐武流山",
    "lists": "日本百名山|日本二百名山|日本三百名山|甲信越百名山",
    "routes": "OSM登山道「祓川コース」",
    "entryType": "索道駅（ロープウェイ・ゴンドラ）",
    "trailKmToSummit": "苗場山:3.21km 佐武流山:14.23km",
    "related": "",
    "attributes": "",
    "status": "provisional",
    "accuracyM": 15,
    "needsReview": "公式情報または2情報源での確認が必要",
    "sources": "OpenStreetMap（© OpenStreetMap contributors, ODbL 1.0）Geofabrik japan-latest.osm.pbf 2026-09-18T20:21:10Z way/337518373（索道の端点 node/3445962748）",
    "verifiedAt": ""
   }
  },
  {
   "type": "Feature",
   "geometry": {
    "type": "Point",
    "coordinates": [
     138.7181807,
     36.8617676
    ]
   },
   "properties": {
    "id": "TH-w337518373-2",
    "kind": "trailhead",
    "name": "かぐら第5ロマンスリフト",
    "datum": "WGS84",
    "mountainIds": "231 246",
    "mountainNames": "苗場山、佐武流山",
    "lists": "日本百名山|日本二百名山|日本三百名山|甲信越百名山",
    "routes": "OSM登山道「祓川コース」",
    "entryType": "索道駅（ロープウェイ・ゴンドラ）",
    "trailKmToSummit": "苗場山:4.1km 佐武流山:15.11km",
    "related": "",
    "attributes": "",
    "status": "provisional",
    "accuracyM": 15,
    "needsReview": "公式情報または2情報源での確認が必要",
    "sources": "OpenStreetMap（© OpenStreetMap contributors, ODbL 1.0）Geofabrik japan-latest.osm.pbf 2026-09-18T20:21:10Z way/337518373（索道の端点 node/3445962755）",
    "verifiedAt": ""
   }
  },
  {
   "type": "Feature",
   "geometry": {
    "type": "Point",
    "coordinates": [
     137.8136777,
     35.7774162
    ]
   },
   "properties": {
    "id": "TH-w41377981",
    "kind": "trailhead",
    "name": "駒ヶ岳ロープウェイ",
    "datum": "WGS84",
    "mountainIds": "405 389 391 407 411",
    "mountainNames": "空木岳、木曽駒ヶ岳、宝剣岳、南駒ヶ岳、越百山",
    "lists": "日本百名山|日本二百名山|日本三百名山|甲信越百名山|東海の百山",
    "routes": "OSM登山道「千畳敷カール遊歩道」、千畳敷〜空木岳縦走、千畳敷コース",
    "entryType": "索道駅（ロープウェイ・ゴンドラ）",
    "trailKmToSummit": "空木岳:8.83km 木曽駒ヶ岳:1.84km 宝剣岳:0.63km 南駒ヶ岳:11.1km 越百山:13.98km",
    "related": "",
    "attributes": "",
    "status": "adopted",
    "accuracyM": 15,
    "needsReview": "",
    "sources": "OpenStreetMap（© OpenStreetMap contributors, ODbL 1.0）Geofabrik japan-latest.osm.pbf 2026-09-18T20:21:10Z way/41377981（索道の端点 node/506087726） ｜ 国土地理院 地名検索「千畳敷駅」（35.777435, 137.813435、JGD2011、22m差）確認",
    "verifiedAt": ""
   }
  },
  {
   "type": "Feature",
   "geometry": {
    "type": "Point",
    "coordinates": [
     137.8338599,
     35.7678137
    ]
   },
   "properties": {
    "id": "TH-w41377981-2",
    "kind": "trailhead",
    "name": "駒ヶ岳ロープウェイ",
    "datum": "WGS84",
    "mountainIds": "389 391 405 407",
    "mountainNames": "木曽駒ヶ岳、宝剣岳、空木岳、南駒ヶ岳",
    "lists": "日本百名山|日本二百名山|日本三百名山|甲信越百名山|東海の百山",
    "routes": "",
    "entryType": "索道駅（ロープウェイ・ゴンドラ）",
    "trailKmToSummit": "木曽駒ヶ岳:4.24km 宝剣岳:3.09km 空木岳:11.54km 南駒ヶ岳:13.8km",
    "related": "PK-w187913581(72m) BS-kP11-22-20-bs7324(115m) BS-kP11-22-20-bs7325(115m)",
    "attributes": "",
    "status": "provisional",
    "accuracyM": 15,
    "needsReview": "公式情報または2情報源での確認が必要",
    "sources": "OpenStreetMap（© OpenStreetMap contributors, ODbL 1.0）Geofabrik japan-latest.osm.pbf 2026-09-18T20:21:10Z way/41377981（索道の端点 node/506087728）",
    "verifiedAt": ""
   }
  },
  {
   "type": "Feature",
   "geometry": {
    "type": "Point",
    "coordinates": [
     138.1203931,
     36.7464829
    ]
   },
   "properties": {
    "id": "TH-w455535265",
    "kind": "trailhead",
    "name": "第6クワッドリスト",
    "datum": "WGS84",
    "mountainIds": "251",
    "mountainNames": "飯縄山",
    "lists": "日本二百名山|日本三百名山|甲信越百名山",
    "routes": "",
    "entryType": "索道駅（ロープウェイ・ゴンドラ）",
    "trailKmToSummit": "飯縄山:1.51km",
    "related": "",
    "attributes": "",
    "status": "provisional",
    "accuracyM": 15,
    "needsReview": "公式情報または2情報源での確認が必要",
    "sources": "OpenStreetMap（© OpenStreetMap contributors, ODbL 1.0）Geofabrik japan-latest.osm.pbf 2026-09-18T20:21:10Z way/455535265（索道の端点 node/4519275366）",
    "verifiedAt": ""
   }
  },
  {
   "type": "Feature",
   "geometry": {
    "type": "Point",
    "coordinates": [
     138.6000289,
     35.4382013
    ]
   },
   "properties": {
    "id": "TH-w489699133",
    "kind": "trailhead",
    "name": "一般車駐車場",
    "datum": "WGS84",
    "mountainIds": "478",
    "mountainNames": "毛無山",
    "lists": "日本二百名山|日本三百名山|甲信越百名山",
    "routes": "",
    "entryType": "駐車場・バス停（林道・車道を経由して登山道へ）",
    "trailKmToSummit": "毛無山:9.15km",
    "related": "PK-w489699133(0m) PK-w770925376(480m) BS-kP11-22-19-bs3081(542m) BS-kP11-22-19-bs3082(542m)",
    "attributes": "",
    "status": "provisional",
    "accuracyM": 15,
    "needsReview": "林道からの入口（マイカー進入可否を要確認）、公式情報または2情報源での確認が必要",
    "sources": "OpenStreetMap（© OpenStreetMap contributors, ODbL 1.0）Geofabrik japan-latest.osm.pbf 2026-09-18T20:21:10Z way/489699133 ｜ OpenStreetMap（© OpenStreetMap contributors, ODbL 1.0）Geofabrik japan-latest.osm.pbf 2026-09-18T20:21:10Z node/1252499394（登山道と道路の接続点）",
    "verifiedAt": ""
   }
  },
  {
   "type": "Feature",
   "geometry": {
    "type": "Point",
    "coordinates": [
     138.6035996,
     35.4435064
    ]
   },
   "properties": {
    "id": "TH-w489699152",
    "kind": "trailhead",
    "name": "団体・バス駐車場",
    "datum": "WGS84",
    "mountainIds": "478",
    "mountainNames": "毛無山",
    "lists": "日本二百名山|日本三百名山|甲信越百名山",
    "routes": "",
    "entryType": "駐車場・バス停（林道・車道を経由して登山道へ）",
    "trailKmToSummit": "毛無山:10.8km",
    "related": "PK-w489699152(0m) PK-w770925376(194m)",
    "attributes": "",
    "status": "provisional",
    "accuracyM": 15,
    "needsReview": "公式情報または2情報源での確認が必要",
    "sources": "OpenStreetMap（© OpenStreetMap contributors, ODbL 1.0）Geofabrik japan-latest.osm.pbf 2026-09-18T20:21:10Z way/489699152 ｜ OpenStreetMap（© OpenStreetMap contributors, ODbL 1.0）Geofabrik japan-latest.osm.pbf 2026-09-18T20:21:10Z node/1252492965（登山道と道路の接続点）",
    "verifiedAt": ""
   }
  },
  {
   "type": "Feature",
   "geometry": {
    "type": "Point",
    "coordinates": [
     138.728413,
     36.8697573
    ]
   },
   "properties": {
    "id": "TH-w504305350",
    "kind": "trailhead",
    "name": "かぐら第1ロマンス",
    "datum": "WGS84",
    "mountainIds": "231",
    "mountainNames": "苗場山",
    "lists": "日本百名山|日本二百名山|日本三百名山|甲信越百名山",
    "routes": "OSM登山道「祓川コース」、祓川コース",
    "entryType": "索道駅（ロープウェイ・ゴンドラ）",
    "trailKmToSummit": "苗場山:5.65km",
    "related": "",
    "attributes": "",
    "status": "provisional",
    "accuracyM": 15,
    "needsReview": "公式情報または2情報源での確認が必要",
    "sources": "OpenStreetMap（© OpenStreetMap contributors, ODbL 1.0）Geofabrik japan-latest.osm.pbf 2026-09-18T20:21:10Z way/504305350（索道の端点 node/4944771197）",
    "verifiedAt": ""
   }
  },
  {
   "type": "Feature",
   "geometry": {
    "type": "Point",
    "coordinates": [
     138.6418883,
     35.9088607
    ]
   },
   "properties": {
    "id": "TH-w571903209",
    "kind": "trailhead",
    "name": "金峰山荘宿泊者用駐車場",
    "datum": "WGS84",
    "mountainIds": "369 373",
    "mountainNames": "瑞牆山、金峰山",
    "lists": "日本百名山|日本二百名山|日本三百名山|甲信越百名山",
    "routes": "",
    "entryType": "駐車場・バス停（林道・車道を経由して登山道へ）",
    "trailKmToSummit": "瑞牆山:8.24km 金峰山:9.12km",
    "related": "PK-w571903209(0m) PK-w571903211(134m)",
    "attributes": "",
    "status": "provisional",
    "accuracyM": 15,
    "needsReview": "近くの道路にゲートあり（車両通行止め・季節閉鎖の可能性）、公式情報または2情報源での確認が必要",
    "sources": "OpenStreetMap（© OpenStreetMap contributors, ODbL 1.0）Geofabrik japan-latest.osm.pbf 2026-09-18T20:21:10Z way/571903209 ｜ OpenStreetMap（© OpenStreetMap contributors, ODbL 1.0）Geofabrik japan-latest.osm.pbf 2026-09-18T20:21:10Z node/1282507765（登山道と道路の接続点）",
    "verifiedAt": ""
   }
  },
  {
   "type": "Feature",
   "geometry": {
    "type": "Point",
    "coordinates": [
     138.3562508,
     36.5425174
    ]
   },
   "properties": {
    "id": "TH-w610873279",
    "kind": "trailhead",
    "name": "奥ダボス第2トリプルリフト",
    "datum": "WGS84",
    "mountainIds": "277",
    "mountainNames": "四阿山",
    "lists": "日本百名山|日本二百名山|日本三百名山|甲信越百名山",
    "routes": "",
    "entryType": "索道駅（ロープウェイ・ゴンドラ）",
    "trailKmToSummit": "四阿山:8.53km",
    "related": "",
    "attributes": "",
    "status": "provisional",
    "accuracyM": 15,
    "needsReview": "公式情報または2情報源での確認が必要",
    "sources": "OpenStreetMap（© OpenStreetMap contributors, ODbL 1.0）Geofabrik japan-latest.osm.pbf 2026-09-18T20:21:10Z way/610873279（索道の端点 node/5784844507）",
    "verifiedAt": ""
   }
  },
  {
   "type": "Feature",
   "geometry": {
    "type": "Point",
    "coordinates": [
     138.3637854,
     36.5493399
    ]
   },
   "properties": {
    "id": "TH-w610873280",
    "kind": "trailhead",
    "name": "奥ダボス第1トリプルリフト",
    "datum": "WGS84",
    "mountainIds": "277",
    "mountainNames": "四阿山",
    "lists": "日本百名山|日本二百名山|日本三百名山|甲信越百名山",
    "routes": "",
    "entryType": "索道駅（ロープウェイ・ゴンドラ）",
    "trailKmToSummit": "四阿山:9.57km",
    "related": "",
    "attributes": "",
    "status": "provisional",
    "accuracyM": 15,
    "needsReview": "公式情報または2情報源での確認が必要",
    "sources": "OpenStreetMap（© OpenStreetMap contributors, ODbL 1.0）Geofabrik japan-latest.osm.pbf 2026-09-18T20:21:10Z way/610873280（索道の端点 node/5784844510）",
    "verifiedAt": ""
   }
  },
  {
   "type": "Feature",
   "geometry": {
    "type": "Point",
    "coordinates": [
     138.3484955,
     36.5353503
    ]
   },
   "properties": {
    "id": "TH-w610873281",
    "kind": "trailhead",
    "name": "ビートリフト",
    "datum": "WGS84",
    "mountainIds": "277",
    "mountainNames": "四阿山",
    "lists": "日本百名山|日本二百名山|日本三百名山|甲信越百名山",
    "routes": "",
    "entryType": "索道駅（ロープウェイ・ゴンドラ）",
    "trailKmToSummit": "四阿山:7.86km",
    "related": "BS-kP11-22-20-bs2735(622m)",
    "attributes": "",
    "status": "provisional",
    "accuracyM": 15,
    "needsReview": "公式情報または2情報源での確認が必要",
    "sources": "OpenStreetMap（© OpenStreetMap contributors, ODbL 1.0）Geofabrik japan-latest.osm.pbf 2026-09-18T20:21:10Z way/610873281（索道の端点 node/8892565018）",
    "verifiedAt": ""
   }
  },
  {
   "type": "Feature",
   "geometry": {
    "type": "Point",
    "coordinates": [
     138.3532471,
     36.543793
    ]
   },
   "properties": {
    "id": "TH-w610873284",
    "kind": "trailhead",
    "name": "奥ダボス第3ペアリフト",
    "datum": "WGS84",
    "mountainIds": "277",
    "mountainNames": "四阿山",
    "lists": "日本百名山|日本二百名山|日本三百名山|甲信越百名山",
    "routes": "",
    "entryType": "索道駅（ロープウェイ・ゴンドラ）",
    "trailKmToSummit": "四阿山:6.82km",
    "related": "",
    "attributes": "",
    "status": "provisional",
    "accuracyM": 15,
    "needsReview": "公式情報または2情報源での確認が必要",
    "sources": "OpenStreetMap（© OpenStreetMap contributors, ODbL 1.0）Geofabrik japan-latest.osm.pbf 2026-09-18T20:21:10Z way/610873284（索道の端点 node/5784844518）",
    "verifiedAt": ""
   }
  },
  {
   "type": "Feature",
   "geometry": {
    "type": "Point",
    "coordinates": [
     138.2132477,
     36.099454
    ]
   },
   "properties": {
    "id": "TH-w664581564",
    "kind": "trailhead",
    "name": "P2",
    "datum": "WGS84",
    "mountainIds": "338",
    "mountainNames": "霧ヶ峰",
    "lists": "日本百名山|日本二百名山|日本三百名山|甲信越百名山",
    "routes": "",
    "entryType": "駐車場・バス停（林道・車道を経由して登山道へ）",
    "trailKmToSummit": "霧ヶ峰:2.42km",
    "related": "PK-w664581564(0m) PK-w664581563(120m) PK-w386615325(222m) BS-kP11-22-20-bs5551(178m)",
    "attributes": "",
    "status": "provisional",
    "accuracyM": 15,
    "needsReview": "公式情報または2情報源での確認が必要",
    "sources": "OpenStreetMap（© OpenStreetMap contributors, ODbL 1.0）Geofabrik japan-latest.osm.pbf 2026-09-18T20:21:10Z way/664581564 ｜ OpenStreetMap（© OpenStreetMap contributors, ODbL 1.0）Geofabrik japan-latest.osm.pbf 2026-09-18T20:21:10Z node/1549490341（登山道と道路の接続点）",
    "verifiedAt": ""
   }
  },
  {
   "type": "Feature",
   "geometry": {
    "type": "Point",
    "coordinates": [
     138.2019085,
     36.1367258
    ]
   },
   "properties": {
    "id": "TH-w664629841",
    "kind": "trailhead",
    "name": "P2",
    "datum": "WGS84",
    "mountainIds": "338",
    "mountainNames": "霧ヶ峰",
    "lists": "日本百名山|日本二百名山|日本三百名山|甲信越百名山",
    "routes": "",
    "entryType": "駐車場・バス停（林道・車道を経由して登山道へ）",
    "trailKmToSummit": "霧ヶ峰:5.65km",
    "related": "PK-w664629841(0m)",
    "attributes": "",
    "status": "provisional",
    "accuracyM": 15,
    "needsReview": "林道からの入口（マイカー進入可否を要確認）、公式情報または2情報源での確認が必要",
    "sources": "OpenStreetMap（© OpenStreetMap contributors, ODbL 1.0）Geofabrik japan-latest.osm.pbf 2026-09-18T20:21:10Z way/664629841 ｜ OpenStreetMap（© OpenStreetMap contributors, ODbL 1.0）Geofabrik japan-latest.osm.pbf 2026-09-18T20:21:10Z node/1558712915（登山道と道路の接続点）",
    "verifiedAt": ""
   }
  },
  {
   "type": "Feature",
   "geometry": {
    "type": "Point",
    "coordinates": [
     137.8053701,
     36.6974059
    ]
   },
   "properties": {
    "id": "TH-w697290292",
    "kind": "trailhead",
    "name": "グラートクワッドリフト",
    "datum": "WGS84",
    "mountainIds": "248 253 260 263 267",
    "mountainNames": "白馬岳、鑓ヶ岳、唐松岳、五竜岳、鹿島槍ヶ岳",
    "lists": "日本百名山|日本二百名山|日本三百名山|甲信越百名山",
    "routes": "",
    "entryType": "索道駅（ロープウェイ・ゴンドラ）",
    "trailKmToSummit": "白馬岳:15.65km 鑓ヶ岳:11.85km 唐松岳:5.72km 五竜岳:9.15km 鹿島槍ヶ岳:13.63km",
    "related": "",
    "attributes": "",
    "status": "provisional",
    "accuracyM": 15,
    "needsReview": "公式情報または2情報源での確認が必要",
    "sources": "OpenStreetMap（© OpenStreetMap contributors, ODbL 1.0）Geofabrik japan-latest.osm.pbf 2026-09-18T20:21:10Z way/697290292（索道の端点 node/6549032698）",
    "verifiedAt": ""
   }
  },
  {
   "type": "Feature",
   "geometry": {
    "type": "Point",
    "coordinates": [
     137.7992746,
     36.6969699
    ]
   },
   "properties": {
    "id": "TH-w697290292-2",
    "kind": "trailhead",
    "name": "グラートクワッドリフト",
    "datum": "WGS84",
    "mountainIds": "248 253 260 263 267",
    "mountainNames": "白馬岳、鑓ヶ岳、唐松岳、五竜岳、鹿島槍ヶ岳",
    "lists": "日本百名山|日本二百名山|日本三百名山|甲信越百名山",
    "routes": "八方尾根（唐松岳経由）コース",
    "entryType": "索道駅（ロープウェイ・ゴンドラ）",
    "trailKmToSummit": "白馬岳:14.91km 鑓ヶ岳:11.12km 唐松岳:4.98km 五竜岳:8.42km 鹿島槍ヶ岳:12.89km",
    "related": "",
    "attributes": "",
    "status": "provisional",
    "accuracyM": 15,
    "needsReview": "公式情報または2情報源での確認が必要",
    "sources": "OpenStreetMap（© OpenStreetMap contributors, ODbL 1.0）Geofabrik japan-latest.osm.pbf 2026-09-18T20:21:10Z way/697290292（索道の端点 node/6549032699）",
    "verifiedAt": ""
   }
  },
  {
   "type": "Feature",
   "geometry": {
    "type": "Point",
    "coordinates": [
     138.7351856,
     36.8776916
    ]
   },
   "properties": {
    "id": "TH-w731032987",
    "kind": "trailhead",
    "name": "町営駐車場",
    "datum": "WGS84",
    "mountainIds": "231",
    "mountainNames": "苗場山",
    "lists": "日本百名山|日本二百名山|日本三百名山|甲信越百名山",
    "routes": "OSM登山道「祓川コース」",
    "entryType": "駐車場・バス停（林道・車道を経由して登山道へ）",
    "trailKmToSummit": "苗場山:6.69km",
    "related": "PK-w731032987(0m)",
    "attributes": "",
    "status": "provisional",
    "accuracyM": 15,
    "needsReview": "近くの道路にゲートあり（車両通行止め・季節閉鎖の可能性）、林道からの入口（マイカー進入可否を要確認）、公式情報または2情報源での確認が必要",
    "sources": "OpenStreetMap（© OpenStreetMap contributors, ODbL 1.0）Geofabrik japan-latest.osm.pbf 2026-09-18T20:21:10Z way/731032987 ｜ OpenStreetMap（© OpenStreetMap contributors, ODbL 1.0）Geofabrik japan-latest.osm.pbf 2026-09-18T20:21:10Z node/5630398747（登山道と道路の接続点）",
    "verifiedAt": ""
   }
  },
  {
   "type": "Feature",
   "geometry": {
    "type": "Point",
    "coordinates": [
     138.3622222,
     35.6330665
    ]
   },
   "properties": {
    "id": "TH-w759535278",
    "kind": "trailhead",
    "name": "市営第二駐車場",
    "datum": "WGS84",
    "mountainIds": "427",
    "mountainNames": "櫛形山",
    "lists": "日本二百名山|日本三百名山|甲信越百名山",
    "routes": "",
    "entryType": "駐車場・バス停（林道・車道を経由して登山道へ）",
    "trailKmToSummit": "櫛形山:6.15km",
    "related": "PK-w759535278(0m) PK-w759535281(146m) PK-w684803803(335m) BS-n4180096095(42m)",
    "attributes": "",
    "status": "provisional",
    "accuracyM": 15,
    "needsReview": "近くの道路にゲートあり（車両通行止め・季節閉鎖の可能性）、林道からの入口（マイカー進入可否を要確認）、公式情報または2情報源での確認が必要",
    "sources": "OpenStreetMap（© OpenStreetMap contributors, ODbL 1.0）Geofabrik japan-latest.osm.pbf 2026-09-18T20:21:10Z way/759535278 ｜ OpenStreetMap（© OpenStreetMap contributors, ODbL 1.0）Geofabrik japan-latest.osm.pbf 2026-09-18T20:21:10Z node/2352211840（登山道と道路の接続点）",
    "verifiedAt": ""
   }
  },
  {
   "type": "Feature",
   "geometry": {
    "type": "Point",
    "coordinates": [
     138.7463117,
     35.5235732
    ]
   },
   "properties": {
    "id": "TH-w829101191",
    "kind": "trailhead",
    "name": "大石公園 無料駐車場",
    "datum": "WGS84",
    "mountainIds": "434",
    "mountainNames": "黒岳",
    "lists": "日本三百名山|甲信越百名山",
    "routes": "",
    "entryType": "駐車場・バス停（林道・車道を経由して登山道へ）",
    "trailKmToSummit": "黒岳:14.0km",
    "related": "PK-w829101191(0m) PK-w829117231(96m) PK-w829101205(98m) BS-n2290172213(89m) BS-kP11-22-19-bs2541(95m) BS-kP11-22-19-bs2539(105m)",
    "attributes": "",
    "status": "provisional",
    "accuracyM": 15,
    "needsReview": "林道からの入口（マイカー進入可否を要確認）、公式情報または2情報源での確認が必要",
    "sources": "OpenStreetMap（© OpenStreetMap contributors, ODbL 1.0）Geofabrik japan-latest.osm.pbf 2026-09-18T20:21:10Z way/829101191 ｜ OpenStreetMap（© OpenStreetMap contributors, ODbL 1.0）Geofabrik japan-latest.osm.pbf 2026-09-18T20:21:10Z node/1252494557（登山道と道路の接続点）",
    "verifiedAt": ""
   }
  },
  {
   "type": "Feature",
   "geometry": {
    "type": "Point",
    "coordinates": [
     138.6020352,
     35.4608797
    ]
   },
   "properties": {
    "id": "TH-w849065060",
    "kind": "trailhead",
    "name": "本栖湖駐車場",
    "datum": "WGS84",
    "mountainIds": "478",
    "mountainNames": "毛無山",
    "lists": "日本二百名山|日本三百名山|甲信越百名山",
    "routes": "",
    "entryType": "駐車場・バス停（林道・車道を経由して登山道へ）",
    "trailKmToSummit": "毛無山:8.52km",
    "related": "PK-w849065060(0m) PK-w849065066(208m) PK-w1383616406(264m) BS-kP11-22-19-bs2982(299m) BS-n7106597286(312m) BS-kP11-22-19-bs2979(367m)",
    "attributes": "",
    "status": "provisional",
    "accuracyM": 15,
    "needsReview": "林道からの入口（マイカー進入可否を要確認）、公式情報または2情報源での確認が必要",
    "sources": "OpenStreetMap（© OpenStreetMap contributors, ODbL 1.0）Geofabrik japan-latest.osm.pbf 2026-09-18T20:21:10Z way/849065060 ｜ OpenStreetMap（© OpenStreetMap contributors, ODbL 1.0）Geofabrik japan-latest.osm.pbf 2026-09-18T20:21:10Z node/9576361898（登山道と道路の接続点）",
    "verifiedAt": ""
   }
  },
  {
   "type": "Feature",
   "geometry": {
    "type": "Point",
    "coordinates": [
     138.4299168,
     36.5628902
    ]
   },
   "properties": {
    "id": "TH-w92183472",
    "kind": "trailhead",
    "name": "パルキャビン",
    "datum": "WGS84",
    "mountainIds": "277",
    "mountainNames": "四阿山",
    "lists": "日本百名山|日本二百名山|日本三百名山|甲信越百名山",
    "routes": "",
    "entryType": "索道駅（ロープウェイ・ゴンドラ）",
    "trailKmToSummit": "四阿山:3.4km",
    "related": "",
    "attributes": "",
    "status": "provisional",
    "accuracyM": 15,
    "needsReview": "公式情報または2情報源での確認が必要",
    "sources": "OpenStreetMap（© OpenStreetMap contributors, ODbL 1.0）Geofabrik japan-latest.osm.pbf 2026-09-18T20:21:10Z way/92183472（索道の端点 node/1070117216）",
    "verifiedAt": ""
   }
  },
  {
   "type": "Feature",
   "geometry": {
    "type": "Point",
    "coordinates": [
     139.14576,
     37.57968
    ]
   },
   "properties": {
    "id": "TH-w957420554",
    "kind": "trailhead",
    "name": "第二貯水池登山口（粟ヶ岳）",
    "datum": "WGS84",
    "mountainIds": "186",
    "mountainNames": "粟ヶ岳",
    "lists": "日本三百名山",
    "routes": "第二貯水池コース",
    "entryType": "公式情報による登山口",
    "trailKmToSummit": "",
    "related": "",
    "attributes": "course=粟ヶ岳（第二貯水池登山口）は往復で体力度3・技術的難易度C、コースタイム5.0時間、距離11.5km、登り下りとも累積1,260m、起点の標高157m、粟ヶ岳1,292m（新潟県 山のグレーディング）",
    "status": "adopted",
    "accuracyM": 15,
    "needsReview": "新潟県のグレーディングの問い合わせ先は加茂市（新潟県）",
    "sources": "OSM way/957420554（駐車場）。国土地理院 標高API 152.8mで、新潟県 山のグレーディングの起点標高157mと一致。地理院地図の注記「水源池」（37.579092, 139.144742）から111m 2026-09-23確認 ｜ 公式情報: https://www.pref.niigata.lg.jp/site/opendata/1356812341916.html ｜ 公式情報: https://www.pref.niigata.lg.jp/uploaded/attachment/505142.pdf",
    "verifiedAt": "2026-09-23"
   }
  },
  {
   "type": "Feature",
   "geometry": {
    "type": "Point",
    "coordinates": [
     137.9670336,
     35.3362291
    ]
   },
   "properties": {
    "id": "TH-w958991575",
    "kind": "trailhead",
    "name": "池口岳登山口（避難小屋）",
    "datum": "WGS84",
    "mountainIds": "501 505",
    "mountainNames": "光岳、池口岳",
    "lists": "日本百名山|日本二百名山|日本三百名山|甲信越百名山",
    "routes": "",
    "entryType": "登山口（OSMの登山口地物）",
    "trailKmToSummit": "光岳:13.7km 池口岳:7.93km",
    "related": "PK-w958991574(184m)",
    "attributes": "",
    "status": "adopted",
    "accuracyM": 15,
    "needsReview": "長野県の山のグレーディング（2026年）に「池口岳登山口」（飯田市、池口岳）が載っている（長野県）、長野県登山安全条例により、指定登山道では登山計画書の提出が必要（長野県）",
    "sources": "OpenStreetMap（© OpenStreetMap contributors, ODbL 1.0）Geofabrik japan-latest.osm.pbf 2026-09-18T20:21:10Z way/958991575 ｜ 公式情報: https://www.pref.nagano.lg.jp/kankoki/sangyo/kanko/documents/gradingmap26-d.pdf ｜ 公式情報: https://www.pref.nagano.lg.jp/kankoki/tozanjorei/tozanjorei.html",
    "verifiedAt": "2026-09-20"
   }
  },
  {
   "type": "Feature",
   "geometry": {
    "type": "Point",
    "coordinates": [
     138.7244187,
     35.511809
    ]
   },
   "properties": {
    "id": "TH-w970892820",
    "kind": "trailhead",
    "name": "河口湖漁協 八杭 無料駐車場",
    "datum": "WGS84",
    "mountainIds": "434",
    "mountainNames": "黒岳",
    "lists": "日本三百名山|甲信越百名山",
    "routes": "",
    "entryType": "駐車場・バス停（林道・車道を経由して登山道へ）",
    "trailKmToSummit": "黒岳:12.35km",
    "related": "PK-w970892820(0m) BS-n5923992091(950m)",
    "attributes": "",
    "status": "provisional",
    "accuracyM": 15,
    "needsReview": "公式情報または2情報源での確認が必要",
    "sources": "OpenStreetMap（© OpenStreetMap contributors, ODbL 1.0）Geofabrik japan-latest.osm.pbf 2026-09-18T20:21:10Z way/970892820 ｜ OpenStreetMap（© OpenStreetMap contributors, ODbL 1.0）Geofabrik japan-latest.osm.pbf 2026-09-18T20:21:10Z node/1252511956（登山道と道路の接続点）",
    "verifiedAt": ""
   }
  }
 ]
}