id,kind,name,lat,lon,datum,mountainIds,mountainNames,lists,routes,entryType,trailKmToSummit,related,attributes,status,accuracyM,needsReview,sources,verifiedAt
BS-kP11-22-07-bs5360,bus_stop,尾瀬沼山峠,36.9478927,139.3344743,WGS84,220 228,燧ヶ岳、鬼怒沼山,日本百名山|日本二百名山|日本三百名山|東北百名山|関東百名山,,,,TH-n1234430032(10m),operator=会津乗合自動車（株）; busType=民間路線バス; busRoutes=中山峠・尾瀬線 / 尾瀬沼山峠～尾瀬口船着場線,adopted,10,運行状況（季節運行・休止・予約制）を要確認,"国土数値情報（バス停留所データ）令和4年度（国土交通省）P11-22-07-bs5360（36.947893, 139.334474、JGD2011）を加工して作成 ｜ OpenStreetMap（© OpenStreetMap contributors, ODbL 1.0）Geofabrik japan-latest.osm.pbf 2026-09-23T20:22:04Z node/8861615417",
BS-kP11-22-08-bs1,bus_stop,蛇穴,36.8963658,140.2692587,WGS84,221,八溝山,日本三百名山|関東百名山,,,,TH-ksj-P11-22-08-bs1(0m),operator=茨城交通（株）; busType=民間路線バス; busRoutes=大子駅～池田中～蛇穴 / 大子駅前～蛇穴,adopted,10,運行状況（季節運行・休止・予約制）を要確認,"国土数値情報（バス停留所データ）令和4年度（国土交通省）P11-22-08-bs1（36.896366, 140.269259、JGD2011）を加工して作成 ｜ OpenStreetMap（© OpenStreetMap contributors, ODbL 1.0）Geofabrik japan-latest.osm.pbf 2026-09-23T20:22:04Z node/7524769295",
BS-kP11-22-08-bs2,bus_stop,蛇穴下,36.8932172,140.2742877,WGS84,221,八溝山,日本三百名山|関東百名山,,,,TH-ksj-P11-22-08-bs1(567m),operator=茨城交通（株）; busType=民間路線バス; busRoutes=大子駅～池田中～蛇穴 / 大子駅前～蛇穴,adopted,10,運行状況（季節運行・休止・予約制）を要確認,"国土数値情報（バス停留所データ）令和4年度（国土交通省）P11-22-08-bs2（36.893217, 140.274288、JGD2011）を加工して作成 ｜ OpenStreetMap（© OpenStreetMap contributors, ODbL 1.0）Geofabrik japan-latest.osm.pbf 2026-09-23T20:22:04Z node/7524769293",
BS-kP11-22-08-bs3132,bus_stop,大増,36.3085871,140.1767621,WGS84,310,吾国山,関東百名山,,,,TH-n2088013695(455m) TH-n2088014494(459m),operator=関鉄グリーンバス（株）; busType=民間路線バス; busRoutes=羽鳥駅～園部～板敷山前,adopted,10,運行状況（季節運行・休止・予約制）を要確認,"国土数値情報（バス停留所データ）令和4年度（国土交通省）P11-22-08-bs3132（36.308587, 140.176762、JGD2011）を加工して作成 ｜ OpenStreetMap（© OpenStreetMap contributors, ODbL 1.0）Geofabrik japan-latest.osm.pbf 2026-09-23T20:22:04Z node/11406251877",
BS-kP11-22-08-bs3143,bus_stop,大増下宿,36.3054948,140.1775686,WGS84,310,吾国山,関東百名山,,,,TH-n2088013695(252m) TH-n2088014494(546m),operator=関鉄グリーンバス（株）; busType=民間路線バス; busRoutes=羽鳥駅～園部～板敷山前,adopted,10,運行状況（季節運行・休止・予約制）を要確認,"国土数値情報（バス停留所データ）令和4年度（国土交通省）P11-22-08-bs3143（36.305495, 140.177569、JGD2011）を加工して作成 ｜ OpenStreetMap（© OpenStreetMap contributors, ODbL 1.0）Geofabrik japan-latest.osm.pbf 2026-09-23T20:22:04Z node/11406251880",
BS-kP11-22-08-bs3151,bus_stop,十日橋,36.3040966,140.1780811,WGS84,310,吾国山,関東百名山,,,,TH-n2088013695(271m) TH-n2088014494(639m),operator=関鉄グリーンバス（株）; busType=民間路線バス; busRoutes=羽鳥駅～園部～板敷山前,adopted,10,運行状況（季節運行・休止・予約制）を要確認、登山口から離れている（徒歩アプローチを要確認）,"国土数値情報（バス停留所データ）令和4年度（国土交通省）P11-22-08-bs3151（36.304097, 140.178081、JGD2011）を加工して作成 ｜ OpenStreetMap（© OpenStreetMap contributors, ODbL 1.0）Geofabrik japan-latest.osm.pbf 2026-09-23T20:22:04Z node/11406251881",
BS-kP11-22-08-bs3160,bus_stop,金ケ沢,36.3013657,140.1810134,WGS84,310,吾国山,関東百名山,,,,TH-kP11-22-08-bs3170(483m),operator=関鉄グリーンバス（株）; busType=民間路線バス; busRoutes=羽鳥駅～園部～板敷山前,adopted,10,運行状況（季節運行・休止・予約制）を要確認,"国土数値情報（バス停留所データ）令和4年度（国土交通省）P11-22-08-bs3160（36.301366, 140.181013、JGD2011）を加工して作成 ｜ OpenStreetMap（© OpenStreetMap contributors, ODbL 1.0）Geofabrik japan-latest.osm.pbf 2026-09-23T20:22:04Z node/11406251901",
BS-kP11-22-08-bs3170,bus_stop,小見坂上,36.2992553,140.1857277,WGS84,310,吾国山,関東百名山,,,,TH-kP11-22-08-bs3170(0m) TH-n2088012191(416m),operator=関鉄グリーンバス（株）; busType=民間路線バス; busRoutes=羽鳥駅～園部～板敷山前,adopted,10,運行状況（季節運行・休止・予約制）を要確認,"国土数値情報（バス停留所データ）令和4年度（国土交通省）P11-22-08-bs3170（36.299255, 140.185728、JGD2011）を加工して作成 ｜ OpenStreetMap（© OpenStreetMap contributors, ODbL 1.0）Geofabrik japan-latest.osm.pbf 2026-09-23T20:22:04Z node/11406251929",
BS-kP11-22-08-bs3178,bus_stop,恋瀬小学校前,36.2975794,140.1901023,WGS84,310,吾国山,関東百名山,,,,TH-kP11-22-08-bs3170(434m) TH-kP11-22-08-bs3178(0m) TH-n2088012191(363m),operator=関鉄グリーンバス（株）; busType=民間路線バス; busRoutes=羽鳥駅～園部～板敷山前,adopted,10,運行状況（季節運行・休止・予約制）を要確認,"国土数値情報（バス停留所データ）令和4年度（国土交通省）P11-22-08-bs3178（36.297579, 140.190102、JGD2011）を加工して作成 ｜ OpenStreetMap（© OpenStreetMap contributors, ODbL 1.0）Geofabrik japan-latest.osm.pbf 2026-09-23T20:22:04Z node/11406251935",
BS-kP11-22-08-bs3182,bus_stop,小見,36.2967193,140.1916585,WGS84,310,吾国山,関東百名山,,,,TH-kP11-22-08-bs3178(169m) TH-kP11-22-08-bs3178(169m) TH-n2088012191(483m),operator=関鉄グリーンバス（株）; busType=民間路線バス; busRoutes=羽鳥駅～園部～板敷山前,adopted,10,運行状況（季節運行・休止・予約制）を要確認,"国土数値情報（バス停留所データ）令和4年度（国土交通省）P11-22-08-bs3182（36.296719, 140.191659、JGD2011）を加工して作成 ｜ OpenStreetMap（© OpenStreetMap contributors, ODbL 1.0）Geofabrik japan-latest.osm.pbf 2026-09-23T20:22:04Z node/11406251937",
BS-kP11-22-08-bs3203,bus_stop,長岡,36.2914062,140.1104701,WGS84,314,加波山,関東百名山,,,,TH-gsi-kabasan-makabe(746m) TH-gsi-kabasan-makabe(746m),operator=桜川市; busType=コミュニティバス; busRoutes=桜川市バス「ヤマザクラGO」,adopted,10,運行状況（季節運行・休止・予約制）を要確認、登山口から離れている（徒歩アプローチを要確認）,"国土数値情報（バス停留所データ）令和4年度（国土交通省）P11-22-08-bs3203（36.291406, 140.110470、JGD2011）を加工して作成 ｜ OpenStreetMap（© OpenStreetMap contributors, ODbL 1.0）Geofabrik japan-latest.osm.pbf 2026-09-23T20:22:04Z node/6255185149",
BS-kP11-22-08-bs3483,bus_stop,つつじケ丘,36.2194971,140.1188009,WGS84,326,筑波山,日本百名山|日本二百名山|日本三百名山|関東百名山,,,,TH-n389746306(35m),operator=関東鉄道（株）; busType=民間路線バス; busRoutes=つくばセンター～筑波山神社入口～つつじヶ丘【筑波山シャトル】,adopted,10,運行状況（季節運行・休止・予約制）を要確認,"国土数値情報（バス停留所データ）令和4年度（国土交通省）P11-22-08-bs3483（36.219497, 140.118801、JGD2011）を加工して作成 ｜ OpenStreetMap（© OpenStreetMap contributors, ODbL 1.0）Geofabrik japan-latest.osm.pbf 2026-09-23T20:22:04Z node/5645854431",
BS-kP11-22-08-bs3504,bus_stop,筑波山神社入口,36.2123369,140.0958866,WGS84,326,筑波山,日本百名山|日本二百名山|日本三百名山|関東百名山,,,,TH-n4195411716(490m) TH-w34014835(455m) TH-w34014835(455m),operator=関東鉄道（株）; busType=民間路線バス; busRoutes=つくばセンター～筑波山神社入口～つつじヶ丘【筑波山シャトル】,adopted,10,運行状況（季節運行・休止・予約制）を要確認,"国土数値情報（バス停留所データ）令和4年度（国土交通省）P11-22-08-bs3504（36.212337, 140.095887、JGD2011）を加工して作成 ｜ OpenStreetMap（© OpenStreetMap contributors, ODbL 1.0）Geofabrik japan-latest.osm.pbf 2026-09-23T20:22:04Z node/5645854429",
BS-kP11-22-08-bs3506,bus_stop,筑波山郵便局入口,36.2116424,140.1000624,WGS84,326,筑波山,日本百名山|日本二百名山|日本三百名山|関東百名山,,,,TH-n4195411716(144m) TH-w34014835(327m),operator=つくば市; busType=コミュニティバス; busRoutes=つくばね号,adopted,10,運行状況（季節運行・休止・予約制）を要確認,"国土数値情報（バス停留所データ）令和4年度（国土交通省）P11-22-08-bs3506（36.211642, 140.100062、JGD2011）を加工して作成",
BS-kP11-22-08-bs3509,bus_stop,東山入口,36.210932,140.103946,WGS84,326,筑波山,日本百名山|日本二百名山|日本三百名山|関東百名山,,,,TH-n4195411716(286m),operator=つくば市; busType=コミュニティバス; busRoutes=つくばね号,adopted,10,運行状況（季節運行・休止・予約制）を要確認,"国土数値情報（バス停留所データ）令和4年度（国土交通省）P11-22-08-bs3509（36.210932, 140.103946、JGD2011）を加工して作成",
BS-kP11-22-08-bs411,bus_stop,清水入口バイパス口,36.7114744,140.5036043,WGS84,255,竪破山,関東百名山,,,,TH-n2348845984(90m) TH-n2348845984(90m),operator=茨城交通（株）; busType=民間路線バス; busRoutes=下幡～漆平 / 総合福祉会館～ぬく森の湯～漆平 / 総合福祉会館～森湯～つりぼり,adopted,10,運行状況（季節運行・休止・予約制）を要確認,"国土数値情報（バス停留所データ）令和4年度（国土交通省）P11-22-08-bs411（36.711474, 140.503604、JGD2011）を加工して作成 ｜ OpenStreetMap（© OpenStreetMap contributors, ODbL 1.0）Geofabrik japan-latest.osm.pbf 2026-09-23T20:22:04Z node/7574221200",
BS-kP11-22-08-bs422,bus_stop,清水入口,36.7082338,140.5068096,WGS84,255,竪破山,関東百名山,,,,TH-n2348845984(484m),operator=茨城交通（株）; busType=民間路線バス; busRoutes=小中車庫～森の湯～町屋～太田営 / 小中車庫～分庁舎～太田営業所 / 太田営業所～若駒つりぼり,adopted,10,運行状況（季節運行・休止・予約制）を要確認,"国土数値情報（バス停留所データ）令和4年度（国土交通省）P11-22-08-bs422（36.708234, 140.506810、JGD2011）を加工して作成 ｜ OpenStreetMap（© OpenStreetMap contributors, ODbL 1.0）Geofabrik japan-latest.osm.pbf 2026-09-23T20:22:04Z node/7572448779",
BS-kP11-22-08-bs440,bus_stop,賀美診療所,36.6991994,140.5137076,WGS84,255,竪破山,関東百名山,,,,TH-n7572489121(18m) TH-n7572489121(18m),operator=茨城交通（株）; busType=民間路線バス; busRoutes=下幡～漆平 / 小中車庫～森の湯～町屋～太田営 / 小中車庫～分庁舎～太田営業所,adopted,10,運行状況（季節運行・休止・予約制）を要確認,"国土数値情報（バス停留所データ）令和4年度（国土交通省）P11-22-08-bs440（36.699199, 140.513708、JGD2011）を加工して作成 ｜ OpenStreetMap（© OpenStreetMap contributors, ODbL 1.0）Geofabrik japan-latest.osm.pbf 2026-09-23T20:22:04Z node/7572489121",
BS-kP11-22-08-bs442,bus_stop,上原,36.6978501,140.5136502,WGS84,255,竪破山,関東百名山,,,,TH-n7572489121(165m),operator=茨城交通（株）; busType=民間路線バス; busRoutes=下幡～漆平 / 小中車庫～森の湯～町屋～太田営 / 小中車庫～分庁舎～太田営業所,adopted,10,運行状況（季節運行・休止・予約制）を要確認,"国土数値情報（バス停留所データ）令和4年度（国土交通省）P11-22-08-bs442（36.697850, 140.513650、JGD2011）を加工して作成 ｜ OpenStreetMap（© OpenStreetMap contributors, ODbL 1.0）Geofabrik japan-latest.osm.pbf 2026-09-23T20:22:04Z node/7572489134",
BS-kP11-22-08-bs451,bus_stop,黒坂（鬼越）,36.6947879,140.5492372,WGS84,255,竪破山,関東百名山,,,,TH-n2347754489(628m),operator=椎名観光バス（株）; busType=民間路線バス; busRoutes=十王駅　⇔　高原（黒坂）線,adopted,10,運行状況（季節運行・休止・予約制）を要確認、登山口から離れている（徒歩アプローチを要確認）,"国土数値情報（バス停留所データ）令和4年度（国土交通省）P11-22-08-bs451（36.694788, 140.549237、JGD2011）を加工して作成",
BS-kP11-22-08-bs467,bus_stop,黒坂,36.6883386,140.5467262,WGS84,255,竪破山,関東百名山,,,,TH-n2347754489(127m),operator=椎名観光バス（株）; busType=民間路線バス; busRoutes=十王駅　⇔　高原（黒坂）線,adopted,10,運行状況（季節運行・休止・予約制）を要確認,"国土数値情報（バス停留所データ）令和4年度（国土交通省）P11-22-08-bs467（36.688339, 140.546726、JGD2011）を加工して作成",
BS-kP11-22-09-bs1343,bus_stop,古峯神社,36.653065,139.5285167,WGS84,265,古峰ヶ原,関東百名山,,,,TH-n1314854382(326m),operator=鹿沼市; busType=コミュニティバス; busRoutes=古峰原線,adopted,10,運行状況（季節運行・休止・予約制）を要確認,"国土数値情報（バス停留所データ）令和4年度（国土交通省）P11-22-09-bs1343（36.653065, 139.528517、JGD2011）を加工して作成 ｜ OpenStreetMap（© OpenStreetMap contributors, ODbL 1.0）Geofabrik japan-latest.osm.pbf 2026-09-23T20:22:04Z node/4405443168",
BS-kP11-22-09-bs1353,bus_stop,松手,36.6487215,139.5360105,WGS84,265,古峰ヶ原,関東百名山,,,,TH-n1314854382(906m) TH-n1314854382(906m),operator=鹿沼市; busType=コミュニティバス; busRoutes=古峰原線,adopted,10,運行状況（季節運行・休止・予約制）を要確認、登山口から離れている（徒歩アプローチを要確認）,"国土数値情報（バス停留所データ）令和4年度（国土交通省）P11-22-09-bs1353（36.648722, 139.536010、JGD2011）を加工して作成 ｜ OpenStreetMap（© OpenStreetMap contributors, ODbL 1.0）Geofabrik japan-latest.osm.pbf 2026-09-23T20:22:04Z node/4405443175",
BS-kP11-22-09-bs150,bus_stop,宮島,36.9812564,139.7930573,WGS84,212,日留賀岳,関東百名山,,,,TH-gsi-hiruga-shirato(938m) TH-gsi-hiruga-shirato(938m),operator=那須塩原市; busType=コミュニティバス; busRoutes=ゆーバス塩原・上三依線,adopted,10,運行状況（季節運行・休止・予約制）を要確認、登山口から離れている（徒歩アプローチを要確認）,"国土数値情報（バス停留所データ）令和4年度（国土交通省）P11-22-09-bs150（36.981256, 139.793057、JGD2011）を加工して作成 ｜ OpenStreetMap（© OpenStreetMap contributors, ODbL 1.0）Geofabrik japan-latest.osm.pbf 2026-09-23T20:22:04Z node/3899532222",
BS-kP11-22-09-bs1512,bus_stop,石裂山,36.6027546,139.6029059,WGS84,271,石裂山,関東百名山,,,,TH-n4586351492(26m) TH-gsi-kasoyama(589m),operator=鹿沼市; busType=コミュニティバス; busRoutes=上久我線,adopted,10,運行状況（季節運行・休止・予約制）を要確認,"国土数値情報（バス停留所データ）令和4年度（国土交通省）P11-22-09-bs1512（36.602755, 139.602906、JGD2011）を加工して作成 ｜ OpenStreetMap（© OpenStreetMap contributors, ODbL 1.0）Geofabrik japan-latest.osm.pbf 2026-09-23T20:22:04Z node/4586351492",
BS-kP11-22-09-bs1563,bus_stop,下五月,36.5936311,139.5636566,WGS84,271,石裂山,関東百名山,,,,TH-kP11-22-09-bs1597(471m) TH-n1314830464(917m),operator=鹿沼市; busType=コミュニティバス; busRoutes=入粟野上五月線,adopted,10,運行状況（季節運行・休止・予約制）を要確認、登山口から離れている（徒歩アプローチを要確認）,"国土数値情報（バス停留所データ）令和4年度（国土交通省）P11-22-09-bs1563（36.593631, 139.563657、JGD2011）を加工して作成 ｜ OpenStreetMap（© OpenStreetMap contributors, ODbL 1.0）Geofabrik japan-latest.osm.pbf 2026-09-23T20:22:04Z node/4450046490",
BS-kP11-22-09-bs1597,bus_stop,橋本,36.5895769,139.5652955,WGS84,271,石裂山,関東百名山,,,,TH-kP11-22-09-bs1597(0m) TH-n1314830464(887m),operator=鹿沼市; busType=コミュニティバス; busRoutes=入粟野上五月線,adopted,10,運行状況（季節運行・休止・予約制）を要確認、登山口から離れている（徒歩アプローチを要確認）,"国土数値情報（バス停留所データ）令和4年度（国土交通省）P11-22-09-bs1597（36.589577, 139.565295、JGD2011）を加工して作成 ｜ OpenStreetMap（© OpenStreetMap contributors, ODbL 1.0）Geofabrik japan-latest.osm.pbf 2026-09-23T20:22:04Z node/4450046468",
BS-kP11-22-09-bs1623,bus_stop,大出,36.5861088,139.5685199,WGS84,271,石裂山,関東百名山,,,,TH-kP11-22-09-bs1597(480m),operator=鹿沼市; busType=コミュニティバス; busRoutes=入粟野上五月線,adopted,10,運行状況（季節運行・休止・予約制）を要確認,"国土数値情報（バス停留所データ）令和4年度（国土交通省）P11-22-09-bs1623（36.586109, 139.568520、JGD2011）を加工して作成 ｜ OpenStreetMap（© OpenStreetMap contributors, ODbL 1.0）Geofabrik japan-latest.osm.pbf 2026-09-23T20:22:04Z node/4450046457",
BS-kP11-22-09-bs1629,bus_stop,尾ざく山神社,36.585324,139.5715385,WGS84,271,石裂山,関東百名山,,,,TH-n1314830464(934m),operator=鹿沼市; busType=コミュニティバス; busRoutes=入粟野上五月線,adopted,10,運行状況（季節運行・休止・予約制）を要確認、登山口から離れている（徒歩アプローチを要確認）,"国土数値情報（バス停留所データ）令和4年度（国土交通省）P11-22-09-bs1629（36.585324, 139.571539、JGD2011）を加工して作成 ｜ OpenStreetMap（© OpenStreetMap contributors, ODbL 1.0）Geofabrik japan-latest.osm.pbf 2026-09-23T20:22:04Z node/4450046461",
BS-kP11-22-09-bs2929,bus_stop,旧松田保育所前,36.3956976,139.4268036,WGS84,302,行道山,関東百名山,,,,TH-n6356255376(351m),operator=足利市; busType=コミュニティバス; busRoutes=松田線,adopted,10,運行状況（季節運行・休止・予約制）を要確認,"国土数値情報（バス停留所データ）令和4年度（国土交通省）P11-22-09-bs2929（36.395698, 139.426804、JGD2011）を加工して作成 ｜ OpenStreetMap（© OpenStreetMap contributors, ODbL 1.0）Geofabrik japan-latest.osm.pbf 2026-09-23T20:22:04Z node/6356255393",
BS-kP11-22-09-bs2945,bus_stop,松田二丁目,36.3928271,139.425054,WGS84,302,行道山,関東百名山,,,,TH-n6356255376(5m) TH-n6356255376(5m),operator=足利市; busType=コミュニティバス; busRoutes=松田線,adopted,10,運行状況（季節運行・休止・予約制）を要確認,"国土数値情報（バス停留所データ）令和4年度（国土交通省）P11-22-09-bs2945（36.392827, 139.425054、JGD2011）を加工して作成 ｜ OpenStreetMap（© OpenStreetMap contributors, ODbL 1.0）Geofabrik japan-latest.osm.pbf 2026-09-23T20:22:04Z node/6356255376",
BS-kP11-22-09-bs2970,bus_stop,三和公民館前,36.3892542,139.4226009,WGS84,302,行道山,関東百名山,,,,TH-n6356255348(13m) TH-n6356255348(13m),operator=足利市; busType=コミュニティバス; busRoutes=松田線,adopted,10,運行状況（季節運行・休止・予約制）を要確認,"国土数値情報（バス停留所データ）令和4年度（国土交通省）P11-22-09-bs2970（36.389254, 139.422601、JGD2011）を加工して作成 ｜ OpenStreetMap（© OpenStreetMap contributors, ODbL 1.0）Geofabrik japan-latest.osm.pbf 2026-09-23T20:22:04Z node/6356255348",
BS-kP11-22-09-bs2992,bus_stop,松田一丁目自治会館前,36.3860345,139.4195003,WGS84,302,行道山,関東百名山,,,,TH-n6356255348(441m),operator=足利市; busType=コミュニティバス; busRoutes=松田線,adopted,10,運行状況（季節運行・休止・予約制）を要確認,"国土数値情報（バス停留所データ）令和4年度（国土交通省）P11-22-09-bs2992（36.386034, 139.419500、JGD2011）を加工して作成 ｜ OpenStreetMap（© OpenStreetMap contributors, ODbL 1.0）Geofabrik japan-latest.osm.pbf 2026-09-23T20:22:04Z node/6356255346",
BS-kP11-22-09-bs3046,bus_stop,行道山,36.37601,139.4503549,WGS84,302,行道山,関東百名山,,,,TH-n2210470345(868m) TH-n13189943608(498m),operator=足利市; busType=コミュニティバス; busRoutes=行道線,adopted,10,運行状況（季節運行・休止・予約制）を要確認、登山口から離れている（徒歩アプローチを要確認）,"国土数値情報（バス停留所データ）令和4年度（国土交通省）P11-22-09-bs3046（36.376010, 139.450355、JGD2011）を加工して作成 ｜ OpenStreetMap（© OpenStreetMap contributors, ODbL 1.0）Geofabrik japan-latest.osm.pbf 2026-09-23T20:22:04Z node/5365706000",
BS-kP11-22-09-bs3055,bus_stop,薬師前,36.3745857,139.450971,WGS84,302,行道山,関東百名山,,,,TH-n2210470345(998m) TH-n13189943608(640m) TH-n13189943608(640m) TH-n2213740718(676m) TH-n2213740718(676m),operator=足利市; busType=コミュニティバス; busRoutes=行道線,adopted,10,運行状況（季節運行・休止・予約制）を要確認、登山口から離れている（徒歩アプローチを要確認）,"国土数値情報（バス停留所データ）令和4年度（国土交通省）P11-22-09-bs3055（36.374586, 139.450971、JGD2011）を加工して作成",
BS-kP11-22-09-bs3089,bus_stop,月谷自然教室前,36.3712567,139.4552117,WGS84,302,行道山,関東百名山,,,,TH-n2213740718(686m),operator=足利市; busType=コミュニティバス; busRoutes=行道線,adopted,10,運行状況（季節運行・休止・予約制）を要確認、登山口から離れている（徒歩アプローチを要確認）,"国土数値情報（バス停留所データ）令和4年度（国土交通省）P11-22-09-bs3089（36.371257, 139.455212、JGD2011）を加工して作成 ｜ OpenStreetMap（© OpenStreetMap contributors, ODbL 1.0）Geofabrik japan-latest.osm.pbf 2026-09-23T20:22:04Z node/5365706019",
BS-kP11-22-09-bs3178,bus_stop,太平山謙信平入口,36.3551432,139.6950424,WGS84,306,晃石山,関東百名山,,,,TH-n4824166875(445m) TH-n2174281788(717m),operator=栃木市; busType=コミュニティバス; busRoutes=12　岩舟線,adopted,10,運行状況（季節運行・休止・予約制）を要確認、登山口から離れている（徒歩アプローチを要確認）,"国土数値情報（バス停留所データ）令和4年度（国土交通省）P11-22-09-bs3178（36.355143, 139.695042、JGD2011）を加工して作成 ｜ OpenStreetMap（© OpenStreetMap contributors, ODbL 1.0）Geofabrik japan-latest.osm.pbf 2026-09-23T20:22:04Z node/4824166865",
BS-kP11-22-09-bs3179,bus_stop,大中寺入口,36.3545696,139.6903937,WGS84,306,晃石山,関東百名山,,,,TH-n4824166875(29m) TH-n4824166875(29m) TH-n4824166915(852m) TH-n2174281788(344m) TH-n2174281788(344m),operator=栃木市; busType=コミュニティバス; busRoutes=12　岩舟線,adopted,10,運行状況（季節運行・休止・予約制）を要確認、登山口から離れている（徒歩アプローチを要確認）,"国土数値情報（バス停留所データ）令和4年度（国土交通省）P11-22-09-bs3179（36.354570, 139.690394、JGD2011）を加工して作成 ｜ OpenStreetMap（© OpenStreetMap contributors, ODbL 1.0）Geofabrik japan-latest.osm.pbf 2026-09-23T20:22:04Z node/4824166875",
BS-kP11-22-09-bs3201,bus_stop,おおひら歴史民俗資料館前,36.3510396,139.6819961,WGS84,306,晃石山,関東百名山,,,,TH-kP11-22-09-bs3229(737m) TH-n4824166915(7m) TH-n2174281347(728m),operator=栃木市; busType=コミュニティバス; busRoutes=12　岩舟線,adopted,10,運行状況（季節運行・休止・予約制）を要確認、登山口から離れている（徒歩アプローチを要確認）,"国土数値情報（バス停留所データ）令和4年度（国土交通省）P11-22-09-bs3201（36.351040, 139.681996、JGD2011）を加工して作成 ｜ OpenStreetMap（© OpenStreetMap contributors, ODbL 1.0）Geofabrik japan-latest.osm.pbf 2026-09-23T20:22:04Z node/4824166915",
BS-kP11-22-09-bs3229,bus_stop,かかしの里東,36.3465707,139.6758955,WGS84,306,晃石山,関東百名山,,,,TH-kP11-22-09-bs3229(0m) TH-n4824166915(735m) TH-n2174281347(822m) TH-n2086527438(883m),operator=栃木市; busType=コミュニティバス; busRoutes=12　岩舟線,adopted,10,運行状況（季節運行・休止・予約制）を要確認、登山口から離れている（徒歩アプローチを要確認）,"国土数値情報（バス停留所データ）令和4年度（国土交通省）P11-22-09-bs3229（36.346571, 139.675896、JGD2011）を加工して作成 ｜ OpenStreetMap（© OpenStreetMap contributors, ODbL 1.0）Geofabrik japan-latest.osm.pbf 2026-09-23T20:22:04Z node/7499864838",
BS-kP11-22-09-bs3265,bus_stop,遊楽々館,36.338358,139.6487059,WGS84,306,晃石山,関東百名山,,,,TH-n4067906042(710m),operator=栃木市; busType=コミュニティバス; busRoutes=9　小野寺線 / 12　岩舟線,adopted,10,運行状況（季節運行・休止・予約制）を要確認、登山口から離れている（徒歩アプローチを要確認）,"国土数値情報（バス停留所データ）令和4年度（国土交通省）P11-22-09-bs3265（36.338358, 139.648706、JGD2011）を加工して作成 ｜ OpenStreetMap（© OpenStreetMap contributors, ODbL 1.0）Geofabrik japan-latest.osm.pbf 2026-09-23T20:22:04Z node/4811313383",
BS-kP11-22-09-bs3354,bus_stop,唐木田精肉店前,36.3249911,139.6378288,WGS84,312,三毳山,関東百名山,,,,TH-n2084615709(606m) TH-n2084615709(606m),operator=栃木市; busType=コミュニティバス; busRoutes=9　小野寺線,adopted,10,運行状況（季節運行・休止・予約制）を要確認、登山口から離れている（徒歩アプローチを要確認）,"国土数値情報（バス停留所データ）令和4年度（国土交通省）P11-22-09-bs3354（36.324991, 139.637829、JGD2011）を加工して作成 ｜ OpenStreetMap（© OpenStreetMap contributors, ODbL 1.0）Geofabrik japan-latest.osm.pbf 2026-09-23T20:22:04Z node/4811455515",
BS-kP11-22-09-bs3388,bus_stop,円仁誕生地入口,36.3222389,139.6380601,WGS84,312,三毳山,関東百名山,,,,TH-n2084615709(608m),operator=栃木市; busType=コミュニティバス; busRoutes=12　岩舟線,adopted,10,運行状況（季節運行・休止・予約制）を要確認、登山口から離れている（徒歩アプローチを要確認）,"国土数値情報（バス停留所データ）令和4年度（国土交通省）P11-22-09-bs3388（36.322239, 139.638060、JGD2011）を加工して作成 ｜ OpenStreetMap（© OpenStreetMap contributors, ODbL 1.0）Geofabrik japan-latest.osm.pbf 2026-09-23T20:22:04Z node/4824852511",
BS-kP11-22-09-bs3468,bus_stop,岩船園前,36.3152395,139.6377418,WGS84,312,三毳山,関東百名山,,,,TH-n2086512890(698m) TH-n2086513132(992m),operator=栃木市; busType=コミュニティバス; busRoutes=12　岩舟線,adopted,10,運行状況（季節運行・休止・予約制）を要確認、登山口から離れている（徒歩アプローチを要確認）,"国土数値情報（バス停留所データ）令和4年度（国土交通省）P11-22-09-bs3468（36.315239, 139.637742、JGD2011）を加工して作成 ｜ OpenStreetMap（© OpenStreetMap contributors, ODbL 1.0）Geofabrik japan-latest.osm.pbf 2026-09-23T20:22:04Z node/4824854841",
BS-kP11-22-09-bs3515,bus_stop,とちぎ花センター前,36.3097184,139.63339,WGS84,312,三毳山,関東百名山,,,,TH-n2086512890(247m) TH-n2086512890(247m) TH-n2086513132(579m) TH-n2086513132(579m),operator=栃木市; busType=コミュニティバス; busRoutes=12　岩舟線,adopted,10,運行状況（季節運行・休止・予約制）を要確認,"国土数値情報（バス停留所データ）令和4年度（国土交通省）P11-22-09-bs3515（36.309718, 139.633390、JGD2011）を加工して作成 ｜ OpenStreetMap（© OpenStreetMap contributors, ODbL 1.0）Geofabrik japan-latest.osm.pbf 2026-09-23T20:22:04Z node/4824854843",
BS-kP11-22-09-bs765,bus_stop,湯元温泉,36.8069181,139.4226885,WGS84,243,日光白根山,日本百名山|日本二百名山|日本三百名山|関東百名山,,,,TH-n4096475623(383m) TH-w1422608873(149m) TH-n1993910490(624m),operator=東武バス日光（株）; busType=民間路線バス; busRoutes=Y・C・H・M・YK・N・HY・SP,adopted,10,運行状況（季節運行・休止・予約制）を要確認、登山口から離れている（徒歩アプローチを要確認）,"国土数値情報（バス停留所データ）令和4年度（国土交通省）P11-22-09-bs765（36.806918, 139.422688、JGD2011）を加工して作成 ｜ OpenStreetMap（© OpenStreetMap contributors, ODbL 1.0）Geofabrik japan-latest.osm.pbf 2026-09-23T20:22:04Z node/2124700460",
BS-kP11-22-09-bs766,bus_stop,湯元温泉,36.8069181,139.4226885,WGS84,243,日光白根山,日本百名山|日本二百名山|日本三百名山|関東百名山,,,,TH-n4096475623(383m) TH-w1422608873(149m) TH-n1993910490(624m),operator=関越交通（株）; busType=民間路線バス; busRoutes=湯元温泉線 / 日光・かたしなエクスプレス号 / 鳩待峠行バス連絡所～湯元温泉線,adopted,10,運行状況（季節運行・休止・予約制）を要確認、登山口から離れている（徒歩アプローチを要確認）,"国土数値情報（バス停留所データ）令和4年度（国土交通省）P11-22-09-bs766（36.806918, 139.422688、JGD2011）を加工して作成",
BS-kP11-22-09-bs767,bus_stop,霧降高原,36.806858,139.5926968,WGS84,240,女峰山,日本二百名山|日本三百名山|関東百名山,,,,TH-n4092072861(54m),operator=東武バス日光（株）; busType=民間路線バス; busRoutes=K,adopted,10,運行状況（季節運行・休止・予約制）を要確認,"国土数値情報（バス停留所データ）令和4年度（国土交通省）P11-22-09-bs767（36.806858, 139.592697、JGD2011）を加工して作成 ｜ OpenStreetMap（© OpenStreetMap contributors, ODbL 1.0）Geofabrik japan-latest.osm.pbf 2026-09-23T20:22:04Z node/4117187195",
BS-kP11-22-09-bs769,bus_stop,湖畔前,36.8048831,139.4254591,WGS84,243,日光白根山,日本百名山|日本二百名山|日本三百名山|関東百名山,,,,TH-n4096475623(511m) TH-w1422608873(208m) TH-n1993910490(917m),operator=東武バス日光（株）; busType=民間路線バス; busRoutes=Y・C・H・M・YK・N・HY・SP,adopted,10,運行状況（季節運行・休止・予約制）を要確認、登山口から離れている（徒歩アプローチを要確認）,"国土数値情報（バス停留所データ）令和4年度（国土交通省）P11-22-09-bs769（36.804883, 139.425459、JGD2011）を加工して作成 ｜ OpenStreetMap（© OpenStreetMap contributors, ODbL 1.0）Geofabrik japan-latest.osm.pbf 2026-09-23T20:22:04Z node/4454970489",
BS-kP11-22-09-bs773,bus_stop,第1駐車場入口,36.802395,139.5942043,WGS84,240,女峰山,日本二百名山|日本三百名山|関東百名山,,,,TH-n4092072861(548m) TH-n4092072861(548m),operator=東武バス日光（株）; busType=民間路線バス; busRoutes=K,adopted,10,運行状況（季節運行・休止・予約制）を要確認,"国土数値情報（バス停留所データ）令和4年度（国土交通省）P11-22-09-bs773（36.802395, 139.594204、JGD2011）を加工して作成 ｜ OpenStreetMap（© OpenStreetMap contributors, ODbL 1.0）Geofabrik japan-latest.osm.pbf 2026-09-23T20:22:04Z node/8950236477",
BS-kP11-22-09-bs778,bus_stop,光徳温泉・日光アストリアホテル,36.7959049,139.4551645,WGS84,237,太郎山,日本三百名山|関東百名山,,,,TH-w1539045487(86m) TH-n4092084371(710m) TH-n14014559291(227m) TH-n14014559337(376m),operator=東武バス日光（株）; busType=民間路線バス; busRoutes=Y・C・H・M・YK・N・HY・SP,adopted,10,運行状況（季節運行・休止・予約制）を要確認、登山口から離れている（徒歩アプローチを要確認）,"国土数値情報（バス停留所データ）令和4年度（国土交通省）P11-22-09-bs778（36.795905, 139.455164、JGD2011）を加工して作成",
BS-kP11-22-09-bs779,bus_stop,光徳温泉日光アストリアホテル,36.7958746,139.4550953,WGS84,237,太郎山,日本三百名山|関東百名山,,,,TH-w1539045487(84m) TH-n4092084371(716m) TH-n14014559291(232m) TH-n14014559337(370m),operator=関越交通（株）; busType=民間路線バス; busRoutes=日光・かたしなエクスプレス号,adopted,10,運行状況（季節運行・休止・予約制）を要確認、登山口から離れている（徒歩アプローチを要確認）,"国土数値情報（バス停留所データ）令和4年度（国土交通省）P11-22-09-bs779（36.795875, 139.455095、JGD2011）を加工して作成 ｜ OpenStreetMap（© OpenStreetMap contributors, ODbL 1.0）Geofabrik japan-latest.osm.pbf 2026-09-23T20:22:04Z node/5595935706",
BS-kP11-22-09-bs781,bus_stop,光徳沼,36.7931591,139.4530347,WGS84,237,太郎山,日本三百名山|関東百名山,,,,TH-w1539045487(386m) TH-n14014559291(476m) TH-n14014559337(20m),operator=東武バス日光（株）; busType=民間路線バス; busRoutes=Y・C・H・M・YK・N・HY・SP,adopted,10,運行状況（季節運行・休止・予約制）を要確認,"国土数値情報（バス停留所データ）令和4年度（国土交通省）P11-22-09-bs781（36.793159, 139.453035、JGD2011）を加工して作成 ｜ OpenStreetMap（© OpenStreetMap contributors, ODbL 1.0）Geofabrik japan-latest.osm.pbf 2026-09-23T20:22:04Z node/9830035012",
BS-kP11-22-09-bs861,bus_stop,大猷院・二荒山神社前,36.7575208,139.5967283,WGS84,240,女峰山,日本二百名山|日本三百名山|関東百名山,,,,TH-n6566210681(165m) TH-n2015053735(362m) TH-n2015053842(856m),operator=東武バス日光（株）; busType=民間路線バス; busRoutes=W（世界遺産めぐりバス） / SL（日光鬼怒川線） / 日光グリーンスローモビリティ,adopted,10,運行状況（季節運行・休止・予約制）を要確認、登山口から離れている（徒歩アプローチを要確認）,"国土数値情報（バス停留所データ）令和4年度（国土交通省）P11-22-09-bs861（36.757521, 139.596728、JGD2011）を加工して作成 ｜ OpenStreetMap（© OpenStreetMap contributors, ODbL 1.0）Geofabrik japan-latest.osm.pbf 2026-09-23T20:22:04Z node/9044582856",
BS-kP11-22-09-bs865,bus_stop,東照宮東参道入口ホテル清晃苑前,36.7562796,139.6021136,WGS84,240,女峰山,日本二百名山|日本三百名山|関東百名山,,,,TH-n2015053735(427m),operator=東武バス日光（株）; busType=民間路線バス; busRoutes=W（世界遺産めぐりバス）,adopted,10,運行状況（季節運行・休止・予約制）を要確認,"国土数値情報（バス停留所データ）令和4年度（国土交通省）P11-22-09-bs865（36.756280, 139.602114、JGD2011）を加工して作成 ｜ OpenStreetMap（© OpenStreetMap contributors, ODbL 1.0）Geofabrik japan-latest.osm.pbf 2026-09-23T20:22:04Z node/4310299593",
BS-kP11-22-09-bs868,bus_stop,日光山輪王寺,36.7557521,139.6010462,WGS84,240,女峰山,日本二百名山|日本三百名山|関東百名山,,,,TH-n2015053735(446m),operator=東武バス日光（株）; busType=民間路線バス; busRoutes=日光グリーンスローモビリティ,adopted,10,運行状況（季節運行・休止・予約制）を要確認,"国土数値情報（バス停留所データ）令和4年度（国土交通省）P11-22-09-bs868（36.755752, 139.601046、JGD2011）を加工して作成",
BS-kP11-22-09-bs872,bus_stop,西参道,36.7544008,139.5962278,WGS84,240,女峰山,日本二百名山|日本三百名山|関東百名山,,,,TH-n6566210681(262m),operator=東武バス日光（株）; busType=民間路線バス; busRoutes=Y・C・H・M・YK・N・HY・SP,adopted,10,運行状況（季節運行・休止・予約制）を要確認,"国土数値情報（バス停留所データ）令和4年度（国土交通省）P11-22-09-bs872（36.754401, 139.596228、JGD2011）を加工して作成 ｜ OpenStreetMap（© OpenStreetMap contributors, ODbL 1.0）Geofabrik japan-latest.osm.pbf 2026-09-23T20:22:04Z node/611557626",
BS-kP11-22-09-bs873,bus_stop,西参道入口,36.7543177,139.5956382,WGS84,240,女峰山,日本二百名山|日本三百名山|関東百名山,,,,TH-n6566210681(259m),operator=東武バス日光（株）; busType=民間路線バス; busRoutes=Y・C・H・M・YK・N・HY・SP / 日光グリーンスローモビリティ,adopted,10,運行状況（季節運行・休止・予約制）を要確認,"国土数値情報（バス停留所データ）令和4年度（国土交通省）P11-22-09-bs873（36.754318, 139.595638、JGD2011）を加工して作成 ｜ OpenStreetMap（© OpenStreetMap contributors, ODbL 1.0）Geofabrik japan-latest.osm.pbf 2026-09-23T20:22:04Z node/2286822253",
BS-kP11-22-09-bs978,bus_stop,二荒山神社中宮祠,36.7409262,139.487056,WGS84,247,男体山,日本百名山|日本二百名山|日本三百名山|関東百名山,,,,TH-n4524687889(12m) TH-n4524687889(12m) TH-n4331627687(996m),operator=東武バス日光（株）; busType=民間路線バス; busRoutes=Y・C・H・M・YK・N・HY・SP,adopted,10,運行状況（季節運行・休止・予約制）を要確認、登山口から離れている（徒歩アプローチを要確認）,"国土数値情報（バス停留所データ）令和4年度（国土交通省）P11-22-09-bs978（36.740926, 139.487056、JGD2011）を加工して作成 ｜ OpenStreetMap（© OpenStreetMap contributors, ODbL 1.0）Geofabrik japan-latest.osm.pbf 2026-09-23T20:22:04Z node/4524687889",
BS-kP11-22-09-bs980,bus_stop,中禅寺郵便局,36.7406188,139.4907007,WGS84,247,男体山,日本百名山|日本二百名山|日本三百名山|関東百名山,,,,TH-n4524687889(318m),operator=東武バス日光（株）; busType=民間路線バス; busRoutes=Y・C・H・M・YK・N・HY・SP,adopted,10,運行状況（季節運行・休止・予約制）を要確認,"国土数値情報（バス停留所データ）令和4年度（国土交通省）P11-22-09-bs980（36.740619, 139.490701、JGD2011）を加工して作成 ｜ OpenStreetMap（© OpenStreetMap contributors, ODbL 1.0）Geofabrik japan-latest.osm.pbf 2026-09-23T20:22:04Z node/9830053788",
BS-kP11-22-10-bs1,bus_stop,鳩待峠,36.8900762,139.2004483,WGS84,220 224 230,燧ヶ岳、至仏山、笠ヶ岳,日本百名山|日本二百名山|日本三百名山|東北百名山|関東百名山,,,,TH-n5312120311(9m) TH-n5312120311(9m),operator=関越交通（株）; busType=民間路線バス; busRoutes=鳩待峠線,adopted,10,運行状況（季節運行・休止・予約制）を要確認,"国土数値情報（バス停留所データ）令和4年度（国土交通省）P11-22-10-bs1（36.890076, 139.200448、JGD2011）を加工して作成 ｜ OpenStreetMap（© OpenStreetMap contributors, ODbL 1.0）Geofabrik japan-latest.osm.pbf 2026-09-23T20:22:04Z node/5912852011",
BS-kP11-22-10-bs1380,bus_stop,榛名高原学校入口,36.4795287,138.8626718,WGS84,284,榛名山,日本二百名山|日本三百名山|関東百名山,,,,TH-n1931511185(270m) TH-n1931511249(550m) TH-gsi-kamonga-take(269m),operator=（株）群馬バス; busType=民間路線バス; busRoutes=伊香保榛名湖線,adopted,10,運行状況（季節運行・休止・予約制）を要確認,"国土数値情報（バス停留所データ）令和4年度（国土交通省）P11-22-10-bs1380（36.479529, 138.862672、JGD2011）を加工して作成",
BS-kP11-22-10-bs1397,bus_stop,吾妻荘前,36.4765143,138.8608032,WGS84,284,榛名山,日本二百名山|日本三百名山|関東百名山,,,,TH-n1931511185(160m) TH-n1931511249(519m) TH-gsi-kamonga-take(158m),operator=（株）群馬バス; busType=民間路線バス; busRoutes=伊香保榛名湖線,adopted,10,運行状況（季節運行・休止・予約制）を要確認,"国土数値情報（バス停留所データ）令和4年度（国土交通省）P11-22-10-bs1397（36.476514, 138.860803、JGD2011）を加工して作成",
BS-kP11-22-10-bs1398,bus_stop,吾妻荘前,36.4765143,138.8608032,WGS84,284,榛名山,日本二百名山|日本三百名山|関東百名山,,,,TH-n1931511185(160m) TH-n1931511249(519m) TH-gsi-kamonga-take(158m),operator=渋川市; busType=コミュニティバス; busRoutes=伊香保BT～榛名湖温泉線,adopted,10,運行状況（季節運行・休止・予約制）を要確認,"国土数値情報（バス停留所データ）令和4年度（国土交通省）P11-22-10-bs1398（36.476514, 138.860803、JGD2011）を加工して作成",
BS-kP11-22-10-bs141,bus_stop,野反湖,36.7196118,138.6429169,WGS84,246 252,佐武流山、白砂山,日本二百名山|日本三百名山|関東百名山,,,,TH-n448044859(84m) TH-n448064483(568m),operator=中之条町; busType=コミュニティバス; busRoutes=花敷温泉野反湖線,adopted,10,運行状況（季節運行・休止・予約制）を要確認,"国土数値情報（バス停留所データ）令和4年度（国土交通省）P11-22-10-bs141（36.719612, 138.642917、JGD2011）を加工して作成",
BS-kP11-22-10-bs1423,bus_stop,湖畔の宿記念公園入口,36.4721689,138.8604335,WGS84,284,榛名山,日本二百名山|日本三百名山|関東百名山,,,,TH-n2916163210(115m) TH-gsi-kohan-suzuri(161m),operator=（株）群馬バス; busType=民間路線バス; busRoutes=伊香保榛名湖線,adopted,10,運行状況（季節運行・休止・予約制）を要確認,"国土数値情報（バス停留所データ）令和4年度（国土交通省）P11-22-10-bs1423（36.472169, 138.860434、JGD2011）を加工して作成",
BS-kP11-22-10-bs1424,bus_stop,湖畔の宿記念公園入口,36.4721689,138.8604335,WGS84,284,榛名山,日本二百名山|日本三百名山|関東百名山,,,,TH-n2916163210(115m) TH-gsi-kohan-suzuri(161m),operator=渋川市; busType=コミュニティバス; busRoutes=伊香保BT～榛名湖温泉線,adopted,10,運行状況（季節運行・休止・予約制）を要確認,"国土数値情報（バス停留所データ）令和4年度（国土交通省）P11-22-10-bs1424（36.472169, 138.860434、JGD2011）を加工して作成",
BS-kP11-22-10-bs1431,bus_stop,木部神社前,36.4709126,138.8611258,WGS84,284,榛名山,日本二百名山|日本三百名山|関東百名山,,,,TH-n2916163210(263m) TH-gsi-kohan-suzuri(312m),operator=（株）群馬バス; busType=民間路線バス; busRoutes=伊香保榛名湖線,adopted,10,運行状況（季節運行・休止・予約制）を要確認,"国土数値情報（バス停留所データ）令和4年度（国土交通省）P11-22-10-bs1431（36.470913, 138.861126、JGD2011）を加工して作成",
BS-kP11-22-10-bs1442,bus_stop,天神峠,36.4701193,138.8593124,WGS84,284,榛名山,日本二百名山|日本三百名山|関東百名山,,,,TH-kP11-22-10-bs1491(830m),operator=（株）群馬バス; busType=民間路線バス; busRoutes=高崎～本郷～榛名湖線,adopted,10,運行状況（季節運行・休止・予約制）を要確認、登山口から離れている（徒歩アプローチを要確認）,"国土数値情報（バス停留所データ）令和4年度（国土交通省）P11-22-10-bs1442（36.470119, 138.859312、JGD2011）を加工して作成 ｜ OpenStreetMap（© OpenStreetMap contributors, ODbL 1.0）Geofabrik japan-latest.osm.pbf 2026-09-23T20:22:04Z node/10132662093",
BS-kP11-22-10-bs1450,bus_stop,堂場前,36.469307,139.3345365,WGS84,282,鳴神山,関東百名山,,,,TH-n1515388489(140m),operator=桐生市; busType=コミュニティバス; busRoutes=川内線幹線 / 川内線支線,adopted,10,運行状況（季節運行・休止・予約制）を要確認,"国土数値情報（バス停留所データ）令和4年度（国土交通省）P11-22-10-bs1450（36.469307, 139.334536、JGD2011）を加工して作成",
BS-kP11-22-10-bs1466,bus_stop,田中,36.4673639,139.333503,WGS84,282,鳴神山,関東百名山,,,,TH-n1515388489(102m),operator=桐生市; busType=コミュニティバス; busRoutes=川内線幹線 / 川内線支線,adopted,10,運行状況（季節運行・休止・予約制）を要確認,"国土数値情報（バス停留所データ）令和4年度（国土交通省）P11-22-10-bs1466（36.467364, 139.333503、JGD2011）を加工して作成",
BS-kP11-22-10-bs1482,bus_stop,橋場,36.4651606,139.3317083,WGS84,282,鳴神山,関東百名山,,,,TH-n1515388489(393m),operator=桐生市; busType=コミュニティバス; busRoutes=川内線幹線 / 川内線支線,adopted,10,運行状況（季節運行・休止・予約制）を要確認,"国土数値情報（バス停留所データ）令和4年度（国土交通省）P11-22-10-bs1482（36.465161, 139.331708、JGD2011）を加工して作成",
BS-kP11-22-10-bs1491,bus_stop,神社裏山,36.4639799,138.8539695,WGS84,284,榛名山,日本二百名山|日本三百名山|関東百名山,,,,TH-kP11-22-10-bs1491(0m),operator=（株）群馬バス; busType=民間路線バス; busRoutes=高崎～本郷～榛名湖線,adopted,10,運行状況（季節運行・休止・予約制）を要確認,"国土数値情報（バス停留所データ）令和4年度（国土交通省）P11-22-10-bs1491（36.463980, 138.853970、JGD2011）を加工して作成 ｜ OpenStreetMap（© OpenStreetMap contributors, ODbL 1.0）Geofabrik japan-latest.osm.pbf 2026-09-23T20:22:04Z node/10132685103",
BS-kP11-22-10-bs1519,bus_stop,西沢橋,36.4599255,138.8475133,WGS84,284,榛名山,日本二百名山|日本三百名山|関東百名山,,,,TH-kP11-22-10-bs1491(731m),operator=（株）群馬バス; busType=民間路線バス; busRoutes=高崎～本郷～榛名湖線,adopted,10,運行状況（季節運行・休止・予約制）を要確認、登山口から離れている（徒歩アプローチを要確認）,"国土数値情報（バス停留所データ）令和4年度（国土交通省）P11-22-10-bs1519（36.459926, 138.847513、JGD2011）を加工して作成 ｜ OpenStreetMap（© OpenStreetMap contributors, ODbL 1.0）Geofabrik japan-latest.osm.pbf 2026-09-23T20:22:04Z node/10132685157",
BS-kP11-22-10-bs1552,bus_stop,四小前,36.4543374,138.848436,WGS84,284,榛名山,日本二百名山|日本三百名山|関東百名山,,,,TH-n10132685217(9m),operator=（株）群馬バス; busType=民間路線バス; busRoutes=高崎～本郷～榛名湖線,adopted,10,運行状況（季節運行・休止・予約制）を要確認,"国土数値情報（バス停留所データ）令和4年度（国土交通省）P11-22-10-bs1552（36.454337, 138.848436、JGD2011）を加工して作成 ｜ OpenStreetMap（© OpenStreetMap contributors, ODbL 1.0）Geofabrik japan-latest.osm.pbf 2026-09-23T20:22:04Z node/10132685217",
BS-kP11-22-10-bs1558,bus_stop,榛名神社,36.4529439,138.84795,WGS84,284,榛名山,日本二百名山|日本三百名山|関東百名山,,,,TH-n10132685217(158m),operator=（株）群馬バス; busType=民間路線バス; busRoutes=高崎～本郷～榛名湖線,adopted,10,運行状況（季節運行・休止・予約制）を要確認,"国土数値情報（バス停留所データ）令和4年度（国土交通省）P11-22-10-bs1558（36.452944, 138.847950、JGD2011）を加工して作成 ｜ OpenStreetMap（© OpenStreetMap contributors, ODbL 1.0）Geofabrik japan-latest.osm.pbf 2026-09-23T20:22:04Z node/10125899899",
BS-kP11-22-10-bs1573,bus_stop,黒門橋,36.4503417,138.8467664,WGS84,284,榛名山,日本二百名山|日本三百名山|関東百名山,,,,TH-n10132685217(464m),operator=（株）群馬バス; busType=民間路線バス; busRoutes=高崎～本郷～榛名湖線,adopted,10,運行状況（季節運行・休止・予約制）を要確認,"国土数値情報（バス停留所データ）令和4年度（国土交通省）P11-22-10-bs1573（36.450342, 138.846766、JGD2011）を加工して作成 ｜ OpenStreetMap（© OpenStreetMap contributors, ODbL 1.0）Geofabrik japan-latest.osm.pbf 2026-09-23T20:22:04Z node/10125908231",
BS-kP11-22-10-bs1628,bus_stop,自然観察の森,36.4419759,139.3255161,WGS84,282,鳴神山,関東百名山,,,,TH-kP11-22-10-bs1628(0m),operator=桐生市; busType=コミュニティバス; busRoutes=川内線幹線 / 川内線支線,adopted,10,運行状況（季節運行・休止・予約制）を要確認,"国土数値情報（バス停留所データ）令和4年度（国土交通省）P11-22-10-bs1628（36.441976, 139.325516、JGD2011）を加工して作成",
BS-kP11-22-10-bs1637,bus_stop,山の神,36.4404224,138.8374957,WGS84,284,榛名山,日本二百名山|日本三百名山|関東百名山,,,,TH-kP11-22-10-bs1665(604m),operator=（株）群馬バス; busType=民間路線バス; busRoutes=高崎～本郷～榛名湖線,adopted,10,運行状況（季節運行・休止・予約制）を要確認、登山口から離れている（徒歩アプローチを要確認）,"国土数値情報（バス停留所データ）令和4年度（国土交通省）P11-22-10-bs1637（36.440422, 138.837496、JGD2011）を加工して作成 ｜ OpenStreetMap（© OpenStreetMap contributors, ODbL 1.0）Geofabrik japan-latest.osm.pbf 2026-09-23T20:22:04Z node/10125908244",
BS-kP11-22-10-bs1664,bus_stop,橋前場,36.4379248,139.3226215,WGS84,282,鳴神山,関東百名山,,,,TH-kP11-22-10-bs1628(517m),operator=桐生市; busType=コミュニティバス; busRoutes=川内線幹線 / 川内線支線,adopted,10,運行状況（季節運行・休止・予約制）を要確認,"国土数値情報（バス停留所データ）令和4年度（国土交通省）P11-22-10-bs1664（36.437925, 139.322621、JGD2011）を加工して作成",
BS-kP11-22-10-bs1665,bus_stop,さわらび療育園入口,36.4378899,138.8315184,WGS84,284,榛名山,日本二百名山|日本三百名山|関東百名山,,,,TH-kP11-22-10-bs1665(0m),operator=（株）群馬バス; busType=民間路線バス; busRoutes=高崎～本郷～榛名湖線,adopted,10,運行状況（季節運行・休止・予約制）を要確認,"国土数値情報（バス停留所データ）令和4年度（国土交通省）P11-22-10-bs1665（36.437890, 138.831518、JGD2011）を加工して作成",
BS-kP11-22-10-bs1670,bus_stop,大門,36.4374238,139.3589,WGS84,282,鳴神山,関東百名山,,,,TH-kP11-22-10-bs1670(0m),operator=桐生市; busType=コミュニティバス; busRoutes=梅田線,adopted,10,運行状況（季節運行・休止・予約制）を要確認,"国土数値情報（バス停留所データ）令和4年度（国土交通省）P11-22-10-bs1670（36.437424, 139.358900、JGD2011）を加工して作成",
BS-kP11-22-10-bs1673,bus_stop,上菱団地,36.4369516,139.3616151,WGS84,282,鳴神山,関東百名山,,,,TH-kP11-22-10-bs1670(249m),operator=桐生市; busType=コミュニティバス; busRoutes=梅田線,adopted,10,運行状況（季節運行・休止・予約制）を要確認,"国土数値情報（バス停留所データ）令和4年度（国土交通省）P11-22-10-bs1673（36.436952, 139.361615、JGD2011）を加工して作成",
BS-kP11-22-10-bs1676,bus_stop,寺前,36.4368129,139.320117,WGS84,282,鳴神山,関東百名山,,,,TH-kP11-22-10-bs1628(748m),operator=桐生市; busType=コミュニティバス; busRoutes=川内線幹線 / 川内線支線,adopted,10,運行状況（季節運行・休止・予約制）を要確認、登山口から離れている（徒歩アプローチを要確認）,"国土数値情報（バス停留所データ）令和4年度（国土交通省）P11-22-10-bs1676（36.436813, 139.320117、JGD2011）を加工して作成",
BS-kP11-22-10-bs1683,bus_stop,旧女子高前,36.4354984,139.3569794,WGS84,282,鳴神山,関東百名山,,,,TH-kP11-22-10-bs1670(274m) TH-kP11-22-10-bs1683(0m) TH-kP11-22-10-bs1683(0m),operator=桐生市; busType=コミュニティバス; busRoutes=中央幹線：新桐生駅～旧女子高 / 梅田線,adopted,10,運行状況（季節運行・休止・予約制）を要確認,"国土数値情報（バス停留所データ）令和4年度（国土交通省）P11-22-10-bs1683（36.435498, 139.356979、JGD2011）を加工して作成 ｜ OpenStreetMap（© OpenStreetMap contributors, ODbL 1.0）Geofabrik japan-latest.osm.pbf 2026-09-23T20:22:04Z node/6307606654",
BS-kP11-22-10-bs1693,bus_stop,小松橋,36.4343044,139.3589901,WGS84,282,鳴神山,関東百名山,,,,TH-kP11-22-10-bs1683(223m),operator=桐生市; busType=コミュニティバス; busRoutes=梅田線,adopted,10,運行状況（季節運行・休止・予約制）を要確認,"国土数値情報（バス停留所データ）令和4年度（国土交通省）P11-22-10-bs1693（36.434304, 139.358990、JGD2011）を加工して作成",
BS-kP11-22-10-bs1723,bus_stop,二軒茶屋,36.4309973,138.8294744,WGS84,284,榛名山,日本二百名山|日本三百名山|関東百名山,,,,TH-kP11-22-10-bs1665(784m) TH-n10125908261(12m) TH-n10125908261(12m),operator=（株）群馬バス; busType=民間路線バス; busRoutes=高崎～本郷～榛名湖線,adopted,10,運行状況（季節運行・休止・予約制）を要確認、登山口から離れている（徒歩アプローチを要確認）,"国土数値情報（バス停留所データ）令和4年度（国土交通省）P11-22-10-bs1723（36.430997, 138.829474、JGD2011）を加工して作成 ｜ OpenStreetMap（© OpenStreetMap contributors, ODbL 1.0）Geofabrik japan-latest.osm.pbf 2026-09-23T20:22:04Z node/10125908261",
BS-kP11-22-10-bs1734,bus_stop,宮原,36.4296834,139.3116315,WGS84,282,鳴神山,関東百名山,,,,TH-kP11-22-10-bs1776(534m),operator=桐生市; busType=コミュニティバス; busRoutes=川内線幹線 / 川内線支線,adopted,10,運行状況（季節運行・休止・予約制）を要確認,"国土数値情報（バス停留所データ）令和4年度（国土交通省）P11-22-10-bs1734（36.429683, 139.311631、JGD2011）を加工して作成",
BS-kP11-22-10-bs1769,bus_stop,堀割,36.4261444,138.8298115,WGS84,284,榛名山,日本二百名山|日本三百名山|関東百名山,,,,TH-n10125908261(547m),operator=（株）群馬バス; busType=民間路線バス; busRoutes=高崎～本郷～榛名湖線,adopted,10,運行状況（季節運行・休止・予約制）を要確認,"国土数値情報（バス停留所データ）令和4年度（国土交通省）P11-22-10-bs1769（36.426144, 138.829812、JGD2011）を加工して作成 ｜ OpenStreetMap（© OpenStreetMap contributors, ODbL 1.0）Geofabrik japan-latest.osm.pbf 2026-09-23T20:22:04Z node/10125908267",
BS-kP11-22-10-bs1776,bus_stop,鷹ノ巣入口,36.4249573,139.3128567,WGS84,282,鳴神山,関東百名山,,,,TH-kP11-22-10-bs1812(350m) TH-kP11-22-10-bs1776(0m) TH-n2584544864(476m),operator=桐生市; busType=コミュニティバス; busRoutes=川内線幹線,adopted,10,運行状況（季節運行・休止・予約制）を要確認,"国土数値情報（バス停留所データ）令和4年度（国土交通省）P11-22-10-bs1776（36.424957, 139.312857、JGD2011）を加工して作成",
BS-kP11-22-10-bs1808,bus_stop,遊園地・動物園,36.4221561,139.3413672,WGS84,282,鳴神山,関東百名山,,,,TH-w438892180(21m) TH-n1515362172(838m),operator=桐生市; busType=コミュニティバス; busRoutes=MAYU　遊園地・動物園コース,adopted,10,運行状況（季節運行・休止・予約制）を要確認、登山口から離れている（徒歩アプローチを要確認）,"国土数値情報（バス停留所データ）令和4年度（国土交通省）P11-22-10-bs1808（36.422156, 139.341367、JGD2011）を加工して作成",
BS-kP11-22-10-bs1812,bus_stop,峠,36.4217988,139.3125341,WGS84,282,鳴神山,関東百名山,,,,TH-kP11-22-10-bs1812(0m) TH-kP11-22-10-bs1776(350m) TH-n2584544864(383m),operator=桐生市; busType=コミュニティバス; busRoutes=川内線幹線,adopted,10,運行状況（季節運行・休止・予約制）を要確認,"国土数値情報（バス停留所データ）令和4年度（国土交通省）P11-22-10-bs1812（36.421799, 139.312534、JGD2011）を加工して作成",
BS-kP11-22-10-bs1828,bus_stop,本町一丁目,36.4199319,139.345121,WGS84,282,鳴神山,関東百名山,,,,TH-w438892180(427m),operator=桐生市; busType=コミュニティバス; busRoutes=中央幹線：新桐生駅～旧女子高 / 梅田線,adopted,10,運行状況（季節運行・休止・予約制）を要確認,"国土数値情報（バス停留所データ）令和4年度（国土交通省）P11-22-10-bs1828（36.419932, 139.345121、JGD2011）を加工して作成",
BS-kP11-22-10-bs1844,bus_stop,修道院入口,36.4182604,139.3149866,WGS84,282,鳴神山,関東百名山,,,,TH-kP11-22-10-bs1812(449m) TH-n2584544864(451m),operator=桐生市; busType=コミュニティバス; busRoutes=川内線幹線,adopted,10,運行状況（季節運行・休止・予約制）を要確認,"国土数値情報（バス停留所データ）令和4年度（国土交通省）P11-22-10-bs1844（36.418260, 139.314987、JGD2011）を加工して作成",
BS-kP11-22-10-bs1845,bus_stop,本町二丁目,36.4181671,139.3438898,WGS84,282,鳴神山,関東百名山,,,,TH-w438892180(496m),operator=桐生市; busType=コミュニティバス; busRoutes=中央幹線：新桐生駅～旧女子高 / 梅田線,adopted,10,運行状況（季節運行・休止・予約制）を要確認,"国土数値情報（バス停留所データ）令和4年度（国土交通省）P11-22-10-bs1845（36.418167, 139.343890、JGD2011）を加工して作成",
BS-kP11-22-10-bs1991,bus_stop,高峰マウンテンリゾート,36.408186,138.4702238,WGS84,295 296,浅間山、黒斑山,日本百名山|日本二百名山|日本三百名山|甲信越百名山|関東百名山,,,,TH-n2475107643(486m),operator=ジェイアールバス関東（株）; busType=民間路線バス; busRoutes=長野県佐久平駅・小諸駅～きのこの森～高峰高原,adopted,10,運行状況（季節運行・休止・予約制）を要確認,"国土数値情報（バス停留所データ）令和4年度（国土交通省）P11-22-10-bs1991（36.408186, 138.470224、JGD2011）を加工して作成",
BS-kP11-22-10-bs204,bus_stop,野反峠,36.6927108,138.655329,WGS84,246 252,佐武流山、白砂山,日本二百名山|日本三百名山|関東百名山,,,,TH-n8700638611(12m),operator=中之条町; busType=コミュニティバス; busRoutes=花敷温泉野反湖線,adopted,10,運行状況（季節運行・休止・予約制）を要確認,"国土数値情報（バス停留所データ）令和4年度（国土交通省）P11-22-10-bs204（36.692711, 138.655329、JGD2011）を加工して作成 ｜ OpenStreetMap（© OpenStreetMap contributors, ODbL 1.0）Geofabrik japan-latest.osm.pbf 2026-09-23T20:22:04Z node/4267646356",
BS-kP11-22-10-bs2068,bus_stop,高峰高原ホテル前,36.4046952,138.4696344,WGS84,295 296,浅間山、黒斑山,日本百名山|日本二百名山|日本三百名山|甲信越百名山|関東百名山,,,,TH-n2475107643(128m),operator=ジェイアールバス関東（株）; busType=民間路線バス; busRoutes=長野県佐久平駅・小諸駅～きのこの森～高峰高原,adopted,10,運行状況（季節運行・休止・予約制）を要確認,"国土数値情報（バス停留所データ）令和4年度（国土交通省）P11-22-10-bs2068（36.404695, 138.469634、JGD2011）を加工して作成 ｜ OpenStreetMap（© OpenStreetMap contributors, ODbL 1.0）Geofabrik japan-latest.osm.pbf 2026-09-23T20:22:04Z node/12077587828",
BS-kP11-22-10-bs211,bus_stop,十間橋,36.6890555,139.0440461,WGS84,256,三峰山,関東百名山,,,,TH-n2099892367(463m),operator=沼田市; busType=コミュニティバス; busRoutes=佐山線,adopted,10,運行状況（季節運行・休止・予約制）を要確認,"国土数値情報（バス停留所データ）令和4年度（国土交通省）P11-22-10-bs211（36.689055, 139.044046、JGD2011）を加工して作成",
BS-kP11-22-10-bs22,bus_stop,谷川岳ロープウェイ駅,36.8367473,138.9621797,WGS84,234 236 238 229,谷川岳、平標山、仙ノ倉山、朝日岳,日本百名山|日本二百名山|日本三百名山|関東百名山|甲信越百名山,,,,TH-n2804972401(50m) TH-kP11-22-10-bs22(0m),operator=関越交通（株）; busType=民間路線バス; busRoutes=水上線：谷川岳RW～上毛駅,adopted,10,運行状況（季節運行・休止・予約制）を要確認,"国土数値情報（バス停留所データ）令和4年度（国土交通省）P11-22-10-bs22（36.836747, 138.962180、JGD2011）を加工して作成",
BS-kP11-22-10-bs223,bus_stop,峯谷戸,36.6862323,139.0455124,WGS84,256,三峰山,関東百名山,,,,TH-n2099892367(442m),operator=沼田市; busType=コミュニティバス; busRoutes=佐山線,adopted,10,運行状況（季節運行・休止・予約制）を要確認,"国土数値情報（バス停留所データ）令和4年度（国土交通省）P11-22-10-bs223（36.686232, 139.045512、JGD2011）を加工して作成",
BS-kP11-22-10-bs24,bus_stop,土合橋,36.835054,138.9661194,WGS84,229,朝日岳,日本三百名山|関東百名山,,,,TH-n766785733(4m) TH-n766785733(4m) TH-n766785733(4m),operator=関越交通（株）; busType=民間路線バス; busRoutes=水上線：谷川岳RW～上毛駅,adopted,10,運行状況（季節運行・休止・予約制）を要確認,"国土数値情報（バス停留所データ）令和4年度（国土交通省）P11-22-10-bs24（36.835054, 138.966119、JGD2011）を加工して作成 ｜ OpenStreetMap（© OpenStreetMap contributors, ODbL 1.0）Geofabrik japan-latest.osm.pbf 2026-09-23T20:22:04Z node/13950746349",
BS-kP11-22-10-bs243,bus_stop,瀬久保,36.6819014,139.0463826,WGS84,256,三峰山,関東百名山,,,,TH-n2099892367(685m),operator=沼田市; busType=コミュニティバス; busRoutes=佐山線,adopted,10,運行状況（季節運行・休止・予約制）を要確認、登山口から離れている（徒歩アプローチを要確認）,"国土数値情報（バス停留所データ）令和4年度（国土交通省）P11-22-10-bs243（36.681901, 139.046383、JGD2011）を加工して作成",
BS-kP11-22-10-bs25,bus_stop,丸沼温泉環湖荘,36.8342225,139.3471638,WGS84,228,鬼怒沼山,関東百名山,,,,TH-n3168656610(66m),operator=関越交通（株）; busType=民間路線バス; busRoutes=湯元温泉線 / 日光・かたしなエクスプレス号 / 鳩待峠行バス連絡所～湯元温泉線,adopted,10,運行状況（季節運行・休止・予約制）を要確認,"国土数値情報（バス停留所データ）令和4年度（国土交通省）P11-22-10-bs25（36.834222, 139.347164、JGD2011）を加工して作成",
BS-kP11-22-10-bs252,bus_stop,石墨一本松,36.6780389,139.0453318,WGS84,256,三峰山,関東百名山,,,,TH-kP11-22-10-bs268(535m),operator=沼田市; busType=コミュニティバス; busRoutes=佐山線,adopted,10,運行状況（季節運行・休止・予約制）を要確認,"国土数値情報（バス停留所データ）令和4年度（国土交通省）P11-22-10-bs252（36.678039, 139.045332、JGD2011）を加工して作成",
BS-kP11-22-10-bs268,bus_stop,東石墨,36.6735111,139.0432297,WGS84,256,三峰山,関東百名山,,,,TH-kP11-22-10-bs268(0m) TH-n2099891038(979m),operator=沼田市; busType=コミュニティバス; busRoutes=佐山線,adopted,10,運行状況（季節運行・休止・予約制）を要確認、登山口から離れている（徒歩アプローチを要確認）,"国土数値情報（バス停留所データ）令和4年度（国土交通省）P11-22-10-bs268（36.673511, 139.043230、JGD2011）を加工して作成",
BS-kP11-22-10-bs274,bus_stop,西戸神,36.6716047,139.0484216,WGS84,256,三峰山,関東百名山,,,,TH-kP11-22-10-bs268(509m),operator=沼田市; busType=コミュニティバス; busRoutes=佐山線,adopted,10,運行状況（季節運行・休止・予約制）を要確認,"国土数値情報（バス停留所データ）令和4年度（国土交通省）P11-22-10-bs274（36.671605, 139.048422、JGD2011）を加工して作成",
BS-kP11-22-10-bs2999,bus_stop,めがね橋,36.3576575,138.6982613,WGS84,293,鼻曲山,関東百名山,,,,TH-n2039173801(395m),operator=ジェイアールバス関東（株）; busType=民間路線バス; busRoutes=長野県横川駅～軽井沢駅 / 長野県横川駅～めがね橋～軽井沢,adopted,10,運行状況（季節運行・休止・予約制）を要確認,"国土数値情報（バス停留所データ）令和4年度（国土交通省）P11-22-10-bs2999（36.357658, 138.698261、JGD2011）を加工して作成 ｜ OpenStreetMap（© OpenStreetMap contributors, ODbL 1.0）Geofabrik japan-latest.osm.pbf 2026-09-23T20:22:04Z node/5729776207",
BS-kP11-22-10-bs33,bus_stop,菅沼,36.8211293,139.3799523,WGS84,228 243,鬼怒沼山、日光白根山,関東百名山|日本百名山|日本二百名山|日本三百名山,,,,TH-n1412205934(116m) TH-n1412204718(402m),operator=関越交通（株）; busType=民間路線バス; busRoutes=湯元温泉線 / 日光・かたしなエクスプレス号 / 鳩待峠行バス連絡所～湯元温泉線,adopted,10,運行状況（季節運行・休止・予約制）を要確認,"国土数値情報（バス停留所データ）令和4年度（国土交通省）P11-22-10-bs33（36.821129, 139.379952、JGD2011）を加工して作成",
BS-kP11-22-10-bs474,bus_stop,万座プリンスホテル,36.6380367,138.5075343,WGS84,264,草津白根山,日本百名山|日本二百名山|日本三百名山|関東百名山,,,,TH-n5784845237(300m),operator=西武観光バス（株）; busType=民間路線バス; busRoutes=M、O、H　軽井沢駅～万座バスターミナル,adopted,10,運行状況（季節運行・休止・予約制）を要確認,"国土数値情報（バス停留所データ）令和4年度（国土交通省）P11-22-10-bs474（36.638037, 138.507534、JGD2011）を加工して作成",
BS-kP11-22-10-bs475,bus_stop,白根火山,36.6373101,138.5342883,WGS84,264,草津白根山,日本百名山|日本二百名山|日本三百名山|関東百名山,,,,TH-n346613111(753m) TH-n1940688846(461m) TH-n1353951750(225m),operator=長電バス（株）; busType=民間路線バス; busRoutes=急行　長野-志賀高原線　夏季冬季,adopted,10,運行状況（季節運行・休止・予約制）を要確認、登山口から離れている（徒歩アプローチを要確認）,"国土数値情報（バス停留所データ）令和4年度（国土交通省）P11-22-10-bs475（36.637310, 138.534288、JGD2011）を加工して作成",
BS-kP11-22-10-bs476,bus_stop,白根火山,36.6373101,138.5342883,WGS84,264,草津白根山,日本百名山|日本二百名山|日本三百名山|関東百名山,,,,TH-n346613111(753m) TH-n1940688846(461m) TH-n1353951750(225m),operator=ジェイアールバス関東（株）・西武観光バス（株）; busType=民間路線バス; busRoutes=群馬県草津温泉～殺生河原～白根火山,adopted,10,運行状況（季節運行・休止・予約制）を要確認、登山口から離れている（徒歩アプローチを要確認）,"国土数値情報（バス停留所データ）令和4年度（国土交通省）P11-22-10-bs476（36.637310, 138.534288、JGD2011）を加工して作成",
BS-kP11-22-10-bs477,bus_stop,白根火山,36.6373101,138.5342883,WGS84,264,草津白根山,日本百名山|日本二百名山|日本三百名山|関東百名山,,,,TH-n346613111(753m) TH-n1940688846(461m) TH-n1353951750(225m),operator=西武観光バス（株）; busType=民間路線バス; busRoutes=M、O、H　軽井沢駅～万座バスターミナル,adopted,10,運行状況（季節運行・休止・予約制）を要確認、登山口から離れている（徒歩アプローチを要確認）,"国土数値情報（バス停留所データ）令和4年度（国土交通省）P11-22-10-bs477（36.637310, 138.534288、JGD2011）を加工して作成",
BS-kP11-22-10-bs480,bus_stop,万座高原ホテル,36.6363294,138.5089181,WGS84,264,草津白根山,日本百名山|日本二百名山|日本三百名山|関東百名山,,,,TH-n5784845237(136m),operator=西武観光バス（株）; busType=民間路線バス; busRoutes=M、O、H　軽井沢駅～万座バスターミナル,adopted,10,運行状況（季節運行・休止・予約制）を要確認,"国土数値情報（バス停留所データ）令和4年度（国土交通省）P11-22-10-bs480（36.636329, 138.508918、JGD2011）を加工して作成",
BS-kP11-22-10-bs486,bus_stop,万座バスターミナル,36.634553,138.5089435,WGS84,264,草津白根山,日本百名山|日本二百名山|日本三百名山|関東百名山,,,,TH-n5784845237(123m),operator=西武観光バス（株）; busType=民間路線バス; busRoutes=M、O、H　軽井沢駅～万座バスターミナル,adopted,10,運行状況（季節運行・休止・予約制）を要確認,"国土数値情報（バス停留所データ）令和4年度（国土交通省）P11-22-10-bs486（36.634553, 138.508943、JGD2011）を加工して作成 ｜ OpenStreetMap（© OpenStreetMap contributors, ODbL 1.0）Geofabrik japan-latest.osm.pbf 2026-09-23T20:22:04Z node/5778662470",
BS-kP11-22-10-bs4917,bus_stop,上高原,36.2007387,138.7090993,WGS84,329,鹿岳,関東百名山,,,,TH-kP11-22-10-bs4917(0m) TH-kP11-22-10-bs4929(781m) TH-gsi-shimotakahara(993m),operator=（有）雨沢ハイヤー; busType=民間路線バス; busRoutes=下仁田駅-上高原線,adopted,10,運行状況（季節運行・休止・予約制）を要確認、登山口から離れている（徒歩アプローチを要確認）,"国土数値情報（バス停留所データ）令和4年度（国土交通省）P11-22-10-bs4917（36.200739, 138.709099、JGD2011）を加工して作成",
BS-kP11-22-10-bs4929,bus_stop,オモリ下,36.1979982,138.7171123,WGS84,329,鹿岳,関東百名山,,,,TH-kP11-22-10-bs4917(781m) TH-kP11-22-10-bs4929(0m) TH-gsi-shimotakahara(218m),operator=（有）雨沢ハイヤー; busType=民間路線バス; busRoutes=下仁田駅-上高原線,adopted,10,運行状況（季節運行・休止・予約制）を要確認、登山口から離れている（徒歩アプローチを要確認）,"国土数値情報（バス停留所データ）令和4年度（国土交通省）P11-22-10-bs4929（36.197998, 138.717112、JGD2011）を加工して作成",
BS-kP11-22-10-bs4954,bus_stop,大久保集会所前,36.1912548,138.7268218,WGS84,329,鹿岳,関東百名山,,,,TH-kP11-22-10-bs4954(0m) TH-gsi-shimotakahara(930m),operator=（有）雨沢ハイヤー; busType=民間路線バス; busRoutes=下仁田駅-上高原線,adopted,10,運行状況（季節運行・休止・予約制）を要確認、登山口から離れている（徒歩アプローチを要確認）,"国土数値情報（バス停留所データ）令和4年度（国土交通省）P11-22-10-bs4954（36.191255, 138.726822、JGD2011）を加工して作成",
BS-kP11-22-10-bs4967,bus_stop,消防詰所前,36.1860054,138.7306198,WGS84,329,鹿岳,関東百名山,,,,TH-kP11-22-10-bs4954(673m),operator=（有）雨沢ハイヤー; busType=民間路線バス; busRoutes=下仁田駅-黒滝線 / 下仁田駅-上高原線,adopted,10,運行状況（季節運行・休止・予約制）を要確認、登山口から離れている（徒歩アプローチを要確認）,"国土数値情報（バス停留所データ）令和4年度（国土交通省）P11-22-10-bs4967（36.186005, 138.730620、JGD2011）を加工して作成",
BS-kP11-22-10-bs4968,bus_stop,4号橋,36.185438,138.7223889,WGS84,329,鹿岳,関東百名山,,,,TH-kP11-22-10-bs4954(756m),operator=（有）雨沢ハイヤー; busType=民間路線バス; busRoutes=下仁田駅-黒滝線,adopted,10,運行状況（季節運行・休止・予約制）を要確認、登山口から離れている（徒歩アプローチを要確認）,"国土数値情報（バス停留所データ）令和4年度（国土交通省）P11-22-10-bs4968（36.185438, 138.722389、JGD2011）を加工して作成",
BS-kP11-22-10-bs4971,bus_stop,弁天橋,36.1836269,138.7456921,WGS84,329,鹿岳,関東百名山,,,,TH-n2018857623(419m),operator=南牧村; busType=コミュニティバス; busRoutes=下仁田駅-山仲線 / 下仁田駅-上底瀬線 / 下仁田駅-大上上線,adopted,10,運行状況（季節運行・休止・予約制）を要確認,"国土数値情報（バス停留所データ）令和4年度（国土交通省）P11-22-10-bs4971（36.183627, 138.745692、JGD2011）を加工して作成",
BS-kP11-22-10-bs4976,bus_stop,小沢橋,36.1807612,138.7444246,WGS84,329,鹿岳,関東百名山,,,,TH-n2018857623(358m),operator=南牧村; busType=コミュニティバス; busRoutes=下仁田駅-山仲線 / 下仁田駅-上底瀬線 / 下仁田駅-大上上線,adopted,10,運行状況（季節運行・休止・予約制）を要確認,"国土数値情報（バス停留所データ）令和4年度（国土交通省）P11-22-10-bs4976（36.180761, 138.744425、JGD2011）を加工して作成",
BS-kP11-22-10-bs4977,bus_stop,小沢橋,36.1807612,138.7444246,WGS84,329,鹿岳,関東百名山,,,,TH-n2018857623(358m),operator=（有）雨沢ハイヤー; busType=民間路線バス; busRoutes=下仁田駅-奥ノ萱線 / 下仁田駅-勧能線 / 下仁田駅-黒滝線,adopted,10,運行状況（季節運行・休止・予約制）を要確認,"国土数値情報（バス停留所データ）令和4年度（国土交通省）P11-22-10-bs4977（36.180761, 138.744425、JGD2011）を加工して作成",
BS-kP11-22-10-bs4982,bus_stop,大上上,36.176828,138.6421946,WGS84,328 330,荒船山、立岩,日本二百名山|日本三百名山|関東百名山,,,,TH-n2012966172(608m),operator=南牧村; busType=コミュニティバス; busRoutes=下仁田駅-大上上線,adopted,10,運行状況（季節運行・休止・予約制）を要確認、登山口から離れている（徒歩アプローチを要確認）,"国土数値情報（バス停留所データ）令和4年度（国土交通省）P11-22-10-bs4982（36.176828, 138.642195、JGD2011）を加工して作成",
BS-kP11-22-10-bs513,bus_stop,草津国際スキー場,36.6281277,138.5877841,WGS84,264,草津白根山,日本百名山|日本二百名山|日本三百名山|関東百名山,,,,TH-w1086605963(278m),operator=草津町; busType=コミュニティバス; busRoutes=A循環（温泉街周辺）,adopted,10,運行状況（季節運行・休止・予約制）を要確認,"国土数値情報（バス停留所データ）令和4年度（国土交通省）P11-22-10-bs513（36.628128, 138.587784、JGD2011）を加工して作成",
BS-kP11-22-10-bs5138,bus_stop,しおじの湯,36.0706654,138.704035,WGS84,344,諏訪山,日本三百名山|関東百名山,,,,TH-n4964003857(66m) TH-n7142403307(819m),operator=日本中央バス（株）; busType=民間路線バス; busRoutes=奥多野線　［1007・1008］ / 奥多野線　［1017］ / 奥多野線　［1027］,adopted,10,運行状況（季節運行・休止・予約制）を要確認、登山口から離れている（徒歩アプローチを要確認）,"国土数値情報（バス停留所データ）令和4年度（国土交通省）P11-22-10-bs5138（36.070665, 138.704035、JGD2011）を加工して作成",
BS-kP11-22-10-bs514,bus_stop,草津温泉スキー場,36.6281277,138.5877841,WGS84,264,草津白根山,日本百名山|日本二百名山|日本三百名山|関東百名山,,,,TH-w1086605963(278m),operator=ジェイアールバス関東（株）・西武観光バス（株）; busType=民間路線バス; busRoutes=群馬県草津温泉～殺生河原～白根火山,adopted,10,運行状況（季節運行・休止・予約制）を要確認,"国土数値情報（バス停留所データ）令和4年度（国土交通省）P11-22-10-bs514（36.628128, 138.587784、JGD2011）を加工して作成",
BS-kP11-22-10-bs519,bus_stop,殺生河原,36.6278556,138.564775,WGS84,264,草津白根山,日本百名山|日本二百名山|日本三百名山|関東百名山,,,,TH-n346613090(126m),operator=ジェイアールバス関東（株）・西武観光バス（株）; busType=民間路線バス; busRoutes=群馬県草津温泉～殺生河原～白根火山,adopted,10,運行状況（季節運行・休止・予約制）を要確認,"国土数値情報（バス停留所データ）令和4年度（国土交通省）P11-22-10-bs519（36.627856, 138.564775、JGD2011）を加工して作成",
BS-kP11-22-10-bs520,bus_stop,殺生河原,36.6278556,138.564775,WGS84,264,草津白根山,日本百名山|日本二百名山|日本三百名山|関東百名山,,,,TH-n346613090(126m),operator=西武観光バス（株）; busType=民間路線バス; busRoutes=M、O、H　軽井沢駅～万座バスターミナル,adopted,10,運行状況（季節運行・休止・予約制）を要確認,"国土数値情報（バス停留所データ）令和4年度（国土交通省）P11-22-10-bs520（36.627856, 138.564775、JGD2011）を加工して作成",
BS-kP11-22-10-bs529,bus_stop,西の河原露天風呂入口,36.6266175,138.5855719,WGS84,264,草津白根山,日本百名山|日本二百名山|日本三百名山|関東百名山,,,,TH-w1086605963(35m),operator=草津町; busType=コミュニティバス; busRoutes=A循環（温泉街周辺） / C循環（南本町・昭和区方面）,adopted,10,運行状況（季節運行・休止・予約制）を要確認,"国土数値情報（バス停留所データ）令和4年度（国土交通省）P11-22-10-bs529（36.626618, 138.585572、JGD2011）を加工して作成",
BS-kP11-22-10-bs624,bus_stop,屋形原,36.6120653,139.041596,WGS84,272,子持山,関東百名山,,,,TH-n1828308683(904m),operator=沼田市; busType=コミュニティバス; busRoutes=岩本線,adopted,10,運行状況（季節運行・休止・予約制）を要確認、登山口から離れている（徒歩アプローチを要確認）,"国土数値情報（バス停留所データ）令和4年度（国土交通省）P11-22-10-bs624（36.612065, 139.041596、JGD2011）を加工して作成",
BS-kP11-22-10-bs880,bus_stop,赤城少年自然の家,36.5492876,139.1784943,WGS84,275,赤城山,日本百名山|日本二百名山|日本三百名山|関東百名山,,,,TH-n1759782556(909m) TH-n1759782556(909m),operator=関越交通（株）; busType=民間路線バス; busRoutes=赤城山線：前橋～赤城山 / 赤城山線：前橋～富士見～赤城山,adopted,10,運行状況（季節運行・休止・予約制）を要確認、登山口から離れている（徒歩アプローチを要確認）,"国土数値情報（バス停留所データ）令和4年度（国土交通省）P11-22-10-bs880（36.549288, 139.178494、JGD2011）を加工して作成 ｜ OpenStreetMap（© OpenStreetMap contributors, ODbL 1.0）Geofabrik japan-latest.osm.pbf 2026-09-23T20:22:04Z node/11885055448",
BS-kP11-22-10-bs881,bus_stop,赤城少年自然の家,36.5492876,139.1784943,WGS84,275,赤城山,日本百名山|日本二百名山|日本三百名山|関東百名山,,,,TH-n1759782556(909m),operator=前橋市; busType=コミュニティバス; busRoutes=赤城山線,adopted,10,運行状況（季節運行・休止・予約制）を要確認、登山口から離れている（徒歩アプローチを要確認）,"国土数値情報（バス停留所データ）令和4年度（国土交通省）P11-22-10-bs881（36.549288, 139.178494、JGD2011）を加工して作成",
BS-kP11-22-10-bs885,bus_stop,あかぎ広場前,36.5482146,139.1865198,WGS84,275,赤城山,日本百名山|日本二百名山|日本三百名山|関東百名山,,,,TH-n1759782280(137m),operator=関越交通（株）; busType=民間路線バス; busRoutes=赤城山線：前橋～赤城山 / 赤城山線：前橋～富士見～赤城山,adopted,10,運行状況（季節運行・休止・予約制）を要確認,"国土数値情報（バス停留所データ）令和4年度（国土交通省）P11-22-10-bs885（36.548215, 139.186520、JGD2011）を加工して作成 ｜ OpenStreetMap（© OpenStreetMap contributors, ODbL 1.0）Geofabrik japan-latest.osm.pbf 2026-09-23T20:22:04Z node/11885055454",
BS-kP11-22-10-bs886,bus_stop,あかぎ広場前,36.5482146,139.1865198,WGS84,275,赤城山,日本百名山|日本二百名山|日本三百名山|関東百名山,,,,TH-n1759782280(137m),operator=前橋市; busType=コミュニティバス; busRoutes=赤城山線,adopted,10,運行状況（季節運行・休止・予約制）を要確認,"国土数値情報（バス停留所データ）令和4年度（国土交通省）P11-22-10-bs886（36.548215, 139.186520、JGD2011）を加工して作成",
BS-kP11-22-10-bs906,bus_stop,覚満淵入口,36.5450685,139.1885725,WGS84,275,赤城山,日本百名山|日本二百名山|日本三百名山|関東百名山,,,,TH-n1759782280(257m),operator=関越交通（株）; busType=民間路線バス; busRoutes=赤城山線：前橋～赤城山 / 赤城山線：前橋～富士見～赤城山,adopted,10,運行状況（季節運行・休止・予約制）を要確認,"国土数値情報（バス停留所データ）令和4年度（国土交通省）P11-22-10-bs906（36.545068, 139.188573、JGD2011）を加工して作成 ｜ OpenStreetMap（© OpenStreetMap contributors, ODbL 1.0）Geofabrik japan-latest.osm.pbf 2026-09-23T20:22:04Z node/11885055452",
BS-kP11-22-10-bs917,bus_stop,赤城山ビジターセンター,36.5438792,139.1880688,WGS84,275,赤城山,日本百名山|日本二百名山|日本三百名山|関東百名山,,,,TH-n5873991456(93m) TH-n5873991456(93m) TH-n11309397337(543m) TH-n11309397337(543m),operator=関越交通（株）; busType=民間路線バス; busRoutes=赤城山線：前橋～赤城山 / 赤城山線：前橋～富士見～赤城山,adopted,10,運行状況（季節運行・休止・予約制）を要確認,"国土数値情報（バス停留所データ）令和4年度（国土交通省）P11-22-10-bs917（36.543879, 139.188069、JGD2011）を加工して作成 ｜ OpenStreetMap（© OpenStreetMap contributors, ODbL 1.0）Geofabrik japan-latest.osm.pbf 2026-09-23T20:22:04Z node/11885055456",
BS-kP11-22-10-bs918,bus_stop,赤城山ビジターセンター,36.5438792,139.1880688,WGS84,275,赤城山,日本百名山|日本二百名山|日本三百名山|関東百名山,,,,TH-n5873991456(93m) TH-n11309397337(543m),operator=前橋市; busType=コミュニティバス; busRoutes=赤城山線,adopted,10,運行状況（季節運行・休止・予約制）を要確認,"国土数値情報（バス停留所データ）令和4年度（国土交通省）P11-22-10-bs918（36.543879, 139.188069、JGD2011）を加工して作成",
BS-kP11-22-11-bs1777,bus_stop,坂本,36.0557517,138.8594509,WGS84,342,二子山,関東百名山,,,,TH-n365483447(290m) TH-n1411947410(718m),operator=西武観光バス（株）; busType=民間路線バス; busRoutes=G13　志賀坂線; network=西武バス,adopted,10,運行状況（季節運行・休止・予約制）を要確認、登山口から離れている（徒歩アプローチを要確認）,"国土数値情報（バス停留所データ）令和4年度（国土交通省）P11-22-11-bs1777（36.055752, 138.859451、JGD2011）を加工して作成 ｜ OpenStreetMap（© OpenStreetMap contributors, ODbL 1.0）Geofabrik japan-latest.osm.pbf 2026-09-23T20:22:04Z node/6548194401",
BS-kP11-22-11-bs1823,bus_stop,橋詰,36.0534112,138.8668401,WGS84,342,二子山,関東百名山,,,,TH-n365483447(913m),operator=西武観光バス（株）; busType=民間路線バス; busRoutes=G13　志賀坂線,adopted,10,運行状況（季節運行・休止・予約制）を要確認、登山口から離れている（徒歩アプローチを要確認）,"国土数値情報（バス停留所データ）令和4年度（国土交通省）P11-22-11-bs1823（36.053411, 138.866840、JGD2011）を加工して作成",
BS-kP11-22-11-bs2044,bus_stop,皆谷,36.0399968,139.1776839,WGS84,351,笠山,関東百名山,,,,TH-n7361660465(524m),operator=イーグルバス（株）; busType=民間路線バス; busRoutes=W01・W02　東秩父村路線,adopted,10,運行状況（季節運行・休止・予約制）を要確認,"国土数値情報（バス停留所データ）令和4年度（国土交通省）P11-22-11-bs2044（36.039997, 139.177684、JGD2011）を加工して作成 ｜ OpenStreetMap（© OpenStreetMap contributors, ODbL 1.0）Geofabrik japan-latest.osm.pbf 2026-09-23T20:22:04Z node/7361660448",
BS-kP11-22-11-bs2126,bus_stop,新田,36.0354951,139.176908,WGS84,351,笠山,関東百名山,,,,TH-n7361660465(22m) TH-n7361660465(22m),operator=イーグルバス（株）; busType=民間路線バス; busRoutes=W01・W02　東秩父村路線,adopted,10,運行状況（季節運行・休止・予約制）を要確認,"国土数値情報（バス停留所データ）令和4年度（国土交通省）P11-22-11-bs2126（36.035495, 139.176908、JGD2011）を加工して作成 ｜ OpenStreetMap（© OpenStreetMap contributors, ODbL 1.0）Geofabrik japan-latest.osm.pbf 2026-09-23T20:22:04Z node/7361660465",
BS-kP11-22-11-bs2208,bus_stop,八重蔵,36.0311172,139.1734912,WGS84,351,笠山,関東百名山,,,,TH-n7361660468(272m),operator=イーグルバス（株）; busType=民間路線バス; busRoutes=W01・W02　東秩父村路線,adopted,10,運行状況（季節運行・休止・予約制）を要確認,"国土数値情報（バス停留所データ）令和4年度（国土交通省）P11-22-11-bs2208（36.031117, 139.173491、JGD2011）を加工して作成 ｜ OpenStreetMap（© OpenStreetMap contributors, ODbL 1.0）Geofabrik japan-latest.osm.pbf 2026-09-23T20:22:04Z node/7361660467",
BS-kP11-22-11-bs2260,bus_stop,不動橋,36.0280217,139.1724897,WGS84,351,笠山,関東百名山,,,,TH-n7361660468(89m) TH-n7361660468(89m),operator=イーグルバス（株）; busType=民間路線バス; busRoutes=W01・W02　東秩父村路線,adopted,10,運行状況（季節運行・休止・予約制）を要確認,"国土数値情報（バス停留所データ）令和4年度（国土交通省）P11-22-11-bs2260（36.028022, 139.172490、JGD2011）を加工して作成 ｜ OpenStreetMap（© OpenStreetMap contributors, ODbL 1.0）Geofabrik japan-latest.osm.pbf 2026-09-23T20:22:04Z node/7361660468",
BS-kP11-22-11-bs2351,bus_stop,定峰橋,36.0227571,139.1317711,WGS84,347,大霧山,関東百名山,,,,TH-n6547578092(936m),operator=西武観光バス（株）; busType=民間路線バス; busRoutes=T1、T2　定峰線,adopted,10,運行状況（季節運行・休止・予約制）を要確認、登山口から離れている（徒歩アプローチを要確認）,"国土数値情報（バス停留所データ）令和4年度（国土交通省）P11-22-11-bs2351（36.022757, 139.131771、JGD2011）を加工して作成",
BS-kP11-22-11-bs2377,bus_stop,定峰,36.0210401,139.1325044,WGS84,347,大霧山,関東百名山,,,,TH-n6547578092(808m),operator=西武観光バス（株）; busType=民間路線バス; busRoutes=T1、T2　定峰線,adopted,10,運行状況（季節運行・休止・予約制）を要確認、登山口から離れている（徒歩アプローチを要確認）,"国土数値情報（バス停留所データ）令和4年度（国土交通省）P11-22-11-bs2377（36.021040, 139.132504、JGD2011）を加工して作成",
BS-kP11-22-11-bs2422,bus_stop,定峰峠入口,36.0190925,139.1412487,WGS84,347,大霧山,関東百名山,,,,TH-n6547578092(9m) TH-n2712077049(537m),operator=西武観光バス（株）; busType=民間路線バス; busRoutes=T1、T2　定峰線; network=T,adopted,10,運行状況（季節運行・休止・予約制）を要確認,"国土数値情報（バス停留所データ）令和4年度（国土交通省）P11-22-11-bs2422（36.019092, 139.141249、JGD2011）を加工して作成 ｜ OpenStreetMap（© OpenStreetMap contributors, ODbL 1.0）Geofabrik japan-latest.osm.pbf 2026-09-23T20:22:04Z node/6547578092",
BS-kP11-22-11-bs2431,bus_stop,白石,36.0183716,139.1716327,WGS84,351,笠山,関東百名山,,,,TH-n7361660480(264m) TH-n7361660480(264m) TH-n13092026754(658m) TH-n13092026754(658m),operator=イーグルバス（株）; busType=民間路線バス; busRoutes=W01・W02　東秩父村路線,adopted,10,運行状況（季節運行・休止・予約制）を要確認、登山口から離れている（徒歩アプローチを要確認）,"国土数値情報（バス停留所データ）令和4年度（国土交通省）P11-22-11-bs2431（36.018372, 139.171633、JGD2011）を加工して作成 ｜ OpenStreetMap（© OpenStreetMap contributors, ODbL 1.0）Geofabrik japan-latest.osm.pbf 2026-09-23T20:22:04Z node/7361660478",
BS-kP11-22-11-bs2468,bus_stop,白石車庫,36.0168276,139.1736715,WGS84,351,笠山,関東百名山,,,,TH-n7361660480(20m) TH-n13092026754(514m),operator=イーグルバス（株）; busType=民間路線バス; busRoutes=W01・W02　東秩父村路線,adopted,10,運行状況（季節運行・休止・予約制）を要確認,"国土数値情報（バス停留所データ）令和4年度（国土交通省）P11-22-11-bs2468（36.016828, 139.173672、JGD2011）を加工して作成 ｜ OpenStreetMap（© OpenStreetMap contributors, ODbL 1.0）Geofabrik japan-latest.osm.pbf 2026-09-23T20:22:04Z node/7361660480",
BS-kP11-22-11-bs3056,bus_stop,相原橋,35.9898424,138.8271036,WGS84,349,両神山,日本百名山|日本二百名山|日本三百名山|関東百名山,,,,TH-n1516621734(837m),operator=西武観光バス（株）; busType=民間路線バス; busRoutes=M5、M6、M7　中津川線; network=西武バス,adopted,10,運行状況（季節運行・休止・予約制）を要確認、登山口から離れている（徒歩アプローチを要確認）,"国土数値情報（バス停留所データ）令和4年度（国土交通省）P11-22-11-bs3056（35.989842, 138.827104、JGD2011）を加工して作成 ｜ OpenStreetMap（© OpenStreetMap contributors, ODbL 1.0）Geofabrik japan-latest.osm.pbf 2026-09-23T20:22:04Z node/8568630447",
BS-kP11-22-11-bs3161,bus_stop,中双里,35.985918,138.8352767,WGS84,349,両神山,日本百名山|日本二百名山|日本三百名山|関東百名山,,,,TH-n1516621734(53m),operator=西武観光バス（株）; busType=民間路線バス; busRoutes=M5、M6、M7　中津川線; network=西武バス,adopted,10,運行状況（季節運行・休止・予約制）を要確認,"国土数値情報（バス停留所データ）令和4年度（国土交通省）P11-22-11-bs3161（35.985918, 138.835277、JGD2011）を加工して作成 ｜ OpenStreetMap（© OpenStreetMap contributors, ODbL 1.0）Geofabrik japan-latest.osm.pbf 2026-09-23T20:22:04Z node/8568630446",
BS-kP11-22-11-bs3807,bus_stop,白川橋,35.9613242,138.9740233,WGS84,356,秩父御岳山,関東百名山,,,,TH-kP11-22-11-bs3807(0m) TH-n1998654930(331m),operator=西武観光バス（株）; busType=民間路線バス; busRoutes=M5、M6、M7　中津川線,adopted,10,運行状況（季節運行・休止・予約制）を要確認,"国土数値情報（バス停留所データ）令和4年度（国土交通省）P11-22-11-bs3807（35.961324, 138.974023、JGD2011）を加工して作成",
BS-kP11-22-11-bs3853,bus_stop,三峰口駅,35.9598344,138.9786795,WGS84,356,秩父御岳山,関東百名山,,,,TH-kP11-22-11-bs3807(451m) TH-kP11-22-11-bs3807(451m) TH-n1998654930(535m) TH-n1998654930(535m),operator=西武観光バス（株）; busType=民間路線バス; busRoutes=M4急行　三峯神社線 / M5、M6、M7　中津川線; network=西武バス,adopted,10,運行状況（季節運行・休止・予約制）を要確認,"国土数値情報（バス停留所データ）令和4年度（国土交通省）P11-22-11-bs3853（35.959834, 138.978680、JGD2011）を加工して作成 ｜ OpenStreetMap（© OpenStreetMap contributors, ODbL 1.0）Geofabrik japan-latest.osm.pbf 2026-09-23T20:22:04Z node/873815513",
BS-kP11-22-11-bs3885,bus_stop,荒川局前,35.9585834,138.9667855,WGS84,356,秩父御岳山,関東百名山,,,,TH-n6830029422(847m),operator=西武観光バス（株）; busType=民間路線バス; busRoutes=M5、M6、M7　中津川線,adopted,10,運行状況（季節運行・休止・予約制）を要確認、登山口から離れている（徒歩アプローチを要確認）,"国土数値情報（バス停留所データ）令和4年度（国土交通省）P11-22-11-bs3885（35.958583, 138.966785、JGD2011）を加工して作成",
BS-kP11-22-11-bs4013,bus_stop,大滝郵便局,35.9531108,138.9359701,WGS84,356,秩父御岳山,関東百名山,,,,TH-kP11-22-11-bs4019(270m),operator=西武観光バス（株）; busType=民間路線バス; busRoutes=M5、M6、M7　中津川線,adopted,10,運行状況（季節運行・休止・予約制）を要確認,"国土数値情報（バス停留所データ）令和4年度（国土交通省）P11-22-11-bs4013（35.953111, 138.935970、JGD2011）を加工して作成",
BS-kP11-22-11-bs4019,bus_stop,落合,35.9529131,138.9389512,WGS84,356,秩父御岳山,関東百名山,,,,TH-kP11-22-11-bs4019(0m) TH-n7075291266(883m),operator=西武観光バス（株）; busType=民間路線バス; busRoutes=M5、M6、M7　中津川線,adopted,10,運行状況（季節運行・休止・予約制）を要確認、登山口から離れている（徒歩アプローチを要確認）,"国土数値情報（バス停留所データ）令和4年度（国土交通省）P11-22-11-bs4019（35.952913, 138.938951、JGD2011）を加工して作成",
BS-kP11-22-11-bs4034,bus_stop,強石,35.9524446,138.9632299,WGS84,356,秩父御岳山,関東百名山,,,,TH-n6830029422(98m),operator=西武観光バス（株）; busType=民間路線バス; busRoutes=M5、M6、M7　中津川線,adopted,10,運行状況（季節運行・休止・予約制）を要確認,"国土数値情報（バス停留所データ）令和4年度（国土交通省）P11-22-11-bs4034（35.952445, 138.963230、JGD2011）を加工して作成 ｜ OpenStreetMap（© OpenStreetMap contributors, ODbL 1.0）Geofabrik japan-latest.osm.pbf 2026-09-23T20:22:04Z node/6961609288",
BS-kP11-22-11-bs4093,bus_stop,大滝温泉遊湯館,35.950265,138.9386996,WGS84,356,秩父御岳山,関東百名山,,,,TH-kP11-22-11-bs4019(294m) TH-n7075291266(903m),operator=西武観光バス（株）; busType=民間路線バス; busRoutes=M4急行　三峯神社線 / M5、M6、M7　中津川線; network=西武バス,adopted,10,運行状況（季節運行・休止・予約制）を要確認、登山口から離れている（徒歩アプローチを要確認）,"国土数値情報（バス停留所データ）令和4年度（国土交通省）P11-22-11-bs4093（35.950265, 138.938700、JGD2011）を加工して作成 ｜ OpenStreetMap（© OpenStreetMap contributors, ODbL 1.0）Geofabrik japan-latest.osm.pbf 2026-09-23T20:22:04Z node/6548950848",
BS-kP11-22-11-bs4161,bus_stop,松枝,35.9484756,139.1535291,WGS84,362,伊豆ヶ岳,関東百名山,,,,TH-n1519051635(970m) TH-n1519051635(970m),operator=西武観光バス（株）; busType=民間路線バス; busRoutes=Y1、Y2、Y3　横瀬線; network=西武バス,adopted,10,運行状況（季節運行・休止・予約制）を要確認、登山口から離れている（徒歩アプローチを要確認）,"国土数値情報（バス停留所データ）令和4年度（国土交通省）P11-22-11-bs4161（35.948476, 139.153529、JGD2011）を加工して作成 ｜ OpenStreetMap（© OpenStreetMap contributors, ODbL 1.0）Geofabrik japan-latest.osm.pbf 2026-09-23T20:22:04Z node/5803260355",
BS-kP11-22-11-bs4173,bus_stop,神岡住宅,35.947762,138.9394525,WGS84,356,秩父御岳山,関東百名山,,,,TH-n7075291266(924m),operator=西武観光バス（株）; busType=民間路線バス; busRoutes=M5、M6、M7　中津川線,adopted,10,運行状況（季節運行・休止・予約制）を要確認、登山口から離れている（徒歩アプローチを要確認）,"国土数値情報（バス停留所データ）令和4年度（国土交通省）P11-22-11-bs4173（35.947762, 138.939452、JGD2011）を加工して作成",
BS-kP11-22-11-bs4223,bus_stop,光岩,35.9456849,138.9686949,WGS84,356,秩父御岳山,関東百名山,,,,TH-n6830029422(860m),operator=西武観光バス（株）; busType=民間路線バス; busRoutes=M5、M6、M7　中津川線,adopted,10,運行状況（季節運行・休止・予約制）を要確認、登山口から離れている（徒歩アプローチを要確認）,"国土数値情報（バス停留所データ）令和4年度（国土交通省）P11-22-11-bs4223（35.945685, 138.968695、JGD2011）を加工して作成",
BS-kP11-22-11-bs4256,bus_stop,秩父湖,35.9444329,138.9115272,WGS84,366,白石山,日本二百名山|日本三百名山|関東百名山,,,,TH-n1516527937(965m) TH-n1516527937(965m),operator=西武観光バス（株）; busType=民間路線バス; busRoutes=M4急行　三峯神社線; network=西武バス,adopted,10,運行状況（季節運行・休止・予約制）を要確認、登山口から離れている（徒歩アプローチを要確認）,"国土数値情報（バス停留所データ）令和4年度（国土交通省）P11-22-11-bs4256（35.944433, 138.911527、JGD2011）を加工して作成 ｜ OpenStreetMap（© OpenStreetMap contributors, ODbL 1.0）Geofabrik japan-latest.osm.pbf 2026-09-23T20:22:04Z node/6548194399",
BS-kP11-22-11-bs4452,bus_stop,川又,35.9377581,138.8516294,WGS84,375,笠取山,関東百名山,,,,TH-n1516528135(458m),operator=西武観光バス（株）; busType=民間路線バス; busRoutes=M5、M6、M7　中津川線; network=西武バス,adopted,10,運行状況（季節運行・休止・予約制）を要確認,"国土数値情報（バス停留所データ）令和4年度（国土交通省）P11-22-11-bs4452（35.937758, 138.851629、JGD2011）を加工して作成 ｜ OpenStreetMap（© OpenStreetMap contributors, ODbL 1.0）Geofabrik japan-latest.osm.pbf 2026-09-23T20:22:04Z node/6547955458",
BS-kP11-22-11-bs4919,bus_stop,三峯神社,35.9211332,138.9328707,WGS84,363 377 379,妙法ヶ岳、雲取山、飛龍山,関東百名山|日本百名山|日本二百名山|日本三百名山,,,,TH-n1516511173(134m) TH-n1516506783(887m),operator=西武観光バス（株）; busType=民間路線バス; busRoutes=M4急行　三峯神社線; network=西武バス,adopted,10,運行状況（季節運行・休止・予約制）を要確認、登山口から離れている（徒歩アプローチを要確認）,"国土数値情報（バス停留所データ）令和4年度（国土交通省）P11-22-11-bs4919（35.921133, 138.932871、JGD2011）を加工して作成 ｜ OpenStreetMap（© OpenStreetMap contributors, ODbL 1.0）Geofabrik japan-latest.osm.pbf 2026-09-23T20:22:04Z node/6840200243",
BS-kP11-22-11-bs4934,bus_stop,湯の沢,35.9207855,139.1510987,WGS84,362,伊豆ヶ岳,関東百名山,,,,TH-n5773157785(22m),operator=国際興業（株）; busType=民間路線バス; busRoutes=名栗01/02/飯01/01-2/02/02-2/03/03-2/06; network=国際興業バス,adopted,10,運行状況（季節運行・休止・予約制）を要確認,"国土数値情報（バス停留所データ）令和4年度（国土交通省）P11-22-11-bs4934（35.920785, 139.151099、JGD2011）を加工して作成 ｜ OpenStreetMap（© OpenStreetMap contributors, ODbL 1.0）Geofabrik japan-latest.osm.pbf 2026-09-23T20:22:04Z node/5773157785",
BS-kP11-22-11-bs5005,bus_stop,山下,35.9182474,139.1502576,WGS84,357 360 361 362,武甲山、武川岳、大持山、伊豆ヶ岳,日本二百名山|日本三百名山|関東百名山,,,,TH-n2548297354(841m) TH-n5773157785(273m),operator=国際興業（株）; busType=民間路線バス; busRoutes=名栗01/02/飯01/01-2/02/02-2/03/03-2/06,adopted,10,運行状況（季節運行・休止・予約制）を要確認、登山口から離れている（徒歩アプローチを要確認）,"国土数値情報（バス停留所データ）令和4年度（国土交通省）P11-22-11-bs5005（35.918247, 139.150258、JGD2011）を加工して作成",
BS-kP11-22-11-bs5168,bus_stop,名郷,35.910939,139.1484553,WGS84,357 360 361,武甲山、武川岳、大持山,日本二百名山|日本三百名山|関東百名山,,,,TH-n2548297354(17m),operator=国際興業（株）; busType=民間路線バス; busRoutes=名栗01/02/飯01/01-2/02/02-2/03/03-2/06; network=国際興業バス,adopted,10,運行状況（季節運行・休止・予約制）を要確認,"国土数値情報（バス停留所データ）令和4年度（国土交通省）P11-22-11-bs5168（35.910939, 139.148455、JGD2011）を加工して作成 ｜ OpenStreetMap（© OpenStreetMap contributors, ODbL 1.0）Geofabrik japan-latest.osm.pbf 2026-09-23T20:22:04Z node/2548297354",
BS-kP11-22-11-bs5245,bus_stop,中海戸,35.9077829,139.1519253,WGS84,357 360 361,武甲山、武川岳、大持山,日本二百名山|日本三百名山|関東百名山,,,,TH-n2548297354(459m),operator=国際興業（株）; busType=民間路線バス; busRoutes=名栗01/02/飯01/01-2/02/02-2/03/03-2/06,adopted,10,運行状況（季節運行・休止・予約制）を要確認,"国土数値情報（バス停留所データ）令和4年度（国土交通省）P11-22-11-bs5245（35.907783, 139.151925、JGD2011）を加工して作成",
BS-kP11-22-11-bs5811,bus_stop,高麗小学校,35.8861197,139.3131501,WGS84,368,日和田山,関東百名山,,,,TH-n13620100981(500m) TH-n448723898(985m) TH-n12669434912(624m),operator=国際興業（株）; busType=民間路線バス; busRoutes=医大11/12/31/32; network=国際興業バス,adopted,10,運行状況（季節運行・休止・予約制）を要確認、登山口から離れている（徒歩アプローチを要確認）,"国土数値情報（バス停留所データ）令和4年度（国土交通省）P11-22-11-bs5811（35.886120, 139.313150、JGD2011）を加工して作成 ｜ OpenStreetMap（© OpenStreetMap contributors, ODbL 1.0）Geofabrik japan-latest.osm.pbf 2026-09-23T20:22:04Z node/2476223969",
BS-kP11-22-11-bs5817,bus_stop,巾着田,35.8860532,139.3098015,WGS84,368,日和田山,関東百名山,,,,TH-n13620100981(294m) TH-n13620100981(294m) TH-n448723898(958m) TH-n448723898(958m) TH-n12669434912(600m) TH-n12669434912(600m) TH-n12669434925(587m),operator=国際興業（株）; busType=民間路線バス; busRoutes=医大11/12/31/32; network=国際興業バス,adopted,10,運行状況（季節運行・休止・予約制）を要確認、登山口から離れている（徒歩アプローチを要確認）,"国土数値情報（バス停留所データ）令和4年度（国土交通省）P11-22-11-bs5817（35.886053, 139.309801、JGD2011）を加工して作成 ｜ OpenStreetMap（© OpenStreetMap contributors, ODbL 1.0）Geofabrik japan-latest.osm.pbf 2026-09-23T20:22:04Z node/451185294",
BS-kP11-22-11-bs5919,bus_stop,台,35.8825226,139.3061778,WGS84,368,日和田山,関東百名山,,,,TH-n12669434925(578m) TH-n12669434925(578m),operator=国際興業（株）; busType=民間路線バス; busRoutes=医大11/12/31/32; network=国際興業バス,adopted,10,運行状況（季節運行・休止・予約制）を要確認,"国土数値情報（バス停留所データ）令和4年度（国土交通省）P11-22-11-bs5919（35.882523, 139.306178、JGD2011）を加工して作成 ｜ OpenStreetMap（© OpenStreetMap contributors, ODbL 1.0）Geofabrik japan-latest.osm.pbf 2026-09-23T20:22:04Z node/448723837",
BS-kP11-22-11-bs5942,bus_stop,宮の平,35.8817003,139.1842916,WGS84,357 360 361,武甲山、武川岳、大持山,日本二百名山|日本三百名山|関東百名山,,,,TH-n2267956609(226m) TH-n7775766499(611m),operator=国際興業（株）; busType=民間路線バス; busRoutes=名栗01/02/飯01/01-2/02/02-2/03/03-2/06,adopted,10,運行状況（季節運行・休止・予約制）を要確認、登山口から離れている（徒歩アプローチを要確認）,"国土数値情報（バス停留所データ）令和4年度（国土交通省）P11-22-11-bs5942（35.881700, 139.184292、JGD2011）を加工して作成",
BS-kP11-22-11-bs6056,bus_stop,連慶橋,35.877784,139.1857964,WGS84,357 360 361,武甲山、武川岳、大持山,日本二百名山|日本三百名山|関東百名山,,,,TH-n2267956609(329m) TH-n2267956609(329m) TH-n7775766499(669m) TH-n7775766499(669m),operator=国際興業（株）; busType=民間路線バス; busRoutes=名栗01/02/飯01/01-2/02/02-2/03/03-2/06; network=国際興業バス,adopted,10,運行状況（季節運行・休止・予約制）を要確認、登山口から離れている（徒歩アプローチを要確認）,"国土数値情報（バス停留所データ）令和4年度（国土交通省）P11-22-11-bs6056（35.877784, 139.185796、JGD2011）を加工して作成 ｜ OpenStreetMap（© OpenStreetMap contributors, ODbL 1.0）Geofabrik japan-latest.osm.pbf 2026-09-23T20:22:04Z node/12216215880",
BS-kP11-22-11-bs6121,bus_stop,鍛冶屋橋,35.8754403,139.1863511,WGS84,357 360 361 378,武甲山、武川岳、大持山、川苔山,日本二百名山|日本三百名山|関東百名山,,,,TH-n4869323163(350m),operator=国際興業（株）; busType=民間路線バス; busRoutes=名栗01/02/飯01/01-2/02/02-2/03/03-2/06,adopted,10,運行状況（季節運行・休止・予約制）を要確認,"国土数値情報（バス停留所データ）令和4年度（国土交通省）P11-22-11-bs6121（35.875440, 139.186351、JGD2011）を加工して作成",
BS-kP11-22-11-bs6208,bus_stop,ノーラ名栗・さわらびの湯,35.8733058,139.183494,WGS84,357 360 361 378,武甲山、武川岳、大持山、川苔山,日本二百名山|日本三百名山|関東百名山,,,,TH-n4869323163(6m),operator=国際興業（株）; busType=民間路線バス; busRoutes=名栗01/02/飯01/01-2/02/02-2/03/03-2/06; network=国際興業バス,adopted,10,運行状況（季節運行・休止・予約制）を要確認,"国土数値情報（バス停留所データ）令和4年度（国土交通省）P11-22-11-bs6208（35.873306, 139.183494、JGD2011）を加工して作成 ｜ OpenStreetMap（© OpenStreetMap contributors, ODbL 1.0）Geofabrik japan-latest.osm.pbf 2026-09-23T20:22:04Z node/2548302987",
BS-kP11-22-11-bs6274,bus_stop,河又名栗湖入口,35.8713345,139.186721,WGS84,357 360 361 378,武甲山、武川岳、大持山、川苔山,日本二百名山|日本三百名山|関東百名山,,,,TH-n4869323163(358m),operator=国際興業（株）; busType=民間路線バス; busRoutes=名栗01/02/飯01/01-2/02/02-2/03/03-2/06,adopted,10,運行状況（季節運行・休止・予約制）を要確認,"国土数値情報（バス停留所データ）令和4年度（国土交通省）P11-22-11-bs6274（35.871335, 139.186721、JGD2011）を加工して作成",
BS-kP11-22-11-bs7048,bus_stop,久通谷橋,35.8536125,139.2040254,WGS84,378 381,川苔山、岩茸石山,関東百名山,,,,TH-n2267956607(410m),operator=国際興業（株）; busType=民間路線バス; busRoutes=名栗01/02/飯01/01-2/02/02-2/03/03-2/06 / 学05/05-2/05-3,adopted,10,運行状況（季節運行・休止・予約制）を要確認,"国土数値情報（バス停留所データ）令和4年度（国土交通省）P11-22-11-bs7048（35.853612, 139.204025、JGD2011）を加工して作成",
BS-kP11-22-11-bs7144,bus_stop,下久林,35.8521184,139.2037432,WGS84,378 381,川苔山、岩茸石山,関東百名山,,,,TH-n2267956607(253m),operator=国際興業（株）; busType=民間路線バス; busRoutes=名栗01/02/飯01/01-2/02/02-2/03/03-2/06 / 学05/05-2/05-3,adopted,10,運行状況（季節運行・休止・予約制）を要確認,"国土数値情報（バス停留所データ）令和4年度（国土交通省）P11-22-11-bs7144（35.852118, 139.203743、JGD2011）を加工して作成",
BS-kP11-22-11-bs7195,bus_stop,久林,35.8509487,139.2016659,WGS84,378 381,川苔山、岩茸石山,関東百名山,,,,TH-n2267956607(90m),operator=国際興業（株）; busType=民間路線バス; busRoutes=名栗01/02/飯01/01-2/02/02-2/03/03-2/06 / 学05/05-2/05-3,adopted,10,運行状況（季節運行・休止・予約制）を要確認,"国土数値情報（バス停留所データ）令和4年度（国土交通省）P11-22-11-bs7195（35.850949, 139.201666、JGD2011）を加工して作成",
BS-kP11-22-11-bs754,bus_stop,田中,36.1435114,139.1980633,WGS84,335,鐘撞堂山,関東百名山,,,,TH-n7384180537(491m),operator=武蔵観光（株）; busType=民間路線バス; busRoutes=寄居車庫⇔本庄早稲田駅北口⇔本庄駅南口,adopted,10,運行状況（季節運行・休止・予約制）を要確認,"国土数値情報（バス停留所データ）令和4年度（国土交通省）P11-22-11-bs754（36.143511, 139.198063、JGD2011）を加工して作成 ｜ OpenStreetMap（© OpenStreetMap contributors, ODbL 1.0）Geofabrik japan-latest.osm.pbf 2026-09-23T20:22:04Z node/7384180543",
BS-kP11-22-11-bs790,bus_stop,埼玉よりい病院前,36.1403881,139.1946976,WGS84,335,鐘撞堂山,関東百名山,,,,TH-n7384180537(102m),operator=武蔵観光（株）; busType=民間路線バス; busRoutes=寄居車庫⇔本庄早稲田駅北口⇔本庄駅南口,adopted,10,運行状況（季節運行・休止・予約制）を要確認,"国土数値情報（バス停留所データ）令和4年度（国土交通省）P11-22-11-bs790（36.140388, 139.194698、JGD2011）を加工して作成 ｜ OpenStreetMap（© OpenStreetMap contributors, ODbL 1.0）Geofabrik japan-latest.osm.pbf 2026-09-23T20:22:04Z node/7384180537",
BS-kP11-22-11-bs806,bus_stop,北飯塚,36.1389314,139.1991535,WGS84,335,鐘撞堂山,関東百名山,,,,TH-n7384180537(349m),operator=武蔵観光（株）; busType=民間路線バス; busRoutes=寄居車庫⇔本庄早稲田駅北口⇔本庄駅南口,adopted,10,運行状況（季節運行・休止・予約制）を要確認,"国土数値情報（バス停留所データ）令和4年度（国土交通省）P11-22-11-bs806（36.138931, 139.199154、JGD2011）を加工して作成 ｜ OpenStreetMap（© OpenStreetMap contributors, ODbL 1.0）Geofabrik japan-latest.osm.pbf 2026-09-23T20:22:04Z node/7384180536",
BS-kP11-22-11-bs900,bus_stop,桜沢,36.1281662,139.2031855,WGS84,335,鐘撞堂山,関東百名山,,,,TH-n7384180532(100m) TH-n7384180532(100m) TH-n7384180532(100m),operator=武蔵観光（株）; busType=民間路線バス; busRoutes=寄居車庫⇔深谷駅 / 寄居車庫⇔本庄早稲田駅北口⇔本庄駅南口,adopted,10,運行状況（季節運行・休止・予約制）を要確認,"国土数値情報（バス停留所データ）令和4年度（国土交通省）P11-22-11-bs900（36.128166, 139.203186、JGD2011）を加工して作成 ｜ OpenStreetMap（© OpenStreetMap contributors, ODbL 1.0）Geofabrik japan-latest.osm.pbf 2026-09-23T20:22:04Z node/7384180532",
BS-kP11-22-12-bs10102,bus_stop,植畑上郷,35.2340721,139.9955806,WGS84,549,高宕山,関東百名山,,,,TH-kP11-22-12-bs10112(558m),operator=君津市; busType=コミュニティバス; busRoutes=中島・豊英線; network=君津市コミュニティバス,adopted,10,運行状況（季節運行・休止・予約制）を要確認,"国土数値情報（バス停留所データ）令和4年度（国土交通省）P11-22-12-bs10102（35.234072, 139.995581、JGD2011）を加工して作成 ｜ OpenStreetMap（© OpenStreetMap contributors, ODbL 1.0）Geofabrik japan-latest.osm.pbf 2026-09-23T20:22:04Z node/6295001732",
BS-kP11-22-12-bs10112,bus_stop,日の出橋,35.2291046,139.9966644,WGS84,549,高宕山,関東百名山,,,,TH-kP11-22-12-bs10112(0m),operator=君津市; busType=コミュニティバス; busRoutes=中島・豊英線; network=君津市コミュニティバス,adopted,10,運行状況（季節運行・休止・予約制）を要確認,"国土数値情報（バス停留所データ）令和4年度（国土交通省）P11-22-12-bs10112（35.229105, 139.996664、JGD2011）を加工して作成 ｜ OpenStreetMap（© OpenStreetMap contributors, ODbL 1.0）Geofabrik japan-latest.osm.pbf 2026-09-23T20:22:04Z node/6296929980",
BS-kP11-22-12-bs10121,bus_stop,西日笠,35.2272199,140.0007327,WGS84,549,高宕山,関東百名山,,,,TH-kP11-22-12-bs10112(425m),operator=君津市; busType=コミュニティバス; busRoutes=中島・豊英線; network=君津市コミュニティバス,adopted,10,運行状況（季節運行・休止・予約制）を要確認,"国土数値情報（バス停留所データ）令和4年度（国土交通省）P11-22-12-bs10121（35.227220, 140.000733、JGD2011）を加工して作成 ｜ OpenStreetMap（© OpenStreetMap contributors, ODbL 1.0）Geofabrik japan-latest.osm.pbf 2026-09-23T20:22:04Z node/6302569664",
BS-kP11-22-12-bs10173,bus_stop,旅名,35.205796,140.0219811,WGS84,549,高宕山,関東百名山,,,,TH-n6344347800(17m),operator=君津市; busType=コミュニティバス; busRoutes=中島・豊英線; network=君津市コミュニティバス,adopted,10,運行状況（季節運行・休止・予約制）を要確認,"国土数値情報（バス停留所データ）令和4年度（国土交通省）P11-22-12-bs10173（35.205796, 140.021981、JGD2011）を加工して作成 ｜ OpenStreetMap（© OpenStreetMap contributors, ODbL 1.0）Geofabrik japan-latest.osm.pbf 2026-09-23T20:22:04Z node/6344347800",
BS-kP11-22-12-bs10185,bus_stop,下の台,35.1983799,140.0204249,WGS84,549,高宕山,関東百名山,,,,TH-n6344347800(849m) TH-n6344347800(849m),operator=君津市; busType=コミュニティバス; busRoutes=中島・豊英線; network=日東交通,adopted,10,運行状況（季節運行・休止・予約制）を要確認、登山口から離れている（徒歩アプローチを要確認）,"国土数値情報（バス停留所データ）令和4年度（国土交通省）P11-22-12-bs10185（35.198380, 140.020425、JGD2011）を加工して作成 ｜ OpenStreetMap（© OpenStreetMap contributors, ODbL 1.0）Geofabrik japan-latest.osm.pbf 2026-09-23T20:22:04Z node/10023595568",
BS-kP11-22-12-bs10190,bus_stop,上の台,35.194724,140.0162316,WGS84,549,高宕山,関東百名山,,,,TH-n3745996625(877m),operator=君津市; busType=コミュニティバス; busRoutes=中島・豊英線; network=君津市コミュニティバス,adopted,10,運行状況（季節運行・休止・予約制）を要確認、登山口から離れている（徒歩アプローチを要確認）,"国土数値情報（バス停留所データ）令和4年度（国土交通省）P11-22-12-bs10190（35.194724, 140.016232、JGD2011）を加工して作成 ｜ OpenStreetMap（© OpenStreetMap contributors, ODbL 1.0）Geofabrik japan-latest.osm.pbf 2026-09-23T20:22:04Z node/6355273747",
BS-kP11-22-12-bs10199,bus_stop,奥畑,35.1895479,140.0100154,WGS84,549,高宕山,関東百名山,,,,TH-n3745996625(259m),operator=君津市; busType=コミュニティバス; busRoutes=中島・豊英線; network=君津市コミュニティバス,adopted,10,運行状況（季節運行・休止・予約制）を要確認,"国土数値情報（バス停留所データ）令和4年度（国土交通省）P11-22-12-bs10199（35.189548, 140.010015、JGD2011）を加工して作成 ｜ OpenStreetMap（© OpenStreetMap contributors, ODbL 1.0）Geofabrik japan-latest.osm.pbf 2026-09-23T20:22:04Z node/6358002734",
BS-kP11-22-12-bs10213,bus_stop,ロマンの森共和国,35.1822256,140.0083796,WGS84,549,高宕山,関東百名山,,,,TH-n3745996625(967m),operator=君津市; busType=コミュニティバス; busRoutes=中島・豊英線,adopted,10,運行状況（季節運行・休止・予約制）を要確認、登山口から離れている（徒歩アプローチを要確認）,"国土数値情報（バス停留所データ）令和4年度（国土交通省）P11-22-12-bs10213（35.182226, 140.008380、JGD2011）を加工して作成",
BS-kP11-22-12-bs10233,bus_stop,東京湾フェリー,35.1691414,139.8179551,WGS84,561,鋸山,関東百名山,,,,TH-n1450308235(962m),operator=日東交通（株）; busType=民間路線バス; busRoutes=竹岡線 / 金谷・長狭線; network=日東交通,adopted,10,運行状況（季節運行・休止・予約制）を要確認、登山口から離れている（徒歩アプローチを要確認）,"国土数値情報（バス停留所データ）令和4年度（国土交通省）P11-22-12-bs10233（35.169141, 139.817955、JGD2011）を加工して作成 ｜ OpenStreetMap（© OpenStreetMap contributors, ODbL 1.0）Geofabrik japan-latest.osm.pbf 2026-09-23T20:22:04Z node/6588056928",
BS-kP11-22-12-bs10240,bus_stop,鋸山ロープウェイ,35.1635497,139.8224883,WGS84,561,鋸山,関東百名山,,,,TH-n760291651(813m) TH-n1450308235(491m) TH-n1450309169(880m),operator=日東交通（株）; busType=民間路線バス; busRoutes=金谷・長狭線; network=日東交通,adopted,10,運行状況（季節運行・休止・予約制）を要確認、登山口から離れている（徒歩アプローチを要確認）,"国土数値情報（バス停留所データ）令和4年度（国土交通省）P11-22-12-bs10240（35.163550, 139.822488、JGD2011）を加工して作成 ｜ OpenStreetMap（© OpenStreetMap contributors, ODbL 1.0）Geofabrik japan-latest.osm.pbf 2026-09-23T20:22:04Z node/10203588126",
BS-kP11-22-12-bs10270,bus_stop,鋸山保田口,35.1508765,139.8300227,WGS84,561,鋸山,関東百名山,,,,TH-n760291651(825m) TH-n760291651(825m) TH-n304026277(739m) TH-n304026277(739m) TH-n1387059258(389m) TH-n1387059258(389m) TH-n1387059783(705m) TH-n1387059783(705m),operator=鋸南町; busType=コミュニティバス; busRoutes=赤・青バス; network=日東交通,adopted,10,運行状況（季節運行・休止・予約制）を要確認、登山口から離れている（徒歩アプローチを要確認）,"国土数値情報（バス停留所データ）令和4年度（国土交通省）P11-22-12-bs10270（35.150877, 139.830023、JGD2011）を加工して作成 ｜ OpenStreetMap（© OpenStreetMap contributors, ODbL 1.0）Geofabrik japan-latest.osm.pbf 2026-09-23T20:22:04Z node/10201004382",
BS-kP11-22-12-bs10271,bus_stop,鋸山保田口,35.1508765,139.8300227,WGS84,561,鋸山,関東百名山,,,,TH-n304026277(739m) TH-n1387059258(389m) TH-n1387059783(705m),operator=日東交通（株）; busType=民間路線バス; busRoutes=金谷・長狭線,adopted,10,運行状況（季節運行・休止・予約制）を要確認、登山口から離れている（徒歩アプローチを要確認）,"国土数値情報（バス停留所データ）令和4年度（国土交通省）P11-22-12-bs10271（35.150877, 139.830023、JGD2011）を加工して作成",
BS-kP11-22-12-bs10541,bus_stop,坂田建築前,35.1057878,139.9250039,WGS84,580,伊予ヶ岳,関東百名山,,,,TH-n1386859124(931m),operator=南房総市; busType=コミュニティバス; busRoutes=市営路線バス富山線・トミー号,adopted,10,運行状況（季節運行・休止・予約制）を要確認、登山口から離れている（徒歩アプローチを要確認）,"国土数値情報（バス停留所データ）令和4年度（国土交通省）P11-22-12-bs10541（35.105788, 139.925004、JGD2011）を加工して作成",
BS-kP11-22-12-bs10542,bus_stop,二部上,35.1051527,139.8735189,WGS84,581,富山,関東百名山,,,,TH-n1386844084(913m),operator=南房総市; busType=コミュニティバス; busRoutes=市営路線バス富山線・トミー号,adopted,10,運行状況（季節運行・休止・予約制）を要確認、登山口から離れている（徒歩アプローチを要確認）,"国土数値情報（バス停留所データ）令和4年度（国土交通省）P11-22-12-bs10542（35.105153, 139.873519、JGD2011）を加工して作成",
BS-kP11-22-12-bs10556,bus_stop,天神郷,35.0996812,139.917936,WGS84,580,伊予ヶ岳,関東百名山,,,,TH-w389811953(108m),operator=日東交通（株）; busType=民間路線バス; busRoutes=平群線; network=日東交通,adopted,10,運行状況（季節運行・休止・予約制）を要確認,"国土数値情報（バス停留所データ）令和4年度（国土交通省）P11-22-12-bs10556（35.099681, 139.917936、JGD2011）を加工して作成 ｜ OpenStreetMap（© OpenStreetMap contributors, ODbL 1.0）Geofabrik japan-latest.osm.pbf 2026-09-23T20:22:04Z node/9826838745",
BS-kP11-22-12-bs10557,bus_stop,天神郷,35.0996812,139.917936,WGS84,580,伊予ヶ岳,関東百名山,,,,TH-w389811953(108m),operator=南房総市; busType=コミュニティバス; busRoutes=市営路線バス富山線・トミー号,adopted,10,運行状況（季節運行・休止・予約制）を要確認,"国土数値情報（バス停留所データ）令和4年度（国土交通省）P11-22-12-bs10557（35.099681, 139.917936、JGD2011）を加工して作成",
BS-kP11-22-12-bs10558,bus_stop,平群車庫,35.099349,139.9200522,WGS84,580,伊予ヶ岳,関東百名山,,,,TH-w389811953(247m),operator=日東交通（株）; busType=民間路線バス; busRoutes=平群線; network=日東交通,adopted,10,運行状況（季節運行・休止・予約制）を要確認,"国土数値情報（バス停留所データ）令和4年度（国土交通省）P11-22-12-bs10558（35.099349, 139.920052、JGD2011）を加工して作成 ｜ OpenStreetMap（© OpenStreetMap contributors, ODbL 1.0）Geofabrik japan-latest.osm.pbf 2026-09-23T20:22:04Z node/9313495171",
BS-kP11-22-12-bs10560,bus_stop,山田,35.0991442,139.9554212,WGS84,582,御殿山,関東百名山,,,,TH-kP11-22-12-bs10569(886m) TH-kP11-22-12-bs10560(0m),operator=南房総市; busType=コミュニティバス; busRoutes=市営路線バス富山線・トミー号,adopted,10,運行状況（季節運行・休止・予約制）を要確認、登山口から離れている（徒歩アプローチを要確認）,"国土数値情報（バス停留所データ）令和4年度（国土交通省）P11-22-12-bs10560（35.099144, 139.955421、JGD2011）を加工して作成",
BS-kP11-22-12-bs10569,bus_stop,山田中,35.0978942,139.9458084,WGS84,582,御殿山,関東百名山,,,,TH-kP11-22-12-bs10569(0m) TH-kP11-22-12-bs10560(886m) TH-gsi-gotenyama-yamada(406m),operator=南房総市; busType=コミュニティバス; busRoutes=市営路線バス富山線・トミー号,adopted,10,運行状況（季節運行・休止・予約制）を要確認、登山口から離れている（徒歩アプローチを要確認）,"国土数値情報（バス停留所データ）令和4年度（国土交通省）P11-22-12-bs10569（35.097894, 139.945808、JGD2011）を加工して作成",
BS-kP11-22-12-bs10570,bus_stop,平群局前,35.0977554,139.9154698,WGS84,580,伊予ヶ岳,関東百名山,,,,TH-n12676555879(671m) TH-n12676555879(671m),operator=日東交通（株）; busType=民間路線バス; busRoutes=平群線; network=日東交通,adopted,10,運行状況（季節運行・休止・予約制）を要確認、登山口から離れている（徒歩アプローチを要確認）,"国土数値情報（バス停留所データ）令和4年度（国土交通省）P11-22-12-bs10570（35.097755, 139.915470、JGD2011）を加工して作成 ｜ OpenStreetMap（© OpenStreetMap contributors, ODbL 1.0）Geofabrik japan-latest.osm.pbf 2026-09-23T20:22:04Z node/9818021176",
BS-kP11-22-12-bs10571,bus_stop,平群郵便局,35.0977554,139.9154698,WGS84,580,伊予ヶ岳,関東百名山,,,,TH-n12676555879(671m),operator=南房総市; busType=コミュニティバス; busRoutes=市営路線バス富山線・トミー号,adopted,10,運行状況（季節運行・休止・予約制）を要確認、登山口から離れている（徒歩アプローチを要確認）,"国土数値情報（バス停留所データ）令和4年度（国土交通省）P11-22-12-bs10571（35.097755, 139.915470、JGD2011）を加工して作成",
BS-kP11-22-12-bs10592,bus_stop,富山学園前,35.092506,139.8628277,WGS84,581,富山,関東百名山,,,,TH-kP11-22-12-bs10599(667m) TH-gsi-fukumanji(657m),operator=南房総市; busType=コミュニティバス; busRoutes=市営路線バス富山線・トミー号,adopted,10,運行状況（季節運行・休止・予約制）を要確認、登山口から離れている（徒歩アプローチを要確認）,"国土数値情報（バス停留所データ）令和4年度（国土交通省）P11-22-12-bs10592（35.092506, 139.862828、JGD2011）を加工して作成",
BS-kP11-22-12-bs10593,bus_stop,大井橋,35.0924419,139.9721009,WGS84,582,御殿山,関東百名山,,,,TH-n9749381278(248m),operator=日東交通（株）; busType=民間路線バス; busRoutes=丸線; network=南房総市営バス;日東交通,adopted,10,運行状況（季節運行・休止・予約制）を要確認,"国土数値情報（バス停留所データ）令和4年度（国土交通省）P11-22-12-bs10593（35.092442, 139.972101、JGD2011）を加工して作成 ｜ OpenStreetMap（© OpenStreetMap contributors, ODbL 1.0）Geofabrik japan-latest.osm.pbf 2026-09-23T20:22:04Z node/9749381302",
BS-kP11-22-12-bs10594,bus_stop,大井橋,35.0924419,139.9721009,WGS84,582,御殿山,関東百名山,,,,TH-n9749381278(248m),operator=南房総市; busType=コミュニティバス; busRoutes=市営路線バス富山線・トミー号,adopted,10,運行状況（季節運行・休止・予約制）を要確認,"国土数値情報（バス停留所データ）令和4年度（国土交通省）P11-22-12-bs10594（35.092442, 139.972101、JGD2011）を加工して作成",
BS-kP11-22-12-bs10599,bus_stop,宮谷口,35.0910985,139.8699519,WGS84,581,富山,関東百名山,,,,TH-kP11-22-12-bs10599(0m) TH-n1386844084(776m) TH-gsi-fukumanji(70m),operator=南房総市; busType=コミュニティバス; busRoutes=市営路線バス富山線・トミー号,adopted,10,運行状況（季節運行・休止・予約制）を要確認、登山口から離れている（徒歩アプローチを要確認）,"国土数値情報（バス停留所データ）令和4年度（国土交通省）P11-22-12-bs10599（35.091099, 139.869952、JGD2011）を加工して作成",
BS-kP11-22-12-bs10603,bus_stop,大井下,35.0904424,139.9712713,WGS84,582,御殿山,関東百名山,,,,TH-n9749381278(14m),operator=日東交通（株）; busType=民間路線バス; busRoutes=丸線; network=南房総市営バス;日東交通,adopted,10,運行状況（季節運行・休止・予約制）を要確認,"国土数値情報（バス停留所データ）令和4年度（国土交通省）P11-22-12-bs10603（35.090442, 139.971271、JGD2011）を加工して作成 ｜ OpenStreetMap（© OpenStreetMap contributors, ODbL 1.0）Geofabrik japan-latest.osm.pbf 2026-09-23T20:22:04Z node/9749381278",
BS-kP11-22-12-bs10611,bus_stop,白井商店前,35.0895988,139.8894729,WGS84,581,富山,関東百名山,,,,TH-n1386810488(840m),operator=南房総市; busType=コミュニティバス; busRoutes=市営路線バス富山線・トミー号,adopted,10,運行状況（季節運行・休止・予約制）を要確認、登山口から離れている（徒歩アプローチを要確認）,"国土数値情報（バス停留所データ）令和4年度（国土交通省）P11-22-12-bs10611（35.089599, 139.889473、JGD2011）を加工して作成",
BS-kP11-22-12-bs10612,bus_stop,合戸,35.089448,139.8737666,WGS84,581,富山,関東百名山,,,,TH-kP11-22-12-bs10599(392m) TH-n2936278316(940m) TH-n1386844084(833m) TH-n1386810488(590m) TH-gsi-fukumanji(428m),operator=南房総市; busType=コミュニティバス; busRoutes=市営路線バス富山線・トミー号,adopted,10,運行状況（季節運行・休止・予約制）を要確認、登山口から離れている（徒歩アプローチを要確認）,"国土数値情報（バス停留所データ）令和4年度（国土交通省）P11-22-12-bs10612（35.089448, 139.873767、JGD2011）を加工して作成",
BS-kP11-22-13-bs1008,bus_stop,留浦,35.7779753,138.9901614,WGS84,377 382,雲取山、鷹ノ巣山,日本百名山|日本二百名山|日本三百名山|関東百名山,,,,TH-n1593226791(136m) TH-n1593226791(136m),operator=西東京バス（株）; busType=民間路線バス; busRoutes=奥11 / 奥10 / 奥09,adopted,10,運行状況（季節運行・休止・予約制）を要確認,"国土数値情報（バス停留所データ）令和4年度（国土交通省）P11-22-13-bs1008（35.777975, 138.990161、JGD2011）を加工して作成 ｜ OpenStreetMap（© OpenStreetMap contributors, ODbL 1.0）Geofabrik japan-latest.osm.pbf 2026-09-23T20:22:04Z node/5066022179",
BS-kP11-22-13-bs10122,bus_stop,日影,35.6397782,139.2430533,WGS84,416 422,陣馬山、高尾山,関東百名山,,,,TH-n2963687484(13m) TH-n2963687484(13m),operator=京王バス（株）; busType=民間路線バス; busRoutes=高01 / 山03,adopted,10,運行状況（季節運行・休止・予約制）を要確認,"国土数値情報（バス停留所データ）令和4年度（国土交通省）P11-22-13-bs10122（35.639778, 139.243053、JGD2011）を加工して作成 ｜ OpenStreetMap（© OpenStreetMap contributors, ODbL 1.0）Geofabrik japan-latest.osm.pbf 2026-09-23T20:22:04Z node/2963687484",
BS-kP11-22-13-bs10129,bus_stop,荒井,35.6396539,139.2612271,WGS84,416 422,陣馬山、高尾山,関東百名山,,,,TH-n2963604824(331m),operator=京王バス（株）; busType=民間路線バス; busRoutes=高01 / 山03,adopted,10,運行状況（季節運行・休止・予約制）を要確認,"国土数値情報（バス停留所データ）令和4年度（国土交通省）P11-22-13-bs10129（35.639654, 139.261227、JGD2011）を加工して作成 ｜ OpenStreetMap（© OpenStreetMap contributors, ODbL 1.0）Geofabrik japan-latest.osm.pbf 2026-09-23T20:22:04Z node/2963627766",
BS-kP11-22-13-bs10142,bus_stop,梅の里入口,35.6394535,139.2401738,WGS84,416 422,陣馬山、高尾山,関東百名山,,,,TH-n2963687484(272m),operator=京王バス（株）; busType=民間路線バス; busRoutes=高01 / 山03,adopted,10,運行状況（季節運行・休止・予約制）を要確認,"国土数値情報（バス停留所データ）令和4年度（国土交通省）P11-22-13-bs10142（35.639453, 139.240174、JGD2011）を加工して作成 ｜ OpenStreetMap（© OpenStreetMap contributors, ODbL 1.0）Geofabrik japan-latest.osm.pbf 2026-09-23T20:22:04Z node/6713982304",
BS-kP11-22-13-bs10156,bus_stop,蛇滝口,35.6390691,139.2577368,WGS84,416 422,陣馬山、高尾山,関東百名山,,,,TH-w527494157(892m) TH-w527494157(892m) TH-n2963604824(10m) TH-n2963604824(10m),operator=京王バス（株）; busType=民間路線バス; busRoutes=高01 / 山03,adopted,10,運行状況（季節運行・休止・予約制）を要確認、登山口から離れている（徒歩アプローチを要確認）,"国土数値情報（バス停留所データ）令和4年度（国土交通省）P11-22-13-bs10156（35.639069, 139.257737、JGD2011）を加工して作成 ｜ OpenStreetMap（© OpenStreetMap contributors, ODbL 1.0）Geofabrik japan-latest.osm.pbf 2026-09-23T20:22:04Z node/2963604824",
BS-kP11-22-13-bs10257,bus_stop,落合,35.6369166,139.270764,WGS84,422,高尾山,関東百名山,,,,TH-n5716697592(520m) TH-n12247731401(102m) TH-n12247731401(102m),operator=京王バス（株）; busType=民間路線バス; busRoutes=山01 / 山03 / 山02,adopted,10,運行状況（季節運行・休止・予約制）を要確認,"国土数値情報（バス停留所データ）令和4年度（国土交通省）P11-22-13-bs10257（35.636917, 139.270764、JGD2011）を加工して作成 ｜ OpenStreetMap（© OpenStreetMap contributors, ODbL 1.0）Geofabrik japan-latest.osm.pbf 2026-09-23T20:22:04Z node/8818405806",
BS-kP11-22-13-bs10258,bus_stop,落合,35.6369166,139.270764,WGS84,422,高尾山,関東百名山,,,,TH-n12247731401(102m),operator=神奈川中央交通（株）; busType=民間路線バス; busRoutes=八07,adopted,10,運行状況（季節運行・休止・予約制）を要確認,"国土数値情報（バス停留所データ）令和4年度（国土交通省）P11-22-13-bs10258（35.636917, 139.270764、JGD2011）を加工して作成",
BS-kP11-22-13-bs10464,bus_stop,高尾山口駅,35.6327051,139.2703894,WGS84,416 422,陣馬山、高尾山,関東百名山,,,,TH-w1426472128(365m) TH-n5716697592(66m) TH-w1426472158(894m),operator=京王バス（株）; busType=民間路線バス; busRoutes=山01 / 山03 / 山02,adopted,10,運行状況（季節運行・休止・予約制）を要確認、登山口から離れている（徒歩アプローチを要確認）,"国土数値情報（バス停留所データ）令和4年度（国土交通省）P11-22-13-bs10464（35.632705, 139.270389、JGD2011）を加工して作成 ｜ OpenStreetMap（© OpenStreetMap contributors, ODbL 1.0）Geofabrik japan-latest.osm.pbf 2026-09-23T20:22:04Z node/2204440499",
BS-kP11-22-13-bs10465,bus_stop,高尾山口駅,35.6327051,139.2703894,WGS84,416 422,陣馬山、高尾山,関東百名山,,,,TH-w1426472128(365m) TH-n5716697592(66m) TH-w1426472158(894m),operator=神奈川中央交通（株）; busType=民間路線バス; busRoutes=湖29 / 八07,adopted,10,運行状況（季節運行・休止・予約制）を要確認、登山口から離れている（徒歩アプローチを要確認）,"国土数値情報（バス停留所データ）令和4年度（国土交通省）P11-22-13-bs10465（35.632705, 139.270389、JGD2011）を加工して作成",
BS-kP11-22-13-bs10678,bus_stop,込縄橋,35.6279964,139.2673651,WGS84,416 422,陣馬山、高尾山,関東百名山,,,,TH-w1426472128(346m) TH-w1426472158(694m),operator=神奈川中央交通（株）; busType=民間路線バス; busRoutes=湖29 / 八07,adopted,10,運行状況（季節運行・休止・予約制）を要確認、登山口から離れている（徒歩アプローチを要確認）,"国土数値情報（バス停留所データ）令和4年度（国土交通省）P11-22-13-bs10678（35.627996, 139.267365、JGD2011）を加工して作成",
BS-kP11-22-13-bs1074,bus_stop,日の出山登山口,35.7766942,139.1938132,WGS84,376 381,棒ノ嶺、岩茸石山,関東百名山,,,,TH-n6417446634(419m),operator=西東京バス（株）; busType=民間路線バス; busRoutes=五20,adopted,10,運行状況（季節運行・休止・予約制）を要確認,"国土数値情報（バス停留所データ）令和4年度（国土交通省）P11-22-13-bs1074（35.776694, 139.193813、JGD2011）を加工して作成",
BS-kP11-22-13-bs10995,bus_stop,梅の木平,35.6211424,139.2627244,WGS84,416 422,陣馬山、高尾山,関東百名山,,,,TH-kP11-22-13-bs11093(353m),operator=神奈川中央交通（株）; busType=民間路線バス; busRoutes=湖29 / 八07,adopted,10,運行状況（季節運行・休止・予約制）を要確認,"国土数値情報（バス停留所データ）令和4年度（国土交通省）P11-22-13-bs10995（35.621142, 139.262724、JGD2011）を加工して作成",
BS-kP11-22-13-bs11043,bus_stop,大垂水,35.6199022,139.2302134,WGS84,416 422,陣馬山、高尾山,関東百名山,,,,TH-kP11-22-13-bs11043(0m),operator=神奈川中央交通（株）; busType=民間路線バス; busRoutes=湖29 / 八07,adopted,10,運行状況（季節運行・休止・予約制）を要確認,"国土数値情報（バス停留所データ）令和4年度（国土交通省）P11-22-13-bs11043（35.619902, 139.230213、JGD2011）を加工して作成",
BS-kP11-22-13-bs11093,bus_stop,山下,35.6182308,139.261135,WGS84,416 422,陣馬山、高尾山,関東百名山,,,,TH-kP11-22-13-bs11093(0m),operator=神奈川中央交通（株）; busType=民間路線バス; busRoutes=湖29 / 八07,adopted,10,運行状況（季節運行・休止・予約制）を要確認,"国土数値情報（バス停留所データ）令和4年度（国土交通省）P11-22-13-bs11093（35.618231, 139.261135、JGD2011）を加工して作成",
BS-kP11-22-13-bs1132,bus_stop,坪沢橋,35.7756348,138.9923328,WGS84,377 382,雲取山、鷹ノ巣山,日本百名山|日本二百名山|日本三百名山|関東百名山,,,,TH-n1593226791(358m),operator=西東京バス（株）; busType=民間路線バス; busRoutes=奥11 / 奥10 / 奥09,adopted,10,運行状況（季節運行・休止・予約制）を要確認,"国土数値情報（バス停留所データ）令和4年度（国土交通省）P11-22-13-bs1132（35.775635, 138.992333、JGD2011）を加工して作成 ｜ OpenStreetMap（© OpenStreetMap contributors, ODbL 1.0）Geofabrik japan-latest.osm.pbf 2026-09-23T20:22:04Z node/5066022180",
BS-kP11-22-13-bs1136,bus_stop,深山橋,35.7756179,139.0004703,WGS84,399,三頭山,日本三百名山|関東百名山,,,,TH-n5071170173(359m),operator=西東京バス（株）; busType=民間路線バス; busRoutes=奥11 / 奥10 / 奥09,adopted,10,運行状況（季節運行・休止・予約制）を要確認,"国土数値情報（バス停留所データ）令和4年度（国土交通省）P11-22-13-bs1136（35.775618, 139.000470、JGD2011）を加工して作成 ｜ OpenStreetMap（© OpenStreetMap contributors, ODbL 1.0）Geofabrik japan-latest.osm.pbf 2026-09-23T20:22:04Z node/3451561393",
BS-kP11-22-13-bs1157,bus_stop,松尾,35.7751499,139.1955601,WGS84,376 381,棒ノ嶺、岩茸石山,関東百名山,,,,TH-n6417446634(643m),operator=西東京バス（株）; busType=民間路線バス; busRoutes=五21 / 五20; network=西東京バス,adopted,10,運行状況（季節運行・休止・予約制）を要確認、登山口から離れている（徒歩アプローチを要確認）,"国土数値情報（バス停留所データ）令和4年度（国土交通省）P11-22-13-bs1157（35.775150, 139.195560、JGD2011）を加工して作成 ｜ OpenStreetMap（© OpenStreetMap contributors, ODbL 1.0）Geofabrik japan-latest.osm.pbf 2026-09-23T20:22:04Z node/6002441987",
BS-kP11-22-13-bs1204,bus_stop,陣屋,35.7740475,138.9983878,WGS84,399,三頭山,日本三百名山|関東百名山,,,,TH-n5071170173(182m) TH-n5071170173(182m),operator=西東京バス（株）; busType=民間路線バス; busRoutes=奥12,adopted,10,運行状況（季節運行・休止・予約制）を要確認,"国土数値情報（バス停留所データ）令和4年度（国土交通省）P11-22-13-bs1204（35.774047, 138.998388、JGD2011）を加工して作成 ｜ OpenStreetMap（© OpenStreetMap contributors, ODbL 1.0）Geofabrik japan-latest.osm.pbf 2026-09-23T20:22:04Z node/5066022160",
BS-kP11-22-13-bs123,bus_stop,鍾乳洞,35.8481437,139.0375318,WGS84,377,雲取山,日本百名山|日本二百名山|日本三百名山|関東百名山,,,,TH-n1600941470(477m) TH-n1600941470(477m),operator=西東京バス（株）; busType=民間路線バス; busRoutes=奥20; network=西東京バス,adopted,10,運行状況（季節運行・休止・予約制）を要確認,"国土数値情報（バス停留所データ）令和4年度（国土交通省）P11-22-13-bs123（35.848144, 139.037532、JGD2011）を加工して作成 ｜ OpenStreetMap（© OpenStreetMap contributors, ODbL 1.0）Geofabrik japan-latest.osm.pbf 2026-09-23T20:22:04Z node/5064280006",
BS-kP11-22-13-bs124,bus_stop,清東橋,35.843762,139.1538604,WGS84,378 376,川苔山、棒ノ嶺,関東百名山,,,,TH-n1593292846(531m) TH-n1593292846(531m) TH-osm-n4914197868(5m) TH-osm-n4914197868(5m),operator=西東京バス（株）; busType=民間路線バス; busRoutes=奥31 / 川31 / 川33,adopted,10,運行状況（季節運行・休止・予約制）を要確認,"国土数値情報（バス停留所データ）令和4年度（国土交通省）P11-22-13-bs124（35.843762, 139.153860、JGD2011）を加工して作成 ｜ OpenStreetMap（© OpenStreetMap contributors, ODbL 1.0）Geofabrik japan-latest.osm.pbf 2026-09-23T20:22:04Z node/5297458692",
BS-kP11-22-13-bs127,bus_stop,東日原,35.8417461,139.0446334,WGS84,377 382 378,雲取山、鷹ノ巣山、川苔山,日本百名山|日本二百名山|日本三百名山|関東百名山,,,,TH-n305647302(437m) TH-n5064279909(72m) TH-n5064279909(72m),operator=西東京バス（株）; busType=民間路線バス; busRoutes=奥20 / 奥21,adopted,10,運行状況（季節運行・休止・予約制）を要確認,"国土数値情報（バス停留所データ）令和4年度（国土交通省）P11-22-13-bs127（35.841746, 139.044633、JGD2011）を加工して作成 ｜ OpenStreetMap（© OpenStreetMap contributors, ODbL 1.0）Geofabrik japan-latest.osm.pbf 2026-09-23T20:22:04Z node/4591850504",
BS-kP11-22-13-bs128,bus_stop,小山,35.8414975,139.1565421,WGS84,378 376,川苔山、棒ノ嶺,関東百名山,,,,TH-kP11-22-13-bs131(196m) TH-n1593292846(833m) TH-osm-n4914197868(347m),operator=西東京バス（株）; busType=民間路線バス; busRoutes=奥31 / 川31 / 川33,adopted,10,運行状況（季節運行・休止・予約制）を要確認、登山口から離れている（徒歩アプローチを要確認）,"国土数値情報（バス停留所データ）令和4年度（国土交通省）P11-22-13-bs128（35.841498, 139.156542、JGD2011）を加工して作成 ｜ OpenStreetMap（© OpenStreetMap contributors, ODbL 1.0）Geofabrik japan-latest.osm.pbf 2026-09-23T20:22:04Z node/1593289014",
BS-kP11-22-13-bs129,bus_stop,中日原,35.8411058,139.0410898,WGS84,377 382 378,雲取山、鷹ノ巣山、川苔山,日本百名山|日本二百名山|日本三百名山|関東百名山,,,,TH-n305647302(115m) TH-n305647302(115m) TH-n5064279909(287m),operator=西東京バス（株）; busType=民間路線バス; busRoutes=奥20,adopted,10,運行状況（季節運行・休止・予約制）を要確認,"国土数値情報（バス停留所データ）令和4年度（国土交通省）P11-22-13-bs129（35.841106, 139.041090、JGD2011）を加工して作成 ｜ OpenStreetMap（© OpenStreetMap contributors, ODbL 1.0）Geofabrik japan-latest.osm.pbf 2026-09-23T20:22:04Z node/5064280007",
BS-kP11-22-13-bs131,bus_stop,小中茶屋,35.8404278,139.1582686,WGS84,378,川苔山,関東百名山,,,,TH-kP11-22-13-bs131(0m) TH-kP11-22-13-bs131(0m),operator=西東京バス（株）; busType=民間路線バス; busRoutes=奥31 / 川31 / 川33,adopted,10,運行状況（季節運行・休止・予約制）を要確認,"国土数値情報（バス停留所データ）令和4年度（国土交通省）P11-22-13-bs131（35.840428, 139.158269、JGD2011）を加工して作成 ｜ OpenStreetMap（© OpenStreetMap contributors, ODbL 1.0）Geofabrik japan-latest.osm.pbf 2026-09-23T20:22:04Z node/1593288119",
BS-kP11-22-13-bs139,bus_stop,上成木,35.8367528,139.2034922,WGS84,378,川苔山,関東百名山,,,,TH-n3993687001(57m) TH-n3993687001(57m),operator=東京都; busType=公営路線バス; busRoutes=梅76甲,adopted,10,運行状況（季節運行・休止・予約制）を要確認,"国土数値情報（バス停留所データ）令和4年度（国土交通省）P11-22-13-bs139（35.836753, 139.203492、JGD2011）を加工して作成 ｜ OpenStreetMap（© OpenStreetMap contributors, ODbL 1.0）Geofabrik japan-latest.osm.pbf 2026-09-23T20:22:04Z node/3993687001",
BS-kP11-22-13-bs141,bus_stop,大指,35.8357754,139.2092242,WGS84,378,川苔山,関東百名山,,,,TH-n3993687001(584m),operator=東京都; busType=公営路線バス; busRoutes=梅76甲,adopted,10,運行状況（季節運行・休止・予約制）を要確認,"国土数値情報（バス停留所データ）令和4年度（国土交通省）P11-22-13-bs141（35.835775, 139.209224、JGD2011）を加工して作成 ｜ OpenStreetMap（© OpenStreetMap contributors, ODbL 1.0）Geofabrik japan-latest.osm.pbf 2026-09-23T20:22:04Z node/288367900",
BS-kP11-22-13-bs151,bus_stop,川乗橋,35.8317682,139.0762438,WGS84,378,川苔山,関東百名山,,,,TH-osm-n2876922001(7m) TH-osm-n2876922001(7m),operator=西東京バス（株）; busType=民間路線バス; busRoutes=奥20 / 奥21,adopted,10,運行状況（季節運行・休止・予約制）を要確認,"国土数値情報（バス停留所データ）令和4年度（国土交通省）P11-22-13-bs151（35.831768, 139.076244、JGD2011）を加工して作成 ｜ OpenStreetMap（© OpenStreetMap contributors, ODbL 1.0）Geofabrik japan-latest.osm.pbf 2026-09-23T20:22:04Z node/2876922001",
BS-kP11-22-13-bs156,bus_stop,白妙橋,35.8296094,139.0756296,WGS84,378,川苔山,関東百名山,,,,TH-osm-n2876922001(246m),operator=西東京バス（株）; busType=民間路線バス; busRoutes=奥20 / 奥21,adopted,10,運行状況（季節運行・休止・予約制）を要確認,"国土数値情報（バス停留所データ）令和4年度（国土交通省）P11-22-13-bs156（35.829609, 139.075630、JGD2011）を加工して作成 ｜ OpenStreetMap（© OpenStreetMap contributors, ODbL 1.0）Geofabrik japan-latest.osm.pbf 2026-09-23T20:22:04Z node/5302036383",
BS-kP11-22-13-bs1733,bus_stop,庄の指,35.7627469,138.9930949,WGS84,399,三頭山,日本三百名山|関東百名山,,,,TH-kP11-22-13-bs1733(0m),operator=西東京バス（株）; busType=民間路線バス; busRoutes=奥12,adopted,10,運行状況（季節運行・休止・予約制）を要確認,"国土数値情報（バス停留所データ）令和4年度（国土交通省）P11-22-13-bs1733（35.762747, 138.993095、JGD2011）を加工して作成 ｜ OpenStreetMap（© OpenStreetMap contributors, ODbL 1.0）Geofabrik japan-latest.osm.pbf 2026-09-23T20:22:04Z node/5792153269",
BS-kP11-22-13-bs182,bus_stop,不老,35.8214741,139.0822731,WGS84,382,鷹ノ巣山,関東百名山,,,,TH-kP11-22-13-bs191(566m),operator=西東京バス（株）; busType=民間路線バス; busRoutes=奥20 / 奥21,adopted,10,運行状況（季節運行・休止・予約制）を要確認,"国土数値情報（バス停留所データ）令和4年度（国土交通省）P11-22-13-bs182（35.821474, 139.082273、JGD2011）を加工して作成 ｜ OpenStreetMap（© OpenStreetMap contributors, ODbL 1.0）Geofabrik japan-latest.osm.pbf 2026-09-23T20:22:04Z node/2876919301",
BS-kP11-22-13-bs1870,bus_stop,上養沢,35.7602283,139.1713947,WGS84,387 396,御岳山、大岳山,関東百名山|日本二百名山|日本三百名山,,,,TH-n6484951786(155m) TH-ksj-P11-22-13-bs1946(168m),operator=西東京バス（株）; busType=民間路線バス; busRoutes=五15 / 檜52,adopted,10,運行状況（季節運行・休止・予約制）を要確認,"国土数値情報（バス停留所データ）令和4年度（国土交通省）P11-22-13-bs1870（35.760228, 139.171395、JGD2011）を加工して作成",
BS-kP11-22-13-bs191,bus_stop,寺地,35.8175309,139.0862816,WGS84,382,鷹ノ巣山,関東百名山,,,,TH-kP11-22-13-bs191(0m) TH-kP11-22-13-bs191(0m),operator=西東京バス（株）; busType=民間路線バス; busRoutes=奥20 / 奥21,adopted,10,運行状況（季節運行・休止・予約制）を要確認,"国土数値情報（バス停留所データ）令和4年度（国土交通省）P11-22-13-bs191（35.817531, 139.086282、JGD2011）を加工して作成 ｜ OpenStreetMap（© OpenStreetMap contributors, ODbL 1.0）Geofabrik japan-latest.osm.pbf 2026-09-23T20:22:04Z node/5302036800",
BS-kP11-22-13-bs1946,bus_stop,大岳鍾乳洞入口,35.7589777,139.1703449,WGS84,387 396,御岳山、大岳山,関東百名山|日本二百名山|日本三百名山,,,,TH-n6484951786(13m) TH-ksj-P11-22-13-bs1946(0m),operator=西東京バス（株）; busType=民間路線バス; busRoutes=五15 / 檜52,adopted,10,運行状況（季節運行・休止・予約制）を要確認,"国土数値情報（バス停留所データ）令和4年度（国土交通省）P11-22-13-bs1946（35.758978, 139.170345、JGD2011）を加工して作成 ｜ OpenStreetMap（© OpenStreetMap contributors, ODbL 1.0）Geofabrik japan-latest.osm.pbf 2026-09-23T20:22:04Z node/3053387723",
BS-kP11-22-13-bs201,bus_stop,鳩の巣,35.8151664,139.1295751,WGS84,376 378 387,棒ノ嶺、川苔山、御岳山,関東百名山,,,,TH-n4916080533(310m) TH-n4916080533(310m) TH-n4916080533(310m) TH-n3879515013(62m) TH-n3879515013(62m) TH-n3879515013(62m) TH-n13745210606(251m) TH-n13745210606(251m) TH-n13745210606(251m),operator=西東京バス（株）; busType=民間路線バス; busRoutes=奥30 / 奥31,adopted,10,運行状況（季節運行・休止・予約制）を要確認,"国土数値情報（バス停留所データ）令和4年度（国土交通省）P11-22-13-bs201（35.815166, 139.129575、JGD2011）を加工して作成 ｜ OpenStreetMap（© OpenStreetMap contributors, ODbL 1.0）Geofabrik japan-latest.osm.pbf 2026-09-23T20:22:04Z node/2838957401",
BS-kP11-22-13-bs2139,bus_stop,三ツ合,35.7554762,139.1718809,WGS84,387 396,御岳山、大岳山,関東百名山|日本二百名山|日本三百名山,,,,TH-n6484951786(422m) TH-ksj-P11-22-13-bs1946(411m),operator=西東京バス（株）; busType=民間路線バス; busRoutes=五15 / 檜52,adopted,10,運行状況（季節運行・休止・予約制）を要確認,"国土数値情報（バス停留所データ）令和4年度（国土交通省）P11-22-13-bs2139（35.755476, 139.171881、JGD2011）を加工して作成 ｜ OpenStreetMap（© OpenStreetMap contributors, ODbL 1.0）Geofabrik japan-latest.osm.pbf 2026-09-23T20:22:04Z node/3053387717",
BS-kP11-22-13-bs2416,bus_stop,総角沢回転場,35.7504127,139.0804701,WGS84,387 394 396,御岳山、御前山、大岳山,関東百名山|日本二百名山|日本三百名山,,,,TH-n1401028303(111m),operator=檜原村; busType=コミュニティバス; busRoutes=デマンドバスやまびこ　藤倉線,adopted,10,運行状況（季節運行・休止・予約制）を要確認,"国土数値情報（バス停留所データ）令和4年度（国土交通省）P11-22-13-bs2416（35.750413, 139.080470、JGD2011）を加工して作成",
BS-kP11-22-13-bs2462,bus_stop,総角沢,35.74963,139.0810128,WGS84,387 394 396,御岳山、御前山、大岳山,関東百名山|日本二百名山|日本三百名山,,,,TH-n1401028303(13m),operator=檜原村; busType=コミュニティバス; busRoutes=デマンドバスやまびこ　藤倉線,adopted,10,運行状況（季節運行・休止・予約制）を要確認,"国土数値情報（バス停留所データ）令和4年度（国土交通省）P11-22-13-bs2462（35.749630, 139.081013、JGD2011）を加工して作成",
BS-kP11-22-13-bs261,bus_stop,軍畑駅入口,35.805811,139.2074013,WGS84,381,岩茸石山,関東百名山,,,,TH-osm-n4351266486(204m) TH-osm-n4351266486(204m) TH-osm-n4351266486(204m),operator=東京都; busType=公営路線バス; busRoutes=梅01,adopted,10,運行状況（季節運行・休止・予約制）を要確認,"国土数値情報（バス停留所データ）令和4年度（国土交通省）P11-22-13-bs261（35.805811, 139.207401、JGD2011）を加工して作成 ｜ OpenStreetMap（© OpenStreetMap contributors, ODbL 1.0）Geofabrik japan-latest.osm.pbf 2026-09-23T20:22:04Z node/2838973001",
BS-kP11-22-13-bs2738,bus_stop,郷土資料館バス停,35.7434101,139.1297535,WGS84,396,大岳山,日本二百名山|日本三百名山|関東百名山,,,,TH-ksj-P11-22-13-bs2902(594m),operator=檜原村; busType=コミュニティバス; busRoutes=デマンドバスやまびこ　神戸線,adopted,10,運行状況（季節運行・休止・予約制）を要確認,"国土数値情報（バス停留所データ）令和4年度（国土交通省）P11-22-13-bs2738（35.743410, 139.129753、JGD2011）を加工して作成",
BS-kP11-22-13-bs282,bus_stop,沢井駅入口,35.8047328,139.1928841,WGS84,376 378 381,棒ノ嶺、川苔山、岩茸石山,関東百名山,,,,TH-w972330066(137m) TH-w972330066(137m) TH-w972330066(137m),operator=東京都; busType=公営路線バス; busRoutes=梅01,adopted,10,運行状況（季節運行・休止・予約制）を要確認,"国土数値情報（バス停留所データ）令和4年度（国土交通省）P11-22-13-bs282（35.804733, 139.192884、JGD2011）を加工して作成 ｜ OpenStreetMap（© OpenStreetMap contributors, ODbL 1.0）Geofabrik japan-latest.osm.pbf 2026-09-23T20:22:04Z node/2838967601",
BS-kP11-22-13-bs2840,bus_stop,旧藤倉小前,35.741633,139.0785509,WGS84,387 394 396,御岳山、御前山、大岳山,関東百名山|日本二百名山|日本三百名山,,,,TH-n1401028303(908m),operator=檜原村; busType=コミュニティバス; busRoutes=デマンドバスやまびこ　藤倉線,adopted,10,運行状況（季節運行・休止・予約制）を要確認、登山口から離れている（徒歩アプローチを要確認）,"国土数値情報（バス停留所データ）令和4年度（国土交通省）P11-22-13-bs2840（35.741633, 139.078551、JGD2011）を加工して作成",
BS-kP11-22-13-bs287,bus_stop,奥多摩中学校,35.8045557,139.1010181,WGS84,387 394 396,御岳山、御前山、大岳山,関東百名山|日本二百名山|日本三百名山,,,,TH-n6690093272(155m) TH-n6690093272(155m) TH-n6690093272(155m),operator=西東京バス（株）; busType=民間路線バス; busRoutes=奥30 / 奥31,adopted,10,運行状況（季節運行・休止・予約制）を要確認,"国土数値情報（バス停留所データ）令和4年度（国土交通省）P11-22-13-bs287（35.804556, 139.101018、JGD2011）を加工して作成 ｜ OpenStreetMap（© OpenStreetMap contributors, ODbL 1.0）Geofabrik japan-latest.osm.pbf 2026-09-23T20:22:04Z node/4916081563",
BS-kP11-22-13-bs2884,bus_stop,横渡,35.7407436,139.0663539,WGS84,404,浅間嶺,関東百名山,,,,TH-kP11-22-13-bs3042(427m),operator=檜原村; busType=コミュニティバス; busRoutes=デマンドバスやまびこ　藤倉線,adopted,10,運行状況（季節運行・休止・予約制）を要確認,"国土数値情報（バス停留所データ）令和4年度（国土交通省）P11-22-13-bs2884（35.740744, 139.066354、JGD2011）を加工して作成",
BS-kP11-22-13-bs2902,bus_stop,白倉,35.7403127,139.1351231,WGS84,396,大岳山,日本二百名山|日本三百名山|関東百名山,,,,TH-ksj-P11-22-13-bs2902(0m),operator=西東京バス（株）; busType=民間路線バス; busRoutes=五18 / 五里18,adopted,10,運行状況（季節運行・休止・予約制）を要確認,"国土数値情報（バス停留所データ）令和4年度（国土交通省）P11-22-13-bs2902（35.740313, 139.135123、JGD2011）を加工して作成",
BS-kP11-22-13-bs2921,bus_stop,向,35.7400231,139.063323,WGS84,404,浅間嶺,関東百名山,,,,TH-kP11-22-13-bs3042(229m),operator=檜原村; busType=コミュニティバス; busRoutes=デマンドバスやまびこ　藤倉線,adopted,10,運行状況（季節運行・休止・予約制）を要確認,"国土数値情報（バス停留所データ）令和4年度（国土交通省）P11-22-13-bs2921（35.740023, 139.063323、JGD2011）を加工して作成",
BS-kP11-22-13-bs2943,bus_stop,中里,35.7394373,139.1388269,WGS84,396,大岳山,日本二百名山|日本三百名山|関東百名山,,,,TH-ksj-P11-22-13-bs2902(348m),operator=西東京バス（株）; busType=民間路線バス; busRoutes=五18 / 五里18,adopted,10,運行状況（季節運行・休止・予約制）を要確認,"国土数値情報（バス停留所データ）令和4年度（国土交通省）P11-22-13-bs2943（35.739437, 139.138827、JGD2011）を加工して作成",
BS-kP11-22-13-bs2985,bus_stop,竹の沢,35.7387132,139.0867463,WGS84,394 396,御前山、大岳山,関東百名山|日本二百名山|日本三百名山,,,,TH-kP11-22-13-bs3065(387m),operator=西東京バス（株）; busType=民間路線バス; busRoutes=五18 / 五里18,adopted,10,運行状況（季節運行・休止・予約制）を要確認,"国土数値情報（バス停留所データ）令和4年度（国土交通省）P11-22-13-bs2985（35.738713, 139.086746、JGD2011）を加工して作成",
BS-kP11-22-13-bs3042,bus_stop,白岩沢前,35.7379588,139.0630797,WGS84,404,浅間嶺,関東百名山,,,,TH-kP11-22-13-bs3042(0m),operator=檜原村; busType=コミュニティバス; busRoutes=デマンドバスやまびこ　藤倉線,adopted,10,運行状況（季節運行・休止・予約制）を要確認,"国土数値情報（バス停留所データ）令和4年度（国土交通省）P11-22-13-bs3042（35.737959, 139.063080、JGD2011）を加工して作成",
BS-kP11-22-13-bs3065,bus_stop,尾崎橋,35.7375201,139.0907787,WGS84,394 396,御前山、大岳山,関東百名山|日本二百名山|日本三百名山,,,,TH-kP11-22-13-bs3065(0m),operator=西東京バス（株）; busType=民間路線バス; busRoutes=五18 / 五里18,adopted,10,運行状況（季節運行・休止・予約制）を要確認,"国土数値情報（バス停留所データ）令和4年度（国土交通省）P11-22-13-bs3065（35.737520, 139.090779、JGD2011）を加工して作成",
BS-kP11-22-13-bs308,bus_stop,櫛かんざし美術館前,35.8031054,139.1970037,WGS84,376 381,棒ノ嶺、岩茸石山,関東百名山,,,,TH-w236177752(195m),operator=東京都; busType=公営路線バス; busRoutes=梅01,adopted,10,運行状況（季節運行・休止・予約制）を要確認,"国土数値情報（バス停留所データ）令和4年度（国土交通省）P11-22-13-bs308（35.803105, 139.197004、JGD2011）を加工して作成 ｜ OpenStreetMap（© OpenStreetMap contributors, ODbL 1.0）Geofabrik japan-latest.osm.pbf 2026-09-23T20:22:04Z node/3997395961",
BS-kP11-22-13-bs309,bus_stop,寒山寺,35.8029286,139.1937765,WGS84,376 381,棒ノ嶺、岩茸石山,関東百名山,,,,TH-w236177752(103m) TH-w236177752(103m),operator=東京都; busType=公営路線バス; busRoutes=梅01,adopted,10,運行状況（季節運行・休止・予約制）を要確認,"国土数値情報（バス停留所データ）令和4年度（国土交通省）P11-22-13-bs309（35.802929, 139.193777、JGD2011）を加工して作成 ｜ OpenStreetMap（© OpenStreetMap contributors, ODbL 1.0）Geofabrik japan-latest.osm.pbf 2026-09-23T20:22:04Z node/5286139028",
BS-kP11-22-13-bs3115,bus_stop,都民の森,35.7369482,139.0311823,WGS84,399,三頭山,日本三百名山|関東百名山,,,,TH-n5074855819(352m),operator=西東京バス（株）; busType=民間路線バス; busRoutes=都民の森連絡バス（休園日運休） / 都民の森急行バス（休園日運休）,adopted,10,運行状況（季節運行・休止・予約制）を要確認,"国土数値情報（バス停留所データ）令和4年度（国土交通省）P11-22-13-bs3115（35.736948, 139.031182、JGD2011）を加工して作成 ｜ OpenStreetMap（© OpenStreetMap contributors, ODbL 1.0）Geofabrik japan-latest.osm.pbf 2026-09-23T20:22:04Z node/5210503698",
BS-kP11-22-13-bs315,bus_stop,中野（御岳）,35.8021069,139.1747104,WGS84,376 381 378,棒ノ嶺、岩茸石山、川苔山,関東百名山,,,,TH-n8415403962(151m) TH-n8415403962(151m) TH-w973524786(585m) TH-w973524786(585m),operator=西東京バス（株）; busType=民間路線バス; busRoutes=御10 / 御11,adopted,10,運行状況（季節運行・休止・予約制）を要確認,"国土数値情報（バス停留所データ）令和4年度（国土交通省）P11-22-13-bs315（35.802107, 139.174710、JGD2011）を加工して作成 ｜ OpenStreetMap（© OpenStreetMap contributors, ODbL 1.0）Geofabrik japan-latest.osm.pbf 2026-09-23T20:22:04Z node/5284269826",
BS-kP11-22-13-bs320,bus_stop,神庭,35.8020084,139.108443,WGS84,387 394 396,御岳山、御前山、大岳山,関東百名山|日本二百名山|日本三百名山,,,,TH-n2838943208(11m) TH-n2838943208(11m) TH-n2838943208(11m),operator=西東京バス（株）; busType=民間路線バス; busRoutes=奥30 / 奥31,adopted,10,運行状況（季節運行・休止・予約制）を要確認,"国土数値情報（バス停留所データ）令和4年度（国土交通省）P11-22-13-bs320（35.802008, 139.108443、JGD2011）を加工して作成 ｜ OpenStreetMap（© OpenStreetMap contributors, ODbL 1.0）Geofabrik japan-latest.osm.pbf 2026-09-23T20:22:04Z node/2838943208",
BS-kP11-22-13-bs3208,bus_stop,宝蔵寺,35.7355404,139.1252253,WGS84,404,浅間嶺,関東百名山,,,,TH-n5710378480(987m),operator=西東京バス（株）; busType=民間路線バス; busRoutes=五18 / 五里18,adopted,10,運行状況（季節運行・休止・予約制）を要確認、登山口から離れている（徒歩アプローチを要確認）,"国土数値情報（バス停留所データ）令和4年度（国土交通省）P11-22-13-bs3208（35.735540, 139.125225、JGD2011）を加工して作成 ｜ OpenStreetMap（© OpenStreetMap contributors, ODbL 1.0）Geofabrik japan-latest.osm.pbf 2026-09-23T20:22:04Z node/3166103150",
BS-kP11-22-13-bs3226,bus_stop,秋川国際マス釣場,35.7353137,139.1865623,WGS84,387 394 396,御岳山、御前山、大岳山,関東百名山|日本二百名山|日本三百名山,,,,TH-n2151460892(364m),operator=西東京バス（株）; busType=民間路線バス; busRoutes=五15 / 檜52,adopted,10,運行状況（季節運行・休止・予約制）を要確認,"国土数値情報（バス停留所データ）令和4年度（国土交通省）P11-22-13-bs3226（35.735314, 139.186562、JGD2011）を加工して作成 ｜ OpenStreetMap（© OpenStreetMap contributors, ODbL 1.0）Geofabrik japan-latest.osm.pbf 2026-09-23T20:22:04Z node/2151454666",
BS-kP11-22-13-bs3288,bus_stop,山王坂下,35.7346837,139.0973629,WGS84,394 396,御前山、大岳山,関東百名山|日本二百名山|日本三百名山,,,,TH-kP11-22-13-bs3065(672m),operator=西東京バス（株）; busType=民間路線バス; busRoutes=五18 / 五里18,adopted,10,運行状況（季節運行・休止・予約制）を要確認、登山口から離れている（徒歩アプローチを要確認）,"国土数値情報（バス停留所データ）令和4年度（国土交通省）P11-22-13-bs3288（35.734684, 139.097363、JGD2011）を加工して作成",
BS-kP11-22-13-bs332,bus_stop,御岳駅,35.8013418,139.1836024,WGS84,376 381,棒ノ嶺、岩茸石山,関東百名山,,,,TH-n5063893777(118m) TH-n5063893777(118m) TH-n5063893777(118m),operator=西東京バス（株）; busType=民間路線バス; busRoutes=御10 / 御11,adopted,10,運行状況（季節運行・休止・予約制）を要確認,"国土数値情報（バス停留所データ）令和4年度（国土交通省）P11-22-13-bs332（35.801342, 139.183602、JGD2011）を加工して作成 ｜ OpenStreetMap（© OpenStreetMap contributors, ODbL 1.0）Geofabrik japan-latest.osm.pbf 2026-09-23T20:22:04Z node/5284269831",
BS-kP11-22-13-bs3327,bus_stop,下川,35.7338589,139.1128154,WGS84,394 396 404,御前山、大岳山、浅間嶺,関東百名山|日本二百名山|日本三百名山,,,,TH-kP11-22-13-bs3327(0m) TH-kP11-22-13-bs3471(311m) TH-kP11-22-13-bs3336(341m),operator=西東京バス（株）; busType=民間路線バス; busRoutes=五18 / 五里18,adopted,10,運行状況（季節運行・休止・予約制）を要確認,"国土数値情報（バス停留所データ）令和4年度（国土交通省）P11-22-13-bs3327（35.733859, 139.112815、JGD2011）を加工して作成",
BS-kP11-22-13-bs3332,bus_stop,夏地（ひのはらファクトリー）,35.7337761,139.1245705,WGS84,404,浅間嶺,関東百名山,,,,TH-n5710378480(787m),operator=西東京バス（株）; busType=民間路線バス; busRoutes=五18 / 五里18,adopted,10,運行状況（季節運行・休止・予約制）を要確認、登山口から離れている（徒歩アプローチを要確認）,"国土数値情報（バス停留所データ）令和4年度（国土交通省）P11-22-13-bs3332（35.733776, 139.124571、JGD2011）を加工して作成",
BS-kP11-22-13-bs3336,bus_stop,小和田坂,35.7336981,139.1165815,WGS84,394 396 404,御前山、大岳山、浅間嶺,関東百名山|日本二百名山|日本三百名山,,,,TH-kP11-22-13-bs3327(341m) TH-kP11-22-13-bs3471(597m) TH-kP11-22-13-bs3336(0m) TH-n5710378480(774m),operator=西東京バス（株）; busType=民間路線バス; busRoutes=五18 / 五里18,adopted,10,運行状況（季節運行・休止・予約制）を要確認、登山口から離れている（徒歩アプローチを要確認）,"国土数値情報（バス停留所データ）令和4年度（国土交通省）P11-22-13-bs3336（35.733698, 139.116582、JGD2011）を加工して作成",
BS-kP11-22-13-bs3344,bus_stop,軍道,35.7335981,139.1831711,WGS84,387 394 396,御岳山、御前山、大岳山,関東百名山|日本二百名山|日本三百名山,,,,TH-n2151460892(5m) TH-n2151460892(5m),operator=西東京バス（株）; busType=民間路線バス; busRoutes=急行 / 五15 / 檜52,adopted,10,運行状況（季節運行・休止・予約制）を要確認,"国土数値情報（バス停留所データ）令和4年度（国土交通省）P11-22-13-bs3344（35.733598, 139.183171、JGD2011）を加工して作成 ｜ OpenStreetMap（© OpenStreetMap contributors, ODbL 1.0）Geofabrik japan-latest.osm.pbf 2026-09-23T20:22:04Z node/2151460892",
BS-kP11-22-13-bs3471,bus_stop,小岩,35.7318765,139.1103672,WGS84,394 396 404,御前山、大岳山、浅間嶺,関東百名山|日本二百名山|日本三百名山,,,,TH-kP11-22-13-bs3327(311m) TH-kP11-22-13-bs3471(0m) TH-kP11-22-13-bs3336(597m),operator=西東京バス（株）; busType=民間路線バス; busRoutes=五18 / 五里18,adopted,10,運行状況（季節運行・休止・予約制）を要確認,"国土数値情報（バス停留所データ）令和4年度（国土交通省）P11-22-13-bs3471（35.731877, 139.110367、JGD2011）を加工して作成",
BS-kP11-22-13-bs350,bus_stop,払沢,35.7997611,139.1819437,WGS84,376 381,棒ノ嶺、岩茸石山,関東百名山,,,,TH-n3879958501(322m),operator=西東京バス（株）; busType=民間路線バス; busRoutes=御10 / 御11,adopted,10,運行状況（季節運行・休止・予約制）を要確認,"国土数値情報（バス停留所データ）令和4年度（国土交通省）P11-22-13-bs350（35.799761, 139.181944、JGD2011）を加工して作成 ｜ OpenStreetMap（© OpenStreetMap contributors, ODbL 1.0）Geofabrik japan-latest.osm.pbf 2026-09-23T20:22:04Z node/6479613644",
BS-kP11-22-13-bs363,bus_stop,檜沢,35.798923,139.1785065,WGS84,376 381 378,棒ノ嶺、岩茸石山、川苔山,関東百名山,,,,TH-n8415403962(613m) TH-n3879958501(213m) TH-n3879958501(213m) TH-w973524786(981m),operator=西東京バス（株）; busType=民間路線バス; busRoutes=御10 / 御11,adopted,10,運行状況（季節運行・休止・予約制）を要確認、登山口から離れている（徒歩アプローチを要確認）,"国土数値情報（バス停留所データ）令和4年度（国土交通省）P11-22-13-bs363（35.798923, 139.178507、JGD2011）を加工して作成 ｜ OpenStreetMap（© OpenStreetMap contributors, ODbL 1.0）Geofabrik japan-latest.osm.pbf 2026-09-23T20:22:04Z node/5284269827",
BS-kP11-22-13-bs372,bus_stop,琴沢橋,35.7983397,139.1689513,WGS84,376 381 396 387,棒ノ嶺、岩茸石山、大岳山、御岳山,関東百名山|日本二百名山|日本三百名山,,,,TH-w661124073(713m) TH-n722188489(734m),operator=西東京バス（株）; busType=民間路線バス; busRoutes=御10 / 御11,adopted,10,運行状況（季節運行・休止・予約制）を要確認、登山口から離れている（徒歩アプローチを要確認）,"国土数値情報（バス停留所データ）令和4年度（国土交通省）P11-22-13-bs372（35.798340, 139.168951、JGD2011）を加工して作成 ｜ OpenStreetMap（© OpenStreetMap contributors, ODbL 1.0）Geofabrik japan-latest.osm.pbf 2026-09-23T20:22:04Z node/5284269825",
BS-kP11-22-13-bs3767,bus_stop,十里木,35.7280923,139.1912228,WGS84,387 394 396 413,御岳山、御前山、大岳山、生藤山,関東百名山|日本二百名山|日本三百名山,,,,TH-n3053063744(186m) TH-n3053063744(186m) TH-n3053063744(186m),operator=西東京バス（株）; busType=民間路線バス; busRoutes=五15 / 檜52 / 五10,adopted,10,運行状況（季節運行・休止・予約制）を要確認,"国土数値情報（バス停留所データ）令和4年度（国土交通省）P11-22-13-bs3767（35.728092, 139.191223、JGD2011）を加工して作成 ｜ OpenStreetMap（© OpenStreetMap contributors, ODbL 1.0）Geofabrik japan-latest.osm.pbf 2026-09-23T20:22:04Z node/3254777062",
BS-kP11-22-13-bs3776,bus_stop,五日市高校,35.7278882,139.218607,WGS84,413,生藤山,関東百名山,,,,TH-w1481993948(258m) TH-w1481993948(258m),operator=西東京バス（株）; busType=民間路線バス; busRoutes=五15 / 檜52 / 五10,adopted,10,運行状況（季節運行・休止・予約制）を要確認,"国土数値情報（バス停留所データ）令和4年度（国土交通省）P11-22-13-bs3776（35.727888, 139.218607、JGD2011）を加工して作成 ｜ OpenStreetMap（© OpenStreetMap contributors, ODbL 1.0）Geofabrik japan-latest.osm.pbf 2026-09-23T20:22:04Z node/4071026391",
BS-kP11-22-13-bs3806,bus_stop,秋川渓谷瀬音の湯,35.7274533,139.1871108,WGS84,387 394 396,御岳山、御前山、大岳山,関東百名山|日本二百名山|日本三百名山,,,,TH-n1789703595(68m),operator=西東京バス（株）; busType=民間路線バス; busRoutes=檜52; network=西東京バス,adopted,10,運行状況（季節運行・休止・予約制）を要確認,"国土数値情報（バス停留所データ）令和4年度（国土交通省）P11-22-13-bs3806（35.727453, 139.187111、JGD2011）を加工して作成 ｜ OpenStreetMap（© OpenStreetMap contributors, ODbL 1.0）Geofabrik japan-latest.osm.pbf 2026-09-23T20:22:04Z node/2202591530",
BS-kP11-22-13-bs3809,bus_stop,東小中野,35.7274197,139.2142424,WGS84,413,生藤山,関東百名山,,,,TH-w1481993948(342m),operator=西東京バス（株）; busType=民間路線バス; busRoutes=五15 / 檜52 / 五10,adopted,10,運行状況（季節運行・休止・予約制）を要確認,"国土数値情報（バス停留所データ）令和4年度（国土交通省）P11-22-13-bs3809（35.727420, 139.214242、JGD2011）を加工して作成 ｜ OpenStreetMap（© OpenStreetMap contributors, ODbL 1.0）Geofabrik japan-latest.osm.pbf 2026-09-23T20:22:04Z node/4071030689",
BS-kP11-22-13-bs3845,bus_stop,上日向橋,35.726791,139.1553226,WGS84,413,生藤山,関東百名山,,,,TH-n4177407292(199m),operator=檜原村; busType=コミュニティバス; busRoutes=デマンドバスやまびこ　泉沢・日向線,adopted,10,運行状況（季節運行・休止・予約制）を要確認,"国土数値情報（バス停留所データ）令和4年度（国土交通省）P11-22-13-bs3845（35.726791, 139.155323、JGD2011）を加工して作成",
BS-kP11-22-13-bs3865,bus_stop,追分（あきる野）,35.726628,139.1844637,WGS84,387 394 396,御岳山、御前山、大岳山,関東百名山|日本二百名山|日本三百名山,,,,TH-n1789703595(191m) TH-n1789703595(191m),operator=西東京バス（株）; busType=民間路線バス; busRoutes=檜52 / 五10 / 五滝10,adopted,10,運行状況（季節運行・休止・予約制）を要確認,"国土数値情報（バス停留所データ）令和4年度（国土交通省）P11-22-13-bs3865（35.726628, 139.184464、JGD2011）を加工して作成 ｜ OpenStreetMap（© OpenStreetMap contributors, ODbL 1.0）Geofabrik japan-latest.osm.pbf 2026-09-23T20:22:04Z node/3451620493",
BS-kP11-22-13-bs3946,bus_stop,元郷,35.7257287,139.1532832,WGS84,413,生藤山,関東百名山,,,,TH-n4177407292(24m) TH-n4177407292(24m),operator=西東京バス（株）; busType=民間路線バス; busRoutes=急行 / 五10 / 五滝10,adopted,10,運行状況（季節運行・休止・予約制）を要確認,"国土数値情報（バス停留所データ）令和4年度（国土交通省）P11-22-13-bs3946（35.725729, 139.153283、JGD2011）を加工して作成 ｜ OpenStreetMap（© OpenStreetMap contributors, ODbL 1.0）Geofabrik japan-latest.osm.pbf 2026-09-23T20:22:04Z node/3254393063",
BS-kP11-22-13-bs3969,bus_stop,仲の平,35.7253649,139.0516674,WGS84,404,浅間嶺,関東百名山,,,,TH-n1401020299(106m),operator=西東京バス（株）; busType=民間路線バス; busRoutes=五10 / 五滝10 / 五里10,adopted,10,運行状況（季節運行・休止・予約制）を要確認,"国土数値情報（バス停留所データ）令和4年度（国土交通省）P11-22-13-bs3969（35.725365, 139.051667、JGD2011）を加工して作成 ｜ OpenStreetMap（© OpenStreetMap contributors, ODbL 1.0）Geofabrik japan-latest.osm.pbf 2026-09-23T20:22:04Z node/314943870",
BS-kP11-22-13-bs398,bus_stop,ケーブル下,35.7965075,139.1625719,WGS84,376 381 396 387,棒ノ嶺、岩茸石山、大岳山、御岳山,関東百名山|日本二百名山|日本三百名山,,,,TH-w661124073(111m) TH-w661124073(111m) TH-n722188489(124m) TH-n722188489(124m),operator=西東京バス（株）; busType=民間路線バス; busRoutes=御10 / 御11,adopted,10,運行状況（季節運行・休止・予約制）を要確認,"国土数値情報（バス停留所データ）令和4年度（国土交通省）P11-22-13-bs398（35.796507, 139.162572、JGD2011）を加工して作成 ｜ OpenStreetMap（© OpenStreetMap contributors, ODbL 1.0）Geofabrik japan-latest.osm.pbf 2026-09-23T20:22:04Z node/5284269824",
BS-kP11-22-13-bs4034,bus_stop,温泉センター（数馬の湯）,35.7244575,139.0539224,WGS84,399 404,三頭山、浅間嶺,日本三百名山|関東百名山,,,,TH-n1401020043(341m) TH-n1401020299(122m),operator=西東京バス（株）; busType=民間路線バス; busRoutes=五10 / 五滝10 / 五里10,adopted,10,運行状況（季節運行・休止・予約制）を要確認,"国土数値情報（バス停留所データ）令和4年度（国土交通省）P11-22-13-bs4034（35.724457, 139.053922、JGD2011）を加工して作成",
BS-kP11-22-13-bs4053,bus_stop,下平,35.7242418,139.0577395,WGS84,399 404,三頭山、浅間嶺,日本三百名山|関東百名山,,,,TH-n1401020043(32m) TH-n1401019929(566m),operator=西東京バス（株）; busType=民間路線バス; busRoutes=五10 / 五滝10 / 五里10,adopted,10,運行状況（季節運行・休止・予約制）を要確認,"国土数値情報（バス停留所データ）令和4年度（国土交通省）P11-22-13-bs4053（35.724242, 139.057740、JGD2011）を加工して作成 ｜ OpenStreetMap（© OpenStreetMap contributors, ODbL 1.0）Geofabrik japan-latest.osm.pbf 2026-09-23T20:22:04Z node/2274901207",
BS-kP11-22-13-bs4113,bus_stop,浅間尾根登山口,35.723579,139.0629676,WGS84,399 404,三頭山、浅間嶺,日本三百名山|関東百名山,,,,TH-n1401019929(88m),operator=西東京バス（株）; busType=民間路線バス; busRoutes=五10 / 五滝10 / 五里10,adopted,10,運行状況（季節運行・休止・予約制）を要確認,"国土数値情報（バス停留所データ）令和4年度（国土交通省）P11-22-13-bs4113（35.723579, 139.062968、JGD2011）を加工して作成",
BS-kP11-22-13-bs4161,bus_stop,留原,35.7231524,139.2321234,WGS84,413,生藤山,関東百名山,,,,TH-kP11-22-13-bs4237(98m) TH-kP11-22-13-bs4237(98m),operator=西東京バス（株）; busType=民間路線バス; busRoutes=秋04,adopted,10,運行状況（季節運行・休止・予約制）を要確認,"国土数値情報（バス停留所データ）令和4年度（国土交通省）P11-22-13-bs4161（35.723152, 139.232123、JGD2011）を加工して作成 ｜ OpenStreetMap（© OpenStreetMap contributors, ODbL 1.0）Geofabrik japan-latest.osm.pbf 2026-09-23T20:22:04Z node/7832874953",
BS-kP11-22-13-bs4237,bus_stop,留原上,35.7225916,139.2329566,WGS84,413,生藤山,関東百名山,,,,TH-n7832874952(323m) TH-kP11-22-13-bs4237(0m),operator=西東京バス（株）; busType=民間路線バス; busRoutes=阿伎留医療センター経由 / 五日市出張所経由,adopted,10,運行状況（季節運行・休止・予約制）を要確認,"国土数値情報（バス停留所データ）令和4年度（国土交通省）P11-22-13-bs4237（35.722592, 139.232957、JGD2011）を加工して作成",
BS-kP11-22-13-bs4407,bus_stop,小峰公園,35.7200092,139.2320256,WGS84,413,生藤山,関東百名山,,,,TH-n7832874952(27m) TH-n7832874952(27m),operator=西東京バス（株）; busType=民間路線バス; busRoutes=秋04,adopted,10,運行状況（季節運行・休止・予約制）を要確認,"国土数値情報（バス停留所データ）令和4年度（国土交通省）P11-22-13-bs4407（35.720009, 139.232026、JGD2011）を加工して作成 ｜ OpenStreetMap（© OpenStreetMap contributors, ODbL 1.0）Geofabrik japan-latest.osm.pbf 2026-09-23T20:22:04Z node/7832874952",
BS-kP11-22-13-bs4419,bus_stop,数馬下,35.7198731,139.0657274,WGS84,399 404,三頭山、浅間嶺,日本三百名山|関東百名山,,,,TH-n1401019929(421m),operator=西東京バス（株）; busType=民間路線バス; busRoutes=五10 / 五滝10 / 五里10,adopted,10,運行状況（季節運行・休止・予約制）を要確認,"国土数値情報（バス停留所データ）令和4年度（国土交通省）P11-22-13-bs4419（35.719873, 139.065727、JGD2011）を加工して作成 ｜ OpenStreetMap（© OpenStreetMap contributors, ODbL 1.0）Geofabrik japan-latest.osm.pbf 2026-09-23T20:22:04Z node/2274909028",
BS-kP11-22-13-bs442,bus_stop,滝のり沢,35.7940755,139.0518388,WGS84,382,鷹ノ巣山,関東百名山,,,,TH-n5078550504(236m) TH-n5078550504(236m),operator=西東京バス（株）; busType=民間路線バス; busRoutes=奥15 / 奥14 / 奥11,adopted,10,運行状況（季節運行・休止・予約制）を要確認,"国土数値情報（バス停留所データ）令和4年度（国土交通省）P11-22-13-bs442（35.794075, 139.051839、JGD2011）を加工して作成 ｜ OpenStreetMap（© OpenStreetMap contributors, ODbL 1.0）Geofabrik japan-latest.osm.pbf 2026-09-23T20:22:04Z node/5064525098",
BS-kP11-22-13-bs448,bus_stop,水根,35.7939324,139.0471,WGS84,377 382,雲取山、鷹ノ巣山,日本百名山|日本二百名山|日本三百名山|関東百名山,,,,TH-n3878401664(460m) TH-n3878401664(460m) TH-n5078550504(277m),operator=西東京バス（株）; busType=民間路線バス; busRoutes=奥15 / 奥14 / 奥11,adopted,10,運行状況（季節運行・休止・予約制）を要確認,"国土数値情報（バス停留所データ）令和4年度（国土交通省）P11-22-13-bs448（35.793932, 139.047100、JGD2011）を加工して作成 ｜ OpenStreetMap（© OpenStreetMap contributors, ODbL 1.0）Geofabrik japan-latest.osm.pbf 2026-09-23T20:22:04Z node/2838935901",
BS-kP11-22-13-bs4859,bus_stop,西川橋,35.7134053,139.086463,WGS84,399 413 404,三頭山、生藤山、浅間嶺,日本三百名山|関東百名山,,,,TH-kP11-22-13-bs4859(0m) TH-n3451590593(296m),operator=西東京バス（株）; busType=民間路線バス; busRoutes=五10 / 五滝10 / 五里10,adopted,10,運行状況（季節運行・休止・予約制）を要確認,"国土数値情報（バス停留所データ）令和4年度（国土交通省）P11-22-13-bs4859（35.713405, 139.086463、JGD2011）を加工して作成 ｜ OpenStreetMap（© OpenStreetMap contributors, ODbL 1.0）Geofabrik japan-latest.osm.pbf 2026-09-23T20:22:04Z node/2274912018",
BS-kP11-22-13-bs4889,bus_stop,笹野,35.7129882,139.1489147,WGS84,413,生藤山,関東百名山,,,,TH-n3451601393(784m),operator=西東京バス（株）; busType=民間路線バス; busRoutes=五10 / 五滝10 / 五里10,adopted,10,運行状況（季節運行・休止・予約制）を要確認、登山口から離れている（徒歩アプローチを要確認）,"国土数値情報（バス停留所データ）令和4年度（国土交通省）P11-22-13-bs4889（35.712988, 139.148915、JGD2011）を加工して作成 ｜ OpenStreetMap（© OpenStreetMap contributors, ODbL 1.0）Geofabrik japan-latest.osm.pbf 2026-09-23T20:22:04Z node/3254424661",
BS-kP11-22-13-bs490,bus_stop,奥多摩湖,35.7925016,139.0484596,WGS84,377 382 394,雲取山、鷹ノ巣山、御前山,日本百名山|日本二百名山|日本三百名山|関東百名山,,,,TH-n3878401664(651m) TH-gsi-ogochi-gozen(645m) TH-gsi-ogochi-gozen(645m) TH-gsi-ogochi-gozen(645m),operator=西東京バス（株）; busType=民間路線バス; busRoutes=奥15 / 奥14 / 奥11; network=西東京バス,adopted,10,運行状況（季節運行・休止・予約制）を要確認、登山口から離れている（徒歩アプローチを要確認）,"国土数値情報（バス停留所データ）令和4年度（国土交通省）P11-22-13-bs490（35.792502, 139.048460、JGD2011）を加工して作成 ｜ OpenStreetMap（© OpenStreetMap contributors, ODbL 1.0）Geofabrik japan-latest.osm.pbf 2026-09-23T20:22:04Z node/2329343467",
BS-kP11-22-13-bs4908,bus_stop,人里,35.7127107,139.0896316,WGS84,399 413 404,三頭山、生藤山、浅間嶺,日本三百名山|関東百名山,,,,TH-kP11-22-13-bs4859(297m) TH-kP11-22-13-bs4859(297m) TH-kP11-22-13-bs5100(365m) TH-kP11-22-13-bs5100(365m) TH-n3451590593(7m) TH-n3451590593(7m),operator=西東京バス（株）; busType=民間路線バス; busRoutes=五10 / 五滝10 / 五里10,adopted,10,運行状況（季節運行・休止・予約制）を要確認,"国土数値情報（バス停留所データ）令和4年度（国土交通省）P11-22-13-bs4908（35.712711, 139.089632、JGD2011）を加工して作成 ｜ OpenStreetMap（© OpenStreetMap contributors, ODbL 1.0）Geofabrik japan-latest.osm.pbf 2026-09-23T20:22:04Z node/3254452061",
BS-kP11-22-13-bs5100,bus_stop,下和田,35.7105408,139.0926825,WGS84,399,三頭山,日本三百名山|関東百名山,,,,TH-kP11-22-13-bs5100(0m),operator=西東京バス（株）; busType=民間路線バス; busRoutes=五10 / 五滝10 / 五里10,adopted,10,運行状況（季節運行・休止・予約制）を要確認,"国土数値情報（バス停留所データ）令和4年度（国土交通省）P11-22-13-bs5100（35.710541, 139.092682、JGD2011）を加工して作成 ｜ OpenStreetMap（© OpenStreetMap contributors, ODbL 1.0）Geofabrik japan-latest.osm.pbf 2026-09-23T20:22:04Z node/2274912931",
BS-kP11-22-13-bs5402,bus_stop,笹平,35.70714,139.1531371,WGS84,413,生藤山,関東百名山,,,,TH-n3451601393(35m) TH-n3451601393(35m),operator=西東京バス（株）; busType=民間路線バス; busRoutes=五10 / 五滝10 / 五里10,adopted,10,運行状況（季節運行・休止・予約制）を要確認,"国土数値情報（バス停留所データ）令和4年度（国土交通省）P11-22-13-bs5402（35.707140, 139.153137、JGD2011）を加工して作成 ｜ OpenStreetMap（© OpenStreetMap contributors, ODbL 1.0）Geofabrik japan-latest.osm.pbf 2026-09-23T20:22:04Z node/3451601393",
BS-kP11-22-13-bs5617,bus_stop,下川乗,35.7048241,139.1214926,WGS84,404,浅間嶺,関東百名山,,,,TH-n1401016444(870m),operator=西東京バス（株）; busType=民間路線バス; busRoutes=五10 / 五滝10 / 五里10,adopted,10,運行状況（季節運行・休止・予約制）を要確認、登山口から離れている（徒歩アプローチを要確認）,"国土数値情報（バス停留所データ）令和4年度（国土交通省）P11-22-13-bs5617（35.704824, 139.121493、JGD2011）を加工して作成",
BS-kP11-22-13-bs5722,bus_stop,上川乗,35.7034826,139.1128834,WGS84,404,浅間嶺,関東百名山,,,,TH-n1401016444(87m),operator=西東京バス（株）; busType=民間路線バス; busRoutes=五10 / 五滝10 / 五里10,adopted,10,運行状況（季節運行・休止・予約制）を要確認,"国土数値情報（バス停留所データ）令和4年度（国土交通省）P11-22-13-bs5722（35.703483, 139.112883、JGD2011）を加工して作成 ｜ OpenStreetMap（© OpenStreetMap contributors, ODbL 1.0）Geofabrik japan-latest.osm.pbf 2026-09-23T20:22:04Z node/3451594793",
BS-kP11-22-13-bs5752,bus_stop,美山町,35.7029618,139.2301154,WGS84,413,生藤山,関東百名山,,,,TH-kP11-22-13-bs5752(0m),operator=西東京バス（株）; busType=民間路線バス; busRoutes=美22; network=西東京バス,adopted,10,運行状況（季節運行・休止・予約制）を要確認,"国土数値情報（バス停留所データ）令和4年度（国土交通省）P11-22-13-bs5752（35.702962, 139.230115、JGD2011）を加工して作成 ｜ OpenStreetMap（© OpenStreetMap contributors, ODbL 1.0）Geofabrik japan-latest.osm.pbf 2026-09-23T20:22:04Z node/3128922649",
BS-kP11-22-13-bs6003,bus_stop,二本杉,35.7003263,139.2352542,WGS84,413,生藤山,関東百名山,,,,TH-kP11-22-13-bs5752(548m) TH-kP11-22-13-bs5752(548m),operator=西東京バス（株）; busType=民間路線バス; busRoutes=美22; network=西東京バス,adopted,10,運行状況（季節運行・休止・予約制）を要確認,"国土数値情報（バス停留所データ）令和4年度（国土交通省）P11-22-13-bs6003（35.700326, 139.235254、JGD2011）を加工して作成 ｜ OpenStreetMap（© OpenStreetMap contributors, ODbL 1.0）Geofabrik japan-latest.osm.pbf 2026-09-23T20:22:04Z node/3144003398",
BS-kP11-22-13-bs648,bus_stop,日村沢,35.7866935,139.042532,WGS84,377 382,雲取山、鷹ノ巣山,日本百名山|日本二百名山|日本三百名山|関東百名山,,,,TH-n5064525085(296m),operator=西東京バス（株）; busType=民間路線バス; busRoutes=奥14 / 奥11 / 奥10,adopted,10,運行状況（季節運行・休止・予約制）を要確認,"国土数値情報（バス停留所データ）令和4年度（国土交通省）P11-22-13-bs648（35.786693, 139.042532、JGD2011）を加工して作成 ｜ OpenStreetMap（© OpenStreetMap contributors, ODbL 1.0）Geofabrik japan-latest.osm.pbf 2026-09-23T20:22:04Z node/5064525089",
BS-kP11-22-13-bs733,bus_stop,熱海,35.7842401,139.0415834,WGS84,377 382,雲取山、鷹ノ巣山,日本百名山|日本二百名山|日本三百名山|関東百名山,,,,TH-n5064525085(68m) TH-n5064525085(68m),operator=西東京バス（株）; busType=民間路線バス; busRoutes=奥14 / 奥11 / 奥10,adopted,10,運行状況（季節運行・休止・予約制）を要確認,"国土数値情報（バス停留所データ）令和4年度（国土交通省）P11-22-13-bs733（35.784240, 139.041583、JGD2011）を加工して作成 ｜ OpenStreetMap（© OpenStreetMap contributors, ODbL 1.0）Geofabrik japan-latest.osm.pbf 2026-09-23T20:22:04Z node/5064525087",
BS-kP11-22-13-bs8257,bus_stop,タウン入口,35.6683,139.2654678,WGS84,416,陣馬山,関東百名山,,,,TH-w223583522(192m) TH-w223583522(192m) TH-w223583522(192m),operator=西東京バス（株）; busType=民間路線バス; busRoutes=住02 / 美31 / 美22,adopted,10,運行状況（季節運行・休止・予約制）を要確認,"国土数値情報（バス停留所データ）令和4年度（国土交通省）P11-22-13-bs8257（35.668300, 139.265468、JGD2011）を加工して作成 ｜ OpenStreetMap（© OpenStreetMap contributors, ODbL 1.0）Geofabrik japan-latest.osm.pbf 2026-09-23T20:22:04Z node/4921510321",
BS-kP11-22-13-bs839,bus_stop,坂本園地,35.7815783,139.0211897,WGS84,382,鷹ノ巣山,関東百名山,,,,TH-n3775113516(181m) TH-n3775113516(181m),operator=西東京バス（株）; busType=民間路線バス; busRoutes=奥14 / 奥11 / 奥10,adopted,10,運行状況（季節運行・休止・予約制）を要確認,"国土数値情報（バス停留所データ）令和4年度（国土交通省）P11-22-13-bs839（35.781578, 139.021190、JGD2011）を加工して作成 ｜ OpenStreetMap（© OpenStreetMap contributors, ODbL 1.0）Geofabrik japan-latest.osm.pbf 2026-09-23T20:22:04Z node/5064525077",
BS-kP11-22-13-bs857,bus_stop,あずまい,35.7811124,139.0247352,WGS84,382,鷹ノ巣山,関東百名山,,,,TH-n3775113516(150m),operator=西東京バス（株）; busType=民間路線バス; busRoutes=奥14 / 奥11 / 奥10,adopted,10,運行状況（季節運行・休止・予約制）を要確認,"国土数値情報（バス停留所データ）令和4年度（国土交通省）P11-22-13-bs857（35.781112, 139.024735、JGD2011）を加工して作成 ｜ OpenStreetMap（© OpenStreetMap contributors, ODbL 1.0）Geofabrik japan-latest.osm.pbf 2026-09-23T20:22:04Z node/3451557593",
BS-kP11-22-13-bs899,bus_stop,つるつる温泉,35.7799422,139.1925386,WGS84,376 381,棒ノ嶺、岩茸石山,関東百名山,,,,TH-n6417446634(60m),operator=西東京バス（株）; busType=民間路線バス; busRoutes=五20; network=西東京バス,adopted,10,運行状況（季節運行・休止・予約制）を要確認,"国土数値情報（バス停留所データ）令和4年度（国土交通省）P11-22-13-bs899（35.779942, 139.192539、JGD2011）を加工して作成 ｜ OpenStreetMap（© OpenStreetMap contributors, ODbL 1.0）Geofabrik japan-latest.osm.pbf 2026-09-23T20:22:04Z node/2153967376",
BS-kP11-22-13-bs8993,bus_stop,八王子霊園南門,35.6577088,139.2681943,WGS84,416 422,陣馬山、高尾山,関東百名山,,,,TH-w258901933(727m) TH-w258901933(727m),operator=西東京バス（株）; busType=民間路線バス; busRoutes=城01,adopted,10,運行状況（季節運行・休止・予約制）を要確認、登山口から離れている（徒歩アプローチを要確認）,"国土数値情報（バス停留所データ）令和4年度（国土交通省）P11-22-13-bs8993（35.657709, 139.268194、JGD2011）を加工して作成 ｜ OpenStreetMap（© OpenStreetMap contributors, ODbL 1.0）Geofabrik japan-latest.osm.pbf 2026-09-23T20:22:04Z node/6436321138",
BS-kP11-22-13-bs9132,bus_stop,八王子城跡,35.6560392,139.262061,WGS84,416 422,陣馬山、高尾山,関東百名山,,,,TH-w258901933(144m),operator=西東京バス（株）; busType=民間路線バス; busRoutes=城01,adopted,10,運行状況（季節運行・休止・予約制）を要確認,"国土数値情報（バス停留所データ）令和4年度（国土交通省）P11-22-13-bs9132（35.656039, 139.262061、JGD2011）を加工して作成 ｜ OpenStreetMap（© OpenStreetMap contributors, ODbL 1.0）Geofabrik japan-latest.osm.pbf 2026-09-23T20:22:04Z node/2370013457",
BS-kP11-22-14-bs10004,bus_stop,平作小学校,35.2583148,139.6433119,WGS84,529,大楠山,関東百名山,,,,TH-kP11-22-14-bs10026(215m),operator=京浜急行バス（株）; busType=民間路線バス; busRoutes=衣25,adopted,10,運行状況（季節運行・休止・予約制）を要確認,"国土数値情報（バス停留所データ）令和4年度（国土交通省）P11-22-14-bs10004（35.258315, 139.643312、JGD2011）を加工して作成",
BS-kP11-22-14-bs10007,bus_stop,旭丘高校第2校地,35.258074,139.1134235,WGS84,516 519,金時山、明神ヶ岳,日本三百名山|関東百名山,,,,TH-kP11-22-14-bs10007(0m),operator=伊豆箱根バス（株）; busType=民間路線バス; busRoutes=小72②（小田原駅西口～荻窪上～旭丘高校第2校地） / 学05（小田原駅西口～直行～旭丘高校第2校地）,adopted,10,運行状況（季節運行・休止・予約制）を要確認,"国土数値情報（バス停留所データ）令和4年度（国土交通省）P11-22-14-bs10007（35.258074, 139.113423、JGD2011）を加工して作成",
BS-kP11-22-14-bs10026,bus_stop,しょうぶ園,35.2567413,139.6419204,WGS84,529,大楠山,関東百名山,,,,TH-kP11-22-14-bs10026(0m) TH-n11647352407(878m) TH-n3635053642(889m),operator=京浜急行バス（株）; busType=民間路線バス; busRoutes=衣25,adopted,10,運行状況（季節運行・休止・予約制）を要確認、登山口から離れている（徒歩アプローチを要確認）,"国土数値情報（バス停留所データ）令和4年度（国土交通省）P11-22-14-bs10026（35.256741, 139.641920、JGD2011）を加工して作成",
BS-kP11-22-14-bs10098,bus_stop,宮城野橋,35.2516398,139.0519994,WGS84,519,明神ヶ岳,関東百名山,,,,TH-n1436505569(560m),operator=箱根登山バス（株）; busType=民間路線バス; busRoutes=TP桃源台線 / T桃源台線 / Lアウトレット・時之栖線,adopted,10,運行状況（季節運行・休止・予約制）を要確認,"国土数値情報（バス停留所データ）令和4年度（国土交通省）P11-22-14-bs10098（35.251640, 139.051999、JGD2011）を加工して作成 ｜ OpenStreetMap（© OpenStreetMap contributors, ODbL 1.0）Geofabrik japan-latest.osm.pbf 2026-09-23T20:22:04Z node/2854493448",
BS-kP11-22-14-bs10114,bus_stop,木賀坂下,35.2506119,139.0521933,WGS84,519,明神ヶ岳,関東百名山,,,,TH-n1436505569(545m),operator=箱根登山バス（株）; busType=民間路線バス; busRoutes=TP桃源台線 / T桃源台線 / Lアウトレット・時之栖線,adopted,10,運行状況（季節運行・休止・予約制）を要確認,"国土数値情報（バス停留所データ）令和4年度（国土交通省）P11-22-14-bs10114（35.250612, 139.052193、JGD2011）を加工して作成 ｜ OpenStreetMap（© OpenStreetMap contributors, ODbL 1.0）Geofabrik japan-latest.osm.pbf 2026-09-23T20:22:04Z node/3399485894",
BS-kP11-22-14-bs10125,bus_stop,上湯,35.2495364,139.0206523,WGS84,536,箱根山,日本三百名山|関東百名山,,,,TH-w33077826(589m),operator=伊豆箱根バス（株）; busType=民間路線バス; busRoutes=J03・J04（小田原駅～箱根園） / J05（小田原駅～小涌園～湖尻） / J01（小田原駅～大涌谷～湖尻～ザプリンス箱根芦ノ湖～箱根園）,adopted,10,運行状況（季節運行・休止・予約制）を要確認,"国土数値情報（バス停留所データ）令和4年度（国土交通省）P11-22-14-bs10125（35.249536, 139.020652、JGD2011）を加工して作成 ｜ OpenStreetMap（© OpenStreetMap contributors, ODbL 1.0）Geofabrik japan-latest.osm.pbf 2026-09-23T20:22:04Z node/5338854683",
BS-kP11-22-14-bs10146,bus_stop,上強羅入口,35.2473438,139.0355366,WGS84,536,箱根山,日本三百名山|関東百名山,,,,TH-w496653546(99m),operator=伊豆箱根バス（株）; busType=民間路線バス; busRoutes=J03・J04（小田原駅～箱根園） / J05（小田原駅～小涌園～湖尻） / J01（小田原駅～大涌谷～湖尻～ザプリンス箱根芦ノ湖～箱根園）,adopted,10,運行状況（季節運行・休止・予約制）を要確認,"国土数値情報（バス停留所データ）令和4年度（国土交通省）P11-22-14-bs10146（35.247344, 139.035537、JGD2011）を加工して作成",
BS-kP11-22-14-bs10158,bus_stop,早雲山駅入口,35.2466858,139.0346956,WGS84,536,箱根山,日本三百名山|関東百名山,,,,TH-w496653546(100m) TH-w496653546(100m),operator=伊豆箱根バス（株）; busType=民間路線バス; busRoutes=J03・J04（小田原駅～箱根園） / J05（小田原駅～小涌園～湖尻） / J01（小田原駅～大涌谷～湖尻～ザプリンス箱根芦ノ湖～箱根園）,adopted,10,運行状況（季節運行・休止・予約制）を要確認,"国土数値情報（バス停留所データ）令和4年度（国土交通省）P11-22-14-bs10158（35.246686, 139.034696、JGD2011）を加工して作成 ｜ OpenStreetMap（© OpenStreetMap contributors, ODbL 1.0）Geofabrik japan-latest.osm.pbf 2026-09-23T20:22:04Z node/2468391211",
BS-kP11-22-14-bs10202,bus_stop,大涌谷,35.2431761,139.019573,WGS84,536,箱根山,日本三百名山|関東百名山,,,,TH-w33077826(140m) TH-w33077826(140m),operator=伊豆箱根バス（株）; busType=民間路線バス; busRoutes=J03・J04（小田原駅～箱根園） / J01（小田原駅～大涌谷～湖尻～ザプリンス箱根芦ノ湖～箱根園）,adopted,10,運行状況（季節運行・休止・予約制）を要確認,"国土数値情報（バス停留所データ）令和4年度（国土交通省）P11-22-14-bs10202（35.243176, 139.019573、JGD2011）を加工して作成 ｜ OpenStreetMap（© OpenStreetMap contributors, ODbL 1.0）Geofabrik japan-latest.osm.pbf 2026-09-23T20:22:04Z node/2468538170",
BS-kP11-22-14-bs10242,bus_stop,立石,35.2401299,139.5994595,WGS84,529,大楠山,関東百名山,,,,TH-w953059876(84m) TH-w953059876(84m),operator=京浜急行バス（株）; busType=民間路線バス; busRoutes=逗2・逗4・逗5・逗6 / 逗7 / 逗8,adopted,10,運行状況（季節運行・休止・予約制）を要確認,"国土数値情報（バス停留所データ）令和4年度（国土交通省）P11-22-14-bs10242（35.240130, 139.599460、JGD2011）を加工して作成 ｜ OpenStreetMap（© OpenStreetMap contributors, ODbL 1.0）Geofabrik japan-latest.osm.pbf 2026-09-23T20:22:04Z node/9938039745",
BS-kP11-22-14-bs10261,bus_stop,秋谷,35.2382801,139.6017427,WGS84,529,大楠山,関東百名山,,,,TH-w953059876(363m),operator=京浜急行バス（株）; busType=民間路線バス; busRoutes=逗2・逗4・逗5・逗6 / 逗7 / 逗8,adopted,10,運行状況（季節運行・休止・予約制）を要確認,"国土数値情報（バス停留所データ）令和4年度（国土交通省）P11-22-14-bs10261（35.238280, 139.601743、JGD2011）を加工して作成 ｜ OpenStreetMap（© OpenStreetMap contributors, ODbL 1.0）Geofabrik japan-latest.osm.pbf 2026-09-23T20:22:04Z node/9938039743",
BS-kP11-22-14-bs10271,bus_stop,前田橋,35.2369381,139.6057651,WGS84,529,大楠山,関東百名山,,,,TH-n2186695792(123m) TH-n2186695792(123m) TH-n3623126323(677m) TH-n3623126323(677m),operator=京浜急行バス（株）; busType=民間路線バス; busRoutes=逗2・逗4・逗5・逗6 / 逗7 / 逗8,adopted,10,運行状況（季節運行・休止・予約制）を要確認、登山口から離れている（徒歩アプローチを要確認）,"国土数値情報（バス停留所データ）令和4年度（国土交通省）P11-22-14-bs10271（35.236938, 139.605765、JGD2011）を加工して作成 ｜ OpenStreetMap（© OpenStreetMap contributors, ODbL 1.0）Geofabrik japan-latest.osm.pbf 2026-09-23T20:22:04Z node/9938039740",
BS-kP11-22-14-bs10281,bus_stop,浄楽寺,35.2355774,139.6082982,WGS84,529,大楠山,関東百名山,,,,TH-n2186695792(304m) TH-n3623126323(704m),operator=京浜急行バス（株）; busType=民間路線バス; busRoutes=逗2・逗4・逗5・逗6 / 逗7 / 逗8,adopted,10,運行状況（季節運行・休止・予約制）を要確認、登山口から離れている（徒歩アプローチを要確認）,"国土数値情報（バス停留所データ）令和4年度（国土交通省）P11-22-14-bs10281（35.235577, 139.608298、JGD2011）を加工して作成 ｜ OpenStreetMap（© OpenStreetMap contributors, ODbL 1.0）Geofabrik japan-latest.osm.pbf 2026-09-23T20:22:04Z node/8855647945",
BS-kP11-22-14-bs10348,bus_stop,箱根湯の花プリンスホテル,35.2257649,139.0371514,WGS84,536,箱根山,日本三百名山|関東百名山,,,,TH-kP11-22-14-bs10348(0m) TH-n1436462135(503m),operator=伊豆箱根バス（株）; busType=民間路線バス; busRoutes=Z02・03（小田原駅→小涌園→箱根関所跡）,adopted,10,運行状況（季節運行・休止・予約制）を要確認,"国土数値情報（バス停留所データ）令和4年度（国土交通省）P11-22-14-bs10348（35.225765, 139.037151、JGD2011）を加工して作成",
BS-kP11-22-14-bs10354,bus_stop,湯の花別荘前,35.2250029,139.0432275,WGS84,536,箱根山,日本三百名山|関東百名山,,,,TH-kP11-22-14-bs10348(559m),operator=伊豆箱根バス（株）; busType=民間路線バス; busRoutes=Z02・03（小田原駅→小涌園→箱根関所跡）,adopted,10,運行状況（季節運行・休止・予約制）を要確認,"国土数値情報（バス停留所データ）令和4年度（国土交通省）P11-22-14-bs10354（35.225003, 139.043228、JGD2011）を加工して作成",
BS-kP11-22-14-bs10385,bus_stop,芦の湯温泉入口,35.2213647,139.0429435,WGS84,536,箱根山,日本三百名山|関東百名山,,,,TH-kP11-22-14-bs10348(717m),operator=伊豆箱根バス（株）; busType=民間路線バス; busRoutes=Z02・03（小田原駅→小涌園→箱根関所跡）,adopted,10,運行状況（季節運行・休止・予約制）を要確認、登山口から離れている（徒歩アプローチを要確認）,"国土数値情報（バス停留所データ）令和4年度（国土交通省）P11-22-14-bs10385（35.221365, 139.042944、JGD2011）を加工して作成",
BS-kP11-22-14-bs10402,bus_stop,富士芦ノ湖パノラマパーク,35.2185766,139.0104156,WGS84,536,箱根山,日本三百名山|関東百名山,,,,TH-n1435663318(893m),operator=伊豆箱根バス（株）; busType=民間路線バス; busRoutes=J03・J04（小田原駅～箱根園） / J01（小田原駅～大涌谷～湖尻～ザプリンス箱根芦ノ湖～箱根園） / J02（小田原駅→湖尻→ザプリンス箱根芦ノ湖→箱根園）,adopted,10,運行状況（季節運行・休止・予約制）を要確認、登山口から離れている（徒歩アプローチを要確認）,"国土数値情報（バス停留所データ）令和4年度（国土交通省）P11-22-14-bs10402（35.218577, 139.010416、JGD2011）を加工して作成 ｜ OpenStreetMap（© OpenStreetMap contributors, ODbL 1.0）Geofabrik japan-latest.osm.pbf 2026-09-23T20:22:04Z node/4380221589",
BS-kP11-22-14-bs10513,bus_stop,小山王,35.1866695,139.1324061,WGS84,557,幕山,関東百名山,,,,TH-kP11-22-14-bs10516(277m),operator=箱根登山バス（株）; busType=民間路線バス; busRoutes=小田原駅～根府川駅～石名坂線,adopted,10,運行状況（季節運行・休止・予約制）を要確認,"国土数値情報（バス停留所データ）令和4年度（国土交通省）P11-22-14-bs10513（35.186669, 139.132406、JGD2011）を加工して作成",
BS-kP11-22-14-bs10516,bus_stop,八貫山,35.18418,139.1327784,WGS84,557,幕山,関東百名山,,,,TH-kP11-22-14-bs10516(0m),operator=箱根登山バス（株）; busType=民間路線バス; busRoutes=小田原駅～根府川駅～石名坂線,adopted,10,運行状況（季節運行・休止・予約制）を要確認,"国土数値情報（バス停留所データ）令和4年度（国土交通省）P11-22-14-bs10516（35.184180, 139.132778、JGD2011）を加工して作成",
BS-kP11-22-14-bs10519,bus_stop,赤沢,35.1819674,139.1329524,WGS84,557,幕山,関東百名山,,,,TH-kP11-22-14-bs10516(245m),operator=箱根登山バス（株）; busType=民間路線バス; busRoutes=小田原駅～根府川駅～石名坂線,adopted,10,運行状況（季節運行・休止・予約制）を要確認,"国土数値情報（バス停留所データ）令和4年度（国土交通省）P11-22-14-bs10519（35.181967, 139.132952、JGD2011）を加工して作成",
BS-kP11-22-14-bs10542,bus_stop,幕山公園,35.1655427,139.090363,WGS84,557,幕山,関東百名山,,,,TH-kP11-22-14-bs10542(0m) TH-n9289109673(355m),operator=箱根登山バス（株）; busType=民間路線バス; busRoutes=湯河原駅～鍛冶屋～幕山公園線,adopted,10,運行状況（季節運行・休止・予約制）を要確認,"国土数値情報（バス停留所データ）令和4年度（国土交通省）P11-22-14-bs10542（35.165543, 139.090363、JGD2011）を加工して作成",
BS-kP11-22-14-bs10545,bus_stop,第3駐車場,35.1644778,139.0938755,WGS84,557,幕山,関東百名山,,,,TH-kP11-22-14-bs10542(341m) TH-n9289109673(682m),operator=箱根登山バス（株）; busType=民間路線バス; busRoutes=湯河原駅～鍛冶屋～幕山公園線,adopted,10,運行状況（季節運行・休止・予約制）を要確認、登山口から離れている（徒歩アプローチを要確認）,"国土数値情報（バス停留所データ）令和4年度（国土交通省）P11-22-14-bs10545（35.164478, 139.093876、JGD2011）を加工して作成",
BS-kP11-22-14-bs10551,bus_stop,山田,35.1624268,139.0984333,WGS84,557,幕山,関東百名山,,,,TH-kP11-22-14-bs10542(811m),operator=箱根登山バス（株）; busType=民間路線バス; busRoutes=湯河原駅～鍛冶屋～幕山公園線,adopted,10,運行状況（季節運行・休止・予約制）を要確認、登山口から離れている（徒歩アプローチを要確認）,"国土数値情報（バス停留所データ）令和4年度（国土交通省）P11-22-14-bs10551（35.162427, 139.098433、JGD2011）を加工して作成",
BS-kP11-22-14-bs1559,bus_stop,焼山登山口,35.5596044,139.1807213,WGS84,453 456 457,蛭ヶ岳、檜洞丸、丹沢山,関東百名山|日本百名山|日本二百名山|日本三百名山,,,,TH-kP11-22-14-bs1604(473m),operator=神奈川中央交通西（株）; busType=民間路線バス; busRoutes=三55 / 三56,adopted,10,運行状況（季節運行・休止・予約制）を要確認,"国土数値情報（バス停留所データ）令和4年度（国土交通省）P11-22-14-bs1559（35.559604, 139.180721、JGD2011）を加工して作成",
BS-kP11-22-14-bs1604,bus_stop,西野々,35.5581693,139.1757993,WGS84,453 456 457,蛭ヶ岳、檜洞丸、丹沢山,関東百名山|日本百名山|日本二百名山|日本三百名山,,,,TH-kP11-22-14-bs1604(0m),operator=神奈川中央交通西（株）; busType=民間路線バス; busRoutes=三55 / 三56,adopted,10,運行状況（季節運行・休止・予約制）を要確認,"国土数値情報（バス停留所データ）令和4年度（国土交通省）P11-22-14-bs1604（35.558169, 139.175799、JGD2011）を加工して作成",
BS-kP11-22-14-bs1635,bus_stop,伏馬田入口,35.5570185,139.1727299,WGS84,453 456 457,蛭ヶ岳、檜洞丸、丹沢山,関東百名山|日本百名山|日本二百名山|日本三百名山,,,,TH-kP11-22-14-bs1604(306m),operator=神奈川中央交通西（株）; busType=民間路線バス; busRoutes=三55 / 三56,adopted,10,運行状況（季節運行・休止・予約制）を要確認,"国土数値情報（バス停留所データ）令和4年度（国土交通省）P11-22-14-bs1635（35.557019, 139.172730、JGD2011）を加工して作成 ｜ OpenStreetMap（© OpenStreetMap contributors, ODbL 1.0）Geofabrik japan-latest.osm.pbf 2026-09-23T20:22:04Z node/1976093339",
BS-kP11-22-14-bs1867,bus_stop,平丸,35.5483696,139.144601,WGS84,453 456 457 461,蛭ヶ岳、檜洞丸、丹沢山、塔ノ岳,関東百名山|日本百名山|日本二百名山|日本三百名山,,,,TH-n6417515914(802m),operator=神奈川中央交通西（株）; busType=民間路線バス; busRoutes=三55 / 三56,adopted,10,運行状況（季節運行・休止・予約制）を要確認、登山口から離れている（徒歩アプローチを要確認）,"国土数値情報（バス停留所データ）令和4年度（国土交通省）P11-22-14-bs1867（35.548370, 139.144601、JGD2011）を加工して作成 ｜ OpenStreetMap（© OpenStreetMap contributors, ODbL 1.0）Geofabrik japan-latest.osm.pbf 2026-09-23T20:22:04Z node/9570413364",
BS-kP11-22-14-bs1984,bus_stop,青根公民館前,35.5448003,139.128827,WGS84,453 456 457 461,蛭ヶ岳、檜洞丸、丹沢山、塔ノ岳,関東百名山|日本百名山|日本二百名山|日本三百名山,,,,TH-n6417515914(727m),operator=神奈川中央交通西（株）; busType=民間路線バス; busRoutes=三55 / 三56,adopted,10,運行状況（季節運行・休止・予約制）を要確認、登山口から離れている（徒歩アプローチを要確認）,"国土数値情報（バス停留所データ）令和4年度（国土交通省）P11-22-14-bs1984（35.544800, 139.128827、JGD2011）を加工して作成 ｜ OpenStreetMap（© OpenStreetMap contributors, ODbL 1.0）Geofabrik japan-latest.osm.pbf 2026-09-23T20:22:04Z node/9570413363",
BS-kP11-22-14-bs1994,bus_stop,上野田,35.5442606,139.126357,WGS84,453 456 457 461,蛭ヶ岳、檜洞丸、丹沢山、塔ノ岳,関東百名山|日本百名山|日本二百名山|日本三百名山,,,,TH-n9570413360(298m) TH-kP11-22-14-bs2030(170m),operator=神奈川中央交通西（株）; busType=民間路線バス; busRoutes=三56,adopted,10,運行状況（季節運行・休止・予約制）を要確認,"国土数値情報（バス停留所データ）令和4年度（国土交通省）P11-22-14-bs1994（35.544261, 139.126357、JGD2011）を加工して作成 ｜ OpenStreetMap（© OpenStreetMap contributors, ODbL 1.0）Geofabrik japan-latest.osm.pbf 2026-09-23T20:22:04Z node/9570413361",
BS-kP11-22-14-bs2013,bus_stop,東野,35.5438554,139.1284392,WGS84,453 456 457 461,蛭ヶ岳、檜洞丸、丹沢山、塔ノ岳,関東百名山|日本百名山|日本二百名山|日本三百名山,,,,TH-kP11-22-14-bs2030(72m),operator=神奈川中央交通西（株）; busType=民間路線バス; busRoutes=三55 / 三56,adopted,10,運行状況（季節運行・休止・予約制）を要確認,"国土数値情報（バス停留所データ）令和4年度（国土交通省）P11-22-14-bs2013（35.543855, 139.128439、JGD2011）を加工して作成 ｜ OpenStreetMap（© OpenStreetMap contributors, ODbL 1.0）Geofabrik japan-latest.osm.pbf 2026-09-23T20:22:04Z node/3129018379",
BS-kP11-22-14-bs2026,bus_stop,橋津原,35.5435106,139.1333209,WGS84,453 456 457 461,蛭ヶ岳、檜洞丸、丹沢山、塔ノ岳,関東百名山|日本百名山|日本二百名山|日本三百名山,,,,TH-n6417515914(555m),operator=神奈川中央交通西（株）; busType=民間路線バス; busRoutes=三55 / 三56,adopted,10,運行状況（季節運行・休止・予約制）を要確認,"国土数値情報（バス停留所データ）令和4年度（国土交通省）P11-22-14-bs2026（35.543511, 139.133321、JGD2011）を加工して作成 ｜ OpenStreetMap（© OpenStreetMap contributors, ODbL 1.0）Geofabrik japan-latest.osm.pbf 2026-09-23T20:22:04Z node/3076714442",
BS-kP11-22-14-bs2030,bus_stop,青根諏訪神社前,35.5433835,139.1278943,WGS84,453 456 457 461,蛭ヶ岳、檜洞丸、丹沢山、塔ノ岳,関東百名山|日本百名山|日本二百名山|日本三百名山,,,,TH-n9570413360(391m) TH-kP11-22-14-bs2030(0m),operator=神奈川中央交通西（株）; busType=民間路線バス; busRoutes=三56,adopted,10,運行状況（季節運行・休止・予約制）を要確認,"国土数値情報（バス停留所データ）令和4年度（国土交通省）P11-22-14-bs2030（35.543383, 139.127894、JGD2011）を加工して作成 ｜ OpenStreetMap（© OpenStreetMap contributors, ODbL 1.0）Geofabrik japan-latest.osm.pbf 2026-09-23T20:22:04Z node/9570413362",
BS-kP11-22-14-bs2053,bus_stop,大川原入口,35.5427698,139.1237959,WGS84,453 456 457 461,蛭ヶ岳、檜洞丸、丹沢山、塔ノ岳,関東百名山|日本百名山|日本二百名山|日本三百名山,,,,TH-n9570413360(14m),operator=神奈川中央交通西（株）; busType=民間路線バス; busRoutes=三56,adopted,10,運行状況（季節運行・休止・予約制）を要確認,"国土数値情報（バス停留所データ）令和4年度（国土交通省）P11-22-14-bs2053（35.542770, 139.123796、JGD2011）を加工して作成 ｜ OpenStreetMap（© OpenStreetMap contributors, ODbL 1.0）Geofabrik japan-latest.osm.pbf 2026-09-23T20:22:04Z node/9570413360",
BS-kP11-22-14-bs2769,bus_stop,宮ヶ瀬,35.5233415,139.2236016,WGS84,453 457 461,蛭ヶ岳、丹沢山、塔ノ岳,関東百名山|日本百名山|日本二百名山|日本三百名山,,,,TH-n1447654825(117m) TH-n1447654825(117m) TH-n1447654825(117m),operator=神奈川中央交通（株）; busType=民間路線バス; busRoutes=厚20 / 厚21,adopted,10,運行状況（季節運行・休止・予約制）を要確認,"国土数値情報（バス停留所データ）令和4年度（国土交通省）P11-22-14-bs2769（35.523342, 139.223602、JGD2011）を加工して作成 ｜ OpenStreetMap（© OpenStreetMap contributors, ODbL 1.0）Geofabrik japan-latest.osm.pbf 2026-09-23T20:22:04Z node/3011780051",
BS-kP11-22-14-bs378,bus_stop,プレジャーフォレスト前,35.6008962,139.1999194,WGS84,430,石老山,関東百名山,,,,TH-w1126412466(190m) TH-n1654497545(536m),operator=神奈川中央交通（株）・神奈川中央交通西（株）; busType=民間路線バス; busRoutes=湖21; network=神奈川中央交通,adopted,10,運行状況（季節運行・休止・予約制）を要確認,"国土数値情報（バス停留所データ）令和4年度（国土交通省）P11-22-14-bs378（35.600896, 139.199919、JGD2011）を加工して作成 ｜ OpenStreetMap（© OpenStreetMap contributors, ODbL 1.0）Geofabrik japan-latest.osm.pbf 2026-09-23T20:22:04Z node/8812033601",
BS-kP11-22-14-bs379,bus_stop,プレジャーフォレスト前,35.6008962,139.1999194,WGS84,430,石老山,関東百名山,,,,TH-w1126412466(190m) TH-n1654497545(536m),operator=神奈川中央交通（株）; busType=民間路線バス; busRoutes=橋11,adopted,10,運行状況（季節運行・休止・予約制）を要確認,"国土数値情報（バス停留所データ）令和4年度（国土交通省）P11-22-14-bs379（35.600896, 139.199919、JGD2011）を加工して作成",
BS-kP11-22-14-bs380,bus_stop,プレジャーフォレスト前,35.6008962,139.1999194,WGS84,430,石老山,関東百名山,,,,TH-w1126412466(190m),operator=神奈川中央交通西（株）; busType=民間路線バス; busRoutes=湖22,adopted,10,運行状況（季節運行・休止・予約制）を要確認,"国土数値情報（バス停留所データ）令和4年度（国土交通省）P11-22-14-bs380（35.600896, 139.199919、JGD2011）を加工して作成",
BS-kP11-22-14-bs413,bus_stop,石老山入口,35.5998779,139.2050681,WGS84,430,石老山,関東百名山,,,,TH-n3079551671(472m) TH-n3079551671(472m),operator=神奈川中央交通（株）・神奈川中央交通西（株）; busType=民間路線バス; busRoutes=湖21,adopted,10,運行状況（季節運行・休止・予約制）を要確認,"国土数値情報（バス停留所データ）令和4年度（国土交通省）P11-22-14-bs413（35.599878, 139.205068、JGD2011）を加工して作成 ｜ OpenStreetMap（© OpenStreetMap contributors, ODbL 1.0）Geofabrik japan-latest.osm.pbf 2026-09-23T20:22:04Z node/2449085839",
BS-kP11-22-14-bs414,bus_stop,石老山入口,35.5998779,139.2050681,WGS84,430,石老山,関東百名山,,,,TH-n3079551671(472m),operator=神奈川中央交通西（株）; busType=民間路線バス; busRoutes=湖22,adopted,10,運行状況（季節運行・休止・予約制）を要確認,"国土数値情報（バス停留所データ）令和4年度（国土交通省）P11-22-14-bs414（35.599878, 139.205068、JGD2011）を加工して作成",
BS-kP11-22-14-bs4379,bus_stop,西丹沢ビジターセンター,35.4717227,139.062981,WGS84,443 456,大室山、檜洞丸,関東百名山,,,,TH-kP11-22-14-bs4379(0m) TH-n1512982177(477m),operator=富士急湘南バス（株）; busType=民間路線バス; busRoutes=松62・谷58・松66・松75,adopted,10,運行状況（季節運行・休止・予約制）を要確認,"国土数値情報（バス停留所データ）令和4年度（国土交通省）P11-22-14-bs4379（35.471723, 139.062981、JGD2011）を加工して作成 ｜ OpenStreetMap（© OpenStreetMap contributors, ODbL 1.0）Geofabrik japan-latest.osm.pbf 2026-09-23T20:22:04Z node/2467302711",
BS-kP11-22-14-bs4481,bus_stop,西丹沢橋,35.4682975,139.0633351,WGS84,443 456,大室山、檜洞丸,関東百名山,,,,TH-kP11-22-14-bs4379(380m) TH-n1512982177(802m),operator=富士急湘南バス（株）; busType=民間路線バス; busRoutes=松62・谷58・松66・松75,adopted,10,運行状況（季節運行・休止・予約制）を要確認、登山口から離れている（徒歩アプローチを要確認）,"国土数値情報（バス停留所データ）令和4年度（国土交通省）P11-22-14-bs4481（35.468298, 139.063335、JGD2011）を加工して作成",
BS-kP11-22-14-bs4611,bus_stop,箒沢公園橋,35.4636859,139.0619348,WGS84,443 456,大室山、檜洞丸,関東百名山,,,,TH-kP11-22-14-bs4379(893m),operator=富士急湘南バス（株）; busType=民間路線バス; busRoutes=松62・谷58・松66・松75,adopted,10,運行状況（季節運行・休止・予約制）を要確認、登山口から離れている（徒歩アプローチを要確認）,"国土数値情報（バス停留所データ）令和4年度（国土交通省）P11-22-14-bs4611（35.463686, 139.061935、JGD2011）を加工して作成",
BS-kP11-22-14-bs4773,bus_stop,箒杉,35.4574375,139.0574704,WGS84,443 456,大室山、檜洞丸,関東百名山,,,,TH-w1456627918(503m),operator=富士急湘南バス（株）; busType=民間路線バス; busRoutes=松62・谷58・松66・松75,adopted,10,運行状況（季節運行・休止・予約制）を要確認,"国土数値情報（バス停留所データ）令和4年度（国土交通省）P11-22-14-bs4773（35.457437, 139.057470、JGD2011）を加工して作成",
BS-kP11-22-14-bs4794,bus_stop,和田,35.4567447,139.0549665,WGS84,443 456,大室山、檜洞丸,関東百名山,,,,TH-w1456627918(266m),operator=富士急湘南バス（株）; busType=民間路線バス; busRoutes=松62・谷58・松66・松75,adopted,10,運行状況（季節運行・休止・予約制）を要確認,"国土数値情報（バス停留所データ）令和4年度（国土交通省）P11-22-14-bs4794（35.456745, 139.054966、JGD2011）を加工して作成",
BS-kP11-22-14-bs4865,bus_stop,大滝橋,35.4546861,139.0519931,WGS84,443 456,大室山、檜洞丸,関東百名山,,,,TH-w1456627918(102m),operator=富士急湘南バス（株）; busType=民間路線バス; busRoutes=松62・谷58・松66・松75,adopted,10,運行状況（季節運行・休止・予約制）を要確認,"国土数値情報（バス停留所データ）令和4年度（国土交通省）P11-22-14-bs4865（35.454686, 139.051993、JGD2011）を加工して作成",
BS-kP11-22-14-bs4900,bus_stop,広沢寺温泉,35.4533317,139.2842206,WGS84,465,大山,日本三百名山|関東百名山,,,,TH-n2034663045(56m),operator=神奈川中央交通（株）; busType=民間路線バス; busRoutes=厚38,adopted,10,運行状況（季節運行・休止・予約制）を要確認,"国土数値情報（バス停留所データ）令和4年度（国土交通省）P11-22-14-bs4900（35.453332, 139.284221、JGD2011）を加工して作成 ｜ OpenStreetMap（© OpenStreetMap contributors, ODbL 1.0）Geofabrik japan-latest.osm.pbf 2026-09-23T20:22:04Z node/2034665314",
BS-kP11-22-14-bs4901,bus_stop,鐘ヶ獄,35.4532866,139.29137,WGS84,465,大山,日本三百名山|関東百名山,,,,TH-w422887664(187m) TH-w422887664(187m),operator=神奈川中央交通（株）; busType=民間路線バス; busRoutes=厚38,adopted,10,運行状況（季節運行・休止・予約制）を要確認,"国土数値情報（バス停留所データ）令和4年度（国土交通省）P11-22-14-bs4901（35.453287, 139.291370、JGD2011）を加工して作成 ｜ OpenStreetMap（© OpenStreetMap contributors, ODbL 1.0）Geofabrik japan-latest.osm.pbf 2026-09-23T20:22:04Z node/6447098432",
BS-kP11-22-14-bs4916,bus_stop,河鹿の沢,35.4528794,139.28846,WGS84,465,大山,日本三百名山|関東百名山,,,,TH-n2034663045(436m) TH-n2034663045(436m),operator=神奈川中央交通（株）; busType=民間路線バス; busRoutes=厚38,adopted,10,運行状況（季節運行・休止・予約制）を要確認,"国土数値情報（バス停留所データ）令和4年度（国土交通省）P11-22-14-bs4916（35.452879, 139.288460、JGD2011）を加工して作成 ｜ OpenStreetMap（© OpenStreetMap contributors, ODbL 1.0）Geofabrik japan-latest.osm.pbf 2026-09-23T20:22:04Z node/6447098447",
BS-kP11-22-14-bs5047,bus_stop,七沢城跡,35.4493523,139.2921308,WGS84,465,大山,日本三百名山|関東百名山,,,,TH-w422887664(253m),operator=神奈川中央交通（株）; busType=民間路線バス; busRoutes=厚38,adopted,10,運行状況（季節運行・休止・予約制）を要確認,"国土数値情報（バス停留所データ）令和4年度（国土交通省）P11-22-14-bs5047（35.449352, 139.292131、JGD2011）を加工して作成 ｜ OpenStreetMap（© OpenStreetMap contributors, ODbL 1.0）Geofabrik japan-latest.osm.pbf 2026-09-23T20:22:04Z node/4226135279",
BS-kP11-22-14-bs5083,bus_stop,高旗観音,35.4480465,139.2887561,WGS84,465,大山,日本三百名山|関東百名山,,,,TH-w1459216234(232m) TH-w1459216234(232m),operator=神奈川中央交通（株）; busType=民間路線バス; busRoutes=厚38,adopted,10,運行状況（季節運行・休止・予約制）を要確認,"国土数値情報（バス停留所データ）令和4年度（国土交通省）P11-22-14-bs5083（35.448047, 139.288756、JGD2011）を加工して作成 ｜ OpenStreetMap（© OpenStreetMap contributors, ODbL 1.0）Geofabrik japan-latest.osm.pbf 2026-09-23T20:22:04Z node/6447098438",
BS-kP11-22-14-bs5087,bus_stop,七沢病院,35.4479872,139.2912912,WGS84,465,大山,日本三百名山|関東百名山,,,,TH-w1459216234(108m),operator=神奈川中央交通（株）; busType=民間路線バス; busRoutes=愛11,adopted,10,運行状況（季節運行・休止・予約制）を要確認,"国土数値情報（バス停留所データ）令和4年度（国土交通省）P11-22-14-bs5087（35.447987, 139.291291、JGD2011）を加工して作成 ｜ OpenStreetMap（© OpenStreetMap contributors, ODbL 1.0）Geofabrik japan-latest.osm.pbf 2026-09-23T20:22:04Z node/6583089474",
BS-kP11-22-14-bs5248,bus_stop,中川,35.4434365,139.0487108,WGS84,443,大室山,関東百名山,,,,TH-n6687931207(112m),operator=富士急湘南バス（株）; busType=民間路線バス; busRoutes=松62・谷58・松66・松75,adopted,10,運行状況（季節運行・休止・予約制）を要確認,"国土数値情報（バス停留所データ）令和4年度（国土交通省）P11-22-14-bs5248（35.443436, 139.048711、JGD2011）を加工して作成 ｜ OpenStreetMap（© OpenStreetMap contributors, ODbL 1.0）Geofabrik japan-latest.osm.pbf 2026-09-23T20:22:04Z node/12824883001",
BS-kP11-22-14-bs5311,bus_stop,中川温泉入口,35.4413909,139.0464829,WGS84,443,大室山,関東百名山,,,,TH-n6687931207(415m),operator=富士急湘南バス（株）; busType=民間路線バス; busRoutes=松62・谷58・松66・松75,adopted,10,運行状況（季節運行・休止・予約制）を要確認,"国土数値情報（バス停留所データ）令和4年度（国土交通省）P11-22-14-bs5311（35.441391, 139.046483、JGD2011）を加工して作成",
BS-kP11-22-14-bs5383,bus_stop,小塚,35.4392557,139.0449321,WGS84,443,大室山,関東百名山,,,,TH-n6687931207(685m) TH-kP11-22-14-bs5552(562m),operator=富士急湘南バス（株）; busType=民間路線バス; busRoutes=松62・谷58・松66・松75,adopted,10,運行状況（季節運行・休止・予約制）を要確認、登山口から離れている（徒歩アプローチを要確認）,"国土数値情報（バス停留所データ）令和4年度（国土交通省）P11-22-14-bs5383（35.439256, 139.044932、JGD2011）を加工して作成",
BS-kP11-22-14-bs5459,bus_stop,丹沢ホテル時の栖入口,35.4369277,139.0443582,WGS84,443,大室山,関東百名山,,,,TH-kP11-22-14-bs5552(303m),operator=富士急湘南バス（株）; busType=民間路線バス; busRoutes=松62・谷58・松66・松75,adopted,10,運行状況（季節運行・休止・予約制）を要確認,"国土数値情報（バス停留所データ）令和4年度（国土交通省）P11-22-14-bs5459（35.436928, 139.044358、JGD2011）を加工して作成",
BS-kP11-22-14-bs5493,bus_stop,日向薬師,35.4358716,139.2775652,WGS84,465,大山,日本三百名山|関東百名山,,,,TH-n12811308676(631m),operator=神奈川中央交通（株）; busType=民間路線バス; busRoutes=伊20 / 伊22 / 伊24; network=伊20;伊22,adopted,10,運行状況（季節運行・休止・予約制）を要確認、登山口から離れている（徒歩アプローチを要確認）,"国土数値情報（バス停留所データ）令和4年度（国土交通省）P11-22-14-bs5493（35.435872, 139.277565、JGD2011）を加工して作成 ｜ OpenStreetMap（© OpenStreetMap contributors, ODbL 1.0）Geofabrik japan-latest.osm.pbf 2026-09-23T20:22:04Z node/1735783964",
BS-kP11-22-14-bs5500,bus_stop,坊中,35.4356398,139.2803822,WGS84,465,大山,日本三百名山|関東百名山,,,,TH-n12811308676(818m),operator=神奈川中央交通（株）; busType=民間路線バス; busRoutes=伊20 / 伊22 / 伊24; network=神奈川中央交通,adopted,10,運行状況（季節運行・休止・予約制）を要確認、登山口から離れている（徒歩アプローチを要確認）,"国土数値情報（バス停留所データ）令和4年度（国土交通省）P11-22-14-bs5500（35.435640, 139.280382、JGD2011）を加工して作成 ｜ OpenStreetMap（© OpenStreetMap contributors, ODbL 1.0）Geofabrik japan-latest.osm.pbf 2026-09-23T20:22:04Z node/2071246952",
BS-kP11-22-14-bs5513,bus_stop,高橋,35.4351674,139.2819623,WGS84,465,大山,日本三百名山|関東百名山,,,,TH-n12811308676(961m),operator=神奈川中央交通（株）; busType=民間路線バス; busRoutes=伊20 / 伊22 / 伊24; network=神奈川中央交通,adopted,10,運行状況（季節運行・休止・予約制）を要確認、登山口から離れている（徒歩アプローチを要確認）,"国土数値情報（バス停留所データ）令和4年度（国土交通省）P11-22-14-bs5513（35.435167, 139.281962、JGD2011）を加工して作成 ｜ OpenStreetMap（© OpenStreetMap contributors, ODbL 1.0）Geofabrik japan-latest.osm.pbf 2026-09-23T20:22:04Z node/2071246686",
BS-kP11-22-14-bs5552,bus_stop,細川橋,35.434187,139.0444606,WGS84,443,大室山,関東百名山,,,,TH-kP11-22-14-bs5552(0m),operator=富士急湘南バス（株）; busType=民間路線バス; busRoutes=松62・谷58・松66・松75,adopted,10,運行状況（季節運行・休止・予約制）を要確認,"国土数値情報（バス停留所データ）令和4年度（国土交通省）P11-22-14-bs5552（35.434187, 139.044461、JGD2011）を加工して作成",
BS-kP11-22-14-bs5769,bus_stop,ヤビツ峠,35.4279731,139.2193653,WGS84,453 457 461 465 456,蛭ヶ岳、丹沢山、塔ノ岳、大山、檜洞丸,関東百名山|日本百名山|日本二百名山|日本三百名山,,,,TH-kP11-22-14-bs5769(0m),operator=神奈川中央交通（株）; busType=民間路線バス; busRoutes=秦21,adopted,10,運行状況（季節運行・休止・予約制）を要確認,"国土数値情報（バス停留所データ）令和4年度（国土交通省）P11-22-14-bs5769（35.427973, 139.219365、JGD2011）を加工して作成 ｜ OpenStreetMap（© OpenStreetMap contributors, ODbL 1.0）Geofabrik japan-latest.osm.pbf 2026-09-23T20:22:04Z node/357416229",
BS-kP11-22-14-bs5852,bus_stop,大山ケーブル,35.4241041,139.2495551,WGS84,465,大山,日本三百名山|関東百名山,,,,TH-w1175012984(74m) TH-w1486752465(693m),operator=神奈川中央交通（株）; busType=民間路線バス; busRoutes=伊10 / 伊11 / 伊17; network=神奈川中央交通,adopted,10,運行状況（季節運行・休止・予約制）を要確認、登山口から離れている（徒歩アプローチを要確認）,"国土数値情報（バス停留所データ）令和4年度（国土交通省）P11-22-14-bs5852（35.424104, 139.249555、JGD2011）を加工して作成 ｜ OpenStreetMap（© OpenStreetMap contributors, ODbL 1.0）Geofabrik japan-latest.osm.pbf 2026-09-23T20:22:04Z node/604136153",
BS-kP11-22-14-bs5871,bus_stop,良弁滝,35.423159,139.2512604,WGS84,465,大山,日本三百名山|関東百名山,,,,TH-w1175012984(259m) TH-w1175012984(259m) TH-w1486752465(879m) TH-w1486752465(879m),operator=神奈川中央交通（株）; busType=民間路線バス; busRoutes=伊10 / 伊17; network=神奈川中央交通,adopted,10,運行状況（季節運行・休止・予約制）を要確認、登山口から離れている（徒歩アプローチを要確認）,"国土数値情報（バス停留所データ）令和4年度（国土交通省）P11-22-14-bs5871（35.423159, 139.251260、JGD2011）を加工して作成 ｜ OpenStreetMap（© OpenStreetMap contributors, ODbL 1.0）Geofabrik japan-latest.osm.pbf 2026-09-23T20:22:04Z node/2068140039",
BS-kP11-22-14-bs5913,bus_stop,あたご滝,35.4215484,139.2545096,WGS84,465,大山,日本三百名山|関東百名山,,,,TH-n935818265(236m),operator=神奈川中央交通（株）; busType=民間路線バス; busRoutes=伊10 / 伊17; network=神奈川中央交通,adopted,10,運行状況（季節運行・休止・予約制）を要確認,"国土数値情報（バス停留所データ）令和4年度（国土交通省）P11-22-14-bs5913（35.421548, 139.254510、JGD2011）を加工して作成 ｜ OpenStreetMap（© OpenStreetMap contributors, ODbL 1.0）Geofabrik japan-latest.osm.pbf 2026-09-23T20:22:04Z node/604136154",
BS-kP11-22-14-bs5950,bus_stop,表丹沢林道入口,35.420058,139.2139898,WGS84,453 457 461 465 456,蛭ヶ岳、丹沢山、塔ノ岳、大山、檜洞丸,関東百名山|日本百名山|日本二百名山|日本三百名山,,,,TH-kP11-22-14-bs5769(1002m),operator=神奈川中央交通（株）; busType=民間路線バス; busRoutes=秦21,adopted,10,運行状況（季節運行・休止・予約制）を要確認、登山口から離れている（徒歩アプローチを要確認）,"国土数値情報（バス停留所データ）令和4年度（国土交通省）P11-22-14-bs5950（35.420058, 139.213990、JGD2011）を加工して作成 ｜ OpenStreetMap（© OpenStreetMap contributors, ODbL 1.0）Geofabrik japan-latest.osm.pbf 2026-09-23T20:22:04Z node/5869577139",
BS-kP11-22-14-bs5955,bus_stop,社務局入口,35.4196698,139.2560775,WGS84,465,大山,日本三百名山|関東百名山,,,,TH-n935818265(28m) TH-n935818265(28m),operator=神奈川中央交通（株）; busType=民間路線バス; busRoutes=伊10 / 伊17; network=神奈川中央交通,adopted,10,運行状況（季節運行・休止・予約制）を要確認,"国土数値情報（バス停留所データ）令和4年度（国土交通省）P11-22-14-bs5955（35.419670, 139.256077、JGD2011）を加工して作成 ｜ OpenStreetMap（© OpenStreetMap contributors, ODbL 1.0）Geofabrik japan-latest.osm.pbf 2026-09-23T20:22:04Z node/3477803281",
BS-kP11-22-14-bs5994,bus_stop,学校入口,35.4185467,139.0428668,WGS84,443,大室山,関東百名山,,,,TH-n1512967297(431m),operator=富士急湘南バス（株）; busType=民間路線バス; busRoutes=松62・谷58・松66・松75,adopted,10,運行状況（季節運行・休止・予約制）を要確認,"国土数値情報（バス停留所データ）令和4年度（国土交通省）P11-22-14-bs5994（35.418547, 139.042867、JGD2011）を加工して作成",
BS-kP11-22-14-bs6065,bus_stop,浅瀬入口,35.4164724,139.0401533,WGS84,443,大室山,関東百名山,,,,TH-n1512967297(95m),operator=富士急湘南バス（株）; busType=民間路線バス; busRoutes=松62・谷58・松66・松75,adopted,10,運行状況（季節運行・休止・予約制）を要確認,"国土数値情報（バス停留所データ）令和4年度（国土交通省）P11-22-14-bs6065（35.416472, 139.040153、JGD2011）を加工して作成",
BS-kP11-22-14-bs6094,bus_stop,蓑毛,35.4155765,139.2287172,WGS84,465,大山,日本三百名山|関東百名山,,,,TH-n1312647879(14m) TH-n1312647879(14m),operator=神奈川中央交通（株）; busType=民間路線バス; busRoutes=秦20 / 秦21; network=神奈川中央交通,adopted,10,運行状況（季節運行・休止・予約制）を要確認,"国土数値情報（バス停留所データ）令和4年度（国土交通省）P11-22-14-bs6094（35.415577, 139.228717、JGD2011）を加工して作成 ｜ OpenStreetMap（© OpenStreetMap contributors, ODbL 1.0）Geofabrik japan-latest.osm.pbf 2026-09-23T20:22:04Z node/1312647879",
BS-kP11-22-14-bs6167,bus_stop,蓑毛中,35.4130511,139.2295443,WGS84,465,大山,日本三百名山|関東百名山,,,,TH-n1312647879(303m),operator=神奈川中央交通（株）; busType=民間路線バス; busRoutes=秦20 / 秦21; network=神奈川中央交通,adopted,10,運行状況（季節運行・休止・予約制）を要確認,"国土数値情報（バス停留所データ）令和4年度（国土交通省）P11-22-14-bs6167（35.413051, 139.229544、JGD2011）を加工して作成 ｜ OpenStreetMap（© OpenStreetMap contributors, ODbL 1.0）Geofabrik japan-latest.osm.pbf 2026-09-23T20:22:04Z node/9327891429",
BS-kP11-22-14-bs6169,bus_stop,丹沢湖,35.4129857,139.0433004,WGS84,443,大室山,関東百名山,,,,TH-n1512967297(483m),operator=富士急湘南バス（株）; busType=民間路線バス; busRoutes=松62・谷58・松66・松75,adopted,10,運行状況（季節運行・休止・予約制）を要確認,"国土数値情報（バス停留所データ）令和4年度（国土交通省）P11-22-14-bs6169（35.412986, 139.043300、JGD2011）を加工して作成 ｜ OpenStreetMap（© OpenStreetMap contributors, ODbL 1.0）Geofabrik japan-latest.osm.pbf 2026-09-23T20:22:04Z node/3713401813",
BS-kP11-22-14-bs6353,bus_stop,大倉,35.4046809,139.1689796,WGS84,453 457 461,蛭ヶ岳、丹沢山、塔ノ岳,関東百名山|日本百名山|日本二百名山|日本三百名山,,,,TH-w560444107(81m) TH-w560444107(81m) TH-n363527827(407m) TH-n363527827(407m),operator=神奈川中央交通（株）; busType=民間路線バス; busRoutes=渋02,adopted,10,運行状況（季節運行・休止・予約制）を要確認,"国土数値情報（バス停留所データ）令和4年度（国土交通省）P11-22-14-bs6353（35.404681, 139.168980、JGD2011）を加工して作成 ｜ OpenStreetMap（© OpenStreetMap contributors, ODbL 1.0）Geofabrik japan-latest.osm.pbf 2026-09-23T20:22:04Z node/357416205",
BS-kP11-22-14-bs6418,bus_stop,県民の森入口,35.4019089,139.1593015,WGS84,461,塔ノ岳,関東百名山,,,,TH-n363527827(785m),operator=（株）愛鶴; busType=民間路線バス; busRoutes=行け行けぼくらのかみちゃん号みくるべ線,adopted,10,運行状況（季節運行・休止・予約制）を要確認、登山口から離れている（徒歩アプローチを要確認）,"国土数値情報（バス停留所データ）令和4年度（国土交通省）P11-22-14-bs6418（35.401909, 139.159301、JGD2011）を加工して作成",
BS-kP11-22-14-bs6429,bus_stop,鍛治谷戸,35.4015486,139.1710953,WGS84,453 457 461,蛭ヶ岳、丹沢山、塔ノ岳,関東百名山|日本百名山|日本二百名山|日本三百名山,,,,TH-w560444107(463m),operator=神奈川中央交通（株）; busType=民間路線バス; busRoutes=渋02,adopted,10,運行状況（季節運行・休止・予約制）を要確認,"国土数値情報（バス停留所データ）令和4年度（国土交通省）P11-22-14-bs6429（35.401549, 139.171095、JGD2011）を加工して作成 ｜ OpenStreetMap（© OpenStreetMap contributors, ODbL 1.0）Geofabrik japan-latest.osm.pbf 2026-09-23T20:22:04Z node/9551337708",
BS-kP11-22-14-bs7626,bus_stop,谷峨駅,35.365705,139.0383134,WGS84,489,大野山,関東百名山,,,,TH-osm-n8244080366(26m) TH-osm-n8244080366(26m),operator=富士急湘南バス（株）; busType=民間路線バス; busRoutes=松62・谷58・松66・松75,adopted,10,運行状況（季節運行・休止・予約制）を要確認,"国土数値情報（バス停留所データ）令和4年度（国土交通省）P11-22-14-bs7626（35.365705, 139.038313、JGD2011）を加工して作成 ｜ OpenStreetMap（© OpenStreetMap contributors, ODbL 1.0）Geofabrik japan-latest.osm.pbf 2026-09-23T20:22:04Z node/9670082990",
BS-kP11-22-14-bs7639,bus_stop,峰,35.365167,139.597665,WGS84,503,天園,関東百名山,,,,TH-n3112663675(299m) TH-n3112663675(299m),operator=横浜市; busType=公営路線バス; busRoutes=磯子駅前～中原～峰の郷,adopted,10,運行状況（季節運行・休止・予約制）を要確認,"国土数値情報（バス停留所データ）令和4年度（国土交通省）P11-22-14-bs7639（35.365167, 139.597665、JGD2011）を加工して作成 ｜ OpenStreetMap（© OpenStreetMap contributors, ODbL 1.0）Geofabrik japan-latest.osm.pbf 2026-09-23T20:22:04Z node/3112663666",
BS-kP11-22-14-bs7648,bus_stop,峰の郷,35.3647931,139.5948467,WGS84,503,天園,関東百名山,,,,TH-n3112663675(40m),operator=横浜市; busType=公営路線バス; busRoutes=磯子駅前～中原～峰の郷,adopted,10,運行状況（季節運行・休止・予約制）を要確認,"国土数値情報（バス停留所データ）令和4年度（国土交通省）P11-22-14-bs7648（35.364793, 139.594847、JGD2011）を加工して作成 ｜ OpenStreetMap（© OpenStreetMap contributors, ODbL 1.0）Geofabrik japan-latest.osm.pbf 2026-09-23T20:22:04Z node/3112663675",
BS-kP11-22-14-bs7695,bus_stop,嵐入口,35.3636133,139.0442688,WGS84,489,大野山,関東百名山,,,,TH-osm-n8244080366(563m),operator=富士急湘南バス（株）; busType=民間路線バス; busRoutes=松62・谷58・松66・松75,adopted,10,運行状況（季節運行・休止・予約制）を要確認,"国土数値情報（バス停留所データ）令和4年度（国土交通省）P11-22-14-bs7695（35.363613, 139.044269、JGD2011）を加工して作成",
BS-kP11-22-14-bs77,bus_stop,貝沢住宅前,35.6200153,139.1794894,WGS84,416,陣馬山,関東百名山,,,,TH-n2518547332(13m) TH-n2518547332(13m),operator=神奈川中央交通西（株）; busType=民間路線バス; busRoutes=湖23; network=神奈川中央交通,adopted,10,運行状況（季節運行・休止・予約制）を要確認,"国土数値情報（バス停留所データ）令和4年度（国土交通省）P11-22-14-bs77（35.620015, 139.179489、JGD2011）を加工して作成 ｜ OpenStreetMap（© OpenStreetMap contributors, ODbL 1.0）Geofabrik japan-latest.osm.pbf 2026-09-23T20:22:04Z node/2518547332",
BS-kP11-22-14-bs7787,bus_stop,みどりが丘,35.3609597,139.5817343,WGS84,503,天園,関東百名山,,,,TH-n9929390905(31m),operator=神奈川中央交通（株）; busType=民間路線バス; busRoutes=港93 / 船09,adopted,10,運行状況（季節運行・休止・予約制）を要確認,"国土数値情報（バス停留所データ）令和4年度（国土交通省）P11-22-14-bs7787（35.360960, 139.581734、JGD2011）を加工して作成 ｜ OpenStreetMap（© OpenStreetMap contributors, ODbL 1.0）Geofabrik japan-latest.osm.pbf 2026-09-23T20:22:04Z node/9929390905",
BS-kP11-22-14-bs7844,bus_stop,みどりが丘南,35.3590994,139.5820517,WGS84,503,天園,関東百名山,,,,TH-n9929390905(215m) TH-n9929390905(215m),operator=神奈川中央交通（株）; busType=民間路線バス; busRoutes=港93 / 船09,adopted,10,運行状況（季節運行・休止・予約制）を要確認,"国土数値情報（バス停留所データ）令和4年度（国土交通省）P11-22-14-bs7844（35.359099, 139.582052、JGD2011）を加工して作成 ｜ OpenStreetMap（© OpenStreetMap contributors, ODbL 1.0）Geofabrik japan-latest.osm.pbf 2026-09-23T20:22:04Z node/9929390904",
BS-kP11-22-14-bs8098,bus_stop,金沢動物園,35.350509,139.5999451,WGS84,503,天園,関東百名山,,,,TH-n3577095649(281m) TH-n3577095649(281m),operator=京浜急行バス（株）; busType=民間路線バス; busRoutes=文21,adopted,10,運行状況（季節運行・休止・予約制）を要確認,"国土数値情報（バス停留所データ）令和4年度（国土交通省）P11-22-14-bs8098（35.350509, 139.599945、JGD2011）を加工して作成 ｜ OpenStreetMap（© OpenStreetMap contributors, ODbL 1.0）Geofabrik japan-latest.osm.pbf 2026-09-23T20:22:04Z node/4355071989",
BS-kP11-22-14-bs8200,bus_stop,夏山坂上,35.3473796,139.598449,WGS84,503,天園,関東百名山,,,,TH-n3577095649(587m),operator=京浜急行バス（株）; busType=民間路線バス; busRoutes=文1・文2 / 文3; network=京浜急行バス,adopted,10,運行状況（季節運行・休止・予約制）を要確認,"国土数値情報（バス停留所データ）令和4年度（国土交通省）P11-22-14-bs8200（35.347380, 139.598449、JGD2011）を加工して作成 ｜ OpenStreetMap（© OpenStreetMap contributors, ODbL 1.0）Geofabrik japan-latest.osm.pbf 2026-09-23T20:22:04Z node/4355082189",
BS-kP11-22-14-bs8369,bus_stop,栄プール,35.3427073,139.5791608,WGS84,503,天園,関東百名山,,,,TH-n1791311832(771m),operator=神奈川中央交通（株）; busType=民間路線バス; busRoutes=港40 / 船07,adopted,10,運行状況（季節運行・休止・予約制）を要確認、登山口から離れている（徒歩アプローチを要確認）,"国土数値情報（バス停留所データ）令和4年度（国土交通省）P11-22-14-bs8369（35.342707, 139.579161、JGD2011）を加工して作成 ｜ OpenStreetMap（© OpenStreetMap contributors, ODbL 1.0）Geofabrik japan-latest.osm.pbf 2026-09-23T20:22:04Z node/5309775053",
BS-kP11-22-14-bs8481,bus_stop,北鎌倉台,35.3393517,139.5594514,WGS84,503,天園,関東百名山,,,,TH-n2405714184(599m) TH-n1794218892(560m),operator=（株）江ノ電バス; busType=民間路線バス; busRoutes=N5 / N55,adopted,10,運行状況（季節運行・休止・予約制）を要確認,"国土数値情報（バス停留所データ）令和4年度（国土交通省）P11-22-14-bs8481（35.339352, 139.559451、JGD2011）を加工して作成 ｜ OpenStreetMap（© OpenStreetMap contributors, ODbL 1.0）Geofabrik japan-latest.osm.pbf 2026-09-23T20:22:04Z node/2405720490",
BS-kP11-22-14-bs8492,bus_stop,鎌倉湖畔,35.3390097,139.5659971,WGS84,503,天園,関東百名山,,,,TH-n2405714184(9m) TH-n1791311832(794m) TH-n1794218892(360m),operator=（株）江ノ電バス; busType=民間路線バス; busRoutes=N5 / N55,adopted,10,運行状況（季節運行・休止・予約制）を要確認、登山口から離れている（徒歩アプローチを要確認）,"国土数値情報（バス停留所データ）令和4年度（国土交通省）P11-22-14-bs8492（35.339010, 139.565997、JGD2011）を加工して作成 ｜ OpenStreetMap（© OpenStreetMap contributors, ODbL 1.0）Geofabrik japan-latest.osm.pbf 2026-09-23T20:22:04Z node/2405714184",
BS-kP11-22-14-bs8558,bus_stop,半僧坊下,35.3370933,139.5626333,WGS84,503,天園,関東百名山,,,,TH-n2405714184(380m) TH-n1794218892(179m),operator=（株）江ノ電バス; busType=民間路線バス; busRoutes=N5 / N55,adopted,10,運行状況（季節運行・休止・予約制）を要確認,"国土数値情報（バス停留所データ）令和4年度（国土交通省）P11-22-14-bs8558（35.337093, 139.562633、JGD2011）を加工して作成 ｜ OpenStreetMap（© OpenStreetMap contributors, ODbL 1.0）Geofabrik japan-latest.osm.pbf 2026-09-23T20:22:04Z node/2405720394",
BS-kP11-22-14-bs8793,bus_stop,本村,35.3298309,139.0545752,WGS84,506,矢倉岳,関東百名山,,,,TH-kP11-22-14-bs8793(0m) TH-gsi-yagurasawa(544m),operator=箱根登山バス（株）; busType=民間路線バス; busRoutes=内山～矢倉沢～関本線 / 関本～内山～地蔵堂線,adopted,10,運行状況（季節運行・休止・予約制）を要確認,"国土数値情報（バス停留所データ）令和4年度（国土交通省）P11-22-14-bs8793（35.329831, 139.054575、JGD2011）を加工して作成 ｜ OpenStreetMap（© OpenStreetMap contributors, ODbL 1.0）Geofabrik japan-latest.osm.pbf 2026-09-23T20:22:04Z node/12803481001",
BS-kP11-22-14-bs8816,bus_stop,東山,35.3292014,139.0582911,WGS84,506,矢倉岳,関東百名山,,,,TH-kP11-22-14-bs8793(345m),operator=箱根登山バス（株）; busType=民間路線バス; busRoutes=新松田駅～関本～地蔵堂線 / 内山～矢倉沢～関本線 / 関本～地蔵堂～足柄万葉公園線,adopted,10,運行状況（季節運行・休止・予約制）を要確認,"国土数値情報（バス停留所データ）令和4年度（国土交通省）P11-22-14-bs8816（35.329201, 139.058291、JGD2011）を加工して作成",
BS-kP11-22-14-bs8820,bus_stop,朝比奈峠,35.3290385,139.5892788,WGS84,503,天園,関東百名山,,,,TH-n4355233089(33m) TH-n4355233089(33m),operator=京浜急行バス（株）; busType=民間路線バス; busRoutes=鎌23・鎌24（りんどう号）; network=京浜急行バス,adopted,10,運行状況（季節運行・休止・予約制）を要確認,"国土数値情報（バス停留所データ）令和4年度（国土交通省）P11-22-14-bs8820（35.329039, 139.589279、JGD2011）を加工して作成 ｜ OpenStreetMap（© OpenStreetMap contributors, ODbL 1.0）Geofabrik japan-latest.osm.pbf 2026-09-23T20:22:04Z node/4355233089",
BS-kP11-22-14-bs8840,bus_stop,矢倉沢,35.3284146,139.0565861,WGS84,506,矢倉岳,関東百名山,,,,TH-kP11-22-14-bs8793(241m) TH-gsi-yagurasawa(738m),operator=箱根登山バス（株）; busType=民間路線バス; busRoutes=新松田駅～関本～地蔵堂線 / 内山～矢倉沢～関本線 / 関本～内山～地蔵堂線,adopted,10,運行状況（季節運行・休止・予約制）を要確認、登山口から離れている（徒歩アプローチを要確認）,"国土数値情報（バス停留所データ）令和4年度（国土交通省）P11-22-14-bs8840（35.328415, 139.056586、JGD2011）を加工して作成 ｜ OpenStreetMap（© OpenStreetMap contributors, ODbL 1.0）Geofabrik japan-latest.osm.pbf 2026-09-23T20:22:04Z node/12803481101",
BS-kP11-22-14-bs8935,bus_stop,大塔宮,35.3256963,139.5658604,WGS84,503,天園,関東百名山,,,,TH-w463206616(87m) TH-n1771745315(421m),operator=京浜急行バス（株）; busType=民間路線バス; busRoutes=鎌20,adopted,10,運行状況（季節運行・休止・予約制）を要確認,"国土数値情報（バス停留所データ）令和4年度（国土交通省）P11-22-14-bs8935（35.325696, 139.565860、JGD2011）を加工して作成 ｜ OpenStreetMap（© OpenStreetMap contributors, ODbL 1.0）Geofabrik japan-latest.osm.pbf 2026-09-23T20:22:04Z node/1791164174",
BS-kP11-22-14-bs8971,bus_stop,天神前,35.3246134,139.5638948,WGS84,503,天園,関東百名山,,,,TH-w463206616(264m) TH-w463206616(264m) TH-n1771745315(525m) TH-n1771745315(525m),operator=京浜急行バス（株）; busType=民間路線バス; busRoutes=鎌20,adopted,10,運行状況（季節運行・休止・予約制）を要確認,"国土数値情報（バス停留所データ）令和4年度（国土交通省）P11-22-14-bs8971（35.324613, 139.563895、JGD2011）を加工して作成 ｜ OpenStreetMap（© OpenStreetMap contributors, ODbL 1.0）Geofabrik japan-latest.osm.pbf 2026-09-23T20:22:04Z node/1791063638",
BS-kP11-22-14-bs9017,bus_stop,足柄万葉公園,35.3231025,139.0170777,WGS84,506,矢倉岳,関東百名山,,,,TH-n1497992535(97m) TH-n1616967514(822m),operator=箱根登山バス（株）; busType=民間路線バス; busRoutes=関本～地蔵堂～足柄万葉公園線,adopted,10,運行状況（季節運行・休止・予約制）を要確認、登山口から離れている（徒歩アプローチを要確認）,"国土数値情報（バス停留所データ）令和4年度（国土交通省）P11-22-14-bs9017（35.323103, 139.017078、JGD2011）を加工して作成",
BS-kP11-22-14-bs9060,bus_stop,足柄古道入口,35.322021,139.0458069,WGS84,506,矢倉岳,関東百名山,,,,TH-gsi-yagurasawa(877m),operator=箱根登山バス（株）; busType=民間路線バス; busRoutes=新松田駅～関本～地蔵堂線 / 関本～内山～地蔵堂線 / 関本～地蔵堂～足柄万葉公園線,adopted,10,運行状況（季節運行・休止・予約制）を要確認、登山口から離れている（徒歩アプローチを要確認）,"国土数値情報（バス停留所データ）令和4年度（国土交通省）P11-22-14-bs9060（35.322021, 139.045807、JGD2011）を加工して作成",
BS-kP11-22-14-bs9155,bus_stop,見晴台,35.3191654,139.0188125,WGS84,506,矢倉岳,関東百名山,,,,TH-n1497992535(556m),operator=箱根登山バス（株）; busType=民間路線バス; busRoutes=関本～地蔵堂～足柄万葉公園線,adopted,10,運行状況（季節運行・休止・予約制）を要確認,"国土数値情報（バス停留所データ）令和4年度（国土交通省）P11-22-14-bs9155（35.319165, 139.018812、JGD2011）を加工して作成",
BS-kP11-22-14-bs9198,bus_stop,相の川橋,35.3174737,139.0252491,WGS84,506,矢倉岳,関東百名山,,,,TH-kP11-22-14-bs9204(614m) TH-n11898413727(800m),operator=箱根登山バス（株）; busType=民間路線バス; busRoutes=関本～地蔵堂～足柄万葉公園線,adopted,10,運行状況（季節運行・休止・予約制）を要確認、登山口から離れている（徒歩アプローチを要確認）,"国土数値情報（バス停留所データ）令和4年度（国土交通省）P11-22-14-bs9198（35.317474, 139.025249、JGD2011）を加工して作成",
BS-kP11-22-14-bs9204,bus_stop,地蔵堂,35.317267,139.0319994,WGS84,506,矢倉岳,関東百名山,,,,TH-kP11-22-14-bs9204(0m) TH-n11898413727(441m),operator=箱根登山バス（株）; busType=民間路線バス; busRoutes=新松田駅～関本～地蔵堂線 / 関本～内山～地蔵堂線 / 関本～地蔵堂～足柄万葉公園線; network=箱根登山バス,adopted,10,運行状況（季節運行・休止・予約制）を要確認,"国土数値情報（バス停留所データ）令和4年度（国土交通省）P11-22-14-bs9204（35.317267, 139.031999、JGD2011）を加工して作成 ｜ OpenStreetMap（© OpenStreetMap contributors, ODbL 1.0）Geofabrik japan-latest.osm.pbf 2026-09-23T20:22:04Z node/10260866199",
BS-kP11-22-14-bs9321,bus_stop,足柄ふれあいの村,35.3121119,139.0808226,WGS84,516 519,金時山、明神ヶ岳,日本三百名山|関東百名山,,,,TH-n6418977013(392m),operator=伊豆箱根バス（株）; busType=民間路線バス; busRoutes=道01・02（大雄山駅～仁王門～ふれあいの村～おんりーゆー前～道了尊）,adopted,10,運行状況（季節運行・休止・予約制）を要確認,"国土数値情報（バス停留所データ）令和4年度（国土交通省）P11-22-14-bs9321（35.312112, 139.080823、JGD2011）を加工して作成",
BS-kP11-22-14-bs9390,bus_stop,おんりーゆー前,35.3094836,139.0791197,WGS84,516 519,金時山、明神ヶ岳,日本三百名山|関東百名山,,,,TH-kP11-22-14-bs9485(491m) TH-n6418977013(90m) TH-n6591898477(815m),operator=伊豆箱根バス（株）; busType=民間路線バス; busRoutes=道01・02（大雄山駅～仁王門～ふれあいの村～おんりーゆー前～道了尊）,adopted,10,運行状況（季節運行・休止・予約制）を要確認、登山口から離れている（徒歩アプローチを要確認）,"国土数値情報（バス停留所データ）令和4年度（国土交通省）P11-22-14-bs9390（35.309484, 139.079120、JGD2011）を加工して作成 ｜ OpenStreetMap（© OpenStreetMap contributors, ODbL 1.0）Geofabrik japan-latest.osm.pbf 2026-09-23T20:22:04Z node/3755162491",
BS-kP11-22-14-bs9445,bus_stop,丸太の森入口,35.307373,139.0834368,WGS84,516 519,金時山、明神ヶ岳,日本三百名山|関東百名山,,,,TH-kP11-22-14-bs9485(511m) TH-n6591898477(876m),operator=伊豆箱根バス（株）; busType=民間路線バス; busRoutes=道01・02（大雄山駅～仁王門～ふれあいの村～おんりーゆー前～道了尊）,adopted,10,運行状況（季節運行・休止・予約制）を要確認、登山口から離れている（徒歩アプローチを要確認）,"国土数値情報（バス停留所データ）令和4年度（国土交通省）P11-22-14-bs9445（35.307373, 139.083437、JGD2011）を加工して作成",
BS-kP11-22-14-bs9485,bus_stop,道了尊,35.3050679,139.0785648,WGS84,516 519,金時山、明神ヶ岳,日本三百名山|関東百名山,,,,TH-kP11-22-14-bs9485(0m) TH-n6418977013(473m) TH-n6591898477(373m),operator=伊豆箱根バス（株）; busType=民間路線バス; busRoutes=道01・02（大雄山駅～仁王門～ふれあいの村～おんりーゆー前～道了尊）,adopted,10,運行状況（季節運行・休止・予約制）を要確認,"国土数値情報（バス停留所データ）令和4年度（国土交通省）P11-22-14-bs9485（35.305068, 139.078565、JGD2011）を加工して作成 ｜ OpenStreetMap（© OpenStreetMap contributors, ODbL 1.0）Geofabrik japan-latest.osm.pbf 2026-09-23T20:22:04Z node/10086072396",
BS-kP11-22-14-bs9782,bus_stop,太郎平,35.2754293,139.007061,WGS84,516 519,金時山、明神ヶ岳,日本三百名山|関東百名山,,,,TH-n1436527936(451m) TH-n1436527936(451m),operator=箱根登山バス（株）; busType=民間路線バス; busRoutes=Lアウトレット・時之栖線 / G御殿場線 / M観光施設めぐりバス（宮城野経由）,adopted,10,運行状況（季節運行・休止・予約制）を要確認,"国土数値情報（バス停留所データ）令和4年度（国土交通省）P11-22-14-bs9782（35.275429, 139.007061、JGD2011）を加工して作成 ｜ OpenStreetMap（© OpenStreetMap contributors, ODbL 1.0）Geofabrik japan-latest.osm.pbf 2026-09-23T20:22:04Z node/5059468523",
BS-kP11-22-14-bs9793,bus_stop,船原日向,35.274777,139.1137314,WGS84,516 519,金時山、明神ヶ岳,日本三百名山|関東百名山,,,,TH-kP11-22-14-bs9806(292m),operator=伊豆箱根バス（株）; busType=民間路線バス; busRoutes=小51（小田原駅～市役所前～船原～小田原フラワーガーデン～県立諏訪の原公園） / 学03（小田原フラワーガーデン→白山中学前） / 小53（県立諏訪の原公園→小田原フラワーガーデン→船原→井細田駅前→小田原駅）,adopted,10,運行状況（季節運行・休止・予約制）を要確認,"国土数値情報（バス停留所データ）令和4年度（国土交通省）P11-22-14-bs9793（35.274777, 139.113731、JGD2011）を加工して作成",
BS-kP11-22-14-bs9797,bus_stop,金時登山口,35.2744763,139.0094475,WGS84,516 519,金時山、明神ヶ岳,日本三百名山|関東百名山,,,,TH-n1436527936(459m),operator=箱根登山バス（株）; busType=民間路線バス; busRoutes=Lアウトレット・時之栖線 / G御殿場線 / M観光施設めぐりバス（宮城野経由）,adopted,10,運行状況（季節運行・休止・予約制）を要確認,"国土数値情報（バス停留所データ）令和4年度（国土交通省）P11-22-14-bs9797（35.274476, 139.009447、JGD2011）を加工して作成",
BS-kP11-22-14-bs9806,bus_stop,和留沢入口,35.2733616,139.1110157,WGS84,516 519,金時山、明神ヶ岳,日本三百名山|関東百名山,,,,TH-kP11-22-14-bs9806(0m),operator=伊豆箱根バス（株）; busType=民間路線バス; busRoutes=小51（小田原駅～市役所前～船原～小田原フラワーガーデン～県立諏訪の原公園） / 学03（小田原フラワーガーデン→白山中学前） / 小53（県立諏訪の原公園→小田原フラワーガーデン→船原→井細田駅前→小田原駅）,adopted,10,運行状況（季節運行・休止・予約制）を要確認,"国土数値情報（バス停留所データ）令和4年度（国土交通省）P11-22-14-bs9806（35.273362, 139.111016、JGD2011）を加工して作成",
BS-kP11-22-14-bs9814,bus_stop,日陰上,35.2728422,139.1113668,WGS84,516 519,金時山、明神ヶ岳,日本三百名山|関東百名山,,,,TH-kP11-22-14-bs9806(66m),operator=伊豆箱根バス（株）; busType=民間路線バス; busRoutes=小51（小田原駅～市役所前～船原～小田原フラワーガーデン～県立諏訪の原公園） / 学03（小田原フラワーガーデン→白山中学前） / 小53（県立諏訪の原公園→小田原フラワーガーデン→船原→井細田駅前→小田原駅）,adopted,10,運行状況（季節運行・休止・予約制）を要確認,"国土数値情報（バス停留所データ）令和4年度（国土交通省）P11-22-14-bs9814（35.272842, 139.111367、JGD2011）を加工して作成",
BS-kP11-22-14-bs99,bus_stop,与瀬神社前,35.6179662,139.1835899,WGS84,416,陣馬山,関東百名山,,,,TH-n2518547332(427m),operator=神奈川中央交通西（株）; busType=民間路線バス; busRoutes=湖23; network=神奈川中央交通,adopted,10,運行状況（季節運行・休止・予約制）を要確認,"国土数値情報（バス停留所データ）令和4年度（国土交通省）P11-22-14-bs99（35.617966, 139.183590、JGD2011）を加工して作成 ｜ OpenStreetMap（© OpenStreetMap contributors, ODbL 1.0）Geofabrik japan-latest.osm.pbf 2026-09-23T20:22:04Z node/4415991789",
BS-kP11-22-14-bs9932,bus_stop,池上六丁目,35.2643147,139.6392962,WGS84,529,大楠山,関東百名山,,,,TH-osm-n9908319286(351m) TH-osm-n9908319286(351m),operator=京浜急行バス（株）; busType=民間路線バス; busRoutes=逗15 / 逗25 / 汐16,adopted,10,運行状況（季節運行・休止・予約制）を要確認,"国土数値情報（バス停留所データ）令和4年度（国土交通省）P11-22-14-bs9932（35.264315, 139.639296、JGD2011）を加工して作成 ｜ OpenStreetMap（© OpenStreetMap contributors, ODbL 1.0）Geofabrik japan-latest.osm.pbf 2026-09-23T20:22:04Z node/6005144164",
BS-kP11-22-14-bs9944,bus_stop,大楠登山口,35.2633425,139.6353202,WGS84,529,大楠山,関東百名山,,,,TH-osm-n9908319286(33m),operator=京浜急行バス（株）; busType=民間路線バス; busRoutes=逗15 / 逗25 / 汐16,adopted,10,運行状況（季節運行・休止・予約制）を要確認,"国土数値情報（バス停留所データ）令和4年度（国土交通省）P11-22-14-bs9944（35.263343, 139.635320、JGD2011）を加工して作成",
BS-kP11-22-14-bs9998,bus_stop,平作五丁目,35.2589923,139.6442402,WGS84,529,大楠山,関東百名山,,,,TH-kP11-22-14-bs10026(326m),operator=京浜急行バス（株）; busType=民間路線バス; busRoutes=衣25,adopted,10,運行状況（季節運行・休止・予約制）を要確認,"国土数値情報（バス停留所データ）令和4年度（国土交通省）P11-22-14-bs9998（35.258992, 139.644240、JGD2011）を加工して作成",
BS-kP11-22-15-bs8223,bus_stop,元橋,36.8167278,138.7814464,WGS84,234 236 238,谷川岳、平標山、仙ノ倉山,日本百名山|日本二百名山|日本三百名山|関東百名山|甲信越百名山,,,,TH-n5327328468(485m),operator=南越後観光バス（株）; busType=民間路線バス; busRoutes=系統1210・1220 / 系統1212・1222,adopted,10,運行状況（季節運行・休止・予約制）を要確認,"国土数値情報（バス停留所データ）令和4年度（国土交通省）P11-22-15-bs8223（36.816728, 138.781446、JGD2011）を加工して作成",
BS-kP11-22-15-bs8224,bus_stop,平標登山口,36.8115128,138.7835384,WGS84,234 236 238,谷川岳、平標山、仙ノ倉山,日本百名山|日本二百名山|日本三百名山|関東百名山|甲信越百名山,,,,TH-n5327328468(244m),operator=南越後観光バス（株）; busType=民間路線バス; busRoutes=系統1210・1220 / 系統1212・1222,adopted,10,運行状況（季節運行・休止・予約制）を要確認,"国土数値情報（バス停留所データ）令和4年度（国土交通省）P11-22-15-bs8224（36.811513, 138.783538、JGD2011）を加工して作成",
BS-kP11-22-15-bs8229,bus_stop,浅貝,36.7876057,138.7957244,WGS84,236 238,平標山、仙ノ倉山,甲信越百名山|日本二百名山|日本三百名山|関東百名山,,,,TH-n6537751083(114m),operator=南越後観光バス（株）; busType=民間路線バス; busRoutes=系統1210・1220 / 系統1212・1222,adopted,10,運行状況（季節運行・休止・予約制）を要確認,"国土数値情報（バス停留所データ）令和4年度（国土交通省）P11-22-15-bs8229（36.787606, 138.795724、JGD2011）を加工して作成",
BS-kP11-22-19-bs1035,bus_stop,久野本,35.6743185,139.0869506,WGS84,399 413,三頭山、生藤山,日本三百名山|関東百名山,,,,TH-kP11-22-19-bs1035(0m) TH-kP11-22-19-bs1048(317m),operator=富士急バス（株）; busType=民間路線バス; busRoutes=【上野原】上野原駅～飯尾 / 【上野原】上野原駅～松姫峠 / 【上野原】小菅の湯～上野原駅,adopted,10,運行状況（季節運行・休止・予約制）を要確認,"国土数値情報（バス停留所データ）令和4年度（国土交通省）P11-22-19-bs1035（35.674318, 139.086951、JGD2011）を加工して作成",
BS-kP11-22-19-bs1048,bus_stop,新山王橋,35.6731224,139.0901329,WGS84,399 413,三頭山、生藤山,日本三百名山|関東百名山,,,,TH-kP11-22-19-bs1035(317m) TH-kP11-22-19-bs1048(0m),operator=富士急バス（株）; busType=民間路線バス; busRoutes=【上野原】上野原駅～飯尾 / 【上野原】上野原駅～松姫峠 / 【上野原】小菅の湯～上野原駅,adopted,10,運行状況（季節運行・休止・予約制）を要確認,"国土数値情報（バス停留所データ）令和4年度（国土交通省）P11-22-19-bs1048（35.673122, 139.090133、JGD2011）を加工して作成",
BS-kP11-22-19-bs1062,bus_stop,棡原局前,35.6721233,139.0894552,WGS84,399 413,三頭山、生藤山,日本三百名山|関東百名山,,,,TH-kP11-22-19-bs1035(332m) TH-kP11-22-19-bs1048(126m),operator=富士急バス（株）; busType=民間路線バス; busRoutes=【上野原】上野原駅～飯尾 / 【上野原】上野原駅～松姫峠 / 【上野原】小菅の湯～上野原駅,adopted,10,運行状況（季節運行・休止・予約制）を要確認,"国土数値情報（バス停留所データ）令和4年度（国土交通省）P11-22-19-bs1062（35.672123, 139.089455、JGD2011）を加工して作成",
BS-kP11-22-19-bs2477,bus_stop,子沢橋,35.5364105,139.107704,WGS84,453 456 457 461,蛭ヶ岳、檜洞丸、丹沢山、塔ノ岳,関東百名山|日本百名山|日本二百名山|日本三百名山,,,,TH-n4311235489(831m),operator=富士急バス（株）; busType=民間路線バス; busRoutes=【都留】月夜野・長又線 / 【都留】都留市立病院前・月夜野線 / 【都留】健康科学大学前・月夜野線,adopted,10,運行状況（季節運行・休止・予約制）を要確認、登山口から離れている（徒歩アプローチを要確認）,"国土数値情報（バス停留所データ）令和4年度（国土交通省）P11-22-19-bs2477（35.536410, 139.107704、JGD2011）を加工して作成 ｜ OpenStreetMap（© OpenStreetMap contributors, ODbL 1.0）Geofabrik japan-latest.osm.pbf 2026-09-23T20:22:04Z node/3076676734",
BS-kP11-22-19-bs2478,bus_stop,久保,35.5360948,139.0829547,WGS84,443,大室山,関東百名山,,,,TH-n1598896497(229m),operator=富士急バス（株）; busType=民間路線バス; busRoutes=【都留】月夜野・長又線 / 【都留】都留市立病院前・月夜野線 / 【都留】健康科学大学前・月夜野線,adopted,10,運行状況（季節運行・休止・予約制）を要確認,"国土数値情報（バス停留所データ）令和4年度（国土交通省）P11-22-19-bs2478（35.536095, 139.082955、JGD2011）を加工して作成 ｜ OpenStreetMap（© OpenStreetMap contributors, ODbL 1.0）Geofabrik japan-latest.osm.pbf 2026-09-23T20:22:04Z node/7816837222",
BS-kP11-22-19-bs248,bus_stop,中宿（丹波山村）,35.7910954,138.9194386,WGS84,377 379,雲取山、飛龍山,日本百名山|日本二百名山|日本三百名山|関東百名山,,,,TH-n2676671141(223m),operator=西東京バス（株）; busType=民間路線バス; busRoutes=奥10,adopted,10,運行状況（季節運行・休止・予約制）を要確認,"国土数値情報（バス停留所データ）令和4年度（国土交通省）P11-22-19-bs248（35.791095, 138.919439、JGD2011）を加工して作成 ｜ OpenStreetMap（© OpenStreetMap contributors, ODbL 1.0）Geofabrik japan-latest.osm.pbf 2026-09-23T20:22:04Z node/5791880069",
BS-kP11-22-19-bs2480,bus_stop,みなもと体験館前,35.5356147,139.0846482,WGS84,443,大室山,関東百名山,,,,TH-n1598896497(84m),operator=富士急バス（株）; busType=民間路線バス; busRoutes=【都留】月夜野・長又線 / 【都留】都留市立病院前・月夜野線 / 【都留】健康科学大学前・月夜野線,adopted,10,運行状況（季節運行・休止・予約制）を要確認,"国土数値情報（バス停留所データ）令和4年度（国土交通省）P11-22-19-bs2480（35.535615, 139.084648、JGD2011）を加工して作成 ｜ OpenStreetMap（© OpenStreetMap contributors, ODbL 1.0）Geofabrik japan-latest.osm.pbf 2026-09-23T20:22:04Z node/7816837221",
BS-kP11-22-19-bs2481,bus_stop,野原,35.5353877,139.0890156,WGS84,443,大室山,関東百名山,,,,TH-n1598896497(326m) TH-n1598896130(276m),operator=富士急バス（株）; busType=民間路線バス; busRoutes=【都留】月夜野・長又線 / 【都留】都留市立病院前・月夜野線 / 【都留】健康科学大学前・月夜野線,adopted,10,運行状況（季節運行・休止・予約制）を要確認,"国土数値情報（バス停留所データ）令和4年度（国土交通省）P11-22-19-bs2481（35.535388, 139.089016、JGD2011）を加工して作成 ｜ OpenStreetMap（© OpenStreetMap contributors, ODbL 1.0）Geofabrik japan-latest.osm.pbf 2026-09-23T20:22:04Z node/3076695533",
BS-kP11-22-19-bs2483,bus_stop,野原中,35.5352,139.0900794,WGS84,443,大室山,関東百名山,,,,TH-n1598896130(186m),operator=富士急バス（株）; busType=民間路線バス; busRoutes=【都留】月夜野・長又線 / 【都留】都留市立病院前・月夜野線 / 【都留】健康科学大学前・月夜野線,adopted,10,運行状況（季節運行・休止・予約制）を要確認,"国土数値情報（バス停留所データ）令和4年度（国土交通省）P11-22-19-bs2483（35.535200, 139.090079、JGD2011）を加工して作成 ｜ OpenStreetMap（© OpenStreetMap contributors, ODbL 1.0）Geofabrik japan-latest.osm.pbf 2026-09-23T20:22:04Z node/7816837220",
BS-kP11-22-19-bs2485,bus_stop,神の川入口,35.5349575,139.1094871,WGS84,453 456 457 461,蛭ヶ岳、檜洞丸、丹沢山、塔ノ岳,関東百名山|日本百名山|日本二百名山|日本三百名山,,,,TH-n4311235489(680m),operator=富士急バス（株）; busType=民間路線バス; busRoutes=【都留】月夜野・長又線 / 【都留】都留市立病院前・月夜野線 / 【都留】健康科学大学前・月夜野線,adopted,10,運行状況（季節運行・休止・予約制）を要確認、登山口から離れている（徒歩アプローチを要確認）,"国土数値情報（バス停留所データ）令和4年度（国土交通省）P11-22-19-bs2485（35.534957, 139.109487、JGD2011）を加工して作成 ｜ OpenStreetMap（© OpenStreetMap contributors, ODbL 1.0）Geofabrik japan-latest.osm.pbf 2026-09-23T20:22:04Z node/3076682239",
BS-kP11-22-19-bs2486,bus_stop,野原犬橋,35.5347513,139.0919792,WGS84,443,大室山,関東百名山,,,,TH-n1598896130(81m),operator=富士急バス（株）; busType=民間路線バス; busRoutes=【都留】月夜野・長又線 / 【都留】都留市立病院前・月夜野線 / 【都留】健康科学大学前・月夜野線,adopted,10,運行状況（季節運行・休止・予約制）を要確認,"国土数値情報（バス停留所データ）令和4年度（国土交通省）P11-22-19-bs2486（35.534751, 139.091979、JGD2011）を加工して作成 ｜ OpenStreetMap（© OpenStreetMap contributors, ODbL 1.0）Geofabrik japan-latest.osm.pbf 2026-09-23T20:22:04Z node/7816837219",
BS-kP11-22-19-bs249,bus_stop,丹波役場前,35.7908272,138.9219898,WGS84,377 379,雲取山、飛龍山,日本百名山|日本二百名山|日本三百名山|関東百名山,,,,TH-n2676671141(46m) TH-n2676671141(46m),operator=西東京バス（株）; busType=民間路線バス; busRoutes=奥10; network=西東京バス,adopted,10,運行状況（季節運行・休止・予約制）を要確認,"国土数値情報（バス停留所データ）令和4年度（国土交通省）P11-22-19-bs249（35.790827, 138.921990、JGD2011）を加工して作成 ｜ OpenStreetMap（© OpenStreetMap contributors, ODbL 1.0）Geofabrik japan-latest.osm.pbf 2026-09-23T20:22:04Z node/2612991093",
BS-kP11-22-19-bs2513,bus_stop,月夜野キャンプ場入口,35.5296155,139.1016582,WGS84,453 456 457 461,蛭ヶ岳、檜洞丸、丹沢山、塔ノ岳,関東百名山|日本百名山|日本二百名山|日本三百名山,,,,TH-n4311235489(592m),operator=富士急バス（株）; busType=民間路線バス; busRoutes=【都留】月夜野・長又線 / 【都留】都留市立病院前・月夜野線 / 【都留】健康科学大学前・月夜野線,adopted,10,運行状況（季節運行・休止・予約制）を要確認,"国土数値情報（バス停留所データ）令和4年度（国土交通省）P11-22-19-bs2513（35.529615, 139.101658、JGD2011）を加工して作成 ｜ OpenStreetMap（© OpenStreetMap contributors, ODbL 1.0）Geofabrik japan-latest.osm.pbf 2026-09-23T20:22:04Z node/3076704933",
BS-kP11-22-19-bs255,bus_stop,丹波山温泉,35.7900498,138.9239891,WGS84,379,飛龍山,関東百名山,,,,TH-n393155852(417m),operator=西東京バス（株）; busType=民間路線バス; busRoutes=奥10; network=西東京バス,adopted,10,運行状況（季節運行・休止・予約制）を要確認,"国土数値情報（バス停留所データ）令和4年度（国土交通省）P11-22-19-bs255（35.790050, 138.923989、JGD2011）を加工して作成 ｜ OpenStreetMap（© OpenStreetMap contributors, ODbL 1.0）Geofabrik japan-latest.osm.pbf 2026-09-23T20:22:04Z node/2613168320",
BS-kP11-22-19-bs262,bus_stop,小室,35.7890085,138.9322824,WGS84,379,飛龍山,関東百名山,,,,TH-n393155852(414m),operator=西東京バス（株）; busType=民間路線バス; busRoutes=奥10,adopted,10,運行状況（季節運行・休止・予約制）を要確認,"国土数値情報（バス停留所データ）令和4年度（国土交通省）P11-22-19-bs262（35.789009, 138.932282、JGD2011）を加工して作成 ｜ OpenStreetMap（© OpenStreetMap contributors, ODbL 1.0）Geofabrik japan-latest.osm.pbf 2026-09-23T20:22:04Z node/5791880061",
BS-kP11-22-19-bs2627,bus_stop,中神地,35.5063946,138.9939547,WGS84,443,大室山,関東百名山,,,,TH-n3076659834(152m),operator=富士急バス（株）; busType=民間路線バス; busRoutes=【富士五湖】富士山駅・道志小学校線 / 【都留】月夜野・長又線 / 【都留】長又・道志小学校前線,adopted,10,運行状況（季節運行・休止・予約制）を要確認,"国土数値情報（バス停留所データ）令和4年度（国土交通省）P11-22-19-bs2627（35.506395, 138.993955、JGD2011）を加工して作成 ｜ OpenStreetMap（© OpenStreetMap contributors, ODbL 1.0）Geofabrik japan-latest.osm.pbf 2026-09-23T20:22:04Z node/7816651915",
BS-kP11-22-19-bs2635,bus_stop,泉屋前,35.5054894,138.9933473,WGS84,443,大室山,関東百名山,,,,TH-n3076659834(38m),operator=富士急バス（株）; busType=民間路線バス; busRoutes=【富士五湖】富士山駅・道志小学校線 / 【都留】月夜野・長又線 / 【都留】長又・道志小学校前線,adopted,10,運行状況（季節運行・休止・予約制）を要確認,"国土数値情報（バス停留所データ）令和4年度（国土交通省）P11-22-19-bs2635（35.505489, 138.993347、JGD2011）を加工して作成",
BS-kP11-22-19-bs272,bus_stop,押垣外,35.7879896,138.9279119,WGS84,379,飛龍山,関東百名山,,,,TH-n393155852(4m),operator=西東京バス（株）; busType=民間路線バス; busRoutes=奥10,adopted,10,運行状況（季節運行・休止・予約制）を要確認,"国土数値情報（バス停留所データ）令和4年度（国土交通省）P11-22-19-bs272（35.787990, 138.927912、JGD2011）を加工して作成 ｜ OpenStreetMap（© OpenStreetMap contributors, ODbL 1.0）Geofabrik japan-latest.osm.pbf 2026-09-23T20:22:04Z node/5791880058",
BS-kP11-22-19-bs273,bus_stop,親川,35.7879837,138.9616793,WGS84,379,飛龍山,関東百名山,,,,TH-n393146935(54m),operator=西東京バス（株）; busType=民間路線バス; busRoutes=奥10; network=西東京バス,adopted,10,運行状況（季節運行・休止・予約制）を要確認,"国土数値情報（バス停留所データ）令和4年度（国土交通省）P11-22-19-bs273（35.787984, 138.961679、JGD2011）を加工して作成 ｜ OpenStreetMap（© OpenStreetMap contributors, ODbL 1.0）Geofabrik japan-latest.osm.pbf 2026-09-23T20:22:04Z node/2575208956",
BS-kP11-22-19-bs284,bus_stop,お祭,35.7856691,138.9672226,WGS84,379,飛龍山,関東百名山,,,,TH-n393146935(510m) TH-n393146935(510m),operator=西東京バス（株）; busType=民間路線バス; busRoutes=奥10,adopted,10,運行状況（季節運行・休止・予約制）を要確認,"国土数値情報（バス停留所データ）令和4年度（国土交通省）P11-22-19-bs284（35.785669, 138.967223、JGD2011）を加工して作成 ｜ OpenStreetMap（© OpenStreetMap contributors, ODbL 1.0）Geofabrik japan-latest.osm.pbf 2026-09-23T20:22:04Z node/5791880067",
BS-kP11-22-19-bs294,bus_stop,所畑,35.784434,138.9743462,WGS84,377 382,雲取山、鷹ノ巣山,日本百名山|日本二百名山|日本三百名山|関東百名山,,,,TH-n1597653318(455m),operator=西東京バス（株）; busType=民間路線バス; busRoutes=奥10,adopted,10,運行状況（季節運行・休止・予約制）を要確認,"国土数値情報（バス停留所データ）令和4年度（国土交通省）P11-22-19-bs294（35.784434, 138.974346、JGD2011）を加工して作成 ｜ OpenStreetMap（© OpenStreetMap contributors, ODbL 1.0）Geofabrik japan-latest.osm.pbf 2026-09-23T20:22:04Z node/5791880068",
BS-kP11-22-19-bs304,bus_stop,鴨沢西,35.7824499,138.9772581,WGS84,377 382,雲取山、鷹ノ巣山,日本百名山|日本二百名山|日本三百名山|関東百名山,,,,TH-n1597653318(699m) TH-n1597653318(699m),operator=西東京バス（株）; busType=民間路線バス; busRoutes=奥10 / 奥09,adopted,10,運行状況（季節運行・休止・予約制）を要確認、登山口から離れている（徒歩アプローチを要確認）,"国土数値情報（バス停留所データ）令和4年度（国土交通省）P11-22-19-bs304（35.782450, 138.977258、JGD2011）を加工して作成 ｜ OpenStreetMap（© OpenStreetMap contributors, ODbL 1.0）Geofabrik japan-latest.osm.pbf 2026-09-23T20:22:04Z node/5791880102",
BS-kP11-22-19-bs310,bus_stop,小袖川,35.7808092,138.9855094,WGS84,377,雲取山,日本百名山|日本二百名山|日本三百名山|関東百名山,,,,TH-osm-n2337907511(150m),operator=西東京バス（株）; busType=民間路線バス; busRoutes=奥10 / 奥09,adopted,10,運行状況（季節運行・休止・予約制）を要確認,"国土数値情報（バス停留所データ）令和4年度（国土交通省）P11-22-19-bs310（35.780809, 138.985509、JGD2011）を加工して作成 ｜ OpenStreetMap（© OpenStreetMap contributors, ODbL 1.0）Geofabrik japan-latest.osm.pbf 2026-09-23T20:22:04Z node/5066022173",
BS-kP11-22-19-bs314,bus_stop,鴨沢,35.7798932,138.9844762,WGS84,377,雲取山,日本百名山|日本二百名山|日本三百名山|関東百名山,,,,TH-osm-n2337907511(14m) TH-osm-n2337907511(14m),operator=西東京バス（株）; busType=民間路線バス; busRoutes=奥10 / 奥09,adopted,10,運行状況（季節運行・休止・予約制）を要確認,"国土数値情報（バス停留所データ）令和4年度（国土交通省）P11-22-19-bs314（35.779893, 138.984476、JGD2011）を加工して作成 ｜ OpenStreetMap（© OpenStreetMap contributors, ODbL 1.0）Geofabrik japan-latest.osm.pbf 2026-09-23T20:22:04Z node/2337907511",
BS-kP11-22-19-bs380,bus_stop,金風呂,35.761878,138.9864381,WGS84,399,三頭山,日本三百名山|関東百名山,,,,TH-kP11-22-13-bs1733(609m) TH-kP11-22-13-bs1733(609m),operator=西東京バス（株）; busType=民間路線バス; busRoutes=奥12,adopted,10,運行状況（季節運行・休止・予約制）を要確認、登山口から離れている（徒歩アプローチを要確認）,"国土数値情報（バス停留所データ）令和4年度（国土交通省）P11-22-19-bs380（35.761878, 138.986438、JGD2011）を加工して作成 ｜ OpenStreetMap（© OpenStreetMap contributors, ODbL 1.0）Geofabrik japan-latest.osm.pbf 2026-09-23T20:22:04Z node/5792153278",
BS-kP11-22-20-bs1281,bus_stop,のぞき,36.6701137,138.5187325,WGS84,262,横手山,日本三百名山,,,,TH-n3154320165(563m) TH-n3154320166(252m) TH-ksj-P11-22-20-bs1281(0m),operator=長電バス（株）; busType=民間路線バス; busRoutes=白根火山線 / 急行　長野-志賀高原線　夏季冬季,adopted,10,運行状況（季節運行・休止・予約制）を要確認,"国土数値情報（バス停留所データ）令和4年度（国土交通省）P11-22-20-bs1281（36.670114, 138.518733、JGD2011）を加工して作成 ｜ OpenStreetMap（© OpenStreetMap contributors, ODbL 1.0）Geofabrik japan-latest.osm.pbf 2026-09-23T20:22:04Z node/2484543606",
BS-kP11-22-20-bs1328,bus_stop,渋峠,36.6663437,138.5336064,WGS84,262,横手山,日本三百名山,,,,TH-n3154320165(882m),operator=長電バス（株）; busType=民間路線バス; busRoutes=白根火山線 / 急行　長野-志賀高原線　夏季冬季,adopted,10,運行状況（季節運行・休止・予約制）を要確認、登山口から離れている（徒歩アプローチを要確認）,"国土数値情報（バス停留所データ）令和4年度（国土交通省）P11-22-20-bs1328（36.666344, 138.533606、JGD2011）を加工して作成",
BS-kP11-22-20-bs3350,bus_stop,峰の茶屋,36.4044296,138.5694416,WGS84,295 296,浅間山、黒斑山,日本百名山|日本二百名山|日本三百名山|甲信越百名山|関東百名山,,,,TH-n1618683470(57m) TH-n1618683470(57m) TH-n1618683470(57m),operator=草軽交通（株）; busType=民間路線バス; busRoutes=草津温泉～西吾妻病院～軽井沢 / 北軽井沢～軽井沢,adopted,10,運行状況（季節運行・休止・予約制）を要確認,"国土数値情報（バス停留所データ）令和4年度（国土交通省）P11-22-20-bs3350（36.404430, 138.569442、JGD2011）を加工して作成 ｜ OpenStreetMap（© OpenStreetMap contributors, ODbL 1.0）Geofabrik japan-latest.osm.pbf 2026-09-23T20:22:04Z node/5778662459",
BS-kP11-22-20-bs3358,bus_stop,東入,36.4030163,138.3580163,WGS84,289,湯ノ丸山,関東百名山|甲信越百名山,,,,TH-kP11-22-20-bs3358(0m),operator=東御市商工会; busType=民間路線バス; busRoutes=和線,adopted,10,運行状況（季節運行・休止・予約制）を要確認,"国土数値情報（バス停留所データ）令和4年度（国土交通省）P11-22-20-bs3358（36.403016, 138.358016、JGD2011）を加工して作成",
BS-kP11-22-20-bs3359,bus_stop,竜返しの滝,36.4029603,138.6117713,WGS84,293,鼻曲山,関東百名山,,,,TH-kP11-22-20-bs3416(915m),operator=草軽交通（株）; busType=民間路線バス; busRoutes=草津温泉～西吾妻病院～軽井沢 / 北軽井沢～軽井沢,adopted,10,運行状況（季節運行・休止・予約制）を要確認、登山口から離れている（徒歩アプローチを要確認）,"国土数値情報（バス停留所データ）令和4年度（国土交通省）P11-22-20-bs3359（36.402960, 138.611771、JGD2011）を加工して作成",
BS-kP11-22-20-bs3396,bus_stop,大田区休養村,36.398322,138.3494151,WGS84,289,湯ノ丸山,関東百名山|甲信越百名山,,,,TH-kP11-22-20-bs3358(929m) TH-kP11-22-20-bs3396(0m),operator=東御市商工会; busType=民間路線バス; busRoutes=和線,adopted,10,運行状況（季節運行・休止・予約制）を要確認、登山口から離れている（徒歩アプローチを要確認）,"国土数値情報（バス停留所データ）令和4年度（国土交通省）P11-22-20-bs3396（36.398322, 138.349415、JGD2011）を加工して作成",
BS-kP11-22-20-bs3406,bus_stop,西入公民館前,36.3971494,138.3479263,WGS84,289,湯ノ丸山,関東百名山|甲信越百名山,,,,TH-kP11-22-20-bs3396(186m) TH-kP11-22-20-bs3415(273m),operator=東御市商工会; busType=民間路線バス; busRoutes=和線,adopted,10,運行状況（季節運行・休止・予約制）を要確認,"国土数値情報（バス停留所データ）令和4年度（国土交通省）P11-22-20-bs3406（36.397149, 138.347926、JGD2011）を加工して作成",
BS-kP11-22-20-bs3415,bus_stop,中尾,36.3957489,138.3454166,WGS84,289,湯ノ丸山,関東百名山|甲信越百名山,,,,TH-kP11-22-20-bs3396(457m) TH-kP11-22-20-bs3415(0m) TH-n1680820866(337m),operator=東御市商工会; busType=民間路線バス; busRoutes=和線,adopted,10,運行状況（季節運行・休止・予約制）を要確認,"国土数値情報（バス停留所データ）令和4年度（国土交通省）P11-22-20-bs3415（36.395749, 138.345417、JGD2011）を加工して作成",
BS-kP11-22-20-bs3416,bus_stop,長日向,36.3955901,138.6164148,WGS84,293,鼻曲山,関東百名山,,,,TH-kP11-22-20-bs3416(0m),operator=草軽交通（株）; busType=民間路線バス; busRoutes=草津温泉～西吾妻病院～軽井沢 / 北軽井沢～軽井沢,adopted,10,運行状況（季節運行・休止・予約制）を要確認,"国土数値情報（バス停留所データ）令和4年度（国土交通省）P11-22-20-bs3416（36.395590, 138.616415、JGD2011）を加工して作成",
BS-kP11-22-20-bs3423,bus_stop,青木入,36.3945827,138.342632,WGS84,289,湯ノ丸山,関東百名山|甲信越百名山,,,,TH-kP11-22-20-bs3415(281m) TH-n1680820866(175m),operator=東御市商工会; busType=民間路線バス; busRoutes=和線,adopted,10,運行状況（季節運行・休止・予約制）を要確認,"国土数値情報（バス停留所データ）令和4年度（国土交通省）P11-22-20-bs3423（36.394583, 138.342632、JGD2011）を加工して作成",
BS-kP11-22-20-bs3438,bus_stop,奈良原,36.3935951,138.3899949,WGS84,289,湯ノ丸山,関東百名山|甲信越百名山,,,,TH-w704133904(650m),operator=東御市商工会; busType=民間路線バス; busRoutes=祢津線,adopted,10,運行状況（季節運行・休止・予約制）を要確認、登山口から離れている（徒歩アプローチを要確認）,"国土数値情報（バス停留所データ）令和4年度（国土交通省）P11-22-20-bs3438（36.393595, 138.389995、JGD2011）を加工して作成",
BS-kP11-22-20-bs3444,bus_stop,田沢,36.393045,138.3400645,WGS84,289,湯ノ丸山,関東百名山|甲信越百名山,,,,TH-n1680820866(304m),operator=東御市商工会; busType=民間路線バス; busRoutes=和線,adopted,10,運行状況（季節運行・休止・予約制）を要確認,"国土数値情報（バス停留所データ）令和4年度（国土交通省）P11-22-20-bs3444（36.393045, 138.340065、JGD2011）を加工して作成",
BS-kP11-22-20-bs3483,bus_stop,小瀬温泉,36.3885906,138.6131654,WGS84,293,鼻曲山,関東百名山,,,,TH-kP11-22-20-bs3416(827m),operator=草軽交通（株）; busType=民間路線バス; busRoutes=草津温泉～西吾妻病院～軽井沢 / 北軽井沢～軽井沢,adopted,10,運行状況（季節運行・休止・予約制）を要確認、登山口から離れている（徒歩アプローチを要確認）,"国土数値情報（バス停留所データ）令和4年度（国土交通省）P11-22-20-bs3483（36.388591, 138.613165、JGD2011）を加工して作成",
BS-kP11-22-20-bs3509,bus_stop,上横堰,36.3852882,138.3854182,WGS84,289,湯ノ丸山,関東百名山|甲信越百名山,,,,TH-w704133904(447m),operator=東御市商工会; busType=民間路線バス; busRoutes=祢津線,adopted,10,運行状況（季節運行・休止・予約制）を要確認,"国土数値情報（バス停留所データ）令和4年度（国土交通省）P11-22-20-bs3509（36.385288, 138.385418、JGD2011）を加工して作成",
BS-kP11-22-20-bs3525,bus_stop,横堰公民館前,36.3822967,138.3837524,WGS84,289,湯ノ丸山,関東百名山|甲信越百名山,,,,TH-kP11-22-20-bs3539(418m),operator=東御市商工会; busType=民間路線バス; busRoutes=祢津線,adopted,10,運行状況（季節運行・休止・予約制）を要確認,"国土数値情報（バス停留所データ）令和4年度（国土交通省）P11-22-20-bs3525（36.382297, 138.383752、JGD2011）を加工して作成",
BS-kP11-22-20-bs3534,bus_stop,山の手入口,36.3799788,138.5847026,WGS84,295 296,浅間山、黒斑山,日本百名山|日本二百名山|日本三百名山|甲信越百名山|関東百名山,,,,TH-w412461990(764m),operator=西武観光バス（株）; busType=民間路線バス; busRoutes=M、O、H　軽井沢駅～万座バスターミナル / S　軽井沢駅～草津温泉,adopted,10,運行状況（季節運行・休止・予約制）を要確認、登山口から離れている（徒歩アプローチを要確認）,"国土数値情報（バス停留所データ）令和4年度（国土交通省）P11-22-20-bs3534（36.379979, 138.584703、JGD2011）を加工して作成",
BS-kP11-22-20-bs3539,bus_stop,滝の沢入口,36.379216,138.38104,WGS84,289,湯ノ丸山,関東百名山|甲信越百名山,,,,TH-kP11-22-20-bs3539(0m),operator=東御市商工会; busType=民間路線バス; busRoutes=祢津線,adopted,10,運行状況（季節運行・休止・予約制）を要確認,"国土数値情報（バス停留所データ）令和4年度（国土交通省）P11-22-20-bs3539（36.379216, 138.381040、JGD2011）を加工して作成 ｜ OpenStreetMap（© OpenStreetMap contributors, ODbL 1.0）Geofabrik japan-latest.osm.pbf 2026-09-23T20:22:04Z node/4872291286",
BS-kP11-22-20-bs3560,bus_stop,下横堰,36.3762259,138.3790851,WGS84,289,湯ノ丸山,関東百名山|甲信越百名山,,,,TH-kP11-22-20-bs3539(374m),operator=東御市商工会; busType=民間路線バス; busRoutes=祢津線,adopted,10,運行状況（季節運行・休止・予約制）を要確認,"国土数値情報（バス停留所データ）令和4年度（国土交通省）P11-22-20-bs3560（36.376226, 138.379085、JGD2011）を加工して作成",
BS-kP11-22-20-bs3583,bus_stop,浅間登山口,36.3732924,138.4615453,WGS84,295 296,浅間山、黒斑山,日本百名山|日本二百名山|日本三百名山|甲信越百名山|関東百名山,,,,TH-kP11-22-20-bs3583(0m),operator=ジェイアールバス関東（株）; busType=民間路線バス; busRoutes=長野県佐久平駅・小諸駅～きのこの森～高峰高原,adopted,10,運行状況（季節運行・休止・予約制）を要確認,"国土数値情報（バス停留所データ）令和4年度（国土交通省）P11-22-20-bs3583（36.373292, 138.461545、JGD2011）を加工して作成",
BS-kP11-22-20-bs3607,bus_stop,見晴台,36.3692898,138.656592,WGS84,293,鼻曲山,関東百名山,,,,TH-w1540156927(71m),operator=（株）軽井沢交通バス; busType=民間路線バス; busRoutes=赤バス　上り（平日） / 赤バス　上り（土日祝・GW・夏季）,adopted,10,運行状況（季節運行・休止・予約制）を要確認,"国土数値情報（バス停留所データ）令和4年度（国土交通省）P11-22-20-bs3607（36.369290, 138.656592、JGD2011）を加工して作成 ｜ OpenStreetMap（© OpenStreetMap contributors, ODbL 1.0）Geofabrik japan-latest.osm.pbf 2026-09-23T20:22:04Z node/7005824823",
BS-kP11-22-22-bs486,bus_stop,乙女峠,35.2829907,138.9827834,WGS84,516 519,金時山、明神ヶ岳,日本三百名山|関東百名山,,,,TH-kP11-22-22-bs486(0m) TH-kP11-22-22-bs486(0m),operator=箱根登山バス（株）; busType=民間路線バス; busRoutes=Lアウトレット・時之栖線 / G御殿場線 / M観光施設めぐりバス（宮城野経由）,adopted,10,運行状況（季節運行・休止・予約制）を要確認,"国土数値情報（バス停留所データ）令和4年度（国土交通省）P11-22-22-bs486（35.282991, 138.982783、JGD2011）を加工して作成 ｜ OpenStreetMap（© OpenStreetMap contributors, ODbL 1.0）Geofabrik japan-latest.osm.pbf 2026-09-23T20:22:04Z node/3634091828",
BS-n13306197313,bus_stop,（名称なし）バス停,36.7872466,138.7959739,WGS84,236 238,平標山、仙ノ倉山,甲信越百名山|日本二百名山|日本三百名山|関東百名山,,,,TH-n6537751083(159m),,provisional,20,運行状況（季節運行・休止・予約制）を要確認、公式情報または2情報源での確認が必要,"OpenStreetMap（© OpenStreetMap contributors, ODbL 1.0）Geofabrik japan-latest.osm.pbf 2026-09-23T20:22:04Z node/13306197313",
BS-n13749484877,bus_stop,千歳橋前,34.2084003,139.1373359,WGS84,712,天上山,関東百名山,,,,TH-n6665139144(965m),,provisional,20,運行状況（季節運行・休止・予約制）を要確認、公式情報または2情報源での確認が必要、登山口から離れている（徒歩アプローチを要確認）,"OpenStreetMap（© OpenStreetMap contributors, ODbL 1.0）Geofabrik japan-latest.osm.pbf 2026-09-23T20:22:04Z node/13749484877",
BS-n13947504978,bus_stop,谷川岳ヨッホ,36.8367528,138.9626675,WGS84,234 236 238 229,谷川岳、平標山、仙ノ倉山、朝日岳,日本百名山|日本二百名山|日本三百名山|関東百名山|甲信越百名山,,,,TH-n2804972401(81m) TH-kP11-22-10-bs22(43m),busRoutes=関越交通株式会社｜水上線,provisional,20,運行状況（季節運行・休止・予約制）を要確認、公式情報または2情報源での確認が必要,"OpenStreetMap（© OpenStreetMap contributors, ODbL 1.0）Geofabrik japan-latest.osm.pbf 2026-09-23T20:22:04Z node/13947504978",
BS-n13947504984,bus_stop,谷川岳ヨッホ,36.836704,138.9625427,WGS84,234 236 238 229,谷川岳、平標山、仙ノ倉山、朝日岳,日本百名山|日本二百名山|日本三百名山|関東百名山|甲信越百名山,,,,TH-n2804972401(69m) TH-kP11-22-10-bs22(33m),busRoutes=関越交通株式会社｜水上線,provisional,20,運行状況（季節運行・休止・予約制）を要確認、公式情報または2情報源での確認が必要,"OpenStreetMap（© OpenStreetMap contributors, ODbL 1.0）Geofabrik japan-latest.osm.pbf 2026-09-23T20:22:04Z node/13947504984",
BS-n14201913917,bus_stop,⑦ふじみ,35.3279868,139.5869981,WGS84,503,天園,関東百名山,,,,TH-n4355233089(235m),operator=鎌倉霊園; network=園内無料循環バス,provisional,20,運行状況（季節運行・休止・予約制）を要確認、公式情報または2情報源での確認が必要,"OpenStreetMap（© OpenStreetMap contributors, ODbL 1.0）Geofabrik japan-latest.osm.pbf 2026-09-23T20:22:04Z node/14201913917",
BS-n14201947318,bus_stop,⑯ら地区前,35.3270327,139.5814821,WGS84,503,天園,関東百名山,,,,TH-n7875410444(670m),operator=鎌倉霊園; network=園内無料循環バス,provisional,20,運行状況（季節運行・休止・予約制）を要確認、公式情報または2情報源での確認が必要、登山口から離れている（徒歩アプローチを要確認）,"OpenStreetMap（© OpenStreetMap contributors, ODbL 1.0）Geofabrik japan-latest.osm.pbf 2026-09-23T20:22:04Z node/14201947318",
BS-n14201947319,bus_stop,⑰こ地区前,35.3259672,139.5798417,WGS84,503,天園,関東百名山,,,,TH-n7875410444(530m),operator=鎌倉霊園; network=園内無料循環バス,provisional,20,運行状況（季節運行・休止・予約制）を要確認、公式情報または2情報源での確認が必要,"OpenStreetMap（© OpenStreetMap contributors, ODbL 1.0）Geofabrik japan-latest.osm.pbf 2026-09-23T20:22:04Z node/14201947319",
BS-n14201947320,bus_stop,⑱お地区前,35.328835,139.5812759,WGS84,503,天園,関東百名山,,,,TH-n7875410444(688m),operator=鎌倉霊園; network=園内無料循環バス,provisional,20,運行状況（季節運行・休止・予約制）を要確認、公式情報または2情報源での確認が必要、登山口から離れている（徒歩アプローチを要確認）,"OpenStreetMap（© OpenStreetMap contributors, ODbL 1.0）Geofabrik japan-latest.osm.pbf 2026-09-23T20:22:04Z node/14201947320",
BS-n14201947321,bus_stop,⑲り地区前,35.331037,139.5804651,WGS84,503,天園,関東百名山,,,,TH-n1791311832(855m),operator=鎌倉霊園; network=園内無料循環バス,provisional,20,運行状況（季節運行・休止・予約制）を要確認、公式情報または2情報源での確認が必要、登山口から離れている（徒歩アプローチを要確認）,"OpenStreetMap（© OpenStreetMap contributors, ODbL 1.0）Geofabrik japan-latest.osm.pbf 2026-09-23T20:22:04Z node/14201947321",
BS-n2449085117,bus_stop,さがみ湖MORIMORI前,35.6012445,139.1995354,WGS84,430,石老山,関東百名山,,,,TH-n1654497545(528m),operator=神奈川中央交通; network=神奈川中央交通; busRoutes=神奈川中央交通;神奈川中央交通西｜神奈川中央交通;神奈川中央交通西｜相模湖21系統,provisional,20,運行状況（季節運行・休止・予約制）を要確認、公式情報または2情報源での確認が必要,"OpenStreetMap（© OpenStreetMap contributors, ODbL 1.0）Geofabrik japan-latest.osm.pbf 2026-09-23T20:22:04Z node/2449085117",
BS-n3076659834,bus_stop,子埜神社前,35.5052017,138.9931141,WGS84,443,大室山,関東百名山,,,,TH-n3076659834(0m),busRoutes=富士急バス｜富士山駅⇔道志小学校前,provisional,20,運行状況（季節運行・休止・予約制）を要確認、公式情報または2情報源での確認が必要,"OpenStreetMap（© OpenStreetMap contributors, ODbL 1.0）Geofabrik japan-latest.osm.pbf 2026-09-23T20:22:04Z node/3076659834",
BS-n314943889,bus_stop,数馬の湯,35.7240897,139.0547171,WGS84,399 404,三頭山、浅間嶺,日本三百名山|関東百名山,,,,TH-n1401020043(265m) TH-n1401020299(204m),,provisional,20,運行状況（季節運行・休止・予約制）を要確認、公式情報または2情報源での確認が必要,"OpenStreetMap（© OpenStreetMap contributors, ODbL 1.0）Geofabrik japan-latest.osm.pbf 2026-09-23T20:22:04Z node/314943889",
BS-n3399485895,bus_stop,木賀の里,35.2487235,139.0532872,WGS84,519,明神ヶ岳,関東百名山,,,,TH-n1436505569(522m),operator=箱根登山バス; busRoutes=箱根登山バス｜箱根登山バス｜桃源台線,provisional,20,運行状況（季節運行・休止・予約制）を要確認、公式情報または2情報源での確認が必要,"OpenStreetMap（© OpenStreetMap contributors, ODbL 1.0）Geofabrik japan-latest.osm.pbf 2026-09-23T20:22:04Z node/3399485895",
BS-n4318912594,bus_stop,（名称なし）バス停,36.78739,138.796101,WGS84,236 238,平標山、仙ノ倉山,甲信越百名山|日本二百名山|日本三百名山|関東百名山,,,,TH-n6537751083(150m),,provisional,20,運行状況（季節運行・休止・予約制）を要確認、公式情報または2情報源での確認が必要,"OpenStreetMap（© OpenStreetMap contributors, ODbL 1.0）Geofabrik japan-latest.osm.pbf 2026-09-23T20:22:04Z node/4318912594",
BS-n4380219289,bus_stop,（名称なし）バス停,35.2186028,139.0099925,WGS84,536,箱根山,日本三百名山|関東百名山,,,,TH-n1435663318(867m),operator=伊豆箱根バス;小田急箱根高速バス,provisional,20,運行状況（季節運行・休止・予約制）を要確認、公式情報または2情報源での確認が必要、登山口から離れている（徒歩アプローチを要確認）,"OpenStreetMap（© OpenStreetMap contributors, ODbL 1.0）Geofabrik japan-latest.osm.pbf 2026-09-23T20:22:04Z node/4380219289",
BS-n4872291288,bus_stop,発電所前,36.3914235,138.3882628,WGS84,289,湯ノ丸山,関東百名山|甲信越百名山,,,,TH-w704133904(372m),operator=千曲バス,provisional,20,運行状況（季節運行・休止・予約制）を要確認、公式情報または2情報源での確認が必要,"OpenStreetMap（© OpenStreetMap contributors, ODbL 1.0）Geofabrik japan-latest.osm.pbf 2026-09-23T20:22:04Z node/4872291288",
BS-n4940018329,bus_stop,（名称なし）バス停,35.5872227,139.1730407,WGS84,430,石老山,関東百名山,,,,TH-n2012426296(248m),operator=神奈中,provisional,20,運行状況（季節運行・休止・予約制）を要確認、公式情報または2情報源での確認が必要,"OpenStreetMap（© OpenStreetMap contributors, ODbL 1.0）Geofabrik japan-latest.osm.pbf 2026-09-23T20:22:04Z node/4940018329",
BS-n4940018333,bus_stop,（名称なし）バス停,35.5904791,139.1692579,WGS84,430,石老山,関東百名山,,,,TH-n2012426296(371m),operator=神奈中,provisional,20,運行状況（季節運行・休止・予約制）を要確認、公式情報または2情報源での確認が必要,"OpenStreetMap（© OpenStreetMap contributors, ODbL 1.0）Geofabrik japan-latest.osm.pbf 2026-09-23T20:22:04Z node/4940018333",
BS-n7213345731,bus_stop,（名称なし）バス停,35.2581261,139.1232848,WGS84,516 519,金時山、明神ヶ岳,日本三百名山|関東百名山,,,,TH-kP11-22-14-bs10007(896m),,provisional,20,運行状況（季節運行・休止・予約制）を要確認、公式情報または2情報源での確認が必要、登山口から離れている（徒歩アプローチを要確認）,"OpenStreetMap（© OpenStreetMap contributors, ODbL 1.0）Geofabrik japan-latest.osm.pbf 2026-09-23T20:22:04Z node/7213345731",
BS-n8558469252,bus_stop,日向大谷口,36.0279391,138.8783672,WGS84,349,両神山,日本百名山|日本二百名山|日本三百名山|関東百名山,,,,TH-n8539065955(61m),operator=小鹿野町営バス,provisional,20,運行状況（季節運行・休止・予約制）を要確認、公式情報または2情報源での確認が必要,"OpenStreetMap（© OpenStreetMap contributors, ODbL 1.0）Geofabrik japan-latest.osm.pbf 2026-09-23T20:22:04Z node/8558469252",
PK-g3583783_13882244,parking,作場平駐車場,35.837825,138.8224387,WGS84,365 366 375 379,甲武信ヶ岳、白石山、笠取山、飛龍山,日本百名山|日本二百名山|日本三百名山|関東百名山|甲信越百名山,,,,TH-n1605392997(0m),,provisional,100,公式情報では未確認（登山記録で使われている駐車場）,登山記録で使われている駐車場（登山記録・登山情報サイトで確認。公式情報では未確認）,
PK-g3617429_13883002,parking,茂垣峠駐車場,36.174288,138.830023,WGS84,331,稲含山,関東百名山,,,,TH-gsi-mogakitoge(0m),,provisional,100,公式情報では未確認（登山記録で使われている駐車場）,登山記録で使われている駐車場（登山記録・登山情報サイトで確認。公式情報では未確認）,
PK-g3629083_14011875,parking,加波山神社 真壁拝殿 参拝者駐車場,36.290833,140.118749,WGS84,314,加波山,関東百名山,,,,TH-gsi-kabasan-makabe(0m),,provisional,100,公式情報では未確認（登山記録で使われている駐車場）,登山記録で使われている駐車場（登山記録・登山情報サイトで確認。公式情報では未確認）,
PK-g3631139_13963157,parking,みかも山公園 東口駐車場,36.3113944,139.6315722,WGS84,312,三毳山,関東百名山,,,,TH-n2086512890(0m),,provisional,100,公式情報では未確認（登山記録で使われている駐車場）,登山記録で使われている駐車場（登山記録・登山情報サイトで確認。公式情報では未確認）,
PK-g367196_14042102,parking,大円地駐車場,36.719597,140.421018,WGS84,254,奥久慈男体山,関東百名山,,,,TH-gsi-daienji(0m),,provisional,100,公式情報では未確認（登山記録で使われている駐車場）,登山記録で使われている駐車場（登山記録・登山情報サイトで確認。公式情報では未確認）,
PK-n11939006363,parking,（名称なし）駐車場,36.5339692,139.4362847,WGS84,276,根本山,関東百名山,,,,TH-n2084710653(406m) TH-osm-n11939006363(0m),fee=no; capacity=20; access=yes,provisional,20,公式情報または2情報源での確認が必要、名称なし、登山口から離れている（徒歩アプローチを要確認）,"OpenStreetMap（© OpenStreetMap contributors, ODbL 1.0）Geofabrik japan-latest.osm.pbf 2026-09-23T20:22:04Z node/11939006363",
PK-n1244948578,parking,天狗温泉,36.3802238,138.4783391,WGS84,295 296,浅間山、黒斑山,日本百名山|日本二百名山|日本三百名山|甲信越百名山|関東百名山,,,,TH-n1244948578(0m),,provisional,20,公式情報または2情報源での確認が必要,"OpenStreetMap（© OpenStreetMap contributors, ODbL 1.0）Geofabrik japan-latest.osm.pbf 2026-09-23T20:22:04Z node/1244948578",
PK-n12811308676,parking,参拝者専用第2駐車場,35.4406265,139.2737227,WGS84,465,大山,日本三百名山|関東百名山,,,,TH-n12811308676(0m),access=customers; operator=日向薬師 宝城坊,provisional,20,公式情報または2情報源での確認が必要,"OpenStreetMap（© OpenStreetMap contributors, ODbL 1.0）Geofabrik japan-latest.osm.pbf 2026-09-23T20:22:04Z node/12811308676",
PK-n13168610701,parking,（名称なし）駐車場,36.2346219,140.1020589,WGS84,326,筑波山,日本百名山|日本二百名山|日本三百名山|関東百名山,,,,TH-n2091046820(7m),,provisional,20,公式情報または2情報源での確認が必要、名称なし,"OpenStreetMap（© OpenStreetMap contributors, ODbL 1.0）Geofabrik japan-latest.osm.pbf 2026-09-23T20:22:04Z node/13168610701",
PK-n13168610702,parking,（名称なし）駐車場,36.2351563,140.1079433,WGS84,326,筑波山,日本百名山|日本二百名山|日本三百名山|関東百名山,,,,TH-n2091046959(30m),,provisional,20,公式情報または2情報源での確認が必要、名称なし,"OpenStreetMap（© OpenStreetMap contributors, ODbL 1.0）Geofabrik japan-latest.osm.pbf 2026-09-23T20:22:04Z node/13168610702",
PK-n13168610801,parking,（名称なし）駐車場,36.2333847,140.089304,WGS84,326,筑波山,日本百名山|日本二百名山|日本三百名山|関東百名山,,,,TH-n2091046652(44m),,provisional,20,公式情報または2情報源での確認が必要、名称なし,"OpenStreetMap（© OpenStreetMap contributors, ODbL 1.0）Geofabrik japan-latest.osm.pbf 2026-09-23T20:22:04Z node/13168610801",
PK-n13198352135,parking,（名称なし）駐車場,35.5454655,139.1253997,WGS84,453 456 457 461,蛭ヶ岳、檜洞丸、丹沢山、塔ノ岳,関東百名山|日本百名山|日本二百名山|日本三百名山,,,,TH-n9570413360(341m),,provisional,20,公式情報または2情報源での確認が必要、名称なし、登山口から離れている（徒歩アプローチを要確認）,"OpenStreetMap（© OpenStreetMap contributors, ODbL 1.0）Geofabrik japan-latest.osm.pbf 2026-09-23T20:22:04Z node/13198352135",
PK-n13745210606,parking,はとのす荘 お客さま駐車場,35.8135484,139.1276286,WGS84,376 378 387,棒ノ嶺、川苔山、御岳山,関東百名山,,,,TH-n4916080533(63m) TH-n3879515013(256m) TH-n13745210606(0m),,provisional,20,公式情報または2情報源での確認が必要,"OpenStreetMap（© OpenStreetMap contributors, ODbL 1.0）Geofabrik japan-latest.osm.pbf 2026-09-23T20:22:04Z node/13745210606",
PK-n2052453967,parking,タイムズ鎌倉荏柄天神前,35.324446,139.5636982,WGS84,503,天園,関東百名山,,,,TH-w463206616(289m),capacity=3,provisional,20,公式情報または2情報源での確認が必要,"OpenStreetMap（© OpenStreetMap contributors, ODbL 1.0）Geofabrik japan-latest.osm.pbf 2026-09-23T20:22:04Z node/2052453967",
PK-n2149138292,parking,（名称なし）駐車場,36.42794,138.420875,WGS84,289,湯ノ丸山,関東百名山|甲信越百名山,,,,TH-w886350416(49m),,provisional,20,公式情報または2情報源での確認が必要、名称なし,"OpenStreetMap（© OpenStreetMap contributors, ODbL 1.0）Geofabrik japan-latest.osm.pbf 2026-09-23T20:22:04Z node/2149138292",
PK-n2149138558,parking,（名称なし）駐車場,36.427418,138.42015,WGS84,289,湯ノ丸山,関東百名山|甲信越百名山,,,,TH-w886350416(100m),,provisional,20,公式情報または2情報源での確認が必要、名称なし,"OpenStreetMap（© OpenStreetMap contributors, ODbL 1.0）Geofabrik japan-latest.osm.pbf 2026-09-23T20:22:04Z node/2149138558",
PK-n2493359000,parking,（名称なし）駐車場,36.358194,139.689022,WGS84,306,晃石山,関東百名山,,,,TH-n4824166875(435m) TH-n2174281788(273m),,provisional,20,公式情報または2情報源での確認が必要、名称なし、登山口から離れている（徒歩アプローチを要確認）,"OpenStreetMap（© OpenStreetMap contributors, ODbL 1.0）Geofabrik japan-latest.osm.pbf 2026-09-23T20:22:04Z node/2493359000",
PK-n2722801734,parking,（名称なし）駐車場,36.7411881,139.4878166,WGS84,247,男体山,日本百名山|日本二百名山|日本三百名山|関東百名山,,,,TH-n4524687889(62m),,provisional,20,公式情報または2情報源での確認が必要、名称なし,"OpenStreetMap（© OpenStreetMap contributors, ODbL 1.0）Geofabrik japan-latest.osm.pbf 2026-09-23T20:22:04Z node/2722801734",
PK-n2789615696,parking,（名称なし）駐車場,35.3295734,139.5635295,WGS84,503,天園,関東百名山,,,,TH-n1771745315(92m),,provisional,20,公式情報または2情報源での確認が必要、名称なし,"OpenStreetMap（© OpenStreetMap contributors, ODbL 1.0）Geofabrik japan-latest.osm.pbf 2026-09-23T20:22:04Z node/2789615696",
PK-n3226675746,parking,（名称なし）駐車場,35.417385,139.043331,WGS84,443,大室山,関東百名山,,,,TH-n1512967297(395m),,provisional,20,公式情報または2情報源での確認が必要、名称なし、登山口から離れている（徒歩アプローチを要確認）,"OpenStreetMap（© OpenStreetMap contributors, ODbL 1.0）Geofabrik japan-latest.osm.pbf 2026-09-23T20:22:04Z node/3226675746",
PK-n3753932328,parking,（名称なし）駐車場,36.1279983,139.1690226,WGS84,335,鐘撞堂山,関東百名山,,,,TH-n1355533930(107m),,provisional,20,公式情報または2情報源での確認が必要、名称なし,"OpenStreetMap（© OpenStreetMap contributors, ODbL 1.0）Geofabrik japan-latest.osm.pbf 2026-09-23T20:22:04Z node/3753932328",
PK-n4117186743,parking,霧降高原キスゲ平園地第三駐車場,36.8074889,139.5944746,WGS84,240,女峰山,日本二百名山|日本三百名山|関東百名山,,,,TH-n4092072861(212m),,provisional,20,公式情報または2情報源での確認が必要,"OpenStreetMap（© OpenStreetMap contributors, ODbL 1.0）Geofabrik japan-latest.osm.pbf 2026-09-23T20:22:04Z node/4117186743",
PK-n4155295363,parking,（名称なし）駐車場,35.2530036,139.6392858,WGS84,529,大楠山,関東百名山,,,,TH-n11647352407(487m),,provisional,20,公式情報または2情報源での確認が必要、名称なし、登山口から離れている（徒歩アプローチを要確認）,"OpenStreetMap（© OpenStreetMap contributors, ODbL 1.0）Geofabrik japan-latest.osm.pbf 2026-09-23T20:22:04Z node/4155295363",
PK-n4175071294,parking,（名称なし）駐車場,35.7065779,139.1538884,WGS84,413,生藤山,関東百名山,,,,TH-n3451601393(67m),fee=yes,provisional,20,公式情報または2情報源での確認が必要、名称なし,"OpenStreetMap（© OpenStreetMap contributors, ODbL 1.0）Geofabrik japan-latest.osm.pbf 2026-09-23T20:22:04Z node/4175071294",
PK-n4884294632,parking,RVパーク狩太23,35.8736081,139.1829897,WGS84,357 360 361 378,武甲山、武川岳、大持山、川苔山,日本二百名山|日本三百名山|関東百名山,,,,TH-n4869323163(62m),,provisional,20,公式情報または2情報源での確認が必要,"OpenStreetMap（© OpenStreetMap contributors, ODbL 1.0）Geofabrik japan-latest.osm.pbf 2026-09-23T20:22:04Z node/4884294632",
PK-n4964003857,parking,浜平温泉;しおじの湯,36.0711056,138.7035435,WGS84,344,諏訪山,日本三百名山|関東百名山,,,,TH-n4964003857(0m),,provisional,20,公式情報または2情報源での確認が必要,"OpenStreetMap（© OpenStreetMap contributors, ODbL 1.0）Geofabrik japan-latest.osm.pbf 2026-09-23T20:22:04Z node/4964003857",
PK-n5192845381,parking,（名称なし）駐車場,36.8343677,138.9640582,WGS84,234 236 238 229,谷川岳、平標山、仙ノ倉山、朝日岳,日本百名山|日本二百名山|日本三百名山|関東百名山|甲信越百名山,,,,TH-n2804972401(292m) TH-kP11-22-10-bs22(312m) TH-n766785733(202m),,provisional,20,公式情報または2情報源での確認が必要、名称なし、登山口から離れている（徒歩アプローチを要確認）,"OpenStreetMap（© OpenStreetMap contributors, ODbL 1.0）Geofabrik japan-latest.osm.pbf 2026-09-23T20:22:04Z node/5192845381",
PK-n5192845382,parking,（名称なし）駐車場,36.8352607,138.9609844,WGS84,234 236 238 229,谷川岳、平標山、仙ノ倉山、朝日岳,日本百名山|日本二百名山|日本三百名山|関東百名山|甲信越百名山,,,,TH-n2804972401(146m) TH-kP11-22-10-bs22(196m),,provisional,20,公式情報または2情報源での確認が必要、名称なし,"OpenStreetMap（© OpenStreetMap contributors, ODbL 1.0）Geofabrik japan-latest.osm.pbf 2026-09-23T20:22:04Z node/5192845382",
PK-n5192845383,parking,（名称なし）駐車場,36.8361237,138.9625454,WGS84,234 236 238 229,谷川岳、平標山、仙ノ倉山、朝日岳,日本百名山|日本二百名山|日本三百名山|関東百名山|甲信越百名山,,,,TH-n2804972401(63m) TH-kP11-22-10-bs22(76m),,provisional,20,公式情報または2情報源での確認が必要、名称なし,"OpenStreetMap（© OpenStreetMap contributors, ODbL 1.0）Geofabrik japan-latest.osm.pbf 2026-09-23T20:22:04Z node/5192845383",
PK-n5192845384,parking,（名称なし）駐車場,36.8355484,138.9664507,WGS84,229,朝日岳,日本三百名山|関東百名山,,,,TH-n766785733(60m),,provisional,20,公式情報または2情報源での確認が必要、名称なし,"OpenStreetMap（© OpenStreetMap contributors, ODbL 1.0）Geofabrik japan-latest.osm.pbf 2026-09-23T20:22:04Z node/5192845384",
PK-n5910227561,parking,（名称なし）駐車場,36.8128881,139.1055071,WGS84,241,武尊山,日本百名山|日本二百名山|日本三百名山|関東百名山,,,,TH-n1912256429(429m),,provisional,20,公式情報または2情報源での確認が必要、名称なし、登山口から離れている（徒歩アプローチを要確認）,"OpenStreetMap（© OpenStreetMap contributors, ODbL 1.0）Geofabrik japan-latest.osm.pbf 2026-09-23T20:22:04Z node/5910227561",
PK-n6360068823,parking,Tsuchitaru PA,36.8663219,138.8762341,WGS84,229 234,朝日岳、谷川岳,日本三百名山|関東百名山|日本百名山|日本二百名山|甲信越百名山,,,,TH-n6360068823(0m),,provisional,20,公式情報または2情報源での確認が必要,"OpenStreetMap（© OpenStreetMap contributors, ODbL 1.0）Geofabrik japan-latest.osm.pbf 2026-09-23T20:22:04Z node/6360068823",
PK-n6403414538,parking,（名称なし）駐車場,36.4751688,138.8609939,WGS84,284,榛名山,日本二百名山|日本三百名山|関東百名山,,,,TH-n2916163210(281m) TH-n1931511185(309m) TH-gsi-kohan-suzuri(247m) TH-gsi-kamonga-take(307m),,provisional,20,公式情報または2情報源での確認が必要、名称なし、登山口から離れている（徒歩アプローチを要確認）,"OpenStreetMap（© OpenStreetMap contributors, ODbL 1.0）Geofabrik japan-latest.osm.pbf 2026-09-23T20:22:04Z node/6403414538",
PK-n6417163314,parking,丹波山温泉;のめこい湯（Ｐは道の駅Ｐ）,35.7884646,138.9257181,WGS84,377 379,雲取山、飛龍山,日本百名山|日本二百名山|日本三百名山|関東百名山,,,,TH-n2676671141(461m) TH-n393155852(201m),,provisional,20,公式情報または2情報源での確認が必要、登山口から離れている（徒歩アプローチを要確認）,"OpenStreetMap（© OpenStreetMap contributors, ODbL 1.0）Geofabrik japan-latest.osm.pbf 2026-09-23T20:22:04Z node/6417163314",
PK-n6417446634,parking,生涯青春の湯;つるつる温泉,35.7801539,139.1919252,WGS84,376 381,棒ノ嶺、岩茸石山,関東百名山,,,,TH-n6417446634(0m),,provisional,20,公式情報または2情報源での確認が必要,"OpenStreetMap（© OpenStreetMap contributors, ODbL 1.0）Geofabrik japan-latest.osm.pbf 2026-09-23T20:22:04Z node/6417446634",
PK-n6417462137,parking,秋川渓谷;瀬音の湯,35.7273889,139.1863642,WGS84,387 394 396 413,御岳山、御前山、大岳山、生藤山,関東百名山|日本二百名山|日本三百名山,,,,TH-n1789703595(0m) TH-n3053063744(398m),,provisional,20,公式情報または2情報源での確認が必要、登山口から離れている（徒歩アプローチを要確認）,"OpenStreetMap（© OpenStreetMap contributors, ODbL 1.0）Geofabrik japan-latest.osm.pbf 2026-09-23T20:22:04Z node/6417462137",
PK-n6417515914,parking,青根緑の休暇村;いやしの湯,35.5481196,139.1357539,WGS84,453 456 457 461,蛭ヶ岳、檜洞丸、丹沢山、塔ノ岳,関東百名山|日本百名山|日本二百名山|日本三百名山,,,,TH-n6417515914(0m),,provisional,20,公式情報または2情報源での確認が必要,"OpenStreetMap（© OpenStreetMap contributors, ODbL 1.0）Geofabrik japan-latest.osm.pbf 2026-09-23T20:22:04Z node/6417515914",
PK-n6418977013,parking,あしがらの温泉;おんり〜ゆ〜,35.3093309,139.0781446,WGS84,516 519,金時山、明神ヶ岳,日本三百名山|関東百名山,,,,TH-kP11-22-14-bs9485(473m) TH-n6418977013(0m),,provisional,20,公式情報または2情報源での確認が必要、登山口から離れている（徒歩アプローチを要確認）,"OpenStreetMap（© OpenStreetMap contributors, ODbL 1.0）Geofabrik japan-latest.osm.pbf 2026-09-23T20:22:04Z node/6418977013",
PK-n6435567790,parking,妙義ふれあいプラザ;もみじの湯,36.2978137,138.7671436,WGS84,316,妙義山,日本二百名山|日本三百名山|関東百名山,,,,TH-n2065580749(451m),,provisional,20,公式情報または2情報源での確認が必要、登山口から離れている（徒歩アプローチを要確認）,"OpenStreetMap（© OpenStreetMap contributors, ODbL 1.0）Geofabrik japan-latest.osm.pbf 2026-09-23T20:22:04Z node/6435567790",
PK-n6451185504,parking,湯テルメ谷川,36.788789,138.9543038,WGS84,234 238,谷川岳、仙ノ倉山,日本百名山|日本二百名山|日本三百名山|関東百名山|甲信越百名山,,,,TH-n6451198139(289m),,provisional,20,公式情報または2情報源での確認が必要,"OpenStreetMap（© OpenStreetMap contributors, ODbL 1.0）Geofabrik japan-latest.osm.pbf 2026-09-23T20:22:04Z node/6451185504",
PK-n6451198139,parking,貸切かけ流し温泉;ゆう,36.7913813,138.9538586,WGS84,234 238,谷川岳、仙ノ倉山,日本百名山|日本二百名山|日本三百名山|関東百名山|甲信越百名山,,,,TH-n6451198139(0m),,provisional,20,公式情報または2情報源での確認が必要,"OpenStreetMap（© OpenStreetMap contributors, ODbL 1.0）Geofabrik japan-latest.osm.pbf 2026-09-23T20:22:04Z node/6451198139",
PK-n6536652460,parking,（名称なし）駐車場,35.8076182,139.0707521,WGS84,382,鷹ノ巣山,関東百名山,,,,TH-n1593254082(13m),,provisional,20,公式情報または2情報源での確認が必要、名称なし,"OpenStreetMap（© OpenStreetMap contributors, ODbL 1.0）Geofabrik japan-latest.osm.pbf 2026-09-23T20:22:04Z node/6536652460",
PK-n6537751083,parking,苗場温泉;雪ささの湯,36.7885653,138.795251,WGS84,236 238,平標山、仙ノ倉山,甲信越百名山|日本二百名山|日本三百名山|関東百名山,,,,TH-n6537751083(0m),,provisional,20,公式情報または2情報源での確認が必要,"OpenStreetMap（© OpenStreetMap contributors, ODbL 1.0）Geofabrik japan-latest.osm.pbf 2026-09-23T20:22:04Z node/6537751083",
PK-n6687931207,parking,中川温泉;ぶなの湯,35.4441119,139.049629,WGS84,443,大室山,関東百名山,,,,TH-n6687931207(0m),,provisional,20,公式情報または2情報源での確認が必要,"OpenStreetMap（© OpenStreetMap contributors, ODbL 1.0）Geofabrik japan-latest.osm.pbf 2026-09-23T20:22:04Z node/6687931207",
PK-n6690093272,parking,奥多摩温泉;もえぎの湯,35.8052922,139.1024744,WGS84,387 394 396,御岳山、御前山、大岳山,関東百名山|日本二百名山|日本三百名山,,,,TH-n6690093272(0m),fee=no; access=customers,provisional,20,公式情報または2情報源での確認が必要,"OpenStreetMap（© OpenStreetMap contributors, ODbL 1.0）Geofabrik japan-latest.osm.pbf 2026-09-23T20:22:04Z node/6690093272",
PK-n7183371398,parking,（名称なし）駐車場,35.6148444,139.2591467,WGS84,416 422,陣馬山、高尾山,関東百名山,,,,TH-kP11-22-13-bs11093(415m),,provisional,20,公式情報または2情報源での確認が必要、名称なし、登山口から離れている（徒歩アプローチを要確認）,"OpenStreetMap（© OpenStreetMap contributors, ODbL 1.0）Geofabrik japan-latest.osm.pbf 2026-09-23T20:22:04Z node/7183371398",
PK-n7202918026,parking,（名称なし）駐車場,36.6351131,138.5068691,WGS84,264,草津白根山,日本百名山|日本二百名山|日本三百名山|関東百名山,,,,TH-n5784845237(104m),,provisional,20,公式情報または2情報源での確認が必要、名称なし,"OpenStreetMap（© OpenStreetMap contributors, ODbL 1.0）Geofabrik japan-latest.osm.pbf 2026-09-23T20:22:04Z node/7202918026",
PK-n7416028558,parking,（名称なし）駐車場,35.5430269,139.1292479,WGS84,453 456 457 461,蛭ヶ岳、檜洞丸、丹沢山、塔ノ岳,関東百名山|日本百名山|日本二百名山|日本三百名山,,,,TH-kP11-22-14-bs2030(129m),fee=no,provisional,20,公式情報または2情報源での確認が必要、名称なし,"OpenStreetMap（© OpenStreetMap contributors, ODbL 1.0）Geofabrik japan-latest.osm.pbf 2026-09-23T20:22:04Z node/7416028558",
PK-n7662917633,parking,（名称なし）駐車場,36.7058047,140.5589783,WGS84,255,竪破山,関東百名山,,,,TH-n2347761539(24m) TH-n2347761790(457m),,provisional,20,公式情報または2情報源での確認が必要、名称なし、登山口から離れている（徒歩アプローチを要確認）,"OpenStreetMap（© OpenStreetMap contributors, ODbL 1.0）Geofabrik japan-latest.osm.pbf 2026-09-23T20:22:04Z node/7662917633",
PK-n766785319,parking,（名称なし）駐車場,36.8469894,138.9433651,WGS84,229,朝日岳,日本三百名山|関東百名山,,,,TH-n766785409(51m),,provisional,20,公式情報または2情報源での確認が必要、名称なし,"OpenStreetMap（© OpenStreetMap contributors, ODbL 1.0）Geofabrik japan-latest.osm.pbf 2026-09-23T20:22:04Z node/766785319",
PK-n766785322,parking,（名称なし）駐車場,36.8412025,138.9531712,WGS84,229 234 236 238,朝日岳、谷川岳、平標山、仙ノ倉山,日本三百名山|関東百名山|日本百名山|日本二百名山|甲信越百名山,,,,TH-n8442139327(91m),,provisional,20,公式情報または2情報源での確認が必要、名称なし,"OpenStreetMap（© OpenStreetMap contributors, ODbL 1.0）Geofabrik japan-latest.osm.pbf 2026-09-23T20:22:04Z node/766785322",
PK-n8539065921,parking,（名称なし）駐車場,36.0284318,138.8779797,WGS84,349,両神山,日本百名山|日本二百名山|日本三百名山|関東百名山,,,,TH-n8539065955(66m),,provisional,20,公式情報または2情報源での確認が必要、名称なし,"OpenStreetMap（© OpenStreetMap contributors, ODbL 1.0）Geofabrik japan-latest.osm.pbf 2026-09-23T20:22:04Z node/8539065921",
PK-n8539065922,parking,（名称なし）駐車場,36.0279688,138.8781756,WGS84,349,両神山,日本百名山|日本二百名山|日本三百名山|関東百名山,,,,TH-n8539065955(69m),,provisional,20,公式情報または2情報源での確認が必要、名称なし,"OpenStreetMap（© OpenStreetMap contributors, ODbL 1.0）Geofabrik japan-latest.osm.pbf 2026-09-23T20:22:04Z node/8539065922",
PK-n8539065923,parking,（名称なし）駐車場,36.0284232,138.8783616,WGS84,349,両神山,日本百名山|日本二百名山|日本三百名山|関東百名山,,,,TH-n8539065955(31m),,provisional,20,公式情報または2情報源での確認が必要、名称なし,"OpenStreetMap（© OpenStreetMap contributors, ODbL 1.0）Geofabrik japan-latest.osm.pbf 2026-09-23T20:22:04Z node/8539065923",
PK-n8815678518,parking,（名称なし）駐車場,36.0405227,138.8310956,WGS84,349,両神山,日本百名山|日本二百名山|日本三百名山|関東百名山,,,,TH-n11368180968(9m),,provisional,20,公式情報または2情報源での確認が必要、名称なし,"OpenStreetMap（© OpenStreetMap contributors, ODbL 1.0）Geofabrik japan-latest.osm.pbf 2026-09-23T20:22:04Z node/8815678518",
PK-n8950236469,parking,霧降高原キスゲ平園地第一駐車場,36.8067635,139.5926928,WGS84,240,女峰山,日本二百名山|日本三百名山|関東百名山,,,,TH-n4092072861(59m),,provisional,20,公式情報または2情報源での確認が必要,"OpenStreetMap（© OpenStreetMap contributors, ODbL 1.0）Geofabrik japan-latest.osm.pbf 2026-09-23T20:22:04Z node/8950236469",
PK-n8950236470,parking,霧降高原キスゲ平園地第二駐車場,36.8067077,139.5935404,WGS84,240,女峰山,日本二百名山|日本三百名山|関東百名山,,,,TH-n4092072861(130m),,provisional,20,公式情報または2情報源での確認が必要,"OpenStreetMap（© OpenStreetMap contributors, ODbL 1.0）Geofabrik japan-latest.osm.pbf 2026-09-23T20:22:04Z node/8950236470",
PK-n9076602692,parking,（名称なし）駐車場,36.0287262,138.8297157,WGS84,349,両神山,日本百名山|日本二百名山|日本三百名山|関東百名山,,,,TH-n7747395164(36m),fee=no; capacity=10; access=yes,provisional,20,公式情報または2情報源での確認が必要、名称なし,"OpenStreetMap（© OpenStreetMap contributors, ODbL 1.0）Geofabrik japan-latest.osm.pbf 2026-09-23T20:22:04Z node/9076602692",
PK-n9095819904,parking,（名称なし）駐車場,36.04275,139.154872,WGS84,347,大霧山,関東百名山,,,,TH-n1446542511(7m),capacity=3,provisional,20,公式情報または2情報源での確認が必要、名称なし,"OpenStreetMap（© OpenStreetMap contributors, ODbL 1.0）Geofabrik japan-latest.osm.pbf 2026-09-23T20:22:04Z node/9095819904",
PK-n9101431517,parking,（名称なし）駐車場,35.7504169,139.0803066,WGS84,387 394 396,御岳山、御前山、大岳山,関東百名山|日本二百名山|日本三百名山,,,,TH-n1401028303(120m),,provisional,20,公式情報または2情報源での確認が必要、名称なし,"OpenStreetMap（© OpenStreetMap contributors, ODbL 1.0）Geofabrik japan-latest.osm.pbf 2026-09-23T20:22:04Z node/9101431517",
PK-n922076378,parking,（名称なし）駐車場,36.4727552,138.8593841,WGS84,284,榛名山,日本二百名山|日本三百名山|関東百名山,,,,TH-n2916163210(22m) TH-gsi-kohan-suzuri(66m),,provisional,20,公式情報または2情報源での確認が必要、名称なし,"OpenStreetMap（© OpenStreetMap contributors, ODbL 1.0）Geofabrik japan-latest.osm.pbf 2026-09-23T20:22:04Z node/922076378",
PK-n9660193990,parking,障がい者等用駐車スペース,36.8660787,138.8762071,WGS84,229 234,朝日岳、谷川岳,日本三百名山|関東百名山|日本百名山|日本二百名山|甲信越百名山,,,,TH-n6360068823(27m),,provisional,20,公式情報または2情報源での確認が必要,"OpenStreetMap（© OpenStreetMap contributors, ODbL 1.0）Geofabrik japan-latest.osm.pbf 2026-09-23T20:22:04Z node/9660193990",
PK-w1058680733,parking,（名称なし）駐車場,35.1876118,139.134477,WGS84,557,幕山,関東百名山,,,,TH-kP11-22-14-bs10516(410m),,provisional,40,公式情報または2情報源での確認が必要、名称なし、登山口から離れている（徒歩アプローチを要確認）,"OpenStreetMap（© OpenStreetMap contributors, ODbL 1.0）Geofabrik japan-latest.osm.pbf 2026-09-23T20:22:04Z way/1058680733",
PK-w1060343784,parking,（名称なし）駐車場,35.0787168,139.9519783,WGS84,582,御殿山,関東百名山,,,,TH-n1386760915(16m),access=customers,provisional,40,公式情報または2情報源での確認が必要、名称なし,"OpenStreetMap（© OpenStreetMap contributors, ODbL 1.0）Geofabrik japan-latest.osm.pbf 2026-09-23T20:22:04Z way/1060343784",
PK-w1062595576,parking,（名称なし）駐車場,35.726073,139.1557405,WGS84,413,生藤山,関東百名山,,,,TH-n4177407292(202m),,provisional,40,公式情報または2情報源での確認が必要、名称なし,"OpenStreetMap（© OpenStreetMap contributors, ODbL 1.0）Geofabrik japan-latest.osm.pbf 2026-09-23T20:22:04Z way/1062595576",
PK-w1085225634,parking,軽自動車専用駐車場,35.8515138,139.0402317,WGS84,377,雲取山,日本百名山|日本二百名山|日本三百名山|関東百名山,,,,TH-n1600941470(32m),,provisional,40,公式情報または2情報源での確認が必要,"OpenStreetMap（© OpenStreetMap contributors, ODbL 1.0）Geofabrik japan-latest.osm.pbf 2026-09-23T20:22:04Z way/1085225634",
PK-w1085230058,parking,（名称なし）駐車場,35.360883,139.5818651,WGS84,503,天園,関東百名山,,,,TH-n9929390905(25m),,provisional,40,公式情報または2情報源での確認が必要、名称なし,"OpenStreetMap（© OpenStreetMap contributors, ODbL 1.0）Geofabrik japan-latest.osm.pbf 2026-09-23T20:22:04Z way/1085230058",
PK-w1085571876,parking,（名称なし）駐車場,35.360348,139.5825727,WGS84,503,天園,関東百名山,,,,TH-n9929390905(90m),,provisional,40,公式情報または2情報源での確認が必要、名称なし,"OpenStreetMap（© OpenStreetMap contributors, ODbL 1.0）Geofabrik japan-latest.osm.pbf 2026-09-23T20:22:04Z way/1085571876",
PK-w1085571906,parking,（名称なし）駐車場,35.3606498,139.5833622,WGS84,503,天園,関東百名山,,,,TH-n9929390905(126m),,provisional,40,公式情報または2情報源での確認が必要、名称なし,"OpenStreetMap（© OpenStreetMap contributors, ODbL 1.0）Geofabrik japan-latest.osm.pbf 2026-09-23T20:22:04Z way/1085571906",
PK-w1086605963,parking,天狗山第1駐車場,36.6267274,138.5852029,WGS84,264,草津白根山,日本百名山|日本二百名山|日本三百名山|関東百名山,,,,TH-w1086605963(0m),capacity=300,provisional,40,公式情報または2情報源での確認が必要,"OpenStreetMap（© OpenStreetMap contributors, ODbL 1.0）Geofabrik japan-latest.osm.pbf 2026-09-23T20:22:04Z way/1086605963",
PK-w1086605964,parking,天狗山第2駐車場,36.6276723,138.5865805,WGS84,264,草津白根山,日本百名山|日本二百名山|日本三百名山|関東百名山,,,,TH-w1086605963(161m),capacity=80,provisional,40,公式情報または2情報源での確認が必要,"OpenStreetMap（© OpenStreetMap contributors, ODbL 1.0）Geofabrik japan-latest.osm.pbf 2026-09-23T20:22:04Z way/1086605964",
PK-w1093696355,parking,（名称なし）駐車場,35.3313938,139.5927528,WGS84,503,天園,関東百名山,,,,TH-n4355233089(410m),,provisional,40,公式情報または2情報源での確認が必要、名称なし、登山口から離れている（徒歩アプローチを要確認）,"OpenStreetMap（© OpenStreetMap contributors, ODbL 1.0）Geofabrik japan-latest.osm.pbf 2026-09-23T20:22:04Z way/1093696355",
PK-w1093696375,parking,（名称なし）駐車場,35.3327683,139.5920161,WGS84,503,天園,関東百名山,,,,TH-n4355233089(471m),,provisional,40,公式情報または2情報源での確認が必要、名称なし、登山口から離れている（徒歩アプローチを要確認）,"OpenStreetMap（© OpenStreetMap contributors, ODbL 1.0）Geofabrik japan-latest.osm.pbf 2026-09-23T20:22:04Z way/1093696375",
PK-w1110493075,parking,（名称なし）駐車場,36.840139,139.1716424,WGS84,241,武尊山,日本百名山|日本二百名山|日本三百名山|関東百名山,,,,TH-n1912226394(22m),,provisional,40,公式情報または2情報源での確認が必要、名称なし,"OpenStreetMap（© OpenStreetMap contributors, ODbL 1.0）Geofabrik japan-latest.osm.pbf 2026-09-23T20:22:04Z way/1110493075",
PK-w1121868798,parking,（名称なし）駐車場,35.3168483,139.031737,WGS84,506,矢倉岳,関東百名山,,,,TH-kP11-22-14-bs9204(52m) TH-n11898413727(491m),,provisional,40,公式情報または2情報源での確認が必要、名称なし、登山口から離れている（徒歩アプローチを要確認）,"OpenStreetMap（© OpenStreetMap contributors, ODbL 1.0）Geofabrik japan-latest.osm.pbf 2026-09-23T20:22:04Z way/1121868798",
PK-w1123456500,parking,（名称なし）駐車場,36.2141049,140.099893,WGS84,326,筑波山,日本百名山|日本二百名山|日本三百名山|関東百名山,,,,TH-w34014835(59m),access=private,provisional,40,公式情報または2情報源での確認が必要、名称なし,"OpenStreetMap（© OpenStreetMap contributors, ODbL 1.0）Geofabrik japan-latest.osm.pbf 2026-09-23T20:22:04Z way/1123456500",
PK-w1123456501,parking,（名称なし）駐車場,36.2134522,140.0995418,WGS84,326,筑波山,日本百名山|日本二百名山|日本三百名山|関東百名山,,,,TH-w34014835(137m),access=customers,provisional,40,公式情報または2情報源での確認が必要、名称なし,"OpenStreetMap（© OpenStreetMap contributors, ODbL 1.0）Geofabrik japan-latest.osm.pbf 2026-09-23T20:22:04Z way/1123456501",
PK-w1123456502,parking,（名称なし）駐車場,36.2131609,140.0995482,WGS84,326,筑波山,日本百名山|日本二百名山|日本三百名山|関東百名山,,,,TH-n4195411716(180m),access=customers,provisional,40,公式情報または2情報源での確認が必要、名称なし,"OpenStreetMap（© OpenStreetMap contributors, ODbL 1.0）Geofabrik japan-latest.osm.pbf 2026-09-23T20:22:04Z way/1123456502",
PK-w1126412466,parking,第2駐車場,35.6021764,139.2013188,WGS84,430,石老山,関東百名山,,,,TH-w1126412466(0m),access=customers,provisional,40,公式情報または2情報源での確認が必要,"OpenStreetMap（© OpenStreetMap contributors, ODbL 1.0）Geofabrik japan-latest.osm.pbf 2026-09-23T20:22:04Z way/1126412466",
PK-w1126412467,parking,（名称なし）駐車場,35.6034489,139.2019328,WGS84,430,石老山,関東百名山,,,,TH-w1126412466(151m),access=customers,provisional,40,公式情報または2情報源での確認が必要、名称なし,"OpenStreetMap（© OpenStreetMap contributors, ODbL 1.0）Geofabrik japan-latest.osm.pbf 2026-09-23T20:22:04Z way/1126412467",
PK-w1126926919,parking,（名称なし）駐車場,36.7575619,139.6011397,WGS84,240,女峰山,日本二百名山|日本三百名山|関東百名山,,,,TH-n2015053735(261m),,provisional,40,公式情報または2情報源での確認が必要、名称なし,"OpenStreetMap（© OpenStreetMap contributors, ODbL 1.0）Geofabrik japan-latest.osm.pbf 2026-09-23T20:22:04Z way/1126926919",
PK-w1148831209,parking,光徳駐車場,36.7969649,139.4544762,WGS84,237,太郎山,日本三百名山|関東百名山,,,,TH-w1539045487(57m) TH-n14014559291(331m) TH-n14014559337(459m),access=yes; motor_vehicle=designated,provisional,40,公式情報または2情報源での確認が必要、登山口から離れている（徒歩アプローチを要確認）,"OpenStreetMap（© OpenStreetMap contributors, ODbL 1.0）Geofabrik japan-latest.osm.pbf 2026-09-23T20:22:04Z way/1148831209",
PK-w1154906765,parking,（名称なし）駐車場,35.6354075,139.270167,WGS84,422,高尾山,関東百名山,,,,TH-n5716697592(358m),,provisional,40,公式情報または2情報源での確認が必要、名称なし、登山口から離れている（徒歩アプローチを要確認）,"OpenStreetMap（© OpenStreetMap contributors, ODbL 1.0）Geofabrik japan-latest.osm.pbf 2026-09-23T20:22:04Z way/1154906765",
PK-w1154906766,parking,（名称なし）駐車場,35.6358778,139.270298,WGS84,422,高尾山,関東百名山,,,,TH-n12247731401(34m),,provisional,40,公式情報または2情報源での確認が必要、名称なし,"OpenStreetMap（© OpenStreetMap contributors, ODbL 1.0）Geofabrik japan-latest.osm.pbf 2026-09-23T20:22:04Z way/1154906766",
PK-w1173034761,parking,（名称なし）駐車場,36.2134746,140.1006852,WGS84,326,筑波山,日本百名山|日本二百名山|日本三百名山|関東百名山,,,,TH-n4195411716(130m) TH-w34014835(135m),,provisional,40,公式情報または2情報源での確認が必要、名称なし,"OpenStreetMap（© OpenStreetMap contributors, ODbL 1.0）Geofabrik japan-latest.osm.pbf 2026-09-23T20:22:04Z way/1173034761",
PK-w1175012984,parking,伊勢原市営大山第2駐車場,35.4246179,139.2490316,WGS84,465,大山,日本三百名山|関東百名山,,,,TH-w1175012984(0m),fee=yes; capacity=50; access=yes,provisional,40,公式情報または2情報源での確認が必要,"OpenStreetMap（© OpenStreetMap contributors, ODbL 1.0）Geofabrik japan-latest.osm.pbf 2026-09-23T20:22:04Z way/1175012984",
PK-w1193531452,parking,（名称なし）駐車場,36.8422221,139.1712738,WGS84,241,武尊山,日本百名山|日本二百名山|日本三百名山|関東百名山,,,,TH-n1912226394(223m),fee=no,provisional,40,公式情報または2情報源での確認が必要、名称なし,"OpenStreetMap（© OpenStreetMap contributors, ODbL 1.0）Geofabrik japan-latest.osm.pbf 2026-09-23T20:22:04Z way/1193531452",
PK-w1204368644,parking,（名称なし）駐車場,35.8854925,139.3079743,WGS84,368,日和田山,関東百名山,,,,TH-n13620100981(329m) TH-n12669434925(452m),,provisional,40,公式情報または2情報源での確認が必要、名称なし、登山口から離れている（徒歩アプローチを要確認）,"OpenStreetMap（© OpenStreetMap contributors, ODbL 1.0）Geofabrik japan-latest.osm.pbf 2026-09-23T20:22:04Z way/1204368644",
PK-w1204400117,parking,（名称なし）駐車場,35.8887168,139.3092195,WGS84,368,日和田山,関東百名山,,,,TH-n13620100981(80m) TH-n12669434912(330m),fee=yes; access=yes,provisional,40,公式情報または2情報源での確認が必要、名称なし、登山口から離れている（徒歩アプローチを要確認）,"OpenStreetMap（© OpenStreetMap contributors, ODbL 1.0）Geofabrik japan-latest.osm.pbf 2026-09-23T20:22:04Z way/1204400117",
PK-w1204779766,parking,（名称なし）駐車場,35.8908626,139.3130502,WGS84,368,日和田山,関東百名山,,,,TH-n448723898(494m) TH-n12669434912(215m),,provisional,40,公式情報または2情報源での確認が必要、名称なし、登山口から離れている（徒歩アプローチを要確認）,"OpenStreetMap（© OpenStreetMap contributors, ODbL 1.0）Geofabrik japan-latest.osm.pbf 2026-09-23T20:22:04Z way/1204779766",
PK-w1215538128,parking,Urami Falls Parking Lot,36.7540591,139.5606895,WGS84,240,女峰山,日本二百名山|日本三百名山|関東百名山,,,,TH-w1215538128(0m),,provisional,40,公式情報または2情報源での確認が必要,"OpenStreetMap（© OpenStreetMap contributors, ODbL 1.0）Geofabrik japan-latest.osm.pbf 2026-09-23T20:22:04Z way/1215538128",
PK-w1226806510,parking,（名称なし）駐車場,35.1505252,139.8297106,WGS84,561,鋸山,関東百名山,,,,TH-n1387059258(437m),,provisional,40,公式情報または2情報源での確認が必要、名称なし、登山口から離れている（徒歩アプローチを要確認）,"OpenStreetMap（© OpenStreetMap contributors, ODbL 1.0）Geofabrik japan-latest.osm.pbf 2026-09-23T20:22:04Z way/1226806510",
PK-w1239241071,parking,（名称なし）駐車場,35.2166782,139.9856295,WGS84,549,高宕山,関東百名山,,,,TH-n1514029377(75m),,provisional,40,公式情報または2情報源での確認が必要、名称なし,"OpenStreetMap（© OpenStreetMap contributors, ODbL 1.0）Geofabrik japan-latest.osm.pbf 2026-09-23T20:22:04Z way/1239241071",
PK-w1267599875,parking,（名称なし）駐車場,35.9417591,139.1157369,WGS84,357 360 361,武甲山、武川岳、大持山,日本二百名山|日本三百名山|関東百名山,,,,TH-n1519051324(122m) TH-n1519050587(461m),fee=no; access=yes,provisional,40,公式情報または2情報源での確認が必要、名称なし、登山口から離れている（徒歩アプローチを要確認）,"OpenStreetMap（© OpenStreetMap contributors, ODbL 1.0）Geofabrik japan-latest.osm.pbf 2026-09-23T20:22:04Z way/1267599875",
PK-w1272465172,parking,（名称なし）駐車場,35.9601905,138.9776657,WGS84,356,秩父御岳山,関東百名山,,,,TH-kP11-22-11-bs3807(351m) TH-n1998654930(459m),fee=yes; access=yes,provisional,40,公式情報または2情報源での確認が必要、名称なし、登山口から離れている（徒歩アプローチを要確認）,"OpenStreetMap（© OpenStreetMap contributors, ODbL 1.0）Geofabrik japan-latest.osm.pbf 2026-09-23T20:22:04Z way/1272465172",
PK-w1272954463,parking,（名称なし）駐車場,36.1227606,139.1820918,WGS84,335,鐘撞堂山,関東百名山,,,,TH-n11822384924(132m),,provisional,40,公式情報または2情報源での確認が必要、名称なし,"OpenStreetMap（© OpenStreetMap contributors, ODbL 1.0）Geofabrik japan-latest.osm.pbf 2026-09-23T20:22:04Z way/1272954463",
PK-w1272954474,parking,（名称なし）駐車場,36.1212752,139.1825637,WGS84,335,鐘撞堂山,関東百名山,,,,TH-n11822384924(296m),,provisional,40,公式情報または2情報源での確認が必要、名称なし,"OpenStreetMap（© OpenStreetMap contributors, ODbL 1.0）Geofabrik japan-latest.osm.pbf 2026-09-23T20:22:04Z way/1272954474",
PK-w1274093064,parking,（名称なし）駐車場,36.1222812,139.1692905,WGS84,335,鐘撞堂山,関東百名山,,,,TH-n11829383615(424m),,provisional,40,公式情報または2情報源での確認が必要、名称なし、登山口から離れている（徒歩アプローチを要確認）,"OpenStreetMap（© OpenStreetMap contributors, ODbL 1.0）Geofabrik japan-latest.osm.pbf 2026-09-23T20:22:04Z way/1274093064",
PK-w1274093093,parking,（名称なし）駐車場,36.1198942,139.1709532,WGS84,335,鐘撞堂山,関東百名山,,,,TH-n11829383615(364m),,provisional,40,公式情報または2情報源での確認が必要、名称なし、登山口から離れている（徒歩アプローチを要確認）,"OpenStreetMap（© OpenStreetMap contributors, ODbL 1.0）Geofabrik japan-latest.osm.pbf 2026-09-23T20:22:04Z way/1274093093",
PK-w1280348812,parking,（名称なし）駐車場,35.703506,139.2284206,WGS84,413,生藤山,関東百名山,,,,TH-kP11-22-13-bs5752(165m),,provisional,40,公式情報または2情報源での確認が必要、名称なし,"OpenStreetMap（© OpenStreetMap contributors, ODbL 1.0）Geofabrik japan-latest.osm.pbf 2026-09-23T20:22:04Z way/1280348812",
PK-w1280348813,parking,（名称なし）駐車場,35.7037572,139.2271077,WGS84,413,生藤山,関東百名山,,,,TH-kP11-22-13-bs5752(286m),,provisional,40,公式情報または2情報源での確認が必要、名称なし,"OpenStreetMap（© OpenStreetMap contributors, ODbL 1.0）Geofabrik japan-latest.osm.pbf 2026-09-23T20:22:04Z way/1280348813",
PK-w1291595015,parking,（名称なし）駐車場,35.7857318,138.9778993,WGS84,377 382,雲取山、鷹ノ巣山,日本百名山|日本二百名山|日本三百名山|関東百名山,,,,TH-n1597653318(400m),,provisional,40,公式情報または2情報源での確認が必要、名称なし、登山口から離れている（徒歩アプローチを要確認）,"OpenStreetMap（© OpenStreetMap contributors, ODbL 1.0）Geofabrik japan-latest.osm.pbf 2026-09-23T20:22:04Z way/1291595015",
PK-w1292066632,parking,伊勢原市営大山第1駐車場,35.4212527,139.2541485,WGS84,465,大山,日本三百名山|関東百名山,,,,TH-n935818265(227m),fee=yes; capacity=90,provisional,40,公式情報または2情報源での確認が必要,"OpenStreetMap（© OpenStreetMap contributors, ODbL 1.0）Geofabrik japan-latest.osm.pbf 2026-09-23T20:22:04Z way/1292066632",
PK-w1306287256,parking,（名称なし）駐車場,36.4221144,139.3380184,WGS84,282,鳴神山,関東百名山,,,,TH-w438892180(281m),access=customers,provisional,40,公式情報または2情報源での確認が必要、名称なし,"OpenStreetMap（© OpenStreetMap contributors, ODbL 1.0）Geofabrik japan-latest.osm.pbf 2026-09-23T20:22:04Z way/1306287256",
PK-w1307747027,parking,（名称なし）駐車場,36.4204366,139.3145103,WGS84,282,鳴神山,関東百名山,,,,TH-kP11-22-10-bs1812(232m) TH-n2584544864(273m),access=private,provisional,40,公式情報または2情報源での確認が必要、名称なし,"OpenStreetMap（© OpenStreetMap contributors, ODbL 1.0）Geofabrik japan-latest.osm.pbf 2026-09-23T20:22:04Z way/1307747027",
PK-w1312120415,parking,（名称なし）駐車場,36.3576939,138.6989431,WGS84,293,鼻曲山,関東百名山,,,,TH-n2039173801(436m),fee=no; access=yes,provisional,40,公式情報または2情報源での確認が必要、名称なし、登山口から離れている（徒歩アプローチを要確認）,"OpenStreetMap（© OpenStreetMap contributors, ODbL 1.0）Geofabrik japan-latest.osm.pbf 2026-09-23T20:22:04Z way/1312120415",
PK-w1313022447,parking,（名称なし）駐車場,36.4421167,139.3259059,WGS84,282,鳴神山,関東百名山,,,,TH-kP11-22-10-bs1628(38m),,provisional,40,公式情報または2情報源での確認が必要、名称なし,"OpenStreetMap（© OpenStreetMap contributors, ODbL 1.0）Geofabrik japan-latest.osm.pbf 2026-09-23T20:22:04Z way/1313022447",
PK-w1340187960,parking,（名称なし）駐車場,36.4243674,139.3106545,WGS84,282,鳴神山,関東百名山,,,,TH-kP11-22-10-bs1776(208m),capacity=13; access=private,provisional,40,公式情報または2情報源での確認が必要、名称なし,"OpenStreetMap（© OpenStreetMap contributors, ODbL 1.0）Geofabrik japan-latest.osm.pbf 2026-09-23T20:22:04Z way/1340187960",
PK-w1340187961,parking,（名称なし）駐車場,36.4245877,139.3103058,WGS84,282,鳴神山,関東百名山,,,,TH-kP11-22-10-bs1776(232m),access=private,provisional,40,公式情報または2情報源での確認が必要、名称なし,"OpenStreetMap（© OpenStreetMap contributors, ODbL 1.0）Geofabrik japan-latest.osm.pbf 2026-09-23T20:22:04Z way/1340187961",
PK-w1340188108,parking,（名称なし）駐車場,36.4219419,139.3124915,WGS84,282,鳴神山,関東百名山,,,,TH-kP11-22-10-bs1812(16m) TH-n2584544864(385m),capacity=14; access=customers,provisional,40,公式情報または2情報源での確認が必要、名称なし、登山口から離れている（徒歩アプローチを要確認）,"OpenStreetMap（© OpenStreetMap contributors, ODbL 1.0）Geofabrik japan-latest.osm.pbf 2026-09-23T20:22:04Z way/1340188108",
PK-w1342112214,parking,（名称なし）駐車場,36.4222748,139.3126091,WGS84,282,鳴神山,関東百名山,,,,TH-kP11-22-10-bs1812(53m) TH-kP11-22-10-bs1776(297m) TH-n2584544864(375m),access=private,provisional,40,公式情報または2情報源での確認が必要、名称なし、登山口から離れている（徒歩アプローチを要確認）,"OpenStreetMap（© OpenStreetMap contributors, ODbL 1.0）Geofabrik japan-latest.osm.pbf 2026-09-23T20:22:04Z way/1342112214",
PK-w1342517823,parking,（名称なし）駐車場,35.2439175,139.017986,WGS84,536,箱根山,日本三百名山|関東百名山,,,,TH-w33077826(111m),,provisional,40,公式情報または2情報源での確認が必要、名称なし,"OpenStreetMap（© OpenStreetMap contributors, ODbL 1.0）Geofabrik japan-latest.osm.pbf 2026-09-23T20:22:04Z way/1342517823",
PK-w1342517828,parking,（名称なし）駐車場,35.2438235,139.0186223,WGS84,536,箱根山,日本三百名山|関東百名山,,,,TH-w33077826(73m),access=private,provisional,40,公式情報または2情報源での確認が必要、名称なし,"OpenStreetMap（© OpenStreetMap contributors, ODbL 1.0）Geofabrik japan-latest.osm.pbf 2026-09-23T20:22:04Z way/1342517828",
PK-w1342517829,parking,大型バス駐車場,35.2440656,139.0194323,WGS84,536,箱根山,日本三百名山|関東百名山,,,,TH-w33077826(48m),access=permit,provisional,40,公式情報または2情報源での確認が必要,"OpenStreetMap（© OpenStreetMap contributors, ODbL 1.0）Geofabrik japan-latest.osm.pbf 2026-09-23T20:22:04Z way/1342517829",
PK-w1353550602,parking,（名称なし）駐車場,36.6341495,138.5077626,WGS84,264,草津白根山,日本百名山|日本二百名山|日本三百名山|関東百名山,,,,TH-n5784845237(135m),,provisional,40,公式情報または2情報源での確認が必要、名称なし,"OpenStreetMap（© OpenStreetMap contributors, ODbL 1.0）Geofabrik japan-latest.osm.pbf 2026-09-23T20:22:04Z way/1353550602",
PK-w1353550603,parking,（名称なし）駐車場,36.6344169,138.5081983,WGS84,264,草津白根山,日本百名山|日本二百名山|日本三百名山|関東百名山,,,,TH-n5784845237(105m),,provisional,40,公式情報または2情報源での確認が必要、名称なし,"OpenStreetMap（© OpenStreetMap contributors, ODbL 1.0）Geofabrik japan-latest.osm.pbf 2026-09-23T20:22:04Z way/1353550603",
PK-w1355331429,parking,（名称なし）駐車場,35.620206,139.2616808,WGS84,416 422,陣馬山、高尾山,関東百名山,,,,TH-kP11-22-13-bs11093(224m),,provisional,40,公式情報または2情報源での確認が必要、名称なし,"OpenStreetMap（© OpenStreetMap contributors, ODbL 1.0）Geofabrik japan-latest.osm.pbf 2026-09-23T20:22:04Z way/1355331429",
PK-w1357661459,parking,（名称なし）駐車場,35.2484629,139.640744,WGS84,529,大楠山,関東百名山,,,,TH-n11647352407(48m),,provisional,40,公式情報または2情報源での確認が必要、名称なし,"OpenStreetMap（© OpenStreetMap contributors, ODbL 1.0）Geofabrik japan-latest.osm.pbf 2026-09-23T20:22:04Z way/1357661459",
PK-w1358110003,parking,（名称なし）駐車場,35.2365845,139.6341315,WGS84,529,大楠山,関東百名山,,,,TH-n12568301062(25m) TH-n2186699576(439m),fee=no; access=yes,provisional,40,公式情報または2情報源での確認が必要、名称なし、登山口から離れている（徒歩アプローチを要確認）,"OpenStreetMap（© OpenStreetMap contributors, ODbL 1.0）Geofabrik japan-latest.osm.pbf 2026-09-23T20:22:04Z way/1358110003",
PK-w1362142320,parking,（名称なし）駐車場,36.7181984,138.6408188,WGS84,246 252,佐武流山、白砂山,日本二百名山|日本三百名山|関東百名山,,,,TH-n448044859(326m),,provisional,40,公式情報または2情報源での確認が必要、名称なし、登山口から離れている（徒歩アプローチを要確認）,"OpenStreetMap（© OpenStreetMap contributors, ODbL 1.0）Geofabrik japan-latest.osm.pbf 2026-09-23T20:22:04Z way/1362142320",
PK-w1371167468,parking,（名称なし）駐車場,35.166834,139.0892677,WGS84,557,幕山,関東百名山,,,,TH-kP11-22-14-bs10542(174m) TH-n9289109673(188m),,provisional,40,公式情報または2情報源での確認が必要、名称なし,"OpenStreetMap（© OpenStreetMap contributors, ODbL 1.0）Geofabrik japan-latest.osm.pbf 2026-09-23T20:22:04Z way/1371167468",
PK-w1371167470,parking,（名称なし）駐車場,35.1654213,139.0904926,WGS84,557,幕山,関東百名山,,,,TH-kP11-22-14-bs10542(18m) TH-n9289109673(373m),,provisional,40,公式情報または2情報源での確認が必要、名称なし、登山口から離れている（徒歩アプローチを要確認）,"OpenStreetMap（© OpenStreetMap contributors, ODbL 1.0）Geofabrik japan-latest.osm.pbf 2026-09-23T20:22:04Z way/1371167470",
PK-w1371167471,parking,（名称なし）駐車場,35.1647498,139.0929016,WGS84,557,幕山,関東百名山,,,,TH-kP11-22-14-bs10542(247m),,provisional,40,公式情報または2情報源での確認が必要、名称なし,"OpenStreetMap（© OpenStreetMap contributors, ODbL 1.0）Geofabrik japan-latest.osm.pbf 2026-09-23T20:22:04Z way/1371167471",
PK-w1382221524,parking,（名称なし）駐車場,35.2564602,139.64217,WGS84,529,大楠山,関東百名山,,,,TH-kP11-22-14-bs10026(38m),fee=yes; access=yes,provisional,40,公式情報または2情報源での確認が必要、名称なし,"OpenStreetMap（© OpenStreetMap contributors, ODbL 1.0）Geofabrik japan-latest.osm.pbf 2026-09-23T20:22:04Z way/1382221524",
PK-w1382221525,parking,（名称なし）駐車場,35.2566324,139.6416918,WGS84,529,大楠山,関東百名山,,,,TH-kP11-22-14-bs10026(24m),,provisional,40,公式情報または2情報源での確認が必要、名称なし,"OpenStreetMap（© OpenStreetMap contributors, ODbL 1.0）Geofabrik japan-latest.osm.pbf 2026-09-23T20:22:04Z way/1382221525",
PK-w1383124354,parking,（名称なし）駐車場,35.7269054,139.2179581,WGS84,413,生藤山,関東百名山,,,,TH-w1481993948(135m),access=customers,provisional,40,公式情報または2情報源での確認が必要、名称なし,"OpenStreetMap（© OpenStreetMap contributors, ODbL 1.0）Geofabrik japan-latest.osm.pbf 2026-09-23T20:22:04Z way/1383124354",
PK-w1385531132,parking,（名称なし）駐車場,35.6324515,139.269517,WGS84,416 422,陣馬山、高尾山,関東百名山,,,,TH-w1426472128(282m) TH-n5716697592(118m),fee=yes,provisional,40,公式情報または2情報源での確認が必要、名称なし,"OpenStreetMap（© OpenStreetMap contributors, ODbL 1.0）Geofabrik japan-latest.osm.pbf 2026-09-23T20:22:04Z way/1385531132",
PK-w1387527788,parking,（名称なし）駐車場,35.0968364,139.8784421,WGS84,581,富山,関東百名山,,,,TH-n2936278316(27m) TH-n1386844084(345m),access=yes,provisional,40,公式情報または2情報源での確認が必要、名称なし、登山口から離れている（徒歩アプローチを要確認）,"OpenStreetMap（© OpenStreetMap contributors, ODbL 1.0）Geofabrik japan-latest.osm.pbf 2026-09-23T20:22:04Z way/1387527788",
PK-w1387527789,parking,（名称なし）駐車場,35.0965893,139.8703096,WGS84,581,富山,関東百名山,,,,TH-n1386844084(398m),,provisional,40,公式情報または2情報源での確認が必要、名称なし、登山口から離れている（徒歩アプローチを要確認）,"OpenStreetMap（© OpenStreetMap contributors, ODbL 1.0）Geofabrik japan-latest.osm.pbf 2026-09-23T20:22:04Z way/1387527789",
PK-w1387535904,parking,（名称なし）駐車場,35.8373921,138.822239,WGS84,365 366 375 379,甲武信ヶ岳、白石山、笠取山、飛龍山,日本百名山|日本二百名山|日本三百名山|関東百名山|甲信越百名山,,,,TH-n1605392997(51m),fee=no; access=yes,provisional,40,公式情報または2情報源での確認が必要、名称なし,"OpenStreetMap（© OpenStreetMap contributors, ODbL 1.0）Geofabrik japan-latest.osm.pbf 2026-09-23T20:22:04Z way/1387535904",
PK-w1388998553,parking,（名称なし）駐車場,36.6233787,139.515454,WGS84,265,古峰ヶ原,関東百名山,,,,TH-n4928044499(97m) TH-n1314849747(370m) TH-n6702246804(462m),capacity=70; access=customers,provisional,40,公式情報または2情報源での確認が必要、名称なし、登山口から離れている（徒歩アプローチを要確認）,"OpenStreetMap（© OpenStreetMap contributors, ODbL 1.0）Geofabrik japan-latest.osm.pbf 2026-09-23T20:22:04Z way/1388998553",
PK-w1392514623,parking,（名称なし）駐車場,36.4547672,138.8479762,WGS84,284,榛名山,日本二百名山|日本三百名山|関東百名山,,,,TH-n10132685217(58m),access=yes,provisional,40,公式情報または2情報源での確認が必要、名称なし,"OpenStreetMap（© OpenStreetMap contributors, ODbL 1.0）Geofabrik japan-latest.osm.pbf 2026-09-23T20:22:04Z way/1392514623",
PK-w1395583531,parking,（名称なし）駐車場,35.2751895,139.007579,WGS84,516 519,金時山、明神ヶ岳,日本三百名山|関東百名山,,,,TH-n1436527936(445m),fee=no; access=customers,provisional,40,公式情報または2情報源での確認が必要、名称なし、登山口から離れている（徒歩アプローチを要確認）,"OpenStreetMap（© OpenStreetMap contributors, ODbL 1.0）Geofabrik japan-latest.osm.pbf 2026-09-23T20:22:04Z way/1395583531",
PK-w1416141538,parking,（名称なし）駐車場,35.246107,139.0357745,WGS84,536,箱根山,日本三百名山|関東百名山,,,,TH-w496653546(40m),,provisional,40,公式情報または2情報源での確認が必要、名称なし,"OpenStreetMap（© OpenStreetMap contributors, ODbL 1.0）Geofabrik japan-latest.osm.pbf 2026-09-23T20:22:04Z way/1416141538",
PK-w1422426663,parking,（名称なし）駐車場,36.8062733,139.4218135,WGS84,243,日光白根山,日本百名山|日本二百名山|日本三百名山|関東百名山,,,,TH-n4096475623(278m),fee=no; access=yes,provisional,40,公式情報または2情報源での確認が必要、名称なし,"OpenStreetMap（© OpenStreetMap contributors, ODbL 1.0）Geofabrik japan-latest.osm.pbf 2026-09-23T20:22:04Z way/1422426663",
PK-w1422426665,parking,（名称なし）駐車場,36.8052049,139.421709,WGS84,243,日光白根山,日本百名山|日本二百名山|日本三百名山|関東百名山,,,,TH-n4096475623(196m),fee=no; access=customers,provisional,40,公式情報または2情報源での確認が必要、名称なし,"OpenStreetMap（© OpenStreetMap contributors, ODbL 1.0）Geofabrik japan-latest.osm.pbf 2026-09-23T20:22:04Z way/1422426665",
PK-w1422608872,parking,紫雲荘 駐車場,36.8066858,139.4249496,WGS84,243,日光白根山,日本百名山|日本二百名山|日本三百名山|関東百名山,,,,TH-w1422608873(63m),fee=no; access=customers,provisional,40,公式情報または2情報源での確認が必要,"OpenStreetMap（© OpenStreetMap contributors, ODbL 1.0）Geofabrik japan-latest.osm.pbf 2026-09-23T20:22:04Z way/1422608872",
PK-w1422608873,parking,山月 駐車場,36.8065042,139.424276,WGS84,243,日光白根山,日本百名山|日本二百名山|日本三百名山|関東百名山,,,,TH-w1422608873(0m),fee=no; access=customers,provisional,40,公式情報または2情報源での確認が必要,"OpenStreetMap（© OpenStreetMap contributors, ODbL 1.0）Geofabrik japan-latest.osm.pbf 2026-09-23T20:22:04Z way/1422608873",
PK-w1422608878,parking,ゆるり奥日光 駐車場,36.80651,139.4246306,WGS84,243,日光白根山,日本百名山|日本二百名山|日本三百名山|関東百名山,,,,TH-w1422608873(32m),fee=no; access=customers,provisional,40,公式情報または2情報源での確認が必要,"OpenStreetMap（© OpenStreetMap contributors, ODbL 1.0）Geofabrik japan-latest.osm.pbf 2026-09-23T20:22:04Z way/1422608878",
PK-w1424336979,parking,（名称なし）駐車場,36.0151059,139.1760719,WGS84,351,笠山,関東百名山,,,,TH-n7361660480(275m) TH-n13092026754(468m),access=customers; operator=白石キャンプ村,provisional,40,公式情報または2情報源での確認が必要、名称なし、登山口から離れている（徒歩アプローチを要確認）,"OpenStreetMap（© OpenStreetMap contributors, ODbL 1.0）Geofabrik japan-latest.osm.pbf 2026-09-23T20:22:04Z way/1424336979",
PK-w1425339025,parking,（名称なし）駐車場,36.4003804,138.6734404,WGS84,293,鼻曲山,関東百名山,,,,TH-n2035546213(153m),access=customers,provisional,40,公式情報または2情報源での確認が必要、名称なし,"OpenStreetMap（© OpenStreetMap contributors, ODbL 1.0）Geofabrik japan-latest.osm.pbf 2026-09-23T20:22:04Z way/1425339025",
PK-w1426216293,parking,庚申山登山口駐車場,36.6556089,139.40695,WGS84,259,皇海山,日本百名山|日本二百名山|日本三百名山|関東百名山,,,,TH-osm-w1426216293(0m),fee=no; access=yes; opening_hours=24/7,provisional,40,公式情報または2情報源での確認が必要,"OpenStreetMap（© OpenStreetMap contributors, ODbL 1.0）Geofabrik japan-latest.osm.pbf 2026-09-23T20:22:04Z way/1426216293",
PK-w1427021209,parking,（名称なし）駐車場,36.6676023,138.5227422,WGS84,262,横手山,日本三百名山,,,,TH-n3154320165(363m) TH-ksj-P11-22-20-bs1281(453m),,provisional,40,公式情報または2情報源での確認が必要、名称なし、登山口から離れている（徒歩アプローチを要確認）,"OpenStreetMap（© OpenStreetMap contributors, ODbL 1.0）Geofabrik japan-latest.osm.pbf 2026-09-23T20:22:04Z way/1427021209",
PK-w1429653792,parking,（名称なし）駐車場,35.5425316,139.1277944,WGS84,453 456 457 461,蛭ヶ岳、檜洞丸、丹沢山、塔ノ岳,関東百名山|日本百名山|日本二百名山|日本三百名山,,,,TH-kP11-22-14-bs2030(95m),,provisional,40,公式情報または2情報源での確認が必要、名称なし,"OpenStreetMap（© OpenStreetMap contributors, ODbL 1.0）Geofabrik japan-latest.osm.pbf 2026-09-23T20:22:04Z way/1429653792",
PK-w1434970550,parking,（名称なし）駐車場,36.3699004,139.4374801,WGS84,302,行道山,関東百名山,,,,TH-n2213740679(466m) TH-n8458050602(17m),access=yes,provisional,40,公式情報または2情報源での確認が必要、名称なし、登山口から離れている（徒歩アプローチを要確認）,"OpenStreetMap（© OpenStreetMap contributors, ODbL 1.0）Geofabrik japan-latest.osm.pbf 2026-09-23T20:22:04Z way/1434970550",
PK-w1434992232,parking,（名称なし）駐車場,36.3697255,139.4385184,WGS84,302,行道山,関東百名山,,,,TH-n2213740679(373m) TH-n8458050602(112m),access=customers,provisional,40,公式情報または2情報源での確認が必要、名称なし、登山口から離れている（徒歩アプローチを要確認）,"OpenStreetMap（© OpenStreetMap contributors, ODbL 1.0）Geofabrik japan-latest.osm.pbf 2026-09-23T20:22:04Z way/1434992232",
PK-w1449616583,parking,（名称なし）駐車場,35.9386851,139.1820654,WGS84,362,伊豆ヶ岳,関東百名山,,,,TH-w972438246(54m),,provisional,40,公式情報または2情報源での確認が必要、名称なし,"OpenStreetMap（© OpenStreetMap contributors, ODbL 1.0）Geofabrik japan-latest.osm.pbf 2026-09-23T20:22:04Z way/1449616583",
PK-w1450732385,parking,（名称なし）駐車場,35.5455985,139.1251355,WGS84,453 456 457 461,蛭ヶ岳、檜洞丸、丹沢山、塔ノ岳,関東百名山|日本百名山|日本二百名山|日本三百名山,,,,TH-n9570413360(344m),,provisional,40,公式情報または2情報源での確認が必要、名称なし、登山口から離れている（徒歩アプローチを要確認）,"OpenStreetMap（© OpenStreetMap contributors, ODbL 1.0）Geofabrik japan-latest.osm.pbf 2026-09-23T20:22:04Z way/1450732385",
PK-w1450732386,parking,（名称なし）駐車場,35.5447245,139.133173,WGS84,453 456 457 461,蛭ヶ岳、檜洞丸、丹沢山、塔ノ岳,関東百名山|日本百名山|日本二百名山|日本三百名山,,,,TH-n6417515914(442m),,provisional,40,公式情報または2情報源での確認が必要、名称なし、登山口から離れている（徒歩アプローチを要確認）,"OpenStreetMap（© OpenStreetMap contributors, ODbL 1.0）Geofabrik japan-latest.osm.pbf 2026-09-23T20:22:04Z way/1450732386",
PK-w1452810925,parking,（名称なし）駐車場,35.630941,139.2657355,WGS84,416 422,陣馬山、高尾山,関東百名山,,,,TH-w1426472128(104m) TH-w1426472158(455m),,provisional,40,公式情報または2情報源での確認が必要、名称なし、登山口から離れている（徒歩アプローチを要確認）,"OpenStreetMap（© OpenStreetMap contributors, ODbL 1.0）Geofabrik japan-latest.osm.pbf 2026-09-23T20:22:04Z way/1452810925",
PK-w1454073927,parking,（名称なし）駐車場,35.4240871,139.2488698,WGS84,465,大山,日本三百名山|関東百名山,,,,TH-w1175012984(60m),fee=yes; access=yes,provisional,40,公式情報または2情報源での確認が必要、名称なし,"OpenStreetMap（© OpenStreetMap contributors, ODbL 1.0）Geofabrik japan-latest.osm.pbf 2026-09-23T20:22:04Z way/1454073927",
PK-w1456627918,parking,西丹沢大滝キャンプ場専用駐車場,35.4555308,139.0524363,WGS84,443 456,大室山、檜洞丸,関東百名山,,,,TH-w1456627918(0m),access=customers,provisional,40,公式情報または2情報源での確認が必要,"OpenStreetMap（© OpenStreetMap contributors, ODbL 1.0）Geofabrik japan-latest.osm.pbf 2026-09-23T20:22:04Z way/1456627918",
PK-w1459216232,parking,第1駐車場,35.4476644,139.2911567,WGS84,465,大山,日本三百名山|関東百名山,,,,TH-w1459216234(71m),fee=no; access=customers,provisional,40,公式情報または2情報源での確認が必要,"OpenStreetMap（© OpenStreetMap contributors, ODbL 1.0）Geofabrik japan-latest.osm.pbf 2026-09-23T20:22:04Z way/1459216232",
PK-w1459216233,parking,第2駐車場,35.447285,139.2914086,WGS84,465,大山,日本三百名山|関東百名山,,,,TH-w1459216234(46m),fee=no; access=customers,provisional,40,公式情報または2情報源での確認が必要,"OpenStreetMap（© OpenStreetMap contributors, ODbL 1.0）Geofabrik japan-latest.osm.pbf 2026-09-23T20:22:04Z way/1459216233",
PK-w1459216234,parking,第3駐車場,35.4470362,139.2909975,WGS84,465,大山,日本三百名山|関東百名山,,,,TH-w1459216234(0m),fee=no; access=customers,provisional,40,公式情報または2情報源での確認が必要,"OpenStreetMap（© OpenStreetMap contributors, ODbL 1.0）Geofabrik japan-latest.osm.pbf 2026-09-23T20:22:04Z way/1459216234",
PK-w1464077909,parking,（名称なし）駐車場,35.9260945,138.9304942,WGS84,363 377 379,妙法ヶ岳、雲取山、飛龍山,関東百名山|日本百名山|日本二百名山|日本三百名山,,,,TH-n1516511173(495m),fee=no; access=private,provisional,40,公式情報または2情報源での確認が必要、名称なし、登山口から離れている（徒歩アプローチを要確認）,"OpenStreetMap（© OpenStreetMap contributors, ODbL 1.0）Geofabrik japan-latest.osm.pbf 2026-09-23T20:22:04Z way/1464077909",
PK-w1481993948,parking,秋川モアパーキングⅡ,35.7257631,139.2174357,WGS84,413,生藤山,関東百名山,,,,TH-w1481993948(0m),,provisional,40,公式情報または2情報源での確認が必要,"OpenStreetMap（© OpenStreetMap contributors, ODbL 1.0）Geofabrik japan-latest.osm.pbf 2026-09-23T20:22:04Z way/1481993948",
PK-w1488750560,parking,（名称なし）駐車場,35.3377612,139.5731239,WGS84,503,天園,関東百名山,,,,TH-n1791311832(145m),,provisional,40,公式情報または2情報源での確認が必要、名称なし,"OpenStreetMap（© OpenStreetMap contributors, ODbL 1.0）Geofabrik japan-latest.osm.pbf 2026-09-23T20:22:04Z way/1488750560",
PK-w1488750561,parking,（名称なし）駐車場,35.3374296,139.5730415,WGS84,503,天園,関東百名山,,,,TH-n1791311832(133m),,provisional,40,公式情報または2情報源での確認が必要、名称なし,"OpenStreetMap（© OpenStreetMap contributors, ODbL 1.0）Geofabrik japan-latest.osm.pbf 2026-09-23T20:22:04Z way/1488750561",
PK-w1492119812,parking,（名称なし）駐車場,35.4251141,139.2473302,WGS84,465,大山,日本三百名山|関東百名山,,,,TH-w1175012984(164m) TH-w1486752465(469m),access=customers,provisional,40,公式情報または2情報源での確認が必要、名称なし、登山口から離れている（徒歩アプローチを要確認）,"OpenStreetMap（© OpenStreetMap contributors, ODbL 1.0）Geofabrik japan-latest.osm.pbf 2026-09-23T20:22:04Z way/1492119812",
PK-w1497216519,parking,臨時駐車場,35.2548758,139.6180034,WGS84,529,大楠山,関東百名山,,,,TH-n3309420781(438m),,provisional,40,公式情報または2情報源での確認が必要、登山口から離れている（徒歩アプローチを要確認）,"OpenStreetMap（© OpenStreetMap contributors, ODbL 1.0）Geofabrik japan-latest.osm.pbf 2026-09-23T20:22:04Z way/1497216519",
PK-w152827871,parking,（名称なし）駐車場,35.8052318,139.1758487,WGS84,376 381,棒ノ嶺、岩茸石山,関東百名山,,,,TH-n8415403962(223m),access=customers; operator=奥多摩フィッシングセンター,provisional,40,公式情報または2情報源での確認が必要、名称なし,"OpenStreetMap（© OpenStreetMap contributors, ODbL 1.0）Geofabrik japan-latest.osm.pbf 2026-09-23T20:22:04Z way/152827871",
PK-w1530948591,parking,（名称なし）駐車場,36.6085108,139.309331,WGS84,259 266,皇海山、袈裟丸山,日本百名山|日本二百名山|日本三百名山|関東百名山,,,,TH-n1514615667(9m),capacity=10; access=yes,provisional,40,公式情報または2情報源での確認が必要、名称なし,"OpenStreetMap（© OpenStreetMap contributors, ODbL 1.0）Geofabrik japan-latest.osm.pbf 2026-09-23T20:22:04Z way/1530948591",
PK-w1531292701,parking,（名称なし）駐車場,36.6019031,139.3409435,WGS84,259 266,皇海山、袈裟丸山,日本百名山|日本二百名山|日本三百名山|関東百名山,,,,TH-n7194641553(15m),capacity=15; access=yes,provisional,40,公式情報または2情報源での確認が必要、名称なし,"OpenStreetMap（© OpenStreetMap contributors, ODbL 1.0）Geofabrik japan-latest.osm.pbf 2026-09-23T20:22:04Z way/1531292701",
PK-w1531292712,parking,（名称なし）駐車場,36.5919297,139.3483834,WGS84,259 266,皇海山、袈裟丸山,日本百名山|日本二百名山|日本三百名山|関東百名山,,,,TH-n4091930874(40m),access=permissive,provisional,40,公式情報または2情報源での確認が必要、名称なし,"OpenStreetMap（© OpenStreetMap contributors, ODbL 1.0）Geofabrik japan-latest.osm.pbf 2026-09-23T20:22:04Z way/1531292712",
PK-w1536036805,parking,（名称なし）駐車場,36.796035,139.455586,WGS84,237,太郎山,日本三百名山|関東百名山,,,,TH-w1539045487(109m) TH-n14014559291(196m) TH-n14014559337(409m),access=customers,provisional,40,公式情報または2情報源での確認が必要、名称なし、登山口から離れている（徒歩アプローチを要確認）,"OpenStreetMap（© OpenStreetMap contributors, ODbL 1.0）Geofabrik japan-latest.osm.pbf 2026-09-23T20:22:04Z way/1536036805",
PK-w1539045487,parking,光徳駐車場,36.7964475,139.4544789,WGS84,237,太郎山,日本三百名山|関東百名山,,,,TH-w1539045487(0m) TH-n14014559291(304m) TH-n14014559337(405m),access=private,provisional,40,公式情報または2情報源での確認が必要、登山口から離れている（徒歩アプローチを要確認）,"OpenStreetMap（© OpenStreetMap contributors, ODbL 1.0）Geofabrik japan-latest.osm.pbf 2026-09-23T20:22:04Z way/1539045487",
PK-w1540156926,parking,タイムズ,36.3693326,138.6565937,WGS84,293,鼻曲山,関東百名山,,,,TH-w1540156927(67m),fee=yes; capacity=5; access=yes; operator=タイムズ24,provisional,40,公式情報または2情報源での確認が必要,"OpenStreetMap（© OpenStreetMap contributors, ODbL 1.0）Geofabrik japan-latest.osm.pbf 2026-09-23T20:22:04Z way/1540156926",
PK-w1540156927,parking,タイムズ,36.3699033,138.6568316,WGS84,293,鼻曲山,関東百名山,,,,TH-w1540156927(0m),fee=yes; capacity=25; access=yes; operator=タイムズ24,provisional,40,公式情報または2情報源での確認が必要,"OpenStreetMap（© OpenStreetMap contributors, ODbL 1.0）Geofabrik japan-latest.osm.pbf 2026-09-23T20:22:04Z way/1540156927",
PK-w1554438713,parking,（名称なし）駐車場,36.6679147,138.5138568,WGS84,262,横手山,日本三百名山,,,,TH-ksj-P11-22-20-bs1281(499m),access=permissive,provisional,40,公式情報または2情報源での確認が必要、名称なし、登山口から離れている（徒歩アプローチを要確認）,"OpenStreetMap（© OpenStreetMap contributors, ODbL 1.0）Geofabrik japan-latest.osm.pbf 2026-09-23T20:22:04Z way/1554438713",
PK-w1558278669,parking,（名称なし）駐車場,35.5414032,139.1268944,WGS84,453 456 457 461,蛭ヶ岳、檜洞丸、丹沢山、塔ノ岳,関東百名山|日本百名山|日本二百名山|日本三百名山,,,,TH-n9570413360(329m),,provisional,40,公式情報または2情報源での確認が必要、名称なし、登山口から離れている（徒歩アプローチを要確認）,"OpenStreetMap（© OpenStreetMap contributors, ODbL 1.0）Geofabrik japan-latest.osm.pbf 2026-09-23T20:22:04Z way/1558278669",
PK-w1558280290,parking,（名称なし）駐車場,35.5440628,139.1284919,WGS84,453 456 457 461,蛭ヶ岳、檜洞丸、丹沢山、塔ノ岳,関東百名山|日本百名山|日本二百名山|日本三百名山,,,,TH-kP11-22-14-bs2030(93m),,provisional,40,公式情報または2情報源での確認が必要、名称なし,"OpenStreetMap（© OpenStreetMap contributors, ODbL 1.0）Geofabrik japan-latest.osm.pbf 2026-09-23T20:22:04Z way/1558280290",
PK-w167757604,parking,（名称なし）駐車場,35.3371586,139.5740606,WGS84,503,天園,関東百名山,,,,TH-n1791311832(37m),,provisional,40,公式情報または2情報源での確認が必要、名称なし,"OpenStreetMap（© OpenStreetMap contributors, ODbL 1.0）Geofabrik japan-latest.osm.pbf 2026-09-23T20:22:04Z way/167757604",
PK-w167804752,parking,（名称なし）駐車場,36.2976157,138.7659204,WGS84,316,妙義山,日本二百名山|日本三百名山|関東百名山,,,,TH-n2065580749(406m),,provisional,40,公式情報または2情報源での確認が必要、名称なし、登山口から離れている（徒歩アプローチを要確認）,"OpenStreetMap（© OpenStreetMap contributors, ODbL 1.0）Geofabrik japan-latest.osm.pbf 2026-09-23T20:22:04Z way/167804752",
PK-w167808683,parking,（名称なし）駐車場,36.2821307,138.7391681,WGS84,316,妙義山,日本二百名山|日本三百名山|関東百名山,,,,TH-n1413439230(390m),,provisional,40,公式情報または2情報源での確認が必要、名称なし、登山口から離れている（徒歩アプローチを要確認）,"OpenStreetMap（© OpenStreetMap contributors, ODbL 1.0）Geofabrik japan-latest.osm.pbf 2026-09-23T20:22:04Z way/167808683",
PK-w168436905,parking,（名称なし）駐車場,35.5040015,138.9903943,WGS84,443,大室山,関東百名山,,,,TH-n3076659834(280m),operator=道の駅 どうし,provisional,40,公式情報または2情報源での確認が必要、名称なし,"OpenStreetMap（© OpenStreetMap contributors, ODbL 1.0）Geofabrik japan-latest.osm.pbf 2026-09-23T20:22:04Z way/168436905",
PK-w184711716,parking,三峰山駐車場,35.9214399,138.9329544,WGS84,363 377 379,妙法ヶ岳、雲取山、飛龍山,関東百名山|日本百名山|日本二百名山|日本三百名山,,,,TH-n1516511173(99m),fee=yes; access=customers,provisional,40,公式情報または2情報源での確認が必要,"OpenStreetMap（© OpenStreetMap contributors, ODbL 1.0）Geofabrik japan-latest.osm.pbf 2026-09-23T20:22:04Z way/184711716",
PK-w187142136,parking,（名称なし）駐車場,35.7213544,139.2314895,WGS84,413,生藤山,関東百名山,,,,TH-n7832874952(183m) TH-kP11-22-13-bs4237(190m),,provisional,40,公式情報または2情報源での確認が必要、名称なし,"OpenStreetMap（© OpenStreetMap contributors, ODbL 1.0）Geofabrik japan-latest.osm.pbf 2026-09-23T20:22:04Z way/187142136",
PK-w187760457,parking,（名称なし）駐車場,35.937761,138.8495399,WGS84,375,笠取山,関東百名山,,,,TH-n1516528135(275m),,provisional,40,公式情報または2情報源での確認が必要、名称なし,"OpenStreetMap（© OpenStreetMap contributors, ODbL 1.0）Geofabrik japan-latest.osm.pbf 2026-09-23T20:22:04Z way/187760457",
PK-w216169463,parking,（名称なし）駐車場,35.3534505,139.6025543,WGS84,503,天園,関東百名山,,,,TH-n3577095649(391m),access=destination,provisional,40,公式情報または2情報源での確認が必要、名称なし、登山口から離れている（徒歩アプローチを要確認）,"OpenStreetMap（© OpenStreetMap contributors, ODbL 1.0）Geofabrik japan-latest.osm.pbf 2026-09-23T20:22:04Z way/216169463",
PK-w216497335,parking,（名称なし）駐車場,35.633443,139.2705394,WGS84,416 422,陣馬山、高尾山,関東百名山,,,,TH-w1426472128(421m) TH-n5716697592(138m),,provisional,40,公式情報または2情報源での確認が必要、名称なし、登山口から離れている（徒歩アプローチを要確認）,"OpenStreetMap（© OpenStreetMap contributors, ODbL 1.0）Geofabrik japan-latest.osm.pbf 2026-09-23T20:22:04Z way/216497335",
PK-w216497337,parking,臨時駐車場,35.6361535,139.2701389,WGS84,422,高尾山,関東百名山,,,,TH-n12247731401(0m),,provisional,40,公式情報または2情報源での確認が必要,"OpenStreetMap（© OpenStreetMap contributors, ODbL 1.0）Geofabrik japan-latest.osm.pbf 2026-09-23T20:22:04Z way/216497337",
PK-w216497338,parking,（名称なし）駐車場,35.6359087,139.2706632,WGS84,422,高尾山,関東百名山,,,,TH-n12247731401(55m),,provisional,40,公式情報または2情報源での確認が必要、名称なし,"OpenStreetMap（© OpenStreetMap contributors, ODbL 1.0）Geofabrik japan-latest.osm.pbf 2026-09-23T20:22:04Z way/216497338",
PK-w219492799,parking,（名称なし）駐車場,35.7210445,139.2339928,WGS84,413,生藤山,関東百名山,,,,TH-n7832874952(225m) TH-kP11-22-13-bs4237(195m),access=private,provisional,40,公式情報または2情報源での確認が必要、名称なし,"OpenStreetMap（© OpenStreetMap contributors, ODbL 1.0）Geofabrik japan-latest.osm.pbf 2026-09-23T20:22:04Z way/219492799",
PK-w219931594,parking,（名称なし）駐車場,35.7209066,139.2325886,WGS84,413,生藤山,関東百名山,,,,TH-n7832874952(135m) TH-kP11-22-13-bs4237(189m),,provisional,40,公式情報または2情報源での確認が必要、名称なし,"OpenStreetMap（© OpenStreetMap contributors, ODbL 1.0）Geofabrik japan-latest.osm.pbf 2026-09-23T20:22:04Z way/219931594",
PK-w223558007,parking,法妙寺駐車場,35.6674473,139.2634168,WGS84,416,陣馬山,関東百名山,,,,TH-w223583522(22m),,provisional,40,公式情報または2情報源での確認が必要,"OpenStreetMap（© OpenStreetMap contributors, ODbL 1.0）Geofabrik japan-latest.osm.pbf 2026-09-23T20:22:04Z way/223558007",
PK-w223583522,parking,稱讃寺駐車場,35.6674062,139.2636519,WGS84,416,陣馬山,関東百名山,,,,TH-w223583522(0m),,provisional,40,公式情報または2情報源での確認が必要,"OpenStreetMap（© OpenStreetMap contributors, ODbL 1.0）Geofabrik japan-latest.osm.pbf 2026-09-23T20:22:04Z way/223583522",
PK-w224865400,parking,（名称なし）駐車場,35.7921417,139.0471498,WGS84,382,鷹ノ巣山,関東百名山,,,,TH-n5078550504(416m),,provisional,40,公式情報または2情報源での確認が必要、名称なし、登山口から離れている（徒歩アプローチを要確認）,"OpenStreetMap（© OpenStreetMap contributors, ODbL 1.0）Geofabrik japan-latest.osm.pbf 2026-09-23T20:22:04Z way/224865400",
PK-w232293364,parking,十里木駐車場,35.7279159,139.1902765,WGS84,387 394 396 413,御岳山、御前山、大岳山、生藤山,関東百名山|日本二百名山|日本三百名山,,,,TH-n3053063744(162m),operator=東京都奥多摩自然公園管理センター,provisional,40,公式情報または2情報源での確認が必要,"OpenStreetMap（© OpenStreetMap contributors, ODbL 1.0）Geofabrik japan-latest.osm.pbf 2026-09-23T20:22:04Z way/232293364",
PK-w235476608,parking,白丸ダム駐車場,35.8115113,139.1232542,WGS84,376 378 387,棒ノ嶺、川苔山、御岳山,関東百名山,,,,TH-n4916080533(392m) TH-n13745210606(455m),fee=no; access=customers,provisional,40,公式情報または2情報源での確認が必要、登山口から離れている（徒歩アプローチを要確認）,"OpenStreetMap（© OpenStreetMap contributors, ODbL 1.0）Geofabrik japan-latest.osm.pbf 2026-09-23T20:22:04Z way/235476608",
PK-w236177750,parking,（名称なし）駐車場,35.8150757,139.1278334,WGS84,376 378 387,棒ノ嶺、川苔山、御岳山,関東百名山,,,,TH-n4916080533(207m) TH-n3879515013(203m) TH-n13745210606(170m),,provisional,40,公式情報または2情報源での確認が必要、名称なし,"OpenStreetMap（© OpenStreetMap contributors, ODbL 1.0）Geofabrik japan-latest.osm.pbf 2026-09-23T20:22:04Z way/236177750",
PK-w236177752,parking,寒山寺駐車場,35.8027422,139.1948927,WGS84,376 378 381,棒ノ嶺、川苔山、岩茸石山,関東百名山,,,,TH-w972330066(390m) TH-w236177752(0m),,provisional,40,公式情報または2情報源での確認が必要、登山口から離れている（徒歩アプローチを要確認）,"OpenStreetMap（© OpenStreetMap contributors, ODbL 1.0）Geofabrik japan-latest.osm.pbf 2026-09-23T20:22:04Z way/236177752",
PK-w242819636,parking,（名称なし）駐車場,35.9521591,138.9358162,WGS84,356,秩父御岳山,関東百名山,,,,TH-kP11-22-11-bs4019(295m),fee=no,provisional,40,公式情報または2情報源での確認が必要、名称なし,"OpenStreetMap（© OpenStreetMap contributors, ODbL 1.0）Geofabrik japan-latest.osm.pbf 2026-09-23T20:22:04Z way/242819636",
PK-w242819638,parking,（名称なし）駐車場,35.9518248,138.9359433,WGS84,356,秩父御岳山,関東百名山,,,,TH-kP11-22-11-bs4019(297m),fee=no,provisional,40,公式情報または2情報源での確認が必要、名称なし,"OpenStreetMap（© OpenStreetMap contributors, ODbL 1.0）Geofabrik japan-latest.osm.pbf 2026-09-23T20:22:04Z way/242819638",
PK-w242820512,parking,（名称なし）駐車場,35.9658241,138.9782338,WGS84,356,秩父御岳山,関東百名山,,,,TH-n1998654930(307m),,provisional,40,公式情報または2情報源での確認が必要、名称なし、登山口から離れている（徒歩アプローチを要確認）,"OpenStreetMap（© OpenStreetMap contributors, ODbL 1.0）Geofabrik japan-latest.osm.pbf 2026-09-23T20:22:04Z way/242820512",
PK-w243659982,parking,三ツ合鍾乳洞駐車場,35.7554295,139.1717817,WGS84,387 396,御岳山、大岳山,関東百名山|日本二百名山|日本三百名山,,,,TH-n6484951786(424m) TH-ksj-P11-22-13-bs1946(413m),,provisional,40,公式情報または2情報源での確認が必要、登山口から離れている（徒歩アプローチを要確認）,"OpenStreetMap（© OpenStreetMap contributors, ODbL 1.0）Geofabrik japan-latest.osm.pbf 2026-09-23T20:22:04Z way/243659982",
PK-w244504668,parking,滝本駅駐車場,35.7962713,139.1616104,WGS84,376 381 396 387,棒ノ嶺、岩茸石山、大岳山、御岳山,関東百名山|日本二百名山|日本三百名山,,,,TH-w661124073(51m) TH-n722188489(38m),fee=yes,provisional,40,公式情報または2情報源での確認が必要,"OpenStreetMap（© OpenStreetMap contributors, ODbL 1.0）Geofabrik japan-latest.osm.pbf 2026-09-23T20:22:04Z way/244504668",
PK-w245389995,parking,（名称なし）駐車場,36.5410195,139.1929383,WGS84,275,赤城山,日本百名山|日本二百名山|日本三百名山|関東百名山,,,,TH-n11309397337(35m),fee=no; access=yes,provisional,40,公式情報または2情報源での確認が必要、名称なし,"OpenStreetMap（© OpenStreetMap contributors, ODbL 1.0）Geofabrik japan-latest.osm.pbf 2026-09-23T20:22:04Z way/245389995",
PK-w245474595,parking,（名称なし）駐車場,36.8662513,138.8760245,WGS84,229 234,朝日岳、谷川岳,日本三百名山|関東百名山|日本百名山|日本二百名山|甲信越百名山,,,,TH-n6360068823(20m),,provisional,40,公式情報または2情報源での確認が必要、名称なし,"OpenStreetMap（© OpenStreetMap contributors, ODbL 1.0）Geofabrik japan-latest.osm.pbf 2026-09-23T20:22:04Z way/245474595",
PK-w250927800,parking,（名称なし）駐車場,35.5482525,139.1356149,WGS84,453 456 457 461,蛭ヶ岳、檜洞丸、丹沢山、塔ノ岳,関東百名山|日本百名山|日本二百名山|日本三百名山,,,,TH-n6417515914(19m),,provisional,40,公式情報または2情報源での確認が必要、名称なし,"OpenStreetMap（© OpenStreetMap contributors, ODbL 1.0）Geofabrik japan-latest.osm.pbf 2026-09-23T20:22:04Z way/250927800",
PK-w252398431,parking,大岳鍾乳洞駐車場,35.7622955,139.1559435,WGS84,387 394 396,御岳山、御前山、大岳山,関東百名山|日本二百名山|日本三百名山,,,,TH-w252398431(0m),,provisional,40,公式情報または2情報源での確認が必要,"OpenStreetMap（© OpenStreetMap contributors, ODbL 1.0）Geofabrik japan-latest.osm.pbf 2026-09-23T20:22:04Z way/252398431",
PK-w252837814,parking,（名称なし）駐車場,36.6283087,138.5633762,WGS84,264,草津白根山,日本百名山|日本二百名山|日本三百名山|関東百名山,,,,TH-n346613090(256m),,provisional,40,公式情報または2情報源での確認が必要、名称なし,"OpenStreetMap（© OpenStreetMap contributors, ODbL 1.0）Geofabrik japan-latest.osm.pbf 2026-09-23T20:22:04Z way/252837814",
PK-w256113556,parking,P-1D,35.6031812,139.1998171,WGS84,430,石老山,関東百名山,,,,TH-w1126412466(176m),access=customers,provisional,40,公式情報または2情報源での確認が必要,"OpenStreetMap（© OpenStreetMap contributors, ODbL 1.0）Geofabrik japan-latest.osm.pbf 2026-09-23T20:22:04Z way/256113556",
PK-w256128642,parking,参拝者専用第1駐車場,35.4402063,139.2745533,WGS84,465,大山,日本三百名山|関東百名山,,,,TH-n12811308676(89m),access=customers; operator=日向薬師 宝城坊,provisional,40,公式情報または2情報源での確認が必要,"OpenStreetMap（© OpenStreetMap contributors, ODbL 1.0）Geofabrik japan-latest.osm.pbf 2026-09-23T20:22:04Z way/256128642",
PK-w258901933,parking,八王子城跡駐車場,35.6554205,139.2606604,WGS84,416 422,陣馬山、高尾山,関東百名山,,,,TH-w258901933(0m),fee=no; capacity=50; opening_hours=08:30-17:00,provisional,40,公式情報または2情報源での確認が必要,"OpenStreetMap（© OpenStreetMap contributors, ODbL 1.0）Geofabrik japan-latest.osm.pbf 2026-09-23T20:22:04Z way/258901933",
PK-w264435066,parking,（名称なし）駐車場,35.7378079,139.0313781,WGS84,399,三頭山,日本三百名山|関東百名山,,,,TH-n5074855819(295m),,provisional,40,公式情報または2情報源での確認が必要、名称なし,"OpenStreetMap（© OpenStreetMap contributors, ODbL 1.0）Geofabrik japan-latest.osm.pbf 2026-09-23T20:22:04Z way/264435066",
PK-w265142404,parking,（名称なし）駐車場,35.4140676,139.0434134,WGS84,443,大室山,関東百名山,,,,TH-n1512967297(421m),,provisional,40,公式情報または2情報源での確認が必要、名称なし、登山口から離れている（徒歩アプローチを要確認）,"OpenStreetMap（© OpenStreetMap contributors, ODbL 1.0）Geofabrik japan-latest.osm.pbf 2026-09-23T20:22:04Z way/265142404",
PK-w27249468,parking,（名称なし）駐車場,35.657509,139.1682958,WGS84,413,生藤山,関東百名山,,,,TH-n1457047556(125m),fee=yes,provisional,40,公式情報または2情報源での確認が必要、名称なし,"OpenStreetMap（© OpenStreetMap contributors, ODbL 1.0）Geofabrik japan-latest.osm.pbf 2026-09-23T20:22:04Z way/27249468",
PK-w27303125,parking,飯能市役所名栗支所駐車場,35.8822485,139.181353,WGS84,357 360 361,武甲山、武川岳、大持山,日本二百名山|日本三百名山|関東百名山,,,,TH-n2267956609(311m) TH-n7775766499(456m),,provisional,40,公式情報または2情報源での確認が必要、登山口から離れている（徒歩アプローチを要確認）,"OpenStreetMap（© OpenStreetMap contributors, ODbL 1.0）Geofabrik japan-latest.osm.pbf 2026-09-23T20:22:04Z way/27303125",
PK-w27303138,parking,飯能保険センター名栗支所駐車場,35.8839274,139.1820534,WGS84,357 360 361,武甲山、武川岳、大持山,日本二百名山|日本三百名山|関東百名山,,,,TH-n2267956609(461m),,provisional,40,公式情報または2情報源での確認が必要、登山口から離れている（徒歩アプローチを要確認）,"OpenStreetMap（© OpenStreetMap contributors, ODbL 1.0）Geofabrik japan-latest.osm.pbf 2026-09-23T20:22:04Z way/27303138",
PK-w273232071,parking,（名称なし）駐車場,35.3036422,139.0758416,WGS84,516 519,金時山、明神ヶ岳,日本三百名山|関東百名山,,,,TH-kP11-22-14-bs9485(293m) TH-n6591898477(107m),fee=no,provisional,40,公式情報または2情報源での確認が必要、名称なし,"OpenStreetMap（© OpenStreetMap contributors, ODbL 1.0）Geofabrik japan-latest.osm.pbf 2026-09-23T20:22:04Z way/273232071",
PK-w273232074,parking,（名称なし）駐車場,35.3040609,139.0757348,WGS84,516 519,金時山、明神ヶ岳,日本三百名山|関東百名山,,,,TH-kP11-22-14-bs9485(280m) TH-n6591898477(152m),fee=no,provisional,40,公式情報または2情報源での確認が必要、名称なし,"OpenStreetMap（© OpenStreetMap contributors, ODbL 1.0）Geofabrik japan-latest.osm.pbf 2026-09-23T20:22:04Z way/273232074",
PK-w27684202,parking,鋸山日本寺無料駐車場,35.1566098,139.834141,WGS84,561,鋸山,関東百名山,,,,TH-n304026277(15m) TH-n1387059258(354m),fee=no,provisional,40,公式情報または2情報源での確認が必要、登山口から離れている（徒歩アプローチを要確認）,"OpenStreetMap（© OpenStreetMap contributors, ODbL 1.0）Geofabrik japan-latest.osm.pbf 2026-09-23T20:22:04Z way/27684202",
PK-w279282189,parking,（名称なし）駐車場,35.8726694,139.1834949,WGS84,357 360 361 378,武甲山、武川岳、大持山、川苔山,日本二百名山|日本三百名山|関東百名山,,,,TH-n4869323163(66m),access=customers,provisional,40,公式情報または2情報源での確認が必要、名称なし,"OpenStreetMap（© OpenStreetMap contributors, ODbL 1.0）Geofabrik japan-latest.osm.pbf 2026-09-23T20:22:04Z way/279282189",
PK-w279282191,parking,さわらびの湯 第三駐車場,35.8720444,139.1825029,WGS84,357 360 361 378,武甲山、武川岳、大持山、川苔山,日本二百名山|日本三百名山|関東百名山,,,,TH-n4869323163(164m),fee=no; access=customers,provisional,40,公式情報または2情報源での確認が必要,"OpenStreetMap（© OpenStreetMap contributors, ODbL 1.0）Geofabrik japan-latest.osm.pbf 2026-09-23T20:22:04Z way/279282191",
PK-w289426369,parking,（名称なし）駐車場,35.6386151,139.2560116,WGS84,416 422,陣馬山、高尾山,関東百名山,,,,TH-n2963604824(156m),capacity=5,provisional,40,公式情報または2情報源での確認が必要、名称なし,"OpenStreetMap（© OpenStreetMap contributors, ODbL 1.0）Geofabrik japan-latest.osm.pbf 2026-09-23T20:22:04Z way/289426369",
PK-w292599079,parking,（名称なし）駐車場,36.5436635,139.1877558,WGS84,275,赤城山,日本百名山|日本二百名山|日本三百名山|関東百名山,,,,TH-n5873991456(68m),,provisional,40,公式情報または2情報源での確認が必要、名称なし,"OpenStreetMap（© OpenStreetMap contributors, ODbL 1.0）Geofabrik japan-latest.osm.pbf 2026-09-23T20:22:04Z way/292599079",
PK-w293959759,parking,（名称なし）駐車場,36.0050176,139.1903038,WGS84,351,笠山,関東百名山,,,,TH-n1407065342(256m),fee=no,provisional,40,公式情報または2情報源での確認が必要、名称なし,"OpenStreetMap（© OpenStreetMap contributors, ODbL 1.0）Geofabrik japan-latest.osm.pbf 2026-09-23T20:22:04Z way/293959759",
PK-w300060866,parking,（名称なし）駐車場,35.7275608,139.1860336,WGS84,387 394 396,御岳山、御前山、大岳山,関東百名山|日本二百名山|日本三百名山,,,,TH-n1789703595(35m),,provisional,40,公式情報または2情報源での確認が必要、名称なし,"OpenStreetMap（© OpenStreetMap contributors, ODbL 1.0）Geofabrik japan-latest.osm.pbf 2026-09-23T20:22:04Z way/300060866",
PK-w301200525,parking,駐輪場,35.7274742,139.1869445,WGS84,387 394 396 413,御岳山、御前山、大岳山、生藤山,関東百名山|日本二百名山|日本三百名山,,,,TH-n1789703595(53m) TH-n3053063744(350m),,provisional,40,公式情報または2情報源での確認が必要、登山口から離れている（徒歩アプローチを要確認）,"OpenStreetMap（© OpenStreetMap contributors, ODbL 1.0）Geofabrik japan-latest.osm.pbf 2026-09-23T20:22:04Z way/301200525",
PK-w301795290,parking,（名称なし）駐車場,35.7802803,139.1920655,WGS84,376 381,棒ノ嶺、岩茸石山,関東百名山,,,,TH-n6417446634(19m),,provisional,40,公式情報または2情報源での確認が必要、名称なし,"OpenStreetMap（© OpenStreetMap contributors, ODbL 1.0）Geofabrik japan-latest.osm.pbf 2026-09-23T20:22:04Z way/301795290",
PK-w301795297,parking,つるつる温泉駐車場 第三,35.7793353,139.1925846,WGS84,376 381,棒ノ嶺、岩茸石山,関東百名山,,,,TH-n6417446634(108m),,provisional,40,公式情報または2情報源での確認が必要,"OpenStreetMap（© OpenStreetMap contributors, ODbL 1.0）Geofabrik japan-latest.osm.pbf 2026-09-23T20:22:04Z way/301795297",
PK-w304745979,parking,風張峠駐車場,35.7468573,139.0419485,WGS84,399,三頭山,日本三百名山|関東百名山,,,,TH-n1401027949(79m),,provisional,40,公式情報または2情報源での確認が必要,"OpenStreetMap（© OpenStreetMap contributors, ODbL 1.0）Geofabrik japan-latest.osm.pbf 2026-09-23T20:22:04Z way/304745979",
PK-w305657806,parking,障害者用駐車場,35.6556226,139.2614495,WGS84,416 422,陣馬山、高尾山,関東百名山,,,,TH-w258901933(75m),,provisional,40,公式情報または2情報源での確認が必要,"OpenStreetMap（© OpenStreetMap contributors, ODbL 1.0）Geofabrik japan-latest.osm.pbf 2026-09-23T20:22:04Z way/305657806",
PK-w307093906,parking,（名称なし）駐車場,35.4281522,139.2191701,WGS84,453 457 461 465 456,蛭ヶ岳、丹沢山、塔ノ岳、大山、檜洞丸,関東百名山|日本百名山|日本二百名山|日本三百名山,,,,TH-kP11-22-14-bs5769(27m),fee=no,provisional,40,公式情報または2情報源での確認が必要、名称なし,"OpenStreetMap（© OpenStreetMap contributors, ODbL 1.0）Geofabrik japan-latest.osm.pbf 2026-09-23T20:22:04Z way/307093906",
PK-w307464100,parking,（名称なし）駐車場,35.641224,139.2417681,WGS84,416 422,陣馬山、高尾山,関東百名山,,,,TH-n2963687484(193m),,provisional,40,公式情報または2情報源での確認が必要、名称なし,"OpenStreetMap（© OpenStreetMap contributors, ODbL 1.0）Geofabrik japan-latest.osm.pbf 2026-09-23T20:22:04Z way/307464100",
PK-w313201230,parking,（名称なし）駐車場,35.5244543,139.2232144,WGS84,453 457 461,蛭ヶ岳、丹沢山、塔ノ岳,関東百名山|日本百名山|日本二百名山|日本三百名山,,,,TH-n1447654825(238m),,provisional,40,公式情報または2情報源での確認が必要、名称なし,"OpenStreetMap（© OpenStreetMap contributors, ODbL 1.0）Geofabrik japan-latest.osm.pbf 2026-09-23T20:22:04Z way/313201230",
PK-w351431177,parking,（名称なし）駐車場,35.2829395,138.9830618,WGS84,516 519,金時山、明神ヶ岳,日本三百名山|関東百名山,,,,TH-kP11-22-22-bs486(26m),fee=no; capacity=10; access=customers,provisional,40,公式情報または2情報源での確認が必要、名称なし,"OpenStreetMap（© OpenStreetMap contributors, ODbL 1.0）Geofabrik japan-latest.osm.pbf 2026-09-23T20:22:04Z way/351431177",
PK-w351441256,parking,（名称なし）駐車場,35.1581573,139.8301931,WGS84,561,鋸山,関東百名山,,,,TH-n760291651(138m) TH-n304026277(383m) TH-n1387059783(444m),fee=no,provisional,40,公式情報または2情報源での確認が必要、名称なし、登山口から離れている（徒歩アプローチを要確認）,"OpenStreetMap（© OpenStreetMap contributors, ODbL 1.0）Geofabrik japan-latest.osm.pbf 2026-09-23T20:22:04Z way/351441256",
PK-w351441257,parking,（名称なし）駐車場,35.1568962,139.8302717,WGS84,561,鋸山,関東百名山,,,,TH-n760291651(208m) TH-n304026277(341m) TH-n1387059258(419m) TH-n1387059783(405m),fee=no,provisional,40,公式情報または2情報源での確認が必要、名称なし、登山口から離れている（徒歩アプローチを要確認）,"OpenStreetMap（© OpenStreetMap contributors, ODbL 1.0）Geofabrik japan-latest.osm.pbf 2026-09-23T20:22:04Z way/351441257",
PK-w356703296,parking,（名称なし）駐車場,35.2502913,139.6441755,WGS84,529,大楠山,関東百名山,,,,TH-n11647352407(330m),,provisional,40,公式情報または2情報源での確認が必要、名称なし、登山口から離れている（徒歩アプローチを要確認）,"OpenStreetMap（© OpenStreetMap contributors, ODbL 1.0）Geofabrik japan-latest.osm.pbf 2026-09-23T20:22:04Z way/356703296",
PK-w367415547,parking,（名称なし）駐車場,35.4716917,139.0628876,WGS84,443 456,大室山、檜洞丸,関東百名山,,,,TH-kP11-22-14-bs4379(9m) TH-n1512982177(485m),,provisional,40,公式情報または2情報源での確認が必要、名称なし、登山口から離れている（徒歩アプローチを要確認）,"OpenStreetMap（© OpenStreetMap contributors, ODbL 1.0）Geofabrik japan-latest.osm.pbf 2026-09-23T20:22:04Z way/367415547",
PK-w373903560,parking,留浦駐車場,35.7784906,138.9893604,WGS84,377 382,雲取山、鷹ノ巣山,日本百名山|日本二百名山|日本三百名山|関東百名山,,,,TH-n1593226791(179m) TH-osm-n2337907511(466m),,provisional,40,公式情報または2情報源での確認が必要、登山口から離れている（徒歩アプローチを要確認）,"OpenStreetMap（© OpenStreetMap contributors, ODbL 1.0）Geofabrik japan-latest.osm.pbf 2026-09-23T20:22:04Z way/373903560",
PK-w376620053,parking,（名称なし）駐車場,35.5228863,139.2242249,WGS84,453 457 461,蛭ヶ岳、丹沢山、塔ノ岳,関東百名山|日本百名山|日本二百名山|日本三百名山,,,,TH-n1447654825(42m),fee=yes,provisional,40,公式情報または2情報源での確認が必要、名称なし,"OpenStreetMap（© OpenStreetMap contributors, ODbL 1.0）Geofabrik japan-latest.osm.pbf 2026-09-23T20:22:04Z way/376620053",
PK-w37858843,parking,大型車用駐車場,35.8858003,139.3111365,WGS84,368,日和田山,関東百名山,,,,TH-n13620100981(383m),,provisional,40,公式情報または2情報源での確認が必要、登山口から離れている（徒歩アプローチを要確認）,"OpenStreetMap（© OpenStreetMap contributors, ODbL 1.0）Geofabrik japan-latest.osm.pbf 2026-09-23T20:22:04Z way/37858843",
PK-w380400814,parking,（名称なし）駐車場,36.309185,139.6323294,WGS84,312,三毳山,関東百名山,,,,TH-n2086512890(253m),,provisional,40,公式情報または2情報源での確認が必要、名称なし,"OpenStreetMap（© OpenStreetMap contributors, ODbL 1.0）Geofabrik japan-latest.osm.pbf 2026-09-23T20:22:04Z way/380400814",
PK-w388245396,parking,鳩待峠第一駐車場,36.8899868,139.2004321,WGS84,220 224 230,燧ヶ岳、至仏山、笠ヶ岳,日本百名山|日本二百名山|日本三百名山|東北百名山|関東百名山,,,,TH-n5312120311(18m),access=private,provisional,40,公式情報または2情報源での確認が必要,"OpenStreetMap（© OpenStreetMap contributors, ODbL 1.0）Geofabrik japan-latest.osm.pbf 2026-09-23T20:22:04Z way/388245396",
PK-w388245596,parking,鳩待峠休憩所第二駐車場,36.8887362,139.2008749,WGS84,220 224 230,燧ヶ岳、至仏山、笠ヶ岳,日本百名山|日本二百名山|日本三百名山|東北百名山|関東百名山,,,,TH-n5312120311(159m),fee=no,provisional,40,公式情報または2情報源での確認が必要,"OpenStreetMap（© OpenStreetMap contributors, ODbL 1.0）Geofabrik japan-latest.osm.pbf 2026-09-23T20:22:04Z way/388245596",
PK-w388556108,parking,（名称なし）駐車場,36.8064284,139.422442,WGS84,243,日光白根山,日本百名山|日本二百名山|日本三百名山|関東百名山,,,,TH-n4096475623(329m),fee=no; access=yes,provisional,40,公式情報または2情報源での確認が必要、名称なし、登山口から離れている（徒歩アプローチを要確認）,"OpenStreetMap（© OpenStreetMap contributors, ODbL 1.0）Geofabrik japan-latest.osm.pbf 2026-09-23T20:22:04Z way/388556108",
PK-w389223144,parking,（名称なし）駐車場,36.4529583,138.8480934,WGS84,284,榛名山,日本二百名山|日本三百名山|関東百名山,,,,TH-n10132685217(154m),,provisional,40,公式情報または2情報源での確認が必要、名称なし,"OpenStreetMap（© OpenStreetMap contributors, ODbL 1.0）Geofabrik japan-latest.osm.pbf 2026-09-23T20:22:04Z way/389223144",
PK-w389224705,parking,（名称なし）駐車場,36.4541828,138.8496288,WGS84,284,榛名山,日本二百名山|日本三百名山|関東百名山,,,,TH-n10132685217(117m),access=customers,provisional,40,公式情報または2情報源での確認が必要、名称なし,"OpenStreetMap（© OpenStreetMap contributors, ODbL 1.0）Geofabrik japan-latest.osm.pbf 2026-09-23T20:22:04Z way/389224705",
PK-w389811953,parking,登山者用駐車場,35.1006521,139.9178548,WGS84,580,伊予ヶ岳,関東百名山,,,,TH-w389811953(0m),fee=no,provisional,40,公式情報または2情報源での確認が必要,"OpenStreetMap（© OpenStreetMap contributors, ODbL 1.0）Geofabrik japan-latest.osm.pbf 2026-09-23T20:22:04Z way/389811953",
PK-w391370895,parking,（名称なし）駐車場,35.8053256,139.1024307,WGS84,387 394 396,御岳山、御前山、大岳山,関東百名山|日本二百名山|日本三百名山,,,,TH-n6690093272(5m),fee=no; access=customers,provisional,40,公式情報または2情報源での確認が必要、名称なし,"OpenStreetMap（© OpenStreetMap contributors, ODbL 1.0）Geofabrik japan-latest.osm.pbf 2026-09-23T20:22:04Z way/391370895",
PK-w396901282,parking,御岳交流センター駐車場,35.8016066,139.1848725,WGS84,376 381,棒ノ嶺、岩茸石山,関東百名山,,,,TH-n5063893777(0m),fee=yes; operator=御岳交流センター,provisional,40,公式情報または2情報源での確認が必要,"OpenStreetMap（© OpenStreetMap contributors, ODbL 1.0）Geofabrik japan-latest.osm.pbf 2026-09-23T20:22:04Z way/396901282",
PK-w40807885,parking,（名称なし）駐車場,35.5029886,138.9890301,WGS84,443,大室山,関東百名山,,,,TH-n3076659834(444m),operator=道の駅 どうし,provisional,40,公式情報または2情報源での確認が必要、名称なし、登山口から離れている（徒歩アプローチを要確認）,"OpenStreetMap（© OpenStreetMap contributors, ODbL 1.0）Geofabrik japan-latest.osm.pbf 2026-09-23T20:22:04Z way/40807885",
PK-w409526084,parking,（名称なし）駐車場,36.6535321,139.5260714,WGS84,265,古峰ヶ原,関東百名山,,,,TH-n1314854382(303m),,provisional,40,公式情報または2情報源での確認が必要、名称なし、登山口から離れている（徒歩アプローチを要確認）,"OpenStreetMap（© OpenStreetMap contributors, ODbL 1.0）Geofabrik japan-latest.osm.pbf 2026-09-23T20:22:04Z way/409526084",
PK-w412461990,parking,千ヶ滝駐車場,36.3817038,138.5764475,WGS84,295 296,浅間山、黒斑山,日本百名山|日本二百名山|日本三百名山|甲信越百名山|関東百名山,,,,TH-w412461990(0m),fee=no,provisional,40,公式情報または2情報源での確認が必要,"OpenStreetMap（© OpenStreetMap contributors, ODbL 1.0）Geofabrik japan-latest.osm.pbf 2026-09-23T20:22:04Z way/412461990",
PK-w413770942,parking,（名称なし）駐車場,36.2828263,138.7431612,WGS84,316,妙義山,日本二百名山|日本三百名山|関東百名山,,,,TH-n1413439230(328m),,provisional,40,公式情報または2情報源での確認が必要、名称なし、登山口から離れている（徒歩アプローチを要確認）,"OpenStreetMap（© OpenStreetMap contributors, ODbL 1.0）Geofabrik japan-latest.osm.pbf 2026-09-23T20:22:04Z way/413770942",
PK-w416446309,parking,金精峠登山口,36.8166622,139.3976887,WGS84,228 243,鬼怒沼山、日光白根山,関東百名山|日本百名山|日本二百名山|日本三百名山,,,,TH-n837934989(28m),,provisional,40,公式情報または2情報源での確認が必要,"OpenStreetMap（© OpenStreetMap contributors, ODbL 1.0）Geofabrik japan-latest.osm.pbf 2026-09-23T20:22:04Z way/416446309",
PK-w418008419,parking,（名称なし）駐車場,36.9207716,140.2735645,WGS84,221,八溝山,日本三百名山|関東百名山,,,,TH-n1270619330(234m),,provisional,40,公式情報または2情報源での確認が必要、名称なし,"OpenStreetMap（© OpenStreetMap contributors, ODbL 1.0）Geofabrik japan-latest.osm.pbf 2026-09-23T20:22:04Z way/418008419",
PK-w422887660,parking,（名称なし）駐車場,35.4504814,139.2922284,WGS84,465,大山,日本三百名山|関東百名山,,,,TH-w422887664(135m),,provisional,40,公式情報または2情報源での確認が必要、名称なし,"OpenStreetMap（© OpenStreetMap contributors, ODbL 1.0）Geofabrik japan-latest.osm.pbf 2026-09-23T20:22:04Z way/422887660",
PK-w422887662,parking,（名称なし）駐車場,35.451819,139.2920596,WGS84,465,大山,日本三百名山|関東百名山,,,,TH-w422887664(41m),,provisional,40,公式情報または2情報源での確認が必要、名称なし,"OpenStreetMap（© OpenStreetMap contributors, ODbL 1.0）Geofabrik japan-latest.osm.pbf 2026-09-23T20:22:04Z way/422887662",
PK-w422887664,parking,七沢荘駐車場,35.4516151,139.2916847,WGS84,465,大山,日本三百名山|関東百名山,,,,TH-w422887664(0m),access=customers,provisional,40,公式情報または2情報源での確認が必要,"OpenStreetMap（© OpenStreetMap contributors, ODbL 1.0）Geofabrik japan-latest.osm.pbf 2026-09-23T20:22:04Z way/422887664",
PK-w422888256,parking,（名称なし）駐車場,35.4528865,139.2848359,WGS84,465,大山,日本三百名山|関東百名山,,,,TH-n2034663045(110m),,provisional,40,公式情報または2情報源での確認が必要、名称なし,"OpenStreetMap（© OpenStreetMap contributors, ODbL 1.0）Geofabrik japan-latest.osm.pbf 2026-09-23T20:22:04Z way/422888256",
PK-w424279739,parking,（名称なし）駐車場,35.4528712,139.2844665,WGS84,465,大山,日本三百名山|関東百名山,,,,TH-n2034663045(78m),access=yes,provisional,40,公式情報または2情報源での確認が必要、名称なし,"OpenStreetMap（© OpenStreetMap contributors, ODbL 1.0）Geofabrik japan-latest.osm.pbf 2026-09-23T20:22:04Z way/424279739",
PK-w424929174,parking,筑波山神社駐車場,36.2123992,140.1001334,WGS84,326,筑波山,日本百名山|日本二百名山|日本三百名山|関東百名山,,,,TH-n4195411716(109m),fee=yes; access=yes,provisional,40,公式情報または2情報源での確認が必要,"OpenStreetMap（© OpenStreetMap contributors, ODbL 1.0）Geofabrik japan-latest.osm.pbf 2026-09-23T20:22:04Z way/424929174",
PK-w426120162,parking,（名称なし）駐車場,36.649965,139.5276027,WGS84,265,古峰ヶ原,関東百名山,,,,TH-n1314854382(155m),,provisional,40,公式情報または2情報源での確認が必要、名称なし,"OpenStreetMap（© OpenStreetMap contributors, ODbL 1.0）Geofabrik japan-latest.osm.pbf 2026-09-23T20:22:04Z way/426120162",
PK-w431503240,parking,（名称なし）駐車場,36.7610867,138.8274314,WGS84,236 238,平標山、仙ノ倉山,甲信越百名山|日本二百名山|日本三百名山|関東百名山,,,,TH-n303019092(29m),,provisional,40,公式情報または2情報源での確認が必要、名称なし,"OpenStreetMap（© OpenStreetMap contributors, ODbL 1.0）Geofabrik japan-latest.osm.pbf 2026-09-23T20:22:04Z way/431503240",
PK-w431806648,parking,（名称なし）駐車場,36.7573996,139.5964936,WGS84,240,女峰山,日本二百名山|日本三百名山|関東百名山,,,,TH-n6566210681(140m),access=private,provisional,40,公式情報または2情報源での確認が必要、名称なし,"OpenStreetMap（© OpenStreetMap contributors, ODbL 1.0）Geofabrik japan-latest.osm.pbf 2026-09-23T20:22:04Z way/431806648",
PK-w436800110,parking,（名称なし）駐車場,36.2993725,138.7656185,WGS84,316,妙義山,日本二百名山|日本三百名山|関東百名山,,,,TH-n2065580749(232m),,provisional,40,公式情報または2情報源での確認が必要、名称なし,"OpenStreetMap（© OpenStreetMap contributors, ODbL 1.0）Geofabrik japan-latest.osm.pbf 2026-09-23T20:22:04Z way/436800110",
PK-w438503427,parking,（名称なし）駐車場,35.9499964,138.9381357,WGS84,356,秩父御岳山,関東百名山,,,,TH-kP11-22-11-bs4019(331m),access=yes,provisional,40,公式情報または2情報源での確認が必要、名称なし、登山口から離れている（徒歩アプローチを要確認）,"OpenStreetMap（© OpenStreetMap contributors, ODbL 1.0）Geofabrik japan-latest.osm.pbf 2026-09-23T20:22:04Z way/438503427",
PK-w438892180,parking,桐生が岡遊園地 動物園,36.4220726,139.3411538,WGS84,282,鳴神山,関東百名山,,,,TH-w438892180(0m),,provisional,40,公式情報または2情報源での確認が必要,"OpenStreetMap（© OpenStreetMap contributors, ODbL 1.0）Geofabrik japan-latest.osm.pbf 2026-09-23T20:22:04Z way/438892180",
PK-w438892181,parking,桐生が岡遊園地 動物園,36.4234996,139.3428782,WGS84,282,鳴神山,関東百名山,,,,TH-w438892180(221m),,provisional,40,公式情報または2情報源での確認が必要,"OpenStreetMap（© OpenStreetMap contributors, ODbL 1.0）Geofabrik japan-latest.osm.pbf 2026-09-23T20:22:04Z way/438892181",
PK-w439029180,parking,（名称なし）駐車場,35.7896199,138.9239989,WGS84,377 379,雲取山、飛龍山,日本百名山|日本二百名山|日本三百名山|関東百名山,,,,TH-n2676671141(261m) TH-n393155852(392m),,provisional,40,公式情報または2情報源での確認が必要、名称なし、登山口から離れている（徒歩アプローチを要確認）,"OpenStreetMap（© OpenStreetMap contributors, ODbL 1.0）Geofabrik japan-latest.osm.pbf 2026-09-23T20:22:04Z way/439029180",
PK-w439496840,parking,げんき村駐車場,35.9365499,139.1549576,WGS84,357 360 361 362,武甲山、武川岳、大持山、伊豆ヶ岳,日本二百名山|日本三百名山|関東百名山,,,,TH-n1437450315(154m) TH-w439496840(0m),,provisional,40,公式情報または2情報源での確認が必要,"OpenStreetMap（© OpenStreetMap contributors, ODbL 1.0）Geofabrik japan-latest.osm.pbf 2026-09-23T20:22:04Z way/439496840",
PK-w443963256,parking,（名称なし）駐車場,36.379615,139.4418209,WGS84,302,行道山,関東百名山,,,,TH-n2210470345(12m) TH-n13189943608(372m),,provisional,40,公式情報または2情報源での確認が必要、名称なし、登山口から離れている（徒歩アプローチを要確認）,"OpenStreetMap（© OpenStreetMap contributors, ODbL 1.0）Geofabrik japan-latest.osm.pbf 2026-09-23T20:22:04Z way/443963256",
PK-w444050980,parking,（名称なし）駐車場,36.4379658,139.3600313,WGS84,282,鳴神山,関東百名山,,,,TH-kP11-22-10-bs1670(118m) TH-kP11-22-10-bs1683(386m),access=customers,provisional,40,公式情報または2情報源での確認が必要、名称なし、登山口から離れている（徒歩アプローチを要確認）,"OpenStreetMap（© OpenStreetMap contributors, ODbL 1.0）Geofabrik japan-latest.osm.pbf 2026-09-23T20:22:04Z way/444050980",
PK-w446590959,parking,学校平駐車場,36.9151842,139.8318201,WGS84,226,高原山,日本三百名山|関東百名山,,,,TH-n1308225840(115m),,provisional,40,公式情報または2情報源での確認が必要,"OpenStreetMap（© OpenStreetMap contributors, ODbL 1.0）Geofabrik japan-latest.osm.pbf 2026-09-23T20:22:04Z way/446590959",
PK-w446590960,parking,（名称なし）駐車場,36.9154283,139.831712,WGS84,226,高原山,日本三百名山|関東百名山,,,,TH-n1308225840(126m),,provisional,40,公式情報または2情報源での確認が必要、名称なし,"OpenStreetMap（© OpenStreetMap contributors, ODbL 1.0）Geofabrik japan-latest.osm.pbf 2026-09-23T20:22:04Z way/446590960",
PK-w446593236,parking,小間々駐車場,36.9107408,139.8241696,WGS84,226,高原山,日本三百名山|関東百名山,,,,TH-n2082319342(120m) TH-gsi-komamadai(120m),,provisional,40,公式情報または2情報源での確認が必要,"OpenStreetMap（© OpenStreetMap contributors, ODbL 1.0）Geofabrik japan-latest.osm.pbf 2026-09-23T20:22:04Z way/446593236",
PK-w446593237,parking,大間々駐車場(見晴園地),36.9006317,139.8174442,WGS84,226,高原山,日本三百名山|関東百名山,,,,TH-w446593237(0m) TH-n2082318771(371m),,provisional,40,公式情報または2情報源での確認が必要、登山口から離れている（徒歩アプローチを要確認）,"OpenStreetMap（© OpenStreetMap contributors, ODbL 1.0）Geofabrik japan-latest.osm.pbf 2026-09-23T20:22:04Z way/446593237",
PK-w463206616,parking,タイムズ大塔宮前,35.3264765,139.5657062,WGS84,503,天園,関東百名山,,,,TH-w463206616(0m) TH-n1771745315(334m),capacity=15,provisional,40,公式情報または2情報源での確認が必要、登山口から離れている（徒歩アプローチを要確認）,"OpenStreetMap（© OpenStreetMap contributors, ODbL 1.0）Geofabrik japan-latest.osm.pbf 2026-09-23T20:22:04Z way/463206616",
PK-w463394368,parking,（名称なし）駐車場,36.6542199,139.5275609,WGS84,265,古峰ヶ原,関東百名山,,,,TH-n1314854382(398m),access=yes,provisional,40,公式情報または2情報源での確認が必要、名称なし、登山口から離れている（徒歩アプローチを要確認）,"OpenStreetMap（© OpenStreetMap contributors, ODbL 1.0）Geofabrik japan-latest.osm.pbf 2026-09-23T20:22:04Z way/463394368",
PK-w478295267,parking,（名称なし）駐車場,35.25318,139.6390831,WGS84,529,大楠山,関東百名山,,,,TH-kP11-22-14-bs10026(471m),,provisional,40,公式情報または2情報源での確認が必要、名称なし、登山口から離れている（徒歩アプローチを要確認）,"OpenStreetMap（© OpenStreetMap contributors, ODbL 1.0）Geofabrik japan-latest.osm.pbf 2026-09-23T20:22:04Z way/478295267",
PK-w480423292,parking,（名称なし）駐車場,36.1803284,138.637193,WGS84,328 330,荒船山、立岩,日本二百名山|日本三百名山|関東百名山,,,,TH-n2012966172(17m),,provisional,40,公式情報または2情報源での確認が必要、名称なし,"OpenStreetMap（© OpenStreetMap contributors, ODbL 1.0）Geofabrik japan-latest.osm.pbf 2026-09-23T20:22:04Z way/480423292",
PK-w484410167,parking,（名称なし）駐車場,36.1889397,138.6069226,WGS84,328 330,荒船山、立岩,日本二百名山|日本三百名山|関東百名山,,,,TH-n1686477603(153m),,provisional,40,公式情報または2情報源での確認が必要、名称なし,"OpenStreetMap（© OpenStreetMap contributors, ODbL 1.0）Geofabrik japan-latest.osm.pbf 2026-09-23T20:22:04Z way/484410167",
PK-w489443413,parking,（名称なし）駐車場,36.282242,138.7379638,WGS84,316,妙義山,日本二百名山|日本三百名山|関東百名山,,,,TH-n1413439230(440m),,provisional,40,公式情報または2情報源での確認が必要、名称なし、登山口から離れている（徒歩アプローチを要確認）,"OpenStreetMap（© OpenStreetMap contributors, ODbL 1.0）Geofabrik japan-latest.osm.pbf 2026-09-23T20:22:04Z way/489443413",
PK-w490244255,parking,（名称なし）駐車場,36.3481477,139.6730629,WGS84,306,晃石山,関東百名山,,,,TH-kP11-22-09-bs3229(308m),,provisional,40,公式情報または2情報源での確認が必要、名称なし、登山口から離れている（徒歩アプローチを要確認）,"OpenStreetMap（© OpenStreetMap contributors, ODbL 1.0）Geofabrik japan-latest.osm.pbf 2026-09-23T20:22:04Z way/490244255",
PK-w490309842,parking,（名称なし）駐車場,36.3109577,139.6335272,WGS84,312,三毳山,関東百名山,,,,TH-n2086512890(182m),,provisional,40,公式情報または2情報源での確認が必要、名称なし,"OpenStreetMap（© OpenStreetMap contributors, ODbL 1.0）Geofabrik japan-latest.osm.pbf 2026-09-23T20:22:04Z way/490309842",
PK-w496651342,parking,早雲山駅利用者駐車場,35.2457811,139.0355597,WGS84,536,箱根山,日本三百名山|関東百名山,,,,TH-w496653546(78m),fee=no; access=customers,provisional,40,公式情報または2情報源での確認が必要,"OpenStreetMap（© OpenStreetMap contributors, ODbL 1.0）Geofabrik japan-latest.osm.pbf 2026-09-23T20:22:04Z way/496651342",
PK-w499561499,parking,三井のリパーク鎌倉二階堂,35.3250714,139.5650858,WGS84,503,天園,関東百名山,,,,TH-w463206616(165m) TH-n1771745315(474m),capacity=5,provisional,40,公式情報または2情報源での確認が必要、登山口から離れている（徒歩アプローチを要確認）,"OpenStreetMap（© OpenStreetMap contributors, ODbL 1.0）Geofabrik japan-latest.osm.pbf 2026-09-23T20:22:04Z way/499561499",
PK-w503122388,parking,（名称なし）駐車場,36.7765991,139.1756809,WGS84,241,武尊山,日本百名山|日本二百名山|日本三百名山|関東百名山,,,,TH-n4934599158(302m),,provisional,40,公式情報または2情報源での確認が必要、名称なし、登山口から離れている（徒歩アプローチを要確認）,"OpenStreetMap（© OpenStreetMap contributors, ODbL 1.0）Geofabrik japan-latest.osm.pbf 2026-09-23T20:22:04Z way/503122388",
PK-w503122389,parking,（名称なし）駐車場,36.7769599,139.174411,WGS84,241,武尊山,日本百名山|日本二百名山|日本三百名山|関東百名山,,,,TH-n4934599158(188m),,provisional,40,公式情報または2情報源での確認が必要、名称なし,"OpenStreetMap（© OpenStreetMap contributors, ODbL 1.0）Geofabrik japan-latest.osm.pbf 2026-09-23T20:22:04Z way/503122389",
PK-w503122390,parking,（名称なし）駐車場,36.7771551,139.1736295,WGS84,241,武尊山,日本百名山|日本二百名山|日本三百名山|関東百名山,,,,TH-n4934599158(122m),,provisional,40,公式情報または2情報源での確認が必要、名称なし,"OpenStreetMap（© OpenStreetMap contributors, ODbL 1.0）Geofabrik japan-latest.osm.pbf 2026-09-23T20:22:04Z way/503122390",
PK-w503432048,parking,（名称なし）駐車場,36.4079138,138.4709937,WGS84,295 296,浅間山、黒斑山,日本百名山|日本二百名山|日本三百名山|甲信越百名山|関東百名山,,,,TH-n2475107643(486m),,provisional,40,公式情報または2情報源での確認が必要、名称なし、登山口から離れている（徒歩アプローチを要確認）,"OpenStreetMap（© OpenStreetMap contributors, ODbL 1.0）Geofabrik japan-latest.osm.pbf 2026-09-23T20:22:04Z way/503432048",
PK-w503432049,parking,（名称なし）駐車場,36.4077809,138.4701794,WGS84,295 296,浅間山、黒斑山,日本百名山|日本二百名山|日本三百名山|甲信越百名山|関東百名山,,,,TH-n2475107643(443m),,provisional,40,公式情報または2情報源での確認が必要、名称なし、登山口から離れている（徒歩アプローチを要確認）,"OpenStreetMap（© OpenStreetMap contributors, ODbL 1.0）Geofabrik japan-latest.osm.pbf 2026-09-23T20:22:04Z way/503432049",
PK-w506219559,parking,（名称なし）駐車場,36.3173485,139.621604,WGS84,312,三毳山,関東百名山,,,,TH-n7081737903(320m),access=permissive,provisional,40,公式情報または2情報源での確認が必要、名称なし、登山口から離れている（徒歩アプローチを要確認）,"OpenStreetMap（© OpenStreetMap contributors, ODbL 1.0）Geofabrik japan-latest.osm.pbf 2026-09-23T20:22:04Z way/506219559",
PK-w519345301,parking,（名称なし）駐車場,35.8419549,139.0429549,WGS84,377 382 378,雲取山、鷹ノ巣山、川苔山,日本百名山|日本二百名山|日本三百名山|関東百名山,,,,TH-n305647302(292m) TH-n5064279909(97m),,provisional,40,公式情報または2情報源での確認が必要、名称なし,"OpenStreetMap（© OpenStreetMap contributors, ODbL 1.0）Geofabrik japan-latest.osm.pbf 2026-09-23T20:22:04Z way/519345301",
PK-w519572596,parking,（名称なし）駐車場,35.7738751,138.9982203,WGS84,399,三頭山,日本三百名山|関東百名山,,,,TH-n5071170173(172m),,provisional,40,公式情報または2情報源での確認が必要、名称なし,"OpenStreetMap（© OpenStreetMap contributors, ODbL 1.0）Geofabrik japan-latest.osm.pbf 2026-09-23T20:22:04Z way/519572596",
PK-w519572598,parking,（名称なし）駐車場,35.7799175,138.9846825,WGS84,377,雲取山,日本百名山|日本二百名山|日本三百名山|関東百名山,,,,TH-osm-n2337907511(27m),,provisional,40,公式情報または2情報源での確認が必要、名称なし,"OpenStreetMap（© OpenStreetMap contributors, ODbL 1.0）Geofabrik japan-latest.osm.pbf 2026-09-23T20:22:04Z way/519572598",
PK-w519572601,parking,（名称なし）駐車場,35.7770051,138.9953455,WGS84,377 382,雲取山、鷹ノ巣山,日本百名山|日本二百名山|日本三百名山|関東百名山,,,,TH-n1593226791(412m),,provisional,40,公式情報または2情報源での確認が必要、名称なし、登山口から離れている（徒歩アプローチを要確認）,"OpenStreetMap（© OpenStreetMap contributors, ODbL 1.0）Geofabrik japan-latest.osm.pbf 2026-09-23T20:22:04Z way/519572601",
PK-w530835954,parking,おのこ駐車場,36.5480663,139.1861814,WGS84,275,赤城山,日本百名山|日本二百名山|日本三百名山|関東百名山,,,,TH-n1759782280(139m),fee=no,provisional,40,公式情報または2情報源での確認が必要,"OpenStreetMap（© OpenStreetMap contributors, ODbL 1.0）Geofabrik japan-latest.osm.pbf 2026-09-23T20:22:04Z way/530835954",
PK-w538197714,parking,（名称なし）駐車場,35.7720783,139.0029664,WGS84,399,三頭山,日本三百名山|関東百名山,,,,TH-n5071170173(344m),,provisional,40,公式情報または2情報源での確認が必要、名称なし、登山口から離れている（徒歩アプローチを要確認）,"OpenStreetMap（© OpenStreetMap contributors, ODbL 1.0）Geofabrik japan-latest.osm.pbf 2026-09-23T20:22:04Z way/538197714",
PK-w560444107,parking,秦野戸川公園 大倉駐車場,35.4054034,139.1691127,WGS84,453 457 461,蛭ヶ岳、丹沢山、塔ノ岳,関東百名山|日本百名山|日本二百名山|日本三百名山,,,,TH-w560444107(0m) TH-n363527827(374m),fee=yes; capacity=160; access=yes,provisional,40,公式情報または2情報源での確認が必要、登山口から離れている（徒歩アプローチを要確認）,"OpenStreetMap（© OpenStreetMap contributors, ODbL 1.0）Geofabrik japan-latest.osm.pbf 2026-09-23T20:22:04Z way/560444107",
PK-w584833403,parking,（名称なし）駐車場,36.8201845,139.380466,WGS84,228 243,鬼怒沼山、日光白根山,関東百名山|日本百名山|日本二百名山|日本三百名山,,,,TH-n1412205934(179m) TH-n1412204718(292m),,provisional,40,公式情報または2情報源での確認が必要、名称なし,"OpenStreetMap（© OpenStreetMap contributors, ODbL 1.0）Geofabrik japan-latest.osm.pbf 2026-09-23T20:22:04Z way/584833403",
PK-w584833404,parking,（名称なし）駐車場,36.820806,139.3798644,WGS84,228 243,鬼怒沼山、日光白根山,関東百名山|日本百名山|日本二百名山|日本三百名山,,,,TH-n1412205934(145m) TH-n1412204718(369m),,provisional,40,公式情報または2情報源での確認が必要、名称なし、登山口から離れている（徒歩アプローチを要確認）,"OpenStreetMap（© OpenStreetMap contributors, ODbL 1.0）Geofabrik japan-latest.osm.pbf 2026-09-23T20:22:04Z way/584833404",
PK-w592050523,parking,（名称なし）駐車場,36.8357528,138.9663757,WGS84,229,朝日岳,日本三百名山|関東百名山,,,,TH-n766785733(79m),,provisional,40,公式情報または2情報源での確認が必要、名称なし,"OpenStreetMap（© OpenStreetMap contributors, ODbL 1.0）Geofabrik japan-latest.osm.pbf 2026-09-23T20:22:04Z way/592050523",
PK-w593477777,parking,（名称なし）駐車場,35.5256271,139.2228444,WGS84,453 457 461,蛭ヶ岳、丹沢山、塔ノ岳,関東百名山|日本百名山|日本二百名山|日本三百名山,,,,TH-n1447654825(369m),,provisional,40,公式情報または2情報源での確認が必要、名称なし、登山口から離れている（徒歩アプローチを要確認）,"OpenStreetMap（© OpenStreetMap contributors, ODbL 1.0）Geofabrik japan-latest.osm.pbf 2026-09-23T20:22:04Z way/593477777",
PK-w611772523,parking,（名称なし）駐車場,35.7776553,138.9904796,WGS84,377 382,雲取山、鷹ノ巣山,日本百名山|日本二百名山|日本三百名山|関東百名山,,,,TH-n1593226791(144m),,provisional,40,公式情報または2情報源での確認が必要、名称なし,"OpenStreetMap（© OpenStreetMap contributors, ODbL 1.0）Geofabrik japan-latest.osm.pbf 2026-09-23T20:22:04Z way/611772523",
PK-w620194932,parking,（名称なし）駐車場,35.6572272,139.1672314,WGS84,413,生藤山,関東百名山,,,,TH-n1457047556(178m),,provisional,40,公式情報または2情報源での確認が必要、名称なし,"OpenStreetMap（© OpenStreetMap contributors, ODbL 1.0）Geofabrik japan-latest.osm.pbf 2026-09-23T20:22:04Z way/620194932",
PK-w621792348,parking,（名称なし）駐車場,36.5531874,139.1840646,WGS84,275,赤城山,日本百名山|日本二百名山|日本三百名山|関東百名山,,,,TH-n1759782556(410m),,provisional,40,公式情報または2情報源での確認が必要、名称なし、登山口から離れている（徒歩アプローチを要確認）,"OpenStreetMap（© OpenStreetMap contributors, ODbL 1.0）Geofabrik japan-latest.osm.pbf 2026-09-23T20:22:04Z way/621792348",
PK-w621792351,parking,黒檜山登山口駐車場,36.5542407,139.1837875,WGS84,275,赤城山,日本百名山|日本二百名山|日本三百名山|関東百名山,,,,TH-n1759782556(292m),fee=no,provisional,40,公式情報または2情報源での確認が必要,"OpenStreetMap（© OpenStreetMap contributors, ODbL 1.0）Geofabrik japan-latest.osm.pbf 2026-09-23T20:22:04Z way/621792351",
PK-w621796016,parking,駒ヶ岳登山口駐車場,36.5467124,139.1873509,WGS84,275,赤城山,日本百名山|日本二百名山|日本三百名山|関東百名山,,,,TH-n1759782280(45m) TH-n5873991456(319m),fee=no,provisional,40,公式情報または2情報源での確認が必要、登山口から離れている（徒歩アプローチを要確認）,"OpenStreetMap（© OpenStreetMap contributors, ODbL 1.0）Geofabrik japan-latest.osm.pbf 2026-09-23T20:22:04Z way/621796016",
PK-w621798044,parking,（名称なし）駐車場,36.5370004,139.2076074,WGS84,275,赤城山,日本百名山|日本二百名山|日本三百名山|関東百名山,,,,TH-n1515457560(86m),,provisional,40,公式情報または2情報源での確認が必要、名称なし,"OpenStreetMap（© OpenStreetMap contributors, ODbL 1.0）Geofabrik japan-latest.osm.pbf 2026-09-23T20:22:04Z way/621798044",
PK-w627593121,parking,（名称なし）駐車場,36.5474402,139.1848887,WGS84,275,赤城山,日本百名山|日本二百名山|日本三百名山|関東百名山,,,,TH-n5873991456(442m),,provisional,40,公式情報または2情報源での確認が必要、名称なし、登山口から離れている（徒歩アプローチを要確認）,"OpenStreetMap（© OpenStreetMap contributors, ODbL 1.0）Geofabrik japan-latest.osm.pbf 2026-09-23T20:22:04Z way/627593121",
PK-w627593123,parking,（名称なし）駐車場,36.5483983,139.1865729,WGS84,275,赤城山,日本百名山|日本二百名山|日本三百名山|関東百名山,,,,TH-n1759782280(154m),,provisional,40,公式情報または2情報源での確認が必要、名称なし,"OpenStreetMap（© OpenStreetMap contributors, ODbL 1.0）Geofabrik japan-latest.osm.pbf 2026-09-23T20:22:04Z way/627593123",
PK-w660878735,parking,（名称なし）駐車場,35.6674727,139.2638437,WGS84,416,陣馬山,関東百名山,,,,TH-w223583522(19m),,provisional,40,公式情報または2情報源での確認が必要、名称なし,"OpenStreetMap（© OpenStreetMap contributors, ODbL 1.0）Geofabrik japan-latest.osm.pbf 2026-09-23T20:22:04Z way/660878735",
PK-w661124073,parking,タイムズ,35.7958107,139.1616858,WGS84,376 381 396 387,棒ノ嶺、岩茸石山、大岳山、御岳山,関東百名山|日本二百名山|日本三百名山,,,,TH-w661124073(0m) TH-n722188489(38m),fee=yes; capacity=8; operator=パーク24,provisional,40,公式情報または2情報源での確認が必要,"OpenStreetMap（© OpenStreetMap contributors, ODbL 1.0）Geofabrik japan-latest.osm.pbf 2026-09-23T20:22:04Z way/661124073",
PK-w669636568,parking,大倉駐車場,35.4040154,139.1688492,WGS84,453 457 461,蛭ヶ岳、丹沢山、塔ノ岳,関東百名山|日本百名山|日本二百名山|日本三百名山,,,,TH-w560444107(155m) TH-n363527827(447m),fee=yes; access=yes,provisional,40,公式情報または2情報源での確認が必要、登山口から離れている（徒歩アプローチを要確認）,"OpenStreetMap（© OpenStreetMap contributors, ODbL 1.0）Geofabrik japan-latest.osm.pbf 2026-09-23T20:22:04Z way/669636568",
PK-w673544696,parking,（名称なし）駐車場,36.4384707,139.3606814,WGS84,282,鳴神山,関東百名山,,,,TH-kP11-22-10-bs1670(197m) TH-kP11-22-10-bs1683(467m),access=customers,provisional,40,公式情報または2情報源での確認が必要、名称なし、登山口から離れている（徒歩アプローチを要確認）,"OpenStreetMap（© OpenStreetMap contributors, ODbL 1.0）Geofabrik japan-latest.osm.pbf 2026-09-23T20:22:04Z way/673544696",
PK-w679031734,parking,奥畑駐車場,35.1896116,140.0104404,WGS84,549,高宕山,関東百名山,,,,TH-n3745996625(287m),,provisional,40,公式情報または2情報源での確認が必要,"OpenStreetMap（© OpenStreetMap contributors, ODbL 1.0）Geofabrik japan-latest.osm.pbf 2026-09-23T20:22:04Z way/679031734",
PK-w685054562,parking,（名称なし）駐車場,35.3093954,139.0781335,WGS84,516 519,金時山、明神ヶ岳,日本三百名山|関東百名山,,,,TH-n6418977013(7m),,provisional,40,公式情報または2情報源での確認が必要、名称なし,"OpenStreetMap（© OpenStreetMap contributors, ODbL 1.0）Geofabrik japan-latest.osm.pbf 2026-09-23T20:22:04Z way/685054562",
PK-w686584307,parking,（名称なし）駐車場,36.3178821,139.6249722,WGS84,312,三毳山,関東百名山,,,,TH-n7081737903(363m),,provisional,40,公式情報または2情報源での確認が必要、名称なし、登山口から離れている（徒歩アプローチを要確認）,"OpenStreetMap（© OpenStreetMap contributors, ODbL 1.0）Geofabrik japan-latest.osm.pbf 2026-09-23T20:22:04Z way/686584307",
PK-w688084730,parking,（名称なし）駐車場,36.7889623,138.9544591,WGS84,234 238,谷川岳、仙ノ倉山,日本百名山|日本二百名山|日本三百名山|関東百名山|甲信越百名山,,,,TH-n6451198139(273m),,provisional,40,公式情報または2情報源での確認が必要、名称なし,"OpenStreetMap（© OpenStreetMap contributors, ODbL 1.0）Geofabrik japan-latest.osm.pbf 2026-09-23T20:22:04Z way/688084730",
PK-w694109316,parking,（名称なし）駐車場,36.7576784,139.5972493,WGS84,240,女峰山,日本二百名山|日本三百名山|関東百名山,,,,TH-n6566210681(213m),,provisional,40,公式情報または2情報源での確認が必要、名称なし,"OpenStreetMap（© OpenStreetMap contributors, ODbL 1.0）Geofabrik japan-latest.osm.pbf 2026-09-23T20:22:04Z way/694109316",
PK-w694109319,parking,（名称なし）駐車場,36.7581345,139.5971197,WGS84,240,女峰山,日本二百名山|日本三百名山|関東百名山,,,,TH-n6566210681(236m) TH-n2015053735(292m),,provisional,40,公式情報または2情報源での確認が必要、名称なし,"OpenStreetMap（© OpenStreetMap contributors, ODbL 1.0）Geofabrik japan-latest.osm.pbf 2026-09-23T20:22:04Z way/694109319",
PK-w694109326,parking,（名称なし）駐車場,36.7572826,139.6015256,WGS84,240,女峰山,日本二百名山|日本三百名山|関東百名山,,,,TH-n2015053735(304m),,provisional,40,公式情報または2情報源での確認が必要、名称なし、登山口から離れている（徒歩アプローチを要確認）,"OpenStreetMap（© OpenStreetMap contributors, ODbL 1.0）Geofabrik japan-latest.osm.pbf 2026-09-23T20:22:04Z way/694109326",
PK-w696211332,parking,（名称なし）駐車場,36.7884372,138.7950811,WGS84,236 238,平標山、仙ノ倉山,甲信越百名山|日本二百名山|日本三百名山|関東百名山,,,,TH-n6537751083(21m),,provisional,40,公式情報または2情報源での確認が必要、名称なし,"OpenStreetMap（© OpenStreetMap contributors, ODbL 1.0）Geofabrik japan-latest.osm.pbf 2026-09-23T20:22:04Z way/696211332",
PK-w704133904,parking,横堰池駐車場,36.3893176,138.3850248,WGS84,289,湯ノ丸山,関東百名山|甲信越百名山,,,,TH-w704133904(0m),,provisional,40,公式情報または2情報源での確認が必要,"OpenStreetMap（© OpenStreetMap contributors, ODbL 1.0）Geofabrik japan-latest.osm.pbf 2026-09-23T20:22:04Z way/704133904",
PK-w708121503,parking,（名称なし）駐車場,35.3391676,139.5665948,WGS84,503,天園,関東百名山,,,,TH-n2405714184(51m) TH-n1794218892(402m),,provisional,40,公式情報または2情報源での確認が必要、名称なし、登山口から離れている（徒歩アプローチを要確認）,"OpenStreetMap（© OpenStreetMap contributors, ODbL 1.0）Geofabrik japan-latest.osm.pbf 2026-09-23T20:22:04Z way/708121503",
PK-w708121508,parking,（名称なし）駐車場,35.3377909,139.5668058,WGS84,503,天園,関東百名山,,,,TH-n2405714184(158m) TH-n1794218892(301m),,provisional,40,公式情報または2情報源での確認が必要、名称なし、登山口から離れている（徒歩アプローチを要確認）,"OpenStreetMap（© OpenStreetMap contributors, ODbL 1.0）Geofabrik japan-latest.osm.pbf 2026-09-23T20:22:04Z way/708121508",
PK-w708128130,parking,（名称なし）駐車場,35.338857,139.5659779,WGS84,503,天園,関東百名山,,,,TH-n2405714184(25m) TH-n1794218892(344m),,provisional,40,公式情報または2情報源での確認が必要、名称なし、登山口から離れている（徒歩アプローチを要確認）,"OpenStreetMap（© OpenStreetMap contributors, ODbL 1.0）Geofabrik japan-latest.osm.pbf 2026-09-23T20:22:04Z way/708128130",
PK-w711324600,parking,（名称なし）駐車場,35.4443603,139.0496691,WGS84,443,大室山,関東百名山,,,,TH-n6687931207(28m),,provisional,40,公式情報または2情報源での確認が必要、名称なし,"OpenStreetMap（© OpenStreetMap contributors, ODbL 1.0）Geofabrik japan-latest.osm.pbf 2026-09-23T20:22:04Z way/711324600",
PK-w711566335,parking,（名称なし）駐車場,35.7243374,139.0540371,WGS84,399 404,三頭山、浅間嶺,日本三百名山|関東百名山,,,,TH-n1401020043(329m) TH-n1401020299(137m),operator=檜原温泉センター,provisional,40,公式情報または2情報源での確認が必要、名称なし、登山口から離れている（徒歩アプローチを要確認）,"OpenStreetMap（© OpenStreetMap contributors, ODbL 1.0）Geofabrik japan-latest.osm.pbf 2026-09-23T20:22:04Z way/711566335",
PK-w712651397,parking,（名称なし）駐車場,36.0711092,138.7035247,WGS84,344,諏訪山,日本三百名山|関東百名山,,,,TH-n4964003857(2m),,provisional,40,公式情報または2情報源での確認が必要、名称なし,"OpenStreetMap（© OpenStreetMap contributors, ODbL 1.0）Geofabrik japan-latest.osm.pbf 2026-09-23T20:22:04Z way/712651397",
PK-w733614318,parking,（名称なし）駐車場,35.8413907,139.0428948,WGS84,377 382 378,雲取山、鷹ノ巣山、川苔山,日本百名山|日本二百名山|日本三百名山|関東百名山,,,,TH-n305647302(277m) TH-n5064279909(130m),,provisional,40,公式情報または2情報源での確認が必要、名称なし,"OpenStreetMap（© OpenStreetMap contributors, ODbL 1.0）Geofabrik japan-latest.osm.pbf 2026-09-23T20:22:04Z way/733614318",
PK-w743790435,parking,（名称なし）駐車場,36.7171881,138.6495279,WGS84,246 252,佐武流山、白砂山,日本二百名山|日本三百名山|関東百名山,,,,TH-n448064483(80m),,provisional,40,公式情報または2情報源での確認が必要、名称なし,"OpenStreetMap（© OpenStreetMap contributors, ODbL 1.0）Geofabrik japan-latest.osm.pbf 2026-09-23T20:22:04Z way/743790435",
PK-w743792262,parking,（名称なし）駐車場,36.7195312,138.6429141,WGS84,246 252,佐武流山、白砂山,日本二百名山|日本三百名山|関東百名山,,,,TH-n448044859(89m),,provisional,40,公式情報または2情報源での確認が必要、名称なし,"OpenStreetMap（© OpenStreetMap contributors, ODbL 1.0）Geofabrik japan-latest.osm.pbf 2026-09-23T20:22:04Z way/743792262",
PK-w743792263,parking,（名称なし）駐車場,36.7197352,138.6430639,WGS84,246 252,佐武流山、白砂山,日本二百名山|日本三百名山|関東百名山,,,,TH-n448044859(66m),,provisional,40,公式情報または2情報源での確認が必要、名称なし,"OpenStreetMap（© OpenStreetMap contributors, ODbL 1.0）Geofabrik japan-latest.osm.pbf 2026-09-23T20:22:04Z way/743792263",
PK-w743793453,parking,（名称なし）駐車場,36.6924864,138.6548662,WGS84,246 252,佐武流山、白砂山,日本二百名山|日本三百名山|関東百名山,,,,TH-n8700638611(60m),,provisional,40,公式情報または2情報源での確認が必要、名称なし,"OpenStreetMap（© OpenStreetMap contributors, ODbL 1.0）Geofabrik japan-latest.osm.pbf 2026-09-23T20:22:04Z way/743793453",
PK-w758291205,parking,（名称なし）駐車場,36.3174583,139.6223875,WGS84,312,三毳山,関東百名山,,,,TH-n7081737903(302m),access=permissive,provisional,40,公式情報または2情報源での確認が必要、名称なし、登山口から離れている（徒歩アプローチを要確認）,"OpenStreetMap（© OpenStreetMap contributors, ODbL 1.0）Geofabrik japan-latest.osm.pbf 2026-09-23T20:22:04Z way/758291205",
PK-w769544409,parking,（名称なし）駐車場,35.6149162,139.2592526,WGS84,416 422,陣馬山、高尾山,関東百名山,,,,TH-kP11-22-13-bs11093(404m),,provisional,40,公式情報または2情報源での確認が必要、名称なし、登山口から離れている（徒歩アプローチを要確認）,"OpenStreetMap（© OpenStreetMap contributors, ODbL 1.0）Geofabrik japan-latest.osm.pbf 2026-09-23T20:22:04Z way/769544409",
PK-w775563580,parking,（名称なし）駐車場,35.2443255,139.0368001,WGS84,536,箱根山,日本三百名山|関東百名山,,,,TH-w496653546(255m),,provisional,40,公式情報または2情報源での確認が必要、名称なし,"OpenStreetMap（© OpenStreetMap contributors, ODbL 1.0）Geofabrik japan-latest.osm.pbf 2026-09-23T20:22:04Z way/775563580",
PK-w779832754,parking,（名称なし）駐車場,35.1790471,139.1077999,WGS84,557,幕山,関東百名山,,,,TH-n1445598491(372m) TH-n1445599969(467m),,provisional,40,公式情報または2情報源での確認が必要、名称なし、登山口から離れている（徒歩アプローチを要確認）,"OpenStreetMap（© OpenStreetMap contributors, ODbL 1.0）Geofabrik japan-latest.osm.pbf 2026-09-23T20:22:04Z way/779832754",
PK-w779832757,parking,（名称なし）駐車場,35.1806101,139.1053769,WGS84,557,幕山,関東百名山,,,,TH-n1445598491(170m) TH-n1445599969(283m),,provisional,40,公式情報または2情報源での確認が必要、名称なし,"OpenStreetMap（© OpenStreetMap contributors, ODbL 1.0）Geofabrik japan-latest.osm.pbf 2026-09-23T20:22:04Z way/779832757",
PK-w817751256,parking,（名称なし）駐車場,36.8208644,139.3788811,WGS84,228 243,鬼怒沼山、日光白根山,関東百名山|日本百名山|日本二百名山|日本三百名山,,,,TH-n1412205934(212m) TH-n1412204718(403m),,provisional,40,公式情報または2情報源での確認が必要、名称なし、登山口から離れている（徒歩アプローチを要確認）,"OpenStreetMap（© OpenStreetMap contributors, ODbL 1.0）Geofabrik japan-latest.osm.pbf 2026-09-23T20:22:04Z way/817751256",
PK-w833526473,parking,（名称なし）駐車場,36.4726942,138.8593345,WGS84,284,榛名山,日本二百名山|日本三百名山|関東百名山,,,,TH-n2916163210(30m) TH-gsi-kohan-suzuri(73m),,provisional,40,公式情報または2情報源での確認が必要、名称なし,"OpenStreetMap（© OpenStreetMap contributors, ODbL 1.0）Geofabrik japan-latest.osm.pbf 2026-09-23T20:22:04Z way/833526473",
PK-w844257176,parking,（名称なし）駐車場,35.3267799,139.5733594,WGS84,503,天園,関東百名山,,,,TH-n7875410444(68m),,provisional,40,公式情報または2情報源での確認が必要、名称なし,"OpenStreetMap（© OpenStreetMap contributors, ODbL 1.0）Geofabrik japan-latest.osm.pbf 2026-09-23T20:22:04Z way/844257176",
PK-w844257180,parking,（名称なし）駐車場,35.3267607,139.5736709,WGS84,503,天園,関東百名山,,,,TH-n7875410444(40m),,provisional,40,公式情報または2情報源での確認が必要、名称なし,"OpenStreetMap（© OpenStreetMap contributors, ODbL 1.0）Geofabrik japan-latest.osm.pbf 2026-09-23T20:22:04Z way/844257180",
PK-w844301802,parking,（名称なし）駐車場,35.3273629,139.5747903,WGS84,503,天園,関東百名山,,,,TH-n7875410444(86m),,provisional,40,公式情報または2情報源での確認が必要、名称なし,"OpenStreetMap（© OpenStreetMap contributors, ODbL 1.0）Geofabrik japan-latest.osm.pbf 2026-09-23T20:22:04Z way/844301802",
PK-w904565198,parking,（名称なし）駐車場,35.8013417,139.1841689,WGS84,376 381,棒ノ嶺、岩茸石山,関東百名山,,,,TH-n5063893777(70m),access=customers,provisional,40,公式情報または2情報源での確認が必要、名称なし,"OpenStreetMap（© OpenStreetMap contributors, ODbL 1.0）Geofabrik japan-latest.osm.pbf 2026-09-23T20:22:04Z way/904565198",
PK-w904565239,parking,（名称なし）駐車場,35.801453,139.1839396,WGS84,376 381,棒ノ嶺、岩茸石山,関東百名山,,,,TH-n5063893777(86m),access=private,provisional,40,公式情報または2情報源での確認が必要、名称なし,"OpenStreetMap（© OpenStreetMap contributors, ODbL 1.0）Geofabrik japan-latest.osm.pbf 2026-09-23T20:22:04Z way/904565239",
PK-w904631313,parking,（名称なし）駐車場,35.7959205,139.1618407,WGS84,376 381 396 387,棒ノ嶺、岩茸石山、大岳山、御岳山,関東百名山|日本二百名山|日本三百名山,,,,TH-w661124073(19m) TH-n722188489(46m),access=private,provisional,40,公式情報または2情報源での確認が必要、名称なし,"OpenStreetMap（© OpenStreetMap contributors, ODbL 1.0）Geofabrik japan-latest.osm.pbf 2026-09-23T20:22:04Z way/904631313",
PK-w905546264,parking,（名称なし）駐車場,35.800763,139.1782598,WGS84,376 381,棒ノ嶺、岩茸石山,関東百名山,,,,TH-n3879958501(35m),fee=yes; access=permit,provisional,40,公式情報または2情報源での確認が必要、名称なし,"OpenStreetMap（© OpenStreetMap contributors, ODbL 1.0）Geofabrik japan-latest.osm.pbf 2026-09-23T20:22:04Z way/905546264",
PK-w905989330,parking,（名称なし）駐車場,35.8008029,139.1773427,WGS84,376 381,棒ノ嶺、岩茸石山,関東百名山,,,,TH-n3879958501(117m),access=customers,provisional,40,公式情報または2情報源での確認が必要、名称なし,"OpenStreetMap（© OpenStreetMap contributors, ODbL 1.0）Geofabrik japan-latest.osm.pbf 2026-09-23T20:22:04Z way/905989330",
PK-w905989412,parking,（名称なし）駐車場,35.7998823,139.1800202,WGS84,376 381,棒ノ嶺、岩茸石山,関東百名山,,,,TH-n3879958501(165m),access=customers,provisional,40,公式情報または2情報源での確認が必要、名称なし,"OpenStreetMap（© OpenStreetMap contributors, ODbL 1.0）Geofabrik japan-latest.osm.pbf 2026-09-23T20:22:04Z way/905989412",
PK-w917594602,parking,（名称なし）駐車場,36.7406985,139.486585,WGS84,247,男体山,日本百名山|日本二百名山|日本三百名山|関東百名山,,,,TH-n4524687889(61m),,provisional,40,公式情報または2情報源での確認が必要、名称なし,"OpenStreetMap（© OpenStreetMap contributors, ODbL 1.0）Geofabrik japan-latest.osm.pbf 2026-09-23T20:22:04Z way/917594602",
PK-w917747317,parking,（名称なし）駐車場,36.7416823,139.4852426,WGS84,247,男体山,日本百名山|日本二百名山|日本三百名山|関東百名山,,,,TH-n4524687889(188m),,provisional,40,公式情報または2情報源での確認が必要、名称なし,"OpenStreetMap（© OpenStreetMap contributors, ODbL 1.0）Geofabrik japan-latest.osm.pbf 2026-09-23T20:22:04Z way/917747317",
PK-w92831851,parking,（名称なし）駐車場,36.2187318,140.1211015,WGS84,326,筑波山,日本百名山|日本二百名山|日本三百名山|関東百名山,,,,TH-n389746306(232m),access=customers,provisional,40,公式情報または2情報源での確認が必要、名称なし,"OpenStreetMap（© OpenStreetMap contributors, ODbL 1.0）Geofabrik japan-latest.osm.pbf 2026-09-23T20:22:04Z way/92831851",
PK-w92831863,parking,（名称なし）駐車場,36.2200265,140.1192873,WGS84,326,筑波山,日本百名山|日本二百名山|日本三百名山|関東百名山,,,,TH-n389746306(44m),fee=yes; access=yes,provisional,40,公式情報または2情報源での確認が必要、名称なし,"OpenStreetMap（© OpenStreetMap contributors, ODbL 1.0）Geofabrik japan-latest.osm.pbf 2026-09-23T20:22:04Z way/92831863",
PK-w92831868,parking,（名称なし）駐車場,36.219077,140.1200709,WGS84,326,筑波山,日本百名山|日本二百名山|日本三百名山|関東百名山,,,,TH-n389746306(134m),access=customers,provisional,40,公式情報または2情報源での確認が必要、名称なし,"OpenStreetMap（© OpenStreetMap contributors, ODbL 1.0）Geofabrik japan-latest.osm.pbf 2026-09-23T20:22:04Z way/92831868",
PK-w936358471,parking,金時見晴パーキング,35.2838105,139.0132951,WGS84,516 519,金時山、明神ヶ岳,日本三百名山|関東百名山,,,,TH-n1497982105(35m),fee=no; capacity=35,provisional,40,公式情報または2情報源での確認が必要,"OpenStreetMap（© OpenStreetMap contributors, ODbL 1.0）Geofabrik japan-latest.osm.pbf 2026-09-23T20:22:04Z way/936358471",
PK-w939243048,parking,（名称なし）駐車場,36.6915289,138.6543195,WGS84,246 252,佐武流山、白砂山,日本二百名山|日本三百名山|関東百名山,,,,TH-n8700638611(170m),,provisional,40,公式情報または2情報源での確認が必要、名称なし,"OpenStreetMap（© OpenStreetMap contributors, ODbL 1.0）Geofabrik japan-latest.osm.pbf 2026-09-23T20:22:04Z way/939243048",
PK-w953059876,parking,県営立石駐車場,35.2402606,139.5985511,WGS84,529,大楠山,関東百名山,,,,TH-w953059876(0m),fee=no; capacity=62,provisional,40,公式情報または2情報源での確認が必要,"OpenStreetMap（© OpenStreetMap contributors, ODbL 1.0）Geofabrik japan-latest.osm.pbf 2026-09-23T20:22:04Z way/953059876",
PK-w954453491,parking,（名称なし）駐車場,35.3649531,139.5948622,WGS84,503,天園,関東百名山,,,,TH-n3112663675(47m),access=private,provisional,40,公式情報または2情報源での確認が必要、名称なし,"OpenStreetMap（© OpenStreetMap contributors, ODbL 1.0）Geofabrik japan-latest.osm.pbf 2026-09-23T20:22:04Z way/954453491",
PK-w954984953,parking,（名称なし）駐車場,35.3644051,139.5952177,WGS84,503,天園,関東百名山,,,,TH-n3112663675(83m),access=private,provisional,40,公式情報または2情報源での確認が必要、名称なし,"OpenStreetMap（© OpenStreetMap contributors, ODbL 1.0）Geofabrik japan-latest.osm.pbf 2026-09-23T20:22:04Z way/954984953",
PK-w955264589,parking,（名称なし）駐車場,35.3648381,139.5953989,WGS84,503,天園,関東百名山,,,,TH-n3112663675(90m),access=private,provisional,40,公式情報または2情報源での確認が必要、名称なし,"OpenStreetMap（© OpenStreetMap contributors, ODbL 1.0）Geofabrik japan-latest.osm.pbf 2026-09-23T20:22:04Z way/955264589",
PK-w956253543,parking,第2駐車場,36.6382636,138.5331377,WGS84,264,草津白根山,日本百名山|日本二百名山|日本三百名山|関東百名山,,,,TH-n1940688846(415m) TH-n1353951750(281m),fee=yes; access=yes,provisional,40,公式情報または2情報源での確認が必要、登山口から離れている（徒歩アプローチを要確認）,"OpenStreetMap（© OpenStreetMap contributors, ODbL 1.0）Geofabrik japan-latest.osm.pbf 2026-09-23T20:22:04Z way/956253543",
PK-w961313797,parking,天狗山第3駐車場,36.6275718,138.5880623,WGS84,264,草津白根山,日本百名山|日本二百名山|日本三百名山|関東百名山,,,,TH-w1086605963(272m),capacity=100; access=permit; operator=草津観光公社,provisional,40,公式情報または2情報源での確認が必要,"OpenStreetMap（© OpenStreetMap contributors, ODbL 1.0）Geofabrik japan-latest.osm.pbf 2026-09-23T20:22:04Z way/961313797",
PK-w967216081,parking,（名称なし）駐車場,35.7289697,139.1228007,WGS84,404,浅間嶺,関東百名山,,,,TH-n5710378480(264m),,provisional,40,公式情報または2情報源での確認が必要、名称なし,"OpenStreetMap（© OpenStreetMap contributors, ODbL 1.0）Geofabrik japan-latest.osm.pbf 2026-09-23T20:22:04Z way/967216081",
PK-w971375517,parking,（名称なし）駐車場,35.2479123,139.0546448,WGS84,519,明神ヶ岳,関東百名山,,,,TH-n1436505569(487m),,provisional,40,公式情報または2情報源での確認が必要、名称なし、登山口から離れている（徒歩アプローチを要確認）,"OpenStreetMap（© OpenStreetMap contributors, ODbL 1.0）Geofabrik japan-latest.osm.pbf 2026-09-23T20:22:04Z way/971375517",
PK-w971380126,parking,（名称なし）駐車場,35.2495367,139.0552892,WGS84,519,明神ヶ岳,関東百名山,,,,TH-n1436505569(321m),,provisional,40,公式情報または2情報源での確認が必要、名称なし、登山口から離れている（徒歩アプローチを要確認）,"OpenStreetMap（© OpenStreetMap contributors, ODbL 1.0）Geofabrik japan-latest.osm.pbf 2026-09-23T20:22:04Z way/971380126",
PK-w971381385,parking,（名称なし）駐車場,35.2495067,139.0572292,WGS84,519,明神ヶ岳,関東百名山,,,,TH-n1436505569(210m),,provisional,40,公式情報または2情報源での確認が必要、名称なし,"OpenStreetMap（© OpenStreetMap contributors, ODbL 1.0）Geofabrik japan-latest.osm.pbf 2026-09-23T20:22:04Z way/971381385",
PK-w972322265,parking,（名称なし）駐車場,35.8052687,139.1023573,WGS84,387 394 396,御岳山、御前山、大岳山,関東百名山|日本二百名山|日本三百名山,,,,TH-n6690093272(11m),fee=no; access=customers,provisional,40,公式情報または2情報源での確認が必要、名称なし,"OpenStreetMap（© OpenStreetMap contributors, ODbL 1.0）Geofabrik japan-latest.osm.pbf 2026-09-23T20:22:04Z way/972322265",
PK-w972327477,parking,（名称なし）駐車場,35.8037332,139.1766795,WGS84,376 381,棒ノ嶺、岩茸石山,関東百名山,,,,TH-n8415403962(187m),access=customers; operator=きり山,provisional,40,公式情報または2情報源での確認が必要、名称なし,"OpenStreetMap（© OpenStreetMap contributors, ODbL 1.0）Geofabrik japan-latest.osm.pbf 2026-09-23T20:22:04Z way/972327477",
PK-w972330066,parking,タイムズのB 沢井駅駐車場,35.8059547,139.1931146,WGS84,376 378 381,棒ノ嶺、川苔山、岩茸石山,関東百名山,,,,TH-w972330066(0m) TH-w236177752(390m),fee=yes; access=permissive; operator=タイムズのB,provisional,40,公式情報または2情報源での確認が必要、登山口から離れている（徒歩アプローチを要確認）,"OpenStreetMap（© OpenStreetMap contributors, ODbL 1.0）Geofabrik japan-latest.osm.pbf 2026-09-23T20:22:04Z way/972330066",
PK-w972438246,parking,西武スマイルパーク 正丸駅前,35.9385409,139.1814985,WGS84,362,伊豆ヶ岳,関東百名山,,,,TH-w972438246(0m),fee=yes; capacity=10; access=permissive; operator=株式会社西武プロパティーズ,provisional,40,公式情報または2情報源での確認が必要,"OpenStreetMap（© OpenStreetMap contributors, ODbL 1.0）Geofabrik japan-latest.osm.pbf 2026-09-23T20:22:04Z way/972438246",
PK-w973524786,parking,丹縄園地 駐車場,35.8073839,139.1752176,WGS84,376 378 381,棒ノ嶺、川苔山、岩茸石山,関東百名山,,,,TH-w973524786(0m),access=permissive,provisional,40,公式情報または2情報源での確認が必要,"OpenStreetMap（© OpenStreetMap contributors, ODbL 1.0）Geofabrik japan-latest.osm.pbf 2026-09-23T20:22:04Z way/973524786",
PK-w973524787,parking,丹縄園地 駐車場,35.8072754,139.1758531,WGS84,376 378 381,棒ノ嶺、川苔山、岩茸石山,関東百名山,,,,TH-w973524786(59m),access=permissive,provisional,40,公式情報または2情報源での確認が必要,"OpenStreetMap（© OpenStreetMap contributors, ODbL 1.0）Geofabrik japan-latest.osm.pbf 2026-09-23T20:22:04Z way/973524787",
PK-w973524788,parking,丹縄園地 駐車場,35.8070452,139.1763543,WGS84,376 378 381,棒ノ嶺、川苔山、岩茸石山,関東百名山,,,,TH-w973524786(109m),access=permissive,provisional,40,公式情報または2情報源での確認が必要,"OpenStreetMap（© OpenStreetMap contributors, ODbL 1.0）Geofabrik japan-latest.osm.pbf 2026-09-23T20:22:04Z way/973524788",
PK-w973526190,parking,（名称なし）駐車場,35.8036791,139.1749611,WGS84,376 381,棒ノ嶺、岩茸石山,関東百名山,,,,TH-n8415403962(37m),access=customers; operator=炭鳥 蔵 IKADA,provisional,40,公式情報または2情報源での確認が必要、名称なし,"OpenStreetMap（© OpenStreetMap contributors, ODbL 1.0）Geofabrik japan-latest.osm.pbf 2026-09-23T20:22:04Z way/973526190",
PK-w986806774,parking,（名称なし）駐車場,35.2564392,138.9727788,WGS84,516 519,金時山、明神ヶ岳,日本三百名山|関東百名山,,,,TH-n390300157(380m) TH-n9121359081(63m),,provisional,40,公式情報または2情報源での確認が必要、名称なし、登山口から離れている（徒歩アプローチを要確認）,"OpenStreetMap（© OpenStreetMap contributors, ODbL 1.0）Geofabrik japan-latest.osm.pbf 2026-09-23T20:22:04Z way/986806774",
PK-w991363438,parking,（名称なし）駐車場,35.3099584,139.0769474,WGS84,516 519,金時山、明神ヶ岳,日本三百名山|関東百名山,,,,TH-n6418977013(129m),,provisional,40,公式情報または2情報源での確認が必要、名称なし,"OpenStreetMap（© OpenStreetMap contributors, ODbL 1.0）Geofabrik japan-latest.osm.pbf 2026-09-23T20:22:04Z way/991363438",
PK-w991389666,parking,（名称なし）駐車場,35.3382237,139.0553313,WGS84,506,矢倉岳,関東百名山,,,,TH-n9152344607(258m),,provisional,40,公式情報または2情報源での確認が必要、名称なし,"OpenStreetMap（© OpenStreetMap contributors, ODbL 1.0）Geofabrik japan-latest.osm.pbf 2026-09-23T20:22:04Z way/991389666",
PK-w991389667,parking,（名称なし）駐車場,35.3392555,139.0550629,WGS84,506,矢倉岳,関東百名山,,,,TH-n1497996031(469m) TH-n9152344607(157m),,provisional,40,公式情報または2情報源での確認が必要、名称なし、登山口から離れている（徒歩アプローチを要確認）,"OpenStreetMap（© OpenStreetMap contributors, ODbL 1.0）Geofabrik japan-latest.osm.pbf 2026-09-23T20:22:04Z way/991389667",
TH-gsi-asamakakushi-kurabuchi,trailhead,浅間隠山登山口（二度上峠東側）,36.4408,138.64921,WGS84,287,浅間隠山,日本二百名山|日本三百名山|関東百名山,,登山記録で広く使われている登山口,,,,provisional,250,,"国土地理院ベクトルタイル提供実験 地理院地図の徒歩道が車道から始まる位置（36.440800, 138.649210）、標高1,334.4m。地理院地図の注記「駒髪山」から745m。地理院地図の徒歩道で山頂まで約2.0km 2026-09-26確認 ｜ 登山記録で広く使われている登山口（登山記録・登山情報サイトで名称と利用を確認。公式情報では未確認） 2026-09-26確認",
TH-gsi-chichibuko,trailhead,秩父湖（二瀬ダム・白石山登山口）,35.935986,138.905382,WGS84,366,白石山,日本二百名山|日本三百名山|関東百名山,,登山記録で広く使われている登山口,,,,provisional,300,,"国土地理院ベクトルタイル提供実験 地理院地図の徒歩道が車道から始まる位置（35.935986, 138.905382）、標高549.1m。地理院地図の注記「秩父湖」から489m。地理院地図の徒歩道で山頂まで約7.5km 2026-09-26確認 ｜ 登山記録で広く使われている登山口（登山記録・登山情報サイトで名称と利用を確認。公式情報では未確認） 2026-09-26確認",
TH-gsi-daienji,trailhead,大円地（奥久慈男体山登山口）,36.719597,140.421018,WGS84,254,奥久慈男体山,関東百名山,一般コース、健脚コース,登山記録で広く使われている登山口,,PK-g367196_14042102(0m),,provisional,150,,"国土地理院ベクトルタイル提供実験 地理院地図の徒歩道が車道から始まる位置（36.719597, 140.421018）、標高213.9m。地理院地図の注記「大円地」から144m。地理院地図の徒歩道で山頂まで約0.7km 2026-09-24確認 ｜ 登山記録で広く使われている登山口（登山記録・登山情報サイトで名称と利用を確認。公式情報では未確認） 2026-09-24確認",
TH-gsi-dosojintoge,trailhead,道祖神峠（吾国山登山口）,36.317617,140.21023,WGS84,310,吾国山,関東百名山,,登山記録で広く使われている登山口,,,,provisional,100,,"国土地理院ベクトルタイル提供実験 地理院地図の徒歩道が車道から始まる位置（36.317617, 140.210230）、標高311.1m。国土地理院 地名検索「道祖神峠」（36.317958, 140.210360）から40m、OSMの峠 node/3769752297 から13m 2026-09-24確認 ｜ 登山記録で広く使われている登山口（登山記録・登山情報サイトで名称と利用を確認。公式情報では未確認） 2026-09-24確認",
TH-gsi-fukumanji,trailhead,福満寺（富山登山口）,35.091729,139.869974,WGS84,581,富山,関東百名山,,公式情報による登山口,,BS-kP11-22-12-bs10599(70m) BS-kP11-22-12-bs10612(428m) BS-kP11-22-12-bs10592(657m),access=JR岩井駅から（南房総市）,adopted,300,登山口の正確な位置は公式情報では未確認,"国土地理院ベクトルタイル提供実験 地理院地図の車道の終点で徒歩道が始まる位置（35.091729, 139.869974）、標高36.8m。地理院地図の注記「合戸」から239m。地理院地図の徒歩道で山頂まで約1.8km 2026-09-25確認 ｜ 公式情報: https://www.mboso-etoko.jp/feature/mountain/",2026-09-25
TH-gsi-gotenyama-yamada,trailhead,山田ルート登山口（御殿山）,35.095021,139.943038,WGS84,582,御殿山,関東百名山,,公式情報による登山口,,BS-kP11-22-12-bs10569(406m),course=山田ルートは県道からおよそ50分（南房総市）,adopted,250,塩井戸ルートと県営林道増間線ルートは通行止め（南房総市）、登山口の正確な位置は公式情報では未確認,"国土地理院ベクトルタイル提供実験 地理院地図の車道の終点で徒歩道が始まる位置（35.095021, 139.943038）、標高152.1m。地理院地図の注記「川辺」から432m。地理院地図の徒歩道で山頂まで約1.3km 2026-09-25確認 ｜ 公式情報: https://www.mboso-etoko.jp/info/hiking/hiking-7/",2026-09-25
TH-gsi-hiruga-shirato,trailhead,日留賀岳登山口（白戸・小山宅）,36.989688,139.794294,WGS84,212,日留賀岳,関東百名山,,登山記録で広く使われている登山口,,BS-kP11-22-09-bs150(938m) BS-kP11-22-09-bs150(938m),,provisional,300,,"国土地理院ベクトルタイル提供実験 地理院地図の車道の終点で徒歩道が始まる位置（36.989688, 139.794294）、標高649.5m。地理院地図の注記「白戸」から175m 2026-09-24確認 ｜ 登山記録で広く使われている登山口（登山記録・登山情報サイトで名称と利用を確認。公式情報では未確認） 2026-09-24確認",
TH-gsi-hotaka-jinja,trailhead,武尊神社,36.821252,139.094062,WGS84,241,武尊山,日本百名山|日本二百名山|日本三百名山|関東百名山,,公式情報による登山口,,,parking=近くに裏見の滝駐車場（普通車無料・20台）がある（群馬県）,adopted,50,"武尊山（2,158m）は群馬県北部の片品村・川場村・みなかみ町にまたがる（林野庁）、武尊山の登山道には、クサリ・ハシゴのある箇所や、段差が大きく歩きにくい急坂がある（群馬県）","国土地理院 地名検索「武尊神社」（36.821252, 139.094062、JGD2011）2026-09-22確認 ｜ 公式情報: https://www.pref.gunma.jp/uploaded/attachment/665230.pdf ｜ 公式情報: https://www.rinya.maff.go.jp/kanto/introduction/gaiyou_kyoku/hyakumeizan/pdf/hotakasan.pdf",2026-09-22
TH-gsi-jominesan-camp,trailhead,城峯山キャンプ場駐車場（城峯神社・城峯山登山口）,36.095723,139.006303,WGS84,339,城峯山,関東百名山,,登山記録で広く使われている登山口,,,,provisional,150,,"国土地理院ベクトルタイル提供実験 地理院地図の車道の終点で徒歩道が始まる位置（36.095723, 139.006303）、標高920.6m。地理院地図の徒歩道で山頂まで約0.2km 2026-09-25確認 ｜ 登山記録で広く使われている登山口（登山記録・登山情報サイトで名称と利用を確認。公式情報では未確認） 2026-09-25確認",
TH-gsi-kabasan-makabe,trailhead,加波山神社 真壁拝殿（加波山登山口）,36.290833,140.118749,WGS84,314,加波山,関東百名山,,登山記録で広く使われている登山口,,PK-g3629083_14011875(0m) BS-kP11-22-08-bs3203(746m) BS-kP11-22-08-bs3203(746m),,provisional,150,,"国土地理院ベクトルタイル提供実験 地理院地図の注記「加波山神社」（真壁町長岡）の位置（36.290833, 140.118749）、標高65.6m 2026-09-24確認 ｜ 登山記録で広く使われている登山口（登山記録・登山情報サイトで名称と利用を確認。公式情報では未確認） 2026-09-24確認",
TH-gsi-kamonga-take,trailhead,掃部ヶ岳登山口（榛名湖西岸）,36.477909,138.860428,WGS84,284,榛名山,日本二百名山|日本三百名山|関東百名山,,登山記録で広く使われている登山口,,PK-n6403414538(307m) BS-kP11-22-10-bs1397(158m) BS-kP11-22-10-bs1398(158m) BS-kP11-22-10-bs1380(269m),,provisional,300,,"国土地理院ベクトルタイル提供実験 地理院地図の徒歩道が車道から始まる位置（36.477909, 138.860428）、標高1,109.1m。地理院地図の注記「硯岩」から182m。地理院地図の徒歩道で山頂まで約1.1km 2026-09-26確認 ｜ 登山記録で広く使われている登山口（登山記録・登山情報サイトで名称と利用を確認。公式情報では未確認） 2026-09-26確認",
TH-gsi-kasoyama,trailhead,加蘇山神社（石裂山登山口）,36.599056,139.598154,WGS84,271,石裂山,関東百名山,,公式情報による登山口,,BS-kP11-22-09-bs1512(589m),access=リーバス「上久我線」（1日2本）で東武日光線新鹿沼駅から40分、JR日光線鹿沼駅から50分「石裂山」下車（鹿沼市観光協会）,adopted,400,登山口は加蘇山神社社務所から500mほど奥にある「下の宮」（鹿沼市観光協会）、岩場が多く転落事故も起きている。登山道の一部が崩れ、迂回ルートの目印が付けられている。ヘルメットの着用を勧めている（鹿沼市観光協会）、登山口の正確な位置は公式情報では未確認,"国土地理院ベクトルタイル提供実験 地理院地図の徒歩道が車道から始まる位置（36.599056, 139.598154）、標高337.8m。地理院地図の注記「加蘇山神社」から54m。地理院地図の徒歩道で山頂まで約2.0km 2026-09-24確認 ｜ 公式情報: https://kanuma-kanko.jp/purpose/%E7%9F%B3%E8%A3%82%E5%B1%B1%EF%BC%88%E3%81%8A%E3%81%96%E3%81%8F%E3%81%95%E3%82%93%EF%BC%89/",2026-09-24
TH-gsi-kawaba-yaeijo,trailhead,川場野営場（武尊山 剣ヶ峰山経由コース）,36.771332,139.152774,WGS84,241,武尊山,日本百名山|日本二百名山|日本三百名山|関東百名山,川場野営場コース（剣ヶ峰山経由）,登山記録で広く使われている登山口,,,,provisional,150,,"国土地理院ベクトルタイル提供実験 地理院地図の徒歩道が車道から始まる位置（36.771332, 139.152774）、標高1,228.1m。地理院地図の徒歩道で山頂まで約5.4km。2026-09-25確認 ｜ 登山記録で広く使われている登山口（登山記録・登山情報サイトで名称と利用を確認。公式情報では未確認） 2026-09-25確認",
TH-gsi-keichozan,trailhead,鶏頂山登山口（高原山 西口・鶏頂山神社鳥居前）,36.914082,139.737355,WGS84,226,高原山,日本三百名山|関東百名山,,登山記録で広く使われている登山口,,,,provisional,300,,"国土地理院ベクトルタイル提供実験 地理院地図の徒歩道が車道から始まる位置（36.914082, 139.737355）、標高1,233.3m。地理院地図の徒歩道で山頂まで約4.4km 2026-09-26確認 ｜ 登山記録で広く使われている登山口（登山記録・登山情報サイトで名称と利用を確認。公式情報では未確認） 2026-09-26確認",
TH-gsi-kohan-suzuri,trailhead,湖畔の宿記念公園（榛名山 硯岩コース）,36.473353,138.859382,WGS84,284,榛名山,日本二百名山|日本三百名山|関東百名山,,登山記録で広く使われている登山口,,PK-n922076378(66m) PK-w833526473(73m) PK-n6403414538(247m) BS-kP11-22-10-bs1423(161m) BS-kP11-22-10-bs1424(161m) BS-kP11-22-10-bs1431(312m),,provisional,250,,"国土地理院ベクトルタイル提供実験 地理院地図の徒歩道が車道から始まる位置（36.473353, 138.859382）、標高1,107.3m。地理院地図の注記「湖畔」から289m。地理院地図の徒歩道で山頂まで約1.0km 2026-09-26確認 ｜ 登山記録で広く使われている登山口（登山記録・登山情報サイトで名称と利用を確認。公式情報では未確認） 2026-09-26確認",
TH-gsi-komagata-narukami,trailhead,駒形登山口（鳴神山）,36.485317,139.348423,WGS84,282,鳴神山,関東百名山,,登山記録で広く使われている登山口,,,,provisional,300,,"国土地理院ベクトルタイル提供実験 地理院地図の徒歩道が車道から始まる位置（36.485317, 139.348423）、標高485.2m。地理院地図の注記「駒形」から約0.7km。地理院地図の徒歩道で山頂まで約1.6km 2026-09-24確認 ｜ 登山記録で広く使われている登山口（登山記録・登山情報サイトで名称と利用を確認。公式情報では未確認） 2026-09-24確認",
TH-gsi-komamadai,trailhead,小間々台（高原山 小間々の女王登山口）,36.911423,139.823127,WGS84,226,高原山,日本三百名山|関東百名山,,登山記録で広く使われている登山口,,PK-w446593236(120m),,provisional,250,,"国土地理院ベクトルタイル提供実験 地理院地図の徒歩道が車道から始まる位置（36.911423, 139.823127）、標高1,148.3m。地理院地図の注記「八方ヶ原」から186m。地理院地図の徒歩道で山頂まで約5.7km 2026-09-26確認 ｜ 登山記録で広く使われている登山口（登山記録・登山情報サイトで名称と利用を確認。公式情報では未確認） 2026-09-26確認",
TH-gsi-komochi-6gobashi,trailhead,6号橋（子持山登山口）,36.573884,139.006369,WGS84,272,子持山,関東百名山,,公式情報による登山口,,,course=6号橋→しし岩1時間15分、しし岩→子持山1時間（渋川市）,adopted,300,大タルミ付近（柳木ケ峯～浅間間）で滑落事故が発生している（渋川市）、登山口の正確な位置は公式情報では未確認,"国土地理院ベクトルタイル提供実験 地理院地図の徒歩道が車道から始まる位置（36.573884, 139.006369）、標高665m。地理院地図の徒歩道で山頂まで約2.4km 2026-09-24確認 ｜ 公式情報: https://www.city.shibukawa.lg.jp/kankou/kankou/leisure/tozan/p000235.html",2026-09-24
TH-gsi-mogakitoge,trailhead,茂垣峠（稲含山登山口）,36.174288,138.830023,WGS84,331,稲含山,関東百名山,,登山記録で広く使われている登山口,,PK-g3617429_13883002(0m),,provisional,150,,"国土地理院ベクトルタイル提供実験 地理院地図の徒歩道が車道から始まる位置（36.174288, 138.830023）、標高1,065.6m。地理院地図の注記「大字秋畑」から609m。地理院地図の徒歩道で山頂まで約0.8km 2026-09-24確認 ｜ 登山記録で広く使われている登山口（登山記録・登山情報サイトで名称と利用を確認。公式情報では未確認） 2026-09-24確認",
TH-gsi-nidoagetoge,trailhead,二度上峠（浅間隠山登山口）,36.435539,138.643348,WGS84,287 293,浅間隠山、鼻曲山,日本二百名山|日本三百名山|関東百名山,二度上峠コース,公式情報による登山口,,,course=二度上峠の登山口から山頂まで約2時間15分。沢伝いに尾根まで登ると、ゆるやかな山道が続いたあと標高差200mの急な登りになる（東吾妻町）,adopted,100,"浅間隠山は標高1,756.7m。山頂からは浅間山・北アルプス・上信越の山々・関東平野を望める（東吾妻町）、峠から約770m北東（36.440799, 138.649214、標高1,334.4m）にも徒歩道が県道から始まる位置がある","国土地理院ベクトルタイル提供実験 地理院地図の徒歩道が県道から始まる位置（36.435539, 138.643348）。国土地理院 地名検索「二度上峠」（36.435673, 138.643377、JGD2011、20m差）、標高1,388.1m 2026-09-23確認 ｜ 公式情報: https://www.town.higashiagatsuma.gunma.jp/www/kankou/contents/1204118270407/index.html",2026-09-23
TH-gsi-ogochi-gozen,trailhead,御前山登山口（小河内ダム・奥多摩湖）,35.787188,139.051423,WGS84,394,御前山,関東百名山,,登山記録で広く使われている登山口,,BS-kP11-22-13-bs490(645m) BS-kP11-22-13-bs490(645m) BS-kP11-22-13-bs490(645m),,provisional,150,奥多摩湖～山頂は、ダム堰堤付近が崩落の恐れがあるため通行注意（2026年9月11日から。奥多摩ビジターセンター）、トチノキ広場から栃寄沢の区間は木橋崩落で通行止（2019年7月21日から。奥多摩ビジターセンター）,"国土地理院ベクトルタイル提供実験 地理院地図の車道の終点で徒歩道が始まる位置（35.787188, 139.051423）、標高560.1m。地理院地図の注記「小河内ダム」から279m。地理院地図の徒歩道で山頂まで約3.6km 2026-09-25確認 ｜ 登山記録で広く使われている登山口（登山記録・登山情報サイトで名称と利用を確認。公式情報では未確認） 2026-09-25確認",
TH-gsi-shimotakahara,trailhead,下高原（鹿岳登山口）,36.196807,138.719044,WGS84,329,鹿岳,関東百名山,,公式情報による登山口,,BS-kP11-22-10-bs4929(218m) BS-kP11-22-10-bs4954(930m) BS-kP11-22-10-bs4917(993m),course=下高原（南牧村）から鹿岳へのルートは一般向で約2時間（下仁田町）,adopted,200,下高原へ下山してバスを使う場合は、小沢バス停まで車道を1時間弱歩く（下仁田町）、登山口の正確な位置は公式情報では未確認,"国土地理院ベクトルタイル提供実験 地理院地図の徒歩道が車道から始まる位置（36.196807, 138.719044）、標高442.5m。地理院地図の注記「下高原」から359m。地理院地図の徒歩道で山頂まで約1.4km 2026-09-24確認 ｜ 公式情報: https://www.town.shimonita.lg.jp/kanko/m03/m05/08.html",2026-09-24
TH-gsi-shiratanisawa,trailhead,白谷沢登山口（棒ノ嶺）,35.869949,139.172176,WGS84,376,棒ノ嶺,関東百名山,,登山記録で広く使われている登山口,,,,provisional,150,,"国土地理院ベクトルタイル提供実験 地理院地図の徒歩道が車道から始まる位置（35.869949, 139.172176）、標高316.8m。地理院地図の注記「白谷沢」から198m。地理院地図の徒歩道で山頂まで約2.8km 2026-09-25確認 ｜ 登山記録で広く使われている登山口（登山記録・登山情報サイトで名称と利用を確認。公式情報では未確認） 2026-09-25確認",
TH-gsi-yagurasawa,trailhead,矢倉沢（矢倉岳ハイキングコースの起点）,35.329613,139.048596,WGS84,506,矢倉岳,関東百名山,,公式情報による登山口,,BS-kP11-22-14-bs8793(544m) BS-kP11-22-14-bs8840(738m) BS-kP11-22-14-bs9060(877m),parking=矢倉沢駐車場（矢倉沢733-1）9台、無料、終日利用可。トイレは道路向かいの矢倉沢公民館外の観光トイレ（南足柄市）,adopted,400,ハイキングコースの起点は矢倉沢公民館（南足柄市矢倉沢748）の向かい（南足柄市）、登山口の正確な位置は公式情報では未確認,"国土地理院ベクトルタイル提供実験 地理院地図の徒歩道が車道から始まる位置（35.329613, 139.048596）、標高396.9m。地理院地図の注記「矢倉沢」から362m。地理院地図の徒歩道で山頂まで約1.6km 2026-09-25確認 ｜ 公式情報: https://www.city.minamiashigara.kanagawa.jp/kankou/topics/p08595.html",2026-09-25
TH-kP11-22-08-bs3170,trailhead,小見坂上,36.2992553,140.1857277,WGS84,310,吾国山,関東百名山,,駐車場・バス停（林道・車道を経由して登山道へ）,吾国山:3.17km,BS-kP11-22-08-bs3170(0m) BS-kP11-22-08-bs3178(434m) BS-kP11-22-08-bs3160(483m),,provisional,15,公式情報または2情報源での確認が必要,"国土数値情報（バス停留所データ）令和4年度（国土交通省）P11-22-08-bs3170（JGD2011）を加工して作成 ｜ OpenStreetMap（© OpenStreetMap contributors, ODbL 1.0）Geofabrik japan-latest.osm.pbf 2026-09-23T20:22:04Z node/2088012857（登山道と道路の接続点）",
TH-kP11-22-08-bs3178,trailhead,恋瀬小学校前,36.2975794,140.1901023,WGS84,310,吾国山,関東百名山,,駐車場・バス停（林道・車道を経由して登山道へ）,吾国山:3.67km,BS-kP11-22-08-bs3178(0m) BS-kP11-22-08-bs3182(169m) BS-kP11-22-08-bs3182(169m),,provisional,15,林道からの入口（マイカー進入可否を要確認）、公式情報または2情報源での確認が必要,"国土数値情報（バス停留所データ）令和4年度（国土交通省）P11-22-08-bs3178（JGD2011）を加工して作成 ｜ OpenStreetMap（© OpenStreetMap contributors, ODbL 1.0）Geofabrik japan-latest.osm.pbf 2026-09-23T20:22:04Z node/2088012634（登山道と道路の接続点）",
TH-kP11-22-09-bs1597,trailhead,橋本,36.5895769,139.5652955,WGS84,271,石裂山,関東百名山,,駐車場・バス停（林道・車道を経由して登山道へ）,石裂山:1.82km,BS-kP11-22-09-bs1597(0m) BS-kP11-22-09-bs1563(471m) BS-kP11-22-09-bs1623(480m),,provisional,15,林道からの入口（マイカー進入可否を要確認）、公式情報または2情報源での確認が必要,"国土数値情報（バス停留所データ）令和4年度（国土交通省）P11-22-09-bs1597（JGD2011）を加工して作成 ｜ OpenStreetMap（© OpenStreetMap contributors, ODbL 1.0）Geofabrik japan-latest.osm.pbf 2026-09-23T20:22:04Z node/1314830464（登山道と道路の接続点）",
TH-kP11-22-09-bs3229,trailhead,かかしの里東,36.3465707,139.6758955,WGS84,306,晃石山,関東百名山,,駐車場・バス停（林道・車道を経由して登山道へ）,晃石山:2.64km,PK-w490244255(308m) BS-kP11-22-09-bs3229(0m) BS-kP11-22-09-bs3201(737m),OSM登山ルート: KFT - T10 - Kakashi no sato budou no michi,provisional,15,林道からの入口（マイカー進入可否を要確認）、公式情報または2情報源での確認が必要,"国土数値情報（バス停留所データ）令和4年度（国土交通省）P11-22-09-bs3229（JGD2011）を加工して作成 ｜ OpenStreetMap（© OpenStreetMap contributors, ODbL 1.0）Geofabrik japan-latest.osm.pbf 2026-09-23T20:22:04Z node/2086527438（登山道と道路の接続点）",
TH-kP11-22-10-bs1491,trailhead,神社裏山,36.4639799,138.8539695,WGS84,284,榛名山,日本二百名山|日本三百名山|関東百名山,,駐車場・バス停（林道・車道を経由して登山道へ）,榛名山:5.06km,BS-kP11-22-10-bs1491(0m) BS-kP11-22-10-bs1519(731m) BS-kP11-22-10-bs1442(830m),,provisional,15,林道からの入口（マイカー進入可否を要確認）、公式情報または2情報源での確認が必要,"国土数値情報（バス停留所データ）令和4年度（国土交通省）P11-22-10-bs1491（JGD2011）を加工して作成 ｜ OpenStreetMap（© OpenStreetMap contributors, ODbL 1.0）Geofabrik japan-latest.osm.pbf 2026-09-23T20:22:04Z node/8513063637（登山道と道路の接続点）",
TH-kP11-22-10-bs1628,trailhead,自然観察の森,36.4419759,139.3255161,WGS84,282,鳴神山,関東百名山,,駐車場・バス停（林道・車道を経由して登山道へ）,鳴神山:8.06km,PK-w1313022447(38m) BS-kP11-22-10-bs1628(0m) BS-kP11-22-10-bs1664(517m) BS-kP11-22-10-bs1676(748m),,provisional,15,近くの道路にゲートあり（車両通行止め・季節閉鎖の可能性）、公式情報または2情報源での確認が必要,"国土数値情報（バス停留所データ）令和4年度（国土交通省）P11-22-10-bs1628（JGD2011）を加工して作成 ｜ OpenStreetMap（© OpenStreetMap contributors, ODbL 1.0）Geofabrik japan-latest.osm.pbf 2026-09-23T20:22:04Z node/1515374060（登山道と道路の接続点） ｜ 国土地理院 地名検索「自然観察の森」（36.444440, 139.326299、JGD2011、281m差）2026-09-20確認",2026-09-20
TH-kP11-22-10-bs1665,trailhead,さわらび療育園入口,36.4378899,138.8315184,WGS84,284,榛名山,日本二百名山|日本三百名山|関東百名山,,駐車場・バス停（林道・車道を経由して登山道へ）,榛名山:6.21km,BS-kP11-22-10-bs1665(0m) BS-kP11-22-10-bs1637(604m) BS-kP11-22-10-bs1723(784m),,provisional,15,近くの道路にゲートあり（車両通行止め・季節閉鎖の可能性）、林道からの入口（マイカー進入可否を要確認）、公式情報または2情報源での確認が必要,"国土数値情報（バス停留所データ）令和4年度（国土交通省）P11-22-10-bs1665（JGD2011）を加工して作成 ｜ OpenStreetMap（© OpenStreetMap contributors, ODbL 1.0）Geofabrik japan-latest.osm.pbf 2026-09-23T20:22:04Z node/2073048159（登山道と道路の接続点）",
TH-kP11-22-10-bs1670,trailhead,大門,36.4374238,139.3589,WGS84,282,鳴神山,関東百名山,,駐車場・バス停（林道・車道を経由して登山道へ）,鳴神山:7.41km,PK-w444050980(118m) PK-w673544696(197m) BS-kP11-22-10-bs1670(0m) BS-kP11-22-10-bs1673(249m) BS-kP11-22-10-bs1683(274m),,provisional,15,近くの道路にゲートあり（車両通行止め・季節閉鎖の可能性）、林道からの入口（マイカー進入可否を要確認）、公式情報または2情報源での確認が必要,"国土数値情報（バス停留所データ）令和4年度（国土交通省）P11-22-10-bs1670（JGD2011）を加工して作成 ｜ OpenStreetMap（© OpenStreetMap contributors, ODbL 1.0）Geofabrik japan-latest.osm.pbf 2026-09-23T20:22:04Z node/1515376337（登山道と道路の接続点）",
TH-kP11-22-10-bs1683,trailhead,旧女子高前,36.4354984,139.3569794,WGS84,282,鳴神山,関東百名山,,駐車場・バス停（林道・車道を経由して登山道へ）,鳴神山:7.87km,PK-w444050980(386m) PK-w673544696(467m) BS-kP11-22-10-bs1683(0m) BS-kP11-22-10-bs1683(0m) BS-kP11-22-10-bs1693(223m),,provisional,15,近くの道路にゲートあり（車両通行止め・季節閉鎖の可能性）、林道からの入口（マイカー進入可否を要確認）、公式情報または2情報源での確認が必要,"国土数値情報（バス停留所データ）令和4年度（国土交通省）P11-22-10-bs1683（JGD2011）を加工して作成 ｜ OpenStreetMap（© OpenStreetMap contributors, ODbL 1.0）Geofabrik japan-latest.osm.pbf 2026-09-23T20:22:04Z node/1515374645（登山道と道路の接続点）",
TH-kP11-22-10-bs1776,trailhead,鷹ノ巣入口,36.4249573,139.3128567,WGS84,282,鳴神山,関東百名山,,駐車場・バス停（林道・車道を経由して登山道へ）,鳴神山:9.93km,PK-w1340187960(208m) PK-w1340187961(232m) PK-w1342112214(297m) BS-kP11-22-10-bs1776(0m) BS-kP11-22-10-bs1812(350m) BS-kP11-22-10-bs1734(534m),,provisional,15,近くの道路にゲートあり（車両通行止め・季節閉鎖の可能性）、林道からの入口（マイカー進入可否を要確認）、公式情報または2情報源での確認が必要,"国土数値情報（バス停留所データ）令和4年度（国土交通省）P11-22-10-bs1776（JGD2011）を加工して作成 ｜ OpenStreetMap（© OpenStreetMap contributors, ODbL 1.0）Geofabrik japan-latest.osm.pbf 2026-09-23T20:22:04Z node/1515359723（登山道と道路の接続点）",
TH-kP11-22-10-bs1812,trailhead,峠,36.4217988,139.3125341,WGS84,282,鳴神山,関東百名山,,駐車場・バス停（林道・車道を経由して登山道へ）,鳴神山:10.36km,PK-w1340188108(16m) PK-w1342112214(53m) PK-w1307747027(232m) BS-kP11-22-10-bs1812(0m) BS-kP11-22-10-bs1776(350m) BS-kP11-22-10-bs1844(449m),,provisional,15,近くの道路にゲートあり（車両通行止め・季節閉鎖の可能性）、林道からの入口（マイカー進入可否を要確認）、公式情報または2情報源での確認が必要,"国土数値情報（バス停留所データ）令和4年度（国土交通省）P11-22-10-bs1812（JGD2011）を加工して作成 ｜ OpenStreetMap（© OpenStreetMap contributors, ODbL 1.0）Geofabrik japan-latest.osm.pbf 2026-09-23T20:22:04Z node/2584544864（登山道と道路の接続点）",
TH-kP11-22-10-bs22,trailhead,谷川岳ロープウェイ駅,36.8367473,138.9621797,WGS84,229,朝日岳,日本三百名山|関東百名山,,駐車場・バス停（林道・車道を経由して登山道へ）,朝日岳:14.93km,PK-n5192845383(76m) PK-n5192845382(196m) PK-n5192845381(312m) BS-kP11-22-10-bs22(0m) BS-n13947504984(33m) BS-n13947504978(43m),,provisional,15,林道上の地点（尾根上の峠・山小屋の可能性。登山口かどうか要確認）、林道からの入口（マイカー進入可否を要確認）、公式情報または2情報源での確認が必要,"国土数値情報（バス停留所データ）令和4年度（国土交通省）P11-22-10-bs22（JGD2011）を加工して作成 ｜ OpenStreetMap（© OpenStreetMap contributors, ODbL 1.0）Geofabrik japan-latest.osm.pbf 2026-09-23T20:22:04Z node/8442139275（登山道と道路の接続点） ｜ 国土地理院 地名検索「土合口駅」（36.836356, 138.961947、JGD2011、48m差）2026-09-20確認",2026-09-20
TH-kP11-22-10-bs268,trailhead,東石墨,36.6735111,139.0432297,WGS84,256,三峰山,関東百名山,,駐車場・バス停（林道・車道を経由して登山道へ）,三峰山:6.91km,BS-kP11-22-10-bs268(0m) BS-kP11-22-10-bs274(509m) BS-kP11-22-10-bs252(535m),,provisional,15,公式情報または2情報源での確認が必要,"国土数値情報（バス停留所データ）令和4年度（国土交通省）P11-22-10-bs268（JGD2011）を加工して作成 ｜ OpenStreetMap（© OpenStreetMap contributors, ODbL 1.0）Geofabrik japan-latest.osm.pbf 2026-09-23T20:22:04Z node/2099891038（登山道と道路の接続点）",
TH-kP11-22-10-bs4917,trailhead,上高原,36.2007387,138.7090993,WGS84,329,鹿岳,関東百名山,,駐車場・バス停（林道・車道を経由して登山道へ）,鹿岳:1.94km,BS-kP11-22-10-bs4917(0m) BS-kP11-22-10-bs4929(781m),,provisional,15,林道からの入口（マイカー進入可否を要確認）、公式情報または2情報源での確認が必要,"国土数値情報（バス停留所データ）令和4年度（国土交通省）P11-22-10-bs4917（JGD2011）を加工して作成 ｜ OpenStreetMap（© OpenStreetMap contributors, ODbL 1.0）Geofabrik japan-latest.osm.pbf 2026-09-23T20:22:04Z node/2018861352（登山道と道路の接続点） ｜ 国土地理院 地名検索「上高原」（36.200900, 138.709106、JGD2011、18m差）2026-09-20確認",2026-09-20
TH-kP11-22-10-bs4929,trailhead,オモリ下,36.1979982,138.7171123,WGS84,329,鹿岳,関東百名山,,駐車場・バス停（林道・車道を経由して登山道へ）,鹿岳:1.38km,BS-kP11-22-10-bs4929(0m) BS-kP11-22-10-bs4917(781m),,provisional,15,公式情報または2情報源での確認が必要,"国土数値情報（バス停留所データ）令和4年度（国土交通省）P11-22-10-bs4929（JGD2011）を加工して作成 ｜ OpenStreetMap（© OpenStreetMap contributors, ODbL 1.0）Geofabrik japan-latest.osm.pbf 2026-09-23T20:22:04Z node/9387309959（登山道と道路の接続点）",
TH-kP11-22-10-bs4954,trailhead,大久保集会所前,36.1912548,138.7268218,WGS84,329,鹿岳,関東百名山,,駐車場・バス停（林道・車道を経由して登山道へ）,鹿岳:2.22km,BS-kP11-22-10-bs4954(0m) BS-kP11-22-10-bs4967(673m) BS-kP11-22-10-bs4968(756m),,provisional,15,林道からの入口（マイカー進入可否を要確認）、公式情報または2情報源での確認が必要,"国土数値情報（バス停留所データ）令和4年度（国土交通省）P11-22-10-bs4954（JGD2011）を加工して作成 ｜ OpenStreetMap（© OpenStreetMap contributors, ODbL 1.0）Geofabrik japan-latest.osm.pbf 2026-09-23T20:22:04Z node/2018860593（登山道と道路の接続点）",
TH-kP11-22-11-bs3807,trailhead,白川橋,35.9613242,138.9740233,WGS84,356,秩父御岳山,関東百名山,,駐車場・バス停（林道・車道を経由して登山道へ）,秩父御岳山:4.18km,PK-w1272465172(351m) BS-kP11-22-11-bs3807(0m) BS-kP11-22-11-bs3853(451m) BS-kP11-22-11-bs3853(451m),,provisional,15,林道からの入口（マイカー進入可否を要確認）、公式情報または2情報源での確認が必要,"国土数値情報（バス停留所データ）令和4年度（国土交通省）P11-22-11-bs3807（JGD2011）を加工して作成 ｜ OpenStreetMap（© OpenStreetMap contributors, ODbL 1.0）Geofabrik japan-latest.osm.pbf 2026-09-23T20:22:04Z node/1998588183（登山道と道路の接続点） ｜ 国土地理院 地名検索「白川橋」（35.960985, 138.974579、JGD2011、63m差）2026-09-20確認",2026-09-20
TH-kP11-22-11-bs4019,trailhead,落合,35.9529131,138.9389512,WGS84,356,秩父御岳山,関東百名山,,駐車場・バス停（林道・車道を経由して登山道へ）,秩父御岳山:1.78km,PK-w242819636(295m) PK-w242819638(297m) PK-w438503427(331m) BS-kP11-22-11-bs4019(0m) BS-kP11-22-11-bs4013(270m) BS-kP11-22-11-bs4093(294m),,provisional,15,公式情報または2情報源での確認が必要,"国土数値情報（バス停留所データ）令和4年度（国土交通省）P11-22-11-bs4019（JGD2011）を加工して作成 ｜ OpenStreetMap（© OpenStreetMap contributors, ODbL 1.0）Geofabrik japan-latest.osm.pbf 2026-09-23T20:22:04Z node/5151132598（登山道と道路の接続点） ｜ 国土地理院 地名検索「落合」（35.953325, 138.937008、JGD2011、181m差）2026-09-20確認",2026-09-20
TH-kP11-22-12-bs10112,trailhead,日の出橋,35.2291046,139.9966644,WGS84,549,高宕山,関東百名山,,駐車場・バス停（林道・車道を経由して登山道へ）,高宕山:4.8km,BS-kP11-22-12-bs10112(0m) BS-kP11-22-12-bs10121(425m) BS-kP11-22-12-bs10102(558m),,provisional,15,近くの道路にゲートあり（車両通行止め・季節閉鎖の可能性）、公式情報または2情報源での確認が必要,"国土数値情報（バス停留所データ）令和4年度（国土交通省）P11-22-12-bs10112（JGD2011）を加工して作成 ｜ OpenStreetMap（© OpenStreetMap contributors, ODbL 1.0）Geofabrik japan-latest.osm.pbf 2026-09-23T20:22:04Z node/1514032767（登山道と道路の接続点）",
TH-kP11-22-12-bs10560,trailhead,山田,35.0991442,139.9554212,WGS84,582,御殿山,関東百名山,,駐車場・バス停（林道・車道を経由して登山道へ）,御殿山:1.81km,BS-kP11-22-12-bs10560(0m) BS-kP11-22-12-bs10569(886m),,provisional,15,林道からの入口（マイカー進入可否を要確認）、公式情報または2情報源での確認が必要,"国土数値情報（バス停留所データ）令和4年度（国土交通省）P11-22-12-bs10560（JGD2011）を加工して作成 ｜ OpenStreetMap（© OpenStreetMap contributors, ODbL 1.0）Geofabrik japan-latest.osm.pbf 2026-09-23T20:22:04Z node/1386805233（登山道と道路の接続点）",
TH-kP11-22-12-bs10569,trailhead,山田中,35.0978942,139.9458084,WGS84,582,御殿山,関東百名山,,駐車場・バス停（林道・車道を経由して登山道へ）,御殿山:1.16km,BS-kP11-22-12-bs10569(0m) BS-kP11-22-12-bs10560(886m),,provisional,15,林道からの入口（マイカー進入可否を要確認）、公式情報または2情報源での確認が必要,"国土数値情報（バス停留所データ）令和4年度（国土交通省）P11-22-12-bs10569（JGD2011）を加工して作成 ｜ OpenStreetMap（© OpenStreetMap contributors, ODbL 1.0）Geofabrik japan-latest.osm.pbf 2026-09-23T20:22:04Z node/1386825685（登山道と道路の接続点） ｜ 国土地理院 地名検索「千葉県南房総市山田」（35.096546, 139.947556、JGD2011、218m差）2026-09-20確認",2026-09-20
TH-kP11-22-12-bs10599,trailhead,宮谷口,35.0910985,139.8699519,WGS84,581,富山,関東百名山,,駐車場・バス停（林道・車道を経由して登山道へ）,富山:1.52km,BS-kP11-22-12-bs10599(0m) BS-kP11-22-12-bs10612(392m) BS-kP11-22-12-bs10592(667m),OSM登山ルート: 伊予ヶ岳-富山,provisional,15,公式情報または2情報源での確認が必要,"国土数値情報（バス停留所データ）令和4年度（国土交通省）P11-22-12-bs10599（JGD2011）を加工して作成 ｜ OpenStreetMap（© OpenStreetMap contributors, ODbL 1.0）Geofabrik japan-latest.osm.pbf 2026-09-23T20:22:04Z node/1386844084（登山道と道路の接続点）",
TH-kP11-22-13-bs11043,trailhead,大垂水,35.6199022,139.2302134,WGS84,416 422,陣馬山、高尾山,関東百名山,OSM登山道「学習の歩道」,駐車場・バス停（林道・車道を経由して登山道へ）,陣馬山:9.36km 高尾山:1.37km,BS-kP11-22-13-bs11043(0m),OSM登山ルート: KFT - TK1 - Mizuumi no michi、KFT - TK2 - Tori no michi,adopted,15,近くの道路にゲートあり（車両通行止め・季節閉鎖の可能性）,"国土数値情報（バス停留所データ）令和4年度（国土交通省）P11-22-13-bs11043（JGD2011）を加工して作成 ｜ OpenStreetMap（© OpenStreetMap contributors, ODbL 1.0）Geofabrik japan-latest.osm.pbf 2026-09-23T20:22:04Z node/4408992187（登山道と道路の接続点） ｜ 国土地理院 地名検索「大垂水峠」（35.620927, 139.228134、JGD2011、220m差）2026-09-20確認",2026-09-20
TH-kP11-22-13-bs11093,trailhead,山下,35.6182308,139.261135,WGS84,416 422,陣馬山、高尾山,関東百名山,OSM登山道「国土地理院地図によるルート」、OSM登山道「国土地理院地図よるルート」,駐車場・バス停（林道・車道を経由して登山道へ）,陣馬山:15.52km 高尾山:8.71km,PK-w1355331429(224m) PK-w769544409(404m) PK-n7183371398(415m) BS-kP11-22-13-bs11093(0m) BS-kP11-22-13-bs10995(353m),OSM登山ルート: KFT - TK1 - Mizuumi no michi、関東ふれあいの道 - 神奈川14 - 峰の薬師へのみち,provisional,15,近くの道路にゲートあり（車両通行止め・季節閉鎖の可能性）、公式情報または2情報源での確認が必要,"国土数値情報（バス停留所データ）令和4年度（国土交通省）P11-22-13-bs11093（JGD2011）を加工して作成 ｜ OpenStreetMap（© OpenStreetMap contributors, ODbL 1.0）Geofabrik japan-latest.osm.pbf 2026-09-23T20:22:04Z node/1456908097（登山道と道路の接続点）",
TH-kP11-22-13-bs131,trailhead,小中茶屋,35.8404278,139.1582686,WGS84,378,川苔山,関東百名山,,駐車場・バス停（林道・車道を経由して登山道へ）,川苔山:11.47km,BS-kP11-22-13-bs131(0m) BS-kP11-22-13-bs131(0m) BS-kP11-22-13-bs128(196m),,provisional,15,近くの道路にゲートあり（車両通行止め・季節閉鎖の可能性）、林道からの入口（マイカー進入可否を要確認）、公式情報または2情報源での確認が必要,"国土数値情報（バス停留所データ）令和4年度（国土交通省）P11-22-13-bs131（JGD2011）を加工して作成 ｜ OpenStreetMap（© OpenStreetMap contributors, ODbL 1.0）Geofabrik japan-latest.osm.pbf 2026-09-23T20:22:04Z node/1592278155（登山道と道路の接続点）",
TH-kP11-22-13-bs1733,trailhead,庄の指,35.7627469,138.9930949,WGS84,399,三頭山,日本三百名山|関東百名山,,駐車場・バス停（林道・車道を経由して登山道へ）,三頭山:4.09km,BS-kP11-22-13-bs1733(0m) BS-kP11-22-19-bs380(609m) BS-kP11-22-19-bs380(609m),,provisional,15,林道からの入口（マイカー進入可否を要確認）、公式情報または2情報源での確認が必要,"国土数値情報（バス停留所データ）令和4年度（国土交通省）P11-22-13-bs1733（JGD2011）を加工して作成 ｜ OpenStreetMap（© OpenStreetMap contributors, ODbL 1.0）Geofabrik japan-latest.osm.pbf 2026-09-23T20:22:04Z node/1597714722（登山道と道路の接続点）",
TH-kP11-22-13-bs191,trailhead,寺地,35.8175309,139.0862816,WGS84,382,鷹ノ巣山,関東百名山,,駐車場・バス停（林道・車道を経由して登山道へ）,鷹ノ巣山:8.73km,BS-kP11-22-13-bs191(0m) BS-kP11-22-13-bs191(0m) BS-kP11-22-13-bs182(566m),,provisional,15,林道からの入口（マイカー進入可否を要確認）、公式情報または2情報源での確認が必要,"国土数値情報（バス停留所データ）令和4年度（国土交通省）P11-22-13-bs191（JGD2011）を加工して作成 ｜ OpenStreetMap（© OpenStreetMap contributors, ODbL 1.0）Geofabrik japan-latest.osm.pbf 2026-09-23T20:22:04Z node/1593265084（登山道と道路の接続点） ｜ 国土地理院 地名検索「寺地」（35.817656, 139.086361、JGD2011、16m差）2026-09-20確認",2026-09-20
TH-kP11-22-13-bs3042,trailhead,白岩沢前,35.7379588,139.0630797,WGS84,404,浅間嶺,関東百名山,,駐車場・バス停（林道・車道を経由して登山道へ）,浅間嶺:4.98km,BS-kP11-22-13-bs3042(0m) BS-kP11-22-13-bs2921(229m) BS-kP11-22-13-bs2884(427m),,provisional,15,近くの道路にゲートあり（車両通行止め・季節閉鎖の可能性）、林道からの入口（マイカー進入可否を要確認）、公式情報または2情報源での確認が必要,"国土数値情報（バス停留所データ）令和4年度（国土交通省）P11-22-13-bs3042（JGD2011）を加工して作成 ｜ OpenStreetMap（© OpenStreetMap contributors, ODbL 1.0）Geofabrik japan-latest.osm.pbf 2026-09-23T20:22:04Z node/1401022296（登山道と道路の接続点）",
TH-kP11-22-13-bs3065,trailhead,尾崎橋,35.7375201,139.0907787,WGS84,394 396,御前山、大岳山,関東百名山|日本二百名山|日本三百名山,,駐車場・バス停（林道・車道を経由して登山道へ）,御前山:4.9km 大岳山:10.42km,BS-kP11-22-13-bs3065(0m) BS-kP11-22-13-bs2985(387m) BS-kP11-22-13-bs3288(672m),,provisional,15,林道からの入口（マイカー進入可否を要確認）、公式情報または2情報源での確認が必要,"国土数値情報（バス停留所データ）令和4年度（国土交通省）P11-22-13-bs3065（JGD2011）を加工して作成 ｜ OpenStreetMap（© OpenStreetMap contributors, ODbL 1.0）Geofabrik japan-latest.osm.pbf 2026-09-23T20:22:04Z node/1401025740（登山道と道路の接続点）",
TH-kP11-22-13-bs3327,trailhead,下川,35.7338589,139.1128154,WGS84,394 396,御前山、大岳山,関東百名山|日本二百名山|日本三百名山,,駐車場・バス停（林道・車道を経由して登山道へ）,御前山:5.38km 大岳山:10.9km,BS-kP11-22-13-bs3327(0m) BS-kP11-22-13-bs3471(311m) BS-kP11-22-13-bs3336(341m),,provisional,15,近くの道路にゲートあり（車両通行止め・季節閉鎖の可能性）、林道からの入口（マイカー進入可否を要確認）、公式情報または2情報源での確認が必要,"国土数値情報（バス停留所データ）令和4年度（国土交通省）P11-22-13-bs3327（JGD2011）を加工して作成 ｜ OpenStreetMap（© OpenStreetMap contributors, ODbL 1.0）Geofabrik japan-latest.osm.pbf 2026-09-23T20:22:04Z node/1401026391（登山道と道路の接続点）",
TH-kP11-22-13-bs3336,trailhead,小和田坂,35.7336981,139.1165815,WGS84,404,浅間嶺,関東百名山,,駐車場・バス停（林道・車道を経由して登山道へ）,浅間嶺:2.84km,BS-kP11-22-13-bs3336(0m) BS-kP11-22-13-bs3327(341m) BS-kP11-22-13-bs3471(597m),,provisional,15,近くの道路にゲートあり（車両通行止め・季節閉鎖の可能性）、林道からの入口（マイカー進入可否を要確認）、公式情報または2情報源での確認が必要,"国土数値情報（バス停留所データ）令和4年度（国土交通省）P11-22-13-bs3336（JGD2011）を加工して作成 ｜ OpenStreetMap（© OpenStreetMap contributors, ODbL 1.0）Geofabrik japan-latest.osm.pbf 2026-09-23T20:22:04Z node/5710378480（登山道と道路の接続点）",
TH-kP11-22-13-bs3471,trailhead,小岩,35.7318765,139.1103672,WGS84,404,浅間嶺,関東百名山,,駐車場・バス停（林道・車道を経由して登山道へ）,浅間嶺:2.21km,BS-kP11-22-13-bs3471(0m) BS-kP11-22-13-bs3327(311m) BS-kP11-22-13-bs3336(597m),,provisional,15,近くの道路にゲートあり（車両通行止め・季節閉鎖の可能性）、林道からの入口（マイカー進入可否を要確認）、公式情報または2情報源での確認が必要,"国土数値情報（バス停留所データ）令和4年度（国土交通省）P11-22-13-bs3471（JGD2011）を加工して作成 ｜ OpenStreetMap（© OpenStreetMap contributors, ODbL 1.0）Geofabrik japan-latest.osm.pbf 2026-09-23T20:22:04Z node/11053352632（登山道と道路の接続点） ｜ 国土地理院 地名検索「小岩」（35.732442, 139.111364、JGD2011、110m差）2026-09-20確認",2026-09-20
TH-kP11-22-13-bs4237,trailhead,留原上,35.7225916,139.2329566,WGS84,413,生藤山,関東百名山,,駐車場・バス停（林道・車道を経由して登山道へ）,生藤山:15.58km,PK-w219931594(189m) PK-w187142136(190m) PK-w219492799(195m) BS-kP11-22-13-bs4237(0m) BS-kP11-22-13-bs4161(98m) BS-kP11-22-13-bs4161(98m),,provisional,15,近くの道路にゲートあり（車両通行止め・季節閉鎖の可能性）、公式情報または2情報源での確認が必要,"国土数値情報（バス停留所データ）令和4年度（国土交通省）P11-22-13-bs4237（JGD2011）を加工して作成 ｜ OpenStreetMap（© OpenStreetMap contributors, ODbL 1.0）Geofabrik japan-latest.osm.pbf 2026-09-23T20:22:04Z node/2973434359（登山道と道路の接続点）",
TH-kP11-22-13-bs4859,trailhead,西川橋,35.7134053,139.086463,WGS84,399 413,三頭山、生藤山,日本三百名山|関東百名山,,駐車場・バス停（林道・車道を経由して登山道へ）,三頭山:12.89km 生藤山:7.82km,BS-kP11-22-13-bs4859(0m) BS-kP11-22-13-bs4908(297m) BS-kP11-22-13-bs4908(297m),,provisional,15,公式情報または2情報源での確認が必要,"国土数値情報（バス停留所データ）令和4年度（国土交通省）P11-22-13-bs4859（JGD2011）を加工して作成 ｜ OpenStreetMap（© OpenStreetMap contributors, ODbL 1.0）Geofabrik japan-latest.osm.pbf 2026-09-23T20:22:04Z node/1401017219（登山道と道路の接続点）",
TH-kP11-22-13-bs5100,trailhead,下和田,35.7105408,139.0926825,WGS84,399,三頭山,日本三百名山|関東百名山,,駐車場・バス停（林道・車道を経由して登山道へ）,三頭山:12.48km,BS-kP11-22-13-bs5100(0m) BS-kP11-22-13-bs4908(365m) BS-kP11-22-13-bs4908(365m),,provisional,15,林道からの入口（マイカー進入可否を要確認）、公式情報または2情報源での確認が必要,"国土数値情報（バス停留所データ）令和4年度（国土交通省）P11-22-13-bs5100（JGD2011）を加工して作成 ｜ OpenStreetMap（© OpenStreetMap contributors, ODbL 1.0）Geofabrik japan-latest.osm.pbf 2026-09-23T20:22:04Z node/13404402114（登山道と道路の接続点）",
TH-kP11-22-13-bs5752,trailhead,美山町,35.7029618,139.2301154,WGS84,413,生藤山,関東百名山,OSM登山道「参道」,駐車場・バス停（林道・車道を経由して登山道へ）,生藤山:14.04km,PK-w1280348812(165m) PK-w1280348813(286m) BS-kP11-22-13-bs5752(0m) BS-kP11-22-13-bs6003(548m) BS-kP11-22-13-bs6003(548m),,provisional,15,近くの道路にゲートあり（車両通行止め・季節閉鎖の可能性）、林道からの入口（マイカー進入可否を要確認）、公式情報または2情報源での確認が必要,"国土数値情報（バス停留所データ）令和4年度（国土交通省）P11-22-13-bs5752（JGD2011）を加工して作成 ｜ OpenStreetMap（© OpenStreetMap contributors, ODbL 1.0）Geofabrik japan-latest.osm.pbf 2026-09-23T20:22:04Z node/3088033733（登山道と道路の接続点）",
TH-kP11-22-14-bs10007,trailhead,旭丘高校第2校地,35.258074,139.1134235,WGS84,516 519,金時山、明神ヶ岳,日本三百名山|関東百名山,,駐車場・バス停（林道・車道を経由して登山道へ）,金時山:14.51km 明神ヶ岳:8.57km,BS-kP11-22-14-bs10007(0m) BS-n7213345731(896m),,provisional,15,近くの道路にゲートあり（車両通行止め・季節閉鎖の可能性）、林道からの入口（マイカー進入可否を要確認）、公式情報または2情報源での確認が必要,"国土数値情報（バス停留所データ）令和4年度（国土交通省）P11-22-14-bs10007（JGD2011）を加工して作成 ｜ OpenStreetMap（© OpenStreetMap contributors, ODbL 1.0）Geofabrik japan-latest.osm.pbf 2026-09-23T20:22:04Z node/2348958092（登山道と道路の接続点）",
TH-kP11-22-14-bs10026,trailhead,しょうぶ園,35.2567413,139.6419204,WGS84,529,大楠山,関東百名山,,駐車場・バス停（林道・車道を経由して登山道へ）,大楠山:1.48km,PK-w1382221525(24m) PK-w1382221524(38m) PK-w478295267(471m) BS-kP11-22-14-bs10026(0m) BS-kP11-22-14-bs10004(215m) BS-kP11-22-14-bs9998(326m),,provisional,15,近くの道路にゲートあり（車両通行止め・季節閉鎖の可能性）、林道からの入口（マイカー進入可否を要確認）、公式情報または2情報源での確認が必要,"国土数値情報（バス停留所データ）令和4年度（国土交通省）P11-22-14-bs10026（JGD2011）を加工して作成 ｜ OpenStreetMap（© OpenStreetMap contributors, ODbL 1.0）Geofabrik japan-latest.osm.pbf 2026-09-23T20:22:04Z node/3635053621（登山道と道路の接続点）",
TH-kP11-22-14-bs10348,trailhead,箱根湯の花プリンスホテル,35.2257649,139.0371514,WGS84,536,箱根山,日本三百名山|関東百名山,,駐車場・バス停（林道・車道を経由して登山道へ）,箱根山:2.56km,BS-kP11-22-14-bs10348(0m) BS-kP11-22-14-bs10354(559m) BS-kP11-22-14-bs10385(717m),,provisional,15,近くの道路にゲートあり（車両通行止め・季節閉鎖の可能性）、林道からの入口（マイカー進入可否を要確認）、公式情報または2情報源での確認が必要,"国土数値情報（バス停留所データ）令和4年度（国土交通省）P11-22-14-bs10348（JGD2011）を加工して作成 ｜ OpenStreetMap（© OpenStreetMap contributors, ODbL 1.0）Geofabrik japan-latest.osm.pbf 2026-09-23T20:22:04Z node/1436462135（登山道と道路の接続点）",
TH-kP11-22-14-bs10516,trailhead,八貫山,35.18418,139.1327784,WGS84,557,幕山,関東百名山,,駐車場・バス停（林道・車道を経由して登山道へ）,幕山:6.14km,PK-w1058680733(410m) BS-kP11-22-14-bs10516(0m) BS-kP11-22-14-bs10519(245m) BS-kP11-22-14-bs10513(277m),,provisional,15,林道からの入口（マイカー進入可否を要確認）、公式情報または2情報源での確認が必要,"国土数値情報（バス停留所データ）令和4年度（国土交通省）P11-22-14-bs10516（JGD2011）を加工して作成 ｜ OpenStreetMap（© OpenStreetMap contributors, ODbL 1.0）Geofabrik japan-latest.osm.pbf 2026-09-23T20:22:04Z node/1446283086（登山道と道路の接続点）",
TH-kP11-22-14-bs10542,trailhead,幕山公園（湯河原梅林・幕山登山口）,35.1655427,139.090363,WGS84,557,幕山,関東百名山,,駐車場・バス停（林道・車道を経由して登山道へ）,幕山:1.42km,PK-w1371167470(18m) PK-w1371167468(174m) PK-w1371167471(247m) BS-kP11-22-14-bs10542(0m) BS-kP11-22-14-bs10545(341m) BS-kP11-22-14-bs10551(811m),,provisional,15,近くの道路にゲートあり（車両通行止め・季節閉鎖の可能性）、公式情報または2情報源での確認が必要,"国土数値情報（バス停留所データ）令和4年度（国土交通省）P11-22-14-bs10542（JGD2011）を加工して作成 ｜ OpenStreetMap（© OpenStreetMap contributors, ODbL 1.0）Geofabrik japan-latest.osm.pbf 2026-09-23T20:22:04Z node/9123565527（登山道と道路の接続点） ｜ 登山記録で広く使われている登山口（登山記録・登山情報サイトで名称と利用を確認。公式情報では未確認） 2026-09-25確認",
TH-kP11-22-14-bs1604,trailhead,西野々,35.5581693,139.1757993,WGS84,453 456 457,蛭ヶ岳、檜洞丸、丹沢山,関東百名山|日本百名山|日本二百名山|日本三百名山,,駐車場・バス停（林道・車道を経由して登山道へ）,蛭ヶ岳:10.45km 檜洞丸:14.78km 丹沢山:13.89km,BS-kP11-22-14-bs1604(0m) BS-kP11-22-14-bs1635(306m) BS-kP11-22-14-bs1559(473m),,provisional,15,林道からの入口（マイカー進入可否を要確認）、公式情報または2情報源での確認が必要,"国土数値情報（バス停留所データ）令和4年度（国土交通省）P11-22-14-bs1604（JGD2011）を加工して作成 ｜ OpenStreetMap（© OpenStreetMap contributors, ODbL 1.0）Geofabrik japan-latest.osm.pbf 2026-09-23T20:22:04Z node/1654457479（登山道と道路の接続点） ｜ 国土地理院 地名検索「西野々」（35.557913, 139.176586、JGD2011、77m差）2026-09-20確認",2026-09-20
TH-kP11-22-14-bs2030,trailhead,青根諏訪神社前,35.5433835,139.1278943,WGS84,453 456 457 461,蛭ヶ岳、檜洞丸、丹沢山、塔ノ岳,関東百名山|日本百名山|日本二百名山|日本三百名山,,駐車場・バス停（林道・車道を経由して登山道へ）,蛭ヶ岳:8.23km 檜洞丸:12.55km 丹沢山:11.66km 塔ノ岳:14.31km,PK-w1558280290(93m) PK-w1429653792(95m) PK-n7416028558(129m) BS-kP11-22-14-bs2030(0m) BS-kP11-22-14-bs2013(72m) BS-kP11-22-14-bs1994(170m),,provisional,15,近くの道路にゲートあり（車両通行止め・季節閉鎖の可能性）、林道からの入口（マイカー進入可否を要確認）、公式情報または2情報源での確認が必要,"国土数値情報（バス停留所データ）令和4年度（国土交通省）P11-22-14-bs2030（JGD2011）を加工して作成 ｜ OpenStreetMap（© OpenStreetMap contributors, ODbL 1.0）Geofabrik japan-latest.osm.pbf 2026-09-23T20:22:04Z node/13142002204（登山道と道路の接続点）",
TH-kP11-22-14-bs4379,trailhead,西丹沢ビジターセンター（大室山登山口）,35.4717227,139.062981,WGS84,443 456,大室山、檜洞丸,関東百名山,,駐車場・バス停（林道・車道を経由して登山道へ）,大室山:10.94km 檜洞丸:16.08km,PK-w367415547(9m) BS-kP11-22-14-bs4379(0m) BS-kP11-22-14-bs4481(380m) BS-kP11-22-14-bs4611(893m),course=西丹沢ビジターセンター～犬越路～大室山（往復）約6時間30分（神奈川県公園協会）,adopted,15,近くの道路にゲートあり（車両通行止め・季節閉鎖の可能性）、林道からの入口（マイカー進入可否を要確認）、用木沢～犬越路間は通行可能になったが、十分注意して通行すること（神奈川県公園協会）,"国土数値情報（バス停留所データ）令和4年度（国土交通省）P11-22-14-bs4379（JGD2011）を加工して作成 ｜ OpenStreetMap（© OpenStreetMap contributors, ODbL 1.0）Geofabrik japan-latest.osm.pbf 2026-09-23T20:22:04Z node/1512981989（登山道と道路の接続点） ｜ 公式情報: https://www.kanagawa-park.or.jp/tanzawavc/course.html",2026-09-25
TH-kP11-22-14-bs5552,trailhead,細川橋,35.434187,139.0444606,WGS84,443,大室山,関東百名山,,駐車場・バス停（林道・車道を経由して登山道へ）,大室山:13.49km,BS-kP11-22-14-bs5552(0m) BS-kP11-22-14-bs5459(303m) BS-kP11-22-14-bs5383(562m),,provisional,15,林道からの入口（マイカー進入可否を要確認）、公式情報または2情報源での確認が必要,"国土数値情報（バス停留所データ）令和4年度（国土交通省）P11-22-14-bs5552（JGD2011）を加工して作成 ｜ OpenStreetMap（© OpenStreetMap contributors, ODbL 1.0）Geofabrik japan-latest.osm.pbf 2026-09-23T20:22:04Z node/5321793872（登山道と道路の接続点）",
TH-kP11-22-14-bs5769,trailhead,ヤビツ峠,35.4279731,139.2193653,WGS84,453 457 461 465 456,蛭ヶ岳、丹沢山、塔ノ岳、大山、檜洞丸,関東百名山|日本百名山|日本二百名山|日本三百名山,OSM登山道「イタツミ尾根」、OSM登山道「岳ノ台ハイキングコース」、表尾根縦走（ヤビツ峠〜大倉）,駐車場・バス停（林道・車道を経由して登山道へ）,蛭ヶ岳:12.73km 丹沢山:9.28km 塔ノ岳:6.76km 大山:2.34km 檜洞丸:17.02km,PK-w307093906(27m) BS-kP11-22-14-bs5769(0m) BS-kP11-22-14-bs5950(1002m),OSM登山ルート: 表尾根縦走路,adopted,15,近くの道路にゲートあり（車両通行止め・季節閉鎖の可能性）,"国土数値情報（バス停留所データ）令和4年度（国土交通省）P11-22-14-bs5769（JGD2011）を加工して作成 ｜ OpenStreetMap（© OpenStreetMap contributors, ODbL 1.0）Geofabrik japan-latest.osm.pbf 2026-09-23T20:22:04Z node/357754899（登山道と道路の接続点） ｜ 国土地理院 地名検索「ヤビツ峠」（35.427780, 139.219358、JGD2011、21m差）2026-09-21確認 ｜ 公式情報: https://www.rinya.maff.go.jp/kanto/tokyo_kanagawa/invitation/pdf/tannzawayama-0912.pdf",2026-09-20
TH-kP11-22-14-bs8793,trailhead,本村,35.3298309,139.0545752,WGS84,506,矢倉岳,関東百名山,,駐車場・バス停（林道・車道を経由して登山道へ）,矢倉岳:2.36km,BS-kP11-22-14-bs8793(0m) BS-kP11-22-14-bs8840(241m) BS-kP11-22-14-bs8816(345m),,provisional,15,近くの道路にゲートあり（車両通行止め・季節閉鎖の可能性）、林道からの入口（マイカー進入可否を要確認）、公式情報または2情報源での確認が必要,"国土数値情報（バス停留所データ）令和4年度（国土交通省）P11-22-14-bs8793（JGD2011）を加工して作成 ｜ OpenStreetMap（© OpenStreetMap contributors, ODbL 1.0）Geofabrik japan-latest.osm.pbf 2026-09-23T20:22:04Z node/1497993444（登山道と道路の接続点）",
TH-kP11-22-14-bs9204,trailhead,地蔵堂,35.317267,139.0319994,WGS84,506,矢倉岳,関東百名山,,駐車場・バス停（林道・車道を経由して登山道へ）,矢倉岳:2.4km,PK-w1121868798(52m) BS-kP11-22-14-bs9204(0m) BS-kP11-22-14-bs9198(614m),,provisional,15,公式情報または2情報源での確認が必要,"国土数値情報（バス停留所データ）令和4年度（国土交通省）P11-22-14-bs9204（JGD2011）を加工して作成 ｜ OpenStreetMap（© OpenStreetMap contributors, ODbL 1.0）Geofabrik japan-latest.osm.pbf 2026-09-23T20:22:04Z node/11898413727（登山道と道路の接続点） ｜ 国土地理院 地名検索「地蔵堂」（35.316025, 139.030931、JGD2011、168m差）2026-09-20確認",2026-09-20
TH-kP11-22-14-bs9485,trailhead,道了尊,35.3050679,139.0785648,WGS84,516 519,金時山、明神ヶ岳,日本三百名山|関東百名山,OSM登山道「天狗の小径」,駐車場・バス停（林道・車道を経由して登山道へ）,金時山:9.54km 明神ヶ岳:3.99km,PK-w273232074(280m) PK-w273232071(293m) PK-n6418977013(473m) BS-kP11-22-14-bs9485(0m) BS-kP11-22-14-bs9390(491m) BS-kP11-22-14-bs9445(511m),,provisional,15,公式情報または2情報源での確認が必要,"国土数値情報（バス停留所データ）令和4年度（国土交通省）P11-22-14-bs9485（JGD2011）を加工して作成 ｜ OpenStreetMap（© OpenStreetMap contributors, ODbL 1.0）Geofabrik japan-latest.osm.pbf 2026-09-23T20:22:04Z node/1497986315（登山道と道路の接続点）",
TH-kP11-22-14-bs9806,trailhead,和留沢入口,35.2733616,139.1110157,WGS84,516 519,金時山、明神ヶ岳,日本三百名山|関東百名山,,駐車場・バス停（林道・車道を経由して登山道へ）,金時山:12.52km 明神ヶ岳:6.58km,BS-kP11-22-14-bs9806(0m) BS-kP11-22-14-bs9814(66m) BS-kP11-22-14-bs9793(292m),,provisional,15,近くの道路にゲートあり（車両通行止め・季節閉鎖の可能性）、林道からの入口（マイカー進入可否を要確認）、公式情報または2情報源での確認が必要,"国土数値情報（バス停留所データ）令和4年度（国土交通省）P11-22-14-bs9806（JGD2011）を加工して作成 ｜ OpenStreetMap（© OpenStreetMap contributors, ODbL 1.0）Geofabrik japan-latest.osm.pbf 2026-09-23T20:22:04Z node/1497981711（登山道と道路の接続点）",
TH-kP11-22-19-bs1035,trailhead,久野本,35.6743185,139.0869506,WGS84,399 413,三頭山、生藤山,日本三百名山|関東百名山,,駐車場・バス停（林道・車道を経由して登山道へ）,三頭山:11.71km 生藤山:7.27km,BS-kP11-22-19-bs1035(0m) BS-kP11-22-19-bs1048(317m) BS-kP11-22-19-bs1062(332m),,provisional,15,近くの道路にゲートあり（車両通行止め・季節閉鎖の可能性）、林道からの入口（マイカー進入可否を要確認）、公式情報または2情報源での確認が必要,"国土数値情報（バス停留所データ）令和4年度（国土交通省）P11-22-19-bs1035（JGD2011）を加工して作成 ｜ OpenStreetMap（© OpenStreetMap contributors, ODbL 1.0）Geofabrik japan-latest.osm.pbf 2026-09-23T20:22:04Z node/1598735681（登山道と道路の接続点）",
TH-kP11-22-19-bs1048,trailhead,新山王橋,35.6731224,139.0901329,WGS84,399,三頭山,日本三百名山|関東百名山,,駐車場・バス停（林道・車道を経由して登山道へ）,三頭山:12.5km,BS-kP11-22-19-bs1048(0m) BS-kP11-22-19-bs1062(126m) BS-kP11-22-19-bs1035(317m),,provisional,15,近くの道路にゲートあり（車両通行止め・季節閉鎖の可能性）、林道からの入口（マイカー進入可否を要確認）、公式情報または2情報源での確認が必要,"国土数値情報（バス停留所データ）令和4年度（国土交通省）P11-22-19-bs1048（JGD2011）を加工して作成 ｜ OpenStreetMap（© OpenStreetMap contributors, ODbL 1.0）Geofabrik japan-latest.osm.pbf 2026-09-23T20:22:04Z node/1598735916（登山道と道路の接続点）",
TH-kP11-22-20-bs3358,trailhead,東入,36.4030163,138.3580163,WGS84,289,湯ノ丸山,関東百名山|甲信越百名山,,駐車場・バス停（林道・車道を経由して登山道へ）,湯ノ丸山:6.77km,BS-kP11-22-20-bs3358(0m) BS-kP11-22-20-bs3396(929m),,provisional,15,近くの道路にゲートあり（車両通行止め・季節閉鎖の可能性）、林道からの入口（マイカー進入可否を要確認）、公式情報または2情報源での確認が必要,"国土数値情報（バス停留所データ）令和4年度（国土交通省）P11-22-20-bs3358（JGD2011）を加工して作成 ｜ OpenStreetMap（© OpenStreetMap contributors, ODbL 1.0）Geofabrik japan-latest.osm.pbf 2026-09-23T20:22:04Z node/1680825198（登山道と道路の接続点） ｜ 国土地理院 地名検索「東入」（36.402900, 138.356550、JGD2011、132m差）2026-09-20確認",2026-09-20
TH-kP11-22-20-bs3396,trailhead,大田区休養村,36.398322,138.3494151,WGS84,289,湯ノ丸山,関東百名山|甲信越百名山,,駐車場・バス停（林道・車道を経由して登山道へ）,湯ノ丸山:8.49km,BS-kP11-22-20-bs3396(0m) BS-kP11-22-20-bs3406(186m) BS-kP11-22-20-bs3415(457m),,provisional,15,林道からの入口（マイカー進入可否を要確認）、公式情報または2情報源での確認が必要,"国土数値情報（バス停留所データ）令和4年度（国土交通省）P11-22-20-bs3396（JGD2011）を加工して作成 ｜ OpenStreetMap（© OpenStreetMap contributors, ODbL 1.0）Geofabrik japan-latest.osm.pbf 2026-09-23T20:22:04Z node/1680821865（登山道と道路の接続点）",
TH-kP11-22-20-bs3415,trailhead,中尾,36.3957489,138.3454166,WGS84,289,湯ノ丸山,関東百名山|甲信越百名山,,駐車場・バス停（林道・車道を経由して登山道へ）,湯ノ丸山:9.28km,BS-kP11-22-20-bs3415(0m) BS-kP11-22-20-bs3406(273m) BS-kP11-22-20-bs3423(281m),,provisional,15,林道からの入口（マイカー進入可否を要確認）、公式情報または2情報源での確認が必要,"国土数値情報（バス停留所データ）令和4年度（国土交通省）P11-22-20-bs3415（JGD2011）を加工して作成 ｜ OpenStreetMap（© OpenStreetMap contributors, ODbL 1.0）Geofabrik japan-latest.osm.pbf 2026-09-23T20:22:04Z node/1680819291（登山道と道路の接続点）",
TH-kP11-22-20-bs3416,trailhead,長日向,36.3955901,138.6164148,WGS84,293,鼻曲山,関東百名山,,駐車場・バス停（林道・車道を経由して登山道へ）,鼻曲山:3.54km,BS-kP11-22-20-bs3416(0m) BS-kP11-22-20-bs3483(827m) BS-kP11-22-20-bs3359(915m),,provisional,15,林道からの入口（マイカー進入可否を要確認）、公式情報または2情報源での確認が必要,"国土数値情報（バス停留所データ）令和4年度（国土交通省）P11-22-20-bs3416（JGD2011）を加工して作成 ｜ OpenStreetMap（© OpenStreetMap contributors, ODbL 1.0）Geofabrik japan-latest.osm.pbf 2026-09-23T20:22:04Z node/1618682853（登山道と道路の接続点） ｜ 国土地理院 地名検索「長日向」（36.396186, 138.617778、JGD2011、139m差）2026-09-20確認",2026-09-20
TH-kP11-22-20-bs3539,trailhead,滝の沢入口,36.379216,138.38104,WGS84,289,湯ノ丸山,関東百名山|甲信越百名山,,駐車場・バス停（林道・車道を経由して登山道へ）,湯ノ丸山:8.49km,BS-kP11-22-20-bs3539(0m) BS-kP11-22-20-bs3560(374m) BS-kP11-22-20-bs3525(418m),,provisional,15,林道からの入口（マイカー進入可否を要確認）、公式情報または2情報源での確認が必要,"国土数値情報（バス停留所データ）令和4年度（国土交通省）P11-22-20-bs3539（JGD2011）を加工して作成 ｜ OpenStreetMap（© OpenStreetMap contributors, ODbL 1.0）Geofabrik japan-latest.osm.pbf 2026-09-23T20:22:04Z node/1680816203（登山道と道路の接続点）",
TH-kP11-22-20-bs3583,trailhead,浅間登山口,36.3732924,138.4615453,WGS84,295 296,浅間山、黒斑山,日本百名山|日本二百名山|日本三百名山|甲信越百名山|関東百名山,,駐車場・バス停（林道・車道を経由して登山道へ）,浅間山:9.26km 黒斑山:7.44km,BS-kP11-22-20-bs3583(0m),,provisional,15,近くの道路にゲートあり（車両通行止め・季節閉鎖の可能性）、林道からの入口（マイカー進入可否を要確認）、公式情報または2情報源での確認が必要,"国土数値情報（バス停留所データ）令和4年度（国土交通省）P11-22-20-bs3583（JGD2011）を加工して作成 ｜ OpenStreetMap（© OpenStreetMap contributors, ODbL 1.0）Geofabrik japan-latest.osm.pbf 2026-09-23T20:22:04Z node/1618814423（登山道と道路の接続点）",
TH-kP11-22-22-bs486,trailhead,乙女峠,35.2829907,138.9827834,WGS84,516 519,金時山、明神ヶ岳,日本三百名山|関東百名山,,駐車場・バス停（林道・車道を経由して登山道へ）,金時山:2.91km 明神ヶ岳:8.86km,PK-w351431177(26m) BS-kP11-22-22-bs486(0m) BS-kP11-22-22-bs486(0m),,provisional,15,近くの道路にゲートあり（車両通行止め・季節閉鎖の可能性）、林道からの入口（マイカー進入可否を要確認）、公式情報または2情報源での確認が必要,"国土数値情報（バス停留所データ）令和4年度（国土交通省）P11-22-22-bs486（JGD2011）を加工して作成 ｜ OpenStreetMap（© OpenStreetMap contributors, ODbL 1.0）Geofabrik japan-latest.osm.pbf 2026-09-23T20:22:04Z node/9247494466（登山道と道路の接続点）",
TH-ksj-P11-22-08-bs1,trailhead,蛇穴（八溝山 蛇穴登山口）,36.896366,140.269259,WGS84,221,八溝山,日本三百名山|関東百名山,,登山記録で広く使われている登山口,,BS-kP11-22-08-bs1(0m) BS-kP11-22-08-bs2(567m),,provisional,200,,"国土数値情報（バス停留所データ）令和4年度（国土交通省）P11-22-08-bs1（36.896366, 140.269259、JGD2011）を加工して作成。バス停「蛇穴」 ｜ 登山記録で広く使われている登山口（登山記録・登山情報サイトで名称と利用を確認。公式情報では未確認） 2026-09-26確認",
TH-ksj-P11-22-13-bs1946,trailhead,大岳鍾乳洞入口（大岳山登山口）,35.758978,139.170345,WGS84,396,大岳山,日本二百名山|日本三百名山|関東百名山,,登山記録で広く使われている登山口,,PK-w243659982(413m) BS-kP11-22-13-bs1946(0m) BS-kP11-22-13-bs1870(168m) BS-kP11-22-13-bs2139(411m),,provisional,100,,"国土数値情報（バス停留所データ）令和4年度（国土交通省）P11-22-13-bs1946（35.758978, 139.170345、JGD2011）を加工して作成。バス停「大岳鍾乳洞入口」 ｜ 登山記録で広く使われている登山口（登山記録・登山情報サイトで名称と利用を確認。公式情報では未確認） 2026-09-26確認",
TH-ksj-P11-22-13-bs2902,trailhead,白倉（大岳山登山口）,35.740313,139.135123,WGS84,396,大岳山,日本二百名山|日本三百名山|関東百名山,,登山記録で広く使われている登山口,,BS-kP11-22-13-bs2902(0m) BS-kP11-22-13-bs2943(348m) BS-kP11-22-13-bs2738(594m),,provisional,100,,"国土数値情報（バス停留所データ）令和4年度（国土交通省）P11-22-13-bs2902（35.740313, 139.135123、JGD2011）を加工して作成。バス停「白倉」 ｜ 登山記録で広く使われている登山口（登山記録・登山情報サイトで名称と利用を確認。公式情報では未確認） 2026-09-26確認",
TH-ksj-P11-22-20-bs1281,trailhead,のぞき（横手山 のぞき登山口）,36.670114,138.518733,WGS84,262,横手山,日本三百名山,,登山記録で広く使われている登山口,,PK-w1427021209(453m) PK-w1554438713(499m) BS-kP11-22-20-bs1281(0m),,provisional,150,,"国土数値情報（バス停留所データ）令和4年度（国土交通省）P11-22-20-bs1281（36.670114, 138.518733、JGD2011）を加工して作成。バス停「のぞき」 ｜ 登山記録で広く使われている登山口（登山記録・登山情報サイトで名称と利用を確認。公式情報では未確認） 2026-09-26確認",
TH-n10125908261,trailhead,二軒茶屋,36.4310794,138.8293831,WGS84,284,榛名山,日本二百名山|日本三百名山|関東百名山,,駐車場・バス停（林道・車道を経由して登山道へ）,榛名山:7.57km,BS-kP11-22-10-bs1723(12m) BS-kP11-22-10-bs1723(12m) BS-kP11-22-10-bs1769(547m),,provisional,15,近くの道路にゲートあり（車両通行止め・季節閉鎖の可能性）、林道からの入口（マイカー進入可否を要確認）、公式情報または2情報源での確認が必要,"OpenStreetMap（© OpenStreetMap contributors, ODbL 1.0）Geofabrik japan-latest.osm.pbf 2026-09-23T20:22:04Z node/10125908261 ｜ OpenStreetMap（© OpenStreetMap contributors, ODbL 1.0）Geofabrik japan-latest.osm.pbf 2026-09-23T20:22:04Z node/8514438769（登山道と道路の接続点）",
TH-n10132685217,trailhead,四小前,36.4543368,138.8483403,WGS84,284,榛名山,日本二百名山|日本三百名山|関東百名山,,駐車場・バス停（林道・車道を経由して登山道へ）,榛名山:4.16km,PK-w1392514623(58m) PK-w389224705(117m) PK-w389223144(154m) BS-kP11-22-10-bs1552(9m) BS-kP11-22-10-bs1558(158m) BS-kP11-22-10-bs1573(464m),,provisional,15,林道からの入口（マイカー進入可否を要確認）、公式情報または2情報源での確認が必要,"OpenStreetMap（© OpenStreetMap contributors, ODbL 1.0）Geofabrik japan-latest.osm.pbf 2026-09-23T20:22:04Z node/10132685217 ｜ OpenStreetMap（© OpenStreetMap contributors, ODbL 1.0）Geofabrik japan-latest.osm.pbf 2026-09-23T20:22:04Z node/8514438516（登山道と道路の接続点）",
TH-n1033931079,trailhead,（名称未確認）,36.4448443,138.6299756,WGS84,287,浅間隠山,日本二百名山|日本三百名山|関東百名山,,一般道（県道以上）との接続,浅間隠山:3.39km,,,candidate,30,名称未確認、公式情報または2情報源での確認が必要,"OpenStreetMap（© OpenStreetMap contributors, ODbL 1.0）Geofabrik japan-latest.osm.pbf 2026-09-23T20:22:04Z node/1033931079（登山道と道路の接続点）",
TH-n10688162492,trailhead,太郎山登山口,36.8150295,139.4543321,WGS84,237,太郎山,日本三百名山|関東百名山,,登山口（OSMの登山口地物）,太郎山:3.3km,,,adopted,15,近くの道路にゲートあり（車両通行止め・季節閉鎖の可能性）,"OpenStreetMap（© OpenStreetMap contributors, ODbL 1.0）Geofabrik japan-latest.osm.pbf 2026-09-23T20:22:04Z node/10688162492 ｜ 国土地理院 地名検索「山王峠」（36.816148, 139.452714、JGD2011、190m差）2026-09-20確認",2026-09-20
TH-n1073977257,trailhead,クリスタルエクスプレス,36.7895356,139.1195487,WGS84,241,武尊山,日本百名山|日本二百名山|日本三百名山|関東百名山,,索道駅（ロープウェイ・ゴンドラ）,武尊山:2.43km,,,provisional,15,公式情報または2情報源での確認が必要,"OpenStreetMap（© OpenStreetMap contributors, ODbL 1.0）Geofabrik japan-latest.osm.pbf 2026-09-23T20:22:04Z node/1073977257",
TH-n1073977265,trailhead,高手ペア,36.7829709,139.1185562,WGS84,241,武尊山,日本百名山|日本二百名山|日本三百名山|関東百名山,,索道駅（ロープウェイ・ゴンドラ）,武尊山:3.24km,,,provisional,15,公式情報または2情報源での確認が必要,"OpenStreetMap（© OpenStreetMap contributors, ODbL 1.0）Geofabrik japan-latest.osm.pbf 2026-09-23T20:22:04Z node/1073977265",
TH-n1074166959,trailhead,第4ペア,36.7402089,138.9330737,WGS84,249,吾妻耶山,関東百名山,,索道駅（ロープウェイ・ゴンドラ）,吾妻耶山:1.67km,,,provisional,15,公式情報または2情報源での確認が必要,"OpenStreetMap（© OpenStreetMap contributors, ODbL 1.0）Geofabrik japan-latest.osm.pbf 2026-09-23T20:22:04Z node/1074166959",
TH-n1074166971,trailhead,第1クワッド,36.7432697,138.9258264,WGS84,249,吾妻耶山,関東百名山,,索道駅（ロープウェイ・ゴンドラ）,吾妻耶山:0.37km,,,provisional,15,公式情報または2情報源での確認が必要,"OpenStreetMap（© OpenStreetMap contributors, ODbL 1.0）Geofabrik japan-latest.osm.pbf 2026-09-23T20:22:04Z node/1074166971",
TH-n10869763552,trailhead,定峰峠,36.0115586,139.1639535,WGS84,347,大霧山,関東百名山,,峠（道路との接続）,大霧山:3.1km,,OSM登山ルート: KFT - S5 - Ookiriyama he noboru michi,adopted,30,登山道が道路を横断する地点（途中の入口の可能性）,"OpenStreetMap（© OpenStreetMap contributors, ODbL 1.0）Geofabrik japan-latest.osm.pbf 2026-09-23T20:22:04Z node/10869763552（登山道と道路の接続点） ｜ 国土地理院 地名検索「定峰峠」（36.011398, 139.163679、JGD2011、30m差）2026-09-20確認",2026-09-20
TH-n10946212273,trailhead,日光白根山ロープウェイ山頂駅（丸沼高原）,36.8068,139.3551001,WGS84,243,日光白根山,日本百名山|日本二百名山|日本三百名山|関東百名山,ロープウェイ山頂駅周回,索道駅（ロープウェイ・ゴンドラ）,日光白根山:2.9km,,,adopted,15,,"OpenStreetMap（© OpenStreetMap contributors, ODbL 1.0）Geofabrik japan-latest.osm.pbf 2026-09-23T20:22:04Z node/10946212273 ｜ 公式情報: https://www.rinya.maff.go.jp/kanto/introduction/gaiyou_kyoku/hyakumeizan/pdf/nikkousiranesan.pdf ｜ 公式情報: https://www.data.jma.go.jp/vois/data/report/activity_info/302.html",2026-09-20
TH-n11309397337,trailhead,（名称未確認）赤城山ビジターセンターバス停付近,36.5412549,139.1931956,WGS84,275,赤城山,日本百名山|日本二百名山|日本三百名山|関東百名山,,一般道との接続,赤城山:2.51km,PK-w245389995(35m) BS-kP11-22-10-bs917(543m) BS-kP11-22-10-bs917(543m) BS-kP11-22-10-bs918(543m),OSM登山ルート: KFT - G22 - Tutuji no michi,provisional,30,名称未確認、登山道が道路を横断する地点（途中の入口の可能性）、公式情報または2情報源での確認が必要,"OpenStreetMap（© OpenStreetMap contributors, ODbL 1.0）Geofabrik japan-latest.osm.pbf 2026-09-23T20:22:04Z node/11309397337（登山道と道路の接続点）",
TH-n11368180968,trailhead,（名称未確認）,36.0405516,138.8311899,WGS84,349,両神山,日本百名山|日本二百名山|日本三百名山|関東百名山,,一般道との接続,両神山:2.77km,PK-n8815678518(9m),,provisional,30,名称未確認、近くの道路にゲートあり（車両通行止め・季節閉鎖の可能性）、公式情報または2情報源での確認が必要,"OpenStreetMap（© OpenStreetMap contributors, ODbL 1.0）Geofabrik japan-latest.osm.pbf 2026-09-23T20:22:04Z node/11368180968（登山道と道路の接続点）",
TH-n11647352407,trailhead,（名称未確認）しょうぶ園バス停付近,35.2488356,139.6410079,WGS84,529,大楠山,関東百名山,,一般道（県道以上）との接続,大楠山:1.63km,PK-w1357661459(48m) PK-w356703296(330m) PK-n4155295363(487m) BS-kP11-22-14-bs10026(878m),,provisional,30,名称未確認、近くの道路にゲートあり（車両通行止め・季節閉鎖の可能性）、公式情報または2情報源での確認が必要,"OpenStreetMap（© OpenStreetMap contributors, ODbL 1.0）Geofabrik japan-latest.osm.pbf 2026-09-23T20:22:04Z node/11647352407（登山道と道路の接続点）",
TH-n11711795240,trailhead,笠取小屋,35.857951,138.8105105,WGS84,365 366 375 379,甲武信ヶ岳、白石山、笠取山、飛龍山,日本百名山|日本二百名山|日本三百名山|関東百名山|甲信越百名山,,施設（山小屋・宿・キャンプ場）からの入口,甲武信ヶ岳:11.85km 白石山:11.38km 笠取山:1.31km 飛龍山:10.75km,,,provisional,15,公式情報または2情報源での確認が必要,"OpenStreetMap（© OpenStreetMap contributors, ODbL 1.0）Geofabrik japan-latest.osm.pbf 2026-09-23T20:22:04Z node/11711795240",
TH-n11822384924,trailhead,（名称未確認）,36.1237144,139.1812004,WGS84,335,鐘撞堂山,関東百名山,,道路の終点付近,鐘撞堂山:1.5km,PK-w1272954463(132m) PK-w1272954474(296m),,provisional,30,名称未確認、近くの道路にゲートあり（車両通行止め・季節閉鎖の可能性）、林道からの入口（マイカー進入可否を要確認）、公式情報または2情報源での確認が必要,"OpenStreetMap（© OpenStreetMap contributors, ODbL 1.0）Geofabrik japan-latest.osm.pbf 2026-09-23T20:22:04Z node/11822384924（登山道と道路の接続点）",
TH-n11829383615,trailhead,（名称未確認）,36.1220608,139.173996,WGS84,335,鐘撞堂山,関東百名山,,道路の終点付近,鐘撞堂山:1.88km,PK-w1274093093(364m) PK-w1274093064(424m),,provisional,30,名称未確認、近くの道路にゲートあり（車両通行止め・季節閉鎖の可能性）、林道からの入口（マイカー進入可否を要確認）、公式情報または2情報源での確認が必要,"OpenStreetMap（© OpenStreetMap contributors, ODbL 1.0）Geofabrik japan-latest.osm.pbf 2026-09-23T20:22:04Z node/11829383615（登山道と道路の接続点）",
TH-n11898413727,trailhead,地蔵堂（矢倉岳登山口）,35.3212023,139.0328016,WGS84,506,矢倉岳,関東百名山,,道路の終点付近,矢倉岳:2.1km,PK-w1121868798(491m) BS-kP11-22-14-bs9204(441m) BS-kP11-22-14-bs9198(800m),,provisional,30,林道からの入口（マイカー進入可否を要確認）、公式情報または2情報源での確認が必要,"OpenStreetMap（© OpenStreetMap contributors, ODbL 1.0）Geofabrik japan-latest.osm.pbf 2026-09-23T20:22:04Z node/11898413727（登山道と道路の接続点） ｜ 登山記録で広く使われている登山口（登山記録・登山情報サイトで名称と利用を確認。公式情報では未確認） 2026-09-25確認",
TH-n12247731401,trailhead,臨時駐車場,35.6361535,139.2701389,WGS84,422,高尾山,関東百名山,OSM登山道「落合橋」,施設（山小屋・宿・キャンプ場）からの入口,高尾山:12.51km,PK-w216497337(0m) PK-w1154906766(34m) PK-w216497338(55m) BS-kP11-22-13-bs10257(102m) BS-kP11-22-13-bs10257(102m) BS-kP11-22-13-bs10258(102m),,provisional,15,近くの道路にゲートあり（車両通行止め・季節閉鎖の可能性）、公式情報または2情報源での確認が必要,"OpenStreetMap（© OpenStreetMap contributors, ODbL 1.0）Geofabrik japan-latest.osm.pbf 2026-09-23T20:22:04Z way/216497337 ｜ OpenStreetMap（© OpenStreetMap contributors, ODbL 1.0）Geofabrik japan-latest.osm.pbf 2026-09-23T20:22:04Z node/3014373440（登山道と道路の接続点）",
TH-n1234430032,trailhead,沼山峠（シャトルバス終点）,36.9479853,139.3344978,WGS84,220 228,燧ヶ岳、鬼怒沼山,日本百名山|日本二百名山|日本三百名山|東北百名山|関東百名山,OSM登山道「沼田街道」,登山口（OSMの登山口地物）,燧ヶ岳:7.53km 鬼怒沼山:14.87km,BS-kP11-22-07-bs5360(10m),restriction=御池〜沼山峠は通年マイカー通行禁止（シャトルバス利用）,adopted,15,沼山峠へは御池からシャトルバスでのみ入れる（福島県）,"OpenStreetMap（© OpenStreetMap contributors, ODbL 1.0）Geofabrik japan-latest.osm.pbf 2026-09-23T20:22:04Z node/1234430032 ｜ 国土地理院ベクトルタイル提供実験 地理院地図の徒歩道の起点（36.947981, 139.334487、JGD2011、1m差）2026-09-24確認 ｜ 公式情報: https://www.pref.fukushima.lg.jp/sec/01250a/kenmin-ozekoutsu.html",2026-09-20
TH-n1244948578,trailhead,火山館コース登山口（天狗温泉浅間山荘）,36.3802238,138.4783391,WGS84,295 296,浅間山、黒斑山,日本百名山|日本二百名山|日本三百名山|甲信越百名山|関東百名山,火山館コース（浅間山荘）,駐車場・バス停（林道・車道を経由して登山道へ）,浅間山:6.43km 黒斑山:4.62km,PK-n1244948578(0m),restriction=噴火警戒レベル1,adopted,15,近くの道路にゲートあり（車両通行止め・季節閉鎖の可能性）、林道からの入口（マイカー進入可否を要確認）、登山ポストは天狗温泉浅間山荘そば（火山館コース登山口）に設置（小諸市）、火山館は火口から2.3kmの地点にあり市職員が常駐（小諸市）,"OpenStreetMap（© OpenStreetMap contributors, ODbL 1.0）Geofabrik japan-latest.osm.pbf 2026-09-23T20:22:04Z node/1244948578 ｜ OpenStreetMap（© OpenStreetMap contributors, ODbL 1.0）Geofabrik japan-latest.osm.pbf 2026-09-23T20:22:04Z node/1241002020（登山道と道路の接続点） ｜ 公式情報: https://www.data.jma.go.jp/vois/data/report/activity_info/306.html ｜ 公式情報: https://www.city.komoro.lg.jp/soshikikarasagasu/sangyoushinkoubu/shokokankoka/2/1/1/2403.html",2026-09-20
TH-n12568301062,trailhead,（名称未確認）,35.2365752,139.6344037,WGS84,529,大楠山,関東百名山,,一般道との接続,大楠山:2.65km,PK-w1358110003(25m),,provisional,30,名称未確認、公式情報または2情報源での確認が必要,"OpenStreetMap（© OpenStreetMap contributors, ODbL 1.0）Geofabrik japan-latest.osm.pbf 2026-09-23T20:22:04Z node/12568301062（登山道と道路の接続点）",
TH-n12669434912,trailhead,（名称未確認）巾着田バス停付近,35.8914227,139.3107702,WGS84,368,日和田山,関東百名山,,一般道との接続,日和田山:0.6km,PK-w1204779766(215m) PK-w1204400117(330m) BS-kP11-22-11-bs5817(600m) BS-kP11-22-11-bs5817(600m) BS-kP11-22-11-bs5811(624m),,provisional,30,名称未確認、近くの道路にゲートあり（車両通行止め・季節閉鎖の可能性）、公式情報または2情報源での確認が必要,"OpenStreetMap（© OpenStreetMap contributors, ODbL 1.0）Geofabrik japan-latest.osm.pbf 2026-09-23T20:22:04Z node/12669434912（登山道と道路の接続点）",
TH-n12669434925,trailhead,（名称未確認）台バス停付近,35.8872621,139.3034614,WGS84,368,日和田山,関東百名山,,一般道との接続,日和田山:0.77km,PK-w1204368644(452m) BS-kP11-22-11-bs5919(578m) BS-kP11-22-11-bs5919(578m) BS-kP11-22-11-bs5817(587m),,provisional,30,名称未確認、登山道が道路を横断する地点（途中の入口の可能性）、近くの道路にゲートあり（車両通行止め・季節閉鎖の可能性）、公式情報または2情報源での確認が必要,"OpenStreetMap（© OpenStreetMap contributors, ODbL 1.0）Geofabrik japan-latest.osm.pbf 2026-09-23T20:22:04Z node/12669434925（登山道と道路の接続点）",
TH-n12676555879,trailhead,（名称未確認）平群局前バス停付近,35.1025191,139.910902,WGS84,580,伊予ヶ岳,関東百名山,,道路の終点付近,伊予ヶ岳:0.61km,BS-kP11-22-12-bs10570(671m) BS-kP11-22-12-bs10570(671m) BS-kP11-22-12-bs10571(671m),OSM登山ルート: 伊予ヶ岳-富山,provisional,30,名称未確認、林道からの入口（マイカー進入可否を要確認）、公式情報または2情報源での確認が必要,"OpenStreetMap（© OpenStreetMap contributors, ODbL 1.0）Geofabrik japan-latest.osm.pbf 2026-09-23T20:22:04Z node/12676555879（登山道と道路の接続点）",
TH-n1270602180,trailhead,（名称未確認）,36.7170765,140.4211397,WGS84,254,奥久慈男体山,関東百名山,,一般道との接続,奥久慈男体山:0.87km,,,candidate,30,名称未確認、公式情報または2情報源での確認が必要,"OpenStreetMap（© OpenStreetMap contributors, ODbL 1.0）Geofabrik japan-latest.osm.pbf 2026-09-23T20:22:04Z node/1270602180（登山道と道路の接続点）",
TH-n1270607565,trailhead,（名称未確認）,36.9247492,140.2674017,WGS84,221,八溝山,日本三百名山|関東百名山,,一般道との接続,八溝山:1.07km,,,candidate,30,名称未確認、公式情報または2情報源での確認が必要、八溝山の山頂は福島県と茨城県の県境にあり、日輪寺・八溝嶺神社・展望台などがある（国土地理院・栃木県）、八溝山風景林が設定されている（林野庁）、この地点がどの登山口かは未確認,"OpenStreetMap（© OpenStreetMap contributors, ODbL 1.0）Geofabrik japan-latest.osm.pbf 2026-09-23T20:22:04Z node/1270607565（登山道と道路の接続点） ｜ 公式情報: https://www.rinya.maff.go.jp/kanto/tokyo/yamizo.html ｜ 公式情報: https://www.gsi.go.jp/common/000258644.pdf ｜ 公式情報: https://www.pref.tochigi.lg.jp/c05/intro/tochigiken/hakken/shizen1_07.html",2026-09-20
TH-n1270619330,trailhead,日輪寺（八溝山登山口）,36.9226698,140.274736,WGS84,221,八溝山,日本三百名山|関東百名山,,一般道（県道以上）との接続,八溝山:0.9km,PK-w418008419(234m),,adopted,15,登山道が道路を横断する地点（途中の入口の可能性）、日輪寺付近から八溝山への登山道が始まる、国土地理院の地名との差が181mあり、登山口そのものの位置は目視未確認,"OpenStreetMap（© OpenStreetMap contributors, ODbL 1.0）Geofabrik japan-latest.osm.pbf 2026-09-23T20:22:04Z node/1270619330（登山道と道路の接続点） ｜ 国土地理院 地名検索「日輪寺」（36.921184, 140.273883、JGD2011、181m差）2026-09-20確認",2026-09-20
TH-n1270623107,trailhead,（名称未確認）,36.7258692,140.4130157,WGS84,254,奥久慈男体山,関東百名山,,道路の終点付近,奥久慈男体山:0.66km,,,candidate,30,名称未確認、林道からの入口（マイカー進入可否を要確認）、公式情報または2情報源での確認が必要,"OpenStreetMap（© OpenStreetMap contributors, ODbL 1.0）Geofabrik japan-latest.osm.pbf 2026-09-23T20:22:04Z node/1270623107（登山道と道路の接続点）",
TH-n1270636964,trailhead,（名称未確認）,36.9276358,140.27174,WGS84,221,八溝山,日本三百名山|関東百名山,,一般道（県道以上）との接続,八溝山:0.3km,,,candidate,30,名称未確認、公式情報または2情報源での確認が必要,"OpenStreetMap（© OpenStreetMap contributors, ODbL 1.0）Geofabrik japan-latest.osm.pbf 2026-09-23T20:22:04Z node/1270636964（登山道と道路の接続点）",
TH-n1270653668,trailhead,（名称未確認）,36.744774,140.407503,WGS84,254,奥久慈男体山,関東百名山,,一般道との接続,奥久慈男体山:2.94km,,,candidate,30,名称未確認、登山道が道路を横断する地点（途中の入口の可能性）、公式情報または2情報源での確認が必要,"OpenStreetMap（© OpenStreetMap contributors, ODbL 1.0）Geofabrik japan-latest.osm.pbf 2026-09-23T20:22:04Z node/1270653668（登山道と道路の接続点）",
TH-n1270656903,trailhead,（名称未確認）,36.9191031,140.2677491,WGS84,221,八溝山,日本三百名山|関東百名山,,一般道との接続,八溝山:1.68km,,,candidate,30,名称未確認、公式情報または2情報源での確認が必要,"OpenStreetMap（© OpenStreetMap contributors, ODbL 1.0）Geofabrik japan-latest.osm.pbf 2026-09-23T20:22:04Z node/1270656903（登山道と道路の接続点）",
TH-n12811308676,trailhead,参拝者専用第2駐車場,35.4406265,139.2737227,WGS84,465,大山,日本三百名山|関東百名山,,駐車場・バス停（林道・車道を経由して登山道へ）,大山:5.19km,PK-n12811308676(0m) PK-w256128642(89m) BS-kP11-22-14-bs5493(631m) BS-kP11-22-14-bs5500(818m) BS-kP11-22-14-bs5513(961m),OSM登山ルート: 関東ふれあいの道 - 神奈川11 - 順礼峠のみち,provisional,15,近くの道路にゲートあり（車両通行止め・季節閉鎖の可能性）、公式情報または2情報源での確認が必要,"OpenStreetMap（© OpenStreetMap contributors, ODbL 1.0）Geofabrik japan-latest.osm.pbf 2026-09-23T20:22:04Z node/12811308676 ｜ OpenStreetMap（© OpenStreetMap contributors, ODbL 1.0）Geofabrik japan-latest.osm.pbf 2026-09-23T20:22:04Z node/10748804577（登山道と道路の接続点）",
TH-n12882477699,trailhead,花見ヶ原森林公園キャンプ場,36.5667523,139.2240977,WGS84,275,赤城山,日本百名山|日本二百名山|日本三百名山|関東百名山,,施設（山小屋・宿・キャンプ場）からの入口,赤城山:3.76km,,,provisional,15,近くの道路にゲートあり（車両通行止め・季節閉鎖の可能性）、公式情報または2情報源での確認が必要,"OpenStreetMap（© OpenStreetMap contributors, ODbL 1.0）Geofabrik japan-latest.osm.pbf 2026-09-23T20:22:04Z node/12882477699",
TH-n1294291174,trailhead,北コース入口（古賀志山・宇都宮市森林公園）,36.6253886,139.7850464,WGS84,269,古賀志山,関東百名山,,道路の終点付近,古賀志山:1.67km,,parking=約400台（大型バス可）、無料。宇都宮市森林公園駐車場を利用（宇都宮観光コンベンション協会）; access=東北自動車道宇都宮ICから約15分、鹿沼ICから約20分。JR宇都宮駅から関東バス「鹿沼営業所」行きで約35分「森林公園」下車、徒歩約45分（宇都宮観光コンベンション協会）; course=北コース入口から水場（約10分）、富士見峠（約30分）、東陵見晴台（約15分）を経て山頂（約15分）（宇都宮観光コンベンション協会）,adopted,15,林道からの入口（マイカー進入可否を要確認）、南コースは落石のため、一部に代替ルートが整備された（宇都宮観光コンベンション協会）、登山口の正確な位置は公式情報では未確認,"OpenStreetMap（© OpenStreetMap contributors, ODbL 1.0）Geofabrik japan-latest.osm.pbf 2026-09-23T20:22:04Z node/1294291174（登山道と道路の接続点） ｜ 公式情報: https://www.utsunomiya-cvb.org/spot/detail_10087.html",2026-09-24
TH-n1308225840,trailhead,（名称未確認）学校平駐車場付近,36.9145657,139.8307859,WGS84,226,高原山,日本三百名山|関東百名山,OSM登山道「大間々自然歩道」,一般道（県道以上）との接続,高原山:6.62km,PK-w446590959(115m) PK-w446590960(126m),,provisional,30,名称未確認、公式情報または2情報源での確認が必要,"OpenStreetMap（© OpenStreetMap contributors, ODbL 1.0）Geofabrik japan-latest.osm.pbf 2026-09-23T20:22:04Z node/1308225840（登山道と道路の接続点）",
TH-n13092026754,trailhead,（名称未確認）白石車庫バス停付近,36.018636,139.1789329,WGS84,351,笠山,関東百名山,,一般道との接続,笠山:1.29km,PK-w1424336979(468m) BS-kP11-22-11-bs2468(514m) BS-kP11-22-11-bs2431(658m) BS-kP11-22-11-bs2431(658m),,provisional,30,名称未確認、登山道が道路を横断する地点（途中の入口の可能性）、公式情報または2情報源での確認が必要,"OpenStreetMap（© OpenStreetMap contributors, ODbL 1.0）Geofabrik japan-latest.osm.pbf 2026-09-23T20:22:04Z node/13092026754（登山道と道路の接続点）",
TH-n1312647879,trailhead,蓑毛,35.4156954,139.2286655,WGS84,465,大山,日本三百名山|関東百名山,,駐車場・バス停（林道・車道を経由して登山道へ）,大山:3.42km,BS-kP11-22-14-bs6094(14m) BS-kP11-22-14-bs6094(14m) BS-kP11-22-14-bs6167(303m),OSM登山ルート: 関東ふれあいの道 - 神奈川16 - 大山参り蓑毛のみち,provisional,15,近くの道路にゲートあり（車両通行止め・季節閉鎖の可能性）、林道からの入口（マイカー進入可否を要確認）、公式情報または2情報源での確認が必要,"OpenStreetMap（© OpenStreetMap contributors, ODbL 1.0）Geofabrik japan-latest.osm.pbf 2026-09-23T20:22:04Z node/1312647879 ｜ OpenStreetMap（© OpenStreetMap contributors, ODbL 1.0）Geofabrik japan-latest.osm.pbf 2026-09-23T20:22:04Z node/2600687397（登山道と道路の接続点）",
TH-n1314830464,trailhead,（名称未確認）橋本バス停付近,36.593552,139.573917,WGS84,271,石裂山,関東百名山,,道路の終点付近,石裂山:0.94km,BS-kP11-22-09-bs1597(887m) BS-kP11-22-09-bs1563(917m) BS-kP11-22-09-bs1629(934m),,provisional,30,名称未確認、林道からの入口（マイカー進入可否を要確認）、公式情報または2情報源での確認が必要,"OpenStreetMap（© OpenStreetMap contributors, ODbL 1.0）Geofabrik japan-latest.osm.pbf 2026-09-23T20:22:04Z node/1314830464（登山道と道路の接続点）",
TH-n1314839675,trailhead,（名称未確認）,36.610271,139.588698,WGS84,271,石裂山,関東百名山,,一般道との接続,石裂山:1.87km,,,candidate,30,名称未確認、公式情報または2情報源での確認が必要,"OpenStreetMap（© OpenStreetMap contributors, ODbL 1.0）Geofabrik japan-latest.osm.pbf 2026-09-23T20:22:04Z node/1314839675（登山道と道路の接続点）",
TH-n1314843044,trailhead,（名称未確認）,36.6155578,139.5157147,WGS84,265,古峰ヶ原,関東百名山,,林道との接続,古峰ヶ原:4.14km,,OSM登山ルート: KFT - T4 - Situgen to seseragi no michi,candidate,30,名称未確認、近くの道路にゲートあり（車両通行止め・季節閉鎖の可能性）、林道からの入口（マイカー進入可否を要確認）、公式情報または2情報源での確認が必要,"OpenStreetMap（© OpenStreetMap contributors, ODbL 1.0）Geofabrik japan-latest.osm.pbf 2026-09-23T20:22:04Z node/1314843044（登山道と道路の接続点）",
TH-n1314849747,trailhead,（名称未確認）,36.6263914,139.517249,WGS84,265,古峰ヶ原,関東百名山,,一般道との接続,古峰ヶ原:2.22km,PK-w1388998553(370m),OSM登山ルート: KFT - T3 - Kougen to bokujyou no michi,provisional,30,名称未確認、近くの道路にゲートあり（車両通行止め・季節閉鎖の可能性）、公式情報または2情報源での確認が必要,"OpenStreetMap（© OpenStreetMap contributors, ODbL 1.0）Geofabrik japan-latest.osm.pbf 2026-09-23T20:22:04Z node/1314849747（登山道と道路の接続点）",
TH-n1314854342,trailhead,古峰ヶ原峠（古峰ヶ原高原）,36.6504653,139.5014529,WGS84,265,古峰ヶ原,関東百名山,,峠（道路との接続）,古峰ヶ原:1.41km,,OSM登山ルート: KFT - T2 - Syugen gyoujya no michi,provisional,30,登山道が道路を横断する地点（途中の入口の可能性）、公式情報または2情報源での確認が必要,"OpenStreetMap（© OpenStreetMap contributors, ODbL 1.0）Geofabrik japan-latest.osm.pbf 2026-09-23T20:22:04Z node/1314854342（登山道と道路の接続点） ｜ 登山記録で広く使われている登山口（登山記録・登山情報サイトで名称と利用を確認。公式情報では未確認） 2026-09-24確認",
TH-n1314854382,trailhead,古峯神社（古峰ヶ原高原への登山口）,36.6507885,139.5261978,WGS84,265,古峰ヶ原,関東百名山,,一般道との接続,古峰ヶ原:2.12km,PK-w426120162(155m) PK-w409526084(303m) PK-w463394368(398m) BS-kP11-22-09-bs1343(326m) BS-kP11-22-09-bs1353(906m) BS-kP11-22-09-bs1353(906m),,provisional,30,公式情報または2情報源での確認が必要、リーバス「古峰原線」で東武日光線新鹿沼駅から60分、JR日光線鹿沼駅から70分「古峯神社」下車（鹿沼市観光協会）,"OpenStreetMap（© OpenStreetMap contributors, ODbL 1.0）Geofabrik japan-latest.osm.pbf 2026-09-23T20:22:04Z node/1314854382（登山道と道路の接続点） ｜ 登山記録で広く使われている登山口（登山記録・登山情報サイトで名称と利用を確認。公式情報では未確認） 2026-09-24確認",
TH-n13169771894,trailhead,杖ノ神峠,36.4710518,138.840122,WGS84,284,榛名山,日本二百名山|日本三百名山|関東百名山,,登山口（OSMの登山口地物）,榛名山:1.53km,,,adopted,15,,"OpenStreetMap（© OpenStreetMap contributors, ODbL 1.0）Geofabrik japan-latest.osm.pbf 2026-09-23T20:22:04Z node/13169771894 ｜ 国土地理院 地名検索「杖ノ神峠」（36.471065, 138.840088、JGD2011、3m差）2026-09-20確認",2026-09-20
TH-n13189943608,trailhead,（名称未確認）行道山バス停付近,36.3785481,139.4457607,WGS84,302,行道山,関東百名山,,一般道との接続,行道山:3.08km,PK-w443963256(372m) BS-kP11-22-09-bs3046(498m) BS-kP11-22-09-bs3055(640m) BS-kP11-22-09-bs3055(640m),,provisional,30,名称未確認、近くの道路にゲートあり（車両通行止め・季節閉鎖の可能性）、公式情報または2情報源での確認が必要,"OpenStreetMap（© OpenStreetMap contributors, ODbL 1.0）Geofabrik japan-latest.osm.pbf 2026-09-23T20:22:04Z node/13189943608（登山道と道路の接続点）",
TH-n1353951750,trailhead,草津白根レストハウス（白根山 湯釜付近）,36.6357461,138.5326743,WGS84,264,草津白根山,日本百名山|日本二百名山|日本三百名山|関東百名山,,公式情報による登山口,,PK-w956253543(281m) BS-kP11-22-10-bs475(225m) BS-kP11-22-10-bs476(225m) BS-kP11-22-10-bs477(225m),restriction=白根山（湯釜付近）は2026年5月15日に噴火警戒レベル1へ引き下げ。規制範囲は1kmから500mへ縮小予定（安全対策のため実施は段階的）,adopted,50,草津白根山は2025年8月4日にレベル2へ引き上げられ、2026年5月15日にレベル1へ引き下げられた（気象庁）、規制範囲の縮小は除雪やガードレール設置などの安全対策の進捗に合わせて行われる（草津町）、本白根山は白根山とは別に火山活動の情報が出される。入山前に気象庁と草津町・群馬県の情報を確認すること,OSM node/1353951750（2026-09-20時点の候補座標） ｜ 公式情報: https://www.jma.go.jp/jma/press/2605/15a/20260515_kusatsu-shiranesan.html ｜ 公式情報: https://www.town.kusatsu.gunma.jp/www/contents/1778813105105/index.html ｜ 公式情報: https://www.pref.gunma.jp/page/8139.html ｜ 公式情報: https://www.data.jma.go.jp/vois/data/report/activity_info/351.html,2026-09-20
TH-n1355533930,trailhead,円良田湖（鐘撞堂山登山口）,36.128129,139.170205,WGS84,335,鐘撞堂山,関東百名山,,道路の終点付近,鐘撞堂山:1.27km,PK-n3753932328(107m),,provisional,30,近くの道路にゲートあり（車両通行止め・季節閉鎖の可能性）、公式情報または2情報源での確認が必要,"OpenStreetMap（© OpenStreetMap contributors, ODbL 1.0）Geofabrik japan-latest.osm.pbf 2026-09-23T20:22:04Z node/1355533930（登山道と道路の接続点） ｜ 登山記録で広く使われている登山口（登山記録・登山情報サイトで名称と利用を確認。公式情報では未確認） 2026-09-24確認",
TH-n13620100981,trailhead,日和田山登山口,35.8884495,139.3083988,WGS84,368,日和田山,関東百名山,,一般道との接続,日和田山:0.74km,PK-w1204400117(80m) PK-w1204368644(329m) PK-w37858843(383m) BS-kP11-22-11-bs5817(294m) BS-kP11-22-11-bs5817(294m) BS-kP11-22-11-bs5811(500m),access=西武線高麗駅から徒歩約25分、JR高麗川駅から徒歩約55分（日高市）; parking=巾着田駐車場を利用できる。午前7時から午後5時、普通自動車500円（日高市）; course=一の鳥居で男坂と女坂に分かれ、二の鳥居まで男坂は15分ほど、女坂は20分ほど（日高市）,adopted,15,近くの道路にゲートあり（車両通行止め・季節閉鎖の可能性）、男坂は岩場で、場所によっては手を使って登る急傾斜。特に下りは女坂を勧めている。男岩・女岩などでのロッククライミングは禁止（日高市）、登山口の正確な位置は公式情報では未確認,"OpenStreetMap（© OpenStreetMap contributors, ODbL 1.0）Geofabrik japan-latest.osm.pbf 2026-09-23T20:22:04Z node/13620100981（登山道と道路の接続点） ｜ 公式情報: https://www.city.hidaka.lg.jp/soshiki/shiminseikatsu/kankyo/seikatsukankyo/kankyohozen/27182.html",2026-09-25
TH-n13745210606,trailhead,はとのす荘 お客さま駐車場,35.8135484,139.1276286,WGS84,387,御岳山,関東百名山,,駐車場・バス停（林道・車道を経由して登山道へ）,御岳山:5.62km,PK-n13745210606(0m) PK-w236177750(170m) PK-w235476608(455m) BS-kP11-22-13-bs201(251m) BS-kP11-22-13-bs201(251m) BS-kP11-22-13-bs201(251m),,provisional,15,近くの道路にゲートあり（車両通行止め・季節閉鎖の可能性）、林道からの入口（マイカー進入可否を要確認）、公式情報または2情報源での確認が必要,"OpenStreetMap（© OpenStreetMap contributors, ODbL 1.0）Geofabrik japan-latest.osm.pbf 2026-09-23T20:22:04Z node/13745210606 ｜ OpenStreetMap（© OpenStreetMap contributors, ODbL 1.0）Geofabrik japan-latest.osm.pbf 2026-09-23T20:22:04Z node/1593253390（登山道と道路の接続点） ｜ 国土地理院 地名検索「鳩ノ巣駅」（35.815263, 139.126117、JGD2011、234m差）2026-09-20確認",2026-09-20
TH-n1386760915,trailhead,（名称未確認）,35.0788546,139.9519462,WGS84,582,御殿山,関東百名山,,一般道との接続,御殿山:1.53km,PK-w1060343784(16m),,provisional,30,名称未確認、公式情報または2情報源での確認が必要,"OpenStreetMap（© OpenStreetMap contributors, ODbL 1.0）Geofabrik japan-latest.osm.pbf 2026-09-23T20:22:04Z node/1386760915（登山道と道路の接続点）",
TH-n1386810488,trailhead,（名称未確認）合戸バス停付近,35.0895525,139.8802469,WGS84,581,富山,関東百名山,,一般道との接続,富山:1.25km,BS-kP11-22-12-bs10612(590m) BS-kP11-22-12-bs10611(840m),,provisional,30,名称未確認、公式情報または2情報源での確認が必要,"OpenStreetMap（© OpenStreetMap contributors, ODbL 1.0）Geofabrik japan-latest.osm.pbf 2026-09-23T20:22:04Z node/1386810488（登山道と道路の接続点）",
TH-n1386844084,trailhead,（名称未確認）宮谷口バス停付近,35.0969474,139.8746546,WGS84,581,富山,関東百名山,,道路の終点付近,富山:0.75km,PK-w1387527788(345m) PK-w1387527789(398m) BS-kP11-22-12-bs10599(776m) BS-kP11-22-12-bs10612(833m) BS-kP11-22-12-bs10542(913m),,provisional,30,名称未確認、林道からの入口（マイカー進入可否を要確認）、公式情報または2情報源での確認が必要,"OpenStreetMap（© OpenStreetMap contributors, ODbL 1.0）Geofabrik japan-latest.osm.pbf 2026-09-23T20:22:04Z node/1386844084（登山道と道路の接続点）",
TH-n1386859124,trailhead,（名称未確認）坂田建築前バス停付近,35.1092012,139.9156558,WGS84,580,伊予ヶ岳,関東百名山,,道路の終点付近,伊予ヶ岳:0.26km,BS-kP11-22-12-bs10541(931m),,provisional,30,名称未確認、林道からの入口（マイカー進入可否を要確認）、公式情報または2情報源での確認が必要,"OpenStreetMap（© OpenStreetMap contributors, ODbL 1.0）Geofabrik japan-latest.osm.pbf 2026-09-23T20:22:04Z node/1386859124（登山道と道路の接続点）",
TH-n1387059258,trailhead,（名称未確認）鋸山日本寺無料駐車場付近,35.153653,139.832648,WGS84,561,鋸山,関東百名山,,一般道との接続,鋸山:1.91km,PK-w27684202(354m) PK-w351441257(419m) PK-w1226806510(437m) BS-kP11-22-12-bs10270(389m) BS-kP11-22-12-bs10270(389m) BS-kP11-22-12-bs10271(389m),,provisional,30,名称未確認、公式情報または2情報源での確認が必要,"OpenStreetMap（© OpenStreetMap contributors, ODbL 1.0）Geofabrik japan-latest.osm.pbf 2026-09-23T20:22:04Z node/1387059258（登山道と道路の接続点）",
TH-n1387059783,trailhead,（名称未確認）鋸山保田口バス停付近,35.156273,139.825887,WGS84,561,鋸山,関東百名山,,一般道との接続,鋸山:2.01km,PK-w351441257(405m) PK-w351441256(444m) BS-kP11-22-12-bs10270(705m) BS-kP11-22-12-bs10270(705m) BS-kP11-22-12-bs10271(705m),,provisional,30,名称未確認、公式情報または2情報源での確認が必要,"OpenStreetMap（© OpenStreetMap contributors, ODbL 1.0）Geofabrik japan-latest.osm.pbf 2026-09-23T20:22:04Z node/1387059783（登山道と道路の接続点）",
TH-n1401016444,trailhead,（名称未確認）上川乗バス停付近,35.7029763,139.112141,WGS84,404,浅間嶺,関東百名山,,一般道（県道以上）との接続,浅間嶺:2.5km,BS-kP11-22-13-bs5722(87m) BS-kP11-22-13-bs5617(870m),,provisional,30,名称未確認、近くの道路にゲートあり（車両通行止め・季節閉鎖の可能性）、公式情報または2情報源での確認が必要,"OpenStreetMap（© OpenStreetMap contributors, ODbL 1.0）Geofabrik japan-latest.osm.pbf 2026-09-23T20:22:04Z node/1401016444（登山道と道路の接続点）",
TH-n1401019929,trailhead,浅間尾根登山口,35.7233844,139.0639167,WGS84,399 404,三頭山、浅間嶺,日本三百名山|関東百名山,,一般道（県道以上）との接続,三頭山:7.74km 浅間嶺:4.56km,BS-kP11-22-13-bs4113(88m) BS-kP11-22-13-bs4419(421m) BS-kP11-22-13-bs4053(566m),,provisional,30,名称未確認、公式情報または2情報源での確認が必要,"OpenStreetMap（© OpenStreetMap contributors, ODbL 1.0）Geofabrik japan-latest.osm.pbf 2026-09-23T20:22:04Z node/1401019929（登山道と道路の接続点）",
TH-n1401020043,trailhead,（名称未確認）下平バス停付近,35.7239615,139.0576502,WGS84,399 404,三頭山、浅間嶺,日本三百名山|関東百名山,,道路の終点付近,三頭山:7.38km 浅間嶺:5.98km,PK-w711566335(329m) BS-kP11-22-13-bs4053(32m) BS-n314943889(265m) BS-kP11-22-13-bs4034(341m),,provisional,30,名称未確認、公式情報または2情報源での確認が必要,"OpenStreetMap（© OpenStreetMap contributors, ODbL 1.0）Geofabrik japan-latest.osm.pbf 2026-09-23T20:22:04Z node/1401020043（登山道と道路の接続点）",
TH-n1401020299,trailhead,（名称未確認）仲の平バス停付近,35.7248742,139.0526746,WGS84,404,浅間嶺,関東百名山,,一般道（県道以上）との接続,浅間嶺:6.73km,PK-w711566335(137m) BS-kP11-22-13-bs3969(106m) BS-kP11-22-13-bs4034(122m) BS-n314943889(204m),,provisional,30,名称未確認、公式情報または2情報源での確認が必要,"OpenStreetMap（© OpenStreetMap contributors, ODbL 1.0）Geofabrik japan-latest.osm.pbf 2026-09-23T20:22:04Z node/1401020299（登山道と道路の接続点）",
TH-n1401027949,trailhead,風張峠,35.7464354,139.0426552,WGS84,399,三頭山,日本三百名山|関東百名山,,峠（道路との接続）,三頭山:3.08km,PK-w304745979(79m),,adopted,30,登山道が道路を横断する地点（途中の入口の可能性）、近くの道路にゲートあり（車両通行止め・季節閉鎖の可能性）,"OpenStreetMap（© OpenStreetMap contributors, ODbL 1.0）Geofabrik japan-latest.osm.pbf 2026-09-23T20:22:04Z node/1401027949（登山道と道路の接続点） ｜ 国土地理院 地名検索「風張峠」（35.747298, 139.041395、JGD2011、149m差）2026-09-20確認",2026-09-20
TH-n1401028303,trailhead,（名称未確認）総角沢バス停付近,35.7495666,139.0811371,WGS84,387 394 396,御岳山、御前山、大岳山,関東百名山|日本二百名山|日本三百名山,,一般道との接続,御岳山:14.81km 御前山:5.53km 大岳山:11.38km,PK-n9101431517(120m) BS-kP11-22-13-bs2462(13m) BS-kP11-22-13-bs2416(111m) BS-kP11-22-13-bs2840(908m),,provisional,30,名称未確認、公式情報または2情報源での確認が必要,"OpenStreetMap（© OpenStreetMap contributors, ODbL 1.0）Geofabrik japan-latest.osm.pbf 2026-09-23T20:22:04Z node/1401028303（登山道と道路の接続点）",
TH-n14014559291,trailhead,（名称未確認）光徳駐車場付近,36.7953635,139.4576166,WGS84,237,太郎山,日本三百名山|関東百名山,,林道との接続,太郎山:4.5km,PK-w1536036805(196m) PK-w1539045487(304m) PK-w1148831209(331m) BS-kP11-22-09-bs778(227m) BS-kP11-22-09-bs779(232m) BS-kP11-22-09-bs781(476m),,provisional,30,名称未確認、近くの道路にゲートあり（車両通行止め・季節閉鎖の可能性）、林道からの入口（マイカー進入可否を要確認）、公式情報または2情報源での確認が必要,"OpenStreetMap（© OpenStreetMap contributors, ODbL 1.0）Geofabrik japan-latest.osm.pbf 2026-09-23T20:22:04Z node/14014559291（登山道と道路の接続点）",
TH-n14014559337,trailhead,（名称未確認）光徳駐車場付近,36.7929836,139.4529984,WGS84,237,太郎山,日本三百名山|関東百名山,,一般道（県道以上）との接続,太郎山:5.1km,PK-w1539045487(405m) PK-w1536036805(409m) PK-w1148831209(459m) BS-kP11-22-09-bs781(20m) BS-kP11-22-09-bs779(370m) BS-kP11-22-09-bs778(376m),,provisional,30,名称未確認、登山道が道路を横断する地点（途中の入口の可能性）、近くの道路にゲートあり（車両通行止め・季節閉鎖の可能性）、公式情報または2情報源での確認が必要,"OpenStreetMap（© OpenStreetMap contributors, ODbL 1.0）Geofabrik japan-latest.osm.pbf 2026-09-23T20:22:04Z node/14014559337（登山道と道路の接続点）",
TH-n1407065342,trailhead,（名称未確認）堂平天文台 星と緑の創造センター付近,36.0073001,139.1907886,WGS84,351,笠山,関東百名山,,道路の終点付近,笠山:1.39km,PK-w293959759(256m),,provisional,30,名称未確認、近くの道路にゲートあり（車両通行止め・季節閉鎖の可能性）、林道からの入口（マイカー進入可否を要確認）、公式情報または2情報源での確認が必要,"OpenStreetMap（© OpenStreetMap contributors, ODbL 1.0）Geofabrik japan-latest.osm.pbf 2026-09-23T20:22:04Z node/1407065342（登山道と道路の接続点）",
TH-n1411947410,trailhead,（名称未確認）坂本バス停付近,36.062086,138.861227,WGS84,342,二子山,関東百名山,,一般道との接続,二子山:1.19km,BS-kP11-22-11-bs1777(718m),,provisional,30,名称未確認、近くの道路にゲートあり（車両通行止め・季節閉鎖の可能性）、公式情報または2情報源での確認が必要,"OpenStreetMap（© OpenStreetMap contributors, ODbL 1.0）Geofabrik japan-latest.osm.pbf 2026-09-23T20:22:04Z node/1411947410（登山道と道路の接続点）",
TH-n1412204718,trailhead,（名称未確認）菅沼バス停付近,36.8175548,139.380781,WGS84,243,日光白根山,日本百名山|日本二百名山|日本三百名山|関東百名山,,道路の終点付近,日光白根山:3.27km,PK-w584833403(292m) PK-w584833404(369m) PK-w817751256(403m) BS-kP11-22-10-bs33(402m),OSM登山ルート: Mt. Shirane - Sugamuna Campground Trail,provisional,30,名称未確認、林道からの入口（マイカー進入可否を要確認）、公式情報または2情報源での確認が必要,"OpenStreetMap（© OpenStreetMap contributors, ODbL 1.0）Geofabrik japan-latest.osm.pbf 2026-09-23T20:22:04Z node/1412204718（登山道と道路の接続点）",
TH-n1412205934,trailhead,菅沼登山口,36.8217497,139.3809968,WGS84,228 243,鬼怒沼山、日光白根山,関東百名山|日本百名山|日本二百名山|日本三百名山,菅沼コース,一般道（県道以上）との接続,鬼怒沼山:14.31km 日光白根山:3.52km,PK-w584833404(145m) PK-w584833403(179m) PK-w817751256(212m) BS-kP11-22-10-bs33(116m),,adopted,15,日光白根山は活火山。気象庁が火山の活動状況と噴火警戒レベルを公表している（気象庁）,"OpenStreetMap（© OpenStreetMap contributors, ODbL 1.0）Geofabrik japan-latest.osm.pbf 2026-09-23T20:22:04Z node/1412205934（登山道と道路の接続点） ｜ 国土地理院ベクトルタイル提供実験 地理院地図の徒歩道の起点（36.821757, 139.381034、JGD2011、3m差）2026-09-24確認 ｜ 公式情報: https://www.rinya.maff.go.jp/kanto/introduction/gaiyou_kyoku/hyakumeizan/pdf/nikkousiranesan.pdf ｜ 公式情報: https://www.data.jma.go.jp/vois/data/report/activity_info/302.html",2026-09-20
TH-n1412215990,trailhead,富士見峠,36.9021435,139.2538962,WGS84,224 230,至仏山、笠ヶ岳,日本百名山|日本二百名山|日本三百名山|関東百名山,OSM登山道「鳩待峠～富士見峠」,峠（道路との接続）,至仏山:10.4km 笠ヶ岳:11.81km,,,candidate,30,林道上の地点（尾根上の峠・山小屋の可能性。登山口かどうか要確認）、林道からの入口（マイカー進入可否を要確認）、公式情報または2情報源での確認が必要,"OpenStreetMap（© OpenStreetMap contributors, ODbL 1.0）Geofabrik japan-latest.osm.pbf 2026-09-23T20:22:04Z node/1412215990（登山道と道路の接続点） ｜ 国土地理院 地名検索「富士見峠」（36.902137, 139.255777、JGD2011、167m差）2026-09-20確認",2026-09-20
TH-n1412875001,trailhead,天丸橋（天丸山・帳付山・大山コース登山口）,36.0488653,138.7756362,WGS84,346,帳付山,関東百名山,,一般道との接続,帳付山:3.64km,,access=マイカーはヴィラせせらぎから野栗地区を通過し、すりばち荘を過ぎて右折、奥名郷集落から約2km。JR新町駅から上野村ふれあい館行きバス100分、八幡バス停下車、登山口まで徒歩140分（上野村）; course=3つの山を登る全行程で約8時間。上級者向け（上野村）,adopted,15,ペンキやテープを見落とさないように注意。天丸山の岩場は非常に急なので十分注意し、足腰に自信のない人は控えること（上野村）、登山口の正確な位置は公式情報では未確認,"OpenStreetMap（© OpenStreetMap contributors, ODbL 1.0）Geofabrik japan-latest.osm.pbf 2026-09-23T20:22:04Z node/1412875001（登山道と道路の接続点） ｜ 公式情報: https://www.uenomura.jp/tourism/play/tenmaruyama.html",2026-09-25
TH-n1412881604,trailhead,（名称未確認）,36.074063,138.731709,WGS84,344,諏訪山,日本三百名山|関東百名山,,一般道との接続,諏訪山:4.99km,,,candidate,30,名称未確認、公式情報または2情報源での確認が必要,"OpenStreetMap（© OpenStreetMap contributors, ODbL 1.0）Geofabrik japan-latest.osm.pbf 2026-09-23T20:22:04Z node/1412881604（登山道と道路の接続点）",
TH-n1413158778,trailhead,（名称未確認）,36.1480869,138.907314,WGS84,334,御荷鉾山,関東百名山,,一般道との接続,御荷鉾山:1.12km,,,candidate,30,名称未確認、登山道が道路を横断する地点（途中の入口の可能性）、公式情報または2情報源での確認が必要,"OpenStreetMap（© OpenStreetMap contributors, ODbL 1.0）Geofabrik japan-latest.osm.pbf 2026-09-23T20:22:04Z node/1413158778（登山道と道路の接続点）",
TH-n1413158811,trailhead,西御荷鉾山 中央登山口,36.1481987,138.9206438,WGS84,334,御荷鉾山,関東百名山,,一般道（県道以上）との接続,御荷鉾山:0.53km,,,provisional,30,公式情報または2情報源での確認が必要,"OpenStreetMap（© OpenStreetMap contributors, ODbL 1.0）Geofabrik japan-latest.osm.pbf 2026-09-23T20:22:04Z node/1413158811（登山道と道路の接続点） ｜ 登山記録で広く使われている登山口（登山記録・登山情報サイトで名称と利用を確認。公式情報では未確認） 2026-09-24確認",
TH-n1413158855,trailhead,（名称未確認）,36.148541,138.910958,WGS84,334,御荷鉾山,関東百名山,,一般道との接続,御荷鉾山:0.83km,,,candidate,30,名称未確認、公式情報または2情報源での確認が必要,"OpenStreetMap（© OpenStreetMap contributors, ODbL 1.0）Geofabrik japan-latest.osm.pbf 2026-09-23T20:22:04Z node/1413158855（登山道と道路の接続点）",
TH-n1413159341,trailhead,投石峠（西御荷鉾山・東御荷鉾山）,36.1510652,138.9267836,WGS84,334,御荷鉾山,関東百名山,,一般道（県道以上）との接続,御荷鉾山:0.8km,,,provisional,30,公式情報または2情報源での確認が必要,"OpenStreetMap（© OpenStreetMap contributors, ODbL 1.0）Geofabrik japan-latest.osm.pbf 2026-09-23T20:22:04Z node/1413159341（登山道と道路の接続点） ｜ 登山記録で広く使われている登山口（登山記録・登山情報サイトで名称と利用を確認。公式情報では未確認） 2026-09-24確認",
TH-n1413365668,trailhead,（名称未確認）,36.1779269,138.821582,WGS84,331,稲含山,関東百名山,,道路の終点付近,稲含山:1.74km,,,candidate,30,名称未確認、林道からの入口（マイカー進入可否を要確認）、公式情報または2情報源での確認が必要,"OpenStreetMap（© OpenStreetMap contributors, ODbL 1.0）Geofabrik japan-latest.osm.pbf 2026-09-23T20:22:04Z node/1413365668（登山道と道路の接続点）",
TH-n1413439230,trailhead,妙義公園管理事務所前登山口（石門群登山口）,36.2852862,138.7411147,WGS84,316,妙義山,日本二百名山|日本三百名山|関東百名山,,一般道（県道以上）との接続,妙義山:2.13km,PK-w413770942(328m) PK-w167808683(390m) PK-w489443413(440m),registration=登山届提出箱・啓発掲示物・靴底用ブラシ・靴底消毒用の石灰箱がある（群馬県）; course=石門めぐりは妙義山で最も人気のあるコースで約1時間30分（下仁田町）,adopted,15,頂上主稜線（白雲山〜金洞山の縦走）は完全に上級者向けで、登攀技術・装備（ザイル・ハーネス・カラビナ等）の無い人は登山を控えるよう案内されている。滑落遭難事故が頻発している（下仁田町）、山火事に伴う登山道の封鎖は解除されたが、一部の上級者コースは火事の影響を受けている箇所がある。雨の後は鎖場の岩が滑りやすく、大雨による土砂の流出や倒木もある（下仁田町、2025年12月27日更新）、裏妙義のルートは群馬県のグレーディングで技術的難易度が県内最高（安中市）,"OpenStreetMap（© OpenStreetMap contributors, ODbL 1.0）Geofabrik japan-latest.osm.pbf 2026-09-23T20:22:04Z node/1413439230（登山道と道路の接続点） ｜ 公式情報: https://www.pref.gunma.jp/uploaded/attachment/25631.pdf ｜ 公式情報: https://www.town.shimonita.lg.jp/kanko/m03/m05/07.html ｜ 公式情報: https://www.town.shimonita.lg.jp/kanko/m03/m05/10.html ｜ 国土地理院ベクトルタイル提供実験 地理院地図の徒歩道の起点（36.285150, 138.740719）とOSMの地点が39m差。地名「第一石門」から58m 2026-09-22確認",2026-09-22
TH-n1435663318,trailhead,（名称未確認）富士芦ノ湖パノラマパークバス停付近,35.2248879,139.0042831,WGS84,536,箱根山,日本三百名山|関東百名山,,一般道（県道以上）との接続,箱根山:2.76km,BS-n4380219289(867m) BS-kP11-22-14-bs10402(893m),,provisional,30,名称未確認、近くの道路にゲートあり（車両通行止め・季節閉鎖の可能性）、公式情報または2情報源での確認が必要,"OpenStreetMap（© OpenStreetMap contributors, ODbL 1.0）Geofabrik japan-latest.osm.pbf 2026-09-23T20:22:04Z node/1435663318（登山道と道路の接続点）",
TH-n1436462135,trailhead,（名称未確認）箱根湯の花プリンスホテルバス停付近,35.227953,139.032303,WGS84,536,箱根山,日本三百名山|関東百名山,,一般道（県道以上）との接続,箱根山:2.06km,BS-kP11-22-14-bs10348(503m),,provisional,30,名称未確認、近くの道路にゲートあり（車両通行止め・季節閉鎖の可能性）、公式情報または2情報源での確認が必要,"OpenStreetMap（© OpenStreetMap contributors, ODbL 1.0）Geofabrik japan-latest.osm.pbf 2026-09-23T20:22:04Z node/1436462135（登山道と道路の接続点）",
TH-n1436505569,trailhead,（名称未確認）木賀坂下バス停付近,35.2512515,139.0581417,WGS84,519,明神ヶ岳,関東百名山,,一般道との接続,明神ヶ岳:4.56km,PK-w971381385(210m) PK-w971380126(321m) PK-w971375517(487m) BS-n3399485895(522m) BS-kP11-22-14-bs10114(545m) BS-kP11-22-14-bs10098(560m),,provisional,30,名称未確認、近くの道路にゲートあり（車両通行止め・季節閉鎖の可能性）、公式情報または2情報源での確認が必要,"OpenStreetMap（© OpenStreetMap contributors, ODbL 1.0）Geofabrik japan-latest.osm.pbf 2026-09-23T20:22:04Z node/1436505569（登山道と道路の接続点）",
TH-n1436527936,trailhead,（名称未確認）太郎平バス停付近,35.278576,139.0102245,WGS84,516 519,金時山、明神ヶ岳,日本三百名山|関東百名山,,一般道との接続,金時山:1.62km 明神ヶ岳:5.35km,PK-w1395583531(445m) BS-kP11-22-14-bs9782(451m) BS-kP11-22-14-bs9782(451m) BS-kP11-22-14-bs9797(459m),,provisional,30,名称未確認、公式情報または2情報源での確認が必要,"OpenStreetMap（© OpenStreetMap contributors, ODbL 1.0）Geofabrik japan-latest.osm.pbf 2026-09-23T20:22:04Z node/1436527936（登山道と道路の接続点）",
TH-n1437450315,trailhead,名栗げんきプラザ,35.9357634,139.1535504,WGS84,357 360 361 362,武甲山、武川岳、大持山、伊豆ヶ岳,日本二百名山|日本三百名山|関東百名山,,施設（山小屋・宿・キャンプ場）からの入口,武甲山:8.32km 武川岳:2.4km 大持山:5.45km 伊豆ヶ岳:1.24km,PK-w439496840(154m),,provisional,15,近くの道路にゲートあり（車両通行止め・季節閉鎖の可能性）、公式情報または2情報源での確認が必要,"OpenStreetMap（© OpenStreetMap contributors, ODbL 1.0）Geofabrik japan-latest.osm.pbf 2026-09-23T20:22:04Z node/1437450315",
TH-n1445598491,trailhead,（名称未確認）,35.179772,139.1038081,WGS84,557,幕山,関東百名山,,道路の終点付近,幕山:1.97km,PK-w779832757(170m) PK-w779832754(372m),,provisional,30,名称未確認、近くの道路にゲートあり（車両通行止め・季節閉鎖の可能性）、林道からの入口（マイカー進入可否を要確認）、公式情報または2情報源での確認が必要,"OpenStreetMap（© OpenStreetMap contributors, ODbL 1.0）Geofabrik japan-latest.osm.pbf 2026-09-23T20:22:04Z node/1445598491（登山道と道路の接続点）",
TH-n1445599969,trailhead,（名称未確認）,35.183072,139.106226,WGS84,557,幕山,関東百名山,,道路の終点付近,幕山:3.69km,PK-w779832757(283m) PK-w779832754(467m),,provisional,30,名称未確認、近くの道路にゲートあり（車両通行止め・季節閉鎖の可能性）、林道からの入口（マイカー進入可否を要確認）、公式情報または2情報源での確認が必要,"OpenStreetMap（© OpenStreetMap contributors, ODbL 1.0）Geofabrik japan-latest.osm.pbf 2026-09-23T20:22:04Z node/1445599969（登山道と道路の接続点）",
TH-n1446542511,trailhead,（名称未確認）粥仁田峠付近,36.0428016,139.1548203,WGS84,347,大霧山,関東百名山,,峠（道路との接続）,大霧山:1.01km,PK-n9095819904(7m),OSM登山ルート: KFT - S13 - Kougen bokujyou wo touru michi,provisional,30,名称未確認、登山道が道路を横断する地点（途中の入口の可能性）、公式情報または2情報源での確認が必要,"OpenStreetMap（© OpenStreetMap contributors, ODbL 1.0）Geofabrik japan-latest.osm.pbf 2026-09-23T20:22:04Z node/1446542511（登山道と道路の接続点）",
TH-n1447654825,trailhead,（名称未確認）みはる付近,35.5225755,139.2244937,WGS84,453 457 461,蛭ヶ岳、丹沢山、塔ノ岳,関東百名山|日本百名山|日本二百名山|日本三百名山,,一般道との接続,蛭ヶ岳:13.35km 丹沢山:9.93km 塔ノ岳:12.44km,PK-w376620053(42m) PK-w313201230(238m) PK-w593477777(369m) BS-kP11-22-14-bs2769(117m) BS-kP11-22-14-bs2769(117m) BS-kP11-22-14-bs2769(117m),,provisional,30,名称未確認、近くの道路にゲートあり（車両通行止め・季節閉鎖の可能性）、公式情報または2情報源での確認が必要,"OpenStreetMap（© OpenStreetMap contributors, ODbL 1.0）Geofabrik japan-latest.osm.pbf 2026-09-23T20:22:04Z node/1447654825（登山道と道路の接続点）",
TH-n1450308235,trailhead,（名称未確認）鋸山ロープウェイバス停付近,35.1653054,139.8274491,WGS84,561,鋸山,関東百名山,,一般道との接続,鋸山:1.71km,BS-kP11-22-12-bs10240(491m) BS-kP11-22-12-bs10233(962m),OSM登山ルート: 関東ふれあいの道　東京湾を望むみち,provisional,30,名称未確認、公式情報または2情報源での確認が必要,"OpenStreetMap（© OpenStreetMap contributors, ODbL 1.0）Geofabrik japan-latest.osm.pbf 2026-09-23T20:22:04Z node/1450308235（登山道と道路の接続点）",
TH-n1450309169,trailhead,（名称未確認）鋸山ロープウェイバス停付近,35.1651824,139.8319541,WGS84,561,鋸山,関東百名山,OSM登山道「車力道コース」,一般道との接続,鋸山:1.35km,BS-kP11-22-12-bs10240(880m),,provisional,30,名称未確認、公式情報または2情報源での確認が必要,"OpenStreetMap（© OpenStreetMap contributors, ODbL 1.0）Geofabrik japan-latest.osm.pbf 2026-09-23T20:22:04Z node/1450309169（登山道と道路の接続点）",
TH-n1457047556,trailhead,和田峠,35.6586391,139.1681821,WGS84,413,生藤山,関東百名山,,峠（道路との接続）,生藤山:4.38km,PK-w27249468(125m) PK-w620194932(178m),OSM登山ルート: KFT - TK3 - Fujimi no michi、Ridge trail to 三頭山,adopted,30,林道上の地点（尾根上の峠・山小屋の可能性。登山口かどうか要確認）、近くの道路にゲートあり（車両通行止め・季節閉鎖の可能性）、林道からの入口（マイカー進入可否を要確認）、採用の根拠: OSMの登山口名と、地理院地図の徒歩道が道路から始まる位置の一致（公式情報では未確認）,"OpenStreetMap（© OpenStreetMap contributors, ODbL 1.0）Geofabrik japan-latest.osm.pbf 2026-09-23T20:22:04Z node/1457047556（登山道と道路の接続点） ｜ 国土地理院 地名検索「和田峠」（35.657732, 139.168467、JGD2011、104m差）2026-09-20確認 ｜ 国土地理院ベクトルタイル提供実験 地理院地図の徒歩道の起点（35.658728, 139.168228、JGD2011、11m差）2026-09-24確認",2026-09-20
TH-n1481306753,trailhead,（名称未確認）,37.010119,139.796019,WGS84,212,日留賀岳,関東百名山,,道路の終点付近,日留賀岳:4.44km,,,candidate,30,名称未確認、林道からの入口（マイカー進入可否を要確認）、公式情報または2情報源での確認が必要,"OpenStreetMap（© OpenStreetMap contributors, ODbL 1.0）Geofabrik japan-latest.osm.pbf 2026-09-23T20:22:04Z node/1481306753（登山道と道路の接続点）",
TH-n1481318388,trailhead,（名称未確認）,37.045079,139.797464,WGS84,212,日留賀岳,関東百名山,,道路の終点付近,日留賀岳:0.98km,,,candidate,30,名称未確認、林道からの入口（マイカー進入可否を要確認）、公式情報または2情報源での確認が必要,"OpenStreetMap（© OpenStreetMap contributors, ODbL 1.0）Geofabrik japan-latest.osm.pbf 2026-09-23T20:22:04Z node/1481318388（登山道と道路の接続点）",
TH-n1497982105,trailhead,（名称未確認）矢倉沢峠 (Yagurasawa-toge)付近,35.2835869,139.0130299,WGS84,516 519,金時山、明神ヶ岳,日本三百名山|関東百名山,,峠（道路との接続）,金時山:1.36km 明神ヶ岳:4.97km,PK-w936358471(35m),,provisional,30,名称未確認、公式情報または2情報源での確認が必要,"OpenStreetMap（© OpenStreetMap contributors, ODbL 1.0）Geofabrik japan-latest.osm.pbf 2026-09-23T20:22:04Z node/1497982105（登山道と道路の接続点）",
TH-n1497992535,trailhead,（名称未確認）足柄万葉公園バス停付近,35.3239833,139.0170649,WGS84,506,矢倉岳,関東百名山,,一般道（県道以上）との接続,矢倉岳:2.56km,BS-kP11-22-14-bs9017(97m) BS-kP11-22-14-bs9155(556m),,provisional,30,名称未確認、近くの道路にゲートあり（車両通行止め・季節閉鎖の可能性）、公式情報または2情報源での確認が必要,"OpenStreetMap（© OpenStreetMap contributors, ODbL 1.0）Geofabrik japan-latest.osm.pbf 2026-09-23T20:22:04Z node/1497992535（登山道と道路の接続点）",
TH-n1497996031,trailhead,（名称未確認）,35.3412113,139.0504852,WGS84,506,矢倉岳,関東百名山,,一般道との接続,矢倉岳:2.79km,PK-w991389667(469m),,provisional,30,名称未確認、近くの道路にゲートあり（車両通行止め・季節閉鎖の可能性）、公式情報または2情報源での確認が必要,"OpenStreetMap（© OpenStreetMap contributors, ODbL 1.0）Geofabrik japan-latest.osm.pbf 2026-09-23T20:22:04Z node/1497996031（登山道と道路の接続点）",
TH-n1512961767,trailhead,（名称未確認）,35.3835714,139.0462845,WGS84,489,大野山,関東百名山,,一般道との接続,大野山:0.35km,,,candidate,30,名称未確認、近くの道路にゲートあり（車両通行止め・季節閉鎖の可能性）、公式情報または2情報源での確認が必要,"OpenStreetMap（© OpenStreetMap contributors, ODbL 1.0）Geofabrik japan-latest.osm.pbf 2026-09-23T20:22:04Z node/1512961767（登山道と道路の接続点）",
TH-n1512967297,trailhead,（名称未確認）浅瀬入口バス停付近,35.4159196,139.0393564,WGS84,443,大室山,関東百名山,,一般道（県道以上）との接続,大室山:15.26km,PK-n3226675746(395m) PK-w265142404(421m) BS-kP11-22-14-bs6065(95m) BS-kP11-22-14-bs5994(431m) BS-kP11-22-14-bs6169(483m),,provisional,30,名称未確認、登山道が道路を横断する地点（途中の入口の可能性）、近くの道路にゲートあり（車両通行止め・季節閉鎖の可能性）、公式情報または2情報源での確認が必要,"OpenStreetMap（© OpenStreetMap contributors, ODbL 1.0）Geofabrik japan-latest.osm.pbf 2026-09-23T20:22:04Z node/1512967297（登山道と道路の接続点）",
TH-n1512982177,trailhead,（名称未確認）西丹沢ビジターセンターバス停付近,35.47518,139.0661336,WGS84,443,大室山,関東百名山,,一般道（県道以上）との接続,大室山:9.8km,PK-w367415547(485m) BS-kP11-22-14-bs4379(477m) BS-kP11-22-14-bs4481(802m),,provisional,30,名称未確認、近くの道路にゲートあり（車両通行止め・季節閉鎖の可能性）、公式情報または2情報源での確認が必要,"OpenStreetMap（© OpenStreetMap contributors, ODbL 1.0）Geofabrik japan-latest.osm.pbf 2026-09-23T20:22:04Z node/1512982177（登山道と道路の接続点）",
TH-n1514029377,trailhead,石射太郎登り口（高宕山）,35.2159959,139.9856299,WGS84,549,高宕山,関東百名山,,道路の終点付近,高宕山:2.54km,PK-w1239241071(75m),parking=石射太郎登り口前に7・8台程度、無料（君津市）; access=君津駅南口から周西線で清和公民館バス停、コミュニティバス中島・豊英線に乗り換えて植畑上郷バス停下車、石射太郎入口まで徒歩約40分（約2.8km）（君津市）; course=石射太郎登り口前から石射太郎山頂まで40分程度、石射太郎山頂から高宕山頂まで45分程度（君津市）; OSM登山ルート: KFT - C24 - Nihonzaru to deau michi,adopted,15,林道からの入口（マイカー進入可否を要確認）、令和8年6月の台風で登山道の一部が崩落し、高宕観音から高宕山頂の区間は通行止め（君津市、2026年8月6日更新）、登山口の正確な位置は公式情報では未確認,"OpenStreetMap（© OpenStreetMap contributors, ODbL 1.0）Geofabrik japan-latest.osm.pbf 2026-09-23T20:22:04Z node/1514029377（登山道と道路の接続点） ｜ 公式情報: https://www.city.kimitsu.lg.jp/site/kanko/2264.html",2026-09-25
TH-n1514276879,trailhead,（名称未確認）,36.567935,139.448738,WGS84,276,根本山,関東百名山,,一般道との接続,根本山:3.55km,,,candidate,30,名称未確認、公式情報または2情報源での確認が必要,"OpenStreetMap（© OpenStreetMap contributors, ODbL 1.0）Geofabrik japan-latest.osm.pbf 2026-09-23T20:22:04Z node/1514276879（登山道と道路の接続点）",
TH-n1514611896,trailhead,（名称未確認）,36.5973868,139.3671557,WGS84,266,袈裟丸山,日本三百名山|関東百名山,OSM登山道「袈裟丸山・塔ノ沢コース」,道路の終点付近,袈裟丸山:7.4km,,OSM登山ルート: KFT - G30 - Nesyaka no michi,candidate,30,名称未確認、林道からの入口（マイカー進入可否を要確認）、公式情報または2情報源での確認が必要,"OpenStreetMap（© OpenStreetMap contributors, ODbL 1.0）Geofabrik japan-latest.osm.pbf 2026-09-23T20:22:04Z node/1514611896（登山道と道路の接続点）",
TH-n1514615667,trailhead,郡界尾根登山口,36.6084821,139.3092393,WGS84,259 266,皇海山、袈裟丸山,日本百名山|日本二百名山|日本三百名山|関東百名山,,登山口（OSMの登山口地物）,皇海山:11.58km 袈裟丸山:4.61km,PK-w1530948591(9m),,adopted,15,近くの道路にゲートあり（車両通行止め・季節閉鎖の可能性）、採用の根拠: OSMの登山口名と、地理院地図の徒歩道が道路から始まる位置の一致（公式情報では未確認）,"OpenStreetMap（© OpenStreetMap contributors, ODbL 1.0）Geofabrik japan-latest.osm.pbf 2026-09-23T20:22:04Z node/1514615667 ｜ 国土地理院ベクトルタイル提供実験 地理院地図の徒歩道の起点（36.608333, 139.309075、JGD2011、22m差）2026-09-24確認",
TH-n1515362172,trailhead,（名称未確認）遊園地・動物園バス停付近,36.4258219,139.333178,WGS84,282,鳴神山,関東百名山,,道路の終点付近,鳴神山:8.96km,BS-kP11-22-10-bs1808(838m),OSM登山ルート: KFT - G33 - Azumayama kara shizen kansatu no mori heno michi,provisional,30,名称未確認、近くの道路にゲートあり（車両通行止め・季節閉鎖の可能性）、林道からの入口（マイカー進入可否を要確認）、公式情報または2情報源での確認が必要,"OpenStreetMap（© OpenStreetMap contributors, ODbL 1.0）Geofabrik japan-latest.osm.pbf 2026-09-23T20:22:04Z node/1515362172（登山道と道路の接続点）",
TH-n1515388489,trailhead,（名称未確認）田中バス停付近,36.468068,139.334233,WGS84,282,鳴神山,関東百名山,,一般道（県道以上）との接続,鳴神山:4.32km,BS-kP11-22-10-bs1466(102m) BS-kP11-22-10-bs1450(140m) BS-kP11-22-10-bs1482(393m),,provisional,30,名称未確認、公式情報または2情報源での確認が必要,"OpenStreetMap（© OpenStreetMap contributors, ODbL 1.0）Geofabrik japan-latest.osm.pbf 2026-09-23T20:22:04Z node/1515388489（登山道と道路の接続点）",
TH-n1515421173,trailhead,（名称未確認）,36.4834644,139.3447483,WGS84,282,鳴神山,関東百名山,OSM登山道「林道広土線」,一般道（県道以上）との接続,鳴神山:2.01km,,,candidate,30,名称未確認、公式情報または2情報源での確認が必要,"OpenStreetMap（© OpenStreetMap contributors, ODbL 1.0）Geofabrik japan-latest.osm.pbf 2026-09-23T20:22:04Z node/1515421173（登山道と道路の接続点）",
TH-n1515457560,trailhead,（名称未確認）,36.537444,139.206814,WGS84,275,赤城山,日本百名山|日本二百名山|日本三百名山|関東百名山,,一般道（県道以上）との接続,赤城山:3.57km,PK-w621798044(86m),,provisional,30,名称未確認、公式情報または2情報源での確認が必要,"OpenStreetMap（© OpenStreetMap contributors, ODbL 1.0）Geofabrik japan-latest.osm.pbf 2026-09-23T20:22:04Z node/1515457560（登山道と道路の接続点）",
TH-n1516503348,trailhead,（名称未確認）,35.9050439,138.9634328,WGS84,363,妙法ヶ岳,関東百名山,,一般道との接続,妙法ヶ岳:3.43km,,,candidate,30,名称未確認、近くの道路にゲートあり（車両通行止め・季節閉鎖の可能性）、公式情報または2情報源での確認が必要,"OpenStreetMap（© OpenStreetMap contributors, ODbL 1.0）Geofabrik japan-latest.osm.pbf 2026-09-23T20:22:04Z node/1516503348（登山道と道路の接続点）",
TH-n1516505989,trailhead,（名称未確認）,35.9124286,139.0997138,WGS84,361,大持山,関東百名山,OSM登山道「秩父上名栗線」,一般道（県道以上）との接続,大持山:3.97km,,,candidate,30,名称未確認、近くの道路にゲートあり（車両通行止め・季節閉鎖の可能性）、公式情報または2情報源での確認が必要,"OpenStreetMap（© OpenStreetMap contributors, ODbL 1.0）Geofabrik japan-latest.osm.pbf 2026-09-23T20:22:04Z node/1516505989（登山道と道路の接続点）",
TH-n1516506783,trailhead,（名称未確認）三峯神社バス停付近,35.9146817,138.9387209,WGS84,363,妙法ヶ岳,関東百名山,,一般道との接続,妙法ヶ岳:2.1km,BS-kP11-22-11-bs4919(887m),,provisional,30,名称未確認、近くの道路にゲートあり（車両通行止め・季節閉鎖の可能性）、公式情報または2情報源での確認が必要,"OpenStreetMap（© OpenStreetMap contributors, ODbL 1.0）Geofabrik japan-latest.osm.pbf 2026-09-23T20:22:04Z node/1516506783（登山道と道路の接続点）",
TH-n1516511173,trailhead,三峯神社登山口（雲取山）,35.9222747,138.9333667,WGS84,363 377 379,妙法ヶ岳、雲取山、飛龍山,関東百名山|日本百名山|日本二百名山|日本三百名山,三峯神社コース,一般道との接続,妙法ヶ岳:1.99km 雲取山:9.24km 飛龍山:15.53km,PK-w184711716(99m) PK-w1464077909(495m) BS-kP11-22-11-bs4919(134m),,adopted,15,"登山道が道路を横断する地点（途中の入口の可能性）、近くの道路にゲートあり（車両通行止め・季節閉鎖の可能性）、雲取山（2,017m）は東京都の最高峰。埼玉県側の三峯神社登山口から山頂まで約5時間（林野庁・埼玉県）、鴨沢（奥多摩町）・三条の湯（丹波山村）からのコースもあり、各コースとも1泊2日が主流（林野庁）、埼玉県が安全登山マップ（両神山・雲取山）を公開している","OpenStreetMap（© OpenStreetMap contributors, ODbL 1.0）Geofabrik japan-latest.osm.pbf 2026-09-23T20:22:04Z node/1516511173（登山道と道路の接続点） ｜ 公式情報: https://www.rinya.maff.go.jp/kanto/introduction/gaiyou_kyoku/hyakumeizan/pdf/kumotoriyama.pdf ｜ 公式情報: https://www.pref.saitama.lg.jp/b0504/tozanmap1.html",2026-09-20
TH-n1516527937,trailhead,（名称未確認）秩父湖バス停付近,35.9361187,138.908271,WGS84,366,白石山,日本二百名山|日本三百名山|関東百名山,,一般道（県道以上）との接続,白石山:7.88km,BS-kP11-22-11-bs4256(965m) BS-kP11-22-11-bs4256(965m),,provisional,30,名称未確認、登山道が道路を横断する地点（途中の入口の可能性）、公式情報または2情報源での確認が必要,"OpenStreetMap（© OpenStreetMap contributors, ODbL 1.0）Geofabrik japan-latest.osm.pbf 2026-09-23T20:22:04Z node/1516527937（登山道と道路の接続点）",
TH-n1516528135,trailhead,（名称未確認）川又バス停付近,35.9370432,138.846619,WGS84,375,笠取山,関東百名山,,一般道（県道以上）との接続,笠取山:15.01km,PK-w187760457(275m) BS-kP11-22-11-bs4452(458m),,provisional,30,名称未確認、近くの道路にゲートあり（車両通行止め・季節閉鎖の可能性）、公式情報または2情報源での確認が必要,"OpenStreetMap（© OpenStreetMap contributors, ODbL 1.0）Geofabrik japan-latest.osm.pbf 2026-09-23T20:22:04Z node/1516528135（登山道と道路の接続点）",
TH-n1516621734,trailhead,中双里登山口,35.9863881,138.8353765,WGS84,349,両神山,日本百名山|日本二百名山|日本三百名山|関東百名山,,登山口（OSMの登山口地物）,両神山:5.69km,BS-kP11-22-11-bs3161(53m) BS-kP11-22-11-bs3056(837m),,provisional,15,公式情報または2情報源での確認が必要,"OpenStreetMap（© OpenStreetMap contributors, ODbL 1.0）Geofabrik japan-latest.osm.pbf 2026-09-23T20:22:04Z node/1516621734",
TH-n1519050587,trailhead,（名称未確認）,35.938414,139.118785,WGS84,360 361,武川岳、大持山,関東百名山,,林道との接続,武川岳:1.81km 大持山:2.98km,PK-w1267599875(461m),,provisional,30,名称未確認、林道からの入口（マイカー進入可否を要確認）、公式情報または2情報源での確認が必要,"OpenStreetMap（© OpenStreetMap contributors, ODbL 1.0）Geofabrik japan-latest.osm.pbf 2026-09-23T20:22:04Z node/1519050587（登山道と道路の接続点）",
TH-n1519051324,trailhead,（名称未確認）,35.941,139.116721,WGS84,357 360 361,武甲山、武川岳、大持山,日本二百名山|日本三百名山|関東百名山,,一般道との接続,武甲山:6.2km 武川岳:2.17km 大持山:3.33km,PK-w1267599875(122m),,provisional,30,名称未確認、近くの道路にゲートあり（車両通行止め・季節閉鎖の可能性）、公式情報または2情報源での確認が必要,"OpenStreetMap（© OpenStreetMap contributors, ODbL 1.0）Geofabrik japan-latest.osm.pbf 2026-09-23T20:22:04Z node/1519051324（登山道と道路の接続点）",
TH-n1519051635,trailhead,正丸峠,35.9418984,139.1606517,WGS84,362,伊豆ヶ岳,関東百名山,,峠（道路との接続）,伊豆ヶ岳:1.81km,BS-kP11-22-11-bs4161(970m) BS-kP11-22-11-bs4161(970m),OSM登山ルート: KFT - S4 - Touge no rekishi wo shinobu michi,adopted,30,登山道が道路を横断する地点（途中の入口の可能性）、近くの道路にゲートあり（車両通行止め・季節閉鎖の可能性）,"OpenStreetMap（© OpenStreetMap contributors, ODbL 1.0）Geofabrik japan-latest.osm.pbf 2026-09-23T20:22:04Z node/1519051635（登山道と道路の接続点） ｜ 国土地理院 地名検索「正丸峠」（35.941906, 139.160682、JGD2011、3m差）2026-09-20確認",2026-09-20
TH-n1593226791,trailhead,（名称未確認）留浦駐車場付近,35.778762,138.9913168,WGS84,377 382,雲取山、鷹ノ巣山,日本百名山|日本二百名山|日本三百名山|関東百名山,,一般道との接続,雲取山:11.81km 鷹ノ巣山:10.37km,PK-w611772523(144m) PK-w373903560(179m) PK-w519572601(412m) BS-kP11-22-13-bs1008(136m) BS-kP11-22-13-bs1008(136m) BS-kP11-22-13-bs1132(358m),,provisional,30,名称未確認、公式情報または2情報源での確認が必要,"OpenStreetMap（© OpenStreetMap contributors, ODbL 1.0）Geofabrik japan-latest.osm.pbf 2026-09-23T20:22:04Z node/1593226791（登山道と道路の接続点）",
TH-n1593254082,trailhead,（名称未確認）,35.8075177,139.0706675,WGS84,382,鷹ノ巣山,関東百名山,,一般道との接続,鷹ノ巣山:7.18km,PK-n6536652460(13m),,provisional,30,名称未確認、公式情報または2情報源での確認が必要,"OpenStreetMap（© OpenStreetMap contributors, ODbL 1.0）Geofabrik japan-latest.osm.pbf 2026-09-23T20:22:04Z node/1593254082（登山道と道路の接続点）",
TH-n1593292846,trailhead,（名称未確認）百軒茶屋キャンプ場付近,35.8485437,139.1532712,WGS84,378,川苔山,関東百名山,,一般道との接続,川苔山:9.57km,BS-kP11-22-13-bs124(531m) BS-kP11-22-13-bs124(531m) BS-kP11-22-13-bs128(833m),OSM登山ルート: KFT - S1 - Suigen no michi、KFT - TK7 - Yamakusa no michi,provisional,30,名称未確認、近くの道路にゲートあり（車両通行止め・季節閉鎖の可能性）、公式情報または2情報源での確認が必要,"OpenStreetMap（© OpenStreetMap contributors, ODbL 1.0）Geofabrik japan-latest.osm.pbf 2026-09-23T20:22:04Z node/1593292846（登山道と道路の接続点）",
TH-n1597653318,trailhead,（名称未確認）所畑バス停付近,35.7885097,138.9750624,WGS84,377 382,雲取山、鷹ノ巣山,日本百名山|日本二百名山|日本三百名山|関東百名山,,一般道との接続,雲取山:10.01km 鷹ノ巣山:10.63km,PK-w1291595015(400m) BS-kP11-22-19-bs294(455m) BS-kP11-22-19-bs304(699m) BS-kP11-22-19-bs304(699m),OSM登山ルート: 鴨沢-雲取山登山道,provisional,30,名称未確認、公式情報または2情報源での確認が必要,"OpenStreetMap（© OpenStreetMap contributors, ODbL 1.0）Geofabrik japan-latest.osm.pbf 2026-09-23T20:22:04Z node/1597653318（登山道と道路の接続点）",
TH-n1598896130,trailhead,（名称未確認）野原犬橋バス停付近,35.53408,139.0916162,WGS84,443,大室山,関東百名山,,一般道との接続,大室山:3.94km,BS-kP11-22-19-bs2486(81m) BS-kP11-22-19-bs2483(186m) BS-kP11-22-19-bs2481(276m),,provisional,30,名称未確認、公式情報または2情報源での確認が必要,"OpenStreetMap（© OpenStreetMap contributors, ODbL 1.0）Geofabrik japan-latest.osm.pbf 2026-09-23T20:22:04Z node/1598896130（登山道と道路の接続点）",
TH-n1598896497,trailhead,（名称未確認）久保キャンプ場付近,35.5359583,139.0854811,WGS84,443,大室山,関東百名山,OSM登山道「久保つり橋」,一般道（県道以上）との接続,大室山:3.53km,BS-kP11-22-19-bs2480(84m) BS-kP11-22-19-bs2478(229m) BS-kP11-22-19-bs2481(326m),,provisional,30,名称未確認、公式情報または2情報源での確認が必要,"OpenStreetMap（© OpenStreetMap contributors, ODbL 1.0）Geofabrik japan-latest.osm.pbf 2026-09-23T20:22:04Z node/1598896497（登山道と道路の接続点）",
TH-n1600941470,trailhead,（名称未確認）軽自動車専用駐車場付近,35.8517578,139.0404299,WGS84,377,雲取山,日本百名山|日本二百名山|日本三百名山|関東百名山,,一般道（県道以上）との接続,雲取山:13.55km,PK-w1085225634(32m) BS-kP11-22-13-bs123(477m) BS-kP11-22-13-bs123(477m),,provisional,30,名称未確認、登山道が道路を横断する地点（途中の入口の可能性）、近くの道路にゲートあり（車両通行止め・季節閉鎖の可能性）、公式情報または2情報源での確認が必要,"OpenStreetMap（© OpenStreetMap contributors, ODbL 1.0）Geofabrik japan-latest.osm.pbf 2026-09-23T20:22:04Z node/1600941470（登山道と道路の接続点）",
TH-n1605392997,trailhead,作場平（笠取山登山口）,35.837825,138.8224387,WGS84,365 366 375 379,甲武信ヶ岳、白石山、笠取山、飛龍山,日本百名山|日本二百名山|日本三百名山|関東百名山|甲信越百名山,,一般道との接続,甲武信ヶ岳:14.9km 白石山:14.43km 笠取山:4.36km 飛龍山:13.8km,PK-g3583783_13882244(0m) PK-w1387535904(51m),,provisional,30,登山道が道路を横断する地点（途中の入口の可能性）、公式情報または2情報源での確認が必要、作場平駐車場に向かう林道が一部通行止（2024年11月23日から。奥多摩ビジターセンター）,"OpenStreetMap（© OpenStreetMap contributors, ODbL 1.0）Geofabrik japan-latest.osm.pbf 2026-09-23T20:22:04Z node/1605392997（登山道と道路の接続点） ｜ 登山記録で広く使われている登山口（登山記録・登山情報サイトで名称と利用を確認。公式情報では未確認） 2026-09-25確認",
TH-n1605402064,trailhead,（名称未確認）ヤブ沢峠付近,35.853842,138.805508,WGS84,375,笠取山,関東百名山,,峠（道路との接続）,笠取山:4.59km,,,candidate,30,名称未確認、林道からの入口（マイカー進入可否を要確認）、公式情報または2情報源での確認が必要,"OpenStreetMap（© OpenStreetMap contributors, ODbL 1.0）Geofabrik japan-latest.osm.pbf 2026-09-23T20:22:04Z node/1605402064（登山道と道路の接続点）",
TH-n1616967514,trailhead,（名称未確認）足柄万葉公園バス停付近,35.3286068,139.0109891,WGS84,506,矢倉岳,関東百名山,,一般道との接続,矢倉岳:2.8km,BS-kP11-22-14-bs9017(822m),,provisional,30,名称未確認、公式情報または2情報源での確認が必要,"OpenStreetMap（© OpenStreetMap contributors, ODbL 1.0）Geofabrik japan-latest.osm.pbf 2026-09-23T20:22:04Z node/1616967514（登山道と道路の接続点）",
TH-n1618683470,trailhead,（名称未確認）峰の茶屋バス停付近,36.403918,138.5695444,WGS84,295 296,浅間山、黒斑山,日本百名山|日本二百名山|日本三百名山|甲信越百名山|関東百名山,,林道との接続,浅間山:4.83km 黒斑山:9.06km,BS-kP11-22-20-bs3350(57m) BS-kP11-22-20-bs3350(57m) BS-kP11-22-20-bs3350(57m),,provisional,30,名称未確認、近くの道路にゲートあり（車両通行止め・季節閉鎖の可能性）、林道からの入口（マイカー進入可否を要確認）、公式情報または2情報源での確認が必要,"OpenStreetMap（© OpenStreetMap contributors, ODbL 1.0）Geofabrik japan-latest.osm.pbf 2026-09-23T20:22:04Z node/1618683470（登山道と道路の接続点）",
TH-n1654435464,trailhead,（名称未確認）,35.5044552,139.0907449,WGS84,443,大室山,関東百名山,OSM登山道「東海自然歩道」,一般道（県道以上）との接続,大室山:3.72km,,OSM登山ルート: 東海自然歩道（西野々から西丹沢自然教室まで）,candidate,30,名称未確認、近くの道路にゲートあり（車両通行止め・季節閉鎖の可能性）、公式情報または2情報源での確認が必要,"OpenStreetMap（© OpenStreetMap contributors, ODbL 1.0）Geofabrik japan-latest.osm.pbf 2026-09-23T20:22:04Z node/1654435464（登山道と道路の接続点）",
TH-n1654497545,trailhead,（名称未確認）プレジャーフォレスト前バス停付近,35.5984268,139.1948262,WGS84,430,石老山,関東百名山,,一般道との接続,石老山:2.26km,BS-n2449085117(528m) BS-kP11-22-14-bs378(536m) BS-kP11-22-14-bs379(536m),,provisional,30,名称未確認、近くの道路にゲートあり（車両通行止め・季節閉鎖の可能性）、公式情報または2情報源での確認が必要,"OpenStreetMap（© OpenStreetMap contributors, ODbL 1.0）Geofabrik japan-latest.osm.pbf 2026-09-23T20:22:04Z node/1654497545（登山道と道路の接続点）",
TH-n1680820866,trailhead,（名称未確認）青木入バス停付近,36.393147,138.343458,WGS84,289,湯ノ丸山,関東百名山|甲信越百名山,,一般道との接続,湯ノ丸山:9.0km,BS-kP11-22-20-bs3423(175m) BS-kP11-22-20-bs3444(304m) BS-kP11-22-20-bs3415(337m),,provisional,30,名称未確認、公式情報または2情報源での確認が必要,"OpenStreetMap（© OpenStreetMap contributors, ODbL 1.0）Geofabrik japan-latest.osm.pbf 2026-09-23T20:22:04Z node/1680820866（登山道と道路の接続点）",
TH-n1686477603,trailhead,田口峠,36.1897091,138.605505,WGS84,328 330,荒船山、立岩,日本二百名山|日本三百名山|関東百名山,,峠（道路との接続）,荒船山:4.31km 立岩:6.84km,PK-w484410167(153m),,adopted,30,,"OpenStreetMap（© OpenStreetMap contributors, ODbL 1.0）Geofabrik japan-latest.osm.pbf 2026-09-23T20:22:04Z node/1686477603（登山道と道路の接続点） ｜ 国土地理院 地名検索「田口峠」（36.189781, 138.605951、JGD2011、41m差）2026-09-20確認",2026-09-20
TH-n1686479875,trailhead,内山峠,36.222375,138.615795,WGS84,328 330,荒船山、立岩,日本二百名山|日本三百名山|関東百名山,,峠（道路との接続）,荒船山:4.58km 立岩:7.1km,,,adopted,30,,"OpenStreetMap（© OpenStreetMap contributors, ODbL 1.0）Geofabrik japan-latest.osm.pbf 2026-09-23T20:22:04Z node/1686479875（登山道と道路の接続点） ｜ 国土地理院 地名検索「内山峠」（36.223045, 138.616132、JGD2011、80m差）2026-09-20確認",2026-09-20
TH-n1759782280,trailhead,黒檜山登山口（赤城山）,36.547094,139.1871676,WGS84,275,赤城山,日本百名山|日本二百名山|日本三百名山|関東百名山,,登山口（OSMの登山口地物）,赤城山:2.32km,PK-w621796016(45m) PK-w530835954(139m) PK-w627593123(154m) BS-kP11-22-10-bs885(137m) BS-kP11-22-10-bs886(137m) BS-kP11-22-10-bs906(257m),OSM登山ルート: KFT - G22 - Tutuji no michi、KFT - G35 - Kurobisan kara hanamigahara he no michi,adopted,15,赤城山ビジターセンター周辺に駐車場があり、覚満淵・小沼・鳥居峠などを巡るコースの起点になる、覚満淵は周囲約800mの湿原（「小尾瀬」とも呼ばれる）,"OpenStreetMap（© OpenStreetMap contributors, ODbL 1.0）Geofabrik japan-latest.osm.pbf 2026-09-23T20:22:04Z node/1759782280 ｜ 国土地理院ベクトルタイル提供実験 地理院地図の徒歩道の起点（36.547094, 139.187171、JGD2011、0m差）2026-09-24確認 ｜ 公式情報: https://www.ktr.mlit.go.jp/chiiki/chiiki00000127.html ｜ 公式情報: https://akagi.niye.go.jp/wp/wp-content/uploads/2024/07/20.pdf",2026-09-20
TH-n1759782556,trailhead,黒檜山登山口,36.5567471,139.1827605,WGS84,275,赤城山,日本百名山|日本二百名山|日本三百名山|関東百名山,黒檜山〜駒ヶ岳周回,登山口（OSMの登山口地物）,赤城山:1.1km,PK-w621792351(292m) PK-w621792348(410m) BS-kP11-22-10-bs880(909m) BS-kP11-22-10-bs880(909m) BS-kP11-22-10-bs881(909m),,adopted,15,採用の根拠: OSMの登山口名と、地理院地図の徒歩道が道路から始まる位置の一致（公式情報では未確認）,"OpenStreetMap（© OpenStreetMap contributors, ODbL 1.0）Geofabrik japan-latest.osm.pbf 2026-09-23T20:22:04Z node/1759782556 ｜ 国土地理院ベクトルタイル提供実験 地理院地図の徒歩道の起点（36.556742, 139.182729、JGD2011、3m差）2026-09-24確認",
TH-n1760779219,trailhead,（名称未確認）,35.9105149,139.126756,WGS84,361,大持山,関東百名山,OSM登山道「秩父上名栗線」,一般道（県道以上）との接続,大持山:4.0km,,,candidate,30,名称未確認、公式情報または2情報源での確認が必要,"OpenStreetMap（© OpenStreetMap contributors, ODbL 1.0）Geofabrik japan-latest.osm.pbf 2026-09-23T20:22:04Z node/1760779219（登山道と道路の接続点）",
TH-n1771745315,trailhead,（名称未確認）タイムズ大塔宮前付近,35.3293366,139.5645053,WGS84,503,天園,関東百名山,,一般道との接続,天園:2.24km,PK-n2789615696(92m) PK-w463206616(334m) PK-w499561499(474m) BS-kP11-22-14-bs8935(421m) BS-kP11-22-14-bs8971(525m) BS-kP11-22-14-bs8971(525m),OSM登山ルート: 天園ハイキングコース,provisional,30,名称未確認、登山道が道路を横断する地点（途中の入口の可能性）、近くの道路にゲートあり（車両通行止め・季節閉鎖の可能性）、公式情報または2情報源での確認が必要,"OpenStreetMap（© OpenStreetMap contributors, ODbL 1.0）Geofabrik japan-latest.osm.pbf 2026-09-23T20:22:04Z node/1771745315（登山道と道路の接続点）",
TH-n1789703595,trailhead,秋川渓谷;瀬音の湯,35.7273889,139.1863642,WGS84,387 394 396,御岳山、御前山、大岳山,関東百名山|日本二百名山|日本三百名山,OSM登山道「長岳橋」,施設（山小屋・宿・キャンプ場）からの入口,御岳山:11.17km 御前山:13.67km 大岳山:7.95km,PK-n6417462137(0m) PK-w300060866(35m) PK-w301200525(53m) BS-kP11-22-13-bs3806(68m) BS-kP11-22-13-bs3865(191m) BS-kP11-22-13-bs3865(191m),,provisional,15,近くの道路にゲートあり（車両通行止め・季節閉鎖の可能性）、公式情報または2情報源での確認が必要,"OpenStreetMap（© OpenStreetMap contributors, ODbL 1.0）Geofabrik japan-latest.osm.pbf 2026-09-23T20:22:04Z node/6417462137 ｜ OpenStreetMap（© OpenStreetMap contributors, ODbL 1.0）Geofabrik japan-latest.osm.pbf 2026-09-23T20:22:04Z node/1512848057（登山道と道路の接続点）",
TH-n1791311832,trailhead,（名称未確認）栄プールバス停付近,35.3369418,139.5743753,WGS84,503,天園,関東百名山,OSM登山道「天園ハイキングコース」,一般道との接続,天園:0.22km,PK-w167757604(37m) PK-w1488750561(133m) PK-w1488750560(145m) BS-kP11-22-14-bs8369(771m) BS-kP11-22-14-bs8492(794m) BS-n14201947321(855m),OSM登山ルート: 天園ハイキングコース,provisional,30,名称未確認、近くの道路にゲートあり（車両通行止め・季節閉鎖の可能性）、公式情報または2情報源での確認が必要,"OpenStreetMap（© OpenStreetMap contributors, ODbL 1.0）Geofabrik japan-latest.osm.pbf 2026-09-23T20:22:04Z node/1791311832（登山道と道路の接続点）",
TH-n1794218892,trailhead,（名称未確認）半僧坊下バス停付近,35.3361098,139.5641952,WGS84,503,天園,関東百名山,,一般道との接続,天園:1.65km,PK-w708121508(301m) PK-w708128130(344m) PK-w708121503(402m) BS-kP11-22-14-bs8558(179m) BS-kP11-22-14-bs8492(360m) BS-kP11-22-14-bs8481(560m),,provisional,30,名称未確認、近くの道路にゲートあり（車両通行止め・季節閉鎖の可能性）、公式情報または2情報源での確認が必要,"OpenStreetMap（© OpenStreetMap contributors, ODbL 1.0）Geofabrik japan-latest.osm.pbf 2026-09-23T20:22:04Z node/1794218892（登山道と道路の接続点）",
TH-n1806085121,trailhead,有間峠,35.8782808,139.1111632,WGS84,357 360 361,武甲山、武川岳、大持山,日本二百名山|日本三百名山|関東百名山,,峠（道路との接続）,武甲山:9.85km 武川岳:9.62km 大持山:6.99km,,,adopted,30,近くの道路にゲートあり（車両通行止め・季節閉鎖の可能性）,"OpenStreetMap（© OpenStreetMap contributors, ODbL 1.0）Geofabrik japan-latest.osm.pbf 2026-09-23T20:22:04Z node/1806085121（登山道と道路の接続点） ｜ 国土地理院 地名検索「有間峠」（35.877804, 139.110784、JGD2011、63m差）2026-09-20確認",2026-09-20
TH-n1828308683,trailhead,（名称未確認）屋形原バス停付近,36.6062892,139.034433,WGS84,272,子持山,関東百名山,,一般道との接続,子持山:4.01km,BS-kP11-22-10-bs624(904m),,provisional,30,名称未確認、公式情報または2情報源での確認が必要,"OpenStreetMap（© OpenStreetMap contributors, ODbL 1.0）Geofabrik japan-latest.osm.pbf 2026-09-23T20:22:04Z node/1828308683（登山道と道路の接続点）",
TH-n1908578981,trailhead,（名称未確認）,36.036351,139.147649,WGS84,347,大霧山,関東百名山,,林道との接続,大霧山:1.96km,,OSM登山ルート: KFT - S5 - Ookiriyama he noboru michi,candidate,30,名称未確認、林道からの入口（マイカー進入可否を要確認）、公式情報または2情報源での確認が必要,"OpenStreetMap（© OpenStreetMap contributors, ODbL 1.0）Geofabrik japan-latest.osm.pbf 2026-09-23T20:22:04Z node/1908578981（登山道と道路の接続点）",
TH-n1908603347,trailhead,（名称未確認）,36.088153,139.013876,WGS84,339,城峯山,関東百名山,,一般道との接続,城峯山:1.38km,,,candidate,30,名称未確認、公式情報または2情報源での確認が必要,"OpenStreetMap（© OpenStreetMap contributors, ODbL 1.0）Geofabrik japan-latest.osm.pbf 2026-09-23T20:22:04Z node/1908603347（登山道と道路の接続点）",
TH-n1908608285,trailhead,（名称未確認）,36.0938919,139.011552,WGS84,339,城峯山,関東百名山,,一般道との接続,城峯山:0.54km,,,candidate,30,名称未確認、公式情報または2情報源での確認が必要,"OpenStreetMap（© OpenStreetMap contributors, ODbL 1.0）Geofabrik japan-latest.osm.pbf 2026-09-23T20:22:04Z node/1908608285（登山道と道路の接続点）",
TH-n1908610099,trailhead,（名称未確認）,36.0963122,139.0095037,WGS84,339,城峯山,関東百名山,,一般道との接続,城峯山:0.28km,,,candidate,30,名称未確認、公式情報または2情報源での確認が必要,"OpenStreetMap（© OpenStreetMap contributors, ODbL 1.0）Geofabrik japan-latest.osm.pbf 2026-09-23T20:22:04Z node/1908610099（登山道と道路の接続点）",
TH-n1912226394,trailhead,（名称未確認）,36.8402571,139.1718421,WGS84,241,武尊山,日本百名山|日本二百名山|日本三百名山|関東百名山,,道路の終点付近,武尊山:7.14km,PK-w1110493075(22m) PK-w1193531452(223m),,provisional,30,名称未確認、林道からの入口（マイカー進入可否を要確認）、公式情報または2情報源での確認が必要,"OpenStreetMap（© OpenStreetMap contributors, ODbL 1.0）Geofabrik japan-latest.osm.pbf 2026-09-23T20:22:04Z node/1912226394（登山道と道路の接続点）",
TH-n1912256429,trailhead,（名称未確認）,36.8116069,139.1100457,WGS84,241,武尊山,日本百名山|日本二百名山|日本三百名山|関東百名山,,道路の終点付近,武尊山:3.07km,PK-n5910227561(429m),,provisional,30,名称未確認、林道からの入口（マイカー進入可否を要確認）、公式情報または2情報源での確認が必要,"OpenStreetMap（© OpenStreetMap contributors, ODbL 1.0）Geofabrik japan-latest.osm.pbf 2026-09-23T20:22:04Z node/1912256429（登山道と道路の接続点）",
TH-n1920968319,trailhead,仏岩ポケットパーク（吾妻耶山登山口）,36.7607427,138.921004,WGS84,249,吾妻耶山,関東百名山,,一般道（県道以上）との接続,吾妻耶山:2.37km,,,provisional,30,公式情報または2情報源での確認が必要,"OpenStreetMap（© OpenStreetMap contributors, ODbL 1.0）Geofabrik japan-latest.osm.pbf 2026-09-23T20:22:04Z node/1920968319（登山道と道路の接続点） ｜ 登山記録で広く使われている登山口（登山記録・登山情報サイトで名称と利用を確認。公式情報では未確認） 2026-09-24確認",
TH-n1922659445,trailhead,河内神社（三峰山登山口）,36.6870637,139.0287172,WGS84,256,三峰山,関東百名山,,林道との接続,三峰山:4.67km,,parking=10台、無料。トイレ有（水道なし）（沼田市観光協会）; access=関越自動車道沼田I.C.から約20分で河内神社下、河内神社下から25分で河内神社。JR後閑駅から徒歩30分で龍谷寺、龍谷寺から50分で表参道、表参道から15分で河内神社（沼田市観光協会）; course=河内神社から三峰山頂（後閑峰）まで約2時間（約5km）（沼田市観光協会）,adopted,15,林道からの入口（マイカー進入可否を要確認）、登山口の正確な位置は公式情報では未確認,"OpenStreetMap（© OpenStreetMap contributors, ODbL 1.0）Geofabrik japan-latest.osm.pbf 2026-09-23T20:22:04Z node/1922659445（登山道と道路の接続点） ｜ 公式情報: https://www.numata-kankou.jp/activity/climb-hike/mitsumine/index.html",2026-09-24
TH-n1931511185,trailhead,（名称未確認）吾妻荘前バス停付近,36.4779224,138.8603963,WGS84,284,榛名山,日本二百名山|日本三百名山|関東百名山,,一般道（県道以上）との接続,榛名山:1.12km,PK-n6403414538(309m) BS-kP11-22-10-bs1397(160m) BS-kP11-22-10-bs1398(160m) BS-kP11-22-10-bs1380(270m),,provisional,30,名称未確認、公式情報または2情報源での確認が必要,"OpenStreetMap（© OpenStreetMap contributors, ODbL 1.0）Geofabrik japan-latest.osm.pbf 2026-09-23T20:22:04Z node/1931511185（登山道と道路の接続点）",
TH-n1931511249,trailhead,（名称未確認）吾妻荘前バス停付近,36.4796954,138.8565341,WGS84,284,榛名山,日本二百名山|日本三百名山|関東百名山,,一般道との接続,榛名山:0.96km,BS-kP11-22-10-bs1397(519m) BS-kP11-22-10-bs1398(519m) BS-kP11-22-10-bs1380(550m),,provisional,30,名称未確認、公式情報または2情報源での確認が必要,"OpenStreetMap（© OpenStreetMap contributors, ODbL 1.0）Geofabrik japan-latest.osm.pbf 2026-09-23T20:22:04Z node/1931511249（登山道と道路の接続点）",
TH-n1940656394,trailhead,（名称未確認）,36.6009882,138.9902581,WGS84,272,子持山,関東百名山,,道路の終点付近,子持山:1.54km,,,candidate,30,名称未確認、林道からの入口（マイカー進入可否を要確認）、公式情報または2情報源での確認が必要,"OpenStreetMap（© OpenStreetMap contributors, ODbL 1.0）Geofabrik japan-latest.osm.pbf 2026-09-23T20:22:04Z node/1940656394（登山道と道路の接続点）",
TH-n1940688846,trailhead,,36.6412598,138.5359342,WGS84,264,草津白根山,日本百名山|日本二百名山|日本三百名山|関東百名山,,公式情報による登山口,,PK-w956253543(415m) BS-kP11-22-10-bs475(461m) BS-kP11-22-10-bs476(461m) BS-kP11-22-10-bs477(461m),restriction=噴火警戒レベル1（2026年5月15日に引き下げ）,provisional,50,草津白根山（湯釜付近）・本白根山とも噴火警戒レベル1（気象庁、2026年5月15日引き下げ）、レベル1でも湯釜火口から約500mでは小規模噴出の可能性。窪地や谷地形にたまる火山ガスに注意（気象庁）,OSM node/1940688846（2026-09-20時点の候補座標） ｜ 公式情報: https://www.jma.go.jp/jma/press/2605/15a/20260515_kusatsu-shiranesan.html ｜ 公式情報: https://chubu.env.go.jp/shinetsu/emergency/emergency_250804_00002.html,2026-09-20
TH-n1978733729,trailhead,（名称未確認）,36.4713846,138.6396007,WGS84,287,浅間隠山,日本二百名山|日本三百名山|関東百名山,,一般道との接続,浅間隠山:2.54km,,,candidate,30,名称未確認、登山道が道路を横断する地点（途中の入口の可能性）、公式情報または2情報源での確認が必要,"OpenStreetMap（© OpenStreetMap contributors, ODbL 1.0）Geofabrik japan-latest.osm.pbf 2026-09-23T20:22:04Z node/1978733729（登山道と道路の接続点）",
TH-n1982055890,trailhead,（名称未確認）,36.4408208,138.6492482,WGS84,287,浅間隠山,日本二百名山|日本三百名山|関東百名山,,一般道（県道以上）との接続,浅間隠山:1.83km,,,candidate,30,名称未確認、公式情報または2情報源での確認が必要,"OpenStreetMap（© OpenStreetMap contributors, ODbL 1.0）Geofabrik japan-latest.osm.pbf 2026-09-23T20:22:04Z node/1982055890（登山道と道路の接続点）",
TH-n1993106570,trailhead,太郎山登山口,36.8017142,139.4896359,WGS84,237,太郎山,日本三百名山|関東百名山,,登山口（OSMの登山口地物）,太郎山:2.32km,,,adopted,15,採用の根拠: OSMの登山口名と、地理院地図の徒歩道が道路から始まる位置の一致（公式情報では未確認）,"OpenStreetMap（© OpenStreetMap contributors, ODbL 1.0）Geofabrik japan-latest.osm.pbf 2026-09-23T20:22:04Z node/1993106570 ｜ 国土地理院ベクトルタイル提供実験 地理院地図の徒歩道の起点（36.801718, 139.489634、JGD2011、0m差）2026-09-24確認",
TH-n1993910490,trailhead,（名称未確認）かつら荘付近,36.8076224,139.4157451,WGS84,243,日光白根山,日本百名山|日本二百名山|日本三百名山|関東百名山,OSM登山道「中津曽根コース」,道路の終点付近,日光白根山:5.19km,BS-kP11-22-09-bs765(624m) BS-kP11-22-09-bs766(624m) BS-kP11-22-09-bs769(917m),,provisional,30,名称未確認、林道からの入口（マイカー進入可否を要確認）、公式情報または2情報源での確認が必要,"OpenStreetMap（© OpenStreetMap contributors, ODbL 1.0）Geofabrik japan-latest.osm.pbf 2026-09-23T20:22:04Z node/1993910490（登山道と道路の接続点）",
TH-n1998654930,trailhead,秩父御岳山登山口(町分口),35.9640041,138.9756563,WGS84,356,秩父御岳山,関東百名山,,登山口（OSMの登山口地物）,秩父御岳山:3.82km,PK-w242820512(307m) PK-w1272465172(459m) BS-kP11-22-11-bs3807(331m) BS-kP11-22-11-bs3853(535m) BS-kP11-22-11-bs3853(535m),,adopted,15,採用の根拠: OSMの登山口名と、地理院地図の徒歩道が道路から始まる位置の一致（公式情報では未確認）,"OpenStreetMap（© OpenStreetMap contributors, ODbL 1.0）Geofabrik japan-latest.osm.pbf 2026-09-23T20:22:04Z node/1998654930 ｜ 国土地理院ベクトルタイル提供実験 地理院地図の徒歩道の起点（35.964020, 138.975333、JGD2011、29m差）2026-09-24確認",
TH-n2012426296,trailhead,（名称未確認）,35.5894608,139.1731686,WGS84,430,石老山,関東百名山,,一般道（県道以上）との接続,石老山:2.04km,BS-n4940018329(248m) BS-n4940018333(371m),OSM登山ルート: 東海自然歩道（石老山～石砂山）,provisional,30,名称未確認、公式情報または2情報源での確認が必要,"OpenStreetMap（© OpenStreetMap contributors, ODbL 1.0）Geofabrik japan-latest.osm.pbf 2026-09-23T20:22:04Z node/2012426296（登山道と道路の接続点）",
TH-n2012966172,trailhead,（名称未確認）大上上バス停付近,36.1804711,138.6371261,WGS84,328 330,荒船山、立岩,日本二百名山|日本三百名山|関東百名山,OSM登山道「星尾羽沢線」,一般道（県道以上）との接続,荒船山:3.28km 立岩:1.15km,PK-w480423292(17m) BS-kP11-22-10-bs4982(608m),,provisional,30,名称未確認、公式情報または2情報源での確認が必要,"OpenStreetMap（© OpenStreetMap contributors, ODbL 1.0）Geofabrik japan-latest.osm.pbf 2026-09-23T20:22:04Z node/2012966172（登山道と道路の接続点）",
TH-n2012966851,trailhead,（名称未確認）,36.195693,138.630961,WGS84,328 330,荒船山、立岩,日本二百名山|日本三百名山|関東百名山,OSM登山道「星尾羽沢線」,林道との接続,荒船山:1.28km 立岩:3.02km,,,candidate,30,名称未確認、林道からの入口（マイカー進入可否を要確認）、公式情報または2情報源での確認が必要,"OpenStreetMap（© OpenStreetMap contributors, ODbL 1.0）Geofabrik japan-latest.osm.pbf 2026-09-23T20:22:04Z node/2012966851（登山道と道路の接続点）",
TH-n2015053735,trailhead,（名称未確認）大猷院・二荒山神社前バス停付近,36.7596578,139.5998006,WGS84,240,女峰山,日本二百名山|日本三百名山|関東百名山,,一般道との接続,女峰山:8.8km,PK-w1126926919(261m) PK-w694109319(292m) PK-w694109326(304m) BS-kP11-22-09-bs861(362m) BS-kP11-22-09-bs865(427m) BS-kP11-22-09-bs868(446m),,provisional,30,名称未確認、近くの道路にゲートあり（車両通行止め・季節閉鎖の可能性）、公式情報または2情報源での確認が必要,"OpenStreetMap（© OpenStreetMap contributors, ODbL 1.0）Geofabrik japan-latest.osm.pbf 2026-09-23T20:22:04Z node/2015053735（登山道と道路の接続点）",
TH-n2015053842,trailhead,（名称未確認）大猷院・二荒山神社前バス停付近,36.7649338,139.5939697,WGS84,240,女峰山,日本二百名山|日本三百名山|関東百名山,,一般道との接続,女峰山:8.35km,BS-kP11-22-09-bs861(856m),,provisional,30,名称未確認、近くの道路にゲートあり（車両通行止め・季節閉鎖の可能性）、公式情報または2情報源での確認が必要,"OpenStreetMap（© OpenStreetMap contributors, ODbL 1.0）Geofabrik japan-latest.osm.pbf 2026-09-23T20:22:04Z node/2015053842（登山道と道路の接続点）",
TH-n2018857623,trailhead,（名称未確認）小沢橋バス停付近,36.1826521,138.74119,WGS84,329,鹿岳,関東百名山,,一般道との接続,鹿岳:3.74km,BS-kP11-22-10-bs4976(358m) BS-kP11-22-10-bs4977(358m) BS-kP11-22-10-bs4971(419m),,provisional,30,名称未確認、公式情報または2情報源での確認が必要,"OpenStreetMap（© OpenStreetMap contributors, ODbL 1.0）Geofabrik japan-latest.osm.pbf 2026-09-23T20:22:04Z node/2018857623（登山道と道路の接続点）",
TH-n2034663045,trailhead,玉翠楼,35.4531238,139.283662,WGS84,465,大山,日本三百名山|関東百名山,,施設（山小屋・宿・キャンプ場）からの入口,大山:6.72km,PK-w424279739(78m) PK-w422888256(110m) BS-kP11-22-14-bs4900(56m) BS-kP11-22-14-bs4916(436m) BS-kP11-22-14-bs4916(436m),,provisional,15,近くの道路にゲートあり（車両通行止め・季節閉鎖の可能性）、公式情報または2情報源での確認が必要,"OpenStreetMap（© OpenStreetMap contributors, ODbL 1.0）Geofabrik japan-latest.osm.pbf 2026-09-23T20:22:04Z node/2034663045 ｜ 国土地理院 地名検索「広沢寺温泉」（35.453233, 139.283346、JGD2011、31m差）2026-09-20確認",2026-09-20
TH-n2035546213,trailhead,（名称未確認）,36.4012567,138.6721129,WGS84,293,鼻曲山,関東百名山,,一般道（県道以上）との接続,鼻曲山:4.07km,PK-w1425339025(153m),,provisional,30,名称未確認、公式情報または2情報源での確認が必要,"OpenStreetMap（© OpenStreetMap contributors, ODbL 1.0）Geofabrik japan-latest.osm.pbf 2026-09-23T20:22:04Z node/2035546213（登山道と道路の接続点）",
TH-n2039173801,trailhead,（名称未確認）めがね橋バス停付近,36.360309,138.695302,WGS84,293,鼻曲山,関東百名山,,一般道との接続,鼻曲山:14.69km,PK-w1312120415(436m) BS-kP11-22-10-bs2999(395m),,provisional,30,名称未確認、近くの道路にゲートあり（車両通行止め・季節閉鎖の可能性）、公式情報または2情報源での確認が必要,"OpenStreetMap（© OpenStreetMap contributors, ODbL 1.0）Geofabrik japan-latest.osm.pbf 2026-09-23T20:22:04Z node/2039173801（登山道と道路の接続点）",
TH-n2065579463,trailhead,（名称未確認）,36.2916444,138.7494727,WGS84,316,妙義山,日本二百名山|日本三百名山|関東百名山,,林道との接続,妙義山:1.19km,,,candidate,30,名称未確認、林道からの入口（マイカー進入可否を要確認）、公式情報または2情報源での確認が必要,"OpenStreetMap（© OpenStreetMap contributors, ODbL 1.0）Geofabrik japan-latest.osm.pbf 2026-09-23T20:22:04Z node/2065579463（登山道と道路の接続点）",
TH-n2065580749,trailhead,妙義神社（登山口）,36.3008534,138.7637919,WGS84,316,妙義山,日本二百名山|日本三百名山|関東百名山,,一般道との接続,妙義山:1.82km,PK-w436800110(232m) PK-w167804752(406m) PK-n6435567790(451m),registration=妙義神社中間道入口と相馬岳大の字登山口（いずれも富岡市妙義町妙義）に登山届提出箱・啓発掲示物がある（群馬県）; OSM登山ルート: KFT - G11 - Kyudou uramyougi no mich,adopted,15,登山道が道路を横断する地点（途中の入口の可能性）、頂上主稜線（白雲山〜金洞山の縦走）は完全に上級者向けで、登攀技術・装備（ザイル・ハーネス・カラビナ等）の無い人は登山を控えるよう案内されている。滑落遭難事故が頻発している（下仁田町）、山火事に伴う登山道の封鎖は解除されたが、一部の上級者コースは火事の影響を受けている箇所がある。雨の後は鎖場の岩が滑りやすく、大雨による土砂の流出や倒木もある（下仁田町、2025年12月27日更新）、裏妙義のルートは群馬県のグレーディングで技術的難易度が県内最高（安中市）,"OpenStreetMap（© OpenStreetMap contributors, ODbL 1.0）Geofabrik japan-latest.osm.pbf 2026-09-23T20:22:04Z node/2065580749（登山道と道路の接続点） ｜ 公式情報: https://www.pref.gunma.jp/uploaded/attachment/25631.pdf ｜ 公式情報: https://www.town.shimonita.lg.jp/kanko/m03/m05/10.html ｜ 公式情報: https://www.city.annaka.lg.jp/page/2066.html ｜ 国土地理院 地名検索「妙義神社」（36.300461, 138.762557、JGD2011、119m差）。地理院地図の徒歩道の起点（36.301158, 138.764211）とOSMの地点が50m差 2026-09-22確認",2026-09-22
TH-n2082318771,trailhead,大間々台（高原山 釈迦ヶ岳登山口）,36.9019772,139.8212637,WGS84,226,高原山,日本三百名山|関東百名山,OSM登山道「外周遊歩道」,一般道（県道以上）との接続,高原山:5.28km,PK-w446593237(371m),,adopted,15,登山道が道路を横断する地点（途中の入口の可能性）、高原山は栃木県北部の成層火山で、最高峰は釈迦ヶ岳（栃木県・気象庁）、栃木県が登山道・遊歩道情報と山のグレーディングを公開している,"OpenStreetMap（© OpenStreetMap contributors, ODbL 1.0）Geofabrik japan-latest.osm.pbf 2026-09-23T20:22:04Z node/2082318771（登山道と道路の接続点） ｜ 公式情報: https://www.pref.tochigi.lg.jp/c05/intro/tochigiken/hakken/shizen1_03.html ｜ 公式情報: https://www.pref.tochigi.lg.jp/d53/information/mountaintrail.html ｜ 公式情報: https://www.data.jma.go.jp/vois/data/tokyo/333_Takaharayama/333_index.html",2026-09-20
TH-n2082319342,trailhead,（名称未確認）小間々駐車場付近,36.9114201,139.8231203,WGS84,226,高原山,日本三百名山|関東百名山,OSM登山道「大間々自然歩道」,林道との接続,高原山:5.71km,PK-w446593236(120m),,provisional,30,名称未確認、林道からの入口（マイカー進入可否を要確認）、公式情報または2情報源での確認が必要,"OpenStreetMap（© OpenStreetMap contributors, ODbL 1.0）Geofabrik japan-latest.osm.pbf 2026-09-23T20:22:04Z node/2082319342（登山道と道路の接続点）",
TH-n2084615709,trailhead,（名称未確認）唐木田精肉店前バス停付近,36.323293,139.63141,WGS84,312,三毳山,関東百名山,,一般道との接続,三毳山:0.91km,BS-kP11-22-09-bs3354(606m) BS-kP11-22-09-bs3354(606m) BS-kP11-22-09-bs3388(608m),,provisional,30,名称未確認、近くの道路にゲートあり（車両通行止め・季節閉鎖の可能性）、公式情報または2情報源での確認が必要,"OpenStreetMap（© OpenStreetMap contributors, ODbL 1.0）Geofabrik japan-latest.osm.pbf 2026-09-23T20:22:04Z node/2084615709（登山道と道路の接続点）",
TH-n2084710653,trailhead,（名称未確認）,36.53742,139.437841,WGS84,276,根本山,関東百名山,,道路の終点付近,根本山:1.85km,PK-n11939006363(406m),,provisional,30,名称未確認、近くの道路にゲートあり（車両通行止め・季節閉鎖の可能性）、林道からの入口（マイカー進入可否を要確認）、公式情報または2情報源での確認が必要,"OpenStreetMap（© OpenStreetMap contributors, ODbL 1.0）Geofabrik japan-latest.osm.pbf 2026-09-23T20:22:04Z node/2084710653（登山道と道路の接続点）",
TH-n2086512890,trailhead,みかも山公園 東口（三毳山登山口）,36.3113944,139.6315722,WGS84,312,三毳山,関東百名山,,一般道との接続,三毳山:0.62km,PK-g3631139_13963157(0m) PK-w490309842(182m) PK-w380400814(253m) BS-kP11-22-09-bs3515(247m) BS-kP11-22-09-bs3515(247m) BS-kP11-22-09-bs3468(698m),,provisional,30,近くの道路にゲートあり（車両通行止め・季節閉鎖の可能性）、公式情報または2情報源での確認が必要,"OpenStreetMap（© OpenStreetMap contributors, ODbL 1.0）Geofabrik japan-latest.osm.pbf 2026-09-23T20:22:04Z node/2086512890（登山道と道路の接続点） ｜ 登山記録で広く使われている登山口（登山記録・登山情報サイトで名称と利用を確認。公式情報では未確認） 2026-09-24確認",
TH-n2086513132,trailhead,（名称未確認）とちぎ花センター前バス停付近,36.3118561,139.6275006,WGS84,312,三毳山,関東百名山,,一般道との接続,三毳山:0.51km,BS-kP11-22-09-bs3515(579m) BS-kP11-22-09-bs3515(579m) BS-kP11-22-09-bs3468(992m),,provisional,30,名称未確認、登山道が道路を横断する地点（途中の入口の可能性）、近くの道路にゲートあり（車両通行止め・季節閉鎖の可能性）、公式情報または2情報源での確認が必要,"OpenStreetMap（© OpenStreetMap contributors, ODbL 1.0）Geofabrik japan-latest.osm.pbf 2026-09-23T20:22:04Z node/2086513132（登山道と道路の接続点）",
TH-n2086527438,trailhead,（名称未確認）かかしの里東バス停付近,36.3535126,139.6710233,WGS84,306,晃石山,関東百名山,,道路の終点付近,晃石山:1.76km,BS-kP11-22-09-bs3229(883m),OSM登山ルート: KFT - T10 - Kakashi no sato budou no michi,provisional,30,名称未確認、林道からの入口（マイカー進入可否を要確認）、公式情報または2情報源での確認が必要,"OpenStreetMap（© OpenStreetMap contributors, ODbL 1.0）Geofabrik japan-latest.osm.pbf 2026-09-23T20:22:04Z node/2086527438（登山道と道路の接続点）",
TH-n2086528132,trailhead,（名称未確認）,36.356761,139.663121,WGS84,306,晃石山,関東百名山,,道路の終点付近,晃石山:1.46km,,OSM登山ルート: KFT - T10 - Kakashi no sato budou no michi,candidate,30,名称未確認、林道からの入口（マイカー進入可否を要確認）、公式情報または2情報源での確認が必要,"OpenStreetMap（© OpenStreetMap contributors, ODbL 1.0）Geofabrik japan-latest.osm.pbf 2026-09-23T20:22:04Z node/2086528132（登山道と道路の接続点）",
TH-n2088010355,trailhead,（名称未確認）,36.2939237,140.1495751,WGS84,314,加波山,関東百名山,,一般道との接続,加波山:0.8km,,,candidate,30,名称未確認、公式情報または2情報源での確認が必要,"OpenStreetMap（© OpenStreetMap contributors, ODbL 1.0）Geofabrik japan-latest.osm.pbf 2026-09-23T20:22:04Z node/2088010355（登山道と道路の接続点）",
TH-n2088011994,trailhead,（名称未確認）,36.2998754,140.1479344,WGS84,314,加波山,関東百名山,,一般道との接続,加波山:0.4km,,,candidate,30,名称未確認、公式情報または2情報源での確認が必要,"OpenStreetMap（© OpenStreetMap contributors, ODbL 1.0）Geofabrik japan-latest.osm.pbf 2026-09-23T20:22:04Z node/2088011994（登山道と道路の接続点）",
TH-n2088012191,trailhead,（名称未確認）恋瀬小学校前バス停付近,36.3008575,140.1899182,WGS84,310,吾国山,関東百名山,,一般道との接続,吾国山:3.4km,BS-kP11-22-08-bs3178(363m) BS-kP11-22-08-bs3170(416m) BS-kP11-22-08-bs3182(483m),,provisional,30,名称未確認、公式情報または2情報源での確認が必要,"OpenStreetMap（© OpenStreetMap contributors, ODbL 1.0）Geofabrik japan-latest.osm.pbf 2026-09-23T20:22:04Z node/2088012191（登山道と道路の接続点）",
TH-n2088012338,trailhead,（名称未確認）,36.3014822,140.1436716,WGS84,314,加波山,関東百名山,,林道との接続,加波山:0.29km,,,candidate,30,名称未確認、林道からの入口（マイカー進入可否を要確認）、公式情報または2情報源での確認が必要,"OpenStreetMap（© OpenStreetMap contributors, ODbL 1.0）Geofabrik japan-latest.osm.pbf 2026-09-23T20:22:04Z node/2088012338（登山道と道路の接続点）",
TH-n2088013695,trailhead,（名称未確認）大増下宿バス停付近,36.3056906,140.1803712,WGS84,310,吾国山,関東百名山,,一般道との接続,吾国山:2.98km,BS-kP11-22-08-bs3143(252m) BS-kP11-22-08-bs3151(271m) BS-kP11-22-08-bs3132(455m),,provisional,30,名称未確認、公式情報または2情報源での確認が必要,"OpenStreetMap（© OpenStreetMap contributors, ODbL 1.0）Geofabrik japan-latest.osm.pbf 2026-09-23T20:22:04Z node/2088013695（登山道と道路の接続点）",
TH-n2088014494,trailhead,（名称未確認）大増バス停付近,36.309,140.181851,WGS84,310,吾国山,関東百名山,,一般道との接続,吾国山:2.56km,BS-kP11-22-08-bs3132(459m) BS-kP11-22-08-bs3143(546m) BS-kP11-22-08-bs3151(639m),,provisional,30,名称未確認、公式情報または2情報源での確認が必要,"OpenStreetMap（© OpenStreetMap contributors, ODbL 1.0）Geofabrik japan-latest.osm.pbf 2026-09-23T20:22:04Z node/2088014494（登山道と道路の接続点）",
TH-n2090609036,trailhead,（名称未確認）,36.6151082,139.7651106,WGS84,269,古賀志山,関東百名山,,一般道との接続,古賀志山:1.01km,,,candidate,30,名称未確認、公式情報または2情報源での確認が必要,"OpenStreetMap（© OpenStreetMap contributors, ODbL 1.0）Geofabrik japan-latest.osm.pbf 2026-09-23T20:22:04Z node/2090609036（登山道と道路の接続点）",
TH-n2090609164,trailhead,（名称未確認）,36.6183739,139.7744283,WGS84,269,古賀志山,関東百名山,,一般道との接続,古賀志山:0.47km,,,candidate,30,名称未確認、公式情報または2情報源での確認が必要,"OpenStreetMap（© OpenStreetMap contributors, ODbL 1.0）Geofabrik japan-latest.osm.pbf 2026-09-23T20:22:04Z node/2090609164（登山道と道路の接続点）",
TH-n2091046652,trailhead,（名称未確認）,36.233253,140.0888464,WGS84,326,筑波山,日本百名山|日本二百名山|日本三百名山|関東百名山,,一般道との接続,筑波山:2.11km,PK-n13168610801(44m),,provisional,30,名称未確認、登山道が道路を横断する地点（途中の入口の可能性）、公式情報または2情報源での確認が必要,"OpenStreetMap（© OpenStreetMap contributors, ODbL 1.0）Geofabrik japan-latest.osm.pbf 2026-09-23T20:22:04Z node/2091046652（登山道と道路の接続点）",
TH-n2091046820,trailhead,（名称未確認）,36.2346399,140.1019897,WGS84,326,筑波山,日本百名山|日本二百名山|日本三百名山|関東百名山,,一般道との接続,筑波山:1.79km,PK-n13168610701(7m),,provisional,30,名称未確認、公式情報または2情報源での確認が必要,"OpenStreetMap（© OpenStreetMap contributors, ODbL 1.0）Geofabrik japan-latest.osm.pbf 2026-09-23T20:22:04Z node/2091046820（登山道と道路の接続点）",
TH-n2091046959,trailhead,（名称未確認）,36.2352085,140.1082721,WGS84,326,筑波山,日本百名山|日本二百名山|日本三百名山|関東百名山,,道路の終点付近,筑波山:1.39km,PK-n13168610702(30m),,provisional,30,名称未確認、林道からの入口（マイカー進入可否を要確認）、公式情報または2情報源での確認が必要,"OpenStreetMap（© OpenStreetMap contributors, ODbL 1.0）Geofabrik japan-latest.osm.pbf 2026-09-23T20:22:04Z node/2091046959（登山道と道路の接続点）",
TH-n2091075168,trailhead,（名称未確認）,36.2974094,140.1421681,WGS84,314,加波山,関東百名山,,林道との接続,加波山:0.21km,,,candidate,30,名称未確認、林道からの入口（マイカー進入可否を要確認）、公式情報または2情報源での確認が必要,"OpenStreetMap（© OpenStreetMap contributors, ODbL 1.0）Geofabrik japan-latest.osm.pbf 2026-09-23T20:22:04Z node/2091075168（登山道と道路の接続点）",
TH-n2095064692,trailhead,（名称未確認）,36.6056979,139.008727,WGS84,272,子持山,関東百名山,,林道との接続,子持山:2.06km,,,candidate,30,名称未確認、林道からの入口（マイカー進入可否を要確認）、公式情報または2情報源での確認が必要,"OpenStreetMap（© OpenStreetMap contributors, ODbL 1.0）Geofabrik japan-latest.osm.pbf 2026-09-23T20:22:04Z node/2095064692（登山道と道路の接続点）",
TH-n2095065632,trailhead,（名称未確認）,36.6117575,139.0268172,WGS84,272,子持山,関東百名山,,一般道との接続,子持山:3.85km,,,candidate,30,名称未確認、公式情報または2情報源での確認が必要,"OpenStreetMap（© OpenStreetMap contributors, ODbL 1.0）Geofabrik japan-latest.osm.pbf 2026-09-23T20:22:04Z node/2095065632（登山道と道路の接続点）",
TH-n2098465911,trailhead,不動沢のコル側登山口（皇海橋・群馬県側）,36.681609,139.317183,WGS84,259 266,皇海山、袈裟丸山,日本百名山|日本二百名山|日本三百名山|関東百名山,OSM登山道「皇海山登山道」、OSM登山道「皇海林道」、不動沢コース,登山口（OSMの登山口地物）,皇海山:2.76km 袈裟丸山:8.17km,,,adopted,15,このルートは閉鎖中（RouteData の通行状況）、群馬県側は皇海橋近くの登山口から山頂まで約3時間。登山口までは根利林道を1時間30分ほど走る（環境省）、栃木県側（庚申山荘経由）は山頂まで約6時間（環境省）、林道は通行止めになることがあるため、栃木県・群馬県の林道情報を確認すること,"OpenStreetMap（© OpenStreetMap contributors, ODbL 1.0）Geofabrik japan-latest.osm.pbf 2026-09-23T20:22:04Z node/2098465911 ｜ 国土地理院ベクトルタイル提供実験 地理院地図の徒歩道の起点（36.681608, 139.317190、JGD2011、1m差）2026-09-24確認 ｜ 公式情報: https://kanto.env.go.jp/blog/2018/09/post-553.html ｜ 公式情報: https://www.pref.tochigi.lg.jp/d51/00oshirase/rindoujouhou.html",2026-09-20
TH-n2099891038,trailhead,（名称未確認）東石墨バス停付近,36.678329,139.034035,WGS84,256,三峰山,関東百名山,,道路の終点付近,三峰山:5.93km,BS-kP11-22-10-bs268(979m),,provisional,30,名称未確認、公式情報または2情報源での確認が必要,"OpenStreetMap（© OpenStreetMap contributors, ODbL 1.0）Geofabrik japan-latest.osm.pbf 2026-09-23T20:22:04Z node/2099891038（登山道と道路の接続点）",
TH-n2099892367,trailhead,（名称未確認）峯谷戸バス停付近,36.685942,139.04057,WGS84,256,三峰山,関東百名山,,一般道との接続,三峰山:6.06km,BS-kP11-22-10-bs223(442m) BS-kP11-22-10-bs211(463m) BS-kP11-22-10-bs243(685m),,provisional,30,名称未確認、公式情報または2情報源での確認が必要,"OpenStreetMap（© OpenStreetMap contributors, ODbL 1.0）Geofabrik japan-latest.osm.pbf 2026-09-23T20:22:04Z node/2099892367（登山道と道路の接続点）",
TH-n2149129755,trailhead,紅葉館,36.445575,138.419233,WGS84,289,湯ノ丸山,関東百名山|甲信越百名山,,施設（山小屋・宿・キャンプ場）からの入口,湯ノ丸山:3.27km,,,provisional,15,公式情報または2情報源での確認が必要,"OpenStreetMap（© OpenStreetMap contributors, ODbL 1.0）Geofabrik japan-latest.osm.pbf 2026-09-23T20:22:04Z node/2149129755",
TH-n2151460892,trailhead,軍道,35.7336089,139.1831198,WGS84,387 394 396,御岳山、御前山、大岳山,関東百名山|日本二百名山|日本三百名山,,駐車場・バス停（林道・車道を経由して登山道へ）,御岳山:10.49km 御前山:12.99km 大岳山:7.28km,BS-kP11-22-13-bs3344(5m) BS-kP11-22-13-bs3344(5m) BS-kP11-22-13-bs3226(364m),,provisional,15,近くの道路にゲートあり（車両通行止め・季節閉鎖の可能性）、林道からの入口（マイカー進入可否を要確認）、公式情報または2情報源での確認が必要,"OpenStreetMap（© OpenStreetMap contributors, ODbL 1.0）Geofabrik japan-latest.osm.pbf 2026-09-23T20:22:04Z node/2151460892 ｜ OpenStreetMap（© OpenStreetMap contributors, ODbL 1.0）Geofabrik japan-latest.osm.pbf 2026-09-23T20:22:04Z node/1512848428（登山道と道路の接続点）",
TH-n2174281347,trailhead,（名称未確認）おおひら歴史民俗資料館前バス停付近,36.3539457,139.6747087,WGS84,306,晃石山,関東百名山,,道路の終点付近,晃石山:1.64km,BS-kP11-22-09-bs3201(728m) BS-kP11-22-09-bs3229(822m),OSM登山ルート: KFT - T10 - Kakashi no sato budou no michi,provisional,30,名称未確認、林道からの入口（マイカー進入可否を要確認）、公式情報または2情報源での確認が必要,"OpenStreetMap（© OpenStreetMap contributors, ODbL 1.0）Geofabrik japan-latest.osm.pbf 2026-09-23T20:22:04Z node/2174281347（登山道と道路の接続点）",
TH-n2174281788,trailhead,大中寺（晃石山・太平山登山口）,36.3562475,139.6871566,WGS84,306,晃石山,関東百名山,,道路の終点付近,晃石山:1.65km,PK-n2493359000(273m) BS-kP11-22-09-bs3179(344m) BS-kP11-22-09-bs3179(344m) BS-kP11-22-09-bs3178(717m),OSM登山ルート: KFT - T10 - Kakashi no sato budou no michi,provisional,30,林道からの入口（マイカー進入可否を要確認）、公式情報または2情報源での確認が必要,"OpenStreetMap（© OpenStreetMap contributors, ODbL 1.0）Geofabrik japan-latest.osm.pbf 2026-09-23T20:22:04Z node/2174281788（登山道と道路の接続点） ｜ 登山記録で広く使われている登山口（登山記録・登山情報サイトで名称と利用を確認。公式情報では未確認） 2026-09-24確認",
TH-n2174283218,trailhead,（名称未確認）,36.3646974,139.6856111,WGS84,306,晃石山,関東百名山,,一般道との接続,晃石山:1.14km,,OSM登山ルート: KFT - T25 - Ryousen wo tadoru michi,candidate,30,名称未確認、登山道が道路を横断する地点（途中の入口の可能性）、公式情報または2情報源での確認が必要,"OpenStreetMap（© OpenStreetMap contributors, ODbL 1.0）Geofabrik japan-latest.osm.pbf 2026-09-23T20:22:04Z node/2174283218（登山道と道路の接続点）",
TH-n2186695792,trailhead,前田橋コース（大楠山）,35.2378846,139.6064816,WGS84,529,大楠山,関東百名山,,一般道との接続,大楠山:3.15km,BS-kP11-22-14-bs10271(123m) BS-kP11-22-14-bs10271(123m) BS-kP11-22-14-bs10281(304m),course=前田橋バス停から約70分（横須賀集客促進・魅力発信実行委員会）,adopted,15,駐車場はなく、ハイキングコースへの車両の進入は控えるよう求めている。トイレは山頂から5分程度の大楠平（山頂休憩所のトイレは利用できない）（横須賀集客促進・魅力発信実行委員会）、登山口の正確な位置は公式情報では未確認,"OpenStreetMap（© OpenStreetMap contributors, ODbL 1.0）Geofabrik japan-latest.osm.pbf 2026-09-23T20:22:04Z node/2186695792（登山道と道路の接続点） ｜ 公式情報: https://www.cocoyoko.net/spot/oogusuyama.html",2026-09-25
TH-n2186699576,trailhead,（名称未確認）,35.2385822,139.6299577,WGS84,529,大楠山,関東百名山,,一般道との接続,大楠山:2.42km,PK-w1358110003(439m),,provisional,30,名称未確認、近くの道路にゲートあり（車両通行止め・季節閉鎖の可能性）、公式情報または2情報源での確認が必要,"OpenStreetMap（© OpenStreetMap contributors, ODbL 1.0）Geofabrik japan-latest.osm.pbf 2026-09-23T20:22:04Z node/2186699576（登山道と道路の接続点）",
TH-n2190571169,trailhead,山楽荘,35.7837004,139.1541513,WGS84,381,岩茸石山,関東百名山,OSM登山道「関東ふれあいの道」,施設（山小屋・宿・キャンプ場）からの入口,岩茸石山:9.36km,,OSM登山ルート: KFT - TK6 - Sugi no kokage no michi,provisional,15,近くの道路にゲートあり（車両通行止め・季節閉鎖の可能性）、公式情報または2情報源での確認が必要,"OpenStreetMap（© OpenStreetMap contributors, ODbL 1.0）Geofabrik japan-latest.osm.pbf 2026-09-23T20:22:04Z node/2190571169",
TH-n2207693791,trailhead,観音茶屋,35.41366,139.1623166,WGS84,453 456 457 461,蛭ヶ岳、檜洞丸、丹沢山、塔ノ岳,関東百名山|日本百名山|日本二百名山|日本三百名山,OSM登山道「大倉尾根」,施設（山小屋・宿・キャンプ場）からの入口,蛭ヶ岳:11.06km 檜洞丸:15.35km 丹沢山:7.61km 塔ノ岳:5.08km,,,provisional,15,近くの道路にゲートあり（車両通行止め・季節閉鎖の可能性）、公式情報または2情報源での確認が必要,"OpenStreetMap（© OpenStreetMap contributors, ODbL 1.0）Geofabrik japan-latest.osm.pbf 2026-09-23T20:22:04Z node/2207693791",
TH-n2207783502,trailhead,大倉高原テントサイト,35.4163676,139.1616026,WGS84,453 456 457 461,蛭ヶ岳、檜洞丸、丹沢山、塔ノ岳,関東百名山|日本百名山|日本二百名山|日本三百名山,OSM登山道「大倉尾根」,施設（山小屋・宿・キャンプ場）からの入口,蛭ヶ岳:10.67km 檜洞丸:14.95km 丹沢山:7.21km 塔ノ岳:4.68km,,,provisional,15,近くの道路にゲートあり（車両通行止め・季節閉鎖の可能性）、公式情報または2情報源での確認が必要,"OpenStreetMap（© OpenStreetMap contributors, ODbL 1.0）Geofabrik japan-latest.osm.pbf 2026-09-23T20:22:04Z node/2207783502",
TH-n2210470345,trailhead,（名称未確認）行道山バス停付近,36.3797268,139.4418191,WGS84,302,行道山,関東百名山,,一般道との接続,行道山:0.48km,PK-w443963256(12m) BS-kP11-22-09-bs3046(868m) BS-kP11-22-09-bs3055(998m),OSM登山ルート: KFT - T6 - Yamanami no michi,provisional,30,名称未確認、公式情報または2情報源での確認が必要,"OpenStreetMap（© OpenStreetMap contributors, ODbL 1.0）Geofabrik japan-latest.osm.pbf 2026-09-23T20:22:04Z node/2210470345（登山道と道路の接続点）",
TH-n2210470781,trailhead,（名称未確認）,36.3857487,139.4401938,WGS84,302,行道山,関東百名山,,道路の終点付近,行道山:1.21km,,OSM登山ルート: KFT - T6 - Yamanami no michi,candidate,30,名称未確認、林道からの入口（マイカー進入可否を要確認）、公式情報または2情報源での確認が必要,"OpenStreetMap（© OpenStreetMap contributors, ODbL 1.0）Geofabrik japan-latest.osm.pbf 2026-09-23T20:22:04Z node/2210470781（登山道と道路の接続点）",
TH-n2210471432,trailhead,馬打峠,36.3918254,139.4436918,WGS84,302,行道山,関東百名山,,峠（道路との接続）,行道山:2.21km,,OSM登山ルート: KFT - T6 - Yamanami no michi,adopted,30,,"OpenStreetMap（© OpenStreetMap contributors, ODbL 1.0）Geofabrik japan-latest.osm.pbf 2026-09-23T20:22:04Z node/2210471432（登山道と道路の接続点） ｜ 国土地理院 地名検索「馬打峠」（36.391809, 139.443673、JGD2011、2m差）2026-09-20確認",2026-09-20
TH-n2213740679,trailhead,（名称未確認）,36.3682943,139.4422873,WGS84,302,行道山,関東百名山,,一般道との接続,行道山:1.23km,PK-w1434992232(373m) PK-w1434970550(466m),OSM登山ルート: KFT - T7 - Rekishi no machi wo nozomu michi,provisional,30,名称未確認、近くの道路にゲートあり（車両通行止め・季節閉鎖の可能性）、公式情報または2情報源での確認が必要,"OpenStreetMap（© OpenStreetMap contributors, ODbL 1.0）Geofabrik japan-latest.osm.pbf 2026-09-23T20:22:04Z node/2213740679（登山道と道路の接続点）",
TH-n2213740718,trailhead,（名称未確認）薬師前バス停付近,36.368921,139.4481209,WGS84,302,行道山,関東百名山,,一般道との接続,行道山:1.94km,BS-kP11-22-09-bs3055(676m) BS-kP11-22-09-bs3055(676m) BS-kP11-22-09-bs3089(686m),,provisional,30,名称未確認、近くの道路にゲートあり（車両通行止め・季節閉鎖の可能性）、公式情報または2情報源での確認が必要,"OpenStreetMap（© OpenStreetMap contributors, ODbL 1.0）Geofabrik japan-latest.osm.pbf 2026-09-23T20:22:04Z node/2213740718（登山道と道路の接続点）",
TH-n2238405718,trailhead,庚申山登山口,36.6582507,139.3828765,WGS84,259 266,皇海山、袈裟丸山,日本百名山|日本二百名山|日本三百名山|関東百名山,,登山口（OSMの登山口地物）,皇海山:7.17km 袈裟丸山:11.07km,,OSM登山ルート: KFT - T23 - Yashio saku Koushin no michi,adopted,15,採用の根拠: OSMの登山口名と、地理院地図の徒歩道が道路から始まる位置の一致（公式情報では未確認）,"OpenStreetMap（© OpenStreetMap contributors, ODbL 1.0）Geofabrik japan-latest.osm.pbf 2026-09-23T20:22:04Z node/2238405718 ｜ 国土地理院ベクトルタイル提供実験 地理院地図の徒歩道の起点（36.658154, 139.382919、JGD2011、11m差）2026-09-24確認",
TH-n2267956607,trailhead,cazu,35.8502358,139.2021533,WGS84,378 381,川苔山、岩茸石山,関東百名山,,施設（山小屋・宿・キャンプ場）からの入口,川苔山:15.09km 岩茸石山:8.86km,BS-kP11-22-11-bs7195(90m) BS-kP11-22-11-bs7144(253m) BS-kP11-22-11-bs7048(410m),,provisional,15,公式情報または2情報源での確認が必要,"OpenStreetMap（© OpenStreetMap contributors, ODbL 1.0）Geofabrik japan-latest.osm.pbf 2026-09-23T20:22:04Z node/2267956607 ｜ 国土地理院 地名検索「久林」（35.852206, 139.203456、JGD2011、247m差）2026-09-20確認",2026-09-20
TH-n2267956609,trailhead,ケーニーズ・ファミリー・ビレッジ,35.8798639,139.1831861,WGS84,357 360 361,武甲山、武川岳、大持山,日本二百名山|日本三百名山|関東百名山,,施設（山小屋・宿・キャンプ場）からの入口,武甲山:14.64km 武川岳:14.41km 大持山:11.78km,PK-w27303125(311m) PK-w27303138(461m) BS-kP11-22-11-bs5942(226m) BS-kP11-22-11-bs6056(329m) BS-kP11-22-11-bs6056(329m),,provisional,15,近くの道路にゲートあり（車両通行止め・季節閉鎖の可能性）、公式情報または2情報源での確認が必要,"OpenStreetMap（© OpenStreetMap contributors, ODbL 1.0）Geofabrik japan-latest.osm.pbf 2026-09-23T20:22:04Z node/2267956609",
TH-n2305539805,trailhead,（名称未確認）,35.5912162,139.2008865,WGS84,430,石老山,関東百名山,,一般道との接続,石老山:1.62km,,OSM登山ルート: 東海自然歩道（石老山～石砂山）,candidate,30,名称未確認、登山道が道路を横断する地点（途中の入口の可能性）、近くの道路にゲートあり（車両通行止め・季節閉鎖の可能性）、公式情報または2情報源での確認が必要,"OpenStreetMap（© OpenStreetMap contributors, ODbL 1.0）Geofabrik japan-latest.osm.pbf 2026-09-23T20:22:04Z node/2305539805（登山道と道路の接続点）",
TH-n2347754489,trailhead,（名称未確認）黒坂バス停付近,36.6894869,140.5467002,WGS84,255,竪破山,関東百名山,,一般道との接続,竪破山:6.06km,BS-kP11-22-08-bs467(127m) BS-kP11-22-08-bs451(628m),,provisional,30,名称未確認、公式情報または2情報源での確認が必要,"OpenStreetMap（© OpenStreetMap contributors, ODbL 1.0）Geofabrik japan-latest.osm.pbf 2026-09-23T20:22:04Z node/2347754489（登山道と道路の接続点）",
TH-n2347761539,trailhead,竪破山登山口（黒前神社二の鳥居）,36.7057927,140.5592484,WGS84,255,竪破山,関東百名山,,道路の終点付近,竪破山:0.64km,PK-n7662917633(24m),,provisional,30,林道からの入口（マイカー進入可否を要確認）、公式情報または2情報源での確認が必要,"OpenStreetMap（© OpenStreetMap contributors, ODbL 1.0）Geofabrik japan-latest.osm.pbf 2026-09-23T20:22:04Z node/2347761539（登山道と道路の接続点） ｜ 登山記録で広く使われている登山口（登山記録・登山情報サイトで名称と利用を確認。公式情報では未確認） 2026-09-24確認",
TH-n2347761790,trailhead,（名称未確認）,36.708958,140.555674,WGS84,255,竪破山,関東百名山,,道路の終点付近,竪破山:1.95km,PK-n7662917633(457m),,provisional,30,名称未確認、林道からの入口（マイカー進入可否を要確認）、公式情報または2情報源での確認が必要,"OpenStreetMap（© OpenStreetMap contributors, ODbL 1.0）Geofabrik japan-latest.osm.pbf 2026-09-23T20:22:04Z node/2347761790（登山道と道路の接続点）",
TH-n2348845984,trailhead,（名称未確認）清水入口バイパス口バス停付近,36.7121,140.5042566,WGS84,255,竪破山,関東百名山,,一般道との接続,竪破山:7.04km,BS-kP11-22-08-bs411(90m) BS-kP11-22-08-bs411(90m) BS-kP11-22-08-bs422(484m),,provisional,30,名称未確認、公式情報または2情報源での確認が必要,"OpenStreetMap（© OpenStreetMap contributors, ODbL 1.0）Geofabrik japan-latest.osm.pbf 2026-09-23T20:22:04Z node/2348845984（登山道と道路の接続点）",
TH-n2348857357,trailhead,（名称未確認）,36.728912,140.4253699,WGS84,254,奥久慈男体山,関東百名山,,一般道との接続,奥久慈男体山:0.75km,,,candidate,30,名称未確認、公式情報または2情報源での確認が必要,"OpenStreetMap（© OpenStreetMap contributors, ODbL 1.0）Geofabrik japan-latest.osm.pbf 2026-09-23T20:22:04Z node/2348857357（登山道と道路の接続点）",
TH-n2352088189,trailhead,（名称未確認）,36.7608052,138.7812278,WGS84,252,白砂山,日本二百名山|日本三百名山|関東百名山,,一般道との接続,白砂山:12.93km,,,candidate,30,名称未確認、公式情報または2情報源での確認が必要,"OpenStreetMap（© OpenStreetMap contributors, ODbL 1.0）Geofabrik japan-latest.osm.pbf 2026-09-23T20:22:04Z node/2352088189（登山道と道路の接続点）",
TH-n2405714184,trailhead,鎌倉湖畔,35.339079,139.566044,WGS84,503,天園,関東百名山,,駐車場・バス停（林道・車道を経由して登山道へ）,天園:1.01km,PK-w708128130(25m) PK-w708121503(51m) PK-w708121508(158m) BS-kP11-22-14-bs8492(9m) BS-kP11-22-14-bs8558(380m) BS-kP11-22-14-bs8481(599m),OSM登山ルート: 天園ハイキングコース,provisional,15,近くの道路にゲートあり（車両通行止め・季節閉鎖の可能性）、林道からの入口（マイカー進入可否を要確認）、公式情報または2情報源での確認が必要,"OpenStreetMap（© OpenStreetMap contributors, ODbL 1.0）Geofabrik japan-latest.osm.pbf 2026-09-23T20:22:04Z node/2405714184 ｜ OpenStreetMap（© OpenStreetMap contributors, ODbL 1.0）Geofabrik japan-latest.osm.pbf 2026-09-23T20:22:04Z node/1791272453（登山道と道路の接続点）",
TH-n2475107643,trailhead,黒斑コース登山口（高峰高原）,36.404023,138.468474,WGS84,295 296,浅間山、黒斑山,日本百名山|日本二百名山|日本三百名山|甲信越百名山|関東百名山,OSM登山道「浅間山登山道」、OSM登山道「高峰山登山道」、黒斑コース（車坂峠）,施設（山小屋・宿・キャンプ場）からの入口,浅間山:6.05km 黒斑山:2.48km,PK-w503432049(443m) PK-w503432048(486m) BS-kP11-22-10-bs2068(128m) BS-kP11-22-10-bs1991(486m),restriction=噴火警戒レベル1（2026年5月22日にレベル2から引き下げ）; OSM登山ルート: 高峰山登山路,adopted,15,近くの道路にゲートあり（車両通行止め・季節閉鎖の可能性）、浅間山の噴火警戒レベルは2026年5月22日にレベル1へ引き下げられ、小諸市・軽井沢町・御代田町の入山規制は解除（気象庁・軽井沢町）、山頂火口から500mの範囲では小規模な噴火の可能性があり、火山ガス等に注意（気象庁）、登山ポストは高峰高原ホテルそば（黒斑コース登山口）に設置（小諸市）,"OpenStreetMap（© OpenStreetMap contributors, ODbL 1.0）Geofabrik japan-latest.osm.pbf 2026-09-23T20:22:04Z node/2475107643 ｜ 国土地理院 地名検索「車坂峠」（36.404559, 138.469607、JGD2011、118m差）2026-09-24確認 ｜ 公式情報: https://www.data.jma.go.jp/vois/data/report/activity_info/306.html ｜ 公式情報: https://www.town.karuizawa.lg.jp/site/bousai/22020.html ｜ 公式情報: https://www.city.komoro.lg.jp/soshikikarasagasu/sangyoushinkoubu/shokokankoka/2/1/1/2403.html",2026-09-20
TH-n2518547332,trailhead,貝沢住宅前,35.620056,139.179619,WGS84,416,陣馬山,関東百名山,OSM登山道「甲州古道」,駐車場・バス停（林道・車道を経由して登山道へ）,陣馬山:5.0km,BS-kP11-22-14-bs77(13m) BS-kP11-22-14-bs77(13m) BS-kP11-22-14-bs99(427m),OSM登山ルート: 甲州道中,provisional,15,近くの道路にゲートあり（車両通行止め・季節閉鎖の可能性）、公式情報または2情報源での確認が必要,"OpenStreetMap（© OpenStreetMap contributors, ODbL 1.0）Geofabrik japan-latest.osm.pbf 2026-09-23T20:22:04Z node/2518547332 ｜ OpenStreetMap（© OpenStreetMap contributors, ODbL 1.0）Geofabrik japan-latest.osm.pbf 2026-09-23T20:22:04Z node/1654511410（登山道と道路の接続点）",
TH-n2548297354,trailhead,名郷,35.9107894,139.1484061,WGS84,357 360 361,武甲山、武川岳、大持山,日本二百名山|日本三百名山|関東百名山,,駐車場・バス停（林道・車道を経由して登山道へ）,武甲山:11.35km 武川岳:11.11km 大持山:8.49km,BS-kP11-22-11-bs5168(17m) BS-kP11-22-11-bs5245(459m) BS-kP11-22-11-bs5005(841m),,provisional,15,近くの道路にゲートあり（車両通行止め・季節閉鎖の可能性）、林道からの入口（マイカー進入可否を要確認）、公式情報または2情報源での確認が必要,"OpenStreetMap（© OpenStreetMap contributors, ODbL 1.0）Geofabrik japan-latest.osm.pbf 2026-09-23T20:22:04Z node/2548297354 ｜ OpenStreetMap（© OpenStreetMap contributors, ODbL 1.0）Geofabrik japan-latest.osm.pbf 2026-09-23T20:22:04Z node/5757793956（登山道と道路の接続点） ｜ 国土地理院 地名検索「名郷」（35.910678, 139.148817、JGD2011、39m差）2026-09-20確認",2026-09-20
TH-n2584544864,trailhead,（名称未確認）峠バス停付近,36.4220692,139.3167918,WGS84,282,鳴神山,関東百名山,,一般道との接続,鳴神山:9.98km,PK-w1307747027(273m) PK-w1342112214(375m) PK-w1340188108(385m) BS-kP11-22-10-bs1812(383m) BS-kP11-22-10-bs1844(451m) BS-kP11-22-10-bs1776(476m),,provisional,30,名称未確認、近くの道路にゲートあり（車両通行止め・季節閉鎖の可能性）、公式情報または2情報源での確認が必要,"OpenStreetMap（© OpenStreetMap contributors, ODbL 1.0）Geofabrik japan-latest.osm.pbf 2026-09-23T20:22:04Z node/2584544864（登山道と道路の接続点）",
TH-n267161614,trailhead,駒ヶ岳,35.2236298,139.0239203,WGS84,536,箱根山,日本三百名山|関東百名山,,索道駅（ロープウェイ・ゴンドラ）,箱根山:1.56km,,,provisional,15,近くの道路にゲートあり（車両通行止め・季節閉鎖の可能性）、公式情報または2情報源での確認が必要,"OpenStreetMap（© OpenStreetMap contributors, ODbL 1.0）Geofabrik japan-latest.osm.pbf 2026-09-23T20:22:04Z node/267161614 ｜ 国土地理院 地名検索「駒ヶ岳頂上駅」（35.223454, 139.024032、JGD2011、22m差）2026-09-24確認",2026-09-24
TH-n2676671141,trailhead,（名称未確認）丹波山温泉;のめこい湯（Ｐは道の駅Ｐ）付近,35.791237,138.9218992,WGS84,377 379,雲取山、飛龍山,日本百名山|日本二百名山|日本三百名山|関東百名山,,一般道との接続,雲取山:15.03km 飛龍山:9.13km,PK-w439029180(261m) PK-n6417163314(461m) BS-kP11-22-19-bs249(46m) BS-kP11-22-19-bs249(46m) BS-kP11-22-19-bs248(223m),,provisional,30,名称未確認、公式情報または2情報源での確認が必要,"OpenStreetMap（© OpenStreetMap contributors, ODbL 1.0）Geofabrik japan-latest.osm.pbf 2026-09-23T20:22:04Z node/2676671141（登山道と道路の接続点）",
TH-n2712077049,trailhead,（名称未確認）定峰峠入口バス停付近,36.0206025,139.1469205,WGS84,347,大霧山,関東百名山,,一般道（県道以上）との接続,大霧山:2.11km,BS-kP11-22-11-bs2422(537m),,provisional,30,名称未確認、公式情報または2情報源での確認が必要,"OpenStreetMap（© OpenStreetMap contributors, ODbL 1.0）Geofabrik japan-latest.osm.pbf 2026-09-23T20:22:04Z node/2712077049（登山道と道路の接続点）",
TH-n2804972401,trailhead,谷川岳ロープウェイ土合口駅,36.8363583,138.9618992,WGS84,234 236 238,谷川岳、平標山、仙ノ倉山,日本百名山|日本二百名山|日本三百名山|関東百名山|甲信越百名山,OSM登山道「西黒尾根」、西黒尾根↑天神尾根↓,索道駅（ロープウェイ・ゴンドラ）,谷川岳:3.65km 平標山:14.52km 仙ノ倉山:12.74km,PK-n5192845383(63m) PK-n5192845382(146m) PK-n5192845381(292m) BS-kP11-22-10-bs22(50m) BS-n13947504984(69m) BS-n13947504978(81m),regulation=群馬県谷川岳遭難防止条例（昭和42年施行）により危険地区と登山届の制度がある,adopted,15,山麓と天神平の尾根を結ぶロープウェイがある（国土交通省）、谷川岳遭難防止条例に基づき登山指導センターが置かれ、危険地区が指定されている、登山届の提出方法は群馬県・みなかみ町の案内を確認すること,"OpenStreetMap（© OpenStreetMap contributors, ODbL 1.0）Geofabrik japan-latest.osm.pbf 2026-09-23T20:22:04Z node/2804972401 ｜ 国土地理院 地名検索「土合口駅」（36.836356, 138.961947、JGD2011、4m差）2026-09-20確認 ｜ 公式情報: https://www.mlit.go.jp/tagengo-db/R2-00720.html ｜ 公式情報: https://www.pref.gifu.lg.jp/uploaded/attachment/25115.pdf",2026-09-20
TH-n2838943208,trailhead,神庭,35.8019109,139.1084359,WGS84,387 394 396,御岳山、御前山、大岳山,関東百名山|日本二百名山|日本三百名山,,駐車場・バス停（林道・車道を経由して登山道へ）,御岳山:9.61km 御前山:6.28km 大岳山:6.18km,BS-kP11-22-13-bs320(11m) BS-kP11-22-13-bs320(11m) BS-kP11-22-13-bs320(11m),,provisional,15,近くの道路にゲートあり（車両通行止め・季節閉鎖の可能性）、林道からの入口（マイカー進入可否を要確認）、公式情報または2情報源での確認が必要,"OpenStreetMap（© OpenStreetMap contributors, ODbL 1.0）Geofabrik japan-latest.osm.pbf 2026-09-23T20:22:04Z node/2838943208 ｜ OpenStreetMap（© OpenStreetMap contributors, ODbL 1.0）Geofabrik japan-latest.osm.pbf 2026-09-23T20:22:04Z node/6722832102（登山道と道路の接続点） ｜ 国土地理院 地名検索「神庭」（35.802239, 139.108833、JGD2011、51m差）2026-09-20確認",2026-09-20
TH-n2916163210,trailhead,（名称未確認）湖畔の宿記念公園入口バス停付近,36.4729144,138.8595316,WGS84,284,榛名山,日本二百名山|日本三百名山|関東百名山,,一般道との接続,榛名山:1.05km,PK-n922076378(22m) PK-w833526473(30m) PK-n6403414538(281m) BS-kP11-22-10-bs1423(115m) BS-kP11-22-10-bs1424(115m) BS-kP11-22-10-bs1431(263m),,provisional,30,名称未確認、登山道が道路を横断する地点（途中の入口の可能性）、公式情報または2情報源での確認が必要,"OpenStreetMap（© OpenStreetMap contributors, ODbL 1.0）Geofabrik japan-latest.osm.pbf 2026-09-23T20:22:04Z node/2916163210（登山道と道路の接続点）",
TH-n2936278316,trailhead,（名称未確認）合戸バス停付近,35.0969102,139.878722,WGS84,581,富山,関東百名山,,一般道との接続,富山:0.33km,PK-w1387527788(27m) BS-kP11-22-12-bs10612(940m),,provisional,30,名称未確認、公式情報または2情報源での確認が必要,"OpenStreetMap（© OpenStreetMap contributors, ODbL 1.0）Geofabrik japan-latest.osm.pbf 2026-09-23T20:22:04Z node/2936278316（登山道と道路の接続点）",
TH-n2963604824,trailhead,蛇滝口,35.639099,139.2576311,WGS84,416 422,陣馬山、高尾山,関東百名山,OSM登山道「蛇滝水行道場参道」,駐車場・バス停（林道・車道を経由して登山道へ）,陣馬山:11.94km 高尾山:3.11km,PK-w289426369(156m) BS-kP11-22-13-bs10156(10m) BS-kP11-22-13-bs10156(10m) BS-kP11-22-13-bs10129(331m),,provisional,15,近くの道路にゲートあり（車両通行止め・季節閉鎖の可能性）、公式情報または2情報源での確認が必要,"OpenStreetMap（© OpenStreetMap contributors, ODbL 1.0）Geofabrik japan-latest.osm.pbf 2026-09-23T20:22:04Z node/2963604824 ｜ OpenStreetMap（© OpenStreetMap contributors, ODbL 1.0）Geofabrik japan-latest.osm.pbf 2026-09-23T20:22:04Z node/3172389013（登山道と道路の接続点） ｜ 国土地理院 地名検索「高尾山トンネル」（35.636613, 139.257951、JGD2011、276m差）2026-09-20確認",2026-09-20
TH-n2963687484,trailhead,日影,35.6398793,139.2431365,WGS84,416 422,陣馬山、高尾山,関東百名山,OSM登山道「いろはの森」,駐車場・バス停（林道・車道を経由して登山道へ）,陣馬山:8.24km 高尾山:1.98km,PK-w307464100(193m) BS-kP11-22-13-bs10122(13m) BS-kP11-22-13-bs10122(13m) BS-kP11-22-13-bs10142(272m),,provisional,15,近くの道路にゲートあり（車両通行止め・季節閉鎖の可能性）、林道からの入口（マイカー進入可否を要確認）、公式情報または2情報源での確認が必要,"OpenStreetMap（© OpenStreetMap contributors, ODbL 1.0）Geofabrik japan-latest.osm.pbf 2026-09-23T20:22:04Z node/2963687484 ｜ OpenStreetMap（© OpenStreetMap contributors, ODbL 1.0）Geofabrik japan-latest.osm.pbf 2026-09-23T20:22:04Z node/10089577456（登山道と道路の接続点）",
TH-n303019092,trailhead,（名称未確認）,36.7613449,138.8275004,WGS84,236 238,平標山、仙ノ倉山,甲信越百名山|日本二百名山|日本三百名山|関東百名山,OSM登山道「三国街道」,一般道（県道以上）との接続,平標山:7.29km 仙ノ倉山:9.02km,PK-w431503240(29m),,provisional,30,名称未確認、公式情報または2情報源での確認が必要,"OpenStreetMap（© OpenStreetMap contributors, ODbL 1.0）Geofabrik japan-latest.osm.pbf 2026-09-23T20:22:04Z node/303019092（登山道と道路の接続点）",
TH-n304026277,trailhead,（名称未確認）鋸山日本寺無料駐車場付近,35.1567018,139.8340152,WGS84,561,鋸山,関東百名山,,一般道との接続,鋸山:1.58km,PK-w27684202(15m) PK-w351441257(341m) PK-w351441256(383m) BS-kP11-22-12-bs10270(739m) BS-kP11-22-12-bs10270(739m) BS-kP11-22-12-bs10271(739m),,provisional,30,名称未確認、公式情報または2情報源での確認が必要,"OpenStreetMap（© OpenStreetMap contributors, ODbL 1.0）Geofabrik japan-latest.osm.pbf 2026-09-23T20:22:04Z node/304026277（登山道と道路の接続点）",
TH-n3053063744,trailhead,（名称未確認）秋川渓谷瀬音の湯付近,35.7264776,139.1906256,WGS84,387 394 396 413,御岳山、御前山、大岳山、生藤山,関東百名山|日本二百名山|日本三百名山,OSM登山道「石舟橋」,一般道との接続,御岳山:11.77km 御前山:14.28km 大岳山:8.56km 生藤山:12.51km,PK-w232293364(162m) PK-w301200525(350m) PK-n6417462137(398m) BS-kP11-22-13-bs3767(186m) BS-kP11-22-13-bs3767(186m) BS-kP11-22-13-bs3767(186m),,provisional,30,名称未確認、公式情報または2情報源での確認が必要,"OpenStreetMap（© OpenStreetMap contributors, ODbL 1.0）Geofabrik japan-latest.osm.pbf 2026-09-23T20:22:04Z node/3053063744（登山道と道路の接続点）",
TH-n305647302,trailhead,（名称未確認）中日原バス停付近,35.8412543,139.0398331,WGS84,377 382,雲取山、鷹ノ巣山,日本百名山|日本二百名山|日本三百名山|関東百名山,,一般道（県道以上）との接続,雲取山:12.51km 鷹ノ巣山:3.44km,PK-w733614318(277m) PK-w519345301(292m) BS-kP11-22-13-bs129(115m) BS-kP11-22-13-bs129(115m) BS-kP11-22-13-bs127(437m),,provisional,30,名称未確認、登山道が道路を横断する地点（途中の入口の可能性）、公式情報または2情報源での確認が必要,"OpenStreetMap（© OpenStreetMap contributors, ODbL 1.0）Geofabrik japan-latest.osm.pbf 2026-09-23T20:22:04Z node/305647302（登山道と道路の接続点）",
TH-n3076659834,trailhead,子埜神社前,35.5052017,138.9931141,WGS84,443,大室山,関東百名山,,駐車場・バス停（林道・車道を経由して登山道へ）,大室山:12.17km,PK-w168436905(280m) PK-w40807885(444m) BS-n3076659834(0m) BS-kP11-22-19-bs2635(38m) BS-kP11-22-19-bs2627(152m),,provisional,15,林道からの入口（マイカー進入可否を要確認）、公式情報または2情報源での確認が必要,"OpenStreetMap（© OpenStreetMap contributors, ODbL 1.0）Geofabrik japan-latest.osm.pbf 2026-09-23T20:22:04Z node/3076659834 ｜ OpenStreetMap（© OpenStreetMap contributors, ODbL 1.0）Geofabrik japan-latest.osm.pbf 2026-09-23T20:22:04Z node/1598889826（登山道と道路の接続点）",
TH-n3079551671,trailhead,石老山登山口,35.59563,139.2045283,WGS84,430,石老山,関東百名山,,登山口（OSMの登山口地物）,石老山:2.17km,BS-kP11-22-14-bs413(472m) BS-kP11-22-14-bs413(472m) BS-kP11-22-14-bs414(472m),,provisional,15,近くの道路にゲートあり（車両通行止め・季節閉鎖の可能性）、林道からの入口（マイカー進入可否を要確認）、公式情報または2情報源での確認が必要,"OpenStreetMap（© OpenStreetMap contributors, ODbL 1.0）Geofabrik japan-latest.osm.pbf 2026-09-23T20:22:04Z node/3079551671",
TH-n3085981819,trailhead,（名称未確認）,35.9367417,139.1702872,WGS84,362,伊豆ヶ岳,関東百名山,,道路の終点付近,伊豆ヶ岳:1.8km,,OSM登山ルート: KFT - S3 - Izugadake wo koeru michi、KFT - S4 - Touge no rekishi wo shinobu michi,candidate,30,名称未確認、近くの道路にゲートあり（車両通行止め・季節閉鎖の可能性）、林道からの入口（マイカー進入可否を要確認）、公式情報または2情報源での確認が必要,"OpenStreetMap（© OpenStreetMap contributors, ODbL 1.0）Geofabrik japan-latest.osm.pbf 2026-09-23T20:22:04Z node/3085981819（登山道と道路の接続点）",
TH-n3112663675,trailhead,峰の郷,35.3647458,139.5944091,WGS84,503,天園,関東百名山,,駐車場・バス停（林道・車道を経由して登山道へ）,天園:4.88km,PK-w954453491(47m) PK-w954984953(83m) PK-w955264589(90m) BS-kP11-22-14-bs7648(40m) BS-kP11-22-14-bs7639(299m) BS-kP11-22-14-bs7639(299m),OSM登山ルート: ビートルズトレイル,provisional,15,近くの道路にゲートあり（車両通行止め・季節閉鎖の可能性）、林道からの入口（マイカー進入可否を要確認）、公式情報または2情報源での確認が必要,"OpenStreetMap（© OpenStreetMap contributors, ODbL 1.0）Geofabrik japan-latest.osm.pbf 2026-09-23T20:22:04Z node/3112663675 ｜ OpenStreetMap（© OpenStreetMap contributors, ODbL 1.0）Geofabrik japan-latest.osm.pbf 2026-09-23T20:22:04Z node/597101323（登山道と道路の接続点） ｜ 国土地理院 地名検索「特別養護老人ホーム「峰の郷」」（35.364658, 139.594309、JGD2011、13m差）2026-09-20確認",2026-09-20
TH-n3154320165,trailhead,渋峠（横手山）,36.6703127,138.5250323,WGS84,262,横手山,日本三百名山,,索道駅（ロープウェイ・ゴンドラ）,横手山:0.2km,PK-w1427021209(363m) BS-kP11-22-20-bs1281(563m) BS-kP11-22-20-bs1328(882m),season=国道292号（志賀草津道路）は冬期閉鎖,adopted,15,"近くの道路にゲートあり（車両通行止め・季節閉鎖の可能性）、渋峠は国道で日本最高標高の地点。国道292号は冬期閉鎖され、志賀高原側・草津側ともゲートが閉まる（長野県・環境省）、横手山（2,307m）はリフトで上がれる。のぞき〜横手山のリフトは約11分（国土交通省）","OpenStreetMap（© OpenStreetMap contributors, ODbL 1.0）Geofabrik japan-latest.osm.pbf 2026-09-23T20:22:04Z node/3154320165 ｜ 公式情報: https://www.pref.nagano.lg.jp/hokuken/documents/66shibutoge.pdf ｜ 公式情報: https://chubu.env.go.jp/blog/2019/11/post-891.html ｜ 公式情報: https://www.mlit.go.jp/tagengo-db/R1-02208.html",2026-09-20
TH-n3154320166,trailhead,横手山第3スカイリフト,36.6719522,138.5203922,WGS84,262,横手山,日本三百名山,,索道駅（ロープウェイ・ゴンドラ）,横手山:1.01km,BS-kP11-22-20-bs1281(252m),,provisional,15,近くの道路にゲートあり（車両通行止め・季節閉鎖の可能性）、公式情報または2情報源での確認が必要,"OpenStreetMap（© OpenStreetMap contributors, ODbL 1.0）Geofabrik japan-latest.osm.pbf 2026-09-23T20:22:04Z node/3154320166",
TH-n3168656610,trailhead,環湖荘,36.8344905,139.3478297,WGS84,228,鬼怒沼山,関東百名山,,施設（山小屋・宿・キャンプ場）からの入口,鬼怒沼山:10.37km,BS-kP11-22-10-bs25(66m),,provisional,15,公式情報または2情報源での確認が必要,"OpenStreetMap（© OpenStreetMap contributors, ODbL 1.0）Geofabrik japan-latest.osm.pbf 2026-09-23T20:22:04Z node/3168656610",
TH-n3309420781,trailhead,（名称未確認）臨時駐車場付近,35.2539479,139.6226923,WGS84,529,大楠山,関東百名山,,一般道との接続,大楠山:0.7km,PK-w1497216519(438m),,provisional,30,名称未確認、近くの道路にゲートあり（車両通行止め・季節閉鎖の可能性）、公式情報または2情報源での確認が必要,"OpenStreetMap（© OpenStreetMap contributors, ODbL 1.0）Geofabrik japan-latest.osm.pbf 2026-09-23T20:22:04Z node/3309420781（登山道と道路の接続点）",
TH-n3451590593,trailhead,人里,35.7127731,139.0896425,WGS84,404,浅間嶺,関東百名山,,駐車場・バス停（林道・車道を経由して登山道へ）,浅間嶺:1.78km,BS-kP11-22-13-bs4908(7m) BS-kP11-22-13-bs4908(7m) BS-kP11-22-13-bs4859(296m),,provisional,15,公式情報または2情報源での確認が必要,"OpenStreetMap（© OpenStreetMap contributors, ODbL 1.0）Geofabrik japan-latest.osm.pbf 2026-09-23T20:22:04Z node/3451590593 ｜ OpenStreetMap（© OpenStreetMap contributors, ODbL 1.0）Geofabrik japan-latest.osm.pbf 2026-09-23T20:22:04Z node/1401018635（登山道と道路の接続点）",
TH-n3451601393,trailhead,笹平,35.706831,139.153215,WGS84,413,生藤山,関東百名山,,駐車場・バス停（林道・車道を経由して登山道へ）,生藤山:8.56km,PK-n4175071294(67m) BS-kP11-22-13-bs5402(35m) BS-kP11-22-13-bs5402(35m) BS-kP11-22-13-bs4889(784m),,provisional,15,林道からの入口（マイカー進入可否を要確認）、公式情報または2情報源での確認が必要,"OpenStreetMap（© OpenStreetMap contributors, ODbL 1.0）Geofabrik japan-latest.osm.pbf 2026-09-23T20:22:04Z node/3451601393 ｜ OpenStreetMap（© OpenStreetMap contributors, ODbL 1.0）Geofabrik japan-latest.osm.pbf 2026-09-23T20:22:04Z node/4177436758（登山道と道路の接続点） ｜ 国土地理院 地名検索「笹平」（35.707225, 139.153433、JGD2011、48m差）2026-09-24確認",2026-09-24
TH-n346613090,trailhead,しゃくなげ高速クワッド,36.6270729,138.5657961,WGS84,264,草津白根山,日本百名山|日本二百名山|日本三百名山|関東百名山,,索道駅（ロープウェイ・ゴンドラ）,草津白根山:4.56km,PK-w252837814(256m) BS-kP11-22-10-bs519(126m) BS-kP11-22-10-bs520(126m),,provisional,15,近くの道路にゲートあり（車両通行止め・季節閉鎖の可能性）、公式情報または2情報源での確認が必要,"OpenStreetMap（© OpenStreetMap contributors, ODbL 1.0）Geofabrik japan-latest.osm.pbf 2026-09-23T20:22:04Z node/346613090",
TH-n346613111,trailhead,（名称未確認）白根火山バス停付近,36.6306144,138.535821,WGS84,264,草津白根山,日本百名山|日本二百名山|日本三百名山|関東百名山,,索道駅（ロープウェイ・ゴンドラ）,草津白根山:1.03km,BS-kP11-22-10-bs475(753m) BS-kP11-22-10-bs476(753m) BS-kP11-22-10-bs477(753m),,provisional,15,名称未確認、近くの道路にゲートあり（車両通行止め・季節閉鎖の可能性）、公式情報または2情報源での確認が必要,"OpenStreetMap（© OpenStreetMap contributors, ODbL 1.0）Geofabrik japan-latest.osm.pbf 2026-09-23T20:22:04Z node/346613111",
TH-n346613115,trailhead,（名称未確認）,36.6279148,138.5351819,WGS84,264,草津白根山,日本百名山|日本二百名山|日本三百名山|関東百名山,,索道駅（ロープウェイ・ゴンドラ）,草津白根山:0.72km,,,provisional,15,名称未確認、近くの道路にゲートあり（車両通行止め・季節閉鎖の可能性）、公式情報または2情報源での確認が必要,"OpenStreetMap（© OpenStreetMap contributors, ODbL 1.0）Geofabrik japan-latest.osm.pbf 2026-09-23T20:22:04Z node/346613115",
TH-n3577095649,trailhead,（名称未確認）金沢動物園バス停付近,35.352688,139.5983543,WGS84,503,天園,関東百名山,OSM登山道「しだの谷」,一般道との接続,天園:3.51km,PK-w216169463(391m) BS-kP11-22-14-bs8098(281m) BS-kP11-22-14-bs8098(281m) BS-kP11-22-14-bs8200(587m),OSM登山ルート: 六国峠ハイキングコース,provisional,30,名称未確認、登山道が道路を横断する地点（途中の入口の可能性）、近くの道路にゲートあり（車両通行止め・季節閉鎖の可能性）、公式情報または2情報源での確認が必要,"OpenStreetMap（© OpenStreetMap contributors, ODbL 1.0）Geofabrik japan-latest.osm.pbf 2026-09-23T20:22:04Z node/3577095649（登山道と道路の接続点）",
TH-n3623126323,trailhead,（名称未確認）前田橋バス停付近,35.2416982,139.6104451,WGS84,529,大楠山,関東百名山,,林道との接続,大楠山:2.4km,BS-kP11-22-14-bs10271(677m) BS-kP11-22-14-bs10271(677m) BS-kP11-22-14-bs10281(704m),OSM登山ルート: 関東ふれあいの道 - 神奈川4 - 佐島・大楠山のみち,provisional,30,名称未確認、林道からの入口（マイカー進入可否を要確認）、公式情報または2情報源での確認が必要,"OpenStreetMap（© OpenStreetMap contributors, ODbL 1.0）Geofabrik japan-latest.osm.pbf 2026-09-23T20:22:04Z node/3623126323（登山道と道路の接続点）",
TH-n3635053642,trailhead,（名称未確認）しょうぶ園バス停付近,35.2540174,139.6327173,WGS84,529,大楠山,関東百名山,,道路の終点付近,大楠山:0.48km,BS-kP11-22-14-bs10026(889m),,provisional,30,名称未確認、近くの道路にゲートあり（車両通行止め・季節閉鎖の可能性）、林道からの入口（マイカー進入可否を要確認）、公式情報または2情報源での確認が必要,"OpenStreetMap（© OpenStreetMap contributors, ODbL 1.0）Geofabrik japan-latest.osm.pbf 2026-09-23T20:22:04Z node/3635053642（登山道と道路の接続点）",
TH-n363527827,trailhead,（名称未確認）滝沢園キャンプ場付近,35.406923,139.1654249,WGS84,461,塔ノ岳,関東百名山,OSM登山道「大倉尾根」,一般道（県道以上）との接続,塔ノ岳:6.05km,PK-w560444107(374m) PK-w669636568(447m) BS-kP11-22-14-bs6353(407m) BS-kP11-22-14-bs6353(407m) BS-kP11-22-14-bs6418(785m),,provisional,30,名称未確認、近くの道路にゲートあり（車両通行止め・季節閉鎖の可能性）、公式情報または2情報源での確認が必要,"OpenStreetMap（© OpenStreetMap contributors, ODbL 1.0）Geofabrik japan-latest.osm.pbf 2026-09-23T20:22:04Z node/363527827（登山道と道路の接続点）",
TH-n365483447,trailhead,二子山登山口（坂本）,36.058293,138.8586585,WGS84,342,二子山,関東百名山,,一般道（県道以上）との接続,二子山:2.17km,BS-kP11-22-11-bs1777(290m) BS-kP11-22-11-bs1823(913m),,provisional,30,近くの道路にゲートあり（車両通行止め・季節閉鎖の可能性）、公式情報または2情報源での確認が必要,"OpenStreetMap（© OpenStreetMap contributors, ODbL 1.0）Geofabrik japan-latest.osm.pbf 2026-09-23T20:22:04Z node/365483447（登山道と道路の接続点） ｜ 登山記録で広く使われている登山口（登山記録・登山情報サイトで名称と利用を確認。公式情報では未確認） 2026-09-25確認",
TH-n365483492,trailhead,（名称未確認）,36.060078,138.8481299,WGS84,342,二子山,関東百名山,,一般道（県道以上）との接続,二子山:2.88km,,,candidate,30,名称未確認、近くの道路にゲートあり（車両通行止め・季節閉鎖の可能性）、公式情報または2情報源での確認が必要,"OpenStreetMap（© OpenStreetMap contributors, ODbL 1.0）Geofabrik japan-latest.osm.pbf 2026-09-23T20:22:04Z node/365483492（登山道と道路の接続点）",
TH-n3684822016,trailhead,大真名子山登山口,36.7846829,139.5012856,WGS84,247,男体山,日本百名山|日本二百名山|日本三百名山|関東百名山,,登山口（OSMの登山口地物）,男体山:2.85km,,OSM登山ルート: 男体山志津登山道,adopted,15,近くの道路にゲートあり（車両通行止め・季節閉鎖の可能性）、採用の根拠: OSMの登山口名と、地理院地図の徒歩道が道路から始まる位置の一致（公式情報では未確認）,"OpenStreetMap（© OpenStreetMap contributors, ODbL 1.0）Geofabrik japan-latest.osm.pbf 2026-09-23T20:22:04Z node/3684822016 ｜ 国土地理院ベクトルタイル提供実験 地理院地図の徒歩道の起点（36.784630, 139.501299、JGD2011、6m差）2026-09-24確認",
TH-n372546086,trailhead,（名称未確認）,35.6003765,139.1836157,WGS84,430,石老山,関東百名山,,一般道（県道以上）との接続,石老山:2.25km,,,candidate,30,名称未確認、近くの道路にゲートあり（車両通行止め・季節閉鎖の可能性）、公式情報または2情報源での確認が必要,"OpenStreetMap（© OpenStreetMap contributors, ODbL 1.0）Geofabrik japan-latest.osm.pbf 2026-09-23T20:22:04Z node/372546086（登山道と道路の接続点）",
TH-n3745996625,trailhead,（名称未確認）奥畑駐車場付近,35.1909556,140.0077424,WGS84,549,高宕山,関東百名山,,一般道との接続,高宕山:2.15km,PK-w679031734(287m) BS-kP11-22-12-bs10199(259m) BS-kP11-22-12-bs10190(877m) BS-kP11-22-12-bs10213(967m),OSM登山ルート: KFT - C24 - Nihonzaru to deau michi,provisional,30,名称未確認、登山道が道路を横断する地点（途中の入口の可能性）、公式情報または2情報源での確認が必要,"OpenStreetMap（© OpenStreetMap contributors, ODbL 1.0）Geofabrik japan-latest.osm.pbf 2026-09-23T20:22:04Z node/3745996625（登山道と道路の接続点）",
TH-n3775113516,trailhead,（名称未確認）あずまいバス停付近,35.7816171,139.023197,WGS84,382,鷹ノ巣山,関東百名山,,一般道（県道以上）との接続,鷹ノ巣山:6.45km,BS-kP11-22-13-bs857(150m) BS-kP11-22-13-bs839(181m) BS-kP11-22-13-bs839(181m),,provisional,30,名称未確認、公式情報または2情報源での確認が必要,"OpenStreetMap（© OpenStreetMap contributors, ODbL 1.0）Geofabrik japan-latest.osm.pbf 2026-09-23T20:22:04Z node/3775113516（登山道と道路の接続点）",
TH-n3805310685,trailhead,牧馬峠,35.5770106,139.1823077,WGS84,430,石老山,関東百名山,,峠（道路との接続）,石老山:1.48km,,,adopted,30,,"OpenStreetMap（© OpenStreetMap contributors, ODbL 1.0）Geofabrik japan-latest.osm.pbf 2026-09-23T20:22:04Z node/3805310685（登山道と道路の接続点） ｜ 国土地理院 地名検索「牧馬峠」（35.577688, 139.181049、JGD2011、136m差）2026-09-20確認",2026-09-20
TH-n3878401664,trailhead,水根沢キャンプ場,35.796109,139.0427575,WGS84,377 382,雲取山、鷹ノ巣山,日本百名山|日本二百名山|日本三百名山|関東百名山,,施設（山小屋・宿・キャンプ場）からの入口,雲取山:15.05km 鷹ノ巣山:6.12km,BS-kP11-22-13-bs448(460m) BS-kP11-22-13-bs448(460m) BS-kP11-22-13-bs490(651m),,provisional,15,近くの道路にゲートあり（車両通行止め・季節閉鎖の可能性）、公式情報または2情報源での確認が必要,"OpenStreetMap（© OpenStreetMap contributors, ODbL 1.0）Geofabrik japan-latest.osm.pbf 2026-09-23T20:22:04Z node/3878401664",
TH-n3879515013,trailhead,鳩ノ巣バンガロー,35.8147579,139.1300498,WGS84,376 378,棒ノ嶺、川苔山,関東百名山,,施設（山小屋・宿・キャンプ場）からの入口,棒ノ嶺:14.18km 川苔山:6.75km,PK-w236177750(203m) PK-n13745210606(256m) BS-kP11-22-13-bs201(62m) BS-kP11-22-13-bs201(62m) BS-kP11-22-13-bs201(62m),,provisional,15,近くの道路にゲートあり（車両通行止め・季節閉鎖の可能性）、公式情報または2情報源での確認が必要,"OpenStreetMap（© OpenStreetMap contributors, ODbL 1.0）Geofabrik japan-latest.osm.pbf 2026-09-23T20:22:04Z node/3879515013",
TH-n3879958501,trailhead,ぎん鈴旅館,35.8008511,139.1786329,WGS84,376 381,棒ノ嶺、岩茸石山,関東百名山,,施設（山小屋・宿・キャンプ場）からの入口,棒ノ嶺:8.56km 岩茸石山:4.11km,PK-w905546264(35m) PK-w905989330(117m) PK-w905989412(165m) BS-kP11-22-13-bs363(213m) BS-kP11-22-13-bs363(213m) BS-kP11-22-13-bs350(322m),,provisional,15,近くの道路にゲートあり（車両通行止め・季節閉鎖の可能性）、公式情報または2情報源での確認が必要,"OpenStreetMap（© OpenStreetMap contributors, ODbL 1.0）Geofabrik japan-latest.osm.pbf 2026-09-23T20:22:04Z node/3879958501",
TH-n389739036,trailhead,つつじヶ丘（筑波山ロープウェイ）,36.2250204,140.1064638,WGS84,326,筑波山,日本百名山|日本二百名山|日本三百名山|関東百名山,,索道駅（ロープウェイ・ゴンドラ）,筑波山:0.05km,,parking=市営駐車場は前払い（500円硬貨）。筑波山麓駐車場は無料（5時〜20時）,adopted,15,近くの道路にゲートあり（車両通行止め・季節閉鎖の可能性）、混雑時はケーブルカー・ロープウェイとも最大2時間待ちになることがある（つくば市）、女体山の山頂は狭い岩場で、混雑して待つことがある（つくば市）,"OpenStreetMap（© OpenStreetMap contributors, ODbL 1.0）Geofabrik japan-latest.osm.pbf 2026-09-23T20:22:04Z node/389739036 ｜ 公式情報: https://www.city.tsukuba.lg.jp/soshikikarasagasu/keizaibukankosuishinka/gyomuannai/3/3/1/1004212.html ｜ 公式情報: https://www.city.tsukuba.lg.jp/tourism/tsukubasan/13717.html",2026-09-20
TH-n389746306,trailhead,筑波山ロープウェイ,36.2198068,140.118879,WGS84,326,筑波山,日本百名山|日本二百名山|日本三百名山|関東百名山,OSM登山道「おたつ石コース」、OSM登山道「迎場コース」、おたつ石コース（つつじヶ丘）,索道駅（ロープウェイ・ゴンドラ）,筑波山:1.32km,PK-w92831863(44m) PK-w92831868(134m) PK-w92831851(232m) BS-kP11-22-08-bs3483(35m),,provisional,15,近くの道路にゲートあり（車両通行止め・季節閉鎖の可能性）、公式情報または2情報源での確認が必要,"OpenStreetMap（© OpenStreetMap contributors, ODbL 1.0）Geofabrik japan-latest.osm.pbf 2026-09-23T20:22:04Z node/389746306",
TH-n390300157,trailhead,長尾峠,35.2587617,138.9758589,WGS84,516 519,金時山、明神ヶ岳,日本三百名山|関東百名山,OSM登山道「長尾芦川線」,峠（道路との接続）,金時山:5.08km 明神ヶ岳:11.03km,PK-w986806774(380m),,adopted,30,登山道が道路を横断する地点（途中の入口の可能性）、近くの道路にゲートあり（車両通行止め・季節閉鎖の可能性）,"OpenStreetMap（© OpenStreetMap contributors, ODbL 1.0）Geofabrik japan-latest.osm.pbf 2026-09-23T20:22:04Z node/390300157（登山道と道路の接続点） ｜ 国土地理院 地名検索「長尾峠」（35.258643, 138.975062、JGD2011、74m差）2026-09-20確認",2026-09-20
TH-n3925032164,trailhead,天目指峠,35.9110632,139.1764509,WGS84,362,伊豆ヶ岳,関東百名山,,峠（道路との接続）,伊豆ヶ岳:3.08km,,OSM登山ルート: KFT - S3 - Izugadake wo koeru michi,adopted,30,登山道が道路を横断する地点（途中の入口の可能性）、近くの道路にゲートあり（車両通行止め・季節閉鎖の可能性）,"OpenStreetMap（© OpenStreetMap contributors, ODbL 1.0）Geofabrik japan-latest.osm.pbf 2026-09-23T20:22:04Z node/3925032164（登山道と道路の接続点） ｜ 国土地理院 地名検索「天目指峠」（35.910980, 139.176210、JGD2011、24m差）2026-09-20確認",2026-09-20
TH-n393146935,trailhead,（名称未確認）親川バス停付近,35.7876675,138.9621365,WGS84,379,飛龍山,関東百名山,,一般道（県道以上）との接続,飛龍山:10.45km,BS-kP11-22-19-bs273(54m) BS-kP11-22-19-bs284(510m) BS-kP11-22-19-bs284(510m),,provisional,30,名称未確認、近くの道路にゲートあり（車両通行止め・季節閉鎖の可能性）、公式情報または2情報源での確認が必要,"OpenStreetMap（© OpenStreetMap contributors, ODbL 1.0）Geofabrik japan-latest.osm.pbf 2026-09-23T20:22:04Z node/393146935（登山道と道路の接続点）",
TH-n393155852,trailhead,（名称未確認）丹波山温泉;のめこい湯（Ｐは道の駅Ｐ）付近,35.7880099,138.9278689,WGS84,379,飛龍山,関東百名山,,一般道（県道以上）との接続,飛龍山:13.19km,PK-n6417163314(201m) PK-w439029180(392m) BS-kP11-22-19-bs272(4m) BS-kP11-22-19-bs262(414m) BS-kP11-22-19-bs255(417m),,provisional,30,名称未確認、登山道が道路を横断する地点（途中の入口の可能性）、公式情報または2情報源での確認が必要,"OpenStreetMap（© OpenStreetMap contributors, ODbL 1.0）Geofabrik japan-latest.osm.pbf 2026-09-23T20:22:04Z node/393155852（登山道と道路の接続点）",
TH-n3993687001,trailhead,上成木,35.8369628,139.2029147,WGS84,378,川苔山,関東百名山,OSM登山道「奥武蔵ロングトレイル105K」,駐車場・バス停（林道・車道を経由して登山道へ）,川苔山:14.12km,BS-kP11-22-13-bs139(57m) BS-kP11-22-13-bs139(57m) BS-kP11-22-13-bs141(584m),,provisional,15,近くの道路にゲートあり（車両通行止め・季節閉鎖の可能性）、林道からの入口（マイカー進入可否を要確認）、公式情報または2情報源での確認が必要,"OpenStreetMap（© OpenStreetMap contributors, ODbL 1.0）Geofabrik japan-latest.osm.pbf 2026-09-23T20:22:04Z node/3993687001 ｜ OpenStreetMap（© OpenStreetMap contributors, ODbL 1.0）Geofabrik japan-latest.osm.pbf 2026-09-23T20:22:04Z node/7700579373（登山道と道路の接続点）",
TH-n4067906042,trailhead,（名称未確認）遊楽々館バス停付近,36.3395979,139.6564725,WGS84,306,晃石山,関東百名山,,一般道（県道以上）との接続,晃石山:3.43km,BS-kP11-22-09-bs3265(710m),OSM登山ルート: KFT - T25 - Ryousen wo tadoru michi,provisional,30,名称未確認、公式情報または2情報源での確認が必要,"OpenStreetMap（© OpenStreetMap contributors, ODbL 1.0）Geofabrik japan-latest.osm.pbf 2026-09-23T20:22:04Z node/4067906042（登山道と道路の接続点）",
TH-n4091930874,trailhead,折場登山口・水場,36.5922874,139.3483534,WGS84,259 266,皇海山、袈裟丸山,日本百名山|日本二百名山|日本三百名山|関東百名山,OSM登山道「袈裟丸山登山道・弓の手コース」,登山口（OSMの登山口地物）,皇海山:14.03km 袈裟丸山:7.06km,PK-w1531292712(40m),,provisional,15,近くの道路にゲートあり（車両通行止め・季節閉鎖の可能性）、公式情報または2情報源での確認が必要,"OpenStreetMap（© OpenStreetMap contributors, ODbL 1.0）Geofabrik japan-latest.osm.pbf 2026-09-23T20:22:04Z node/4091930874",
TH-n4091978204,trailhead,塔ノ沢登山口,36.5947739,139.3688451,WGS84,259 266,皇海山、袈裟丸山,日本百名山|日本二百名山|日本三百名山|関東百名山,OSM登山道「袈裟丸山・塔ノ沢コース」,登山口（OSMの登山口地物）,皇海山:14.71km 袈裟丸山:7.73km,,OSM登山ルート: KFT - G30 - Nesyaka no michi,provisional,15,林道からの入口（マイカー進入可否を要確認）、公式情報または2情報源での確認が必要,"OpenStreetMap（© OpenStreetMap contributors, ODbL 1.0）Geofabrik japan-latest.osm.pbf 2026-09-23T20:22:04Z node/4091978204",
TH-n4092072861,trailhead,女峰山登山口,36.8070687,139.5921504,WGS84,240,女峰山,日本二百名山|日本三百名山|関東百名山,OSM登山道「天空回廊」,登山口（OSMの登山口地物）,女峰山:6.24km,PK-n8950236469(59m) PK-n8950236470(130m) PK-n4117186743(212m) BS-kP11-22-09-bs767(54m) BS-kP11-22-09-bs773(548m) BS-kP11-22-09-bs773(548m),,adopted,15,女峰山は赤薙山とともに日光火山群の東の山塊を成す（栃木県）,"OpenStreetMap（© OpenStreetMap contributors, ODbL 1.0）Geofabrik japan-latest.osm.pbf 2026-09-23T20:22:04Z node/4092072861 ｜ 国土地理院ベクトルタイル提供実験 地理院地図の徒歩道の起点（36.807061, 139.592132、JGD2011、2m差）2026-09-24確認 ｜ 公式情報: https://www.pref.tochigi.lg.jp/c05/intro/tochigiken/hakken/shizen1_06.html ｜ 公式情報: https://www.city.nikko.lg.jp/soshiki/6/1025/4/405.html",2026-09-20
TH-n4092084371,trailhead,太郎山ハガタテ登山口,36.8012473,139.4595868,WGS84,237,太郎山,日本三百名山|関東百名山,OSM登山道「ハガタテ薙」,登山口（OSMの登山口地物）,太郎山:3.56km,BS-kP11-22-09-bs778(710m) BS-kP11-22-09-bs779(716m),,provisional,15,近くの道路にゲートあり（車両通行止め・季節閉鎖の可能性）、公式情報または2情報源での確認が必要,"OpenStreetMap（© OpenStreetMap contributors, ODbL 1.0）Geofabrik japan-latest.osm.pbf 2026-09-23T20:22:04Z node/4092084371",
TH-n4096475623,trailhead,白根山登山口（湯元スキー場コース）,36.8043814,139.4197573,WGS84,243,日光白根山,日本百名山|日本二百名山|日本三百名山|関東百名山,OSM登山道「中津曽根コース」,登山口（OSMの登山口地物）,日光白根山:5.7km,PK-w1422426665(196m) PK-w1422426663(278m) PK-w388556108(329m) BS-kP11-22-09-bs765(383m) BS-kP11-22-09-bs766(383m) BS-kP11-22-09-bs769(511m),,provisional,15,林道からの入口（マイカー進入可否を要確認）、公式情報または2情報源での確認が必要,"OpenStreetMap（© OpenStreetMap contributors, ODbL 1.0）Geofabrik japan-latest.osm.pbf 2026-09-23T20:22:04Z node/4096475623",
TH-n4157427572,trailhead,（名称未確認）,36.7562921,139.490658,WGS84,247,男体山,日本百名山|日本二百名山|日本三百名山|関東百名山,,道路の終点付近,男体山:1.22km,,,candidate,30,名称未確認、林道からの入口（マイカー進入可否を要確認）、公式情報または2情報源での確認が必要,"OpenStreetMap（© OpenStreetMap contributors, ODbL 1.0）Geofabrik japan-latest.osm.pbf 2026-09-23T20:22:04Z node/4157427572（登山道と道路の接続点）",
TH-n4162269489,trailhead,山のふるさと村,35.7677639,139.0225429,WGS84,394,御前山,関東百名山,,施設（山小屋・宿・キャンプ場）からの入口,御前山:13.15km,,,provisional,15,公式情報または2情報源での確認が必要,"OpenStreetMap（© OpenStreetMap contributors, ODbL 1.0）Geofabrik japan-latest.osm.pbf 2026-09-23T20:22:04Z node/4162269489 ｜ 国土地理院 地名検索「山のふるさと村」（35.765901, 139.024058、JGD2011、247m差）2026-09-20確認",2026-09-20
TH-n4177407292,trailhead,（名称未確認）元郷バス停付近,35.7257182,139.153549,WGS84,413,生藤山,関東百名山,,一般道（県道以上）との接続,生藤山:10.83km,PK-w1062595576(202m) BS-kP11-22-13-bs3946(24m) BS-kP11-22-13-bs3946(24m) BS-kP11-22-13-bs3845(199m),,provisional,30,名称未確認、近くの道路にゲートあり（車両通行止め・季節閉鎖の可能性）、公式情報または2情報源での確認が必要,"OpenStreetMap（© OpenStreetMap contributors, ODbL 1.0）Geofabrik japan-latest.osm.pbf 2026-09-23T20:22:04Z node/4177407292（登山道と道路の接続点）",
TH-n4195411716,trailhead,筑波山江戸屋,36.2124306,140.1013455,WGS84,326,筑波山,日本百名山|日本二百名山|日本三百名山|関東百名山,OSM登山道「つくば道」、OSM登山道「白雲橋コース」,施設（山小屋・宿・キャンプ場）からの入口,筑波山:1.73km,PK-w424929174(109m) PK-w1173034761(130m) PK-w1123456502(180m) BS-kP11-22-08-bs3506(144m) BS-kP11-22-08-bs3509(286m) BS-kP11-22-08-bs3504(490m),OSM登山ルート: KFT - I11 - Tukuba santyou meguri kara kyuu sandou he no michi,provisional,15,近くの道路にゲートあり（車両通行止め・季節閉鎖の可能性）、公式情報または2情報源での確認が必要,"OpenStreetMap（© OpenStreetMap contributors, ODbL 1.0）Geofabrik japan-latest.osm.pbf 2026-09-23T20:22:04Z node/4195411716",
TH-n4311235489,trailhead,Kannogawa camping ground,35.5289024,139.1081383,WGS84,453 456 457 461,蛭ヶ岳、檜洞丸、丹沢山、塔ノ岳,関東百名山|日本百名山|日本二百名山|日本三百名山,,施設（山小屋・宿・キャンプ場）からの入口,蛭ヶ岳:8.46km 檜洞丸:12.78km 丹沢山:11.89km 塔ノ岳:14.54km,BS-kP11-22-19-bs2513(592m) BS-kP11-22-19-bs2485(680m) BS-kP11-22-19-bs2477(831m),,provisional,15,公式情報または2情報源での確認が必要,"OpenStreetMap（© OpenStreetMap contributors, ODbL 1.0）Geofabrik japan-latest.osm.pbf 2026-09-23T20:22:04Z node/4311235489",
TH-n4331627687,trailhead,二荒山神社中宮祠（男体山登拝口）,36.7497606,139.4892683,WGS84,247,男体山,日本百名山|日本二百名山|日本三百名山|関東百名山,,道路の終点付近,男体山:2.47km,BS-kP11-22-09-bs978(996m),OSM登山ルート: 男体山表登山道,adopted,15,林道からの入口（マイカー進入可否を要確認）,"OpenStreetMap（© OpenStreetMap contributors, ODbL 1.0）Geofabrik japan-latest.osm.pbf 2026-09-23T20:22:04Z node/4331627687（登山道と道路の接続点） ｜ 公式情報: https://www.pref.tochigi.lg.jp/c05/intro/tochigiken/hakken/bunka1_08.html ｜ 公式情報: https://www.rinya.maff.go.jp/kanto/introduction/gaiyou_kyoku/hyakumeizan/pdf/nantaisan.pdf",2026-09-20
TH-n4355233089,trailhead,朝比奈峠,35.3292759,139.5890531,WGS84,503,天園,関東百名山,,駐車場・バス停（林道・車道を経由して登山道へ）,天園:2.15km,PK-w1093696355(410m) PK-w1093696375(471m) BS-kP11-22-14-bs8820(33m) BS-kP11-22-14-bs8820(33m) BS-n14201913917(235m),,provisional,15,近くの道路にゲートあり（車両通行止め・季節閉鎖の可能性）、公式情報または2情報源での確認が必要,"OpenStreetMap（© OpenStreetMap contributors, ODbL 1.0）Geofabrik japan-latest.osm.pbf 2026-09-23T20:22:04Z node/4355233089 ｜ OpenStreetMap（© OpenStreetMap contributors, ODbL 1.0）Geofabrik japan-latest.osm.pbf 2026-09-23T20:22:04Z node/2290196821（登山道と道路の接続点）",
TH-n448044859,trailhead,野反湖側 白砂山登山口,36.7199667,138.6437494,WGS84,246 252,佐武流山、白砂山,日本二百名山|日本三百名山|関東百名山,,一般道（県道以上）との接続,佐武流山:11.27km 白砂山:5.89km,PK-w743792263(66m) PK-w743792262(89m) PK-w1362142320(326m) BS-kP11-22-10-bs141(84m),,adopted,15,登山道が道路を横断する地点（途中の入口の可能性）、近くの道路にゲートあり（車両通行止め・季節閉鎖の可能性）、野反湖は1956年に水力発電を目的としたロックフィルダムで造られた人造湖（林野庁 野反自然休養林）、野反湖へは関越道渋川伊香保ICから車で約135分（国土交通省）、この地点が白砂山登山口かどうかは未確認,"OpenStreetMap（© OpenStreetMap contributors, ODbL 1.0）Geofabrik japan-latest.osm.pbf 2026-09-23T20:22:04Z node/448044859（登山道と道路の接続点） ｜ 公式情報: https://www.rinya.maff.go.jp/j/kokuyu_rinya/kokumin_mori/katuyo/reku/rekumori/nozori.html ｜ 公式情報: https://www.ktr.mlit.go.jp/chiiki/chiiki00000130.html",2026-09-20
TH-n448064483,trailhead,（名称未確認）野反湖バス停付近,36.7175347,138.6487426,WGS84,246 252,佐武流山、白砂山,日本二百名山|日本三百名山|関東百名山,,一般道（県道以上）との接続,佐武流山:11.86km 白砂山:6.48km,PK-w743790435(80m) BS-kP11-22-10-bs141(568m),,provisional,30,名称未確認、登山道が道路を横断する地点（途中の入口の可能性）、近くの道路にゲートあり（車両通行止め・季節閉鎖の可能性）、公式情報または2情報源での確認が必要,"OpenStreetMap（© OpenStreetMap contributors, ODbL 1.0）Geofabrik japan-latest.osm.pbf 2026-09-23T20:22:04Z node/448064483（登山道と道路の接続点）",
TH-n448723898,trailhead,（名称未確認）巾着田バス停付近,35.8947099,139.3102668,WGS84,368,日和田山,関東百名山,,一般道との接続,日和田山:0.54km,PK-w1204779766(494m) BS-kP11-22-11-bs5817(958m) BS-kP11-22-11-bs5817(958m) BS-kP11-22-11-bs5811(985m),,provisional,30,名称未確認、近くの道路にゲートあり（車両通行止め・季節閉鎖の可能性）、公式情報または2情報源での確認が必要,"OpenStreetMap（© OpenStreetMap contributors, ODbL 1.0）Geofabrik japan-latest.osm.pbf 2026-09-23T20:22:04Z node/448723898（登山道と道路の接続点）",
TH-n4524687889,trailhead,二荒山神社中宮祠,36.7409915,139.4871669,WGS84,247,男体山,日本百名山|日本二百名山|日本三百名山|関東百名山,二荒山神社中宮祠コース,駐車場・バス停（林道・車道を経由して登山道へ）,男体山:3.46km,PK-w917594602(61m) PK-n2722801734(62m) PK-w917747317(188m) BS-kP11-22-09-bs978(12m) BS-kP11-22-09-bs978(12m) BS-kP11-22-09-bs980(318m),OSM登山ルート: 男体山表登山道,provisional,15,近くの道路にゲートあり（車両通行止め・季節閉鎖の可能性）、林道からの入口（マイカー進入可否を要確認）、公式情報または2情報源での確認が必要,"OpenStreetMap（© OpenStreetMap contributors, ODbL 1.0）Geofabrik japan-latest.osm.pbf 2026-09-23T20:22:04Z node/4524687889 ｜ OpenStreetMap（© OpenStreetMap contributors, ODbL 1.0）Geofabrik japan-latest.osm.pbf 2026-09-23T20:22:04Z node/4331627687（登山道と道路の接続点）",
TH-n4586351492,trailhead,石裂山,36.6025186,139.6029287,WGS84,271,石裂山,関東百名山,,駐車場・バス停（林道・車道を経由して登山道へ）,石裂山:2.24km,BS-kP11-22-09-bs1512(26m),,provisional,15,林道からの入口（マイカー進入可否を要確認）、公式情報または2情報源での確認が必要,"OpenStreetMap（© OpenStreetMap contributors, ODbL 1.0）Geofabrik japan-latest.osm.pbf 2026-09-23T20:22:04Z node/4586351492 ｜ OpenStreetMap（© OpenStreetMap contributors, ODbL 1.0）Geofabrik japan-latest.osm.pbf 2026-09-23T20:22:04Z node/1314832796（登山道と道路の接続点）",
TH-n4708874432,trailhead,（名称未確認）,35.3809552,139.0473472,WGS84,489,大野山,関東百名山,,一般道との接続,大野山:0.69km,,,candidate,30,名称未確認、登山道が道路を横断する地点（途中の入口の可能性）、近くの道路にゲートあり（車両通行止め・季節閉鎖の可能性）、公式情報または2情報源での確認が必要,"OpenStreetMap（© OpenStreetMap contributors, ODbL 1.0）Geofabrik japan-latest.osm.pbf 2026-09-23T20:22:04Z node/4708874432（登山道と道路の接続点）",
TH-n4824166875,trailhead,大中寺入口,36.354373,139.6901747,WGS84,306,晃石山,関東百名山,,駐車場・バス停（林道・車道を経由して登山道へ）,晃石山:1.99km,PK-n2493359000(435m) BS-kP11-22-09-bs3179(29m) BS-kP11-22-09-bs3179(29m) BS-kP11-22-09-bs3178(445m),OSM登山ルート: KFT - T10 - Kakashi no sato budou no michi,provisional,15,林道からの入口（マイカー進入可否を要確認）、公式情報または2情報源での確認が必要,"OpenStreetMap（© OpenStreetMap contributors, ODbL 1.0）Geofabrik japan-latest.osm.pbf 2026-09-23T20:22:04Z node/4824166875 ｜ OpenStreetMap（© OpenStreetMap contributors, ODbL 1.0）Geofabrik japan-latest.osm.pbf 2026-09-23T20:22:04Z node/2174281788（登山道と道路の接続点）",
TH-n4824166915,trailhead,おおひら歴史民俗資料館前,36.3510765,139.681929,WGS84,306,晃石山,関東百名山,,駐車場・バス停（林道・車道を経由して登山道へ）,晃石山:1.2km,BS-kP11-22-09-bs3201(7m) BS-kP11-22-09-bs3229(735m) BS-kP11-22-09-bs3179(852m),OSM登山ルート: KFT - T10 - Kakashi no sato budou no michi,provisional,15,林道からの入口（マイカー進入可否を要確認）、公式情報または2情報源での確認が必要,"OpenStreetMap（© OpenStreetMap contributors, ODbL 1.0）Geofabrik japan-latest.osm.pbf 2026-09-23T20:22:04Z node/4824166915 ｜ OpenStreetMap（© OpenStreetMap contributors, ODbL 1.0）Geofabrik japan-latest.osm.pbf 2026-09-23T20:22:04Z node/2502783151（登山道と道路の接続点）",
TH-n4869323163,trailhead,（名称未確認）RVパーク狩太23付近,35.873266,139.183538,WGS84,357 360 361 378,武甲山、武川岳、大持山、川苔山,日本二百名山|日本三百名山|関東百名山,,一般道（県道以上）との接続,武甲山:14.81km 武川岳:14.58km 大持山:11.95km 川苔山:11.63km,PK-n4884294632(62m) PK-w279282189(66m) PK-w279282191(164m) BS-kP11-22-11-bs6208(6m) BS-kP11-22-11-bs6121(350m) BS-kP11-22-11-bs6274(358m),,provisional,30,名称未確認、近くの道路にゲートあり（車両通行止め・季節閉鎖の可能性）、公式情報または2情報源での確認が必要,"OpenStreetMap（© OpenStreetMap contributors, ODbL 1.0）Geofabrik japan-latest.osm.pbf 2026-09-23T20:22:04Z node/4869323163（登山道と道路の接続点）",
TH-n4916080533,trailhead,奥多摩の風 はとのす荘,35.8133359,139.1269806,WGS84,376 378,棒ノ嶺、川苔山,関東百名山,,施設（山小屋・宿・キャンプ場）からの入口,棒ノ嶺:13.94km 川苔山:6.51km,PK-n13745210606(63m) PK-w236177750(207m) PK-w235476608(392m) BS-kP11-22-13-bs201(310m) BS-kP11-22-13-bs201(310m) BS-kP11-22-13-bs201(310m),,provisional,15,近くの道路にゲートあり（車両通行止め・季節閉鎖の可能性）、公式情報または2情報源での確認が必要,"OpenStreetMap（© OpenStreetMap contributors, ODbL 1.0）Geofabrik japan-latest.osm.pbf 2026-09-23T20:22:04Z node/4916080533 ｜ 国土地理院 地名検索「鳩ノ巣駅」（35.815263, 139.126117、JGD2011、227m差）2026-09-20確認",2026-09-20
TH-n4928044499,trailhead,（名称未確認）,36.622887,139.5163528,WGS84,265,古峰ヶ原,関東百名山,,一般道との接続,古峰ヶ原:3.37km,PK-w1388998553(97m),OSM登山ルート: KFT - T4 - Situgen to seseragi no michi,provisional,30,名称未確認、近くの道路にゲートあり（車両通行止め・季節閉鎖の可能性）、公式情報または2情報源での確認が必要,"OpenStreetMap（© OpenStreetMap contributors, ODbL 1.0）Geofabrik japan-latest.osm.pbf 2026-09-23T20:22:04Z node/4928044499（登山道と道路の接続点）",
TH-n4934599137,trailhead,第6ペアリフト,36.7877946,139.1517651,WGS84,241,武尊山,日本百名山|日本二百名山|日本三百名山|関東百名山,,索道駅（ロープウェイ・ゴンドラ）,武尊山:3.06km,,,provisional,15,公式情報または2情報源での確認が必要,"OpenStreetMap（© OpenStreetMap contributors, ODbL 1.0）Geofabrik japan-latest.osm.pbf 2026-09-23T20:22:04Z node/4934599137",
TH-n4934599138,trailhead,第6ペアリフト,36.7890611,139.1591594,WGS84,241,武尊山,日本百名山|日本二百名山|日本三百名山|関東百名山,,索道駅（ロープウェイ・ゴンドラ）,武尊山:3.83km,,,provisional,15,公式情報または2情報源での確認が必要,"OpenStreetMap（© OpenStreetMap contributors, ODbL 1.0）Geofabrik japan-latest.osm.pbf 2026-09-23T20:22:04Z node/4934599138",
TH-n4934599155,trailhead,第7ペアリフト,36.7868734,139.1618858,WGS84,241,武尊山,日本百名山|日本二百名山|日本三百名山|関東百名山,,索道駅（ロープウェイ・ゴンドラ）,武尊山:4.13km,,,provisional,15,公式情報または2情報源での確認が必要,"OpenStreetMap（© OpenStreetMap contributors, ODbL 1.0）Geofabrik japan-latest.osm.pbf 2026-09-23T20:22:04Z node/4934599155",
TH-n4934599157,trailhead,第2ロマンスリフト,36.782819,139.163534,WGS84,241,武尊山,日本百名山|日本二百名山|日本三百名山|関東百名山,,索道駅（ロープウェイ・ゴンドラ）,武尊山:4.88km,,,provisional,15,林道からの入口（マイカー進入可否を要確認）、公式情報または2情報源での確認が必要,"OpenStreetMap（© OpenStreetMap contributors, ODbL 1.0）Geofabrik japan-latest.osm.pbf 2026-09-23T20:22:04Z node/4934599157",
TH-n4934599158,trailhead,第2ロマンスリフト,36.7768435,139.1723129,WGS84,241,武尊山,日本百名山|日本二百名山|日本三百名山|関東百名山,,索道駅（ロープウェイ・ゴンドラ）,武尊山:6.17km,PK-w503122390(122m) PK-w503122389(188m) PK-w503122388(302m),,provisional,15,公式情報または2情報源での確認が必要,"OpenStreetMap（© OpenStreetMap contributors, ODbL 1.0）Geofabrik japan-latest.osm.pbf 2026-09-23T20:22:04Z node/4934599158",
TH-n4964003857,trailhead,浜平温泉;しおじの湯,36.0711056,138.7035435,WGS84,344,諏訪山,日本三百名山|関東百名山,,駐車場・バス停（林道・車道を経由して登山道へ）,諏訪山:5.75km,PK-n4964003857(0m) PK-w712651397(2m) BS-kP11-22-10-bs5138(66m),,provisional,15,公式情報または2情報源での確認が必要,"OpenStreetMap（© OpenStreetMap contributors, ODbL 1.0）Geofabrik japan-latest.osm.pbf 2026-09-23T20:22:04Z node/4964003857 ｜ OpenStreetMap（© OpenStreetMap contributors, ODbL 1.0）Geofabrik japan-latest.osm.pbf 2026-09-23T20:22:04Z node/7142403307（登山道と道路の接続点）",
TH-n5063893777,trailhead,御岳交流センター駐車場,35.8016066,139.1848725,WGS84,376 381,棒ノ嶺、岩茸石山,関東百名山,OSM登山道「御嶽小橋」,施設（山小屋・宿・キャンプ場）からの入口,棒ノ嶺:8.67km 岩茸石山:4.22km,PK-w396901282(0m) PK-w904565198(70m) PK-w904565239(86m) BS-kP11-22-13-bs332(118m) BS-kP11-22-13-bs332(118m) BS-kP11-22-13-bs332(118m),OSM登山ルート: KFT - TK7 - Yamakusa no michi,provisional,15,近くの道路にゲートあり（車両通行止め・季節閉鎖の可能性）、公式情報または2情報源での確認が必要,"OpenStreetMap（© OpenStreetMap contributors, ODbL 1.0）Geofabrik japan-latest.osm.pbf 2026-09-23T20:22:04Z way/396901282 ｜ OpenStreetMap（© OpenStreetMap contributors, ODbL 1.0）Geofabrik japan-latest.osm.pbf 2026-09-23T20:22:04Z node/8397809355（登山道と道路の接続点） ｜ 国土地理院 地名検索「御嶽駅」（35.803161, 139.182226、JGD2011、294m差）2026-09-20確認",2026-09-20
TH-n5064279909,trailhead,（名称未確認）東日原バス停付近,35.8421437,139.0440038,WGS84,378,川苔山,関東百名山,,一般道との接続,川苔山:11.98km,PK-w519345301(97m) PK-w733614318(130m) BS-kP11-22-13-bs127(72m) BS-kP11-22-13-bs127(72m) BS-kP11-22-13-bs129(287m),,provisional,30,名称未確認、登山道が道路を横断する地点（途中の入口の可能性）、公式情報または2情報源での確認が必要,"OpenStreetMap（© OpenStreetMap contributors, ODbL 1.0）Geofabrik japan-latest.osm.pbf 2026-09-23T20:22:04Z node/5064279909（登山道と道路の接続点）",
TH-n5064525085,trailhead,民宿 あたみ荘,35.7843912,139.0408579,WGS84,377 382,雲取山、鷹ノ巣山,日本百名山|日本二百名山|日本三百名山|関東百名山,,施設（山小屋・宿・キャンプ場）からの入口,雲取山:15.36km 鷹ノ巣山:6.43km,BS-kP11-22-13-bs733(68m) BS-kP11-22-13-bs733(68m) BS-kP11-22-13-bs648(296m),,provisional,15,近くの道路にゲートあり（車両通行止め・季節閉鎖の可能性）、公式情報または2情報源での確認が必要,"OpenStreetMap（© OpenStreetMap contributors, ODbL 1.0）Geofabrik japan-latest.osm.pbf 2026-09-23T20:22:04Z node/5064525085",
TH-n5071170173,trailhead,（名称未確認）陣屋バス停付近,35.7725402,138.9991949,WGS84,399,三頭山,日本三百名山|関東百名山,,一般道（県道以上）との接続,三頭山:4.66km,PK-w519572596(172m) PK-w538197714(344m) BS-kP11-22-13-bs1204(182m) BS-kP11-22-13-bs1204(182m) BS-kP11-22-13-bs1136(359m),,provisional,30,名称未確認、公式情報または2情報源での確認が必要,"OpenStreetMap（© OpenStreetMap contributors, ODbL 1.0）Geofabrik japan-latest.osm.pbf 2026-09-23T20:22:04Z node/5071170173（登山道と道路の接続点）",
TH-n5074855819,trailhead,都民の森 森林館,35.7395118,139.0288668,WGS84,399,三頭山,日本三百名山|関東百名山,,施設（山小屋・宿・キャンプ場）からの入口,三頭山:1.57km,PK-w264435066(295m) BS-kP11-22-13-bs3115(352m),,provisional,15,近くの道路にゲートあり（車両通行止め・季節閉鎖の可能性）、公式情報または2情報源での確認が必要,"OpenStreetMap（© OpenStreetMap contributors, ODbL 1.0）Geofabrik japan-latest.osm.pbf 2026-09-23T20:22:04Z node/5074855819",
TH-n5078550504,trailhead,（名称未確認）滝のり沢バス停付近,35.7952845,139.0496884,WGS84,382,鷹ノ巣山,関東百名山,,一般道との接続,鷹ノ巣山:6.93km,PK-w224865400(416m) BS-kP11-22-13-bs442(236m) BS-kP11-22-13-bs442(236m) BS-kP11-22-13-bs448(277m),,provisional,30,名称未確認、登山道が道路を横断する地点（途中の入口の可能性）、近くの道路にゲートあり（車両通行止め・季節閉鎖の可能性）、公式情報または2情報源での確認が必要,"OpenStreetMap（© OpenStreetMap contributors, ODbL 1.0）Geofabrik japan-latest.osm.pbf 2026-09-23T20:22:04Z node/5078550504（登山道と道路の接続点）",
TH-n5312120311,trailhead,鳩待峠（至仏山・尾瀬ヶ原登山口）,36.8901434,139.2004966,WGS84,220 224 230,燧ヶ岳、至仏山、笠ヶ岳,日本百名山|日本二百名山|日本三百名山|東北百名山|関東百名山,OSM登山道「鳩待峠～富士見峠」、OSM登山道「鳩待峠～至仏山」、鳩待峠コース,峠（道路との接続）,燧ヶ岳:12.64km 至仏山:4.66km 笠ヶ岳:6.06km,PK-w388245396(18m) PK-w388245596(159m) BS-kP11-22-10-bs1(9m) BS-kP11-22-10-bs1(9m),restriction=津奈木〜鳩待峠（約3.5km）はシーズン中マイカー規制; OSM登山ルート: Mt. Shibutsu Loop,adopted,15,登山道が道路を横断する地点（途中の入口の可能性）,"OpenStreetMap（© OpenStreetMap contributors, ODbL 1.0）Geofabrik japan-latest.osm.pbf 2026-09-23T20:22:04Z node/5312120311（登山道と道路の接続点） ｜ 国土地理院 地名検索「鳩待峠」（36.890220, 139.200319、JGD2011、18m差）2026-09-24確認 ｜ 公式情報: https://www.mlit.go.jp/seisakutokatsu/soukou/ppg/ppg3/katashinamura.html ｜ 公式情報: https://kanto.env.go.jp/to_2007/0725a.html",2026-09-20
TH-n5327328468,trailhead,（名称未確認）火打峠付近,36.813389,138.7849803,WGS84,234 236 238,谷川岳、平標山、仙ノ倉山,日本百名山|日本二百名山|日本三百名山|関東百名山|甲信越百名山,OSM登山道「上信越自然歩道」,峠（道路との接続）,谷川岳:15.85km 平標山:4.11km 仙ノ倉山:5.86km,BS-kP11-22-15-bs8224(244m) BS-kP11-22-15-bs8223(485m),,provisional,30,名称未確認、公式情報または2情報源での確認が必要,"OpenStreetMap（© OpenStreetMap contributors, ODbL 1.0）Geofabrik japan-latest.osm.pbf 2026-09-23T20:22:04Z node/5327328468（登山道と道路の接続点）",
TH-n5466243385,trailhead,笠山峠（笠山・堂平山）,36.0158052,139.188716,WGS84,351,笠山,関東百名山,,峠（道路との接続）,笠山:0.51km,,,provisional,30,近くの道路にゲートあり（車両通行止め・季節閉鎖の可能性）、林道からの入口（マイカー進入可否を要確認）、公式情報または2情報源での確認が必要,"OpenStreetMap（© OpenStreetMap contributors, ODbL 1.0）Geofabrik japan-latest.osm.pbf 2026-09-23T20:22:04Z node/5466243385（登山道と道路の接続点） ｜ 登山記録で広く使われている登山口（登山記録・登山情報サイトで名称と利用を確認。公式情報では未確認） 2026-09-25確認",
TH-n5590328296,trailhead,（名称未確認）,35.1638017,139.8536471,WGS84,561,鋸山,関東百名山,,道路の終点付近,鋸山:1.35km,,OSM登山ルート: 関東ふれあいの道　東京湾を望むみち,candidate,30,名称未確認、林道からの入口（マイカー進入可否を要確認）、公式情報または2情報源での確認が必要,"OpenStreetMap（© OpenStreetMap contributors, ODbL 1.0）Geofabrik japan-latest.osm.pbf 2026-09-23T20:22:04Z node/5590328296（登山道と道路の接続点）",
TH-n5710378480,trailhead,（名称未確認）小和田坂バス停付近,35.7274784,139.1205191,WGS84,404,浅間嶺,関東百名山,,一般道との接続,浅間嶺:2.06km,PK-w967216081(264m) BS-kP11-22-13-bs3336(774m) BS-kP11-22-13-bs3332(787m) BS-kP11-22-13-bs3208(987m),,provisional,30,名称未確認、近くの道路にゲートあり（車両通行止め・季節閉鎖の可能性）、公式情報または2情報源での確認が必要,"OpenStreetMap（© OpenStreetMap contributors, ODbL 1.0）Geofabrik japan-latest.osm.pbf 2026-09-23T20:22:04Z node/5710378480（登山道と道路の接続点）",
TH-n5716697592,trailhead,TakaOne Activity & Stay,35.6322111,139.2707892,WGS84,422,高尾山,関東百名山,,施設（山小屋・宿・キャンプ場）からの入口,高尾山:11.78km,PK-w1385531132(118m) PK-w216497335(138m) PK-w1154906765(358m) BS-kP11-22-13-bs10464(66m) BS-kP11-22-13-bs10465(66m) BS-kP11-22-13-bs10257(520m),,adopted,15,近くの道路にゲートあり（車両通行止め・季節閉鎖の可能性）,"OpenStreetMap（© OpenStreetMap contributors, ODbL 1.0）Geofabrik japan-latest.osm.pbf 2026-09-23T20:22:04Z node/5716697592 ｜ 国土地理院 地名検索「高尾山口駅」（35.632209, 139.269844、JGD2011、86m差）2026-09-20確認",2026-09-20
TH-n5773157785,trailhead,湯の沢,35.9206019,139.1511816,WGS84,362,伊豆ヶ岳,関東百名山,,駐車場・バス停（林道・車道を経由して登山道へ）,伊豆ヶ岳:2.0km,BS-kP11-22-11-bs4934(22m) BS-kP11-22-11-bs5005(273m),,provisional,15,近くの道路にゲートあり（車両通行止め・季節閉鎖の可能性）、林道からの入口（マイカー進入可否を要確認）、公式情報または2情報源での確認が必要,"OpenStreetMap（© OpenStreetMap contributors, ODbL 1.0）Geofabrik japan-latest.osm.pbf 2026-09-23T20:22:04Z node/5773157785 ｜ OpenStreetMap（© OpenStreetMap contributors, ODbL 1.0）Geofabrik japan-latest.osm.pbf 2026-09-23T20:22:04Z node/6022678500（登山道と道路の接続点） ｜ 国土地理院 地名検索「湯の沢」（35.921744, 139.150844、JGD2011、130m差）2026-09-20確認",2026-09-20
TH-n5784845237,trailhead,豊国館,36.6353522,138.5079922,WGS84,264,草津白根山,日本百名山|日本二百名山|日本三百名山|関東百名山,,施設（山小屋・宿・キャンプ場）からの入口,草津白根山:3.1km,PK-n7202918026(104m) PK-w1353550603(105m) PK-w1353550602(135m) BS-kP11-22-10-bs486(123m) BS-kP11-22-10-bs480(136m) BS-kP11-22-10-bs474(300m),,provisional,15,近くの道路にゲートあり（車両通行止め・季節閉鎖の可能性）、公式情報または2情報源での確認が必要,"OpenStreetMap（© OpenStreetMap contributors, ODbL 1.0）Geofabrik japan-latest.osm.pbf 2026-09-23T20:22:04Z node/5784845237",
TH-n5792037484,trailhead,民宿みはらし,35.838781,138.8377983,WGS84,366 375 377 379,白石山、笠取山、雲取山、飛龍山,日本二百名山|日本三百名山|関東百名山|日本百名山,,施設（山小屋・宿・キャンプ場）からの入口,白石山:9.79km 笠取山:8.2km 雲取山:15.76km 飛龍山:8.51km,,,provisional,15,公式情報または2情報源での確認が必要,"OpenStreetMap（© OpenStreetMap contributors, ODbL 1.0）Geofabrik japan-latest.osm.pbf 2026-09-23T20:22:04Z node/5792037484",
TH-n5873991456,trailhead,青雲荘ＯＫＩ,36.5438338,139.187031,WGS84,275,赤城山,日本百名山|日本二百名山|日本三百名山|関東百名山,,施設（山小屋・宿・キャンプ場）からの入口,赤城山:3.02km,PK-w292599079(68m) PK-w621796016(319m) PK-w627593121(442m) BS-kP11-22-10-bs917(93m) BS-kP11-22-10-bs917(93m) BS-kP11-22-10-bs918(93m),,provisional,15,公式情報または2情報源での確認が必要,"OpenStreetMap（© OpenStreetMap contributors, ODbL 1.0）Geofabrik japan-latest.osm.pbf 2026-09-23T20:22:04Z node/5873991456",
TH-n5893525083,trailhead,唐松谷林道入口,35.8492348,138.9885262,WGS84,363 377 379 382,妙法ヶ岳、雲取山、飛龍山、鷹ノ巣山,関東百名山|日本百名山|日本二百名山|日本三百名山,,登山口（OSMの登山口地物）,妙法ヶ岳:13.97km 雲取山:5.3km 飛龍山:11.48km 鷹ノ巣山:10.02km,,,adopted,15,採用の根拠: OSMの登山口名と、地理院地図の徒歩道が道路から始まる位置の一致（公式情報では未確認）,"OpenStreetMap（© OpenStreetMap contributors, ODbL 1.0）Geofabrik japan-latest.osm.pbf 2026-09-23T20:22:04Z node/5893525083 ｜ 国土地理院ベクトルタイル提供実験 地理院地図の徒歩道の起点（35.849205, 138.988480、JGD2011、5m差）2026-09-24確認",
TH-n6240838523,trailhead,（名称未確認）,36.5706739,139.4663598,WGS84,276,根本山,関東百名山,,一般道との接続,根本山:4.35km,,,candidate,30,名称未確認、公式情報または2情報源での確認が必要,"OpenStreetMap（© OpenStreetMap contributors, ODbL 1.0）Geofabrik japan-latest.osm.pbf 2026-09-23T20:22:04Z node/6240838523（登山道と道路の接続点）",
TH-n6312170293,trailhead,原島荘,35.7858922,139.1515782,WGS84,387,御岳山,関東百名山,OSM登山道「奥多摩あきる野線」,施設（山小屋・宿・キャンプ場）からの入口,御岳山:0.22km,,OSM登山ルート: KFT - TK6 - Sugi no kokage no michi、Mt. Odake Loop,provisional,15,近くの道路にゲートあり（車両通行止め・季節閉鎖の可能性）、公式情報または2情報源での確認が必要,"OpenStreetMap（© OpenStreetMap contributors, ODbL 1.0）Geofabrik japan-latest.osm.pbf 2026-09-23T20:22:04Z node/6312170293",
TH-n6344347800,trailhead,旅名,35.2059487,140.022,WGS84,549,高宕山,関東百名山,,駐車場・バス停（林道・車道を経由して登山道へ）,高宕山:4.99km,BS-kP11-22-12-bs10173(17m) BS-kP11-22-12-bs10185(849m) BS-kP11-22-12-bs10185(849m),,provisional,15,林道からの入口（マイカー進入可否を要確認）、公式情報または2情報源での確認が必要,"OpenStreetMap（© OpenStreetMap contributors, ODbL 1.0）Geofabrik japan-latest.osm.pbf 2026-09-23T20:22:04Z node/6344347800 ｜ OpenStreetMap（© OpenStreetMap contributors, ODbL 1.0）Geofabrik japan-latest.osm.pbf 2026-09-23T20:22:04Z node/1514026794（登山道と道路の接続点） ｜ 国土地理院 地名検索「旅名」（35.203836, 140.023506、JGD2011、271m差）2026-09-20確認",2026-09-20
TH-n6356255348,trailhead,三和公民館前,36.3891408,139.4225872,WGS84,302,行道山,関東百名山,,駐車場・バス停（林道・車道を経由して登山道へ）,行道山:1.9km,BS-kP11-22-09-bs2970(13m) BS-kP11-22-09-bs2970(13m) BS-kP11-22-09-bs2992(441m),,provisional,15,林道からの入口（マイカー進入可否を要確認）、公式情報または2情報源での確認が必要,"OpenStreetMap（© OpenStreetMap contributors, ODbL 1.0）Geofabrik japan-latest.osm.pbf 2026-09-23T20:22:04Z node/6356255348 ｜ OpenStreetMap（© OpenStreetMap contributors, ODbL 1.0）Geofabrik japan-latest.osm.pbf 2026-09-23T20:22:04Z node/2210470636（登山道と道路の接続点）",
TH-n6356255376,trailhead,松田二丁目,36.3928351,139.4251084,WGS84,302,行道山,関東百名山,,駐車場・バス停（林道・車道を経由して登山道へ）,行道山:2.67km,BS-kP11-22-09-bs2945(5m) BS-kP11-22-09-bs2945(5m) BS-kP11-22-09-bs2929(351m),,provisional,15,公式情報または2情報源での確認が必要,"OpenStreetMap（© OpenStreetMap contributors, ODbL 1.0）Geofabrik japan-latest.osm.pbf 2026-09-23T20:22:04Z node/6356255376 ｜ OpenStreetMap（© OpenStreetMap contributors, ODbL 1.0）Geofabrik japan-latest.osm.pbf 2026-09-23T20:22:04Z node/8458043488（登山道と道路の接続点）",
TH-n6360068823,trailhead,Tsuchitaru PA,36.8663219,138.8762341,WGS84,229 234,朝日岳、谷川岳,日本三百名山|関東百名山|日本百名山|日本二百名山|甲信越百名山,OSM登山道「茂倉新道」,駐車場・バス停（林道・車道を経由して登山道へ）,朝日岳:15.74km 谷川岳:6.79km,PK-n6360068823(0m) PK-w245474595(20m) PK-n9660193990(27m),,provisional,15,近くの道路にゲートあり（車両通行止め・季節閉鎖の可能性）、林道からの入口（マイカー進入可否を要確認）、公式情報または2情報源での確認が必要,"OpenStreetMap（© OpenStreetMap contributors, ODbL 1.0）Geofabrik japan-latest.osm.pbf 2026-09-23T20:22:04Z node/6360068823 ｜ OpenStreetMap（© OpenStreetMap contributors, ODbL 1.0）Geofabrik japan-latest.osm.pbf 2026-09-23T20:22:04Z node/5267621715（登山道と道路の接続点）",
TH-n6369605885,trailhead,日光沢温泉,36.8657122,139.3883479,WGS84,228 243,鬼怒沼山、日光白根山,関東百名山|日本百名山|日本二百名山|日本三百名山,,施設（山小屋・宿・キャンプ場）からの入口,鬼怒沼山:5.41km 日光白根山:12.04km,,,provisional,15,公式情報または2情報源での確認が必要,"OpenStreetMap（© OpenStreetMap contributors, ODbL 1.0）Geofabrik japan-latest.osm.pbf 2026-09-23T20:22:04Z node/6369605885 ｜ 国土地理院 地名検索「日光沢温泉」（36.865616, 139.388266、JGD2011、13m差）2026-09-20確認",2026-09-20
TH-n6417446634,trailhead,生涯青春の湯;つるつる温泉,35.7801539,139.1919252,WGS84,376 381,棒ノ嶺、岩茸石山,関東百名山,,駐車場・バス停（林道・車道を経由して登山道へ）,棒ノ嶺:12.08km 岩茸石山:7.63km,PK-n6417446634(0m) PK-w301795290(19m) PK-w301795297(108m) BS-kP11-22-13-bs899(60m) BS-kP11-22-13-bs1074(419m) BS-kP11-22-13-bs1157(643m),,provisional,15,近くの道路にゲートあり（車両通行止め・季節閉鎖の可能性）、林道からの入口（マイカー進入可否を要確認）、公式情報または2情報源での確認が必要,"OpenStreetMap（© OpenStreetMap contributors, ODbL 1.0）Geofabrik japan-latest.osm.pbf 2026-09-23T20:22:04Z node/6417446634 ｜ OpenStreetMap（© OpenStreetMap contributors, ODbL 1.0）Geofabrik japan-latest.osm.pbf 2026-09-23T20:22:04Z node/1594418139（登山道と道路の接続点）",
TH-n6417515914,trailhead,青根緑の休暇村;いやしの湯,35.5481196,139.1357539,WGS84,453 456 457 461,蛭ヶ岳、檜洞丸、丹沢山、塔ノ岳,関東百名山|日本百名山|日本二百名山|日本三百名山,,駐車場・バス停（林道・車道を経由して登山道へ）,蛭ヶ岳:9.37km 檜洞丸:13.7km 丹沢山:12.81km 塔ノ岳:15.46km,PK-n6417515914(0m) PK-w250927800(19m) PK-w1450732386(442m) BS-kP11-22-14-bs2026(555m) BS-kP11-22-14-bs1984(727m) BS-kP11-22-14-bs1867(802m),,provisional,15,近くの道路にゲートあり（車両通行止め・季節閉鎖の可能性）、林道からの入口（マイカー進入可否を要確認）、公式情報または2情報源での確認が必要,"OpenStreetMap（© OpenStreetMap contributors, ODbL 1.0）Geofabrik japan-latest.osm.pbf 2026-09-23T20:22:04Z node/6417515914 ｜ OpenStreetMap（© OpenStreetMap contributors, ODbL 1.0）Geofabrik japan-latest.osm.pbf 2026-09-23T20:22:04Z node/1654446011（登山道と道路の接続点）",
TH-n6418977013,trailhead,あしがらの温泉;おんり〜ゆ〜,35.3093309,139.0781446,WGS84,516 519,金時山、明神ヶ岳,日本三百名山|関東百名山,,駐車場・バス停（林道・車道を経由して登山道へ）,金時山:11.12km 明神ヶ岳:7.04km,PK-n6418977013(0m) PK-w685054562(7m) PK-w991363438(129m) BS-kP11-22-14-bs9390(90m) BS-kP11-22-14-bs9321(392m) BS-kP11-22-14-bs9485(473m),,provisional,15,林道からの入口（マイカー進入可否を要確認）、公式情報または2情報源での確認が必要,"OpenStreetMap（© OpenStreetMap contributors, ODbL 1.0）Geofabrik japan-latest.osm.pbf 2026-09-23T20:22:04Z node/6418977013 ｜ OpenStreetMap（© OpenStreetMap contributors, ODbL 1.0）Geofabrik japan-latest.osm.pbf 2026-09-23T20:22:04Z node/1497990550（登山道と道路の接続点）",
TH-n6451198139,trailhead,貸切かけ流し温泉;ゆう,36.7913813,138.9538586,WGS84,234 238,谷川岳、仙ノ倉山,日本百名山|日本二百名山|日本三百名山|関東百名山|甲信越百名山,,駐車場・バス停（林道・車道を経由して登山道へ）,谷川岳:7.04km 仙ノ倉山:15.05km,PK-n6451198139(0m) PK-w688084730(273m) PK-n6451185504(289m),,provisional,15,林道からの入口（マイカー進入可否を要確認）、公式情報または2情報源での確認が必要,"OpenStreetMap（© OpenStreetMap contributors, ODbL 1.0）Geofabrik japan-latest.osm.pbf 2026-09-23T20:22:04Z node/6451198139 ｜ OpenStreetMap（© OpenStreetMap contributors, ODbL 1.0）Geofabrik japan-latest.osm.pbf 2026-09-23T20:22:04Z node/1913374027（登山道と道路の接続点）",
TH-n6484951786,trailhead,（名称未確認）三ツ合鍾乳洞駐車場付近,35.7590933,139.1703852,WGS84,387 396,御岳山、大岳山,関東百名山|日本二百名山|日本三百名山,,一般道（県道以上）との接続,御岳山:4.72km 大岳山:4.92km,PK-w243659982(424m) BS-kP11-22-13-bs1946(13m) BS-kP11-22-13-bs1870(155m) BS-kP11-22-13-bs2139(422m),,provisional,30,名称未確認、登山道が道路を横断する地点（途中の入口の可能性）、近くの道路にゲートあり（車両通行止め・季節閉鎖の可能性）、公式情報または2情報源での確認が必要,"OpenStreetMap（© OpenStreetMap contributors, ODbL 1.0）Geofabrik japan-latest.osm.pbf 2026-09-23T20:22:04Z node/6484951786（登山道と道路の接続点）",
TH-n6514548003,trailhead,（名称未確認）,36.8655288,139.1261575,WGS84,224 230,至仏山、笠ヶ岳,日本百名山|日本二百名山|日本三百名山|関東百名山,,道路の終点付近,至仏山:9.05km 笠ヶ岳:4.53km,,,candidate,30,名称未確認、林道からの入口（マイカー進入可否を要確認）、公式情報または2情報源での確認が必要,"OpenStreetMap（© OpenStreetMap contributors, ODbL 1.0）Geofabrik japan-latest.osm.pbf 2026-09-23T20:22:04Z node/6514548003（登山道と道路の接続点）",
TH-n6537751083,trailhead,苗場温泉;雪ささの湯,36.7885653,138.795251,WGS84,236 238,平標山、仙ノ倉山,甲信越百名山|日本二百名山|日本三百名山|関東百名山,,駐車場・バス停（林道・車道を経由して登山道へ）,平標山:6.64km 仙ノ倉山:8.37km,PK-n6537751083(0m) PK-w696211332(21m) BS-kP11-22-15-bs8229(114m) BS-n4318912594(150m) BS-n13306197313(159m),,provisional,15,近くの道路にゲートあり（車両通行止め・季節閉鎖の可能性）、林道からの入口（マイカー進入可否を要確認）、公式情報または2情報源での確認が必要,"OpenStreetMap（© OpenStreetMap contributors, ODbL 1.0）Geofabrik japan-latest.osm.pbf 2026-09-23T20:22:04Z node/6537751083 ｜ OpenStreetMap（© OpenStreetMap contributors, ODbL 1.0）Geofabrik japan-latest.osm.pbf 2026-09-23T20:22:04Z node/7146341393（登山道と道路の接続点）",
TH-n6547578092,trailhead,定峰峠入口,36.0191384,139.1411653,WGS84,347,大霧山,関東百名山,,駐車場・バス停（林道・車道を経由して登山道へ）,大霧山:2.99km,BS-kP11-22-11-bs2422(9m) BS-kP11-22-11-bs2377(808m) BS-kP11-22-11-bs2351(936m),,provisional,15,林道からの入口（マイカー進入可否を要確認）、公式情報または2情報源での確認が必要,"OpenStreetMap（© OpenStreetMap contributors, ODbL 1.0）Geofabrik japan-latest.osm.pbf 2026-09-23T20:22:04Z node/6547578092 ｜ OpenStreetMap（© OpenStreetMap contributors, ODbL 1.0）Geofabrik japan-latest.osm.pbf 2026-09-23T20:22:04Z node/1516655405（登山道と道路の接続点）",
TH-n6566210681,trailhead,（名称未確認）大猷院・二荒山神社前バス停付近,36.7566347,139.5952387,WGS84,240,女峰山,日本二百名山|日本三百名山|関東百名山,OSM登山道「上新道」,一般道との接続,女峰山:8.57km,PK-w431806648(140m) PK-w694109316(213m) PK-w694109319(236m) BS-kP11-22-09-bs861(165m) BS-kP11-22-09-bs873(259m) BS-kP11-22-09-bs872(262m),,provisional,30,名称未確認、登山道が道路を横断する地点（途中の入口の可能性）、近くの道路にゲートあり（車両通行止め・季節閉鎖の可能性）、公式情報または2情報源での確認が必要,"OpenStreetMap（© OpenStreetMap contributors, ODbL 1.0）Geofabrik japan-latest.osm.pbf 2026-09-23T20:22:04Z node/6566210681（登山道と道路の接続点）",
TH-n6591898477,trailhead,（名称未確認）道了尊バス停付近,35.302684,139.0756609,WGS84,516 519,金時山、明神ヶ岳,日本三百名山|関東百名山,,一般道との接続,金時山:9.37km 明神ヶ岳:3.82km,PK-w273232071(107m) PK-w273232074(152m) BS-kP11-22-14-bs9485(373m) BS-kP11-22-14-bs9390(815m) BS-kP11-22-14-bs9445(876m),,provisional,30,名称未確認、公式情報または2情報源での確認が必要,"OpenStreetMap（© OpenStreetMap contributors, ODbL 1.0）Geofabrik japan-latest.osm.pbf 2026-09-23T20:22:04Z node/6591898477（登山道と道路の接続点）",
TH-n6665073914,trailhead,天上山　白島登山口,34.2201495,139.1484345,WGS84,712,天上山,関東百名山,OSM登山道「白島登山道」,登山口（OSMの登山口地物）,天上山:1.39km,,OSM登山ルート: 天上山トレッキングコース,adopted,15,採用の根拠: OSMの登山口名と、地理院地図の徒歩道が道路から始まる位置の一致（公式情報では未確認）,"OpenStreetMap（© OpenStreetMap contributors, ODbL 1.0）Geofabrik japan-latest.osm.pbf 2026-09-23T20:22:04Z node/6665073914 ｜ 国土地理院ベクトルタイル提供実験 地理院地図の徒歩道の起点（34.220213, 139.148429、JGD2011、7m差）2026-09-24確認",
TH-n6665139144,trailhead,天上山登山口,34.2125369,139.1465677,WGS84,712,天上山,関東百名山,,登山口（OSMの登山口地物）,天上山:1.18km,BS-n13749484877(965m),OSM登山ルート: 天上山トレッキングコース,adopted,15,近くの道路にゲートあり（車両通行止め・季節閉鎖の可能性）、採用の根拠: OSMの登山口名と、地理院地図の徒歩道が道路から始まる位置の一致（公式情報では未確認）,"OpenStreetMap（© OpenStreetMap contributors, ODbL 1.0）Geofabrik japan-latest.osm.pbf 2026-09-23T20:22:04Z node/6665139144 ｜ 国土地理院ベクトルタイル提供実験 地理院地図の徒歩道の起点（34.212506, 139.146533、JGD2011、5m差）2026-09-24確認",
TH-n6687931207,trailhead,中川温泉;ぶなの湯,35.4441119,139.049629,WGS84,443,大室山,関東百名山,,駐車場・バス停（林道・車道を経由して登山道へ）,大室山:14.6km,PK-n6687931207(0m) PK-w711324600(28m) BS-kP11-22-14-bs5248(112m) BS-kP11-22-14-bs5311(415m) BS-kP11-22-14-bs5383(685m),,provisional,15,林道からの入口（マイカー進入可否を要確認）、公式情報または2情報源での確認が必要,"OpenStreetMap（© OpenStreetMap contributors, ODbL 1.0）Geofabrik japan-latest.osm.pbf 2026-09-23T20:22:04Z node/6687931207 ｜ OpenStreetMap（© OpenStreetMap contributors, ODbL 1.0）Geofabrik japan-latest.osm.pbf 2026-09-23T20:22:04Z node/1512971894（登山道と道路の接続点）",
TH-n6690093272,trailhead,奥多摩温泉;もえぎの湯,35.8052922,139.1024744,WGS84,387 394 396,御岳山、御前山、大岳山,関東百名山|日本二百名山|日本三百名山,,駐車場・バス停（林道・車道を経由して登山道へ）,御岳山:9.78km 御前山:6.45km 大岳山:6.35km,PK-n6690093272(0m) PK-w391370895(5m) PK-w972322265(11m) BS-kP11-22-13-bs287(155m) BS-kP11-22-13-bs287(155m) BS-kP11-22-13-bs287(155m),,provisional,15,近くの道路にゲートあり（車両通行止め・季節閉鎖の可能性）、林道からの入口（マイカー進入可否を要確認）、公式情報または2情報源での確認が必要,"OpenStreetMap（© OpenStreetMap contributors, ODbL 1.0）Geofabrik japan-latest.osm.pbf 2026-09-23T20:22:04Z node/6690093272 ｜ OpenStreetMap（© OpenStreetMap contributors, ODbL 1.0）Geofabrik japan-latest.osm.pbf 2026-09-23T20:22:04Z node/1593247897（登山道と道路の接続点）",
TH-n6702246804,trailhead,（名称未確認）,36.6207633,139.5194846,WGS84,265,古峰ヶ原,関東百名山,,林道との接続,古峰ヶ原:2.93km,PK-w1388998553(462m),OSM登山ルート: KFT - T4 - Situgen to seseragi no michi,provisional,30,名称未確認、近くの道路にゲートあり（車両通行止め・季節閉鎖の可能性）、林道からの入口（マイカー進入可否を要確認）、公式情報または2情報源での確認が必要,"OpenStreetMap（© OpenStreetMap contributors, ODbL 1.0）Geofabrik japan-latest.osm.pbf 2026-09-23T20:22:04Z node/6702246804（登山道と道路の接続点）",
TH-n6830029422,trailhead,ゲストハウス錦,35.9517004,138.9626486,WGS84,356,秩父御岳山,関東百名山,,施設（山小屋・宿・キャンプ場）からの入口,秩父御岳山:3.47km,BS-kP11-22-11-bs4034(98m) BS-kP11-22-11-bs3885(847m) BS-kP11-22-11-bs4223(860m),,provisional,15,公式情報または2情報源での確認が必要,"OpenStreetMap（© OpenStreetMap contributors, ODbL 1.0）Geofabrik japan-latest.osm.pbf 2026-09-23T20:22:04Z node/6830029422",
TH-n7075291266,trailhead,（名称未確認）杉ノ峠付近,35.9515313,138.9485991,WGS84,356,秩父御岳山,関東百名山,,峠（道路との接続）,秩父御岳山:2.66km,BS-kP11-22-11-bs4019(883m) BS-kP11-22-11-bs4093(903m) BS-kP11-22-11-bs4173(924m),,provisional,30,名称未確認、林道からの入口（マイカー進入可否を要確認）、公式情報または2情報源での確認が必要,"OpenStreetMap（© OpenStreetMap contributors, ODbL 1.0）Geofabrik japan-latest.osm.pbf 2026-09-23T20:22:04Z node/7075291266（登山道と道路の接続点）",
TH-n7081737903,trailhead,（名称未確認）,36.3148555,139.6234164,WGS84,312,三毳山,関東百名山,,一般道との接続,三毳山:0.54km,PK-w758291205(302m) PK-w506219559(320m) PK-w686584307(363m),,provisional,30,名称未確認、近くの道路にゲートあり（車両通行止め・季節閉鎖の可能性）、公式情報または2情報源での確認が必要,"OpenStreetMap（© OpenStreetMap contributors, ODbL 1.0）Geofabrik japan-latest.osm.pbf 2026-09-23T20:22:04Z node/7081737903（登山道と道路の接続点）",
TH-n7142403307,trailhead,浜平（諏訪山登山口）,36.0636836,138.7070771,WGS84,344,諏訪山,日本三百名山|関東百名山,,道路の終点付近,諏訪山:4.88km,BS-kP11-22-10-bs5138(819m),,adopted,15,浜平は諏訪山の登山口、国土地理院の地名「浜平」とOSMの登山道の接続点の位置が一致（独立した2情報源）,"OpenStreetMap（© OpenStreetMap contributors, ODbL 1.0）Geofabrik japan-latest.osm.pbf 2026-09-23T20:22:04Z node/7142403307（登山道と道路の接続点） ｜ 国土地理院 地名検索「浜平」（36.065225, 138.707197、JGD2011、171m差）2026-09-20確認",2026-09-20
TH-n7194641553,trailhead,（名称未確認）,36.6020263,139.3408708,WGS84,259 266,皇海山、袈裟丸山,日本百名山|日本二百名山|日本三百名山|関東百名山,,登山口（OSMの登山口地物）,皇海山:13.26km 袈裟丸山:6.29km,PK-w1531292701(15m),OSM登山ルート: KFT - G30 - Nesyaka no michi,provisional,15,名称未確認、近くの道路にゲートあり（車両通行止め・季節閉鎖の可能性）、公式情報または2情報源での確認が必要,"OpenStreetMap（© OpenStreetMap contributors, ODbL 1.0）Geofabrik japan-latest.osm.pbf 2026-09-23T20:22:04Z node/7194641553",
TH-n722188489,trailhead,滝本駅（御岳山ケーブルカー・大岳山方面）,35.7960037,139.1613433,WGS84,396 387,大岳山、御岳山,日本二百名山|日本三百名山|関東百名山,御岳山経由 大岳山,公式情報による登山口,,PK-w244504668(38m) PK-w661124073(38m) PK-w904631313(46m) BS-kP11-22-13-bs398(124m) BS-kP11-22-13-bs398(124m) BS-kP11-22-13-bs372(734m),"parking=滝本駅の駐車場は136台、営業時間7:10〜19:00。軽・普通車は平日400円/1時間（上限1,500円/日）、土日・特定日450円/1時間（上限2,000円/日）（御岳登山鉄道）; access=JR御嶽駅からバスで滝本駅へ。ケーブルカーで御岳山駅まで約6分（御岳登山鉄道）",adopted,30,初級〜中級者には御岳（青梅市）から入り、綾滝・天狗滝を見ながら千足へ下山するコースが案内されている（檜原村観光協会）、大岳山は尾根道が多く、途中数か所にクサリ場がある（奥多摩町）、檜原村側の千足バス停から天狗滝・綾滝・つづら岩・富士見台を経て大岳山へ登るコースは約11.5km・約6時間30分（檜原村観光協会）,OSM node/722188489（御岳登山鉄道 滝本駅、2026-09-23時点） ｜ 公式情報: https://www.mitaketozan.co.jp/accessmap.html ｜ 公式情報: https://hinohara-kankou.jp/suggested-itinerarie/yama_odake1/ ｜ 公式情報: https://www.town.okutama.tokyo.jp/1/kankosangyoka/kankojoho/4/863.html,2026-09-23
TH-n7276500064,trailhead,（名称未確認）,36.4612168,138.6375394,WGS84,287,浅間隠山,日本二百名山|日本三百名山|関東百名山,,一般道との接続,浅間隠山:3.65km,,,candidate,30,名称未確認、公式情報または2情報源での確認が必要,"OpenStreetMap（© OpenStreetMap contributors, ODbL 1.0）Geofabrik japan-latest.osm.pbf 2026-09-23T20:22:04Z node/7276500064（登山道と道路の接続点）",
TH-n7361660465,trailhead,新田,36.0352966,139.1769562,WGS84,351,笠山,関東百名山,,駐車場・バス停（林道・車道を経由して登山道へ）,笠山:2.34km,BS-kP11-22-11-bs2126(22m) BS-kP11-22-11-bs2126(22m) BS-kP11-22-11-bs2044(524m),,provisional,15,林道からの入口（マイカー進入可否を要確認）、公式情報または2情報源での確認が必要,"OpenStreetMap（© OpenStreetMap contributors, ODbL 1.0）Geofabrik japan-latest.osm.pbf 2026-09-23T20:22:04Z node/7361660465 ｜ OpenStreetMap（© OpenStreetMap contributors, ODbL 1.0）Geofabrik japan-latest.osm.pbf 2026-09-23T20:22:04Z node/1446523976（登山道と道路の接続点）",
TH-n7361660468,trailhead,不動橋,36.028684,139.1730474,WGS84,351,笠山,関東百名山,,駐車場・バス停（林道・車道を経由して登山道へ）,笠山:3.13km,BS-kP11-22-11-bs2260(89m) BS-kP11-22-11-bs2260(89m) BS-kP11-22-11-bs2208(272m),,provisional,15,林道からの入口（マイカー進入可否を要確認）、公式情報または2情報源での確認が必要,"OpenStreetMap（© OpenStreetMap contributors, ODbL 1.0）Geofabrik japan-latest.osm.pbf 2026-09-23T20:22:04Z node/7361660468 ｜ OpenStreetMap（© OpenStreetMap contributors, ODbL 1.0）Geofabrik japan-latest.osm.pbf 2026-09-23T20:22:04Z node/1446521354（登山道と道路の接続点）",
TH-n7361660480,trailhead,白石車庫,36.0166454,139.1736667,WGS84,351,笠山,関東百名山,,駐車場・バス停（林道・車道を経由して登山道へ）,笠山:1.54km,PK-w1424336979(275m) BS-kP11-22-11-bs2468(20m) BS-kP11-22-11-bs2431(264m) BS-kP11-22-11-bs2431(264m),,provisional,15,林道からの入口（マイカー進入可否を要確認）、公式情報または2情報源での確認が必要,"OpenStreetMap（© OpenStreetMap contributors, ODbL 1.0）Geofabrik japan-latest.osm.pbf 2026-09-23T20:22:04Z node/7361660480 ｜ OpenStreetMap（© OpenStreetMap contributors, ODbL 1.0）Geofabrik japan-latest.osm.pbf 2026-09-23T20:22:04Z node/13092026751（登山道と道路の接続点）",
TH-n7384180532,trailhead,桜沢,36.1290701,139.2032214,WGS84,335,鐘撞堂山,関東百名山,,駐車場・バス停（林道・車道を経由して登山道へ）,鐘撞堂山:2.5km,BS-kP11-22-11-bs900(100m) BS-kP11-22-11-bs900(100m) BS-kP11-22-11-bs900(100m),,provisional,15,林道からの入口（マイカー進入可否を要確認）、公式情報または2情報源での確認が必要,"OpenStreetMap（© OpenStreetMap contributors, ODbL 1.0）Geofabrik japan-latest.osm.pbf 2026-09-23T20:22:04Z node/7384180532 ｜ OpenStreetMap（© OpenStreetMap contributors, ODbL 1.0）Geofabrik japan-latest.osm.pbf 2026-09-23T20:22:04Z node/11422224739（登山道と道路の接続点）",
TH-n7384180537,trailhead,埼玉よりい病院前,36.139648,139.1953677,WGS84,335,鐘撞堂山,関東百名山,,駐車場・バス停（林道・車道を経由して登山道へ）,鐘撞堂山:2.07km,BS-kP11-22-11-bs790(102m) BS-kP11-22-11-bs806(349m) BS-kP11-22-11-bs754(491m),,provisional,15,林道からの入口（マイカー進入可否を要確認）、公式情報または2情報源での確認が必要,"OpenStreetMap（© OpenStreetMap contributors, ODbL 1.0）Geofabrik japan-latest.osm.pbf 2026-09-23T20:22:04Z node/7384180537 ｜ OpenStreetMap（© OpenStreetMap contributors, ODbL 1.0）Geofabrik japan-latest.osm.pbf 2026-09-23T20:22:04Z node/11421920626（登山道と道路の接続点）",
TH-n7572489121,trailhead,賀美診療所,36.699339,140.5138045,WGS84,255,竪破山,関東百名山,,駐車場・バス停（林道・車道を経由して登山道へ）,竪破山:6.13km,BS-kP11-22-08-bs440(18m) BS-kP11-22-08-bs440(18m) BS-kP11-22-08-bs442(165m),,provisional,15,林道からの入口（マイカー進入可否を要確認）、公式情報または2情報源での確認が必要,"OpenStreetMap（© OpenStreetMap contributors, ODbL 1.0）Geofabrik japan-latest.osm.pbf 2026-09-23T20:22:04Z node/7572489121 ｜ OpenStreetMap（© OpenStreetMap contributors, ODbL 1.0）Geofabrik japan-latest.osm.pbf 2026-09-23T20:22:04Z node/2348843899（登山道と道路の接続点）",
TH-n760291651,trailhead,鋸山山頂,35.1582561,139.8286855,WGS84,561,鋸山,関東百名山,,索道駅（ロープウェイ・ゴンドラ）,鋸山:1.28km,PK-w351441256(138m) PK-w351441257(208m) BS-kP11-22-12-bs10240(813m) BS-kP11-22-12-bs10270(825m) BS-kP11-22-12-bs10270(825m),,provisional,15,公式情報または2情報源での確認が必要,"OpenStreetMap（© OpenStreetMap contributors, ODbL 1.0）Geofabrik japan-latest.osm.pbf 2026-09-23T20:22:04Z node/760291651",
TH-n766785409,trailhead,（名称未確認）,36.8470802,138.9427982,WGS84,229,朝日岳,日本三百名山|関東百名山,OSM登山道「国道291号」,一般道（県道以上）との接続,朝日岳:13.79km,PK-n766785319(51m),,provisional,30,名称未確認、公式情報または2情報源での確認が必要,"OpenStreetMap（© OpenStreetMap contributors, ODbL 1.0）Geofabrik japan-latest.osm.pbf 2026-09-23T20:22:04Z node/766785409（登山道と道路の接続点）",
TH-n766785417,trailhead,天神平（谷川岳 天神尾根登山口）,36.8181105,138.949105,WGS84,234 236 238,谷川岳、平標山、仙ノ倉山,日本百名山|日本二百名山|日本三百名山|関東百名山|甲信越百名山,天神尾根コース、西黒尾根↑天神尾根↓,索道駅（ロープウェイ・ゴンドラ）,谷川岳:3.23km 平標山:14.02km 仙ノ倉山:12.24km,,"access=谷川岳ロープウェイが土合口駅と天神平駅の約2,400mを結ぶ。所要時間は片道約15分（みなかみ町観光協会）; registration=天神尾根・西黒尾根などの一般コースは登山カードの提出が必要（群馬県）",adopted,15,天神尾根でも最低1.5リットルの水分を持つこと。10月前後の紅葉の時期は混雑する場合がある（群馬県）、融雪期（3月末〜5月中旬）は雪崩のおそれがあるため、危険地区の登山が禁止される（群馬県）,"OpenStreetMap（© OpenStreetMap contributors, ODbL 1.0）Geofabrik japan-latest.osm.pbf 2026-09-23T20:22:04Z node/766785417 ｜ 国土地理院 地名検索「天神平スキー場」（36.816440, 138.948032、JGD2011、208m差）2026-09-23確認 ｜ 公式情報: https://www.enjoy-minakami.jp/spot/8008/ ｜ 公式情報: https://www.pref.gunma.jp/page/1494.html",2026-09-23
TH-n766785418,trailhead,天神峠,36.815654,138.9460795,WGS84,234 236 238,谷川岳、平標山、仙ノ倉山,日本百名山|日本二百名山|日本三百名山|関東百名山|甲信越百名山,,索道駅（ロープウェイ・ゴンドラ）,谷川岳:3.19km 平標山:14.33km 仙ノ倉山:12.55km,,,provisional,15,公式情報または2情報源での確認が必要,"OpenStreetMap（© OpenStreetMap contributors, ODbL 1.0）Geofabrik japan-latest.osm.pbf 2026-09-23T20:22:04Z node/766785418 ｜ 国土地理院 地名検索「天神平スキー場」（36.816440, 138.948032、JGD2011、194m差）2026-09-23確認",2026-09-23
TH-n766785733,trailhead,土合橋（白毛門・朝日岳方面の登山口）,36.8350586,138.9661585,WGS84,229,朝日岳,日本三百名山|関東百名山,OSM登山道「ぐんま県境稜線トレイル」,一般道（県道以上）との接続,朝日岳:5.94km,PK-n5192845384(60m) PK-w592050523(79m) PK-n5192845381(202m) BS-kP11-22-10-bs24(4m) BS-kP11-22-10-bs24(4m) BS-kP11-22-10-bs24(4m),,adopted,15,名称は国土数値情報（国土交通省）のバス停「土合橋」による。白毛門・朝日岳方面の登山道の起点、公式データのバス停名と、地理院地図で徒歩道が道路から始まる位置（3m差）が一致,"OpenStreetMap（© OpenStreetMap contributors, ODbL 1.0）Geofabrik japan-latest.osm.pbf 2026-09-23T20:22:04Z node/766785733（登山道と道路の接続点） ｜ 国土地理院ベクトルタイル提供実験 地理院地図の徒歩道の起点（36.835038, 138.966131、JGD2011、3m差）2026-09-21確認",2026-09-20
TH-n7747395164,trailhead,上落合橋登山口,36.0290179,138.8298862,WGS84,349,両神山,日本百名山|日本二百名山|日本三百名山|関東百名山,八丁峠コース,登山口（OSMの登山口地物）,両神山:2.77km,PK-n9076602692(36m),,adopted,15,近くの道路にゲートあり（車両通行止め・季節閉鎖の可能性）、採用の根拠: OSMの登山口名と、地理院地図の徒歩道が道路から始まる位置の一致（公式情報では未確認）,"OpenStreetMap（© OpenStreetMap contributors, ODbL 1.0）Geofabrik japan-latest.osm.pbf 2026-09-23T20:22:04Z node/7747395164 ｜ 国土地理院ベクトルタイル提供実験 地理院地図の徒歩道の起点（36.028983, 138.829852、JGD2011、5m差）2026-09-24確認",
TH-n7775766499,trailhead,（名称未確認）飯能市役所名栗支所駐車場付近,35.87885,139.1784906,WGS84,357 360 361,武甲山、武川岳、大持山,日本二百名山|日本三百名山|関東百名山,,一般道との接続,武甲山:14.19km 武川岳:13.95km 大持山:11.32km,PK-w27303125(456m) BS-kP11-22-11-bs5942(611m) BS-kP11-22-11-bs6056(669m) BS-kP11-22-11-bs6056(669m),,provisional,30,名称未確認、近くの道路にゲートあり（車両通行止め・季節閉鎖の可能性）、公式情報または2情報源での確認が必要,"OpenStreetMap（© OpenStreetMap contributors, ODbL 1.0）Geofabrik japan-latest.osm.pbf 2026-09-23T20:22:04Z node/7775766499（登山道と道路の接続点）",
TH-n7832874952,trailhead,小峰公園,35.7197639,139.2320562,WGS84,413,生藤山,関東百名山,OSM登山道「桜尾根」、OSM登山道「自然観察路」,駐車場・バス停（林道・車道を経由して登山道へ）,生藤山:15.17km,PK-w219931594(135m) PK-w187142136(183m) PK-w219492799(225m) BS-kP11-22-13-bs4407(27m) BS-kP11-22-13-bs4407(27m) BS-kP11-22-13-bs4237(323m),,provisional,15,近くの道路にゲートあり（車両通行止め・季節閉鎖の可能性）、公式情報または2情報源での確認が必要,"OpenStreetMap（© OpenStreetMap contributors, ODbL 1.0）Geofabrik japan-latest.osm.pbf 2026-09-23T20:22:04Z node/7832874952 ｜ OpenStreetMap（© OpenStreetMap contributors, ODbL 1.0）Geofabrik japan-latest.osm.pbf 2026-09-23T20:22:04Z node/9457452428（登山道と道路の接続点）",
TH-n7875410444,trailhead,（名称未確認）浄明寺バス停付近,35.3268229,139.5741049,WGS84,503,天園,関東百名山,OSM登山道「天園ハイキングコース」,一般道との接続,天園:1.28km,PK-w844257180(40m) PK-w844257176(68m) PK-w844301802(86m) BS-n14201947319(530m) BS-n14201947318(670m) BS-n14201947320(688m),OSM登山ルート: 天園ハイキングコース,provisional,30,名称未確認、登山道が道路を横断する地点（途中の入口の可能性）、近くの道路にゲートあり（車両通行止め・季節閉鎖の可能性）、公式情報または2情報源での確認が必要,"OpenStreetMap（© OpenStreetMap contributors, ODbL 1.0）Geofabrik japan-latest.osm.pbf 2026-09-23T20:22:04Z node/7875410444（登山道と道路の接続点）",
TH-n837934989,trailhead,（名称未確認）金精峠付近,36.8167906,139.3979605,WGS84,228 243,鬼怒沼山、日光白根山,関東百名山|日本百名山|日本二百名山|日本三百名山,,峠（道路との接続）,鬼怒沼山:13.15km 日光白根山:4.68km,PK-w416446309(28m),,provisional,30,名称未確認、公式情報または2情報源での確認が必要,"OpenStreetMap（© OpenStreetMap contributors, ODbL 1.0）Geofabrik japan-latest.osm.pbf 2026-09-23T20:22:04Z node/837934989（登山道と道路の接続点）",
TH-n8415403962,trailhead,民宿 おかべ,35.8034752,139.1746328,WGS84,376 381,棒ノ嶺、岩茸石山,関東百名山,OSM登山道「神路橋」,施設（山小屋・宿・キャンプ場）からの入口,棒ノ嶺:8.59km 岩茸石山:4.14km,PK-w973526190(37m) PK-w972327477(187m) PK-w152827871(223m) BS-kP11-22-13-bs315(151m) BS-kP11-22-13-bs315(151m) BS-kP11-22-13-bs363(613m),OSM登山ルート: KFT - TK6 - Sugi no kokage no michi,provisional,15,近くの道路にゲートあり（車両通行止め・季節閉鎖の可能性）、公式情報または2情報源での確認が必要,"OpenStreetMap（© OpenStreetMap contributors, ODbL 1.0）Geofabrik japan-latest.osm.pbf 2026-09-23T20:22:04Z node/8415403962",
TH-n8442139327,trailhead,（名称未確認）,36.8415307,138.9522306,WGS84,229 234 236 238,朝日岳、谷川岳、平標山、仙ノ倉山,日本三百名山|関東百名山|日本百名山|日本二百名山|甲信越百名山,,一般道（県道以上）との接続,朝日岳:14.18km 谷川岳:3.17km 平標山:14.04km 仙ノ倉山:12.26km,PK-n766785322(91m),,provisional,30,名称未確認、公式情報または2情報源での確認が必要,"OpenStreetMap（© OpenStreetMap contributors, ODbL 1.0）Geofabrik japan-latest.osm.pbf 2026-09-23T20:22:04Z node/8442139327（登山道と道路の接続点）",
TH-n8458050602,trailhead,（名称未確認）,36.3699594,139.4373004,WGS84,302,行道山,関東百名山,,一般道との接続,行道山:0.91km,PK-w1434970550(17m) PK-w1434992232(112m),,provisional,30,名称未確認、登山道が道路を横断する地点（途中の入口の可能性）、近くの道路にゲートあり（車両通行止め・季節閉鎖の可能性）、公式情報または2情報源での確認が必要,"OpenStreetMap（© OpenStreetMap contributors, ODbL 1.0）Geofabrik japan-latest.osm.pbf 2026-09-23T20:22:04Z node/8458050602（登山道と道路の接続点）",
TH-n8539065955,trailhead,日向大谷口（両神山登山口）,36.0284127,138.8787101,WGS84,349,両神山,日本百名山|日本二百名山|日本三百名山|関東百名山,日向大谷（表参道）コース,施設（山小屋・宿・キャンプ場）からの入口,両神山:4.68km,PK-n8539065923(31m) PK-n8539065921(66m) PK-n8539065922(69m) BS-n8558469252(61m),bus=小鹿野町営バス 日向大谷・三峰口線,adopted,15,"両神山（1,723m）は秩父多摩甲斐国立公園内の山。埼玉県が登山道の鎖や階段を整備しているが、急傾斜や冬期の凍結による危険箇所がある（小鹿野町・埼玉県）、日向大谷口へは小鹿野町営バスが運行。県道の通行止めでバスが迂回・運休することがある","OpenStreetMap（© OpenStreetMap contributors, ODbL 1.0）Geofabrik japan-latest.osm.pbf 2026-09-23T20:22:04Z node/8539065955 ｜ 公式情報: https://www.town.ogano.lg.jp/ryoukamisantop/ ｜ 公式情報: https://www.town.ogano.lg.jp/cms/wp-content/uploads/2021/03/jikokuhyou-hinataooya.pdf ｜ 公式情報: https://www.pref.saitama.lg.jp/b0504/tozanmap1.html",2026-09-20
TH-n8560640660,trailhead,（名称未確認）,36.5647213,139.4691481,WGS84,276,根本山,関東百名山,,一般道との接続,根本山:2.67km,,,candidate,30,名称未確認、公式情報または2情報源での確認が必要,"OpenStreetMap（© OpenStreetMap contributors, ODbL 1.0）Geofabrik japan-latest.osm.pbf 2026-09-23T20:22:04Z node/8560640660（登山道と道路の接続点）",
TH-n8700638611,trailhead,（名称未確認）野反峠バス停付近,36.6927862,138.6554214,WGS84,246 252,佐武流山、白砂山,日本二百名山|日本三百名山|関東百名山,,一般道（県道以上）との接続,佐武流山:12.68km 白砂山:7.3km,PK-w743793453(60m) PK-w939243048(170m) BS-kP11-22-10-bs204(12m),,provisional,30,名称未確認、登山道が道路を横断する地点（途中の入口の可能性）、公式情報または2情報源での確認が必要,"OpenStreetMap（© OpenStreetMap contributors, ODbL 1.0）Geofabrik japan-latest.osm.pbf 2026-09-23T20:22:04Z node/8700638611（登山道と道路の接続点）",
TH-n8901164320,trailhead,（名称未確認）,36.8162068,138.9546219,WGS84,234 236 238,谷川岳、平標山、仙ノ倉山,日本百名山|日本二百名山|日本三百名山|関東百名山|甲信越百名山,,索道駅（ロープウェイ・ゴンドラ）,谷川岳:3.9km 平標山:14.69km 仙ノ倉山:12.91km,,,provisional,15,名称未確認、公式情報または2情報源での確認が必要,"OpenStreetMap（© OpenStreetMap contributors, ODbL 1.0）Geofabrik japan-latest.osm.pbf 2026-09-23T20:22:04Z node/8901164320",
TH-n9121359081,trailhead,（名称未確認）,35.2562032,138.9734037,WGS84,516,金時山,日本三百名山|関東百名山,,一般道との接続,金時山:5.36km,PK-w986806774(63m),,provisional,30,名称未確認、近くの道路にゲートあり（車両通行止め・季節閉鎖の可能性）、公式情報または2情報源での確認が必要,"OpenStreetMap（© OpenStreetMap contributors, ODbL 1.0）Geofabrik japan-latest.osm.pbf 2026-09-23T20:22:04Z node/9121359081（登山道と道路の接続点）",
TH-n9152344607,trailhead,（名称未確認）,35.3401462,139.0537204,WGS84,506,矢倉岳,関東百名山,,一般道との接続,矢倉岳:3.56km,PK-w991389667(157m) PK-w991389666(258m),,provisional,30,名称未確認、近くの道路にゲートあり（車両通行止め・季節閉鎖の可能性）、公式情報または2情報源での確認が必要,"OpenStreetMap（© OpenStreetMap contributors, ODbL 1.0）Geofabrik japan-latest.osm.pbf 2026-09-23T20:22:04Z node/9152344607（登山道と道路の接続点）",
TH-n9202131258,trailhead,（名称未確認）股峠付近,36.0703164,138.8673,WGS84,342,二子山,関東百名山,,峠（道路との接続）,二子山:0.33km,,,candidate,30,名称未確認、公式情報または2情報源での確認が必要,"OpenStreetMap（© OpenStreetMap contributors, ODbL 1.0）Geofabrik japan-latest.osm.pbf 2026-09-23T20:22:04Z node/9202131258（登山道と道路の接続点）",
TH-n9289109673,trailhead,（名称未確認）幕山公園バス停付近,35.167735,139.087509,WGS84,557,幕山,関東百名山,,道路の終点付近,幕山:1.6km,PK-w1371167468(188m) PK-w1371167470(373m) BS-kP11-22-14-bs10542(355m) BS-kP11-22-14-bs10545(682m),,provisional,30,名称未確認、近くの道路にゲートあり（車両通行止め・季節閉鎖の可能性）、林道からの入口（マイカー進入可否を要確認）、公式情報または2情報源での確認が必要,"OpenStreetMap（© OpenStreetMap contributors, ODbL 1.0）Geofabrik japan-latest.osm.pbf 2026-09-23T20:22:04Z node/9289109673（登山道と道路の接続点）",
TH-n9325891669,trailhead,山伏峠,35.9318155,139.1522213,WGS84,357 360 362,武甲山、武川岳、伊豆ヶ岳,日本二百名山|日本三百名山|関東百名山,,峠（道路との接続）,武甲山:8.4km 武川岳:2.5km 伊豆ヶ岳:1.03km,,,adopted,30,登山道が道路を横断する地点（途中の入口の可能性）,"OpenStreetMap（© OpenStreetMap contributors, ODbL 1.0）Geofabrik japan-latest.osm.pbf 2026-09-23T20:22:04Z node/9325891669（登山道と道路の接続点） ｜ 国土地理院 地名検索「山伏峠」（35.930741, 139.152210、JGD2011、119m差）2026-09-20確認",2026-09-20
TH-n935818265,trailhead,大滝荘 たけだ,35.4196855,139.2557714,WGS84,465,大山,日本三百名山|関東百名山,OSM登山道「大山林道」,施設（山小屋・宿・キャンプ場）からの入口,大山:5.87km,PK-w1292066632(227m) BS-kP11-22-14-bs5955(28m) BS-kP11-22-14-bs5955(28m) BS-kP11-22-14-bs5913(236m),,provisional,15,近くの道路にゲートあり（車両通行止め・季節閉鎖の可能性）、公式情報または2情報源での確認が必要,"OpenStreetMap（© OpenStreetMap contributors, ODbL 1.0）Geofabrik japan-latest.osm.pbf 2026-09-23T20:22:04Z node/935818265",
TH-n9570413360,trailhead,大川原入口,35.5427388,139.1236457,WGS84,453 456 457 461,蛭ヶ岳、檜洞丸、丹沢山、塔ノ岳,関東百名山|日本百名山|日本二百名山|日本三百名山,OSM登山道「林道上青根線」,駐車場・バス停（林道・車道を経由して登山道へ）,蛭ヶ岳:8.17km 檜洞丸:12.49km 丹沢山:11.6km 塔ノ岳:14.25km,PK-w1558278669(329m) PK-n13198352135(341m) PK-w1450732385(344m) BS-kP11-22-14-bs2053(14m) BS-kP11-22-14-bs1994(298m) BS-kP11-22-14-bs2030(391m),,provisional,15,近くの道路にゲートあり（車両通行止め・季節閉鎖の可能性）、林道からの入口（マイカー進入可否を要確認）、公式情報または2情報源での確認が必要,"OpenStreetMap（© OpenStreetMap contributors, ODbL 1.0）Geofabrik japan-latest.osm.pbf 2026-09-23T20:22:04Z node/9570413360 ｜ OpenStreetMap（© OpenStreetMap contributors, ODbL 1.0）Geofabrik japan-latest.osm.pbf 2026-09-23T20:22:04Z node/7691340080（登山道と道路の接続点）",
TH-n9749381278,trailhead,大井下,35.090322,139.9712112,WGS84,582,御殿山,関東百名山,,駐車場・バス停（林道・車道を経由して登山道へ）,御殿山:2.84km,BS-kP11-22-12-bs10603(14m) BS-kP11-22-12-bs10593(248m) BS-kP11-22-12-bs10594(248m),,provisional,15,林道からの入口（マイカー進入可否を要確認）、公式情報または2情報源での確認が必要,"OpenStreetMap（© OpenStreetMap contributors, ODbL 1.0）Geofabrik japan-latest.osm.pbf 2026-09-23T20:22:04Z node/9749381278 ｜ OpenStreetMap（© OpenStreetMap contributors, ODbL 1.0）Geofabrik japan-latest.osm.pbf 2026-09-23T20:22:04Z node/1386821036（登山道と道路の接続点）",
TH-n9929390905,trailhead,みどりが丘,35.361043,139.5820612,WGS84,503,天園,関東百名山,,駐車場・バス停（林道・車道を経由して登山道へ）,天園:4.57km,PK-w1085230058(25m) PK-w1085571876(90m) PK-w1085571906(126m) BS-kP11-22-14-bs7787(31m) BS-kP11-22-14-bs7844(215m) BS-kP11-22-14-bs7844(215m),OSM登山ルート: 光明寺-梅沢山ルート,provisional,15,近くの道路にゲートあり（車両通行止め・季節閉鎖の可能性）、公式情報または2情報源での確認が必要,"OpenStreetMap（© OpenStreetMap contributors, ODbL 1.0）Geofabrik japan-latest.osm.pbf 2026-09-23T20:22:04Z node/9929390905 ｜ OpenStreetMap（© OpenStreetMap contributors, ODbL 1.0）Geofabrik japan-latest.osm.pbf 2026-09-23T20:22:04Z node/440696712（登山道と道路の接続点）",
TH-osm-n11939006363,trailhead,不死熊橋（根本山・熊鷹山登山口）,36.533969,139.436285,WGS84,276,根本山,関東百名山,,登山記録で広く使われている登山口,,PK-n11939006363(0m),,provisional,150,,"OpenStreetMap（© OpenStreetMap contributors, ODbL 1.0）node/11939006363（駐車場、capacity=20・fee=no）、国土地理院の標高566.3m 2026-09-24確認 ｜ 登山記録で広く使われている登山口（登山記録・登山情報サイトで名称と利用を確認。公式情報では未確認） 2026-09-24確認",
TH-osm-n2337907511,trailhead,鴨沢（雲取山 鴨沢コース起点）,35.779767,138.984442,WGS84,377,雲取山,日本百名山|日本二百名山|日本三百名山|関東百名山,鴨沢コース,登山記録で広く使われている登山口,,PK-w519572598(27m) PK-w373903560(466m) BS-kP11-22-19-bs314(14m) BS-kP11-22-19-bs314(14m) BS-kP11-22-19-bs310(150m),,provisional,30,,"OpenStreetMap（© OpenStreetMap contributors, ODbL 1.0）node/2337907511（バス停「鴨沢」） 2026-09-25確認 ｜ 登山記録で広く使われている登山口（登山記録・登山情報サイトで名称と利用を確認。公式情報では未確認） 2026-09-25確認",
TH-osm-n2876922001,trailhead,川乗橋（川苔山登山口）,35.8317575,139.0763244,WGS84,378,川苔山,関東百名山,,登山記録で広く使われている登山口,,BS-kP11-22-13-bs151(7m) BS-kP11-22-13-bs151(7m) BS-kP11-22-13-bs156(246m),,provisional,30,川乗林道は2026年7月2日から通行可（奥多摩ビジターセンター、2026年9月10日更新）,"OpenStreetMap（© OpenStreetMap contributors, ODbL 1.0）node/2876922001（バス停「川乗橋」） ｜ 登山記録で広く使われている登山口（登山記録・登山情報サイトで名称と利用を確認。公式情報では未確認） 2026-09-25確認",
TH-osm-n4351266486,trailhead,JR軍畑駅（高水三山の起点）,35.8076389,139.2076788,WGS84,381,岩茸石山,関東百名山,,公式情報による登山口,,BS-kP11-22-13-bs261(204m) BS-kP11-22-13-bs261(204m) BS-kP11-22-13-bs261(204m),course=軍畑駅から平溝橋分岐約15分、高源寺入口約15分、常福院不動堂約60分、高水山山頂約5分、岩茸石山山頂約35分。惣岳山を経てJR御嶽駅まで全体で約4時間（青梅市観光協会）,adopted,30,,"OpenStreetMap（© OpenStreetMap contributors, ODbL 1.0）node/4351266486（軍畑駅） ｜ 公式情報: https://www.omekanko.gr.jp/course/takamizu-mountain-hiking/",2026-09-25
TH-osm-n4914197868,trailhead,清東橋（棒ノ折山 奥多摩側の起点）,35.8437203,139.1538325,WGS84,376,棒ノ嶺,関東百名山,,登山記録で広く使われている登山口,,BS-kP11-22-13-bs124(5m) BS-kP11-22-13-bs124(5m) BS-kP11-22-13-bs128(347m),,provisional,30,奥茶屋から山頂は通行可（奥多摩ビジターセンター、2026年9月10日更新）,"OpenStreetMap（© OpenStreetMap contributors, ODbL 1.0）node/4914197868（バス停「清東橋」） ｜ 登山記録で広く使われている登山口（登山記録・登山情報サイトで名称と利用を確認。公式情報では未確認） 2026-09-25確認",
TH-osm-n8244080366,trailhead,JR谷峨駅（大野山の起点）,35.365538,139.0385217,WGS84,489,大野山,関東百名山,,公式情報による登山口,,BS-kP11-22-14-bs7626(26m) BS-kP11-22-14-bs7626(26m) BS-kP11-22-14-bs7695(563m),course=谷峨駅～大野山（往復）約3時間40分。地蔵岩コース経由で山北駅への周回も可能（神奈川県公園協会）,adopted,30,大野山コースは「通行注意」とされている（神奈川県公園協会）,"OpenStreetMap（© OpenStreetMap contributors, ODbL 1.0）node/8244080366（谷峨駅） ｜ 公式情報: https://www.kanagawa-park.or.jp/tanzawavc/course.html",2026-09-25
TH-osm-n9908319286,trailhead,大楠登山口バス停（大楠山 阿部倉コース）,35.263253,139.6356622,WGS84,529,大楠山,関東百名山,,登山記録で広く使われている登山口,,BS-kP11-22-14-bs9944(33m) BS-kP11-22-14-bs9932(351m) BS-kP11-22-14-bs9932(351m),,provisional,30,大楠山には駐車場がない（横須賀集客促進・魅力発信実行委員会）,"OpenStreetMap（© OpenStreetMap contributors, ODbL 1.0）node/9908319286（バス停「大楠登山口」） ｜ 登山記録で広く使われている登山口（登山記録・登山情報サイトで名称と利用を確認。公式情報では未確認） 2026-09-25確認",
TH-osm-w1426216293,trailhead,庚申山登山口駐車場（銀山平）,36.655609,139.40695,WGS84,259,皇海山,日本百名山|日本二百名山|日本三百名山|関東百名山,庚申山（銀山平）コース,登山記録で広く使われている登山口,,PK-w1426216293(0m),,provisional,50,,"OpenStreetMap（© OpenStreetMap contributors, ODbL 1.0）way/1426216293（駐車場「庚申山登山口駐車場」access=yes・fee=no） 2026-09-25確認 ｜ 登山記録で広く使われている登山口（登山記録・登山情報サイトで名称と利用を確認。公式情報では未確認） 2026-09-25確認",
TH-osm-w515718207,trailhead,武尊牧場キャンプ場（武尊山 武尊牧場コース）,36.809444,139.190106,WGS84,241,武尊山,日本百名山|日本二百名山|日本三百名山|関東百名山,武尊牧場コース,登山記録で広く使われている登山口,,,,provisional,150,,"OpenStreetMap（© OpenStreetMap contributors, ODbL 1.0）way/515718207（武尊牧場キャンプ場） 2026-09-25確認 ｜ 登山記録で広く使われている登山口（登山記録・登山情報サイトで名称と利用を確認。公式情報では未確認） 2026-09-25確認",
TH-osm-w623051654,trailhead,塩水橋（丹沢山 天王寺尾根）,35.481371,139.204376,WGS84,457,丹沢山,日本百名山|日本二百名山|日本三百名山,塩水橋（天王寺尾根）コース,登山記録で広く使われている登山口,,,,provisional,100,,"OpenStreetMap（© OpenStreetMap contributors, ODbL 1.0）way/623051654（塩水橋） 2026-09-25確認 ｜ 登山記録で広く使われている登山口（登山記録・登山情報サイトで名称と利用を確認。公式情報では未確認） 2026-09-25確認",
TH-w1086605963,trailhead,天狗山第1駐車場,36.6267274,138.5852029,WGS84,264,草津白根山,日本百名山|日本二百名山|日本三百名山|関東百名山,,駐車場・バス停（林道・車道を経由して登山道へ）,草津白根山:7.09km,PK-w1086605963(0m) PK-w1086605964(161m) PK-w961313797(272m) BS-kP11-22-10-bs529(35m) BS-kP11-22-10-bs513(278m) BS-kP11-22-10-bs514(278m),,provisional,15,近くの道路にゲートあり（車両通行止め・季節閉鎖の可能性）、林道からの入口（マイカー進入可否を要確認）、公式情報または2情報源での確認が必要,"OpenStreetMap（© OpenStreetMap contributors, ODbL 1.0）Geofabrik japan-latest.osm.pbf 2026-09-23T20:22:04Z way/1086605963 ｜ OpenStreetMap（© OpenStreetMap contributors, ODbL 1.0）Geofabrik japan-latest.osm.pbf 2026-09-23T20:22:04Z node/1942113750（登山道と道路の接続点）",
TH-w1126412466,trailhead,第2駐車場,35.6021764,139.2013188,WGS84,430,石老山,関東百名山,,駐車場・バス停（林道・車道を経由して登山道へ）,石老山:2.57km,PK-w1126412466(0m) PK-w1126412467(151m) PK-w256113556(176m) BS-kP11-22-14-bs378(190m) BS-kP11-22-14-bs379(190m) BS-kP11-22-14-bs380(190m),,provisional,15,近くの道路にゲートあり（車両通行止め・季節閉鎖の可能性）、林道からの入口（マイカー進入可否を要確認）、公式情報または2情報源での確認が必要,"OpenStreetMap（© OpenStreetMap contributors, ODbL 1.0）Geofabrik japan-latest.osm.pbf 2026-09-23T20:22:04Z way/1126412466 ｜ OpenStreetMap（© OpenStreetMap contributors, ODbL 1.0）Geofabrik japan-latest.osm.pbf 2026-09-23T20:22:04Z node/1654495637（登山道と道路の接続点）",
TH-w1175012984,trailhead,伊勢原市営大山第2駐車場,35.4246179,139.2490316,WGS84,465,大山,日本三百名山|関東百名山,,駐車場・バス停（林道・車道を経由して登山道へ）,大山:3.03km,PK-w1175012984(0m) PK-w1454073927(60m) PK-w1492119812(164m) BS-kP11-22-14-bs5852(74m) BS-kP11-22-14-bs5871(259m) BS-kP11-22-14-bs5871(259m),OSM登山ルート: こま参道,provisional,15,近くの道路にゲートあり（車両通行止め・季節閉鎖の可能性）、公式情報または2情報源での確認が必要,"OpenStreetMap（© OpenStreetMap contributors, ODbL 1.0）Geofabrik japan-latest.osm.pbf 2026-09-23T20:22:04Z way/1175012984 ｜ OpenStreetMap（© OpenStreetMap contributors, ODbL 1.0）Geofabrik japan-latest.osm.pbf 2026-09-23T20:22:04Z node/10921770439（登山道と道路の接続点）",
TH-w1215538128,trailhead,Urami Falls Parking Lot,36.7540591,139.5606895,WGS84,240,女峰山,日本二百名山|日本三百名山|関東百名山,,駐車場・バス停（林道・車道を経由して登山道へ）,女峰山:8.19km,PK-w1215538128(0m),,provisional,15,近くの道路にゲートあり（車両通行止め・季節閉鎖の可能性）、公式情報または2情報源での確認が必要,"OpenStreetMap（© OpenStreetMap contributors, ODbL 1.0）Geofabrik japan-latest.osm.pbf 2026-09-23T20:22:04Z way/1215538128 ｜ OpenStreetMap（© OpenStreetMap contributors, ODbL 1.0）Geofabrik japan-latest.osm.pbf 2026-09-23T20:22:04Z node/1993102427（登山道と道路の接続点）",
TH-w1422608873,trailhead,山月 駐車場,36.8065042,139.424276,WGS84,243,日光白根山,日本百名山|日本二百名山|日本三百名山|関東百名山,OSM登山道「中津曽根コース」,駐車場・バス停（林道・車道を経由して登山道へ）,日光白根山:5.96km,PK-w1422608873(0m) PK-w1422608878(32m) PK-w1422608872(63m) BS-kP11-22-09-bs765(149m) BS-kP11-22-09-bs766(149m) BS-kP11-22-09-bs769(208m),,provisional,15,林道からの入口（マイカー進入可否を要確認）、公式情報または2情報源での確認が必要,"OpenStreetMap（© OpenStreetMap contributors, ODbL 1.0）Geofabrik japan-latest.osm.pbf 2026-09-23T20:22:04Z way/1422608873 ｜ OpenStreetMap（© OpenStreetMap contributors, ODbL 1.0）Geofabrik japan-latest.osm.pbf 2026-09-23T20:22:04Z node/1993910490（登山道と道路の接続点）",
TH-w1426472128,trailhead,高尾登山電鉄,35.6311031,139.2668678,WGS84,416 422,陣馬山、高尾山,関東百名山,OSM登山道「稲荷山コース」、OSM登山道「稲荷山線歩道」,索道駅（ロープウェイ・ゴンドラ）,陣馬山:13.08km 高尾山:3.03km,PK-w1452810925(104m) PK-w1385531132(282m) PK-w216497335(421m) BS-kP11-22-13-bs10678(346m) BS-kP11-22-13-bs10464(365m) BS-kP11-22-13-bs10465(365m),OSM登山ルート: 稲荷山コース,adopted,15,近くの道路にゲートあり（車両通行止め・季節閉鎖の可能性）,"OpenStreetMap（© OpenStreetMap contributors, ODbL 1.0）Geofabrik japan-latest.osm.pbf 2026-09-23T20:22:04Z way/1426472128（索道の端点 node/13113047758） ｜ 国土地理院 地名検索「高尾山口駅」（35.632209, 139.269844、JGD2011、296m差）2026-09-20確認",2026-09-20
TH-w1426472158,trailhead,高尾登山電鉄,35.6311055,139.2607058,WGS84,416 422,陣馬山、高尾山,関東百名山,,索道駅（ロープウェイ・ゴンドラ）,陣馬山:12.5km 高尾山:2.42km,PK-w1452810925(455m) BS-kP11-22-13-bs10678(694m) BS-kP11-22-13-bs10464(894m) BS-kP11-22-13-bs10465(894m),OSM登山ルート: 自然研究路6号路,provisional,15,近くの道路にゲートあり（車両通行止め・季節閉鎖の可能性）、公式情報または2情報源での確認が必要,"OpenStreetMap（© OpenStreetMap contributors, ODbL 1.0）Geofabrik japan-latest.osm.pbf 2026-09-23T20:22:04Z way/1426472158（索道の端点 node/13113047910） ｜ 国土地理院 地名検索「高尾登山電鉄」（35.631462, 139.258834、JGD2011、174m差）2026-09-20確認",2026-09-20
TH-w1456627918,trailhead,西丹沢大滝キャンプ場専用駐車場,35.4555308,139.0524363,WGS84,443 456,大室山、檜洞丸,関東百名山,,駐車場・バス停（林道・車道を経由して登山道へ）,大室山:11.28km 檜洞丸:16.43km,PK-w1456627918(0m) BS-kP11-22-14-bs4865(102m) BS-kP11-22-14-bs4794(266m) BS-kP11-22-14-bs4773(503m),,provisional,15,林道からの入口（マイカー進入可否を要確認）、公式情報または2情報源での確認が必要,"OpenStreetMap（© OpenStreetMap contributors, ODbL 1.0）Geofabrik japan-latest.osm.pbf 2026-09-23T20:22:04Z way/1456627918 ｜ OpenStreetMap（© OpenStreetMap contributors, ODbL 1.0）Geofabrik japan-latest.osm.pbf 2026-09-23T20:22:04Z node/1512978413（登山道と道路の接続点）",
TH-w1458424116,trailhead,枯木ペアリフト,36.9129778,139.7570206,WGS84,226,高原山,日本三百名山|関東百名山,,索道駅（ロープウェイ・ゴンドラ）,高原山:2.54km,,,provisional,15,公式情報または2情報源での確認が必要,"OpenStreetMap（© OpenStreetMap contributors, ODbL 1.0）Geofabrik japan-latest.osm.pbf 2026-09-23T20:22:04Z way/1458424116（索道の端点 node/13375408944）",
TH-w1459216234,trailhead,第3駐車場,35.4470362,139.2909975,WGS84,465,大山,日本三百名山|関東百名山,OSM登山道「日向薬師ハイキングコース」,駐車場・バス停（林道・車道を経由して登山道へ）,大山:6.92km,PK-w1459216234(0m) PK-w1459216233(46m) PK-w1459216232(71m) BS-kP11-22-14-bs5087(108m) BS-kP11-22-14-bs5083(232m) BS-kP11-22-14-bs5083(232m),,provisional,15,近くの道路にゲートあり（車両通行止め・季節閉鎖の可能性）、公式情報または2情報源での確認が必要,"OpenStreetMap（© OpenStreetMap contributors, ODbL 1.0）Geofabrik japan-latest.osm.pbf 2026-09-23T20:22:04Z way/1459216234 ｜ OpenStreetMap（© OpenStreetMap contributors, ODbL 1.0）Geofabrik japan-latest.osm.pbf 2026-09-23T20:22:04Z node/2466671958（登山道と道路の接続点）",
TH-w1481993948,trailhead,秋川モアパーキングⅡ,35.7257631,139.2174357,WGS84,413,生藤山,関東百名山,,駐車場・バス停（林道・車道を経由して登山道へ）,生藤山:14.71km,PK-w1481993948(0m) PK-w1383124354(135m) BS-kP11-22-13-bs3776(258m) BS-kP11-22-13-bs3776(258m) BS-kP11-22-13-bs3809(342m),,provisional,15,近くの道路にゲートあり（車両通行止め・季節閉鎖の可能性）、公式情報または2情報源での確認が必要,"OpenStreetMap（© OpenStreetMap contributors, ODbL 1.0）Geofabrik japan-latest.osm.pbf 2026-09-23T20:22:04Z way/1481993948 ｜ OpenStreetMap（© OpenStreetMap contributors, ODbL 1.0）Geofabrik japan-latest.osm.pbf 2026-09-23T20:22:04Z node/2278355346（登山道と道路の接続点）",
TH-w1486752465,trailhead,大山ケーブル（大山阿夫利神社）,35.4281363,139.2437006,WGS84,465,大山,日本三百名山|関東百名山,OSM登山道「男坂」、OSM登山道「雲井橋」,索道駅（ロープウェイ・ゴンドラ）,大山:2.58km,PK-w1492119812(469m) BS-kP11-22-14-bs5852(693m) BS-kP11-22-14-bs5871(879m) BS-kP11-22-14-bs5871(879m),OSM登山ルート: こま参道、男坂,adopted,15,近くの道路にゲートあり（車両通行止め・季節閉鎖の可能性）、大山阿夫利神社下社まではケーブルカーを利用できる。下社から山頂へは本格的な登山（文化庁 日本遺産）,"OpenStreetMap（© OpenStreetMap contributors, ODbL 1.0）Geofabrik japan-latest.osm.pbf 2026-09-23T20:22:04Z way/1486752465（索道の端点 node/12909695228） ｜ 公式情報: https://japan-heritage.bunka.go.jp/ja/special/meguri/isehara/",2026-09-20
TH-w1539045487,trailhead,光徳駐車場,36.7964475,139.4544789,WGS84,237,太郎山,日本三百名山|関東百名山,,駐車場・バス停（林道・車道を経由して登山道へ）,太郎山:4.81km,PK-w1539045487(0m) PK-w1148831209(57m) PK-w1536036805(109m) BS-kP11-22-09-bs779(84m) BS-kP11-22-09-bs778(86m) BS-kP11-22-09-bs781(386m),,provisional,15,近くの道路にゲートあり（車両通行止め・季節閉鎖の可能性）、公式情報または2情報源での確認が必要,"OpenStreetMap（© OpenStreetMap contributors, ODbL 1.0）Geofabrik japan-latest.osm.pbf 2026-09-23T20:22:04Z way/1539045487 ｜ OpenStreetMap（© OpenStreetMap contributors, ODbL 1.0）Geofabrik japan-latest.osm.pbf 2026-09-23T20:22:04Z node/14014559291（登山道と道路の接続点）",
TH-w1540156927,trailhead,タイムズ,36.3699033,138.6568316,WGS84,293,鼻曲山,関東百名山,OSM登山道「和宮道」、OSM登山道「旧中山道」,駐車場・バス停（林道・車道を経由して登山道へ）,鼻曲山:9.39km,PK-w1540156927(0m) PK-w1540156926(67m) BS-kP11-22-20-bs3607(71m),OSM登山ルート: 中山道,provisional,15,林道からの入口（マイカー進入可否を要確認）、公式情報または2情報源での確認が必要,"OpenStreetMap（© OpenStreetMap contributors, ODbL 1.0）Geofabrik japan-latest.osm.pbf 2026-09-23T20:22:04Z way/1540156927 ｜ OpenStreetMap（© OpenStreetMap contributors, ODbL 1.0）Geofabrik japan-latest.osm.pbf 2026-09-23T20:22:04Z node/12865793156（登山道と道路の接続点）",
TH-w223583522,trailhead,稱讃寺駐車場,35.6674062,139.2636519,WGS84,416,陣馬山,関東百名山,,駐車場・バス停（林道・車道を経由して登山道へ）,陣馬山:13.47km,PK-w223583522(0m) PK-w660878735(19m) PK-w223558007(22m) BS-kP11-22-13-bs8257(192m) BS-kP11-22-13-bs8257(192m) BS-kP11-22-13-bs8257(192m),,provisional,15,近くの道路にゲートあり（車両通行止め・季節閉鎖の可能性）、公式情報または2情報源での確認が必要,"OpenStreetMap（© OpenStreetMap contributors, ODbL 1.0）Geofabrik japan-latest.osm.pbf 2026-09-23T20:22:04Z way/223583522 ｜ OpenStreetMap（© OpenStreetMap contributors, ODbL 1.0）Geofabrik japan-latest.osm.pbf 2026-09-23T20:22:04Z node/1457071838（登山道と道路の接続点）",
TH-w236177752,trailhead,寒山寺駐車場,35.8027422,139.1948927,WGS84,376 381,棒ノ嶺、岩茸石山,関東百名山,,駐車場・バス停（林道・車道を経由して登山道へ）,棒ノ嶺:10.07km 岩茸石山:5.62km,PK-w236177752(0m) PK-w972330066(390m) BS-kP11-22-13-bs309(103m) BS-kP11-22-13-bs309(103m) BS-kP11-22-13-bs308(195m),,provisional,15,近くの道路にゲートあり（車両通行止め・季節閉鎖の可能性）、公式情報または2情報源での確認が必要,"OpenStreetMap（© OpenStreetMap contributors, ODbL 1.0）Geofabrik japan-latest.osm.pbf 2026-09-23T20:22:04Z way/236177752 ｜ OpenStreetMap（© OpenStreetMap contributors, ODbL 1.0）Geofabrik japan-latest.osm.pbf 2026-09-23T20:22:04Z node/1595007868（登山道と道路の接続点） ｜ 国土地理院 地名検索「青梅警察署沢井駐在所」（35.804430, 139.195121、JGD2011、188m差）2026-09-20確認",2026-09-20
TH-w252398431,trailhead,大岳鍾乳洞駐車場,35.7622955,139.1559435,WGS84,387 394 396,御岳山、御前山、大岳山,関東百名山|日本二百名山|日本三百名山,,駐車場・バス停（林道・車道を経由して登山道へ）,御岳山:6.85km 御前山:9.35km 大岳山:3.64km,PK-w252398431(0m),,provisional,15,近くの道路にゲートあり（車両通行止め・季節閉鎖の可能性）、林道からの入口（マイカー進入可否を要確認）、公式情報または2情報源での確認が必要,"OpenStreetMap（© OpenStreetMap contributors, ODbL 1.0）Geofabrik japan-latest.osm.pbf 2026-09-23T20:22:04Z way/252398431 ｜ OpenStreetMap（© OpenStreetMap contributors, ODbL 1.0）Geofabrik japan-latest.osm.pbf 2026-09-23T20:22:04Z node/1480217753（登山道と道路の接続点）",
TH-w258901933,trailhead,八王子城跡駐車場,35.6554205,139.2606604,WGS84,416 422,陣馬山、高尾山,関東百名山,OSM登山道「新道」、OSM登山道「旧道」,駐車場・バス停（林道・車道を経由して登山道へ）,陣馬山:11.57km 高尾山:10.8km,PK-w258901933(0m) PK-w305657806(75m) BS-kP11-22-13-bs9132(144m) BS-kP11-22-13-bs8993(727m) BS-kP11-22-13-bs8993(727m),,provisional,15,近くの道路にゲートあり（車両通行止め・季節閉鎖の可能性）、公式情報または2情報源での確認が必要,"OpenStreetMap（© OpenStreetMap contributors, ODbL 1.0）Geofabrik japan-latest.osm.pbf 2026-09-23T20:22:04Z way/258901933 ｜ OpenStreetMap（© OpenStreetMap contributors, ODbL 1.0）Geofabrik japan-latest.osm.pbf 2026-09-23T20:22:04Z node/1457024306（登山道と道路の接続点）",
TH-w33077826,trailhead,大涌谷駅（箱根ロープウェイ）,35.2443742,139.0190673,WGS84,536,箱根山,日本三百名山|関東百名山,,索道駅（ロープウェイ・ゴンドラ）,箱根山:1.67km,PK-w1342517829(48m) PK-w1342517828(73m) PK-w1342517823(111m) BS-kP11-22-14-bs10202(140m) BS-kP11-22-14-bs10202(140m) BS-kP11-22-14-bs10125(589m),,adopted,15,近くの道路にゲートあり（車両通行止め・季節閉鎖の可能性）、大涌谷は箱根山・神山方面の起点。火山活動により大涌谷周辺や神山への登山道が規制されることがある、入山前に箱根町・神奈川県と気象庁の火山情報を確認すること、国土地理院の地名「大涌谷駅」とOSMの索道の地物の位置が一致（独立した2情報源）,"OpenStreetMap（© OpenStreetMap contributors, ODbL 1.0）Geofabrik japan-latest.osm.pbf 2026-09-23T20:22:04Z way/33077826（索道の端点 node/9927349202） ｜ 国土地理院 地名検索「大涌谷駅」（35.244351, 139.020358、JGD2011、117m差）2026-09-20確認",2026-09-20
TH-w34014835,trailhead,筑波山神社（筑波山ケーブルカー宮脇駅）,36.2146042,140.1001185,WGS84,326,筑波山,日本百名山|日本二百名山|日本三百名山|関東百名山,OSM登山道「御幸ヶ原コース」、OSM登山道「白雲橋コース」,索道駅（ロープウェイ・ゴンドラ）,筑波山:1.56km,PK-w1123456500(59m) PK-w1173034761(135m) PK-w1123456501(137m) BS-kP11-22-08-bs3506(327m) BS-kP11-22-08-bs3504(455m) BS-kP11-22-08-bs3504(455m),OSM登山ルート: KFT - I11 - Tukuba santyou meguri kara kyuu sandou he no michi,adopted,15,近くの道路にゲートあり（車両通行止め・季節閉鎖の可能性）,"OpenStreetMap（© OpenStreetMap contributors, ODbL 1.0）Geofabrik japan-latest.osm.pbf 2026-09-23T20:22:04Z way/34014835（索道の端点 node/389743340） ｜ 国土地理院 地名検索「宮脇駅」（36.214646, 140.098107、JGD2011、181m差）2026-09-20確認 ｜ 公式情報: https://www.city.tsukuba.lg.jp/soshikikarasagasu/keizaibukankosuishinka/gyomuannai/3/3/1001419.html",2026-09-20
TH-w34014835-2,trailhead,筑波山ケーブルカー,36.2258428,140.1008194,WGS84,326,筑波山,日本百名山|日本二百名山|日本三百名山|関東百名山,,索道駅（ロープウェイ・ゴンドラ）,筑波山:0.55km,,,provisional,15,公式情報または2情報源での確認が必要,"OpenStreetMap（© OpenStreetMap contributors, ODbL 1.0）Geofabrik japan-latest.osm.pbf 2026-09-23T20:22:04Z way/34014835（索道の端点 node/389738571） ｜ 国土地理院 地名検索「筑波山頂駅」（36.225677, 140.101268、JGD2011、44m差）2026-09-20確認",2026-09-20
TH-w367074479,trailhead,筑波山ケーブルカー,36.2206787,140.1046688,WGS84,326,筑波山,日本百名山|日本二百名山|日本三百名山|関東百名山,OSM登山道「御幸ヶ原コース」,索道駅（ロープウェイ・ゴンドラ）,筑波山:0.67km,,OSM登山ルート: KFT - I11 - Tukuba santyou meguri kara kyuu sandou he no michi,provisional,15,近くの道路にゲートあり（車両通行止め・季節閉鎖の可能性）、公式情報または2情報源での確認が必要,"OpenStreetMap（© OpenStreetMap contributors, ODbL 1.0）Geofabrik japan-latest.osm.pbf 2026-09-23T20:22:04Z way/367074479（索道の端点 node/3525137589） ｜ 国土地理院 地名検索「筑波山ケーブルカー」（36.221018, 140.104107、JGD2011、63m差）2026-09-20確認",2026-09-20
TH-w389811953,trailhead,平群天神社（伊予ヶ岳登山口）,35.1006521,139.9178548,WGS84,580,伊予ヶ岳,関東百名山,,駐車場・バス停（林道・車道を経由して登山道へ）,伊予ヶ岳:1.03km,PK-w389811953(0m) BS-kP11-22-12-bs10556(108m) BS-kP11-22-12-bs10557(108m) BS-kP11-22-12-bs10558(247m),parking=平群天神社の隣「神照寺 観音堂」の前。駐車場近くにトイレ（南房総市）; access=JR内房線岩井駅からバスで十数分、市営路線バス富山線「天神郷」から徒歩5分（南房総市）; course=片道1時間ほど（南房総市）; OSM登山ルート: 伊予ヶ岳-富山,adopted,15,滑落事故が起きている。長袖長ズボンと山靴を勧めている（南房総市）,"OpenStreetMap（© OpenStreetMap contributors, ODbL 1.0）Geofabrik japan-latest.osm.pbf 2026-09-23T20:22:04Z way/389811953 ｜ OpenStreetMap（© OpenStreetMap contributors, ODbL 1.0）Geofabrik japan-latest.osm.pbf 2026-09-23T20:22:04Z node/1386859124（登山道と道路の接続点） ｜ 公式情報: https://www.mboso-etoko.jp/feature/mountain/",2026-09-25
TH-w412461990,trailhead,千ヶ滝駐車場,36.3817038,138.5764475,WGS84,295 296,浅間山、黒斑山,日本百名山|日本二百名山|日本三百名山|甲信越百名山|関東百名山,,駐車場・バス停（林道・車道を経由して登山道へ）,浅間山:7.63km 黒斑山:11.86km,PK-w412461990(0m) BS-kP11-22-20-bs3534(764m),,provisional,15,近くの道路にゲートあり（車両通行止め・季節閉鎖の可能性）、林道からの入口（マイカー進入可否を要確認）、公式情報または2情報源での確認が必要,"OpenStreetMap（© OpenStreetMap contributors, ODbL 1.0）Geofabrik japan-latest.osm.pbf 2026-09-23T20:22:04Z way/412461990 ｜ OpenStreetMap（© OpenStreetMap contributors, ODbL 1.0）Geofabrik japan-latest.osm.pbf 2026-09-23T20:22:04Z node/1618680680（登山道と道路の接続点）",
TH-w422887664,trailhead,七沢荘駐車場,35.4516151,139.2916847,WGS84,465,大山,日本三百名山|関東百名山,,駐車場・バス停（林道・車道を経由して登山道へ）,大山:7.2km,PK-w422887664(0m) PK-w422887662(41m) PK-w422887660(135m) BS-kP11-22-14-bs4901(187m) BS-kP11-22-14-bs4901(187m) BS-kP11-22-14-bs5047(253m),,provisional,15,近くの道路にゲートあり（車両通行止め・季節閉鎖の可能性）、林道からの入口（マイカー進入可否を要確認）、公式情報または2情報源での確認が必要,"OpenStreetMap（© OpenStreetMap contributors, ODbL 1.0）Geofabrik japan-latest.osm.pbf 2026-09-23T20:22:04Z way/422887664 ｜ OpenStreetMap（© OpenStreetMap contributors, ODbL 1.0）Geofabrik japan-latest.osm.pbf 2026-09-23T20:22:04Z node/5160585521（登山道と道路の接続点）",
TH-w438892180,trailhead,桐生が岡遊園地 動物園,36.4220726,139.3411538,WGS84,282,鳴神山,関東百名山,,駐車場・バス停（林道・車道を経由して登山道へ）,鳴神山:9.78km,PK-w438892180(0m) PK-w438892181(221m) PK-w1306287256(281m) BS-kP11-22-10-bs1808(21m) BS-kP11-22-10-bs1828(427m) BS-kP11-22-10-bs1845(496m),OSM登山ルート: KFT - G33 - Azumayama kara shizen kansatu no mori heno michi,provisional,15,近くの道路にゲートあり（車両通行止め・季節閉鎖の可能性）、林道からの入口（マイカー進入可否を要確認）、公式情報または2情報源での確認が必要,"OpenStreetMap（© OpenStreetMap contributors, ODbL 1.0）Geofabrik japan-latest.osm.pbf 2026-09-23T20:22:04Z way/438892180 ｜ OpenStreetMap（© OpenStreetMap contributors, ODbL 1.0）Geofabrik japan-latest.osm.pbf 2026-09-23T20:22:04Z node/1515362172（登山道と道路の接続点）",
TH-w439496840,trailhead,げんき村駐車場,35.9365499,139.1549576,WGS84,362,伊豆ヶ岳,関東百名山,,駐車場・バス停（林道・車道を経由して登山道へ）,伊豆ヶ岳:1.53km,PK-w439496840(0m),,provisional,15,近くの道路にゲートあり（車両通行止め・季節閉鎖の可能性）、林道からの入口（マイカー進入可否を要確認）、公式情報または2情報源での確認が必要,"OpenStreetMap（© OpenStreetMap contributors, ODbL 1.0）Geofabrik japan-latest.osm.pbf 2026-09-23T20:22:04Z way/439496840 ｜ OpenStreetMap（© OpenStreetMap contributors, ODbL 1.0）Geofabrik japan-latest.osm.pbf 2026-09-23T20:22:04Z node/3076426413（登山道と道路の接続点）",
TH-w446593237,trailhead,大間々駐車場(見晴園地),36.9006317,139.8174442,WGS84,226,高原山,日本三百名山|関東百名山,,駐車場・バス停（林道・車道を経由して登山道へ）,高原山:4.74km,PK-w446593237(0m),,provisional,15,公式情報または2情報源での確認が必要,"OpenStreetMap（© OpenStreetMap contributors, ODbL 1.0）Geofabrik japan-latest.osm.pbf 2026-09-23T20:22:04Z way/446593237 ｜ OpenStreetMap（© OpenStreetMap contributors, ODbL 1.0）Geofabrik japan-latest.osm.pbf 2026-09-23T20:22:04Z node/2082318509（登山道と道路の接続点）",
TH-w463206616,trailhead,タイムズ大塔宮前,35.3264765,139.5657062,WGS84,503,天園,関東百名山,,駐車場・バス停（林道・車道を経由して登山道へ）,天園:1.5km,PK-w463206616(0m) PK-w499561499(165m) PK-n2052453967(289m) BS-kP11-22-14-bs8935(87m) BS-kP11-22-14-bs8971(264m) BS-kP11-22-14-bs8971(264m),,provisional,15,近くの道路にゲートあり（車両通行止め・季節閉鎖の可能性）、公式情報または2情報源での確認が必要,"OpenStreetMap（© OpenStreetMap contributors, ODbL 1.0）Geofabrik japan-latest.osm.pbf 2026-09-23T20:22:04Z way/463206616 ｜ OpenStreetMap（© OpenStreetMap contributors, ODbL 1.0）Geofabrik japan-latest.osm.pbf 2026-09-23T20:22:04Z node/1791272116（登山道と道路の接続点）",
TH-w496653546,trailhead,小田急箱根鋼索線,35.2464695,139.035766,WGS84,536,箱根山,日本三百名山|関東百名山,,索道駅（ロープウェイ・ゴンドラ）,箱根山:3.18km,PK-w1416141538(40m) PK-w496651342(78m) PK-w775563580(255m) BS-kP11-22-14-bs10146(99m) BS-kP11-22-14-bs10158(100m) BS-kP11-22-14-bs10158(100m),,provisional,15,近くの道路にゲートあり（車両通行止め・季節閉鎖の可能性）、公式情報または2情報源での確認が必要,"OpenStreetMap（© OpenStreetMap contributors, ODbL 1.0）Geofabrik japan-latest.osm.pbf 2026-09-23T20:22:04Z way/496653546（索道の端点 node/2468390589） ｜ 国土地理院 地名検索「早雲山駅」（35.246200, 139.035609、JGD2011、33m差）2026-09-20確認",2026-09-20
TH-w505776560,trailhead,（名称未確認）,36.8033027,139.406392,WGS84,243,日光白根山,日本百名山|日本二百名山|日本三百名山|関東百名山,,索道駅（ロープウェイ・ゴンドラ）,日光白根山:4.0km,,,provisional,15,名称未確認、公式情報または2情報源での確認が必要,"OpenStreetMap（© OpenStreetMap contributors, ODbL 1.0）Geofabrik japan-latest.osm.pbf 2026-09-23T20:22:04Z way/505776560（索道の端点 node/4956332724）",
TH-w527494157,trailhead,高尾登山電鉄,35.6311001,139.2561932,WGS84,416 422,陣馬山、高尾山,関東百名山,OSM登山道「蛇滝水行道場参道」,索道駅（ロープウェイ・ゴンドラ）,陣馬山:11.75km 高尾山:1.67km,BS-kP11-22-13-bs10156(892m) BS-kP11-22-13-bs10156(892m),OSM登山ルート: 自然研究路2号路,provisional,15,近くの道路にゲートあり（車両通行止め・季節閉鎖の可能性）、公式情報または2情報源での確認が必要,"OpenStreetMap（© OpenStreetMap contributors, ODbL 1.0）Geofabrik japan-latest.osm.pbf 2026-09-23T20:22:04Z way/527494157（索道の端点 node/9903823695） ｜ 国土地理院 地名検索「山上駅」（35.632406, 139.257735、JGD2011、201m差）2026-09-20確認",2026-09-20
TH-w560444107,trailhead,大倉（塔ノ岳 大倉尾根登山口）,35.4054034,139.1691127,WGS84,453 457 461,蛭ヶ岳、丹沢山、塔ノ岳,関東百名山|日本百名山|日本二百名山|日本三百名山,大倉尾根コース,駐車場・バス停（林道・車道を経由して登山道へ）,蛭ヶ岳:12.46km 丹沢山:9.0km 塔ノ岳:6.47km,PK-w560444107(0m) PK-w669636568(155m) BS-kP11-22-14-bs6353(81m) BS-kP11-22-14-bs6353(81m) BS-kP11-22-14-bs6429(463m),bus=渋沢駅北口発大倉行のバスは週末7・8時台で1時間に3〜4便、乗車時間約15分・180円（秦野市）; parking=大倉登山口周辺は駐車場不足により、繁忙期（ゴールデンウィーク・夏休み・紅葉シーズン・週末など）に駐車できないことがある（秦野市）,adopted,15,林道からの入口（マイカー進入可否を要確認）、大倉登山口周辺は繁忙期に駐車できないことがあるため、バスの利用が便利（秦野市）,"OpenStreetMap（© OpenStreetMap contributors, ODbL 1.0）Geofabrik japan-latest.osm.pbf 2026-09-23T20:22:04Z way/560444107 ｜ OpenStreetMap（© OpenStreetMap contributors, ODbL 1.0）Geofabrik japan-latest.osm.pbf 2026-09-23T20:22:04Z node/5430982585（登山道と道路の接続点） ｜ 公式情報: https://www.city.hadano.kanagawa.jp/kanko/tozan-hiking/3679.html",2026-09-23
TH-w661124073,trailhead,タイムズ,35.7958107,139.1616858,WGS84,376 381,棒ノ嶺、岩茸石山,関東百名山,,駐車場・バス停（林道・車道を経由して登山道へ）,棒ノ嶺:15.13km 岩茸石山:10.68km,PK-w661124073(0m) PK-w904631313(19m) PK-w244504668(51m) BS-kP11-22-13-bs398(111m) BS-kP11-22-13-bs398(111m) BS-kP11-22-13-bs372(713m),,provisional,15,近くの道路にゲートあり（車両通行止め・季節閉鎖の可能性）、林道からの入口（マイカー進入可否を要確認）、公式情報または2情報源での確認が必要,"OpenStreetMap（© OpenStreetMap contributors, ODbL 1.0）Geofabrik japan-latest.osm.pbf 2026-09-23T20:22:04Z way/661124073 ｜ OpenStreetMap（© OpenStreetMap contributors, ODbL 1.0）Geofabrik japan-latest.osm.pbf 2026-09-23T20:22:04Z node/13183414850（登山道と道路の接続点） ｜ 国土地理院 地名検索「滝本駅」（35.797718, 139.161038、JGD2011、219m差）2026-09-20確認",2026-09-20
TH-w704133904,trailhead,横堰池駐車場,36.3893176,138.3850248,WGS84,289,湯ノ丸山,関東百名山|甲信越百名山,,駐車場・バス停（林道・車道を経由して登山道へ）,湯ノ丸山:7.95km,PK-w704133904(0m) BS-n4872291288(372m) BS-kP11-22-20-bs3509(447m) BS-kP11-22-20-bs3438(650m),,provisional,15,林道からの入口（マイカー進入可否を要確認）、公式情報または2情報源での確認が必要,"OpenStreetMap（© OpenStreetMap contributors, ODbL 1.0）Geofabrik japan-latest.osm.pbf 2026-09-23T20:22:04Z way/704133904 ｜ OpenStreetMap（© OpenStreetMap contributors, ODbL 1.0）Geofabrik japan-latest.osm.pbf 2026-09-23T20:22:04Z node/1680817880（登山道と道路の接続点）",
TH-w886350416,trailhead,1,36.4282711,138.4205049,WGS84,289,湯ノ丸山,関東百名山|甲信越百名山,,索道駅（ロープウェイ・ゴンドラ）,湯ノ丸山:1.95km,PK-n2149138292(49m) PK-n2149138558(100m),,adopted,15,,"OpenStreetMap（© OpenStreetMap contributors, ODbL 1.0）Geofabrik japan-latest.osm.pbf 2026-09-23T20:22:04Z way/886350416（索道の端点 node/8241746065） ｜ 国土地理院 地名検索「地蔵峠」（36.427445, 138.419760、JGD2011、113m差）2026-09-20確認",2026-09-20
TH-w886350416-2,trailhead,1,36.4309329,138.4158302,WGS84,289,湯ノ丸山,関東百名山|甲信越百名山,,索道駅（ロープウェイ・ゴンドラ）,湯ノ丸山:1.42km,,,provisional,15,公式情報または2情報源での確認が必要,"OpenStreetMap（© OpenStreetMap contributors, ODbL 1.0）Geofabrik japan-latest.osm.pbf 2026-09-23T20:22:04Z way/886350416（索道の端点 node/8241746066）",
TH-w92606123,trailhead,第3ペアリフト,36.9230443,139.7724718,WGS84,226,高原山,日本三百名山|関東百名山,,索道駅（ロープウェイ・ゴンドラ）,高原山:3.32km,,,provisional,15,公式情報または2情報源での確認が必要,"OpenStreetMap（© OpenStreetMap contributors, ODbL 1.0）Geofabrik japan-latest.osm.pbf 2026-09-23T20:22:04Z way/92606123（索道の端点 node/1074503233）",
TH-w953059876,trailhead,県営立石駐車場,35.2402606,139.5985511,WGS84,529,大楠山,関東百名山,,駐車場・バス停（林道・車道を経由して登山道へ）,大楠山:3.49km,PK-w953059876(0m) BS-kP11-22-14-bs10242(84m) BS-kP11-22-14-bs10242(84m) BS-kP11-22-14-bs10261(363m),OSM登山ルート: 関東ふれあいの道 - 神奈川4 - 佐島・大楠山のみち,provisional,15,林道からの入口（マイカー進入可否を要確認）、公式情報または2情報源での確認が必要,"OpenStreetMap（© OpenStreetMap contributors, ODbL 1.0）Geofabrik japan-latest.osm.pbf 2026-09-23T20:22:04Z way/953059876 ｜ OpenStreetMap（© OpenStreetMap contributors, ODbL 1.0）Geofabrik japan-latest.osm.pbf 2026-09-23T20:22:04Z node/3623126323（登山道と道路の接続点）",
TH-w972330066,trailhead,タイムズのB 沢井駅駐車場,35.8059547,139.1931146,WGS84,376 378 381,棒ノ嶺、川苔山、岩茸石山,関東百名山,,駐車場・バス停（林道・車道を経由して登山道へ）,棒ノ嶺:8.04km 川苔山:16.38km 岩茸石山:3.55km,PK-w972330066(0m) PK-w236177752(390m) BS-kP11-22-13-bs282(137m) BS-kP11-22-13-bs282(137m) BS-kP11-22-13-bs282(137m),,provisional,15,近くの道路にゲートあり（車両通行止め・季節閉鎖の可能性）、公式情報または2情報源での確認が必要,"OpenStreetMap（© OpenStreetMap contributors, ODbL 1.0）Geofabrik japan-latest.osm.pbf 2026-09-23T20:22:04Z way/972330066 ｜ OpenStreetMap（© OpenStreetMap contributors, ODbL 1.0）Geofabrik japan-latest.osm.pbf 2026-09-23T20:22:04Z node/5698885052（登山道と道路の接続点） ｜ 国土地理院 地名検索「沢井駅」（35.807730, 139.193488、JGD2011、199m差）2026-09-20確認",2026-09-20
TH-w972438246,trailhead,西武スマイルパーク 正丸駅前,35.9385409,139.1814985,WGS84,362,伊豆ヶ岳,関東百名山,,駐車場・バス停（林道・車道を経由して登山道へ）,伊豆ヶ岳:2.83km,PK-w972438246(0m) PK-w1449616583(54m),OSM登山ルート: KFT - S3 - Izugadake wo koeru michi、KFT - S4 - Touge no rekishi wo shinobu michi,provisional,15,林道からの入口（マイカー進入可否を要確認）、公式情報または2情報源での確認が必要,"OpenStreetMap（© OpenStreetMap contributors, ODbL 1.0）Geofabrik japan-latest.osm.pbf 2026-09-23T20:22:04Z way/972438246 ｜ OpenStreetMap（© OpenStreetMap contributors, ODbL 1.0）Geofabrik japan-latest.osm.pbf 2026-09-23T20:22:04Z node/3085981819（登山道と道路の接続点） ｜ 国土地理院 地名検索「正丸駅」（35.937920, 139.179577、JGD2011、186m差）2026-09-20確認",2026-09-20
TH-w973524786,trailhead,丹縄園地 駐車場,35.8073839,139.1752176,WGS84,376 378 381,棒ノ嶺、川苔山、岩茸石山,関東百名山,,駐車場・バス停（林道・車道を経由して登山道へ）,棒ノ嶺:7.31km 川苔山:15.42km 岩茸石山:2.87km,PK-w973524786(0m) PK-w973524787(59m) PK-w973524788(109m) BS-kP11-22-13-bs315(585m) BS-kP11-22-13-bs315(585m) BS-kP11-22-13-bs363(981m),,provisional,15,近くの道路にゲートあり（車両通行止め・季節閉鎖の可能性）、公式情報または2情報源での確認が必要,"OpenStreetMap（© OpenStreetMap contributors, ODbL 1.0）Geofabrik japan-latest.osm.pbf 2026-09-23T20:22:04Z way/973524786 ｜ OpenStreetMap（© OpenStreetMap contributors, ODbL 1.0）Geofabrik japan-latest.osm.pbf 2026-09-23T20:22:04Z node/8357692601（登山道と道路の接続点）",
TH-w986173631,trailhead,大山ケーブル,35.4314722,139.2379233,WGS84,465,大山,日本三百名山|関東百名山,OSM登山道「無明橋」,索道駅（ロープウェイ・ゴンドラ）,大山:1.69km,,OSM登山ルート: 本坂,provisional,15,近くの道路にゲートあり（車両通行止め・季節閉鎖の可能性）、公式情報または2情報源での確認が必要,"OpenStreetMap（© OpenStreetMap contributors, ODbL 1.0）Geofabrik japan-latest.osm.pbf 2026-09-23T20:22:04Z way/986173631（索道の端点 node/9903823686） ｜ 国土地理院 地名検索「阿夫利神社駅」（35.431233, 139.237982、JGD2011、27m差）2026-09-20確認",2026-09-20
