{
 "type": "FeatureCollection",
 "name": "関西",
 "generatedAt": "2026-09-26",
 "osmData": "japan-latest.osm.pbf 2026-09-23T20:22:04Z",
 "attribution": "© OpenStreetMap contributors (ODbL 1.0) / 出典：国土地理院（地名検索）",
 "features": [
  {
   "type": "Feature",
   "geometry": {
    "type": "Point",
    "coordinates": [
     136.4413276,
     35.2643582
    ]
   },
   "properties": {
    "id": "BS-kP11-22-21-bs6237",
    "kind": "bus_stop",
    "name": "西山コミュニティ前",
    "datum": "WGS84",
    "mountainIds": "518",
    "mountainNames": "霊仙山",
    "lists": "関西百名山|東海の百山",
    "routes": "",
    "entryType": "",
    "trailKmToSummit": "",
    "related": "TH-kP11-22-21-bs6237(0m)",
    "attributes": "operator=大垣市; busType=コミュニティバス; busRoutes=多良コース",
    "status": "adopted",
    "accuracyM": 10,
    "needsReview": "運行状況（季節運行・休止・予約制）を要確認",
    "sources": "国土数値情報（バス停留所データ）令和4年度（国土交通省）P11-22-21-bs6237（35.264358, 136.441328、JGD2011）を加工して作成",
    "verifiedAt": ""
   }
  },
  {
   "type": "Feature",
   "geometry": {
    "type": "Point",
    "coordinates": [
     136.4380792,
     35.2575053
    ]
   },
   "properties": {
    "id": "BS-kP11-22-21-bs6256",
    "kind": "bus_stop",
    "name": "西山（延坂）",
    "datum": "WGS84",
    "mountainIds": "518",
    "mountainNames": "霊仙山",
    "lists": "関西百名山|東海の百山",
    "routes": "",
    "entryType": "",
    "trailKmToSummit": "",
    "related": "TH-kP11-22-21-bs6237(813m)",
    "attributes": "operator=大垣市; busType=コミュニティバス; busRoutes=多良コース",
    "status": "adopted",
    "accuracyM": 10,
    "needsReview": "運行状況（季節運行・休止・予約制）を要確認、登山口から離れている（徒歩アプローチを要確認）",
    "sources": "国土数値情報（バス停留所データ）令和4年度（国土交通省）P11-22-21-bs6256（35.257505, 136.438079、JGD2011）を加工して作成",
    "verifiedAt": ""
   }
  },
  {
   "type": "Feature",
   "geometry": {
    "type": "Point",
    "coordinates": [
     136.4601827,
     35.018255
    ]
   },
   "properties": {
    "id": "BS-kP11-22-24-bs636",
    "kind": "bus_stop",
    "name": "栃谷",
    "datum": "WGS84",
    "mountainIds": "585 589 595 601 602 607 609 611",
    "mountainNames": "三池岳、釈迦ヶ岳、尾高山、雨乞岳、御在所岳、鎌ヶ岳、入道ヶ岳、宮指路岳",
    "lists": "東海の百山|日本二百名山|日本三百名山|関西百名山",
    "routes": "",
    "entryType": "",
    "trailKmToSummit": "",
    "related": "TH-kP11-22-24-bs636(0m)",
    "attributes": "operator=菰野町; busType=コミュニティバス; busRoutes=10コース＿湯の山神明線（湯の山温泉駅行き）＿1",
    "status": "adopted",
    "accuracyM": 10,
    "needsReview": "運行状況（季節運行・休止・予約制）を要確認",
    "sources": "国土数値情報（バス停留所データ）令和4年度（国土交通省）P11-22-24-bs636（35.018255, 136.460183、JGD2011）を加工して作成",
    "verifiedAt": ""
   }
  },
  {
   "type": "Feature",
   "geometry": {
    "type": "Point",
    "coordinates": [
     136.4571603,
     35.0179491
    ]
   },
   "properties": {
    "id": "BS-kP11-22-24-bs638",
    "kind": "bus_stop",
    "name": "三ノ瀬",
    "datum": "WGS84",
    "mountainIds": "585 589 595 601 602 607 609 611 612",
    "mountainNames": "三池岳、釈迦ヶ岳、尾高山、雨乞岳、御在所岳、鎌ヶ岳、入道ヶ岳、宮指路岳、仙ヶ岳",
    "lists": "東海の百山|日本二百名山|日本三百名山|関西百名山",
    "routes": "",
    "entryType": "",
    "trailKmToSummit": "",
    "related": "TH-n1742841008(1000m) TH-kP11-22-24-bs636(278m)",
    "attributes": "operator=菰野町; busType=コミュニティバス; busRoutes=10コース＿湯の山神明線（湯の山温泉駅行き）＿1",
    "status": "adopted",
    "accuracyM": 10,
    "needsReview": "運行状況（季節運行・休止・予約制）を要確認、登山口から離れている（徒歩アプローチを要確認）",
    "sources": "国土数値情報（バス停留所データ）令和4年度（国土交通省）P11-22-24-bs638（35.017949, 136.457160、JGD2011）を加工して作成",
    "verifiedAt": ""
   }
  },
  {
   "type": "Feature",
   "geometry": {
    "type": "Point",
    "coordinates": [
     136.4472981,
     35.0166989
    ]
   },
   "properties": {
    "id": "BS-kP11-22-24-bs643",
    "kind": "bus_stop",
    "name": "湯の山温泉・御在所ロープウエイ前",
    "datum": "WGS84",
    "mountainIds": "585 589 595 601 602 607 609 611 612",
    "mountainNames": "三池岳、釈迦ヶ岳、尾高山、雨乞岳、御在所岳、鎌ヶ岳、入道ヶ岳、宮指路岳、仙ヶ岳",
    "lists": "東海の百山|日本二百名山|日本三百名山|関西百名山",
    "routes": "",
    "entryType": "",
    "trailKmToSummit": "",
    "related": "TH-n1742841008(94m) TH-n4213643454(493m)",
    "attributes": "operator=三重交通（株）; busType=民間路線バス; busRoutes=76湯の山線",
    "status": "adopted",
    "accuracyM": 10,
    "needsReview": "運行状況（季節運行・休止・予約制）を要確認",
    "sources": "国土数値情報（バス停留所データ）令和4年度（国土交通省）P11-22-24-bs643（35.016699, 136.447298、JGD2011）を加工して作成",
    "verifiedAt": ""
   }
  },
  {
   "type": "Feature",
   "geometry": {
    "type": "Point",
    "coordinates": [
     136.4644761,
     35.0162303
    ]
   },
   "properties": {
    "id": "BS-kP11-22-24-bs645",
    "kind": "bus_stop",
    "name": "清気橋",
    "datum": "WGS84",
    "mountainIds": "585 589 595 601 602 607 609 611",
    "mountainNames": "三池岳、釈迦ヶ岳、尾高山、雨乞岳、御在所岳、鎌ヶ岳、入道ヶ岳、宮指路岳",
    "lists": "東海の百山|日本二百名山|日本三百名山|関西百名山",
    "routes": "",
    "entryType": "",
    "trailKmToSummit": "",
    "related": "TH-kP11-22-24-bs636(451m)",
    "attributes": "operator=三重交通（株）; busType=民間路線バス; busRoutes=76湯の山線",
    "status": "adopted",
    "accuracyM": 10,
    "needsReview": "運行状況（季節運行・休止・予約制）を要確認",
    "sources": "国土数値情報（バス停留所データ）令和4年度（国土交通省）P11-22-24-bs645（35.016230, 136.464476、JGD2011）を加工して作成",
    "verifiedAt": ""
   }
  },
  {
   "type": "Feature",
   "geometry": {
    "type": "Point",
    "coordinates": [
     136.4480017,
     35.0149583
    ]
   },
   "properties": {
    "id": "BS-kP11-22-24-bs649",
    "kind": "bus_stop",
    "name": "湯の山郵便局",
    "datum": "WGS84",
    "mountainIds": "585 589 595 601 602 607 609 611 612",
    "mountainNames": "三池岳、釈迦ヶ岳、尾高山、雨乞岳、御在所岳、鎌ヶ岳、入道ヶ岳、宮指路岳、仙ヶ岳",
    "lists": "東海の百山|日本二百名山|日本三百名山|関西百名山",
    "routes": "",
    "entryType": "",
    "trailKmToSummit": "",
    "related": "TH-n1742841008(259m) TH-n4213643454(678m)",
    "attributes": "operator=菰野町; busType=コミュニティバス; busRoutes=10コース＿湯の山神明線（湯の山温泉駅行き）＿1; network=Mie Kotsu",
    "status": "adopted",
    "accuracyM": 10,
    "needsReview": "運行状況（季節運行・休止・予約制）を要確認、登山口から離れている（徒歩アプローチを要確認）",
    "sources": "国土数値情報（バス停留所データ）令和4年度（国土交通省）P11-22-24-bs649（35.014958, 136.448002、JGD2011）を加工して作成 ｜ OpenStreetMap（© OpenStreetMap contributors, ODbL 1.0）Geofabrik japan-latest.osm.pbf 2026-09-23T20:22:04Z node/3625270539",
    "verifiedAt": ""
   }
  },
  {
   "type": "Feature",
   "geometry": {
    "type": "Point",
    "coordinates": [
     136.4531159,
     34.9627513
    ]
   },
   "properties": {
    "id": "BS-kP11-22-24-bs918",
    "kind": "bus_stop",
    "name": "椿大神社",
    "datum": "WGS84",
    "mountainIds": "602 607 609 611 612",
    "mountainNames": "御在所岳、鎌ヶ岳、入道ヶ岳、宮指路岳、仙ヶ岳",
    "lists": "日本二百名山|日本三百名山|関西百名山|東海の百山",
    "routes": "",
    "entryType": "",
    "trailKmToSummit": "",
    "related": "TH-w689696996(185m)",
    "attributes": "operator=三重交通（株）; busType=民間路線バス; busRoutes=62水沢室山線",
    "status": "adopted",
    "accuracyM": 10,
    "needsReview": "運行状況（季節運行・休止・予約制）を要確認",
    "sources": "国土数値情報（バス停留所データ）令和4年度（国土交通省）P11-22-24-bs918（34.962751, 136.453116、JGD2011）を加工して作成 ｜ OpenStreetMap（© OpenStreetMap contributors, ODbL 1.0）Geofabrik japan-latest.osm.pbf 2026-09-23T20:22:04Z node/6470406675",
    "verifiedAt": ""
   }
  },
  {
   "type": "Feature",
   "geometry": {
    "type": "Point",
    "coordinates": [
     136.4531159,
     34.9627513
    ]
   },
   "properties": {
    "id": "BS-kP11-22-24-bs919",
    "kind": "bus_stop",
    "name": "椿大神社",
    "datum": "WGS84",
    "mountainIds": "602 607 609 611 612",
    "mountainNames": "御在所岳、鎌ヶ岳、入道ヶ岳、宮指路岳、仙ヶ岳",
    "lists": "日本二百名山|日本三百名山|関西百名山|東海の百山",
    "routes": "",
    "entryType": "",
    "trailKmToSummit": "",
    "related": "TH-w689696996(185m)",
    "attributes": "operator=鈴鹿市; busType=コミュニティバス; busRoutes=椿・平田線",
    "status": "adopted",
    "accuracyM": 10,
    "needsReview": "運行状況（季節運行・休止・予約制）を要確認",
    "sources": "国土数値情報（バス停留所データ）令和4年度（国土交通省）P11-22-24-bs919（34.962751, 136.453116、JGD2011）を加工して作成",
    "verifiedAt": ""
   }
  },
  {
   "type": "Feature",
   "geometry": {
    "type": "Point",
    "coordinates": [
     136.4571546,
     34.9600193
    ]
   },
   "properties": {
    "id": "BS-kP11-22-24-bs929",
    "kind": "bus_stop",
    "name": "山本町クラブ",
    "datum": "WGS84",
    "mountainIds": "602 607 609 611 612",
    "mountainNames": "御在所岳、鎌ヶ岳、入道ヶ岳、宮指路岳、仙ヶ岳",
    "lists": "日本二百名山|日本三百名山|関西百名山|東海の百山",
    "routes": "",
    "entryType": "",
    "trailKmToSummit": "",
    "related": "TH-w689696996(319m)",
    "attributes": "operator=鈴鹿市; busType=コミュニティバス; busRoutes=椿・平田線",
    "status": "adopted",
    "accuracyM": 10,
    "needsReview": "運行状況（季節運行・休止・予約制）を要確認",
    "sources": "国土数値情報（バス停留所データ）令和4年度（国土交通省）P11-22-24-bs929（34.960019, 136.457155、JGD2011）を加工して作成",
    "verifiedAt": ""
   }
  },
  {
   "type": "Feature",
   "geometry": {
    "type": "Point",
    "coordinates": [
     136.2624454,
     35.5633465
    ]
   },
   "properties": {
    "id": "BS-kP11-22-25-bs16",
    "kind": "bus_stop",
    "name": "杉野",
    "datum": "WGS84",
    "mountainIds": "425",
    "mountainNames": "横山岳",
    "lists": "関西百名山",
    "routes": "",
    "entryType": "",
    "trailKmToSummit": "",
    "related": "TH-kP11-22-25-bs18(280m)",
    "attributes": "operator=長浜市; busType=コミュニティバス; busRoutes=金居原線",
    "status": "adopted",
    "accuracyM": 10,
    "needsReview": "運行状況（季節運行・休止・予約制）を要確認",
    "sources": "国土数値情報（バス停留所データ）令和4年度（国土交通省）P11-22-25-bs16（35.563347, 136.262445、JGD2011）を加工して作成",
    "verifiedAt": ""
   }
  },
  {
   "type": "Feature",
   "geometry": {
    "type": "Point",
    "coordinates": [
     135.8333464,
     35.0711179
    ]
   },
   "properties": {
    "id": "BS-kP11-22-25-bs1791",
    "kind": "bus_stop",
    "name": "西塔",
    "datum": "WGS84",
    "mountainIds": "590",
    "mountainNames": "比叡山",
    "lists": "日本三百名山|関西百名山",
    "routes": "",
    "entryType": "",
    "trailKmToSummit": "",
    "related": "TH-n1355400817(136m)",
    "attributes": "operator=江若交通（株）; busType=民間路線バス; busRoutes=140　奥比叡ドライブバス / 142　比叡山内シャトルバス",
    "status": "adopted",
    "accuracyM": 10,
    "needsReview": "運行状況（季節運行・休止・予約制）を要確認",
    "sources": "国土数値情報（バス停留所データ）令和4年度（国土交通省）P11-22-25-bs1791（35.071118, 135.833346、JGD2011）を加工して作成 ｜ OpenStreetMap（© OpenStreetMap contributors, ODbL 1.0）Geofabrik japan-latest.osm.pbf 2026-09-23T20:22:04Z node/4193835531",
    "verifiedAt": ""
   }
  },
  {
   "type": "Feature",
   "geometry": {
    "type": "Point",
    "coordinates": [
     135.8670715,
     35.0709512
    ]
   },
   "properties": {
    "id": "BS-kP11-22-25-bs1793",
    "kind": "bus_stop",
    "name": "日吉大社前",
    "datum": "WGS84",
    "mountainIds": "590",
    "mountainNames": "比叡山",
    "lists": "日本三百名山|関西百名山",
    "routes": "",
    "entryType": "",
    "trailKmToSummit": "",
    "related": "TH-w572203656(565m) TH-n1355399585(721m)",
    "attributes": "operator=江若交通（株）; busType=民間路線バス; busRoutes=30・31・32・36　日吉台線 / 41　ケーブル坂本線",
    "status": "adopted",
    "accuracyM": 10,
    "needsReview": "運行状況（季節運行・休止・予約制）を要確認、登山口から離れている（徒歩アプローチを要確認）",
    "sources": "国土数値情報（バス停留所データ）令和4年度（国土交通省）P11-22-25-bs1793（35.070951, 135.867072、JGD2011）を加工して作成",
    "verifiedAt": ""
   }
  },
  {
   "type": "Feature",
   "geometry": {
    "type": "Point",
    "coordinates": [
     136.2594795,
     35.5626433
    ]
   },
   "properties": {
    "id": "BS-kP11-22-25-bs18",
    "kind": "bus_stop",
    "name": "杉野農協前",
    "datum": "WGS84",
    "mountainIds": "425",
    "mountainNames": "横山岳",
    "lists": "関西百名山",
    "routes": "",
    "entryType": "",
    "trailKmToSummit": "",
    "related": "TH-kP11-22-25-bs18(0m) TH-n12169870404(877m)",
    "attributes": "operator=長浜市; busType=コミュニティバス; busRoutes=金居原線",
    "status": "adopted",
    "accuracyM": 10,
    "needsReview": "運行状況（季節運行・休止・予約制）を要確認、登山口から離れている（徒歩アプローチを要確認）",
    "sources": "国土数値情報（バス停留所データ）令和4年度（国土交通省）P11-22-25-bs18（35.562643, 136.259480、JGD2011）を加工して作成",
    "verifiedAt": ""
   }
  },
  {
   "type": "Feature",
   "geometry": {
    "type": "Point",
    "coordinates": [
     135.8389709,
     35.0703034
    ]
   },
   "properties": {
    "id": "BS-kP11-22-25-bs1801",
    "kind": "bus_stop",
    "name": "延暦寺バスセンター",
    "datum": "WGS84",
    "mountainIds": "590",
    "mountainNames": "比叡山",
    "lists": "日本三百名山|関西百名山",
    "routes": "",
    "entryType": "",
    "trailKmToSummit": "",
    "related": "TH-n1355400817(641m) TH-n1355400817(641m)",
    "attributes": "operator=京阪バス（株）; busType=民間路線バス; busRoutes=57比叡山頂～京都駅 / 56A比山～平～山～三 / 56比叡山～平～三",
    "status": "adopted",
    "accuracyM": 10,
    "needsReview": "運行状況（季節運行・休止・予約制）を要確認、登山口から離れている（徒歩アプローチを要確認）",
    "sources": "国土数値情報（バス停留所データ）令和4年度（国土交通省）P11-22-25-bs1801（35.070303, 135.838971、JGD2011）を加工して作成 ｜ OpenStreetMap（© OpenStreetMap contributors, ODbL 1.0）Geofabrik japan-latest.osm.pbf 2026-09-23T20:22:04Z node/4061761706",
    "verifiedAt": ""
   }
  },
  {
   "type": "Feature",
   "geometry": {
    "type": "Point",
    "coordinates": [
     135.8643544,
     35.0694447
    ]
   },
   "properties": {
    "id": "BS-kP11-22-25-bs1810",
    "kind": "bus_stop",
    "name": "ケーブル坂本駅",
    "datum": "WGS84",
    "mountainIds": "590",
    "mountainNames": "比叡山",
    "lists": "日本三百名山|関西百名山",
    "routes": "",
    "entryType": "",
    "trailKmToSummit": "",
    "related": "TH-w572203656(271m) TH-n1355399585(463m)",
    "attributes": "operator=江若交通（株）; busType=民間路線バス; busRoutes=41　ケーブル坂本線",
    "status": "adopted",
    "accuracyM": 10,
    "needsReview": "運行状況（季節運行・休止・予約制）を要確認",
    "sources": "国土数値情報（バス停留所データ）令和4年度（国土交通省）P11-22-25-bs1810（35.069445, 135.864354、JGD2011）を加工して作成",
    "verifiedAt": ""
   }
  },
  {
   "type": "Feature",
   "geometry": {
    "type": "Point",
    "coordinates": [
     136.0342368,
     35.0691298
    ]
   },
   "properties": {
    "id": "BS-kP11-22-25-bs1815",
    "kind": "bus_stop",
    "name": "三ツ坂",
    "datum": "WGS84",
    "mountainIds": "597",
    "mountainNames": "三上山",
    "lists": "関西百名山",
    "routes": "",
    "entryType": "",
    "trailKmToSummit": "",
    "related": "TH-n4744108789(735m)",
    "attributes": "operator=近江鉄道（株）; busType=民間路線バス; busRoutes=野洲村田線 / 八幡野洲線",
    "status": "adopted",
    "accuracyM": 10,
    "needsReview": "運行状況（季節運行・休止・予約制）を要確認、登山口から離れている（徒歩アプローチを要確認）",
    "sources": "国土数値情報（バス停留所データ）令和4年度（国土交通省）P11-22-25-bs1815（35.069130, 136.034237、JGD2011）を加工して作成 ｜ OpenStreetMap（© OpenStreetMap contributors, ODbL 1.0）Geofabrik japan-latest.osm.pbf 2026-09-23T20:22:04Z node/7178430005",
    "verifiedAt": ""
   }
  },
  {
   "type": "Feature",
   "geometry": {
    "type": "Point",
    "coordinates": [
     135.839312,
     35.0685522
    ]
   },
   "properties": {
    "id": "BS-kP11-22-25-bs1822",
    "kind": "bus_stop",
    "name": "東塔",
    "datum": "WGS84",
    "mountainIds": "590",
    "mountainNames": "比叡山",
    "lists": "日本三百名山|関西百名山",
    "routes": "",
    "entryType": "",
    "trailKmToSummit": "",
    "related": "TH-n4189739291(268m)",
    "attributes": "operator=京阪バス（株）; busType=民間路線バス; busRoutes=57比叡山頂～京都駅 / 56A比山～平～山～三 / 56比叡山～平～三",
    "status": "adopted",
    "accuracyM": 10,
    "needsReview": "運行状況（季節運行・休止・予約制）を要確認",
    "sources": "国土数値情報（バス停留所データ）令和4年度（国土交通省）P11-22-25-bs1822（35.068552, 135.839312、JGD2011）を加工して作成 ｜ OpenStreetMap（© OpenStreetMap contributors, ODbL 1.0）Geofabrik japan-latest.osm.pbf 2026-09-23T20:22:04Z node/4326086514",
    "verifiedAt": ""
   }
  },
  {
   "type": "Feature",
   "geometry": {
    "type": "Point",
    "coordinates": [
     135.839312,
     35.0685522
    ]
   },
   "properties": {
    "id": "BS-kP11-22-25-bs1823",
    "kind": "bus_stop",
    "name": "東塔",
    "datum": "WGS84",
    "mountainIds": "590",
    "mountainNames": "比叡山",
    "lists": "日本三百名山|関西百名山",
    "routes": "",
    "entryType": "",
    "trailKmToSummit": "",
    "related": "TH-n4189739291(268m)",
    "attributes": "operator=京都バス（株）; busType=民間路線バス; busRoutes=51",
    "status": "adopted",
    "accuracyM": 10,
    "needsReview": "運行状況（季節運行・休止・予約制）を要確認",
    "sources": "国土数値情報（バス停留所データ）令和4年度（国土交通省）P11-22-25-bs1823（35.068552, 135.839312、JGD2011）を加工して作成",
    "verifiedAt": ""
   }
  },
  {
   "type": "Feature",
   "geometry": {
    "type": "Point",
    "coordinates": [
     135.839312,
     35.0685522
    ]
   },
   "properties": {
    "id": "BS-kP11-22-25-bs1824",
    "kind": "bus_stop",
    "name": "東塔",
    "datum": "WGS84",
    "mountainIds": "590",
    "mountainNames": "比叡山",
    "lists": "日本三百名山|関西百名山",
    "routes": "",
    "entryType": "",
    "trailKmToSummit": "",
    "related": "TH-n4189739291(268m)",
    "attributes": "operator=江若交通（株）; busType=民間路線バス; busRoutes=140　奥比叡ドライブバス / 141　比叡山内シャトルバス / 142　比叡山内シャトルバス",
    "status": "adopted",
    "accuracyM": 10,
    "needsReview": "運行状況（季節運行・休止・予約制）を要確認",
    "sources": "国土数値情報（バス停留所データ）令和4年度（国土交通省）P11-22-25-bs1824（35.068552, 135.839312、JGD2011）を加工して作成",
    "verifiedAt": ""
   }
  },
  {
   "type": "Feature",
   "geometry": {
    "type": "Point",
    "coordinates": [
     136.0341807,
     35.0675613
    ]
   },
   "properties": {
    "id": "BS-kP11-22-25-bs1833",
    "kind": "bus_stop",
    "name": "野洲中学校前",
    "datum": "WGS84",
    "mountainIds": "597",
    "mountainNames": "三上山",
    "lists": "関西百名山",
    "routes": "",
    "entryType": "",
    "trailKmToSummit": "",
    "related": "TH-n4744108789(610m)",
    "attributes": "operator=近江鉄道（株）; busType=民間路線バス; busRoutes=野洲アウトレット線 / 野洲村田線 / 花緑公園線（西ゲート線）",
    "status": "adopted",
    "accuracyM": 10,
    "needsReview": "運行状況（季節運行・休止・予約制）を要確認、登山口から離れている（徒歩アプローチを要確認）",
    "sources": "国土数値情報（バス停留所データ）令和4年度（国土交通省）P11-22-25-bs1833（35.067561, 136.034181、JGD2011）を加工して作成",
    "verifiedAt": ""
   }
  },
  {
   "type": "Feature",
   "geometry": {
    "type": "Point",
    "coordinates": [
     135.8422215,
     35.066645
    ]
   },
   "properties": {
    "id": "BS-kP11-22-25-bs1841",
    "kind": "bus_stop",
    "name": "無動寺",
    "datum": "WGS84",
    "mountainIds": "590",
    "mountainNames": "比叡山",
    "lists": "日本三百名山|関西百名山",
    "routes": "",
    "entryType": "",
    "trailKmToSummit": "",
    "related": "TH-w24925988(157m) TH-w24925988(157m) TH-n10294782453(200m) TH-n10294782453(200m)",
    "attributes": "operator=京阪バス（株）; busType=民間路線バス; busRoutes=57比叡山頂～京都駅 / 56A比山～平～山～三 / 56比叡山～平～三",
    "status": "adopted",
    "accuracyM": 10,
    "needsReview": "運行状況（季節運行・休止・予約制）を要確認",
    "sources": "国土数値情報（バス停留所データ）令和4年度（国土交通省）P11-22-25-bs1841（35.066645, 135.842222、JGD2011）を加工して作成 ｜ OpenStreetMap（© OpenStreetMap contributors, ODbL 1.0）Geofabrik japan-latest.osm.pbf 2026-09-23T20:22:04Z node/4070937011",
    "verifiedAt": ""
   }
  },
  {
   "type": "Feature",
   "geometry": {
    "type": "Point",
    "coordinates": [
     135.8422215,
     35.066645
    ]
   },
   "properties": {
    "id": "BS-kP11-22-25-bs1842",
    "kind": "bus_stop",
    "name": "無動寺",
    "datum": "WGS84",
    "mountainIds": "590",
    "mountainNames": "比叡山",
    "lists": "日本三百名山|関西百名山",
    "routes": "",
    "entryType": "",
    "trailKmToSummit": "",
    "related": "TH-w24925988(157m) TH-n10294782453(200m)",
    "attributes": "operator=京都バス（株）; busType=民間路線バス; busRoutes=51",
    "status": "adopted",
    "accuracyM": 10,
    "needsReview": "運行状況（季節運行・休止・予約制）を要確認",
    "sources": "国土数値情報（バス停留所データ）令和4年度（国土交通省）P11-22-25-bs1842（35.066645, 135.842222、JGD2011）を加工して作成",
    "verifiedAt": ""
   }
  },
  {
   "type": "Feature",
   "geometry": {
    "type": "Point",
    "coordinates": [
     136.0295321,
     35.0644269
    ]
   },
   "properties": {
    "id": "BS-kP11-22-25-bs1855",
    "kind": "bus_stop",
    "name": "関電前（野洲市）",
    "datum": "WGS84",
    "mountainIds": "597",
    "mountainNames": "三上山",
    "lists": "関西百名山",
    "routes": "",
    "entryType": "",
    "trailKmToSummit": "",
    "related": "TH-n4744108789(879m)",
    "attributes": "operator=近江鉄道（株）; busType=民間路線バス; busRoutes=野洲アウトレット線 / 野洲村田線 / 花緑公園線（西ゲート線）",
    "status": "adopted",
    "accuracyM": 10,
    "needsReview": "運行状況（季節運行・休止・予約制）を要確認、登山口から離れている（徒歩アプローチを要確認）",
    "sources": "国土数値情報（バス停留所データ）令和4年度（国土交通省）P11-22-25-bs1855（35.064427, 136.029532、JGD2011）を加工して作成",
    "verifiedAt": ""
   }
  },
  {
   "type": "Feature",
   "geometry": {
    "type": "Point",
    "coordinates": [
     136.0473902,
     35.0587396
    ]
   },
   "properties": {
    "id": "BS-kP11-22-25-bs1913",
    "kind": "bus_stop",
    "name": "総合教育センター前",
    "datum": "WGS84",
    "mountainIds": "597",
    "mountainNames": "三上山",
    "lists": "関西百名山",
    "routes": "",
    "entryType": "",
    "trailKmToSummit": "",
    "related": "TH-n1352164065(368m)",
    "attributes": "operator=近江鉄道（株）; busType=民間路線バス; busRoutes=花緑公園線（西ゲート線）",
    "status": "adopted",
    "accuracyM": 10,
    "needsReview": "運行状況（季節運行・休止・予約制）を要確認",
    "sources": "国土数値情報（バス停留所データ）令和4年度（国土交通省）P11-22-25-bs1913（35.058740, 136.047390、JGD2011）を加工して作成",
    "verifiedAt": ""
   }
  },
  {
   "type": "Feature",
   "geometry": {
    "type": "Point",
    "coordinates": [
     136.0456229,
     35.0558032
    ]
   },
   "properties": {
    "id": "BS-kP11-22-25-bs1940",
    "kind": "bus_stop",
    "name": "林業普及センター前",
    "datum": "WGS84",
    "mountainIds": "597",
    "mountainNames": "三上山",
    "lists": "関西百名山",
    "routes": "",
    "entryType": "",
    "trailKmToSummit": "",
    "related": "TH-n1352163563(477m) TH-n1352164065(32m)",
    "attributes": "operator=近江鉄道（株）; busType=民間路線バス; busRoutes=花緑公園線（西ゲート線）",
    "status": "adopted",
    "accuracyM": 10,
    "needsReview": "運行状況（季節運行・休止・予約制）を要確認",
    "sources": "国土数値情報（バス停留所データ）令和4年度（国土交通省）P11-22-25-bs1940（35.055803, 136.045623、JGD2011）を加工して作成",
    "verifiedAt": ""
   }
  },
  {
   "type": "Feature",
   "geometry": {
    "type": "Point",
    "coordinates": [
     136.0264798,
     35.0548881
    ]
   },
   "properties": {
    "id": "BS-kP11-22-25-bs1947",
    "kind": "bus_stop",
    "name": "三上",
    "datum": "WGS84",
    "mountainIds": "597",
    "mountainNames": "三上山",
    "lists": "関西百名山",
    "routes": "",
    "entryType": "",
    "trailKmToSummit": "",
    "related": "TH-n1352164046(577m)",
    "attributes": "operator=滋賀交通（株）; busType=民間路線バス; busRoutes=湖南野洲線",
    "status": "adopted",
    "accuracyM": 10,
    "needsReview": "運行状況（季節運行・休止・予約制）を要確認",
    "sources": "国土数値情報（バス停留所データ）令和4年度（国土交通省）P11-22-25-bs1947（35.054888, 136.026480、JGD2011）を加工して作成",
    "verifiedAt": ""
   }
  },
  {
   "type": "Feature",
   "geometry": {
    "type": "Point",
    "coordinates": [
     136.0445603,
     35.053516
    ]
   },
   "properties": {
    "id": "BS-kP11-22-25-bs1959",
    "kind": "bus_stop",
    "name": "ふるさと館前",
    "datum": "WGS84",
    "mountainIds": "597",
    "mountainNames": "三上山",
    "lists": "関西百名山",
    "routes": "",
    "entryType": "",
    "trailKmToSummit": "",
    "related": "TH-n1352163563(214m) TH-n1352164065(272m)",
    "attributes": "operator=近江鉄道（株）; busType=民間路線バス; busRoutes=花緑公園線（西ゲート線）",
    "status": "adopted",
    "accuracyM": 10,
    "needsReview": "運行状況（季節運行・休止・予約制）を要確認",
    "sources": "国土数値情報（バス停留所データ）令和4年度（国土交通省）P11-22-25-bs1959（35.053516, 136.044560、JGD2011）を加工して作成 ｜ OpenStreetMap（© OpenStreetMap contributors, ODbL 1.0）Geofabrik japan-latest.osm.pbf 2026-09-23T20:22:04Z node/7158640665",
    "verifiedAt": ""
   }
  },
  {
   "type": "Feature",
   "geometry": {
    "type": "Point",
    "coordinates": [
     136.0269214,
     35.0519634
    ]
   },
   "properties": {
    "id": "BS-kP11-22-25-bs1968",
    "kind": "bus_stop",
    "name": "御上神社前",
    "datum": "WGS84",
    "mountainIds": "597",
    "mountainNames": "三上山",
    "lists": "関西百名山",
    "routes": "",
    "entryType": "",
    "trailKmToSummit": "",
    "related": "TH-n9465428222(483m) TH-n1352164046(672m)",
    "attributes": "operator=滋賀交通（株）; busType=民間路線バス; busRoutes=湖南野洲線",
    "status": "adopted",
    "accuracyM": 10,
    "needsReview": "運行状況（季節運行・休止・予約制）を要確認、登山口から離れている（徒歩アプローチを要確認）",
    "sources": "国土数値情報（バス停留所データ）令和4年度（国土交通省）P11-22-25-bs1968（35.051963, 136.026921、JGD2011）を加工して作成",
    "verifiedAt": ""
   }
  },
  {
   "type": "Feature",
   "geometry": {
    "type": "Point",
    "coordinates": [
     136.045834,
     35.0507979
    ]
   },
   "properties": {
    "id": "BS-kP11-22-25-bs1976",
    "kind": "bus_stop",
    "name": "花緑公園",
    "datum": "WGS84",
    "mountainIds": "597",
    "mountainNames": "三上山",
    "lists": "関西百名山",
    "routes": "",
    "entryType": "",
    "trailKmToSummit": "",
    "related": "TH-n1352163563(144m)",
    "attributes": "operator=近江鉄道（株）; busType=民間路線バス; busRoutes=花緑公園線（西ゲート線）",
    "status": "adopted",
    "accuracyM": 10,
    "needsReview": "運行状況（季節運行・休止・予約制）を要確認",
    "sources": "国土数値情報（バス停留所データ）令和4年度（国土交通省）P11-22-25-bs1976（35.050798, 136.045834、JGD2011）を加工して作成 ｜ OpenStreetMap（© OpenStreetMap contributors, ODbL 1.0）Geofabrik japan-latest.osm.pbf 2026-09-23T20:22:04Z node/7158640664",
    "verifiedAt": ""
   }
  },
  {
   "type": "Feature",
   "geometry": {
    "type": "Point",
    "coordinates": [
     136.0292673,
     35.0492443
    ]
   },
   "properties": {
    "id": "BS-kP11-22-25-bs1986",
    "kind": "bus_stop",
    "name": "山出前",
    "datum": "WGS84",
    "mountainIds": "597",
    "mountainNames": "三上山",
    "lists": "関西百名山",
    "routes": "",
    "entryType": "",
    "trailKmToSummit": "",
    "related": "TH-n9465428222(175m) TH-n1352164046(782m)",
    "attributes": "operator=滋賀交通（株）; busType=民間路線バス; busRoutes=湖南野洲線",
    "status": "adopted",
    "accuracyM": 10,
    "needsReview": "運行状況（季節運行・休止・予約制）を要確認、登山口から離れている（徒歩アプローチを要確認）",
    "sources": "国土数値情報（バス停留所データ）令和4年度（国土交通省）P11-22-25-bs1986（35.049244, 136.029267、JGD2011）を加工して作成",
    "verifiedAt": ""
   }
  },
  {
   "type": "Feature",
   "geometry": {
    "type": "Point",
    "coordinates": [
     136.0292031,
     35.0462532
    ]
   },
   "properties": {
    "id": "BS-kP11-22-25-bs2005",
    "kind": "bus_stop",
    "name": "三上小学校",
    "datum": "WGS84",
    "mountainIds": "597",
    "mountainNames": "三上山",
    "lists": "関西百名山",
    "routes": "",
    "entryType": "",
    "trailKmToSummit": "",
    "related": "TH-n9465428222(389m)",
    "attributes": "operator=滋賀交通（株）; busType=民間路線バス; busRoutes=湖南野洲線",
    "status": "adopted",
    "accuracyM": 10,
    "needsReview": "運行状況（季節運行・休止・予約制）を要確認",
    "sources": "国土数値情報（バス停留所データ）令和4年度（国土交通省）P11-22-25-bs2005（35.046253, 136.029203、JGD2011）を加工して作成",
    "verifiedAt": ""
   }
  },
  {
   "type": "Feature",
   "geometry": {
    "type": "Point",
    "coordinates": [
     136.2519249,
     35.557236
    ]
   },
   "properties": {
    "id": "BS-kP11-22-25-bs21",
    "kind": "bus_stop",
    "name": "杉本",
    "datum": "WGS84",
    "mountainIds": "425",
    "mountainNames": "横山岳",
    "lists": "関西百名山",
    "routes": "",
    "entryType": "",
    "trailKmToSummit": "",
    "related": "TH-kP11-22-25-bs18(908m)",
    "attributes": "operator=長浜市; busType=コミュニティバス; busRoutes=金居原線",
    "status": "adopted",
    "accuracyM": 10,
    "needsReview": "運行状況（季節運行・休止・予約制）を要確認、登山口から離れている（徒歩アプローチを要確認）",
    "sources": "国土数値情報（バス停留所データ）令和4年度（国土交通省）P11-22-25-bs21（35.557236, 136.251925、JGD2011）を加工して作成",
    "verifiedAt": ""
   }
  },
  {
   "type": "Feature",
   "geometry": {
    "type": "Point",
    "coordinates": [
     136.3121976,
     35.0158227
    ]
   },
   "properties": {
    "id": "BS-kP11-22-25-bs2464",
    "kind": "bus_stop",
    "name": "西明寺口",
    "datum": "WGS84",
    "mountainIds": "604",
    "mountainNames": "綿向山",
    "lists": "東海の百山",
    "routes": "",
    "entryType": "",
    "trailKmToSummit": "",
    "related": "TH-gsi-miyukibashi(909m)",
    "attributes": "operator=日野町; busType=コミュニティバス; busRoutes=平子・西明寺線",
    "status": "adopted",
    "accuracyM": 10,
    "needsReview": "運行状況（季節運行・休止・予約制）を要確認、登山口から離れている（徒歩アプローチを要確認）",
    "sources": "国土数値情報（バス停留所データ）令和4年度（国土交通省）P11-22-25-bs2464（35.015823, 136.312198、JGD2011）を加工して作成",
    "verifiedAt": ""
   }
  },
  {
   "type": "Feature",
   "geometry": {
    "type": "Point",
    "coordinates": [
     135.8386275,
     35.3952853
    ]
   },
   "properties": {
    "id": "BS-kP11-22-25-bs274",
    "kind": "bus_stop",
    "name": "木地山",
    "datum": "WGS84",
    "mountainIds": "485",
    "mountainNames": "百里ヶ岳",
    "lists": "関西百名山",
    "routes": "",
    "entryType": "",
    "trailKmToSummit": "",
    "related": "TH-kP11-22-25-bs274(0m)",
    "attributes": "operator=高島市; busType=公営路線バス; busRoutes=横谷・木地山線",
    "status": "adopted",
    "accuracyM": 10,
    "needsReview": "運行状況（季節運行・休止・予約制）を要確認",
    "sources": "国土数値情報（バス停留所データ）令和4年度（国土交通省）P11-22-25-bs274（35.395285, 135.838627、JGD2011）を加工して作成",
    "verifiedAt": ""
   }
  },
  {
   "type": "Feature",
   "geometry": {
    "type": "Point",
    "coordinates": [
     135.9363049,
     34.9344215
    ]
   },
   "properties": {
    "id": "BS-kP11-22-25-bs3377",
    "kind": "bus_stop",
    "name": "東急団地入口",
    "datum": "WGS84",
    "mountainIds": "617",
    "mountainNames": "太神山",
    "lists": "関西百名山",
    "routes": "",
    "entryType": "",
    "trailKmToSummit": "",
    "related": "TH-ksj-P11-22-25-bs3396(483m)",
    "attributes": "operator=帝産湖南交通（株）; busType=民間路線バス; busRoutes=石山・田上車庫 / 石山・登山口",
    "status": "adopted",
    "accuracyM": 10,
    "needsReview": "運行状況（季節運行・休止・予約制）を要確認",
    "sources": "国土数値情報（バス停留所データ）令和4年度（国土交通省）P11-22-25-bs3377（34.934422, 135.936305、JGD2011）を加工して作成 ｜ OpenStreetMap（© OpenStreetMap contributors, ODbL 1.0）Geofabrik japan-latest.osm.pbf 2026-09-23T20:22:04Z node/4144972232",
    "verifiedAt": ""
   }
  },
  {
   "type": "Feature",
   "geometry": {
    "type": "Point",
    "coordinates": [
     135.9344862,
     34.9332358
    ]
   },
   "properties": {
    "id": "BS-kP11-22-25-bs3386",
    "kind": "bus_stop",
    "name": "もみじが丘",
    "datum": "WGS84",
    "mountainIds": "617",
    "mountainNames": "太神山",
    "lists": "関西百名山",
    "routes": "",
    "entryType": "",
    "trailKmToSummit": "",
    "related": "TH-ksj-P11-22-25-bs3396(538m)",
    "attributes": "operator=帝産湖南交通（株）; busType=民間路線バス; busRoutes=石山・田上車庫 / 石山・登山口; network=帝産バス",
    "status": "adopted",
    "accuracyM": 10,
    "needsReview": "運行状況（季節運行・休止・予約制）を要確認",
    "sources": "国土数値情報（バス停留所データ）令和4年度（国土交通省）P11-22-25-bs3386（34.933236, 135.934486、JGD2011）を加工して作成 ｜ OpenStreetMap（© OpenStreetMap contributors, ODbL 1.0）Geofabrik japan-latest.osm.pbf 2026-09-23T20:22:04Z node/4145965735",
    "verifiedAt": ""
   }
  },
  {
   "type": "Feature",
   "geometry": {
    "type": "Point",
    "coordinates": [
     135.9398033,
     34.9311435
    ]
   },
   "properties": {
    "id": "BS-kP11-22-25-bs3396",
    "kind": "bus_stop",
    "name": "アルプス登山口",
    "datum": "WGS84",
    "mountainIds": "617",
    "mountainNames": "太神山",
    "lists": "関西百名山",
    "routes": "",
    "entryType": "",
    "trailKmToSummit": "",
    "related": "TH-ksj-P11-22-25-bs3396(0m)",
    "attributes": "operator=帝産湖南交通（株）; busType=民間路線バス; busRoutes=石山・登山口",
    "status": "adopted",
    "accuracyM": 10,
    "needsReview": "運行状況（季節運行・休止・予約制）を要確認",
    "sources": "国土数値情報（バス停留所データ）令和4年度（国土交通省）P11-22-25-bs3396（34.931143, 135.939803、JGD2011）を加工して作成 ｜ OpenStreetMap（© OpenStreetMap contributors, ODbL 1.0）Geofabrik japan-latest.osm.pbf 2026-09-23T20:22:04Z node/4145965734",
    "verifiedAt": ""
   }
  },
  {
   "type": "Feature",
   "geometry": {
    "type": "Point",
    "coordinates": [
     136.1996252,
     35.533784
    ]
   },
   "properties": {
    "id": "BS-kP11-22-25-bs38",
    "kind": "bus_stop",
    "name": "余呉駅",
    "datum": "WGS84",
    "mountainIds": "447",
    "mountainNames": "賤ヶ岳",
    "lists": "関西百名山|東海の百山",
    "routes": "",
    "entryType": "",
    "trailKmToSummit": "",
    "related": "TH-n1686918549(315m)",
    "attributes": "operator=長浜市; busType=コミュニティバス; busRoutes=柳ヶ瀬線 / 丹生線",
    "status": "adopted",
    "accuracyM": 10,
    "needsReview": "運行状況（季節運行・休止・予約制）を要確認",
    "sources": "国土数値情報（バス停留所データ）令和4年度（国土交通省）P11-22-25-bs38（35.533784, 136.199625、JGD2011）を加工して作成 ｜ OpenStreetMap（© OpenStreetMap contributors, ODbL 1.0）Geofabrik japan-latest.osm.pbf 2026-09-23T20:22:04Z node/7789248548",
    "verifiedAt": ""
   }
  },
  {
   "type": "Feature",
   "geometry": {
    "type": "Point",
    "coordinates": [
     136.2080113,
     35.5334797
    ]
   },
   "properties": {
    "id": "BS-kP11-22-25-bs39",
    "kind": "bus_stop",
    "name": "下余呉",
    "datum": "WGS84",
    "mountainIds": "447",
    "mountainNames": "賤ヶ岳",
    "lists": "関西百名山|東海の百山",
    "routes": "",
    "entryType": "",
    "trailKmToSummit": "",
    "related": "TH-n1686918549(463m) TH-kP11-22-25-bs42(366m)",
    "attributes": "operator=長浜市; busType=コミュニティバス; busRoutes=柳ヶ瀬線 / 丹生線",
    "status": "adopted",
    "accuracyM": 10,
    "needsReview": "運行状況（季節運行・休止・予約制）を要確認",
    "sources": "国土数値情報（バス停留所データ）令和4年度（国土交通省）P11-22-25-bs39（35.533480, 136.208011、JGD2011）を加工して作成",
    "verifiedAt": ""
   }
  },
  {
   "type": "Feature",
   "geometry": {
    "type": "Point",
    "coordinates": [
     136.2254465,
     35.5976018
    ]
   },
   "properties": {
    "id": "BS-kP11-22-25-bs4",
    "kind": "bus_stop",
    "name": "洞寿院",
    "datum": "WGS84",
    "mountainIds": "429",
    "mountainNames": "七七頭ヶ岳",
    "lists": "関西百名山",
    "routes": "",
    "entryType": "",
    "trailKmToSummit": "",
    "related": "TH-gsi-suganami(533m)",
    "attributes": "operator=長浜市; busType=コミュニティバス; busRoutes=丹生線",
    "status": "adopted",
    "accuracyM": 10,
    "needsReview": "運行状況（季節運行・休止・予約制）を要確認",
    "sources": "国土数値情報（バス停留所データ）令和4年度（国土交通省）P11-22-25-bs4（35.597602, 136.225447、JGD2011）を加工して作成",
    "verifiedAt": ""
   }
  },
  {
   "type": "Feature",
   "geometry": {
    "type": "Point",
    "coordinates": [
     136.2100564,
     35.530627
    ]
   },
   "properties": {
    "id": "BS-kP11-22-25-bs42",
    "kind": "bus_stop",
    "name": "下余呉南",
    "datum": "WGS84",
    "mountainIds": "447",
    "mountainNames": "賤ヶ岳",
    "lists": "関西百名山|東海の百山",
    "routes": "",
    "entryType": "",
    "trailKmToSummit": "",
    "related": "TH-n1686918549(693m) TH-kP11-22-25-bs42(0m)",
    "attributes": "operator=長浜市; busType=コミュニティバス; busRoutes=柳ヶ瀬線 / 丹生線",
    "status": "adopted",
    "accuracyM": 10,
    "needsReview": "運行状況（季節運行・休止・予約制）を要確認、登山口から離れている（徒歩アプローチを要確認）",
    "sources": "国土数値情報（バス停留所データ）令和4年度（国土交通省）P11-22-25-bs42（35.530627, 136.210056、JGD2011）を加工して作成",
    "verifiedAt": ""
   }
  },
  {
   "type": "Feature",
   "geometry": {
    "type": "Point",
    "coordinates": [
     135.7996649,
     35.3637605
    ]
   },
   "properties": {
    "id": "BS-kP11-22-25-bs420",
    "kind": "bus_stop",
    "name": "小入谷",
    "datum": "WGS84",
    "mountainIds": "485",
    "mountainNames": "百里ヶ岳",
    "lists": "関西百名山",
    "routes": "",
    "entryType": "",
    "trailKmToSummit": "",
    "related": "TH-n3735364653(51m) TH-n3393771956(421m)",
    "attributes": "operator=高島市; busType=公営路線バス; busRoutes=針畑線",
    "status": "adopted",
    "accuracyM": 10,
    "needsReview": "運行状況（季節運行・休止・予約制）を要確認",
    "sources": "国土数値情報（バス停留所データ）令和4年度（国土交通省）P11-22-25-bs420（35.363760, 135.799665、JGD2011）を加工して作成",
    "verifiedAt": ""
   }
  },
  {
   "type": "Feature",
   "geometry": {
    "type": "Point",
    "coordinates": [
     136.2137262,
     35.5255628
    ]
   },
   "properties": {
    "id": "BS-kP11-22-25-bs44",
    "kind": "bus_stop",
    "name": "坂口",
    "datum": "WGS84",
    "mountainIds": "447",
    "mountainNames": "賤ヶ岳",
    "lists": "関西百名山|東海の百山",
    "routes": "",
    "entryType": "",
    "trailKmToSummit": "",
    "related": "TH-kP11-22-25-bs42(651m) TH-n1686914237(584m)",
    "attributes": "operator=長浜市; busType=コミュニティバス; busRoutes=柳ヶ瀬線 / 丹生線",
    "status": "adopted",
    "accuracyM": 10,
    "needsReview": "運行状況（季節運行・休止・予約制）を要確認、登山口から離れている（徒歩アプローチを要確認）",
    "sources": "国土数値情報（バス停留所データ）令和4年度（国土交通省）P11-22-25-bs44（35.525563, 136.213726、JGD2011）を加工して作成",
    "verifiedAt": ""
   }
  },
  {
   "type": "Feature",
   "geometry": {
    "type": "Point",
    "coordinates": [
     135.7941205,
     35.3577854
    ]
   },
   "properties": {
    "id": "BS-kP11-22-25-bs440",
    "kind": "bus_stop",
    "name": "家本原",
    "datum": "WGS84",
    "mountainIds": "485",
    "mountainNames": "百里ヶ岳",
    "lists": "関西百名山",
    "routes": "",
    "entryType": "",
    "trailKmToSummit": "",
    "related": "TH-n3735364653(863m)",
    "attributes": "operator=高島市; busType=公営路線バス; busRoutes=針畑線",
    "status": "adopted",
    "accuracyM": 10,
    "needsReview": "運行状況（季節運行・休止・予約制）を要確認、登山口から離れている（徒歩アプローチを要確認）",
    "sources": "国土数値情報（バス停留所データ）令和4年度（国土交通省）P11-22-25-bs440（35.357785, 135.794120、JGD2011）を加工して作成",
    "verifiedAt": ""
   }
  },
  {
   "type": "Feature",
   "geometry": {
    "type": "Point",
    "coordinates": [
     135.9205064,
     35.3491702
    ]
   },
   "properties": {
    "id": "BS-kP11-22-25-bs480",
    "kind": "bus_stop",
    "name": "坊村",
    "datum": "WGS84",
    "mountainIds": "509 522",
    "mountainNames": "蛇谷ヶ峰、武奈ヶ岳",
    "lists": "関西百名山|日本二百名山|日本三百名山",
    "routes": "",
    "entryType": "",
    "trailKmToSummit": "",
    "related": "TH-n6177995786(682m)",
    "attributes": "operator=高島市; busType=公営路線バス; busRoutes=柏宮前坊線",
    "status": "adopted",
    "accuracyM": 10,
    "needsReview": "運行状況（季節運行・休止・予約制）を要確認、登山口から離れている（徒歩アプローチを要確認）",
    "sources": "国土数値情報（バス停留所データ）令和4年度（国土交通省）P11-22-25-bs480（35.349170, 135.920506、JGD2011）を加工して作成",
    "verifiedAt": ""
   }
  },
  {
   "type": "Feature",
   "geometry": {
    "type": "Point",
    "coordinates": [
     136.4039283,
     35.3463412
    ]
   },
   "properties": {
    "id": "BS-kP11-22-25-bs487",
    "kind": "bus_stop",
    "name": "小野清水町",
    "datum": "WGS84",
    "mountainIds": "518",
    "mountainNames": "霊仙山",
    "lists": "関西百名山|東海の百山",
    "routes": "",
    "entryType": "",
    "trailKmToSummit": "",
    "related": "TH-osm-n3999594681(198m)",
    "attributes": "operator=湖国バス（株）; busType=民間路線バス; busRoutes=梓河内線",
    "status": "adopted",
    "accuracyM": 10,
    "needsReview": "運行状況（季節運行・休止・予約制）を要確認",
    "sources": "国土数値情報（バス停留所データ）令和4年度（国土交通省）P11-22-25-bs487（35.346341, 136.403928、JGD2011）を加工して作成",
    "verifiedAt": ""
   }
  },
  {
   "type": "Feature",
   "geometry": {
    "type": "Point",
    "coordinates": [
     135.9148819,
     35.3453741
    ]
   },
   "properties": {
    "id": "BS-kP11-22-25-bs491",
    "kind": "bus_stop",
    "name": "下柏",
    "datum": "WGS84",
    "mountainIds": "509 522",
    "mountainNames": "蛇谷ヶ峰、武奈ヶ岳",
    "lists": "関西百名山|日本二百名山|日本三百名山",
    "routes": "",
    "entryType": "",
    "trailKmToSummit": "",
    "related": "TH-n6177995786(609m)",
    "attributes": "operator=高島市; busType=公営路線バス; busRoutes=柏宮前坊線",
    "status": "adopted",
    "accuracyM": 10,
    "needsReview": "運行状況（季節運行・休止・予約制）を要確認、登山口から離れている（徒歩アプローチを要確認）",
    "sources": "国土数値情報（バス停留所データ）令和4年度（国土交通省）P11-22-25-bs491（35.345374, 135.914882、JGD2011）を加工して作成",
    "verifiedAt": ""
   }
  },
  {
   "type": "Feature",
   "geometry": {
    "type": "Point",
    "coordinates": [
     136.2295097,
     35.5950566
    ]
   },
   "properties": {
    "id": "BS-kP11-22-25-bs5",
    "kind": "bus_stop",
    "name": "菅並",
    "datum": "WGS84",
    "mountainIds": "429",
    "mountainNames": "七七頭ヶ岳",
    "lists": "関西百名山",
    "routes": "",
    "entryType": "",
    "trailKmToSummit": "",
    "related": "TH-gsi-suganami(150m)",
    "attributes": "operator=長浜市; busType=コミュニティバス; busRoutes=丹生線",
    "status": "adopted",
    "accuracyM": 10,
    "needsReview": "運行状況（季節運行・休止・予約制）を要確認",
    "sources": "国土数値情報（バス停留所データ）令和4年度（国土交通省）P11-22-25-bs5（35.595057, 136.229510、JGD2011）を加工して作成",
    "verifiedAt": ""
   }
  },
  {
   "type": "Feature",
   "geometry": {
    "type": "Point",
    "coordinates": [
     136.4038997,
     35.3420791
    ]
   },
   "properties": {
    "id": "BS-kP11-22-25-bs500",
    "kind": "bus_stop",
    "name": "柏原",
    "datum": "WGS84",
    "mountainIds": "518",
    "mountainNames": "霊仙山",
    "lists": "関西百名山|東海の百山",
    "routes": "",
    "entryType": "",
    "trailKmToSummit": "",
    "related": "TH-osm-n3999594681(315m)",
    "attributes": "operator=湖国バス（株）; busType=民間路線バス; busRoutes=梓河内線",
    "status": "adopted",
    "accuracyM": 10,
    "needsReview": "運行状況（季節運行・休止・予約制）を要確認",
    "sources": "国土数値情報（バス停留所データ）令和4年度（国土交通省）P11-22-25-bs500（35.342079, 136.403900、JGD2011）を加工して作成",
    "verifiedAt": ""
   }
  },
  {
   "type": "Feature",
   "geometry": {
    "type": "Point",
    "coordinates": [
     135.9115015,
     35.3405491
    ]
   },
   "properties": {
    "id": "BS-kP11-22-25-bs506",
    "kind": "bus_stop",
    "name": "上柏",
    "datum": "WGS84",
    "mountainIds": "509 522",
    "mountainNames": "蛇谷ヶ峰、武奈ヶ岳",
    "lists": "関西百名山|日本二百名山|日本三百名山",
    "routes": "",
    "entryType": "",
    "trailKmToSummit": "",
    "related": "TH-n6177995786(899m)",
    "attributes": "operator=高島市; busType=公営路線バス; busRoutes=柏宮前坊線",
    "status": "adopted",
    "accuracyM": 10,
    "needsReview": "運行状況（季節運行・休止・予約制）を要確認、登山口から離れている（徒歩アプローチを要確認）",
    "sources": "国土数値情報（バス停留所データ）令和4年度（国土交通省）P11-22-25-bs506（35.340549, 135.911501、JGD2011）を加工して作成",
    "verifiedAt": ""
   }
  },
  {
   "type": "Feature",
   "geometry": {
    "type": "Point",
    "coordinates": [
     136.4005255,
     35.3402924
    ]
   },
   "properties": {
    "id": "BS-kP11-22-25-bs507",
    "kind": "bus_stop",
    "name": "柏原小学校前",
    "datum": "WGS84",
    "mountainIds": "518",
    "mountainNames": "霊仙山",
    "lists": "関西百名山|東海の百山",
    "routes": "",
    "entryType": "",
    "trailKmToSummit": "",
    "related": "TH-osm-n3999594681(540m)",
    "attributes": "operator=湖国バス（株）; busType=民間路線バス; busRoutes=梓河内線",
    "status": "adopted",
    "accuracyM": 10,
    "needsReview": "運行状況（季節運行・休止・予約制）を要確認",
    "sources": "国土数値情報（バス停留所データ）令和4年度（国土交通省）P11-22-25-bs507（35.340292, 136.400525、JGD2011）を加工して作成",
    "verifiedAt": ""
   }
  },
  {
   "type": "Feature",
   "geometry": {
    "type": "Point",
    "coordinates": [
     135.8994303,
     35.3259515
    ]
   },
   "properties": {
    "id": "BS-kP11-22-25-bs561",
    "kind": "bus_stop",
    "name": "桑ノ橋",
    "datum": "WGS84",
    "mountainIds": "509 522",
    "mountainNames": "蛇谷ヶ峰、武奈ヶ岳",
    "lists": "関西百名山|日本二百名山|日本三百名山",
    "routes": "",
    "entryType": "",
    "trailKmToSummit": "",
    "related": "TH-kP11-22-25-bs578(574m)",
    "attributes": "operator=京都バス（株）; busType=民間路線バス; busRoutes=10",
    "status": "adopted",
    "accuracyM": 10,
    "needsReview": "運行状況（季節運行・休止・予約制）を要確認",
    "sources": "国土数値情報（バス停留所データ）令和4年度（国土交通省）P11-22-25-bs561（35.325952, 135.899430、JGD2011）を加工して作成",
    "verifiedAt": ""
   }
  },
  {
   "type": "Feature",
   "geometry": {
    "type": "Point",
    "coordinates": [
     136.1839394,
     35.5037353
    ]
   },
   "properties": {
    "id": "BS-kP11-22-25-bs57",
    "kind": "bus_stop",
    "name": "飯の浦",
    "datum": "WGS84",
    "mountainIds": "447",
    "mountainNames": "賤ヶ岳",
    "lists": "関西百名山|東海の百山",
    "routes": "",
    "entryType": "",
    "trailKmToSummit": "",
    "related": "TH-w834429510(759m)",
    "attributes": "operator=長浜市; busType=コミュニティバス; busRoutes=深坂線",
    "status": "adopted",
    "accuracyM": 10,
    "needsReview": "運行状況（季節運行・休止・予約制）を要確認、登山口から離れている（徒歩アプローチを要確認）",
    "sources": "国土数値情報（バス停留所データ）令和4年度（国土交通省）P11-22-25-bs57（35.503735, 136.183939、JGD2011）を加工して作成 ｜ OpenStreetMap（© OpenStreetMap contributors, ODbL 1.0）Geofabrik japan-latest.osm.pbf 2026-09-23T20:22:04Z node/11164480275",
    "verifiedAt": ""
   }
  },
  {
   "type": "Feature",
   "geometry": {
    "type": "Point",
    "coordinates": [
     135.896839,
     35.3212201
    ]
   },
   "properties": {
    "id": "BS-kP11-22-25-bs578",
    "kind": "bus_stop",
    "name": "朽木大野",
    "datum": "WGS84",
    "mountainIds": "509 522",
    "mountainNames": "蛇谷ヶ峰、武奈ヶ岳",
    "lists": "関西百名山|日本二百名山|日本三百名山",
    "routes": "",
    "entryType": "",
    "trailKmToSummit": "",
    "related": "TH-kP11-22-25-bs578(0m)",
    "attributes": "operator=京都バス（株）; busType=民間路線バス; busRoutes=10",
    "status": "adopted",
    "accuracyM": 10,
    "needsReview": "運行状況（季節運行・休止・予約制）を要確認",
    "sources": "国土数値情報（バス停留所データ）令和4年度（国土交通省）P11-22-25-bs578（35.321220, 135.896839、JGD2011）を加工して作成",
    "verifiedAt": ""
   }
  },
  {
   "type": "Feature",
   "geometry": {
    "type": "Point",
    "coordinates": [
     135.896839,
     35.3212201
    ]
   },
   "properties": {
    "id": "BS-kP11-22-25-bs579",
    "kind": "bus_stop",
    "name": "大野",
    "datum": "WGS84",
    "mountainIds": "509 522",
    "mountainNames": "蛇谷ヶ峰、武奈ヶ岳",
    "lists": "関西百名山|日本二百名山|日本三百名山",
    "routes": "",
    "entryType": "",
    "trailKmToSummit": "",
    "related": "TH-kP11-22-25-bs578(0m)",
    "attributes": "operator=高島市; busType=公営路線バス; busRoutes=針畑線 / 柏宮前坊線",
    "status": "adopted",
    "accuracyM": 10,
    "needsReview": "運行状況（季節運行・休止・予約制）を要確認",
    "sources": "国土数値情報（バス停留所データ）令和4年度（国土交通省）P11-22-25-bs579（35.321220, 135.896839、JGD2011）を加工して作成",
    "verifiedAt": ""
   }
  },
  {
   "type": "Feature",
   "geometry": {
    "type": "Point",
    "coordinates": [
     136.2129994,
     35.5037143
    ]
   },
   "properties": {
    "id": "BS-kP11-22-25-bs58",
    "kind": "bus_stop",
    "name": "長浜市立湖北病院",
    "datum": "WGS84",
    "mountainIds": "447",
    "mountainNames": "賤ヶ岳",
    "lists": "関西百名山|東海の百山",
    "routes": "",
    "entryType": "",
    "trailKmToSummit": "",
    "related": "TH-n1686912330(563m)",
    "attributes": "operator=長浜市; busType=コミュニティバス; busRoutes=木之本田村線 / 金居原線 / 柳ヶ瀬線",
    "status": "adopted",
    "accuracyM": 10,
    "needsReview": "運行状況（季節運行・休止・予約制）を要確認",
    "sources": "国土数値情報（バス停留所データ）令和4年度（国土交通省）P11-22-25-bs58（35.503714, 136.212999、JGD2011）を加工して作成",
    "verifiedAt": ""
   }
  },
  {
   "type": "Feature",
   "geometry": {
    "type": "Point",
    "coordinates": [
     136.2330407,
     35.5927602
    ]
   },
   "properties": {
    "id": "BS-kP11-22-25-bs6",
    "kind": "bus_stop",
    "name": "菅並東",
    "datum": "WGS84",
    "mountainIds": "429",
    "mountainNames": "七七頭ヶ岳",
    "lists": "関西百名山",
    "routes": "",
    "entryType": "",
    "trailKmToSummit": "",
    "related": "TH-gsi-suganami(382m)",
    "attributes": "operator=長浜市; busType=コミュニティバス; busRoutes=丹生線",
    "status": "adopted",
    "accuracyM": 10,
    "needsReview": "運行状況（季節運行・休止・予約制）を要確認",
    "sources": "国土数値情報（バス停留所データ）令和4年度（国土交通省）P11-22-25-bs6（35.592760, 136.233041、JGD2011）を加工して作成",
    "verifiedAt": ""
   }
  },
  {
   "type": "Feature",
   "geometry": {
    "type": "Point",
    "coordinates": [
     136.2074775,
     35.5005099
    ]
   },
   "properties": {
    "id": "BS-kP11-22-25-bs62",
    "kind": "bus_stop",
    "name": "賤ヶ岳口",
    "datum": "WGS84",
    "mountainIds": "447",
    "mountainNames": "賤ヶ岳",
    "lists": "関西百名山|東海の百山",
    "routes": "",
    "entryType": "",
    "trailKmToSummit": "",
    "related": "TH-n1686912330(637m) TH-gsi-oto-shizugatake(896m)",
    "attributes": "operator=長浜市; busType=コミュニティバス; busRoutes=深坂線",
    "status": "adopted",
    "accuracyM": 10,
    "needsReview": "運行状況（季節運行・休止・予約制）を要確認、登山口から離れている（徒歩アプローチを要確認）",
    "sources": "国土数値情報（バス停留所データ）令和4年度（国土交通省）P11-22-25-bs62（35.500510, 136.207477、JGD2011）を加工して作成",
    "verifiedAt": ""
   }
  },
  {
   "type": "Feature",
   "geometry": {
    "type": "Point",
    "coordinates": [
     135.9322227,
     35.2943438
    ]
   },
   "properties": {
    "id": "BS-kP11-22-25-bs637",
    "kind": "bus_stop",
    "name": "畑",
    "datum": "WGS84",
    "mountainIds": "509",
    "mountainNames": "蛇谷ヶ峰",
    "lists": "関西百名山",
    "routes": "",
    "entryType": "",
    "trailKmToSummit": "",
    "related": "TH-n4942282381(766m)",
    "attributes": "operator=高島市; busType=コミュニティバス; busRoutes=畑線; network=高島市コミュニティバス",
    "status": "adopted",
    "accuracyM": 10,
    "needsReview": "運行状況（季節運行・休止・予約制）を要確認、登山口から離れている（徒歩アプローチを要確認）",
    "sources": "国土数値情報（バス停留所データ）令和4年度（国土交通省）P11-22-25-bs637（35.294344, 135.932223、JGD2011）を加工して作成 ｜ OpenStreetMap（© OpenStreetMap contributors, ODbL 1.0）Geofabrik japan-latest.osm.pbf 2026-09-23T20:22:04Z node/11848789122",
    "verifiedAt": ""
   }
  },
  {
   "type": "Feature",
   "geometry": {
    "type": "Point",
    "coordinates": [
     135.884877,
     35.2925841
    ]
   },
   "properties": {
    "id": "BS-kP11-22-25-bs641",
    "kind": "bus_stop",
    "name": "朽木栃生",
    "datum": "WGS84",
    "mountainIds": "509",
    "mountainNames": "蛇谷ヶ峰",
    "lists": "関西百名山",
    "routes": "",
    "entryType": "",
    "trailKmToSummit": "",
    "related": "TH-n10564749945(104m)",
    "attributes": "operator=京都バス（株）; busType=民間路線バス; busRoutes=10",
    "status": "adopted",
    "accuracyM": 10,
    "needsReview": "運行状況（季節運行・休止・予約制）を要確認",
    "sources": "国土数値情報（バス停留所データ）令和4年度（国土交通省）P11-22-25-bs641（35.292584, 135.884877、JGD2011）を加工して作成",
    "verifiedAt": ""
   }
  },
  {
   "type": "Feature",
   "geometry": {
    "type": "Point",
    "coordinates": [
     135.884877,
     35.2925841
    ]
   },
   "properties": {
    "id": "BS-kP11-22-25-bs642",
    "kind": "bus_stop",
    "name": "朽木栃生",
    "datum": "WGS84",
    "mountainIds": "509",
    "mountainNames": "蛇谷ヶ峰",
    "lists": "関西百名山",
    "routes": "",
    "entryType": "",
    "trailKmToSummit": "",
    "related": "TH-n10564749945(104m)",
    "attributes": "operator=高島市; busType=公営路線バス; busRoutes=針畑線",
    "status": "adopted",
    "accuracyM": 10,
    "needsReview": "運行状況（季節運行・休止・予約制）を要確認",
    "sources": "国土数値情報（バス停留所データ）令和4年度（国土交通省）P11-22-25-bs642（35.292584, 135.884877、JGD2011）を加工して作成",
    "verifiedAt": ""
   }
  },
  {
   "type": "Feature",
   "geometry": {
    "type": "Point",
    "coordinates": [
     135.8830459,
     35.2896769
    ]
   },
   "properties": {
    "id": "BS-kP11-22-25-bs645",
    "kind": "bus_stop",
    "name": "野街道",
    "datum": "WGS84",
    "mountainIds": "509",
    "mountainNames": "蛇谷ヶ峰",
    "lists": "関西百名山",
    "routes": "",
    "entryType": "",
    "trailKmToSummit": "",
    "related": "TH-n10564749945(264m)",
    "attributes": "operator=京都バス（株）; busType=民間路線バス; busRoutes=10",
    "status": "adopted",
    "accuracyM": 10,
    "needsReview": "運行状況（季節運行・休止・予約制）を要確認",
    "sources": "国土数値情報（バス停留所データ）令和4年度（国土交通省）P11-22-25-bs645（35.289677, 135.883046、JGD2011）を加工して作成",
    "verifiedAt": ""
   }
  },
  {
   "type": "Feature",
   "geometry": {
    "type": "Point",
    "coordinates": [
     136.1990135,
     35.4994999
    ]
   },
   "properties": {
    "id": "BS-kP11-22-25-bs65",
    "kind": "bus_stop",
    "name": "大音",
    "datum": "WGS84",
    "mountainIds": "447",
    "mountainNames": "賤ヶ岳",
    "lists": "関西百名山|東海の百山",
    "routes": "",
    "entryType": "",
    "trailKmToSummit": "",
    "related": "TH-w834429510(756m) TH-gsi-oto-shizugatake(313m)",
    "attributes": "operator=長浜市; busType=コミュニティバス; busRoutes=深坂線",
    "status": "adopted",
    "accuracyM": 10,
    "needsReview": "運行状況（季節運行・休止・予約制）を要確認、登山口から離れている（徒歩アプローチを要確認）",
    "sources": "国土数値情報（バス停留所データ）令和4年度（国土交通省）P11-22-25-bs65（35.499500, 136.199014、JGD2011）を加工して作成",
    "verifiedAt": ""
   }
  },
  {
   "type": "Feature",
   "geometry": {
    "type": "Point",
    "coordinates": [
     135.9291451,
     35.2758647
    ]
   },
   "properties": {
    "id": "BS-kP11-22-25-bs666",
    "kind": "bus_stop",
    "name": "ガリバー旅行村",
    "datum": "WGS84",
    "mountainIds": "509 522 544",
    "mountainNames": "蛇谷ヶ峰、武奈ヶ岳、蓬莱山",
    "lists": "関西百名山|日本二百名山|日本三百名山",
    "routes": "",
    "entryType": "",
    "trailKmToSummit": "",
    "related": "TH-n11848789126(11m)",
    "attributes": "operator=高島市; busType=コミュニティバス; busRoutes=畑線; network=高島市コミュニティバス",
    "status": "adopted",
    "accuracyM": 10,
    "needsReview": "運行状況（季節運行・休止・予約制）を要確認",
    "sources": "国土数値情報（バス停留所データ）令和4年度（国土交通省）P11-22-25-bs666（35.275865, 135.929145、JGD2011）を加工して作成 ｜ OpenStreetMap（© OpenStreetMap contributors, ODbL 1.0）Geofabrik japan-latest.osm.pbf 2026-09-23T20:22:04Z node/11848789126",
    "verifiedAt": ""
   }
  },
  {
   "type": "Feature",
   "geometry": {
    "type": "Point",
    "coordinates": [
     136.1885405,
     35.4993733
    ]
   },
   "properties": {
    "id": "BS-kP11-22-25-bs67",
    "kind": "bus_stop",
    "name": "近江山梨子",
    "datum": "WGS84",
    "mountainIds": "447",
    "mountainNames": "賤ヶ岳",
    "lists": "関西百名山|東海の百山",
    "routes": "",
    "entryType": "",
    "trailKmToSummit": "",
    "related": "TH-w834429510(576m) TH-gsi-oto-shizugatake(893m)",
    "attributes": "operator=長浜市; busType=コミュニティバス; busRoutes=深坂線",
    "status": "adopted",
    "accuracyM": 10,
    "needsReview": "運行状況（季節運行・休止・予約制）を要確認、登山口から離れている（徒歩アプローチを要確認）",
    "sources": "国土数値情報（バス停留所データ）令和4年度（国土交通省）P11-22-25-bs67（35.499373, 136.188540、JGD2011）を加工して作成",
    "verifiedAt": ""
   }
  },
  {
   "type": "Feature",
   "geometry": {
    "type": "Point",
    "coordinates": [
     136.0350604,
     35.4957594
    ]
   },
   "properties": {
    "id": "BS-kP11-22-25-bs75",
    "kind": "bus_stop",
    "name": "マキノ高原温泉さらさ",
    "datum": "WGS84",
    "mountainIds": "441",
    "mountainNames": "赤坂山",
    "lists": "関西百名山",
    "routes": "",
    "entryType": "",
    "trailKmToSummit": "",
    "related": "TH-n1384051346(388m) TH-n1384051118(767m)",
    "attributes": "operator=高島市; busType=コミュニティバス; busRoutes=マキノ高原線",
    "status": "adopted",
    "accuracyM": 10,
    "needsReview": "運行状況（季節運行・休止・予約制）を要確認、登山口から離れている（徒歩アプローチを要確認）",
    "sources": "国土数値情報（バス停留所データ）令和4年度（国土交通省）P11-22-25-bs75（35.495759, 136.035060、JGD2011）を加工して作成",
    "verifiedAt": ""
   }
  },
  {
   "type": "Feature",
   "geometry": {
    "type": "Point",
    "coordinates": [
     135.86749,
     35.2467469
    ]
   },
   "properties": {
    "id": "BS-kP11-22-25-bs755",
    "kind": "bus_stop",
    "name": "坊村",
    "datum": "WGS84",
    "mountainIds": "509 544",
    "mountainNames": "蛇谷ヶ峰、蓬莱山",
    "lists": "関西百名山|日本三百名山",
    "routes": "",
    "entryType": "",
    "trailKmToSummit": "",
    "related": "TH-n1353602225(119m)",
    "attributes": "operator=京都バス（株）; busType=民間路線バス; busRoutes=10",
    "status": "adopted",
    "accuracyM": 10,
    "needsReview": "運行状況（季節運行・休止・予約制）を要確認",
    "sources": "国土数値情報（バス停留所データ）令和4年度（国土交通省）P11-22-25-bs755（35.246747, 135.867490、JGD2011）を加工して作成",
    "verifiedAt": ""
   }
  },
  {
   "type": "Feature",
   "geometry": {
    "type": "Point",
    "coordinates": [
     135.86749,
     35.2467469
    ]
   },
   "properties": {
    "id": "BS-kP11-22-25-bs756",
    "kind": "bus_stop",
    "name": "坊村",
    "datum": "WGS84",
    "mountainIds": "509 544",
    "mountainNames": "蛇谷ヶ峰、蓬莱山",
    "lists": "関西百名山|日本三百名山",
    "routes": "",
    "entryType": "",
    "trailKmToSummit": "",
    "related": "TH-n1353602225(119m)",
    "attributes": "operator=江若交通（株）; busType=民間路線バス; busRoutes=51　堅田葛川線",
    "status": "adopted",
    "accuracyM": 10,
    "needsReview": "運行状況（季節運行・休止・予約制）を要確認",
    "sources": "国土数値情報（バス停留所データ）令和4年度（国土交通省）P11-22-25-bs756（35.246747, 135.867490、JGD2011）を加工して作成",
    "verifiedAt": ""
   }
  },
  {
   "type": "Feature",
   "geometry": {
    "type": "Point",
    "coordinates": [
     135.8667456,
     35.2436486
    ]
   },
   "properties": {
    "id": "BS-kP11-22-25-bs763",
    "kind": "bus_stop",
    "name": "郵便局前",
    "datum": "WGS84",
    "mountainIds": "509 544",
    "mountainNames": "蛇谷ヶ峰、蓬莱山",
    "lists": "関西百名山|日本三百名山",
    "routes": "",
    "entryType": "",
    "trailKmToSummit": "",
    "related": "TH-n1353602225(432m)",
    "attributes": "operator=京都バス（株）; busType=民間路線バス; busRoutes=10",
    "status": "adopted",
    "accuracyM": 10,
    "needsReview": "運行状況（季節運行・休止・予約制）を要確認",
    "sources": "国土数値情報（バス停留所データ）令和4年度（国土交通省）P11-22-25-bs763（35.243649, 135.866746、JGD2011）を加工して作成",
    "verifiedAt": ""
   }
  },
  {
   "type": "Feature",
   "geometry": {
    "type": "Point",
    "coordinates": [
     135.9309998,
     35.236936
    ]
   },
   "properties": {
    "id": "BS-kP11-22-25-bs773",
    "kind": "bus_stop",
    "name": "比良イン谷口",
    "datum": "WGS84",
    "mountainIds": "544",
    "mountainNames": "蓬莱山",
    "lists": "日本三百名山|関西百名山",
    "routes": "",
    "entryType": "",
    "trailKmToSummit": "",
    "related": "TH-n1759302993(118m)",
    "attributes": "operator=江若交通（株）; busType=民間路線バス; busRoutes=130　比良登山線",
    "status": "adopted",
    "accuracyM": 10,
    "needsReview": "運行状況（季節運行・休止・予約制）を要確認",
    "sources": "国土数値情報（バス停留所データ）令和4年度（国土交通省）P11-22-25-bs773（35.236936, 135.931000、JGD2011）を加工して作成",
    "verifiedAt": ""
   }
  },
  {
   "type": "Feature",
   "geometry": {
    "type": "Point",
    "coordinates": [
     136.0374601,
     35.4912873
    ]
   },
   "properties": {
    "id": "BS-kP11-22-25-bs81",
    "kind": "bus_stop",
    "name": "マキノ高原民宿村",
    "datum": "WGS84",
    "mountainIds": "441",
    "mountainNames": "赤坂山",
    "lists": "関西百名山",
    "routes": "",
    "entryType": "",
    "trailKmToSummit": "",
    "related": "TH-n1384051346(854m)",
    "attributes": "operator=高島市; busType=コミュニティバス; busRoutes=マキノ高原線",
    "status": "adopted",
    "accuracyM": 10,
    "needsReview": "運行状況（季節運行・休止・予約制）を要確認、登山口から離れている（徒歩アプローチを要確認）",
    "sources": "国土数値情報（バス停留所データ）令和4年度（国土交通省）P11-22-25-bs81（35.491287, 136.037460、JGD2011）を加工して作成",
    "verifiedAt": ""
   }
  },
  {
   "type": "Feature",
   "geometry": {
    "type": "Point",
    "coordinates": [
     135.8619683,
     35.2185554
    ]
   },
   "properties": {
    "id": "BS-kP11-22-25-bs815",
    "kind": "bus_stop",
    "name": "下坂下",
    "datum": "WGS84",
    "mountainIds": "544",
    "mountainNames": "蓬莱山",
    "lists": "日本三百名山|関西百名山",
    "routes": "",
    "entryType": "",
    "trailKmToSummit": "",
    "related": "TH-n4936269294(800m)",
    "attributes": "operator=京都バス（株）; busType=民間路線バス; busRoutes=10",
    "status": "adopted",
    "accuracyM": 10,
    "needsReview": "運行状況（季節運行・休止・予約制）を要確認、登山口から離れている（徒歩アプローチを要確認）",
    "sources": "国土数値情報（バス停留所データ）令和4年度（国土交通省）P11-22-25-bs815（35.218555, 135.861968、JGD2011）を加工して作成",
    "verifiedAt": ""
   }
  },
  {
   "type": "Feature",
   "geometry": {
    "type": "Point",
    "coordinates": [
     135.8619683,
     35.2185554
    ]
   },
   "properties": {
    "id": "BS-kP11-22-25-bs816",
    "kind": "bus_stop",
    "name": "下坂下",
    "datum": "WGS84",
    "mountainIds": "544",
    "mountainNames": "蓬莱山",
    "lists": "日本三百名山|関西百名山",
    "routes": "",
    "entryType": "",
    "trailKmToSummit": "",
    "related": "TH-n4936269294(800m)",
    "attributes": "operator=江若交通（株）; busType=民間路線バス; busRoutes=51　堅田葛川線",
    "status": "adopted",
    "accuracyM": 10,
    "needsReview": "運行状況（季節運行・休止・予約制）を要確認、登山口から離れている（徒歩アプローチを要確認）",
    "sources": "国土数値情報（バス停留所データ）令和4年度（国土交通省）P11-22-25-bs816（35.218555, 135.861968、JGD2011）を加工して作成",
    "verifiedAt": ""
   }
  },
  {
   "type": "Feature",
   "geometry": {
    "type": "Point",
    "coordinates": [
     135.8565437,
     35.2098942
    ]
   },
   "properties": {
    "id": "BS-kP11-22-25-bs835",
    "kind": "bus_stop",
    "name": "新道足尾谷橋",
    "datum": "WGS84",
    "mountainIds": "544",
    "mountainNames": "蓬莱山",
    "lists": "日本三百名山|関西百名山",
    "routes": "",
    "entryType": "",
    "trailKmToSummit": "",
    "related": "TH-n4936269294(295m)",
    "attributes": "operator=京都バス（株）; busType=民間路線バス; busRoutes=10",
    "status": "adopted",
    "accuracyM": 10,
    "needsReview": "運行状況（季節運行・休止・予約制）を要確認",
    "sources": "国土数値情報（バス停留所データ）令和4年度（国土交通省）P11-22-25-bs835（35.209894, 135.856544、JGD2011）を加工して作成",
    "verifiedAt": ""
   }
  },
  {
   "type": "Feature",
   "geometry": {
    "type": "Point",
    "coordinates": [
     135.8610427,
     35.1979913
    ]
   },
   "properties": {
    "id": "BS-kP11-22-25-bs862",
    "kind": "bus_stop",
    "name": "平",
    "datum": "WGS84",
    "mountainIds": "522 544 547",
    "mountainNames": "武奈ヶ岳、蓬莱山、皆子山",
    "lists": "日本二百名山|日本三百名山|関西百名山",
    "routes": "",
    "entryType": "",
    "trailKmToSummit": "",
    "related": "TH-kP11-22-25-bs862(0m) TH-gsi-taira-minako(154m)",
    "attributes": "operator=京都バス（株）; busType=民間路線バス; busRoutes=10",
    "status": "adopted",
    "accuracyM": 10,
    "needsReview": "運行状況（季節運行・休止・予約制）を要確認",
    "sources": "国土数値情報（バス停留所データ）令和4年度（国土交通省）P11-22-25-bs862（35.197991, 135.861043、JGD2011）を加工して作成",
    "verifiedAt": ""
   }
  },
  {
   "type": "Feature",
   "geometry": {
    "type": "Point",
    "coordinates": [
     135.8610427,
     35.1979913
    ]
   },
   "properties": {
    "id": "BS-kP11-22-25-bs863",
    "kind": "bus_stop",
    "name": "平",
    "datum": "WGS84",
    "mountainIds": "522 544 547",
    "mountainNames": "武奈ヶ岳、蓬莱山、皆子山",
    "lists": "日本二百名山|日本三百名山|関西百名山",
    "routes": "",
    "entryType": "",
    "trailKmToSummit": "",
    "related": "TH-kP11-22-25-bs862(0m) TH-gsi-taira-minako(154m)",
    "attributes": "operator=江若交通（株）; busType=民間路線バス; busRoutes=51　堅田葛川線",
    "status": "adopted",
    "accuracyM": 10,
    "needsReview": "運行状況（季節運行・休止・予約制）を要確認",
    "sources": "国土数値情報（バス停留所データ）令和4年度（国土交通省）P11-22-25-bs863（35.197991, 135.861043、JGD2011）を加工して作成",
    "verifiedAt": ""
   }
  },
  {
   "type": "Feature",
   "geometry": {
    "type": "Point",
    "coordinates": [
     135.8783868,
     35.1606542
    ]
   },
   "properties": {
    "id": "BS-kP11-22-25-bs944",
    "kind": "bus_stop",
    "name": "上龍華",
    "datum": "WGS84",
    "mountainIds": "544",
    "mountainNames": "蓬莱山",
    "lists": "日本三百名山|関西百名山",
    "routes": "",
    "entryType": "",
    "trailKmToSummit": "",
    "related": "TH-kP11-22-25-bs944(0m)",
    "attributes": "operator=江若交通（株）; busType=民間路線バス; busRoutes=56　堅田葛川線",
    "status": "adopted",
    "accuracyM": 10,
    "needsReview": "運行状況（季節運行・休止・予約制）を要確認",
    "sources": "国土数値情報（バス停留所データ）令和4年度（国土交通省）P11-22-25-bs944（35.160654, 135.878387、JGD2011）を加工して作成",
    "verifiedAt": ""
   }
  },
  {
   "type": "Feature",
   "geometry": {
    "type": "Point",
    "coordinates": [
     135.8694104,
     35.1580237
    ]
   },
   "properties": {
    "id": "BS-kP11-22-25-bs953",
    "kind": "bus_stop",
    "name": "北部クリーンセンター前",
    "datum": "WGS84",
    "mountainIds": "544",
    "mountainNames": "蓬莱山",
    "lists": "日本三百名山|関西百名山",
    "routes": "",
    "entryType": "",
    "trailKmToSummit": "",
    "related": "TH-kP11-22-25-bs944(867m)",
    "attributes": "operator=江若交通（株）; busType=民間路線バス; busRoutes=51　堅田葛川線 / 56　堅田葛川線",
    "status": "adopted",
    "accuracyM": 10,
    "needsReview": "運行状況（季節運行・休止・予約制）を要確認、登山口から離れている（徒歩アプローチを要確認）",
    "sources": "国土数値情報（バス停留所データ）令和4年度（国土交通省）P11-22-25-bs953（35.158024, 135.869410、JGD2011）を加工して作成",
    "verifiedAt": ""
   }
  },
  {
   "type": "Feature",
   "geometry": {
    "type": "Point",
    "coordinates": [
     135.8762732,
     35.1555987
    ]
   },
   "properties": {
    "id": "BS-kP11-22-25-bs962",
    "kind": "bus_stop",
    "name": "龍華道",
    "datum": "WGS84",
    "mountainIds": "544",
    "mountainNames": "蓬莱山",
    "lists": "日本三百名山|関西百名山",
    "routes": "",
    "entryType": "",
    "trailKmToSummit": "",
    "related": "TH-kP11-22-25-bs944(591m)",
    "attributes": "operator=江若交通（株）; busType=民間路線バス; busRoutes=51　堅田葛川線 / 56　堅田葛川線",
    "status": "adopted",
    "accuracyM": 10,
    "needsReview": "運行状況（季節運行・休止・予約制）を要確認",
    "sources": "国土数値情報（バス停留所データ）令和4年度（国土交通省）P11-22-25-bs962（35.155599, 135.876273、JGD2011）を加工して作成",
    "verifiedAt": ""
   }
  },
  {
   "type": "Feature",
   "geometry": {
    "type": "Point",
    "coordinates": [
     135.5057363,
     35.2742994
    ]
   },
   "properties": {
    "id": "BS-kP11-22-26-bs1313",
    "kind": "bus_stop",
    "name": "保育所前",
    "datum": "WGS84",
    "mountainIds": "514",
    "mountainNames": "長老ヶ岳",
    "lists": "関西百名山",
    "routes": "",
    "entryType": "",
    "trailKmToSummit": "",
    "related": "TH-n1657309342(347m)",
    "attributes": "operator=南丹市; busType=公営路線バス; busRoutes=大野線（南丹市） / 大野線",
    "status": "adopted",
    "accuracyM": 10,
    "needsReview": "運行状況（季節運行・休止・予約制）を要確認",
    "sources": "国土数値情報（バス停留所データ）令和4年度（国土交通省）P11-22-26-bs1313（35.274299, 135.505736、JGD2011）を加工して作成",
    "verifiedAt": ""
   }
  },
  {
   "type": "Feature",
   "geometry": {
    "type": "Point",
    "coordinates": [
     135.5037568,
     35.2726582
    ]
   },
   "properties": {
    "id": "BS-kP11-22-26-bs1318",
    "kind": "bus_stop",
    "name": "岩江戸",
    "datum": "WGS84",
    "mountainIds": "514",
    "mountainNames": "長老ヶ岳",
    "lists": "関西百名山",
    "routes": "",
    "entryType": "",
    "trailKmToSummit": "",
    "related": "TH-n1657309342(479m)",
    "attributes": "operator=南丹市; busType=公営路線バス; busRoutes=大野線（南丹市） / 大野線",
    "status": "adopted",
    "accuracyM": 10,
    "needsReview": "運行状況（季節運行・休止・予約制）を要確認",
    "sources": "国土数値情報（バス停留所データ）令和4年度（国土交通省）P11-22-26-bs1318（35.272658, 135.503757、JGD2011）を加工して作成",
    "verifiedAt": ""
   }
  },
  {
   "type": "Feature",
   "geometry": {
    "type": "Point",
    "coordinates": [
     135.5012106,
     35.271
    ]
   },
   "properties": {
    "id": "BS-kP11-22-26-bs1327",
    "kind": "bus_stop",
    "name": "下岩江戸",
    "datum": "WGS84",
    "mountainIds": "514",
    "mountainNames": "長老ヶ岳",
    "lists": "関西百名山",
    "routes": "",
    "entryType": "",
    "trailKmToSummit": "",
    "related": "TH-n1657309342(701m)",
    "attributes": "operator=南丹市; busType=公営路線バス; busRoutes=大野線（南丹市） / 大野線",
    "status": "adopted",
    "accuracyM": 10,
    "needsReview": "運行状況（季節運行・休止・予約制）を要確認、登山口から離れている（徒歩アプローチを要確認）",
    "sources": "国土数値情報（バス停留所データ）令和4年度（国土交通省）P11-22-26-bs1327（35.271000, 135.501211、JGD2011）を加工して作成",
    "verifiedAt": ""
   }
  },
  {
   "type": "Feature",
   "geometry": {
    "type": "Point",
    "coordinates": [
     135.4942352,
     35.268149
    ]
   },
   "properties": {
    "id": "BS-kP11-22-26-bs1333",
    "kind": "bus_stop",
    "name": "肱谷",
    "datum": "WGS84",
    "mountainIds": "514",
    "mountainNames": "長老ヶ岳",
    "lists": "関西百名山",
    "routes": "",
    "entryType": "",
    "trailKmToSummit": "",
    "related": "TH-n1657308487(828m)",
    "attributes": "operator=南丹市; busType=公営路線バス; busRoutes=大野線（南丹市） / 大野線",
    "status": "adopted",
    "accuracyM": 10,
    "needsReview": "運行状況（季節運行・休止・予約制）を要確認、登山口から離れている（徒歩アプローチを要確認）",
    "sources": "国土数値情報（バス停留所データ）令和4年度（国土交通省）P11-22-26-bs1333（35.268149, 135.494235、JGD2011）を加工して作成",
    "verifiedAt": ""
   }
  },
  {
   "type": "Feature",
   "geometry": {
    "type": "Point",
    "coordinates": [
     135.4304795,
     35.2639821
    ]
   },
   "properties": {
    "id": "BS-kP11-22-26-bs1349",
    "kind": "bus_stop",
    "name": "篠原",
    "datum": "WGS84",
    "mountainIds": "514",
    "mountainNames": "長老ヶ岳",
    "lists": "関西百名山",
    "routes": "",
    "entryType": "",
    "trailKmToSummit": "",
    "related": "TH-n1675648838(486m)",
    "attributes": "operator=南丹市; busType=公営路線バス; busRoutes=大野線（南丹市） / 大野線",
    "status": "adopted",
    "accuracyM": 10,
    "needsReview": "運行状況（季節運行・休止・予約制）を要確認",
    "sources": "国土数値情報（バス停留所データ）令和4年度（国土交通省）P11-22-26-bs1349（35.263982, 135.430480、JGD2011）を加工して作成",
    "verifiedAt": ""
   }
  },
  {
   "type": "Feature",
   "geometry": {
    "type": "Point",
    "coordinates": [
     135.4361841,
     35.2638899
    ]
   },
   "properties": {
    "id": "BS-kP11-22-26-bs1350",
    "kind": "bus_stop",
    "name": "大迫",
    "datum": "WGS84",
    "mountainIds": "514",
    "mountainNames": "長老ヶ岳",
    "lists": "関西百名山",
    "routes": "",
    "entryType": "",
    "trailKmToSummit": "",
    "related": "TH-n1675648838(151m)",
    "attributes": "operator=南丹市; busType=公営路線バス; busRoutes=大野線（南丹市） / 大野線",
    "status": "adopted",
    "accuracyM": 10,
    "needsReview": "運行状況（季節運行・休止・予約制）を要確認",
    "sources": "国土数値情報（バス停留所データ）令和4年度（国土交通省）P11-22-26-bs1350（35.263890, 135.436184、JGD2011）を加工して作成",
    "verifiedAt": ""
   }
  },
  {
   "type": "Feature",
   "geometry": {
    "type": "Point",
    "coordinates": [
     135.4476368,
     35.2635565
    ]
   },
   "properties": {
    "id": "BS-kP11-22-26-bs1351",
    "kind": "bus_stop",
    "name": "塩谷口",
    "datum": "WGS84",
    "mountainIds": "514",
    "mountainNames": "長老ヶ岳",
    "lists": "関西百名山",
    "routes": "",
    "entryType": "",
    "trailKmToSummit": "",
    "related": "TH-n5267854837(63m)",
    "attributes": "operator=南丹市; busType=公営路線バス; busRoutes=大野線（南丹市） / 大野線",
    "status": "adopted",
    "accuracyM": 10,
    "needsReview": "運行状況（季節運行・休止・予約制）を要確認",
    "sources": "国土数値情報（バス停留所データ）令和4年度（国土交通省）P11-22-26-bs1351（35.263557, 135.447637、JGD2011）を加工して作成 ｜ OpenStreetMap（© OpenStreetMap contributors, ODbL 1.0）Geofabrik japan-latest.osm.pbf 2026-09-23T20:22:04Z node/5267854698",
    "verifiedAt": ""
   }
  },
  {
   "type": "Feature",
   "geometry": {
    "type": "Point",
    "coordinates": [
     135.4291266,
     35.2614643
    ]
   },
   "properties": {
    "id": "BS-kP11-22-26-bs1357",
    "kind": "bus_stop",
    "name": "上市場",
    "datum": "WGS84",
    "mountainIds": "514",
    "mountainNames": "長老ヶ岳",
    "lists": "関西百名山",
    "routes": "",
    "entryType": "",
    "trailKmToSummit": "",
    "related": "TH-n1675648838(720m)",
    "attributes": "operator=南丹市; busType=公営路線バス; busRoutes=大野線（南丹市） / 大野線",
    "status": "adopted",
    "accuracyM": 10,
    "needsReview": "運行状況（季節運行・休止・予約制）を要確認、登山口から離れている（徒歩アプローチを要確認）",
    "sources": "国土数値情報（バス停留所データ）令和4年度（国土交通省）P11-22-26-bs1357（35.261464, 135.429127、JGD2011）を加工して作成",
    "verifiedAt": ""
   }
  },
  {
   "type": "Feature",
   "geometry": {
    "type": "Point",
    "coordinates": [
     135.452695,
     35.2614299
    ]
   },
   "properties": {
    "id": "BS-kP11-22-26-bs1358",
    "kind": "bus_stop",
    "name": "長瀬",
    "datum": "WGS84",
    "mountainIds": "514",
    "mountainNames": "長老ヶ岳",
    "lists": "関西百名山",
    "routes": "",
    "entryType": "",
    "trailKmToSummit": "",
    "related": "TH-n5267854837(508m)",
    "attributes": "operator=南丹市; busType=公営路線バス; busRoutes=大野線（南丹市） / 大野線",
    "status": "adopted",
    "accuracyM": 10,
    "needsReview": "運行状況（季節運行・休止・予約制）を要確認",
    "sources": "国土数値情報（バス停留所データ）令和4年度（国土交通省）P11-22-26-bs1358（35.261430, 135.452695、JGD2011）を加工して作成 ｜ OpenStreetMap（© OpenStreetMap contributors, ODbL 1.0）Geofabrik japan-latest.osm.pbf 2026-09-23T20:22:04Z node/5267854696",
    "verifiedAt": ""
   }
  },
  {
   "type": "Feature",
   "geometry": {
    "type": "Point",
    "coordinates": [
     135.4447421,
     35.2614062
    ]
   },
   "properties": {
    "id": "BS-kP11-22-26-bs1359",
    "kind": "bus_stop",
    "name": "経塚",
    "datum": "WGS84",
    "mountainIds": "514",
    "mountainNames": "長老ヶ岳",
    "lists": "関西百名山",
    "routes": "",
    "entryType": "",
    "trailKmToSummit": "",
    "related": "TH-n5267854837(303m)",
    "attributes": "operator=南丹市; busType=公営路線バス; busRoutes=大野線（南丹市） / 大野線",
    "status": "adopted",
    "accuracyM": 10,
    "needsReview": "運行状況（季節運行・休止・予約制）を要確認",
    "sources": "国土数値情報（バス停留所データ）令和4年度（国土交通省）P11-22-26-bs1359（35.261406, 135.444742、JGD2011）を加工して作成 ｜ OpenStreetMap（© OpenStreetMap contributors, ODbL 1.0）Geofabrik japan-latest.osm.pbf 2026-09-23T20:22:04Z node/5267854700",
    "verifiedAt": ""
   }
  },
  {
   "type": "Feature",
   "geometry": {
    "type": "Point",
    "coordinates": [
     135.7833289,
     35.1729941
    ]
   },
   "properties": {
    "id": "BS-kP11-22-26-bs1583",
    "kind": "bus_stop",
    "name": "花背山の家前",
    "datum": "WGS84",
    "mountainIds": "556",
    "mountainNames": "雲取山",
    "lists": "関西百名山",
    "routes": "",
    "entryType": "",
    "trailKmToSummit": "",
    "related": "TH-n9455348398(280m)",
    "attributes": "operator=京都バス（株）; busType=民間路線バス; busRoutes=32",
    "status": "adopted",
    "accuracyM": 10,
    "needsReview": "運行状況（季節運行・休止・予約制）を要確認",
    "sources": "国土数値情報（バス停留所データ）令和4年度（国土交通省）P11-22-26-bs1583（35.172994, 135.783329、JGD2011）を加工して作成 ｜ OpenStreetMap（© OpenStreetMap contributors, ODbL 1.0）Geofabrik japan-latest.osm.pbf 2026-09-23T20:22:04Z node/9455348400",
    "verifiedAt": ""
   }
  },
  {
   "type": "Feature",
   "geometry": {
    "type": "Point",
    "coordinates": [
     135.7828003,
     35.1715642
    ]
   },
   "properties": {
    "id": "BS-kP11-22-26-bs1587",
    "kind": "bus_stop",
    "name": "別所中の町",
    "datum": "WGS84",
    "mountainIds": "556",
    "mountainNames": "雲取山",
    "lists": "関西百名山",
    "routes": "",
    "entryType": "",
    "trailKmToSummit": "",
    "related": "TH-n9455348398(115m) TH-n1368926560(632m)",
    "attributes": "operator=京都バス（株）; busType=民間路線バス; busRoutes=32",
    "status": "adopted",
    "accuracyM": 10,
    "needsReview": "運行状況（季節運行・休止・予約制）を要確認、登山口から離れている（徒歩アプローチを要確認）",
    "sources": "国土数値情報（バス停留所データ）令和4年度（国土交通省）P11-22-26-bs1587（35.171564, 135.782800、JGD2011）を加工して作成 ｜ OpenStreetMap（© OpenStreetMap contributors, ODbL 1.0）Geofabrik japan-latest.osm.pbf 2026-09-23T20:22:04Z node/9455348399",
    "verifiedAt": ""
   }
  },
  {
   "type": "Feature",
   "geometry": {
    "type": "Point",
    "coordinates": [
     135.782635,
     35.1705693
    ]
   },
   "properties": {
    "id": "BS-kP11-22-26-bs1588",
    "kind": "bus_stop",
    "name": "花背高原前",
    "datum": "WGS84",
    "mountainIds": "556",
    "mountainNames": "雲取山",
    "lists": "関西百名山",
    "routes": "",
    "entryType": "",
    "trailKmToSummit": "",
    "related": "TH-n9455348398(7m) TH-n9455348397(398m) TH-n1368926560(626m) TH-n3780474361(620m)",
    "attributes": "operator=京都バス（株）; busType=民間路線バス; busRoutes=32",
    "status": "adopted",
    "accuracyM": 10,
    "needsReview": "運行状況（季節運行・休止・予約制）を要確認、登山口から離れている（徒歩アプローチを要確認）",
    "sources": "国土数値情報（バス停留所データ）令和4年度（国土交通省）P11-22-26-bs1588（35.170569, 135.782635、JGD2011）を加工して作成 ｜ OpenStreetMap（© OpenStreetMap contributors, ODbL 1.0）Geofabrik japan-latest.osm.pbf 2026-09-23T20:22:04Z node/9455348398",
    "verifiedAt": ""
   }
  },
  {
   "type": "Feature",
   "geometry": {
    "type": "Point",
    "coordinates": [
     135.7813665,
     35.1670839
    ]
   },
   "properties": {
    "id": "BS-kP11-22-26-bs1593",
    "kind": "bus_stop",
    "name": "堂ノ町",
    "datum": "WGS84",
    "mountainIds": "556",
    "mountainNames": "雲取山",
    "lists": "関西百名山",
    "routes": "",
    "entryType": "",
    "trailKmToSummit": "",
    "related": "TH-n9455348397(4m) TH-n1368926560(700m) TH-n3780474361(410m)",
    "attributes": "operator=京都バス（株）; busType=民間路線バス; busRoutes=32",
    "status": "adopted",
    "accuracyM": 10,
    "needsReview": "運行状況（季節運行・休止・予約制）を要確認、登山口から離れている（徒歩アプローチを要確認）",
    "sources": "国土数値情報（バス停留所データ）令和4年度（国土交通省）P11-22-26-bs1593（35.167084, 135.781367、JGD2011）を加工して作成 ｜ OpenStreetMap（© OpenStreetMap contributors, ODbL 1.0）Geofabrik japan-latest.osm.pbf 2026-09-23T20:22:04Z node/9455348397",
    "verifiedAt": ""
   }
  },
  {
   "type": "Feature",
   "geometry": {
    "type": "Point",
    "coordinates": [
     135.7805666,
     35.1651991
    ]
   },
   "properties": {
    "id": "BS-kP11-22-26-bs1598",
    "kind": "bus_stop",
    "name": "別所上の町",
    "datum": "WGS84",
    "mountainIds": "556",
    "mountainNames": "雲取山",
    "lists": "関西百名山",
    "routes": "",
    "entryType": "",
    "trailKmToSummit": "",
    "related": "TH-n9455348397(224m) TH-n3780474361(423m)",
    "attributes": "operator=京都バス（株）; busType=民間路線バス; busRoutes=32",
    "status": "adopted",
    "accuracyM": 10,
    "needsReview": "運行状況（季節運行・休止・予約制）を要確認",
    "sources": "国土数値情報（バス停留所データ）令和4年度（国土交通省）P11-22-26-bs1598（35.165199, 135.780567、JGD2011）を加工して作成 ｜ OpenStreetMap（© OpenStreetMap contributors, ODbL 1.0）Geofabrik japan-latest.osm.pbf 2026-09-23T20:22:04Z node/9455348396",
    "verifiedAt": ""
   }
  },
  {
   "type": "Feature",
   "geometry": {
    "type": "Point",
    "coordinates": [
     135.6108321,
     35.0823645
    ]
   },
   "properties": {
    "id": "BS-kP11-22-26-bs1819",
    "kind": "bus_stop",
    "name": "宕陰小学校前",
    "datum": "WGS84",
    "mountainIds": "593",
    "mountainNames": "愛宕山",
    "lists": "日本三百名山|関西百名山",
    "routes": "",
    "entryType": "",
    "trailKmToSummit": "",
    "related": "TH-n1651261599(815m)",
    "attributes": "operator=京阪京都交通（株）; busType=民間路線バス; busRoutes=41・41B・43・43B",
    "status": "adopted",
    "accuracyM": 10,
    "needsReview": "運行状況（季節運行・休止・予約制）を要確認、登山口から離れている（徒歩アプローチを要確認）",
    "sources": "国土数値情報（バス停留所データ）令和4年度（国土交通省）P11-22-26-bs1819（35.082365, 135.610832、JGD2011）を加工して作成 ｜ OpenStreetMap（© OpenStreetMap contributors, ODbL 1.0）Geofabrik japan-latest.osm.pbf 2026-09-23T20:22:04Z node/10792776137",
    "verifiedAt": ""
   }
  },
  {
   "type": "Feature",
   "geometry": {
    "type": "Point",
    "coordinates": [
     135.610795,
     35.0749786
    ]
   },
   "properties": {
    "id": "BS-kP11-22-26-bs1855",
    "kind": "bus_stop",
    "name": "宕陰出張所前",
    "datum": "WGS84",
    "mountainIds": "593",
    "mountainNames": "愛宕山",
    "lists": "日本三百名山|関西百名山",
    "routes": "",
    "entryType": "",
    "trailKmToSummit": "",
    "related": "TH-n1651261599(1m) TH-n1651260849(369m) TH-n1344185567(919m)",
    "attributes": "operator=京阪京都交通（株）; busType=民間路線バス; busRoutes=41・41B・43・43B",
    "status": "adopted",
    "accuracyM": 10,
    "needsReview": "運行状況（季節運行・休止・予約制）を要確認、登山口から離れている（徒歩アプローチを要確認）",
    "sources": "国土数値情報（バス停留所データ）令和4年度（国土交通省）P11-22-26-bs1855（35.074979, 135.610795、JGD2011）を加工して作成 ｜ OpenStreetMap（© OpenStreetMap contributors, ODbL 1.0）Geofabrik japan-latest.osm.pbf 2026-09-23T20:22:04Z node/10792776138",
    "verifiedAt": ""
   }
  },
  {
   "type": "Feature",
   "geometry": {
    "type": "Point",
    "coordinates": [
     135.6110139,
     35.0723096
    ]
   },
   "properties": {
    "id": "BS-kP11-22-26-bs1868",
    "kind": "bus_stop",
    "name": "原",
    "datum": "WGS84",
    "mountainIds": "593",
    "mountainNames": "愛宕山",
    "lists": "日本三百名山|関西百名山",
    "routes": "",
    "entryType": "",
    "trailKmToSummit": "",
    "related": "TH-n1651261599(297m) TH-n1651260849(74m) TH-n1344185567(624m)",
    "attributes": "operator=京阪京都交通（株）; busType=民間路線バス; busRoutes=41・41B・43・43B",
    "status": "adopted",
    "accuracyM": 10,
    "needsReview": "運行状況（季節運行・休止・予約制）を要確認、登山口から離れている（徒歩アプローチを要確認）",
    "sources": "国土数値情報（バス停留所データ）令和4年度（国土交通省）P11-22-26-bs1868（35.072310, 135.611014、JGD2011）を加工して作成 ｜ OpenStreetMap（© OpenStreetMap contributors, ODbL 1.0）Geofabrik japan-latest.osm.pbf 2026-09-23T20:22:04Z node/10792776139",
    "verifiedAt": ""
   }
  },
  {
   "type": "Feature",
   "geometry": {
    "type": "Point",
    "coordinates": [
     135.8319953,
     35.0658405
    ]
   },
   "properties": {
    "id": "BS-kP11-22-26-bs1898",
    "kind": "bus_stop",
    "name": "比叡山頂",
    "datum": "WGS84",
    "mountainIds": "590",
    "mountainNames": "比叡山",
    "lists": "日本三百名山|関西百名山",
    "routes": "",
    "entryType": "",
    "trailKmToSummit": "",
    "related": "TH-w55072277(16m) TH-w55072277(16m) TH-w356938602(431m) TH-w356938602(431m)",
    "attributes": "operator=京阪バス（株）; busType=民間路線バス; busRoutes=57比叡山頂～京都駅 / 56A比山～平～山～三 / 56比叡山～平～三",
    "status": "adopted",
    "accuracyM": 10,
    "needsReview": "運行状況（季節運行・休止・予約制）を要確認",
    "sources": "国土数値情報（バス停留所データ）令和4年度（国土交通省）P11-22-26-bs1898（35.065840, 135.831995、JGD2011）を加工して作成 ｜ OpenStreetMap（© OpenStreetMap contributors, ODbL 1.0）Geofabrik japan-latest.osm.pbf 2026-09-23T20:22:04Z node/9409820533",
    "verifiedAt": ""
   }
  },
  {
   "type": "Feature",
   "geometry": {
    "type": "Point",
    "coordinates": [
     135.8319953,
     35.0658405
    ]
   },
   "properties": {
    "id": "BS-kP11-22-26-bs1899",
    "kind": "bus_stop",
    "name": "比叡山頂",
    "datum": "WGS84",
    "mountainIds": "590",
    "mountainNames": "比叡山",
    "lists": "日本三百名山|関西百名山",
    "routes": "",
    "entryType": "",
    "trailKmToSummit": "",
    "related": "TH-w55072277(16m) TH-w356938602(431m)",
    "attributes": "operator=京都バス（株）; busType=民間路線バス; busRoutes=51",
    "status": "adopted",
    "accuracyM": 10,
    "needsReview": "運行状況（季節運行・休止・予約制）を要確認",
    "sources": "国土数値情報（バス停留所データ）令和4年度（国土交通省）P11-22-26-bs1899（35.065840, 135.831995、JGD2011）を加工して作成",
    "verifiedAt": ""
   }
  },
  {
   "type": "Feature",
   "geometry": {
    "type": "Point",
    "coordinates": [
     135.65851,
     35.0365629
    ]
   },
   "properties": {
    "id": "BS-kP11-22-26-bs2173",
    "kind": "bus_stop",
    "name": "清滝",
    "datum": "WGS84",
    "mountainIds": "593",
    "mountainNames": "愛宕山",
    "lists": "日本三百名山|関西百名山",
    "routes": "",
    "entryType": "",
    "trailKmToSummit": "",
    "related": "TH-n3733870869(329m) TH-n3733873420(852m)",
    "attributes": "operator=京都バス（株）; busType=民間路線バス; busRoutes=62 / 72 / 92",
    "status": "adopted",
    "accuracyM": 10,
    "needsReview": "運行状況（季節運行・休止・予約制）を要確認、登山口から離れている（徒歩アプローチを要確認）",
    "sources": "国土数値情報（バス停留所データ）令和4年度（国土交通省）P11-22-26-bs2173（35.036563, 135.658510、JGD2011）を加工して作成 ｜ OpenStreetMap（© OpenStreetMap contributors, ODbL 1.0）Geofabrik japan-latest.osm.pbf 2026-09-23T20:22:04Z node/9381307903",
    "verifiedAt": ""
   }
  },
  {
   "type": "Feature",
   "geometry": {
    "type": "Point",
    "coordinates": [
     135.1316571,
     35.7436371
    ]
   },
   "properties": {
    "id": "BS-kP11-22-26-bs22",
    "kind": "bus_stop",
    "name": "屏風岩",
    "datum": "WGS84",
    "mountainIds": "401",
    "mountainNames": "依遅ヶ尾山",
    "lists": "関西百名山",
    "routes": "",
    "entryType": "",
    "trailKmToSummit": "",
    "related": "TH-n1681433101(217m)",
    "attributes": "operator=丹後海陸交通（株）; busType=民間路線バス; busRoutes=44・46　海岸線 / 47　丹後峰山線",
    "status": "adopted",
    "accuracyM": 10,
    "needsReview": "運行状況（季節運行・休止・予約制）を要確認",
    "sources": "国土数値情報（バス停留所データ）令和4年度（国土交通省）P11-22-26-bs22（35.743637, 135.131657、JGD2011）を加工して作成",
    "verifiedAt": ""
   }
  },
  {
   "type": "Feature",
   "geometry": {
    "type": "Point",
    "coordinates": [
     135.6615671,
     35.0314161
    ]
   },
   "properties": {
    "id": "BS-kP11-22-26-bs2228",
    "kind": "bus_stop",
    "name": "愛宕寺前",
    "datum": "WGS84",
    "mountainIds": "593",
    "mountainNames": "愛宕山",
    "lists": "日本三百名山|関西百名山",
    "routes": "",
    "entryType": "",
    "trailKmToSummit": "",
    "related": "TH-n3733870869(958m) TH-n3733870869(958m) TH-n3733873420(981m)",
    "attributes": "operator=京都バス（株）; busType=民間路線バス; busRoutes=62 / 72 / 92",
    "status": "adopted",
    "accuracyM": 10,
    "needsReview": "運行状況（季節運行・休止・予約制）を要確認、登山口から離れている（徒歩アプローチを要確認）",
    "sources": "国土数値情報（バス停留所データ）令和4年度（国土交通省）P11-22-26-bs2228（35.031416, 135.661567、JGD2011）を加工して作成 ｜ OpenStreetMap（© OpenStreetMap contributors, ODbL 1.0）Geofabrik japan-latest.osm.pbf 2026-09-23T20:22:04Z node/9381307902",
    "verifiedAt": ""
   }
  },
  {
   "type": "Feature",
   "geometry": {
    "type": "Point",
    "coordinates": [
     135.4010916,
     35.0216087
    ]
   },
   "properties": {
    "id": "BS-kP11-22-26-bs2353",
    "kind": "bus_stop",
    "name": "土ケ畑口",
    "datum": "WGS84",
    "mountainIds": "606",
    "mountainNames": "剣尾山",
    "lists": "関西百名山",
    "routes": "",
    "entryType": "",
    "trailKmToSummit": "",
    "related": "TH-n10076853181(374m) TH-n10076853181(374m) TH-n1344188819(412m) TH-n1344188819(412m)",
    "attributes": "operator=亀岡市; busType=コミュニティバス; busRoutes=亀岡市ふるさとバス畑野コース　F32 / 亀岡市ふるさとバス畑野コース　F34",
    "status": "adopted",
    "accuracyM": 10,
    "needsReview": "運行状況（季節運行・休止・予約制）を要確認",
    "sources": "国土数値情報（バス停留所データ）令和4年度（国土交通省）P11-22-26-bs2353（35.021609, 135.401092、JGD2011）を加工して作成 ｜ OpenStreetMap（© OpenStreetMap contributors, ODbL 1.0）Geofabrik japan-latest.osm.pbf 2026-09-23T20:22:04Z node/10076853183",
    "verifiedAt": ""
   }
  },
  {
   "type": "Feature",
   "geometry": {
    "type": "Point",
    "coordinates": [
     135.4046588,
     35.0204236
    ]
   },
   "properties": {
    "id": "BS-kP11-22-26-bs2380",
    "kind": "bus_stop",
    "name": "布子谷",
    "datum": "WGS84",
    "mountainIds": "606",
    "mountainNames": "剣尾山",
    "lists": "関西百名山",
    "routes": "",
    "entryType": "",
    "trailKmToSummit": "",
    "related": "TH-n10076853181(24m) TH-n1344188819(716m)",
    "attributes": "operator=亀岡市; busType=コミュニティバス; busRoutes=亀岡市ふるさとバス畑野コース　F32 / 亀岡市ふるさとバス畑野コース　F34",
    "status": "adopted",
    "accuracyM": 10,
    "needsReview": "運行状況（季節運行・休止・予約制）を要確認、登山口から離れている（徒歩アプローチを要確認）",
    "sources": "国土数値情報（バス停留所データ）令和4年度（国土交通省）P11-22-26-bs2380（35.020424, 135.404659、JGD2011）を加工して作成 ｜ OpenStreetMap（© OpenStreetMap contributors, ODbL 1.0）Geofabrik japan-latest.osm.pbf 2026-09-23T20:22:04Z node/10076853181",
    "verifiedAt": ""
   }
  },
  {
   "type": "Feature",
   "geometry": {
    "type": "Point",
    "coordinates": [
     135.6462545,
     34.9377746
    ]
   },
   "properties": {
    "id": "BS-kP11-22-26-bs3649",
    "kind": "bus_stop",
    "name": "善峯寺",
    "datum": "WGS84",
    "mountainIds": "613",
    "mountainNames": "ポンポン山",
    "lists": "関西百名山",
    "routes": "",
    "entryType": "",
    "trailKmToSummit": "",
    "related": "TH-n6151228099(35m) TH-n6151228099(35m)",
    "attributes": "operator=阪急バス（株）; busType=民間路線バス; busRoutes=大野原線（63、64、66系統）",
    "status": "adopted",
    "accuracyM": 10,
    "needsReview": "運行状況（季節運行・休止・予約制）を要確認",
    "sources": "国土数値情報（バス停留所データ）令和4年度（国土交通省）P11-22-26-bs3649（34.937775, 135.646255、JGD2011）を加工して作成 ｜ OpenStreetMap（© OpenStreetMap contributors, ODbL 1.0）Geofabrik japan-latest.osm.pbf 2026-09-23T20:22:04Z node/6151228099",
    "verifiedAt": ""
   }
  },
  {
   "type": "Feature",
   "geometry": {
    "type": "Point",
    "coordinates": [
     135.6004032,
     34.9285822
    ]
   },
   "properties": {
    "id": "BS-kP11-22-26-bs3759",
    "kind": "bus_stop",
    "name": "空谷橋",
    "datum": "WGS84",
    "mountainIds": "613",
    "mountainNames": "ポンポン山",
    "lists": "関西百名山",
    "routes": "",
    "entryType": "",
    "trailKmToSummit": "",
    "related": "TH-n1478987248(761m)",
    "attributes": "operator=高槻市; busType=公営路線バス; busRoutes=田能",
    "status": "adopted",
    "accuracyM": 10,
    "needsReview": "運行状況（季節運行・休止・予約制）を要確認、登山口から離れている（徒歩アプローチを要確認）",
    "sources": "国土数値情報（バス停留所データ）令和4年度（国土交通省）P11-22-26-bs3759（34.928582, 135.600403、JGD2011）を加工して作成",
    "verifiedAt": ""
   }
  },
  {
   "type": "Feature",
   "geometry": {
    "type": "Point",
    "coordinates": [
     135.6695128,
     34.9221034
    ]
   },
   "properties": {
    "id": "BS-kP11-22-26-bs3826",
    "kind": "bus_stop",
    "name": "鈴谷口",
    "datum": "WGS84",
    "mountainIds": "613",
    "mountainNames": "ポンポン山",
    "lists": "関西百名山",
    "routes": "",
    "entryType": "",
    "trailKmToSummit": "",
    "related": "TH-n8088445204(4m) TH-n8088445204(4m)",
    "attributes": "operator=長岡京市; busType=コミュニティバス; busRoutes=長岡京はっぴぃバス　西コース",
    "status": "adopted",
    "accuracyM": 10,
    "needsReview": "運行状況（季節運行・休止・予約制）を要確認",
    "sources": "国土数値情報（バス停留所データ）令和4年度（国土交通省）P11-22-26-bs3826（34.922103, 135.669513、JGD2011）を加工して作成 ｜ OpenStreetMap（© OpenStreetMap contributors, ODbL 1.0）Geofabrik japan-latest.osm.pbf 2026-09-23T20:22:04Z node/8088445204",
    "verifiedAt": ""
   }
  },
  {
   "type": "Feature",
   "geometry": {
    "type": "Point",
    "coordinates": [
     135.671874,
     34.9218058
    ]
   },
   "properties": {
    "id": "BS-kP11-22-26-bs3831",
    "kind": "bus_stop",
    "name": "奥海印寺",
    "datum": "WGS84",
    "mountainIds": "613",
    "mountainNames": "ポンポン山",
    "lists": "関西百名山",
    "routes": "",
    "entryType": "",
    "trailKmToSummit": "",
    "related": "TH-n8088445204(221m)",
    "attributes": "operator=阪急バス（株）; busType=民間路線バス; busRoutes=長岡京線（8、9系統）",
    "status": "adopted",
    "accuracyM": 10,
    "needsReview": "運行状況（季節運行・休止・予約制）を要確認",
    "sources": "国土数値情報（バス停留所データ）令和4年度（国土交通省）P11-22-26-bs3831（34.921806, 135.671874、JGD2011）を加工して作成 ｜ OpenStreetMap（© OpenStreetMap contributors, ODbL 1.0）Geofabrik japan-latest.osm.pbf 2026-09-23T20:22:04Z node/9266113756",
    "verifiedAt": ""
   }
  },
  {
   "type": "Feature",
   "geometry": {
    "type": "Point",
    "coordinates": [
     135.4170101,
     34.9752245
    ]
   },
   "properties": {
    "id": "BS-kP11-22-27-bs16",
    "kind": "bus_stop",
    "name": "能勢町宿野",
    "datum": "WGS84",
    "mountainIds": "606",
    "mountainNames": "剣尾山",
    "lists": "関西百名山",
    "routes": "",
    "entryType": "",
    "trailKmToSummit": "",
    "related": "TH-n1550350033(975m)",
    "attributes": "operator=阪急バス（株）; busType=民間路線バス; busRoutes=西能勢線（73、74、76、77系統）",
    "status": "adopted",
    "accuracyM": 10,
    "needsReview": "運行状況（季節運行・休止・予約制）を要確認、登山口から離れている（徒歩アプローチを要確認）",
    "sources": "国土数値情報（バス停留所データ）令和4年度（国土交通省）P11-22-27-bs16（34.975225, 135.417010、JGD2011）を加工して作成 ｜ OpenStreetMap（© OpenStreetMap contributors, ODbL 1.0）Geofabrik japan-latest.osm.pbf 2026-09-23T20:22:04Z node/745034389",
    "verifiedAt": ""
   }
  },
  {
   "type": "Feature",
   "geometry": {
    "type": "Point",
    "coordinates": [
     135.6584059,
     34.4860291
    ]
   },
   "properties": {
    "id": "BS-kP11-22-27-bs4230",
    "kind": "bus_stop",
    "name": "持尾",
    "datum": "WGS84",
    "mountainIds": "667",
    "mountainNames": "大和葛城山",
    "lists": "日本三百名山|関西百名山",
    "routes": "",
    "entryType": "",
    "trailKmToSummit": "",
    "related": "TH-n1576490101(279m)",
    "attributes": "operator=河南町; busType=コミュニティバス; busRoutes=やまなみタクシー：A",
    "status": "adopted",
    "accuracyM": 10,
    "needsReview": "運行状況（季節運行・休止・予約制）を要確認",
    "sources": "国土数値情報（バス停留所データ）令和4年度（国土交通省）P11-22-27-bs4230（34.486029, 135.658406、JGD2011）を加工して作成",
    "verifiedAt": ""
   }
  },
  {
   "type": "Feature",
   "geometry": {
    "type": "Point",
    "coordinates": [
     135.6595198,
     34.4817704
    ]
   },
   "properties": {
    "id": "BS-kP11-22-27-bs4278",
    "kind": "bus_stop",
    "name": "ポンプ場前",
    "datum": "WGS84",
    "mountainIds": "667",
    "mountainNames": "大和葛城山",
    "lists": "日本三百名山|関西百名山",
    "routes": "",
    "entryType": "",
    "trailKmToSummit": "",
    "related": "TH-n1576490101(411m)",
    "attributes": "operator=河南町; busType=コミュニティバス; busRoutes=やまなみタクシー：A",
    "status": "adopted",
    "accuracyM": 10,
    "needsReview": "運行状況（季節運行・休止・予約制）を要確認",
    "sources": "国土数値情報（バス停留所データ）令和4年度（国土交通省）P11-22-27-bs4278（34.481770, 135.659520、JGD2011）を加工して作成",
    "verifiedAt": ""
   }
  },
  {
   "type": "Feature",
   "geometry": {
    "type": "Point",
    "coordinates": [
     135.6513158,
     34.4731974
    ]
   },
   "properties": {
    "id": "BS-kP11-22-27-bs4395",
    "kind": "bus_stop",
    "name": "河内",
    "datum": "WGS84",
    "mountainIds": "667",
    "mountainNames": "大和葛城山",
    "lists": "日本三百名山|関西百名山",
    "routes": "",
    "entryType": "",
    "trailKmToSummit": "",
    "related": "TH-n1576487143(94m) TH-n1576487143(94m)",
    "attributes": "operator=河南町; busType=コミュニティバス; busRoutes=やまなみタクシー：B",
    "status": "adopted",
    "accuracyM": 10,
    "needsReview": "運行状況（季節運行・休止・予約制）を要確認",
    "sources": "国土数値情報（バス停留所データ）令和4年度（国土交通省）P11-22-27-bs4395（34.473197, 135.651316、JGD2011）を加工して作成 ｜ OpenStreetMap（© OpenStreetMap contributors, ODbL 1.0）Geofabrik japan-latest.osm.pbf 2026-09-23T20:22:04Z node/9409824176",
    "verifiedAt": ""
   }
  },
  {
   "type": "Feature",
   "geometry": {
    "type": "Point",
    "coordinates": [
     135.6513158,
     34.4731974
    ]
   },
   "properties": {
    "id": "BS-kP11-22-27-bs4396",
    "kind": "bus_stop",
    "name": "河内",
    "datum": "WGS84",
    "mountainIds": "667",
    "mountainNames": "大和葛城山",
    "lists": "日本三百名山|関西百名山",
    "routes": "",
    "entryType": "",
    "trailKmToSummit": "",
    "related": "TH-n1576487143(94m)",
    "attributes": "operator=金剛自動車（株）; busType=民間路線バス; busRoutes=30・33河内線",
    "status": "adopted",
    "accuracyM": 10,
    "needsReview": "運行状況（季節運行・休止・予約制）を要確認",
    "sources": "国土数値情報（バス停留所データ）令和4年度（国土交通省）P11-22-27-bs4396（34.473197, 135.651316、JGD2011）を加工して作成",
    "verifiedAt": ""
   }
  },
  {
   "type": "Feature",
   "geometry": {
    "type": "Point",
    "coordinates": [
     135.6630253,
     34.4498071
    ]
   },
   "properties": {
    "id": "BS-kP11-22-27-bs4672",
    "kind": "bus_stop",
    "name": "青崩地区集落センター",
    "datum": "WGS84",
    "mountainIds": "667 676",
    "mountainNames": "大和葛城山、金剛山",
    "lists": "日本三百名山|関西百名山|日本二百名山",
    "routes": "",
    "entryType": "",
    "trailKmToSummit": "",
    "related": "TH-n11514078257(441m)",
    "attributes": "operator=河南町; busType=コミュニティバス; busRoutes=やまなみタクシー：B",
    "status": "adopted",
    "accuracyM": 10,
    "needsReview": "運行状況（季節運行・休止・予約制）を要確認",
    "sources": "国土数値情報（バス停留所データ）令和4年度（国土交通省）P11-22-27-bs4672（34.449807, 135.663025、JGD2011）を加工して作成",
    "verifiedAt": ""
   }
  },
  {
   "type": "Feature",
   "geometry": {
    "type": "Point",
    "coordinates": [
     135.6645877,
     34.448575
    ]
   },
   "properties": {
    "id": "BS-kP11-22-27-bs4684",
    "kind": "bus_stop",
    "name": "葛城登山口",
    "datum": "WGS84",
    "mountainIds": "667 676",
    "mountainNames": "大和葛城山、金剛山",
    "lists": "日本三百名山|関西百名山|日本二百名山",
    "routes": "",
    "entryType": "",
    "trailKmToSummit": "",
    "related": "TH-n11514078257(245m)",
    "attributes": "operator=金剛自動車（株）; busType=民間路線バス; busRoutes=20～27千早線",
    "status": "adopted",
    "accuracyM": 10,
    "needsReview": "運行状況（季節運行・休止・予約制）を要確認",
    "sources": "国土数値情報（バス停留所データ）令和4年度（国土交通省）P11-22-27-bs4684（34.448575, 135.664588、JGD2011）を加工して作成 ｜ OpenStreetMap（© OpenStreetMap contributors, ODbL 1.0）Geofabrik japan-latest.osm.pbf 2026-09-23T20:22:04Z node/9406154041",
    "verifiedAt": ""
   }
  },
  {
   "type": "Feature",
   "geometry": {
    "type": "Point",
    "coordinates": [
     135.6667123,
     34.4469411
    ]
   },
   "properties": {
    "id": "BS-kP11-22-27-bs4702",
    "kind": "bus_stop",
    "name": "青崩東",
    "datum": "WGS84",
    "mountainIds": "667 676",
    "mountainNames": "大和葛城山、金剛山",
    "lists": "日本三百名山|関西百名山|日本二百名山",
    "routes": "",
    "entryType": "",
    "trailKmToSummit": "",
    "related": "TH-n11514078257(57m) TH-w397570279(977m)",
    "attributes": "operator=河南町; busType=コミュニティバス; busRoutes=やまなみタクシー：B",
    "status": "adopted",
    "accuracyM": 10,
    "needsReview": "運行状況（季節運行・休止・予約制）を要確認、登山口から離れている（徒歩アプローチを要確認）",
    "sources": "国土数値情報（バス停留所データ）令和4年度（国土交通省）P11-22-27-bs4702（34.446941, 135.666712、JGD2011）を加工して作成",
    "verifiedAt": ""
   }
  },
  {
   "type": "Feature",
   "geometry": {
    "type": "Point",
    "coordinates": [
     135.6787311,
     34.4428313
    ]
   },
   "properties": {
    "id": "BS-kP11-22-27-bs4750",
    "kind": "bus_stop",
    "name": "水越峠",
    "datum": "WGS84",
    "mountainIds": "667 676",
    "mountainNames": "大和葛城山、金剛山",
    "lists": "日本三百名山|関西百名山|日本二百名山",
    "routes": "",
    "entryType": "",
    "trailKmToSummit": "",
    "related": "TH-n9404409834(305m) TH-n9404409834(305m) TH-w397570279(235m) TH-w397570279(235m)",
    "attributes": "operator=金剛自動車（株）; busType=民間路線バス; busRoutes=20～27千早線",
    "status": "adopted",
    "accuracyM": 10,
    "needsReview": "運行状況（季節運行・休止・予約制）を要確認",
    "sources": "国土数値情報（バス停留所データ）令和4年度（国土交通省）P11-22-27-bs4750（34.442831, 135.678731、JGD2011）を加工して作成 ｜ OpenStreetMap（© OpenStreetMap contributors, ODbL 1.0）Geofabrik japan-latest.osm.pbf 2026-09-23T20:22:04Z node/9404397546",
    "verifiedAt": ""
   }
  },
  {
   "type": "Feature",
   "geometry": {
    "type": "Point",
    "coordinates": [
     135.641305,
     34.4197765
    ]
   },
   "properties": {
    "id": "BS-kP11-22-27-bs4995",
    "kind": "bus_stop",
    "name": "千早大橋",
    "datum": "WGS84",
    "mountainIds": "676",
    "mountainNames": "金剛山",
    "lists": "日本二百名山|日本三百名山|関西百名山",
    "routes": "",
    "entryType": "",
    "trailKmToSummit": "",
    "related": "TH-n7023181823(741m)",
    "attributes": "operator=南海バス（株）; busType=民間路線バス; busRoutes=408小深線 / 411小深線",
    "status": "adopted",
    "accuracyM": 10,
    "needsReview": "運行状況（季節運行・休止・予約制）を要確認、登山口から離れている（徒歩アプローチを要確認）",
    "sources": "国土数値情報（バス停留所データ）令和4年度（国土交通省）P11-22-27-bs4995（34.419776, 135.641305、JGD2011）を加工して作成 ｜ OpenStreetMap（© OpenStreetMap contributors, ODbL 1.0）Geofabrik japan-latest.osm.pbf 2026-09-23T20:22:04Z node/7023181828",
    "verifiedAt": ""
   }
  },
  {
   "type": "Feature",
   "geometry": {
    "type": "Point",
    "coordinates": [
     135.6489384,
     34.4174322
    ]
   },
   "properties": {
    "id": "BS-kP11-22-27-bs5019",
    "kind": "bus_stop",
    "name": "金剛登山口",
    "datum": "WGS84",
    "mountainIds": "676",
    "mountainNames": "金剛山",
    "lists": "日本二百名山|日本三百名山|関西百名山",
    "routes": "",
    "entryType": "",
    "trailKmToSummit": "",
    "related": "TH-n3998533200(237m) TH-n7023181823(14m) TH-n1576346874(546m)",
    "attributes": "operator=南海バス（株）; busType=民間路線バス; busRoutes=408小深線 / 411小深線",
    "status": "adopted",
    "accuracyM": 10,
    "needsReview": "運行状況（季節運行・休止・予約制）を要確認",
    "sources": "国土数値情報（バス停留所データ）令和4年度（国土交通省）P11-22-27-bs5019（34.417432, 135.648938、JGD2011）を加工して作成",
    "verifiedAt": ""
   }
  },
  {
   "type": "Feature",
   "geometry": {
    "type": "Point",
    "coordinates": [
     135.6489384,
     34.4174322
    ]
   },
   "properties": {
    "id": "BS-kP11-22-27-bs5020",
    "kind": "bus_stop",
    "name": "金剛登山口",
    "datum": "WGS84",
    "mountainIds": "676",
    "mountainNames": "金剛山",
    "lists": "日本二百名山|日本三百名山|関西百名山",
    "routes": "",
    "entryType": "",
    "trailKmToSummit": "",
    "related": "TH-n3998533200(237m) TH-n7023181823(14m)",
    "attributes": "operator=金剛自動車（株）; busType=民間路線バス; busRoutes=20～27千早線",
    "status": "adopted",
    "accuracyM": 10,
    "needsReview": "運行状況（季節運行・休止・予約制）を要確認",
    "sources": "国土数値情報（バス停留所データ）令和4年度（国土交通省）P11-22-27-bs5020（34.417432, 135.648938、JGD2011）を加工して作成",
    "verifiedAt": ""
   }
  },
  {
   "type": "Feature",
   "geometry": {
    "type": "Point",
    "coordinates": [
     135.6538268,
     34.4114353
    ]
   },
   "properties": {
    "id": "BS-kP11-22-27-bs5086",
    "kind": "bus_stop",
    "name": "鱒釣場",
    "datum": "WGS84",
    "mountainIds": "676",
    "mountainNames": "金剛山",
    "lists": "日本二百名山|日本三百名山|関西百名山",
    "routes": "",
    "entryType": "",
    "trailKmToSummit": "",
    "related": "TH-n3998533200(852m) TH-n1576346874(280m)",
    "attributes": "operator=南海バス（株）; busType=民間路線バス; busRoutes=408小深線 / 411小深線",
    "status": "adopted",
    "accuracyM": 10,
    "needsReview": "運行状況（季節運行・休止・予約制）を要確認、登山口から離れている（徒歩アプローチを要確認）",
    "sources": "国土数値情報（バス停留所データ）令和4年度（国土交通省）P11-22-27-bs5086（34.411435, 135.653827、JGD2011）を加工して作成",
    "verifiedAt": ""
   }
  },
  {
   "type": "Feature",
   "geometry": {
    "type": "Point",
    "coordinates": [
     135.6542132,
     34.4109128
    ]
   },
   "properties": {
    "id": "BS-kP11-22-27-bs5097",
    "kind": "bus_stop",
    "name": "鱒釣場前",
    "datum": "WGS84",
    "mountainIds": "676",
    "mountainNames": "金剛山",
    "lists": "日本二百名山|日本三百名山|関西百名山",
    "routes": "",
    "entryType": "",
    "trailKmToSummit": "",
    "related": "TH-n1576346874(344m)",
    "attributes": "operator=金剛自動車（株）; busType=民間路線バス; busRoutes=20～27千早線",
    "status": "adopted",
    "accuracyM": 10,
    "needsReview": "運行状況（季節運行・休止・予約制）を要確認",
    "sources": "国土数値情報（バス停留所データ）令和4年度（国土交通省）P11-22-27-bs5097（34.410913, 135.654213、JGD2011）を加工して作成 ｜ OpenStreetMap（© OpenStreetMap contributors, ODbL 1.0）Geofabrik japan-latest.osm.pbf 2026-09-23T20:22:04Z node/7023181825",
    "verifiedAt": ""
   }
  },
  {
   "type": "Feature",
   "geometry": {
    "type": "Point",
    "coordinates": [
     135.662532,
     34.4057599
    ]
   },
   "properties": {
    "id": "BS-kP11-22-27-bs5152",
    "kind": "bus_stop",
    "name": "千早ロープウェイ前",
    "datum": "WGS84",
    "mountainIds": "676",
    "mountainNames": "金剛山",
    "lists": "日本二百名山|日本三百名山|関西百名山",
    "routes": "",
    "entryType": "",
    "trailKmToSummit": "",
    "related": "TH-n4006745560(43m) TH-n4006745560(43m) TH-n4006745560(43m) TH-n1158659413(396m) TH-n1158659413(396m) TH-n1158659413(396m)",
    "attributes": "operator=金剛自動車（株）; busType=民間路線バス; busRoutes=20～27千早線",
    "status": "adopted",
    "accuracyM": 10,
    "needsReview": "運行状況（季節運行・休止・予約制）を要確認",
    "sources": "国土数値情報（バス停留所データ）令和4年度（国土交通省）P11-22-27-bs5152（34.405760, 135.662532、JGD2011）を加工して作成 ｜ OpenStreetMap（© OpenStreetMap contributors, ODbL 1.0）Geofabrik japan-latest.osm.pbf 2026-09-23T20:22:04Z node/2991041144",
    "verifiedAt": ""
   }
  },
  {
   "type": "Feature",
   "geometry": {
    "type": "Point",
    "coordinates": [
     135.5254422,
     34.3861627
    ]
   },
   "properties": {
    "id": "BS-kP11-22-27-bs5306",
    "kind": "bus_stop",
    "name": "滝畑ふるさと文化財の森センター前",
    "datum": "WGS84",
    "mountainIds": "681",
    "mountainNames": "岩湧山",
    "lists": "関西百名山",
    "routes": "",
    "entryType": "",
    "trailKmToSummit": "",
    "related": "TH-n1576729669(452m)",
    "attributes": "operator=南海バス（株）; busType=民間路線バス; busRoutes=406/406C/419/419V高向線 / 400高向線",
    "status": "adopted",
    "accuracyM": 10,
    "needsReview": "運行状況（季節運行・休止・予約制）を要確認",
    "sources": "国土数値情報（バス停留所データ）令和4年度（国土交通省）P11-22-27-bs5306（34.386163, 135.525442、JGD2011）を加工して作成",
    "verifiedAt": ""
   }
  },
  {
   "type": "Feature",
   "geometry": {
    "type": "Point",
    "coordinates": [
     135.5261685,
     34.3835488
    ]
   },
   "properties": {
    "id": "BS-kP11-22-27-bs5325",
    "kind": "bus_stop",
    "name": "夕月橋",
    "datum": "WGS84",
    "mountainIds": "681",
    "mountainNames": "岩湧山",
    "lists": "関西百名山",
    "routes": "",
    "entryType": "",
    "trailKmToSummit": "",
    "related": "TH-n7023256178(918m) TH-kP11-22-27-bs5347(617m) TH-n1576729669(166m)",
    "attributes": "operator=南海バス（株）; busType=民間路線バス; busRoutes=406/406C/419/419V高向線 / 400高向線",
    "status": "adopted",
    "accuracyM": 10,
    "needsReview": "運行状況（季節運行・休止・予約制）を要確認、登山口から離れている（徒歩アプローチを要確認）",
    "sources": "国土数値情報（バス停留所データ）令和4年度（国土交通省）P11-22-27-bs5325（34.383549, 135.526169、JGD2011）を加工して作成 ｜ OpenStreetMap（© OpenStreetMap contributors, ODbL 1.0）Geofabrik japan-latest.osm.pbf 2026-09-23T20:22:04Z node/9459684614",
    "verifiedAt": ""
   }
  },
  {
   "type": "Feature",
   "geometry": {
    "type": "Point",
    "coordinates": [
     135.5261685,
     34.3835488
    ]
   },
   "properties": {
    "id": "BS-kP11-22-27-bs5326",
    "kind": "bus_stop",
    "name": "夕月橋",
    "datum": "WGS84",
    "mountainIds": "681",
    "mountainNames": "岩湧山",
    "lists": "関西百名山",
    "routes": "",
    "entryType": "",
    "trailKmToSummit": "",
    "related": "TH-n1576729669(166m)",
    "attributes": "operator=河内長野市; busType=コミュニティバス; busRoutes=日野・滝畑コミュニティバス",
    "status": "adopted",
    "accuracyM": 10,
    "needsReview": "運行状況（季節運行・休止・予約制）を要確認",
    "sources": "国土数値情報（バス停留所データ）令和4年度（国土交通省）P11-22-27-bs5326（34.383549, 135.526169、JGD2011）を加工して作成",
    "verifiedAt": ""
   }
  },
  {
   "type": "Feature",
   "geometry": {
    "type": "Point",
    "coordinates": [
     135.5223043,
     34.3789841
    ]
   },
   "properties": {
    "id": "BS-kP11-22-27-bs5347",
    "kind": "bus_stop",
    "name": "滝畑ダム",
    "datum": "WGS84",
    "mountainIds": "681",
    "mountainNames": "岩湧山",
    "lists": "関西百名山",
    "routes": "",
    "entryType": "",
    "trailKmToSummit": "",
    "related": "TH-n7023256178(306m) TH-kP11-22-27-bs5347(0m)",
    "attributes": "operator=南海バス（株）; busType=民間路線バス; busRoutes=406/406C/419/419V高向線 / 400高向線",
    "status": "adopted",
    "accuracyM": 10,
    "needsReview": "運行状況（季節運行・休止・予約制）を要確認",
    "sources": "国土数値情報（バス停留所データ）令和4年度（国土交通省）P11-22-27-bs5347（34.378984, 135.522304、JGD2011）を加工して作成 ｜ OpenStreetMap（© OpenStreetMap contributors, ODbL 1.0）Geofabrik japan-latest.osm.pbf 2026-09-23T20:22:04Z node/7023256173",
    "verifiedAt": ""
   }
  },
  {
   "type": "Feature",
   "geometry": {
    "type": "Point",
    "coordinates": [
     135.5223043,
     34.3789841
    ]
   },
   "properties": {
    "id": "BS-kP11-22-27-bs5348",
    "kind": "bus_stop",
    "name": "滝畑ダム",
    "datum": "WGS84",
    "mountainIds": "681",
    "mountainNames": "岩湧山",
    "lists": "関西百名山",
    "routes": "",
    "entryType": "",
    "trailKmToSummit": "",
    "related": "TH-n7023256178(306m) TH-kP11-22-27-bs5347(0m)",
    "attributes": "operator=河内長野市; busType=コミュニティバス; busRoutes=日野・滝畑コミュニティバス",
    "status": "adopted",
    "accuracyM": 10,
    "needsReview": "運行状況（季節運行・休止・予約制）を要確認",
    "sources": "国土数値情報（バス停留所データ）令和4年度（国土交通省）P11-22-27-bs5348（34.378984, 135.522304、JGD2011）を加工して作成",
    "verifiedAt": ""
   }
  },
  {
   "type": "Feature",
   "geometry": {
    "type": "Point",
    "coordinates": [
     135.4486643,
     34.3766776
    ]
   },
   "properties": {
    "id": "BS-kP11-22-27-bs5359",
    "kind": "bus_stop",
    "name": "牛滝温泉",
    "datum": "WGS84",
    "mountainIds": "689",
    "mountainNames": "和泉葛城山",
    "lists": "関西百名山",
    "routes": "",
    "entryType": "",
    "trailKmToSummit": "",
    "related": "TH-ksj-P11-22-27-bs5382(372m)",
    "attributes": "operator=南海ウイングバス（株）; busType=民間路線バス; busRoutes=611牛滝線",
    "status": "adopted",
    "accuracyM": 10,
    "needsReview": "運行状況（季節運行・休止・予約制）を要確認",
    "sources": "国土数値情報（バス停留所データ）令和4年度（国土交通省）P11-22-27-bs5359（34.376678, 135.448664、JGD2011）を加工して作成 ｜ OpenStreetMap（© OpenStreetMap contributors, ODbL 1.0）Geofabrik japan-latest.osm.pbf 2026-09-23T20:22:04Z node/820421695",
    "verifiedAt": ""
   }
  },
  {
   "type": "Feature",
   "geometry": {
    "type": "Point",
    "coordinates": [
     135.4298496,
     34.3739651
    ]
   },
   "properties": {
    "id": "BS-kP11-22-27-bs5379",
    "kind": "bus_stop",
    "name": "塔原",
    "datum": "WGS84",
    "mountainIds": "689",
    "mountainNames": "和泉葛城山",
    "lists": "関西百名山",
    "routes": "",
    "entryType": "",
    "trailKmToSummit": "",
    "related": "TH-ksj-P11-22-27-bs5379(0m) TH-ksj-P11-22-27-bs5379(0m) TH-ksj-P11-22-27-bs5379(0m)",
    "attributes": "operator=南海ウイングバス（株）; busType=民間路線バス; busRoutes=641葛城線 / 642葛城線",
    "status": "adopted",
    "accuracyM": 10,
    "needsReview": "運行状況（季節運行・休止・予約制）を要確認",
    "sources": "国土数値情報（バス停留所データ）令和4年度（国土交通省）P11-22-27-bs5379（34.373965, 135.429850、JGD2011）を加工して作成 ｜ OpenStreetMap（© OpenStreetMap contributors, ODbL 1.0）Geofabrik japan-latest.osm.pbf 2026-09-23T20:22:04Z node/9936631180",
    "verifiedAt": ""
   }
  },
  {
   "type": "Feature",
   "geometry": {
    "type": "Point",
    "coordinates": [
     135.4481536,
     34.3733422
    ]
   },
   "properties": {
    "id": "BS-kP11-22-27-bs5382",
    "kind": "bus_stop",
    "name": "牛滝山",
    "datum": "WGS84",
    "mountainIds": "689",
    "mountainNames": "和泉葛城山",
    "lists": "関西百名山",
    "routes": "",
    "entryType": "",
    "trailKmToSummit": "",
    "related": "TH-ksj-P11-22-27-bs5382(0m) TH-ksj-P11-22-27-bs5382(0m)",
    "attributes": "operator=南海ウイングバス（株）; busType=民間路線バス; busRoutes=611牛滝線",
    "status": "adopted",
    "accuracyM": 10,
    "needsReview": "運行状況（季節運行・休止・予約制）を要確認",
    "sources": "国土数値情報（バス停留所データ）令和4年度（国土交通省）P11-22-27-bs5382（34.373342, 135.448154、JGD2011）を加工して作成 ｜ OpenStreetMap（© OpenStreetMap contributors, ODbL 1.0）Geofabrik japan-latest.osm.pbf 2026-09-23T20:22:04Z node/820422239",
    "verifiedAt": ""
   }
  },
  {
   "type": "Feature",
   "geometry": {
    "type": "Point",
    "coordinates": [
     135.4143611,
     34.3718166
    ]
   },
   "properties": {
    "id": "BS-kP11-22-27-bs5391",
    "kind": "bus_stop",
    "name": "蕎原口",
    "datum": "WGS84",
    "mountainIds": "689",
    "mountainNames": "和泉葛城山",
    "lists": "関西百名山",
    "routes": "",
    "entryType": "",
    "trailKmToSummit": "",
    "related": "TH-ksj-P11-22-27-bs5402(655m)",
    "attributes": "operator=水間鉄道（株）; busType=民間路線バス; busRoutes=は～もに～ばす　黄バス",
    "status": "adopted",
    "accuracyM": 10,
    "needsReview": "運行状況（季節運行・休止・予約制）を要確認、登山口から離れている（徒歩アプローチを要確認）",
    "sources": "国土数値情報（バス停留所データ）令和4年度（国土交通省）P11-22-27-bs5391（34.371817, 135.414361、JGD2011）を加工して作成",
    "verifiedAt": ""
   }
  },
  {
   "type": "Feature",
   "geometry": {
    "type": "Point",
    "coordinates": [
     135.4184409,
     34.3713817
    ]
   },
   "properties": {
    "id": "BS-kP11-22-27-bs5396",
    "kind": "bus_stop",
    "name": "中蕎原",
    "datum": "WGS84",
    "mountainIds": "689",
    "mountainNames": "和泉葛城山",
    "lists": "関西百名山",
    "routes": "",
    "entryType": "",
    "trailKmToSummit": "",
    "related": "TH-ksj-P11-22-27-bs5402(289m)",
    "attributes": "operator=水間鉄道（株）; busType=民間路線バス; busRoutes=は～もに～ばす　黄バス",
    "status": "adopted",
    "accuracyM": 10,
    "needsReview": "運行状況（季節運行・休止・予約制）を要確認",
    "sources": "国土数値情報（バス停留所データ）令和4年度（国土交通省）P11-22-27-bs5396（34.371382, 135.418441、JGD2011）を加工して作成",
    "verifiedAt": ""
   }
  },
  {
   "type": "Feature",
   "geometry": {
    "type": "Point",
    "coordinates": [
     135.4211903,
     34.370113
    ]
   },
   "properties": {
    "id": "BS-kP11-22-27-bs5402",
    "kind": "bus_stop",
    "name": "蕎原",
    "datum": "WGS84",
    "mountainIds": "689",
    "mountainNames": "和泉葛城山",
    "lists": "関西百名山",
    "routes": "",
    "entryType": "",
    "trailKmToSummit": "",
    "related": "TH-ksj-P11-22-27-bs5402(0m)",
    "attributes": "operator=水間鉄道（株）; busType=民間路線バス; busRoutes=は～もに～ばす　黄バス",
    "status": "adopted",
    "accuracyM": 10,
    "needsReview": "運行状況（季節運行・休止・予約制）を要確認",
    "sources": "国土数値情報（バス停留所データ）令和4年度（国土交通省）P11-22-27-bs5402（34.370113, 135.421190、JGD2011）を加工して作成",
    "verifiedAt": ""
   }
  },
  {
   "type": "Feature",
   "geometry": {
    "type": "Point",
    "coordinates": [
     135.598709,
     34.9418218
    ]
   },
   "properties": {
    "id": "BS-kP11-22-27-bs61",
    "kind": "bus_stop",
    "name": "森林センター前",
    "datum": "WGS84",
    "mountainIds": "613",
    "mountainNames": "ポンポン山",
    "lists": "関西百名山",
    "routes": "",
    "entryType": "",
    "trailKmToSummit": "",
    "related": "TH-n1411236360(860m) TH-n1411236360(860m)",
    "attributes": "operator=高槻市; busType=公営路線バス; busRoutes=田能",
    "status": "adopted",
    "accuracyM": 10,
    "needsReview": "運行状況（季節運行・休止・予約制）を要確認、登山口から離れている（徒歩アプローチを要確認）",
    "sources": "国土数値情報（バス停留所データ）令和4年度（国土交通省）P11-22-27-bs61（34.941822, 135.598709、JGD2011）を加工して作成 ｜ OpenStreetMap（© OpenStreetMap contributors, ODbL 1.0）Geofabrik japan-latest.osm.pbf 2026-09-23T20:22:04Z node/5660714073",
    "verifiedAt": ""
   }
  },
  {
   "type": "Feature",
   "geometry": {
    "type": "Point",
    "coordinates": [
     135.6031973,
     34.9355259
    ]
   },
   "properties": {
    "id": "BS-kP11-22-27-bs63",
    "kind": "bus_stop",
    "name": "出灰",
    "datum": "WGS84",
    "mountainIds": "613",
    "mountainNames": "ポンポン山",
    "lists": "関西百名山",
    "routes": "",
    "entryType": "",
    "trailKmToSummit": "",
    "related": "TH-n1411236360(143m)",
    "attributes": "operator=高槻市; busType=公営路線バス; busRoutes=田能",
    "status": "adopted",
    "accuracyM": 10,
    "needsReview": "運行状況（季節運行・休止・予約制）を要確認",
    "sources": "国土数値情報（バス停留所データ）令和4年度（国土交通省）P11-22-27-bs63（34.935526, 135.603197、JGD2011）を加工して作成 ｜ OpenStreetMap（© OpenStreetMap contributors, ODbL 1.0）Geofabrik japan-latest.osm.pbf 2026-09-23T20:22:04Z node/4785695301",
    "verifiedAt": ""
   }
  },
  {
   "type": "Feature",
   "geometry": {
    "type": "Point",
    "coordinates": [
     135.6017505,
     34.9218315
    ]
   },
   "properties": {
    "id": "BS-kP11-22-27-bs72",
    "kind": "bus_stop",
    "name": "つるが谷",
    "datum": "WGS84",
    "mountainIds": "613",
    "mountainNames": "ポンポン山",
    "lists": "関西百名山",
    "routes": "",
    "entryType": "",
    "trailKmToSummit": "",
    "related": "TH-n1478987248(5m)",
    "attributes": "operator=高槻市; busType=公営路線バス; busRoutes=田能",
    "status": "adopted",
    "accuracyM": 10,
    "needsReview": "運行状況（季節運行・休止・予約制）を要確認",
    "sources": "国土数値情報（バス停留所データ）令和4年度（国土交通省）P11-22-27-bs72（34.921831, 135.601750、JGD2011）を加工して作成",
    "verifiedAt": ""
   }
  },
  {
   "type": "Feature",
   "geometry": {
    "type": "Point",
    "coordinates": [
     135.4446266,
     34.9112875
    ]
   },
   "properties": {
    "id": "BS-kP11-22-27-bs89",
    "kind": "bus_stop",
    "name": "妙見口駅",
    "datum": "WGS84",
    "mountainIds": "615",
    "mountainNames": "妙見山",
    "lists": "関西百名山",
    "routes": "",
    "entryType": "",
    "trailKmToSummit": "",
    "related": "TH-osm-n7829132218(38m)",
    "attributes": "operator=阪急バス（株）; busType=民間路線バス; busRoutes=妙見口能勢線（5、6系統） / 妙見口能勢線（8系統）",
    "status": "adopted",
    "accuracyM": 10,
    "needsReview": "運行状況（季節運行・休止・予約制）を要確認",
    "sources": "国土数値情報（バス停留所データ）令和4年度（国土交通省）P11-22-27-bs89（34.911288, 135.444627、JGD2011）を加工して作成 ｜ OpenStreetMap（© OpenStreetMap contributors, ODbL 1.0）Geofabrik japan-latest.osm.pbf 2026-09-23T20:22:04Z node/1264455755",
    "verifiedAt": ""
   }
  },
  {
   "type": "Feature",
   "geometry": {
    "type": "Point",
    "coordinates": [
     135.4443614,
     34.9102956
    ]
   },
   "properties": {
    "id": "BS-kP11-22-27-bs92",
    "kind": "bus_stop",
    "name": "保育所前",
    "datum": "WGS84",
    "mountainIds": "615",
    "mountainNames": "妙見山",
    "lists": "関西百名山",
    "routes": "",
    "entryType": "",
    "trailKmToSummit": "",
    "related": "TH-osm-n7829132218(149m)",
    "attributes": "operator=阪急バス（株）; busType=民間路線バス; busRoutes=妙見口能勢線（8系統）",
    "status": "adopted",
    "accuracyM": 10,
    "needsReview": "運行状況（季節運行・休止・予約制）を要確認",
    "sources": "国土数値情報（バス停留所データ）令和4年度（国土交通省）P11-22-27-bs92（34.910296, 135.444361、JGD2011）を加工して作成 ｜ OpenStreetMap（© OpenStreetMap contributors, ODbL 1.0）Geofabrik japan-latest.osm.pbf 2026-09-23T20:22:04Z node/2666706761",
    "verifiedAt": ""
   }
  },
  {
   "type": "Feature",
   "geometry": {
    "type": "Point",
    "coordinates": [
     134.7739715,
     35.166416
    ]
   },
   "properties": {
    "id": "BS-kP11-22-28-bs1576",
    "kind": "bus_stop",
    "name": "滝後口",
    "datum": "WGS84",
    "mountainIds": "551",
    "mountainNames": "段ヶ峰",
    "lists": "関西百名山",
    "routes": "",
    "entryType": "",
    "trailKmToSummit": "",
    "related": "TH-n1862520437(711m)",
    "attributes": "operator=（株）ウイング神姫; busType=民間路線バス; busRoutes=粟賀　新野駅・粟賀～生野駅西口～生野学園",
    "status": "adopted",
    "accuracyM": 10,
    "needsReview": "運行状況（季節運行・休止・予約制）を要確認、登山口から離れている（徒歩アプローチを要確認）",
    "sources": "国土数値情報（バス停留所データ）令和4年度（国土交通省）P11-22-28-bs1576（35.166416, 134.773972、JGD2011）を加工して作成",
    "verifiedAt": ""
   }
  },
  {
   "type": "Feature",
   "geometry": {
    "type": "Point",
    "coordinates": [
     134.7691659,
     35.1624985
    ]
   },
   "properties": {
    "id": "BS-kP11-22-28-bs1591",
    "kind": "bus_stop",
    "name": "ゴルフ場口",
    "datum": "WGS84",
    "mountainIds": "551",
    "mountainNames": "段ヶ峰",
    "lists": "関西百名山",
    "routes": "",
    "entryType": "",
    "trailKmToSummit": "",
    "related": "TH-n1862520437(868m)",
    "attributes": "operator=（株）ウイング神姫; busType=民間路線バス; busRoutes=粟賀　新野駅・粟賀～生野駅西口～生野学園",
    "status": "adopted",
    "accuracyM": 10,
    "needsReview": "運行状況（季節運行・休止・予約制）を要確認、登山口から離れている（徒歩アプローチを要確認）",
    "sources": "国土数値情報（バス停留所データ）令和4年度（国土交通省）P11-22-28-bs1591（35.162498, 134.769166、JGD2011）を加工して作成",
    "verifiedAt": ""
   }
  },
  {
   "type": "Feature",
   "geometry": {
    "type": "Point",
    "coordinates": [
     134.870003,
     35.1593462
    ]
   },
   "properties": {
    "id": "BS-kP11-22-28-bs1610",
    "kind": "bus_stop",
    "name": "新田口",
    "datum": "WGS84",
    "mountainIds": "571",
    "mountainNames": "千ヶ峰",
    "lists": "関西百名山",
    "routes": "",
    "entryType": "",
    "trailKmToSummit": "",
    "related": "TH-n1471771416(917m)",
    "attributes": "operator=神河町; busType=コミュニティバス; busRoutes=作畑新田線",
    "status": "adopted",
    "accuracyM": 10,
    "needsReview": "運行状況（季節運行・休止・予約制）を要確認、登山口から離れている（徒歩アプローチを要確認）",
    "sources": "国土数値情報（バス停留所データ）令和4年度（国土交通省）P11-22-28-bs1610（35.159346, 134.870003、JGD2011）を加工して作成",
    "verifiedAt": ""
   }
  },
  {
   "type": "Feature",
   "geometry": {
    "type": "Point",
    "coordinates": [
     134.4282444,
     35.1587055
    ]
   },
   "properties": {
    "id": "BS-kP11-22-28-bs1615",
    "kind": "bus_stop",
    "name": "土井",
    "datum": "WGS84",
    "mountainIds": "570",
    "mountainNames": "日名倉山",
    "lists": "関西百名山",
    "routes": "",
    "entryType": "",
    "trailKmToSummit": "",
    "related": "TH-n1471492994(387m)",
    "attributes": "operator=神姫バス（株）; busType=民間路線バス; busRoutes=しーたんバス　奥西山七野線",
    "status": "adopted",
    "accuracyM": 10,
    "needsReview": "運行状況（季節運行・休止・予約制）を要確認",
    "sources": "国土数値情報（バス停留所データ）令和4年度（国土交通省）P11-22-28-bs1615（35.158706, 134.428244、JGD2011）を加工して作成",
    "verifiedAt": ""
   }
  },
  {
   "type": "Feature",
   "geometry": {
    "type": "Point",
    "coordinates": [
     134.4312166,
     35.1584517
    ]
   },
   "properties": {
    "id": "BS-kP11-22-28-bs1616",
    "kind": "bus_stop",
    "name": "紙屋",
    "datum": "WGS84",
    "mountainIds": "570",
    "mountainNames": "日名倉山",
    "lists": "関西百名山",
    "routes": "",
    "entryType": "",
    "trailKmToSummit": "",
    "related": "TH-n1471492994(230m)",
    "attributes": "operator=神姫バス（株）; busType=民間路線バス; busRoutes=しーたんバス　奥西山七野線",
    "status": "adopted",
    "accuracyM": 10,
    "needsReview": "運行状況（季節運行・休止・予約制）を要確認",
    "sources": "国土数値情報（バス停留所データ）令和4年度（国土交通省）P11-22-28-bs1616（35.158452, 134.431217、JGD2011）を加工して作成",
    "verifiedAt": ""
   }
  },
  {
   "type": "Feature",
   "geometry": {
    "type": "Point",
    "coordinates": [
     134.8656434,
     35.1562189
    ]
   },
   "properties": {
    "id": "BS-kP11-22-28-bs1644",
    "kind": "bus_stop",
    "name": "上垣内",
    "datum": "WGS84",
    "mountainIds": "571",
    "mountainNames": "千ヶ峰",
    "lists": "関西百名山",
    "routes": "",
    "entryType": "",
    "trailKmToSummit": "",
    "related": "TH-n1471771587(399m) TH-n1471771416(813m)",
    "attributes": "operator=神河町; busType=コミュニティバス; busRoutes=作畑新田線",
    "status": "adopted",
    "accuracyM": 10,
    "needsReview": "運行状況（季節運行・休止・予約制）を要確認、登山口から離れている（徒歩アプローチを要確認）",
    "sources": "国土数値情報（バス停留所データ）令和4年度（国土交通省）P11-22-28-bs1644（35.156219, 134.865643、JGD2011）を加工して作成",
    "verifiedAt": ""
   }
  },
  {
   "type": "Feature",
   "geometry": {
    "type": "Point",
    "coordinates": [
     134.8656434,
     35.1562189
    ]
   },
   "properties": {
    "id": "BS-kP11-22-28-bs1645",
    "kind": "bus_stop",
    "name": "上垣内",
    "datum": "WGS84",
    "mountainIds": "571",
    "mountainNames": "千ヶ峰",
    "lists": "関西百名山",
    "routes": "",
    "entryType": "",
    "trailKmToSummit": "",
    "related": "TH-n1471771416(813m)",
    "attributes": "operator=（株）ウイング神姫; busType=民間路線バス; busRoutes=粟賀　新野駅・粟賀～作畑新田・新田ふるさと村",
    "status": "adopted",
    "accuracyM": 10,
    "needsReview": "運行状況（季節運行・休止・予約制）を要確認、登山口から離れている（徒歩アプローチを要確認）",
    "sources": "国土数値情報（バス停留所データ）令和4年度（国土交通省）P11-22-28-bs1645（35.156219, 134.865643、JGD2011）を加工して作成",
    "verifiedAt": ""
   }
  },
  {
   "type": "Feature",
   "geometry": {
    "type": "Point",
    "coordinates": [
     134.4330491,
     35.1552802
    ]
   },
   "properties": {
    "id": "BS-kP11-22-28-bs1657",
    "kind": "bus_stop",
    "name": "奥西山公民館前",
    "datum": "WGS84",
    "mountainIds": "570",
    "mountainNames": "日名倉山",
    "lists": "関西百名山",
    "routes": "",
    "entryType": "",
    "trailKmToSummit": "",
    "related": "TH-n1471492994(192m) TH-n1471492588(196m)",
    "attributes": "operator=神姫バス（株）; busType=民間路線バス; busRoutes=しーたんバス　奥西山七野線",
    "status": "adopted",
    "accuracyM": 10,
    "needsReview": "運行状況（季節運行・休止・予約制）を要確認",
    "sources": "国土数値情報（バス停留所データ）令和4年度（国土交通省）P11-22-28-bs1657（35.155280, 134.433049、JGD2011）を加工して作成",
    "verifiedAt": ""
   }
  },
  {
   "type": "Feature",
   "geometry": {
    "type": "Point",
    "coordinates": [
     134.8627383,
     35.1548268
    ]
   },
   "properties": {
    "id": "BS-kP11-22-28-bs1665",
    "kind": "bus_stop",
    "name": "作畑",
    "datum": "WGS84",
    "mountainIds": "571",
    "mountainNames": "千ヶ峰",
    "lists": "関西百名山",
    "routes": "",
    "entryType": "",
    "trailKmToSummit": "",
    "related": "TH-n1471771587(268m)",
    "attributes": "operator=神河町; busType=コミュニティバス; busRoutes=作畑新田線",
    "status": "adopted",
    "accuracyM": 10,
    "needsReview": "運行状況（季節運行・休止・予約制）を要確認",
    "sources": "国土数値情報（バス停留所データ）令和4年度（国土交通省）P11-22-28-bs1665（35.154827, 134.862738、JGD2011）を加工して作成",
    "verifiedAt": ""
   }
  },
  {
   "type": "Feature",
   "geometry": {
    "type": "Point",
    "coordinates": [
     134.8627383,
     35.1548268
    ]
   },
   "properties": {
    "id": "BS-kP11-22-28-bs1666",
    "kind": "bus_stop",
    "name": "作畑",
    "datum": "WGS84",
    "mountainIds": "571",
    "mountainNames": "千ヶ峰",
    "lists": "関西百名山",
    "routes": "",
    "entryType": "",
    "trailKmToSummit": "",
    "related": "TH-n1471771587(268m)",
    "attributes": "operator=（株）ウイング神姫; busType=民間路線バス; busRoutes=粟賀　新野駅・粟賀～作畑新田・新田ふるさと村",
    "status": "adopted",
    "accuracyM": 10,
    "needsReview": "運行状況（季節運行・休止・予約制）を要確認",
    "sources": "国土数値情報（バス停留所データ）令和4年度（国土交通省）P11-22-28-bs1666（35.154827, 134.862738、JGD2011）を加工して作成",
    "verifiedAt": ""
   }
  },
  {
   "type": "Feature",
   "geometry": {
    "type": "Point",
    "coordinates": [
     134.4342439,
     35.1532491
    ]
   },
   "properties": {
    "id": "BS-kP11-22-28-bs1680",
    "kind": "bus_stop",
    "name": "屋垣内",
    "datum": "WGS84",
    "mountainIds": "570",
    "mountainNames": "日名倉山",
    "lists": "関西百名山",
    "routes": "",
    "entryType": "",
    "trailKmToSummit": "",
    "related": "TH-n1471492588(143m) TH-n1471491969(594m)",
    "attributes": "operator=神姫バス（株）; busType=民間路線バス; busRoutes=しーたんバス　奥西山七野線",
    "status": "adopted",
    "accuracyM": 10,
    "needsReview": "運行状況（季節運行・休止・予約制）を要確認",
    "sources": "国土数値情報（バス停留所データ）令和4年度（国土交通省）P11-22-28-bs1680（35.153249, 134.434244、JGD2011）を加工して作成",
    "verifiedAt": ""
   }
  },
  {
   "type": "Feature",
   "geometry": {
    "type": "Point",
    "coordinates": [
     134.436933,
     35.1499565
    ]
   },
   "properties": {
    "id": "BS-kP11-22-28-bs1706",
    "kind": "bus_stop",
    "name": "雛倉",
    "datum": "WGS84",
    "mountainIds": "570",
    "mountainNames": "日名倉山",
    "lists": "関西百名山",
    "routes": "",
    "entryType": "",
    "trailKmToSummit": "",
    "related": "TH-n1471492588(551m) TH-n1471491969(523m)",
    "attributes": "operator=神姫バス（株）; busType=民間路線バス; busRoutes=しーたんバス　奥西山七野線",
    "status": "adopted",
    "accuracyM": 10,
    "needsReview": "運行状況（季節運行・休止・予約制）を要確認",
    "sources": "国土数値情報（バス停留所データ）令和4年度（国土交通省）P11-22-28-bs1706（35.149956, 134.436933、JGD2011）を加工して作成",
    "verifiedAt": ""
   }
  },
  {
   "type": "Feature",
   "geometry": {
    "type": "Point",
    "coordinates": [
     134.4379407,
     35.1459023
    ]
   },
   "properties": {
    "id": "BS-kP11-22-28-bs1731",
    "kind": "bus_stop",
    "name": "室消防詰所前",
    "datum": "WGS84",
    "mountainIds": "570",
    "mountainNames": "日名倉山",
    "lists": "関西百名山",
    "routes": "",
    "entryType": "",
    "trailKmToSummit": "",
    "related": "TH-n1471491969(645m)",
    "attributes": "operator=神姫バス（株）; busType=民間路線バス; busRoutes=しーたんバス　奥西山七野線",
    "status": "adopted",
    "accuracyM": 10,
    "needsReview": "運行状況（季節運行・休止・予約制）を要確認、登山口から離れている（徒歩アプローチを要確認）",
    "sources": "国土数値情報（バス停留所データ）令和4年度（国土交通省）P11-22-28-bs1731（35.145902, 134.437941、JGD2011）を加工して作成",
    "verifiedAt": ""
   }
  },
  {
   "type": "Feature",
   "geometry": {
    "type": "Point",
    "coordinates": [
     135.2351487,
     35.1376247
    ]
   },
   "properties": {
    "id": "BS-kP11-22-28-bs1783",
    "kind": "bus_stop",
    "name": "栗柄上",
    "datum": "WGS84",
    "mountainIds": "576",
    "mountainNames": "三嶽",
    "lists": "関西百名山",
    "routes": "",
    "entryType": "",
    "trailKmToSummit": "",
    "related": "TH-n2023997998(739m)",
    "attributes": "operator=（株）ウイング神姫; busType=民間路線バス; busRoutes=篠山・柏原　3",
    "status": "adopted",
    "accuracyM": 10,
    "needsReview": "運行状況（季節運行・休止・予約制）を要確認、登山口から離れている（徒歩アプローチを要確認）",
    "sources": "国土数値情報（バス停留所データ）令和4年度（国土交通省）P11-22-28-bs1783（35.137625, 135.235149、JGD2011）を加工して作成",
    "verifiedAt": ""
   }
  },
  {
   "type": "Feature",
   "geometry": {
    "type": "Point",
    "coordinates": [
     135.2253646,
     35.134532
    ]
   },
   "properties": {
    "id": "BS-kP11-22-28-bs1800",
    "kind": "bus_stop",
    "name": "栗柄奥",
    "datum": "WGS84",
    "mountainIds": "576",
    "mountainNames": "三嶽",
    "lists": "関西百名山",
    "routes": "",
    "entryType": "",
    "trailKmToSummit": "",
    "related": "TH-kP11-22-28-bs1800(0m) TH-n2023997327(979m) TH-n2023997998(591m)",
    "attributes": "operator=（株）ウイング神姫; busType=民間路線バス; busRoutes=篠山・柏原　3",
    "status": "adopted",
    "accuracyM": 10,
    "needsReview": "運行状況（季節運行・休止・予約制）を要確認、登山口から離れている（徒歩アプローチを要確認）",
    "sources": "国土数値情報（バス停留所データ）令和4年度（国土交通省）P11-22-28-bs1800（35.134532, 135.225365、JGD2011）を加工して作成",
    "verifiedAt": ""
   }
  },
  {
   "type": "Feature",
   "geometry": {
    "type": "Point",
    "coordinates": [
     135.2213088,
     35.1343198
    ]
   },
   "properties": {
    "id": "BS-kP11-22-28-bs1801",
    "kind": "bus_stop",
    "name": "栗柄",
    "datum": "WGS84",
    "mountainIds": "576",
    "mountainNames": "三嶽",
    "lists": "関西百名山",
    "routes": "",
    "entryType": "",
    "trailKmToSummit": "",
    "related": "TH-kP11-22-28-bs1800(370m) TH-n2023997327(711m) TH-n2023997998(923m)",
    "attributes": "operator=（株）ウイング神姫; busType=民間路線バス; busRoutes=篠山・柏原　3",
    "status": "adopted",
    "accuracyM": 10,
    "needsReview": "運行状況（季節運行・休止・予約制）を要確認、登山口から離れている（徒歩アプローチを要確認）",
    "sources": "国土数値情報（バス停留所データ）令和4年度（国土交通省）P11-22-28-bs1801（35.134320, 135.221309、JGD2011）を加工して作成",
    "verifiedAt": ""
   }
  },
  {
   "type": "Feature",
   "geometry": {
    "type": "Point",
    "coordinates": [
     135.2173041,
     35.1294546
    ]
   },
   "properties": {
    "id": "BS-kP11-22-28-bs1819",
    "kind": "bus_stop",
    "name": "栗柄口",
    "datum": "WGS84",
    "mountainIds": "576",
    "mountainNames": "三嶽",
    "lists": "関西百名山",
    "routes": "",
    "entryType": "",
    "trailKmToSummit": "",
    "related": "TH-kP11-22-28-bs1800(924m) TH-n2023997327(62m)",
    "attributes": "operator=（株）ウイング神姫; busType=民間路線バス; busRoutes=篠山・柏原　3",
    "status": "adopted",
    "accuracyM": 10,
    "needsReview": "運行状況（季節運行・休止・予約制）を要確認、登山口から離れている（徒歩アプローチを要確認）",
    "sources": "国土数値情報（バス停留所データ）令和4年度（国土交通省）P11-22-28-bs1819（35.129455, 135.217304、JGD2011）を加工して作成",
    "verifiedAt": ""
   }
  },
  {
   "type": "Feature",
   "geometry": {
    "type": "Point",
    "coordinates": [
     134.8116211,
     35.0719821
    ]
   },
   "properties": {
    "id": "BS-kP11-22-28-bs2257",
    "kind": "bus_stop",
    "name": "グリーンエコー笠形",
    "datum": "WGS84",
    "mountainIds": "591",
    "mountainNames": "笠形山",
    "lists": "関西百名山",
    "routes": "",
    "entryType": "",
    "trailKmToSummit": "",
    "related": "TH-n1471753350(432m) TH-n1471752923(711m)",
    "attributes": "operator=神河町; busType=コミュニティバス; busRoutes=作畑新田線",
    "status": "adopted",
    "accuracyM": 10,
    "needsReview": "運行状況（季節運行・休止・予約制）を要確認、登山口から離れている（徒歩アプローチを要確認）",
    "sources": "国土数値情報（バス停留所データ）令和4年度（国土交通省）P11-22-28-bs2257（35.071982, 134.811621、JGD2011）を加工して作成",
    "verifiedAt": ""
   }
  },
  {
   "type": "Feature",
   "geometry": {
    "type": "Point",
    "coordinates": [
     134.8116211,
     35.0719821
    ]
   },
   "properties": {
    "id": "BS-kP11-22-28-bs2258",
    "kind": "bus_stop",
    "name": "グリーンエコー笠形",
    "datum": "WGS84",
    "mountainIds": "591",
    "mountainNames": "笠形山",
    "lists": "関西百名山",
    "routes": "",
    "entryType": "",
    "trailKmToSummit": "",
    "related": "TH-n1471753350(432m) TH-n1471752923(711m)",
    "attributes": "operator=（株）ウイング神姫; busType=民間路線バス; busRoutes=粟賀　新野駅・粟賀～作畑新田・新田ふるさと村",
    "status": "adopted",
    "accuracyM": 10,
    "needsReview": "運行状況（季節運行・休止・予約制）を要確認、登山口から離れている（徒歩アプローチを要確認）",
    "sources": "国土数値情報（バス停留所データ）令和4年度（国土交通省）P11-22-28-bs2258（35.071982, 134.811621、JGD2011）を加工して作成",
    "verifiedAt": ""
   }
  },
  {
   "type": "Feature",
   "geometry": {
    "type": "Point",
    "coordinates": [
     135.1483272,
     35.0642141
    ]
   },
   "properties": {
    "id": "BS-kP11-22-28-bs2367",
    "kind": "bus_stop",
    "name": "茶の里会館前",
    "datum": "WGS84",
    "mountainIds": "600",
    "mountainNames": "白髪岳",
    "lists": "関西百名山",
    "routes": "",
    "entryType": "",
    "trailKmToSummit": "",
    "related": "TH-kP11-22-28-bs2384(652m) TH-n2023952324(964m)",
    "attributes": "operator=丹波篠山市; busType=コミュニティバス; busRoutes=コミバスハートラン・Aルート",
    "status": "adopted",
    "accuracyM": 10,
    "needsReview": "運行状況（季節運行・休止・予約制）を要確認、登山口から離れている（徒歩アプローチを要確認）",
    "sources": "国土数値情報（バス停留所データ）令和4年度（国土交通省）P11-22-28-bs2367（35.064214, 135.148327、JGD2011）を加工して作成",
    "verifiedAt": ""
   }
  },
  {
   "type": "Feature",
   "geometry": {
    "type": "Point",
    "coordinates": [
     135.1703033,
     35.0633813
    ]
   },
   "properties": {
    "id": "BS-kP11-22-28-bs2376",
    "kind": "bus_stop",
    "name": "味間南",
    "datum": "WGS84",
    "mountainIds": "600",
    "mountainNames": "白髪岳",
    "lists": "関西百名山",
    "routes": "",
    "entryType": "",
    "trailKmToSummit": "",
    "related": "TH-n2023952915(667m)",
    "attributes": "operator=丹波篠山市; busType=コミュニティバス; busRoutes=コミバスハートラン・Aルート",
    "status": "adopted",
    "accuracyM": 10,
    "needsReview": "運行状況（季節運行・休止・予約制）を要確認、登山口から離れている（徒歩アプローチを要確認）",
    "sources": "国土数値情報（バス停留所データ）令和4年度（国土交通省）P11-22-28-bs2376（35.063381, 135.170303、JGD2011）を加工して作成 ｜ OpenStreetMap（© OpenStreetMap contributors, ODbL 1.0）Geofabrik japan-latest.osm.pbf 2026-09-23T20:22:04Z node/9816118746",
    "verifiedAt": ""
   }
  },
  {
   "type": "Feature",
   "geometry": {
    "type": "Point",
    "coordinates": [
     135.1510871,
     35.0631009
    ]
   },
   "properties": {
    "id": "BS-kP11-22-28-bs2378",
    "kind": "bus_stop",
    "name": "味間奥バイパス",
    "datum": "WGS84",
    "mountainIds": "600",
    "mountainNames": "白髪岳",
    "lists": "関西百名山",
    "routes": "",
    "entryType": "",
    "trailKmToSummit": "",
    "related": "TH-n2023952324(855m)",
    "attributes": "operator=丹波篠山市; busType=コミュニティバス; busRoutes=コミバスハートラン・Aルート",
    "status": "adopted",
    "accuracyM": 10,
    "needsReview": "運行状況（季節運行・休止・予約制）を要確認、登山口から離れている（徒歩アプローチを要確認）",
    "sources": "国土数値情報（バス停留所データ）令和4年度（国土交通省）P11-22-28-bs2378（35.063101, 135.151087、JGD2011）を加工して作成",
    "verifiedAt": ""
   }
  },
  {
   "type": "Feature",
   "geometry": {
    "type": "Point",
    "coordinates": [
     135.1414414,
     35.0626024
    ]
   },
   "properties": {
    "id": "BS-kP11-22-28-bs2384",
    "kind": "bus_stop",
    "name": "味間奥中",
    "datum": "WGS84",
    "mountainIds": "600",
    "mountainNames": "白髪岳",
    "lists": "関西百名山",
    "routes": "",
    "entryType": "",
    "trailKmToSummit": "",
    "related": "TH-kP11-22-28-bs2384(0m)",
    "attributes": "operator=丹波篠山市; busType=コミュニティバス; busRoutes=コミバスハートラン・Aルート",
    "status": "adopted",
    "accuracyM": 10,
    "needsReview": "運行状況（季節運行・休止・予約制）を要確認",
    "sources": "国土数値情報（バス停留所データ）令和4年度（国土交通省）P11-22-28-bs2384（35.062602, 135.141441、JGD2011）を加工して作成",
    "verifiedAt": ""
   }
  },
  {
   "type": "Feature",
   "geometry": {
    "type": "Point",
    "coordinates": [
     135.1664834,
     35.0623733
    ]
   },
   "properties": {
    "id": "BS-kP11-22-28-bs2386",
    "kind": "bus_stop",
    "name": "味間新",
    "datum": "WGS84",
    "mountainIds": "600",
    "mountainNames": "白髪岳",
    "lists": "関西百名山",
    "routes": "",
    "entryType": "",
    "trailKmToSummit": "",
    "related": "TH-n2023952915(421m)",
    "attributes": "operator=丹波篠山市; busType=コミュニティバス; busRoutes=コミバスハートラン・Aルート",
    "status": "adopted",
    "accuracyM": 10,
    "needsReview": "運行状況（季節運行・休止・予約制）を要確認",
    "sources": "国土数値情報（バス停留所データ）令和4年度（国土交通省）P11-22-28-bs2386（35.062373, 135.166483、JGD2011）を加工して作成",
    "verifiedAt": ""
   }
  },
  {
   "type": "Feature",
   "geometry": {
    "type": "Point",
    "coordinates": [
     135.1358982,
     35.0621856
    ]
   },
   "properties": {
    "id": "BS-kP11-22-28-bs2389",
    "kind": "bus_stop",
    "name": "熊野神社前",
    "datum": "WGS84",
    "mountainIds": "600",
    "mountainNames": "白髪岳",
    "lists": "関西百名山",
    "routes": "",
    "entryType": "",
    "trailKmToSummit": "",
    "related": "TH-kP11-22-28-bs2384(507m)",
    "attributes": "operator=丹波篠山市; busType=コミュニティバス; busRoutes=コミバスハートラン・Aルート",
    "status": "adopted",
    "accuracyM": 10,
    "needsReview": "運行状況（季節運行・休止・予約制）を要確認",
    "sources": "国土数値情報（バス停留所データ）令和4年度（国土交通省）P11-22-28-bs2389（35.062186, 135.135898、JGD2011）を加工して作成",
    "verifiedAt": ""
   }
  },
  {
   "type": "Feature",
   "geometry": {
    "type": "Point",
    "coordinates": [
     135.1609741,
     35.0621863
    ]
   },
   "properties": {
    "id": "BS-kP11-22-28-bs2390",
    "kind": "bus_stop",
    "name": "地蔵堂前",
    "datum": "WGS84",
    "mountainIds": "600",
    "mountainNames": "白髪岳",
    "lists": "関西百名山",
    "routes": "",
    "entryType": "",
    "trailKmToSummit": "",
    "related": "TH-n2023952915(595m)",
    "attributes": "operator=丹波篠山市; busType=コミュニティバス; busRoutes=コミバスハートラン・Aルート",
    "status": "adopted",
    "accuracyM": 10,
    "needsReview": "運行状況（季節運行・休止・予約制）を要確認",
    "sources": "国土数値情報（バス停留所データ）令和4年度（国土交通省）P11-22-28-bs2390（35.062186, 135.160974、JGD2011）を加工して作成",
    "verifiedAt": ""
   }
  },
  {
   "type": "Feature",
   "geometry": {
    "type": "Point",
    "coordinates": [
     135.1762915,
     35.0565477
    ]
   },
   "properties": {
    "id": "BS-kP11-22-28-bs2445",
    "kind": "bus_stop",
    "name": "篠山口駅",
    "datum": "WGS84",
    "mountainIds": "600",
    "mountainNames": "白髪岳",
    "lists": "関西百名山",
    "routes": "",
    "entryType": "",
    "trailKmToSummit": "",
    "related": "TH-n1560154171(498m)",
    "attributes": "operator=（株）ウイング神姫; busType=民間路線バス; busRoutes=篠山・柏原　8 / 篠山・柏原　10．1 / 篠山・柏原　2",
    "status": "adopted",
    "accuracyM": 10,
    "needsReview": "運行状況（季節運行・休止・予約制）を要確認",
    "sources": "国土数値情報（バス停留所データ）令和4年度（国土交通省）P11-22-28-bs2445（35.056548, 135.176292、JGD2011）を加工して作成 ｜ OpenStreetMap（© OpenStreetMap contributors, ODbL 1.0）Geofabrik japan-latest.osm.pbf 2026-09-23T20:22:04Z node/9041333555",
    "verifiedAt": ""
   }
  },
  {
   "type": "Feature",
   "geometry": {
    "type": "Point",
    "coordinates": [
     135.1767887,
     35.0560925
    ]
   },
   "properties": {
    "id": "BS-kP11-22-28-bs2450",
    "kind": "bus_stop",
    "name": "篠山口駅西口",
    "datum": "WGS84",
    "mountainIds": "600",
    "mountainNames": "白髪岳",
    "lists": "関西百名山",
    "routes": "",
    "entryType": "",
    "trailKmToSummit": "",
    "related": "TH-n1560154171(510m) TH-n1560154171(510m)",
    "attributes": "operator=丹波篠山市; busType=コミュニティバス; busRoutes=コミバスハートラン・Aルート",
    "status": "adopted",
    "accuracyM": 10,
    "needsReview": "運行状況（季節運行・休止・予約制）を要確認",
    "sources": "国土数値情報（バス停留所データ）令和4年度（国土交通省）P11-22-28-bs2450（35.056092, 135.176789、JGD2011）を加工して作成 ｜ OpenStreetMap（© OpenStreetMap contributors, ODbL 1.0）Geofabrik japan-latest.osm.pbf 2026-09-23T20:22:04Z node/9041333558",
    "verifiedAt": ""
   }
  },
  {
   "type": "Feature",
   "geometry": {
    "type": "Point",
    "coordinates": [
     134.8344926,
     35.038079
    ]
   },
   "properties": {
    "id": "BS-kP11-22-28-bs2559",
    "kind": "bus_stop",
    "name": "寺家駐車場",
    "datum": "WGS84",
    "mountainIds": "591",
    "mountainNames": "笠形山",
    "lists": "関西百名山",
    "routes": "",
    "entryType": "",
    "trailKmToSummit": "",
    "related": "TH-n1312957502(490m) TH-osm-w278201423(22m)",
    "attributes": "operator=市川町; busType=コミュニティバス; busRoutes=瀬加・川辺",
    "status": "adopted",
    "accuracyM": 10,
    "needsReview": "運行状況（季節運行・休止・予約制）を要確認",
    "sources": "国土数値情報（バス停留所データ）令和4年度（国土交通省）P11-22-28-bs2559（35.038079, 134.834493、JGD2011）を加工して作成",
    "verifiedAt": ""
   }
  },
  {
   "type": "Feature",
   "geometry": {
    "type": "Point",
    "coordinates": [
     134.8343912,
     35.0378568
    ]
   },
   "properties": {
    "id": "BS-kP11-22-28-bs2561",
    "kind": "bus_stop",
    "name": "寺家",
    "datum": "WGS84",
    "mountainIds": "591",
    "mountainNames": "笠形山",
    "lists": "関西百名山",
    "routes": "",
    "entryType": "",
    "trailKmToSummit": "",
    "related": "TH-n1312957502(515m) TH-osm-w278201423(17m)",
    "attributes": "operator=市川町; busType=コミュニティバス; busRoutes=瀬加～神崎総合病院路線",
    "status": "adopted",
    "accuracyM": 10,
    "needsReview": "運行状況（季節運行・休止・予約制）を要確認",
    "sources": "国土数値情報（バス停留所データ）令和4年度（国土交通省）P11-22-28-bs2561（35.037857, 134.834391、JGD2011）を加工して作成",
    "verifiedAt": ""
   }
  },
  {
   "type": "Feature",
   "geometry": {
    "type": "Point",
    "coordinates": [
     134.8336055,
     35.0367966
    ]
   },
   "properties": {
    "id": "BS-kP11-22-28-bs2574",
    "kind": "bus_stop",
    "name": "寺家口",
    "datum": "WGS84",
    "mountainIds": "591",
    "mountainNames": "笠形山",
    "lists": "関西百名山",
    "routes": "",
    "entryType": "",
    "trailKmToSummit": "",
    "related": "TH-n1312957502(653m) TH-osm-w278201423(150m)",
    "attributes": "operator=市川町; busType=コミュニティバス; busRoutes=瀬加～神崎総合病院路線",
    "status": "adopted",
    "accuracyM": 10,
    "needsReview": "運行状況（季節運行・休止・予約制）を要確認、登山口から離れている（徒歩アプローチを要確認）",
    "sources": "国土数値情報（バス停留所データ）令和4年度（国土交通省）P11-22-28-bs2574（35.036797, 134.833606、JGD2011）を加工して作成",
    "verifiedAt": ""
   }
  },
  {
   "type": "Feature",
   "geometry": {
    "type": "Point",
    "coordinates": [
     134.7349106,
     34.9998409
    ]
   },
   "properties": {
    "id": "BS-kP11-22-28-bs2839",
    "kind": "bus_stop",
    "name": "奥西谷北",
    "datum": "WGS84",
    "mountainIds": "603",
    "mountainNames": "七種山",
    "lists": "関西百名山",
    "routes": "",
    "entryType": "",
    "trailKmToSummit": "",
    "related": "TH-osm-n2246853541(972m)",
    "attributes": "operator=市川町; busType=コミュニティバス; busRoutes=甘地",
    "status": "adopted",
    "accuracyM": 10,
    "needsReview": "運行状況（季節運行・休止・予約制）を要確認、登山口から離れている（徒歩アプローチを要確認）",
    "sources": "国土数値情報（バス停留所データ）令和4年度（国土交通省）P11-22-28-bs2839（34.999841, 134.734911、JGD2011）を加工して作成",
    "verifiedAt": ""
   }
  },
  {
   "type": "Feature",
   "geometry": {
    "type": "Point",
    "coordinates": [
     135.4498038,
     34.9213602
    ]
   },
   "properties": {
    "id": "BS-kP11-22-28-bs3692",
    "kind": "bus_stop",
    "name": "ケーブル黒川駅",
    "datum": "WGS84",
    "mountainIds": "615",
    "mountainNames": "妙見山",
    "lists": "関西百名山",
    "routes": "",
    "entryType": "",
    "trailKmToSummit": "",
    "related": "TH-w301750772-2(951m) TH-w301750772-2(951m) TH-n1264700814(98m) TH-n1264700814(98m) TH-n1629277061(289m) TH-n1629277061(289m) TH-n1629277061(289m)",
    "attributes": "operator=阪急バス（株）; busType=民間路線バス; busRoutes=妙見口能勢線（5、6系統） / 妙見口能勢線（8系統）",
    "status": "adopted",
    "accuracyM": 10,
    "needsReview": "運行状況（季節運行・休止・予約制）を要確認、登山口から離れている（徒歩アプローチを要確認）",
    "sources": "国土数値情報（バス停留所データ）令和4年度（国土交通省）P11-22-28-bs3692（34.921360, 135.449804、JGD2011）を加工して作成 ｜ OpenStreetMap（© OpenStreetMap contributors, ODbL 1.0）Geofabrik japan-latest.osm.pbf 2026-09-23T20:22:04Z node/1264719807",
    "verifiedAt": ""
   }
  },
  {
   "type": "Feature",
   "geometry": {
    "type": "Point",
    "coordinates": [
     134.7575406,
     34.8295759
    ]
   },
   "properties": {
    "id": "BS-kP11-22-28-bs5147",
    "kind": "bus_stop",
    "name": "夕陽ヶ丘",
    "datum": "WGS84",
    "mountainIds": "624",
    "mountainNames": "高御位山",
    "lists": "関西百名山",
    "routes": "",
    "entryType": "",
    "trailKmToSummit": "",
    "related": "TH-n1342310314(98m)",
    "attributes": "operator=神姫バス（株）; busType=民間路線バス; busRoutes=姫路北部22",
    "status": "adopted",
    "accuracyM": 10,
    "needsReview": "運行状況（季節運行・休止・予約制）を要確認",
    "sources": "国土数値情報（バス停留所データ）令和4年度（国土交通省）P11-22-28-bs5147（34.829576, 134.757541、JGD2011）を加工して作成 ｜ OpenStreetMap（© OpenStreetMap contributors, ODbL 1.0）Geofabrik japan-latest.osm.pbf 2026-09-23T20:22:04Z node/10856110492",
    "verifiedAt": ""
   }
  },
  {
   "type": "Feature",
   "geometry": {
    "type": "Point",
    "coordinates": [
     134.7511548,
     34.8279079
    ]
   },
   "properties": {
    "id": "BS-kP11-22-28-bs5189",
    "kind": "bus_stop",
    "name": "深志野東口",
    "datum": "WGS84",
    "mountainIds": "624",
    "mountainNames": "高御位山",
    "lists": "関西百名山",
    "routes": "",
    "entryType": "",
    "trailKmToSummit": "",
    "related": "TH-n1342310314(616m)",
    "attributes": "operator=神姫バス（株）; busType=民間路線バス; busRoutes=姫路北部22",
    "status": "adopted",
    "accuracyM": 10,
    "needsReview": "運行状況（季節運行・休止・予約制）を要確認、登山口から離れている（徒歩アプローチを要確認）",
    "sources": "国土数値情報（バス停留所データ）令和4年度（国土交通省）P11-22-28-bs5189（34.827908, 134.751155、JGD2011）を加工して作成 ｜ OpenStreetMap（© OpenStreetMap contributors, ODbL 1.0）Geofabrik japan-latest.osm.pbf 2026-09-23T20:22:04Z node/10856110493",
    "verifiedAt": ""
   }
  },
  {
   "type": "Feature",
   "geometry": {
    "type": "Point",
    "coordinates": [
     134.7498119,
     34.8204806
    ]
   },
   "properties": {
    "id": "BS-kP11-22-28-bs5372",
    "kind": "bus_stop",
    "name": "木工団地",
    "datum": "WGS84",
    "mountainIds": "624",
    "mountainNames": "高御位山",
    "lists": "関西百名山",
    "routes": "",
    "entryType": "",
    "trailKmToSummit": "",
    "related": "TH-n10856110499(395m)",
    "attributes": "operator=神姫バス（株）; busType=民間路線バス; busRoutes=姫路北部22",
    "status": "adopted",
    "accuracyM": 10,
    "needsReview": "運行状況（季節運行・休止・予約制）を要確認",
    "sources": "国土数値情報（バス停留所データ）令和4年度（国土交通省）P11-22-28-bs5372（34.820481, 134.749812、JGD2011）を加工して作成 ｜ OpenStreetMap（© OpenStreetMap contributors, ODbL 1.0）Geofabrik japan-latest.osm.pbf 2026-09-23T20:22:04Z node/10856110498",
    "verifiedAt": ""
   }
  },
  {
   "type": "Feature",
   "geometry": {
    "type": "Point",
    "coordinates": [
     135.1278809,
     34.8192428
    ]
   },
   "properties": {
    "id": "BS-kP11-22-28-bs5402",
    "kind": "bus_stop",
    "name": "東畑",
    "datum": "WGS84",
    "mountainIds": "627",
    "mountainNames": "帝釈山",
    "lists": "関西百名山",
    "routes": "",
    "entryType": "",
    "trailKmToSummit": "",
    "related": "TH-n1842678695(688m)",
    "attributes": "operator=神姫バス（株）; busType=民間路線バス; busRoutes=三田駅周辺15 / 三田駅周辺115 / 三田駅周辺　岡場駅前～藤原台北町5丁目・吉尾インター～屏風辻～淡河",
    "status": "adopted",
    "accuracyM": 10,
    "needsReview": "運行状況（季節運行・休止・予約制）を要確認、登山口から離れている（徒歩アプローチを要確認）",
    "sources": "国土数値情報（バス停留所データ）令和4年度（国土交通省）P11-22-28-bs5402（34.819243, 135.127881、JGD2011）を加工して作成",
    "verifiedAt": ""
   }
  },
  {
   "type": "Feature",
   "geometry": {
    "type": "Point",
    "coordinates": [
     134.8019757,
     34.8187047
    ]
   },
   "properties": {
    "id": "BS-kP11-22-28-bs5419",
    "kind": "bus_stop",
    "name": "西原",
    "datum": "WGS84",
    "mountainIds": "624",
    "mountainNames": "高御位山",
    "lists": "関西百名山",
    "routes": "",
    "entryType": "",
    "trailKmToSummit": "",
    "related": "TH-n1668477327(628m)",
    "attributes": "operator=加古川市かこばすミニ運営; busType=民間路線バス; busRoutes=かこバスミニ・志方西ルート; network=かこタクシー",
    "status": "adopted",
    "accuracyM": 10,
    "needsReview": "運行状況（季節運行・休止・予約制）を要確認、登山口から離れている（徒歩アプローチを要確認）",
    "sources": "国土数値情報（バス停留所データ）令和4年度（国土交通省）P11-22-28-bs5419（34.818705, 134.801976、JGD2011）を加工して作成 ｜ OpenStreetMap（© OpenStreetMap contributors, ODbL 1.0）Geofabrik japan-latest.osm.pbf 2026-09-23T20:22:04Z node/6791896906",
    "verifiedAt": ""
   }
  },
  {
   "type": "Feature",
   "geometry": {
    "type": "Point",
    "coordinates": [
     135.1244373,
     34.8186895
    ]
   },
   "properties": {
    "id": "BS-kP11-22-28-bs5420",
    "kind": "bus_stop",
    "name": "淡河中学校",
    "datum": "WGS84",
    "mountainIds": "627",
    "mountainNames": "帝釈山",
    "lists": "関西百名山",
    "routes": "",
    "entryType": "",
    "trailKmToSummit": "",
    "related": "TH-n1842678695(543m)",
    "attributes": "operator=神姫バス（株）; busType=民間路線バス; busRoutes=三田駅周辺15 / 三田駅周辺115 / 三田駅周辺　岡場駅前～藤原台北町5丁目・吉尾インター～屏風辻～淡河",
    "status": "adopted",
    "accuracyM": 10,
    "needsReview": "運行状況（季節運行・休止・予約制）を要確認",
    "sources": "国土数値情報（バス停留所データ）令和4年度（国土交通省）P11-22-28-bs5420（34.818689, 135.124437、JGD2011）を加工して作成",
    "verifiedAt": ""
   }
  },
  {
   "type": "Feature",
   "geometry": {
    "type": "Point",
    "coordinates": [
     135.1209804,
     34.8181412
    ]
   },
   "properties": {
    "id": "BS-kP11-22-28-bs5434",
    "kind": "bus_stop",
    "name": "行原",
    "datum": "WGS84",
    "mountainIds": "627",
    "mountainNames": "帝釈山",
    "lists": "関西百名山",
    "routes": "",
    "entryType": "",
    "trailKmToSummit": "",
    "related": "TH-n1842678695(568m) TH-n1842678087(759m)",
    "attributes": "operator=神姫バス（株）; busType=民間路線バス; busRoutes=三田駅周辺15 / 三田駅周辺115 / 三田駅周辺　岡場駅前～藤原台北町5丁目・吉尾インター～屏風辻～淡河",
    "status": "adopted",
    "accuracyM": 10,
    "needsReview": "運行状況（季節運行・休止・予約制）を要確認、登山口から離れている（徒歩アプローチを要確認）",
    "sources": "国土数値情報（バス停留所データ）令和4年度（国土交通省）P11-22-28-bs5434（34.818141, 135.120980、JGD2011）を加工して作成",
    "verifiedAt": ""
   }
  },
  {
   "type": "Feature",
   "geometry": {
    "type": "Point",
    "coordinates": [
     134.7529318,
     34.8180482
    ]
   },
   "properties": {
    "id": "BS-kP11-22-28-bs5438",
    "kind": "bus_stop",
    "name": "佐土新",
    "datum": "WGS84",
    "mountainIds": "624",
    "mountainNames": "高御位山",
    "lists": "関西百名山",
    "routes": "",
    "entryType": "",
    "trailKmToSummit": "",
    "related": "TH-n10856110499(5m) TH-n10856110499(5m) TH-n1342305135(508m) TH-n1342305135(508m)",
    "attributes": "operator=神姫バス（株）; busType=民間路線バス; busRoutes=姫路北部22",
    "status": "adopted",
    "accuracyM": 10,
    "needsReview": "運行状況（季節運行・休止・予約制）を要確認",
    "sources": "国土数値情報（バス停留所データ）令和4年度（国土交通省）P11-22-28-bs5438（34.818048, 134.752932、JGD2011）を加工して作成 ｜ OpenStreetMap（© OpenStreetMap contributors, ODbL 1.0）Geofabrik japan-latest.osm.pbf 2026-09-23T20:22:04Z node/10856110499",
    "verifiedAt": ""
   }
  },
  {
   "type": "Feature",
   "geometry": {
    "type": "Point",
    "coordinates": [
     135.1086274,
     34.8168229
    ]
   },
   "properties": {
    "id": "BS-kP11-22-28-bs5463",
    "kind": "bus_stop",
    "name": "萩原",
    "datum": "WGS84",
    "mountainIds": "627",
    "mountainNames": "帝釈山",
    "lists": "関西百名山",
    "routes": "",
    "entryType": "",
    "trailKmToSummit": "",
    "related": "TH-n1842675127(966m) TH-n1842678087(821m)",
    "attributes": "operator=神姫バス（株）; busType=民間路線バス; busRoutes=三田駅周辺15 / 三田駅周辺115 / 三田駅周辺　岡場駅前～藤原台北町5丁目・吉尾インター～屏風辻～淡河",
    "status": "adopted",
    "accuracyM": 10,
    "needsReview": "運行状況（季節運行・休止・予約制）を要確認、登山口から離れている（徒歩アプローチを要確認）",
    "sources": "国土数値情報（バス停留所データ）令和4年度（国土交通省）P11-22-28-bs5463（34.816823, 135.108627、JGD2011）を加工して作成",
    "verifiedAt": ""
   }
  },
  {
   "type": "Feature",
   "geometry": {
    "type": "Point",
    "coordinates": [
     134.8026328,
     34.8166964
    ]
   },
   "properties": {
    "id": "BS-kP11-22-28-bs5468",
    "kind": "bus_stop",
    "name": "ヴィラ播磨前",
    "datum": "WGS84",
    "mountainIds": "624",
    "mountainNames": "高御位山",
    "lists": "関西百名山",
    "routes": "",
    "entryType": "",
    "trailKmToSummit": "",
    "related": "TH-n1668477701(247m) TH-n1668477327(469m)",
    "attributes": "operator=加古川市かこばすミニ運営; busType=民間路線バス; busRoutes=かこバスミニ・志方西ルート; network=かこタクシー",
    "status": "adopted",
    "accuracyM": 10,
    "needsReview": "運行状況（季節運行・休止・予約制）を要確認",
    "sources": "国土数値情報（バス停留所データ）令和4年度（国土交通省）P11-22-28-bs5468（34.816696, 134.802633、JGD2011）を加工して作成 ｜ OpenStreetMap（© OpenStreetMap contributors, ODbL 1.0）Geofabrik japan-latest.osm.pbf 2026-09-23T20:22:04Z node/6791896905",
    "verifiedAt": ""
   }
  },
  {
   "type": "Feature",
   "geometry": {
    "type": "Point",
    "coordinates": [
     135.1119887,
     34.816483
    ]
   },
   "properties": {
    "id": "BS-kP11-22-28-bs5472",
    "kind": "bus_stop",
    "name": "淡河出張所前",
    "datum": "WGS84",
    "mountainIds": "627",
    "mountainNames": "帝釈山",
    "lists": "関西百名山",
    "routes": "",
    "entryType": "",
    "trailKmToSummit": "",
    "related": "TH-n1842675127(967m) TH-n1842678087(565m)",
    "attributes": "operator=神姫バス（株）; busType=民間路線バス; busRoutes=三田駅周辺15 / 三田駅周辺115 / 三田駅周辺　岡場駅前～藤原台北町5丁目・吉尾インター～屏風辻～淡河",
    "status": "adopted",
    "accuracyM": 10,
    "needsReview": "運行状況（季節運行・休止・予約制）を要確認、登山口から離れている（徒歩アプローチを要確認）",
    "sources": "国土数値情報（バス停留所データ）令和4年度（国土交通省）P11-22-28-bs5472（34.816483, 135.111989、JGD2011）を加工して作成",
    "verifiedAt": ""
   }
  },
  {
   "type": "Feature",
   "geometry": {
    "type": "Point",
    "coordinates": [
     134.8089182,
     34.8151958
    ]
   },
   "properties": {
    "id": "BS-kP11-22-28-bs5504",
    "kind": "bus_stop",
    "name": "こども療育センター前",
    "datum": "WGS84",
    "mountainIds": "624",
    "mountainNames": "高御位山",
    "lists": "関西百名山",
    "routes": "",
    "entryType": "",
    "trailKmToSummit": "",
    "related": "TH-w1150059209(59m)",
    "attributes": "operator=加古川市かこばすミニ運営; busType=民間路線バス; busRoutes=かこバスミニ・志方中ルート（こども療育センター経由）",
    "status": "adopted",
    "accuracyM": 10,
    "needsReview": "運行状況（季節運行・休止・予約制）を要確認",
    "sources": "国土数値情報（バス停留所データ）令和4年度（国土交通省）P11-22-28-bs5504（34.815196, 134.808918、JGD2011）を加工して作成",
    "verifiedAt": ""
   }
  },
  {
   "type": "Feature",
   "geometry": {
    "type": "Point",
    "coordinates": [
     134.8082011,
     34.8151169
    ]
   },
   "properties": {
    "id": "BS-kP11-22-28-bs5509",
    "kind": "bus_stop",
    "name": "地域産業振興センター前",
    "datum": "WGS84",
    "mountainIds": "624",
    "mountainNames": "高御位山",
    "lists": "関西百名山",
    "routes": "",
    "entryType": "",
    "trailKmToSummit": "",
    "related": "TH-w1150059209(27m) TH-n1668477701(429m)",
    "attributes": "operator=加古川市かこばすミニ運営; busType=民間路線バス; busRoutes=かこバスミニ・志方西ルート; network=かこタクシー",
    "status": "adopted",
    "accuracyM": 10,
    "needsReview": "運行状況（季節運行・休止・予約制）を要確認",
    "sources": "国土数値情報（バス停留所データ）令和4年度（国土交通省）P11-22-28-bs5509（34.815117, 134.808201、JGD2011）を加工して作成 ｜ OpenStreetMap（© OpenStreetMap contributors, ODbL 1.0）Geofabrik japan-latest.osm.pbf 2026-09-23T20:22:04Z node/6791896902",
    "verifiedAt": ""
   }
  },
  {
   "type": "Feature",
   "geometry": {
    "type": "Point",
    "coordinates": [
     134.7508909,
     34.814703
    ]
   },
   "properties": {
    "id": "BS-kP11-22-28-bs5516",
    "kind": "bus_stop",
    "name": "東中学校前",
    "datum": "WGS84",
    "mountainIds": "624",
    "mountainNames": "高御位山",
    "lists": "関西百名山",
    "routes": "",
    "entryType": "",
    "trailKmToSummit": "",
    "related": "TH-n1342305135(538m)",
    "attributes": "operator=神姫バス（株）; busType=民間路線バス; busRoutes=姫路北部22",
    "status": "adopted",
    "accuracyM": 10,
    "needsReview": "運行状況（季節運行・休止・予約制）を要確認",
    "sources": "国土数値情報（バス停留所データ）令和4年度（国土交通省）P11-22-28-bs5516（34.814703, 134.750891、JGD2011）を加工して作成 ｜ OpenStreetMap（© OpenStreetMap contributors, ODbL 1.0）Geofabrik japan-latest.osm.pbf 2026-09-23T20:22:04Z node/10856110501",
    "verifiedAt": ""
   }
  },
  {
   "type": "Feature",
   "geometry": {
    "type": "Point",
    "coordinates": [
     134.8036112,
     34.8144278
    ]
   },
   "properties": {
    "id": "BS-kP11-22-28-bs5520",
    "kind": "bus_stop",
    "name": "（成井）フロッシュ前",
    "datum": "WGS84",
    "mountainIds": "624",
    "mountainNames": "高御位山",
    "lists": "関西百名山",
    "routes": "",
    "entryType": "",
    "trailKmToSummit": "",
    "related": "TH-n1668477701(19m) TH-n1668477327(409m)",
    "attributes": "operator=加古川市かこばすミニ運営; busType=民間路線バス; busRoutes=かこバスミニ・志方西ルート; network=かこタクシー",
    "status": "adopted",
    "accuracyM": 10,
    "needsReview": "運行状況（季節運行・休止・予約制）を要確認",
    "sources": "国土数値情報（バス停留所データ）令和4年度（国土交通省）P11-22-28-bs5520（34.814428, 134.803611、JGD2011）を加工して作成 ｜ OpenStreetMap（© OpenStreetMap contributors, ODbL 1.0）Geofabrik japan-latest.osm.pbf 2026-09-23T20:22:04Z node/6791896903",
    "verifiedAt": ""
   }
  },
  {
   "type": "Feature",
   "geometry": {
    "type": "Point",
    "coordinates": [
     135.0976573,
     34.8143256
    ]
   },
   "properties": {
    "id": "BS-kP11-22-28-bs5523",
    "kind": "bus_stop",
    "name": "淡河本町北",
    "datum": "WGS84",
    "mountainIds": "627",
    "mountainNames": "帝釈山",
    "lists": "関西百名山",
    "routes": "",
    "entryType": "",
    "trailKmToSummit": "",
    "related": "TH-kP11-22-28-bs5568(225m)",
    "attributes": "operator=神姫バス（株）; busType=民間路線バス; busRoutes=三木・小野・社　三宮～淡河本町南～みなぎ台～吉川図書館前（夏ルート・冬ルート）; network=神姫バス三田",
    "status": "adopted",
    "accuracyM": 10,
    "needsReview": "運行状況（季節運行・休止・予約制）を要確認",
    "sources": "国土数値情報（バス停留所データ）令和4年度（国土交通省）P11-22-28-bs5523（34.814326, 135.097657、JGD2011）を加工して作成 ｜ OpenStreetMap（© OpenStreetMap contributors, ODbL 1.0）Geofabrik japan-latest.osm.pbf 2026-09-23T20:22:04Z node/11416798849",
    "verifiedAt": ""
   }
  },
  {
   "type": "Feature",
   "geometry": {
    "type": "Point",
    "coordinates": [
     135.1026532,
     34.8142848
    ]
   },
   "properties": {
    "id": "BS-kP11-22-28-bs5524",
    "kind": "bus_stop",
    "name": "学校下",
    "datum": "WGS84",
    "mountainIds": "627",
    "mountainNames": "帝釈山",
    "lists": "関西百名山",
    "routes": "",
    "entryType": "",
    "trailKmToSummit": "",
    "related": "TH-n1842675127(897m)",
    "attributes": "operator=神姫バス（株）; busType=民間路線バス; busRoutes=三田駅周辺15 / 三田駅周辺115 / 三田駅周辺　岡場駅前～藤原台北町5丁目・吉尾インター～屏風辻～淡河",
    "status": "adopted",
    "accuracyM": 10,
    "needsReview": "運行状況（季節運行・休止・予約制）を要確認、登山口から離れている（徒歩アプローチを要確認）",
    "sources": "国土数値情報（バス停留所データ）令和4年度（国土交通省）P11-22-28-bs5524（34.814285, 135.102653、JGD2011）を加工して作成",
    "verifiedAt": ""
   }
  },
  {
   "type": "Feature",
   "geometry": {
    "type": "Point",
    "coordinates": [
     135.0981359,
     34.8137023
    ]
   },
   "properties": {
    "id": "BS-kP11-22-28-bs5537",
    "kind": "bus_stop",
    "name": "淡河本町",
    "datum": "WGS84",
    "mountainIds": "627",
    "mountainNames": "帝釈山",
    "lists": "関西百名山",
    "routes": "",
    "entryType": "",
    "trailKmToSummit": "",
    "related": "TH-kP11-22-28-bs5568(144m)",
    "attributes": "operator=神姫バス（株）; busType=民間路線バス; busRoutes=三田駅周辺15 / 三田駅周辺115 / 三田駅周辺　岡場駅前～藤原台北町5丁目・吉尾インター～屏風辻～淡河",
    "status": "adopted",
    "accuracyM": 10,
    "needsReview": "運行状況（季節運行・休止・予約制）を要確認",
    "sources": "国土数値情報（バス停留所データ）令和4年度（国土交通省）P11-22-28-bs5537（34.813702, 135.098136、JGD2011）を加工して作成",
    "verifiedAt": ""
   }
  },
  {
   "type": "Feature",
   "geometry": {
    "type": "Point",
    "coordinates": [
     135.0989325,
     34.8125814
    ]
   },
   "properties": {
    "id": "BS-kP11-22-28-bs5568",
    "kind": "bus_stop",
    "name": "淡河本町南",
    "datum": "WGS84",
    "mountainIds": "627",
    "mountainNames": "帝釈山",
    "lists": "関西百名山",
    "routes": "",
    "entryType": "",
    "trailKmToSummit": "",
    "related": "TH-kP11-22-28-bs5568(0m)",
    "attributes": "operator=神姫バス（株）; busType=民間路線バス; busRoutes=三木・小野・社　三宮～淡河本町南～みなぎ台～吉川図書館前（夏ルート・冬ルート）",
    "status": "adopted",
    "accuracyM": 10,
    "needsReview": "運行状況（季節運行・休止・予約制）を要確認",
    "sources": "国土数値情報（バス停留所データ）令和4年度（国土交通省）P11-22-28-bs5568（34.812581, 135.098932、JGD2011）を加工して作成",
    "verifiedAt": ""
   }
  },
  {
   "type": "Feature",
   "geometry": {
    "type": "Point",
    "coordinates": [
     134.8097934,
     34.8123814
    ]
   },
   "properties": {
    "id": "BS-kP11-22-28-bs5574",
    "kind": "bus_stop",
    "name": "西城後公園",
    "datum": "WGS84",
    "mountainIds": "624",
    "mountainNames": "高御位山",
    "lists": "関西百名山",
    "routes": "",
    "entryType": "",
    "trailKmToSummit": "",
    "related": "TH-w1150059209(355m)",
    "attributes": "operator=加古川市かこばすミニ運営; busType=民間路線バス; busRoutes=かこバスミニ・志方西ルート / かこバスミニ・志方中ルート（こども療育センター経由）; network=かこタクシー",
    "status": "adopted",
    "accuracyM": 10,
    "needsReview": "運行状況（季節運行・休止・予約制）を要確認",
    "sources": "国土数値情報（バス停留所データ）令和4年度（国土交通省）P11-22-28-bs5574（34.812381, 134.809793、JGD2011）を加工して作成 ｜ OpenStreetMap（© OpenStreetMap contributors, ODbL 1.0）Geofabrik japan-latest.osm.pbf 2026-09-23T20:22:04Z node/6791896890",
    "verifiedAt": ""
   }
  },
  {
   "type": "Feature",
   "geometry": {
    "type": "Point",
    "coordinates": [
     134.7775464,
     34.8069739
    ]
   },
   "properties": {
    "id": "BS-kP11-22-28-bs5722",
    "kind": "bus_stop",
    "name": "鹿島神社",
    "datum": "WGS84",
    "mountainIds": "624",
    "mountainNames": "高御位山",
    "lists": "関西百名山",
    "routes": "",
    "entryType": "",
    "trailKmToSummit": "",
    "related": "TH-kP11-22-28-bs5722(0m) TH-n1342088597(310m)",
    "attributes": "operator=神姫バス（株）; busType=民間路線バス; busRoutes=姫路北部21",
    "status": "adopted",
    "accuracyM": 10,
    "needsReview": "運行状況（季節運行・休止・予約制）を要確認",
    "sources": "国土数値情報（バス停留所データ）令和4年度（国土交通省）P11-22-28-bs5722（34.806974, 134.777546、JGD2011）を加工して作成 ｜ OpenStreetMap（© OpenStreetMap contributors, ODbL 1.0）Geofabrik japan-latest.osm.pbf 2026-09-23T20:22:04Z node/5178659531",
    "verifiedAt": ""
   }
  },
  {
   "type": "Feature",
   "geometry": {
    "type": "Point",
    "coordinates": [
     134.782705,
     34.8041322
    ]
   },
   "properties": {
    "id": "BS-kP11-22-28-bs5795",
    "kind": "bus_stop",
    "name": "霊園前",
    "datum": "WGS84",
    "mountainIds": "624",
    "mountainNames": "高御位山",
    "lists": "関西百名山",
    "routes": "",
    "entryType": "",
    "trailKmToSummit": "",
    "related": "TH-n1342088505(828m)",
    "attributes": "operator=神姫バス（株）; busType=民間路線バス; busRoutes=姫路北部21",
    "status": "adopted",
    "accuracyM": 10,
    "needsReview": "運行状況（季節運行・休止・予約制）を要確認、登山口から離れている（徒歩アプローチを要確認）",
    "sources": "国土数値情報（バス停留所データ）令和4年度（国土交通省）P11-22-28-bs5795（34.804132, 134.782705、JGD2011）を加工して作成 ｜ OpenStreetMap（© OpenStreetMap contributors, ODbL 1.0）Geofabrik japan-latest.osm.pbf 2026-09-23T20:22:04Z node/2604549379",
    "verifiedAt": ""
   }
  },
  {
   "type": "Feature",
   "geometry": {
    "type": "Point",
    "coordinates": [
     135.2527765,
     34.8006539
    ]
   },
   "properties": {
    "id": "BS-kP11-22-28-bs5885",
    "kind": "bus_stop",
    "name": "有馬東口",
    "datum": "WGS84",
    "mountainIds": "628",
    "mountainNames": "六甲最高峰",
    "lists": "日本三百名山|関西百名山",
    "routes": "",
    "entryType": "",
    "trailKmToSummit": "",
    "related": "TH-n2928687706(762m)",
    "attributes": "operator=西宮市; busType=コミュニティバス; busRoutes=さくらやまなみバス（金仙寺系統・有馬系統）; network=芦屋有馬線",
    "status": "adopted",
    "accuracyM": 10,
    "needsReview": "運行状況（季節運行・休止・予約制）を要確認、登山口から離れている（徒歩アプローチを要確認）",
    "sources": "国土数値情報（バス停留所データ）令和4年度（国土交通省）P11-22-28-bs5885（34.800654, 135.252776、JGD2011）を加工して作成 ｜ OpenStreetMap（© OpenStreetMap contributors, ODbL 1.0）Geofabrik japan-latest.osm.pbf 2026-09-23T20:22:04Z node/5212601641",
    "verifiedAt": ""
   }
  },
  {
   "type": "Feature",
   "geometry": {
    "type": "Point",
    "coordinates": [
     135.2471617,
     34.7989577
    ]
   },
   "properties": {
    "id": "BS-kP11-22-28-bs5930",
    "kind": "bus_stop",
    "name": "有馬温泉",
    "datum": "WGS84",
    "mountainIds": "628",
    "mountainNames": "六甲最高峰",
    "lists": "日本三百名山|関西百名山",
    "routes": "",
    "entryType": "",
    "trailKmToSummit": "",
    "related": "TH-n12345111564(327m) TH-n1842381862(747m)",
    "attributes": "operator=神姫バス（株）; busType=民間路線バス; busRoutes=三田駅周辺69",
    "status": "adopted",
    "accuracyM": 10,
    "needsReview": "運行状況（季節運行・休止・予約制）を要確認、登山口から離れている（徒歩アプローチを要確認）",
    "sources": "国土数値情報（バス停留所データ）令和4年度（国土交通省）P11-22-28-bs5930（34.798958, 135.247162、JGD2011）を加工して作成",
    "verifiedAt": ""
   }
  },
  {
   "type": "Feature",
   "geometry": {
    "type": "Point",
    "coordinates": [
     135.2416303,
     34.7981541
    ]
   },
   "properties": {
    "id": "BS-kP11-22-28-bs5954",
    "kind": "bus_stop",
    "name": "有馬西口",
    "datum": "WGS84",
    "mountainIds": "628",
    "mountainNames": "六甲最高峰",
    "lists": "日本三百名山|関西百名山",
    "routes": "",
    "entryType": "",
    "trailKmToSummit": "",
    "related": "TH-n2921600660(876m)",
    "attributes": "operator=神姫バス（株）; busType=民間路線バス; busRoutes=神戸市中心部　有馬温泉（太閤橋）～三宮駅前; network=三宮有馬線",
    "status": "adopted",
    "accuracyM": 10,
    "needsReview": "運行状況（季節運行・休止・予約制）を要確認、登山口から離れている（徒歩アプローチを要確認）",
    "sources": "国土数値情報（バス停留所データ）令和4年度（国土交通省）P11-22-28-bs5954（34.798154, 135.241630、JGD2011）を加工して作成 ｜ OpenStreetMap（© OpenStreetMap contributors, ODbL 1.0）Geofabrik japan-latest.osm.pbf 2026-09-23T20:22:04Z node/5163067258",
    "verifiedAt": ""
   }
  },
  {
   "type": "Feature",
   "geometry": {
    "type": "Point",
    "coordinates": [
     135.2573989,
     34.7968497
    ]
   },
   "properties": {
    "id": "BS-kP11-22-28-bs6003",
    "kind": "bus_stop",
    "name": "瑞宝寺公園前",
    "datum": "WGS84",
    "mountainIds": "628",
    "mountainNames": "六甲最高峰",
    "lists": "日本三百名山|関西百名山",
    "routes": "",
    "entryType": "",
    "trailKmToSummit": "",
    "related": "TH-n2928687706(290m) TH-n2928687706(290m)",
    "attributes": "operator=阪急バス（株）; busType=民間路線バス; busRoutes=芦屋有馬線（80、81系統）; network=芦屋有馬線",
    "status": "adopted",
    "accuracyM": 10,
    "needsReview": "運行状況（季節運行・休止・予約制）を要確認",
    "sources": "国土数値情報（バス停留所データ）令和4年度（国土交通省）P11-22-28-bs6003（34.796850, 135.257399、JGD2011）を加工して作成 ｜ OpenStreetMap（© OpenStreetMap contributors, ODbL 1.0）Geofabrik japan-latest.osm.pbf 2026-09-23T20:22:04Z node/5199903680",
    "verifiedAt": ""
   }
  },
  {
   "type": "Feature",
   "geometry": {
    "type": "Point",
    "coordinates": [
     135.275695,
     34.7811106
    ]
   },
   "properties": {
    "id": "BS-kP11-22-28-bs6402",
    "kind": "bus_stop",
    "name": "宝殿橋",
    "datum": "WGS84",
    "mountainIds": "628",
    "mountainNames": "六甲最高峰",
    "lists": "日本三百名山|関西百名山",
    "routes": "",
    "entryType": "",
    "trailKmToSummit": "",
    "related": "TH-n8487738855(820m)",
    "attributes": "operator=阪急バス（株）; busType=民間路線バス; busRoutes=芦屋有馬線（80、81系統）; network=芦屋有馬線",
    "status": "adopted",
    "accuracyM": 10,
    "needsReview": "運行状況（季節運行・休止・予約制）を要確認、登山口から離れている（徒歩アプローチを要確認）",
    "sources": "国土数値情報（バス停留所データ）令和4年度（国土交通省）P11-22-28-bs6402（34.781111, 135.275695、JGD2011）を加工して作成 ｜ OpenStreetMap（© OpenStreetMap contributors, ODbL 1.0）Geofabrik japan-latest.osm.pbf 2026-09-23T20:22:04Z node/5199903635",
    "verifiedAt": ""
   }
  },
  {
   "type": "Feature",
   "geometry": {
    "type": "Point",
    "coordinates": [
     135.1236047,
     34.7643255
    ]
   },
   "properties": {
    "id": "BS-kP11-22-28-bs6764",
    "kind": "bus_stop",
    "name": "東下",
    "datum": "WGS84",
    "mountainIds": "627",
    "mountainNames": "帝釈山",
    "lists": "関西百名山",
    "routes": "",
    "entryType": "",
    "trailKmToSummit": "",
    "related": "TH-n11416798863(10m) TH-n11416798863(10m) TH-n1842372536(729m) TH-n1842372536(729m)",
    "attributes": "operator=神戸市; busType=公営路線バス; busRoutes=111系統（神戸市）; network=神戸市バス",
    "status": "adopted",
    "accuracyM": 10,
    "needsReview": "運行状況（季節運行・休止・予約制）を要確認、登山口から離れている（徒歩アプローチを要確認）",
    "sources": "国土数値情報（バス停留所データ）令和4年度（国土交通省）P11-22-28-bs6764（34.764325, 135.123605、JGD2011）を加工して作成 ｜ OpenStreetMap（© OpenStreetMap contributors, ODbL 1.0）Geofabrik japan-latest.osm.pbf 2026-09-23T20:22:04Z node/11416798863",
    "verifiedAt": ""
   }
  },
  {
   "type": "Feature",
   "geometry": {
    "type": "Point",
    "coordinates": [
     135.115904,
     34.7638307
    ]
   },
   "properties": {
    "id": "BS-kP11-22-28-bs6776",
    "kind": "bus_stop",
    "name": "丹生神社前",
    "datum": "WGS84",
    "mountainIds": "627",
    "mountainNames": "帝釈山",
    "lists": "関西百名山",
    "routes": "",
    "entryType": "",
    "trailKmToSummit": "",
    "related": "TH-ksj-P11-22-28-bs6776(0m) TH-ksj-P11-22-28-bs6776(0m)",
    "attributes": "operator=神戸市; busType=公営路線バス; busRoutes=111系統（神戸市）; network=神戸市バス",
    "status": "adopted",
    "accuracyM": 10,
    "needsReview": "運行状況（季節運行・休止・予約制）を要確認",
    "sources": "国土数値情報（バス停留所データ）令和4年度（国土交通省）P11-22-28-bs6776（34.763831, 135.115904、JGD2011）を加工して作成 ｜ OpenStreetMap（© OpenStreetMap contributors, ODbL 1.0）Geofabrik japan-latest.osm.pbf 2026-09-23T20:22:04Z node/11416798860",
    "verifiedAt": ""
   }
  },
  {
   "type": "Feature",
   "geometry": {
    "type": "Point",
    "coordinates": [
     135.1207197,
     34.7631381
    ]
   },
   "properties": {
    "id": "BS-kP11-22-28-bs6801",
    "kind": "bus_stop",
    "name": "七社前",
    "datum": "WGS84",
    "mountainIds": "627",
    "mountainNames": "帝釈山",
    "lists": "関西百名山",
    "routes": "",
    "entryType": "",
    "trailKmToSummit": "",
    "related": "TH-n11416798863(303m) TH-n1842372536(828m) TH-ksj-P11-22-28-bs6776(447m)",
    "attributes": "operator=神戸市; busType=公営路線バス; busRoutes=111系統（神戸市）; network=神戸市バス",
    "status": "adopted",
    "accuracyM": 10,
    "needsReview": "運行状況（季節運行・休止・予約制）を要確認、登山口から離れている（徒歩アプローチを要確認）",
    "sources": "国土数値情報（バス停留所データ）令和4年度（国土交通省）P11-22-28-bs6801（34.763138, 135.120720、JGD2011）を加工して作成 ｜ OpenStreetMap（© OpenStreetMap contributors, ODbL 1.0）Geofabrik japan-latest.osm.pbf 2026-09-23T20:22:04Z node/11416798861",
    "verifiedAt": ""
   }
  },
  {
   "type": "Feature",
   "geometry": {
    "type": "Point",
    "coordinates": [
     135.2086562,
     34.7519374
    ]
   },
   "properties": {
    "id": "BS-kP11-22-28-bs7073",
    "kind": "bus_stop",
    "name": "六甲山牧場",
    "datum": "WGS84",
    "mountainIds": "633",
    "mountainNames": "摩耶山",
    "lists": "関西百名山",
    "routes": "",
    "entryType": "",
    "trailKmToSummit": "",
    "related": "TH-kP11-22-28-bs7073(0m) TH-kP11-22-28-bs7073(0m) TH-kP11-22-28-bs7073(0m)",
    "attributes": "operator=阪急バス（株）・六甲山観光（株）; busType=民間路線バス; busRoutes=六甲摩耶スカイシャトルバス",
    "status": "adopted",
    "accuracyM": 10,
    "needsReview": "運行状況（季節運行・休止・予約制）を要確認",
    "sources": "国土数値情報（バス停留所データ）令和4年度（国土交通省）P11-22-28-bs7073（34.751937, 135.208656、JGD2011）を加工して作成 ｜ OpenStreetMap（© OpenStreetMap contributors, ODbL 1.0）Geofabrik japan-latest.osm.pbf 2026-09-23T20:22:04Z node/5198817243",
    "verifiedAt": ""
   }
  },
  {
   "type": "Feature",
   "geometry": {
    "type": "Point",
    "coordinates": [
     135.2056908,
     34.7341623
    ]
   },
   "properties": {
    "id": "BS-kP11-22-28-bs7578",
    "kind": "bus_stop",
    "name": "摩耶ロープウェイ山上駅",
    "datum": "WGS84",
    "mountainIds": "633",
    "mountainNames": "摩耶山",
    "lists": "関西百名山",
    "routes": "",
    "entryType": "",
    "trailKmToSummit": "",
    "related": "TH-w283112929(59m) TH-w283112929(59m) TH-w283112929(59m)",
    "attributes": "operator=阪急バス（株）・六甲山観光（株）; busType=民間路線バス; busRoutes=六甲摩耶スカイシャトルバス",
    "status": "adopted",
    "accuracyM": 10,
    "needsReview": "運行状況（季節運行・休止・予約制）を要確認",
    "sources": "国土数値情報（バス停留所データ）令和4年度（国土交通省）P11-22-28-bs7578（34.734162, 135.205691、JGD2011）を加工して作成 ｜ OpenStreetMap（© OpenStreetMap contributors, ODbL 1.0）Geofabrik japan-latest.osm.pbf 2026-09-23T20:22:04Z node/5198817140",
    "verifiedAt": ""
   }
  },
  {
   "type": "Feature",
   "geometry": {
    "type": "Point",
    "coordinates": [
     135.1765586,
     34.7238713
    ]
   },
   "properties": {
    "id": "BS-kP11-22-28-bs7902",
    "kind": "bus_stop",
    "name": "再度公園",
    "datum": "WGS84",
    "mountainIds": "633",
    "mountainNames": "摩耶山",
    "lists": "関西百名山",
    "routes": "",
    "entryType": "",
    "trailKmToSummit": "",
    "related": "TH-w457422879(605m)",
    "attributes": "operator=神戸市; busType=公営路線バス; busRoutes=25系統（神戸市）",
    "status": "adopted",
    "accuracyM": 10,
    "needsReview": "運行状況（季節運行・休止・予約制）を要確認、登山口から離れている（徒歩アプローチを要確認）",
    "sources": "国土数値情報（バス停留所データ）令和4年度（国土交通省）P11-22-28-bs7902（34.723871, 135.176559、JGD2011）を加工して作成",
    "verifiedAt": ""
   }
  },
  {
   "type": "Feature",
   "geometry": {
    "type": "Point",
    "coordinates": [
     135.2210536,
     34.7238015
    ]
   },
   "properties": {
    "id": "BS-kP11-22-28-bs7906",
    "kind": "bus_stop",
    "name": "灘丸山公園前",
    "datum": "WGS84",
    "mountainIds": "633",
    "mountainNames": "摩耶山",
    "lists": "関西百名山",
    "routes": "",
    "entryType": "",
    "trailKmToSummit": "",
    "related": "TH-n1733817344(256m)",
    "attributes": "operator=神戸市; busType=公営路線バス; busRoutes=102系統（神戸市）",
    "status": "adopted",
    "accuracyM": 10,
    "needsReview": "運行状況（季節運行・休止・予約制）を要確認",
    "sources": "国土数値情報（バス停留所データ）令和4年度（国土交通省）P11-22-28-bs7906（34.723801, 135.221054、JGD2011）を加工して作成 ｜ OpenStreetMap（© OpenStreetMap contributors, ODbL 1.0）Geofabrik japan-latest.osm.pbf 2026-09-23T20:22:04Z node/8984491192",
    "verifiedAt": ""
   }
  },
  {
   "type": "Feature",
   "geometry": {
    "type": "Point",
    "coordinates": [
     135.2202837,
     34.722596
    ]
   },
   "properties": {
    "id": "BS-kP11-22-28-bs7932",
    "kind": "bus_stop",
    "name": "美野丘小学校前",
    "datum": "WGS84",
    "mountainIds": "633",
    "mountainNames": "摩耶山",
    "lists": "関西百名山",
    "routes": "",
    "entryType": "",
    "trailKmToSummit": "",
    "related": "TH-n1733817344(368m)",
    "attributes": "operator=神戸市; busType=公営路線バス; busRoutes=102系統（神戸市）",
    "status": "adopted",
    "accuracyM": 10,
    "needsReview": "運行状況（季節運行・休止・予約制）を要確認",
    "sources": "国土数値情報（バス停留所データ）令和4年度（国土交通省）P11-22-28-bs7932（34.722596, 135.220284、JGD2011）を加工して作成",
    "verifiedAt": ""
   }
  },
  {
   "type": "Feature",
   "geometry": {
    "type": "Point",
    "coordinates": [
     135.2221271,
     34.7221619
    ]
   },
   "properties": {
    "id": "BS-kP11-22-28-bs7945",
    "kind": "bus_stop",
    "name": "箕岡通",
    "datum": "WGS84",
    "mountainIds": "633",
    "mountainNames": "摩耶山",
    "lists": "関西百名山",
    "routes": "",
    "entryType": "",
    "trailKmToSummit": "",
    "related": "TH-n1733817344(462m)",
    "attributes": "operator=神戸市; busType=公営路線バス; busRoutes=102系統（神戸市）",
    "status": "adopted",
    "accuracyM": 10,
    "needsReview": "運行状況（季節運行・休止・予約制）を要確認",
    "sources": "国土数値情報（バス停留所データ）令和4年度（国土交通省）P11-22-28-bs7945（34.722162, 135.222127、JGD2011）を加工して作成 ｜ OpenStreetMap（© OpenStreetMap contributors, ODbL 1.0）Geofabrik japan-latest.osm.pbf 2026-09-23T20:22:04Z node/8984493224",
    "verifiedAt": ""
   }
  },
  {
   "type": "Feature",
   "geometry": {
    "type": "Point",
    "coordinates": [
     135.2162963,
     34.7197404
    ]
   },
   "properties": {
    "id": "BS-kP11-22-28-bs8033",
    "kind": "bus_stop",
    "name": "摩耶ケーブル下",
    "datum": "WGS84",
    "mountainIds": "633",
    "mountainNames": "摩耶山",
    "lists": "関西百名山",
    "routes": "",
    "entryType": "",
    "trailKmToSummit": "",
    "related": "TH-w128992066(21m) TH-w128992066(21m) TH-w128992066(21m) TH-w183841007(430m) TH-w183841007(430m) TH-w183841007(430m)",
    "attributes": "operator=神戸市; busType=公営路線バス; busRoutes=18系統（神戸市） / 102系統（神戸市） / 急行; network=坂バス",
    "status": "adopted",
    "accuracyM": 10,
    "needsReview": "運行状況（季節運行・休止・予約制）を要確認",
    "sources": "国土数値情報（バス停留所データ）令和4年度（国土交通省）P11-22-28-bs8033（34.719740, 135.216296、JGD2011）を加工して作成 ｜ OpenStreetMap（© OpenStreetMap contributors, ODbL 1.0）Geofabrik japan-latest.osm.pbf 2026-09-23T20:22:04Z node/9143558256",
    "verifiedAt": ""
   }
  },
  {
   "type": "Feature",
   "geometry": {
    "type": "Point",
    "coordinates": [
     135.1801081,
     34.716148
    ]
   },
   "properties": {
    "id": "BS-kP11-22-28-bs8149",
    "kind": "bus_stop",
    "name": "大竜寺",
    "datum": "WGS84",
    "mountainIds": "633",
    "mountainNames": "摩耶山",
    "lists": "関西百名山",
    "routes": "",
    "entryType": "",
    "trailKmToSummit": "",
    "related": "TH-n2921600635(994m) TH-w457422879(709m) TH-w457422879(709m)",
    "attributes": "operator=神戸市; busType=公営路線バス; busRoutes=25系統（神戸市）",
    "status": "adopted",
    "accuracyM": 10,
    "needsReview": "運行状況（季節運行・休止・予約制）を要確認、登山口から離れている（徒歩アプローチを要確認）",
    "sources": "国土数値情報（バス停留所データ）令和4年度（国土交通省）P11-22-28-bs8149（34.716148, 135.180108、JGD2011）を加工して作成 ｜ OpenStreetMap（© OpenStreetMap contributors, ODbL 1.0）Geofabrik japan-latest.osm.pbf 2026-09-23T20:22:04Z node/4535581655",
    "verifiedAt": ""
   }
  },
  {
   "type": "Feature",
   "geometry": {
    "type": "Point",
    "coordinates": [
     135.1959419,
     34.7061088
    ]
   },
   "properties": {
    "id": "BS-kP11-22-28-bs8389",
    "kind": "bus_stop",
    "name": "新神戸駅",
    "datum": "WGS84",
    "mountainIds": "633",
    "mountainNames": "摩耶山",
    "lists": "関西百名山",
    "routes": "",
    "entryType": "",
    "trailKmToSummit": "",
    "related": "TH-n2873978519(29m) TH-n2873978519(29m) TH-n2921600634(800m) TH-n2921600634(800m)",
    "attributes": "operator=みなと観光バス（株）（神戸市）; busType=民間路線バス; busRoutes=21系統 / 211系統 / 22系統; network=三宮有馬線",
    "status": "adopted",
    "accuracyM": 10,
    "needsReview": "運行状況（季節運行・休止・予約制）を要確認、登山口から離れている（徒歩アプローチを要確認）",
    "sources": "国土数値情報（バス停留所データ）令和4年度（国土交通省）P11-22-28-bs8389（34.706109, 135.195942、JGD2011）を加工して作成 ｜ OpenStreetMap（© OpenStreetMap contributors, ODbL 1.0）Geofabrik japan-latest.osm.pbf 2026-09-23T20:22:04Z node/5163068147",
    "verifiedAt": ""
   }
  },
  {
   "type": "Feature",
   "geometry": {
    "type": "Point",
    "coordinates": [
     135.1959419,
     34.7061088
    ]
   },
   "properties": {
    "id": "BS-kP11-22-28-bs8390",
    "kind": "bus_stop",
    "name": "新神戸駅",
    "datum": "WGS84",
    "mountainIds": "633",
    "mountainNames": "摩耶山",
    "lists": "関西百名山",
    "routes": "",
    "entryType": "",
    "trailKmToSummit": "",
    "related": "TH-n2873978519(29m)",
    "attributes": "operator=阪急バス（株）; busType=民間路線バス; busRoutes=三宮有馬線（6系統）",
    "status": "adopted",
    "accuracyM": 10,
    "needsReview": "運行状況（季節運行・休止・予約制）を要確認",
    "sources": "国土数値情報（バス停留所データ）令和4年度（国土交通省）P11-22-28-bs8390（34.706109, 135.195942、JGD2011）を加工して作成",
    "verifiedAt": ""
   }
  },
  {
   "type": "Feature",
   "geometry": {
    "type": "Point",
    "coordinates": [
     135.1957622,
     34.7060252
    ]
   },
   "properties": {
    "id": "BS-kP11-22-28-bs8395",
    "kind": "bus_stop",
    "name": "新神戸駅前",
    "datum": "WGS84",
    "mountainIds": "633",
    "mountainNames": "摩耶山",
    "lists": "関西百名山",
    "routes": "",
    "entryType": "",
    "trailKmToSummit": "",
    "related": "TH-n2921600631(247m) TH-n2921600634(800m)",
    "attributes": "operator=神戸市; busType=公営路線バス; busRoutes=18系統（神戸市） / 64系統（神戸市） / 急行; network=神戸市バス",
    "status": "adopted",
    "accuracyM": 10,
    "needsReview": "運行状況（季節運行・休止・予約制）を要確認、登山口から離れている（徒歩アプローチを要確認）",
    "sources": "国土数値情報（バス停留所データ）令和4年度（国土交通省）P11-22-28-bs8395（34.706025, 135.195762、JGD2011）を加工して作成 ｜ OpenStreetMap（© OpenStreetMap contributors, ODbL 1.0）Geofabrik japan-latest.osm.pbf 2026-09-23T20:22:04Z node/11368737406",
    "verifiedAt": ""
   }
  },
  {
   "type": "Feature",
   "geometry": {
    "type": "Point",
    "coordinates": [
     135.1963194,
     34.7042657
    ]
   },
   "properties": {
    "id": "BS-kP11-22-28-bs8436",
    "kind": "bus_stop",
    "name": "布引",
    "datum": "WGS84",
    "mountainIds": "633",
    "mountainNames": "摩耶山",
    "lists": "関西百名山",
    "routes": "",
    "entryType": "",
    "trailKmToSummit": "",
    "related": "TH-n2921600631(234m)",
    "attributes": "operator=神戸市; busType=公営路線バス; busRoutes=2系統（神戸市） / 18系統（神戸市） / 92系統（神戸市）",
    "status": "adopted",
    "accuracyM": 10,
    "needsReview": "運行状況（季節運行・休止・予約制）を要確認",
    "sources": "国土数値情報（バス停留所データ）令和4年度（国土交通省）P11-22-28-bs8436（34.704266, 135.196319、JGD2011）を加工して作成 ｜ OpenStreetMap（© OpenStreetMap contributors, ODbL 1.0）Geofabrik japan-latest.osm.pbf 2026-09-23T20:22:04Z node/1447033852",
    "verifiedAt": ""
   }
  },
  {
   "type": "Feature",
   "geometry": {
    "type": "Point",
    "coordinates": [
     135.1949221,
     34.703816
    ]
   },
   "properties": {
    "id": "BS-kP11-22-28-bs8443",
    "kind": "bus_stop",
    "name": "神戸布引ハーブ園ロープウェイ",
    "datum": "WGS84",
    "mountainIds": "633",
    "mountainNames": "摩耶山",
    "lists": "関西百名山",
    "routes": "",
    "entryType": "",
    "trailKmToSummit": "",
    "related": "TH-n2921600631(129m)",
    "attributes": "operator=神姫バス（株）; busType=民間路線バス; busRoutes=神戸市中心部　新神戸駅前～北野異人館～新神戸駅前; network=シティー・ループ",
    "status": "adopted",
    "accuracyM": 10,
    "needsReview": "運行状況（季節運行・休止・予約制）を要確認",
    "sources": "国土数値情報（バス停留所データ）令和4年度（国土交通省）P11-22-28-bs8443（34.703816, 135.194922、JGD2011）を加工して作成 ｜ OpenStreetMap（© OpenStreetMap contributors, ODbL 1.0）Geofabrik japan-latest.osm.pbf 2026-09-23T20:22:04Z node/6033572385",
    "verifiedAt": ""
   }
  },
  {
   "type": "Feature",
   "geometry": {
    "type": "Point",
    "coordinates": [
     135.0938511,
     34.6791624
    ]
   },
   "properties": {
    "id": "BS-kP11-22-28-bs8968",
    "kind": "bus_stop",
    "name": "名谷駅前",
    "datum": "WGS84",
    "mountainIds": "637",
    "mountainNames": "横尾山",
    "lists": "関西百名山",
    "routes": "",
    "entryType": "",
    "trailKmToSummit": "",
    "related": "TH-n5588254995(101m) TH-n5588254995(101m) TH-n5588254995(101m)",
    "attributes": "operator=神戸市; busType=公営路線バス; busRoutes=70系統（神戸市） / 73系統（神戸市） / 74系統（神戸市）",
    "status": "adopted",
    "accuracyM": 10,
    "needsReview": "運行状況（季節運行・休止・予約制）を要確認",
    "sources": "国土数値情報（バス停留所データ）令和4年度（国土交通省）P11-22-28-bs8968（34.679162, 135.093851、JGD2011）を加工して作成 ｜ OpenStreetMap（© OpenStreetMap contributors, ODbL 1.0）Geofabrik japan-latest.osm.pbf 2026-09-23T20:22:04Z node/8015359146",
    "verifiedAt": ""
   }
  },
  {
   "type": "Feature",
   "geometry": {
    "type": "Point",
    "coordinates": [
     134.5337768,
     35.3838013
    ]
   },
   "properties": {
    "id": "BS-kP11-22-28-bs899",
    "kind": "bus_stop",
    "name": "ハチ高原",
    "datum": "WGS84",
    "mountainIds": "483",
    "mountainNames": "鉢伏山",
    "lists": "関西百名山",
    "routes": "",
    "entryType": "",
    "trailKmToSummit": "",
    "related": "TH-w97190003(237m) TH-n4489493920(805m) TH-n4489493922(834m)",
    "attributes": "operator=養父市; busType=コミュニティバス; busRoutes=関宮ふれあいバス［ハチ高原線］",
    "status": "adopted",
    "accuracyM": 10,
    "needsReview": "運行状況（季節運行・休止・予約制）を要確認、登山口から離れている（徒歩アプローチを要確認）",
    "sources": "国土数値情報（バス停留所データ）令和4年度（国土交通省）P11-22-28-bs899（35.383801, 134.533777、JGD2011）を加工して作成",
    "verifiedAt": ""
   }
  },
  {
   "type": "Feature",
   "geometry": {
    "type": "Point",
    "coordinates": [
     135.1104986,
     34.6757672
    ]
   },
   "properties": {
    "id": "BS-kP11-22-28-bs9027",
    "kind": "bus_stop",
    "name": "妙法寺駅前",
    "datum": "WGS84",
    "mountainIds": "637",
    "mountainNames": "横尾山",
    "lists": "関西百名山",
    "routes": "",
    "entryType": "",
    "trailKmToSummit": "",
    "related": "TH-n5537346069(108m) TH-n5537346069(108m) TH-n5537346069(108m) TH-n5564323742(230m) TH-n5564323742(230m) TH-n5564323742(230m)",
    "attributes": "operator=神戸市; busType=公営路線バス; busRoutes=5系統（神戸市） / 73系統（神戸市） / 87系統（神戸市）",
    "status": "adopted",
    "accuracyM": 10,
    "needsReview": "運行状況（季節運行・休止・予約制）を要確認",
    "sources": "国土数値情報（バス停留所データ）令和4年度（国土交通省）P11-22-28-bs9027（34.675767, 135.110499、JGD2011）を加工して作成 ｜ OpenStreetMap（© OpenStreetMap contributors, ODbL 1.0）Geofabrik japan-latest.osm.pbf 2026-09-23T20:22:04Z node/8015529515",
    "verifiedAt": ""
   }
  },
  {
   "type": "Feature",
   "geometry": {
    "type": "Point",
    "coordinates": [
     135.1724223,
     34.6748989
    ]
   },
   "properties": {
    "id": "BS-kP11-22-28-bs9041",
    "kind": "bus_stop",
    "name": "湊町2丁目",
    "datum": "WGS84",
    "mountainIds": "637",
    "mountainNames": "横尾山",
    "lists": "関西百名山",
    "routes": "",
    "entryType": "",
    "trailKmToSummit": "",
    "related": "TH-n13255278248(188m) TH-n13255278248(188m)",
    "attributes": "operator=神戸市; busType=公営路線バス; busRoutes=3系統",
    "status": "adopted",
    "accuracyM": 10,
    "needsReview": "運行状況（季節運行・休止・予約制）を要確認",
    "sources": "国土数値情報（バス停留所データ）令和4年度（国土交通省）P11-22-28-bs9041（34.674899, 135.172422、JGD2011）を加工して作成 ｜ OpenStreetMap（© OpenStreetMap contributors, ODbL 1.0）Geofabrik japan-latest.osm.pbf 2026-09-23T20:22:04Z node/9682744471",
    "verifiedAt": ""
   }
  },
  {
   "type": "Feature",
   "geometry": {
    "type": "Point",
    "coordinates": [
     135.168786,
     34.6731955
    ]
   },
   "properties": {
    "id": "BS-kP11-22-28-bs9074",
    "kind": "bus_stop",
    "name": "永沢町",
    "datum": "WGS84",
    "mountainIds": "637",
    "mountainNames": "横尾山",
    "lists": "関西百名山",
    "routes": "",
    "entryType": "",
    "trailKmToSummit": "",
    "related": "TH-n13255278248(310m)",
    "attributes": "operator=神戸市; busType=公営路線バス; busRoutes=4系統（神戸市） / 6系統 / 95系統（神戸市）; network=神戸市バス",
    "status": "adopted",
    "accuracyM": 10,
    "needsReview": "運行状況（季節運行・休止・予約制）を要確認",
    "sources": "国土数値情報（バス停留所データ）令和4年度（国土交通省）P11-22-28-bs9074（34.673195, 135.168786、JGD2011）を加工して作成 ｜ OpenStreetMap（© OpenStreetMap contributors, ODbL 1.0）Geofabrik japan-latest.osm.pbf 2026-09-23T20:22:04Z node/9672020779",
    "verifiedAt": ""
   }
  },
  {
   "type": "Feature",
   "geometry": {
    "type": "Point",
    "coordinates": [
     135.0770554,
     34.6713799
    ]
   },
   "properties": {
    "id": "BS-kP11-22-28-bs9101",
    "kind": "bus_stop",
    "name": "奥畑口",
    "datum": "WGS84",
    "mountainIds": "637",
    "mountainNames": "横尾山",
    "lists": "関西百名山",
    "routes": "",
    "entryType": "",
    "trailKmToSummit": "",
    "related": "TH-n6881086223(139m) TH-n6881086223(139m)",
    "attributes": "operator=神戸市・山陽バス（株）; busType=その他; busRoutes=15系統",
    "status": "adopted",
    "accuracyM": 10,
    "needsReview": "運行状況（季節運行・休止・予約制）を要確認",
    "sources": "国土数値情報（バス停留所データ）令和4年度（国土交通省）P11-22-28-bs9101（34.671380, 135.077055、JGD2011）を加工して作成 ｜ OpenStreetMap（© OpenStreetMap contributors, ODbL 1.0）Geofabrik japan-latest.osm.pbf 2026-09-23T20:22:04Z node/8018093186",
    "verifiedAt": ""
   }
  },
  {
   "type": "Feature",
   "geometry": {
    "type": "Point",
    "coordinates": [
     135.1362001,
     34.6693431
    ]
   },
   "properties": {
    "id": "BS-kP11-22-28-bs9157",
    "kind": "bus_stop",
    "name": "鷹取団地前",
    "datum": "WGS84",
    "mountainIds": "637",
    "mountainNames": "横尾山",
    "lists": "関西百名山",
    "routes": "",
    "entryType": "",
    "trailKmToSummit": "",
    "related": "TH-n13309695201(273m)",
    "attributes": "operator=神戸市; busType=公営路線バス; busRoutes=11系統（神戸市） / 13系統（神戸市） / 110系統（神戸市）",
    "status": "adopted",
    "accuracyM": 10,
    "needsReview": "運行状況（季節運行・休止・予約制）を要確認",
    "sources": "国土数値情報（バス停留所データ）令和4年度（国土交通省）P11-22-28-bs9157（34.669343, 135.136200、JGD2011）を加工して作成 ｜ OpenStreetMap（© OpenStreetMap contributors, ODbL 1.0）Geofabrik japan-latest.osm.pbf 2026-09-23T20:22:04Z node/8041545037",
    "verifiedAt": ""
   }
  },
  {
   "type": "Feature",
   "geometry": {
    "type": "Point",
    "coordinates": [
     135.1350866,
     34.6673141
    ]
   },
   "properties": {
    "id": "BS-kP11-22-28-bs9199",
    "kind": "bus_stop",
    "name": "育英高校前",
    "datum": "WGS84",
    "mountainIds": "637",
    "mountainNames": "横尾山",
    "lists": "関西百名山",
    "routes": "",
    "entryType": "",
    "trailKmToSummit": "",
    "related": "TH-n13309695201(26m) TH-n13309695201(26m)",
    "attributes": "operator=神戸市; busType=公営路線バス; busRoutes=11系統（神戸市） / 13系統（神戸市） / 110系統（神戸市）",
    "status": "adopted",
    "accuracyM": 10,
    "needsReview": "運行状況（季節運行・休止・予約制）を要確認",
    "sources": "国土数値情報（バス停留所データ）令和4年度（国土交通省）P11-22-28-bs9199（34.667314, 135.135087、JGD2011）を加工して作成 ｜ OpenStreetMap（© OpenStreetMap contributors, ODbL 1.0）Geofabrik japan-latest.osm.pbf 2026-09-23T20:22:04Z node/8041545038",
    "verifiedAt": ""
   }
  },
  {
   "type": "Feature",
   "geometry": {
    "type": "Point",
    "coordinates": [
     135.1314034,
     34.6611223
    ]
   },
   "properties": {
    "id": "BS-kP11-22-28-bs9304",
    "kind": "bus_stop",
    "name": "前池橋",
    "datum": "WGS84",
    "mountainIds": "637",
    "mountainNames": "横尾山",
    "lists": "関西百名山",
    "routes": "",
    "entryType": "",
    "trailKmToSummit": "",
    "related": "TH-n2117457129(171m)",
    "attributes": "operator=神戸市; busType=公営路線バス; busRoutes=112系統（神戸市）",
    "status": "adopted",
    "accuracyM": 10,
    "needsReview": "運行状況（季節運行・休止・予約制）を要確認",
    "sources": "国土数値情報（バス停留所データ）令和4年度（国土交通省）P11-22-28-bs9304（34.661122, 135.131403、JGD2011）を加工して作成 ｜ OpenStreetMap（© OpenStreetMap contributors, ODbL 1.0）Geofabrik japan-latest.osm.pbf 2026-09-23T20:22:04Z node/8264261882",
    "verifiedAt": ""
   }
  },
  {
   "type": "Feature",
   "geometry": {
    "type": "Point",
    "coordinates": [
     135.1314034,
     34.6611223
    ]
   },
   "properties": {
    "id": "BS-kP11-22-28-bs9305",
    "kind": "bus_stop",
    "name": "前池橋",
    "datum": "WGS84",
    "mountainIds": "637",
    "mountainNames": "横尾山",
    "lists": "関西百名山",
    "routes": "",
    "entryType": "",
    "trailKmToSummit": "",
    "related": "TH-n2117457129(171m)",
    "attributes": "operator=神姫バス（株）; busType=民間路線バス; busRoutes=神戸市中心部　区",
    "status": "adopted",
    "accuracyM": 10,
    "needsReview": "運行状況（季節運行・休止・予約制）を要確認",
    "sources": "国土数値情報（バス停留所データ）令和4年度（国土交通省）P11-22-28-bs9305（34.661122, 135.131403、JGD2011）を加工して作成",
    "verifiedAt": ""
   }
  },
  {
   "type": "Feature",
   "geometry": {
    "type": "Point",
    "coordinates": [
     135.1314034,
     34.6611223
    ]
   },
   "properties": {
    "id": "BS-kP11-22-28-bs9306",
    "kind": "bus_stop",
    "name": "前池橋",
    "datum": "WGS84",
    "mountainIds": "637",
    "mountainNames": "横尾山",
    "lists": "関西百名山",
    "routes": "",
    "entryType": "",
    "trailKmToSummit": "",
    "related": "TH-n2117457129(171m)",
    "attributes": "operator=神戸市・神姫バス（株）; busType=その他; busRoutes=75系統",
    "status": "adopted",
    "accuracyM": 10,
    "needsReview": "運行状況（季節運行・休止・予約制）を要確認",
    "sources": "国土数値情報（バス停留所データ）令和4年度（国土交通省）P11-22-28-bs9306（34.661122, 135.131403、JGD2011）を加工して作成",
    "verifiedAt": ""
   }
  },
  {
   "type": "Feature",
   "geometry": {
    "type": "Point",
    "coordinates": [
     135.1423961,
     34.6593548
    ]
   },
   "properties": {
    "id": "BS-kP11-22-28-bs9343",
    "kind": "bus_stop",
    "name": "水笠通",
    "datum": "WGS84",
    "mountainIds": "637",
    "mountainNames": "横尾山",
    "lists": "関西百名山",
    "routes": "",
    "entryType": "",
    "trailKmToSummit": "",
    "related": "TH-n11404334582(281m) TH-n11404334582(281m)",
    "attributes": "operator=神戸市; busType=公営路線バス; busRoutes=5系統（神戸市） / 13系統（神戸市） / 17系統（神戸市）",
    "status": "adopted",
    "accuracyM": 10,
    "needsReview": "運行状況（季節運行・休止・予約制）を要確認",
    "sources": "国土数値情報（バス停留所データ）令和4年度（国土交通省）P11-22-28-bs9343（34.659355, 135.142396、JGD2011）を加工して作成 ｜ OpenStreetMap（© OpenStreetMap contributors, ODbL 1.0）Geofabrik japan-latest.osm.pbf 2026-09-23T20:22:04Z node/8535807036",
    "verifiedAt": ""
   }
  },
  {
   "type": "Feature",
   "geometry": {
    "type": "Point",
    "coordinates": [
     135.1450788,
     34.6566715
    ]
   },
   "properties": {
    "id": "BS-kP11-22-28-bs9406",
    "kind": "bus_stop",
    "name": "新長田駅前",
    "datum": "WGS84",
    "mountainIds": "637",
    "mountainNames": "横尾山",
    "lists": "関西百名山",
    "routes": "",
    "entryType": "",
    "trailKmToSummit": "",
    "related": "TH-n11411017079(108m) TH-n11411017079(108m) TH-n11411017079(108m) TH-n11404334582(290m)",
    "attributes": "operator=神戸市; busType=公営路線バス; busRoutes=5系統（神戸市） / 10系統 / 13系統（神戸市）",
    "status": "adopted",
    "accuracyM": 10,
    "needsReview": "運行状況（季節運行・休止・予約制）を要確認",
    "sources": "国土数値情報（バス停留所データ）令和4年度（国土交通省）P11-22-28-bs9406（34.656672, 135.145079、JGD2011）を加工して作成 ｜ OpenStreetMap（© OpenStreetMap contributors, ODbL 1.0）Geofabrik japan-latest.osm.pbf 2026-09-23T20:22:04Z node/8535807042",
    "verifiedAt": ""
   }
  },
  {
   "type": "Feature",
   "geometry": {
    "type": "Point",
    "coordinates": [
     134.5307499,
     35.3743991
    ]
   },
   "properties": {
    "id": "BS-kP11-22-28-bs941",
    "kind": "bus_stop",
    "name": "鉢伏",
    "datum": "WGS84",
    "mountainIds": "493",
    "mountainNames": "氷ノ山",
    "lists": "日本二百名山|日本三百名山|関西百名山|中国百名山",
    "routes": "",
    "entryType": "",
    "trailKmToSummit": "",
    "related": "TH-n1726176706(995m) TH-n1726148687(356m)",
    "attributes": "operator=全但バス（株）; busType=民間路線バス; busRoutes=鉢伏線; network=全但バス",
    "status": "adopted",
    "accuracyM": 10,
    "needsReview": "運行状況（季節運行・休止・予約制）を要確認、登山口から離れている（徒歩アプローチを要確認）",
    "sources": "国土数値情報（バス停留所データ）令和4年度（国土交通省）P11-22-28-bs941（35.374399, 134.530750、JGD2011）を加工して作成 ｜ OpenStreetMap（© OpenStreetMap contributors, ODbL 1.0）Geofabrik japan-latest.osm.pbf 2026-09-23T20:22:04Z node/6556854371",
    "verifiedAt": ""
   }
  },
  {
   "type": "Feature",
   "geometry": {
    "type": "Point",
    "coordinates": [
     134.5307374,
     35.3736589
    ]
   },
   "properties": {
    "id": "BS-kP11-22-28-bs943",
    "kind": "bus_stop",
    "name": "鉢伏中",
    "datum": "WGS84",
    "mountainIds": "493",
    "mountainNames": "氷ノ山",
    "lists": "日本二百名山|日本三百名山|関西百名山|中国百名山",
    "routes": "",
    "entryType": "",
    "trailKmToSummit": "",
    "related": "TH-n1726176706(950m) TH-n1726148687(412m)",
    "attributes": "operator=全但バス（株）; busType=民間路線バス; busRoutes=鉢伏線; network=全但バス",
    "status": "adopted",
    "accuracyM": 10,
    "needsReview": "運行状況（季節運行・休止・予約制）を要確認、登山口から離れている（徒歩アプローチを要確認）",
    "sources": "国土数値情報（バス停留所データ）令和4年度（国土交通省）P11-22-28-bs943（35.373659, 134.530737、JGD2011）を加工して作成 ｜ OpenStreetMap（© OpenStreetMap contributors, ODbL 1.0）Geofabrik japan-latest.osm.pbf 2026-09-23T20:22:04Z node/6556872838",
    "verifiedAt": ""
   }
  },
  {
   "type": "Feature",
   "geometry": {
    "type": "Point",
    "coordinates": [
     135.1124461,
     34.6508906
    ]
   },
   "properties": {
    "id": "BS-kP11-22-28-bs9547",
    "kind": "bus_stop",
    "name": "上の山",
    "datum": "WGS84",
    "mountainIds": "637",
    "mountainNames": "横尾山",
    "lists": "関西百名山",
    "routes": "",
    "entryType": "",
    "trailKmToSummit": "",
    "related": "TH-w1091185297(397m)",
    "attributes": "operator=神戸市; busType=公営路線バス; busRoutes=72系統",
    "status": "adopted",
    "accuracyM": 10,
    "needsReview": "運行状況（季節運行・休止・予約制）を要確認",
    "sources": "国土数値情報（バス停留所データ）令和4年度（国土交通省）P11-22-28-bs9547（34.650891, 135.112446、JGD2011）を加工して作成 ｜ OpenStreetMap（© OpenStreetMap contributors, ODbL 1.0）Geofabrik japan-latest.osm.pbf 2026-09-23T20:22:04Z node/8254718301",
    "verifiedAt": ""
   }
  },
  {
   "type": "Feature",
   "geometry": {
    "type": "Point",
    "coordinates": [
     134.5356695,
     35.3709556
    ]
   },
   "properties": {
    "id": "BS-kP11-22-28-bs955",
    "kind": "bus_stop",
    "name": "氷ノ山鉢伏口",
    "datum": "WGS84",
    "mountainIds": "493",
    "mountainNames": "氷ノ山",
    "lists": "日本二百名山|日本三百名山|関西百名山|中国百名山",
    "routes": "",
    "entryType": "",
    "trailKmToSummit": "",
    "related": "TH-n1726148687(942m)",
    "attributes": "operator=全但バス（株）; busType=民間路線バス; busRoutes=鉢伏線; network=鉢伏線",
    "status": "adopted",
    "accuracyM": 10,
    "needsReview": "運行状況（季節運行・休止・予約制）を要確認、登山口から離れている（徒歩アプローチを要確認）",
    "sources": "国土数値情報（バス停留所データ）令和4年度（国土交通省）P11-22-28-bs955（35.370956, 134.535669、JGD2011）を加工して作成 ｜ OpenStreetMap（© OpenStreetMap contributors, ODbL 1.0）Geofabrik japan-latest.osm.pbf 2026-09-23T20:22:04Z node/10268759620",
    "verifiedAt": ""
   }
  },
  {
   "type": "Feature",
   "geometry": {
    "type": "Point",
    "coordinates": [
     135.1176774,
     34.6495308
    ]
   },
   "properties": {
    "id": "BS-kP11-22-28-bs9573",
    "kind": "bus_stop",
    "name": "離宮公園南",
    "datum": "WGS84",
    "mountainIds": "637",
    "mountainNames": "横尾山",
    "lists": "関西百名山",
    "routes": "",
    "entryType": "",
    "trailKmToSummit": "",
    "related": "TH-w1091185297(409m)",
    "attributes": "operator=神姫バス（株）; busType=民間路線バス; busRoutes=明石・西神・須磨　直 / 神戸市中心部75 / 明石・西神・須磨71＿2",
    "status": "adopted",
    "accuracyM": 10,
    "needsReview": "運行状況（季節運行・休止・予約制）を要確認",
    "sources": "国土数値情報（バス停留所データ）令和4年度（国土交通省）P11-22-28-bs9573（34.649531, 135.117677、JGD2011）を加工して作成 ｜ OpenStreetMap（© OpenStreetMap contributors, ODbL 1.0）Geofabrik japan-latest.osm.pbf 2026-09-23T20:22:04Z node/8254718304",
    "verifiedAt": ""
   }
  },
  {
   "type": "Feature",
   "geometry": {
    "type": "Point",
    "coordinates": [
     135.9667781,
     34.5775783
    ]
   },
   "properties": {
    "id": "BS-kP11-22-29-bs1142",
    "kind": "bus_stop",
    "name": "吐山清水",
    "datum": "WGS84",
    "mountainIds": "645",
    "mountainNames": "額井岳",
    "lists": "関西百名山",
    "routes": "",
    "entryType": "",
    "trailKmToSummit": "",
    "related": "TH-n1861008526(869m)",
    "attributes": "operator=奈良交通（株）; busType=民間路線バス; busRoutes=23　榛原駅ー針インター",
    "status": "adopted",
    "accuracyM": 10,
    "needsReview": "運行状況（季節運行・休止・予約制）を要確認、登山口から離れている（徒歩アプローチを要確認）",
    "sources": "国土数値情報（バス停留所データ）令和4年度（国土交通省）P11-22-29-bs1142（34.577578, 135.966778、JGD2011）を加工して作成",
    "verifiedAt": ""
   }
  },
  {
   "type": "Feature",
   "geometry": {
    "type": "Point",
    "coordinates": [
     135.9632097,
     34.573699
    ]
   },
   "properties": {
    "id": "BS-kP11-22-29-bs1157",
    "kind": "bus_stop",
    "name": "吐山",
    "datum": "WGS84",
    "mountainIds": "645",
    "mountainNames": "額井岳",
    "lists": "関西百名山",
    "routes": "",
    "entryType": "",
    "trailKmToSummit": "",
    "related": "TH-n1861007902(736m) TH-n1861007952(834m) TH-n1861008526(837m)",
    "attributes": "operator=奈良交通（株）; busType=民間路線バス; busRoutes=23　榛原駅ー針インター / 【文】榛原駅ー吐山",
    "status": "adopted",
    "accuracyM": 10,
    "needsReview": "運行状況（季節運行・休止・予約制）を要確認、登山口から離れている（徒歩アプローチを要確認）",
    "sources": "国土数値情報（バス停留所データ）令和4年度（国土交通省）P11-22-29-bs1157（34.573699, 135.963210、JGD2011）を加工して作成 ｜ OpenStreetMap（© OpenStreetMap contributors, ODbL 1.0）Geofabrik japan-latest.osm.pbf 2026-09-23T20:22:04Z node/13830200458",
    "verifiedAt": ""
   }
  },
  {
   "type": "Feature",
   "geometry": {
    "type": "Point",
    "coordinates": [
     135.9594603,
     34.5695516
    ]
   },
   "properties": {
    "id": "BS-kP11-22-29-bs1169",
    "kind": "bus_stop",
    "name": "貝が平口",
    "datum": "WGS84",
    "mountainIds": "645",
    "mountainNames": "額井岳",
    "lists": "関西百名山",
    "routes": "",
    "entryType": "",
    "trailKmToSummit": "",
    "related": "TH-n1861007902(545m) TH-n1861007952(881m)",
    "attributes": "operator=奈良交通（株）; busType=民間路線バス; busRoutes=23　榛原駅ー針インター / 24　榛原駅ー山辺高校",
    "status": "adopted",
    "accuracyM": 10,
    "needsReview": "運行状況（季節運行・休止・予約制）を要確認、登山口から離れている（徒歩アプローチを要確認）",
    "sources": "国土数値情報（バス停留所データ）令和4年度（国土交通省）P11-22-29-bs1169（34.569552, 135.959460、JGD2011）を加工して作成",
    "verifiedAt": ""
   }
  },
  {
   "type": "Feature",
   "geometry": {
    "type": "Point",
    "coordinates": [
     135.9588242,
     34.5648204
    ]
   },
   "properties": {
    "id": "BS-kP11-22-29-bs1187",
    "kind": "bus_stop",
    "name": "吐山南口",
    "datum": "WGS84",
    "mountainIds": "645",
    "mountainNames": "額井岳",
    "lists": "関西百名山",
    "routes": "",
    "entryType": "",
    "trailKmToSummit": "",
    "related": "TH-n1861007902(593m) TH-n1861007952(973m)",
    "attributes": "operator=奈良交通（株）; busType=民間路線バス; busRoutes=23　榛原駅ー針インター / 24　榛原駅ー山辺高校",
    "status": "adopted",
    "accuracyM": 10,
    "needsReview": "運行状況（季節運行・休止・予約制）を要確認、登山口から離れている（徒歩アプローチを要確認）",
    "sources": "国土数値情報（バス停留所データ）令和4年度（国土交通省）P11-22-29-bs1187（34.564820, 135.958824、JGD2011）を加工して作成",
    "verifiedAt": ""
   }
  },
  {
   "type": "Feature",
   "geometry": {
    "type": "Point",
    "coordinates": [
     135.6662563,
     34.5532704
    ]
   },
   "properties": {
    "id": "BS-kP11-22-29-bs1230",
    "kind": "bus_stop",
    "name": "関屋西",
    "datum": "WGS84",
    "mountainIds": "653",
    "mountainNames": "二上山",
    "lists": "関西百名山",
    "routes": "",
    "entryType": "",
    "trailKmToSummit": "",
    "related": "TH-kP11-22-29-bs1283(843m)",
    "attributes": "operator=香芝市; busType=コミュニティバス; busRoutes=田尻ルート",
    "status": "adopted",
    "accuracyM": 10,
    "needsReview": "運行状況（季節運行・休止・予約制）を要確認、登山口から離れている（徒歩アプローチを要確認）",
    "sources": "国土数値情報（バス停留所データ）令和4年度（国土交通省）P11-22-29-bs1230（34.553270, 135.666256、JGD2011）を加工して作成",
    "verifiedAt": ""
   }
  },
  {
   "type": "Feature",
   "geometry": {
    "type": "Point",
    "coordinates": [
     135.9745837,
     34.5469342
    ]
   },
   "properties": {
    "id": "BS-kP11-22-29-bs1270",
    "kind": "bus_stop",
    "name": "天満台東二丁目",
    "datum": "WGS84",
    "mountainIds": "645",
    "mountainNames": "額井岳",
    "lists": "関西百名山",
    "routes": "",
    "entryType": "",
    "trailKmToSummit": "",
    "related": "TH-n6649478843(10m) TH-n6649478843(10m) TH-gsi-isoha(1003m)",
    "attributes": "operator=奈良交通（株）; busType=民間路線バス; busRoutes=2　天満台東三丁目ー大宇陀 / 20　榛原駅ー天満台東三丁目",
    "status": "adopted",
    "accuracyM": 10,
    "needsReview": "運行状況（季節運行・休止・予約制）を要確認、登山口から離れている（徒歩アプローチを要確認）",
    "sources": "国土数値情報（バス停留所データ）令和4年度（国土交通省）P11-22-29-bs1270（34.546934, 135.974584、JGD2011）を加工して作成 ｜ OpenStreetMap（© OpenStreetMap contributors, ODbL 1.0）Geofabrik japan-latest.osm.pbf 2026-09-23T20:22:04Z node/6649478843",
    "verifiedAt": ""
   }
  },
  {
   "type": "Feature",
   "geometry": {
    "type": "Point",
    "coordinates": [
     135.6874356,
     34.5466973
    ]
   },
   "properties": {
    "id": "BS-kP11-22-29-bs1273",
    "kind": "bus_stop",
    "name": "近鉄二上駅南",
    "datum": "WGS84",
    "mountainIds": "653",
    "mountainNames": "二上山",
    "lists": "関西百名山",
    "routes": "",
    "entryType": "",
    "trailKmToSummit": "",
    "related": "TH-kP11-22-29-bs1327(784m)",
    "attributes": "operator=香芝市; busType=コミュニティバス; busRoutes=白鳳台・旭ヶ丘ルート",
    "status": "adopted",
    "accuracyM": 10,
    "needsReview": "運行状況（季節運行・休止・予約制）を要確認、登山口から離れている（徒歩アプローチを要確認）",
    "sources": "国土数値情報（バス停留所データ）令和4年度（国土交通省）P11-22-29-bs1273（34.546697, 135.687436、JGD2011）を加工して作成",
    "verifiedAt": ""
   }
  },
  {
   "type": "Feature",
   "geometry": {
    "type": "Point",
    "coordinates": [
     135.6672559,
     34.5456876
    ]
   },
   "properties": {
    "id": "BS-kP11-22-29-bs1283",
    "kind": "bus_stop",
    "name": "晴実台",
    "datum": "WGS84",
    "mountainIds": "653",
    "mountainNames": "二上山",
    "lists": "関西百名山",
    "routes": "",
    "entryType": "",
    "trailKmToSummit": "",
    "related": "TH-kP11-22-29-bs1283(0m)",
    "attributes": "operator=香芝市; busType=コミュニティバス; busRoutes=新美ヶ丘・穴虫ルート",
    "status": "adopted",
    "accuracyM": 10,
    "needsReview": "運行状況（季節運行・休止・予約制）を要確認",
    "sources": "国土数値情報（バス停留所データ）令和4年度（国土交通省）P11-22-29-bs1283（34.545688, 135.667256、JGD2011）を加工して作成",
    "verifiedAt": ""
   }
  },
  {
   "type": "Feature",
   "geometry": {
    "type": "Point",
    "coordinates": [
     135.9702541,
     34.5444629
    ]
   },
   "properties": {
    "id": "BS-kP11-22-29-bs1288",
    "kind": "bus_stop",
    "name": "天満台西四丁目",
    "datum": "WGS84",
    "mountainIds": "645",
    "mountainNames": "額井岳",
    "lists": "関西百名山",
    "routes": "",
    "entryType": "",
    "trailKmToSummit": "",
    "related": "TH-n6649478843(474m)",
    "attributes": "operator=奈良交通（株）; busType=民間路線バス; busRoutes=2　天満台東三丁目ー大宇陀 / 20　榛原駅ー天満台東三丁目",
    "status": "adopted",
    "accuracyM": 10,
    "needsReview": "運行状況（季節運行・休止・予約制）を要確認",
    "sources": "国土数値情報（バス停留所データ）令和4年度（国土交通省）P11-22-29-bs1288（34.544463, 135.970254、JGD2011）を加工して作成 ｜ OpenStreetMap（© OpenStreetMap contributors, ODbL 1.0）Geofabrik japan-latest.osm.pbf 2026-09-23T20:22:04Z node/6651650560",
    "verifiedAt": ""
   }
  },
  {
   "type": "Feature",
   "geometry": {
    "type": "Point",
    "coordinates": [
     135.6729876,
     34.5443586
    ]
   },
   "properties": {
    "id": "BS-kP11-22-29-bs1291",
    "kind": "bus_stop",
    "name": "香芝生喜病院",
    "datum": "WGS84",
    "mountainIds": "653",
    "mountainNames": "二上山",
    "lists": "関西百名山",
    "routes": "",
    "entryType": "",
    "trailKmToSummit": "",
    "related": "TH-kP11-22-29-bs1283(546m) TH-n1769518978(654m)",
    "attributes": "operator=香芝市; busType=コミュニティバス; busRoutes=新美ヶ丘・穴虫ルート",
    "status": "adopted",
    "accuracyM": 10,
    "needsReview": "運行状況（季節運行・休止・予約制）を要確認、登山口から離れている（徒歩アプローチを要確認）",
    "sources": "国土数値情報（バス停留所データ）令和4年度（国土交通省）P11-22-29-bs1291（34.544359, 135.672988、JGD2011）を加工して作成",
    "verifiedAt": ""
   }
  },
  {
   "type": "Feature",
   "geometry": {
    "type": "Point",
    "coordinates": [
     135.6791526,
     34.542383
    ]
   },
   "properties": {
    "id": "BS-kP11-22-29-bs1304",
    "kind": "bus_stop",
    "name": "穴虫西",
    "datum": "WGS84",
    "mountainIds": "653",
    "mountainNames": "二上山",
    "lists": "関西百名山",
    "routes": "",
    "entryType": "",
    "trailKmToSummit": "",
    "related": "TH-n13182743474(878m) TH-n1769518978(241m)",
    "attributes": "operator=香芝市; busType=コミュニティバス; busRoutes=新美ヶ丘・穴虫ルート",
    "status": "adopted",
    "accuracyM": 10,
    "needsReview": "運行状況（季節運行・休止・予約制）を要確認、登山口から離れている（徒歩アプローチを要確認）",
    "sources": "国土数値情報（バス停留所データ）令和4年度（国土交通省）P11-22-29-bs1304（34.542383, 135.679153、JGD2011）を加工して作成",
    "verifiedAt": ""
   }
  },
  {
   "type": "Feature",
   "geometry": {
    "type": "Point",
    "coordinates": [
     135.6946063,
     34.5422819
    ]
   },
   "properties": {
    "id": "BS-kP11-22-29-bs1306",
    "kind": "bus_stop",
    "name": "総合福祉センター",
    "datum": "WGS84",
    "mountainIds": "653",
    "mountainNames": "二上山",
    "lists": "関西百名山",
    "routes": "",
    "entryType": "",
    "trailKmToSummit": "",
    "related": "TH-kP11-22-29-bs1327(734m)",
    "attributes": "operator=香芝市; busType=コミュニティバス; busRoutes=田尻ルート / 鎌田ルート / 白鳳台・旭ヶ丘ルート",
    "status": "adopted",
    "accuracyM": 10,
    "needsReview": "運行状況（季節運行・休止・予約制）を要確認、登山口から離れている（徒歩アプローチを要確認）",
    "sources": "国土数値情報（バス停留所データ）令和4年度（国土交通省）P11-22-29-bs1306（34.542282, 135.694606、JGD2011）を加工して作成",
    "verifiedAt": ""
   }
  },
  {
   "type": "Feature",
   "geometry": {
    "type": "Point",
    "coordinates": [
     135.6872771,
     34.5396066
    ]
   },
   "properties": {
    "id": "BS-kP11-22-29-bs1327",
    "kind": "bus_stop",
    "name": "二上小学校前",
    "datum": "WGS84",
    "mountainIds": "653",
    "mountainNames": "二上山",
    "lists": "関西百名山",
    "routes": "",
    "entryType": "",
    "trailKmToSummit": "",
    "related": "TH-kP11-22-29-bs1327(0m) TH-n13182743474(527m) TH-n1769518978(834m)",
    "attributes": "operator=香芝市; busType=コミュニティバス; busRoutes=新美ヶ丘・穴虫ルート",
    "status": "adopted",
    "accuracyM": 10,
    "needsReview": "運行状況（季節運行・休止・予約制）を要確認、登山口から離れている（徒歩アプローチを要確認）",
    "sources": "国土数値情報（バス停留所データ）令和4年度（国土交通省）P11-22-29-bs1327（34.539607, 135.687277、JGD2011）を加工して作成",
    "verifiedAt": ""
   }
  },
  {
   "type": "Feature",
   "geometry": {
    "type": "Point",
    "coordinates": [
     135.6945954,
     34.5332459
    ]
   },
   "properties": {
    "id": "BS-kP11-22-29-bs1362",
    "kind": "bus_stop",
    "name": "加守東",
    "datum": "WGS84",
    "mountainIds": "653",
    "mountainNames": "二上山",
    "lists": "関西百名山",
    "routes": "",
    "entryType": "",
    "trailKmToSummit": "",
    "related": "TH-n1736315294(606m)",
    "attributes": "operator=葛城市; busType=コミュニティバス; busRoutes=ミニバス（けはや号）當麻ルート",
    "status": "adopted",
    "accuracyM": 10,
    "needsReview": "運行状況（季節運行・休止・予約制）を要確認、登山口から離れている（徒歩アプローチを要確認）",
    "sources": "国土数値情報（バス停留所データ）令和4年度（国土交通省）P11-22-29-bs1362（34.533246, 135.694595、JGD2011）を加工して作成",
    "verifiedAt": ""
   }
  },
  {
   "type": "Feature",
   "geometry": {
    "type": "Point",
    "coordinates": [
     135.6941983,
     34.5315048
    ]
   },
   "properties": {
    "id": "BS-kP11-22-29-bs1368",
    "kind": "bus_stop",
    "name": "二上神社口駅前",
    "datum": "WGS84",
    "mountainIds": "653",
    "mountainNames": "二上山",
    "lists": "関西百名山",
    "routes": "",
    "entryType": "",
    "trailKmToSummit": "",
    "related": "TH-n1736315294(511m)",
    "attributes": "operator=葛城市; busType=コミュニティバス; busRoutes=ミニバス（けはや号）當麻ルート",
    "status": "adopted",
    "accuracyM": 10,
    "needsReview": "運行状況（季節運行・休止・予約制）を要確認",
    "sources": "国土数値情報（バス停留所データ）令和4年度（国土交通省）P11-22-29-bs1368（34.531505, 135.694198、JGD2011）を加工して作成",
    "verifiedAt": ""
   }
  },
  {
   "type": "Feature",
   "geometry": {
    "type": "Point",
    "coordinates": [
     135.6894709,
     34.5309681
    ]
   },
   "properties": {
    "id": "BS-kP11-22-29-bs1377",
    "kind": "bus_stop",
    "name": "加守南池",
    "datum": "WGS84",
    "mountainIds": "653",
    "mountainNames": "二上山",
    "lists": "関西百名山",
    "routes": "",
    "entryType": "",
    "trailKmToSummit": "",
    "related": "TH-n13182743474(708m) TH-n1736315294(74m)",
    "attributes": "operator=葛城市; busType=コミュニティバス; busRoutes=ミニバス（けはや号）當麻ルート",
    "status": "adopted",
    "accuracyM": 10,
    "needsReview": "運行状況（季節運行・休止・予約制）を要確認、登山口から離れている（徒歩アプローチを要確認）",
    "sources": "国土数値情報（バス停留所データ）令和4年度（国土交通省）P11-22-29-bs1377（34.530968, 135.689471、JGD2011）を加工して作成",
    "verifiedAt": ""
   }
  },
  {
   "type": "Feature",
   "geometry": {
    "type": "Point",
    "coordinates": [
     135.9042933,
     34.5288887
    ]
   },
   "properties": {
    "id": "BS-kP11-22-29-bs1389",
    "kind": "bus_stop",
    "name": "長谷寺参道口",
    "datum": "WGS84",
    "mountainIds": "649",
    "mountainNames": "三輪山",
    "lists": "関西百名山",
    "routes": "",
    "entryType": "",
    "trailKmToSummit": "",
    "related": "TH-n10879954436(123m) TH-n10879954436(123m)",
    "attributes": "operator=桜井市; busType=コミュニティバス; busRoutes=初瀬・朝倉台線",
    "status": "adopted",
    "accuracyM": 10,
    "needsReview": "運行状況（季節運行・休止・予約制）を要確認",
    "sources": "国土数値情報（バス停留所データ）令和4年度（国土交通省）P11-22-29-bs1389（34.528889, 135.904293、JGD2011）を加工して作成 ｜ OpenStreetMap（© OpenStreetMap contributors, ODbL 1.0）Geofabrik japan-latest.osm.pbf 2026-09-23T20:22:04Z node/6563001563",
    "verifiedAt": ""
   }
  },
  {
   "type": "Feature",
   "geometry": {
    "type": "Point",
    "coordinates": [
     135.8425824,
     34.5287306
    ]
   },
   "properties": {
    "id": "BS-kP11-22-29-bs1392",
    "kind": "bus_stop",
    "name": "三輪明神参道口",
    "datum": "WGS84",
    "mountainIds": "649",
    "mountainNames": "三輪山",
    "lists": "関西百名山",
    "routes": "",
    "entryType": "",
    "trailKmToSummit": "",
    "related": "TH-n930189627(934m)",
    "attributes": "operator=奈良交通（株）; busType=民間路線バス; busRoutes=59　箸中ー桜井駅北口 / 61　天理駅ー桜井駅北口（天理大学経由） / 62　天理駅ー桜井駅北口",
    "status": "adopted",
    "accuracyM": 10,
    "needsReview": "運行状況（季節運行・休止・予約制）を要確認、登山口から離れている（徒歩アプローチを要確認）",
    "sources": "国土数値情報（バス停留所データ）令和4年度（国土交通省）P11-22-29-bs1392（34.528731, 135.842582、JGD2011）を加工して作成 ｜ OpenStreetMap（© OpenStreetMap contributors, ODbL 1.0）Geofabrik japan-latest.osm.pbf 2026-09-23T20:22:04Z node/7008535219",
    "verifiedAt": ""
   }
  },
  {
   "type": "Feature",
   "geometry": {
    "type": "Point",
    "coordinates": [
     135.8501494,
     34.5287307
    ]
   },
   "properties": {
    "id": "BS-kP11-22-29-bs1393",
    "kind": "bus_stop",
    "name": "三輪明神大神神社二の鳥居",
    "datum": "WGS84",
    "mountainIds": "649",
    "mountainNames": "三輪山",
    "lists": "関西百名山",
    "routes": "",
    "entryType": "",
    "trailKmToSummit": "",
    "related": "TH-n930189627(244m) TH-n1809530717(503m) TH-gsi-saijinja(523m)",
    "attributes": "operator=奈良交通（株）; busType=民間路線バス; busRoutes=63　天理駅ー桜井駅北口（三輪明神大神神社二の鳥居前経由）",
    "status": "adopted",
    "accuracyM": 10,
    "needsReview": "運行状況（季節運行・休止・予約制）を要確認",
    "sources": "国土数値情報（バス停留所データ）令和4年度（国土交通省）P11-22-29-bs1393（34.528731, 135.850149、JGD2011）を加工して作成",
    "verifiedAt": ""
   }
  },
  {
   "type": "Feature",
   "geometry": {
    "type": "Point",
    "coordinates": [
     135.8460296,
     34.5282357
    ]
   },
   "properties": {
    "id": "BS-kP11-22-29-bs1397",
    "kind": "bus_stop",
    "name": "三輪明神大神神社一の鳥居駐車場",
    "datum": "WGS84",
    "mountainIds": "649",
    "mountainNames": "三輪山",
    "lists": "関西百名山",
    "routes": "",
    "entryType": "",
    "trailKmToSummit": "",
    "related": "TH-n930189627(617m) TH-n1809530717(786m) TH-gsi-saijinja(883m)",
    "attributes": "operator=奈良交通（株）; busType=民間路線バス; busRoutes=63　天理駅ー桜井駅北口（三輪明神大神神社二の鳥居前経由）",
    "status": "adopted",
    "accuracyM": 10,
    "needsReview": "運行状況（季節運行・休止・予約制）を要確認、登山口から離れている（徒歩アプローチを要確認）",
    "sources": "国土数値情報（バス停留所データ）令和4年度（国土交通省）P11-22-29-bs1397（34.528236, 135.846030、JGD2011）を加工して作成",
    "verifiedAt": ""
   }
  },
  {
   "type": "Feature",
   "geometry": {
    "type": "Point",
    "coordinates": [
     135.6932433,
     34.5262752
    ]
   },
   "properties": {
    "id": "BS-kP11-22-29-bs1410",
    "kind": "bus_stop",
    "name": "ふたかみパーク當麻",
    "datum": "WGS84",
    "mountainIds": "653",
    "mountainNames": "二上山",
    "lists": "関西百名山",
    "routes": "",
    "entryType": "",
    "trailKmToSummit": "",
    "related": "TH-n1736314857(453m)",
    "attributes": "operator=葛城市; busType=コミュニティバス; busRoutes=ミニバス（けはや号）當麻ルート",
    "status": "adopted",
    "accuracyM": 10,
    "needsReview": "運行状況（季節運行・休止・予約制）を要確認",
    "sources": "国土数値情報（バス停留所データ）令和4年度（国土交通省）P11-22-29-bs1410（34.526275, 135.693243、JGD2011）を加工して作成",
    "verifiedAt": ""
   }
  },
  {
   "type": "Feature",
   "geometry": {
    "type": "Point",
    "coordinates": [
     136.1361949,
     34.5238311
    ]
   },
   "properties": {
    "id": "BS-kP11-22-29-bs1423",
    "kind": "bus_stop",
    "name": "葛",
    "datum": "WGS84",
    "mountainIds": "652",
    "mountainNames": "鎧岳",
    "lists": "関西百名山",
    "routes": "",
    "entryType": "",
    "trailKmToSummit": "",
    "related": "TH-n1773394020(766m)",
    "attributes": "operator=三重交通（株）; busType=民間路線バス; busRoutes=21曽爾香落渓線",
    "status": "adopted",
    "accuracyM": 10,
    "needsReview": "運行状況（季節運行・休止・予約制）を要確認、登山口から離れている（徒歩アプローチを要確認）",
    "sources": "国土数値情報（バス停留所データ）令和4年度（国土交通省）P11-22-29-bs1423（34.523831, 136.136195、JGD2011）を加工して作成 ｜ OpenStreetMap（© OpenStreetMap contributors, ODbL 1.0）Geofabrik japan-latest.osm.pbf 2026-09-23T20:22:04Z node/7273699085",
    "verifiedAt": ""
   }
  },
  {
   "type": "Feature",
   "geometry": {
    "type": "Point",
    "coordinates": [
     135.6934136,
     34.5234134
    ]
   },
   "properties": {
    "id": "BS-kP11-22-29-bs1426",
    "kind": "bus_stop",
    "name": "新在家公民館",
    "datum": "WGS84",
    "mountainIds": "653",
    "mountainNames": "二上山",
    "lists": "関西百名山",
    "routes": "",
    "entryType": "",
    "trailKmToSummit": "",
    "related": "TH-n1736314857(236m) TH-n1736314207(873m)",
    "attributes": "operator=葛城市; busType=コミュニティバス; busRoutes=ミニバス（けはや号）當麻ルート",
    "status": "adopted",
    "accuracyM": 10,
    "needsReview": "運行状況（季節運行・休止・予約制）を要確認、登山口から離れている（徒歩アプローチを要確認）",
    "sources": "国土数値情報（バス停留所データ）令和4年度（国土交通省）P11-22-29-bs1426（34.523413, 135.693414、JGD2011）を加工して作成",
    "verifiedAt": ""
   }
  },
  {
   "type": "Feature",
   "geometry": {
    "type": "Point",
    "coordinates": [
     135.879571,
     34.5227806
    ]
   },
   "properties": {
    "id": "BS-kP11-22-29-bs1428",
    "kind": "bus_stop",
    "name": "黒崎",
    "datum": "WGS84",
    "mountainIds": "649",
    "mountainNames": "三輪山",
    "lists": "関西百名山",
    "routes": "",
    "entryType": "",
    "trailKmToSummit": "",
    "related": "TH-n1816955443(99m) TH-n1816955443(99m)",
    "attributes": "operator=桜井市; busType=コミュニティバス; busRoutes=初瀬・朝倉台線",
    "status": "adopted",
    "accuracyM": 10,
    "needsReview": "運行状況（季節運行・休止・予約制）を要確認",
    "sources": "国土数値情報（バス停留所データ）令和4年度（国土交通省）P11-22-29-bs1428（34.522781, 135.879571、JGD2011）を加工して作成 ｜ OpenStreetMap（© OpenStreetMap contributors, ODbL 1.0）Geofabrik japan-latest.osm.pbf 2026-09-23T20:22:04Z node/10857741989",
    "verifiedAt": ""
   }
  },
  {
   "type": "Feature",
   "geometry": {
    "type": "Point",
    "coordinates": [
     136.1587423,
     34.5220742
    ]
   },
   "properties": {
    "id": "BS-kP11-22-29-bs1433",
    "kind": "bus_stop",
    "name": "曽爾高原",
    "datum": "WGS84",
    "mountainIds": "651 656",
    "mountainNames": "倶留尊山、古光山",
    "lists": "日本三百名山|関西百名山|東海の百山",
    "routes": "",
    "entryType": "",
    "trailKmToSummit": "",
    "related": "TH-n1423056904(322m) TH-n1773393516(37m) TH-n8484467824(476m) TH-n8484467947(824m)",
    "attributes": "operator=三重交通（株）; busType=民間路線バス; busRoutes=20曽爾香落渓線",
    "status": "adopted",
    "accuracyM": 10,
    "needsReview": "運行状況（季節運行・休止・予約制）を要確認、登山口から離れている（徒歩アプローチを要確認）",
    "sources": "国土数値情報（バス停留所データ）令和4年度（国土交通省）P11-22-29-bs1433（34.522074, 136.158742、JGD2011）を加工して作成",
    "verifiedAt": ""
   }
  },
  {
   "type": "Feature",
   "geometry": {
    "type": "Point",
    "coordinates": [
     135.8773079,
     34.5218515
    ]
   },
   "properties": {
    "id": "BS-kP11-22-29-bs1434",
    "kind": "bus_stop",
    "name": "朝倉小学校",
    "datum": "WGS84",
    "mountainIds": "649",
    "mountainNames": "三輪山",
    "lists": "関西百名山",
    "routes": "",
    "entryType": "",
    "trailKmToSummit": "",
    "related": "TH-n1816955443(133m)",
    "attributes": "operator=桜井市; busType=コミュニティバス; busRoutes=初瀬・朝倉台線",
    "status": "adopted",
    "accuracyM": 10,
    "needsReview": "運行状況（季節運行・休止・予約制）を要確認",
    "sources": "国土数値情報（バス停留所データ）令和4年度（国土交通省）P11-22-29-bs1434（34.521852, 135.877308、JGD2011）を加工して作成",
    "verifiedAt": ""
   }
  },
  {
   "type": "Feature",
   "geometry": {
    "type": "Point",
    "coordinates": [
     135.8737503,
     34.5204258
    ]
   },
   "properties": {
    "id": "BS-kP11-22-29-bs1447",
    "kind": "bus_stop",
    "name": "脇本",
    "datum": "WGS84",
    "mountainIds": "649",
    "mountainNames": "三輪山",
    "lists": "関西百名山",
    "routes": "",
    "entryType": "",
    "trailKmToSummit": "",
    "related": "TH-n1816954995(455m)",
    "attributes": "operator=桜井市; busType=コミュニティバス; busRoutes=初瀬・朝倉台線",
    "status": "adopted",
    "accuracyM": 10,
    "needsReview": "運行状況（季節運行・休止・予約制）を要確認",
    "sources": "国土数値情報（バス停留所データ）令和4年度（国土交通省）P11-22-29-bs1447（34.520426, 135.873750、JGD2011）を加工して作成",
    "verifiedAt": ""
   }
  },
  {
   "type": "Feature",
   "geometry": {
    "type": "Point",
    "coordinates": [
     135.6940906,
     34.5196584
    ]
   },
   "properties": {
    "id": "BS-kP11-22-29-bs1451",
    "kind": "bus_stop",
    "name": "ゆうあいステーション",
    "datum": "WGS84",
    "mountainIds": "653",
    "mountainNames": "二上山",
    "lists": "関西百名山",
    "routes": "",
    "entryType": "",
    "trailKmToSummit": "",
    "related": "TH-n1736314857(432m) TH-n1736314207(741m)",
    "attributes": "operator=葛城市; busType=コミュニティバス; busRoutes=環状線バス（れんかちゃん号） / ミニバス（けはや号）當麻ルート / ミニバス（けはや号）長尾・疋田ルート",
    "status": "adopted",
    "accuracyM": 10,
    "needsReview": "運行状況（季節運行・休止・予約制）を要確認、登山口から離れている（徒歩アプローチを要確認）",
    "sources": "国土数値情報（バス停留所データ）令和4年度（国土交通省）P11-22-29-bs1451（34.519658, 135.694091、JGD2011）を加工して作成",
    "verifiedAt": ""
   }
  },
  {
   "type": "Feature",
   "geometry": {
    "type": "Point",
    "coordinates": [
     136.130208,
     34.5192566
    ]
   },
   "properties": {
    "id": "BS-kP11-22-29-bs1456",
    "kind": "bus_stop",
    "name": "嶽見橋",
    "datum": "WGS84",
    "mountainIds": "652",
    "mountainNames": "鎧岳",
    "lists": "関西百名山",
    "routes": "",
    "entryType": "",
    "trailKmToSummit": "",
    "related": "TH-n1773394020(709m)",
    "attributes": "operator=三重交通（株）; busType=民間路線バス; busRoutes=21曽爾香落渓線",
    "status": "adopted",
    "accuracyM": 10,
    "needsReview": "運行状況（季節運行・休止・予約制）を要確認、登山口から離れている（徒歩アプローチを要確認）",
    "sources": "国土数値情報（バス停留所データ）令和4年度（国土交通省）P11-22-29-bs1456（34.519257, 136.130208、JGD2011）を加工して作成",
    "verifiedAt": ""
   }
  },
  {
   "type": "Feature",
   "geometry": {
    "type": "Point",
    "coordinates": [
     135.868296,
     34.517621
    ]
   },
   "properties": {
    "id": "BS-kP11-22-29-bs1464",
    "kind": "bus_stop",
    "name": "慈恩寺",
    "datum": "WGS84",
    "mountainIds": "649",
    "mountainNames": "三輪山",
    "lists": "関西百名山",
    "routes": "",
    "entryType": "",
    "trailKmToSummit": "",
    "related": "TH-n1816954995(261m) TH-n1816954995(261m)",
    "attributes": "operator=桜井市; busType=コミュニティバス; busRoutes=初瀬・朝倉台線",
    "status": "adopted",
    "accuracyM": 10,
    "needsReview": "運行状況（季節運行・休止・予約制）を要確認",
    "sources": "国土数値情報（バス停留所データ）令和4年度（国土交通省）P11-22-29-bs1464（34.517621, 135.868296、JGD2011）を加工して作成 ｜ OpenStreetMap（© OpenStreetMap contributors, ODbL 1.0）Geofabrik japan-latest.osm.pbf 2026-09-23T20:22:04Z node/6615323385",
    "verifiedAt": ""
   }
  },
  {
   "type": "Feature",
   "geometry": {
    "type": "Point",
    "coordinates": [
     135.7027618,
     34.4977629
    ]
   },
   "properties": {
    "id": "BS-kP11-22-29-bs1620",
    "kind": "bus_stop",
    "name": "如意",
    "datum": "WGS84",
    "mountainIds": "667",
    "mountainNames": "大和葛城山",
    "lists": "日本三百名山|関西百名山",
    "routes": "",
    "entryType": "",
    "trailKmToSummit": "",
    "related": "TH-kP11-22-29-bs1625(169m)",
    "attributes": "operator=葛城市; busType=コミュニティバス; busRoutes=環状線バス（れんかちゃん号）",
    "status": "adopted",
    "accuracyM": 10,
    "needsReview": "運行状況（季節運行・休止・予約制）を要確認",
    "sources": "国土数値情報（バス停留所データ）令和4年度（国土交通省）P11-22-29-bs1620（34.497763, 135.702762、JGD2011）を加工して作成",
    "verifiedAt": ""
   }
  },
  {
   "type": "Feature",
   "geometry": {
    "type": "Point",
    "coordinates": [
     135.703777,
     34.4964911
    ]
   },
   "properties": {
    "id": "BS-kP11-22-29-bs1625",
    "kind": "bus_stop",
    "name": "太田",
    "datum": "WGS84",
    "mountainIds": "667",
    "mountainNames": "大和葛城山",
    "lists": "日本三百名山|関西百名山",
    "routes": "",
    "entryType": "",
    "trailKmToSummit": "",
    "related": "TH-kP11-22-29-bs1625(0m)",
    "attributes": "operator=葛城市; busType=コミュニティバス; busRoutes=環状線バス（れんかちゃん号）",
    "status": "adopted",
    "accuracyM": 10,
    "needsReview": "運行状況（季節運行・休止・予約制）を要確認",
    "sources": "国土数値情報（バス停留所データ）令和4年度（国土交通省）P11-22-29-bs1625（34.496491, 135.703777、JGD2011）を加工して作成",
    "verifiedAt": ""
   }
  },
  {
   "type": "Feature",
   "geometry": {
    "type": "Point",
    "coordinates": [
     135.7046983,
     34.4956662
    ]
   },
   "properties": {
    "id": "BS-kP11-22-29-bs1632",
    "kind": "bus_stop",
    "name": "道の駅かつらぎ",
    "datum": "WGS84",
    "mountainIds": "667",
    "mountainNames": "大和葛城山",
    "lists": "日本三百名山|関西百名山",
    "routes": "",
    "entryType": "",
    "trailKmToSummit": "",
    "related": "TH-kP11-22-29-bs1625(124m)",
    "attributes": "operator=葛城市; busType=コミュニティバス; busRoutes=環状線バス（れんかちゃん号） / ミニバス（けはや号）寺口ルート",
    "status": "adopted",
    "accuracyM": 10,
    "needsReview": "運行状況（季節運行・休止・予約制）を要確認",
    "sources": "国土数値情報（バス停留所データ）令和4年度（国土交通省）P11-22-29-bs1632（34.495666, 135.704698、JGD2011）を加工して作成",
    "verifiedAt": ""
   }
  },
  {
   "type": "Feature",
   "geometry": {
    "type": "Point",
    "coordinates": [
     135.7068493,
     34.4947705
    ]
   },
   "properties": {
    "id": "BS-kP11-22-29-bs1636",
    "kind": "bus_stop",
    "name": "葛城消防署",
    "datum": "WGS84",
    "mountainIds": "667",
    "mountainNames": "大和葛城山",
    "lists": "日本三百名山|関西百名山",
    "routes": "",
    "entryType": "",
    "trailKmToSummit": "",
    "related": "TH-n8057436631(292m)",
    "attributes": "operator=葛城市; busType=コミュニティバス; busRoutes=環状線バス（れんかちゃん号）",
    "status": "adopted",
    "accuracyM": 10,
    "needsReview": "運行状況（季節運行・休止・予約制）を要確認",
    "sources": "国土数値情報（バス停留所データ）令和4年度（国土交通省）P11-22-29-bs1636（34.494770, 135.706849、JGD2011）を加工して作成",
    "verifiedAt": ""
   }
  },
  {
   "type": "Feature",
   "geometry": {
    "type": "Point",
    "coordinates": [
     135.7097765,
     34.4930935
    ]
   },
   "properties": {
    "id": "BS-kP11-22-29-bs1646",
    "kind": "bus_stop",
    "name": "社会教育センター前",
    "datum": "WGS84",
    "mountainIds": "667",
    "mountainNames": "大和葛城山",
    "lists": "日本三百名山|関西百名山",
    "routes": "",
    "entryType": "",
    "trailKmToSummit": "",
    "related": "TH-n8057436631(362m)",
    "attributes": "operator=葛城市; busType=コミュニティバス; busRoutes=環状線バス（れんかちゃん号）",
    "status": "adopted",
    "accuracyM": 10,
    "needsReview": "運行状況（季節運行・休止・予約制）を要確認",
    "sources": "国土数値情報（バス停留所データ）令和4年度（国土交通省）P11-22-29-bs1646（34.493093, 135.709777、JGD2011）を加工して作成",
    "verifiedAt": ""
   }
  },
  {
   "type": "Feature",
   "geometry": {
    "type": "Point",
    "coordinates": [
     135.7092105,
     34.4926413
    ]
   },
   "properties": {
    "id": "BS-kP11-22-29-bs1649",
    "kind": "bus_stop",
    "name": "社会教育センター",
    "datum": "WGS84",
    "mountainIds": "667",
    "mountainNames": "大和葛城山",
    "lists": "日本三百名山|関西百名山",
    "routes": "",
    "entryType": "",
    "trailKmToSummit": "",
    "related": "TH-n8057436631(301m)",
    "attributes": "operator=葛城市; busType=コミュニティバス; busRoutes=環状線バス（れんかちゃん号）",
    "status": "adopted",
    "accuracyM": 10,
    "needsReview": "運行状況（季節運行・休止・予約制）を要確認",
    "sources": "国土数値情報（バス停留所データ）令和4年度（国土交通省）P11-22-29-bs1649（34.492641, 135.709210、JGD2011）を加工して作成",
    "verifiedAt": ""
   }
  },
  {
   "type": "Feature",
   "geometry": {
    "type": "Point",
    "coordinates": [
     135.7030608,
     34.4874457
    ]
   },
   "properties": {
    "id": "BS-kP11-22-29-bs1696",
    "kind": "bus_stop",
    "name": "寺口北",
    "datum": "WGS84",
    "mountainIds": "667",
    "mountainNames": "大和葛城山",
    "lists": "日本三百名山|関西百名山",
    "routes": "",
    "entryType": "",
    "trailKmToSummit": "",
    "related": "TH-n1736304783(914m)",
    "attributes": "operator=葛城市; busType=コミュニティバス; busRoutes=ミニバス（けはや号）寺口ルート",
    "status": "adopted",
    "accuracyM": 10,
    "needsReview": "運行状況（季節運行・休止・予約制）を要確認、登山口から離れている（徒歩アプローチを要確認）",
    "sources": "国土数値情報（バス停留所データ）令和4年度（国土交通省）P11-22-29-bs1696（34.487446, 135.703061、JGD2011）を加工して作成",
    "verifiedAt": ""
   }
  },
  {
   "type": "Feature",
   "geometry": {
    "type": "Point",
    "coordinates": [
     135.704141,
     34.485835
    ]
   },
   "properties": {
    "id": "BS-kP11-22-29-bs1706",
    "kind": "bus_stop",
    "name": "寺口駐車場",
    "datum": "WGS84",
    "mountainIds": "667",
    "mountainNames": "大和葛城山",
    "lists": "日本三百名山|関西百名山",
    "routes": "",
    "entryType": "",
    "trailKmToSummit": "",
    "related": "TH-n1736304783(734m)",
    "attributes": "operator=葛城市; busType=コミュニティバス; busRoutes=ミニバス（けはや号）寺口ルート",
    "status": "adopted",
    "accuracyM": 10,
    "needsReview": "運行状況（季節運行・休止・予約制）を要確認、登山口から離れている（徒歩アプローチを要確認）",
    "sources": "国土数値情報（バス停留所データ）令和4年度（国土交通省）P11-22-29-bs1706（34.485835, 135.704141、JGD2011）を加工して作成",
    "verifiedAt": ""
   }
  },
  {
   "type": "Feature",
   "geometry": {
    "type": "Point",
    "coordinates": [
     135.7066524,
     34.4641525
    ]
   },
   "properties": {
    "id": "BS-kP11-22-29-bs1836",
    "kind": "bus_stop",
    "name": "梅室口",
    "datum": "WGS84",
    "mountainIds": "667",
    "mountainNames": "大和葛城山",
    "lists": "日本三百名山|関西百名山",
    "routes": "",
    "entryType": "",
    "trailKmToSummit": "",
    "related": "TH-n1158833778(631m) TH-n1616752749(264m) TH-n1616752749(264m)",
    "attributes": "operator=奈良交通（株）; busType=民間路線バス; busRoutes=80　近鉄御所駅ー葛城ロープウェイ前 / 88　近鉄御所駅ー葛城ロープウェイ前",
    "status": "adopted",
    "accuracyM": 10,
    "needsReview": "運行状況（季節運行・休止・予約制）を要確認、登山口から離れている（徒歩アプローチを要確認）",
    "sources": "国土数値情報（バス停留所データ）令和4年度（国土交通省）P11-22-29-bs1836（34.464152, 135.706652、JGD2011）を加工して作成 ｜ OpenStreetMap（© OpenStreetMap contributors, ODbL 1.0）Geofabrik japan-latest.osm.pbf 2026-09-23T20:22:04Z node/2989176522",
    "verifiedAt": ""
   }
  },
  {
   "type": "Feature",
   "geometry": {
    "type": "Point",
    "coordinates": [
     135.7007542,
     34.4638341
    ]
   },
   "properties": {
    "id": "BS-kP11-22-29-bs1839",
    "kind": "bus_stop",
    "name": "葛城ロープウェイ前",
    "datum": "WGS84",
    "mountainIds": "667",
    "mountainNames": "大和葛城山",
    "lists": "日本三百名山|関西百名山",
    "routes": "",
    "entryType": "",
    "trailKmToSummit": "",
    "related": "TH-n1158833778(90m) TH-n1158833778(90m)",
    "attributes": "operator=奈良交通（株）; busType=民間路線バス; busRoutes=80　近鉄御所駅ー葛城ロープウェイ前 / 88　近鉄御所駅ー葛城ロープウェイ前",
    "status": "adopted",
    "accuracyM": 10,
    "needsReview": "運行状況（季節運行・休止・予約制）を要確認",
    "sources": "国土数値情報（バス停留所データ）令和4年度（国土交通省）P11-22-29-bs1839（34.463834, 135.700754、JGD2011）を加工して作成 ｜ OpenStreetMap（© OpenStreetMap contributors, ODbL 1.0）Geofabrik japan-latest.osm.pbf 2026-09-23T20:22:04Z node/13284163100",
    "verifiedAt": ""
   }
  },
  {
   "type": "Feature",
   "geometry": {
    "type": "Point",
    "coordinates": [
     135.7085162,
     34.4615881
    ]
   },
   "properties": {
    "id": "BS-kP11-22-29-bs1853",
    "kind": "bus_stop",
    "name": "老人福祉センター",
    "datum": "WGS84",
    "mountainIds": "667",
    "mountainNames": "大和葛城山",
    "lists": "日本三百名山|関西百名山",
    "routes": "",
    "entryType": "",
    "trailKmToSummit": "",
    "related": "TH-n1616752749(374m)",
    "attributes": "operator=御所市; busType=コミュニティバス; busRoutes=御所市コミュニティバス「ひまわり号」東コース / 御所市コミュニティバス「ひまわり号」西コース",
    "status": "adopted",
    "accuracyM": 10,
    "needsReview": "運行状況（季節運行・休止・予約制）を要確認",
    "sources": "国土数値情報（バス停留所データ）令和4年度（国土交通省）P11-22-29-bs1853（34.461588, 135.708516、JGD2011）を加工して作成",
    "verifiedAt": ""
   }
  },
  {
   "type": "Feature",
   "geometry": {
    "type": "Point",
    "coordinates": [
     135.9151696,
     34.4173646
    ]
   },
   "properties": {
    "id": "BS-kP11-22-29-bs1961",
    "kind": "bus_stop",
    "name": "下柳",
    "datum": "WGS84",
    "mountainIds": "670",
    "mountainNames": "竜門岳",
    "lists": "日本三百名山",
    "routes": "",
    "entryType": "",
    "trailKmToSummit": "",
    "related": "TH-n1496074870(873m)",
    "attributes": "operator=吉野町; busType=コミュニティバス; busRoutes=吉野町コミュニティバス（スマイルバス）小名・入野→上市駅・吉野病院",
    "status": "adopted",
    "accuracyM": 10,
    "needsReview": "運行状況（季節運行・休止・予約制）を要確認、登山口から離れている（徒歩アプローチを要確認）",
    "sources": "国土数値情報（バス停留所データ）令和4年度（国土交通省）P11-22-29-bs1961（34.417365, 135.915170、JGD2011）を加工して作成",
    "verifiedAt": ""
   }
  },
  {
   "type": "Feature",
   "geometry": {
    "type": "Point",
    "coordinates": [
     135.9053636,
     34.4162993
    ]
   },
   "properties": {
    "id": "BS-kP11-22-29-bs1964",
    "kind": "bus_stop",
    "name": "香束",
    "datum": "WGS84",
    "mountainIds": "670",
    "mountainNames": "竜門岳",
    "lists": "日本三百名山",
    "routes": "",
    "entryType": "",
    "trailKmToSummit": "",
    "related": "TH-n1496074870(926m)",
    "attributes": "operator=吉野町; busType=コミュニティバス; busRoutes=吉野町コミュニティバス（スマイルバス）小名・入野→上市駅・吉野病院",
    "status": "adopted",
    "accuracyM": 10,
    "needsReview": "運行状況（季節運行・休止・予約制）を要確認、登山口から離れている（徒歩アプローチを要確認）",
    "sources": "国土数値情報（バス停留所データ）令和4年度（国土交通省）P11-22-29-bs1964（34.416299, 135.905364、JGD2011）を加工して作成",
    "verifiedAt": ""
   }
  },
  {
   "type": "Feature",
   "geometry": {
    "type": "Point",
    "coordinates": [
     135.9133055,
     34.4154478
    ]
   },
   "properties": {
    "id": "BS-kP11-22-29-bs1969",
    "kind": "bus_stop",
    "name": "地蔵前",
    "datum": "WGS84",
    "mountainIds": "670",
    "mountainNames": "竜門岳",
    "lists": "日本三百名山",
    "routes": "",
    "entryType": "",
    "trailKmToSummit": "",
    "related": "TH-n1496074870(985m)",
    "attributes": "operator=吉野町; busType=コミュニティバス; busRoutes=吉野町コミュニティバス（スマイルバス）小名・入野→上市駅・吉野病院",
    "status": "adopted",
    "accuracyM": 10,
    "needsReview": "運行状況（季節運行・休止・予約制）を要確認、登山口から離れている（徒歩アプローチを要確認）",
    "sources": "国土数値情報（バス停留所データ）令和4年度（国土交通省）P11-22-29-bs1969（34.415448, 135.913306、JGD2011）を加工して作成",
    "verifiedAt": ""
   }
  },
  {
   "type": "Feature",
   "geometry": {
    "type": "Point",
    "coordinates": [
     135.8782005,
     34.3494158
    ]
   },
   "properties": {
    "id": "BS-kP11-22-29-bs2364",
    "kind": "bus_stop",
    "name": "高城山展望台",
    "datum": "WGS84",
    "mountainIds": "684",
    "mountainNames": "吉野山",
    "lists": "関西百名山",
    "routes": "",
    "entryType": "",
    "trailKmToSummit": "",
    "related": "TH-n1496057185(780m)",
    "attributes": "operator=吉野大峯ケーブル自動車（株）; busType=民間路線バス; busRoutes=路線バス【吉野山奥千本口ライン】上り①",
    "status": "adopted",
    "accuracyM": 10,
    "needsReview": "運行状況（季節運行・休止・予約制）を要確認、登山口から離れている（徒歩アプローチを要確認）",
    "sources": "国土数値情報（バス停留所データ）令和4年度（国土交通省）P11-22-29-bs2364（34.349416, 135.878200、JGD2011）を加工して作成 ｜ OpenStreetMap（© OpenStreetMap contributors, ODbL 1.0）Geofabrik japan-latest.osm.pbf 2026-09-23T20:22:04Z node/2863464401",
    "verifiedAt": ""
   }
  },
  {
   "type": "Feature",
   "geometry": {
    "type": "Point",
    "coordinates": [
     135.8800041,
     34.3452432
    ]
   },
   "properties": {
    "id": "BS-kP11-22-29-bs2378",
    "kind": "bus_stop",
    "name": "奥千本口",
    "datum": "WGS84",
    "mountainIds": "684",
    "mountainNames": "吉野山",
    "lists": "関西百名山",
    "routes": "",
    "entryType": "",
    "trailKmToSummit": "",
    "related": "TH-n1496057185(292m)",
    "attributes": "operator=吉野大峯ケーブル自動車（株）; busType=民間路線バス; busRoutes=路線バス【吉野山奥千本口ライン】上り①",
    "status": "adopted",
    "accuracyM": 10,
    "needsReview": "運行状況（季節運行・休止・予約制）を要確認",
    "sources": "国土数値情報（バス停留所データ）令和4年度（国土交通省）P11-22-29-bs2378（34.345243, 135.880004、JGD2011）を加工して作成 ｜ OpenStreetMap（© OpenStreetMap contributors, ODbL 1.0）Geofabrik japan-latest.osm.pbf 2026-09-23T20:22:04Z node/2863411201",
    "verifiedAt": ""
   }
  },
  {
   "type": "Feature",
   "geometry": {
    "type": "Point",
    "coordinates": [
     136.0012641,
     34.2878587
    ]
   },
   "properties": {
    "id": "BS-kP11-22-29-bs2468",
    "kind": "bus_stop",
    "name": "柏木",
    "datum": "WGS84",
    "mountainIds": "700 705 710 714",
    "mountainNames": "山上ヶ岳、稲村ヶ岳、大普賢岳、行者還岳",
    "lists": "日本三百名山|関西百名山",
    "routes": "",
    "entryType": "",
    "trailKmToSummit": "",
    "related": "TH-n1911377259(180m)",
    "attributes": "operator=川上村; busType=コミュニティバス; busRoutes=やまぶきバス",
    "status": "adopted",
    "accuracyM": 10,
    "needsReview": "運行状況（季節運行・休止・予約制）を要確認",
    "sources": "国土数値情報（バス停留所データ）令和4年度（国土交通省）P11-22-29-bs2468（34.287859, 136.001264、JGD2011）を加工して作成 ｜ OpenStreetMap（© OpenStreetMap contributors, ODbL 1.0）Geofabrik japan-latest.osm.pbf 2026-09-23T20:22:04Z node/11262509264",
    "verifiedAt": ""
   }
  },
  {
   "type": "Feature",
   "geometry": {
    "type": "Point",
    "coordinates": [
     136.0012641,
     34.2878587
    ]
   },
   "properties": {
    "id": "BS-kP11-22-29-bs2469",
    "kind": "bus_stop",
    "name": "柏木",
    "datum": "WGS84",
    "mountainIds": "700 705 710 714",
    "mountainNames": "山上ヶ岳、稲村ヶ岳、大普賢岳、行者還岳",
    "lists": "日本三百名山|関西百名山",
    "routes": "",
    "entryType": "",
    "trailKmToSummit": "",
    "related": "TH-n1911377259(180m)",
    "attributes": "operator=南部地域公共交通活性化協議会; busType=民間路線バス; busRoutes=南部地域連携コミュニティバス（R169ゆうゆうバス）",
    "status": "adopted",
    "accuracyM": 10,
    "needsReview": "運行状況（季節運行・休止・予約制）を要確認",
    "sources": "国土数値情報（バス停留所データ）令和4年度（国土交通省）P11-22-29-bs2469（34.287859, 136.001264、JGD2011）を加工して作成",
    "verifiedAt": ""
   }
  },
  {
   "type": "Feature",
   "geometry": {
    "type": "Point",
    "coordinates": [
     136.0033915,
     34.2818177
    ]
   },
   "properties": {
    "id": "BS-kP11-22-29-bs2476",
    "kind": "bus_stop",
    "name": "不動窟",
    "datum": "WGS84",
    "mountainIds": "700 705 710 714",
    "mountainNames": "山上ヶ岳、稲村ヶ岳、大普賢岳、行者還岳",
    "lists": "日本三百名山|関西百名山",
    "routes": "",
    "entryType": "",
    "trailKmToSummit": "",
    "related": "TH-n1911377259(531m)",
    "attributes": "operator=川上村; busType=コミュニティバス; busRoutes=やまぶきバス",
    "status": "adopted",
    "accuracyM": 10,
    "needsReview": "運行状況（季節運行・休止・予約制）を要確認",
    "sources": "国土数値情報（バス停留所データ）令和4年度（国土交通省）P11-22-29-bs2476（34.281818, 136.003391、JGD2011）を加工して作成",
    "verifiedAt": ""
   }
  },
  {
   "type": "Feature",
   "geometry": {
    "type": "Point",
    "coordinates": [
     136.00755,
     34.2754592
    ]
   },
   "properties": {
    "id": "BS-kP11-22-29-bs2480",
    "kind": "bus_stop",
    "name": "大迫口",
    "datum": "WGS84",
    "mountainIds": "700 705 710 714",
    "mountainNames": "山上ヶ岳、稲村ヶ岳、大普賢岳、行者還岳",
    "lists": "日本三百名山|関西百名山",
    "routes": "",
    "entryType": "",
    "trailKmToSummit": "",
    "related": "TH-n1406045553(7m)",
    "attributes": "operator=川上村; busType=コミュニティバス; busRoutes=やまぶきバス",
    "status": "adopted",
    "accuracyM": 10,
    "needsReview": "運行状況（季節運行・休止・予約制）を要確認",
    "sources": "国土数値情報（バス停留所データ）令和4年度（国土交通省）P11-22-29-bs2480（34.275459, 136.007550、JGD2011）を加工して作成",
    "verifiedAt": ""
   }
  },
  {
   "type": "Feature",
   "geometry": {
    "type": "Point",
    "coordinates": [
     136.00755,
     34.2754592
    ]
   },
   "properties": {
    "id": "BS-kP11-22-29-bs2481",
    "kind": "bus_stop",
    "name": "大迫口",
    "datum": "WGS84",
    "mountainIds": "700 705 710 714",
    "mountainNames": "山上ヶ岳、稲村ヶ岳、大普賢岳、行者還岳",
    "lists": "日本三百名山|関西百名山",
    "routes": "",
    "entryType": "",
    "trailKmToSummit": "",
    "related": "TH-n1406045553(7m)",
    "attributes": "operator=南部地域公共交通活性化協議会; busType=民間路線バス; busRoutes=南部地域連携コミュニティバス（R169ゆうゆうバス）",
    "status": "adopted",
    "accuracyM": 10,
    "needsReview": "運行状況（季節運行・休止・予約制）を要確認",
    "sources": "国土数値情報（バス停留所データ）令和4年度（国土交通省）P11-22-29-bs2481（34.275459, 136.007550、JGD2011）を加工して作成",
    "verifiedAt": ""
   }
  },
  {
   "type": "Feature",
   "geometry": {
    "type": "Point",
    "coordinates": [
     136.0114599,
     34.2731635
    ]
   },
   "properties": {
    "id": "BS-kP11-22-29-bs2484",
    "kind": "bus_stop",
    "name": "大迫ダム",
    "datum": "WGS84",
    "mountainIds": "700 705 710 714",
    "mountainNames": "山上ヶ岳、稲村ヶ岳、大普賢岳、行者還岳",
    "lists": "日本三百名山|関西百名山",
    "routes": "",
    "entryType": "",
    "trailKmToSummit": "",
    "related": "TH-n1406045553(446m)",
    "attributes": "operator=川上村; busType=コミュニティバス; busRoutes=やまぶきバス",
    "status": "adopted",
    "accuracyM": 10,
    "needsReview": "運行状況（季節運行・休止・予約制）を要確認",
    "sources": "国土数値情報（バス停留所データ）令和4年度（国土交通省）P11-22-29-bs2484（34.273164, 136.011460、JGD2011）を加工して作成",
    "verifiedAt": ""
   }
  },
  {
   "type": "Feature",
   "geometry": {
    "type": "Point",
    "coordinates": [
     135.8773684,
     34.2662046
    ]
   },
   "properties": {
    "id": "BS-kP11-22-29-bs2488",
    "kind": "bus_stop",
    "name": "洞川温泉",
    "datum": "WGS84",
    "mountainIds": "700 705 710",
    "mountainNames": "山上ヶ岳、稲村ヶ岳、大普賢岳",
    "lists": "日本三百名山|関西百名山",
    "routes": "",
    "entryType": "",
    "trailKmToSummit": "",
    "related": "TH-n10020156947(945m) TH-n10020156947(945m)",
    "attributes": "operator=奈良交通（株）; busType=民間路線バス; busRoutes=2　大淀バスセンターー洞川温泉",
    "status": "adopted",
    "accuracyM": 10,
    "needsReview": "運行状況（季節運行・休止・予約制）を要確認、登山口から離れている（徒歩アプローチを要確認）",
    "sources": "国土数値情報（バス停留所データ）令和4年度（国土交通省）P11-22-29-bs2488（34.266205, 135.877368、JGD2011）を加工して作成 ｜ OpenStreetMap（© OpenStreetMap contributors, ODbL 1.0）Geofabrik japan-latest.osm.pbf 2026-09-23T20:22:04Z node/6702964112",
    "verifiedAt": ""
   }
  },
  {
   "type": "Feature",
   "geometry": {
    "type": "Point",
    "coordinates": [
     136.0041417,
     34.2645432
    ]
   },
   "properties": {
    "id": "BS-kP11-22-29-bs2491",
    "kind": "bus_stop",
    "name": "伯母谷口",
    "datum": "WGS84",
    "mountainIds": "700 705 710 714",
    "mountainNames": "山上ヶ岳、稲村ヶ岳、大普賢岳、行者還岳",
    "lists": "日本三百名山|関西百名山",
    "routes": "",
    "entryType": "",
    "trailKmToSummit": "",
    "related": "TH-kP11-22-29-bs2491(0m)",
    "attributes": "operator=川上村; busType=コミュニティバス; busRoutes=やまぶきバス",
    "status": "adopted",
    "accuracyM": 10,
    "needsReview": "運行状況（季節運行・休止・予約制）を要確認",
    "sources": "国土数値情報（バス停留所データ）令和4年度（国土交通省）P11-22-29-bs2491（34.264543, 136.004142、JGD2011）を加工して作成",
    "verifiedAt": ""
   }
  },
  {
   "type": "Feature",
   "geometry": {
    "type": "Point",
    "coordinates": [
     136.0041417,
     34.2645432
    ]
   },
   "properties": {
    "id": "BS-kP11-22-29-bs2492",
    "kind": "bus_stop",
    "name": "伯母谷口",
    "datum": "WGS84",
    "mountainIds": "700 705 710 714",
    "mountainNames": "山上ヶ岳、稲村ヶ岳、大普賢岳、行者還岳",
    "lists": "日本三百名山|関西百名山",
    "routes": "",
    "entryType": "",
    "trailKmToSummit": "",
    "related": "TH-kP11-22-29-bs2491(0m)",
    "attributes": "operator=南部地域公共交通活性化協議会; busType=民間路線バス; busRoutes=南部地域連携コミュニティバス（R169ゆうゆうバス）",
    "status": "adopted",
    "accuracyM": 10,
    "needsReview": "運行状況（季節運行・休止・予約制）を要確認",
    "sources": "国土数値情報（バス停留所データ）令和4年度（国土交通省）P11-22-29-bs2492（34.264543, 136.004142、JGD2011）を加工して作成",
    "verifiedAt": ""
   }
  },
  {
   "type": "Feature",
   "geometry": {
    "type": "Point",
    "coordinates": [
     135.8553045,
     34.2457307
    ]
   },
   "properties": {
    "id": "BS-kP11-22-29-bs2502",
    "kind": "bus_stop",
    "name": "天川川合",
    "datum": "WGS84",
    "mountainIds": "719",
    "mountainNames": "大峰山",
    "lists": "日本百名山|日本二百名山|日本三百名山|関西百名山",
    "routes": "",
    "entryType": "",
    "trailKmToSummit": "",
    "related": "TH-n10961407962(253m) TH-n10961407962(253m) TH-n10961407962(253m)",
    "attributes": "operator=奈良交通（株）; busType=民間路線バス; busRoutes=2　大淀バスセンターー洞川温泉 / 7　下市口駅ー中庵住",
    "status": "adopted",
    "accuracyM": 10,
    "needsReview": "運行状況（季節運行・休止・予約制）を要確認",
    "sources": "国土数値情報（バス停留所データ）令和4年度（国土交通省）P11-22-29-bs2502（34.245731, 135.855305、JGD2011）を加工して作成 ｜ OpenStreetMap（© OpenStreetMap contributors, ODbL 1.0）Geofabrik japan-latest.osm.pbf 2026-09-23T20:22:04Z node/11264506892",
    "verifiedAt": ""
   }
  },
  {
   "type": "Feature",
   "geometry": {
    "type": "Point",
    "coordinates": [
     135.8703474,
     34.2448832
    ]
   },
   "properties": {
    "id": "BS-kP11-22-29-bs2503",
    "kind": "bus_stop",
    "name": "観音峰登山口",
    "datum": "WGS84",
    "mountainIds": "700 705 710",
    "mountainNames": "山上ヶ岳、稲村ヶ岳、大普賢岳",
    "lists": "日本三百名山|関西百名山",
    "routes": "",
    "entryType": "",
    "trailKmToSummit": "",
    "related": "TH-n6703059403(9m)",
    "attributes": "operator=奈良交通（株）; busType=民間路線バス; busRoutes=2　大淀バスセンターー洞川温泉",
    "status": "adopted",
    "accuracyM": 10,
    "needsReview": "運行状況（季節運行・休止・予約制）を要確認",
    "sources": "国土数値情報（バス停留所データ）令和4年度（国土交通省）P11-22-29-bs2503（34.244883, 135.870347、JGD2011）を加工して作成",
    "verifiedAt": ""
   }
  },
  {
   "type": "Feature",
   "geometry": {
    "type": "Point",
    "coordinates": [
     135.8609158,
     34.2446054
    ]
   },
   "properties": {
    "id": "BS-kP11-22-29-bs2504",
    "kind": "bus_stop",
    "name": "中越",
    "datum": "WGS84",
    "mountainIds": "700 705 710",
    "mountainNames": "山上ヶ岳、稲村ヶ岳、大普賢岳",
    "lists": "日本三百名山|関西百名山",
    "routes": "",
    "entryType": "",
    "trailKmToSummit": "",
    "related": "TH-n6703059403(873m) TH-n6703059403(873m)",
    "attributes": "operator=奈良交通（株）; busType=民間路線バス; busRoutes=2　大淀バスセンターー洞川温泉",
    "status": "adopted",
    "accuracyM": 10,
    "needsReview": "運行状況（季節運行・休止・予約制）を要確認、登山口から離れている（徒歩アプローチを要確認）",
    "sources": "国土数値情報（バス停留所データ）令和4年度（国土交通省）P11-22-29-bs2504（34.244605, 135.860916、JGD2011）を加工して作成 ｜ OpenStreetMap（© OpenStreetMap contributors, ODbL 1.0）Geofabrik japan-latest.osm.pbf 2026-09-23T20:22:04Z node/1412905887",
    "verifiedAt": ""
   }
  },
  {
   "type": "Feature",
   "geometry": {
    "type": "Point",
    "coordinates": [
     135.8407801,
     34.2218018
    ]
   },
   "properties": {
    "id": "BS-kP11-22-29-bs2516",
    "kind": "bus_stop",
    "name": "天の川温泉",
    "datum": "WGS84",
    "mountainIds": "719",
    "mountainNames": "大峰山",
    "lists": "日本百名山|日本二百名山|日本三百名山|関西百名山",
    "routes": "",
    "entryType": "",
    "trailKmToSummit": "",
    "related": "TH-n6643037685(147m)",
    "attributes": "operator=奈良交通（株）; busType=民間路線バス; busRoutes=7　下市口駅ー中庵住",
    "status": "adopted",
    "accuracyM": 10,
    "needsReview": "運行状況（季節運行・休止・予約制）を要確認",
    "sources": "国土数値情報（バス停留所データ）令和4年度（国土交通省）P11-22-29-bs2516（34.221802, 135.840780、JGD2011）を加工して作成 ｜ OpenStreetMap（© OpenStreetMap contributors, ODbL 1.0）Geofabrik japan-latest.osm.pbf 2026-09-23T20:22:04Z node/1412900329",
    "verifiedAt": ""
   }
  },
  {
   "type": "Feature",
   "geometry": {
    "type": "Point",
    "coordinates": [
     135.8401776,
     34.2211166
    ]
   },
   "properties": {
    "id": "BS-kP11-22-29-bs2517",
    "kind": "bus_stop",
    "name": "坪内",
    "datum": "WGS84",
    "mountainIds": "719",
    "mountainNames": "大峰山",
    "lists": "日本百名山|日本二百名山|日本三百名山|関西百名山",
    "routes": "",
    "entryType": "",
    "trailKmToSummit": "",
    "related": "TH-n6643037685(67m) TH-n6643037685(67m)",
    "attributes": "operator=奈良交通（株）; busType=民間路線バス; busRoutes=7　下市口駅ー中庵住",
    "status": "adopted",
    "accuracyM": 10,
    "needsReview": "運行状況（季節運行・休止・予約制）を要確認",
    "sources": "国土数値情報（バス停留所データ）令和4年度（国土交通省）P11-22-29-bs2517（34.221117, 135.840178、JGD2011）を加工して作成 ｜ OpenStreetMap（© OpenStreetMap contributors, ODbL 1.0）Geofabrik japan-latest.osm.pbf 2026-09-23T20:22:04Z node/1412900187",
    "verifiedAt": ""
   }
  },
  {
   "type": "Feature",
   "geometry": {
    "type": "Point",
    "coordinates": [
     135.9981131,
     34.20376
    ]
   },
   "properties": {
    "id": "BS-kP11-22-29-bs2533",
    "kind": "bus_stop",
    "name": "高田和",
    "datum": "WGS84",
    "mountainIds": "700 705 710 714 719",
    "mountainNames": "山上ヶ岳、稲村ヶ岳、大普賢岳、行者還岳、大峰山",
    "lists": "日本三百名山|関西百名山|日本百名山|日本二百名山",
    "routes": "",
    "entryType": "",
    "trailKmToSummit": "",
    "related": "TH-kP11-22-29-bs2533(0m)",
    "attributes": "operator=南部地域公共交通活性化協議会; busType=民間路線バス; busRoutes=南部地域連携コミュニティバス（R169ゆうゆうバス）",
    "status": "adopted",
    "accuracyM": 10,
    "needsReview": "運行状況（季節運行・休止・予約制）を要確認",
    "sources": "国土数値情報（バス停留所データ）令和4年度（国土交通省）P11-22-29-bs2533（34.203760, 135.998113、JGD2011）を加工して作成",
    "verifiedAt": ""
   }
  },
  {
   "type": "Feature",
   "geometry": {
    "type": "Point",
    "coordinates": [
     135.9935883,
     34.1905992
    ]
   },
   "properties": {
    "id": "BS-kP11-22-29-bs2544",
    "kind": "bus_stop",
    "name": "天が瀬",
    "datum": "WGS84",
    "mountainIds": "700 705 710 714",
    "mountainNames": "山上ヶ岳、稲村ヶ岳、大普賢岳、行者還岳",
    "lists": "日本三百名山|関西百名山",
    "routes": "",
    "entryType": "",
    "trailKmToSummit": "",
    "related": "TH-n1406006804(270m)",
    "attributes": "operator=南部地域公共交通活性化協議会; busType=民間路線バス; busRoutes=南部地域連携コミュニティバス（R169ゆうゆうバス）",
    "status": "adopted",
    "accuracyM": 10,
    "needsReview": "運行状況（季節運行・休止・予約制）を要確認",
    "sources": "国土数値情報（バス停留所データ）令和4年度（国土交通省）P11-22-29-bs2544（34.190599, 135.993588、JGD2011）を加工して作成",
    "verifiedAt": ""
   }
  },
  {
   "type": "Feature",
   "geometry": {
    "type": "Point",
    "coordinates": [
     135.8117795,
     34.0530457
    ]
   },
   "properties": {
    "id": "BS-kP11-22-29-bs2636",
    "kind": "bus_stop",
    "name": "奥里",
    "datum": "WGS84",
    "mountainIds": "722",
    "mountainNames": "釈迦ヶ岳",
    "lists": "日本二百名山|日本三百名山|関西百名山",
    "routes": "",
    "entryType": "",
    "trailKmToSummit": "",
    "related": "TH-n1405537126(108m)",
    "attributes": "operator=十津川村; busType=コミュニティバス; busRoutes=本線 / 上湯川線",
    "status": "adopted",
    "accuracyM": 10,
    "needsReview": "運行状況（季節運行・休止・予約制）を要確認",
    "sources": "国土数値情報（バス停留所データ）令和4年度（国土交通省）P11-22-29-bs2636（34.053046, 135.811780、JGD2011）を加工して作成",
    "verifiedAt": ""
   }
  },
  {
   "type": "Feature",
   "geometry": {
    "type": "Point",
    "coordinates": [
     135.6932158,
     34.0372543
    ]
   },
   "properties": {
    "id": "BS-kP11-22-29-bs2657",
    "kind": "bus_stop",
    "name": "三田谷",
    "datum": "WGS84",
    "mountainIds": "727",
    "mountainNames": "伯母子岳",
    "lists": "日本二百名山|日本三百名山|関西百名山",
    "routes": "",
    "entryType": "",
    "trailKmToSummit": "",
    "related": "TH-n1405525976(103m)",
    "attributes": "operator=十津川村; busType=コミュニティバス; busRoutes=神納川線",
    "status": "adopted",
    "accuracyM": 10,
    "needsReview": "運行状況（季節運行・休止・予約制）を要確認",
    "sources": "国土数値情報（バス停留所データ）令和4年度（国土交通省）P11-22-29-bs2657（34.037254, 135.693216、JGD2011）を加工して作成",
    "verifiedAt": ""
   }
  },
  {
   "type": "Feature",
   "geometry": {
    "type": "Point",
    "coordinates": [
     135.696928,
     34.0360337
    ]
   },
   "properties": {
    "id": "BS-kP11-22-29-bs2658",
    "kind": "bus_stop",
    "name": "五百瀬",
    "datum": "WGS84",
    "mountainIds": "727",
    "mountainNames": "伯母子岳",
    "lists": "日本二百名山|日本三百名山|関西百名山",
    "routes": "",
    "entryType": "",
    "trailKmToSummit": "",
    "related": "TH-n1405525976(456m)",
    "attributes": "operator=十津川村; busType=コミュニティバス; busRoutes=神納川線",
    "status": "adopted",
    "accuracyM": 10,
    "needsReview": "運行状況（季節運行・休止・予約制）を要確認",
    "sources": "国土数値情報（バス停留所データ）令和4年度（国土交通省）P11-22-29-bs2658（34.036034, 135.696928、JGD2011）を加工して作成",
    "verifiedAt": ""
   }
  },
  {
   "type": "Feature",
   "geometry": {
    "type": "Point",
    "coordinates": [
     135.6903913,
     34.0357794
    ]
   },
   "properties": {
    "id": "BS-kP11-22-29-bs2659",
    "kind": "bus_stop",
    "name": "高岡",
    "datum": "WGS84",
    "mountainIds": "727",
    "mountainNames": "伯母子岳",
    "lists": "日本二百名山|日本三百名山|関西百名山",
    "routes": "",
    "entryType": "",
    "trailKmToSummit": "",
    "related": "TH-n1405525976(212m)",
    "attributes": "operator=十津川村; busType=コミュニティバス; busRoutes=神納川線",
    "status": "adopted",
    "accuracyM": 10,
    "needsReview": "運行状況（季節運行・休止・予約制）を要確認",
    "sources": "国土数値情報（バス停留所データ）令和4年度（国土交通省）P11-22-29-bs2659（34.035779, 135.690391、JGD2011）を加工して作成",
    "verifiedAt": ""
   }
  },
  {
   "type": "Feature",
   "geometry": {
    "type": "Point",
    "coordinates": [
     135.8495801,
     33.9638688
    ]
   },
   "properties": {
    "id": "BS-kP11-22-29-bs2760",
    "kind": "bus_stop",
    "name": "森林植物公園",
    "datum": "WGS84",
    "mountainIds": "735",
    "mountainNames": "笠捨山",
    "lists": "関西百名山",
    "routes": "",
    "entryType": "",
    "trailKmToSummit": "",
    "related": "TH-n1405463611(685m)",
    "attributes": "operator=十津川村; busType=コミュニティバス; busRoutes=瀞八丁線",
    "status": "adopted",
    "accuracyM": 10,
    "needsReview": "運行状況（季節運行・休止・予約制）を要確認、登山口から離れている（徒歩アプローチを要確認）",
    "sources": "国土数値情報（バス停留所データ）令和4年度（国土交通省）P11-22-29-bs2760（33.963869, 135.849580、JGD2011）を加工して作成",
    "verifiedAt": ""
   }
  },
  {
   "type": "Feature",
   "geometry": {
    "type": "Point",
    "coordinates": [
     135.8588082,
     33.962656
    ]
   },
   "properties": {
    "id": "BS-kP11-22-29-bs2761",
    "kind": "bus_stop",
    "name": "玉置山登山口",
    "datum": "WGS84",
    "mountainIds": "735",
    "mountainNames": "笠捨山",
    "lists": "関西百名山",
    "routes": "",
    "entryType": "",
    "trailKmToSummit": "",
    "related": "TH-n1405463611(489m) TH-n1405459503(641m) TH-n1405459324(296m)",
    "attributes": "operator=十津川村; busType=コミュニティバス; busRoutes=瀞八丁線",
    "status": "adopted",
    "accuracyM": 10,
    "needsReview": "運行状況（季節運行・休止・予約制）を要確認、登山口から離れている（徒歩アプローチを要確認）",
    "sources": "国土数値情報（バス停留所データ）令和4年度（国土交通省）P11-22-29-bs2761（33.962656, 135.858808、JGD2011）を加工して作成",
    "verifiedAt": ""
   }
  },
  {
   "type": "Feature",
   "geometry": {
    "type": "Point",
    "coordinates": [
     135.8630775,
     33.9623783
    ]
   },
   "properties": {
    "id": "BS-kP11-22-29-bs2763",
    "kind": "bus_stop",
    "name": "上葛川口",
    "datum": "WGS84",
    "mountainIds": "735",
    "mountainNames": "笠捨山",
    "lists": "関西百名山",
    "routes": "",
    "entryType": "",
    "trailKmToSummit": "",
    "related": "TH-n1405463611(779m) TH-n1405459503(257m) TH-n1405459324(107m)",
    "attributes": "operator=十津川村; busType=コミュニティバス; busRoutes=瀞八丁線",
    "status": "adopted",
    "accuracyM": 10,
    "needsReview": "運行状況（季節運行・休止・予約制）を要確認、登山口から離れている（徒歩アプローチを要確認）",
    "sources": "国土数値情報（バス停留所データ）令和4年度（国土交通省）P11-22-29-bs2763（33.962378, 135.863077、JGD2011）を加工して作成",
    "verifiedAt": ""
   }
  },
  {
   "type": "Feature",
   "geometry": {
    "type": "Point",
    "coordinates": [
     135.8721693,
     33.9623603
    ]
   },
   "properties": {
    "id": "BS-kP11-22-29-bs2764",
    "kind": "bus_stop",
    "name": "上葛川",
    "datum": "WGS84",
    "mountainIds": "735",
    "mountainNames": "笠捨山",
    "lists": "関西百名山",
    "routes": "",
    "entryType": "",
    "trailKmToSummit": "",
    "related": "TH-n1405459771(247m) TH-n1405459503(600m)",
    "attributes": "operator=十津川村; busType=コミュニティバス; busRoutes=瀞八丁線",
    "status": "adopted",
    "accuracyM": 10,
    "needsReview": "運行状況（季節運行・休止・予約制）を要確認",
    "sources": "国土数値情報（バス停留所データ）令和4年度（国土交通省）P11-22-29-bs2764（33.962360, 135.872169、JGD2011）を加工して作成",
    "verifiedAt": ""
   }
  },
  {
   "type": "Feature",
   "geometry": {
    "type": "Point",
    "coordinates": [
     135.8587315,
     33.9577397
    ]
   },
   "properties": {
    "id": "BS-kP11-22-29-bs2770",
    "kind": "bus_stop",
    "name": "東中上",
    "datum": "WGS84",
    "mountainIds": "735",
    "mountainNames": "笠捨山",
    "lists": "関西百名山",
    "routes": "",
    "entryType": "",
    "trailKmToSummit": "",
    "related": "TH-n1405459324(631m)",
    "attributes": "operator=十津川村; busType=コミュニティバス; busRoutes=瀞八丁線",
    "status": "adopted",
    "accuracyM": 10,
    "needsReview": "運行状況（季節運行・休止・予約制）を要確認、登山口から離れている（徒歩アプローチを要確認）",
    "sources": "国土数値情報（バス停留所データ）令和4年度（国土交通省）P11-22-29-bs2770（33.957740, 135.858732、JGD2011）を加工して作成",
    "verifiedAt": ""
   }
  },
  {
   "type": "Feature",
   "geometry": {
    "type": "Point",
    "coordinates": [
     135.6527796,
     33.9320552
    ]
   },
   "properties": {
    "id": "BS-kP11-22-29-bs2837",
    "kind": "bus_stop",
    "name": "垣内地",
    "datum": "WGS84",
    "mountainIds": "759",
    "mountainNames": "冷水山",
    "lists": "関西百名山",
    "routes": "",
    "entryType": "",
    "trailKmToSummit": "",
    "related": "TH-kP11-22-29-bs2841(423m)",
    "attributes": "operator=十津川村; busType=コミュニティバス; busRoutes=内原線",
    "status": "adopted",
    "accuracyM": 10,
    "needsReview": "運行状況（季節運行・休止・予約制）を要確認",
    "sources": "国土数値情報（バス停留所データ）令和4年度（国土交通省）P11-22-29-bs2837（33.932055, 135.652780、JGD2011）を加工して作成",
    "verifiedAt": ""
   }
  },
  {
   "type": "Feature",
   "geometry": {
    "type": "Point",
    "coordinates": [
     135.6548027,
     33.9319445
    ]
   },
   "properties": {
    "id": "BS-kP11-22-29-bs2840",
    "kind": "bus_stop",
    "name": "仲谷口",
    "datum": "WGS84",
    "mountainIds": "759",
    "mountainNames": "冷水山",
    "lists": "関西百名山",
    "routes": "",
    "entryType": "",
    "trailKmToSummit": "",
    "related": "TH-kP11-22-29-bs2841(236m)",
    "attributes": "operator=十津川村; busType=コミュニティバス; busRoutes=内原線",
    "status": "adopted",
    "accuracyM": 10,
    "needsReview": "運行状況（季節運行・休止・予約制）を要確認",
    "sources": "国土数値情報（バス停留所データ）令和4年度（国土交通省）P11-22-29-bs2840（33.931944, 135.654803、JGD2011）を加工して作成",
    "verifiedAt": ""
   }
  },
  {
   "type": "Feature",
   "geometry": {
    "type": "Point",
    "coordinates": [
     135.6573535,
     33.9319339
    ]
   },
   "properties": {
    "id": "BS-kP11-22-29-bs2841",
    "kind": "bus_stop",
    "name": "竹谷",
    "datum": "WGS84",
    "mountainIds": "759",
    "mountainNames": "冷水山",
    "lists": "関西百名山",
    "routes": "",
    "entryType": "",
    "trailKmToSummit": "",
    "related": "TH-kP11-22-29-bs2841(0m)",
    "attributes": "operator=十津川村; busType=コミュニティバス; busRoutes=内原線",
    "status": "adopted",
    "accuracyM": 10,
    "needsReview": "運行状況（季節運行・休止・予約制）を要確認",
    "sources": "国土数値情報（バス停留所データ）令和4年度（国土交通省）P11-22-29-bs2841（33.931934, 135.657353、JGD2011）を加工して作成",
    "verifiedAt": ""
   }
  },
  {
   "type": "Feature",
   "geometry": {
    "type": "Point",
    "coordinates": [
     135.6983201,
     33.9315283
    ]
   },
   "properties": {
    "id": "BS-kP11-22-29-bs2843",
    "kind": "bus_stop",
    "name": "追野谷",
    "datum": "WGS84",
    "mountainIds": "759",
    "mountainNames": "冷水山",
    "lists": "関西百名山",
    "routes": "",
    "entryType": "",
    "trailKmToSummit": "",
    "related": "TH-n1405422538(423m)",
    "attributes": "operator=十津川村; busType=コミュニティバス; busRoutes=内原線",
    "status": "adopted",
    "accuracyM": 10,
    "needsReview": "運行状況（季節運行・休止・予約制）を要確認",
    "sources": "国土数値情報（バス停留所データ）令和4年度（国土交通省）P11-22-29-bs2843（33.931528, 135.698320、JGD2011）を加工して作成",
    "verifiedAt": ""
   }
  },
  {
   "type": "Feature",
   "geometry": {
    "type": "Point",
    "coordinates": [
     135.7584121,
     33.9307425
    ]
   },
   "properties": {
    "id": "BS-kP11-22-29-bs2848",
    "kind": "bus_stop",
    "name": "世界遺産石碑前",
    "datum": "WGS84",
    "mountainIds": "759",
    "mountainNames": "冷水山",
    "lists": "関西百名山",
    "routes": "",
    "entryType": "",
    "trailKmToSummit": "",
    "related": "TH-n5702262721(269m)",
    "attributes": "operator=十津川村; busType=コミュニティバス; busRoutes=果無線",
    "status": "adopted",
    "accuracyM": 10,
    "needsReview": "運行状況（季節運行・休止・予約制）を要確認",
    "sources": "国土数値情報（バス停留所データ）令和4年度（国土交通省）P11-22-29-bs2848（33.930742, 135.758412、JGD2011）を加工して作成 ｜ OpenStreetMap（© OpenStreetMap contributors, ODbL 1.0）Geofabrik japan-latest.osm.pbf 2026-09-23T20:22:04Z node/5705929361",
    "verifiedAt": ""
   }
  },
  {
   "type": "Feature",
   "geometry": {
    "type": "Point",
    "coordinates": [
     135.6778378,
     33.9306695
    ]
   },
   "properties": {
    "id": "BS-kP11-22-29-bs2849",
    "kind": "bus_stop",
    "name": "入谷口",
    "datum": "WGS84",
    "mountainIds": "759",
    "mountainNames": "冷水山",
    "lists": "関西百名山",
    "routes": "",
    "entryType": "",
    "trailKmToSummit": "",
    "related": "TH-kP11-22-29-bs2849(0m)",
    "attributes": "operator=十津川村; busType=コミュニティバス; busRoutes=内原線",
    "status": "adopted",
    "accuracyM": 10,
    "needsReview": "運行状況（季節運行・休止・予約制）を要確認",
    "sources": "国土数値情報（バス停留所データ）令和4年度（国土交通省）P11-22-29-bs2849（33.930670, 135.677838、JGD2011）を加工して作成",
    "verifiedAt": ""
   }
  },
  {
   "type": "Feature",
   "geometry": {
    "type": "Point",
    "coordinates": [
     135.6751972,
     33.9304993
    ]
   },
   "properties": {
    "id": "BS-kP11-22-29-bs2851",
    "kind": "bus_stop",
    "name": "市原口",
    "datum": "WGS84",
    "mountainIds": "759",
    "mountainNames": "冷水山",
    "lists": "関西百名山",
    "routes": "",
    "entryType": "",
    "trailKmToSummit": "",
    "related": "TH-kP11-22-29-bs2849(245m)",
    "attributes": "operator=十津川村; busType=コミュニティバス; busRoutes=内原線",
    "status": "adopted",
    "accuracyM": 10,
    "needsReview": "運行状況（季節運行・休止・予約制）を要確認",
    "sources": "国土数値情報（バス停留所データ）令和4年度（国土交通省）P11-22-29-bs2851（33.930499, 135.675197、JGD2011）を加工して作成",
    "verifiedAt": ""
   }
  },
  {
   "type": "Feature",
   "geometry": {
    "type": "Point",
    "coordinates": [
     135.6690386,
     33.9301204
    ]
   },
   "properties": {
    "id": "BS-kP11-22-29-bs2852",
    "kind": "bus_stop",
    "name": "大槍曽",
    "datum": "WGS84",
    "mountainIds": "759",
    "mountainNames": "冷水山",
    "lists": "関西百名山",
    "routes": "",
    "entryType": "",
    "trailKmToSummit": "",
    "related": "TH-kP11-22-29-bs2849(815m)",
    "attributes": "operator=十津川村; busType=コミュニティバス; busRoutes=内原線",
    "status": "adopted",
    "accuracyM": 10,
    "needsReview": "運行状況（季節運行・休止・予約制）を要確認、登山口から離れている（徒歩アプローチを要確認）",
    "sources": "国土数値情報（バス停留所データ）令和4年度（国土交通省）P11-22-29-bs2852（33.930120, 135.669039、JGD2011）を加工して作成",
    "verifiedAt": ""
   }
  },
  {
   "type": "Feature",
   "geometry": {
    "type": "Point",
    "coordinates": [
     135.7578989,
     33.9289102
    ]
   },
   "properties": {
    "id": "BS-kP11-22-29-bs2854",
    "kind": "bus_stop",
    "name": "中果無",
    "datum": "WGS84",
    "mountainIds": "759",
    "mountainNames": "冷水山",
    "lists": "関西百名山",
    "routes": "",
    "entryType": "",
    "trailKmToSummit": "",
    "related": "TH-n5702262721(142m)",
    "attributes": "operator=十津川村; busType=コミュニティバス; busRoutes=果無線",
    "status": "adopted",
    "accuracyM": 10,
    "needsReview": "運行状況（季節運行・休止・予約制）を要確認",
    "sources": "国土数値情報（バス停留所データ）令和4年度（国土交通省）P11-22-29-bs2854（33.928910, 135.757899、JGD2011）を加工して作成",
    "verifiedAt": ""
   }
  },
  {
   "type": "Feature",
   "geometry": {
    "type": "Point",
    "coordinates": [
     135.7594823,
     33.9285225
    ]
   },
   "properties": {
    "id": "BS-kP11-22-29-bs2855",
    "kind": "bus_stop",
    "name": "小辺路",
    "datum": "WGS84",
    "mountainIds": "759",
    "mountainNames": "冷水山",
    "lists": "関西百名山",
    "routes": "",
    "entryType": "",
    "trailKmToSummit": "",
    "related": "TH-n5702262721(18m)",
    "attributes": "operator=十津川村; busType=コミュニティバス; busRoutes=果無線",
    "status": "adopted",
    "accuracyM": 10,
    "needsReview": "運行状況（季節運行・休止・予約制）を要確認",
    "sources": "国土数値情報（バス停留所データ）令和4年度（国土交通省）P11-22-29-bs2855（33.928522, 135.759482、JGD2011）を加工して作成",
    "verifiedAt": ""
   }
  },
  {
   "type": "Feature",
   "geometry": {
    "type": "Point",
    "coordinates": [
     135.6916868,
     33.9282859
    ]
   },
   "properties": {
    "id": "BS-kP11-22-29-bs2856",
    "kind": "bus_stop",
    "name": "本小壁",
    "datum": "WGS84",
    "mountainIds": "759",
    "mountainNames": "冷水山",
    "lists": "関西百名山",
    "routes": "",
    "entryType": "",
    "trailKmToSummit": "",
    "related": "TH-n1405422538(428m)",
    "attributes": "operator=十津川村; busType=コミュニティバス; busRoutes=内原線",
    "status": "adopted",
    "accuracyM": 10,
    "needsReview": "運行状況（季節運行・休止・予約制）を要確認",
    "sources": "国土数値情報（バス停留所データ）令和4年度（国土交通省）P11-22-29-bs2856（33.928286, 135.691687、JGD2011）を加工して作成",
    "verifiedAt": ""
   }
  },
  {
   "type": "Feature",
   "geometry": {
    "type": "Point",
    "coordinates": [
     135.69629,
     33.9281107
    ]
   },
   "properties": {
    "id": "BS-kP11-22-29-bs2857",
    "kind": "bus_stop",
    "name": "小壁",
    "datum": "WGS84",
    "mountainIds": "759",
    "mountainNames": "冷水山",
    "lists": "関西百名山",
    "routes": "",
    "entryType": "",
    "trailKmToSummit": "",
    "related": "TH-n1405422538(4m)",
    "attributes": "operator=十津川村; busType=コミュニティバス; busRoutes=内原線",
    "status": "adopted",
    "accuracyM": 10,
    "needsReview": "運行状況（季節運行・休止・予約制）を要確認",
    "sources": "国土数値情報（バス停留所データ）令和4年度（国土交通省）P11-22-29-bs2857（33.928111, 135.696290、JGD2011）を加工して作成",
    "verifiedAt": ""
   }
  },
  {
   "type": "Feature",
   "geometry": {
    "type": "Point",
    "coordinates": [
     135.8618612,
     33.9088744
    ]
   },
   "properties": {
    "id": "BS-kP11-22-29-bs2872",
    "kind": "bus_stop",
    "name": "北又",
    "datum": "WGS84",
    "mountainIds": "748",
    "mountainNames": "玉置山",
    "lists": "関西百名山",
    "routes": "",
    "entryType": "",
    "trailKmToSummit": "",
    "related": "TH-n1405413506(941m)",
    "attributes": "operator=十津川村; busType=コミュニティバス; busRoutes=瀞八丁線",
    "status": "adopted",
    "accuracyM": 10,
    "needsReview": "運行状況（季節運行・休止・予約制）を要確認、登山口から離れている（徒歩アプローチを要確認）",
    "sources": "国土数値情報（バス停留所データ）令和4年度（国土交通省）P11-22-29-bs2872（33.908874, 135.861861、JGD2011）を加工して作成",
    "verifiedAt": ""
   }
  },
  {
   "type": "Feature",
   "geometry": {
    "type": "Point",
    "coordinates": [
     135.8537034,
     33.906807
    ]
   },
   "properties": {
    "id": "BS-kP11-22-29-bs2873",
    "kind": "bus_stop",
    "name": "玉置川下",
    "datum": "WGS84",
    "mountainIds": "748",
    "mountainNames": "玉置山",
    "lists": "関西百名山",
    "routes": "",
    "entryType": "",
    "trailKmToSummit": "",
    "related": "TH-n1405413506(198m)",
    "attributes": "operator=十津川村; busType=コミュニティバス; busRoutes=瀞八丁線",
    "status": "adopted",
    "accuracyM": 10,
    "needsReview": "運行状況（季節運行・休止・予約制）を要確認",
    "sources": "国土数値情報（バス停留所データ）令和4年度（国土交通省）P11-22-29-bs2873（33.906807, 135.853703、JGD2011）を加工して作成",
    "verifiedAt": ""
   }
  },
  {
   "type": "Feature",
   "geometry": {
    "type": "Point",
    "coordinates": [
     135.8499385,
     33.9056946
    ]
   },
   "properties": {
    "id": "BS-kP11-22-29-bs2874",
    "kind": "bus_stop",
    "name": "玉置川",
    "datum": "WGS84",
    "mountainIds": "748",
    "mountainNames": "玉置山",
    "lists": "関西百名山",
    "routes": "",
    "entryType": "",
    "trailKmToSummit": "",
    "related": "TH-n1405413506(273m)",
    "attributes": "operator=十津川村; busType=コミュニティバス; busRoutes=瀞八丁線",
    "status": "adopted",
    "accuracyM": 10,
    "needsReview": "運行状況（季節運行・休止・予約制）を要確認",
    "sources": "国土数値情報（バス停留所データ）令和4年度（国土交通省）P11-22-29-bs2874（33.905695, 135.849939、JGD2011）を加工して作成",
    "verifiedAt": ""
   }
  },
  {
   "type": "Feature",
   "geometry": {
    "type": "Point",
    "coordinates": [
     135.7585619,
     33.8895832
    ]
   },
   "properties": {
    "id": "BS-kP11-22-29-bs2877",
    "kind": "bus_stop",
    "name": "七色",
    "datum": "WGS84",
    "mountainIds": "759 762",
    "mountainNames": "冷水山、五大尊岳",
    "lists": "関西百名山",
    "routes": "",
    "entryType": "",
    "trailKmToSummit": "",
    "related": "TH-n2266989683(178m)",
    "attributes": "operator=奈良交通（株）; busType=民間路線バス; busRoutes=301　大和八木駅ー新宮駅 / 302　新宮駅ー大和八木駅",
    "status": "adopted",
    "accuracyM": 10,
    "needsReview": "運行状況（季節運行・休止・予約制）を要確認",
    "sources": "国土数値情報（バス停留所データ）令和4年度（国土交通省）P11-22-29-bs2877（33.889583, 135.758562、JGD2011）を加工して作成",
    "verifiedAt": ""
   }
  },
  {
   "type": "Feature",
   "geometry": {
    "type": "Point",
    "coordinates": [
     135.7585619,
     33.8895832
    ]
   },
   "properties": {
    "id": "BS-kP11-22-29-bs2878",
    "kind": "bus_stop",
    "name": "七色",
    "datum": "WGS84",
    "mountainIds": "759 762",
    "mountainNames": "冷水山、五大尊岳",
    "lists": "関西百名山",
    "routes": "",
    "entryType": "",
    "trailKmToSummit": "",
    "related": "TH-n2266989683(178m)",
    "attributes": "operator=十津川村; busType=コミュニティバス; busRoutes=二津野線 / 七色・本宮線",
    "status": "adopted",
    "accuracyM": 10,
    "needsReview": "運行状況（季節運行・休止・予約制）を要確認",
    "sources": "国土数値情報（バス停留所データ）令和4年度（国土交通省）P11-22-29-bs2878（33.889583, 135.758562、JGD2011）を加工して作成",
    "verifiedAt": ""
   }
  },
  {
   "type": "Feature",
   "geometry": {
    "type": "Point",
    "coordinates": [
     135.6897516,
     34.6880354
    ]
   },
   "properties": {
    "id": "BS-kP11-22-29-bs372",
    "kind": "bus_stop",
    "name": "市民体育館",
    "datum": "WGS84",
    "mountainIds": "635",
    "mountainNames": "生駒山",
    "lists": "関西百名山",
    "routes": "",
    "entryType": "",
    "trailKmToSummit": "",
    "related": "TH-n1870789653(467m)",
    "attributes": "operator=生駒市; busType=コミュニティバス; busRoutes=たけまる号（門前線）",
    "status": "adopted",
    "accuracyM": 10,
    "needsReview": "運行状況（季節運行・休止・予約制）を要確認",
    "sources": "国土数値情報（バス停留所データ）令和4年度（国土交通省）P11-22-29-bs372（34.688035, 135.689752、JGD2011）を加工して作成",
    "verifiedAt": ""
   }
  },
  {
   "type": "Feature",
   "geometry": {
    "type": "Point",
    "coordinates": [
     135.6890518,
     34.6869308
    ]
   },
   "properties": {
    "id": "BS-kP11-22-29-bs379",
    "kind": "bus_stop",
    "name": "梅寿荘",
    "datum": "WGS84",
    "mountainIds": "635",
    "mountainNames": "生駒山",
    "lists": "関西百名山",
    "routes": "",
    "entryType": "",
    "trailKmToSummit": "",
    "related": "TH-w30432381(344m) TH-n1870789653(388m) TH-n10285434199(997m)",
    "attributes": "operator=生駒市; busType=コミュニティバス; busRoutes=たけまる号（門前線）",
    "status": "adopted",
    "accuracyM": 10,
    "needsReview": "運行状況（季節運行・休止・予約制）を要確認、登山口から離れている（徒歩アプローチを要確認）",
    "sources": "国土数値情報（バス停留所データ）令和4年度（国土交通省）P11-22-29-bs379（34.686931, 135.689052、JGD2011）を加工して作成",
    "verifiedAt": ""
   }
  },
  {
   "type": "Feature",
   "geometry": {
    "type": "Point",
    "coordinates": [
     135.6886833,
     34.6855907
    ]
   },
   "properties": {
    "id": "BS-kP11-22-29-bs393",
    "kind": "bus_stop",
    "name": "門前駐在所",
    "datum": "WGS84",
    "mountainIds": "635",
    "mountainNames": "生駒山",
    "lists": "関西百名山",
    "routes": "",
    "entryType": "",
    "trailKmToSummit": "",
    "related": "TH-w30432381(193m) TH-n1870789653(387m) TH-n10285434199(900m)",
    "attributes": "operator=生駒市; busType=コミュニティバス; busRoutes=たけまる号（門前線）",
    "status": "adopted",
    "accuracyM": 10,
    "needsReview": "運行状況（季節運行・休止・予約制）を要確認、登山口から離れている（徒歩アプローチを要確認）",
    "sources": "国土数値情報（バス停留所データ）令和4年度（国土交通省）P11-22-29-bs393（34.685591, 135.688683、JGD2011）を加工して作成",
    "verifiedAt": ""
   }
  },
  {
   "type": "Feature",
   "geometry": {
    "type": "Point",
    "coordinates": [
     135.6918305,
     34.6846924
    ]
   },
   "properties": {
    "id": "BS-kP11-22-29-bs401",
    "kind": "bus_stop",
    "name": "門前町児童公園入口",
    "datum": "WGS84",
    "mountainIds": "635",
    "mountainNames": "生駒山",
    "lists": "関西百名山",
    "routes": "",
    "entryType": "",
    "trailKmToSummit": "",
    "related": "TH-kP11-22-29-bs447(325m)",
    "attributes": "operator=生駒市; busType=コミュニティバス; busRoutes=たけまる号（門前線）",
    "status": "adopted",
    "accuracyM": 10,
    "needsReview": "運行状況（季節運行・休止・予約制）を要確認",
    "sources": "国土数値情報（バス停留所データ）令和4年度（国土交通省）P11-22-29-bs401（34.684692, 135.691831、JGD2011）を加工して作成",
    "verifiedAt": ""
   }
  },
  {
   "type": "Feature",
   "geometry": {
    "type": "Point",
    "coordinates": [
     135.6894369,
     34.6828818
    ]
   },
   "properties": {
    "id": "BS-kP11-22-29-bs432",
    "kind": "bus_stop",
    "name": "清風寺",
    "datum": "WGS84",
    "mountainIds": "635",
    "mountainNames": "生駒山",
    "lists": "関西百名山",
    "routes": "",
    "entryType": "",
    "trailKmToSummit": "",
    "related": "TH-w30432381(192m) TH-w30432374(913m) TH-kP11-22-29-bs447(202m) TH-n10285434199(896m) TH-n7597052148(515m)",
    "attributes": "operator=生駒市; busType=コミュニティバス; busRoutes=たけまる号（門前線）",
    "status": "adopted",
    "accuracyM": 10,
    "needsReview": "運行状況（季節運行・休止・予約制）を要確認、登山口から離れている（徒歩アプローチを要確認）",
    "sources": "国土数値情報（バス停留所データ）令和4年度（国土交通省）P11-22-29-bs432（34.682882, 135.689437、JGD2011）を加工して作成",
    "verifiedAt": ""
   }
  },
  {
   "type": "Feature",
   "geometry": {
    "type": "Point",
    "coordinates": [
     135.6912071,
     34.6817947
    ]
   },
   "properties": {
    "id": "BS-kP11-22-29-bs447",
    "kind": "bus_stop",
    "name": "門前町南",
    "datum": "WGS84",
    "mountainIds": "635",
    "mountainNames": "生駒山",
    "lists": "関西百名山",
    "routes": "",
    "entryType": "",
    "trailKmToSummit": "",
    "related": "TH-kP11-22-29-bs447(0m) TH-n7597052148(471m)",
    "attributes": "operator=生駒市; busType=コミュニティバス; busRoutes=たけまる号（門前線）",
    "status": "adopted",
    "accuracyM": 10,
    "needsReview": "運行状況（季節運行・休止・予約制）を要確認",
    "sources": "国土数値情報（バス停留所データ）令和4年度（国土交通省）P11-22-29-bs447（34.681795, 135.691207、JGD2011）を加工して作成",
    "verifiedAt": ""
   }
  },
  {
   "type": "Feature",
   "geometry": {
    "type": "Point",
    "coordinates": [
     135.6899,
     34.6728702
    ]
   },
   "properties": {
    "id": "BS-kP11-22-29-bs531",
    "kind": "bus_stop",
    "name": "小倉寺町集会所",
    "datum": "WGS84",
    "mountainIds": "635",
    "mountainNames": "生駒山",
    "lists": "関西百名山",
    "routes": "",
    "entryType": "",
    "trailKmToSummit": "",
    "related": "TH-kP11-22-29-bs539(313m) TH-n7597052148(624m)",
    "attributes": "operator=生駒市; busType=コミュニティバス; busRoutes=たけまる号（西畑線）",
    "status": "adopted",
    "accuracyM": 10,
    "needsReview": "運行状況（季節運行・休止・予約制）を要確認、登山口から離れている（徒歩アプローチを要確認）",
    "sources": "国土数値情報（バス停留所データ）令和4年度（国土交通省）P11-22-29-bs531（34.672870, 135.689900、JGD2011）を加工して作成",
    "verifiedAt": ""
   }
  },
  {
   "type": "Feature",
   "geometry": {
    "type": "Point",
    "coordinates": [
     135.6872642,
     34.6710737
    ]
   },
   "properties": {
    "id": "BS-kP11-22-29-bs539",
    "kind": "bus_stop",
    "name": "鬼取町",
    "datum": "WGS84",
    "mountainIds": "635",
    "mountainNames": "生駒山",
    "lists": "関西百名山",
    "routes": "",
    "entryType": "",
    "trailKmToSummit": "",
    "related": "TH-kP11-22-29-bs539(0m)",
    "attributes": "operator=生駒市; busType=コミュニティバス; busRoutes=たけまる号（西畑線）",
    "status": "adopted",
    "accuracyM": 10,
    "needsReview": "運行状況（季節運行・休止・予約制）を要確認",
    "sources": "国土数値情報（バス停留所データ）令和4年度（国土交通省）P11-22-29-bs539（34.671074, 135.687264、JGD2011）を加工して作成",
    "verifiedAt": ""
   }
  },
  {
   "type": "Feature",
   "geometry": {
    "type": "Point",
    "coordinates": [
     135.6910022,
     34.6691941
    ]
   },
   "properties": {
    "id": "BS-kP11-22-29-bs561",
    "kind": "bus_stop",
    "name": "大福寺",
    "datum": "WGS84",
    "mountainIds": "635",
    "mountainNames": "生駒山",
    "lists": "関西百名山",
    "routes": "",
    "entryType": "",
    "trailKmToSummit": "",
    "related": "TH-kP11-22-29-bs539(400m)",
    "attributes": "operator=生駒市; busType=コミュニティバス; busRoutes=たけまる号（西畑線）",
    "status": "adopted",
    "accuracyM": 10,
    "needsReview": "運行状況（季節運行・休止・予約制）を要確認",
    "sources": "国土数値情報（バス停留所データ）令和4年度（国土交通省）P11-22-29-bs561（34.669194, 135.691002、JGD2011）を加工して作成",
    "verifiedAt": ""
   }
  },
  {
   "type": "Feature",
   "geometry": {
    "type": "Point",
    "coordinates": [
     135.5642746,
     34.0614382
    ]
   },
   "properties": {
    "id": "BS-kP11-22-30-bs1504",
    "kind": "bus_stop",
    "name": "護摩壇山",
    "datum": "WGS84",
    "mountainIds": "729",
    "mountainNames": "護摩壇山",
    "lists": "日本三百名山|関西百名山",
    "routes": "",
    "entryType": "",
    "trailKmToSummit": "",
    "related": "TH-n1405543158(54m) TH-n11279773266(844m)",
    "attributes": "operator=龍神自動車（株）; busType=民間路線バス; busRoutes=聖地巡礼バス",
    "status": "adopted",
    "accuracyM": 10,
    "needsReview": "運行状況（季節運行・休止・予約制）を要確認、登山口から離れている（徒歩アプローチを要確認）",
    "sources": "国土数値情報（バス停留所データ）令和4年度（国土交通省）P11-22-30-bs1504（34.061438, 135.564275、JGD2011）を加工して作成",
    "verifiedAt": ""
   }
  },
  {
   "type": "Feature",
   "geometry": {
    "type": "Point",
    "coordinates": [
     135.5642746,
     34.0614382
    ]
   },
   "properties": {
    "id": "BS-kP11-22-30-bs1505",
    "kind": "bus_stop",
    "name": "護摩壇山",
    "datum": "WGS84",
    "mountainIds": "729",
    "mountainNames": "護摩壇山",
    "lists": "日本三百名山|関西百名山",
    "routes": "",
    "entryType": "",
    "trailKmToSummit": "",
    "related": "TH-n1405543158(54m) TH-n11279773266(844m)",
    "attributes": "operator=南海りんかんバス（株）; busType=民間路線バス; busRoutes=聖地巡礼バス（12　急行高野龍神線）",
    "status": "adopted",
    "accuracyM": 10,
    "needsReview": "運行状況（季節運行・休止・予約制）を要確認、登山口から離れている（徒歩アプローチを要確認）",
    "sources": "国土数値情報（バス停留所データ）令和4年度（国土交通省）P11-22-30-bs1505（34.061438, 135.564275、JGD2011）を加工して作成",
    "verifiedAt": ""
   }
  },
  {
   "type": "Feature",
   "geometry": {
    "type": "Point",
    "coordinates": [
     135.3658507,
     33.9512635
    ]
   },
   "properties": {
    "id": "BS-kP11-22-30-bs1771",
    "kind": "bus_stop",
    "name": "上の段",
    "datum": "WGS84",
    "mountainIds": "744",
    "mountainNames": "矢筈岳",
    "lists": "関西百名山",
    "routes": "",
    "entryType": "",
    "trailKmToSummit": "",
    "related": "TH-n1398138276(279m)",
    "attributes": "operator=田辺市; busType=コミュニティバス; busRoutes=龍神日高川線",
    "status": "adopted",
    "accuracyM": 10,
    "needsReview": "運行状況（季節運行・休止・予約制）を要確認",
    "sources": "国土数値情報（バス停留所データ）令和4年度（国土交通省）P11-22-30-bs1771（33.951264, 135.365851、JGD2011）を加工して作成",
    "verifiedAt": ""
   }
  },
  {
   "type": "Feature",
   "geometry": {
    "type": "Point",
    "coordinates": [
     135.3658507,
     33.9512635
    ]
   },
   "properties": {
    "id": "BS-kP11-22-30-bs1772",
    "kind": "bus_stop",
    "name": "上の段",
    "datum": "WGS84",
    "mountainIds": "744",
    "mountainNames": "矢筈岳",
    "lists": "関西百名山",
    "routes": "",
    "entryType": "",
    "trailKmToSummit": "",
    "related": "TH-n1398138276(279m)",
    "attributes": "operator=日高川町; busType=コミュニティバス; busRoutes=寒川線・龍神日高川線",
    "status": "adopted",
    "accuracyM": 10,
    "needsReview": "運行状況（季節運行・休止・予約制）を要確認",
    "sources": "国土数値情報（バス停留所データ）令和4年度（国土交通省）P11-22-30-bs1772（33.951264, 135.365851、JGD2011）を加工して作成",
    "verifiedAt": ""
   }
  },
  {
   "type": "Feature",
   "geometry": {
    "type": "Point",
    "coordinates": [
     135.3701577,
     33.9473107
    ]
   },
   "properties": {
    "id": "BS-kP11-22-30-bs1778",
    "kind": "bus_stop",
    "name": "野々古口",
    "datum": "WGS84",
    "mountainIds": "744",
    "mountainNames": "矢筈岳",
    "lists": "関西百名山",
    "routes": "",
    "entryType": "",
    "trailKmToSummit": "",
    "related": "TH-n1398138276(409m)",
    "attributes": "operator=田辺市; busType=コミュニティバス; busRoutes=龍神日高川線",
    "status": "adopted",
    "accuracyM": 10,
    "needsReview": "運行状況（季節運行・休止・予約制）を要確認",
    "sources": "国土数値情報（バス停留所データ）令和4年度（国土交通省）P11-22-30-bs1778（33.947311, 135.370158、JGD2011）を加工して作成",
    "verifiedAt": ""
   }
  },
  {
   "type": "Feature",
   "geometry": {
    "type": "Point",
    "coordinates": [
     135.6073338,
     34.3681794
    ]
   },
   "properties": {
    "id": "BS-kP11-22-30-bs2",
    "kind": "bus_stop",
    "name": "光陽台東",
    "datum": "WGS84",
    "mountainIds": "681",
    "mountainNames": "岩湧山",
    "lists": "関西百名山",
    "routes": "",
    "entryType": "",
    "trailKmToSummit": "",
    "related": "TH-n1427144827(805m)",
    "attributes": "operator=橋本市; busType=コミュニティバス; busRoutes=北部線",
    "status": "adopted",
    "accuracyM": 10,
    "needsReview": "運行状況（季節運行・休止・予約制）を要確認、登山口から離れている（徒歩アプローチを要確認）",
    "sources": "国土数値情報（バス停留所データ）令和4年度（国土交通省）P11-22-30-bs2（34.368179, 135.607334、JGD2011）を加工して作成",
    "verifiedAt": ""
   }
  },
  {
   "type": "Feature",
   "geometry": {
    "type": "Point",
    "coordinates": [
     135.7591429,
     33.8758267
    ]
   },
   "properties": {
    "id": "BS-kP11-22-30-bs2016",
    "kind": "bus_stop",
    "name": "八木尾",
    "datum": "WGS84",
    "mountainIds": "759",
    "mountainNames": "冷水山",
    "lists": "関西百名山",
    "routes": "",
    "entryType": "",
    "trailKmToSummit": "",
    "related": "TH-n1425781203(427m)",
    "attributes": "operator=奈良交通（株）; busType=民間路線バス; busRoutes=301　大和八木駅ー新宮駅 / 302　新宮駅ー大和八木駅",
    "status": "adopted",
    "accuracyM": 10,
    "needsReview": "運行状況（季節運行・休止・予約制）を要確認",
    "sources": "国土数値情報（バス停留所データ）令和4年度（国土交通省）P11-22-30-bs2016（33.875827, 135.759143、JGD2011）を加工して作成 ｜ OpenStreetMap（© OpenStreetMap contributors, ODbL 1.0）Geofabrik japan-latest.osm.pbf 2026-09-23T20:22:04Z node/5702788724",
    "verifiedAt": ""
   }
  },
  {
   "type": "Feature",
   "geometry": {
    "type": "Point",
    "coordinates": [
     135.7591429,
     33.8758267
    ]
   },
   "properties": {
    "id": "BS-kP11-22-30-bs2017",
    "kind": "bus_stop",
    "name": "八木尾",
    "datum": "WGS84",
    "mountainIds": "759",
    "mountainNames": "冷水山",
    "lists": "関西百名山",
    "routes": "",
    "entryType": "",
    "trailKmToSummit": "",
    "related": "TH-n1425781203(427m)",
    "attributes": "operator=田辺市; busType=コミュニティバス; busRoutes=土河屋・本宮線",
    "status": "adopted",
    "accuracyM": 10,
    "needsReview": "運行状況（季節運行・休止・予約制）を要確認",
    "sources": "国土数値情報（バス停留所データ）令和4年度（国土交通省）P11-22-30-bs2017（33.875827, 135.759143、JGD2011）を加工して作成",
    "verifiedAt": ""
   }
  },
  {
   "type": "Feature",
   "geometry": {
    "type": "Point",
    "coordinates": [
     135.7591429,
     33.8758267
    ]
   },
   "properties": {
    "id": "BS-kP11-22-30-bs2018",
    "kind": "bus_stop",
    "name": "八木尾",
    "datum": "WGS84",
    "mountainIds": "759",
    "mountainNames": "冷水山",
    "lists": "関西百名山",
    "routes": "",
    "entryType": "",
    "trailKmToSummit": "",
    "related": "TH-n1425781203(427m)",
    "attributes": "operator=十津川村; busType=コミュニティバス; busRoutes=七色・本宮線",
    "status": "adopted",
    "accuracyM": 10,
    "needsReview": "運行状況（季節運行・休止・予約制）を要確認",
    "sources": "国土数値情報（バス停留所データ）令和4年度（国土交通省）P11-22-30-bs2018（33.875827, 135.759143、JGD2011）を加工して作成",
    "verifiedAt": ""
   }
  },
  {
   "type": "Feature",
   "geometry": {
    "type": "Point",
    "coordinates": [
     135.7630412,
     33.8704625
    ]
   },
   "properties": {
    "id": "BS-kP11-22-30-bs2023",
    "kind": "bus_stop",
    "name": "切畑",
    "datum": "WGS84",
    "mountainIds": "762",
    "mountainNames": "五大尊岳",
    "lists": "関西百名山",
    "routes": "",
    "entryType": "",
    "trailKmToSummit": "",
    "related": "TH-n1425775083(398m)",
    "attributes": "operator=田辺市; busType=コミュニティバス; busRoutes=上切原・切畑・大居線",
    "status": "adopted",
    "accuracyM": 10,
    "needsReview": "運行状況（季節運行・休止・予約制）を要確認",
    "sources": "国土数値情報（バス停留所データ）令和4年度（国土交通省）P11-22-30-bs2023（33.870462, 135.763041、JGD2011）を加工して作成",
    "verifiedAt": ""
   }
  },
  {
   "type": "Feature",
   "geometry": {
    "type": "Point",
    "coordinates": [
     135.7680297,
     33.8695922
    ]
   },
   "properties": {
    "id": "BS-kP11-22-30-bs2028",
    "kind": "bus_stop",
    "name": "草合",
    "datum": "WGS84",
    "mountainIds": "762",
    "mountainNames": "五大尊岳",
    "lists": "関西百名山",
    "routes": "",
    "entryType": "",
    "trailKmToSummit": "",
    "related": "TH-n1425775083(76m)",
    "attributes": "operator=田辺市; busType=コミュニティバス; busRoutes=上切原・切畑・大居線",
    "status": "adopted",
    "accuracyM": 10,
    "needsReview": "運行状況（季節運行・休止・予約制）を要確認",
    "sources": "国土数値情報（バス停留所データ）令和4年度（国土交通省）P11-22-30-bs2028（33.869592, 135.768030、JGD2011）を加工して作成",
    "verifiedAt": ""
   }
  },
  {
   "type": "Feature",
   "geometry": {
    "type": "Point",
    "coordinates": [
     135.7590543,
     33.8680191
    ]
   },
   "properties": {
    "id": "BS-kP11-22-30-bs2034",
    "kind": "bus_stop",
    "name": "熊野萩",
    "datum": "WGS84",
    "mountainIds": "759",
    "mountainNames": "冷水山",
    "lists": "関西百名山",
    "routes": "",
    "entryType": "",
    "trailKmToSummit": "",
    "related": "TH-n293830411(72m)",
    "attributes": "operator=奈良交通（株）; busType=民間路線バス; busRoutes=301　大和八木駅ー新宮駅 / 302　新宮駅ー大和八木駅",
    "status": "adopted",
    "accuracyM": 10,
    "needsReview": "運行状況（季節運行・休止・予約制）を要確認",
    "sources": "国土数値情報（バス停留所データ）令和4年度（国土交通省）P11-22-30-bs2034（33.868019, 135.759054、JGD2011）を加工して作成",
    "verifiedAt": ""
   }
  },
  {
   "type": "Feature",
   "geometry": {
    "type": "Point",
    "coordinates": [
     135.7590543,
     33.8680191
    ]
   },
   "properties": {
    "id": "BS-kP11-22-30-bs2035",
    "kind": "bus_stop",
    "name": "熊野萩",
    "datum": "WGS84",
    "mountainIds": "759",
    "mountainNames": "冷水山",
    "lists": "関西百名山",
    "routes": "",
    "entryType": "",
    "trailKmToSummit": "",
    "related": "TH-n293830411(72m)",
    "attributes": "operator=田辺市; busType=コミュニティバス; busRoutes=土河屋・本宮線",
    "status": "adopted",
    "accuracyM": 10,
    "needsReview": "運行状況（季節運行・休止・予約制）を要確認",
    "sources": "国土数値情報（バス停留所データ）令和4年度（国土交通省）P11-22-30-bs2035（33.868019, 135.759054、JGD2011）を加工して作成",
    "verifiedAt": ""
   }
  },
  {
   "type": "Feature",
   "geometry": {
    "type": "Point",
    "coordinates": [
     135.7590543,
     33.8680191
    ]
   },
   "properties": {
    "id": "BS-kP11-22-30-bs2036",
    "kind": "bus_stop",
    "name": "熊野萩",
    "datum": "WGS84",
    "mountainIds": "759",
    "mountainNames": "冷水山",
    "lists": "関西百名山",
    "routes": "",
    "entryType": "",
    "trailKmToSummit": "",
    "related": "TH-n293830411(72m)",
    "attributes": "operator=十津川村; busType=コミュニティバス; busRoutes=七色・本宮線",
    "status": "adopted",
    "accuracyM": 10,
    "needsReview": "運行状況（季節運行・休止・予約制）を要確認",
    "sources": "国土数値情報（バス停留所データ）令和4年度（国土交通省）P11-22-30-bs2036（33.868019, 135.759054、JGD2011）を加工して作成",
    "verifiedAt": ""
   }
  },
  {
   "type": "Feature",
   "geometry": {
    "type": "Point",
    "coordinates": [
     135.7698132,
     33.8674353
    ]
   },
   "properties": {
    "id": "BS-kP11-22-30-bs2038",
    "kind": "bus_stop",
    "name": "下モ山",
    "datum": "WGS84",
    "mountainIds": "762",
    "mountainNames": "五大尊岳",
    "lists": "関西百名山",
    "routes": "",
    "entryType": "",
    "trailKmToSummit": "",
    "related": "TH-n1425775083(359m)",
    "attributes": "operator=田辺市; busType=コミュニティバス; busRoutes=上切原・切畑・大居線",
    "status": "adopted",
    "accuracyM": 10,
    "needsReview": "運行状況（季節運行・休止・予約制）を要確認",
    "sources": "国土数値情報（バス停留所データ）令和4年度（国土交通省）P11-22-30-bs2038（33.867435, 135.769813、JGD2011）を加工して作成",
    "verifiedAt": ""
   }
  },
  {
   "type": "Feature",
   "geometry": {
    "type": "Point",
    "coordinates": [
     135.7851193,
     33.8652972
    ]
   },
   "properties": {
    "id": "BS-kP11-22-30-bs2048",
    "kind": "bus_stop",
    "name": "上切原",
    "datum": "WGS84",
    "mountainIds": "762",
    "mountainNames": "五大尊岳",
    "lists": "関西百名山",
    "routes": "",
    "entryType": "",
    "trailKmToSummit": "",
    "related": "TH-n1425754828(996m)",
    "attributes": "operator=田辺市; busType=コミュニティバス; busRoutes=上切原・切畑・大居線",
    "status": "adopted",
    "accuracyM": 10,
    "needsReview": "運行状況（季節運行・休止・予約制）を要確認、登山口から離れている（徒歩アプローチを要確認）",
    "sources": "国土数値情報（バス停留所データ）令和4年度（国土交通省）P11-22-30-bs2048（33.865297, 135.785119、JGD2011）を加工して作成",
    "verifiedAt": ""
   }
  },
  {
   "type": "Feature",
   "geometry": {
    "type": "Point",
    "coordinates": [
     135.7350905,
     33.8638146
    ]
   },
   "properties": {
    "id": "BS-kP11-22-30-bs2056",
    "kind": "bus_stop",
    "name": "中下番",
    "datum": "WGS84",
    "mountainIds": "759",
    "mountainNames": "冷水山",
    "lists": "関西百名山",
    "routes": "",
    "entryType": "",
    "trailKmToSummit": "",
    "related": "TH-n1425772237(14m)",
    "attributes": "operator=田辺市; busType=コミュニティバス; busRoutes=上番・中下番・発心門線",
    "status": "adopted",
    "accuracyM": 10,
    "needsReview": "運行状況（季節運行・休止・予約制）を要確認",
    "sources": "国土数値情報（バス停留所データ）令和4年度（国土交通省）P11-22-30-bs2056（33.863815, 135.735090、JGD2011）を加工して作成",
    "verifiedAt": ""
   }
  },
  {
   "type": "Feature",
   "geometry": {
    "type": "Point",
    "coordinates": [
     135.7240342,
     33.8611208
    ]
   },
   "properties": {
    "id": "BS-kP11-22-30-bs2062",
    "kind": "bus_stop",
    "name": "発心門王子",
    "datum": "WGS84",
    "mountainIds": "759",
    "mountainNames": "冷水山",
    "lists": "関西百名山",
    "routes": "",
    "entryType": "",
    "trailKmToSummit": "",
    "related": "TH-n5429763201(325m)",
    "attributes": "operator=龍神自動車（株）; busType=民間路線バス; busRoutes=80　熊野本宮線 / 81　熊野本宮線",
    "status": "adopted",
    "accuracyM": 10,
    "needsReview": "運行状況（季節運行・休止・予約制）を要確認",
    "sources": "国土数値情報（バス停留所データ）令和4年度（国土交通省）P11-22-30-bs2062（33.861121, 135.724034、JGD2011）を加工して作成",
    "verifiedAt": ""
   }
  },
  {
   "type": "Feature",
   "geometry": {
    "type": "Point",
    "coordinates": [
     135.729431,
     33.8611115
    ]
   },
   "properties": {
    "id": "BS-kP11-22-30-bs2063",
    "kind": "bus_stop",
    "name": "発心門",
    "datum": "WGS84",
    "mountainIds": "759",
    "mountainNames": "冷水山",
    "lists": "関西百名山",
    "routes": "",
    "entryType": "",
    "trailKmToSummit": "",
    "related": "TH-n5429763201(819m) TH-n1425772237(609m)",
    "attributes": "operator=田辺市; busType=コミュニティバス; busRoutes=上番・中下番・発心門線",
    "status": "adopted",
    "accuracyM": 10,
    "needsReview": "運行状況（季節運行・休止・予約制）を要確認、登山口から離れている（徒歩アプローチを要確認）",
    "sources": "国土数値情報（バス停留所データ）令和4年度（国土交通省）P11-22-30-bs2063（33.861111, 135.729431、JGD2011）を加工して作成 ｜ OpenStreetMap（© OpenStreetMap contributors, ODbL 1.0）Geofabrik japan-latest.osm.pbf 2026-09-23T20:22:04Z node/5429741830",
    "verifiedAt": ""
   }
  },
  {
   "type": "Feature",
   "geometry": {
    "type": "Point",
    "coordinates": [
     135.729431,
     33.8611115
    ]
   },
   "properties": {
    "id": "BS-kP11-22-30-bs2064",
    "kind": "bus_stop",
    "name": "発心門",
    "datum": "WGS84",
    "mountainIds": "759",
    "mountainNames": "冷水山",
    "lists": "関西百名山",
    "routes": "",
    "entryType": "",
    "trailKmToSummit": "",
    "related": "TH-n1425772237(609m)",
    "attributes": "operator=龍神自動車（株）; busType=民間路線バス; busRoutes=80　熊野本宮線 / 81　熊野本宮線",
    "status": "adopted",
    "accuracyM": 10,
    "needsReview": "運行状況（季節運行・休止・予約制）を要確認、登山口から離れている（徒歩アプローチを要確認）",
    "sources": "国土数値情報（バス停留所データ）令和4年度（国土交通省）P11-22-30-bs2064（33.861111, 135.729431、JGD2011）を加工して作成",
    "verifiedAt": ""
   }
  },
  {
   "type": "Feature",
   "geometry": {
    "type": "Point",
    "coordinates": [
     135.8972294,
     33.6715555
    ]
   },
   "properties": {
    "id": "BS-kP11-22-30-bs2731",
    "kind": "bus_stop",
    "name": "熊野古道",
    "datum": "WGS84",
    "mountainIds": "813",
    "mountainNames": "烏帽子山",
    "lists": "関西百名山",
    "routes": "",
    "entryType": "",
    "trailKmToSummit": "",
    "related": "TH-n1389507854(234m)",
    "attributes": "operator=熊野御坊南海バス（株）; busType=民間路線バス; busRoutes=31　那智山線",
    "status": "adopted",
    "accuracyM": 10,
    "needsReview": "運行状況（季節運行・休止・予約制）を要確認",
    "sources": "国土数値情報（バス停留所データ）令和4年度（国土交通省）P11-22-30-bs2731（33.671556, 135.897229、JGD2011）を加工して作成 ｜ OpenStreetMap（© OpenStreetMap contributors, ODbL 1.0）Geofabrik japan-latest.osm.pbf 2026-09-23T20:22:04Z node/4836059645",
    "verifiedAt": ""
   }
  },
  {
   "type": "Feature",
   "geometry": {
    "type": "Point",
    "coordinates": [
     135.9026151,
     33.6688099
    ]
   },
   "properties": {
    "id": "BS-kP11-22-30-bs2739",
    "kind": "bus_stop",
    "name": "大門坂",
    "datum": "WGS84",
    "mountainIds": "813",
    "mountainNames": "烏帽子山",
    "lists": "関西百名山",
    "routes": "",
    "entryType": "",
    "trailKmToSummit": "",
    "related": "TH-n1389504314(204m) TH-n1389507854(642m)",
    "attributes": "operator=熊野御坊南海バス（株）; busType=民間路線バス; busRoutes=31　那智山線",
    "status": "adopted",
    "accuracyM": 10,
    "needsReview": "運行状況（季節運行・休止・予約制）を要確認、登山口から離れている（徒歩アプローチを要確認）",
    "sources": "国土数値情報（バス停留所データ）令和4年度（国土交通省）P11-22-30-bs2739（33.668810, 135.902615、JGD2011）を加工して作成 ｜ OpenStreetMap（© OpenStreetMap contributors, ODbL 1.0）Geofabrik japan-latest.osm.pbf 2026-09-23T20:22:04Z node/4456079389",
    "verifiedAt": ""
   }
  },
  {
   "type": "Feature",
   "geometry": {
    "type": "Point",
    "coordinates": [
     135.9039172,
     33.6677753
    ]
   },
   "properties": {
    "id": "BS-kP11-22-30-bs2742",
    "kind": "bus_stop",
    "name": "二の瀬橋",
    "datum": "WGS84",
    "mountainIds": "813",
    "mountainNames": "烏帽子山",
    "lists": "関西百名山",
    "routes": "",
    "entryType": "",
    "trailKmToSummit": "",
    "related": "TH-n1389504314(184m)",
    "attributes": "operator=熊野御坊南海バス（株）; busType=民間路線バス; busRoutes=31　那智山線",
    "status": "adopted",
    "accuracyM": 10,
    "needsReview": "運行状況（季節運行・休止・予約制）を要確認",
    "sources": "国土数値情報（バス停留所データ）令和4年度（国土交通省）P11-22-30-bs2742（33.667775, 135.903917、JGD2011）を加工して作成",
    "verifiedAt": ""
   }
  },
  {
   "type": "Feature",
   "geometry": {
    "type": "Point",
    "coordinates": [
     135.6972331,
     33.5962067
    ]
   },
   "properties": {
    "id": "BS-kP11-22-30-bs2884",
    "kind": "bus_stop",
    "name": "佐田桜公園",
    "datum": "WGS84",
    "mountainIds": "823",
    "mountainNames": "嶽ノ森山",
    "lists": "関西百名山",
    "routes": "",
    "entryType": "",
    "trailKmToSummit": "",
    "related": "TH-n1392486345(460m)",
    "attributes": "operator=古座川町; busType=公営路線バス; busRoutes=ふるさとバス本川線 / 一般乗客用スクールバス　添野川～三尾川 / 一般乗客用スクールバス　西川～三尾川",
    "status": "adopted",
    "accuracyM": 10,
    "needsReview": "運行状況（季節運行・休止・予約制）を要確認",
    "sources": "国土数値情報（バス停留所データ）令和4年度（国土交通省）P11-22-30-bs2884（33.596207, 135.697233、JGD2011）を加工して作成",
    "verifiedAt": ""
   }
  },
  {
   "type": "Feature",
   "geometry": {
    "type": "Point",
    "coordinates": [
     135.7159935,
     33.5557485
    ]
   },
   "properties": {
    "id": "BS-kP11-22-30-bs2964",
    "kind": "bus_stop",
    "name": "洞尾",
    "datum": "WGS84",
    "mountainIds": "823",
    "mountainNames": "嶽ノ森山",
    "lists": "関西百名山",
    "routes": "",
    "entryType": "",
    "trailKmToSummit": "",
    "related": "TH-n1392474911(375m) TH-n1392475466(311m)",
    "attributes": "operator=古座川町; busType=公営路線バス; busRoutes=ふるさとバス本川線",
    "status": "adopted",
    "accuracyM": 10,
    "needsReview": "運行状況（季節運行・休止・予約制）を要確認",
    "sources": "国土数値情報（バス停留所データ）令和4年度（国土交通省）P11-22-30-bs2964（33.555748, 135.715993、JGD2011）を加工して作成",
    "verifiedAt": ""
   }
  },
  {
   "type": "Feature",
   "geometry": {
    "type": "Point",
    "coordinates": [
     135.6998928,
     33.5519617
    ]
   },
   "properties": {
    "id": "BS-kP11-22-30-bs2967",
    "kind": "bus_stop",
    "name": "蔵土",
    "datum": "WGS84",
    "mountainIds": "823",
    "mountainNames": "嶽ノ森山",
    "lists": "関西百名山",
    "routes": "",
    "entryType": "",
    "trailKmToSummit": "",
    "related": "TH-n1392474379(200m) TH-n1392474433(247m)",
    "attributes": "operator=古座川町; busType=公営路線バス; busRoutes=ふるさとバス本川線",
    "status": "adopted",
    "accuracyM": 10,
    "needsReview": "運行状況（季節運行・休止・予約制）を要確認",
    "sources": "国土数値情報（バス停留所データ）令和4年度（国土交通省）P11-22-30-bs2967（33.551962, 135.699893、JGD2011）を加工して作成",
    "verifiedAt": ""
   }
  },
  {
   "type": "Feature",
   "geometry": {
    "type": "Point",
    "coordinates": [
     135.7282599,
     33.5482157
    ]
   },
   "properties": {
    "id": "BS-kP11-22-30-bs2971",
    "kind": "bus_stop",
    "name": "相瀬",
    "datum": "WGS84",
    "mountainIds": "823",
    "mountainNames": "嶽ノ森山",
    "lists": "関西百名山",
    "routes": "",
    "entryType": "",
    "trailKmToSummit": "",
    "related": "TH-n1392472963(708m) TH-n1392473483(503m) TH-gsi-dakenomori-aise(777m)",
    "attributes": "operator=古座川町; busType=公営路線バス; busRoutes=ふるさとバス本川線",
    "status": "adopted",
    "accuracyM": 10,
    "needsReview": "運行状況（季節運行・休止・予約制）を要確認、登山口から離れている（徒歩アプローチを要確認）",
    "sources": "国土数値情報（バス停留所データ）令和4年度（国土交通省）P11-22-30-bs2971（33.548216, 135.728260、JGD2011）を加工して作成",
    "verifiedAt": ""
   }
  },
  {
   "type": "Feature",
   "geometry": {
    "type": "Point",
    "coordinates": [
     135.7176448,
     33.5471867
    ]
   },
   "properties": {
    "id": "BS-kP11-22-30-bs2972",
    "kind": "bus_stop",
    "name": "一枚岩",
    "datum": "WGS84",
    "mountainIds": "823",
    "mountainNames": "嶽ノ森山",
    "lists": "関西百名山",
    "routes": "",
    "entryType": "",
    "trailKmToSummit": "",
    "related": "TH-n1392474911(608m) TH-gsi-dakenomori-aise(513m)",
    "attributes": "operator=古座川町; busType=公営路線バス; busRoutes=ふるさとバス本川線",
    "status": "adopted",
    "accuracyM": 10,
    "needsReview": "運行状況（季節運行・休止・予約制）を要確認、登山口から離れている（徒歩アプローチを要確認）",
    "sources": "国土数値情報（バス停留所データ）令和4年度（国土交通省）P11-22-30-bs2972（33.547187, 135.717645、JGD2011）を加工して作成",
    "verifiedAt": ""
   }
  },
  {
   "type": "Feature",
   "geometry": {
    "type": "Point",
    "coordinates": [
     135.7317312,
     33.5410187
    ]
   },
   "properties": {
    "id": "BS-kP11-22-30-bs2976",
    "kind": "bus_stop",
    "name": "立合",
    "datum": "WGS84",
    "mountainIds": "823",
    "mountainNames": "嶽ノ森山",
    "lists": "関西百名山",
    "routes": "",
    "entryType": "",
    "trailKmToSummit": "",
    "related": "TH-n1392472963(315m) TH-n1392473483(409m) TH-gsi-dakenomori-aise(994m)",
    "attributes": "operator=古座川町; busType=公営路線バス; busRoutes=ふるさとバス本川線",
    "status": "adopted",
    "accuracyM": 10,
    "needsReview": "運行状況（季節運行・休止・予約制）を要確認、登山口から離れている（徒歩アプローチを要確認）",
    "sources": "国土数値情報（バス停留所データ）令和4年度（国土交通省）P11-22-30-bs2976（33.541019, 135.731731、JGD2011）を加工して作成",
    "verifiedAt": ""
   }
  },
  {
   "type": "Feature",
   "geometry": {
    "type": "Point",
    "coordinates": [
     135.3916284,
     34.2214539
    ]
   },
   "properties": {
    "id": "BS-kP11-22-30-bs690",
    "kind": "bus_stop",
    "name": "善田集会所前",
    "datum": "WGS84",
    "mountainIds": "704",
    "mountainNames": "龍門山",
    "lists": "関西百名山",
    "routes": "",
    "entryType": "",
    "trailKmToSummit": "",
    "related": "TH-n1429644308(258m) TH-n1429648911(673m)",
    "attributes": "operator=紀の川市; busType=コミュニティバス; busRoutes=地域巡回バス　30桃山鞆渕コース",
    "status": "adopted",
    "accuracyM": 10,
    "needsReview": "運行状況（季節運行・休止・予約制）を要確認、登山口から離れている（徒歩アプローチを要確認）",
    "sources": "国土数値情報（バス停留所データ）令和4年度（国土交通省）P11-22-30-bs690（34.221454, 135.391628、JGD2011）を加工して作成",
    "verifiedAt": ""
   }
  },
  {
   "type": "Feature",
   "geometry": {
    "type": "Point",
    "coordinates": [
     135.6124486,
     34.2188813
    ]
   },
   "properties": {
    "id": "BS-kP11-22-30-bs716",
    "kind": "bus_stop",
    "name": "桜峠下",
    "datum": "WGS84",
    "mountainIds": "706",
    "mountainNames": "楊柳山",
    "lists": "関西百名山",
    "routes": "",
    "entryType": "",
    "trailKmToSummit": "",
    "related": "TH-n1398338431(547m) TH-n1398333861(360m)",
    "attributes": "operator=南海りんかんバス（株）; busType=民間路線バス; busRoutes=24　高野山内線",
    "status": "adopted",
    "accuracyM": 10,
    "needsReview": "運行状況（季節運行・休止・予約制）を要確認",
    "sources": "国土数値情報（バス停留所データ）令和4年度（国土交通省）P11-22-30-bs716（34.218881, 135.612449、JGD2011）を加工して作成",
    "verifiedAt": ""
   }
  },
  {
   "type": "Feature",
   "geometry": {
    "type": "Point",
    "coordinates": [
     135.6101991,
     34.2172889
    ]
   },
   "properties": {
    "id": "BS-kP11-22-30-bs729",
    "kind": "bus_stop",
    "name": "桜団地前",
    "datum": "WGS84",
    "mountainIds": "706",
    "mountainNames": "楊柳山",
    "lists": "関西百名山",
    "routes": "",
    "entryType": "",
    "trailKmToSummit": "",
    "related": "TH-n1398338431(700m) TH-n1398333861(464m)",
    "attributes": "operator=南海りんかんバス（株）; busType=民間路線バス; busRoutes=24　高野山内線",
    "status": "adopted",
    "accuracyM": 10,
    "needsReview": "運行状況（季節運行・休止・予約制）を要確認、登山口から離れている（徒歩アプローチを要確認）",
    "sources": "国土数値情報（バス停留所データ）令和4年度（国土交通省）P11-22-30-bs729（34.217289, 135.610199、JGD2011）を加工して作成",
    "verifiedAt": ""
   }
  },
  {
   "type": "Feature",
   "geometry": {
    "type": "Point",
    "coordinates": [
     135.6083351,
     34.2168082
    ]
   },
   "properties": {
    "id": "BS-kP11-22-30-bs734",
    "kind": "bus_stop",
    "name": "隠谷",
    "datum": "WGS84",
    "mountainIds": "706",
    "mountainNames": "楊柳山",
    "lists": "関西百名山",
    "routes": "",
    "entryType": "",
    "trailKmToSummit": "",
    "related": "TH-n1398338431(782m) TH-n1398333861(629m) TH-ksj-P11-22-30-bs739(430m)",
    "attributes": "operator=南海りんかんバス（株）; busType=民間路線バス; busRoutes=24　高野山内線",
    "status": "adopted",
    "accuracyM": 10,
    "needsReview": "運行状況（季節運行・休止・予約制）を要確認、登山口から離れている（徒歩アプローチを要確認）",
    "sources": "国土数値情報（バス停留所データ）令和4年度（国土交通省）P11-22-30-bs734（34.216808, 135.608335、JGD2011）を加工して作成",
    "verifiedAt": ""
   }
  },
  {
   "type": "Feature",
   "geometry": {
    "type": "Point",
    "coordinates": [
     135.6036995,
     34.2163451
    ]
   },
   "properties": {
    "id": "BS-kP11-22-30-bs739",
    "kind": "bus_stop",
    "name": "奥の院前",
    "datum": "WGS84",
    "mountainIds": "706",
    "mountainNames": "楊柳山",
    "lists": "関西百名山",
    "routes": "",
    "entryType": "",
    "trailKmToSummit": "",
    "related": "TH-ksj-P11-22-30-bs739(0m)",
    "attributes": "operator=南海りんかんバス（株）; busType=民間路線バス; busRoutes=11　急行立里線（高野龍神スカイライン） / 聖地巡礼バス（12　急行高野龍神線） / 21　高野山内線",
    "status": "adopted",
    "accuracyM": 10,
    "needsReview": "運行状況（季節運行・休止・予約制）を要確認",
    "sources": "国土数値情報（バス停留所データ）令和4年度（国土交通省）P11-22-30-bs739（34.216345, 135.603699、JGD2011）を加工して作成 ｜ OpenStreetMap（© OpenStreetMap contributors, ODbL 1.0）Geofabrik japan-latest.osm.pbf 2026-09-23T20:22:04Z node/1898531896",
    "verifiedAt": ""
   }
  },
  {
   "type": "Feature",
   "geometry": {
    "type": "Point",
    "coordinates": [
     135.6036995,
     34.2163451
    ]
   },
   "properties": {
    "id": "BS-kP11-22-30-bs740",
    "kind": "bus_stop",
    "name": "奥の院",
    "datum": "WGS84",
    "mountainIds": "706",
    "mountainNames": "楊柳山",
    "lists": "関西百名山",
    "routes": "",
    "entryType": "",
    "trailKmToSummit": "",
    "related": "TH-ksj-P11-22-30-bs739(0m)",
    "attributes": "operator=大十バス（株）; busType=民間路線バス; busRoutes=高野マリンライナー",
    "status": "adopted",
    "accuracyM": 10,
    "needsReview": "運行状況（季節運行・休止・予約制）を要確認",
    "sources": "国土数値情報（バス停留所データ）令和4年度（国土交通省）P11-22-30-bs740（34.216345, 135.603699、JGD2011）を加工して作成",
    "verifiedAt": ""
   }
  },
  {
   "type": "Feature",
   "geometry": {
    "type": "Point",
    "coordinates": [
     135.4207741,
     34.2131416
    ]
   },
   "properties": {
    "id": "BS-kP11-22-30-bs768",
    "kind": "bus_stop",
    "name": "高原",
    "datum": "WGS84",
    "mountainIds": "704",
    "mountainNames": "龍門山",
    "lists": "関西百名山",
    "routes": "",
    "entryType": "",
    "trailKmToSummit": "",
    "related": "TH-n1429642256(857m)",
    "attributes": "operator=紀の川市; busType=コミュニティバス; busRoutes=地域巡回バス　30桃山鞆渕コース",
    "status": "adopted",
    "accuracyM": 10,
    "needsReview": "運行状況（季節運行・休止・予約制）を要確認、登山口から離れている（徒歩アプローチを要確認）",
    "sources": "国土数値情報（バス停留所データ）令和4年度（国土交通省）P11-22-30-bs768（34.213142, 135.420774、JGD2011）を加工して作成",
    "verifiedAt": ""
   }
  },
  {
   "type": "Feature",
   "geometry": {
    "type": "Point",
    "coordinates": [
     135.4047398,
     34.2126506
    ]
   },
   "properties": {
    "id": "BS-kP11-22-30-bs780",
    "kind": "bus_stop",
    "name": "黒川",
    "datum": "WGS84",
    "mountainIds": "704",
    "mountainNames": "龍門山",
    "lists": "関西百名山",
    "routes": "",
    "entryType": "",
    "trailKmToSummit": "",
    "related": "TH-n1429642536(653m) TH-n1429644057(937m)",
    "attributes": "operator=紀の川市; busType=コミュニティバス; busRoutes=地域巡回バス　30桃山鞆渕コース",
    "status": "adopted",
    "accuracyM": 10,
    "needsReview": "運行状況（季節運行・休止・予約制）を要確認、登山口から離れている（徒歩アプローチを要確認）",
    "sources": "国土数値情報（バス停留所データ）令和4年度（国土交通省）P11-22-30-bs780（34.212651, 135.404740、JGD2011）を加工して作成",
    "verifiedAt": ""
   }
  },
  {
   "type": "Feature",
   "geometry": {
    "type": "Point",
    "coordinates": [
     135.3928893,
     34.2124825
    ]
   },
   "properties": {
    "id": "BS-kP11-22-30-bs782",
    "kind": "bus_stop",
    "name": "桃山小学校跡前",
    "datum": "WGS84",
    "mountainIds": "704",
    "mountainNames": "龍門山",
    "lists": "関西百名山",
    "routes": "",
    "entryType": "",
    "trailKmToSummit": "",
    "related": "TH-n1429644308(984m)",
    "attributes": "operator=紀の川市; busType=コミュニティバス; busRoutes=地域巡回バス　30桃山鞆渕コース",
    "status": "adopted",
    "accuracyM": 10,
    "needsReview": "運行状況（季節運行・休止・予約制）を要確認、登山口から離れている（徒歩アプローチを要確認）",
    "sources": "国土数値情報（バス停留所データ）令和4年度（国土交通省）P11-22-30-bs782（34.212482, 135.392889、JGD2011）を加工して作成",
    "verifiedAt": ""
   }
  },
  {
   "type": "Feature",
   "geometry": {
    "type": "Point",
    "coordinates": [
     135.1264205,
     35.7452668
    ]
   },
   "properties": {
    "id": "BS-n10220755222",
    "kind": "bus_stop",
    "name": "屏風岩",
    "datum": "WGS84",
    "mountainIds": "401",
    "mountainNames": "依遅ヶ尾山",
    "lists": "関西百名山",
    "routes": "",
    "entryType": "",
    "trailKmToSummit": "",
    "related": "TH-n1681433101(483m)",
    "attributes": "network=丹海バス",
    "status": "provisional",
    "accuracyM": 20,
    "needsReview": "運行状況（季節運行・休止・予約制）を要確認、公式情報または2情報源での確認が必要",
    "sources": "OpenStreetMap（© OpenStreetMap contributors, ODbL 1.0）Geofabrik japan-latest.osm.pbf 2026-09-23T20:22:04Z node/10220755222",
    "verifiedAt": ""
   }
  },
  {
   "type": "Feature",
   "geometry": {
    "type": "Point",
    "coordinates": [
     135.1262563,
     35.745036
    ]
   },
   "properties": {
    "id": "BS-n10220755223",
    "kind": "bus_stop",
    "name": "屏風岩",
    "datum": "WGS84",
    "mountainIds": "401",
    "mountainNames": "依遅ヶ尾山",
    "lists": "関西百名山",
    "routes": "",
    "entryType": "",
    "trailKmToSummit": "",
    "related": "TH-n1681433101(476m)",
    "attributes": "network=丹海バス",
    "status": "provisional",
    "accuracyM": 20,
    "needsReview": "運行状況（季節運行・休止・予約制）を要確認、公式情報または2情報源での確認が必要",
    "sources": "OpenStreetMap（© OpenStreetMap contributors, ODbL 1.0）Geofabrik japan-latest.osm.pbf 2026-09-23T20:22:04Z node/10220755223",
    "verifiedAt": ""
   }
  },
  {
   "type": "Feature",
   "geometry": {
    "type": "Point",
    "coordinates": [
     134.7807897,
     34.8075253
    ]
   },
   "properties": {
    "id": "BS-n11128964322",
    "kind": "bus_stop",
    "name": "（名称なし）バス停",
    "datum": "WGS84",
    "mountainIds": "624",
    "mountainNames": "高御位山",
    "lists": "関西百名山",
    "routes": "",
    "entryType": "",
    "trailKmToSummit": "",
    "related": "TH-kP11-22-28-bs5722(303m) TH-n1342088505(884m) TH-n1342088597(517m)",
    "attributes": "",
    "status": "provisional",
    "accuracyM": 20,
    "needsReview": "運行状況（季節運行・休止・予約制）を要確認、公式情報または2情報源での確認が必要、登山口から離れている（徒歩アプローチを要確認）",
    "sources": "OpenStreetMap（© OpenStreetMap contributors, ODbL 1.0）Geofabrik japan-latest.osm.pbf 2026-09-23T20:22:04Z node/11128964322",
    "verifiedAt": ""
   }
  },
  {
   "type": "Feature",
   "geometry": {
    "type": "Point",
    "coordinates": [
     134.7807719,
     34.8075135
    ]
   },
   "properties": {
    "id": "BS-n11134002585",
    "kind": "bus_stop",
    "name": "市ノ池公園",
    "datum": "WGS84",
    "mountainIds": "624",
    "mountainNames": "高御位山",
    "lists": "関西百名山",
    "routes": "",
    "entryType": "",
    "trailKmToSummit": "",
    "related": "TH-kP11-22-28-bs5722(301m) TH-n1342088505(886m) TH-n1342088597(516m)",
    "attributes": "",
    "status": "provisional",
    "accuracyM": 20,
    "needsReview": "運行状況（季節運行・休止・予約制）を要確認、公式情報または2情報源での確認が必要、登山口から離れている（徒歩アプローチを要確認）",
    "sources": "OpenStreetMap（© OpenStreetMap contributors, ODbL 1.0）Geofabrik japan-latest.osm.pbf 2026-09-23T20:22:04Z node/11134002585",
    "verifiedAt": ""
   }
  },
  {
   "type": "Feature",
   "geometry": {
    "type": "Point",
    "coordinates": [
     135.4501361,
     34.9216147
    ]
   },
   "properties": {
    "id": "BS-n1264700792",
    "kind": "bus_stop",
    "name": "ケーブル前(廃止)",
    "datum": "WGS84",
    "mountainIds": "615",
    "mountainNames": "妙見山",
    "lists": "関西百名山",
    "routes": "",
    "entryType": "",
    "trailKmToSummit": "",
    "related": "TH-w301750772-2(913m) TH-n1264700814(60m)",
    "attributes": "operator=阪急バス; busRoutes=阪急バス｜妙見口能勢線｜5: 妙見口->ケーブル前",
    "status": "provisional",
    "accuracyM": 20,
    "needsReview": "運行状況（季節運行・休止・予約制）を要確認、公式情報または2情報源での確認が必要、登山口から離れている（徒歩アプローチを要確認）",
    "sources": "OpenStreetMap（© OpenStreetMap contributors, ODbL 1.0）Geofabrik japan-latest.osm.pbf 2026-09-23T20:22:04Z node/1264700792",
    "verifiedAt": ""
   }
  },
  {
   "type": "Feature",
   "geometry": {
    "type": "Point",
    "coordinates": [
     135.383924,
     34.9907029
    ]
   },
   "properties": {
    "id": "BS-n1387083836",
    "kind": "bus_stop",
    "name": "砂原橋",
    "datum": "WGS84",
    "mountainIds": "606",
    "mountainNames": "剣尾山",
    "lists": "関西百名山",
    "routes": "",
    "entryType": "",
    "trailKmToSummit": "",
    "related": "TH-n1550354177(604m)",
    "attributes": "",
    "status": "provisional",
    "accuracyM": 20,
    "needsReview": "運行状況（季節運行・休止・予約制）を要確認、公式情報または2情報源での確認が必要、登山口から離れている（徒歩アプローチを要確認）",
    "sources": "OpenStreetMap（© OpenStreetMap contributors, ODbL 1.0）Geofabrik japan-latest.osm.pbf 2026-09-23T20:22:04Z node/1387083836",
    "verifiedAt": ""
   }
  },
  {
   "type": "Feature",
   "geometry": {
    "type": "Point",
    "coordinates": [
     135.3861972,
     34.9847514
    ]
   },
   "properties": {
    "id": "BS-n1516333324",
    "kind": "bus_stop",
    "name": "行者口",
    "datum": "WGS84",
    "mountainIds": "606",
    "mountainNames": "剣尾山",
    "lists": "関西百名山",
    "routes": "",
    "entryType": "",
    "trailKmToSummit": "",
    "related": "TH-n1550351888(448m)",
    "attributes": "",
    "status": "provisional",
    "accuracyM": 20,
    "needsReview": "運行状況（季節運行・休止・予約制）を要確認、公式情報または2情報源での確認が必要",
    "sources": "OpenStreetMap（© OpenStreetMap contributors, ODbL 1.0）Geofabrik japan-latest.osm.pbf 2026-09-23T20:22:04Z node/1516333324",
    "verifiedAt": ""
   }
  },
  {
   "type": "Feature",
   "geometry": {
    "type": "Point",
    "coordinates": [
     135.4454994,
     34.9127242
    ]
   },
   "properties": {
    "id": "BS-n2169857373",
    "kind": "bus_stop",
    "name": "吉川公民館",
    "datum": "WGS84",
    "mountainIds": "615",
    "mountainNames": "妙見山",
    "lists": "関西百名山",
    "routes": "",
    "entryType": "",
    "trailKmToSummit": "",
    "related": "TH-osm-n7829132218(140m)",
    "attributes": "",
    "status": "provisional",
    "accuracyM": 20,
    "needsReview": "運行状況（季節運行・休止・予約制）を要確認、公式情報または2情報源での確認が必要",
    "sources": "OpenStreetMap（© OpenStreetMap contributors, ODbL 1.0）Geofabrik japan-latest.osm.pbf 2026-09-23T20:22:04Z node/2169857373",
    "verifiedAt": ""
   }
  },
  {
   "type": "Feature",
   "geometry": {
    "type": "Point",
    "coordinates": [
     135.3883316,
     34.9914262
    ]
   },
   "properties": {
    "id": "BS-n2674263999",
    "kind": "bus_stop",
    "name": "能勢の郷",
    "datum": "WGS84",
    "mountainIds": "606",
    "mountainNames": "剣尾山",
    "lists": "関西百名山",
    "routes": "",
    "entryType": "",
    "trailKmToSummit": "",
    "related": "TH-n1550354177(261m) TH-n1550351888(555m)",
    "attributes": "",
    "status": "provisional",
    "accuracyM": 20,
    "needsReview": "運行状況（季節運行・休止・予約制）を要確認、公式情報または2情報源での確認が必要",
    "sources": "OpenStreetMap（© OpenStreetMap contributors, ODbL 1.0）Geofabrik japan-latest.osm.pbf 2026-09-23T20:22:04Z node/2674263999",
    "verifiedAt": ""
   }
  },
  {
   "type": "Feature",
   "geometry": {
    "type": "Point",
    "coordinates": [
     135.3850959,
     34.9906036
    ]
   },
   "properties": {
    "id": "BS-n2674264003",
    "kind": "bus_stop",
    "name": "能勢の里口",
    "datum": "WGS84",
    "mountainIds": "606",
    "mountainNames": "剣尾山",
    "lists": "関西百名山",
    "routes": "",
    "entryType": "",
    "trailKmToSummit": "",
    "related": "TH-n1550354177(497m) TH-n1550351888(652m)",
    "attributes": "",
    "status": "provisional",
    "accuracyM": 20,
    "needsReview": "運行状況（季節運行・休止・予約制）を要確認、公式情報または2情報源での確認が必要、登山口から離れている（徒歩アプローチを要確認）",
    "sources": "OpenStreetMap（© OpenStreetMap contributors, ODbL 1.0）Geofabrik japan-latest.osm.pbf 2026-09-23T20:22:04Z node/2674264003",
    "verifiedAt": ""
   }
  },
  {
   "type": "Feature",
   "geometry": {
    "type": "Point",
    "coordinates": [
     135.2475547,
     34.7972529
    ]
   },
   "properties": {
    "id": "BS-n2683213081",
    "kind": "bus_stop",
    "name": "有馬温泉",
    "datum": "WGS84",
    "mountainIds": "628",
    "mountainNames": "六甲最高峰",
    "lists": "日本三百名山|関西百名山",
    "routes": "",
    "entryType": "",
    "trailKmToSummit": "",
    "related": "TH-n12345111564(139m) TH-n2921600660(717m) TH-n1842381862(555m)",
    "attributes": "operator=阪急バス; busRoutes=阪急バス｜有野・藤原台線｜1：有馬温泉～有野公園前～岡場駅～済生会病院前 / 阪急バス｜有馬線｜75：宝塚～JR西宮名塩～丸山下～下山口～有馬温泉 / 阪急バス｜有馬線｜95：宝塚～蓬莱狭～有馬温泉～丸山下～JR西宮名塩 / 阪急バス｜芦屋有馬線｜80：阪神芦屋～有馬温泉～山口営業所",
    "status": "provisional",
    "accuracyM": 20,
    "needsReview": "運行状況（季節運行・休止・予約制）を要確認、公式情報または2情報源での確認が必要、登山口から離れている（徒歩アプローチを要確認）",
    "sources": "OpenStreetMap（© OpenStreetMap contributors, ODbL 1.0）Geofabrik japan-latest.osm.pbf 2026-09-23T20:22:04Z node/2683213081",
    "verifiedAt": ""
   }
  },
  {
   "type": "Feature",
   "geometry": {
    "type": "Point",
    "coordinates": [
     135.8640128,
     35.0696042
    ]
   },
   "properties": {
    "id": "BS-n4326224490",
    "kind": "bus_stop",
    "name": "ケーブル坂本",
    "datum": "WGS84",
    "mountainIds": "590",
    "mountainNames": "比叡山",
    "lists": "日本三百名山|関西百名山",
    "routes": "",
    "entryType": "",
    "trailKmToSummit": "",
    "related": "TH-w572203656(249m) TH-n1355399585(472m)",
    "attributes": "",
    "status": "provisional",
    "accuracyM": 20,
    "needsReview": "運行状況（季節運行・休止・予約制）を要確認、公式情報または2情報源での確認が必要",
    "sources": "OpenStreetMap（© OpenStreetMap contributors, ODbL 1.0）Geofabrik japan-latest.osm.pbf 2026-09-23T20:22:04Z node/4326224490",
    "verifiedAt": ""
   }
  },
  {
   "type": "Feature",
   "geometry": {
    "type": "Point",
    "coordinates": [
     135.2473859,
     34.7973034
    ]
   },
   "properties": {
    "id": "BS-n5191770978",
    "kind": "bus_stop",
    "name": "有馬温泉",
    "datum": "WGS84",
    "mountainIds": "628",
    "mountainNames": "六甲最高峰",
    "lists": "日本三百名山|関西百名山",
    "routes": "",
    "entryType": "",
    "trailKmToSummit": "",
    "related": "TH-n12345111564(151m) TH-n2921600660(719m) TH-n1842381862(563m)",
    "attributes": "operator=阪急バス; busRoutes=阪急バス｜有野・藤原台線｜1：有馬温泉～有野公園前～岡場駅～済生会病院前 / 阪急バス｜有馬線｜75：宝塚～JR西宮名塩～丸山下～下山口～有馬温泉 / 阪急バス｜有馬線｜95：宝塚～蓬莱狭～有馬温泉～丸山下～JR西宮名塩 / 阪急バス｜芦屋有馬線｜80：阪神芦屋～有馬温泉～山口営業所",
    "status": "provisional",
    "accuracyM": 20,
    "needsReview": "運行状況（季節運行・休止・予約制）を要確認、公式情報または2情報源での確認が必要、登山口から離れている（徒歩アプローチを要確認）",
    "sources": "OpenStreetMap（© OpenStreetMap contributors, ODbL 1.0）Geofabrik japan-latest.osm.pbf 2026-09-23T20:22:04Z node/5191770978",
    "verifiedAt": ""
   }
  },
  {
   "type": "Feature",
   "geometry": {
    "type": "Point",
    "coordinates": [
     135.7206005,
     33.8617469
    ]
   },
   "properties": {
    "id": "BS-n5429763201",
    "kind": "bus_stop",
    "name": "発心門王子;Hosshinmon-oji",
    "datum": "WGS84",
    "mountainIds": "759",
    "mountainNames": "冷水山",
    "lists": "関西百名山",
    "routes": "",
    "entryType": "",
    "trailKmToSummit": "",
    "related": "TH-n5429763201(0m)",
    "attributes": "",
    "status": "provisional",
    "accuracyM": 20,
    "needsReview": "運行状況（季節運行・休止・予約制）を要確認、公式情報または2情報源での確認が必要",
    "sources": "OpenStreetMap（© OpenStreetMap contributors, ODbL 1.0）Geofabrik japan-latest.osm.pbf 2026-09-23T20:22:04Z node/5429763201",
    "verifiedAt": ""
   }
  },
  {
   "type": "Feature",
   "geometry": {
    "type": "Point",
    "coordinates": [
     135.9019951,
     34.5281232
    ]
   },
   "properties": {
    "id": "BS-n6563997486",
    "kind": "bus_stop",
    "name": "初瀬観光センター前",
    "datum": "WGS84",
    "mountainIds": "649",
    "mountainNames": "三輪山",
    "lists": "関西百名山",
    "routes": "",
    "entryType": "",
    "trailKmToSummit": "",
    "related": "TH-n10879954436(130m)",
    "attributes": "",
    "status": "provisional",
    "accuracyM": 20,
    "needsReview": "運行状況（季節運行・休止・予約制）を要確認、公式情報または2情報源での確認が必要",
    "sources": "OpenStreetMap（© OpenStreetMap contributors, ODbL 1.0）Geofabrik japan-latest.osm.pbf 2026-09-23T20:22:04Z node/6563997486",
    "verifiedAt": ""
   }
  },
  {
   "type": "Feature",
   "geometry": {
    "type": "Point",
    "coordinates": [
     136.1366245,
     34.5249738
    ]
   },
   "properties": {
    "id": "BS-n7273698985",
    "kind": "bus_stop",
    "name": "スクールバス乗降所",
    "datum": "WGS84",
    "mountainIds": "652",
    "mountainNames": "鎧岳",
    "lists": "関西百名山",
    "routes": "",
    "entryType": "",
    "trailKmToSummit": "",
    "related": "TH-n1773394020(786m)",
    "attributes": "",
    "status": "provisional",
    "accuracyM": 20,
    "needsReview": "運行状況（季節運行・休止・予約制）を要確認、公式情報または2情報源での確認が必要、登山口から離れている（徒歩アプローチを要確認）",
    "sources": "OpenStreetMap（© OpenStreetMap contributors, ODbL 1.0）Geofabrik japan-latest.osm.pbf 2026-09-23T20:22:04Z node/7273698985",
    "verifiedAt": ""
   }
  },
  {
   "type": "Feature",
   "geometry": {
    "type": "Point",
    "coordinates": [
     136.0969884,
     34.1806498
    ]
   },
   "properties": {
    "id": "BS-n7612486685",
    "kind": "bus_stop",
    "name": "大台ヶ原",
    "datum": "WGS84",
    "mountainIds": "718",
    "mountainNames": "大台ヶ原山",
    "lists": "日本百名山|日本二百名山|日本三百名山|関西百名山|東海の百山",
    "routes": "",
    "entryType": "",
    "trailKmToSummit": "",
    "related": "TH-n474520284(75m)",
    "attributes": "",
    "status": "provisional",
    "accuracyM": 20,
    "needsReview": "運行状況（季節運行・休止・予約制）を要確認、公式情報または2情報源での確認が必要",
    "sources": "OpenStreetMap（© OpenStreetMap contributors, ODbL 1.0）Geofabrik japan-latest.osm.pbf 2026-09-23T20:22:04Z node/7612486685",
    "verifiedAt": ""
   }
  },
  {
   "type": "Feature",
   "geometry": {
    "type": "Point",
    "coordinates": [
     135.0782047,
     34.673213
    ]
   },
   "properties": {
    "id": "BS-n8018093185",
    "kind": "bus_stop",
    "name": "奥畑口",
    "datum": "WGS84",
    "mountainIds": "637",
    "mountainNames": "横尾山",
    "lists": "関西百名山",
    "routes": "",
    "entryType": "",
    "trailKmToSummit": "",
    "related": "TH-n6881086223(95m)",
    "attributes": "operator=山陽バス; busRoutes=山陽バス｜山陽バス｜Bus 12: 垂水東口 => 名谷駅前 / 山陽バス｜山陽バス｜Bus 13: 垂水東口 => 名谷駅前 / 山陽バス｜山陽バス｜Bus 14: 舞子高校前 => 名谷駅前 / 山陽バス｜山陽バス｜Bus 15: 青山台 => 名谷駅前 / 山陽バス｜山陽バス｜Bus 5: 垂水駅 => 名谷駅前",
    "status": "provisional",
    "accuracyM": 20,
    "needsReview": "運行状況（季節運行・休止・予約制）を要確認、公式情報または2情報源での確認が必要",
    "sources": "OpenStreetMap（© OpenStreetMap contributors, ODbL 1.0）Geofabrik japan-latest.osm.pbf 2026-09-23T20:22:04Z node/8018093185",
    "verifiedAt": ""
   }
  },
  {
   "type": "Feature",
   "geometry": {
    "type": "Point",
    "coordinates": [
     135.1143862,
     34.6511815
    ]
   },
   "properties": {
    "id": "BS-n8254718302",
    "kind": "bus_stop",
    "name": "離宮公園前",
    "datum": "WGS84",
    "mountainIds": "637",
    "mountainNames": "横尾山",
    "lists": "関西百名山",
    "routes": "",
    "entryType": "",
    "trailKmToSummit": "",
    "related": "TH-w1091185297(407m)",
    "attributes": "busRoutes=神戸市交通局｜神戸市バス｜Bus 72",
    "status": "provisional",
    "accuracyM": 20,
    "needsReview": "運行状況（季節運行・休止・予約制）を要確認、公式情報または2情報源での確認が必要",
    "sources": "OpenStreetMap（© OpenStreetMap contributors, ODbL 1.0）Geofabrik japan-latest.osm.pbf 2026-09-23T20:22:04Z node/8254718302",
    "verifiedAt": ""
   }
  },
  {
   "type": "Feature",
   "geometry": {
    "type": "Point",
    "coordinates": [
     135.9013138,
     33.6706886
    ]
   },
   "properties": {
    "id": "BS-n8316893332",
    "kind": "bus_stop",
    "name": "Daimonzaka",
    "datum": "WGS84",
    "mountainIds": "813",
    "mountainNames": "烏帽子山",
    "lists": "関西百名山",
    "routes": "",
    "entryType": "",
    "trailKmToSummit": "",
    "related": "TH-n1389504314(353m) TH-n1389507854(405m)",
    "attributes": "",
    "status": "provisional",
    "accuracyM": 20,
    "needsReview": "運行状況（季節運行・休止・予約制）を要確認、公式情報または2情報源での確認が必要",
    "sources": "OpenStreetMap（© OpenStreetMap contributors, ODbL 1.0）Geofabrik japan-latest.osm.pbf 2026-09-23T20:22:04Z node/8316893332",
    "verifiedAt": ""
   }
  },
  {
   "type": "Feature",
   "geometry": {
    "type": "Point",
    "coordinates": [
     135.6385362,
     34.3938107
    ]
   },
   "properties": {
    "id": "BS-n9499610363",
    "kind": "bus_stop",
    "name": "石見川",
    "datum": "WGS84",
    "mountainIds": "676",
    "mountainNames": "金剛山",
    "lists": "日本二百名山|日本三百名山|関西百名山",
    "routes": "",
    "entryType": "",
    "trailKmToSummit": "",
    "related": "TH-n9499610363(0m)",
    "attributes": "",
    "status": "provisional",
    "accuracyM": 20,
    "needsReview": "運行状況（季節運行・休止・予約制）を要確認、公式情報または2情報源での確認が必要",
    "sources": "OpenStreetMap（© OpenStreetMap contributors, ODbL 1.0）Geofabrik japan-latest.osm.pbf 2026-09-23T20:22:04Z node/9499610363",
    "verifiedAt": ""
   }
  },
  {
   "type": "Feature",
   "geometry": {
    "type": "Point",
    "coordinates": [
     135.9047373,
     33.6692904
    ]
   },
   "properties": {
    "id": "PK-g3366929_13590474",
    "kind": "parking",
    "name": "大門坂駐車場",
    "datum": "WGS84",
    "mountainIds": "813",
    "mountainNames": "烏帽子山",
    "lists": "関西百名山",
    "routes": "",
    "entryType": "",
    "trailKmToSummit": "",
    "related": "TH-n1389504314(0m)",
    "attributes": "",
    "status": "provisional",
    "accuracyM": 100,
    "needsReview": "公式情報では未確認（登山記録で使われている駐車場）",
    "sources": "登山記録で使われている駐車場（登山記録・登山情報サイトで確認。公式情報では未確認）",
    "verifiedAt": ""
   }
  },
  {
   "type": "Feature",
   "geometry": {
    "type": "Point",
    "coordinates": [
     135.826505,
     33.929259
    ]
   },
   "properties": {
    "id": "PK-g3392926_1358265",
    "kind": "parking",
    "name": "玉置神社駐車場",
    "datum": "WGS84",
    "mountainIds": "748",
    "mountainNames": "玉置山",
    "lists": "関西百名山",
    "routes": "",
    "entryType": "",
    "trailKmToSummit": "",
    "related": "TH-n1405424336(0m)",
    "attributes": "",
    "status": "provisional",
    "accuracyM": 100,
    "needsReview": "公式情報では未確認（登山記録で使われている駐車場）",
    "sources": "登山記録で使われている駐車場（登山記録・登山情報サイトで確認。公式情報では未確認）",
    "verifiedAt": ""
   }
  },
  {
   "type": "Feature",
   "geometry": {
    "type": "Point",
    "coordinates": [
     135.3259662,
     34.1056719
    ]
   },
   "properties": {
    "id": "PK-g3410567_13532597",
    "kind": "parking",
    "name": "生石高原第1駐車場",
    "datum": "WGS84",
    "mountainIds": "723",
    "mountainNames": "生石ヶ峰",
    "lists": "関西百名山",
    "routes": "",
    "entryType": "",
    "trailKmToSummit": "",
    "related": "TH-n1429527213(0m)",
    "attributes": "",
    "status": "provisional",
    "accuracyM": 100,
    "needsReview": "公式情報では未確認（登山記録で使われている駐車場）",
    "sources": "登山記録で使われている駐車場（登山記録・登山情報サイトで確認。公式情報では未確認）",
    "verifiedAt": ""
   }
  },
  {
   "type": "Feature",
   "geometry": {
    "type": "Point",
    "coordinates": [
     134.815492,
     34.232774
    ]
   },
   "properties": {
    "id": "PK-g3423277_13481549",
    "kind": "parking",
    "name": "諭鶴羽神社駐車場",
    "datum": "WGS84",
    "mountainIds": "707",
    "mountainNames": "諭鶴羽山",
    "lists": "関西百名山",
    "routes": "",
    "entryType": "",
    "trailKmToSummit": "",
    "related": "TH-n1678356596(0m)",
    "attributes": "",
    "status": "provisional",
    "accuracyM": 100,
    "needsReview": "公式情報では未確認（登山記録で使われている駐車場）",
    "sources": "登山記録で使われている駐車場（登山記録・登山情報サイトで確認。公式情報では未確認）",
    "verifiedAt": ""
   }
  },
  {
   "type": "Feature",
   "geometry": {
    "type": "Point",
    "coordinates": [
     134.796893,
     34.249142
    ]
   },
   "properties": {
    "id": "PK-g3424914_13479689",
    "kind": "parking",
    "name": "諭鶴羽ダム駐車場",
    "datum": "WGS84",
    "mountainIds": "707",
    "mountainNames": "諭鶴羽山",
    "lists": "関西百名山",
    "routes": "",
    "entryType": "",
    "trailKmToSummit": "",
    "related": "TH-n1678366084(0m)",
    "attributes": "",
    "status": "provisional",
    "accuracyM": 100,
    "needsReview": "公式情報では未確認（登山記録で使われている駐車場）",
    "sources": "登山記録で使われている駐車場（登山記録・登山情報サイトで確認。公式情報では未確認）",
    "verifiedAt": ""
   }
  },
  {
   "type": "Feature",
   "geometry": {
    "type": "Point",
    "coordinates": [
     135.843004,
     34.528979
    ]
   },
   "properties": {
    "id": "PK-g3452898_135843",
    "kind": "parking",
    "name": "大神神社第1駐車場",
    "datum": "WGS84",
    "mountainIds": "649",
    "mountainNames": "三輪山",
    "lists": "関西百名山",
    "routes": "",
    "entryType": "",
    "trailKmToSummit": "",
    "related": "TH-gsi-saijinja(1122m)",
    "attributes": "",
    "status": "adopted",
    "accuracyM": 100,
    "needsReview": "登山口から離れている（徒歩アプローチを要確認）",
    "sources": "OpenStreetMap（© OpenStreetMap contributors, ODbL 1.0）way/689281824（大神神社第1駐車場）",
    "verifiedAt": ""
   }
  },
  {
   "type": "Feature",
   "geometry": {
    "type": "Point",
    "coordinates": [
     134.799288,
     34.813476
    ]
   },
   "properties": {
    "id": "PK-g3481348_13479929",
    "kind": "parking",
    "name": "高御位山成井駐車場",
    "datum": "WGS84",
    "mountainIds": "624",
    "mountainNames": "高御位山",
    "lists": "関西百名山",
    "routes": "",
    "entryType": "",
    "trailKmToSummit": "",
    "related": "TH-n1668477327(0m)",
    "attributes": "",
    "status": "provisional",
    "accuracyM": 100,
    "needsReview": "公式情報では未確認（登山記録で使われている駐車場）",
    "sources": "登山記録で使われている駐車場（登山記録・登山情報サイトで確認。公式情報では未確認）",
    "verifiedAt": ""
   }
  },
  {
   "type": "Feature",
   "geometry": {
    "type": "Point",
    "coordinates": [
     136.321401,
     35.012657
    ]
   },
   "properties": {
    "id": "PK-g3501266_1363214",
    "kind": "parking",
    "name": "綿向山御幸橋駐車場",
    "datum": "WGS84",
    "mountainIds": "604",
    "mountainNames": "綿向山",
    "lists": "東海の百山",
    "routes": "",
    "entryType": "",
    "trailKmToSummit": "",
    "related": "TH-gsi-miyukibashi(0m)",
    "attributes": "",
    "status": "provisional",
    "accuracyM": 100,
    "needsReview": "公式情報では未確認（登山記録で使われている駐車場）",
    "sources": "登山記録で使われている駐車場（登山記録・登山情報サイトで確認。公式情報では未確認）",
    "verifiedAt": ""
   }
  },
  {
   "type": "Feature",
   "geometry": {
    "type": "Point",
    "coordinates": [
     134.834575,
     35.037888
    ]
   },
   "properties": {
    "id": "PK-g3503789_13483458",
    "kind": "parking",
    "name": "笠形山登山口駐車場",
    "datum": "WGS84",
    "mountainIds": "591",
    "mountainNames": "笠形山",
    "lists": "関西百名山",
    "routes": "",
    "entryType": "",
    "trailKmToSummit": "",
    "related": "TH-osm-w278201423(0m)",
    "attributes": "",
    "status": "provisional",
    "accuracyM": 100,
    "needsReview": "公式情報では未確認（登山記録で使われている駐車場）",
    "sources": "登山記録で使われている駐車場（登山記録・登山情報サイトで確認。公式情報では未確認）",
    "verifiedAt": ""
   }
  },
  {
   "type": "Feature",
   "geometry": {
    "type": "Point",
    "coordinates": [
     136.027381,
     35.050009
    ]
   },
   "properties": {
    "id": "PK-g3505001_13602738",
    "kind": "parking",
    "name": "御上神社駐車場（国道8号沿い）",
    "datum": "WGS84",
    "mountainIds": "597",
    "mountainNames": "三上山",
    "lists": "関西百名山",
    "routes": "",
    "entryType": "",
    "trailKmToSummit": "",
    "related": "TH-n9465428222(354m)",
    "attributes": "",
    "status": "adopted",
    "accuracyM": 100,
    "needsReview": "登山口から離れている（徒歩アプローチを要確認）",
    "sources": "公式情報: https://www.city.yasu.lg.jp/soshiki/keizai/oshirase/1585294796705.html の「御上神社駐車場（国道8号沿い）」。位置は国土地理院ベクトルタイル提供実験 地理院地図の注記「御上神社」（35.050009, 136.027381）2026-09-24確認",
    "verifiedAt": ""
   }
  },
  {
   "type": "Feature",
   "geometry": {
    "type": "Point",
    "coordinates": [
     134.767698,
     35.170256
    ]
   },
   "properties": {
    "id": "PK-g3517026_1347677",
    "kind": "parking",
    "name": "段ヶ峰登山道口駐車場",
    "datum": "WGS84",
    "mountainIds": "551",
    "mountainNames": "段ヶ峰",
    "lists": "関西百名山",
    "routes": "",
    "entryType": "",
    "trailKmToSummit": "",
    "related": "TH-n1862520437(0m)",
    "attributes": "",
    "status": "provisional",
    "accuracyM": 100,
    "needsReview": "公式情報では未確認（登山記録で使われている駐車場）",
    "sources": "登山記録で使われている駐車場（登山記録・登山情報サイトで確認。公式情報では未確認）",
    "verifiedAt": ""
   }
  },
  {
   "type": "Feature",
   "geometry": {
    "type": "Point",
    "coordinates": [
     136.2590736,
     35.5850446
    ]
   },
   "properties": {
    "id": "PK-g3558504_13625907",
    "kind": "parking",
    "name": "白谷登山口駐車場",
    "datum": "WGS84",
    "mountainIds": "425",
    "mountainNames": "横山岳",
    "lists": "関西百名山",
    "routes": "",
    "entryType": "",
    "trailKmToSummit": "",
    "related": "TH-n12169870554(0m)",
    "attributes": "",
    "status": "provisional",
    "accuracyM": 100,
    "needsReview": "公式情報では未確認（登山記録で使われている駐車場）",
    "sources": "登山記録で使われている駐車場（登山記録・登山情報サイトで確認。公式情報では未確認）",
    "verifiedAt": ""
   }
  },
  {
   "type": "Feature",
   "geometry": {
    "type": "Point",
    "coordinates": [
     136.1599815,
     34.5182147
    ]
   },
   "properties": {
    "id": "PK-n10001205996",
    "kind": "parking",
    "name": "（名称なし）駐車場",
    "datum": "WGS84",
    "mountainIds": "651 656",
    "mountainNames": "倶留尊山、古光山",
    "lists": "日本三百名山|関西百名山|東海の百山",
    "routes": "",
    "entryType": "",
    "trailKmToSummit": "",
    "related": "TH-n1773393516(469m) TH-n8484467824(95m) TH-n8484467947(391m)",
    "attributes": "",
    "status": "provisional",
    "accuracyM": 20,
    "needsReview": "公式情報または2情報源での確認が必要、名称なし、登山口から離れている（徒歩アプローチを要確認）",
    "sources": "OpenStreetMap（© OpenStreetMap contributors, ODbL 1.0）Geofabrik japan-latest.osm.pbf 2026-09-23T20:22:04Z node/10001205996",
    "verifiedAt": ""
   }
  },
  {
   "type": "Feature",
   "geometry": {
    "type": "Point",
    "coordinates": [
     134.6629461,
     35.0600675
    ]
   },
   "properties": {
    "id": "PK-n10096096096",
    "kind": "parking",
    "name": "（名称なし）駐車場",
    "datum": "WGS84",
    "mountainIds": "587",
    "mountainNames": "雪彦山",
    "lists": "関西百名山",
    "routes": "",
    "entryType": "",
    "trailKmToSummit": "",
    "related": "TH-n7368449785(80m)",
    "attributes": "",
    "status": "provisional",
    "accuracyM": 20,
    "needsReview": "公式情報または2情報源での確認が必要、名称なし",
    "sources": "OpenStreetMap（© OpenStreetMap contributors, ODbL 1.0）Geofabrik japan-latest.osm.pbf 2026-09-23T20:22:04Z node/10096096096",
    "verifiedAt": ""
   }
  },
  {
   "type": "Feature",
   "geometry": {
    "type": "Point",
    "coordinates": [
     135.9029603,
     34.5289871
    ]
   },
   "properties": {
    "id": "PK-n10879954436",
    "kind": "parking",
    "name": "akippa駐車場",
    "datum": "WGS84",
    "mountainIds": "649",
    "mountainNames": "三輪山",
    "lists": "関西百名山",
    "routes": "",
    "entryType": "",
    "trailKmToSummit": "",
    "related": "TH-n10879954436(0m)",
    "attributes": "fee=yes",
    "status": "provisional",
    "accuracyM": 20,
    "needsReview": "公式情報または2情報源での確認が必要",
    "sources": "OpenStreetMap（© OpenStreetMap contributors, ODbL 1.0）Geofabrik japan-latest.osm.pbf 2026-09-23T20:22:04Z node/10879954436",
    "verifiedAt": ""
   }
  },
  {
   "type": "Feature",
   "geometry": {
    "type": "Point",
    "coordinates": [
     135.6543178,
     35.0319761
    ]
   },
   "properties": {
    "id": "PK-n1311315204",
    "kind": "parking",
    "name": "（名称なし）駐車場",
    "datum": "WGS84",
    "mountainIds": "593",
    "mountainNames": "愛宕山",
    "lists": "日本三百名山|関西百名山",
    "routes": "",
    "entryType": "",
    "trailKmToSummit": "",
    "related": "TH-n3733873420(318m)",
    "attributes": "",
    "status": "provisional",
    "accuracyM": 20,
    "needsReview": "公式情報または2情報源での確認が必要、名称なし、登山口から離れている（徒歩アプローチを要確認）",
    "sources": "OpenStreetMap（© OpenStreetMap contributors, ODbL 1.0）Geofabrik japan-latest.osm.pbf 2026-09-23T20:22:04Z node/1311315204",
    "verifiedAt": ""
   }
  },
  {
   "type": "Feature",
   "geometry": {
    "type": "Point",
    "coordinates": [
     135.1349415,
     34.6671086
    ]
   },
   "properties": {
    "id": "PK-n13309695201",
    "kind": "parking",
    "name": "三井のリパーク 神戸長田長尾町2丁目 駐車場",
    "datum": "WGS84",
    "mountainIds": "637",
    "mountainNames": "横尾山",
    "lists": "関西百名山",
    "routes": "",
    "entryType": "",
    "trailKmToSummit": "",
    "related": "TH-n13309695201(0m)",
    "attributes": "fee=yes; access=yes; opening_hours=24/7",
    "status": "provisional",
    "accuracyM": 20,
    "needsReview": "公式情報または2情報源での確認が必要",
    "sources": "OpenStreetMap（© OpenStreetMap contributors, ODbL 1.0）Geofabrik japan-latest.osm.pbf 2026-09-23T20:22:04Z node/13309695201",
    "verifiedAt": ""
   }
  },
  {
   "type": "Feature",
   "geometry": {
    "type": "Point",
    "coordinates": [
     135.135244,
     34.6673298
    ]
   },
   "properties": {
    "id": "PK-n13309695301",
    "kind": "parking",
    "name": "パークンパーク 神戸長尾店",
    "datum": "WGS84",
    "mountainIds": "637",
    "mountainNames": "横尾山",
    "lists": "関西百名山",
    "routes": "",
    "entryType": "",
    "trailKmToSummit": "",
    "related": "TH-n13309695201(37m)",
    "attributes": "fee=yes; access=yes",
    "status": "provisional",
    "accuracyM": 20,
    "needsReview": "公式情報または2情報源での確認が必要",
    "sources": "OpenStreetMap（© OpenStreetMap contributors, ODbL 1.0）Geofabrik japan-latest.osm.pbf 2026-09-23T20:22:04Z node/13309695301",
    "verifiedAt": ""
   }
  },
  {
   "type": "Feature",
   "geometry": {
    "type": "Point",
    "coordinates": [
     134.4033239,
     35.1493805
    ]
   },
   "properties": {
    "id": "PK-n1781287019",
    "kind": "parking",
    "name": "（名称なし）駐車場",
    "datum": "WGS84",
    "mountainIds": "570",
    "mountainNames": "日名倉山",
    "lists": "関西百名山",
    "routes": "",
    "entryType": "",
    "trailKmToSummit": "",
    "related": "TH-gsi-bellpeal(45m)",
    "attributes": "",
    "status": "provisional",
    "accuracyM": 20,
    "needsReview": "公式情報または2情報源での確認が必要、名称なし",
    "sources": "OpenStreetMap（© OpenStreetMap contributors, ODbL 1.0）Geofabrik japan-latest.osm.pbf 2026-09-23T20:22:04Z node/1781287019",
    "verifiedAt": ""
   }
  },
  {
   "type": "Feature",
   "geometry": {
    "type": "Point",
    "coordinates": [
     136.0350549,
     35.4962074
    ]
   },
   "properties": {
    "id": "PK-n2285521221",
    "kind": "parking",
    "name": "マキノ高原温泉;さらさ",
    "datum": "WGS84",
    "mountainIds": "441",
    "mountainNames": "赤坂山",
    "lists": "関西百名山",
    "routes": "",
    "entryType": "",
    "trailKmToSummit": "",
    "related": "TH-n1384051346(374m)",
    "attributes": "",
    "status": "provisional",
    "accuracyM": 20,
    "needsReview": "公式情報または2情報源での確認が必要、登山口から離れている（徒歩アプローチを要確認）",
    "sources": "OpenStreetMap（© OpenStreetMap contributors, ODbL 1.0）Geofabrik japan-latest.osm.pbf 2026-09-23T20:22:04Z node/2285521221",
    "verifiedAt": ""
   }
  },
  {
   "type": "Feature",
   "geometry": {
    "type": "Point",
    "coordinates": [
     134.7771488,
     34.806759
    ]
   },
   "properties": {
    "id": "PK-n2604549382",
    "kind": "parking",
    "name": "（名称なし）駐車場",
    "datum": "WGS84",
    "mountainIds": "624",
    "mountainNames": "高御位山",
    "lists": "関西百名山",
    "routes": "",
    "entryType": "",
    "trailKmToSummit": "",
    "related": "TH-kP11-22-28-bs5722(43m) TH-n1342088597(310m)",
    "attributes": "",
    "status": "provisional",
    "accuracyM": 20,
    "needsReview": "公式情報または2情報源での確認が必要、名称なし、登山口から離れている（徒歩アプローチを要確認）",
    "sources": "OpenStreetMap（© OpenStreetMap contributors, ODbL 1.0）Geofabrik japan-latest.osm.pbf 2026-09-23T20:22:04Z node/2604549382",
    "verifiedAt": ""
   }
  },
  {
   "type": "Feature",
   "geometry": {
    "type": "Point",
    "coordinates": [
     134.7779389,
     34.8071222
    ]
   },
   "properties": {
    "id": "PK-n2604549387",
    "kind": "parking",
    "name": "（名称なし）駐車場",
    "datum": "WGS84",
    "mountainIds": "624",
    "mountainNames": "高御位山",
    "lists": "関西百名山",
    "routes": "",
    "entryType": "",
    "trailKmToSummit": "",
    "related": "TH-kP11-22-28-bs5722(39m)",
    "attributes": "",
    "status": "provisional",
    "accuracyM": 20,
    "needsReview": "公式情報または2情報源での確認が必要、名称なし",
    "sources": "OpenStreetMap（© OpenStreetMap contributors, ODbL 1.0）Geofabrik japan-latest.osm.pbf 2026-09-23T20:22:04Z node/2604549387",
    "verifiedAt": ""
   }
  },
  {
   "type": "Feature",
   "geometry": {
    "type": "Point",
    "coordinates": [
     135.882753,
     34.343257
    ]
   },
   "properties": {
    "id": "PK-n2863420801",
    "kind": "parking",
    "name": "駐車場",
    "datum": "WGS84",
    "mountainIds": "684",
    "mountainNames": "吉野山",
    "lists": "関西百名山",
    "routes": "",
    "entryType": "",
    "trailKmToSummit": "",
    "related": "TH-n1496057185(123m)",
    "attributes": "",
    "status": "provisional",
    "accuracyM": 20,
    "needsReview": "公式情報または2情報源での確認が必要",
    "sources": "OpenStreetMap（© OpenStreetMap contributors, ODbL 1.0）Geofabrik japan-latest.osm.pbf 2026-09-23T20:22:04Z node/2863420801",
    "verifiedAt": ""
   }
  },
  {
   "type": "Feature",
   "geometry": {
    "type": "Point",
    "coordinates": [
     135.8942004,
     34.2669571
    ]
   },
   "properties": {
    "id": "PK-n3014434870",
    "kind": "parking",
    "name": "ごろごろ茶屋",
    "datum": "WGS84",
    "mountainIds": "700 705 710",
    "mountainNames": "山上ヶ岳、稲村ヶ岳、大普賢岳",
    "lists": "日本三百名山|関西百名山",
    "routes": "",
    "entryType": "",
    "trailKmToSummit": "",
    "related": "TH-n12292903156(32m)",
    "attributes": "",
    "status": "provisional",
    "accuracyM": 20,
    "needsReview": "公式情報または2情報源での確認が必要",
    "sources": "OpenStreetMap（© OpenStreetMap contributors, ODbL 1.0）Geofabrik japan-latest.osm.pbf 2026-09-23T20:22:04Z node/3014434870",
    "verifiedAt": ""
   }
  },
  {
   "type": "Feature",
   "geometry": {
    "type": "Point",
    "coordinates": [
     136.0975818,
     34.5077046
    ]
   },
   "properties": {
    "id": "PK-n3830764650",
    "kind": "parking",
    "name": "屏風岩公苑",
    "datum": "WGS84",
    "mountainIds": "655",
    "mountainNames": "住塚山",
    "lists": "関西百名山",
    "routes": "",
    "entryType": "",
    "trailKmToSummit": "",
    "related": "TH-n1773391642(177m)",
    "attributes": "",
    "status": "provisional",
    "accuracyM": 20,
    "needsReview": "公式情報または2情報源での確認が必要",
    "sources": "OpenStreetMap（© OpenStreetMap contributors, ODbL 1.0）Geofabrik japan-latest.osm.pbf 2026-09-23T20:22:04Z node/3830764650",
    "verifiedAt": ""
   }
  },
  {
   "type": "Feature",
   "geometry": {
    "type": "Point",
    "coordinates": [
     134.7999397,
     34.8132249
    ]
   },
   "properties": {
    "id": "PK-n4111339655",
    "kind": "parking",
    "name": "（名称なし）駐車場",
    "datum": "WGS84",
    "mountainIds": "624",
    "mountainNames": "高御位山",
    "lists": "関西百名山",
    "routes": "",
    "entryType": "",
    "trailKmToSummit": "",
    "related": "TH-n1668477701(363m) TH-n1668477327(66m)",
    "attributes": "",
    "status": "provisional",
    "accuracyM": 20,
    "needsReview": "公式情報または2情報源での確認が必要、名称なし、登山口から離れている（徒歩アプローチを要確認）",
    "sources": "OpenStreetMap（© OpenStreetMap contributors, ODbL 1.0）Geofabrik japan-latest.osm.pbf 2026-09-23T20:22:04Z node/4111339655",
    "verifiedAt": ""
   }
  },
  {
   "type": "Feature",
   "geometry": {
    "type": "Point",
    "coordinates": [
     136.4433367,
     35.0197307
    ]
   },
   "properties": {
    "id": "PK-n4213643454",
    "kind": "parking",
    "name": "Uramichi Trailhead",
    "datum": "WGS84",
    "mountainIds": "585 589 595 601 602 607 609 611 612",
    "mountainNames": "三池岳、釈迦ヶ岳、尾高山、雨乞岳、御在所岳、鎌ヶ岳、入道ヶ岳、宮指路岳、仙ヶ岳",
    "lists": "東海の百山|日本二百名山|日本三百名山|関西百名山",
    "routes": "",
    "entryType": "",
    "trailKmToSummit": "",
    "related": "TH-n4213643454(0m)",
    "attributes": "",
    "status": "provisional",
    "accuracyM": 20,
    "needsReview": "公式情報または2情報源での確認が必要",
    "sources": "OpenStreetMap（© OpenStreetMap contributors, ODbL 1.0）Geofabrik japan-latest.osm.pbf 2026-09-23T20:22:04Z node/4213643454",
    "verifiedAt": ""
   }
  },
  {
   "type": "Feature",
   "geometry": {
    "type": "Point",
    "coordinates": [
     135.9367025,
     34.189443
    ]
   },
   "properties": {
    "id": "PK-n5624648721",
    "kind": "parking",
    "name": "（名称なし）駐車場",
    "datum": "WGS84",
    "mountainIds": "700 710 714 719 722",
    "mountainNames": "山上ヶ岳、大普賢岳、行者還岳、大峰山、釈迦ヶ岳",
    "lists": "日本三百名山|関西百名山|日本百名山|日本二百名山",
    "routes": "",
    "entryType": "",
    "trailKmToSummit": "",
    "related": "TH-n1412886725(77m)",
    "attributes": "",
    "status": "provisional",
    "accuracyM": 20,
    "needsReview": "公式情報または2情報源での確認が必要、名称なし",
    "sources": "OpenStreetMap（© OpenStreetMap contributors, ODbL 1.0）Geofabrik japan-latest.osm.pbf 2026-09-23T20:22:04Z node/5624648721",
    "verifiedAt": ""
   }
  },
  {
   "type": "Feature",
   "geometry": {
    "type": "Point",
    "coordinates": [
     135.9371263,
     34.1888373
    ]
   },
   "properties": {
    "id": "PK-n5624648722",
    "kind": "parking",
    "name": "（名称なし）駐車場",
    "datum": "WGS84",
    "mountainIds": "700 710 714 719 722",
    "mountainNames": "山上ヶ岳、大普賢岳、行者還岳、大峰山、釈迦ヶ岳",
    "lists": "日本三百名山|関西百名山|日本百名山|日本二百名山",
    "routes": "",
    "entryType": "",
    "trailKmToSummit": "",
    "related": "TH-n1412886725(23m)",
    "attributes": "",
    "status": "provisional",
    "accuracyM": 20,
    "needsReview": "公式情報または2情報源での確認が必要、名称なし",
    "sources": "OpenStreetMap（© OpenStreetMap contributors, ODbL 1.0）Geofabrik japan-latest.osm.pbf 2026-09-23T20:22:04Z node/5624648722",
    "verifiedAt": ""
   }
  },
  {
   "type": "Feature",
   "geometry": {
    "type": "Point",
    "coordinates": [
     135.920938,
     35.3430144
    ]
   },
   "properties": {
    "id": "PK-n6177995786",
    "kind": "parking",
    "name": "グリーンパーク想い出の森;くつき温泉てんくう",
    "datum": "WGS84",
    "mountainIds": "509 522",
    "mountainNames": "蛇谷ヶ峰、武奈ヶ岳",
    "lists": "関西百名山|日本二百名山|日本三百名山",
    "routes": "",
    "entryType": "",
    "trailKmToSummit": "",
    "related": "TH-n6177995786(0m)",
    "attributes": "",
    "status": "provisional",
    "accuracyM": 20,
    "needsReview": "公式情報または2情報源での確認が必要",
    "sources": "OpenStreetMap（© OpenStreetMap contributors, ODbL 1.0）Geofabrik japan-latest.osm.pbf 2026-09-23T20:22:04Z node/6177995786",
    "verifiedAt": ""
   }
  },
  {
   "type": "Feature",
   "geometry": {
    "type": "Point",
    "coordinates": [
     135.2479087,
     34.7980191
    ]
   },
   "properties": {
    "id": "PK-n6214974621",
    "kind": "parking",
    "name": "（名称なし）駐車場",
    "datum": "WGS84",
    "mountainIds": "628",
    "mountainNames": "六甲最高峰",
    "lists": "日本三百名山|関西百名山",
    "routes": "",
    "entryType": "",
    "trailKmToSummit": "",
    "related": "TH-n12345111564(210m)",
    "attributes": "access=customers",
    "status": "provisional",
    "accuracyM": 20,
    "needsReview": "公式情報または2情報源での確認が必要、名称なし",
    "sources": "OpenStreetMap（© OpenStreetMap contributors, ODbL 1.0）Geofabrik japan-latest.osm.pbf 2026-09-23T20:22:04Z node/6214974621",
    "verifiedAt": ""
   }
  },
  {
   "type": "Feature",
   "geometry": {
    "type": "Point",
    "coordinates": [
     135.8402858,
     34.2223972
    ]
   },
   "properties": {
    "id": "PK-n6477370137",
    "kind": "parking",
    "name": "天の川温泉;天の川温泉センター",
    "datum": "WGS84",
    "mountainIds": "719",
    "mountainNames": "大峰山",
    "lists": "日本百名山|日本二百名山|日本三百名山|関西百名山",
    "routes": "",
    "entryType": "",
    "trailKmToSummit": "",
    "related": "TH-n6643037685(207m)",
    "attributes": "",
    "status": "provisional",
    "accuracyM": 20,
    "needsReview": "公式情報または2情報源での確認が必要",
    "sources": "OpenStreetMap（© OpenStreetMap contributors, ODbL 1.0）Geofabrik japan-latest.osm.pbf 2026-09-23T20:22:04Z node/6477370137",
    "verifiedAt": ""
   }
  },
  {
   "type": "Feature",
   "geometry": {
    "type": "Point",
    "coordinates": [
     135.9032369,
     33.6686404
    ]
   },
   "properties": {
    "id": "PK-n6696082443",
    "kind": "parking",
    "name": "大門坂;無料Ｐ",
    "datum": "WGS84",
    "mountainIds": "813",
    "mountainNames": "烏帽子山",
    "lists": "関西百名山",
    "routes": "",
    "entryType": "",
    "trailKmToSummit": "",
    "related": "TH-n1389504314(156m)",
    "attributes": "",
    "status": "provisional",
    "accuracyM": 20,
    "needsReview": "公式情報または2情報源での確認が必要",
    "sources": "OpenStreetMap（© OpenStreetMap contributors, ODbL 1.0）Geofabrik japan-latest.osm.pbf 2026-09-23T20:22:04Z node/6696082443",
    "verifiedAt": ""
   }
  },
  {
   "type": "Feature",
   "geometry": {
    "type": "Point",
    "coordinates": [
     135.8700381,
     34.2460456
    ]
   },
   "properties": {
    "id": "PK-n6703059401",
    "kind": "parking",
    "name": "（名称なし）駐車場",
    "datum": "WGS84",
    "mountainIds": "700 705 710",
    "mountainNames": "山上ヶ岳、稲村ヶ岳、大普賢岳",
    "lists": "日本三百名山|関西百名山",
    "routes": "",
    "entryType": "",
    "trailKmToSummit": "",
    "related": "TH-n6703059403(125m)",
    "attributes": "",
    "status": "provisional",
    "accuracyM": 20,
    "needsReview": "公式情報または2情報源での確認が必要、名称なし",
    "sources": "OpenStreetMap（© OpenStreetMap contributors, ODbL 1.0）Geofabrik japan-latest.osm.pbf 2026-09-23T20:22:04Z node/6703059401",
    "verifiedAt": ""
   }
  },
  {
   "type": "Feature",
   "geometry": {
    "type": "Point",
    "coordinates": [
     136.4418029,
     35.0447992
    ]
   },
   "properties": {
    "id": "PK-n6723664943",
    "kind": "parking",
    "name": "三休の湯",
    "datum": "WGS84",
    "mountainIds": "585 589 595 601 602 607",
    "mountainNames": "三池岳、釈迦ヶ岳、尾高山、雨乞岳、御在所岳、鎌ヶ岳",
    "lists": "東海の百山|日本二百名山|日本三百名山|関西百名山",
    "routes": "",
    "entryType": "",
    "trailKmToSummit": "",
    "related": "TH-n6723664943(0m)",
    "attributes": "",
    "status": "provisional",
    "accuracyM": 20,
    "needsReview": "公式情報または2情報源での確認が必要",
    "sources": "OpenStreetMap（© OpenStreetMap contributors, ODbL 1.0）Geofabrik japan-latest.osm.pbf 2026-09-23T20:22:04Z node/6723664943",
    "verifiedAt": ""
   }
  },
  {
   "type": "Feature",
   "geometry": {
    "type": "Point",
    "coordinates": [
     136.1606774,
     34.5184147
    ]
   },
   "properties": {
    "id": "PK-n722515404",
    "kind": "parking",
    "name": "（名称なし）駐車場",
    "datum": "WGS84",
    "mountainIds": "651 656",
    "mountainNames": "倶留尊山、古光山",
    "lists": "日本三百名山|関西百名山|東海の百山",
    "routes": "",
    "entryType": "",
    "trailKmToSummit": "",
    "related": "TH-n1773393516(472m) TH-n8484467824(39m) TH-n8484467947(419m)",
    "attributes": "",
    "status": "provisional",
    "accuracyM": 20,
    "needsReview": "公式情報または2情報源での確認が必要、名称なし、登山口から離れている（徒歩アプローチを要確認）",
    "sources": "OpenStreetMap（© OpenStreetMap contributors, ODbL 1.0）Geofabrik japan-latest.osm.pbf 2026-09-23T20:22:04Z node/722515404",
    "verifiedAt": ""
   }
  },
  {
   "type": "Feature",
   "geometry": {
    "type": "Point",
    "coordinates": [
     135.6787404,
     34.4429345
    ]
   },
   "properties": {
    "id": "PK-w1019662031",
    "kind": "parking",
    "name": "（名称なし）駐車場",
    "datum": "WGS84",
    "mountainIds": "667 676",
    "mountainNames": "大和葛城山、金剛山",
    "lists": "日本三百名山|関西百名山|日本二百名山",
    "routes": "",
    "entryType": "",
    "trailKmToSummit": "",
    "related": "TH-n9404409834(302m) TH-w397570279(228m)",
    "attributes": "access=private; operator=金剛バス",
    "status": "provisional",
    "accuracyM": 40,
    "needsReview": "公式情報または2情報源での確認が必要、名称なし、登山口から離れている（徒歩アプローチを要確認）",
    "sources": "OpenStreetMap（© OpenStreetMap contributors, ODbL 1.0）Geofabrik japan-latest.osm.pbf 2026-09-23T20:22:04Z way/1019662031",
    "verifiedAt": ""
   }
  },
  {
   "type": "Feature",
   "geometry": {
    "type": "Point",
    "coordinates": [
     135.6786013,
     34.4430674
    ]
   },
   "properties": {
    "id": "PK-w1019662032",
    "kind": "parking",
    "name": "（名称なし）駐車場",
    "datum": "WGS84",
    "mountainIds": "667 676",
    "mountainNames": "大和葛城山、金剛山",
    "lists": "日本三百名山|関西百名山|日本二百名山",
    "routes": "",
    "entryType": "",
    "trailKmToSummit": "",
    "related": "TH-n9404409834(311m) TH-w397570279(208m)",
    "attributes": "capacity=7; access=yes",
    "status": "provisional",
    "accuracyM": 40,
    "needsReview": "公式情報または2情報源での確認が必要、名称なし、登山口から離れている（徒歩アプローチを要確認）",
    "sources": "OpenStreetMap（© OpenStreetMap contributors, ODbL 1.0）Geofabrik japan-latest.osm.pbf 2026-09-23T20:22:04Z way/1019662032",
    "verifiedAt": ""
   }
  },
  {
   "type": "Feature",
   "geometry": {
    "type": "Point",
    "coordinates": [
     135.6583191,
     35.0397938
    ]
   },
   "properties": {
    "id": "PK-w1063763648",
    "kind": "parking",
    "name": "（名称なし）駐車場",
    "datum": "WGS84",
    "mountainIds": "593",
    "mountainNames": "愛宕山",
    "lists": "日本三百名山|関西百名山",
    "routes": "",
    "entryType": "",
    "trailKmToSummit": "",
    "related": "TH-n3733870869(80m)",
    "attributes": "fee=yes",
    "status": "provisional",
    "accuracyM": 40,
    "needsReview": "公式情報または2情報源での確認が必要、名称なし",
    "sources": "OpenStreetMap（© OpenStreetMap contributors, ODbL 1.0）Geofabrik japan-latest.osm.pbf 2026-09-23T20:22:04Z way/1063763648",
    "verifiedAt": ""
   }
  },
  {
   "type": "Feature",
   "geometry": {
    "type": "Point",
    "coordinates": [
     134.8119488,
     34.8138236
    ]
   },
   "properties": {
    "id": "PK-w1075798839",
    "kind": "parking",
    "name": "（名称なし）駐車場",
    "datum": "WGS84",
    "mountainIds": "624",
    "mountainNames": "高御位山",
    "lists": "関西百名山",
    "routes": "",
    "entryType": "",
    "trailKmToSummit": "",
    "related": "TH-w1150059209(373m)",
    "attributes": "",
    "status": "provisional",
    "accuracyM": 40,
    "needsReview": "公式情報または2情報源での確認が必要、名称なし、登山口から離れている（徒歩アプローチを要確認）",
    "sources": "OpenStreetMap（© OpenStreetMap contributors, ODbL 1.0）Geofabrik japan-latest.osm.pbf 2026-09-23T20:22:04Z way/1075798839",
    "verifiedAt": ""
   }
  },
  {
   "type": "Feature",
   "geometry": {
    "type": "Point",
    "coordinates": [
     135.1689822,
     35.0621109
    ]
   },
   "properties": {
    "id": "PK-w1079666406",
    "kind": "parking",
    "name": "（名称なし）駐車場",
    "datum": "WGS84",
    "mountainIds": "600",
    "mountainNames": "白髪岳",
    "lists": "関西百名山",
    "routes": "",
    "entryType": "",
    "trailKmToSummit": "",
    "related": "TH-n2023952915(482m)",
    "attributes": "access=private",
    "status": "provisional",
    "accuracyM": 40,
    "needsReview": "公式情報または2情報源での確認が必要、名称なし、登山口から離れている（徒歩アプローチを要確認）",
    "sources": "OpenStreetMap（© OpenStreetMap contributors, ODbL 1.0）Geofabrik japan-latest.osm.pbf 2026-09-23T20:22:04Z way/1079666406",
    "verifiedAt": ""
   }
  },
  {
   "type": "Feature",
   "geometry": {
    "type": "Point",
    "coordinates": [
     135.1456238,
     34.6586985
    ]
   },
   "properties": {
    "id": "PK-w1083378474",
    "kind": "parking",
    "name": "One Park長田駅前",
    "datum": "WGS84",
    "mountainIds": "637",
    "mountainNames": "横尾山",
    "lists": "関西百名山",
    "routes": "",
    "entryType": "",
    "trailKmToSummit": "",
    "related": "TH-n11404334582(66m)",
    "attributes": "fee=yes; access=yes",
    "status": "provisional",
    "accuracyM": 40,
    "needsReview": "公式情報または2情報源での確認が必要",
    "sources": "OpenStreetMap（© OpenStreetMap contributors, ODbL 1.0）Geofabrik japan-latest.osm.pbf 2026-09-23T20:22:04Z way/1083378474",
    "verifiedAt": ""
   }
  },
  {
   "type": "Feature",
   "geometry": {
    "type": "Point",
    "coordinates": [
     135.1457118,
     34.6588721
    ]
   },
   "properties": {
    "id": "PK-w1083378475",
    "kind": "parking",
    "name": "（名称なし）駐車場",
    "datum": "WGS84",
    "mountainIds": "637",
    "mountainNames": "横尾山",
    "lists": "関西百名山",
    "routes": "",
    "entryType": "",
    "trailKmToSummit": "",
    "related": "TH-n11404334582(50m)",
    "attributes": "access=private",
    "status": "provisional",
    "accuracyM": 40,
    "needsReview": "公式情報または2情報源での確認が必要、名称なし",
    "sources": "OpenStreetMap（© OpenStreetMap contributors, ODbL 1.0）Geofabrik japan-latest.osm.pbf 2026-09-23T20:22:04Z way/1083378475",
    "verifiedAt": ""
   }
  },
  {
   "type": "Feature",
   "geometry": {
    "type": "Point",
    "coordinates": [
     134.7532309,
     34.8130043
    ]
   },
   "properties": {
    "id": "PK-w1085625241",
    "kind": "parking",
    "name": "（名称なし）駐車場",
    "datum": "WGS84",
    "mountainIds": "624",
    "mountainNames": "高御位山",
    "lists": "関西百名山",
    "routes": "",
    "entryType": "",
    "trailKmToSummit": "",
    "related": "TH-n1342305135(376m)",
    "attributes": "access=private",
    "status": "provisional",
    "accuracyM": 40,
    "needsReview": "公式情報または2情報源での確認が必要、名称なし、登山口から離れている（徒歩アプローチを要確認）",
    "sources": "OpenStreetMap（© OpenStreetMap contributors, ODbL 1.0）Geofabrik japan-latest.osm.pbf 2026-09-23T20:22:04Z way/1085625241",
    "verifiedAt": ""
   }
  },
  {
   "type": "Feature",
   "geometry": {
    "type": "Point",
    "coordinates": [
     134.753031,
     34.8133001
    ]
   },
   "properties": {
    "id": "PK-w1085625242",
    "kind": "parking",
    "name": "（名称なし）駐車場",
    "datum": "WGS84",
    "mountainIds": "624",
    "mountainNames": "高御位山",
    "lists": "関西百名山",
    "routes": "",
    "entryType": "",
    "trailKmToSummit": "",
    "related": "TH-n1342305135(377m)",
    "attributes": "access=private",
    "status": "provisional",
    "accuracyM": 40,
    "needsReview": "公式情報または2情報源での確認が必要、名称なし、登山口から離れている（徒歩アプローチを要確認）",
    "sources": "OpenStreetMap（© OpenStreetMap contributors, ODbL 1.0）Geofabrik japan-latest.osm.pbf 2026-09-23T20:22:04Z way/1085625242",
    "verifiedAt": ""
   }
  },
  {
   "type": "Feature",
   "geometry": {
    "type": "Point",
    "coordinates": [
     135.1333376,
     34.6602873
    ]
   },
   "properties": {
    "id": "PK-w1086356122",
    "kind": "parking",
    "name": "（名称なし）駐車場",
    "datum": "WGS84",
    "mountainIds": "637",
    "mountainNames": "横尾山",
    "lists": "関西百名山",
    "routes": "",
    "entryType": "",
    "trailKmToSummit": "",
    "related": "TH-n2117457129(112m)",
    "attributes": "",
    "status": "provisional",
    "accuracyM": 40,
    "needsReview": "公式情報または2情報源での確認が必要、名称なし",
    "sources": "OpenStreetMap（© OpenStreetMap contributors, ODbL 1.0）Geofabrik japan-latest.osm.pbf 2026-09-23T20:22:04Z way/1086356122",
    "verifiedAt": ""
   }
  },
  {
   "type": "Feature",
   "geometry": {
    "type": "Point",
    "coordinates": [
     135.1728575,
     34.6749814
    ]
   },
   "properties": {
    "id": "PK-w1088090073",
    "kind": "parking",
    "name": "（名称なし）駐車場",
    "datum": "WGS84",
    "mountainIds": "637",
    "mountainNames": "横尾山",
    "lists": "関西百名山",
    "routes": "",
    "entryType": "",
    "trailKmToSummit": "",
    "related": "TH-n13255278248(206m)",
    "attributes": "access=customers",
    "status": "provisional",
    "accuracyM": 40,
    "needsReview": "公式情報または2情報源での確認が必要、名称なし",
    "sources": "OpenStreetMap（© OpenStreetMap contributors, ODbL 1.0）Geofabrik japan-latest.osm.pbf 2026-09-23T20:22:04Z way/1088090073",
    "verifiedAt": ""
   }
  },
  {
   "type": "Feature",
   "geometry": {
    "type": "Point",
    "coordinates": [
     135.1143837,
     34.6483461
    ]
   },
   "properties": {
    "id": "PK-w1091161977",
    "kind": "parking",
    "name": "（名称なし）駐車場",
    "datum": "WGS84",
    "mountainIds": "637",
    "mountainNames": "横尾山",
    "lists": "関西百名山",
    "routes": "",
    "entryType": "",
    "trailKmToSummit": "",
    "related": "TH-w1091185297(101m)",
    "attributes": "",
    "status": "provisional",
    "accuracyM": 40,
    "needsReview": "公式情報または2情報源での確認が必要、名称なし",
    "sources": "OpenStreetMap（© OpenStreetMap contributors, ODbL 1.0）Geofabrik japan-latest.osm.pbf 2026-09-23T20:22:04Z way/1091161977",
    "verifiedAt": ""
   }
  },
  {
   "type": "Feature",
   "geometry": {
    "type": "Point",
    "coordinates": [
     135.1139295,
     34.6475158
    ]
   },
   "properties": {
    "id": "PK-w1091185297",
    "kind": "parking",
    "name": "三井のリパーク",
    "datum": "WGS84",
    "mountainIds": "637",
    "mountainNames": "横尾山",
    "lists": "関西百名山",
    "routes": "",
    "entryType": "",
    "trailKmToSummit": "",
    "related": "TH-w1091185297(0m)",
    "attributes": "fee=yes; operator=三井不動産リアルティ",
    "status": "provisional",
    "accuracyM": 40,
    "needsReview": "公式情報または2情報源での確認が必要",
    "sources": "OpenStreetMap（© OpenStreetMap contributors, ODbL 1.0）Geofabrik japan-latest.osm.pbf 2026-09-23T20:22:04Z way/1091185297",
    "verifiedAt": ""
   }
  },
  {
   "type": "Feature",
   "geometry": {
    "type": "Point",
    "coordinates": [
     135.1332091,
     34.6587823
    ]
   },
   "properties": {
    "id": "PK-w1094065242",
    "kind": "parking",
    "name": "（名称なし）駐車場",
    "datum": "WGS84",
    "mountainIds": "637",
    "mountainNames": "横尾山",
    "lists": "関西百名山",
    "routes": "",
    "entryType": "",
    "trailKmToSummit": "",
    "related": "TH-n2117457129(137m)",
    "attributes": "",
    "status": "provisional",
    "accuracyM": 40,
    "needsReview": "公式情報または2情報源での確認が必要、名称なし",
    "sources": "OpenStreetMap（© OpenStreetMap contributors, ODbL 1.0）Geofabrik japan-latest.osm.pbf 2026-09-23T20:22:04Z way/1094065242",
    "verifiedAt": ""
   }
  },
  {
   "type": "Feature",
   "geometry": {
    "type": "Point",
    "coordinates": [
     135.4679283,
     34.9359985
    ]
   },
   "properties": {
    "id": "PK-w1095338929",
    "kind": "parking",
    "name": "（名称なし）駐車場",
    "datum": "WGS84",
    "mountainIds": "615",
    "mountainNames": "妙見山",
    "lists": "関西百名山",
    "routes": "",
    "entryType": "",
    "trailKmToSummit": "",
    "related": "TH-n1550334169(45m)",
    "attributes": "",
    "status": "provisional",
    "accuracyM": 40,
    "needsReview": "公式情報または2情報源での確認が必要、名称なし",
    "sources": "OpenStreetMap（© OpenStreetMap contributors, ODbL 1.0）Geofabrik japan-latest.osm.pbf 2026-09-23T20:22:04Z way/1095338929",
    "verifiedAt": ""
   }
  },
  {
   "type": "Feature",
   "geometry": {
    "type": "Point",
    "coordinates": [
     135.4679783,
     34.9360894
    ]
   },
   "properties": {
    "id": "PK-w1095338930",
    "kind": "parking",
    "name": "（名称なし）駐車場",
    "datum": "WGS84",
    "mountainIds": "615",
    "mountainNames": "妙見山",
    "lists": "関西百名山",
    "routes": "",
    "entryType": "",
    "trailKmToSummit": "",
    "related": "TH-n1550334169(56m)",
    "attributes": "",
    "status": "provisional",
    "accuracyM": 40,
    "needsReview": "公式情報または2情報源での確認が必要、名称なし",
    "sources": "OpenStreetMap（© OpenStreetMap contributors, ODbL 1.0）Geofabrik japan-latest.osm.pbf 2026-09-23T20:22:04Z way/1095338930",
    "verifiedAt": ""
   }
  },
  {
   "type": "Feature",
   "geometry": {
    "type": "Point",
    "coordinates": [
     135.1336885,
     34.6591455
    ]
   },
   "properties": {
    "id": "PK-w1095872385",
    "kind": "parking",
    "name": "（名称なし）駐車場",
    "datum": "WGS84",
    "mountainIds": "637",
    "mountainNames": "横尾山",
    "lists": "関西百名山",
    "routes": "",
    "entryType": "",
    "trailKmToSummit": "",
    "related": "TH-n2117457129(145m)",
    "attributes": "",
    "status": "provisional",
    "accuracyM": 40,
    "needsReview": "公式情報または2情報源での確認が必要、名称なし",
    "sources": "OpenStreetMap（© OpenStreetMap contributors, ODbL 1.0）Geofabrik japan-latest.osm.pbf 2026-09-23T20:22:04Z way/1095872385",
    "verifiedAt": ""
   }
  },
  {
   "type": "Feature",
   "geometry": {
    "type": "Point",
    "coordinates": [
     135.1739382,
     34.6726517
    ]
   },
   "properties": {
    "id": "PK-w1096570712",
    "kind": "parking",
    "name": "（名称なし）駐車場",
    "datum": "WGS84",
    "mountainIds": "637",
    "mountainNames": "横尾山",
    "lists": "関西百名山",
    "routes": "",
    "entryType": "",
    "trailKmToSummit": "",
    "related": "TH-n13255278248(173m)",
    "attributes": "",
    "status": "provisional",
    "accuracyM": 40,
    "needsReview": "公式情報または2情報源での確認が必要、名称なし",
    "sources": "OpenStreetMap（© OpenStreetMap contributors, ODbL 1.0）Geofabrik japan-latest.osm.pbf 2026-09-23T20:22:04Z way/1096570712",
    "verifiedAt": ""
   }
  },
  {
   "type": "Feature",
   "geometry": {
    "type": "Point",
    "coordinates": [
     135.1718169,
     34.6715807
    ]
   },
   "properties": {
    "id": "PK-w1096570733",
    "kind": "parking",
    "name": "（名称なし）駐車場",
    "datum": "WGS84",
    "mountainIds": "637",
    "mountainNames": "横尾山",
    "lists": "関西百名山",
    "routes": "",
    "entryType": "",
    "trailKmToSummit": "",
    "related": "TH-n13255278248(183m)",
    "attributes": "",
    "status": "provisional",
    "accuracyM": 40,
    "needsReview": "公式情報または2情報源での確認が必要、名称なし",
    "sources": "OpenStreetMap（© OpenStreetMap contributors, ODbL 1.0）Geofabrik japan-latest.osm.pbf 2026-09-23T20:22:04Z way/1096570733",
    "verifiedAt": ""
   }
  },
  {
   "type": "Feature",
   "geometry": {
    "type": "Point",
    "coordinates": [
     136.4750922,
     35.1707703
    ]
   },
   "properties": {
    "id": "PK-w1122682967",
    "kind": "parking",
    "name": "藤原岳登山口駐車場",
    "datum": "WGS84",
    "mountainIds": "553 555 563 577",
    "mountainNames": "鈴北岳、御池岳、藤原岳、竜ヶ岳",
    "lists": "東海の百山|関西百名山|日本三百名山",
    "routes": "",
    "entryType": "",
    "trailKmToSummit": "",
    "related": "TH-n4789841022(98m)",
    "attributes": "fee=no",
    "status": "provisional",
    "accuracyM": 40,
    "needsReview": "公式情報または2情報源での確認が必要",
    "sources": "OpenStreetMap（© OpenStreetMap contributors, ODbL 1.0）Geofabrik japan-latest.osm.pbf 2026-09-23T20:22:04Z way/1122682967",
    "verifiedAt": ""
   }
  },
  {
   "type": "Feature",
   "geometry": {
    "type": "Point",
    "coordinates": [
     136.4744512,
     35.1739413
    ]
   },
   "properties": {
    "id": "PK-w1122682969",
    "kind": "parking",
    "name": "鈴鹿山脈・藤原岳観光駐車場",
    "datum": "WGS84",
    "mountainIds": "553 555 563 577",
    "mountainNames": "鈴北岳、御池岳、藤原岳、竜ヶ岳",
    "lists": "東海の百山|関西百名山|日本三百名山",
    "routes": "",
    "entryType": "",
    "trailKmToSummit": "",
    "related": "TH-n4789841022(310m)",
    "attributes": "fee=yes; access=yes; operator=いなべ市観光協会",
    "status": "provisional",
    "accuracyM": 40,
    "needsReview": "公式情報または2情報源での確認が必要、登山口から離れている（徒歩アプローチを要確認）",
    "sources": "OpenStreetMap（© OpenStreetMap contributors, ODbL 1.0）Geofabrik japan-latest.osm.pbf 2026-09-23T20:22:04Z way/1122682969",
    "verifiedAt": ""
   }
  },
  {
   "type": "Feature",
   "geometry": {
    "type": "Point",
    "coordinates": [
     136.4737673,
     35.1736102
    ]
   },
   "properties": {
    "id": "PK-w1122682970",
    "kind": "parking",
    "name": "（名称なし）駐車場",
    "datum": "WGS84",
    "mountainIds": "553 555 563 577",
    "mountainNames": "鈴北岳、御池岳、藤原岳、竜ヶ岳",
    "lists": "東海の百山|関西百名山|日本三百名山",
    "routes": "",
    "entryType": "",
    "trailKmToSummit": "",
    "related": "TH-n4789841022(310m)",
    "attributes": "fee=no; access=private",
    "status": "provisional",
    "accuracyM": 40,
    "needsReview": "公式情報または2情報源での確認が必要、名称なし、登山口から離れている（徒歩アプローチを要確認）",
    "sources": "OpenStreetMap（© OpenStreetMap contributors, ODbL 1.0）Geofabrik japan-latest.osm.pbf 2026-09-23T20:22:04Z way/1122682970",
    "verifiedAt": ""
   }
  },
  {
   "type": "Feature",
   "geometry": {
    "type": "Point",
    "coordinates": [
     136.4715017,
     35.1753736
    ]
   },
   "properties": {
    "id": "PK-w1122682974",
    "kind": "parking",
    "name": "（名称なし）駐車場",
    "datum": "WGS84",
    "mountainIds": "563",
    "mountainNames": "藤原岳",
    "lists": "日本三百名山|関西百名山|東海の百山",
    "routes": "",
    "entryType": "",
    "trailKmToSummit": "",
    "related": "TH-n1410019845(467m)",
    "attributes": "",
    "status": "provisional",
    "accuracyM": 40,
    "needsReview": "公式情報または2情報源での確認が必要、名称なし、登山口から離れている（徒歩アプローチを要確認）",
    "sources": "OpenStreetMap（© OpenStreetMap contributors, ODbL 1.0）Geofabrik japan-latest.osm.pbf 2026-09-23T20:22:04Z way/1122682974",
    "verifiedAt": ""
   }
  },
  {
   "type": "Feature",
   "geometry": {
    "type": "Point",
    "coordinates": [
     136.4675195,
     35.1870236
    ]
   },
   "properties": {
    "id": "PK-w1122682975",
    "kind": "parking",
    "name": "簡易パーキング　ふじわら",
    "datum": "WGS84",
    "mountainIds": "553 555 563 577",
    "mountainNames": "鈴北岳、御池岳、藤原岳、竜ヶ岳",
    "lists": "東海の百山|関西百名山|日本三百名山",
    "routes": "",
    "entryType": "",
    "trailKmToSummit": "",
    "related": "TH-w1122682975(0m)",
    "attributes": "fee=no; access=yes",
    "status": "provisional",
    "accuracyM": 40,
    "needsReview": "公式情報または2情報源での確認が必要",
    "sources": "OpenStreetMap（© OpenStreetMap contributors, ODbL 1.0）Geofabrik japan-latest.osm.pbf 2026-09-23T20:22:04Z way/1122682975",
    "verifiedAt": ""
   }
  },
  {
   "type": "Feature",
   "geometry": {
    "type": "Point",
    "coordinates": [
     136.4672277,
     35.1872396
    ]
   },
   "properties": {
    "id": "PK-w1122682982",
    "kind": "parking",
    "name": "（名称なし）駐車場",
    "datum": "WGS84",
    "mountainIds": "553 555 563 577",
    "mountainNames": "鈴北岳、御池岳、藤原岳、竜ヶ岳",
    "lists": "東海の百山|関西百名山|日本三百名山",
    "routes": "",
    "entryType": "",
    "trailKmToSummit": "",
    "related": "TH-w1122682975(36m)",
    "attributes": "access=customers; operator=cafe Attente",
    "status": "provisional",
    "accuracyM": 40,
    "needsReview": "公式情報または2情報源での確認が必要、名称なし",
    "sources": "OpenStreetMap（© OpenStreetMap contributors, ODbL 1.0）Geofabrik japan-latest.osm.pbf 2026-09-23T20:22:04Z way/1122682982",
    "verifiedAt": ""
   }
  },
  {
   "type": "Feature",
   "geometry": {
    "type": "Point",
    "coordinates": [
     136.4107806,
     35.2030261
    ]
   },
   "properties": {
    "id": "PK-w1122861027",
    "kind": "parking",
    "name": "鞍掛峠（滋賀県側）駐車場",
    "datum": "WGS84",
    "mountainIds": "553 555 563 577",
    "mountainNames": "鈴北岳、御池岳、藤原岳、竜ヶ岳",
    "lists": "東海の百山|関西百名山|日本三百名山",
    "routes": "",
    "entryType": "",
    "trailKmToSummit": "",
    "related": "TH-w1122861027(0m)",
    "attributes": "fee=no; access=yes",
    "status": "provisional",
    "accuracyM": 40,
    "needsReview": "公式情報または2情報源での確認が必要",
    "sources": "OpenStreetMap（© OpenStreetMap contributors, ODbL 1.0）Geofabrik japan-latest.osm.pbf 2026-09-23T20:22:04Z way/1122861027",
    "verifiedAt": ""
   }
  },
  {
   "type": "Feature",
   "geometry": {
    "type": "Point",
    "coordinates": [
     136.4864353,
     35.1331223
    ]
   },
   "properties": {
    "id": "PK-w1122905204",
    "kind": "parking",
    "name": "（名称なし）駐車場",
    "datum": "WGS84",
    "mountainIds": "553 555 563 577",
    "mountainNames": "鈴北岳、御池岳、藤原岳、竜ヶ岳",
    "lists": "東海の百山|関西百名山|日本三百名山",
    "routes": "",
    "entryType": "",
    "trailKmToSummit": "",
    "related": "TH-n1409986302(382m)",
    "attributes": "",
    "status": "provisional",
    "accuracyM": 40,
    "needsReview": "公式情報または2情報源での確認が必要、名称なし、登山口から離れている（徒歩アプローチを要確認）",
    "sources": "OpenStreetMap（© OpenStreetMap contributors, ODbL 1.0）Geofabrik japan-latest.osm.pbf 2026-09-23T20:22:04Z way/1122905204",
    "verifiedAt": ""
   }
  },
  {
   "type": "Feature",
   "geometry": {
    "type": "Point",
    "coordinates": [
     135.8514922,
     34.5283227
    ]
   },
   "properties": {
    "id": "PK-w1124410592",
    "kind": "parking",
    "name": "（名称なし）駐車場",
    "datum": "WGS84",
    "mountainIds": "649",
    "mountainNames": "三輪山",
    "lists": "関西百名山",
    "routes": "",
    "entryType": "",
    "trailKmToSummit": "",
    "related": "TH-n930189627(116m) TH-gsi-saijinja(457m)",
    "attributes": "",
    "status": "provisional",
    "accuracyM": 40,
    "needsReview": "公式情報または2情報源での確認が必要、名称なし、登山口から離れている（徒歩アプローチを要確認）",
    "sources": "OpenStreetMap（© OpenStreetMap contributors, ODbL 1.0）Geofabrik japan-latest.osm.pbf 2026-09-23T20:22:04Z way/1124410592",
    "verifiedAt": ""
   }
  },
  {
   "type": "Feature",
   "geometry": {
    "type": "Point",
    "coordinates": [
     134.7776848,
     34.8073746
    ]
   },
   "properties": {
    "id": "PK-w1124722862",
    "kind": "parking",
    "name": "（名称なし）駐車場",
    "datum": "WGS84",
    "mountainIds": "624",
    "mountainNames": "高御位山",
    "lists": "関西百名山",
    "routes": "",
    "entryType": "",
    "trailKmToSummit": "",
    "related": "TH-n1342088597(284m)",
    "attributes": "",
    "status": "provisional",
    "accuracyM": 40,
    "needsReview": "公式情報または2情報源での確認が必要、名称なし",
    "sources": "OpenStreetMap（© OpenStreetMap contributors, ODbL 1.0）Geofabrik japan-latest.osm.pbf 2026-09-23T20:22:04Z way/1124722862",
    "verifiedAt": ""
   }
  },
  {
   "type": "Feature",
   "geometry": {
    "type": "Point",
    "coordinates": [
     134.7771477,
     34.8067276
    ]
   },
   "properties": {
    "id": "PK-w1124722863",
    "kind": "parking",
    "name": "（名称なし）駐車場",
    "datum": "WGS84",
    "mountainIds": "624",
    "mountainNames": "高御位山",
    "lists": "関西百名山",
    "routes": "",
    "entryType": "",
    "trailKmToSummit": "",
    "related": "TH-kP11-22-28-bs5722(45m) TH-n1342088597(313m)",
    "attributes": "",
    "status": "provisional",
    "accuracyM": 40,
    "needsReview": "公式情報または2情報源での確認が必要、名称なし、登山口から離れている（徒歩アプローチを要確認）",
    "sources": "OpenStreetMap（© OpenStreetMap contributors, ODbL 1.0）Geofabrik japan-latest.osm.pbf 2026-09-23T20:22:04Z way/1124722863",
    "verifiedAt": ""
   }
  },
  {
   "type": "Feature",
   "geometry": {
    "type": "Point",
    "coordinates": [
     135.6879967,
     34.6842043
    ]
   },
   "properties": {
    "id": "PK-w1124754569",
    "kind": "parking",
    "name": "（名称なし）駐車場",
    "datum": "WGS84",
    "mountainIds": "635",
    "mountainNames": "生駒山",
    "lists": "関西百名山",
    "routes": "",
    "entryType": "",
    "trailKmToSummit": "",
    "related": "TH-w30432381(28m) TH-kP11-22-29-bs447(397m)",
    "attributes": "",
    "status": "provisional",
    "accuracyM": 40,
    "needsReview": "公式情報または2情報源での確認が必要、名称なし、登山口から離れている（徒歩アプローチを要確認）",
    "sources": "OpenStreetMap（© OpenStreetMap contributors, ODbL 1.0）Geofabrik japan-latest.osm.pbf 2026-09-23T20:22:04Z way/1124754569",
    "verifiedAt": ""
   }
  },
  {
   "type": "Feature",
   "geometry": {
    "type": "Point",
    "coordinates": [
     135.687862,
     34.6843315
    ]
   },
   "properties": {
    "id": "PK-w1124754571",
    "kind": "parking",
    "name": "（名称なし）駐車場",
    "datum": "WGS84",
    "mountainIds": "635",
    "mountainNames": "生駒山",
    "lists": "関西百名山",
    "routes": "",
    "entryType": "",
    "trailKmToSummit": "",
    "related": "TH-w30432381(38m) TH-kP11-22-29-bs447(415m)",
    "attributes": "",
    "status": "provisional",
    "accuracyM": 40,
    "needsReview": "公式情報または2情報源での確認が必要、名称なし、登山口から離れている（徒歩アプローチを要確認）",
    "sources": "OpenStreetMap（© OpenStreetMap contributors, ODbL 1.0）Geofabrik japan-latest.osm.pbf 2026-09-23T20:22:04Z way/1124754571",
    "verifiedAt": ""
   }
  },
  {
   "type": "Feature",
   "geometry": {
    "type": "Point",
    "coordinates": [
     135.687474,
     34.6843992
    ]
   },
   "properties": {
    "id": "PK-w1124754580",
    "kind": "parking",
    "name": "（名称なし）駐車場",
    "datum": "WGS84",
    "mountainIds": "635",
    "mountainNames": "生駒山",
    "lists": "関西百名山",
    "routes": "",
    "entryType": "",
    "trailKmToSummit": "",
    "related": "TH-w30432381(55m) TH-kP11-22-29-bs447(447m)",
    "attributes": "",
    "status": "provisional",
    "accuracyM": 40,
    "needsReview": "公式情報または2情報源での確認が必要、名称なし、登山口から離れている（徒歩アプローチを要確認）",
    "sources": "OpenStreetMap（© OpenStreetMap contributors, ODbL 1.0）Geofabrik japan-latest.osm.pbf 2026-09-23T20:22:04Z way/1124754580",
    "verifiedAt": ""
   }
  },
  {
   "type": "Feature",
   "geometry": {
    "type": "Point",
    "coordinates": [
     134.7909176,
     34.8049055
    ]
   },
   "properties": {
    "id": "PK-w1124992007",
    "kind": "parking",
    "name": "（名称なし）駐車場",
    "datum": "WGS84",
    "mountainIds": "624",
    "mountainNames": "高御位山",
    "lists": "関西百名山",
    "routes": "",
    "entryType": "",
    "trailKmToSummit": "",
    "related": "TH-n1342088505(349m)",
    "attributes": "",
    "status": "provisional",
    "accuracyM": 40,
    "needsReview": "公式情報または2情報源での確認が必要、名称なし、登山口から離れている（徒歩アプローチを要確認）",
    "sources": "OpenStreetMap（© OpenStreetMap contributors, ODbL 1.0）Geofabrik japan-latest.osm.pbf 2026-09-23T20:22:04Z way/1124992007",
    "verifiedAt": ""
   }
  },
  {
   "type": "Feature",
   "geometry": {
    "type": "Point",
    "coordinates": [
     135.6725203,
     34.5452118
    ]
   },
   "properties": {
    "id": "PK-w1133649930",
    "kind": "parking",
    "name": "（名称なし）駐車場",
    "datum": "WGS84",
    "mountainIds": "653",
    "mountainNames": "二上山",
    "lists": "関西百名山",
    "routes": "",
    "entryType": "",
    "trailKmToSummit": "",
    "related": "TH-kP11-22-29-bs1283(486m)",
    "attributes": "access=customers",
    "status": "provisional",
    "accuracyM": 40,
    "needsReview": "公式情報または2情報源での確認が必要、名称なし、登山口から離れている（徒歩アプローチを要確認）",
    "sources": "OpenStreetMap（© OpenStreetMap contributors, ODbL 1.0）Geofabrik japan-latest.osm.pbf 2026-09-23T20:22:04Z way/1133649930",
    "verifiedAt": ""
   }
  },
  {
   "type": "Feature",
   "geometry": {
    "type": "Point",
    "coordinates": [
     135.6703217,
     34.5423464
    ]
   },
   "properties": {
    "id": "PK-w1133649948",
    "kind": "parking",
    "name": "（名称なし）駐車場",
    "datum": "WGS84",
    "mountainIds": "653",
    "mountainNames": "二上山",
    "lists": "関西百名山",
    "routes": "",
    "entryType": "",
    "trailKmToSummit": "",
    "related": "TH-kP11-22-29-bs1283(464m)",
    "attributes": "access=customers",
    "status": "provisional",
    "accuracyM": 40,
    "needsReview": "公式情報または2情報源での確認が必要、名称なし、登山口から離れている（徒歩アプローチを要確認）",
    "sources": "OpenStreetMap（© OpenStreetMap contributors, ODbL 1.0）Geofabrik japan-latest.osm.pbf 2026-09-23T20:22:04Z way/1133649948",
    "verifiedAt": ""
   }
  },
  {
   "type": "Feature",
   "geometry": {
    "type": "Point",
    "coordinates": [
     135.1523697,
     35.0587988
    ]
   },
   "properties": {
    "id": "PK-w1134219615",
    "kind": "parking",
    "name": "（名称なし）駐車場",
    "datum": "WGS84",
    "mountainIds": "600",
    "mountainNames": "白髪岳",
    "lists": "関西百名山",
    "routes": "",
    "entryType": "",
    "trailKmToSummit": "",
    "related": "TH-n2023952324(465m)",
    "attributes": "",
    "status": "provisional",
    "accuracyM": 40,
    "needsReview": "公式情報または2情報源での確認が必要、名称なし、登山口から離れている（徒歩アプローチを要確認）",
    "sources": "OpenStreetMap（© OpenStreetMap contributors, ODbL 1.0）Geofabrik japan-latest.osm.pbf 2026-09-23T20:22:04Z way/1134219615",
    "verifiedAt": ""
   }
  },
  {
   "type": "Feature",
   "geometry": {
    "type": "Point",
    "coordinates": [
     135.1516639,
     35.0573687
    ]
   },
   "properties": {
    "id": "PK-w1134219626",
    "kind": "parking",
    "name": "（名称なし）駐車場",
    "datum": "WGS84",
    "mountainIds": "600",
    "mountainNames": "白髪岳",
    "lists": "関西百名山",
    "routes": "",
    "entryType": "",
    "trailKmToSummit": "",
    "related": "TH-n2023952324(305m)",
    "attributes": "",
    "status": "provisional",
    "accuracyM": 40,
    "needsReview": "公式情報または2情報源での確認が必要、名称なし、登山口から離れている（徒歩アプローチを要確認）",
    "sources": "OpenStreetMap（© OpenStreetMap contributors, ODbL 1.0）Geofabrik japan-latest.osm.pbf 2026-09-23T20:22:04Z way/1134219626",
    "verifiedAt": ""
   }
  },
  {
   "type": "Feature",
   "geometry": {
    "type": "Point",
    "coordinates": [
     134.8083012,
     34.8153465
    ]
   },
   "properties": {
    "id": "PK-w1150059209",
    "kind": "parking",
    "name": "こども療育センター駐車場",
    "datum": "WGS84",
    "mountainIds": "624",
    "mountainNames": "高御位山",
    "lists": "関西百名山",
    "routes": "",
    "entryType": "",
    "trailKmToSummit": "",
    "related": "TH-w1150059209(0m) TH-n1668477701(442m)",
    "attributes": "fee=no; access=customers; operator=加古川市",
    "status": "provisional",
    "accuracyM": 40,
    "needsReview": "公式情報または2情報源での確認が必要、登山口から離れている（徒歩アプローチを要確認）",
    "sources": "OpenStreetMap（© OpenStreetMap contributors, ODbL 1.0）Geofabrik japan-latest.osm.pbf 2026-09-23T20:22:04Z way/1150059209",
    "verifiedAt": ""
   }
  },
  {
   "type": "Feature",
   "geometry": {
    "type": "Point",
    "coordinates": [
     135.6704325,
     34.5182922
    ]
   },
   "properties": {
    "id": "PK-w1150167005",
    "kind": "parking",
    "name": "（名称なし）駐車場",
    "datum": "WGS84",
    "mountainIds": "653",
    "mountainNames": "二上山",
    "lists": "関西百名山",
    "routes": "",
    "entryType": "",
    "trailKmToSummit": "",
    "related": "TH-n1986431748(475m) TH-n1986431468(159m)",
    "attributes": "",
    "status": "provisional",
    "accuracyM": 40,
    "needsReview": "公式情報または2情報源での確認が必要、名称なし、登山口から離れている（徒歩アプローチを要確認）",
    "sources": "OpenStreetMap（© OpenStreetMap contributors, ODbL 1.0）Geofabrik japan-latest.osm.pbf 2026-09-23T20:22:04Z way/1150167005",
    "verifiedAt": ""
   }
  },
  {
   "type": "Feature",
   "geometry": {
    "type": "Point",
    "coordinates": [
     135.6696863,
     34.5188032
    ]
   },
   "properties": {
    "id": "PK-w1150167006",
    "kind": "parking",
    "name": "（名称なし）駐車場",
    "datum": "WGS84",
    "mountainIds": "653",
    "mountainNames": "二上山",
    "lists": "関西百名山",
    "routes": "",
    "entryType": "",
    "trailKmToSummit": "",
    "related": "TH-n1986431748(496m) TH-n1986431468(71m)",
    "attributes": "access=customers",
    "status": "provisional",
    "accuracyM": 40,
    "needsReview": "公式情報または2情報源での確認が必要、名称なし、登山口から離れている（徒歩アプローチを要確認）",
    "sources": "OpenStreetMap（© OpenStreetMap contributors, ODbL 1.0）Geofabrik japan-latest.osm.pbf 2026-09-23T20:22:04Z way/1150167006",
    "verifiedAt": ""
   }
  },
  {
   "type": "Feature",
   "geometry": {
    "type": "Point",
    "coordinates": [
     135.6743528,
     34.5166698
    ]
   },
   "properties": {
    "id": "PK-w1150167023",
    "kind": "parking",
    "name": "（名称なし）駐車場",
    "datum": "WGS84",
    "mountainIds": "653",
    "mountainNames": "二上山",
    "lists": "関西百名山",
    "routes": "",
    "entryType": "",
    "trailKmToSummit": "",
    "related": "TH-n10567856706(346m) TH-n1986431748(495m)",
    "attributes": "access=no",
    "status": "provisional",
    "accuracyM": 40,
    "needsReview": "公式情報または2情報源での確認が必要、名称なし、登山口から離れている（徒歩アプローチを要確認）",
    "sources": "OpenStreetMap（© OpenStreetMap contributors, ODbL 1.0）Geofabrik japan-latest.osm.pbf 2026-09-23T20:22:04Z way/1150167023",
    "verifiedAt": ""
   }
  },
  {
   "type": "Feature",
   "geometry": {
    "type": "Point",
    "coordinates": [
     135.8833924,
     34.52352
    ]
   },
   "properties": {
    "id": "PK-w1167770217",
    "kind": "parking",
    "name": "（名称なし）駐車場",
    "datum": "WGS84",
    "mountainIds": "649",
    "mountainNames": "三輪山",
    "lists": "関西百名山",
    "routes": "",
    "entryType": "",
    "trailKmToSummit": "",
    "related": "TH-n1816955443(457m)",
    "attributes": "capacity=2; access=customers",
    "status": "provisional",
    "accuracyM": 40,
    "needsReview": "公式情報または2情報源での確認が必要、名称なし、登山口から離れている（徒歩アプローチを要確認）",
    "sources": "OpenStreetMap（© OpenStreetMap contributors, ODbL 1.0）Geofabrik japan-latest.osm.pbf 2026-09-23T20:22:04Z way/1167770217",
    "verifiedAt": ""
   }
  },
  {
   "type": "Feature",
   "geometry": {
    "type": "Point",
    "coordinates": [
     135.8830476,
     34.5235977
    ]
   },
   "properties": {
    "id": "PK-w1167770220",
    "kind": "parking",
    "name": "（名称なし）駐車場",
    "datum": "WGS84",
    "mountainIds": "649",
    "mountainNames": "三輪山",
    "lists": "関西百名山",
    "routes": "",
    "entryType": "",
    "trailKmToSummit": "",
    "related": "TH-n1816955443(429m)",
    "attributes": "access=customers; operator=三輪山勝製麺",
    "status": "provisional",
    "accuracyM": 40,
    "needsReview": "公式情報または2情報源での確認が必要、名称なし、登山口から離れている（徒歩アプローチを要確認）",
    "sources": "OpenStreetMap（© OpenStreetMap contributors, ODbL 1.0）Geofabrik japan-latest.osm.pbf 2026-09-23T20:22:04Z way/1167770220",
    "verifiedAt": ""
   }
  },
  {
   "type": "Feature",
   "geometry": {
    "type": "Point",
    "coordinates": [
     135.902239,
     34.5283679
    ]
   },
   "properties": {
    "id": "PK-w1170445467",
    "kind": "parking",
    "name": "（名称なし）駐車場",
    "datum": "WGS84",
    "mountainIds": "649",
    "mountainNames": "三輪山",
    "lists": "関西百名山",
    "routes": "",
    "entryType": "",
    "trailKmToSummit": "",
    "related": "TH-n10879954436(95m)",
    "attributes": "fee=yes",
    "status": "provisional",
    "accuracyM": 40,
    "needsReview": "公式情報または2情報源での確認が必要、名称なし",
    "sources": "OpenStreetMap（© OpenStreetMap contributors, ODbL 1.0）Geofabrik japan-latest.osm.pbf 2026-09-23T20:22:04Z way/1170445467",
    "verifiedAt": ""
   }
  },
  {
   "type": "Feature",
   "geometry": {
    "type": "Point",
    "coordinates": [
     135.9020899,
     34.5282472
    ]
   },
   "properties": {
    "id": "PK-w1170445473",
    "kind": "parking",
    "name": "山口駐車場",
    "datum": "WGS84",
    "mountainIds": "649",
    "mountainNames": "三輪山",
    "lists": "関西百名山",
    "routes": "",
    "entryType": "",
    "trailKmToSummit": "",
    "related": "TH-n10879954436(114m)",
    "attributes": "fee=yes",
    "status": "provisional",
    "accuracyM": 40,
    "needsReview": "公式情報または2情報源での確認が必要",
    "sources": "OpenStreetMap（© OpenStreetMap contributors, ODbL 1.0）Geofabrik japan-latest.osm.pbf 2026-09-23T20:22:04Z way/1170445473",
    "verifiedAt": ""
   }
  },
  {
   "type": "Feature",
   "geometry": {
    "type": "Point",
    "coordinates": [
     136.448672,
     35.0180587
    ]
   },
   "properties": {
    "id": "PK-w1190517292",
    "kind": "parking",
    "name": "（名称なし）駐車場",
    "datum": "WGS84",
    "mountainIds": "585 589 595 601 602 607 609 611 612",
    "mountainNames": "三池岳、釈迦ヶ岳、尾高山、雨乞岳、御在所岳、鎌ヶ岳、入道ヶ岳、宮指路岳、仙ヶ岳",
    "lists": "東海の百山|日本二百名山|日本三百名山|関西百名山",
    "routes": "",
    "entryType": "",
    "trailKmToSummit": "",
    "related": "TH-n1742841008(257m)",
    "attributes": "",
    "status": "provisional",
    "accuracyM": 40,
    "needsReview": "公式情報または2情報源での確認が必要、名称なし",
    "sources": "OpenStreetMap（© OpenStreetMap contributors, ODbL 1.0）Geofabrik japan-latest.osm.pbf 2026-09-23T20:22:04Z way/1190517292",
    "verifiedAt": ""
   }
  },
  {
   "type": "Feature",
   "geometry": {
    "type": "Point",
    "coordinates": [
     136.1976974,
     35.5022814
    ]
   },
   "properties": {
    "id": "PK-w1204565277",
    "kind": "parking",
    "name": "（名称なし）駐車場",
    "datum": "WGS84",
    "mountainIds": "447",
    "mountainNames": "賤ヶ岳",
    "lists": "関西百名山|東海の百山",
    "routes": "",
    "entryType": "",
    "trailKmToSummit": "",
    "related": "TH-gsi-oto-shizugatake(17m)",
    "attributes": "access=customers",
    "status": "provisional",
    "accuracyM": 40,
    "needsReview": "公式情報または2情報源での確認が必要、名称なし",
    "sources": "OpenStreetMap（© OpenStreetMap contributors, ODbL 1.0）Geofabrik japan-latest.osm.pbf 2026-09-23T20:22:04Z way/1204565277",
    "verifiedAt": ""
   }
  },
  {
   "type": "Feature",
   "geometry": {
    "type": "Point",
    "coordinates": [
     135.6547396,
     34.9154505
    ]
   },
   "properties": {
    "id": "PK-w1213847825",
    "kind": "parking",
    "name": "第２駐車場",
    "datum": "WGS84",
    "mountainIds": "613",
    "mountainNames": "ポンポン山",
    "lists": "関西百名山",
    "routes": "",
    "entryType": "",
    "trailKmToSummit": "",
    "related": "TH-n4406941785(93m)",
    "attributes": "fee=no; access=customers; operator=柳谷観音",
    "status": "provisional",
    "accuracyM": 40,
    "needsReview": "公式情報または2情報源での確認が必要",
    "sources": "OpenStreetMap（© OpenStreetMap contributors, ODbL 1.0）Geofabrik japan-latest.osm.pbf 2026-09-23T20:22:04Z way/1213847825",
    "verifiedAt": ""
   }
  },
  {
   "type": "Feature",
   "geometry": {
    "type": "Point",
    "coordinates": [
     135.8698997,
     34.2431538
    ]
   },
   "properties": {
    "id": "PK-w1215779995",
    "kind": "parking",
    "name": "（名称なし）駐車場",
    "datum": "WGS84",
    "mountainIds": "700 705 710",
    "mountainNames": "山上ヶ岳、稲村ヶ岳、大普賢岳",
    "lists": "日本三百名山|関西百名山",
    "routes": "",
    "entryType": "",
    "trailKmToSummit": "",
    "related": "TH-n6703059403(204m)",
    "attributes": "access=customers",
    "status": "provisional",
    "accuracyM": 40,
    "needsReview": "公式情報または2情報源での確認が必要、名称なし",
    "sources": "OpenStreetMap（© OpenStreetMap contributors, ODbL 1.0）Geofabrik japan-latest.osm.pbf 2026-09-23T20:22:04Z way/1215779995",
    "verifiedAt": ""
   }
  },
  {
   "type": "Feature",
   "geometry": {
    "type": "Point",
    "coordinates": [
     135.8558116,
     34.2452452
    ]
   },
   "properties": {
    "id": "PK-w1215779998",
    "kind": "parking",
    "name": "（名称なし）駐車場",
    "datum": "WGS84",
    "mountainIds": "719",
    "mountainNames": "大峰山",
    "lists": "日本百名山|日本二百名山|日本三百名山|関西百名山",
    "routes": "",
    "entryType": "",
    "trailKmToSummit": "",
    "related": "TH-n10961407962(194m)",
    "attributes": "access=customers",
    "status": "provisional",
    "accuracyM": 40,
    "needsReview": "公式情報または2情報源での確認が必要、名称なし",
    "sources": "OpenStreetMap（© OpenStreetMap contributors, ODbL 1.0）Geofabrik japan-latest.osm.pbf 2026-09-23T20:22:04Z way/1215779998",
    "verifiedAt": ""
   }
  },
  {
   "type": "Feature",
   "geometry": {
    "type": "Point",
    "coordinates": [
     135.8548965,
     34.2465954
    ]
   },
   "properties": {
    "id": "PK-w1215780007",
    "kind": "parking",
    "name": "（名称なし）駐車場",
    "datum": "WGS84",
    "mountainIds": "719",
    "mountainNames": "大峰山",
    "lists": "日本百名山|日本二百名山|日本三百名山|関西百名山",
    "routes": "",
    "entryType": "",
    "trailKmToSummit": "",
    "related": "TH-n10961407962(355m)",
    "attributes": "access=private",
    "status": "provisional",
    "accuracyM": 40,
    "needsReview": "公式情報または2情報源での確認が必要、名称なし、登山口から離れている（徒歩アプローチを要確認）",
    "sources": "OpenStreetMap（© OpenStreetMap contributors, ODbL 1.0）Geofabrik japan-latest.osm.pbf 2026-09-23T20:22:04Z way/1215780007",
    "verifiedAt": ""
   }
  },
  {
   "type": "Feature",
   "geometry": {
    "type": "Point",
    "coordinates": [
     135.8551929,
     34.2459004
    ]
   },
   "properties": {
    "id": "PK-w1215780009",
    "kind": "parking",
    "name": "（名称なし）駐車場",
    "datum": "WGS84",
    "mountainIds": "719",
    "mountainNames": "大峰山",
    "lists": "日本百名山|日本二百名山|日本三百名山|関西百名山",
    "routes": "",
    "entryType": "",
    "trailKmToSummit": "",
    "related": "TH-n10961407962(274m)",
    "attributes": "access=customers",
    "status": "provisional",
    "accuracyM": 40,
    "needsReview": "公式情報または2情報源での確認が必要、名称なし",
    "sources": "OpenStreetMap（© OpenStreetMap contributors, ODbL 1.0）Geofabrik japan-latest.osm.pbf 2026-09-23T20:22:04Z way/1215780009",
    "verifiedAt": ""
   }
  },
  {
   "type": "Feature",
   "geometry": {
    "type": "Point",
    "coordinates": [
     135.562811,
     34.0537311
    ]
   },
   "properties": {
    "id": "PK-w1217370003",
    "kind": "parking",
    "name": "（名称なし）駐車場",
    "datum": "WGS84",
    "mountainIds": "729",
    "mountainNames": "護摩壇山",
    "lists": "日本三百名山|関西百名山",
    "routes": "",
    "entryType": "",
    "trailKmToSummit": "",
    "related": "TH-n11279773266(22m)",
    "attributes": "fee=no; access=yes",
    "status": "provisional",
    "accuracyM": 40,
    "needsReview": "公式情報または2情報源での確認が必要、名称なし",
    "sources": "OpenStreetMap（© OpenStreetMap contributors, ODbL 1.0）Geofabrik japan-latest.osm.pbf 2026-09-23T20:22:04Z way/1217370003",
    "verifiedAt": ""
   }
  },
  {
   "type": "Feature",
   "geometry": {
    "type": "Point",
    "coordinates": [
     135.602575,
     34.2166965
    ]
   },
   "properties": {
    "id": "PK-w1217373267",
    "kind": "parking",
    "name": "（名称なし）駐車場",
    "datum": "WGS84",
    "mountainIds": "706",
    "mountainNames": "楊柳山",
    "lists": "関西百名山",
    "routes": "",
    "entryType": "",
    "trailKmToSummit": "",
    "related": "TH-ksj-P11-22-30-bs739(111m)",
    "attributes": "fee=no",
    "status": "provisional",
    "accuracyM": 40,
    "needsReview": "公式情報または2情報源での確認が必要、名称なし",
    "sources": "OpenStreetMap（© OpenStreetMap contributors, ODbL 1.0）Geofabrik japan-latest.osm.pbf 2026-09-23T20:22:04Z way/1217373267",
    "verifiedAt": ""
   }
  },
  {
   "type": "Feature",
   "geometry": {
    "type": "Point",
    "coordinates": [
     135.1467982,
     34.6557653
    ]
   },
   "properties": {
    "id": "PK-w1230457122",
    "kind": "parking",
    "name": "（名称なし）駐車場",
    "datum": "WGS84",
    "mountainIds": "637",
    "mountainNames": "横尾山",
    "lists": "関西百名山",
    "routes": "",
    "entryType": "",
    "trailKmToSummit": "",
    "related": "TH-n11411017079(112m)",
    "attributes": "",
    "status": "provisional",
    "accuracyM": 40,
    "needsReview": "公式情報または2情報源での確認が必要、名称なし",
    "sources": "OpenStreetMap（© OpenStreetMap contributors, ODbL 1.0）Geofabrik japan-latest.osm.pbf 2026-09-23T20:22:04Z way/1230457122",
    "verifiedAt": ""
   }
  },
  {
   "type": "Feature",
   "geometry": {
    "type": "Point",
    "coordinates": [
     135.14657,
     34.6558565
    ]
   },
   "properties": {
    "id": "PK-w1230457124",
    "kind": "parking",
    "name": "（名称なし）駐車場",
    "datum": "WGS84",
    "mountainIds": "637",
    "mountainNames": "横尾山",
    "lists": "関西百名山",
    "routes": "",
    "entryType": "",
    "trailKmToSummit": "",
    "related": "TH-n11411017079(91m)",
    "attributes": "",
    "status": "provisional",
    "accuracyM": 40,
    "needsReview": "公式情報または2情報源での確認が必要、名称なし",
    "sources": "OpenStreetMap（© OpenStreetMap contributors, ODbL 1.0）Geofabrik japan-latest.osm.pbf 2026-09-23T20:22:04Z way/1230457124",
    "verifiedAt": ""
   }
  },
  {
   "type": "Feature",
   "geometry": {
    "type": "Point",
    "coordinates": [
     135.1475095,
     34.656561
    ]
   },
   "properties": {
    "id": "PK-w1230457134",
    "kind": "parking",
    "name": "（名称なし）駐車場",
    "datum": "WGS84",
    "mountainIds": "637",
    "mountainNames": "横尾山",
    "lists": "関西百名山",
    "routes": "",
    "entryType": "",
    "trailKmToSummit": "",
    "related": "TH-n11411017079(196m)",
    "attributes": "",
    "status": "provisional",
    "accuracyM": 40,
    "needsReview": "公式情報または2情報源での確認が必要、名称なし",
    "sources": "OpenStreetMap（© OpenStreetMap contributors, ODbL 1.0）Geofabrik japan-latest.osm.pbf 2026-09-23T20:22:04Z way/1230457134",
    "verifiedAt": ""
   }
  },
  {
   "type": "Feature",
   "geometry": {
    "type": "Point",
    "coordinates": [
     135.1451307,
     34.6597165
    ]
   },
   "properties": {
    "id": "PK-w1230735871",
    "kind": "parking",
    "name": "三井のリパーク",
    "datum": "WGS84",
    "mountainIds": "637",
    "mountainNames": "横尾山",
    "lists": "関西百名山",
    "routes": "",
    "entryType": "",
    "trailKmToSummit": "",
    "related": "TH-n11404334582(57m)",
    "attributes": "fee=yes; operator=三井不動産リアルティ",
    "status": "provisional",
    "accuracyM": 40,
    "needsReview": "公式情報または2情報源での確認が必要",
    "sources": "OpenStreetMap（© OpenStreetMap contributors, ODbL 1.0）Geofabrik japan-latest.osm.pbf 2026-09-23T20:22:04Z way/1230735871",
    "verifiedAt": ""
   }
  },
  {
   "type": "Feature",
   "geometry": {
    "type": "Point",
    "coordinates": [
     135.662832,
     34.4059407
    ]
   },
   "properties": {
    "id": "PK-w1268275345",
    "kind": "parking",
    "name": "（名称なし）駐車場",
    "datum": "WGS84",
    "mountainIds": "676",
    "mountainNames": "金剛山",
    "lists": "日本二百名山|日本三百名山|関西百名山",
    "routes": "",
    "entryType": "",
    "trailKmToSummit": "",
    "related": "TH-n4006745560(9m)",
    "attributes": "",
    "status": "provisional",
    "accuracyM": 40,
    "needsReview": "公式情報または2情報源での確認が必要、名称なし",
    "sources": "OpenStreetMap（© OpenStreetMap contributors, ODbL 1.0）Geofabrik japan-latest.osm.pbf 2026-09-23T20:22:04Z way/1268275345",
    "verifiedAt": ""
   }
  },
  {
   "type": "Feature",
   "geometry": {
    "type": "Point",
    "coordinates": [
     136.2594269,
     35.56242
    ]
   },
   "properties": {
    "id": "PK-w1314848816",
    "kind": "parking",
    "name": "（名称なし）駐車場",
    "datum": "WGS84",
    "mountainIds": "425",
    "mountainNames": "横山岳",
    "lists": "関西百名山",
    "routes": "",
    "entryType": "",
    "trailKmToSummit": "",
    "related": "TH-kP11-22-25-bs18(25m)",
    "attributes": "",
    "status": "provisional",
    "accuracyM": 40,
    "needsReview": "公式情報または2情報源での確認が必要、名称なし",
    "sources": "OpenStreetMap（© OpenStreetMap contributors, ODbL 1.0）Geofabrik japan-latest.osm.pbf 2026-09-23T20:22:04Z way/1314848816",
    "verifiedAt": ""
   }
  },
  {
   "type": "Feature",
   "geometry": {
    "type": "Point",
    "coordinates": [
     135.2527803,
     34.7965442
    ]
   },
   "properties": {
    "id": "PK-w1325615736",
    "kind": "parking",
    "name": "（名称なし）駐車場",
    "datum": "WGS84",
    "mountainIds": "628",
    "mountainNames": "六甲最高峰",
    "lists": "日本三百名山|関西百名山",
    "routes": "",
    "entryType": "",
    "trailKmToSummit": "",
    "related": "TH-n2928687706(398m)",
    "attributes": "",
    "status": "provisional",
    "accuracyM": 40,
    "needsReview": "公式情報または2情報源での確認が必要、名称なし、登山口から離れている（徒歩アプローチを要確認）",
    "sources": "OpenStreetMap（© OpenStreetMap contributors, ODbL 1.0）Geofabrik japan-latest.osm.pbf 2026-09-23T20:22:04Z way/1325615736",
    "verifiedAt": ""
   }
  },
  {
   "type": "Feature",
   "geometry": {
    "type": "Point",
    "coordinates": [
     135.2526381,
     34.796348
    ]
   },
   "properties": {
    "id": "PK-w1325615738",
    "kind": "parking",
    "name": "（名称なし）駐車場",
    "datum": "WGS84",
    "mountainIds": "628",
    "mountainNames": "六甲最高峰",
    "lists": "日本三百名山|関西百名山",
    "routes": "",
    "entryType": "",
    "trailKmToSummit": "",
    "related": "TH-n2928687706(396m)",
    "attributes": "",
    "status": "provisional",
    "accuracyM": 40,
    "needsReview": "公式情報または2情報源での確認が必要、名称なし、登山口から離れている（徒歩アプローチを要確認）",
    "sources": "OpenStreetMap（© OpenStreetMap contributors, ODbL 1.0）Geofabrik japan-latest.osm.pbf 2026-09-23T20:22:04Z way/1325615738",
    "verifiedAt": ""
   }
  },
  {
   "type": "Feature",
   "geometry": {
    "type": "Point",
    "coordinates": [
     136.4032468,
     35.3429046
    ]
   },
   "properties": {
    "id": "PK-w1373708154",
    "kind": "parking",
    "name": "（名称なし）駐車場",
    "datum": "WGS84",
    "mountainIds": "518",
    "mountainNames": "霊仙山",
    "lists": "関西百名山|東海の百山",
    "routes": "",
    "entryType": "",
    "trailKmToSummit": "",
    "related": "TH-osm-n3999594681(212m)",
    "attributes": "",
    "status": "provisional",
    "accuracyM": 40,
    "needsReview": "公式情報または2情報源での確認が必要、名称なし",
    "sources": "OpenStreetMap（© OpenStreetMap contributors, ODbL 1.0）Geofabrik japan-latest.osm.pbf 2026-09-23T20:22:04Z way/1373708154",
    "verifiedAt": ""
   }
  },
  {
   "type": "Feature",
   "geometry": {
    "type": "Point",
    "coordinates": [
     135.7011054,
     34.4638192
    ]
   },
   "properties": {
    "id": "PK-w1396026195",
    "kind": "parking",
    "name": "駐車場",
    "datum": "WGS84",
    "mountainIds": "667",
    "mountainNames": "大和葛城山",
    "lists": "日本三百名山|関西百名山",
    "routes": "",
    "entryType": "",
    "trailKmToSummit": "",
    "related": "TH-n1158833778(121m) TH-n1616752749(352m)",
    "attributes": "",
    "status": "provisional",
    "accuracyM": 40,
    "needsReview": "公式情報または2情報源での確認が必要、登山口から離れている（徒歩アプローチを要確認）",
    "sources": "OpenStreetMap（© OpenStreetMap contributors, ODbL 1.0）Geofabrik japan-latest.osm.pbf 2026-09-23T20:22:04Z way/1396026195",
    "verifiedAt": ""
   }
  },
  {
   "type": "Feature",
   "geometry": {
    "type": "Point",
    "coordinates": [
     135.251998,
     34.7955518
    ]
   },
   "properties": {
    "id": "PK-w1465793103",
    "kind": "parking",
    "name": "（名称なし）駐車場",
    "datum": "WGS84",
    "mountainIds": "628",
    "mountainNames": "六甲最高峰",
    "lists": "日本三百名山|関西百名山",
    "routes": "",
    "entryType": "",
    "trailKmToSummit": "",
    "related": "TH-n2928687706(411m)",
    "attributes": "",
    "status": "provisional",
    "accuracyM": 40,
    "needsReview": "公式情報または2情報源での確認が必要、名称なし、登山口から離れている（徒歩アプローチを要確認）",
    "sources": "OpenStreetMap（© OpenStreetMap contributors, ODbL 1.0）Geofabrik japan-latest.osm.pbf 2026-09-23T20:22:04Z way/1465793103",
    "verifiedAt": ""
   }
  },
  {
   "type": "Feature",
   "geometry": {
    "type": "Point",
    "coordinates": [
     135.2081786,
     34.7512903
    ]
   },
   "properties": {
    "id": "PK-w1488906578",
    "kind": "parking",
    "name": "（名称なし）駐車場",
    "datum": "WGS84",
    "mountainIds": "633",
    "mountainNames": "摩耶山",
    "lists": "関西百名山",
    "routes": "",
    "entryType": "",
    "trailKmToSummit": "",
    "related": "TH-kP11-22-28-bs7073(84m)",
    "attributes": "",
    "status": "provisional",
    "accuracyM": 40,
    "needsReview": "公式情報または2情報源での確認が必要、名称なし",
    "sources": "OpenStreetMap（© OpenStreetMap contributors, ODbL 1.0）Geofabrik japan-latest.osm.pbf 2026-09-23T20:22:04Z way/1488906578",
    "verifiedAt": ""
   }
  },
  {
   "type": "Feature",
   "geometry": {
    "type": "Point",
    "coordinates": [
     136.4472851,
     35.0169364
    ]
   },
   "properties": {
    "id": "PK-w162380238",
    "kind": "parking",
    "name": "（名称なし）駐車場",
    "datum": "WGS84",
    "mountainIds": "585 589 595 601 602 607 609 611 612",
    "mountainNames": "三池岳、釈迦ヶ岳、尾高山、雨乞岳、御在所岳、鎌ヶ岳、入道ヶ岳、宮指路岳、仙ヶ岳",
    "lists": "東海の百山|日本二百名山|日本三百名山|関西百名山",
    "routes": "",
    "entryType": "",
    "trailKmToSummit": "",
    "related": "TH-n1742841008(92m) TH-n4213643454(474m)",
    "attributes": "fee=yes; access=yes",
    "status": "provisional",
    "accuracyM": 40,
    "needsReview": "公式情報または2情報源での確認が必要、名称なし、登山口から離れている（徒歩アプローチを要確認）",
    "sources": "OpenStreetMap（© OpenStreetMap contributors, ODbL 1.0）Geofabrik japan-latest.osm.pbf 2026-09-23T20:22:04Z way/162380238",
    "verifiedAt": ""
   }
  },
  {
   "type": "Feature",
   "geometry": {
    "type": "Point",
    "coordinates": [
     134.4030261,
     35.1492092
    ]
   },
   "properties": {
    "id": "PK-w166674453",
    "kind": "parking",
    "name": "（名称なし）駐車場",
    "datum": "WGS84",
    "mountainIds": "570",
    "mountainNames": "日名倉山",
    "lists": "関西百名山",
    "routes": "",
    "entryType": "",
    "trailKmToSummit": "",
    "related": "TH-gsi-bellpeal(12m)",
    "attributes": "",
    "status": "provisional",
    "accuracyM": 40,
    "needsReview": "公式情報または2情報源での確認が必要、名称なし",
    "sources": "OpenStreetMap（© OpenStreetMap contributors, ODbL 1.0）Geofabrik japan-latest.osm.pbf 2026-09-23T20:22:04Z way/166674453",
    "verifiedAt": ""
   }
  },
  {
   "type": "Feature",
   "geometry": {
    "type": "Point",
    "coordinates": [
     134.3989902,
     35.1754081
    ]
   },
   "properties": {
    "id": "PK-w166691796",
    "kind": "parking",
    "name": "船木山登山口 駐車場",
    "datum": "WGS84",
    "mountainIds": "554",
    "mountainNames": "後山",
    "lists": "中国百名山",
    "routes": "",
    "entryType": "",
    "trailKmToSummit": "",
    "related": "TH-w166691796(0m) TH-w179944053(371m) TH-n5958156757(310m)",
    "attributes": "",
    "status": "provisional",
    "accuracyM": 40,
    "needsReview": "公式情報または2情報源での確認が必要、登山口から離れている（徒歩アプローチを要確認）",
    "sources": "OpenStreetMap（© OpenStreetMap contributors, ODbL 1.0）Geofabrik japan-latest.osm.pbf 2026-09-23T20:22:04Z way/166691796",
    "verifiedAt": ""
   }
  },
  {
   "type": "Feature",
   "geometry": {
    "type": "Point",
    "coordinates": [
     134.4020343,
     35.1731813
    ]
   },
   "properties": {
    "id": "PK-w179944053",
    "kind": "parking",
    "name": "後山駐車場",
    "datum": "WGS84",
    "mountainIds": "554",
    "mountainNames": "後山",
    "lists": "中国百名山",
    "routes": "",
    "entryType": "",
    "trailKmToSummit": "",
    "related": "TH-w166691796(371m) TH-w179944053(0m) TH-n5958156757(358m)",
    "attributes": "",
    "status": "provisional",
    "accuracyM": 40,
    "needsReview": "公式情報または2情報源での確認が必要、登山口から離れている（徒歩アプローチを要確認）",
    "sources": "OpenStreetMap（© OpenStreetMap contributors, ODbL 1.0）Geofabrik japan-latest.osm.pbf 2026-09-23T20:22:04Z way/179944053",
    "verifiedAt": ""
   }
  },
  {
   "type": "Feature",
   "geometry": {
    "type": "Point",
    "coordinates": [
     135.6794765,
     34.6814095
    ]
   },
   "properties": {
    "id": "PK-w200291034",
    "kind": "parking",
    "name": "（名称なし）駐車場",
    "datum": "WGS84",
    "mountainIds": "635",
    "mountainNames": "生駒山",
    "lists": "関西百名山",
    "routes": "",
    "entryType": "",
    "trailKmToSummit": "",
    "related": "TH-w30432374(238m) TH-n10285434199(105m) TH-n1610311502(495m) TH-n1610316417(362m)",
    "attributes": "",
    "status": "provisional",
    "accuracyM": 40,
    "needsReview": "公式情報または2情報源での確認が必要、名称なし、登山口から離れている（徒歩アプローチを要確認）",
    "sources": "OpenStreetMap（© OpenStreetMap contributors, ODbL 1.0）Geofabrik japan-latest.osm.pbf 2026-09-23T20:22:04Z way/200291034",
    "verifiedAt": ""
   }
  },
  {
   "type": "Feature",
   "geometry": {
    "type": "Point",
    "coordinates": [
     135.6857847,
     34.6868638
    ]
   },
   "properties": {
    "id": "PK-w200398303",
    "kind": "parking",
    "name": "（名称なし）駐車場",
    "datum": "WGS84",
    "mountainIds": "635",
    "mountainNames": "生駒山",
    "lists": "関西百名山",
    "routes": "",
    "entryType": "",
    "trailKmToSummit": "",
    "related": "TH-n1870789653(90m)",
    "attributes": "",
    "status": "provisional",
    "accuracyM": 40,
    "needsReview": "公式情報または2情報源での確認が必要、名称なし",
    "sources": "OpenStreetMap（© OpenStreetMap contributors, ODbL 1.0）Geofabrik japan-latest.osm.pbf 2026-09-23T20:22:04Z way/200398303",
    "verifiedAt": ""
   }
  },
  {
   "type": "Feature",
   "geometry": {
    "type": "Point",
    "coordinates": [
     135.4680397,
     34.926075
    ]
   },
   "properties": {
    "id": "PK-w207202978",
    "kind": "parking",
    "name": "（名称なし）駐車場",
    "datum": "WGS84",
    "mountainIds": "615",
    "mountainNames": "妙見山",
    "lists": "関西百名山",
    "routes": "",
    "entryType": "",
    "trailKmToSummit": "",
    "related": "TH-w301750772(349m) TH-n10032579370(124m) TH-n11482107528(414m)",
    "attributes": "",
    "status": "provisional",
    "accuracyM": 40,
    "needsReview": "公式情報または2情報源での確認が必要、名称なし、登山口から離れている（徒歩アプローチを要確認）",
    "sources": "OpenStreetMap（© OpenStreetMap contributors, ODbL 1.0）Geofabrik japan-latest.osm.pbf 2026-09-23T20:22:04Z way/207202978",
    "verifiedAt": ""
   }
  },
  {
   "type": "Feature",
   "geometry": {
    "type": "Point",
    "coordinates": [
     134.7243285,
     34.9972504
    ]
   },
   "properties": {
    "id": "PK-w216781744",
    "kind": "parking",
    "name": "（名称なし）駐車場",
    "datum": "WGS84",
    "mountainIds": "603",
    "mountainNames": "七種山",
    "lists": "関西百名山",
    "routes": "",
    "entryType": "",
    "trailKmToSummit": "",
    "related": "TH-osm-n2246853541(71m)",
    "attributes": "",
    "status": "provisional",
    "accuracyM": 40,
    "needsReview": "公式情報または2情報源での確認が必要、名称なし",
    "sources": "OpenStreetMap（© OpenStreetMap contributors, ODbL 1.0）Geofabrik japan-latest.osm.pbf 2026-09-23T20:22:04Z way/216781744",
    "verifiedAt": ""
   }
  },
  {
   "type": "Feature",
   "geometry": {
    "type": "Point",
    "coordinates": [
     134.724242,
     34.9966933
    ]
   },
   "properties": {
    "id": "PK-w216781746",
    "kind": "parking",
    "name": "（名称なし）駐車場",
    "datum": "WGS84",
    "mountainIds": "603",
    "mountainNames": "七種山",
    "lists": "関西百名山",
    "routes": "",
    "entryType": "",
    "trailKmToSummit": "",
    "related": "TH-osm-n2246853541(62m)",
    "attributes": "",
    "status": "provisional",
    "accuracyM": 40,
    "needsReview": "公式情報または2情報源での確認が必要、名称なし",
    "sources": "OpenStreetMap（© OpenStreetMap contributors, ODbL 1.0）Geofabrik japan-latest.osm.pbf 2026-09-23T20:22:04Z way/216781746",
    "verifiedAt": ""
   }
  },
  {
   "type": "Feature",
   "geometry": {
    "type": "Point",
    "coordinates": [
     134.7239727,
     34.9971512
    ]
   },
   "properties": {
    "id": "PK-w216781749",
    "kind": "parking",
    "name": "（名称なし）駐車場",
    "datum": "WGS84",
    "mountainIds": "603",
    "mountainNames": "七種山",
    "lists": "関西百名山",
    "routes": "",
    "entryType": "",
    "trailKmToSummit": "",
    "related": "TH-osm-n2246853541(93m)",
    "attributes": "",
    "status": "provisional",
    "accuracyM": 40,
    "needsReview": "公式情報または2情報源での確認が必要、名称なし",
    "sources": "OpenStreetMap（© OpenStreetMap contributors, ODbL 1.0）Geofabrik japan-latest.osm.pbf 2026-09-23T20:22:04Z way/216781749",
    "verifiedAt": ""
   }
  },
  {
   "type": "Feature",
   "geometry": {
    "type": "Point",
    "coordinates": [
     135.4455268,
     34.9117378
    ]
   },
   "properties": {
    "id": "PK-w219964746",
    "kind": "parking",
    "name": "（名称なし）駐車場",
    "datum": "WGS84",
    "mountainIds": "615",
    "mountainNames": "妙見山",
    "lists": "関西百名山",
    "routes": "",
    "entryType": "",
    "trailKmToSummit": "",
    "related": "TH-osm-n7829132218(67m)",
    "attributes": "access=customers",
    "status": "provisional",
    "accuracyM": 40,
    "needsReview": "公式情報または2情報源での確認が必要、名称なし",
    "sources": "OpenStreetMap（© OpenStreetMap contributors, ODbL 1.0）Geofabrik japan-latest.osm.pbf 2026-09-23T20:22:04Z way/219964746",
    "verifiedAt": ""
   }
  },
  {
   "type": "Feature",
   "geometry": {
    "type": "Point",
    "coordinates": [
     135.4482351,
     34.9115896
    ]
   },
   "properties": {
    "id": "PK-w219964747",
    "kind": "parking",
    "name": "（名称なし）駐車場",
    "datum": "WGS84",
    "mountainIds": "615",
    "mountainNames": "妙見山",
    "lists": "関西百名山",
    "routes": "",
    "entryType": "",
    "trailKmToSummit": "",
    "related": "TH-osm-n7829132218(312m)",
    "attributes": "access=customers",
    "status": "provisional",
    "accuracyM": 40,
    "needsReview": "公式情報または2情報源での確認が必要、名称なし、登山口から離れている（徒歩アプローチを要確認）",
    "sources": "OpenStreetMap（© OpenStreetMap contributors, ODbL 1.0）Geofabrik japan-latest.osm.pbf 2026-09-23T20:22:04Z way/219964747",
    "verifiedAt": ""
   }
  },
  {
   "type": "Feature",
   "geometry": {
    "type": "Point",
    "coordinates": [
     136.4070379,
     35.4215097
    ]
   },
   "properties": {
    "id": "PK-w236058705",
    "kind": "parking",
    "name": "（名称なし）駐車場",
    "datum": "WGS84",
    "mountainIds": "477",
    "mountainNames": "伊吹山",
    "lists": "日本百名山|日本二百名山|日本三百名山|関西百名山|東海の百山",
    "routes": "",
    "entryType": "",
    "trailKmToSummit": "",
    "related": "TH-n1376353782(168m)",
    "attributes": "",
    "status": "provisional",
    "accuracyM": 40,
    "needsReview": "公式情報または2情報源での確認が必要、名称なし",
    "sources": "OpenStreetMap（© OpenStreetMap contributors, ODbL 1.0）Geofabrik japan-latest.osm.pbf 2026-09-23T20:22:04Z way/236058705",
    "verifiedAt": ""
   }
  },
  {
   "type": "Feature",
   "geometry": {
    "type": "Point",
    "coordinates": [
     135.9034912,
     33.6685107
    ]
   },
   "properties": {
    "id": "PK-w266979074",
    "kind": "parking",
    "name": "大門坂 駐車場",
    "datum": "WGS84",
    "mountainIds": "813",
    "mountainNames": "烏帽子山",
    "lists": "関西百名山",
    "routes": "",
    "entryType": "",
    "trailKmToSummit": "",
    "related": "TH-n1389504314(144m)",
    "attributes": "",
    "status": "provisional",
    "accuracyM": 40,
    "needsReview": "公式情報または2情報源での確認が必要",
    "sources": "OpenStreetMap（© OpenStreetMap contributors, ODbL 1.0）Geofabrik japan-latest.osm.pbf 2026-09-23T20:22:04Z way/266979074",
    "verifiedAt": ""
   }
  },
  {
   "type": "Feature",
   "geometry": {
    "type": "Point",
    "coordinates": [
     134.8126908,
     35.0712138
    ]
   },
   "properties": {
    "id": "PK-w273505177",
    "kind": "parking",
    "name": "（名称なし）駐車場",
    "datum": "WGS84",
    "mountainIds": "591",
    "mountainNames": "笠形山",
    "lists": "関西百名山",
    "routes": "",
    "entryType": "",
    "trailKmToSummit": "",
    "related": "TH-n1471753350(333m)",
    "attributes": "access=customers",
    "status": "provisional",
    "accuracyM": 40,
    "needsReview": "公式情報または2情報源での確認が必要、名称なし、登山口から離れている（徒歩アプローチを要確認）",
    "sources": "OpenStreetMap（© OpenStreetMap contributors, ODbL 1.0）Geofabrik japan-latest.osm.pbf 2026-09-23T20:22:04Z way/273505177",
    "verifiedAt": ""
   }
  },
  {
   "type": "Feature",
   "geometry": {
    "type": "Point",
    "coordinates": [
     134.8113596,
     35.0720124
    ]
   },
   "properties": {
    "id": "PK-w273505178",
    "kind": "parking",
    "name": "（名称なし）駐車場",
    "datum": "WGS84",
    "mountainIds": "591",
    "mountainNames": "笠形山",
    "lists": "関西百名山",
    "routes": "",
    "entryType": "",
    "trailKmToSummit": "",
    "related": "TH-n1471753350(442m)",
    "attributes": "access=customers",
    "status": "provisional",
    "accuracyM": 40,
    "needsReview": "公式情報または2情報源での確認が必要、名称なし、登山口から離れている（徒歩アプローチを要確認）",
    "sources": "OpenStreetMap（© OpenStreetMap contributors, ODbL 1.0）Geofabrik japan-latest.osm.pbf 2026-09-23T20:22:04Z way/273505178",
    "verifiedAt": ""
   }
  },
  {
   "type": "Feature",
   "geometry": {
    "type": "Point",
    "coordinates": [
     135.7017662,
     34.4643995
    ]
   },
   "properties": {
    "id": "PK-w295212260",
    "kind": "parking",
    "name": "（名称なし）駐車場",
    "datum": "WGS84",
    "mountainIds": "667",
    "mountainNames": "大和葛城山",
    "lists": "日本三百名山|関西百名山",
    "routes": "",
    "entryType": "",
    "trailKmToSummit": "",
    "related": "TH-n1616752749(334m)",
    "attributes": "",
    "status": "provisional",
    "accuracyM": 40,
    "needsReview": "公式情報または2情報源での確認が必要、名称なし、登山口から離れている（徒歩アプローチを要確認）",
    "sources": "OpenStreetMap（© OpenStreetMap contributors, ODbL 1.0）Geofabrik japan-latest.osm.pbf 2026-09-23T20:22:04Z way/295212260",
    "verifiedAt": ""
   }
  },
  {
   "type": "Feature",
   "geometry": {
    "type": "Point",
    "coordinates": [
     135.8708998,
     34.5206558
    ]
   },
   "properties": {
    "id": "PK-w328121534",
    "kind": "parking",
    "name": "（名称なし）駐車場",
    "datum": "WGS84",
    "mountainIds": "649",
    "mountainNames": "三輪山",
    "lists": "関西百名山",
    "routes": "",
    "entryType": "",
    "trailKmToSummit": "",
    "related": "TH-n1816954995(206m)",
    "attributes": "",
    "status": "provisional",
    "accuracyM": 40,
    "needsReview": "公式情報または2情報源での確認が必要、名称なし",
    "sources": "OpenStreetMap（© OpenStreetMap contributors, ODbL 1.0）Geofabrik japan-latest.osm.pbf 2026-09-23T20:22:04Z way/328121534",
    "verifiedAt": ""
   }
  },
  {
   "type": "Feature",
   "geometry": {
    "type": "Point",
    "coordinates": [
     135.6874569,
     34.6850374
    ]
   },
   "properties": {
    "id": "PK-w336752425",
    "kind": "parking",
    "name": "（名称なし）駐車場",
    "datum": "WGS84",
    "mountainIds": "635",
    "mountainNames": "生駒山",
    "lists": "関西百名山",
    "routes": "",
    "entryType": "",
    "trailKmToSummit": "",
    "related": "TH-n1870789653(325m)",
    "attributes": "",
    "status": "provisional",
    "accuracyM": 40,
    "needsReview": "公式情報または2情報源での確認が必要、名称なし、登山口から離れている（徒歩アプローチを要確認）",
    "sources": "OpenStreetMap（© OpenStreetMap contributors, ODbL 1.0）Geofabrik japan-latest.osm.pbf 2026-09-23T20:22:04Z way/336752425",
    "verifiedAt": ""
   }
  },
  {
   "type": "Feature",
   "geometry": {
    "type": "Point",
    "coordinates": [
     135.6883364,
     34.685562
    ]
   },
   "properties": {
    "id": "PK-w336752426",
    "kind": "parking",
    "name": "（名称なし）駐車場",
    "datum": "WGS84",
    "mountainIds": "635",
    "mountainNames": "生駒山",
    "lists": "関西百名山",
    "routes": "",
    "entryType": "",
    "trailKmToSummit": "",
    "related": "TH-n1870789653(360m)",
    "attributes": "",
    "status": "provisional",
    "accuracyM": 40,
    "needsReview": "公式情報または2情報源での確認が必要、名称なし、登山口から離れている（徒歩アプローチを要確認）",
    "sources": "OpenStreetMap（© OpenStreetMap contributors, ODbL 1.0）Geofabrik japan-latest.osm.pbf 2026-09-23T20:22:04Z way/336752426",
    "verifiedAt": ""
   }
  },
  {
   "type": "Feature",
   "geometry": {
    "type": "Point",
    "coordinates": [
     135.7013551,
     34.4637158
    ]
   },
   "properties": {
    "id": "PK-w357046987",
    "kind": "parking",
    "name": "駐車場",
    "datum": "WGS84",
    "mountainIds": "667",
    "mountainNames": "大和葛城山",
    "lists": "日本三百名山|関西百名山",
    "routes": "",
    "entryType": "",
    "trailKmToSummit": "",
    "related": "TH-n1158833778(142m) TH-n1616752749(326m)",
    "attributes": "",
    "status": "provisional",
    "accuracyM": 40,
    "needsReview": "公式情報または2情報源での確認が必要、登山口から離れている（徒歩アプローチを要確認）",
    "sources": "OpenStreetMap（© OpenStreetMap contributors, ODbL 1.0）Geofabrik japan-latest.osm.pbf 2026-09-23T20:22:04Z way/357046987",
    "verifiedAt": ""
   }
  },
  {
   "type": "Feature",
   "geometry": {
    "type": "Point",
    "coordinates": [
     135.7003337,
     34.4636134
    ]
   },
   "properties": {
    "id": "PK-w358003165",
    "kind": "parking",
    "name": "駐車場",
    "datum": "WGS84",
    "mountainIds": "667",
    "mountainNames": "大和葛城山",
    "lists": "日本三百名山|関西百名山",
    "routes": "",
    "entryType": "",
    "trailKmToSummit": "",
    "related": "TH-n1158833778(48m)",
    "attributes": "fee=yes; capacity=30",
    "status": "provisional",
    "accuracyM": 40,
    "needsReview": "公式情報または2情報源での確認が必要",
    "sources": "OpenStreetMap（© OpenStreetMap contributors, ODbL 1.0）Geofabrik japan-latest.osm.pbf 2026-09-23T20:22:04Z way/358003165",
    "verifiedAt": ""
   }
  },
  {
   "type": "Feature",
   "geometry": {
    "type": "Point",
    "coordinates": [
     135.2468487,
     34.7962472
    ]
   },
   "properties": {
    "id": "PK-w362912679",
    "kind": "parking",
    "name": "池之坊有料駐車場",
    "datum": "WGS84",
    "mountainIds": "628",
    "mountainNames": "六甲最高峰",
    "lists": "日本三百名山|関西百名山",
    "routes": "",
    "entryType": "",
    "trailKmToSummit": "",
    "related": "TH-n12345111564(129m)",
    "attributes": "fee=no",
    "status": "provisional",
    "accuracyM": 40,
    "needsReview": "公式情報または2情報源での確認が必要",
    "sources": "OpenStreetMap（© OpenStreetMap contributors, ODbL 1.0）Geofabrik japan-latest.osm.pbf 2026-09-23T20:22:04Z way/362912679",
    "verifiedAt": ""
   }
  },
  {
   "type": "Feature",
   "geometry": {
    "type": "Point",
    "coordinates": [
     135.2457062,
     34.7922657
    ]
   },
   "properties": {
    "id": "PK-w363075734",
    "kind": "parking",
    "name": "有馬里駐車場",
    "datum": "WGS84",
    "mountainIds": "628",
    "mountainNames": "六甲最高峰",
    "lists": "日本三百名山|関西百名山",
    "routes": "",
    "entryType": "",
    "trailKmToSummit": "",
    "related": "TH-n2921600660(145m) TH-n1842381862(261m)",
    "attributes": "fee=yes",
    "status": "provisional",
    "accuracyM": 40,
    "needsReview": "公式情報または2情報源での確認が必要",
    "sources": "OpenStreetMap（© OpenStreetMap contributors, ODbL 1.0）Geofabrik japan-latest.osm.pbf 2026-09-23T20:22:04Z way/363075734",
    "verifiedAt": ""
   }
  },
  {
   "type": "Feature",
   "geometry": {
    "type": "Point",
    "coordinates": [
     135.2454046,
     34.7913401
    ]
   },
   "properties": {
    "id": "PK-w363075736",
    "kind": "parking",
    "name": "（名称なし）駐車場",
    "datum": "WGS84",
    "mountainIds": "628",
    "mountainNames": "六甲最高峰",
    "lists": "日本三百名山|関西百名山",
    "routes": "",
    "entryType": "",
    "trailKmToSummit": "",
    "related": "TH-n2921600660(48m) TH-n1842381862(308m)",
    "attributes": "fee=yes; access=yes",
    "status": "provisional",
    "accuracyM": 40,
    "needsReview": "公式情報または2情報源での確認が必要、名称なし、登山口から離れている（徒歩アプローチを要確認）",
    "sources": "OpenStreetMap（© OpenStreetMap contributors, ODbL 1.0）Geofabrik japan-latest.osm.pbf 2026-09-23T20:22:04Z way/363075736",
    "verifiedAt": ""
   }
  },
  {
   "type": "Feature",
   "geometry": {
    "type": "Point",
    "coordinates": [
     135.0760361,
     34.6759721
    ]
   },
   "properties": {
    "id": "PK-w367485570",
    "kind": "parking",
    "name": "P10",
    "datum": "WGS84",
    "mountainIds": "637",
    "mountainNames": "横尾山",
    "lists": "関西百名山",
    "routes": "",
    "entryType": "",
    "trailKmToSummit": "",
    "related": "TH-n6881086223(399m)",
    "attributes": "",
    "status": "provisional",
    "accuracyM": 40,
    "needsReview": "公式情報または2情報源での確認が必要、登山口から離れている（徒歩アプローチを要確認）",
    "sources": "OpenStreetMap（© OpenStreetMap contributors, ODbL 1.0）Geofabrik japan-latest.osm.pbf 2026-09-23T20:22:04Z way/367485570",
    "verifiedAt": ""
   }
  },
  {
   "type": "Feature",
   "geometry": {
    "type": "Point",
    "coordinates": [
     135.0926262,
     34.6805442
    ]
   },
   "properties": {
    "id": "PK-w368314812",
    "kind": "parking",
    "name": "（名称なし）駐車場",
    "datum": "WGS84",
    "mountainIds": "637",
    "mountainNames": "横尾山",
    "lists": "関西百名山",
    "routes": "",
    "entryType": "",
    "trailKmToSummit": "",
    "related": "TH-n5588254995(114m)",
    "attributes": "",
    "status": "provisional",
    "accuracyM": 40,
    "needsReview": "公式情報または2情報源での確認が必要、名称なし",
    "sources": "OpenStreetMap（© OpenStreetMap contributors, ODbL 1.0）Geofabrik japan-latest.osm.pbf 2026-09-23T20:22:04Z way/368314812",
    "verifiedAt": ""
   }
  },
  {
   "type": "Feature",
   "geometry": {
    "type": "Point",
    "coordinates": [
     135.0958348,
     34.6801613
    ]
   },
   "properties": {
    "id": "PK-w368314870",
    "kind": "parking",
    "name": "（名称なし）駐車場",
    "datum": "WGS84",
    "mountainIds": "637",
    "mountainNames": "横尾山",
    "lists": "関西百名山",
    "routes": "",
    "entryType": "",
    "trailKmToSummit": "",
    "related": "TH-n5588254995(192m)",
    "attributes": "",
    "status": "provisional",
    "accuracyM": 40,
    "needsReview": "公式情報または2情報源での確認が必要、名称なし",
    "sources": "OpenStreetMap（© OpenStreetMap contributors, ODbL 1.0）Geofabrik japan-latest.osm.pbf 2026-09-23T20:22:04Z way/368314870",
    "verifiedAt": ""
   }
  },
  {
   "type": "Feature",
   "geometry": {
    "type": "Point",
    "coordinates": [
     135.1107308,
     34.6766922
    ]
   },
   "properties": {
    "id": "PK-w368782167",
    "kind": "parking",
    "name": "OnePark妙法寺駅前駐車場",
    "datum": "WGS84",
    "mountainIds": "637",
    "mountainNames": "横尾山",
    "lists": "関西百名山",
    "routes": "",
    "entryType": "",
    "trailKmToSummit": "",
    "related": "TH-n5537346069(101m)",
    "attributes": "fee=yes; access=yes",
    "status": "provisional",
    "accuracyM": 40,
    "needsReview": "公式情報または2情報源での確認が必要",
    "sources": "OpenStreetMap（© OpenStreetMap contributors, ODbL 1.0）Geofabrik japan-latest.osm.pbf 2026-09-23T20:22:04Z way/368782167",
    "verifiedAt": ""
   }
  },
  {
   "type": "Feature",
   "geometry": {
    "type": "Point",
    "coordinates": [
     135.6450404,
     34.9377416
    ]
   },
   "properties": {
    "id": "PK-w389329539",
    "kind": "parking",
    "name": "（名称なし）駐車場",
    "datum": "WGS84",
    "mountainIds": "613",
    "mountainNames": "ポンポン山",
    "lists": "関西百名山",
    "routes": "",
    "entryType": "",
    "trailKmToSummit": "",
    "related": "TH-n6151228099(104m)",
    "attributes": "",
    "status": "provisional",
    "accuracyM": 40,
    "needsReview": "公式情報または2情報源での確認が必要、名称なし",
    "sources": "OpenStreetMap（© OpenStreetMap contributors, ODbL 1.0）Geofabrik japan-latest.osm.pbf 2026-09-23T20:22:04Z way/389329539",
    "verifiedAt": ""
   }
  },
  {
   "type": "Feature",
   "geometry": {
    "type": "Point",
    "coordinates": [
     135.6465032,
     34.9378623
    ]
   },
   "properties": {
    "id": "PK-w389329545",
    "kind": "parking",
    "name": "（名称なし）駐車場",
    "datum": "WGS84",
    "mountainIds": "613",
    "mountainNames": "ポンポン山",
    "lists": "関西百名山",
    "routes": "",
    "entryType": "",
    "trailKmToSummit": "",
    "related": "TH-n6151228099(55m)",
    "attributes": "",
    "status": "provisional",
    "accuracyM": 40,
    "needsReview": "公式情報または2情報源での確認が必要、名称なし",
    "sources": "OpenStreetMap（© OpenStreetMap contributors, ODbL 1.0）Geofabrik japan-latest.osm.pbf 2026-09-23T20:22:04Z way/389329545",
    "verifiedAt": ""
   }
  },
  {
   "type": "Feature",
   "geometry": {
    "type": "Point",
    "coordinates": [
     135.6768576,
     34.4442748
    ]
   },
   "properties": {
    "id": "PK-w397570279",
    "kind": "parking",
    "name": "水越無料駐車場",
    "datum": "WGS84",
    "mountainIds": "667 676",
    "mountainNames": "大和葛城山、金剛山",
    "lists": "日本三百名山|関西百名山|日本二百名山",
    "routes": "",
    "entryType": "",
    "trailKmToSummit": "",
    "related": "TH-n9404409834(473m) TH-w397570279(0m)",
    "attributes": "",
    "status": "provisional",
    "accuracyM": 40,
    "needsReview": "公式情報または2情報源での確認が必要、登山口から離れている（徒歩アプローチを要確認）",
    "sources": "OpenStreetMap（© OpenStreetMap contributors, ODbL 1.0）Geofabrik japan-latest.osm.pbf 2026-09-23T20:22:04Z way/397570279",
    "verifiedAt": ""
   }
  },
  {
   "type": "Feature",
   "geometry": {
    "type": "Point",
    "coordinates": [
     135.6642915,
     34.4059762
    ]
   },
   "properties": {
    "id": "PK-w397570823",
    "kind": "parking",
    "name": "大阪府営駐車場",
    "datum": "WGS84",
    "mountainIds": "676",
    "mountainNames": "金剛山",
    "lists": "日本二百名山|日本三百名山|関西百名山",
    "routes": "",
    "entryType": "",
    "trailKmToSummit": "",
    "related": "TH-n1158659413(300m)",
    "attributes": "fee=yes; capacity=342台",
    "status": "provisional",
    "accuracyM": 40,
    "needsReview": "公式情報または2情報源での確認が必要",
    "sources": "OpenStreetMap（© OpenStreetMap contributors, ODbL 1.0）Geofabrik japan-latest.osm.pbf 2026-09-23T20:22:04Z way/397570823",
    "verifiedAt": ""
   }
  },
  {
   "type": "Feature",
   "geometry": {
    "type": "Point",
    "coordinates": [
     135.6633249,
     34.4060589
    ]
   },
   "properties": {
    "id": "PK-w397581857",
    "kind": "parking",
    "name": "（名称なし）駐車場",
    "datum": "WGS84",
    "mountainIds": "676",
    "mountainNames": "金剛山",
    "lists": "日本二百名山|日本三百名山|関西百名山",
    "routes": "",
    "entryType": "",
    "trailKmToSummit": "",
    "related": "TH-n4006745560(38m)",
    "attributes": "",
    "status": "provisional",
    "accuracyM": 40,
    "needsReview": "公式情報または2情報源での確認が必要、名称なし",
    "sources": "OpenStreetMap（© OpenStreetMap contributors, ODbL 1.0）Geofabrik japan-latest.osm.pbf 2026-09-23T20:22:04Z way/397581857",
    "verifiedAt": ""
   }
  },
  {
   "type": "Feature",
   "geometry": {
    "type": "Point",
    "coordinates": [
     135.6488308,
     34.417621
    ]
   },
   "properties": {
    "id": "PK-w397587223",
    "kind": "parking",
    "name": "（名称なし）駐車場",
    "datum": "WGS84",
    "mountainIds": "676",
    "mountainNames": "金剛山",
    "lists": "日本二百名山|日本三百名山|関西百名山",
    "routes": "",
    "entryType": "",
    "trailKmToSummit": "",
    "related": "TH-n7023181823(30m)",
    "attributes": "",
    "status": "provisional",
    "accuracyM": 40,
    "needsReview": "公式情報または2情報源での確認が必要、名称なし",
    "sources": "OpenStreetMap（© OpenStreetMap contributors, ODbL 1.0）Geofabrik japan-latest.osm.pbf 2026-09-23T20:22:04Z way/397587223",
    "verifiedAt": ""
   }
  },
  {
   "type": "Feature",
   "geometry": {
    "type": "Point",
    "coordinates": [
     135.6485991,
     34.4172209
    ]
   },
   "properties": {
    "id": "PK-w397587224",
    "kind": "parking",
    "name": "（名称なし）駐車場",
    "datum": "WGS84",
    "mountainIds": "676",
    "mountainNames": "金剛山",
    "lists": "日本二百名山|日本三百名山|関西百名山",
    "routes": "",
    "entryType": "",
    "trailKmToSummit": "",
    "related": "TH-n7023181823(25m)",
    "attributes": "",
    "status": "provisional",
    "accuracyM": 40,
    "needsReview": "公式情報または2情報源での確認が必要、名称なし",
    "sources": "OpenStreetMap（© OpenStreetMap contributors, ODbL 1.0）Geofabrik japan-latest.osm.pbf 2026-09-23T20:22:04Z way/397587224",
    "verifiedAt": ""
   }
  },
  {
   "type": "Feature",
   "geometry": {
    "type": "Point",
    "coordinates": [
     135.6490437,
     34.417407
    ]
   },
   "properties": {
    "id": "PK-w398272834",
    "kind": "parking",
    "name": "（名称なし）駐車場",
    "datum": "WGS84",
    "mountainIds": "676",
    "mountainNames": "金剛山",
    "lists": "日本二百名山|日本三百名山|関西百名山",
    "routes": "",
    "entryType": "",
    "trailKmToSummit": "",
    "related": "TH-n7023181823(21m)",
    "attributes": "",
    "status": "provisional",
    "accuracyM": 40,
    "needsReview": "公式情報または2情報源での確認が必要、名称なし",
    "sources": "OpenStreetMap（© OpenStreetMap contributors, ODbL 1.0）Geofabrik japan-latest.osm.pbf 2026-09-23T20:22:04Z way/398272834",
    "verifiedAt": ""
   }
  },
  {
   "type": "Feature",
   "geometry": {
    "type": "Point",
    "coordinates": [
     135.6499569,
     34.4187689
    ]
   },
   "properties": {
    "id": "PK-w400076764",
    "kind": "parking",
    "name": "（名称なし）駐車場",
    "datum": "WGS84",
    "mountainIds": "676",
    "mountainNames": "金剛山",
    "lists": "日本二百名山|日本三百名山|関西百名山",
    "routes": "",
    "entryType": "",
    "trailKmToSummit": "",
    "related": "TH-n3998533200(93m)",
    "attributes": "",
    "status": "provisional",
    "accuracyM": 40,
    "needsReview": "公式情報または2情報源での確認が必要、名称なし",
    "sources": "OpenStreetMap（© OpenStreetMap contributors, ODbL 1.0）Geofabrik japan-latest.osm.pbf 2026-09-23T20:22:04Z way/400076764",
    "verifiedAt": ""
   }
  },
  {
   "type": "Feature",
   "geometry": {
    "type": "Point",
    "coordinates": [
     135.6621573,
     34.4063814
    ]
   },
   "properties": {
    "id": "PK-w400903038",
    "kind": "parking",
    "name": "（名称なし）駐車場",
    "datum": "WGS84",
    "mountainIds": "676",
    "mountainNames": "金剛山",
    "lists": "日本二百名山|日本三百名山|関西百名山",
    "routes": "",
    "entryType": "",
    "trailKmToSummit": "",
    "related": "TH-n4006745560(83m)",
    "attributes": "",
    "status": "provisional",
    "accuracyM": 40,
    "needsReview": "公式情報または2情報源での確認が必要、名称なし",
    "sources": "OpenStreetMap（© OpenStreetMap contributors, ODbL 1.0）Geofabrik japan-latest.osm.pbf 2026-09-23T20:22:04Z way/400903038",
    "verifiedAt": ""
   }
  },
  {
   "type": "Feature",
   "geometry": {
    "type": "Point",
    "coordinates": [
     135.665471,
     34.4044808
    ]
   },
   "properties": {
    "id": "PK-w400903194",
    "kind": "parking",
    "name": "（名称なし）駐車場",
    "datum": "WGS84",
    "mountainIds": "676",
    "mountainNames": "金剛山",
    "lists": "日本二百名山|日本三百名山|関西百名山",
    "routes": "",
    "entryType": "",
    "trailKmToSummit": "",
    "related": "TH-n1158659413(102m)",
    "attributes": "",
    "status": "provisional",
    "accuracyM": 40,
    "needsReview": "公式情報または2情報源での確認が必要、名称なし",
    "sources": "OpenStreetMap（© OpenStreetMap contributors, ODbL 1.0）Geofabrik japan-latest.osm.pbf 2026-09-23T20:22:04Z way/400903194",
    "verifiedAt": ""
   }
  },
  {
   "type": "Feature",
   "geometry": {
    "type": "Point",
    "coordinates": [
     135.6663213,
     34.4041335
    ]
   },
   "properties": {
    "id": "PK-w400903195",
    "kind": "parking",
    "name": "（名称なし）駐車場",
    "datum": "WGS84",
    "mountainIds": "676",
    "mountainNames": "金剛山",
    "lists": "日本二百名山|日本三百名山|関西百名山",
    "routes": "",
    "entryType": "",
    "trailKmToSummit": "",
    "related": "TH-n1158659413(54m)",
    "attributes": "",
    "status": "provisional",
    "accuracyM": 40,
    "needsReview": "公式情報または2情報源での確認が必要、名称なし",
    "sources": "OpenStreetMap（© OpenStreetMap contributors, ODbL 1.0）Geofabrik japan-latest.osm.pbf 2026-09-23T20:22:04Z way/400903195",
    "verifiedAt": ""
   }
  },
  {
   "type": "Feature",
   "geometry": {
    "type": "Point",
    "coordinates": [
     135.6506445,
     34.4190841
    ]
   },
   "properties": {
    "id": "PK-w400903843",
    "kind": "parking",
    "name": "（名称なし）駐車場",
    "datum": "WGS84",
    "mountainIds": "676",
    "mountainNames": "金剛山",
    "lists": "日本二百名山|日本三百名山|関西百名山",
    "routes": "",
    "entryType": "",
    "trailKmToSummit": "",
    "related": "TH-n3998533200(46m)",
    "attributes": "",
    "status": "provisional",
    "accuracyM": 40,
    "needsReview": "公式情報または2情報源での確認が必要、名称なし",
    "sources": "OpenStreetMap（© OpenStreetMap contributors, ODbL 1.0）Geofabrik japan-latest.osm.pbf 2026-09-23T20:22:04Z way/400903843",
    "verifiedAt": ""
   }
  },
  {
   "type": "Feature",
   "geometry": {
    "type": "Point",
    "coordinates": [
     135.6489298,
     34.4183225
    ]
   },
   "properties": {
    "id": "PK-w400903845",
    "kind": "parking",
    "name": "（名称なし）駐車場",
    "datum": "WGS84",
    "mountainIds": "676",
    "mountainNames": "金剛山",
    "lists": "日本二百名山|日本三百名山|関西百名山",
    "routes": "",
    "entryType": "",
    "trailKmToSummit": "",
    "related": "TH-n3998533200(193m)",
    "attributes": "",
    "status": "provisional",
    "accuracyM": 40,
    "needsReview": "公式情報または2情報源での確認が必要、名称なし",
    "sources": "OpenStreetMap（© OpenStreetMap contributors, ODbL 1.0）Geofabrik japan-latest.osm.pbf 2026-09-23T20:22:04Z way/400903845",
    "verifiedAt": ""
   }
  },
  {
   "type": "Feature",
   "geometry": {
    "type": "Point",
    "coordinates": [
     135.6513023,
     34.4124279
    ]
   },
   "properties": {
    "id": "PK-w401127183",
    "kind": "parking",
    "name": "（名称なし）駐車場",
    "datum": "WGS84",
    "mountainIds": "676",
    "mountainNames": "金剛山",
    "lists": "日本二百名山|日本三百名山|関西百名山",
    "routes": "",
    "entryType": "",
    "trailKmToSummit": "",
    "related": "TH-n1576346874(55m)",
    "attributes": "",
    "status": "provisional",
    "accuracyM": 40,
    "needsReview": "公式情報または2情報源での確認が必要、名称なし",
    "sources": "OpenStreetMap（© OpenStreetMap contributors, ODbL 1.0）Geofabrik japan-latest.osm.pbf 2026-09-23T20:22:04Z way/401127183",
    "verifiedAt": ""
   }
  },
  {
   "type": "Feature",
   "geometry": {
    "type": "Point",
    "coordinates": [
     135.839864,
     35.0687274
    ]
   },
   "properties": {
    "id": "PK-w403291882",
    "kind": "parking",
    "name": "延暦寺 第３駐車場",
    "datum": "WGS84",
    "mountainIds": "590",
    "mountainNames": "比叡山",
    "lists": "日本三百名山|関西百名山",
    "routes": "",
    "entryType": "",
    "trailKmToSummit": "",
    "related": "TH-w24925988(442m) TH-n4189739291(318m) TH-n10294782453(422m)",
    "attributes": "",
    "status": "provisional",
    "accuracyM": 40,
    "needsReview": "公式情報または2情報源での確認が必要、登山口から離れている（徒歩アプローチを要確認）",
    "sources": "OpenStreetMap（© OpenStreetMap contributors, ODbL 1.0）Geofabrik japan-latest.osm.pbf 2026-09-23T20:22:04Z way/403291882",
    "verifiedAt": ""
   }
  },
  {
   "type": "Feature",
   "geometry": {
    "type": "Point",
    "coordinates": [
     135.8390541,
     35.0683735
    ]
   },
   "properties": {
    "id": "PK-w403442664",
    "kind": "parking",
    "name": "第二駐車場",
    "datum": "WGS84",
    "mountainIds": "590",
    "mountainNames": "比叡山",
    "lists": "日本三百名山|関西百名山",
    "routes": "",
    "entryType": "",
    "trailKmToSummit": "",
    "related": "TH-w24925988(488m) TH-n4189739291(247m) TH-n10294782453(413m)",
    "attributes": "",
    "status": "provisional",
    "accuracyM": 40,
    "needsReview": "公式情報または2情報源での確認が必要、登山口から離れている（徒歩アプローチを要確認）",
    "sources": "OpenStreetMap（© OpenStreetMap contributors, ODbL 1.0）Geofabrik japan-latest.osm.pbf 2026-09-23T20:22:04Z way/403442664",
    "verifiedAt": ""
   }
  },
  {
   "type": "Feature",
   "geometry": {
    "type": "Point",
    "coordinates": [
     135.8377629,
     35.068823
    ]
   },
   "properties": {
    "id": "PK-w403456122",
    "kind": "parking",
    "name": "（名称なし）駐車場",
    "datum": "WGS84",
    "mountainIds": "590",
    "mountainNames": "比叡山",
    "lists": "日本三百名山|関西百名山",
    "routes": "",
    "entryType": "",
    "trailKmToSummit": "",
    "related": "TH-n4189739291(127m)",
    "attributes": "",
    "status": "provisional",
    "accuracyM": 40,
    "needsReview": "公式情報または2情報源での確認が必要、名称なし",
    "sources": "OpenStreetMap（© OpenStreetMap contributors, ODbL 1.0）Geofabrik japan-latest.osm.pbf 2026-09-23T20:22:04Z way/403456122",
    "verifiedAt": ""
   }
  },
  {
   "type": "Feature",
   "geometry": {
    "type": "Point",
    "coordinates": [
     135.8430478,
     35.0705273
    ]
   },
   "properties": {
    "id": "PK-w405796388",
    "kind": "parking",
    "name": "（名称なし）駐車場",
    "datum": "WGS84",
    "mountainIds": "590",
    "mountainNames": "比叡山",
    "lists": "日本三百名山|関西百名山",
    "routes": "",
    "entryType": "",
    "trailKmToSummit": "",
    "related": "TH-w24925988(447m)",
    "attributes": "",
    "status": "provisional",
    "accuracyM": 40,
    "needsReview": "公式情報または2情報源での確認が必要、名称なし、登山口から離れている（徒歩アプローチを要確認）",
    "sources": "OpenStreetMap（© OpenStreetMap contributors, ODbL 1.0）Geofabrik japan-latest.osm.pbf 2026-09-23T20:22:04Z way/405796388",
    "verifiedAt": ""
   }
  },
  {
   "type": "Feature",
   "geometry": {
    "type": "Point",
    "coordinates": [
     135.8330552,
     35.071959
    ]
   },
   "properties": {
    "id": "PK-w405868906",
    "kind": "parking",
    "name": "（名称なし）駐車場",
    "datum": "WGS84",
    "mountainIds": "590",
    "mountainNames": "比叡山",
    "lists": "日本三百名山|関西百名山",
    "routes": "",
    "entryType": "",
    "trailKmToSummit": "",
    "related": "TH-n1355400817(76m)",
    "attributes": "",
    "status": "provisional",
    "accuracyM": 40,
    "needsReview": "公式情報または2情報源での確認が必要、名称なし",
    "sources": "OpenStreetMap（© OpenStreetMap contributors, ODbL 1.0）Geofabrik japan-latest.osm.pbf 2026-09-23T20:22:04Z way/405868906",
    "verifiedAt": ""
   }
  },
  {
   "type": "Feature",
   "geometry": {
    "type": "Point",
    "coordinates": [
     135.9354229,
     34.9334198
    ]
   },
   "properties": {
    "id": "PK-w412361427",
    "kind": "parking",
    "name": "（名称なし）駐車場",
    "datum": "WGS84",
    "mountainIds": "617",
    "mountainNames": "太神山",
    "lists": "関西百名山",
    "routes": "",
    "entryType": "",
    "trailKmToSummit": "",
    "related": "TH-ksj-P11-22-25-bs3396(472m)",
    "attributes": "",
    "status": "provisional",
    "accuracyM": 40,
    "needsReview": "公式情報または2情報源での確認が必要、名称なし、登山口から離れている（徒歩アプローチを要確認）",
    "sources": "OpenStreetMap（© OpenStreetMap contributors, ODbL 1.0）Geofabrik japan-latest.osm.pbf 2026-09-23T20:22:04Z way/412361427",
    "verifiedAt": ""
   }
  },
  {
   "type": "Feature",
   "geometry": {
    "type": "Point",
    "coordinates": [
     135.9366795,
     34.9336939
    ]
   },
   "properties": {
    "id": "PK-w412361505",
    "kind": "parking",
    "name": "（名称なし）駐車場",
    "datum": "WGS84",
    "mountainIds": "617",
    "mountainNames": "太神山",
    "lists": "関西百名山",
    "routes": "",
    "entryType": "",
    "trailKmToSummit": "",
    "related": "TH-ksj-P11-22-25-bs3396(401m)",
    "attributes": "",
    "status": "provisional",
    "accuracyM": 40,
    "needsReview": "公式情報または2情報源での確認が必要、名称なし、登山口から離れている（徒歩アプローチを要確認）",
    "sources": "OpenStreetMap（© OpenStreetMap contributors, ODbL 1.0）Geofabrik japan-latest.osm.pbf 2026-09-23T20:22:04Z way/412361505",
    "verifiedAt": ""
   }
  },
  {
   "type": "Feature",
   "geometry": {
    "type": "Point",
    "coordinates": [
     135.9368125,
     34.9334833
    ]
   },
   "properties": {
    "id": "PK-w412361519",
    "kind": "parking",
    "name": "（名称なし）駐車場",
    "datum": "WGS84",
    "mountainIds": "617",
    "mountainNames": "太神山",
    "lists": "関西百名山",
    "routes": "",
    "entryType": "",
    "trailKmToSummit": "",
    "related": "TH-ksj-P11-22-25-bs3396(376m)",
    "attributes": "",
    "status": "provisional",
    "accuracyM": 40,
    "needsReview": "公式情報または2情報源での確認が必要、名称なし、登山口から離れている（徒歩アプローチを要確認）",
    "sources": "OpenStreetMap（© OpenStreetMap contributors, ODbL 1.0）Geofabrik japan-latest.osm.pbf 2026-09-23T20:22:04Z way/412361519",
    "verifiedAt": ""
   }
  },
  {
   "type": "Feature",
   "geometry": {
    "type": "Point",
    "coordinates": [
     135.2656881,
     34.7779532
    ]
   },
   "properties": {
    "id": "PK-w417974977",
    "kind": "parking",
    "name": "（名称なし）駐車場",
    "datum": "WGS84",
    "mountainIds": "628",
    "mountainNames": "六甲最高峰",
    "lists": "日本三百名山|関西百名山",
    "routes": "",
    "entryType": "",
    "trailKmToSummit": "",
    "related": "TH-n8487738855(270m) TH-n2215884840(467m)",
    "attributes": "",
    "status": "provisional",
    "accuracyM": 40,
    "needsReview": "公式情報または2情報源での確認が必要、名称なし、登山口から離れている（徒歩アプローチを要確認）",
    "sources": "OpenStreetMap（© OpenStreetMap contributors, ODbL 1.0）Geofabrik japan-latest.osm.pbf 2026-09-23T20:22:04Z way/417974977",
    "verifiedAt": ""
   }
  },
  {
   "type": "Feature",
   "geometry": {
    "type": "Point",
    "coordinates": [
     135.2216044,
     34.7282127
    ]
   },
   "properties": {
    "id": "PK-w422533759",
    "kind": "parking",
    "name": "（名称なし）駐車場",
    "datum": "WGS84",
    "mountainIds": "633",
    "mountainNames": "摩耶山",
    "lists": "関西百名山",
    "routes": "",
    "entryType": "",
    "trailKmToSummit": "",
    "related": "TH-n1733817344(299m)",
    "attributes": "",
    "status": "provisional",
    "accuracyM": 40,
    "needsReview": "公式情報または2情報源での確認が必要、名称なし",
    "sources": "OpenStreetMap（© OpenStreetMap contributors, ODbL 1.0）Geofabrik japan-latest.osm.pbf 2026-09-23T20:22:04Z way/422533759",
    "verifiedAt": ""
   }
  },
  {
   "type": "Feature",
   "geometry": {
    "type": "Point",
    "coordinates": [
     135.219857,
     34.7270891
    ]
   },
   "properties": {
    "id": "PK-w422533773",
    "kind": "parking",
    "name": "（名称なし）駐車場",
    "datum": "WGS84",
    "mountainIds": "633",
    "mountainNames": "摩耶山",
    "lists": "関西百名山",
    "routes": "",
    "entryType": "",
    "trailKmToSummit": "",
    "related": "TH-n1733817344(130m)",
    "attributes": "",
    "status": "provisional",
    "accuracyM": 40,
    "needsReview": "公式情報または2情報源での確認が必要、名称なし",
    "sources": "OpenStreetMap（© OpenStreetMap contributors, ODbL 1.0）Geofabrik japan-latest.osm.pbf 2026-09-23T20:22:04Z way/422533773",
    "verifiedAt": ""
   }
  },
  {
   "type": "Feature",
   "geometry": {
    "type": "Point",
    "coordinates": [
     135.2185067,
     34.723439
    ]
   },
   "properties": {
    "id": "PK-w422533781",
    "kind": "parking",
    "name": "（名称なし）駐車場",
    "datum": "WGS84",
    "mountainIds": "633",
    "mountainNames": "摩耶山",
    "lists": "関西百名山",
    "routes": "",
    "entryType": "",
    "trailKmToSummit": "",
    "related": "TH-w183841007(396m) TH-n1733817344(301m)",
    "attributes": "",
    "status": "provisional",
    "accuracyM": 40,
    "needsReview": "公式情報または2情報源での確認が必要、名称なし、登山口から離れている（徒歩アプローチを要確認）",
    "sources": "OpenStreetMap（© OpenStreetMap contributors, ODbL 1.0）Geofabrik japan-latest.osm.pbf 2026-09-23T20:22:04Z way/422533781",
    "verifiedAt": ""
   }
  },
  {
   "type": "Feature",
   "geometry": {
    "type": "Point",
    "coordinates": [
     136.4476094,
     35.0164548
    ]
   },
   "properties": {
    "id": "PK-w425039861",
    "kind": "parking",
    "name": "（名称なし）駐車場",
    "datum": "WGS84",
    "mountainIds": "585 589 595 601 602 607 609 611 612",
    "mountainNames": "三池岳、釈迦ヶ岳、尾高山、雨乞岳、御在所岳、鎌ヶ岳、入道ヶ岳、宮指路岳、仙ヶ岳",
    "lists": "東海の百山|日本二百名山|日本三百名山|関西百名山",
    "routes": "",
    "entryType": "",
    "trailKmToSummit": "",
    "related": "TH-n1742841008(128m)",
    "attributes": "",
    "status": "provisional",
    "accuracyM": 40,
    "needsReview": "公式情報または2情報源での確認が必要、名称なし",
    "sources": "OpenStreetMap（© OpenStreetMap contributors, ODbL 1.0）Geofabrik japan-latest.osm.pbf 2026-09-23T20:22:04Z way/425039861",
    "verifiedAt": ""
   }
  },
  {
   "type": "Feature",
   "geometry": {
    "type": "Point",
    "coordinates": [
     135.176968,
     34.7206474
    ]
   },
   "properties": {
    "id": "PK-w427371834",
    "kind": "parking",
    "name": "（名称なし）駐車場",
    "datum": "WGS84",
    "mountainIds": "633",
    "mountainNames": "摩耶山",
    "lists": "関西百名山",
    "routes": "",
    "entryType": "",
    "trailKmToSummit": "",
    "related": "TH-w457422879(379m)",
    "attributes": "",
    "status": "provisional",
    "accuracyM": 40,
    "needsReview": "公式情報または2情報源での確認が必要、名称なし、登山口から離れている（徒歩アプローチを要確認）",
    "sources": "OpenStreetMap（© OpenStreetMap contributors, ODbL 1.0）Geofabrik japan-latest.osm.pbf 2026-09-23T20:22:04Z way/427371834",
    "verifiedAt": ""
   }
  },
  {
   "type": "Feature",
   "geometry": {
    "type": "Point",
    "coordinates": [
     135.6534387,
     34.9138582
    ]
   },
   "properties": {
    "id": "PK-w431364880",
    "kind": "parking",
    "name": "山門前駐車場",
    "datum": "WGS84",
    "mountainIds": "613",
    "mountainNames": "ポンポン山",
    "lists": "関西百名山",
    "routes": "",
    "entryType": "",
    "trailKmToSummit": "",
    "related": "TH-n4406941785(231m)",
    "attributes": "fee=no; capacity=17; access=customers",
    "status": "provisional",
    "accuracyM": 40,
    "needsReview": "公式情報または2情報源での確認が必要",
    "sources": "OpenStreetMap（© OpenStreetMap contributors, ODbL 1.0）Geofabrik japan-latest.osm.pbf 2026-09-23T20:22:04Z way/431364880",
    "verifiedAt": ""
   }
  },
  {
   "type": "Feature",
   "geometry": {
    "type": "Point",
    "coordinates": [
     135.8639969,
     35.0695572
    ]
   },
   "properties": {
    "id": "PK-w434629057",
    "kind": "parking",
    "name": "（名称なし）駐車場",
    "datum": "WGS84",
    "mountainIds": "590",
    "mountainNames": "比叡山",
    "lists": "日本三百名山|関西百名山",
    "routes": "",
    "entryType": "",
    "trailKmToSummit": "",
    "related": "TH-w572203656(246m) TH-n1355399585(467m)",
    "attributes": "capacity=6; access=permissive",
    "status": "provisional",
    "accuracyM": 40,
    "needsReview": "公式情報または2情報源での確認が必要、名称なし、登山口から離れている（徒歩アプローチを要確認）",
    "sources": "OpenStreetMap（© OpenStreetMap contributors, ODbL 1.0）Geofabrik japan-latest.osm.pbf 2026-09-23T20:22:04Z way/434629057",
    "verifiedAt": ""
   }
  },
  {
   "type": "Feature",
   "geometry": {
    "type": "Point",
    "coordinates": [
     135.9760752,
     34.543651
    ]
   },
   "properties": {
    "id": "PK-w435012875",
    "kind": "parking",
    "name": "（名称なし）駐車場",
    "datum": "WGS84",
    "mountainIds": "645",
    "mountainNames": "額井岳",
    "lists": "関西百名山",
    "routes": "",
    "entryType": "",
    "trailKmToSummit": "",
    "related": "TH-n6649478843(393m)",
    "attributes": "access=customers",
    "status": "provisional",
    "accuracyM": 40,
    "needsReview": "公式情報または2情報源での確認が必要、名称なし、登山口から離れている（徒歩アプローチを要確認）",
    "sources": "OpenStreetMap（© OpenStreetMap contributors, ODbL 1.0）Geofabrik japan-latest.osm.pbf 2026-09-23T20:22:04Z way/435012875",
    "verifiedAt": ""
   }
  },
  {
   "type": "Feature",
   "geometry": {
    "type": "Point",
    "coordinates": [
     135.9781189,
     34.5448394
    ]
   },
   "properties": {
    "id": "PK-w435012877",
    "kind": "parking",
    "name": "（名称なし）駐車場",
    "datum": "WGS84",
    "mountainIds": "645",
    "mountainNames": "額井岳",
    "lists": "関西百名山",
    "routes": "",
    "entryType": "",
    "trailKmToSummit": "",
    "related": "TH-n6649478843(408m)",
    "attributes": "access=permissive",
    "status": "provisional",
    "accuracyM": 40,
    "needsReview": "公式情報または2情報源での確認が必要、名称なし、登山口から離れている（徒歩アプローチを要確認）",
    "sources": "OpenStreetMap（© OpenStreetMap contributors, ODbL 1.0）Geofabrik japan-latest.osm.pbf 2026-09-23T20:22:04Z way/435012877",
    "verifiedAt": ""
   }
  },
  {
   "type": "Feature",
   "geometry": {
    "type": "Point",
    "coordinates": [
     135.9409316,
     35.3304483
    ]
   },
   "properties": {
    "id": "PK-w440696167",
    "kind": "parking",
    "name": "（名称なし）駐車場",
    "datum": "WGS84",
    "mountainIds": "509 522",
    "mountainNames": "蛇谷ヶ峰、武奈ヶ岳",
    "lists": "関西百名山|日本二百名山|日本三百名山",
    "routes": "",
    "entryType": "",
    "trailKmToSummit": "",
    "related": "TH-n12816030161(106m)",
    "attributes": "",
    "status": "provisional",
    "accuracyM": 40,
    "needsReview": "公式情報または2情報源での確認が必要、名称なし",
    "sources": "OpenStreetMap（© OpenStreetMap contributors, ODbL 1.0）Geofabrik japan-latest.osm.pbf 2026-09-23T20:22:04Z way/440696167",
    "verifiedAt": ""
   }
  },
  {
   "type": "Feature",
   "geometry": {
    "type": "Point",
    "coordinates": [
     135.94131,
     35.3311033
    ]
   },
   "properties": {
    "id": "PK-w440696178",
    "kind": "parking",
    "name": "（名称なし）駐車場",
    "datum": "WGS84",
    "mountainIds": "509 522",
    "mountainNames": "蛇谷ヶ峰、武奈ヶ岳",
    "lists": "関西百名山|日本二百名山|日本三百名山",
    "routes": "",
    "entryType": "",
    "trailKmToSummit": "",
    "related": "TH-n12816030161(186m)",
    "attributes": "",
    "status": "provisional",
    "accuracyM": 40,
    "needsReview": "公式情報または2情報源での確認が必要、名称なし",
    "sources": "OpenStreetMap（© OpenStreetMap contributors, ODbL 1.0）Geofabrik japan-latest.osm.pbf 2026-09-23T20:22:04Z way/440696178",
    "verifiedAt": ""
   }
  },
  {
   "type": "Feature",
   "geometry": {
    "type": "Point",
    "coordinates": [
     136.0973201,
     34.1804781
    ]
   },
   "properties": {
    "id": "PK-w441927262",
    "kind": "parking",
    "name": "（名称なし）駐車場",
    "datum": "WGS84",
    "mountainIds": "718",
    "mountainNames": "大台ヶ原山",
    "lists": "日本百名山|日本二百名山|日本三百名山|関西百名山|東海の百山",
    "routes": "",
    "entryType": "",
    "trailKmToSummit": "",
    "related": "TH-n474520284(39m)",
    "attributes": "",
    "status": "provisional",
    "accuracyM": 40,
    "needsReview": "公式情報または2情報源での確認が必要、名称なし",
    "sources": "OpenStreetMap（© OpenStreetMap contributors, ODbL 1.0）Geofabrik japan-latest.osm.pbf 2026-09-23T20:22:04Z way/441927262",
    "verifiedAt": ""
   }
  },
  {
   "type": "Feature",
   "geometry": {
    "type": "Point",
    "coordinates": [
     136.2168741,
     35.5203879
    ]
   },
   "properties": {
    "id": "PK-w444083172",
    "kind": "parking",
    "name": "（名称なし）駐車場",
    "datum": "WGS84",
    "mountainIds": "447",
    "mountainNames": "賤ヶ岳",
    "lists": "関西百名山|東海の百山",
    "routes": "",
    "entryType": "",
    "trailKmToSummit": "",
    "related": "TH-n1686914237(315m)",
    "attributes": "",
    "status": "provisional",
    "accuracyM": 40,
    "needsReview": "公式情報または2情報源での確認が必要、名称なし、登山口から離れている（徒歩アプローチを要確認）",
    "sources": "OpenStreetMap（© OpenStreetMap contributors, ODbL 1.0）Geofabrik japan-latest.osm.pbf 2026-09-23T20:22:04Z way/444083172",
    "verifiedAt": ""
   }
  },
  {
   "type": "Feature",
   "geometry": {
    "type": "Point",
    "coordinates": [
     136.2179644,
     35.5200759
    ]
   },
   "properties": {
    "id": "PK-w444083203",
    "kind": "parking",
    "name": "（名称なし）駐車場",
    "datum": "WGS84",
    "mountainIds": "447",
    "mountainNames": "賤ヶ岳",
    "lists": "関西百名山|東海の百山",
    "routes": "",
    "entryType": "",
    "trailKmToSummit": "",
    "related": "TH-n1686914237(415m)",
    "attributes": "",
    "status": "provisional",
    "accuracyM": 40,
    "needsReview": "公式情報または2情報源での確認が必要、名称なし、登山口から離れている（徒歩アプローチを要確認）",
    "sources": "OpenStreetMap（© OpenStreetMap contributors, ODbL 1.0）Geofabrik japan-latest.osm.pbf 2026-09-23T20:22:04Z way/444083203",
    "verifiedAt": ""
   }
  },
  {
   "type": "Feature",
   "geometry": {
    "type": "Point",
    "coordinates": [
     134.5380199,
     35.3847797
    ]
   },
   "properties": {
    "id": "PK-w449142577",
    "kind": "parking",
    "name": "（名称なし）駐車場",
    "datum": "WGS84",
    "mountainIds": "483",
    "mountainNames": "鉢伏山",
    "lists": "関西百名山",
    "routes": "",
    "entryType": "",
    "trailKmToSummit": "",
    "related": "TH-w97190003(376m)",
    "attributes": "",
    "status": "provisional",
    "accuracyM": 40,
    "needsReview": "公式情報または2情報源での確認が必要、名称なし、登山口から離れている（徒歩アプローチを要確認）",
    "sources": "OpenStreetMap（© OpenStreetMap contributors, ODbL 1.0）Geofabrik japan-latest.osm.pbf 2026-09-23T20:22:04Z way/449142577",
    "verifiedAt": ""
   }
  },
  {
   "type": "Feature",
   "geometry": {
    "type": "Point",
    "coordinates": [
     135.9211449,
     35.3421467
    ]
   },
   "properties": {
    "id": "PK-w449773439",
    "kind": "parking",
    "name": "（名称なし）駐車場",
    "datum": "WGS84",
    "mountainIds": "509 522",
    "mountainNames": "蛇谷ヶ峰、武奈ヶ岳",
    "lists": "関西百名山|日本二百名山|日本三百名山",
    "routes": "",
    "entryType": "",
    "trailKmToSummit": "",
    "related": "TH-n6177995786(98m)",
    "attributes": "",
    "status": "provisional",
    "accuracyM": 40,
    "needsReview": "公式情報または2情報源での確認が必要、名称なし",
    "sources": "OpenStreetMap（© OpenStreetMap contributors, ODbL 1.0）Geofabrik japan-latest.osm.pbf 2026-09-23T20:22:04Z way/449773439",
    "verifiedAt": ""
   }
  },
  {
   "type": "Feature",
   "geometry": {
    "type": "Point",
    "coordinates": [
     135.921027,
     35.3428101
    ]
   },
   "properties": {
    "id": "PK-w449773442",
    "kind": "parking",
    "name": "（名称なし）駐車場",
    "datum": "WGS84",
    "mountainIds": "509 522",
    "mountainNames": "蛇谷ヶ峰、武奈ヶ岳",
    "lists": "関西百名山|日本二百名山|日本三百名山",
    "routes": "",
    "entryType": "",
    "trailKmToSummit": "",
    "related": "TH-n6177995786(24m)",
    "attributes": "",
    "status": "provisional",
    "accuracyM": 40,
    "needsReview": "公式情報または2情報源での確認が必要、名称なし",
    "sources": "OpenStreetMap（© OpenStreetMap contributors, ODbL 1.0）Geofabrik japan-latest.osm.pbf 2026-09-23T20:22:04Z way/449773442",
    "verifiedAt": ""
   }
  },
  {
   "type": "Feature",
   "geometry": {
    "type": "Point",
    "coordinates": [
     135.6639036,
     34.5467053
    ]
   },
   "properties": {
    "id": "PK-w454304211",
    "kind": "parking",
    "name": "（名称なし）駐車場",
    "datum": "WGS84",
    "mountainIds": "653",
    "mountainNames": "二上山",
    "lists": "関西百名山",
    "routes": "",
    "entryType": "",
    "trailKmToSummit": "",
    "related": "TH-kP11-22-29-bs1283(327m)",
    "attributes": "",
    "status": "provisional",
    "accuracyM": 40,
    "needsReview": "公式情報または2情報源での確認が必要、名称なし、登山口から離れている（徒歩アプローチを要確認）",
    "sources": "OpenStreetMap（© OpenStreetMap contributors, ODbL 1.0）Geofabrik japan-latest.osm.pbf 2026-09-23T20:22:04Z way/454304211",
    "verifiedAt": ""
   }
  },
  {
   "type": "Feature",
   "geometry": {
    "type": "Point",
    "coordinates": [
     135.7076467,
     34.4782125
    ]
   },
   "properties": {
    "id": "PK-w454304242",
    "kind": "parking",
    "name": "（名称なし）駐車場",
    "datum": "WGS84",
    "mountainIds": "667",
    "mountainNames": "大和葛城山",
    "lists": "日本三百名山|関西百名山",
    "routes": "",
    "entryType": "",
    "trailKmToSummit": "",
    "related": "TH-n1736304783(369m)",
    "attributes": "",
    "status": "provisional",
    "accuracyM": 40,
    "needsReview": "公式情報または2情報源での確認が必要、名称なし、登山口から離れている（徒歩アプローチを要確認）",
    "sources": "OpenStreetMap（© OpenStreetMap contributors, ODbL 1.0）Geofabrik japan-latest.osm.pbf 2026-09-23T20:22:04Z way/454304242",
    "verifiedAt": ""
   }
  },
  {
   "type": "Feature",
   "geometry": {
    "type": "Point",
    "coordinates": [
     135.7035732,
     34.4762967
    ]
   },
   "properties": {
    "id": "PK-w454304244",
    "kind": "parking",
    "name": "（名称なし）駐車場",
    "datum": "WGS84",
    "mountainIds": "667",
    "mountainNames": "大和葛城山",
    "lists": "日本三百名山|関西百名山",
    "routes": "",
    "entryType": "",
    "trailKmToSummit": "",
    "related": "TH-n1736304783(322m)",
    "attributes": "",
    "status": "provisional",
    "accuracyM": 40,
    "needsReview": "公式情報または2情報源での確認が必要、名称なし、登山口から離れている（徒歩アプローチを要確認）",
    "sources": "OpenStreetMap（© OpenStreetMap contributors, ODbL 1.0）Geofabrik japan-latest.osm.pbf 2026-09-23T20:22:04Z way/454304244",
    "verifiedAt": ""
   }
  },
  {
   "type": "Feature",
   "geometry": {
    "type": "Point",
    "coordinates": [
     135.856205,
     33.9681742
    ]
   },
   "properties": {
    "id": "PK-w454894836",
    "kind": "parking",
    "name": "（名称なし）駐車場",
    "datum": "WGS84",
    "mountainIds": "735",
    "mountainNames": "笠捨山",
    "lists": "関西百名山",
    "routes": "",
    "entryType": "",
    "trailKmToSummit": "",
    "related": "TH-n1405463611(180m)",
    "attributes": "",
    "status": "provisional",
    "accuracyM": 40,
    "needsReview": "公式情報または2情報源での確認が必要、名称なし",
    "sources": "OpenStreetMap（© OpenStreetMap contributors, ODbL 1.0）Geofabrik japan-latest.osm.pbf 2026-09-23T20:22:04Z way/454894836",
    "verifiedAt": ""
   }
  },
  {
   "type": "Feature",
   "geometry": {
    "type": "Point",
    "coordinates": [
     135.6251282,
     34.9548395
    ]
   },
   "properties": {
    "id": "PK-w456030913",
    "kind": "parking",
    "name": "（名称なし）駐車場",
    "datum": "WGS84",
    "mountainIds": "613",
    "mountainNames": "ポンポン山",
    "lists": "関西百名山",
    "routes": "",
    "entryType": "",
    "trailKmToSummit": "",
    "related": "TH-n4899276205(136m)",
    "attributes": "fee=no; capacity=普通乗用車10台; access=yes",
    "status": "provisional",
    "accuracyM": 40,
    "needsReview": "公式情報または2情報源での確認が必要、名称なし",
    "sources": "OpenStreetMap（© OpenStreetMap contributors, ODbL 1.0）Geofabrik japan-latest.osm.pbf 2026-09-23T20:22:04Z way/456030913",
    "verifiedAt": ""
   }
  },
  {
   "type": "Feature",
   "geometry": {
    "type": "Point",
    "coordinates": [
     135.6236515,
     34.954871
    ]
   },
   "properties": {
    "id": "PK-w456046188",
    "kind": "parking",
    "name": "（名称なし）駐車場",
    "datum": "WGS84",
    "mountainIds": "613",
    "mountainNames": "ポンポン山",
    "lists": "関西百名山",
    "routes": "",
    "entryType": "",
    "trailKmToSummit": "",
    "related": "TH-n4899276205(11m)",
    "attributes": "",
    "status": "provisional",
    "accuracyM": 40,
    "needsReview": "公式情報または2情報源での確認が必要、名称なし",
    "sources": "OpenStreetMap（© OpenStreetMap contributors, ODbL 1.0）Geofabrik japan-latest.osm.pbf 2026-09-23T20:22:04Z way/456046188",
    "verifiedAt": ""
   }
  },
  {
   "type": "Feature",
   "geometry": {
    "type": "Point",
    "coordinates": [
     135.1732519,
     34.71913
    ]
   },
   "properties": {
    "id": "PK-w457422879",
    "kind": "parking",
    "name": "再度駐車場",
    "datum": "WGS84",
    "mountainIds": "633",
    "mountainNames": "摩耶山",
    "lists": "関西百名山",
    "routes": "",
    "entryType": "",
    "trailKmToSummit": "",
    "related": "TH-w457422879(0m)",
    "attributes": "fee=no",
    "status": "provisional",
    "accuracyM": 40,
    "needsReview": "公式情報または2情報源での確認が必要",
    "sources": "OpenStreetMap（© OpenStreetMap contributors, ODbL 1.0）Geofabrik japan-latest.osm.pbf 2026-09-23T20:22:04Z way/457422879",
    "verifiedAt": ""
   }
  },
  {
   "type": "Feature",
   "geometry": {
    "type": "Point",
    "coordinates": [
     135.5642638,
     34.0620292
    ]
   },
   "properties": {
    "id": "PK-w460913000",
    "kind": "parking",
    "name": "ごまさんスカイタワー",
    "datum": "WGS84",
    "mountainIds": "729",
    "mountainNames": "護摩壇山",
    "lists": "日本三百名山|関西百名山",
    "routes": "",
    "entryType": "",
    "trailKmToSummit": "",
    "related": "TH-n1405543158(114m)",
    "attributes": "fee=no; access=yes",
    "status": "provisional",
    "accuracyM": 40,
    "needsReview": "公式情報または2情報源での確認が必要",
    "sources": "OpenStreetMap（© OpenStreetMap contributors, ODbL 1.0）Geofabrik japan-latest.osm.pbf 2026-09-23T20:22:04Z way/460913000",
    "verifiedAt": ""
   }
  },
  {
   "type": "Feature",
   "geometry": {
    "type": "Point",
    "coordinates": [
     135.2134496,
     34.7174229
    ]
   },
   "properties": {
    "id": "PK-w463575062",
    "kind": "parking",
    "name": "（名称なし）駐車場",
    "datum": "WGS84",
    "mountainIds": "633",
    "mountainNames": "摩耶山",
    "lists": "関西百名山",
    "routes": "",
    "entryType": "",
    "trailKmToSummit": "",
    "related": "TH-w128992066(369m)",
    "attributes": "access=private",
    "status": "provisional",
    "accuracyM": 40,
    "needsReview": "公式情報または2情報源での確認が必要、名称なし、登山口から離れている（徒歩アプローチを要確認）",
    "sources": "OpenStreetMap（© OpenStreetMap contributors, ODbL 1.0）Geofabrik japan-latest.osm.pbf 2026-09-23T20:22:04Z way/463575062",
    "verifiedAt": ""
   }
  },
  {
   "type": "Feature",
   "geometry": {
    "type": "Point",
    "coordinates": [
     135.2127983,
     34.717235
    ]
   },
   "properties": {
    "id": "PK-w463575065",
    "kind": "parking",
    "name": "（名称なし）駐車場",
    "datum": "WGS84",
    "mountainIds": "633",
    "mountainNames": "摩耶山",
    "lists": "関西百名山",
    "routes": "",
    "entryType": "",
    "trailKmToSummit": "",
    "related": "TH-w128992066(425m)",
    "attributes": "access=private",
    "status": "provisional",
    "accuracyM": 40,
    "needsReview": "公式情報または2情報源での確認が必要、名称なし、登山口から離れている（徒歩アプローチを要確認）",
    "sources": "OpenStreetMap（© OpenStreetMap contributors, ODbL 1.0）Geofabrik japan-latest.osm.pbf 2026-09-23T20:22:04Z way/463575065",
    "verifiedAt": ""
   }
  },
  {
   "type": "Feature",
   "geometry": {
    "type": "Point",
    "coordinates": [
     135.1758367,
     35.0561267
    ]
   },
   "properties": {
    "id": "PK-w473765223",
    "kind": "parking",
    "name": "（名称なし）駐車場",
    "datum": "WGS84",
    "mountainIds": "600",
    "mountainNames": "白髪岳",
    "lists": "関西百名山",
    "routes": "",
    "entryType": "",
    "trailKmToSummit": "",
    "related": "TH-n1560154171(437m)",
    "attributes": "",
    "status": "provisional",
    "accuracyM": 40,
    "needsReview": "公式情報または2情報源での確認が必要、名称なし、登山口から離れている（徒歩アプローチを要確認）",
    "sources": "OpenStreetMap（© OpenStreetMap contributors, ODbL 1.0）Geofabrik japan-latest.osm.pbf 2026-09-23T20:22:04Z way/473765223",
    "verifiedAt": ""
   }
  },
  {
   "type": "Feature",
   "geometry": {
    "type": "Point",
    "coordinates": [
     136.0486618,
     35.0575638
    ]
   },
   "properties": {
    "id": "PK-w481206403",
    "kind": "parking",
    "name": "第二駐車場",
    "datum": "WGS84",
    "mountainIds": "597",
    "mountainNames": "三上山",
    "lists": "関西百名山",
    "routes": "",
    "entryType": "",
    "trailKmToSummit": "",
    "related": "TH-n1352164065(358m)",
    "attributes": "",
    "status": "provisional",
    "accuracyM": 40,
    "needsReview": "公式情報または2情報源での確認が必要、登山口から離れている（徒歩アプローチを要確認）",
    "sources": "OpenStreetMap（© OpenStreetMap contributors, ODbL 1.0）Geofabrik japan-latest.osm.pbf 2026-09-23T20:22:04Z way/481206403",
    "verifiedAt": ""
   }
  },
  {
   "type": "Feature",
   "geometry": {
    "type": "Point",
    "coordinates": [
     136.0382821,
     35.0656435
    ]
   },
   "properties": {
    "id": "PK-w481476702",
    "kind": "parking",
    "name": "（名称なし）駐車場",
    "datum": "WGS84",
    "mountainIds": "597",
    "mountainNames": "三上山",
    "lists": "関西百名山",
    "routes": "",
    "entryType": "",
    "trailKmToSummit": "",
    "related": "TH-n4744108789(212m)",
    "attributes": "",
    "status": "provisional",
    "accuracyM": 40,
    "needsReview": "公式情報または2情報源での確認が必要、名称なし",
    "sources": "OpenStreetMap（© OpenStreetMap contributors, ODbL 1.0）Geofabrik japan-latest.osm.pbf 2026-09-23T20:22:04Z way/481476702",
    "verifiedAt": ""
   }
  },
  {
   "type": "Feature",
   "geometry": {
    "type": "Point",
    "coordinates": [
     135.697335,
     33.5958622
    ]
   },
   "properties": {
    "id": "PK-w486518189",
    "kind": "parking",
    "name": "（名称なし）駐車場",
    "datum": "WGS84",
    "mountainIds": "823",
    "mountainNames": "嶽ノ森山",
    "lists": "関西百名山",
    "routes": "",
    "entryType": "",
    "trailKmToSummit": "",
    "related": "TH-n1392486345(426m)",
    "attributes": "access=permissive",
    "status": "provisional",
    "accuracyM": 40,
    "needsReview": "公式情報または2情報源での確認が必要、名称なし、登山口から離れている（徒歩アプローチを要確認）",
    "sources": "OpenStreetMap（© OpenStreetMap contributors, ODbL 1.0）Geofabrik japan-latest.osm.pbf 2026-09-23T20:22:04Z way/486518189",
    "verifiedAt": ""
   }
  },
  {
   "type": "Feature",
   "geometry": {
    "type": "Point",
    "coordinates": [
     135.8633726,
     35.0701937
    ]
   },
   "properties": {
    "id": "PK-w487086184",
    "kind": "parking",
    "name": "（名称なし）駐車場",
    "datum": "WGS84",
    "mountainIds": "590",
    "mountainNames": "比叡山",
    "lists": "日本三百名山|関西百名山",
    "routes": "",
    "entryType": "",
    "trailKmToSummit": "",
    "related": "TH-w572203656(242m)",
    "attributes": "",
    "status": "provisional",
    "accuracyM": 40,
    "needsReview": "公式情報または2情報源での確認が必要、名称なし",
    "sources": "OpenStreetMap（© OpenStreetMap contributors, ODbL 1.0）Geofabrik japan-latest.osm.pbf 2026-09-23T20:22:04Z way/487086184",
    "verifiedAt": ""
   }
  },
  {
   "type": "Feature",
   "geometry": {
    "type": "Point",
    "coordinates": [
     135.6044532,
     34.2159154
    ]
   },
   "properties": {
    "id": "PK-w495079042",
    "kind": "parking",
    "name": "（名称なし）駐車場",
    "datum": "WGS84",
    "mountainIds": "706",
    "mountainNames": "楊柳山",
    "lists": "関西百名山",
    "routes": "",
    "entryType": "",
    "trailKmToSummit": "",
    "related": "TH-ksj-P11-22-30-bs739(84m)",
    "attributes": "",
    "status": "provisional",
    "accuracyM": 40,
    "needsReview": "公式情報または2情報源での確認が必要、名称なし",
    "sources": "OpenStreetMap（© OpenStreetMap contributors, ODbL 1.0）Geofabrik japan-latest.osm.pbf 2026-09-23T20:22:04Z way/495079042",
    "verifiedAt": ""
   }
  },
  {
   "type": "Feature",
   "geometry": {
    "type": "Point",
    "coordinates": [
     135.720638,
     33.545271
    ]
   },
   "properties": {
    "id": "PK-w499632170",
    "kind": "parking",
    "name": "（名称なし）駐車場",
    "datum": "WGS84",
    "mountainIds": "823",
    "mountainNames": "嶽ノ森山",
    "lists": "関西百名山",
    "routes": "",
    "entryType": "",
    "trailKmToSummit": "",
    "related": "TH-gsi-dakenomori-aise(171m)",
    "attributes": "",
    "status": "provisional",
    "accuracyM": 40,
    "needsReview": "公式情報または2情報源での確認が必要、名称なし",
    "sources": "OpenStreetMap（© OpenStreetMap contributors, ODbL 1.0）Geofabrik japan-latest.osm.pbf 2026-09-23T20:22:04Z way/499632170",
    "verifiedAt": ""
   }
  },
  {
   "type": "Feature",
   "geometry": {
    "type": "Point",
    "coordinates": [
     135.7203263,
     33.5456489
    ]
   },
   "properties": {
    "id": "PK-w499632173",
    "kind": "parking",
    "name": "（名称なし）駐車場",
    "datum": "WGS84",
    "mountainIds": "823",
    "mountainNames": "嶽ノ森山",
    "lists": "関西百名山",
    "routes": "",
    "entryType": "",
    "trailKmToSummit": "",
    "related": "TH-gsi-dakenomori-aise(222m)",
    "attributes": "",
    "status": "provisional",
    "accuracyM": 40,
    "needsReview": "公式情報または2情報源での確認が必要、名称なし",
    "sources": "OpenStreetMap（© OpenStreetMap contributors, ODbL 1.0）Geofabrik japan-latest.osm.pbf 2026-09-23T20:22:04Z way/499632173",
    "verifiedAt": ""
   }
  },
  {
   "type": "Feature",
   "geometry": {
    "type": "Point",
    "coordinates": [
     135.9267111,
     35.274035
    ]
   },
   "properties": {
    "id": "PK-w503894421",
    "kind": "parking",
    "name": "（名称なし）駐車場",
    "datum": "WGS84",
    "mountainIds": "509 522 544",
    "mountainNames": "蛇谷ヶ峰、武奈ヶ岳、蓬莱山",
    "lists": "関西百名山|日本二百名山|日本三百名山",
    "routes": "",
    "entryType": "",
    "trailKmToSummit": "",
    "related": "TH-n11848789126(289m)",
    "attributes": "",
    "status": "provisional",
    "accuracyM": 40,
    "needsReview": "公式情報または2情報源での確認が必要、名称なし",
    "sources": "OpenStreetMap（© OpenStreetMap contributors, ODbL 1.0）Geofabrik japan-latest.osm.pbf 2026-09-23T20:22:04Z way/503894421",
    "verifiedAt": ""
   }
  },
  {
   "type": "Feature",
   "geometry": {
    "type": "Point",
    "coordinates": [
     135.9286863,
     35.275833
    ]
   },
   "properties": {
    "id": "PK-w503894422",
    "kind": "parking",
    "name": "（名称なし）駐車場",
    "datum": "WGS84",
    "mountainIds": "509 522 544",
    "mountainNames": "蛇谷ヶ峰、武奈ヶ岳、蓬莱山",
    "lists": "関西百名山|日本二百名山|日本三百名山",
    "routes": "",
    "entryType": "",
    "trailKmToSummit": "",
    "related": "TH-n11848789126(34m)",
    "attributes": "",
    "status": "provisional",
    "accuracyM": 40,
    "needsReview": "公式情報または2情報源での確認が必要、名称なし",
    "sources": "OpenStreetMap（© OpenStreetMap contributors, ODbL 1.0）Geofabrik japan-latest.osm.pbf 2026-09-23T20:22:04Z way/503894422",
    "verifiedAt": ""
   }
  },
  {
   "type": "Feature",
   "geometry": {
    "type": "Point",
    "coordinates": [
     135.9294614,
     35.2760129
    ]
   },
   "properties": {
    "id": "PK-w503894423",
    "kind": "parking",
    "name": "（名称なし）駐車場",
    "datum": "WGS84",
    "mountainIds": "509 522 544",
    "mountainNames": "蛇谷ヶ峰、武奈ヶ岳、蓬莱山",
    "lists": "関西百名山|日本二百名山|日本三百名山",
    "routes": "",
    "entryType": "",
    "trailKmToSummit": "",
    "related": "TH-n11848789126(44m)",
    "attributes": "",
    "status": "provisional",
    "accuracyM": 40,
    "needsReview": "公式情報または2情報源での確認が必要、名称なし",
    "sources": "OpenStreetMap（© OpenStreetMap contributors, ODbL 1.0）Geofabrik japan-latest.osm.pbf 2026-09-23T20:22:04Z way/503894423",
    "verifiedAt": ""
   }
  },
  {
   "type": "Feature",
   "geometry": {
    "type": "Point",
    "coordinates": [
     135.8616488,
     35.0697265
    ]
   },
   "properties": {
    "id": "PK-w504920753",
    "kind": "parking",
    "name": "（名称なし）駐車場",
    "datum": "WGS84",
    "mountainIds": "590",
    "mountainNames": "比叡山",
    "lists": "日本三百名山|関西百名山",
    "routes": "",
    "entryType": "",
    "trailKmToSummit": "",
    "related": "TH-w572203656(126m) TH-n1355399585(486m)",
    "attributes": "",
    "status": "provisional",
    "accuracyM": 40,
    "needsReview": "公式情報または2情報源での確認が必要、名称なし、登山口から離れている（徒歩アプローチを要確認）",
    "sources": "OpenStreetMap（© OpenStreetMap contributors, ODbL 1.0）Geofabrik japan-latest.osm.pbf 2026-09-23T20:22:04Z way/504920753",
    "verifiedAt": ""
   }
  },
  {
   "type": "Feature",
   "geometry": {
    "type": "Point",
    "coordinates": [
     135.1098006,
     34.6759427
    ]
   },
   "properties": {
    "id": "PK-w507542449",
    "kind": "parking",
    "name": "（名称なし）駐車場",
    "datum": "WGS84",
    "mountainIds": "637",
    "mountainNames": "横尾山",
    "lists": "関西百名山",
    "routes": "",
    "entryType": "",
    "trailKmToSummit": "",
    "related": "TH-n5537346069(166m)",
    "attributes": "access=private",
    "status": "provisional",
    "accuracyM": 40,
    "needsReview": "公式情報または2情報源での確認が必要、名称なし",
    "sources": "OpenStreetMap（© OpenStreetMap contributors, ODbL 1.0）Geofabrik japan-latest.osm.pbf 2026-09-23T20:22:04Z way/507542449",
    "verifiedAt": ""
   }
  },
  {
   "type": "Feature",
   "geometry": {
    "type": "Point",
    "coordinates": [
     135.1090021,
     34.6747107
    ]
   },
   "properties": {
    "id": "PK-w507542452",
    "kind": "parking",
    "name": "リファーレ横尾駐車場",
    "datum": "WGS84",
    "mountainIds": "637",
    "mountainNames": "横尾山",
    "lists": "関西百名山",
    "routes": "",
    "entryType": "",
    "trailKmToSummit": "",
    "related": "TH-n5564323742(50m)",
    "attributes": "",
    "status": "provisional",
    "accuracyM": 40,
    "needsReview": "公式情報または2情報源での確認が必要",
    "sources": "OpenStreetMap（© OpenStreetMap contributors, ODbL 1.0）Geofabrik japan-latest.osm.pbf 2026-09-23T20:22:04Z way/507542452",
    "verifiedAt": ""
   }
  },
  {
   "type": "Feature",
   "geometry": {
    "type": "Point",
    "coordinates": [
     135.6059374,
     34.2151791
    ]
   },
   "properties": {
    "id": "PK-w517047281",
    "kind": "parking",
    "name": "（名称なし）駐車場",
    "datum": "WGS84",
    "mountainIds": "706",
    "mountainNames": "楊柳山",
    "lists": "関西百名山",
    "routes": "",
    "entryType": "",
    "trailKmToSummit": "",
    "related": "TH-ksj-P11-22-30-bs739(243m)",
    "attributes": "",
    "status": "provisional",
    "accuracyM": 40,
    "needsReview": "公式情報または2情報源での確認が必要、名称なし",
    "sources": "OpenStreetMap（© OpenStreetMap contributors, ODbL 1.0）Geofabrik japan-latest.osm.pbf 2026-09-23T20:22:04Z way/517047281",
    "verifiedAt": ""
   }
  },
  {
   "type": "Feature",
   "geometry": {
    "type": "Point",
    "coordinates": [
     135.3902015,
     34.9912653
    ]
   },
   "properties": {
    "id": "PK-w518236530",
    "kind": "parking",
    "name": "（名称なし）駐車場",
    "datum": "WGS84",
    "mountainIds": "606",
    "mountainNames": "剣尾山",
    "lists": "関西百名山",
    "routes": "",
    "entryType": "",
    "trailKmToSummit": "",
    "related": "TH-n1550354177(157m)",
    "attributes": "",
    "status": "provisional",
    "accuracyM": 40,
    "needsReview": "公式情報または2情報源での確認が必要、名称なし",
    "sources": "OpenStreetMap（© OpenStreetMap contributors, ODbL 1.0）Geofabrik japan-latest.osm.pbf 2026-09-23T20:22:04Z way/518236530",
    "verifiedAt": ""
   }
  },
  {
   "type": "Feature",
   "geometry": {
    "type": "Point",
    "coordinates": [
     135.3899495,
     34.9909605
    ]
   },
   "properties": {
    "id": "PK-w518236531",
    "kind": "parking",
    "name": "（名称なし）駐車場",
    "datum": "WGS84",
    "mountainIds": "606",
    "mountainNames": "剣尾山",
    "lists": "関西百名山",
    "routes": "",
    "entryType": "",
    "trailKmToSummit": "",
    "related": "TH-n1550354177(131m) TH-n1550351888(470m)",
    "attributes": "access=customers",
    "status": "provisional",
    "accuracyM": 40,
    "needsReview": "公式情報または2情報源での確認が必要、名称なし、登山口から離れている（徒歩アプローチを要確認）",
    "sources": "OpenStreetMap（© OpenStreetMap contributors, ODbL 1.0）Geofabrik japan-latest.osm.pbf 2026-09-23T20:22:04Z way/518236531",
    "verifiedAt": ""
   }
  },
  {
   "type": "Feature",
   "geometry": {
    "type": "Point",
    "coordinates": [
     135.3889432,
     34.9909102
    ]
   },
   "properties": {
    "id": "PK-w518236533",
    "kind": "parking",
    "name": "（名称なし）駐車場",
    "datum": "WGS84",
    "mountainIds": "606",
    "mountainNames": "剣尾山",
    "lists": "関西百名山",
    "routes": "",
    "entryType": "",
    "trailKmToSummit": "",
    "related": "TH-n1550354177(181m) TH-n1550351888(483m)",
    "attributes": "access=customers",
    "status": "provisional",
    "accuracyM": 40,
    "needsReview": "公式情報または2情報源での確認が必要、名称なし、登山口から離れている（徒歩アプローチを要確認）",
    "sources": "OpenStreetMap（© OpenStreetMap contributors, ODbL 1.0）Geofabrik japan-latest.osm.pbf 2026-09-23T20:22:04Z way/518236533",
    "verifiedAt": ""
   }
  },
  {
   "type": "Feature",
   "geometry": {
    "type": "Point",
    "coordinates": [
     135.8321335,
     35.0657524
    ]
   },
   "properties": {
    "id": "PK-w55072277",
    "kind": "parking",
    "name": "山頂 四明が嶽 パーキング",
    "datum": "WGS84",
    "mountainIds": "590",
    "mountainNames": "比叡山",
    "lists": "日本三百名山|関西百名山",
    "routes": "",
    "entryType": "",
    "trailKmToSummit": "",
    "related": "TH-w55072277(0m) TH-w356938602(439m)",
    "attributes": "",
    "status": "provisional",
    "accuracyM": 40,
    "needsReview": "公式情報または2情報源での確認が必要、登山口から離れている（徒歩アプローチを要確認）",
    "sources": "OpenStreetMap（© OpenStreetMap contributors, ODbL 1.0）Geofabrik japan-latest.osm.pbf 2026-09-23T20:22:04Z way/55072277",
    "verifiedAt": ""
   }
  },
  {
   "type": "Feature",
   "geometry": {
    "type": "Point",
    "coordinates": [
     135.8944063,
     34.2668104
    ]
   },
   "properties": {
    "id": "PK-w574947474",
    "kind": "parking",
    "name": "（名称なし）駐車場",
    "datum": "WGS84",
    "mountainIds": "700 705 710",
    "mountainNames": "山上ヶ岳、稲村ヶ岳、大普賢岳",
    "lists": "日本三百名山|関西百名山",
    "routes": "",
    "entryType": "",
    "trailKmToSummit": "",
    "related": "TH-n12292903156(16m)",
    "attributes": "",
    "status": "provisional",
    "accuracyM": 40,
    "needsReview": "公式情報または2情報源での確認が必要、名称なし",
    "sources": "OpenStreetMap（© OpenStreetMap contributors, ODbL 1.0）Geofabrik japan-latest.osm.pbf 2026-09-23T20:22:04Z way/574947474",
    "verifiedAt": ""
   }
  },
  {
   "type": "Feature",
   "geometry": {
    "type": "Point",
    "coordinates": [
     135.69491,
     34.034361
    ]
   },
   "properties": {
    "id": "PK-w576189234",
    "kind": "parking",
    "name": "（名称なし）駐車場",
    "datum": "WGS84",
    "mountainIds": "727",
    "mountainNames": "伯母子岳",
    "lists": "日本二百名山|日本三百名山|関西百名山",
    "routes": "",
    "entryType": "",
    "trailKmToSummit": "",
    "related": "TH-n1405525976(391m)",
    "attributes": "",
    "status": "provisional",
    "accuracyM": 40,
    "needsReview": "公式情報または2情報源での確認が必要、名称なし、登山口から離れている（徒歩アプローチを要確認）",
    "sources": "OpenStreetMap（© OpenStreetMap contributors, ODbL 1.0）Geofabrik japan-latest.osm.pbf 2026-09-23T20:22:04Z way/576189234",
    "verifiedAt": ""
   }
  },
  {
   "type": "Feature",
   "geometry": {
    "type": "Point",
    "coordinates": [
     136.4149395,
     35.0097238
    ]
   },
   "properties": {
    "id": "PK-w583822437",
    "kind": "parking",
    "name": "（名称なし）駐車場",
    "datum": "WGS84",
    "mountainIds": "585 589 595 601 602 607 609 611 612",
    "mountainNames": "三池岳、釈迦ヶ岳、尾高山、雨乞岳、御在所岳、鎌ヶ岳、入道ヶ岳、宮指路岳、仙ヶ岳",
    "lists": "東海の百山|日本二百名山|日本三百名山|関西百名山",
    "routes": "",
    "entryType": "",
    "trailKmToSummit": "",
    "related": "TH-n1411239752(487m) TH-n1388441032(22m)",
    "attributes": "",
    "status": "provisional",
    "accuracyM": 40,
    "needsReview": "公式情報または2情報源での確認が必要、名称なし、登山口から離れている（徒歩アプローチを要確認）",
    "sources": "OpenStreetMap（© OpenStreetMap contributors, ODbL 1.0）Geofabrik japan-latest.osm.pbf 2026-09-23T20:22:04Z way/583822437",
    "verifiedAt": ""
   }
  },
  {
   "type": "Feature",
   "geometry": {
    "type": "Point",
    "coordinates": [
     135.8504848,
     34.5286371
    ]
   },
   "properties": {
    "id": "PK-w592051588",
    "kind": "parking",
    "name": "（名称なし）駐車場",
    "datum": "WGS84",
    "mountainIds": "649",
    "mountainNames": "三輪山",
    "lists": "関西百名山",
    "routes": "",
    "entryType": "",
    "trailKmToSummit": "",
    "related": "TH-n930189627(212m) TH-n1809530717(500m)",
    "attributes": "access=permissive",
    "status": "provisional",
    "accuracyM": 40,
    "needsReview": "公式情報または2情報源での確認が必要、名称なし、登山口から離れている（徒歩アプローチを要確認）",
    "sources": "OpenStreetMap（© OpenStreetMap contributors, ODbL 1.0）Geofabrik japan-latest.osm.pbf 2026-09-23T20:22:04Z way/592051588",
    "verifiedAt": ""
   }
  },
  {
   "type": "Feature",
   "geometry": {
    "type": "Point",
    "coordinates": [
     135.1948326,
     34.7039617
    ]
   },
   "properties": {
    "id": "PK-w596070772",
    "kind": "parking",
    "name": "（名称なし）駐車場",
    "datum": "WGS84",
    "mountainIds": "633",
    "mountainNames": "摩耶山",
    "lists": "関西百名山",
    "routes": "",
    "entryType": "",
    "trailKmToSummit": "",
    "related": "TH-n2921600631(114m)",
    "attributes": "",
    "status": "provisional",
    "accuracyM": 40,
    "needsReview": "公式情報または2情報源での確認が必要、名称なし",
    "sources": "OpenStreetMap（© OpenStreetMap contributors, ODbL 1.0）Geofabrik japan-latest.osm.pbf 2026-09-23T20:22:04Z way/596070772",
    "verifiedAt": ""
   }
  },
  {
   "type": "Feature",
   "geometry": {
    "type": "Point",
    "coordinates": [
     135.1944234,
     34.7037275
    ]
   },
   "properties": {
    "id": "PK-w596070773",
    "kind": "parking",
    "name": "（名称なし）駐車場",
    "datum": "WGS84",
    "mountainIds": "633",
    "mountainNames": "摩耶山",
    "lists": "関西百名山",
    "routes": "",
    "entryType": "",
    "trailKmToSummit": "",
    "related": "TH-n2921600631(104m)",
    "attributes": "",
    "status": "provisional",
    "accuracyM": 40,
    "needsReview": "公式情報または2情報源での確認が必要、名称なし",
    "sources": "OpenStreetMap（© OpenStreetMap contributors, ODbL 1.0）Geofabrik japan-latest.osm.pbf 2026-09-23T20:22:04Z way/596070773",
    "verifiedAt": ""
   }
  },
  {
   "type": "Feature",
   "geometry": {
    "type": "Point",
    "coordinates": [
     135.3256626,
     34.1053084
    ]
   },
   "properties": {
    "id": "PK-w616921748",
    "kind": "parking",
    "name": "（名称なし）駐車場",
    "datum": "WGS84",
    "mountainIds": "723",
    "mountainNames": "生石ヶ峰",
    "lists": "関西百名山",
    "routes": "",
    "entryType": "",
    "trailKmToSummit": "",
    "related": "TH-n1429527213(49m) TH-n1398278759(354m)",
    "attributes": "",
    "status": "provisional",
    "accuracyM": 40,
    "needsReview": "公式情報または2情報源での確認が必要、名称なし、登山口から離れている（徒歩アプローチを要確認）",
    "sources": "OpenStreetMap（© OpenStreetMap contributors, ODbL 1.0）Geofabrik japan-latest.osm.pbf 2026-09-23T20:22:04Z way/616921748",
    "verifiedAt": ""
   }
  },
  {
   "type": "Feature",
   "geometry": {
    "type": "Point",
    "coordinates": [
     135.3237582,
     34.1039629
    ]
   },
   "properties": {
    "id": "PK-w616921752",
    "kind": "parking",
    "name": "（名称なし）駐車場",
    "datum": "WGS84",
    "mountainIds": "723",
    "mountainNames": "生石ヶ峰",
    "lists": "関西百名山",
    "routes": "",
    "entryType": "",
    "trailKmToSummit": "",
    "related": "TH-n1429527213(278m)",
    "attributes": "",
    "status": "provisional",
    "accuracyM": 40,
    "needsReview": "公式情報または2情報源での確認が必要、名称なし",
    "sources": "OpenStreetMap（© OpenStreetMap contributors, ODbL 1.0）Geofabrik japan-latest.osm.pbf 2026-09-23T20:22:04Z way/616921752",
    "verifiedAt": ""
   }
  },
  {
   "type": "Feature",
   "geometry": {
    "type": "Point",
    "coordinates": [
     136.4223818,
     35.4089597
    ]
   },
   "properties": {
    "id": "PK-w628044416",
    "kind": "parking",
    "name": "（名称なし）駐車場",
    "datum": "WGS84",
    "mountainIds": "477",
    "mountainNames": "伊吹山",
    "lists": "日本百名山|日本二百名山|日本三百名山|関西百名山|東海の百山",
    "routes": "",
    "entryType": "",
    "trailKmToSummit": "",
    "related": "TH-n1290426708(354m)",
    "attributes": "",
    "status": "provisional",
    "accuracyM": 40,
    "needsReview": "公式情報または2情報源での確認が必要、名称なし、登山口から離れている（徒歩アプローチを要確認）",
    "sources": "OpenStreetMap（© OpenStreetMap contributors, ODbL 1.0）Geofabrik japan-latest.osm.pbf 2026-09-23T20:22:04Z way/628044416",
    "verifiedAt": ""
   }
  },
  {
   "type": "Feature",
   "geometry": {
    "type": "Point",
    "coordinates": [
     135.2194151,
     34.7230545
    ]
   },
   "properties": {
    "id": "PK-w645499534",
    "kind": "parking",
    "name": "（名称なし）駐車場",
    "datum": "WGS84",
    "mountainIds": "633",
    "mountainNames": "摩耶山",
    "lists": "関西百名山",
    "routes": "",
    "entryType": "",
    "trailKmToSummit": "",
    "related": "TH-w183841007(479m)",
    "attributes": "",
    "status": "provisional",
    "accuracyM": 40,
    "needsReview": "公式情報または2情報源での確認が必要、名称なし、登山口から離れている（徒歩アプローチを要確認）",
    "sources": "OpenStreetMap（© OpenStreetMap contributors, ODbL 1.0）Geofabrik japan-latest.osm.pbf 2026-09-23T20:22:04Z way/645499534",
    "verifiedAt": ""
   }
  },
  {
   "type": "Feature",
   "geometry": {
    "type": "Point",
    "coordinates": [
     135.6006441,
     34.3679386
    ]
   },
   "properties": {
    "id": "PK-w652159224",
    "kind": "parking",
    "name": "（名称なし）駐車場",
    "datum": "WGS84",
    "mountainIds": "681",
    "mountainNames": "岩湧山",
    "lists": "関西百名山",
    "routes": "",
    "entryType": "",
    "trailKmToSummit": "",
    "related": "TH-n1427144827(370m)",
    "attributes": "",
    "status": "provisional",
    "accuracyM": 40,
    "needsReview": "公式情報または2情報源での確認が必要、名称なし、登山口から離れている（徒歩アプローチを要確認）",
    "sources": "OpenStreetMap（© OpenStreetMap contributors, ODbL 1.0）Geofabrik japan-latest.osm.pbf 2026-09-23T20:22:04Z way/652159224",
    "verifiedAt": ""
   }
  },
  {
   "type": "Feature",
   "geometry": {
    "type": "Point",
    "coordinates": [
     135.6009231,
     34.3687208
    ]
   },
   "properties": {
    "id": "PK-w652566960",
    "kind": "parking",
    "name": "（名称なし）駐車場",
    "datum": "WGS84",
    "mountainIds": "681",
    "mountainNames": "岩湧山",
    "lists": "関西百名山",
    "routes": "",
    "entryType": "",
    "trailKmToSummit": "",
    "related": "TH-n1427144827(302m)",
    "attributes": "",
    "status": "provisional",
    "accuracyM": 40,
    "needsReview": "公式情報または2情報源での確認が必要、名称なし、登山口から離れている（徒歩アプローチを要確認）",
    "sources": "OpenStreetMap（© OpenStreetMap contributors, ODbL 1.0）Geofabrik japan-latest.osm.pbf 2026-09-23T20:22:04Z way/652566960",
    "verifiedAt": ""
   }
  },
  {
   "type": "Feature",
   "geometry": {
    "type": "Point",
    "coordinates": [
     135.6007525,
     34.3685439
    ]
   },
   "properties": {
    "id": "PK-w652566961",
    "kind": "parking",
    "name": "（名称なし）駐車場",
    "datum": "WGS84",
    "mountainIds": "681",
    "mountainNames": "岩湧山",
    "lists": "関西百名山",
    "routes": "",
    "entryType": "",
    "trailKmToSummit": "",
    "related": "TH-n1427144827(312m)",
    "attributes": "",
    "status": "provisional",
    "accuracyM": 40,
    "needsReview": "公式情報または2情報源での確認が必要、名称なし、登山口から離れている（徒歩アプローチを要確認）",
    "sources": "OpenStreetMap（© OpenStreetMap contributors, ODbL 1.0）Geofabrik japan-latest.osm.pbf 2026-09-23T20:22:04Z way/652566961",
    "verifiedAt": ""
   }
  },
  {
   "type": "Feature",
   "geometry": {
    "type": "Point",
    "coordinates": [
     136.0455733,
     35.0560775
    ]
   },
   "properties": {
    "id": "PK-w672033042",
    "kind": "parking",
    "name": "（名称なし）駐車場",
    "datum": "WGS84",
    "mountainIds": "597",
    "mountainNames": "三上山",
    "lists": "関西百名山",
    "routes": "",
    "entryType": "",
    "trailKmToSummit": "",
    "related": "TH-n1352164065(32m)",
    "attributes": "",
    "status": "provisional",
    "accuracyM": 40,
    "needsReview": "公式情報または2情報源での確認が必要、名称なし",
    "sources": "OpenStreetMap（© OpenStreetMap contributors, ODbL 1.0）Geofabrik japan-latest.osm.pbf 2026-09-23T20:22:04Z way/672033042",
    "verifiedAt": ""
   }
  },
  {
   "type": "Feature",
   "geometry": {
    "type": "Point",
    "coordinates": [
     136.0469983,
     35.0508966
    ]
   },
   "properties": {
    "id": "PK-w673558094",
    "kind": "parking",
    "name": "植物園第1駐車場",
    "datum": "WGS84",
    "mountainIds": "597",
    "mountainNames": "三上山",
    "lists": "関西百名山",
    "routes": "",
    "entryType": "",
    "trailKmToSummit": "",
    "related": "TH-n1352163563(233m)",
    "attributes": "fee=no; capacity=50",
    "status": "provisional",
    "accuracyM": 40,
    "needsReview": "公式情報または2情報源での確認が必要",
    "sources": "OpenStreetMap（© OpenStreetMap contributors, ODbL 1.0）Geofabrik japan-latest.osm.pbf 2026-09-23T20:22:04Z way/673558094",
    "verifiedAt": ""
   }
  },
  {
   "type": "Feature",
   "geometry": {
    "type": "Point",
    "coordinates": [
     136.0457338,
     35.0523464
    ]
   },
   "properties": {
    "id": "PK-w673568950",
    "kind": "parking",
    "name": "（名称なし）駐車場",
    "datum": "WGS84",
    "mountainIds": "597",
    "mountainNames": "三上山",
    "lists": "関西百名山",
    "routes": "",
    "entryType": "",
    "trailKmToSummit": "",
    "related": "TH-n1352163563(136m)",
    "attributes": "fee=no; capacity=30",
    "status": "provisional",
    "accuracyM": 40,
    "needsReview": "公式情報または2情報源での確認が必要、名称なし",
    "sources": "OpenStreetMap（© OpenStreetMap contributors, ODbL 1.0）Geofabrik japan-latest.osm.pbf 2026-09-23T20:22:04Z way/673568950",
    "verifiedAt": ""
   }
  },
  {
   "type": "Feature",
   "geometry": {
    "type": "Point",
    "coordinates": [
     136.0442875,
     35.0538174
    ]
   },
   "properties": {
    "id": "PK-w673568951",
    "kind": "parking",
    "name": "（名称なし）駐車場",
    "datum": "WGS84",
    "mountainIds": "597",
    "mountainNames": "三上山",
    "lists": "関西百名山",
    "routes": "",
    "entryType": "",
    "trailKmToSummit": "",
    "related": "TH-n1352163563(249m) TH-n1352164065(248m)",
    "attributes": "fee=no; capacity=30",
    "status": "provisional",
    "accuracyM": 40,
    "needsReview": "公式情報または2情報源での確認が必要、名称なし",
    "sources": "OpenStreetMap（© OpenStreetMap contributors, ODbL 1.0）Geofabrik japan-latest.osm.pbf 2026-09-23T20:22:04Z way/673568951",
    "verifiedAt": ""
   }
  },
  {
   "type": "Feature",
   "geometry": {
    "type": "Point",
    "coordinates": [
     135.6439776,
     34.9377169
    ]
   },
   "properties": {
    "id": "PK-w677363506",
    "kind": "parking",
    "name": "（名称なし）駐車場",
    "datum": "WGS84",
    "mountainIds": "613",
    "mountainNames": "ポンポン山",
    "lists": "関西百名山",
    "routes": "",
    "entryType": "",
    "trailKmToSummit": "",
    "related": "TH-n6151228099(198m)",
    "attributes": "fee=yes; access=customers",
    "status": "provisional",
    "accuracyM": 40,
    "needsReview": "公式情報または2情報源での確認が必要、名称なし",
    "sources": "OpenStreetMap（© OpenStreetMap contributors, ODbL 1.0）Geofabrik japan-latest.osm.pbf 2026-09-23T20:22:04Z way/677363506",
    "verifiedAt": ""
   }
  },
  {
   "type": "Feature",
   "geometry": {
    "type": "Point",
    "coordinates": [
     136.0351021,
     35.4959444
    ]
   },
   "properties": {
    "id": "PK-w686695146",
    "kind": "parking",
    "name": "（名称なし）駐車場",
    "datum": "WGS84",
    "mountainIds": "441",
    "mountainNames": "赤坂山",
    "lists": "関西百名山",
    "routes": "",
    "entryType": "",
    "trailKmToSummit": "",
    "related": "TH-n1384051346(386m)",
    "attributes": "",
    "status": "provisional",
    "accuracyM": 40,
    "needsReview": "公式情報または2情報源での確認が必要、名称なし、登山口から離れている（徒歩アプローチを要確認）",
    "sources": "OpenStreetMap（© OpenStreetMap contributors, ODbL 1.0）Geofabrik japan-latest.osm.pbf 2026-09-23T20:22:04Z way/686695146",
    "verifiedAt": ""
   }
  },
  {
   "type": "Feature",
   "geometry": {
    "type": "Point",
    "coordinates": [
     135.8481868,
     34.5275178
    ]
   },
   "properties": {
    "id": "PK-w689281822",
    "kind": "parking",
    "name": "（名称なし）駐車場",
    "datum": "WGS84",
    "mountainIds": "649",
    "mountainNames": "三輪山",
    "lists": "関西百名山",
    "routes": "",
    "entryType": "",
    "trailKmToSummit": "",
    "related": "TH-n930189627(427m)",
    "attributes": "",
    "status": "provisional",
    "accuracyM": 40,
    "needsReview": "公式情報または2情報源での確認が必要、名称なし、登山口から離れている（徒歩アプローチを要確認）",
    "sources": "OpenStreetMap（© OpenStreetMap contributors, ODbL 1.0）Geofabrik japan-latest.osm.pbf 2026-09-23T20:22:04Z way/689281822",
    "verifiedAt": ""
   }
  },
  {
   "type": "Feature",
   "geometry": {
    "type": "Point",
    "coordinates": [
     135.653759,
     34.9139672
    ]
   },
   "properties": {
    "id": "PK-w689423226",
    "kind": "parking",
    "name": "（名称なし）駐車場",
    "datum": "WGS84",
    "mountainIds": "613",
    "mountainNames": "ポンポン山",
    "lists": "関西百名山",
    "routes": "",
    "entryType": "",
    "trailKmToSummit": "",
    "related": "TH-n4406941785(216m)",
    "attributes": "access=private",
    "status": "provisional",
    "accuracyM": 40,
    "needsReview": "公式情報または2情報源での確認が必要、名称なし",
    "sources": "OpenStreetMap（© OpenStreetMap contributors, ODbL 1.0）Geofabrik japan-latest.osm.pbf 2026-09-23T20:22:04Z way/689423226",
    "verifiedAt": ""
   }
  },
  {
   "type": "Feature",
   "geometry": {
    "type": "Point",
    "coordinates": [
     136.4539834,
     34.9612433
    ]
   },
   "properties": {
    "id": "PK-w689696996",
    "kind": "parking",
    "name": "第１駐車場",
    "datum": "WGS84",
    "mountainIds": "602 607 609 611 612",
    "mountainNames": "御在所岳、鎌ヶ岳、入道ヶ岳、宮指路岳、仙ヶ岳",
    "lists": "日本二百名山|日本三百名山|関西百名山|東海の百山",
    "routes": "",
    "entryType": "",
    "trailKmToSummit": "",
    "related": "TH-w689696996(0m)",
    "attributes": "",
    "status": "provisional",
    "accuracyM": 40,
    "needsReview": "公式情報または2情報源での確認が必要",
    "sources": "OpenStreetMap（© OpenStreetMap contributors, ODbL 1.0）Geofabrik japan-latest.osm.pbf 2026-09-23T20:22:04Z way/689696996",
    "verifiedAt": ""
   }
  },
  {
   "type": "Feature",
   "geometry": {
    "type": "Point",
    "coordinates": [
     135.8405092,
     34.2223811
    ]
   },
   "properties": {
    "id": "PK-w690412352",
    "kind": "parking",
    "name": "（名称なし）駐車場",
    "datum": "WGS84",
    "mountainIds": "719",
    "mountainNames": "大峰山",
    "lists": "日本百名山|日本二百名山|日本三百名山|関西百名山",
    "routes": "",
    "entryType": "",
    "trailKmToSummit": "",
    "related": "TH-n6643037685(206m)",
    "attributes": "",
    "status": "provisional",
    "accuracyM": 40,
    "needsReview": "公式情報または2情報源での確認が必要、名称なし",
    "sources": "OpenStreetMap（© OpenStreetMap contributors, ODbL 1.0）Geofabrik japan-latest.osm.pbf 2026-09-23T20:22:04Z way/690412352",
    "verifiedAt": ""
   }
  },
  {
   "type": "Feature",
   "geometry": {
    "type": "Point",
    "coordinates": [
     135.8518919,
     34.5325513
    ]
   },
   "properties": {
    "id": "PK-w690599817",
    "kind": "parking",
    "name": "月山鍛刀塲Ｐ",
    "datum": "WGS84",
    "mountainIds": "649",
    "mountainNames": "三輪山",
    "lists": "関西百名山",
    "routes": "",
    "entryType": "",
    "trailKmToSummit": "",
    "related": "TH-n1809530717(71m) TH-gsi-saijinja(306m)",
    "attributes": "",
    "status": "provisional",
    "accuracyM": 40,
    "needsReview": "公式情報または2情報源での確認が必要、登山口から離れている（徒歩アプローチを要確認）",
    "sources": "OpenStreetMap（© OpenStreetMap contributors, ODbL 1.0）Geofabrik japan-latest.osm.pbf 2026-09-23T20:22:04Z way/690599817",
    "verifiedAt": ""
   }
  },
  {
   "type": "Feature",
   "geometry": {
    "type": "Point",
    "coordinates": [
     135.1129952,
     34.6490498
    ]
   },
   "properties": {
    "id": "PK-w692647133",
    "kind": "parking",
    "name": "（名称なし）駐車場",
    "datum": "WGS84",
    "mountainIds": "637",
    "mountainNames": "横尾山",
    "lists": "関西百名山",
    "routes": "",
    "entryType": "",
    "trailKmToSummit": "",
    "related": "TH-w1091185297(190m)",
    "attributes": "",
    "status": "provisional",
    "accuracyM": 40,
    "needsReview": "公式情報または2情報源での確認が必要、名称なし",
    "sources": "OpenStreetMap（© OpenStreetMap contributors, ODbL 1.0）Geofabrik japan-latest.osm.pbf 2026-09-23T20:22:04Z way/692647133",
    "verifiedAt": ""
   }
  },
  {
   "type": "Feature",
   "geometry": {
    "type": "Point",
    "coordinates": [
     135.1913914,
     34.7129233
    ]
   },
   "properties": {
    "id": "PK-w713003592",
    "kind": "parking",
    "name": "（名称なし）駐車場",
    "datum": "WGS84",
    "mountainIds": "633",
    "mountainNames": "摩耶山",
    "lists": "関西百名山",
    "routes": "",
    "entryType": "",
    "trailKmToSummit": "",
    "related": "TH-n2921600634(61m) TH-n2921600635(453m)",
    "attributes": "",
    "status": "provisional",
    "accuracyM": 40,
    "needsReview": "公式情報または2情報源での確認が必要、名称なし、登山口から離れている（徒歩アプローチを要確認）",
    "sources": "OpenStreetMap（© OpenStreetMap contributors, ODbL 1.0）Geofabrik japan-latest.osm.pbf 2026-09-23T20:22:04Z way/713003592",
    "verifiedAt": ""
   }
  },
  {
   "type": "Feature",
   "geometry": {
    "type": "Point",
    "coordinates": [
     136.4417118,
     35.0448135
    ]
   },
   "properties": {
    "id": "PK-w715409930",
    "kind": "parking",
    "name": "（名称なし）駐車場",
    "datum": "WGS84",
    "mountainIds": "585 589 595 601 602 607",
    "mountainNames": "三池岳、釈迦ヶ岳、尾高山、雨乞岳、御在所岳、鎌ヶ岳",
    "lists": "東海の百山|日本二百名山|日本三百名山|関西百名山",
    "routes": "",
    "entryType": "",
    "trailKmToSummit": "",
    "related": "TH-n6723664943(8m)",
    "attributes": "",
    "status": "provisional",
    "accuracyM": 40,
    "needsReview": "公式情報または2情報源での確認が必要、名称なし",
    "sources": "OpenStreetMap（© OpenStreetMap contributors, ODbL 1.0）Geofabrik japan-latest.osm.pbf 2026-09-23T20:22:04Z way/715409930",
    "verifiedAt": ""
   }
  },
  {
   "type": "Feature",
   "geometry": {
    "type": "Point",
    "coordinates": [
     134.5335818,
     35.3841559
    ]
   },
   "properties": {
    "id": "PK-w74173226",
    "kind": "parking",
    "name": "（名称なし）駐車場",
    "datum": "WGS84",
    "mountainIds": "483",
    "mountainNames": "鉢伏山",
    "lists": "関西百名山",
    "routes": "",
    "entryType": "",
    "trailKmToSummit": "",
    "related": "TH-w97190003(201m)",
    "attributes": "",
    "status": "provisional",
    "accuracyM": 40,
    "needsReview": "公式情報または2情報源での確認が必要、名称なし",
    "sources": "OpenStreetMap（© OpenStreetMap contributors, ODbL 1.0）Geofabrik japan-latest.osm.pbf 2026-09-23T20:22:04Z way/74173226",
    "verifiedAt": ""
   }
  },
  {
   "type": "Feature",
   "geometry": {
    "type": "Point",
    "coordinates": [
     134.5365593,
     35.3828782
    ]
   },
   "properties": {
    "id": "PK-w74173233",
    "kind": "parking",
    "name": "（名称なし）駐車場",
    "datum": "WGS84",
    "mountainIds": "483",
    "mountainNames": "鉢伏山",
    "lists": "関西百名山",
    "routes": "",
    "entryType": "",
    "trailKmToSummit": "",
    "related": "TH-w97190003(403m)",
    "attributes": "",
    "status": "provisional",
    "accuracyM": 40,
    "needsReview": "公式情報または2情報源での確認が必要、名称なし、登山口から離れている（徒歩アプローチを要確認）",
    "sources": "OpenStreetMap（© OpenStreetMap contributors, ODbL 1.0）Geofabrik japan-latest.osm.pbf 2026-09-23T20:22:04Z way/74173233",
    "verifiedAt": ""
   }
  },
  {
   "type": "Feature",
   "geometry": {
    "type": "Point",
    "coordinates": [
     135.6998198,
     35.1463798
    ]
   },
   "properties": {
    "id": "PK-w744200199",
    "kind": "parking",
    "name": "（名称なし）駐車場",
    "datum": "WGS84",
    "mountainIds": "562",
    "mountainNames": "桟敷ヶ岳",
    "lists": "関西百名山",
    "routes": "",
    "entryType": "",
    "trailKmToSummit": "",
    "related": "TH-n1420109237(383m)",
    "attributes": "",
    "status": "provisional",
    "accuracyM": 40,
    "needsReview": "公式情報または2情報源での確認が必要、名称なし、登山口から離れている（徒歩アプローチを要確認）",
    "sources": "OpenStreetMap（© OpenStreetMap contributors, ODbL 1.0）Geofabrik japan-latest.osm.pbf 2026-09-23T20:22:04Z way/744200199",
    "verifiedAt": ""
   }
  },
  {
   "type": "Feature",
   "geometry": {
    "type": "Point",
    "coordinates": [
     135.4483684,
     34.3746041
    ]
   },
   "properties": {
    "id": "PK-w751216860",
    "kind": "parking",
    "name": "（名称なし）駐車場",
    "datum": "WGS84",
    "mountainIds": "689",
    "mountainNames": "和泉葛城山",
    "lists": "関西百名山",
    "routes": "",
    "entryType": "",
    "trailKmToSummit": "",
    "related": "TH-ksj-P11-22-27-bs5382(141m)",
    "attributes": "",
    "status": "provisional",
    "accuracyM": 40,
    "needsReview": "公式情報または2情報源での確認が必要、名称なし",
    "sources": "OpenStreetMap（© OpenStreetMap contributors, ODbL 1.0）Geofabrik japan-latest.osm.pbf 2026-09-23T20:22:04Z way/751216860",
    "verifiedAt": ""
   }
  },
  {
   "type": "Feature",
   "geometry": {
    "type": "Point",
    "coordinates": [
     135.5212586,
     34.3764292
    ]
   },
   "properties": {
    "id": "PK-w751249008",
    "kind": "parking",
    "name": "（名称なし）駐車場",
    "datum": "WGS84",
    "mountainIds": "681",
    "mountainNames": "岩湧山",
    "lists": "関西百名山",
    "routes": "",
    "entryType": "",
    "trailKmToSummit": "",
    "related": "TH-n7023256178(22m) TH-kP11-22-27-bs5347(298m)",
    "attributes": "",
    "status": "provisional",
    "accuracyM": 40,
    "needsReview": "公式情報または2情報源での確認が必要、名称なし",
    "sources": "OpenStreetMap（© OpenStreetMap contributors, ODbL 1.0）Geofabrik japan-latest.osm.pbf 2026-09-23T20:22:04Z way/751249008",
    "verifiedAt": ""
   }
  },
  {
   "type": "Feature",
   "geometry": {
    "type": "Point",
    "coordinates": [
     135.4475381,
     34.9166729
    ]
   },
   "properties": {
    "id": "PK-w751593543",
    "kind": "parking",
    "name": "（名称なし）駐車場",
    "datum": "WGS84",
    "mountainIds": "615",
    "mountainNames": "妙見山",
    "lists": "関西百名山",
    "routes": "",
    "entryType": "",
    "trailKmToSummit": "",
    "related": "TH-n1629277061(316m)",
    "attributes": "access=private",
    "status": "provisional",
    "accuracyM": 40,
    "needsReview": "公式情報または2情報源での確認が必要、名称なし、登山口から離れている（徒歩アプローチを要確認）",
    "sources": "OpenStreetMap（© OpenStreetMap contributors, ODbL 1.0）Geofabrik japan-latest.osm.pbf 2026-09-23T20:22:04Z way/751593543",
    "verifiedAt": ""
   }
  },
  {
   "type": "Feature",
   "geometry": {
    "type": "Point",
    "coordinates": [
     135.5589403,
     34.3836571
    ]
   },
   "properties": {
    "id": "PK-w759992541",
    "kind": "parking",
    "name": "岩湧の森 第１駐車場",
    "datum": "WGS84",
    "mountainIds": "681",
    "mountainNames": "岩湧山",
    "lists": "関西百名山",
    "routes": "",
    "entryType": "",
    "trailKmToSummit": "",
    "related": "TH-n1576730240(78m) TH-n1576728876(415m)",
    "attributes": "",
    "status": "provisional",
    "accuracyM": 40,
    "needsReview": "公式情報または2情報源での確認が必要、登山口から離れている（徒歩アプローチを要確認）",
    "sources": "OpenStreetMap（© OpenStreetMap contributors, ODbL 1.0）Geofabrik japan-latest.osm.pbf 2026-09-23T20:22:04Z way/759992541",
    "verifiedAt": ""
   }
  },
  {
   "type": "Feature",
   "geometry": {
    "type": "Point",
    "coordinates": [
     135.4349085,
     34.3477459
    ]
   },
   "properties": {
    "id": "PK-w761272317",
    "kind": "parking",
    "name": "（名称なし）駐車場",
    "datum": "WGS84",
    "mountainIds": "689",
    "mountainNames": "和泉葛城山",
    "lists": "関西百名山",
    "routes": "",
    "entryType": "",
    "trailKmToSummit": "",
    "related": "TH-n1429695326(289m) TH-n13168619829(411m)",
    "attributes": "",
    "status": "provisional",
    "accuracyM": 40,
    "needsReview": "公式情報または2情報源での確認が必要、名称なし、登山口から離れている（徒歩アプローチを要確認）",
    "sources": "OpenStreetMap（© OpenStreetMap contributors, ODbL 1.0）Geofabrik japan-latest.osm.pbf 2026-09-23T20:22:04Z way/761272317",
    "verifiedAt": ""
   }
  },
  {
   "type": "Feature",
   "geometry": {
    "type": "Point",
    "coordinates": [
     135.4356918,
     34.3481824
    ]
   },
   "properties": {
    "id": "PK-w761272318",
    "kind": "parking",
    "name": "（名称なし）駐車場",
    "datum": "WGS84",
    "mountainIds": "689",
    "mountainNames": "和泉葛城山",
    "lists": "関西百名山",
    "routes": "",
    "entryType": "",
    "trailKmToSummit": "",
    "related": "TH-n1429695326(370m) TH-n13168619829(344m)",
    "attributes": "",
    "status": "provisional",
    "accuracyM": 40,
    "needsReview": "公式情報または2情報源での確認が必要、名称なし、登山口から離れている（徒歩アプローチを要確認）",
    "sources": "OpenStreetMap（© OpenStreetMap contributors, ODbL 1.0）Geofabrik japan-latest.osm.pbf 2026-09-23T20:22:04Z way/761272318",
    "verifiedAt": ""
   }
  },
  {
   "type": "Feature",
   "geometry": {
    "type": "Point",
    "coordinates": [
     135.3949003,
     34.2373391
    ]
   },
   "properties": {
    "id": "PK-w764571753",
    "kind": "parking",
    "name": "（名称なし）駐車場",
    "datum": "WGS84",
    "mountainIds": "704",
    "mountainNames": "龍門山",
    "lists": "関西百名山",
    "routes": "",
    "entryType": "",
    "trailKmToSummit": "",
    "related": "TH-n12169219547(201m)",
    "attributes": "access=customers",
    "status": "provisional",
    "accuracyM": 40,
    "needsReview": "公式情報または2情報源での確認が必要、名称なし",
    "sources": "OpenStreetMap（© OpenStreetMap contributors, ODbL 1.0）Geofabrik japan-latest.osm.pbf 2026-09-23T20:22:04Z way/764571753",
    "verifiedAt": ""
   }
  },
  {
   "type": "Feature",
   "geometry": {
    "type": "Point",
    "coordinates": [
     135.3954131,
     34.2374234
    ]
   },
   "properties": {
    "id": "PK-w764571754",
    "kind": "parking",
    "name": "（名称なし）駐車場",
    "datum": "WGS84",
    "mountainIds": "704",
    "mountainNames": "龍門山",
    "lists": "関西百名山",
    "routes": "",
    "entryType": "",
    "trailKmToSummit": "",
    "related": "TH-n12169219547(154m)",
    "attributes": "access=private",
    "status": "provisional",
    "accuracyM": 40,
    "needsReview": "公式情報または2情報源での確認が必要、名称なし",
    "sources": "OpenStreetMap（© OpenStreetMap contributors, ODbL 1.0）Geofabrik japan-latest.osm.pbf 2026-09-23T20:22:04Z way/764571754",
    "verifiedAt": ""
   }
  },
  {
   "type": "Feature",
   "geometry": {
    "type": "Point",
    "coordinates": [
     135.9755098,
     34.5438359
    ]
   },
   "properties": {
    "id": "PK-w804808387",
    "kind": "parking",
    "name": "（名称なし）駐車場",
    "datum": "WGS84",
    "mountainIds": "645",
    "mountainNames": "額井岳",
    "lists": "関西百名山",
    "routes": "",
    "entryType": "",
    "trailKmToSummit": "",
    "related": "TH-n6649478843(357m)",
    "attributes": "fee=no",
    "status": "provisional",
    "accuracyM": 40,
    "needsReview": "公式情報または2情報源での確認が必要、名称なし、登山口から離れている（徒歩アプローチを要確認）",
    "sources": "OpenStreetMap（© OpenStreetMap contributors, ODbL 1.0）Geofabrik japan-latest.osm.pbf 2026-09-23T20:22:04Z way/804808387",
    "verifiedAt": ""
   }
  },
  {
   "type": "Feature",
   "geometry": {
    "type": "Point",
    "coordinates": [
     135.6884429,
     34.669868
    ]
   },
   "properties": {
    "id": "PK-w819667483",
    "kind": "parking",
    "name": "（名称なし）駐車場",
    "datum": "WGS84",
    "mountainIds": "635",
    "mountainNames": "生駒山",
    "lists": "関西百名山",
    "routes": "",
    "entryType": "",
    "trailKmToSummit": "",
    "related": "TH-kP11-22-29-bs539(171m)",
    "attributes": "capacity=20; access=customers; operator=ラッキーガーデン",
    "status": "provisional",
    "accuracyM": 40,
    "needsReview": "公式情報または2情報源での確認が必要、名称なし",
    "sources": "OpenStreetMap（© OpenStreetMap contributors, ODbL 1.0）Geofabrik japan-latest.osm.pbf 2026-09-23T20:22:04Z way/819667483",
    "verifiedAt": ""
   }
  },
  {
   "type": "Feature",
   "geometry": {
    "type": "Point",
    "coordinates": [
     135.2076412,
     34.7533485
    ]
   },
   "properties": {
    "id": "PK-w822811695",
    "kind": "parking",
    "name": "（名称なし）駐車場",
    "datum": "WGS84",
    "mountainIds": "633",
    "mountainNames": "摩耶山",
    "lists": "関西百名山",
    "routes": "",
    "entryType": "",
    "trailKmToSummit": "",
    "related": "TH-kP11-22-28-bs7073(182m)",
    "attributes": "",
    "status": "provisional",
    "accuracyM": 40,
    "needsReview": "公式情報または2情報源での確認が必要、名称なし",
    "sources": "OpenStreetMap（© OpenStreetMap contributors, ODbL 1.0）Geofabrik japan-latest.osm.pbf 2026-09-23T20:22:04Z way/822811695",
    "verifiedAt": ""
   }
  },
  {
   "type": "Feature",
   "geometry": {
    "type": "Point",
    "coordinates": [
     135.2074052,
     34.7526521
    ]
   },
   "properties": {
    "id": "PK-w822811696",
    "kind": "parking",
    "name": "（名称なし）駐車場",
    "datum": "WGS84",
    "mountainIds": "633",
    "mountainNames": "摩耶山",
    "lists": "関西百名山",
    "routes": "",
    "entryType": "",
    "trailKmToSummit": "",
    "related": "TH-kP11-22-28-bs7073(139m)",
    "attributes": "",
    "status": "provisional",
    "accuracyM": 40,
    "needsReview": "公式情報または2情報源での確認が必要、名称なし",
    "sources": "OpenStreetMap（© OpenStreetMap contributors, ODbL 1.0）Geofabrik japan-latest.osm.pbf 2026-09-23T20:22:04Z way/822811696",
    "verifiedAt": ""
   }
  },
  {
   "type": "Feature",
   "geometry": {
    "type": "Point",
    "coordinates": [
     136.199961,
     35.533653
    ]
   },
   "properties": {
    "id": "PK-w834429500",
    "kind": "parking",
    "name": "（名称なし）駐車場",
    "datum": "WGS84",
    "mountainIds": "447",
    "mountainNames": "賤ヶ岳",
    "lists": "関西百名山|東海の百山",
    "routes": "",
    "entryType": "",
    "trailKmToSummit": "",
    "related": "TH-n1686918549(281m)",
    "attributes": "",
    "status": "provisional",
    "accuracyM": 40,
    "needsReview": "公式情報または2情報源での確認が必要、名称なし",
    "sources": "OpenStreetMap（© OpenStreetMap contributors, ODbL 1.0）Geofabrik japan-latest.osm.pbf 2026-09-23T20:22:04Z way/834429500",
    "verifiedAt": ""
   }
  },
  {
   "type": "Feature",
   "geometry": {
    "type": "Point",
    "coordinates": [
     136.1994343,
     35.5337551
    ]
   },
   "properties": {
    "id": "PK-w834429501",
    "kind": "parking",
    "name": "（名称なし）駐車場",
    "datum": "WGS84",
    "mountainIds": "447",
    "mountainNames": "賤ヶ岳",
    "lists": "関西百名山|東海の百山",
    "routes": "",
    "entryType": "",
    "trailKmToSummit": "",
    "related": "TH-n1686918549(330m)",
    "attributes": "",
    "status": "provisional",
    "accuracyM": 40,
    "needsReview": "公式情報または2情報源での確認が必要、名称なし、登山口から離れている（徒歩アプローチを要確認）",
    "sources": "OpenStreetMap（© OpenStreetMap contributors, ODbL 1.0）Geofabrik japan-latest.osm.pbf 2026-09-23T20:22:04Z way/834429501",
    "verifiedAt": ""
   }
  },
  {
   "type": "Feature",
   "geometry": {
    "type": "Point",
    "coordinates": [
     136.2031977,
     35.5045532
    ]
   },
   "properties": {
    "id": "PK-w834945794",
    "kind": "parking",
    "name": "（名称なし）駐車場",
    "datum": "WGS84",
    "mountainIds": "447",
    "mountainNames": "賤ヶ岳",
    "lists": "関西百名山|東海の百山",
    "routes": "",
    "entryType": "",
    "trailKmToSummit": "",
    "related": "TH-n1686912330(444m)",
    "attributes": "access=customers",
    "status": "provisional",
    "accuracyM": 40,
    "needsReview": "公式情報または2情報源での確認が必要、名称なし、登山口から離れている（徒歩アプローチを要確認）",
    "sources": "OpenStreetMap（© OpenStreetMap contributors, ODbL 1.0）Geofabrik japan-latest.osm.pbf 2026-09-23T20:22:04Z way/834945794",
    "verifiedAt": ""
   }
  },
  {
   "type": "Feature",
   "geometry": {
    "type": "Point",
    "coordinates": [
     135.1955577,
     34.7060652
    ]
   },
   "properties": {
    "id": "PK-w844990417",
    "kind": "parking",
    "name": "JR新神戸駅前自動車整理場（第3）",
    "datum": "WGS84",
    "mountainIds": "633",
    "mountainNames": "摩耶山",
    "lists": "関西百名山",
    "routes": "",
    "entryType": "",
    "trailKmToSummit": "",
    "related": "TH-n2873978519(57m)",
    "attributes": "",
    "status": "provisional",
    "accuracyM": 40,
    "needsReview": "公式情報または2情報源での確認が必要",
    "sources": "OpenStreetMap（© OpenStreetMap contributors, ODbL 1.0）Geofabrik japan-latest.osm.pbf 2026-09-23T20:22:04Z way/844990417",
    "verifiedAt": ""
   }
  },
  {
   "type": "Feature",
   "geometry": {
    "type": "Point",
    "coordinates": [
     135.1960872,
     34.7063424
    ]
   },
   "properties": {
    "id": "PK-w844990418",
    "kind": "parking",
    "name": "JR新神戸駅前自動車整理場（第4）",
    "datum": "WGS84",
    "mountainIds": "633",
    "mountainNames": "摩耶山",
    "lists": "関西百名山",
    "routes": "",
    "entryType": "",
    "trailKmToSummit": "",
    "related": "TH-n2873978519(0m)",
    "attributes": "",
    "status": "provisional",
    "accuracyM": 40,
    "needsReview": "公式情報または2情報源での確認が必要",
    "sources": "OpenStreetMap（© OpenStreetMap contributors, ODbL 1.0）Geofabrik japan-latest.osm.pbf 2026-09-23T20:22:04Z way/844990418",
    "verifiedAt": ""
   }
  },
  {
   "type": "Feature",
   "geometry": {
    "type": "Point",
    "coordinates": [
     135.195788,
     34.7057972
    ]
   },
   "properties": {
    "id": "PK-w844990419",
    "kind": "parking",
    "name": "JR新神戸駅前自動車整理場（第1）",
    "datum": "WGS84",
    "mountainIds": "633",
    "mountainNames": "摩耶山",
    "lists": "関西百名山",
    "routes": "",
    "entryType": "",
    "trailKmToSummit": "",
    "related": "TH-n2921600631(232m)",
    "attributes": "fee=yes; access=yes",
    "status": "provisional",
    "accuracyM": 40,
    "needsReview": "公式情報または2情報源での確認が必要",
    "sources": "OpenStreetMap（© OpenStreetMap contributors, ODbL 1.0）Geofabrik japan-latest.osm.pbf 2026-09-23T20:22:04Z way/844990419",
    "verifiedAt": ""
   }
  },
  {
   "type": "Feature",
   "geometry": {
    "type": "Point",
    "coordinates": [
     135.1963248,
     34.7061651
    ]
   },
   "properties": {
    "id": "PK-w844990420",
    "kind": "parking",
    "name": "JR新神戸駅前自動車整理場（第2）",
    "datum": "WGS84",
    "mountainIds": "633",
    "mountainNames": "摩耶山",
    "lists": "関西百名山",
    "routes": "",
    "entryType": "",
    "trailKmToSummit": "",
    "related": "TH-n2873978519(29m)",
    "attributes": "",
    "status": "provisional",
    "accuracyM": 40,
    "needsReview": "公式情報または2情報源での確認が必要",
    "sources": "OpenStreetMap（© OpenStreetMap contributors, ODbL 1.0）Geofabrik japan-latest.osm.pbf 2026-09-23T20:22:04Z way/844990420",
    "verifiedAt": ""
   }
  },
  {
   "type": "Feature",
   "geometry": {
    "type": "Point",
    "coordinates": [
     135.7051208,
     34.4952428
    ]
   },
   "properties": {
    "id": "PK-w864497475",
    "kind": "parking",
    "name": "（名称なし）駐車場",
    "datum": "WGS84",
    "mountainIds": "667",
    "mountainNames": "大和葛城山",
    "lists": "日本三百名山|関西百名山",
    "routes": "",
    "entryType": "",
    "trailKmToSummit": "",
    "related": "TH-kP11-22-29-bs1625(185m) TH-n8057436631(341m)",
    "attributes": "",
    "status": "provisional",
    "accuracyM": 40,
    "needsReview": "公式情報または2情報源での確認が必要、名称なし、登山口から離れている（徒歩アプローチを要確認）",
    "sources": "OpenStreetMap（© OpenStreetMap contributors, ODbL 1.0）Geofabrik japan-latest.osm.pbf 2026-09-23T20:22:04Z way/864497475",
    "verifiedAt": ""
   }
  },
  {
   "type": "Feature",
   "geometry": {
    "type": "Point",
    "coordinates": [
     135.7042422,
     34.4950427
    ]
   },
   "properties": {
    "id": "PK-w864497477",
    "kind": "parking",
    "name": "（名称なし）駐車場",
    "datum": "WGS84",
    "mountainIds": "667",
    "mountainNames": "大和葛城山",
    "lists": "日本三百名山|関西百名山",
    "routes": "",
    "entryType": "",
    "trailKmToSummit": "",
    "related": "TH-kP11-22-29-bs1625(166m) TH-n8057436631(348m)",
    "attributes": "",
    "status": "provisional",
    "accuracyM": 40,
    "needsReview": "公式情報または2情報源での確認が必要、名称なし、登山口から離れている（徒歩アプローチを要確認）",
    "sources": "OpenStreetMap（© OpenStreetMap contributors, ODbL 1.0）Geofabrik japan-latest.osm.pbf 2026-09-23T20:22:04Z way/864497477",
    "verifiedAt": ""
   }
  },
  {
   "type": "Feature",
   "geometry": {
    "type": "Point",
    "coordinates": [
     136.4544592,
     34.9593992
    ]
   },
   "properties": {
    "id": "PK-w867671280",
    "kind": "parking",
    "name": "第２駐車場",
    "datum": "WGS84",
    "mountainIds": "602 607 609 611 612",
    "mountainNames": "御在所岳、鎌ヶ岳、入道ヶ岳、宮指路岳、仙ヶ岳",
    "lists": "日本二百名山|日本三百名山|関西百名山|東海の百山",
    "routes": "",
    "entryType": "",
    "trailKmToSummit": "",
    "related": "TH-w689696996(208m)",
    "attributes": "",
    "status": "provisional",
    "accuracyM": 40,
    "needsReview": "公式情報または2情報源での確認が必要",
    "sources": "OpenStreetMap（© OpenStreetMap contributors, ODbL 1.0）Geofabrik japan-latest.osm.pbf 2026-09-23T20:22:04Z way/867671280",
    "verifiedAt": ""
   }
  },
  {
   "type": "Feature",
   "geometry": {
    "type": "Point",
    "coordinates": [
     134.4247811,
     35.1022678
    ]
   },
   "properties": {
    "id": "PK-w918971092",
    "kind": "parking",
    "name": "（名称なし）駐車場",
    "datum": "WGS84",
    "mountainIds": "570",
    "mountainNames": "日名倉山",
    "lists": "関西百名山",
    "routes": "",
    "entryType": "",
    "trailKmToSummit": "",
    "related": "TH-n1842207493(468m)",
    "attributes": "",
    "status": "provisional",
    "accuracyM": 40,
    "needsReview": "公式情報または2情報源での確認が必要、名称なし、登山口から離れている（徒歩アプローチを要確認）",
    "sources": "OpenStreetMap（© OpenStreetMap contributors, ODbL 1.0）Geofabrik japan-latest.osm.pbf 2026-09-23T20:22:04Z way/918971092",
    "verifiedAt": ""
   }
  },
  {
   "type": "Feature",
   "geometry": {
    "type": "Point",
    "coordinates": [
     135.6955941,
     34.5231079
    ]
   },
   "properties": {
    "id": "PK-w919734507",
    "kind": "parking",
    "name": "（名称なし）駐車場",
    "datum": "WGS84",
    "mountainIds": "653",
    "mountainNames": "二上山",
    "lists": "関西百名山",
    "routes": "",
    "entryType": "",
    "trailKmToSummit": "",
    "related": "TH-n1736314857(423m)",
    "attributes": "",
    "status": "provisional",
    "accuracyM": 40,
    "needsReview": "公式情報または2情報源での確認が必要、名称なし、登山口から離れている（徒歩アプローチを要確認）",
    "sources": "OpenStreetMap（© OpenStreetMap contributors, ODbL 1.0）Geofabrik japan-latest.osm.pbf 2026-09-23T20:22:04Z way/919734507",
    "verifiedAt": ""
   }
  },
  {
   "type": "Feature",
   "geometry": {
    "type": "Point",
    "coordinates": [
     135.4491365,
     34.3759645
    ]
   },
   "properties": {
    "id": "PK-w966705000",
    "kind": "parking",
    "name": "（名称なし）駐車場",
    "datum": "WGS84",
    "mountainIds": "689",
    "mountainNames": "和泉葛城山",
    "lists": "関西百名山",
    "routes": "",
    "entryType": "",
    "trailKmToSummit": "",
    "related": "TH-ksj-P11-22-27-bs5382(304m)",
    "attributes": "fee=yes; access=customers",
    "status": "provisional",
    "accuracyM": 40,
    "needsReview": "公式情報または2情報源での確認が必要、名称なし、登山口から離れている（徒歩アプローチを要確認）",
    "sources": "OpenStreetMap（© OpenStreetMap contributors, ODbL 1.0）Geofabrik japan-latest.osm.pbf 2026-09-23T20:22:04Z way/966705000",
    "verifiedAt": ""
   }
  },
  {
   "type": "Feature",
   "geometry": {
    "type": "Point",
    "coordinates": [
     135.1082203,
     34.6748205
    ]
   },
   "properties": {
    "id": "PK-w969112615",
    "kind": "parking",
    "name": "（名称なし）駐車場",
    "datum": "WGS84",
    "mountainIds": "637",
    "mountainNames": "横尾山",
    "lists": "関西百名山",
    "routes": "",
    "entryType": "",
    "trailKmToSummit": "",
    "related": "TH-n5564323742(60m)",
    "attributes": "access=customers",
    "status": "provisional",
    "accuracyM": 40,
    "needsReview": "公式情報または2情報源での確認が必要、名称なし",
    "sources": "OpenStreetMap（© OpenStreetMap contributors, ODbL 1.0）Geofabrik japan-latest.osm.pbf 2026-09-23T20:22:04Z way/969112615",
    "verifiedAt": ""
   }
  },
  {
   "type": "Feature",
   "geometry": {
    "type": "Point",
    "coordinates": [
     135.1079485,
     34.6741675
    ]
   },
   "properties": {
    "id": "PK-w969112617",
    "kind": "parking",
    "name": "（名称なし）駐車場",
    "datum": "WGS84",
    "mountainIds": "637",
    "mountainNames": "横尾山",
    "lists": "関西百名山",
    "routes": "",
    "entryType": "",
    "trailKmToSummit": "",
    "related": "TH-n5564323742(66m)",
    "attributes": "access=customers",
    "status": "provisional",
    "accuracyM": 40,
    "needsReview": "公式情報または2情報源での確認が必要、名称なし",
    "sources": "OpenStreetMap（© OpenStreetMap contributors, ODbL 1.0）Geofabrik japan-latest.osm.pbf 2026-09-23T20:22:04Z way/969112617",
    "verifiedAt": ""
   }
  },
  {
   "type": "Feature",
   "geometry": {
    "type": "Point",
    "coordinates": [
     135.1102878,
     34.6754288
    ]
   },
   "properties": {
    "id": "PK-w969112639",
    "kind": "parking",
    "name": "（名称なし）駐車場",
    "datum": "WGS84",
    "mountainIds": "637",
    "mountainNames": "横尾山",
    "lists": "関西百名山",
    "routes": "",
    "entryType": "",
    "trailKmToSummit": "",
    "related": "TH-n5537346069(143m)",
    "attributes": "access=no",
    "status": "provisional",
    "accuracyM": 40,
    "needsReview": "公式情報または2情報源での確認が必要、名称なし",
    "sources": "OpenStreetMap（© OpenStreetMap contributors, ODbL 1.0）Geofabrik japan-latest.osm.pbf 2026-09-23T20:22:04Z way/969112639",
    "verifiedAt": ""
   }
  },
  {
   "type": "Feature",
   "geometry": {
    "type": "Point",
    "coordinates": [
     135.0936351,
     34.6797525
    ]
   },
   "properties": {
    "id": "PK-w969981638",
    "kind": "parking",
    "name": "バス待機場",
    "datum": "WGS84",
    "mountainIds": "637",
    "mountainNames": "横尾山",
    "lists": "関西百名山",
    "routes": "",
    "entryType": "",
    "trailKmToSummit": "",
    "related": "TH-n5588254995(36m)",
    "attributes": "access=no",
    "status": "provisional",
    "accuracyM": 40,
    "needsReview": "公式情報または2情報源での確認が必要",
    "sources": "OpenStreetMap（© OpenStreetMap contributors, ODbL 1.0）Geofabrik japan-latest.osm.pbf 2026-09-23T20:22:04Z way/969981638",
    "verifiedAt": ""
   }
  },
  {
   "type": "Feature",
   "geometry": {
    "type": "Point",
    "coordinates": [
     135.2504246,
     34.7955034
    ]
   },
   "properties": {
    "id": "PK-w986937424",
    "kind": "parking",
    "name": "（名称なし）駐車場",
    "datum": "WGS84",
    "mountainIds": "628",
    "mountainNames": "六甲最高峰",
    "lists": "日本三百名山|関西百名山",
    "routes": "",
    "entryType": "",
    "trailKmToSummit": "",
    "related": "TH-n1842381862(393m)",
    "attributes": "",
    "status": "provisional",
    "accuracyM": 40,
    "needsReview": "公式情報または2情報源での確認が必要、名称なし、登山口から離れている（徒歩アプローチを要確認）",
    "sources": "OpenStreetMap（© OpenStreetMap contributors, ODbL 1.0）Geofabrik japan-latest.osm.pbf 2026-09-23T20:22:04Z way/986937424",
    "verifiedAt": ""
   }
  },
  {
   "type": "Feature",
   "geometry": {
    "type": "Point",
    "coordinates": [
     135.2498907,
     34.7964067
    ]
   },
   "properties": {
    "id": "PK-w986937428",
    "kind": "parking",
    "name": "（名称なし）駐車場",
    "datum": "WGS84",
    "mountainIds": "628",
    "mountainNames": "六甲最高峰",
    "lists": "日本三百名山|関西百名山",
    "routes": "",
    "entryType": "",
    "trailKmToSummit": "",
    "related": "TH-n12345111564(153m)",
    "attributes": "",
    "status": "provisional",
    "accuracyM": 40,
    "needsReview": "公式情報または2情報源での確認が必要、名称なし",
    "sources": "OpenStreetMap（© OpenStreetMap contributors, ODbL 1.0）Geofabrik japan-latest.osm.pbf 2026-09-23T20:22:04Z way/986937428",
    "verifiedAt": ""
   }
  },
  {
   "type": "Feature",
   "geometry": {
    "type": "Point",
    "coordinates": [
     135.2158145,
     34.7186956
    ]
   },
   "properties": {
    "id": "PK-w990863122",
    "kind": "parking",
    "name": "（名称なし）駐車場",
    "datum": "WGS84",
    "mountainIds": "633",
    "mountainNames": "摩耶山",
    "lists": "関西百名山",
    "routes": "",
    "entryType": "",
    "trailKmToSummit": "",
    "related": "TH-w128992066(136m)",
    "attributes": "access=private",
    "status": "provisional",
    "accuracyM": 40,
    "needsReview": "公式情報または2情報源での確認が必要、名称なし",
    "sources": "OpenStreetMap（© OpenStreetMap contributors, ODbL 1.0）Geofabrik japan-latest.osm.pbf 2026-09-23T20:22:04Z way/990863122",
    "verifiedAt": ""
   }
  },
  {
   "type": "Feature",
   "geometry": {
    "type": "Point",
    "coordinates": [
     134.402924,
     35.149139
    ]
   },
   "properties": {
    "id": "TH-gsi-bellpeal",
    "kind": "trailhead",
    "name": "ベルピール自然公園（日名倉山）",
    "datum": "WGS84",
    "mountainIds": "570",
    "mountainNames": "日名倉山",
    "lists": "関西百名山",
    "routes": "",
    "entryType": "登山記録で広く使われている登山口",
    "trailKmToSummit": "",
    "related": "PK-w166674453(12m) PK-n1781287019(45m)",
    "attributes": "",
    "status": "provisional",
    "accuracyM": 200,
    "needsReview": "",
    "sources": "国土地理院ベクトルタイル提供実験 地理院地図の車道の終点で徒歩道が始まる位置（35.149139, 134.402924）、標高850.8m。地理院地図の徒歩道で山頂まで約0.8km 2026-09-24確認 ｜ 登山記録で広く使われている登山口（登山記録・登山情報サイトで名称と利用を確認。公式情報では未確認） 2026-09-24確認",
    "verifiedAt": ""
   }
  },
  {
   "type": "Feature",
   "geometry": {
    "type": "Point",
    "coordinates": [
     135.458757,
     35.316567
    ]
   },
   "properties": {
    "id": "TH-gsi-chorosan-shinrin",
    "kind": "trailhead",
    "name": "長老山森林公園（長老ヶ岳登山口）",
    "datum": "WGS84",
    "mountainIds": "514",
    "mountainNames": "長老ヶ岳",
    "lists": "関西百名山",
    "routes": "",
    "entryType": "公式情報による登山口",
    "trailKmToSummit": "",
    "related": "",
    "attributes": "course=長老山森林公園から長老ヶ岳まで約100分・3.5km。仏主バス停から森林公園まで約40分・2.3km（京丹波町）; parking=長老山森林公園に駐車場・トイレ（京丹波町）",
    "status": "adopted",
    "accuracyM": 500,
    "needsReview": "登山口の正確な位置は公式情報では未確認",
    "sources": "国土地理院ベクトルタイル提供実験 地理院地図の徒歩道が車道から始まる位置（35.316567, 135.458757）、標高595.8m。地理院地図の注記「仏主」（35.323971, 135.455332）の南南東約0.8km。地理院地図の徒歩道で山頂まで約2.8km 2026-09-26確認 ｜ 公式情報: https://www.town.kyotamba.kyoto.jp/material/files/group/21/tyourougatake_map.pdf ｜ 公式情報: https://www.town.kyotamba.kyoto.jp/kakukakarasagasu/wachishisho/gyomuannai/1/1/2/1692.html",
    "verifiedAt": "2026-09-26"
   }
  },
  {
   "type": "Feature",
   "geometry": {
    "type": "Point",
    "coordinates": [
     135.7216,
     33.543948
    ]
   },
   "properties": {
    "id": "TH-gsi-dakenomori-aise",
    "kind": "trailhead",
    "name": "嶽ノ森山登山口（相瀬橋）",
    "datum": "WGS84",
    "mountainIds": "823",
    "mountainNames": "嶽ノ森山",
    "lists": "関西百名山",
    "routes": "",
    "entryType": "登山記録で広く使われている登山口",
    "trailKmToSummit": "",
    "related": "PK-w499632170(171m) PK-w499632173(222m) BS-kP11-22-30-bs2972(513m) BS-kP11-22-30-bs2971(777m) BS-kP11-22-30-bs2976(994m)",
    "attributes": "",
    "status": "provisional",
    "accuracyM": 250,
    "needsReview": "",
    "sources": "国土地理院ベクトルタイル提供実験 地理院地図の徒歩道が車道から始まる位置（33.543948, 135.721600）、標高30.8m。地理院地図の注記「相瀬橋」から75m。地理院地図の徒歩道で山頂まで約0.9km 2026-09-24確認 ｜ 登山記録で広く使われている登山口（登山記録・登山情報サイトで名称と利用を確認。公式情報では未確認） 2026-09-24確認",
    "verifiedAt": ""
   }
  },
  {
   "type": "Feature",
   "geometry": {
    "type": "Point",
    "coordinates": [
     135.25715,
     35.11108
    ]
   },
   "properties": {
    "id": "TH-gsi-hiuchiiwa",
    "kind": "trailhead",
    "name": "火打岩登山口（三嶽）",
    "datum": "WGS84",
    "mountainIds": "576",
    "mountainNames": "三嶽",
    "lists": "関西百名山",
    "routes": "",
    "entryType": "登山記録で広く使われている登山口",
    "trailKmToSummit": "",
    "related": "",
    "attributes": "",
    "status": "provisional",
    "accuracyM": 300,
    "needsReview": "",
    "sources": "国土地理院ベクトルタイル提供実験 地理院地図の車道の終点で徒歩道が始まる位置（35.111080, 135.257150）、標高286.6m。地理院地図の注記「火打岩」から689m。地理院地図の徒歩道で山頂まで約2.6km 2026-09-26確認 ｜ 登山記録で広く使われている登山口（登山記録・登山情報サイトで名称と利用を確認。公式情報では未確認） 2026-09-24確認",
    "verifiedAt": ""
   }
  },
  {
   "type": "Feature",
   "geometry": {
    "type": "Point",
    "coordinates": [
     135.649856,
     33.897977
    ]
   },
   "properties": {
    "id": "TH-gsi-hiyamizu-rindo",
    "kind": "trailhead",
    "name": "冷水山林道登山口",
    "datum": "WGS84",
    "mountainIds": "759",
    "mountainNames": "冷水山",
    "lists": "関西百名山",
    "routes": "",
    "entryType": "登山記録で広く使われている登山口",
    "trailKmToSummit": "",
    "related": "",
    "attributes": "",
    "status": "provisional",
    "accuracyM": 250,
    "needsReview": "",
    "sources": "国土地理院ベクトルタイル提供実験 地理院地図の徒歩道が車道から始まる位置（33.897977, 135.649856）、標高1,112m。地理院地図の徒歩道で山頂まで約0.3km 2026-09-24確認 ｜ 登山記録で広く使われている登山口（登山記録・登山情報サイトで名称と利用を確認。公式情報では未確認） 2026-09-24確認",
    "verifiedAt": ""
   }
  },
  {
   "type": "Feature",
   "geometry": {
    "type": "Point",
    "coordinates": [
     135.6126,
     34.917256
    ]
   },
   "properties": {
    "id": "TH-gsi-honzanji",
    "kind": "trailhead",
    "name": "本山寺（ポンポン山登山口）",
    "datum": "WGS84",
    "mountainIds": "613",
    "mountainNames": "ポンポン山",
    "lists": "関西百名山",
    "routes": "",
    "entryType": "登山記録で広く使われている登山口",
    "trailKmToSummit": "",
    "related": "",
    "attributes": "",
    "status": "provisional",
    "accuracyM": 200,
    "needsReview": "",
    "sources": "国土地理院ベクトルタイル提供実験 地理院地図の注記「本山寺」の位置（34.917256, 135.612600） 2026-09-24確認 ｜ 登山記録で広く使われている登山口（登山記録・登山情報サイトで名称と利用を確認。公式情報では未確認） 2026-09-24確認",
    "verifiedAt": ""
   }
  },
  {
   "type": "Feature",
   "geometry": {
    "type": "Point",
    "coordinates": [
     134.533183,
     35.359726
    ]
   },
   "properties": {
    "id": "TH-gsi-hyonosen-higashione",
    "kind": "trailhead",
    "name": "東尾根登山口（氷ノ山）",
    "datum": "WGS84",
    "mountainIds": "493",
    "mountainNames": "氷ノ山",
    "lists": "日本二百名山|日本三百名山|関西百名山|中国百名山",
    "routes": "",
    "entryType": "登山記録で広く使われている登山口",
    "trailKmToSummit": "",
    "related": "",
    "attributes": "",
    "status": "provisional",
    "accuracyM": 300,
    "needsReview": "",
    "sources": "国土地理院ベクトルタイル提供実験 地理院地図の徒歩道が車道から始まる位置（35.359726, 134.533183）、標高788m。地理院地図の注記「奈良尾」から543m。地理院地図の徒歩道で山頂まで約3.7km 2026-09-26確認 ｜ 登山記録で広く使われている登山口（登山記録・登山情報サイトで名称と利用を確認。公式情報では未確認） 2026-09-26確認",
    "verifiedAt": ""
   }
  },
  {
   "type": "Feature",
   "geometry": {
    "type": "Point",
    "coordinates": [
     134.901429,
     35.15178
    ]
   },
   "properties": {
    "id": "TH-gsi-ichihara-sengamine",
    "kind": "trailhead",
    "name": "市原登山口（千ヶ峰）",
    "datum": "WGS84",
    "mountainIds": "571",
    "mountainNames": "千ヶ峰",
    "lists": "関西百名山",
    "routes": "市原コース",
    "entryType": "公式情報による登山口",
    "trailKmToSummit": "",
    "related": "",
    "attributes": "parking=市原登山口・市原峠に登山者用駐車場。市原登山口に登山者用トイレ（多可町観光交流協会）",
    "status": "adopted",
    "accuracyM": 400,
    "needsReview": "登山口の正確な位置は公式情報では未確認",
    "sources": "国土地理院ベクトルタイル提供実験 地理院地図の車道の終点で徒歩道が始まる位置（35.151780, 134.901429）、標高451.2m。地理院地図の注記「加美区市原」から501m。地理院地図の徒歩道で山頂まで約2.7km 2026-09-26確認 ｜ 公式情報: https://kanko.takacho.net/mountain/sengamine/",
    "verifiedAt": "2026-09-26"
   }
  },
  {
   "type": "Feature",
   "geometry": {
    "type": "Point",
    "coordinates": [
     136.402586,
     35.261608
    ]
   },
   "properties": {
    "id": "TH-gsi-imahata",
    "kind": "trailhead",
    "name": "落合・今畑登山口（霊仙山）",
    "datum": "WGS84",
    "mountainIds": "518",
    "mountainNames": "霊仙山",
    "lists": "関西百名山|東海の百山",
    "routes": "今畑登山道",
    "entryType": "公式情報による登山口",
    "trailKmToSummit": "",
    "related": "",
    "attributes": "access=彦根ICから車約30分、JR彦根駅から車で約30分（米原市）",
    "status": "adopted",
    "accuracyM": 400,
    "needsReview": "登山口付近に駐車場はない。いぼとり公園駐車場（無料）や養鱒センターきたがわ（有料・要予約）を案内している（米原市）、山中にトイレはない。ドリーネ（穴）がいたるところにあり、登山道以外のルートは穴に転落の恐れがあり危険（米原市）、上丹生登山口からの谷山谷登山道と、河内登山口から四丁横崖までの河内登山道は通行できない（米原市）、登山口の正確な位置は公式情報では未確認",
    "sources": "国土地理院ベクトルタイル提供実験 地理院地図の徒歩道が車道から始まる位置（35.261608, 136.402586）、標高379.2m 2026-09-24確認 ｜ 公式情報: https://www.city.maibara.lg.jp/soshiki/keizai_kankyo/shoko_kanko/kanko_info/spot/3487.html",
    "verifiedAt": "2026-09-24"
   }
  },
  {
   "type": "Feature",
   "geometry": {
    "type": "Point",
    "coordinates": [
     135.968454,
     34.554449
    ]
   },
   "properties": {
    "id": "TH-gsi-isoha",
    "kind": "trailhead",
    "name": "十八神社（額井岳登山口）",
    "datum": "WGS84",
    "mountainIds": "645",
    "mountainNames": "額井岳",
    "lists": "関西百名山",
    "routes": "",
    "entryType": "登山記録で広く使われている登山口",
    "trailKmToSummit": "",
    "related": "BS-kP11-22-29-bs1270(1003m)",
    "attributes": "",
    "status": "provisional",
    "accuracyM": 300,
    "needsReview": "",
    "sources": "国土地理院ベクトルタイル提供実験 地理院地図の徒歩道が車道から始まる位置（34.554449, 135.968454）、標高539.4m。地理院地図の注記「榛原額井」から354m。地理院地図の徒歩道で山頂まで約0.7km 2026-09-24確認 ｜ 登山記録で広く使われている登山口（登山記録・登山情報サイトで名称と利用を確認。公式情報では未確認） 2026-09-24確認",
    "verifiedAt": ""
   }
  },
  {
   "type": "Feature",
   "geometry": {
    "type": "Point",
    "coordinates": [
     134.92073,
     35.411477
    ]
   },
   "properties": {
    "id": "TH-gsi-itoinokatsura",
    "kind": "trailhead",
    "name": "糸井の大カツラ（東床尾山登山口）",
    "datum": "WGS84",
    "mountainIds": "475",
    "mountainNames": "東床尾山",
    "lists": "関西百名山",
    "routes": "",
    "entryType": "登山記録で広く使われている登山口",
    "trailKmToSummit": "",
    "related": "",
    "attributes": "",
    "status": "provisional",
    "accuracyM": 200,
    "needsReview": "",
    "sources": "国土地理院ベクトルタイル提供実験 地理院地図の徒歩道が車道から始まる位置（35.411477, 134.920730）、標高428.6m。地理院地図の注記「糸井の大カツラ」から48m。地理院地図の徒歩道で山頂まで約2.1km 2026-09-24確認 ｜ 登山記録で広く使われている登山口（登山記録・登山情報サイトで名称と利用を確認。公式情報では未確認） 2026-09-24確認",
    "verifiedAt": ""
   }
  },
  {
   "type": "Feature",
   "geometry": {
    "type": "Point",
    "coordinates": [
     134.886125,
     35.130764
    ]
   },
   "properties": {
    "id": "TH-gsi-iwakura-sengamine",
    "kind": "trailhead",
    "name": "岩座神登山口（千ヶ峰）",
    "datum": "WGS84",
    "mountainIds": "571",
    "mountainNames": "千ヶ峰",
    "lists": "関西百名山",
    "routes": "岩座神コース",
    "entryType": "公式情報による登山口",
    "trailKmToSummit": "",
    "related": "",
    "attributes": "parking=岩座神公民館に駐車場・トイレ（多可町観光交流協会）",
    "status": "adopted",
    "accuracyM": 300,
    "needsReview": "登山口の正確な位置は公式情報では未確認",
    "sources": "国土地理院ベクトルタイル提供実験 地理院地図の徒歩道が車道から始まる位置（35.130764, 134.886125）、標高405.6m。地理院地図の注記「加美区岩座神」から243m。地理院地図の徒歩道で山頂まで約2.3km 2026-09-26確認 ｜ 公式情報: https://kanko.takacho.net/mountain/sengamine/",
    "verifiedAt": "2026-09-26"
   }
  },
  {
   "type": "Feature",
   "geometry": {
    "type": "Point",
    "coordinates": [
     136.223119,
     35.575293
    ]
   },
   "properties": {
    "id": "TH-gsi-kaminyu",
    "kind": "trailhead",
    "name": "上丹生登山口（七七頭ヶ岳）",
    "datum": "WGS84",
    "mountainIds": "429",
    "mountainNames": "七七頭ヶ岳",
    "lists": "関西百名山",
    "routes": "",
    "entryType": "登山記録で広く使われている登山口",
    "trailKmToSummit": "",
    "related": "",
    "attributes": "",
    "status": "provisional",
    "accuracyM": 300,
    "needsReview": "",
    "sources": "国土地理院ベクトルタイル提供実験 地理院地図の徒歩道が車道から始まる位置（35.575293, 136.223119）、標高186.3m。地理院地図の注記「摺墨川」から796m。地理院地図の徒歩道で山頂まで約1.6km 2026-09-24確認 ｜ 登山記録で広く使われている登山口（登山記録・登山情報サイトで名称と利用を確認。公式情報では未確認） 2026-09-24確認",
    "verifiedAt": ""
   }
  },
  {
   "type": "Feature",
   "geometry": {
    "type": "Point",
    "coordinates": [
     134.631459,
     35.443977
    ]
   },
   "properties": {
    "id": "TH-gsi-kanayama-toge",
    "kind": "trailhead",
    "name": "金山峠（蘇武岳登山口）",
    "datum": "WGS84",
    "mountainIds": "458",
    "mountainNames": "蘇武岳",
    "lists": "関西百名山",
    "routes": "",
    "entryType": "登山記録で広く使われている登山口",
    "trailKmToSummit": "",
    "related": "",
    "attributes": "",
    "status": "provisional",
    "accuracyM": 200,
    "needsReview": "",
    "sources": "国土地理院ベクトルタイル提供実験 地理院地図の徒歩道が車道から始まる位置（35.443977, 134.631459）、標高760.1m。地理院地図の注記「金山峠」から19m。地理院地図の徒歩道で山頂まで約3.5km 2026-09-26確認 ｜ 登山記録で広く使われている登山口（登山記録・登山情報サイトで名称と利用を確認。公式情報では未確認） 2026-09-24確認",
    "verifiedAt": ""
   }
  },
  {
   "type": "Feature",
   "geometry": {
    "type": "Point",
    "coordinates": [
     135.905723,
     35.213938
    ]
   },
   "properties": {
    "id": "TH-gsi-kitadaka",
    "kind": "trailhead",
    "name": "キタダカ道登山口（蓬莱山 びわ湖バレイ山麓駅）",
    "datum": "WGS84",
    "mountainIds": "544",
    "mountainNames": "蓬莱山",
    "lists": "日本三百名山|関西百名山",
    "routes": "",
    "entryType": "登山記録で広く使われている登山口",
    "trailKmToSummit": "",
    "related": "",
    "attributes": "",
    "status": "provisional",
    "accuracyM": 300,
    "needsReview": "",
    "sources": "国土地理院ベクトルタイル提供実験 地理院地図の徒歩道が車道から始まる位置（35.213938, 135.905723）、標高730.5m。地理院地図の注記「大津市」から190m。地理院地図の徒歩道で山頂まで約2.4km 2026-09-26確認 ｜ 登山記録で広く使われている登山口（登山記録・登山情報サイトで名称と利用を確認。公式情報では未確認） 2026-09-26確認",
    "verifiedAt": ""
   }
  },
  {
   "type": "Feature",
   "geometry": {
    "type": "Point",
    "coordinates": [
     135.90987,
     35.489005
    ]
   },
   "properties": {
    "id": "TH-gsi-kurami",
    "kind": "trailhead",
    "name": "倉見登山口（三十三間山）",
    "datum": "WGS84",
    "mountainIds": "450",
    "mountainNames": "三十三間山",
    "lists": "関西百名山",
    "routes": "",
    "entryType": "登山記録で広く使われている登山口",
    "trailKmToSummit": "",
    "related": "",
    "attributes": "",
    "status": "provisional",
    "accuracyM": 400,
    "needsReview": "",
    "sources": "国土地理院ベクトルタイル提供実験 地理院地図の徒歩道が車道から始まる位置（35.489005, 135.909870）、標高152.3m。地理院地図の注記「倉見」から681m。地理院地図の徒歩道で山頂まで約2.5km 2026-09-24確認 ｜ 登山記録で広く使われている登山口（登山記録・登山情報サイトで名称と利用を確認。公式情報では未確認） 2026-09-24確認",
    "verifiedAt": ""
   }
  },
  {
   "type": "Feature",
   "geometry": {
    "type": "Point",
    "coordinates": [
     136.359885,
     35.286024
    ]
   },
   "properties": {
    "id": "TH-gsi-kuregahata",
    "kind": "trailhead",
    "name": "榑ケ畑登山口（霊仙山）",
    "datum": "WGS84",
    "mountainIds": "518",
    "mountainNames": "霊仙山",
    "lists": "関西百名山|東海の百山",
    "routes": "榑ケ畑登山道",
    "entryType": "公式情報による登山口",
    "trailKmToSummit": "",
    "related": "",
    "attributes": "restriction=榑ケ畑林道で土砂崩れが発生したため、醒井養鱒場から先の榑ケ畑林道は歩行者を含め通行できない（米原市）; access=米原ICから駐車場まで車で約5分、JR醒ケ井駅から徒歩75分（米原市）",
    "status": "adopted",
    "accuracyM": 200,
    "needsReview": "登山口付近に駐車場はない。いぼとり公園駐車場（無料）や養鱒センターきたがわ（有料・要予約）を案内している（米原市）、山中にトイレはない。ドリーネ（穴）がいたるところにあり、登山道以外のルートは穴に転落の恐れがあり危険（米原市）、上丹生登山口からの谷山谷登山道と、河内登山口から四丁横崖までの河内登山道は通行できない（米原市）、入山前に米原市へ最新の状況を確認すること",
    "sources": "国土地理院ベクトルタイル提供実験 地理院地図の徒歩道が車道から始まる位置（35.286024, 136.359885）、標高401.9m。地理院地図の注記「榑ケ畑」から325m。地理院地図の徒歩道で山頂まで約4.6km 2026-09-24確認 ｜ 公式情報: https://www.city.maibara.lg.jp/soshiki/keizai_kankyo/shoko_kanko/kanko_info/spot/3487.html",
    "verifiedAt": "2026-09-24"
   }
  },
  {
   "type": "Feature",
   "geometry": {
    "type": "Point",
    "coordinates": [
     134.656618,
     35.489367
    ]
   },
   "properties": {
    "id": "TH-gsi-manba-sobu",
    "kind": "trailhead",
    "name": "万場登山口（蘇武岳）",
    "datum": "WGS84",
    "mountainIds": "458",
    "mountainNames": "蘇武岳",
    "lists": "関西百名山",
    "routes": "",
    "entryType": "登山記録で広く使われている登山口",
    "trailKmToSummit": "",
    "related": "",
    "attributes": "",
    "status": "provisional",
    "accuracyM": 300,
    "needsReview": "",
    "sources": "国土地理院ベクトルタイル提供実験 地理院地図の車道の終点で徒歩道が始まる位置（35.489367, 134.656618）、標高435m。地理院地図の注記「万場スキー場」から608m。地理院地図の徒歩道で山頂まで約3.6km 2026-09-26確認 ｜ 登山記録で広く使われている登山口（登山記録・登山情報サイトで名称と利用を確認。公式情報では未確認） 2026-09-24確認",
    "verifiedAt": ""
   }
  },
  {
   "type": "Feature",
   "geometry": {
    "type": "Point",
    "coordinates": [
     136.321401,
     35.012657
    ]
   },
   "properties": {
    "id": "TH-gsi-miyukibashi",
    "kind": "trailhead",
    "name": "御幸橋駐車場（綿向山 表参道コース）",
    "datum": "WGS84",
    "mountainIds": "604",
    "mountainNames": "綿向山",
    "lists": "東海の百山",
    "routes": "",
    "entryType": "登山記録で広く使われている登山口",
    "trailKmToSummit": "",
    "related": "PK-g3501266_1363214(0m) BS-kP11-22-25-bs2464(909m)",
    "attributes": "",
    "status": "provisional",
    "accuracyM": 400,
    "needsReview": "",
    "sources": "国土地理院ベクトルタイル提供実験 地理院地図の車道の終点で徒歩道が始まる位置（35.012657, 136.321401）、標高495.4m。地理院地図の注記「綿向山麓の接触変質地帯」から475m。地理院地図の徒歩道で山頂まで約2.6km 2026-09-24確認 ｜ 登山記録で広く使われている登山口（登山記録・登山情報サイトで名称と利用を確認。公式情報では未確認） 2026-09-24確認",
    "verifiedAt": ""
   }
  },
  {
   "type": "Feature",
   "geometry": {
    "type": "Point",
    "coordinates": [
     135.626398,
     35.046696
    ]
   },
   "properties": {
    "id": "TH-gsi-mizuo",
    "kind": "trailhead",
    "name": "水尾（愛宕山登山口）",
    "datum": "WGS84",
    "mountainIds": "593",
    "mountainNames": "愛宕山",
    "lists": "日本三百名山|関西百名山",
    "routes": "",
    "entryType": "登山記録で広く使われている登山口",
    "trailKmToSummit": "",
    "related": "",
    "attributes": "",
    "status": "provisional",
    "accuracyM": 300,
    "needsReview": "",
    "sources": "国土地理院ベクトルタイル提供実験 地理院地図の徒歩道が車道から始まる位置（35.046696, 135.626398）、標高305.6m。地理院地図の注記「嵯峨水尾宮ノ脇町」から62m。地理院地図の徒歩道で山頂まで約3.0km 2026-09-26確認 ｜ 登山記録で広く使われている登山口（登山記録・登山情報サイトで名称と利用を確認。公式情報では未確認） 2026-09-26確認",
    "verifiedAt": ""
   }
  },
  {
   "type": "Feature",
   "geometry": {
    "type": "Point",
    "coordinates": [
     135.792872,
     35.413086
    ]
   },
   "properties": {
    "id": "TH-gsi-negorozaka",
    "kind": "trailhead",
    "name": "根来坂登山口（上根来）",
    "datum": "WGS84",
    "mountainIds": "485",
    "mountainNames": "百里ヶ岳",
    "lists": "関西百名山",
    "routes": "",
    "entryType": "登山記録で広く使われている登山口",
    "trailKmToSummit": "",
    "related": "",
    "attributes": "",
    "status": "provisional",
    "accuracyM": 400,
    "needsReview": "",
    "sources": "国土地理院ベクトルタイル提供実験 地理院地図の徒歩道が車道から始まる位置（35.413086, 135.792872）、標高316.8m。地理院地図の注記「上根来」から172m。地理院地図の徒歩道で山頂まで約4.2km 2026-09-24確認 ｜ 登山記録で広く使われている登山口（登山記録・登山情報サイトで名称と利用を確認。公式情報では未確認） 2026-09-24確認",
    "verifiedAt": ""
   }
  },
  {
   "type": "Feature",
   "geometry": {
    "type": "Point",
    "coordinates": [
     134.535861,
     35.341301
    ]
   },
   "properties": {
    "id": "TH-gsi-odangenaru",
    "kind": "trailhead",
    "name": "大段ヶ平登山口",
    "datum": "WGS84",
    "mountainIds": "493",
    "mountainNames": "氷ノ山",
    "lists": "日本二百名山|日本三百名山|関西百名山|中国百名山",
    "routes": "大段ヶ平コース",
    "entryType": "公式情報による登山口",
    "trailKmToSummit": "",
    "related": "",
    "attributes": "course=大段ヶ平コースは2.8km、登り約1時間40分（大段ヶ平登山口→神大ヒュッテ→山頂）（氷ノ山登山マップ）; registration=入山届は最寄りの施設または登山届提出所へ。下山したら下山届（電話でも可）を出す（氷ノ山登山マップ）",
    "status": "adopted",
    "accuracyM": 50,
    "needsReview": "氷ノ山の登山コースは、若桜町の氷ノ越・仙谷・三ノ丸、宍粟市の殿下・坂の谷、養父市の氷ノ山越・東尾根・大段ヶ平。仙谷コースは上級者向けで下山には使えない（氷ノ山登山マップ）",
    "sources": "国土地理院ベクトルタイル提供実験 地理院地図の徒歩道が林道から始まる位置（35.341301, 134.535861）。国土地理院 地名検索「大段ヶ平」（35.340562, 134.537956、JGD2011、207m差）2026-09-22確認 ｜ 公式情報: https://www.pref.tottori.lg.jp/secure/973724/hyounosenmapJap.pdf",
    "verifiedAt": "2026-09-22"
   }
  },
  {
   "type": "Feature",
   "geometry": {
    "type": "Point",
    "coordinates": [
     135.111998,
     35.447897
    ]
   },
   "properties": {
    "id": "TH-gsi-onitake-inari",
    "kind": "trailhead",
    "name": "鬼嶽稲荷神社（大江山 千丈ヶ嶽）",
    "datum": "WGS84",
    "mountainIds": "462",
    "mountainNames": "大江山",
    "lists": "関西百名山",
    "routes": "",
    "entryType": "登山記録で広く使われている登山口",
    "trailKmToSummit": "",
    "related": "",
    "attributes": "",
    "status": "provisional",
    "accuracyM": 150,
    "needsReview": "",
    "sources": "国土地理院ベクトルタイル提供実験 地理院地図の注記「鬼嶽稲荷神社」の位置（35.447897, 135.111998） 2026-09-24確認 ｜ 登山記録で広く使われている登山口（登山記録・登山情報サイトで名称と利用を確認。公式情報では未確認） 2026-09-24確認",
    "verifiedAt": ""
   }
  },
  {
   "type": "Feature",
   "geometry": {
    "type": "Point",
    "coordinates": [
     136.197794,
     35.502151
    ]
   },
   "properties": {
    "id": "TH-gsi-oto-shizugatake",
    "kind": "trailhead",
    "name": "大音登山口（賤ヶ岳リフト山麓）",
    "datum": "WGS84",
    "mountainIds": "447",
    "mountainNames": "賤ヶ岳",
    "lists": "関西百名山|東海の百山",
    "routes": "",
    "entryType": "登山記録で広く使われている登山口",
    "trailKmToSummit": "",
    "related": "PK-w1204565277(17m) BS-kP11-22-25-bs65(313m) BS-kP11-22-25-bs67(893m) BS-kP11-22-25-bs62(896m)",
    "attributes": "",
    "status": "provisional",
    "accuracyM": 150,
    "needsReview": "",
    "sources": "国土地理院ベクトルタイル提供実験 地理院地図の徒歩道が車道から始まる位置（35.502151, 136.197794）、標高131.6m。地理院地図の注記「木之本町大音」から96m。地理院地図の徒歩道で山頂まで約0.9km 2026-09-24確認 ｜ 登山記録で広く使われている登山口（登山記録・登山情報サイトで名称と利用を確認。公式情報では未確認） 2026-09-24確認",
    "verifiedAt": ""
   }
  },
  {
   "type": "Feature",
   "geometry": {
    "type": "Point",
    "coordinates": [
     136.150421,
     34.497949
    ]
   },
   "properties": {
    "id": "TH-gsi-otoge-kogoyama",
    "kind": "trailhead",
    "name": "大峠（古光山登山口）",
    "datum": "WGS84",
    "mountainIds": "656",
    "mountainNames": "古光山",
    "lists": "関西百名山",
    "routes": "",
    "entryType": "登山記録で広く使われている登山口",
    "trailKmToSummit": "",
    "related": "",
    "attributes": "",
    "status": "provisional",
    "accuracyM": 300,
    "needsReview": "",
    "sources": "国土地理院ベクトルタイル提供実験 地理院地図の徒歩道が車道から始まる位置（34.497949, 136.150421）、標高727.3m。地理院地図の注記「みつえ高原牧場」から765m。地理院地図の徒歩道で山頂まで約0.9km 2026-09-26確認 ｜ 登山記録で広く使われている登山口（登山記録・登山情報サイトで名称と利用を確認。公式情報では未確認） 2026-09-24確認",
    "verifiedAt": ""
   }
  },
  {
   "type": "Feature",
   "geometry": {
    "type": "Point",
    "coordinates": [
     135.879529,
     34.478786
    ]
   },
   "properties": {
    "id": "TH-gsi-otowasan-kannonji",
    "kind": "trailhead",
    "name": "音羽山観音寺（音羽山登山口）",
    "datum": "WGS84",
    "mountainIds": "663",
    "mountainNames": "音羽山",
    "lists": "関西百名山",
    "routes": "",
    "entryType": "登山記録で広く使われている登山口",
    "trailKmToSummit": "",
    "related": "",
    "attributes": "",
    "status": "provisional",
    "accuracyM": 250,
    "needsReview": "",
    "sources": "国土地理院ベクトルタイル提供実験 地理院地図の徒歩道が車道から始まる位置（34.478786, 135.879529）、標高581.7m。地理院地図の注記「善法寺」から61m。地理院地図の徒歩道で山頂まで約0.9km 2026-09-24確認 ｜ 登山記録で広く使われている登山口（登山記録・登山情報サイトで名称と利用を確認。公式情報では未確認） 2026-09-24確認",
    "verifiedAt": ""
   }
  },
  {
   "type": "Feature",
   "geometry": {
    "type": "Point",
    "coordinates": [
     135.892408,
     34.426664
    ]
   },
   "properties": {
    "id": "TH-gsi-ryumon-yamaguchi",
    "kind": "trailhead",
    "name": "竜門岳登山口（吉野山口神社の奥）",
    "datum": "WGS84",
    "mountainIds": "670",
    "mountainNames": "竜門岳",
    "lists": "日本三百名山",
    "routes": "",
    "entryType": "登山記録で広く使われている登山口",
    "trailKmToSummit": "",
    "related": "",
    "attributes": "",
    "status": "provisional",
    "accuracyM": 300,
    "needsReview": "",
    "sources": "国土地理院ベクトルタイル提供実験 地理院地図の車道の終点で徒歩道が始まる位置（34.426664, 135.892408）。地理院地図の注記「大字山口」から482m。地理院地図の徒歩道で山頂まで約1.8km 2026-09-25確認 ｜ 登山記録で広く使われている登山口（登山記録・登山情報サイトで名称と利用を確認。公式情報では未確認） 2026-09-25確認",
    "verifiedAt": ""
   }
  },
  {
   "type": "Feature",
   "geometry": {
    "type": "Point",
    "coordinates": [
     135.408146,
     34.246051
    ]
   },
   "properties": {
    "id": "TH-gsi-ryumonzan-sugihara",
    "kind": "trailhead",
    "name": "龍門山登山口（杉原）",
    "datum": "WGS84",
    "mountainIds": "704",
    "mountainNames": "龍門山",
    "lists": "関西百名山",
    "routes": "",
    "entryType": "登山記録で広く使われている登山口",
    "trailKmToSummit": "",
    "related": "",
    "attributes": "",
    "status": "provisional",
    "accuracyM": 250,
    "needsReview": "",
    "sources": "国土地理院ベクトルタイル提供実験 地理院地図の徒歩道が車道から始まる位置（34.246051, 135.408146）、標高381.3m。地理院地図の注記「杉原」から731m。地理院地図の徒歩道で山頂まで約1.3km 2026-09-24確認 ｜ 登山記録で広く使われている登山口（登山記録・登山情報サイトで名称と利用を確認。公式情報では未確認） 2026-09-24確認",
    "verifiedAt": ""
   }
  },
  {
   "type": "Feature",
   "geometry": {
    "type": "Point",
    "coordinates": [
     135.8549,
     34.531344
    ]
   },
   "properties": {
    "id": "TH-gsi-saijinja",
    "kind": "trailhead",
    "name": "狭井神社（三輪山登拝の受付）",
    "datum": "WGS84",
    "mountainIds": "649",
    "mountainNames": "三輪山",
    "lists": "関西百名山",
    "routes": "三輪山登拝",
    "entryType": "公式情報による登山口",
    "trailKmToSummit": "",
    "related": "PK-w690599817(306m) PK-w1124410592(457m) PK-g3452898_135843(1122m) BS-kP11-22-29-bs1393(523m) BS-kP11-22-29-bs1397(883m)",
    "attributes": "restriction=登拝には摂社「狭井神社」での受付が必要。受付時間と下山報告の時刻は季節によって変わる（大神神社）",
    "status": "adopted",
    "accuracyM": 150,
    "needsReview": "1月1日〜8日、2月17日、4月9日、4月18日、10月24日、11月23日、大祭日、荒天時などは登拝できない（大神神社）、体調不良の方や小さいお子様を連れた方、おおむね10名を超える団体の登拝は遠慮するよう求めている（大神神社）、マダニ・虻対策として服装等の対策を充分にして入山すること（大神神社）、登拝口の正確な位置は公式情報では未確認",
    "sources": "国土地理院ベクトルタイル提供実験 地理院地図の車道の終点で徒歩道が始まる位置（34.531344, 135.854900）、標高122.5m。地理院地図の注記「大神神社」から331m。地理院地図の徒歩道で山頂まで約1.2km 2026-09-24確認 ｜ 公式情報: https://oomiwa.or.jp/jinja/miwayama/tohai/",
    "verifiedAt": "2026-09-24"
   }
  },
  {
   "type": "Feature",
   "geometry": {
    "type": "Point",
    "coordinates": [
     134.707072,
     35.006047
    ]
   },
   "properties": {
    "id": "TH-gsi-sakumonji",
    "kind": "trailhead",
    "name": "作門寺山門前駐車場（七種山登山口）",
    "datum": "WGS84",
    "mountainIds": "603",
    "mountainNames": "七種山",
    "lists": "関西百名山",
    "routes": "",
    "entryType": "公式情報による登山口",
    "trailKmToSummit": "",
    "related": "",
    "attributes": "parking=作門寺山門前駐車場 5台、トイレあり（福崎町観光協会）; course=作門寺山門前駐車場（35分）七種の滝（40分）七種山山頂（福崎町観光協会・福崎町の山）",
    "status": "adopted",
    "accuracyM": 150,
    "needsReview": "登山道には作門寺山門前以外にトイレはない（福崎町観光協会）",
    "sources": "福崎町観光協会「七種山登山マップ」の作門寺山門前駐車場の位置を、地図の七種山山頂と里山公園なぐさの森の位置から求めたもの（35.006047, 134.707072）、標高231.3m（国土地理院 標高API）。地理院地図の注記「七種川」から124m 2026-09-26確認 ｜ 公式情報: https://fukusakikankou.jp/wp-content/uploads/2024/04/%E4%B8%83%E7%A8%AE%E5%B1%B1%E7%99%BB%E5%B1%B1%E3%83%9E%E3%83%83%E3%83%97.pdf ｜ 公式情報: https://fukusaki-mountain.com/hiking-trail/4286/",
    "verifiedAt": "2026-09-26"
   }
  },
  {
   "type": "Feature",
   "geometry": {
    "type": "Point",
    "coordinates": [
     135.872163,
     34.098186
    ]
   },
   "properties": {
    "id": "TH-gsi-shaka-tao",
    "kind": "trailhead",
    "name": "太尾登山口（釈迦ヶ岳）",
    "datum": "WGS84",
    "mountainIds": "722",
    "mountainNames": "釈迦ヶ岳",
    "lists": "日本二百名山|日本三百名山|関西百名山",
    "routes": "",
    "entryType": "登山記録で広く使われている登山口",
    "trailKmToSummit": "",
    "related": "",
    "attributes": "",
    "status": "provisional",
    "accuracyM": 300,
    "needsReview": "",
    "sources": "国土地理院ベクトルタイル提供実験 地理院地図の徒歩道が車道から始まる位置（34.098186, 135.872163）、標高1,304.7m。地理院地図の徒歩道で山頂まで約4.1km 2026-09-26確認 ｜ 登山記録で広く使われている登山口（登山記録・登山情報サイトで名称と利用を確認。公式情報では未確認） 2026-09-26確認",
    "verifiedAt": ""
   }
  },
  {
   "type": "Feature",
   "geometry": {
    "type": "Point",
    "coordinates": [
     135.140263,
     35.043551
    ]
   },
   "properties": {
    "id": "TH-gsi-shiragadake-sumiyama",
    "kind": "trailhead",
    "name": "白髪岳登山口（住山）",
    "datum": "WGS84",
    "mountainIds": "600",
    "mountainNames": "白髪岳",
    "lists": "関西百名山",
    "routes": "",
    "entryType": "登山記録で広く使われている登山口",
    "trailKmToSummit": "",
    "related": "",
    "attributes": "",
    "status": "provisional",
    "accuracyM": 300,
    "needsReview": "",
    "sources": "国土地理院ベクトルタイル提供実験 地理院地図の徒歩道が車道から始まる位置（35.043551, 135.140263）、標高389.8m。地理院地図の注記「松尾山」から676m。地理院地図の徒歩道で山頂まで約1.0km 2026-09-24確認 ｜ 登山記録で広く使われている登山口（登山記録・登山情報サイトで名称と利用を確認。公式情報では未確認） 2026-09-24確認",
    "verifiedAt": ""
   }
  },
  {
   "type": "Feature",
   "geometry": {
    "type": "Point",
    "coordinates": [
     136.229004,
     35.593761
    ]
   },
   "properties": {
    "id": "TH-gsi-suganami",
    "kind": "trailhead",
    "name": "菅並登山口（七七頭ヶ岳）",
    "datum": "WGS84",
    "mountainIds": "429",
    "mountainNames": "七七頭ヶ岳",
    "lists": "関西百名山",
    "routes": "",
    "entryType": "登山記録で広く使われている登山口",
    "trailKmToSummit": "",
    "related": "BS-kP11-22-25-bs5(150m) BS-kP11-22-25-bs6(382m) BS-kP11-22-25-bs4(533m)",
    "attributes": "",
    "status": "provisional",
    "accuracyM": 250,
    "needsReview": "",
    "sources": "国土地理院ベクトルタイル提供実験 地理院地図の徒歩道が車道から始まる位置（35.593761, 136.229004）、標高210m。地理院地図の注記「余呉町菅並」から355m。地理院地図の徒歩道で山頂まで約1.7km 2026-09-24確認 ｜ 登山記録で広く使われている登山口（登山記録・登山情報サイトで名称と利用を確認。公式情報では未確認） 2026-09-24確認",
    "verifiedAt": ""
   }
  },
  {
   "type": "Feature",
   "geometry": {
    "type": "Point",
    "coordinates": [
     135.859396,
     35.198308
    ]
   },
   "properties": {
    "id": "TH-gsi-taira-minako",
    "kind": "trailhead",
    "name": "平登山口（皆子山）",
    "datum": "WGS84",
    "mountainIds": "547",
    "mountainNames": "皆子山",
    "lists": "関西百名山",
    "routes": "",
    "entryType": "登山記録で広く使われている登山口",
    "trailKmToSummit": "",
    "related": "BS-kP11-22-25-bs862(154m) BS-kP11-22-25-bs863(154m)",
    "attributes": "",
    "status": "provisional",
    "accuracyM": 200,
    "needsReview": "",
    "sources": "国土地理院ベクトルタイル提供実験 地理院地図の徒歩道が車道から始まる位置（35.198308, 135.859396）、標高469.4m。地理院地図の徒歩道で山頂まで約2.7km 2026-09-24確認 ｜ 登山記録で広く使われている登山口（登山記録・登山情報サイトで名称と利用を確認。公式情報では未確認） 2026-09-24確認",
    "verifiedAt": ""
   }
  },
  {
   "type": "Feature",
   "geometry": {
    "type": "Point",
    "coordinates": [
     135.648445,
     35.06369
    ]
   },
   "properties": {
    "id": "TH-gsi-tsukinowa",
    "kind": "trailhead",
    "name": "月輪寺登山口（愛宕山）",
    "datum": "WGS84",
    "mountainIds": "593",
    "mountainNames": "愛宕山",
    "lists": "日本三百名山|関西百名山",
    "routes": "",
    "entryType": "登山記録で広く使われている登山口",
    "trailKmToSummit": "",
    "related": "",
    "attributes": "",
    "status": "provisional",
    "accuracyM": 400,
    "needsReview": "",
    "sources": "国土地理院ベクトルタイル提供実験 地理院地図の車道の終点で徒歩道が始まる位置（35.063690, 135.648445）、標高374.3m。地理院地図の注記「嵯峨清滝北谷町」から319m。地理院地図の徒歩道で山頂まで約2.9km 2026-09-26確認 ｜ 登山記録で広く使われている登山口（登山記録・登山情報サイトで名称と利用を確認。公式情報では未確認） 2026-09-26確認",
    "verifiedAt": ""
   }
  },
  {
   "type": "Feature",
   "geometry": {
    "type": "Point",
    "coordinates": [
     134.495648,
     35.358606
    ]
   },
   "properties": {
    "id": "TH-gsi-wakasa-camp",
    "kind": "trailhead",
    "name": "わかさ氷ノ山キャンプ場登山口（氷ノ山）",
    "datum": "WGS84",
    "mountainIds": "493",
    "mountainNames": "氷ノ山",
    "lists": "日本二百名山|日本三百名山|関西百名山|中国百名山",
    "routes": "",
    "entryType": "登山記録で広く使われている登山口",
    "trailKmToSummit": "",
    "related": "",
    "attributes": "",
    "status": "provisional",
    "accuracyM": 300,
    "needsReview": "",
    "sources": "国土地理院ベクトルタイル提供実験 地理院地図の徒歩道が車道から始まる位置（35.358606, 134.495648）、標高924.6m。地理院地図の注記「大字舂米」から741m。地理院地図の徒歩道で山頂まで約3.1km 2026-09-26確認 ｜ 登山記録で広く使われている登山口（登山記録・登山情報サイトで名称と利用を確認。公式情報では未確認） 2026-09-26確認",
    "verifiedAt": ""
   }
  },
  {
   "type": "Feature",
   "geometry": {
    "type": "Point",
    "coordinates": [
     135.123285,
     35.726887
    ]
   },
   "properties": {
    "id": "TH-gsi-yabata",
    "kind": "trailhead",
    "name": "依遅ヶ尾山登山口（矢畑）",
    "datum": "WGS84",
    "mountainIds": "401",
    "mountainNames": "依遅ヶ尾山",
    "lists": "関西百名山",
    "routes": "",
    "entryType": "登山記録で広く使われている登山口",
    "trailKmToSummit": "",
    "related": "",
    "attributes": "",
    "status": "provisional",
    "accuracyM": 300,
    "needsReview": "",
    "sources": "国土地理院ベクトルタイル提供実験 地理院地図の車道の終点で徒歩道が始まる位置（35.726887, 135.123285）、標高148.5m。地理院地図の注記「丹後町矢畑」から116m 2026-09-24確認 ｜ 登山記録で広く使われている登山口（登山記録・登山情報サイトで名称と利用を確認。公式情報では未確認） 2026-09-24確認",
    "verifiedAt": ""
   }
  },
  {
   "type": "Feature",
   "geometry": {
    "type": "Point",
    "coordinates": [
     135.891486,
     35.191776
    ]
   },
   "properties": {
    "id": "TH-gsi-yakushinotaki",
    "kind": "trailhead",
    "name": "薬師ノ滝登山口（蓬莱山 小女郎峠コース）",
    "datum": "WGS84",
    "mountainIds": "544",
    "mountainNames": "蓬莱山",
    "lists": "日本三百名山|関西百名山",
    "routes": "",
    "entryType": "登山記録で広く使われている登山口",
    "trailKmToSummit": "",
    "related": "",
    "attributes": "",
    "status": "provisional",
    "accuracyM": 400,
    "needsReview": "",
    "sources": "国土地理院ベクトルタイル提供実験 地理院地図の徒歩道が車道から始まる位置（35.191776, 135.891486）、標高458m。地理院地図の注記「薬師ノ滝」から234m。地理院地図の徒歩道で山頂まで約2.8km 2026-09-26確認 ｜ 登山記録で広く使われている登山口（登山記録・登山情報サイトで名称と利用を確認。公式情報では未確認） 2026-09-26確認",
    "verifiedAt": ""
   }
  },
  {
   "type": "Feature",
   "geometry": {
    "type": "Point",
    "coordinates": [
     136.4413276,
     35.2643582
    ]
   },
   "properties": {
    "id": "TH-kP11-22-21-bs6237",
    "kind": "trailhead",
    "name": "西山コミュニティ前",
    "datum": "WGS84",
    "mountainIds": "518",
    "mountainNames": "霊仙山",
    "lists": "関西百名山|東海の百山",
    "routes": "",
    "entryType": "駐車場・バス停（林道・車道を経由して登山道へ）",
    "trailKmToSummit": "霊仙山:10.39km",
    "related": "BS-kP11-22-21-bs6237(0m) BS-kP11-22-21-bs6256(813m)",
    "attributes": "",
    "status": "provisional",
    "accuracyM": 15,
    "needsReview": "林道からの入口（マイカー進入可否を要確認）、公式情報または2情報源での確認が必要",
    "sources": "国土数値情報（バス停留所データ）令和4年度（国土交通省）P11-22-21-bs6237（JGD2011）を加工して作成 ｜ OpenStreetMap（© OpenStreetMap contributors, ODbL 1.0）Geofabrik japan-latest.osm.pbf 2026-09-23T20:22:04Z node/1287808991（登山道と道路の接続点）",
    "verifiedAt": ""
   }
  },
  {
   "type": "Feature",
   "geometry": {
    "type": "Point",
    "coordinates": [
     136.4601827,
     35.018255
    ]
   },
   "properties": {
    "id": "TH-kP11-22-24-bs636",
    "kind": "trailhead",
    "name": "栃谷",
    "datum": "WGS84",
    "mountainIds": "585 589 595 601 602 607 609 611",
    "mountainNames": "三池岳、釈迦ヶ岳、尾高山、雨乞岳、御在所岳、鎌ヶ岳、入道ヶ岳、宮指路岳",
    "lists": "東海の百山|日本二百名山|日本三百名山|関西百名山",
    "routes": "OSM登山道「東海自然歩道」",
    "entryType": "駐車場・バス停（林道・車道を経由して登山道へ）",
    "trailKmToSummit": "三池岳:15.3km 釈迦ヶ岳:12.09km 尾高山:15.09km 雨乞岳:11.69km 御在所岳:7.16km 鎌ヶ岳:10.01km 入道ヶ岳:15.19km 宮指路岳:15.67km",
    "related": "BS-kP11-22-24-bs636(0m) BS-kP11-22-24-bs638(278m) BS-kP11-22-24-bs645(451m)",
    "attributes": "",
    "status": "provisional",
    "accuracyM": 15,
    "needsReview": "近くの道路にゲートあり（車両通行止め・季節閉鎖の可能性）、林道からの入口（マイカー進入可否を要確認）、公式情報または2情報源での確認が必要",
    "sources": "国土数値情報（バス停留所データ）令和4年度（国土交通省）P11-22-24-bs636（JGD2011）を加工して作成 ｜ OpenStreetMap（© OpenStreetMap contributors, ODbL 1.0）Geofabrik japan-latest.osm.pbf 2026-09-23T20:22:04Z node/13533635563（登山道と道路の接続点）",
    "verifiedAt": ""
   }
  },
  {
   "type": "Feature",
   "geometry": {
    "type": "Point",
    "coordinates": [
     136.2594795,
     35.5626433
    ]
   },
   "properties": {
    "id": "TH-kP11-22-25-bs18",
    "kind": "trailhead",
    "name": "杉野農協前",
    "datum": "WGS84",
    "mountainIds": "425",
    "mountainNames": "横山岳",
    "lists": "関西百名山",
    "routes": "",
    "entryType": "駐車場・バス停（林道・車道を経由して登山道へ）",
    "trailKmToSummit": "横山岳:5.32km",
    "related": "PK-w1314848816(25m) BS-kP11-22-25-bs18(0m) BS-kP11-22-25-bs16(280m) BS-kP11-22-25-bs21(908m)",
    "attributes": "",
    "status": "provisional",
    "accuracyM": 15,
    "needsReview": "林道からの入口（マイカー進入可否を要確認）、公式情報または2情報源での確認が必要",
    "sources": "国土数値情報（バス停留所データ）令和4年度（国土交通省）P11-22-25-bs18（JGD2011）を加工して作成 ｜ OpenStreetMap（© OpenStreetMap contributors, ODbL 1.0）Geofabrik japan-latest.osm.pbf 2026-09-23T20:22:04Z node/12169870404（登山道と道路の接続点）",
    "verifiedAt": ""
   }
  },
  {
   "type": "Feature",
   "geometry": {
    "type": "Point",
    "coordinates": [
     135.8386275,
     35.3952853
    ]
   },
   "properties": {
    "id": "TH-kP11-22-25-bs274",
    "kind": "trailhead",
    "name": "木地山（百里ヶ岳 木地山峠経由）",
    "datum": "WGS84",
    "mountainIds": "485",
    "mountainNames": "百里ヶ岳",
    "lists": "関西百名山",
    "routes": "",
    "entryType": "駐車場・バス停（林道・車道を経由して登山道へ）",
    "trailKmToSummit": "百里ヶ岳:4.39km",
    "related": "BS-kP11-22-25-bs274(0m)",
    "attributes": "",
    "status": "provisional",
    "accuracyM": 15,
    "needsReview": "林道からの入口（マイカー進入可否を要確認）、公式情報または2情報源での確認が必要",
    "sources": "国土数値情報（バス停留所データ）令和4年度（国土交通省）P11-22-25-bs274（JGD2011）を加工して作成 ｜ OpenStreetMap（© OpenStreetMap contributors, ODbL 1.0）Geofabrik japan-latest.osm.pbf 2026-09-23T20:22:04Z node/1383095949（登山道と道路の接続点） ｜ 登山記録で広く使われている登山口（登山記録・登山情報サイトで名称と利用を確認。公式情報では未確認） 2026-09-24確認",
    "verifiedAt": ""
   }
  },
  {
   "type": "Feature",
   "geometry": {
    "type": "Point",
    "coordinates": [
     136.2100564,
     35.530627
    ]
   },
   "properties": {
    "id": "TH-kP11-22-25-bs42",
    "kind": "trailhead",
    "name": "下余呉南",
    "datum": "WGS84",
    "mountainIds": "447",
    "mountainNames": "賤ヶ岳",
    "lists": "関西百名山|東海の百山",
    "routes": "",
    "entryType": "駐車場・バス停（林道・車道を経由して登山道へ）",
    "trailKmToSummit": "賤ヶ岳:3.81km",
    "related": "BS-kP11-22-25-bs42(0m) BS-kP11-22-25-bs39(366m) BS-kP11-22-25-bs44(651m)",
    "attributes": "",
    "status": "provisional",
    "accuracyM": 15,
    "needsReview": "林道からの入口（マイカー進入可否を要確認）、公式情報または2情報源での確認が必要",
    "sources": "国土数値情報（バス停留所データ）令和4年度（国土交通省）P11-22-25-bs42（JGD2011）を加工して作成 ｜ OpenStreetMap（© OpenStreetMap contributors, ODbL 1.0）Geofabrik japan-latest.osm.pbf 2026-09-23T20:22:04Z node/1686916643（登山道と道路の接続点）",
    "verifiedAt": ""
   }
  },
  {
   "type": "Feature",
   "geometry": {
    "type": "Point",
    "coordinates": [
     135.896839,
     35.3212201
    ]
   },
   "properties": {
    "id": "TH-kP11-22-25-bs578",
    "kind": "trailhead",
    "name": "朽木大野",
    "datum": "WGS84",
    "mountainIds": "509 522",
    "mountainNames": "蛇谷ヶ峰、武奈ヶ岳",
    "lists": "関西百名山|日本二百名山|日本三百名山",
    "routes": "",
    "entryType": "駐車場・バス停（林道・車道を経由して登山道へ）",
    "trailKmToSummit": "蛇谷ヶ峰:3.21km 武奈ヶ岳:11.76km",
    "related": "BS-kP11-22-25-bs578(0m) BS-kP11-22-25-bs579(0m) BS-kP11-22-25-bs561(574m)",
    "attributes": "",
    "status": "provisional",
    "accuracyM": 15,
    "needsReview": "林道からの入口（マイカー進入可否を要確認）、公式情報または2情報源での確認が必要",
    "sources": "国土数値情報（バス停留所データ）令和4年度（国土交通省）P11-22-25-bs578（JGD2011）を加工して作成 ｜ OpenStreetMap（© OpenStreetMap contributors, ODbL 1.0）Geofabrik japan-latest.osm.pbf 2026-09-23T20:22:04Z node/1384631669（登山道と道路の接続点）",
    "verifiedAt": ""
   }
  },
  {
   "type": "Feature",
   "geometry": {
    "type": "Point",
    "coordinates": [
     135.8610427,
     35.1979913
    ]
   },
   "properties": {
    "id": "TH-kP11-22-25-bs862",
    "kind": "trailhead",
    "name": "平",
    "datum": "WGS84",
    "mountainIds": "522 544 547",
    "mountainNames": "武奈ヶ岳、蓬莱山、皆子山",
    "lists": "日本二百名山|日本三百名山|関西百名山",
    "routes": "",
    "entryType": "駐車場・バス停（林道・車道を経由して登山道へ）",
    "trailKmToSummit": "武奈ヶ岳:13.72km 蓬莱山:5.2km 皆子山:2.73km",
    "related": "BS-kP11-22-25-bs862(0m) BS-kP11-22-25-bs863(0m)",
    "attributes": "",
    "status": "provisional",
    "accuracyM": 15,
    "needsReview": "近くの道路にゲートあり（車両通行止め・季節閉鎖の可能性）、林道からの入口（マイカー進入可否を要確認）、公式情報または2情報源での確認が必要",
    "sources": "国土数値情報（バス停留所データ）令和4年度（国土交通省）P11-22-25-bs862（JGD2011）を加工して作成 ｜ OpenStreetMap（© OpenStreetMap contributors, ODbL 1.0）Geofabrik japan-latest.osm.pbf 2026-09-23T20:22:04Z node/3949881294（登山道と道路の接続点）",
    "verifiedAt": ""
   }
  },
  {
   "type": "Feature",
   "geometry": {
    "type": "Point",
    "coordinates": [
     135.8783868,
     35.1606542
    ]
   },
   "properties": {
    "id": "TH-kP11-22-25-bs944",
    "kind": "trailhead",
    "name": "上龍華",
    "datum": "WGS84",
    "mountainIds": "544",
    "mountainNames": "蓬莱山",
    "lists": "日本三百名山|関西百名山",
    "routes": "",
    "entryType": "駐車場・バス停（林道・車道を経由して登山道へ）",
    "trailKmToSummit": "蓬莱山:7.76km",
    "related": "BS-kP11-22-25-bs944(0m) BS-kP11-22-25-bs962(591m) BS-kP11-22-25-bs953(867m)",
    "attributes": "",
    "status": "provisional",
    "accuracyM": 15,
    "needsReview": "林道からの入口（マイカー進入可否を要確認）、公式情報または2情報源での確認が必要",
    "sources": "国土数値情報（バス停留所データ）令和4年度（国土交通省）P11-22-25-bs944（JGD2011）を加工して作成 ｜ OpenStreetMap（© OpenStreetMap contributors, ODbL 1.0）Geofabrik japan-latest.osm.pbf 2026-09-23T20:22:04Z node/971410227（登山道と道路の接続点）",
    "verifiedAt": ""
   }
  },
  {
   "type": "Feature",
   "geometry": {
    "type": "Point",
    "coordinates": [
     135.5223043,
     34.3789841
    ]
   },
   "properties": {
    "id": "TH-kP11-22-27-bs5347",
    "kind": "trailhead",
    "name": "滝畑ダム",
    "datum": "WGS84",
    "mountainIds": "681",
    "mountainNames": "岩湧山",
    "lists": "関西百名山",
    "routes": "OSM登山道「ダイヤモンドトレール」",
    "entryType": "駐車場・バス停（林道・車道を経由して登山道へ）",
    "trailKmToSummit": "岩湧山:3.99km",
    "related": "PK-w751249008(298m) BS-kP11-22-27-bs5347(0m) BS-kP11-22-27-bs5348(0m) BS-kP11-22-27-bs5325(617m)",
    "attributes": "",
    "status": "provisional",
    "accuracyM": 15,
    "needsReview": "林道からの入口（マイカー進入可否を要確認）、公式情報または2情報源での確認が必要",
    "sources": "国土数値情報（バス停留所データ）令和4年度（国土交通省）P11-22-27-bs5347（JGD2011）を加工して作成 ｜ OpenStreetMap（© OpenStreetMap contributors, ODbL 1.0）Geofabrik japan-latest.osm.pbf 2026-09-23T20:22:04Z node/1576726350（登山道と道路の接続点）",
    "verifiedAt": ""
   }
  },
  {
   "type": "Feature",
   "geometry": {
    "type": "Point",
    "coordinates": [
     135.2253646,
     35.134532
    ]
   },
   "properties": {
    "id": "TH-kP11-22-28-bs1800",
    "kind": "trailhead",
    "name": "栗柄奥",
    "datum": "WGS84",
    "mountainIds": "576",
    "mountainNames": "三嶽",
    "lists": "関西百名山",
    "routes": "",
    "entryType": "駐車場・バス停（林道・車道を経由して登山道へ）",
    "trailKmToSummit": "三嶽:2.28km",
    "related": "BS-kP11-22-28-bs1800(0m) BS-kP11-22-28-bs1801(370m) BS-kP11-22-28-bs1819(924m)",
    "attributes": "",
    "status": "provisional",
    "accuracyM": 15,
    "needsReview": "公式情報または2情報源での確認が必要",
    "sources": "国土数値情報（バス停留所データ）令和4年度（国土交通省）P11-22-28-bs1800（JGD2011）を加工して作成 ｜ OpenStreetMap（© OpenStreetMap contributors, ODbL 1.0）Geofabrik japan-latest.osm.pbf 2026-09-23T20:22:04Z node/2023997998（登山道と道路の接続点）",
    "verifiedAt": ""
   }
  },
  {
   "type": "Feature",
   "geometry": {
    "type": "Point",
    "coordinates": [
     135.1414414,
     35.0626024
    ]
   },
   "properties": {
    "id": "TH-kP11-22-28-bs2384",
    "kind": "trailhead",
    "name": "味間奥中",
    "datum": "WGS84",
    "mountainIds": "600",
    "mountainNames": "白髪岳",
    "lists": "関西百名山",
    "routes": "",
    "entryType": "駐車場・バス停（林道・車道を経由して登山道へ）",
    "trailKmToSummit": "白髪岳:2.72km",
    "related": "BS-kP11-22-28-bs2384(0m) BS-kP11-22-28-bs2389(507m) BS-kP11-22-28-bs2367(652m)",
    "attributes": "",
    "status": "provisional",
    "accuracyM": 15,
    "needsReview": "林道からの入口（マイカー進入可否を要確認）、公式情報または2情報源での確認が必要",
    "sources": "国土数値情報（バス停留所データ）令和4年度（国土交通省）P11-22-28-bs2384（JGD2011）を加工して作成 ｜ OpenStreetMap（© OpenStreetMap contributors, ODbL 1.0）Geofabrik japan-latest.osm.pbf 2026-09-23T20:22:04Z node/2023951661（登山道と道路の接続点）",
    "verifiedAt": ""
   }
  },
  {
   "type": "Feature",
   "geometry": {
    "type": "Point",
    "coordinates": [
     135.0989325,
     34.8125814
    ]
   },
   "properties": {
    "id": "TH-kP11-22-28-bs5568",
    "kind": "trailhead",
    "name": "淡河本町南",
    "datum": "WGS84",
    "mountainIds": "627",
    "mountainNames": "帝釈山",
    "lists": "関西百名山",
    "routes": "",
    "entryType": "駐車場・バス停（林道・車道を経由して登山道へ）",
    "trailKmToSummit": "帝釈山:3.69km",
    "related": "BS-kP11-22-28-bs5568(0m) BS-kP11-22-28-bs5537(144m) BS-kP11-22-28-bs5523(225m)",
    "attributes": "",
    "status": "provisional",
    "accuracyM": 15,
    "needsReview": "林道からの入口（マイカー進入可否を要確認）、公式情報または2情報源での確認が必要",
    "sources": "国土数値情報（バス停留所データ）令和4年度（国土交通省）P11-22-28-bs5568（JGD2011）を加工して作成 ｜ OpenStreetMap（© OpenStreetMap contributors, ODbL 1.0）Geofabrik japan-latest.osm.pbf 2026-09-23T20:22:04Z node/1842674770（登山道と道路の接続点）",
    "verifiedAt": ""
   }
  },
  {
   "type": "Feature",
   "geometry": {
    "type": "Point",
    "coordinates": [
     134.7775464,
     34.8069739
    ]
   },
   "properties": {
    "id": "TH-kP11-22-28-bs5722",
    "kind": "trailhead",
    "name": "鹿島神社",
    "datum": "WGS84",
    "mountainIds": "624",
    "mountainNames": "高御位山",
    "lists": "関西百名山",
    "routes": "",
    "entryType": "駐車場・バス停（林道・車道を経由して登山道へ）",
    "trailKmToSummit": "高御位山:2.53km",
    "related": "PK-n2604549387(39m) PK-n2604549382(43m) PK-w1124722863(45m) BS-kP11-22-28-bs5722(0m) BS-n11134002585(301m) BS-n11128964322(303m)",
    "attributes": "",
    "status": "provisional",
    "accuracyM": 15,
    "needsReview": "近くの道路にゲートあり（車両通行止め・季節閉鎖の可能性）、公式情報または2情報源での確認が必要",
    "sources": "国土数値情報（バス停留所データ）令和4年度（国土交通省）P11-22-28-bs5722（JGD2011）を加工して作成 ｜ OpenStreetMap（© OpenStreetMap contributors, ODbL 1.0）Geofabrik japan-latest.osm.pbf 2026-09-23T20:22:04Z node/1342300261（登山道と道路の接続点）",
    "verifiedAt": ""
   }
  },
  {
   "type": "Feature",
   "geometry": {
    "type": "Point",
    "coordinates": [
     135.2086562,
     34.7519374
    ]
   },
   "properties": {
    "id": "TH-kP11-22-28-bs7073",
    "kind": "trailhead",
    "name": "六甲山牧場",
    "datum": "WGS84",
    "mountainIds": "633",
    "mountainNames": "摩耶山",
    "lists": "関西百名山",
    "routes": "",
    "entryType": "駐車場・バス停（林道・車道を経由して登山道へ）",
    "trailKmToSummit": "摩耶山:3.94km",
    "related": "PK-w1488906578(84m) PK-w822811696(139m) PK-w822811695(182m) BS-kP11-22-28-bs7073(0m) BS-kP11-22-28-bs7073(0m) BS-kP11-22-28-bs7073(0m)",
    "attributes": "",
    "status": "provisional",
    "accuracyM": 15,
    "needsReview": "近くの道路にゲートあり（車両通行止め・季節閉鎖の可能性）、公式情報または2情報源での確認が必要",
    "sources": "国土数値情報（バス停留所データ）令和4年度（国土交通省）P11-22-28-bs7073（JGD2011）を加工して作成 ｜ OpenStreetMap（© OpenStreetMap contributors, ODbL 1.0）Geofabrik japan-latest.osm.pbf 2026-09-23T20:22:04Z node/1842364171（登山道と道路の接続点）",
    "verifiedAt": ""
   }
  },
  {
   "type": "Feature",
   "geometry": {
    "type": "Point",
    "coordinates": [
     135.6672559,
     34.5456876
    ]
   },
   "properties": {
    "id": "TH-kP11-22-29-bs1283",
    "kind": "trailhead",
    "name": "晴実台",
    "datum": "WGS84",
    "mountainIds": "653",
    "mountainNames": "二上山",
    "lists": "関西百名山",
    "routes": "",
    "entryType": "駐車場・バス停（林道・車道を経由して登山道へ）",
    "trailKmToSummit": "二上山:3.38km",
    "related": "PK-w454304211(327m) PK-w1133649948(464m) PK-w1133649930(486m) BS-kP11-22-29-bs1283(0m) BS-kP11-22-29-bs1291(546m) BS-kP11-22-29-bs1230(843m)",
    "attributes": "",
    "status": "provisional",
    "accuracyM": 15,
    "needsReview": "公式情報または2情報源での確認が必要",
    "sources": "国土数値情報（バス停留所データ）令和4年度（国土交通省）P11-22-29-bs1283（JGD2011）を加工して作成 ｜ OpenStreetMap（© OpenStreetMap contributors, ODbL 1.0）Geofabrik japan-latest.osm.pbf 2026-09-23T20:22:04Z node/1769518895（登山道と道路の接続点）",
    "verifiedAt": ""
   }
  },
  {
   "type": "Feature",
   "geometry": {
    "type": "Point",
    "coordinates": [
     135.6872771,
     34.5396066
    ]
   },
   "properties": {
    "id": "TH-kP11-22-29-bs1327",
    "kind": "trailhead",
    "name": "二上小学校前",
    "datum": "WGS84",
    "mountainIds": "653",
    "mountainNames": "二上山",
    "lists": "関西百名山",
    "routes": "",
    "entryType": "駐車場・バス停（林道・車道を経由して登山道へ）",
    "trailKmToSummit": "二上山:2.17km",
    "related": "BS-kP11-22-29-bs1327(0m) BS-kP11-22-29-bs1306(734m) BS-kP11-22-29-bs1273(784m)",
    "attributes": "",
    "status": "provisional",
    "accuracyM": 15,
    "needsReview": "公式情報または2情報源での確認が必要",
    "sources": "国土数値情報（バス停留所データ）令和4年度（国土交通省）P11-22-29-bs1327（JGD2011）を加工して作成 ｜ OpenStreetMap（© OpenStreetMap contributors, ODbL 1.0）Geofabrik japan-latest.osm.pbf 2026-09-23T20:22:04Z node/1769518695（登山道と道路の接続点） ｜ 国土地理院 地名検索「二上山駅」（34.538701, 135.686400、JGD2011、128m差）2026-09-20確認",
    "verifiedAt": "2026-09-20"
   }
  },
  {
   "type": "Feature",
   "geometry": {
    "type": "Point",
    "coordinates": [
     135.703777,
     34.4964911
    ]
   },
   "properties": {
    "id": "TH-kP11-22-29-bs1625",
    "kind": "trailhead",
    "name": "太田",
    "datum": "WGS84",
    "mountainIds": "667",
    "mountainNames": "大和葛城山",
    "lists": "日本三百名山|関西百名山",
    "routes": "",
    "entryType": "駐車場・バス停（林道・車道を経由して登山道へ）",
    "trailKmToSummit": "大和葛城山:7.08km",
    "related": "PK-w864497477(166m) PK-w864497475(185m) BS-kP11-22-29-bs1625(0m) BS-kP11-22-29-bs1632(124m) BS-kP11-22-29-bs1620(169m)",
    "attributes": "",
    "status": "provisional",
    "accuracyM": 15,
    "needsReview": "林道からの入口（マイカー進入可否を要確認）、公式情報または2情報源での確認が必要",
    "sources": "国土数値情報（バス停留所データ）令和4年度（国土交通省）P11-22-29-bs1625（JGD2011）を加工して作成 ｜ OpenStreetMap（© OpenStreetMap contributors, ODbL 1.0）Geofabrik japan-latest.osm.pbf 2026-09-23T20:22:04Z node/1736309027（登山道と道路の接続点） ｜ 国土地理院 地名検索「奈良県葛城市太田」（34.496246, 135.702438、JGD2011、126m差）2026-09-20確認",
    "verifiedAt": "2026-09-20"
   }
  },
  {
   "type": "Feature",
   "geometry": {
    "type": "Point",
    "coordinates": [
     136.0041417,
     34.2645432
    ]
   },
   "properties": {
    "id": "TH-kP11-22-29-bs2491",
    "kind": "trailhead",
    "name": "伯母谷口",
    "datum": "WGS84",
    "mountainIds": "700 705 710 714",
    "mountainNames": "山上ヶ岳、稲村ヶ岳、大普賢岳、行者還岳",
    "lists": "日本三百名山|関西百名山",
    "routes": "",
    "entryType": "駐車場・バス停（林道・車道を経由して登山道へ）",
    "trailKmToSummit": "山上ヶ岳:10.07km 稲村ヶ岳:13.47km 大普賢岳:8.91km 行者還岳:12.61km",
    "related": "BS-kP11-22-29-bs2491(0m) BS-kP11-22-29-bs2492(0m)",
    "attributes": "",
    "status": "provisional",
    "accuracyM": 15,
    "needsReview": "公式情報または2情報源での確認が必要",
    "sources": "国土数値情報（バス停留所データ）令和4年度（国土交通省）P11-22-29-bs2491（JGD2011）を加工して作成 ｜ OpenStreetMap（© OpenStreetMap contributors, ODbL 1.0）Geofabrik japan-latest.osm.pbf 2026-09-23T20:22:04Z node/9676825395（登山道と道路の接続点）",
    "verifiedAt": ""
   }
  },
  {
   "type": "Feature",
   "geometry": {
    "type": "Point",
    "coordinates": [
     135.9981131,
     34.20376
    ]
   },
   "properties": {
    "id": "TH-kP11-22-29-bs2533",
    "kind": "trailhead",
    "name": "高田和",
    "datum": "WGS84",
    "mountainIds": "700 705 710 714 719",
    "mountainNames": "山上ヶ岳、稲村ヶ岳、大普賢岳、行者還岳、大峰山",
    "lists": "日本三百名山|関西百名山|日本百名山|日本二百名山",
    "routes": "",
    "entryType": "駐車場・バス停（林道・車道を経由して登山道へ）",
    "trailKmToSummit": "山上ヶ岳:10.01km 稲村ヶ岳:13.41km 大普賢岳:5.13km 行者還岳:8.12km 大峰山:15.58km",
    "related": "BS-kP11-22-29-bs2533(0m)",
    "attributes": "",
    "status": "provisional",
    "accuracyM": 15,
    "needsReview": "公式情報または2情報源での確認が必要",
    "sources": "国土数値情報（バス停留所データ）令和4年度（国土交通省）P11-22-29-bs2533（JGD2011）を加工して作成 ｜ OpenStreetMap（© OpenStreetMap contributors, ODbL 1.0）Geofabrik japan-latest.osm.pbf 2026-09-23T20:22:04Z node/1406008639（登山道と道路の接続点） ｜ 国土地理院 地名検索「高田和谷」（34.204814, 135.998434、JGD2011、120m差）2026-09-20確認",
    "verifiedAt": "2026-09-20"
   }
  },
  {
   "type": "Feature",
   "geometry": {
    "type": "Point",
    "coordinates": [
     135.6573535,
     33.9319339
    ]
   },
   "properties": {
    "id": "TH-kP11-22-29-bs2841",
    "kind": "trailhead",
    "name": "竹谷",
    "datum": "WGS84",
    "mountainIds": "759",
    "mountainNames": "冷水山",
    "lists": "関西百名山",
    "routes": "",
    "entryType": "駐車場・バス停（林道・車道を経由して登山道へ）",
    "trailKmToSummit": "冷水山:8.8km",
    "related": "BS-kP11-22-29-bs2841(0m) BS-kP11-22-29-bs2840(236m) BS-kP11-22-29-bs2837(423m)",
    "attributes": "",
    "status": "provisional",
    "accuracyM": 15,
    "needsReview": "林道からの入口（マイカー進入可否を要確認）、公式情報または2情報源での確認が必要",
    "sources": "国土数値情報（バス停留所データ）令和4年度（国土交通省）P11-22-29-bs2841（JGD2011）を加工して作成 ｜ OpenStreetMap（© OpenStreetMap contributors, ODbL 1.0）Geofabrik japan-latest.osm.pbf 2026-09-23T20:22:04Z node/1405423870（登山道と道路の接続点）",
    "verifiedAt": ""
   }
  },
  {
   "type": "Feature",
   "geometry": {
    "type": "Point",
    "coordinates": [
     135.6778378,
     33.9306695
    ]
   },
   "properties": {
    "id": "TH-kP11-22-29-bs2849",
    "kind": "trailhead",
    "name": "入谷口",
    "datum": "WGS84",
    "mountainIds": "759",
    "mountainNames": "冷水山",
    "lists": "関西百名山",
    "routes": "",
    "entryType": "駐車場・バス停（林道・車道を経由して登山道へ）",
    "trailKmToSummit": "冷水山:8.0km",
    "related": "BS-kP11-22-29-bs2849(0m) BS-kP11-22-29-bs2851(245m) BS-kP11-22-29-bs2852(815m)",
    "attributes": "",
    "status": "provisional",
    "accuracyM": 15,
    "needsReview": "林道からの入口（マイカー進入可否を要確認）、公式情報または2情報源での確認が必要",
    "sources": "国土数値情報（バス停留所データ）令和4年度（国土交通省）P11-22-29-bs2849（JGD2011）を加工して作成 ｜ OpenStreetMap（© OpenStreetMap contributors, ODbL 1.0）Geofabrik japan-latest.osm.pbf 2026-09-23T20:22:04Z node/1405423450（登山道と道路の接続点）",
    "verifiedAt": ""
   }
  },
  {
   "type": "Feature",
   "geometry": {
    "type": "Point",
    "coordinates": [
     135.6912071,
     34.6817947
    ]
   },
   "properties": {
    "id": "TH-kP11-22-29-bs447",
    "kind": "trailhead",
    "name": "門前町南",
    "datum": "WGS84",
    "mountainIds": "635",
    "mountainNames": "生駒山",
    "lists": "関西百名山",
    "routes": "",
    "entryType": "駐車場・バス停（林道・車道を経由して登山道へ）",
    "trailKmToSummit": "生駒山:1.36km",
    "related": "PK-w1124754569(397m) PK-w1124754571(415m) PK-w1124754580(447m) BS-kP11-22-29-bs447(0m) BS-kP11-22-29-bs432(202m) BS-kP11-22-29-bs401(325m)",
    "attributes": "",
    "status": "provisional",
    "accuracyM": 15,
    "needsReview": "近くの道路にゲートあり（車両通行止め・季節閉鎖の可能性）、林道からの入口（マイカー進入可否を要確認）、公式情報または2情報源での確認が必要",
    "sources": "国土数値情報（バス停留所データ）令和4年度（国土交通省）P11-22-29-bs447（JGD2011）を加工して作成 ｜ OpenStreetMap（© OpenStreetMap contributors, ODbL 1.0）Geofabrik japan-latest.osm.pbf 2026-09-23T20:22:04Z node/7597052148（登山道と道路の接続点）",
    "verifiedAt": ""
   }
  },
  {
   "type": "Feature",
   "geometry": {
    "type": "Point",
    "coordinates": [
     135.6872642,
     34.6710737
    ]
   },
   "properties": {
    "id": "TH-kP11-22-29-bs539",
    "kind": "trailhead",
    "name": "鬼取町",
    "datum": "WGS84",
    "mountainIds": "635",
    "mountainNames": "生駒山",
    "lists": "関西百名山",
    "routes": "",
    "entryType": "駐車場・バス停（林道・車道を経由して登山道へ）",
    "trailKmToSummit": "生駒山:1.13km",
    "related": "PK-w819667483(171m) BS-kP11-22-29-bs539(0m) BS-kP11-22-29-bs531(313m) BS-kP11-22-29-bs561(400m)",
    "attributes": "",
    "status": "provisional",
    "accuracyM": 15,
    "needsReview": "近くの道路にゲートあり（車両通行止め・季節閉鎖の可能性）、林道からの入口（マイカー進入可否を要確認）、公式情報または2情報源での確認が必要",
    "sources": "国土数値情報（バス停留所データ）令和4年度（国土交通省）P11-22-29-bs539（JGD2011）を加工して作成 ｜ OpenStreetMap（© OpenStreetMap contributors, ODbL 1.0）Geofabrik japan-latest.osm.pbf 2026-09-23T20:22:04Z node/1870788136（登山道と道路の接続点）",
    "verifiedAt": ""
   }
  },
  {
   "type": "Feature",
   "geometry": {
    "type": "Point",
    "coordinates": [
     135.939803,
     34.931143
    ]
   },
   "properties": {
    "id": "TH-ksj-P11-22-25-bs3396",
    "kind": "trailhead",
    "name": "アルプス登山口（太神山）",
    "datum": "WGS84",
    "mountainIds": "617",
    "mountainNames": "太神山",
    "lists": "関西百名山",
    "routes": "",
    "entryType": "登山記録で広く使われている登山口",
    "trailKmToSummit": "",
    "related": "PK-w412361519(376m) PK-w412361505(401m) PK-w412361427(472m) BS-kP11-22-25-bs3396(0m) BS-kP11-22-25-bs3377(483m) BS-kP11-22-25-bs3386(538m)",
    "attributes": "",
    "status": "provisional",
    "accuracyM": 100,
    "needsReview": "",
    "sources": "国土数値情報（バス停留所データ）令和4年度（国土交通省）P11-22-25-bs3396（34.931143, 135.939803、JGD2011）を加工して作成。バス停「アルプス登山口」 ｜ 登山記録で広く使われている登山口（登山記録・登山情報サイトで名称と利用を確認。公式情報では未確認） 2026-09-24確認",
    "verifiedAt": ""
   }
  },
  {
   "type": "Feature",
   "geometry": {
    "type": "Point",
    "coordinates": [
     135.42985,
     34.373965
    ]
   },
   "properties": {
    "id": "TH-ksj-P11-22-27-bs5379",
    "kind": "trailhead",
    "name": "塔原（和泉葛城山 塔原ルート）",
    "datum": "WGS84",
    "mountainIds": "689",
    "mountainNames": "和泉葛城山",
    "lists": "関西百名山",
    "routes": "",
    "entryType": "登山記録で広く使われている登山口",
    "trailKmToSummit": "",
    "related": "BS-kP11-22-27-bs5379(0m) BS-kP11-22-27-bs5379(0m) BS-kP11-22-27-bs5379(0m)",
    "attributes": "",
    "status": "provisional",
    "accuracyM": 50,
    "needsReview": "",
    "sources": "国土数値情報（バス停留所データ）令和4年度（国土交通省）P11-22-27-bs5379（34.373965, 135.429850、JGD2011）を加工して作成。バス停「塔原」 ｜ 登山記録で広く使われている登山口（登山記録・登山情報サイトで名称と利用を確認。公式情報では未確認） 2026-09-24確認",
    "verifiedAt": ""
   }
  },
  {
   "type": "Feature",
   "geometry": {
    "type": "Point",
    "coordinates": [
     135.448154,
     34.373342
    ]
   },
   "properties": {
    "id": "TH-ksj-P11-22-27-bs5382",
    "kind": "trailhead",
    "name": "牛滝山（大威徳寺・和泉葛城山）",
    "datum": "WGS84",
    "mountainIds": "689",
    "mountainNames": "和泉葛城山",
    "lists": "関西百名山",
    "routes": "",
    "entryType": "登山記録で広く使われている登山口",
    "trailKmToSummit": "",
    "related": "PK-w751216860(141m) PK-w966705000(304m) BS-kP11-22-27-bs5382(0m) BS-kP11-22-27-bs5382(0m) BS-kP11-22-27-bs5359(372m)",
    "attributes": "",
    "status": "provisional",
    "accuracyM": 50,
    "needsReview": "",
    "sources": "国土数値情報（バス停留所データ）令和4年度（国土交通省）P11-22-27-bs5382（34.373342, 135.448154、JGD2011）を加工して作成。バス停「牛滝山」 ｜ 登山記録で広く使われている登山口（登山記録・登山情報サイトで名称と利用を確認。公式情報では未確認） 2026-09-24確認",
    "verifiedAt": ""
   }
  },
  {
   "type": "Feature",
   "geometry": {
    "type": "Point",
    "coordinates": [
     135.42119,
     34.370113
    ]
   },
   "properties": {
    "id": "TH-ksj-P11-22-27-bs5402",
    "kind": "trailhead",
    "name": "蕎原（和泉葛城山 蕎原ルート）",
    "datum": "WGS84",
    "mountainIds": "689",
    "mountainNames": "和泉葛城山",
    "lists": "関西百名山",
    "routes": "",
    "entryType": "登山記録で広く使われている登山口",
    "trailKmToSummit": "",
    "related": "BS-kP11-22-27-bs5402(0m) BS-kP11-22-27-bs5396(289m) BS-kP11-22-27-bs5391(655m)",
    "attributes": "",
    "status": "provisional",
    "accuracyM": 50,
    "needsReview": "",
    "sources": "国土数値情報（バス停留所データ）令和4年度（国土交通省）P11-22-27-bs5402（34.370113, 135.421190、JGD2011）を加工して作成。バス停「蕎原」 ｜ 登山記録で広く使われている登山口（登山記録・登山情報サイトで名称と利用を確認。公式情報では未確認） 2026-09-24確認",
    "verifiedAt": ""
   }
  },
  {
   "type": "Feature",
   "geometry": {
    "type": "Point",
    "coordinates": [
     135.115904,
     34.763831
    ]
   },
   "properties": {
    "id": "TH-ksj-P11-22-28-bs6776",
    "kind": "trailhead",
    "name": "丹生神社前（丹生山・帝釈山登山口）",
    "datum": "WGS84",
    "mountainIds": "627",
    "mountainNames": "帝釈山",
    "lists": "関西百名山",
    "routes": "",
    "entryType": "登山記録で広く使われている登山口",
    "trailKmToSummit": "",
    "related": "BS-kP11-22-28-bs6776(0m) BS-kP11-22-28-bs6776(0m) BS-kP11-22-28-bs6801(447m)",
    "attributes": "",
    "status": "provisional",
    "accuracyM": 300,
    "needsReview": "",
    "sources": "国土数値情報（バス停留所データ）令和4年度（国土交通省）P11-22-28-bs6776（34.763831, 135.115904、JGD2011）を加工して作成。バス停「丹生神社前」 ｜ 登山記録で広く使われている登山口（登山記録・登山情報サイトで名称と利用を確認。公式情報では未確認） 2026-09-24確認",
    "verifiedAt": ""
   }
  },
  {
   "type": "Feature",
   "geometry": {
    "type": "Point",
    "coordinates": [
     135.603699,
     34.216345
    ]
   },
   "properties": {
    "id": "TH-ksj-P11-22-30-bs739",
    "kind": "trailhead",
    "name": "奥の院前（高野三山・楊柳山）",
    "datum": "WGS84",
    "mountainIds": "706",
    "mountainNames": "楊柳山",
    "lists": "関西百名山",
    "routes": "",
    "entryType": "登山記録で広く使われている登山口",
    "trailKmToSummit": "",
    "related": "PK-w495079042(84m) PK-w1217373267(111m) PK-w517047281(243m) BS-kP11-22-30-bs739(0m) BS-kP11-22-30-bs740(0m) BS-kP11-22-30-bs734(430m)",
    "attributes": "",
    "status": "provisional",
    "accuracyM": 50,
    "needsReview": "",
    "sources": "国土数値情報（バス停留所データ）令和4年度（国土交通省）P11-22-30-bs739（34.216345, 135.603699、JGD2011）を加工して作成。バス停「奥の院前」 ｜ 登山記録で広く使われている登山口（登山記録・登山情報サイトで名称と利用を確認。公式情報では未確認） 2026-09-24確認",
    "verifiedAt": ""
   }
  },
  {
   "type": "Feature",
   "geometry": {
    "type": "Point",
    "coordinates": [
     135.8872714,
     34.2684743
    ]
   },
   "properties": {
    "id": "TH-n10020156947",
    "kind": "trailhead",
    "name": "白の平オートキャンプ場",
    "datum": "WGS84",
    "mountainIds": "700 705 710",
    "mountainNames": "山上ヶ岳、稲村ヶ岳、大普賢岳",
    "lists": "日本三百名山|関西百名山",
    "routes": "",
    "entryType": "施設（山小屋・宿・キャンプ場）からの入口",
    "trailKmToSummit": "山上ヶ岳:7.84km 稲村ヶ岳:6.44km 大普賢岳:12.85km",
    "related": "BS-kP11-22-29-bs2488(945m) BS-kP11-22-29-bs2488(945m)",
    "attributes": "",
    "status": "provisional",
    "accuracyM": 15,
    "needsReview": "公式情報または2情報源での確認が必要",
    "sources": "OpenStreetMap（© OpenStreetMap contributors, ODbL 1.0）Geofabrik japan-latest.osm.pbf 2026-09-23T20:22:04Z node/10020156947",
    "verifiedAt": ""
   }
  },
  {
   "type": "Feature",
   "geometry": {
    "type": "Point",
    "coordinates": [
     135.4681903,
     34.9271907
    ]
   },
   "properties": {
    "id": "TH-n10032579370",
    "kind": "trailhead",
    "name": "（名称未確認）",
    "datum": "WGS84",
    "mountainIds": "615",
    "mountainNames": "妙見山",
    "lists": "関西百名山",
    "routes": "",
    "entryType": "一般道との接続",
    "trailKmToSummit": "妙見山:0.2km",
    "related": "PK-w207202978(124m)",
    "attributes": "",
    "status": "provisional",
    "accuracyM": 30,
    "needsReview": "名称未確認、公式情報または2情報源での確認が必要",
    "sources": "OpenStreetMap（© OpenStreetMap contributors, ODbL 1.0）Geofabrik japan-latest.osm.pbf 2026-09-23T20:22:04Z node/10032579370（登山道と道路の接続点）",
    "verifiedAt": ""
   }
  },
  {
   "type": "Feature",
   "geometry": {
    "type": "Point",
    "coordinates": [
     135.4049022,
     35.0203513
    ]
   },
   "properties": {
    "id": "TH-n10076853181",
    "kind": "trailhead",
    "name": "布子谷",
    "datum": "WGS84",
    "mountainIds": "606",
    "mountainNames": "剣尾山",
    "lists": "関西百名山",
    "routes": "",
    "entryType": "駐車場・バス停（林道・車道を経由して登山道へ）",
    "trailKmToSummit": "剣尾山:1.96km",
    "related": "BS-kP11-22-26-bs2380(24m) BS-kP11-22-26-bs2353(374m) BS-kP11-22-26-bs2353(374m)",
    "attributes": "",
    "status": "provisional",
    "accuracyM": 15,
    "needsReview": "林道からの入口（マイカー進入可否を要確認）、公式情報または2情報源での確認が必要",
    "sources": "OpenStreetMap（© OpenStreetMap contributors, ODbL 1.0）Geofabrik japan-latest.osm.pbf 2026-09-23T20:22:04Z node/10076853181 ｜ OpenStreetMap（© OpenStreetMap contributors, ODbL 1.0）Geofabrik japan-latest.osm.pbf 2026-09-23T20:22:04Z node/1344142068（登山道と道路の接続点）",
    "verifiedAt": ""
   }
  },
  {
   "type": "Feature",
   "geometry": {
    "type": "Point",
    "coordinates": [
     135.6796664,
     34.6823485
    ]
   },
   "properties": {
    "id": "TH-n10285434199",
    "kind": "trailhead",
    "name": "（名称未確認）清風寺バス停付近",
    "datum": "WGS84",
    "mountainIds": "635",
    "mountainNames": "生駒山",
    "lists": "関西百名山",
    "routes": "",
    "entryType": "道路の終点付近",
    "trailKmToSummit": "生駒山:1.39km",
    "related": "PK-w200291034(105m) BS-kP11-22-29-bs432(896m) BS-kP11-22-29-bs393(900m) BS-kP11-22-29-bs379(997m)",
    "attributes": "",
    "status": "provisional",
    "accuracyM": 30,
    "needsReview": "名称未確認、近くの道路にゲートあり（車両通行止め・季節閉鎖の可能性）、公式情報または2情報源での確認が必要",
    "sources": "OpenStreetMap（© OpenStreetMap contributors, ODbL 1.0）Geofabrik japan-latest.osm.pbf 2026-09-23T20:22:04Z node/10285434199（登山道と道路の接続点） ｜ 国土地理院 地名検索「生駒山上駅」（34.682206, 135.680475、JGD2011、76m差）2026-09-20確認",
    "verifiedAt": "2026-09-20"
   }
  },
  {
   "type": "Feature",
   "geometry": {
    "type": "Point",
    "coordinates": [
     135.8411601,
     35.0650659
    ]
   },
   "properties": {
    "id": "TH-n10294782453",
    "kind": "trailhead",
    "name": "（名称未確認）第二駐車場付近",
    "datum": "WGS84",
    "mountainIds": "590",
    "mountainNames": "比叡山",
    "lists": "日本三百名山|関西百名山",
    "routes": "",
    "entryType": "一般道（県道以上）との接続",
    "trailKmToSummit": "比叡山:2.03km",
    "related": "PK-w403442664(413m) PK-w403291882(422m) BS-kP11-22-25-bs1841(200m) BS-kP11-22-25-bs1841(200m) BS-kP11-22-25-bs1842(200m)",
    "attributes": "",
    "status": "provisional",
    "accuracyM": 30,
    "needsReview": "名称未確認、近くの道路にゲートあり（車両通行止め・季節閉鎖の可能性）、公式情報または2情報源での確認が必要",
    "sources": "OpenStreetMap（© OpenStreetMap contributors, ODbL 1.0）Geofabrik japan-latest.osm.pbf 2026-09-23T20:22:04Z node/10294782453（登山道と道路の接続点）",
    "verifiedAt": ""
   }
  },
  {
   "type": "Feature",
   "geometry": {
    "type": "Point",
    "coordinates": [
     135.8840722,
     35.2919152
    ]
   },
   "properties": {
    "id": "TH-n10564749945",
    "kind": "trailhead",
    "name": "（名称未確認）朽木栃生バス停付近",
    "datum": "WGS84",
    "mountainIds": "509",
    "mountainNames": "蛇谷ヶ峰",
    "lists": "関西百名山",
    "routes": "",
    "entryType": "一般道（県道以上）との接続",
    "trailKmToSummit": "蛇谷ヶ峰:8.81km",
    "related": "BS-kP11-22-25-bs641(104m) BS-kP11-22-25-bs642(104m) BS-kP11-22-25-bs645(264m)",
    "attributes": "",
    "status": "provisional",
    "accuracyM": 30,
    "needsReview": "名称未確認、公式情報または2情報源での確認が必要",
    "sources": "OpenStreetMap（© OpenStreetMap contributors, ODbL 1.0）Geofabrik japan-latest.osm.pbf 2026-09-23T20:22:04Z node/10564749945（登山道と道路の接続点）",
    "verifiedAt": ""
   }
  },
  {
   "type": "Feature",
   "geometry": {
    "type": "Point",
    "coordinates": [
     135.6777224,
     34.515272
    ]
   },
   "properties": {
    "id": "TH-n10567856706",
    "kind": "trailhead",
    "name": "竹内峠",
    "datum": "WGS84",
    "mountainIds": "653",
    "mountainNames": "二上山",
    "lists": "関西百名山",
    "routes": "",
    "entryType": "峠（道路との接続）",
    "trailKmToSummit": "二上山:1.39km",
    "related": "PK-w1150167023(346m)",
    "attributes": "",
    "status": "adopted",
    "accuracyM": 30,
    "needsReview": "登山道が道路を横断する地点（途中の入口の可能性）、近くの道路にゲートあり（車両通行止め・季節閉鎖の可能性）",
    "sources": "OpenStreetMap（© OpenStreetMap contributors, ODbL 1.0）Geofabrik japan-latest.osm.pbf 2026-09-23T20:22:04Z node/10567856706（登山道と道路の接続点） ｜ 国土地理院 地名検索「竹内峠」（34.515685, 135.676942、JGD2011、85m差）2026-09-20確認",
    "verifiedAt": "2026-09-20"
   }
  },
  {
   "type": "Feature",
   "geometry": {
    "type": "Point",
    "coordinates": [
     135.8487379,
     35.1930469
    ]
   },
   "properties": {
    "id": "TH-n10569706238",
    "kind": "trailhead",
    "name": "（名称未確認）",
    "datum": "WGS84",
    "mountainIds": "547",
    "mountainNames": "皆子山",
    "lists": "関西百名山",
    "routes": "",
    "entryType": "道路の終点付近",
    "trailKmToSummit": "皆子山:1.75km",
    "related": "",
    "attributes": "",
    "status": "candidate",
    "accuracyM": 30,
    "needsReview": "名称未確認、近くの道路にゲートあり（車両通行止め・季節閉鎖の可能性）、林道からの入口（マイカー進入可否を要確認）、公式情報または2情報源での確認が必要",
    "sources": "OpenStreetMap（© OpenStreetMap contributors, ODbL 1.0）Geofabrik japan-latest.osm.pbf 2026-09-23T20:22:04Z node/10569706238（登山道と道路の接続点）",
    "verifiedAt": ""
   }
  },
  {
   "type": "Feature",
   "geometry": {
    "type": "Point",
    "coordinates": [
     134.752982,
     34.8180511
    ]
   },
   "properties": {
    "id": "TH-n10856110499",
    "kind": "trailhead",
    "name": "佐土新",
    "datum": "WGS84",
    "mountainIds": "624",
    "mountainNames": "高御位山",
    "lists": "関西百名山",
    "routes": "",
    "entryType": "駐車場・バス停（林道・車道を経由して登山道へ）",
    "trailKmToSummit": "高御位山:5.19km",
    "related": "BS-kP11-22-28-bs5438(5m) BS-kP11-22-28-bs5438(5m) BS-kP11-22-28-bs5372(395m)",
    "attributes": "",
    "status": "provisional",
    "accuracyM": 15,
    "needsReview": "近くの道路にゲートあり（車両通行止め・季節閉鎖の可能性）、林道からの入口（マイカー進入可否を要確認）、公式情報または2情報源での確認が必要",
    "sources": "OpenStreetMap（© OpenStreetMap contributors, ODbL 1.0）Geofabrik japan-latest.osm.pbf 2026-09-23T20:22:04Z node/10856110499 ｜ OpenStreetMap（© OpenStreetMap contributors, ODbL 1.0）Geofabrik japan-latest.osm.pbf 2026-09-23T20:22:04Z node/1342305135（登山道と道路の接続点）",
    "verifiedAt": ""
   }
  },
  {
   "type": "Feature",
   "geometry": {
    "type": "Point",
    "coordinates": [
     135.9029603,
     34.5289871
    ]
   },
   "properties": {
    "id": "TH-n10879954436",
    "kind": "trailhead",
    "name": "akippa駐車場",
    "datum": "WGS84",
    "mountainIds": "649",
    "mountainNames": "三輪山",
    "lists": "関西百名山",
    "routes": "",
    "entryType": "駐車場・バス停（林道・車道を経由して登山道へ）",
    "trailKmToSummit": "三輪山:3.95km",
    "related": "PK-n10879954436(0m) PK-w1170445467(95m) PK-w1170445473(114m) BS-kP11-22-29-bs1389(123m) BS-kP11-22-29-bs1389(123m) BS-n6563997486(130m)",
    "attributes": "",
    "status": "provisional",
    "accuracyM": 15,
    "needsReview": "公式情報または2情報源での確認が必要",
    "sources": "OpenStreetMap（© OpenStreetMap contributors, ODbL 1.0）Geofabrik japan-latest.osm.pbf 2026-09-23T20:22:04Z node/10879954436 ｜ OpenStreetMap（© OpenStreetMap contributors, ODbL 1.0）Geofabrik japan-latest.osm.pbf 2026-09-23T20:22:04Z node/1816959657（登山道と道路の接続点）",
    "verifiedAt": ""
   }
  },
  {
   "type": "Feature",
   "geometry": {
    "type": "Point",
    "coordinates": [
     135.8558928,
     34.2434933
    ]
   },
   "properties": {
    "id": "TH-n10961407962",
    "kind": "trailhead",
    "name": "天川川合（弥山・八経ヶ岳 川合コース登山口）",
    "datum": "WGS84",
    "mountainIds": "719",
    "mountainNames": "大峰山",
    "lists": "日本百名山|日本二百名山|日本三百名山|関西百名山",
    "routes": "OSM登山道「川合弥山登山コース」、天川川合コース",
    "entryType": "一般道との接続",
    "trailKmToSummit": "大峰山:11.1km",
    "related": "PK-w1215779998(194m) PK-w1215780009(274m) PK-w1215780007(355m) BS-kP11-22-29-bs2502(253m) BS-kP11-22-29-bs2502(253m) BS-kP11-22-29-bs2502(253m)",
    "attributes": "bus=近鉄下市口駅から奈良交通バス 天川川合下車",
    "status": "adopted",
    "accuracyM": 15,
    "needsReview": "登山道が道路を横断する地点（途中の入口の可能性）、川合八経ヶ岳コースの起点。奈良交通バス天川川合で下車する（天川村）",
    "sources": "OpenStreetMap（© OpenStreetMap contributors, ODbL 1.0）Geofabrik japan-latest.osm.pbf 2026-09-23T20:22:04Z node/10961407962（登山道と道路の接続点） ｜ 公式情報: https://www.vill.tenkawa.nara.jp/tourism/spot/5189/",
    "verifiedAt": "2026-09-20"
   }
  },
  {
   "type": "Feature",
   "geometry": {
    "type": "Point",
    "coordinates": [
     135.562952,
     34.0538875
    ]
   },
   "properties": {
    "id": "TH-n11279773266",
    "kind": "trailhead",
    "name": "（名称未確認）護摩壇山バス停付近",
    "datum": "WGS84",
    "mountainIds": "729",
    "mountainNames": "護摩壇山",
    "lists": "日本三百名山|関西百名山",
    "routes": "",
    "entryType": "一般道（県道以上）との接続",
    "trailKmToSummit": "護摩壇山:0.61km",
    "related": "PK-w1217370003(22m) BS-kP11-22-30-bs1504(844m) BS-kP11-22-30-bs1505(844m)",
    "attributes": "",
    "status": "provisional",
    "accuracyM": 30,
    "needsReview": "名称未確認、登山道が道路を横断する地点（途中の入口の可能性）、公式情報または2情報源での確認が必要",
    "sources": "OpenStreetMap（© OpenStreetMap contributors, ODbL 1.0）Geofabrik japan-latest.osm.pbf 2026-09-23T20:22:04Z node/11279773266（登山道と道路の接続点）",
    "verifiedAt": ""
   }
  },
  {
   "type": "Feature",
   "geometry": {
    "type": "Point",
    "coordinates": [
     135.145459,
     34.6592757
    ]
   },
   "properties": {
    "id": "TH-n11404334582",
    "kind": "trailhead",
    "name": "（名称未確認）三井のリパーク付近",
    "datum": "WGS84",
    "mountainIds": "637",
    "mountainNames": "横尾山",
    "lists": "関西百名山",
    "routes": "OSM登山道「新長田駅北１２０号線」",
    "entryType": "一般道との接続",
    "trailKmToSummit": "横尾山:5.52km",
    "related": "PK-w1083378475(50m) PK-w1230735871(57m) PK-w1083378474(66m) BS-kP11-22-28-bs9343(281m) BS-kP11-22-28-bs9343(281m) BS-kP11-22-28-bs9406(290m)",
    "attributes": "",
    "status": "provisional",
    "accuracyM": 30,
    "needsReview": "名称未確認、近くの道路にゲートあり（車両通行止め・季節閉鎖の可能性）、公式情報または2情報源での確認が必要",
    "sources": "OpenStreetMap（© OpenStreetMap contributors, ODbL 1.0）Geofabrik japan-latest.osm.pbf 2026-09-23T20:22:04Z node/11404334582（登山道と道路の接続点） ｜ 国土地理院 地名検索「長田郵便局」（34.659422, 135.145102、JGD2011、36m差）2026-09-20確認",
    "verifiedAt": "2026-09-20"
   }
  },
  {
   "type": "Feature",
   "geometry": {
    "type": "Point",
    "coordinates": [
     135.1455776,
     34.655789
    ]
   },
   "properties": {
    "id": "TH-n11411017079",
    "kind": "trailhead",
    "name": "ホテルウィングインターナショナル",
    "datum": "WGS84",
    "mountainIds": "637",
    "mountainNames": "横尾山",
    "lists": "関西百名山",
    "routes": "OSM登山道「国鉄沿長田須磨線」、OSM登山道「腕塚町歩道橋」",
    "entryType": "施設（山小屋・宿・キャンプ場）からの入口",
    "trailKmToSummit": "横尾山:5.29km",
    "related": "PK-w1230457124(91m) PK-w1230457122(112m) PK-w1230457134(196m) BS-kP11-22-28-bs9406(108m) BS-kP11-22-28-bs9406(108m) BS-kP11-22-28-bs9406(108m)",
    "attributes": "",
    "status": "provisional",
    "accuracyM": 15,
    "needsReview": "近くの道路にゲートあり（車両通行止め・季節閉鎖の可能性）、公式情報または2情報源での確認が必要",
    "sources": "OpenStreetMap（© OpenStreetMap contributors, ODbL 1.0）Geofabrik japan-latest.osm.pbf 2026-09-23T20:22:04Z node/11411017079 ｜ 国土地理院 地名検索「新長田駅前郵便局」（34.655844, 135.146327、JGD2011、69m差）2026-09-20確認",
    "verifiedAt": "2026-09-20"
   }
  },
  {
   "type": "Feature",
   "geometry": {
    "type": "Point",
    "coordinates": [
     135.1236612,
     34.7643976
    ]
   },
   "properties": {
    "id": "TH-n11416798863",
    "kind": "trailhead",
    "name": "東下",
    "datum": "WGS84",
    "mountainIds": "627",
    "mountainNames": "帝釈山",
    "lists": "関西百名山",
    "routes": "",
    "entryType": "駐車場・バス停（林道・車道を経由して登山道へ）",
    "trailKmToSummit": "帝釈山:2.72km",
    "related": "BS-kP11-22-28-bs6764(10m) BS-kP11-22-28-bs6764(10m) BS-kP11-22-28-bs6801(303m)",
    "attributes": "",
    "status": "provisional",
    "accuracyM": 15,
    "needsReview": "林道からの入口（マイカー進入可否を要確認）、公式情報または2情報源での確認が必要",
    "sources": "OpenStreetMap（© OpenStreetMap contributors, ODbL 1.0）Geofabrik japan-latest.osm.pbf 2026-09-23T20:22:04Z node/11416798863 ｜ OpenStreetMap（© OpenStreetMap contributors, ODbL 1.0）Geofabrik japan-latest.osm.pbf 2026-09-23T20:22:04Z node/1842371571（登山道と道路の接続点）",
    "verifiedAt": ""
   }
  },
  {
   "type": "Feature",
   "geometry": {
    "type": "Point",
    "coordinates": [
     135.4703768,
     34.9292816
    ]
   },
   "properties": {
    "id": "TH-n11482107528",
    "kind": "trailhead",
    "name": "（名称未確認）",
    "datum": "WGS84",
    "mountainIds": "615",
    "mountainNames": "妙見山",
    "lists": "関西百名山",
    "routes": "",
    "entryType": "一般道（県道以上）との接続",
    "trailKmToSummit": "妙見山:0.28km",
    "related": "PK-w207202978(414m)",
    "attributes": "",
    "status": "provisional",
    "accuracyM": 30,
    "needsReview": "名称未確認、公式情報または2情報源での確認が必要",
    "sources": "OpenStreetMap（© OpenStreetMap contributors, ODbL 1.0）Geofabrik japan-latest.osm.pbf 2026-09-23T20:22:04Z node/11482107528（登山道と道路の接続点）",
    "verifiedAt": ""
   }
  },
  {
   "type": "Feature",
   "geometry": {
    "type": "Point",
    "coordinates": [
     135.6668809,
     34.4474331
    ]
   },
   "properties": {
    "id": "TH-n11514078257",
    "kind": "trailhead",
    "name": "葛城山登山口",
    "datum": "WGS84",
    "mountainIds": "667 676",
    "mountainNames": "大和葛城山、金剛山",
    "lists": "日本三百名山|関西百名山|日本二百名山",
    "routes": "OSM登山道「石ブテ西谷ルート」、OSM登山道「青崩道」",
    "entryType": "登山口（OSMの登山口地物）",
    "trailKmToSummit": "大和葛城山:2.44km 金剛山:3.77km",
    "related": "BS-kP11-22-27-bs4702(57m) BS-kP11-22-27-bs4684(245m) BS-kP11-22-27-bs4672(441m)",
    "attributes": "",
    "status": "provisional",
    "accuracyM": 15,
    "needsReview": "公式情報または2情報源での確認が必要",
    "sources": "OpenStreetMap（© OpenStreetMap contributors, ODbL 1.0）Geofabrik japan-latest.osm.pbf 2026-09-23T20:22:04Z node/11514078257",
    "verifiedAt": ""
   }
  },
  {
   "type": "Feature",
   "geometry": {
    "type": "Point",
    "coordinates": [
     135.6660614,
     34.4036944
    ]
   },
   "properties": {
    "id": "TH-n1158659413",
    "kind": "trailhead",
    "name": "千早",
    "datum": "WGS84",
    "mountainIds": "676",
    "mountainNames": "金剛山",
    "lists": "日本二百名山|日本三百名山|関西百名山",
    "routes": "OSM登山道「久留野峠ルート」、OSM登山道「細尾根（地蔵尾根）ルート」",
    "entryType": "索道駅（ロープウェイ・ゴンドラ）",
    "trailKmToSummit": "金剛山:3.36km",
    "related": "PK-w400903195(54m) PK-w400903194(102m) PK-w397570823(300m) BS-kP11-22-27-bs5152(396m) BS-kP11-22-27-bs5152(396m) BS-kP11-22-27-bs5152(396m)",
    "attributes": "",
    "status": "provisional",
    "accuracyM": 15,
    "needsReview": "公式情報または2情報源での確認が必要",
    "sources": "OpenStreetMap（© OpenStreetMap contributors, ODbL 1.0）Geofabrik japan-latest.osm.pbf 2026-09-23T20:22:04Z node/1158659413",
    "verifiedAt": ""
   }
  },
  {
   "type": "Feature",
   "geometry": {
    "type": "Point",
    "coordinates": [
     135.6754912,
     34.412567
    ]
   },
   "properties": {
    "id": "TH-n1158659418",
    "kind": "trailhead",
    "name": "金剛山 (Kongō-san)",
    "datum": "WGS84",
    "mountainIds": "676",
    "mountainNames": "金剛山",
    "lists": "日本二百名山|日本三百名山|関西百名山",
    "routes": "OSM登山道「金剛山遊歩道」",
    "entryType": "索道駅（ロープウェイ・ゴンドラ）",
    "trailKmToSummit": "金剛山:0.97km",
    "related": "",
    "attributes": "",
    "status": "provisional",
    "accuracyM": 15,
    "needsReview": "公式情報または2情報源での確認が必要",
    "sources": "OpenStreetMap（© OpenStreetMap contributors, ODbL 1.0）Geofabrik japan-latest.osm.pbf 2026-09-23T20:22:04Z node/1158659418",
    "verifiedAt": ""
   }
  },
  {
   "type": "Feature",
   "geometry": {
    "type": "Point",
    "coordinates": [
     135.6998142,
     34.4635981
    ]
   },
   "properties": {
    "id": "TH-n1158833778",
    "kind": "trailhead",
    "name": "登山口駅",
    "datum": "WGS84",
    "mountainIds": "667",
    "mountainNames": "大和葛城山",
    "lists": "日本三百名山|関西百名山",
    "routes": "",
    "entryType": "索道駅（ロープウェイ・ゴンドラ）",
    "trailKmToSummit": "大和葛城山:1.95km",
    "related": "PK-w358003165(48m) PK-w1396026195(121m) PK-w357046987(142m) BS-kP11-22-29-bs1839(90m) BS-kP11-22-29-bs1839(90m) BS-kP11-22-29-bs1836(631m)",
    "attributes": "",
    "status": "adopted",
    "accuracyM": 15,
    "needsReview": "",
    "sources": "OpenStreetMap（© OpenStreetMap contributors, ODbL 1.0）Geofabrik japan-latest.osm.pbf 2026-09-23T20:22:04Z node/1158833778 ｜ 国土地理院 地名検索「葛城登山口駅」（34.463437, 135.699856、JGD2011、18m差）2026-09-20確認",
    "verifiedAt": "2026-09-20"
   }
  },
  {
   "type": "Feature",
   "geometry": {
    "type": "Point",
    "coordinates": [
     135.6869738,
     34.4584881
    ]
   },
   "properties": {
    "id": "TH-n1158833787",
    "kind": "trailhead",
    "name": "葛城山上",
    "datum": "WGS84",
    "mountainIds": "667",
    "mountainNames": "大和葛城山",
    "lists": "日本三百名山|関西百名山",
    "routes": "",
    "entryType": "索道駅（ロープウェイ・ゴンドラ）",
    "trailKmToSummit": "大和葛城山:0.5km",
    "related": "",
    "attributes": "",
    "status": "provisional",
    "accuracyM": 15,
    "needsReview": "公式情報または2情報源での確認が必要",
    "sources": "OpenStreetMap（© OpenStreetMap contributors, ODbL 1.0）Geofabrik japan-latest.osm.pbf 2026-09-23T20:22:04Z node/1158833787 ｜ 国土地理院 地名検索「葛城山上駅」（34.461190, 135.686882、JGD2011、299m差）2026-09-20確認",
    "verifiedAt": "2026-09-20"
   }
  },
  {
   "type": "Feature",
   "geometry": {
    "type": "Point",
    "coordinates": [
     135.9290544,
     35.2757973
    ]
   },
   "properties": {
    "id": "TH-n11848789126",
    "kind": "trailhead",
    "name": "ガリバー旅行村",
    "datum": "WGS84",
    "mountainIds": "509 522 544",
    "mountainNames": "蛇谷ヶ峰、武奈ヶ岳、蓬莱山",
    "lists": "関西百名山|日本二百名山|日本三百名山",
    "routes": "",
    "entryType": "駐車場・バス停（林道・車道を経由して登山道へ）",
    "trailKmToSummit": "蛇谷ヶ峰:11.62km 武奈ヶ岳:4.25km 蓬莱山:10.86km",
    "related": "PK-w503894422(34m) PK-w503894423(44m) PK-w503894421(289m) BS-kP11-22-25-bs666(11m)",
    "attributes": "",
    "status": "provisional",
    "accuracyM": 15,
    "needsReview": "近くの道路にゲートあり（車両通行止め・季節閉鎖の可能性）、林道からの入口（マイカー進入可否を要確認）、公式情報または2情報源での確認が必要",
    "sources": "OpenStreetMap（© OpenStreetMap contributors, ODbL 1.0）Geofabrik japan-latest.osm.pbf 2026-09-23T20:22:04Z node/11848789126 ｜ OpenStreetMap（© OpenStreetMap contributors, ODbL 1.0）Geofabrik japan-latest.osm.pbf 2026-09-23T20:22:04Z node/4941377812（登山道と道路の接続点）",
    "verifiedAt": ""
   }
  },
  {
   "type": "Feature",
   "geometry": {
    "type": "Point",
    "coordinates": [
     135.897945,
     34.0408338
    ]
   },
   "properties": {
    "id": "TH-n11969925769",
    "kind": "trailhead",
    "name": "持経宿",
    "datum": "WGS84",
    "mountainIds": "722 735",
    "mountainNames": "釈迦ヶ岳、笠捨山",
    "lists": "日本二百名山|日本三百名山|関西百名山",
    "routes": "",
    "entryType": "施設（山小屋・宿・キャンプ場）からの入口",
    "trailKmToSummit": "釈迦ヶ岳:9.75km 笠捨山:8.28km",
    "related": "",
    "attributes": "",
    "status": "provisional",
    "accuracyM": 15,
    "needsReview": "公式情報または2情報源での確認が必要",
    "sources": "OpenStreetMap（© OpenStreetMap contributors, ODbL 1.0）Geofabrik japan-latest.osm.pbf 2026-09-23T20:22:04Z node/11969925769",
    "verifiedAt": ""
   }
  },
  {
   "type": "Feature",
   "geometry": {
    "type": "Point",
    "coordinates": [
     135.3969553,
     34.2379659
    ]
   },
   "properties": {
    "id": "TH-n12169219547",
    "kind": "trailhead",
    "name": "（名称未確認）",
    "datum": "WGS84",
    "mountainIds": "704",
    "mountainNames": "龍門山",
    "lists": "関西百名山",
    "routes": "",
    "entryType": "一般道との接続",
    "trailKmToSummit": "龍門山:1.43km",
    "related": "PK-w764571754(154m) PK-w764571753(201m)",
    "attributes": "",
    "status": "provisional",
    "accuracyM": 30,
    "needsReview": "名称未確認、登山道が道路を横断する地点（途中の入口の可能性）、公式情報または2情報源での確認が必要",
    "sources": "OpenStreetMap（© OpenStreetMap contributors, ODbL 1.0）Geofabrik japan-latest.osm.pbf 2026-09-23T20:22:04Z node/12169219547（登山道と道路の接続点）",
    "verifiedAt": ""
   }
  },
  {
   "type": "Feature",
   "geometry": {
    "type": "Point",
    "coordinates": [
     136.2523201,
     35.5679817
    ]
   },
   "properties": {
    "id": "TH-n12169870404",
    "kind": "trailhead",
    "name": "（名称未確認）杉野農協前バス停付近",
    "datum": "WGS84",
    "mountainIds": "425",
    "mountainNames": "横山岳",
    "lists": "関西百名山",
    "routes": "",
    "entryType": "林道との接続",
    "trailKmToSummit": "横山岳:4.45km",
    "related": "BS-kP11-22-25-bs18(877m)",
    "attributes": "",
    "status": "provisional",
    "accuracyM": 30,
    "needsReview": "名称未確認、林道からの入口（マイカー進入可否を要確認）、公式情報または2情報源での確認が必要",
    "sources": "OpenStreetMap（© OpenStreetMap contributors, ODbL 1.0）Geofabrik japan-latest.osm.pbf 2026-09-23T20:22:04Z node/12169870404（登山道と道路の接続点）",
    "verifiedAt": ""
   }
  },
  {
   "type": "Feature",
   "geometry": {
    "type": "Point",
    "coordinates": [
     136.2590736,
     35.5850446
    ]
   },
   "properties": {
    "id": "TH-n12169870554",
    "kind": "trailhead",
    "name": "白谷登山口（横山岳）",
    "datum": "WGS84",
    "mountainIds": "425",
    "mountainNames": "横山岳",
    "lists": "関西百名山",
    "routes": "",
    "entryType": "道路の終点付近",
    "trailKmToSummit": "横山岳:2.11km",
    "related": "PK-g3558504_13625907(0m)",
    "attributes": "",
    "status": "provisional",
    "accuracyM": 30,
    "needsReview": "林道からの入口（マイカー進入可否を要確認）、公式情報または2情報源での確認が必要",
    "sources": "OpenStreetMap（© OpenStreetMap contributors, ODbL 1.0）Geofabrik japan-latest.osm.pbf 2026-09-23T20:22:04Z node/12169870554（登山道と道路の接続点） ｜ 登山記録で広く使われている登山口（登山記録・登山情報サイトで名称と利用を確認。公式情報では未確認） 2026-09-24確認",
    "verifiedAt": ""
   }
  },
  {
   "type": "Feature",
   "geometry": {
    "type": "Point",
    "coordinates": [
     135.8943157,
     34.2666819
    ]
   },
   "properties": {
    "id": "TH-n12292903156",
    "kind": "trailhead",
    "name": "母公堂（稲村ヶ岳登山口／洞川）",
    "datum": "WGS84",
    "mountainIds": "700 705 710",
    "mountainNames": "山上ヶ岳、稲村ヶ岳、大普賢岳",
    "lists": "日本三百名山|関西百名山",
    "routes": "",
    "entryType": "一般道（県道以上）との接続",
    "trailKmToSummit": "山上ヶ岳:7.51km 稲村ヶ岳:6.11km 大普賢岳:12.52km",
    "related": "PK-w574947474(16m) PK-n3014434870(32m)",
    "attributes": "restriction=山上ヶ岳は大峯大橋・五番関・阿弥陀ヶ森・レンゲ辻に女人結界門があり、宗教上の理由で男性のみ入山可; parking=県道21号終点の大峯大橋駐車場（有料）; season=山上ヶ岳の戸開け期間は5月3日〜9月23日",
    "status": "adopted",
    "accuracyM": 15,
    "needsReview": "母公堂（天川村洞川）は稲村ヶ岳の登山口にあたる、山上ヶ岳の主な登山口である大峯大橋・五番関・阿弥陀ヶ森・レンゲ辻には女人結界門がある（天川村）、洞川温泉バス停から山上ヶ岳の登山口（大峯大橋）まで約4km・徒歩約1時間（天川村）、レンゲ辻コースは登山道が不明確な箇所があり、初心者には尾根コースが案内されている（天川村）、国土地理院の地名との差が233mあり、登山口そのものの位置は目視未確認",
    "sources": "OpenStreetMap（© OpenStreetMap contributors, ODbL 1.0）Geofabrik japan-latest.osm.pbf 2026-09-23T20:22:04Z node/12292903156（登山道と道路の接続点） ｜ 公式情報: https://www.vill.tenkawa.nara.jp/tourism/spot/5187/ ｜ 国土地理院 地名検索「母公堂」（34.265558, 135.896461、JGD2011、233m差）2026-09-20確認",
    "verifiedAt": "2026-09-20"
   }
  },
  {
   "type": "Feature",
   "geometry": {
    "type": "Point",
    "coordinates": [
     135.248252,
     34.7961362
    ]
   },
   "properties": {
    "id": "TH-n12345111564",
    "kind": "trailhead",
    "name": "小宿とうじ",
    "datum": "WGS84",
    "mountainIds": "628",
    "mountainNames": "六甲最高峰",
    "lists": "日本三百名山|関西百名山",
    "routes": "",
    "entryType": "施設（山小屋・宿・キャンプ場）からの入口",
    "trailKmToSummit": "六甲最高峰:3.22km",
    "related": "PK-w362912679(129m) PK-w986937428(153m) PK-n6214974621(210m) BS-n2683213081(139m) BS-n5191770978(151m) BS-kP11-22-28-bs5930(327m)",
    "attributes": "",
    "status": "provisional",
    "accuracyM": 15,
    "needsReview": "公式情報または2情報源での確認が必要",
    "sources": "OpenStreetMap（© OpenStreetMap contributors, ODbL 1.0）Geofabrik japan-latest.osm.pbf 2026-09-23T20:22:04Z node/12345111564 ｜ 国土地理院 地名検索「有馬温泉」（34.796742, 135.250569、JGD2011、222m差）2026-09-20確認",
    "verifiedAt": "2026-09-20"
   }
  },
  {
   "type": "Feature",
   "geometry": {
    "type": "Point",
    "coordinates": [
     135.4507793,
     34.9217235
    ]
   },
   "properties": {
    "id": "TH-n1264700814",
    "kind": "trailhead",
    "name": "（名称未確認）ケーブル黒川駅バス停付近",
    "datum": "WGS84",
    "mountainIds": "615",
    "mountainNames": "妙見山",
    "lists": "関西百名山",
    "routes": "",
    "entryType": "一般道（県道以上）との接続",
    "trailKmToSummit": "妙見山:2.2km",
    "related": "BS-n1264700792(60m) BS-kP11-22-28-bs3692(98m) BS-kP11-22-28-bs3692(98m)",
    "attributes": "",
    "status": "provisional",
    "accuracyM": 30,
    "needsReview": "名称未確認、公式情報または2情報源での確認が必要",
    "sources": "OpenStreetMap（© OpenStreetMap contributors, ODbL 1.0）Geofabrik japan-latest.osm.pbf 2026-09-23T20:22:04Z node/1264700814（登山道と道路の接続点）",
    "verifiedAt": ""
   }
  },
  {
   "type": "Feature",
   "geometry": {
    "type": "Point",
    "coordinates": [
     135.9378594,
     35.3234841
    ]
   },
   "properties": {
    "id": "TH-n12816030160",
    "kind": "trailhead",
    "name": "第２ゲレンデ",
    "datum": "WGS84",
    "mountainIds": "509 522",
    "mountainNames": "蛇谷ヶ峰、武奈ヶ岳",
    "lists": "関西百名山|日本二百名山|日本三百名山",
    "routes": "",
    "entryType": "索道駅（ロープウェイ・ゴンドラ）",
    "trailKmToSummit": "蛇谷ヶ峰:0.98km 武奈ヶ岳:9.5km",
    "related": "",
    "attributes": "",
    "status": "provisional",
    "accuracyM": 15,
    "needsReview": "公式情報または2情報源での確認が必要",
    "sources": "OpenStreetMap（© OpenStreetMap contributors, ODbL 1.0）Geofabrik japan-latest.osm.pbf 2026-09-23T20:22:04Z node/12816030160",
    "verifiedAt": ""
   }
  },
  {
   "type": "Feature",
   "geometry": {
    "type": "Point",
    "coordinates": [
     135.9404959,
     35.3295606
    ]
   },
   "properties": {
    "id": "TH-n12816030161",
    "kind": "trailhead",
    "name": "第１ペアリフト",
    "datum": "WGS84",
    "mountainIds": "509 522",
    "mountainNames": "蛇谷ヶ峰、武奈ヶ岳",
    "lists": "関西百名山|日本二百名山|日本三百名山",
    "routes": "",
    "entryType": "索道駅（ロープウェイ・ゴンドラ）",
    "trailKmToSummit": "蛇谷ヶ峰:1.87km 武奈ヶ岳:10.4km",
    "related": "PK-w440696167(106m) PK-w440696178(186m)",
    "attributes": "",
    "status": "provisional",
    "accuracyM": 15,
    "needsReview": "公式情報または2情報源での確認が必要",
    "sources": "OpenStreetMap（© OpenStreetMap contributors, ODbL 1.0）Geofabrik japan-latest.osm.pbf 2026-09-23T20:22:04Z node/12816030161 ｜ 国土地理院 地名検索「入部谷越」（35.330688, 135.942778、JGD2011、242m差）2026-09-20確認",
    "verifiedAt": "2026-09-20"
   }
  },
  {
   "type": "Feature",
   "geometry": {
    "type": "Point",
    "coordinates": [
     136.4208636,
     35.4119114
    ]
   },
   "properties": {
    "id": "TH-n1290426708",
    "kind": "trailhead",
    "name": "（名称未確認）",
    "datum": "WGS84",
    "mountainIds": "477",
    "mountainNames": "伊吹山",
    "lists": "日本百名山|日本二百名山|日本三百名山|関西百名山|東海の百山",
    "routes": "",
    "entryType": "一般道（県道以上）との接続",
    "trailKmToSummit": "伊吹山:2.26km",
    "related": "PK-w628044416(354m)",
    "attributes": "restriction=米原市側の麓からの登山は禁止（登山道崩落、復旧時期未定）; fee=入山協力金 1人300円（任意）",
    "status": "provisional",
    "accuracyM": 30,
    "needsReview": "名称未確認、近くの道路にゲートあり（車両通行止め・季節閉鎖の可能性）、公式情報または2情報源での確認が必要、2023年7月の大雨で米原市上野からの登山道が大規模に崩壊し、2024年7月にも土石流が発生。麓からの入山は禁止されている（米原市）、復旧時期は未定。季節やルートにかかわらず米原市側の麓からは登れない（米原市）、滋賀県と米原市が保全対策のロードマップを策定している（滋賀県）、この地点がどの登山口かは未確認",
    "sources": "OpenStreetMap（© OpenStreetMap contributors, ODbL 1.0）Geofabrik japan-latest.osm.pbf 2026-09-23T20:22:04Z node/1290426708（登山道と道路の接続点） ｜ 公式情報: https://www.city.maibara.lg.jp/mtibuki/index.html ｜ 公式情報: https://www.city.maibara.lg.jp/mtibuki/question/20666.html ｜ 公式情報: https://www.city.maibara.lg.jp/mtibuki/about_tozan/20361.html ｜ 公式情報: https://www.pref.shiga.lg.jp/ippan/kankyoshizen/shizen/343605.html",
    "verifiedAt": "2026-09-20"
   }
  },
  {
   "type": "Feature",
   "geometry": {
    "type": "Point",
    "coordinates": [
     134.837219,
     35.0418949
    ]
   },
   "properties": {
    "id": "TH-n1312957502",
    "kind": "trailhead",
    "name": "（名称未確認）寺家駐車場バス停付近",
    "datum": "WGS84",
    "mountainIds": "591",
    "mountainNames": "笠形山",
    "lists": "関西百名山",
    "routes": "",
    "entryType": "一般道との接続",
    "trailKmToSummit": "笠形山:3.67km",
    "related": "BS-kP11-22-28-bs2559(490m) BS-kP11-22-28-bs2561(515m) BS-kP11-22-28-bs2574(653m)",
    "attributes": "",
    "status": "provisional",
    "accuracyM": 30,
    "needsReview": "名称未確認、登山道が道路を横断する地点（途中の入口の可能性）、近くの道路にゲートあり（車両通行止め・季節閉鎖の可能性）、公式情報または2情報源での確認が必要",
    "sources": "OpenStreetMap（© OpenStreetMap contributors, ODbL 1.0）Geofabrik japan-latest.osm.pbf 2026-09-23T20:22:04Z node/1312957502（登山道と道路の接続点）",
    "verifiedAt": ""
   }
  },
  {
   "type": "Feature",
   "geometry": {
    "type": "Point",
    "coordinates": [
     135.4393781,
     34.3476505
    ]
   },
   "properties": {
    "id": "TH-n13168619829",
    "kind": "trailhead",
    "name": "（名称未確認）",
    "datum": "WGS84",
    "mountainIds": "689",
    "mountainNames": "和泉葛城山",
    "lists": "関西百名山",
    "routes": "OSM登山道「葛城修験の道」",
    "entryType": "一般道との接続",
    "trailKmToSummit": "和泉葛城山:0.47km",
    "related": "PK-w761272318(344m) PK-w761272317(411m)",
    "attributes": "",
    "status": "provisional",
    "accuracyM": 30,
    "needsReview": "名称未確認、登山道が道路を横断する地点（途中の入口の可能性）、公式情報または2情報源での確認が必要",
    "sources": "OpenStreetMap（© OpenStreetMap contributors, ODbL 1.0）Geofabrik japan-latest.osm.pbf 2026-09-23T20:22:04Z node/13168619829（登山道と道路の接続点）",
    "verifiedAt": ""
   }
  },
  {
   "type": "Feature",
   "geometry": {
    "type": "Point",
    "coordinates": [
     135.6841484,
     34.535606
    ]
   },
   "properties": {
    "id": "TH-n13182743474",
    "kind": "trailhead",
    "name": "二上山池横登山口",
    "datum": "WGS84",
    "mountainIds": "653",
    "mountainNames": "二上山",
    "lists": "関西百名山",
    "routes": "",
    "entryType": "登山口（OSMの登山口地物）",
    "trailKmToSummit": "二上山:1.6km",
    "related": "BS-kP11-22-29-bs1327(527m) BS-kP11-22-29-bs1377(708m) BS-kP11-22-29-bs1304(878m)",
    "attributes": "",
    "status": "provisional",
    "accuracyM": 15,
    "needsReview": "公式情報または2情報源での確認が必要",
    "sources": "OpenStreetMap（© OpenStreetMap contributors, ODbL 1.0）Geofabrik japan-latest.osm.pbf 2026-09-23T20:22:04Z node/13182743474",
    "verifiedAt": ""
   }
  },
  {
   "type": "Feature",
   "geometry": {
    "type": "Point",
    "coordinates": [
     136.1342567,
     34.192704
    ]
   },
   "properties": {
    "id": "TH-n1324998914",
    "kind": "trailhead",
    "name": "（名称未確認）",
    "datum": "WGS84",
    "mountainIds": "718",
    "mountainNames": "大台ヶ原山",
    "lists": "日本百名山|日本二百名山|日本三百名山|関西百名山|東海の百山",
    "routes": "",
    "entryType": "道路の終点付近",
    "trailKmToSummit": "大台ヶ原山:2.85km",
    "related": "",
    "attributes": "",
    "status": "candidate",
    "accuracyM": 30,
    "needsReview": "名称未確認、林道からの入口（マイカー進入可否を要確認）、公式情報または2情報源での確認が必要",
    "sources": "OpenStreetMap（© OpenStreetMap contributors, ODbL 1.0）Geofabrik japan-latest.osm.pbf 2026-09-23T20:22:04Z node/1324998914（登山道と道路の接続点）",
    "verifiedAt": ""
   }
  },
  {
   "type": "Feature",
   "geometry": {
    "type": "Point",
    "coordinates": [
     135.1721759,
     34.6732083
    ]
   },
   "properties": {
    "id": "TH-n13255278248",
    "kind": "trailhead",
    "name": "朝日温泉",
    "datum": "WGS84",
    "mountainIds": "637",
    "mountainNames": "横尾山",
    "lists": "関西百名山",
    "routes": "",
    "entryType": "施設（山小屋・宿・キャンプ場）からの入口",
    "trailKmToSummit": "横尾山:8.34km",
    "related": "PK-w1096570712(173m) PK-w1096570733(183m) PK-w1088090073(206m) BS-kP11-22-28-bs9041(188m) BS-kP11-22-28-bs9041(188m) BS-kP11-22-28-bs9074(310m)",
    "attributes": "",
    "status": "provisional",
    "accuracyM": 15,
    "needsReview": "近くの道路にゲートあり（車両通行止め・季節閉鎖の可能性）、公式情報または2情報源での確認が必要",
    "sources": "OpenStreetMap（© OpenStreetMap contributors, ODbL 1.0）Geofabrik japan-latest.osm.pbf 2026-09-23T20:22:04Z node/13255278248",
    "verifiedAt": ""
   }
  },
  {
   "type": "Feature",
   "geometry": {
    "type": "Point",
    "coordinates": [
     135.1349415,
     34.6671086
    ]
   },
   "properties": {
    "id": "TH-n13309695201",
    "kind": "trailhead",
    "name": "三井のリパーク 神戸長田長尾町2丁目 駐車場",
    "datum": "WGS84",
    "mountainIds": "637",
    "mountainNames": "横尾山",
    "lists": "関西百名山",
    "routes": "OSM登山道「須磨里５５３号線」",
    "entryType": "駐車場・バス停（林道・車道を経由して登山道へ）",
    "trailKmToSummit": "横尾山:3.21km",
    "related": "PK-n13309695201(0m) PK-n13309695301(37m) BS-kP11-22-28-bs9199(26m) BS-kP11-22-28-bs9199(26m) BS-kP11-22-28-bs9157(273m)",
    "attributes": "",
    "status": "provisional",
    "accuracyM": 15,
    "needsReview": "近くの道路にゲートあり（車両通行止め・季節閉鎖の可能性）、公式情報または2情報源での確認が必要",
    "sources": "OpenStreetMap（© OpenStreetMap contributors, ODbL 1.0）Geofabrik japan-latest.osm.pbf 2026-09-23T20:22:04Z node/13309695201 ｜ OpenStreetMap（© OpenStreetMap contributors, ODbL 1.0）Geofabrik japan-latest.osm.pbf 2026-09-23T20:22:04Z node/2117457595（登山道と道路の接続点）",
    "verifiedAt": ""
   }
  },
  {
   "type": "Feature",
   "geometry": {
    "type": "Point",
    "coordinates": [
     134.7904393,
     34.8080383
    ]
   },
   "properties": {
    "id": "TH-n1342088505",
    "kind": "trailhead",
    "name": "（名称未確認）霊園前バス停付近",
    "datum": "WGS84",
    "mountainIds": "624",
    "mountainNames": "高御位山",
    "lists": "関西百名山",
    "routes": "",
    "entryType": "一般道との接続",
    "trailKmToSummit": "高御位山:0.63km",
    "related": "PK-w1124992007(349m) BS-kP11-22-28-bs5795(828m) BS-n11128964322(884m) BS-n11134002585(886m)",
    "attributes": "",
    "status": "provisional",
    "accuracyM": 30,
    "needsReview": "名称未確認、近くの道路にゲートあり（車両通行止め・季節閉鎖の可能性）、公式情報または2情報源での確認が必要",
    "sources": "OpenStreetMap（© OpenStreetMap contributors, ODbL 1.0）Geofabrik japan-latest.osm.pbf 2026-09-23T20:22:04Z node/1342088505（登山道と道路の接続点）",
    "verifiedAt": ""
   }
  },
  {
   "type": "Feature",
   "geometry": {
    "type": "Point",
    "coordinates": [
     134.7755084,
     34.8092101
    ]
   },
   "properties": {
    "id": "TH-n1342088597",
    "kind": "trailhead",
    "name": "鹿嶋神社（高御位山 馬の背登山口）",
    "datum": "WGS84",
    "mountainIds": "624",
    "mountainNames": "高御位山",
    "lists": "関西百名山",
    "routes": "",
    "entryType": "一般道との接続",
    "trailKmToSummit": "高御位山:2.22km",
    "related": "PK-w1124722862(284m) PK-n2604549382(310m) PK-w1124722863(313m) BS-kP11-22-28-bs5722(310m) BS-n11134002585(516m) BS-n11128964322(517m)",
    "attributes": "",
    "status": "provisional",
    "accuracyM": 30,
    "needsReview": "登山道が道路を横断する地点（途中の入口の可能性）、近くの道路にゲートあり（車両通行止め・季節閉鎖の可能性）、公式情報または2情報源での確認が必要",
    "sources": "OpenStreetMap（© OpenStreetMap contributors, ODbL 1.0）Geofabrik japan-latest.osm.pbf 2026-09-23T20:22:04Z node/1342088597（登山道と道路の接続点） ｜ 登山記録で広く使われている登山口（登山記録・登山情報サイトで名称と利用を確認。公式情報では未確認） 2026-09-24確認",
    "verifiedAt": ""
   }
  },
  {
   "type": "Feature",
   "geometry": {
    "type": "Point",
    "coordinates": [
     134.7567752,
     34.8147345
    ]
   },
   "properties": {
    "id": "TH-n1342305135",
    "kind": "trailhead",
    "name": "（名称未確認）佐土新バス停付近",
    "datum": "WGS84",
    "mountainIds": "624",
    "mountainNames": "高御位山",
    "lists": "関西百名山",
    "routes": "",
    "entryType": "道路の終点付近",
    "trailKmToSummit": "高御位山:4.69km",
    "related": "PK-w1085625241(376m) PK-w1085625242(377m) BS-kP11-22-28-bs5438(508m) BS-kP11-22-28-bs5438(508m) BS-kP11-22-28-bs5516(538m)",
    "attributes": "",
    "status": "provisional",
    "accuracyM": 30,
    "needsReview": "名称未確認、近くの道路にゲートあり（車両通行止め・季節閉鎖の可能性）、林道からの入口（マイカー進入可否を要確認）、公式情報または2情報源での確認が必要",
    "sources": "OpenStreetMap（© OpenStreetMap contributors, ODbL 1.0）Geofabrik japan-latest.osm.pbf 2026-09-23T20:22:04Z node/1342305135（登山道と道路の接続点）",
    "verifiedAt": ""
   }
  },
  {
   "type": "Feature",
   "geometry": {
    "type": "Point",
    "coordinates": [
     134.7578228,
     34.8287182
    ]
   },
   "properties": {
    "id": "TH-n1342310314",
    "kind": "trailhead",
    "name": "（名称未確認）夕陽ヶ丘バス停付近",
    "datum": "WGS84",
    "mountainIds": "624",
    "mountainNames": "高御位山",
    "lists": "関西百名山",
    "routes": "",
    "entryType": "一般道との接続",
    "trailKmToSummit": "高御位山:4.97km",
    "related": "BS-kP11-22-28-bs5147(98m) BS-kP11-22-28-bs5189(616m)",
    "attributes": "",
    "status": "provisional",
    "accuracyM": 30,
    "needsReview": "名称未確認、公式情報または2情報源での確認が必要",
    "sources": "OpenStreetMap（© OpenStreetMap contributors, ODbL 1.0）Geofabrik japan-latest.osm.pbf 2026-09-23T20:22:04Z node/1342310314（登山道と道路の接続点）",
    "verifiedAt": ""
   }
  },
  {
   "type": "Feature",
   "geometry": {
    "type": "Point",
    "coordinates": [
     134.663114,
     35.065534
    ]
   },
   "properties": {
    "id": "TH-n1342764373",
    "kind": "trailhead",
    "name": "（名称未確認）",
    "datum": "WGS84",
    "mountainIds": "587",
    "mountainNames": "雪彦山",
    "lists": "関西百名山",
    "routes": "",
    "entryType": "一般道との接続",
    "trailKmToSummit": "雪彦山:2.86km",
    "related": "",
    "attributes": "",
    "status": "candidate",
    "accuracyM": 30,
    "needsReview": "名称未確認、公式情報または2情報源での確認が必要",
    "sources": "OpenStreetMap（© OpenStreetMap contributors, ODbL 1.0）Geofabrik japan-latest.osm.pbf 2026-09-23T20:22:04Z node/1342764373（登山道と道路の接続点）",
    "verifiedAt": ""
   }
  },
  {
   "type": "Feature",
   "geometry": {
    "type": "Point",
    "coordinates": [
     135.6179216,
     35.0505629
    ]
   },
   "properties": {
    "id": "TH-n1344169034",
    "kind": "trailhead",
    "name": "（名称未確認）神明峠付近",
    "datum": "WGS84",
    "mountainIds": "593",
    "mountainNames": "愛宕山",
    "lists": "日本三百名山|関西百名山",
    "routes": "",
    "entryType": "峠（道路との接続）",
    "trailKmToSummit": "愛宕山:3.38km",
    "related": "",
    "attributes": "",
    "status": "candidate",
    "accuracyM": 30,
    "needsReview": "名称未確認、近くの道路にゲートあり（車両通行止め・季節閉鎖の可能性）、公式情報または2情報源での確認が必要",
    "sources": "OpenStreetMap（© OpenStreetMap contributors, ODbL 1.0）Geofabrik japan-latest.osm.pbf 2026-09-23T20:22:04Z node/1344169034（登山道と道路の接続点）",
    "verifiedAt": ""
   }
  },
  {
   "type": "Feature",
   "geometry": {
    "type": "Point",
    "coordinates": [
     135.6121585,
     35.0667402
    ]
   },
   "properties": {
    "id": "TH-n1344185567",
    "kind": "trailhead",
    "name": "（名称未確認）原バス停付近",
    "datum": "WGS84",
    "mountainIds": "593",
    "mountainNames": "愛宕山",
    "lists": "日本三百名山|関西百名山",
    "routes": "",
    "entryType": "一般道（県道以上）との接続",
    "trailKmToSummit": "愛宕山:2.92km",
    "related": "BS-kP11-22-26-bs1868(624m) BS-kP11-22-26-bs1855(919m)",
    "attributes": "",
    "status": "provisional",
    "accuracyM": 30,
    "needsReview": "名称未確認、公式情報または2情報源での確認が必要",
    "sources": "OpenStreetMap（© OpenStreetMap contributors, ODbL 1.0）Geofabrik japan-latest.osm.pbf 2026-09-23T20:22:04Z node/1344185567（登山道と道路の接続点）",
    "verifiedAt": ""
   }
  },
  {
   "type": "Feature",
   "geometry": {
    "type": "Point",
    "coordinates": [
     135.3968099,
     35.020416
    ]
   },
   "properties": {
    "id": "TH-n1344188819",
    "kind": "trailhead",
    "name": "（名称未確認）土ケ畑口バス停付近",
    "datum": "WGS84",
    "mountainIds": "606",
    "mountainNames": "剣尾山",
    "lists": "関西百名山",
    "routes": "",
    "entryType": "一般道との接続",
    "trailKmToSummit": "剣尾山:2.25km",
    "related": "BS-kP11-22-26-bs2353(412m) BS-kP11-22-26-bs2353(412m) BS-kP11-22-26-bs2380(716m)",
    "attributes": "",
    "status": "provisional",
    "accuracyM": 30,
    "needsReview": "名称未確認、公式情報または2情報源での確認が必要",
    "sources": "OpenStreetMap（© OpenStreetMap contributors, ODbL 1.0）Geofabrik japan-latest.osm.pbf 2026-09-23T20:22:04Z node/1344188819（登山道と道路の接続点）",
    "verifiedAt": ""
   }
  },
  {
   "type": "Feature",
   "geometry": {
    "type": "Point",
    "coordinates": [
     136.0445731,
     35.0515771
    ]
   },
   "properties": {
    "id": "TH-n1352163563",
    "kind": "trailhead",
    "name": "（名称未確認）植物園第1駐車場付近",
    "datum": "WGS84",
    "mountainIds": "597",
    "mountainNames": "三上山",
    "lists": "関西百名山",
    "routes": "OSM登山道「三上山花緑公園側登山道」",
    "entryType": "道路の終点付近",
    "trailKmToSummit": "三上山:0.74km",
    "related": "PK-w673568950(136m) PK-w673558094(233m) PK-w673568951(249m) BS-kP11-22-25-bs1976(144m) BS-kP11-22-25-bs1959(214m) BS-kP11-22-25-bs1940(477m)",
    "attributes": "",
    "status": "provisional",
    "accuracyM": 30,
    "needsReview": "名称未確認、近くの道路にゲートあり（車両通行止め・季節閉鎖の可能性）、公式情報または2情報源での確認が必要",
    "sources": "OpenStreetMap（© OpenStreetMap contributors, ODbL 1.0）Geofabrik japan-latest.osm.pbf 2026-09-23T20:22:04Z node/1352163563（登山道と道路の接続点）",
    "verifiedAt": ""
   }
  },
  {
   "type": "Feature",
   "geometry": {
    "type": "Point",
    "coordinates": [
     136.032732,
     35.055712
    ]
   },
   "properties": {
    "id": "TH-n1352164046",
    "kind": "trailhead",
    "name": "（名称未確認）三上バス停付近",
    "datum": "WGS84",
    "mountainIds": "597",
    "mountainNames": "三上山",
    "lists": "関西百名山",
    "routes": "",
    "entryType": "一般道との接続",
    "trailKmToSummit": "三上山:1.83km",
    "related": "BS-kP11-22-25-bs1947(577m) BS-kP11-22-25-bs1968(672m) BS-kP11-22-25-bs1986(782m)",
    "attributes": "",
    "status": "provisional",
    "accuracyM": 30,
    "needsReview": "名称未確認、近くの道路にゲートあり（車両通行止め・季節閉鎖の可能性）、公式情報または2情報源での確認が必要",
    "sources": "OpenStreetMap（© OpenStreetMap contributors, ODbL 1.0）Geofabrik japan-latest.osm.pbf 2026-09-23T20:22:04Z node/1352164046（登山道と道路の接続点）",
    "verifiedAt": ""
   }
  },
  {
   "type": "Feature",
   "geometry": {
    "type": "Point",
    "coordinates": [
     136.0452941,
     35.0558971
    ]
   },
   "properties": {
    "id": "TH-n1352164065",
    "kind": "trailhead",
    "name": "（名称未確認）第二駐車場付近",
    "datum": "WGS84",
    "mountainIds": "597",
    "mountainNames": "三上山",
    "lists": "関西百名山",
    "routes": "",
    "entryType": "一般道との接続",
    "trailKmToSummit": "三上山:1.38km",
    "related": "PK-w672033042(32m) PK-w673568951(248m) PK-w481206403(358m) BS-kP11-22-25-bs1940(32m) BS-kP11-22-25-bs1959(272m) BS-kP11-22-25-bs1913(368m)",
    "attributes": "",
    "status": "provisional",
    "accuracyM": 30,
    "needsReview": "名称未確認、登山道が道路を横断する地点（途中の入口の可能性）、近くの道路にゲートあり（車両通行止め・季節閉鎖の可能性）、公式情報または2情報源での確認が必要",
    "sources": "OpenStreetMap（© OpenStreetMap contributors, ODbL 1.0）Geofabrik japan-latest.osm.pbf 2026-09-23T20:22:04Z node/1352164065（登山道と道路の接続点）",
    "verifiedAt": ""
   }
  },
  {
   "type": "Feature",
   "geometry": {
    "type": "Point",
    "coordinates": [
     136.3292453,
     35.0170606
    ]
   },
   "properties": {
    "id": "TH-n1352647435",
    "kind": "trailhead",
    "name": "（名称未確認）",
    "datum": "WGS84",
    "mountainIds": "604",
    "mountainNames": "綿向山",
    "lists": "東海の百山",
    "routes": "",
    "entryType": "道路の終点付近",
    "trailKmToSummit": "綿向山:1.93km",
    "related": "",
    "attributes": "",
    "status": "candidate",
    "accuracyM": 30,
    "needsReview": "名称未確認、林道からの入口（マイカー進入可否を要確認）、公式情報または2情報源での確認が必要",
    "sources": "OpenStreetMap（© OpenStreetMap contributors, ODbL 1.0）Geofabrik japan-latest.osm.pbf 2026-09-23T20:22:04Z node/1352647435（登山道と道路の接続点）",
    "verifiedAt": ""
   }
  },
  {
   "type": "Feature",
   "geometry": {
    "type": "Point",
    "coordinates": [
     136.33182,
     35.021747
    ]
   },
   "properties": {
    "id": "TH-n1352651635",
    "kind": "trailhead",
    "name": "（名称未確認）",
    "datum": "WGS84",
    "mountainIds": "604",
    "mountainNames": "綿向山",
    "lists": "東海の百山",
    "routes": "",
    "entryType": "道路の終点付近",
    "trailKmToSummit": "綿向山:1.73km",
    "related": "",
    "attributes": "",
    "status": "candidate",
    "accuracyM": 30,
    "needsReview": "名称未確認、林道からの入口（マイカー進入可否を要確認）、公式情報または2情報源での確認が必要",
    "sources": "OpenStreetMap（© OpenStreetMap contributors, ODbL 1.0）Geofabrik japan-latest.osm.pbf 2026-09-23T20:22:04Z node/1352651635（登山道と道路の接続点）",
    "verifiedAt": ""
   }
  },
  {
   "type": "Feature",
   "geometry": {
    "type": "Point",
    "coordinates": [
     135.868655,
     35.2472278
    ]
   },
   "properties": {
    "id": "TH-n1353602225",
    "kind": "trailhead",
    "name": "（名称未確認）坊村バス停付近",
    "datum": "WGS84",
    "mountainIds": "509 544",
    "mountainNames": "蛇谷ヶ峰、蓬莱山",
    "lists": "関西百名山|日本三百名山",
    "routes": "",
    "entryType": "一般道との接続",
    "trailKmToSummit": "蛇谷ヶ峰:12.31km 蓬莱山:11.07km",
    "related": "BS-kP11-22-25-bs755(119m) BS-kP11-22-25-bs756(119m) BS-kP11-22-25-bs763(432m)",
    "attributes": "",
    "status": "provisional",
    "accuracyM": 30,
    "needsReview": "名称未確認、近くの道路にゲートあり（車両通行止め・季節閉鎖の可能性）、公式情報または2情報源での確認が必要",
    "sources": "OpenStreetMap（© OpenStreetMap contributors, ODbL 1.0）Geofabrik japan-latest.osm.pbf 2026-09-23T20:22:04Z node/1353602225（登山道と道路の接続点）",
    "verifiedAt": ""
   }
  },
  {
   "type": "Feature",
   "geometry": {
    "type": "Point",
    "coordinates": [
     135.8628426,
     35.0654414
    ]
   },
   "properties": {
    "id": "TH-n1355399585",
    "kind": "trailhead",
    "name": "（名称未確認）ケーブル坂本駅バス停付近",
    "datum": "WGS84",
    "mountainIds": "590",
    "mountainNames": "比叡山",
    "lists": "日本三百名山|関西百名山",
    "routes": "",
    "entryType": "一般道との接続",
    "trailKmToSummit": "比叡山:3.57km",
    "related": "PK-w434629057(467m) PK-w504920753(486m) BS-kP11-22-25-bs1810(463m) BS-n4326224490(472m) BS-kP11-22-25-bs1793(721m)",
    "attributes": "",
    "status": "provisional",
    "accuracyM": 30,
    "needsReview": "名称未確認、近くの道路にゲートあり（車両通行止め・季節閉鎖の可能性）、公式情報または2情報源での確認が必要",
    "sources": "OpenStreetMap（© OpenStreetMap contributors, ODbL 1.0）Geofabrik japan-latest.osm.pbf 2026-09-23T20:22:04Z node/1355399585（登山道と道路の接続点）",
    "verifiedAt": ""
   }
  },
  {
   "type": "Feature",
   "geometry": {
    "type": "Point",
    "coordinates": [
     135.832222,
     35.071926
    ]
   },
   "properties": {
    "id": "TH-n1355400817",
    "kind": "trailhead",
    "name": "（名称未確認）西塔バス停付近",
    "datum": "WGS84",
    "mountainIds": "590",
    "mountainNames": "比叡山",
    "lists": "日本三百名山|関西百名山",
    "routes": "",
    "entryType": "道路の終点付近",
    "trailKmToSummit": "比叡山:1.19km",
    "related": "PK-w405868906(76m) BS-kP11-22-25-bs1791(136m) BS-kP11-22-25-bs1801(641m) BS-kP11-22-25-bs1801(641m)",
    "attributes": "",
    "status": "provisional",
    "accuracyM": 30,
    "needsReview": "名称未確認、近くの道路にゲートあり（車両通行止め・季節閉鎖の可能性）、林道からの入口（マイカー進入可否を要確認）、公式情報または2情報源での確認が必要",
    "sources": "OpenStreetMap（© OpenStreetMap contributors, ODbL 1.0）Geofabrik japan-latest.osm.pbf 2026-09-23T20:22:04Z node/1355400817（登山道と道路の接続点）",
    "verifiedAt": ""
   }
  },
  {
   "type": "Feature",
   "geometry": {
    "type": "Point",
    "coordinates": [
     134.843055,
     35.0653409
    ]
   },
   "properties": {
    "id": "TH-n1358528565",
    "kind": "trailhead",
    "name": "（名称未確認）竜が滝展望台付近",
    "datum": "WGS84",
    "mountainIds": "591",
    "mountainNames": "笠形山",
    "lists": "関西百名山",
    "routes": "",
    "entryType": "一般道との接続",
    "trailKmToSummit": "笠形山:1.03km",
    "related": "",
    "attributes": "",
    "status": "candidate",
    "accuracyM": 30,
    "needsReview": "名称未確認、公式情報または2情報源での確認が必要",
    "sources": "OpenStreetMap（© OpenStreetMap contributors, ODbL 1.0）Geofabrik japan-latest.osm.pbf 2026-09-23T20:22:04Z node/1358528565（登山道と道路の接続点）",
    "verifiedAt": ""
   }
  },
  {
   "type": "Feature",
   "geometry": {
    "type": "Point",
    "coordinates": [
     134.887573,
     35.13979
    ]
   },
   "properties": {
    "id": "TH-n1358550110",
    "kind": "trailhead",
    "name": "（名称未確認）",
    "datum": "WGS84",
    "mountainIds": "571",
    "mountainNames": "千ヶ峰",
    "lists": "関西百名山",
    "routes": "",
    "entryType": "道路の終点付近",
    "trailKmToSummit": "千ヶ峰:0.65km",
    "related": "",
    "attributes": "",
    "status": "candidate",
    "accuracyM": 30,
    "needsReview": "名称未確認、林道からの入口（マイカー進入可否を要確認）、公式情報または2情報源での確認が必要",
    "sources": "OpenStreetMap（© OpenStreetMap contributors, ODbL 1.0）Geofabrik japan-latest.osm.pbf 2026-09-23T20:22:04Z node/1358550110（登山道と道路の接続点）",
    "verifiedAt": ""
   }
  },
  {
   "type": "Feature",
   "geometry": {
    "type": "Point",
    "coordinates": [
     135.748869,
     33.713797
    ]
   },
   "properties": {
    "id": "TH-n1358971194",
    "kind": "trailhead",
    "name": "（名称未確認）",
    "datum": "WGS84",
    "mountainIds": "781",
    "mountainNames": "大塔山",
    "lists": "関西百名山",
    "routes": "",
    "entryType": "道路の終点付近",
    "trailKmToSummit": "大塔山:4.21km",
    "related": "",
    "attributes": "",
    "status": "candidate",
    "accuracyM": 30,
    "needsReview": "名称未確認、林道からの入口（マイカー進入可否を要確認）、公式情報または2情報源での確認が必要",
    "sources": "OpenStreetMap（© OpenStreetMap contributors, ODbL 1.0）Geofabrik japan-latest.osm.pbf 2026-09-23T20:22:04Z node/1358971194（登山道と道路の接続点）",
    "verifiedAt": ""
   }
  },
  {
   "type": "Feature",
   "geometry": {
    "type": "Point",
    "coordinates": [
     135.817545,
     33.885818
    ]
   },
   "properties": {
    "id": "TH-n1358994352",
    "kind": "trailhead",
    "name": "（名称未確認）",
    "datum": "WGS84",
    "mountainIds": "762",
    "mountainNames": "五大尊岳",
    "lists": "関西百名山",
    "routes": "",
    "entryType": "一般道との接続",
    "trailKmToSummit": "五大尊岳:2.91km",
    "related": "",
    "attributes": "",
    "status": "candidate",
    "accuracyM": 30,
    "needsReview": "名称未確認、公式情報または2情報源での確認が必要",
    "sources": "OpenStreetMap（© OpenStreetMap contributors, ODbL 1.0）Geofabrik japan-latest.osm.pbf 2026-09-23T20:22:04Z node/1358994352（登山道と道路の接続点）",
    "verifiedAt": ""
   }
  },
  {
   "type": "Feature",
   "geometry": {
    "type": "Point",
    "coordinates": [
     135.9922041,
     34.9026021
    ]
   },
   "properties": {
    "id": "TH-n1360490612",
    "kind": "trailhead",
    "name": "（名称未確認）",
    "datum": "WGS84",
    "mountainIds": "617",
    "mountainNames": "太神山",
    "lists": "関西百名山",
    "routes": "",
    "entryType": "一般道との接続",
    "trailKmToSummit": "太神山:2.19km",
    "related": "",
    "attributes": "",
    "status": "candidate",
    "accuracyM": 30,
    "needsReview": "名称未確認、登山道が道路を横断する地点（途中の入口の可能性）、近くの道路にゲートあり（車両通行止め・季節閉鎖の可能性）、公式情報または2情報源での確認が必要",
    "sources": "OpenStreetMap（© OpenStreetMap contributors, ODbL 1.0）Geofabrik japan-latest.osm.pbf 2026-09-23T20:22:04Z node/1360490612（登山道と道路の接続点）",
    "verifiedAt": ""
   }
  },
  {
   "type": "Feature",
   "geometry": {
    "type": "Point",
    "coordinates": [
     135.9848031,
     34.9061066
    ]
   },
   "properties": {
    "id": "TH-n1360490825",
    "kind": "trailhead",
    "name": "（名称未確認）",
    "datum": "WGS84",
    "mountainIds": "617",
    "mountainNames": "太神山",
    "lists": "関西百名山",
    "routes": "",
    "entryType": "一般道との接続",
    "trailKmToSummit": "太神山:1.98km",
    "related": "",
    "attributes": "",
    "status": "candidate",
    "accuracyM": 30,
    "needsReview": "名称未確認、近くの道路にゲートあり（車両通行止め・季節閉鎖の可能性）、公式情報または2情報源での確認が必要",
    "sources": "OpenStreetMap（© OpenStreetMap contributors, ODbL 1.0）Geofabrik japan-latest.osm.pbf 2026-09-23T20:22:04Z node/1360490825（登山道と道路の接続点）",
    "verifiedAt": ""
   }
  },
  {
   "type": "Feature",
   "geometry": {
    "type": "Point",
    "coordinates": [
     135.982943,
     34.921351
    ]
   },
   "properties": {
    "id": "TH-n1360492477",
    "kind": "trailhead",
    "name": "（名称未確認）",
    "datum": "WGS84",
    "mountainIds": "617",
    "mountainNames": "太神山",
    "lists": "関西百名山",
    "routes": "",
    "entryType": "道路の終点付近",
    "trailKmToSummit": "太神山:0.56km",
    "related": "",
    "attributes": "",
    "status": "candidate",
    "accuracyM": 30,
    "needsReview": "名称未確認、林道からの入口（マイカー進入可否を要確認）、公式情報または2情報源での確認が必要",
    "sources": "OpenStreetMap（© OpenStreetMap contributors, ODbL 1.0）Geofabrik japan-latest.osm.pbf 2026-09-23T20:22:04Z node/1360492477（登山道と道路の接続点）",
    "verifiedAt": ""
   }
  },
  {
   "type": "Feature",
   "geometry": {
    "type": "Point",
    "coordinates": [
     135.77585,
     35.171496
    ]
   },
   "properties": {
    "id": "TH-n1368926560",
    "kind": "trailhead",
    "name": "花背高原前（雲取山登山口）",
    "datum": "WGS84",
    "mountainIds": "556",
    "mountainNames": "雲取山",
    "lists": "関西百名山",
    "routes": "",
    "entryType": "道路の終点付近",
    "trailKmToSummit": "雲取山:2.78km",
    "related": "BS-kP11-22-26-bs1588(626m) BS-kP11-22-26-bs1587(632m) BS-kP11-22-26-bs1593(700m)",
    "attributes": "",
    "status": "provisional",
    "accuracyM": 30,
    "needsReview": "林道からの入口（マイカー進入可否を要確認）、公式情報または2情報源での確認が必要",
    "sources": "OpenStreetMap（© OpenStreetMap contributors, ODbL 1.0）Geofabrik japan-latest.osm.pbf 2026-09-23T20:22:04Z node/1368926560（登山道と道路の接続点） ｜ 登山記録で広く使われている登山口（登山記録・登山情報サイトで名称と利用を確認。公式情報では未確認） 2026-09-24確認",
    "verifiedAt": ""
   }
  },
  {
   "type": "Feature",
   "geometry": {
    "type": "Point",
    "coordinates": [
     135.829697,
     35.178882
    ]
   },
   "properties": {
    "id": "TH-n1369122616",
    "kind": "trailhead",
    "name": "（名称未確認）",
    "datum": "WGS84",
    "mountainIds": "547",
    "mountainNames": "皆子山",
    "lists": "関西百名山",
    "routes": "",
    "entryType": "一般道との接続",
    "trailKmToSummit": "皆子山:3.57km",
    "related": "",
    "attributes": "",
    "status": "candidate",
    "accuracyM": 30,
    "needsReview": "名称未確認、近くの道路にゲートあり（車両通行止め・季節閉鎖の可能性）、公式情報または2情報源での確認が必要",
    "sources": "OpenStreetMap（© OpenStreetMap contributors, ODbL 1.0）Geofabrik japan-latest.osm.pbf 2026-09-23T20:22:04Z node/1369122616（登山道と道路の接続点）",
    "verifiedAt": ""
   }
  },
  {
   "type": "Feature",
   "geometry": {
    "type": "Point",
    "coordinates": [
     136.4029358,
     35.4174543
    ]
   },
   "properties": {
    "id": "TH-n1376353589",
    "kind": "trailhead",
    "name": "（名称未確認）",
    "datum": "WGS84",
    "mountainIds": "477",
    "mountainNames": "伊吹山",
    "lists": "日本百名山|日本二百名山|日本三百名山|関西百名山|東海の百山",
    "routes": "",
    "entryType": "一般道（県道以上）との接続",
    "trailKmToSummit": "伊吹山:0.3km",
    "related": "",
    "attributes": "",
    "status": "candidate",
    "accuracyM": 30,
    "needsReview": "名称未確認、公式情報または2情報源での確認が必要",
    "sources": "OpenStreetMap（© OpenStreetMap contributors, ODbL 1.0）Geofabrik japan-latest.osm.pbf 2026-09-23T20:22:04Z node/1376353589（登山道と道路の接続点）",
    "verifiedAt": ""
   }
  },
  {
   "type": "Feature",
   "geometry": {
    "type": "Point",
    "coordinates": [
     136.4052721,
     35.4210394
    ]
   },
   "properties": {
    "id": "TH-n1376353782",
    "kind": "trailhead",
    "name": "伊吹山ドライブウェイ山頂駐車場（山頂遊歩道の起点）",
    "datum": "WGS84",
    "mountainIds": "477",
    "mountainNames": "伊吹山",
    "lists": "日本百名山|日本二百名山|日本三百名山|関西百名山|東海の百山",
    "routes": "OSM登山道「西登山道」、伊吹山ドライブウェイ山頂駐車場コース",
    "entryType": "道路の終点付近",
    "trailKmToSummit": "伊吹山:0.37km",
    "related": "PK-w236058705(168m)",
    "attributes": "parking=山頂駐車場（無料）。伊吹山ドライブウェイ（有料道路）の終点; season=伊吹山ドライブウェイの営業期間・時間内のみ通行可（冬期は閉鎖）",
    "status": "adopted",
    "accuracyM": 15,
    "needsReview": "山頂駐車場から山頂へは3本の登山道がある。西登山道 片道約40分、中央登山道 約20分、東登山道は下り専用 約60分（伊吹山ドライブウェイ）、西登山道は大きめの砂利道で、天候が悪いと滑りやすい（伊吹山ドライブウェイ）、米原市側の麓（上野）からの登山道は崩落のため入山禁止。ドライブウェイの案内より米原市の情報を優先すること、公式情報の名称と、地理院地図で徒歩道が道路から始まる位置（58m差）が一致",
    "sources": "OpenStreetMap（© OpenStreetMap contributors, ODbL 1.0）Geofabrik japan-latest.osm.pbf 2026-09-23T20:22:04Z node/1376353782（登山道と道路の接続点） ｜ 公式情報: https://www.ibukiyama-driveway.jp/faq/trail-hiking/ ｜ 公式情報: https://www.ibukiyama-driveway.jp/faq/parking/ ｜ 公式情報: https://www.city.maibara.lg.jp/mtibuki/question/20666.html ｜ 国土地理院ベクトルタイル提供実験 地理院地図の徒歩道の起点（35.420666, 136.405726、JGD2011、58m差）2026-09-21確認",
    "verifiedAt": "2026-09-20"
   }
  },
  {
   "type": "Feature",
   "geometry": {
    "type": "Point",
    "coordinates": [
     136.351659,
     35.2616854
    ]
   },
   "properties": {
    "id": "TH-n1378472701",
    "kind": "trailhead",
    "name": "（名称未確認）",
    "datum": "WGS84",
    "mountainIds": "518",
    "mountainNames": "霊仙山",
    "lists": "関西百名山|東海の百山",
    "routes": "",
    "entryType": "一般道（県道以上）との接続",
    "trailKmToSummit": "霊仙山:3.91km",
    "related": "",
    "attributes": "",
    "status": "candidate",
    "accuracyM": 30,
    "needsReview": "名称未確認、公式情報または2情報源での確認が必要",
    "sources": "OpenStreetMap（© OpenStreetMap contributors, ODbL 1.0）Geofabrik japan-latest.osm.pbf 2026-09-23T20:22:04Z node/1378472701（登山道と道路の接続点）",
    "verifiedAt": ""
   }
  },
  {
   "type": "Feature",
   "geometry": {
    "type": "Point",
    "coordinates": [
     136.3542665,
     35.2650397
    ]
   },
   "properties": {
    "id": "TH-n1378473192",
    "kind": "trailhead",
    "name": "（名称未確認）",
    "datum": "WGS84",
    "mountainIds": "518",
    "mountainNames": "霊仙山",
    "lists": "関西百名山|東海の百山",
    "routes": "",
    "entryType": "一般道（県道以上）との接続",
    "trailKmToSummit": "霊仙山:4.04km",
    "related": "",
    "attributes": "",
    "status": "candidate",
    "accuracyM": 30,
    "needsReview": "名称未確認、公式情報または2情報源での確認が必要",
    "sources": "OpenStreetMap（© OpenStreetMap contributors, ODbL 1.0）Geofabrik japan-latest.osm.pbf 2026-09-23T20:22:04Z node/1378473192（登山道と道路の接続点）",
    "verifiedAt": ""
   }
  },
  {
   "type": "Feature",
   "geometry": {
    "type": "Point",
    "coordinates": [
     136.0387984,
     35.5309529
    ]
   },
   "properties": {
    "id": "TH-n1384044733",
    "kind": "trailhead",
    "name": "（名称未確認）",
    "datum": "WGS84",
    "mountainIds": "441",
    "mountainNames": "赤坂山",
    "lists": "関西百名山",
    "routes": "",
    "entryType": "道路の終点付近",
    "trailKmToSummit": "赤坂山:3.04km",
    "related": "",
    "attributes": "OSM登山ルート: 高島トレイル",
    "status": "candidate",
    "accuracyM": 30,
    "needsReview": "名称未確認、林道からの入口（マイカー進入可否を要確認）、公式情報または2情報源での確認が必要",
    "sources": "OpenStreetMap（© OpenStreetMap contributors, ODbL 1.0）Geofabrik japan-latest.osm.pbf 2026-09-23T20:22:04Z node/1384044733（登山道と道路の接続点）",
    "verifiedAt": ""
   }
  },
  {
   "type": "Feature",
   "geometry": {
    "type": "Point",
    "coordinates": [
     136.0265991,
     35.4958363
    ]
   },
   "properties": {
    "id": "TH-n1384051118",
    "kind": "trailhead",
    "name": "（名称未確認）マキノ高原温泉さらさバス停付近",
    "datum": "WGS84",
    "mountainIds": "441",
    "mountainNames": "赤坂山",
    "lists": "関西百名山",
    "routes": "",
    "entryType": "一般道との接続",
    "trailKmToSummit": "赤坂山:5.0km",
    "related": "BS-kP11-22-25-bs75(767m)",
    "attributes": "",
    "status": "provisional",
    "accuracyM": 30,
    "needsReview": "名称未確認、公式情報または2情報源での確認が必要",
    "sources": "OpenStreetMap（© OpenStreetMap contributors, ODbL 1.0）Geofabrik japan-latest.osm.pbf 2026-09-23T20:22:04Z node/1384051118（登山道と道路の接続点）",
    "verifiedAt": ""
   }
  },
  {
   "type": "Feature",
   "geometry": {
    "type": "Point",
    "coordinates": [
     136.031024,
     35.496936
    ]
   },
   "properties": {
    "id": "TH-n1384051346",
    "kind": "trailhead",
    "name": "マキノ高原（赤坂山登山口）",
    "datum": "WGS84",
    "mountainIds": "441",
    "mountainNames": "赤坂山",
    "lists": "関西百名山",
    "routes": "",
    "entryType": "一般道との接続",
    "trailKmToSummit": "赤坂山:3.66km",
    "related": "PK-n2285521221(374m) PK-w686695146(386m) BS-kP11-22-25-bs75(388m) BS-kP11-22-25-bs81(854m)",
    "attributes": "",
    "status": "provisional",
    "accuracyM": 30,
    "needsReview": "公式情報または2情報源での確認が必要",
    "sources": "OpenStreetMap（© OpenStreetMap contributors, ODbL 1.0）Geofabrik japan-latest.osm.pbf 2026-09-23T20:22:04Z node/1384051346（登山道と道路の接続点） ｜ 登山記録で広く使われている登山口（登山記録・登山情報サイトで名称と利用を確認。公式情報では未確認） 2026-09-24確認",
    "verifiedAt": ""
   }
  },
  {
   "type": "Feature",
   "geometry": {
    "type": "Point",
    "coordinates": [
     136.4149667,
     35.0099215
    ]
   },
   "properties": {
    "id": "TH-n1388441032",
    "kind": "trailhead",
    "name": "武平峠",
    "datum": "WGS84",
    "mountainIds": "589 595 601 602 607 609 611 612",
    "mountainNames": "釈迦ヶ岳、尾高山、雨乞岳、御在所岳、鎌ヶ岳、入道ヶ岳、宮指路岳、仙ヶ岳",
    "lists": "東海の百山|日本二百名山|日本三百名山|関西百名山",
    "routes": "",
    "entryType": "峠（道路との接続）",
    "trailKmToSummit": "釈迦ヶ岳:12.79km 尾高山:15.8km 雨乞岳:4.15km 御在所岳:1.5km 鎌ヶ岳:1.42km 入道ヶ岳:6.58km 宮指路岳:7.05km 仙ヶ岳:8.91km",
    "related": "PK-w583822437(22m)",
    "attributes": "",
    "status": "adopted",
    "accuracyM": 30,
    "needsReview": "",
    "sources": "OpenStreetMap（© OpenStreetMap contributors, ODbL 1.0）Geofabrik japan-latest.osm.pbf 2026-09-23T20:22:04Z node/1388441032（登山道と道路の接続点） ｜ 国土地理院 地名検索「武平峠」（35.010591, 136.417322、JGD2011、227m差）2026-09-20確認",
    "verifiedAt": "2026-09-20"
   }
  },
  {
   "type": "Feature",
   "geometry": {
    "type": "Point",
    "coordinates": [
     135.9047373,
     33.6692904
    ]
   },
   "properties": {
    "id": "TH-n1389504314",
    "kind": "trailhead",
    "name": "大門坂（烏帽子山登山口）",
    "datum": "WGS84",
    "mountainIds": "813",
    "mountainNames": "烏帽子山",
    "lists": "関西百名山",
    "routes": "",
    "entryType": "一般道との接続",
    "trailKmToSummit": "烏帽子山:4.76km",
    "related": "PK-g3366929_13590474(0m) PK-w266979074(144m) PK-n6696082443(156m) BS-kP11-22-30-bs2742(184m) BS-kP11-22-30-bs2739(204m) BS-n8316893332(353m)",
    "attributes": "",
    "status": "provisional",
    "accuracyM": 30,
    "needsReview": "公式情報または2情報源での確認が必要",
    "sources": "OpenStreetMap（© OpenStreetMap contributors, ODbL 1.0）Geofabrik japan-latest.osm.pbf 2026-09-23T20:22:04Z node/1389504314（登山道と道路の接続点） ｜ 登山記録で広く使われている登山口（登山記録・登山情報サイトで名称と利用を確認。公式情報では未確認） 2026-09-24確認",
    "verifiedAt": ""
   }
  },
  {
   "type": "Feature",
   "geometry": {
    "type": "Point",
    "coordinates": [
     135.89841,
     33.673422
    ]
   },
   "properties": {
    "id": "TH-n1389507854",
    "kind": "trailhead",
    "name": "（名称未確認）熊野古道バス停付近",
    "datum": "WGS84",
    "mountainIds": "813",
    "mountainNames": "烏帽子山",
    "lists": "関西百名山",
    "routes": "",
    "entryType": "一般道との接続",
    "trailKmToSummit": "烏帽子山:2.88km",
    "related": "BS-kP11-22-30-bs2731(234m) BS-n8316893332(405m) BS-kP11-22-30-bs2739(642m)",
    "attributes": "",
    "status": "provisional",
    "accuracyM": 30,
    "needsReview": "名称未確認、公式情報または2情報源での確認が必要",
    "sources": "OpenStreetMap（© OpenStreetMap contributors, ODbL 1.0）Geofabrik japan-latest.osm.pbf 2026-09-23T20:22:04Z node/1389507854（登山道と道路の接続点）",
    "verifiedAt": ""
   }
  },
  {
   "type": "Feature",
   "geometry": {
    "type": "Point",
    "coordinates": [
     135.891577,
     33.6926536
    ]
   },
   "properties": {
    "id": "TH-n1389512258",
    "kind": "trailhead",
    "name": "（名称未確認）",
    "datum": "WGS84",
    "mountainIds": "813",
    "mountainNames": "烏帽子山",
    "lists": "関西百名山",
    "routes": "OSM登山道「林道烏帽子線」",
    "entryType": "道路の終点付近",
    "trailKmToSummit": "烏帽子山:1.22km",
    "related": "",
    "attributes": "",
    "status": "candidate",
    "accuracyM": 30,
    "needsReview": "名称未確認、林道からの入口（マイカー進入可否を要確認）、公式情報または2情報源での確認が必要",
    "sources": "OpenStreetMap（© OpenStreetMap contributors, ODbL 1.0）Geofabrik japan-latest.osm.pbf 2026-09-23T20:22:04Z node/1389512258（登山道と道路の接続点）",
    "verifiedAt": ""
   }
  },
  {
   "type": "Feature",
   "geometry": {
    "type": "Point",
    "coordinates": [
     135.7284699,
     33.541814
    ]
   },
   "properties": {
    "id": "TH-n1392472963",
    "kind": "trailhead",
    "name": "（名称未確認）立合バス停付近",
    "datum": "WGS84",
    "mountainIds": "823",
    "mountainNames": "嶽ノ森山",
    "lists": "関西百名山",
    "routes": "",
    "entryType": "一般道との接続",
    "trailKmToSummit": "嶽ノ森山:1.48km",
    "related": "BS-kP11-22-30-bs2976(315m) BS-kP11-22-30-bs2971(708m)",
    "attributes": "",
    "status": "provisional",
    "accuracyM": 30,
    "needsReview": "名称未確認、公式情報または2情報源での確認が必要",
    "sources": "OpenStreetMap（© OpenStreetMap contributors, ODbL 1.0）Geofabrik japan-latest.osm.pbf 2026-09-23T20:22:04Z node/1392472963（登山道と道路の接続点）",
    "verifiedAt": ""
   }
  },
  {
   "type": "Feature",
   "geometry": {
    "type": "Point",
    "coordinates": [
     135.731727,
     33.544722
    ]
   },
   "properties": {
    "id": "TH-n1392473483",
    "kind": "trailhead",
    "name": "（名称未確認）立合バス停付近",
    "datum": "WGS84",
    "mountainIds": "823",
    "mountainNames": "嶽ノ森山",
    "lists": "関西百名山",
    "routes": "",
    "entryType": "一般道との接続",
    "trailKmToSummit": "嶽ノ森山:1.83km",
    "related": "BS-kP11-22-30-bs2976(409m) BS-kP11-22-30-bs2971(503m)",
    "attributes": "",
    "status": "provisional",
    "accuracyM": 30,
    "needsReview": "名称未確認、公式情報または2情報源での確認が必要",
    "sources": "OpenStreetMap（© OpenStreetMap contributors, ODbL 1.0）Geofabrik japan-latest.osm.pbf 2026-09-23T20:22:04Z node/1392473483（登山道と道路の接続点）",
    "verifiedAt": ""
   }
  },
  {
   "type": "Feature",
   "geometry": {
    "type": "Point",
    "coordinates": [
     135.701356,
     33.550637
    ]
   },
   "properties": {
    "id": "TH-n1392474379",
    "kind": "trailhead",
    "name": "（名称未確認）蔵土バス停付近",
    "datum": "WGS84",
    "mountainIds": "823",
    "mountainNames": "嶽ノ森山",
    "lists": "関西百名山",
    "routes": "",
    "entryType": "一般道との接続",
    "trailKmToSummit": "嶽ノ森山:1.24km",
    "related": "BS-kP11-22-30-bs2967(200m)",
    "attributes": "",
    "status": "provisional",
    "accuracyM": 30,
    "needsReview": "名称未確認、公式情報または2情報源での確認が必要",
    "sources": "OpenStreetMap（© OpenStreetMap contributors, ODbL 1.0）Geofabrik japan-latest.osm.pbf 2026-09-23T20:22:04Z node/1392474379（登山道と道路の接続点）",
    "verifiedAt": ""
   }
  },
  {
   "type": "Feature",
   "geometry": {
    "type": "Point",
    "coordinates": [
     135.6976102,
     33.550815
    ]
   },
   "properties": {
    "id": "TH-n1392474433",
    "kind": "trailhead",
    "name": "（名称未確認）蔵土バス停付近",
    "datum": "WGS84",
    "mountainIds": "823",
    "mountainNames": "嶽ノ森山",
    "lists": "関西百名山",
    "routes": "",
    "entryType": "一般道（県道以上）との接続",
    "trailKmToSummit": "嶽ノ森山:1.75km",
    "related": "BS-kP11-22-30-bs2967(247m)",
    "attributes": "",
    "status": "provisional",
    "accuracyM": 30,
    "needsReview": "名称未確認、公式情報または2情報源での確認が必要",
    "sources": "OpenStreetMap（© OpenStreetMap contributors, ODbL 1.0）Geofabrik japan-latest.osm.pbf 2026-09-23T20:22:04Z node/1392474433（登山道と道路の接続点）",
    "verifiedAt": ""
   }
  },
  {
   "type": "Feature",
   "geometry": {
    "type": "Point",
    "coordinates": [
     135.717749,
     33.552689
    ]
   },
   "properties": {
    "id": "TH-n1392474911",
    "kind": "trailhead",
    "name": "（名称未確認）洞尾バス停付近",
    "datum": "WGS84",
    "mountainIds": "823",
    "mountainNames": "嶽ノ森山",
    "lists": "関西百名山",
    "routes": "",
    "entryType": "一般道との接続",
    "trailKmToSummit": "嶽ノ森山:0.94km",
    "related": "BS-kP11-22-30-bs2964(375m) BS-kP11-22-30-bs2972(608m)",
    "attributes": "",
    "status": "provisional",
    "accuracyM": 30,
    "needsReview": "名称未確認、公式情報または2情報源での確認が必要",
    "sources": "OpenStreetMap（© OpenStreetMap contributors, ODbL 1.0）Geofabrik japan-latest.osm.pbf 2026-09-23T20:22:04Z node/1392474911（登山道と道路の接続点）",
    "verifiedAt": ""
   }
  },
  {
   "type": "Feature",
   "geometry": {
    "type": "Point",
    "coordinates": [
     135.7136109,
     33.557724
    ]
   },
   "properties": {
    "id": "TH-n1392475466",
    "kind": "trailhead",
    "name": "（名称未確認）洞尾バス停付近",
    "datum": "WGS84",
    "mountainIds": "823",
    "mountainNames": "嶽ノ森山",
    "lists": "関西百名山",
    "routes": "",
    "entryType": "一般道との接続",
    "trailKmToSummit": "嶽ノ森山:1.39km",
    "related": "BS-kP11-22-30-bs2964(311m)",
    "attributes": "",
    "status": "provisional",
    "accuracyM": 30,
    "needsReview": "名称未確認、公式情報または2情報源での確認が必要",
    "sources": "OpenStreetMap（© OpenStreetMap contributors, ODbL 1.0）Geofabrik japan-latest.osm.pbf 2026-09-23T20:22:04Z node/1392475466（登山道と道路の接続点）",
    "verifiedAt": ""
   }
  },
  {
   "type": "Feature",
   "geometry": {
    "type": "Point",
    "coordinates": [
     135.700624,
     33.593172
    ]
   },
   "properties": {
    "id": "TH-n1392486345",
    "kind": "trailhead",
    "name": "（名称未確認）佐田桜公園バス停付近",
    "datum": "WGS84",
    "mountainIds": "823",
    "mountainNames": "嶽ノ森山",
    "lists": "関西百名山",
    "routes": "",
    "entryType": "一般道との接続",
    "trailKmToSummit": "嶽ノ森山:6.84km",
    "related": "PK-w486518189(426m) BS-kP11-22-30-bs2884(460m)",
    "attributes": "",
    "status": "provisional",
    "accuracyM": 30,
    "needsReview": "名称未確認、登山道が道路を横断する地点（途中の入口の可能性）、公式情報または2情報源での確認が必要",
    "sources": "OpenStreetMap（© OpenStreetMap contributors, ODbL 1.0）Geofabrik japan-latest.osm.pbf 2026-09-23T20:22:04Z node/1392486345（登山道と道路の接続点）",
    "verifiedAt": ""
   }
  },
  {
   "type": "Feature",
   "geometry": {
    "type": "Point",
    "coordinates": [
     135.339107,
     33.931558
    ]
   },
   "properties": {
    "id": "TH-n1398128717",
    "kind": "trailhead",
    "name": "矢筈岳登山口（鷲の川林道）",
    "datum": "WGS84",
    "mountainIds": "744",
    "mountainNames": "矢筈岳",
    "lists": "関西百名山",
    "routes": "",
    "entryType": "一般道との接続",
    "trailKmToSummit": "矢筈岳:1.52km",
    "related": "",
    "attributes": "",
    "status": "provisional",
    "accuracyM": 30,
    "needsReview": "公式情報または2情報源での確認が必要",
    "sources": "OpenStreetMap（© OpenStreetMap contributors, ODbL 1.0）Geofabrik japan-latest.osm.pbf 2026-09-23T20:22:04Z node/1398128717（登山道と道路の接続点） ｜ 登山記録で広く使われている登山口（登山記録・登山情報サイトで名称と利用を確認。公式情報では未確認） 2026-09-24確認",
    "verifiedAt": ""
   }
  },
  {
   "type": "Feature",
   "geometry": {
    "type": "Point",
    "coordinates": [
     135.347345,
     33.944559
    ]
   },
   "properties": {
    "id": "TH-n1398135329",
    "kind": "trailhead",
    "name": "（名称未確認）",
    "datum": "WGS84",
    "mountainIds": "744",
    "mountainNames": "矢筈岳",
    "lists": "関西百名山",
    "routes": "",
    "entryType": "一般道との接続",
    "trailKmToSummit": "矢筈岳:1.54km",
    "related": "",
    "attributes": "",
    "status": "candidate",
    "accuracyM": 30,
    "needsReview": "名称未確認、登山道が道路を横断する地点（途中の入口の可能性）、公式情報または2情報源での確認が必要",
    "sources": "OpenStreetMap（© OpenStreetMap contributors, ODbL 1.0）Geofabrik japan-latest.osm.pbf 2026-09-23T20:22:04Z node/1398135329（登山道と道路の接続点）",
    "verifiedAt": ""
   }
  },
  {
   "type": "Feature",
   "geometry": {
    "type": "Point",
    "coordinates": [
     135.366071,
     33.948748
    ]
   },
   "properties": {
    "id": "TH-n1398138276",
    "kind": "trailhead",
    "name": "（名称未確認）上の段バス停付近",
    "datum": "WGS84",
    "mountainIds": "744",
    "mountainNames": "矢筈岳",
    "lists": "関西百名山",
    "routes": "",
    "entryType": "一般道との接続",
    "trailKmToSummit": "矢筈岳:2.45km",
    "related": "BS-kP11-22-30-bs1771(279m) BS-kP11-22-30-bs1772(279m) BS-kP11-22-30-bs1778(409m)",
    "attributes": "",
    "status": "provisional",
    "accuracyM": 30,
    "needsReview": "名称未確認、公式情報または2情報源での確認が必要",
    "sources": "OpenStreetMap（© OpenStreetMap contributors, ODbL 1.0）Geofabrik japan-latest.osm.pbf 2026-09-23T20:22:04Z node/1398138276（登山道と道路の接続点）",
    "verifiedAt": ""
   }
  },
  {
   "type": "Feature",
   "geometry": {
    "type": "Point",
    "coordinates": [
     135.3366086,
     34.1022467
    ]
   },
   "properties": {
    "id": "TH-n1398277431",
    "kind": "trailhead",
    "name": "（名称未確認）",
    "datum": "WGS84",
    "mountainIds": "723",
    "mountainNames": "生石ヶ峰",
    "lists": "関西百名山",
    "routes": "",
    "entryType": "一般道との接続",
    "trailKmToSummit": "生石ヶ峰:0.39km",
    "related": "",
    "attributes": "",
    "status": "candidate",
    "accuracyM": 30,
    "needsReview": "名称未確認、登山道が道路を横断する地点（途中の入口の可能性）、公式情報または2情報源での確認が必要",
    "sources": "OpenStreetMap（© OpenStreetMap contributors, ODbL 1.0）Geofabrik japan-latest.osm.pbf 2026-09-23T20:22:04Z node/1398277431（登山道と道路の接続点）",
    "verifiedAt": ""
   }
  },
  {
   "type": "Feature",
   "geometry": {
    "type": "Point",
    "coordinates": [
     135.329201,
     34.1040572
    ]
   },
   "properties": {
    "id": "TH-n1398278759",
    "kind": "trailhead",
    "name": "（名称未確認）",
    "datum": "WGS84",
    "mountainIds": "723",
    "mountainNames": "生石ヶ峰",
    "lists": "関西百名山",
    "routes": "",
    "entryType": "一般道（県道以上）との接続",
    "trailKmToSummit": "生石ヶ峰:0.47km",
    "related": "PK-w616921748(354m)",
    "attributes": "",
    "status": "provisional",
    "accuracyM": 30,
    "needsReview": "名称未確認、登山道が道路を横断する地点（途中の入口の可能性）、公式情報または2情報源での確認が必要",
    "sources": "OpenStreetMap（© OpenStreetMap contributors, ODbL 1.0）Geofabrik japan-latest.osm.pbf 2026-09-23T20:22:04Z node/1398278759（登山道と道路の接続点）",
    "verifiedAt": ""
   }
  },
  {
   "type": "Feature",
   "geometry": {
    "type": "Point",
    "coordinates": [
     135.6151581,
     34.216527
    ]
   },
   "properties": {
    "id": "TH-n1398333861",
    "kind": "trailhead",
    "name": "（名称未確認）桜峠下バス停付近",
    "datum": "WGS84",
    "mountainIds": "706",
    "mountainNames": "楊柳山",
    "lists": "関西百名山",
    "routes": "",
    "entryType": "一般道（県道以上）との接続",
    "trailKmToSummit": "楊柳山:2.96km",
    "related": "BS-kP11-22-30-bs716(360m) BS-kP11-22-30-bs729(464m) BS-kP11-22-30-bs734(629m)",
    "attributes": "",
    "status": "provisional",
    "accuracyM": 30,
    "needsReview": "名称未確認、公式情報または2情報源での確認が必要",
    "sources": "OpenStreetMap（© OpenStreetMap contributors, ODbL 1.0）Geofabrik japan-latest.osm.pbf 2026-09-23T20:22:04Z node/1398333861（登山道と道路の接続点）",
    "verifiedAt": ""
   }
  },
  {
   "type": "Feature",
   "geometry": {
    "type": "Point",
    "coordinates": [
     135.6106822,
     34.2236064
    ]
   },
   "properties": {
    "id": "TH-n1398338431",
    "kind": "trailhead",
    "name": "（名称未確認）桜峠下バス停付近",
    "datum": "WGS84",
    "mountainIds": "706",
    "mountainNames": "楊柳山",
    "lists": "関西百名山",
    "routes": "",
    "entryType": "一般道との接続",
    "trailKmToSummit": "楊柳山:2.2km",
    "related": "BS-kP11-22-30-bs716(547m) BS-kP11-22-30-bs729(700m) BS-kP11-22-30-bs734(782m)",
    "attributes": "",
    "status": "provisional",
    "accuracyM": 30,
    "needsReview": "名称未確認、公式情報または2情報源での確認が必要",
    "sources": "OpenStreetMap（© OpenStreetMap contributors, ODbL 1.0）Geofabrik japan-latest.osm.pbf 2026-09-23T20:22:04Z node/1398338431（登山道と道路の接続点）",
    "verifiedAt": ""
   }
  },
  {
   "type": "Feature",
   "geometry": {
    "type": "Point",
    "coordinates": [
     135.606508,
     34.228392
    ]
   },
   "properties": {
    "id": "TH-n1398341897",
    "kind": "trailhead",
    "name": "（名称未確認）",
    "datum": "WGS84",
    "mountainIds": "706",
    "mountainNames": "楊柳山",
    "lists": "関西百名山",
    "routes": "",
    "entryType": "一般道との接続",
    "trailKmToSummit": "楊柳山:1.14km",
    "related": "",
    "attributes": "",
    "status": "candidate",
    "accuracyM": 30,
    "needsReview": "名称未確認、公式情報または2情報源での確認が必要",
    "sources": "OpenStreetMap（© OpenStreetMap contributors, ODbL 1.0）Geofabrik japan-latest.osm.pbf 2026-09-23T20:22:04Z node/1398341897（登山道と道路の接続点）",
    "verifiedAt": ""
   }
  },
  {
   "type": "Feature",
   "geometry": {
    "type": "Point",
    "coordinates": [
     135.617205,
     34.230534
    ]
   },
   "properties": {
    "id": "TH-n1398344068",
    "kind": "trailhead",
    "name": "（名称未確認）",
    "datum": "WGS84",
    "mountainIds": "706",
    "mountainNames": "楊柳山",
    "lists": "関西百名山",
    "routes": "",
    "entryType": "一般道との接続",
    "trailKmToSummit": "楊柳山:1.21km",
    "related": "",
    "attributes": "",
    "status": "candidate",
    "accuracyM": 30,
    "needsReview": "名称未確認、公式情報または2情報源での確認が必要",
    "sources": "OpenStreetMap（© OpenStreetMap contributors, ODbL 1.0）Geofabrik japan-latest.osm.pbf 2026-09-23T20:22:04Z node/1398344068（登山道と道路の接続点）",
    "verifiedAt": ""
   }
  },
  {
   "type": "Feature",
   "geometry": {
    "type": "Point",
    "coordinates": [
     135.9178912,
     33.7070259
    ]
   },
   "properties": {
    "id": "TH-n14016603363",
    "kind": "trailhead",
    "name": "（名称未確認）",
    "datum": "WGS84",
    "mountainIds": "813",
    "mountainNames": "烏帽子山",
    "lists": "関西百名山",
    "routes": "",
    "entryType": "一般道（県道以上）との接続",
    "trailKmToSummit": "烏帽子山:3.03km",
    "related": "",
    "attributes": "",
    "status": "candidate",
    "accuracyM": 30,
    "needsReview": "名称未確認、公式情報または2情報源での確認が必要",
    "sources": "OpenStreetMap（© OpenStreetMap contributors, ODbL 1.0）Geofabrik japan-latest.osm.pbf 2026-09-23T20:22:04Z node/14016603363（登山道と道路の接続点）",
    "verifiedAt": ""
   }
  },
  {
   "type": "Feature",
   "geometry": {
    "type": "Point",
    "coordinates": [
     135.851791,
     33.907622
    ]
   },
   "properties": {
    "id": "TH-n1405413506",
    "kind": "trailhead",
    "name": "（名称未確認）玉置川下バス停付近",
    "datum": "WGS84",
    "mountainIds": "748",
    "mountainNames": "玉置山",
    "lists": "関西百名山",
    "routes": "",
    "entryType": "一般道との接続",
    "trailKmToSummit": "玉置山:3.56km",
    "related": "BS-kP11-22-29-bs2873(198m) BS-kP11-22-29-bs2874(273m) BS-kP11-22-29-bs2872(941m)",
    "attributes": "",
    "status": "provisional",
    "accuracyM": 30,
    "needsReview": "名称未確認、公式情報または2情報源での確認が必要",
    "sources": "OpenStreetMap（© OpenStreetMap contributors, ODbL 1.0）Geofabrik japan-latest.osm.pbf 2026-09-23T20:22:04Z node/1405413506（登山道と道路の接続点）",
    "verifiedAt": ""
   }
  },
  {
   "type": "Feature",
   "geometry": {
    "type": "Point",
    "coordinates": [
     135.828898,
     33.9164839
    ]
   },
   "properties": {
    "id": "TH-n1405416687",
    "kind": "trailhead",
    "name": "（名称未確認）",
    "datum": "WGS84",
    "mountainIds": "748",
    "mountainNames": "玉置山",
    "lists": "関西百名山",
    "routes": "",
    "entryType": "道路の終点付近",
    "trailKmToSummit": "玉置山:1.29km",
    "related": "",
    "attributes": "",
    "status": "candidate",
    "accuracyM": 30,
    "needsReview": "名称未確認、林道からの入口（マイカー進入可否を要確認）、公式情報または2情報源での確認が必要",
    "sources": "OpenStreetMap（© OpenStreetMap contributors, ODbL 1.0）Geofabrik japan-latest.osm.pbf 2026-09-23T20:22:04Z node/1405416687（登山道と道路の接続点）",
    "verifiedAt": ""
   }
  },
  {
   "type": "Feature",
   "geometry": {
    "type": "Point",
    "coordinates": [
     135.696319,
     33.928089
    ]
   },
   "properties": {
    "id": "TH-n1405422538",
    "kind": "trailhead",
    "name": "（名称未確認）小壁バス停付近",
    "datum": "WGS84",
    "mountainIds": "759",
    "mountainNames": "冷水山",
    "lists": "関西百名山",
    "routes": "",
    "entryType": "一般道（県道以上）との接続",
    "trailKmToSummit": "冷水山:8.94km",
    "related": "BS-kP11-22-29-bs2857(4m) BS-kP11-22-29-bs2843(423m) BS-kP11-22-29-bs2856(428m)",
    "attributes": "",
    "status": "provisional",
    "accuracyM": 30,
    "needsReview": "名称未確認、公式情報または2情報源での確認が必要",
    "sources": "OpenStreetMap（© OpenStreetMap contributors, ODbL 1.0）Geofabrik japan-latest.osm.pbf 2026-09-23T20:22:04Z node/1405422538（登山道と道路の接続点）",
    "verifiedAt": ""
   }
  },
  {
   "type": "Feature",
   "geometry": {
    "type": "Point",
    "coordinates": [
     135.826505,
     33.929259
    ]
   },
   "properties": {
    "id": "TH-n1405424336",
    "kind": "trailhead",
    "name": "玉置神社駐車場（玉置山）",
    "datum": "WGS84",
    "mountainIds": "748",
    "mountainNames": "玉置山",
    "lists": "関西百名山",
    "routes": "",
    "entryType": "一般道との接続",
    "trailKmToSummit": "玉置山:0.56km",
    "related": "PK-g3392926_1358265(0m)",
    "attributes": "",
    "status": "provisional",
    "accuracyM": 30,
    "needsReview": "登山道が道路を横断する地点（途中の入口の可能性）、公式情報または2情報源での確認が必要",
    "sources": "OpenStreetMap（© OpenStreetMap contributors, ODbL 1.0）Geofabrik japan-latest.osm.pbf 2026-09-23T20:22:04Z node/1405424336（登山道と道路の接続点） ｜ 登山記録で広く使われている登山口（登山記録・登山情報サイトで名称と利用を確認。公式情報では未確認） 2026-09-24確認",
    "verifiedAt": ""
   }
  },
  {
   "type": "Feature",
   "geometry": {
    "type": "Point",
    "coordinates": [
     135.86201,
     33.962749
    ]
   },
   "properties": {
    "id": "TH-n1405459324",
    "kind": "trailhead",
    "name": "（名称未確認）上葛川口バス停付近",
    "datum": "WGS84",
    "mountainIds": "735",
    "mountainNames": "笠捨山",
    "lists": "関西百名山",
    "routes": "",
    "entryType": "一般道との接続",
    "trailKmToSummit": "笠捨山:6.41km",
    "related": "BS-kP11-22-29-bs2763(107m) BS-kP11-22-29-bs2761(296m) BS-kP11-22-29-bs2770(631m)",
    "attributes": "",
    "status": "provisional",
    "accuracyM": 30,
    "needsReview": "名称未確認、公式情報または2情報源での確認が必要",
    "sources": "OpenStreetMap（© OpenStreetMap contributors, ODbL 1.0）Geofabrik japan-latest.osm.pbf 2026-09-23T20:22:04Z node/1405459324（登山道と道路の接続点）",
    "verifiedAt": ""
   }
  },
  {
   "type": "Feature",
   "geometry": {
    "type": "Point",
    "coordinates": [
     135.8657318,
     33.9630689
    ]
   },
   "properties": {
    "id": "TH-n1405459503",
    "kind": "trailhead",
    "name": "（名称未確認）上葛川口バス停付近",
    "datum": "WGS84",
    "mountainIds": "735",
    "mountainNames": "笠捨山",
    "lists": "関西百名山",
    "routes": "",
    "entryType": "一般道との接続",
    "trailKmToSummit": "笠捨山:5.6km",
    "related": "BS-kP11-22-29-bs2763(257m) BS-kP11-22-29-bs2764(600m) BS-kP11-22-29-bs2761(641m)",
    "attributes": "",
    "status": "provisional",
    "accuracyM": 30,
    "needsReview": "名称未確認、公式情報または2情報源での確認が必要",
    "sources": "OpenStreetMap（© OpenStreetMap contributors, ODbL 1.0）Geofabrik japan-latest.osm.pbf 2026-09-23T20:22:04Z node/1405459503（登山道と道路の接続点）",
    "verifiedAt": ""
   }
  },
  {
   "type": "Feature",
   "geometry": {
    "type": "Point",
    "coordinates": [
     135.874647,
     33.9632099
    ]
   },
   "properties": {
    "id": "TH-n1405459771",
    "kind": "trailhead",
    "name": "上葛川登山口（笠捨山）",
    "datum": "WGS84",
    "mountainIds": "735",
    "mountainNames": "笠捨山",
    "lists": "関西百名山",
    "routes": "",
    "entryType": "一般道との接続",
    "trailKmToSummit": "笠捨山:5.35km",
    "related": "BS-kP11-22-29-bs2764(247m)",
    "attributes": "",
    "status": "provisional",
    "accuracyM": 30,
    "needsReview": "公式情報または2情報源での確認が必要",
    "sources": "OpenStreetMap（© OpenStreetMap contributors, ODbL 1.0）Geofabrik japan-latest.osm.pbf 2026-09-23T20:22:04Z node/1405459771（登山道と道路の接続点） ｜ 登山記録で広く使われている登山口（登山記録・登山情報サイトで名称と利用を確認。公式情報では未確認） 2026-09-24確認",
    "verifiedAt": ""
   }
  },
  {
   "type": "Feature",
   "geometry": {
    "type": "Point",
    "coordinates": [
     135.8562724,
     33.9665427
    ]
   },
   "properties": {
    "id": "TH-n1405463611",
    "kind": "trailhead",
    "name": "（名称未確認）玉置山登山口バス停付近",
    "datum": "WGS84",
    "mountainIds": "735",
    "mountainNames": "笠捨山",
    "lists": "関西百名山",
    "routes": "",
    "entryType": "一般道（県道以上）との接続",
    "trailKmToSummit": "笠捨山:6.81km",
    "related": "PK-w454894836(180m) BS-kP11-22-29-bs2761(489m) BS-kP11-22-29-bs2760(685m) BS-kP11-22-29-bs2763(779m)",
    "attributes": "",
    "status": "provisional",
    "accuracyM": 30,
    "needsReview": "名称未確認、公式情報または2情報源での確認が必要",
    "sources": "OpenStreetMap（© OpenStreetMap contributors, ODbL 1.0）Geofabrik japan-latest.osm.pbf 2026-09-23T20:22:04Z node/1405463611（登山道と道路の接続点）",
    "verifiedAt": ""
   }
  },
  {
   "type": "Feature",
   "geometry": {
    "type": "Point",
    "coordinates": [
     135.6921347,
     34.0370322
    ]
   },
   "properties": {
    "id": "TH-n1405525976",
    "kind": "trailhead",
    "name": "（名称未確認）三田谷バス停付近",
    "datum": "WGS84",
    "mountainIds": "727",
    "mountainNames": "伯母子岳",
    "lists": "日本二百名山|日本三百名山|関西百名山",
    "routes": "OSM登山道「Kohechi」、OSM登山道「熊野参詣道小辺路」",
    "entryType": "一般道（県道以上）との接続",
    "trailKmToSummit": "伯母子岳:7.15km",
    "related": "PK-w576189234(391m) BS-kP11-22-29-bs2657(103m) BS-kP11-22-29-bs2659(212m) BS-kP11-22-29-bs2658(456m)",
    "attributes": "OSM登山ルート: 熊野古道 小辺路",
    "status": "provisional",
    "accuracyM": 30,
    "needsReview": "名称未確認、公式情報または2情報源での確認が必要",
    "sources": "OpenStreetMap（© OpenStreetMap contributors, ODbL 1.0）Geofabrik japan-latest.osm.pbf 2026-09-23T20:22:04Z node/1405525976（登山道と道路の接続点）",
    "verifiedAt": ""
   }
  },
  {
   "type": "Feature",
   "geometry": {
    "type": "Point",
    "coordinates": [
     135.653329,
     34.0490009
    ]
   },
   "properties": {
    "id": "TH-n1405535007",
    "kind": "trailhead",
    "name": "（名称未確認）",
    "datum": "WGS84",
    "mountainIds": "727",
    "mountainNames": "伯母子岳",
    "lists": "日本二百名山|日本三百名山|関西百名山",
    "routes": "",
    "entryType": "一般道との接続",
    "trailKmToSummit": "伯母子岳:4.78km",
    "related": "",
    "attributes": "",
    "status": "candidate",
    "accuracyM": 30,
    "needsReview": "名称未確認、公式情報または2情報源での確認が必要",
    "sources": "OpenStreetMap（© OpenStreetMap contributors, ODbL 1.0）Geofabrik japan-latest.osm.pbf 2026-09-23T20:22:04Z node/1405535007（登山道と道路の接続点）",
    "verifiedAt": ""
   }
  },
  {
   "type": "Feature",
   "geometry": {
    "type": "Point",
    "coordinates": [
     135.8123177,
     34.0521766
    ]
   },
   "properties": {
    "id": "TH-n1405537126",
    "kind": "trailhead",
    "name": "（名称未確認）奥里バス停付近",
    "datum": "WGS84",
    "mountainIds": "722",
    "mountainNames": "釈迦ヶ岳",
    "lists": "日本二百名山|日本三百名山|関西百名山",
    "routes": "",
    "entryType": "一般道との接続",
    "trailKmToSummit": "釈迦ヶ岳:14.55km",
    "related": "BS-kP11-22-29-bs2636(108m)",
    "attributes": "",
    "status": "provisional",
    "accuracyM": 30,
    "needsReview": "名称未確認、公式情報または2情報源での確認が必要",
    "sources": "OpenStreetMap（© OpenStreetMap contributors, ODbL 1.0）Geofabrik japan-latest.osm.pbf 2026-09-23T20:22:04Z node/1405537126（登山道と道路の接続点）",
    "verifiedAt": ""
   }
  },
  {
   "type": "Feature",
   "geometry": {
    "type": "Point",
    "coordinates": [
     135.564621,
     34.06104
    ]
   },
   "properties": {
    "id": "TH-n1405543158",
    "kind": "trailhead",
    "name": "道の駅 田辺市龍神ごまさんスカイタワー（護摩壇山登山口）",
    "datum": "WGS84",
    "mountainIds": "729",
    "mountainNames": "護摩壇山",
    "lists": "日本三百名山|関西百名山",
    "routes": "",
    "entryType": "道路の終点付近",
    "trailKmToSummit": "護摩壇山:0.47km",
    "related": "PK-w460913000(114m) BS-kP11-22-30-bs1504(54m) BS-kP11-22-30-bs1505(54m)",
    "attributes": "",
    "status": "adopted",
    "accuracyM": 15,
    "needsReview": "林道からの入口（マイカー進入可否を要確認）、高野龍神スカイライン（国道371号）で山頂近くまで車で行ける。バスも運行（和歌山県）、国土地理院 地名検索「道の駅「田辺市龍神ごまさんスカイタワー」」（34.061198, 135.564397、JGD2011）2026-09-20確認",
    "sources": "OpenStreetMap（© OpenStreetMap contributors, ODbL 1.0）Geofabrik japan-latest.osm.pbf 2026-09-23T20:22:04Z node/1405543158（登山道と道路の接続点） ｜ 国土地理院 地名検索「道の駅「田辺市龍神ごまさんスカイタワー」」（34.061198, 135.564397、JGD2011、27m差）2026-09-20確認 ｜ 公式情報: https://www.pref.wakayama.lg.jp/prefg/081300/d00214482.html ｜ 公式情報: https://www.wakayama-kanko.or.jp/spots/detail_21.html",
    "verifiedAt": "2026-09-20"
   }
  },
  {
   "type": "Feature",
   "geometry": {
    "type": "Point",
    "coordinates": [
     135.60623,
     34.073253
    ]
   },
   "properties": {
    "id": "TH-n1405550744",
    "kind": "trailhead",
    "name": "（名称未確認）",
    "datum": "WGS84",
    "mountainIds": "727",
    "mountainNames": "伯母子岳",
    "lists": "日本二百名山|日本三百名山|関西百名山",
    "routes": "",
    "entryType": "一般道との接続",
    "trailKmToSummit": "伯母子岳:5.22km",
    "related": "",
    "attributes": "",
    "status": "candidate",
    "accuracyM": 30,
    "needsReview": "名称未確認、公式情報または2情報源での確認が必要",
    "sources": "OpenStreetMap（© OpenStreetMap contributors, ODbL 1.0）Geofabrik japan-latest.osm.pbf 2026-09-23T20:22:04Z node/1405550744（登山道と道路の接続点）",
    "verifiedAt": ""
   }
  },
  {
   "type": "Feature",
   "geometry": {
    "type": "Point",
    "coordinates": [
     136.104261,
     34.093344
    ]
   },
   "properties": {
    "id": "TH-n1405976010",
    "kind": "trailhead",
    "name": "（名称未確認）",
    "datum": "WGS84",
    "mountainIds": "718",
    "mountainNames": "大台ヶ原山",
    "lists": "日本百名山|日本二百名山|日本三百名山|関西百名山|東海の百山",
    "routes": "",
    "entryType": "一般道との接続",
    "trailKmToSummit": "大台ヶ原山:15.05km",
    "related": "",
    "attributes": "",
    "status": "candidate",
    "accuracyM": 30,
    "needsReview": "名称未確認、公式情報または2情報源での確認が必要",
    "sources": "OpenStreetMap（© OpenStreetMap contributors, ODbL 1.0）Geofabrik japan-latest.osm.pbf 2026-09-23T20:22:04Z node/1405976010（登山道と道路の接続点）",
    "verifiedAt": ""
   }
  },
  {
   "type": "Feature",
   "geometry": {
    "type": "Point",
    "coordinates": [
     136.08838,
     34.134344
    ]
   },
   "properties": {
    "id": "TH-n1405989005",
    "kind": "trailhead",
    "name": "（名称未確認）",
    "datum": "WGS84",
    "mountainIds": "718",
    "mountainNames": "大台ヶ原山",
    "lists": "日本百名山|日本二百名山|日本三百名山|関西百名山|東海の百山",
    "routes": "",
    "entryType": "一般道との接続",
    "trailKmToSummit": "大台ヶ原山:10.94km",
    "related": "",
    "attributes": "",
    "status": "candidate",
    "accuracyM": 30,
    "needsReview": "名称未確認、公式情報または2情報源での確認が必要",
    "sources": "OpenStreetMap（© OpenStreetMap contributors, ODbL 1.0）Geofabrik japan-latest.osm.pbf 2026-09-23T20:22:04Z node/1405989005（登山道と道路の接続点）",
    "verifiedAt": ""
   }
  },
  {
   "type": "Feature",
   "geometry": {
    "type": "Point",
    "coordinates": [
     135.992977,
     34.192985
    ]
   },
   "properties": {
    "id": "TH-n1406006804",
    "kind": "trailhead",
    "name": "（名称未確認）天が瀬バス停付近",
    "datum": "WGS84",
    "mountainIds": "700 705 710 714",
    "mountainNames": "山上ヶ岳、稲村ヶ岳、大普賢岳、行者還岳",
    "lists": "日本三百名山|関西百名山",
    "routes": "",
    "entryType": "一般道との接続",
    "trailKmToSummit": "山上ヶ岳:11.16km 稲村ヶ岳:14.56km 大普賢岳:6.28km 行者還岳:9.27km",
    "related": "BS-kP11-22-29-bs2544(270m)",
    "attributes": "",
    "status": "provisional",
    "accuracyM": 30,
    "needsReview": "名称未確認、公式情報または2情報源での確認が必要",
    "sources": "OpenStreetMap（© OpenStreetMap contributors, ODbL 1.0）Geofabrik japan-latest.osm.pbf 2026-09-23T20:22:04Z node/1406006804（登山道と道路の接続点）",
    "verifiedAt": ""
   }
  },
  {
   "type": "Feature",
   "geometry": {
    "type": "Point",
    "coordinates": [
     136.0074742,
     34.2754683
    ]
   },
   "properties": {
    "id": "TH-n1406045553",
    "kind": "trailhead",
    "name": "（名称未確認）大迫口バス停付近",
    "datum": "WGS84",
    "mountainIds": "700 705 710 714",
    "mountainNames": "山上ヶ岳、稲村ヶ岳、大普賢岳、行者還岳",
    "lists": "日本三百名山|関西百名山",
    "routes": "",
    "entryType": "一般道（県道以上）との接続",
    "trailKmToSummit": "山上ヶ岳:10.09km 稲村ヶ岳:13.49km 大普賢岳:8.93km 行者還岳:12.63km",
    "related": "BS-kP11-22-29-bs2480(7m) BS-kP11-22-29-bs2481(7m) BS-kP11-22-29-bs2484(446m)",
    "attributes": "",
    "status": "provisional",
    "accuracyM": 30,
    "needsReview": "名称未確認、公式情報または2情報源での確認が必要",
    "sources": "OpenStreetMap（© OpenStreetMap contributors, ODbL 1.0）Geofabrik japan-latest.osm.pbf 2026-09-23T20:22:04Z node/1406045553（登山道と道路の接続点）",
    "verifiedAt": ""
   }
  },
  {
   "type": "Feature",
   "geometry": {
    "type": "Point",
    "coordinates": [
     135.892956,
     34.334731
    ]
   },
   "properties": {
    "id": "TH-n1406062252",
    "kind": "trailhead",
    "name": "（名称未確認）",
    "datum": "WGS84",
    "mountainIds": "684",
    "mountainNames": "吉野山",
    "lists": "関西百名山",
    "routes": "",
    "entryType": "一般道との接続",
    "trailKmToSummit": "吉野山:0.93km",
    "related": "",
    "attributes": "",
    "status": "candidate",
    "accuracyM": 30,
    "needsReview": "名称未確認、公式情報または2情報源での確認が必要",
    "sources": "OpenStreetMap（© OpenStreetMap contributors, ODbL 1.0）Geofabrik japan-latest.osm.pbf 2026-09-23T20:22:04Z node/1406062252（登山道と道路の接続点）",
    "verifiedAt": ""
   }
  },
  {
   "type": "Feature",
   "geometry": {
    "type": "Point",
    "coordinates": [
     135.911802,
     34.351155
    ]
   },
   "properties": {
    "id": "TH-n1406066764",
    "kind": "trailhead",
    "name": "（名称未確認）",
    "datum": "WGS84",
    "mountainIds": "684",
    "mountainNames": "吉野山",
    "lists": "関西百名山",
    "routes": "",
    "entryType": "一般道との接続",
    "trailKmToSummit": "吉野山:2.96km",
    "related": "",
    "attributes": "",
    "status": "candidate",
    "accuracyM": 30,
    "needsReview": "名称未確認、公式情報または2情報源での確認が必要",
    "sources": "OpenStreetMap（© OpenStreetMap contributors, ODbL 1.0）Geofabrik japan-latest.osm.pbf 2026-09-23T20:22:04Z node/1406066764（登山道と道路の接続点）",
    "verifiedAt": ""
   }
  },
  {
   "type": "Feature",
   "geometry": {
    "type": "Point",
    "coordinates": [
     135.8763424,
     34.3282969
    ]
   },
   "properties": {
    "id": "TH-n1406089885",
    "kind": "trailhead",
    "name": "（名称未確認）",
    "datum": "WGS84",
    "mountainIds": "684",
    "mountainNames": "吉野山",
    "lists": "関西百名山",
    "routes": "",
    "entryType": "一般道との接続",
    "trailKmToSummit": "吉野山:2.56km",
    "related": "",
    "attributes": "",
    "status": "candidate",
    "accuracyM": 30,
    "needsReview": "名称未確認、公式情報または2情報源での確認が必要",
    "sources": "OpenStreetMap（© OpenStreetMap contributors, ODbL 1.0）Geofabrik japan-latest.osm.pbf 2026-09-23T20:22:04Z node/1406089885（登山道と道路の接続点）",
    "verifiedAt": ""
   }
  },
  {
   "type": "Feature",
   "geometry": {
    "type": "Point",
    "coordinates": [
     135.6310619,
     34.1057025
    ]
   },
   "properties": {
    "id": "TH-n1406103440",
    "kind": "trailhead",
    "name": "大股（伯母子岳登山口）",
    "datum": "WGS84",
    "mountainIds": "727",
    "mountainNames": "伯母子岳",
    "lists": "日本二百名山|日本三百名山|関西百名山",
    "routes": "OSM登山道「Kohechi」",
    "entryType": "一般道（県道以上）との接続",
    "trailKmToSummit": "伯母子岳:5.13km",
    "related": "",
    "attributes": "OSM登山ルート: 熊野古道 小辺路",
    "status": "adopted",
    "accuracyM": 15,
    "needsReview": "大股は伯母子岳の登山口、国土地理院の地名とOSMの登山道の接続点の位置が一致（独立した2情報源）",
    "sources": "OpenStreetMap（© OpenStreetMap contributors, ODbL 1.0）Geofabrik japan-latest.osm.pbf 2026-09-23T20:22:04Z node/1406103440（登山道と道路の接続点） ｜ 国土地理院 地名検索「大股」（34.105322, 135.630828、JGD2011、47m差）2026-09-20確認",
    "verifiedAt": "2026-09-20"
   }
  },
  {
   "type": "Feature",
   "geometry": {
    "type": "Point",
    "coordinates": [
     136.485244,
     35.136437
    ]
   },
   "properties": {
    "id": "TH-n1409986302",
    "kind": "trailhead",
    "name": "（名称未確認）",
    "datum": "WGS84",
    "mountainIds": "553 555 563 577",
    "mountainNames": "鈴北岳、御池岳、藤原岳、竜ヶ岳",
    "lists": "東海の百山|関西百名山|日本三百名山",
    "routes": "",
    "entryType": "一般道との接続",
    "trailKmToSummit": "鈴北岳:11.21km 御池岳:10.67km 藤原岳:4.62km 竜ヶ岳:9.6km",
    "related": "PK-w1122905204(382m)",
    "attributes": "",
    "status": "provisional",
    "accuracyM": 30,
    "needsReview": "名称未確認、公式情報または2情報源での確認が必要",
    "sources": "OpenStreetMap（© OpenStreetMap contributors, ODbL 1.0）Geofabrik japan-latest.osm.pbf 2026-09-23T20:22:04Z node/1409986302（登山道と道路の接続点）",
    "verifiedAt": ""
   }
  },
  {
   "type": "Feature",
   "geometry": {
    "type": "Point",
    "coordinates": [
     136.4665259,
     35.1764151
    ]
   },
   "properties": {
    "id": "TH-n1410019845",
    "kind": "trailhead",
    "name": "（名称未確認）",
    "datum": "WGS84",
    "mountainIds": "563",
    "mountainNames": "藤原岳",
    "lists": "日本三百名山|関西百名山|東海の百山",
    "routes": "",
    "entryType": "一般道との接続",
    "trailKmToSummit": "藤原岳:3.26km",
    "related": "PK-w1122682974(467m)",
    "attributes": "",
    "status": "provisional",
    "accuracyM": 30,
    "needsReview": "名称未確認、登山道が道路を横断する地点（途中の入口の可能性）、公式情報または2情報源での確認が必要",
    "sources": "OpenStreetMap（© OpenStreetMap contributors, ODbL 1.0）Geofabrik japan-latest.osm.pbf 2026-09-23T20:22:04Z node/1410019845（登山道と道路の接続点）",
    "verifiedAt": ""
   }
  },
  {
   "type": "Feature",
   "geometry": {
    "type": "Point",
    "coordinates": [
     134.8883171,
     35.1568361
    ]
   },
   "properties": {
    "id": "TH-n14102481246",
    "kind": "trailhead",
    "name": "（名称未確認）",
    "datum": "WGS84",
    "mountainIds": "571",
    "mountainNames": "千ヶ峰",
    "lists": "関西百名山",
    "routes": "",
    "entryType": "一般道との接続",
    "trailKmToSummit": "千ヶ峰:2.64km",
    "related": "",
    "attributes": "",
    "status": "candidate",
    "accuracyM": 30,
    "needsReview": "名称未確認、公式情報または2情報源での確認が必要",
    "sources": "OpenStreetMap（© OpenStreetMap contributors, ODbL 1.0）Geofabrik japan-latest.osm.pbf 2026-09-23T20:22:04Z node/14102481246（登山道と道路の接続点）",
    "verifiedAt": ""
   }
  },
  {
   "type": "Feature",
   "geometry": {
    "type": "Point",
    "coordinates": [
     135.6047235,
     34.9358344
    ]
   },
   "properties": {
    "id": "TH-n1411236360",
    "kind": "trailhead",
    "name": "（名称未確認）出灰バス停付近",
    "datum": "WGS84",
    "mountainIds": "613",
    "mountainNames": "ポンポン山",
    "lists": "関西百名山",
    "routes": "",
    "entryType": "一般道との接続",
    "trailKmToSummit": "ポンポン山:2.63km",
    "related": "BS-kP11-22-27-bs63(143m) BS-kP11-22-27-bs61(860m) BS-kP11-22-27-bs61(860m)",
    "attributes": "",
    "status": "provisional",
    "accuracyM": 30,
    "needsReview": "名称未確認、近くの道路にゲートあり（車両通行止め・季節閉鎖の可能性）、公式情報または2情報源での確認が必要",
    "sources": "OpenStreetMap（© OpenStreetMap contributors, ODbL 1.0）Geofabrik japan-latest.osm.pbf 2026-09-23T20:22:04Z node/1411236360（登山道と道路の接続点）",
    "verifiedAt": ""
   }
  },
  {
   "type": "Feature",
   "geometry": {
    "type": "Point",
    "coordinates": [
     136.420116,
     35.0107961
    ]
   },
   "properties": {
    "id": "TH-n1411239752",
    "kind": "trailhead",
    "name": "武平峠",
    "datum": "WGS84",
    "mountainIds": "585 589 595 601 602 607 609 611 612",
    "mountainNames": "三池岳、釈迦ヶ岳、尾高山、雨乞岳、御在所岳、鎌ヶ岳、入道ヶ岳、宮指路岳、仙ヶ岳",
    "lists": "東海の百山|日本二百名山|日本三百名山|関西百名山",
    "routes": "",
    "entryType": "峠（道路との接続）",
    "trailKmToSummit": "三池岳:14.48km 釈迦ヶ岳:11.27km 尾高山:14.28km 雨乞岳:9.57km 御在所岳:1.44km 鎌ヶ岳:1.36km 入道ヶ岳:6.52km 宮指路岳:6.99km 仙ヶ岳:8.85km",
    "related": "PK-w583822437(487m)",
    "attributes": "",
    "status": "adopted",
    "accuracyM": 30,
    "needsReview": "",
    "sources": "OpenStreetMap（© OpenStreetMap contributors, ODbL 1.0）Geofabrik japan-latest.osm.pbf 2026-09-23T20:22:04Z node/1411239752（登山道と道路の接続点） ｜ 国土地理院 地名検索「武平峠」（35.010591, 136.417322、JGD2011、256m差）2026-09-20確認",
    "verifiedAt": "2026-09-20"
   }
  },
  {
   "type": "Feature",
   "geometry": {
    "type": "Point",
    "coordinates": [
     135.9368959,
     34.188766
    ]
   },
   "properties": {
    "id": "TH-n1412886725",
    "kind": "trailhead",
    "name": "弥山登山口（行者還トンネル西口）",
    "datum": "WGS84",
    "mountainIds": "700 710 714 719 722",
    "mountainNames": "山上ヶ岳、大普賢岳、行者還岳、大峰山、釈迦ヶ岳",
    "lists": "日本三百名山|関西百名山|日本百名山|日本二百名山",
    "routes": "",
    "entryType": "登山口（OSMの登山口地物）",
    "trailKmToSummit": "山上ヶ岳:13.28km 大普賢岳:8.45km 行者還岳:4.78km 大峰山:4.81km 釈迦ヶ岳:13.28km",
    "related": "PK-n5624648722(23m) PK-n5624648721(77m)",
    "attributes": "parking=行者還トンネル西口に駐車場あり（有料）; restriction=国道309号は大川口〜上北山村西原が冬期通行止め。白倉トンネルは高さ2.6m・長さ7mの制限",
    "status": "adopted",
    "accuracyM": 15,
    "needsReview": "八経ヶ岳への最短ルートは行者還トンネル西口からの八経ヶ岳登山コース（天川村）、行者還トンネルへの道は道幅が狭く、白倉トンネルに高さ2.6mの制限がある（天川村）、弥山川遡行コースは初心者向きではないと案内されている（天川村）",
    "sources": "OpenStreetMap（© OpenStreetMap contributors, ODbL 1.0）Geofabrik japan-latest.osm.pbf 2026-09-23T20:22:04Z node/1412886725 ｜ 国土地理院ベクトルタイル提供実験 地理院地図の徒歩道の起点（34.188770, 135.937011、JGD2011、11m差）2026-09-24確認 ｜ 公式情報: https://www.vill.tenkawa.nara.jp/tourism/spot/5189/",
    "verifiedAt": "2026-09-20"
   }
  },
  {
   "type": "Feature",
   "geometry": {
    "type": "Point",
    "coordinates": [
     135.700759,
     35.1430054
    ]
   },
   "properties": {
    "id": "TH-n1420109237",
    "kind": "trailhead",
    "name": "（名称未確認）",
    "datum": "WGS84",
    "mountainIds": "562",
    "mountainNames": "桟敷ヶ岳",
    "lists": "関西百名山",
    "routes": "",
    "entryType": "道路の終点付近",
    "trailKmToSummit": "桟敷ヶ岳:3.3km",
    "related": "PK-w744200199(383m)",
    "attributes": "",
    "status": "provisional",
    "accuracyM": 30,
    "needsReview": "名称未確認、林道からの入口（マイカー進入可否を要確認）、公式情報または2情報源での確認が必要",
    "sources": "OpenStreetMap（© OpenStreetMap contributors, ODbL 1.0）Geofabrik japan-latest.osm.pbf 2026-09-23T20:22:04Z node/1420109237（登山道と道路の接続点）",
    "verifiedAt": ""
   }
  },
  {
   "type": "Feature",
   "geometry": {
    "type": "Point",
    "coordinates": [
     135.705534,
     35.153498
    ]
   },
   "properties": {
    "id": "TH-n1420110265",
    "kind": "trailhead",
    "name": "（名称未確認）",
    "datum": "WGS84",
    "mountainIds": "562",
    "mountainNames": "桟敷ヶ岳",
    "lists": "関西百名山",
    "routes": "",
    "entryType": "道路の終点付近",
    "trailKmToSummit": "桟敷ヶ岳:2.16km",
    "related": "",
    "attributes": "",
    "status": "candidate",
    "accuracyM": 30,
    "needsReview": "名称未確認、林道からの入口（マイカー進入可否を要確認）、公式情報または2情報源での確認が必要",
    "sources": "OpenStreetMap（© OpenStreetMap contributors, ODbL 1.0）Geofabrik japan-latest.osm.pbf 2026-09-23T20:22:04Z node/1420110265（登山道と道路の接続点）",
    "verifiedAt": ""
   }
  },
  {
   "type": "Feature",
   "geometry": {
    "type": "Point",
    "coordinates": [
     135.712545,
     35.16583
    ]
   },
   "properties": {
    "id": "TH-n1420111324",
    "kind": "trailhead",
    "name": "祖父谷峠",
    "datum": "WGS84",
    "mountainIds": "562",
    "mountainNames": "桟敷ヶ岳",
    "lists": "関西百名山",
    "routes": "",
    "entryType": "峠（道路との接続）",
    "trailKmToSummit": "桟敷ヶ岳:1.23km",
    "related": "",
    "attributes": "",
    "status": "adopted",
    "accuracyM": 30,
    "needsReview": "",
    "sources": "OpenStreetMap（© OpenStreetMap contributors, ODbL 1.0）Geofabrik japan-latest.osm.pbf 2026-09-23T20:22:04Z node/1420111324（登山道と道路の接続点） ｜ 国土地理院 地名検索「祖父谷峠」（35.166266, 135.712200、JGD2011、57m差）2026-09-20確認",
    "verifiedAt": "2026-09-20"
   }
  },
  {
   "type": "Feature",
   "geometry": {
    "type": "Point",
    "coordinates": [
     136.441412,
     35.1082437
    ]
   },
   "properties": {
    "id": "TH-n1423765193",
    "kind": "trailhead",
    "name": "石榑峠",
    "datum": "WGS84",
    "mountainIds": "553 555 563 577",
    "mountainNames": "鈴北岳、御池岳、藤原岳、竜ヶ岳",
    "lists": "東海の百山|関西百名山|日本三百名山",
    "routes": "",
    "entryType": "峠（道路との接続）",
    "trailKmToSummit": "鈴北岳:14.8km 御池岳:14.26km 藤原岳:8.21km 竜ヶ岳:1.76km",
    "related": "",
    "attributes": "",
    "status": "adopted",
    "accuracyM": 30,
    "needsReview": "登山道が道路を横断する地点（途中の入口の可能性）、近くの道路にゲートあり（車両通行止め・季節閉鎖の可能性）",
    "sources": "OpenStreetMap（© OpenStreetMap contributors, ODbL 1.0）Geofabrik japan-latest.osm.pbf 2026-09-23T20:22:04Z node/1423765193（登山道と道路の接続点） ｜ 国土地理院 地名検索「石榑峠」（35.108110, 136.441017、JGD2011、39m差）2026-09-20確認",
    "verifiedAt": "2026-09-20"
   }
  },
  {
   "type": "Feature",
   "geometry": {
    "type": "Point",
    "coordinates": [
     135.6479139,
     33.717782
    ]
   },
   "properties": {
    "id": "TH-n1425278574",
    "kind": "trailhead",
    "name": "法師山登山口（木守杣谷林道 トウベ谷出合）",
    "datum": "WGS84",
    "mountainIds": "808",
    "mountainNames": "法師山",
    "lists": "関西百名山",
    "routes": "",
    "entryType": "一般道との接続",
    "trailKmToSummit": "法師山:2.06km",
    "related": "",
    "attributes": "",
    "status": "provisional",
    "accuracyM": 30,
    "needsReview": "公式情報または2情報源での確認が必要",
    "sources": "OpenStreetMap（© OpenStreetMap contributors, ODbL 1.0）Geofabrik japan-latest.osm.pbf 2026-09-23T20:22:04Z node/1425278574（登山道と道路の接続点） ｜ 登山記録で広く使われている登山口（登山記録・登山情報サイトで名称と利用を確認。公式情報では未確認） 2026-09-24確認",
    "verifiedAt": ""
   }
  },
  {
   "type": "Feature",
   "geometry": {
    "type": "Point",
    "coordinates": [
     135.605479,
     33.719741
    ]
   },
   "properties": {
    "id": "TH-n1425279843",
    "kind": "trailhead",
    "name": "（名称未確認）",
    "datum": "WGS84",
    "mountainIds": "807",
    "mountainNames": "半作嶺",
    "lists": "関西百名山",
    "routes": "",
    "entryType": "一般道との接続",
    "trailKmToSummit": "半作嶺:1.17km",
    "related": "",
    "attributes": "",
    "status": "candidate",
    "accuracyM": 30,
    "needsReview": "名称未確認、公式情報または2情報源での確認が必要",
    "sources": "OpenStreetMap（© OpenStreetMap contributors, ODbL 1.0）Geofabrik japan-latest.osm.pbf 2026-09-23T20:22:04Z node/1425279843（登山道と道路の接続点）",
    "verifiedAt": ""
   }
  },
  {
   "type": "Feature",
   "geometry": {
    "type": "Point",
    "coordinates": [
     135.605614,
     33.723845
    ]
   },
   "properties": {
    "id": "TH-n1425281815",
    "kind": "trailhead",
    "name": "（名称未確認）",
    "datum": "WGS84",
    "mountainIds": "807",
    "mountainNames": "半作嶺",
    "lists": "関西百名山",
    "routes": "",
    "entryType": "一般道との接続",
    "trailKmToSummit": "半作嶺:0.89km",
    "related": "",
    "attributes": "",
    "status": "candidate",
    "accuracyM": 30,
    "needsReview": "名称未確認、公式情報または2情報源での確認が必要",
    "sources": "OpenStreetMap（© OpenStreetMap contributors, ODbL 1.0）Geofabrik japan-latest.osm.pbf 2026-09-23T20:22:04Z node/1425281815（登山道と道路の接続点）",
    "verifiedAt": ""
   }
  },
  {
   "type": "Feature",
   "geometry": {
    "type": "Point",
    "coordinates": [
     135.602135,
     33.730565
    ]
   },
   "properties": {
    "id": "TH-n1425285442",
    "kind": "trailhead",
    "name": "半作峠北登山口（半作嶺）",
    "datum": "WGS84",
    "mountainIds": "807",
    "mountainNames": "半作嶺",
    "lists": "関西百名山",
    "routes": "",
    "entryType": "一般道との接続",
    "trailKmToSummit": "半作嶺:0.55km",
    "related": "",
    "attributes": "",
    "status": "provisional",
    "accuracyM": 30,
    "needsReview": "公式情報または2情報源での確認が必要",
    "sources": "OpenStreetMap（© OpenStreetMap contributors, ODbL 1.0）Geofabrik japan-latest.osm.pbf 2026-09-23T20:22:04Z node/1425285442（登山道と道路の接続点） ｜ 登山記録で広く使われている登山口（登山記録・登山情報サイトで名称と利用を確認。公式情報では未確認） 2026-09-24確認",
    "verifiedAt": ""
   }
  },
  {
   "type": "Feature",
   "geometry": {
    "type": "Point",
    "coordinates": [
     135.687537,
     33.73362
    ]
   },
   "properties": {
    "id": "TH-n1425288596",
    "kind": "trailhead",
    "name": "（名称未確認）",
    "datum": "WGS84",
    "mountainIds": "781",
    "mountainNames": "大塔山",
    "lists": "関西百名山",
    "routes": "",
    "entryType": "道路の終点付近",
    "trailKmToSummit": "大塔山:2.98km",
    "related": "",
    "attributes": "",
    "status": "candidate",
    "accuracyM": 30,
    "needsReview": "名称未確認、林道からの入口（マイカー進入可否を要確認）、公式情報または2情報源での確認が必要",
    "sources": "OpenStreetMap（© OpenStreetMap contributors, ODbL 1.0）Geofabrik japan-latest.osm.pbf 2026-09-23T20:22:04Z node/1425288596（登山道と道路の接続点）",
    "verifiedAt": ""
   }
  },
  {
   "type": "Feature",
   "geometry": {
    "type": "Point",
    "coordinates": [
     135.598775,
     33.737399
    ]
   },
   "properties": {
    "id": "TH-n1425292065",
    "kind": "trailhead",
    "name": "（名称未確認）",
    "datum": "WGS84",
    "mountainIds": "807",
    "mountainNames": "半作嶺",
    "lists": "関西百名山",
    "routes": "",
    "entryType": "一般道との接続",
    "trailKmToSummit": "半作嶺:1.08km",
    "related": "",
    "attributes": "",
    "status": "candidate",
    "accuracyM": 30,
    "needsReview": "名称未確認、公式情報または2情報源での確認が必要",
    "sources": "OpenStreetMap（© OpenStreetMap contributors, ODbL 1.0）Geofabrik japan-latest.osm.pbf 2026-09-23T20:22:04Z node/1425292065（登山道と道路の接続点）",
    "verifiedAt": ""
   }
  },
  {
   "type": "Feature",
   "geometry": {
    "type": "Point",
    "coordinates": [
     135.709578,
     33.740284
    ]
   },
   "properties": {
    "id": "TH-n1425295276",
    "kind": "trailhead",
    "name": "（名称未確認）",
    "datum": "WGS84",
    "mountainIds": "781",
    "mountainNames": "大塔山",
    "lists": "関西百名山",
    "routes": "",
    "entryType": "道路の終点付近",
    "trailKmToSummit": "大塔山:2.01km",
    "related": "",
    "attributes": "",
    "status": "candidate",
    "accuracyM": 30,
    "needsReview": "名称未確認、林道からの入口（マイカー進入可否を要確認）、公式情報または2情報源での確認が必要",
    "sources": "OpenStreetMap（© OpenStreetMap contributors, ODbL 1.0）Geofabrik japan-latest.osm.pbf 2026-09-23T20:22:04Z node/1425295276（登山道と道路の接続点）",
    "verifiedAt": ""
   }
  },
  {
   "type": "Feature",
   "geometry": {
    "type": "Point",
    "coordinates": [
     135.683087,
     33.742285
    ]
   },
   "properties": {
    "id": "TH-n1425296299",
    "kind": "trailhead",
    "name": "（名称未確認）",
    "datum": "WGS84",
    "mountainIds": "808",
    "mountainNames": "法師山",
    "lists": "関西百名山",
    "routes": "",
    "entryType": "林道との接続",
    "trailKmToSummit": "法師山:2.7km",
    "related": "",
    "attributes": "",
    "status": "candidate",
    "accuracyM": 30,
    "needsReview": "名称未確認、林道からの入口（マイカー進入可否を要確認）、公式情報または2情報源での確認が必要",
    "sources": "OpenStreetMap（© OpenStreetMap contributors, ODbL 1.0）Geofabrik japan-latest.osm.pbf 2026-09-23T20:22:04Z node/1425296299（登山道と道路の接続点）",
    "verifiedAt": ""
   }
  },
  {
   "type": "Feature",
   "geometry": {
    "type": "Point",
    "coordinates": [
     135.79248,
     33.858714
    ]
   },
   "properties": {
    "id": "TH-n1425754828",
    "kind": "trailhead",
    "name": "山在峠登山口（五大尊岳）",
    "datum": "WGS84",
    "mountainIds": "762",
    "mountainNames": "五大尊岳",
    "lists": "関西百名山",
    "routes": "",
    "entryType": "一般道との接続",
    "trailKmToSummit": "五大尊岳:4.18km",
    "related": "BS-kP11-22-30-bs2048(996m)",
    "attributes": "",
    "status": "provisional",
    "accuracyM": 30,
    "needsReview": "登山道が道路を横断する地点（途中の入口の可能性）、公式情報または2情報源での確認が必要",
    "sources": "OpenStreetMap（© OpenStreetMap contributors, ODbL 1.0）Geofabrik japan-latest.osm.pbf 2026-09-23T20:22:04Z node/1425754828（登山道と道路の接続点） ｜ 登山記録で広く使われている登山口（登山記録・登山情報サイトで名称と利用を確認。公式情報では未確認） 2026-09-24確認",
    "verifiedAt": ""
   }
  },
  {
   "type": "Feature",
   "geometry": {
    "type": "Point",
    "coordinates": [
     135.735081,
     33.863939
    ]
   },
   "properties": {
    "id": "TH-n1425772237",
    "kind": "trailhead",
    "name": "（名称未確認）中下番バス停付近",
    "datum": "WGS84",
    "mountainIds": "759",
    "mountainNames": "冷水山",
    "lists": "関西百名山",
    "routes": "",
    "entryType": "一般道との接続",
    "trailKmToSummit": "冷水山:12.57km",
    "related": "BS-kP11-22-30-bs2056(14m) BS-kP11-22-30-bs2063(609m) BS-kP11-22-30-bs2064(609m)",
    "attributes": "",
    "status": "provisional",
    "accuracyM": 30,
    "needsReview": "名称未確認、公式情報または2情報源での確認が必要",
    "sources": "OpenStreetMap（© OpenStreetMap contributors, ODbL 1.0）Geofabrik japan-latest.osm.pbf 2026-09-23T20:22:04Z node/1425772237（登山道と道路の接続点）",
    "verifiedAt": ""
   }
  },
  {
   "type": "Feature",
   "geometry": {
    "type": "Point",
    "coordinates": [
     135.7672923,
     33.8699054
    ]
   },
   "properties": {
    "id": "TH-n1425775083",
    "kind": "trailhead",
    "name": "（名称未確認）草合バス停付近",
    "datum": "WGS84",
    "mountainIds": "762",
    "mountainNames": "五大尊岳",
    "lists": "関西百名山",
    "routes": "",
    "entryType": "一般道との接続",
    "trailKmToSummit": "五大尊岳:6.27km",
    "related": "BS-kP11-22-30-bs2028(76m) BS-kP11-22-30-bs2038(359m) BS-kP11-22-30-bs2023(398m)",
    "attributes": "",
    "status": "provisional",
    "accuracyM": 30,
    "needsReview": "名称未確認、公式情報または2情報源での確認が必要",
    "sources": "OpenStreetMap（© OpenStreetMap contributors, ODbL 1.0）Geofabrik japan-latest.osm.pbf 2026-09-23T20:22:04Z node/1425775083（登山道と道路の接続点）",
    "verifiedAt": ""
   }
  },
  {
   "type": "Feature",
   "geometry": {
    "type": "Point",
    "coordinates": [
     135.7602022,
     33.8795837
    ]
   },
   "properties": {
    "id": "TH-n1425781203",
    "kind": "trailhead",
    "name": "（名称未確認）八木尾バス停付近",
    "datum": "WGS84",
    "mountainIds": "759",
    "mountainNames": "冷水山",
    "lists": "関西百名山",
    "routes": "OSM登山道「小辺路」",
    "entryType": "一般道との接続",
    "trailKmToSummit": "冷水山:14.34km",
    "related": "BS-kP11-22-30-bs2016(427m) BS-kP11-22-30-bs2017(427m) BS-kP11-22-30-bs2018(427m)",
    "attributes": "OSM登山ルート: 熊野古道 小辺路",
    "status": "provisional",
    "accuracyM": 30,
    "needsReview": "名称未確認、公式情報または2情報源での確認が必要",
    "sources": "OpenStreetMap（© OpenStreetMap contributors, ODbL 1.0）Geofabrik japan-latest.osm.pbf 2026-09-23T20:22:04Z node/1425781203（登山道と道路の接続点）",
    "verifiedAt": ""
   }
  },
  {
   "type": "Feature",
   "geometry": {
    "type": "Point",
    "coordinates": [
     135.5770825,
     34.0582312
    ]
   },
   "properties": {
    "id": "TH-n1425828729",
    "kind": "trailhead",
    "name": "（名称未確認）",
    "datum": "WGS84",
    "mountainIds": "729",
    "mountainNames": "護摩壇山",
    "lists": "日本三百名山|関西百名山",
    "routes": "",
    "entryType": "道路の終点付近",
    "trailKmToSummit": "護摩壇山:0.96km",
    "related": "",
    "attributes": "",
    "status": "candidate",
    "accuracyM": 30,
    "needsReview": "名称未確認、林道からの入口（マイカー進入可否を要確認）、公式情報または2情報源での確認が必要",
    "sources": "OpenStreetMap（© OpenStreetMap contributors, ODbL 1.0）Geofabrik japan-latest.osm.pbf 2026-09-23T20:22:04Z node/1425828729（登山道と道路の接続点）",
    "verifiedAt": ""
   }
  },
  {
   "type": "Feature",
   "geometry": {
    "type": "Point",
    "coordinates": [
     135.5993079,
     34.3710993
    ]
   },
   "properties": {
    "id": "TH-n1427144827",
    "kind": "trailhead",
    "name": "（名称未確認）光陽台東バス停付近",
    "datum": "WGS84",
    "mountainIds": "681",
    "mountainNames": "岩湧山",
    "lists": "関西百名山",
    "routes": "",
    "entryType": "一般道との接続",
    "trailKmToSummit": "岩湧山:6.09km",
    "related": "PK-w652566960(302m) PK-w652566961(312m) PK-w652159224(370m) BS-kP11-22-30-bs2(805m)",
    "attributes": "",
    "status": "provisional",
    "accuracyM": 30,
    "needsReview": "名称未確認、公式情報または2情報源での確認が必要",
    "sources": "OpenStreetMap（© OpenStreetMap contributors, ODbL 1.0）Geofabrik japan-latest.osm.pbf 2026-09-23T20:22:04Z node/1427144827（登山道と道路の接続点）",
    "verifiedAt": ""
   }
  },
  {
   "type": "Feature",
   "geometry": {
    "type": "Point",
    "coordinates": [
     135.3259662,
     34.1056719
    ]
   },
   "properties": {
    "id": "TH-n1429527213",
    "kind": "trailhead",
    "name": "生石高原 山の家おいし（生石ヶ峰）",
    "datum": "WGS84",
    "mountainIds": "723",
    "mountainNames": "生石ヶ峰",
    "lists": "関西百名山",
    "routes": "",
    "entryType": "一般道（県道以上）との接続",
    "trailKmToSummit": "生石ヶ峰:0.85km",
    "related": "PK-g3410567_13532597(0m) PK-w616921748(49m) PK-w616921752(278m)",
    "attributes": "",
    "status": "provisional",
    "accuracyM": 30,
    "needsReview": "登山道が道路を横断する地点（途中の入口の可能性）、公式情報または2情報源での確認が必要",
    "sources": "OpenStreetMap（© OpenStreetMap contributors, ODbL 1.0）Geofabrik japan-latest.osm.pbf 2026-09-23T20:22:04Z node/1429527213（登山道と道路の接続点） ｜ 登山記録で広く使われている登山口（登山記録・登山情報サイトで名称と利用を確認。公式情報では未確認） 2026-09-24確認",
    "verifiedAt": ""
   }
  },
  {
   "type": "Feature",
   "geometry": {
    "type": "Point",
    "coordinates": [
     135.4135609,
     34.218043
    ]
   },
   "properties": {
    "id": "TH-n1429642256",
    "kind": "trailhead",
    "name": "（名称未確認）高原バス停付近",
    "datum": "WGS84",
    "mountainIds": "704",
    "mountainNames": "龍門山",
    "lists": "関西百名山",
    "routes": "",
    "entryType": "一般道との接続",
    "trailKmToSummit": "龍門山:2.73km",
    "related": "BS-kP11-22-30-bs768(857m)",
    "attributes": "",
    "status": "provisional",
    "accuracyM": 30,
    "needsReview": "名称未確認、公式情報または2情報源での確認が必要",
    "sources": "OpenStreetMap（© OpenStreetMap contributors, ODbL 1.0）Geofabrik japan-latest.osm.pbf 2026-09-23T20:22:04Z node/1429642256（登山道と道路の接続点）",
    "verifiedAt": ""
   }
  },
  {
   "type": "Feature",
   "geometry": {
    "type": "Point",
    "coordinates": [
     135.4045889,
     34.218556
    ]
   },
   "properties": {
    "id": "TH-n1429642536",
    "kind": "trailhead",
    "name": "（名称未確認）黒川バス停付近",
    "datum": "WGS84",
    "mountainIds": "704",
    "mountainNames": "龍門山",
    "lists": "関西百名山",
    "routes": "",
    "entryType": "一般道との接続",
    "trailKmToSummit": "龍門山:2.88km",
    "related": "BS-kP11-22-30-bs780(653m)",
    "attributes": "",
    "status": "provisional",
    "accuracyM": 30,
    "needsReview": "名称未確認、公式情報または2情報源での確認が必要",
    "sources": "OpenStreetMap（© OpenStreetMap contributors, ODbL 1.0）Geofabrik japan-latest.osm.pbf 2026-09-23T20:22:04Z node/1429642536（登山道と道路の接続点）",
    "verifiedAt": ""
   }
  },
  {
   "type": "Feature",
   "geometry": {
    "type": "Point",
    "coordinates": [
     135.402581,
     34.220935
    ]
   },
   "properties": {
    "id": "TH-n1429644057",
    "kind": "trailhead",
    "name": "（名称未確認）黒川バス停付近",
    "datum": "WGS84",
    "mountainIds": "704",
    "mountainNames": "龍門山",
    "lists": "関西百名山",
    "routes": "",
    "entryType": "一般道との接続",
    "trailKmToSummit": "龍門山:3.08km",
    "related": "BS-kP11-22-30-bs780(937m)",
    "attributes": "",
    "status": "provisional",
    "accuracyM": 30,
    "needsReview": "名称未確認、公式情報または2情報源での確認が必要",
    "sources": "OpenStreetMap（© OpenStreetMap contributors, ODbL 1.0）Geofabrik japan-latest.osm.pbf 2026-09-23T20:22:04Z node/1429644057（登山道と道路の接続点）",
    "verifiedAt": ""
   }
  },
  {
   "type": "Feature",
   "geometry": {
    "type": "Point",
    "coordinates": [
     135.394422,
     34.221296
    ]
   },
   "properties": {
    "id": "TH-n1429644308",
    "kind": "trailhead",
    "name": "（名称未確認）善田集会所前バス停付近",
    "datum": "WGS84",
    "mountainIds": "704",
    "mountainNames": "龍門山",
    "lists": "関西百名山",
    "routes": "",
    "entryType": "一般道との接続",
    "trailKmToSummit": "龍門山:2.75km",
    "related": "BS-kP11-22-30-bs690(258m) BS-kP11-22-30-bs782(984m)",
    "attributes": "",
    "status": "provisional",
    "accuracyM": 30,
    "needsReview": "名称未確認、公式情報または2情報源での確認が必要",
    "sources": "OpenStreetMap（© OpenStreetMap contributors, ODbL 1.0）Geofabrik japan-latest.osm.pbf 2026-09-23T20:22:04Z node/1429644308（登山道と道路の接続点）",
    "verifiedAt": ""
   }
  },
  {
   "type": "Feature",
   "geometry": {
    "type": "Point",
    "coordinates": [
     135.393459,
     34.227353
    ]
   },
   "properties": {
    "id": "TH-n1429648911",
    "kind": "trailhead",
    "name": "（名称未確認）善田集会所前バス停付近",
    "datum": "WGS84",
    "mountainIds": "704",
    "mountainNames": "龍門山",
    "lists": "関西百名山",
    "routes": "",
    "entryType": "一般道との接続",
    "trailKmToSummit": "龍門山:2.58km",
    "related": "BS-kP11-22-30-bs690(673m)",
    "attributes": "",
    "status": "provisional",
    "accuracyM": 30,
    "needsReview": "名称未確認、公式情報または2情報源での確認が必要",
    "sources": "OpenStreetMap（© OpenStreetMap contributors, ODbL 1.0）Geofabrik japan-latest.osm.pbf 2026-09-23T20:22:04Z node/1429648911（登山道と道路の接続点）",
    "verifiedAt": ""
   }
  },
  {
   "type": "Feature",
   "geometry": {
    "type": "Point",
    "coordinates": [
     135.4318288,
     34.3472295
    ]
   },
   "properties": {
    "id": "TH-n1429695326",
    "kind": "trailhead",
    "name": "（名称未確認）",
    "datum": "WGS84",
    "mountainIds": "689",
    "mountainNames": "和泉葛城山",
    "lists": "関西百名山",
    "routes": "",
    "entryType": "一般道との接続",
    "trailKmToSummit": "和泉葛城山:0.25km",
    "related": "PK-w761272317(289m) PK-w761272318(370m)",
    "attributes": "",
    "status": "provisional",
    "accuracyM": 30,
    "needsReview": "名称未確認、公式情報または2情報源での確認が必要",
    "sources": "OpenStreetMap（© OpenStreetMap contributors, ODbL 1.0）Geofabrik japan-latest.osm.pbf 2026-09-23T20:22:04Z node/1429695326（登山道と道路の接続点）",
    "verifiedAt": ""
   }
  },
  {
   "type": "Feature",
   "geometry": {
    "type": "Point",
    "coordinates": [
     134.4315171,
     35.1483676
    ]
   },
   "properties": {
    "id": "TH-n1471491969",
    "kind": "trailhead",
    "name": "（名称未確認）雛倉バス停付近",
    "datum": "WGS84",
    "mountainIds": "570",
    "mountainNames": "日名倉山",
    "lists": "関西百名山",
    "routes": "",
    "entryType": "一般道との接続",
    "trailKmToSummit": "日名倉山:2.31km",
    "related": "BS-kP11-22-28-bs1706(523m) BS-kP11-22-28-bs1680(594m) BS-kP11-22-28-bs1731(645m)",
    "attributes": "",
    "status": "provisional",
    "accuracyM": 30,
    "needsReview": "名称未確認、公式情報または2情報源での確認が必要",
    "sources": "OpenStreetMap（© OpenStreetMap contributors, ODbL 1.0）Geofabrik japan-latest.osm.pbf 2026-09-23T20:22:04Z node/1471491969（登山道と道路の接続点）",
    "verifiedAt": ""
   }
  },
  {
   "type": "Feature",
   "geometry": {
    "type": "Point",
    "coordinates": [
     134.4327106,
     35.1535319
    ]
   },
   "properties": {
    "id": "TH-n1471492588",
    "kind": "trailhead",
    "name": "（名称未確認）屋垣内バス停付近",
    "datum": "WGS84",
    "mountainIds": "570",
    "mountainNames": "日名倉山",
    "lists": "関西百名山",
    "routes": "",
    "entryType": "一般道との接続",
    "trailKmToSummit": "日名倉山:2.54km",
    "related": "BS-kP11-22-28-bs1680(143m) BS-kP11-22-28-bs1657(196m) BS-kP11-22-28-bs1706(551m)",
    "attributes": "",
    "status": "provisional",
    "accuracyM": 30,
    "needsReview": "名称未確認、公式情報または2情報源での確認が必要",
    "sources": "OpenStreetMap（© OpenStreetMap contributors, ODbL 1.0）Geofabrik japan-latest.osm.pbf 2026-09-23T20:22:04Z node/1471492588（登山道と道路の接続点）",
    "verifiedAt": ""
   }
  },
  {
   "type": "Feature",
   "geometry": {
    "type": "Point",
    "coordinates": [
     134.4314161,
     35.1563765
    ]
   },
   "properties": {
    "id": "TH-n1471492994",
    "kind": "trailhead",
    "name": "（名称未確認）奥西山公民館前バス停付近",
    "datum": "WGS84",
    "mountainIds": "570",
    "mountainNames": "日名倉山",
    "lists": "関西百名山",
    "routes": "",
    "entryType": "一般道との接続",
    "trailKmToSummit": "日名倉山:2.41km",
    "related": "BS-kP11-22-28-bs1657(192m) BS-kP11-22-28-bs1616(230m) BS-kP11-22-28-bs1615(387m)",
    "attributes": "",
    "status": "provisional",
    "accuracyM": 30,
    "needsReview": "名称未確認、公式情報または2情報源での確認が必要",
    "sources": "OpenStreetMap（© OpenStreetMap contributors, ODbL 1.0）Geofabrik japan-latest.osm.pbf 2026-09-23T20:22:04Z node/1471492994（登山道と道路の接続点）",
    "verifiedAt": ""
   }
  },
  {
   "type": "Feature",
   "geometry": {
    "type": "Point",
    "coordinates": [
     134.647364,
     35.092005
    ]
   },
   "properties": {
    "id": "TH-n1471714535",
    "kind": "trailhead",
    "name": "（名称未確認）",
    "datum": "WGS84",
    "mountainIds": "587",
    "mountainNames": "雪彦山",
    "lists": "関西百名山",
    "routes": "",
    "entryType": "一般道（県道以上）との接続",
    "trailKmToSummit": "雪彦山:3.44km",
    "related": "",
    "attributes": "",
    "status": "candidate",
    "accuracyM": 30,
    "needsReview": "名称未確認、公式情報または2情報源での確認が必要",
    "sources": "OpenStreetMap（© OpenStreetMap contributors, ODbL 1.0）Geofabrik japan-latest.osm.pbf 2026-09-23T20:22:04Z node/1471714535（登山道と道路の接続点）",
    "verifiedAt": ""
   }
  },
  {
   "type": "Feature",
   "geometry": {
    "type": "Point",
    "coordinates": [
     134.815302,
     35.066307
    ]
   },
   "properties": {
    "id": "TH-n1471752923",
    "kind": "trailhead",
    "name": "（名称未確認）グリーンエコー笠形バス停付近",
    "datum": "WGS84",
    "mountainIds": "591",
    "mountainNames": "笠形山",
    "lists": "関西百名山",
    "routes": "",
    "entryType": "一般道との接続",
    "trailKmToSummit": "笠形山:2.41km",
    "related": "BS-kP11-22-28-bs2257(711m) BS-kP11-22-28-bs2258(711m)",
    "attributes": "",
    "status": "provisional",
    "accuracyM": 30,
    "needsReview": "名称未確認、公式情報または2情報源での確認が必要",
    "sources": "OpenStreetMap（© OpenStreetMap contributors, ODbL 1.0）Geofabrik japan-latest.osm.pbf 2026-09-23T20:22:04Z node/1471752923（登山道と道路の接続点）",
    "verifiedAt": ""
   }
  },
  {
   "type": "Feature",
   "geometry": {
    "type": "Point",
    "coordinates": [
     134.812856,
     35.068206
    ]
   },
   "properties": {
    "id": "TH-n1471753350",
    "kind": "trailhead",
    "name": "グリーンエコー笠形（笠形山登山口）",
    "datum": "WGS84",
    "mountainIds": "591",
    "mountainNames": "笠形山",
    "lists": "関西百名山",
    "routes": "",
    "entryType": "一般道との接続",
    "trailKmToSummit": "笠形山:2.9km",
    "related": "PK-w273505177(333m) PK-w273505178(442m) BS-kP11-22-28-bs2257(432m) BS-kP11-22-28-bs2258(432m)",
    "attributes": "",
    "status": "provisional",
    "accuracyM": 30,
    "needsReview": "公式情報または2情報源での確認が必要",
    "sources": "OpenStreetMap（© OpenStreetMap contributors, ODbL 1.0）Geofabrik japan-latest.osm.pbf 2026-09-23T20:22:04Z node/1471753350（登山道と道路の接続点） ｜ 登山記録で広く使われている登山口（登山記録・登山情報サイトで名称と利用を確認。公式情報では未確認） 2026-09-24確認",
    "verifiedAt": ""
   }
  },
  {
   "type": "Feature",
   "geometry": {
    "type": "Point",
    "coordinates": [
     134.872238,
     35.151257
    ]
   },
   "properties": {
    "id": "TH-n1471771416",
    "kind": "trailhead",
    "name": "（名称未確認）上垣内バス停付近",
    "datum": "WGS84",
    "mountainIds": "571",
    "mountainNames": "千ヶ峰",
    "lists": "関西百名山",
    "routes": "",
    "entryType": "一般道との接続",
    "trailKmToSummit": "千ヶ峰:1.47km",
    "related": "BS-kP11-22-28-bs1644(813m) BS-kP11-22-28-bs1645(813m) BS-kP11-22-28-bs1610(917m)",
    "attributes": "",
    "status": "provisional",
    "accuracyM": 30,
    "needsReview": "名称未確認、公式情報または2情報源での確認が必要",
    "sources": "OpenStreetMap（© OpenStreetMap contributors, ODbL 1.0）Geofabrik japan-latest.osm.pbf 2026-09-23T20:22:04Z node/1471771416（登山道と道路の接続点）",
    "verifiedAt": ""
   }
  },
  {
   "type": "Feature",
   "geometry": {
    "type": "Point",
    "coordinates": [
     134.864313,
     35.15278
    ]
   },
   "properties": {
    "id": "TH-n1471771587",
    "kind": "trailhead",
    "name": "（名称未確認）作畑バス停付近",
    "datum": "WGS84",
    "mountainIds": "571",
    "mountainNames": "千ヶ峰",
    "lists": "関西百名山",
    "routes": "",
    "entryType": "一般道との接続",
    "trailKmToSummit": "千ヶ峰:2.51km",
    "related": "BS-kP11-22-28-bs1665(268m) BS-kP11-22-28-bs1666(268m) BS-kP11-22-28-bs1644(399m)",
    "attributes": "",
    "status": "provisional",
    "accuracyM": 30,
    "needsReview": "名称未確認、公式情報または2情報源での確認が必要",
    "sources": "OpenStreetMap（© OpenStreetMap contributors, ODbL 1.0）Geofabrik japan-latest.osm.pbf 2026-09-23T20:22:04Z node/1471771587（登山道と道路の接続点）",
    "verifiedAt": ""
   }
  },
  {
   "type": "Feature",
   "geometry": {
    "type": "Point",
    "coordinates": [
     134.719778,
     35.184803
    ]
   },
   "properties": {
    "id": "TH-n1471774274",
    "kind": "trailhead",
    "name": "千町峠",
    "datum": "WGS84",
    "mountainIds": "551",
    "mountainNames": "段ヶ峰",
    "lists": "関西百名山",
    "routes": "",
    "entryType": "峠（道路との接続）",
    "trailKmToSummit": "段ヶ峰:1.22km",
    "related": "",
    "attributes": "",
    "status": "adopted",
    "accuracyM": 30,
    "needsReview": "",
    "sources": "OpenStreetMap（© OpenStreetMap contributors, ODbL 1.0）Geofabrik japan-latest.osm.pbf 2026-09-23T20:22:04Z node/1471774274（登山道と道路の接続点） ｜ 国土地理院 地名検索「千町峠」（35.184796, 134.719675、JGD2011、9m差）2026-09-20確認",
    "verifiedAt": "2026-09-20"
   }
  },
  {
   "type": "Feature",
   "geometry": {
    "type": "Point",
    "coordinates": [
     134.702101,
     35.0107659
    ]
   },
   "properties": {
    "id": "TH-n1472584763",
    "kind": "trailhead",
    "name": "七種神社鳥居前駐車場（七種山登山口）",
    "datum": "WGS84",
    "mountainIds": "603",
    "mountainNames": "七種山",
    "lists": "関西百名山",
    "routes": "",
    "entryType": "一般道との接続",
    "trailKmToSummit": "七種山:0.66km",
    "related": "",
    "attributes": "parking=七種神社鳥居前駐車場 4台（福崎町観光協会）; course=鳥居前駐車場から七種の滝まで約300m（約15分）、七種の滝から山頂まで約1km（約40分）（福崎町観光協会）",
    "status": "adopted",
    "accuracyM": 15,
    "needsReview": "作門寺山門から先はさらに道幅が狭くなる（福崎町観光協会）、登山道には作門寺山門前以外にトイレはない（福崎町観光協会）",
    "sources": "OpenStreetMap（© OpenStreetMap contributors, ODbL 1.0）Geofabrik japan-latest.osm.pbf 2026-09-23T20:22:04Z node/1472584763（登山道と道路の接続点） ｜ 公式情報: https://fukusakikankou.jp/wp-content/uploads/2024/04/%E4%B8%83%E7%A8%AE%E5%B1%B1%E7%99%BB%E5%B1%B1%E3%83%9E%E3%83%83%E3%83%97.pdf ｜ 公式情報: https://fukusaki-mountain.com/hiking-trail/4286/ ｜ 地理院地図の徒歩道が車道から始まる位置（35.011028, 134.701807）から39m、地理院地図の注記「七種滝」から91m、標高324m 2026-09-26確認",
    "verifiedAt": "2026-09-26"
   }
  },
  {
   "type": "Feature",
   "geometry": {
    "type": "Point",
    "coordinates": [
     134.709431,
     35.018167
    ]
   },
   "properties": {
    "id": "TH-n1472585006",
    "kind": "trailhead",
    "name": "（名称未確認）",
    "datum": "WGS84",
    "mountainIds": "603",
    "mountainNames": "七種山",
    "lists": "関西百名山",
    "routes": "",
    "entryType": "一般道との接続",
    "trailKmToSummit": "七種山:0.62km",
    "related": "",
    "attributes": "",
    "status": "candidate",
    "accuracyM": 30,
    "needsReview": "名称未確認、公式情報または2情報源での確認が必要",
    "sources": "OpenStreetMap（© OpenStreetMap contributors, ODbL 1.0）Geofabrik japan-latest.osm.pbf 2026-09-23T20:22:04Z node/1472585006（登山道と道路の接続点）",
    "verifiedAt": ""
   }
  },
  {
   "type": "Feature",
   "geometry": {
    "type": "Point",
    "coordinates": [
     135.6017562,
     34.9217857
    ]
   },
   "properties": {
    "id": "TH-n1478987248",
    "kind": "trailhead",
    "name": "（名称未確認）つるが谷バス停付近",
    "datum": "WGS84",
    "mountainIds": "613",
    "mountainNames": "ポンポン山",
    "lists": "関西百名山",
    "routes": "",
    "entryType": "一般道（県道以上）との接続",
    "trailKmToSummit": "ポンポン山:3.11km",
    "related": "BS-kP11-22-27-bs72(5m) BS-kP11-22-26-bs3759(761m)",
    "attributes": "",
    "status": "provisional",
    "accuracyM": 30,
    "needsReview": "名称未確認、近くの道路にゲートあり（車両通行止め・季節閉鎖の可能性）、公式情報または2情報源での確認が必要",
    "sources": "OpenStreetMap（© OpenStreetMap contributors, ODbL 1.0）Geofabrik japan-latest.osm.pbf 2026-09-23T20:22:04Z node/1478987248（登山道と道路の接続点）",
    "verifiedAt": ""
   }
  },
  {
   "type": "Feature",
   "geometry": {
    "type": "Point",
    "coordinates": [
     135.8814807,
     34.3429038
    ]
   },
   "properties": {
    "id": "TH-n1496057185",
    "kind": "trailhead",
    "name": "奥千本口・金峯神社（吉野山 青根ヶ峰）",
    "datum": "WGS84",
    "mountainIds": "684",
    "mountainNames": "吉野山",
    "lists": "関西百名山",
    "routes": "",
    "entryType": "一般道との接続",
    "trailKmToSummit": "吉野山:0.71km",
    "related": "PK-n2863420801(123m) BS-kP11-22-29-bs2378(292m) BS-kP11-22-29-bs2364(780m)",
    "attributes": "",
    "status": "provisional",
    "accuracyM": 30,
    "needsReview": "公式情報または2情報源での確認が必要",
    "sources": "OpenStreetMap（© OpenStreetMap contributors, ODbL 1.0）Geofabrik japan-latest.osm.pbf 2026-09-23T20:22:04Z node/1496057185（登山道と道路の接続点） ｜ 登山記録で広く使われている登山口（登山記録・登山情報サイトで名称と利用を確認。公式情報では未確認） 2026-09-24確認",
    "verifiedAt": ""
   }
  },
  {
   "type": "Feature",
   "geometry": {
    "type": "Point",
    "coordinates": [
     135.909742,
     34.423848
    ]
   },
   "properties": {
    "id": "TH-n1496074870",
    "kind": "trailhead",
    "name": "（名称未確認）下柳バス停付近",
    "datum": "WGS84",
    "mountainIds": "670",
    "mountainNames": "竜門岳",
    "lists": "日本三百名山",
    "routes": "",
    "entryType": "一般道との接続",
    "trailKmToSummit": "竜門岳:3.24km",
    "related": "BS-kP11-22-29-bs1961(873m) BS-kP11-22-29-bs1964(926m) BS-kP11-22-29-bs1969(985m)",
    "attributes": "",
    "status": "provisional",
    "accuracyM": 30,
    "needsReview": "名称未確認、公式情報または2情報源での確認が必要",
    "sources": "OpenStreetMap（© OpenStreetMap contributors, ODbL 1.0）Geofabrik japan-latest.osm.pbf 2026-09-23T20:22:04Z node/1496074870（登山道と道路の接続点）",
    "verifiedAt": ""
   }
  },
  {
   "type": "Feature",
   "geometry": {
    "type": "Point",
    "coordinates": [
     135.8825759,
     34.4272214
    ]
   },
   "properties": {
    "id": "TH-n1496075020",
    "kind": "trailhead",
    "name": "（名称未確認）",
    "datum": "WGS84",
    "mountainIds": "670",
    "mountainNames": "竜門岳",
    "lists": "日本三百名山",
    "routes": "",
    "entryType": "一般道（県道以上）との接続",
    "trailKmToSummit": "竜門岳:2.3km",
    "related": "",
    "attributes": "",
    "status": "candidate",
    "accuracyM": 30,
    "needsReview": "名称未確認、公式情報または2情報源での確認が必要",
    "sources": "OpenStreetMap（© OpenStreetMap contributors, ODbL 1.0）Geofabrik japan-latest.osm.pbf 2026-09-23T20:22:04Z node/1496075020（登山道と道路の接続点）",
    "verifiedAt": ""
   }
  },
  {
   "type": "Feature",
   "geometry": {
    "type": "Point",
    "coordinates": [
     135.911049,
     34.444147
    ]
   },
   "properties": {
    "id": "TH-n1496076646",
    "kind": "trailhead",
    "name": "（名称未確認）",
    "datum": "WGS84",
    "mountainIds": "670",
    "mountainNames": "竜門岳",
    "lists": "日本三百名山",
    "routes": "",
    "entryType": "一般道との接続",
    "trailKmToSummit": "竜門岳:1.82km",
    "related": "",
    "attributes": "",
    "status": "candidate",
    "accuracyM": 30,
    "needsReview": "名称未確認、公式情報または2情報源での確認が必要",
    "sources": "OpenStreetMap（© OpenStreetMap contributors, ODbL 1.0）Geofabrik japan-latest.osm.pbf 2026-09-23T20:22:04Z node/1496076646（登山道と道路の接続点）",
    "verifiedAt": ""
   }
  },
  {
   "type": "Feature",
   "geometry": {
    "type": "Point",
    "coordinates": [
     135.890589,
     34.447415
    ]
   },
   "properties": {
    "id": "TH-n1496076892",
    "kind": "trailhead",
    "name": "（名称未確認）",
    "datum": "WGS84",
    "mountainIds": "670",
    "mountainNames": "竜門岳",
    "lists": "日本三百名山",
    "routes": "",
    "entryType": "一般道との接続",
    "trailKmToSummit": "竜門岳:1.47km",
    "related": "",
    "attributes": "",
    "status": "candidate",
    "accuracyM": 30,
    "needsReview": "名称未確認、公式情報または2情報源での確認が必要",
    "sources": "OpenStreetMap（© OpenStreetMap contributors, ODbL 1.0）Geofabrik japan-latest.osm.pbf 2026-09-23T20:22:04Z node/1496076892（登山道と道路の接続点）",
    "verifiedAt": ""
   }
  },
  {
   "type": "Feature",
   "geometry": {
    "type": "Point",
    "coordinates": [
     135.4676214,
     34.9356743
    ]
   },
   "properties": {
    "id": "TH-n1550334169",
    "kind": "trailhead",
    "name": "（名称未確認）",
    "datum": "WGS84",
    "mountainIds": "615",
    "mountainNames": "妙見山",
    "lists": "関西百名山",
    "routes": "",
    "entryType": "一般道との接続",
    "trailKmToSummit": "妙見山:0.89km",
    "related": "PK-w1095338929(45m) PK-w1095338930(56m)",
    "attributes": "",
    "status": "provisional",
    "accuracyM": 30,
    "needsReview": "名称未確認、登山道が道路を横断する地点（途中の入口の可能性）、公式情報または2情報源での確認が必要",
    "sources": "OpenStreetMap（© OpenStreetMap contributors, ODbL 1.0）Geofabrik japan-latest.osm.pbf 2026-09-23T20:22:04Z node/1550334169（登山道と道路の接続点）",
    "verifiedAt": ""
   }
  },
  {
   "type": "Feature",
   "geometry": {
    "type": "Point",
    "coordinates": [
     135.4142485,
     34.9837493
    ]
   },
   "properties": {
    "id": "TH-n1550350033",
    "kind": "trailhead",
    "name": "（名称未確認）能勢町宿野バス停付近",
    "datum": "WGS84",
    "mountainIds": "606",
    "mountainNames": "剣尾山",
    "lists": "関西百名山",
    "routes": "",
    "entryType": "一般道（県道以上）との接続",
    "trailKmToSummit": "剣尾山:3.08km",
    "related": "BS-kP11-22-27-bs16(975m)",
    "attributes": "",
    "status": "provisional",
    "accuracyM": 30,
    "needsReview": "名称未確認、公式情報または2情報源での確認が必要",
    "sources": "OpenStreetMap（© OpenStreetMap contributors, ODbL 1.0）Geofabrik japan-latest.osm.pbf 2026-09-23T20:22:04Z node/1550350033（登山道と道路の接続点）",
    "verifiedAt": ""
   }
  },
  {
   "type": "Feature",
   "geometry": {
    "type": "Point",
    "coordinates": [
     135.390489,
     34.9867285
    ]
   },
   "properties": {
    "id": "TH-n1550351888",
    "kind": "trailhead",
    "name": "（名称未確認）",
    "datum": "WGS84",
    "mountainIds": "606",
    "mountainNames": "剣尾山",
    "lists": "関西百名山",
    "routes": "",
    "entryType": "一般道との接続",
    "trailKmToSummit": "剣尾山:2.68km",
    "related": "PK-w518236531(470m) PK-w518236533(483m) BS-n1516333324(448m) BS-n2674263999(555m) BS-n2674264003(652m)",
    "attributes": "",
    "status": "provisional",
    "accuracyM": 30,
    "needsReview": "名称未確認、公式情報または2情報源での確認が必要",
    "sources": "OpenStreetMap（© OpenStreetMap contributors, ODbL 1.0）Geofabrik japan-latest.osm.pbf 2026-09-23T20:22:04Z node/1550351888（登山道と道路の接続点）",
    "verifiedAt": ""
   }
  },
  {
   "type": "Feature",
   "geometry": {
    "type": "Point",
    "coordinates": [
     135.390471,
     34.989858
    ]
   },
   "properties": {
    "id": "TH-n1550354177",
    "kind": "trailhead",
    "name": "能勢温泉（剣尾山・横尾山登山口）",
    "datum": "WGS84",
    "mountainIds": "606",
    "mountainNames": "剣尾山",
    "lists": "関西百名山",
    "routes": "",
    "entryType": "一般道との接続",
    "trailKmToSummit": "剣尾山:2.35km",
    "related": "PK-w518236531(131m) PK-w518236530(157m) PK-w518236533(181m) BS-n2674263999(261m) BS-n2674264003(497m) BS-n1387083836(604m)",
    "attributes": "",
    "status": "provisional",
    "accuracyM": 30,
    "needsReview": "公式情報または2情報源での確認が必要",
    "sources": "OpenStreetMap（© OpenStreetMap contributors, ODbL 1.0）Geofabrik japan-latest.osm.pbf 2026-09-23T20:22:04Z node/1550354177（登山道と道路の接続点） ｜ 登山記録で広く使われている登山口（登山記録・登山情報サイトで名称と利用を確認。公式情報では未確認） 2026-09-24確認",
    "verifiedAt": ""
   }
  },
  {
   "type": "Feature",
   "geometry": {
    "type": "Point",
    "coordinates": [
     135.1718432,
     35.0539378
    ]
   },
   "properties": {
    "id": "TH-n1560154171",
    "kind": "trailhead",
    "name": "（名称未確認）篠山口駅バス停付近",
    "datum": "WGS84",
    "mountainIds": "600",
    "mountainNames": "白髪岳",
    "lists": "関西百名山",
    "routes": "",
    "entryType": "一般道との接続",
    "trailKmToSummit": "白髪岳:5.17km",
    "related": "PK-w473765223(437m) BS-kP11-22-28-bs2445(498m) BS-kP11-22-28-bs2450(510m) BS-kP11-22-28-bs2450(510m)",
    "attributes": "",
    "status": "provisional",
    "accuracyM": 30,
    "needsReview": "名称未確認、近くの道路にゲートあり（車両通行止め・季節閉鎖の可能性）、公式情報または2情報源での確認が必要",
    "sources": "OpenStreetMap（© OpenStreetMap contributors, ODbL 1.0）Geofabrik japan-latest.osm.pbf 2026-09-23T20:22:04Z node/1560154171（登山道と道路の接続点）",
    "verifiedAt": ""
   }
  },
  {
   "type": "Feature",
   "geometry": {
    "type": "Point",
    "coordinates": [
     135.6513558,
     34.4129205
    ]
   },
   "properties": {
    "id": "TH-n1576346874",
    "kind": "trailhead",
    "name": "（名称未確認）鱒釣場バス停付近",
    "datum": "WGS84",
    "mountainIds": "676",
    "mountainNames": "金剛山",
    "lists": "日本二百名山|日本三百名山|関西百名山",
    "routes": "OSM登山道「妙見谷ルート」",
    "entryType": "一般道（県道以上）との接続",
    "trailKmToSummit": "金剛山:2.46km",
    "related": "PK-w401127183(55m) BS-kP11-22-27-bs5086(280m) BS-kP11-22-27-bs5097(344m) BS-kP11-22-27-bs5019(546m)",
    "attributes": "",
    "status": "provisional",
    "accuracyM": 30,
    "needsReview": "名称未確認、公式情報または2情報源での確認が必要",
    "sources": "OpenStreetMap（© OpenStreetMap contributors, ODbL 1.0）Geofabrik japan-latest.osm.pbf 2026-09-23T20:22:04Z node/1576346874（登山道と道路の接続点） ｜ 国土地理院 地名検索「千早川」（34.411150, 135.651318、JGD2011、196m差）2026-09-20確認",
    "verifiedAt": "2026-09-20"
   }
  },
  {
   "type": "Feature",
   "geometry": {
    "type": "Point",
    "coordinates": [
     135.652271,
     34.472899
    ]
   },
   "properties": {
    "id": "TH-n1576487143",
    "kind": "trailhead",
    "name": "（名称未確認）河内バス停付近",
    "datum": "WGS84",
    "mountainIds": "667",
    "mountainNames": "大和葛城山",
    "lists": "日本三百名山|関西百名山",
    "routes": "",
    "entryType": "一般道との接続",
    "trailKmToSummit": "大和葛城山:4.32km",
    "related": "BS-kP11-22-27-bs4395(94m) BS-kP11-22-27-bs4395(94m) BS-kP11-22-27-bs4396(94m)",
    "attributes": "",
    "status": "provisional",
    "accuracyM": 30,
    "needsReview": "名称未確認、近くの道路にゲートあり（車両通行止め・季節閉鎖の可能性）、公式情報または2情報源での確認が必要",
    "sources": "OpenStreetMap（© OpenStreetMap contributors, ODbL 1.0）Geofabrik japan-latest.osm.pbf 2026-09-23T20:22:04Z node/1576487143（登山道と道路の接続点）",
    "verifiedAt": ""
   }
  },
  {
   "type": "Feature",
   "geometry": {
    "type": "Point",
    "coordinates": [
     135.661269,
     34.48519
    ]
   },
   "properties": {
    "id": "TH-n1576490101",
    "kind": "trailhead",
    "name": "（名称未確認）持尾バス停付近",
    "datum": "WGS84",
    "mountainIds": "667",
    "mountainNames": "大和葛城山",
    "lists": "日本三百名山|関西百名山",
    "routes": "",
    "entryType": "一般道との接続",
    "trailKmToSummit": "大和葛城山:6.19km",
    "related": "BS-kP11-22-27-bs4230(279m) BS-kP11-22-27-bs4278(411m)",
    "attributes": "",
    "status": "provisional",
    "accuracyM": 30,
    "needsReview": "名称未確認、公式情報または2情報源での確認が必要",
    "sources": "OpenStreetMap（© OpenStreetMap contributors, ODbL 1.0）Geofabrik japan-latest.osm.pbf 2026-09-23T20:22:04Z node/1576490101（登山道と道路の接続点）",
    "verifiedAt": ""
   }
  },
  {
   "type": "Feature",
   "geometry": {
    "type": "Point",
    "coordinates": [
     135.6037112,
     34.3779469
    ]
   },
   "properties": {
    "id": "TH-n1576727511",
    "kind": "trailhead",
    "name": "紀見峠",
    "datum": "WGS84",
    "mountainIds": "681",
    "mountainNames": "岩湧山",
    "lists": "関西百名山",
    "routes": "",
    "entryType": "峠（道路との接続）",
    "trailKmToSummit": "岩湧山:6.85km",
    "related": "",
    "attributes": "",
    "status": "adopted",
    "accuracyM": 30,
    "needsReview": "登山道が道路を横断する地点（途中の入口の可能性）",
    "sources": "OpenStreetMap（© OpenStreetMap contributors, ODbL 1.0）Geofabrik japan-latest.osm.pbf 2026-09-23T20:22:04Z node/1576727511（登山道と道路の接続点） ｜ 国土地理院 地名検索「紀見峠」（34.377805, 135.603672、JGD2011、16m差）2026-09-20確認",
    "verifiedAt": "2026-09-20"
   }
  },
  {
   "type": "Feature",
   "geometry": {
    "type": "Point",
    "coordinates": [
     135.5556569,
     34.3810814
    ]
   },
   "properties": {
    "id": "TH-n1576728876",
    "kind": "trailhead",
    "name": "（名称未確認）岩湧の森 第１駐車場付近",
    "datum": "WGS84",
    "mountainIds": "681",
    "mountainNames": "岩湧山",
    "lists": "関西百名山",
    "routes": "OSM登山道「いわわきの道」、OSM登山道「急坂の道」",
    "entryType": "一般道との接続",
    "trailKmToSummit": "岩湧山:1.18km",
    "related": "PK-w759992541(415m)",
    "attributes": "",
    "status": "provisional",
    "accuracyM": 30,
    "needsReview": "名称未確認、登山道が道路を横断する地点（途中の入口の可能性）、公式情報または2情報源での確認が必要",
    "sources": "OpenStreetMap（© OpenStreetMap contributors, ODbL 1.0）Geofabrik japan-latest.osm.pbf 2026-09-23T20:22:04Z node/1576728876（登山道と道路の接続点）",
    "verifiedAt": ""
   }
  },
  {
   "type": "Feature",
   "geometry": {
    "type": "Point",
    "coordinates": [
     135.525771,
     34.382083
    ]
   },
   "properties": {
    "id": "TH-n1576729669",
    "kind": "trailhead",
    "name": "（名称未確認）夕月橋バス停付近",
    "datum": "WGS84",
    "mountainIds": "681",
    "mountainNames": "岩湧山",
    "lists": "関西百名山",
    "routes": "",
    "entryType": "一般道との接続",
    "trailKmToSummit": "岩湧山:2.86km",
    "related": "BS-kP11-22-27-bs5325(166m) BS-kP11-22-27-bs5326(166m) BS-kP11-22-27-bs5306(452m)",
    "attributes": "",
    "status": "provisional",
    "accuracyM": 30,
    "needsReview": "名称未確認、公式情報または2情報源での確認が必要",
    "sources": "OpenStreetMap（© OpenStreetMap contributors, ODbL 1.0）Geofabrik japan-latest.osm.pbf 2026-09-23T20:22:04Z node/1576729669（登山道と道路の接続点）",
    "verifiedAt": ""
   }
  },
  {
   "type": "Feature",
   "geometry": {
    "type": "Point",
    "coordinates": [
     135.5597789,
     34.3837611
    ]
   },
   "properties": {
    "id": "TH-n1576730240",
    "kind": "trailhead",
    "name": "（名称未確認）岩湧の森 第１駐車場付近",
    "datum": "WGS84",
    "mountainIds": "681",
    "mountainNames": "岩湧山",
    "lists": "関西百名山",
    "routes": "OSM登山道「みはらしの道」",
    "entryType": "一般道との接続",
    "trailKmToSummit": "岩湧山:3.13km",
    "related": "PK-w759992541(78m)",
    "attributes": "",
    "status": "provisional",
    "accuracyM": 30,
    "needsReview": "名称未確認、公式情報または2情報源での確認が必要",
    "sources": "OpenStreetMap（© OpenStreetMap contributors, ODbL 1.0）Geofabrik japan-latest.osm.pbf 2026-09-23T20:22:04Z node/1576730240（登山道と道路の接続点）",
    "verifiedAt": ""
   }
  },
  {
   "type": "Feature",
   "geometry": {
    "type": "Point",
    "coordinates": [
     135.6749943,
     34.678899
    ]
   },
   "properties": {
    "id": "TH-n1610311502",
    "kind": "trailhead",
    "name": "（名称未確認）",
    "datum": "WGS84",
    "mountainIds": "635",
    "mountainNames": "生駒山",
    "lists": "関西百名山",
    "routes": "",
    "entryType": "一般道との接続",
    "trailKmToSummit": "生駒山:0.37km",
    "related": "PK-w200291034(495m)",
    "attributes": "",
    "status": "provisional",
    "accuracyM": 30,
    "needsReview": "名称未確認、登山道が道路を横断する地点（途中の入口の可能性）、近くの道路にゲートあり（車両通行止め・季節閉鎖の可能性）、公式情報または2情報源での確認が必要",
    "sources": "OpenStreetMap（© OpenStreetMap contributors, ODbL 1.0）Geofabrik japan-latest.osm.pbf 2026-09-23T20:22:04Z node/1610311502（登山道と道路の接続点）",
    "verifiedAt": ""
   }
  },
  {
   "type": "Feature",
   "geometry": {
    "type": "Point",
    "coordinates": [
     135.676373,
     34.6834359
    ]
   },
   "properties": {
    "id": "TH-n1610316417",
    "kind": "trailhead",
    "name": "（名称未確認）",
    "datum": "WGS84",
    "mountainIds": "635",
    "mountainNames": "生駒山",
    "lists": "関西百名山",
    "routes": "",
    "entryType": "一般道との接続",
    "trailKmToSummit": "生駒山:0.65km",
    "related": "PK-w200291034(362m)",
    "attributes": "",
    "status": "provisional",
    "accuracyM": 30,
    "needsReview": "名称未確認、登山道が道路を横断する地点（途中の入口の可能性）、近くの道路にゲートあり（車両通行止め・季節閉鎖の可能性）、公式情報または2情報源での確認が必要",
    "sources": "OpenStreetMap（© OpenStreetMap contributors, ODbL 1.0）Geofabrik japan-latest.osm.pbf 2026-09-23T20:22:04Z node/1610316417（登山道と道路の接続点）",
    "verifiedAt": ""
   }
  },
  {
   "type": "Feature",
   "geometry": {
    "type": "Point",
    "coordinates": [
     135.70459,
     34.4624936
    ]
   },
   "properties": {
    "id": "TH-n1616752749",
    "kind": "trailhead",
    "name": "（名称未確認）駐車場付近",
    "datum": "WGS84",
    "mountainIds": "667",
    "mountainNames": "大和葛城山",
    "lists": "日本三百名山|関西百名山",
    "routes": "",
    "entryType": "一般道との接続",
    "trailKmToSummit": "大和葛城山:2.59km",
    "related": "PK-w357046987(326m) PK-w295212260(334m) PK-w1396026195(352m) BS-kP11-22-29-bs1836(264m) BS-kP11-22-29-bs1836(264m) BS-kP11-22-29-bs1853(374m)",
    "attributes": "",
    "status": "provisional",
    "accuracyM": 30,
    "needsReview": "名称未確認、公式情報または2情報源での確認が必要",
    "sources": "OpenStreetMap（© OpenStreetMap contributors, ODbL 1.0）Geofabrik japan-latest.osm.pbf 2026-09-23T20:22:04Z node/1616752749（登山道と道路の接続点）",
    "verifiedAt": ""
   }
  },
  {
   "type": "Feature",
   "geometry": {
    "type": "Point",
    "coordinates": [
     135.4499211,
     34.9187451
    ]
   },
   "properties": {
    "id": "TH-n1629277061",
    "kind": "trailhead",
    "name": "（名称未確認）ケーブル黒川駅バス停付近",
    "datum": "WGS84",
    "mountainIds": "615",
    "mountainNames": "妙見山",
    "lists": "関西百名山",
    "routes": "",
    "entryType": "一般道（県道以上）との接続",
    "trailKmToSummit": "妙見山:2.81km",
    "related": "PK-w751593543(316m) BS-kP11-22-28-bs3692(289m) BS-kP11-22-28-bs3692(289m) BS-kP11-22-28-bs3692(289m)",
    "attributes": "",
    "status": "provisional",
    "accuracyM": 30,
    "needsReview": "名称未確認、登山道が道路を横断する地点（途中の入口の可能性）、公式情報または2情報源での確認が必要",
    "sources": "OpenStreetMap（© OpenStreetMap contributors, ODbL 1.0）Geofabrik japan-latest.osm.pbf 2026-09-23T20:22:04Z node/1629277061（登山道と道路の接続点）",
    "verifiedAt": ""
   }
  },
  {
   "type": "Feature",
   "geometry": {
    "type": "Point",
    "coordinates": [
     135.6112364,
     35.071664
    ]
   },
   "properties": {
    "id": "TH-n1651260849",
    "kind": "trailhead",
    "name": "（名称未確認）原バス停付近",
    "datum": "WGS84",
    "mountainIds": "593",
    "mountainNames": "愛宕山",
    "lists": "日本三百名山|関西百名山",
    "routes": "",
    "entryType": "一般道（県道以上）との接続",
    "trailKmToSummit": "愛宕山:2.95km",
    "related": "BS-kP11-22-26-bs1868(74m) BS-kP11-22-26-bs1855(369m)",
    "attributes": "",
    "status": "provisional",
    "accuracyM": 30,
    "needsReview": "名称未確認、登山道が道路を横断する地点（途中の入口の可能性）、公式情報または2情報源での確認が必要",
    "sources": "OpenStreetMap（© OpenStreetMap contributors, ODbL 1.0）Geofabrik japan-latest.osm.pbf 2026-09-23T20:22:04Z node/1651260849（登山道と道路の接続点）",
    "verifiedAt": ""
   }
  },
  {
   "type": "Feature",
   "geometry": {
    "type": "Point",
    "coordinates": [
     135.6107884,
     35.0749909
    ]
   },
   "properties": {
    "id": "TH-n1651261599",
    "kind": "trailhead",
    "name": "（名称未確認）宕陰出張所前バス停付近",
    "datum": "WGS84",
    "mountainIds": "593",
    "mountainNames": "愛宕山",
    "lists": "日本三百名山|関西百名山",
    "routes": "",
    "entryType": "一般道（県道以上）との接続",
    "trailKmToSummit": "愛宕山:3.58km",
    "related": "BS-kP11-22-26-bs1855(1m) BS-kP11-22-26-bs1868(297m) BS-kP11-22-26-bs1819(815m)",
    "attributes": "",
    "status": "provisional",
    "accuracyM": 30,
    "needsReview": "名称未確認、公式情報または2情報源での確認が必要",
    "sources": "OpenStreetMap（© OpenStreetMap contributors, ODbL 1.0）Geofabrik japan-latest.osm.pbf 2026-09-23T20:22:04Z node/1651261599（登山道と道路の接続点）",
    "verifiedAt": ""
   }
  },
  {
   "type": "Feature",
   "geometry": {
    "type": "Point",
    "coordinates": [
     135.488815,
     35.274165
    ]
   },
   "properties": {
    "id": "TH-n1657308487",
    "kind": "trailhead",
    "name": "（名称未確認）肱谷バス停付近",
    "datum": "WGS84",
    "mountainIds": "514",
    "mountainNames": "長老ヶ岳",
    "lists": "関西百名山",
    "routes": "",
    "entryType": "一般道との接続",
    "trailKmToSummit": "長老ヶ岳:4.59km",
    "related": "BS-kP11-22-26-bs1333(828m)",
    "attributes": "",
    "status": "provisional",
    "accuracyM": 30,
    "needsReview": "名称未確認、公式情報または2情報源での確認が必要",
    "sources": "OpenStreetMap（© OpenStreetMap contributors, ODbL 1.0）Geofabrik japan-latest.osm.pbf 2026-09-23T20:22:04Z node/1657308487（登山道と道路の接続点）",
    "verifiedAt": ""
   }
  },
  {
   "type": "Feature",
   "geometry": {
    "type": "Point",
    "coordinates": [
     135.50376,
     35.276989
    ]
   },
   "properties": {
    "id": "TH-n1657309342",
    "kind": "trailhead",
    "name": "（名称未確認）保育所前バス停付近",
    "datum": "WGS84",
    "mountainIds": "514",
    "mountainNames": "長老ヶ岳",
    "lists": "関西百名山",
    "routes": "",
    "entryType": "一般道との接続",
    "trailKmToSummit": "長老ヶ岳:4.76km",
    "related": "BS-kP11-22-26-bs1313(347m) BS-kP11-22-26-bs1318(479m) BS-kP11-22-26-bs1327(701m)",
    "attributes": "",
    "status": "provisional",
    "accuracyM": 30,
    "needsReview": "名称未確認、公式情報または2情報源での確認が必要",
    "sources": "OpenStreetMap（© OpenStreetMap contributors, ODbL 1.0）Geofabrik japan-latest.osm.pbf 2026-09-23T20:22:04Z node/1657309342（登山道と道路の接続点）",
    "verifiedAt": ""
   }
  },
  {
   "type": "Feature",
   "geometry": {
    "type": "Point",
    "coordinates": [
     135.254117,
     35.496868
    ]
   },
   "properties": {
    "id": "TH-n1659148356",
    "kind": "trailhead",
    "name": "（名称未確認）",
    "datum": "WGS84",
    "mountainIds": "440",
    "mountainNames": "由良ヶ岳",
    "lists": "関西百名山",
    "routes": "",
    "entryType": "道路の終点付近",
    "trailKmToSummit": "由良ヶ岳:2.34km",
    "related": "",
    "attributes": "",
    "status": "candidate",
    "accuracyM": 30,
    "needsReview": "名称未確認、林道からの入口（マイカー進入可否を要確認）、公式情報または2情報源での確認が必要",
    "sources": "OpenStreetMap（© OpenStreetMap contributors, ODbL 1.0）Geofabrik japan-latest.osm.pbf 2026-09-23T20:22:04Z node/1659148356（登山道と道路の接続点）",
    "verifiedAt": ""
   }
  },
  {
   "type": "Feature",
   "geometry": {
    "type": "Point",
    "coordinates": [
     135.390694,
     35.3980279
    ]
   },
   "properties": {
    "id": "TH-n1662169289",
    "kind": "trailhead",
    "name": "（名称未確認）",
    "datum": "WGS84",
    "mountainIds": "486",
    "mountainNames": "弥仙山",
    "lists": "関西百名山",
    "routes": "",
    "entryType": "一般道との接続",
    "trailKmToSummit": "弥仙山:1.48km",
    "related": "",
    "attributes": "",
    "status": "candidate",
    "accuracyM": 30,
    "needsReview": "名称未確認、公式情報または2情報源での確認が必要",
    "sources": "OpenStreetMap（© OpenStreetMap contributors, ODbL 1.0）Geofabrik japan-latest.osm.pbf 2026-09-23T20:22:04Z node/1662169289（登山道と道路の接続点）",
    "verifiedAt": ""
   }
  },
  {
   "type": "Feature",
   "geometry": {
    "type": "Point",
    "coordinates": [
     135.282253,
     35.499798
    ]
   },
   "properties": {
    "id": "TH-n1667076503",
    "kind": "trailhead",
    "name": "（名称未確認）",
    "datum": "WGS84",
    "mountainIds": "440",
    "mountainNames": "由良ヶ岳",
    "lists": "関西百名山",
    "routes": "",
    "entryType": "道路の終点付近",
    "trailKmToSummit": "由良ヶ岳:3.23km",
    "related": "",
    "attributes": "",
    "status": "candidate",
    "accuracyM": 30,
    "needsReview": "名称未確認、林道からの入口（マイカー進入可否を要確認）、公式情報または2情報源での確認が必要",
    "sources": "OpenStreetMap（© OpenStreetMap contributors, ODbL 1.0）Geofabrik japan-latest.osm.pbf 2026-09-23T20:22:04Z node/1667076503（登山道と道路の接続点）",
    "verifiedAt": ""
   }
  },
  {
   "type": "Feature",
   "geometry": {
    "type": "Point",
    "coordinates": [
     135.274074,
     35.514285
    ]
   },
   "properties": {
    "id": "TH-n1667082216",
    "kind": "trailhead",
    "name": "（名称未確認）",
    "datum": "WGS84",
    "mountainIds": "440",
    "mountainNames": "由良ヶ岳",
    "lists": "関西百名山",
    "routes": "",
    "entryType": "一般道との接続",
    "trailKmToSummit": "由良ヶ岳:2.53km",
    "related": "",
    "attributes": "",
    "status": "candidate",
    "accuracyM": 30,
    "needsReview": "名称未確認、公式情報または2情報源での確認が必要",
    "sources": "OpenStreetMap（© OpenStreetMap contributors, ODbL 1.0）Geofabrik japan-latest.osm.pbf 2026-09-23T20:22:04Z node/1667082216（登山道と道路の接続点）",
    "verifiedAt": ""
   }
  },
  {
   "type": "Feature",
   "geometry": {
    "type": "Point",
    "coordinates": [
     135.2481699,
     35.520771
    ]
   },
   "properties": {
    "id": "TH-n1667087137",
    "kind": "trailhead",
    "name": "由良ヶ岳登山口（丹後由良）",
    "datum": "WGS84",
    "mountainIds": "440",
    "mountainNames": "由良ヶ岳",
    "lists": "関西百名山",
    "routes": "",
    "entryType": "一般道との接続",
    "trailKmToSummit": "由良ヶ岳:1.89km",
    "related": "",
    "attributes": "",
    "status": "provisional",
    "accuracyM": 30,
    "needsReview": "公式情報または2情報源での確認が必要",
    "sources": "OpenStreetMap（© OpenStreetMap contributors, ODbL 1.0）Geofabrik japan-latest.osm.pbf 2026-09-23T20:22:04Z node/1667087137（登山道と道路の接続点） ｜ 登山記録で広く使われている登山口（登山記録・登山情報サイトで名称と利用を確認。公式情報では未確認） 2026-09-24確認",
    "verifiedAt": ""
   }
  },
  {
   "type": "Feature",
   "geometry": {
    "type": "Point",
    "coordinates": [
     134.799288,
     34.813476
    ]
   },
   "properties": {
    "id": "TH-n1668477327",
    "kind": "trailhead",
    "name": "成井登山口（高御位山）",
    "datum": "WGS84",
    "mountainIds": "624",
    "mountainNames": "高御位山",
    "lists": "関西百名山",
    "routes": "",
    "entryType": "一般道との接続",
    "trailKmToSummit": "高御位山:0.67km",
    "related": "PK-g3481348_13479929(0m) PK-n4111339655(66m) BS-kP11-22-28-bs5520(409m) BS-kP11-22-28-bs5468(469m) BS-kP11-22-28-bs5419(628m)",
    "attributes": "",
    "status": "provisional",
    "accuracyM": 30,
    "needsReview": "登山道が道路を横断する地点（途中の入口の可能性）、公式情報または2情報源での確認が必要",
    "sources": "OpenStreetMap（© OpenStreetMap contributors, ODbL 1.0）Geofabrik japan-latest.osm.pbf 2026-09-23T20:22:04Z node/1668477327（登山道と道路の接続点） ｜ 登山記録で広く使われている登山口（登山記録・登山情報サイトで名称と利用を確認。公式情報では未確認） 2026-09-24確認",
    "verifiedAt": ""
   }
  },
  {
   "type": "Feature",
   "geometry": {
    "type": "Point",
    "coordinates": [
     134.8035525,
     34.8145927
    ]
   },
   "properties": {
    "id": "TH-n1668477701",
    "kind": "trailhead",
    "name": "（名称未確認）こども療育センター駐車場付近",
    "datum": "WGS84",
    "mountainIds": "624",
    "mountainNames": "高御位山",
    "lists": "関西百名山",
    "routes": "",
    "entryType": "一般道（県道以上）との接続",
    "trailKmToSummit": "高御位山:1.25km",
    "related": "PK-n4111339655(363m) PK-w1150059209(442m) BS-kP11-22-28-bs5520(19m) BS-kP11-22-28-bs5468(247m) BS-kP11-22-28-bs5509(429m)",
    "attributes": "",
    "status": "provisional",
    "accuracyM": 30,
    "needsReview": "名称未確認、公式情報または2情報源での確認が必要",
    "sources": "OpenStreetMap（© OpenStreetMap contributors, ODbL 1.0）Geofabrik japan-latest.osm.pbf 2026-09-23T20:22:04Z node/1668477701（登山道と道路の接続点）",
    "verifiedAt": ""
   }
  },
  {
   "type": "Feature",
   "geometry": {
    "type": "Point",
    "coordinates": [
     135.103248,
     35.44822
    ]
   },
   "properties": {
    "id": "TH-n1669303052",
    "kind": "trailhead",
    "name": "（名称未確認）",
    "datum": "WGS84",
    "mountainIds": "462",
    "mountainNames": "大江山",
    "lists": "関西百名山",
    "routes": "",
    "entryType": "道路の終点付近",
    "trailKmToSummit": "大江山:0.74km",
    "related": "",
    "attributes": "",
    "status": "candidate",
    "accuracyM": 30,
    "needsReview": "名称未確認、林道からの入口（マイカー進入可否を要確認）、公式情報または2情報源での確認が必要",
    "sources": "OpenStreetMap（© OpenStreetMap contributors, ODbL 1.0）Geofabrik japan-latest.osm.pbf 2026-09-23T20:22:04Z node/1669303052（登山道と道路の接続点）",
    "verifiedAt": ""
   }
  },
  {
   "type": "Feature",
   "geometry": {
    "type": "Point",
    "coordinates": [
     135.108241,
     35.432038
    ]
   },
   "properties": {
    "id": "TH-n1670354187",
    "kind": "trailhead",
    "name": "（名称未確認）",
    "datum": "WGS84",
    "mountainIds": "462",
    "mountainNames": "大江山",
    "lists": "関西百名山",
    "routes": "",
    "entryType": "一般道との接続",
    "trailKmToSummit": "大江山:3.08km",
    "related": "",
    "attributes": "",
    "status": "candidate",
    "accuracyM": 30,
    "needsReview": "名称未確認、公式情報または2情報源での確認が必要",
    "sources": "OpenStreetMap（© OpenStreetMap contributors, ODbL 1.0）Geofabrik japan-latest.osm.pbf 2026-09-23T20:22:04Z node/1670354187（登山道と道路の接続点）",
    "verifiedAt": ""
   }
  },
  {
   "type": "Feature",
   "geometry": {
    "type": "Point",
    "coordinates": [
     135.105936,
     35.436392
    ]
   },
   "properties": {
    "id": "TH-n1670355603",
    "kind": "trailhead",
    "name": "（名称未確認）",
    "datum": "WGS84",
    "mountainIds": "462",
    "mountainNames": "大江山",
    "lists": "関西百名山",
    "routes": "",
    "entryType": "一般道との接続",
    "trailKmToSummit": "大江山:2.91km",
    "related": "",
    "attributes": "",
    "status": "candidate",
    "accuracyM": 30,
    "needsReview": "名称未確認、公式情報または2情報源での確認が必要",
    "sources": "OpenStreetMap（© OpenStreetMap contributors, ODbL 1.0）Geofabrik japan-latest.osm.pbf 2026-09-23T20:22:04Z node/1670355603（登山道と道路の接続点）",
    "verifiedAt": ""
   }
  },
  {
   "type": "Feature",
   "geometry": {
    "type": "Point",
    "coordinates": [
     135.435628,
     35.26518
    ]
   },
   "properties": {
    "id": "TH-n1675648838",
    "kind": "trailhead",
    "name": "（名称未確認）大迫バス停付近",
    "datum": "WGS84",
    "mountainIds": "514",
    "mountainNames": "長老ヶ岳",
    "lists": "関西百名山",
    "routes": "",
    "entryType": "一般道との接続",
    "trailKmToSummit": "長老ヶ岳:7.26km",
    "related": "BS-kP11-22-26-bs1350(151m) BS-kP11-22-26-bs1349(486m) BS-kP11-22-26-bs1357(720m)",
    "attributes": "",
    "status": "provisional",
    "accuracyM": 30,
    "needsReview": "名称未確認、登山道が道路を横断する地点（途中の入口の可能性）、公式情報または2情報源での確認が必要",
    "sources": "OpenStreetMap（© OpenStreetMap contributors, ODbL 1.0）Geofabrik japan-latest.osm.pbf 2026-09-23T20:22:04Z node/1675648838（登山道と道路の接続点）",
    "verifiedAt": ""
   }
  },
  {
   "type": "Feature",
   "geometry": {
    "type": "Point",
    "coordinates": [
     135.367008,
     35.385217
    ]
   },
   "properties": {
    "id": "TH-n1677830109",
    "kind": "trailhead",
    "name": "弥仙山登山口（水分神社）",
    "datum": "WGS84",
    "mountainIds": "486",
    "mountainNames": "弥仙山",
    "lists": "関西百名山",
    "routes": "",
    "entryType": "道路の終点付近",
    "trailKmToSummit": "弥仙山:1.37km",
    "related": "",
    "attributes": "",
    "status": "provisional",
    "accuracyM": 30,
    "needsReview": "公式情報または2情報源での確認が必要",
    "sources": "OpenStreetMap（© OpenStreetMap contributors, ODbL 1.0）Geofabrik japan-latest.osm.pbf 2026-09-23T20:22:04Z node/1677830109（登山道と道路の接続点） ｜ 登山記録で広く使われている登山口（登山記録・登山情報サイトで名称と利用を確認。公式情報では未確認） 2026-09-24確認",
    "verifiedAt": ""
   }
  },
  {
   "type": "Feature",
   "geometry": {
    "type": "Point",
    "coordinates": [
     134.815492,
     34.232774
    ]
   },
   "properties": {
    "id": "TH-n1678356596",
    "kind": "trailhead",
    "name": "諭鶴羽神社（諭鶴羽山）",
    "datum": "WGS84",
    "mountainIds": "707",
    "mountainNames": "諭鶴羽山",
    "lists": "関西百名山",
    "routes": "OSM登山道「灘市線」",
    "entryType": "一般道との接続",
    "trailKmToSummit": "諭鶴羽山:0.54km",
    "related": "PK-g3423277_13481549(0m)",
    "attributes": "",
    "status": "provisional",
    "accuracyM": 30,
    "needsReview": "公式情報または2情報源での確認が必要",
    "sources": "OpenStreetMap（© OpenStreetMap contributors, ODbL 1.0）Geofabrik japan-latest.osm.pbf 2026-09-23T20:22:04Z node/1678356596（登山道と道路の接続点） ｜ 登山記録で広く使われている登山口（登山記録・登山情報サイトで名称と利用を確認。公式情報では未確認） 2026-09-24確認",
    "verifiedAt": ""
   }
  },
  {
   "type": "Feature",
   "geometry": {
    "type": "Point",
    "coordinates": [
     134.7976839,
     34.2464132
    ]
   },
   "properties": {
    "id": "TH-n1678365110",
    "kind": "trailhead",
    "name": "（名称未確認）",
    "datum": "WGS84",
    "mountainIds": "707",
    "mountainNames": "諭鶴羽山",
    "lists": "関西百名山",
    "routes": "",
    "entryType": "一般道との接続",
    "trailKmToSummit": "諭鶴羽山:2.11km",
    "related": "",
    "attributes": "",
    "status": "candidate",
    "accuracyM": 30,
    "needsReview": "名称未確認、公式情報または2情報源での確認が必要",
    "sources": "OpenStreetMap（© OpenStreetMap contributors, ODbL 1.0）Geofabrik japan-latest.osm.pbf 2026-09-23T20:22:04Z node/1678365110（登山道と道路の接続点）",
    "verifiedAt": ""
   }
  },
  {
   "type": "Feature",
   "geometry": {
    "type": "Point",
    "coordinates": [
     134.796893,
     34.249142
    ]
   },
   "properties": {
    "id": "TH-n1678366084",
    "kind": "trailhead",
    "name": "諭鶴羽ダム（諭鶴羽山 裏参道登山口）",
    "datum": "WGS84",
    "mountainIds": "707",
    "mountainNames": "諭鶴羽山",
    "lists": "関西百名山",
    "routes": "OSM登山道「灘市線」",
    "entryType": "一般道（県道以上）との接続",
    "trailKmToSummit": "諭鶴羽山:2.66km",
    "related": "PK-g3424914_13479689(0m)",
    "attributes": "",
    "status": "provisional",
    "accuracyM": 30,
    "needsReview": "公式情報または2情報源での確認が必要",
    "sources": "OpenStreetMap（© OpenStreetMap contributors, ODbL 1.0）Geofabrik japan-latest.osm.pbf 2026-09-23T20:22:04Z node/1678366084（登山道と道路の接続点） ｜ 登山記録で広く使われている登山口（登山記録・登山情報サイトで名称と利用を確認。公式情報では未確認） 2026-09-24確認",
    "verifiedAt": ""
   }
  },
  {
   "type": "Feature",
   "geometry": {
    "type": "Point",
    "coordinates": [
     135.1212706,
     35.7232475
    ]
   },
   "properties": {
    "id": "TH-n1681430791",
    "kind": "trailhead",
    "name": "（名称未確認）",
    "datum": "WGS84",
    "mountainIds": "401",
    "mountainNames": "依遅ヶ尾山",
    "lists": "関西百名山",
    "routes": "",
    "entryType": "一般道（県道以上）との接続",
    "trailKmToSummit": "依遅ヶ尾山:2.63km",
    "related": "",
    "attributes": "",
    "status": "candidate",
    "accuracyM": 30,
    "needsReview": "名称未確認、公式情報または2情報源での確認が必要",
    "sources": "OpenStreetMap（© OpenStreetMap contributors, ODbL 1.0）Geofabrik japan-latest.osm.pbf 2026-09-23T20:22:04Z node/1681430791（登山道と道路の接続点）",
    "verifiedAt": ""
   }
  },
  {
   "type": "Feature",
   "geometry": {
    "type": "Point",
    "coordinates": [
     135.125071,
     35.7267151
    ]
   },
   "properties": {
    "id": "TH-n1681431113",
    "kind": "trailhead",
    "name": "（名称未確認）",
    "datum": "WGS84",
    "mountainIds": "401",
    "mountainNames": "依遅ヶ尾山",
    "lists": "関西百名山",
    "routes": "",
    "entryType": "一般道（県道以上）との接続",
    "trailKmToSummit": "依遅ヶ尾山:1.39km",
    "related": "",
    "attributes": "",
    "status": "candidate",
    "accuracyM": 30,
    "needsReview": "名称未確認、公式情報または2情報源での確認が必要",
    "sources": "OpenStreetMap（© OpenStreetMap contributors, ODbL 1.0）Geofabrik japan-latest.osm.pbf 2026-09-23T20:22:04Z node/1681431113（登山道と道路の接続点）",
    "verifiedAt": ""
   }
  },
  {
   "type": "Feature",
   "geometry": {
    "type": "Point",
    "coordinates": [
     135.1516967,
     35.7342317
    ]
   },
   "properties": {
    "id": "TH-n1681431802",
    "kind": "trailhead",
    "name": "（名称未確認）",
    "datum": "WGS84",
    "mountainIds": "401",
    "mountainNames": "依遅ヶ尾山",
    "lists": "関西百名山",
    "routes": "",
    "entryType": "道路の終点付近",
    "trailKmToSummit": "依遅ヶ尾山:1.28km",
    "related": "",
    "attributes": "",
    "status": "candidate",
    "accuracyM": 30,
    "needsReview": "名称未確認、公式情報または2情報源での確認が必要",
    "sources": "OpenStreetMap（© OpenStreetMap contributors, ODbL 1.0）Geofabrik japan-latest.osm.pbf 2026-09-23T20:22:04Z node/1681431802（登山道と道路の接続点）",
    "verifiedAt": ""
   }
  },
  {
   "type": "Feature",
   "geometry": {
    "type": "Point",
    "coordinates": [
     135.130133,
     35.742125
    ]
   },
   "properties": {
    "id": "TH-n1681433101",
    "kind": "trailhead",
    "name": "（名称未確認）屏風岩バス停付近",
    "datum": "WGS84",
    "mountainIds": "401",
    "mountainNames": "依遅ヶ尾山",
    "lists": "関西百名山",
    "routes": "",
    "entryType": "一般道との接続",
    "trailKmToSummit": "依遅ヶ尾山:1.11km",
    "related": "BS-kP11-22-26-bs22(217m) BS-n10220755223(476m) BS-n10220755222(483m)",
    "attributes": "",
    "status": "provisional",
    "accuracyM": 30,
    "needsReview": "名称未確認、公式情報または2情報源での確認が必要",
    "sources": "OpenStreetMap（© OpenStreetMap contributors, ODbL 1.0）Geofabrik japan-latest.osm.pbf 2026-09-23T20:22:04Z node/1681433101（登山道と道路の接続点）",
    "verifiedAt": ""
   }
  },
  {
   "type": "Feature",
   "geometry": {
    "type": "Point",
    "coordinates": [
     136.207631,
     35.5062735
    ]
   },
   "properties": {
    "id": "TH-n1686912330",
    "kind": "trailhead",
    "name": "（名称未確認）長浜市立湖北病院バス停付近",
    "datum": "WGS84",
    "mountainIds": "447",
    "mountainNames": "賤ヶ岳",
    "lists": "関西百名山|東海の百山",
    "routes": "",
    "entryType": "一般道との接続",
    "trailKmToSummit": "賤ヶ岳:1.49km",
    "related": "PK-w834945794(444m) BS-kP11-22-25-bs58(563m) BS-kP11-22-25-bs62(637m)",
    "attributes": "",
    "status": "provisional",
    "accuracyM": 30,
    "needsReview": "名称未確認、近くの道路にゲートあり（車両通行止め・季節閉鎖の可能性）、公式情報または2情報源での確認が必要",
    "sources": "OpenStreetMap（© OpenStreetMap contributors, ODbL 1.0）Geofabrik japan-latest.osm.pbf 2026-09-23T20:22:04Z node/1686912330（登山道と道路の接続点）",
    "verifiedAt": ""
   }
  },
  {
   "type": "Feature",
   "geometry": {
    "type": "Point",
    "coordinates": [
     136.2133955,
     35.5202826
    ]
   },
   "properties": {
    "id": "TH-n1686914237",
    "kind": "trailhead",
    "name": "（名称未確認）坂口バス停付近",
    "datum": "WGS84",
    "mountainIds": "447",
    "mountainNames": "賤ヶ岳",
    "lists": "関西百名山|東海の百山",
    "routes": "",
    "entryType": "一般道との接続",
    "trailKmToSummit": "賤ヶ岳:2.98km",
    "related": "PK-w444083172(315m) PK-w444083203(415m) BS-kP11-22-25-bs44(584m)",
    "attributes": "",
    "status": "provisional",
    "accuracyM": 30,
    "needsReview": "名称未確認、近くの道路にゲートあり（車両通行止め・季節閉鎖の可能性）、公式情報または2情報源での確認が必要",
    "sources": "OpenStreetMap（© OpenStreetMap contributors, ODbL 1.0）Geofabrik japan-latest.osm.pbf 2026-09-23T20:22:04Z node/1686914237（登山道と道路の接続点）",
    "verifiedAt": ""
   }
  },
  {
   "type": "Feature",
   "geometry": {
    "type": "Point",
    "coordinates": [
     136.2029444,
     35.5329438
    ]
   },
   "properties": {
    "id": "TH-n1686918549",
    "kind": "trailhead",
    "name": "（名称未確認）余呉駅バス停付近",
    "datum": "WGS84",
    "mountainIds": "447",
    "mountainNames": "賤ヶ岳",
    "lists": "関西百名山|東海の百山",
    "routes": "",
    "entryType": "一般道（県道以上）との接続",
    "trailKmToSummit": "賤ヶ岳:3.87km",
    "related": "PK-w834429500(281m) PK-w834429501(330m) BS-kP11-22-25-bs38(315m) BS-kP11-22-25-bs39(463m) BS-kP11-22-25-bs42(693m)",
    "attributes": "",
    "status": "provisional",
    "accuracyM": 30,
    "needsReview": "名称未確認、公式情報または2情報源での確認が必要",
    "sources": "OpenStreetMap（© OpenStreetMap contributors, ODbL 1.0）Geofabrik japan-latest.osm.pbf 2026-09-23T20:22:04Z node/1686918549（登山道と道路の接続点）",
    "verifiedAt": ""
   }
  },
  {
   "type": "Feature",
   "geometry": {
    "type": "Point",
    "coordinates": [
     134.527712,
     35.376433
    ]
   },
   "properties": {
    "id": "TH-n1726148687",
    "kind": "trailhead",
    "name": "（名称未確認）鉢伏バス停付近",
    "datum": "WGS84",
    "mountainIds": "493",
    "mountainNames": "氷ノ山",
    "lists": "日本二百名山|日本三百名山|関西百名山|中国百名山",
    "routes": "",
    "entryType": "一般道との接続",
    "trailKmToSummit": "氷ノ山:6.11km",
    "related": "BS-kP11-22-28-bs941(356m) BS-kP11-22-28-bs943(412m) BS-kP11-22-28-bs955(942m)",
    "attributes": "",
    "status": "provisional",
    "accuracyM": 30,
    "needsReview": "名称未確認、公式情報または2情報源での確認が必要",
    "sources": "OpenStreetMap（© OpenStreetMap contributors, ODbL 1.0）Geofabrik japan-latest.osm.pbf 2026-09-23T20:22:04Z node/1726148687（登山道と道路の接続点）",
    "verifiedAt": ""
   }
  },
  {
   "type": "Feature",
   "geometry": {
    "type": "Point",
    "coordinates": [
     134.521663,
     35.36937
    ]
   },
   "properties": {
    "id": "TH-n1726176706",
    "kind": "trailhead",
    "name": "福定親水公園（氷ノ山 氷ノ越コース登山口）",
    "datum": "WGS84",
    "mountainIds": "493",
    "mountainNames": "氷ノ山",
    "lists": "日本二百名山|日本三百名山|関西百名山|中国百名山",
    "routes": "",
    "entryType": "一般道との接続",
    "trailKmToSummit": "氷ノ山:4.05km",
    "related": "BS-kP11-22-28-bs943(950m) BS-kP11-22-28-bs941(995m)",
    "attributes": "",
    "status": "provisional",
    "accuracyM": 30,
    "needsReview": "公式情報または2情報源での確認が必要",
    "sources": "OpenStreetMap（© OpenStreetMap contributors, ODbL 1.0）Geofabrik japan-latest.osm.pbf 2026-09-23T20:22:04Z node/1726176706（登山道と道路の接続点） ｜ 登山記録で広く使われている登山口（登山記録・登山情報サイトで名称と利用を確認。公式情報では未確認） 2026-09-26確認",
    "verifiedAt": ""
   }
  },
  {
   "type": "Feature",
   "geometry": {
    "type": "Point",
    "coordinates": [
     134.5209384,
     35.3890182
    ]
   },
   "properties": {
    "id": "TH-n1726178654",
    "kind": "trailhead",
    "name": "（名称未確認）小代越付近",
    "datum": "WGS84",
    "mountainIds": "483 493",
    "mountainNames": "鉢伏山、氷ノ山",
    "lists": "関西百名山|日本二百名山|日本三百名山|中国百名山",
    "routes": "",
    "entryType": "峠（道路との接続）",
    "trailKmToSummit": "鉢伏山:1.67km 氷ノ山:5.32km",
    "related": "",
    "attributes": "",
    "status": "candidate",
    "accuracyM": 30,
    "needsReview": "名称未確認、登山道が道路を横断する地点（途中の入口の可能性）、公式情報または2情報源での確認が必要",
    "sources": "OpenStreetMap（© OpenStreetMap contributors, ODbL 1.0）Geofabrik japan-latest.osm.pbf 2026-09-23T20:22:04Z node/1726178654（登山道と道路の接続点） ｜ 国土地理院 地名検索「小代越」（35.389043, 134.520914、JGD2011、4m差）2026-09-20確認",
    "verifiedAt": "2026-09-20"
   }
  },
  {
   "type": "Feature",
   "geometry": {
    "type": "Point",
    "coordinates": [
     135.2198927,
     34.7259101
    ]
   },
   "properties": {
    "id": "TH-n1733817344",
    "kind": "trailhead",
    "name": "（名称未確認）灘丸山公園前バス停付近",
    "datum": "WGS84",
    "mountainIds": "633",
    "mountainNames": "摩耶山",
    "lists": "関西百名山",
    "routes": "OSM登山道「摩耶山方面第１５号線」",
    "entryType": "一般道との接続",
    "trailKmToSummit": "摩耶山:2.06km",
    "related": "PK-w422533773(130m) PK-w422533759(299m) PK-w422533781(301m) BS-kP11-22-28-bs7906(256m) BS-kP11-22-28-bs7932(368m) BS-kP11-22-28-bs7945(462m)",
    "attributes": "",
    "status": "provisional",
    "accuracyM": 30,
    "needsReview": "名称未確認、近くの道路にゲートあり（車両通行止め・季節閉鎖の可能性）、公式情報または2情報源での確認が必要",
    "sources": "OpenStreetMap（© OpenStreetMap contributors, ODbL 1.0）Geofabrik japan-latest.osm.pbf 2026-09-23T20:22:04Z node/1733817344（登山道と道路の接続点）",
    "verifiedAt": ""
   }
  },
  {
   "type": "Feature",
   "geometry": {
    "type": "Point",
    "coordinates": [
     135.703809,
     34.479205
    ]
   },
   "properties": {
    "id": "TH-n1736304783",
    "kind": "trailhead",
    "name": "（名称未確認）寺口駐車場バス停付近",
    "datum": "WGS84",
    "mountainIds": "667",
    "mountainNames": "大和葛城山",
    "lists": "日本三百名山|関西百名山",
    "routes": "",
    "entryType": "一般道との接続",
    "trailKmToSummit": "大和葛城山:4.22km",
    "related": "PK-w454304244(322m) PK-w454304242(369m) BS-kP11-22-29-bs1706(734m) BS-kP11-22-29-bs1696(914m)",
    "attributes": "",
    "status": "provisional",
    "accuracyM": 30,
    "needsReview": "名称未確認、公式情報または2情報源での確認が必要",
    "sources": "OpenStreetMap（© OpenStreetMap contributors, ODbL 1.0）Geofabrik japan-latest.osm.pbf 2026-09-23T20:22:04Z node/1736304783（登山道と道路の接続点）",
    "verifiedAt": ""
   }
  },
  {
   "type": "Feature",
   "geometry": {
    "type": "Point",
    "coordinates": [
     135.6861818,
     34.5182808
    ]
   },
   "properties": {
    "id": "TH-n1736314207",
    "kind": "trailhead",
    "name": "（名称未確認）ゆうあいステーションバス停付近",
    "datum": "WGS84",
    "mountainIds": "653",
    "mountainNames": "二上山",
    "lists": "関西百名山",
    "routes": "",
    "entryType": "一般道との接続",
    "trailKmToSummit": "二上山:1.99km",
    "related": "BS-kP11-22-29-bs1451(741m) BS-kP11-22-29-bs1426(873m)",
    "attributes": "",
    "status": "provisional",
    "accuracyM": 30,
    "needsReview": "名称未確認、近くの道路にゲートあり（車両通行止め・季節閉鎖の可能性）、公式情報または2情報源での確認が必要",
    "sources": "OpenStreetMap（© OpenStreetMap contributors, ODbL 1.0）Geofabrik japan-latest.osm.pbf 2026-09-23T20:22:04Z node/1736314207（登山道と道路の接続点）",
    "verifiedAt": ""
   }
  },
  {
   "type": "Feature",
   "geometry": {
    "type": "Point",
    "coordinates": [
     135.6910201,
     34.5226189
    ]
   },
   "properties": {
    "id": "TH-n1736314857",
    "kind": "trailhead",
    "name": "（名称未確認）新在家公民館バス停付近",
    "datum": "WGS84",
    "mountainIds": "653",
    "mountainNames": "二上山",
    "lists": "関西百名山",
    "routes": "",
    "entryType": "一般道との接続",
    "trailKmToSummit": "二上山:1.41km",
    "related": "PK-w919734507(423m) BS-kP11-22-29-bs1426(236m) BS-kP11-22-29-bs1451(432m) BS-kP11-22-29-bs1410(453m)",
    "attributes": "",
    "status": "provisional",
    "accuracyM": 30,
    "needsReview": "名称未確認、近くの道路にゲートあり（車両通行止め・季節閉鎖の可能性）、公式情報または2情報源での確認が必要",
    "sources": "OpenStreetMap（© OpenStreetMap contributors, ODbL 1.0）Geofabrik japan-latest.osm.pbf 2026-09-23T20:22:04Z node/1736314857（登山道と道路の接続点）",
    "verifiedAt": ""
   }
  },
  {
   "type": "Feature",
   "geometry": {
    "type": "Point",
    "coordinates": [
     135.688701,
     34.5307628
    ]
   },
   "properties": {
    "id": "TH-n1736315294",
    "kind": "trailhead",
    "name": "（名称未確認）加守南池バス停付近",
    "datum": "WGS84",
    "mountainIds": "653",
    "mountainNames": "二上山",
    "lists": "関西百名山",
    "routes": "",
    "entryType": "一般道との接続",
    "trailKmToSummit": "二上山:1.33km",
    "related": "BS-kP11-22-29-bs1377(74m) BS-kP11-22-29-bs1368(511m) BS-kP11-22-29-bs1362(606m)",
    "attributes": "",
    "status": "provisional",
    "accuracyM": 30,
    "needsReview": "名称未確認、公式情報または2情報源での確認が必要",
    "sources": "OpenStreetMap（© OpenStreetMap contributors, ODbL 1.0）Geofabrik japan-latest.osm.pbf 2026-09-23T20:22:04Z node/1736315294（登山道と道路の接続点）",
    "verifiedAt": ""
   }
  },
  {
   "type": "Feature",
   "geometry": {
    "type": "Point",
    "coordinates": [
     135.925622,
     35.5131497
    ]
   },
   "properties": {
    "id": "TH-n1742537825",
    "kind": "trailhead",
    "name": "（名称未確認）",
    "datum": "WGS84",
    "mountainIds": "450",
    "mountainNames": "三十三間山",
    "lists": "関西百名山",
    "routes": "",
    "entryType": "道路の終点付近",
    "trailKmToSummit": "三十三間山:3.57km",
    "related": "",
    "attributes": "",
    "status": "candidate",
    "accuracyM": 30,
    "needsReview": "名称未確認、林道からの入口（マイカー進入可否を要確認）、公式情報または2情報源での確認が必要",
    "sources": "OpenStreetMap（© OpenStreetMap contributors, ODbL 1.0）Geofabrik japan-latest.osm.pbf 2026-09-23T20:22:04Z node/1742537825（登山道と道路の接続点）",
    "verifiedAt": ""
   }
  },
  {
   "type": "Feature",
   "geometry": {
    "type": "Point",
    "coordinates": [
     135.9389998,
     35.5173368
    ]
   },
   "properties": {
    "id": "TH-n1742538233",
    "kind": "trailhead",
    "name": "（名称未確認）",
    "datum": "WGS84",
    "mountainIds": "450",
    "mountainNames": "三十三間山",
    "lists": "関西百名山",
    "routes": "",
    "entryType": "道路の終点付近",
    "trailKmToSummit": "三十三間山:3.07km",
    "related": "",
    "attributes": "",
    "status": "candidate",
    "accuracyM": 30,
    "needsReview": "名称未確認、林道からの入口（マイカー進入可否を要確認）、公式情報または2情報源での確認が必要",
    "sources": "OpenStreetMap（© OpenStreetMap contributors, ODbL 1.0）Geofabrik japan-latest.osm.pbf 2026-09-23T20:22:04Z node/1742538233（登山道と道路の接続点）",
    "verifiedAt": ""
   }
  },
  {
   "type": "Feature",
   "geometry": {
    "type": "Point",
    "coordinates": [
     136.44628,
     35.0168252
    ]
   },
   "properties": {
    "id": "TH-n1742841008",
    "kind": "trailhead",
    "name": "湯の山温泉駅（御在所ロープウエイ）",
    "datum": "WGS84",
    "mountainIds": "585 589 595 601 602 607 609 611 612",
    "mountainNames": "三池岳、釈迦ヶ岳、尾高山、雨乞岳、御在所岳、鎌ヶ岳、入道ヶ岳、宮指路岳、仙ヶ岳",
    "lists": "東海の百山|日本二百名山|日本三百名山|関西百名山",
    "routes": "",
    "entryType": "索道駅（ロープウェイ・ゴンドラ）",
    "trailKmToSummit": "三池岳:13.07km 釈迦ヶ岳:15.87km 尾高山:12.87km 雨乞岳:14.17km 御在所岳:6.06km 鎌ヶ岳:3.44km 入道ヶ岳:8.3km 宮指路岳:8.78km 仙ヶ岳:10.64km",
    "related": "PK-w162380238(92m) PK-w425039861(128m) PK-w1190517292(257m) BS-kP11-22-24-bs643(94m) BS-kP11-22-24-bs649(259m) BS-kP11-22-24-bs638(1000m)",
    "attributes": "parking=町営の無料駐車場（割谷・蒼滝）と有料の湯の山パーキングセンター（料金は案内により異なる）; restriction=中登山道は通行止め（2025年5月25日〜、当面の間）",
    "status": "adopted",
    "accuracyM": 15,
    "needsReview": "近くの道路にゲートあり（車両通行止め・季節閉鎖の可能性）、登山者用の無料駐車場（割谷・蒼滝）と有料駐車場が案内されている（御在所ロープウエイ・菰野町観光協会）",
    "sources": "OpenStreetMap（© OpenStreetMap contributors, ODbL 1.0）Geofabrik japan-latest.osm.pbf 2026-09-23T20:22:04Z node/1742841008 ｜ 国土地理院 地名検索「湯の山温泉駅」（35.016725, 136.446824、JGD2011、51m差）2026-09-20確認 ｜ 公式情報: https://www.gozaisho.co.jp/news/parking/ ｜ 公式情報: https://www.kanko-komono.com/news/1175/",
    "verifiedAt": "2026-09-20"
   }
  },
  {
   "type": "Feature",
   "geometry": {
    "type": "Point",
    "coordinates": [
     136.4246528,
     35.0196807
    ]
   },
   "properties": {
    "id": "TH-n1742841043",
    "kind": "trailhead",
    "name": "山上公園駅",
    "datum": "WGS84",
    "mountainIds": "585 589 595 601 607 609 611 612",
    "mountainNames": "三池岳、釈迦ヶ岳、尾高山、雨乞岳、鎌ヶ岳、入道ヶ岳、宮指路岳、仙ヶ岳",
    "lists": "東海の百山|関西百名山",
    "routes": "OSM登山道「御在所岳 中登山道」、OSM登山道「御在所岳一ノ谷新道」",
    "entryType": "索道駅（ロープウェイ・ゴンドラ）",
    "trailKmToSummit": "三池岳:11.04km 釈迦ヶ岳:7.83km 尾高山:10.84km 雨乞岳:5.76km 鎌ヶ岳:4.03km 入道ヶ岳:9.21km 宮指路岳:9.69km 仙ヶ岳:11.55km",
    "related": "",
    "attributes": "",
    "status": "provisional",
    "accuracyM": 15,
    "needsReview": "近くの道路にゲートあり（車両通行止め・季節閉鎖の可能性）、公式情報または2情報源での確認が必要",
    "sources": "OpenStreetMap（© OpenStreetMap contributors, ODbL 1.0）Geofabrik japan-latest.osm.pbf 2026-09-23T20:22:04Z node/1742841043 ｜ 国土地理院 地名検索「山上公園駅」（35.019519, 136.424520、JGD2011、22m差）2026-09-20確認",
    "verifiedAt": "2026-09-20"
   }
  },
  {
   "type": "Feature",
   "geometry": {
    "type": "Point",
    "coordinates": [
     136.4191291,
     35.0204013
    ]
   },
   "properties": {
    "id": "TH-n1742869063",
    "kind": "trailhead",
    "name": "頂上駅",
    "datum": "WGS84",
    "mountainIds": "602 601",
    "mountainNames": "御在所岳、雨乞岳",
    "lists": "日本二百名山|日本三百名山|関西百名山|東海の百山",
    "routes": "",
    "entryType": "索道駅（ロープウェイ・ゴンドラ）",
    "trailKmToSummit": "御在所岳:0.12km 雨乞岳:4.11km",
    "related": "",
    "attributes": "",
    "status": "provisional",
    "accuracyM": 15,
    "needsReview": "公式情報または2情報源での確認が必要",
    "sources": "OpenStreetMap（© OpenStreetMap contributors, ODbL 1.0）Geofabrik japan-latest.osm.pbf 2026-09-23T20:22:04Z node/1742869063",
    "verifiedAt": ""
   }
  },
  {
   "type": "Feature",
   "geometry": {
    "type": "Point",
    "coordinates": [
     135.9307303,
     35.2379799
    ]
   },
   "properties": {
    "id": "TH-n1759302993",
    "kind": "trailhead",
    "name": "（名称未確認）比良イン谷口バス停付近",
    "datum": "WGS84",
    "mountainIds": "544",
    "mountainNames": "蓬莱山",
    "lists": "日本三百名山|関西百名山",
    "routes": "",
    "entryType": "一般道（県道以上）との接続",
    "trailKmToSummit": "蓬莱山:12.32km",
    "related": "BS-kP11-22-25-bs773(118m)",
    "attributes": "",
    "status": "provisional",
    "accuracyM": 30,
    "needsReview": "名称未確認、公式情報または2情報源での確認が必要",
    "sources": "OpenStreetMap（© OpenStreetMap contributors, ODbL 1.0）Geofabrik japan-latest.osm.pbf 2026-09-23T20:22:04Z node/1759302993（登山道と道路の接続点）",
    "verifiedAt": ""
   }
  },
  {
   "type": "Feature",
   "geometry": {
    "type": "Point",
    "coordinates": [
     135.678227,
     34.540343
    ]
   },
   "properties": {
    "id": "TH-n1769518978",
    "kind": "trailhead",
    "name": "（名称未確認）穴虫西バス停付近",
    "datum": "WGS84",
    "mountainIds": "653",
    "mountainNames": "二上山",
    "lists": "関西百名山",
    "routes": "",
    "entryType": "一般道（県道以上）との接続",
    "trailKmToSummit": "二上山:2.35km",
    "related": "BS-kP11-22-29-bs1304(241m) BS-kP11-22-29-bs1291(654m) BS-kP11-22-29-bs1327(834m)",
    "attributes": "",
    "status": "provisional",
    "accuracyM": 30,
    "needsReview": "名称未確認、公式情報または2情報源での確認が必要",
    "sources": "OpenStreetMap（© OpenStreetMap contributors, ODbL 1.0）Geofabrik japan-latest.osm.pbf 2026-09-23T20:22:04Z node/1769518978（登山道と道路の接続点）",
    "verifiedAt": ""
   }
  },
  {
   "type": "Feature",
   "geometry": {
    "type": "Point",
    "coordinates": [
     136.164728,
     34.505316
    ]
   },
   "properties": {
    "id": "TH-n1773215910",
    "kind": "trailhead",
    "name": "長尾峠（古光山・後古光山）",
    "datum": "WGS84",
    "mountainIds": "656",
    "mountainNames": "古光山",
    "lists": "関西百名山",
    "routes": "",
    "entryType": "一般道との接続",
    "trailKmToSummit": "古光山:1.16km",
    "related": "",
    "attributes": "",
    "status": "provisional",
    "accuracyM": 30,
    "needsReview": "公式情報または2情報源での確認が必要",
    "sources": "OpenStreetMap（© OpenStreetMap contributors, ODbL 1.0）Geofabrik japan-latest.osm.pbf 2026-09-23T20:22:04Z node/1773215910（登山道と道路の接続点） ｜ 登山記録で広く使われている登山口（登山記録・登山情報サイトで名称と利用を確認。公式情報では未確認） 2026-09-24確認",
    "verifiedAt": ""
   }
  },
  {
   "type": "Feature",
   "geometry": {
    "type": "Point",
    "coordinates": [
     136.149285,
     34.498926
    ]
   },
   "properties": {
    "id": "TH-n1773390083",
    "kind": "trailhead",
    "name": "（名称未確認）",
    "datum": "WGS84",
    "mountainIds": "656",
    "mountainNames": "古光山",
    "lists": "関西百名山",
    "routes": "",
    "entryType": "一般道との接続",
    "trailKmToSummit": "古光山:0.93km",
    "related": "",
    "attributes": "",
    "status": "candidate",
    "accuracyM": 30,
    "needsReview": "名称未確認、公式情報または2情報源での確認が必要",
    "sources": "OpenStreetMap（© OpenStreetMap contributors, ODbL 1.0）Geofabrik japan-latest.osm.pbf 2026-09-23T20:22:04Z node/1773390083（登山道と道路の接続点）",
    "verifiedAt": ""
   }
  },
  {
   "type": "Feature",
   "geometry": {
    "type": "Point",
    "coordinates": [
     136.099262,
     34.508487
    ]
   },
   "properties": {
    "id": "TH-n1773391642",
    "kind": "trailhead",
    "name": "屏風岩公苑（住塚山・国見山登山口）",
    "datum": "WGS84",
    "mountainIds": "655",
    "mountainNames": "住塚山",
    "lists": "関西百名山",
    "routes": "",
    "entryType": "一般道との接続",
    "trailKmToSummit": "住塚山:1.35km",
    "related": "PK-n3830764650(177m)",
    "attributes": "",
    "status": "provisional",
    "accuracyM": 30,
    "needsReview": "公式情報または2情報源での確認が必要",
    "sources": "OpenStreetMap（© OpenStreetMap contributors, ODbL 1.0）Geofabrik japan-latest.osm.pbf 2026-09-23T20:22:04Z node/1773391642（登山道と道路の接続点） ｜ 登山記録で広く使われている登山口（登山記録・登山情報サイトで名称と利用を確認。公式情報では未確認） 2026-09-24確認",
    "verifiedAt": ""
   }
  },
  {
   "type": "Feature",
   "geometry": {
    "type": "Point",
    "coordinates": [
     136.153855,
     34.510044
    ]
   },
   "properties": {
    "id": "TH-n1773391887",
    "kind": "trailhead",
    "name": "（名称未確認）",
    "datum": "WGS84",
    "mountainIds": "656",
    "mountainNames": "古光山",
    "lists": "関西百名山",
    "routes": "",
    "entryType": "一般道との接続",
    "trailKmToSummit": "古光山:0.61km",
    "related": "",
    "attributes": "",
    "status": "candidate",
    "accuracyM": 30,
    "needsReview": "名称未確認、公式情報または2情報源での確認が必要",
    "sources": "OpenStreetMap（© OpenStreetMap contributors, ODbL 1.0）Geofabrik japan-latest.osm.pbf 2026-09-23T20:22:04Z node/1773391887（登山道と道路の接続点）",
    "verifiedAt": ""
   }
  },
  {
   "type": "Feature",
   "geometry": {
    "type": "Point",
    "coordinates": [
     136.0893418,
     34.5252714
    ]
   },
   "properties": {
    "id": "TH-n1773394014",
    "kind": "trailhead",
    "name": "（名称未確認）",
    "datum": "WGS84",
    "mountainIds": "655",
    "mountainNames": "住塚山",
    "lists": "関西百名山",
    "routes": "",
    "entryType": "一般道との接続",
    "trailKmToSummit": "住塚山:2.95km",
    "related": "",
    "attributes": "OSM登山ルート: 東海自然歩道",
    "status": "candidate",
    "accuracyM": 30,
    "needsReview": "名称未確認、公式情報または2情報源での確認が必要",
    "sources": "OpenStreetMap（© OpenStreetMap contributors, ODbL 1.0）Geofabrik japan-latest.osm.pbf 2026-09-23T20:22:04Z node/1773394014（登山道と道路の接続点）",
    "verifiedAt": ""
   }
  },
  {
   "type": "Feature",
   "geometry": {
    "type": "Point",
    "coordinates": [
     136.128071,
     34.525424
    ]
   },
   "properties": {
    "id": "TH-n1773394020",
    "kind": "trailhead",
    "name": "鎧岳登山口（葛・嶽見橋）",
    "datum": "WGS84",
    "mountainIds": "652",
    "mountainNames": "鎧岳",
    "lists": "関西百名山",
    "routes": "",
    "entryType": "一般道との接続",
    "trailKmToSummit": "鎧岳:0.43km",
    "related": "BS-kP11-22-29-bs1456(709m) BS-kP11-22-29-bs1423(766m) BS-n7273698985(786m)",
    "attributes": "",
    "status": "provisional",
    "accuracyM": 30,
    "needsReview": "登山道が道路を横断する地点（途中の入口の可能性）、公式情報または2情報源での確認が必要",
    "sources": "OpenStreetMap（© OpenStreetMap contributors, ODbL 1.0）Geofabrik japan-latest.osm.pbf 2026-09-23T20:22:04Z node/1773394020（登山道と道路の接続点） ｜ 登山記録で広く使われている登山口（登山記録・登山情報サイトで名称と利用を確認。公式情報では未確認） 2026-09-24確認",
    "verifiedAt": ""
   }
  },
  {
   "type": "Feature",
   "geometry": {
    "type": "Point",
    "coordinates": [
     136.124306,
     34.538849
    ]
   },
   "properties": {
    "id": "TH-n1773395304",
    "kind": "trailhead",
    "name": "（名称未確認）",
    "datum": "WGS84",
    "mountainIds": "652",
    "mountainNames": "鎧岳",
    "lists": "関西百名山",
    "routes": "",
    "entryType": "一般道との接続",
    "trailKmToSummit": "鎧岳:2.07km",
    "related": "",
    "attributes": "",
    "status": "candidate",
    "accuracyM": 30,
    "needsReview": "名称未確認、公式情報または2情報源での確認が必要",
    "sources": "OpenStreetMap（© OpenStreetMap contributors, ODbL 1.0）Geofabrik japan-latest.osm.pbf 2026-09-23T20:22:04Z node/1773395304（登山道と道路の接続点）",
    "verifiedAt": ""
   }
  },
  {
   "type": "Feature",
   "geometry": {
    "type": "Point",
    "coordinates": [
     135.8525994,
     34.5328015
    ]
   },
   "properties": {
    "id": "TH-n1809530717",
    "kind": "trailhead",
    "name": "（名称未確認）月山鍛刀塲Ｐ付近",
    "datum": "WGS84",
    "mountainIds": "649",
    "mountainNames": "三輪山",
    "lists": "関西百名山",
    "routes": "OSM登山道「山の辺の道」",
    "entryType": "一般道との接続",
    "trailKmToSummit": "三輪山:1.65km",
    "related": "PK-w690599817(71m) PK-w592051588(500m) BS-kP11-22-29-bs1393(503m) BS-kP11-22-29-bs1397(786m)",
    "attributes": "OSM登山ルート: 山の辺の道",
    "status": "provisional",
    "accuracyM": 30,
    "needsReview": "名称未確認、登山道が道路を横断する地点（途中の入口の可能性）、公式情報または2情報源での確認が必要",
    "sources": "OpenStreetMap（© OpenStreetMap contributors, ODbL 1.0）Geofabrik japan-latest.osm.pbf 2026-09-23T20:22:04Z node/1809530717（登山道と道路の接続点）",
    "verifiedAt": ""
   }
  },
  {
   "type": "Feature",
   "geometry": {
    "type": "Point",
    "coordinates": [
     135.8688262,
     34.5199443
    ]
   },
   "properties": {
    "id": "TH-n1816954995",
    "kind": "trailhead",
    "name": "（名称未確認）慈恩寺バス停付近",
    "datum": "WGS84",
    "mountainIds": "649",
    "mountainNames": "三輪山",
    "lists": "関西百名山",
    "routes": "",
    "entryType": "一般道との接続",
    "trailKmToSummit": "三輪山:2.08km",
    "related": "PK-w328121534(206m) BS-kP11-22-29-bs1464(261m) BS-kP11-22-29-bs1464(261m) BS-kP11-22-29-bs1447(455m)",
    "attributes": "",
    "status": "provisional",
    "accuracyM": 30,
    "needsReview": "名称未確認、公式情報または2情報源での確認が必要",
    "sources": "OpenStreetMap（© OpenStreetMap contributors, ODbL 1.0）Geofabrik japan-latest.osm.pbf 2026-09-23T20:22:04Z node/1816954995（登山道と道路の接続点）",
    "verifiedAt": ""
   }
  },
  {
   "type": "Feature",
   "geometry": {
    "type": "Point",
    "coordinates": [
     135.8785951,
     34.5223974
    ]
   },
   "properties": {
    "id": "TH-n1816955443",
    "kind": "trailhead",
    "name": "（名称未確認）黒崎バス停付近",
    "datum": "WGS84",
    "mountainIds": "649",
    "mountainNames": "三輪山",
    "lists": "関西百名山",
    "routes": "",
    "entryType": "一般道（県道以上）との接続",
    "trailKmToSummit": "三輪山:2.12km",
    "related": "PK-w1167770220(429m) PK-w1167770217(457m) BS-kP11-22-29-bs1428(99m) BS-kP11-22-29-bs1428(99m) BS-kP11-22-29-bs1434(133m)",
    "attributes": "",
    "status": "provisional",
    "accuracyM": 30,
    "needsReview": "名称未確認、登山道が道路を横断する地点（途中の入口の可能性）、公式情報または2情報源での確認が必要",
    "sources": "OpenStreetMap（© OpenStreetMap contributors, ODbL 1.0）Geofabrik japan-latest.osm.pbf 2026-09-23T20:22:04Z node/1816955443（登山道と道路の接続点）",
    "verifiedAt": ""
   }
  },
  {
   "type": "Feature",
   "geometry": {
    "type": "Point",
    "coordinates": [
     135.888624,
     34.462084
    ]
   },
   "properties": {
    "id": "TH-n1817018304",
    "kind": "trailhead",
    "name": "（名称未確認）",
    "datum": "WGS84",
    "mountainIds": "663",
    "mountainNames": "音羽山",
    "lists": "関西百名山",
    "routes": "",
    "entryType": "一般道との接続",
    "trailKmToSummit": "音羽山:2.44km",
    "related": "",
    "attributes": "",
    "status": "candidate",
    "accuracyM": 30,
    "needsReview": "名称未確認、公式情報または2情報源での確認が必要",
    "sources": "OpenStreetMap（© OpenStreetMap contributors, ODbL 1.0）Geofabrik japan-latest.osm.pbf 2026-09-23T20:22:04Z node/1817018304（登山道と道路の接続点）",
    "verifiedAt": ""
   }
  },
  {
   "type": "Feature",
   "geometry": {
    "type": "Point",
    "coordinates": [
     135.879289,
     34.478489
    ]
   },
   "properties": {
    "id": "TH-n1817019562",
    "kind": "trailhead",
    "name": "（名称未確認）",
    "datum": "WGS84",
    "mountainIds": "663",
    "mountainNames": "音羽山",
    "lists": "関西百名山",
    "routes": "",
    "entryType": "一般道との接続",
    "trailKmToSummit": "音羽山:0.9km",
    "related": "",
    "attributes": "",
    "status": "candidate",
    "accuracyM": 30,
    "needsReview": "名称未確認、公式情報または2情報源での確認が必要",
    "sources": "OpenStreetMap（© OpenStreetMap contributors, ODbL 1.0）Geofabrik japan-latest.osm.pbf 2026-09-23T20:22:04Z node/1817019562（登山道と道路の接続点）",
    "verifiedAt": ""
   }
  },
  {
   "type": "Feature",
   "geometry": {
    "type": "Point",
    "coordinates": [
     134.421744,
     35.1056839
    ]
   },
   "properties": {
    "id": "TH-n1842207493",
    "kind": "trailhead",
    "name": "（名称未確認）",
    "datum": "WGS84",
    "mountainIds": "570",
    "mountainNames": "日名倉山",
    "lists": "関西百名山",
    "routes": "",
    "entryType": "一般道との接続",
    "trailKmToSummit": "日名倉山:5.96km",
    "related": "PK-w918971092(468m)",
    "attributes": "",
    "status": "provisional",
    "accuracyM": 30,
    "needsReview": "名称未確認、登山道が道路を横断する地点（途中の入口の可能性）、公式情報または2情報源での確認が必要",
    "sources": "OpenStreetMap（© OpenStreetMap contributors, ODbL 1.0）Geofabrik japan-latest.osm.pbf 2026-09-23T20:22:04Z node/1842207493（登山道と道路の接続点）",
    "verifiedAt": ""
   }
  },
  {
   "type": "Feature",
   "geometry": {
    "type": "Point",
    "coordinates": [
     135.1212058,
     34.7706134
    ]
   },
   "properties": {
    "id": "TH-n1842372536",
    "kind": "trailhead",
    "name": "（名称未確認）東下バス停付近",
    "datum": "WGS84",
    "mountainIds": "627",
    "mountainNames": "帝釈山",
    "lists": "関西百名山",
    "routes": "",
    "entryType": "道路の終点付近",
    "trailKmToSummit": "帝釈山:1.94km",
    "related": "BS-kP11-22-28-bs6764(729m) BS-kP11-22-28-bs6764(729m) BS-kP11-22-28-bs6801(828m)",
    "attributes": "",
    "status": "provisional",
    "accuracyM": 30,
    "needsReview": "名称未確認、公式情報または2情報源での確認が必要",
    "sources": "OpenStreetMap（© OpenStreetMap contributors, ODbL 1.0）Geofabrik japan-latest.osm.pbf 2026-09-23T20:22:04Z node/1842372536（登山道と道路の接続点）",
    "verifiedAt": ""
   }
  },
  {
   "type": "Feature",
   "geometry": {
    "type": "Point",
    "coordinates": [
     135.2485655,
     34.7923015
    ]
   },
   "properties": {
    "id": "TH-n1842381862",
    "kind": "trailhead",
    "name": "（名称未確認）有馬里駐車場付近",
    "datum": "WGS84",
    "mountainIds": "628",
    "mountainNames": "六甲最高峰",
    "lists": "日本三百名山|関西百名山",
    "routes": "OSM登山道「魚屋道」",
    "entryType": "一般道との接続",
    "trailKmToSummit": "六甲最高峰:3.37km",
    "related": "PK-w363075734(261m) PK-w363075736(308m) PK-w986937424(393m) BS-n2683213081(555m) BS-n5191770978(563m) BS-kP11-22-28-bs5930(747m)",
    "attributes": "",
    "status": "provisional",
    "accuracyM": 30,
    "needsReview": "名称未確認、公式情報または2情報源での確認が必要",
    "sources": "OpenStreetMap（© OpenStreetMap contributors, ODbL 1.0）Geofabrik japan-latest.osm.pbf 2026-09-23T20:22:04Z node/1842381862（登山道と道路の接続点） ｜ 国土地理院 地名検索「有馬温泉駅」（34.790881, 135.245980、JGD2011、284m差）2026-09-20確認",
    "verifiedAt": "2026-09-20"
   }
  },
  {
   "type": "Feature",
   "geometry": {
    "type": "Point",
    "coordinates": [
     135.108993,
     34.808091
    ]
   },
   "properties": {
    "id": "TH-n1842675127",
    "kind": "trailhead",
    "name": "（名称未確認）学校下バス停付近",
    "datum": "WGS84",
    "mountainIds": "627",
    "mountainNames": "帝釈山",
    "lists": "関西百名山",
    "routes": "",
    "entryType": "一般道との接続",
    "trailKmToSummit": "帝釈山:2.57km",
    "related": "BS-kP11-22-28-bs5524(897m) BS-kP11-22-28-bs5463(966m) BS-kP11-22-28-bs5472(967m)",
    "attributes": "",
    "status": "provisional",
    "accuracyM": 30,
    "needsReview": "名称未確認、公式情報または2情報源での確認が必要",
    "sources": "OpenStreetMap（© OpenStreetMap contributors, ODbL 1.0）Geofabrik japan-latest.osm.pbf 2026-09-23T20:22:04Z node/1842675127（登山道と道路の接続点）",
    "verifiedAt": ""
   }
  },
  {
   "type": "Feature",
   "geometry": {
    "type": "Point",
    "coordinates": [
     135.1160391,
     34.8126191
    ]
   },
   "properties": {
    "id": "TH-n1842678087",
    "kind": "trailhead",
    "name": "（名称未確認）淡河出張所前バス停付近",
    "datum": "WGS84",
    "mountainIds": "627",
    "mountainNames": "帝釈山",
    "lists": "関西百名山",
    "routes": "",
    "entryType": "一般道との接続",
    "trailKmToSummit": "帝釈山:3.98km",
    "related": "BS-kP11-22-28-bs5472(565m) BS-kP11-22-28-bs5434(759m) BS-kP11-22-28-bs5463(821m)",
    "attributes": "",
    "status": "provisional",
    "accuracyM": 30,
    "needsReview": "名称未確認、公式情報または2情報源での確認が必要",
    "sources": "OpenStreetMap（© OpenStreetMap contributors, ODbL 1.0）Geofabrik japan-latest.osm.pbf 2026-09-23T20:22:04Z node/1842678087（登山道と道路の接続点）",
    "verifiedAt": ""
   }
  },
  {
   "type": "Feature",
   "geometry": {
    "type": "Point",
    "coordinates": [
     135.1242681,
     34.8137799
    ]
   },
   "properties": {
    "id": "TH-n1842678695",
    "kind": "trailhead",
    "name": "（名称未確認）淡河中学校バス停付近",
    "datum": "WGS84",
    "mountainIds": "627",
    "mountainNames": "帝釈山",
    "lists": "関西百名山",
    "routes": "",
    "entryType": "一般道との接続",
    "trailKmToSummit": "帝釈山:3.74km",
    "related": "BS-kP11-22-28-bs5420(543m) BS-kP11-22-28-bs5434(568m) BS-kP11-22-28-bs5402(688m)",
    "attributes": "",
    "status": "provisional",
    "accuracyM": 30,
    "needsReview": "名称未確認、公式情報または2情報源での確認が必要",
    "sources": "OpenStreetMap（© OpenStreetMap contributors, ODbL 1.0）Geofabrik japan-latest.osm.pbf 2026-09-23T20:22:04Z node/1842678695（登山道と道路の接続点）",
    "verifiedAt": ""
   }
  },
  {
   "type": "Feature",
   "geometry": {
    "type": "Point",
    "coordinates": [
     135.895094,
     34.478996
    ]
   },
   "properties": {
    "id": "TH-n1852206186",
    "kind": "trailhead",
    "name": "（名称未確認）",
    "datum": "WGS84",
    "mountainIds": "663",
    "mountainNames": "音羽山",
    "lists": "関西百名山",
    "routes": "",
    "entryType": "一般道との接続",
    "trailKmToSummit": "音羽山:0.78km",
    "related": "",
    "attributes": "",
    "status": "candidate",
    "accuracyM": 30,
    "needsReview": "名称未確認、公式情報または2情報源での確認が必要",
    "sources": "OpenStreetMap（© OpenStreetMap contributors, ODbL 1.0）Geofabrik japan-latest.osm.pbf 2026-09-23T20:22:04Z node/1852206186（登山道と道路の接続点）",
    "verifiedAt": ""
   }
  },
  {
   "type": "Feature",
   "geometry": {
    "type": "Point",
    "coordinates": [
     136.073462,
     34.527032
    ]
   },
   "properties": {
    "id": "TH-n1853754901",
    "kind": "trailhead",
    "name": "（名称未確認）",
    "datum": "WGS84",
    "mountainIds": "655",
    "mountainNames": "住塚山",
    "lists": "関西百名山",
    "routes": "",
    "entryType": "一般道との接続",
    "trailKmToSummit": "住塚山:3.44km",
    "related": "",
    "attributes": "OSM登山ルート: 東海自然歩道",
    "status": "candidate",
    "accuracyM": 30,
    "needsReview": "名称未確認、公式情報または2情報源での確認が必要",
    "sources": "OpenStreetMap（© OpenStreetMap contributors, ODbL 1.0）Geofabrik japan-latest.osm.pbf 2026-09-23T20:22:04Z node/1853754901（登山道と道路の接続点）",
    "verifiedAt": ""
   }
  },
  {
   "type": "Feature",
   "geometry": {
    "type": "Point",
    "coordinates": [
     135.964651,
     34.5671449
    ]
   },
   "properties": {
    "id": "TH-n1861007902",
    "kind": "trailhead",
    "name": "（名称未確認）貝が平口バス停付近",
    "datum": "WGS84",
    "mountainIds": "645",
    "mountainNames": "額井岳",
    "lists": "関西百名山",
    "routes": "",
    "entryType": "一般道との接続",
    "trailKmToSummit": "額井岳:1.27km",
    "related": "BS-kP11-22-29-bs1169(545m) BS-kP11-22-29-bs1187(593m) BS-kP11-22-29-bs1157(736m)",
    "attributes": "",
    "status": "provisional",
    "accuracyM": 30,
    "needsReview": "名称未確認、公式情報または2情報源での確認が必要",
    "sources": "OpenStreetMap（© OpenStreetMap contributors, ODbL 1.0）Geofabrik japan-latest.osm.pbf 2026-09-23T20:22:04Z node/1861007902（登山道と道路の接続点）",
    "verifiedAt": ""
   }
  },
  {
   "type": "Feature",
   "geometry": {
    "type": "Point",
    "coordinates": [
     135.968825,
     34.567758
    ]
   },
   "properties": {
    "id": "TH-n1861007952",
    "kind": "trailhead",
    "name": "（名称未確認）吐山バス停付近",
    "datum": "WGS84",
    "mountainIds": "645",
    "mountainNames": "額井岳",
    "lists": "関西百名山",
    "routes": "",
    "entryType": "一般道との接続",
    "trailKmToSummit": "額井岳:1.46km",
    "related": "BS-kP11-22-29-bs1157(834m) BS-kP11-22-29-bs1169(881m) BS-kP11-22-29-bs1187(973m)",
    "attributes": "",
    "status": "provisional",
    "accuracyM": 30,
    "needsReview": "名称未確認、公式情報または2情報源での確認が必要",
    "sources": "OpenStreetMap（© OpenStreetMap contributors, ODbL 1.0）Geofabrik japan-latest.osm.pbf 2026-09-23T20:22:04Z node/1861007952（登山道と道路の接続点）",
    "verifiedAt": ""
   }
  },
  {
   "type": "Feature",
   "geometry": {
    "type": "Point",
    "coordinates": [
     135.971659,
     34.570836
    ]
   },
   "properties": {
    "id": "TH-n1861008526",
    "kind": "trailhead",
    "name": "（名称未確認）吐山バス停付近",
    "datum": "WGS84",
    "mountainIds": "645",
    "mountainNames": "額井岳",
    "lists": "関西百名山",
    "routes": "",
    "entryType": "一般道との接続",
    "trailKmToSummit": "額井岳:1.69km",
    "related": "BS-kP11-22-29-bs1157(837m) BS-kP11-22-29-bs1142(869m)",
    "attributes": "",
    "status": "provisional",
    "accuracyM": 30,
    "needsReview": "名称未確認、公式情報または2情報源での確認が必要",
    "sources": "OpenStreetMap（© OpenStreetMap contributors, ODbL 1.0）Geofabrik japan-latest.osm.pbf 2026-09-23T20:22:04Z node/1861008526（登山道と道路の接続点）",
    "verifiedAt": ""
   }
  },
  {
   "type": "Feature",
   "geometry": {
    "type": "Point",
    "coordinates": [
     134.767698,
     35.170256
    ]
   },
   "properties": {
    "id": "TH-n1862520437",
    "kind": "trailhead",
    "name": "生野高原登山口（段ヶ峰）",
    "datum": "WGS84",
    "mountainIds": "551",
    "mountainNames": "段ヶ峰",
    "lists": "関西百名山",
    "routes": "",
    "entryType": "一般道との接続",
    "trailKmToSummit": "段ヶ峰:5.7km",
    "related": "PK-g3517026_1347677(0m) BS-kP11-22-28-bs1576(711m) BS-kP11-22-28-bs1591(868m)",
    "attributes": "",
    "status": "provisional",
    "accuracyM": 30,
    "needsReview": "公式情報または2情報源での確認が必要",
    "sources": "OpenStreetMap（© OpenStreetMap contributors, ODbL 1.0）Geofabrik japan-latest.osm.pbf 2026-09-23T20:22:04Z node/1862520437（登山道と道路の接続点） ｜ 登山記録で広く使われている登山口（登山記録・登山情報サイトで名称と利用を確認。公式情報では未確認） 2026-09-24確認",
    "verifiedAt": ""
   }
  },
  {
   "type": "Feature",
   "geometry": {
    "type": "Point",
    "coordinates": [
     135.6848099,
     34.6869986
    ]
   },
   "properties": {
    "id": "TH-n1870789653",
    "kind": "trailhead",
    "name": "（名称未確認）門前駐在所バス停付近",
    "datum": "WGS84",
    "mountainIds": "635",
    "mountainNames": "生駒山",
    "lists": "関西百名山",
    "routes": "",
    "entryType": "一般道（県道以上）との接続",
    "trailKmToSummit": "生駒山:1.45km",
    "related": "PK-w200398303(90m) PK-w336752425(325m) PK-w336752426(360m) BS-kP11-22-29-bs393(387m) BS-kP11-22-29-bs379(388m) BS-kP11-22-29-bs372(467m)",
    "attributes": "",
    "status": "provisional",
    "accuracyM": 30,
    "needsReview": "名称未確認、近くの道路にゲートあり（車両通行止め・季節閉鎖の可能性）、公式情報または2情報源での確認が必要",
    "sources": "OpenStreetMap（© OpenStreetMap contributors, ODbL 1.0）Geofabrik japan-latest.osm.pbf 2026-09-23T20:22:04Z node/1870789653（登山道と道路の接続点）",
    "verifiedAt": ""
   }
  },
  {
   "type": "Feature",
   "geometry": {
    "type": "Point",
    "coordinates": [
     134.646557,
     35.460681
    ]
   },
   "properties": {
    "id": "TH-n1899641156",
    "kind": "trailhead",
    "name": "（名称未確認）",
    "datum": "WGS84",
    "mountainIds": "458",
    "mountainNames": "蘇武岳",
    "lists": "関西百名山",
    "routes": "",
    "entryType": "一般道との接続",
    "trailKmToSummit": "蘇武岳:1.61km",
    "related": "",
    "attributes": "",
    "status": "candidate",
    "accuracyM": 30,
    "needsReview": "名称未確認、登山道が道路を横断する地点（途中の入口の可能性）、公式情報または2情報源での確認が必要",
    "sources": "OpenStreetMap（© OpenStreetMap contributors, ODbL 1.0）Geofabrik japan-latest.osm.pbf 2026-09-23T20:22:04Z node/1899641156（登山道と道路の接続点）",
    "verifiedAt": ""
   }
  },
  {
   "type": "Feature",
   "geometry": {
    "type": "Point",
    "coordinates": [
     134.655581,
     35.479782
    ]
   },
   "properties": {
    "id": "TH-n1899649802",
    "kind": "trailhead",
    "name": "（名称未確認）",
    "datum": "WGS84",
    "mountainIds": "458",
    "mountainNames": "蘇武岳",
    "lists": "関西百名山",
    "routes": "",
    "entryType": "一般道との接続",
    "trailKmToSummit": "蘇武岳:2.32km",
    "related": "",
    "attributes": "",
    "status": "candidate",
    "accuracyM": 30,
    "needsReview": "名称未確認、公式情報または2情報源での確認が必要",
    "sources": "OpenStreetMap（© OpenStreetMap contributors, ODbL 1.0）Geofabrik japan-latest.osm.pbf 2026-09-23T20:22:04Z node/1899649802（登山道と道路の接続点）",
    "verifiedAt": ""
   }
  },
  {
   "type": "Feature",
   "geometry": {
    "type": "Point",
    "coordinates": [
     134.878399,
     35.41387
    ]
   },
   "properties": {
    "id": "TH-n1909549503",
    "kind": "trailhead",
    "name": "（名称未確認）",
    "datum": "WGS84",
    "mountainIds": "475",
    "mountainNames": "東床尾山",
    "lists": "関西百名山",
    "routes": "",
    "entryType": "一般道との接続",
    "trailKmToSummit": "東床尾山:4.19km",
    "related": "",
    "attributes": "",
    "status": "candidate",
    "accuracyM": 30,
    "needsReview": "名称未確認、公式情報または2情報源での確認が必要",
    "sources": "OpenStreetMap（© OpenStreetMap contributors, ODbL 1.0）Geofabrik japan-latest.osm.pbf 2026-09-23T20:22:04Z node/1909549503（登山道と道路の接続点）",
    "verifiedAt": ""
   }
  },
  {
   "type": "Feature",
   "geometry": {
    "type": "Point",
    "coordinates": [
     136.0024237,
     34.2865496
    ]
   },
   "properties": {
    "id": "TH-n1911377259",
    "kind": "trailhead",
    "name": "朝日館",
    "datum": "WGS84",
    "mountainIds": "700 705 710 714",
    "mountainNames": "山上ヶ岳、稲村ヶ岳、大普賢岳、行者還岳",
    "lists": "日本三百名山|関西百名山",
    "routes": "",
    "entryType": "施設（山小屋・宿・キャンプ場）からの入口",
    "trailKmToSummit": "山上ヶ岳:10.9km 稲村ヶ岳:14.3km 大普賢岳:9.74km 行者還岳:13.44km",
    "related": "BS-kP11-22-29-bs2468(180m) BS-kP11-22-29-bs2469(180m) BS-kP11-22-29-bs2476(531m)",
    "attributes": "",
    "status": "provisional",
    "accuracyM": 15,
    "needsReview": "公式情報または2情報源での確認が必要",
    "sources": "OpenStreetMap（© OpenStreetMap contributors, ODbL 1.0）Geofabrik japan-latest.osm.pbf 2026-09-23T20:22:04Z node/1911377259",
    "verifiedAt": ""
   }
  },
  {
   "type": "Feature",
   "geometry": {
    "type": "Point",
    "coordinates": [
     135.669115,
     34.519233
    ]
   },
   "properties": {
    "id": "TH-n1986431468",
    "kind": "trailhead",
    "name": "（名称未確認）",
    "datum": "WGS84",
    "mountainIds": "653",
    "mountainNames": "二上山",
    "lists": "関西百名山",
    "routes": "",
    "entryType": "一般道との接続",
    "trailKmToSummit": "二上山:1.19km",
    "related": "PK-w1150167006(71m) PK-w1150167005(159m)",
    "attributes": "",
    "status": "provisional",
    "accuracyM": 30,
    "needsReview": "名称未確認、登山道が道路を横断する地点（途中の入口の可能性）、近くの道路にゲートあり（車両通行止め・季節閉鎖の可能性）、公式情報または2情報源での確認が必要",
    "sources": "OpenStreetMap（© OpenStreetMap contributors, ODbL 1.0）Geofabrik japan-latest.osm.pbf 2026-09-23T20:22:04Z node/1986431468（登山道と道路の接続点）",
    "verifiedAt": ""
   }
  },
  {
   "type": "Feature",
   "geometry": {
    "type": "Point",
    "coordinates": [
     135.674296,
     34.521149
    ]
   },
   "properties": {
    "id": "TH-n1986431748",
    "kind": "trailhead",
    "name": "岩屋峠",
    "datum": "WGS84",
    "mountainIds": "653",
    "mountainNames": "二上山",
    "lists": "関西百名山",
    "routes": "",
    "entryType": "峠（道路との接続）",
    "trailKmToSummit": "二上山:0.61km",
    "related": "PK-w1150167005(475m) PK-w1150167023(495m) PK-w1150167006(496m)",
    "attributes": "",
    "status": "adopted",
    "accuracyM": 30,
    "needsReview": "林道上の地点（尾根上の峠・山小屋の可能性。登山口かどうか要確認）、近くの道路にゲートあり（車両通行止め・季節閉鎖の可能性）、林道からの入口（マイカー進入可否を要確認）、採用の根拠: OSMの登山口名と、地理院地図の徒歩道が道路から始まる位置の一致（公式情報では未確認）",
    "sources": "OpenStreetMap（© OpenStreetMap contributors, ODbL 1.0）Geofabrik japan-latest.osm.pbf 2026-09-23T20:22:04Z node/1986431748（登山道と道路の接続点） ｜ 国土地理院 地名検索「岩屋峠」（34.520771, 135.676489、JGD2011、205m差）2026-09-20確認 ｜ 国土地理院ベクトルタイル提供実験 地理院地図の徒歩道の起点（34.521179, 135.674276、JGD2011、4m差）2026-09-24確認",
    "verifiedAt": "2026-09-20"
   }
  },
  {
   "type": "Feature",
   "geometry": {
    "type": "Point",
    "coordinates": [
     135.1491711,
     35.0555249
    ]
   },
   "properties": {
    "id": "TH-n2023952324",
    "kind": "trailhead",
    "name": "（名称未確認）味間奥バイパスバス停付近",
    "datum": "WGS84",
    "mountainIds": "600",
    "mountainNames": "白髪岳",
    "lists": "関西百名山",
    "routes": "",
    "entryType": "一般道との接続",
    "trailKmToSummit": "白髪岳:2.4km",
    "related": "PK-w1134219626(305m) PK-w1134219615(465m) BS-kP11-22-28-bs2378(855m) BS-kP11-22-28-bs2367(964m)",
    "attributes": "",
    "status": "provisional",
    "accuracyM": 30,
    "needsReview": "名称未確認、公式情報または2情報源での確認が必要",
    "sources": "OpenStreetMap（© OpenStreetMap contributors, ODbL 1.0）Geofabrik japan-latest.osm.pbf 2026-09-23T20:22:04Z node/2023952324（登山道と道路の接続点）",
    "verifiedAt": ""
   }
  },
  {
   "type": "Feature",
   "geometry": {
    "type": "Point",
    "coordinates": [
     135.165842,
     35.058603
    ]
   },
   "properties": {
    "id": "TH-n2023952915",
    "kind": "trailhead",
    "name": "（名称未確認）味間新バス停付近",
    "datum": "WGS84",
    "mountainIds": "600",
    "mountainNames": "白髪岳",
    "lists": "関西百名山",
    "routes": "",
    "entryType": "一般道との接続",
    "trailKmToSummit": "白髪岳:3.99km",
    "related": "PK-w1079666406(482m) BS-kP11-22-28-bs2386(421m) BS-kP11-22-28-bs2390(595m) BS-kP11-22-28-bs2376(667m)",
    "attributes": "",
    "status": "provisional",
    "accuracyM": 30,
    "needsReview": "名称未確認、近くの道路にゲートあり（車両通行止め・季節閉鎖の可能性）、公式情報または2情報源での確認が必要",
    "sources": "OpenStreetMap（© OpenStreetMap contributors, ODbL 1.0）Geofabrik japan-latest.osm.pbf 2026-09-23T20:22:04Z node/2023952915（登山道と道路の接続点）",
    "verifiedAt": ""
   }
  },
  {
   "type": "Feature",
   "geometry": {
    "type": "Point",
    "coordinates": [
     135.2560621,
     35.122587
    ]
   },
   "properties": {
    "id": "TH-n2023994945",
    "kind": "trailhead",
    "name": "（名称未確認）",
    "datum": "WGS84",
    "mountainIds": "576",
    "mountainNames": "三嶽",
    "lists": "関西百名山",
    "routes": "",
    "entryType": "一般道（県道以上）との接続",
    "trailKmToSummit": "三嶽:1.6km",
    "related": "",
    "attributes": "",
    "status": "candidate",
    "accuracyM": 30,
    "needsReview": "名称未確認、公式情報または2情報源での確認が必要",
    "sources": "OpenStreetMap（© OpenStreetMap contributors, ODbL 1.0）Geofabrik japan-latest.osm.pbf 2026-09-23T20:22:04Z node/2023994945（登山道と道路の接続点）",
    "verifiedAt": ""
   }
  },
  {
   "type": "Feature",
   "geometry": {
    "type": "Point",
    "coordinates": [
     135.2170195,
     35.1289411
    ]
   },
   "properties": {
    "id": "TH-n2023997327",
    "kind": "trailhead",
    "name": "（名称未確認）栗柄口バス停付近",
    "datum": "WGS84",
    "mountainIds": "576",
    "mountainNames": "三嶽",
    "lists": "関西百名山",
    "routes": "",
    "entryType": "一般道（県道以上）との接続",
    "trailKmToSummit": "三嶽:3.07km",
    "related": "BS-kP11-22-28-bs1819(62m) BS-kP11-22-28-bs1801(711m) BS-kP11-22-28-bs1800(979m)",
    "attributes": "",
    "status": "provisional",
    "accuracyM": 30,
    "needsReview": "名称未確認、公式情報または2情報源での確認が必要",
    "sources": "OpenStreetMap（© OpenStreetMap contributors, ODbL 1.0）Geofabrik japan-latest.osm.pbf 2026-09-23T20:22:04Z node/2023997327（登山道と道路の接続点）",
    "verifiedAt": ""
   }
  },
  {
   "type": "Feature",
   "geometry": {
    "type": "Point",
    "coordinates": [
     135.231005,
     35.131877
    ]
   },
   "properties": {
    "id": "TH-n2023997998",
    "kind": "trailhead",
    "name": "（名称未確認）栗柄奥バス停付近",
    "datum": "WGS84",
    "mountainIds": "576",
    "mountainNames": "三嶽",
    "lists": "関西百名山",
    "routes": "",
    "entryType": "道路の終点付近",
    "trailKmToSummit": "三嶽:1.69km",
    "related": "BS-kP11-22-28-bs1800(591m) BS-kP11-22-28-bs1783(739m) BS-kP11-22-28-bs1801(923m)",
    "attributes": "",
    "status": "provisional",
    "accuracyM": 30,
    "needsReview": "名称未確認、林道からの入口（マイカー進入可否を要確認）、公式情報または2情報源での確認が必要",
    "sources": "OpenStreetMap（© OpenStreetMap contributors, ODbL 1.0）Geofabrik japan-latest.osm.pbf 2026-09-23T20:22:04Z node/2023997998（登山道と道路の接続点）",
    "verifiedAt": ""
   }
  },
  {
   "type": "Feature",
   "geometry": {
    "type": "Point",
    "coordinates": [
     135.2705956,
     34.7694826
    ]
   },
   "properties": {
    "id": "TH-n2078640610",
    "kind": "trailhead",
    "name": "（名称未確認）",
    "datum": "WGS84",
    "mountainIds": "628",
    "mountainNames": "六甲最高峰",
    "lists": "日本三百名山|関西百名山",
    "routes": "OSM登山道「魚屋道」",
    "entryType": "一般道との接続",
    "trailKmToSummit": "六甲最高峰:1.41km",
    "related": "",
    "attributes": "",
    "status": "candidate",
    "accuracyM": 30,
    "needsReview": "名称未確認、近くの道路にゲートあり（車両通行止め・季節閉鎖の可能性）、公式情報または2情報源での確認が必要",
    "sources": "OpenStreetMap（© OpenStreetMap contributors, ODbL 1.0）Geofabrik japan-latest.osm.pbf 2026-09-23T20:22:04Z node/2078640610（登山道と道路の接続点）",
    "verifiedAt": ""
   }
  },
  {
   "type": "Feature",
   "geometry": {
    "type": "Point",
    "coordinates": [
     135.1322916,
     34.6597587
    ]
   },
   "properties": {
    "id": "TH-n2117457129",
    "kind": "trailhead",
    "name": "（名称未確認）前池橋バス停付近",
    "datum": "WGS84",
    "mountainIds": "637",
    "mountainNames": "横尾山",
    "lists": "関西百名山",
    "routes": "OSM登山道「平田橋」",
    "entryType": "一般道との接続",
    "trailKmToSummit": "横尾山:5.06km",
    "related": "PK-w1086356122(112m) PK-w1094065242(137m) PK-w1095872385(145m) BS-kP11-22-28-bs9304(171m) BS-kP11-22-28-bs9305(171m) BS-kP11-22-28-bs9306(171m)",
    "attributes": "",
    "status": "provisional",
    "accuracyM": 30,
    "needsReview": "名称未確認、近くの道路にゲートあり（車両通行止め・季節閉鎖の可能性）、公式情報または2情報源での確認が必要",
    "sources": "OpenStreetMap（© OpenStreetMap contributors, ODbL 1.0）Geofabrik japan-latest.osm.pbf 2026-09-23T20:22:04Z node/2117457129（登山道と道路の接続点） ｜ 国土地理院 地名検索「須磨警察署板宿交番」（34.659605, 135.133106、JGD2011、76m差）2026-09-20確認",
    "verifiedAt": "2026-09-20"
   }
  },
  {
   "type": "Feature",
   "geometry": {
    "type": "Point",
    "coordinates": [
     135.2616583,
     34.7753583
    ]
   },
   "properties": {
    "id": "TH-n2215884840",
    "kind": "trailhead",
    "name": "（名称未確認）",
    "datum": "WGS84",
    "mountainIds": "628",
    "mountainNames": "六甲最高峰",
    "lists": "日本三百名山|関西百名山",
    "routes": "",
    "entryType": "一般道（県道以上）との接続",
    "trailKmToSummit": "六甲最高峰:0.35km",
    "related": "PK-w417974977(467m)",
    "attributes": "",
    "status": "provisional",
    "accuracyM": 30,
    "needsReview": "名称未確認、登山道が道路を横断する地点（途中の入口の可能性）、公式情報または2情報源での確認が必要",
    "sources": "OpenStreetMap（© OpenStreetMap contributors, ODbL 1.0）Geofabrik japan-latest.osm.pbf 2026-09-23T20:22:04Z node/2215884840（登山道と道路の接続点）",
    "verifiedAt": ""
   }
  },
  {
   "type": "Feature",
   "geometry": {
    "type": "Point",
    "coordinates": [
     135.7593977,
     33.8910311
    ]
   },
   "properties": {
    "id": "TH-n2266989683",
    "kind": "trailhead",
    "name": "（名称未確認）七色バス停付近",
    "datum": "WGS84",
    "mountainIds": "759 762",
    "mountainNames": "冷水山、五大尊岳",
    "lists": "関西百名山",
    "routes": "",
    "entryType": "一般道（県道以上）との接続",
    "trailKmToSummit": "冷水山:13.45km 五大尊岳:5.38km",
    "related": "BS-kP11-22-29-bs2877(178m) BS-kP11-22-29-bs2878(178m)",
    "attributes": "",
    "status": "provisional",
    "accuracyM": 30,
    "needsReview": "名称未確認、公式情報または2情報源での確認が必要",
    "sources": "OpenStreetMap（© OpenStreetMap contributors, ODbL 1.0）Geofabrik japan-latest.osm.pbf 2026-09-23T20:22:04Z node/2266989683（登山道と道路の接続点）",
    "verifiedAt": ""
   }
  },
  {
   "type": "Feature",
   "geometry": {
    "type": "Point",
    "coordinates": [
     135.432115,
     34.355558
    ]
   },
   "properties": {
    "id": "TH-n2360406678",
    "kind": "trailhead",
    "name": "（名称未確認）",
    "datum": "WGS84",
    "mountainIds": "689",
    "mountainNames": "和泉葛城山",
    "lists": "関西百名山",
    "routes": "",
    "entryType": "一般道との接続",
    "trailKmToSummit": "和泉葛城山:1.37km",
    "related": "",
    "attributes": "",
    "status": "candidate",
    "accuracyM": 30,
    "needsReview": "名称未確認、公式情報または2情報源での確認が必要",
    "sources": "OpenStreetMap（© OpenStreetMap contributors, ODbL 1.0）Geofabrik japan-latest.osm.pbf 2026-09-23T20:22:04Z node/2360406678（登山道と道路の接続点）",
    "verifiedAt": ""
   }
  },
  {
   "type": "Feature",
   "geometry": {
    "type": "Point",
    "coordinates": [
     135.430478,
     34.358438
    ]
   },
   "properties": {
    "id": "TH-n2360406907",
    "kind": "trailhead",
    "name": "（名称未確認）",
    "datum": "WGS84",
    "mountainIds": "689",
    "mountainNames": "和泉葛城山",
    "lists": "関西百名山",
    "routes": "",
    "entryType": "一般道との接続",
    "trailKmToSummit": "和泉葛城山:1.39km",
    "related": "",
    "attributes": "",
    "status": "candidate",
    "accuracyM": 30,
    "needsReview": "名称未確認、公式情報または2情報源での確認が必要",
    "sources": "OpenStreetMap（© OpenStreetMap contributors, ODbL 1.0）Geofabrik japan-latest.osm.pbf 2026-09-23T20:22:04Z node/2360406907（登山道と道路の接続点）",
    "verifiedAt": ""
   }
  },
  {
   "type": "Feature",
   "geometry": {
    "type": "Point",
    "coordinates": [
     135.1960872,
     34.7063424
    ]
   },
   "properties": {
    "id": "TH-n2873978519",
    "kind": "trailhead",
    "name": "JR新神戸駅前自動車整理場（第4）",
    "datum": "WGS84",
    "mountainIds": "633",
    "mountainNames": "摩耶山",
    "lists": "関西百名山",
    "routes": "OSM登山道「いさごばし」",
    "entryType": "施設（山小屋・宿・キャンプ場）からの入口",
    "trailKmToSummit": "摩耶山:3.97km",
    "related": "PK-w844990418(0m) PK-w844990420(29m) PK-w844990417(57m) BS-kP11-22-28-bs8389(29m) BS-kP11-22-28-bs8389(29m) BS-kP11-22-28-bs8390(29m)",
    "attributes": "",
    "status": "provisional",
    "accuracyM": 15,
    "needsReview": "近くの道路にゲートあり（車両通行止め・季節閉鎖の可能性）、公式情報または2情報源での確認が必要",
    "sources": "OpenStreetMap（© OpenStreetMap contributors, ODbL 1.0）Geofabrik japan-latest.osm.pbf 2026-09-23T20:22:04Z way/844990418 ｜ OpenStreetMap（© OpenStreetMap contributors, ODbL 1.0）Geofabrik japan-latest.osm.pbf 2026-09-23T20:22:04Z node/1443872259（登山道と道路の接続点） ｜ 国土地理院 地名検索「新神戸駅」（34.704630, 135.195774、JGD2011、191m差）2026-09-20確認",
    "verifiedAt": "2026-09-20"
   }
  },
  {
   "type": "Feature",
   "geometry": {
    "type": "Point",
    "coordinates": [
     135.1937831,
     34.7045102
    ]
   },
   "properties": {
    "id": "TH-n2921600631",
    "kind": "trailhead",
    "name": "ハーブ園山麓駅",
    "datum": "WGS84",
    "mountainIds": "633",
    "mountainNames": "摩耶山",
    "lists": "関西百名山",
    "routes": "OSM登山道「北野遊歩道」",
    "entryType": "索道駅（ロープウェイ・ゴンドラ）",
    "trailKmToSummit": "摩耶山:6.84km",
    "related": "PK-w596070773(104m) PK-w596070772(114m) PK-w844990419(232m) BS-kP11-22-28-bs8443(129m) BS-kP11-22-28-bs8436(234m) BS-kP11-22-28-bs8395(247m)",
    "attributes": "",
    "status": "provisional",
    "accuracyM": 15,
    "needsReview": "近くの道路にゲートあり（車両通行止め・季節閉鎖の可能性）、公式情報または2情報源での確認が必要",
    "sources": "OpenStreetMap（© OpenStreetMap contributors, ODbL 1.0）Geofabrik japan-latest.osm.pbf 2026-09-23T20:22:04Z node/2921600631 ｜ 国土地理院 地名検索「新神戸駅」（34.704630, 135.195774、JGD2011、183m差）2026-09-20確認",
    "verifiedAt": "2026-09-20"
   }
  },
  {
   "type": "Feature",
   "geometry": {
    "type": "Point",
    "coordinates": [
     135.1916074,
     34.7123977
    ]
   },
   "properties": {
    "id": "TH-n2921600634",
    "kind": "trailhead",
    "name": "風の丘中間駅",
    "datum": "WGS84",
    "mountainIds": "633",
    "mountainNames": "摩耶山",
    "lists": "関西百名山",
    "routes": "OSM登山道「猿のかずら橋」",
    "entryType": "索道駅（ロープウェイ・ゴンドラ）",
    "trailKmToSummit": "摩耶山:2.98km",
    "related": "PK-w713003592(61m) BS-kP11-22-28-bs8395(800m) BS-kP11-22-28-bs8389(800m) BS-kP11-22-28-bs8389(800m)",
    "attributes": "",
    "status": "provisional",
    "accuracyM": 15,
    "needsReview": "近くの道路にゲートあり（車両通行止め・季節閉鎖の可能性）、公式情報または2情報源での確認が必要",
    "sources": "OpenStreetMap（© OpenStreetMap contributors, ODbL 1.0）Geofabrik japan-latest.osm.pbf 2026-09-23T20:22:04Z node/2921600634 ｜ 国土地理院 地名検索「風の丘中間駅」（34.712391, 135.191744、JGD2011、13m差）2026-09-20確認",
    "verifiedAt": "2026-09-20"
   }
  },
  {
   "type": "Feature",
   "geometry": {
    "type": "Point",
    "coordinates": [
     135.190924,
     34.7170067
    ]
   },
   "properties": {
    "id": "TH-n2921600635",
    "kind": "trailhead",
    "name": "ハーブ園山頂駅",
    "datum": "WGS84",
    "mountainIds": "633",
    "mountainNames": "摩耶山",
    "lists": "関西百名山",
    "routes": "",
    "entryType": "索道駅（ロープウェイ・ゴンドラ）",
    "trailKmToSummit": "摩耶山:2.6km",
    "related": "PK-w713003592(453m) BS-kP11-22-28-bs8149(994m)",
    "attributes": "",
    "status": "provisional",
    "accuracyM": 15,
    "needsReview": "近くの道路にゲートあり（車両通行止め・季節閉鎖の可能性）、公式情報または2情報源での確認が必要",
    "sources": "OpenStreetMap（© OpenStreetMap contributors, ODbL 1.0）Geofabrik japan-latest.osm.pbf 2026-09-23T20:22:04Z node/2921600635 ｜ 国土地理院 地名検索「ハーブ園山頂駅」（34.717213, 135.191218、JGD2011、35m差）2026-09-20確認",
    "verifiedAt": "2026-09-20"
   }
  },
  {
   "type": "Feature",
   "geometry": {
    "type": "Point",
    "coordinates": [
     135.2456501,
     34.7909593
    ]
   },
   "properties": {
    "id": "TH-n2921600660",
    "kind": "trailhead",
    "name": "有馬温泉（六甲山 北側の登山口）",
    "datum": "WGS84",
    "mountainIds": "628",
    "mountainNames": "六甲最高峰",
    "lists": "日本三百名山|関西百名山",
    "routes": "",
    "entryType": "索道駅（ロープウェイ・ゴンドラ）",
    "trailKmToSummit": "六甲最高峰:3.14km",
    "related": "PK-w363075736(48m) PK-w363075734(145m) BS-n2683213081(717m) BS-n5191770978(719m) BS-kP11-22-28-bs5954(876m)",
    "attributes": "",
    "status": "adopted",
    "accuracyM": 15,
    "needsReview": "近くの道路にゲートあり（車両通行止め・季節閉鎖の可能性）、神戸市が六甲山系の登山道情報を公開している（神戸市）、六甲山系登山道の通行止め情報は入山前に確認すること（神戸市）",
    "sources": "OpenStreetMap（© OpenStreetMap contributors, ODbL 1.0）Geofabrik japan-latest.osm.pbf 2026-09-23T20:22:04Z node/2921600660 ｜ 国土地理院 地名検索「有馬温泉駅」（34.790881, 135.245980、JGD2011、31m差）2026-09-20確認 ｜ 公式情報: https://kobe-rokko.jp/ ｜ 公式情報: https://www.city.kobe.lg.jp/a17526/kanko/leisure/mountain/index.html",
    "verifiedAt": "2026-09-20"
   }
  },
  {
   "type": "Feature",
   "geometry": {
    "type": "Point",
    "coordinates": [
     135.2562737,
     34.7943942
    ]
   },
   "properties": {
    "id": "TH-n2928687706",
    "kind": "trailhead",
    "name": "（名称未確認）瑞宝寺公園前バス停付近",
    "datum": "WGS84",
    "mountainIds": "628",
    "mountainNames": "六甲最高峰",
    "lists": "日本三百名山|関西百名山",
    "routes": "",
    "entryType": "一般道との接続",
    "trailKmToSummit": "六甲最高峰:2.87km",
    "related": "PK-w1325615738(396m) PK-w1325615736(398m) PK-w1465793103(411m) BS-kP11-22-28-bs6003(290m) BS-kP11-22-28-bs6003(290m) BS-kP11-22-28-bs5885(762m)",
    "attributes": "",
    "status": "provisional",
    "accuracyM": 30,
    "needsReview": "名称未確認、公式情報または2情報源での確認が必要",
    "sources": "OpenStreetMap（© OpenStreetMap contributors, ODbL 1.0）Geofabrik japan-latest.osm.pbf 2026-09-23T20:22:04Z node/2928687706（登山道と道路の接続点）",
    "verifiedAt": ""
   }
  },
  {
   "type": "Feature",
   "geometry": {
    "type": "Point",
    "coordinates": [
     135.7585573,
     33.8685152
    ]
   },
   "properties": {
    "id": "TH-n293830411",
    "kind": "trailhead",
    "name": "（名称未確認）熊野萩バス停付近",
    "datum": "WGS84",
    "mountainIds": "759",
    "mountainNames": "冷水山",
    "lists": "関西百名山",
    "routes": "",
    "entryType": "一般道との接続",
    "trailKmToSummit": "冷水山:12.86km",
    "related": "BS-kP11-22-30-bs2034(72m) BS-kP11-22-30-bs2035(72m) BS-kP11-22-30-bs2036(72m)",
    "attributes": "",
    "status": "provisional",
    "accuracyM": 30,
    "needsReview": "名称未確認、公式情報または2情報源での確認が必要",
    "sources": "OpenStreetMap（© OpenStreetMap contributors, ODbL 1.0）Geofabrik japan-latest.osm.pbf 2026-09-23T20:22:04Z node/293830411（登山道と道路の接続点）",
    "verifiedAt": ""
   }
  },
  {
   "type": "Feature",
   "geometry": {
    "type": "Point",
    "coordinates": [
     135.8042261,
     35.3644279
    ]
   },
   "properties": {
    "id": "TH-n3393771956",
    "kind": "trailhead",
    "name": "（名称未確認）小入谷バス停付近",
    "datum": "WGS84",
    "mountainIds": "485",
    "mountainNames": "百里ヶ岳",
    "lists": "関西百名山",
    "routes": "",
    "entryType": "一般道（県道以上）との接続",
    "trailKmToSummit": "百里ヶ岳:3.62km",
    "related": "BS-kP11-22-25-bs420(421m)",
    "attributes": "",
    "status": "provisional",
    "accuracyM": 30,
    "needsReview": "名称未確認、公式情報または2情報源での確認が必要",
    "sources": "OpenStreetMap（© OpenStreetMap contributors, ODbL 1.0）Geofabrik japan-latest.osm.pbf 2026-09-23T20:22:04Z node/3393771956（登山道と道路の接続点）",
    "verifiedAt": ""
   }
  },
  {
   "type": "Feature",
   "geometry": {
    "type": "Point",
    "coordinates": [
     135.6575548,
     35.0394304
    ]
   },
   "properties": {
    "id": "TH-n3733870869",
    "kind": "trailhead",
    "name": "（名称未確認）清滝バス停付近",
    "datum": "WGS84",
    "mountainIds": "593",
    "mountainNames": "愛宕山",
    "lists": "日本三百名山|関西百名山",
    "routes": "",
    "entryType": "一般道（県道以上）との接続",
    "trailKmToSummit": "愛宕山:4.29km",
    "related": "PK-w1063763648(80m) BS-kP11-22-26-bs2173(329m) BS-kP11-22-26-bs2228(958m) BS-kP11-22-26-bs2228(958m)",
    "attributes": "OSM登山ルート: 京都一周トレイル西山コース 1:5-2",
    "status": "provisional",
    "accuracyM": 30,
    "needsReview": "名称未確認、登山道が道路を横断する地点（途中の入口の可能性）、近くの道路にゲートあり（車両通行止め・季節閉鎖の可能性）、公式情報または2情報源での確認が必要",
    "sources": "OpenStreetMap（© OpenStreetMap contributors, ODbL 1.0）Geofabrik japan-latest.osm.pbf 2026-09-23T20:22:04Z node/3733870869（登山道と道路の接続点）",
    "verifiedAt": ""
   }
  },
  {
   "type": "Feature",
   "geometry": {
    "type": "Point",
    "coordinates": [
     135.6514695,
     35.0510636
    ]
   },
   "properties": {
    "id": "TH-n3733871148",
    "kind": "trailhead",
    "name": "（名称未確認）",
    "datum": "WGS84",
    "mountainIds": "593",
    "mountainNames": "愛宕山",
    "lists": "日本三百名山|関西百名山",
    "routes": "",
    "entryType": "林道との接続",
    "trailKmToSummit": "愛宕山:2.33km",
    "related": "",
    "attributes": "",
    "status": "candidate",
    "accuracyM": 30,
    "needsReview": "名称未確認、近くの道路にゲートあり（車両通行止め・季節閉鎖の可能性）、林道からの入口（マイカー進入可否を要確認）、公式情報または2情報源での確認が必要",
    "sources": "OpenStreetMap（© OpenStreetMap contributors, ODbL 1.0）Geofabrik japan-latest.osm.pbf 2026-09-23T20:22:04Z node/3733871148（登山道と道路の接続点）",
    "verifiedAt": ""
   }
  },
  {
   "type": "Feature",
   "geometry": {
    "type": "Point",
    "coordinates": [
     135.650838,
     35.0321665
    ]
   },
   "properties": {
    "id": "TH-n3733873420",
    "kind": "trailhead",
    "name": "清滝（愛宕山 表参道登山口）",
    "datum": "WGS84",
    "mountainIds": "593",
    "mountainNames": "愛宕山",
    "lists": "日本三百名山|関西百名山",
    "routes": "",
    "entryType": "一般道（県道以上）との接続",
    "trailKmToSummit": "愛宕山:4.08km",
    "related": "PK-n1311315204(318m) BS-kP11-22-26-bs2173(852m) BS-kP11-22-26-bs2228(981m)",
    "attributes": "OSM登山ルート: 京都一周トレイル西山コース 1:5-2",
    "status": "adopted",
    "accuracyM": 15,
    "needsReview": "近くの道路にゲートあり（車両通行止め・季節閉鎖の可能性）",
    "sources": "OpenStreetMap（© OpenStreetMap contributors, ODbL 1.0）Geofabrik japan-latest.osm.pbf 2026-09-23T20:22:04Z node/3733873420（登山道と道路の接続点） ｜ 公式情報: https://ja.kyoto.travel/tourism/article/trail/",
    "verifiedAt": "2026-09-20"
   }
  },
  {
   "type": "Feature",
   "geometry": {
    "type": "Point",
    "coordinates": [
     135.800223,
     35.363767
    ]
   },
   "properties": {
    "id": "TH-n3735364653",
    "kind": "trailhead",
    "name": "（名称未確認）はるやゲストハウス付近",
    "datum": "WGS84",
    "mountainIds": "485",
    "mountainNames": "百里ヶ岳",
    "lists": "関西百名山",
    "routes": "",
    "entryType": "一般道との接続",
    "trailKmToSummit": "百里ヶ岳:3.96km",
    "related": "BS-kP11-22-25-bs420(51m) BS-kP11-22-25-bs440(863m)",
    "attributes": "",
    "status": "provisional",
    "accuracyM": 30,
    "needsReview": "名称未確認、公式情報または2情報源での確認が必要",
    "sources": "OpenStreetMap（© OpenStreetMap contributors, ODbL 1.0）Geofabrik japan-latest.osm.pbf 2026-09-23T20:22:04Z node/3735364653（登山道と道路の接続点）",
    "verifiedAt": ""
   }
  },
  {
   "type": "Feature",
   "geometry": {
    "type": "Point",
    "coordinates": [
     135.8165545,
     35.2063116
    ]
   },
   "properties": {
    "id": "TH-n3756753690",
    "kind": "trailhead",
    "name": "（名称未確認）尾越峠付近",
    "datum": "WGS84",
    "mountainIds": "547",
    "mountainNames": "皆子山",
    "lists": "関西百名山",
    "routes": "",
    "entryType": "峠（道路との接続）",
    "trailKmToSummit": "皆子山:2.5km",
    "related": "",
    "attributes": "",
    "status": "candidate",
    "accuracyM": 30,
    "needsReview": "名称未確認、公式情報または2情報源での確認が必要",
    "sources": "OpenStreetMap（© OpenStreetMap contributors, ODbL 1.0）Geofabrik japan-latest.osm.pbf 2026-09-23T20:22:04Z node/3756753690（登山道と道路の接続点）",
    "verifiedAt": ""
   }
  },
  {
   "type": "Feature",
   "geometry": {
    "type": "Point",
    "coordinates": [
     135.7768984,
     35.1675452
    ]
   },
   "properties": {
    "id": "TH-n3780474361",
    "kind": "trailhead",
    "name": "（名称未確認）堂ノ町バス停付近",
    "datum": "WGS84",
    "mountainIds": "556",
    "mountainNames": "雲取山",
    "lists": "関西百名山",
    "routes": "",
    "entryType": "道路の終点付近",
    "trailKmToSummit": "雲取山:3.57km",
    "related": "BS-kP11-22-26-bs1593(410m) BS-kP11-22-26-bs1598(423m) BS-kP11-22-26-bs1588(620m)",
    "attributes": "",
    "status": "provisional",
    "accuracyM": 30,
    "needsReview": "名称未確認、近くの道路にゲートあり（車両通行止め・季節閉鎖の可能性）、林道からの入口（マイカー進入可否を要確認）、公式情報または2情報源での確認が必要",
    "sources": "OpenStreetMap（© OpenStreetMap contributors, ODbL 1.0）Geofabrik japan-latest.osm.pbf 2026-09-23T20:22:04Z node/3780474361（登山道と道路の接続点）",
    "verifiedAt": ""
   }
  },
  {
   "type": "Feature",
   "geometry": {
    "type": "Point",
    "coordinates": [
     135.8981513,
     34.4543966
    ]
   },
   "properties": {
    "id": "TH-n3839323178",
    "kind": "trailhead",
    "name": "（名称未確認）",
    "datum": "WGS84",
    "mountainIds": "663",
    "mountainNames": "音羽山",
    "lists": "関西百名山",
    "routes": "",
    "entryType": "一般道（県道以上）との接続",
    "trailKmToSummit": "音羽山:3.15km",
    "related": "",
    "attributes": "",
    "status": "candidate",
    "accuracyM": 30,
    "needsReview": "名称未確認、公式情報または2情報源での確認が必要",
    "sources": "OpenStreetMap（© OpenStreetMap contributors, ODbL 1.0）Geofabrik japan-latest.osm.pbf 2026-09-23T20:22:04Z node/3839323178（登山道と道路の接続点）",
    "verifiedAt": ""
   }
  },
  {
   "type": "Feature",
   "geometry": {
    "type": "Point",
    "coordinates": [
     135.9643536,
     34.9248172
    ]
   },
   "properties": {
    "id": "TH-n3930602895",
    "kind": "trailhead",
    "name": "（名称未確認）",
    "datum": "WGS84",
    "mountainIds": "617",
    "mountainNames": "太神山",
    "lists": "関西百名山",
    "routes": "OSM登山道「不動寺本堂線」",
    "entryType": "一般道（県道以上）との接続",
    "trailKmToSummit": "太神山:2.65km",
    "related": "",
    "attributes": "",
    "status": "candidate",
    "accuracyM": 30,
    "needsReview": "名称未確認、近くの道路にゲートあり（車両通行止め・季節閉鎖の可能性）、公式情報または2情報源での確認が必要",
    "sources": "OpenStreetMap（© OpenStreetMap contributors, ODbL 1.0）Geofabrik japan-latest.osm.pbf 2026-09-23T20:22:04Z node/3930602895（登山道と道路の接続点）",
    "verifiedAt": ""
   }
  },
  {
   "type": "Feature",
   "geometry": {
    "type": "Point",
    "coordinates": [
     135.6509646,
     34.4187639
    ]
   },
   "properties": {
    "id": "TH-n3998533200",
    "kind": "trailhead",
    "name": "金剛登山口",
    "datum": "WGS84",
    "mountainIds": "676",
    "mountainNames": "金剛山",
    "lists": "日本二百名山|日本三百名山|関西百名山",
    "routes": "OSM登山道「かま谷ルート」、OSM登山道「かま道ルート」",
    "entryType": "登山口（OSMの登山口地物）",
    "trailKmToSummit": "金剛山:2.46km",
    "related": "PK-w400903843(46m) PK-w400076764(93m) PK-w400903845(193m) BS-kP11-22-27-bs5019(237m) BS-kP11-22-27-bs5020(237m) BS-kP11-22-27-bs5086(852m)",
    "attributes": "",
    "status": "provisional",
    "accuracyM": 15,
    "needsReview": "公式情報または2情報源での確認が必要",
    "sources": "OpenStreetMap（© OpenStreetMap contributors, ODbL 1.0）Geofabrik japan-latest.osm.pbf 2026-09-23T20:22:04Z node/3998533200 ｜ 国土地理院 地名検索「千早城跡」（34.416997, 135.651579、JGD2011、203m差）2026-09-20確認",
    "verifiedAt": "2026-09-20"
   }
  },
  {
   "type": "Feature",
   "geometry": {
    "type": "Point",
    "coordinates": [
     135.6629184,
     34.4059776
    ]
   },
   "properties": {
    "id": "TH-n4006745560",
    "kind": "trailhead",
    "name": "百ヶ辻",
    "datum": "WGS84",
    "mountainIds": "676",
    "mountainNames": "金剛山",
    "lists": "日本二百名山|日本三百名山|関西百名山",
    "routes": "OSM登山道「ツンバ尾（地蔵尾根）ルート」、OSM登山道「ババ谷（山梨谷）ルート」",
    "entryType": "登山口（OSMの登山口地物）",
    "trailKmToSummit": "金剛山:1.89km",
    "related": "PK-w1268275345(9m) PK-w397581857(38m) PK-w400903038(83m) BS-kP11-22-27-bs5152(43m) BS-kP11-22-27-bs5152(43m) BS-kP11-22-27-bs5152(43m)",
    "attributes": "",
    "status": "provisional",
    "accuracyM": 15,
    "needsReview": "公式情報または2情報源での確認が必要",
    "sources": "OpenStreetMap（© OpenStreetMap contributors, ODbL 1.0）Geofabrik japan-latest.osm.pbf 2026-09-23T20:22:04Z node/4006745560",
    "verifiedAt": ""
   }
  },
  {
   "type": "Feature",
   "geometry": {
    "type": "Point",
    "coordinates": [
     135.8363751,
     35.0687415
    ]
   },
   "properties": {
    "id": "TH-n4189739291",
    "kind": "trailhead",
    "name": "（名称未確認）第二駐車場付近",
    "datum": "WGS84",
    "mountainIds": "590",
    "mountainNames": "比叡山",
    "lists": "日本三百名山|関西百名山",
    "routes": "",
    "entryType": "一般道（県道以上）との接続",
    "trailKmToSummit": "比叡山:0.56km",
    "related": "PK-w403456122(127m) PK-w403442664(247m) PK-w403291882(318m) BS-kP11-22-25-bs1822(268m) BS-kP11-22-25-bs1823(268m) BS-kP11-22-25-bs1824(268m)",
    "attributes": "",
    "status": "provisional",
    "accuracyM": 30,
    "needsReview": "名称未確認、近くの道路にゲートあり（車両通行止め・季節閉鎖の可能性）、公式情報または2情報源での確認が必要",
    "sources": "OpenStreetMap（© OpenStreetMap contributors, ODbL 1.0）Geofabrik japan-latest.osm.pbf 2026-09-23T20:22:04Z node/4189739291（登山道と道路の接続点）",
    "verifiedAt": ""
   }
  },
  {
   "type": "Feature",
   "geometry": {
    "type": "Point",
    "coordinates": [
     136.4433367,
     35.0197307
    ]
   },
   "properties": {
    "id": "TH-n4213643454",
    "kind": "trailhead",
    "name": "裏登山道登山口（御在所岳）",
    "datum": "WGS84",
    "mountainIds": "585 589 595 601 602 607 609 611 612",
    "mountainNames": "三池岳、釈迦ヶ岳、尾高山、雨乞岳、御在所岳、鎌ヶ岳、入道ヶ岳、宮指路岳、仙ヶ岳",
    "lists": "東海の百山|日本二百名山|日本三百名山|関西百名山",
    "routes": "OSM登山道「御在所岳 裏登山道」",
    "entryType": "駐車場・バス停（林道・車道を経由して登山道へ）",
    "trailKmToSummit": "三池岳:12.71km 釈迦ヶ岳:9.5km 尾高山:12.5km 雨乞岳:7.79km 御在所岳:2.94km 鎌ヶ岳:4.0km 入道ヶ岳:8.86km 宮指路岳:9.34km 仙ヶ岳:11.19km",
    "related": "PK-n4213643454(0m) PK-w162380238(474m) BS-kP11-22-24-bs643(493m) BS-kP11-22-24-bs649(678m)",
    "attributes": "restriction=中登山道はおばれ岩付近の崩落の危険により通行止め（2025年5月25日〜、当面の間）; parking=割谷駐車場・蒼滝公共駐車場（いずれも町営・無料）",
    "status": "adopted",
    "accuracyM": 15,
    "needsReview": "近くの道路にゲートあり（車両通行止め・季節閉鎖の可能性）、中登山道のおばれ岩付近で崩落の危険があり、ほかの登山道の利用が呼びかけられている（菰野町 観光産業課）、蒼滝公共駐車場から裏登山道入口まで徒歩約25分（御在所ロープウエイ）、登山者は無料の町営駐車場（割谷・蒼滝）の利用が案内されている（菰野町観光協会）",
    "sources": "OpenStreetMap（© OpenStreetMap contributors, ODbL 1.0）Geofabrik japan-latest.osm.pbf 2026-09-23T20:22:04Z node/4213643454 ｜ OpenStreetMap（© OpenStreetMap contributors, ODbL 1.0）Geofabrik japan-latest.osm.pbf 2026-09-23T20:22:04Z node/11054198685（登山道と道路の接続点） ｜ 公式情報: https://www2.town.komono.mie.jp/soshiki/11/1725.html ｜ 公式情報: https://www.gozaisho.co.jp/news/parking/ ｜ 公式情報: https://www.kanko-komono.com/news/1175/",
    "verifiedAt": "2026-09-20"
   }
  },
  {
   "type": "Feature",
   "geometry": {
    "type": "Point",
    "coordinates": [
     136.1904588,
     35.512824
    ]
   },
   "properties": {
    "id": "TH-n429910400",
    "kind": "trailhead",
    "name": "余呉湖荘（賤ヶ岳 余呉湖側登山口）",
    "datum": "WGS84",
    "mountainIds": "447",
    "mountainNames": "賤ヶ岳",
    "lists": "関西百名山|東海の百山",
    "routes": "",
    "entryType": "施設（山小屋・宿・キャンプ場）からの入口",
    "trailKmToSummit": "賤ヶ岳:1.21km",
    "related": "",
    "attributes": "",
    "status": "provisional",
    "accuracyM": 15,
    "needsReview": "近くの道路にゲートあり（車両通行止め・季節閉鎖の可能性）、公式情報または2情報源での確認が必要",
    "sources": "OpenStreetMap（© OpenStreetMap contributors, ODbL 1.0）Geofabrik japan-latest.osm.pbf 2026-09-23T20:22:04Z node/429910400 ｜ 登山記録で広く使われている登山口（登山記録・登山情報サイトで名称と利用を確認。公式情報では未確認） 2026-09-24確認",
    "verifiedAt": ""
   }
  },
  {
   "type": "Feature",
   "geometry": {
    "type": "Point",
    "coordinates": [
     135.6538852,
     34.9159145
    ]
   },
   "properties": {
    "id": "TH-n4406941785",
    "kind": "trailhead",
    "name": "（名称未確認）第２駐車場付近",
    "datum": "WGS84",
    "mountainIds": "613",
    "mountainNames": "ポンポン山",
    "lists": "関西百名山",
    "routes": "",
    "entryType": "林道との接続",
    "trailKmToSummit": "ポンポン山:4.68km",
    "related": "PK-w1213847825(93m) PK-w689423226(216m) PK-w431364880(231m)",
    "attributes": "",
    "status": "provisional",
    "accuracyM": 30,
    "needsReview": "名称未確認、近くの道路にゲートあり（車両通行止め・季節閉鎖の可能性）、林道からの入口（マイカー進入可否を要確認）、公式情報または2情報源での確認が必要",
    "sources": "OpenStreetMap（© OpenStreetMap contributors, ODbL 1.0）Geofabrik japan-latest.osm.pbf 2026-09-23T20:22:04Z node/4406941785（登山道と道路の接続点）",
    "verifiedAt": ""
   }
  },
  {
   "type": "Feature",
   "geometry": {
    "type": "Point",
    "coordinates": [
     135.7942822,
     35.38729
    ]
   },
   "properties": {
    "id": "TH-n4467122946",
    "kind": "trailhead",
    "name": "（名称未確認）おにゅう峠付近",
    "datum": "WGS84",
    "mountainIds": "485",
    "mountainNames": "百里ヶ岳",
    "lists": "関西百名山",
    "routes": "",
    "entryType": "峠（道路との接続）",
    "trailKmToSummit": "百里ヶ岳:2.16km",
    "related": "",
    "attributes": "OSM登山ルート: 高島トレイル",
    "status": "candidate",
    "accuracyM": 30,
    "needsReview": "名称未確認、公式情報または2情報源での確認が必要",
    "sources": "OpenStreetMap（© OpenStreetMap contributors, ODbL 1.0）Geofabrik japan-latest.osm.pbf 2026-09-23T20:22:04Z node/4467122946（登山道と道路の接続点）",
    "verifiedAt": ""
   }
  },
  {
   "type": "Feature",
   "geometry": {
    "type": "Point",
    "coordinates": [
     135.3396219,
     34.1140688
    ]
   },
   "properties": {
    "id": "TH-n4483264456",
    "kind": "trailhead",
    "name": "（名称未確認）",
    "datum": "WGS84",
    "mountainIds": "723",
    "mountainNames": "生石ヶ峰",
    "lists": "関西百名山",
    "routes": "",
    "entryType": "一般道（県道以上）との接続",
    "trailKmToSummit": "生石ヶ峰:1.91km",
    "related": "",
    "attributes": "",
    "status": "candidate",
    "accuracyM": 30,
    "needsReview": "名称未確認、公式情報または2情報源での確認が必要",
    "sources": "OpenStreetMap（© OpenStreetMap contributors, ODbL 1.0）Geofabrik japan-latest.osm.pbf 2026-09-23T20:22:04Z node/4483264456（登山道と道路の接続点）",
    "verifiedAt": ""
   }
  },
  {
   "type": "Feature",
   "geometry": {
    "type": "Point",
    "coordinates": [
     134.4930228,
     35.3414446
    ]
   },
   "properties": {
    "id": "TH-n4489398142",
    "kind": "trailhead",
    "name": "（名称未確認）",
    "datum": "WGS84",
    "mountainIds": "493",
    "mountainNames": "氷ノ山",
    "lists": "日本二百名山|日本三百名山|関西百名山|中国百名山",
    "routes": "",
    "entryType": "索道駅（ロープウェイ・ゴンドラ）",
    "trailKmToSummit": "氷ノ山:3.54km",
    "related": "",
    "attributes": "",
    "status": "provisional",
    "accuracyM": 15,
    "needsReview": "名称未確認、公式情報または2情報源での確認が必要",
    "sources": "OpenStreetMap（© OpenStreetMap contributors, ODbL 1.0）Geofabrik japan-latest.osm.pbf 2026-09-23T20:22:04Z node/4489398142",
    "verifiedAt": ""
   }
  },
  {
   "type": "Feature",
   "geometry": {
    "type": "Point",
    "coordinates": [
     134.5362224,
     35.3950691
    ]
   },
   "properties": {
    "id": "TH-n4489493919",
    "kind": "trailhead",
    "name": "北壁ペアリフト",
    "datum": "WGS84",
    "mountainIds": "483",
    "mountainNames": "鉢伏山",
    "lists": "関西百名山",
    "routes": "",
    "entryType": "索道駅（ロープウェイ・ゴンドラ）",
    "trailKmToSummit": "鉢伏山:0.04km",
    "related": "",
    "attributes": "",
    "status": "provisional",
    "accuracyM": 15,
    "needsReview": "公式情報または2情報源での確認が必要",
    "sources": "OpenStreetMap（© OpenStreetMap contributors, ODbL 1.0）Geofabrik japan-latest.osm.pbf 2026-09-23T20:22:04Z node/4489493919",
    "verifiedAt": ""
   }
  },
  {
   "type": "Feature",
   "geometry": {
    "type": "Point",
    "coordinates": [
     134.5339688,
     35.3910861
    ]
   },
   "properties": {
    "id": "TH-n4489493920",
    "kind": "trailhead",
    "name": "（名称未確認）中央トリプルリフト付近",
    "datum": "WGS84",
    "mountainIds": "483",
    "mountainNames": "鉢伏山",
    "lists": "関西百名山",
    "routes": "",
    "entryType": "索道駅（ロープウェイ・ゴンドラ）",
    "trailKmToSummit": "鉢伏山:2.02km",
    "related": "BS-kP11-22-28-bs899(805m)",
    "attributes": "",
    "status": "provisional",
    "accuracyM": 15,
    "needsReview": "名称未確認、公式情報または2情報源での確認が必要",
    "sources": "OpenStreetMap（© OpenStreetMap contributors, ODbL 1.0）Geofabrik japan-latest.osm.pbf 2026-09-23T20:22:04Z node/4489493920",
    "verifiedAt": ""
   }
  },
  {
   "type": "Feature",
   "geometry": {
    "type": "Point",
    "coordinates": [
     134.5256461,
     35.3910638
    ]
   },
   "properties": {
    "id": "TH-n4489493921",
    "kind": "trailhead",
    "name": "（名称未確認）",
    "datum": "WGS84",
    "mountainIds": "483",
    "mountainNames": "鉢伏山",
    "lists": "関西百名山",
    "routes": "",
    "entryType": "索道駅（ロープウェイ・ゴンドラ）",
    "trailKmToSummit": "鉢伏山:1.17km",
    "related": "",
    "attributes": "",
    "status": "provisional",
    "accuracyM": 15,
    "needsReview": "名称未確認、公式情報または2情報源での確認が必要",
    "sources": "OpenStreetMap（© OpenStreetMap contributors, ODbL 1.0）Geofabrik japan-latest.osm.pbf 2026-09-23T20:22:04Z node/4489493921",
    "verifiedAt": ""
   }
  },
  {
   "type": "Feature",
   "geometry": {
    "type": "Point",
    "coordinates": [
     134.5300441,
     35.3906963
    ]
   },
   "properties": {
    "id": "TH-n4489493922",
    "kind": "trailhead",
    "name": "中央クワッドリフト",
    "datum": "WGS84",
    "mountainIds": "483",
    "mountainNames": "鉢伏山",
    "lists": "関西百名山",
    "routes": "",
    "entryType": "索道駅（ロープウェイ・ゴンドラ）",
    "trailKmToSummit": "鉢伏山:1.59km",
    "related": "BS-kP11-22-28-bs899(834m)",
    "attributes": "",
    "status": "provisional",
    "accuracyM": 15,
    "needsReview": "公式情報または2情報源での確認が必要",
    "sources": "OpenStreetMap（© OpenStreetMap contributors, ODbL 1.0）Geofabrik japan-latest.osm.pbf 2026-09-23T20:22:04Z node/4489493922",
    "verifiedAt": ""
   }
  },
  {
   "type": "Feature",
   "geometry": {
    "type": "Point",
    "coordinates": [
     135.8861511,
     35.2094962
    ]
   },
   "properties": {
    "id": "TH-n4491022835",
    "kind": "trailhead",
    "name": "ホーライクワッドリフト",
    "datum": "WGS84",
    "mountainIds": "522",
    "mountainNames": "武奈ヶ岳",
    "lists": "日本二百名山|日本三百名山|関西百名山",
    "routes": "",
    "entryType": "索道駅（ロープウェイ・ゴンドラ）",
    "trailKmToSummit": "武奈ヶ岳:8.5km",
    "related": "",
    "attributes": "",
    "status": "provisional",
    "accuracyM": 15,
    "needsReview": "公式情報または2情報源での確認が必要",
    "sources": "OpenStreetMap（© OpenStreetMap contributors, ODbL 1.0）Geofabrik japan-latest.osm.pbf 2026-09-23T20:22:04Z node/4491022835",
    "verifiedAt": ""
   }
  },
  {
   "type": "Feature",
   "geometry": {
    "type": "Point",
    "coordinates": [
     135.8861511,
     35.2094962
    ]
   },
   "properties": {
    "id": "TH-n4491022835-2",
    "kind": "trailhead",
    "name": "チャンピオン第1ペアリフト",
    "datum": "WGS84",
    "mountainIds": "544",
    "mountainNames": "蓬莱山",
    "lists": "日本三百名山|関西百名山",
    "routes": "",
    "entryType": "索道駅（ロープウェイ・ゴンドラ）",
    "trailKmToSummit": "蓬莱山:0.04km",
    "related": "",
    "attributes": "",
    "status": "provisional",
    "accuracyM": 15,
    "needsReview": "公式情報または2情報源での確認が必要",
    "sources": "OpenStreetMap（© OpenStreetMap contributors, ODbL 1.0）Geofabrik japan-latest.osm.pbf 2026-09-23T20:22:04Z node/4491022835",
    "verifiedAt": ""
   }
  },
  {
   "type": "Feature",
   "geometry": {
    "type": "Point",
    "coordinates": [
     135.8899115,
     35.2114816
    ]
   },
   "properties": {
    "id": "TH-n4491022836",
    "kind": "trailhead",
    "name": "ホーライクワッドリフト",
    "datum": "WGS84",
    "mountainIds": "544",
    "mountainNames": "蓬莱山",
    "lists": "日本三百名山|関西百名山",
    "routes": "",
    "entryType": "索道駅（ロープウェイ・ゴンドラ）",
    "trailKmToSummit": "蓬莱山:0.46km",
    "related": "",
    "attributes": "",
    "status": "provisional",
    "accuracyM": 15,
    "needsReview": "公式情報または2情報源での確認が必要",
    "sources": "OpenStreetMap（© OpenStreetMap contributors, ODbL 1.0）Geofabrik japan-latest.osm.pbf 2026-09-23T20:22:04Z node/4491022836",
    "verifiedAt": ""
   }
  },
  {
   "type": "Feature",
   "geometry": {
    "type": "Point",
    "coordinates": [
     135.8935298,
     35.2134002
    ]
   },
   "properties": {
    "id": "TH-n4491022839",
    "kind": "trailhead",
    "name": "打見ペアリフト",
    "datum": "WGS84",
    "mountainIds": "544",
    "mountainNames": "蓬莱山",
    "lists": "日本三百名山|関西百名山",
    "routes": "",
    "entryType": "索道駅（ロープウェイ・ゴンドラ）",
    "trailKmToSummit": "蓬莱山:0.9km",
    "related": "",
    "attributes": "",
    "status": "provisional",
    "accuracyM": 15,
    "needsReview": "公式情報または2情報源での確認が必要",
    "sources": "OpenStreetMap（© OpenStreetMap contributors, ODbL 1.0）Geofabrik japan-latest.osm.pbf 2026-09-23T20:22:04Z node/4491022839",
    "verifiedAt": ""
   }
  },
  {
   "type": "Feature",
   "geometry": {
    "type": "Point",
    "coordinates": [
     135.8900617,
     35.212173
    ]
   },
   "properties": {
    "id": "TH-n4491022840",
    "kind": "trailhead",
    "name": "打見ペアリフト",
    "datum": "WGS84",
    "mountainIds": "522",
    "mountainNames": "武奈ヶ岳",
    "lists": "日本二百名山|日本三百名山|関西百名山",
    "routes": "",
    "entryType": "索道駅（ロープウェイ・ゴンドラ）",
    "trailKmToSummit": "武奈ヶ岳:7.98km",
    "related": "",
    "attributes": "",
    "status": "provisional",
    "accuracyM": 15,
    "needsReview": "公式情報または2情報源での確認が必要",
    "sources": "OpenStreetMap（© OpenStreetMap contributors, ODbL 1.0）Geofabrik japan-latest.osm.pbf 2026-09-23T20:22:04Z node/4491022840",
    "verifiedAt": ""
   }
  },
  {
   "type": "Feature",
   "geometry": {
    "type": "Point",
    "coordinates": [
     135.8906438,
     35.2179922
    ]
   },
   "properties": {
    "id": "TH-n4491022844",
    "kind": "trailhead",
    "name": "びわ湖バレイ（蓬莱山・打見山）",
    "datum": "WGS84",
    "mountainIds": "509 522 544",
    "mountainNames": "蛇谷ヶ峰、武奈ヶ岳、蓬莱山",
    "lists": "関西百名山|日本二百名山|日本三百名山",
    "routes": "",
    "entryType": "索道駅（ロープウェイ・ゴンドラ）",
    "trailKmToSummit": "蛇谷ヶ峰:15.52km 武奈ヶ岳:7.04km 蓬莱山:1.7km",
    "related": "",
    "attributes": "",
    "status": "adopted",
    "accuracyM": 15,
    "needsReview": "びわ湖バレイは蓬莱山・打見山方面の入口、国土地理院の地名との差が221mあり、登山口そのものの位置は目視未確認",
    "sources": "OpenStreetMap（© OpenStreetMap contributors, ODbL 1.0）Geofabrik japan-latest.osm.pbf 2026-09-23T20:22:04Z node/4491022844 ｜ 国土地理院 地名検索「びわ湖バレイスキー場」（35.217505, 135.888289、JGD2011、221m差）2026-09-20確認",
    "verifiedAt": "2026-09-20"
   }
  },
  {
   "type": "Feature",
   "geometry": {
    "type": "Point",
    "coordinates": [
     135.8944525,
     35.2137585
    ]
   },
   "properties": {
    "id": "TH-n4491022845",
    "kind": "trailhead",
    "name": "ジャイアントクワッドリフト",
    "datum": "WGS84",
    "mountainIds": "509 522",
    "mountainNames": "蛇谷ヶ峰、武奈ヶ岳",
    "lists": "関西百名山|日本二百名山|日本三百名山",
    "routes": "",
    "entryType": "索道駅（ロープウェイ・ゴンドラ）",
    "trailKmToSummit": "蛇谷ヶ峰:15.97km 武奈ヶ岳:7.49km",
    "related": "",
    "attributes": "",
    "status": "provisional",
    "accuracyM": 15,
    "needsReview": "公式情報または2情報源での確認が必要",
    "sources": "OpenStreetMap（© OpenStreetMap contributors, ODbL 1.0）Geofabrik japan-latest.osm.pbf 2026-09-23T20:22:04Z node/4491022845",
    "verifiedAt": ""
   }
  },
  {
   "type": "Feature",
   "geometry": {
    "type": "Point",
    "coordinates": [
     136.0391493,
     35.0638596
    ]
   },
   "properties": {
    "id": "TH-n4744108789",
    "kind": "trailhead",
    "name": "（名称未確認）野洲中学校前バス停付近",
    "datum": "WGS84",
    "mountainIds": "597",
    "mountainNames": "三上山",
    "lists": "関西百名山",
    "routes": "",
    "entryType": "一般道との接続",
    "trailKmToSummit": "三上山:2.13km",
    "related": "PK-w481476702(212m) BS-kP11-22-25-bs1833(610m) BS-kP11-22-25-bs1815(735m) BS-kP11-22-25-bs1855(879m)",
    "attributes": "",
    "status": "provisional",
    "accuracyM": 30,
    "needsReview": "名称未確認、近くの道路にゲートあり（車両通行止め・季節閉鎖の可能性）、公式情報または2情報源での確認が必要",
    "sources": "OpenStreetMap（© OpenStreetMap contributors, ODbL 1.0）Geofabrik japan-latest.osm.pbf 2026-09-23T20:22:04Z node/4744108789（登山道と道路の接続点）",
    "verifiedAt": ""
   }
  },
  {
   "type": "Feature",
   "geometry": {
    "type": "Point",
    "coordinates": [
     136.0976712,
     34.1802778
    ]
   },
   "properties": {
    "id": "TH-n474520284",
    "kind": "trailhead",
    "name": "大台ヶ原駐車場",
    "datum": "WGS84",
    "mountainIds": "718",
    "mountainNames": "大台ヶ原山",
    "lists": "日本百名山|日本二百名山|日本三百名山|関西百名山|東海の百山",
    "routes": "OSM登山道「上道」、OSM登山道「中道」、日出ヶ岳往復、東大台周回",
    "entryType": "一般道との接続",
    "trailKmToSummit": "大台ヶ原山:1.58km",
    "related": "PK-w441927262(39m) BS-n7612486685(75m)",
    "attributes": "",
    "status": "adopted",
    "accuracyM": 30,
    "needsReview": "登山道が道路を横断する地点（途中の入口の可能性）",
    "sources": "OpenStreetMap（© OpenStreetMap contributors, ODbL 1.0）Geofabrik japan-latest.osm.pbf 2026-09-23T20:22:04Z node/474520284（登山道と道路の接続点） ｜ 国土地理院 地名検索「大台ヶ原駐車場」（34.180103, 136.098011、JGD2011、37m差）確認",
    "verifiedAt": ""
   }
  },
  {
   "type": "Feature",
   "geometry": {
    "type": "Point",
    "coordinates": [
     136.4758559,
     35.1713895
    ]
   },
   "properties": {
    "id": "TH-n4789841022",
    "kind": "trailhead",
    "name": "大貝戸登山口",
    "datum": "WGS84",
    "mountainIds": "553 555 563 577",
    "mountainNames": "鈴北岳、御池岳、藤原岳、竜ヶ岳",
    "lists": "東海の百山|関西百名山|日本三百名山",
    "routes": "",
    "entryType": "登山口（OSMの登山口地物）",
    "trailKmToSummit": "鈴北岳:9.15km 御池岳:8.61km 藤原岳:3.75km 竜ヶ岳:10.24km",
    "related": "PK-w1122682967(98m) PK-w1122682969(310m) PK-w1122682970(310m)",
    "attributes": "",
    "status": "provisional",
    "accuracyM": 15,
    "needsReview": "公式情報または2情報源での確認が必要",
    "sources": "OpenStreetMap（© OpenStreetMap contributors, ODbL 1.0）Geofabrik japan-latest.osm.pbf 2026-09-23T20:22:04Z node/4789841022 ｜ 国土地理院 地名検索「西藤原簡易郵便局」（35.170497, 136.477795、JGD2011、202m差）2026-09-20確認",
    "verifiedAt": "2026-09-20"
   }
  },
  {
   "type": "Feature",
   "geometry": {
    "type": "Point",
    "coordinates": [
     135.6236515,
     34.9549721
    ]
   },
   "properties": {
    "id": "TH-n4899276205",
    "kind": "trailhead",
    "name": "（名称未確認）",
    "datum": "WGS84",
    "mountainIds": "613",
    "mountainNames": "ポンポン山",
    "lists": "関西百名山",
    "routes": "",
    "entryType": "一般道との接続",
    "trailKmToSummit": "ポンポン山:2.95km",
    "related": "PK-w456046188(11m) PK-w456030913(136m)",
    "attributes": "",
    "status": "provisional",
    "accuracyM": 30,
    "needsReview": "名称未確認、公式情報または2情報源での確認が必要",
    "sources": "OpenStreetMap（© OpenStreetMap contributors, ODbL 1.0）Geofabrik japan-latest.osm.pbf 2026-09-23T20:22:04Z node/4899276205（登山道と道路の接続点）",
    "verifiedAt": ""
   }
  },
  {
   "type": "Feature",
   "geometry": {
    "type": "Point",
    "coordinates": [
     135.8588122,
     35.2118035
    ]
   },
   "properties": {
    "id": "TH-n4936269294",
    "kind": "trailhead",
    "name": "（名称未確認）新道足尾谷橋バス停付近",
    "datum": "WGS84",
    "mountainIds": "544",
    "mountainNames": "蓬莱山",
    "lists": "日本三百名山|関西百名山",
    "routes": "",
    "entryType": "一般道との接続",
    "trailKmToSummit": "蓬莱山:4.27km",
    "related": "BS-kP11-22-25-bs835(295m) BS-kP11-22-25-bs815(800m) BS-kP11-22-25-bs816(800m)",
    "attributes": "",
    "status": "provisional",
    "accuracyM": 30,
    "needsReview": "名称未確認、登山道が道路を横断する地点（途中の入口の可能性）、近くの道路にゲートあり（車両通行止め・季節閉鎖の可能性）、公式情報または2情報源での確認が必要",
    "sources": "OpenStreetMap（© OpenStreetMap contributors, ODbL 1.0）Geofabrik japan-latest.osm.pbf 2026-09-23T20:22:04Z node/4936269294（登山道と道路の接続点）",
    "verifiedAt": ""
   }
  },
  {
   "type": "Feature",
   "geometry": {
    "type": "Point",
    "coordinates": [
     135.9258747,
     35.2989042
    ]
   },
   "properties": {
    "id": "TH-n4942282381",
    "kind": "trailhead",
    "name": "（名称未確認）畑バス停付近",
    "datum": "WGS84",
    "mountainIds": "509",
    "mountainNames": "蛇谷ヶ峰",
    "lists": "関西百名山",
    "routes": "",
    "entryType": "一般道との接続",
    "trailKmToSummit": "蛇谷ヶ峰:3.65km",
    "related": "BS-kP11-22-25-bs637(766m)",
    "attributes": "",
    "status": "provisional",
    "accuracyM": 30,
    "needsReview": "名称未確認、近くの道路にゲートあり（車両通行止め・季節閉鎖の可能性）、公式情報または2情報源での確認が必要",
    "sources": "OpenStreetMap（© OpenStreetMap contributors, ODbL 1.0）Geofabrik japan-latest.osm.pbf 2026-09-23T20:22:04Z node/4942282381（登山道と道路の接続点）",
    "verifiedAt": ""
   }
  },
  {
   "type": "Feature",
   "geometry": {
    "type": "Point",
    "coordinates": [
     135.4474487,
     35.263012
    ]
   },
   "properties": {
    "id": "TH-n5267854837",
    "kind": "trailhead",
    "name": "（名称未確認）塩谷口バス停付近",
    "datum": "WGS84",
    "mountainIds": "514",
    "mountainNames": "長老ヶ岳",
    "lists": "関西百名山",
    "routes": "",
    "entryType": "一般道（県道以上）との接続",
    "trailKmToSummit": "長老ヶ岳:7.05km",
    "related": "BS-kP11-22-26-bs1351(63m) BS-kP11-22-26-bs1359(303m) BS-kP11-22-26-bs1358(508m)",
    "attributes": "",
    "status": "provisional",
    "accuracyM": 30,
    "needsReview": "名称未確認、公式情報または2情報源での確認が必要",
    "sources": "OpenStreetMap（© OpenStreetMap contributors, ODbL 1.0）Geofabrik japan-latest.osm.pbf 2026-09-23T20:22:04Z node/5267854837（登山道と道路の接続点）",
    "verifiedAt": ""
   }
  },
  {
   "type": "Feature",
   "geometry": {
    "type": "Point",
    "coordinates": [
     135.7206005,
     33.8617469
    ]
   },
   "properties": {
    "id": "TH-n5429763201",
    "kind": "trailhead",
    "name": "発心門王子;Hosshinmon-oji",
    "datum": "WGS84",
    "mountainIds": "759",
    "mountainNames": "冷水山",
    "lists": "関西百名山",
    "routes": "",
    "entryType": "駐車場・バス停（林道・車道を経由して登山道へ）",
    "trailKmToSummit": "冷水山:12.76km",
    "related": "BS-n5429763201(0m) BS-kP11-22-30-bs2062(325m) BS-kP11-22-30-bs2063(819m)",
    "attributes": "",
    "status": "provisional",
    "accuracyM": 15,
    "needsReview": "林道からの入口（マイカー進入可否を要確認）、公式情報または2情報源での確認が必要",
    "sources": "OpenStreetMap（© OpenStreetMap contributors, ODbL 1.0）Geofabrik japan-latest.osm.pbf 2026-09-23T20:22:04Z node/5429763201 ｜ OpenStreetMap（© OpenStreetMap contributors, ODbL 1.0）Geofabrik japan-latest.osm.pbf 2026-09-23T20:22:04Z node/1425771293（登山道と道路の接続点）",
    "verifiedAt": ""
   }
  },
  {
   "type": "Feature",
   "geometry": {
    "type": "Point",
    "coordinates": [
     135.1115987,
     34.6761273
    ]
   },
   "properties": {
    "id": "TH-n5537346069",
    "kind": "trailhead",
    "name": "横尾山登山口（妙法寺駅側）",
    "datum": "WGS84",
    "mountainIds": "637",
    "mountainNames": "横尾山",
    "lists": "関西百名山",
    "routes": "OSM登山道「横尾４２号線」",
    "entryType": "一般道との接続",
    "trailKmToSummit": "横尾山:1.54km",
    "related": "PK-w368782167(101m) PK-w969112639(143m) PK-w507542449(166m) BS-kP11-22-28-bs9027(108m) BS-kP11-22-28-bs9027(108m) BS-kP11-22-28-bs9027(108m)",
    "attributes": "",
    "status": "provisional",
    "accuracyM": 30,
    "needsReview": "近くの道路にゲートあり（車両通行止め・季節閉鎖の可能性）、公式情報または2情報源での確認が必要",
    "sources": "OpenStreetMap（© OpenStreetMap contributors, ODbL 1.0）Geofabrik japan-latest.osm.pbf 2026-09-23T20:22:04Z node/5537346069（登山道と道路の接続点） ｜ 国土地理院 地名検索「妙法寺駅」（34.675314, 135.110388、JGD2011、143m差）2026-09-20確認 ｜ 登山記録で広く使われている登山口（登山記録・登山情報サイトで名称と利用を確認。公式情報では未確認） 2026-09-24確認",
    "verifiedAt": "2026-09-20"
   }
  },
  {
   "type": "Feature",
   "geometry": {
    "type": "Point",
    "coordinates": [
     135.10862,
     34.6743854
    ]
   },
   "properties": {
    "id": "TH-n5564323742",
    "kind": "trailhead",
    "name": "（名称未確認）リファーレ横尾駐車場付近",
    "datum": "WGS84",
    "mountainIds": "637",
    "mountainNames": "横尾山",
    "lists": "関西百名山",
    "routes": "",
    "entryType": "一般道との接続",
    "trailKmToSummit": "横尾山:1.19km",
    "related": "PK-w507542452(50m) PK-w969112615(60m) PK-w969112617(66m) BS-kP11-22-28-bs9027(230m) BS-kP11-22-28-bs9027(230m) BS-kP11-22-28-bs9027(230m)",
    "attributes": "",
    "status": "provisional",
    "accuracyM": 30,
    "needsReview": "名称未確認、近くの道路にゲートあり（車両通行止め・季節閉鎖の可能性）、公式情報または2情報源での確認が必要",
    "sources": "OpenStreetMap（© OpenStreetMap contributors, ODbL 1.0）Geofabrik japan-latest.osm.pbf 2026-09-23T20:22:04Z node/5564323742（登山道と道路の接続点） ｜ 国土地理院 地名検索「妙法寺駅」（34.675314, 135.110388、JGD2011、192m差）2026-09-20確認",
    "verifiedAt": "2026-09-20"
   }
  },
  {
   "type": "Feature",
   "geometry": {
    "type": "Point",
    "coordinates": [
     135.0937359,
     34.6800695
    ]
   },
   "properties": {
    "id": "TH-n5588254995",
    "kind": "trailhead",
    "name": "（名称未確認）バス待機場付近",
    "datum": "WGS84",
    "mountainIds": "637",
    "mountainNames": "横尾山",
    "lists": "関西百名山",
    "routes": "OSM登山道「中落合１５号線」、OSM登山道「中落合１６号線」",
    "entryType": "一般道（県道以上）との接続",
    "trailKmToSummit": "横尾山:2.29km",
    "related": "PK-w969981638(36m) PK-w368314812(114m) PK-w368314870(192m) BS-kP11-22-28-bs8968(101m) BS-kP11-22-28-bs8968(101m) BS-kP11-22-28-bs8968(101m)",
    "attributes": "",
    "status": "provisional",
    "accuracyM": 30,
    "needsReview": "名称未確認、近くの道路にゲートあり（車両通行止め・季節閉鎖の可能性）、公式情報または2情報源での確認が必要",
    "sources": "OpenStreetMap（© OpenStreetMap contributors, ODbL 1.0）Geofabrik japan-latest.osm.pbf 2026-09-23T20:22:04Z node/5588254995（登山道と道路の接続点） ｜ 国土地理院 地名検索「名谷駅」（34.680929, 135.094732、JGD2011、132m差）2026-09-20確認",
    "verifiedAt": "2026-09-20"
   }
  },
  {
   "type": "Feature",
   "geometry": {
    "type": "Point",
    "coordinates": [
     135.7593252,
     33.928427
    ]
   },
   "properties": {
    "id": "TH-n5702262721",
    "kind": "trailhead",
    "name": "小辺路 果無峠登山口",
    "datum": "WGS84",
    "mountainIds": "759",
    "mountainNames": "冷水山",
    "lists": "関西百名山",
    "routes": "OSM登山道「小辺路」",
    "entryType": "登山口（OSMの登山口地物）",
    "trailKmToSummit": "冷水山:12.48km",
    "related": "BS-kP11-22-29-bs2855(18m) BS-kP11-22-29-bs2854(142m) BS-kP11-22-29-bs2848(269m)",
    "attributes": "OSM登山ルート: 熊野古道 小辺路",
    "status": "adopted",
    "accuracyM": 15,
    "needsReview": "採用の根拠: OSMの登山口名と、地理院地図の徒歩道が道路から始まる位置の一致（公式情報では未確認）",
    "sources": "OpenStreetMap（© OpenStreetMap contributors, ODbL 1.0）Geofabrik japan-latest.osm.pbf 2026-09-23T20:22:04Z node/5702262721 ｜ 国土地理院ベクトルタイル提供実験 地理院地図の徒歩道の起点（33.928467, 135.759272、JGD2011、7m差）2026-09-24確認",
    "verifiedAt": ""
   }
  },
  {
   "type": "Feature",
   "geometry": {
    "type": "Point",
    "coordinates": [
     134.402167,
     35.1764188
    ]
   },
   "properties": {
    "id": "TH-n5958156757",
    "kind": "trailhead",
    "name": "（名称未確認）船木山登山口 駐車場付近",
    "datum": "WGS84",
    "mountainIds": "554",
    "mountainNames": "後山",
    "lists": "中国百名山",
    "routes": "",
    "entryType": "道路の終点付近",
    "trailKmToSummit": "後山:2.88km",
    "related": "PK-w166691796(310m) PK-w179944053(358m)",
    "attributes": "",
    "status": "provisional",
    "accuracyM": 30,
    "needsReview": "名称未確認、林道からの入口（マイカー進入可否を要確認）、公式情報または2情報源での確認が必要",
    "sources": "OpenStreetMap（© OpenStreetMap contributors, ODbL 1.0）Geofabrik japan-latest.osm.pbf 2026-09-23T20:22:04Z node/5958156757（登山道と道路の接続点）",
    "verifiedAt": ""
   }
  },
  {
   "type": "Feature",
   "geometry": {
    "type": "Point",
    "coordinates": [
     135.6461317,
     34.9374705
    ]
   },
   "properties": {
    "id": "TH-n6151228099",
    "kind": "trailhead",
    "name": "善峯寺（ポンポン山登山口）",
    "datum": "WGS84",
    "mountainIds": "613",
    "mountainNames": "ポンポン山",
    "lists": "関西百名山",
    "routes": "",
    "entryType": "駐車場・バス停（林道・車道を経由して登山道へ）",
    "trailKmToSummit": "ポンポン山:3.07km",
    "related": "PK-w389329545(55m) PK-w389329539(104m) PK-w677363506(198m) BS-kP11-22-26-bs3649(35m) BS-kP11-22-26-bs3649(35m)",
    "attributes": "",
    "status": "provisional",
    "accuracyM": 15,
    "needsReview": "近くの道路にゲートあり（車両通行止め・季節閉鎖の可能性）、林道からの入口（マイカー進入可否を要確認）、公式情報または2情報源での確認が必要",
    "sources": "OpenStreetMap（© OpenStreetMap contributors, ODbL 1.0）Geofabrik japan-latest.osm.pbf 2026-09-23T20:22:04Z node/6151228099 ｜ OpenStreetMap（© OpenStreetMap contributors, ODbL 1.0）Geofabrik japan-latest.osm.pbf 2026-09-23T20:22:04Z node/4785695273（登山道と道路の接続点） ｜ 登山記録で広く使われている登山口（登山記録・登山情報サイトで名称と利用を確認。公式情報では未確認） 2026-09-24確認",
    "verifiedAt": ""
   }
  },
  {
   "type": "Feature",
   "geometry": {
    "type": "Point",
    "coordinates": [
     135.920938,
     35.3430144
    ]
   },
   "properties": {
    "id": "TH-n6177995786",
    "kind": "trailhead",
    "name": "グリーンパーク想い出の森;くつき温泉てんくう",
    "datum": "WGS84",
    "mountainIds": "509 522",
    "mountainNames": "蛇谷ヶ峰、武奈ヶ岳",
    "lists": "関西百名山|日本二百名山|日本三百名山",
    "routes": "",
    "entryType": "駐車場・バス停（林道・車道を経由して登山道へ）",
    "trailKmToSummit": "蛇谷ヶ峰:2.98km 武奈ヶ岳:11.63km",
    "related": "PK-n6177995786(0m) PK-w449773442(24m) PK-w449773439(98m) BS-kP11-22-25-bs491(609m) BS-kP11-22-25-bs480(682m) BS-kP11-22-25-bs506(899m)",
    "attributes": "",
    "status": "provisional",
    "accuracyM": 15,
    "needsReview": "近くの道路にゲートあり（車両通行止め・季節閉鎖の可能性）、林道からの入口（マイカー進入可否を要確認）、公式情報または2情報源での確認が必要",
    "sources": "OpenStreetMap（© OpenStreetMap contributors, ODbL 1.0）Geofabrik japan-latest.osm.pbf 2026-09-23T20:22:04Z node/6177995786 ｜ OpenStreetMap（© OpenStreetMap contributors, ODbL 1.0）Geofabrik japan-latest.osm.pbf 2026-09-23T20:22:04Z node/4467093676（登山道と道路の接続点）",
    "verifiedAt": ""
   }
  },
  {
   "type": "Feature",
   "geometry": {
    "type": "Point",
    "coordinates": [
     135.8403461,
     34.2205254
    ]
   },
   "properties": {
    "id": "TH-n6643037685",
    "kind": "trailhead",
    "name": "坪の内オートキャンプ場",
    "datum": "WGS84",
    "mountainIds": "719",
    "mountainNames": "大峰山",
    "lists": "日本百名山|日本二百名山|日本三百名山|関西百名山",
    "routes": "OSM登山道「坪内弥山登山コース」",
    "entryType": "施設（山小屋・宿・キャンプ場）からの入口",
    "trailKmToSummit": "大峰山:10.7km",
    "related": "PK-w690412352(206m) PK-n6477370137(207m) BS-kP11-22-29-bs2517(67m) BS-kP11-22-29-bs2517(67m) BS-kP11-22-29-bs2516(147m)",
    "attributes": "",
    "status": "provisional",
    "accuracyM": 15,
    "needsReview": "林道からの入口（マイカー進入可否を要確認）、公式情報または2情報源での確認が必要",
    "sources": "OpenStreetMap（© OpenStreetMap contributors, ODbL 1.0）Geofabrik japan-latest.osm.pbf 2026-09-23T20:22:04Z node/6643037685",
    "verifiedAt": ""
   }
  },
  {
   "type": "Feature",
   "geometry": {
    "type": "Point",
    "coordinates": [
     135.9744714,
     34.5469483
    ]
   },
   "properties": {
    "id": "TH-n6649478843",
    "kind": "trailhead",
    "name": "天満台東二丁目",
    "datum": "WGS84",
    "mountainIds": "645",
    "mountainNames": "額井岳",
    "lists": "関西百名山",
    "routes": "",
    "entryType": "駐車場・バス停（林道・車道を経由して登山道へ）",
    "trailKmToSummit": "額井岳:1.5km",
    "related": "PK-w804808387(357m) PK-w435012875(393m) PK-w435012877(408m) BS-kP11-22-29-bs1270(10m) BS-kP11-22-29-bs1270(10m) BS-kP11-22-29-bs1288(474m)",
    "attributes": "",
    "status": "provisional",
    "accuracyM": 15,
    "needsReview": "林道からの入口（マイカー進入可否を要確認）、公式情報または2情報源での確認が必要",
    "sources": "OpenStreetMap（© OpenStreetMap contributors, ODbL 1.0）Geofabrik japan-latest.osm.pbf 2026-09-23T20:22:04Z node/6649478843 ｜ OpenStreetMap（© OpenStreetMap contributors, ODbL 1.0）Geofabrik japan-latest.osm.pbf 2026-09-23T20:22:04Z node/1860220110（登山道と道路の接続点） ｜ 国土地理院 地名検索「榛原天満台東二丁目」（34.547817, 135.974708、JGD2011、98m差）2026-09-20確認",
    "verifiedAt": "2026-09-20"
   }
  },
  {
   "type": "Feature",
   "geometry": {
    "type": "Point",
    "coordinates": [
     135.8703913,
     34.2449574
    ]
   },
   "properties": {
    "id": "TH-n6703059403",
    "kind": "trailhead",
    "name": "観音峰登山口",
    "datum": "WGS84",
    "mountainIds": "700 705 710",
    "mountainNames": "山上ヶ岳、稲村ヶ岳、大普賢岳",
    "lists": "日本三百名山|関西百名山",
    "routes": "",
    "entryType": "登山口（OSMの登山口地物）",
    "trailKmToSummit": "山上ヶ岳:9.44km 稲村ヶ岳:8.04km 大普賢岳:14.46km",
    "related": "PK-n6703059401(125m) PK-w1215779995(204m) BS-kP11-22-29-bs2503(9m) BS-kP11-22-29-bs2504(873m) BS-kP11-22-29-bs2504(873m)",
    "attributes": "",
    "status": "provisional",
    "accuracyM": 15,
    "needsReview": "公式情報または2情報源での確認が必要",
    "sources": "OpenStreetMap（© OpenStreetMap contributors, ODbL 1.0）Geofabrik japan-latest.osm.pbf 2026-09-23T20:22:04Z node/6703059403",
    "verifiedAt": ""
   }
  },
  {
   "type": "Feature",
   "geometry": {
    "type": "Point",
    "coordinates": [
     136.4418029,
     35.0447992
    ]
   },
   "properties": {
    "id": "TH-n6723664943",
    "kind": "trailhead",
    "name": "三休の湯",
    "datum": "WGS84",
    "mountainIds": "585 589 595 601 602 607",
    "mountainNames": "三池岳、釈迦ヶ岳、尾高山、雨乞岳、御在所岳、鎌ヶ岳",
    "lists": "東海の百山|日本二百名山|日本三百名山|関西百名山",
    "routes": "OSM登山道「中尾根道」",
    "entryType": "駐車場・バス停（林道・車道を経由して登山道へ）",
    "trailKmToSummit": "三池岳:5.81km 釈迦ヶ岳:3.02km 尾高山:5.18km 雨乞岳:12.73km 御在所岳:10.85km 鎌ヶ岳:15.17km",
    "related": "PK-n6723664943(0m) PK-w715409930(8m)",
    "attributes": "",
    "status": "provisional",
    "accuracyM": 15,
    "needsReview": "公式情報または2情報源での確認が必要",
    "sources": "OpenStreetMap（© OpenStreetMap contributors, ODbL 1.0）Geofabrik japan-latest.osm.pbf 2026-09-23T20:22:04Z node/6723664943 ｜ OpenStreetMap（© OpenStreetMap contributors, ODbL 1.0）Geofabrik japan-latest.osm.pbf 2026-09-23T20:22:04Z node/6003873014（登山道と道路の接続点）",
    "verifiedAt": ""
   }
  },
  {
   "type": "Feature",
   "geometry": {
    "type": "Point",
    "coordinates": [
     135.0775062,
     34.6725764
    ]
   },
   "properties": {
    "id": "TH-n6881086223",
    "kind": "trailhead",
    "name": "Hotel Pure",
    "datum": "WGS84",
    "mountainIds": "637",
    "mountainNames": "横尾山",
    "lists": "関西百名山",
    "routes": "",
    "entryType": "施設（山小屋・宿・キャンプ場）からの入口",
    "trailKmToSummit": "横尾山:3.3km",
    "related": "PK-w367485570(399m) BS-n8018093185(95m) BS-kP11-22-28-bs9101(139m) BS-kP11-22-28-bs9101(139m)",
    "attributes": "",
    "status": "provisional",
    "accuracyM": 15,
    "needsReview": "近くの道路にゲートあり（車両通行止め・季節閉鎖の可能性）、公式情報または2情報源での確認が必要",
    "sources": "OpenStreetMap（© OpenStreetMap contributors, ODbL 1.0）Geofabrik japan-latest.osm.pbf 2026-09-23T20:22:04Z node/6881086223",
    "verifiedAt": ""
   }
  },
  {
   "type": "Feature",
   "geometry": {
    "type": "Point",
    "coordinates": [
     135.9249088,
     34.0965868
    ]
   },
   "properties": {
    "id": "TH-n7023033537",
    "kind": "trailhead",
    "name": "前鬼 小仲坊（釈迦ヶ岳 前鬼口）",
    "datum": "WGS84",
    "mountainIds": "719 722",
    "mountainNames": "大峰山、釈迦ヶ岳",
    "lists": "日本百名山|日本二百名山|日本三百名山|関西百名山",
    "routes": "",
    "entryType": "施設（山小屋・宿・キャンプ場）からの入口",
    "trailKmToSummit": "大峰山:12.29km 釈迦ヶ岳:3.72km",
    "related": "",
    "attributes": "",
    "status": "provisional",
    "accuracyM": 15,
    "needsReview": "公式情報または2情報源での確認が必要",
    "sources": "OpenStreetMap（© OpenStreetMap contributors, ODbL 1.0）Geofabrik japan-latest.osm.pbf 2026-09-23T20:22:04Z node/7023033537 ｜ 登山記録で広く使われている登山口（登山記録・登山情報サイトで名称と利用を確認。公式情報では未確認） 2026-09-26確認",
    "verifiedAt": ""
   }
  },
  {
   "type": "Feature",
   "geometry": {
    "type": "Point",
    "coordinates": [
     135.6488264,
     34.4173491
    ]
   },
   "properties": {
    "id": "TH-n7023181823",
    "kind": "trailhead",
    "name": "金剛登山口",
    "datum": "WGS84",
    "mountainIds": "676",
    "mountainNames": "金剛山",
    "lists": "日本二百名山|日本三百名山|関西百名山",
    "routes": "OSM登山道「千早城趾ルート」",
    "entryType": "登山口（OSMの登山口地物）",
    "trailKmToSummit": "金剛山:2.69km",
    "related": "PK-w398272834(21m) PK-w397587224(25m) PK-w397587223(30m) BS-kP11-22-27-bs5019(14m) BS-kP11-22-27-bs5020(14m) BS-kP11-22-27-bs4995(741m)",
    "attributes": "",
    "status": "provisional",
    "accuracyM": 15,
    "needsReview": "公式情報または2情報源での確認が必要",
    "sources": "OpenStreetMap（© OpenStreetMap contributors, ODbL 1.0）Geofabrik japan-latest.osm.pbf 2026-09-23T20:22:04Z node/7023181823 ｜ 国土地理院 地名検索「富田林警察署千早駐在所」（34.416943, 135.648385、JGD2011、60m差）2026-09-20確認",
    "verifiedAt": "2026-09-20"
   }
  },
  {
   "type": "Feature",
   "geometry": {
    "type": "Point",
    "coordinates": [
     135.5210187,
     34.3764332
    ]
   },
   "properties": {
    "id": "TH-n7023256178",
    "kind": "trailhead",
    "name": "岩湧山",
    "datum": "WGS84",
    "mountainIds": "681",
    "mountainNames": "岩湧山",
    "lists": "関西百名山",
    "routes": "OSM登山道「ダイヤモンドトレール」",
    "entryType": "登山口（OSMの登山口地物）",
    "trailKmToSummit": "岩湧山:3.58km",
    "related": "PK-w751249008(22m) BS-kP11-22-27-bs5347(306m) BS-kP11-22-27-bs5348(306m) BS-kP11-22-27-bs5325(918m)",
    "attributes": "",
    "status": "provisional",
    "accuracyM": 15,
    "needsReview": "公式情報または2情報源での確認が必要",
    "sources": "OpenStreetMap（© OpenStreetMap contributors, ODbL 1.0）Geofabrik japan-latest.osm.pbf 2026-09-23T20:22:04Z node/7023256178",
    "verifiedAt": ""
   }
  },
  {
   "type": "Feature",
   "geometry": {
    "type": "Point",
    "coordinates": [
     135.9141713,
     35.4736472
    ]
   },
   "properties": {
    "id": "TH-n7178446649",
    "kind": "trailhead",
    "name": "（名称未確認）",
    "datum": "WGS84",
    "mountainIds": "450",
    "mountainNames": "三十三間山",
    "lists": "関西百名山",
    "routes": "",
    "entryType": "道路の終点付近",
    "trailKmToSummit": "三十三間山:3.09km",
    "related": "",
    "attributes": "",
    "status": "candidate",
    "accuracyM": 30,
    "needsReview": "名称未確認、林道からの入口（マイカー進入可否を要確認）、公式情報または2情報源での確認が必要",
    "sources": "OpenStreetMap（© OpenStreetMap contributors, ODbL 1.0）Geofabrik japan-latest.osm.pbf 2026-09-23T20:22:04Z node/7178446649（登山道と道路の接続点）",
    "verifiedAt": ""
   }
  },
  {
   "type": "Feature",
   "geometry": {
    "type": "Point",
    "coordinates": [
     134.6627193,
     35.0607657
    ]
   },
   "properties": {
    "id": "TH-n7368449785",
    "kind": "trailhead",
    "name": "雪彦山登山口・キャンプ場",
    "datum": "WGS84",
    "mountainIds": "587",
    "mountainNames": "雪彦山",
    "lists": "関西百名山",
    "routes": "",
    "entryType": "登山口（OSMの登山口地物）",
    "trailKmToSummit": "雪彦山:1.96km",
    "related": "PK-n10096096096(80m)",
    "attributes": "",
    "status": "adopted",
    "accuracyM": 15,
    "needsReview": "採用の根拠: OSMの登山口名と、地理院地図の徒歩道が道路から始まる位置の一致（公式情報では未確認）",
    "sources": "OpenStreetMap（© OpenStreetMap contributors, ODbL 1.0）Geofabrik japan-latest.osm.pbf 2026-09-23T20:22:04Z node/7368449785 ｜ 国土地理院ベクトルタイル提供実験 地理院地図の徒歩道の起点（35.060671, 134.662765、JGD2011、11m差）2026-09-24確認",
    "verifiedAt": ""
   }
  },
  {
   "type": "Feature",
   "geometry": {
    "type": "Point",
    "coordinates": [
     135.6882025,
     34.6783404
    ]
   },
   "properties": {
    "id": "TH-n7597052148",
    "kind": "trailhead",
    "name": "（名称未確認）門前町南バス停付近",
    "datum": "WGS84",
    "mountainIds": "635",
    "mountainNames": "生駒山",
    "lists": "関西百名山",
    "routes": "",
    "entryType": "一般道との接続",
    "trailKmToSummit": "生駒山:0.89km",
    "related": "BS-kP11-22-29-bs447(471m) BS-kP11-22-29-bs432(515m) BS-kP11-22-29-bs531(624m)",
    "attributes": "",
    "status": "provisional",
    "accuracyM": 30,
    "needsReview": "名称未確認、近くの道路にゲートあり（車両通行止め・季節閉鎖の可能性）、公式情報または2情報源での確認が必要",
    "sources": "OpenStreetMap（© OpenStreetMap contributors, ODbL 1.0）Geofabrik japan-latest.osm.pbf 2026-09-23T20:22:04Z node/7597052148（登山道と道路の接続点）",
    "verifiedAt": ""
   }
  },
  {
   "type": "Feature",
   "geometry": {
    "type": "Point",
    "coordinates": [
     135.6395576,
     35.0257614
    ]
   },
   "properties": {
    "id": "TH-n765060402",
    "kind": "trailhead",
    "name": "（名称未確認）",
    "datum": "WGS84",
    "mountainIds": "593",
    "mountainNames": "愛宕山",
    "lists": "日本三百名山|関西百名山",
    "routes": "",
    "entryType": "一般道（県道以上）との接続",
    "trailKmToSummit": "愛宕山:4.32km",
    "related": "",
    "attributes": "",
    "status": "candidate",
    "accuracyM": 30,
    "needsReview": "名称未確認、近くの道路にゲートあり（車両通行止め・季節閉鎖の可能性）、公式情報または2情報源での確認が必要",
    "sources": "OpenStreetMap（© OpenStreetMap contributors, ODbL 1.0）Geofabrik japan-latest.osm.pbf 2026-09-23T20:22:04Z node/765060402（登山道と道路の接続点）",
    "verifiedAt": ""
   }
  },
  {
   "type": "Feature",
   "geometry": {
    "type": "Point",
    "coordinates": [
     135.7059649,
     34.4922363
    ]
   },
   "properties": {
    "id": "TH-n8057436631",
    "kind": "trailhead",
    "name": "（名称未確認）かつらぎの森付近",
    "datum": "WGS84",
    "mountainIds": "667",
    "mountainNames": "大和葛城山",
    "lists": "日本三百名山|関西百名山",
    "routes": "",
    "entryType": "一般道との接続",
    "trailKmToSummit": "大和葛城山:6.0km",
    "related": "PK-w864497475(341m) PK-w864497477(348m) BS-kP11-22-29-bs1636(292m) BS-kP11-22-29-bs1649(301m) BS-kP11-22-29-bs1646(362m)",
    "attributes": "",
    "status": "provisional",
    "accuracyM": 30,
    "needsReview": "名称未確認、公式情報または2情報源での確認が必要",
    "sources": "OpenStreetMap（© OpenStreetMap contributors, ODbL 1.0）Geofabrik japan-latest.osm.pbf 2026-09-23T20:22:04Z node/8057436631（登山道と道路の接続点）",
    "verifiedAt": ""
   }
  },
  {
   "type": "Feature",
   "geometry": {
    "type": "Point",
    "coordinates": [
     135.6694873,
     34.9221329
    ]
   },
   "properties": {
    "id": "TH-n8088445204",
    "kind": "trailhead",
    "name": "鈴谷口",
    "datum": "WGS84",
    "mountainIds": "613",
    "mountainNames": "ポンポン山",
    "lists": "関西百名山",
    "routes": "",
    "entryType": "駐車場・バス停（林道・車道を経由して登山道へ）",
    "trailKmToSummit": "ポンポン山:5.44km",
    "related": "BS-kP11-22-26-bs3826(4m) BS-kP11-22-26-bs3826(4m) BS-kP11-22-26-bs3831(221m)",
    "attributes": "",
    "status": "provisional",
    "accuracyM": 15,
    "needsReview": "近くの道路にゲートあり（車両通行止め・季節閉鎖の可能性）、林道からの入口（マイカー進入可否を要確認）、公式情報または2情報源での確認が必要",
    "sources": "OpenStreetMap（© OpenStreetMap contributors, ODbL 1.0）Geofabrik japan-latest.osm.pbf 2026-09-23T20:22:04Z node/8088445204 ｜ OpenStreetMap（© OpenStreetMap contributors, ODbL 1.0）Geofabrik japan-latest.osm.pbf 2026-09-23T20:22:04Z node/1400703602（登山道と道路の接続点）",
    "verifiedAt": ""
   }
  },
  {
   "type": "Feature",
   "geometry": {
    "type": "Point",
    "coordinates": [
     135.8334133,
     33.9334508
    ]
   },
   "properties": {
    "id": "TH-n8308945821",
    "kind": "trailhead",
    "name": "（名称未確認）",
    "datum": "WGS84",
    "mountainIds": "748",
    "mountainNames": "玉置山",
    "lists": "関西百名山",
    "routes": "",
    "entryType": "一般道との接続",
    "trailKmToSummit": "玉置山:0.8km",
    "related": "",
    "attributes": "",
    "status": "candidate",
    "accuracyM": 30,
    "needsReview": "名称未確認、公式情報または2情報源での確認が必要",
    "sources": "OpenStreetMap（© OpenStreetMap contributors, ODbL 1.0）Geofabrik japan-latest.osm.pbf 2026-09-23T20:22:04Z node/8308945821（登山道と道路の接続点）",
    "verifiedAt": ""
   }
  },
  {
   "type": "Feature",
   "geometry": {
    "type": "Point",
    "coordinates": [
     135.6921697,
     33.7307792
    ]
   },
   "properties": {
    "id": "TH-n8325407889",
    "kind": "trailhead",
    "name": "大塔山登山口（安川林道）",
    "datum": "WGS84",
    "mountainIds": "781",
    "mountainNames": "大塔山",
    "lists": "関西百名山",
    "routes": "",
    "entryType": "道路の終点付近",
    "trailKmToSummit": "大塔山:2.57km",
    "related": "",
    "attributes": "",
    "status": "provisional",
    "accuracyM": 30,
    "needsReview": "林道からの入口（マイカー進入可否を要確認）、公式情報または2情報源での確認が必要",
    "sources": "OpenStreetMap（© OpenStreetMap contributors, ODbL 1.0）Geofabrik japan-latest.osm.pbf 2026-09-23T20:22:04Z node/8325407889（登山道と道路の接続点） ｜ 登山記録で広く使われている登山口（登山記録・登山情報サイトで名称と利用を確認。公式情報では未確認） 2026-09-24確認",
    "verifiedAt": ""
   }
  },
  {
   "type": "Feature",
   "geometry": {
    "type": "Point",
    "coordinates": [
     136.1599109,
     34.5146816
    ]
   },
   "properties": {
    "id": "TH-n8484467947",
    "kind": "trailhead",
    "name": "（名称未確認）曽爾高原バス停付近",
    "datum": "WGS84",
    "mountainIds": "651 656",
    "mountainNames": "倶留尊山、古光山",
    "lists": "日本三百名山|関西百名山|東海の百山",
    "routes": "",
    "entryType": "一般道（県道以上）との接続",
    "trailKmToSummit": "倶留尊山:2.39km 古光山:1.41km",
    "related": "PK-n10001205996(391m) PK-n722515404(419m) BS-kP11-22-29-bs1433(824m)",
    "attributes": "",
    "status": "provisional",
    "accuracyM": 30,
    "needsReview": "名称未確認、公式情報または2情報源での確認が必要",
    "sources": "OpenStreetMap（© OpenStreetMap contributors, ODbL 1.0）Geofabrik japan-latest.osm.pbf 2026-09-23T20:22:04Z node/8484467947（登山道と道路の接続点）",
    "verifiedAt": ""
   }
  },
  {
   "type": "Feature",
   "geometry": {
    "type": "Point",
    "coordinates": [
     135.2667974,
     34.7802133
    ]
   },
   "properties": {
    "id": "TH-n8487738855",
    "kind": "trailhead",
    "name": "（名称未確認）宝殿橋バス停付近",
    "datum": "WGS84",
    "mountainIds": "628",
    "mountainNames": "六甲最高峰",
    "lists": "日本三百名山|関西百名山",
    "routes": "OSM登山道「旧道」",
    "entryType": "一般道（県道以上）との接続",
    "trailKmToSummit": "六甲最高峰:0.37km",
    "related": "PK-w417974977(270m) BS-kP11-22-28-bs6402(820m)",
    "attributes": "",
    "status": "provisional",
    "accuracyM": 30,
    "needsReview": "名称未確認、公式情報または2情報源での確認が必要",
    "sources": "OpenStreetMap（© OpenStreetMap contributors, ODbL 1.0）Geofabrik japan-latest.osm.pbf 2026-09-23T20:22:04Z node/8487738855（登山道と道路の接続点）",
    "verifiedAt": ""
   }
  },
  {
   "type": "Feature",
   "geometry": {
    "type": "Point",
    "coordinates": [
     135.8527546,
     34.5282731
    ]
   },
   "properties": {
    "id": "TH-n930189627",
    "kind": "trailhead",
    "name": "（名称未確認）月山鍛刀塲Ｐ付近",
    "datum": "WGS84",
    "mountainIds": "649",
    "mountainNames": "三輪山",
    "lists": "関西百名山",
    "routes": "OSM登山道「くすり道」、OSM登山道「参道」",
    "entryType": "一般道との接続",
    "trailKmToSummit": "三輪山:1.56km",
    "related": "PK-w1124410592(116m) PK-w592051588(212m) PK-w689281822(427m) BS-kP11-22-29-bs1393(244m) BS-kP11-22-29-bs1397(617m) BS-kP11-22-29-bs1392(934m)",
    "attributes": "",
    "status": "provisional",
    "accuracyM": 30,
    "needsReview": "名称未確認、登山道が道路を横断する地点（途中の入口の可能性）、公式情報または2情報源での確認が必要",
    "sources": "OpenStreetMap（© OpenStreetMap contributors, ODbL 1.0）Geofabrik japan-latest.osm.pbf 2026-09-23T20:22:04Z node/930189627（登山道と道路の接続点）",
    "verifiedAt": ""
   }
  },
  {
   "type": "Feature",
   "geometry": {
    "type": "Point",
    "coordinates": [
     135.9930852,
     35.4911024
    ]
   },
   "properties": {
    "id": "TH-n9388582959",
    "kind": "trailhead",
    "name": "（名称未確認）",
    "datum": "WGS84",
    "mountainIds": "441",
    "mountainNames": "赤坂山",
    "lists": "関西百名山",
    "routes": "",
    "entryType": "道路の終点付近",
    "trailKmToSummit": "赤坂山:6.13km",
    "related": "",
    "attributes": "OSM登山ルート: 高島トレイル",
    "status": "candidate",
    "accuracyM": 30,
    "needsReview": "名称未確認、林道からの入口（マイカー進入可否を要確認）、公式情報または2情報源での確認が必要",
    "sources": "OpenStreetMap（© OpenStreetMap contributors, ODbL 1.0）Geofabrik japan-latest.osm.pbf 2026-09-23T20:22:04Z node/9388582959（登山道と道路の接続点）",
    "verifiedAt": ""
   }
  },
  {
   "type": "Feature",
   "geometry": {
    "type": "Point",
    "coordinates": [
     135.6819385,
     34.4435652
    ]
   },
   "properties": {
    "id": "TH-n9404409834",
    "kind": "trailhead",
    "name": "水越峠",
    "datum": "WGS84",
    "mountainIds": "667 676",
    "mountainNames": "大和葛城山、金剛山",
    "lists": "日本三百名山|関西百名山|日本二百名山",
    "routes": "OSM登山道「ダイヤモンドトレール」",
    "entryType": "峠（道路との接続）",
    "trailKmToSummit": "大和葛城山:2.09km 金剛山:3.67km",
    "related": "PK-w1019662031(302m) PK-w1019662032(311m) PK-w397570279(473m) BS-kP11-22-27-bs4750(305m) BS-kP11-22-27-bs4750(305m)",
    "attributes": "",
    "status": "adopted",
    "accuracyM": 30,
    "needsReview": "登山道が道路を横断する地点（途中の入口の可能性）",
    "sources": "OpenStreetMap（© OpenStreetMap contributors, ODbL 1.0）Geofabrik japan-latest.osm.pbf 2026-09-23T20:22:04Z node/9404409834（登山道と道路の接続点） ｜ 国土地理院 地名検索「水越峠」（34.443557, 135.681764、JGD2011、16m差）2026-09-20確認",
    "verifiedAt": "2026-09-20"
   }
  },
  {
   "type": "Feature",
   "geometry": {
    "type": "Point",
    "coordinates": [
     135.7813539,
     35.1671221
    ]
   },
   "properties": {
    "id": "TH-n9455348397",
    "kind": "trailhead",
    "name": "堂ノ町",
    "datum": "WGS84",
    "mountainIds": "556",
    "mountainNames": "雲取山",
    "lists": "関西百名山",
    "routes": "",
    "entryType": "駐車場・バス停（林道・車道を経由して登山道へ）",
    "trailKmToSummit": "雲取山:3.98km",
    "related": "BS-kP11-22-26-bs1593(4m) BS-kP11-22-26-bs1598(224m) BS-kP11-22-26-bs1588(398m)",
    "attributes": "",
    "status": "provisional",
    "accuracyM": 15,
    "needsReview": "近くの道路にゲートあり（車両通行止め・季節閉鎖の可能性）、林道からの入口（マイカー進入可否を要確認）、公式情報または2情報源での確認が必要",
    "sources": "OpenStreetMap（© OpenStreetMap contributors, ODbL 1.0）Geofabrik japan-latest.osm.pbf 2026-09-23T20:22:04Z node/9455348397 ｜ OpenStreetMap（© OpenStreetMap contributors, ODbL 1.0）Geofabrik japan-latest.osm.pbf 2026-09-23T20:22:04Z node/3780474361（登山道と道路の接続点）",
    "verifiedAt": ""
   }
  },
  {
   "type": "Feature",
   "geometry": {
    "type": "Point",
    "coordinates": [
     135.7825639,
     35.1705384
    ]
   },
   "properties": {
    "id": "TH-n9455348398",
    "kind": "trailhead",
    "name": "花背高原前",
    "datum": "WGS84",
    "mountainIds": "556",
    "mountainNames": "雲取山",
    "lists": "関西百名山",
    "routes": "",
    "entryType": "駐車場・バス停（林道・車道を経由して登山道へ）",
    "trailKmToSummit": "雲取山:3.4km",
    "related": "BS-kP11-22-26-bs1588(7m) BS-kP11-22-26-bs1587(115m) BS-kP11-22-26-bs1583(280m)",
    "attributes": "",
    "status": "provisional",
    "accuracyM": 15,
    "needsReview": "近くの道路にゲートあり（車両通行止め・季節閉鎖の可能性）、林道からの入口（マイカー進入可否を要確認）、公式情報または2情報源での確認が必要",
    "sources": "OpenStreetMap（© OpenStreetMap contributors, ODbL 1.0）Geofabrik japan-latest.osm.pbf 2026-09-23T20:22:04Z node/9455348398 ｜ OpenStreetMap（© OpenStreetMap contributors, ODbL 1.0）Geofabrik japan-latest.osm.pbf 2026-09-23T20:22:04Z node/1368926560（登山道と道路の接続点）",
    "verifiedAt": ""
   }
  },
  {
   "type": "Feature",
   "geometry": {
    "type": "Point",
    "coordinates": [
     136.0311835,
     35.0493716
    ]
   },
   "properties": {
    "id": "TH-n9465428222",
    "kind": "trailhead",
    "name": "三上山登山口（表登山道・御上神社側）",
    "datum": "WGS84",
    "mountainIds": "597",
    "mountainNames": "三上山",
    "lists": "関西百名山",
    "routes": "OSM登山道「三上山表登山道」、OSM登山道「裏道」",
    "entryType": "一般道との接続",
    "trailKmToSummit": "三上山:0.76km",
    "related": "PK-g3505001_13602738(354m) BS-kP11-22-25-bs1986(175m) BS-kP11-22-25-bs2005(389m) BS-kP11-22-25-bs1968(483m)",
    "attributes": "parking=登山者は御上神社駐車場（国道8号沿い）を利用する（野洲市）; restriction=裏登山道の三上山登山口駐車場（天保義民碑前）は令和4年4月1日から閉鎖。道幅が狭く、地元の方の生活道路のため（野洲市）",
    "status": "adopted",
    "accuracyM": 15,
    "needsReview": "御上神社駐車場からは「三上山登山口」交差点の横断歩道を使うこと（野洲市）、登山口の柵はイノシシの獣害対策のためのもので、通行後は必ず閉めること（野洲市）",
    "sources": "OpenStreetMap（© OpenStreetMap contributors, ODbL 1.0）Geofabrik japan-latest.osm.pbf 2026-09-23T20:22:04Z node/9465428222（登山道と道路の接続点） ｜ 公式情報: https://www.city.yasu.lg.jp/soshiki/keizai/oshirase/1585294796705.html",
    "verifiedAt": "2026-09-24"
   }
  },
  {
   "type": "Feature",
   "geometry": {
    "type": "Point",
    "coordinates": [
     135.6385362,
     34.3938107
    ]
   },
   "properties": {
    "id": "TH-n9499610363",
    "kind": "trailhead",
    "name": "石見川",
    "datum": "WGS84",
    "mountainIds": "676",
    "mountainNames": "金剛山",
    "lists": "日本二百名山|日本三百名山|関西百名山",
    "routes": "OSM登山道「林道地獄谷線」",
    "entryType": "駐車場・バス停（林道・車道を経由して登山道へ）",
    "trailKmToSummit": "金剛山:8.46km",
    "related": "BS-n9499610363(0m)",
    "attributes": "",
    "status": "provisional",
    "accuracyM": 15,
    "needsReview": "公式情報または2情報源での確認が必要",
    "sources": "OpenStreetMap（© OpenStreetMap contributors, ODbL 1.0）Geofabrik japan-latest.osm.pbf 2026-09-23T20:22:04Z node/9499610363 ｜ OpenStreetMap（© OpenStreetMap contributors, ODbL 1.0）Geofabrik japan-latest.osm.pbf 2026-09-23T20:22:04Z node/1576736810（登山道と道路の接続点）",
    "verifiedAt": ""
   }
  },
  {
   "type": "Feature",
   "geometry": {
    "type": "Point",
    "coordinates": [
     134.724907,
     34.996814
    ]
   },
   "properties": {
    "id": "TH-osm-n2246853541",
    "kind": "trailhead",
    "name": "里山公園なぐさの森（福崎町立青少年野外活動センター・七種山登山口）",
    "datum": "WGS84",
    "mountainIds": "603",
    "mountainNames": "七種山",
    "lists": "関西百名山",
    "routes": "",
    "entryType": "公式情報による登山口",
    "trailKmToSummit": "",
    "related": "PK-w216781746(62m) PK-w216781744(71m) PK-w216781749(93m) BS-kP11-22-28-bs2839(972m)",
    "attributes": "parking=里山公園なぐさの森駐車場 10台（福崎町観光協会）; course=野外活動センターから作門寺山門駐車場まで約2km（約30分）。小滝林道駐車場まで約3km（約50分）、そこから七種山山頂まで約1.5km（約60分）（福崎町観光協会）; access=中国自動車道福崎ICから約8km（約15分）。JR播但線福崎駅から約6km（福崎町観光協会）",
    "status": "adopted",
    "accuracyM": 150,
    "needsReview": "登山ポストは野外活動センター入り口前にある（福崎町観光協会）、七種槍（577.3m）を経る尾根のコースは、尾根の幅が狭く切り立ったところや岩場がある（福崎町観光協会）",
    "sources": "OpenStreetMap（© OpenStreetMap contributors, ODbL 1.0）node/2246853541「福崎町青少年野外活動センター」の位置（34.996814, 134.724907）、標高149.9m（国土地理院 標高API）2026-09-26確認 ｜ 公式情報: https://fukusakikankou.jp/wp-content/uploads/2024/04/%E4%B8%83%E7%A8%AE%E5%B1%B1%E7%99%BB%E5%B1%B1%E3%83%9E%E3%83%83%E3%83%97.pdf ｜ 公式情報: https://fukusaki-mountain.com/hiking-trail/4286/",
    "verifiedAt": "2026-09-26"
   }
  },
  {
   "type": "Feature",
   "geometry": {
    "type": "Point",
    "coordinates": [
     135.791844,
     35.386877
    ]
   },
   "properties": {
    "id": "TH-osm-n3735361545",
    "kind": "trailhead",
    "name": "おにゅう峠（百里ヶ岳）",
    "datum": "WGS84",
    "mountainIds": "485",
    "mountainNames": "百里ヶ岳",
    "lists": "関西百名山",
    "routes": "",
    "entryType": "登山記録で広く使われている登山口",
    "trailKmToSummit": "",
    "related": "",
    "attributes": "",
    "status": "provisional",
    "accuracyM": 100,
    "needsReview": "",
    "sources": "OpenStreetMap（© OpenStreetMap contributors, ODbL 1.0）node/3735361545（おにゅう峠） ｜ 登山記録で広く使われている登山口（登山記録・登山情報サイトで名称と利用を確認。公式情報では未確認） 2026-09-24確認",
    "verifiedAt": ""
   }
  },
  {
   "type": "Feature",
   "geometry": {
    "type": "Point",
    "coordinates": [
     136.402833,
     35.34479
    ]
   },
   "properties": {
    "id": "TH-osm-n3999594681",
    "kind": "trailhead",
    "name": "JR柏原駅（霊仙山 柏原登山口へ徒歩約15分）",
    "datum": "WGS84",
    "mountainIds": "518",
    "mountainNames": "霊仙山",
    "lists": "関西百名山|東海の百山",
    "routes": "柏原登山道",
    "entryType": "公式情報による登山口",
    "trailKmToSummit": "",
    "related": "PK-w1373708154(212m) BS-kP11-22-25-bs487(198m) BS-kP11-22-25-bs500(315m) BS-kP11-22-25-bs507(540m)",
    "attributes": "access=柏原登山口はJR柏原駅から徒歩約15分（米原市）",
    "status": "adopted",
    "accuracyM": 30,
    "needsReview": "登山口付近に駐車場はない。いぼとり公園駐車場（無料）や養鱒センターきたがわ（有料・要予約）を案内している（米原市）、山中にトイレはない。ドリーネ（穴）がいたるところにあり、登山道以外のルートは穴に転落の恐れがあり危険（米原市）、上丹生登山口からの谷山谷登山道と、河内登山口から四丁横崖までの河内登山道は通行できない（米原市）",
    "sources": "OpenStreetMap（© OpenStreetMap contributors, ODbL 1.0）node/3999594681（柏原駅） ｜ 公式情報: https://www.city.maibara.lg.jp/soshiki/keizai_kankyo/shoko_kanko/kanko_info/spot/3487.html",
    "verifiedAt": "2026-09-24"
   }
  },
  {
   "type": "Feature",
   "geometry": {
    "type": "Point",
    "coordinates": [
     135.444814,
     34.911591
    ]
   },
   "properties": {
    "id": "TH-osm-n7829132218",
    "kind": "trailhead",
    "name": "妙見口駅（妙見山 初谷渓谷・上杉尾根コース）",
    "datum": "WGS84",
    "mountainIds": "615",
    "mountainNames": "妙見山",
    "lists": "関西百名山",
    "routes": "",
    "entryType": "登山記録で広く使われている登山口",
    "trailKmToSummit": "",
    "related": "PK-w219964746(67m) PK-w219964747(312m) BS-kP11-22-27-bs89(38m) BS-n2169857373(140m) BS-kP11-22-27-bs92(149m)",
    "attributes": "",
    "status": "provisional",
    "accuracyM": 30,
    "needsReview": "",
    "sources": "OpenStreetMap（© OpenStreetMap contributors, ODbL 1.0）node/7829132218（妙見口駅） ｜ 登山記録で広く使われている登山口（登山記録・登山情報サイトで名称と利用を確認。公式情報では未確認） 2026-09-24確認",
    "verifiedAt": ""
   }
  },
  {
   "type": "Feature",
   "geometry": {
    "type": "Point",
    "coordinates": [
     134.834575,
     35.037888
    ]
   },
   "properties": {
    "id": "TH-osm-w278201423",
    "kind": "trailhead",
    "name": "笠形山登山口駐車場（笠形神社コース）",
    "datum": "WGS84",
    "mountainIds": "591",
    "mountainNames": "笠形山",
    "lists": "関西百名山",
    "routes": "",
    "entryType": "登山記録で広く使われている登山口",
    "trailKmToSummit": "",
    "related": "PK-g3503789_13483458(0m) BS-kP11-22-28-bs2561(17m) BS-kP11-22-28-bs2559(22m) BS-kP11-22-28-bs2574(150m)",
    "attributes": "",
    "status": "provisional",
    "accuracyM": 50,
    "needsReview": "",
    "sources": "OpenStreetMap（© OpenStreetMap contributors, ODbL 1.0）way/278201423（笠形山登山口 駐車場） ｜ 登山記録で広く使われている登山口（登山記録・登山情報サイトで名称と利用を確認。公式情報では未確認） 2026-09-24確認",
    "verifiedAt": ""
   }
  },
  {
   "type": "Feature",
   "geometry": {
    "type": "Point",
    "coordinates": [
     135.1139295,
     34.6475158
    ]
   },
   "properties": {
    "id": "TH-w1091185297",
    "kind": "trailhead",
    "name": "三井のリパーク",
    "datum": "WGS84",
    "mountainIds": "637",
    "mountainNames": "横尾山",
    "lists": "関西百名山",
    "routes": "",
    "entryType": "駐車場・バス停（林道・車道を経由して登山道へ）",
    "trailKmToSummit": "横尾山:3.07km",
    "related": "PK-w1091185297(0m) PK-w1091161977(101m) PK-w692647133(190m) BS-kP11-22-28-bs9547(397m) BS-n8254718302(407m) BS-kP11-22-28-bs9573(409m)",
    "attributes": "",
    "status": "provisional",
    "accuracyM": 15,
    "needsReview": "近くの道路にゲートあり（車両通行止め・季節閉鎖の可能性）、公式情報または2情報源での確認が必要",
    "sources": "OpenStreetMap（© OpenStreetMap contributors, ODbL 1.0）Geofabrik japan-latest.osm.pbf 2026-09-23T20:22:04Z way/1091185297 ｜ OpenStreetMap（© OpenStreetMap contributors, ODbL 1.0）Geofabrik japan-latest.osm.pbf 2026-09-23T20:22:04Z node/5537867985（登山道と道路の接続点）",
    "verifiedAt": ""
   }
  },
  {
   "type": "Feature",
   "geometry": {
    "type": "Point",
    "coordinates": [
     136.4675195,
     35.1870236
    ]
   },
   "properties": {
    "id": "TH-w1122682975",
    "kind": "trailhead",
    "name": "簡易パーキング　ふじわら",
    "datum": "WGS84",
    "mountainIds": "553 555 563 577",
    "mountainNames": "鈴北岳、御池岳、藤原岳、竜ヶ岳",
    "lists": "東海の百山|関西百名山|日本三百名山",
    "routes": "",
    "entryType": "駐車場・バス停（林道・車道を経由して登山道へ）",
    "trailKmToSummit": "鈴北岳:6.99km 御池岳:6.45km 藤原岳:6.96km 竜ヶ岳:13.45km",
    "related": "PK-w1122682975(0m) PK-w1122682982(36m)",
    "attributes": "",
    "status": "provisional",
    "accuracyM": 15,
    "needsReview": "林道からの入口（マイカー進入可否を要確認）、公式情報または2情報源での確認が必要",
    "sources": "OpenStreetMap（© OpenStreetMap contributors, ODbL 1.0）Geofabrik japan-latest.osm.pbf 2026-09-23T20:22:04Z way/1122682975 ｜ OpenStreetMap（© OpenStreetMap contributors, ODbL 1.0）Geofabrik japan-latest.osm.pbf 2026-09-23T20:22:04Z node/1410024093（登山道と道路の接続点）",
    "verifiedAt": ""
   }
  },
  {
   "type": "Feature",
   "geometry": {
    "type": "Point",
    "coordinates": [
     136.4107806,
     35.2030261
    ]
   },
   "properties": {
    "id": "TH-w1122861027",
    "kind": "trailhead",
    "name": "鞍掛峠（滋賀県側）駐車場",
    "datum": "WGS84",
    "mountainIds": "553 555 563 577",
    "mountainNames": "鈴北岳、御池岳、藤原岳、竜ヶ岳",
    "lists": "東海の百山|関西百名山|日本三百名山",
    "routes": "",
    "entryType": "駐車場・バス停（林道・車道を経由して登山道へ）",
    "trailKmToSummit": "鈴北岳:3.05km 御池岳:4.43km 藤原岳:9.88km 竜ヶ岳:16.37km",
    "related": "PK-w1122861027(0m)",
    "attributes": "",
    "status": "adopted",
    "accuracyM": 15,
    "needsReview": "林道からの入口（マイカー進入可否を要確認）、採用の根拠: OSMの登山口名と、地理院地図の徒歩道が道路から始まる位置の一致（公式情報では未確認）",
    "sources": "OpenStreetMap（© OpenStreetMap contributors, ODbL 1.0）Geofabrik japan-latest.osm.pbf 2026-09-23T20:22:04Z way/1122861027 ｜ OpenStreetMap（© OpenStreetMap contributors, ODbL 1.0）Geofabrik japan-latest.osm.pbf 2026-09-23T20:22:04Z node/1378302271（登山道と道路の接続点） ｜ 国土地理院ベクトルタイル提供実験 地理院地図の徒歩道の起点（35.203159, 136.410826、JGD2011、15m差）2026-09-24確認",
    "verifiedAt": ""
   }
  },
  {
   "type": "Feature",
   "geometry": {
    "type": "Point",
    "coordinates": [
     134.8083012,
     34.8153465
    ]
   },
   "properties": {
    "id": "TH-w1150059209",
    "kind": "trailhead",
    "name": "こども療育センター駐車場",
    "datum": "WGS84",
    "mountainIds": "624",
    "mountainNames": "高御位山",
    "lists": "関西百名山",
    "routes": "",
    "entryType": "駐車場・バス停（林道・車道を経由して登山道へ）",
    "trailKmToSummit": "高御位山:2.24km",
    "related": "PK-w1150059209(0m) PK-w1075798839(373m) BS-kP11-22-28-bs5509(27m) BS-kP11-22-28-bs5504(59m) BS-kP11-22-28-bs5574(355m)",
    "attributes": "",
    "status": "provisional",
    "accuracyM": 15,
    "needsReview": "林道からの入口（マイカー進入可否を要確認）、公式情報または2情報源での確認が必要",
    "sources": "OpenStreetMap（© OpenStreetMap contributors, ODbL 1.0）Geofabrik japan-latest.osm.pbf 2026-09-23T20:22:04Z way/1150059209 ｜ OpenStreetMap（© OpenStreetMap contributors, ODbL 1.0）Geofabrik japan-latest.osm.pbf 2026-09-23T20:22:04Z node/1668473534（登山道と道路の接続点）",
    "verifiedAt": ""
   }
  },
  {
   "type": "Feature",
   "geometry": {
    "type": "Point",
    "coordinates": [
     135.2161558,
     34.719896
    ]
   },
   "properties": {
    "id": "TH-w128992066",
    "kind": "trailhead",
    "name": "摩耶ケーブル駅（まやビューライン）",
    "datum": "WGS84",
    "mountainIds": "633",
    "mountainNames": "摩耶山",
    "lists": "関西百名山",
    "routes": "OSM登山道「上野道」",
    "entryType": "索道駅（ロープウェイ・ゴンドラ）",
    "trailKmToSummit": "摩耶山:2.15km",
    "related": "PK-w990863122(136m) PK-w463575062(369m) PK-w463575065(425m) BS-kP11-22-28-bs8033(21m) BS-kP11-22-28-bs8033(21m) BS-kP11-22-28-bs8033(21m)",
    "attributes": "cable=まやビューライン（ケーブル＋ロープウェー）で山麓から山上へ",
    "status": "adopted",
    "accuracyM": 15,
    "needsReview": "近くの道路にゲートあり（車両通行止め・季節閉鎖の可能性）、まやビューラインは摩耶山の山麓〜山上をケーブルカーとロープウェーで結ぶ（神戸市）、神戸市は六甲山系登山道の通行止め・通行注意の情報を公開している（神戸市）",
    "sources": "OpenStreetMap（© OpenStreetMap contributors, ODbL 1.0）Geofabrik japan-latest.osm.pbf 2026-09-23T20:22:04Z way/128992066（索道の端点 node/1942590681） ｜ 国土地理院 地名検索「摩耶ケーブル駅」（34.720061, 135.216102、JGD2011、19m差）2026-09-20確認 ｜ 公式情報: https://kobe-rokko.jp/ ｜ 公式情報: https://www.feel-kobe.jp/area-guide/rokko-maya/ ｜ 公式情報: https://www.city.kobe.lg.jp/a17526/kanko/leisure/mountain/index.html",
    "verifiedAt": "2026-09-20"
   }
  },
  {
   "type": "Feature",
   "geometry": {
    "type": "Point",
    "coordinates": [
     136.4217344,
     35.0204367
    ]
   },
   "properties": {
    "id": "TH-w1417487193",
    "kind": "trailhead",
    "name": "カモシカ駅",
    "datum": "WGS84",
    "mountainIds": "585 589 595 601 602",
    "mountainNames": "三池岳、釈迦ヶ岳、尾高山、雨乞岳、御在所岳",
    "lists": "東海の百山|日本二百名山|日本三百名山|関西百名山",
    "routes": "OSM登山道「御在所岳 中登山道」、OSM登山道「御在所岳一ノ谷新道」",
    "entryType": "索道駅（ロープウェイ・ゴンドラ）",
    "trailKmToSummit": "三池岳:10.95km 釈迦ヶ岳:7.74km 尾高山:10.75km 雨乞岳:5.6km 御在所岳:0.42km",
    "related": "",
    "attributes": "",
    "status": "provisional",
    "accuracyM": 15,
    "needsReview": "公式情報または2情報源での確認が必要",
    "sources": "OpenStreetMap（© OpenStreetMap contributors, ODbL 1.0）Geofabrik japan-latest.osm.pbf 2026-09-23T20:22:04Z way/1417487193（索道の端点 node/13026217624） ｜ 国土地理院 地名検索「山上公園駅」（35.019519, 136.424520、JGD2011、273m差）2026-09-20確認",
    "verifiedAt": "2026-09-20"
   }
  },
  {
   "type": "Feature",
   "geometry": {
    "type": "Point",
    "coordinates": [
     136.4217344,
     35.0204367
    ]
   },
   "properties": {
    "id": "TH-w1417487193-2",
    "kind": "trailhead",
    "name": "頂上駅",
    "datum": "WGS84",
    "mountainIds": "607 609 611 612",
    "mountainNames": "鎌ヶ岳、入道ヶ岳、宮指路岳、仙ヶ岳",
    "lists": "関西百名山|東海の百山",
    "routes": "",
    "entryType": "索道駅（ロープウェイ・ゴンドラ）",
    "trailKmToSummit": "鎌ヶ岳:5.5km 入道ヶ岳:10.68km 宮指路岳:11.15km 仙ヶ岳:13.01km",
    "related": "",
    "attributes": "",
    "status": "provisional",
    "accuracyM": 15,
    "needsReview": "公式情報または2情報源での確認が必要",
    "sources": "OpenStreetMap（© OpenStreetMap contributors, ODbL 1.0）Geofabrik japan-latest.osm.pbf 2026-09-23T20:22:04Z way/1417487193（索道の端点 node/13026217624） ｜ 国土地理院 地名検索「山上公園駅」（35.019519, 136.424520、JGD2011、273m差）2026-09-20確認",
    "verifiedAt": "2026-09-20"
   }
  },
  {
   "type": "Feature",
   "geometry": {
    "type": "Point",
    "coordinates": [
     134.3989902,
     35.1754081
    ]
   },
   "properties": {
    "id": "TH-w166691796",
    "kind": "trailhead",
    "name": "船木山登山口 駐車場",
    "datum": "WGS84",
    "mountainIds": "554",
    "mountainNames": "後山",
    "lists": "中国百名山",
    "routes": "",
    "entryType": "駐車場・バス停（林道・車道を経由して登山道へ）",
    "trailKmToSummit": "後山:2.55km",
    "related": "PK-w166691796(0m) PK-w179944053(371m)",
    "attributes": "",
    "status": "provisional",
    "accuracyM": 15,
    "needsReview": "公式情報または2情報源での確認が必要",
    "sources": "OpenStreetMap（© OpenStreetMap contributors, ODbL 1.0）Geofabrik japan-latest.osm.pbf 2026-09-23T20:22:04Z way/166691796 ｜ OpenStreetMap（© OpenStreetMap contributors, ODbL 1.0）Geofabrik japan-latest.osm.pbf 2026-09-23T20:22:04Z node/5958156757（登山道と道路の接続点）",
    "verifiedAt": ""
   }
  },
  {
   "type": "Feature",
   "geometry": {
    "type": "Point",
    "coordinates": [
     134.4020343,
     35.1731813
    ]
   },
   "properties": {
    "id": "TH-w179944053",
    "kind": "trailhead",
    "name": "後山駐車場",
    "datum": "WGS84",
    "mountainIds": "554",
    "mountainNames": "後山",
    "lists": "中国百名山",
    "routes": "",
    "entryType": "駐車場・バス停（林道・車道を経由して登山道へ）",
    "trailKmToSummit": "後山:3.25km",
    "related": "PK-w179944053(0m) PK-w166691796(371m)",
    "attributes": "",
    "status": "provisional",
    "accuracyM": 15,
    "needsReview": "林道からの入口（マイカー進入可否を要確認）、公式情報または2情報源での確認が必要",
    "sources": "OpenStreetMap（© OpenStreetMap contributors, ODbL 1.0）Geofabrik japan-latest.osm.pbf 2026-09-23T20:22:04Z way/179944053 ｜ OpenStreetMap（© OpenStreetMap contributors, ODbL 1.0）Geofabrik japan-latest.osm.pbf 2026-09-23T20:22:04Z node/5958296648（登山道と道路の接続点）",
    "verifiedAt": ""
   }
  },
  {
   "type": "Feature",
   "geometry": {
    "type": "Point",
    "coordinates": [
     135.2141854,
     34.7232143
    ]
   },
   "properties": {
    "id": "TH-w183841007",
    "kind": "trailhead",
    "name": "虹の駅（まやビューライン）",
    "datum": "WGS84",
    "mountainIds": "633",
    "mountainNames": "摩耶山",
    "lists": "関西百名山",
    "routes": "OSM登山道「上野道」",
    "entryType": "索道駅（ロープウェイ・ゴンドラ）",
    "trailKmToSummit": "摩耶山:1.64km",
    "related": "PK-w422533781(396m) PK-w645499534(479m) BS-kP11-22-28-bs8033(430m) BS-kP11-22-28-bs8033(430m) BS-kP11-22-28-bs8033(430m)",
    "attributes": "",
    "status": "adopted",
    "accuracyM": 15,
    "needsReview": "近くの道路にゲートあり（車両通行止め・季節閉鎖の可能性）、まやビューラインのケーブルとロープウェーの乗換駅（神戸市）",
    "sources": "OpenStreetMap（© OpenStreetMap contributors, ODbL 1.0）Geofabrik japan-latest.osm.pbf 2026-09-23T20:22:04Z way/183841007（索道の端点 node/1424057792） ｜ 公式情報: https://kobe-rokko.jp/ ｜ 公式情報: https://www.feel-kobe.jp/area-guide/rokko-maya/",
    "verifiedAt": "2026-09-20"
   }
  },
  {
   "type": "Feature",
   "geometry": {
    "type": "Point",
    "coordinates": [
     135.8439356,
     35.0665462
    ]
   },
   "properties": {
    "id": "TH-w24925988",
    "kind": "trailhead",
    "name": "ケーブル坂本駅（坂本ケーブル・比叡山 本坂方面）",
    "datum": "WGS84",
    "mountainIds": "590",
    "mountainNames": "比叡山",
    "lists": "日本三百名山|関西百名山",
    "routes": "",
    "entryType": "索道駅（ロープウェイ・ゴンドラ）",
    "trailKmToSummit": "比叡山:1.0km",
    "related": "PK-w403291882(442m) PK-w405796388(447m) PK-w403442664(488m) BS-kP11-22-25-bs1841(157m) BS-kP11-22-25-bs1841(157m) BS-kP11-22-25-bs1842(157m)",
    "attributes": "",
    "status": "adopted",
    "accuracyM": 15,
    "needsReview": "近くの道路にゲートあり（車両通行止め・季節閉鎖の可能性）、坂本ケーブル（比叡山鉄道）はケーブル坂本駅〜ケーブル延暦寺駅を約11分で結ぶ（比叡山鉄道・滋賀県）、公式情報の名称と、地理院地図で徒歩道が道路から始まる位置（42m差）が一致",
    "sources": "OpenStreetMap（© OpenStreetMap contributors, ODbL 1.0）Geofabrik japan-latest.osm.pbf 2026-09-23T20:22:04Z way/24925988（索道の端点 node/270866403） ｜ 公式情報: https://sakamoto-cable.jp/ ｜ 公式情報: https://www.biwako-visitors.jp/spot/detail/1869/ ｜ 国土地理院ベクトルタイル提供実験 地理院地図の徒歩道の起点（35.066715, 135.843527、JGD2011、42m差）2026-09-21確認",
    "verifiedAt": "2026-09-20"
   }
  },
  {
   "type": "Feature",
   "geometry": {
    "type": "Point",
    "coordinates": [
     135.2059232,
     34.7336647
    ]
   },
   "properties": {
    "id": "TH-w283112929",
    "kind": "trailhead",
    "name": "（名称未確認）摩耶ロープウェイ山上駅バス停付近",
    "datum": "WGS84",
    "mountainIds": "633",
    "mountainNames": "摩耶山",
    "lists": "関西百名山",
    "routes": "",
    "entryType": "索道駅（ロープウェイ・ゴンドラ）",
    "trailKmToSummit": "摩耶山:0.12km",
    "related": "BS-kP11-22-28-bs7578(59m) BS-kP11-22-28-bs7578(59m) BS-kP11-22-28-bs7578(59m)",
    "attributes": "",
    "status": "provisional",
    "accuracyM": 15,
    "needsReview": "名称未確認、公式情報または2情報源での確認が必要",
    "sources": "OpenStreetMap（© OpenStreetMap contributors, ODbL 1.0）Geofabrik japan-latest.osm.pbf 2026-09-23T20:22:04Z way/283112929（索道の端点 node/2870284034） ｜ 国土地理院 地名検索「星の駅」（34.733705, 135.206330、JGD2011、37m差）2026-09-20確認",
    "verifiedAt": "2026-09-20"
   }
  },
  {
   "type": "Feature",
   "geometry": {
    "type": "Point",
    "coordinates": [
     134.3829283,
     35.2172463
    ]
   },
   "properties": {
    "id": "TH-w300394411",
    "kind": "trailhead",
    "name": "（名称未確認）第2ペアリフト付近",
    "datum": "WGS84",
    "mountainIds": "554",
    "mountainNames": "後山",
    "lists": "中国百名山",
    "routes": "",
    "entryType": "索道駅（ロープウェイ・ゴンドラ）",
    "trailKmToSummit": "後山:5.82km",
    "related": "",
    "attributes": "",
    "status": "provisional",
    "accuracyM": 15,
    "needsReview": "名称未確認、公式情報または2情報源での確認が必要",
    "sources": "OpenStreetMap（© OpenStreetMap contributors, ODbL 1.0）Geofabrik japan-latest.osm.pbf 2026-09-23T20:22:04Z way/300394411（索道の端点 node/3044768150）",
    "verifiedAt": ""
   }
  },
  {
   "type": "Feature",
   "geometry": {
    "type": "Point",
    "coordinates": [
     135.46457,
     34.9274066
    ]
   },
   "properties": {
    "id": "TH-w301750772",
    "kind": "trailhead",
    "name": "妙見の森リフト(廃線)",
    "datum": "WGS84",
    "mountainIds": "615",
    "mountainNames": "妙見山",
    "lists": "関西百名山",
    "routes": "",
    "entryType": "索道駅（ロープウェイ・ゴンドラ）",
    "trailKmToSummit": "妙見山:0.3km",
    "related": "PK-w207202978(349m)",
    "attributes": "",
    "status": "provisional",
    "accuracyM": 15,
    "needsReview": "公式情報または2情報源での確認が必要",
    "sources": "OpenStreetMap（© OpenStreetMap contributors, ODbL 1.0）Geofabrik japan-latest.osm.pbf 2026-09-23T20:22:04Z way/301750772（索道の端点 node/3058697231）",
    "verifiedAt": ""
   }
  },
  {
   "type": "Feature",
   "geometry": {
    "type": "Point",
    "coordinates": [
     135.4596726,
     34.924122
    ]
   },
   "properties": {
    "id": "TH-w301750772-2",
    "kind": "trailhead",
    "name": "妙見の森リフト(廃線)",
    "datum": "WGS84",
    "mountainIds": "615",
    "mountainNames": "妙見山",
    "lists": "関西百名山",
    "routes": "",
    "entryType": "索道駅（ロープウェイ・ゴンドラ）",
    "trailKmToSummit": "妙見山:1.06km",
    "related": "BS-n1264700792(913m) BS-kP11-22-28-bs3692(951m) BS-kP11-22-28-bs3692(951m)",
    "attributes": "",
    "status": "provisional",
    "accuracyM": 15,
    "needsReview": "公式情報または2情報源での確認が必要",
    "sources": "OpenStreetMap（© OpenStreetMap contributors, ODbL 1.0）Geofabrik japan-latest.osm.pbf 2026-09-23T20:22:04Z way/301750772（索道の端点 node/3058697180）",
    "verifiedAt": ""
   }
  },
  {
   "type": "Feature",
   "geometry": {
    "type": "Point",
    "coordinates": [
     135.6803904,
     34.6793974
    ]
   },
   "properties": {
    "id": "TH-w30432374",
    "kind": "trailhead",
    "name": "近畿日本鉄道生駒鋼索線",
    "datum": "WGS84",
    "mountainIds": "635",
    "mountainNames": "生駒山",
    "lists": "関西百名山",
    "routes": "",
    "entryType": "索道駅（ロープウェイ・ゴンドラ）",
    "trailKmToSummit": "生駒山:0.26km",
    "related": "PK-w200291034(238m) BS-kP11-22-29-bs432(913m)",
    "attributes": "",
    "status": "provisional",
    "accuracyM": 15,
    "needsReview": "近くの道路にゲートあり（車両通行止め・季節閉鎖の可能性）、公式情報または2情報源での確認が必要",
    "sources": "OpenStreetMap（© OpenStreetMap contributors, ODbL 1.0）Geofabrik japan-latest.osm.pbf 2026-09-23T20:22:04Z way/30432374（索道の端点 node/335847609）",
    "verifiedAt": ""
   }
  },
  {
   "type": "Feature",
   "geometry": {
    "type": "Point",
    "coordinates": [
     135.687822,
     34.683993
    ]
   },
   "properties": {
    "id": "TH-w30432381",
    "kind": "trailhead",
    "name": "近畿日本鉄道生駒鋼索線",
    "datum": "WGS84",
    "mountainIds": "635",
    "mountainNames": "生駒山",
    "lists": "関西百名山",
    "routes": "OSM登山道「参道」",
    "entryType": "索道駅（ロープウェイ・ゴンドラ）",
    "trailKmToSummit": "生駒山:1.08km",
    "related": "PK-w1124754569(28m) PK-w1124754571(38m) PK-w1124754580(55m) BS-kP11-22-29-bs432(192m) BS-kP11-22-29-bs393(193m) BS-kP11-22-29-bs379(344m)",
    "attributes": "",
    "status": "provisional",
    "accuracyM": 15,
    "needsReview": "近くの道路にゲートあり（車両通行止め・季節閉鎖の可能性）、公式情報または2情報源での確認が必要",
    "sources": "OpenStreetMap（© OpenStreetMap contributors, ODbL 1.0）Geofabrik japan-latest.osm.pbf 2026-09-23T20:22:04Z way/30432381（索道の端点 node/335847619） ｜ 国土地理院 地名検索「梅屋敷駅」（34.683032, 135.686772、JGD2011、143m差）2026-09-20確認",
    "verifiedAt": "2026-09-20"
   }
  },
  {
   "type": "Feature",
   "geometry": {
    "type": "Point",
    "coordinates": [
     135.8275828,
     35.0644395
    ]
   },
   "properties": {
    "id": "TH-w356938602",
    "kind": "trailhead",
    "name": "叡山ロープウェイ",
    "datum": "WGS84",
    "mountainIds": "590",
    "mountainNames": "比叡山",
    "lists": "日本三百名山|関西百名山",
    "routes": "",
    "entryType": "索道駅（ロープウェイ・ゴンドラ）",
    "trailKmToSummit": "比叡山:0.47km",
    "related": "PK-w55072277(439m) BS-kP11-22-26-bs1898(431m) BS-kP11-22-26-bs1898(431m) BS-kP11-22-26-bs1899(431m)",
    "attributes": "OSM登山ルート: 京都一周トレイル北山コース 1:7",
    "status": "provisional",
    "accuracyM": 15,
    "needsReview": "近くの道路にゲートあり（車両通行止め・季節閉鎖の可能性）、公式情報または2情報源での確認が必要",
    "sources": "OpenStreetMap（© OpenStreetMap contributors, ODbL 1.0）Geofabrik japan-latest.osm.pbf 2026-09-23T20:22:04Z way/356938602（索道の端点 node/3623376762）",
    "verifiedAt": ""
   }
  },
  {
   "type": "Feature",
   "geometry": {
    "type": "Point",
    "coordinates": [
     135.6768576,
     34.4442748
    ]
   },
   "properties": {
    "id": "TH-w397570279",
    "kind": "trailhead",
    "name": "水越無料駐車場",
    "datum": "WGS84",
    "mountainIds": "676",
    "mountainNames": "金剛山",
    "lists": "日本二百名山|日本三百名山|関西百名山",
    "routes": "OSM登山道「太尾東尾根」、OSM登山道「青崩道」",
    "entryType": "駐車場・バス停（林道・車道を経由して登山道へ）",
    "trailKmToSummit": "金剛山:3.18km",
    "related": "PK-w397570279(0m) PK-w1019662032(208m) PK-w1019662031(228m) BS-kP11-22-27-bs4750(235m) BS-kP11-22-27-bs4750(235m) BS-kP11-22-27-bs4702(977m)",
    "attributes": "",
    "status": "provisional",
    "accuracyM": 15,
    "needsReview": "公式情報または2情報源での確認が必要",
    "sources": "OpenStreetMap（© OpenStreetMap contributors, ODbL 1.0）Geofabrik japan-latest.osm.pbf 2026-09-23T20:22:04Z way/397570279 ｜ OpenStreetMap（© OpenStreetMap contributors, ODbL 1.0）Geofabrik japan-latest.osm.pbf 2026-09-23T20:22:04Z node/3998532839（登山道と道路の接続点）",
    "verifiedAt": ""
   }
  },
  {
   "type": "Feature",
   "geometry": {
    "type": "Point",
    "coordinates": [
     134.5381,
     35.3998587
    ]
   },
   "properties": {
    "id": "TH-w449142605",
    "kind": "trailhead",
    "name": "マロニエペアリフト",
    "datum": "WGS84",
    "mountainIds": "483",
    "mountainNames": "鉢伏山",
    "lists": "関西百名山",
    "routes": "",
    "entryType": "索道駅（ロープウェイ・ゴンドラ）",
    "trailKmToSummit": "鉢伏山:0.8km",
    "related": "",
    "attributes": "",
    "status": "provisional",
    "accuracyM": 15,
    "needsReview": "公式情報または2情報源での確認が必要",
    "sources": "OpenStreetMap（© OpenStreetMap contributors, ODbL 1.0）Geofabrik japan-latest.osm.pbf 2026-09-23T20:22:04Z way/449142605（索道の端点 node/4461089392）",
    "verifiedAt": ""
   }
  },
  {
   "type": "Feature",
   "geometry": {
    "type": "Point",
    "coordinates": [
     135.1732519,
     34.71913
    ]
   },
   "properties": {
    "id": "TH-w457422879",
    "kind": "trailhead",
    "name": "再度駐車場",
    "datum": "WGS84",
    "mountainIds": "633",
    "mountainNames": "摩耶山",
    "lists": "関西百名山",
    "routes": "",
    "entryType": "駐車場・バス停（林道・車道を経由して登山道へ）",
    "trailKmToSummit": "摩耶山:4.98km",
    "related": "PK-w457422879(0m) PK-w427371834(379m) BS-kP11-22-28-bs7902(605m) BS-kP11-22-28-bs8149(709m) BS-kP11-22-28-bs8149(709m)",
    "attributes": "",
    "status": "provisional",
    "accuracyM": 15,
    "needsReview": "近くの道路にゲートあり（車両通行止め・季節閉鎖の可能性）、公式情報または2情報源での確認が必要",
    "sources": "OpenStreetMap（© OpenStreetMap contributors, ODbL 1.0）Geofabrik japan-latest.osm.pbf 2026-09-23T20:22:04Z way/457422879 ｜ OpenStreetMap（© OpenStreetMap contributors, ODbL 1.0）Geofabrik japan-latest.osm.pbf 2026-09-23T20:22:04Z node/6437386659（登山道と道路の接続点）",
    "verifiedAt": ""
   }
  },
  {
   "type": "Feature",
   "geometry": {
    "type": "Point",
    "coordinates": [
     135.8321335,
     35.0657524
    ]
   },
   "properties": {
    "id": "TH-w55072277",
    "kind": "trailhead",
    "name": "山頂 四明が嶽 パーキング",
    "datum": "WGS84",
    "mountainIds": "590",
    "mountainNames": "比叡山",
    "lists": "日本三百名山|関西百名山",
    "routes": "",
    "entryType": "駐車場・バス停（林道・車道を経由して登山道へ）",
    "trailKmToSummit": "比叡山:0.26km",
    "related": "PK-w55072277(0m) BS-kP11-22-26-bs1898(16m) BS-kP11-22-26-bs1898(16m) BS-kP11-22-26-bs1899(16m)",
    "attributes": "",
    "status": "provisional",
    "accuracyM": 15,
    "needsReview": "近くの道路にゲートあり（車両通行止め・季節閉鎖の可能性）、公式情報または2情報源での確認が必要",
    "sources": "OpenStreetMap（© OpenStreetMap contributors, ODbL 1.0）Geofabrik japan-latest.osm.pbf 2026-09-23T20:22:04Z way/55072277 ｜ OpenStreetMap（© OpenStreetMap contributors, ODbL 1.0）Geofabrik japan-latest.osm.pbf 2026-09-23T20:22:04Z node/4956079358（登山道と道路の接続点）",
    "verifiedAt": ""
   }
  },
  {
   "type": "Feature",
   "geometry": {
    "type": "Point",
    "coordinates": [
     135.8615708,
     35.0685839
    ]
   },
   "properties": {
    "id": "TH-w572203656",
    "kind": "trailhead",
    "name": "比叡山鉄道",
    "datum": "WGS84",
    "mountainIds": "590",
    "mountainNames": "比叡山",
    "lists": "日本三百名山|関西百名山",
    "routes": "",
    "entryType": "索道駅（ロープウェイ・ゴンドラ）",
    "trailKmToSummit": "比叡山:3.33km",
    "related": "PK-w504920753(126m) PK-w487086184(242m) PK-w434629057(246m) BS-n4326224490(249m) BS-kP11-22-25-bs1810(271m) BS-kP11-22-25-bs1793(565m)",
    "attributes": "",
    "status": "provisional",
    "accuracyM": 15,
    "needsReview": "近くの道路にゲートあり（車両通行止め・季節閉鎖の可能性）、公式情報または2情報源での確認が必要",
    "sources": "OpenStreetMap（© OpenStreetMap contributors, ODbL 1.0）Geofabrik japan-latest.osm.pbf 2026-09-23T20:22:04Z way/572203656（索道の端点 node/270866401） ｜ 国土地理院 地名検索「ほうらい丘駅」（35.068150, 135.861279、JGD2011、55m差）2026-09-20確認",
    "verifiedAt": "2026-09-20"
   }
  },
  {
   "type": "Feature",
   "geometry": {
    "type": "Point",
    "coordinates": [
     136.4539834,
     34.9612433
    ]
   },
   "properties": {
    "id": "TH-w689696996",
    "kind": "trailhead",
    "name": "第１駐車場",
    "datum": "WGS84",
    "mountainIds": "602 607 609 611 612",
    "mountainNames": "御在所岳、鎌ヶ岳、入道ヶ岳、宮指路岳、仙ヶ岳",
    "lists": "日本二百名山|日本三百名山|関西百名山|東海の百山",
    "routes": "",
    "entryType": "駐車場・バス停（林道・車道を経由して登山道へ）",
    "trailKmToSummit": "御在所岳:10.18km 鎌ヶ岳:7.61km 入道ヶ岳:2.49km 宮指路岳:7.02km 仙ヶ岳:8.88km",
    "related": "PK-w689696996(0m) PK-w867671280(208m) BS-kP11-22-24-bs918(185m) BS-kP11-22-24-bs919(185m) BS-kP11-22-24-bs929(319m)",
    "attributes": "",
    "status": "provisional",
    "accuracyM": 15,
    "needsReview": "林道からの入口（マイカー進入可否を要確認）、公式情報または2情報源での確認が必要",
    "sources": "OpenStreetMap（© OpenStreetMap contributors, ODbL 1.0）Geofabrik japan-latest.osm.pbf 2026-09-23T20:22:04Z way/689696996 ｜ OpenStreetMap（© OpenStreetMap contributors, ODbL 1.0）Geofabrik japan-latest.osm.pbf 2026-09-23T20:22:04Z node/1858531291（登山道と道路の接続点）",
    "verifiedAt": ""
   }
  },
  {
   "type": "Feature",
   "geometry": {
    "type": "Point",
    "coordinates": [
     136.1923116,
     35.503566
    ]
   },
   "properties": {
    "id": "TH-w834429510",
    "kind": "trailhead",
    "name": "賤ヶ岳リフト",
    "datum": "WGS84",
    "mountainIds": "447",
    "mountainNames": "賤ヶ岳",
    "lists": "関西百名山|東海の百山",
    "routes": "",
    "entryType": "索道駅（ロープウェイ・ゴンドラ）",
    "trailKmToSummit": "賤ヶ岳:0.3km",
    "related": "BS-kP11-22-25-bs67(576m) BS-kP11-22-25-bs65(756m) BS-kP11-22-25-bs57(759m)",
    "attributes": "",
    "status": "provisional",
    "accuracyM": 15,
    "needsReview": "公式情報または2情報源での確認が必要",
    "sources": "OpenStreetMap（© OpenStreetMap contributors, ODbL 1.0）Geofabrik japan-latest.osm.pbf 2026-09-23T20:22:04Z way/834429510（索道の端点 node/7789248616）",
    "verifiedAt": ""
   }
  },
  {
   "type": "Feature",
   "geometry": {
    "type": "Point",
    "coordinates": [
     134.5341225,
     35.3859224
    ]
   },
   "properties": {
    "id": "TH-w97190003",
    "kind": "trailhead",
    "name": "ハチ高原（鉢伏山登山口）",
    "datum": "WGS84",
    "mountainIds": "483",
    "mountainNames": "鉢伏山",
    "lists": "関西百名山",
    "routes": "",
    "entryType": "索道駅（ロープウェイ・ゴンドラ）",
    "trailKmToSummit": "鉢伏山:2.42km",
    "related": "PK-w74173226(201m) PK-w449142577(376m) PK-w74173233(403m) BS-kP11-22-28-bs899(237m)",
    "attributes": "",
    "status": "provisional",
    "accuracyM": 15,
    "needsReview": "公式情報または2情報源での確認が必要",
    "sources": "OpenStreetMap（© OpenStreetMap contributors, ODbL 1.0）Geofabrik japan-latest.osm.pbf 2026-09-23T20:22:04Z way/97190003（索道の端点 node/1125852409） ｜ 登山記録で広く使われている登山口（登山記録・登山情報サイトで名称と利用を確認。公式情報では未確認） 2026-09-24確認",
    "verifiedAt": ""
   }
  }
 ]
}