id,kind,name,lat,lon,datum,mountainIds,mountainNames,lists,routes,entryType,trailKmToSummit,related,attributes,status,accuracyM,needsReview,sources,verifiedAt
BS-kP11-22-21-bs6237,bus_stop,西山コミュニティ前,35.2643582,136.4413276,WGS84,518,霊仙山,関西百名山|東海の百山,,,,TH-kP11-22-21-bs6237(0m),operator=大垣市; busType=コミュニティバス; busRoutes=多良コース,adopted,10,運行状況（季節運行・休止・予約制）を要確認,"国土数値情報（バス停留所データ）令和4年度（国土交通省）P11-22-21-bs6237（35.264358, 136.441328、JGD2011）を加工して作成",
BS-kP11-22-21-bs6256,bus_stop,西山（延坂）,35.2575053,136.4380792,WGS84,518,霊仙山,関西百名山|東海の百山,,,,TH-kP11-22-21-bs6237(813m),operator=大垣市; busType=コミュニティバス; busRoutes=多良コース,adopted,10,運行状況（季節運行・休止・予約制）を要確認、登山口から離れている（徒歩アプローチを要確認）,"国土数値情報（バス停留所データ）令和4年度（国土交通省）P11-22-21-bs6256（35.257505, 136.438079、JGD2011）を加工して作成",
BS-kP11-22-24-bs636,bus_stop,栃谷,35.018255,136.4601827,WGS84,585 589 595 601 602 607 609 611,三池岳、釈迦ヶ岳、尾高山、雨乞岳、御在所岳、鎌ヶ岳、入道ヶ岳、宮指路岳,東海の百山|日本二百名山|日本三百名山|関西百名山,,,,TH-kP11-22-24-bs636(0m),operator=菰野町; busType=コミュニティバス; busRoutes=10コース＿湯の山神明線（湯の山温泉駅行き）＿1,adopted,10,運行状況（季節運行・休止・予約制）を要確認,"国土数値情報（バス停留所データ）令和4年度（国土交通省）P11-22-24-bs636（35.018255, 136.460183、JGD2011）を加工して作成",
BS-kP11-22-24-bs638,bus_stop,三ノ瀬,35.0179491,136.4571603,WGS84,585 589 595 601 602 607 609 611 612,三池岳、釈迦ヶ岳、尾高山、雨乞岳、御在所岳、鎌ヶ岳、入道ヶ岳、宮指路岳、仙ヶ岳,東海の百山|日本二百名山|日本三百名山|関西百名山,,,,TH-n1742841008(1000m) TH-kP11-22-24-bs636(278m),operator=菰野町; busType=コミュニティバス; busRoutes=10コース＿湯の山神明線（湯の山温泉駅行き）＿1,adopted,10,運行状況（季節運行・休止・予約制）を要確認、登山口から離れている（徒歩アプローチを要確認）,"国土数値情報（バス停留所データ）令和4年度（国土交通省）P11-22-24-bs638（35.017949, 136.457160、JGD2011）を加工して作成",
BS-kP11-22-24-bs643,bus_stop,湯の山温泉・御在所ロープウエイ前,35.0166989,136.4472981,WGS84,585 589 595 601 602 607 609 611 612,三池岳、釈迦ヶ岳、尾高山、雨乞岳、御在所岳、鎌ヶ岳、入道ヶ岳、宮指路岳、仙ヶ岳,東海の百山|日本二百名山|日本三百名山|関西百名山,,,,TH-n1742841008(94m) TH-n4213643454(493m),operator=三重交通（株）; busType=民間路線バス; busRoutes=76湯の山線,adopted,10,運行状況（季節運行・休止・予約制）を要確認,"国土数値情報（バス停留所データ）令和4年度（国土交通省）P11-22-24-bs643（35.016699, 136.447298、JGD2011）を加工して作成",
BS-kP11-22-24-bs645,bus_stop,清気橋,35.0162303,136.4644761,WGS84,585 589 595 601 602 607 609 611,三池岳、釈迦ヶ岳、尾高山、雨乞岳、御在所岳、鎌ヶ岳、入道ヶ岳、宮指路岳,東海の百山|日本二百名山|日本三百名山|関西百名山,,,,TH-kP11-22-24-bs636(451m),operator=三重交通（株）; busType=民間路線バス; busRoutes=76湯の山線,adopted,10,運行状況（季節運行・休止・予約制）を要確認,"国土数値情報（バス停留所データ）令和4年度（国土交通省）P11-22-24-bs645（35.016230, 136.464476、JGD2011）を加工して作成",
BS-kP11-22-24-bs649,bus_stop,湯の山郵便局,35.0149583,136.4480017,WGS84,585 589 595 601 602 607 609 611 612,三池岳、釈迦ヶ岳、尾高山、雨乞岳、御在所岳、鎌ヶ岳、入道ヶ岳、宮指路岳、仙ヶ岳,東海の百山|日本二百名山|日本三百名山|関西百名山,,,,TH-n1742841008(259m) TH-n4213643454(678m),operator=菰野町; busType=コミュニティバス; busRoutes=10コース＿湯の山神明線（湯の山温泉駅行き）＿1; network=Mie Kotsu,adopted,10,運行状況（季節運行・休止・予約制）を要確認、登山口から離れている（徒歩アプローチを要確認）,"国土数値情報（バス停留所データ）令和4年度（国土交通省）P11-22-24-bs649（35.014958, 136.448002、JGD2011）を加工して作成 ｜ OpenStreetMap（© OpenStreetMap contributors, ODbL 1.0）Geofabrik japan-latest.osm.pbf 2026-09-23T20:22:04Z node/3625270539",
BS-kP11-22-24-bs918,bus_stop,椿大神社,34.9627513,136.4531159,WGS84,602 607 609 611 612,御在所岳、鎌ヶ岳、入道ヶ岳、宮指路岳、仙ヶ岳,日本二百名山|日本三百名山|関西百名山|東海の百山,,,,TH-w689696996(185m),operator=三重交通（株）; busType=民間路線バス; busRoutes=62水沢室山線,adopted,10,運行状況（季節運行・休止・予約制）を要確認,"国土数値情報（バス停留所データ）令和4年度（国土交通省）P11-22-24-bs918（34.962751, 136.453116、JGD2011）を加工して作成 ｜ OpenStreetMap（© OpenStreetMap contributors, ODbL 1.0）Geofabrik japan-latest.osm.pbf 2026-09-23T20:22:04Z node/6470406675",
BS-kP11-22-24-bs919,bus_stop,椿大神社,34.9627513,136.4531159,WGS84,602 607 609 611 612,御在所岳、鎌ヶ岳、入道ヶ岳、宮指路岳、仙ヶ岳,日本二百名山|日本三百名山|関西百名山|東海の百山,,,,TH-w689696996(185m),operator=鈴鹿市; busType=コミュニティバス; busRoutes=椿・平田線,adopted,10,運行状況（季節運行・休止・予約制）を要確認,"国土数値情報（バス停留所データ）令和4年度（国土交通省）P11-22-24-bs919（34.962751, 136.453116、JGD2011）を加工して作成",
BS-kP11-22-24-bs929,bus_stop,山本町クラブ,34.9600193,136.4571546,WGS84,602 607 609 611 612,御在所岳、鎌ヶ岳、入道ヶ岳、宮指路岳、仙ヶ岳,日本二百名山|日本三百名山|関西百名山|東海の百山,,,,TH-w689696996(319m),operator=鈴鹿市; busType=コミュニティバス; busRoutes=椿・平田線,adopted,10,運行状況（季節運行・休止・予約制）を要確認,"国土数値情報（バス停留所データ）令和4年度（国土交通省）P11-22-24-bs929（34.960019, 136.457155、JGD2011）を加工して作成",
BS-kP11-22-25-bs16,bus_stop,杉野,35.5633465,136.2624454,WGS84,425,横山岳,関西百名山,,,,TH-kP11-22-25-bs18(280m),operator=長浜市; busType=コミュニティバス; busRoutes=金居原線,adopted,10,運行状況（季節運行・休止・予約制）を要確認,"国土数値情報（バス停留所データ）令和4年度（国土交通省）P11-22-25-bs16（35.563347, 136.262445、JGD2011）を加工して作成",
BS-kP11-22-25-bs1791,bus_stop,西塔,35.0711179,135.8333464,WGS84,590,比叡山,日本三百名山|関西百名山,,,,TH-n1355400817(136m),operator=江若交通（株）; busType=民間路線バス; busRoutes=140　奥比叡ドライブバス / 142　比叡山内シャトルバス,adopted,10,運行状況（季節運行・休止・予約制）を要確認,"国土数値情報（バス停留所データ）令和4年度（国土交通省）P11-22-25-bs1791（35.071118, 135.833346、JGD2011）を加工して作成 ｜ OpenStreetMap（© OpenStreetMap contributors, ODbL 1.0）Geofabrik japan-latest.osm.pbf 2026-09-23T20:22:04Z node/4193835531",
BS-kP11-22-25-bs1793,bus_stop,日吉大社前,35.0709512,135.8670715,WGS84,590,比叡山,日本三百名山|関西百名山,,,,TH-w572203656(565m) TH-n1355399585(721m),operator=江若交通（株）; busType=民間路線バス; busRoutes=30・31・32・36　日吉台線 / 41　ケーブル坂本線,adopted,10,運行状況（季節運行・休止・予約制）を要確認、登山口から離れている（徒歩アプローチを要確認）,"国土数値情報（バス停留所データ）令和4年度（国土交通省）P11-22-25-bs1793（35.070951, 135.867072、JGD2011）を加工して作成",
BS-kP11-22-25-bs18,bus_stop,杉野農協前,35.5626433,136.2594795,WGS84,425,横山岳,関西百名山,,,,TH-kP11-22-25-bs18(0m) TH-n12169870404(877m),operator=長浜市; busType=コミュニティバス; busRoutes=金居原線,adopted,10,運行状況（季節運行・休止・予約制）を要確認、登山口から離れている（徒歩アプローチを要確認）,"国土数値情報（バス停留所データ）令和4年度（国土交通省）P11-22-25-bs18（35.562643, 136.259480、JGD2011）を加工して作成",
BS-kP11-22-25-bs1801,bus_stop,延暦寺バスセンター,35.0703034,135.8389709,WGS84,590,比叡山,日本三百名山|関西百名山,,,,TH-n1355400817(641m) TH-n1355400817(641m),operator=京阪バス（株）; busType=民間路線バス; busRoutes=57比叡山頂～京都駅 / 56A比山～平～山～三 / 56比叡山～平～三,adopted,10,運行状況（季節運行・休止・予約制）を要確認、登山口から離れている（徒歩アプローチを要確認）,"国土数値情報（バス停留所データ）令和4年度（国土交通省）P11-22-25-bs1801（35.070303, 135.838971、JGD2011）を加工して作成 ｜ OpenStreetMap（© OpenStreetMap contributors, ODbL 1.0）Geofabrik japan-latest.osm.pbf 2026-09-23T20:22:04Z node/4061761706",
BS-kP11-22-25-bs1810,bus_stop,ケーブル坂本駅,35.0694447,135.8643544,WGS84,590,比叡山,日本三百名山|関西百名山,,,,TH-w572203656(271m) TH-n1355399585(463m),operator=江若交通（株）; busType=民間路線バス; busRoutes=41　ケーブル坂本線,adopted,10,運行状況（季節運行・休止・予約制）を要確認,"国土数値情報（バス停留所データ）令和4年度（国土交通省）P11-22-25-bs1810（35.069445, 135.864354、JGD2011）を加工して作成",
BS-kP11-22-25-bs1815,bus_stop,三ツ坂,35.0691298,136.0342368,WGS84,597,三上山,関西百名山,,,,TH-n4744108789(735m),operator=近江鉄道（株）; busType=民間路線バス; busRoutes=野洲村田線 / 八幡野洲線,adopted,10,運行状況（季節運行・休止・予約制）を要確認、登山口から離れている（徒歩アプローチを要確認）,"国土数値情報（バス停留所データ）令和4年度（国土交通省）P11-22-25-bs1815（35.069130, 136.034237、JGD2011）を加工して作成 ｜ OpenStreetMap（© OpenStreetMap contributors, ODbL 1.0）Geofabrik japan-latest.osm.pbf 2026-09-23T20:22:04Z node/7178430005",
BS-kP11-22-25-bs1822,bus_stop,東塔,35.0685522,135.839312,WGS84,590,比叡山,日本三百名山|関西百名山,,,,TH-n4189739291(268m),operator=京阪バス（株）; busType=民間路線バス; busRoutes=57比叡山頂～京都駅 / 56A比山～平～山～三 / 56比叡山～平～三,adopted,10,運行状況（季節運行・休止・予約制）を要確認,"国土数値情報（バス停留所データ）令和4年度（国土交通省）P11-22-25-bs1822（35.068552, 135.839312、JGD2011）を加工して作成 ｜ OpenStreetMap（© OpenStreetMap contributors, ODbL 1.0）Geofabrik japan-latest.osm.pbf 2026-09-23T20:22:04Z node/4326086514",
BS-kP11-22-25-bs1823,bus_stop,東塔,35.0685522,135.839312,WGS84,590,比叡山,日本三百名山|関西百名山,,,,TH-n4189739291(268m),operator=京都バス（株）; busType=民間路線バス; busRoutes=51,adopted,10,運行状況（季節運行・休止・予約制）を要確認,"国土数値情報（バス停留所データ）令和4年度（国土交通省）P11-22-25-bs1823（35.068552, 135.839312、JGD2011）を加工して作成",
BS-kP11-22-25-bs1824,bus_stop,東塔,35.0685522,135.839312,WGS84,590,比叡山,日本三百名山|関西百名山,,,,TH-n4189739291(268m),operator=江若交通（株）; busType=民間路線バス; busRoutes=140　奥比叡ドライブバス / 141　比叡山内シャトルバス / 142　比叡山内シャトルバス,adopted,10,運行状況（季節運行・休止・予約制）を要確認,"国土数値情報（バス停留所データ）令和4年度（国土交通省）P11-22-25-bs1824（35.068552, 135.839312、JGD2011）を加工して作成",
BS-kP11-22-25-bs1833,bus_stop,野洲中学校前,35.0675613,136.0341807,WGS84,597,三上山,関西百名山,,,,TH-n4744108789(610m),operator=近江鉄道（株）; busType=民間路線バス; busRoutes=野洲アウトレット線 / 野洲村田線 / 花緑公園線（西ゲート線）,adopted,10,運行状況（季節運行・休止・予約制）を要確認、登山口から離れている（徒歩アプローチを要確認）,"国土数値情報（バス停留所データ）令和4年度（国土交通省）P11-22-25-bs1833（35.067561, 136.034181、JGD2011）を加工して作成",
BS-kP11-22-25-bs1841,bus_stop,無動寺,35.066645,135.8422215,WGS84,590,比叡山,日本三百名山|関西百名山,,,,TH-w24925988(157m) TH-w24925988(157m) TH-n10294782453(200m) TH-n10294782453(200m),operator=京阪バス（株）; busType=民間路線バス; busRoutes=57比叡山頂～京都駅 / 56A比山～平～山～三 / 56比叡山～平～三,adopted,10,運行状況（季節運行・休止・予約制）を要確認,"国土数値情報（バス停留所データ）令和4年度（国土交通省）P11-22-25-bs1841（35.066645, 135.842222、JGD2011）を加工して作成 ｜ OpenStreetMap（© OpenStreetMap contributors, ODbL 1.0）Geofabrik japan-latest.osm.pbf 2026-09-23T20:22:04Z node/4070937011",
BS-kP11-22-25-bs1842,bus_stop,無動寺,35.066645,135.8422215,WGS84,590,比叡山,日本三百名山|関西百名山,,,,TH-w24925988(157m) TH-n10294782453(200m),operator=京都バス（株）; busType=民間路線バス; busRoutes=51,adopted,10,運行状況（季節運行・休止・予約制）を要確認,"国土数値情報（バス停留所データ）令和4年度（国土交通省）P11-22-25-bs1842（35.066645, 135.842222、JGD2011）を加工して作成",
BS-kP11-22-25-bs1855,bus_stop,関電前（野洲市）,35.0644269,136.0295321,WGS84,597,三上山,関西百名山,,,,TH-n4744108789(879m),operator=近江鉄道（株）; busType=民間路線バス; busRoutes=野洲アウトレット線 / 野洲村田線 / 花緑公園線（西ゲート線）,adopted,10,運行状況（季節運行・休止・予約制）を要確認、登山口から離れている（徒歩アプローチを要確認）,"国土数値情報（バス停留所データ）令和4年度（国土交通省）P11-22-25-bs1855（35.064427, 136.029532、JGD2011）を加工して作成",
BS-kP11-22-25-bs1913,bus_stop,総合教育センター前,35.0587396,136.0473902,WGS84,597,三上山,関西百名山,,,,TH-n1352164065(368m),operator=近江鉄道（株）; busType=民間路線バス; busRoutes=花緑公園線（西ゲート線）,adopted,10,運行状況（季節運行・休止・予約制）を要確認,"国土数値情報（バス停留所データ）令和4年度（国土交通省）P11-22-25-bs1913（35.058740, 136.047390、JGD2011）を加工して作成",
BS-kP11-22-25-bs1940,bus_stop,林業普及センター前,35.0558032,136.0456229,WGS84,597,三上山,関西百名山,,,,TH-n1352163563(477m) TH-n1352164065(32m),operator=近江鉄道（株）; busType=民間路線バス; busRoutes=花緑公園線（西ゲート線）,adopted,10,運行状況（季節運行・休止・予約制）を要確認,"国土数値情報（バス停留所データ）令和4年度（国土交通省）P11-22-25-bs1940（35.055803, 136.045623、JGD2011）を加工して作成",
BS-kP11-22-25-bs1947,bus_stop,三上,35.0548881,136.0264798,WGS84,597,三上山,関西百名山,,,,TH-n1352164046(577m),operator=滋賀交通（株）; busType=民間路線バス; busRoutes=湖南野洲線,adopted,10,運行状況（季節運行・休止・予約制）を要確認,"国土数値情報（バス停留所データ）令和4年度（国土交通省）P11-22-25-bs1947（35.054888, 136.026480、JGD2011）を加工して作成",
BS-kP11-22-25-bs1959,bus_stop,ふるさと館前,35.053516,136.0445603,WGS84,597,三上山,関西百名山,,,,TH-n1352163563(214m) TH-n1352164065(272m),operator=近江鉄道（株）; busType=民間路線バス; busRoutes=花緑公園線（西ゲート線）,adopted,10,運行状況（季節運行・休止・予約制）を要確認,"国土数値情報（バス停留所データ）令和4年度（国土交通省）P11-22-25-bs1959（35.053516, 136.044560、JGD2011）を加工して作成 ｜ OpenStreetMap（© OpenStreetMap contributors, ODbL 1.0）Geofabrik japan-latest.osm.pbf 2026-09-23T20:22:04Z node/7158640665",
BS-kP11-22-25-bs1968,bus_stop,御上神社前,35.0519634,136.0269214,WGS84,597,三上山,関西百名山,,,,TH-n9465428222(483m) TH-n1352164046(672m),operator=滋賀交通（株）; busType=民間路線バス; busRoutes=湖南野洲線,adopted,10,運行状況（季節運行・休止・予約制）を要確認、登山口から離れている（徒歩アプローチを要確認）,"国土数値情報（バス停留所データ）令和4年度（国土交通省）P11-22-25-bs1968（35.051963, 136.026921、JGD2011）を加工して作成",
BS-kP11-22-25-bs1976,bus_stop,花緑公園,35.0507979,136.045834,WGS84,597,三上山,関西百名山,,,,TH-n1352163563(144m),operator=近江鉄道（株）; busType=民間路線バス; busRoutes=花緑公園線（西ゲート線）,adopted,10,運行状況（季節運行・休止・予約制）を要確認,"国土数値情報（バス停留所データ）令和4年度（国土交通省）P11-22-25-bs1976（35.050798, 136.045834、JGD2011）を加工して作成 ｜ OpenStreetMap（© OpenStreetMap contributors, ODbL 1.0）Geofabrik japan-latest.osm.pbf 2026-09-23T20:22:04Z node/7158640664",
BS-kP11-22-25-bs1986,bus_stop,山出前,35.0492443,136.0292673,WGS84,597,三上山,関西百名山,,,,TH-n9465428222(175m) TH-n1352164046(782m),operator=滋賀交通（株）; busType=民間路線バス; busRoutes=湖南野洲線,adopted,10,運行状況（季節運行・休止・予約制）を要確認、登山口から離れている（徒歩アプローチを要確認）,"国土数値情報（バス停留所データ）令和4年度（国土交通省）P11-22-25-bs1986（35.049244, 136.029267、JGD2011）を加工して作成",
BS-kP11-22-25-bs2005,bus_stop,三上小学校,35.0462532,136.0292031,WGS84,597,三上山,関西百名山,,,,TH-n9465428222(389m),operator=滋賀交通（株）; busType=民間路線バス; busRoutes=湖南野洲線,adopted,10,運行状況（季節運行・休止・予約制）を要確認,"国土数値情報（バス停留所データ）令和4年度（国土交通省）P11-22-25-bs2005（35.046253, 136.029203、JGD2011）を加工して作成",
BS-kP11-22-25-bs21,bus_stop,杉本,35.557236,136.2519249,WGS84,425,横山岳,関西百名山,,,,TH-kP11-22-25-bs18(908m),operator=長浜市; busType=コミュニティバス; busRoutes=金居原線,adopted,10,運行状況（季節運行・休止・予約制）を要確認、登山口から離れている（徒歩アプローチを要確認）,"国土数値情報（バス停留所データ）令和4年度（国土交通省）P11-22-25-bs21（35.557236, 136.251925、JGD2011）を加工して作成",
BS-kP11-22-25-bs2464,bus_stop,西明寺口,35.0158227,136.3121976,WGS84,604,綿向山,東海の百山,,,,TH-gsi-miyukibashi(909m),operator=日野町; busType=コミュニティバス; busRoutes=平子・西明寺線,adopted,10,運行状況（季節運行・休止・予約制）を要確認、登山口から離れている（徒歩アプローチを要確認）,"国土数値情報（バス停留所データ）令和4年度（国土交通省）P11-22-25-bs2464（35.015823, 136.312198、JGD2011）を加工して作成",
BS-kP11-22-25-bs274,bus_stop,木地山,35.3952853,135.8386275,WGS84,485,百里ヶ岳,関西百名山,,,,TH-kP11-22-25-bs274(0m),operator=高島市; busType=公営路線バス; busRoutes=横谷・木地山線,adopted,10,運行状況（季節運行・休止・予約制）を要確認,"国土数値情報（バス停留所データ）令和4年度（国土交通省）P11-22-25-bs274（35.395285, 135.838627、JGD2011）を加工して作成",
BS-kP11-22-25-bs3377,bus_stop,東急団地入口,34.9344215,135.9363049,WGS84,617,太神山,関西百名山,,,,TH-ksj-P11-22-25-bs3396(483m),operator=帝産湖南交通（株）; busType=民間路線バス; busRoutes=石山・田上車庫 / 石山・登山口,adopted,10,運行状況（季節運行・休止・予約制）を要確認,"国土数値情報（バス停留所データ）令和4年度（国土交通省）P11-22-25-bs3377（34.934422, 135.936305、JGD2011）を加工して作成 ｜ OpenStreetMap（© OpenStreetMap contributors, ODbL 1.0）Geofabrik japan-latest.osm.pbf 2026-09-23T20:22:04Z node/4144972232",
BS-kP11-22-25-bs3386,bus_stop,もみじが丘,34.9332358,135.9344862,WGS84,617,太神山,関西百名山,,,,TH-ksj-P11-22-25-bs3396(538m),operator=帝産湖南交通（株）; busType=民間路線バス; busRoutes=石山・田上車庫 / 石山・登山口; network=帝産バス,adopted,10,運行状況（季節運行・休止・予約制）を要確認,"国土数値情報（バス停留所データ）令和4年度（国土交通省）P11-22-25-bs3386（34.933236, 135.934486、JGD2011）を加工して作成 ｜ OpenStreetMap（© OpenStreetMap contributors, ODbL 1.0）Geofabrik japan-latest.osm.pbf 2026-09-23T20:22:04Z node/4145965735",
BS-kP11-22-25-bs3396,bus_stop,アルプス登山口,34.9311435,135.9398033,WGS84,617,太神山,関西百名山,,,,TH-ksj-P11-22-25-bs3396(0m),operator=帝産湖南交通（株）; busType=民間路線バス; busRoutes=石山・登山口,adopted,10,運行状況（季節運行・休止・予約制）を要確認,"国土数値情報（バス停留所データ）令和4年度（国土交通省）P11-22-25-bs3396（34.931143, 135.939803、JGD2011）を加工して作成 ｜ OpenStreetMap（© OpenStreetMap contributors, ODbL 1.0）Geofabrik japan-latest.osm.pbf 2026-09-23T20:22:04Z node/4145965734",
BS-kP11-22-25-bs38,bus_stop,余呉駅,35.533784,136.1996252,WGS84,447,賤ヶ岳,関西百名山|東海の百山,,,,TH-n1686918549(315m),operator=長浜市; busType=コミュニティバス; busRoutes=柳ヶ瀬線 / 丹生線,adopted,10,運行状況（季節運行・休止・予約制）を要確認,"国土数値情報（バス停留所データ）令和4年度（国土交通省）P11-22-25-bs38（35.533784, 136.199625、JGD2011）を加工して作成 ｜ OpenStreetMap（© OpenStreetMap contributors, ODbL 1.0）Geofabrik japan-latest.osm.pbf 2026-09-23T20:22:04Z node/7789248548",
BS-kP11-22-25-bs39,bus_stop,下余呉,35.5334797,136.2080113,WGS84,447,賤ヶ岳,関西百名山|東海の百山,,,,TH-n1686918549(463m) TH-kP11-22-25-bs42(366m),operator=長浜市; busType=コミュニティバス; busRoutes=柳ヶ瀬線 / 丹生線,adopted,10,運行状況（季節運行・休止・予約制）を要確認,"国土数値情報（バス停留所データ）令和4年度（国土交通省）P11-22-25-bs39（35.533480, 136.208011、JGD2011）を加工して作成",
BS-kP11-22-25-bs4,bus_stop,洞寿院,35.5976018,136.2254465,WGS84,429,七七頭ヶ岳,関西百名山,,,,TH-gsi-suganami(533m),operator=長浜市; busType=コミュニティバス; busRoutes=丹生線,adopted,10,運行状況（季節運行・休止・予約制）を要確認,"国土数値情報（バス停留所データ）令和4年度（国土交通省）P11-22-25-bs4（35.597602, 136.225447、JGD2011）を加工して作成",
BS-kP11-22-25-bs42,bus_stop,下余呉南,35.530627,136.2100564,WGS84,447,賤ヶ岳,関西百名山|東海の百山,,,,TH-n1686918549(693m) TH-kP11-22-25-bs42(0m),operator=長浜市; busType=コミュニティバス; busRoutes=柳ヶ瀬線 / 丹生線,adopted,10,運行状況（季節運行・休止・予約制）を要確認、登山口から離れている（徒歩アプローチを要確認）,"国土数値情報（バス停留所データ）令和4年度（国土交通省）P11-22-25-bs42（35.530627, 136.210056、JGD2011）を加工して作成",
BS-kP11-22-25-bs420,bus_stop,小入谷,35.3637605,135.7996649,WGS84,485,百里ヶ岳,関西百名山,,,,TH-n3735364653(51m) TH-n3393771956(421m),operator=高島市; busType=公営路線バス; busRoutes=針畑線,adopted,10,運行状況（季節運行・休止・予約制）を要確認,"国土数値情報（バス停留所データ）令和4年度（国土交通省）P11-22-25-bs420（35.363760, 135.799665、JGD2011）を加工して作成",
BS-kP11-22-25-bs44,bus_stop,坂口,35.5255628,136.2137262,WGS84,447,賤ヶ岳,関西百名山|東海の百山,,,,TH-kP11-22-25-bs42(651m) TH-n1686914237(584m),operator=長浜市; busType=コミュニティバス; busRoutes=柳ヶ瀬線 / 丹生線,adopted,10,運行状況（季節運行・休止・予約制）を要確認、登山口から離れている（徒歩アプローチを要確認）,"国土数値情報（バス停留所データ）令和4年度（国土交通省）P11-22-25-bs44（35.525563, 136.213726、JGD2011）を加工して作成",
BS-kP11-22-25-bs440,bus_stop,家本原,35.3577854,135.7941205,WGS84,485,百里ヶ岳,関西百名山,,,,TH-n3735364653(863m),operator=高島市; busType=公営路線バス; busRoutes=針畑線,adopted,10,運行状況（季節運行・休止・予約制）を要確認、登山口から離れている（徒歩アプローチを要確認）,"国土数値情報（バス停留所データ）令和4年度（国土交通省）P11-22-25-bs440（35.357785, 135.794120、JGD2011）を加工して作成",
BS-kP11-22-25-bs480,bus_stop,坊村,35.3491702,135.9205064,WGS84,509 522,蛇谷ヶ峰、武奈ヶ岳,関西百名山|日本二百名山|日本三百名山,,,,TH-n6177995786(682m),operator=高島市; busType=公営路線バス; busRoutes=柏宮前坊線,adopted,10,運行状況（季節運行・休止・予約制）を要確認、登山口から離れている（徒歩アプローチを要確認）,"国土数値情報（バス停留所データ）令和4年度（国土交通省）P11-22-25-bs480（35.349170, 135.920506、JGD2011）を加工して作成",
BS-kP11-22-25-bs487,bus_stop,小野清水町,35.3463412,136.4039283,WGS84,518,霊仙山,関西百名山|東海の百山,,,,TH-osm-n3999594681(198m),operator=湖国バス（株）; busType=民間路線バス; busRoutes=梓河内線,adopted,10,運行状況（季節運行・休止・予約制）を要確認,"国土数値情報（バス停留所データ）令和4年度（国土交通省）P11-22-25-bs487（35.346341, 136.403928、JGD2011）を加工して作成",
BS-kP11-22-25-bs491,bus_stop,下柏,35.3453741,135.9148819,WGS84,509 522,蛇谷ヶ峰、武奈ヶ岳,関西百名山|日本二百名山|日本三百名山,,,,TH-n6177995786(609m),operator=高島市; busType=公営路線バス; busRoutes=柏宮前坊線,adopted,10,運行状況（季節運行・休止・予約制）を要確認、登山口から離れている（徒歩アプローチを要確認）,"国土数値情報（バス停留所データ）令和4年度（国土交通省）P11-22-25-bs491（35.345374, 135.914882、JGD2011）を加工して作成",
BS-kP11-22-25-bs5,bus_stop,菅並,35.5950566,136.2295097,WGS84,429,七七頭ヶ岳,関西百名山,,,,TH-gsi-suganami(150m),operator=長浜市; busType=コミュニティバス; busRoutes=丹生線,adopted,10,運行状況（季節運行・休止・予約制）を要確認,"国土数値情報（バス停留所データ）令和4年度（国土交通省）P11-22-25-bs5（35.595057, 136.229510、JGD2011）を加工して作成",
BS-kP11-22-25-bs500,bus_stop,柏原,35.3420791,136.4038997,WGS84,518,霊仙山,関西百名山|東海の百山,,,,TH-osm-n3999594681(315m),operator=湖国バス（株）; busType=民間路線バス; busRoutes=梓河内線,adopted,10,運行状況（季節運行・休止・予約制）を要確認,"国土数値情報（バス停留所データ）令和4年度（国土交通省）P11-22-25-bs500（35.342079, 136.403900、JGD2011）を加工して作成",
BS-kP11-22-25-bs506,bus_stop,上柏,35.3405491,135.9115015,WGS84,509 522,蛇谷ヶ峰、武奈ヶ岳,関西百名山|日本二百名山|日本三百名山,,,,TH-n6177995786(899m),operator=高島市; busType=公営路線バス; busRoutes=柏宮前坊線,adopted,10,運行状況（季節運行・休止・予約制）を要確認、登山口から離れている（徒歩アプローチを要確認）,"国土数値情報（バス停留所データ）令和4年度（国土交通省）P11-22-25-bs506（35.340549, 135.911501、JGD2011）を加工して作成",
BS-kP11-22-25-bs507,bus_stop,柏原小学校前,35.3402924,136.4005255,WGS84,518,霊仙山,関西百名山|東海の百山,,,,TH-osm-n3999594681(540m),operator=湖国バス（株）; busType=民間路線バス; busRoutes=梓河内線,adopted,10,運行状況（季節運行・休止・予約制）を要確認,"国土数値情報（バス停留所データ）令和4年度（国土交通省）P11-22-25-bs507（35.340292, 136.400525、JGD2011）を加工して作成",
BS-kP11-22-25-bs561,bus_stop,桑ノ橋,35.3259515,135.8994303,WGS84,509 522,蛇谷ヶ峰、武奈ヶ岳,関西百名山|日本二百名山|日本三百名山,,,,TH-kP11-22-25-bs578(574m),operator=京都バス（株）; busType=民間路線バス; busRoutes=10,adopted,10,運行状況（季節運行・休止・予約制）を要確認,"国土数値情報（バス停留所データ）令和4年度（国土交通省）P11-22-25-bs561（35.325952, 135.899430、JGD2011）を加工して作成",
BS-kP11-22-25-bs57,bus_stop,飯の浦,35.5037353,136.1839394,WGS84,447,賤ヶ岳,関西百名山|東海の百山,,,,TH-w834429510(759m),operator=長浜市; busType=コミュニティバス; busRoutes=深坂線,adopted,10,運行状況（季節運行・休止・予約制）を要確認、登山口から離れている（徒歩アプローチを要確認）,"国土数値情報（バス停留所データ）令和4年度（国土交通省）P11-22-25-bs57（35.503735, 136.183939、JGD2011）を加工して作成 ｜ OpenStreetMap（© OpenStreetMap contributors, ODbL 1.0）Geofabrik japan-latest.osm.pbf 2026-09-23T20:22:04Z node/11164480275",
BS-kP11-22-25-bs578,bus_stop,朽木大野,35.3212201,135.896839,WGS84,509 522,蛇谷ヶ峰、武奈ヶ岳,関西百名山|日本二百名山|日本三百名山,,,,TH-kP11-22-25-bs578(0m),operator=京都バス（株）; busType=民間路線バス; busRoutes=10,adopted,10,運行状況（季節運行・休止・予約制）を要確認,"国土数値情報（バス停留所データ）令和4年度（国土交通省）P11-22-25-bs578（35.321220, 135.896839、JGD2011）を加工して作成",
BS-kP11-22-25-bs579,bus_stop,大野,35.3212201,135.896839,WGS84,509 522,蛇谷ヶ峰、武奈ヶ岳,関西百名山|日本二百名山|日本三百名山,,,,TH-kP11-22-25-bs578(0m),operator=高島市; busType=公営路線バス; busRoutes=針畑線 / 柏宮前坊線,adopted,10,運行状況（季節運行・休止・予約制）を要確認,"国土数値情報（バス停留所データ）令和4年度（国土交通省）P11-22-25-bs579（35.321220, 135.896839、JGD2011）を加工して作成",
BS-kP11-22-25-bs58,bus_stop,長浜市立湖北病院,35.5037143,136.2129994,WGS84,447,賤ヶ岳,関西百名山|東海の百山,,,,TH-n1686912330(563m),operator=長浜市; busType=コミュニティバス; busRoutes=木之本田村線 / 金居原線 / 柳ヶ瀬線,adopted,10,運行状況（季節運行・休止・予約制）を要確認,"国土数値情報（バス停留所データ）令和4年度（国土交通省）P11-22-25-bs58（35.503714, 136.212999、JGD2011）を加工して作成",
BS-kP11-22-25-bs6,bus_stop,菅並東,35.5927602,136.2330407,WGS84,429,七七頭ヶ岳,関西百名山,,,,TH-gsi-suganami(382m),operator=長浜市; busType=コミュニティバス; busRoutes=丹生線,adopted,10,運行状況（季節運行・休止・予約制）を要確認,"国土数値情報（バス停留所データ）令和4年度（国土交通省）P11-22-25-bs6（35.592760, 136.233041、JGD2011）を加工して作成",
BS-kP11-22-25-bs62,bus_stop,賤ヶ岳口,35.5005099,136.2074775,WGS84,447,賤ヶ岳,関西百名山|東海の百山,,,,TH-n1686912330(637m) TH-gsi-oto-shizugatake(896m),operator=長浜市; busType=コミュニティバス; busRoutes=深坂線,adopted,10,運行状況（季節運行・休止・予約制）を要確認、登山口から離れている（徒歩アプローチを要確認）,"国土数値情報（バス停留所データ）令和4年度（国土交通省）P11-22-25-bs62（35.500510, 136.207477、JGD2011）を加工して作成",
BS-kP11-22-25-bs637,bus_stop,畑,35.2943438,135.9322227,WGS84,509,蛇谷ヶ峰,関西百名山,,,,TH-n4942282381(766m),operator=高島市; busType=コミュニティバス; busRoutes=畑線; network=高島市コミュニティバス,adopted,10,運行状況（季節運行・休止・予約制）を要確認、登山口から離れている（徒歩アプローチを要確認）,"国土数値情報（バス停留所データ）令和4年度（国土交通省）P11-22-25-bs637（35.294344, 135.932223、JGD2011）を加工して作成 ｜ OpenStreetMap（© OpenStreetMap contributors, ODbL 1.0）Geofabrik japan-latest.osm.pbf 2026-09-23T20:22:04Z node/11848789122",
BS-kP11-22-25-bs641,bus_stop,朽木栃生,35.2925841,135.884877,WGS84,509,蛇谷ヶ峰,関西百名山,,,,TH-n10564749945(104m),operator=京都バス（株）; busType=民間路線バス; busRoutes=10,adopted,10,運行状況（季節運行・休止・予約制）を要確認,"国土数値情報（バス停留所データ）令和4年度（国土交通省）P11-22-25-bs641（35.292584, 135.884877、JGD2011）を加工して作成",
BS-kP11-22-25-bs642,bus_stop,朽木栃生,35.2925841,135.884877,WGS84,509,蛇谷ヶ峰,関西百名山,,,,TH-n10564749945(104m),operator=高島市; busType=公営路線バス; busRoutes=針畑線,adopted,10,運行状況（季節運行・休止・予約制）を要確認,"国土数値情報（バス停留所データ）令和4年度（国土交通省）P11-22-25-bs642（35.292584, 135.884877、JGD2011）を加工して作成",
BS-kP11-22-25-bs645,bus_stop,野街道,35.2896769,135.8830459,WGS84,509,蛇谷ヶ峰,関西百名山,,,,TH-n10564749945(264m),operator=京都バス（株）; busType=民間路線バス; busRoutes=10,adopted,10,運行状況（季節運行・休止・予約制）を要確認,"国土数値情報（バス停留所データ）令和4年度（国土交通省）P11-22-25-bs645（35.289677, 135.883046、JGD2011）を加工して作成",
BS-kP11-22-25-bs65,bus_stop,大音,35.4994999,136.1990135,WGS84,447,賤ヶ岳,関西百名山|東海の百山,,,,TH-w834429510(756m) TH-gsi-oto-shizugatake(313m),operator=長浜市; busType=コミュニティバス; busRoutes=深坂線,adopted,10,運行状況（季節運行・休止・予約制）を要確認、登山口から離れている（徒歩アプローチを要確認）,"国土数値情報（バス停留所データ）令和4年度（国土交通省）P11-22-25-bs65（35.499500, 136.199014、JGD2011）を加工して作成",
BS-kP11-22-25-bs666,bus_stop,ガリバー旅行村,35.2758647,135.9291451,WGS84,509 522 544,蛇谷ヶ峰、武奈ヶ岳、蓬莱山,関西百名山|日本二百名山|日本三百名山,,,,TH-n11848789126(11m),operator=高島市; busType=コミュニティバス; busRoutes=畑線; network=高島市コミュニティバス,adopted,10,運行状況（季節運行・休止・予約制）を要確認,"国土数値情報（バス停留所データ）令和4年度（国土交通省）P11-22-25-bs666（35.275865, 135.929145、JGD2011）を加工して作成 ｜ OpenStreetMap（© OpenStreetMap contributors, ODbL 1.0）Geofabrik japan-latest.osm.pbf 2026-09-23T20:22:04Z node/11848789126",
BS-kP11-22-25-bs67,bus_stop,近江山梨子,35.4993733,136.1885405,WGS84,447,賤ヶ岳,関西百名山|東海の百山,,,,TH-w834429510(576m) TH-gsi-oto-shizugatake(893m),operator=長浜市; busType=コミュニティバス; busRoutes=深坂線,adopted,10,運行状況（季節運行・休止・予約制）を要確認、登山口から離れている（徒歩アプローチを要確認）,"国土数値情報（バス停留所データ）令和4年度（国土交通省）P11-22-25-bs67（35.499373, 136.188540、JGD2011）を加工して作成",
BS-kP11-22-25-bs75,bus_stop,マキノ高原温泉さらさ,35.4957594,136.0350604,WGS84,441,赤坂山,関西百名山,,,,TH-n1384051346(388m) TH-n1384051118(767m),operator=高島市; busType=コミュニティバス; busRoutes=マキノ高原線,adopted,10,運行状況（季節運行・休止・予約制）を要確認、登山口から離れている（徒歩アプローチを要確認）,"国土数値情報（バス停留所データ）令和4年度（国土交通省）P11-22-25-bs75（35.495759, 136.035060、JGD2011）を加工して作成",
BS-kP11-22-25-bs755,bus_stop,坊村,35.2467469,135.86749,WGS84,509 544,蛇谷ヶ峰、蓬莱山,関西百名山|日本三百名山,,,,TH-n1353602225(119m),operator=京都バス（株）; busType=民間路線バス; busRoutes=10,adopted,10,運行状況（季節運行・休止・予約制）を要確認,"国土数値情報（バス停留所データ）令和4年度（国土交通省）P11-22-25-bs755（35.246747, 135.867490、JGD2011）を加工して作成",
BS-kP11-22-25-bs756,bus_stop,坊村,35.2467469,135.86749,WGS84,509 544,蛇谷ヶ峰、蓬莱山,関西百名山|日本三百名山,,,,TH-n1353602225(119m),operator=江若交通（株）; busType=民間路線バス; busRoutes=51　堅田葛川線,adopted,10,運行状況（季節運行・休止・予約制）を要確認,"国土数値情報（バス停留所データ）令和4年度（国土交通省）P11-22-25-bs756（35.246747, 135.867490、JGD2011）を加工して作成",
BS-kP11-22-25-bs763,bus_stop,郵便局前,35.2436486,135.8667456,WGS84,509 544,蛇谷ヶ峰、蓬莱山,関西百名山|日本三百名山,,,,TH-n1353602225(432m),operator=京都バス（株）; busType=民間路線バス; busRoutes=10,adopted,10,運行状況（季節運行・休止・予約制）を要確認,"国土数値情報（バス停留所データ）令和4年度（国土交通省）P11-22-25-bs763（35.243649, 135.866746、JGD2011）を加工して作成",
BS-kP11-22-25-bs773,bus_stop,比良イン谷口,35.236936,135.9309998,WGS84,544,蓬莱山,日本三百名山|関西百名山,,,,TH-n1759302993(118m),operator=江若交通（株）; busType=民間路線バス; busRoutes=130　比良登山線,adopted,10,運行状況（季節運行・休止・予約制）を要確認,"国土数値情報（バス停留所データ）令和4年度（国土交通省）P11-22-25-bs773（35.236936, 135.931000、JGD2011）を加工して作成",
BS-kP11-22-25-bs81,bus_stop,マキノ高原民宿村,35.4912873,136.0374601,WGS84,441,赤坂山,関西百名山,,,,TH-n1384051346(854m),operator=高島市; busType=コミュニティバス; busRoutes=マキノ高原線,adopted,10,運行状況（季節運行・休止・予約制）を要確認、登山口から離れている（徒歩アプローチを要確認）,"国土数値情報（バス停留所データ）令和4年度（国土交通省）P11-22-25-bs81（35.491287, 136.037460、JGD2011）を加工して作成",
BS-kP11-22-25-bs815,bus_stop,下坂下,35.2185554,135.8619683,WGS84,544,蓬莱山,日本三百名山|関西百名山,,,,TH-n4936269294(800m),operator=京都バス（株）; busType=民間路線バス; busRoutes=10,adopted,10,運行状況（季節運行・休止・予約制）を要確認、登山口から離れている（徒歩アプローチを要確認）,"国土数値情報（バス停留所データ）令和4年度（国土交通省）P11-22-25-bs815（35.218555, 135.861968、JGD2011）を加工して作成",
BS-kP11-22-25-bs816,bus_stop,下坂下,35.2185554,135.8619683,WGS84,544,蓬莱山,日本三百名山|関西百名山,,,,TH-n4936269294(800m),operator=江若交通（株）; busType=民間路線バス; busRoutes=51　堅田葛川線,adopted,10,運行状況（季節運行・休止・予約制）を要確認、登山口から離れている（徒歩アプローチを要確認）,"国土数値情報（バス停留所データ）令和4年度（国土交通省）P11-22-25-bs816（35.218555, 135.861968、JGD2011）を加工して作成",
BS-kP11-22-25-bs835,bus_stop,新道足尾谷橋,35.2098942,135.8565437,WGS84,544,蓬莱山,日本三百名山|関西百名山,,,,TH-n4936269294(295m),operator=京都バス（株）; busType=民間路線バス; busRoutes=10,adopted,10,運行状況（季節運行・休止・予約制）を要確認,"国土数値情報（バス停留所データ）令和4年度（国土交通省）P11-22-25-bs835（35.209894, 135.856544、JGD2011）を加工して作成",
BS-kP11-22-25-bs862,bus_stop,平,35.1979913,135.8610427,WGS84,522 544 547,武奈ヶ岳、蓬莱山、皆子山,日本二百名山|日本三百名山|関西百名山,,,,TH-kP11-22-25-bs862(0m) TH-gsi-taira-minako(154m),operator=京都バス（株）; busType=民間路線バス; busRoutes=10,adopted,10,運行状況（季節運行・休止・予約制）を要確認,"国土数値情報（バス停留所データ）令和4年度（国土交通省）P11-22-25-bs862（35.197991, 135.861043、JGD2011）を加工して作成",
BS-kP11-22-25-bs863,bus_stop,平,35.1979913,135.8610427,WGS84,522 544 547,武奈ヶ岳、蓬莱山、皆子山,日本二百名山|日本三百名山|関西百名山,,,,TH-kP11-22-25-bs862(0m) TH-gsi-taira-minako(154m),operator=江若交通（株）; busType=民間路線バス; busRoutes=51　堅田葛川線,adopted,10,運行状況（季節運行・休止・予約制）を要確認,"国土数値情報（バス停留所データ）令和4年度（国土交通省）P11-22-25-bs863（35.197991, 135.861043、JGD2011）を加工して作成",
BS-kP11-22-25-bs944,bus_stop,上龍華,35.1606542,135.8783868,WGS84,544,蓬莱山,日本三百名山|関西百名山,,,,TH-kP11-22-25-bs944(0m),operator=江若交通（株）; busType=民間路線バス; busRoutes=56　堅田葛川線,adopted,10,運行状況（季節運行・休止・予約制）を要確認,"国土数値情報（バス停留所データ）令和4年度（国土交通省）P11-22-25-bs944（35.160654, 135.878387、JGD2011）を加工して作成",
BS-kP11-22-25-bs953,bus_stop,北部クリーンセンター前,35.1580237,135.8694104,WGS84,544,蓬莱山,日本三百名山|関西百名山,,,,TH-kP11-22-25-bs944(867m),operator=江若交通（株）; busType=民間路線バス; busRoutes=51　堅田葛川線 / 56　堅田葛川線,adopted,10,運行状況（季節運行・休止・予約制）を要確認、登山口から離れている（徒歩アプローチを要確認）,"国土数値情報（バス停留所データ）令和4年度（国土交通省）P11-22-25-bs953（35.158024, 135.869410、JGD2011）を加工して作成",
BS-kP11-22-25-bs962,bus_stop,龍華道,35.1555987,135.8762732,WGS84,544,蓬莱山,日本三百名山|関西百名山,,,,TH-kP11-22-25-bs944(591m),operator=江若交通（株）; busType=民間路線バス; busRoutes=51　堅田葛川線 / 56　堅田葛川線,adopted,10,運行状況（季節運行・休止・予約制）を要確認,"国土数値情報（バス停留所データ）令和4年度（国土交通省）P11-22-25-bs962（35.155599, 135.876273、JGD2011）を加工して作成",
BS-kP11-22-26-bs1313,bus_stop,保育所前,35.2742994,135.5057363,WGS84,514,長老ヶ岳,関西百名山,,,,TH-n1657309342(347m),operator=南丹市; busType=公営路線バス; busRoutes=大野線（南丹市） / 大野線,adopted,10,運行状況（季節運行・休止・予約制）を要確認,"国土数値情報（バス停留所データ）令和4年度（国土交通省）P11-22-26-bs1313（35.274299, 135.505736、JGD2011）を加工して作成",
BS-kP11-22-26-bs1318,bus_stop,岩江戸,35.2726582,135.5037568,WGS84,514,長老ヶ岳,関西百名山,,,,TH-n1657309342(479m),operator=南丹市; busType=公営路線バス; busRoutes=大野線（南丹市） / 大野線,adopted,10,運行状況（季節運行・休止・予約制）を要確認,"国土数値情報（バス停留所データ）令和4年度（国土交通省）P11-22-26-bs1318（35.272658, 135.503757、JGD2011）を加工して作成",
BS-kP11-22-26-bs1327,bus_stop,下岩江戸,35.271,135.5012106,WGS84,514,長老ヶ岳,関西百名山,,,,TH-n1657309342(701m),operator=南丹市; busType=公営路線バス; busRoutes=大野線（南丹市） / 大野線,adopted,10,運行状況（季節運行・休止・予約制）を要確認、登山口から離れている（徒歩アプローチを要確認）,"国土数値情報（バス停留所データ）令和4年度（国土交通省）P11-22-26-bs1327（35.271000, 135.501211、JGD2011）を加工して作成",
BS-kP11-22-26-bs1333,bus_stop,肱谷,35.268149,135.4942352,WGS84,514,長老ヶ岳,関西百名山,,,,TH-n1657308487(828m),operator=南丹市; busType=公営路線バス; busRoutes=大野線（南丹市） / 大野線,adopted,10,運行状況（季節運行・休止・予約制）を要確認、登山口から離れている（徒歩アプローチを要確認）,"国土数値情報（バス停留所データ）令和4年度（国土交通省）P11-22-26-bs1333（35.268149, 135.494235、JGD2011）を加工して作成",
BS-kP11-22-26-bs1349,bus_stop,篠原,35.2639821,135.4304795,WGS84,514,長老ヶ岳,関西百名山,,,,TH-n1675648838(486m),operator=南丹市; busType=公営路線バス; busRoutes=大野線（南丹市） / 大野線,adopted,10,運行状況（季節運行・休止・予約制）を要確認,"国土数値情報（バス停留所データ）令和4年度（国土交通省）P11-22-26-bs1349（35.263982, 135.430480、JGD2011）を加工して作成",
BS-kP11-22-26-bs1350,bus_stop,大迫,35.2638899,135.4361841,WGS84,514,長老ヶ岳,関西百名山,,,,TH-n1675648838(151m),operator=南丹市; busType=公営路線バス; busRoutes=大野線（南丹市） / 大野線,adopted,10,運行状況（季節運行・休止・予約制）を要確認,"国土数値情報（バス停留所データ）令和4年度（国土交通省）P11-22-26-bs1350（35.263890, 135.436184、JGD2011）を加工して作成",
BS-kP11-22-26-bs1351,bus_stop,塩谷口,35.2635565,135.4476368,WGS84,514,長老ヶ岳,関西百名山,,,,TH-n5267854837(63m),operator=南丹市; busType=公営路線バス; busRoutes=大野線（南丹市） / 大野線,adopted,10,運行状況（季節運行・休止・予約制）を要確認,"国土数値情報（バス停留所データ）令和4年度（国土交通省）P11-22-26-bs1351（35.263557, 135.447637、JGD2011）を加工して作成 ｜ OpenStreetMap（© OpenStreetMap contributors, ODbL 1.0）Geofabrik japan-latest.osm.pbf 2026-09-23T20:22:04Z node/5267854698",
BS-kP11-22-26-bs1357,bus_stop,上市場,35.2614643,135.4291266,WGS84,514,長老ヶ岳,関西百名山,,,,TH-n1675648838(720m),operator=南丹市; busType=公営路線バス; busRoutes=大野線（南丹市） / 大野線,adopted,10,運行状況（季節運行・休止・予約制）を要確認、登山口から離れている（徒歩アプローチを要確認）,"国土数値情報（バス停留所データ）令和4年度（国土交通省）P11-22-26-bs1357（35.261464, 135.429127、JGD2011）を加工して作成",
BS-kP11-22-26-bs1358,bus_stop,長瀬,35.2614299,135.452695,WGS84,514,長老ヶ岳,関西百名山,,,,TH-n5267854837(508m),operator=南丹市; busType=公営路線バス; busRoutes=大野線（南丹市） / 大野線,adopted,10,運行状況（季節運行・休止・予約制）を要確認,"国土数値情報（バス停留所データ）令和4年度（国土交通省）P11-22-26-bs1358（35.261430, 135.452695、JGD2011）を加工して作成 ｜ OpenStreetMap（© OpenStreetMap contributors, ODbL 1.0）Geofabrik japan-latest.osm.pbf 2026-09-23T20:22:04Z node/5267854696",
BS-kP11-22-26-bs1359,bus_stop,経塚,35.2614062,135.4447421,WGS84,514,長老ヶ岳,関西百名山,,,,TH-n5267854837(303m),operator=南丹市; busType=公営路線バス; busRoutes=大野線（南丹市） / 大野線,adopted,10,運行状況（季節運行・休止・予約制）を要確認,"国土数値情報（バス停留所データ）令和4年度（国土交通省）P11-22-26-bs1359（35.261406, 135.444742、JGD2011）を加工して作成 ｜ OpenStreetMap（© OpenStreetMap contributors, ODbL 1.0）Geofabrik japan-latest.osm.pbf 2026-09-23T20:22:04Z node/5267854700",
BS-kP11-22-26-bs1583,bus_stop,花背山の家前,35.1729941,135.7833289,WGS84,556,雲取山,関西百名山,,,,TH-n9455348398(280m),operator=京都バス（株）; busType=民間路線バス; busRoutes=32,adopted,10,運行状況（季節運行・休止・予約制）を要確認,"国土数値情報（バス停留所データ）令和4年度（国土交通省）P11-22-26-bs1583（35.172994, 135.783329、JGD2011）を加工して作成 ｜ OpenStreetMap（© OpenStreetMap contributors, ODbL 1.0）Geofabrik japan-latest.osm.pbf 2026-09-23T20:22:04Z node/9455348400",
BS-kP11-22-26-bs1587,bus_stop,別所中の町,35.1715642,135.7828003,WGS84,556,雲取山,関西百名山,,,,TH-n9455348398(115m) TH-n1368926560(632m),operator=京都バス（株）; busType=民間路線バス; busRoutes=32,adopted,10,運行状況（季節運行・休止・予約制）を要確認、登山口から離れている（徒歩アプローチを要確認）,"国土数値情報（バス停留所データ）令和4年度（国土交通省）P11-22-26-bs1587（35.171564, 135.782800、JGD2011）を加工して作成 ｜ OpenStreetMap（© OpenStreetMap contributors, ODbL 1.0）Geofabrik japan-latest.osm.pbf 2026-09-23T20:22:04Z node/9455348399",
BS-kP11-22-26-bs1588,bus_stop,花背高原前,35.1705693,135.782635,WGS84,556,雲取山,関西百名山,,,,TH-n9455348398(7m) TH-n9455348397(398m) TH-n1368926560(626m) TH-n3780474361(620m),operator=京都バス（株）; busType=民間路線バス; busRoutes=32,adopted,10,運行状況（季節運行・休止・予約制）を要確認、登山口から離れている（徒歩アプローチを要確認）,"国土数値情報（バス停留所データ）令和4年度（国土交通省）P11-22-26-bs1588（35.170569, 135.782635、JGD2011）を加工して作成 ｜ OpenStreetMap（© OpenStreetMap contributors, ODbL 1.0）Geofabrik japan-latest.osm.pbf 2026-09-23T20:22:04Z node/9455348398",
BS-kP11-22-26-bs1593,bus_stop,堂ノ町,35.1670839,135.7813665,WGS84,556,雲取山,関西百名山,,,,TH-n9455348397(4m) TH-n1368926560(700m) TH-n3780474361(410m),operator=京都バス（株）; busType=民間路線バス; busRoutes=32,adopted,10,運行状況（季節運行・休止・予約制）を要確認、登山口から離れている（徒歩アプローチを要確認）,"国土数値情報（バス停留所データ）令和4年度（国土交通省）P11-22-26-bs1593（35.167084, 135.781367、JGD2011）を加工して作成 ｜ OpenStreetMap（© OpenStreetMap contributors, ODbL 1.0）Geofabrik japan-latest.osm.pbf 2026-09-23T20:22:04Z node/9455348397",
BS-kP11-22-26-bs1598,bus_stop,別所上の町,35.1651991,135.7805666,WGS84,556,雲取山,関西百名山,,,,TH-n9455348397(224m) TH-n3780474361(423m),operator=京都バス（株）; busType=民間路線バス; busRoutes=32,adopted,10,運行状況（季節運行・休止・予約制）を要確認,"国土数値情報（バス停留所データ）令和4年度（国土交通省）P11-22-26-bs1598（35.165199, 135.780567、JGD2011）を加工して作成 ｜ OpenStreetMap（© OpenStreetMap contributors, ODbL 1.0）Geofabrik japan-latest.osm.pbf 2026-09-23T20:22:04Z node/9455348396",
BS-kP11-22-26-bs1819,bus_stop,宕陰小学校前,35.0823645,135.6108321,WGS84,593,愛宕山,日本三百名山|関西百名山,,,,TH-n1651261599(815m),operator=京阪京都交通（株）; busType=民間路線バス; busRoutes=41・41B・43・43B,adopted,10,運行状況（季節運行・休止・予約制）を要確認、登山口から離れている（徒歩アプローチを要確認）,"国土数値情報（バス停留所データ）令和4年度（国土交通省）P11-22-26-bs1819（35.082365, 135.610832、JGD2011）を加工して作成 ｜ OpenStreetMap（© OpenStreetMap contributors, ODbL 1.0）Geofabrik japan-latest.osm.pbf 2026-09-23T20:22:04Z node/10792776137",
BS-kP11-22-26-bs1855,bus_stop,宕陰出張所前,35.0749786,135.610795,WGS84,593,愛宕山,日本三百名山|関西百名山,,,,TH-n1651261599(1m) TH-n1651260849(369m) TH-n1344185567(919m),operator=京阪京都交通（株）; busType=民間路線バス; busRoutes=41・41B・43・43B,adopted,10,運行状況（季節運行・休止・予約制）を要確認、登山口から離れている（徒歩アプローチを要確認）,"国土数値情報（バス停留所データ）令和4年度（国土交通省）P11-22-26-bs1855（35.074979, 135.610795、JGD2011）を加工して作成 ｜ OpenStreetMap（© OpenStreetMap contributors, ODbL 1.0）Geofabrik japan-latest.osm.pbf 2026-09-23T20:22:04Z node/10792776138",
BS-kP11-22-26-bs1868,bus_stop,原,35.0723096,135.6110139,WGS84,593,愛宕山,日本三百名山|関西百名山,,,,TH-n1651261599(297m) TH-n1651260849(74m) TH-n1344185567(624m),operator=京阪京都交通（株）; busType=民間路線バス; busRoutes=41・41B・43・43B,adopted,10,運行状況（季節運行・休止・予約制）を要確認、登山口から離れている（徒歩アプローチを要確認）,"国土数値情報（バス停留所データ）令和4年度（国土交通省）P11-22-26-bs1868（35.072310, 135.611014、JGD2011）を加工して作成 ｜ OpenStreetMap（© OpenStreetMap contributors, ODbL 1.0）Geofabrik japan-latest.osm.pbf 2026-09-23T20:22:04Z node/10792776139",
BS-kP11-22-26-bs1898,bus_stop,比叡山頂,35.0658405,135.8319953,WGS84,590,比叡山,日本三百名山|関西百名山,,,,TH-w55072277(16m) TH-w55072277(16m) TH-w356938602(431m) TH-w356938602(431m),operator=京阪バス（株）; busType=民間路線バス; busRoutes=57比叡山頂～京都駅 / 56A比山～平～山～三 / 56比叡山～平～三,adopted,10,運行状況（季節運行・休止・予約制）を要確認,"国土数値情報（バス停留所データ）令和4年度（国土交通省）P11-22-26-bs1898（35.065840, 135.831995、JGD2011）を加工して作成 ｜ OpenStreetMap（© OpenStreetMap contributors, ODbL 1.0）Geofabrik japan-latest.osm.pbf 2026-09-23T20:22:04Z node/9409820533",
BS-kP11-22-26-bs1899,bus_stop,比叡山頂,35.0658405,135.8319953,WGS84,590,比叡山,日本三百名山|関西百名山,,,,TH-w55072277(16m) TH-w356938602(431m),operator=京都バス（株）; busType=民間路線バス; busRoutes=51,adopted,10,運行状況（季節運行・休止・予約制）を要確認,"国土数値情報（バス停留所データ）令和4年度（国土交通省）P11-22-26-bs1899（35.065840, 135.831995、JGD2011）を加工して作成",
BS-kP11-22-26-bs2173,bus_stop,清滝,35.0365629,135.65851,WGS84,593,愛宕山,日本三百名山|関西百名山,,,,TH-n3733870869(329m) TH-n3733873420(852m),operator=京都バス（株）; busType=民間路線バス; busRoutes=62 / 72 / 92,adopted,10,運行状況（季節運行・休止・予約制）を要確認、登山口から離れている（徒歩アプローチを要確認）,"国土数値情報（バス停留所データ）令和4年度（国土交通省）P11-22-26-bs2173（35.036563, 135.658510、JGD2011）を加工して作成 ｜ OpenStreetMap（© OpenStreetMap contributors, ODbL 1.0）Geofabrik japan-latest.osm.pbf 2026-09-23T20:22:04Z node/9381307903",
BS-kP11-22-26-bs22,bus_stop,屏風岩,35.7436371,135.1316571,WGS84,401,依遅ヶ尾山,関西百名山,,,,TH-n1681433101(217m),operator=丹後海陸交通（株）; busType=民間路線バス; busRoutes=44・46　海岸線 / 47　丹後峰山線,adopted,10,運行状況（季節運行・休止・予約制）を要確認,"国土数値情報（バス停留所データ）令和4年度（国土交通省）P11-22-26-bs22（35.743637, 135.131657、JGD2011）を加工して作成",
BS-kP11-22-26-bs2228,bus_stop,愛宕寺前,35.0314161,135.6615671,WGS84,593,愛宕山,日本三百名山|関西百名山,,,,TH-n3733870869(958m) TH-n3733870869(958m) TH-n3733873420(981m),operator=京都バス（株）; busType=民間路線バス; busRoutes=62 / 72 / 92,adopted,10,運行状況（季節運行・休止・予約制）を要確認、登山口から離れている（徒歩アプローチを要確認）,"国土数値情報（バス停留所データ）令和4年度（国土交通省）P11-22-26-bs2228（35.031416, 135.661567、JGD2011）を加工して作成 ｜ OpenStreetMap（© OpenStreetMap contributors, ODbL 1.0）Geofabrik japan-latest.osm.pbf 2026-09-23T20:22:04Z node/9381307902",
BS-kP11-22-26-bs2353,bus_stop,土ケ畑口,35.0216087,135.4010916,WGS84,606,剣尾山,関西百名山,,,,TH-n10076853181(374m) TH-n10076853181(374m) TH-n1344188819(412m) TH-n1344188819(412m),operator=亀岡市; busType=コミュニティバス; busRoutes=亀岡市ふるさとバス畑野コース　F32 / 亀岡市ふるさとバス畑野コース　F34,adopted,10,運行状況（季節運行・休止・予約制）を要確認,"国土数値情報（バス停留所データ）令和4年度（国土交通省）P11-22-26-bs2353（35.021609, 135.401092、JGD2011）を加工して作成 ｜ OpenStreetMap（© OpenStreetMap contributors, ODbL 1.0）Geofabrik japan-latest.osm.pbf 2026-09-23T20:22:04Z node/10076853183",
BS-kP11-22-26-bs2380,bus_stop,布子谷,35.0204236,135.4046588,WGS84,606,剣尾山,関西百名山,,,,TH-n10076853181(24m) TH-n1344188819(716m),operator=亀岡市; busType=コミュニティバス; busRoutes=亀岡市ふるさとバス畑野コース　F32 / 亀岡市ふるさとバス畑野コース　F34,adopted,10,運行状況（季節運行・休止・予約制）を要確認、登山口から離れている（徒歩アプローチを要確認）,"国土数値情報（バス停留所データ）令和4年度（国土交通省）P11-22-26-bs2380（35.020424, 135.404659、JGD2011）を加工して作成 ｜ OpenStreetMap（© OpenStreetMap contributors, ODbL 1.0）Geofabrik japan-latest.osm.pbf 2026-09-23T20:22:04Z node/10076853181",
BS-kP11-22-26-bs3649,bus_stop,善峯寺,34.9377746,135.6462545,WGS84,613,ポンポン山,関西百名山,,,,TH-n6151228099(35m) TH-n6151228099(35m),operator=阪急バス（株）; busType=民間路線バス; busRoutes=大野原線（63、64、66系統）,adopted,10,運行状況（季節運行・休止・予約制）を要確認,"国土数値情報（バス停留所データ）令和4年度（国土交通省）P11-22-26-bs3649（34.937775, 135.646255、JGD2011）を加工して作成 ｜ OpenStreetMap（© OpenStreetMap contributors, ODbL 1.0）Geofabrik japan-latest.osm.pbf 2026-09-23T20:22:04Z node/6151228099",
BS-kP11-22-26-bs3759,bus_stop,空谷橋,34.9285822,135.6004032,WGS84,613,ポンポン山,関西百名山,,,,TH-n1478987248(761m),operator=高槻市; busType=公営路線バス; busRoutes=田能,adopted,10,運行状況（季節運行・休止・予約制）を要確認、登山口から離れている（徒歩アプローチを要確認）,"国土数値情報（バス停留所データ）令和4年度（国土交通省）P11-22-26-bs3759（34.928582, 135.600403、JGD2011）を加工して作成",
BS-kP11-22-26-bs3826,bus_stop,鈴谷口,34.9221034,135.6695128,WGS84,613,ポンポン山,関西百名山,,,,TH-n8088445204(4m) TH-n8088445204(4m),operator=長岡京市; busType=コミュニティバス; busRoutes=長岡京はっぴぃバス　西コース,adopted,10,運行状況（季節運行・休止・予約制）を要確認,"国土数値情報（バス停留所データ）令和4年度（国土交通省）P11-22-26-bs3826（34.922103, 135.669513、JGD2011）を加工して作成 ｜ OpenStreetMap（© OpenStreetMap contributors, ODbL 1.0）Geofabrik japan-latest.osm.pbf 2026-09-23T20:22:04Z node/8088445204",
BS-kP11-22-26-bs3831,bus_stop,奥海印寺,34.9218058,135.671874,WGS84,613,ポンポン山,関西百名山,,,,TH-n8088445204(221m),operator=阪急バス（株）; busType=民間路線バス; busRoutes=長岡京線（8、9系統）,adopted,10,運行状況（季節運行・休止・予約制）を要確認,"国土数値情報（バス停留所データ）令和4年度（国土交通省）P11-22-26-bs3831（34.921806, 135.671874、JGD2011）を加工して作成 ｜ OpenStreetMap（© OpenStreetMap contributors, ODbL 1.0）Geofabrik japan-latest.osm.pbf 2026-09-23T20:22:04Z node/9266113756",
BS-kP11-22-27-bs16,bus_stop,能勢町宿野,34.9752245,135.4170101,WGS84,606,剣尾山,関西百名山,,,,TH-n1550350033(975m),operator=阪急バス（株）; busType=民間路線バス; busRoutes=西能勢線（73、74、76、77系統）,adopted,10,運行状況（季節運行・休止・予約制）を要確認、登山口から離れている（徒歩アプローチを要確認）,"国土数値情報（バス停留所データ）令和4年度（国土交通省）P11-22-27-bs16（34.975225, 135.417010、JGD2011）を加工して作成 ｜ OpenStreetMap（© OpenStreetMap contributors, ODbL 1.0）Geofabrik japan-latest.osm.pbf 2026-09-23T20:22:04Z node/745034389",
BS-kP11-22-27-bs4230,bus_stop,持尾,34.4860291,135.6584059,WGS84,667,大和葛城山,日本三百名山|関西百名山,,,,TH-n1576490101(279m),operator=河南町; busType=コミュニティバス; busRoutes=やまなみタクシー：A,adopted,10,運行状況（季節運行・休止・予約制）を要確認,"国土数値情報（バス停留所データ）令和4年度（国土交通省）P11-22-27-bs4230（34.486029, 135.658406、JGD2011）を加工して作成",
BS-kP11-22-27-bs4278,bus_stop,ポンプ場前,34.4817704,135.6595198,WGS84,667,大和葛城山,日本三百名山|関西百名山,,,,TH-n1576490101(411m),operator=河南町; busType=コミュニティバス; busRoutes=やまなみタクシー：A,adopted,10,運行状況（季節運行・休止・予約制）を要確認,"国土数値情報（バス停留所データ）令和4年度（国土交通省）P11-22-27-bs4278（34.481770, 135.659520、JGD2011）を加工して作成",
BS-kP11-22-27-bs4395,bus_stop,河内,34.4731974,135.6513158,WGS84,667,大和葛城山,日本三百名山|関西百名山,,,,TH-n1576487143(94m) TH-n1576487143(94m),operator=河南町; busType=コミュニティバス; busRoutes=やまなみタクシー：B,adopted,10,運行状況（季節運行・休止・予約制）を要確認,"国土数値情報（バス停留所データ）令和4年度（国土交通省）P11-22-27-bs4395（34.473197, 135.651316、JGD2011）を加工して作成 ｜ OpenStreetMap（© OpenStreetMap contributors, ODbL 1.0）Geofabrik japan-latest.osm.pbf 2026-09-23T20:22:04Z node/9409824176",
BS-kP11-22-27-bs4396,bus_stop,河内,34.4731974,135.6513158,WGS84,667,大和葛城山,日本三百名山|関西百名山,,,,TH-n1576487143(94m),operator=金剛自動車（株）; busType=民間路線バス; busRoutes=30・33河内線,adopted,10,運行状況（季節運行・休止・予約制）を要確認,"国土数値情報（バス停留所データ）令和4年度（国土交通省）P11-22-27-bs4396（34.473197, 135.651316、JGD2011）を加工して作成",
BS-kP11-22-27-bs4672,bus_stop,青崩地区集落センター,34.4498071,135.6630253,WGS84,667 676,大和葛城山、金剛山,日本三百名山|関西百名山|日本二百名山,,,,TH-n11514078257(441m),operator=河南町; busType=コミュニティバス; busRoutes=やまなみタクシー：B,adopted,10,運行状況（季節運行・休止・予約制）を要確認,"国土数値情報（バス停留所データ）令和4年度（国土交通省）P11-22-27-bs4672（34.449807, 135.663025、JGD2011）を加工して作成",
BS-kP11-22-27-bs4684,bus_stop,葛城登山口,34.448575,135.6645877,WGS84,667 676,大和葛城山、金剛山,日本三百名山|関西百名山|日本二百名山,,,,TH-n11514078257(245m),operator=金剛自動車（株）; busType=民間路線バス; busRoutes=20～27千早線,adopted,10,運行状況（季節運行・休止・予約制）を要確認,"国土数値情報（バス停留所データ）令和4年度（国土交通省）P11-22-27-bs4684（34.448575, 135.664588、JGD2011）を加工して作成 ｜ OpenStreetMap（© OpenStreetMap contributors, ODbL 1.0）Geofabrik japan-latest.osm.pbf 2026-09-23T20:22:04Z node/9406154041",
BS-kP11-22-27-bs4702,bus_stop,青崩東,34.4469411,135.6667123,WGS84,667 676,大和葛城山、金剛山,日本三百名山|関西百名山|日本二百名山,,,,TH-n11514078257(57m) TH-w397570279(977m),operator=河南町; busType=コミュニティバス; busRoutes=やまなみタクシー：B,adopted,10,運行状況（季節運行・休止・予約制）を要確認、登山口から離れている（徒歩アプローチを要確認）,"国土数値情報（バス停留所データ）令和4年度（国土交通省）P11-22-27-bs4702（34.446941, 135.666712、JGD2011）を加工して作成",
BS-kP11-22-27-bs4750,bus_stop,水越峠,34.4428313,135.6787311,WGS84,667 676,大和葛城山、金剛山,日本三百名山|関西百名山|日本二百名山,,,,TH-n9404409834(305m) TH-n9404409834(305m) TH-w397570279(235m) TH-w397570279(235m),operator=金剛自動車（株）; busType=民間路線バス; busRoutes=20～27千早線,adopted,10,運行状況（季節運行・休止・予約制）を要確認,"国土数値情報（バス停留所データ）令和4年度（国土交通省）P11-22-27-bs4750（34.442831, 135.678731、JGD2011）を加工して作成 ｜ OpenStreetMap（© OpenStreetMap contributors, ODbL 1.0）Geofabrik japan-latest.osm.pbf 2026-09-23T20:22:04Z node/9404397546",
BS-kP11-22-27-bs4995,bus_stop,千早大橋,34.4197765,135.641305,WGS84,676,金剛山,日本二百名山|日本三百名山|関西百名山,,,,TH-n7023181823(741m),operator=南海バス（株）; busType=民間路線バス; busRoutes=408小深線 / 411小深線,adopted,10,運行状況（季節運行・休止・予約制）を要確認、登山口から離れている（徒歩アプローチを要確認）,"国土数値情報（バス停留所データ）令和4年度（国土交通省）P11-22-27-bs4995（34.419776, 135.641305、JGD2011）を加工して作成 ｜ OpenStreetMap（© OpenStreetMap contributors, ODbL 1.0）Geofabrik japan-latest.osm.pbf 2026-09-23T20:22:04Z node/7023181828",
BS-kP11-22-27-bs5019,bus_stop,金剛登山口,34.4174322,135.6489384,WGS84,676,金剛山,日本二百名山|日本三百名山|関西百名山,,,,TH-n3998533200(237m) TH-n7023181823(14m) TH-n1576346874(546m),operator=南海バス（株）; busType=民間路線バス; busRoutes=408小深線 / 411小深線,adopted,10,運行状況（季節運行・休止・予約制）を要確認,"国土数値情報（バス停留所データ）令和4年度（国土交通省）P11-22-27-bs5019（34.417432, 135.648938、JGD2011）を加工して作成",
BS-kP11-22-27-bs5020,bus_stop,金剛登山口,34.4174322,135.6489384,WGS84,676,金剛山,日本二百名山|日本三百名山|関西百名山,,,,TH-n3998533200(237m) TH-n7023181823(14m),operator=金剛自動車（株）; busType=民間路線バス; busRoutes=20～27千早線,adopted,10,運行状況（季節運行・休止・予約制）を要確認,"国土数値情報（バス停留所データ）令和4年度（国土交通省）P11-22-27-bs5020（34.417432, 135.648938、JGD2011）を加工して作成",
BS-kP11-22-27-bs5086,bus_stop,鱒釣場,34.4114353,135.6538268,WGS84,676,金剛山,日本二百名山|日本三百名山|関西百名山,,,,TH-n3998533200(852m) TH-n1576346874(280m),operator=南海バス（株）; busType=民間路線バス; busRoutes=408小深線 / 411小深線,adopted,10,運行状況（季節運行・休止・予約制）を要確認、登山口から離れている（徒歩アプローチを要確認）,"国土数値情報（バス停留所データ）令和4年度（国土交通省）P11-22-27-bs5086（34.411435, 135.653827、JGD2011）を加工して作成",
BS-kP11-22-27-bs5097,bus_stop,鱒釣場前,34.4109128,135.6542132,WGS84,676,金剛山,日本二百名山|日本三百名山|関西百名山,,,,TH-n1576346874(344m),operator=金剛自動車（株）; busType=民間路線バス; busRoutes=20～27千早線,adopted,10,運行状況（季節運行・休止・予約制）を要確認,"国土数値情報（バス停留所データ）令和4年度（国土交通省）P11-22-27-bs5097（34.410913, 135.654213、JGD2011）を加工して作成 ｜ OpenStreetMap（© OpenStreetMap contributors, ODbL 1.0）Geofabrik japan-latest.osm.pbf 2026-09-23T20:22:04Z node/7023181825",
BS-kP11-22-27-bs5152,bus_stop,千早ロープウェイ前,34.4057599,135.662532,WGS84,676,金剛山,日本二百名山|日本三百名山|関西百名山,,,,TH-n4006745560(43m) TH-n4006745560(43m) TH-n4006745560(43m) TH-n1158659413(396m) TH-n1158659413(396m) TH-n1158659413(396m),operator=金剛自動車（株）; busType=民間路線バス; busRoutes=20～27千早線,adopted,10,運行状況（季節運行・休止・予約制）を要確認,"国土数値情報（バス停留所データ）令和4年度（国土交通省）P11-22-27-bs5152（34.405760, 135.662532、JGD2011）を加工して作成 ｜ OpenStreetMap（© OpenStreetMap contributors, ODbL 1.0）Geofabrik japan-latest.osm.pbf 2026-09-23T20:22:04Z node/2991041144",
BS-kP11-22-27-bs5306,bus_stop,滝畑ふるさと文化財の森センター前,34.3861627,135.5254422,WGS84,681,岩湧山,関西百名山,,,,TH-n1576729669(452m),operator=南海バス（株）; busType=民間路線バス; busRoutes=406/406C/419/419V高向線 / 400高向線,adopted,10,運行状況（季節運行・休止・予約制）を要確認,"国土数値情報（バス停留所データ）令和4年度（国土交通省）P11-22-27-bs5306（34.386163, 135.525442、JGD2011）を加工して作成",
BS-kP11-22-27-bs5325,bus_stop,夕月橋,34.3835488,135.5261685,WGS84,681,岩湧山,関西百名山,,,,TH-n7023256178(918m) TH-kP11-22-27-bs5347(617m) TH-n1576729669(166m),operator=南海バス（株）; busType=民間路線バス; busRoutes=406/406C/419/419V高向線 / 400高向線,adopted,10,運行状況（季節運行・休止・予約制）を要確認、登山口から離れている（徒歩アプローチを要確認）,"国土数値情報（バス停留所データ）令和4年度（国土交通省）P11-22-27-bs5325（34.383549, 135.526169、JGD2011）を加工して作成 ｜ OpenStreetMap（© OpenStreetMap contributors, ODbL 1.0）Geofabrik japan-latest.osm.pbf 2026-09-23T20:22:04Z node/9459684614",
BS-kP11-22-27-bs5326,bus_stop,夕月橋,34.3835488,135.5261685,WGS84,681,岩湧山,関西百名山,,,,TH-n1576729669(166m),operator=河内長野市; busType=コミュニティバス; busRoutes=日野・滝畑コミュニティバス,adopted,10,運行状況（季節運行・休止・予約制）を要確認,"国土数値情報（バス停留所データ）令和4年度（国土交通省）P11-22-27-bs5326（34.383549, 135.526169、JGD2011）を加工して作成",
BS-kP11-22-27-bs5347,bus_stop,滝畑ダム,34.3789841,135.5223043,WGS84,681,岩湧山,関西百名山,,,,TH-n7023256178(306m) TH-kP11-22-27-bs5347(0m),operator=南海バス（株）; busType=民間路線バス; busRoutes=406/406C/419/419V高向線 / 400高向線,adopted,10,運行状況（季節運行・休止・予約制）を要確認,"国土数値情報（バス停留所データ）令和4年度（国土交通省）P11-22-27-bs5347（34.378984, 135.522304、JGD2011）を加工して作成 ｜ OpenStreetMap（© OpenStreetMap contributors, ODbL 1.0）Geofabrik japan-latest.osm.pbf 2026-09-23T20:22:04Z node/7023256173",
BS-kP11-22-27-bs5348,bus_stop,滝畑ダム,34.3789841,135.5223043,WGS84,681,岩湧山,関西百名山,,,,TH-n7023256178(306m) TH-kP11-22-27-bs5347(0m),operator=河内長野市; busType=コミュニティバス; busRoutes=日野・滝畑コミュニティバス,adopted,10,運行状況（季節運行・休止・予約制）を要確認,"国土数値情報（バス停留所データ）令和4年度（国土交通省）P11-22-27-bs5348（34.378984, 135.522304、JGD2011）を加工して作成",
BS-kP11-22-27-bs5359,bus_stop,牛滝温泉,34.3766776,135.4486643,WGS84,689,和泉葛城山,関西百名山,,,,TH-ksj-P11-22-27-bs5382(372m),operator=南海ウイングバス（株）; busType=民間路線バス; busRoutes=611牛滝線,adopted,10,運行状況（季節運行・休止・予約制）を要確認,"国土数値情報（バス停留所データ）令和4年度（国土交通省）P11-22-27-bs5359（34.376678, 135.448664、JGD2011）を加工して作成 ｜ OpenStreetMap（© OpenStreetMap contributors, ODbL 1.0）Geofabrik japan-latest.osm.pbf 2026-09-23T20:22:04Z node/820421695",
BS-kP11-22-27-bs5379,bus_stop,塔原,34.3739651,135.4298496,WGS84,689,和泉葛城山,関西百名山,,,,TH-ksj-P11-22-27-bs5379(0m) TH-ksj-P11-22-27-bs5379(0m) TH-ksj-P11-22-27-bs5379(0m),operator=南海ウイングバス（株）; busType=民間路線バス; busRoutes=641葛城線 / 642葛城線,adopted,10,運行状況（季節運行・休止・予約制）を要確認,"国土数値情報（バス停留所データ）令和4年度（国土交通省）P11-22-27-bs5379（34.373965, 135.429850、JGD2011）を加工して作成 ｜ OpenStreetMap（© OpenStreetMap contributors, ODbL 1.0）Geofabrik japan-latest.osm.pbf 2026-09-23T20:22:04Z node/9936631180",
BS-kP11-22-27-bs5382,bus_stop,牛滝山,34.3733422,135.4481536,WGS84,689,和泉葛城山,関西百名山,,,,TH-ksj-P11-22-27-bs5382(0m) TH-ksj-P11-22-27-bs5382(0m),operator=南海ウイングバス（株）; busType=民間路線バス; busRoutes=611牛滝線,adopted,10,運行状況（季節運行・休止・予約制）を要確認,"国土数値情報（バス停留所データ）令和4年度（国土交通省）P11-22-27-bs5382（34.373342, 135.448154、JGD2011）を加工して作成 ｜ OpenStreetMap（© OpenStreetMap contributors, ODbL 1.0）Geofabrik japan-latest.osm.pbf 2026-09-23T20:22:04Z node/820422239",
BS-kP11-22-27-bs5391,bus_stop,蕎原口,34.3718166,135.4143611,WGS84,689,和泉葛城山,関西百名山,,,,TH-ksj-P11-22-27-bs5402(655m),operator=水間鉄道（株）; busType=民間路線バス; busRoutes=は～もに～ばす　黄バス,adopted,10,運行状況（季節運行・休止・予約制）を要確認、登山口から離れている（徒歩アプローチを要確認）,"国土数値情報（バス停留所データ）令和4年度（国土交通省）P11-22-27-bs5391（34.371817, 135.414361、JGD2011）を加工して作成",
BS-kP11-22-27-bs5396,bus_stop,中蕎原,34.3713817,135.4184409,WGS84,689,和泉葛城山,関西百名山,,,,TH-ksj-P11-22-27-bs5402(289m),operator=水間鉄道（株）; busType=民間路線バス; busRoutes=は～もに～ばす　黄バス,adopted,10,運行状況（季節運行・休止・予約制）を要確認,"国土数値情報（バス停留所データ）令和4年度（国土交通省）P11-22-27-bs5396（34.371382, 135.418441、JGD2011）を加工して作成",
BS-kP11-22-27-bs5402,bus_stop,蕎原,34.370113,135.4211903,WGS84,689,和泉葛城山,関西百名山,,,,TH-ksj-P11-22-27-bs5402(0m),operator=水間鉄道（株）; busType=民間路線バス; busRoutes=は～もに～ばす　黄バス,adopted,10,運行状況（季節運行・休止・予約制）を要確認,"国土数値情報（バス停留所データ）令和4年度（国土交通省）P11-22-27-bs5402（34.370113, 135.421190、JGD2011）を加工して作成",
BS-kP11-22-27-bs61,bus_stop,森林センター前,34.9418218,135.598709,WGS84,613,ポンポン山,関西百名山,,,,TH-n1411236360(860m) TH-n1411236360(860m),operator=高槻市; busType=公営路線バス; busRoutes=田能,adopted,10,運行状況（季節運行・休止・予約制）を要確認、登山口から離れている（徒歩アプローチを要確認）,"国土数値情報（バス停留所データ）令和4年度（国土交通省）P11-22-27-bs61（34.941822, 135.598709、JGD2011）を加工して作成 ｜ OpenStreetMap（© OpenStreetMap contributors, ODbL 1.0）Geofabrik japan-latest.osm.pbf 2026-09-23T20:22:04Z node/5660714073",
BS-kP11-22-27-bs63,bus_stop,出灰,34.9355259,135.6031973,WGS84,613,ポンポン山,関西百名山,,,,TH-n1411236360(143m),operator=高槻市; busType=公営路線バス; busRoutes=田能,adopted,10,運行状況（季節運行・休止・予約制）を要確認,"国土数値情報（バス停留所データ）令和4年度（国土交通省）P11-22-27-bs63（34.935526, 135.603197、JGD2011）を加工して作成 ｜ OpenStreetMap（© OpenStreetMap contributors, ODbL 1.0）Geofabrik japan-latest.osm.pbf 2026-09-23T20:22:04Z node/4785695301",
BS-kP11-22-27-bs72,bus_stop,つるが谷,34.9218315,135.6017505,WGS84,613,ポンポン山,関西百名山,,,,TH-n1478987248(5m),operator=高槻市; busType=公営路線バス; busRoutes=田能,adopted,10,運行状況（季節運行・休止・予約制）を要確認,"国土数値情報（バス停留所データ）令和4年度（国土交通省）P11-22-27-bs72（34.921831, 135.601750、JGD2011）を加工して作成",
BS-kP11-22-27-bs89,bus_stop,妙見口駅,34.9112875,135.4446266,WGS84,615,妙見山,関西百名山,,,,TH-osm-n7829132218(38m),operator=阪急バス（株）; busType=民間路線バス; busRoutes=妙見口能勢線（5、6系統） / 妙見口能勢線（8系統）,adopted,10,運行状況（季節運行・休止・予約制）を要確認,"国土数値情報（バス停留所データ）令和4年度（国土交通省）P11-22-27-bs89（34.911288, 135.444627、JGD2011）を加工して作成 ｜ OpenStreetMap（© OpenStreetMap contributors, ODbL 1.0）Geofabrik japan-latest.osm.pbf 2026-09-23T20:22:04Z node/1264455755",
BS-kP11-22-27-bs92,bus_stop,保育所前,34.9102956,135.4443614,WGS84,615,妙見山,関西百名山,,,,TH-osm-n7829132218(149m),operator=阪急バス（株）; busType=民間路線バス; busRoutes=妙見口能勢線（8系統）,adopted,10,運行状況（季節運行・休止・予約制）を要確認,"国土数値情報（バス停留所データ）令和4年度（国土交通省）P11-22-27-bs92（34.910296, 135.444361、JGD2011）を加工して作成 ｜ OpenStreetMap（© OpenStreetMap contributors, ODbL 1.0）Geofabrik japan-latest.osm.pbf 2026-09-23T20:22:04Z node/2666706761",
BS-kP11-22-28-bs1576,bus_stop,滝後口,35.166416,134.7739715,WGS84,551,段ヶ峰,関西百名山,,,,TH-n1862520437(711m),operator=（株）ウイング神姫; busType=民間路線バス; busRoutes=粟賀　新野駅・粟賀～生野駅西口～生野学園,adopted,10,運行状況（季節運行・休止・予約制）を要確認、登山口から離れている（徒歩アプローチを要確認）,"国土数値情報（バス停留所データ）令和4年度（国土交通省）P11-22-28-bs1576（35.166416, 134.773972、JGD2011）を加工して作成",
BS-kP11-22-28-bs1591,bus_stop,ゴルフ場口,35.1624985,134.7691659,WGS84,551,段ヶ峰,関西百名山,,,,TH-n1862520437(868m),operator=（株）ウイング神姫; busType=民間路線バス; busRoutes=粟賀　新野駅・粟賀～生野駅西口～生野学園,adopted,10,運行状況（季節運行・休止・予約制）を要確認、登山口から離れている（徒歩アプローチを要確認）,"国土数値情報（バス停留所データ）令和4年度（国土交通省）P11-22-28-bs1591（35.162498, 134.769166、JGD2011）を加工して作成",
BS-kP11-22-28-bs1610,bus_stop,新田口,35.1593462,134.870003,WGS84,571,千ヶ峰,関西百名山,,,,TH-n1471771416(917m),operator=神河町; busType=コミュニティバス; busRoutes=作畑新田線,adopted,10,運行状況（季節運行・休止・予約制）を要確認、登山口から離れている（徒歩アプローチを要確認）,"国土数値情報（バス停留所データ）令和4年度（国土交通省）P11-22-28-bs1610（35.159346, 134.870003、JGD2011）を加工して作成",
BS-kP11-22-28-bs1615,bus_stop,土井,35.1587055,134.4282444,WGS84,570,日名倉山,関西百名山,,,,TH-n1471492994(387m),operator=神姫バス（株）; busType=民間路線バス; busRoutes=しーたんバス　奥西山七野線,adopted,10,運行状況（季節運行・休止・予約制）を要確認,"国土数値情報（バス停留所データ）令和4年度（国土交通省）P11-22-28-bs1615（35.158706, 134.428244、JGD2011）を加工して作成",
BS-kP11-22-28-bs1616,bus_stop,紙屋,35.1584517,134.4312166,WGS84,570,日名倉山,関西百名山,,,,TH-n1471492994(230m),operator=神姫バス（株）; busType=民間路線バス; busRoutes=しーたんバス　奥西山七野線,adopted,10,運行状況（季節運行・休止・予約制）を要確認,"国土数値情報（バス停留所データ）令和4年度（国土交通省）P11-22-28-bs1616（35.158452, 134.431217、JGD2011）を加工して作成",
BS-kP11-22-28-bs1644,bus_stop,上垣内,35.1562189,134.8656434,WGS84,571,千ヶ峰,関西百名山,,,,TH-n1471771587(399m) TH-n1471771416(813m),operator=神河町; busType=コミュニティバス; busRoutes=作畑新田線,adopted,10,運行状況（季節運行・休止・予約制）を要確認、登山口から離れている（徒歩アプローチを要確認）,"国土数値情報（バス停留所データ）令和4年度（国土交通省）P11-22-28-bs1644（35.156219, 134.865643、JGD2011）を加工して作成",
BS-kP11-22-28-bs1645,bus_stop,上垣内,35.1562189,134.8656434,WGS84,571,千ヶ峰,関西百名山,,,,TH-n1471771416(813m),operator=（株）ウイング神姫; busType=民間路線バス; busRoutes=粟賀　新野駅・粟賀～作畑新田・新田ふるさと村,adopted,10,運行状況（季節運行・休止・予約制）を要確認、登山口から離れている（徒歩アプローチを要確認）,"国土数値情報（バス停留所データ）令和4年度（国土交通省）P11-22-28-bs1645（35.156219, 134.865643、JGD2011）を加工して作成",
BS-kP11-22-28-bs1657,bus_stop,奥西山公民館前,35.1552802,134.4330491,WGS84,570,日名倉山,関西百名山,,,,TH-n1471492994(192m) TH-n1471492588(196m),operator=神姫バス（株）; busType=民間路線バス; busRoutes=しーたんバス　奥西山七野線,adopted,10,運行状況（季節運行・休止・予約制）を要確認,"国土数値情報（バス停留所データ）令和4年度（国土交通省）P11-22-28-bs1657（35.155280, 134.433049、JGD2011）を加工して作成",
BS-kP11-22-28-bs1665,bus_stop,作畑,35.1548268,134.8627383,WGS84,571,千ヶ峰,関西百名山,,,,TH-n1471771587(268m),operator=神河町; busType=コミュニティバス; busRoutes=作畑新田線,adopted,10,運行状況（季節運行・休止・予約制）を要確認,"国土数値情報（バス停留所データ）令和4年度（国土交通省）P11-22-28-bs1665（35.154827, 134.862738、JGD2011）を加工して作成",
BS-kP11-22-28-bs1666,bus_stop,作畑,35.1548268,134.8627383,WGS84,571,千ヶ峰,関西百名山,,,,TH-n1471771587(268m),operator=（株）ウイング神姫; busType=民間路線バス; busRoutes=粟賀　新野駅・粟賀～作畑新田・新田ふるさと村,adopted,10,運行状況（季節運行・休止・予約制）を要確認,"国土数値情報（バス停留所データ）令和4年度（国土交通省）P11-22-28-bs1666（35.154827, 134.862738、JGD2011）を加工して作成",
BS-kP11-22-28-bs1680,bus_stop,屋垣内,35.1532491,134.4342439,WGS84,570,日名倉山,関西百名山,,,,TH-n1471492588(143m) TH-n1471491969(594m),operator=神姫バス（株）; busType=民間路線バス; busRoutes=しーたんバス　奥西山七野線,adopted,10,運行状況（季節運行・休止・予約制）を要確認,"国土数値情報（バス停留所データ）令和4年度（国土交通省）P11-22-28-bs1680（35.153249, 134.434244、JGD2011）を加工して作成",
BS-kP11-22-28-bs1706,bus_stop,雛倉,35.1499565,134.436933,WGS84,570,日名倉山,関西百名山,,,,TH-n1471492588(551m) TH-n1471491969(523m),operator=神姫バス（株）; busType=民間路線バス; busRoutes=しーたんバス　奥西山七野線,adopted,10,運行状況（季節運行・休止・予約制）を要確認,"国土数値情報（バス停留所データ）令和4年度（国土交通省）P11-22-28-bs1706（35.149956, 134.436933、JGD2011）を加工して作成",
BS-kP11-22-28-bs1731,bus_stop,室消防詰所前,35.1459023,134.4379407,WGS84,570,日名倉山,関西百名山,,,,TH-n1471491969(645m),operator=神姫バス（株）; busType=民間路線バス; busRoutes=しーたんバス　奥西山七野線,adopted,10,運行状況（季節運行・休止・予約制）を要確認、登山口から離れている（徒歩アプローチを要確認）,"国土数値情報（バス停留所データ）令和4年度（国土交通省）P11-22-28-bs1731（35.145902, 134.437941、JGD2011）を加工して作成",
BS-kP11-22-28-bs1783,bus_stop,栗柄上,35.1376247,135.2351487,WGS84,576,三嶽,関西百名山,,,,TH-n2023997998(739m),operator=（株）ウイング神姫; busType=民間路線バス; busRoutes=篠山・柏原　3,adopted,10,運行状況（季節運行・休止・予約制）を要確認、登山口から離れている（徒歩アプローチを要確認）,"国土数値情報（バス停留所データ）令和4年度（国土交通省）P11-22-28-bs1783（35.137625, 135.235149、JGD2011）を加工して作成",
BS-kP11-22-28-bs1800,bus_stop,栗柄奥,35.134532,135.2253646,WGS84,576,三嶽,関西百名山,,,,TH-kP11-22-28-bs1800(0m) TH-n2023997327(979m) TH-n2023997998(591m),operator=（株）ウイング神姫; busType=民間路線バス; busRoutes=篠山・柏原　3,adopted,10,運行状況（季節運行・休止・予約制）を要確認、登山口から離れている（徒歩アプローチを要確認）,"国土数値情報（バス停留所データ）令和4年度（国土交通省）P11-22-28-bs1800（35.134532, 135.225365、JGD2011）を加工して作成",
BS-kP11-22-28-bs1801,bus_stop,栗柄,35.1343198,135.2213088,WGS84,576,三嶽,関西百名山,,,,TH-kP11-22-28-bs1800(370m) TH-n2023997327(711m) TH-n2023997998(923m),operator=（株）ウイング神姫; busType=民間路線バス; busRoutes=篠山・柏原　3,adopted,10,運行状況（季節運行・休止・予約制）を要確認、登山口から離れている（徒歩アプローチを要確認）,"国土数値情報（バス停留所データ）令和4年度（国土交通省）P11-22-28-bs1801（35.134320, 135.221309、JGD2011）を加工して作成",
BS-kP11-22-28-bs1819,bus_stop,栗柄口,35.1294546,135.2173041,WGS84,576,三嶽,関西百名山,,,,TH-kP11-22-28-bs1800(924m) TH-n2023997327(62m),operator=（株）ウイング神姫; busType=民間路線バス; busRoutes=篠山・柏原　3,adopted,10,運行状況（季節運行・休止・予約制）を要確認、登山口から離れている（徒歩アプローチを要確認）,"国土数値情報（バス停留所データ）令和4年度（国土交通省）P11-22-28-bs1819（35.129455, 135.217304、JGD2011）を加工して作成",
BS-kP11-22-28-bs2257,bus_stop,グリーンエコー笠形,35.0719821,134.8116211,WGS84,591,笠形山,関西百名山,,,,TH-n1471753350(432m) TH-n1471752923(711m),operator=神河町; busType=コミュニティバス; busRoutes=作畑新田線,adopted,10,運行状況（季節運行・休止・予約制）を要確認、登山口から離れている（徒歩アプローチを要確認）,"国土数値情報（バス停留所データ）令和4年度（国土交通省）P11-22-28-bs2257（35.071982, 134.811621、JGD2011）を加工して作成",
BS-kP11-22-28-bs2258,bus_stop,グリーンエコー笠形,35.0719821,134.8116211,WGS84,591,笠形山,関西百名山,,,,TH-n1471753350(432m) TH-n1471752923(711m),operator=（株）ウイング神姫; busType=民間路線バス; busRoutes=粟賀　新野駅・粟賀～作畑新田・新田ふるさと村,adopted,10,運行状況（季節運行・休止・予約制）を要確認、登山口から離れている（徒歩アプローチを要確認）,"国土数値情報（バス停留所データ）令和4年度（国土交通省）P11-22-28-bs2258（35.071982, 134.811621、JGD2011）を加工して作成",
BS-kP11-22-28-bs2367,bus_stop,茶の里会館前,35.0642141,135.1483272,WGS84,600,白髪岳,関西百名山,,,,TH-kP11-22-28-bs2384(652m) TH-n2023952324(964m),operator=丹波篠山市; busType=コミュニティバス; busRoutes=コミバスハートラン・Aルート,adopted,10,運行状況（季節運行・休止・予約制）を要確認、登山口から離れている（徒歩アプローチを要確認）,"国土数値情報（バス停留所データ）令和4年度（国土交通省）P11-22-28-bs2367（35.064214, 135.148327、JGD2011）を加工して作成",
BS-kP11-22-28-bs2376,bus_stop,味間南,35.0633813,135.1703033,WGS84,600,白髪岳,関西百名山,,,,TH-n2023952915(667m),operator=丹波篠山市; busType=コミュニティバス; busRoutes=コミバスハートラン・Aルート,adopted,10,運行状況（季節運行・休止・予約制）を要確認、登山口から離れている（徒歩アプローチを要確認）,"国土数値情報（バス停留所データ）令和4年度（国土交通省）P11-22-28-bs2376（35.063381, 135.170303、JGD2011）を加工して作成 ｜ OpenStreetMap（© OpenStreetMap contributors, ODbL 1.0）Geofabrik japan-latest.osm.pbf 2026-09-23T20:22:04Z node/9816118746",
BS-kP11-22-28-bs2378,bus_stop,味間奥バイパス,35.0631009,135.1510871,WGS84,600,白髪岳,関西百名山,,,,TH-n2023952324(855m),operator=丹波篠山市; busType=コミュニティバス; busRoutes=コミバスハートラン・Aルート,adopted,10,運行状況（季節運行・休止・予約制）を要確認、登山口から離れている（徒歩アプローチを要確認）,"国土数値情報（バス停留所データ）令和4年度（国土交通省）P11-22-28-bs2378（35.063101, 135.151087、JGD2011）を加工して作成",
BS-kP11-22-28-bs2384,bus_stop,味間奥中,35.0626024,135.1414414,WGS84,600,白髪岳,関西百名山,,,,TH-kP11-22-28-bs2384(0m),operator=丹波篠山市; busType=コミュニティバス; busRoutes=コミバスハートラン・Aルート,adopted,10,運行状況（季節運行・休止・予約制）を要確認,"国土数値情報（バス停留所データ）令和4年度（国土交通省）P11-22-28-bs2384（35.062602, 135.141441、JGD2011）を加工して作成",
BS-kP11-22-28-bs2386,bus_stop,味間新,35.0623733,135.1664834,WGS84,600,白髪岳,関西百名山,,,,TH-n2023952915(421m),operator=丹波篠山市; busType=コミュニティバス; busRoutes=コミバスハートラン・Aルート,adopted,10,運行状況（季節運行・休止・予約制）を要確認,"国土数値情報（バス停留所データ）令和4年度（国土交通省）P11-22-28-bs2386（35.062373, 135.166483、JGD2011）を加工して作成",
BS-kP11-22-28-bs2389,bus_stop,熊野神社前,35.0621856,135.1358982,WGS84,600,白髪岳,関西百名山,,,,TH-kP11-22-28-bs2384(507m),operator=丹波篠山市; busType=コミュニティバス; busRoutes=コミバスハートラン・Aルート,adopted,10,運行状況（季節運行・休止・予約制）を要確認,"国土数値情報（バス停留所データ）令和4年度（国土交通省）P11-22-28-bs2389（35.062186, 135.135898、JGD2011）を加工して作成",
BS-kP11-22-28-bs2390,bus_stop,地蔵堂前,35.0621863,135.1609741,WGS84,600,白髪岳,関西百名山,,,,TH-n2023952915(595m),operator=丹波篠山市; busType=コミュニティバス; busRoutes=コミバスハートラン・Aルート,adopted,10,運行状況（季節運行・休止・予約制）を要確認,"国土数値情報（バス停留所データ）令和4年度（国土交通省）P11-22-28-bs2390（35.062186, 135.160974、JGD2011）を加工して作成",
BS-kP11-22-28-bs2445,bus_stop,篠山口駅,35.0565477,135.1762915,WGS84,600,白髪岳,関西百名山,,,,TH-n1560154171(498m),operator=（株）ウイング神姫; busType=民間路線バス; busRoutes=篠山・柏原　8 / 篠山・柏原　10．1 / 篠山・柏原　2,adopted,10,運行状況（季節運行・休止・予約制）を要確認,"国土数値情報（バス停留所データ）令和4年度（国土交通省）P11-22-28-bs2445（35.056548, 135.176292、JGD2011）を加工して作成 ｜ OpenStreetMap（© OpenStreetMap contributors, ODbL 1.0）Geofabrik japan-latest.osm.pbf 2026-09-23T20:22:04Z node/9041333555",
BS-kP11-22-28-bs2450,bus_stop,篠山口駅西口,35.0560925,135.1767887,WGS84,600,白髪岳,関西百名山,,,,TH-n1560154171(510m) TH-n1560154171(510m),operator=丹波篠山市; busType=コミュニティバス; busRoutes=コミバスハートラン・Aルート,adopted,10,運行状況（季節運行・休止・予約制）を要確認,"国土数値情報（バス停留所データ）令和4年度（国土交通省）P11-22-28-bs2450（35.056092, 135.176789、JGD2011）を加工して作成 ｜ OpenStreetMap（© OpenStreetMap contributors, ODbL 1.0）Geofabrik japan-latest.osm.pbf 2026-09-23T20:22:04Z node/9041333558",
BS-kP11-22-28-bs2559,bus_stop,寺家駐車場,35.038079,134.8344926,WGS84,591,笠形山,関西百名山,,,,TH-n1312957502(490m) TH-osm-w278201423(22m),operator=市川町; busType=コミュニティバス; busRoutes=瀬加・川辺,adopted,10,運行状況（季節運行・休止・予約制）を要確認,"国土数値情報（バス停留所データ）令和4年度（国土交通省）P11-22-28-bs2559（35.038079, 134.834493、JGD2011）を加工して作成",
BS-kP11-22-28-bs2561,bus_stop,寺家,35.0378568,134.8343912,WGS84,591,笠形山,関西百名山,,,,TH-n1312957502(515m) TH-osm-w278201423(17m),operator=市川町; busType=コミュニティバス; busRoutes=瀬加～神崎総合病院路線,adopted,10,運行状況（季節運行・休止・予約制）を要確認,"国土数値情報（バス停留所データ）令和4年度（国土交通省）P11-22-28-bs2561（35.037857, 134.834391、JGD2011）を加工して作成",
BS-kP11-22-28-bs2574,bus_stop,寺家口,35.0367966,134.8336055,WGS84,591,笠形山,関西百名山,,,,TH-n1312957502(653m) TH-osm-w278201423(150m),operator=市川町; busType=コミュニティバス; busRoutes=瀬加～神崎総合病院路線,adopted,10,運行状況（季節運行・休止・予約制）を要確認、登山口から離れている（徒歩アプローチを要確認）,"国土数値情報（バス停留所データ）令和4年度（国土交通省）P11-22-28-bs2574（35.036797, 134.833606、JGD2011）を加工して作成",
BS-kP11-22-28-bs2839,bus_stop,奥西谷北,34.9998409,134.7349106,WGS84,603,七種山,関西百名山,,,,TH-osm-n2246853541(972m),operator=市川町; busType=コミュニティバス; busRoutes=甘地,adopted,10,運行状況（季節運行・休止・予約制）を要確認、登山口から離れている（徒歩アプローチを要確認）,"国土数値情報（バス停留所データ）令和4年度（国土交通省）P11-22-28-bs2839（34.999841, 134.734911、JGD2011）を加工して作成",
BS-kP11-22-28-bs3692,bus_stop,ケーブル黒川駅,34.9213602,135.4498038,WGS84,615,妙見山,関西百名山,,,,TH-w301750772-2(951m) TH-w301750772-2(951m) TH-n1264700814(98m) TH-n1264700814(98m) TH-n1629277061(289m) TH-n1629277061(289m) TH-n1629277061(289m),operator=阪急バス（株）; busType=民間路線バス; busRoutes=妙見口能勢線（5、6系統） / 妙見口能勢線（8系統）,adopted,10,運行状況（季節運行・休止・予約制）を要確認、登山口から離れている（徒歩アプローチを要確認）,"国土数値情報（バス停留所データ）令和4年度（国土交通省）P11-22-28-bs3692（34.921360, 135.449804、JGD2011）を加工して作成 ｜ OpenStreetMap（© OpenStreetMap contributors, ODbL 1.0）Geofabrik japan-latest.osm.pbf 2026-09-23T20:22:04Z node/1264719807",
BS-kP11-22-28-bs5147,bus_stop,夕陽ヶ丘,34.8295759,134.7575406,WGS84,624,高御位山,関西百名山,,,,TH-n1342310314(98m),operator=神姫バス（株）; busType=民間路線バス; busRoutes=姫路北部22,adopted,10,運行状況（季節運行・休止・予約制）を要確認,"国土数値情報（バス停留所データ）令和4年度（国土交通省）P11-22-28-bs5147（34.829576, 134.757541、JGD2011）を加工して作成 ｜ OpenStreetMap（© OpenStreetMap contributors, ODbL 1.0）Geofabrik japan-latest.osm.pbf 2026-09-23T20:22:04Z node/10856110492",
BS-kP11-22-28-bs5189,bus_stop,深志野東口,34.8279079,134.7511548,WGS84,624,高御位山,関西百名山,,,,TH-n1342310314(616m),operator=神姫バス（株）; busType=民間路線バス; busRoutes=姫路北部22,adopted,10,運行状況（季節運行・休止・予約制）を要確認、登山口から離れている（徒歩アプローチを要確認）,"国土数値情報（バス停留所データ）令和4年度（国土交通省）P11-22-28-bs5189（34.827908, 134.751155、JGD2011）を加工して作成 ｜ OpenStreetMap（© OpenStreetMap contributors, ODbL 1.0）Geofabrik japan-latest.osm.pbf 2026-09-23T20:22:04Z node/10856110493",
BS-kP11-22-28-bs5372,bus_stop,木工団地,34.8204806,134.7498119,WGS84,624,高御位山,関西百名山,,,,TH-n10856110499(395m),operator=神姫バス（株）; busType=民間路線バス; busRoutes=姫路北部22,adopted,10,運行状況（季節運行・休止・予約制）を要確認,"国土数値情報（バス停留所データ）令和4年度（国土交通省）P11-22-28-bs5372（34.820481, 134.749812、JGD2011）を加工して作成 ｜ OpenStreetMap（© OpenStreetMap contributors, ODbL 1.0）Geofabrik japan-latest.osm.pbf 2026-09-23T20:22:04Z node/10856110498",
BS-kP11-22-28-bs5402,bus_stop,東畑,34.8192428,135.1278809,WGS84,627,帝釈山,関西百名山,,,,TH-n1842678695(688m),operator=神姫バス（株）; busType=民間路線バス; busRoutes=三田駅周辺15 / 三田駅周辺115 / 三田駅周辺　岡場駅前～藤原台北町5丁目・吉尾インター～屏風辻～淡河,adopted,10,運行状況（季節運行・休止・予約制）を要確認、登山口から離れている（徒歩アプローチを要確認）,"国土数値情報（バス停留所データ）令和4年度（国土交通省）P11-22-28-bs5402（34.819243, 135.127881、JGD2011）を加工して作成",
BS-kP11-22-28-bs5419,bus_stop,西原,34.8187047,134.8019757,WGS84,624,高御位山,関西百名山,,,,TH-n1668477327(628m),operator=加古川市かこばすミニ運営; busType=民間路線バス; busRoutes=かこバスミニ・志方西ルート; network=かこタクシー,adopted,10,運行状況（季節運行・休止・予約制）を要確認、登山口から離れている（徒歩アプローチを要確認）,"国土数値情報（バス停留所データ）令和4年度（国土交通省）P11-22-28-bs5419（34.818705, 134.801976、JGD2011）を加工して作成 ｜ OpenStreetMap（© OpenStreetMap contributors, ODbL 1.0）Geofabrik japan-latest.osm.pbf 2026-09-23T20:22:04Z node/6791896906",
BS-kP11-22-28-bs5420,bus_stop,淡河中学校,34.8186895,135.1244373,WGS84,627,帝釈山,関西百名山,,,,TH-n1842678695(543m),operator=神姫バス（株）; busType=民間路線バス; busRoutes=三田駅周辺15 / 三田駅周辺115 / 三田駅周辺　岡場駅前～藤原台北町5丁目・吉尾インター～屏風辻～淡河,adopted,10,運行状況（季節運行・休止・予約制）を要確認,"国土数値情報（バス停留所データ）令和4年度（国土交通省）P11-22-28-bs5420（34.818689, 135.124437、JGD2011）を加工して作成",
BS-kP11-22-28-bs5434,bus_stop,行原,34.8181412,135.1209804,WGS84,627,帝釈山,関西百名山,,,,TH-n1842678695(568m) TH-n1842678087(759m),operator=神姫バス（株）; busType=民間路線バス; busRoutes=三田駅周辺15 / 三田駅周辺115 / 三田駅周辺　岡場駅前～藤原台北町5丁目・吉尾インター～屏風辻～淡河,adopted,10,運行状況（季節運行・休止・予約制）を要確認、登山口から離れている（徒歩アプローチを要確認）,"国土数値情報（バス停留所データ）令和4年度（国土交通省）P11-22-28-bs5434（34.818141, 135.120980、JGD2011）を加工して作成",
BS-kP11-22-28-bs5438,bus_stop,佐土新,34.8180482,134.7529318,WGS84,624,高御位山,関西百名山,,,,TH-n10856110499(5m) TH-n10856110499(5m) TH-n1342305135(508m) TH-n1342305135(508m),operator=神姫バス（株）; busType=民間路線バス; busRoutes=姫路北部22,adopted,10,運行状況（季節運行・休止・予約制）を要確認,"国土数値情報（バス停留所データ）令和4年度（国土交通省）P11-22-28-bs5438（34.818048, 134.752932、JGD2011）を加工して作成 ｜ OpenStreetMap（© OpenStreetMap contributors, ODbL 1.0）Geofabrik japan-latest.osm.pbf 2026-09-23T20:22:04Z node/10856110499",
BS-kP11-22-28-bs5463,bus_stop,萩原,34.8168229,135.1086274,WGS84,627,帝釈山,関西百名山,,,,TH-n1842675127(966m) TH-n1842678087(821m),operator=神姫バス（株）; busType=民間路線バス; busRoutes=三田駅周辺15 / 三田駅周辺115 / 三田駅周辺　岡場駅前～藤原台北町5丁目・吉尾インター～屏風辻～淡河,adopted,10,運行状況（季節運行・休止・予約制）を要確認、登山口から離れている（徒歩アプローチを要確認）,"国土数値情報（バス停留所データ）令和4年度（国土交通省）P11-22-28-bs5463（34.816823, 135.108627、JGD2011）を加工して作成",
BS-kP11-22-28-bs5468,bus_stop,ヴィラ播磨前,34.8166964,134.8026328,WGS84,624,高御位山,関西百名山,,,,TH-n1668477701(247m) TH-n1668477327(469m),operator=加古川市かこばすミニ運営; busType=民間路線バス; busRoutes=かこバスミニ・志方西ルート; network=かこタクシー,adopted,10,運行状況（季節運行・休止・予約制）を要確認,"国土数値情報（バス停留所データ）令和4年度（国土交通省）P11-22-28-bs5468（34.816696, 134.802633、JGD2011）を加工して作成 ｜ OpenStreetMap（© OpenStreetMap contributors, ODbL 1.0）Geofabrik japan-latest.osm.pbf 2026-09-23T20:22:04Z node/6791896905",
BS-kP11-22-28-bs5472,bus_stop,淡河出張所前,34.816483,135.1119887,WGS84,627,帝釈山,関西百名山,,,,TH-n1842675127(967m) TH-n1842678087(565m),operator=神姫バス（株）; busType=民間路線バス; busRoutes=三田駅周辺15 / 三田駅周辺115 / 三田駅周辺　岡場駅前～藤原台北町5丁目・吉尾インター～屏風辻～淡河,adopted,10,運行状況（季節運行・休止・予約制）を要確認、登山口から離れている（徒歩アプローチを要確認）,"国土数値情報（バス停留所データ）令和4年度（国土交通省）P11-22-28-bs5472（34.816483, 135.111989、JGD2011）を加工して作成",
BS-kP11-22-28-bs5504,bus_stop,こども療育センター前,34.8151958,134.8089182,WGS84,624,高御位山,関西百名山,,,,TH-w1150059209(59m),operator=加古川市かこばすミニ運営; busType=民間路線バス; busRoutes=かこバスミニ・志方中ルート（こども療育センター経由）,adopted,10,運行状況（季節運行・休止・予約制）を要確認,"国土数値情報（バス停留所データ）令和4年度（国土交通省）P11-22-28-bs5504（34.815196, 134.808918、JGD2011）を加工して作成",
BS-kP11-22-28-bs5509,bus_stop,地域産業振興センター前,34.8151169,134.8082011,WGS84,624,高御位山,関西百名山,,,,TH-w1150059209(27m) TH-n1668477701(429m),operator=加古川市かこばすミニ運営; busType=民間路線バス; busRoutes=かこバスミニ・志方西ルート; network=かこタクシー,adopted,10,運行状況（季節運行・休止・予約制）を要確認,"国土数値情報（バス停留所データ）令和4年度（国土交通省）P11-22-28-bs5509（34.815117, 134.808201、JGD2011）を加工して作成 ｜ OpenStreetMap（© OpenStreetMap contributors, ODbL 1.0）Geofabrik japan-latest.osm.pbf 2026-09-23T20:22:04Z node/6791896902",
BS-kP11-22-28-bs5516,bus_stop,東中学校前,34.814703,134.7508909,WGS84,624,高御位山,関西百名山,,,,TH-n1342305135(538m),operator=神姫バス（株）; busType=民間路線バス; busRoutes=姫路北部22,adopted,10,運行状況（季節運行・休止・予約制）を要確認,"国土数値情報（バス停留所データ）令和4年度（国土交通省）P11-22-28-bs5516（34.814703, 134.750891、JGD2011）を加工して作成 ｜ OpenStreetMap（© OpenStreetMap contributors, ODbL 1.0）Geofabrik japan-latest.osm.pbf 2026-09-23T20:22:04Z node/10856110501",
BS-kP11-22-28-bs5520,bus_stop,（成井）フロッシュ前,34.8144278,134.8036112,WGS84,624,高御位山,関西百名山,,,,TH-n1668477701(19m) TH-n1668477327(409m),operator=加古川市かこばすミニ運営; busType=民間路線バス; busRoutes=かこバスミニ・志方西ルート; network=かこタクシー,adopted,10,運行状況（季節運行・休止・予約制）を要確認,"国土数値情報（バス停留所データ）令和4年度（国土交通省）P11-22-28-bs5520（34.814428, 134.803611、JGD2011）を加工して作成 ｜ OpenStreetMap（© OpenStreetMap contributors, ODbL 1.0）Geofabrik japan-latest.osm.pbf 2026-09-23T20:22:04Z node/6791896903",
BS-kP11-22-28-bs5523,bus_stop,淡河本町北,34.8143256,135.0976573,WGS84,627,帝釈山,関西百名山,,,,TH-kP11-22-28-bs5568(225m),operator=神姫バス（株）; busType=民間路線バス; busRoutes=三木・小野・社　三宮～淡河本町南～みなぎ台～吉川図書館前（夏ルート・冬ルート）; network=神姫バス三田,adopted,10,運行状況（季節運行・休止・予約制）を要確認,"国土数値情報（バス停留所データ）令和4年度（国土交通省）P11-22-28-bs5523（34.814326, 135.097657、JGD2011）を加工して作成 ｜ OpenStreetMap（© OpenStreetMap contributors, ODbL 1.0）Geofabrik japan-latest.osm.pbf 2026-09-23T20:22:04Z node/11416798849",
BS-kP11-22-28-bs5524,bus_stop,学校下,34.8142848,135.1026532,WGS84,627,帝釈山,関西百名山,,,,TH-n1842675127(897m),operator=神姫バス（株）; busType=民間路線バス; busRoutes=三田駅周辺15 / 三田駅周辺115 / 三田駅周辺　岡場駅前～藤原台北町5丁目・吉尾インター～屏風辻～淡河,adopted,10,運行状況（季節運行・休止・予約制）を要確認、登山口から離れている（徒歩アプローチを要確認）,"国土数値情報（バス停留所データ）令和4年度（国土交通省）P11-22-28-bs5524（34.814285, 135.102653、JGD2011）を加工して作成",
BS-kP11-22-28-bs5537,bus_stop,淡河本町,34.8137023,135.0981359,WGS84,627,帝釈山,関西百名山,,,,TH-kP11-22-28-bs5568(144m),operator=神姫バス（株）; busType=民間路線バス; busRoutes=三田駅周辺15 / 三田駅周辺115 / 三田駅周辺　岡場駅前～藤原台北町5丁目・吉尾インター～屏風辻～淡河,adopted,10,運行状況（季節運行・休止・予約制）を要確認,"国土数値情報（バス停留所データ）令和4年度（国土交通省）P11-22-28-bs5537（34.813702, 135.098136、JGD2011）を加工して作成",
BS-kP11-22-28-bs5568,bus_stop,淡河本町南,34.8125814,135.0989325,WGS84,627,帝釈山,関西百名山,,,,TH-kP11-22-28-bs5568(0m),operator=神姫バス（株）; busType=民間路線バス; busRoutes=三木・小野・社　三宮～淡河本町南～みなぎ台～吉川図書館前（夏ルート・冬ルート）,adopted,10,運行状況（季節運行・休止・予約制）を要確認,"国土数値情報（バス停留所データ）令和4年度（国土交通省）P11-22-28-bs5568（34.812581, 135.098932、JGD2011）を加工して作成",
BS-kP11-22-28-bs5574,bus_stop,西城後公園,34.8123814,134.8097934,WGS84,624,高御位山,関西百名山,,,,TH-w1150059209(355m),operator=加古川市かこばすミニ運営; busType=民間路線バス; busRoutes=かこバスミニ・志方西ルート / かこバスミニ・志方中ルート（こども療育センター経由）; network=かこタクシー,adopted,10,運行状況（季節運行・休止・予約制）を要確認,"国土数値情報（バス停留所データ）令和4年度（国土交通省）P11-22-28-bs5574（34.812381, 134.809793、JGD2011）を加工して作成 ｜ OpenStreetMap（© OpenStreetMap contributors, ODbL 1.0）Geofabrik japan-latest.osm.pbf 2026-09-23T20:22:04Z node/6791896890",
BS-kP11-22-28-bs5722,bus_stop,鹿島神社,34.8069739,134.7775464,WGS84,624,高御位山,関西百名山,,,,TH-kP11-22-28-bs5722(0m) TH-n1342088597(310m),operator=神姫バス（株）; busType=民間路線バス; busRoutes=姫路北部21,adopted,10,運行状況（季節運行・休止・予約制）を要確認,"国土数値情報（バス停留所データ）令和4年度（国土交通省）P11-22-28-bs5722（34.806974, 134.777546、JGD2011）を加工して作成 ｜ OpenStreetMap（© OpenStreetMap contributors, ODbL 1.0）Geofabrik japan-latest.osm.pbf 2026-09-23T20:22:04Z node/5178659531",
BS-kP11-22-28-bs5795,bus_stop,霊園前,34.8041322,134.782705,WGS84,624,高御位山,関西百名山,,,,TH-n1342088505(828m),operator=神姫バス（株）; busType=民間路線バス; busRoutes=姫路北部21,adopted,10,運行状況（季節運行・休止・予約制）を要確認、登山口から離れている（徒歩アプローチを要確認）,"国土数値情報（バス停留所データ）令和4年度（国土交通省）P11-22-28-bs5795（34.804132, 134.782705、JGD2011）を加工して作成 ｜ OpenStreetMap（© OpenStreetMap contributors, ODbL 1.0）Geofabrik japan-latest.osm.pbf 2026-09-23T20:22:04Z node/2604549379",
BS-kP11-22-28-bs5885,bus_stop,有馬東口,34.8006539,135.2527765,WGS84,628,六甲最高峰,日本三百名山|関西百名山,,,,TH-n2928687706(762m),operator=西宮市; busType=コミュニティバス; busRoutes=さくらやまなみバス（金仙寺系統・有馬系統）; network=芦屋有馬線,adopted,10,運行状況（季節運行・休止・予約制）を要確認、登山口から離れている（徒歩アプローチを要確認）,"国土数値情報（バス停留所データ）令和4年度（国土交通省）P11-22-28-bs5885（34.800654, 135.252776、JGD2011）を加工して作成 ｜ OpenStreetMap（© OpenStreetMap contributors, ODbL 1.0）Geofabrik japan-latest.osm.pbf 2026-09-23T20:22:04Z node/5212601641",
BS-kP11-22-28-bs5930,bus_stop,有馬温泉,34.7989577,135.2471617,WGS84,628,六甲最高峰,日本三百名山|関西百名山,,,,TH-n12345111564(327m) TH-n1842381862(747m),operator=神姫バス（株）; busType=民間路線バス; busRoutes=三田駅周辺69,adopted,10,運行状況（季節運行・休止・予約制）を要確認、登山口から離れている（徒歩アプローチを要確認）,"国土数値情報（バス停留所データ）令和4年度（国土交通省）P11-22-28-bs5930（34.798958, 135.247162、JGD2011）を加工して作成",
BS-kP11-22-28-bs5954,bus_stop,有馬西口,34.7981541,135.2416303,WGS84,628,六甲最高峰,日本三百名山|関西百名山,,,,TH-n2921600660(876m),operator=神姫バス（株）; busType=民間路線バス; busRoutes=神戸市中心部　有馬温泉（太閤橋）～三宮駅前; network=三宮有馬線,adopted,10,運行状況（季節運行・休止・予約制）を要確認、登山口から離れている（徒歩アプローチを要確認）,"国土数値情報（バス停留所データ）令和4年度（国土交通省）P11-22-28-bs5954（34.798154, 135.241630、JGD2011）を加工して作成 ｜ OpenStreetMap（© OpenStreetMap contributors, ODbL 1.0）Geofabrik japan-latest.osm.pbf 2026-09-23T20:22:04Z node/5163067258",
BS-kP11-22-28-bs6003,bus_stop,瑞宝寺公園前,34.7968497,135.2573989,WGS84,628,六甲最高峰,日本三百名山|関西百名山,,,,TH-n2928687706(290m) TH-n2928687706(290m),operator=阪急バス（株）; busType=民間路線バス; busRoutes=芦屋有馬線（80、81系統）; network=芦屋有馬線,adopted,10,運行状況（季節運行・休止・予約制）を要確認,"国土数値情報（バス停留所データ）令和4年度（国土交通省）P11-22-28-bs6003（34.796850, 135.257399、JGD2011）を加工して作成 ｜ OpenStreetMap（© OpenStreetMap contributors, ODbL 1.0）Geofabrik japan-latest.osm.pbf 2026-09-23T20:22:04Z node/5199903680",
BS-kP11-22-28-bs6402,bus_stop,宝殿橋,34.7811106,135.275695,WGS84,628,六甲最高峰,日本三百名山|関西百名山,,,,TH-n8487738855(820m),operator=阪急バス（株）; busType=民間路線バス; busRoutes=芦屋有馬線（80、81系統）; network=芦屋有馬線,adopted,10,運行状況（季節運行・休止・予約制）を要確認、登山口から離れている（徒歩アプローチを要確認）,"国土数値情報（バス停留所データ）令和4年度（国土交通省）P11-22-28-bs6402（34.781111, 135.275695、JGD2011）を加工して作成 ｜ OpenStreetMap（© OpenStreetMap contributors, ODbL 1.0）Geofabrik japan-latest.osm.pbf 2026-09-23T20:22:04Z node/5199903635",
BS-kP11-22-28-bs6764,bus_stop,東下,34.7643255,135.1236047,WGS84,627,帝釈山,関西百名山,,,,TH-n11416798863(10m) TH-n11416798863(10m) TH-n1842372536(729m) TH-n1842372536(729m),operator=神戸市; busType=公営路線バス; busRoutes=111系統（神戸市）; network=神戸市バス,adopted,10,運行状況（季節運行・休止・予約制）を要確認、登山口から離れている（徒歩アプローチを要確認）,"国土数値情報（バス停留所データ）令和4年度（国土交通省）P11-22-28-bs6764（34.764325, 135.123605、JGD2011）を加工して作成 ｜ OpenStreetMap（© OpenStreetMap contributors, ODbL 1.0）Geofabrik japan-latest.osm.pbf 2026-09-23T20:22:04Z node/11416798863",
BS-kP11-22-28-bs6776,bus_stop,丹生神社前,34.7638307,135.115904,WGS84,627,帝釈山,関西百名山,,,,TH-ksj-P11-22-28-bs6776(0m) TH-ksj-P11-22-28-bs6776(0m),operator=神戸市; busType=公営路線バス; busRoutes=111系統（神戸市）; network=神戸市バス,adopted,10,運行状況（季節運行・休止・予約制）を要確認,"国土数値情報（バス停留所データ）令和4年度（国土交通省）P11-22-28-bs6776（34.763831, 135.115904、JGD2011）を加工して作成 ｜ OpenStreetMap（© OpenStreetMap contributors, ODbL 1.0）Geofabrik japan-latest.osm.pbf 2026-09-23T20:22:04Z node/11416798860",
BS-kP11-22-28-bs6801,bus_stop,七社前,34.7631381,135.1207197,WGS84,627,帝釈山,関西百名山,,,,TH-n11416798863(303m) TH-n1842372536(828m) TH-ksj-P11-22-28-bs6776(447m),operator=神戸市; busType=公営路線バス; busRoutes=111系統（神戸市）; network=神戸市バス,adopted,10,運行状況（季節運行・休止・予約制）を要確認、登山口から離れている（徒歩アプローチを要確認）,"国土数値情報（バス停留所データ）令和4年度（国土交通省）P11-22-28-bs6801（34.763138, 135.120720、JGD2011）を加工して作成 ｜ OpenStreetMap（© OpenStreetMap contributors, ODbL 1.0）Geofabrik japan-latest.osm.pbf 2026-09-23T20:22:04Z node/11416798861",
BS-kP11-22-28-bs7073,bus_stop,六甲山牧場,34.7519374,135.2086562,WGS84,633,摩耶山,関西百名山,,,,TH-kP11-22-28-bs7073(0m) TH-kP11-22-28-bs7073(0m) TH-kP11-22-28-bs7073(0m),operator=阪急バス（株）・六甲山観光（株）; busType=民間路線バス; busRoutes=六甲摩耶スカイシャトルバス,adopted,10,運行状況（季節運行・休止・予約制）を要確認,"国土数値情報（バス停留所データ）令和4年度（国土交通省）P11-22-28-bs7073（34.751937, 135.208656、JGD2011）を加工して作成 ｜ OpenStreetMap（© OpenStreetMap contributors, ODbL 1.0）Geofabrik japan-latest.osm.pbf 2026-09-23T20:22:04Z node/5198817243",
BS-kP11-22-28-bs7578,bus_stop,摩耶ロープウェイ山上駅,34.7341623,135.2056908,WGS84,633,摩耶山,関西百名山,,,,TH-w283112929(59m) TH-w283112929(59m) TH-w283112929(59m),operator=阪急バス（株）・六甲山観光（株）; busType=民間路線バス; busRoutes=六甲摩耶スカイシャトルバス,adopted,10,運行状況（季節運行・休止・予約制）を要確認,"国土数値情報（バス停留所データ）令和4年度（国土交通省）P11-22-28-bs7578（34.734162, 135.205691、JGD2011）を加工して作成 ｜ OpenStreetMap（© OpenStreetMap contributors, ODbL 1.0）Geofabrik japan-latest.osm.pbf 2026-09-23T20:22:04Z node/5198817140",
BS-kP11-22-28-bs7902,bus_stop,再度公園,34.7238713,135.1765586,WGS84,633,摩耶山,関西百名山,,,,TH-w457422879(605m),operator=神戸市; busType=公営路線バス; busRoutes=25系統（神戸市）,adopted,10,運行状況（季節運行・休止・予約制）を要確認、登山口から離れている（徒歩アプローチを要確認）,"国土数値情報（バス停留所データ）令和4年度（国土交通省）P11-22-28-bs7902（34.723871, 135.176559、JGD2011）を加工して作成",
BS-kP11-22-28-bs7906,bus_stop,灘丸山公園前,34.7238015,135.2210536,WGS84,633,摩耶山,関西百名山,,,,TH-n1733817344(256m),operator=神戸市; busType=公営路線バス; busRoutes=102系統（神戸市）,adopted,10,運行状況（季節運行・休止・予約制）を要確認,"国土数値情報（バス停留所データ）令和4年度（国土交通省）P11-22-28-bs7906（34.723801, 135.221054、JGD2011）を加工して作成 ｜ OpenStreetMap（© OpenStreetMap contributors, ODbL 1.0）Geofabrik japan-latest.osm.pbf 2026-09-23T20:22:04Z node/8984491192",
BS-kP11-22-28-bs7932,bus_stop,美野丘小学校前,34.722596,135.2202837,WGS84,633,摩耶山,関西百名山,,,,TH-n1733817344(368m),operator=神戸市; busType=公営路線バス; busRoutes=102系統（神戸市）,adopted,10,運行状況（季節運行・休止・予約制）を要確認,"国土数値情報（バス停留所データ）令和4年度（国土交通省）P11-22-28-bs7932（34.722596, 135.220284、JGD2011）を加工して作成",
BS-kP11-22-28-bs7945,bus_stop,箕岡通,34.7221619,135.2221271,WGS84,633,摩耶山,関西百名山,,,,TH-n1733817344(462m),operator=神戸市; busType=公営路線バス; busRoutes=102系統（神戸市）,adopted,10,運行状況（季節運行・休止・予約制）を要確認,"国土数値情報（バス停留所データ）令和4年度（国土交通省）P11-22-28-bs7945（34.722162, 135.222127、JGD2011）を加工して作成 ｜ OpenStreetMap（© OpenStreetMap contributors, ODbL 1.0）Geofabrik japan-latest.osm.pbf 2026-09-23T20:22:04Z node/8984493224",
BS-kP11-22-28-bs8033,bus_stop,摩耶ケーブル下,34.7197404,135.2162963,WGS84,633,摩耶山,関西百名山,,,,TH-w128992066(21m) TH-w128992066(21m) TH-w128992066(21m) TH-w183841007(430m) TH-w183841007(430m) TH-w183841007(430m),operator=神戸市; busType=公営路線バス; busRoutes=18系統（神戸市） / 102系統（神戸市） / 急行; network=坂バス,adopted,10,運行状況（季節運行・休止・予約制）を要確認,"国土数値情報（バス停留所データ）令和4年度（国土交通省）P11-22-28-bs8033（34.719740, 135.216296、JGD2011）を加工して作成 ｜ OpenStreetMap（© OpenStreetMap contributors, ODbL 1.0）Geofabrik japan-latest.osm.pbf 2026-09-23T20:22:04Z node/9143558256",
BS-kP11-22-28-bs8149,bus_stop,大竜寺,34.716148,135.1801081,WGS84,633,摩耶山,関西百名山,,,,TH-n2921600635(994m) TH-w457422879(709m) TH-w457422879(709m),operator=神戸市; busType=公営路線バス; busRoutes=25系統（神戸市）,adopted,10,運行状況（季節運行・休止・予約制）を要確認、登山口から離れている（徒歩アプローチを要確認）,"国土数値情報（バス停留所データ）令和4年度（国土交通省）P11-22-28-bs8149（34.716148, 135.180108、JGD2011）を加工して作成 ｜ OpenStreetMap（© OpenStreetMap contributors, ODbL 1.0）Geofabrik japan-latest.osm.pbf 2026-09-23T20:22:04Z node/4535581655",
BS-kP11-22-28-bs8389,bus_stop,新神戸駅,34.7061088,135.1959419,WGS84,633,摩耶山,関西百名山,,,,TH-n2873978519(29m) TH-n2873978519(29m) TH-n2921600634(800m) TH-n2921600634(800m),operator=みなと観光バス（株）（神戸市）; busType=民間路線バス; busRoutes=21系統 / 211系統 / 22系統; network=三宮有馬線,adopted,10,運行状況（季節運行・休止・予約制）を要確認、登山口から離れている（徒歩アプローチを要確認）,"国土数値情報（バス停留所データ）令和4年度（国土交通省）P11-22-28-bs8389（34.706109, 135.195942、JGD2011）を加工して作成 ｜ OpenStreetMap（© OpenStreetMap contributors, ODbL 1.0）Geofabrik japan-latest.osm.pbf 2026-09-23T20:22:04Z node/5163068147",
BS-kP11-22-28-bs8390,bus_stop,新神戸駅,34.7061088,135.1959419,WGS84,633,摩耶山,関西百名山,,,,TH-n2873978519(29m),operator=阪急バス（株）; busType=民間路線バス; busRoutes=三宮有馬線（6系統）,adopted,10,運行状況（季節運行・休止・予約制）を要確認,"国土数値情報（バス停留所データ）令和4年度（国土交通省）P11-22-28-bs8390（34.706109, 135.195942、JGD2011）を加工して作成",
BS-kP11-22-28-bs8395,bus_stop,新神戸駅前,34.7060252,135.1957622,WGS84,633,摩耶山,関西百名山,,,,TH-n2921600631(247m) TH-n2921600634(800m),operator=神戸市; busType=公営路線バス; busRoutes=18系統（神戸市） / 64系統（神戸市） / 急行; network=神戸市バス,adopted,10,運行状況（季節運行・休止・予約制）を要確認、登山口から離れている（徒歩アプローチを要確認）,"国土数値情報（バス停留所データ）令和4年度（国土交通省）P11-22-28-bs8395（34.706025, 135.195762、JGD2011）を加工して作成 ｜ OpenStreetMap（© OpenStreetMap contributors, ODbL 1.0）Geofabrik japan-latest.osm.pbf 2026-09-23T20:22:04Z node/11368737406",
BS-kP11-22-28-bs8436,bus_stop,布引,34.7042657,135.1963194,WGS84,633,摩耶山,関西百名山,,,,TH-n2921600631(234m),operator=神戸市; busType=公営路線バス; busRoutes=2系統（神戸市） / 18系統（神戸市） / 92系統（神戸市）,adopted,10,運行状況（季節運行・休止・予約制）を要確認,"国土数値情報（バス停留所データ）令和4年度（国土交通省）P11-22-28-bs8436（34.704266, 135.196319、JGD2011）を加工して作成 ｜ OpenStreetMap（© OpenStreetMap contributors, ODbL 1.0）Geofabrik japan-latest.osm.pbf 2026-09-23T20:22:04Z node/1447033852",
BS-kP11-22-28-bs8443,bus_stop,神戸布引ハーブ園ロープウェイ,34.703816,135.1949221,WGS84,633,摩耶山,関西百名山,,,,TH-n2921600631(129m),operator=神姫バス（株）; busType=民間路線バス; busRoutes=神戸市中心部　新神戸駅前～北野異人館～新神戸駅前; network=シティー・ループ,adopted,10,運行状況（季節運行・休止・予約制）を要確認,"国土数値情報（バス停留所データ）令和4年度（国土交通省）P11-22-28-bs8443（34.703816, 135.194922、JGD2011）を加工して作成 ｜ OpenStreetMap（© OpenStreetMap contributors, ODbL 1.0）Geofabrik japan-latest.osm.pbf 2026-09-23T20:22:04Z node/6033572385",
BS-kP11-22-28-bs8968,bus_stop,名谷駅前,34.6791624,135.0938511,WGS84,637,横尾山,関西百名山,,,,TH-n5588254995(101m) TH-n5588254995(101m) TH-n5588254995(101m),operator=神戸市; busType=公営路線バス; busRoutes=70系統（神戸市） / 73系統（神戸市） / 74系統（神戸市）,adopted,10,運行状況（季節運行・休止・予約制）を要確認,"国土数値情報（バス停留所データ）令和4年度（国土交通省）P11-22-28-bs8968（34.679162, 135.093851、JGD2011）を加工して作成 ｜ OpenStreetMap（© OpenStreetMap contributors, ODbL 1.0）Geofabrik japan-latest.osm.pbf 2026-09-23T20:22:04Z node/8015359146",
BS-kP11-22-28-bs899,bus_stop,ハチ高原,35.3838013,134.5337768,WGS84,483,鉢伏山,関西百名山,,,,TH-w97190003(237m) TH-n4489493920(805m) TH-n4489493922(834m),operator=養父市; busType=コミュニティバス; busRoutes=関宮ふれあいバス［ハチ高原線］,adopted,10,運行状況（季節運行・休止・予約制）を要確認、登山口から離れている（徒歩アプローチを要確認）,"国土数値情報（バス停留所データ）令和4年度（国土交通省）P11-22-28-bs899（35.383801, 134.533777、JGD2011）を加工して作成",
BS-kP11-22-28-bs9027,bus_stop,妙法寺駅前,34.6757672,135.1104986,WGS84,637,横尾山,関西百名山,,,,TH-n5537346069(108m) TH-n5537346069(108m) TH-n5537346069(108m) TH-n5564323742(230m) TH-n5564323742(230m) TH-n5564323742(230m),operator=神戸市; busType=公営路線バス; busRoutes=5系統（神戸市） / 73系統（神戸市） / 87系統（神戸市）,adopted,10,運行状況（季節運行・休止・予約制）を要確認,"国土数値情報（バス停留所データ）令和4年度（国土交通省）P11-22-28-bs9027（34.675767, 135.110499、JGD2011）を加工して作成 ｜ OpenStreetMap（© OpenStreetMap contributors, ODbL 1.0）Geofabrik japan-latest.osm.pbf 2026-09-23T20:22:04Z node/8015529515",
BS-kP11-22-28-bs9041,bus_stop,湊町2丁目,34.6748989,135.1724223,WGS84,637,横尾山,関西百名山,,,,TH-n13255278248(188m) TH-n13255278248(188m),operator=神戸市; busType=公営路線バス; busRoutes=3系統,adopted,10,運行状況（季節運行・休止・予約制）を要確認,"国土数値情報（バス停留所データ）令和4年度（国土交通省）P11-22-28-bs9041（34.674899, 135.172422、JGD2011）を加工して作成 ｜ OpenStreetMap（© OpenStreetMap contributors, ODbL 1.0）Geofabrik japan-latest.osm.pbf 2026-09-23T20:22:04Z node/9682744471",
BS-kP11-22-28-bs9074,bus_stop,永沢町,34.6731955,135.168786,WGS84,637,横尾山,関西百名山,,,,TH-n13255278248(310m),operator=神戸市; busType=公営路線バス; busRoutes=4系統（神戸市） / 6系統 / 95系統（神戸市）; network=神戸市バス,adopted,10,運行状況（季節運行・休止・予約制）を要確認,"国土数値情報（バス停留所データ）令和4年度（国土交通省）P11-22-28-bs9074（34.673195, 135.168786、JGD2011）を加工して作成 ｜ OpenStreetMap（© OpenStreetMap contributors, ODbL 1.0）Geofabrik japan-latest.osm.pbf 2026-09-23T20:22:04Z node/9672020779",
BS-kP11-22-28-bs9101,bus_stop,奥畑口,34.6713799,135.0770554,WGS84,637,横尾山,関西百名山,,,,TH-n6881086223(139m) TH-n6881086223(139m),operator=神戸市・山陽バス（株）; busType=その他; busRoutes=15系統,adopted,10,運行状況（季節運行・休止・予約制）を要確認,"国土数値情報（バス停留所データ）令和4年度（国土交通省）P11-22-28-bs9101（34.671380, 135.077055、JGD2011）を加工して作成 ｜ OpenStreetMap（© OpenStreetMap contributors, ODbL 1.0）Geofabrik japan-latest.osm.pbf 2026-09-23T20:22:04Z node/8018093186",
BS-kP11-22-28-bs9157,bus_stop,鷹取団地前,34.6693431,135.1362001,WGS84,637,横尾山,関西百名山,,,,TH-n13309695201(273m),operator=神戸市; busType=公営路線バス; busRoutes=11系統（神戸市） / 13系統（神戸市） / 110系統（神戸市）,adopted,10,運行状況（季節運行・休止・予約制）を要確認,"国土数値情報（バス停留所データ）令和4年度（国土交通省）P11-22-28-bs9157（34.669343, 135.136200、JGD2011）を加工して作成 ｜ OpenStreetMap（© OpenStreetMap contributors, ODbL 1.0）Geofabrik japan-latest.osm.pbf 2026-09-23T20:22:04Z node/8041545037",
BS-kP11-22-28-bs9199,bus_stop,育英高校前,34.6673141,135.1350866,WGS84,637,横尾山,関西百名山,,,,TH-n13309695201(26m) TH-n13309695201(26m),operator=神戸市; busType=公営路線バス; busRoutes=11系統（神戸市） / 13系統（神戸市） / 110系統（神戸市）,adopted,10,運行状況（季節運行・休止・予約制）を要確認,"国土数値情報（バス停留所データ）令和4年度（国土交通省）P11-22-28-bs9199（34.667314, 135.135087、JGD2011）を加工して作成 ｜ OpenStreetMap（© OpenStreetMap contributors, ODbL 1.0）Geofabrik japan-latest.osm.pbf 2026-09-23T20:22:04Z node/8041545038",
BS-kP11-22-28-bs9304,bus_stop,前池橋,34.6611223,135.1314034,WGS84,637,横尾山,関西百名山,,,,TH-n2117457129(171m),operator=神戸市; busType=公営路線バス; busRoutes=112系統（神戸市）,adopted,10,運行状況（季節運行・休止・予約制）を要確認,"国土数値情報（バス停留所データ）令和4年度（国土交通省）P11-22-28-bs9304（34.661122, 135.131403、JGD2011）を加工して作成 ｜ OpenStreetMap（© OpenStreetMap contributors, ODbL 1.0）Geofabrik japan-latest.osm.pbf 2026-09-23T20:22:04Z node/8264261882",
BS-kP11-22-28-bs9305,bus_stop,前池橋,34.6611223,135.1314034,WGS84,637,横尾山,関西百名山,,,,TH-n2117457129(171m),operator=神姫バス（株）; busType=民間路線バス; busRoutes=神戸市中心部　区,adopted,10,運行状況（季節運行・休止・予約制）を要確認,"国土数値情報（バス停留所データ）令和4年度（国土交通省）P11-22-28-bs9305（34.661122, 135.131403、JGD2011）を加工して作成",
BS-kP11-22-28-bs9306,bus_stop,前池橋,34.6611223,135.1314034,WGS84,637,横尾山,関西百名山,,,,TH-n2117457129(171m),operator=神戸市・神姫バス（株）; busType=その他; busRoutes=75系統,adopted,10,運行状況（季節運行・休止・予約制）を要確認,"国土数値情報（バス停留所データ）令和4年度（国土交通省）P11-22-28-bs9306（34.661122, 135.131403、JGD2011）を加工して作成",
BS-kP11-22-28-bs9343,bus_stop,水笠通,34.6593548,135.1423961,WGS84,637,横尾山,関西百名山,,,,TH-n11404334582(281m) TH-n11404334582(281m),operator=神戸市; busType=公営路線バス; busRoutes=5系統（神戸市） / 13系統（神戸市） / 17系統（神戸市）,adopted,10,運行状況（季節運行・休止・予約制）を要確認,"国土数値情報（バス停留所データ）令和4年度（国土交通省）P11-22-28-bs9343（34.659355, 135.142396、JGD2011）を加工して作成 ｜ OpenStreetMap（© OpenStreetMap contributors, ODbL 1.0）Geofabrik japan-latest.osm.pbf 2026-09-23T20:22:04Z node/8535807036",
BS-kP11-22-28-bs9406,bus_stop,新長田駅前,34.6566715,135.1450788,WGS84,637,横尾山,関西百名山,,,,TH-n11411017079(108m) TH-n11411017079(108m) TH-n11411017079(108m) TH-n11404334582(290m),operator=神戸市; busType=公営路線バス; busRoutes=5系統（神戸市） / 10系統 / 13系統（神戸市）,adopted,10,運行状況（季節運行・休止・予約制）を要確認,"国土数値情報（バス停留所データ）令和4年度（国土交通省）P11-22-28-bs9406（34.656672, 135.145079、JGD2011）を加工して作成 ｜ OpenStreetMap（© OpenStreetMap contributors, ODbL 1.0）Geofabrik japan-latest.osm.pbf 2026-09-23T20:22:04Z node/8535807042",
BS-kP11-22-28-bs941,bus_stop,鉢伏,35.3743991,134.5307499,WGS84,493,氷ノ山,日本二百名山|日本三百名山|関西百名山|中国百名山,,,,TH-n1726176706(995m) TH-n1726148687(356m),operator=全但バス（株）; busType=民間路線バス; busRoutes=鉢伏線; network=全但バス,adopted,10,運行状況（季節運行・休止・予約制）を要確認、登山口から離れている（徒歩アプローチを要確認）,"国土数値情報（バス停留所データ）令和4年度（国土交通省）P11-22-28-bs941（35.374399, 134.530750、JGD2011）を加工して作成 ｜ OpenStreetMap（© OpenStreetMap contributors, ODbL 1.0）Geofabrik japan-latest.osm.pbf 2026-09-23T20:22:04Z node/6556854371",
BS-kP11-22-28-bs943,bus_stop,鉢伏中,35.3736589,134.5307374,WGS84,493,氷ノ山,日本二百名山|日本三百名山|関西百名山|中国百名山,,,,TH-n1726176706(950m) TH-n1726148687(412m),operator=全但バス（株）; busType=民間路線バス; busRoutes=鉢伏線; network=全但バス,adopted,10,運行状況（季節運行・休止・予約制）を要確認、登山口から離れている（徒歩アプローチを要確認）,"国土数値情報（バス停留所データ）令和4年度（国土交通省）P11-22-28-bs943（35.373659, 134.530737、JGD2011）を加工して作成 ｜ OpenStreetMap（© OpenStreetMap contributors, ODbL 1.0）Geofabrik japan-latest.osm.pbf 2026-09-23T20:22:04Z node/6556872838",
BS-kP11-22-28-bs9547,bus_stop,上の山,34.6508906,135.1124461,WGS84,637,横尾山,関西百名山,,,,TH-w1091185297(397m),operator=神戸市; busType=公営路線バス; busRoutes=72系統,adopted,10,運行状況（季節運行・休止・予約制）を要確認,"国土数値情報（バス停留所データ）令和4年度（国土交通省）P11-22-28-bs9547（34.650891, 135.112446、JGD2011）を加工して作成 ｜ OpenStreetMap（© OpenStreetMap contributors, ODbL 1.0）Geofabrik japan-latest.osm.pbf 2026-09-23T20:22:04Z node/8254718301",
BS-kP11-22-28-bs955,bus_stop,氷ノ山鉢伏口,35.3709556,134.5356695,WGS84,493,氷ノ山,日本二百名山|日本三百名山|関西百名山|中国百名山,,,,TH-n1726148687(942m),operator=全但バス（株）; busType=民間路線バス; busRoutes=鉢伏線; network=鉢伏線,adopted,10,運行状況（季節運行・休止・予約制）を要確認、登山口から離れている（徒歩アプローチを要確認）,"国土数値情報（バス停留所データ）令和4年度（国土交通省）P11-22-28-bs955（35.370956, 134.535669、JGD2011）を加工して作成 ｜ OpenStreetMap（© OpenStreetMap contributors, ODbL 1.0）Geofabrik japan-latest.osm.pbf 2026-09-23T20:22:04Z node/10268759620",
BS-kP11-22-28-bs9573,bus_stop,離宮公園南,34.6495308,135.1176774,WGS84,637,横尾山,関西百名山,,,,TH-w1091185297(409m),operator=神姫バス（株）; busType=民間路線バス; busRoutes=明石・西神・須磨　直 / 神戸市中心部75 / 明石・西神・須磨71＿2,adopted,10,運行状況（季節運行・休止・予約制）を要確認,"国土数値情報（バス停留所データ）令和4年度（国土交通省）P11-22-28-bs9573（34.649531, 135.117677、JGD2011）を加工して作成 ｜ OpenStreetMap（© OpenStreetMap contributors, ODbL 1.0）Geofabrik japan-latest.osm.pbf 2026-09-23T20:22:04Z node/8254718304",
BS-kP11-22-29-bs1142,bus_stop,吐山清水,34.5775783,135.9667781,WGS84,645,額井岳,関西百名山,,,,TH-n1861008526(869m),operator=奈良交通（株）; busType=民間路線バス; busRoutes=23　榛原駅ー針インター,adopted,10,運行状況（季節運行・休止・予約制）を要確認、登山口から離れている（徒歩アプローチを要確認）,"国土数値情報（バス停留所データ）令和4年度（国土交通省）P11-22-29-bs1142（34.577578, 135.966778、JGD2011）を加工して作成",
BS-kP11-22-29-bs1157,bus_stop,吐山,34.573699,135.9632097,WGS84,645,額井岳,関西百名山,,,,TH-n1861007902(736m) TH-n1861007952(834m) TH-n1861008526(837m),operator=奈良交通（株）; busType=民間路線バス; busRoutes=23　榛原駅ー針インター / 【文】榛原駅ー吐山,adopted,10,運行状況（季節運行・休止・予約制）を要確認、登山口から離れている（徒歩アプローチを要確認）,"国土数値情報（バス停留所データ）令和4年度（国土交通省）P11-22-29-bs1157（34.573699, 135.963210、JGD2011）を加工して作成 ｜ OpenStreetMap（© OpenStreetMap contributors, ODbL 1.0）Geofabrik japan-latest.osm.pbf 2026-09-23T20:22:04Z node/13830200458",
BS-kP11-22-29-bs1169,bus_stop,貝が平口,34.5695516,135.9594603,WGS84,645,額井岳,関西百名山,,,,TH-n1861007902(545m) TH-n1861007952(881m),operator=奈良交通（株）; busType=民間路線バス; busRoutes=23　榛原駅ー針インター / 24　榛原駅ー山辺高校,adopted,10,運行状況（季節運行・休止・予約制）を要確認、登山口から離れている（徒歩アプローチを要確認）,"国土数値情報（バス停留所データ）令和4年度（国土交通省）P11-22-29-bs1169（34.569552, 135.959460、JGD2011）を加工して作成",
BS-kP11-22-29-bs1187,bus_stop,吐山南口,34.5648204,135.9588242,WGS84,645,額井岳,関西百名山,,,,TH-n1861007902(593m) TH-n1861007952(973m),operator=奈良交通（株）; busType=民間路線バス; busRoutes=23　榛原駅ー針インター / 24　榛原駅ー山辺高校,adopted,10,運行状況（季節運行・休止・予約制）を要確認、登山口から離れている（徒歩アプローチを要確認）,"国土数値情報（バス停留所データ）令和4年度（国土交通省）P11-22-29-bs1187（34.564820, 135.958824、JGD2011）を加工して作成",
BS-kP11-22-29-bs1230,bus_stop,関屋西,34.5532704,135.6662563,WGS84,653,二上山,関西百名山,,,,TH-kP11-22-29-bs1283(843m),operator=香芝市; busType=コミュニティバス; busRoutes=田尻ルート,adopted,10,運行状況（季節運行・休止・予約制）を要確認、登山口から離れている（徒歩アプローチを要確認）,"国土数値情報（バス停留所データ）令和4年度（国土交通省）P11-22-29-bs1230（34.553270, 135.666256、JGD2011）を加工して作成",
BS-kP11-22-29-bs1270,bus_stop,天満台東二丁目,34.5469342,135.9745837,WGS84,645,額井岳,関西百名山,,,,TH-n6649478843(10m) TH-n6649478843(10m) TH-gsi-isoha(1003m),operator=奈良交通（株）; busType=民間路線バス; busRoutes=2　天満台東三丁目ー大宇陀 / 20　榛原駅ー天満台東三丁目,adopted,10,運行状況（季節運行・休止・予約制）を要確認、登山口から離れている（徒歩アプローチを要確認）,"国土数値情報（バス停留所データ）令和4年度（国土交通省）P11-22-29-bs1270（34.546934, 135.974584、JGD2011）を加工して作成 ｜ OpenStreetMap（© OpenStreetMap contributors, ODbL 1.0）Geofabrik japan-latest.osm.pbf 2026-09-23T20:22:04Z node/6649478843",
BS-kP11-22-29-bs1273,bus_stop,近鉄二上駅南,34.5466973,135.6874356,WGS84,653,二上山,関西百名山,,,,TH-kP11-22-29-bs1327(784m),operator=香芝市; busType=コミュニティバス; busRoutes=白鳳台・旭ヶ丘ルート,adopted,10,運行状況（季節運行・休止・予約制）を要確認、登山口から離れている（徒歩アプローチを要確認）,"国土数値情報（バス停留所データ）令和4年度（国土交通省）P11-22-29-bs1273（34.546697, 135.687436、JGD2011）を加工して作成",
BS-kP11-22-29-bs1283,bus_stop,晴実台,34.5456876,135.6672559,WGS84,653,二上山,関西百名山,,,,TH-kP11-22-29-bs1283(0m),operator=香芝市; busType=コミュニティバス; busRoutes=新美ヶ丘・穴虫ルート,adopted,10,運行状況（季節運行・休止・予約制）を要確認,"国土数値情報（バス停留所データ）令和4年度（国土交通省）P11-22-29-bs1283（34.545688, 135.667256、JGD2011）を加工して作成",
BS-kP11-22-29-bs1288,bus_stop,天満台西四丁目,34.5444629,135.9702541,WGS84,645,額井岳,関西百名山,,,,TH-n6649478843(474m),operator=奈良交通（株）; busType=民間路線バス; busRoutes=2　天満台東三丁目ー大宇陀 / 20　榛原駅ー天満台東三丁目,adopted,10,運行状況（季節運行・休止・予約制）を要確認,"国土数値情報（バス停留所データ）令和4年度（国土交通省）P11-22-29-bs1288（34.544463, 135.970254、JGD2011）を加工して作成 ｜ OpenStreetMap（© OpenStreetMap contributors, ODbL 1.0）Geofabrik japan-latest.osm.pbf 2026-09-23T20:22:04Z node/6651650560",
BS-kP11-22-29-bs1291,bus_stop,香芝生喜病院,34.5443586,135.6729876,WGS84,653,二上山,関西百名山,,,,TH-kP11-22-29-bs1283(546m) TH-n1769518978(654m),operator=香芝市; busType=コミュニティバス; busRoutes=新美ヶ丘・穴虫ルート,adopted,10,運行状況（季節運行・休止・予約制）を要確認、登山口から離れている（徒歩アプローチを要確認）,"国土数値情報（バス停留所データ）令和4年度（国土交通省）P11-22-29-bs1291（34.544359, 135.672988、JGD2011）を加工して作成",
BS-kP11-22-29-bs1304,bus_stop,穴虫西,34.542383,135.6791526,WGS84,653,二上山,関西百名山,,,,TH-n13182743474(878m) TH-n1769518978(241m),operator=香芝市; busType=コミュニティバス; busRoutes=新美ヶ丘・穴虫ルート,adopted,10,運行状況（季節運行・休止・予約制）を要確認、登山口から離れている（徒歩アプローチを要確認）,"国土数値情報（バス停留所データ）令和4年度（国土交通省）P11-22-29-bs1304（34.542383, 135.679153、JGD2011）を加工して作成",
BS-kP11-22-29-bs1306,bus_stop,総合福祉センター,34.5422819,135.6946063,WGS84,653,二上山,関西百名山,,,,TH-kP11-22-29-bs1327(734m),operator=香芝市; busType=コミュニティバス; busRoutes=田尻ルート / 鎌田ルート / 白鳳台・旭ヶ丘ルート,adopted,10,運行状況（季節運行・休止・予約制）を要確認、登山口から離れている（徒歩アプローチを要確認）,"国土数値情報（バス停留所データ）令和4年度（国土交通省）P11-22-29-bs1306（34.542282, 135.694606、JGD2011）を加工して作成",
BS-kP11-22-29-bs1327,bus_stop,二上小学校前,34.5396066,135.6872771,WGS84,653,二上山,関西百名山,,,,TH-kP11-22-29-bs1327(0m) TH-n13182743474(527m) TH-n1769518978(834m),operator=香芝市; busType=コミュニティバス; busRoutes=新美ヶ丘・穴虫ルート,adopted,10,運行状況（季節運行・休止・予約制）を要確認、登山口から離れている（徒歩アプローチを要確認）,"国土数値情報（バス停留所データ）令和4年度（国土交通省）P11-22-29-bs1327（34.539607, 135.687277、JGD2011）を加工して作成",
BS-kP11-22-29-bs1362,bus_stop,加守東,34.5332459,135.6945954,WGS84,653,二上山,関西百名山,,,,TH-n1736315294(606m),operator=葛城市; busType=コミュニティバス; busRoutes=ミニバス（けはや号）當麻ルート,adopted,10,運行状況（季節運行・休止・予約制）を要確認、登山口から離れている（徒歩アプローチを要確認）,"国土数値情報（バス停留所データ）令和4年度（国土交通省）P11-22-29-bs1362（34.533246, 135.694595、JGD2011）を加工して作成",
BS-kP11-22-29-bs1368,bus_stop,二上神社口駅前,34.5315048,135.6941983,WGS84,653,二上山,関西百名山,,,,TH-n1736315294(511m),operator=葛城市; busType=コミュニティバス; busRoutes=ミニバス（けはや号）當麻ルート,adopted,10,運行状況（季節運行・休止・予約制）を要確認,"国土数値情報（バス停留所データ）令和4年度（国土交通省）P11-22-29-bs1368（34.531505, 135.694198、JGD2011）を加工して作成",
BS-kP11-22-29-bs1377,bus_stop,加守南池,34.5309681,135.6894709,WGS84,653,二上山,関西百名山,,,,TH-n13182743474(708m) TH-n1736315294(74m),operator=葛城市; busType=コミュニティバス; busRoutes=ミニバス（けはや号）當麻ルート,adopted,10,運行状況（季節運行・休止・予約制）を要確認、登山口から離れている（徒歩アプローチを要確認）,"国土数値情報（バス停留所データ）令和4年度（国土交通省）P11-22-29-bs1377（34.530968, 135.689471、JGD2011）を加工して作成",
BS-kP11-22-29-bs1389,bus_stop,長谷寺参道口,34.5288887,135.9042933,WGS84,649,三輪山,関西百名山,,,,TH-n10879954436(123m) TH-n10879954436(123m),operator=桜井市; busType=コミュニティバス; busRoutes=初瀬・朝倉台線,adopted,10,運行状況（季節運行・休止・予約制）を要確認,"国土数値情報（バス停留所データ）令和4年度（国土交通省）P11-22-29-bs1389（34.528889, 135.904293、JGD2011）を加工して作成 ｜ OpenStreetMap（© OpenStreetMap contributors, ODbL 1.0）Geofabrik japan-latest.osm.pbf 2026-09-23T20:22:04Z node/6563001563",
BS-kP11-22-29-bs1392,bus_stop,三輪明神参道口,34.5287306,135.8425824,WGS84,649,三輪山,関西百名山,,,,TH-n930189627(934m),operator=奈良交通（株）; busType=民間路線バス; busRoutes=59　箸中ー桜井駅北口 / 61　天理駅ー桜井駅北口（天理大学経由） / 62　天理駅ー桜井駅北口,adopted,10,運行状況（季節運行・休止・予約制）を要確認、登山口から離れている（徒歩アプローチを要確認）,"国土数値情報（バス停留所データ）令和4年度（国土交通省）P11-22-29-bs1392（34.528731, 135.842582、JGD2011）を加工して作成 ｜ OpenStreetMap（© OpenStreetMap contributors, ODbL 1.0）Geofabrik japan-latest.osm.pbf 2026-09-23T20:22:04Z node/7008535219",
BS-kP11-22-29-bs1393,bus_stop,三輪明神大神神社二の鳥居,34.5287307,135.8501494,WGS84,649,三輪山,関西百名山,,,,TH-n930189627(244m) TH-n1809530717(503m) TH-gsi-saijinja(523m),operator=奈良交通（株）; busType=民間路線バス; busRoutes=63　天理駅ー桜井駅北口（三輪明神大神神社二の鳥居前経由）,adopted,10,運行状況（季節運行・休止・予約制）を要確認,"国土数値情報（バス停留所データ）令和4年度（国土交通省）P11-22-29-bs1393（34.528731, 135.850149、JGD2011）を加工して作成",
BS-kP11-22-29-bs1397,bus_stop,三輪明神大神神社一の鳥居駐車場,34.5282357,135.8460296,WGS84,649,三輪山,関西百名山,,,,TH-n930189627(617m) TH-n1809530717(786m) TH-gsi-saijinja(883m),operator=奈良交通（株）; busType=民間路線バス; busRoutes=63　天理駅ー桜井駅北口（三輪明神大神神社二の鳥居前経由）,adopted,10,運行状況（季節運行・休止・予約制）を要確認、登山口から離れている（徒歩アプローチを要確認）,"国土数値情報（バス停留所データ）令和4年度（国土交通省）P11-22-29-bs1397（34.528236, 135.846030、JGD2011）を加工して作成",
BS-kP11-22-29-bs1410,bus_stop,ふたかみパーク當麻,34.5262752,135.6932433,WGS84,653,二上山,関西百名山,,,,TH-n1736314857(453m),operator=葛城市; busType=コミュニティバス; busRoutes=ミニバス（けはや号）當麻ルート,adopted,10,運行状況（季節運行・休止・予約制）を要確認,"国土数値情報（バス停留所データ）令和4年度（国土交通省）P11-22-29-bs1410（34.526275, 135.693243、JGD2011）を加工して作成",
BS-kP11-22-29-bs1423,bus_stop,葛,34.5238311,136.1361949,WGS84,652,鎧岳,関西百名山,,,,TH-n1773394020(766m),operator=三重交通（株）; busType=民間路線バス; busRoutes=21曽爾香落渓線,adopted,10,運行状況（季節運行・休止・予約制）を要確認、登山口から離れている（徒歩アプローチを要確認）,"国土数値情報（バス停留所データ）令和4年度（国土交通省）P11-22-29-bs1423（34.523831, 136.136195、JGD2011）を加工して作成 ｜ OpenStreetMap（© OpenStreetMap contributors, ODbL 1.0）Geofabrik japan-latest.osm.pbf 2026-09-23T20:22:04Z node/7273699085",
BS-kP11-22-29-bs1426,bus_stop,新在家公民館,34.5234134,135.6934136,WGS84,653,二上山,関西百名山,,,,TH-n1736314857(236m) TH-n1736314207(873m),operator=葛城市; busType=コミュニティバス; busRoutes=ミニバス（けはや号）當麻ルート,adopted,10,運行状況（季節運行・休止・予約制）を要確認、登山口から離れている（徒歩アプローチを要確認）,"国土数値情報（バス停留所データ）令和4年度（国土交通省）P11-22-29-bs1426（34.523413, 135.693414、JGD2011）を加工して作成",
BS-kP11-22-29-bs1428,bus_stop,黒崎,34.5227806,135.879571,WGS84,649,三輪山,関西百名山,,,,TH-n1816955443(99m) TH-n1816955443(99m),operator=桜井市; busType=コミュニティバス; busRoutes=初瀬・朝倉台線,adopted,10,運行状況（季節運行・休止・予約制）を要確認,"国土数値情報（バス停留所データ）令和4年度（国土交通省）P11-22-29-bs1428（34.522781, 135.879571、JGD2011）を加工して作成 ｜ OpenStreetMap（© OpenStreetMap contributors, ODbL 1.0）Geofabrik japan-latest.osm.pbf 2026-09-23T20:22:04Z node/10857741989",
BS-kP11-22-29-bs1433,bus_stop,曽爾高原,34.5220742,136.1587423,WGS84,651 656,倶留尊山、古光山,日本三百名山|関西百名山|東海の百山,,,,TH-n1423056904(322m) TH-n1773393516(37m) TH-n8484467824(476m) TH-n8484467947(824m),operator=三重交通（株）; busType=民間路線バス; busRoutes=20曽爾香落渓線,adopted,10,運行状況（季節運行・休止・予約制）を要確認、登山口から離れている（徒歩アプローチを要確認）,"国土数値情報（バス停留所データ）令和4年度（国土交通省）P11-22-29-bs1433（34.522074, 136.158742、JGD2011）を加工して作成",
BS-kP11-22-29-bs1434,bus_stop,朝倉小学校,34.5218515,135.8773079,WGS84,649,三輪山,関西百名山,,,,TH-n1816955443(133m),operator=桜井市; busType=コミュニティバス; busRoutes=初瀬・朝倉台線,adopted,10,運行状況（季節運行・休止・予約制）を要確認,"国土数値情報（バス停留所データ）令和4年度（国土交通省）P11-22-29-bs1434（34.521852, 135.877308、JGD2011）を加工して作成",
BS-kP11-22-29-bs1447,bus_stop,脇本,34.5204258,135.8737503,WGS84,649,三輪山,関西百名山,,,,TH-n1816954995(455m),operator=桜井市; busType=コミュニティバス; busRoutes=初瀬・朝倉台線,adopted,10,運行状況（季節運行・休止・予約制）を要確認,"国土数値情報（バス停留所データ）令和4年度（国土交通省）P11-22-29-bs1447（34.520426, 135.873750、JGD2011）を加工して作成",
BS-kP11-22-29-bs1451,bus_stop,ゆうあいステーション,34.5196584,135.6940906,WGS84,653,二上山,関西百名山,,,,TH-n1736314857(432m) TH-n1736314207(741m),operator=葛城市; busType=コミュニティバス; busRoutes=環状線バス（れんかちゃん号） / ミニバス（けはや号）當麻ルート / ミニバス（けはや号）長尾・疋田ルート,adopted,10,運行状況（季節運行・休止・予約制）を要確認、登山口から離れている（徒歩アプローチを要確認）,"国土数値情報（バス停留所データ）令和4年度（国土交通省）P11-22-29-bs1451（34.519658, 135.694091、JGD2011）を加工して作成",
BS-kP11-22-29-bs1456,bus_stop,嶽見橋,34.5192566,136.130208,WGS84,652,鎧岳,関西百名山,,,,TH-n1773394020(709m),operator=三重交通（株）; busType=民間路線バス; busRoutes=21曽爾香落渓線,adopted,10,運行状況（季節運行・休止・予約制）を要確認、登山口から離れている（徒歩アプローチを要確認）,"国土数値情報（バス停留所データ）令和4年度（国土交通省）P11-22-29-bs1456（34.519257, 136.130208、JGD2011）を加工して作成",
BS-kP11-22-29-bs1464,bus_stop,慈恩寺,34.517621,135.868296,WGS84,649,三輪山,関西百名山,,,,TH-n1816954995(261m) TH-n1816954995(261m),operator=桜井市; busType=コミュニティバス; busRoutes=初瀬・朝倉台線,adopted,10,運行状況（季節運行・休止・予約制）を要確認,"国土数値情報（バス停留所データ）令和4年度（国土交通省）P11-22-29-bs1464（34.517621, 135.868296、JGD2011）を加工して作成 ｜ OpenStreetMap（© OpenStreetMap contributors, ODbL 1.0）Geofabrik japan-latest.osm.pbf 2026-09-23T20:22:04Z node/6615323385",
BS-kP11-22-29-bs1620,bus_stop,如意,34.4977629,135.7027618,WGS84,667,大和葛城山,日本三百名山|関西百名山,,,,TH-kP11-22-29-bs1625(169m),operator=葛城市; busType=コミュニティバス; busRoutes=環状線バス（れんかちゃん号）,adopted,10,運行状況（季節運行・休止・予約制）を要確認,"国土数値情報（バス停留所データ）令和4年度（国土交通省）P11-22-29-bs1620（34.497763, 135.702762、JGD2011）を加工して作成",
BS-kP11-22-29-bs1625,bus_stop,太田,34.4964911,135.703777,WGS84,667,大和葛城山,日本三百名山|関西百名山,,,,TH-kP11-22-29-bs1625(0m),operator=葛城市; busType=コミュニティバス; busRoutes=環状線バス（れんかちゃん号）,adopted,10,運行状況（季節運行・休止・予約制）を要確認,"国土数値情報（バス停留所データ）令和4年度（国土交通省）P11-22-29-bs1625（34.496491, 135.703777、JGD2011）を加工して作成",
BS-kP11-22-29-bs1632,bus_stop,道の駅かつらぎ,34.4956662,135.7046983,WGS84,667,大和葛城山,日本三百名山|関西百名山,,,,TH-kP11-22-29-bs1625(124m),operator=葛城市; busType=コミュニティバス; busRoutes=環状線バス（れんかちゃん号） / ミニバス（けはや号）寺口ルート,adopted,10,運行状況（季節運行・休止・予約制）を要確認,"国土数値情報（バス停留所データ）令和4年度（国土交通省）P11-22-29-bs1632（34.495666, 135.704698、JGD2011）を加工して作成",
BS-kP11-22-29-bs1636,bus_stop,葛城消防署,34.4947705,135.7068493,WGS84,667,大和葛城山,日本三百名山|関西百名山,,,,TH-n8057436631(292m),operator=葛城市; busType=コミュニティバス; busRoutes=環状線バス（れんかちゃん号）,adopted,10,運行状況（季節運行・休止・予約制）を要確認,"国土数値情報（バス停留所データ）令和4年度（国土交通省）P11-22-29-bs1636（34.494770, 135.706849、JGD2011）を加工して作成",
BS-kP11-22-29-bs1646,bus_stop,社会教育センター前,34.4930935,135.7097765,WGS84,667,大和葛城山,日本三百名山|関西百名山,,,,TH-n8057436631(362m),operator=葛城市; busType=コミュニティバス; busRoutes=環状線バス（れんかちゃん号）,adopted,10,運行状況（季節運行・休止・予約制）を要確認,"国土数値情報（バス停留所データ）令和4年度（国土交通省）P11-22-29-bs1646（34.493093, 135.709777、JGD2011）を加工して作成",
BS-kP11-22-29-bs1649,bus_stop,社会教育センター,34.4926413,135.7092105,WGS84,667,大和葛城山,日本三百名山|関西百名山,,,,TH-n8057436631(301m),operator=葛城市; busType=コミュニティバス; busRoutes=環状線バス（れんかちゃん号）,adopted,10,運行状況（季節運行・休止・予約制）を要確認,"国土数値情報（バス停留所データ）令和4年度（国土交通省）P11-22-29-bs1649（34.492641, 135.709210、JGD2011）を加工して作成",
BS-kP11-22-29-bs1696,bus_stop,寺口北,34.4874457,135.7030608,WGS84,667,大和葛城山,日本三百名山|関西百名山,,,,TH-n1736304783(914m),operator=葛城市; busType=コミュニティバス; busRoutes=ミニバス（けはや号）寺口ルート,adopted,10,運行状況（季節運行・休止・予約制）を要確認、登山口から離れている（徒歩アプローチを要確認）,"国土数値情報（バス停留所データ）令和4年度（国土交通省）P11-22-29-bs1696（34.487446, 135.703061、JGD2011）を加工して作成",
BS-kP11-22-29-bs1706,bus_stop,寺口駐車場,34.485835,135.704141,WGS84,667,大和葛城山,日本三百名山|関西百名山,,,,TH-n1736304783(734m),operator=葛城市; busType=コミュニティバス; busRoutes=ミニバス（けはや号）寺口ルート,adopted,10,運行状況（季節運行・休止・予約制）を要確認、登山口から離れている（徒歩アプローチを要確認）,"国土数値情報（バス停留所データ）令和4年度（国土交通省）P11-22-29-bs1706（34.485835, 135.704141、JGD2011）を加工して作成",
BS-kP11-22-29-bs1836,bus_stop,梅室口,34.4641525,135.7066524,WGS84,667,大和葛城山,日本三百名山|関西百名山,,,,TH-n1158833778(631m) TH-n1616752749(264m) TH-n1616752749(264m),operator=奈良交通（株）; busType=民間路線バス; busRoutes=80　近鉄御所駅ー葛城ロープウェイ前 / 88　近鉄御所駅ー葛城ロープウェイ前,adopted,10,運行状況（季節運行・休止・予約制）を要確認、登山口から離れている（徒歩アプローチを要確認）,"国土数値情報（バス停留所データ）令和4年度（国土交通省）P11-22-29-bs1836（34.464152, 135.706652、JGD2011）を加工して作成 ｜ OpenStreetMap（© OpenStreetMap contributors, ODbL 1.0）Geofabrik japan-latest.osm.pbf 2026-09-23T20:22:04Z node/2989176522",
BS-kP11-22-29-bs1839,bus_stop,葛城ロープウェイ前,34.4638341,135.7007542,WGS84,667,大和葛城山,日本三百名山|関西百名山,,,,TH-n1158833778(90m) TH-n1158833778(90m),operator=奈良交通（株）; busType=民間路線バス; busRoutes=80　近鉄御所駅ー葛城ロープウェイ前 / 88　近鉄御所駅ー葛城ロープウェイ前,adopted,10,運行状況（季節運行・休止・予約制）を要確認,"国土数値情報（バス停留所データ）令和4年度（国土交通省）P11-22-29-bs1839（34.463834, 135.700754、JGD2011）を加工して作成 ｜ OpenStreetMap（© OpenStreetMap contributors, ODbL 1.0）Geofabrik japan-latest.osm.pbf 2026-09-23T20:22:04Z node/13284163100",
BS-kP11-22-29-bs1853,bus_stop,老人福祉センター,34.4615881,135.7085162,WGS84,667,大和葛城山,日本三百名山|関西百名山,,,,TH-n1616752749(374m),operator=御所市; busType=コミュニティバス; busRoutes=御所市コミュニティバス「ひまわり号」東コース / 御所市コミュニティバス「ひまわり号」西コース,adopted,10,運行状況（季節運行・休止・予約制）を要確認,"国土数値情報（バス停留所データ）令和4年度（国土交通省）P11-22-29-bs1853（34.461588, 135.708516、JGD2011）を加工して作成",
BS-kP11-22-29-bs1961,bus_stop,下柳,34.4173646,135.9151696,WGS84,670,竜門岳,日本三百名山,,,,TH-n1496074870(873m),operator=吉野町; busType=コミュニティバス; busRoutes=吉野町コミュニティバス（スマイルバス）小名・入野→上市駅・吉野病院,adopted,10,運行状況（季節運行・休止・予約制）を要確認、登山口から離れている（徒歩アプローチを要確認）,"国土数値情報（バス停留所データ）令和4年度（国土交通省）P11-22-29-bs1961（34.417365, 135.915170、JGD2011）を加工して作成",
BS-kP11-22-29-bs1964,bus_stop,香束,34.4162993,135.9053636,WGS84,670,竜門岳,日本三百名山,,,,TH-n1496074870(926m),operator=吉野町; busType=コミュニティバス; busRoutes=吉野町コミュニティバス（スマイルバス）小名・入野→上市駅・吉野病院,adopted,10,運行状況（季節運行・休止・予約制）を要確認、登山口から離れている（徒歩アプローチを要確認）,"国土数値情報（バス停留所データ）令和4年度（国土交通省）P11-22-29-bs1964（34.416299, 135.905364、JGD2011）を加工して作成",
BS-kP11-22-29-bs1969,bus_stop,地蔵前,34.4154478,135.9133055,WGS84,670,竜門岳,日本三百名山,,,,TH-n1496074870(985m),operator=吉野町; busType=コミュニティバス; busRoutes=吉野町コミュニティバス（スマイルバス）小名・入野→上市駅・吉野病院,adopted,10,運行状況（季節運行・休止・予約制）を要確認、登山口から離れている（徒歩アプローチを要確認）,"国土数値情報（バス停留所データ）令和4年度（国土交通省）P11-22-29-bs1969（34.415448, 135.913306、JGD2011）を加工して作成",
BS-kP11-22-29-bs2364,bus_stop,高城山展望台,34.3494158,135.8782005,WGS84,684,吉野山,関西百名山,,,,TH-n1496057185(780m),operator=吉野大峯ケーブル自動車（株）; busType=民間路線バス; busRoutes=路線バス【吉野山奥千本口ライン】上り①,adopted,10,運行状況（季節運行・休止・予約制）を要確認、登山口から離れている（徒歩アプローチを要確認）,"国土数値情報（バス停留所データ）令和4年度（国土交通省）P11-22-29-bs2364（34.349416, 135.878200、JGD2011）を加工して作成 ｜ OpenStreetMap（© OpenStreetMap contributors, ODbL 1.0）Geofabrik japan-latest.osm.pbf 2026-09-23T20:22:04Z node/2863464401",
BS-kP11-22-29-bs2378,bus_stop,奥千本口,34.3452432,135.8800041,WGS84,684,吉野山,関西百名山,,,,TH-n1496057185(292m),operator=吉野大峯ケーブル自動車（株）; busType=民間路線バス; busRoutes=路線バス【吉野山奥千本口ライン】上り①,adopted,10,運行状況（季節運行・休止・予約制）を要確認,"国土数値情報（バス停留所データ）令和4年度（国土交通省）P11-22-29-bs2378（34.345243, 135.880004、JGD2011）を加工して作成 ｜ OpenStreetMap（© OpenStreetMap contributors, ODbL 1.0）Geofabrik japan-latest.osm.pbf 2026-09-23T20:22:04Z node/2863411201",
BS-kP11-22-29-bs2468,bus_stop,柏木,34.2878587,136.0012641,WGS84,700 705 710 714,山上ヶ岳、稲村ヶ岳、大普賢岳、行者還岳,日本三百名山|関西百名山,,,,TH-n1911377259(180m),operator=川上村; busType=コミュニティバス; busRoutes=やまぶきバス,adopted,10,運行状況（季節運行・休止・予約制）を要確認,"国土数値情報（バス停留所データ）令和4年度（国土交通省）P11-22-29-bs2468（34.287859, 136.001264、JGD2011）を加工して作成 ｜ OpenStreetMap（© OpenStreetMap contributors, ODbL 1.0）Geofabrik japan-latest.osm.pbf 2026-09-23T20:22:04Z node/11262509264",
BS-kP11-22-29-bs2469,bus_stop,柏木,34.2878587,136.0012641,WGS84,700 705 710 714,山上ヶ岳、稲村ヶ岳、大普賢岳、行者還岳,日本三百名山|関西百名山,,,,TH-n1911377259(180m),operator=南部地域公共交通活性化協議会; busType=民間路線バス; busRoutes=南部地域連携コミュニティバス（R169ゆうゆうバス）,adopted,10,運行状況（季節運行・休止・予約制）を要確認,"国土数値情報（バス停留所データ）令和4年度（国土交通省）P11-22-29-bs2469（34.287859, 136.001264、JGD2011）を加工して作成",
BS-kP11-22-29-bs2476,bus_stop,不動窟,34.2818177,136.0033915,WGS84,700 705 710 714,山上ヶ岳、稲村ヶ岳、大普賢岳、行者還岳,日本三百名山|関西百名山,,,,TH-n1911377259(531m),operator=川上村; busType=コミュニティバス; busRoutes=やまぶきバス,adopted,10,運行状況（季節運行・休止・予約制）を要確認,"国土数値情報（バス停留所データ）令和4年度（国土交通省）P11-22-29-bs2476（34.281818, 136.003391、JGD2011）を加工して作成",
BS-kP11-22-29-bs2480,bus_stop,大迫口,34.2754592,136.00755,WGS84,700 705 710 714,山上ヶ岳、稲村ヶ岳、大普賢岳、行者還岳,日本三百名山|関西百名山,,,,TH-n1406045553(7m),operator=川上村; busType=コミュニティバス; busRoutes=やまぶきバス,adopted,10,運行状況（季節運行・休止・予約制）を要確認,"国土数値情報（バス停留所データ）令和4年度（国土交通省）P11-22-29-bs2480（34.275459, 136.007550、JGD2011）を加工して作成",
BS-kP11-22-29-bs2481,bus_stop,大迫口,34.2754592,136.00755,WGS84,700 705 710 714,山上ヶ岳、稲村ヶ岳、大普賢岳、行者還岳,日本三百名山|関西百名山,,,,TH-n1406045553(7m),operator=南部地域公共交通活性化協議会; busType=民間路線バス; busRoutes=南部地域連携コミュニティバス（R169ゆうゆうバス）,adopted,10,運行状況（季節運行・休止・予約制）を要確認,"国土数値情報（バス停留所データ）令和4年度（国土交通省）P11-22-29-bs2481（34.275459, 136.007550、JGD2011）を加工して作成",
BS-kP11-22-29-bs2484,bus_stop,大迫ダム,34.2731635,136.0114599,WGS84,700 705 710 714,山上ヶ岳、稲村ヶ岳、大普賢岳、行者還岳,日本三百名山|関西百名山,,,,TH-n1406045553(446m),operator=川上村; busType=コミュニティバス; busRoutes=やまぶきバス,adopted,10,運行状況（季節運行・休止・予約制）を要確認,"国土数値情報（バス停留所データ）令和4年度（国土交通省）P11-22-29-bs2484（34.273164, 136.011460、JGD2011）を加工して作成",
BS-kP11-22-29-bs2488,bus_stop,洞川温泉,34.2662046,135.8773684,WGS84,700 705 710,山上ヶ岳、稲村ヶ岳、大普賢岳,日本三百名山|関西百名山,,,,TH-n10020156947(945m) TH-n10020156947(945m),operator=奈良交通（株）; busType=民間路線バス; busRoutes=2　大淀バスセンターー洞川温泉,adopted,10,運行状況（季節運行・休止・予約制）を要確認、登山口から離れている（徒歩アプローチを要確認）,"国土数値情報（バス停留所データ）令和4年度（国土交通省）P11-22-29-bs2488（34.266205, 135.877368、JGD2011）を加工して作成 ｜ OpenStreetMap（© OpenStreetMap contributors, ODbL 1.0）Geofabrik japan-latest.osm.pbf 2026-09-23T20:22:04Z node/6702964112",
BS-kP11-22-29-bs2491,bus_stop,伯母谷口,34.2645432,136.0041417,WGS84,700 705 710 714,山上ヶ岳、稲村ヶ岳、大普賢岳、行者還岳,日本三百名山|関西百名山,,,,TH-kP11-22-29-bs2491(0m),operator=川上村; busType=コミュニティバス; busRoutes=やまぶきバス,adopted,10,運行状況（季節運行・休止・予約制）を要確認,"国土数値情報（バス停留所データ）令和4年度（国土交通省）P11-22-29-bs2491（34.264543, 136.004142、JGD2011）を加工して作成",
BS-kP11-22-29-bs2492,bus_stop,伯母谷口,34.2645432,136.0041417,WGS84,700 705 710 714,山上ヶ岳、稲村ヶ岳、大普賢岳、行者還岳,日本三百名山|関西百名山,,,,TH-kP11-22-29-bs2491(0m),operator=南部地域公共交通活性化協議会; busType=民間路線バス; busRoutes=南部地域連携コミュニティバス（R169ゆうゆうバス）,adopted,10,運行状況（季節運行・休止・予約制）を要確認,"国土数値情報（バス停留所データ）令和4年度（国土交通省）P11-22-29-bs2492（34.264543, 136.004142、JGD2011）を加工して作成",
BS-kP11-22-29-bs2502,bus_stop,天川川合,34.2457307,135.8553045,WGS84,719,大峰山,日本百名山|日本二百名山|日本三百名山|関西百名山,,,,TH-n10961407962(253m) TH-n10961407962(253m) TH-n10961407962(253m),operator=奈良交通（株）; busType=民間路線バス; busRoutes=2　大淀バスセンターー洞川温泉 / 7　下市口駅ー中庵住,adopted,10,運行状況（季節運行・休止・予約制）を要確認,"国土数値情報（バス停留所データ）令和4年度（国土交通省）P11-22-29-bs2502（34.245731, 135.855305、JGD2011）を加工して作成 ｜ OpenStreetMap（© OpenStreetMap contributors, ODbL 1.0）Geofabrik japan-latest.osm.pbf 2026-09-23T20:22:04Z node/11264506892",
BS-kP11-22-29-bs2503,bus_stop,観音峰登山口,34.2448832,135.8703474,WGS84,700 705 710,山上ヶ岳、稲村ヶ岳、大普賢岳,日本三百名山|関西百名山,,,,TH-n6703059403(9m),operator=奈良交通（株）; busType=民間路線バス; busRoutes=2　大淀バスセンターー洞川温泉,adopted,10,運行状況（季節運行・休止・予約制）を要確認,"国土数値情報（バス停留所データ）令和4年度（国土交通省）P11-22-29-bs2503（34.244883, 135.870347、JGD2011）を加工して作成",
BS-kP11-22-29-bs2504,bus_stop,中越,34.2446054,135.8609158,WGS84,700 705 710,山上ヶ岳、稲村ヶ岳、大普賢岳,日本三百名山|関西百名山,,,,TH-n6703059403(873m) TH-n6703059403(873m),operator=奈良交通（株）; busType=民間路線バス; busRoutes=2　大淀バスセンターー洞川温泉,adopted,10,運行状況（季節運行・休止・予約制）を要確認、登山口から離れている（徒歩アプローチを要確認）,"国土数値情報（バス停留所データ）令和4年度（国土交通省）P11-22-29-bs2504（34.244605, 135.860916、JGD2011）を加工して作成 ｜ OpenStreetMap（© OpenStreetMap contributors, ODbL 1.0）Geofabrik japan-latest.osm.pbf 2026-09-23T20:22:04Z node/1412905887",
BS-kP11-22-29-bs2516,bus_stop,天の川温泉,34.2218018,135.8407801,WGS84,719,大峰山,日本百名山|日本二百名山|日本三百名山|関西百名山,,,,TH-n6643037685(147m),operator=奈良交通（株）; busType=民間路線バス; busRoutes=7　下市口駅ー中庵住,adopted,10,運行状況（季節運行・休止・予約制）を要確認,"国土数値情報（バス停留所データ）令和4年度（国土交通省）P11-22-29-bs2516（34.221802, 135.840780、JGD2011）を加工して作成 ｜ OpenStreetMap（© OpenStreetMap contributors, ODbL 1.0）Geofabrik japan-latest.osm.pbf 2026-09-23T20:22:04Z node/1412900329",
BS-kP11-22-29-bs2517,bus_stop,坪内,34.2211166,135.8401776,WGS84,719,大峰山,日本百名山|日本二百名山|日本三百名山|関西百名山,,,,TH-n6643037685(67m) TH-n6643037685(67m),operator=奈良交通（株）; busType=民間路線バス; busRoutes=7　下市口駅ー中庵住,adopted,10,運行状況（季節運行・休止・予約制）を要確認,"国土数値情報（バス停留所データ）令和4年度（国土交通省）P11-22-29-bs2517（34.221117, 135.840178、JGD2011）を加工して作成 ｜ OpenStreetMap（© OpenStreetMap contributors, ODbL 1.0）Geofabrik japan-latest.osm.pbf 2026-09-23T20:22:04Z node/1412900187",
BS-kP11-22-29-bs2533,bus_stop,高田和,34.20376,135.9981131,WGS84,700 705 710 714 719,山上ヶ岳、稲村ヶ岳、大普賢岳、行者還岳、大峰山,日本三百名山|関西百名山|日本百名山|日本二百名山,,,,TH-kP11-22-29-bs2533(0m),operator=南部地域公共交通活性化協議会; busType=民間路線バス; busRoutes=南部地域連携コミュニティバス（R169ゆうゆうバス）,adopted,10,運行状況（季節運行・休止・予約制）を要確認,"国土数値情報（バス停留所データ）令和4年度（国土交通省）P11-22-29-bs2533（34.203760, 135.998113、JGD2011）を加工して作成",
BS-kP11-22-29-bs2544,bus_stop,天が瀬,34.1905992,135.9935883,WGS84,700 705 710 714,山上ヶ岳、稲村ヶ岳、大普賢岳、行者還岳,日本三百名山|関西百名山,,,,TH-n1406006804(270m),operator=南部地域公共交通活性化協議会; busType=民間路線バス; busRoutes=南部地域連携コミュニティバス（R169ゆうゆうバス）,adopted,10,運行状況（季節運行・休止・予約制）を要確認,"国土数値情報（バス停留所データ）令和4年度（国土交通省）P11-22-29-bs2544（34.190599, 135.993588、JGD2011）を加工して作成",
BS-kP11-22-29-bs2636,bus_stop,奥里,34.0530457,135.8117795,WGS84,722,釈迦ヶ岳,日本二百名山|日本三百名山|関西百名山,,,,TH-n1405537126(108m),operator=十津川村; busType=コミュニティバス; busRoutes=本線 / 上湯川線,adopted,10,運行状況（季節運行・休止・予約制）を要確認,"国土数値情報（バス停留所データ）令和4年度（国土交通省）P11-22-29-bs2636（34.053046, 135.811780、JGD2011）を加工して作成",
BS-kP11-22-29-bs2657,bus_stop,三田谷,34.0372543,135.6932158,WGS84,727,伯母子岳,日本二百名山|日本三百名山|関西百名山,,,,TH-n1405525976(103m),operator=十津川村; busType=コミュニティバス; busRoutes=神納川線,adopted,10,運行状況（季節運行・休止・予約制）を要確認,"国土数値情報（バス停留所データ）令和4年度（国土交通省）P11-22-29-bs2657（34.037254, 135.693216、JGD2011）を加工して作成",
BS-kP11-22-29-bs2658,bus_stop,五百瀬,34.0360337,135.696928,WGS84,727,伯母子岳,日本二百名山|日本三百名山|関西百名山,,,,TH-n1405525976(456m),operator=十津川村; busType=コミュニティバス; busRoutes=神納川線,adopted,10,運行状況（季節運行・休止・予約制）を要確認,"国土数値情報（バス停留所データ）令和4年度（国土交通省）P11-22-29-bs2658（34.036034, 135.696928、JGD2011）を加工して作成",
BS-kP11-22-29-bs2659,bus_stop,高岡,34.0357794,135.6903913,WGS84,727,伯母子岳,日本二百名山|日本三百名山|関西百名山,,,,TH-n1405525976(212m),operator=十津川村; busType=コミュニティバス; busRoutes=神納川線,adopted,10,運行状況（季節運行・休止・予約制）を要確認,"国土数値情報（バス停留所データ）令和4年度（国土交通省）P11-22-29-bs2659（34.035779, 135.690391、JGD2011）を加工して作成",
BS-kP11-22-29-bs2760,bus_stop,森林植物公園,33.9638688,135.8495801,WGS84,735,笠捨山,関西百名山,,,,TH-n1405463611(685m),operator=十津川村; busType=コミュニティバス; busRoutes=瀞八丁線,adopted,10,運行状況（季節運行・休止・予約制）を要確認、登山口から離れている（徒歩アプローチを要確認）,"国土数値情報（バス停留所データ）令和4年度（国土交通省）P11-22-29-bs2760（33.963869, 135.849580、JGD2011）を加工して作成",
BS-kP11-22-29-bs2761,bus_stop,玉置山登山口,33.962656,135.8588082,WGS84,735,笠捨山,関西百名山,,,,TH-n1405463611(489m) TH-n1405459503(641m) TH-n1405459324(296m),operator=十津川村; busType=コミュニティバス; busRoutes=瀞八丁線,adopted,10,運行状況（季節運行・休止・予約制）を要確認、登山口から離れている（徒歩アプローチを要確認）,"国土数値情報（バス停留所データ）令和4年度（国土交通省）P11-22-29-bs2761（33.962656, 135.858808、JGD2011）を加工して作成",
BS-kP11-22-29-bs2763,bus_stop,上葛川口,33.9623783,135.8630775,WGS84,735,笠捨山,関西百名山,,,,TH-n1405463611(779m) TH-n1405459503(257m) TH-n1405459324(107m),operator=十津川村; busType=コミュニティバス; busRoutes=瀞八丁線,adopted,10,運行状況（季節運行・休止・予約制）を要確認、登山口から離れている（徒歩アプローチを要確認）,"国土数値情報（バス停留所データ）令和4年度（国土交通省）P11-22-29-bs2763（33.962378, 135.863077、JGD2011）を加工して作成",
BS-kP11-22-29-bs2764,bus_stop,上葛川,33.9623603,135.8721693,WGS84,735,笠捨山,関西百名山,,,,TH-n1405459771(247m) TH-n1405459503(600m),operator=十津川村; busType=コミュニティバス; busRoutes=瀞八丁線,adopted,10,運行状況（季節運行・休止・予約制）を要確認,"国土数値情報（バス停留所データ）令和4年度（国土交通省）P11-22-29-bs2764（33.962360, 135.872169、JGD2011）を加工して作成",
BS-kP11-22-29-bs2770,bus_stop,東中上,33.9577397,135.8587315,WGS84,735,笠捨山,関西百名山,,,,TH-n1405459324(631m),operator=十津川村; busType=コミュニティバス; busRoutes=瀞八丁線,adopted,10,運行状況（季節運行・休止・予約制）を要確認、登山口から離れている（徒歩アプローチを要確認）,"国土数値情報（バス停留所データ）令和4年度（国土交通省）P11-22-29-bs2770（33.957740, 135.858732、JGD2011）を加工して作成",
BS-kP11-22-29-bs2837,bus_stop,垣内地,33.9320552,135.6527796,WGS84,759,冷水山,関西百名山,,,,TH-kP11-22-29-bs2841(423m),operator=十津川村; busType=コミュニティバス; busRoutes=内原線,adopted,10,運行状況（季節運行・休止・予約制）を要確認,"国土数値情報（バス停留所データ）令和4年度（国土交通省）P11-22-29-bs2837（33.932055, 135.652780、JGD2011）を加工して作成",
BS-kP11-22-29-bs2840,bus_stop,仲谷口,33.9319445,135.6548027,WGS84,759,冷水山,関西百名山,,,,TH-kP11-22-29-bs2841(236m),operator=十津川村; busType=コミュニティバス; busRoutes=内原線,adopted,10,運行状況（季節運行・休止・予約制）を要確認,"国土数値情報（バス停留所データ）令和4年度（国土交通省）P11-22-29-bs2840（33.931944, 135.654803、JGD2011）を加工して作成",
BS-kP11-22-29-bs2841,bus_stop,竹谷,33.9319339,135.6573535,WGS84,759,冷水山,関西百名山,,,,TH-kP11-22-29-bs2841(0m),operator=十津川村; busType=コミュニティバス; busRoutes=内原線,adopted,10,運行状況（季節運行・休止・予約制）を要確認,"国土数値情報（バス停留所データ）令和4年度（国土交通省）P11-22-29-bs2841（33.931934, 135.657353、JGD2011）を加工して作成",
BS-kP11-22-29-bs2843,bus_stop,追野谷,33.9315283,135.6983201,WGS84,759,冷水山,関西百名山,,,,TH-n1405422538(423m),operator=十津川村; busType=コミュニティバス; busRoutes=内原線,adopted,10,運行状況（季節運行・休止・予約制）を要確認,"国土数値情報（バス停留所データ）令和4年度（国土交通省）P11-22-29-bs2843（33.931528, 135.698320、JGD2011）を加工して作成",
BS-kP11-22-29-bs2848,bus_stop,世界遺産石碑前,33.9307425,135.7584121,WGS84,759,冷水山,関西百名山,,,,TH-n5702262721(269m),operator=十津川村; busType=コミュニティバス; busRoutes=果無線,adopted,10,運行状況（季節運行・休止・予約制）を要確認,"国土数値情報（バス停留所データ）令和4年度（国土交通省）P11-22-29-bs2848（33.930742, 135.758412、JGD2011）を加工して作成 ｜ OpenStreetMap（© OpenStreetMap contributors, ODbL 1.0）Geofabrik japan-latest.osm.pbf 2026-09-23T20:22:04Z node/5705929361",
BS-kP11-22-29-bs2849,bus_stop,入谷口,33.9306695,135.6778378,WGS84,759,冷水山,関西百名山,,,,TH-kP11-22-29-bs2849(0m),operator=十津川村; busType=コミュニティバス; busRoutes=内原線,adopted,10,運行状況（季節運行・休止・予約制）を要確認,"国土数値情報（バス停留所データ）令和4年度（国土交通省）P11-22-29-bs2849（33.930670, 135.677838、JGD2011）を加工して作成",
BS-kP11-22-29-bs2851,bus_stop,市原口,33.9304993,135.6751972,WGS84,759,冷水山,関西百名山,,,,TH-kP11-22-29-bs2849(245m),operator=十津川村; busType=コミュニティバス; busRoutes=内原線,adopted,10,運行状況（季節運行・休止・予約制）を要確認,"国土数値情報（バス停留所データ）令和4年度（国土交通省）P11-22-29-bs2851（33.930499, 135.675197、JGD2011）を加工して作成",
BS-kP11-22-29-bs2852,bus_stop,大槍曽,33.9301204,135.6690386,WGS84,759,冷水山,関西百名山,,,,TH-kP11-22-29-bs2849(815m),operator=十津川村; busType=コミュニティバス; busRoutes=内原線,adopted,10,運行状況（季節運行・休止・予約制）を要確認、登山口から離れている（徒歩アプローチを要確認）,"国土数値情報（バス停留所データ）令和4年度（国土交通省）P11-22-29-bs2852（33.930120, 135.669039、JGD2011）を加工して作成",
BS-kP11-22-29-bs2854,bus_stop,中果無,33.9289102,135.7578989,WGS84,759,冷水山,関西百名山,,,,TH-n5702262721(142m),operator=十津川村; busType=コミュニティバス; busRoutes=果無線,adopted,10,運行状況（季節運行・休止・予約制）を要確認,"国土数値情報（バス停留所データ）令和4年度（国土交通省）P11-22-29-bs2854（33.928910, 135.757899、JGD2011）を加工して作成",
BS-kP11-22-29-bs2855,bus_stop,小辺路,33.9285225,135.7594823,WGS84,759,冷水山,関西百名山,,,,TH-n5702262721(18m),operator=十津川村; busType=コミュニティバス; busRoutes=果無線,adopted,10,運行状況（季節運行・休止・予約制）を要確認,"国土数値情報（バス停留所データ）令和4年度（国土交通省）P11-22-29-bs2855（33.928522, 135.759482、JGD2011）を加工して作成",
BS-kP11-22-29-bs2856,bus_stop,本小壁,33.9282859,135.6916868,WGS84,759,冷水山,関西百名山,,,,TH-n1405422538(428m),operator=十津川村; busType=コミュニティバス; busRoutes=内原線,adopted,10,運行状況（季節運行・休止・予約制）を要確認,"国土数値情報（バス停留所データ）令和4年度（国土交通省）P11-22-29-bs2856（33.928286, 135.691687、JGD2011）を加工して作成",
BS-kP11-22-29-bs2857,bus_stop,小壁,33.9281107,135.69629,WGS84,759,冷水山,関西百名山,,,,TH-n1405422538(4m),operator=十津川村; busType=コミュニティバス; busRoutes=内原線,adopted,10,運行状況（季節運行・休止・予約制）を要確認,"国土数値情報（バス停留所データ）令和4年度（国土交通省）P11-22-29-bs2857（33.928111, 135.696290、JGD2011）を加工して作成",
BS-kP11-22-29-bs2872,bus_stop,北又,33.9088744,135.8618612,WGS84,748,玉置山,関西百名山,,,,TH-n1405413506(941m),operator=十津川村; busType=コミュニティバス; busRoutes=瀞八丁線,adopted,10,運行状況（季節運行・休止・予約制）を要確認、登山口から離れている（徒歩アプローチを要確認）,"国土数値情報（バス停留所データ）令和4年度（国土交通省）P11-22-29-bs2872（33.908874, 135.861861、JGD2011）を加工して作成",
BS-kP11-22-29-bs2873,bus_stop,玉置川下,33.906807,135.8537034,WGS84,748,玉置山,関西百名山,,,,TH-n1405413506(198m),operator=十津川村; busType=コミュニティバス; busRoutes=瀞八丁線,adopted,10,運行状況（季節運行・休止・予約制）を要確認,"国土数値情報（バス停留所データ）令和4年度（国土交通省）P11-22-29-bs2873（33.906807, 135.853703、JGD2011）を加工して作成",
BS-kP11-22-29-bs2874,bus_stop,玉置川,33.9056946,135.8499385,WGS84,748,玉置山,関西百名山,,,,TH-n1405413506(273m),operator=十津川村; busType=コミュニティバス; busRoutes=瀞八丁線,adopted,10,運行状況（季節運行・休止・予約制）を要確認,"国土数値情報（バス停留所データ）令和4年度（国土交通省）P11-22-29-bs2874（33.905695, 135.849939、JGD2011）を加工して作成",
BS-kP11-22-29-bs2877,bus_stop,七色,33.8895832,135.7585619,WGS84,759 762,冷水山、五大尊岳,関西百名山,,,,TH-n2266989683(178m),operator=奈良交通（株）; busType=民間路線バス; busRoutes=301　大和八木駅ー新宮駅 / 302　新宮駅ー大和八木駅,adopted,10,運行状況（季節運行・休止・予約制）を要確認,"国土数値情報（バス停留所データ）令和4年度（国土交通省）P11-22-29-bs2877（33.889583, 135.758562、JGD2011）を加工して作成",
BS-kP11-22-29-bs2878,bus_stop,七色,33.8895832,135.7585619,WGS84,759 762,冷水山、五大尊岳,関西百名山,,,,TH-n2266989683(178m),operator=十津川村; busType=コミュニティバス; busRoutes=二津野線 / 七色・本宮線,adopted,10,運行状況（季節運行・休止・予約制）を要確認,"国土数値情報（バス停留所データ）令和4年度（国土交通省）P11-22-29-bs2878（33.889583, 135.758562、JGD2011）を加工して作成",
BS-kP11-22-29-bs372,bus_stop,市民体育館,34.6880354,135.6897516,WGS84,635,生駒山,関西百名山,,,,TH-n1870789653(467m),operator=生駒市; busType=コミュニティバス; busRoutes=たけまる号（門前線）,adopted,10,運行状況（季節運行・休止・予約制）を要確認,"国土数値情報（バス停留所データ）令和4年度（国土交通省）P11-22-29-bs372（34.688035, 135.689752、JGD2011）を加工して作成",
BS-kP11-22-29-bs379,bus_stop,梅寿荘,34.6869308,135.6890518,WGS84,635,生駒山,関西百名山,,,,TH-w30432381(344m) TH-n1870789653(388m) TH-n10285434199(997m),operator=生駒市; busType=コミュニティバス; busRoutes=たけまる号（門前線）,adopted,10,運行状況（季節運行・休止・予約制）を要確認、登山口から離れている（徒歩アプローチを要確認）,"国土数値情報（バス停留所データ）令和4年度（国土交通省）P11-22-29-bs379（34.686931, 135.689052、JGD2011）を加工して作成",
BS-kP11-22-29-bs393,bus_stop,門前駐在所,34.6855907,135.6886833,WGS84,635,生駒山,関西百名山,,,,TH-w30432381(193m) TH-n1870789653(387m) TH-n10285434199(900m),operator=生駒市; busType=コミュニティバス; busRoutes=たけまる号（門前線）,adopted,10,運行状況（季節運行・休止・予約制）を要確認、登山口から離れている（徒歩アプローチを要確認）,"国土数値情報（バス停留所データ）令和4年度（国土交通省）P11-22-29-bs393（34.685591, 135.688683、JGD2011）を加工して作成",
BS-kP11-22-29-bs401,bus_stop,門前町児童公園入口,34.6846924,135.6918305,WGS84,635,生駒山,関西百名山,,,,TH-kP11-22-29-bs447(325m),operator=生駒市; busType=コミュニティバス; busRoutes=たけまる号（門前線）,adopted,10,運行状況（季節運行・休止・予約制）を要確認,"国土数値情報（バス停留所データ）令和4年度（国土交通省）P11-22-29-bs401（34.684692, 135.691831、JGD2011）を加工して作成",
BS-kP11-22-29-bs432,bus_stop,清風寺,34.6828818,135.6894369,WGS84,635,生駒山,関西百名山,,,,TH-w30432381(192m) TH-w30432374(913m) TH-kP11-22-29-bs447(202m) TH-n10285434199(896m) TH-n7597052148(515m),operator=生駒市; busType=コミュニティバス; busRoutes=たけまる号（門前線）,adopted,10,運行状況（季節運行・休止・予約制）を要確認、登山口から離れている（徒歩アプローチを要確認）,"国土数値情報（バス停留所データ）令和4年度（国土交通省）P11-22-29-bs432（34.682882, 135.689437、JGD2011）を加工して作成",
BS-kP11-22-29-bs447,bus_stop,門前町南,34.6817947,135.6912071,WGS84,635,生駒山,関西百名山,,,,TH-kP11-22-29-bs447(0m) TH-n7597052148(471m),operator=生駒市; busType=コミュニティバス; busRoutes=たけまる号（門前線）,adopted,10,運行状況（季節運行・休止・予約制）を要確認,"国土数値情報（バス停留所データ）令和4年度（国土交通省）P11-22-29-bs447（34.681795, 135.691207、JGD2011）を加工して作成",
BS-kP11-22-29-bs531,bus_stop,小倉寺町集会所,34.6728702,135.6899,WGS84,635,生駒山,関西百名山,,,,TH-kP11-22-29-bs539(313m) TH-n7597052148(624m),operator=生駒市; busType=コミュニティバス; busRoutes=たけまる号（西畑線）,adopted,10,運行状況（季節運行・休止・予約制）を要確認、登山口から離れている（徒歩アプローチを要確認）,"国土数値情報（バス停留所データ）令和4年度（国土交通省）P11-22-29-bs531（34.672870, 135.689900、JGD2011）を加工して作成",
BS-kP11-22-29-bs539,bus_stop,鬼取町,34.6710737,135.6872642,WGS84,635,生駒山,関西百名山,,,,TH-kP11-22-29-bs539(0m),operator=生駒市; busType=コミュニティバス; busRoutes=たけまる号（西畑線）,adopted,10,運行状況（季節運行・休止・予約制）を要確認,"国土数値情報（バス停留所データ）令和4年度（国土交通省）P11-22-29-bs539（34.671074, 135.687264、JGD2011）を加工して作成",
BS-kP11-22-29-bs561,bus_stop,大福寺,34.6691941,135.6910022,WGS84,635,生駒山,関西百名山,,,,TH-kP11-22-29-bs539(400m),operator=生駒市; busType=コミュニティバス; busRoutes=たけまる号（西畑線）,adopted,10,運行状況（季節運行・休止・予約制）を要確認,"国土数値情報（バス停留所データ）令和4年度（国土交通省）P11-22-29-bs561（34.669194, 135.691002、JGD2011）を加工して作成",
BS-kP11-22-30-bs1504,bus_stop,護摩壇山,34.0614382,135.5642746,WGS84,729,護摩壇山,日本三百名山|関西百名山,,,,TH-n1405543158(54m) TH-n11279773266(844m),operator=龍神自動車（株）; busType=民間路線バス; busRoutes=聖地巡礼バス,adopted,10,運行状況（季節運行・休止・予約制）を要確認、登山口から離れている（徒歩アプローチを要確認）,"国土数値情報（バス停留所データ）令和4年度（国土交通省）P11-22-30-bs1504（34.061438, 135.564275、JGD2011）を加工して作成",
BS-kP11-22-30-bs1505,bus_stop,護摩壇山,34.0614382,135.5642746,WGS84,729,護摩壇山,日本三百名山|関西百名山,,,,TH-n1405543158(54m) TH-n11279773266(844m),operator=南海りんかんバス（株）; busType=民間路線バス; busRoutes=聖地巡礼バス（12　急行高野龍神線）,adopted,10,運行状況（季節運行・休止・予約制）を要確認、登山口から離れている（徒歩アプローチを要確認）,"国土数値情報（バス停留所データ）令和4年度（国土交通省）P11-22-30-bs1505（34.061438, 135.564275、JGD2011）を加工して作成",
BS-kP11-22-30-bs1771,bus_stop,上の段,33.9512635,135.3658507,WGS84,744,矢筈岳,関西百名山,,,,TH-n1398138276(279m),operator=田辺市; busType=コミュニティバス; busRoutes=龍神日高川線,adopted,10,運行状況（季節運行・休止・予約制）を要確認,"国土数値情報（バス停留所データ）令和4年度（国土交通省）P11-22-30-bs1771（33.951264, 135.365851、JGD2011）を加工して作成",
BS-kP11-22-30-bs1772,bus_stop,上の段,33.9512635,135.3658507,WGS84,744,矢筈岳,関西百名山,,,,TH-n1398138276(279m),operator=日高川町; busType=コミュニティバス; busRoutes=寒川線・龍神日高川線,adopted,10,運行状況（季節運行・休止・予約制）を要確認,"国土数値情報（バス停留所データ）令和4年度（国土交通省）P11-22-30-bs1772（33.951264, 135.365851、JGD2011）を加工して作成",
BS-kP11-22-30-bs1778,bus_stop,野々古口,33.9473107,135.3701577,WGS84,744,矢筈岳,関西百名山,,,,TH-n1398138276(409m),operator=田辺市; busType=コミュニティバス; busRoutes=龍神日高川線,adopted,10,運行状況（季節運行・休止・予約制）を要確認,"国土数値情報（バス停留所データ）令和4年度（国土交通省）P11-22-30-bs1778（33.947311, 135.370158、JGD2011）を加工して作成",
BS-kP11-22-30-bs2,bus_stop,光陽台東,34.3681794,135.6073338,WGS84,681,岩湧山,関西百名山,,,,TH-n1427144827(805m),operator=橋本市; busType=コミュニティバス; busRoutes=北部線,adopted,10,運行状況（季節運行・休止・予約制）を要確認、登山口から離れている（徒歩アプローチを要確認）,"国土数値情報（バス停留所データ）令和4年度（国土交通省）P11-22-30-bs2（34.368179, 135.607334、JGD2011）を加工して作成",
BS-kP11-22-30-bs2016,bus_stop,八木尾,33.8758267,135.7591429,WGS84,759,冷水山,関西百名山,,,,TH-n1425781203(427m),operator=奈良交通（株）; busType=民間路線バス; busRoutes=301　大和八木駅ー新宮駅 / 302　新宮駅ー大和八木駅,adopted,10,運行状況（季節運行・休止・予約制）を要確認,"国土数値情報（バス停留所データ）令和4年度（国土交通省）P11-22-30-bs2016（33.875827, 135.759143、JGD2011）を加工して作成 ｜ OpenStreetMap（© OpenStreetMap contributors, ODbL 1.0）Geofabrik japan-latest.osm.pbf 2026-09-23T20:22:04Z node/5702788724",
BS-kP11-22-30-bs2017,bus_stop,八木尾,33.8758267,135.7591429,WGS84,759,冷水山,関西百名山,,,,TH-n1425781203(427m),operator=田辺市; busType=コミュニティバス; busRoutes=土河屋・本宮線,adopted,10,運行状況（季節運行・休止・予約制）を要確認,"国土数値情報（バス停留所データ）令和4年度（国土交通省）P11-22-30-bs2017（33.875827, 135.759143、JGD2011）を加工して作成",
BS-kP11-22-30-bs2018,bus_stop,八木尾,33.8758267,135.7591429,WGS84,759,冷水山,関西百名山,,,,TH-n1425781203(427m),operator=十津川村; busType=コミュニティバス; busRoutes=七色・本宮線,adopted,10,運行状況（季節運行・休止・予約制）を要確認,"国土数値情報（バス停留所データ）令和4年度（国土交通省）P11-22-30-bs2018（33.875827, 135.759143、JGD2011）を加工して作成",
BS-kP11-22-30-bs2023,bus_stop,切畑,33.8704625,135.7630412,WGS84,762,五大尊岳,関西百名山,,,,TH-n1425775083(398m),operator=田辺市; busType=コミュニティバス; busRoutes=上切原・切畑・大居線,adopted,10,運行状況（季節運行・休止・予約制）を要確認,"国土数値情報（バス停留所データ）令和4年度（国土交通省）P11-22-30-bs2023（33.870462, 135.763041、JGD2011）を加工して作成",
BS-kP11-22-30-bs2028,bus_stop,草合,33.8695922,135.7680297,WGS84,762,五大尊岳,関西百名山,,,,TH-n1425775083(76m),operator=田辺市; busType=コミュニティバス; busRoutes=上切原・切畑・大居線,adopted,10,運行状況（季節運行・休止・予約制）を要確認,"国土数値情報（バス停留所データ）令和4年度（国土交通省）P11-22-30-bs2028（33.869592, 135.768030、JGD2011）を加工して作成",
BS-kP11-22-30-bs2034,bus_stop,熊野萩,33.8680191,135.7590543,WGS84,759,冷水山,関西百名山,,,,TH-n293830411(72m),operator=奈良交通（株）; busType=民間路線バス; busRoutes=301　大和八木駅ー新宮駅 / 302　新宮駅ー大和八木駅,adopted,10,運行状況（季節運行・休止・予約制）を要確認,"国土数値情報（バス停留所データ）令和4年度（国土交通省）P11-22-30-bs2034（33.868019, 135.759054、JGD2011）を加工して作成",
BS-kP11-22-30-bs2035,bus_stop,熊野萩,33.8680191,135.7590543,WGS84,759,冷水山,関西百名山,,,,TH-n293830411(72m),operator=田辺市; busType=コミュニティバス; busRoutes=土河屋・本宮線,adopted,10,運行状況（季節運行・休止・予約制）を要確認,"国土数値情報（バス停留所データ）令和4年度（国土交通省）P11-22-30-bs2035（33.868019, 135.759054、JGD2011）を加工して作成",
BS-kP11-22-30-bs2036,bus_stop,熊野萩,33.8680191,135.7590543,WGS84,759,冷水山,関西百名山,,,,TH-n293830411(72m),operator=十津川村; busType=コミュニティバス; busRoutes=七色・本宮線,adopted,10,運行状況（季節運行・休止・予約制）を要確認,"国土数値情報（バス停留所データ）令和4年度（国土交通省）P11-22-30-bs2036（33.868019, 135.759054、JGD2011）を加工して作成",
BS-kP11-22-30-bs2038,bus_stop,下モ山,33.8674353,135.7698132,WGS84,762,五大尊岳,関西百名山,,,,TH-n1425775083(359m),operator=田辺市; busType=コミュニティバス; busRoutes=上切原・切畑・大居線,adopted,10,運行状況（季節運行・休止・予約制）を要確認,"国土数値情報（バス停留所データ）令和4年度（国土交通省）P11-22-30-bs2038（33.867435, 135.769813、JGD2011）を加工して作成",
BS-kP11-22-30-bs2048,bus_stop,上切原,33.8652972,135.7851193,WGS84,762,五大尊岳,関西百名山,,,,TH-n1425754828(996m),operator=田辺市; busType=コミュニティバス; busRoutes=上切原・切畑・大居線,adopted,10,運行状況（季節運行・休止・予約制）を要確認、登山口から離れている（徒歩アプローチを要確認）,"国土数値情報（バス停留所データ）令和4年度（国土交通省）P11-22-30-bs2048（33.865297, 135.785119、JGD2011）を加工して作成",
BS-kP11-22-30-bs2056,bus_stop,中下番,33.8638146,135.7350905,WGS84,759,冷水山,関西百名山,,,,TH-n1425772237(14m),operator=田辺市; busType=コミュニティバス; busRoutes=上番・中下番・発心門線,adopted,10,運行状況（季節運行・休止・予約制）を要確認,"国土数値情報（バス停留所データ）令和4年度（国土交通省）P11-22-30-bs2056（33.863815, 135.735090、JGD2011）を加工して作成",
BS-kP11-22-30-bs2062,bus_stop,発心門王子,33.8611208,135.7240342,WGS84,759,冷水山,関西百名山,,,,TH-n5429763201(325m),operator=龍神自動車（株）; busType=民間路線バス; busRoutes=80　熊野本宮線 / 81　熊野本宮線,adopted,10,運行状況（季節運行・休止・予約制）を要確認,"国土数値情報（バス停留所データ）令和4年度（国土交通省）P11-22-30-bs2062（33.861121, 135.724034、JGD2011）を加工して作成",
BS-kP11-22-30-bs2063,bus_stop,発心門,33.8611115,135.729431,WGS84,759,冷水山,関西百名山,,,,TH-n5429763201(819m) TH-n1425772237(609m),operator=田辺市; busType=コミュニティバス; busRoutes=上番・中下番・発心門線,adopted,10,運行状況（季節運行・休止・予約制）を要確認、登山口から離れている（徒歩アプローチを要確認）,"国土数値情報（バス停留所データ）令和4年度（国土交通省）P11-22-30-bs2063（33.861111, 135.729431、JGD2011）を加工して作成 ｜ OpenStreetMap（© OpenStreetMap contributors, ODbL 1.0）Geofabrik japan-latest.osm.pbf 2026-09-23T20:22:04Z node/5429741830",
BS-kP11-22-30-bs2064,bus_stop,発心門,33.8611115,135.729431,WGS84,759,冷水山,関西百名山,,,,TH-n1425772237(609m),operator=龍神自動車（株）; busType=民間路線バス; busRoutes=80　熊野本宮線 / 81　熊野本宮線,adopted,10,運行状況（季節運行・休止・予約制）を要確認、登山口から離れている（徒歩アプローチを要確認）,"国土数値情報（バス停留所データ）令和4年度（国土交通省）P11-22-30-bs2064（33.861111, 135.729431、JGD2011）を加工して作成",
BS-kP11-22-30-bs2731,bus_stop,熊野古道,33.6715555,135.8972294,WGS84,813,烏帽子山,関西百名山,,,,TH-n1389507854(234m),operator=熊野御坊南海バス（株）; busType=民間路線バス; busRoutes=31　那智山線,adopted,10,運行状況（季節運行・休止・予約制）を要確認,"国土数値情報（バス停留所データ）令和4年度（国土交通省）P11-22-30-bs2731（33.671556, 135.897229、JGD2011）を加工して作成 ｜ OpenStreetMap（© OpenStreetMap contributors, ODbL 1.0）Geofabrik japan-latest.osm.pbf 2026-09-23T20:22:04Z node/4836059645",
BS-kP11-22-30-bs2739,bus_stop,大門坂,33.6688099,135.9026151,WGS84,813,烏帽子山,関西百名山,,,,TH-n1389504314(204m) TH-n1389507854(642m),operator=熊野御坊南海バス（株）; busType=民間路線バス; busRoutes=31　那智山線,adopted,10,運行状況（季節運行・休止・予約制）を要確認、登山口から離れている（徒歩アプローチを要確認）,"国土数値情報（バス停留所データ）令和4年度（国土交通省）P11-22-30-bs2739（33.668810, 135.902615、JGD2011）を加工して作成 ｜ OpenStreetMap（© OpenStreetMap contributors, ODbL 1.0）Geofabrik japan-latest.osm.pbf 2026-09-23T20:22:04Z node/4456079389",
BS-kP11-22-30-bs2742,bus_stop,二の瀬橋,33.6677753,135.9039172,WGS84,813,烏帽子山,関西百名山,,,,TH-n1389504314(184m),operator=熊野御坊南海バス（株）; busType=民間路線バス; busRoutes=31　那智山線,adopted,10,運行状況（季節運行・休止・予約制）を要確認,"国土数値情報（バス停留所データ）令和4年度（国土交通省）P11-22-30-bs2742（33.667775, 135.903917、JGD2011）を加工して作成",
BS-kP11-22-30-bs2884,bus_stop,佐田桜公園,33.5962067,135.6972331,WGS84,823,嶽ノ森山,関西百名山,,,,TH-n1392486345(460m),operator=古座川町; busType=公営路線バス; busRoutes=ふるさとバス本川線 / 一般乗客用スクールバス　添野川～三尾川 / 一般乗客用スクールバス　西川～三尾川,adopted,10,運行状況（季節運行・休止・予約制）を要確認,"国土数値情報（バス停留所データ）令和4年度（国土交通省）P11-22-30-bs2884（33.596207, 135.697233、JGD2011）を加工して作成",
BS-kP11-22-30-bs2964,bus_stop,洞尾,33.5557485,135.7159935,WGS84,823,嶽ノ森山,関西百名山,,,,TH-n1392474911(375m) TH-n1392475466(311m),operator=古座川町; busType=公営路線バス; busRoutes=ふるさとバス本川線,adopted,10,運行状況（季節運行・休止・予約制）を要確認,"国土数値情報（バス停留所データ）令和4年度（国土交通省）P11-22-30-bs2964（33.555748, 135.715993、JGD2011）を加工して作成",
BS-kP11-22-30-bs2967,bus_stop,蔵土,33.5519617,135.6998928,WGS84,823,嶽ノ森山,関西百名山,,,,TH-n1392474379(200m) TH-n1392474433(247m),operator=古座川町; busType=公営路線バス; busRoutes=ふるさとバス本川線,adopted,10,運行状況（季節運行・休止・予約制）を要確認,"国土数値情報（バス停留所データ）令和4年度（国土交通省）P11-22-30-bs2967（33.551962, 135.699893、JGD2011）を加工して作成",
BS-kP11-22-30-bs2971,bus_stop,相瀬,33.5482157,135.7282599,WGS84,823,嶽ノ森山,関西百名山,,,,TH-n1392472963(708m) TH-n1392473483(503m) TH-gsi-dakenomori-aise(777m),operator=古座川町; busType=公営路線バス; busRoutes=ふるさとバス本川線,adopted,10,運行状況（季節運行・休止・予約制）を要確認、登山口から離れている（徒歩アプローチを要確認）,"国土数値情報（バス停留所データ）令和4年度（国土交通省）P11-22-30-bs2971（33.548216, 135.728260、JGD2011）を加工して作成",
BS-kP11-22-30-bs2972,bus_stop,一枚岩,33.5471867,135.7176448,WGS84,823,嶽ノ森山,関西百名山,,,,TH-n1392474911(608m) TH-gsi-dakenomori-aise(513m),operator=古座川町; busType=公営路線バス; busRoutes=ふるさとバス本川線,adopted,10,運行状況（季節運行・休止・予約制）を要確認、登山口から離れている（徒歩アプローチを要確認）,"国土数値情報（バス停留所データ）令和4年度（国土交通省）P11-22-30-bs2972（33.547187, 135.717645、JGD2011）を加工して作成",
BS-kP11-22-30-bs2976,bus_stop,立合,33.5410187,135.7317312,WGS84,823,嶽ノ森山,関西百名山,,,,TH-n1392472963(315m) TH-n1392473483(409m) TH-gsi-dakenomori-aise(994m),operator=古座川町; busType=公営路線バス; busRoutes=ふるさとバス本川線,adopted,10,運行状況（季節運行・休止・予約制）を要確認、登山口から離れている（徒歩アプローチを要確認）,"国土数値情報（バス停留所データ）令和4年度（国土交通省）P11-22-30-bs2976（33.541019, 135.731731、JGD2011）を加工して作成",
BS-kP11-22-30-bs690,bus_stop,善田集会所前,34.2214539,135.3916284,WGS84,704,龍門山,関西百名山,,,,TH-n1429644308(258m) TH-n1429648911(673m),operator=紀の川市; busType=コミュニティバス; busRoutes=地域巡回バス　30桃山鞆渕コース,adopted,10,運行状況（季節運行・休止・予約制）を要確認、登山口から離れている（徒歩アプローチを要確認）,"国土数値情報（バス停留所データ）令和4年度（国土交通省）P11-22-30-bs690（34.221454, 135.391628、JGD2011）を加工して作成",
BS-kP11-22-30-bs716,bus_stop,桜峠下,34.2188813,135.6124486,WGS84,706,楊柳山,関西百名山,,,,TH-n1398338431(547m) TH-n1398333861(360m),operator=南海りんかんバス（株）; busType=民間路線バス; busRoutes=24　高野山内線,adopted,10,運行状況（季節運行・休止・予約制）を要確認,"国土数値情報（バス停留所データ）令和4年度（国土交通省）P11-22-30-bs716（34.218881, 135.612449、JGD2011）を加工して作成",
BS-kP11-22-30-bs729,bus_stop,桜団地前,34.2172889,135.6101991,WGS84,706,楊柳山,関西百名山,,,,TH-n1398338431(700m) TH-n1398333861(464m),operator=南海りんかんバス（株）; busType=民間路線バス; busRoutes=24　高野山内線,adopted,10,運行状況（季節運行・休止・予約制）を要確認、登山口から離れている（徒歩アプローチを要確認）,"国土数値情報（バス停留所データ）令和4年度（国土交通省）P11-22-30-bs729（34.217289, 135.610199、JGD2011）を加工して作成",
BS-kP11-22-30-bs734,bus_stop,隠谷,34.2168082,135.6083351,WGS84,706,楊柳山,関西百名山,,,,TH-n1398338431(782m) TH-n1398333861(629m) TH-ksj-P11-22-30-bs739(430m),operator=南海りんかんバス（株）; busType=民間路線バス; busRoutes=24　高野山内線,adopted,10,運行状況（季節運行・休止・予約制）を要確認、登山口から離れている（徒歩アプローチを要確認）,"国土数値情報（バス停留所データ）令和4年度（国土交通省）P11-22-30-bs734（34.216808, 135.608335、JGD2011）を加工して作成",
BS-kP11-22-30-bs739,bus_stop,奥の院前,34.2163451,135.6036995,WGS84,706,楊柳山,関西百名山,,,,TH-ksj-P11-22-30-bs739(0m),operator=南海りんかんバス（株）; busType=民間路線バス; busRoutes=11　急行立里線（高野龍神スカイライン） / 聖地巡礼バス（12　急行高野龍神線） / 21　高野山内線,adopted,10,運行状況（季節運行・休止・予約制）を要確認,"国土数値情報（バス停留所データ）令和4年度（国土交通省）P11-22-30-bs739（34.216345, 135.603699、JGD2011）を加工して作成 ｜ OpenStreetMap（© OpenStreetMap contributors, ODbL 1.0）Geofabrik japan-latest.osm.pbf 2026-09-23T20:22:04Z node/1898531896",
BS-kP11-22-30-bs740,bus_stop,奥の院,34.2163451,135.6036995,WGS84,706,楊柳山,関西百名山,,,,TH-ksj-P11-22-30-bs739(0m),operator=大十バス（株）; busType=民間路線バス; busRoutes=高野マリンライナー,adopted,10,運行状況（季節運行・休止・予約制）を要確認,"国土数値情報（バス停留所データ）令和4年度（国土交通省）P11-22-30-bs740（34.216345, 135.603699、JGD2011）を加工して作成",
BS-kP11-22-30-bs768,bus_stop,高原,34.2131416,135.4207741,WGS84,704,龍門山,関西百名山,,,,TH-n1429642256(857m),operator=紀の川市; busType=コミュニティバス; busRoutes=地域巡回バス　30桃山鞆渕コース,adopted,10,運行状況（季節運行・休止・予約制）を要確認、登山口から離れている（徒歩アプローチを要確認）,"国土数値情報（バス停留所データ）令和4年度（国土交通省）P11-22-30-bs768（34.213142, 135.420774、JGD2011）を加工して作成",
BS-kP11-22-30-bs780,bus_stop,黒川,34.2126506,135.4047398,WGS84,704,龍門山,関西百名山,,,,TH-n1429642536(653m) TH-n1429644057(937m),operator=紀の川市; busType=コミュニティバス; busRoutes=地域巡回バス　30桃山鞆渕コース,adopted,10,運行状況（季節運行・休止・予約制）を要確認、登山口から離れている（徒歩アプローチを要確認）,"国土数値情報（バス停留所データ）令和4年度（国土交通省）P11-22-30-bs780（34.212651, 135.404740、JGD2011）を加工して作成",
BS-kP11-22-30-bs782,bus_stop,桃山小学校跡前,34.2124825,135.3928893,WGS84,704,龍門山,関西百名山,,,,TH-n1429644308(984m),operator=紀の川市; busType=コミュニティバス; busRoutes=地域巡回バス　30桃山鞆渕コース,adopted,10,運行状況（季節運行・休止・予約制）を要確認、登山口から離れている（徒歩アプローチを要確認）,"国土数値情報（バス停留所データ）令和4年度（国土交通省）P11-22-30-bs782（34.212482, 135.392889、JGD2011）を加工して作成",
BS-n10220755222,bus_stop,屏風岩,35.7452668,135.1264205,WGS84,401,依遅ヶ尾山,関西百名山,,,,TH-n1681433101(483m),network=丹海バス,provisional,20,運行状況（季節運行・休止・予約制）を要確認、公式情報または2情報源での確認が必要,"OpenStreetMap（© OpenStreetMap contributors, ODbL 1.0）Geofabrik japan-latest.osm.pbf 2026-09-23T20:22:04Z node/10220755222",
BS-n10220755223,bus_stop,屏風岩,35.745036,135.1262563,WGS84,401,依遅ヶ尾山,関西百名山,,,,TH-n1681433101(476m),network=丹海バス,provisional,20,運行状況（季節運行・休止・予約制）を要確認、公式情報または2情報源での確認が必要,"OpenStreetMap（© OpenStreetMap contributors, ODbL 1.0）Geofabrik japan-latest.osm.pbf 2026-09-23T20:22:04Z node/10220755223",
BS-n11128964322,bus_stop,（名称なし）バス停,34.8075253,134.7807897,WGS84,624,高御位山,関西百名山,,,,TH-kP11-22-28-bs5722(303m) TH-n1342088505(884m) TH-n1342088597(517m),,provisional,20,運行状況（季節運行・休止・予約制）を要確認、公式情報または2情報源での確認が必要、登山口から離れている（徒歩アプローチを要確認）,"OpenStreetMap（© OpenStreetMap contributors, ODbL 1.0）Geofabrik japan-latest.osm.pbf 2026-09-23T20:22:04Z node/11128964322",
BS-n11134002585,bus_stop,市ノ池公園,34.8075135,134.7807719,WGS84,624,高御位山,関西百名山,,,,TH-kP11-22-28-bs5722(301m) TH-n1342088505(886m) TH-n1342088597(516m),,provisional,20,運行状況（季節運行・休止・予約制）を要確認、公式情報または2情報源での確認が必要、登山口から離れている（徒歩アプローチを要確認）,"OpenStreetMap（© OpenStreetMap contributors, ODbL 1.0）Geofabrik japan-latest.osm.pbf 2026-09-23T20:22:04Z node/11134002585",
BS-n1264700792,bus_stop,ケーブル前(廃止),34.9216147,135.4501361,WGS84,615,妙見山,関西百名山,,,,TH-w301750772-2(913m) TH-n1264700814(60m),operator=阪急バス; busRoutes=阪急バス｜妙見口能勢線｜5: 妙見口->ケーブル前,provisional,20,運行状況（季節運行・休止・予約制）を要確認、公式情報または2情報源での確認が必要、登山口から離れている（徒歩アプローチを要確認）,"OpenStreetMap（© OpenStreetMap contributors, ODbL 1.0）Geofabrik japan-latest.osm.pbf 2026-09-23T20:22:04Z node/1264700792",
BS-n1387083836,bus_stop,砂原橋,34.9907029,135.383924,WGS84,606,剣尾山,関西百名山,,,,TH-n1550354177(604m),,provisional,20,運行状況（季節運行・休止・予約制）を要確認、公式情報または2情報源での確認が必要、登山口から離れている（徒歩アプローチを要確認）,"OpenStreetMap（© OpenStreetMap contributors, ODbL 1.0）Geofabrik japan-latest.osm.pbf 2026-09-23T20:22:04Z node/1387083836",
BS-n1516333324,bus_stop,行者口,34.9847514,135.3861972,WGS84,606,剣尾山,関西百名山,,,,TH-n1550351888(448m),,provisional,20,運行状況（季節運行・休止・予約制）を要確認、公式情報または2情報源での確認が必要,"OpenStreetMap（© OpenStreetMap contributors, ODbL 1.0）Geofabrik japan-latest.osm.pbf 2026-09-23T20:22:04Z node/1516333324",
BS-n2169857373,bus_stop,吉川公民館,34.9127242,135.4454994,WGS84,615,妙見山,関西百名山,,,,TH-osm-n7829132218(140m),,provisional,20,運行状況（季節運行・休止・予約制）を要確認、公式情報または2情報源での確認が必要,"OpenStreetMap（© OpenStreetMap contributors, ODbL 1.0）Geofabrik japan-latest.osm.pbf 2026-09-23T20:22:04Z node/2169857373",
BS-n2674263999,bus_stop,能勢の郷,34.9914262,135.3883316,WGS84,606,剣尾山,関西百名山,,,,TH-n1550354177(261m) TH-n1550351888(555m),,provisional,20,運行状況（季節運行・休止・予約制）を要確認、公式情報または2情報源での確認が必要,"OpenStreetMap（© OpenStreetMap contributors, ODbL 1.0）Geofabrik japan-latest.osm.pbf 2026-09-23T20:22:04Z node/2674263999",
BS-n2674264003,bus_stop,能勢の里口,34.9906036,135.3850959,WGS84,606,剣尾山,関西百名山,,,,TH-n1550354177(497m) TH-n1550351888(652m),,provisional,20,運行状況（季節運行・休止・予約制）を要確認、公式情報または2情報源での確認が必要、登山口から離れている（徒歩アプローチを要確認）,"OpenStreetMap（© OpenStreetMap contributors, ODbL 1.0）Geofabrik japan-latest.osm.pbf 2026-09-23T20:22:04Z node/2674264003",
BS-n2683213081,bus_stop,有馬温泉,34.7972529,135.2475547,WGS84,628,六甲最高峰,日本三百名山|関西百名山,,,,TH-n12345111564(139m) TH-n2921600660(717m) TH-n1842381862(555m),operator=阪急バス; busRoutes=阪急バス｜有野・藤原台線｜1：有馬温泉～有野公園前～岡場駅～済生会病院前 / 阪急バス｜有馬線｜75：宝塚～JR西宮名塩～丸山下～下山口～有馬温泉 / 阪急バス｜有馬線｜95：宝塚～蓬莱狭～有馬温泉～丸山下～JR西宮名塩 / 阪急バス｜芦屋有馬線｜80：阪神芦屋～有馬温泉～山口営業所,provisional,20,運行状況（季節運行・休止・予約制）を要確認、公式情報または2情報源での確認が必要、登山口から離れている（徒歩アプローチを要確認）,"OpenStreetMap（© OpenStreetMap contributors, ODbL 1.0）Geofabrik japan-latest.osm.pbf 2026-09-23T20:22:04Z node/2683213081",
BS-n4326224490,bus_stop,ケーブル坂本,35.0696042,135.8640128,WGS84,590,比叡山,日本三百名山|関西百名山,,,,TH-w572203656(249m) TH-n1355399585(472m),,provisional,20,運行状況（季節運行・休止・予約制）を要確認、公式情報または2情報源での確認が必要,"OpenStreetMap（© OpenStreetMap contributors, ODbL 1.0）Geofabrik japan-latest.osm.pbf 2026-09-23T20:22:04Z node/4326224490",
BS-n5191770978,bus_stop,有馬温泉,34.7973034,135.2473859,WGS84,628,六甲最高峰,日本三百名山|関西百名山,,,,TH-n12345111564(151m) TH-n2921600660(719m) TH-n1842381862(563m),operator=阪急バス; busRoutes=阪急バス｜有野・藤原台線｜1：有馬温泉～有野公園前～岡場駅～済生会病院前 / 阪急バス｜有馬線｜75：宝塚～JR西宮名塩～丸山下～下山口～有馬温泉 / 阪急バス｜有馬線｜95：宝塚～蓬莱狭～有馬温泉～丸山下～JR西宮名塩 / 阪急バス｜芦屋有馬線｜80：阪神芦屋～有馬温泉～山口営業所,provisional,20,運行状況（季節運行・休止・予約制）を要確認、公式情報または2情報源での確認が必要、登山口から離れている（徒歩アプローチを要確認）,"OpenStreetMap（© OpenStreetMap contributors, ODbL 1.0）Geofabrik japan-latest.osm.pbf 2026-09-23T20:22:04Z node/5191770978",
BS-n5429763201,bus_stop,発心門王子;Hosshinmon-oji,33.8617469,135.7206005,WGS84,759,冷水山,関西百名山,,,,TH-n5429763201(0m),,provisional,20,運行状況（季節運行・休止・予約制）を要確認、公式情報または2情報源での確認が必要,"OpenStreetMap（© OpenStreetMap contributors, ODbL 1.0）Geofabrik japan-latest.osm.pbf 2026-09-23T20:22:04Z node/5429763201",
BS-n6563997486,bus_stop,初瀬観光センター前,34.5281232,135.9019951,WGS84,649,三輪山,関西百名山,,,,TH-n10879954436(130m),,provisional,20,運行状況（季節運行・休止・予約制）を要確認、公式情報または2情報源での確認が必要,"OpenStreetMap（© OpenStreetMap contributors, ODbL 1.0）Geofabrik japan-latest.osm.pbf 2026-09-23T20:22:04Z node/6563997486",
BS-n7273698985,bus_stop,スクールバス乗降所,34.5249738,136.1366245,WGS84,652,鎧岳,関西百名山,,,,TH-n1773394020(786m),,provisional,20,運行状況（季節運行・休止・予約制）を要確認、公式情報または2情報源での確認が必要、登山口から離れている（徒歩アプローチを要確認）,"OpenStreetMap（© OpenStreetMap contributors, ODbL 1.0）Geofabrik japan-latest.osm.pbf 2026-09-23T20:22:04Z node/7273698985",
BS-n7612486685,bus_stop,大台ヶ原,34.1806498,136.0969884,WGS84,718,大台ヶ原山,日本百名山|日本二百名山|日本三百名山|関西百名山|東海の百山,,,,TH-n474520284(75m),,provisional,20,運行状況（季節運行・休止・予約制）を要確認、公式情報または2情報源での確認が必要,"OpenStreetMap（© OpenStreetMap contributors, ODbL 1.0）Geofabrik japan-latest.osm.pbf 2026-09-23T20:22:04Z node/7612486685",
BS-n8018093185,bus_stop,奥畑口,34.673213,135.0782047,WGS84,637,横尾山,関西百名山,,,,TH-n6881086223(95m),operator=山陽バス; busRoutes=山陽バス｜山陽バス｜Bus 12: 垂水東口 => 名谷駅前 / 山陽バス｜山陽バス｜Bus 13: 垂水東口 => 名谷駅前 / 山陽バス｜山陽バス｜Bus 14: 舞子高校前 => 名谷駅前 / 山陽バス｜山陽バス｜Bus 15: 青山台 => 名谷駅前 / 山陽バス｜山陽バス｜Bus 5: 垂水駅 => 名谷駅前,provisional,20,運行状況（季節運行・休止・予約制）を要確認、公式情報または2情報源での確認が必要,"OpenStreetMap（© OpenStreetMap contributors, ODbL 1.0）Geofabrik japan-latest.osm.pbf 2026-09-23T20:22:04Z node/8018093185",
BS-n8254718302,bus_stop,離宮公園前,34.6511815,135.1143862,WGS84,637,横尾山,関西百名山,,,,TH-w1091185297(407m),busRoutes=神戸市交通局｜神戸市バス｜Bus 72,provisional,20,運行状況（季節運行・休止・予約制）を要確認、公式情報または2情報源での確認が必要,"OpenStreetMap（© OpenStreetMap contributors, ODbL 1.0）Geofabrik japan-latest.osm.pbf 2026-09-23T20:22:04Z node/8254718302",
BS-n8316893332,bus_stop,Daimonzaka,33.6706886,135.9013138,WGS84,813,烏帽子山,関西百名山,,,,TH-n1389504314(353m) TH-n1389507854(405m),,provisional,20,運行状況（季節運行・休止・予約制）を要確認、公式情報または2情報源での確認が必要,"OpenStreetMap（© OpenStreetMap contributors, ODbL 1.0）Geofabrik japan-latest.osm.pbf 2026-09-23T20:22:04Z node/8316893332",
BS-n9499610363,bus_stop,石見川,34.3938107,135.6385362,WGS84,676,金剛山,日本二百名山|日本三百名山|関西百名山,,,,TH-n9499610363(0m),,provisional,20,運行状況（季節運行・休止・予約制）を要確認、公式情報または2情報源での確認が必要,"OpenStreetMap（© OpenStreetMap contributors, ODbL 1.0）Geofabrik japan-latest.osm.pbf 2026-09-23T20:22:04Z node/9499610363",
PK-g3366929_13590474,parking,大門坂駐車場,33.6692904,135.9047373,WGS84,813,烏帽子山,関西百名山,,,,TH-n1389504314(0m),,provisional,100,公式情報では未確認（登山記録で使われている駐車場）,登山記録で使われている駐車場（登山記録・登山情報サイトで確認。公式情報では未確認）,
PK-g3392926_1358265,parking,玉置神社駐車場,33.929259,135.826505,WGS84,748,玉置山,関西百名山,,,,TH-n1405424336(0m),,provisional,100,公式情報では未確認（登山記録で使われている駐車場）,登山記録で使われている駐車場（登山記録・登山情報サイトで確認。公式情報では未確認）,
PK-g3410567_13532597,parking,生石高原第1駐車場,34.1056719,135.3259662,WGS84,723,生石ヶ峰,関西百名山,,,,TH-n1429527213(0m),,provisional,100,公式情報では未確認（登山記録で使われている駐車場）,登山記録で使われている駐車場（登山記録・登山情報サイトで確認。公式情報では未確認）,
PK-g3423277_13481549,parking,諭鶴羽神社駐車場,34.232774,134.815492,WGS84,707,諭鶴羽山,関西百名山,,,,TH-n1678356596(0m),,provisional,100,公式情報では未確認（登山記録で使われている駐車場）,登山記録で使われている駐車場（登山記録・登山情報サイトで確認。公式情報では未確認）,
PK-g3424914_13479689,parking,諭鶴羽ダム駐車場,34.249142,134.796893,WGS84,707,諭鶴羽山,関西百名山,,,,TH-n1678366084(0m),,provisional,100,公式情報では未確認（登山記録で使われている駐車場）,登山記録で使われている駐車場（登山記録・登山情報サイトで確認。公式情報では未確認）,
PK-g3452898_135843,parking,大神神社第1駐車場,34.528979,135.843004,WGS84,649,三輪山,関西百名山,,,,TH-gsi-saijinja(1122m),,adopted,100,登山口から離れている（徒歩アプローチを要確認）,"OpenStreetMap（© OpenStreetMap contributors, ODbL 1.0）way/689281824（大神神社第1駐車場）",
PK-g3481348_13479929,parking,高御位山成井駐車場,34.813476,134.799288,WGS84,624,高御位山,関西百名山,,,,TH-n1668477327(0m),,provisional,100,公式情報では未確認（登山記録で使われている駐車場）,登山記録で使われている駐車場（登山記録・登山情報サイトで確認。公式情報では未確認）,
PK-g3501266_1363214,parking,綿向山御幸橋駐車場,35.012657,136.321401,WGS84,604,綿向山,東海の百山,,,,TH-gsi-miyukibashi(0m),,provisional,100,公式情報では未確認（登山記録で使われている駐車場）,登山記録で使われている駐車場（登山記録・登山情報サイトで確認。公式情報では未確認）,
PK-g3503789_13483458,parking,笠形山登山口駐車場,35.037888,134.834575,WGS84,591,笠形山,関西百名山,,,,TH-osm-w278201423(0m),,provisional,100,公式情報では未確認（登山記録で使われている駐車場）,登山記録で使われている駐車場（登山記録・登山情報サイトで確認。公式情報では未確認）,
PK-g3505001_13602738,parking,御上神社駐車場（国道8号沿い）,35.050009,136.027381,WGS84,597,三上山,関西百名山,,,,TH-n9465428222(354m),,adopted,100,登山口から離れている（徒歩アプローチを要確認）,"公式情報: https://www.city.yasu.lg.jp/soshiki/keizai/oshirase/1585294796705.html の「御上神社駐車場（国道8号沿い）」。位置は国土地理院ベクトルタイル提供実験 地理院地図の注記「御上神社」（35.050009, 136.027381）2026-09-24確認",
PK-g3517026_1347677,parking,段ヶ峰登山道口駐車場,35.170256,134.767698,WGS84,551,段ヶ峰,関西百名山,,,,TH-n1862520437(0m),,provisional,100,公式情報では未確認（登山記録で使われている駐車場）,登山記録で使われている駐車場（登山記録・登山情報サイトで確認。公式情報では未確認）,
PK-g3558504_13625907,parking,白谷登山口駐車場,35.5850446,136.2590736,WGS84,425,横山岳,関西百名山,,,,TH-n12169870554(0m),,provisional,100,公式情報では未確認（登山記録で使われている駐車場）,登山記録で使われている駐車場（登山記録・登山情報サイトで確認。公式情報では未確認）,
PK-n10001205996,parking,（名称なし）駐車場,34.5182147,136.1599815,WGS84,651 656,倶留尊山、古光山,日本三百名山|関西百名山|東海の百山,,,,TH-n1773393516(469m) TH-n8484467824(95m) TH-n8484467947(391m),,provisional,20,公式情報または2情報源での確認が必要、名称なし、登山口から離れている（徒歩アプローチを要確認）,"OpenStreetMap（© OpenStreetMap contributors, ODbL 1.0）Geofabrik japan-latest.osm.pbf 2026-09-23T20:22:04Z node/10001205996",
PK-n10096096096,parking,（名称なし）駐車場,35.0600675,134.6629461,WGS84,587,雪彦山,関西百名山,,,,TH-n7368449785(80m),,provisional,20,公式情報または2情報源での確認が必要、名称なし,"OpenStreetMap（© OpenStreetMap contributors, ODbL 1.0）Geofabrik japan-latest.osm.pbf 2026-09-23T20:22:04Z node/10096096096",
PK-n10879954436,parking,akippa駐車場,34.5289871,135.9029603,WGS84,649,三輪山,関西百名山,,,,TH-n10879954436(0m),fee=yes,provisional,20,公式情報または2情報源での確認が必要,"OpenStreetMap（© OpenStreetMap contributors, ODbL 1.0）Geofabrik japan-latest.osm.pbf 2026-09-23T20:22:04Z node/10879954436",
PK-n1311315204,parking,（名称なし）駐車場,35.0319761,135.6543178,WGS84,593,愛宕山,日本三百名山|関西百名山,,,,TH-n3733873420(318m),,provisional,20,公式情報または2情報源での確認が必要、名称なし、登山口から離れている（徒歩アプローチを要確認）,"OpenStreetMap（© OpenStreetMap contributors, ODbL 1.0）Geofabrik japan-latest.osm.pbf 2026-09-23T20:22:04Z node/1311315204",
PK-n13309695201,parking,三井のリパーク 神戸長田長尾町2丁目 駐車場,34.6671086,135.1349415,WGS84,637,横尾山,関西百名山,,,,TH-n13309695201(0m),fee=yes; access=yes; opening_hours=24/7,provisional,20,公式情報または2情報源での確認が必要,"OpenStreetMap（© OpenStreetMap contributors, ODbL 1.0）Geofabrik japan-latest.osm.pbf 2026-09-23T20:22:04Z node/13309695201",
PK-n13309695301,parking,パークンパーク 神戸長尾店,34.6673298,135.135244,WGS84,637,横尾山,関西百名山,,,,TH-n13309695201(37m),fee=yes; access=yes,provisional,20,公式情報または2情報源での確認が必要,"OpenStreetMap（© OpenStreetMap contributors, ODbL 1.0）Geofabrik japan-latest.osm.pbf 2026-09-23T20:22:04Z node/13309695301",
PK-n1781287019,parking,（名称なし）駐車場,35.1493805,134.4033239,WGS84,570,日名倉山,関西百名山,,,,TH-gsi-bellpeal(45m),,provisional,20,公式情報または2情報源での確認が必要、名称なし,"OpenStreetMap（© OpenStreetMap contributors, ODbL 1.0）Geofabrik japan-latest.osm.pbf 2026-09-23T20:22:04Z node/1781287019",
PK-n2285521221,parking,マキノ高原温泉;さらさ,35.4962074,136.0350549,WGS84,441,赤坂山,関西百名山,,,,TH-n1384051346(374m),,provisional,20,公式情報または2情報源での確認が必要、登山口から離れている（徒歩アプローチを要確認）,"OpenStreetMap（© OpenStreetMap contributors, ODbL 1.0）Geofabrik japan-latest.osm.pbf 2026-09-23T20:22:04Z node/2285521221",
PK-n2604549382,parking,（名称なし）駐車場,34.806759,134.7771488,WGS84,624,高御位山,関西百名山,,,,TH-kP11-22-28-bs5722(43m) TH-n1342088597(310m),,provisional,20,公式情報または2情報源での確認が必要、名称なし、登山口から離れている（徒歩アプローチを要確認）,"OpenStreetMap（© OpenStreetMap contributors, ODbL 1.0）Geofabrik japan-latest.osm.pbf 2026-09-23T20:22:04Z node/2604549382",
PK-n2604549387,parking,（名称なし）駐車場,34.8071222,134.7779389,WGS84,624,高御位山,関西百名山,,,,TH-kP11-22-28-bs5722(39m),,provisional,20,公式情報または2情報源での確認が必要、名称なし,"OpenStreetMap（© OpenStreetMap contributors, ODbL 1.0）Geofabrik japan-latest.osm.pbf 2026-09-23T20:22:04Z node/2604549387",
PK-n2863420801,parking,駐車場,34.343257,135.882753,WGS84,684,吉野山,関西百名山,,,,TH-n1496057185(123m),,provisional,20,公式情報または2情報源での確認が必要,"OpenStreetMap（© OpenStreetMap contributors, ODbL 1.0）Geofabrik japan-latest.osm.pbf 2026-09-23T20:22:04Z node/2863420801",
PK-n3014434870,parking,ごろごろ茶屋,34.2669571,135.8942004,WGS84,700 705 710,山上ヶ岳、稲村ヶ岳、大普賢岳,日本三百名山|関西百名山,,,,TH-n12292903156(32m),,provisional,20,公式情報または2情報源での確認が必要,"OpenStreetMap（© OpenStreetMap contributors, ODbL 1.0）Geofabrik japan-latest.osm.pbf 2026-09-23T20:22:04Z node/3014434870",
PK-n3830764650,parking,屏風岩公苑,34.5077046,136.0975818,WGS84,655,住塚山,関西百名山,,,,TH-n1773391642(177m),,provisional,20,公式情報または2情報源での確認が必要,"OpenStreetMap（© OpenStreetMap contributors, ODbL 1.0）Geofabrik japan-latest.osm.pbf 2026-09-23T20:22:04Z node/3830764650",
PK-n4111339655,parking,（名称なし）駐車場,34.8132249,134.7999397,WGS84,624,高御位山,関西百名山,,,,TH-n1668477701(363m) TH-n1668477327(66m),,provisional,20,公式情報または2情報源での確認が必要、名称なし、登山口から離れている（徒歩アプローチを要確認）,"OpenStreetMap（© OpenStreetMap contributors, ODbL 1.0）Geofabrik japan-latest.osm.pbf 2026-09-23T20:22:04Z node/4111339655",
PK-n4213643454,parking,Uramichi Trailhead,35.0197307,136.4433367,WGS84,585 589 595 601 602 607 609 611 612,三池岳、釈迦ヶ岳、尾高山、雨乞岳、御在所岳、鎌ヶ岳、入道ヶ岳、宮指路岳、仙ヶ岳,東海の百山|日本二百名山|日本三百名山|関西百名山,,,,TH-n4213643454(0m),,provisional,20,公式情報または2情報源での確認が必要,"OpenStreetMap（© OpenStreetMap contributors, ODbL 1.0）Geofabrik japan-latest.osm.pbf 2026-09-23T20:22:04Z node/4213643454",
PK-n5624648721,parking,（名称なし）駐車場,34.189443,135.9367025,WGS84,700 710 714 719 722,山上ヶ岳、大普賢岳、行者還岳、大峰山、釈迦ヶ岳,日本三百名山|関西百名山|日本百名山|日本二百名山,,,,TH-n1412886725(77m),,provisional,20,公式情報または2情報源での確認が必要、名称なし,"OpenStreetMap（© OpenStreetMap contributors, ODbL 1.0）Geofabrik japan-latest.osm.pbf 2026-09-23T20:22:04Z node/5624648721",
PK-n5624648722,parking,（名称なし）駐車場,34.1888373,135.9371263,WGS84,700 710 714 719 722,山上ヶ岳、大普賢岳、行者還岳、大峰山、釈迦ヶ岳,日本三百名山|関西百名山|日本百名山|日本二百名山,,,,TH-n1412886725(23m),,provisional,20,公式情報または2情報源での確認が必要、名称なし,"OpenStreetMap（© OpenStreetMap contributors, ODbL 1.0）Geofabrik japan-latest.osm.pbf 2026-09-23T20:22:04Z node/5624648722",
PK-n6177995786,parking,グリーンパーク想い出の森;くつき温泉てんくう,35.3430144,135.920938,WGS84,509 522,蛇谷ヶ峰、武奈ヶ岳,関西百名山|日本二百名山|日本三百名山,,,,TH-n6177995786(0m),,provisional,20,公式情報または2情報源での確認が必要,"OpenStreetMap（© OpenStreetMap contributors, ODbL 1.0）Geofabrik japan-latest.osm.pbf 2026-09-23T20:22:04Z node/6177995786",
PK-n6214974621,parking,（名称なし）駐車場,34.7980191,135.2479087,WGS84,628,六甲最高峰,日本三百名山|関西百名山,,,,TH-n12345111564(210m),access=customers,provisional,20,公式情報または2情報源での確認が必要、名称なし,"OpenStreetMap（© OpenStreetMap contributors, ODbL 1.0）Geofabrik japan-latest.osm.pbf 2026-09-23T20:22:04Z node/6214974621",
PK-n6477370137,parking,天の川温泉;天の川温泉センター,34.2223972,135.8402858,WGS84,719,大峰山,日本百名山|日本二百名山|日本三百名山|関西百名山,,,,TH-n6643037685(207m),,provisional,20,公式情報または2情報源での確認が必要,"OpenStreetMap（© OpenStreetMap contributors, ODbL 1.0）Geofabrik japan-latest.osm.pbf 2026-09-23T20:22:04Z node/6477370137",
PK-n6696082443,parking,大門坂;無料Ｐ,33.6686404,135.9032369,WGS84,813,烏帽子山,関西百名山,,,,TH-n1389504314(156m),,provisional,20,公式情報または2情報源での確認が必要,"OpenStreetMap（© OpenStreetMap contributors, ODbL 1.0）Geofabrik japan-latest.osm.pbf 2026-09-23T20:22:04Z node/6696082443",
PK-n6703059401,parking,（名称なし）駐車場,34.2460456,135.8700381,WGS84,700 705 710,山上ヶ岳、稲村ヶ岳、大普賢岳,日本三百名山|関西百名山,,,,TH-n6703059403(125m),,provisional,20,公式情報または2情報源での確認が必要、名称なし,"OpenStreetMap（© OpenStreetMap contributors, ODbL 1.0）Geofabrik japan-latest.osm.pbf 2026-09-23T20:22:04Z node/6703059401",
PK-n6723664943,parking,三休の湯,35.0447992,136.4418029,WGS84,585 589 595 601 602 607,三池岳、釈迦ヶ岳、尾高山、雨乞岳、御在所岳、鎌ヶ岳,東海の百山|日本二百名山|日本三百名山|関西百名山,,,,TH-n6723664943(0m),,provisional,20,公式情報または2情報源での確認が必要,"OpenStreetMap（© OpenStreetMap contributors, ODbL 1.0）Geofabrik japan-latest.osm.pbf 2026-09-23T20:22:04Z node/6723664943",
PK-n722515404,parking,（名称なし）駐車場,34.5184147,136.1606774,WGS84,651 656,倶留尊山、古光山,日本三百名山|関西百名山|東海の百山,,,,TH-n1773393516(472m) TH-n8484467824(39m) TH-n8484467947(419m),,provisional,20,公式情報または2情報源での確認が必要、名称なし、登山口から離れている（徒歩アプローチを要確認）,"OpenStreetMap（© OpenStreetMap contributors, ODbL 1.0）Geofabrik japan-latest.osm.pbf 2026-09-23T20:22:04Z node/722515404",
PK-w1019662031,parking,（名称なし）駐車場,34.4429345,135.6787404,WGS84,667 676,大和葛城山、金剛山,日本三百名山|関西百名山|日本二百名山,,,,TH-n9404409834(302m) TH-w397570279(228m),access=private; operator=金剛バス,provisional,40,公式情報または2情報源での確認が必要、名称なし、登山口から離れている（徒歩アプローチを要確認）,"OpenStreetMap（© OpenStreetMap contributors, ODbL 1.0）Geofabrik japan-latest.osm.pbf 2026-09-23T20:22:04Z way/1019662031",
PK-w1019662032,parking,（名称なし）駐車場,34.4430674,135.6786013,WGS84,667 676,大和葛城山、金剛山,日本三百名山|関西百名山|日本二百名山,,,,TH-n9404409834(311m) TH-w397570279(208m),capacity=7; access=yes,provisional,40,公式情報または2情報源での確認が必要、名称なし、登山口から離れている（徒歩アプローチを要確認）,"OpenStreetMap（© OpenStreetMap contributors, ODbL 1.0）Geofabrik japan-latest.osm.pbf 2026-09-23T20:22:04Z way/1019662032",
PK-w1063763648,parking,（名称なし）駐車場,35.0397938,135.6583191,WGS84,593,愛宕山,日本三百名山|関西百名山,,,,TH-n3733870869(80m),fee=yes,provisional,40,公式情報または2情報源での確認が必要、名称なし,"OpenStreetMap（© OpenStreetMap contributors, ODbL 1.0）Geofabrik japan-latest.osm.pbf 2026-09-23T20:22:04Z way/1063763648",
PK-w1075798839,parking,（名称なし）駐車場,34.8138236,134.8119488,WGS84,624,高御位山,関西百名山,,,,TH-w1150059209(373m),,provisional,40,公式情報または2情報源での確認が必要、名称なし、登山口から離れている（徒歩アプローチを要確認）,"OpenStreetMap（© OpenStreetMap contributors, ODbL 1.0）Geofabrik japan-latest.osm.pbf 2026-09-23T20:22:04Z way/1075798839",
PK-w1079666406,parking,（名称なし）駐車場,35.0621109,135.1689822,WGS84,600,白髪岳,関西百名山,,,,TH-n2023952915(482m),access=private,provisional,40,公式情報または2情報源での確認が必要、名称なし、登山口から離れている（徒歩アプローチを要確認）,"OpenStreetMap（© OpenStreetMap contributors, ODbL 1.0）Geofabrik japan-latest.osm.pbf 2026-09-23T20:22:04Z way/1079666406",
PK-w1083378474,parking,One Park長田駅前,34.6586985,135.1456238,WGS84,637,横尾山,関西百名山,,,,TH-n11404334582(66m),fee=yes; access=yes,provisional,40,公式情報または2情報源での確認が必要,"OpenStreetMap（© OpenStreetMap contributors, ODbL 1.0）Geofabrik japan-latest.osm.pbf 2026-09-23T20:22:04Z way/1083378474",
PK-w1083378475,parking,（名称なし）駐車場,34.6588721,135.1457118,WGS84,637,横尾山,関西百名山,,,,TH-n11404334582(50m),access=private,provisional,40,公式情報または2情報源での確認が必要、名称なし,"OpenStreetMap（© OpenStreetMap contributors, ODbL 1.0）Geofabrik japan-latest.osm.pbf 2026-09-23T20:22:04Z way/1083378475",
PK-w1085625241,parking,（名称なし）駐車場,34.8130043,134.7532309,WGS84,624,高御位山,関西百名山,,,,TH-n1342305135(376m),access=private,provisional,40,公式情報または2情報源での確認が必要、名称なし、登山口から離れている（徒歩アプローチを要確認）,"OpenStreetMap（© OpenStreetMap contributors, ODbL 1.0）Geofabrik japan-latest.osm.pbf 2026-09-23T20:22:04Z way/1085625241",
PK-w1085625242,parking,（名称なし）駐車場,34.8133001,134.753031,WGS84,624,高御位山,関西百名山,,,,TH-n1342305135(377m),access=private,provisional,40,公式情報または2情報源での確認が必要、名称なし、登山口から離れている（徒歩アプローチを要確認）,"OpenStreetMap（© OpenStreetMap contributors, ODbL 1.0）Geofabrik japan-latest.osm.pbf 2026-09-23T20:22:04Z way/1085625242",
PK-w1086356122,parking,（名称なし）駐車場,34.6602873,135.1333376,WGS84,637,横尾山,関西百名山,,,,TH-n2117457129(112m),,provisional,40,公式情報または2情報源での確認が必要、名称なし,"OpenStreetMap（© OpenStreetMap contributors, ODbL 1.0）Geofabrik japan-latest.osm.pbf 2026-09-23T20:22:04Z way/1086356122",
PK-w1088090073,parking,（名称なし）駐車場,34.6749814,135.1728575,WGS84,637,横尾山,関西百名山,,,,TH-n13255278248(206m),access=customers,provisional,40,公式情報または2情報源での確認が必要、名称なし,"OpenStreetMap（© OpenStreetMap contributors, ODbL 1.0）Geofabrik japan-latest.osm.pbf 2026-09-23T20:22:04Z way/1088090073",
PK-w1091161977,parking,（名称なし）駐車場,34.6483461,135.1143837,WGS84,637,横尾山,関西百名山,,,,TH-w1091185297(101m),,provisional,40,公式情報または2情報源での確認が必要、名称なし,"OpenStreetMap（© OpenStreetMap contributors, ODbL 1.0）Geofabrik japan-latest.osm.pbf 2026-09-23T20:22:04Z way/1091161977",
PK-w1091185297,parking,三井のリパーク,34.6475158,135.1139295,WGS84,637,横尾山,関西百名山,,,,TH-w1091185297(0m),fee=yes; operator=三井不動産リアルティ,provisional,40,公式情報または2情報源での確認が必要,"OpenStreetMap（© OpenStreetMap contributors, ODbL 1.0）Geofabrik japan-latest.osm.pbf 2026-09-23T20:22:04Z way/1091185297",
PK-w1094065242,parking,（名称なし）駐車場,34.6587823,135.1332091,WGS84,637,横尾山,関西百名山,,,,TH-n2117457129(137m),,provisional,40,公式情報または2情報源での確認が必要、名称なし,"OpenStreetMap（© OpenStreetMap contributors, ODbL 1.0）Geofabrik japan-latest.osm.pbf 2026-09-23T20:22:04Z way/1094065242",
PK-w1095338929,parking,（名称なし）駐車場,34.9359985,135.4679283,WGS84,615,妙見山,関西百名山,,,,TH-n1550334169(45m),,provisional,40,公式情報または2情報源での確認が必要、名称なし,"OpenStreetMap（© OpenStreetMap contributors, ODbL 1.0）Geofabrik japan-latest.osm.pbf 2026-09-23T20:22:04Z way/1095338929",
PK-w1095338930,parking,（名称なし）駐車場,34.9360894,135.4679783,WGS84,615,妙見山,関西百名山,,,,TH-n1550334169(56m),,provisional,40,公式情報または2情報源での確認が必要、名称なし,"OpenStreetMap（© OpenStreetMap contributors, ODbL 1.0）Geofabrik japan-latest.osm.pbf 2026-09-23T20:22:04Z way/1095338930",
PK-w1095872385,parking,（名称なし）駐車場,34.6591455,135.1336885,WGS84,637,横尾山,関西百名山,,,,TH-n2117457129(145m),,provisional,40,公式情報または2情報源での確認が必要、名称なし,"OpenStreetMap（© OpenStreetMap contributors, ODbL 1.0）Geofabrik japan-latest.osm.pbf 2026-09-23T20:22:04Z way/1095872385",
PK-w1096570712,parking,（名称なし）駐車場,34.6726517,135.1739382,WGS84,637,横尾山,関西百名山,,,,TH-n13255278248(173m),,provisional,40,公式情報または2情報源での確認が必要、名称なし,"OpenStreetMap（© OpenStreetMap contributors, ODbL 1.0）Geofabrik japan-latest.osm.pbf 2026-09-23T20:22:04Z way/1096570712",
PK-w1096570733,parking,（名称なし）駐車場,34.6715807,135.1718169,WGS84,637,横尾山,関西百名山,,,,TH-n13255278248(183m),,provisional,40,公式情報または2情報源での確認が必要、名称なし,"OpenStreetMap（© OpenStreetMap contributors, ODbL 1.0）Geofabrik japan-latest.osm.pbf 2026-09-23T20:22:04Z way/1096570733",
PK-w1122682967,parking,藤原岳登山口駐車場,35.1707703,136.4750922,WGS84,553 555 563 577,鈴北岳、御池岳、藤原岳、竜ヶ岳,東海の百山|関西百名山|日本三百名山,,,,TH-n4789841022(98m),fee=no,provisional,40,公式情報または2情報源での確認が必要,"OpenStreetMap（© OpenStreetMap contributors, ODbL 1.0）Geofabrik japan-latest.osm.pbf 2026-09-23T20:22:04Z way/1122682967",
PK-w1122682969,parking,鈴鹿山脈・藤原岳観光駐車場,35.1739413,136.4744512,WGS84,553 555 563 577,鈴北岳、御池岳、藤原岳、竜ヶ岳,東海の百山|関西百名山|日本三百名山,,,,TH-n4789841022(310m),fee=yes; access=yes; operator=いなべ市観光協会,provisional,40,公式情報または2情報源での確認が必要、登山口から離れている（徒歩アプローチを要確認）,"OpenStreetMap（© OpenStreetMap contributors, ODbL 1.0）Geofabrik japan-latest.osm.pbf 2026-09-23T20:22:04Z way/1122682969",
PK-w1122682970,parking,（名称なし）駐車場,35.1736102,136.4737673,WGS84,553 555 563 577,鈴北岳、御池岳、藤原岳、竜ヶ岳,東海の百山|関西百名山|日本三百名山,,,,TH-n4789841022(310m),fee=no; access=private,provisional,40,公式情報または2情報源での確認が必要、名称なし、登山口から離れている（徒歩アプローチを要確認）,"OpenStreetMap（© OpenStreetMap contributors, ODbL 1.0）Geofabrik japan-latest.osm.pbf 2026-09-23T20:22:04Z way/1122682970",
PK-w1122682974,parking,（名称なし）駐車場,35.1753736,136.4715017,WGS84,563,藤原岳,日本三百名山|関西百名山|東海の百山,,,,TH-n1410019845(467m),,provisional,40,公式情報または2情報源での確認が必要、名称なし、登山口から離れている（徒歩アプローチを要確認）,"OpenStreetMap（© OpenStreetMap contributors, ODbL 1.0）Geofabrik japan-latest.osm.pbf 2026-09-23T20:22:04Z way/1122682974",
PK-w1122682975,parking,簡易パーキング　ふじわら,35.1870236,136.4675195,WGS84,553 555 563 577,鈴北岳、御池岳、藤原岳、竜ヶ岳,東海の百山|関西百名山|日本三百名山,,,,TH-w1122682975(0m),fee=no; access=yes,provisional,40,公式情報または2情報源での確認が必要,"OpenStreetMap（© OpenStreetMap contributors, ODbL 1.0）Geofabrik japan-latest.osm.pbf 2026-09-23T20:22:04Z way/1122682975",
PK-w1122682982,parking,（名称なし）駐車場,35.1872396,136.4672277,WGS84,553 555 563 577,鈴北岳、御池岳、藤原岳、竜ヶ岳,東海の百山|関西百名山|日本三百名山,,,,TH-w1122682975(36m),access=customers; operator=cafe Attente,provisional,40,公式情報または2情報源での確認が必要、名称なし,"OpenStreetMap（© OpenStreetMap contributors, ODbL 1.0）Geofabrik japan-latest.osm.pbf 2026-09-23T20:22:04Z way/1122682982",
PK-w1122861027,parking,鞍掛峠（滋賀県側）駐車場,35.2030261,136.4107806,WGS84,553 555 563 577,鈴北岳、御池岳、藤原岳、竜ヶ岳,東海の百山|関西百名山|日本三百名山,,,,TH-w1122861027(0m),fee=no; access=yes,provisional,40,公式情報または2情報源での確認が必要,"OpenStreetMap（© OpenStreetMap contributors, ODbL 1.0）Geofabrik japan-latest.osm.pbf 2026-09-23T20:22:04Z way/1122861027",
PK-w1122905204,parking,（名称なし）駐車場,35.1331223,136.4864353,WGS84,553 555 563 577,鈴北岳、御池岳、藤原岳、竜ヶ岳,東海の百山|関西百名山|日本三百名山,,,,TH-n1409986302(382m),,provisional,40,公式情報または2情報源での確認が必要、名称なし、登山口から離れている（徒歩アプローチを要確認）,"OpenStreetMap（© OpenStreetMap contributors, ODbL 1.0）Geofabrik japan-latest.osm.pbf 2026-09-23T20:22:04Z way/1122905204",
PK-w1124410592,parking,（名称なし）駐車場,34.5283227,135.8514922,WGS84,649,三輪山,関西百名山,,,,TH-n930189627(116m) TH-gsi-saijinja(457m),,provisional,40,公式情報または2情報源での確認が必要、名称なし、登山口から離れている（徒歩アプローチを要確認）,"OpenStreetMap（© OpenStreetMap contributors, ODbL 1.0）Geofabrik japan-latest.osm.pbf 2026-09-23T20:22:04Z way/1124410592",
PK-w1124722862,parking,（名称なし）駐車場,34.8073746,134.7776848,WGS84,624,高御位山,関西百名山,,,,TH-n1342088597(284m),,provisional,40,公式情報または2情報源での確認が必要、名称なし,"OpenStreetMap（© OpenStreetMap contributors, ODbL 1.0）Geofabrik japan-latest.osm.pbf 2026-09-23T20:22:04Z way/1124722862",
PK-w1124722863,parking,（名称なし）駐車場,34.8067276,134.7771477,WGS84,624,高御位山,関西百名山,,,,TH-kP11-22-28-bs5722(45m) TH-n1342088597(313m),,provisional,40,公式情報または2情報源での確認が必要、名称なし、登山口から離れている（徒歩アプローチを要確認）,"OpenStreetMap（© OpenStreetMap contributors, ODbL 1.0）Geofabrik japan-latest.osm.pbf 2026-09-23T20:22:04Z way/1124722863",
PK-w1124754569,parking,（名称なし）駐車場,34.6842043,135.6879967,WGS84,635,生駒山,関西百名山,,,,TH-w30432381(28m) TH-kP11-22-29-bs447(397m),,provisional,40,公式情報または2情報源での確認が必要、名称なし、登山口から離れている（徒歩アプローチを要確認）,"OpenStreetMap（© OpenStreetMap contributors, ODbL 1.0）Geofabrik japan-latest.osm.pbf 2026-09-23T20:22:04Z way/1124754569",
PK-w1124754571,parking,（名称なし）駐車場,34.6843315,135.687862,WGS84,635,生駒山,関西百名山,,,,TH-w30432381(38m) TH-kP11-22-29-bs447(415m),,provisional,40,公式情報または2情報源での確認が必要、名称なし、登山口から離れている（徒歩アプローチを要確認）,"OpenStreetMap（© OpenStreetMap contributors, ODbL 1.0）Geofabrik japan-latest.osm.pbf 2026-09-23T20:22:04Z way/1124754571",
PK-w1124754580,parking,（名称なし）駐車場,34.6843992,135.687474,WGS84,635,生駒山,関西百名山,,,,TH-w30432381(55m) TH-kP11-22-29-bs447(447m),,provisional,40,公式情報または2情報源での確認が必要、名称なし、登山口から離れている（徒歩アプローチを要確認）,"OpenStreetMap（© OpenStreetMap contributors, ODbL 1.0）Geofabrik japan-latest.osm.pbf 2026-09-23T20:22:04Z way/1124754580",
PK-w1124992007,parking,（名称なし）駐車場,34.8049055,134.7909176,WGS84,624,高御位山,関西百名山,,,,TH-n1342088505(349m),,provisional,40,公式情報または2情報源での確認が必要、名称なし、登山口から離れている（徒歩アプローチを要確認）,"OpenStreetMap（© OpenStreetMap contributors, ODbL 1.0）Geofabrik japan-latest.osm.pbf 2026-09-23T20:22:04Z way/1124992007",
PK-w1133649930,parking,（名称なし）駐車場,34.5452118,135.6725203,WGS84,653,二上山,関西百名山,,,,TH-kP11-22-29-bs1283(486m),access=customers,provisional,40,公式情報または2情報源での確認が必要、名称なし、登山口から離れている（徒歩アプローチを要確認）,"OpenStreetMap（© OpenStreetMap contributors, ODbL 1.0）Geofabrik japan-latest.osm.pbf 2026-09-23T20:22:04Z way/1133649930",
PK-w1133649948,parking,（名称なし）駐車場,34.5423464,135.6703217,WGS84,653,二上山,関西百名山,,,,TH-kP11-22-29-bs1283(464m),access=customers,provisional,40,公式情報または2情報源での確認が必要、名称なし、登山口から離れている（徒歩アプローチを要確認）,"OpenStreetMap（© OpenStreetMap contributors, ODbL 1.0）Geofabrik japan-latest.osm.pbf 2026-09-23T20:22:04Z way/1133649948",
PK-w1134219615,parking,（名称なし）駐車場,35.0587988,135.1523697,WGS84,600,白髪岳,関西百名山,,,,TH-n2023952324(465m),,provisional,40,公式情報または2情報源での確認が必要、名称なし、登山口から離れている（徒歩アプローチを要確認）,"OpenStreetMap（© OpenStreetMap contributors, ODbL 1.0）Geofabrik japan-latest.osm.pbf 2026-09-23T20:22:04Z way/1134219615",
PK-w1134219626,parking,（名称なし）駐車場,35.0573687,135.1516639,WGS84,600,白髪岳,関西百名山,,,,TH-n2023952324(305m),,provisional,40,公式情報または2情報源での確認が必要、名称なし、登山口から離れている（徒歩アプローチを要確認）,"OpenStreetMap（© OpenStreetMap contributors, ODbL 1.0）Geofabrik japan-latest.osm.pbf 2026-09-23T20:22:04Z way/1134219626",
PK-w1150059209,parking,こども療育センター駐車場,34.8153465,134.8083012,WGS84,624,高御位山,関西百名山,,,,TH-w1150059209(0m) TH-n1668477701(442m),fee=no; access=customers; operator=加古川市,provisional,40,公式情報または2情報源での確認が必要、登山口から離れている（徒歩アプローチを要確認）,"OpenStreetMap（© OpenStreetMap contributors, ODbL 1.0）Geofabrik japan-latest.osm.pbf 2026-09-23T20:22:04Z way/1150059209",
PK-w1150167005,parking,（名称なし）駐車場,34.5182922,135.6704325,WGS84,653,二上山,関西百名山,,,,TH-n1986431748(475m) TH-n1986431468(159m),,provisional,40,公式情報または2情報源での確認が必要、名称なし、登山口から離れている（徒歩アプローチを要確認）,"OpenStreetMap（© OpenStreetMap contributors, ODbL 1.0）Geofabrik japan-latest.osm.pbf 2026-09-23T20:22:04Z way/1150167005",
PK-w1150167006,parking,（名称なし）駐車場,34.5188032,135.6696863,WGS84,653,二上山,関西百名山,,,,TH-n1986431748(496m) TH-n1986431468(71m),access=customers,provisional,40,公式情報または2情報源での確認が必要、名称なし、登山口から離れている（徒歩アプローチを要確認）,"OpenStreetMap（© OpenStreetMap contributors, ODbL 1.0）Geofabrik japan-latest.osm.pbf 2026-09-23T20:22:04Z way/1150167006",
PK-w1150167023,parking,（名称なし）駐車場,34.5166698,135.6743528,WGS84,653,二上山,関西百名山,,,,TH-n10567856706(346m) TH-n1986431748(495m),access=no,provisional,40,公式情報または2情報源での確認が必要、名称なし、登山口から離れている（徒歩アプローチを要確認）,"OpenStreetMap（© OpenStreetMap contributors, ODbL 1.0）Geofabrik japan-latest.osm.pbf 2026-09-23T20:22:04Z way/1150167023",
PK-w1167770217,parking,（名称なし）駐車場,34.52352,135.8833924,WGS84,649,三輪山,関西百名山,,,,TH-n1816955443(457m),capacity=2; access=customers,provisional,40,公式情報または2情報源での確認が必要、名称なし、登山口から離れている（徒歩アプローチを要確認）,"OpenStreetMap（© OpenStreetMap contributors, ODbL 1.0）Geofabrik japan-latest.osm.pbf 2026-09-23T20:22:04Z way/1167770217",
PK-w1167770220,parking,（名称なし）駐車場,34.5235977,135.8830476,WGS84,649,三輪山,関西百名山,,,,TH-n1816955443(429m),access=customers; operator=三輪山勝製麺,provisional,40,公式情報または2情報源での確認が必要、名称なし、登山口から離れている（徒歩アプローチを要確認）,"OpenStreetMap（© OpenStreetMap contributors, ODbL 1.0）Geofabrik japan-latest.osm.pbf 2026-09-23T20:22:04Z way/1167770220",
PK-w1170445467,parking,（名称なし）駐車場,34.5283679,135.902239,WGS84,649,三輪山,関西百名山,,,,TH-n10879954436(95m),fee=yes,provisional,40,公式情報または2情報源での確認が必要、名称なし,"OpenStreetMap（© OpenStreetMap contributors, ODbL 1.0）Geofabrik japan-latest.osm.pbf 2026-09-23T20:22:04Z way/1170445467",
PK-w1170445473,parking,山口駐車場,34.5282472,135.9020899,WGS84,649,三輪山,関西百名山,,,,TH-n10879954436(114m),fee=yes,provisional,40,公式情報または2情報源での確認が必要,"OpenStreetMap（© OpenStreetMap contributors, ODbL 1.0）Geofabrik japan-latest.osm.pbf 2026-09-23T20:22:04Z way/1170445473",
PK-w1190517292,parking,（名称なし）駐車場,35.0180587,136.448672,WGS84,585 589 595 601 602 607 609 611 612,三池岳、釈迦ヶ岳、尾高山、雨乞岳、御在所岳、鎌ヶ岳、入道ヶ岳、宮指路岳、仙ヶ岳,東海の百山|日本二百名山|日本三百名山|関西百名山,,,,TH-n1742841008(257m),,provisional,40,公式情報または2情報源での確認が必要、名称なし,"OpenStreetMap（© OpenStreetMap contributors, ODbL 1.0）Geofabrik japan-latest.osm.pbf 2026-09-23T20:22:04Z way/1190517292",
PK-w1204565277,parking,（名称なし）駐車場,35.5022814,136.1976974,WGS84,447,賤ヶ岳,関西百名山|東海の百山,,,,TH-gsi-oto-shizugatake(17m),access=customers,provisional,40,公式情報または2情報源での確認が必要、名称なし,"OpenStreetMap（© OpenStreetMap contributors, ODbL 1.0）Geofabrik japan-latest.osm.pbf 2026-09-23T20:22:04Z way/1204565277",
PK-w1213847825,parking,第２駐車場,34.9154505,135.6547396,WGS84,613,ポンポン山,関西百名山,,,,TH-n4406941785(93m),fee=no; access=customers; operator=柳谷観音,provisional,40,公式情報または2情報源での確認が必要,"OpenStreetMap（© OpenStreetMap contributors, ODbL 1.0）Geofabrik japan-latest.osm.pbf 2026-09-23T20:22:04Z way/1213847825",
PK-w1215779995,parking,（名称なし）駐車場,34.2431538,135.8698997,WGS84,700 705 710,山上ヶ岳、稲村ヶ岳、大普賢岳,日本三百名山|関西百名山,,,,TH-n6703059403(204m),access=customers,provisional,40,公式情報または2情報源での確認が必要、名称なし,"OpenStreetMap（© OpenStreetMap contributors, ODbL 1.0）Geofabrik japan-latest.osm.pbf 2026-09-23T20:22:04Z way/1215779995",
PK-w1215779998,parking,（名称なし）駐車場,34.2452452,135.8558116,WGS84,719,大峰山,日本百名山|日本二百名山|日本三百名山|関西百名山,,,,TH-n10961407962(194m),access=customers,provisional,40,公式情報または2情報源での確認が必要、名称なし,"OpenStreetMap（© OpenStreetMap contributors, ODbL 1.0）Geofabrik japan-latest.osm.pbf 2026-09-23T20:22:04Z way/1215779998",
PK-w1215780007,parking,（名称なし）駐車場,34.2465954,135.8548965,WGS84,719,大峰山,日本百名山|日本二百名山|日本三百名山|関西百名山,,,,TH-n10961407962(355m),access=private,provisional,40,公式情報または2情報源での確認が必要、名称なし、登山口から離れている（徒歩アプローチを要確認）,"OpenStreetMap（© OpenStreetMap contributors, ODbL 1.0）Geofabrik japan-latest.osm.pbf 2026-09-23T20:22:04Z way/1215780007",
PK-w1215780009,parking,（名称なし）駐車場,34.2459004,135.8551929,WGS84,719,大峰山,日本百名山|日本二百名山|日本三百名山|関西百名山,,,,TH-n10961407962(274m),access=customers,provisional,40,公式情報または2情報源での確認が必要、名称なし,"OpenStreetMap（© OpenStreetMap contributors, ODbL 1.0）Geofabrik japan-latest.osm.pbf 2026-09-23T20:22:04Z way/1215780009",
PK-w1217370003,parking,（名称なし）駐車場,34.0537311,135.562811,WGS84,729,護摩壇山,日本三百名山|関西百名山,,,,TH-n11279773266(22m),fee=no; access=yes,provisional,40,公式情報または2情報源での確認が必要、名称なし,"OpenStreetMap（© OpenStreetMap contributors, ODbL 1.0）Geofabrik japan-latest.osm.pbf 2026-09-23T20:22:04Z way/1217370003",
PK-w1217373267,parking,（名称なし）駐車場,34.2166965,135.602575,WGS84,706,楊柳山,関西百名山,,,,TH-ksj-P11-22-30-bs739(111m),fee=no,provisional,40,公式情報または2情報源での確認が必要、名称なし,"OpenStreetMap（© OpenStreetMap contributors, ODbL 1.0）Geofabrik japan-latest.osm.pbf 2026-09-23T20:22:04Z way/1217373267",
PK-w1230457122,parking,（名称なし）駐車場,34.6557653,135.1467982,WGS84,637,横尾山,関西百名山,,,,TH-n11411017079(112m),,provisional,40,公式情報または2情報源での確認が必要、名称なし,"OpenStreetMap（© OpenStreetMap contributors, ODbL 1.0）Geofabrik japan-latest.osm.pbf 2026-09-23T20:22:04Z way/1230457122",
PK-w1230457124,parking,（名称なし）駐車場,34.6558565,135.14657,WGS84,637,横尾山,関西百名山,,,,TH-n11411017079(91m),,provisional,40,公式情報または2情報源での確認が必要、名称なし,"OpenStreetMap（© OpenStreetMap contributors, ODbL 1.0）Geofabrik japan-latest.osm.pbf 2026-09-23T20:22:04Z way/1230457124",
PK-w1230457134,parking,（名称なし）駐車場,34.656561,135.1475095,WGS84,637,横尾山,関西百名山,,,,TH-n11411017079(196m),,provisional,40,公式情報または2情報源での確認が必要、名称なし,"OpenStreetMap（© OpenStreetMap contributors, ODbL 1.0）Geofabrik japan-latest.osm.pbf 2026-09-23T20:22:04Z way/1230457134",
PK-w1230735871,parking,三井のリパーク,34.6597165,135.1451307,WGS84,637,横尾山,関西百名山,,,,TH-n11404334582(57m),fee=yes; operator=三井不動産リアルティ,provisional,40,公式情報または2情報源での確認が必要,"OpenStreetMap（© OpenStreetMap contributors, ODbL 1.0）Geofabrik japan-latest.osm.pbf 2026-09-23T20:22:04Z way/1230735871",
PK-w1268275345,parking,（名称なし）駐車場,34.4059407,135.662832,WGS84,676,金剛山,日本二百名山|日本三百名山|関西百名山,,,,TH-n4006745560(9m),,provisional,40,公式情報または2情報源での確認が必要、名称なし,"OpenStreetMap（© OpenStreetMap contributors, ODbL 1.0）Geofabrik japan-latest.osm.pbf 2026-09-23T20:22:04Z way/1268275345",
PK-w1314848816,parking,（名称なし）駐車場,35.56242,136.2594269,WGS84,425,横山岳,関西百名山,,,,TH-kP11-22-25-bs18(25m),,provisional,40,公式情報または2情報源での確認が必要、名称なし,"OpenStreetMap（© OpenStreetMap contributors, ODbL 1.0）Geofabrik japan-latest.osm.pbf 2026-09-23T20:22:04Z way/1314848816",
PK-w1325615736,parking,（名称なし）駐車場,34.7965442,135.2527803,WGS84,628,六甲最高峰,日本三百名山|関西百名山,,,,TH-n2928687706(398m),,provisional,40,公式情報または2情報源での確認が必要、名称なし、登山口から離れている（徒歩アプローチを要確認）,"OpenStreetMap（© OpenStreetMap contributors, ODbL 1.0）Geofabrik japan-latest.osm.pbf 2026-09-23T20:22:04Z way/1325615736",
PK-w1325615738,parking,（名称なし）駐車場,34.796348,135.2526381,WGS84,628,六甲最高峰,日本三百名山|関西百名山,,,,TH-n2928687706(396m),,provisional,40,公式情報または2情報源での確認が必要、名称なし、登山口から離れている（徒歩アプローチを要確認）,"OpenStreetMap（© OpenStreetMap contributors, ODbL 1.0）Geofabrik japan-latest.osm.pbf 2026-09-23T20:22:04Z way/1325615738",
PK-w1373708154,parking,（名称なし）駐車場,35.3429046,136.4032468,WGS84,518,霊仙山,関西百名山|東海の百山,,,,TH-osm-n3999594681(212m),,provisional,40,公式情報または2情報源での確認が必要、名称なし,"OpenStreetMap（© OpenStreetMap contributors, ODbL 1.0）Geofabrik japan-latest.osm.pbf 2026-09-23T20:22:04Z way/1373708154",
PK-w1396026195,parking,駐車場,34.4638192,135.7011054,WGS84,667,大和葛城山,日本三百名山|関西百名山,,,,TH-n1158833778(121m) TH-n1616752749(352m),,provisional,40,公式情報または2情報源での確認が必要、登山口から離れている（徒歩アプローチを要確認）,"OpenStreetMap（© OpenStreetMap contributors, ODbL 1.0）Geofabrik japan-latest.osm.pbf 2026-09-23T20:22:04Z way/1396026195",
PK-w1465793103,parking,（名称なし）駐車場,34.7955518,135.251998,WGS84,628,六甲最高峰,日本三百名山|関西百名山,,,,TH-n2928687706(411m),,provisional,40,公式情報または2情報源での確認が必要、名称なし、登山口から離れている（徒歩アプローチを要確認）,"OpenStreetMap（© OpenStreetMap contributors, ODbL 1.0）Geofabrik japan-latest.osm.pbf 2026-09-23T20:22:04Z way/1465793103",
PK-w1488906578,parking,（名称なし）駐車場,34.7512903,135.2081786,WGS84,633,摩耶山,関西百名山,,,,TH-kP11-22-28-bs7073(84m),,provisional,40,公式情報または2情報源での確認が必要、名称なし,"OpenStreetMap（© OpenStreetMap contributors, ODbL 1.0）Geofabrik japan-latest.osm.pbf 2026-09-23T20:22:04Z way/1488906578",
PK-w162380238,parking,（名称なし）駐車場,35.0169364,136.4472851,WGS84,585 589 595 601 602 607 609 611 612,三池岳、釈迦ヶ岳、尾高山、雨乞岳、御在所岳、鎌ヶ岳、入道ヶ岳、宮指路岳、仙ヶ岳,東海の百山|日本二百名山|日本三百名山|関西百名山,,,,TH-n1742841008(92m) TH-n4213643454(474m),fee=yes; access=yes,provisional,40,公式情報または2情報源での確認が必要、名称なし、登山口から離れている（徒歩アプローチを要確認）,"OpenStreetMap（© OpenStreetMap contributors, ODbL 1.0）Geofabrik japan-latest.osm.pbf 2026-09-23T20:22:04Z way/162380238",
PK-w166674453,parking,（名称なし）駐車場,35.1492092,134.4030261,WGS84,570,日名倉山,関西百名山,,,,TH-gsi-bellpeal(12m),,provisional,40,公式情報または2情報源での確認が必要、名称なし,"OpenStreetMap（© OpenStreetMap contributors, ODbL 1.0）Geofabrik japan-latest.osm.pbf 2026-09-23T20:22:04Z way/166674453",
PK-w166691796,parking,船木山登山口 駐車場,35.1754081,134.3989902,WGS84,554,後山,中国百名山,,,,TH-w166691796(0m) TH-w179944053(371m) TH-n5958156757(310m),,provisional,40,公式情報または2情報源での確認が必要、登山口から離れている（徒歩アプローチを要確認）,"OpenStreetMap（© OpenStreetMap contributors, ODbL 1.0）Geofabrik japan-latest.osm.pbf 2026-09-23T20:22:04Z way/166691796",
PK-w179944053,parking,後山駐車場,35.1731813,134.4020343,WGS84,554,後山,中国百名山,,,,TH-w166691796(371m) TH-w179944053(0m) TH-n5958156757(358m),,provisional,40,公式情報または2情報源での確認が必要、登山口から離れている（徒歩アプローチを要確認）,"OpenStreetMap（© OpenStreetMap contributors, ODbL 1.0）Geofabrik japan-latest.osm.pbf 2026-09-23T20:22:04Z way/179944053",
PK-w200291034,parking,（名称なし）駐車場,34.6814095,135.6794765,WGS84,635,生駒山,関西百名山,,,,TH-w30432374(238m) TH-n10285434199(105m) TH-n1610311502(495m) TH-n1610316417(362m),,provisional,40,公式情報または2情報源での確認が必要、名称なし、登山口から離れている（徒歩アプローチを要確認）,"OpenStreetMap（© OpenStreetMap contributors, ODbL 1.0）Geofabrik japan-latest.osm.pbf 2026-09-23T20:22:04Z way/200291034",
PK-w200398303,parking,（名称なし）駐車場,34.6868638,135.6857847,WGS84,635,生駒山,関西百名山,,,,TH-n1870789653(90m),,provisional,40,公式情報または2情報源での確認が必要、名称なし,"OpenStreetMap（© OpenStreetMap contributors, ODbL 1.0）Geofabrik japan-latest.osm.pbf 2026-09-23T20:22:04Z way/200398303",
PK-w207202978,parking,（名称なし）駐車場,34.926075,135.4680397,WGS84,615,妙見山,関西百名山,,,,TH-w301750772(349m) TH-n10032579370(124m) TH-n11482107528(414m),,provisional,40,公式情報または2情報源での確認が必要、名称なし、登山口から離れている（徒歩アプローチを要確認）,"OpenStreetMap（© OpenStreetMap contributors, ODbL 1.0）Geofabrik japan-latest.osm.pbf 2026-09-23T20:22:04Z way/207202978",
PK-w216781744,parking,（名称なし）駐車場,34.9972504,134.7243285,WGS84,603,七種山,関西百名山,,,,TH-osm-n2246853541(71m),,provisional,40,公式情報または2情報源での確認が必要、名称なし,"OpenStreetMap（© OpenStreetMap contributors, ODbL 1.0）Geofabrik japan-latest.osm.pbf 2026-09-23T20:22:04Z way/216781744",
PK-w216781746,parking,（名称なし）駐車場,34.9966933,134.724242,WGS84,603,七種山,関西百名山,,,,TH-osm-n2246853541(62m),,provisional,40,公式情報または2情報源での確認が必要、名称なし,"OpenStreetMap（© OpenStreetMap contributors, ODbL 1.0）Geofabrik japan-latest.osm.pbf 2026-09-23T20:22:04Z way/216781746",
PK-w216781749,parking,（名称なし）駐車場,34.9971512,134.7239727,WGS84,603,七種山,関西百名山,,,,TH-osm-n2246853541(93m),,provisional,40,公式情報または2情報源での確認が必要、名称なし,"OpenStreetMap（© OpenStreetMap contributors, ODbL 1.0）Geofabrik japan-latest.osm.pbf 2026-09-23T20:22:04Z way/216781749",
PK-w219964746,parking,（名称なし）駐車場,34.9117378,135.4455268,WGS84,615,妙見山,関西百名山,,,,TH-osm-n7829132218(67m),access=customers,provisional,40,公式情報または2情報源での確認が必要、名称なし,"OpenStreetMap（© OpenStreetMap contributors, ODbL 1.0）Geofabrik japan-latest.osm.pbf 2026-09-23T20:22:04Z way/219964746",
PK-w219964747,parking,（名称なし）駐車場,34.9115896,135.4482351,WGS84,615,妙見山,関西百名山,,,,TH-osm-n7829132218(312m),access=customers,provisional,40,公式情報または2情報源での確認が必要、名称なし、登山口から離れている（徒歩アプローチを要確認）,"OpenStreetMap（© OpenStreetMap contributors, ODbL 1.0）Geofabrik japan-latest.osm.pbf 2026-09-23T20:22:04Z way/219964747",
PK-w236058705,parking,（名称なし）駐車場,35.4215097,136.4070379,WGS84,477,伊吹山,日本百名山|日本二百名山|日本三百名山|関西百名山|東海の百山,,,,TH-n1376353782(168m),,provisional,40,公式情報または2情報源での確認が必要、名称なし,"OpenStreetMap（© OpenStreetMap contributors, ODbL 1.0）Geofabrik japan-latest.osm.pbf 2026-09-23T20:22:04Z way/236058705",
PK-w266979074,parking,大門坂 駐車場,33.6685107,135.9034912,WGS84,813,烏帽子山,関西百名山,,,,TH-n1389504314(144m),,provisional,40,公式情報または2情報源での確認が必要,"OpenStreetMap（© OpenStreetMap contributors, ODbL 1.0）Geofabrik japan-latest.osm.pbf 2026-09-23T20:22:04Z way/266979074",
PK-w273505177,parking,（名称なし）駐車場,35.0712138,134.8126908,WGS84,591,笠形山,関西百名山,,,,TH-n1471753350(333m),access=customers,provisional,40,公式情報または2情報源での確認が必要、名称なし、登山口から離れている（徒歩アプローチを要確認）,"OpenStreetMap（© OpenStreetMap contributors, ODbL 1.0）Geofabrik japan-latest.osm.pbf 2026-09-23T20:22:04Z way/273505177",
PK-w273505178,parking,（名称なし）駐車場,35.0720124,134.8113596,WGS84,591,笠形山,関西百名山,,,,TH-n1471753350(442m),access=customers,provisional,40,公式情報または2情報源での確認が必要、名称なし、登山口から離れている（徒歩アプローチを要確認）,"OpenStreetMap（© OpenStreetMap contributors, ODbL 1.0）Geofabrik japan-latest.osm.pbf 2026-09-23T20:22:04Z way/273505178",
PK-w295212260,parking,（名称なし）駐車場,34.4643995,135.7017662,WGS84,667,大和葛城山,日本三百名山|関西百名山,,,,TH-n1616752749(334m),,provisional,40,公式情報または2情報源での確認が必要、名称なし、登山口から離れている（徒歩アプローチを要確認）,"OpenStreetMap（© OpenStreetMap contributors, ODbL 1.0）Geofabrik japan-latest.osm.pbf 2026-09-23T20:22:04Z way/295212260",
PK-w328121534,parking,（名称なし）駐車場,34.5206558,135.8708998,WGS84,649,三輪山,関西百名山,,,,TH-n1816954995(206m),,provisional,40,公式情報または2情報源での確認が必要、名称なし,"OpenStreetMap（© OpenStreetMap contributors, ODbL 1.0）Geofabrik japan-latest.osm.pbf 2026-09-23T20:22:04Z way/328121534",
PK-w336752425,parking,（名称なし）駐車場,34.6850374,135.6874569,WGS84,635,生駒山,関西百名山,,,,TH-n1870789653(325m),,provisional,40,公式情報または2情報源での確認が必要、名称なし、登山口から離れている（徒歩アプローチを要確認）,"OpenStreetMap（© OpenStreetMap contributors, ODbL 1.0）Geofabrik japan-latest.osm.pbf 2026-09-23T20:22:04Z way/336752425",
PK-w336752426,parking,（名称なし）駐車場,34.685562,135.6883364,WGS84,635,生駒山,関西百名山,,,,TH-n1870789653(360m),,provisional,40,公式情報または2情報源での確認が必要、名称なし、登山口から離れている（徒歩アプローチを要確認）,"OpenStreetMap（© OpenStreetMap contributors, ODbL 1.0）Geofabrik japan-latest.osm.pbf 2026-09-23T20:22:04Z way/336752426",
PK-w357046987,parking,駐車場,34.4637158,135.7013551,WGS84,667,大和葛城山,日本三百名山|関西百名山,,,,TH-n1158833778(142m) TH-n1616752749(326m),,provisional,40,公式情報または2情報源での確認が必要、登山口から離れている（徒歩アプローチを要確認）,"OpenStreetMap（© OpenStreetMap contributors, ODbL 1.0）Geofabrik japan-latest.osm.pbf 2026-09-23T20:22:04Z way/357046987",
PK-w358003165,parking,駐車場,34.4636134,135.7003337,WGS84,667,大和葛城山,日本三百名山|関西百名山,,,,TH-n1158833778(48m),fee=yes; capacity=30,provisional,40,公式情報または2情報源での確認が必要,"OpenStreetMap（© OpenStreetMap contributors, ODbL 1.0）Geofabrik japan-latest.osm.pbf 2026-09-23T20:22:04Z way/358003165",
PK-w362912679,parking,池之坊有料駐車場,34.7962472,135.2468487,WGS84,628,六甲最高峰,日本三百名山|関西百名山,,,,TH-n12345111564(129m),fee=no,provisional,40,公式情報または2情報源での確認が必要,"OpenStreetMap（© OpenStreetMap contributors, ODbL 1.0）Geofabrik japan-latest.osm.pbf 2026-09-23T20:22:04Z way/362912679",
PK-w363075734,parking,有馬里駐車場,34.7922657,135.2457062,WGS84,628,六甲最高峰,日本三百名山|関西百名山,,,,TH-n2921600660(145m) TH-n1842381862(261m),fee=yes,provisional,40,公式情報または2情報源での確認が必要,"OpenStreetMap（© OpenStreetMap contributors, ODbL 1.0）Geofabrik japan-latest.osm.pbf 2026-09-23T20:22:04Z way/363075734",
PK-w363075736,parking,（名称なし）駐車場,34.7913401,135.2454046,WGS84,628,六甲最高峰,日本三百名山|関西百名山,,,,TH-n2921600660(48m) TH-n1842381862(308m),fee=yes; access=yes,provisional,40,公式情報または2情報源での確認が必要、名称なし、登山口から離れている（徒歩アプローチを要確認）,"OpenStreetMap（© OpenStreetMap contributors, ODbL 1.0）Geofabrik japan-latest.osm.pbf 2026-09-23T20:22:04Z way/363075736",
PK-w367485570,parking,P10,34.6759721,135.0760361,WGS84,637,横尾山,関西百名山,,,,TH-n6881086223(399m),,provisional,40,公式情報または2情報源での確認が必要、登山口から離れている（徒歩アプローチを要確認）,"OpenStreetMap（© OpenStreetMap contributors, ODbL 1.0）Geofabrik japan-latest.osm.pbf 2026-09-23T20:22:04Z way/367485570",
PK-w368314812,parking,（名称なし）駐車場,34.6805442,135.0926262,WGS84,637,横尾山,関西百名山,,,,TH-n5588254995(114m),,provisional,40,公式情報または2情報源での確認が必要、名称なし,"OpenStreetMap（© OpenStreetMap contributors, ODbL 1.0）Geofabrik japan-latest.osm.pbf 2026-09-23T20:22:04Z way/368314812",
PK-w368314870,parking,（名称なし）駐車場,34.6801613,135.0958348,WGS84,637,横尾山,関西百名山,,,,TH-n5588254995(192m),,provisional,40,公式情報または2情報源での確認が必要、名称なし,"OpenStreetMap（© OpenStreetMap contributors, ODbL 1.0）Geofabrik japan-latest.osm.pbf 2026-09-23T20:22:04Z way/368314870",
PK-w368782167,parking,OnePark妙法寺駅前駐車場,34.6766922,135.1107308,WGS84,637,横尾山,関西百名山,,,,TH-n5537346069(101m),fee=yes; access=yes,provisional,40,公式情報または2情報源での確認が必要,"OpenStreetMap（© OpenStreetMap contributors, ODbL 1.0）Geofabrik japan-latest.osm.pbf 2026-09-23T20:22:04Z way/368782167",
PK-w389329539,parking,（名称なし）駐車場,34.9377416,135.6450404,WGS84,613,ポンポン山,関西百名山,,,,TH-n6151228099(104m),,provisional,40,公式情報または2情報源での確認が必要、名称なし,"OpenStreetMap（© OpenStreetMap contributors, ODbL 1.0）Geofabrik japan-latest.osm.pbf 2026-09-23T20:22:04Z way/389329539",
PK-w389329545,parking,（名称なし）駐車場,34.9378623,135.6465032,WGS84,613,ポンポン山,関西百名山,,,,TH-n6151228099(55m),,provisional,40,公式情報または2情報源での確認が必要、名称なし,"OpenStreetMap（© OpenStreetMap contributors, ODbL 1.0）Geofabrik japan-latest.osm.pbf 2026-09-23T20:22:04Z way/389329545",
PK-w397570279,parking,水越無料駐車場,34.4442748,135.6768576,WGS84,667 676,大和葛城山、金剛山,日本三百名山|関西百名山|日本二百名山,,,,TH-n9404409834(473m) TH-w397570279(0m),,provisional,40,公式情報または2情報源での確認が必要、登山口から離れている（徒歩アプローチを要確認）,"OpenStreetMap（© OpenStreetMap contributors, ODbL 1.0）Geofabrik japan-latest.osm.pbf 2026-09-23T20:22:04Z way/397570279",
PK-w397570823,parking,大阪府営駐車場,34.4059762,135.6642915,WGS84,676,金剛山,日本二百名山|日本三百名山|関西百名山,,,,TH-n1158659413(300m),fee=yes; capacity=342台,provisional,40,公式情報または2情報源での確認が必要,"OpenStreetMap（© OpenStreetMap contributors, ODbL 1.0）Geofabrik japan-latest.osm.pbf 2026-09-23T20:22:04Z way/397570823",
PK-w397581857,parking,（名称なし）駐車場,34.4060589,135.6633249,WGS84,676,金剛山,日本二百名山|日本三百名山|関西百名山,,,,TH-n4006745560(38m),,provisional,40,公式情報または2情報源での確認が必要、名称なし,"OpenStreetMap（© OpenStreetMap contributors, ODbL 1.0）Geofabrik japan-latest.osm.pbf 2026-09-23T20:22:04Z way/397581857",
PK-w397587223,parking,（名称なし）駐車場,34.417621,135.6488308,WGS84,676,金剛山,日本二百名山|日本三百名山|関西百名山,,,,TH-n7023181823(30m),,provisional,40,公式情報または2情報源での確認が必要、名称なし,"OpenStreetMap（© OpenStreetMap contributors, ODbL 1.0）Geofabrik japan-latest.osm.pbf 2026-09-23T20:22:04Z way/397587223",
PK-w397587224,parking,（名称なし）駐車場,34.4172209,135.6485991,WGS84,676,金剛山,日本二百名山|日本三百名山|関西百名山,,,,TH-n7023181823(25m),,provisional,40,公式情報または2情報源での確認が必要、名称なし,"OpenStreetMap（© OpenStreetMap contributors, ODbL 1.0）Geofabrik japan-latest.osm.pbf 2026-09-23T20:22:04Z way/397587224",
PK-w398272834,parking,（名称なし）駐車場,34.417407,135.6490437,WGS84,676,金剛山,日本二百名山|日本三百名山|関西百名山,,,,TH-n7023181823(21m),,provisional,40,公式情報または2情報源での確認が必要、名称なし,"OpenStreetMap（© OpenStreetMap contributors, ODbL 1.0）Geofabrik japan-latest.osm.pbf 2026-09-23T20:22:04Z way/398272834",
PK-w400076764,parking,（名称なし）駐車場,34.4187689,135.6499569,WGS84,676,金剛山,日本二百名山|日本三百名山|関西百名山,,,,TH-n3998533200(93m),,provisional,40,公式情報または2情報源での確認が必要、名称なし,"OpenStreetMap（© OpenStreetMap contributors, ODbL 1.0）Geofabrik japan-latest.osm.pbf 2026-09-23T20:22:04Z way/400076764",
PK-w400903038,parking,（名称なし）駐車場,34.4063814,135.6621573,WGS84,676,金剛山,日本二百名山|日本三百名山|関西百名山,,,,TH-n4006745560(83m),,provisional,40,公式情報または2情報源での確認が必要、名称なし,"OpenStreetMap（© OpenStreetMap contributors, ODbL 1.0）Geofabrik japan-latest.osm.pbf 2026-09-23T20:22:04Z way/400903038",
PK-w400903194,parking,（名称なし）駐車場,34.4044808,135.665471,WGS84,676,金剛山,日本二百名山|日本三百名山|関西百名山,,,,TH-n1158659413(102m),,provisional,40,公式情報または2情報源での確認が必要、名称なし,"OpenStreetMap（© OpenStreetMap contributors, ODbL 1.0）Geofabrik japan-latest.osm.pbf 2026-09-23T20:22:04Z way/400903194",
PK-w400903195,parking,（名称なし）駐車場,34.4041335,135.6663213,WGS84,676,金剛山,日本二百名山|日本三百名山|関西百名山,,,,TH-n1158659413(54m),,provisional,40,公式情報または2情報源での確認が必要、名称なし,"OpenStreetMap（© OpenStreetMap contributors, ODbL 1.0）Geofabrik japan-latest.osm.pbf 2026-09-23T20:22:04Z way/400903195",
PK-w400903843,parking,（名称なし）駐車場,34.4190841,135.6506445,WGS84,676,金剛山,日本二百名山|日本三百名山|関西百名山,,,,TH-n3998533200(46m),,provisional,40,公式情報または2情報源での確認が必要、名称なし,"OpenStreetMap（© OpenStreetMap contributors, ODbL 1.0）Geofabrik japan-latest.osm.pbf 2026-09-23T20:22:04Z way/400903843",
PK-w400903845,parking,（名称なし）駐車場,34.4183225,135.6489298,WGS84,676,金剛山,日本二百名山|日本三百名山|関西百名山,,,,TH-n3998533200(193m),,provisional,40,公式情報または2情報源での確認が必要、名称なし,"OpenStreetMap（© OpenStreetMap contributors, ODbL 1.0）Geofabrik japan-latest.osm.pbf 2026-09-23T20:22:04Z way/400903845",
PK-w401127183,parking,（名称なし）駐車場,34.4124279,135.6513023,WGS84,676,金剛山,日本二百名山|日本三百名山|関西百名山,,,,TH-n1576346874(55m),,provisional,40,公式情報または2情報源での確認が必要、名称なし,"OpenStreetMap（© OpenStreetMap contributors, ODbL 1.0）Geofabrik japan-latest.osm.pbf 2026-09-23T20:22:04Z way/401127183",
PK-w403291882,parking,延暦寺 第３駐車場,35.0687274,135.839864,WGS84,590,比叡山,日本三百名山|関西百名山,,,,TH-w24925988(442m) TH-n4189739291(318m) TH-n10294782453(422m),,provisional,40,公式情報または2情報源での確認が必要、登山口から離れている（徒歩アプローチを要確認）,"OpenStreetMap（© OpenStreetMap contributors, ODbL 1.0）Geofabrik japan-latest.osm.pbf 2026-09-23T20:22:04Z way/403291882",
PK-w403442664,parking,第二駐車場,35.0683735,135.8390541,WGS84,590,比叡山,日本三百名山|関西百名山,,,,TH-w24925988(488m) TH-n4189739291(247m) TH-n10294782453(413m),,provisional,40,公式情報または2情報源での確認が必要、登山口から離れている（徒歩アプローチを要確認）,"OpenStreetMap（© OpenStreetMap contributors, ODbL 1.0）Geofabrik japan-latest.osm.pbf 2026-09-23T20:22:04Z way/403442664",
PK-w403456122,parking,（名称なし）駐車場,35.068823,135.8377629,WGS84,590,比叡山,日本三百名山|関西百名山,,,,TH-n4189739291(127m),,provisional,40,公式情報または2情報源での確認が必要、名称なし,"OpenStreetMap（© OpenStreetMap contributors, ODbL 1.0）Geofabrik japan-latest.osm.pbf 2026-09-23T20:22:04Z way/403456122",
PK-w405796388,parking,（名称なし）駐車場,35.0705273,135.8430478,WGS84,590,比叡山,日本三百名山|関西百名山,,,,TH-w24925988(447m),,provisional,40,公式情報または2情報源での確認が必要、名称なし、登山口から離れている（徒歩アプローチを要確認）,"OpenStreetMap（© OpenStreetMap contributors, ODbL 1.0）Geofabrik japan-latest.osm.pbf 2026-09-23T20:22:04Z way/405796388",
PK-w405868906,parking,（名称なし）駐車場,35.071959,135.8330552,WGS84,590,比叡山,日本三百名山|関西百名山,,,,TH-n1355400817(76m),,provisional,40,公式情報または2情報源での確認が必要、名称なし,"OpenStreetMap（© OpenStreetMap contributors, ODbL 1.0）Geofabrik japan-latest.osm.pbf 2026-09-23T20:22:04Z way/405868906",
PK-w412361427,parking,（名称なし）駐車場,34.9334198,135.9354229,WGS84,617,太神山,関西百名山,,,,TH-ksj-P11-22-25-bs3396(472m),,provisional,40,公式情報または2情報源での確認が必要、名称なし、登山口から離れている（徒歩アプローチを要確認）,"OpenStreetMap（© OpenStreetMap contributors, ODbL 1.0）Geofabrik japan-latest.osm.pbf 2026-09-23T20:22:04Z way/412361427",
PK-w412361505,parking,（名称なし）駐車場,34.9336939,135.9366795,WGS84,617,太神山,関西百名山,,,,TH-ksj-P11-22-25-bs3396(401m),,provisional,40,公式情報または2情報源での確認が必要、名称なし、登山口から離れている（徒歩アプローチを要確認）,"OpenStreetMap（© OpenStreetMap contributors, ODbL 1.0）Geofabrik japan-latest.osm.pbf 2026-09-23T20:22:04Z way/412361505",
PK-w412361519,parking,（名称なし）駐車場,34.9334833,135.9368125,WGS84,617,太神山,関西百名山,,,,TH-ksj-P11-22-25-bs3396(376m),,provisional,40,公式情報または2情報源での確認が必要、名称なし、登山口から離れている（徒歩アプローチを要確認）,"OpenStreetMap（© OpenStreetMap contributors, ODbL 1.0）Geofabrik japan-latest.osm.pbf 2026-09-23T20:22:04Z way/412361519",
PK-w417974977,parking,（名称なし）駐車場,34.7779532,135.2656881,WGS84,628,六甲最高峰,日本三百名山|関西百名山,,,,TH-n8487738855(270m) TH-n2215884840(467m),,provisional,40,公式情報または2情報源での確認が必要、名称なし、登山口から離れている（徒歩アプローチを要確認）,"OpenStreetMap（© OpenStreetMap contributors, ODbL 1.0）Geofabrik japan-latest.osm.pbf 2026-09-23T20:22:04Z way/417974977",
PK-w422533759,parking,（名称なし）駐車場,34.7282127,135.2216044,WGS84,633,摩耶山,関西百名山,,,,TH-n1733817344(299m),,provisional,40,公式情報または2情報源での確認が必要、名称なし,"OpenStreetMap（© OpenStreetMap contributors, ODbL 1.0）Geofabrik japan-latest.osm.pbf 2026-09-23T20:22:04Z way/422533759",
PK-w422533773,parking,（名称なし）駐車場,34.7270891,135.219857,WGS84,633,摩耶山,関西百名山,,,,TH-n1733817344(130m),,provisional,40,公式情報または2情報源での確認が必要、名称なし,"OpenStreetMap（© OpenStreetMap contributors, ODbL 1.0）Geofabrik japan-latest.osm.pbf 2026-09-23T20:22:04Z way/422533773",
PK-w422533781,parking,（名称なし）駐車場,34.723439,135.2185067,WGS84,633,摩耶山,関西百名山,,,,TH-w183841007(396m) TH-n1733817344(301m),,provisional,40,公式情報または2情報源での確認が必要、名称なし、登山口から離れている（徒歩アプローチを要確認）,"OpenStreetMap（© OpenStreetMap contributors, ODbL 1.0）Geofabrik japan-latest.osm.pbf 2026-09-23T20:22:04Z way/422533781",
PK-w425039861,parking,（名称なし）駐車場,35.0164548,136.4476094,WGS84,585 589 595 601 602 607 609 611 612,三池岳、釈迦ヶ岳、尾高山、雨乞岳、御在所岳、鎌ヶ岳、入道ヶ岳、宮指路岳、仙ヶ岳,東海の百山|日本二百名山|日本三百名山|関西百名山,,,,TH-n1742841008(128m),,provisional,40,公式情報または2情報源での確認が必要、名称なし,"OpenStreetMap（© OpenStreetMap contributors, ODbL 1.0）Geofabrik japan-latest.osm.pbf 2026-09-23T20:22:04Z way/425039861",
PK-w427371834,parking,（名称なし）駐車場,34.7206474,135.176968,WGS84,633,摩耶山,関西百名山,,,,TH-w457422879(379m),,provisional,40,公式情報または2情報源での確認が必要、名称なし、登山口から離れている（徒歩アプローチを要確認）,"OpenStreetMap（© OpenStreetMap contributors, ODbL 1.0）Geofabrik japan-latest.osm.pbf 2026-09-23T20:22:04Z way/427371834",
PK-w431364880,parking,山門前駐車場,34.9138582,135.6534387,WGS84,613,ポンポン山,関西百名山,,,,TH-n4406941785(231m),fee=no; capacity=17; access=customers,provisional,40,公式情報または2情報源での確認が必要,"OpenStreetMap（© OpenStreetMap contributors, ODbL 1.0）Geofabrik japan-latest.osm.pbf 2026-09-23T20:22:04Z way/431364880",
PK-w434629057,parking,（名称なし）駐車場,35.0695572,135.8639969,WGS84,590,比叡山,日本三百名山|関西百名山,,,,TH-w572203656(246m) TH-n1355399585(467m),capacity=6; access=permissive,provisional,40,公式情報または2情報源での確認が必要、名称なし、登山口から離れている（徒歩アプローチを要確認）,"OpenStreetMap（© OpenStreetMap contributors, ODbL 1.0）Geofabrik japan-latest.osm.pbf 2026-09-23T20:22:04Z way/434629057",
PK-w435012875,parking,（名称なし）駐車場,34.543651,135.9760752,WGS84,645,額井岳,関西百名山,,,,TH-n6649478843(393m),access=customers,provisional,40,公式情報または2情報源での確認が必要、名称なし、登山口から離れている（徒歩アプローチを要確認）,"OpenStreetMap（© OpenStreetMap contributors, ODbL 1.0）Geofabrik japan-latest.osm.pbf 2026-09-23T20:22:04Z way/435012875",
PK-w435012877,parking,（名称なし）駐車場,34.5448394,135.9781189,WGS84,645,額井岳,関西百名山,,,,TH-n6649478843(408m),access=permissive,provisional,40,公式情報または2情報源での確認が必要、名称なし、登山口から離れている（徒歩アプローチを要確認）,"OpenStreetMap（© OpenStreetMap contributors, ODbL 1.0）Geofabrik japan-latest.osm.pbf 2026-09-23T20:22:04Z way/435012877",
PK-w440696167,parking,（名称なし）駐車場,35.3304483,135.9409316,WGS84,509 522,蛇谷ヶ峰、武奈ヶ岳,関西百名山|日本二百名山|日本三百名山,,,,TH-n12816030161(106m),,provisional,40,公式情報または2情報源での確認が必要、名称なし,"OpenStreetMap（© OpenStreetMap contributors, ODbL 1.0）Geofabrik japan-latest.osm.pbf 2026-09-23T20:22:04Z way/440696167",
PK-w440696178,parking,（名称なし）駐車場,35.3311033,135.94131,WGS84,509 522,蛇谷ヶ峰、武奈ヶ岳,関西百名山|日本二百名山|日本三百名山,,,,TH-n12816030161(186m),,provisional,40,公式情報または2情報源での確認が必要、名称なし,"OpenStreetMap（© OpenStreetMap contributors, ODbL 1.0）Geofabrik japan-latest.osm.pbf 2026-09-23T20:22:04Z way/440696178",
PK-w441927262,parking,（名称なし）駐車場,34.1804781,136.0973201,WGS84,718,大台ヶ原山,日本百名山|日本二百名山|日本三百名山|関西百名山|東海の百山,,,,TH-n474520284(39m),,provisional,40,公式情報または2情報源での確認が必要、名称なし,"OpenStreetMap（© OpenStreetMap contributors, ODbL 1.0）Geofabrik japan-latest.osm.pbf 2026-09-23T20:22:04Z way/441927262",
PK-w444083172,parking,（名称なし）駐車場,35.5203879,136.2168741,WGS84,447,賤ヶ岳,関西百名山|東海の百山,,,,TH-n1686914237(315m),,provisional,40,公式情報または2情報源での確認が必要、名称なし、登山口から離れている（徒歩アプローチを要確認）,"OpenStreetMap（© OpenStreetMap contributors, ODbL 1.0）Geofabrik japan-latest.osm.pbf 2026-09-23T20:22:04Z way/444083172",
PK-w444083203,parking,（名称なし）駐車場,35.5200759,136.2179644,WGS84,447,賤ヶ岳,関西百名山|東海の百山,,,,TH-n1686914237(415m),,provisional,40,公式情報または2情報源での確認が必要、名称なし、登山口から離れている（徒歩アプローチを要確認）,"OpenStreetMap（© OpenStreetMap contributors, ODbL 1.0）Geofabrik japan-latest.osm.pbf 2026-09-23T20:22:04Z way/444083203",
PK-w449142577,parking,（名称なし）駐車場,35.3847797,134.5380199,WGS84,483,鉢伏山,関西百名山,,,,TH-w97190003(376m),,provisional,40,公式情報または2情報源での確認が必要、名称なし、登山口から離れている（徒歩アプローチを要確認）,"OpenStreetMap（© OpenStreetMap contributors, ODbL 1.0）Geofabrik japan-latest.osm.pbf 2026-09-23T20:22:04Z way/449142577",
PK-w449773439,parking,（名称なし）駐車場,35.3421467,135.9211449,WGS84,509 522,蛇谷ヶ峰、武奈ヶ岳,関西百名山|日本二百名山|日本三百名山,,,,TH-n6177995786(98m),,provisional,40,公式情報または2情報源での確認が必要、名称なし,"OpenStreetMap（© OpenStreetMap contributors, ODbL 1.0）Geofabrik japan-latest.osm.pbf 2026-09-23T20:22:04Z way/449773439",
PK-w449773442,parking,（名称なし）駐車場,35.3428101,135.921027,WGS84,509 522,蛇谷ヶ峰、武奈ヶ岳,関西百名山|日本二百名山|日本三百名山,,,,TH-n6177995786(24m),,provisional,40,公式情報または2情報源での確認が必要、名称なし,"OpenStreetMap（© OpenStreetMap contributors, ODbL 1.0）Geofabrik japan-latest.osm.pbf 2026-09-23T20:22:04Z way/449773442",
PK-w454304211,parking,（名称なし）駐車場,34.5467053,135.6639036,WGS84,653,二上山,関西百名山,,,,TH-kP11-22-29-bs1283(327m),,provisional,40,公式情報または2情報源での確認が必要、名称なし、登山口から離れている（徒歩アプローチを要確認）,"OpenStreetMap（© OpenStreetMap contributors, ODbL 1.0）Geofabrik japan-latest.osm.pbf 2026-09-23T20:22:04Z way/454304211",
PK-w454304242,parking,（名称なし）駐車場,34.4782125,135.7076467,WGS84,667,大和葛城山,日本三百名山|関西百名山,,,,TH-n1736304783(369m),,provisional,40,公式情報または2情報源での確認が必要、名称なし、登山口から離れている（徒歩アプローチを要確認）,"OpenStreetMap（© OpenStreetMap contributors, ODbL 1.0）Geofabrik japan-latest.osm.pbf 2026-09-23T20:22:04Z way/454304242",
PK-w454304244,parking,（名称なし）駐車場,34.4762967,135.7035732,WGS84,667,大和葛城山,日本三百名山|関西百名山,,,,TH-n1736304783(322m),,provisional,40,公式情報または2情報源での確認が必要、名称なし、登山口から離れている（徒歩アプローチを要確認）,"OpenStreetMap（© OpenStreetMap contributors, ODbL 1.0）Geofabrik japan-latest.osm.pbf 2026-09-23T20:22:04Z way/454304244",
PK-w454894836,parking,（名称なし）駐車場,33.9681742,135.856205,WGS84,735,笠捨山,関西百名山,,,,TH-n1405463611(180m),,provisional,40,公式情報または2情報源での確認が必要、名称なし,"OpenStreetMap（© OpenStreetMap contributors, ODbL 1.0）Geofabrik japan-latest.osm.pbf 2026-09-23T20:22:04Z way/454894836",
PK-w456030913,parking,（名称なし）駐車場,34.9548395,135.6251282,WGS84,613,ポンポン山,関西百名山,,,,TH-n4899276205(136m),fee=no; capacity=普通乗用車10台; access=yes,provisional,40,公式情報または2情報源での確認が必要、名称なし,"OpenStreetMap（© OpenStreetMap contributors, ODbL 1.0）Geofabrik japan-latest.osm.pbf 2026-09-23T20:22:04Z way/456030913",
PK-w456046188,parking,（名称なし）駐車場,34.954871,135.6236515,WGS84,613,ポンポン山,関西百名山,,,,TH-n4899276205(11m),,provisional,40,公式情報または2情報源での確認が必要、名称なし,"OpenStreetMap（© OpenStreetMap contributors, ODbL 1.0）Geofabrik japan-latest.osm.pbf 2026-09-23T20:22:04Z way/456046188",
PK-w457422879,parking,再度駐車場,34.71913,135.1732519,WGS84,633,摩耶山,関西百名山,,,,TH-w457422879(0m),fee=no,provisional,40,公式情報または2情報源での確認が必要,"OpenStreetMap（© OpenStreetMap contributors, ODbL 1.0）Geofabrik japan-latest.osm.pbf 2026-09-23T20:22:04Z way/457422879",
PK-w460913000,parking,ごまさんスカイタワー,34.0620292,135.5642638,WGS84,729,護摩壇山,日本三百名山|関西百名山,,,,TH-n1405543158(114m),fee=no; access=yes,provisional,40,公式情報または2情報源での確認が必要,"OpenStreetMap（© OpenStreetMap contributors, ODbL 1.0）Geofabrik japan-latest.osm.pbf 2026-09-23T20:22:04Z way/460913000",
PK-w463575062,parking,（名称なし）駐車場,34.7174229,135.2134496,WGS84,633,摩耶山,関西百名山,,,,TH-w128992066(369m),access=private,provisional,40,公式情報または2情報源での確認が必要、名称なし、登山口から離れている（徒歩アプローチを要確認）,"OpenStreetMap（© OpenStreetMap contributors, ODbL 1.0）Geofabrik japan-latest.osm.pbf 2026-09-23T20:22:04Z way/463575062",
PK-w463575065,parking,（名称なし）駐車場,34.717235,135.2127983,WGS84,633,摩耶山,関西百名山,,,,TH-w128992066(425m),access=private,provisional,40,公式情報または2情報源での確認が必要、名称なし、登山口から離れている（徒歩アプローチを要確認）,"OpenStreetMap（© OpenStreetMap contributors, ODbL 1.0）Geofabrik japan-latest.osm.pbf 2026-09-23T20:22:04Z way/463575065",
PK-w473765223,parking,（名称なし）駐車場,35.0561267,135.1758367,WGS84,600,白髪岳,関西百名山,,,,TH-n1560154171(437m),,provisional,40,公式情報または2情報源での確認が必要、名称なし、登山口から離れている（徒歩アプローチを要確認）,"OpenStreetMap（© OpenStreetMap contributors, ODbL 1.0）Geofabrik japan-latest.osm.pbf 2026-09-23T20:22:04Z way/473765223",
PK-w481206403,parking,第二駐車場,35.0575638,136.0486618,WGS84,597,三上山,関西百名山,,,,TH-n1352164065(358m),,provisional,40,公式情報または2情報源での確認が必要、登山口から離れている（徒歩アプローチを要確認）,"OpenStreetMap（© OpenStreetMap contributors, ODbL 1.0）Geofabrik japan-latest.osm.pbf 2026-09-23T20:22:04Z way/481206403",
PK-w481476702,parking,（名称なし）駐車場,35.0656435,136.0382821,WGS84,597,三上山,関西百名山,,,,TH-n4744108789(212m),,provisional,40,公式情報または2情報源での確認が必要、名称なし,"OpenStreetMap（© OpenStreetMap contributors, ODbL 1.0）Geofabrik japan-latest.osm.pbf 2026-09-23T20:22:04Z way/481476702",
PK-w486518189,parking,（名称なし）駐車場,33.5958622,135.697335,WGS84,823,嶽ノ森山,関西百名山,,,,TH-n1392486345(426m),access=permissive,provisional,40,公式情報または2情報源での確認が必要、名称なし、登山口から離れている（徒歩アプローチを要確認）,"OpenStreetMap（© OpenStreetMap contributors, ODbL 1.0）Geofabrik japan-latest.osm.pbf 2026-09-23T20:22:04Z way/486518189",
PK-w487086184,parking,（名称なし）駐車場,35.0701937,135.8633726,WGS84,590,比叡山,日本三百名山|関西百名山,,,,TH-w572203656(242m),,provisional,40,公式情報または2情報源での確認が必要、名称なし,"OpenStreetMap（© OpenStreetMap contributors, ODbL 1.0）Geofabrik japan-latest.osm.pbf 2026-09-23T20:22:04Z way/487086184",
PK-w495079042,parking,（名称なし）駐車場,34.2159154,135.6044532,WGS84,706,楊柳山,関西百名山,,,,TH-ksj-P11-22-30-bs739(84m),,provisional,40,公式情報または2情報源での確認が必要、名称なし,"OpenStreetMap（© OpenStreetMap contributors, ODbL 1.0）Geofabrik japan-latest.osm.pbf 2026-09-23T20:22:04Z way/495079042",
PK-w499632170,parking,（名称なし）駐車場,33.545271,135.720638,WGS84,823,嶽ノ森山,関西百名山,,,,TH-gsi-dakenomori-aise(171m),,provisional,40,公式情報または2情報源での確認が必要、名称なし,"OpenStreetMap（© OpenStreetMap contributors, ODbL 1.0）Geofabrik japan-latest.osm.pbf 2026-09-23T20:22:04Z way/499632170",
PK-w499632173,parking,（名称なし）駐車場,33.5456489,135.7203263,WGS84,823,嶽ノ森山,関西百名山,,,,TH-gsi-dakenomori-aise(222m),,provisional,40,公式情報または2情報源での確認が必要、名称なし,"OpenStreetMap（© OpenStreetMap contributors, ODbL 1.0）Geofabrik japan-latest.osm.pbf 2026-09-23T20:22:04Z way/499632173",
PK-w503894421,parking,（名称なし）駐車場,35.274035,135.9267111,WGS84,509 522 544,蛇谷ヶ峰、武奈ヶ岳、蓬莱山,関西百名山|日本二百名山|日本三百名山,,,,TH-n11848789126(289m),,provisional,40,公式情報または2情報源での確認が必要、名称なし,"OpenStreetMap（© OpenStreetMap contributors, ODbL 1.0）Geofabrik japan-latest.osm.pbf 2026-09-23T20:22:04Z way/503894421",
PK-w503894422,parking,（名称なし）駐車場,35.275833,135.9286863,WGS84,509 522 544,蛇谷ヶ峰、武奈ヶ岳、蓬莱山,関西百名山|日本二百名山|日本三百名山,,,,TH-n11848789126(34m),,provisional,40,公式情報または2情報源での確認が必要、名称なし,"OpenStreetMap（© OpenStreetMap contributors, ODbL 1.0）Geofabrik japan-latest.osm.pbf 2026-09-23T20:22:04Z way/503894422",
PK-w503894423,parking,（名称なし）駐車場,35.2760129,135.9294614,WGS84,509 522 544,蛇谷ヶ峰、武奈ヶ岳、蓬莱山,関西百名山|日本二百名山|日本三百名山,,,,TH-n11848789126(44m),,provisional,40,公式情報または2情報源での確認が必要、名称なし,"OpenStreetMap（© OpenStreetMap contributors, ODbL 1.0）Geofabrik japan-latest.osm.pbf 2026-09-23T20:22:04Z way/503894423",
PK-w504920753,parking,（名称なし）駐車場,35.0697265,135.8616488,WGS84,590,比叡山,日本三百名山|関西百名山,,,,TH-w572203656(126m) TH-n1355399585(486m),,provisional,40,公式情報または2情報源での確認が必要、名称なし、登山口から離れている（徒歩アプローチを要確認）,"OpenStreetMap（© OpenStreetMap contributors, ODbL 1.0）Geofabrik japan-latest.osm.pbf 2026-09-23T20:22:04Z way/504920753",
PK-w507542449,parking,（名称なし）駐車場,34.6759427,135.1098006,WGS84,637,横尾山,関西百名山,,,,TH-n5537346069(166m),access=private,provisional,40,公式情報または2情報源での確認が必要、名称なし,"OpenStreetMap（© OpenStreetMap contributors, ODbL 1.0）Geofabrik japan-latest.osm.pbf 2026-09-23T20:22:04Z way/507542449",
PK-w507542452,parking,リファーレ横尾駐車場,34.6747107,135.1090021,WGS84,637,横尾山,関西百名山,,,,TH-n5564323742(50m),,provisional,40,公式情報または2情報源での確認が必要,"OpenStreetMap（© OpenStreetMap contributors, ODbL 1.0）Geofabrik japan-latest.osm.pbf 2026-09-23T20:22:04Z way/507542452",
PK-w517047281,parking,（名称なし）駐車場,34.2151791,135.6059374,WGS84,706,楊柳山,関西百名山,,,,TH-ksj-P11-22-30-bs739(243m),,provisional,40,公式情報または2情報源での確認が必要、名称なし,"OpenStreetMap（© OpenStreetMap contributors, ODbL 1.0）Geofabrik japan-latest.osm.pbf 2026-09-23T20:22:04Z way/517047281",
PK-w518236530,parking,（名称なし）駐車場,34.9912653,135.3902015,WGS84,606,剣尾山,関西百名山,,,,TH-n1550354177(157m),,provisional,40,公式情報または2情報源での確認が必要、名称なし,"OpenStreetMap（© OpenStreetMap contributors, ODbL 1.0）Geofabrik japan-latest.osm.pbf 2026-09-23T20:22:04Z way/518236530",
PK-w518236531,parking,（名称なし）駐車場,34.9909605,135.3899495,WGS84,606,剣尾山,関西百名山,,,,TH-n1550354177(131m) TH-n1550351888(470m),access=customers,provisional,40,公式情報または2情報源での確認が必要、名称なし、登山口から離れている（徒歩アプローチを要確認）,"OpenStreetMap（© OpenStreetMap contributors, ODbL 1.0）Geofabrik japan-latest.osm.pbf 2026-09-23T20:22:04Z way/518236531",
PK-w518236533,parking,（名称なし）駐車場,34.9909102,135.3889432,WGS84,606,剣尾山,関西百名山,,,,TH-n1550354177(181m) TH-n1550351888(483m),access=customers,provisional,40,公式情報または2情報源での確認が必要、名称なし、登山口から離れている（徒歩アプローチを要確認）,"OpenStreetMap（© OpenStreetMap contributors, ODbL 1.0）Geofabrik japan-latest.osm.pbf 2026-09-23T20:22:04Z way/518236533",
PK-w55072277,parking,山頂 四明が嶽 パーキング,35.0657524,135.8321335,WGS84,590,比叡山,日本三百名山|関西百名山,,,,TH-w55072277(0m) TH-w356938602(439m),,provisional,40,公式情報または2情報源での確認が必要、登山口から離れている（徒歩アプローチを要確認）,"OpenStreetMap（© OpenStreetMap contributors, ODbL 1.0）Geofabrik japan-latest.osm.pbf 2026-09-23T20:22:04Z way/55072277",
PK-w574947474,parking,（名称なし）駐車場,34.2668104,135.8944063,WGS84,700 705 710,山上ヶ岳、稲村ヶ岳、大普賢岳,日本三百名山|関西百名山,,,,TH-n12292903156(16m),,provisional,40,公式情報または2情報源での確認が必要、名称なし,"OpenStreetMap（© OpenStreetMap contributors, ODbL 1.0）Geofabrik japan-latest.osm.pbf 2026-09-23T20:22:04Z way/574947474",
PK-w576189234,parking,（名称なし）駐車場,34.034361,135.69491,WGS84,727,伯母子岳,日本二百名山|日本三百名山|関西百名山,,,,TH-n1405525976(391m),,provisional,40,公式情報または2情報源での確認が必要、名称なし、登山口から離れている（徒歩アプローチを要確認）,"OpenStreetMap（© OpenStreetMap contributors, ODbL 1.0）Geofabrik japan-latest.osm.pbf 2026-09-23T20:22:04Z way/576189234",
PK-w583822437,parking,（名称なし）駐車場,35.0097238,136.4149395,WGS84,585 589 595 601 602 607 609 611 612,三池岳、釈迦ヶ岳、尾高山、雨乞岳、御在所岳、鎌ヶ岳、入道ヶ岳、宮指路岳、仙ヶ岳,東海の百山|日本二百名山|日本三百名山|関西百名山,,,,TH-n1411239752(487m) TH-n1388441032(22m),,provisional,40,公式情報または2情報源での確認が必要、名称なし、登山口から離れている（徒歩アプローチを要確認）,"OpenStreetMap（© OpenStreetMap contributors, ODbL 1.0）Geofabrik japan-latest.osm.pbf 2026-09-23T20:22:04Z way/583822437",
PK-w592051588,parking,（名称なし）駐車場,34.5286371,135.8504848,WGS84,649,三輪山,関西百名山,,,,TH-n930189627(212m) TH-n1809530717(500m),access=permissive,provisional,40,公式情報または2情報源での確認が必要、名称なし、登山口から離れている（徒歩アプローチを要確認）,"OpenStreetMap（© OpenStreetMap contributors, ODbL 1.0）Geofabrik japan-latest.osm.pbf 2026-09-23T20:22:04Z way/592051588",
PK-w596070772,parking,（名称なし）駐車場,34.7039617,135.1948326,WGS84,633,摩耶山,関西百名山,,,,TH-n2921600631(114m),,provisional,40,公式情報または2情報源での確認が必要、名称なし,"OpenStreetMap（© OpenStreetMap contributors, ODbL 1.0）Geofabrik japan-latest.osm.pbf 2026-09-23T20:22:04Z way/596070772",
PK-w596070773,parking,（名称なし）駐車場,34.7037275,135.1944234,WGS84,633,摩耶山,関西百名山,,,,TH-n2921600631(104m),,provisional,40,公式情報または2情報源での確認が必要、名称なし,"OpenStreetMap（© OpenStreetMap contributors, ODbL 1.0）Geofabrik japan-latest.osm.pbf 2026-09-23T20:22:04Z way/596070773",
PK-w616921748,parking,（名称なし）駐車場,34.1053084,135.3256626,WGS84,723,生石ヶ峰,関西百名山,,,,TH-n1429527213(49m) TH-n1398278759(354m),,provisional,40,公式情報または2情報源での確認が必要、名称なし、登山口から離れている（徒歩アプローチを要確認）,"OpenStreetMap（© OpenStreetMap contributors, ODbL 1.0）Geofabrik japan-latest.osm.pbf 2026-09-23T20:22:04Z way/616921748",
PK-w616921752,parking,（名称なし）駐車場,34.1039629,135.3237582,WGS84,723,生石ヶ峰,関西百名山,,,,TH-n1429527213(278m),,provisional,40,公式情報または2情報源での確認が必要、名称なし,"OpenStreetMap（© OpenStreetMap contributors, ODbL 1.0）Geofabrik japan-latest.osm.pbf 2026-09-23T20:22:04Z way/616921752",
PK-w628044416,parking,（名称なし）駐車場,35.4089597,136.4223818,WGS84,477,伊吹山,日本百名山|日本二百名山|日本三百名山|関西百名山|東海の百山,,,,TH-n1290426708(354m),,provisional,40,公式情報または2情報源での確認が必要、名称なし、登山口から離れている（徒歩アプローチを要確認）,"OpenStreetMap（© OpenStreetMap contributors, ODbL 1.0）Geofabrik japan-latest.osm.pbf 2026-09-23T20:22:04Z way/628044416",
PK-w645499534,parking,（名称なし）駐車場,34.7230545,135.2194151,WGS84,633,摩耶山,関西百名山,,,,TH-w183841007(479m),,provisional,40,公式情報または2情報源での確認が必要、名称なし、登山口から離れている（徒歩アプローチを要確認）,"OpenStreetMap（© OpenStreetMap contributors, ODbL 1.0）Geofabrik japan-latest.osm.pbf 2026-09-23T20:22:04Z way/645499534",
PK-w652159224,parking,（名称なし）駐車場,34.3679386,135.6006441,WGS84,681,岩湧山,関西百名山,,,,TH-n1427144827(370m),,provisional,40,公式情報または2情報源での確認が必要、名称なし、登山口から離れている（徒歩アプローチを要確認）,"OpenStreetMap（© OpenStreetMap contributors, ODbL 1.0）Geofabrik japan-latest.osm.pbf 2026-09-23T20:22:04Z way/652159224",
PK-w652566960,parking,（名称なし）駐車場,34.3687208,135.6009231,WGS84,681,岩湧山,関西百名山,,,,TH-n1427144827(302m),,provisional,40,公式情報または2情報源での確認が必要、名称なし、登山口から離れている（徒歩アプローチを要確認）,"OpenStreetMap（© OpenStreetMap contributors, ODbL 1.0）Geofabrik japan-latest.osm.pbf 2026-09-23T20:22:04Z way/652566960",
PK-w652566961,parking,（名称なし）駐車場,34.3685439,135.6007525,WGS84,681,岩湧山,関西百名山,,,,TH-n1427144827(312m),,provisional,40,公式情報または2情報源での確認が必要、名称なし、登山口から離れている（徒歩アプローチを要確認）,"OpenStreetMap（© OpenStreetMap contributors, ODbL 1.0）Geofabrik japan-latest.osm.pbf 2026-09-23T20:22:04Z way/652566961",
PK-w672033042,parking,（名称なし）駐車場,35.0560775,136.0455733,WGS84,597,三上山,関西百名山,,,,TH-n1352164065(32m),,provisional,40,公式情報または2情報源での確認が必要、名称なし,"OpenStreetMap（© OpenStreetMap contributors, ODbL 1.0）Geofabrik japan-latest.osm.pbf 2026-09-23T20:22:04Z way/672033042",
PK-w673558094,parking,植物園第1駐車場,35.0508966,136.0469983,WGS84,597,三上山,関西百名山,,,,TH-n1352163563(233m),fee=no; capacity=50,provisional,40,公式情報または2情報源での確認が必要,"OpenStreetMap（© OpenStreetMap contributors, ODbL 1.0）Geofabrik japan-latest.osm.pbf 2026-09-23T20:22:04Z way/673558094",
PK-w673568950,parking,（名称なし）駐車場,35.0523464,136.0457338,WGS84,597,三上山,関西百名山,,,,TH-n1352163563(136m),fee=no; capacity=30,provisional,40,公式情報または2情報源での確認が必要、名称なし,"OpenStreetMap（© OpenStreetMap contributors, ODbL 1.0）Geofabrik japan-latest.osm.pbf 2026-09-23T20:22:04Z way/673568950",
PK-w673568951,parking,（名称なし）駐車場,35.0538174,136.0442875,WGS84,597,三上山,関西百名山,,,,TH-n1352163563(249m) TH-n1352164065(248m),fee=no; capacity=30,provisional,40,公式情報または2情報源での確認が必要、名称なし,"OpenStreetMap（© OpenStreetMap contributors, ODbL 1.0）Geofabrik japan-latest.osm.pbf 2026-09-23T20:22:04Z way/673568951",
PK-w677363506,parking,（名称なし）駐車場,34.9377169,135.6439776,WGS84,613,ポンポン山,関西百名山,,,,TH-n6151228099(198m),fee=yes; access=customers,provisional,40,公式情報または2情報源での確認が必要、名称なし,"OpenStreetMap（© OpenStreetMap contributors, ODbL 1.0）Geofabrik japan-latest.osm.pbf 2026-09-23T20:22:04Z way/677363506",
PK-w686695146,parking,（名称なし）駐車場,35.4959444,136.0351021,WGS84,441,赤坂山,関西百名山,,,,TH-n1384051346(386m),,provisional,40,公式情報または2情報源での確認が必要、名称なし、登山口から離れている（徒歩アプローチを要確認）,"OpenStreetMap（© OpenStreetMap contributors, ODbL 1.0）Geofabrik japan-latest.osm.pbf 2026-09-23T20:22:04Z way/686695146",
PK-w689281822,parking,（名称なし）駐車場,34.5275178,135.8481868,WGS84,649,三輪山,関西百名山,,,,TH-n930189627(427m),,provisional,40,公式情報または2情報源での確認が必要、名称なし、登山口から離れている（徒歩アプローチを要確認）,"OpenStreetMap（© OpenStreetMap contributors, ODbL 1.0）Geofabrik japan-latest.osm.pbf 2026-09-23T20:22:04Z way/689281822",
PK-w689423226,parking,（名称なし）駐車場,34.9139672,135.653759,WGS84,613,ポンポン山,関西百名山,,,,TH-n4406941785(216m),access=private,provisional,40,公式情報または2情報源での確認が必要、名称なし,"OpenStreetMap（© OpenStreetMap contributors, ODbL 1.0）Geofabrik japan-latest.osm.pbf 2026-09-23T20:22:04Z way/689423226",
PK-w689696996,parking,第１駐車場,34.9612433,136.4539834,WGS84,602 607 609 611 612,御在所岳、鎌ヶ岳、入道ヶ岳、宮指路岳、仙ヶ岳,日本二百名山|日本三百名山|関西百名山|東海の百山,,,,TH-w689696996(0m),,provisional,40,公式情報または2情報源での確認が必要,"OpenStreetMap（© OpenStreetMap contributors, ODbL 1.0）Geofabrik japan-latest.osm.pbf 2026-09-23T20:22:04Z way/689696996",
PK-w690412352,parking,（名称なし）駐車場,34.2223811,135.8405092,WGS84,719,大峰山,日本百名山|日本二百名山|日本三百名山|関西百名山,,,,TH-n6643037685(206m),,provisional,40,公式情報または2情報源での確認が必要、名称なし,"OpenStreetMap（© OpenStreetMap contributors, ODbL 1.0）Geofabrik japan-latest.osm.pbf 2026-09-23T20:22:04Z way/690412352",
PK-w690599817,parking,月山鍛刀塲Ｐ,34.5325513,135.8518919,WGS84,649,三輪山,関西百名山,,,,TH-n1809530717(71m) TH-gsi-saijinja(306m),,provisional,40,公式情報または2情報源での確認が必要、登山口から離れている（徒歩アプローチを要確認）,"OpenStreetMap（© OpenStreetMap contributors, ODbL 1.0）Geofabrik japan-latest.osm.pbf 2026-09-23T20:22:04Z way/690599817",
PK-w692647133,parking,（名称なし）駐車場,34.6490498,135.1129952,WGS84,637,横尾山,関西百名山,,,,TH-w1091185297(190m),,provisional,40,公式情報または2情報源での確認が必要、名称なし,"OpenStreetMap（© OpenStreetMap contributors, ODbL 1.0）Geofabrik japan-latest.osm.pbf 2026-09-23T20:22:04Z way/692647133",
PK-w713003592,parking,（名称なし）駐車場,34.7129233,135.1913914,WGS84,633,摩耶山,関西百名山,,,,TH-n2921600634(61m) TH-n2921600635(453m),,provisional,40,公式情報または2情報源での確認が必要、名称なし、登山口から離れている（徒歩アプローチを要確認）,"OpenStreetMap（© OpenStreetMap contributors, ODbL 1.0）Geofabrik japan-latest.osm.pbf 2026-09-23T20:22:04Z way/713003592",
PK-w715409930,parking,（名称なし）駐車場,35.0448135,136.4417118,WGS84,585 589 595 601 602 607,三池岳、釈迦ヶ岳、尾高山、雨乞岳、御在所岳、鎌ヶ岳,東海の百山|日本二百名山|日本三百名山|関西百名山,,,,TH-n6723664943(8m),,provisional,40,公式情報または2情報源での確認が必要、名称なし,"OpenStreetMap（© OpenStreetMap contributors, ODbL 1.0）Geofabrik japan-latest.osm.pbf 2026-09-23T20:22:04Z way/715409930",
PK-w74173226,parking,（名称なし）駐車場,35.3841559,134.5335818,WGS84,483,鉢伏山,関西百名山,,,,TH-w97190003(201m),,provisional,40,公式情報または2情報源での確認が必要、名称なし,"OpenStreetMap（© OpenStreetMap contributors, ODbL 1.0）Geofabrik japan-latest.osm.pbf 2026-09-23T20:22:04Z way/74173226",
PK-w74173233,parking,（名称なし）駐車場,35.3828782,134.5365593,WGS84,483,鉢伏山,関西百名山,,,,TH-w97190003(403m),,provisional,40,公式情報または2情報源での確認が必要、名称なし、登山口から離れている（徒歩アプローチを要確認）,"OpenStreetMap（© OpenStreetMap contributors, ODbL 1.0）Geofabrik japan-latest.osm.pbf 2026-09-23T20:22:04Z way/74173233",
PK-w744200199,parking,（名称なし）駐車場,35.1463798,135.6998198,WGS84,562,桟敷ヶ岳,関西百名山,,,,TH-n1420109237(383m),,provisional,40,公式情報または2情報源での確認が必要、名称なし、登山口から離れている（徒歩アプローチを要確認）,"OpenStreetMap（© OpenStreetMap contributors, ODbL 1.0）Geofabrik japan-latest.osm.pbf 2026-09-23T20:22:04Z way/744200199",
PK-w751216860,parking,（名称なし）駐車場,34.3746041,135.4483684,WGS84,689,和泉葛城山,関西百名山,,,,TH-ksj-P11-22-27-bs5382(141m),,provisional,40,公式情報または2情報源での確認が必要、名称なし,"OpenStreetMap（© OpenStreetMap contributors, ODbL 1.0）Geofabrik japan-latest.osm.pbf 2026-09-23T20:22:04Z way/751216860",
PK-w751249008,parking,（名称なし）駐車場,34.3764292,135.5212586,WGS84,681,岩湧山,関西百名山,,,,TH-n7023256178(22m) TH-kP11-22-27-bs5347(298m),,provisional,40,公式情報または2情報源での確認が必要、名称なし,"OpenStreetMap（© OpenStreetMap contributors, ODbL 1.0）Geofabrik japan-latest.osm.pbf 2026-09-23T20:22:04Z way/751249008",
PK-w751593543,parking,（名称なし）駐車場,34.9166729,135.4475381,WGS84,615,妙見山,関西百名山,,,,TH-n1629277061(316m),access=private,provisional,40,公式情報または2情報源での確認が必要、名称なし、登山口から離れている（徒歩アプローチを要確認）,"OpenStreetMap（© OpenStreetMap contributors, ODbL 1.0）Geofabrik japan-latest.osm.pbf 2026-09-23T20:22:04Z way/751593543",
PK-w759992541,parking,岩湧の森 第１駐車場,34.3836571,135.5589403,WGS84,681,岩湧山,関西百名山,,,,TH-n1576730240(78m) TH-n1576728876(415m),,provisional,40,公式情報または2情報源での確認が必要、登山口から離れている（徒歩アプローチを要確認）,"OpenStreetMap（© OpenStreetMap contributors, ODbL 1.0）Geofabrik japan-latest.osm.pbf 2026-09-23T20:22:04Z way/759992541",
PK-w761272317,parking,（名称なし）駐車場,34.3477459,135.4349085,WGS84,689,和泉葛城山,関西百名山,,,,TH-n1429695326(289m) TH-n13168619829(411m),,provisional,40,公式情報または2情報源での確認が必要、名称なし、登山口から離れている（徒歩アプローチを要確認）,"OpenStreetMap（© OpenStreetMap contributors, ODbL 1.0）Geofabrik japan-latest.osm.pbf 2026-09-23T20:22:04Z way/761272317",
PK-w761272318,parking,（名称なし）駐車場,34.3481824,135.4356918,WGS84,689,和泉葛城山,関西百名山,,,,TH-n1429695326(370m) TH-n13168619829(344m),,provisional,40,公式情報または2情報源での確認が必要、名称なし、登山口から離れている（徒歩アプローチを要確認）,"OpenStreetMap（© OpenStreetMap contributors, ODbL 1.0）Geofabrik japan-latest.osm.pbf 2026-09-23T20:22:04Z way/761272318",
PK-w764571753,parking,（名称なし）駐車場,34.2373391,135.3949003,WGS84,704,龍門山,関西百名山,,,,TH-n12169219547(201m),access=customers,provisional,40,公式情報または2情報源での確認が必要、名称なし,"OpenStreetMap（© OpenStreetMap contributors, ODbL 1.0）Geofabrik japan-latest.osm.pbf 2026-09-23T20:22:04Z way/764571753",
PK-w764571754,parking,（名称なし）駐車場,34.2374234,135.3954131,WGS84,704,龍門山,関西百名山,,,,TH-n12169219547(154m),access=private,provisional,40,公式情報または2情報源での確認が必要、名称なし,"OpenStreetMap（© OpenStreetMap contributors, ODbL 1.0）Geofabrik japan-latest.osm.pbf 2026-09-23T20:22:04Z way/764571754",
PK-w804808387,parking,（名称なし）駐車場,34.5438359,135.9755098,WGS84,645,額井岳,関西百名山,,,,TH-n6649478843(357m),fee=no,provisional,40,公式情報または2情報源での確認が必要、名称なし、登山口から離れている（徒歩アプローチを要確認）,"OpenStreetMap（© OpenStreetMap contributors, ODbL 1.0）Geofabrik japan-latest.osm.pbf 2026-09-23T20:22:04Z way/804808387",
PK-w819667483,parking,（名称なし）駐車場,34.669868,135.6884429,WGS84,635,生駒山,関西百名山,,,,TH-kP11-22-29-bs539(171m),capacity=20; access=customers; operator=ラッキーガーデン,provisional,40,公式情報または2情報源での確認が必要、名称なし,"OpenStreetMap（© OpenStreetMap contributors, ODbL 1.0）Geofabrik japan-latest.osm.pbf 2026-09-23T20:22:04Z way/819667483",
PK-w822811695,parking,（名称なし）駐車場,34.7533485,135.2076412,WGS84,633,摩耶山,関西百名山,,,,TH-kP11-22-28-bs7073(182m),,provisional,40,公式情報または2情報源での確認が必要、名称なし,"OpenStreetMap（© OpenStreetMap contributors, ODbL 1.0）Geofabrik japan-latest.osm.pbf 2026-09-23T20:22:04Z way/822811695",
PK-w822811696,parking,（名称なし）駐車場,34.7526521,135.2074052,WGS84,633,摩耶山,関西百名山,,,,TH-kP11-22-28-bs7073(139m),,provisional,40,公式情報または2情報源での確認が必要、名称なし,"OpenStreetMap（© OpenStreetMap contributors, ODbL 1.0）Geofabrik japan-latest.osm.pbf 2026-09-23T20:22:04Z way/822811696",
PK-w834429500,parking,（名称なし）駐車場,35.533653,136.199961,WGS84,447,賤ヶ岳,関西百名山|東海の百山,,,,TH-n1686918549(281m),,provisional,40,公式情報または2情報源での確認が必要、名称なし,"OpenStreetMap（© OpenStreetMap contributors, ODbL 1.0）Geofabrik japan-latest.osm.pbf 2026-09-23T20:22:04Z way/834429500",
PK-w834429501,parking,（名称なし）駐車場,35.5337551,136.1994343,WGS84,447,賤ヶ岳,関西百名山|東海の百山,,,,TH-n1686918549(330m),,provisional,40,公式情報または2情報源での確認が必要、名称なし、登山口から離れている（徒歩アプローチを要確認）,"OpenStreetMap（© OpenStreetMap contributors, ODbL 1.0）Geofabrik japan-latest.osm.pbf 2026-09-23T20:22:04Z way/834429501",
PK-w834945794,parking,（名称なし）駐車場,35.5045532,136.2031977,WGS84,447,賤ヶ岳,関西百名山|東海の百山,,,,TH-n1686912330(444m),access=customers,provisional,40,公式情報または2情報源での確認が必要、名称なし、登山口から離れている（徒歩アプローチを要確認）,"OpenStreetMap（© OpenStreetMap contributors, ODbL 1.0）Geofabrik japan-latest.osm.pbf 2026-09-23T20:22:04Z way/834945794",
PK-w844990417,parking,JR新神戸駅前自動車整理場（第3）,34.7060652,135.1955577,WGS84,633,摩耶山,関西百名山,,,,TH-n2873978519(57m),,provisional,40,公式情報または2情報源での確認が必要,"OpenStreetMap（© OpenStreetMap contributors, ODbL 1.0）Geofabrik japan-latest.osm.pbf 2026-09-23T20:22:04Z way/844990417",
PK-w844990418,parking,JR新神戸駅前自動車整理場（第4）,34.7063424,135.1960872,WGS84,633,摩耶山,関西百名山,,,,TH-n2873978519(0m),,provisional,40,公式情報または2情報源での確認が必要,"OpenStreetMap（© OpenStreetMap contributors, ODbL 1.0）Geofabrik japan-latest.osm.pbf 2026-09-23T20:22:04Z way/844990418",
PK-w844990419,parking,JR新神戸駅前自動車整理場（第1）,34.7057972,135.195788,WGS84,633,摩耶山,関西百名山,,,,TH-n2921600631(232m),fee=yes; access=yes,provisional,40,公式情報または2情報源での確認が必要,"OpenStreetMap（© OpenStreetMap contributors, ODbL 1.0）Geofabrik japan-latest.osm.pbf 2026-09-23T20:22:04Z way/844990419",
PK-w844990420,parking,JR新神戸駅前自動車整理場（第2）,34.7061651,135.1963248,WGS84,633,摩耶山,関西百名山,,,,TH-n2873978519(29m),,provisional,40,公式情報または2情報源での確認が必要,"OpenStreetMap（© OpenStreetMap contributors, ODbL 1.0）Geofabrik japan-latest.osm.pbf 2026-09-23T20:22:04Z way/844990420",
PK-w864497475,parking,（名称なし）駐車場,34.4952428,135.7051208,WGS84,667,大和葛城山,日本三百名山|関西百名山,,,,TH-kP11-22-29-bs1625(185m) TH-n8057436631(341m),,provisional,40,公式情報または2情報源での確認が必要、名称なし、登山口から離れている（徒歩アプローチを要確認）,"OpenStreetMap（© OpenStreetMap contributors, ODbL 1.0）Geofabrik japan-latest.osm.pbf 2026-09-23T20:22:04Z way/864497475",
PK-w864497477,parking,（名称なし）駐車場,34.4950427,135.7042422,WGS84,667,大和葛城山,日本三百名山|関西百名山,,,,TH-kP11-22-29-bs1625(166m) TH-n8057436631(348m),,provisional,40,公式情報または2情報源での確認が必要、名称なし、登山口から離れている（徒歩アプローチを要確認）,"OpenStreetMap（© OpenStreetMap contributors, ODbL 1.0）Geofabrik japan-latest.osm.pbf 2026-09-23T20:22:04Z way/864497477",
PK-w867671280,parking,第２駐車場,34.9593992,136.4544592,WGS84,602 607 609 611 612,御在所岳、鎌ヶ岳、入道ヶ岳、宮指路岳、仙ヶ岳,日本二百名山|日本三百名山|関西百名山|東海の百山,,,,TH-w689696996(208m),,provisional,40,公式情報または2情報源での確認が必要,"OpenStreetMap（© OpenStreetMap contributors, ODbL 1.0）Geofabrik japan-latest.osm.pbf 2026-09-23T20:22:04Z way/867671280",
PK-w918971092,parking,（名称なし）駐車場,35.1022678,134.4247811,WGS84,570,日名倉山,関西百名山,,,,TH-n1842207493(468m),,provisional,40,公式情報または2情報源での確認が必要、名称なし、登山口から離れている（徒歩アプローチを要確認）,"OpenStreetMap（© OpenStreetMap contributors, ODbL 1.0）Geofabrik japan-latest.osm.pbf 2026-09-23T20:22:04Z way/918971092",
PK-w919734507,parking,（名称なし）駐車場,34.5231079,135.6955941,WGS84,653,二上山,関西百名山,,,,TH-n1736314857(423m),,provisional,40,公式情報または2情報源での確認が必要、名称なし、登山口から離れている（徒歩アプローチを要確認）,"OpenStreetMap（© OpenStreetMap contributors, ODbL 1.0）Geofabrik japan-latest.osm.pbf 2026-09-23T20:22:04Z way/919734507",
PK-w966705000,parking,（名称なし）駐車場,34.3759645,135.4491365,WGS84,689,和泉葛城山,関西百名山,,,,TH-ksj-P11-22-27-bs5382(304m),fee=yes; access=customers,provisional,40,公式情報または2情報源での確認が必要、名称なし、登山口から離れている（徒歩アプローチを要確認）,"OpenStreetMap（© OpenStreetMap contributors, ODbL 1.0）Geofabrik japan-latest.osm.pbf 2026-09-23T20:22:04Z way/966705000",
PK-w969112615,parking,（名称なし）駐車場,34.6748205,135.1082203,WGS84,637,横尾山,関西百名山,,,,TH-n5564323742(60m),access=customers,provisional,40,公式情報または2情報源での確認が必要、名称なし,"OpenStreetMap（© OpenStreetMap contributors, ODbL 1.0）Geofabrik japan-latest.osm.pbf 2026-09-23T20:22:04Z way/969112615",
PK-w969112617,parking,（名称なし）駐車場,34.6741675,135.1079485,WGS84,637,横尾山,関西百名山,,,,TH-n5564323742(66m),access=customers,provisional,40,公式情報または2情報源での確認が必要、名称なし,"OpenStreetMap（© OpenStreetMap contributors, ODbL 1.0）Geofabrik japan-latest.osm.pbf 2026-09-23T20:22:04Z way/969112617",
PK-w969112639,parking,（名称なし）駐車場,34.6754288,135.1102878,WGS84,637,横尾山,関西百名山,,,,TH-n5537346069(143m),access=no,provisional,40,公式情報または2情報源での確認が必要、名称なし,"OpenStreetMap（© OpenStreetMap contributors, ODbL 1.0）Geofabrik japan-latest.osm.pbf 2026-09-23T20:22:04Z way/969112639",
PK-w969981638,parking,バス待機場,34.6797525,135.0936351,WGS84,637,横尾山,関西百名山,,,,TH-n5588254995(36m),access=no,provisional,40,公式情報または2情報源での確認が必要,"OpenStreetMap（© OpenStreetMap contributors, ODbL 1.0）Geofabrik japan-latest.osm.pbf 2026-09-23T20:22:04Z way/969981638",
PK-w986937424,parking,（名称なし）駐車場,34.7955034,135.2504246,WGS84,628,六甲最高峰,日本三百名山|関西百名山,,,,TH-n1842381862(393m),,provisional,40,公式情報または2情報源での確認が必要、名称なし、登山口から離れている（徒歩アプローチを要確認）,"OpenStreetMap（© OpenStreetMap contributors, ODbL 1.0）Geofabrik japan-latest.osm.pbf 2026-09-23T20:22:04Z way/986937424",
PK-w986937428,parking,（名称なし）駐車場,34.7964067,135.2498907,WGS84,628,六甲最高峰,日本三百名山|関西百名山,,,,TH-n12345111564(153m),,provisional,40,公式情報または2情報源での確認が必要、名称なし,"OpenStreetMap（© OpenStreetMap contributors, ODbL 1.0）Geofabrik japan-latest.osm.pbf 2026-09-23T20:22:04Z way/986937428",
PK-w990863122,parking,（名称なし）駐車場,34.7186956,135.2158145,WGS84,633,摩耶山,関西百名山,,,,TH-w128992066(136m),access=private,provisional,40,公式情報または2情報源での確認が必要、名称なし,"OpenStreetMap（© OpenStreetMap contributors, ODbL 1.0）Geofabrik japan-latest.osm.pbf 2026-09-23T20:22:04Z way/990863122",
TH-gsi-bellpeal,trailhead,ベルピール自然公園（日名倉山）,35.149139,134.402924,WGS84,570,日名倉山,関西百名山,,登山記録で広く使われている登山口,,PK-w166674453(12m) PK-n1781287019(45m),,provisional,200,,"国土地理院ベクトルタイル提供実験 地理院地図の車道の終点で徒歩道が始まる位置（35.149139, 134.402924）、標高850.8m。地理院地図の徒歩道で山頂まで約0.8km 2026-09-24確認 ｜ 登山記録で広く使われている登山口（登山記録・登山情報サイトで名称と利用を確認。公式情報では未確認） 2026-09-24確認",
TH-gsi-chorosan-shinrin,trailhead,長老山森林公園（長老ヶ岳登山口）,35.316567,135.458757,WGS84,514,長老ヶ岳,関西百名山,,公式情報による登山口,,,course=長老山森林公園から長老ヶ岳まで約100分・3.5km。仏主バス停から森林公園まで約40分・2.3km（京丹波町）; parking=長老山森林公園に駐車場・トイレ（京丹波町）,adopted,500,登山口の正確な位置は公式情報では未確認,"国土地理院ベクトルタイル提供実験 地理院地図の徒歩道が車道から始まる位置（35.316567, 135.458757）、標高595.8m。地理院地図の注記「仏主」（35.323971, 135.455332）の南南東約0.8km。地理院地図の徒歩道で山頂まで約2.8km 2026-09-26確認 ｜ 公式情報: https://www.town.kyotamba.kyoto.jp/material/files/group/21/tyourougatake_map.pdf ｜ 公式情報: https://www.town.kyotamba.kyoto.jp/kakukakarasagasu/wachishisho/gyomuannai/1/1/2/1692.html",2026-09-26
TH-gsi-dakenomori-aise,trailhead,嶽ノ森山登山口（相瀬橋）,33.543948,135.7216,WGS84,823,嶽ノ森山,関西百名山,,登山記録で広く使われている登山口,,PK-w499632170(171m) PK-w499632173(222m) BS-kP11-22-30-bs2972(513m) BS-kP11-22-30-bs2971(777m) BS-kP11-22-30-bs2976(994m),,provisional,250,,"国土地理院ベクトルタイル提供実験 地理院地図の徒歩道が車道から始まる位置（33.543948, 135.721600）、標高30.8m。地理院地図の注記「相瀬橋」から75m。地理院地図の徒歩道で山頂まで約0.9km 2026-09-24確認 ｜ 登山記録で広く使われている登山口（登山記録・登山情報サイトで名称と利用を確認。公式情報では未確認） 2026-09-24確認",
TH-gsi-hiuchiiwa,trailhead,火打岩登山口（三嶽）,35.11108,135.25715,WGS84,576,三嶽,関西百名山,,登山記録で広く使われている登山口,,,,provisional,300,,"国土地理院ベクトルタイル提供実験 地理院地図の車道の終点で徒歩道が始まる位置（35.111080, 135.257150）、標高286.6m。地理院地図の注記「火打岩」から689m。地理院地図の徒歩道で山頂まで約2.6km 2026-09-26確認 ｜ 登山記録で広く使われている登山口（登山記録・登山情報サイトで名称と利用を確認。公式情報では未確認） 2026-09-24確認",
TH-gsi-hiyamizu-rindo,trailhead,冷水山林道登山口,33.897977,135.649856,WGS84,759,冷水山,関西百名山,,登山記録で広く使われている登山口,,,,provisional,250,,"国土地理院ベクトルタイル提供実験 地理院地図の徒歩道が車道から始まる位置（33.897977, 135.649856）、標高1,112m。地理院地図の徒歩道で山頂まで約0.3km 2026-09-24確認 ｜ 登山記録で広く使われている登山口（登山記録・登山情報サイトで名称と利用を確認。公式情報では未確認） 2026-09-24確認",
TH-gsi-honzanji,trailhead,本山寺（ポンポン山登山口）,34.917256,135.6126,WGS84,613,ポンポン山,関西百名山,,登山記録で広く使われている登山口,,,,provisional,200,,"国土地理院ベクトルタイル提供実験 地理院地図の注記「本山寺」の位置（34.917256, 135.612600） 2026-09-24確認 ｜ 登山記録で広く使われている登山口（登山記録・登山情報サイトで名称と利用を確認。公式情報では未確認） 2026-09-24確認",
TH-gsi-hyonosen-higashione,trailhead,東尾根登山口（氷ノ山）,35.359726,134.533183,WGS84,493,氷ノ山,日本二百名山|日本三百名山|関西百名山|中国百名山,,登山記録で広く使われている登山口,,,,provisional,300,,"国土地理院ベクトルタイル提供実験 地理院地図の徒歩道が車道から始まる位置（35.359726, 134.533183）、標高788m。地理院地図の注記「奈良尾」から543m。地理院地図の徒歩道で山頂まで約3.7km 2026-09-26確認 ｜ 登山記録で広く使われている登山口（登山記録・登山情報サイトで名称と利用を確認。公式情報では未確認） 2026-09-26確認",
TH-gsi-ichihara-sengamine,trailhead,市原登山口（千ヶ峰）,35.15178,134.901429,WGS84,571,千ヶ峰,関西百名山,市原コース,公式情報による登山口,,,parking=市原登山口・市原峠に登山者用駐車場。市原登山口に登山者用トイレ（多可町観光交流協会）,adopted,400,登山口の正確な位置は公式情報では未確認,"国土地理院ベクトルタイル提供実験 地理院地図の車道の終点で徒歩道が始まる位置（35.151780, 134.901429）、標高451.2m。地理院地図の注記「加美区市原」から501m。地理院地図の徒歩道で山頂まで約2.7km 2026-09-26確認 ｜ 公式情報: https://kanko.takacho.net/mountain/sengamine/",2026-09-26
TH-gsi-imahata,trailhead,落合・今畑登山口（霊仙山）,35.261608,136.402586,WGS84,518,霊仙山,関西百名山|東海の百山,今畑登山道,公式情報による登山口,,,access=彦根ICから車約30分、JR彦根駅から車で約30分（米原市）,adopted,400,登山口付近に駐車場はない。いぼとり公園駐車場（無料）や養鱒センターきたがわ（有料・要予約）を案内している（米原市）、山中にトイレはない。ドリーネ（穴）がいたるところにあり、登山道以外のルートは穴に転落の恐れがあり危険（米原市）、上丹生登山口からの谷山谷登山道と、河内登山口から四丁横崖までの河内登山道は通行できない（米原市）、登山口の正確な位置は公式情報では未確認,"国土地理院ベクトルタイル提供実験 地理院地図の徒歩道が車道から始まる位置（35.261608, 136.402586）、標高379.2m 2026-09-24確認 ｜ 公式情報: https://www.city.maibara.lg.jp/soshiki/keizai_kankyo/shoko_kanko/kanko_info/spot/3487.html",2026-09-24
TH-gsi-isoha,trailhead,十八神社（額井岳登山口）,34.554449,135.968454,WGS84,645,額井岳,関西百名山,,登山記録で広く使われている登山口,,BS-kP11-22-29-bs1270(1003m),,provisional,300,,"国土地理院ベクトルタイル提供実験 地理院地図の徒歩道が車道から始まる位置（34.554449, 135.968454）、標高539.4m。地理院地図の注記「榛原額井」から354m。地理院地図の徒歩道で山頂まで約0.7km 2026-09-24確認 ｜ 登山記録で広く使われている登山口（登山記録・登山情報サイトで名称と利用を確認。公式情報では未確認） 2026-09-24確認",
TH-gsi-itoinokatsura,trailhead,糸井の大カツラ（東床尾山登山口）,35.411477,134.92073,WGS84,475,東床尾山,関西百名山,,登山記録で広く使われている登山口,,,,provisional,200,,"国土地理院ベクトルタイル提供実験 地理院地図の徒歩道が車道から始まる位置（35.411477, 134.920730）、標高428.6m。地理院地図の注記「糸井の大カツラ」から48m。地理院地図の徒歩道で山頂まで約2.1km 2026-09-24確認 ｜ 登山記録で広く使われている登山口（登山記録・登山情報サイトで名称と利用を確認。公式情報では未確認） 2026-09-24確認",
TH-gsi-iwakura-sengamine,trailhead,岩座神登山口（千ヶ峰）,35.130764,134.886125,WGS84,571,千ヶ峰,関西百名山,岩座神コース,公式情報による登山口,,,parking=岩座神公民館に駐車場・トイレ（多可町観光交流協会）,adopted,300,登山口の正確な位置は公式情報では未確認,"国土地理院ベクトルタイル提供実験 地理院地図の徒歩道が車道から始まる位置（35.130764, 134.886125）、標高405.6m。地理院地図の注記「加美区岩座神」から243m。地理院地図の徒歩道で山頂まで約2.3km 2026-09-26確認 ｜ 公式情報: https://kanko.takacho.net/mountain/sengamine/",2026-09-26
TH-gsi-kaminyu,trailhead,上丹生登山口（七七頭ヶ岳）,35.575293,136.223119,WGS84,429,七七頭ヶ岳,関西百名山,,登山記録で広く使われている登山口,,,,provisional,300,,"国土地理院ベクトルタイル提供実験 地理院地図の徒歩道が車道から始まる位置（35.575293, 136.223119）、標高186.3m。地理院地図の注記「摺墨川」から796m。地理院地図の徒歩道で山頂まで約1.6km 2026-09-24確認 ｜ 登山記録で広く使われている登山口（登山記録・登山情報サイトで名称と利用を確認。公式情報では未確認） 2026-09-24確認",
TH-gsi-kanayama-toge,trailhead,金山峠（蘇武岳登山口）,35.443977,134.631459,WGS84,458,蘇武岳,関西百名山,,登山記録で広く使われている登山口,,,,provisional,200,,"国土地理院ベクトルタイル提供実験 地理院地図の徒歩道が車道から始まる位置（35.443977, 134.631459）、標高760.1m。地理院地図の注記「金山峠」から19m。地理院地図の徒歩道で山頂まで約3.5km 2026-09-26確認 ｜ 登山記録で広く使われている登山口（登山記録・登山情報サイトで名称と利用を確認。公式情報では未確認） 2026-09-24確認",
TH-gsi-kitadaka,trailhead,キタダカ道登山口（蓬莱山 びわ湖バレイ山麓駅）,35.213938,135.905723,WGS84,544,蓬莱山,日本三百名山|関西百名山,,登山記録で広く使われている登山口,,,,provisional,300,,"国土地理院ベクトルタイル提供実験 地理院地図の徒歩道が車道から始まる位置（35.213938, 135.905723）、標高730.5m。地理院地図の注記「大津市」から190m。地理院地図の徒歩道で山頂まで約2.4km 2026-09-26確認 ｜ 登山記録で広く使われている登山口（登山記録・登山情報サイトで名称と利用を確認。公式情報では未確認） 2026-09-26確認",
TH-gsi-kurami,trailhead,倉見登山口（三十三間山）,35.489005,135.90987,WGS84,450,三十三間山,関西百名山,,登山記録で広く使われている登山口,,,,provisional,400,,"国土地理院ベクトルタイル提供実験 地理院地図の徒歩道が車道から始まる位置（35.489005, 135.909870）、標高152.3m。地理院地図の注記「倉見」から681m。地理院地図の徒歩道で山頂まで約2.5km 2026-09-24確認 ｜ 登山記録で広く使われている登山口（登山記録・登山情報サイトで名称と利用を確認。公式情報では未確認） 2026-09-24確認",
TH-gsi-kuregahata,trailhead,榑ケ畑登山口（霊仙山）,35.286024,136.359885,WGS84,518,霊仙山,関西百名山|東海の百山,榑ケ畑登山道,公式情報による登山口,,,restriction=榑ケ畑林道で土砂崩れが発生したため、醒井養鱒場から先の榑ケ畑林道は歩行者を含め通行できない（米原市）; access=米原ICから駐車場まで車で約5分、JR醒ケ井駅から徒歩75分（米原市）,adopted,200,登山口付近に駐車場はない。いぼとり公園駐車場（無料）や養鱒センターきたがわ（有料・要予約）を案内している（米原市）、山中にトイレはない。ドリーネ（穴）がいたるところにあり、登山道以外のルートは穴に転落の恐れがあり危険（米原市）、上丹生登山口からの谷山谷登山道と、河内登山口から四丁横崖までの河内登山道は通行できない（米原市）、入山前に米原市へ最新の状況を確認すること,"国土地理院ベクトルタイル提供実験 地理院地図の徒歩道が車道から始まる位置（35.286024, 136.359885）、標高401.9m。地理院地図の注記「榑ケ畑」から325m。地理院地図の徒歩道で山頂まで約4.6km 2026-09-24確認 ｜ 公式情報: https://www.city.maibara.lg.jp/soshiki/keizai_kankyo/shoko_kanko/kanko_info/spot/3487.html",2026-09-24
TH-gsi-manba-sobu,trailhead,万場登山口（蘇武岳）,35.489367,134.656618,WGS84,458,蘇武岳,関西百名山,,登山記録で広く使われている登山口,,,,provisional,300,,"国土地理院ベクトルタイル提供実験 地理院地図の車道の終点で徒歩道が始まる位置（35.489367, 134.656618）、標高435m。地理院地図の注記「万場スキー場」から608m。地理院地図の徒歩道で山頂まで約3.6km 2026-09-26確認 ｜ 登山記録で広く使われている登山口（登山記録・登山情報サイトで名称と利用を確認。公式情報では未確認） 2026-09-24確認",
TH-gsi-miyukibashi,trailhead,御幸橋駐車場（綿向山 表参道コース）,35.012657,136.321401,WGS84,604,綿向山,東海の百山,,登山記録で広く使われている登山口,,PK-g3501266_1363214(0m) BS-kP11-22-25-bs2464(909m),,provisional,400,,"国土地理院ベクトルタイル提供実験 地理院地図の車道の終点で徒歩道が始まる位置（35.012657, 136.321401）、標高495.4m。地理院地図の注記「綿向山麓の接触変質地帯」から475m。地理院地図の徒歩道で山頂まで約2.6km 2026-09-24確認 ｜ 登山記録で広く使われている登山口（登山記録・登山情報サイトで名称と利用を確認。公式情報では未確認） 2026-09-24確認",
TH-gsi-mizuo,trailhead,水尾（愛宕山登山口）,35.046696,135.626398,WGS84,593,愛宕山,日本三百名山|関西百名山,,登山記録で広く使われている登山口,,,,provisional,300,,"国土地理院ベクトルタイル提供実験 地理院地図の徒歩道が車道から始まる位置（35.046696, 135.626398）、標高305.6m。地理院地図の注記「嵯峨水尾宮ノ脇町」から62m。地理院地図の徒歩道で山頂まで約3.0km 2026-09-26確認 ｜ 登山記録で広く使われている登山口（登山記録・登山情報サイトで名称と利用を確認。公式情報では未確認） 2026-09-26確認",
TH-gsi-negorozaka,trailhead,根来坂登山口（上根来）,35.413086,135.792872,WGS84,485,百里ヶ岳,関西百名山,,登山記録で広く使われている登山口,,,,provisional,400,,"国土地理院ベクトルタイル提供実験 地理院地図の徒歩道が車道から始まる位置（35.413086, 135.792872）、標高316.8m。地理院地図の注記「上根来」から172m。地理院地図の徒歩道で山頂まで約4.2km 2026-09-24確認 ｜ 登山記録で広く使われている登山口（登山記録・登山情報サイトで名称と利用を確認。公式情報では未確認） 2026-09-24確認",
TH-gsi-odangenaru,trailhead,大段ヶ平登山口,35.341301,134.535861,WGS84,493,氷ノ山,日本二百名山|日本三百名山|関西百名山|中国百名山,大段ヶ平コース,公式情報による登山口,,,course=大段ヶ平コースは2.8km、登り約1時間40分（大段ヶ平登山口→神大ヒュッテ→山頂）（氷ノ山登山マップ）; registration=入山届は最寄りの施設または登山届提出所へ。下山したら下山届（電話でも可）を出す（氷ノ山登山マップ）,adopted,50,氷ノ山の登山コースは、若桜町の氷ノ越・仙谷・三ノ丸、宍粟市の殿下・坂の谷、養父市の氷ノ山越・東尾根・大段ヶ平。仙谷コースは上級者向けで下山には使えない（氷ノ山登山マップ）,"国土地理院ベクトルタイル提供実験 地理院地図の徒歩道が林道から始まる位置（35.341301, 134.535861）。国土地理院 地名検索「大段ヶ平」（35.340562, 134.537956、JGD2011、207m差）2026-09-22確認 ｜ 公式情報: https://www.pref.tottori.lg.jp/secure/973724/hyounosenmapJap.pdf",2026-09-22
TH-gsi-onitake-inari,trailhead,鬼嶽稲荷神社（大江山 千丈ヶ嶽）,35.447897,135.111998,WGS84,462,大江山,関西百名山,,登山記録で広く使われている登山口,,,,provisional,150,,"国土地理院ベクトルタイル提供実験 地理院地図の注記「鬼嶽稲荷神社」の位置（35.447897, 135.111998） 2026-09-24確認 ｜ 登山記録で広く使われている登山口（登山記録・登山情報サイトで名称と利用を確認。公式情報では未確認） 2026-09-24確認",
TH-gsi-oto-shizugatake,trailhead,大音登山口（賤ヶ岳リフト山麓）,35.502151,136.197794,WGS84,447,賤ヶ岳,関西百名山|東海の百山,,登山記録で広く使われている登山口,,PK-w1204565277(17m) BS-kP11-22-25-bs65(313m) BS-kP11-22-25-bs67(893m) BS-kP11-22-25-bs62(896m),,provisional,150,,"国土地理院ベクトルタイル提供実験 地理院地図の徒歩道が車道から始まる位置（35.502151, 136.197794）、標高131.6m。地理院地図の注記「木之本町大音」から96m。地理院地図の徒歩道で山頂まで約0.9km 2026-09-24確認 ｜ 登山記録で広く使われている登山口（登山記録・登山情報サイトで名称と利用を確認。公式情報では未確認） 2026-09-24確認",
TH-gsi-otoge-kogoyama,trailhead,大峠（古光山登山口）,34.497949,136.150421,WGS84,656,古光山,関西百名山,,登山記録で広く使われている登山口,,,,provisional,300,,"国土地理院ベクトルタイル提供実験 地理院地図の徒歩道が車道から始まる位置（34.497949, 136.150421）、標高727.3m。地理院地図の注記「みつえ高原牧場」から765m。地理院地図の徒歩道で山頂まで約0.9km 2026-09-26確認 ｜ 登山記録で広く使われている登山口（登山記録・登山情報サイトで名称と利用を確認。公式情報では未確認） 2026-09-24確認",
TH-gsi-otowasan-kannonji,trailhead,音羽山観音寺（音羽山登山口）,34.478786,135.879529,WGS84,663,音羽山,関西百名山,,登山記録で広く使われている登山口,,,,provisional,250,,"国土地理院ベクトルタイル提供実験 地理院地図の徒歩道が車道から始まる位置（34.478786, 135.879529）、標高581.7m。地理院地図の注記「善法寺」から61m。地理院地図の徒歩道で山頂まで約0.9km 2026-09-24確認 ｜ 登山記録で広く使われている登山口（登山記録・登山情報サイトで名称と利用を確認。公式情報では未確認） 2026-09-24確認",
TH-gsi-ryumon-yamaguchi,trailhead,竜門岳登山口（吉野山口神社の奥）,34.426664,135.892408,WGS84,670,竜門岳,日本三百名山,,登山記録で広く使われている登山口,,,,provisional,300,,"国土地理院ベクトルタイル提供実験 地理院地図の車道の終点で徒歩道が始まる位置（34.426664, 135.892408）。地理院地図の注記「大字山口」から482m。地理院地図の徒歩道で山頂まで約1.8km 2026-09-25確認 ｜ 登山記録で広く使われている登山口（登山記録・登山情報サイトで名称と利用を確認。公式情報では未確認） 2026-09-25確認",
TH-gsi-ryumonzan-sugihara,trailhead,龍門山登山口（杉原）,34.246051,135.408146,WGS84,704,龍門山,関西百名山,,登山記録で広く使われている登山口,,,,provisional,250,,"国土地理院ベクトルタイル提供実験 地理院地図の徒歩道が車道から始まる位置（34.246051, 135.408146）、標高381.3m。地理院地図の注記「杉原」から731m。地理院地図の徒歩道で山頂まで約1.3km 2026-09-24確認 ｜ 登山記録で広く使われている登山口（登山記録・登山情報サイトで名称と利用を確認。公式情報では未確認） 2026-09-24確認",
TH-gsi-saijinja,trailhead,狭井神社（三輪山登拝の受付）,34.531344,135.8549,WGS84,649,三輪山,関西百名山,三輪山登拝,公式情報による登山口,,PK-w690599817(306m) PK-w1124410592(457m) PK-g3452898_135843(1122m) BS-kP11-22-29-bs1393(523m) BS-kP11-22-29-bs1397(883m),restriction=登拝には摂社「狭井神社」での受付が必要。受付時間と下山報告の時刻は季節によって変わる（大神神社）,adopted,150,1月1日〜8日、2月17日、4月9日、4月18日、10月24日、11月23日、大祭日、荒天時などは登拝できない（大神神社）、体調不良の方や小さいお子様を連れた方、おおむね10名を超える団体の登拝は遠慮するよう求めている（大神神社）、マダニ・虻対策として服装等の対策を充分にして入山すること（大神神社）、登拝口の正確な位置は公式情報では未確認,"国土地理院ベクトルタイル提供実験 地理院地図の車道の終点で徒歩道が始まる位置（34.531344, 135.854900）、標高122.5m。地理院地図の注記「大神神社」から331m。地理院地図の徒歩道で山頂まで約1.2km 2026-09-24確認 ｜ 公式情報: https://oomiwa.or.jp/jinja/miwayama/tohai/",2026-09-24
TH-gsi-sakumonji,trailhead,作門寺山門前駐車場（七種山登山口）,35.006047,134.707072,WGS84,603,七種山,関西百名山,,公式情報による登山口,,,parking=作門寺山門前駐車場 5台、トイレあり（福崎町観光協会）; course=作門寺山門前駐車場（35分）七種の滝（40分）七種山山頂（福崎町観光協会・福崎町の山）,adopted,150,登山道には作門寺山門前以外にトイレはない（福崎町観光協会）,"福崎町観光協会「七種山登山マップ」の作門寺山門前駐車場の位置を、地図の七種山山頂と里山公園なぐさの森の位置から求めたもの（35.006047, 134.707072）、標高231.3m（国土地理院 標高API）。地理院地図の注記「七種川」から124m 2026-09-26確認 ｜ 公式情報: https://fukusakikankou.jp/wp-content/uploads/2024/04/%E4%B8%83%E7%A8%AE%E5%B1%B1%E7%99%BB%E5%B1%B1%E3%83%9E%E3%83%83%E3%83%97.pdf ｜ 公式情報: https://fukusaki-mountain.com/hiking-trail/4286/",2026-09-26
TH-gsi-shaka-tao,trailhead,太尾登山口（釈迦ヶ岳）,34.098186,135.872163,WGS84,722,釈迦ヶ岳,日本二百名山|日本三百名山|関西百名山,,登山記録で広く使われている登山口,,,,provisional,300,,"国土地理院ベクトルタイル提供実験 地理院地図の徒歩道が車道から始まる位置（34.098186, 135.872163）、標高1,304.7m。地理院地図の徒歩道で山頂まで約4.1km 2026-09-26確認 ｜ 登山記録で広く使われている登山口（登山記録・登山情報サイトで名称と利用を確認。公式情報では未確認） 2026-09-26確認",
TH-gsi-shiragadake-sumiyama,trailhead,白髪岳登山口（住山）,35.043551,135.140263,WGS84,600,白髪岳,関西百名山,,登山記録で広く使われている登山口,,,,provisional,300,,"国土地理院ベクトルタイル提供実験 地理院地図の徒歩道が車道から始まる位置（35.043551, 135.140263）、標高389.8m。地理院地図の注記「松尾山」から676m。地理院地図の徒歩道で山頂まで約1.0km 2026-09-24確認 ｜ 登山記録で広く使われている登山口（登山記録・登山情報サイトで名称と利用を確認。公式情報では未確認） 2026-09-24確認",
TH-gsi-suganami,trailhead,菅並登山口（七七頭ヶ岳）,35.593761,136.229004,WGS84,429,七七頭ヶ岳,関西百名山,,登山記録で広く使われている登山口,,BS-kP11-22-25-bs5(150m) BS-kP11-22-25-bs6(382m) BS-kP11-22-25-bs4(533m),,provisional,250,,"国土地理院ベクトルタイル提供実験 地理院地図の徒歩道が車道から始まる位置（35.593761, 136.229004）、標高210m。地理院地図の注記「余呉町菅並」から355m。地理院地図の徒歩道で山頂まで約1.7km 2026-09-24確認 ｜ 登山記録で広く使われている登山口（登山記録・登山情報サイトで名称と利用を確認。公式情報では未確認） 2026-09-24確認",
TH-gsi-taira-minako,trailhead,平登山口（皆子山）,35.198308,135.859396,WGS84,547,皆子山,関西百名山,,登山記録で広く使われている登山口,,BS-kP11-22-25-bs862(154m) BS-kP11-22-25-bs863(154m),,provisional,200,,"国土地理院ベクトルタイル提供実験 地理院地図の徒歩道が車道から始まる位置（35.198308, 135.859396）、標高469.4m。地理院地図の徒歩道で山頂まで約2.7km 2026-09-24確認 ｜ 登山記録で広く使われている登山口（登山記録・登山情報サイトで名称と利用を確認。公式情報では未確認） 2026-09-24確認",
TH-gsi-tsukinowa,trailhead,月輪寺登山口（愛宕山）,35.06369,135.648445,WGS84,593,愛宕山,日本三百名山|関西百名山,,登山記録で広く使われている登山口,,,,provisional,400,,"国土地理院ベクトルタイル提供実験 地理院地図の車道の終点で徒歩道が始まる位置（35.063690, 135.648445）、標高374.3m。地理院地図の注記「嵯峨清滝北谷町」から319m。地理院地図の徒歩道で山頂まで約2.9km 2026-09-26確認 ｜ 登山記録で広く使われている登山口（登山記録・登山情報サイトで名称と利用を確認。公式情報では未確認） 2026-09-26確認",
TH-gsi-wakasa-camp,trailhead,わかさ氷ノ山キャンプ場登山口（氷ノ山）,35.358606,134.495648,WGS84,493,氷ノ山,日本二百名山|日本三百名山|関西百名山|中国百名山,,登山記録で広く使われている登山口,,,,provisional,300,,"国土地理院ベクトルタイル提供実験 地理院地図の徒歩道が車道から始まる位置（35.358606, 134.495648）、標高924.6m。地理院地図の注記「大字舂米」から741m。地理院地図の徒歩道で山頂まで約3.1km 2026-09-26確認 ｜ 登山記録で広く使われている登山口（登山記録・登山情報サイトで名称と利用を確認。公式情報では未確認） 2026-09-26確認",
TH-gsi-yabata,trailhead,依遅ヶ尾山登山口（矢畑）,35.726887,135.123285,WGS84,401,依遅ヶ尾山,関西百名山,,登山記録で広く使われている登山口,,,,provisional,300,,"国土地理院ベクトルタイル提供実験 地理院地図の車道の終点で徒歩道が始まる位置（35.726887, 135.123285）、標高148.5m。地理院地図の注記「丹後町矢畑」から116m 2026-09-24確認 ｜ 登山記録で広く使われている登山口（登山記録・登山情報サイトで名称と利用を確認。公式情報では未確認） 2026-09-24確認",
TH-gsi-yakushinotaki,trailhead,薬師ノ滝登山口（蓬莱山 小女郎峠コース）,35.191776,135.891486,WGS84,544,蓬莱山,日本三百名山|関西百名山,,登山記録で広く使われている登山口,,,,provisional,400,,"国土地理院ベクトルタイル提供実験 地理院地図の徒歩道が車道から始まる位置（35.191776, 135.891486）、標高458m。地理院地図の注記「薬師ノ滝」から234m。地理院地図の徒歩道で山頂まで約2.8km 2026-09-26確認 ｜ 登山記録で広く使われている登山口（登山記録・登山情報サイトで名称と利用を確認。公式情報では未確認） 2026-09-26確認",
TH-kP11-22-21-bs6237,trailhead,西山コミュニティ前,35.2643582,136.4413276,WGS84,518,霊仙山,関西百名山|東海の百山,,駐車場・バス停（林道・車道を経由して登山道へ）,霊仙山:10.39km,BS-kP11-22-21-bs6237(0m) BS-kP11-22-21-bs6256(813m),,provisional,15,林道からの入口（マイカー進入可否を要確認）、公式情報または2情報源での確認が必要,"国土数値情報（バス停留所データ）令和4年度（国土交通省）P11-22-21-bs6237（JGD2011）を加工して作成 ｜ OpenStreetMap（© OpenStreetMap contributors, ODbL 1.0）Geofabrik japan-latest.osm.pbf 2026-09-23T20:22:04Z node/1287808991（登山道と道路の接続点）",
TH-kP11-22-24-bs636,trailhead,栃谷,35.018255,136.4601827,WGS84,585 589 595 601 602 607 609 611,三池岳、釈迦ヶ岳、尾高山、雨乞岳、御在所岳、鎌ヶ岳、入道ヶ岳、宮指路岳,東海の百山|日本二百名山|日本三百名山|関西百名山,OSM登山道「東海自然歩道」,駐車場・バス停（林道・車道を経由して登山道へ）,三池岳:15.3km 釈迦ヶ岳:12.09km 尾高山:15.09km 雨乞岳:11.69km 御在所岳:7.16km 鎌ヶ岳:10.01km 入道ヶ岳:15.19km 宮指路岳:15.67km,BS-kP11-22-24-bs636(0m) BS-kP11-22-24-bs638(278m) BS-kP11-22-24-bs645(451m),,provisional,15,近くの道路にゲートあり（車両通行止め・季節閉鎖の可能性）、林道からの入口（マイカー進入可否を要確認）、公式情報または2情報源での確認が必要,"国土数値情報（バス停留所データ）令和4年度（国土交通省）P11-22-24-bs636（JGD2011）を加工して作成 ｜ OpenStreetMap（© OpenStreetMap contributors, ODbL 1.0）Geofabrik japan-latest.osm.pbf 2026-09-23T20:22:04Z node/13533635563（登山道と道路の接続点）",
TH-kP11-22-25-bs18,trailhead,杉野農協前,35.5626433,136.2594795,WGS84,425,横山岳,関西百名山,,駐車場・バス停（林道・車道を経由して登山道へ）,横山岳:5.32km,PK-w1314848816(25m) BS-kP11-22-25-bs18(0m) BS-kP11-22-25-bs16(280m) BS-kP11-22-25-bs21(908m),,provisional,15,林道からの入口（マイカー進入可否を要確認）、公式情報または2情報源での確認が必要,"国土数値情報（バス停留所データ）令和4年度（国土交通省）P11-22-25-bs18（JGD2011）を加工して作成 ｜ OpenStreetMap（© OpenStreetMap contributors, ODbL 1.0）Geofabrik japan-latest.osm.pbf 2026-09-23T20:22:04Z node/12169870404（登山道と道路の接続点）",
TH-kP11-22-25-bs274,trailhead,木地山（百里ヶ岳 木地山峠経由）,35.3952853,135.8386275,WGS84,485,百里ヶ岳,関西百名山,,駐車場・バス停（林道・車道を経由して登山道へ）,百里ヶ岳:4.39km,BS-kP11-22-25-bs274(0m),,provisional,15,林道からの入口（マイカー進入可否を要確認）、公式情報または2情報源での確認が必要,"国土数値情報（バス停留所データ）令和4年度（国土交通省）P11-22-25-bs274（JGD2011）を加工して作成 ｜ OpenStreetMap（© OpenStreetMap contributors, ODbL 1.0）Geofabrik japan-latest.osm.pbf 2026-09-23T20:22:04Z node/1383095949（登山道と道路の接続点） ｜ 登山記録で広く使われている登山口（登山記録・登山情報サイトで名称と利用を確認。公式情報では未確認） 2026-09-24確認",
TH-kP11-22-25-bs42,trailhead,下余呉南,35.530627,136.2100564,WGS84,447,賤ヶ岳,関西百名山|東海の百山,,駐車場・バス停（林道・車道を経由して登山道へ）,賤ヶ岳:3.81km,BS-kP11-22-25-bs42(0m) BS-kP11-22-25-bs39(366m) BS-kP11-22-25-bs44(651m),,provisional,15,林道からの入口（マイカー進入可否を要確認）、公式情報または2情報源での確認が必要,"国土数値情報（バス停留所データ）令和4年度（国土交通省）P11-22-25-bs42（JGD2011）を加工して作成 ｜ OpenStreetMap（© OpenStreetMap contributors, ODbL 1.0）Geofabrik japan-latest.osm.pbf 2026-09-23T20:22:04Z node/1686916643（登山道と道路の接続点）",
TH-kP11-22-25-bs578,trailhead,朽木大野,35.3212201,135.896839,WGS84,509 522,蛇谷ヶ峰、武奈ヶ岳,関西百名山|日本二百名山|日本三百名山,,駐車場・バス停（林道・車道を経由して登山道へ）,蛇谷ヶ峰:3.21km 武奈ヶ岳:11.76km,BS-kP11-22-25-bs578(0m) BS-kP11-22-25-bs579(0m) BS-kP11-22-25-bs561(574m),,provisional,15,林道からの入口（マイカー進入可否を要確認）、公式情報または2情報源での確認が必要,"国土数値情報（バス停留所データ）令和4年度（国土交通省）P11-22-25-bs578（JGD2011）を加工して作成 ｜ OpenStreetMap（© OpenStreetMap contributors, ODbL 1.0）Geofabrik japan-latest.osm.pbf 2026-09-23T20:22:04Z node/1384631669（登山道と道路の接続点）",
TH-kP11-22-25-bs862,trailhead,平,35.1979913,135.8610427,WGS84,522 544 547,武奈ヶ岳、蓬莱山、皆子山,日本二百名山|日本三百名山|関西百名山,,駐車場・バス停（林道・車道を経由して登山道へ）,武奈ヶ岳:13.72km 蓬莱山:5.2km 皆子山:2.73km,BS-kP11-22-25-bs862(0m) BS-kP11-22-25-bs863(0m),,provisional,15,近くの道路にゲートあり（車両通行止め・季節閉鎖の可能性）、林道からの入口（マイカー進入可否を要確認）、公式情報または2情報源での確認が必要,"国土数値情報（バス停留所データ）令和4年度（国土交通省）P11-22-25-bs862（JGD2011）を加工して作成 ｜ OpenStreetMap（© OpenStreetMap contributors, ODbL 1.0）Geofabrik japan-latest.osm.pbf 2026-09-23T20:22:04Z node/3949881294（登山道と道路の接続点）",
TH-kP11-22-25-bs944,trailhead,上龍華,35.1606542,135.8783868,WGS84,544,蓬莱山,日本三百名山|関西百名山,,駐車場・バス停（林道・車道を経由して登山道へ）,蓬莱山:7.76km,BS-kP11-22-25-bs944(0m) BS-kP11-22-25-bs962(591m) BS-kP11-22-25-bs953(867m),,provisional,15,林道からの入口（マイカー進入可否を要確認）、公式情報または2情報源での確認が必要,"国土数値情報（バス停留所データ）令和4年度（国土交通省）P11-22-25-bs944（JGD2011）を加工して作成 ｜ OpenStreetMap（© OpenStreetMap contributors, ODbL 1.0）Geofabrik japan-latest.osm.pbf 2026-09-23T20:22:04Z node/971410227（登山道と道路の接続点）",
TH-kP11-22-27-bs5347,trailhead,滝畑ダム,34.3789841,135.5223043,WGS84,681,岩湧山,関西百名山,OSM登山道「ダイヤモンドトレール」,駐車場・バス停（林道・車道を経由して登山道へ）,岩湧山:3.99km,PK-w751249008(298m) BS-kP11-22-27-bs5347(0m) BS-kP11-22-27-bs5348(0m) BS-kP11-22-27-bs5325(617m),,provisional,15,林道からの入口（マイカー進入可否を要確認）、公式情報または2情報源での確認が必要,"国土数値情報（バス停留所データ）令和4年度（国土交通省）P11-22-27-bs5347（JGD2011）を加工して作成 ｜ OpenStreetMap（© OpenStreetMap contributors, ODbL 1.0）Geofabrik japan-latest.osm.pbf 2026-09-23T20:22:04Z node/1576726350（登山道と道路の接続点）",
TH-kP11-22-28-bs1800,trailhead,栗柄奥,35.134532,135.2253646,WGS84,576,三嶽,関西百名山,,駐車場・バス停（林道・車道を経由して登山道へ）,三嶽:2.28km,BS-kP11-22-28-bs1800(0m) BS-kP11-22-28-bs1801(370m) BS-kP11-22-28-bs1819(924m),,provisional,15,公式情報または2情報源での確認が必要,"国土数値情報（バス停留所データ）令和4年度（国土交通省）P11-22-28-bs1800（JGD2011）を加工して作成 ｜ OpenStreetMap（© OpenStreetMap contributors, ODbL 1.0）Geofabrik japan-latest.osm.pbf 2026-09-23T20:22:04Z node/2023997998（登山道と道路の接続点）",
TH-kP11-22-28-bs2384,trailhead,味間奥中,35.0626024,135.1414414,WGS84,600,白髪岳,関西百名山,,駐車場・バス停（林道・車道を経由して登山道へ）,白髪岳:2.72km,BS-kP11-22-28-bs2384(0m) BS-kP11-22-28-bs2389(507m) BS-kP11-22-28-bs2367(652m),,provisional,15,林道からの入口（マイカー進入可否を要確認）、公式情報または2情報源での確認が必要,"国土数値情報（バス停留所データ）令和4年度（国土交通省）P11-22-28-bs2384（JGD2011）を加工して作成 ｜ OpenStreetMap（© OpenStreetMap contributors, ODbL 1.0）Geofabrik japan-latest.osm.pbf 2026-09-23T20:22:04Z node/2023951661（登山道と道路の接続点）",
TH-kP11-22-28-bs5568,trailhead,淡河本町南,34.8125814,135.0989325,WGS84,627,帝釈山,関西百名山,,駐車場・バス停（林道・車道を経由して登山道へ）,帝釈山:3.69km,BS-kP11-22-28-bs5568(0m) BS-kP11-22-28-bs5537(144m) BS-kP11-22-28-bs5523(225m),,provisional,15,林道からの入口（マイカー進入可否を要確認）、公式情報または2情報源での確認が必要,"国土数値情報（バス停留所データ）令和4年度（国土交通省）P11-22-28-bs5568（JGD2011）を加工して作成 ｜ OpenStreetMap（© OpenStreetMap contributors, ODbL 1.0）Geofabrik japan-latest.osm.pbf 2026-09-23T20:22:04Z node/1842674770（登山道と道路の接続点）",
TH-kP11-22-28-bs5722,trailhead,鹿島神社,34.8069739,134.7775464,WGS84,624,高御位山,関西百名山,,駐車場・バス停（林道・車道を経由して登山道へ）,高御位山:2.53km,PK-n2604549387(39m) PK-n2604549382(43m) PK-w1124722863(45m) BS-kP11-22-28-bs5722(0m) BS-n11134002585(301m) BS-n11128964322(303m),,provisional,15,近くの道路にゲートあり（車両通行止め・季節閉鎖の可能性）、公式情報または2情報源での確認が必要,"国土数値情報（バス停留所データ）令和4年度（国土交通省）P11-22-28-bs5722（JGD2011）を加工して作成 ｜ OpenStreetMap（© OpenStreetMap contributors, ODbL 1.0）Geofabrik japan-latest.osm.pbf 2026-09-23T20:22:04Z node/1342300261（登山道と道路の接続点）",
TH-kP11-22-28-bs7073,trailhead,六甲山牧場,34.7519374,135.2086562,WGS84,633,摩耶山,関西百名山,,駐車場・バス停（林道・車道を経由して登山道へ）,摩耶山:3.94km,PK-w1488906578(84m) PK-w822811696(139m) PK-w822811695(182m) BS-kP11-22-28-bs7073(0m) BS-kP11-22-28-bs7073(0m) BS-kP11-22-28-bs7073(0m),,provisional,15,近くの道路にゲートあり（車両通行止め・季節閉鎖の可能性）、公式情報または2情報源での確認が必要,"国土数値情報（バス停留所データ）令和4年度（国土交通省）P11-22-28-bs7073（JGD2011）を加工して作成 ｜ OpenStreetMap（© OpenStreetMap contributors, ODbL 1.0）Geofabrik japan-latest.osm.pbf 2026-09-23T20:22:04Z node/1842364171（登山道と道路の接続点）",
TH-kP11-22-29-bs1283,trailhead,晴実台,34.5456876,135.6672559,WGS84,653,二上山,関西百名山,,駐車場・バス停（林道・車道を経由して登山道へ）,二上山:3.38km,PK-w454304211(327m) PK-w1133649948(464m) PK-w1133649930(486m) BS-kP11-22-29-bs1283(0m) BS-kP11-22-29-bs1291(546m) BS-kP11-22-29-bs1230(843m),,provisional,15,公式情報または2情報源での確認が必要,"国土数値情報（バス停留所データ）令和4年度（国土交通省）P11-22-29-bs1283（JGD2011）を加工して作成 ｜ OpenStreetMap（© OpenStreetMap contributors, ODbL 1.0）Geofabrik japan-latest.osm.pbf 2026-09-23T20:22:04Z node/1769518895（登山道と道路の接続点）",
TH-kP11-22-29-bs1327,trailhead,二上小学校前,34.5396066,135.6872771,WGS84,653,二上山,関西百名山,,駐車場・バス停（林道・車道を経由して登山道へ）,二上山:2.17km,BS-kP11-22-29-bs1327(0m) BS-kP11-22-29-bs1306(734m) BS-kP11-22-29-bs1273(784m),,provisional,15,公式情報または2情報源での確認が必要,"国土数値情報（バス停留所データ）令和4年度（国土交通省）P11-22-29-bs1327（JGD2011）を加工して作成 ｜ OpenStreetMap（© OpenStreetMap contributors, ODbL 1.0）Geofabrik japan-latest.osm.pbf 2026-09-23T20:22:04Z node/1769518695（登山道と道路の接続点） ｜ 国土地理院 地名検索「二上山駅」（34.538701, 135.686400、JGD2011、128m差）2026-09-20確認",2026-09-20
TH-kP11-22-29-bs1625,trailhead,太田,34.4964911,135.703777,WGS84,667,大和葛城山,日本三百名山|関西百名山,,駐車場・バス停（林道・車道を経由して登山道へ）,大和葛城山:7.08km,PK-w864497477(166m) PK-w864497475(185m) BS-kP11-22-29-bs1625(0m) BS-kP11-22-29-bs1632(124m) BS-kP11-22-29-bs1620(169m),,provisional,15,林道からの入口（マイカー進入可否を要確認）、公式情報または2情報源での確認が必要,"国土数値情報（バス停留所データ）令和4年度（国土交通省）P11-22-29-bs1625（JGD2011）を加工して作成 ｜ OpenStreetMap（© OpenStreetMap contributors, ODbL 1.0）Geofabrik japan-latest.osm.pbf 2026-09-23T20:22:04Z node/1736309027（登山道と道路の接続点） ｜ 国土地理院 地名検索「奈良県葛城市太田」（34.496246, 135.702438、JGD2011、126m差）2026-09-20確認",2026-09-20
TH-kP11-22-29-bs2491,trailhead,伯母谷口,34.2645432,136.0041417,WGS84,700 705 710 714,山上ヶ岳、稲村ヶ岳、大普賢岳、行者還岳,日本三百名山|関西百名山,,駐車場・バス停（林道・車道を経由して登山道へ）,山上ヶ岳:10.07km 稲村ヶ岳:13.47km 大普賢岳:8.91km 行者還岳:12.61km,BS-kP11-22-29-bs2491(0m) BS-kP11-22-29-bs2492(0m),,provisional,15,公式情報または2情報源での確認が必要,"国土数値情報（バス停留所データ）令和4年度（国土交通省）P11-22-29-bs2491（JGD2011）を加工して作成 ｜ OpenStreetMap（© OpenStreetMap contributors, ODbL 1.0）Geofabrik japan-latest.osm.pbf 2026-09-23T20:22:04Z node/9676825395（登山道と道路の接続点）",
TH-kP11-22-29-bs2533,trailhead,高田和,34.20376,135.9981131,WGS84,700 705 710 714 719,山上ヶ岳、稲村ヶ岳、大普賢岳、行者還岳、大峰山,日本三百名山|関西百名山|日本百名山|日本二百名山,,駐車場・バス停（林道・車道を経由して登山道へ）,山上ヶ岳:10.01km 稲村ヶ岳:13.41km 大普賢岳:5.13km 行者還岳:8.12km 大峰山:15.58km,BS-kP11-22-29-bs2533(0m),,provisional,15,公式情報または2情報源での確認が必要,"国土数値情報（バス停留所データ）令和4年度（国土交通省）P11-22-29-bs2533（JGD2011）を加工して作成 ｜ OpenStreetMap（© OpenStreetMap contributors, ODbL 1.0）Geofabrik japan-latest.osm.pbf 2026-09-23T20:22:04Z node/1406008639（登山道と道路の接続点） ｜ 国土地理院 地名検索「高田和谷」（34.204814, 135.998434、JGD2011、120m差）2026-09-20確認",2026-09-20
TH-kP11-22-29-bs2841,trailhead,竹谷,33.9319339,135.6573535,WGS84,759,冷水山,関西百名山,,駐車場・バス停（林道・車道を経由して登山道へ）,冷水山:8.8km,BS-kP11-22-29-bs2841(0m) BS-kP11-22-29-bs2840(236m) BS-kP11-22-29-bs2837(423m),,provisional,15,林道からの入口（マイカー進入可否を要確認）、公式情報または2情報源での確認が必要,"国土数値情報（バス停留所データ）令和4年度（国土交通省）P11-22-29-bs2841（JGD2011）を加工して作成 ｜ OpenStreetMap（© OpenStreetMap contributors, ODbL 1.0）Geofabrik japan-latest.osm.pbf 2026-09-23T20:22:04Z node/1405423870（登山道と道路の接続点）",
TH-kP11-22-29-bs2849,trailhead,入谷口,33.9306695,135.6778378,WGS84,759,冷水山,関西百名山,,駐車場・バス停（林道・車道を経由して登山道へ）,冷水山:8.0km,BS-kP11-22-29-bs2849(0m) BS-kP11-22-29-bs2851(245m) BS-kP11-22-29-bs2852(815m),,provisional,15,林道からの入口（マイカー進入可否を要確認）、公式情報または2情報源での確認が必要,"国土数値情報（バス停留所データ）令和4年度（国土交通省）P11-22-29-bs2849（JGD2011）を加工して作成 ｜ OpenStreetMap（© OpenStreetMap contributors, ODbL 1.0）Geofabrik japan-latest.osm.pbf 2026-09-23T20:22:04Z node/1405423450（登山道と道路の接続点）",
TH-kP11-22-29-bs447,trailhead,門前町南,34.6817947,135.6912071,WGS84,635,生駒山,関西百名山,,駐車場・バス停（林道・車道を経由して登山道へ）,生駒山:1.36km,PK-w1124754569(397m) PK-w1124754571(415m) PK-w1124754580(447m) BS-kP11-22-29-bs447(0m) BS-kP11-22-29-bs432(202m) BS-kP11-22-29-bs401(325m),,provisional,15,近くの道路にゲートあり（車両通行止め・季節閉鎖の可能性）、林道からの入口（マイカー進入可否を要確認）、公式情報または2情報源での確認が必要,"国土数値情報（バス停留所データ）令和4年度（国土交通省）P11-22-29-bs447（JGD2011）を加工して作成 ｜ OpenStreetMap（© OpenStreetMap contributors, ODbL 1.0）Geofabrik japan-latest.osm.pbf 2026-09-23T20:22:04Z node/7597052148（登山道と道路の接続点）",
TH-kP11-22-29-bs539,trailhead,鬼取町,34.6710737,135.6872642,WGS84,635,生駒山,関西百名山,,駐車場・バス停（林道・車道を経由して登山道へ）,生駒山:1.13km,PK-w819667483(171m) BS-kP11-22-29-bs539(0m) BS-kP11-22-29-bs531(313m) BS-kP11-22-29-bs561(400m),,provisional,15,近くの道路にゲートあり（車両通行止め・季節閉鎖の可能性）、林道からの入口（マイカー進入可否を要確認）、公式情報または2情報源での確認が必要,"国土数値情報（バス停留所データ）令和4年度（国土交通省）P11-22-29-bs539（JGD2011）を加工して作成 ｜ OpenStreetMap（© OpenStreetMap contributors, ODbL 1.0）Geofabrik japan-latest.osm.pbf 2026-09-23T20:22:04Z node/1870788136（登山道と道路の接続点）",
TH-ksj-P11-22-25-bs3396,trailhead,アルプス登山口（太神山）,34.931143,135.939803,WGS84,617,太神山,関西百名山,,登山記録で広く使われている登山口,,PK-w412361519(376m) PK-w412361505(401m) PK-w412361427(472m) BS-kP11-22-25-bs3396(0m) BS-kP11-22-25-bs3377(483m) BS-kP11-22-25-bs3386(538m),,provisional,100,,"国土数値情報（バス停留所データ）令和4年度（国土交通省）P11-22-25-bs3396（34.931143, 135.939803、JGD2011）を加工して作成。バス停「アルプス登山口」 ｜ 登山記録で広く使われている登山口（登山記録・登山情報サイトで名称と利用を確認。公式情報では未確認） 2026-09-24確認",
TH-ksj-P11-22-27-bs5379,trailhead,塔原（和泉葛城山 塔原ルート）,34.373965,135.42985,WGS84,689,和泉葛城山,関西百名山,,登山記録で広く使われている登山口,,BS-kP11-22-27-bs5379(0m) BS-kP11-22-27-bs5379(0m) BS-kP11-22-27-bs5379(0m),,provisional,50,,"国土数値情報（バス停留所データ）令和4年度（国土交通省）P11-22-27-bs5379（34.373965, 135.429850、JGD2011）を加工して作成。バス停「塔原」 ｜ 登山記録で広く使われている登山口（登山記録・登山情報サイトで名称と利用を確認。公式情報では未確認） 2026-09-24確認",
TH-ksj-P11-22-27-bs5382,trailhead,牛滝山（大威徳寺・和泉葛城山）,34.373342,135.448154,WGS84,689,和泉葛城山,関西百名山,,登山記録で広く使われている登山口,,PK-w751216860(141m) PK-w966705000(304m) BS-kP11-22-27-bs5382(0m) BS-kP11-22-27-bs5382(0m) BS-kP11-22-27-bs5359(372m),,provisional,50,,"国土数値情報（バス停留所データ）令和4年度（国土交通省）P11-22-27-bs5382（34.373342, 135.448154、JGD2011）を加工して作成。バス停「牛滝山」 ｜ 登山記録で広く使われている登山口（登山記録・登山情報サイトで名称と利用を確認。公式情報では未確認） 2026-09-24確認",
TH-ksj-P11-22-27-bs5402,trailhead,蕎原（和泉葛城山 蕎原ルート）,34.370113,135.42119,WGS84,689,和泉葛城山,関西百名山,,登山記録で広く使われている登山口,,BS-kP11-22-27-bs5402(0m) BS-kP11-22-27-bs5396(289m) BS-kP11-22-27-bs5391(655m),,provisional,50,,"国土数値情報（バス停留所データ）令和4年度（国土交通省）P11-22-27-bs5402（34.370113, 135.421190、JGD2011）を加工して作成。バス停「蕎原」 ｜ 登山記録で広く使われている登山口（登山記録・登山情報サイトで名称と利用を確認。公式情報では未確認） 2026-09-24確認",
TH-ksj-P11-22-28-bs6776,trailhead,丹生神社前（丹生山・帝釈山登山口）,34.763831,135.115904,WGS84,627,帝釈山,関西百名山,,登山記録で広く使われている登山口,,BS-kP11-22-28-bs6776(0m) BS-kP11-22-28-bs6776(0m) BS-kP11-22-28-bs6801(447m),,provisional,300,,"国土数値情報（バス停留所データ）令和4年度（国土交通省）P11-22-28-bs6776（34.763831, 135.115904、JGD2011）を加工して作成。バス停「丹生神社前」 ｜ 登山記録で広く使われている登山口（登山記録・登山情報サイトで名称と利用を確認。公式情報では未確認） 2026-09-24確認",
TH-ksj-P11-22-30-bs739,trailhead,奥の院前（高野三山・楊柳山）,34.216345,135.603699,WGS84,706,楊柳山,関西百名山,,登山記録で広く使われている登山口,,PK-w495079042(84m) PK-w1217373267(111m) PK-w517047281(243m) BS-kP11-22-30-bs739(0m) BS-kP11-22-30-bs740(0m) BS-kP11-22-30-bs734(430m),,provisional,50,,"国土数値情報（バス停留所データ）令和4年度（国土交通省）P11-22-30-bs739（34.216345, 135.603699、JGD2011）を加工して作成。バス停「奥の院前」 ｜ 登山記録で広く使われている登山口（登山記録・登山情報サイトで名称と利用を確認。公式情報では未確認） 2026-09-24確認",
TH-n10020156947,trailhead,白の平オートキャンプ場,34.2684743,135.8872714,WGS84,700 705 710,山上ヶ岳、稲村ヶ岳、大普賢岳,日本三百名山|関西百名山,,施設（山小屋・宿・キャンプ場）からの入口,山上ヶ岳:7.84km 稲村ヶ岳:6.44km 大普賢岳:12.85km,BS-kP11-22-29-bs2488(945m) BS-kP11-22-29-bs2488(945m),,provisional,15,公式情報または2情報源での確認が必要,"OpenStreetMap（© OpenStreetMap contributors, ODbL 1.0）Geofabrik japan-latest.osm.pbf 2026-09-23T20:22:04Z node/10020156947",
TH-n10032579370,trailhead,（名称未確認）,34.9271907,135.4681903,WGS84,615,妙見山,関西百名山,,一般道との接続,妙見山:0.2km,PK-w207202978(124m),,provisional,30,名称未確認、公式情報または2情報源での確認が必要,"OpenStreetMap（© OpenStreetMap contributors, ODbL 1.0）Geofabrik japan-latest.osm.pbf 2026-09-23T20:22:04Z node/10032579370（登山道と道路の接続点）",
TH-n10076853181,trailhead,布子谷,35.0203513,135.4049022,WGS84,606,剣尾山,関西百名山,,駐車場・バス停（林道・車道を経由して登山道へ）,剣尾山:1.96km,BS-kP11-22-26-bs2380(24m) BS-kP11-22-26-bs2353(374m) BS-kP11-22-26-bs2353(374m),,provisional,15,林道からの入口（マイカー進入可否を要確認）、公式情報または2情報源での確認が必要,"OpenStreetMap（© OpenStreetMap contributors, ODbL 1.0）Geofabrik japan-latest.osm.pbf 2026-09-23T20:22:04Z node/10076853181 ｜ OpenStreetMap（© OpenStreetMap contributors, ODbL 1.0）Geofabrik japan-latest.osm.pbf 2026-09-23T20:22:04Z node/1344142068（登山道と道路の接続点）",
TH-n10285434199,trailhead,（名称未確認）清風寺バス停付近,34.6823485,135.6796664,WGS84,635,生駒山,関西百名山,,道路の終点付近,生駒山:1.39km,PK-w200291034(105m) BS-kP11-22-29-bs432(896m) BS-kP11-22-29-bs393(900m) BS-kP11-22-29-bs379(997m),,provisional,30,名称未確認、近くの道路にゲートあり（車両通行止め・季節閉鎖の可能性）、公式情報または2情報源での確認が必要,"OpenStreetMap（© OpenStreetMap contributors, ODbL 1.0）Geofabrik japan-latest.osm.pbf 2026-09-23T20:22:04Z node/10285434199（登山道と道路の接続点） ｜ 国土地理院 地名検索「生駒山上駅」（34.682206, 135.680475、JGD2011、76m差）2026-09-20確認",2026-09-20
TH-n10294782453,trailhead,（名称未確認）第二駐車場付近,35.0650659,135.8411601,WGS84,590,比叡山,日本三百名山|関西百名山,,一般道（県道以上）との接続,比叡山:2.03km,PK-w403442664(413m) PK-w403291882(422m) BS-kP11-22-25-bs1841(200m) BS-kP11-22-25-bs1841(200m) BS-kP11-22-25-bs1842(200m),,provisional,30,名称未確認、近くの道路にゲートあり（車両通行止め・季節閉鎖の可能性）、公式情報または2情報源での確認が必要,"OpenStreetMap（© OpenStreetMap contributors, ODbL 1.0）Geofabrik japan-latest.osm.pbf 2026-09-23T20:22:04Z node/10294782453（登山道と道路の接続点）",
TH-n10564749945,trailhead,（名称未確認）朽木栃生バス停付近,35.2919152,135.8840722,WGS84,509,蛇谷ヶ峰,関西百名山,,一般道（県道以上）との接続,蛇谷ヶ峰:8.81km,BS-kP11-22-25-bs641(104m) BS-kP11-22-25-bs642(104m) BS-kP11-22-25-bs645(264m),,provisional,30,名称未確認、公式情報または2情報源での確認が必要,"OpenStreetMap（© OpenStreetMap contributors, ODbL 1.0）Geofabrik japan-latest.osm.pbf 2026-09-23T20:22:04Z node/10564749945（登山道と道路の接続点）",
TH-n10567856706,trailhead,竹内峠,34.515272,135.6777224,WGS84,653,二上山,関西百名山,,峠（道路との接続）,二上山:1.39km,PK-w1150167023(346m),,adopted,30,登山道が道路を横断する地点（途中の入口の可能性）、近くの道路にゲートあり（車両通行止め・季節閉鎖の可能性）,"OpenStreetMap（© OpenStreetMap contributors, ODbL 1.0）Geofabrik japan-latest.osm.pbf 2026-09-23T20:22:04Z node/10567856706（登山道と道路の接続点） ｜ 国土地理院 地名検索「竹内峠」（34.515685, 135.676942、JGD2011、85m差）2026-09-20確認",2026-09-20
TH-n10569706238,trailhead,（名称未確認）,35.1930469,135.8487379,WGS84,547,皆子山,関西百名山,,道路の終点付近,皆子山:1.75km,,,candidate,30,名称未確認、近くの道路にゲートあり（車両通行止め・季節閉鎖の可能性）、林道からの入口（マイカー進入可否を要確認）、公式情報または2情報源での確認が必要,"OpenStreetMap（© OpenStreetMap contributors, ODbL 1.0）Geofabrik japan-latest.osm.pbf 2026-09-23T20:22:04Z node/10569706238（登山道と道路の接続点）",
TH-n10856110499,trailhead,佐土新,34.8180511,134.752982,WGS84,624,高御位山,関西百名山,,駐車場・バス停（林道・車道を経由して登山道へ）,高御位山:5.19km,BS-kP11-22-28-bs5438(5m) BS-kP11-22-28-bs5438(5m) BS-kP11-22-28-bs5372(395m),,provisional,15,近くの道路にゲートあり（車両通行止め・季節閉鎖の可能性）、林道からの入口（マイカー進入可否を要確認）、公式情報または2情報源での確認が必要,"OpenStreetMap（© OpenStreetMap contributors, ODbL 1.0）Geofabrik japan-latest.osm.pbf 2026-09-23T20:22:04Z node/10856110499 ｜ OpenStreetMap（© OpenStreetMap contributors, ODbL 1.0）Geofabrik japan-latest.osm.pbf 2026-09-23T20:22:04Z node/1342305135（登山道と道路の接続点）",
TH-n10879954436,trailhead,akippa駐車場,34.5289871,135.9029603,WGS84,649,三輪山,関西百名山,,駐車場・バス停（林道・車道を経由して登山道へ）,三輪山:3.95km,PK-n10879954436(0m) PK-w1170445467(95m) PK-w1170445473(114m) BS-kP11-22-29-bs1389(123m) BS-kP11-22-29-bs1389(123m) BS-n6563997486(130m),,provisional,15,公式情報または2情報源での確認が必要,"OpenStreetMap（© OpenStreetMap contributors, ODbL 1.0）Geofabrik japan-latest.osm.pbf 2026-09-23T20:22:04Z node/10879954436 ｜ OpenStreetMap（© OpenStreetMap contributors, ODbL 1.0）Geofabrik japan-latest.osm.pbf 2026-09-23T20:22:04Z node/1816959657（登山道と道路の接続点）",
TH-n10961407962,trailhead,天川川合（弥山・八経ヶ岳 川合コース登山口）,34.2434933,135.8558928,WGS84,719,大峰山,日本百名山|日本二百名山|日本三百名山|関西百名山,OSM登山道「川合弥山登山コース」、天川川合コース,一般道との接続,大峰山:11.1km,PK-w1215779998(194m) PK-w1215780009(274m) PK-w1215780007(355m) BS-kP11-22-29-bs2502(253m) BS-kP11-22-29-bs2502(253m) BS-kP11-22-29-bs2502(253m),bus=近鉄下市口駅から奈良交通バス 天川川合下車,adopted,15,登山道が道路を横断する地点（途中の入口の可能性）、川合八経ヶ岳コースの起点。奈良交通バス天川川合で下車する（天川村）,"OpenStreetMap（© OpenStreetMap contributors, ODbL 1.0）Geofabrik japan-latest.osm.pbf 2026-09-23T20:22:04Z node/10961407962（登山道と道路の接続点） ｜ 公式情報: https://www.vill.tenkawa.nara.jp/tourism/spot/5189/",2026-09-20
TH-n11279773266,trailhead,（名称未確認）護摩壇山バス停付近,34.0538875,135.562952,WGS84,729,護摩壇山,日本三百名山|関西百名山,,一般道（県道以上）との接続,護摩壇山:0.61km,PK-w1217370003(22m) BS-kP11-22-30-bs1504(844m) BS-kP11-22-30-bs1505(844m),,provisional,30,名称未確認、登山道が道路を横断する地点（途中の入口の可能性）、公式情報または2情報源での確認が必要,"OpenStreetMap（© OpenStreetMap contributors, ODbL 1.0）Geofabrik japan-latest.osm.pbf 2026-09-23T20:22:04Z node/11279773266（登山道と道路の接続点）",
TH-n11404334582,trailhead,（名称未確認）三井のリパーク付近,34.6592757,135.145459,WGS84,637,横尾山,関西百名山,OSM登山道「新長田駅北１２０号線」,一般道との接続,横尾山:5.52km,PK-w1083378475(50m) PK-w1230735871(57m) PK-w1083378474(66m) BS-kP11-22-28-bs9343(281m) BS-kP11-22-28-bs9343(281m) BS-kP11-22-28-bs9406(290m),,provisional,30,名称未確認、近くの道路にゲートあり（車両通行止め・季節閉鎖の可能性）、公式情報または2情報源での確認が必要,"OpenStreetMap（© OpenStreetMap contributors, ODbL 1.0）Geofabrik japan-latest.osm.pbf 2026-09-23T20:22:04Z node/11404334582（登山道と道路の接続点） ｜ 国土地理院 地名検索「長田郵便局」（34.659422, 135.145102、JGD2011、36m差）2026-09-20確認",2026-09-20
TH-n11411017079,trailhead,ホテルウィングインターナショナル,34.655789,135.1455776,WGS84,637,横尾山,関西百名山,OSM登山道「国鉄沿長田須磨線」、OSM登山道「腕塚町歩道橋」,施設（山小屋・宿・キャンプ場）からの入口,横尾山:5.29km,PK-w1230457124(91m) PK-w1230457122(112m) PK-w1230457134(196m) BS-kP11-22-28-bs9406(108m) BS-kP11-22-28-bs9406(108m) BS-kP11-22-28-bs9406(108m),,provisional,15,近くの道路にゲートあり（車両通行止め・季節閉鎖の可能性）、公式情報または2情報源での確認が必要,"OpenStreetMap（© OpenStreetMap contributors, ODbL 1.0）Geofabrik japan-latest.osm.pbf 2026-09-23T20:22:04Z node/11411017079 ｜ 国土地理院 地名検索「新長田駅前郵便局」（34.655844, 135.146327、JGD2011、69m差）2026-09-20確認",2026-09-20
TH-n11416798863,trailhead,東下,34.7643976,135.1236612,WGS84,627,帝釈山,関西百名山,,駐車場・バス停（林道・車道を経由して登山道へ）,帝釈山:2.72km,BS-kP11-22-28-bs6764(10m) BS-kP11-22-28-bs6764(10m) BS-kP11-22-28-bs6801(303m),,provisional,15,林道からの入口（マイカー進入可否を要確認）、公式情報または2情報源での確認が必要,"OpenStreetMap（© OpenStreetMap contributors, ODbL 1.0）Geofabrik japan-latest.osm.pbf 2026-09-23T20:22:04Z node/11416798863 ｜ OpenStreetMap（© OpenStreetMap contributors, ODbL 1.0）Geofabrik japan-latest.osm.pbf 2026-09-23T20:22:04Z node/1842371571（登山道と道路の接続点）",
TH-n11482107528,trailhead,（名称未確認）,34.9292816,135.4703768,WGS84,615,妙見山,関西百名山,,一般道（県道以上）との接続,妙見山:0.28km,PK-w207202978(414m),,provisional,30,名称未確認、公式情報または2情報源での確認が必要,"OpenStreetMap（© OpenStreetMap contributors, ODbL 1.0）Geofabrik japan-latest.osm.pbf 2026-09-23T20:22:04Z node/11482107528（登山道と道路の接続点）",
TH-n11514078257,trailhead,葛城山登山口,34.4474331,135.6668809,WGS84,667 676,大和葛城山、金剛山,日本三百名山|関西百名山|日本二百名山,OSM登山道「石ブテ西谷ルート」、OSM登山道「青崩道」,登山口（OSMの登山口地物）,大和葛城山:2.44km 金剛山:3.77km,BS-kP11-22-27-bs4702(57m) BS-kP11-22-27-bs4684(245m) BS-kP11-22-27-bs4672(441m),,provisional,15,公式情報または2情報源での確認が必要,"OpenStreetMap（© OpenStreetMap contributors, ODbL 1.0）Geofabrik japan-latest.osm.pbf 2026-09-23T20:22:04Z node/11514078257",
TH-n1158659413,trailhead,千早,34.4036944,135.6660614,WGS84,676,金剛山,日本二百名山|日本三百名山|関西百名山,OSM登山道「久留野峠ルート」、OSM登山道「細尾根（地蔵尾根）ルート」,索道駅（ロープウェイ・ゴンドラ）,金剛山:3.36km,PK-w400903195(54m) PK-w400903194(102m) PK-w397570823(300m) BS-kP11-22-27-bs5152(396m) BS-kP11-22-27-bs5152(396m) BS-kP11-22-27-bs5152(396m),,provisional,15,公式情報または2情報源での確認が必要,"OpenStreetMap（© OpenStreetMap contributors, ODbL 1.0）Geofabrik japan-latest.osm.pbf 2026-09-23T20:22:04Z node/1158659413",
TH-n1158659418,trailhead,金剛山 (Kongō-san),34.412567,135.6754912,WGS84,676,金剛山,日本二百名山|日本三百名山|関西百名山,OSM登山道「金剛山遊歩道」,索道駅（ロープウェイ・ゴンドラ）,金剛山:0.97km,,,provisional,15,公式情報または2情報源での確認が必要,"OpenStreetMap（© OpenStreetMap contributors, ODbL 1.0）Geofabrik japan-latest.osm.pbf 2026-09-23T20:22:04Z node/1158659418",
TH-n1158833778,trailhead,登山口駅,34.4635981,135.6998142,WGS84,667,大和葛城山,日本三百名山|関西百名山,,索道駅（ロープウェイ・ゴンドラ）,大和葛城山:1.95km,PK-w358003165(48m) PK-w1396026195(121m) PK-w357046987(142m) BS-kP11-22-29-bs1839(90m) BS-kP11-22-29-bs1839(90m) BS-kP11-22-29-bs1836(631m),,adopted,15,,"OpenStreetMap（© OpenStreetMap contributors, ODbL 1.0）Geofabrik japan-latest.osm.pbf 2026-09-23T20:22:04Z node/1158833778 ｜ 国土地理院 地名検索「葛城登山口駅」（34.463437, 135.699856、JGD2011、18m差）2026-09-20確認",2026-09-20
TH-n1158833787,trailhead,葛城山上,34.4584881,135.6869738,WGS84,667,大和葛城山,日本三百名山|関西百名山,,索道駅（ロープウェイ・ゴンドラ）,大和葛城山:0.5km,,,provisional,15,公式情報または2情報源での確認が必要,"OpenStreetMap（© OpenStreetMap contributors, ODbL 1.0）Geofabrik japan-latest.osm.pbf 2026-09-23T20:22:04Z node/1158833787 ｜ 国土地理院 地名検索「葛城山上駅」（34.461190, 135.686882、JGD2011、299m差）2026-09-20確認",2026-09-20
TH-n11848789126,trailhead,ガリバー旅行村,35.2757973,135.9290544,WGS84,509 522 544,蛇谷ヶ峰、武奈ヶ岳、蓬莱山,関西百名山|日本二百名山|日本三百名山,,駐車場・バス停（林道・車道を経由して登山道へ）,蛇谷ヶ峰:11.62km 武奈ヶ岳:4.25km 蓬莱山:10.86km,PK-w503894422(34m) PK-w503894423(44m) PK-w503894421(289m) BS-kP11-22-25-bs666(11m),,provisional,15,近くの道路にゲートあり（車両通行止め・季節閉鎖の可能性）、林道からの入口（マイカー進入可否を要確認）、公式情報または2情報源での確認が必要,"OpenStreetMap（© OpenStreetMap contributors, ODbL 1.0）Geofabrik japan-latest.osm.pbf 2026-09-23T20:22:04Z node/11848789126 ｜ OpenStreetMap（© OpenStreetMap contributors, ODbL 1.0）Geofabrik japan-latest.osm.pbf 2026-09-23T20:22:04Z node/4941377812（登山道と道路の接続点）",
TH-n11969925769,trailhead,持経宿,34.0408338,135.897945,WGS84,722 735,釈迦ヶ岳、笠捨山,日本二百名山|日本三百名山|関西百名山,,施設（山小屋・宿・キャンプ場）からの入口,釈迦ヶ岳:9.75km 笠捨山:8.28km,,,provisional,15,公式情報または2情報源での確認が必要,"OpenStreetMap（© OpenStreetMap contributors, ODbL 1.0）Geofabrik japan-latest.osm.pbf 2026-09-23T20:22:04Z node/11969925769",
TH-n12169219547,trailhead,（名称未確認）,34.2379659,135.3969553,WGS84,704,龍門山,関西百名山,,一般道との接続,龍門山:1.43km,PK-w764571754(154m) PK-w764571753(201m),,provisional,30,名称未確認、登山道が道路を横断する地点（途中の入口の可能性）、公式情報または2情報源での確認が必要,"OpenStreetMap（© OpenStreetMap contributors, ODbL 1.0）Geofabrik japan-latest.osm.pbf 2026-09-23T20:22:04Z node/12169219547（登山道と道路の接続点）",
TH-n12169870404,trailhead,（名称未確認）杉野農協前バス停付近,35.5679817,136.2523201,WGS84,425,横山岳,関西百名山,,林道との接続,横山岳:4.45km,BS-kP11-22-25-bs18(877m),,provisional,30,名称未確認、林道からの入口（マイカー進入可否を要確認）、公式情報または2情報源での確認が必要,"OpenStreetMap（© OpenStreetMap contributors, ODbL 1.0）Geofabrik japan-latest.osm.pbf 2026-09-23T20:22:04Z node/12169870404（登山道と道路の接続点）",
TH-n12169870554,trailhead,白谷登山口（横山岳）,35.5850446,136.2590736,WGS84,425,横山岳,関西百名山,,道路の終点付近,横山岳:2.11km,PK-g3558504_13625907(0m),,provisional,30,林道からの入口（マイカー進入可否を要確認）、公式情報または2情報源での確認が必要,"OpenStreetMap（© OpenStreetMap contributors, ODbL 1.0）Geofabrik japan-latest.osm.pbf 2026-09-23T20:22:04Z node/12169870554（登山道と道路の接続点） ｜ 登山記録で広く使われている登山口（登山記録・登山情報サイトで名称と利用を確認。公式情報では未確認） 2026-09-24確認",
TH-n12292903156,trailhead,母公堂（稲村ヶ岳登山口／洞川）,34.2666819,135.8943157,WGS84,700 705 710,山上ヶ岳、稲村ヶ岳、大普賢岳,日本三百名山|関西百名山,,一般道（県道以上）との接続,山上ヶ岳:7.51km 稲村ヶ岳:6.11km 大普賢岳:12.52km,PK-w574947474(16m) PK-n3014434870(32m),restriction=山上ヶ岳は大峯大橋・五番関・阿弥陀ヶ森・レンゲ辻に女人結界門があり、宗教上の理由で男性のみ入山可; parking=県道21号終点の大峯大橋駐車場（有料）; season=山上ヶ岳の戸開け期間は5月3日〜9月23日,adopted,15,母公堂（天川村洞川）は稲村ヶ岳の登山口にあたる、山上ヶ岳の主な登山口である大峯大橋・五番関・阿弥陀ヶ森・レンゲ辻には女人結界門がある（天川村）、洞川温泉バス停から山上ヶ岳の登山口（大峯大橋）まで約4km・徒歩約1時間（天川村）、レンゲ辻コースは登山道が不明確な箇所があり、初心者には尾根コースが案内されている（天川村）、国土地理院の地名との差が233mあり、登山口そのものの位置は目視未確認,"OpenStreetMap（© OpenStreetMap contributors, ODbL 1.0）Geofabrik japan-latest.osm.pbf 2026-09-23T20:22:04Z node/12292903156（登山道と道路の接続点） ｜ 公式情報: https://www.vill.tenkawa.nara.jp/tourism/spot/5187/ ｜ 国土地理院 地名検索「母公堂」（34.265558, 135.896461、JGD2011、233m差）2026-09-20確認",2026-09-20
TH-n12345111564,trailhead,小宿とうじ,34.7961362,135.248252,WGS84,628,六甲最高峰,日本三百名山|関西百名山,,施設（山小屋・宿・キャンプ場）からの入口,六甲最高峰:3.22km,PK-w362912679(129m) PK-w986937428(153m) PK-n6214974621(210m) BS-n2683213081(139m) BS-n5191770978(151m) BS-kP11-22-28-bs5930(327m),,provisional,15,公式情報または2情報源での確認が必要,"OpenStreetMap（© OpenStreetMap contributors, ODbL 1.0）Geofabrik japan-latest.osm.pbf 2026-09-23T20:22:04Z node/12345111564 ｜ 国土地理院 地名検索「有馬温泉」（34.796742, 135.250569、JGD2011、222m差）2026-09-20確認",2026-09-20
TH-n1264700814,trailhead,（名称未確認）ケーブル黒川駅バス停付近,34.9217235,135.4507793,WGS84,615,妙見山,関西百名山,,一般道（県道以上）との接続,妙見山:2.2km,BS-n1264700792(60m) BS-kP11-22-28-bs3692(98m) BS-kP11-22-28-bs3692(98m),,provisional,30,名称未確認、公式情報または2情報源での確認が必要,"OpenStreetMap（© OpenStreetMap contributors, ODbL 1.0）Geofabrik japan-latest.osm.pbf 2026-09-23T20:22:04Z node/1264700814（登山道と道路の接続点）",
TH-n12816030160,trailhead,第２ゲレンデ,35.3234841,135.9378594,WGS84,509 522,蛇谷ヶ峰、武奈ヶ岳,関西百名山|日本二百名山|日本三百名山,,索道駅（ロープウェイ・ゴンドラ）,蛇谷ヶ峰:0.98km 武奈ヶ岳:9.5km,,,provisional,15,公式情報または2情報源での確認が必要,"OpenStreetMap（© OpenStreetMap contributors, ODbL 1.0）Geofabrik japan-latest.osm.pbf 2026-09-23T20:22:04Z node/12816030160",
TH-n12816030161,trailhead,第１ペアリフト,35.3295606,135.9404959,WGS84,509 522,蛇谷ヶ峰、武奈ヶ岳,関西百名山|日本二百名山|日本三百名山,,索道駅（ロープウェイ・ゴンドラ）,蛇谷ヶ峰:1.87km 武奈ヶ岳:10.4km,PK-w440696167(106m) PK-w440696178(186m),,provisional,15,公式情報または2情報源での確認が必要,"OpenStreetMap（© OpenStreetMap contributors, ODbL 1.0）Geofabrik japan-latest.osm.pbf 2026-09-23T20:22:04Z node/12816030161 ｜ 国土地理院 地名検索「入部谷越」（35.330688, 135.942778、JGD2011、242m差）2026-09-20確認",2026-09-20
TH-n1290426708,trailhead,（名称未確認）,35.4119114,136.4208636,WGS84,477,伊吹山,日本百名山|日本二百名山|日本三百名山|関西百名山|東海の百山,,一般道（県道以上）との接続,伊吹山:2.26km,PK-w628044416(354m),restriction=米原市側の麓からの登山は禁止（登山道崩落、復旧時期未定）; fee=入山協力金 1人300円（任意）,provisional,30,名称未確認、近くの道路にゲートあり（車両通行止め・季節閉鎖の可能性）、公式情報または2情報源での確認が必要、2023年7月の大雨で米原市上野からの登山道が大規模に崩壊し、2024年7月にも土石流が発生。麓からの入山は禁止されている（米原市）、復旧時期は未定。季節やルートにかかわらず米原市側の麓からは登れない（米原市）、滋賀県と米原市が保全対策のロードマップを策定している（滋賀県）、この地点がどの登山口かは未確認,"OpenStreetMap（© OpenStreetMap contributors, ODbL 1.0）Geofabrik japan-latest.osm.pbf 2026-09-23T20:22:04Z node/1290426708（登山道と道路の接続点） ｜ 公式情報: https://www.city.maibara.lg.jp/mtibuki/index.html ｜ 公式情報: https://www.city.maibara.lg.jp/mtibuki/question/20666.html ｜ 公式情報: https://www.city.maibara.lg.jp/mtibuki/about_tozan/20361.html ｜ 公式情報: https://www.pref.shiga.lg.jp/ippan/kankyoshizen/shizen/343605.html",2026-09-20
TH-n1312957502,trailhead,（名称未確認）寺家駐車場バス停付近,35.0418949,134.837219,WGS84,591,笠形山,関西百名山,,一般道との接続,笠形山:3.67km,BS-kP11-22-28-bs2559(490m) BS-kP11-22-28-bs2561(515m) BS-kP11-22-28-bs2574(653m),,provisional,30,名称未確認、登山道が道路を横断する地点（途中の入口の可能性）、近くの道路にゲートあり（車両通行止め・季節閉鎖の可能性）、公式情報または2情報源での確認が必要,"OpenStreetMap（© OpenStreetMap contributors, ODbL 1.0）Geofabrik japan-latest.osm.pbf 2026-09-23T20:22:04Z node/1312957502（登山道と道路の接続点）",
TH-n13168619829,trailhead,（名称未確認）,34.3476505,135.4393781,WGS84,689,和泉葛城山,関西百名山,OSM登山道「葛城修験の道」,一般道との接続,和泉葛城山:0.47km,PK-w761272318(344m) PK-w761272317(411m),,provisional,30,名称未確認、登山道が道路を横断する地点（途中の入口の可能性）、公式情報または2情報源での確認が必要,"OpenStreetMap（© OpenStreetMap contributors, ODbL 1.0）Geofabrik japan-latest.osm.pbf 2026-09-23T20:22:04Z node/13168619829（登山道と道路の接続点）",
TH-n13182743474,trailhead,二上山池横登山口,34.535606,135.6841484,WGS84,653,二上山,関西百名山,,登山口（OSMの登山口地物）,二上山:1.6km,BS-kP11-22-29-bs1327(527m) BS-kP11-22-29-bs1377(708m) BS-kP11-22-29-bs1304(878m),,provisional,15,公式情報または2情報源での確認が必要,"OpenStreetMap（© OpenStreetMap contributors, ODbL 1.0）Geofabrik japan-latest.osm.pbf 2026-09-23T20:22:04Z node/13182743474",
TH-n1324998914,trailhead,（名称未確認）,34.192704,136.1342567,WGS84,718,大台ヶ原山,日本百名山|日本二百名山|日本三百名山|関西百名山|東海の百山,,道路の終点付近,大台ヶ原山:2.85km,,,candidate,30,名称未確認、林道からの入口（マイカー進入可否を要確認）、公式情報または2情報源での確認が必要,"OpenStreetMap（© OpenStreetMap contributors, ODbL 1.0）Geofabrik japan-latest.osm.pbf 2026-09-23T20:22:04Z node/1324998914（登山道と道路の接続点）",
TH-n13255278248,trailhead,朝日温泉,34.6732083,135.1721759,WGS84,637,横尾山,関西百名山,,施設（山小屋・宿・キャンプ場）からの入口,横尾山:8.34km,PK-w1096570712(173m) PK-w1096570733(183m) PK-w1088090073(206m) BS-kP11-22-28-bs9041(188m) BS-kP11-22-28-bs9041(188m) BS-kP11-22-28-bs9074(310m),,provisional,15,近くの道路にゲートあり（車両通行止め・季節閉鎖の可能性）、公式情報または2情報源での確認が必要,"OpenStreetMap（© OpenStreetMap contributors, ODbL 1.0）Geofabrik japan-latest.osm.pbf 2026-09-23T20:22:04Z node/13255278248",
TH-n13309695201,trailhead,三井のリパーク 神戸長田長尾町2丁目 駐車場,34.6671086,135.1349415,WGS84,637,横尾山,関西百名山,OSM登山道「須磨里５５３号線」,駐車場・バス停（林道・車道を経由して登山道へ）,横尾山:3.21km,PK-n13309695201(0m) PK-n13309695301(37m) BS-kP11-22-28-bs9199(26m) BS-kP11-22-28-bs9199(26m) BS-kP11-22-28-bs9157(273m),,provisional,15,近くの道路にゲートあり（車両通行止め・季節閉鎖の可能性）、公式情報または2情報源での確認が必要,"OpenStreetMap（© OpenStreetMap contributors, ODbL 1.0）Geofabrik japan-latest.osm.pbf 2026-09-23T20:22:04Z node/13309695201 ｜ OpenStreetMap（© OpenStreetMap contributors, ODbL 1.0）Geofabrik japan-latest.osm.pbf 2026-09-23T20:22:04Z node/2117457595（登山道と道路の接続点）",
TH-n1342088505,trailhead,（名称未確認）霊園前バス停付近,34.8080383,134.7904393,WGS84,624,高御位山,関西百名山,,一般道との接続,高御位山:0.63km,PK-w1124992007(349m) BS-kP11-22-28-bs5795(828m) BS-n11128964322(884m) BS-n11134002585(886m),,provisional,30,名称未確認、近くの道路にゲートあり（車両通行止め・季節閉鎖の可能性）、公式情報または2情報源での確認が必要,"OpenStreetMap（© OpenStreetMap contributors, ODbL 1.0）Geofabrik japan-latest.osm.pbf 2026-09-23T20:22:04Z node/1342088505（登山道と道路の接続点）",
TH-n1342088597,trailhead,鹿嶋神社（高御位山 馬の背登山口）,34.8092101,134.7755084,WGS84,624,高御位山,関西百名山,,一般道との接続,高御位山:2.22km,PK-w1124722862(284m) PK-n2604549382(310m) PK-w1124722863(313m) BS-kP11-22-28-bs5722(310m) BS-n11134002585(516m) BS-n11128964322(517m),,provisional,30,登山道が道路を横断する地点（途中の入口の可能性）、近くの道路にゲートあり（車両通行止め・季節閉鎖の可能性）、公式情報または2情報源での確認が必要,"OpenStreetMap（© OpenStreetMap contributors, ODbL 1.0）Geofabrik japan-latest.osm.pbf 2026-09-23T20:22:04Z node/1342088597（登山道と道路の接続点） ｜ 登山記録で広く使われている登山口（登山記録・登山情報サイトで名称と利用を確認。公式情報では未確認） 2026-09-24確認",
TH-n1342305135,trailhead,（名称未確認）佐土新バス停付近,34.8147345,134.7567752,WGS84,624,高御位山,関西百名山,,道路の終点付近,高御位山:4.69km,PK-w1085625241(376m) PK-w1085625242(377m) BS-kP11-22-28-bs5438(508m) BS-kP11-22-28-bs5438(508m) BS-kP11-22-28-bs5516(538m),,provisional,30,名称未確認、近くの道路にゲートあり（車両通行止め・季節閉鎖の可能性）、林道からの入口（マイカー進入可否を要確認）、公式情報または2情報源での確認が必要,"OpenStreetMap（© OpenStreetMap contributors, ODbL 1.0）Geofabrik japan-latest.osm.pbf 2026-09-23T20:22:04Z node/1342305135（登山道と道路の接続点）",
TH-n1342310314,trailhead,（名称未確認）夕陽ヶ丘バス停付近,34.8287182,134.7578228,WGS84,624,高御位山,関西百名山,,一般道との接続,高御位山:4.97km,BS-kP11-22-28-bs5147(98m) BS-kP11-22-28-bs5189(616m),,provisional,30,名称未確認、公式情報または2情報源での確認が必要,"OpenStreetMap（© OpenStreetMap contributors, ODbL 1.0）Geofabrik japan-latest.osm.pbf 2026-09-23T20:22:04Z node/1342310314（登山道と道路の接続点）",
TH-n1342764373,trailhead,（名称未確認）,35.065534,134.663114,WGS84,587,雪彦山,関西百名山,,一般道との接続,雪彦山:2.86km,,,candidate,30,名称未確認、公式情報または2情報源での確認が必要,"OpenStreetMap（© OpenStreetMap contributors, ODbL 1.0）Geofabrik japan-latest.osm.pbf 2026-09-23T20:22:04Z node/1342764373（登山道と道路の接続点）",
TH-n1344169034,trailhead,（名称未確認）神明峠付近,35.0505629,135.6179216,WGS84,593,愛宕山,日本三百名山|関西百名山,,峠（道路との接続）,愛宕山:3.38km,,,candidate,30,名称未確認、近くの道路にゲートあり（車両通行止め・季節閉鎖の可能性）、公式情報または2情報源での確認が必要,"OpenStreetMap（© OpenStreetMap contributors, ODbL 1.0）Geofabrik japan-latest.osm.pbf 2026-09-23T20:22:04Z node/1344169034（登山道と道路の接続点）",
TH-n1344185567,trailhead,（名称未確認）原バス停付近,35.0667402,135.6121585,WGS84,593,愛宕山,日本三百名山|関西百名山,,一般道（県道以上）との接続,愛宕山:2.92km,BS-kP11-22-26-bs1868(624m) BS-kP11-22-26-bs1855(919m),,provisional,30,名称未確認、公式情報または2情報源での確認が必要,"OpenStreetMap（© OpenStreetMap contributors, ODbL 1.0）Geofabrik japan-latest.osm.pbf 2026-09-23T20:22:04Z node/1344185567（登山道と道路の接続点）",
TH-n1344188819,trailhead,（名称未確認）土ケ畑口バス停付近,35.020416,135.3968099,WGS84,606,剣尾山,関西百名山,,一般道との接続,剣尾山:2.25km,BS-kP11-22-26-bs2353(412m) BS-kP11-22-26-bs2353(412m) BS-kP11-22-26-bs2380(716m),,provisional,30,名称未確認、公式情報または2情報源での確認が必要,"OpenStreetMap（© OpenStreetMap contributors, ODbL 1.0）Geofabrik japan-latest.osm.pbf 2026-09-23T20:22:04Z node/1344188819（登山道と道路の接続点）",
TH-n1352163563,trailhead,（名称未確認）植物園第1駐車場付近,35.0515771,136.0445731,WGS84,597,三上山,関西百名山,OSM登山道「三上山花緑公園側登山道」,道路の終点付近,三上山:0.74km,PK-w673568950(136m) PK-w673558094(233m) PK-w673568951(249m) BS-kP11-22-25-bs1976(144m) BS-kP11-22-25-bs1959(214m) BS-kP11-22-25-bs1940(477m),,provisional,30,名称未確認、近くの道路にゲートあり（車両通行止め・季節閉鎖の可能性）、公式情報または2情報源での確認が必要,"OpenStreetMap（© OpenStreetMap contributors, ODbL 1.0）Geofabrik japan-latest.osm.pbf 2026-09-23T20:22:04Z node/1352163563（登山道と道路の接続点）",
TH-n1352164046,trailhead,（名称未確認）三上バス停付近,35.055712,136.032732,WGS84,597,三上山,関西百名山,,一般道との接続,三上山:1.83km,BS-kP11-22-25-bs1947(577m) BS-kP11-22-25-bs1968(672m) BS-kP11-22-25-bs1986(782m),,provisional,30,名称未確認、近くの道路にゲートあり（車両通行止め・季節閉鎖の可能性）、公式情報または2情報源での確認が必要,"OpenStreetMap（© OpenStreetMap contributors, ODbL 1.0）Geofabrik japan-latest.osm.pbf 2026-09-23T20:22:04Z node/1352164046（登山道と道路の接続点）",
TH-n1352164065,trailhead,（名称未確認）第二駐車場付近,35.0558971,136.0452941,WGS84,597,三上山,関西百名山,,一般道との接続,三上山:1.38km,PK-w672033042(32m) PK-w673568951(248m) PK-w481206403(358m) BS-kP11-22-25-bs1940(32m) BS-kP11-22-25-bs1959(272m) BS-kP11-22-25-bs1913(368m),,provisional,30,名称未確認、登山道が道路を横断する地点（途中の入口の可能性）、近くの道路にゲートあり（車両通行止め・季節閉鎖の可能性）、公式情報または2情報源での確認が必要,"OpenStreetMap（© OpenStreetMap contributors, ODbL 1.0）Geofabrik japan-latest.osm.pbf 2026-09-23T20:22:04Z node/1352164065（登山道と道路の接続点）",
TH-n1352647435,trailhead,（名称未確認）,35.0170606,136.3292453,WGS84,604,綿向山,東海の百山,,道路の終点付近,綿向山:1.93km,,,candidate,30,名称未確認、林道からの入口（マイカー進入可否を要確認）、公式情報または2情報源での確認が必要,"OpenStreetMap（© OpenStreetMap contributors, ODbL 1.0）Geofabrik japan-latest.osm.pbf 2026-09-23T20:22:04Z node/1352647435（登山道と道路の接続点）",
TH-n1352651635,trailhead,（名称未確認）,35.021747,136.33182,WGS84,604,綿向山,東海の百山,,道路の終点付近,綿向山:1.73km,,,candidate,30,名称未確認、林道からの入口（マイカー進入可否を要確認）、公式情報または2情報源での確認が必要,"OpenStreetMap（© OpenStreetMap contributors, ODbL 1.0）Geofabrik japan-latest.osm.pbf 2026-09-23T20:22:04Z node/1352651635（登山道と道路の接続点）",
TH-n1353602225,trailhead,（名称未確認）坊村バス停付近,35.2472278,135.868655,WGS84,509 544,蛇谷ヶ峰、蓬莱山,関西百名山|日本三百名山,,一般道との接続,蛇谷ヶ峰:12.31km 蓬莱山:11.07km,BS-kP11-22-25-bs755(119m) BS-kP11-22-25-bs756(119m) BS-kP11-22-25-bs763(432m),,provisional,30,名称未確認、近くの道路にゲートあり（車両通行止め・季節閉鎖の可能性）、公式情報または2情報源での確認が必要,"OpenStreetMap（© OpenStreetMap contributors, ODbL 1.0）Geofabrik japan-latest.osm.pbf 2026-09-23T20:22:04Z node/1353602225（登山道と道路の接続点）",
TH-n1355399585,trailhead,（名称未確認）ケーブル坂本駅バス停付近,35.0654414,135.8628426,WGS84,590,比叡山,日本三百名山|関西百名山,,一般道との接続,比叡山:3.57km,PK-w434629057(467m) PK-w504920753(486m) BS-kP11-22-25-bs1810(463m) BS-n4326224490(472m) BS-kP11-22-25-bs1793(721m),,provisional,30,名称未確認、近くの道路にゲートあり（車両通行止め・季節閉鎖の可能性）、公式情報または2情報源での確認が必要,"OpenStreetMap（© OpenStreetMap contributors, ODbL 1.0）Geofabrik japan-latest.osm.pbf 2026-09-23T20:22:04Z node/1355399585（登山道と道路の接続点）",
TH-n1355400817,trailhead,（名称未確認）西塔バス停付近,35.071926,135.832222,WGS84,590,比叡山,日本三百名山|関西百名山,,道路の終点付近,比叡山:1.19km,PK-w405868906(76m) BS-kP11-22-25-bs1791(136m) BS-kP11-22-25-bs1801(641m) BS-kP11-22-25-bs1801(641m),,provisional,30,名称未確認、近くの道路にゲートあり（車両通行止め・季節閉鎖の可能性）、林道からの入口（マイカー進入可否を要確認）、公式情報または2情報源での確認が必要,"OpenStreetMap（© OpenStreetMap contributors, ODbL 1.0）Geofabrik japan-latest.osm.pbf 2026-09-23T20:22:04Z node/1355400817（登山道と道路の接続点）",
TH-n1358528565,trailhead,（名称未確認）竜が滝展望台付近,35.0653409,134.843055,WGS84,591,笠形山,関西百名山,,一般道との接続,笠形山:1.03km,,,candidate,30,名称未確認、公式情報または2情報源での確認が必要,"OpenStreetMap（© OpenStreetMap contributors, ODbL 1.0）Geofabrik japan-latest.osm.pbf 2026-09-23T20:22:04Z node/1358528565（登山道と道路の接続点）",
TH-n1358550110,trailhead,（名称未確認）,35.13979,134.887573,WGS84,571,千ヶ峰,関西百名山,,道路の終点付近,千ヶ峰:0.65km,,,candidate,30,名称未確認、林道からの入口（マイカー進入可否を要確認）、公式情報または2情報源での確認が必要,"OpenStreetMap（© OpenStreetMap contributors, ODbL 1.0）Geofabrik japan-latest.osm.pbf 2026-09-23T20:22:04Z node/1358550110（登山道と道路の接続点）",
TH-n1358971194,trailhead,（名称未確認）,33.713797,135.748869,WGS84,781,大塔山,関西百名山,,道路の終点付近,大塔山:4.21km,,,candidate,30,名称未確認、林道からの入口（マイカー進入可否を要確認）、公式情報または2情報源での確認が必要,"OpenStreetMap（© OpenStreetMap contributors, ODbL 1.0）Geofabrik japan-latest.osm.pbf 2026-09-23T20:22:04Z node/1358971194（登山道と道路の接続点）",
TH-n1358994352,trailhead,（名称未確認）,33.885818,135.817545,WGS84,762,五大尊岳,関西百名山,,一般道との接続,五大尊岳:2.91km,,,candidate,30,名称未確認、公式情報または2情報源での確認が必要,"OpenStreetMap（© OpenStreetMap contributors, ODbL 1.0）Geofabrik japan-latest.osm.pbf 2026-09-23T20:22:04Z node/1358994352（登山道と道路の接続点）",
TH-n1360490612,trailhead,（名称未確認）,34.9026021,135.9922041,WGS84,617,太神山,関西百名山,,一般道との接続,太神山:2.19km,,,candidate,30,名称未確認、登山道が道路を横断する地点（途中の入口の可能性）、近くの道路にゲートあり（車両通行止め・季節閉鎖の可能性）、公式情報または2情報源での確認が必要,"OpenStreetMap（© OpenStreetMap contributors, ODbL 1.0）Geofabrik japan-latest.osm.pbf 2026-09-23T20:22:04Z node/1360490612（登山道と道路の接続点）",
TH-n1360490825,trailhead,（名称未確認）,34.9061066,135.9848031,WGS84,617,太神山,関西百名山,,一般道との接続,太神山:1.98km,,,candidate,30,名称未確認、近くの道路にゲートあり（車両通行止め・季節閉鎖の可能性）、公式情報または2情報源での確認が必要,"OpenStreetMap（© OpenStreetMap contributors, ODbL 1.0）Geofabrik japan-latest.osm.pbf 2026-09-23T20:22:04Z node/1360490825（登山道と道路の接続点）",
TH-n1360492477,trailhead,（名称未確認）,34.921351,135.982943,WGS84,617,太神山,関西百名山,,道路の終点付近,太神山:0.56km,,,candidate,30,名称未確認、林道からの入口（マイカー進入可否を要確認）、公式情報または2情報源での確認が必要,"OpenStreetMap（© OpenStreetMap contributors, ODbL 1.0）Geofabrik japan-latest.osm.pbf 2026-09-23T20:22:04Z node/1360492477（登山道と道路の接続点）",
TH-n1368926560,trailhead,花背高原前（雲取山登山口）,35.171496,135.77585,WGS84,556,雲取山,関西百名山,,道路の終点付近,雲取山:2.78km,BS-kP11-22-26-bs1588(626m) BS-kP11-22-26-bs1587(632m) BS-kP11-22-26-bs1593(700m),,provisional,30,林道からの入口（マイカー進入可否を要確認）、公式情報または2情報源での確認が必要,"OpenStreetMap（© OpenStreetMap contributors, ODbL 1.0）Geofabrik japan-latest.osm.pbf 2026-09-23T20:22:04Z node/1368926560（登山道と道路の接続点） ｜ 登山記録で広く使われている登山口（登山記録・登山情報サイトで名称と利用を確認。公式情報では未確認） 2026-09-24確認",
TH-n1369122616,trailhead,（名称未確認）,35.178882,135.829697,WGS84,547,皆子山,関西百名山,,一般道との接続,皆子山:3.57km,,,candidate,30,名称未確認、近くの道路にゲートあり（車両通行止め・季節閉鎖の可能性）、公式情報または2情報源での確認が必要,"OpenStreetMap（© OpenStreetMap contributors, ODbL 1.0）Geofabrik japan-latest.osm.pbf 2026-09-23T20:22:04Z node/1369122616（登山道と道路の接続点）",
TH-n1376353589,trailhead,（名称未確認）,35.4174543,136.4029358,WGS84,477,伊吹山,日本百名山|日本二百名山|日本三百名山|関西百名山|東海の百山,,一般道（県道以上）との接続,伊吹山:0.3km,,,candidate,30,名称未確認、公式情報または2情報源での確認が必要,"OpenStreetMap（© OpenStreetMap contributors, ODbL 1.0）Geofabrik japan-latest.osm.pbf 2026-09-23T20:22:04Z node/1376353589（登山道と道路の接続点）",
TH-n1376353782,trailhead,伊吹山ドライブウェイ山頂駐車場（山頂遊歩道の起点）,35.4210394,136.4052721,WGS84,477,伊吹山,日本百名山|日本二百名山|日本三百名山|関西百名山|東海の百山,OSM登山道「西登山道」、伊吹山ドライブウェイ山頂駐車場コース,道路の終点付近,伊吹山:0.37km,PK-w236058705(168m),parking=山頂駐車場（無料）。伊吹山ドライブウェイ（有料道路）の終点; season=伊吹山ドライブウェイの営業期間・時間内のみ通行可（冬期は閉鎖）,adopted,15,山頂駐車場から山頂へは3本の登山道がある。西登山道 片道約40分、中央登山道 約20分、東登山道は下り専用 約60分（伊吹山ドライブウェイ）、西登山道は大きめの砂利道で、天候が悪いと滑りやすい（伊吹山ドライブウェイ）、米原市側の麓（上野）からの登山道は崩落のため入山禁止。ドライブウェイの案内より米原市の情報を優先すること、公式情報の名称と、地理院地図で徒歩道が道路から始まる位置（58m差）が一致,"OpenStreetMap（© OpenStreetMap contributors, ODbL 1.0）Geofabrik japan-latest.osm.pbf 2026-09-23T20:22:04Z node/1376353782（登山道と道路の接続点） ｜ 公式情報: https://www.ibukiyama-driveway.jp/faq/trail-hiking/ ｜ 公式情報: https://www.ibukiyama-driveway.jp/faq/parking/ ｜ 公式情報: https://www.city.maibara.lg.jp/mtibuki/question/20666.html ｜ 国土地理院ベクトルタイル提供実験 地理院地図の徒歩道の起点（35.420666, 136.405726、JGD2011、58m差）2026-09-21確認",2026-09-20
TH-n1378472701,trailhead,（名称未確認）,35.2616854,136.351659,WGS84,518,霊仙山,関西百名山|東海の百山,,一般道（県道以上）との接続,霊仙山:3.91km,,,candidate,30,名称未確認、公式情報または2情報源での確認が必要,"OpenStreetMap（© OpenStreetMap contributors, ODbL 1.0）Geofabrik japan-latest.osm.pbf 2026-09-23T20:22:04Z node/1378472701（登山道と道路の接続点）",
TH-n1378473192,trailhead,（名称未確認）,35.2650397,136.3542665,WGS84,518,霊仙山,関西百名山|東海の百山,,一般道（県道以上）との接続,霊仙山:4.04km,,,candidate,30,名称未確認、公式情報または2情報源での確認が必要,"OpenStreetMap（© OpenStreetMap contributors, ODbL 1.0）Geofabrik japan-latest.osm.pbf 2026-09-23T20:22:04Z node/1378473192（登山道と道路の接続点）",
TH-n1384044733,trailhead,（名称未確認）,35.5309529,136.0387984,WGS84,441,赤坂山,関西百名山,,道路の終点付近,赤坂山:3.04km,,OSM登山ルート: 高島トレイル,candidate,30,名称未確認、林道からの入口（マイカー進入可否を要確認）、公式情報または2情報源での確認が必要,"OpenStreetMap（© OpenStreetMap contributors, ODbL 1.0）Geofabrik japan-latest.osm.pbf 2026-09-23T20:22:04Z node/1384044733（登山道と道路の接続点）",
TH-n1384051118,trailhead,（名称未確認）マキノ高原温泉さらさバス停付近,35.4958363,136.0265991,WGS84,441,赤坂山,関西百名山,,一般道との接続,赤坂山:5.0km,BS-kP11-22-25-bs75(767m),,provisional,30,名称未確認、公式情報または2情報源での確認が必要,"OpenStreetMap（© OpenStreetMap contributors, ODbL 1.0）Geofabrik japan-latest.osm.pbf 2026-09-23T20:22:04Z node/1384051118（登山道と道路の接続点）",
TH-n1384051346,trailhead,マキノ高原（赤坂山登山口）,35.496936,136.031024,WGS84,441,赤坂山,関西百名山,,一般道との接続,赤坂山:3.66km,PK-n2285521221(374m) PK-w686695146(386m) BS-kP11-22-25-bs75(388m) BS-kP11-22-25-bs81(854m),,provisional,30,公式情報または2情報源での確認が必要,"OpenStreetMap（© OpenStreetMap contributors, ODbL 1.0）Geofabrik japan-latest.osm.pbf 2026-09-23T20:22:04Z node/1384051346（登山道と道路の接続点） ｜ 登山記録で広く使われている登山口（登山記録・登山情報サイトで名称と利用を確認。公式情報では未確認） 2026-09-24確認",
TH-n1388441032,trailhead,武平峠,35.0099215,136.4149667,WGS84,589 595 601 602 607 609 611 612,釈迦ヶ岳、尾高山、雨乞岳、御在所岳、鎌ヶ岳、入道ヶ岳、宮指路岳、仙ヶ岳,東海の百山|日本二百名山|日本三百名山|関西百名山,,峠（道路との接続）,釈迦ヶ岳:12.79km 尾高山:15.8km 雨乞岳:4.15km 御在所岳:1.5km 鎌ヶ岳:1.42km 入道ヶ岳:6.58km 宮指路岳:7.05km 仙ヶ岳:8.91km,PK-w583822437(22m),,adopted,30,,"OpenStreetMap（© OpenStreetMap contributors, ODbL 1.0）Geofabrik japan-latest.osm.pbf 2026-09-23T20:22:04Z node/1388441032（登山道と道路の接続点） ｜ 国土地理院 地名検索「武平峠」（35.010591, 136.417322、JGD2011、227m差）2026-09-20確認",2026-09-20
TH-n1389504314,trailhead,大門坂（烏帽子山登山口）,33.6692904,135.9047373,WGS84,813,烏帽子山,関西百名山,,一般道との接続,烏帽子山:4.76km,PK-g3366929_13590474(0m) PK-w266979074(144m) PK-n6696082443(156m) BS-kP11-22-30-bs2742(184m) BS-kP11-22-30-bs2739(204m) BS-n8316893332(353m),,provisional,30,公式情報または2情報源での確認が必要,"OpenStreetMap（© OpenStreetMap contributors, ODbL 1.0）Geofabrik japan-latest.osm.pbf 2026-09-23T20:22:04Z node/1389504314（登山道と道路の接続点） ｜ 登山記録で広く使われている登山口（登山記録・登山情報サイトで名称と利用を確認。公式情報では未確認） 2026-09-24確認",
TH-n1389507854,trailhead,（名称未確認）熊野古道バス停付近,33.673422,135.89841,WGS84,813,烏帽子山,関西百名山,,一般道との接続,烏帽子山:2.88km,BS-kP11-22-30-bs2731(234m) BS-n8316893332(405m) BS-kP11-22-30-bs2739(642m),,provisional,30,名称未確認、公式情報または2情報源での確認が必要,"OpenStreetMap（© OpenStreetMap contributors, ODbL 1.0）Geofabrik japan-latest.osm.pbf 2026-09-23T20:22:04Z node/1389507854（登山道と道路の接続点）",
TH-n1389512258,trailhead,（名称未確認）,33.6926536,135.891577,WGS84,813,烏帽子山,関西百名山,OSM登山道「林道烏帽子線」,道路の終点付近,烏帽子山:1.22km,,,candidate,30,名称未確認、林道からの入口（マイカー進入可否を要確認）、公式情報または2情報源での確認が必要,"OpenStreetMap（© OpenStreetMap contributors, ODbL 1.0）Geofabrik japan-latest.osm.pbf 2026-09-23T20:22:04Z node/1389512258（登山道と道路の接続点）",
TH-n1392472963,trailhead,（名称未確認）立合バス停付近,33.541814,135.7284699,WGS84,823,嶽ノ森山,関西百名山,,一般道との接続,嶽ノ森山:1.48km,BS-kP11-22-30-bs2976(315m) BS-kP11-22-30-bs2971(708m),,provisional,30,名称未確認、公式情報または2情報源での確認が必要,"OpenStreetMap（© OpenStreetMap contributors, ODbL 1.0）Geofabrik japan-latest.osm.pbf 2026-09-23T20:22:04Z node/1392472963（登山道と道路の接続点）",
TH-n1392473483,trailhead,（名称未確認）立合バス停付近,33.544722,135.731727,WGS84,823,嶽ノ森山,関西百名山,,一般道との接続,嶽ノ森山:1.83km,BS-kP11-22-30-bs2976(409m) BS-kP11-22-30-bs2971(503m),,provisional,30,名称未確認、公式情報または2情報源での確認が必要,"OpenStreetMap（© OpenStreetMap contributors, ODbL 1.0）Geofabrik japan-latest.osm.pbf 2026-09-23T20:22:04Z node/1392473483（登山道と道路の接続点）",
TH-n1392474379,trailhead,（名称未確認）蔵土バス停付近,33.550637,135.701356,WGS84,823,嶽ノ森山,関西百名山,,一般道との接続,嶽ノ森山:1.24km,BS-kP11-22-30-bs2967(200m),,provisional,30,名称未確認、公式情報または2情報源での確認が必要,"OpenStreetMap（© OpenStreetMap contributors, ODbL 1.0）Geofabrik japan-latest.osm.pbf 2026-09-23T20:22:04Z node/1392474379（登山道と道路の接続点）",
TH-n1392474433,trailhead,（名称未確認）蔵土バス停付近,33.550815,135.6976102,WGS84,823,嶽ノ森山,関西百名山,,一般道（県道以上）との接続,嶽ノ森山:1.75km,BS-kP11-22-30-bs2967(247m),,provisional,30,名称未確認、公式情報または2情報源での確認が必要,"OpenStreetMap（© OpenStreetMap contributors, ODbL 1.0）Geofabrik japan-latest.osm.pbf 2026-09-23T20:22:04Z node/1392474433（登山道と道路の接続点）",
TH-n1392474911,trailhead,（名称未確認）洞尾バス停付近,33.552689,135.717749,WGS84,823,嶽ノ森山,関西百名山,,一般道との接続,嶽ノ森山:0.94km,BS-kP11-22-30-bs2964(375m) BS-kP11-22-30-bs2972(608m),,provisional,30,名称未確認、公式情報または2情報源での確認が必要,"OpenStreetMap（© OpenStreetMap contributors, ODbL 1.0）Geofabrik japan-latest.osm.pbf 2026-09-23T20:22:04Z node/1392474911（登山道と道路の接続点）",
TH-n1392475466,trailhead,（名称未確認）洞尾バス停付近,33.557724,135.7136109,WGS84,823,嶽ノ森山,関西百名山,,一般道との接続,嶽ノ森山:1.39km,BS-kP11-22-30-bs2964(311m),,provisional,30,名称未確認、公式情報または2情報源での確認が必要,"OpenStreetMap（© OpenStreetMap contributors, ODbL 1.0）Geofabrik japan-latest.osm.pbf 2026-09-23T20:22:04Z node/1392475466（登山道と道路の接続点）",
TH-n1392486345,trailhead,（名称未確認）佐田桜公園バス停付近,33.593172,135.700624,WGS84,823,嶽ノ森山,関西百名山,,一般道との接続,嶽ノ森山:6.84km,PK-w486518189(426m) BS-kP11-22-30-bs2884(460m),,provisional,30,名称未確認、登山道が道路を横断する地点（途中の入口の可能性）、公式情報または2情報源での確認が必要,"OpenStreetMap（© OpenStreetMap contributors, ODbL 1.0）Geofabrik japan-latest.osm.pbf 2026-09-23T20:22:04Z node/1392486345（登山道と道路の接続点）",
TH-n1398128717,trailhead,矢筈岳登山口（鷲の川林道）,33.931558,135.339107,WGS84,744,矢筈岳,関西百名山,,一般道との接続,矢筈岳:1.52km,,,provisional,30,公式情報または2情報源での確認が必要,"OpenStreetMap（© OpenStreetMap contributors, ODbL 1.0）Geofabrik japan-latest.osm.pbf 2026-09-23T20:22:04Z node/1398128717（登山道と道路の接続点） ｜ 登山記録で広く使われている登山口（登山記録・登山情報サイトで名称と利用を確認。公式情報では未確認） 2026-09-24確認",
TH-n1398135329,trailhead,（名称未確認）,33.944559,135.347345,WGS84,744,矢筈岳,関西百名山,,一般道との接続,矢筈岳:1.54km,,,candidate,30,名称未確認、登山道が道路を横断する地点（途中の入口の可能性）、公式情報または2情報源での確認が必要,"OpenStreetMap（© OpenStreetMap contributors, ODbL 1.0）Geofabrik japan-latest.osm.pbf 2026-09-23T20:22:04Z node/1398135329（登山道と道路の接続点）",
TH-n1398138276,trailhead,（名称未確認）上の段バス停付近,33.948748,135.366071,WGS84,744,矢筈岳,関西百名山,,一般道との接続,矢筈岳:2.45km,BS-kP11-22-30-bs1771(279m) BS-kP11-22-30-bs1772(279m) BS-kP11-22-30-bs1778(409m),,provisional,30,名称未確認、公式情報または2情報源での確認が必要,"OpenStreetMap（© OpenStreetMap contributors, ODbL 1.0）Geofabrik japan-latest.osm.pbf 2026-09-23T20:22:04Z node/1398138276（登山道と道路の接続点）",
TH-n1398277431,trailhead,（名称未確認）,34.1022467,135.3366086,WGS84,723,生石ヶ峰,関西百名山,,一般道との接続,生石ヶ峰:0.39km,,,candidate,30,名称未確認、登山道が道路を横断する地点（途中の入口の可能性）、公式情報または2情報源での確認が必要,"OpenStreetMap（© OpenStreetMap contributors, ODbL 1.0）Geofabrik japan-latest.osm.pbf 2026-09-23T20:22:04Z node/1398277431（登山道と道路の接続点）",
TH-n1398278759,trailhead,（名称未確認）,34.1040572,135.329201,WGS84,723,生石ヶ峰,関西百名山,,一般道（県道以上）との接続,生石ヶ峰:0.47km,PK-w616921748(354m),,provisional,30,名称未確認、登山道が道路を横断する地点（途中の入口の可能性）、公式情報または2情報源での確認が必要,"OpenStreetMap（© OpenStreetMap contributors, ODbL 1.0）Geofabrik japan-latest.osm.pbf 2026-09-23T20:22:04Z node/1398278759（登山道と道路の接続点）",
TH-n1398333861,trailhead,（名称未確認）桜峠下バス停付近,34.216527,135.6151581,WGS84,706,楊柳山,関西百名山,,一般道（県道以上）との接続,楊柳山:2.96km,BS-kP11-22-30-bs716(360m) BS-kP11-22-30-bs729(464m) BS-kP11-22-30-bs734(629m),,provisional,30,名称未確認、公式情報または2情報源での確認が必要,"OpenStreetMap（© OpenStreetMap contributors, ODbL 1.0）Geofabrik japan-latest.osm.pbf 2026-09-23T20:22:04Z node/1398333861（登山道と道路の接続点）",
TH-n1398338431,trailhead,（名称未確認）桜峠下バス停付近,34.2236064,135.6106822,WGS84,706,楊柳山,関西百名山,,一般道との接続,楊柳山:2.2km,BS-kP11-22-30-bs716(547m) BS-kP11-22-30-bs729(700m) BS-kP11-22-30-bs734(782m),,provisional,30,名称未確認、公式情報または2情報源での確認が必要,"OpenStreetMap（© OpenStreetMap contributors, ODbL 1.0）Geofabrik japan-latest.osm.pbf 2026-09-23T20:22:04Z node/1398338431（登山道と道路の接続点）",
TH-n1398341897,trailhead,（名称未確認）,34.228392,135.606508,WGS84,706,楊柳山,関西百名山,,一般道との接続,楊柳山:1.14km,,,candidate,30,名称未確認、公式情報または2情報源での確認が必要,"OpenStreetMap（© OpenStreetMap contributors, ODbL 1.0）Geofabrik japan-latest.osm.pbf 2026-09-23T20:22:04Z node/1398341897（登山道と道路の接続点）",
TH-n1398344068,trailhead,（名称未確認）,34.230534,135.617205,WGS84,706,楊柳山,関西百名山,,一般道との接続,楊柳山:1.21km,,,candidate,30,名称未確認、公式情報または2情報源での確認が必要,"OpenStreetMap（© OpenStreetMap contributors, ODbL 1.0）Geofabrik japan-latest.osm.pbf 2026-09-23T20:22:04Z node/1398344068（登山道と道路の接続点）",
TH-n14016603363,trailhead,（名称未確認）,33.7070259,135.9178912,WGS84,813,烏帽子山,関西百名山,,一般道（県道以上）との接続,烏帽子山:3.03km,,,candidate,30,名称未確認、公式情報または2情報源での確認が必要,"OpenStreetMap（© OpenStreetMap contributors, ODbL 1.0）Geofabrik japan-latest.osm.pbf 2026-09-23T20:22:04Z node/14016603363（登山道と道路の接続点）",
TH-n1405413506,trailhead,（名称未確認）玉置川下バス停付近,33.907622,135.851791,WGS84,748,玉置山,関西百名山,,一般道との接続,玉置山:3.56km,BS-kP11-22-29-bs2873(198m) BS-kP11-22-29-bs2874(273m) BS-kP11-22-29-bs2872(941m),,provisional,30,名称未確認、公式情報または2情報源での確認が必要,"OpenStreetMap（© OpenStreetMap contributors, ODbL 1.0）Geofabrik japan-latest.osm.pbf 2026-09-23T20:22:04Z node/1405413506（登山道と道路の接続点）",
TH-n1405416687,trailhead,（名称未確認）,33.9164839,135.828898,WGS84,748,玉置山,関西百名山,,道路の終点付近,玉置山:1.29km,,,candidate,30,名称未確認、林道からの入口（マイカー進入可否を要確認）、公式情報または2情報源での確認が必要,"OpenStreetMap（© OpenStreetMap contributors, ODbL 1.0）Geofabrik japan-latest.osm.pbf 2026-09-23T20:22:04Z node/1405416687（登山道と道路の接続点）",
TH-n1405422538,trailhead,（名称未確認）小壁バス停付近,33.928089,135.696319,WGS84,759,冷水山,関西百名山,,一般道（県道以上）との接続,冷水山:8.94km,BS-kP11-22-29-bs2857(4m) BS-kP11-22-29-bs2843(423m) BS-kP11-22-29-bs2856(428m),,provisional,30,名称未確認、公式情報または2情報源での確認が必要,"OpenStreetMap（© OpenStreetMap contributors, ODbL 1.0）Geofabrik japan-latest.osm.pbf 2026-09-23T20:22:04Z node/1405422538（登山道と道路の接続点）",
TH-n1405424336,trailhead,玉置神社駐車場（玉置山）,33.929259,135.826505,WGS84,748,玉置山,関西百名山,,一般道との接続,玉置山:0.56km,PK-g3392926_1358265(0m),,provisional,30,登山道が道路を横断する地点（途中の入口の可能性）、公式情報または2情報源での確認が必要,"OpenStreetMap（© OpenStreetMap contributors, ODbL 1.0）Geofabrik japan-latest.osm.pbf 2026-09-23T20:22:04Z node/1405424336（登山道と道路の接続点） ｜ 登山記録で広く使われている登山口（登山記録・登山情報サイトで名称と利用を確認。公式情報では未確認） 2026-09-24確認",
TH-n1405459324,trailhead,（名称未確認）上葛川口バス停付近,33.962749,135.86201,WGS84,735,笠捨山,関西百名山,,一般道との接続,笠捨山:6.41km,BS-kP11-22-29-bs2763(107m) BS-kP11-22-29-bs2761(296m) BS-kP11-22-29-bs2770(631m),,provisional,30,名称未確認、公式情報または2情報源での確認が必要,"OpenStreetMap（© OpenStreetMap contributors, ODbL 1.0）Geofabrik japan-latest.osm.pbf 2026-09-23T20:22:04Z node/1405459324（登山道と道路の接続点）",
TH-n1405459503,trailhead,（名称未確認）上葛川口バス停付近,33.9630689,135.8657318,WGS84,735,笠捨山,関西百名山,,一般道との接続,笠捨山:5.6km,BS-kP11-22-29-bs2763(257m) BS-kP11-22-29-bs2764(600m) BS-kP11-22-29-bs2761(641m),,provisional,30,名称未確認、公式情報または2情報源での確認が必要,"OpenStreetMap（© OpenStreetMap contributors, ODbL 1.0）Geofabrik japan-latest.osm.pbf 2026-09-23T20:22:04Z node/1405459503（登山道と道路の接続点）",
TH-n1405459771,trailhead,上葛川登山口（笠捨山）,33.9632099,135.874647,WGS84,735,笠捨山,関西百名山,,一般道との接続,笠捨山:5.35km,BS-kP11-22-29-bs2764(247m),,provisional,30,公式情報または2情報源での確認が必要,"OpenStreetMap（© OpenStreetMap contributors, ODbL 1.0）Geofabrik japan-latest.osm.pbf 2026-09-23T20:22:04Z node/1405459771（登山道と道路の接続点） ｜ 登山記録で広く使われている登山口（登山記録・登山情報サイトで名称と利用を確認。公式情報では未確認） 2026-09-24確認",
TH-n1405463611,trailhead,（名称未確認）玉置山登山口バス停付近,33.9665427,135.8562724,WGS84,735,笠捨山,関西百名山,,一般道（県道以上）との接続,笠捨山:6.81km,PK-w454894836(180m) BS-kP11-22-29-bs2761(489m) BS-kP11-22-29-bs2760(685m) BS-kP11-22-29-bs2763(779m),,provisional,30,名称未確認、公式情報または2情報源での確認が必要,"OpenStreetMap（© OpenStreetMap contributors, ODbL 1.0）Geofabrik japan-latest.osm.pbf 2026-09-23T20:22:04Z node/1405463611（登山道と道路の接続点）",
TH-n1405525976,trailhead,（名称未確認）三田谷バス停付近,34.0370322,135.6921347,WGS84,727,伯母子岳,日本二百名山|日本三百名山|関西百名山,OSM登山道「Kohechi」、OSM登山道「熊野参詣道小辺路」,一般道（県道以上）との接続,伯母子岳:7.15km,PK-w576189234(391m) BS-kP11-22-29-bs2657(103m) BS-kP11-22-29-bs2659(212m) BS-kP11-22-29-bs2658(456m),OSM登山ルート: 熊野古道 小辺路,provisional,30,名称未確認、公式情報または2情報源での確認が必要,"OpenStreetMap（© OpenStreetMap contributors, ODbL 1.0）Geofabrik japan-latest.osm.pbf 2026-09-23T20:22:04Z node/1405525976（登山道と道路の接続点）",
TH-n1405535007,trailhead,（名称未確認）,34.0490009,135.653329,WGS84,727,伯母子岳,日本二百名山|日本三百名山|関西百名山,,一般道との接続,伯母子岳:4.78km,,,candidate,30,名称未確認、公式情報または2情報源での確認が必要,"OpenStreetMap（© OpenStreetMap contributors, ODbL 1.0）Geofabrik japan-latest.osm.pbf 2026-09-23T20:22:04Z node/1405535007（登山道と道路の接続点）",
TH-n1405537126,trailhead,（名称未確認）奥里バス停付近,34.0521766,135.8123177,WGS84,722,釈迦ヶ岳,日本二百名山|日本三百名山|関西百名山,,一般道との接続,釈迦ヶ岳:14.55km,BS-kP11-22-29-bs2636(108m),,provisional,30,名称未確認、公式情報または2情報源での確認が必要,"OpenStreetMap（© OpenStreetMap contributors, ODbL 1.0）Geofabrik japan-latest.osm.pbf 2026-09-23T20:22:04Z node/1405537126（登山道と道路の接続点）",
TH-n1405543158,trailhead,道の駅 田辺市龍神ごまさんスカイタワー（護摩壇山登山口）,34.06104,135.564621,WGS84,729,護摩壇山,日本三百名山|関西百名山,,道路の終点付近,護摩壇山:0.47km,PK-w460913000(114m) BS-kP11-22-30-bs1504(54m) BS-kP11-22-30-bs1505(54m),,adopted,15,"林道からの入口（マイカー進入可否を要確認）、高野龍神スカイライン（国道371号）で山頂近くまで車で行ける。バスも運行（和歌山県）、国土地理院 地名検索「道の駅「田辺市龍神ごまさんスカイタワー」」（34.061198, 135.564397、JGD2011）2026-09-20確認","OpenStreetMap（© OpenStreetMap contributors, ODbL 1.0）Geofabrik japan-latest.osm.pbf 2026-09-23T20:22:04Z node/1405543158（登山道と道路の接続点） ｜ 国土地理院 地名検索「道の駅「田辺市龍神ごまさんスカイタワー」」（34.061198, 135.564397、JGD2011、27m差）2026-09-20確認 ｜ 公式情報: https://www.pref.wakayama.lg.jp/prefg/081300/d00214482.html ｜ 公式情報: https://www.wakayama-kanko.or.jp/spots/detail_21.html",2026-09-20
TH-n1405550744,trailhead,（名称未確認）,34.073253,135.60623,WGS84,727,伯母子岳,日本二百名山|日本三百名山|関西百名山,,一般道との接続,伯母子岳:5.22km,,,candidate,30,名称未確認、公式情報または2情報源での確認が必要,"OpenStreetMap（© OpenStreetMap contributors, ODbL 1.0）Geofabrik japan-latest.osm.pbf 2026-09-23T20:22:04Z node/1405550744（登山道と道路の接続点）",
TH-n1405976010,trailhead,（名称未確認）,34.093344,136.104261,WGS84,718,大台ヶ原山,日本百名山|日本二百名山|日本三百名山|関西百名山|東海の百山,,一般道との接続,大台ヶ原山:15.05km,,,candidate,30,名称未確認、公式情報または2情報源での確認が必要,"OpenStreetMap（© OpenStreetMap contributors, ODbL 1.0）Geofabrik japan-latest.osm.pbf 2026-09-23T20:22:04Z node/1405976010（登山道と道路の接続点）",
TH-n1405989005,trailhead,（名称未確認）,34.134344,136.08838,WGS84,718,大台ヶ原山,日本百名山|日本二百名山|日本三百名山|関西百名山|東海の百山,,一般道との接続,大台ヶ原山:10.94km,,,candidate,30,名称未確認、公式情報または2情報源での確認が必要,"OpenStreetMap（© OpenStreetMap contributors, ODbL 1.0）Geofabrik japan-latest.osm.pbf 2026-09-23T20:22:04Z node/1405989005（登山道と道路の接続点）",
TH-n1406006804,trailhead,（名称未確認）天が瀬バス停付近,34.192985,135.992977,WGS84,700 705 710 714,山上ヶ岳、稲村ヶ岳、大普賢岳、行者還岳,日本三百名山|関西百名山,,一般道との接続,山上ヶ岳:11.16km 稲村ヶ岳:14.56km 大普賢岳:6.28km 行者還岳:9.27km,BS-kP11-22-29-bs2544(270m),,provisional,30,名称未確認、公式情報または2情報源での確認が必要,"OpenStreetMap（© OpenStreetMap contributors, ODbL 1.0）Geofabrik japan-latest.osm.pbf 2026-09-23T20:22:04Z node/1406006804（登山道と道路の接続点）",
TH-n1406045553,trailhead,（名称未確認）大迫口バス停付近,34.2754683,136.0074742,WGS84,700 705 710 714,山上ヶ岳、稲村ヶ岳、大普賢岳、行者還岳,日本三百名山|関西百名山,,一般道（県道以上）との接続,山上ヶ岳:10.09km 稲村ヶ岳:13.49km 大普賢岳:8.93km 行者還岳:12.63km,BS-kP11-22-29-bs2480(7m) BS-kP11-22-29-bs2481(7m) BS-kP11-22-29-bs2484(446m),,provisional,30,名称未確認、公式情報または2情報源での確認が必要,"OpenStreetMap（© OpenStreetMap contributors, ODbL 1.0）Geofabrik japan-latest.osm.pbf 2026-09-23T20:22:04Z node/1406045553（登山道と道路の接続点）",
TH-n1406062252,trailhead,（名称未確認）,34.334731,135.892956,WGS84,684,吉野山,関西百名山,,一般道との接続,吉野山:0.93km,,,candidate,30,名称未確認、公式情報または2情報源での確認が必要,"OpenStreetMap（© OpenStreetMap contributors, ODbL 1.0）Geofabrik japan-latest.osm.pbf 2026-09-23T20:22:04Z node/1406062252（登山道と道路の接続点）",
TH-n1406066764,trailhead,（名称未確認）,34.351155,135.911802,WGS84,684,吉野山,関西百名山,,一般道との接続,吉野山:2.96km,,,candidate,30,名称未確認、公式情報または2情報源での確認が必要,"OpenStreetMap（© OpenStreetMap contributors, ODbL 1.0）Geofabrik japan-latest.osm.pbf 2026-09-23T20:22:04Z node/1406066764（登山道と道路の接続点）",
TH-n1406089885,trailhead,（名称未確認）,34.3282969,135.8763424,WGS84,684,吉野山,関西百名山,,一般道との接続,吉野山:2.56km,,,candidate,30,名称未確認、公式情報または2情報源での確認が必要,"OpenStreetMap（© OpenStreetMap contributors, ODbL 1.0）Geofabrik japan-latest.osm.pbf 2026-09-23T20:22:04Z node/1406089885（登山道と道路の接続点）",
TH-n1406103440,trailhead,大股（伯母子岳登山口）,34.1057025,135.6310619,WGS84,727,伯母子岳,日本二百名山|日本三百名山|関西百名山,OSM登山道「Kohechi」,一般道（県道以上）との接続,伯母子岳:5.13km,,OSM登山ルート: 熊野古道 小辺路,adopted,15,大股は伯母子岳の登山口、国土地理院の地名とOSMの登山道の接続点の位置が一致（独立した2情報源）,"OpenStreetMap（© OpenStreetMap contributors, ODbL 1.0）Geofabrik japan-latest.osm.pbf 2026-09-23T20:22:04Z node/1406103440（登山道と道路の接続点） ｜ 国土地理院 地名検索「大股」（34.105322, 135.630828、JGD2011、47m差）2026-09-20確認",2026-09-20
TH-n1409986302,trailhead,（名称未確認）,35.136437,136.485244,WGS84,553 555 563 577,鈴北岳、御池岳、藤原岳、竜ヶ岳,東海の百山|関西百名山|日本三百名山,,一般道との接続,鈴北岳:11.21km 御池岳:10.67km 藤原岳:4.62km 竜ヶ岳:9.6km,PK-w1122905204(382m),,provisional,30,名称未確認、公式情報または2情報源での確認が必要,"OpenStreetMap（© OpenStreetMap contributors, ODbL 1.0）Geofabrik japan-latest.osm.pbf 2026-09-23T20:22:04Z node/1409986302（登山道と道路の接続点）",
TH-n1410019845,trailhead,（名称未確認）,35.1764151,136.4665259,WGS84,563,藤原岳,日本三百名山|関西百名山|東海の百山,,一般道との接続,藤原岳:3.26km,PK-w1122682974(467m),,provisional,30,名称未確認、登山道が道路を横断する地点（途中の入口の可能性）、公式情報または2情報源での確認が必要,"OpenStreetMap（© OpenStreetMap contributors, ODbL 1.0）Geofabrik japan-latest.osm.pbf 2026-09-23T20:22:04Z node/1410019845（登山道と道路の接続点）",
TH-n14102481246,trailhead,（名称未確認）,35.1568361,134.8883171,WGS84,571,千ヶ峰,関西百名山,,一般道との接続,千ヶ峰:2.64km,,,candidate,30,名称未確認、公式情報または2情報源での確認が必要,"OpenStreetMap（© OpenStreetMap contributors, ODbL 1.0）Geofabrik japan-latest.osm.pbf 2026-09-23T20:22:04Z node/14102481246（登山道と道路の接続点）",
TH-n1411236360,trailhead,（名称未確認）出灰バス停付近,34.9358344,135.6047235,WGS84,613,ポンポン山,関西百名山,,一般道との接続,ポンポン山:2.63km,BS-kP11-22-27-bs63(143m) BS-kP11-22-27-bs61(860m) BS-kP11-22-27-bs61(860m),,provisional,30,名称未確認、近くの道路にゲートあり（車両通行止め・季節閉鎖の可能性）、公式情報または2情報源での確認が必要,"OpenStreetMap（© OpenStreetMap contributors, ODbL 1.0）Geofabrik japan-latest.osm.pbf 2026-09-23T20:22:04Z node/1411236360（登山道と道路の接続点）",
TH-n1411239752,trailhead,武平峠,35.0107961,136.420116,WGS84,585 589 595 601 602 607 609 611 612,三池岳、釈迦ヶ岳、尾高山、雨乞岳、御在所岳、鎌ヶ岳、入道ヶ岳、宮指路岳、仙ヶ岳,東海の百山|日本二百名山|日本三百名山|関西百名山,,峠（道路との接続）,三池岳:14.48km 釈迦ヶ岳:11.27km 尾高山:14.28km 雨乞岳:9.57km 御在所岳:1.44km 鎌ヶ岳:1.36km 入道ヶ岳:6.52km 宮指路岳:6.99km 仙ヶ岳:8.85km,PK-w583822437(487m),,adopted,30,,"OpenStreetMap（© OpenStreetMap contributors, ODbL 1.0）Geofabrik japan-latest.osm.pbf 2026-09-23T20:22:04Z node/1411239752（登山道と道路の接続点） ｜ 国土地理院 地名検索「武平峠」（35.010591, 136.417322、JGD2011、256m差）2026-09-20確認",2026-09-20
TH-n1412886725,trailhead,弥山登山口（行者還トンネル西口）,34.188766,135.9368959,WGS84,700 710 714 719 722,山上ヶ岳、大普賢岳、行者還岳、大峰山、釈迦ヶ岳,日本三百名山|関西百名山|日本百名山|日本二百名山,,登山口（OSMの登山口地物）,山上ヶ岳:13.28km 大普賢岳:8.45km 行者還岳:4.78km 大峰山:4.81km 釈迦ヶ岳:13.28km,PK-n5624648722(23m) PK-n5624648721(77m),parking=行者還トンネル西口に駐車場あり（有料）; restriction=国道309号は大川口〜上北山村西原が冬期通行止め。白倉トンネルは高さ2.6m・長さ7mの制限,adopted,15,八経ヶ岳への最短ルートは行者還トンネル西口からの八経ヶ岳登山コース（天川村）、行者還トンネルへの道は道幅が狭く、白倉トンネルに高さ2.6mの制限がある（天川村）、弥山川遡行コースは初心者向きではないと案内されている（天川村）,"OpenStreetMap（© OpenStreetMap contributors, ODbL 1.0）Geofabrik japan-latest.osm.pbf 2026-09-23T20:22:04Z node/1412886725 ｜ 国土地理院ベクトルタイル提供実験 地理院地図の徒歩道の起点（34.188770, 135.937011、JGD2011、11m差）2026-09-24確認 ｜ 公式情報: https://www.vill.tenkawa.nara.jp/tourism/spot/5189/",2026-09-20
TH-n1420109237,trailhead,（名称未確認）,35.1430054,135.700759,WGS84,562,桟敷ヶ岳,関西百名山,,道路の終点付近,桟敷ヶ岳:3.3km,PK-w744200199(383m),,provisional,30,名称未確認、林道からの入口（マイカー進入可否を要確認）、公式情報または2情報源での確認が必要,"OpenStreetMap（© OpenStreetMap contributors, ODbL 1.0）Geofabrik japan-latest.osm.pbf 2026-09-23T20:22:04Z node/1420109237（登山道と道路の接続点）",
TH-n1420110265,trailhead,（名称未確認）,35.153498,135.705534,WGS84,562,桟敷ヶ岳,関西百名山,,道路の終点付近,桟敷ヶ岳:2.16km,,,candidate,30,名称未確認、林道からの入口（マイカー進入可否を要確認）、公式情報または2情報源での確認が必要,"OpenStreetMap（© OpenStreetMap contributors, ODbL 1.0）Geofabrik japan-latest.osm.pbf 2026-09-23T20:22:04Z node/1420110265（登山道と道路の接続点）",
TH-n1420111324,trailhead,祖父谷峠,35.16583,135.712545,WGS84,562,桟敷ヶ岳,関西百名山,,峠（道路との接続）,桟敷ヶ岳:1.23km,,,adopted,30,,"OpenStreetMap（© OpenStreetMap contributors, ODbL 1.0）Geofabrik japan-latest.osm.pbf 2026-09-23T20:22:04Z node/1420111324（登山道と道路の接続点） ｜ 国土地理院 地名検索「祖父谷峠」（35.166266, 135.712200、JGD2011、57m差）2026-09-20確認",2026-09-20
TH-n1423765193,trailhead,石榑峠,35.1082437,136.441412,WGS84,553 555 563 577,鈴北岳、御池岳、藤原岳、竜ヶ岳,東海の百山|関西百名山|日本三百名山,,峠（道路との接続）,鈴北岳:14.8km 御池岳:14.26km 藤原岳:8.21km 竜ヶ岳:1.76km,,,adopted,30,登山道が道路を横断する地点（途中の入口の可能性）、近くの道路にゲートあり（車両通行止め・季節閉鎖の可能性）,"OpenStreetMap（© OpenStreetMap contributors, ODbL 1.0）Geofabrik japan-latest.osm.pbf 2026-09-23T20:22:04Z node/1423765193（登山道と道路の接続点） ｜ 国土地理院 地名検索「石榑峠」（35.108110, 136.441017、JGD2011、39m差）2026-09-20確認",2026-09-20
TH-n1425278574,trailhead,法師山登山口（木守杣谷林道 トウベ谷出合）,33.717782,135.6479139,WGS84,808,法師山,関西百名山,,一般道との接続,法師山:2.06km,,,provisional,30,公式情報または2情報源での確認が必要,"OpenStreetMap（© OpenStreetMap contributors, ODbL 1.0）Geofabrik japan-latest.osm.pbf 2026-09-23T20:22:04Z node/1425278574（登山道と道路の接続点） ｜ 登山記録で広く使われている登山口（登山記録・登山情報サイトで名称と利用を確認。公式情報では未確認） 2026-09-24確認",
TH-n1425279843,trailhead,（名称未確認）,33.719741,135.605479,WGS84,807,半作嶺,関西百名山,,一般道との接続,半作嶺:1.17km,,,candidate,30,名称未確認、公式情報または2情報源での確認が必要,"OpenStreetMap（© OpenStreetMap contributors, ODbL 1.0）Geofabrik japan-latest.osm.pbf 2026-09-23T20:22:04Z node/1425279843（登山道と道路の接続点）",
TH-n1425281815,trailhead,（名称未確認）,33.723845,135.605614,WGS84,807,半作嶺,関西百名山,,一般道との接続,半作嶺:0.89km,,,candidate,30,名称未確認、公式情報または2情報源での確認が必要,"OpenStreetMap（© OpenStreetMap contributors, ODbL 1.0）Geofabrik japan-latest.osm.pbf 2026-09-23T20:22:04Z node/1425281815（登山道と道路の接続点）",
TH-n1425285442,trailhead,半作峠北登山口（半作嶺）,33.730565,135.602135,WGS84,807,半作嶺,関西百名山,,一般道との接続,半作嶺:0.55km,,,provisional,30,公式情報または2情報源での確認が必要,"OpenStreetMap（© OpenStreetMap contributors, ODbL 1.0）Geofabrik japan-latest.osm.pbf 2026-09-23T20:22:04Z node/1425285442（登山道と道路の接続点） ｜ 登山記録で広く使われている登山口（登山記録・登山情報サイトで名称と利用を確認。公式情報では未確認） 2026-09-24確認",
TH-n1425288596,trailhead,（名称未確認）,33.73362,135.687537,WGS84,781,大塔山,関西百名山,,道路の終点付近,大塔山:2.98km,,,candidate,30,名称未確認、林道からの入口（マイカー進入可否を要確認）、公式情報または2情報源での確認が必要,"OpenStreetMap（© OpenStreetMap contributors, ODbL 1.0）Geofabrik japan-latest.osm.pbf 2026-09-23T20:22:04Z node/1425288596（登山道と道路の接続点）",
TH-n1425292065,trailhead,（名称未確認）,33.737399,135.598775,WGS84,807,半作嶺,関西百名山,,一般道との接続,半作嶺:1.08km,,,candidate,30,名称未確認、公式情報または2情報源での確認が必要,"OpenStreetMap（© OpenStreetMap contributors, ODbL 1.0）Geofabrik japan-latest.osm.pbf 2026-09-23T20:22:04Z node/1425292065（登山道と道路の接続点）",
TH-n1425295276,trailhead,（名称未確認）,33.740284,135.709578,WGS84,781,大塔山,関西百名山,,道路の終点付近,大塔山:2.01km,,,candidate,30,名称未確認、林道からの入口（マイカー進入可否を要確認）、公式情報または2情報源での確認が必要,"OpenStreetMap（© OpenStreetMap contributors, ODbL 1.0）Geofabrik japan-latest.osm.pbf 2026-09-23T20:22:04Z node/1425295276（登山道と道路の接続点）",
TH-n1425296299,trailhead,（名称未確認）,33.742285,135.683087,WGS84,808,法師山,関西百名山,,林道との接続,法師山:2.7km,,,candidate,30,名称未確認、林道からの入口（マイカー進入可否を要確認）、公式情報または2情報源での確認が必要,"OpenStreetMap（© OpenStreetMap contributors, ODbL 1.0）Geofabrik japan-latest.osm.pbf 2026-09-23T20:22:04Z node/1425296299（登山道と道路の接続点）",
TH-n1425754828,trailhead,山在峠登山口（五大尊岳）,33.858714,135.79248,WGS84,762,五大尊岳,関西百名山,,一般道との接続,五大尊岳:4.18km,BS-kP11-22-30-bs2048(996m),,provisional,30,登山道が道路を横断する地点（途中の入口の可能性）、公式情報または2情報源での確認が必要,"OpenStreetMap（© OpenStreetMap contributors, ODbL 1.0）Geofabrik japan-latest.osm.pbf 2026-09-23T20:22:04Z node/1425754828（登山道と道路の接続点） ｜ 登山記録で広く使われている登山口（登山記録・登山情報サイトで名称と利用を確認。公式情報では未確認） 2026-09-24確認",
TH-n1425772237,trailhead,（名称未確認）中下番バス停付近,33.863939,135.735081,WGS84,759,冷水山,関西百名山,,一般道との接続,冷水山:12.57km,BS-kP11-22-30-bs2056(14m) BS-kP11-22-30-bs2063(609m) BS-kP11-22-30-bs2064(609m),,provisional,30,名称未確認、公式情報または2情報源での確認が必要,"OpenStreetMap（© OpenStreetMap contributors, ODbL 1.0）Geofabrik japan-latest.osm.pbf 2026-09-23T20:22:04Z node/1425772237（登山道と道路の接続点）",
TH-n1425775083,trailhead,（名称未確認）草合バス停付近,33.8699054,135.7672923,WGS84,762,五大尊岳,関西百名山,,一般道との接続,五大尊岳:6.27km,BS-kP11-22-30-bs2028(76m) BS-kP11-22-30-bs2038(359m) BS-kP11-22-30-bs2023(398m),,provisional,30,名称未確認、公式情報または2情報源での確認が必要,"OpenStreetMap（© OpenStreetMap contributors, ODbL 1.0）Geofabrik japan-latest.osm.pbf 2026-09-23T20:22:04Z node/1425775083（登山道と道路の接続点）",
TH-n1425781203,trailhead,（名称未確認）八木尾バス停付近,33.8795837,135.7602022,WGS84,759,冷水山,関西百名山,OSM登山道「小辺路」,一般道との接続,冷水山:14.34km,BS-kP11-22-30-bs2016(427m) BS-kP11-22-30-bs2017(427m) BS-kP11-22-30-bs2018(427m),OSM登山ルート: 熊野古道 小辺路,provisional,30,名称未確認、公式情報または2情報源での確認が必要,"OpenStreetMap（© OpenStreetMap contributors, ODbL 1.0）Geofabrik japan-latest.osm.pbf 2026-09-23T20:22:04Z node/1425781203（登山道と道路の接続点）",
TH-n1425828729,trailhead,（名称未確認）,34.0582312,135.5770825,WGS84,729,護摩壇山,日本三百名山|関西百名山,,道路の終点付近,護摩壇山:0.96km,,,candidate,30,名称未確認、林道からの入口（マイカー進入可否を要確認）、公式情報または2情報源での確認が必要,"OpenStreetMap（© OpenStreetMap contributors, ODbL 1.0）Geofabrik japan-latest.osm.pbf 2026-09-23T20:22:04Z node/1425828729（登山道と道路の接続点）",
TH-n1427144827,trailhead,（名称未確認）光陽台東バス停付近,34.3710993,135.5993079,WGS84,681,岩湧山,関西百名山,,一般道との接続,岩湧山:6.09km,PK-w652566960(302m) PK-w652566961(312m) PK-w652159224(370m) BS-kP11-22-30-bs2(805m),,provisional,30,名称未確認、公式情報または2情報源での確認が必要,"OpenStreetMap（© OpenStreetMap contributors, ODbL 1.0）Geofabrik japan-latest.osm.pbf 2026-09-23T20:22:04Z node/1427144827（登山道と道路の接続点）",
TH-n1429527213,trailhead,生石高原 山の家おいし（生石ヶ峰）,34.1056719,135.3259662,WGS84,723,生石ヶ峰,関西百名山,,一般道（県道以上）との接続,生石ヶ峰:0.85km,PK-g3410567_13532597(0m) PK-w616921748(49m) PK-w616921752(278m),,provisional,30,登山道が道路を横断する地点（途中の入口の可能性）、公式情報または2情報源での確認が必要,"OpenStreetMap（© OpenStreetMap contributors, ODbL 1.0）Geofabrik japan-latest.osm.pbf 2026-09-23T20:22:04Z node/1429527213（登山道と道路の接続点） ｜ 登山記録で広く使われている登山口（登山記録・登山情報サイトで名称と利用を確認。公式情報では未確認） 2026-09-24確認",
TH-n1429642256,trailhead,（名称未確認）高原バス停付近,34.218043,135.4135609,WGS84,704,龍門山,関西百名山,,一般道との接続,龍門山:2.73km,BS-kP11-22-30-bs768(857m),,provisional,30,名称未確認、公式情報または2情報源での確認が必要,"OpenStreetMap（© OpenStreetMap contributors, ODbL 1.0）Geofabrik japan-latest.osm.pbf 2026-09-23T20:22:04Z node/1429642256（登山道と道路の接続点）",
TH-n1429642536,trailhead,（名称未確認）黒川バス停付近,34.218556,135.4045889,WGS84,704,龍門山,関西百名山,,一般道との接続,龍門山:2.88km,BS-kP11-22-30-bs780(653m),,provisional,30,名称未確認、公式情報または2情報源での確認が必要,"OpenStreetMap（© OpenStreetMap contributors, ODbL 1.0）Geofabrik japan-latest.osm.pbf 2026-09-23T20:22:04Z node/1429642536（登山道と道路の接続点）",
TH-n1429644057,trailhead,（名称未確認）黒川バス停付近,34.220935,135.402581,WGS84,704,龍門山,関西百名山,,一般道との接続,龍門山:3.08km,BS-kP11-22-30-bs780(937m),,provisional,30,名称未確認、公式情報または2情報源での確認が必要,"OpenStreetMap（© OpenStreetMap contributors, ODbL 1.0）Geofabrik japan-latest.osm.pbf 2026-09-23T20:22:04Z node/1429644057（登山道と道路の接続点）",
TH-n1429644308,trailhead,（名称未確認）善田集会所前バス停付近,34.221296,135.394422,WGS84,704,龍門山,関西百名山,,一般道との接続,龍門山:2.75km,BS-kP11-22-30-bs690(258m) BS-kP11-22-30-bs782(984m),,provisional,30,名称未確認、公式情報または2情報源での確認が必要,"OpenStreetMap（© OpenStreetMap contributors, ODbL 1.0）Geofabrik japan-latest.osm.pbf 2026-09-23T20:22:04Z node/1429644308（登山道と道路の接続点）",
TH-n1429648911,trailhead,（名称未確認）善田集会所前バス停付近,34.227353,135.393459,WGS84,704,龍門山,関西百名山,,一般道との接続,龍門山:2.58km,BS-kP11-22-30-bs690(673m),,provisional,30,名称未確認、公式情報または2情報源での確認が必要,"OpenStreetMap（© OpenStreetMap contributors, ODbL 1.0）Geofabrik japan-latest.osm.pbf 2026-09-23T20:22:04Z node/1429648911（登山道と道路の接続点）",
TH-n1429695326,trailhead,（名称未確認）,34.3472295,135.4318288,WGS84,689,和泉葛城山,関西百名山,,一般道との接続,和泉葛城山:0.25km,PK-w761272317(289m) PK-w761272318(370m),,provisional,30,名称未確認、公式情報または2情報源での確認が必要,"OpenStreetMap（© OpenStreetMap contributors, ODbL 1.0）Geofabrik japan-latest.osm.pbf 2026-09-23T20:22:04Z node/1429695326（登山道と道路の接続点）",
TH-n1471491969,trailhead,（名称未確認）雛倉バス停付近,35.1483676,134.4315171,WGS84,570,日名倉山,関西百名山,,一般道との接続,日名倉山:2.31km,BS-kP11-22-28-bs1706(523m) BS-kP11-22-28-bs1680(594m) BS-kP11-22-28-bs1731(645m),,provisional,30,名称未確認、公式情報または2情報源での確認が必要,"OpenStreetMap（© OpenStreetMap contributors, ODbL 1.0）Geofabrik japan-latest.osm.pbf 2026-09-23T20:22:04Z node/1471491969（登山道と道路の接続点）",
TH-n1471492588,trailhead,（名称未確認）屋垣内バス停付近,35.1535319,134.4327106,WGS84,570,日名倉山,関西百名山,,一般道との接続,日名倉山:2.54km,BS-kP11-22-28-bs1680(143m) BS-kP11-22-28-bs1657(196m) BS-kP11-22-28-bs1706(551m),,provisional,30,名称未確認、公式情報または2情報源での確認が必要,"OpenStreetMap（© OpenStreetMap contributors, ODbL 1.0）Geofabrik japan-latest.osm.pbf 2026-09-23T20:22:04Z node/1471492588（登山道と道路の接続点）",
TH-n1471492994,trailhead,（名称未確認）奥西山公民館前バス停付近,35.1563765,134.4314161,WGS84,570,日名倉山,関西百名山,,一般道との接続,日名倉山:2.41km,BS-kP11-22-28-bs1657(192m) BS-kP11-22-28-bs1616(230m) BS-kP11-22-28-bs1615(387m),,provisional,30,名称未確認、公式情報または2情報源での確認が必要,"OpenStreetMap（© OpenStreetMap contributors, ODbL 1.0）Geofabrik japan-latest.osm.pbf 2026-09-23T20:22:04Z node/1471492994（登山道と道路の接続点）",
TH-n1471714535,trailhead,（名称未確認）,35.092005,134.647364,WGS84,587,雪彦山,関西百名山,,一般道（県道以上）との接続,雪彦山:3.44km,,,candidate,30,名称未確認、公式情報または2情報源での確認が必要,"OpenStreetMap（© OpenStreetMap contributors, ODbL 1.0）Geofabrik japan-latest.osm.pbf 2026-09-23T20:22:04Z node/1471714535（登山道と道路の接続点）",
TH-n1471752923,trailhead,（名称未確認）グリーンエコー笠形バス停付近,35.066307,134.815302,WGS84,591,笠形山,関西百名山,,一般道との接続,笠形山:2.41km,BS-kP11-22-28-bs2257(711m) BS-kP11-22-28-bs2258(711m),,provisional,30,名称未確認、公式情報または2情報源での確認が必要,"OpenStreetMap（© OpenStreetMap contributors, ODbL 1.0）Geofabrik japan-latest.osm.pbf 2026-09-23T20:22:04Z node/1471752923（登山道と道路の接続点）",
TH-n1471753350,trailhead,グリーンエコー笠形（笠形山登山口）,35.068206,134.812856,WGS84,591,笠形山,関西百名山,,一般道との接続,笠形山:2.9km,PK-w273505177(333m) PK-w273505178(442m) BS-kP11-22-28-bs2257(432m) BS-kP11-22-28-bs2258(432m),,provisional,30,公式情報または2情報源での確認が必要,"OpenStreetMap（© OpenStreetMap contributors, ODbL 1.0）Geofabrik japan-latest.osm.pbf 2026-09-23T20:22:04Z node/1471753350（登山道と道路の接続点） ｜ 登山記録で広く使われている登山口（登山記録・登山情報サイトで名称と利用を確認。公式情報では未確認） 2026-09-24確認",
TH-n1471771416,trailhead,（名称未確認）上垣内バス停付近,35.151257,134.872238,WGS84,571,千ヶ峰,関西百名山,,一般道との接続,千ヶ峰:1.47km,BS-kP11-22-28-bs1644(813m) BS-kP11-22-28-bs1645(813m) BS-kP11-22-28-bs1610(917m),,provisional,30,名称未確認、公式情報または2情報源での確認が必要,"OpenStreetMap（© OpenStreetMap contributors, ODbL 1.0）Geofabrik japan-latest.osm.pbf 2026-09-23T20:22:04Z node/1471771416（登山道と道路の接続点）",
TH-n1471771587,trailhead,（名称未確認）作畑バス停付近,35.15278,134.864313,WGS84,571,千ヶ峰,関西百名山,,一般道との接続,千ヶ峰:2.51km,BS-kP11-22-28-bs1665(268m) BS-kP11-22-28-bs1666(268m) BS-kP11-22-28-bs1644(399m),,provisional,30,名称未確認、公式情報または2情報源での確認が必要,"OpenStreetMap（© OpenStreetMap contributors, ODbL 1.0）Geofabrik japan-latest.osm.pbf 2026-09-23T20:22:04Z node/1471771587（登山道と道路の接続点）",
TH-n1471774274,trailhead,千町峠,35.184803,134.719778,WGS84,551,段ヶ峰,関西百名山,,峠（道路との接続）,段ヶ峰:1.22km,,,adopted,30,,"OpenStreetMap（© OpenStreetMap contributors, ODbL 1.0）Geofabrik japan-latest.osm.pbf 2026-09-23T20:22:04Z node/1471774274（登山道と道路の接続点） ｜ 国土地理院 地名検索「千町峠」（35.184796, 134.719675、JGD2011、9m差）2026-09-20確認",2026-09-20
TH-n1472584763,trailhead,七種神社鳥居前駐車場（七種山登山口）,35.0107659,134.702101,WGS84,603,七種山,関西百名山,,一般道との接続,七種山:0.66km,,parking=七種神社鳥居前駐車場 4台（福崎町観光協会）; course=鳥居前駐車場から七種の滝まで約300m（約15分）、七種の滝から山頂まで約1km（約40分）（福崎町観光協会）,adopted,15,作門寺山門から先はさらに道幅が狭くなる（福崎町観光協会）、登山道には作門寺山門前以外にトイレはない（福崎町観光協会）,"OpenStreetMap（© OpenStreetMap contributors, ODbL 1.0）Geofabrik japan-latest.osm.pbf 2026-09-23T20:22:04Z node/1472584763（登山道と道路の接続点） ｜ 公式情報: https://fukusakikankou.jp/wp-content/uploads/2024/04/%E4%B8%83%E7%A8%AE%E5%B1%B1%E7%99%BB%E5%B1%B1%E3%83%9E%E3%83%83%E3%83%97.pdf ｜ 公式情報: https://fukusaki-mountain.com/hiking-trail/4286/ ｜ 地理院地図の徒歩道が車道から始まる位置（35.011028, 134.701807）から39m、地理院地図の注記「七種滝」から91m、標高324m 2026-09-26確認",2026-09-26
TH-n1472585006,trailhead,（名称未確認）,35.018167,134.709431,WGS84,603,七種山,関西百名山,,一般道との接続,七種山:0.62km,,,candidate,30,名称未確認、公式情報または2情報源での確認が必要,"OpenStreetMap（© OpenStreetMap contributors, ODbL 1.0）Geofabrik japan-latest.osm.pbf 2026-09-23T20:22:04Z node/1472585006（登山道と道路の接続点）",
TH-n1478987248,trailhead,（名称未確認）つるが谷バス停付近,34.9217857,135.6017562,WGS84,613,ポンポン山,関西百名山,,一般道（県道以上）との接続,ポンポン山:3.11km,BS-kP11-22-27-bs72(5m) BS-kP11-22-26-bs3759(761m),,provisional,30,名称未確認、近くの道路にゲートあり（車両通行止め・季節閉鎖の可能性）、公式情報または2情報源での確認が必要,"OpenStreetMap（© OpenStreetMap contributors, ODbL 1.0）Geofabrik japan-latest.osm.pbf 2026-09-23T20:22:04Z node/1478987248（登山道と道路の接続点）",
TH-n1496057185,trailhead,奥千本口・金峯神社（吉野山 青根ヶ峰）,34.3429038,135.8814807,WGS84,684,吉野山,関西百名山,,一般道との接続,吉野山:0.71km,PK-n2863420801(123m) BS-kP11-22-29-bs2378(292m) BS-kP11-22-29-bs2364(780m),,provisional,30,公式情報または2情報源での確認が必要,"OpenStreetMap（© OpenStreetMap contributors, ODbL 1.0）Geofabrik japan-latest.osm.pbf 2026-09-23T20:22:04Z node/1496057185（登山道と道路の接続点） ｜ 登山記録で広く使われている登山口（登山記録・登山情報サイトで名称と利用を確認。公式情報では未確認） 2026-09-24確認",
TH-n1496074870,trailhead,（名称未確認）下柳バス停付近,34.423848,135.909742,WGS84,670,竜門岳,日本三百名山,,一般道との接続,竜門岳:3.24km,BS-kP11-22-29-bs1961(873m) BS-kP11-22-29-bs1964(926m) BS-kP11-22-29-bs1969(985m),,provisional,30,名称未確認、公式情報または2情報源での確認が必要,"OpenStreetMap（© OpenStreetMap contributors, ODbL 1.0）Geofabrik japan-latest.osm.pbf 2026-09-23T20:22:04Z node/1496074870（登山道と道路の接続点）",
TH-n1496075020,trailhead,（名称未確認）,34.4272214,135.8825759,WGS84,670,竜門岳,日本三百名山,,一般道（県道以上）との接続,竜門岳:2.3km,,,candidate,30,名称未確認、公式情報または2情報源での確認が必要,"OpenStreetMap（© OpenStreetMap contributors, ODbL 1.0）Geofabrik japan-latest.osm.pbf 2026-09-23T20:22:04Z node/1496075020（登山道と道路の接続点）",
TH-n1496076646,trailhead,（名称未確認）,34.444147,135.911049,WGS84,670,竜門岳,日本三百名山,,一般道との接続,竜門岳:1.82km,,,candidate,30,名称未確認、公式情報または2情報源での確認が必要,"OpenStreetMap（© OpenStreetMap contributors, ODbL 1.0）Geofabrik japan-latest.osm.pbf 2026-09-23T20:22:04Z node/1496076646（登山道と道路の接続点）",
TH-n1496076892,trailhead,（名称未確認）,34.447415,135.890589,WGS84,670,竜門岳,日本三百名山,,一般道との接続,竜門岳:1.47km,,,candidate,30,名称未確認、公式情報または2情報源での確認が必要,"OpenStreetMap（© OpenStreetMap contributors, ODbL 1.0）Geofabrik japan-latest.osm.pbf 2026-09-23T20:22:04Z node/1496076892（登山道と道路の接続点）",
TH-n1550334169,trailhead,（名称未確認）,34.9356743,135.4676214,WGS84,615,妙見山,関西百名山,,一般道との接続,妙見山:0.89km,PK-w1095338929(45m) PK-w1095338930(56m),,provisional,30,名称未確認、登山道が道路を横断する地点（途中の入口の可能性）、公式情報または2情報源での確認が必要,"OpenStreetMap（© OpenStreetMap contributors, ODbL 1.0）Geofabrik japan-latest.osm.pbf 2026-09-23T20:22:04Z node/1550334169（登山道と道路の接続点）",
TH-n1550350033,trailhead,（名称未確認）能勢町宿野バス停付近,34.9837493,135.4142485,WGS84,606,剣尾山,関西百名山,,一般道（県道以上）との接続,剣尾山:3.08km,BS-kP11-22-27-bs16(975m),,provisional,30,名称未確認、公式情報または2情報源での確認が必要,"OpenStreetMap（© OpenStreetMap contributors, ODbL 1.0）Geofabrik japan-latest.osm.pbf 2026-09-23T20:22:04Z node/1550350033（登山道と道路の接続点）",
TH-n1550351888,trailhead,（名称未確認）,34.9867285,135.390489,WGS84,606,剣尾山,関西百名山,,一般道との接続,剣尾山:2.68km,PK-w518236531(470m) PK-w518236533(483m) BS-n1516333324(448m) BS-n2674263999(555m) BS-n2674264003(652m),,provisional,30,名称未確認、公式情報または2情報源での確認が必要,"OpenStreetMap（© OpenStreetMap contributors, ODbL 1.0）Geofabrik japan-latest.osm.pbf 2026-09-23T20:22:04Z node/1550351888（登山道と道路の接続点）",
TH-n1550354177,trailhead,能勢温泉（剣尾山・横尾山登山口）,34.989858,135.390471,WGS84,606,剣尾山,関西百名山,,一般道との接続,剣尾山:2.35km,PK-w518236531(131m) PK-w518236530(157m) PK-w518236533(181m) BS-n2674263999(261m) BS-n2674264003(497m) BS-n1387083836(604m),,provisional,30,公式情報または2情報源での確認が必要,"OpenStreetMap（© OpenStreetMap contributors, ODbL 1.0）Geofabrik japan-latest.osm.pbf 2026-09-23T20:22:04Z node/1550354177（登山道と道路の接続点） ｜ 登山記録で広く使われている登山口（登山記録・登山情報サイトで名称と利用を確認。公式情報では未確認） 2026-09-24確認",
TH-n1560154171,trailhead,（名称未確認）篠山口駅バス停付近,35.0539378,135.1718432,WGS84,600,白髪岳,関西百名山,,一般道との接続,白髪岳:5.17km,PK-w473765223(437m) BS-kP11-22-28-bs2445(498m) BS-kP11-22-28-bs2450(510m) BS-kP11-22-28-bs2450(510m),,provisional,30,名称未確認、近くの道路にゲートあり（車両通行止め・季節閉鎖の可能性）、公式情報または2情報源での確認が必要,"OpenStreetMap（© OpenStreetMap contributors, ODbL 1.0）Geofabrik japan-latest.osm.pbf 2026-09-23T20:22:04Z node/1560154171（登山道と道路の接続点）",
TH-n1576346874,trailhead,（名称未確認）鱒釣場バス停付近,34.4129205,135.6513558,WGS84,676,金剛山,日本二百名山|日本三百名山|関西百名山,OSM登山道「妙見谷ルート」,一般道（県道以上）との接続,金剛山:2.46km,PK-w401127183(55m) BS-kP11-22-27-bs5086(280m) BS-kP11-22-27-bs5097(344m) BS-kP11-22-27-bs5019(546m),,provisional,30,名称未確認、公式情報または2情報源での確認が必要,"OpenStreetMap（© OpenStreetMap contributors, ODbL 1.0）Geofabrik japan-latest.osm.pbf 2026-09-23T20:22:04Z node/1576346874（登山道と道路の接続点） ｜ 国土地理院 地名検索「千早川」（34.411150, 135.651318、JGD2011、196m差）2026-09-20確認",2026-09-20
TH-n1576487143,trailhead,（名称未確認）河内バス停付近,34.472899,135.652271,WGS84,667,大和葛城山,日本三百名山|関西百名山,,一般道との接続,大和葛城山:4.32km,BS-kP11-22-27-bs4395(94m) BS-kP11-22-27-bs4395(94m) BS-kP11-22-27-bs4396(94m),,provisional,30,名称未確認、近くの道路にゲートあり（車両通行止め・季節閉鎖の可能性）、公式情報または2情報源での確認が必要,"OpenStreetMap（© OpenStreetMap contributors, ODbL 1.0）Geofabrik japan-latest.osm.pbf 2026-09-23T20:22:04Z node/1576487143（登山道と道路の接続点）",
TH-n1576490101,trailhead,（名称未確認）持尾バス停付近,34.48519,135.661269,WGS84,667,大和葛城山,日本三百名山|関西百名山,,一般道との接続,大和葛城山:6.19km,BS-kP11-22-27-bs4230(279m) BS-kP11-22-27-bs4278(411m),,provisional,30,名称未確認、公式情報または2情報源での確認が必要,"OpenStreetMap（© OpenStreetMap contributors, ODbL 1.0）Geofabrik japan-latest.osm.pbf 2026-09-23T20:22:04Z node/1576490101（登山道と道路の接続点）",
TH-n1576727511,trailhead,紀見峠,34.3779469,135.6037112,WGS84,681,岩湧山,関西百名山,,峠（道路との接続）,岩湧山:6.85km,,,adopted,30,登山道が道路を横断する地点（途中の入口の可能性）,"OpenStreetMap（© OpenStreetMap contributors, ODbL 1.0）Geofabrik japan-latest.osm.pbf 2026-09-23T20:22:04Z node/1576727511（登山道と道路の接続点） ｜ 国土地理院 地名検索「紀見峠」（34.377805, 135.603672、JGD2011、16m差）2026-09-20確認",2026-09-20
TH-n1576728876,trailhead,（名称未確認）岩湧の森 第１駐車場付近,34.3810814,135.5556569,WGS84,681,岩湧山,関西百名山,OSM登山道「いわわきの道」、OSM登山道「急坂の道」,一般道との接続,岩湧山:1.18km,PK-w759992541(415m),,provisional,30,名称未確認、登山道が道路を横断する地点（途中の入口の可能性）、公式情報または2情報源での確認が必要,"OpenStreetMap（© OpenStreetMap contributors, ODbL 1.0）Geofabrik japan-latest.osm.pbf 2026-09-23T20:22:04Z node/1576728876（登山道と道路の接続点）",
TH-n1576729669,trailhead,（名称未確認）夕月橋バス停付近,34.382083,135.525771,WGS84,681,岩湧山,関西百名山,,一般道との接続,岩湧山:2.86km,BS-kP11-22-27-bs5325(166m) BS-kP11-22-27-bs5326(166m) BS-kP11-22-27-bs5306(452m),,provisional,30,名称未確認、公式情報または2情報源での確認が必要,"OpenStreetMap（© OpenStreetMap contributors, ODbL 1.0）Geofabrik japan-latest.osm.pbf 2026-09-23T20:22:04Z node/1576729669（登山道と道路の接続点）",
TH-n1576730240,trailhead,（名称未確認）岩湧の森 第１駐車場付近,34.3837611,135.5597789,WGS84,681,岩湧山,関西百名山,OSM登山道「みはらしの道」,一般道との接続,岩湧山:3.13km,PK-w759992541(78m),,provisional,30,名称未確認、公式情報または2情報源での確認が必要,"OpenStreetMap（© OpenStreetMap contributors, ODbL 1.0）Geofabrik japan-latest.osm.pbf 2026-09-23T20:22:04Z node/1576730240（登山道と道路の接続点）",
TH-n1610311502,trailhead,（名称未確認）,34.678899,135.6749943,WGS84,635,生駒山,関西百名山,,一般道との接続,生駒山:0.37km,PK-w200291034(495m),,provisional,30,名称未確認、登山道が道路を横断する地点（途中の入口の可能性）、近くの道路にゲートあり（車両通行止め・季節閉鎖の可能性）、公式情報または2情報源での確認が必要,"OpenStreetMap（© OpenStreetMap contributors, ODbL 1.0）Geofabrik japan-latest.osm.pbf 2026-09-23T20:22:04Z node/1610311502（登山道と道路の接続点）",
TH-n1610316417,trailhead,（名称未確認）,34.6834359,135.676373,WGS84,635,生駒山,関西百名山,,一般道との接続,生駒山:0.65km,PK-w200291034(362m),,provisional,30,名称未確認、登山道が道路を横断する地点（途中の入口の可能性）、近くの道路にゲートあり（車両通行止め・季節閉鎖の可能性）、公式情報または2情報源での確認が必要,"OpenStreetMap（© OpenStreetMap contributors, ODbL 1.0）Geofabrik japan-latest.osm.pbf 2026-09-23T20:22:04Z node/1610316417（登山道と道路の接続点）",
TH-n1616752749,trailhead,（名称未確認）駐車場付近,34.4624936,135.70459,WGS84,667,大和葛城山,日本三百名山|関西百名山,,一般道との接続,大和葛城山:2.59km,PK-w357046987(326m) PK-w295212260(334m) PK-w1396026195(352m) BS-kP11-22-29-bs1836(264m) BS-kP11-22-29-bs1836(264m) BS-kP11-22-29-bs1853(374m),,provisional,30,名称未確認、公式情報または2情報源での確認が必要,"OpenStreetMap（© OpenStreetMap contributors, ODbL 1.0）Geofabrik japan-latest.osm.pbf 2026-09-23T20:22:04Z node/1616752749（登山道と道路の接続点）",
TH-n1629277061,trailhead,（名称未確認）ケーブル黒川駅バス停付近,34.9187451,135.4499211,WGS84,615,妙見山,関西百名山,,一般道（県道以上）との接続,妙見山:2.81km,PK-w751593543(316m) BS-kP11-22-28-bs3692(289m) BS-kP11-22-28-bs3692(289m) BS-kP11-22-28-bs3692(289m),,provisional,30,名称未確認、登山道が道路を横断する地点（途中の入口の可能性）、公式情報または2情報源での確認が必要,"OpenStreetMap（© OpenStreetMap contributors, ODbL 1.0）Geofabrik japan-latest.osm.pbf 2026-09-23T20:22:04Z node/1629277061（登山道と道路の接続点）",
TH-n1651260849,trailhead,（名称未確認）原バス停付近,35.071664,135.6112364,WGS84,593,愛宕山,日本三百名山|関西百名山,,一般道（県道以上）との接続,愛宕山:2.95km,BS-kP11-22-26-bs1868(74m) BS-kP11-22-26-bs1855(369m),,provisional,30,名称未確認、登山道が道路を横断する地点（途中の入口の可能性）、公式情報または2情報源での確認が必要,"OpenStreetMap（© OpenStreetMap contributors, ODbL 1.0）Geofabrik japan-latest.osm.pbf 2026-09-23T20:22:04Z node/1651260849（登山道と道路の接続点）",
TH-n1651261599,trailhead,（名称未確認）宕陰出張所前バス停付近,35.0749909,135.6107884,WGS84,593,愛宕山,日本三百名山|関西百名山,,一般道（県道以上）との接続,愛宕山:3.58km,BS-kP11-22-26-bs1855(1m) BS-kP11-22-26-bs1868(297m) BS-kP11-22-26-bs1819(815m),,provisional,30,名称未確認、公式情報または2情報源での確認が必要,"OpenStreetMap（© OpenStreetMap contributors, ODbL 1.0）Geofabrik japan-latest.osm.pbf 2026-09-23T20:22:04Z node/1651261599（登山道と道路の接続点）",
TH-n1657308487,trailhead,（名称未確認）肱谷バス停付近,35.274165,135.488815,WGS84,514,長老ヶ岳,関西百名山,,一般道との接続,長老ヶ岳:4.59km,BS-kP11-22-26-bs1333(828m),,provisional,30,名称未確認、公式情報または2情報源での確認が必要,"OpenStreetMap（© OpenStreetMap contributors, ODbL 1.0）Geofabrik japan-latest.osm.pbf 2026-09-23T20:22:04Z node/1657308487（登山道と道路の接続点）",
TH-n1657309342,trailhead,（名称未確認）保育所前バス停付近,35.276989,135.50376,WGS84,514,長老ヶ岳,関西百名山,,一般道との接続,長老ヶ岳:4.76km,BS-kP11-22-26-bs1313(347m) BS-kP11-22-26-bs1318(479m) BS-kP11-22-26-bs1327(701m),,provisional,30,名称未確認、公式情報または2情報源での確認が必要,"OpenStreetMap（© OpenStreetMap contributors, ODbL 1.0）Geofabrik japan-latest.osm.pbf 2026-09-23T20:22:04Z node/1657309342（登山道と道路の接続点）",
TH-n1659148356,trailhead,（名称未確認）,35.496868,135.254117,WGS84,440,由良ヶ岳,関西百名山,,道路の終点付近,由良ヶ岳:2.34km,,,candidate,30,名称未確認、林道からの入口（マイカー進入可否を要確認）、公式情報または2情報源での確認が必要,"OpenStreetMap（© OpenStreetMap contributors, ODbL 1.0）Geofabrik japan-latest.osm.pbf 2026-09-23T20:22:04Z node/1659148356（登山道と道路の接続点）",
TH-n1662169289,trailhead,（名称未確認）,35.3980279,135.390694,WGS84,486,弥仙山,関西百名山,,一般道との接続,弥仙山:1.48km,,,candidate,30,名称未確認、公式情報または2情報源での確認が必要,"OpenStreetMap（© OpenStreetMap contributors, ODbL 1.0）Geofabrik japan-latest.osm.pbf 2026-09-23T20:22:04Z node/1662169289（登山道と道路の接続点）",
TH-n1667076503,trailhead,（名称未確認）,35.499798,135.282253,WGS84,440,由良ヶ岳,関西百名山,,道路の終点付近,由良ヶ岳:3.23km,,,candidate,30,名称未確認、林道からの入口（マイカー進入可否を要確認）、公式情報または2情報源での確認が必要,"OpenStreetMap（© OpenStreetMap contributors, ODbL 1.0）Geofabrik japan-latest.osm.pbf 2026-09-23T20:22:04Z node/1667076503（登山道と道路の接続点）",
TH-n1667082216,trailhead,（名称未確認）,35.514285,135.274074,WGS84,440,由良ヶ岳,関西百名山,,一般道との接続,由良ヶ岳:2.53km,,,candidate,30,名称未確認、公式情報または2情報源での確認が必要,"OpenStreetMap（© OpenStreetMap contributors, ODbL 1.0）Geofabrik japan-latest.osm.pbf 2026-09-23T20:22:04Z node/1667082216（登山道と道路の接続点）",
TH-n1667087137,trailhead,由良ヶ岳登山口（丹後由良）,35.520771,135.2481699,WGS84,440,由良ヶ岳,関西百名山,,一般道との接続,由良ヶ岳:1.89km,,,provisional,30,公式情報または2情報源での確認が必要,"OpenStreetMap（© OpenStreetMap contributors, ODbL 1.0）Geofabrik japan-latest.osm.pbf 2026-09-23T20:22:04Z node/1667087137（登山道と道路の接続点） ｜ 登山記録で広く使われている登山口（登山記録・登山情報サイトで名称と利用を確認。公式情報では未確認） 2026-09-24確認",
TH-n1668477327,trailhead,成井登山口（高御位山）,34.813476,134.799288,WGS84,624,高御位山,関西百名山,,一般道との接続,高御位山:0.67km,PK-g3481348_13479929(0m) PK-n4111339655(66m) BS-kP11-22-28-bs5520(409m) BS-kP11-22-28-bs5468(469m) BS-kP11-22-28-bs5419(628m),,provisional,30,登山道が道路を横断する地点（途中の入口の可能性）、公式情報または2情報源での確認が必要,"OpenStreetMap（© OpenStreetMap contributors, ODbL 1.0）Geofabrik japan-latest.osm.pbf 2026-09-23T20:22:04Z node/1668477327（登山道と道路の接続点） ｜ 登山記録で広く使われている登山口（登山記録・登山情報サイトで名称と利用を確認。公式情報では未確認） 2026-09-24確認",
TH-n1668477701,trailhead,（名称未確認）こども療育センター駐車場付近,34.8145927,134.8035525,WGS84,624,高御位山,関西百名山,,一般道（県道以上）との接続,高御位山:1.25km,PK-n4111339655(363m) PK-w1150059209(442m) BS-kP11-22-28-bs5520(19m) BS-kP11-22-28-bs5468(247m) BS-kP11-22-28-bs5509(429m),,provisional,30,名称未確認、公式情報または2情報源での確認が必要,"OpenStreetMap（© OpenStreetMap contributors, ODbL 1.0）Geofabrik japan-latest.osm.pbf 2026-09-23T20:22:04Z node/1668477701（登山道と道路の接続点）",
TH-n1669303052,trailhead,（名称未確認）,35.44822,135.103248,WGS84,462,大江山,関西百名山,,道路の終点付近,大江山:0.74km,,,candidate,30,名称未確認、林道からの入口（マイカー進入可否を要確認）、公式情報または2情報源での確認が必要,"OpenStreetMap（© OpenStreetMap contributors, ODbL 1.0）Geofabrik japan-latest.osm.pbf 2026-09-23T20:22:04Z node/1669303052（登山道と道路の接続点）",
TH-n1670354187,trailhead,（名称未確認）,35.432038,135.108241,WGS84,462,大江山,関西百名山,,一般道との接続,大江山:3.08km,,,candidate,30,名称未確認、公式情報または2情報源での確認が必要,"OpenStreetMap（© OpenStreetMap contributors, ODbL 1.0）Geofabrik japan-latest.osm.pbf 2026-09-23T20:22:04Z node/1670354187（登山道と道路の接続点）",
TH-n1670355603,trailhead,（名称未確認）,35.436392,135.105936,WGS84,462,大江山,関西百名山,,一般道との接続,大江山:2.91km,,,candidate,30,名称未確認、公式情報または2情報源での確認が必要,"OpenStreetMap（© OpenStreetMap contributors, ODbL 1.0）Geofabrik japan-latest.osm.pbf 2026-09-23T20:22:04Z node/1670355603（登山道と道路の接続点）",
TH-n1675648838,trailhead,（名称未確認）大迫バス停付近,35.26518,135.435628,WGS84,514,長老ヶ岳,関西百名山,,一般道との接続,長老ヶ岳:7.26km,BS-kP11-22-26-bs1350(151m) BS-kP11-22-26-bs1349(486m) BS-kP11-22-26-bs1357(720m),,provisional,30,名称未確認、登山道が道路を横断する地点（途中の入口の可能性）、公式情報または2情報源での確認が必要,"OpenStreetMap（© OpenStreetMap contributors, ODbL 1.0）Geofabrik japan-latest.osm.pbf 2026-09-23T20:22:04Z node/1675648838（登山道と道路の接続点）",
TH-n1677830109,trailhead,弥仙山登山口（水分神社）,35.385217,135.367008,WGS84,486,弥仙山,関西百名山,,道路の終点付近,弥仙山:1.37km,,,provisional,30,公式情報または2情報源での確認が必要,"OpenStreetMap（© OpenStreetMap contributors, ODbL 1.0）Geofabrik japan-latest.osm.pbf 2026-09-23T20:22:04Z node/1677830109（登山道と道路の接続点） ｜ 登山記録で広く使われている登山口（登山記録・登山情報サイトで名称と利用を確認。公式情報では未確認） 2026-09-24確認",
TH-n1678356596,trailhead,諭鶴羽神社（諭鶴羽山）,34.232774,134.815492,WGS84,707,諭鶴羽山,関西百名山,OSM登山道「灘市線」,一般道との接続,諭鶴羽山:0.54km,PK-g3423277_13481549(0m),,provisional,30,公式情報または2情報源での確認が必要,"OpenStreetMap（© OpenStreetMap contributors, ODbL 1.0）Geofabrik japan-latest.osm.pbf 2026-09-23T20:22:04Z node/1678356596（登山道と道路の接続点） ｜ 登山記録で広く使われている登山口（登山記録・登山情報サイトで名称と利用を確認。公式情報では未確認） 2026-09-24確認",
TH-n1678365110,trailhead,（名称未確認）,34.2464132,134.7976839,WGS84,707,諭鶴羽山,関西百名山,,一般道との接続,諭鶴羽山:2.11km,,,candidate,30,名称未確認、公式情報または2情報源での確認が必要,"OpenStreetMap（© OpenStreetMap contributors, ODbL 1.0）Geofabrik japan-latest.osm.pbf 2026-09-23T20:22:04Z node/1678365110（登山道と道路の接続点）",
TH-n1678366084,trailhead,諭鶴羽ダム（諭鶴羽山 裏参道登山口）,34.249142,134.796893,WGS84,707,諭鶴羽山,関西百名山,OSM登山道「灘市線」,一般道（県道以上）との接続,諭鶴羽山:2.66km,PK-g3424914_13479689(0m),,provisional,30,公式情報または2情報源での確認が必要,"OpenStreetMap（© OpenStreetMap contributors, ODbL 1.0）Geofabrik japan-latest.osm.pbf 2026-09-23T20:22:04Z node/1678366084（登山道と道路の接続点） ｜ 登山記録で広く使われている登山口（登山記録・登山情報サイトで名称と利用を確認。公式情報では未確認） 2026-09-24確認",
TH-n1681430791,trailhead,（名称未確認）,35.7232475,135.1212706,WGS84,401,依遅ヶ尾山,関西百名山,,一般道（県道以上）との接続,依遅ヶ尾山:2.63km,,,candidate,30,名称未確認、公式情報または2情報源での確認が必要,"OpenStreetMap（© OpenStreetMap contributors, ODbL 1.0）Geofabrik japan-latest.osm.pbf 2026-09-23T20:22:04Z node/1681430791（登山道と道路の接続点）",
TH-n1681431113,trailhead,（名称未確認）,35.7267151,135.125071,WGS84,401,依遅ヶ尾山,関西百名山,,一般道（県道以上）との接続,依遅ヶ尾山:1.39km,,,candidate,30,名称未確認、公式情報または2情報源での確認が必要,"OpenStreetMap（© OpenStreetMap contributors, ODbL 1.0）Geofabrik japan-latest.osm.pbf 2026-09-23T20:22:04Z node/1681431113（登山道と道路の接続点）",
TH-n1681431802,trailhead,（名称未確認）,35.7342317,135.1516967,WGS84,401,依遅ヶ尾山,関西百名山,,道路の終点付近,依遅ヶ尾山:1.28km,,,candidate,30,名称未確認、公式情報または2情報源での確認が必要,"OpenStreetMap（© OpenStreetMap contributors, ODbL 1.0）Geofabrik japan-latest.osm.pbf 2026-09-23T20:22:04Z node/1681431802（登山道と道路の接続点）",
TH-n1681433101,trailhead,（名称未確認）屏風岩バス停付近,35.742125,135.130133,WGS84,401,依遅ヶ尾山,関西百名山,,一般道との接続,依遅ヶ尾山:1.11km,BS-kP11-22-26-bs22(217m) BS-n10220755223(476m) BS-n10220755222(483m),,provisional,30,名称未確認、公式情報または2情報源での確認が必要,"OpenStreetMap（© OpenStreetMap contributors, ODbL 1.0）Geofabrik japan-latest.osm.pbf 2026-09-23T20:22:04Z node/1681433101（登山道と道路の接続点）",
TH-n1686912330,trailhead,（名称未確認）長浜市立湖北病院バス停付近,35.5062735,136.207631,WGS84,447,賤ヶ岳,関西百名山|東海の百山,,一般道との接続,賤ヶ岳:1.49km,PK-w834945794(444m) BS-kP11-22-25-bs58(563m) BS-kP11-22-25-bs62(637m),,provisional,30,名称未確認、近くの道路にゲートあり（車両通行止め・季節閉鎖の可能性）、公式情報または2情報源での確認が必要,"OpenStreetMap（© OpenStreetMap contributors, ODbL 1.0）Geofabrik japan-latest.osm.pbf 2026-09-23T20:22:04Z node/1686912330（登山道と道路の接続点）",
TH-n1686914237,trailhead,（名称未確認）坂口バス停付近,35.5202826,136.2133955,WGS84,447,賤ヶ岳,関西百名山|東海の百山,,一般道との接続,賤ヶ岳:2.98km,PK-w444083172(315m) PK-w444083203(415m) BS-kP11-22-25-bs44(584m),,provisional,30,名称未確認、近くの道路にゲートあり（車両通行止め・季節閉鎖の可能性）、公式情報または2情報源での確認が必要,"OpenStreetMap（© OpenStreetMap contributors, ODbL 1.0）Geofabrik japan-latest.osm.pbf 2026-09-23T20:22:04Z node/1686914237（登山道と道路の接続点）",
TH-n1686918549,trailhead,（名称未確認）余呉駅バス停付近,35.5329438,136.2029444,WGS84,447,賤ヶ岳,関西百名山|東海の百山,,一般道（県道以上）との接続,賤ヶ岳:3.87km,PK-w834429500(281m) PK-w834429501(330m) BS-kP11-22-25-bs38(315m) BS-kP11-22-25-bs39(463m) BS-kP11-22-25-bs42(693m),,provisional,30,名称未確認、公式情報または2情報源での確認が必要,"OpenStreetMap（© OpenStreetMap contributors, ODbL 1.0）Geofabrik japan-latest.osm.pbf 2026-09-23T20:22:04Z node/1686918549（登山道と道路の接続点）",
TH-n1726148687,trailhead,（名称未確認）鉢伏バス停付近,35.376433,134.527712,WGS84,493,氷ノ山,日本二百名山|日本三百名山|関西百名山|中国百名山,,一般道との接続,氷ノ山:6.11km,BS-kP11-22-28-bs941(356m) BS-kP11-22-28-bs943(412m) BS-kP11-22-28-bs955(942m),,provisional,30,名称未確認、公式情報または2情報源での確認が必要,"OpenStreetMap（© OpenStreetMap contributors, ODbL 1.0）Geofabrik japan-latest.osm.pbf 2026-09-23T20:22:04Z node/1726148687（登山道と道路の接続点）",
TH-n1726176706,trailhead,福定親水公園（氷ノ山 氷ノ越コース登山口）,35.36937,134.521663,WGS84,493,氷ノ山,日本二百名山|日本三百名山|関西百名山|中国百名山,,一般道との接続,氷ノ山:4.05km,BS-kP11-22-28-bs943(950m) BS-kP11-22-28-bs941(995m),,provisional,30,公式情報または2情報源での確認が必要,"OpenStreetMap（© OpenStreetMap contributors, ODbL 1.0）Geofabrik japan-latest.osm.pbf 2026-09-23T20:22:04Z node/1726176706（登山道と道路の接続点） ｜ 登山記録で広く使われている登山口（登山記録・登山情報サイトで名称と利用を確認。公式情報では未確認） 2026-09-26確認",
TH-n1726178654,trailhead,（名称未確認）小代越付近,35.3890182,134.5209384,WGS84,483 493,鉢伏山、氷ノ山,関西百名山|日本二百名山|日本三百名山|中国百名山,,峠（道路との接続）,鉢伏山:1.67km 氷ノ山:5.32km,,,candidate,30,名称未確認、登山道が道路を横断する地点（途中の入口の可能性）、公式情報または2情報源での確認が必要,"OpenStreetMap（© OpenStreetMap contributors, ODbL 1.0）Geofabrik japan-latest.osm.pbf 2026-09-23T20:22:04Z node/1726178654（登山道と道路の接続点） ｜ 国土地理院 地名検索「小代越」（35.389043, 134.520914、JGD2011、4m差）2026-09-20確認",2026-09-20
TH-n1733817344,trailhead,（名称未確認）灘丸山公園前バス停付近,34.7259101,135.2198927,WGS84,633,摩耶山,関西百名山,OSM登山道「摩耶山方面第１５号線」,一般道との接続,摩耶山:2.06km,PK-w422533773(130m) PK-w422533759(299m) PK-w422533781(301m) BS-kP11-22-28-bs7906(256m) BS-kP11-22-28-bs7932(368m) BS-kP11-22-28-bs7945(462m),,provisional,30,名称未確認、近くの道路にゲートあり（車両通行止め・季節閉鎖の可能性）、公式情報または2情報源での確認が必要,"OpenStreetMap（© OpenStreetMap contributors, ODbL 1.0）Geofabrik japan-latest.osm.pbf 2026-09-23T20:22:04Z node/1733817344（登山道と道路の接続点）",
TH-n1736304783,trailhead,（名称未確認）寺口駐車場バス停付近,34.479205,135.703809,WGS84,667,大和葛城山,日本三百名山|関西百名山,,一般道との接続,大和葛城山:4.22km,PK-w454304244(322m) PK-w454304242(369m) BS-kP11-22-29-bs1706(734m) BS-kP11-22-29-bs1696(914m),,provisional,30,名称未確認、公式情報または2情報源での確認が必要,"OpenStreetMap（© OpenStreetMap contributors, ODbL 1.0）Geofabrik japan-latest.osm.pbf 2026-09-23T20:22:04Z node/1736304783（登山道と道路の接続点）",
TH-n1736314207,trailhead,（名称未確認）ゆうあいステーションバス停付近,34.5182808,135.6861818,WGS84,653,二上山,関西百名山,,一般道との接続,二上山:1.99km,BS-kP11-22-29-bs1451(741m) BS-kP11-22-29-bs1426(873m),,provisional,30,名称未確認、近くの道路にゲートあり（車両通行止め・季節閉鎖の可能性）、公式情報または2情報源での確認が必要,"OpenStreetMap（© OpenStreetMap contributors, ODbL 1.0）Geofabrik japan-latest.osm.pbf 2026-09-23T20:22:04Z node/1736314207（登山道と道路の接続点）",
TH-n1736314857,trailhead,（名称未確認）新在家公民館バス停付近,34.5226189,135.6910201,WGS84,653,二上山,関西百名山,,一般道との接続,二上山:1.41km,PK-w919734507(423m) BS-kP11-22-29-bs1426(236m) BS-kP11-22-29-bs1451(432m) BS-kP11-22-29-bs1410(453m),,provisional,30,名称未確認、近くの道路にゲートあり（車両通行止め・季節閉鎖の可能性）、公式情報または2情報源での確認が必要,"OpenStreetMap（© OpenStreetMap contributors, ODbL 1.0）Geofabrik japan-latest.osm.pbf 2026-09-23T20:22:04Z node/1736314857（登山道と道路の接続点）",
TH-n1736315294,trailhead,（名称未確認）加守南池バス停付近,34.5307628,135.688701,WGS84,653,二上山,関西百名山,,一般道との接続,二上山:1.33km,BS-kP11-22-29-bs1377(74m) BS-kP11-22-29-bs1368(511m) BS-kP11-22-29-bs1362(606m),,provisional,30,名称未確認、公式情報または2情報源での確認が必要,"OpenStreetMap（© OpenStreetMap contributors, ODbL 1.0）Geofabrik japan-latest.osm.pbf 2026-09-23T20:22:04Z node/1736315294（登山道と道路の接続点）",
TH-n1742537825,trailhead,（名称未確認）,35.5131497,135.925622,WGS84,450,三十三間山,関西百名山,,道路の終点付近,三十三間山:3.57km,,,candidate,30,名称未確認、林道からの入口（マイカー進入可否を要確認）、公式情報または2情報源での確認が必要,"OpenStreetMap（© OpenStreetMap contributors, ODbL 1.0）Geofabrik japan-latest.osm.pbf 2026-09-23T20:22:04Z node/1742537825（登山道と道路の接続点）",
TH-n1742538233,trailhead,（名称未確認）,35.5173368,135.9389998,WGS84,450,三十三間山,関西百名山,,道路の終点付近,三十三間山:3.07km,,,candidate,30,名称未確認、林道からの入口（マイカー進入可否を要確認）、公式情報または2情報源での確認が必要,"OpenStreetMap（© OpenStreetMap contributors, ODbL 1.0）Geofabrik japan-latest.osm.pbf 2026-09-23T20:22:04Z node/1742538233（登山道と道路の接続点）",
TH-n1742841008,trailhead,湯の山温泉駅（御在所ロープウエイ）,35.0168252,136.44628,WGS84,585 589 595 601 602 607 609 611 612,三池岳、釈迦ヶ岳、尾高山、雨乞岳、御在所岳、鎌ヶ岳、入道ヶ岳、宮指路岳、仙ヶ岳,東海の百山|日本二百名山|日本三百名山|関西百名山,,索道駅（ロープウェイ・ゴンドラ）,三池岳:13.07km 釈迦ヶ岳:15.87km 尾高山:12.87km 雨乞岳:14.17km 御在所岳:6.06km 鎌ヶ岳:3.44km 入道ヶ岳:8.3km 宮指路岳:8.78km 仙ヶ岳:10.64km,PK-w162380238(92m) PK-w425039861(128m) PK-w1190517292(257m) BS-kP11-22-24-bs643(94m) BS-kP11-22-24-bs649(259m) BS-kP11-22-24-bs638(1000m),parking=町営の無料駐車場（割谷・蒼滝）と有料の湯の山パーキングセンター（料金は案内により異なる）; restriction=中登山道は通行止め（2025年5月25日〜、当面の間）,adopted,15,近くの道路にゲートあり（車両通行止め・季節閉鎖の可能性）、登山者用の無料駐車場（割谷・蒼滝）と有料駐車場が案内されている（御在所ロープウエイ・菰野町観光協会）,"OpenStreetMap（© OpenStreetMap contributors, ODbL 1.0）Geofabrik japan-latest.osm.pbf 2026-09-23T20:22:04Z node/1742841008 ｜ 国土地理院 地名検索「湯の山温泉駅」（35.016725, 136.446824、JGD2011、51m差）2026-09-20確認 ｜ 公式情報: https://www.gozaisho.co.jp/news/parking/ ｜ 公式情報: https://www.kanko-komono.com/news/1175/",2026-09-20
TH-n1742841043,trailhead,山上公園駅,35.0196807,136.4246528,WGS84,585 589 595 601 607 609 611 612,三池岳、釈迦ヶ岳、尾高山、雨乞岳、鎌ヶ岳、入道ヶ岳、宮指路岳、仙ヶ岳,東海の百山|関西百名山,OSM登山道「御在所岳 中登山道」、OSM登山道「御在所岳一ノ谷新道」,索道駅（ロープウェイ・ゴンドラ）,三池岳:11.04km 釈迦ヶ岳:7.83km 尾高山:10.84km 雨乞岳:5.76km 鎌ヶ岳:4.03km 入道ヶ岳:9.21km 宮指路岳:9.69km 仙ヶ岳:11.55km,,,provisional,15,近くの道路にゲートあり（車両通行止め・季節閉鎖の可能性）、公式情報または2情報源での確認が必要,"OpenStreetMap（© OpenStreetMap contributors, ODbL 1.0）Geofabrik japan-latest.osm.pbf 2026-09-23T20:22:04Z node/1742841043 ｜ 国土地理院 地名検索「山上公園駅」（35.019519, 136.424520、JGD2011、22m差）2026-09-20確認",2026-09-20
TH-n1742869063,trailhead,頂上駅,35.0204013,136.4191291,WGS84,602 601,御在所岳、雨乞岳,日本二百名山|日本三百名山|関西百名山|東海の百山,,索道駅（ロープウェイ・ゴンドラ）,御在所岳:0.12km 雨乞岳:4.11km,,,provisional,15,公式情報または2情報源での確認が必要,"OpenStreetMap（© OpenStreetMap contributors, ODbL 1.0）Geofabrik japan-latest.osm.pbf 2026-09-23T20:22:04Z node/1742869063",
TH-n1759302993,trailhead,（名称未確認）比良イン谷口バス停付近,35.2379799,135.9307303,WGS84,544,蓬莱山,日本三百名山|関西百名山,,一般道（県道以上）との接続,蓬莱山:12.32km,BS-kP11-22-25-bs773(118m),,provisional,30,名称未確認、公式情報または2情報源での確認が必要,"OpenStreetMap（© OpenStreetMap contributors, ODbL 1.0）Geofabrik japan-latest.osm.pbf 2026-09-23T20:22:04Z node/1759302993（登山道と道路の接続点）",
TH-n1769518978,trailhead,（名称未確認）穴虫西バス停付近,34.540343,135.678227,WGS84,653,二上山,関西百名山,,一般道（県道以上）との接続,二上山:2.35km,BS-kP11-22-29-bs1304(241m) BS-kP11-22-29-bs1291(654m) BS-kP11-22-29-bs1327(834m),,provisional,30,名称未確認、公式情報または2情報源での確認が必要,"OpenStreetMap（© OpenStreetMap contributors, ODbL 1.0）Geofabrik japan-latest.osm.pbf 2026-09-23T20:22:04Z node/1769518978（登山道と道路の接続点）",
TH-n1773215910,trailhead,長尾峠（古光山・後古光山）,34.505316,136.164728,WGS84,656,古光山,関西百名山,,一般道との接続,古光山:1.16km,,,provisional,30,公式情報または2情報源での確認が必要,"OpenStreetMap（© OpenStreetMap contributors, ODbL 1.0）Geofabrik japan-latest.osm.pbf 2026-09-23T20:22:04Z node/1773215910（登山道と道路の接続点） ｜ 登山記録で広く使われている登山口（登山記録・登山情報サイトで名称と利用を確認。公式情報では未確認） 2026-09-24確認",
TH-n1773390083,trailhead,（名称未確認）,34.498926,136.149285,WGS84,656,古光山,関西百名山,,一般道との接続,古光山:0.93km,,,candidate,30,名称未確認、公式情報または2情報源での確認が必要,"OpenStreetMap（© OpenStreetMap contributors, ODbL 1.0）Geofabrik japan-latest.osm.pbf 2026-09-23T20:22:04Z node/1773390083（登山道と道路の接続点）",
TH-n1773391642,trailhead,屏風岩公苑（住塚山・国見山登山口）,34.508487,136.099262,WGS84,655,住塚山,関西百名山,,一般道との接続,住塚山:1.35km,PK-n3830764650(177m),,provisional,30,公式情報または2情報源での確認が必要,"OpenStreetMap（© OpenStreetMap contributors, ODbL 1.0）Geofabrik japan-latest.osm.pbf 2026-09-23T20:22:04Z node/1773391642（登山道と道路の接続点） ｜ 登山記録で広く使われている登山口（登山記録・登山情報サイトで名称と利用を確認。公式情報では未確認） 2026-09-24確認",
TH-n1773391887,trailhead,（名称未確認）,34.510044,136.153855,WGS84,656,古光山,関西百名山,,一般道との接続,古光山:0.61km,,,candidate,30,名称未確認、公式情報または2情報源での確認が必要,"OpenStreetMap（© OpenStreetMap contributors, ODbL 1.0）Geofabrik japan-latest.osm.pbf 2026-09-23T20:22:04Z node/1773391887（登山道と道路の接続点）",
TH-n1773394014,trailhead,（名称未確認）,34.5252714,136.0893418,WGS84,655,住塚山,関西百名山,,一般道との接続,住塚山:2.95km,,OSM登山ルート: 東海自然歩道,candidate,30,名称未確認、公式情報または2情報源での確認が必要,"OpenStreetMap（© OpenStreetMap contributors, ODbL 1.0）Geofabrik japan-latest.osm.pbf 2026-09-23T20:22:04Z node/1773394014（登山道と道路の接続点）",
TH-n1773394020,trailhead,鎧岳登山口（葛・嶽見橋）,34.525424,136.128071,WGS84,652,鎧岳,関西百名山,,一般道との接続,鎧岳:0.43km,BS-kP11-22-29-bs1456(709m) BS-kP11-22-29-bs1423(766m) BS-n7273698985(786m),,provisional,30,登山道が道路を横断する地点（途中の入口の可能性）、公式情報または2情報源での確認が必要,"OpenStreetMap（© OpenStreetMap contributors, ODbL 1.0）Geofabrik japan-latest.osm.pbf 2026-09-23T20:22:04Z node/1773394020（登山道と道路の接続点） ｜ 登山記録で広く使われている登山口（登山記録・登山情報サイトで名称と利用を確認。公式情報では未確認） 2026-09-24確認",
TH-n1773395304,trailhead,（名称未確認）,34.538849,136.124306,WGS84,652,鎧岳,関西百名山,,一般道との接続,鎧岳:2.07km,,,candidate,30,名称未確認、公式情報または2情報源での確認が必要,"OpenStreetMap（© OpenStreetMap contributors, ODbL 1.0）Geofabrik japan-latest.osm.pbf 2026-09-23T20:22:04Z node/1773395304（登山道と道路の接続点）",
TH-n1809530717,trailhead,（名称未確認）月山鍛刀塲Ｐ付近,34.5328015,135.8525994,WGS84,649,三輪山,関西百名山,OSM登山道「山の辺の道」,一般道との接続,三輪山:1.65km,PK-w690599817(71m) PK-w592051588(500m) BS-kP11-22-29-bs1393(503m) BS-kP11-22-29-bs1397(786m),OSM登山ルート: 山の辺の道,provisional,30,名称未確認、登山道が道路を横断する地点（途中の入口の可能性）、公式情報または2情報源での確認が必要,"OpenStreetMap（© OpenStreetMap contributors, ODbL 1.0）Geofabrik japan-latest.osm.pbf 2026-09-23T20:22:04Z node/1809530717（登山道と道路の接続点）",
TH-n1816954995,trailhead,（名称未確認）慈恩寺バス停付近,34.5199443,135.8688262,WGS84,649,三輪山,関西百名山,,一般道との接続,三輪山:2.08km,PK-w328121534(206m) BS-kP11-22-29-bs1464(261m) BS-kP11-22-29-bs1464(261m) BS-kP11-22-29-bs1447(455m),,provisional,30,名称未確認、公式情報または2情報源での確認が必要,"OpenStreetMap（© OpenStreetMap contributors, ODbL 1.0）Geofabrik japan-latest.osm.pbf 2026-09-23T20:22:04Z node/1816954995（登山道と道路の接続点）",
TH-n1816955443,trailhead,（名称未確認）黒崎バス停付近,34.5223974,135.8785951,WGS84,649,三輪山,関西百名山,,一般道（県道以上）との接続,三輪山:2.12km,PK-w1167770220(429m) PK-w1167770217(457m) BS-kP11-22-29-bs1428(99m) BS-kP11-22-29-bs1428(99m) BS-kP11-22-29-bs1434(133m),,provisional,30,名称未確認、登山道が道路を横断する地点（途中の入口の可能性）、公式情報または2情報源での確認が必要,"OpenStreetMap（© OpenStreetMap contributors, ODbL 1.0）Geofabrik japan-latest.osm.pbf 2026-09-23T20:22:04Z node/1816955443（登山道と道路の接続点）",
TH-n1817018304,trailhead,（名称未確認）,34.462084,135.888624,WGS84,663,音羽山,関西百名山,,一般道との接続,音羽山:2.44km,,,candidate,30,名称未確認、公式情報または2情報源での確認が必要,"OpenStreetMap（© OpenStreetMap contributors, ODbL 1.0）Geofabrik japan-latest.osm.pbf 2026-09-23T20:22:04Z node/1817018304（登山道と道路の接続点）",
TH-n1817019562,trailhead,（名称未確認）,34.478489,135.879289,WGS84,663,音羽山,関西百名山,,一般道との接続,音羽山:0.9km,,,candidate,30,名称未確認、公式情報または2情報源での確認が必要,"OpenStreetMap（© OpenStreetMap contributors, ODbL 1.0）Geofabrik japan-latest.osm.pbf 2026-09-23T20:22:04Z node/1817019562（登山道と道路の接続点）",
TH-n1842207493,trailhead,（名称未確認）,35.1056839,134.421744,WGS84,570,日名倉山,関西百名山,,一般道との接続,日名倉山:5.96km,PK-w918971092(468m),,provisional,30,名称未確認、登山道が道路を横断する地点（途中の入口の可能性）、公式情報または2情報源での確認が必要,"OpenStreetMap（© OpenStreetMap contributors, ODbL 1.0）Geofabrik japan-latest.osm.pbf 2026-09-23T20:22:04Z node/1842207493（登山道と道路の接続点）",
TH-n1842372536,trailhead,（名称未確認）東下バス停付近,34.7706134,135.1212058,WGS84,627,帝釈山,関西百名山,,道路の終点付近,帝釈山:1.94km,BS-kP11-22-28-bs6764(729m) BS-kP11-22-28-bs6764(729m) BS-kP11-22-28-bs6801(828m),,provisional,30,名称未確認、公式情報または2情報源での確認が必要,"OpenStreetMap（© OpenStreetMap contributors, ODbL 1.0）Geofabrik japan-latest.osm.pbf 2026-09-23T20:22:04Z node/1842372536（登山道と道路の接続点）",
TH-n1842381862,trailhead,（名称未確認）有馬里駐車場付近,34.7923015,135.2485655,WGS84,628,六甲最高峰,日本三百名山|関西百名山,OSM登山道「魚屋道」,一般道との接続,六甲最高峰:3.37km,PK-w363075734(261m) PK-w363075736(308m) PK-w986937424(393m) BS-n2683213081(555m) BS-n5191770978(563m) BS-kP11-22-28-bs5930(747m),,provisional,30,名称未確認、公式情報または2情報源での確認が必要,"OpenStreetMap（© OpenStreetMap contributors, ODbL 1.0）Geofabrik japan-latest.osm.pbf 2026-09-23T20:22:04Z node/1842381862（登山道と道路の接続点） ｜ 国土地理院 地名検索「有馬温泉駅」（34.790881, 135.245980、JGD2011、284m差）2026-09-20確認",2026-09-20
TH-n1842675127,trailhead,（名称未確認）学校下バス停付近,34.808091,135.108993,WGS84,627,帝釈山,関西百名山,,一般道との接続,帝釈山:2.57km,BS-kP11-22-28-bs5524(897m) BS-kP11-22-28-bs5463(966m) BS-kP11-22-28-bs5472(967m),,provisional,30,名称未確認、公式情報または2情報源での確認が必要,"OpenStreetMap（© OpenStreetMap contributors, ODbL 1.0）Geofabrik japan-latest.osm.pbf 2026-09-23T20:22:04Z node/1842675127（登山道と道路の接続点）",
TH-n1842678087,trailhead,（名称未確認）淡河出張所前バス停付近,34.8126191,135.1160391,WGS84,627,帝釈山,関西百名山,,一般道との接続,帝釈山:3.98km,BS-kP11-22-28-bs5472(565m) BS-kP11-22-28-bs5434(759m) BS-kP11-22-28-bs5463(821m),,provisional,30,名称未確認、公式情報または2情報源での確認が必要,"OpenStreetMap（© OpenStreetMap contributors, ODbL 1.0）Geofabrik japan-latest.osm.pbf 2026-09-23T20:22:04Z node/1842678087（登山道と道路の接続点）",
TH-n1842678695,trailhead,（名称未確認）淡河中学校バス停付近,34.8137799,135.1242681,WGS84,627,帝釈山,関西百名山,,一般道との接続,帝釈山:3.74km,BS-kP11-22-28-bs5420(543m) BS-kP11-22-28-bs5434(568m) BS-kP11-22-28-bs5402(688m),,provisional,30,名称未確認、公式情報または2情報源での確認が必要,"OpenStreetMap（© OpenStreetMap contributors, ODbL 1.0）Geofabrik japan-latest.osm.pbf 2026-09-23T20:22:04Z node/1842678695（登山道と道路の接続点）",
TH-n1852206186,trailhead,（名称未確認）,34.478996,135.895094,WGS84,663,音羽山,関西百名山,,一般道との接続,音羽山:0.78km,,,candidate,30,名称未確認、公式情報または2情報源での確認が必要,"OpenStreetMap（© OpenStreetMap contributors, ODbL 1.0）Geofabrik japan-latest.osm.pbf 2026-09-23T20:22:04Z node/1852206186（登山道と道路の接続点）",
TH-n1853754901,trailhead,（名称未確認）,34.527032,136.073462,WGS84,655,住塚山,関西百名山,,一般道との接続,住塚山:3.44km,,OSM登山ルート: 東海自然歩道,candidate,30,名称未確認、公式情報または2情報源での確認が必要,"OpenStreetMap（© OpenStreetMap contributors, ODbL 1.0）Geofabrik japan-latest.osm.pbf 2026-09-23T20:22:04Z node/1853754901（登山道と道路の接続点）",
TH-n1861007902,trailhead,（名称未確認）貝が平口バス停付近,34.5671449,135.964651,WGS84,645,額井岳,関西百名山,,一般道との接続,額井岳:1.27km,BS-kP11-22-29-bs1169(545m) BS-kP11-22-29-bs1187(593m) BS-kP11-22-29-bs1157(736m),,provisional,30,名称未確認、公式情報または2情報源での確認が必要,"OpenStreetMap（© OpenStreetMap contributors, ODbL 1.0）Geofabrik japan-latest.osm.pbf 2026-09-23T20:22:04Z node/1861007902（登山道と道路の接続点）",
TH-n1861007952,trailhead,（名称未確認）吐山バス停付近,34.567758,135.968825,WGS84,645,額井岳,関西百名山,,一般道との接続,額井岳:1.46km,BS-kP11-22-29-bs1157(834m) BS-kP11-22-29-bs1169(881m) BS-kP11-22-29-bs1187(973m),,provisional,30,名称未確認、公式情報または2情報源での確認が必要,"OpenStreetMap（© OpenStreetMap contributors, ODbL 1.0）Geofabrik japan-latest.osm.pbf 2026-09-23T20:22:04Z node/1861007952（登山道と道路の接続点）",
TH-n1861008526,trailhead,（名称未確認）吐山バス停付近,34.570836,135.971659,WGS84,645,額井岳,関西百名山,,一般道との接続,額井岳:1.69km,BS-kP11-22-29-bs1157(837m) BS-kP11-22-29-bs1142(869m),,provisional,30,名称未確認、公式情報または2情報源での確認が必要,"OpenStreetMap（© OpenStreetMap contributors, ODbL 1.0）Geofabrik japan-latest.osm.pbf 2026-09-23T20:22:04Z node/1861008526（登山道と道路の接続点）",
TH-n1862520437,trailhead,生野高原登山口（段ヶ峰）,35.170256,134.767698,WGS84,551,段ヶ峰,関西百名山,,一般道との接続,段ヶ峰:5.7km,PK-g3517026_1347677(0m) BS-kP11-22-28-bs1576(711m) BS-kP11-22-28-bs1591(868m),,provisional,30,公式情報または2情報源での確認が必要,"OpenStreetMap（© OpenStreetMap contributors, ODbL 1.0）Geofabrik japan-latest.osm.pbf 2026-09-23T20:22:04Z node/1862520437（登山道と道路の接続点） ｜ 登山記録で広く使われている登山口（登山記録・登山情報サイトで名称と利用を確認。公式情報では未確認） 2026-09-24確認",
TH-n1870789653,trailhead,（名称未確認）門前駐在所バス停付近,34.6869986,135.6848099,WGS84,635,生駒山,関西百名山,,一般道（県道以上）との接続,生駒山:1.45km,PK-w200398303(90m) PK-w336752425(325m) PK-w336752426(360m) BS-kP11-22-29-bs393(387m) BS-kP11-22-29-bs379(388m) BS-kP11-22-29-bs372(467m),,provisional,30,名称未確認、近くの道路にゲートあり（車両通行止め・季節閉鎖の可能性）、公式情報または2情報源での確認が必要,"OpenStreetMap（© OpenStreetMap contributors, ODbL 1.0）Geofabrik japan-latest.osm.pbf 2026-09-23T20:22:04Z node/1870789653（登山道と道路の接続点）",
TH-n1899641156,trailhead,（名称未確認）,35.460681,134.646557,WGS84,458,蘇武岳,関西百名山,,一般道との接続,蘇武岳:1.61km,,,candidate,30,名称未確認、登山道が道路を横断する地点（途中の入口の可能性）、公式情報または2情報源での確認が必要,"OpenStreetMap（© OpenStreetMap contributors, ODbL 1.0）Geofabrik japan-latest.osm.pbf 2026-09-23T20:22:04Z node/1899641156（登山道と道路の接続点）",
TH-n1899649802,trailhead,（名称未確認）,35.479782,134.655581,WGS84,458,蘇武岳,関西百名山,,一般道との接続,蘇武岳:2.32km,,,candidate,30,名称未確認、公式情報または2情報源での確認が必要,"OpenStreetMap（© OpenStreetMap contributors, ODbL 1.0）Geofabrik japan-latest.osm.pbf 2026-09-23T20:22:04Z node/1899649802（登山道と道路の接続点）",
TH-n1909549503,trailhead,（名称未確認）,35.41387,134.878399,WGS84,475,東床尾山,関西百名山,,一般道との接続,東床尾山:4.19km,,,candidate,30,名称未確認、公式情報または2情報源での確認が必要,"OpenStreetMap（© OpenStreetMap contributors, ODbL 1.0）Geofabrik japan-latest.osm.pbf 2026-09-23T20:22:04Z node/1909549503（登山道と道路の接続点）",
TH-n1911377259,trailhead,朝日館,34.2865496,136.0024237,WGS84,700 705 710 714,山上ヶ岳、稲村ヶ岳、大普賢岳、行者還岳,日本三百名山|関西百名山,,施設（山小屋・宿・キャンプ場）からの入口,山上ヶ岳:10.9km 稲村ヶ岳:14.3km 大普賢岳:9.74km 行者還岳:13.44km,BS-kP11-22-29-bs2468(180m) BS-kP11-22-29-bs2469(180m) BS-kP11-22-29-bs2476(531m),,provisional,15,公式情報または2情報源での確認が必要,"OpenStreetMap（© OpenStreetMap contributors, ODbL 1.0）Geofabrik japan-latest.osm.pbf 2026-09-23T20:22:04Z node/1911377259",
TH-n1986431468,trailhead,（名称未確認）,34.519233,135.669115,WGS84,653,二上山,関西百名山,,一般道との接続,二上山:1.19km,PK-w1150167006(71m) PK-w1150167005(159m),,provisional,30,名称未確認、登山道が道路を横断する地点（途中の入口の可能性）、近くの道路にゲートあり（車両通行止め・季節閉鎖の可能性）、公式情報または2情報源での確認が必要,"OpenStreetMap（© OpenStreetMap contributors, ODbL 1.0）Geofabrik japan-latest.osm.pbf 2026-09-23T20:22:04Z node/1986431468（登山道と道路の接続点）",
TH-n1986431748,trailhead,岩屋峠,34.521149,135.674296,WGS84,653,二上山,関西百名山,,峠（道路との接続）,二上山:0.61km,PK-w1150167005(475m) PK-w1150167023(495m) PK-w1150167006(496m),,adopted,30,林道上の地点（尾根上の峠・山小屋の可能性。登山口かどうか要確認）、近くの道路にゲートあり（車両通行止め・季節閉鎖の可能性）、林道からの入口（マイカー進入可否を要確認）、採用の根拠: OSMの登山口名と、地理院地図の徒歩道が道路から始まる位置の一致（公式情報では未確認）,"OpenStreetMap（© OpenStreetMap contributors, ODbL 1.0）Geofabrik japan-latest.osm.pbf 2026-09-23T20:22:04Z node/1986431748（登山道と道路の接続点） ｜ 国土地理院 地名検索「岩屋峠」（34.520771, 135.676489、JGD2011、205m差）2026-09-20確認 ｜ 国土地理院ベクトルタイル提供実験 地理院地図の徒歩道の起点（34.521179, 135.674276、JGD2011、4m差）2026-09-24確認",2026-09-20
TH-n2023952324,trailhead,（名称未確認）味間奥バイパスバス停付近,35.0555249,135.1491711,WGS84,600,白髪岳,関西百名山,,一般道との接続,白髪岳:2.4km,PK-w1134219626(305m) PK-w1134219615(465m) BS-kP11-22-28-bs2378(855m) BS-kP11-22-28-bs2367(964m),,provisional,30,名称未確認、公式情報または2情報源での確認が必要,"OpenStreetMap（© OpenStreetMap contributors, ODbL 1.0）Geofabrik japan-latest.osm.pbf 2026-09-23T20:22:04Z node/2023952324（登山道と道路の接続点）",
TH-n2023952915,trailhead,（名称未確認）味間新バス停付近,35.058603,135.165842,WGS84,600,白髪岳,関西百名山,,一般道との接続,白髪岳:3.99km,PK-w1079666406(482m) BS-kP11-22-28-bs2386(421m) BS-kP11-22-28-bs2390(595m) BS-kP11-22-28-bs2376(667m),,provisional,30,名称未確認、近くの道路にゲートあり（車両通行止め・季節閉鎖の可能性）、公式情報または2情報源での確認が必要,"OpenStreetMap（© OpenStreetMap contributors, ODbL 1.0）Geofabrik japan-latest.osm.pbf 2026-09-23T20:22:04Z node/2023952915（登山道と道路の接続点）",
TH-n2023994945,trailhead,（名称未確認）,35.122587,135.2560621,WGS84,576,三嶽,関西百名山,,一般道（県道以上）との接続,三嶽:1.6km,,,candidate,30,名称未確認、公式情報または2情報源での確認が必要,"OpenStreetMap（© OpenStreetMap contributors, ODbL 1.0）Geofabrik japan-latest.osm.pbf 2026-09-23T20:22:04Z node/2023994945（登山道と道路の接続点）",
TH-n2023997327,trailhead,（名称未確認）栗柄口バス停付近,35.1289411,135.2170195,WGS84,576,三嶽,関西百名山,,一般道（県道以上）との接続,三嶽:3.07km,BS-kP11-22-28-bs1819(62m) BS-kP11-22-28-bs1801(711m) BS-kP11-22-28-bs1800(979m),,provisional,30,名称未確認、公式情報または2情報源での確認が必要,"OpenStreetMap（© OpenStreetMap contributors, ODbL 1.0）Geofabrik japan-latest.osm.pbf 2026-09-23T20:22:04Z node/2023997327（登山道と道路の接続点）",
TH-n2023997998,trailhead,（名称未確認）栗柄奥バス停付近,35.131877,135.231005,WGS84,576,三嶽,関西百名山,,道路の終点付近,三嶽:1.69km,BS-kP11-22-28-bs1800(591m) BS-kP11-22-28-bs1783(739m) BS-kP11-22-28-bs1801(923m),,provisional,30,名称未確認、林道からの入口（マイカー進入可否を要確認）、公式情報または2情報源での確認が必要,"OpenStreetMap（© OpenStreetMap contributors, ODbL 1.0）Geofabrik japan-latest.osm.pbf 2026-09-23T20:22:04Z node/2023997998（登山道と道路の接続点）",
TH-n2078640610,trailhead,（名称未確認）,34.7694826,135.2705956,WGS84,628,六甲最高峰,日本三百名山|関西百名山,OSM登山道「魚屋道」,一般道との接続,六甲最高峰:1.41km,,,candidate,30,名称未確認、近くの道路にゲートあり（車両通行止め・季節閉鎖の可能性）、公式情報または2情報源での確認が必要,"OpenStreetMap（© OpenStreetMap contributors, ODbL 1.0）Geofabrik japan-latest.osm.pbf 2026-09-23T20:22:04Z node/2078640610（登山道と道路の接続点）",
TH-n2117457129,trailhead,（名称未確認）前池橋バス停付近,34.6597587,135.1322916,WGS84,637,横尾山,関西百名山,OSM登山道「平田橋」,一般道との接続,横尾山:5.06km,PK-w1086356122(112m) PK-w1094065242(137m) PK-w1095872385(145m) BS-kP11-22-28-bs9304(171m) BS-kP11-22-28-bs9305(171m) BS-kP11-22-28-bs9306(171m),,provisional,30,名称未確認、近くの道路にゲートあり（車両通行止め・季節閉鎖の可能性）、公式情報または2情報源での確認が必要,"OpenStreetMap（© OpenStreetMap contributors, ODbL 1.0）Geofabrik japan-latest.osm.pbf 2026-09-23T20:22:04Z node/2117457129（登山道と道路の接続点） ｜ 国土地理院 地名検索「須磨警察署板宿交番」（34.659605, 135.133106、JGD2011、76m差）2026-09-20確認",2026-09-20
TH-n2215884840,trailhead,（名称未確認）,34.7753583,135.2616583,WGS84,628,六甲最高峰,日本三百名山|関西百名山,,一般道（県道以上）との接続,六甲最高峰:0.35km,PK-w417974977(467m),,provisional,30,名称未確認、登山道が道路を横断する地点（途中の入口の可能性）、公式情報または2情報源での確認が必要,"OpenStreetMap（© OpenStreetMap contributors, ODbL 1.0）Geofabrik japan-latest.osm.pbf 2026-09-23T20:22:04Z node/2215884840（登山道と道路の接続点）",
TH-n2266989683,trailhead,（名称未確認）七色バス停付近,33.8910311,135.7593977,WGS84,759 762,冷水山、五大尊岳,関西百名山,,一般道（県道以上）との接続,冷水山:13.45km 五大尊岳:5.38km,BS-kP11-22-29-bs2877(178m) BS-kP11-22-29-bs2878(178m),,provisional,30,名称未確認、公式情報または2情報源での確認が必要,"OpenStreetMap（© OpenStreetMap contributors, ODbL 1.0）Geofabrik japan-latest.osm.pbf 2026-09-23T20:22:04Z node/2266989683（登山道と道路の接続点）",
TH-n2360406678,trailhead,（名称未確認）,34.355558,135.432115,WGS84,689,和泉葛城山,関西百名山,,一般道との接続,和泉葛城山:1.37km,,,candidate,30,名称未確認、公式情報または2情報源での確認が必要,"OpenStreetMap（© OpenStreetMap contributors, ODbL 1.0）Geofabrik japan-latest.osm.pbf 2026-09-23T20:22:04Z node/2360406678（登山道と道路の接続点）",
TH-n2360406907,trailhead,（名称未確認）,34.358438,135.430478,WGS84,689,和泉葛城山,関西百名山,,一般道との接続,和泉葛城山:1.39km,,,candidate,30,名称未確認、公式情報または2情報源での確認が必要,"OpenStreetMap（© OpenStreetMap contributors, ODbL 1.0）Geofabrik japan-latest.osm.pbf 2026-09-23T20:22:04Z node/2360406907（登山道と道路の接続点）",
TH-n2873978519,trailhead,JR新神戸駅前自動車整理場（第4）,34.7063424,135.1960872,WGS84,633,摩耶山,関西百名山,OSM登山道「いさごばし」,施設（山小屋・宿・キャンプ場）からの入口,摩耶山:3.97km,PK-w844990418(0m) PK-w844990420(29m) PK-w844990417(57m) BS-kP11-22-28-bs8389(29m) BS-kP11-22-28-bs8389(29m) BS-kP11-22-28-bs8390(29m),,provisional,15,近くの道路にゲートあり（車両通行止め・季節閉鎖の可能性）、公式情報または2情報源での確認が必要,"OpenStreetMap（© OpenStreetMap contributors, ODbL 1.0）Geofabrik japan-latest.osm.pbf 2026-09-23T20:22:04Z way/844990418 ｜ OpenStreetMap（© OpenStreetMap contributors, ODbL 1.0）Geofabrik japan-latest.osm.pbf 2026-09-23T20:22:04Z node/1443872259（登山道と道路の接続点） ｜ 国土地理院 地名検索「新神戸駅」（34.704630, 135.195774、JGD2011、191m差）2026-09-20確認",2026-09-20
TH-n2921600631,trailhead,ハーブ園山麓駅,34.7045102,135.1937831,WGS84,633,摩耶山,関西百名山,OSM登山道「北野遊歩道」,索道駅（ロープウェイ・ゴンドラ）,摩耶山:6.84km,PK-w596070773(104m) PK-w596070772(114m) PK-w844990419(232m) BS-kP11-22-28-bs8443(129m) BS-kP11-22-28-bs8436(234m) BS-kP11-22-28-bs8395(247m),,provisional,15,近くの道路にゲートあり（車両通行止め・季節閉鎖の可能性）、公式情報または2情報源での確認が必要,"OpenStreetMap（© OpenStreetMap contributors, ODbL 1.0）Geofabrik japan-latest.osm.pbf 2026-09-23T20:22:04Z node/2921600631 ｜ 国土地理院 地名検索「新神戸駅」（34.704630, 135.195774、JGD2011、183m差）2026-09-20確認",2026-09-20
TH-n2921600634,trailhead,風の丘中間駅,34.7123977,135.1916074,WGS84,633,摩耶山,関西百名山,OSM登山道「猿のかずら橋」,索道駅（ロープウェイ・ゴンドラ）,摩耶山:2.98km,PK-w713003592(61m) BS-kP11-22-28-bs8395(800m) BS-kP11-22-28-bs8389(800m) BS-kP11-22-28-bs8389(800m),,provisional,15,近くの道路にゲートあり（車両通行止め・季節閉鎖の可能性）、公式情報または2情報源での確認が必要,"OpenStreetMap（© OpenStreetMap contributors, ODbL 1.0）Geofabrik japan-latest.osm.pbf 2026-09-23T20:22:04Z node/2921600634 ｜ 国土地理院 地名検索「風の丘中間駅」（34.712391, 135.191744、JGD2011、13m差）2026-09-20確認",2026-09-20
TH-n2921600635,trailhead,ハーブ園山頂駅,34.7170067,135.190924,WGS84,633,摩耶山,関西百名山,,索道駅（ロープウェイ・ゴンドラ）,摩耶山:2.6km,PK-w713003592(453m) BS-kP11-22-28-bs8149(994m),,provisional,15,近くの道路にゲートあり（車両通行止め・季節閉鎖の可能性）、公式情報または2情報源での確認が必要,"OpenStreetMap（© OpenStreetMap contributors, ODbL 1.0）Geofabrik japan-latest.osm.pbf 2026-09-23T20:22:04Z node/2921600635 ｜ 国土地理院 地名検索「ハーブ園山頂駅」（34.717213, 135.191218、JGD2011、35m差）2026-09-20確認",2026-09-20
TH-n2921600660,trailhead,有馬温泉（六甲山 北側の登山口）,34.7909593,135.2456501,WGS84,628,六甲最高峰,日本三百名山|関西百名山,,索道駅（ロープウェイ・ゴンドラ）,六甲最高峰:3.14km,PK-w363075736(48m) PK-w363075734(145m) BS-n2683213081(717m) BS-n5191770978(719m) BS-kP11-22-28-bs5954(876m),,adopted,15,近くの道路にゲートあり（車両通行止め・季節閉鎖の可能性）、神戸市が六甲山系の登山道情報を公開している（神戸市）、六甲山系登山道の通行止め情報は入山前に確認すること（神戸市）,"OpenStreetMap（© OpenStreetMap contributors, ODbL 1.0）Geofabrik japan-latest.osm.pbf 2026-09-23T20:22:04Z node/2921600660 ｜ 国土地理院 地名検索「有馬温泉駅」（34.790881, 135.245980、JGD2011、31m差）2026-09-20確認 ｜ 公式情報: https://kobe-rokko.jp/ ｜ 公式情報: https://www.city.kobe.lg.jp/a17526/kanko/leisure/mountain/index.html",2026-09-20
TH-n2928687706,trailhead,（名称未確認）瑞宝寺公園前バス停付近,34.7943942,135.2562737,WGS84,628,六甲最高峰,日本三百名山|関西百名山,,一般道との接続,六甲最高峰:2.87km,PK-w1325615738(396m) PK-w1325615736(398m) PK-w1465793103(411m) BS-kP11-22-28-bs6003(290m) BS-kP11-22-28-bs6003(290m) BS-kP11-22-28-bs5885(762m),,provisional,30,名称未確認、公式情報または2情報源での確認が必要,"OpenStreetMap（© OpenStreetMap contributors, ODbL 1.0）Geofabrik japan-latest.osm.pbf 2026-09-23T20:22:04Z node/2928687706（登山道と道路の接続点）",
TH-n293830411,trailhead,（名称未確認）熊野萩バス停付近,33.8685152,135.7585573,WGS84,759,冷水山,関西百名山,,一般道との接続,冷水山:12.86km,BS-kP11-22-30-bs2034(72m) BS-kP11-22-30-bs2035(72m) BS-kP11-22-30-bs2036(72m),,provisional,30,名称未確認、公式情報または2情報源での確認が必要,"OpenStreetMap（© OpenStreetMap contributors, ODbL 1.0）Geofabrik japan-latest.osm.pbf 2026-09-23T20:22:04Z node/293830411（登山道と道路の接続点）",
TH-n3393771956,trailhead,（名称未確認）小入谷バス停付近,35.3644279,135.8042261,WGS84,485,百里ヶ岳,関西百名山,,一般道（県道以上）との接続,百里ヶ岳:3.62km,BS-kP11-22-25-bs420(421m),,provisional,30,名称未確認、公式情報または2情報源での確認が必要,"OpenStreetMap（© OpenStreetMap contributors, ODbL 1.0）Geofabrik japan-latest.osm.pbf 2026-09-23T20:22:04Z node/3393771956（登山道と道路の接続点）",
TH-n3733870869,trailhead,（名称未確認）清滝バス停付近,35.0394304,135.6575548,WGS84,593,愛宕山,日本三百名山|関西百名山,,一般道（県道以上）との接続,愛宕山:4.29km,PK-w1063763648(80m) BS-kP11-22-26-bs2173(329m) BS-kP11-22-26-bs2228(958m) BS-kP11-22-26-bs2228(958m),OSM登山ルート: 京都一周トレイル西山コース 1:5-2,provisional,30,名称未確認、登山道が道路を横断する地点（途中の入口の可能性）、近くの道路にゲートあり（車両通行止め・季節閉鎖の可能性）、公式情報または2情報源での確認が必要,"OpenStreetMap（© OpenStreetMap contributors, ODbL 1.0）Geofabrik japan-latest.osm.pbf 2026-09-23T20:22:04Z node/3733870869（登山道と道路の接続点）",
TH-n3733871148,trailhead,（名称未確認）,35.0510636,135.6514695,WGS84,593,愛宕山,日本三百名山|関西百名山,,林道との接続,愛宕山:2.33km,,,candidate,30,名称未確認、近くの道路にゲートあり（車両通行止め・季節閉鎖の可能性）、林道からの入口（マイカー進入可否を要確認）、公式情報または2情報源での確認が必要,"OpenStreetMap（© OpenStreetMap contributors, ODbL 1.0）Geofabrik japan-latest.osm.pbf 2026-09-23T20:22:04Z node/3733871148（登山道と道路の接続点）",
TH-n3733873420,trailhead,清滝（愛宕山 表参道登山口）,35.0321665,135.650838,WGS84,593,愛宕山,日本三百名山|関西百名山,,一般道（県道以上）との接続,愛宕山:4.08km,PK-n1311315204(318m) BS-kP11-22-26-bs2173(852m) BS-kP11-22-26-bs2228(981m),OSM登山ルート: 京都一周トレイル西山コース 1:5-2,adopted,15,近くの道路にゲートあり（車両通行止め・季節閉鎖の可能性）,"OpenStreetMap（© OpenStreetMap contributors, ODbL 1.0）Geofabrik japan-latest.osm.pbf 2026-09-23T20:22:04Z node/3733873420（登山道と道路の接続点） ｜ 公式情報: https://ja.kyoto.travel/tourism/article/trail/",2026-09-20
TH-n3735364653,trailhead,（名称未確認）はるやゲストハウス付近,35.363767,135.800223,WGS84,485,百里ヶ岳,関西百名山,,一般道との接続,百里ヶ岳:3.96km,BS-kP11-22-25-bs420(51m) BS-kP11-22-25-bs440(863m),,provisional,30,名称未確認、公式情報または2情報源での確認が必要,"OpenStreetMap（© OpenStreetMap contributors, ODbL 1.0）Geofabrik japan-latest.osm.pbf 2026-09-23T20:22:04Z node/3735364653（登山道と道路の接続点）",
TH-n3756753690,trailhead,（名称未確認）尾越峠付近,35.2063116,135.8165545,WGS84,547,皆子山,関西百名山,,峠（道路との接続）,皆子山:2.5km,,,candidate,30,名称未確認、公式情報または2情報源での確認が必要,"OpenStreetMap（© OpenStreetMap contributors, ODbL 1.0）Geofabrik japan-latest.osm.pbf 2026-09-23T20:22:04Z node/3756753690（登山道と道路の接続点）",
TH-n3780474361,trailhead,（名称未確認）堂ノ町バス停付近,35.1675452,135.7768984,WGS84,556,雲取山,関西百名山,,道路の終点付近,雲取山:3.57km,BS-kP11-22-26-bs1593(410m) BS-kP11-22-26-bs1598(423m) BS-kP11-22-26-bs1588(620m),,provisional,30,名称未確認、近くの道路にゲートあり（車両通行止め・季節閉鎖の可能性）、林道からの入口（マイカー進入可否を要確認）、公式情報または2情報源での確認が必要,"OpenStreetMap（© OpenStreetMap contributors, ODbL 1.0）Geofabrik japan-latest.osm.pbf 2026-09-23T20:22:04Z node/3780474361（登山道と道路の接続点）",
TH-n3839323178,trailhead,（名称未確認）,34.4543966,135.8981513,WGS84,663,音羽山,関西百名山,,一般道（県道以上）との接続,音羽山:3.15km,,,candidate,30,名称未確認、公式情報または2情報源での確認が必要,"OpenStreetMap（© OpenStreetMap contributors, ODbL 1.0）Geofabrik japan-latest.osm.pbf 2026-09-23T20:22:04Z node/3839323178（登山道と道路の接続点）",
TH-n3930602895,trailhead,（名称未確認）,34.9248172,135.9643536,WGS84,617,太神山,関西百名山,OSM登山道「不動寺本堂線」,一般道（県道以上）との接続,太神山:2.65km,,,candidate,30,名称未確認、近くの道路にゲートあり（車両通行止め・季節閉鎖の可能性）、公式情報または2情報源での確認が必要,"OpenStreetMap（© OpenStreetMap contributors, ODbL 1.0）Geofabrik japan-latest.osm.pbf 2026-09-23T20:22:04Z node/3930602895（登山道と道路の接続点）",
TH-n3998533200,trailhead,金剛登山口,34.4187639,135.6509646,WGS84,676,金剛山,日本二百名山|日本三百名山|関西百名山,OSM登山道「かま谷ルート」、OSM登山道「かま道ルート」,登山口（OSMの登山口地物）,金剛山:2.46km,PK-w400903843(46m) PK-w400076764(93m) PK-w400903845(193m) BS-kP11-22-27-bs5019(237m) BS-kP11-22-27-bs5020(237m) BS-kP11-22-27-bs5086(852m),,provisional,15,公式情報または2情報源での確認が必要,"OpenStreetMap（© OpenStreetMap contributors, ODbL 1.0）Geofabrik japan-latest.osm.pbf 2026-09-23T20:22:04Z node/3998533200 ｜ 国土地理院 地名検索「千早城跡」（34.416997, 135.651579、JGD2011、203m差）2026-09-20確認",2026-09-20
TH-n4006745560,trailhead,百ヶ辻,34.4059776,135.6629184,WGS84,676,金剛山,日本二百名山|日本三百名山|関西百名山,OSM登山道「ツンバ尾（地蔵尾根）ルート」、OSM登山道「ババ谷（山梨谷）ルート」,登山口（OSMの登山口地物）,金剛山:1.89km,PK-w1268275345(9m) PK-w397581857(38m) PK-w400903038(83m) BS-kP11-22-27-bs5152(43m) BS-kP11-22-27-bs5152(43m) BS-kP11-22-27-bs5152(43m),,provisional,15,公式情報または2情報源での確認が必要,"OpenStreetMap（© OpenStreetMap contributors, ODbL 1.0）Geofabrik japan-latest.osm.pbf 2026-09-23T20:22:04Z node/4006745560",
TH-n4189739291,trailhead,（名称未確認）第二駐車場付近,35.0687415,135.8363751,WGS84,590,比叡山,日本三百名山|関西百名山,,一般道（県道以上）との接続,比叡山:0.56km,PK-w403456122(127m) PK-w403442664(247m) PK-w403291882(318m) BS-kP11-22-25-bs1822(268m) BS-kP11-22-25-bs1823(268m) BS-kP11-22-25-bs1824(268m),,provisional,30,名称未確認、近くの道路にゲートあり（車両通行止め・季節閉鎖の可能性）、公式情報または2情報源での確認が必要,"OpenStreetMap（© OpenStreetMap contributors, ODbL 1.0）Geofabrik japan-latest.osm.pbf 2026-09-23T20:22:04Z node/4189739291（登山道と道路の接続点）",
TH-n4213643454,trailhead,裏登山道登山口（御在所岳）,35.0197307,136.4433367,WGS84,585 589 595 601 602 607 609 611 612,三池岳、釈迦ヶ岳、尾高山、雨乞岳、御在所岳、鎌ヶ岳、入道ヶ岳、宮指路岳、仙ヶ岳,東海の百山|日本二百名山|日本三百名山|関西百名山,OSM登山道「御在所岳 裏登山道」,駐車場・バス停（林道・車道を経由して登山道へ）,三池岳:12.71km 釈迦ヶ岳:9.5km 尾高山:12.5km 雨乞岳:7.79km 御在所岳:2.94km 鎌ヶ岳:4.0km 入道ヶ岳:8.86km 宮指路岳:9.34km 仙ヶ岳:11.19km,PK-n4213643454(0m) PK-w162380238(474m) BS-kP11-22-24-bs643(493m) BS-kP11-22-24-bs649(678m),restriction=中登山道はおばれ岩付近の崩落の危険により通行止め（2025年5月25日〜、当面の間）; parking=割谷駐車場・蒼滝公共駐車場（いずれも町営・無料）,adopted,15,近くの道路にゲートあり（車両通行止め・季節閉鎖の可能性）、中登山道のおばれ岩付近で崩落の危険があり、ほかの登山道の利用が呼びかけられている（菰野町 観光産業課）、蒼滝公共駐車場から裏登山道入口まで徒歩約25分（御在所ロープウエイ）、登山者は無料の町営駐車場（割谷・蒼滝）の利用が案内されている（菰野町観光協会）,"OpenStreetMap（© OpenStreetMap contributors, ODbL 1.0）Geofabrik japan-latest.osm.pbf 2026-09-23T20:22:04Z node/4213643454 ｜ OpenStreetMap（© OpenStreetMap contributors, ODbL 1.0）Geofabrik japan-latest.osm.pbf 2026-09-23T20:22:04Z node/11054198685（登山道と道路の接続点） ｜ 公式情報: https://www2.town.komono.mie.jp/soshiki/11/1725.html ｜ 公式情報: https://www.gozaisho.co.jp/news/parking/ ｜ 公式情報: https://www.kanko-komono.com/news/1175/",2026-09-20
TH-n429910400,trailhead,余呉湖荘（賤ヶ岳 余呉湖側登山口）,35.512824,136.1904588,WGS84,447,賤ヶ岳,関西百名山|東海の百山,,施設（山小屋・宿・キャンプ場）からの入口,賤ヶ岳:1.21km,,,provisional,15,近くの道路にゲートあり（車両通行止め・季節閉鎖の可能性）、公式情報または2情報源での確認が必要,"OpenStreetMap（© OpenStreetMap contributors, ODbL 1.0）Geofabrik japan-latest.osm.pbf 2026-09-23T20:22:04Z node/429910400 ｜ 登山記録で広く使われている登山口（登山記録・登山情報サイトで名称と利用を確認。公式情報では未確認） 2026-09-24確認",
TH-n4406941785,trailhead,（名称未確認）第２駐車場付近,34.9159145,135.6538852,WGS84,613,ポンポン山,関西百名山,,林道との接続,ポンポン山:4.68km,PK-w1213847825(93m) PK-w689423226(216m) PK-w431364880(231m),,provisional,30,名称未確認、近くの道路にゲートあり（車両通行止め・季節閉鎖の可能性）、林道からの入口（マイカー進入可否を要確認）、公式情報または2情報源での確認が必要,"OpenStreetMap（© OpenStreetMap contributors, ODbL 1.0）Geofabrik japan-latest.osm.pbf 2026-09-23T20:22:04Z node/4406941785（登山道と道路の接続点）",
TH-n4467122946,trailhead,（名称未確認）おにゅう峠付近,35.38729,135.7942822,WGS84,485,百里ヶ岳,関西百名山,,峠（道路との接続）,百里ヶ岳:2.16km,,OSM登山ルート: 高島トレイル,candidate,30,名称未確認、公式情報または2情報源での確認が必要,"OpenStreetMap（© OpenStreetMap contributors, ODbL 1.0）Geofabrik japan-latest.osm.pbf 2026-09-23T20:22:04Z node/4467122946（登山道と道路の接続点）",
TH-n4483264456,trailhead,（名称未確認）,34.1140688,135.3396219,WGS84,723,生石ヶ峰,関西百名山,,一般道（県道以上）との接続,生石ヶ峰:1.91km,,,candidate,30,名称未確認、公式情報または2情報源での確認が必要,"OpenStreetMap（© OpenStreetMap contributors, ODbL 1.0）Geofabrik japan-latest.osm.pbf 2026-09-23T20:22:04Z node/4483264456（登山道と道路の接続点）",
TH-n4489398142,trailhead,（名称未確認）,35.3414446,134.4930228,WGS84,493,氷ノ山,日本二百名山|日本三百名山|関西百名山|中国百名山,,索道駅（ロープウェイ・ゴンドラ）,氷ノ山:3.54km,,,provisional,15,名称未確認、公式情報または2情報源での確認が必要,"OpenStreetMap（© OpenStreetMap contributors, ODbL 1.0）Geofabrik japan-latest.osm.pbf 2026-09-23T20:22:04Z node/4489398142",
TH-n4489493919,trailhead,北壁ペアリフト,35.3950691,134.5362224,WGS84,483,鉢伏山,関西百名山,,索道駅（ロープウェイ・ゴンドラ）,鉢伏山:0.04km,,,provisional,15,公式情報または2情報源での確認が必要,"OpenStreetMap（© OpenStreetMap contributors, ODbL 1.0）Geofabrik japan-latest.osm.pbf 2026-09-23T20:22:04Z node/4489493919",
TH-n4489493920,trailhead,（名称未確認）中央トリプルリフト付近,35.3910861,134.5339688,WGS84,483,鉢伏山,関西百名山,,索道駅（ロープウェイ・ゴンドラ）,鉢伏山:2.02km,BS-kP11-22-28-bs899(805m),,provisional,15,名称未確認、公式情報または2情報源での確認が必要,"OpenStreetMap（© OpenStreetMap contributors, ODbL 1.0）Geofabrik japan-latest.osm.pbf 2026-09-23T20:22:04Z node/4489493920",
TH-n4489493921,trailhead,（名称未確認）,35.3910638,134.5256461,WGS84,483,鉢伏山,関西百名山,,索道駅（ロープウェイ・ゴンドラ）,鉢伏山:1.17km,,,provisional,15,名称未確認、公式情報または2情報源での確認が必要,"OpenStreetMap（© OpenStreetMap contributors, ODbL 1.0）Geofabrik japan-latest.osm.pbf 2026-09-23T20:22:04Z node/4489493921",
TH-n4489493922,trailhead,中央クワッドリフト,35.3906963,134.5300441,WGS84,483,鉢伏山,関西百名山,,索道駅（ロープウェイ・ゴンドラ）,鉢伏山:1.59km,BS-kP11-22-28-bs899(834m),,provisional,15,公式情報または2情報源での確認が必要,"OpenStreetMap（© OpenStreetMap contributors, ODbL 1.0）Geofabrik japan-latest.osm.pbf 2026-09-23T20:22:04Z node/4489493922",
TH-n4491022835,trailhead,ホーライクワッドリフト,35.2094962,135.8861511,WGS84,522,武奈ヶ岳,日本二百名山|日本三百名山|関西百名山,,索道駅（ロープウェイ・ゴンドラ）,武奈ヶ岳:8.5km,,,provisional,15,公式情報または2情報源での確認が必要,"OpenStreetMap（© OpenStreetMap contributors, ODbL 1.0）Geofabrik japan-latest.osm.pbf 2026-09-23T20:22:04Z node/4491022835",
TH-n4491022835-2,trailhead,チャンピオン第1ペアリフト,35.2094962,135.8861511,WGS84,544,蓬莱山,日本三百名山|関西百名山,,索道駅（ロープウェイ・ゴンドラ）,蓬莱山:0.04km,,,provisional,15,公式情報または2情報源での確認が必要,"OpenStreetMap（© OpenStreetMap contributors, ODbL 1.0）Geofabrik japan-latest.osm.pbf 2026-09-23T20:22:04Z node/4491022835",
TH-n4491022836,trailhead,ホーライクワッドリフト,35.2114816,135.8899115,WGS84,544,蓬莱山,日本三百名山|関西百名山,,索道駅（ロープウェイ・ゴンドラ）,蓬莱山:0.46km,,,provisional,15,公式情報または2情報源での確認が必要,"OpenStreetMap（© OpenStreetMap contributors, ODbL 1.0）Geofabrik japan-latest.osm.pbf 2026-09-23T20:22:04Z node/4491022836",
TH-n4491022839,trailhead,打見ペアリフト,35.2134002,135.8935298,WGS84,544,蓬莱山,日本三百名山|関西百名山,,索道駅（ロープウェイ・ゴンドラ）,蓬莱山:0.9km,,,provisional,15,公式情報または2情報源での確認が必要,"OpenStreetMap（© OpenStreetMap contributors, ODbL 1.0）Geofabrik japan-latest.osm.pbf 2026-09-23T20:22:04Z node/4491022839",
TH-n4491022840,trailhead,打見ペアリフト,35.212173,135.8900617,WGS84,522,武奈ヶ岳,日本二百名山|日本三百名山|関西百名山,,索道駅（ロープウェイ・ゴンドラ）,武奈ヶ岳:7.98km,,,provisional,15,公式情報または2情報源での確認が必要,"OpenStreetMap（© OpenStreetMap contributors, ODbL 1.0）Geofabrik japan-latest.osm.pbf 2026-09-23T20:22:04Z node/4491022840",
TH-n4491022844,trailhead,びわ湖バレイ（蓬莱山・打見山）,35.2179922,135.8906438,WGS84,509 522 544,蛇谷ヶ峰、武奈ヶ岳、蓬莱山,関西百名山|日本二百名山|日本三百名山,,索道駅（ロープウェイ・ゴンドラ）,蛇谷ヶ峰:15.52km 武奈ヶ岳:7.04km 蓬莱山:1.7km,,,adopted,15,びわ湖バレイは蓬莱山・打見山方面の入口、国土地理院の地名との差が221mあり、登山口そのものの位置は目視未確認,"OpenStreetMap（© OpenStreetMap contributors, ODbL 1.0）Geofabrik japan-latest.osm.pbf 2026-09-23T20:22:04Z node/4491022844 ｜ 国土地理院 地名検索「びわ湖バレイスキー場」（35.217505, 135.888289、JGD2011、221m差）2026-09-20確認",2026-09-20
TH-n4491022845,trailhead,ジャイアントクワッドリフト,35.2137585,135.8944525,WGS84,509 522,蛇谷ヶ峰、武奈ヶ岳,関西百名山|日本二百名山|日本三百名山,,索道駅（ロープウェイ・ゴンドラ）,蛇谷ヶ峰:15.97km 武奈ヶ岳:7.49km,,,provisional,15,公式情報または2情報源での確認が必要,"OpenStreetMap（© OpenStreetMap contributors, ODbL 1.0）Geofabrik japan-latest.osm.pbf 2026-09-23T20:22:04Z node/4491022845",
TH-n4744108789,trailhead,（名称未確認）野洲中学校前バス停付近,35.0638596,136.0391493,WGS84,597,三上山,関西百名山,,一般道との接続,三上山:2.13km,PK-w481476702(212m) BS-kP11-22-25-bs1833(610m) BS-kP11-22-25-bs1815(735m) BS-kP11-22-25-bs1855(879m),,provisional,30,名称未確認、近くの道路にゲートあり（車両通行止め・季節閉鎖の可能性）、公式情報または2情報源での確認が必要,"OpenStreetMap（© OpenStreetMap contributors, ODbL 1.0）Geofabrik japan-latest.osm.pbf 2026-09-23T20:22:04Z node/4744108789（登山道と道路の接続点）",
TH-n474520284,trailhead,大台ヶ原駐車場,34.1802778,136.0976712,WGS84,718,大台ヶ原山,日本百名山|日本二百名山|日本三百名山|関西百名山|東海の百山,OSM登山道「上道」、OSM登山道「中道」、日出ヶ岳往復、東大台周回,一般道との接続,大台ヶ原山:1.58km,PK-w441927262(39m) BS-n7612486685(75m),,adopted,30,登山道が道路を横断する地点（途中の入口の可能性）,"OpenStreetMap（© OpenStreetMap contributors, ODbL 1.0）Geofabrik japan-latest.osm.pbf 2026-09-23T20:22:04Z node/474520284（登山道と道路の接続点） ｜ 国土地理院 地名検索「大台ヶ原駐車場」（34.180103, 136.098011、JGD2011、37m差）確認",
TH-n4789841022,trailhead,大貝戸登山口,35.1713895,136.4758559,WGS84,553 555 563 577,鈴北岳、御池岳、藤原岳、竜ヶ岳,東海の百山|関西百名山|日本三百名山,,登山口（OSMの登山口地物）,鈴北岳:9.15km 御池岳:8.61km 藤原岳:3.75km 竜ヶ岳:10.24km,PK-w1122682967(98m) PK-w1122682969(310m) PK-w1122682970(310m),,provisional,15,公式情報または2情報源での確認が必要,"OpenStreetMap（© OpenStreetMap contributors, ODbL 1.0）Geofabrik japan-latest.osm.pbf 2026-09-23T20:22:04Z node/4789841022 ｜ 国土地理院 地名検索「西藤原簡易郵便局」（35.170497, 136.477795、JGD2011、202m差）2026-09-20確認",2026-09-20
TH-n4899276205,trailhead,（名称未確認）,34.9549721,135.6236515,WGS84,613,ポンポン山,関西百名山,,一般道との接続,ポンポン山:2.95km,PK-w456046188(11m) PK-w456030913(136m),,provisional,30,名称未確認、公式情報または2情報源での確認が必要,"OpenStreetMap（© OpenStreetMap contributors, ODbL 1.0）Geofabrik japan-latest.osm.pbf 2026-09-23T20:22:04Z node/4899276205（登山道と道路の接続点）",
TH-n4936269294,trailhead,（名称未確認）新道足尾谷橋バス停付近,35.2118035,135.8588122,WGS84,544,蓬莱山,日本三百名山|関西百名山,,一般道との接続,蓬莱山:4.27km,BS-kP11-22-25-bs835(295m) BS-kP11-22-25-bs815(800m) BS-kP11-22-25-bs816(800m),,provisional,30,名称未確認、登山道が道路を横断する地点（途中の入口の可能性）、近くの道路にゲートあり（車両通行止め・季節閉鎖の可能性）、公式情報または2情報源での確認が必要,"OpenStreetMap（© OpenStreetMap contributors, ODbL 1.0）Geofabrik japan-latest.osm.pbf 2026-09-23T20:22:04Z node/4936269294（登山道と道路の接続点）",
TH-n4942282381,trailhead,（名称未確認）畑バス停付近,35.2989042,135.9258747,WGS84,509,蛇谷ヶ峰,関西百名山,,一般道との接続,蛇谷ヶ峰:3.65km,BS-kP11-22-25-bs637(766m),,provisional,30,名称未確認、近くの道路にゲートあり（車両通行止め・季節閉鎖の可能性）、公式情報または2情報源での確認が必要,"OpenStreetMap（© OpenStreetMap contributors, ODbL 1.0）Geofabrik japan-latest.osm.pbf 2026-09-23T20:22:04Z node/4942282381（登山道と道路の接続点）",
TH-n5267854837,trailhead,（名称未確認）塩谷口バス停付近,35.263012,135.4474487,WGS84,514,長老ヶ岳,関西百名山,,一般道（県道以上）との接続,長老ヶ岳:7.05km,BS-kP11-22-26-bs1351(63m) BS-kP11-22-26-bs1359(303m) BS-kP11-22-26-bs1358(508m),,provisional,30,名称未確認、公式情報または2情報源での確認が必要,"OpenStreetMap（© OpenStreetMap contributors, ODbL 1.0）Geofabrik japan-latest.osm.pbf 2026-09-23T20:22:04Z node/5267854837（登山道と道路の接続点）",
TH-n5429763201,trailhead,発心門王子;Hosshinmon-oji,33.8617469,135.7206005,WGS84,759,冷水山,関西百名山,,駐車場・バス停（林道・車道を経由して登山道へ）,冷水山:12.76km,BS-n5429763201(0m) BS-kP11-22-30-bs2062(325m) BS-kP11-22-30-bs2063(819m),,provisional,15,林道からの入口（マイカー進入可否を要確認）、公式情報または2情報源での確認が必要,"OpenStreetMap（© OpenStreetMap contributors, ODbL 1.0）Geofabrik japan-latest.osm.pbf 2026-09-23T20:22:04Z node/5429763201 ｜ OpenStreetMap（© OpenStreetMap contributors, ODbL 1.0）Geofabrik japan-latest.osm.pbf 2026-09-23T20:22:04Z node/1425771293（登山道と道路の接続点）",
TH-n5537346069,trailhead,横尾山登山口（妙法寺駅側）,34.6761273,135.1115987,WGS84,637,横尾山,関西百名山,OSM登山道「横尾４２号線」,一般道との接続,横尾山:1.54km,PK-w368782167(101m) PK-w969112639(143m) PK-w507542449(166m) BS-kP11-22-28-bs9027(108m) BS-kP11-22-28-bs9027(108m) BS-kP11-22-28-bs9027(108m),,provisional,30,近くの道路にゲートあり（車両通行止め・季節閉鎖の可能性）、公式情報または2情報源での確認が必要,"OpenStreetMap（© OpenStreetMap contributors, ODbL 1.0）Geofabrik japan-latest.osm.pbf 2026-09-23T20:22:04Z node/5537346069（登山道と道路の接続点） ｜ 国土地理院 地名検索「妙法寺駅」（34.675314, 135.110388、JGD2011、143m差）2026-09-20確認 ｜ 登山記録で広く使われている登山口（登山記録・登山情報サイトで名称と利用を確認。公式情報では未確認） 2026-09-24確認",2026-09-20
TH-n5564323742,trailhead,（名称未確認）リファーレ横尾駐車場付近,34.6743854,135.10862,WGS84,637,横尾山,関西百名山,,一般道との接続,横尾山:1.19km,PK-w507542452(50m) PK-w969112615(60m) PK-w969112617(66m) BS-kP11-22-28-bs9027(230m) BS-kP11-22-28-bs9027(230m) BS-kP11-22-28-bs9027(230m),,provisional,30,名称未確認、近くの道路にゲートあり（車両通行止め・季節閉鎖の可能性）、公式情報または2情報源での確認が必要,"OpenStreetMap（© OpenStreetMap contributors, ODbL 1.0）Geofabrik japan-latest.osm.pbf 2026-09-23T20:22:04Z node/5564323742（登山道と道路の接続点） ｜ 国土地理院 地名検索「妙法寺駅」（34.675314, 135.110388、JGD2011、192m差）2026-09-20確認",2026-09-20
TH-n5588254995,trailhead,（名称未確認）バス待機場付近,34.6800695,135.0937359,WGS84,637,横尾山,関西百名山,OSM登山道「中落合１５号線」、OSM登山道「中落合１６号線」,一般道（県道以上）との接続,横尾山:2.29km,PK-w969981638(36m) PK-w368314812(114m) PK-w368314870(192m) BS-kP11-22-28-bs8968(101m) BS-kP11-22-28-bs8968(101m) BS-kP11-22-28-bs8968(101m),,provisional,30,名称未確認、近くの道路にゲートあり（車両通行止め・季節閉鎖の可能性）、公式情報または2情報源での確認が必要,"OpenStreetMap（© OpenStreetMap contributors, ODbL 1.0）Geofabrik japan-latest.osm.pbf 2026-09-23T20:22:04Z node/5588254995（登山道と道路の接続点） ｜ 国土地理院 地名検索「名谷駅」（34.680929, 135.094732、JGD2011、132m差）2026-09-20確認",2026-09-20
TH-n5702262721,trailhead,小辺路 果無峠登山口,33.928427,135.7593252,WGS84,759,冷水山,関西百名山,OSM登山道「小辺路」,登山口（OSMの登山口地物）,冷水山:12.48km,BS-kP11-22-29-bs2855(18m) BS-kP11-22-29-bs2854(142m) BS-kP11-22-29-bs2848(269m),OSM登山ルート: 熊野古道 小辺路,adopted,15,採用の根拠: OSMの登山口名と、地理院地図の徒歩道が道路から始まる位置の一致（公式情報では未確認）,"OpenStreetMap（© OpenStreetMap contributors, ODbL 1.0）Geofabrik japan-latest.osm.pbf 2026-09-23T20:22:04Z node/5702262721 ｜ 国土地理院ベクトルタイル提供実験 地理院地図の徒歩道の起点（33.928467, 135.759272、JGD2011、7m差）2026-09-24確認",
TH-n5958156757,trailhead,（名称未確認）船木山登山口 駐車場付近,35.1764188,134.402167,WGS84,554,後山,中国百名山,,道路の終点付近,後山:2.88km,PK-w166691796(310m) PK-w179944053(358m),,provisional,30,名称未確認、林道からの入口（マイカー進入可否を要確認）、公式情報または2情報源での確認が必要,"OpenStreetMap（© OpenStreetMap contributors, ODbL 1.0）Geofabrik japan-latest.osm.pbf 2026-09-23T20:22:04Z node/5958156757（登山道と道路の接続点）",
TH-n6151228099,trailhead,善峯寺（ポンポン山登山口）,34.9374705,135.6461317,WGS84,613,ポンポン山,関西百名山,,駐車場・バス停（林道・車道を経由して登山道へ）,ポンポン山:3.07km,PK-w389329545(55m) PK-w389329539(104m) PK-w677363506(198m) BS-kP11-22-26-bs3649(35m) BS-kP11-22-26-bs3649(35m),,provisional,15,近くの道路にゲートあり（車両通行止め・季節閉鎖の可能性）、林道からの入口（マイカー進入可否を要確認）、公式情報または2情報源での確認が必要,"OpenStreetMap（© OpenStreetMap contributors, ODbL 1.0）Geofabrik japan-latest.osm.pbf 2026-09-23T20:22:04Z node/6151228099 ｜ OpenStreetMap（© OpenStreetMap contributors, ODbL 1.0）Geofabrik japan-latest.osm.pbf 2026-09-23T20:22:04Z node/4785695273（登山道と道路の接続点） ｜ 登山記録で広く使われている登山口（登山記録・登山情報サイトで名称と利用を確認。公式情報では未確認） 2026-09-24確認",
TH-n6177995786,trailhead,グリーンパーク想い出の森;くつき温泉てんくう,35.3430144,135.920938,WGS84,509 522,蛇谷ヶ峰、武奈ヶ岳,関西百名山|日本二百名山|日本三百名山,,駐車場・バス停（林道・車道を経由して登山道へ）,蛇谷ヶ峰:2.98km 武奈ヶ岳:11.63km,PK-n6177995786(0m) PK-w449773442(24m) PK-w449773439(98m) BS-kP11-22-25-bs491(609m) BS-kP11-22-25-bs480(682m) BS-kP11-22-25-bs506(899m),,provisional,15,近くの道路にゲートあり（車両通行止め・季節閉鎖の可能性）、林道からの入口（マイカー進入可否を要確認）、公式情報または2情報源での確認が必要,"OpenStreetMap（© OpenStreetMap contributors, ODbL 1.0）Geofabrik japan-latest.osm.pbf 2026-09-23T20:22:04Z node/6177995786 ｜ OpenStreetMap（© OpenStreetMap contributors, ODbL 1.0）Geofabrik japan-latest.osm.pbf 2026-09-23T20:22:04Z node/4467093676（登山道と道路の接続点）",
TH-n6643037685,trailhead,坪の内オートキャンプ場,34.2205254,135.8403461,WGS84,719,大峰山,日本百名山|日本二百名山|日本三百名山|関西百名山,OSM登山道「坪内弥山登山コース」,施設（山小屋・宿・キャンプ場）からの入口,大峰山:10.7km,PK-w690412352(206m) PK-n6477370137(207m) BS-kP11-22-29-bs2517(67m) BS-kP11-22-29-bs2517(67m) BS-kP11-22-29-bs2516(147m),,provisional,15,林道からの入口（マイカー進入可否を要確認）、公式情報または2情報源での確認が必要,"OpenStreetMap（© OpenStreetMap contributors, ODbL 1.0）Geofabrik japan-latest.osm.pbf 2026-09-23T20:22:04Z node/6643037685",
TH-n6649478843,trailhead,天満台東二丁目,34.5469483,135.9744714,WGS84,645,額井岳,関西百名山,,駐車場・バス停（林道・車道を経由して登山道へ）,額井岳:1.5km,PK-w804808387(357m) PK-w435012875(393m) PK-w435012877(408m) BS-kP11-22-29-bs1270(10m) BS-kP11-22-29-bs1270(10m) BS-kP11-22-29-bs1288(474m),,provisional,15,林道からの入口（マイカー進入可否を要確認）、公式情報または2情報源での確認が必要,"OpenStreetMap（© OpenStreetMap contributors, ODbL 1.0）Geofabrik japan-latest.osm.pbf 2026-09-23T20:22:04Z node/6649478843 ｜ OpenStreetMap（© OpenStreetMap contributors, ODbL 1.0）Geofabrik japan-latest.osm.pbf 2026-09-23T20:22:04Z node/1860220110（登山道と道路の接続点） ｜ 国土地理院 地名検索「榛原天満台東二丁目」（34.547817, 135.974708、JGD2011、98m差）2026-09-20確認",2026-09-20
TH-n6703059403,trailhead,観音峰登山口,34.2449574,135.8703913,WGS84,700 705 710,山上ヶ岳、稲村ヶ岳、大普賢岳,日本三百名山|関西百名山,,登山口（OSMの登山口地物）,山上ヶ岳:9.44km 稲村ヶ岳:8.04km 大普賢岳:14.46km,PK-n6703059401(125m) PK-w1215779995(204m) BS-kP11-22-29-bs2503(9m) BS-kP11-22-29-bs2504(873m) BS-kP11-22-29-bs2504(873m),,provisional,15,公式情報または2情報源での確認が必要,"OpenStreetMap（© OpenStreetMap contributors, ODbL 1.0）Geofabrik japan-latest.osm.pbf 2026-09-23T20:22:04Z node/6703059403",
TH-n6723664943,trailhead,三休の湯,35.0447992,136.4418029,WGS84,585 589 595 601 602 607,三池岳、釈迦ヶ岳、尾高山、雨乞岳、御在所岳、鎌ヶ岳,東海の百山|日本二百名山|日本三百名山|関西百名山,OSM登山道「中尾根道」,駐車場・バス停（林道・車道を経由して登山道へ）,三池岳:5.81km 釈迦ヶ岳:3.02km 尾高山:5.18km 雨乞岳:12.73km 御在所岳:10.85km 鎌ヶ岳:15.17km,PK-n6723664943(0m) PK-w715409930(8m),,provisional,15,公式情報または2情報源での確認が必要,"OpenStreetMap（© OpenStreetMap contributors, ODbL 1.0）Geofabrik japan-latest.osm.pbf 2026-09-23T20:22:04Z node/6723664943 ｜ OpenStreetMap（© OpenStreetMap contributors, ODbL 1.0）Geofabrik japan-latest.osm.pbf 2026-09-23T20:22:04Z node/6003873014（登山道と道路の接続点）",
TH-n6881086223,trailhead,Hotel Pure,34.6725764,135.0775062,WGS84,637,横尾山,関西百名山,,施設（山小屋・宿・キャンプ場）からの入口,横尾山:3.3km,PK-w367485570(399m) BS-n8018093185(95m) BS-kP11-22-28-bs9101(139m) BS-kP11-22-28-bs9101(139m),,provisional,15,近くの道路にゲートあり（車両通行止め・季節閉鎖の可能性）、公式情報または2情報源での確認が必要,"OpenStreetMap（© OpenStreetMap contributors, ODbL 1.0）Geofabrik japan-latest.osm.pbf 2026-09-23T20:22:04Z node/6881086223",
TH-n7023033537,trailhead,前鬼 小仲坊（釈迦ヶ岳 前鬼口）,34.0965868,135.9249088,WGS84,719 722,大峰山、釈迦ヶ岳,日本百名山|日本二百名山|日本三百名山|関西百名山,,施設（山小屋・宿・キャンプ場）からの入口,大峰山:12.29km 釈迦ヶ岳:3.72km,,,provisional,15,公式情報または2情報源での確認が必要,"OpenStreetMap（© OpenStreetMap contributors, ODbL 1.0）Geofabrik japan-latest.osm.pbf 2026-09-23T20:22:04Z node/7023033537 ｜ 登山記録で広く使われている登山口（登山記録・登山情報サイトで名称と利用を確認。公式情報では未確認） 2026-09-26確認",
TH-n7023181823,trailhead,金剛登山口,34.4173491,135.6488264,WGS84,676,金剛山,日本二百名山|日本三百名山|関西百名山,OSM登山道「千早城趾ルート」,登山口（OSMの登山口地物）,金剛山:2.69km,PK-w398272834(21m) PK-w397587224(25m) PK-w397587223(30m) BS-kP11-22-27-bs5019(14m) BS-kP11-22-27-bs5020(14m) BS-kP11-22-27-bs4995(741m),,provisional,15,公式情報または2情報源での確認が必要,"OpenStreetMap（© OpenStreetMap contributors, ODbL 1.0）Geofabrik japan-latest.osm.pbf 2026-09-23T20:22:04Z node/7023181823 ｜ 国土地理院 地名検索「富田林警察署千早駐在所」（34.416943, 135.648385、JGD2011、60m差）2026-09-20確認",2026-09-20
TH-n7023256178,trailhead,岩湧山,34.3764332,135.5210187,WGS84,681,岩湧山,関西百名山,OSM登山道「ダイヤモンドトレール」,登山口（OSMの登山口地物）,岩湧山:3.58km,PK-w751249008(22m) BS-kP11-22-27-bs5347(306m) BS-kP11-22-27-bs5348(306m) BS-kP11-22-27-bs5325(918m),,provisional,15,公式情報または2情報源での確認が必要,"OpenStreetMap（© OpenStreetMap contributors, ODbL 1.0）Geofabrik japan-latest.osm.pbf 2026-09-23T20:22:04Z node/7023256178",
TH-n7178446649,trailhead,（名称未確認）,35.4736472,135.9141713,WGS84,450,三十三間山,関西百名山,,道路の終点付近,三十三間山:3.09km,,,candidate,30,名称未確認、林道からの入口（マイカー進入可否を要確認）、公式情報または2情報源での確認が必要,"OpenStreetMap（© OpenStreetMap contributors, ODbL 1.0）Geofabrik japan-latest.osm.pbf 2026-09-23T20:22:04Z node/7178446649（登山道と道路の接続点）",
TH-n7368449785,trailhead,雪彦山登山口・キャンプ場,35.0607657,134.6627193,WGS84,587,雪彦山,関西百名山,,登山口（OSMの登山口地物）,雪彦山:1.96km,PK-n10096096096(80m),,adopted,15,採用の根拠: OSMの登山口名と、地理院地図の徒歩道が道路から始まる位置の一致（公式情報では未確認）,"OpenStreetMap（© OpenStreetMap contributors, ODbL 1.0）Geofabrik japan-latest.osm.pbf 2026-09-23T20:22:04Z node/7368449785 ｜ 国土地理院ベクトルタイル提供実験 地理院地図の徒歩道の起点（35.060671, 134.662765、JGD2011、11m差）2026-09-24確認",
TH-n7597052148,trailhead,（名称未確認）門前町南バス停付近,34.6783404,135.6882025,WGS84,635,生駒山,関西百名山,,一般道との接続,生駒山:0.89km,BS-kP11-22-29-bs447(471m) BS-kP11-22-29-bs432(515m) BS-kP11-22-29-bs531(624m),,provisional,30,名称未確認、近くの道路にゲートあり（車両通行止め・季節閉鎖の可能性）、公式情報または2情報源での確認が必要,"OpenStreetMap（© OpenStreetMap contributors, ODbL 1.0）Geofabrik japan-latest.osm.pbf 2026-09-23T20:22:04Z node/7597052148（登山道と道路の接続点）",
TH-n765060402,trailhead,（名称未確認）,35.0257614,135.6395576,WGS84,593,愛宕山,日本三百名山|関西百名山,,一般道（県道以上）との接続,愛宕山:4.32km,,,candidate,30,名称未確認、近くの道路にゲートあり（車両通行止め・季節閉鎖の可能性）、公式情報または2情報源での確認が必要,"OpenStreetMap（© OpenStreetMap contributors, ODbL 1.0）Geofabrik japan-latest.osm.pbf 2026-09-23T20:22:04Z node/765060402（登山道と道路の接続点）",
TH-n8057436631,trailhead,（名称未確認）かつらぎの森付近,34.4922363,135.7059649,WGS84,667,大和葛城山,日本三百名山|関西百名山,,一般道との接続,大和葛城山:6.0km,PK-w864497475(341m) PK-w864497477(348m) BS-kP11-22-29-bs1636(292m) BS-kP11-22-29-bs1649(301m) BS-kP11-22-29-bs1646(362m),,provisional,30,名称未確認、公式情報または2情報源での確認が必要,"OpenStreetMap（© OpenStreetMap contributors, ODbL 1.0）Geofabrik japan-latest.osm.pbf 2026-09-23T20:22:04Z node/8057436631（登山道と道路の接続点）",
TH-n8088445204,trailhead,鈴谷口,34.9221329,135.6694873,WGS84,613,ポンポン山,関西百名山,,駐車場・バス停（林道・車道を経由して登山道へ）,ポンポン山:5.44km,BS-kP11-22-26-bs3826(4m) BS-kP11-22-26-bs3826(4m) BS-kP11-22-26-bs3831(221m),,provisional,15,近くの道路にゲートあり（車両通行止め・季節閉鎖の可能性）、林道からの入口（マイカー進入可否を要確認）、公式情報または2情報源での確認が必要,"OpenStreetMap（© OpenStreetMap contributors, ODbL 1.0）Geofabrik japan-latest.osm.pbf 2026-09-23T20:22:04Z node/8088445204 ｜ OpenStreetMap（© OpenStreetMap contributors, ODbL 1.0）Geofabrik japan-latest.osm.pbf 2026-09-23T20:22:04Z node/1400703602（登山道と道路の接続点）",
TH-n8308945821,trailhead,（名称未確認）,33.9334508,135.8334133,WGS84,748,玉置山,関西百名山,,一般道との接続,玉置山:0.8km,,,candidate,30,名称未確認、公式情報または2情報源での確認が必要,"OpenStreetMap（© OpenStreetMap contributors, ODbL 1.0）Geofabrik japan-latest.osm.pbf 2026-09-23T20:22:04Z node/8308945821（登山道と道路の接続点）",
TH-n8325407889,trailhead,大塔山登山口（安川林道）,33.7307792,135.6921697,WGS84,781,大塔山,関西百名山,,道路の終点付近,大塔山:2.57km,,,provisional,30,林道からの入口（マイカー進入可否を要確認）、公式情報または2情報源での確認が必要,"OpenStreetMap（© OpenStreetMap contributors, ODbL 1.0）Geofabrik japan-latest.osm.pbf 2026-09-23T20:22:04Z node/8325407889（登山道と道路の接続点） ｜ 登山記録で広く使われている登山口（登山記録・登山情報サイトで名称と利用を確認。公式情報では未確認） 2026-09-24確認",
TH-n8484467947,trailhead,（名称未確認）曽爾高原バス停付近,34.5146816,136.1599109,WGS84,651 656,倶留尊山、古光山,日本三百名山|関西百名山|東海の百山,,一般道（県道以上）との接続,倶留尊山:2.39km 古光山:1.41km,PK-n10001205996(391m) PK-n722515404(419m) BS-kP11-22-29-bs1433(824m),,provisional,30,名称未確認、公式情報または2情報源での確認が必要,"OpenStreetMap（© OpenStreetMap contributors, ODbL 1.0）Geofabrik japan-latest.osm.pbf 2026-09-23T20:22:04Z node/8484467947（登山道と道路の接続点）",
TH-n8487738855,trailhead,（名称未確認）宝殿橋バス停付近,34.7802133,135.2667974,WGS84,628,六甲最高峰,日本三百名山|関西百名山,OSM登山道「旧道」,一般道（県道以上）との接続,六甲最高峰:0.37km,PK-w417974977(270m) BS-kP11-22-28-bs6402(820m),,provisional,30,名称未確認、公式情報または2情報源での確認が必要,"OpenStreetMap（© OpenStreetMap contributors, ODbL 1.0）Geofabrik japan-latest.osm.pbf 2026-09-23T20:22:04Z node/8487738855（登山道と道路の接続点）",
TH-n930189627,trailhead,（名称未確認）月山鍛刀塲Ｐ付近,34.5282731,135.8527546,WGS84,649,三輪山,関西百名山,OSM登山道「くすり道」、OSM登山道「参道」,一般道との接続,三輪山:1.56km,PK-w1124410592(116m) PK-w592051588(212m) PK-w689281822(427m) BS-kP11-22-29-bs1393(244m) BS-kP11-22-29-bs1397(617m) BS-kP11-22-29-bs1392(934m),,provisional,30,名称未確認、登山道が道路を横断する地点（途中の入口の可能性）、公式情報または2情報源での確認が必要,"OpenStreetMap（© OpenStreetMap contributors, ODbL 1.0）Geofabrik japan-latest.osm.pbf 2026-09-23T20:22:04Z node/930189627（登山道と道路の接続点）",
TH-n9388582959,trailhead,（名称未確認）,35.4911024,135.9930852,WGS84,441,赤坂山,関西百名山,,道路の終点付近,赤坂山:6.13km,,OSM登山ルート: 高島トレイル,candidate,30,名称未確認、林道からの入口（マイカー進入可否を要確認）、公式情報または2情報源での確認が必要,"OpenStreetMap（© OpenStreetMap contributors, ODbL 1.0）Geofabrik japan-latest.osm.pbf 2026-09-23T20:22:04Z node/9388582959（登山道と道路の接続点）",
TH-n9404409834,trailhead,水越峠,34.4435652,135.6819385,WGS84,667 676,大和葛城山、金剛山,日本三百名山|関西百名山|日本二百名山,OSM登山道「ダイヤモンドトレール」,峠（道路との接続）,大和葛城山:2.09km 金剛山:3.67km,PK-w1019662031(302m) PK-w1019662032(311m) PK-w397570279(473m) BS-kP11-22-27-bs4750(305m) BS-kP11-22-27-bs4750(305m),,adopted,30,登山道が道路を横断する地点（途中の入口の可能性）,"OpenStreetMap（© OpenStreetMap contributors, ODbL 1.0）Geofabrik japan-latest.osm.pbf 2026-09-23T20:22:04Z node/9404409834（登山道と道路の接続点） ｜ 国土地理院 地名検索「水越峠」（34.443557, 135.681764、JGD2011、16m差）2026-09-20確認",2026-09-20
TH-n9455348397,trailhead,堂ノ町,35.1671221,135.7813539,WGS84,556,雲取山,関西百名山,,駐車場・バス停（林道・車道を経由して登山道へ）,雲取山:3.98km,BS-kP11-22-26-bs1593(4m) BS-kP11-22-26-bs1598(224m) BS-kP11-22-26-bs1588(398m),,provisional,15,近くの道路にゲートあり（車両通行止め・季節閉鎖の可能性）、林道からの入口（マイカー進入可否を要確認）、公式情報または2情報源での確認が必要,"OpenStreetMap（© OpenStreetMap contributors, ODbL 1.0）Geofabrik japan-latest.osm.pbf 2026-09-23T20:22:04Z node/9455348397 ｜ OpenStreetMap（© OpenStreetMap contributors, ODbL 1.0）Geofabrik japan-latest.osm.pbf 2026-09-23T20:22:04Z node/3780474361（登山道と道路の接続点）",
TH-n9455348398,trailhead,花背高原前,35.1705384,135.7825639,WGS84,556,雲取山,関西百名山,,駐車場・バス停（林道・車道を経由して登山道へ）,雲取山:3.4km,BS-kP11-22-26-bs1588(7m) BS-kP11-22-26-bs1587(115m) BS-kP11-22-26-bs1583(280m),,provisional,15,近くの道路にゲートあり（車両通行止め・季節閉鎖の可能性）、林道からの入口（マイカー進入可否を要確認）、公式情報または2情報源での確認が必要,"OpenStreetMap（© OpenStreetMap contributors, ODbL 1.0）Geofabrik japan-latest.osm.pbf 2026-09-23T20:22:04Z node/9455348398 ｜ OpenStreetMap（© OpenStreetMap contributors, ODbL 1.0）Geofabrik japan-latest.osm.pbf 2026-09-23T20:22:04Z node/1368926560（登山道と道路の接続点）",
TH-n9465428222,trailhead,三上山登山口（表登山道・御上神社側）,35.0493716,136.0311835,WGS84,597,三上山,関西百名山,OSM登山道「三上山表登山道」、OSM登山道「裏道」,一般道との接続,三上山:0.76km,PK-g3505001_13602738(354m) BS-kP11-22-25-bs1986(175m) BS-kP11-22-25-bs2005(389m) BS-kP11-22-25-bs1968(483m),parking=登山者は御上神社駐車場（国道8号沿い）を利用する（野洲市）; restriction=裏登山道の三上山登山口駐車場（天保義民碑前）は令和4年4月1日から閉鎖。道幅が狭く、地元の方の生活道路のため（野洲市）,adopted,15,御上神社駐車場からは「三上山登山口」交差点の横断歩道を使うこと（野洲市）、登山口の柵はイノシシの獣害対策のためのもので、通行後は必ず閉めること（野洲市）,"OpenStreetMap（© OpenStreetMap contributors, ODbL 1.0）Geofabrik japan-latest.osm.pbf 2026-09-23T20:22:04Z node/9465428222（登山道と道路の接続点） ｜ 公式情報: https://www.city.yasu.lg.jp/soshiki/keizai/oshirase/1585294796705.html",2026-09-24
TH-n9499610363,trailhead,石見川,34.3938107,135.6385362,WGS84,676,金剛山,日本二百名山|日本三百名山|関西百名山,OSM登山道「林道地獄谷線」,駐車場・バス停（林道・車道を経由して登山道へ）,金剛山:8.46km,BS-n9499610363(0m),,provisional,15,公式情報または2情報源での確認が必要,"OpenStreetMap（© OpenStreetMap contributors, ODbL 1.0）Geofabrik japan-latest.osm.pbf 2026-09-23T20:22:04Z node/9499610363 ｜ OpenStreetMap（© OpenStreetMap contributors, ODbL 1.0）Geofabrik japan-latest.osm.pbf 2026-09-23T20:22:04Z node/1576736810（登山道と道路の接続点）",
TH-osm-n2246853541,trailhead,里山公園なぐさの森（福崎町立青少年野外活動センター・七種山登山口）,34.996814,134.724907,WGS84,603,七種山,関西百名山,,公式情報による登山口,,PK-w216781746(62m) PK-w216781744(71m) PK-w216781749(93m) BS-kP11-22-28-bs2839(972m),parking=里山公園なぐさの森駐車場 10台（福崎町観光協会）; course=野外活動センターから作門寺山門駐車場まで約2km（約30分）。小滝林道駐車場まで約3km（約50分）、そこから七種山山頂まで約1.5km（約60分）（福崎町観光協会）; access=中国自動車道福崎ICから約8km（約15分）。JR播但線福崎駅から約6km（福崎町観光協会）,adopted,150,登山ポストは野外活動センター入り口前にある（福崎町観光協会）、七種槍（577.3m）を経る尾根のコースは、尾根の幅が狭く切り立ったところや岩場がある（福崎町観光協会）,"OpenStreetMap（© OpenStreetMap contributors, ODbL 1.0）node/2246853541「福崎町青少年野外活動センター」の位置（34.996814, 134.724907）、標高149.9m（国土地理院 標高API）2026-09-26確認 ｜ 公式情報: https://fukusakikankou.jp/wp-content/uploads/2024/04/%E4%B8%83%E7%A8%AE%E5%B1%B1%E7%99%BB%E5%B1%B1%E3%83%9E%E3%83%83%E3%83%97.pdf ｜ 公式情報: https://fukusaki-mountain.com/hiking-trail/4286/",2026-09-26
TH-osm-n3735361545,trailhead,おにゅう峠（百里ヶ岳）,35.386877,135.791844,WGS84,485,百里ヶ岳,関西百名山,,登山記録で広く使われている登山口,,,,provisional,100,,"OpenStreetMap（© OpenStreetMap contributors, ODbL 1.0）node/3735361545（おにゅう峠） ｜ 登山記録で広く使われている登山口（登山記録・登山情報サイトで名称と利用を確認。公式情報では未確認） 2026-09-24確認",
TH-osm-n3999594681,trailhead,JR柏原駅（霊仙山 柏原登山口へ徒歩約15分）,35.34479,136.402833,WGS84,518,霊仙山,関西百名山|東海の百山,柏原登山道,公式情報による登山口,,PK-w1373708154(212m) BS-kP11-22-25-bs487(198m) BS-kP11-22-25-bs500(315m) BS-kP11-22-25-bs507(540m),access=柏原登山口はJR柏原駅から徒歩約15分（米原市）,adopted,30,登山口付近に駐車場はない。いぼとり公園駐車場（無料）や養鱒センターきたがわ（有料・要予約）を案内している（米原市）、山中にトイレはない。ドリーネ（穴）がいたるところにあり、登山道以外のルートは穴に転落の恐れがあり危険（米原市）、上丹生登山口からの谷山谷登山道と、河内登山口から四丁横崖までの河内登山道は通行できない（米原市）,"OpenStreetMap（© OpenStreetMap contributors, ODbL 1.0）node/3999594681（柏原駅） ｜ 公式情報: https://www.city.maibara.lg.jp/soshiki/keizai_kankyo/shoko_kanko/kanko_info/spot/3487.html",2026-09-24
TH-osm-n7829132218,trailhead,妙見口駅（妙見山 初谷渓谷・上杉尾根コース）,34.911591,135.444814,WGS84,615,妙見山,関西百名山,,登山記録で広く使われている登山口,,PK-w219964746(67m) PK-w219964747(312m) BS-kP11-22-27-bs89(38m) BS-n2169857373(140m) BS-kP11-22-27-bs92(149m),,provisional,30,,"OpenStreetMap（© OpenStreetMap contributors, ODbL 1.0）node/7829132218（妙見口駅） ｜ 登山記録で広く使われている登山口（登山記録・登山情報サイトで名称と利用を確認。公式情報では未確認） 2026-09-24確認",
TH-osm-w278201423,trailhead,笠形山登山口駐車場（笠形神社コース）,35.037888,134.834575,WGS84,591,笠形山,関西百名山,,登山記録で広く使われている登山口,,PK-g3503789_13483458(0m) BS-kP11-22-28-bs2561(17m) BS-kP11-22-28-bs2559(22m) BS-kP11-22-28-bs2574(150m),,provisional,50,,"OpenStreetMap（© OpenStreetMap contributors, ODbL 1.0）way/278201423（笠形山登山口 駐車場） ｜ 登山記録で広く使われている登山口（登山記録・登山情報サイトで名称と利用を確認。公式情報では未確認） 2026-09-24確認",
TH-w1091185297,trailhead,三井のリパーク,34.6475158,135.1139295,WGS84,637,横尾山,関西百名山,,駐車場・バス停（林道・車道を経由して登山道へ）,横尾山:3.07km,PK-w1091185297(0m) PK-w1091161977(101m) PK-w692647133(190m) BS-kP11-22-28-bs9547(397m) BS-n8254718302(407m) BS-kP11-22-28-bs9573(409m),,provisional,15,近くの道路にゲートあり（車両通行止め・季節閉鎖の可能性）、公式情報または2情報源での確認が必要,"OpenStreetMap（© OpenStreetMap contributors, ODbL 1.0）Geofabrik japan-latest.osm.pbf 2026-09-23T20:22:04Z way/1091185297 ｜ OpenStreetMap（© OpenStreetMap contributors, ODbL 1.0）Geofabrik japan-latest.osm.pbf 2026-09-23T20:22:04Z node/5537867985（登山道と道路の接続点）",
TH-w1122682975,trailhead,簡易パーキング　ふじわら,35.1870236,136.4675195,WGS84,553 555 563 577,鈴北岳、御池岳、藤原岳、竜ヶ岳,東海の百山|関西百名山|日本三百名山,,駐車場・バス停（林道・車道を経由して登山道へ）,鈴北岳:6.99km 御池岳:6.45km 藤原岳:6.96km 竜ヶ岳:13.45km,PK-w1122682975(0m) PK-w1122682982(36m),,provisional,15,林道からの入口（マイカー進入可否を要確認）、公式情報または2情報源での確認が必要,"OpenStreetMap（© OpenStreetMap contributors, ODbL 1.0）Geofabrik japan-latest.osm.pbf 2026-09-23T20:22:04Z way/1122682975 ｜ OpenStreetMap（© OpenStreetMap contributors, ODbL 1.0）Geofabrik japan-latest.osm.pbf 2026-09-23T20:22:04Z node/1410024093（登山道と道路の接続点）",
TH-w1122861027,trailhead,鞍掛峠（滋賀県側）駐車場,35.2030261,136.4107806,WGS84,553 555 563 577,鈴北岳、御池岳、藤原岳、竜ヶ岳,東海の百山|関西百名山|日本三百名山,,駐車場・バス停（林道・車道を経由して登山道へ）,鈴北岳:3.05km 御池岳:4.43km 藤原岳:9.88km 竜ヶ岳:16.37km,PK-w1122861027(0m),,adopted,15,林道からの入口（マイカー進入可否を要確認）、採用の根拠: OSMの登山口名と、地理院地図の徒歩道が道路から始まる位置の一致（公式情報では未確認）,"OpenStreetMap（© OpenStreetMap contributors, ODbL 1.0）Geofabrik japan-latest.osm.pbf 2026-09-23T20:22:04Z way/1122861027 ｜ OpenStreetMap（© OpenStreetMap contributors, ODbL 1.0）Geofabrik japan-latest.osm.pbf 2026-09-23T20:22:04Z node/1378302271（登山道と道路の接続点） ｜ 国土地理院ベクトルタイル提供実験 地理院地図の徒歩道の起点（35.203159, 136.410826、JGD2011、15m差）2026-09-24確認",
TH-w1150059209,trailhead,こども療育センター駐車場,34.8153465,134.8083012,WGS84,624,高御位山,関西百名山,,駐車場・バス停（林道・車道を経由して登山道へ）,高御位山:2.24km,PK-w1150059209(0m) PK-w1075798839(373m) BS-kP11-22-28-bs5509(27m) BS-kP11-22-28-bs5504(59m) BS-kP11-22-28-bs5574(355m),,provisional,15,林道からの入口（マイカー進入可否を要確認）、公式情報または2情報源での確認が必要,"OpenStreetMap（© OpenStreetMap contributors, ODbL 1.0）Geofabrik japan-latest.osm.pbf 2026-09-23T20:22:04Z way/1150059209 ｜ OpenStreetMap（© OpenStreetMap contributors, ODbL 1.0）Geofabrik japan-latest.osm.pbf 2026-09-23T20:22:04Z node/1668473534（登山道と道路の接続点）",
TH-w128992066,trailhead,摩耶ケーブル駅（まやビューライン）,34.719896,135.2161558,WGS84,633,摩耶山,関西百名山,OSM登山道「上野道」,索道駅（ロープウェイ・ゴンドラ）,摩耶山:2.15km,PK-w990863122(136m) PK-w463575062(369m) PK-w463575065(425m) BS-kP11-22-28-bs8033(21m) BS-kP11-22-28-bs8033(21m) BS-kP11-22-28-bs8033(21m),cable=まやビューライン（ケーブル＋ロープウェー）で山麓から山上へ,adopted,15,近くの道路にゲートあり（車両通行止め・季節閉鎖の可能性）、まやビューラインは摩耶山の山麓〜山上をケーブルカーとロープウェーで結ぶ（神戸市）、神戸市は六甲山系登山道の通行止め・通行注意の情報を公開している（神戸市）,"OpenStreetMap（© OpenStreetMap contributors, ODbL 1.0）Geofabrik japan-latest.osm.pbf 2026-09-23T20:22:04Z way/128992066（索道の端点 node/1942590681） ｜ 国土地理院 地名検索「摩耶ケーブル駅」（34.720061, 135.216102、JGD2011、19m差）2026-09-20確認 ｜ 公式情報: https://kobe-rokko.jp/ ｜ 公式情報: https://www.feel-kobe.jp/area-guide/rokko-maya/ ｜ 公式情報: https://www.city.kobe.lg.jp/a17526/kanko/leisure/mountain/index.html",2026-09-20
TH-w1417487193,trailhead,カモシカ駅,35.0204367,136.4217344,WGS84,585 589 595 601 602,三池岳、釈迦ヶ岳、尾高山、雨乞岳、御在所岳,東海の百山|日本二百名山|日本三百名山|関西百名山,OSM登山道「御在所岳 中登山道」、OSM登山道「御在所岳一ノ谷新道」,索道駅（ロープウェイ・ゴンドラ）,三池岳:10.95km 釈迦ヶ岳:7.74km 尾高山:10.75km 雨乞岳:5.6km 御在所岳:0.42km,,,provisional,15,公式情報または2情報源での確認が必要,"OpenStreetMap（© OpenStreetMap contributors, ODbL 1.0）Geofabrik japan-latest.osm.pbf 2026-09-23T20:22:04Z way/1417487193（索道の端点 node/13026217624） ｜ 国土地理院 地名検索「山上公園駅」（35.019519, 136.424520、JGD2011、273m差）2026-09-20確認",2026-09-20
TH-w1417487193-2,trailhead,頂上駅,35.0204367,136.4217344,WGS84,607 609 611 612,鎌ヶ岳、入道ヶ岳、宮指路岳、仙ヶ岳,関西百名山|東海の百山,,索道駅（ロープウェイ・ゴンドラ）,鎌ヶ岳:5.5km 入道ヶ岳:10.68km 宮指路岳:11.15km 仙ヶ岳:13.01km,,,provisional,15,公式情報または2情報源での確認が必要,"OpenStreetMap（© OpenStreetMap contributors, ODbL 1.0）Geofabrik japan-latest.osm.pbf 2026-09-23T20:22:04Z way/1417487193（索道の端点 node/13026217624） ｜ 国土地理院 地名検索「山上公園駅」（35.019519, 136.424520、JGD2011、273m差）2026-09-20確認",2026-09-20
TH-w166691796,trailhead,船木山登山口 駐車場,35.1754081,134.3989902,WGS84,554,後山,中国百名山,,駐車場・バス停（林道・車道を経由して登山道へ）,後山:2.55km,PK-w166691796(0m) PK-w179944053(371m),,provisional,15,公式情報または2情報源での確認が必要,"OpenStreetMap（© OpenStreetMap contributors, ODbL 1.0）Geofabrik japan-latest.osm.pbf 2026-09-23T20:22:04Z way/166691796 ｜ OpenStreetMap（© OpenStreetMap contributors, ODbL 1.0）Geofabrik japan-latest.osm.pbf 2026-09-23T20:22:04Z node/5958156757（登山道と道路の接続点）",
TH-w179944053,trailhead,後山駐車場,35.1731813,134.4020343,WGS84,554,後山,中国百名山,,駐車場・バス停（林道・車道を経由して登山道へ）,後山:3.25km,PK-w179944053(0m) PK-w166691796(371m),,provisional,15,林道からの入口（マイカー進入可否を要確認）、公式情報または2情報源での確認が必要,"OpenStreetMap（© OpenStreetMap contributors, ODbL 1.0）Geofabrik japan-latest.osm.pbf 2026-09-23T20:22:04Z way/179944053 ｜ OpenStreetMap（© OpenStreetMap contributors, ODbL 1.0）Geofabrik japan-latest.osm.pbf 2026-09-23T20:22:04Z node/5958296648（登山道と道路の接続点）",
TH-w183841007,trailhead,虹の駅（まやビューライン）,34.7232143,135.2141854,WGS84,633,摩耶山,関西百名山,OSM登山道「上野道」,索道駅（ロープウェイ・ゴンドラ）,摩耶山:1.64km,PK-w422533781(396m) PK-w645499534(479m) BS-kP11-22-28-bs8033(430m) BS-kP11-22-28-bs8033(430m) BS-kP11-22-28-bs8033(430m),,adopted,15,近くの道路にゲートあり（車両通行止め・季節閉鎖の可能性）、まやビューラインのケーブルとロープウェーの乗換駅（神戸市）,"OpenStreetMap（© OpenStreetMap contributors, ODbL 1.0）Geofabrik japan-latest.osm.pbf 2026-09-23T20:22:04Z way/183841007（索道の端点 node/1424057792） ｜ 公式情報: https://kobe-rokko.jp/ ｜ 公式情報: https://www.feel-kobe.jp/area-guide/rokko-maya/",2026-09-20
TH-w24925988,trailhead,ケーブル坂本駅（坂本ケーブル・比叡山 本坂方面）,35.0665462,135.8439356,WGS84,590,比叡山,日本三百名山|関西百名山,,索道駅（ロープウェイ・ゴンドラ）,比叡山:1.0km,PK-w403291882(442m) PK-w405796388(447m) PK-w403442664(488m) BS-kP11-22-25-bs1841(157m) BS-kP11-22-25-bs1841(157m) BS-kP11-22-25-bs1842(157m),,adopted,15,近くの道路にゲートあり（車両通行止め・季節閉鎖の可能性）、坂本ケーブル（比叡山鉄道）はケーブル坂本駅〜ケーブル延暦寺駅を約11分で結ぶ（比叡山鉄道・滋賀県）、公式情報の名称と、地理院地図で徒歩道が道路から始まる位置（42m差）が一致,"OpenStreetMap（© OpenStreetMap contributors, ODbL 1.0）Geofabrik japan-latest.osm.pbf 2026-09-23T20:22:04Z way/24925988（索道の端点 node/270866403） ｜ 公式情報: https://sakamoto-cable.jp/ ｜ 公式情報: https://www.biwako-visitors.jp/spot/detail/1869/ ｜ 国土地理院ベクトルタイル提供実験 地理院地図の徒歩道の起点（35.066715, 135.843527、JGD2011、42m差）2026-09-21確認",2026-09-20
TH-w283112929,trailhead,（名称未確認）摩耶ロープウェイ山上駅バス停付近,34.7336647,135.2059232,WGS84,633,摩耶山,関西百名山,,索道駅（ロープウェイ・ゴンドラ）,摩耶山:0.12km,BS-kP11-22-28-bs7578(59m) BS-kP11-22-28-bs7578(59m) BS-kP11-22-28-bs7578(59m),,provisional,15,名称未確認、公式情報または2情報源での確認が必要,"OpenStreetMap（© OpenStreetMap contributors, ODbL 1.0）Geofabrik japan-latest.osm.pbf 2026-09-23T20:22:04Z way/283112929（索道の端点 node/2870284034） ｜ 国土地理院 地名検索「星の駅」（34.733705, 135.206330、JGD2011、37m差）2026-09-20確認",2026-09-20
TH-w300394411,trailhead,（名称未確認）第2ペアリフト付近,35.2172463,134.3829283,WGS84,554,後山,中国百名山,,索道駅（ロープウェイ・ゴンドラ）,後山:5.82km,,,provisional,15,名称未確認、公式情報または2情報源での確認が必要,"OpenStreetMap（© OpenStreetMap contributors, ODbL 1.0）Geofabrik japan-latest.osm.pbf 2026-09-23T20:22:04Z way/300394411（索道の端点 node/3044768150）",
TH-w301750772,trailhead,妙見の森リフト(廃線),34.9274066,135.46457,WGS84,615,妙見山,関西百名山,,索道駅（ロープウェイ・ゴンドラ）,妙見山:0.3km,PK-w207202978(349m),,provisional,15,公式情報または2情報源での確認が必要,"OpenStreetMap（© OpenStreetMap contributors, ODbL 1.0）Geofabrik japan-latest.osm.pbf 2026-09-23T20:22:04Z way/301750772（索道の端点 node/3058697231）",
TH-w301750772-2,trailhead,妙見の森リフト(廃線),34.924122,135.4596726,WGS84,615,妙見山,関西百名山,,索道駅（ロープウェイ・ゴンドラ）,妙見山:1.06km,BS-n1264700792(913m) BS-kP11-22-28-bs3692(951m) BS-kP11-22-28-bs3692(951m),,provisional,15,公式情報または2情報源での確認が必要,"OpenStreetMap（© OpenStreetMap contributors, ODbL 1.0）Geofabrik japan-latest.osm.pbf 2026-09-23T20:22:04Z way/301750772（索道の端点 node/3058697180）",
TH-w30432374,trailhead,近畿日本鉄道生駒鋼索線,34.6793974,135.6803904,WGS84,635,生駒山,関西百名山,,索道駅（ロープウェイ・ゴンドラ）,生駒山:0.26km,PK-w200291034(238m) BS-kP11-22-29-bs432(913m),,provisional,15,近くの道路にゲートあり（車両通行止め・季節閉鎖の可能性）、公式情報または2情報源での確認が必要,"OpenStreetMap（© OpenStreetMap contributors, ODbL 1.0）Geofabrik japan-latest.osm.pbf 2026-09-23T20:22:04Z way/30432374（索道の端点 node/335847609）",
TH-w30432381,trailhead,近畿日本鉄道生駒鋼索線,34.683993,135.687822,WGS84,635,生駒山,関西百名山,OSM登山道「参道」,索道駅（ロープウェイ・ゴンドラ）,生駒山:1.08km,PK-w1124754569(28m) PK-w1124754571(38m) PK-w1124754580(55m) BS-kP11-22-29-bs432(192m) BS-kP11-22-29-bs393(193m) BS-kP11-22-29-bs379(344m),,provisional,15,近くの道路にゲートあり（車両通行止め・季節閉鎖の可能性）、公式情報または2情報源での確認が必要,"OpenStreetMap（© OpenStreetMap contributors, ODbL 1.0）Geofabrik japan-latest.osm.pbf 2026-09-23T20:22:04Z way/30432381（索道の端点 node/335847619） ｜ 国土地理院 地名検索「梅屋敷駅」（34.683032, 135.686772、JGD2011、143m差）2026-09-20確認",2026-09-20
TH-w356938602,trailhead,叡山ロープウェイ,35.0644395,135.8275828,WGS84,590,比叡山,日本三百名山|関西百名山,,索道駅（ロープウェイ・ゴンドラ）,比叡山:0.47km,PK-w55072277(439m) BS-kP11-22-26-bs1898(431m) BS-kP11-22-26-bs1898(431m) BS-kP11-22-26-bs1899(431m),OSM登山ルート: 京都一周トレイル北山コース 1:7,provisional,15,近くの道路にゲートあり（車両通行止め・季節閉鎖の可能性）、公式情報または2情報源での確認が必要,"OpenStreetMap（© OpenStreetMap contributors, ODbL 1.0）Geofabrik japan-latest.osm.pbf 2026-09-23T20:22:04Z way/356938602（索道の端点 node/3623376762）",
TH-w397570279,trailhead,水越無料駐車場,34.4442748,135.6768576,WGS84,676,金剛山,日本二百名山|日本三百名山|関西百名山,OSM登山道「太尾東尾根」、OSM登山道「青崩道」,駐車場・バス停（林道・車道を経由して登山道へ）,金剛山:3.18km,PK-w397570279(0m) PK-w1019662032(208m) PK-w1019662031(228m) BS-kP11-22-27-bs4750(235m) BS-kP11-22-27-bs4750(235m) BS-kP11-22-27-bs4702(977m),,provisional,15,公式情報または2情報源での確認が必要,"OpenStreetMap（© OpenStreetMap contributors, ODbL 1.0）Geofabrik japan-latest.osm.pbf 2026-09-23T20:22:04Z way/397570279 ｜ OpenStreetMap（© OpenStreetMap contributors, ODbL 1.0）Geofabrik japan-latest.osm.pbf 2026-09-23T20:22:04Z node/3998532839（登山道と道路の接続点）",
TH-w449142605,trailhead,マロニエペアリフト,35.3998587,134.5381,WGS84,483,鉢伏山,関西百名山,,索道駅（ロープウェイ・ゴンドラ）,鉢伏山:0.8km,,,provisional,15,公式情報または2情報源での確認が必要,"OpenStreetMap（© OpenStreetMap contributors, ODbL 1.0）Geofabrik japan-latest.osm.pbf 2026-09-23T20:22:04Z way/449142605（索道の端点 node/4461089392）",
TH-w457422879,trailhead,再度駐車場,34.71913,135.1732519,WGS84,633,摩耶山,関西百名山,,駐車場・バス停（林道・車道を経由して登山道へ）,摩耶山:4.98km,PK-w457422879(0m) PK-w427371834(379m) BS-kP11-22-28-bs7902(605m) BS-kP11-22-28-bs8149(709m) BS-kP11-22-28-bs8149(709m),,provisional,15,近くの道路にゲートあり（車両通行止め・季節閉鎖の可能性）、公式情報または2情報源での確認が必要,"OpenStreetMap（© OpenStreetMap contributors, ODbL 1.0）Geofabrik japan-latest.osm.pbf 2026-09-23T20:22:04Z way/457422879 ｜ OpenStreetMap（© OpenStreetMap contributors, ODbL 1.0）Geofabrik japan-latest.osm.pbf 2026-09-23T20:22:04Z node/6437386659（登山道と道路の接続点）",
TH-w55072277,trailhead,山頂 四明が嶽 パーキング,35.0657524,135.8321335,WGS84,590,比叡山,日本三百名山|関西百名山,,駐車場・バス停（林道・車道を経由して登山道へ）,比叡山:0.26km,PK-w55072277(0m) BS-kP11-22-26-bs1898(16m) BS-kP11-22-26-bs1898(16m) BS-kP11-22-26-bs1899(16m),,provisional,15,近くの道路にゲートあり（車両通行止め・季節閉鎖の可能性）、公式情報または2情報源での確認が必要,"OpenStreetMap（© OpenStreetMap contributors, ODbL 1.0）Geofabrik japan-latest.osm.pbf 2026-09-23T20:22:04Z way/55072277 ｜ OpenStreetMap（© OpenStreetMap contributors, ODbL 1.0）Geofabrik japan-latest.osm.pbf 2026-09-23T20:22:04Z node/4956079358（登山道と道路の接続点）",
TH-w572203656,trailhead,比叡山鉄道,35.0685839,135.8615708,WGS84,590,比叡山,日本三百名山|関西百名山,,索道駅（ロープウェイ・ゴンドラ）,比叡山:3.33km,PK-w504920753(126m) PK-w487086184(242m) PK-w434629057(246m) BS-n4326224490(249m) BS-kP11-22-25-bs1810(271m) BS-kP11-22-25-bs1793(565m),,provisional,15,近くの道路にゲートあり（車両通行止め・季節閉鎖の可能性）、公式情報または2情報源での確認が必要,"OpenStreetMap（© OpenStreetMap contributors, ODbL 1.0）Geofabrik japan-latest.osm.pbf 2026-09-23T20:22:04Z way/572203656（索道の端点 node/270866401） ｜ 国土地理院 地名検索「ほうらい丘駅」（35.068150, 135.861279、JGD2011、55m差）2026-09-20確認",2026-09-20
TH-w689696996,trailhead,第１駐車場,34.9612433,136.4539834,WGS84,602 607 609 611 612,御在所岳、鎌ヶ岳、入道ヶ岳、宮指路岳、仙ヶ岳,日本二百名山|日本三百名山|関西百名山|東海の百山,,駐車場・バス停（林道・車道を経由して登山道へ）,御在所岳:10.18km 鎌ヶ岳:7.61km 入道ヶ岳:2.49km 宮指路岳:7.02km 仙ヶ岳:8.88km,PK-w689696996(0m) PK-w867671280(208m) BS-kP11-22-24-bs918(185m) BS-kP11-22-24-bs919(185m) BS-kP11-22-24-bs929(319m),,provisional,15,林道からの入口（マイカー進入可否を要確認）、公式情報または2情報源での確認が必要,"OpenStreetMap（© OpenStreetMap contributors, ODbL 1.0）Geofabrik japan-latest.osm.pbf 2026-09-23T20:22:04Z way/689696996 ｜ OpenStreetMap（© OpenStreetMap contributors, ODbL 1.0）Geofabrik japan-latest.osm.pbf 2026-09-23T20:22:04Z node/1858531291（登山道と道路の接続点）",
TH-w834429510,trailhead,賤ヶ岳リフト,35.503566,136.1923116,WGS84,447,賤ヶ岳,関西百名山|東海の百山,,索道駅（ロープウェイ・ゴンドラ）,賤ヶ岳:0.3km,BS-kP11-22-25-bs67(576m) BS-kP11-22-25-bs65(756m) BS-kP11-22-25-bs57(759m),,provisional,15,公式情報または2情報源での確認が必要,"OpenStreetMap（© OpenStreetMap contributors, ODbL 1.0）Geofabrik japan-latest.osm.pbf 2026-09-23T20:22:04Z way/834429510（索道の端点 node/7789248616）",
TH-w97190003,trailhead,ハチ高原（鉢伏山登山口）,35.3859224,134.5341225,WGS84,483,鉢伏山,関西百名山,,索道駅（ロープウェイ・ゴンドラ）,鉢伏山:2.42km,PK-w74173226(201m) PK-w449142577(376m) PK-w74173233(403m) BS-kP11-22-28-bs899(237m),,provisional,15,公式情報または2情報源での確認が必要,"OpenStreetMap（© OpenStreetMap contributors, ODbL 1.0）Geofabrik japan-latest.osm.pbf 2026-09-23T20:22:04Z way/97190003（索道の端点 node/1125852409） ｜ 登山記録で広く使われている登山口（登山記録・登山情報サイトで名称と利用を確認。公式情報では未確認） 2026-09-24確認",
